FoamFile
{
    version     2.0;
    format      ascii;
    class       dictionary;
    object      blockMeshDict;
}
// Generated by aether.cfd - do not edit by hand. Regenerate from the run config.

scale 1;

vertices
(
    (0 0 -0.03)
    (-0.442868747694 1.88028977323e-16 -0.03)
    (0 0 0)
    (-0.442868747694 1.88028977323e-16 0)
    (0.0112270694097 0.0813007466468 -0.03)
    (-0.433452812276 0.114736023983 -0.03)
    (0.0112270694097 0.0813007466468 0)
    (-0.433452812276 0.114736023983 0)
    (0.0440656401507 0.156517005833 -0.03)
    (-0.407340551963 0.223905536645 -0.03)
    (0.0440656401507 0.156517005833 0)
    (-0.407340551963 0.223905536645 0)
    (0.0960600784898 0.220018468569 -0.03)
    (-0.369936815864 0.322912251994 -0.03)
    (0.0960600784898 0.220018468569 0)
    (-0.369936815864 0.322912251994 0)
    (0.163317254255 0.267053866474 -0.03)
    (-0.327972277679 0.408253380474 -0.03)
    (0.163317254255 0.267053866474 0)
    (-0.327972277679 0.408253380474 0)
    (0.239805325062 0.297344261804 -0.03)
    (-0.285875308283 0.480654095351 -0.03)
    (0.239805325062 0.297344261804 0)
    (-0.285875308283 0.480654095351 0)
    (0.317170616574 0.32550292508 -0.03)
    (-0.235270469639 0.557430387108 -0.03)
    (0.317170616574 0.32550292508 0)
    (-0.235270469639 0.557430387108 0)
    (0.394535908086 0.353661588355 -0.03)
    (-0.173485413058 0.641478780415 -0.03)
    (0.394535908086 0.353661588355 0)
    (-0.173485413058 0.641478780415 0)
    (0.471901199598 0.381820251631 -0.03)
    (-0.0992461474867 0.733213274461 -0.03)
    (0.471901199598 0.381820251631 0)
    (-0.0992461474867 0.733213274461 0)
    (0.54926649111 0.409978914907 -0.03)
    (-0.0113473281511 0.833071365795 -0.03)
    (0.54926649111 0.409978914907 0)
    (-0.0113473281511 0.833071365795 0)
    (0.626631782622 0.438137578183 -0.03)
    (0.0913573969381 0.941545225915 -0.03)
    (0.626631782622 0.438137578183 0)
    (0.0913573969381 0.941545225915 0)
    (0.703997074134 0.466296241458 -0.03)
    (0.209990608924 1.05921524412 -0.03)
    (0.703997074134 0.466296241458 0)
    (0.209990608924 1.05921524412 0)
    (0.781362365646 0.494454904734 -0.03)
    (0.345705889033 1.18678342067 -0.03)
    (0.781362365646 0.494454904734 0)
    (0.345705889033 1.18678342067 0)
    (0.858727657158 0.52261356801 -0.03)
    (0.499754878629 1.32510600996 -0.03)
    (0.858727657158 0.52261356801 0)
    (0.499754878629 1.32510600996 0)
    (0.93609294867 0.550772231285 -0.03)
    (0.673561144328 1.47522664178 -0.03)
    (0.93609294867 0.550772231285 0)
    (0.673561144328 1.47522664178 0)
    (1.01345824018 0.578930894561 -0.03)
    (0.868798631838 1.63841245794 -0.03)
    (1.01345824018 0.578930894561 0)
    (0.868798631838 1.63841245794 0)
    (1.09250436931 0.6 -0.03)
    (1.09250436931 1.82023439332 -0.03)
    (1.09250436931 0.6 0)
    (1.09250436931 1.82023439332 0)
);

blocks
(
    hex (0 4 5 1 2 6 7 3) (4 48 1) simpleGrading (1 4 1)
    hex (4 8 9 5 6 10 11 7) (4 48 1) simpleGrading (1 4 1)
    hex (8 12 13 9 10 14 15 11) (4 48 1) simpleGrading (1 4 1)
    hex (12 16 17 13 14 18 19 15) (4 48 1) simpleGrading (1 4 1)
    hex (16 20 21 17 18 22 23 19) (4 48 1) simpleGrading (1 4 1)
    hex (20 24 25 21 22 26 27 23) (4 48 1) simpleGrading (1 4 1)
    hex (24 28 29 25 26 30 31 27) (4 48 1) simpleGrading (1 4 1)
    hex (28 32 33 29 30 34 35 31) (4 48 1) simpleGrading (1 4 1)
    hex (32 36 37 33 34 38 39 35) (4 48 1) simpleGrading (1 4 1)
    hex (36 40 41 37 38 42 43 39) (4 48 1) simpleGrading (1 4 1)
    hex (40 44 45 41 42 46 47 43) (4 48 1) simpleGrading (1 4 1)
    hex (44 48 49 45 46 50 51 47) (4 48 1) simpleGrading (1 4 1)
    hex (48 52 53 49 50 54 55 51) (4 48 1) simpleGrading (1 4 1)
    hex (52 56 57 53 54 58 59 55) (4 48 1) simpleGrading (1 4 1)
    hex (56 60 61 57 58 62 63 59) (4 48 1) simpleGrading (1 4 1)
    hex (60 64 65 61 62 66 67 63) (4 48 1) simpleGrading (1 4 1)
);

edges
(
    polyLine 0 4 ((2.55539496996e-06 0.00123823683193 -0.03) (1.02215363463e-05 0.00247645256929 -0.03) (2.29982935288e-05 0.00371462611789 -0.03) (4.0885448853e-05 0.00495273638425 -0.03) (6.38826975941e-05 0.00619076227596 -0.03) (9.19896479716e-05 0.00742868270204 -0.03) (0.000125205821157 0.00866647657334 -0.03) (0.000163530651279 0.00990412280283 -0.03) (0.000206963485439 0.011141600306 -0.03) (0.000255503583716 0.0123788880013 -0.03) (0.000309150119182 0.0136159648102 -0.03) (0.000367902177918 0.014852809658 -0.03) (0.000431758759024 0.0160894014739 -0.03) (0.000500718774642 0.0173257191912 -0.03) (0.000574781049972 0.0185617417482 -0.03) (0.000653944323291 0.019797448088 -0.03) (0.000738207245976 0.0210328171591 -0.03) (0.000827568382528 0.0222678279158 -0.03) (0.000922026210592 0.0235024593186 -0.03) (0.00102157912099 0.0247366903343 -0.03) (0.00112622541774 0.0259704999365 -0.03) (0.00123596331809 0.0272038671062 -0.03) (0.00135079095255 0.0284367708317 -0.03) (0.00147070636492 0.0296691901093 -0.03) (0.00159570751233 0.0309011039436 -0.03) (0.00172579226525 0.0321324913477 -0.03) (0.00186095840758 0.0333633313438 -0.03) (0.00200120363663 0.0345936029633 -0.03) (0.00214652556317 0.0358232852473 -0.03) (0.00229692171152 0.037052357247 -0.03) (0.00245238951952 0.0382807980241 -0.03) (0.00261292633864 0.0395085866507 -0.03) (0.00277852943398 0.0407357022104 -0.03) (0.00294919598432 0.041962123798 -0.03) (0.00312492308219 0.0431878305203 -0.03) (0.00330570773393 0.0444128014961 -0.03) (0.00349154685967 0.045637015857 -0.03) (0.00368243729348 0.0468604527472 -0.03) (0.00387837578335 0.0480830913242 -0.03) (0.00407935899129 0.0493049107594 -0.03) (0.00428538349333 0.0505258902377 -0.03) (0.00449644577967 0.0517460089587 -0.03) (0.00471254225465 0.0529652461364 -0.03) (0.00493366923686 0.054183581 -0.03) (0.00515982295919 0.0554009927938 -0.03) (0.00539099956888 0.0566174607782 -0.03) (0.00562719512762 0.0578329642295 -0.03) (0.0058684056116 0.0590474824403 -0.03) (0.00611462691156 0.0602609947202 -0.03) (0.00636585483288 0.0614734803958 -0.03) (0.00662208509564 0.0626849188112 -0.03) (0.00688331333473 0.0638952893285 -0.03) (0.00714953509986 0.0651045713278 -0.03) (0.0074207458557 0.0663127442078 -0.03) (0.00769694098189 0.067519787386 -0.03) (0.0079781157732 0.0687256802995 -0.03) (0.00826426543953 0.0699304024046 -0.03) (0.00855538510606 0.0711339331776 -0.03) (0.00885146981327 0.0723362521154 -0.03) (0.00915251451708 0.0735373387352 -0.03) (0.00945851408889 0.0747371725754 -0.03) (0.00976946331572 0.0759357331956 -0.03) (0.0100853569002 0.0771330001772 -0.03) (0.0104061894609 0.0783289531236 -0.03) (0.010731955532 0.0795235716606 -0.03) (0.0110626495638 0.0807168354367 -0.03))
    polyLine 2 6 ((2.55539496996e-06 0.00123823683193 0) (1.02215363463e-05 0.00247645256929 0) (2.29982935288e-05 0.00371462611789 0) (4.0885448853e-05 0.00495273638425 0) (6.38826975941e-05 0.00619076227596 0) (9.19896479716e-05 0.00742868270204 0) (0.000125205821157 0.00866647657334 0) (0.000163530651279 0.00990412280283 0) (0.000206963485439 0.011141600306 0) (0.000255503583716 0.0123788880013 0) (0.000309150119182 0.0136159648102 0) (0.000367902177918 0.014852809658 0) (0.000431758759024 0.0160894014739 0) (0.000500718774642 0.0173257191912 0) (0.000574781049972 0.0185617417482 0) (0.000653944323291 0.019797448088 0) (0.000738207245976 0.0210328171591 0) (0.000827568382528 0.0222678279158 0) (0.000922026210592 0.0235024593186 0) (0.00102157912099 0.0247366903343 0) (0.00112622541774 0.0259704999365 0) (0.00123596331809 0.0272038671062 0) (0.00135079095255 0.0284367708317 0) (0.00147070636492 0.0296691901093 0) (0.00159570751233 0.0309011039436 0) (0.00172579226525 0.0321324913477 0) (0.00186095840758 0.0333633313438 0) (0.00200120363663 0.0345936029633 0) (0.00214652556317 0.0358232852473 0) (0.00229692171152 0.037052357247 0) (0.00245238951952 0.0382807980241 0) (0.00261292633864 0.0395085866507 0) (0.00277852943398 0.0407357022104 0) (0.00294919598432 0.041962123798 0) (0.00312492308219 0.0431878305203 0) (0.00330570773393 0.0444128014961 0) (0.00349154685967 0.045637015857 0) (0.00368243729348 0.0468604527472 0) (0.00387837578335 0.0480830913242 0) (0.00407935899129 0.0493049107594 0) (0.00428538349333 0.0505258902377 0) (0.00449644577967 0.0517460089587 0) (0.00471254225465 0.0529652461364 0) (0.00493366923686 0.054183581 0) (0.00515982295919 0.0554009927938 0) (0.00539099956888 0.0566174607782 0) (0.00562719512762 0.0578329642295 0) (0.0058684056116 0.0590474824403 0) (0.00611462691156 0.0602609947202 0) (0.00636585483288 0.0614734803958 0) (0.00662208509564 0.0626849188112 0) (0.00688331333473 0.0638952893285 0) (0.00714953509986 0.0651045713278 0) (0.0074207458557 0.0663127442078 0) (0.00769694098189 0.067519787386 0) (0.0079781157732 0.0687256802995 0) (0.00826426543953 0.0699304024046 0) (0.00855538510606 0.0711339331776 0) (0.00885146981327 0.0723362521154 0) (0.00915251451708 0.0735373387352 0) (0.00945851408889 0.0747371725754 0) (0.00976946331572 0.0759357331956 0) (0.0100853569002 0.0771330001772 0) (0.0104061894609 0.0783289531236 0) (0.010731955532 0.0795235716606 0) (0.0110626495638 0.0807168354367 0))
    polyLine 1 5 ((-0.442852205195 0.00480109666539 -0.03) (-0.442802581854 0.00960197687483 -0.03) (-0.442719890137 0.0144024242894 -0.03) (-0.442604150805 0.0192022228043 -0.03) (-0.442455392895 0.0240011566649 -0.03) (-0.44227365369 0.0287990105833 -0.03) (-0.442058978681 0.0335955698535 -0.03) (-0.441811421518 0.0383906204658 -0.03) (-0.441531043963 0.0431839492206 -0.03) (-0.44121791582 0.0479753438405 -0.03) (-0.440872114871 0.0527645930816 -0.03) (-0.440493726794 0.0575514868429 -0.03) (-0.440082845081 0.0623358162743 -0.03) (-0.439639570943 0.067117373883 -0.03) (-0.43916401321 0.0718959536376 -0.03) (-0.438656288228 0.0766713510704 -0.03) (-0.438116519739 0.0814433633778 -0.03) (-0.437544838767 0.0862117895177 -0.03) (-0.436941383489 0.0909764303054 -0.03) (-0.436306299103 0.0957370885062 -0.03) (-0.435639737688 0.100493568926 -0.03) (-0.434941858066 0.105245678498 -0.03) (-0.434212825646 0.10999322637 -0.03))
    polyLine 3 7 ((-0.442852205195 0.00480109666539 0) (-0.442802581854 0.00960197687483 0) (-0.442719890137 0.0144024242894 0) (-0.442604150805 0.0192022228043 0) (-0.442455392895 0.0240011566649 0) (-0.44227365369 0.0287990105833 0) (-0.442058978681 0.0335955698535 0) (-0.441811421518 0.0383906204658 0) (-0.441531043963 0.0431839492206 0) (-0.44121791582 0.0479753438405 0) (-0.440872114871 0.0527645930816 0) (-0.440493726794 0.0575514868429 0) (-0.440082845081 0.0623358162743 0) (-0.439639570943 0.067117373883 0) (-0.43916401321 0.0718959536376 0) (-0.438656288228 0.0766713510704 0) (-0.438116519739 0.0814433633778 0) (-0.437544838767 0.0862117895177 0) (-0.436941383489 0.0909764303054 0) (-0.436306299103 0.0957370885062 0) (-0.435639737688 0.100493568926 0) (-0.434941858066 0.105245678498 0) (-0.434212825646 0.10999322637 0))
    polyLine 4 8 ((0.0113982659226 0.0819087241235 -0.03) (0.0117387988909 0.083099217416 -0.03) (0.0120842426674 0.084288295033 -0.03) (0.012434591367 0.0854759367174 -0.03) (0.0127898390213 0.0866621222367 -0.03) (0.0131499795782 0.087846831383 -0.03) (0.0135150069025 0.0890300439735 -0.03) (0.0138849147755 0.0902117398513 -0.03) (0.0142596968956 0.0913918988848 -0.03) (0.0146393468778 0.0925705009691 -0.03) (0.0150238582545 0.0937475260254 -0.03) (0.0154132244753 0.0949229540019 -0.03) (0.0158074389068 0.0960967648743 -0.03) (0.0162064948333 0.0972689386453 -0.03) (0.0166103854564 0.098439455346 -0.03) (0.0170191038954 0.0996082950354 -0.03) (0.0174326431876 0.100775437801 -0.03) (0.0178509962877 0.10194086376 -0.03) (0.0182741560688 0.103104553058 -0.03) (0.0187021153219 0.10426648587 -0.03) (0.0191348667564 0.105426642402 -0.03) (0.0195724029999 0.106585002888 -0.03) (0.0200147165984 0.107741547597 -0.03) (0.0204618000169 0.108896256824 -0.03) (0.0209136456388 0.110049110898 -0.03) (0.0213702457665 0.111200090179 -0.03) (0.0218315926213 0.112349175059 -0.03) (0.0222976783438 0.113496345962 -0.03) (0.0227684949937 0.114641583345 -0.03) (0.0232440345503 0.115784867699 -0.03) (0.0237242889121 0.116926179545 -0.03) (0.0242092498978 0.11806549944 -0.03) (0.0246989092454 0.119202807976 -0.03) (0.0251932586131 0.120338085776 -0.03) (0.0256922895793 0.121471313501 -0.03) (0.0261959936425 0.122602471845 -0.03) (0.0267043622215 0.123731541537 -0.03) (0.0272173866558 0.124858503343 -0.03) (0.0277350582056 0.125983338064 -0.03) (0.0282573680518 0.127106026536 -0.03) (0.0287843072964 0.128226549635 -0.03) (0.0293158669624 0.12934488827 -0.03) (0.0298520379943 0.130461023391 -0.03) (0.0303928112577 0.131574935981 -0.03) (0.0309381775402 0.132686607066 -0.03) (0.0314881275509 0.133796017706 -0.03) (0.0320426519208 0.134903149001 -0.03) (0.0326017412031 0.136007982091 -0.03) (0.0331653858732 0.137110498153 -0.03) (0.0337335763288 0.138210678406 -0.03) (0.0343063028903 0.139308504106 -0.03) (0.0348835558007 0.140403956551 -0.03) (0.035465325226 0.141497017079 -0.03) (0.0360516012551 0.142587667068 -0.03) (0.0366423739002 0.143675887939 -0.03) (0.0372376330971 0.144761661152 -0.03) (0.0378373687048 0.145844968211 -0.03) (0.0384415705064 0.146925790659 -0.03) (0.0390502282085 0.148004110085 -0.03) (0.0396633314423 0.149079908117 -0.03) (0.0402808697627 0.150153166429 -0.03) (0.0409028326496 0.151223866737 -0.03) (0.0415292095072 0.152291990801 -0.03) (0.0421599896644 0.153357520423 -0.03) (0.0427951623754 0.154420437451 -0.03) (0.0434347168194 0.155480723778 -0.03))
    polyLine 6 10 ((0.0113982659226 0.0819087241235 0) (0.0117387988909 0.083099217416 0) (0.0120842426674 0.084288295033 0) (0.012434591367 0.0854759367174 0) (0.0127898390213 0.0866621222367 0) (0.0131499795782 0.087846831383 0) (0.0135150069025 0.0890300439735 0) (0.0138849147755 0.0902117398513 0) (0.0142596968956 0.0913918988848 0) (0.0146393468778 0.0925705009691 0) (0.0150238582545 0.0937475260254 0) (0.0154132244753 0.0949229540019 0) (0.0158074389068 0.0960967648743 0) (0.0162064948333 0.0972689386453 0) (0.0166103854564 0.098439455346 0) (0.0170191038954 0.0996082950354 0) (0.0174326431876 0.100775437801 0) (0.0178509962877 0.10194086376 0) (0.0182741560688 0.103104553058 0) (0.0187021153219 0.10426648587 0) (0.0191348667564 0.105426642402 0) (0.0195724029999 0.106585002888 0) (0.0200147165984 0.107741547597 0) (0.0204618000169 0.108896256824 0) (0.0209136456388 0.110049110898 0) (0.0213702457665 0.111200090179 0) (0.0218315926213 0.112349175059 0) (0.0222976783438 0.113496345962 0) (0.0227684949937 0.114641583345 0) (0.0232440345503 0.115784867699 0) (0.0237242889121 0.116926179545 0) (0.0242092498978 0.11806549944 0) (0.0246989092454 0.119202807976 0) (0.0251932586131 0.120338085776 0) (0.0256922895793 0.121471313501 0) (0.0261959936425 0.122602471845 0) (0.0267043622215 0.123731541537 0) (0.0272173866558 0.124858503343 0) (0.0277350582056 0.125983338064 0) (0.0282573680518 0.127106026536 0) (0.0287843072964 0.128226549635 0) (0.0293158669624 0.12934488827 0) (0.0298520379943 0.130461023391 0) (0.0303928112577 0.131574935981 0) (0.0309381775402 0.132686607066 0) (0.0314881275509 0.133796017706 0) (0.0320426519208 0.134903149001 0) (0.0326017412031 0.136007982091 0) (0.0331653858732 0.137110498153 0) (0.0337335763288 0.138210678406 0) (0.0343063028903 0.139308504106 0) (0.0348835558007 0.140403956551 0) (0.035465325226 0.141497017079 0) (0.0360516012551 0.142587667068 0) (0.0366423739002 0.143675887939 0) (0.0372376330971 0.144761661152 0) (0.0378373687048 0.145844968211 0) (0.0384415705064 0.146925790659 0) (0.0390502282085 0.148004110085 0) (0.0396633314423 0.149079908117 0) (0.0402808697627 0.150153166429 0) (0.0409028326496 0.151223866737 0) (0.0415292095072 0.152291990801 0) (0.0421599896644 0.153357520423 0) (0.0427951623754 0.154420437451 0) (0.0434347168194 0.155480723778 0))
    polyLine 5 9 ((-0.432682452359 0.119353666225 -0.03) (-0.431883004238 0.123966449355 -0.03) (-0.431054643782 0.128574205524 -0.03) (-0.43019755208 0.13317676922 -0.03) (-0.429311915297 0.137773977325 -0.03) (-0.428397924508 0.142365669171 -0.03) (-0.427455775552 0.146951686593 -0.03) (-0.426485668865 0.151531873983 -0.03) (-0.425487809321 0.156106078332 -0.03) (-0.424462406071 0.160674149277 -0.03) (-0.423409672375 0.165235939145 -0.03) (-0.422329825442 0.16979130299 -0.03) (-0.421223086258 0.174340098626 -0.03) (-0.420089679424 0.178882186667 -0.03) (-0.418929832988 0.183417430554 -0.03) (-0.417743778274 0.18794569658 -0.03) (-0.416531749721 0.192466853922 -0.03) (-0.415293984713 0.196980774655 -0.03) (-0.414030723411 0.201487333779 -0.03) (-0.412742208591 0.205986409231 -0.03) (-0.41142868548 0.210477881901 -0.03) (-0.410090401587 0.214961635644 -0.03) (-0.408727606549 0.219437557289 -0.03))
    polyLine 7 11 ((-0.432682452359 0.119353666225 0) (-0.431883004238 0.123966449355 0) (-0.431054643782 0.128574205524 0) (-0.43019755208 0.13317676922 0) (-0.429311915297 0.137773977325 0) (-0.428397924508 0.142365669171 0) (-0.427455775552 0.146951686593 0) (-0.426485668865 0.151531873983 0) (-0.425487809321 0.156106078332 0) (-0.424462406071 0.160674149277 0) (-0.423409672375 0.165235939145 0) (-0.422329825442 0.16979130299 0) (-0.421223086258 0.174340098626 0) (-0.420089679424 0.178882186667 0) (-0.418929832988 0.183417430554 0) (-0.417743778274 0.18794569658 0) (-0.416531749721 0.192466853922 0) (-0.415293984713 0.196980774655 0) (-0.414030723411 0.201487333779 0) (-0.412742208591 0.205986409231 0) (-0.41142868548 0.210477881901 0) (-0.410090401587 0.214961635644 0) (-0.408727606549 0.219437557289 0))
    polyLine 8 12 ((0.044078642101 0.15653836134 -0.03) (0.0447269272502 0.157593332121 -0.03) (0.045379561223 0.158645618146 -0.03) (0.046036532901 0.15969520149 -0.03) (0.0466978310921 0.160742064272 -0.03) (0.0473634445305 0.161786188658 -0.03) (0.0480333618767 0.16282755686 -0.03) (0.0487075717182 0.163866151136 -0.03) (0.049386062569 0.164901953795 -0.03) (0.0500688228705 0.165934947189 -0.03) (0.0507558409911 0.166965113721 -0.03) (0.0514471052268 0.167992435841 -0.03) (0.0521426038014 0.169016896048 -0.03) (0.0528423248662 0.170038476888 -0.03) (0.0535462565009 0.171057160959 -0.03) (0.0542543867133 0.172072930905 -0.03) (0.0549667034397 0.173085769423 -0.03) (0.0556831945452 0.174095659258 -0.03) (0.0564038478235 0.175102583204 -0.03) (0.0571286509978 0.176106524109 -0.03) (0.0578575917202 0.177107464869 -0.03) (0.0585906575725 0.178105388433 -0.03) (0.0593278360663 0.179100277798 -0.03) (0.060069114643 0.180092116018 -0.03) (0.0608144806743 0.181080886194 -0.03) (0.061563921462 0.182066571483 -0.03) (0.0623174242388 0.183049155091 -0.03) (0.0630749761679 0.18402862028 -0.03) (0.0638365643438 0.185004950364 -0.03) (0.0646021757921 0.185978128709 -0.03) (0.0653717974698 0.186948138738 -0.03) (0.0661454162657 0.187914963924 -0.03) (0.0669230190005 0.188878587797 -0.03) (0.0677045924269 0.189838993941 -0.03) (0.06849012323 0.190796165994 -0.03) (0.0692795980277 0.19175008765 -0.03) (0.0700730033704 0.192700742658 -0.03) (0.0708703257417 0.193648114822 -0.03) (0.0716715515584 0.194592188004 -0.03) (0.072476667171 0.19553294612 -0.03) (0.0732856588634 0.196470373143 -0.03) (0.0740985128537 0.197404453103 -0.03) (0.0749152152942 0.198335170088 -0.03) (0.0757357522715 0.199262508242 -0.03) (0.076560109807 0.200186451766 -0.03) (0.077388273857 0.20110698492 -0.03) (0.0782202303129 0.202024092023 -0.03) (0.0790559650015 0.202937757449 -0.03) (0.0798954636853 0.203847965635 -0.03) (0.0807387120626 0.204754701074 -0.03) (0.0815856957679 0.205657948319 -0.03) (0.0824364003719 0.206557691982 -0.03) (0.0832908113821 0.207453916735 -0.03) (0.0841489142427 0.20834660731 -0.03) (0.0850106943353 0.209235748499 -0.03) (0.0858761369784 0.210121325155 -0.03) (0.0867452274285 0.211003322191 -0.03) (0.0876179508797 0.211881724581 -0.03) (0.0884942924644 0.212756517362 -0.03) (0.0893742372532 0.213627685629 -0.03) (0.0902577702555 0.214495214543 -0.03) (0.0911448764193 0.215359089323 -0.03) (0.0920355406321 0.216219295253 -0.03) (0.0929297477204 0.217075817679 -0.03) (0.0938274824505 0.217928642008 -0.03) (0.0947287295288 0.218777753712 -0.03) (0.0956334736016 0.219623138325 -0.03))
    polyLine 10 14 ((0.044078642101 0.15653836134 0) (0.0447269272502 0.157593332121 0) (0.045379561223 0.158645618146 0) (0.046036532901 0.15969520149 0) (0.0466978310921 0.160742064272 0) (0.0473634445305 0.161786188658 0) (0.0480333618767 0.16282755686 0) (0.0487075717182 0.163866151136 0) (0.049386062569 0.164901953795 0) (0.0500688228705 0.165934947189 0) (0.0507558409911 0.166965113721 0) (0.0514471052268 0.167992435841 0) (0.0521426038014 0.169016896048 0) (0.0528423248662 0.170038476888 0) (0.0535462565009 0.171057160959 0) (0.0542543867133 0.172072930905 0) (0.0549667034397 0.173085769423 0) (0.0556831945452 0.174095659258 0) (0.0564038478235 0.175102583204 0) (0.0571286509978 0.176106524109 0) (0.0578575917202 0.177107464869 0) (0.0585906575725 0.178105388433 0) (0.0593278360663 0.179100277798 0) (0.060069114643 0.180092116018 0) (0.0608144806743 0.181080886194 0) (0.061563921462 0.182066571483 0) (0.0623174242388 0.183049155091 0) (0.0630749761679 0.18402862028 0) (0.0638365643438 0.185004950364 0) (0.0646021757921 0.185978128709 0) (0.0653717974698 0.186948138738 0) (0.0661454162657 0.187914963924 0) (0.0669230190005 0.188878587797 0) (0.0677045924269 0.189838993941 0) (0.06849012323 0.190796165994 0) (0.0692795980277 0.19175008765 0) (0.0700730033704 0.192700742658 0) (0.0708703257417 0.193648114822 0) (0.0716715515584 0.194592188004 0) (0.072476667171 0.19553294612 0) (0.0732856588634 0.196470373143 0) (0.0740985128537 0.197404453103 0) (0.0749152152942 0.198335170088 0) (0.0757357522715 0.199262508242 0) (0.076560109807 0.200186451766 0) (0.077388273857 0.20110698492 0) (0.0782202303129 0.202024092023 0) (0.0790559650015 0.202937757449 0) (0.0798954636853 0.203847965635 0) (0.0807387120626 0.204754701074 0) (0.0815856957679 0.205657948319 0) (0.0824364003719 0.206557691982 0) (0.0832908113821 0.207453916735 0) (0.0841489142427 0.20834660731 0) (0.0850106943353 0.209235748499 0) (0.0858761369784 0.210121325155 0) (0.0867452274285 0.211003322191 0) (0.0876179508797 0.211881724581 0) (0.0884942924644 0.212756517362 0) (0.0893742372532 0.213627685629 0) (0.0902577702555 0.214495214543 0) (0.0911448764193 0.215359089323 0) (0.0920355406321 0.216219295253 0) (0.0929297477204 0.217075817679 0) (0.0938274824505 0.217928642008 0) (0.0947287295288 0.218777753712 0) (0.0956334736016 0.219623138325 0))
    polyLine 9 13 ((-0.406007620183 0.228120691507 -0.03) (-0.404653462397 0.232328568847 -0.03) (-0.403278295051 0.236529083006 -0.03) (-0.401882335679 0.240722150709 -0.03) (-0.400465802779 0.244907691055 -0.03) (-0.399028915705 0.249085625518 -0.03) (-0.397571894558 0.253255877935 -0.03) (-0.396094960077 0.257418374506 -0.03) (-0.39459833353 0.261573043775 -0.03) (-0.393082236612 0.265719816628 -0.03) (-0.39154689134 0.269858626276 -0.03) (-0.389992519956 0.273989408245 -0.03) (-0.388419344826 0.27811210036 -0.03) (-0.386827588345 0.282226642731 -0.03) (-0.385217472844 0.286332977734 -0.03) (-0.383589220496 0.290431049998 -0.03) (-0.381943053228 0.294520806383 -0.03) (-0.380279192636 0.29860219596 -0.03) (-0.378597859897 0.302675169994 -0.03) (-0.37689927569 0.30673968192 -0.03) (-0.375183660114 0.310795687324 -0.03) (-0.373451232611 0.314843143915 -0.03) (-0.371702211893 0.318882011507 -0.03))
    polyLine 11 15 ((-0.406007620183 0.228120691507 0) (-0.404653462397 0.232328568847 0) (-0.403278295051 0.236529083006 0) (-0.401882335679 0.240722150709 0) (-0.400465802779 0.244907691055 0) (-0.399028915705 0.249085625518 0) (-0.397571894558 0.253255877935 0) (-0.396094960077 0.257418374506 0) (-0.39459833353 0.261573043775 0) (-0.393082236612 0.265719816628 0) (-0.39154689134 0.269858626276 0) (-0.389992519956 0.273989408245 0) (-0.388419344826 0.27811210036 0) (-0.386827588345 0.282226642731 0) (-0.385217472844 0.286332977734 0) (-0.383589220496 0.290431049998 0) (-0.381943053228 0.294520806383 0) (-0.380279192636 0.29860219596 0) (-0.378597859897 0.302675169994 0) (-0.37689927569 0.30673968192 0) (-0.375183660114 0.310795687324 0) (-0.373451232611 0.314843143915 0) (-0.371702211893 0.318882011507 0))
    polyLine 12 16 ((0.0965416992556 0.220464781446 -0.03) (0.0974533910184 0.221302668737 -0.03) (0.0983685333585 0.222136785923 -0.03) (0.0992871106855 0.222967118793 -0.03) (0.10020910735 0.223793653204 -0.03) (0.101134507646 0.224616375073 -0.03) (0.102063295808 0.225435270385 -0.03) (0.102995456013 0.22625032519 -0.03) (0.103930972381 0.227061525601 -0.03) (0.104869828974 0.227868857801 -0.03) (0.105812009798 0.228672308033 -0.03) (0.106757498802 0.229471862612 -0.03) (0.107706279879 0.230267507917 -0.03) (0.108658336866 0.231059230391 -0.03) (0.109613653542 0.231847016548 -0.03) (0.110572213634 0.232630852968 -0.03) (0.111534000811 0.233410726296 -0.03) (0.112498998689 0.234186623246 -0.03) (0.113467190828 0.234958530601 -0.03) (0.114438560733 0.235726435211 -0.03) (0.115413091857 0.236490323992 -0.03) (0.116390767597 0.237250183933 -0.03) (0.117371571297 0.238006002087 -0.03) (0.11835548625 0.238757765579 -0.03) (0.119342495692 0.239505461602 -0.03) (0.12033258281 0.240249077418 -0.03) (0.121325730736 0.240988600359 -0.03) (0.12232192255 0.241724017826 -0.03) (0.123321141283 0.24245531729 -0.03) (0.12432336991 0.243182486294 -0.03) (0.125328591359 0.243905512449 -0.03) (0.126336788504 0.244624383439 -0.03) (0.127347944169 0.245339087015 -0.03) (0.128362041129 0.246049611003 -0.03) (0.129379062108 0.246755943298 -0.03) (0.130398989779 0.247458071867 -0.03) (0.131421806767 0.248155984748 -0.03) (0.132447495648 0.248849670053 -0.03) (0.133476038948 0.249539115963 -0.03) (0.134507419144 0.250224310733 -0.03) (0.135541618667 0.25090524269 -0.03) (0.136578619896 0.251581900233 -0.03) (0.137618405167 0.252254271836 -0.03) (0.138660956766 0.252922346044 -0.03) (0.139706256931 0.253586111475 -0.03) (0.140754287854 0.254245556821 -0.03) (0.141805031683 0.254900670849 -0.03) (0.142858470515 0.255551442397 -0.03) (0.143914586406 0.25619786038 -0.03) (0.144973361362 0.256839913784 -0.03) (0.146034777347 0.257477591672 -0.03) (0.147098816278 0.258110883181 -0.03) (0.148165460028 0.258739777521 -0.03) (0.149234690427 0.259364263979 -0.03) (0.150306489259 0.259984331916 -0.03) (0.151380838264 0.260599970769 -0.03) (0.15245771914 0.26121117005 -0.03) (0.153537113542 0.261817919345 -0.03) (0.15461900308 0.26242020832 -0.03) (0.155703369324 0.263018026712 -0.03) (0.156790193801 0.263611364339 -0.03) (0.157879457995 0.26420021109 -0.03) (0.15897114335 0.264784556936 -0.03) (0.160065231268 0.265364391922 -0.03) (0.16116170311 0.265939706168 -0.03) (0.162260540196 0.266510489874 -0.03))
    polyLine 14 18 ((0.0965416992556 0.220464781446 0) (0.0974533910184 0.221302668737 0) (0.0983685333585 0.222136785923 0) (0.0992871106855 0.222967118793 0) (0.10020910735 0.223793653204 0) (0.101134507646 0.224616375073 0) (0.102063295808 0.225435270385 0) (0.102995456013 0.22625032519 0) (0.103930972381 0.227061525601 0) (0.104869828974 0.227868857801 0) (0.105812009798 0.228672308033 0) (0.106757498802 0.229471862612 0) (0.107706279879 0.230267507917 0) (0.108658336866 0.231059230391 0) (0.109613653542 0.231847016548 0) (0.110572213634 0.232630852968 0) (0.111534000811 0.233410726296 0) (0.112498998689 0.234186623246 0) (0.113467190828 0.234958530601 0) (0.114438560733 0.235726435211 0) (0.115413091857 0.236490323992 0) (0.116390767597 0.237250183933 0) (0.117371571297 0.238006002087 0) (0.11835548625 0.238757765579 0) (0.119342495692 0.239505461602 0) (0.12033258281 0.240249077418 0) (0.121325730736 0.240988600359 0) (0.12232192255 0.241724017826 0) (0.123321141283 0.24245531729 0) (0.12432336991 0.243182486294 0) (0.125328591359 0.243905512449 0) (0.126336788504 0.244624383439 0) (0.127347944169 0.245339087015 0) (0.128362041129 0.246049611003 0) (0.129379062108 0.246755943298 0) (0.130398989779 0.247458071867 0) (0.131421806767 0.248155984748 0) (0.132447495648 0.248849670053 0) (0.133476038948 0.249539115963 0) (0.134507419144 0.250224310733 0) (0.135541618667 0.25090524269 0) (0.136578619896 0.251581900233 0) (0.137618405167 0.252254271836 0) (0.138660956766 0.252922346044 0) (0.139706256931 0.253586111475 0) (0.140754287854 0.254245556821 0) (0.141805031683 0.254900670849 0) (0.142858470515 0.255551442397 0) (0.143914586406 0.25619786038 0) (0.144973361362 0.256839913784 0) (0.146034777347 0.257477591672 0) (0.147098816278 0.258110883181 0) (0.148165460028 0.258739777521 0) (0.149234690427 0.259364263979 0) (0.150306489259 0.259984331916 0) (0.151380838264 0.260599970769 0) (0.15245771914 0.26121117005 0) (0.153537113542 0.261817919345 0) (0.15461900308 0.26242020832 0) (0.155703369324 0.263018026712 0) (0.156790193801 0.263611364339 0) (0.157879457995 0.26420021109 0) (0.15897114335 0.264784556936 0) (0.160065231268 0.265364391922 0) (0.16116170311 0.265939706168 0) (0.162260540196 0.266510489874 0))
    polyLine 13 17 ((-0.368325511515 0.326551448107 -0.03) (-0.366701138384 0.330183526325 -0.03) (-0.365063855912 0.333808462715 -0.03) (-0.363413822827 0.337426234676 -0.03) (-0.361751197112 0.341036820914 -0.03) (-0.360076135968 0.344640201434 -0.03) (-0.358388795775 0.348236357519 -0.03) (-0.356689332064 0.351825271714 -0.03) (-0.354977899482 0.355406927807 -0.03) (-0.353254651764 0.358981310817 -0.03) (-0.351519741699 0.362548406971 -0.03) (-0.349773321104 0.36610820369 -0.03) (-0.348015540798 0.36966068957 -0.03) (-0.346246550574 0.373205854365 -0.03) (-0.344466499174 0.376743688969 -0.03) (-0.342675534267 0.380274185396 -0.03) (-0.340873802425 0.383797336768 -0.03) (-0.339061449101 0.387313137289 -0.03) (-0.337238618612 0.390821582235 -0.03) (-0.335405454115 0.394322667931 -0.03) (-0.333562097591 0.397816391734 -0.03) (-0.331708689829 0.401302752017 -0.03) (-0.329845370407 0.404781748147 -0.03))
    polyLine 15 19 ((-0.368325511515 0.326551448107 0) (-0.366701138384 0.330183526325 0) (-0.365063855912 0.333808462715 0) (-0.363413822827 0.337426234676 0) (-0.361751197112 0.341036820914 0) (-0.360076135968 0.344640201434 0) (-0.358388795775 0.348236357519 0) (-0.356689332064 0.351825271714 0) (-0.354977899482 0.355406927807 0) (-0.353254651764 0.358981310817 0) (-0.351519741699 0.362548406971 0) (-0.349773321104 0.36610820369 0) (-0.348015540798 0.36966068957 0) (-0.346246550574 0.373205854365 0) (-0.344466499174 0.376743688969 0) (-0.342675534267 0.380274185396 0) (-0.340873802425 0.383797336768 0) (-0.339061449101 0.387313137289 0) (-0.337238618612 0.390821582235 0) (-0.335405454115 0.394322667931 0) (-0.333562097591 0.397816391734 0) (-0.331708689829 0.401302752017 0) (-0.329845370407 0.404781748147 0))
    polyLine 16 20 ((0.163361723808 0.267076733317 -0.03) (0.164465235184 0.267638426849 -0.03) (0.165571055526 0.268195560902 -0.03) (0.166679165995 0.268748125985 -0.03) (0.167789547713 0.269296112683 -0.03) (0.168902181764 0.269839511662 -0.03) (0.170017049194 0.270378313664 -0.03) (0.171134131008 0.27091250951 -0.03) (0.172253408177 0.2714420901 -0.03) (0.173374861633 0.271967046411 -0.03) (0.17449847227 0.272487369501 -0.03) (0.175624220947 0.273003050505 -0.03) (0.176752088486 0.273514080638 -0.03) (0.177882055672 0.274020451195 -0.03) (0.179014103255 0.274522153548 -0.03) (0.18014821195 0.275019179151 -0.03) (0.181284362436 0.275511519537 -0.03) (0.182422535357 0.275999166318 -0.03) (0.183562711324 0.276482111186 -0.03) (0.184704870913 0.276960345914 -0.03) (0.185848994666 0.277433862355 -0.03) (0.186995063092 0.277902652442 -0.03) (0.188143056666 0.278366708189 -0.03) (0.189292955831 0.27882602169 -0.03) (0.190444740998 0.27928058512 -0.03) (0.191598392544 0.279730390735 -0.03) (0.192753890816 0.280175430873 -0.03) (0.19391121613 0.280615697952 -0.03) (0.195070348769 0.281051184471 -0.03) (0.196231268985 0.281481883011 -0.03) (0.197393957002 0.281907786236 -0.03) (0.198559124799 0.282331872632 -0.03) (0.199724292596 0.282755959028 -0.03) (0.200889460393 0.283180045424 -0.03) (0.20205462819 0.28360413182 -0.03) (0.203219795987 0.284028218216 -0.03) (0.204384963784 0.284452304612 -0.03) (0.20555013158 0.284876391008 -0.03) (0.206715299377 0.285300477404 -0.03) (0.207880467174 0.2857245638 -0.03) (0.209045634971 0.286148650196 -0.03) (0.210210802768 0.286572736592 -0.03) (0.211375970565 0.286996822988 -0.03) (0.212541138362 0.287420909384 -0.03) (0.213706306159 0.28784499578 -0.03) (0.214871473955 0.288269082176 -0.03) (0.216036641752 0.288693168572 -0.03) (0.217201809549 0.289117254968 -0.03) (0.218366977346 0.289541341364 -0.03) (0.219532145143 0.28996542776 -0.03) (0.22069731294 0.290389514156 -0.03) (0.221862480737 0.290813600552 -0.03) (0.223027648533 0.291237686947 -0.03) (0.22419281633 0.291661773343 -0.03) (0.225357984127 0.292085859739 -0.03) (0.226523151924 0.292509946135 -0.03) (0.227688319721 0.292934032531 -0.03) (0.228853487518 0.293358118927 -0.03) (0.230018655315 0.293782205323 -0.03) (0.231183823112 0.294206291719 -0.03) (0.232348990908 0.294630378115 -0.03) (0.233514158705 0.295054464511 -0.03) (0.234679326502 0.295478550907 -0.03) (0.235844494299 0.295902637303 -0.03) (0.237009662096 0.296326723699 -0.03) (0.238174829893 0.296750810095 -0.03) (0.23933999769 0.297174896491 -0.03))
    polyLine 18 22 ((0.163361723808 0.267076733317 0) (0.164465235184 0.267638426849 0) (0.165571055526 0.268195560902 0) (0.166679165995 0.268748125985 0) (0.167789547713 0.269296112683 0) (0.168902181764 0.269839511662 0) (0.170017049194 0.270378313664 0) (0.171134131008 0.27091250951 0) (0.172253408177 0.2714420901 0) (0.173374861633 0.271967046411 0) (0.17449847227 0.272487369501 0) (0.175624220947 0.273003050505 0) (0.176752088486 0.273514080638 0) (0.177882055672 0.274020451195 0) (0.179014103255 0.274522153548 0) (0.18014821195 0.275019179151 0) (0.181284362436 0.275511519537 0) (0.182422535357 0.275999166318 0) (0.183562711324 0.276482111186 0) (0.184704870913 0.276960345914 0) (0.185848994666 0.277433862355 0) (0.186995063092 0.277902652442 0) (0.188143056666 0.278366708189 0) (0.189292955831 0.27882602169 0) (0.190444740998 0.27928058512 0) (0.191598392544 0.279730390735 0) (0.192753890816 0.280175430873 0) (0.19391121613 0.280615697952 0) (0.195070348769 0.281051184471 0) (0.196231268985 0.281481883011 0) (0.197393957002 0.281907786236 0) (0.198559124799 0.282331872632 0) (0.199724292596 0.282755959028 0) (0.200889460393 0.283180045424 0) (0.20205462819 0.28360413182 0) (0.203219795987 0.284028218216 0) (0.204384963784 0.284452304612 0) (0.20555013158 0.284876391008 0) (0.206715299377 0.285300477404 0) (0.207880467174 0.2857245638 0) (0.209045634971 0.286148650196 0) (0.210210802768 0.286572736592 0) (0.211375970565 0.286996822988 0) (0.212541138362 0.287420909384 0) (0.213706306159 0.28784499578 0) (0.214871473955 0.288269082176 0) (0.216036641752 0.288693168572 0) (0.217201809549 0.289117254968 0) (0.218366977346 0.289541341364 0) (0.219532145143 0.28996542776 0) (0.22069731294 0.290389514156 0) (0.221862480737 0.290813600552 0) (0.223027648533 0.291237686947 0) (0.22419281633 0.291661773343 0) (0.225357984127 0.292085859739 0) (0.226523151924 0.292509946135 0) (0.227688319721 0.292934032531 0) (0.228853487518 0.293358118927 0) (0.230018655315 0.293782205323 0) (0.231183823112 0.294206291719 0) (0.232348990908 0.294630378115 0) (0.233514158705 0.295054464511 0) (0.234679326502 0.295478550907 0) (0.235844494299 0.295902637303 0) (0.237009662096 0.296326723699 0) (0.238174829893 0.296750810095 0) (0.23933999769 0.297174896491 0))
    polyLine 17 21 ((-0.326297248552 0.411336698536 -0.03) (-0.32461468362 0.414414187221 -0.03) (-0.322924677897 0.417485848664 -0.03) (-0.321227325596 0.42055168557 -0.03) (-0.319522720125 0.423611701207 -0.03) (-0.317810954082 0.426665899396 -0.03) (-0.316092119249 0.429714284499 -0.03) (-0.314366306586 0.432756861413 -0.03) (-0.312633606229 0.435793635558 -0.03) (-0.310894107484 0.438824612869 -0.03) (-0.309147898826 0.441849799785 -0.03) (-0.307395067892 0.444869203241 -0.03) (-0.305635701481 0.447882830658 -0.03) (-0.303869885551 0.450890689933 -0.03) (-0.302097705214 0.453892789432 -0.03) (-0.30031924474 0.456889137979 -0.03) (-0.29853458755 0.459879744849 -0.03) (-0.296743816217 0.462864619756 -0.03) (-0.294947012466 0.465843772847 -0.03) (-0.29314425717 0.468817214692 -0.03) (-0.291335630354 0.471784956276 -0.03) (-0.289521211192 0.47474700899 -0.03) (-0.28770107801 0.477703384623 -0.03))
    polyLine 19 23 ((-0.326297248552 0.411336698536 0) (-0.32461468362 0.414414187221 0) (-0.322924677897 0.417485848664 0) (-0.321227325596 0.42055168557 0) (-0.319522720125 0.423611701207 0) (-0.317810954082 0.426665899396 0) (-0.316092119249 0.429714284499 0) (-0.314366306586 0.432756861413 0) (-0.312633606229 0.435793635558 0) (-0.310894107484 0.438824612869 0) (-0.309147898826 0.441849799785 0) (-0.307395067892 0.444869203241 0) (-0.305635701481 0.447882830658 0) (-0.303869885551 0.450890689933 0) (-0.302097705214 0.453892789432 0) (-0.30031924474 0.456889137979 0) (-0.29853458755 0.459879744849 0) (-0.296743816217 0.462864619756 0) (-0.294947012466 0.465843772847 0) (-0.29314425717 0.468817214692 0) (-0.291335630354 0.471784956276 0) (-0.289521211192 0.47474700899 0) (-0.28770107801 0.477703384623 0))
    polyLine 20 24 ((0.240505165487 0.297598982887 -0.03) (0.241670333283 0.298023069283 -0.03) (0.24283550108 0.298447155679 -0.03) (0.244000668877 0.298871242075 -0.03) (0.245165836674 0.299295328471 -0.03) (0.246331004471 0.299719414867 -0.03) (0.247496172268 0.300143501263 -0.03) (0.248661340065 0.300567587659 -0.03) (0.249826507862 0.300991674055 -0.03) (0.250991675658 0.301415760451 -0.03) (0.252156843455 0.301839846847 -0.03) (0.253322011252 0.302263933243 -0.03) (0.254487179049 0.302688019639 -0.03) (0.255652346846 0.303112106035 -0.03) (0.256817514643 0.303536192431 -0.03) (0.25798268244 0.303960278827 -0.03) (0.259147850237 0.304384365223 -0.03) (0.260313018033 0.304808451619 -0.03) (0.26147818583 0.305232538015 -0.03) (0.262643353627 0.305656624411 -0.03) (0.263808521424 0.306080710807 -0.03) (0.264973689221 0.306504797203 -0.03) (0.266138857018 0.306928883599 -0.03) (0.267304024815 0.307352969995 -0.03) (0.268469192612 0.307777056391 -0.03) (0.269634360408 0.308201142787 -0.03) (0.270799528205 0.308625229183 -0.03) (0.271964696002 0.309049315579 -0.03) (0.273129863799 0.309473401975 -0.03) (0.274295031596 0.309897488371 -0.03) (0.275460199393 0.310321574767 -0.03) (0.27662536719 0.310745661163 -0.03) (0.277790534986 0.311169747559 -0.03) (0.278955702783 0.311593833955 -0.03) (0.28012087058 0.312017920351 -0.03) (0.281286038377 0.312442006747 -0.03) (0.282451206174 0.312866093143 -0.03) (0.283616373971 0.313290179539 -0.03) (0.284781541768 0.313714265935 -0.03) (0.285946709565 0.314138352331 -0.03) (0.287111877361 0.314562438727 -0.03) (0.288277045158 0.314986525123 -0.03) (0.289442212955 0.315410611519 -0.03) (0.290607380752 0.315834697915 -0.03) (0.291772548549 0.316258784311 -0.03) (0.292937716346 0.316682870707 -0.03) (0.294102884143 0.317106957103 -0.03) (0.29526805194 0.317531043499 -0.03) (0.296433219736 0.317955129895 -0.03) (0.297598387533 0.318379216291 -0.03) (0.29876355533 0.318803302687 -0.03) (0.299928723127 0.319227389083 -0.03) (0.301093890924 0.319651475479 -0.03) (0.302259058721 0.320075561875 -0.03) (0.303424226518 0.320499648271 -0.03) (0.304589394315 0.320923734667 -0.03) (0.305754562111 0.321347821063 -0.03) (0.306919729908 0.321771907459 -0.03) (0.308084897705 0.322195993855 -0.03) (0.309250065502 0.322620080251 -0.03) (0.310415233299 0.323044166647 -0.03) (0.311580401096 0.323468253043 -0.03) (0.312745568893 0.323892339438 -0.03) (0.31391073669 0.324316425834 -0.03) (0.315075904486 0.32474051223 -0.03) (0.316241072283 0.325164598626 -0.03))
    polyLine 22 26 ((0.240505165487 0.297598982887 0) (0.241670333283 0.298023069283 0) (0.24283550108 0.298447155679 0) (0.244000668877 0.298871242075 0) (0.245165836674 0.299295328471 0) (0.246331004471 0.299719414867 0) (0.247496172268 0.300143501263 0) (0.248661340065 0.300567587659 0) (0.249826507862 0.300991674055 0) (0.250991675658 0.301415760451 0) (0.252156843455 0.301839846847 0) (0.253322011252 0.302263933243 0) (0.254487179049 0.302688019639 0) (0.255652346846 0.303112106035 0) (0.256817514643 0.303536192431 0) (0.25798268244 0.303960278827 0) (0.259147850237 0.304384365223 0) (0.260313018033 0.304808451619 0) (0.26147818583 0.305232538015 0) (0.262643353627 0.305656624411 0) (0.263808521424 0.306080710807 0) (0.264973689221 0.306504797203 0) (0.266138857018 0.306928883599 0) (0.267304024815 0.307352969995 0) (0.268469192612 0.307777056391 0) (0.269634360408 0.308201142787 0) (0.270799528205 0.308625229183 0) (0.271964696002 0.309049315579 0) (0.273129863799 0.309473401975 0) (0.274295031596 0.309897488371 0) (0.275460199393 0.310321574767 0) (0.27662536719 0.310745661163 0) (0.277790534986 0.311169747559 0) (0.278955702783 0.311593833955 0) (0.28012087058 0.312017920351 0) (0.281286038377 0.312442006747 0) (0.282451206174 0.312866093143 0) (0.283616373971 0.313290179539 0) (0.284781541768 0.313714265935 0) (0.285946709565 0.314138352331 0) (0.287111877361 0.314562438727 0) (0.288277045158 0.314986525123 0) (0.289442212955 0.315410611519 0) (0.290607380752 0.315834697915 0) (0.291772548549 0.316258784311 0) (0.292937716346 0.316682870707 0) (0.294102884143 0.317106957103 0) (0.29526805194 0.317531043499 0) (0.296433219736 0.317955129895 0) (0.297598387533 0.318379216291 0) (0.29876355533 0.318803302687 0) (0.299928723127 0.319227389083 0) (0.301093890924 0.319651475479 0) (0.302259058721 0.320075561875 0) (0.303424226518 0.320499648271 0) (0.304589394315 0.320923734667 0) (0.305754562111 0.321347821063 0) (0.306919729908 0.321771907459 0) (0.308084897705 0.322195993855 0) (0.309250065502 0.322620080251 0) (0.310415233299 0.323044166647 0) (0.311580401096 0.323468253043 0) (0.312745568893 0.323892339438 0) (0.31391073669 0.324316425834 0) (0.315075904486 0.32474051223 0) (0.316241072283 0.325164598626 0))
    polyLine 21 25 ((-0.283836651148 0.483931656145 -0.03) (-0.281791210684 0.487202232575 -0.03) (-0.279739090012 0.490465843059 -0.03) (-0.277680390961 0.493722506558 -0.03) (-0.275615214066 0.496972242565 -0.03) (-0.273543658571 0.500215071091 -0.03) (-0.271465822438 0.50345101265 -0.03) (-0.269381802344 0.506680088251 -0.03) (-0.267291693693 0.509902319381 -0.03) (-0.265195590616 0.513117727992 -0.03) (-0.263093585976 0.516326336493 -0.03) (-0.260985771376 0.519528167734 -0.03) (-0.258872237166 0.522723244996 -0.03) (-0.256753072445 0.525911591979 -0.03) (-0.25462836507 0.529093232788 -0.03) (-0.252498201661 0.532268191927 -0.03) (-0.250362667612 0.535436494283 -0.03) (-0.248221847093 0.538598165115 -0.03) (-0.246075823061 0.541753230047 -0.03) (-0.243924677265 0.544901715055 -0.03) (-0.241768490255 0.548043646456 -0.03) (-0.239607341392 0.5511790509 -0.03) (-0.237441308853 0.554307955356 -0.03))
    polyLine 23 27 ((-0.283836651148 0.483931656145 0) (-0.281791210684 0.487202232575 0) (-0.279739090012 0.490465843059 0) (-0.277680390961 0.493722506558 0) (-0.275615214066 0.496972242565 0) (-0.273543658571 0.500215071091 0) (-0.271465822438 0.50345101265 0) (-0.269381802344 0.506680088251 0) (-0.267291693693 0.509902319381 0) (-0.265195590616 0.513117727992 0) (-0.263093585976 0.516326336493 0) (-0.260985771376 0.519528167734 0) (-0.258872237166 0.522723244996 0) (-0.256753072445 0.525911591979 0) (-0.25462836507 0.529093232788 0) (-0.252498201661 0.532268191927 0) (-0.250362667612 0.535436494283 0) (-0.248221847093 0.538598165115 0) (-0.246075823061 0.541753230047 0) (-0.243924677265 0.544901715055 0) (-0.241768490255 0.548043646456 0) (-0.239607341392 0.5511790509 0) (-0.237441308853 0.554307955356 0))
    polyLine 24 28 ((0.31740624008 0.325588685022 -0.03) (0.318571407877 0.326012771418 -0.03) (0.319736575674 0.326436857814 -0.03) (0.320901743471 0.32686094421 -0.03) (0.322066911268 0.327285030606 -0.03) (0.323232079065 0.327709117002 -0.03) (0.324397246861 0.328133203398 -0.03) (0.325562414658 0.328557289794 -0.03) (0.326727582455 0.32898137619 -0.03) (0.327892750252 0.329405462586 -0.03) (0.329057918049 0.329829548982 -0.03) (0.330223085846 0.330253635378 -0.03) (0.331388253643 0.330677721774 -0.03) (0.332553421439 0.33110180817 -0.03) (0.333718589236 0.331525894566 -0.03) (0.334883757033 0.331949980962 -0.03) (0.33604892483 0.332374067358 -0.03) (0.337214092627 0.332798153754 -0.03) (0.338379260424 0.33322224015 -0.03) (0.339544428221 0.333646326546 -0.03) (0.340709596018 0.334070412942 -0.03) (0.341874763814 0.334494499338 -0.03) (0.343039931611 0.334918585734 -0.03) (0.344205099408 0.33534267213 -0.03) (0.345370267205 0.335766758526 -0.03) (0.346535435002 0.336190844922 -0.03) (0.347700602799 0.336614931318 -0.03) (0.348865770596 0.337039017714 -0.03) (0.350030938393 0.33746310411 -0.03) (0.351196106189 0.337887190506 -0.03) (0.352361273986 0.338311276902 -0.03) (0.353526441783 0.338735363298 -0.03) (0.35469160958 0.339159449694 -0.03) (0.355856777377 0.33958353609 -0.03) (0.357021945174 0.340007622486 -0.03) (0.358187112971 0.340431708882 -0.03) (0.359352280768 0.340855795278 -0.03) (0.360517448564 0.341279881674 -0.03) (0.361682616361 0.34170396807 -0.03) (0.362847784158 0.342128054466 -0.03) (0.364012951955 0.342552140862 -0.03) (0.365178119752 0.342976227258 -0.03) (0.366343287549 0.343400313654 -0.03) (0.367508455346 0.34382440005 -0.03) (0.368673623143 0.344248486446 -0.03) (0.369838790939 0.344672572842 -0.03) (0.371003958736 0.345096659238 -0.03) (0.372169126533 0.345520745634 -0.03) (0.37333429433 0.34594483203 -0.03) (0.374499462127 0.346368918426 -0.03) (0.375664629924 0.346793004822 -0.03) (0.376829797721 0.347217091218 -0.03) (0.377994965518 0.347641177614 -0.03) (0.379160133314 0.34806526401 -0.03) (0.380325301111 0.348489350406 -0.03) (0.381490468908 0.348913436802 -0.03) (0.382655636705 0.349337523198 -0.03) (0.383820804502 0.349761609594 -0.03) (0.384985972299 0.35018569599 -0.03) (0.386151140096 0.350609782386 -0.03) (0.387316307893 0.351033868782 -0.03) (0.388481475689 0.351457955178 -0.03) (0.389646643486 0.351882041574 -0.03) (0.390811811283 0.35230612797 -0.03) (0.39197697908 0.352730214366 -0.03) (0.393142146877 0.353154300762 -0.03) (0.394307314674 0.353578387158 -0.03))
    polyLine 26 30 ((0.31740624008 0.325588685022 0) (0.318571407877 0.326012771418 0) (0.319736575674 0.326436857814 0) (0.320901743471 0.32686094421 0) (0.322066911268 0.327285030606 0) (0.323232079065 0.327709117002 0) (0.324397246861 0.328133203398 0) (0.325562414658 0.328557289794 0) (0.326727582455 0.32898137619 0) (0.327892750252 0.329405462586 0) (0.329057918049 0.329829548982 0) (0.330223085846 0.330253635378 0) (0.331388253643 0.330677721774 0) (0.332553421439 0.33110180817 0) (0.333718589236 0.331525894566 0) (0.334883757033 0.331949980962 0) (0.33604892483 0.332374067358 0) (0.337214092627 0.332798153754 0) (0.338379260424 0.33322224015 0) (0.339544428221 0.333646326546 0) (0.340709596018 0.334070412942 0) (0.341874763814 0.334494499338 0) (0.343039931611 0.334918585734 0) (0.344205099408 0.33534267213 0) (0.345370267205 0.335766758526 0) (0.346535435002 0.336190844922 0) (0.347700602799 0.336614931318 0) (0.348865770596 0.337039017714 0) (0.350030938393 0.33746310411 0) (0.351196106189 0.337887190506 0) (0.352361273986 0.338311276902 0) (0.353526441783 0.338735363298 0) (0.35469160958 0.339159449694 0) (0.355856777377 0.33958353609 0) (0.357021945174 0.340007622486 0) (0.358187112971 0.340431708882 0) (0.359352280768 0.340855795278 0) (0.360517448564 0.341279881674 0) (0.361682616361 0.34170396807 0) (0.362847784158 0.342128054466 0) (0.364012951955 0.342552140862 0) (0.365178119752 0.342976227258 0) (0.366343287549 0.343400313654 0) (0.367508455346 0.34382440005 0) (0.368673623143 0.344248486446 0) (0.369838790939 0.344672572842 0) (0.371003958736 0.345096659238 0) (0.372169126533 0.345520745634 0) (0.37333429433 0.34594483203 0) (0.374499462127 0.346368918426 0) (0.375664629924 0.346793004822 0) (0.376829797721 0.347217091218 0) (0.377994965518 0.347641177614 0) (0.379160133314 0.34806526401 0) (0.380325301111 0.348489350406 0) (0.381490468908 0.348913436802 0) (0.382655636705 0.349337523198 0) (0.383820804502 0.349761609594 0) (0.384985972299 0.35018569599 0) (0.386151140096 0.350609782386 0) (0.387316307893 0.351033868782 0) (0.388481475689 0.351457955178 0) (0.389646643486 0.351882041574 0) (0.390811811283 0.35230612797 0) (0.39197697908 0.352730214366 0) (0.393142146877 0.353154300762 0) (0.394307314674 0.353578387158 0))
    polyLine 25 29 ((-0.232758627158 0.561026834623 -0.03) (-0.230240595138 0.564614736402 -0.03) (-0.227716486287 0.568194135862 -0.03) (-0.225186411289 0.571765076902 -0.03) (-0.222650478832 0.575327603885 -0.03) (-0.22010879562 0.578881761618 -0.03) (-0.217561466393 0.582427595339 -0.03) (-0.215008593951 0.585965150695 -0.03) (-0.212450279167 0.58949447373 -0.03) (-0.20988662101 0.593015610865 -0.03) (-0.207317716565 0.596528608886 -0.03) (-0.204743661052 0.600033514923 -0.03) (-0.202164547845 0.603530376442 -0.03) (-0.199580468492 0.607019241225 -0.03) (-0.196991512739 0.610500157358 -0.03) (-0.194397768543 0.613973173217 -0.03) (-0.1917993221 0.617438337453 -0.03) (-0.189196257858 0.62089569898 -0.03) (-0.186588658543 0.624345306962 -0.03) (-0.183976605174 0.627787210803 -0.03) (-0.181360177089 0.631221460128 -0.03) (-0.17873945196 0.634648104778 -0.03) (-0.176114505815 0.638067194797 -0.03))
    polyLine 27 31 ((-0.232758627158 0.561026834623 0) (-0.230240595138 0.564614736402 0) (-0.227716486287 0.568194135862 0) (-0.225186411289 0.571765076902 0) (-0.222650478832 0.575327603885 0) (-0.22010879562 0.578881761618 0) (-0.217561466393 0.582427595339 0) (-0.215008593951 0.585965150695 0) (-0.212450279167 0.58949447373 0) (-0.20988662101 0.593015610865 0) (-0.207317716565 0.596528608886 0) (-0.204743661052 0.600033514923 0) (-0.202164547845 0.603530376442 0) (-0.199580468492 0.607019241225 0) (-0.196991512739 0.610500157358 0) (-0.194397768543 0.613973173217 0) (-0.1917993221 0.617438337453 0) (-0.189196257858 0.62089569898 0) (-0.186588658543 0.624345306962 0) (-0.183976605174 0.627787210803 0) (-0.181360177089 0.631221460128 0) (-0.17873945196 0.634648104778 0) (-0.176114505815 0.638067194797 0))
    polyLine 28 32 ((0.395472482471 0.354002473554 -0.03) (0.396637650267 0.35442655995 -0.03) (0.397802818064 0.354850646346 -0.03) (0.398967985861 0.355274732742 -0.03) (0.400133153658 0.355698819138 -0.03) (0.401298321455 0.356122905534 -0.03) (0.402463489252 0.35654699193 -0.03) (0.403628657049 0.356971078325 -0.03) (0.404793824846 0.357395164721 -0.03) (0.405958992642 0.357819251117 -0.03) (0.407124160439 0.358243337513 -0.03) (0.408289328236 0.358667423909 -0.03) (0.409454496033 0.359091510305 -0.03) (0.41061966383 0.359515596701 -0.03) (0.411784831627 0.359939683097 -0.03) (0.412949999424 0.360363769493 -0.03) (0.414115167221 0.360787855889 -0.03) (0.415280335017 0.361211942285 -0.03) (0.416445502814 0.361636028681 -0.03) (0.417610670611 0.362060115077 -0.03) (0.418775838408 0.362484201473 -0.03) (0.419941006205 0.362908287869 -0.03) (0.421106174002 0.363332374265 -0.03) (0.422271341799 0.363756460661 -0.03) (0.423436509596 0.364180547057 -0.03) (0.424601677392 0.364604633453 -0.03) (0.425766845189 0.365028719849 -0.03) (0.426932012986 0.365452806245 -0.03) (0.428097180783 0.365876892641 -0.03) (0.42926234858 0.366300979037 -0.03) (0.430427516377 0.366725065433 -0.03) (0.431592684174 0.367149151829 -0.03) (0.432757851971 0.367573238225 -0.03) (0.433923019767 0.367997324621 -0.03) (0.435088187564 0.368421411017 -0.03) (0.436253355361 0.368845497413 -0.03) (0.437418523158 0.369269583809 -0.03) (0.438583690955 0.369693670205 -0.03) (0.439748858752 0.370117756601 -0.03) (0.440914026549 0.370541842997 -0.03) (0.442079194346 0.370965929393 -0.03) (0.443244362142 0.371390015789 -0.03) (0.444409529939 0.371814102185 -0.03) (0.445574697736 0.372238188581 -0.03) (0.446739865533 0.372662274977 -0.03) (0.44790503333 0.373086361373 -0.03) (0.449070201127 0.373510447769 -0.03) (0.450235368924 0.373934534165 -0.03) (0.45140053672 0.374358620561 -0.03) (0.452565704517 0.374782706957 -0.03) (0.453730872314 0.375206793353 -0.03) (0.454896040111 0.375630879749 -0.03) (0.456061207908 0.376054966145 -0.03) (0.457226375705 0.376479052541 -0.03) (0.458391543502 0.376903138937 -0.03) (0.459556711299 0.377327225333 -0.03) (0.460721879095 0.377751311729 -0.03) (0.461887046892 0.378175398125 -0.03) (0.463052214689 0.378599484521 -0.03) (0.464217382486 0.379023570917 -0.03) (0.465382550283 0.379447657313 -0.03) (0.46654771808 0.379871743709 -0.03) (0.467712885877 0.380295830105 -0.03) (0.468878053674 0.380719916501 -0.03) (0.47004322147 0.381144002897 -0.03) (0.471208389267 0.381568089293 -0.03))
    polyLine 30 34 ((0.395472482471 0.354002473554 0) (0.396637650267 0.35442655995 0) (0.397802818064 0.354850646346 0) (0.398967985861 0.355274732742 0) (0.400133153658 0.355698819138 0) (0.401298321455 0.356122905534 0) (0.402463489252 0.35654699193 0) (0.403628657049 0.356971078325 0) (0.404793824846 0.357395164721 0) (0.405958992642 0.357819251117 0) (0.407124160439 0.358243337513 0) (0.408289328236 0.358667423909 0) (0.409454496033 0.359091510305 0) (0.41061966383 0.359515596701 0) (0.411784831627 0.359939683097 0) (0.412949999424 0.360363769493 0) (0.414115167221 0.360787855889 0) (0.415280335017 0.361211942285 0) (0.416445502814 0.361636028681 0) (0.417610670611 0.362060115077 0) (0.418775838408 0.362484201473 0) (0.419941006205 0.362908287869 0) (0.421106174002 0.363332374265 0) (0.422271341799 0.363756460661 0) (0.423436509596 0.364180547057 0) (0.424601677392 0.364604633453 0) (0.425766845189 0.365028719849 0) (0.426932012986 0.365452806245 0) (0.428097180783 0.365876892641 0) (0.42926234858 0.366300979037 0) (0.430427516377 0.366725065433 0) (0.431592684174 0.367149151829 0) (0.432757851971 0.367573238225 0) (0.433923019767 0.367997324621 0) (0.435088187564 0.368421411017 0) (0.436253355361 0.368845497413 0) (0.437418523158 0.369269583809 0) (0.438583690955 0.369693670205 0) (0.439748858752 0.370117756601 0) (0.440914026549 0.370541842997 0) (0.442079194346 0.370965929393 0) (0.443244362142 0.371390015789 0) (0.444409529939 0.371814102185 0) (0.445574697736 0.372238188581 0) (0.446739865533 0.372662274977 0) (0.44790503333 0.373086361373 0) (0.449070201127 0.373510447769 0) (0.450235368924 0.373934534165 0) (0.45140053672 0.374358620561 0) (0.452565704517 0.374782706957 0) (0.453730872314 0.375206793353 0) (0.454896040111 0.375630879749 0) (0.456061207908 0.376054966145 0) (0.457226375705 0.376479052541 0) (0.458391543502 0.376903138937 0) (0.459556711299 0.377327225333 0) (0.460721879095 0.377751311729 0) (0.461887046892 0.378175398125 0) (0.463052214689 0.378599484521 0) (0.464217382486 0.379023570917 0) (0.465382550283 0.379447657313 0) (0.46654771808 0.379871743709 0) (0.467712885877 0.380295830105 0) (0.468878053674 0.380719916501 0) (0.47004322147 0.381144002897 0) (0.471208389267 0.381568089293 0))
    polyLine 29 33 ((-0.170445432738 0.645407712665 -0.03) (-0.167400133178 0.64932678996 -0.03) (-0.164349620967 0.653236090408 -0.03) (-0.161293999962 0.657135692372 -0.03) (-0.158233371331 0.661025674457 -0.03) (-0.155167833586 0.664906115486 -0.03) (-0.15209748263 0.668777094487 -0.03) (-0.149022411791 0.672638690669 -0.03) (-0.145942711864 0.676490983412 -0.03) (-0.142858471148 0.680334052243 -0.03) (-0.139769775486 0.684167976827 -0.03) (-0.136676708299 0.687992836947 -0.03) (-0.133579350629 0.691808712491 -0.03) (-0.130477781172 0.695615683438 -0.03) (-0.127372076316 0.699413829843 -0.03) (-0.12426231018 0.703203231827 -0.03) (-0.121148554643 0.706983969561 -0.03) (-0.118030879388 0.710756123255 -0.03) (-0.114909351932 0.714519773147 -0.03) (-0.11178403766 0.718274999491 -0.03) (-0.108654999863 0.722021882547 -0.03) (-0.105522299769 0.72576050257 -0.03) (-0.102385996576 0.729490939803 -0.03))
    polyLine 31 35 ((-0.170445432738 0.645407712665 0) (-0.167400133178 0.64932678996 0) (-0.164349620967 0.653236090408 0) (-0.161293999962 0.657135692372 0) (-0.158233371331 0.661025674457 0) (-0.155167833586 0.664906115486 0) (-0.15209748263 0.668777094487 0) (-0.149022411791 0.672638690669 0) (-0.145942711864 0.676490983412 0) (-0.142858471148 0.680334052243 0) (-0.139769775486 0.684167976827 0) (-0.136676708299 0.687992836947 0) (-0.133579350629 0.691808712491 0) (-0.130477781172 0.695615683438 0) (-0.127372076316 0.699413829843 0) (-0.12426231018 0.703203231827 0) (-0.121148554643 0.706983969561 0) (-0.118030879388 0.710756123255 0) (-0.114909351932 0.714519773147 0) (-0.11178403766 0.718274999491 0) (-0.108654999863 0.722021882547 0) (-0.105522299769 0.72576050257 0) (-0.102385996576 0.729490939803 0))
    polyLine 32 36 ((0.472373557064 0.381992175689 -0.03) (0.473538724861 0.382416262085 -0.03) (0.474703892658 0.382840348481 -0.03) (0.475869060455 0.383264434877 -0.03) (0.477034228252 0.383688521273 -0.03) (0.478199396049 0.384112607669 -0.03) (0.479364563845 0.384536694065 -0.03) (0.480529731642 0.384960780461 -0.03) (0.481694899439 0.385384866857 -0.03) (0.482860067236 0.385808953253 -0.03) (0.484025235033 0.386233039649 -0.03) (0.48519040283 0.386657126045 -0.03) (0.486355570627 0.387081212441 -0.03) (0.487520738424 0.387505298837 -0.03) (0.48868590622 0.387929385233 -0.03) (0.489851074017 0.388353471629 -0.03) (0.491016241814 0.388777558025 -0.03) (0.492181409611 0.389201644421 -0.03) (0.493346577408 0.389625730816 -0.03) (0.494511745205 0.390049817212 -0.03) (0.495676913002 0.390473903608 -0.03) (0.496842080799 0.390897990004 -0.03) (0.498007248595 0.3913220764 -0.03) (0.499172416392 0.391746162796 -0.03) (0.500337584189 0.392170249192 -0.03) (0.501502751986 0.392594335588 -0.03) (0.502667919783 0.393018421984 -0.03) (0.50383308758 0.39344250838 -0.03) (0.504998255377 0.393866594776 -0.03) (0.506163423173 0.394290681172 -0.03) (0.50732859097 0.394714767568 -0.03) (0.508493758767 0.395138853964 -0.03) (0.509658926564 0.39556294036 -0.03) (0.510824094361 0.395987026756 -0.03) (0.511989262158 0.396411113152 -0.03) (0.513154429955 0.396835199548 -0.03) (0.514319597752 0.397259285944 -0.03) (0.515484765548 0.39768337234 -0.03) (0.516649933345 0.398107458736 -0.03) (0.517815101142 0.398531545132 -0.03) (0.518980268939 0.398955631528 -0.03) (0.520145436736 0.399379717924 -0.03) (0.521310604533 0.39980380432 -0.03) (0.52247577233 0.400227890716 -0.03) (0.523640940127 0.400651977112 -0.03) (0.524806107923 0.401076063508 -0.03) (0.52597127572 0.401500149904 -0.03) (0.527136443517 0.4019242363 -0.03) (0.528301611314 0.402348322696 -0.03) (0.529466779111 0.402772409092 -0.03) (0.530631946908 0.403196495488 -0.03) (0.531797114705 0.403620581884 -0.03) (0.532962282502 0.40404466828 -0.03) (0.534127450298 0.404468754676 -0.03) (0.535292618095 0.404892841072 -0.03) (0.536457785892 0.405316927468 -0.03) (0.537622953689 0.405741013864 -0.03) (0.538788121486 0.40616510026 -0.03) (0.539953289283 0.406589186656 -0.03) (0.54111845708 0.407013273052 -0.03) (0.542283624877 0.407437359448 -0.03) (0.543448792673 0.407861445844 -0.03) (0.54461396047 0.40828553224 -0.03) (0.545779128267 0.408709618636 -0.03) (0.546944296064 0.409133705032 -0.03) (0.548109463861 0.409557791428 -0.03))
    polyLine 34 38 ((0.472373557064 0.381992175689 0) (0.473538724861 0.382416262085 0) (0.474703892658 0.382840348481 0) (0.475869060455 0.383264434877 0) (0.477034228252 0.383688521273 0) (0.478199396049 0.384112607669 0) (0.479364563845 0.384536694065 0) (0.480529731642 0.384960780461 0) (0.481694899439 0.385384866857 0) (0.482860067236 0.385808953253 0) (0.484025235033 0.386233039649 0) (0.48519040283 0.386657126045 0) (0.486355570627 0.387081212441 0) (0.487520738424 0.387505298837 0) (0.48868590622 0.387929385233 0) (0.489851074017 0.388353471629 0) (0.491016241814 0.388777558025 0) (0.492181409611 0.389201644421 0) (0.493346577408 0.389625730816 0) (0.494511745205 0.390049817212 0) (0.495676913002 0.390473903608 0) (0.496842080799 0.390897990004 0) (0.498007248595 0.3913220764 0) (0.499172416392 0.391746162796 0) (0.500337584189 0.392170249192 0) (0.501502751986 0.392594335588 0) (0.502667919783 0.393018421984 0) (0.50383308758 0.39344250838 0) (0.504998255377 0.393866594776 0) (0.506163423173 0.394290681172 0) (0.50732859097 0.394714767568 0) (0.508493758767 0.395138853964 0) (0.509658926564 0.39556294036 0) (0.510824094361 0.395987026756 0) (0.511989262158 0.396411113152 0) (0.513154429955 0.396835199548 0) (0.514319597752 0.397259285944 0) (0.515484765548 0.39768337234 0) (0.516649933345 0.398107458736 0) (0.517815101142 0.398531545132 0) (0.518980268939 0.398955631528 0) (0.520145436736 0.399379717924 0) (0.521310604533 0.39980380432 0) (0.52247577233 0.400227890716 0) (0.523640940127 0.400651977112 0) (0.524806107923 0.401076063508 0) (0.52597127572 0.401500149904 0) (0.527136443517 0.4019242363 0) (0.528301611314 0.402348322696 0) (0.529466779111 0.402772409092 0) (0.530631946908 0.403196495488 0) (0.531797114705 0.403620581884 0) (0.532962282502 0.40404466828 0) (0.534127450298 0.404468754676 0) (0.535292618095 0.404892841072 0) (0.536457785892 0.405316927468 0) (0.537622953689 0.405741013864 0) (0.538788121486 0.40616510026 0) (0.539953289283 0.406589186656 0) (0.54111845708 0.407013273052 0) (0.542283624877 0.407437359448 0) (0.543448792673 0.407861445844 0) (0.54461396047 0.40828553224 0) (0.545779128267 0.408709618636 0) (0.546944296064 0.409133705032 0) (0.548109463861 0.409557791428 0))
    polyLine 33 37 ((-0.0956306638791 0.73748445358 -0.03) (-0.0920106438067 0.74174514298 -0.03) (-0.0883861648319 0.745995464491 -0.03) (-0.0847573012622 0.750235539836 -0.03) (-0.0811241242114 0.754465490622 -0.03) (-0.0774867016593 0.758685438322 -0.03) (-0.073845098511 0.762895504265 -0.03) (-0.0701993766545 0.767095809619 -0.03) (-0.0665495950175 0.771286475386 -0.03) (-0.0628958096232 0.775467622387 -0.03) (-0.0592380736447 0.77963937125 -0.03) (-0.0555764374587 0.783801842407 -0.03) (-0.0519109486983 0.78795515608 -0.03) (-0.0482416523039 0.792099432273 -0.03) (-0.0445685905739 0.796234790769 -0.03) (-0.0408918032141 0.800361351117 -0.03) (-0.037211327386 0.804479232629 -0.03) (-0.0335271977542 0.808588554376 -0.03) (-0.0298394465325 0.812689435179 -0.03) (-0.0261481035298 0.816781993604 -0.03) (-0.0224531961936 0.820866347962 -0.03) (-0.018754749654 0.824942616302 -0.03) (-0.0150527867661 0.829010916407 -0.03))
    polyLine 35 39 ((-0.0956306638791 0.73748445358 0) (-0.0920106438067 0.74174514298 0) (-0.0883861648319 0.745995464491 0) (-0.0847573012622 0.750235539836 0) (-0.0811241242114 0.754465490622 0) (-0.0774867016593 0.758685438322 0) (-0.073845098511 0.762895504265 0) (-0.0701993766545 0.767095809619 0) (-0.0665495950175 0.771286475386 0) (-0.0628958096232 0.775467622387 0) (-0.0592380736447 0.77963937125 0) (-0.0555764374587 0.783801842407 0) (-0.0519109486983 0.78795515608 0) (-0.0482416523039 0.792099432273 0) (-0.0445685905739 0.796234790769 0) (-0.0408918032141 0.800361351117 0) (-0.037211327386 0.804479232629 0) (-0.0335271977542 0.808588554376 0) (-0.0298394465325 0.812689435179 0) (-0.0261481035298 0.816781993604 0) (-0.0224531961936 0.820866347962 0) (-0.018754749654 0.824942616302 0) (-0.0150527867661 0.829010916407 0))
    polyLine 36 40 ((0.549274631658 0.409981877824 -0.03) (0.550439799455 0.41040596422 -0.03) (0.551604967252 0.410830050616 -0.03) (0.552770135048 0.411254137012 -0.03) (0.553935302845 0.411678223408 -0.03) (0.555100470642 0.412102309804 -0.03) (0.556265638439 0.4125263962 -0.03) (0.557430806236 0.412950482596 -0.03) (0.558595974033 0.413374568992 -0.03) (0.55976114183 0.413798655388 -0.03) (0.560926309626 0.414222741784 -0.03) (0.562091477423 0.41464682818 -0.03) (0.56325664522 0.415070914576 -0.03) (0.564421813017 0.415495000972 -0.03) (0.565586980814 0.415919087368 -0.03) (0.566752148611 0.416343173764 -0.03) (0.567917316408 0.41676726016 -0.03) (0.569082484205 0.417191346556 -0.03) (0.570247652001 0.417615432952 -0.03) (0.571412819798 0.418039519348 -0.03) (0.572577987595 0.418463605744 -0.03) (0.573743155392 0.41888769214 -0.03) (0.574908323189 0.419311778536 -0.03) (0.576073490986 0.419735864932 -0.03) (0.577238658783 0.420159951328 -0.03) (0.57840382658 0.420584037724 -0.03) (0.579568994376 0.42100812412 -0.03) (0.580734162173 0.421432210516 -0.03) (0.58189932997 0.421856296912 -0.03) (0.583064497767 0.422280383307 -0.03) (0.584229665564 0.422704469703 -0.03) (0.585394833361 0.423128556099 -0.03) (0.586560001158 0.423552642495 -0.03) (0.587725168955 0.423976728891 -0.03) (0.588890336751 0.424400815287 -0.03) (0.590055504548 0.424824901683 -0.03) (0.591220672345 0.425248988079 -0.03) (0.592385840142 0.425673074475 -0.03) (0.593551007939 0.426097160871 -0.03) (0.594716175736 0.426521247267 -0.03) (0.595881343533 0.426945333663 -0.03) (0.59704651133 0.427369420059 -0.03) (0.598211679126 0.427793506455 -0.03) (0.599376846923 0.428217592851 -0.03) (0.60054201472 0.428641679247 -0.03) (0.601707182517 0.429065765643 -0.03) (0.602872350314 0.429489852039 -0.03) (0.604037518111 0.429913938435 -0.03) (0.605202685908 0.430338024831 -0.03) (0.606367853705 0.430762111227 -0.03) (0.607533021501 0.431186197623 -0.03) (0.608698189298 0.431610284019 -0.03) (0.609863357095 0.432034370415 -0.03) (0.611028524892 0.432458456811 -0.03) (0.612193692689 0.432882543207 -0.03) (0.613358860486 0.433306629603 -0.03) (0.614524028283 0.433730715999 -0.03) (0.615689196079 0.434154802395 -0.03) (0.616854363876 0.434578888791 -0.03) (0.618019531673 0.435002975187 -0.03) (0.61918469947 0.435427061583 -0.03) (0.620349867267 0.435851147979 -0.03) (0.621515035064 0.436275234375 -0.03) (0.622680202861 0.436699320771 -0.03) (0.623845370658 0.437123407167 -0.03) (0.625010538454 0.437547493563 -0.03) (0.626175706251 0.437971579959 -0.03))
    polyLine 38 42 ((0.549274631658 0.409981877824 0) (0.550439799455 0.41040596422 0) (0.551604967252 0.410830050616 0) (0.552770135048 0.411254137012 0) (0.553935302845 0.411678223408 0) (0.555100470642 0.412102309804 0) (0.556265638439 0.4125263962 0) (0.557430806236 0.412950482596 0) (0.558595974033 0.413374568992 0) (0.55976114183 0.413798655388 0) (0.560926309626 0.414222741784 0) (0.562091477423 0.41464682818 0) (0.56325664522 0.415070914576 0) (0.564421813017 0.415495000972 0) (0.565586980814 0.415919087368 0) (0.566752148611 0.416343173764 0) (0.567917316408 0.41676726016 0) (0.569082484205 0.417191346556 0) (0.570247652001 0.417615432952 0) (0.571412819798 0.418039519348 0) (0.572577987595 0.418463605744 0) (0.573743155392 0.41888769214 0) (0.574908323189 0.419311778536 0) (0.576073490986 0.419735864932 0) (0.577238658783 0.420159951328 0) (0.57840382658 0.420584037724 0) (0.579568994376 0.42100812412 0) (0.580734162173 0.421432210516 0) (0.58189932997 0.421856296912 0) (0.583064497767 0.422280383307 0) (0.584229665564 0.422704469703 0) (0.585394833361 0.423128556099 0) (0.586560001158 0.423552642495 0) (0.587725168955 0.423976728891 0) (0.588890336751 0.424400815287 0) (0.590055504548 0.424824901683 0) (0.591220672345 0.425248988079 0) (0.592385840142 0.425673074475 0) (0.593551007939 0.426097160871 0) (0.594716175736 0.426521247267 0) (0.595881343533 0.426945333663 0) (0.59704651133 0.427369420059 0) (0.598211679126 0.427793506455 0) (0.599376846923 0.428217592851 0) (0.60054201472 0.428641679247 0) (0.601707182517 0.429065765643 0) (0.602872350314 0.429489852039 0) (0.604037518111 0.429913938435 0) (0.605202685908 0.430338024831 0) (0.606367853705 0.430762111227 0) (0.607533021501 0.431186197623 0) (0.608698189298 0.431610284019 0) (0.609863357095 0.432034370415 0) (0.611028524892 0.432458456811 0) (0.612193692689 0.432882543207 0) (0.613358860486 0.433306629603 0) (0.614524028283 0.433730715999 0) (0.615689196079 0.434154802395 0) (0.616854363876 0.434578888791 0) (0.618019531673 0.435002975187 0) (0.61918469947 0.435427061583 0) (0.620349867267 0.435851147979 0) (0.621515035064 0.436275234375 0) (0.622680202861 0.436699320771 0) (0.623845370658 0.437123407167 0) (0.625010538454 0.437547493563 0) (0.626175706251 0.437971579959 0))
    polyLine 37 41 ((-0.00711936486299 0.837690305906 -0.03) (-0.0028869073596 0.842299371178 -0.03) (0.00135002403666 0.846898734364 -0.03) (0.00559141249257 0.85148856775 -0.03) (0.00983724459377 0.856069043158 -0.03) (0.0140875102764 0.860640331943 -0.03) (0.0183422027605 0.865202604994 -0.03) (0.0226013184855 0.869756032733 -0.03) (0.0268648570472 0.874300785123 -0.03) (0.0311328211369 0.87883703166 -0.03) (0.0354052164823 0.883364941387 -0.03) (0.0396820517896 0.887884682887 -0.03) (0.043963338688 0.892396424296 -0.03) (0.0482490916755 0.896900333303 -0.03) (0.0525393280665 0.901396577156 -0.03) (0.0568340679408 0.905885322667 -0.03) (0.0611333340945 0.910366736222 -0.03) (0.0654371519921 0.914840983781 -0.03) (0.0697455497209 0.919308230894 -0.03) (0.0740585579454 0.923768642701 -0.03) (0.0783762098649 0.928222383944 -0.03) (0.0826985411716 0.932669618975 -0.03) (0.0870255900099 0.937110511766 -0.03))
    polyLine 39 43 ((-0.00711936486299 0.837690305906 0) (-0.0028869073596 0.842299371178 0) (0.00135002403666 0.846898734364 0) (0.00559141249257 0.85148856775 0) (0.00983724459377 0.856069043158 0) (0.0140875102764 0.860640331943 0) (0.0183422027605 0.865202604994 0) (0.0226013184855 0.869756032733 0) (0.0268648570472 0.874300785123 0) (0.0311328211369 0.87883703166 0) (0.0354052164823 0.883364941387 0) (0.0396820517896 0.887884682887 0) (0.043963338688 0.892396424296 0) (0.0482490916755 0.896900333303 0) (0.0525393280665 0.901396577156 0) (0.0568340679408 0.905885322667 0) (0.0611333340945 0.910366736222 0) (0.0654371519921 0.914840983781 0) (0.0697455497209 0.919308230894 0) (0.0740585579454 0.923768642701 0) (0.0783762098649 0.928222383944 0) (0.0826985411716 0.932669618975 0) (0.0870255900099 0.937110511766 0))
    polyLine 40 44 ((0.627340874048 0.438395666355 -0.03) (0.628506041845 0.438819752751 -0.03) (0.629671209642 0.439243839147 -0.03) (0.630836377439 0.439667925543 -0.03) (0.632001545236 0.440092011939 -0.03) (0.633166713033 0.440516098335 -0.03) (0.634331880829 0.440940184731 -0.03) (0.635497048626 0.441364271127 -0.03) (0.636662216423 0.441788357523 -0.03) (0.63782738422 0.442212443919 -0.03) (0.638992552017 0.442636530315 -0.03) (0.640157719814 0.443060616711 -0.03) (0.641322887611 0.443484703107 -0.03) (0.642488055408 0.443908789503 -0.03) (0.643653223204 0.444332875899 -0.03) (0.644818391001 0.444756962295 -0.03) (0.645983558798 0.445181048691 -0.03) (0.647148726595 0.445605135087 -0.03) (0.648313894392 0.446029221483 -0.03) (0.649479062189 0.446453307879 -0.03) (0.650644229986 0.446877394275 -0.03) (0.651809397783 0.447301480671 -0.03) (0.652974565579 0.447725567067 -0.03) (0.654139733376 0.448149653463 -0.03) (0.655304901173 0.448573739859 -0.03) (0.65647006897 0.448997826255 -0.03) (0.657635236767 0.449421912651 -0.03) (0.658800404564 0.449845999047 -0.03) (0.659965572361 0.450270085443 -0.03) (0.661130740158 0.450694171839 -0.03) (0.662295907954 0.451118258235 -0.03) (0.663461075751 0.451542344631 -0.03) (0.664626243548 0.451966431027 -0.03) (0.665791411345 0.452390517423 -0.03) (0.666956579142 0.452814603819 -0.03) (0.668121746939 0.453238690215 -0.03) (0.669286914736 0.453662776611 -0.03) (0.670452082533 0.454086863007 -0.03) (0.671617250329 0.454510949403 -0.03) (0.672782418126 0.454935035799 -0.03) (0.673947585923 0.455359122194 -0.03) (0.67511275372 0.45578320859 -0.03) (0.676277921517 0.456207294986 -0.03) (0.677443089314 0.456631381382 -0.03) (0.678608257111 0.457055467778 -0.03) (0.679773424907 0.457479554174 -0.03) (0.680938592704 0.45790364057 -0.03) (0.682103760501 0.458327726966 -0.03) (0.683268928298 0.458751813362 -0.03) (0.684434096095 0.459175899758 -0.03) (0.685599263892 0.459599986154 -0.03) (0.686764431689 0.46002407255 -0.03) (0.687929599486 0.460448158946 -0.03) (0.689094767282 0.460872245342 -0.03) (0.690259935079 0.461296331738 -0.03) (0.691425102876 0.461720418134 -0.03) (0.692590270673 0.46214450453 -0.03) (0.69375543847 0.462568590926 -0.03) (0.694920606267 0.462992677322 -0.03) (0.696085774064 0.463416763718 -0.03) (0.697250941861 0.463840850114 -0.03) (0.698416109657 0.46426493651 -0.03) (0.699581277454 0.464689022906 -0.03) (0.700746445251 0.465113109302 -0.03) (0.701911613048 0.465537195698 -0.03) (0.703076780845 0.465961282094 -0.03))
    polyLine 42 46 ((0.627340874048 0.438395666355 0) (0.628506041845 0.438819752751 0) (0.629671209642 0.439243839147 0) (0.630836377439 0.439667925543 0) (0.632001545236 0.440092011939 0) (0.633166713033 0.440516098335 0) (0.634331880829 0.440940184731 0) (0.635497048626 0.441364271127 0) (0.636662216423 0.441788357523 0) (0.63782738422 0.442212443919 0) (0.638992552017 0.442636530315 0) (0.640157719814 0.443060616711 0) (0.641322887611 0.443484703107 0) (0.642488055408 0.443908789503 0) (0.643653223204 0.444332875899 0) (0.644818391001 0.444756962295 0) (0.645983558798 0.445181048691 0) (0.647148726595 0.445605135087 0) (0.648313894392 0.446029221483 0) (0.649479062189 0.446453307879 0) (0.650644229986 0.446877394275 0) (0.651809397783 0.447301480671 0) (0.652974565579 0.447725567067 0) (0.654139733376 0.448149653463 0) (0.655304901173 0.448573739859 0) (0.65647006897 0.448997826255 0) (0.657635236767 0.449421912651 0) (0.658800404564 0.449845999047 0) (0.659965572361 0.450270085443 0) (0.661130740158 0.450694171839 0) (0.662295907954 0.451118258235 0) (0.663461075751 0.451542344631 0) (0.664626243548 0.451966431027 0) (0.665791411345 0.452390517423 0) (0.666956579142 0.452814603819 0) (0.668121746939 0.453238690215 0) (0.669286914736 0.453662776611 0) (0.670452082533 0.454086863007 0) (0.671617250329 0.454510949403 0) (0.672782418126 0.454935035799 0) (0.673947585923 0.455359122194 0) (0.67511275372 0.45578320859 0) (0.676277921517 0.456207294986 0) (0.677443089314 0.456631381382 0) (0.678608257111 0.457055467778 0) (0.679773424907 0.457479554174 0) (0.680938592704 0.45790364057 0) (0.682103760501 0.458327726966 0) (0.683268928298 0.458751813362 0) (0.684434096095 0.459175899758 0) (0.685599263892 0.459599986154 0) (0.686764431689 0.46002407255 0) (0.687929599486 0.460448158946 0) (0.689094767282 0.460872245342 0) (0.690259935079 0.461296331738 0) (0.691425102876 0.461720418134 0) (0.692590270673 0.46214450453 0) (0.69375543847 0.462568590926 0) (0.694920606267 0.462992677322 0) (0.696085774064 0.463416763718 0) (0.697250941861 0.463840850114 0) (0.698416109657 0.46426493651 0) (0.699581277454 0.464689022906 0) (0.700746445251 0.465113109302 0) (0.701911613048 0.465537195698 0) (0.703076780845 0.465961282094 0))
    polyLine 41 45 ((0.0962229993709 0.946513411718 -0.03) (0.101094708931 0.951474256051 -0.03) (0.105972593394 0.956427988358 -0.03) (0.110856724122 0.961374837565 -0.03) (0.115747176006 0.966315032097 -0.03) (0.120644027411 0.971248799902 -0.03) (0.125547360127 0.97617636847 -0.03) (0.130457259315 0.981097964853 -0.03) (0.135373813464 0.986013815694 -0.03) (0.140297114346 0.99092414724 -0.03) (0.145227256968 0.995829185377 -0.03) (0.150164339539 1.00072915564 -0.03) (0.155108463426 1.00562428326 -0.03) (0.160059733122 1.01051479316 -0.03) (0.165018256208 1.01540090999 -0.03) (0.169984143322 1.02028285819 -0.03) (0.174957508132 1.02516086194 -0.03) (0.179938467304 1.03003514527 -0.03) (0.184927140477 1.03490593201 -0.03) (0.189923650238 1.0397734459 -0.03) (0.194928122103 1.04463791055 -0.03) (0.199940684489 1.04949954948 -0.03) (0.204961468705 1.05435858618 -0.03))
    polyLine 43 47 ((0.0962229993709 0.946513411718 0) (0.101094708931 0.951474256051 0) (0.105972593394 0.956427988358 0) (0.110856724122 0.961374837565 0) (0.115747176006 0.966315032097 0) (0.120644027411 0.971248799902 0) (0.125547360127 0.97617636847 0) (0.130457259315 0.981097964853 0) (0.135373813464 0.986013815694 0) (0.140297114346 0.99092414724 0) (0.145227256968 0.995829185377 0) (0.150164339539 1.00072915564 0) (0.155108463426 1.00562428326 0) (0.160059733122 1.01051479316 0) (0.165018256208 1.01540090999 0) (0.169984143322 1.02028285819 0) (0.174957508132 1.02516086194 0) (0.179938467304 1.03003514527 0) (0.184927140477 1.03490593201 0) (0.189923650238 1.0397734459 0) (0.194928122103 1.04463791055 0) (0.199940684489 1.04949954948 0) (0.204961468705 1.05435858618 0))
    polyLine 44 48 ((0.704241948642 0.46638536849 -0.03) (0.705407116439 0.466809454886 -0.03) (0.706572284236 0.467233541282 -0.03) (0.707737452032 0.467657627678 -0.03) (0.708902619829 0.468081714074 -0.03) (0.710067787626 0.46850580047 -0.03) (0.711232955423 0.468929886866 -0.03) (0.71239812322 0.469353973262 -0.03) (0.713563291017 0.469778059658 -0.03) (0.714728458814 0.470202146054 -0.03) (0.715893626611 0.47062623245 -0.03) (0.717058794407 0.471050318846 -0.03) (0.718223962204 0.471474405242 -0.03) (0.719389130001 0.471898491638 -0.03) (0.720554297798 0.472322578034 -0.03) (0.721719465595 0.47274666443 -0.03) (0.722884633392 0.473170750826 -0.03) (0.724049801189 0.473594837222 -0.03) (0.725214968986 0.474018923618 -0.03) (0.726380136782 0.474443010014 -0.03) (0.727545304579 0.47486709641 -0.03) (0.728710472376 0.475291182806 -0.03) (0.729875640173 0.475715269202 -0.03) (0.73104080797 0.476139355598 -0.03) (0.732205975767 0.476563441994 -0.03) (0.733371143564 0.47698752839 -0.03) (0.73453631136 0.477411614786 -0.03) (0.735701479157 0.477835701182 -0.03) (0.736866646954 0.478259787578 -0.03) (0.738031814751 0.478683873974 -0.03) (0.739196982548 0.47910796037 -0.03) (0.740362150345 0.479532046766 -0.03) (0.741527318142 0.479956133162 -0.03) (0.742692485939 0.480380219558 -0.03) (0.743857653735 0.480804305954 -0.03) (0.745022821532 0.48122839235 -0.03) (0.746187989329 0.481652478746 -0.03) (0.747353157126 0.482076565142 -0.03) (0.748518324923 0.482500651538 -0.03) (0.74968349272 0.482924737934 -0.03) (0.750848660517 0.48334882433 -0.03) (0.752013828314 0.483772910726 -0.03) (0.75317899611 0.484196997122 -0.03) (0.754344163907 0.484621083518 -0.03) (0.755509331704 0.485045169914 -0.03) (0.756674499501 0.48546925631 -0.03) (0.757839667298 0.485893342706 -0.03) (0.759004835095 0.486317429102 -0.03) (0.760170002892 0.486741515498 -0.03) (0.761335170689 0.487165601894 -0.03) (0.762500338485 0.48758968829 -0.03) (0.763665506282 0.488013774685 -0.03) (0.764830674079 0.488437861081 -0.03) (0.765995841876 0.488861947477 -0.03) (0.767161009673 0.489286033873 -0.03) (0.76832617747 0.489710120269 -0.03) (0.769491345267 0.490134206665 -0.03) (0.770656513064 0.490558293061 -0.03) (0.77182168086 0.490982379457 -0.03) (0.772986848657 0.491406465853 -0.03) (0.774152016454 0.491830552249 -0.03) (0.775317184251 0.492254638645 -0.03) (0.776482352048 0.492678725041 -0.03) (0.777647519845 0.493102811437 -0.03) (0.778812687642 0.493526897833 -0.03) (0.779977855439 0.493950984229 -0.03) (0.781143023235 0.494375070625 -0.03))
    polyLine 46 50 ((0.704241948642 0.46638536849 0) (0.705407116439 0.466809454886 0) (0.706572284236 0.467233541282 0) (0.707737452032 0.467657627678 0) (0.708902619829 0.468081714074 0) (0.710067787626 0.46850580047 0) (0.711232955423 0.468929886866 0) (0.71239812322 0.469353973262 0) (0.713563291017 0.469778059658 0) (0.714728458814 0.470202146054 0) (0.715893626611 0.47062623245 0) (0.717058794407 0.471050318846 0) (0.718223962204 0.471474405242 0) (0.719389130001 0.471898491638 0) (0.720554297798 0.472322578034 0) (0.721719465595 0.47274666443 0) (0.722884633392 0.473170750826 0) (0.724049801189 0.473594837222 0) (0.725214968986 0.474018923618 0) (0.726380136782 0.474443010014 0) (0.727545304579 0.47486709641 0) (0.728710472376 0.475291182806 0) (0.729875640173 0.475715269202 0) (0.73104080797 0.476139355598 0) (0.732205975767 0.476563441994 0) (0.733371143564 0.47698752839 0) (0.73453631136 0.477411614786 0) (0.735701479157 0.477835701182 0) (0.736866646954 0.478259787578 0) (0.738031814751 0.478683873974 0) (0.739196982548 0.47910796037 0) (0.740362150345 0.479532046766 0) (0.741527318142 0.479956133162 0) (0.742692485939 0.480380219558 0) (0.743857653735 0.480804305954 0) (0.745022821532 0.48122839235 0) (0.746187989329 0.481652478746 0) (0.747353157126 0.482076565142 0) (0.748518324923 0.482500651538 0) (0.74968349272 0.482924737934 0) (0.750848660517 0.48334882433 0) (0.752013828314 0.483772910726 0) (0.75317899611 0.484196997122 0) (0.754344163907 0.484621083518 0) (0.755509331704 0.485045169914 0) (0.756674499501 0.48546925631 0) (0.757839667298 0.485893342706 0) (0.759004835095 0.486317429102 0) (0.760170002892 0.486741515498 0) (0.761335170689 0.487165601894 0) (0.762500338485 0.48758968829 0) (0.763665506282 0.488013774685 0) (0.764830674079 0.488437861081 0) (0.765995841876 0.488861947477 0) (0.767161009673 0.489286033873 0) (0.76832617747 0.489710120269 0) (0.769491345267 0.490134206665 0) (0.770656513064 0.490558293061 0) (0.77182168086 0.490982379457 0) (0.772986848657 0.491406465853 0) (0.774152016454 0.491830552249 0) (0.775317184251 0.492254638645 0) (0.776482352048 0.492678725041 0) (0.777647519845 0.493102811437 0) (0.778812687642 0.493526897833 0) (0.779977855439 0.493950984229 0) (0.781143023235 0.494375070625 0))
    polyLine 45 49 ((0.21550849406 1.06453200427 -0.03) (0.221036751089 1.0698464727 -0.03) (0.226575568018 1.07515894317 -0.03) (0.232125136909 1.08046970962 -0.03) (0.23768565386 1.08577906618 -0.03) (0.243257319001 1.09108730724 -0.03) (0.24884033648 1.09639472748 -0.03) (0.254434914464 1.10170162198 -0.03) (0.260041265134 1.10700828618 -0.03) (0.265659604685 1.11231501602 -0.03) (0.27129015333 1.11762210793 -0.03) (0.276933135305 1.12292985894 -0.03) (0.282588778878 1.12823856669 -0.03) (0.28825731636 1.13354852949 -0.03) (0.293938984117 1.13886004642 -0.03) (0.299634022587 1.14417341733 -0.03) (0.305342676298 1.14948894293 -0.03) (0.311065193889 1.15480692486 -0.03) (0.316801828133 1.16012766572 -0.03) (0.322552835962 1.16545146913 -0.03) (0.328318478497 1.17077863982 -0.03) (0.334099021078 1.1761094837 -0.03) (0.339894733297 1.18144430785 -0.03))
    polyLine 47 51 ((0.21550849406 1.06453200427 0) (0.221036751089 1.0698464727 0) (0.226575568018 1.07515894317 0) (0.232125136909 1.08046970962 0) (0.23768565386 1.08577906618 0) (0.243257319001 1.09108730724 0) (0.24884033648 1.09639472748 0) (0.254434914464 1.10170162198 0) (0.260041265134 1.10700828618 0) (0.265659604685 1.11231501602 0) (0.27129015333 1.11762210793 0) (0.276933135305 1.12292985894 0) (0.282588778878 1.12823856669 0) (0.28825731636 1.13354852949 0) (0.293938984117 1.13886004642 0) (0.299634022587 1.14417341733 0) (0.305342676298 1.14948894293 0) (0.311065193889 1.15480692486 0) (0.316801828133 1.16012766572 0) (0.322552835962 1.16545146913 0) (0.328318478497 1.17077863982 0) (0.334099021078 1.1761094837 0) (0.339894733297 1.18144430785 0))
    polyLine 48 52 ((0.782308191032 0.494799157021 -0.03) (0.783473358829 0.495223243417 -0.03) (0.784638526626 0.495647329813 -0.03) (0.785803694423 0.496071416209 -0.03) (0.78696886222 0.496495502605 -0.03) (0.788134030017 0.496919589001 -0.03) (0.789299197813 0.497343675397 -0.03) (0.79046436561 0.497767761793 -0.03) (0.791629533407 0.498191848189 -0.03) (0.792794701204 0.498615934585 -0.03) (0.793959869001 0.499040020981 -0.03) (0.795125036798 0.499464107377 -0.03) (0.796290204595 0.499888193773 -0.03) (0.797455372392 0.500312280169 -0.03) (0.798620540188 0.500736366565 -0.03) (0.799785707985 0.501160452961 -0.03) (0.800950875782 0.501584539357 -0.03) (0.802116043579 0.502008625753 -0.03) (0.803281211376 0.502432712149 -0.03) (0.804446379173 0.502856798545 -0.03) (0.80561154697 0.503280884941 -0.03) (0.806776714767 0.503704971337 -0.03) (0.807941882563 0.504129057733 -0.03) (0.80910705036 0.504553144129 -0.03) (0.810272218157 0.504977230525 -0.03) (0.811437385954 0.505401316921 -0.03) (0.812602553751 0.505825403317 -0.03) (0.813767721548 0.506249489713 -0.03) (0.814932889345 0.506673576109 -0.03) (0.816098057142 0.507097662505 -0.03) (0.817263224938 0.507521748901 -0.03) (0.818428392735 0.507945835297 -0.03) (0.819593560532 0.508369921693 -0.03) (0.820758728329 0.508794008089 -0.03) (0.821923896126 0.509218094485 -0.03) (0.823089063923 0.509642180881 -0.03) (0.82425423172 0.510066267277 -0.03) (0.825419399517 0.510490353673 -0.03) (0.826584567313 0.510914440069 -0.03) (0.82774973511 0.511338526465 -0.03) (0.828914902907 0.511762612861 -0.03) (0.830080070704 0.512186699257 -0.03) (0.831245238501 0.512610785653 -0.03) (0.832410406298 0.513034872049 -0.03) (0.833575574095 0.513458958445 -0.03) (0.834740741892 0.513883044841 -0.03) (0.835905909688 0.514307131237 -0.03) (0.837071077485 0.514731217633 -0.03) (0.838236245282 0.515155304029 -0.03) (0.839401413079 0.515579390425 -0.03) (0.840566580876 0.516003476821 -0.03) (0.841731748673 0.516427563217 -0.03) (0.84289691647 0.516851649613 -0.03) (0.844062084266 0.517275736009 -0.03) (0.845227252063 0.517699822405 -0.03) (0.84639241986 0.518123908801 -0.03) (0.847557587657 0.518547995197 -0.03) (0.848722755454 0.518972081593 -0.03) (0.849887923251 0.519396167989 -0.03) (0.851053091048 0.519820254385 -0.03) (0.852218258845 0.520244340781 -0.03) (0.853383426641 0.520668427177 -0.03) (0.854548594438 0.521092513572 -0.03) (0.855713762235 0.521516599968 -0.03) (0.856878930032 0.521940686364 -0.03) (0.858044097829 0.52236477276 -0.03))
    polyLine 50 54 ((0.782308191032 0.494799157021 0) (0.783473358829 0.495223243417 0) (0.784638526626 0.495647329813 0) (0.785803694423 0.496071416209 0) (0.78696886222 0.496495502605 0) (0.788134030017 0.496919589001 0) (0.789299197813 0.497343675397 0) (0.79046436561 0.497767761793 0) (0.791629533407 0.498191848189 0) (0.792794701204 0.498615934585 0) (0.793959869001 0.499040020981 0) (0.795125036798 0.499464107377 0) (0.796290204595 0.499888193773 0) (0.797455372392 0.500312280169 0) (0.798620540188 0.500736366565 0) (0.799785707985 0.501160452961 0) (0.800950875782 0.501584539357 0) (0.802116043579 0.502008625753 0) (0.803281211376 0.502432712149 0) (0.804446379173 0.502856798545 0) (0.80561154697 0.503280884941 0) (0.806776714767 0.503704971337 0) (0.807941882563 0.504129057733 0) (0.80910705036 0.504553144129 0) (0.810272218157 0.504977230525 0) (0.811437385954 0.505401316921 0) (0.812602553751 0.505825403317 0) (0.813767721548 0.506249489713 0) (0.814932889345 0.506673576109 0) (0.816098057142 0.507097662505 0) (0.817263224938 0.507521748901 0) (0.818428392735 0.507945835297 0) (0.819593560532 0.508369921693 0) (0.820758728329 0.508794008089 0) (0.821923896126 0.509218094485 0) (0.823089063923 0.509642180881 0) (0.82425423172 0.510066267277 0) (0.825419399517 0.510490353673 0) (0.826584567313 0.510914440069 0) (0.82774973511 0.511338526465 0) (0.828914902907 0.511762612861 0) (0.830080070704 0.512186699257 0) (0.831245238501 0.512610785653 0) (0.832410406298 0.513034872049 0) (0.833575574095 0.513458958445 0) (0.834740741892 0.513883044841 0) (0.835905909688 0.514307131237 0) (0.837071077485 0.514731217633 0) (0.838236245282 0.515155304029 0) (0.839401413079 0.515579390425 0) (0.840566580876 0.516003476821 0) (0.841731748673 0.516427563217 0) (0.84289691647 0.516851649613 0) (0.844062084266 0.517275736009 0) (0.845227252063 0.517699822405 0) (0.84639241986 0.518123908801 0) (0.847557587657 0.518547995197 0) (0.848722755454 0.518972081593 0) (0.849887923251 0.519396167989 0) (0.851053091048 0.519820254385 0) (0.852218258845 0.520244340781 0) (0.853383426641 0.520668427177 0) (0.854548594438 0.521092513572 0) (0.855713762235 0.521516599968 0) (0.856878930032 0.521940686364 0) (0.858044097829 0.52236477276 0))
    polyLine 49 53 ((0.351885837485 1.19245061227 -0.03) (0.358083804969 1.19812334676 -0.03) (0.364300134255 1.20380199721 -0.03) (0.370535173754 1.20948693864 -0.03) (0.376789277586 1.21517854814 -0.03) (0.383062805644 1.22087720494 -0.03) (0.389356123672 1.22658329056 -0.03) (0.395669603336 1.23229718883 -0.03) (0.402003622305 1.23801928606 -0.03) (0.408358564335 1.24374997108 -0.03) (0.414734819355 1.2494896354 -0.03) (0.421132783557 1.25523867326 -0.03) (0.427552859492 1.26099748178 -0.03) (0.433995456167 1.26676646103 -0.03) (0.440460989148 1.27254601418 -0.03) (0.446949880667 1.27833654757 -0.03) (0.45346255973 1.28413847086 -0.03) (0.459999462233 1.28995219711 -0.03) (0.466561031082 1.29577814293 -0.03) (0.473147716313 1.30161672859 -0.03) (0.479759975221 1.30746837814 -0.03) (0.486398272491 1.31333351954 -0.03) (0.493063080334 1.31921258476 -0.03))
    polyLine 51 55 ((0.351885837485 1.19245061227 0) (0.358083804969 1.19812334676 0) (0.364300134255 1.20380199721 0) (0.370535173754 1.20948693864 0) (0.376789277586 1.21517854814 0) (0.383062805644 1.22087720494 0) (0.389356123672 1.22658329056 0) (0.395669603336 1.23229718883 0) (0.402003622305 1.23801928606 0) (0.408358564335 1.24374997108 0) (0.414734819355 1.2494896354 0) (0.421132783557 1.25523867326 0) (0.427552859492 1.26099748178 0) (0.433995456167 1.26676646103 0) (0.440460989148 1.27254601418 0) (0.446949880667 1.27833654757 0) (0.45346255973 1.28413847086 0) (0.459999462233 1.28995219711 0) (0.466561031082 1.29577814293 0) (0.473147716313 1.30161672859 0) (0.479759975221 1.30746837814 0) (0.486398272491 1.31333351954 0) (0.493063080334 1.31921258476 0))
    polyLine 52 56 ((0.859209265626 0.522788859156 -0.03) (0.860374433423 0.523212945552 -0.03) (0.86153960122 0.523637031948 -0.03) (0.862704769016 0.524061118344 -0.03) (0.863869936813 0.52448520474 -0.03) (0.86503510461 0.524909291136 -0.03) (0.866200272407 0.525333377532 -0.03) (0.867365440204 0.525757463928 -0.03) (0.868530608001 0.526181550324 -0.03) (0.869695775798 0.52660563672 -0.03) (0.870860943595 0.527029723116 -0.03) (0.872026111391 0.527453809512 -0.03) (0.873191279188 0.527877895908 -0.03) (0.874356446985 0.528301982304 -0.03) (0.875521614782 0.5287260687 -0.03) (0.876686782579 0.529150155096 -0.03) (0.877851950376 0.529574241492 -0.03) (0.879017118173 0.529998327888 -0.03) (0.88018228597 0.530422414284 -0.03) (0.881347453766 0.53084650068 -0.03) (0.882512621563 0.531270587076 -0.03) (0.88367778936 0.531694673472 -0.03) (0.884842957157 0.532118759868 -0.03) (0.886008124954 0.532542846264 -0.03) (0.887173292751 0.53296693266 -0.03) (0.888338460548 0.533391019056 -0.03) (0.889503628345 0.533815105452 -0.03) (0.890668796141 0.534239191848 -0.03) (0.891833963938 0.534663278244 -0.03) (0.892999131735 0.53508736464 -0.03) (0.894164299532 0.535511451036 -0.03) (0.895329467329 0.535935537432 -0.03) (0.896494635126 0.536359623828 -0.03) (0.897659802923 0.536783710224 -0.03) (0.898824970719 0.53720779662 -0.03) (0.899990138516 0.537631883016 -0.03) (0.901155306313 0.538055969412 -0.03) (0.90232047411 0.538480055808 -0.03) (0.903485641907 0.538904142204 -0.03) (0.904650809704 0.5393282286 -0.03) (0.905815977501 0.539752314996 -0.03) (0.906981145298 0.540176401392 -0.03) (0.908146313094 0.540600487788 -0.03) (0.909311480891 0.541024574184 -0.03) (0.910476648688 0.54144866058 -0.03) (0.911641816485 0.541872746976 -0.03) (0.912806984282 0.542296833372 -0.03) (0.913972152079 0.542720919768 -0.03) (0.915137319876 0.543145006164 -0.03) (0.916302487673 0.54356909256 -0.03) (0.917467655469 0.543993178956 -0.03) (0.918632823266 0.544417265352 -0.03) (0.919797991063 0.544841351748 -0.03) (0.92096315886 0.545265438144 -0.03) (0.922128326657 0.54568952454 -0.03) (0.923293494454 0.546113610936 -0.03) (0.924458662251 0.546537697332 -0.03) (0.925623830048 0.546961783728 -0.03) (0.926788997844 0.547385870124 -0.03) (0.927954165641 0.54780995652 -0.03) (0.929119333438 0.548234042916 -0.03) (0.930284501235 0.548658129312 -0.03) (0.931449669032 0.549082215708 -0.03) (0.932614836829 0.549506302104 -0.03) (0.933780004626 0.5499303885 -0.03) (0.934945172423 0.550354474896 -0.03))
    polyLine 54 58 ((0.859209265626 0.522788859156 0) (0.860374433423 0.523212945552 0) (0.86153960122 0.523637031948 0) (0.862704769016 0.524061118344 0) (0.863869936813 0.52448520474 0) (0.86503510461 0.524909291136 0) (0.866200272407 0.525333377532 0) (0.867365440204 0.525757463928 0) (0.868530608001 0.526181550324 0) (0.869695775798 0.52660563672 0) (0.870860943595 0.527029723116 0) (0.872026111391 0.527453809512 0) (0.873191279188 0.527877895908 0) (0.874356446985 0.528301982304 0) (0.875521614782 0.5287260687 0) (0.876686782579 0.529150155096 0) (0.877851950376 0.529574241492 0) (0.879017118173 0.529998327888 0) (0.88018228597 0.530422414284 0) (0.881347453766 0.53084650068 0) (0.882512621563 0.531270587076 0) (0.88367778936 0.531694673472 0) (0.884842957157 0.532118759868 0) (0.886008124954 0.532542846264 0) (0.887173292751 0.53296693266 0) (0.888338460548 0.533391019056 0) (0.889503628345 0.533815105452 0) (0.890668796141 0.534239191848 0) (0.891833963938 0.534663278244 0) (0.892999131735 0.53508736464 0) (0.894164299532 0.535511451036 0) (0.895329467329 0.535935537432 0) (0.896494635126 0.536359623828 0) (0.897659802923 0.536783710224 0) (0.898824970719 0.53720779662 0) (0.899990138516 0.537631883016 0) (0.901155306313 0.538055969412 0) (0.90232047411 0.538480055808 0) (0.903485641907 0.538904142204 0) (0.904650809704 0.5393282286 0) (0.905815977501 0.539752314996 0) (0.906981145298 0.540176401392 0) (0.908146313094 0.540600487788 0) (0.909311480891 0.541024574184 0) (0.910476648688 0.54144866058 0) (0.911641816485 0.541872746976 0) (0.912806984282 0.542296833372 0) (0.913972152079 0.542720919768 0) (0.915137319876 0.543145006164 0) (0.916302487673 0.54356909256 0) (0.917467655469 0.543993178956 0) (0.918632823266 0.544417265352 0) (0.919797991063 0.544841351748 0) (0.92096315886 0.545265438144 0) (0.922128326657 0.54568952454 0) (0.923293494454 0.546113610936 0) (0.924458662251 0.546537697332 0) (0.925623830048 0.546961783728 0) (0.926788997844 0.547385870124 0) (0.927954165641 0.54780995652 0) (0.929119333438 0.548234042916 0) (0.930284501235 0.548658129312 0) (0.931449669032 0.549082215708 0) (0.932614836829 0.549506302104 0) (0.933780004626 0.5499303885 0) (0.934945172423 0.550354474896 0))
    polyLine 53 57 ((0.506612151833 1.33113547763 -0.03) (0.513498567878 1.33718083146 -0.03) (0.520414662418 1.34324254925 -0.03) (0.52736098009 1.34932111394 -0.03) (0.534338074702 1.35541701374 -0.03) (0.541346509417 1.36153074229 -0.03) (0.548386856953 1.36766279887 -0.03) (0.555459699782 1.37381368851 -0.03) (0.562565630338 1.37998392222 -0.03) (0.569705251231 1.38617401714 -0.03) (0.576879175473 1.39238449674 -0.03) (0.584088026698 1.39861589097 -0.03) (0.591332439404 1.40486873653 -0.03) (0.598613059195 1.41114357698 -0.03) (0.605930543027 1.417440963 -0.03) (0.613285559472 1.42376145258 -0.03) (0.620678788979 1.43010561123 -0.03) (0.62811092415 1.4364740122 -0.03) (0.635582670025 1.44286723671 -0.03) (0.64309474437 1.44928587416 -0.03) (0.650647877979 1.4557305224 -0.03) (0.658242814984 1.46220178794 -0.03) (0.665880313175 1.46870028619 -0.03))
    polyLine 55 59 ((0.506612151833 1.33113547763 0) (0.513498567878 1.33718083146 0) (0.520414662418 1.34324254925 0) (0.52736098009 1.34932111394 0) (0.534338074702 1.35541701374 0) (0.541346509417 1.36153074229 0) (0.548386856953 1.36766279887 0) (0.555459699782 1.37381368851 0) (0.562565630338 1.37998392222 0) (0.569705251231 1.38617401714 0) (0.576879175473 1.39238449674 0) (0.584088026698 1.39861589097 0) (0.591332439404 1.40486873653 0) (0.598613059195 1.41114357698 0) (0.605930543027 1.417440963 0) (0.613285559472 1.42376145258 0) (0.620678788979 1.43010561123 0) (0.62811092415 1.4364740122 0) (0.635582670025 1.44286723671 0) (0.64309474437 1.44928587416 0) (0.650647877979 1.4557305224 0) (0.658242814984 1.46220178794 0) (0.665880313175 1.46870028619 0))
    polyLine 56 60 ((0.936110340219 0.550778561292 -0.03) (0.937275508016 0.551202647688 -0.03) (0.938440675813 0.551626734084 -0.03) (0.93960584361 0.55205082048 -0.03) (0.940771011407 0.552474906876 -0.03) (0.941936179204 0.552898993272 -0.03) (0.943101347001 0.553323079668 -0.03) (0.944266514798 0.553747166063 -0.03) (0.945431682594 0.554171252459 -0.03) (0.946596850391 0.554595338855 -0.03) (0.947762018188 0.555019425251 -0.03) (0.948927185985 0.555443511647 -0.03) (0.950092353782 0.555867598043 -0.03) (0.951257521579 0.556291684439 -0.03) (0.952422689376 0.556715770835 -0.03) (0.953587857172 0.557139857231 -0.03) (0.954753024969 0.557563943627 -0.03) (0.955918192766 0.557988030023 -0.03) (0.957083360563 0.558412116419 -0.03) (0.95824852836 0.558836202815 -0.03) (0.959413696157 0.559260289211 -0.03) (0.960578863954 0.559684375607 -0.03) (0.961744031751 0.560108462003 -0.03) (0.962909199547 0.560532548399 -0.03) (0.964074367344 0.560956634795 -0.03) (0.965239535141 0.561380721191 -0.03) (0.966404702938 0.561804807587 -0.03) (0.967569870735 0.562228893983 -0.03) (0.968735038532 0.562652980379 -0.03) (0.969900206329 0.563077066775 -0.03) (0.971065374126 0.563501153171 -0.03) (0.972230541922 0.563925239567 -0.03) (0.973395709719 0.564349325963 -0.03) (0.974560877516 0.564773412359 -0.03) (0.975726045313 0.565197498755 -0.03) (0.97689121311 0.565621585151 -0.03) (0.978056380907 0.566045671547 -0.03) (0.979221548704 0.566469757943 -0.03) (0.980386716501 0.566893844339 -0.03) (0.981551884297 0.567317930735 -0.03) (0.982717052094 0.567742017131 -0.03) (0.983882219891 0.568166103527 -0.03) (0.985047387688 0.568590189923 -0.03) (0.986212555485 0.569014276319 -0.03) (0.987377723282 0.569438362715 -0.03) (0.988542891079 0.569862449111 -0.03) (0.989708058876 0.570286535507 -0.03) (0.990873226672 0.570710621903 -0.03) (0.992038394469 0.571134708299 -0.03) (0.993203562266 0.571558794695 -0.03) (0.994368730063 0.571982881091 -0.03) (0.99553389786 0.572406967487 -0.03) (0.996699065657 0.572831053883 -0.03) (0.997864233454 0.573255140279 -0.03) (0.999029401251 0.573679226675 -0.03) (1.00019456905 0.574103313071 -0.03) (1.00135973684 0.574527399467 -0.03) (1.00252490464 0.574951485863 -0.03) (1.00369007244 0.575375572259 -0.03) (1.00485524023 0.575799658655 -0.03) (1.00602040803 0.576223745051 -0.03) (1.00718557583 0.576647831447 -0.03) (1.00835074363 0.577071917843 -0.03) (1.00951591142 0.577496004239 -0.03) (1.01068107922 0.577920090635 -0.03) (1.01184624702 0.578344177031 -0.03) (1.01301141481 0.578768263427 -0.03))
    polyLine 58 62 ((0.936110340219 0.550778561292 0) (0.937275508016 0.551202647688 0) (0.938440675813 0.551626734084 0) (0.93960584361 0.55205082048 0) (0.940771011407 0.552474906876 0) (0.941936179204 0.552898993272 0) (0.943101347001 0.553323079668 0) (0.944266514798 0.553747166063 0) (0.945431682594 0.554171252459 0) (0.946596850391 0.554595338855 0) (0.947762018188 0.555019425251 0) (0.948927185985 0.555443511647 0) (0.950092353782 0.555867598043 0) (0.951257521579 0.556291684439 0) (0.952422689376 0.556715770835 0) (0.953587857172 0.557139857231 0) (0.954753024969 0.557563943627 0) (0.955918192766 0.557988030023 0) (0.957083360563 0.558412116419 0) (0.95824852836 0.558836202815 0) (0.959413696157 0.559260289211 0) (0.960578863954 0.559684375607 0) (0.961744031751 0.560108462003 0) (0.962909199547 0.560532548399 0) (0.964074367344 0.560956634795 0) (0.965239535141 0.561380721191 0) (0.966404702938 0.561804807587 0) (0.967569870735 0.562228893983 0) (0.968735038532 0.562652980379 0) (0.969900206329 0.563077066775 0) (0.971065374126 0.563501153171 0) (0.972230541922 0.563925239567 0) (0.973395709719 0.564349325963 0) (0.974560877516 0.564773412359 0) (0.975726045313 0.565197498755 0) (0.97689121311 0.565621585151 0) (0.978056380907 0.566045671547 0) (0.979221548704 0.566469757943 0) (0.980386716501 0.566893844339 0) (0.981551884297 0.567317930735 0) (0.982717052094 0.567742017131 0) (0.983882219891 0.568166103527 0) (0.985047387688 0.568590189923 0) (0.986212555485 0.569014276319 0) (0.987377723282 0.569438362715 0) (0.988542891079 0.569862449111 0) (0.989708058876 0.570286535507 0) (0.990873226672 0.570710621903 0) (0.992038394469 0.571134708299 0) (0.993203562266 0.571558794695 0) (0.994368730063 0.571982881091 0) (0.99553389786 0.572406967487 0) (0.996699065657 0.572831053883 0) (0.997864233454 0.573255140279 0) (0.999029401251 0.573679226675 0) (1.00019456905 0.574103313071 0) (1.00135973684 0.574527399467 0) (1.00252490464 0.574951485863 0) (1.00369007244 0.575375572259 0) (1.00485524023 0.575799658655 0) (1.00602040803 0.576223745051 0) (1.00718557583 0.576647831447 0) (1.00835074363 0.577071917843 0) (1.00951591142 0.577496004239 0) (1.01068107922 0.577920090635 0) (1.01184624702 0.578344177031 0) (1.01301141481 0.578768263427 0))
    polyLine 57 61 ((0.681128795433 1.48164810501 -0.03) (0.688739544907 1.48809751951 -0.03) (0.696394159436 1.49457549969 -0.03) (0.704093419884 1.50108266939 -0.03) (0.711838121642 1.50761966218 -0.03) (0.719629074985 1.5141871216 -0.03) (0.727467105437 1.52078570144 -0.03) (0.735353054153 1.52741606601 -0.03) (0.743287778306 1.53407889049 -0.03) (0.75127215149 1.54077486117 -0.03) (0.759307064138 1.54750467578 -0.03) (0.767393423945 1.55426904383 -0.03) (0.775532156315 1.56106868691 -0.03) (0.783724204809 1.56790433904 -0.03) (0.791970531622 1.57477674701 -0.03) (0.800272118061 1.58168667076 -0.03) (0.808629965049 1.58863488372 -0.03) (0.817045093639 1.59562217322 -0.03) (0.825518545544 1.60264934085 -0.03) (0.834051383689 1.60971720288 -0.03) (0.842644692779 1.61682659068 -0.03) (0.851299579879 1.62397835115 -0.03) (0.860017175023 1.63117334715 -0.03))
    polyLine 59 63 ((0.681128795433 1.48164810501 0) (0.688739544907 1.48809751951 0) (0.696394159436 1.49457549969 0) (0.704093419884 1.50108266939 0) (0.711838121642 1.50761966218 0) (0.719629074985 1.5141871216 0) (0.727467105437 1.52078570144 0) (0.735353054153 1.52741606601 0) (0.743287778306 1.53407889049 0) (0.75127215149 1.54077486117 0) (0.759307064138 1.54750467578 0) (0.767393423945 1.55426904383 0) (0.775532156315 1.56106868691 0) (0.783724204809 1.56790433904 0) (0.791970531622 1.57477674701 0) (0.800272118061 1.58168667076 0) (0.808629965049 1.58863488372 0) (0.817045093639 1.59562217322 0) (0.825518545544 1.60264934085 0) (0.834051383689 1.60971720288 0) (0.842644692779 1.61682659068 0) (0.851299579879 1.62397835115 0) (0.860017175023 1.63117334715 0))
    polyLine 60 64 ((1.01417658261 0.579192349823 -0.03) (1.01534175041 0.579616436219 -0.03) (1.0165069182 0.580040522615 -0.03) (1.017672086 0.580464609011 -0.03) (1.0188372538 0.580888695407 -0.03) (1.02000242159 0.581312781803 -0.03) (1.02116758939 0.581736868199 -0.03) (1.02233275719 0.582160954595 -0.03) (1.02349792498 0.582585040991 -0.03) (1.02466309278 0.583009127387 -0.03) (1.02582826058 0.583433213783 -0.03) (1.02699342838 0.583857300179 -0.03) (1.02815859617 0.584281386575 -0.03) (1.02932376397 0.584705472971 -0.03) (1.03048893177 0.585129559367 -0.03) (1.03165409956 0.585553645763 -0.03) (1.03281926736 0.585977732159 -0.03) (1.03398443516 0.586401818555 -0.03) (1.03514960295 0.58682590495 -0.03) (1.03631477075 0.587249991346 -0.03) (1.03747993855 0.587674077742 -0.03) (1.03864510634 0.588098164138 -0.03) (1.03981027414 0.588522250534 -0.03) (1.04097544194 0.58894633693 -0.03) (1.04214060973 0.589370423326 -0.03) (1.04330577753 0.589794509722 -0.03) (1.04447094533 0.590218596118 -0.03) (1.04563611313 0.590642682514 -0.03) (1.04680128092 0.59106676891 -0.03) (1.04796644872 0.591490855306 -0.03) (1.04913161652 0.591914941702 -0.03) (1.05029678431 0.592339028098 -0.03) (1.05146195211 0.592763114494 -0.03) (1.05262179337 0.593178532137 -0.03) (1.05378583838 0.593582020419 -0.03) (1.05495396443 0.593973536813 -0.03) (1.05612604842 0.594353040051 -0.03) (1.05730196678 0.594720490133 -0.03) (1.05848159559 0.595075848328 -0.03) (1.0596648105 0.595419077181 -0.03) (1.0608514868 0.595750140513 -0.03) (1.06204149941 0.596069003431 -0.03) (1.0632347229 0.596375632324 -0.03) (1.06443103149 0.596669994874 -0.03) (1.0656302991 0.596952060053 -0.03) (1.06683239932 0.597221798131 -0.03) (1.06803720545 0.597479180677 -0.03) (1.06924459048 0.597724180562 -0.03) (1.07045442717 0.597956771962 -0.03) (1.07166658799 0.598176930361 -0.03) (1.07288094517 0.598384632555 -0.03) (1.07409737072 0.59857985665 -0.03) (1.07531573643 0.598762582069 -0.03) (1.07653591387 0.598932789553 -0.03) (1.07775777443 0.599090461161 -0.03) (1.07898118933 0.599235580274 -0.03) (1.08020602961 0.599368131596 -0.03) (1.08143216617 0.599488101155 -0.03) (1.08265946978 0.599595476308 -0.03) (1.08388781107 0.599690245735 -0.03) (1.08511706057 0.599772399448 -0.03) (1.08634708872 0.599841928788 -0.03) (1.08757776586 0.599898826427 -0.03) (1.08880896228 0.599943086366 -0.03) (1.09004054821 0.59997470394 -0.03) (1.09127239383 0.599993675818 -0.03))
    polyLine 62 66 ((1.01417658261 0.579192349823 0) (1.01534175041 0.579616436219 0) (1.0165069182 0.580040522615 0) (1.017672086 0.580464609011 0) (1.0188372538 0.580888695407 0) (1.02000242159 0.581312781803 0) (1.02116758939 0.581736868199 0) (1.02233275719 0.582160954595 0) (1.02349792498 0.582585040991 0) (1.02466309278 0.583009127387 0) (1.02582826058 0.583433213783 0) (1.02699342838 0.583857300179 0) (1.02815859617 0.584281386575 0) (1.02932376397 0.584705472971 0) (1.03048893177 0.585129559367 0) (1.03165409956 0.585553645763 0) (1.03281926736 0.585977732159 0) (1.03398443516 0.586401818555 0) (1.03514960295 0.58682590495 0) (1.03631477075 0.587249991346 0) (1.03747993855 0.587674077742 0) (1.03864510634 0.588098164138 0) (1.03981027414 0.588522250534 0) (1.04097544194 0.58894633693 0) (1.04214060973 0.589370423326 0) (1.04330577753 0.589794509722 0) (1.04447094533 0.590218596118 0) (1.04563611313 0.590642682514 0) (1.04680128092 0.59106676891 0) (1.04796644872 0.591490855306 0) (1.04913161652 0.591914941702 0) (1.05029678431 0.592339028098 0) (1.05146195211 0.592763114494 0) (1.05262179337 0.593178532137 0) (1.05378583838 0.593582020419 0) (1.05495396443 0.593973536813 0) (1.05612604842 0.594353040051 0) (1.05730196678 0.594720490133 0) (1.05848159559 0.595075848328 0) (1.0596648105 0.595419077181 0) (1.0608514868 0.595750140513 0) (1.06204149941 0.596069003431 0) (1.0632347229 0.596375632324 0) (1.06443103149 0.596669994874 0) (1.0656302991 0.596952060053 0) (1.06683239932 0.597221798131 0) (1.06803720545 0.597479180677 0) (1.06924459048 0.597724180562 0) (1.07045442717 0.597956771962 0) (1.07166658799 0.598176930361 0) (1.07288094517 0.598384632555 0) (1.07409737072 0.59857985665 0) (1.07531573643 0.598762582069 0) (1.07653591387 0.598932789553 0) (1.07775777443 0.599090461161 0) (1.07898118933 0.599235580274 0) (1.08020602961 0.599368131596 0) (1.08143216617 0.599488101155 0) (1.08265946978 0.599595476308 0) (1.08388781107 0.599690245735 0) (1.08511706057 0.599772399448 0) (1.08634708872 0.599841928788 0) (1.08757776586 0.599898826427 0) (1.08880896228 0.599943086366 0) (1.09004054821 0.59997470394 0) (1.09127239383 0.599993675818 0))
    polyLine 61 65 ((0.877311238803 1.6454218138 -0.03) (0.88588515682 1.65247367267 -0.03) (0.894521479495 1.65956886385 -0.03) (0.903221322947 1.66670823242 -0.03) (0.911985826415 1.67389263964 -0.03) (0.920816152884 1.68112296337 -0.03) (0.929713489727 1.68840009863 -0.03) (0.938679049371 1.69572495798 -0.03) (0.947714069987 1.70309847208 -0.03) (0.956819816197 1.7105215902 -0.03) (0.965997579809 1.71799528072 -0.03) (0.975248680576 1.7255205317 -0.03) (0.984574466979 1.73309835142 -0.03) (0.993976317037 1.74072976902 -0.03) (1.00345563915 1.74841583504 -0.03) (1.01301387294 1.75615762206 -0.03) (1.0226524902 1.76395622539 -0.03) (1.03237299576 1.77181276366 -0.03) (1.04217692848 1.77972837957 -0.03) (1.05206586224 1.78770424058 -0.03) (1.06204140696 1.79574153964 -0.03) (1.07210520967 1.80384149597 -0.03) (1.08225895559 1.81200535582 -0.03))
    polyLine 63 67 ((0.877311238803 1.6454218138 0) (0.88588515682 1.65247367267 0) (0.894521479495 1.65956886385 0) (0.903221322947 1.66670823242 0) (0.911985826415 1.67389263964 0) (0.920816152884 1.68112296337 0) (0.929713489727 1.68840009863 0) (0.938679049371 1.69572495798 0) (0.947714069987 1.70309847208 0) (0.956819816197 1.7105215902 0) (0.965997579809 1.71799528072 0) (0.975248680576 1.7255205317 0) (0.984574466979 1.73309835142 0) (0.993976317037 1.74072976902 0) (1.00345563915 1.74841583504 0) (1.01301387294 1.75615762206 0) (1.0226524902 1.76395622539 0) (1.03237299576 1.77181276366 0) (1.04217692848 1.77972837957 0) (1.05206586224 1.78770424058 0) (1.06204140696 1.79574153964 0) (1.07210520967 1.80384149597 0) (1.08225895559 1.81200535582 0))
);

boundary
(
    body_fore
    {
        type wall;
        faces
        (
            (0 2 6 4)
            (4 6 10 8)
            (8 10 14 12)
            (12 14 18 16)
            (16 18 22 20)
            (20 22 26 24)
            (24 26 30 28)
            (28 30 34 32)
            (32 34 38 36)
            (36 38 42 40)
            (40 42 46 44)
            (44 46 50 48)
            (48 50 54 52)
            (52 54 58 56)
            (56 58 62 60)
            (60 62 66 64)
        );
    }
    freestream
    {
        type patch;
        faces
        (
            (1 5 7 3)
            (5 9 11 7)
            (9 13 15 11)
            (13 17 19 15)
            (17 21 23 19)
            (21 25 27 23)
            (25 29 31 27)
            (29 33 35 31)
            (33 37 39 35)
            (37 41 43 39)
            (41 45 47 43)
            (45 49 51 47)
            (49 53 55 51)
            (53 57 59 55)
            (57 61 63 59)
            (61 65 67 63)
        );
    }
    outlet
    {
        type patch;
        faces
        (
            (64 66 67 65)
        );
    }
    axis
    {
        type patch;
        faces
        (
            (0 1 3 2)
        );
    }
    front
    {
        type patch;
        faces
        (
            (2 6 7 3)
            (6 10 11 7)
            (10 14 15 11)
            (14 18 19 15)
            (18 22 23 19)
            (22 26 27 23)
            (26 30 31 27)
            (30 34 35 31)
            (34 38 39 35)
            (38 42 43 39)
            (42 46 47 43)
            (46 50 51 47)
            (50 54 55 51)
            (54 58 59 55)
            (58 62 63 59)
            (62 66 67 63)
        );
    }
    back
    {
        type patch;
        faces
        (
            (0 1 5 4)
            (4 5 9 8)
            (8 9 13 12)
            (12 13 17 16)
            (16 17 21 20)
            (20 21 25 24)
            (24 25 29 28)
            (28 29 33 32)
            (32 33 37 36)
            (36 37 41 40)
            (40 41 45 44)
            (44 45 49 48)
            (48 49 53 52)
            (52 53 57 56)
            (56 57 61 60)
            (60 61 65 64)
        );
    }
);
