iteration,cd_fore,cd_aft,cd_viscous,cd_total,mean_abs_drho_dtau_kg_m3_s
5,0.002360497168192881,,0.0,0.002360497168192881,168.30615693
10,0.005560198086640315,,0.0,0.005560198086640315,168.1824147
15,0.009902227338368931,,0.0,0.009902227338368931,168.01967963
20,0.01579942998153152,,0.0,0.01579942998153152,167.81868467
25,0.023813655141799738,,0.0,0.023813655141799738,167.58004464
30,0.03470851476132186,,0.0,0.03470851476132186,167.30429316
35,0.049519754755174256,,0.0,0.049519754755174256,166.99190622
40,0.06964816266332288,,0.0,0.06964816266332288,166.64331776
45,0.09698044633952176,,0.0,0.09698044633952176,166.25893093
50,0.13404319435152123,,0.0,0.13404319435152123,165.83912749
55,0.1841928353306473,,0.0,0.1841928353306473,165.38427702
60,0.25183861838227567,,0.0,0.25183861838227567,164.89474779
65,0.3426785809338848,,0.0,0.3426785809338848,164.37092038
70,0.4638012862784339,,0.0,0.4638012862784339,163.81320541
75,0.6236673872254407,,0.0,0.6236673872254407,163.2220666
80,0.8318893695698154,,0.0,0.8318893695698154,162.59805026
85,1.0985723666249296,,0.0,1.0985723666249296,161.94189321
90,1.433152379985818,,0.0,1.433152379985818,161.25456212
95,1.842539677329645,,0.0,1.842539677329645,160.5370802
100,2.3286271880793046,,0.0,2.3286271880793046,159.79078419
105,2.885417401194023,,0.0,2.885417401194023,159.01740607
110,3.4963540802203528,,0.0,3.4963540802203528,158.21917338
115,4.109679716922221,,0.0,4.109679716922221,168.81197154
120,4.626022489661411,,0.0,4.626022489661411,247.46573772
125,4.933124288034882,,0.0,4.933124288034882,391.68033937
130,4.97984882344348,,0.0,4.97984882344348,560.71782619
135,4.778841618996352,,0.0,4.778841618996352,673.29891618
140,4.389541630490994,,0.0,4.389541630490994,744.6752524
145,3.895328716904615,,0.0,3.895328716904615,760.7518355
150,3.376754526117907,,0.0,3.376754526117907,730.80818697
155,2.897613728485685,,0.0,2.897613728485685,691.2121111
160,2.493982783801288,,0.0,2.493982783801288,656.26144027
165,2.1705011321983396,,0.0,2.1705011321983396,620.73532606
170,1.9225852584007868,,0.0,1.9225852584007868,576.74520623
175,1.7397567178306723,,0.0,1.7397567178306723,535.87800452
180,1.6109044587260255,,0.0,1.6109044587260255,498.32870552
185,1.5262219913608364,,0.0,1.5262219913608364,460.15767432
190,1.475001786345266,,0.0,1.475001786345266,427.03693749
195,1.4479381296952913,,0.0,1.4479381296952913,398.50800318
200,1.4381813529498517,,0.0,1.4381813529498517,372.64596232
205,1.4404946609094602,,0.0,1.4404946609094602,347.65634975
210,1.4507130468717968,,0.0,1.4507130468717968,326.00987131
215,1.4654538655471026,,0.0,1.4654538655471026,306.25506315
220,1.4822646332644873,,0.0,1.4822646332644873,287.5664104
225,1.4993943055704768,,0.0,1.4993943055704768,270.57762942
230,1.515712219925264,,0.0,1.515712219925264,255.08852341
235,1.5306174056419313,,0.0,1.5306174056419313,239.65021858
240,1.543876275785463,,0.0,1.543876275785463,225.46655753
245,1.5553402667796958,,0.0,1.5553402667796958,215.15752482
250,1.565140469277278,,0.0,1.565140469277278,206.99265175
255,1.5734903599896926,,0.0,1.5734903599896926,199.90929655
260,1.5806619905109203,,0.0,1.5806619905109203,193.56666415
265,1.586934427353577,,0.0,1.586934427353577,190.50714103
270,1.592569485420399,,0.0,1.592569485420399,187.29743928
275,1.597679397795633,,0.0,1.597679397795633,183.96078436
280,1.602331628834341,,0.0,1.602331628834341,180.83561272
285,1.6065282462096775,,0.0,1.6065282462096775,178.21743941
290,1.6102609724923076,,0.0,1.6102609724923076,176.40044054
295,1.613567289029997,,0.0,1.613567289029997,174.98211369
300,1.6165375999473048,,0.0,1.6165375999473048,173.2882504
305,1.6192841307184833,,0.0,1.6192841307184833,171.28670319
310,1.621905645983604,,0.0,1.621905645983604,169.3584564
315,1.6244392040495466,,0.0,1.6244392040495466,167.90569839
320,1.6268500529370293,,0.0,1.6268500529370293,167.04246516
325,1.6290497696153572,,0.0,1.6290497696153572,166.60658031
330,1.6309306360978335,,0.0,1.6309306360978335,166.34840731
335,1.632410482274835,,0.0,1.632410482274835,165.99183922
340,1.6334753075015305,,0.0,1.6334753075015305,165.32334052
345,1.6341836919000854,,0.0,1.6341836919000854,164.61591379
350,1.6346466810212157,,0.0,1.6346466810212157,163.80297392
355,1.634988275372258,,0.0,1.634988275372258,163.15661245
360,1.635298354487111,,0.0,1.635298354487111,163.40322651
365,1.6356046020316977,,0.0,1.6356046020316977,163.86581284
370,1.6358684804907049,,0.0,1.6358684804907049,164.20384203
375,1.6360037860827281,,0.0,1.6360037860827281,164.20987661
380,1.63591158649829,,0.0,1.63591158649829,164.27875324
385,1.6355197187716117,,0.0,1.6355197187716117,164.43318705
390,1.6348118471120858,,0.0,1.6348118471120858,164.60424566
395,1.6338329167758374,,0.0,1.6338329167758374,165.05275168
400,1.6326729361676695,,0.0,1.6326729361676695,165.97875368
405,1.6314355927213473,,0.0,1.6314355927213473,166.6106208
410,1.6302032823512738,,0.0,1.6302032823512738,166.76588705
415,1.6290119344651859,,0.0,1.6290119344651859,166.54340789
420,1.627845552728168,,0.0,1.627845552728168,166.47251909
425,1.6266503468239613,,0.0,1.6266503468239613,166.98616064
430,1.6253587786678765,,0.0,1.6253587786678765,167.70276385
435,1.6239213595870745,,0.0,1.6239213595870745,168.47573706
440,1.6223194285007376,,0.0,1.6223194285007376,169.19767617
445,1.6205769766052573,,0.0,1.6205769766052573,169.89190727
450,1.6187520443369021,,0.0,1.6187520443369021,170.06713585
455,1.6169146284326186,,0.0,1.6169146284326186,169.67843053
460,1.6151209914591127,,0.0,1.6151209914591127,169.15687881
465,1.613394490737592,,0.0,1.613394490737592,169.33635672
470,1.6117217036086071,,0.0,1.6117217036086071,169.92710351
475,1.6100632227718066,,0.0,1.6100632227718066,170.67856153
480,1.6083742367073757,,0.0,1.6083742367073757,171.32664945
485,1.6066125492388086,,0.0,1.6066125492388086,171.84164763
490,1.6047615866695786,,0.0,1.6047615866695786,172.12277691
495,1.6028371626947127,,0.0,1.6028371626947127,171.86170073
500,1.6008806357674614,,0.0,1.6008806357674614,171.15841428
505,1.598942450924994,,0.0,1.598942450924994,170.47162031
510,1.5970631504797512,,0.0,1.5970631504797512,170.51200968
515,1.5952584662881222,,0.0,1.5952584662881222,171.04042475
520,1.5935189633282052,,0.0,1.5935189633282052,171.63336089
525,1.5918101932720081,,0.0,1.5918101932720081,172.17827543
530,1.5900908387103545,,0.0,1.5900908387103545,172.54525268
535,1.5883268220842037,,0.0,1.5883268220842037,172.57362795
540,1.5865044553823031,,0.0,1.5865044553823031,172.10320113
545,1.584635386139128,,0.0,1.584635386139128,171.23868177
550,1.5827518126191364,,0.0,1.5827518126191364,170.22787838
555,1.5808942132607096,,0.0,1.5808942132607096,169.7830368
560,1.57909644792712,,0.0,1.57909644792712,170.13023
565,1.5773737077908272,,0.0,1.5773737077908272,170.62357039
570,1.5757176949628364,,0.0,1.5757176949628364,171.13581921
575,1.574101074714223,,0.0,1.574101074714223,171.46304195
580,1.5724877281358913,,0.0,1.5724877281358913,171.59862523
585,1.570845982302568,,0.0,1.570845982302568,171.07669056
590,1.5691599537817278,,0.0,1.5691599537817278,170.23840437
595,1.5674349615858365,,0.0,1.5674349615858365,169.08655505
600,1.5656953122894521,,0.0,1.5656953122894521,167.85012738
605,1.5639755353106812,,0.0,1.5639755353106812,167.52679566
610,1.562308289256321,,0.0,1.562308289256321,167.86401711
615,1.56071332530783,,0.0,1.56071332530783,168.37569014
620,1.559191274346296,,0.0,1.559191274346296,168.85684091
625,1.5577239776753458,,0.0,1.5577239776753458,169.25825426
630,1.5562810796474218,,0.0,1.5562810796474218,169.18106027
635,1.554830470448667,,0.0,1.554830470448667,168.47698
640,1.5533489630471136,,0.0,1.5533489630471136,167.5095102
645,1.551829651060124,,0.0,1.551829651060124,166.21360009
650,1.5502836558097106,,0.0,1.5502836558097106,164.68645438
655,1.5487359204902036,,0.0,1.5487359204902036,163.91158983
660,1.5472166816090704,,0.0,1.5472166816090704,164.05620366
665,1.5457515461767914,,0.0,1.5457515461767914,164.60507033
670,1.544353367974476,,0.0,1.544353367974476,165.15398338
675,1.543018409122129,,0.0,1.543018409122129,165.72156804
680,1.5417278159187233,,0.0,1.5417278159187233,165.79970708
685,1.540453761854981,,0.0,1.540453761854981,165.21594565
690,1.5391681770265275,,0.0,1.5391681770265275,164.29750627
695,1.5378512794376618,,0.0,1.5378512794376618,163.05577901
700,1.536497316430938,,0.0,1.536497316430938,161.51392234
705,1.5351158975591341,,0.0,1.5351158975591341,159.92965921
710,1.5337287111841567,,0.0,1.5337287111841567,159.10605942
715,1.5323628022313378,,0.0,1.5323628022313378,159.3676662
720,1.5310425220619297,,0.0,1.5310425220619297,159.99793816
725,1.5297825209149534,,0.0,1.5297825209149534,160.70367937
730,1.5285837328237695,,0.0,1.5285837328237695,161.32417447
735,1.527433381479515,,0.0,1.527433381479515,161.32504477
740,1.5263088661941233,,0.0,1.5263088661941233,160.7451507
745,1.5251842859118865,,0.0,1.5251842859118865,159.75315555
750,1.5240376665841888,,0.0,1.5240376665841888,158.47470749
755,1.5228568634070248,,0.0,1.5228568634070248,156.97441748
760,1.5216425783712744,,0.0,1.5216425783712744,155.3179125
765,1.5204078125925473,,0.0,1.5204078125925473,153.76310922
770,1.519174066802701,,0.0,1.519174066802701,153.52901649
775,1.517965455704608,,0.0,1.517965455704608,154.04305265
780,1.5168023724639221,,0.0,1.5168023724639221,154.86399017
785,1.51569634647306,,0.0,1.51569634647306,155.72993644
790,1.5146473416781092,,0.0,1.5146473416781092,156.07473392
795,1.5136440683391288,,0.0,1.5136440683391288,155.88316185
800,1.5126671033777372,,0.0,1.5126671033777372,155.2050856
805,1.511693913223532,,0.0,1.511693913223532,154.05036597
810,1.5107044421704885,,0.0,1.5107044421704885,152.74125037
815,1.5096858647566587,,0.0,1.5096858647566587,151.24608164
820,1.5086353862424504,,0.0,1.5086353862424504,149.57244607
825,1.507560517069474,,0.0,1.507560517069474,148.02362101
830,1.5064768855482802,,0.0,1.5064768855482802,147.23477043
835,1.5054042384939368,,0.0,1.5054042384939368,147.60351693
840,1.5043616640202768,,0.0,1.5043616640202768,148.51030897
845,1.503363180736711,,0.0,1.503363180736711,149.42739419
850,1.5024146792786317,,0.0,1.5024146792786317,149.93464778
855,1.501512832206775,,0.0,1.501512832206775,149.98515121
860,1.5006461208575699,,0.0,1.5006461208575699,149.55794322
865,1.499797641560101,,0.0,1.499797641560101,148.65908595
870,1.498948974258322,,0.0,1.498948974258322,147.43107294
875,1.4980842075748058,,0.0,1.4980842075748058,146.1219372
880,1.4971932356852764,,0.0,1.4971932356852764,144.58900294
885,1.4962736608174383,,0.0,1.4962736608174383,143.0318373
890,1.4953309732710292,,0.0,1.4953309732710292,141.56933991
895,1.494377071336108,,0.0,1.494377071336108,140.51661808
900,1.4934275182016268,,0.0,1.4934275182016268,140.83076355
905,1.4924981760919274,,0.0,1.4924981760919274,141.72093058
910,1.4916019407054715,,0.0,1.4916019407054715,142.59207821
915,1.4907462275460588,,0.0,1.4907462275460588,143.14085069
920,1.4899316734829695,,0.0,1.4899316734829695,143.33590587
925,1.489152245286964,,0.0,1.489152245286964,143.07833312
930,1.4883966562121975,,0.0,1.4883966562121975,142.39414993
935,1.4876507445563962,,0.0,1.4876507445563962,141.4150861
940,1.4869002917294543,,0.0,1.4869002917294543,140.17471733
945,1.486133712449152,,0.0,1.486133712449152,138.83887002
950,1.4853441133072713,,0.0,1.4853441133072713,137.42200702
955,1.4845303702700767,,0.0,1.4845303702700767,136.00762346
960,1.4836970878837528,,0.0,1.4836970878837528,134.62886527
965,1.4828535135401526,,0.0,1.4828535135401526,133.54592169
970,1.482011668037784,,0.0,1.482011668037784,133.71075741
975,1.4811840721892737,,0.0,1.4811840721892737,134.50488286
980,1.4803814996271758,,0.0,1.4803814996271758,135.28710683
985,1.4796111480347678,,0.0,1.4796111480347678,135.86024498
990,1.4788755224728043,,0.0,1.4788755224728043,136.11007144
995,1.478172179883279,,0.0,1.478172179883279,135.99520893
1000,1.4774943304038117,,0.0,1.4774943304038117,135.53326487
1005,1.476832145288808,,0.0,1.476832145288808,134.80443394
1010,1.4761745088301867,,0.0,1.4761745088301867,133.78465
1015,1.4755108970281918,,0.0,1.4755108970281918,132.55378198
1020,1.4748330612716667,,0.0,1.4748330612716667,131.3287149
1025,1.474136254670089,,0.0,1.474136254670089,130.07489615
1030,1.4734198291263159,,0.0,1.4734198291263159,128.77835465
1035,1.4726871490068028,,0.0,1.4726871490068028,127.52872131
1040,1.4719448754277804,,0.0,1.4719448754277804,126.48271145
1045,1.4712017758523812,,0.0,1.4712017758523812,126.35646095
1050,1.4704672720785799,,0.0,1.4704672720785799,126.94022858
1055,1.4697499683912485,,0.0,1.4697499683912485,127.57971394
1060,1.469056383312771,,0.0,1.469056383312771,128.14815313
1065,1.4683900660950628,,0.0,1.4683900660950628,128.44981163
1070,1.467751200500798,,0.0,1.467751200500798,128.46657848
1075,1.4671367244425155,,0.0,1.4671367244425155,128.21469156
1080,1.4665409143304569,,0.0,1.4665409143304569,127.7478043
1085,1.4659563178583863,,0.0,1.4659563178583863,127.0076607
1090,1.4653748814056835,,0.0,1.4653748814056835,126.05771647
1095,1.4647890965268031,,0.0,1.4647890965268031,124.94696548
1100,1.4641930043459015,,0.0,1.4641930043459015,123.877477
1105,1.4635829283619617,,0.0,1.4635829283619617,122.76530372
1110,1.4629578522039692,,0.0,1.4629578522039692,121.61452654
1115,1.462319416886325,,0.0,1.462319416886325,120.49879929
1120,1.461671563263818,,0.0,1.461671563263818,119.50024556
1125,1.4610198896731685,,0.0,1.4610198896731685,118.84373602
1130,1.460370828930748,,0.0,1.460370828930748,119.05449897
1135,1.4597307639513193,,0.0,1.4597307639513193,119.52512591
1140,1.4591052010031345,,0.0,1.4591052010031345,120.04012783
1145,1.4584981052680173,,0.0,1.4584981052680173,120.41437742
1150,1.4579114701904794,,0.0,1.4579114701904794,120.55946628
1155,1.4573451626579794,,0.0,1.4573451626579794,120.51425414
1160,1.4567970401449504,,0.0,1.4567970401449504,120.29798625
1165,1.4562633103786422,,0.0,1.4562633103786422,119.86598069
1170,1.455739068529941,,0.0,1.455739068529941,119.23220007
1175,1.4552189384490386,,0.0,1.4552189384490386,118.43253704
1180,1.4546977296201113,,0.0,1.4546977296201113,117.53277445
1185,1.4541710332360345,,0.0,1.4541710332360345,116.5667143
1190,1.4536356887784245,,0.0,1.4536356887784245,115.6139263
1195,1.4530900776886049,,0.0,1.4530900776886049,114.64029931
1200,1.4525342210500045,,0.0,1.4525342210500045,113.64337323
1205,1.45196968589789,,0.0,1.45196968589789,112.73117368
1210,1.451399321863623,,0.0,1.451399321863623,111.8464321
1215,1.4508268715678518,,0.0,1.4508268715678518,111.17242102
1220,1.4502565049137504,,0.0,1.4502565049137504,111.23541546
1225,1.4496923356651812,,0.0,1.4496923356651812,111.53680399
1230,1.449137973205498,,0.0,1.449137973205498,111.93770767
1235,1.4485961575072783,,0.0,1.4485961575072783,112.24237773
1240,1.4480685094995245,,0.0,1.4480685094995245,112.38660009
1245,1.4475554174167524,,0.0,1.4475554174167524,112.38774498
1250,1.447056058755697,,0.0,1.447056058755697,112.28367626
1255,1.4465685471107976,,0.0,1.4465685471107976,111.99285707
1260,1.446090178189127,,0.0,1.446090178189127,111.54818342
1265,1.4456177440657738,,0.0,1.4456177440657738,110.96149538
1270,1.445147877629693,,0.0,1.445147877629693,110.28015158
1275,1.4446773919146496,,0.0,1.4446773919146496,109.51897469
1280,1.4442035811306673,,0.0,1.4442035811306673,108.71057902
1285,1.4437244553263477,,0.0,1.4437244553263477,107.85899527
1290,1.443238892713528,,0.0,1.443238892713528,107.04062855
1295,1.4427466979274106,,0.0,1.4427466979274106,106.20264505
1300,1.4422485685924844,,0.0,1.4422485685924844,105.40689013
1305,1.4417459796755472,,0.0,1.4417459796755472,104.61671925
1310,1.4412410009705716,,0.0,1.4412410009705716,103.85726416
1315,1.4407360691731081,,0.0,1.4407360691731081,103.23711979
1320,1.4402337412415842,,0.0,1.4402337412415842,103.21782517
1325,1.4397364497546672,,0.0,1.4397364497546672,103.39794569
1330,1.4392462868373,,0.0,1.4392462868373,103.67096799
1335,1.4387648321249047,,0.0,1.4387648321249047,103.90189445
1340,1.4382930383639443,,0.0,1.4382930383639443,104.01687244
1345,1.4378311812608064,,0.0,1.4378311812608064,104.03319738
1350,1.4373788714581897,,0.0,1.4373788714581897,103.9792211
1355,1.4369351237735855,,0.0,1.4369351237735855,103.80616271
1360,1.4364984722224852,,0.0,1.4364984722224852,103.49299842
1365,1.4360671167291112,,0.0,1.4360671167291112,103.06401421
1370,1.43563908892451,,0.0,1.43563908892451,102.56161051
1375,1.4352124191921887,,0.0,1.4352124191921887,101.98614441
1380,1.4347852947314583,,0.0,1.4347852947314583,101.34704333
1385,1.4343561957888273,,0.0,1.4343561957888273,100.65784792
1390,1.4339239995781017,,0.0,1.4339239995781017,99.959324066
1395,1.433488048146571,,0.0,1.433488048146571,99.247487783
1400,1.4330481755713864,,0.0,1.4330481755713864,98.553137885
1405,1.4326046949851425,,0.0,1.4326046949851425,97.854062923
1410,1.4321583481752518,,0.0,1.4321583481752518,97.183259451
1415,1.4317102249928468,,0.0,1.4317102249928468,96.517355687
1420,1.4312616596821892,,0.0,1.4312616596821892,95.856074537
1425,1.4308141132376264,,0.0,1.4308141132376264,95.250000176
1430,1.4303690536397307,,0.0,1.4303690536397307,94.960439239
1435,1.4299278417053698,,0.0,1.4299278417053698,94.999411949
1440,1.4294916329062926,,0.0,1.4294916329062926,95.157034892
1445,1.429061300894912,,0.0,1.429061300894912,95.338264272
1450,1.4286373881017143,,0.0,1.4286373881017143,95.465192584
1455,1.4282200842775663,,0.0,1.4282200842775663,95.501701423
1460,1.4278092331056793,,0.0,1.4278092331056793,95.475328872
1465,1.427404363015851,,0.0,1.427404363015851,95.414230802
1470,1.4270047384583702,,0.0,1.4270047384583702,95.244200587
1475,1.4266094255246307,,0.0,1.4266094255246307,94.967033909
1480,1.4262173654272512,,0.0,1.4262173654272512,94.626179082
1485,1.4258274510990436,,0.0,1.4258274510990436,94.230732774
1490,1.4254386009226405,,0.0,1.4254386009226405,93.785372601
1495,1.425049826347175,,0.0,1.425049826347175,93.261638198
1500,1.4246602891503748,,0.0,1.4246602891503748,92.696745606
1505,1.4243755991007254,,0.0,1.4243755991007254,168.33187725
1510,1.4228838842003684,,0.0,1.4228838842003684,148.63470484
1515,1.4208607220332827,,0.0,1.4208607220332827,128.1879518
1520,1.4187756498096862,,0.0,1.4187756498096862,112.35684775
1525,1.416810268590504,,0.0,1.416810268590504,107.88089203
1530,1.4150160528830917,,0.0,1.4150160528830917,105.67936798
1535,1.413442656908876,,0.0,1.413442656908876,104.25070879
1540,1.4121219963644558,,0.0,1.4121219963644558,105.16171102
1545,1.41104578371542,,0.0,1.41104578371542,107.65130466
1550,1.4101752073618705,,0.0,1.4101752073618705,110.20050626
1555,1.4094505962077224,,0.0,1.4094505962077224,112.36734538
1560,1.4088046405929002,,0.0,1.4088046405929002,114.32865181
1565,1.408178214721148,,0.0,1.408178214721148,116.60016859
1570,1.4075319329993135,,0.0,1.4075319329993135,118.87555635
1575,1.4068549780061812,,0.0,1.4068549780061812,120.07348311
1580,1.4061569602925612,,0.0,1.4061569602925612,122.44466668
1585,1.405453587013547,,0.0,1.405453587013547,124.54120542
1590,1.4047589689717703,,0.0,1.4047589689717703,125.71771852
1595,1.4040785706428873,,0.0,1.4040785706428873,126.94059055
1600,1.4034092426116211,,0.0,1.4034092426116211,128.58577168
1605,1.4027438196307402,,0.0,1.4027438196307402,130.46551337
1610,1.4020765954512948,,0.0,1.4020765954512948,133.2092959
1615,1.401405999669661,,0.0,1.401405999669661,136.46771756
1620,1.4007323847159496,,0.0,1.4007323847159496,138.91822274
1625,1.4000541371463993,,0.0,1.4000541371463993,141.03511971
1630,1.399365200527522,,0.0,1.399365200527522,142.21438798
1635,1.3986567911781624,,0.0,1.3986567911781624,143.39785595
1640,1.3979261338203561,,0.0,1.3979261338203561,144.33092981
1645,1.397187363209507,,0.0,1.397187363209507,145.15682743
1650,1.3964796276566185,,0.0,1.3964796276566185,145.90012781
1655,1.395862631941361,,0.0,1.395862631941361,146.6551856
1660,1.3953880748788214,,0.0,1.3953880748788214,146.63411548
1665,1.395060831606657,,0.0,1.395060831606657,146.4209498
1670,1.3948225090089803,,0.0,1.3948225090089803,146.558662
1675,1.3945278554793934,,0.0,1.3945278554793934,146.97644578
1680,1.393998592406076,,0.0,1.393998592406076,147.9553108
1685,1.393069045575027,,0.0,1.393069045575027,148.93773544
1690,1.3916482325020438,,0.0,1.3916482325020438,149.62741976
1695,1.3897895109811926,,0.0,1.3897895109811926,149.72482922
1700,1.387714452139142,,0.0,1.387714452139142,150.27207717
1705,1.385757275368192,,0.0,1.385757275368192,150.24103244
1710,1.384332229016993,,0.0,1.384332229016993,150.06956839
1715,1.3839107539173778,,0.0,1.3839107539173778,150.4543881
1720,1.385039939993339,,0.0,1.385039939993339,150.59749925
1725,1.388301635884867,,0.0,1.388301635884867,151.48814117
1730,1.3941807155625818,,0.0,1.3941807155625818,152.46950575
1735,1.40215032981873,,0.0,1.40215032981873,153.12289706
1740,1.410950216895184,,0.0,1.410950216895184,151.87193961
1745,1.4193303338852372,,0.0,1.4193303338852372,150.45569377
1750,1.426450988665687,,0.0,1.426450988665687,149.24955686
1755,1.4317635281446517,,0.0,1.4317635281446517,148.90295215
1760,1.4350702886819042,,0.0,1.4350702886819042,148.67794933
1765,1.4366765381286997,,0.0,1.4366765381286997,150.16160724
1770,1.4369009979347391,,0.0,1.4369009979347391,151.49499875
1775,1.4358755450772696,,0.0,1.4358755450772696,152.11100134
1780,1.4342837670969828,,0.0,1.4342837670969828,151.55303183
1785,1.4325672869927413,,0.0,1.4325672869927413,152.39144647
1790,1.4308162320599296,,0.0,1.4308162320599296,152.94653478
1795,1.429071112673959,,0.0,1.429071112673959,153.4307072
1800,1.4272872283460938,,0.0,1.4272872283460938,154.53133098
1805,1.425328038669005,,0.0,1.425328038669005,155.0444556
1810,1.4230732782707627,,0.0,1.4230732782707627,154.42918951
1815,1.4204178839302501,,0.0,1.4204178839302501,153.46412883
1820,1.4174967082576384,,0.0,1.4174967082576384,152.32483959
1825,1.4143933545367517,,0.0,1.4143933545367517,151.176667
1830,1.4111380691306252,,0.0,1.4111380691306252,150.7155396
1835,1.40774728626079,,0.0,1.40774728626079,150.20524123
1840,1.4042183398090504,,0.0,1.4042183398090504,150.18078449
1845,1.4006776496374846,,0.0,1.4006776496374846,150.43058199
1850,1.3972138104383223,,0.0,1.3972138104383223,150.85088472
1855,1.3939921307715255,,0.0,1.3939921307715255,151.53689791
1860,1.391137871534313,,0.0,1.391137871534313,151.5050951
1865,1.3887597115688552,,0.0,1.3887597115688552,151.02691421
1870,1.38696018158963,,0.0,1.38696018158963,150.35329353
1875,1.3858000804690769,,0.0,1.3858000804690769,149.44481423
1880,1.385247512595995,,0.0,1.385247512595995,149.2542131
1885,1.3851661249435951,,0.0,1.3851661249435951,148.30966323
1890,1.3853838849596571,,0.0,1.3853838849596571,147.93408769
1895,1.38574901540442,,0.0,1.38574901540442,146.84203957
1900,1.3861056044403381,,0.0,1.3861056044403381,146.11694067
1905,1.386420903887226,,0.0,1.386420903887226,145.82162856
1910,1.3866900699206859,,0.0,1.3866900699206859,145.01963582
1915,1.3869671424897745,,0.0,1.3869671424897745,145.11833248
1920,1.3872481284677678,,0.0,1.3872481284677678,145.26319096
1925,1.3875673742586219,,0.0,1.3875673742586219,145.28111039
1930,1.3879019024171253,,0.0,1.3879019024171253,144.77672494
1935,1.3881050899159209,,0.0,1.3881050899159209,144.17548589
1940,1.3881148219771482,,0.0,1.3881148219771482,143.94723916
1945,1.388000859552653,,0.0,1.388000859552653,144.70585285
1950,1.3878329914144283,,0.0,1.3878329914144283,145.35670287
1955,1.3876293162521625,,0.0,1.3876293162521625,145.5706297
1960,1.3873649875558909,,0.0,1.3873649875558909,146.03475367
1965,1.386994977357572,,0.0,1.386994977357572,145.75016525
1970,1.3865286611714394,,0.0,1.3865286611714394,144.53831182
1975,1.3859771648106491,,0.0,1.3859771648106491,142.98944301
1980,1.3853897260677037,,0.0,1.3853897260677037,140.96947683
1985,1.3847777946172004,,0.0,1.3847777946172004,139.18725318
1990,1.384144510143601,,0.0,1.384144510143601,137.92474691
1995,1.3834726144250618,,0.0,1.3834726144250618,136.7366835
2000,1.382712832367628,,0.0,1.382712832367628,136.08244715
2005,1.3818925298887303,,0.0,1.3818925298887303,135.91924467
2010,1.3810464318960267,,0.0,1.3810464318960267,135.87053881
2015,1.3801782571821475,,0.0,1.3801782571821475,136.41417969
2020,1.379332950254695,,0.0,1.379332950254695,137.09726718
2025,1.3785335354663923,,0.0,1.3785335354663923,138.07433103
2030,1.3778164634472791,,0.0,1.3778164634472791,139.18515945
2035,1.3772328171018373,,0.0,1.3772328171018373,140.40516925
2040,1.376809574487244,,0.0,1.376809574487244,141.34637058
2045,1.3765375112911395,,0.0,1.3765375112911395,141.37540314
2050,1.3764172343170857,,0.0,1.3764172343170857,140.45169067
2055,1.3764373565170043,,0.0,1.3764373565170043,139.20462008
2060,1.3765710272075742,,0.0,1.3765710272075742,138.12321921
2065,1.3768003942130542,,0.0,1.3768003942130542,136.60859625
2070,1.3770994862412225,,0.0,1.3770994862412225,135.36221529
2075,1.3774640858576233,,0.0,1.3774640858576233,134.39406848
2080,1.377882791043696,,0.0,1.377882791043696,133.82214583
2085,1.3782728644332813,,0.0,1.3782728644332813,132.75516256
2090,1.3785969555455813,,0.0,1.3785969555455813,131.31843505
2095,1.3788317721809882,,0.0,1.3788317721809882,130.91195509
2100,1.3789588082031798,,0.0,1.3789588082031798,131.11960697
2105,1.378991808635997,,0.0,1.378991808635997,131.664182
2110,1.379033737090372,,0.0,1.379033737090372,132.43043751
2115,1.379113839776349,,0.0,1.379113839776349,133.26627587
2120,1.3791883587218259,,0.0,1.3791883587218259,133.77089529
2125,1.379211328432288,,0.0,1.379211328432288,134.15638996
2130,1.3791846128575722,,0.0,1.3791846128575722,134.3816699
2135,1.3790881868563896,,0.0,1.3790881868563896,134.72800248
2140,1.3788995219732516,,0.0,1.3788995219732516,135.70969838
2145,1.3786279213650594,,0.0,1.3786279213650594,136.15930906
2150,1.3783068015192925,,0.0,1.3783068015192925,136.1225706
2155,1.377976356684671,,0.0,1.377976356684671,135.38437735
2160,1.3776468589825817,,0.0,1.3776468589825817,134.42442426
2165,1.3772466211343306,,0.0,1.3772466211343306,133.61069991
2170,1.3767248253377313,,0.0,1.3767248253377313,132.86060042
2175,1.3760483733528144,,0.0,1.3760483733528144,132.07074432
2180,1.375259971849541,,0.0,1.375259971849541,131.75561824
2185,1.3744597258251925,,0.0,1.3744597258251925,131.53966059
2190,1.3737336615362001,,0.0,1.3737336615362001,130.95215474
2195,1.3730857807173165,,0.0,1.3730857807173165,130.38037371
2200,1.3724691474124917,,0.0,1.3724691474124917,129.94503444
2205,1.3718384571987723,,0.0,1.3718384571987723,129.80699812
2210,1.3711667191693164,,0.0,1.3711667191693164,129.71452232
2215,1.3704674789910387,,0.0,1.3704674789910387,129.59483229
2220,1.3697648055820855,,0.0,1.3697648055820855,129.34990985
2225,1.369047955874639,,0.0,1.369047955874639,128.7701656
2230,1.3683374112354454,,0.0,1.3683374112354454,128.31322083
2235,1.367695745162903,,0.0,1.367695745162903,127.92461193
2240,1.367192557925678,,0.0,1.367192557925678,127.07499383
2245,1.3668212180989965,,0.0,1.3668212180989965,125.8561495
2250,1.3665400900261728,,0.0,1.3665400900261728,125.00492951
2255,1.3662891827418102,,0.0,1.3662891827418102,124.4210836
2260,1.3660628249280857,,0.0,1.3660628249280857,124.11533634
2265,1.3658857004157186,,0.0,1.3658857004157186,123.64516436
2270,1.365795003867733,,0.0,1.365795003867733,123.12942817
2275,1.3658007134850407,,0.0,1.3658007134850407,122.71195453
2280,1.3658829403577442,,0.0,1.3658829403577442,122.44032739
2285,1.366018083395277,,0.0,1.366018083395277,121.99093165
2290,1.3661629774566486,,0.0,1.3661629774566486,121.4103495
2295,1.366321672805925,,0.0,1.366321672805925,120.48663181
2300,1.366535181953454,,0.0,1.366535181953454,119.59256495
2305,1.3668447901218752,,0.0,1.3668447901218752,118.71487142
2310,1.3672649392109943,,0.0,1.3672649392109943,118.37518815
2315,1.3677301444625647,,0.0,1.3677301444625647,118.25472323
2320,1.3681484515585542,,0.0,1.3681484515585542,118.22899669
2325,1.368478867824505,,0.0,1.368478867824505,118.26376837
2330,1.3687096774854914,,0.0,1.3687096774854914,118.38789902
2335,1.3688687286332373,,0.0,1.3688687286332373,118.15897628
2340,1.3689909460313434,,0.0,1.3689909460313434,118.072902
2345,1.3690688295927838,,0.0,1.3690688295927838,118.20743699
2350,1.3690955882076368,,0.0,1.3690955882076368,118.00553587
2355,1.3690794663701757,,0.0,1.3690794663701757,117.89640156
2360,1.3690360545904836,,0.0,1.3690360545904836,117.80861839
2365,1.3689601677171594,,0.0,1.3689601677171594,117.37100297
2370,1.368810737973824,,0.0,1.368810737973824,116.75064852
2375,1.3684764575768074,,0.0,1.3684764575768074,115.54004309
2380,1.3678846972297987,,0.0,1.3678846972297987,114.45253179
2385,1.3670771844084444,,0.0,1.3670771844084444,113.50469587
2390,1.366198222463823,,0.0,1.366198222463823,112.72705425
2395,1.3654593843610483,,0.0,1.3654593843610483,112.29958739
2400,1.364959799396198,,0.0,1.364959799396198,111.56688589
2405,1.3646267649175952,,0.0,1.3646267649175952,111.02163095
2410,1.3642742235259089,,0.0,1.3642742235259089,110.4223633
2415,1.3637400921764051,,0.0,1.3637400921764051,109.95714133
2420,1.362998757745658,,0.0,1.362998757745658,109.27656753
2425,1.3621423777759993,,0.0,1.3621423777759993,108.50019205
2430,1.3613101707693418,,0.0,1.3613101707693418,107.60911559
2435,1.3605941997044695,,0.0,1.3605941997044695,107.35470425
2440,1.3600071309819524,,0.0,1.3600071309819524,107.5401725
2445,1.3594870834882125,,0.0,1.3594870834882125,107.85381427
2450,1.358961628905667,,0.0,1.358961628905667,108.23481389
2455,1.3584092829699894,,0.0,1.3584092829699894,108.5339378
2460,1.3578621981609122,,0.0,1.3578621981609122,108.78191762
2465,1.3573992283766554,,0.0,1.3573992283766554,108.7120294
2470,1.357043670432726,,0.0,1.357043670432726,108.58728809
2475,1.3567466052831476,,0.0,1.3567466052831476,108.41085056
2480,1.3564361153533013,,0.0,1.3564361153533013,108.28238472
2485,1.3560900437051766,,0.0,1.3560900437051766,108.25889051
2490,1.3557277365686773,,0.0,1.3557277365686773,107.79046748
2495,1.3553835116543347,,0.0,1.3553835116543347,107.62995383
2500,1.3551099318235895,,0.0,1.3551099318235895,107.39649675
2505,1.354916877969217,,0.0,1.354916877969217,106.92083426
2510,1.3548091965354485,,0.0,1.3548091965354485,106.21470463
2515,1.3547664012901315,,0.0,1.3547664012901315,105.52844328
2520,1.3547577318836603,,0.0,1.3547577318836603,104.92344009
2525,1.3547430570680963,,0.0,1.3547430570680963,104.24478442
2530,1.3547005554937461,,0.0,1.3547005554937461,103.39081482
2535,1.3546040072336218,,0.0,1.3546040072336218,102.87250547
2540,1.3544371721834505,,0.0,1.3544371721834505,102.74269463
2545,1.3542541574099523,,0.0,1.3542541574099523,102.43738275
2550,1.3541288894017551,,0.0,1.3541288894017551,101.93105293
2555,1.3541112703912808,,0.0,1.3541112703912808,101.10566155
2560,1.3542093218126114,,0.0,1.3542093218126114,100.37715668
2565,1.3543817615619582,,0.0,1.3543817615619582,100.2232749
2570,1.354554856394673,,0.0,1.354554856394673,100.60350275
2575,1.3546780965262486,,0.0,1.3546780965262486,100.7315834
2580,1.3547156256548045,,0.0,1.3547156256548045,100.6638955
2585,1.3546589797189903,,0.0,1.3546589797189903,100.34532064
2590,1.354518570564696,,0.0,1.354518570564696,100.0444526
2595,1.3543193753193468,,0.0,1.3543193753193468,99.9505629
2600,1.3540904102713243,,0.0,1.3540904102713243,99.854444623
2605,1.3538853120399335,,0.0,1.3538853120399335,99.283427869
2610,1.3537522108514723,,0.0,1.3537522108514723,98.600215828
2615,1.3537188507528108,,0.0,1.3537188507528108,97.968644135
2620,1.3537769438352762,,0.0,1.3537769438352762,97.811435919
2625,1.353871974213219,,0.0,1.353871974213219,97.55830658
2630,1.3539471699492633,,0.0,1.3539471699492633,97.390749693
2635,1.3539582579619518,,0.0,1.3539582579619518,96.747776129
2640,1.3538507687741308,,0.0,1.3538507687741308,96.066650361
2645,1.3536691956581064,,0.0,1.3536691956581064,95.754473972
2650,1.3535260173387942,,0.0,1.3535260173387942,95.401889512
2655,1.3534583535020517,,0.0,1.3534583535020517,94.931367726
2660,1.353452804817432,,0.0,1.353452804817432,94.345423869
2665,1.3534537076622863,,0.0,1.3534537076622863,93.65628506
2670,1.353444384919004,,0.0,1.353444384919004,93.075871517
2675,1.3534157148230317,,0.0,1.3534157148230317,92.911458662
2680,1.3533629161764902,,0.0,1.3533629161764902,92.558887714
2685,1.353307246440895,,0.0,1.353307246440895,92.128666376
2690,1.3532785197065968,,0.0,1.3532785197065968,91.760847031
2695,1.3532877491338708,,0.0,1.3532877491338708,91.378830371
2700,1.3532951542830867,,0.0,1.3532951542830867,90.987756135
2705,1.3532551054975557,,0.0,1.3532551054975557,90.611283124
2710,1.353151880651702,,0.0,1.353151880651702,89.9420637
2715,1.3529973610690378,,0.0,1.3529973610690378,89.415621558
2720,1.352831601897549,,0.0,1.352831601897549,89.087824138
2725,1.3527033432859454,,0.0,1.3527033432859454,89.033158825
2730,1.3526419167760222,,0.0,1.3526419167760222,89.226803056
2735,1.3526540579621609,,0.0,1.3526540579621609,89.301353704
2740,1.3527163206982913,,0.0,1.3527163206982913,89.362846791
2745,1.3527516618908162,,0.0,1.3527516618908162,89.725190472
2750,1.3526367968709745,,0.0,1.3526367968709745,89.707723329
2755,1.3522647183757313,,0.0,1.3522647183757313,89.616410668
2760,1.351652488763116,,0.0,1.351652488763116,89.479741975
2765,1.3509207282054965,,0.0,1.3509207282054965,89.527459654
2770,1.3502222254482403,,0.0,1.3502222254482403,89.732749883
2775,1.349705504894749,,0.0,1.349705504894749,89.713641114
2780,1.3494574113125903,,0.0,1.3494574113125903,89.457746678
2785,1.349444246519704,,0.0,1.349444246519704,89.062917909
2790,1.3495567939840858,,0.0,1.3495567939840858,89.060824271
2795,1.3496212376700223,,0.0,1.3496212376700223,89.163423887
2800,1.3495075273734047,,0.0,1.3495075273734047,89.26569621
2805,1.3491272259663338,,0.0,1.3491272259663338,89.44940999
2810,1.3484487318828366,,0.0,1.3484487318828366,89.543581914
2815,1.3475083183527339,,0.0,1.3475083183527339,89.429392371
2820,1.3464212819200279,,0.0,1.3464212819200279,89.153643271
2825,1.3453685821604646,,0.0,1.3453685821604646,89.047254144
2830,1.3445466639922325,,0.0,1.3445466639922325,88.852158445
2835,1.3440853079012458,,0.0,1.3440853079012458,88.385013124
2840,1.3440025056629947,,0.0,1.3440025056629947,87.712109999
2845,1.3442057159917762,,0.0,1.3442057159917762,87.243472564
2850,1.3445511570083217,,0.0,1.3445511570083217,86.884008729
2855,1.3448689845954578,,0.0,1.3448689845954578,86.120045198
2860,1.3450140349736186,,0.0,1.3450140349736186,85.209156164
2865,1.3448741111124685,,0.0,1.3448741111124685,84.263268027
2870,1.3444043291348609,,0.0,1.3444043291348609,83.80980424
2875,1.3436701740485502,,0.0,1.3436701740485502,83.660901309
2880,1.3428029906301269,,0.0,1.3428029906301269,83.828805702
2885,1.3419706971689322,,0.0,1.3419706971689322,83.77691769
2890,1.3413420324615077,,0.0,1.3413420324615077,83.221899235
2895,1.3410348607391291,,0.0,1.3410348607391291,82.54630813
2900,1.341096106854737,,0.0,1.341096106854737,81.895694333
2905,1.341492212974546,,0.0,1.341492212974546,81.411192606
2910,1.3421053332061215,,0.0,1.3421053332061215,80.959757285
2915,1.3428018940422768,,0.0,1.3428018940422768,80.413816308
2920,1.3434572420131252,,0.0,1.3434572420131252,80.021789109
2925,1.343935641624285,,0.0,1.343935641624285,79.699290886
2930,1.3441468928487765,,0.0,1.3441468928487765,79.42849288
2935,1.3440635378254555,,0.0,1.3440635378254555,79.132819267
2940,1.3437201049743963,,0.0,1.3437201049743963,78.782877926
2945,1.343232593953267,,0.0,1.343232593953267,78.239514145
2950,1.3427534841174622,,0.0,1.3427534841174622,77.571316934
2955,1.3424145958059026,,0.0,1.3424145958059026,76.75510354
2960,1.342312615506169,,0.0,1.342312615506169,76.152647756
2965,1.3424902950491784,,0.0,1.3424902950491784,75.778512936
2970,1.3429249174761166,,0.0,1.3429249174761166,75.60160371
2975,1.3435384778398805,,0.0,1.3435384778398805,75.574601771
2980,1.3442433307015915,,0.0,1.3442433307015915,75.599019676
2985,1.344940338281898,,0.0,1.344940338281898,75.506576376
2990,1.3455098465035769,,0.0,1.3455098465035769,75.410300167
2995,1.345868309594408,,0.0,1.345868309594408,75.071934913
3000,1.3459985690110103,,0.0,1.3459985690110103,74.323036744
3005,1.3459131142527514,,0.0,1.3459131142527514,73.506679611
3010,1.3456546101969957,,0.0,1.3456546101969957,73.114216255
3015,1.3453065858989246,,0.0,1.3453065858989246,72.877260976
3020,1.3449258476032697,,0.0,1.3449258476032697,72.701383694
3025,1.3445612659514483,,0.0,1.3445612659514483,72.651674197
3030,1.3442478597715926,,0.0,1.3442478597715926,72.777219037
3035,1.3439983912753615,,0.0,1.3439983912753615,72.824731496
3040,1.3438248172624496,,0.0,1.3438248172624496,72.583033125
3045,1.3437348365530402,,0.0,1.3437348365530402,72.243602672
3050,1.3437509474121474,,0.0,1.3437509474121474,71.938782698
3055,1.3438915258576487,,0.0,1.3438915258576487,71.522523245
3060,1.3441436905377953,,0.0,1.3441436905377953,70.750839373
3065,1.3444146514073643,,0.0,1.3444146514073643,70.084007269
3070,1.344589228317856,,0.0,1.344589228317856,69.677951984
3075,1.3445667059753152,,0.0,1.3445667059753152,69.39273676
3080,1.34428816467713,,0.0,1.34428816467713,69.03737502
3085,1.343737563052183,,0.0,1.343737563052183,68.702751994
3090,1.3429637694963183,,0.0,1.3429637694963183,68.500549231
3095,1.3420805375957987,,0.0,1.3420805375957987,68.652790609
3100,1.341232021745402,,0.0,1.341232021745402,69.196576407
3105,1.340571693344502,,0.0,1.340571693344502,69.799432949
3110,1.3402144795404436,,0.0,1.3402144795404436,70.307319111
3115,1.340208891932569,,0.0,1.340208891932569,70.518323522
3120,1.3404690296422375,,0.0,1.3404690296422375,70.605496695
3125,1.3408361378125053,,0.0,1.3408361378125053,70.495133748
3130,1.3411616297877145,,0.0,1.3411616297877145,70.132293806
3135,1.3413211678504067,,0.0,1.3413211678504067,69.569804732
3140,1.3412259684307644,,0.0,1.3412259684307644,68.785047488
3145,1.3408391998999662,,0.0,1.3408391998999662,68.149388667
3150,1.3401896309096617,,0.0,1.3401896309096617,67.7765644
3155,1.339363981847659,,0.0,1.339363981847659,67.650354827
3160,1.3385198013242676,,0.0,1.3385198013242676,67.727138135
3165,1.3378247097162252,,0.0,1.3378247097162252,67.64179157
3170,1.3373822400118185,,0.0,1.3373822400118185,67.599196747
3175,1.3372056016658735,,0.0,1.3372056016658735,67.671617072
3180,1.337248236602273,,0.0,1.337248236602273,67.705958599
3185,1.3374394391069648,,0.0,1.3374394391069648,67.79309741
3190,1.3376938281513169,,0.0,1.3376938281513169,67.919836203
3195,1.3379253810967642,,0.0,1.3379253810967642,67.931541938
3200,1.3380811199004818,,0.0,1.3380811199004818,67.644376124
3205,1.3381233140809226,,0.0,1.3381233140809226,67.133566268
3210,1.3380324230414173,,0.0,1.3380324230414173,66.245300035
3215,1.3378287310373584,,0.0,1.3378287310373584,65.546081189
3220,1.3375463121346727,,0.0,1.3375463121346727,64.947726197
3225,1.3372102174399199,,0.0,1.3372102174399199,64.536221829
3230,1.336876081009044,,0.0,1.336876081009044,64.134769076
3235,1.3365864856312646,,0.0,1.3365864856312646,63.969119285
3240,1.3363679299340525,,0.0,1.3363679299340525,63.709060307
3245,1.3362315533287537,,0.0,1.3362315533287537,63.627142862
3250,1.3361710667156295,,0.0,1.3361710667156295,63.700850255
3255,1.3361834601544,,0.0,1.3361834601544,63.567154865
3260,1.33626142343366,,0.0,1.33626142343366,63.613990653
3265,1.3363967750599173,,0.0,1.3363967750599173,63.557817464
3270,1.33654145728896,,0.0,1.33654145728896,63.363813822
3275,1.3366420830095271,,0.0,1.3366420830095271,63.049247254
3280,1.3366471324285525,,0.0,1.3366471324285525,62.572091216
3285,1.3365468173454993,,0.0,1.3365468173454993,62.06688263
3290,1.336344958477034,,0.0,1.336344958477034,61.550204399
3295,1.3360565472644277,,0.0,1.3360565472644277,60.797709343
3300,1.3357150933864135,,0.0,1.3357150933864135,60.295980673
3305,1.335370147393826,,0.0,1.335370147393826,60.275111667
3310,1.3350773535724398,,0.0,1.3350773535724398,60.301809474
3315,1.3348831929003873,,0.0,1.3348831929003873,60.300279538
3320,1.3348120458066066,,0.0,1.3348120458066066,60.270651309
3325,1.334842572741437,,0.0,1.334842572741437,60.3452769
3330,1.3349289272257,,0.0,1.3349289272257,60.466599292
3335,1.3350396451723545,,0.0,1.3350396451723545,60.448855286
3340,1.3351098150678833,,0.0,1.3351098150678833,60.25763513
3345,1.3351070356730357,,0.0,1.3351070356730357,59.698156077
3350,1.335016972750726,,0.0,1.335016972750726,58.979643719
3355,1.3348353865355294,,0.0,1.3348353865355294,58.224176305
3360,1.3345759084003728,,0.0,1.3345759084003728,57.894144503
3365,1.3342490534874776,,0.0,1.3342490534874776,57.539727025
3370,1.3338825038409647,,0.0,1.3338825038409647,57.076093933
3375,1.3335143317684006,,0.0,1.3335143317684006,56.68842909
3380,1.3331795004576246,,0.0,1.3331795004576246,56.196704675
3385,1.3329062305158692,,0.0,1.3329062305158692,55.950366254
3390,1.3327188365019496,,0.0,1.3327188365019496,55.611380063
3395,1.3326442531833975,,0.0,1.3326442531833975,55.190181553
3400,1.3326932692880031,,0.0,1.3326932692880031,54.956758215
3405,1.3328490572448053,,0.0,1.3328490572448053,55.137165695
3410,1.3330770857643872,,0.0,1.3330770857643872,55.367474156
3415,1.3333204757456687,,0.0,1.3333204757456687,55.424713364
3420,1.3335114699111443,,0.0,1.3335114699111443,55.392137506
3425,1.3335879019595431,,0.0,1.3335879019595431,55.303244643
3430,1.3335155886651684,,0.0,1.3335155886651684,55.244621025
3435,1.3333032650551069,,0.0,1.3333032650551069,55.370522238
3440,1.3329564215538503,,0.0,1.3329564215538503,55.413145463
3445,1.3325471896891639,,0.0,1.3325471896891639,55.422741638
3450,1.3321495325026043,,0.0,1.3321495325026043,55.351925626
3455,1.3318283288221346,,0.0,1.3318283288221346,55.222008324
3460,1.331641319674372,,0.0,1.331641319674372,55.031336704
3465,1.3316368136838646,,0.0,1.3316368136838646,54.785666509
3470,1.331844579655254,,0.0,1.331844579655254,54.399987602
3475,1.332260384435078,,0.0,1.332260384435078,54.076731757
3480,1.3328434096302462,,0.0,1.3328434096302462,53.92320166
3485,1.3335165622455534,,0.0,1.3335165622455534,53.886086823
3490,1.334170758861536,,0.0,1.334170758861536,53.795292007
3495,1.3346761309159418,,0.0,1.3346761309159418,53.873814255
3500,1.3349243017208399,,0.0,1.3349243017208399,53.82459062
3505,1.3348410549840097,,0.0,1.3348410549840097,53.590034077
3510,1.3344118241763783,,0.0,1.3344118241763783,53.402319801
3515,1.333681358066487,,0.0,1.333681358066487,53.203379527
3520,1.332751826455429,,0.0,1.332751826455429,53.304546825
3525,1.3317714083027186,,0.0,1.3317714083027186,53.334237227
3530,1.3309118754246718,,0.0,1.3309118754246718,53.268056587
3535,1.3303361659300859,,0.0,1.3303361659300859,53.113444721
3540,1.330143117315382,,0.0,1.330143117315382,52.72828643
3545,1.3303711016720405,,0.0,1.3303711016720405,52.209855398
3550,1.3309736492497912,,0.0,1.3309736492497912,51.835377449
3555,1.3318354064920437,,0.0,1.3318354064920437,51.637410345
3560,1.3328121471457042,,0.0,1.3328121471457042,51.591939739
3565,1.3337536925690454,,0.0,1.3337536925690454,51.624623285
3570,1.3345470169907658,,0.0,1.3345470169907658,51.649436049
3575,1.3351142564358076,,0.0,1.3351142564358076,51.585640396
3580,1.335398376858594,,0.0,1.335398376858594,51.498151137
3585,1.3353695977276065,,0.0,1.3353695977276065,51.576126113
3590,1.335025136154885,,0.0,1.335025136154885,51.537816384
3595,1.3343980836436822,,0.0,1.3343980836436822,51.1663893
3600,1.3335372657992124,,0.0,1.3335372657992124,50.769774231
3605,1.3325230299500894,,0.0,1.3325230299500894,50.51002692
3610,1.3314748895757547,,0.0,1.3314748895757547,50.225679245
3615,1.330521226669539,,0.0,1.330521226669539,49.769412595
3620,1.3298066936442738,,0.0,1.3298066936442738,49.255318971
3625,1.3294743822399808,,0.0,1.3294743822399808,49.001569999
3630,1.3296029638397464,,0.0,1.3296029638397464,48.652924843
3635,1.3301504050710633,,0.0,1.3301504050710633,48.278691988
3640,1.3309786701001456,,0.0,1.3309786701001456,48.243194036
3645,1.3319238660756674,,0.0,1.3319238660756674,48.518175519
3650,1.3328454059441004,,0.0,1.3328454059441004,48.596713434
3655,1.3336396358305098,,0.0,1.3336396358305098,48.530369055
3660,1.3342519724820756,,0.0,1.3342519724820756,48.211273187
3665,1.3346437591186397,,0.0,1.3346437591186397,47.780289286
3670,1.3348076048129447,,0.0,1.3348076048129447,47.285398694
3675,1.3347554281899552,,0.0,1.3347554281899552,46.652723118
3680,1.334507331364192,,0.0,1.334507331364192,46.222330363
3685,1.3340961286354718,,0.0,1.3340961286354718,45.89742241
3690,1.3335572112226823,,0.0,1.3335572112226823,45.795471438
3695,1.3329327718092165,,0.0,1.3329327718092165,45.875314967
3700,1.332275439376146,,0.0,1.332275439376146,45.850060525
3705,1.3316491397554637,,0.0,1.3316491397554637,45.403343215
3710,1.3311205738076188,,0.0,1.3311205738076188,44.784212696
3715,1.3307614624948916,,0.0,1.3307614624948916,44.153124816
3720,1.3306325516692628,,0.0,1.3306325516692628,43.880439341
3725,1.3307635755785097,,0.0,1.3307635755785097,43.825294704
3730,1.3311449702050724,,0.0,1.3311449702050724,43.851618151
3735,1.3317111897859868,,0.0,1.3317111897859868,43.931113877
3740,1.3323627968827427,,0.0,1.3323627968827427,43.836135657
3745,1.3329940443726769,,0.0,1.3329940443726769,43.763421578
3750,1.3335137103686188,,0.0,1.3335137103686188,43.469027649
3755,1.3338517105562984,,0.0,1.3338517105562984,42.991056437
3760,1.3339892774397175,,0.0,1.3339892774397175,42.514809186
3765,1.3339431356677702,,0.0,1.3339431356677702,42.055761909
3770,1.3337255728878163,,0.0,1.3337255728878163,41.85861828
3775,1.333400833927882,,0.0,1.333400833927882,41.77388451
3780,1.3330226174100204,,0.0,1.3330226174100204,41.638677572
3785,1.3326191288462277,,0.0,1.3326191288462277,41.473905993
3790,1.3322245317510646,,0.0,1.3322245317510646,41.200299566
3795,1.3318659190801614,,0.0,1.3318659190801614,40.759908823
3800,1.331569529099348,,0.0,1.331569529099348,40.283798625
3805,1.3313572229548494,,0.0,1.3313572229548494,39.785898991
3810,1.3312397201359747,,0.0,1.3312397201359747,39.359829146
3815,1.3312174262180474,,0.0,1.3312174262180474,38.941602036
3820,1.3312728540555947,,0.0,1.3312728540555947,38.637718703
3825,1.33137471621327,,0.0,1.33137471621327,38.441450275
3830,1.3314860027887552,,0.0,1.3314860027887552,38.236090303
3835,1.331571093639533,,0.0,1.331571093639533,38.104883998
3840,1.3316073908221258,,0.0,1.3316073908221258,37.912806726
3845,1.3315837705194407,,0.0,1.3315837705194407,37.68339794
3850,1.3315181252027681,,0.0,1.3315181252027681,37.464569894
3855,1.3314473880507027,,0.0,1.3314473880507027,37.243249142
3860,1.3314172221540113,,0.0,1.3314172221540113,37.041698532
3865,1.3314526632745074,,0.0,1.3314526632745074,36.786788737
3870,1.3315466988638818,,0.0,1.3315466988638818,36.532798154
3875,1.331665028552412,,0.0,1.331665028552412,36.241716114
3880,1.3317589905369138,,0.0,1.3317589905369138,36.041601744
3885,1.3317850684938248,,0.0,1.3317850684938248,36.011547028
3890,1.3317191166565212,,0.0,1.3317191166565212,36.140525178
3895,1.331555346812661,,0.0,1.331555346812661,36.426088018
3900,1.3313069895005007,,0.0,1.3313069895005007,36.728962308
3905,1.3310022285248357,,0.0,1.3310022285248357,36.960255549
3910,1.3306640833729833,,0.0,1.3306640833729833,37.175624639
3915,1.3303078553752037,,0.0,1.3303078553752037,37.221534611
3920,1.3299453653493087,,0.0,1.3299453653493087,37.202564487
3925,1.3295803768746224,,0.0,1.3295803768746224,37.06152825
3930,1.3292110712870178,,0.0,1.3292110712870178,36.790913256
3935,1.328836730252838,,0.0,1.328836730252838,36.434079092
3940,1.3284665948014818,,0.0,1.3284665948014818,36.028784215
3945,1.3281106813085908,,0.0,1.3281106813085908,35.622574651
3950,1.3277853036080658,,0.0,1.3277853036080658,35.188310534
3955,1.3275111435463658,,0.0,1.3275111435463658,34.888730109
3960,1.3273105787513668,,0.0,1.3273105787513668,34.619216007
3965,1.3271985017344006,,0.0,1.3271985017344006,34.380063265
3970,1.3271849701646907,,0.0,1.3271849701646907,34.211284849
3975,1.3272632949811056,,0.0,1.3272632949811056,34.123618158
3980,1.3274121902782128,,0.0,1.3274121902782128,34.174861323
3985,1.3276011484580554,,0.0,1.3276011484580554,34.295557523
3990,1.3277733876029358,,0.0,1.3277733876029358,34.401799324
3995,1.3278993133143349,,0.0,1.3278993133143349,34.485069118
4000,1.3279686681918408,,0.0,1.3279686681918408,34.518445264
4005,1.327987094610343,,0.0,1.327987094610343,34.573106674
4010,1.3279700750429426,,0.0,1.3279700750429426,34.572544185
4015,1.327944006816845,,0.0,1.327944006816845,34.502362661
4020,1.3279325369320967,,0.0,1.3279325369320967,34.404313068
4025,1.3279444969753962,,0.0,1.3279444969753962,34.265694221
4030,1.327975060962171,,0.0,1.327975060962171,34.164896249
4035,1.3280036711762129,,0.0,1.3280036711762129,34.023901313
4040,1.3280010115452259,,0.0,1.3280010115452259,33.902723611
4045,1.3279409175330077,,0.0,1.3279409175330077,33.810477878
4050,1.327809042302317,,0.0,1.327809042302317,33.693818744
4055,1.3276070666640876,,0.0,1.3276070666640876,33.414890126
4060,1.3273425419792482,,0.0,1.3273425419792482,33.104345447
4065,1.3270390780711463,,0.0,1.3270390780711463,32.883621598
4070,1.3267261221285547,,0.0,1.3267261221285547,32.711650625
4075,1.3264321312923308,,0.0,1.3264321312923308,32.614596016
4080,1.3261770765605194,,0.0,1.3261770765605194,32.551725516
4085,1.3259705431588638,,0.0,1.3259705431588638,32.554779965
4090,1.3258223241533078,,0.0,1.3258223241533078,32.657830732
4095,1.3257413606645814,,0.0,1.3257413606645814,32.770538069
4100,1.3257335229931728,,0.0,1.3257335229931728,32.885012658
4105,1.3258094469184412,,0.0,1.3258094469184412,32.997730801
4110,1.3259729267092009,,0.0,1.3259729267092009,33.026340502
4115,1.3262218395510197,,0.0,1.3262218395510197,32.937989112
4120,1.3265449488491694,,0.0,1.3265449488491694,32.766962723
4125,1.3269247091980487,,0.0,1.3269247091980487,32.599113768
4130,1.3273301902083208,,0.0,1.3273301902083208,32.639815499
4135,1.3277221645996875,,0.0,1.3277221645996875,32.760062882
4140,1.3280618827749988,,0.0,1.3280618827749988,32.769263539
4145,1.3283140217558167,,0.0,1.3283140217558167,32.735592331
4150,1.3284477440945517,,0.0,1.3284477440945517,32.772044242
4155,1.3284450200904894,,0.0,1.3284450200904894,32.760300065
4160,1.3283035084849062,,0.0,1.3283035084849062,32.806729906
4165,1.3280347288146512,,0.0,1.3280347288146512,32.842623091
4170,1.3276629922701813,,0.0,1.3276629922701813,32.854653881
4175,1.3272226517426615,,0.0,1.3272226517426615,32.807121944
4180,1.3267556884574183,,0.0,1.3267556884574183,32.650984849
4185,1.3263090145424827,,0.0,1.3263090145424827,32.615960837
4190,1.3259314174283388,,0.0,1.3259314174283388,32.731848479
4195,1.3256608536508203,,0.0,1.3256608536508203,32.921404544
4200,1.325529089326455,,0.0,1.325529089326455,32.981319497
4205,1.3255501001492696,,0.0,1.3255501001492696,32.944952565
4210,1.3257191822688785,,0.0,1.3257191822688785,32.876196826
4215,1.3260082753869673,,0.0,1.3260082753869673,32.71471544
4220,1.32637084600396,,0.0,1.32637084600396,32.383025229
4225,1.3267572790711941,,0.0,1.3267572790711941,31.866249344
4230,1.327126089135825,,0.0,1.327126089135825,31.37887678
4235,1.32744607945868,,0.0,1.32744607945868,31.11878308
4240,1.3277040985955535,,0.0,1.3277040985955535,31.044267403
4245,1.3279044182489,,0.0,1.3279044182489,31.116246163
4250,1.3280604622009544,,0.0,1.3280604622009544,31.326461256
4255,1.328186350610901,,0.0,1.328186350610901,31.473711495
4260,1.3282911548426686,,0.0,1.3282911548426686,31.50163459
4265,1.32837327804478,,0.0,1.32837327804478,31.53730308
4270,1.32842095853283,,0.0,1.32842095853283,31.54873751
4275,1.328420382917774,,0.0,1.328420382917774,31.420459409
4280,1.3283644576859426,,0.0,1.3283644576859426,31.334554648
4285,1.3282523135513127,,0.0,1.3282523135513127,31.286290783
4290,1.3280957849298842,,0.0,1.3280957849298842,31.216788756
4295,1.3279146842573395,,0.0,1.3279146842573395,31.083140122
4300,1.3277258212648153,,0.0,1.3277258212648153,30.873807376
4305,1.327541501189989,,0.0,1.327541501189989,30.736149899
4310,1.3273663892094985,,0.0,1.3273663892094985,30.710804113
4315,1.3272028416773052,,0.0,1.3272028416773052,30.640806578
4320,1.3270531353543031,,0.0,1.3270531353543031,30.42113491
4325,1.3269208365837093,,0.0,1.3269208365837093,30.167040717
4330,1.3268106467208283,,0.0,1.3268106467208283,30.009776581
4335,1.3267292426008976,,0.0,1.3267292426008976,29.958412008
4340,1.3266878600701215,,0.0,1.3266878600701215,29.830954218
4345,1.326695495265753,,0.0,1.326695495265753,29.544396263
4350,1.3267563764758477,,0.0,1.3267563764758477,29.254659672
4355,1.3268704692682953,,0.0,1.3268704692682953,29.005790778
4360,1.3270364972847009,,0.0,1.3270364972847009,28.787708397
4365,1.327254841773354,,0.0,1.327254841773354,28.558474056
4370,1.3275278175451264,,0.0,1.3275278175451264,28.429368979
4375,1.3278582240802637,,0.0,1.3278582240802637,28.346679948
4380,1.328243206258226,,0.0,1.328243206258226,28.267978191
4385,1.3286669805744595,,0.0,1.3286669805744595,28.183949714
4390,1.3290974797562292,,0.0,1.3290974797562292,28.045814939
4395,1.3294933650614196,,0.0,1.3294933650614196,27.731123284
4400,1.329816677583871,,0.0,1.329816677583871,27.458812812
4405,1.3300403695289071,,0.0,1.3300403695289071,27.179710689
4410,1.3301529736316149,,0.0,1.3301529736316149,26.929317302
4415,1.3301595837234506,,0.0,1.3301595837234506,26.793440458
4420,1.3300757528882914,,0.0,1.3300757528882914,26.759364732
4425,1.329916757131331,,0.0,1.329916757131331,26.608458341
4430,1.3296926922965242,,0.0,1.3296926922965242,26.424328888
4435,1.3294059519145294,,0.0,1.3294059519145294,26.183555269
4440,1.3290594352688094,,0.0,1.3290594352688094,25.920762453
4445,1.3286528303495564,,0.0,1.3286528303495564,25.855450705
4450,1.3281910428591626,,0.0,1.3281910428591626,25.854933576
4455,1.3276861607137997,,0.0,1.3276861607137997,25.78122343
4460,1.3271661155903862,,0.0,1.3271661155903862,25.706467024
4465,1.3266706952890397,,0.0,1.3266706952890397,25.734817771
4470,1.326236065252106,,0.0,1.326236065252106,25.794716183
4475,1.3258905408998742,,0.0,1.3258905408998742,25.720456646
4480,1.3256515322798323,,0.0,1.3256515322798323,25.621543154
4485,1.3255276390609536,,0.0,1.3255276390609536,25.481753984
4490,1.3255147991275396,,0.0,1.3255147991275396,25.326951375
4495,1.3255975321273086,,0.0,1.3255975321273086,25.237318768
4500,1.3257543131261231,,0.0,1.3257543131261231,25.176189684
4505,1.325959359459841,,0.0,1.325959359459841,25.175792429
4510,1.326188369045049,,0.0,1.326188369045049,25.045139807
4515,1.3264056826912216,,0.0,1.3264056826912216,25.008077093
4520,1.3266055948979334,,0.0,1.3266055948979334,24.966326832
4525,1.3267884421267806,,0.0,1.3267884421267806,24.840201533
4530,1.3269524437636129,,0.0,1.3269524437636129,24.697823709
4535,1.3270974520996681,,0.0,1.3270974520996681,24.563988145
4540,1.3272256187675577,,0.0,1.3272256187675577,24.480325785
4545,1.3273415112615214,,0.0,1.3273415112615214,24.382350264
4550,1.3274523406135175,,0.0,1.3274523406135175,24.295370265
4555,1.3275594254735543,,0.0,1.3275594254735543,24.074749393
4560,1.327657949338365,,0.0,1.327657949338365,23.833307784
4565,1.3277406568883134,,0.0,1.3277406568883134,23.658751154
4570,1.3277932831247972,,0.0,1.3277932831247972,23.570747736
4575,1.327795936268575,,0.0,1.327795936268575,23.613082094
4580,1.3277294153034247,,0.0,1.3277294153034247,23.724636082
4585,1.3275761446332708,,0.0,1.3275761446332708,23.867758514
4590,1.3273235313376623,,0.0,1.3273235313376623,24.000850398
4595,1.3269661462463325,,0.0,1.3269661462463325,24.091957414
4600,1.3265055913256723,,0.0,1.3265055913256723,24.147009832
4605,1.3259524942460308,,0.0,1.3259524942460308,24.225636521
4610,1.3253354144465626,,0.0,1.3253354144465626,24.247049084
4615,1.324692322685061,,0.0,1.324692322685061,24.20105519
4620,1.3240701243528397,,0.0,1.3240701243528397,24.09000259
4625,1.3235168301618436,,0.0,1.3235168301618436,23.952436599
4630,1.3230766405866903,,0.0,1.3230766405866903,23.866803528
4635,1.322786459738287,,0.0,1.322786459738287,23.878488235
4640,1.3226607753011657,,0.0,1.3226607753011657,23.821557852
4645,1.3226944531483205,,0.0,1.3226944531483205,23.879933767
4650,1.322879072882307,,0.0,1.322879072882307,24.048602667
4655,1.3231991748600116,,0.0,1.3231991748600116,24.200258075
4660,1.3236361763461422,,0.0,1.3236361763461422,24.349475063
4665,1.3241664872284877,,0.0,1.3241664872284877,24.42487995
4670,1.3247607140872577,,0.0,1.3247607140872577,24.488344794
4675,1.3253877147007878,,0.0,1.3253877147007878,24.533533234
4680,1.3260102136902012,,0.0,1.3260102136902012,24.453264623
4685,1.3265953401173556,,0.0,1.3265953401173556,24.250471284
4690,1.3271117072427037,,0.0,1.3271117072427037,24.106666841
4695,1.327535959242086,,0.0,1.327535959242086,23.910231434
4700,1.3278517641922696,,0.0,1.3278517641922696,23.854189341
4705,1.328049442927732,,0.0,1.328049442927732,23.692391339
4710,1.3281292926125532,,0.0,1.3281292926125532,23.65891783
4715,1.3280982862480177,,0.0,1.3280982862480177,23.702356597
4720,1.3279671451947448,,0.0,1.3279671451947448,23.775398205
4725,1.327756015730178,,0.0,1.327756015730178,23.828527938
4730,1.3274881274274075,,0.0,1.3274881274274075,23.798859724
4735,1.3271816333688744,,0.0,1.3271816333688744,23.665659452
4740,1.326846125392285,,0.0,1.326846125392285,23.670302878
4745,1.3264898769348459,,0.0,1.3264898769348459,23.632077345
4750,1.3261222958220822,,0.0,1.3261222958220822,23.536918028
4755,1.3257513555825322,,0.0,1.3257513555825322,23.44526606
4760,1.3253866516717694,,0.0,1.3253866516717694,23.265923065
4765,1.3250411339315007,,0.0,1.3250411339315007,22.886090921
4770,1.3247353335053276,,0.0,1.3247353335053276,22.493390546
4775,1.3244934257265772,,0.0,1.3244934257265772,22.221385759
4780,1.3243437443543797,,0.0,1.3243437443543797,22.058211092
4785,1.3243133087394934,,0.0,1.3243133087394934,22.028216141
4790,1.324418929361578,,0.0,1.324418929361578,22.05179031
4795,1.324660193534331,,0.0,1.324660193534331,22.227088836
4800,1.325017371284477,,0.0,1.325017371284477,22.35005439
4805,1.3254555240007195,,0.0,1.3254555240007195,22.451624751
4810,1.325931679037522,,0.0,1.325931679037522,22.618437622
4815,1.326407091039372,,0.0,1.326407091039372,22.623732366
4820,1.326855707124916,,0.0,1.326855707124916,22.592710327
4825,1.3272613787593333,,0.0,1.3272613787593333,22.732022511
4830,1.327619395854537,,0.0,1.327619395854537,22.921143382
4835,1.3279281739096982,,0.0,1.3279281739096982,23.089908296
4840,1.3281874236202411,,0.0,1.3281874236202411,23.178730921
4845,1.3283934429105737,,0.0,1.3283934429105737,23.226538501
4850,1.3285387124815502,,0.0,1.3285387124815502,23.310234836
4855,1.3286188505976695,,0.0,1.3286188505976695,23.387352978
4860,1.3286321770717677,,0.0,1.3286321770717677,23.421418764
4865,1.3285759137565376,,0.0,1.3285759137565376,23.566510929
4870,1.3284489641888833,,0.0,1.3284489641888833,23.688911085
4875,1.328258526426344,,0.0,1.328258526426344,23.752012706
4880,1.3280111813683149,,0.0,1.3280111813683149,23.997332083
4885,1.327713885049534,,0.0,1.327713885049534,24.332635613
4890,1.3273753628910283,,0.0,1.3273753628910283,24.650868491
4895,1.327013864410097,,0.0,1.327013864410097,24.843465822
4900,1.326646149311514,,0.0,1.326646149311514,24.89097937
4905,1.326285775363334,,0.0,1.326285775363334,24.752429287
4910,1.3259420685524432,,0.0,1.3259420685524432,24.456700897
4915,1.3256243119503452,,0.0,1.3256243119503452,24.300065489
4920,1.3253429684273264,,0.0,1.3253429684273264,23.94729958
4925,1.3251081923369763,,0.0,1.3251081923369763,23.552690127
4930,1.3249304479218758,,0.0,1.3249304479218758,23.271097523
4935,1.3248203213092835,,0.0,1.3248203213092835,23.091653423
4940,1.324785483249728,,0.0,1.324785483249728,22.94664536
4945,1.3248300519982166,,0.0,1.3248300519982166,22.928208883
4950,1.324952906016095,,0.0,1.324952906016095,23.154862695
4955,1.3251466250589112,,0.0,1.3251466250589112,23.459622145
4960,1.3253960380396026,,0.0,1.3253960380396026,23.607282005
4965,1.3256800581601555,,0.0,1.3256800581601555,23.589817812
4970,1.3259721451252555,,0.0,1.3259721451252555,23.594915116
4975,1.3262440362855639,,0.0,1.3262440362855639,23.49376247
4980,1.3264697526141092,,0.0,1.3264697526141092,23.438318536
4985,1.326629807283205,,0.0,1.326629807283205,23.457647096
4990,1.326711421364154,,0.0,1.326711421364154,23.487894988
4995,1.3267091744194703,,0.0,1.3267091744194703,23.369415486
5000,1.3266229036451562,,0.0,1.3266229036451562,23.218692328
5005,1.326464001328958,,0.0,1.326464001328958,23.070846115
5010,1.3262487931564086,,0.0,1.3262487931564086,22.856632596
5015,1.3259916796089781,,0.0,1.3259916796089781,22.496596971
5020,1.32570005148917,,0.0,1.32570005148917,22.175848414
5025,1.3254011959946268,,0.0,1.3254011959946268,22.00075536
5030,1.3251137733328877,,0.0,1.3251137733328877,21.929820121
5035,1.3248420059285688,,0.0,1.3248420059285688,21.844307441
5040,1.324580939175701,,0.0,1.324580939175701,21.795309466
5045,1.324327381616903,,0.0,1.324327381616903,21.804014043
5050,1.3240833661189573,,0.0,1.3240833661189573,21.933415627
5055,1.323853987137091,,0.0,1.323853987137091,21.945694833
5060,1.3236489398053408,,0.0,1.3236489398053408,21.988191154
5065,1.323477538633224,,0.0,1.323477538633224,22.003272531
5070,1.3233475297226969,,0.0,1.3233475297226969,21.945698692
5075,1.3232637549020934,,0.0,1.3232637549020934,21.870616117
5080,1.3232252528169226,,0.0,1.3232252528169226,21.844950133
5085,1.3232278200051795,,0.0,1.3232278200051795,21.655793015
5090,1.3232652304926613,,0.0,1.3232652304926613,21.501554021
5095,1.3233290467906227,,0.0,1.3233290467906227,21.358485451
5100,1.3234095102652303,,0.0,1.3234095102652303,21.257484215
5105,1.323497450497862,,0.0,1.323497450497862,21.140526155
5110,1.3235866211794092,,0.0,1.3235866211794092,20.939062193
5115,1.3236745288512413,,0.0,1.3236745288512413,20.747200511
5120,1.3237651324574806,,0.0,1.3237651324574806,20.554292694
5125,1.3238649251954453,,0.0,1.3238649251954453,20.520327839
5130,1.3239808355292342,,0.0,1.3239808355292342,20.577382387
5135,1.3241149293854453,,0.0,1.3241149293854453,20.744720309
5140,1.3242641350705582,,0.0,1.3242641350705582,21.115596313
5145,1.3244211859123214,,0.0,1.3244211859123214,21.366769502
5150,1.3245758487126025,,0.0,1.3245758487126025,21.550885294
5155,1.324716432647281,,0.0,1.324716432647281,21.733090336
5160,1.3248352481279713,,0.0,1.3248352481279713,21.974303731
5165,1.3249038493664322,,0.0,1.3249038493664322,22.224706541
5170,1.3249248152777993,,0.0,1.3249248152777993,22.476461764
5175,1.3249132710396538,,0.0,1.3249132710396538,22.650813227
5180,1.3248789139068515,,0.0,1.3248789139068515,22.70806264
5185,1.324828693801183,,0.0,1.324828693801183,22.518802174
5190,1.324769368148984,,0.0,1.324769368148984,22.190273351
5195,1.324708248908216,,0.0,1.324708248908216,21.807047496
5200,1.324650377763155,,0.0,1.324650377763155,21.482481072
5205,1.3245964010643874,,0.0,1.3245964010643874,21.138264682
5210,1.3245470736984981,,0.0,1.3245470736984981,20.79964954
5215,1.3244986289673113,,0.0,1.3244986289673113,20.565230899
5220,1.3244396870584827,,0.0,1.3244396870584827,20.449946343
5225,1.324360133040693,,0.0,1.324360133040693,20.318252742
5230,1.32425253893474,,0.0,1.32425253893474,20.249264587
5235,1.324109678488675,,0.0,1.324109678488675,20.30285114
5240,1.3239267693818328,,0.0,1.3239267693818328,20.491367682
5245,1.323701159094206,,0.0,1.323701159094206,20.739784476
5250,1.3234368190453187,,0.0,1.3234368190453187,21.054905555
5255,1.3231411346732513,,0.0,1.3231411346732513,21.461798513
5260,1.3228227455682637,,0.0,1.3228227455682637,21.813435515
5265,1.3224888455462591,,0.0,1.3224888455462591,22.028407861
5270,1.322143451187718,,0.0,1.322143451187718,22.175504038
5275,1.3217960939494002,,0.0,1.3217960939494002,22.07734157
5280,1.3214588154637361,,0.0,1.3214588154637361,21.866897388
5285,1.321143324644179,,0.0,1.321143324644179,21.607616264
5290,1.3208632704539733,,0.0,1.3208632704539733,21.331539414
5295,1.3206324319748082,,0.0,1.3206324319748082,21.178382855
5300,1.3204664824286823,,0.0,1.3204664824286823,21.033908743
5305,1.3203742270791963,,0.0,1.3203742270791963,20.922913634
5310,1.3203560278377673,,0.0,1.3203560278377673,20.74093131
5315,1.3204029758949565,,0.0,1.3204029758949565,20.613152264
5320,1.3205047716834923,,0.0,1.3205047716834923,20.483179255
5325,1.3206479467591998,,0.0,1.3206479467591998,20.335094449
5330,1.3208179572982375,,0.0,1.3208179572982375,20.348871755
5335,1.3210011911397979,,0.0,1.3210011911397979,20.426623689
5340,1.3211883403863272,,0.0,1.3211883403863272,20.45936792
5345,1.321373808697169,,0.0,1.321373808697169,20.504573645
5350,1.321554284851081,,0.0,1.321554284851081,20.480881492
5355,1.3217261919007557,,0.0,1.3217261919007557,20.361886407
5360,1.3218885359309025,,0.0,1.3218885359309025,20.397745437
5365,1.322039988435945,,0.0,1.322039988435945,20.505378053
5370,1.322180390354506,,0.0,1.322180390354506,20.469349678
5375,1.3223093292497894,,0.0,1.3223093292497894,20.347698846
5380,1.3224231323633988,,0.0,1.3224231323633988,20.268086593
5385,1.3225147444811494,,0.0,1.3225147444811494,20.12480638
5390,1.322577783561556,,0.0,1.322577783561556,20.04720086
5395,1.3226032860281653,,0.0,1.3226032860281653,19.977428229
5400,1.322580973147627,,0.0,1.322580973147627,19.939599415
5405,1.3225102970002782,,0.0,1.3225102970002782,19.911823228
5410,1.322392585467925,,0.0,1.322392585467925,19.860558861
5415,1.3222226455396635,,0.0,1.3222226455396635,19.713216579
5420,1.322019620595358,,0.0,1.322019620595358,19.522542242
5425,1.3217980166583816,,0.0,1.3217980166583816,19.205661859
5430,1.321551452435774,,0.0,1.321551452435774,18.852781579
5435,1.3212993189441329,,0.0,1.3212993189441329,18.62906767
5440,1.3210604781182502,,0.0,1.3210604781182502,18.570721832
5445,1.3208444485652224,,0.0,1.3208444485652224,18.603626943
5450,1.3206568180176776,,0.0,1.3206568180176776,18.666200615
5455,1.3205024143314994,,0.0,1.3205024143314994,18.814240802
5460,1.320389539263057,,0.0,1.320389539263057,19.153921684
5465,1.320323960315524,,0.0,1.320323960315524,19.510711118
5470,1.320307757387949,,0.0,1.320307757387949,19.824211225
5475,1.3203368363028503,,0.0,1.3203368363028503,20.031638764
5480,1.3203985690838964,,0.0,1.3203985690838964,20.128816709
5485,1.3204737524692927,,0.0,1.3204737524692927,20.162453437
5490,1.3205377036263515,,0.0,1.3205377036263515,20.093975016
5495,1.3205681043101118,,0.0,1.3205681043101118,19.879065845
5500,1.3205487159133487,,0.0,1.3205487159133487,19.617485798
5505,1.3204733719695267,,0.0,1.3204733719695267,19.328837781
5510,1.3203429751987465,,0.0,1.3203429751987465,19.072340097
5515,1.3201646481823648,,0.0,1.3201646481823648,18.884093217
5520,1.319946348230897,,0.0,1.319946348230897,18.717315546
5525,1.3196916096257765,,0.0,1.3196916096257765,18.665811532
5530,1.3194003489065622,,0.0,1.3194003489065622,18.610308197
5535,1.3190847584085417,,0.0,1.3190847584085417,18.613440071
5540,1.3187625479631175,,0.0,1.3187625479631175,18.671325722
5545,1.3184577564227176,,0.0,1.3184577564227176,18.690154727
5550,1.3182008208992757,,0.0,1.3182008208992757,18.674065818
5555,1.3180236792956077,,0.0,1.3180236792956077,18.763761708
5560,1.3179518705064968,,0.0,1.3179518705064968,18.924370698
5565,1.317999344651395,,0.0,1.317999344651395,19.131857305
5570,1.318163836072516,,0.0,1.318163836072516,19.306295264
5575,1.3184274697641327,,0.0,1.3184274697641327,19.465417825
5580,1.3187601980963664,,0.0,1.3187601980963664,19.589853758
5585,1.3191253663415976,,0.0,1.3191253663415976,19.662873208
5590,1.3194850722319922,,0.0,1.3194850722319922,19.760082937
5595,1.3198063965496005,,0.0,1.3198063965496005,19.755306512
5600,1.320066169353756,,0.0,1.320066169353756,19.681913603
5605,1.3202466990271435,,0.0,1.3202466990271435,19.619549961
5610,1.3203450043229084,,0.0,1.3203450043229084,19.614399506
5615,1.3203737149639376,,0.0,1.3203737149639376,19.531597976
5620,1.3203484232068707,,0.0,1.3203484232068707,19.27527504
5625,1.3202836209778763,,0.0,1.3202836209778763,18.987049637
5630,1.3201949070208028,,0.0,1.3201949070208028,18.888594727
5635,1.3200971987977854,,0.0,1.3200971987977854,18.70307795
5640,1.3200042440772544,,0.0,1.3200042440772544,18.485234034
5645,1.3199256996937616,,0.0,1.3199256996937616,18.560173693
5650,1.3198656054320352,,0.0,1.3198656054320352,18.72084334
5655,1.3198171029397368,,0.0,1.3198171029397368,18.812206719
5660,1.319765175076266,,0.0,1.319765175076266,18.941912092
5665,1.3196906940560116,,0.0,1.3196906940560116,19.109152985
5670,1.3195737044751819,,0.0,1.3195737044751819,19.221177039
5675,1.3193951215883017,,0.0,1.3193951215883017,19.378604743
5680,1.3191454275367995,,0.0,1.3191454275367995,19.441009186
5685,1.3188278717886766,,0.0,1.3188278717886766,19.332162551
5690,1.3184608923645593,,0.0,1.3184608923645593,19.100227255
5695,1.3180763331027299,,0.0,1.3180763331027299,18.924944366
5700,1.3177134725573907,,0.0,1.3177134725573907,18.783364672
5705,1.317410800587818,,0.0,1.317410800587818,18.6395448
5710,1.31719854284788,,0.0,1.31719854284788,18.47558106
5715,1.3170925252584982,,0.0,1.3170925252584982,18.364245218
5720,1.3170930245240928,,0.0,1.3170930245240928,18.377698426
5725,1.3171899863437984,,0.0,1.3171899863437984,18.316335078
5730,1.317366570671252,,0.0,1.317366570671252,18.430683255
5735,1.3176060894104884,,0.0,1.3176060894104884,18.427430593
5740,1.3178967952238145,,0.0,1.3178967952238145,18.435409782
5745,1.3182324712440707,,0.0,1.3182324712440707,18.580174311
5750,1.3186120909951677,,0.0,1.3186120909951677,18.675299881
5755,1.319037566082978,,0.0,1.319037566082978,18.653891578
5760,1.3195049057511044,,0.0,1.3195049057511044,18.531898732
5765,1.3200004400776268,,0.0,1.3200004400776268,18.458951466
5770,1.3205032279772286,,0.0,1.3205032279772286,18.385130861
5775,1.3209851525132694,,0.0,1.3209851525132694,18.324550081
5780,1.3214176699656008,,0.0,1.3214176699656008,18.153576531
5785,1.3217742531380798,,0.0,1.3217742531380798,18.002020877
5790,1.3220333056125144,,0.0,1.3220333056125144,17.936977359
5795,1.3221870801641618,,0.0,1.3221870801641618,17.621578238
5800,1.3222378414527758,,0.0,1.3222378414527758,17.28040444
5805,1.322197205450065,,0.0,1.322197205450065,17.054419403
5810,1.3220819878753585,,0.0,1.3220819878753585,16.904262372
5815,1.3219098512782839,,0.0,1.3219098512782839,16.834538486
5820,1.3216949169408116,,0.0,1.3216949169408116,16.697994607
5825,1.3214482681349775,,0.0,1.3214482681349775,16.64911609
5830,1.321180748979357,,0.0,1.321180748979357,16.773439749
5835,1.3209007098843881,,0.0,1.3209007098843881,16.781175779
5840,1.3206193974251204,,0.0,1.3206193974251204,16.804441623
5845,1.3203478807763849,,0.0,1.3203478807763849,16.799181632
5850,1.3200990214540413,,0.0,1.3200990214540413,16.741189121
5855,1.3198894859716093,,0.0,1.3198894859716093,16.699427187
5860,1.319732474053101,,0.0,1.319732474053101,16.680225149
5865,1.3196332151375947,,0.0,1.3196332151375947,16.778908141
5870,1.3195909490988373,,0.0,1.3195909490988373,16.830391353
5875,1.3195975422241264,,0.0,1.3195975422241264,16.949940916
5880,1.3196374341938522,,0.0,1.3196374341938522,16.960745633
5885,1.3196917854041927,,0.0,1.3196917854041927,16.964039363
5890,1.3197409923824517,,0.0,1.3197409923824517,16.978166928
5895,1.3197634849087811,,0.0,1.3197634849087811,16.977662665
5900,1.3197490362722584,,0.0,1.3197490362722584,16.983868235
5905,1.3196957174014468,,0.0,1.3196957174014468,16.995750236
5910,1.3196097879541355,,0.0,1.3196097879541355,16.91623558
5915,1.3194996088201,,0.0,1.3194996088201,16.727862635
5920,1.3193719909451518,,0.0,1.3193719909451518,16.541877068
5925,1.3192303041849223,,0.0,1.3192303041849223,16.457180748
5930,1.319075284213877,,0.0,1.319075284213877,16.347462634
5935,1.3189051374434477,,0.0,1.3189051374434477,16.194635472
5940,1.3187184187230472,,0.0,1.3187184187230472,16.230806586
5945,1.3185139795671525,,0.0,1.3185139795671525,16.334655772
5950,1.3182870135775726,,0.0,1.3182870135775726,16.255069953
5955,1.3180433542523586,,0.0,1.3180433542523586,16.139038832
5960,1.3177914968413673,,0.0,1.3177914968413673,16.040910565
5965,1.3175380848705127,,0.0,1.3175380848705127,15.972478835
5970,1.31729009695501,,0.0,1.31729009695501,15.78746048
5975,1.3170563649310671,,0.0,1.3170563649310671,15.620634998
5980,1.3168460487379676,,0.0,1.3168460487379676,15.517878169
5985,1.316670466185308,,0.0,1.316670466185308,15.575176531
5990,1.3165407666647546,,0.0,1.3165407666647546,15.610302096
5995,1.3164677421477027,,0.0,1.3164677421477027,15.59222308
6000,1.3164568441353892,,0.0,1.3164568441353892,15.608786792
6005,1.3165052521888938,,0.0,1.3165052521888938,15.633573292
6010,1.3166023572262162,,0.0,1.3166023572262162,15.602282241
6015,1.3167321612906395,,0.0,1.3167321612906395,15.547644265
6020,1.3168758088098271,,0.0,1.3168758088098271,15.439989626
6025,1.317015432138539,,0.0,1.317015432138539,15.289980046
6030,1.3171371652415333,,0.0,1.3171371652415333,15.179517106
6035,1.3172367275588197,,0.0,1.3172367275588197,14.997619213
6040,1.3173204678225594,,0.0,1.3173204678225594,14.948069398
6045,1.3173986581541388,,0.0,1.3173986581541388,14.990027234
6050,1.3174860649385742,,0.0,1.3174860649385742,15.030515477
6055,1.3175962446963794,,0.0,1.3175962446963794,15.108118455
6060,1.3177324179526233,,0.0,1.3177324179526233,15.106416366
6065,1.3178892060624168,,0.0,1.3178892060624168,15.046776699
6070,1.3180626019265855,,0.0,1.3180626019265855,14.921263869
6075,1.3182399846797777,,0.0,1.3182399846797777,14.707781243
6080,1.318394909213996,,0.0,1.318394909213996,14.5088519
6085,1.3184958972202416,,0.0,1.3184958972202416,14.356786555
6090,1.3185298001236514,,0.0,1.3185298001236514,14.140376727
6095,1.31849821814406,,0.0,1.31849821814406,14.065344941
6100,1.318406970807069,,0.0,1.318406970807069,14.103248673
6105,1.31826854062582,,0.0,1.31826854062582,14.183663484
6110,1.3181066919938933,,0.0,1.3181066919938933,14.314964206
6115,1.3179549151283942,,0.0,1.3179549151283942,14.44640602
6120,1.317849424999016,,0.0,1.317849424999016,14.551260036
6125,1.3178197306725261,,0.0,1.3178197306725261,14.582011887
6130,1.3178823293712365,,0.0,1.3178823293712365,14.606717972
6135,1.3180351032708761,,0.0,1.3180351032708761,14.567757519
6140,1.3182587662729797,,0.0,1.3182587662729797,14.572371308
6145,1.3185189733458844,,0.0,1.3185189733458844,14.599976878
6150,1.318775274495126,,0.0,1.318775274495126,14.514348442
6155,1.31899197397725,,0.0,1.31899197397725,14.379758306
6160,1.3191464875717214,,0.0,1.3191464875717214,14.198453784
6165,1.3192336585710558,,0.0,1.3192336585710558,14.068444216
6170,1.3192654550028102,,0.0,1.3192654550028102,13.996890456
6175,1.319265119414492,,0.0,1.319265119414492,13.997936899
6180,1.3192604678360416,,0.0,1.3192604678360416,13.948004117
6185,1.3192748706878386,,0.0,1.3192748706878386,13.843766054
6190,1.319324687463755,,0.0,1.319324687463755,13.849678309
6195,1.3194147483900005,,0.0,1.3194147483900005,13.82232332
6200,1.3195369237460013,,0.0,1.3195369237460013,13.77164284
6205,1.319673979636948,,0.0,1.319673979636948,13.771069542
6210,1.3198021580317156,,0.0,1.3198021580317156,13.771970438
6215,1.3198947847739237,,0.0,1.3198947847739237,13.830027922
6220,1.3199273377140655,,0.0,1.3199273377140655,13.953436634
6225,1.3198814515631083,,0.0,1.3198814515631083,14.078946466
6230,1.3197487876374931,,0.0,1.3197487876374931,14.246919994
6235,1.3195318413919142,,0.0,1.3195318413919142,14.379603375
6240,1.319246402319119,,0.0,1.319246402319119,14.488963939
6245,1.3189177353540598,,0.0,1.3189177353540598,14.545564649
6250,1.3185777009273036,,0.0,1.3185777009273036,14.607503041
6255,1.3182603068603926,,0.0,1.3182603068603926,14.683418093
6260,1.317996058505711,,0.0,1.317996058505711,14.747766293
6265,1.3178062140732987,,0.0,1.3178062140732987,14.773975295
6270,1.317699030907093,,0.0,1.317699030907093,14.746872873
6275,1.3176685436440416,,0.0,1.3176685436440416,14.747719458
6280,1.3176941981858032,,0.0,1.3176941981858032,14.726322072
6285,1.317752202193897,,0.0,1.317752202193897,14.616756418
6290,1.3178225738166789,,0.0,1.3178225738166789,14.586703021
6295,1.3178920106575769,,0.0,1.3178920106575769,14.504779483
6300,1.3179501528931268,,0.0,1.3179501528931268,14.39372648
6305,1.3179880002691922,,0.0,1.3179880002691922,14.424399362
6310,1.3180024474086667,,0.0,1.3180024474086667,14.412484558
6315,1.3179942237483153,,0.0,1.3179942237483153,14.402333311
6320,1.3179714980567194,,0.0,1.3179714980567194,14.29665223
6325,1.3179456003693697,,0.0,1.3179456003693697,14.175731295
6330,1.3179261109218487,,0.0,1.3179261109218487,13.974753237
6335,1.3179177794740224,,0.0,1.3179177794740224,13.835126818
6340,1.3179185428438809,,0.0,1.3179185428438809,13.775251244
6345,1.3179185363566714,,0.0,1.3179185363566714,13.755868927
6350,1.3179042139712185,,0.0,1.3179042139712185,13.785604987
6355,1.3178606698275097,,0.0,1.3178606698275097,13.821035174
6360,1.3177742145419973,,0.0,1.3177742145419973,13.941863768
6365,1.3176366189651532,,0.0,1.3176366189651532,14.004014087
6370,1.317447629721559,,0.0,1.317447629721559,13.913223821
6375,1.317215958509299,,0.0,1.317215958509299,13.825820008
6380,1.3169592476678507,,0.0,1.3169592476678507,13.742001799
6385,1.316701741270006,,0.0,1.316701741270006,13.541256295
6390,1.3164703426452835,,0.0,1.3164703426452835,13.366322802
6395,1.3162895573509057,,0.0,1.3162895573509057,13.258792316
6400,1.3161771443713592,,0.0,1.3161771443713592,13.189421692
6405,1.316139569458077,,0.0,1.316139569458077,13.172472314
6410,1.3161712971503654,,0.0,1.3161712971503654,13.25657947
6415,1.3162584201194014,,0.0,1.3162584201194014,13.288536547
6420,1.3163821177239743,,0.0,1.3163821177239743,13.320253512
6425,1.316522299202179,,0.0,1.316522299202179,13.512238201
6430,1.3166608019902684,,0.0,1.3166608019902684,13.717950203
6435,1.3167821750531563,,0.0,1.3167821750531563,13.882419334
6440,1.316875167823664,,0.0,1.316875167823664,14.120299273
6445,1.3169347104231066,,0.0,1.3169347104231066,14.089042489
6450,1.3169622529922316,,0.0,1.3169622529922316,14.076516855
6455,1.3169660521264523,,0.0,1.3169660521264523,14.023256946
6460,1.316960328786202,,0.0,1.316960328786202,13.918178649
6465,1.3169639341774269,,0.0,1.3169639341774269,13.862880892
6470,1.316994533719098,,0.0,1.316994533719098,13.78184591
6475,1.3170631122523269,,0.0,1.3170631122523269,13.690804639
6480,1.3171737020766014,,0.0,1.3171737020766014,13.60341408
6485,1.317322805962433,,0.0,1.317322805962433,13.514165476
6490,1.3175013416922927,,0.0,1.3175013416922927,13.527014108
6495,1.3176978276545546,,0.0,1.3176978276545546,13.661558645
6500,1.317901471628315,,0.0,1.317901471628315,13.596613587
6505,1.318103997307026,,0.0,1.318103997307026,13.352287887
6510,1.3182998220729731,,0.0,1.3182998220729731,13.151439488
6515,1.3184849655243425,,0.0,1.3184849655243425,12.959416743
6520,1.318656282237987,,0.0,1.318656282237987,13.040591934
6525,1.3188105313539322,,0.0,1.3188105313539322,13.285119079
6530,1.3189439869685688,,0.0,1.3189439869685688,13.547997383
6535,1.3190550040753672,,0.0,1.3190550040753672,13.670543586
6540,1.3191433961670656,,0.0,1.3191433961670656,13.898489848
6545,1.3192115408058072,,0.0,1.3192115408058072,14.087393318
6550,1.3192652259544264,,0.0,1.3192652259544264,14.139942749
6555,1.3193127166916097,,0.0,1.3193127166916097,14.345790233
6560,1.3193638739494886,,0.0,1.3193638739494886,14.339020481
6565,1.319425521398784,,0.0,1.319425521398784,14.205693264
6570,1.3194984216608305,,0.0,1.3194984216608305,14.127207527
6575,1.3195758617217237,,0.0,1.3195758617217237,14.064409375
6580,1.319645265877068,,0.0,1.319645265877068,14.000140512
6585,1.3196918167174525,,0.0,1.3196918167174525,13.99344772
6590,1.31970428513339,,0.0,1.31970428513339,14.020197314
6595,1.3196789930020612,,0.0,1.3196789930020612,13.902029633
6600,1.3196209495716966,,0.0,1.3196209495716966,13.625703345
6605,1.3195430566537045,,0.0,1.3195430566537045,13.385997452
6610,1.3194634677047887,,0.0,1.3194634677047887,13.184931551
6615,1.3194017874451855,,0.0,1.3194017874451855,13.119379594
6620,1.3193744676867432,,0.0,1.3193744676867432,13.154807268
6625,1.3193908013565327,,0.0,1.3193908013565327,13.166423678
6630,1.3194511569779344,,0.0,1.3194511569779344,13.190471584
6635,1.3195479660987177,,0.0,1.3195479660987177,13.265595949
6640,1.319668389533993,,0.0,1.319668389533993,13.237295142
6645,1.319798543408693,,0.0,1.319798543408693,13.185151189
6650,1.3199265706015864,,0.0,1.3199265706015864,13.328346656
6655,1.320043915606624,,0.0,1.320043915606624,13.681479746
6660,1.3201454807249737,,0.0,1.3201454807249737,13.793753387
6665,1.3202287574027691,,0.0,1.3202287574027691,13.91723201
6670,1.320292869991532,,0.0,1.320292869991532,14.083145378
6675,1.3203374578273859,,0.0,1.3203374578273859,14.035447596
6680,1.3203625699386614,,0.0,1.3203625699386614,13.952147495
6685,1.3203685906924993,,0.0,1.3203685906924993,14.045035443
6690,1.3203575853917273,,0.0,1.3203575853917273,14.117711649
6695,1.3203342708611494,,0.0,1.3203342708611494,14.068031616
6700,1.3203030670109976,,0.0,1.3203030670109976,14.088614825
6705,1.3202684904358715,,0.0,1.3202684904358715,13.862567832
6710,1.3202335646742385,,0.0,1.3202335646742385,13.794848373
6715,1.3201986511384998,,0.0,1.3201986511384998,13.913851905
6720,1.3201637304917817,,0.0,1.3201637304917817,14.016123739
6725,1.3201296110153904,,0.0,1.3201296110153904,14.038699988
6730,1.3200964335566165,,0.0,1.3200964335566165,13.921930439
6735,1.3200633073717458,,0.0,1.3200633073717458,13.925171387
6740,1.3200282244200456,,0.0,1.3200282244200456,13.934772206
6745,1.3199885638690299,,0.0,1.3199885638690299,13.938811157
6750,1.3199415050302696,,0.0,1.3199415050302696,13.836027074
6755,1.319884703276682,,0.0,1.319884703276682,13.775554784
6760,1.3198170788622106,,0.0,1.3198170788622106,13.893084962
6765,1.3197393370213386,,0.0,1.3197393370213386,14.009613276
6770,1.3196540473126503,,0.0,1.3196540473126503,14.168504723
6775,1.3195653444586846,,0.0,1.3195653444586846,14.122841166
6780,1.319477884903298,,0.0,1.319477884903298,14.04544752
6785,1.3193973464515236,,0.0,1.3193973464515236,14.104962439
6790,1.3193287057907916,,0.0,1.3193287057907916,14.169571486
6795,1.3192753911616169,,0.0,1.3192753911616169,14.211386773
6800,1.3192388409778681,,0.0,1.3192388409778681,14.273940603
6805,1.319218397286836,,0.0,1.319218397286836,14.325481884
6810,1.319211343320191,,0.0,1.319211343320191,14.228009415
6815,1.3192135480980154,,0.0,1.3192135480980154,14.428435996
6820,1.3192208362279587,,0.0,1.3192208362279587,14.522915043
6825,1.3192302132392404,,0.0,1.3192302132392404,14.668313879
6830,1.3192408031091203,,0.0,1.3192408031091203,14.791215015
6835,1.3192540894124236,,0.0,1.3192540894124236,14.821389452
6840,1.3192725966715322,,0.0,1.3192725966715322,14.964282477
6845,1.3192997718400636,,0.0,1.3192997718400636,15.075426797
6850,1.3193386403277958,,0.0,1.3193386403277958,15.111070285
6855,1.3193901467721811,,0.0,1.3193901467721811,15.073560182
6860,1.3194529505665034,,0.0,1.3194529505665034,15.085438484
6865,1.3195238214548797,,0.0,1.3195238214548797,15.129541405
6870,1.3195983074652953,,0.0,1.3195983074652953,15.126835736
6875,1.319671406335744,,0.0,1.319671406335744,15.253880707
6880,1.3197380824948972,,0.0,1.3197380824948972,15.166631666
6885,1.3197931874690365,,0.0,1.3197931874690365,15.168510239
6890,1.3198327266343892,,0.0,1.3198327266343892,15.099439022
6895,1.3198536214359635,,0.0,1.3198536214359635,14.820142638
6900,1.3198545318908135,,0.0,1.3198545318908135,14.709757191
6905,1.3198348894948622,,0.0,1.3198348894948622,14.864054799
6910,1.3197949184310864,,0.0,1.3197949184310864,14.895745425
6915,1.319735514308608,,0.0,1.319735514308608,14.816702588
6920,1.3196578932296292,,0.0,1.3196578932296292,14.633505172
6925,1.3195631071200606,,0.0,1.3195631071200606,14.512145738
6930,1.3194515085347673,,0.0,1.3194515085347673,14.429481184
6935,1.319322473703641,,0.0,1.319322473703641,14.364415658
6940,1.319176468582953,,0.0,1.319176468582953,14.211471121
6945,1.3190146487692052,,0.0,1.3190146487692052,14.144950838
6950,1.3188387732941025,,0.0,1.3188387732941025,14.234291842
6955,1.3186513932526334,,0.0,1.3186513932526334,14.282992181
6960,1.3184555626232473,,0.0,1.3184555626232473,14.282408238
6965,1.318254090741757,,0.0,1.318254090741757,14.330292768
6970,1.3180498428337775,,0.0,1.3180498428337775,14.454235047
6975,1.3178453656279063,,0.0,1.3178453656279063,14.505941008
6980,1.3176427892990628,,0.0,1.3176427892990628,14.41611456
6985,1.3174438799899308,,0.0,1.3174438799899308,14.299656159
6990,1.3172494116744609,,0.0,1.3172494116744609,14.071189071
6995,1.3170602086024736,,0.0,1.3170602086024736,13.921442286
7000,1.3168778077435157,,0.0,1.3168778077435157,13.816044093
7005,1.3167030242403643,,0.0,1.3167030242403643,13.918212257
7010,1.3165364117513676,,0.0,1.3165364117513676,14.134005583
7015,1.3163789927604865,,0.0,1.3163789927604865,14.239027212
7020,1.3162325508759687,,0.0,1.3162325508759687,14.19870325
7025,1.3161008495523843,,0.0,1.3161008495523843,14.174499985
7030,1.3159879074910321,,0.0,1.3159879074910321,14.224808035
7035,1.3158970894326294,,0.0,1.3158970894326294,14.340628904
7040,1.315830480765402,,0.0,1.315830480765402,14.338508877
7045,1.3157883051733101,,0.0,1.3157883051733101,14.334382535
7050,1.3157686322126236,,0.0,1.3157686322126236,14.472273713
7055,1.3157679130056887,,0.0,1.3157679130056887,14.529773298
7060,1.3157801334106314,,0.0,1.3157801334106314,14.531392037
7065,1.3157976616001783,,0.0,1.3157976616001783,14.639801255
7070,1.31581387001693,,0.0,1.31581387001693,14.771293505
7075,1.315823305038832,,0.0,1.315823305038832,14.752032229
7080,1.3158227700935872,,0.0,1.3158227700935872,14.730852592
7085,1.3158121880832108,,0.0,1.3158121880832108,14.62357906
7090,1.3157922759690646,,0.0,1.3157922759690646,14.433646927
7095,1.3157618273797598,,0.0,1.3157618273797598,14.311299403
7100,1.3157190397444378,,0.0,1.3157190397444378,14.267539136
7105,1.315661139406936,,0.0,1.315661139406936,14.198842856
7110,1.3155857676429672,,0.0,1.3155857676429672,14.161025906
7115,1.315490286778252,,0.0,1.315490286778252,14.255424693
7120,1.315374179083601,,0.0,1.315374179083601,14.228348164
7125,1.3152401700601246,,0.0,1.3152401700601246,14.106497397
7130,1.3150930743397793,,0.0,1.3150930743397793,14.034827062
7135,1.3149391573190394,,0.0,1.3149391573190394,13.999864287
7140,1.3147858634446377,,0.0,1.3147858634446377,14.042073164
7145,1.3146414087669305,,0.0,1.3146414087669305,14.114409003
7150,1.3145161896623099,,0.0,1.3145161896623099,14.259297392
7155,1.3144208512666875,,0.0,1.3144208512666875,14.381193606
7160,1.3143639473395563,,0.0,1.3143639473395563,14.490170174
7165,1.3143489918274436,,0.0,1.3143489918274436,14.684063906
7170,1.3143732233000804,,0.0,1.3143732233000804,14.840228384
7175,1.3144289660167783,,0.0,1.3144289660167783,14.804037812
7180,1.3145006988306902,,0.0,1.3145006988306902,14.889875186
7185,1.3145689613619826,,0.0,1.3145689613619826,14.962713045
7190,1.3146171446087398,,0.0,1.3146171446087398,14.974237314
7195,1.314639220830899,,0.0,1.314639220830899,15.059669821
7200,1.3146378835925412,,0.0,1.3146378835925412,15.12297646
7205,1.3146234193617656,,0.0,1.3146234193617656,14.999862002
7210,1.3146108587526062,,0.0,1.3146108587526062,14.833377219
7215,1.3146148478872017,,0.0,1.3146148478872017,14.852502507
7220,1.314645535629966,,0.0,1.314645535629966,14.921537184
7225,1.314706834641279,,0.0,1.314706834641279,14.911454634
7230,1.3147959223614016,,0.0,1.3147959223614016,14.92772871
7235,1.3149050382169105,,0.0,1.3149050382169105,14.962383838
7240,1.315024674329555,,0.0,1.315024674329555,14.717584504
7245,1.315146589947683,,0.0,1.315146589947683,14.538089577
7250,1.3152664247934842,,0.0,1.3152664247934842,14.694821661
7255,1.3153845216910103,,0.0,1.3153845216910103,14.730622462
7260,1.3155043495505863,,0.0,1.3155043495505863,14.685004182
7265,1.315629542207354,,0.0,1.315629542207354,14.554982158
7270,1.3157633025960653,,0.0,1.3157633025960653,14.652100069
7275,1.315906413423452,,0.0,1.315906413423452,14.41595492
7280,1.3160563089983046,,0.0,1.3160563089983046,14.357756259
7285,1.3162085027917436,,0.0,1.3162085027917436,14.469455545
7290,1.316358939549542,,0.0,1.316358939549542,14.563942431
7295,1.3165059071475071,,0.0,1.3165059071475071,14.561590565
7300,1.3166502908401763,,0.0,1.3166502908401763,14.563130959
7305,1.316795993432362,,0.0,1.316795993432362,14.444846418
7310,1.3169470512156802,,0.0,1.3169470512156802,14.29034289
7315,1.3171050509365319,,0.0,1.3171050509365319,14.426717146
7320,1.3172701922013514,,0.0,1.3172701922013514,14.57053892
7325,1.3174402717293634,,0.0,1.3174402717293634,14.618766894
7330,1.3176117662174884,,0.0,1.3176117662174884,14.574145787
7335,1.3177814013716753,,0.0,1.3177814013716753,14.502637706
7340,1.3179471329725252,,0.0,1.3179471329725252,14.469849435
7345,1.3181093829381396,,0.0,1.3181093829381396,14.433356029
7350,1.3182702755799989,,0.0,1.3182702755799989,14.345303592
7355,1.318432304356733,,0.0,1.318432304356733,14.26518432
7360,1.3185976411111044,,0.0,1.3185976411111044,14.277602289
7365,1.3187665995994782,,0.0,1.3187665995994782,14.220403116
7370,1.3189370921880557,,0.0,1.3189370921880557,14.064216197
7375,1.319105069610803,,0.0,1.319105069610803,13.945115462
7380,1.3192654689752605,,0.0,1.3192654689752605,14.046707021
7385,1.319413327815956,,0.0,1.319413327815956,14.215806883
7390,1.3195454039006216,,0.0,1.3195454039006216,14.199431629
7395,1.3196613622647086,,0.0,1.3196613622647086,14.064199886
7400,1.3197636847647238,,0.0,1.3197636847647238,13.866650547
7405,1.3198569020924704,,0.0,1.3198569020924704,13.661131371
7410,1.3199463197869803,,0.0,1.3199463197869803,13.576479391
7415,1.3200379678338887,,0.0,1.3200379678338887,13.50636864
7420,1.3201371954361356,,0.0,1.3201371954361356,13.389335288
7425,1.3202469020019367,,0.0,1.3202469020019367,13.204068782
7430,1.3203660721583106,,0.0,1.3203660721583106,12.989769378
7435,1.3204892285799374,,0.0,1.3204892285799374,12.88405678
7440,1.3206076386100578,,0.0,1.3206076386100578,12.856523908
7445,1.3207098725347177,,0.0,1.3207098725347177,12.792456198
7450,1.320785288835872,,0.0,1.320785288835872,12.701113876
7455,1.320826419987295,,0.0,1.320826419987295,12.582275225
7460,1.3208304169813938,,0.0,1.3208304169813938,12.415736941
7465,1.3208027343135027,,0.0,1.3208027343135027,12.214755623
7470,1.3207548741796613,,0.0,1.3207548741796613,12.16408544
7475,1.3207018155457386,,0.0,1.3207018155457386,12.148453908
7480,1.3206605768563495,,0.0,1.3206605768563495,12.047456534
7485,1.3206482343172197,,0.0,1.3206482343172197,11.975276834
7490,1.3206773126083509,,0.0,1.3206773126083509,11.950354985
7495,1.3207528403148467,,0.0,1.3207528403148467,11.887842105
7500,1.320871043877061,,0.0,1.320871043877061,11.735654093
7505,1.3210195353454002,,0.0,1.3210195353454002,11.560672898
7510,1.3211817050941788,,0.0,1.3211817050941788,11.503119304
7515,1.3213402458732222,,0.0,1.3213402458732222,11.451824424
7520,1.321477833091547,,0.0,1.321477833091547,11.538126933
7525,1.3215833937069474,,0.0,1.3215833937069474,11.597096122
7530,1.3216519540260896,,0.0,1.3216519540260896,11.580325042
7535,1.3216826801930923,,0.0,1.3216826801930923,11.627601415
7540,1.3216780071569503,,0.0,1.3216780071569503,11.697029998
7545,1.3216427183611144,,0.0,1.3216427183611144,11.675530418
7550,1.3215828062402597,,0.0,1.3215828062402597,11.644847732
7555,1.3215040133467557,,0.0,1.3215040133467557,11.688858695
7560,1.3214115466639573,,0.0,1.3214115466639573,11.704008673
7565,1.3213099543492308,,0.0,1.3213099543492308,11.658058842
7570,1.3212036262470892,,0.0,1.3212036262470892,11.668821948
7575,1.3210967772969073,,0.0,1.3210967772969073,11.642869012
7580,1.3209928389828038,,0.0,1.3209928389828038,11.661255937
7585,1.3208943327083105,,0.0,1.3208943327083105,11.652705968
7590,1.3208027723634792,,0.0,1.3208027723634792,11.570646652
7595,1.320719294083185,,0.0,1.320719294083185,11.521381895
7600,1.3206446641066287,,0.0,1.3206446641066287,11.510362659
7605,1.3205796783644685,,0.0,1.3205796783644685,11.452006676
7610,1.3205253608377137,,0.0,1.3205253608377137,11.325849878
7615,1.3204834819106852,,0.0,1.3204834819106852,11.18570753
7620,1.3204558893151979,,0.0,1.3204558893151979,11.132316488
7625,1.3204434972487216,,0.0,1.3204434972487216,11.082904417
7630,1.3204453187821912,,0.0,1.3204453187821912,11.009284454
7635,1.32045755178729,,0.0,1.32045755178729,10.877414522
7640,1.320474382976118,,0.0,1.320474382976118,10.806145744
7645,1.3204883630365356,,0.0,1.3204883630365356,10.794305434
7650,1.320491976287264,,0.0,1.320491976287264,10.831967071
7655,1.320479568751289,,0.0,1.320479568751289,10.797121957
7660,1.3204487699774456,,0.0,1.3204487699774456,10.764589313
7665,1.3204009105921284,,0.0,1.3204009105921284,10.763555669
7670,1.3203404409455513,,0.0,1.3203404409455513,10.745552322
7675,1.3202735124090121,,0.0,1.3202735124090121,10.690578775
7680,1.3202060913435953,,0.0,1.3202060913435953,10.553882257
7685,1.3201421517886607,,0.0,1.3201421517886607,10.475150709
7690,1.3200825661490805,,0.0,1.3200825661490805,10.496879878
7695,1.3200250161208713,,0.0,1.3200250161208713,10.544087115
7700,1.3199648245510083,,0.0,1.3199648245510083,10.533736963
7705,1.3198967046135626,,0.0,1.3198967046135626,10.460315509
7710,1.319816435630475,,0.0,1.319816435630475,10.374237669
7715,1.3197221026275128,,0.0,1.3197221026275128,10.346938509
7720,1.3196147908399107,,0.0,1.3196147908399107,10.352857038
7725,1.3194987342944087,,0.0,1.3194987342944087,10.376956078
7730,1.3193800990832794,,0.0,1.3193800990832794,10.355238721
7735,1.3192658638217392,,0.0,1.3192658638217392,10.358411224
7740,1.3191619373592678,,0.0,1.3191619373592678,10.232219698
7745,1.3190715825125474,,0.0,1.3190715825125474,10.085326508
7750,1.3189943566543092,,0.0,1.3189943566543092,10.001630445
7755,1.3189265772953427,,0.0,1.3189265772953427,9.9900819929
7760,1.318863441031553,,0.0,1.318863441031553,9.9889939446
7765,1.3187991725002632,,0.0,1.3187991725002632,10.005538612
7770,1.3187284777645651,,0.0,1.3187284777645651,10.033966006
7775,1.31864768244426,,0.0,1.31864768244426,10.042752111
7780,1.3185547797461559,,0.0,1.3185547797461559,9.9892372825
7785,1.318448848486557,,0.0,1.318448848486557,9.919430412
7790,1.3183312713142854,,0.0,1.3183312713142854,9.9153086872
7795,1.318203539039899,,0.0,1.318203539039899,9.9429166241
7800,1.3180666639175298,,0.0,1.3180666639175298,10.032086945
7805,1.3179207397622015,,0.0,1.3179207397622015,10.090217052
7810,1.3177650622127086,,0.0,1.3177650622127086,10.061030782
7815,1.3176000569297723,,0.0,1.3176000569297723,9.9928176995
7820,1.3174268392143467,,0.0,1.3174268392143467,9.977811295
7825,1.3172477019205946,,0.0,1.3172477019205946,10.081345042
7830,1.317066123814409,,0.0,1.317066123814409,10.170424324
7835,1.3168879897924988,,0.0,1.3168879897924988,10.229159748
7840,1.316721013146513,,0.0,1.316721013146513,10.229423487
7845,1.316573389467148,,0.0,1.316573389467148,10.159731898
7850,1.3164523300358706,,0.0,1.3164523300358706,10.125486811
7855,1.3163641471566667,,0.0,1.3163641471566667,10.153417325
7860,1.3163116149847158,,0.0,1.3163116149847158,10.264580154
7865,1.316293619591358,,0.0,1.316293619591358,10.313165451
7870,1.316306303207983,,0.0,1.316306303207983,10.280712639
7875,1.3163446075580294,,0.0,1.3163446075580294,10.271417297
7880,1.3164034315743076,,0.0,1.3164034315743076,10.342306213
7885,1.3164778991211277,,0.0,1.3164778991211277,10.405395191
7890,1.3165627922367809,,0.0,1.3165627922367809,10.498748787
7895,1.3166516973170161,,0.0,1.3166516973170161,10.510062895
7900,1.316736632100513,,0.0,1.316736632100513,10.612736414
7905,1.3168087373051793,,0.0,1.3168087373051793,10.789113796
7910,1.3168593939251694,,0.0,1.3168593939251694,10.870729109
7915,1.316883922936148,,0.0,1.316883922936148,10.860663784
7920,1.3168825960523738,,0.0,1.3168825960523738,10.987832726
7925,1.3168603802304644,,0.0,1.3168603802304644,11.036567656
7930,1.3168260176084852,,0.0,1.3168260176084852,11.037074265
7935,1.3167907415375593,,0.0,1.3167907415375593,11.153903249
7940,1.3167654467863963,,0.0,1.3167654467863963,11.211898786
7945,1.316757629200385,,0.0,1.316757629200385,11.263285094
7950,1.3167694580024536,,0.0,1.3167694580024536,11.235400035
7955,1.3167995463021438,,0.0,1.3167995463021438,11.195069997
7960,1.3168423825915343,,0.0,1.3168423825915343,11.133648347
7965,1.3168904339732905,,0.0,1.3168904339732905,10.979319401
7970,1.3169370219903735,,0.0,1.3169370219903735,10.879329303
7975,1.3169784262283495,,0.0,1.3169784262283495,10.82270906
7980,1.3170152441342282,,0.0,1.3170152441342282,10.825522857
7985,1.3170517061168836,,0.0,1.3170517061168836,10.868378271
7990,1.317093511189531,,0.0,1.317093511189531,10.90619185
7995,1.3171453639510806,,0.0,1.3171453639510806,10.946881808
8000,1.317209080695333,,0.0,1.317209080695333,10.864870164
8005,1.317282534615727,,0.0,1.317282534615727,10.799345675
8010,1.3173602858131503,,0.0,1.3173602858131503,10.828766768
8015,1.3174349609506626,,0.0,1.3174349609506626,10.976950298
8020,1.3174993433823743,,0.0,1.3174993433823743,11.097708986
8025,1.3175490060870738,,0.0,1.3175490060870738,11.140326301
8030,1.3175822174789418,,0.0,1.3175822174789418,11.085088711
8035,1.3175999775862148,,0.0,1.3175999775862148,11.051246797
8040,1.3176056135986498,,0.0,1.3176056135986498,11.057957372
8045,1.3176036847767214,,0.0,1.3176036847767214,11.09780921
8050,1.3175992480246963,,0.0,1.3175992480246963,11.173089376
8055,1.3175977028213843,,0.0,1.3175977028213843,11.202761695
8060,1.3176041691965872,,0.0,1.3176041691965872,11.176601283
8065,1.3176224500271465,,0.0,1.3176224500271465,11.044994447
8070,1.3176552019499526,,0.0,1.3176552019499526,10.885592554
8075,1.3177034646650216,,0.0,1.3177034646650216,10.707587695
8080,1.3177660300544083,,0.0,1.3177660300544083,10.614415799
8085,1.3178391143286368,,0.0,1.3178391143286368,10.550588127
8090,1.3179170824733035,,0.0,1.3179170824733035,10.521880033
8095,1.3179924327795804,,0.0,1.3179924327795804,10.538896834
8100,1.3180573190927858,,0.0,1.3180573190927858,10.405829562
8105,1.3181055723265491,,0.0,1.3181055723265491,10.240437871
8110,1.3181330945607685,,0.0,1.3181330945607685,10.155073505
8115,1.3181381994953334,,0.0,1.3181381994953334,10.096763129
8120,1.31812172859612,,0.0,1.31812172859612,10.006185159
8125,1.3180864724858379,,0.0,1.3180864724858379,10.03236542
8130,1.318036417679248,,0.0,1.318036417679248,10.117127544
8135,1.3179760951176622,,0.0,1.3179760951176622,10.043587805
8140,1.3179096858073611,,0.0,1.3179096858073611,9.8654923157
8145,1.3178403528865634,,0.0,1.3178403528865634,9.7759579054
8150,1.3177700743302816,,0.0,1.3177700743302816,9.8745851861
8155,1.317700465952604,,0.0,1.317700465952604,9.9020574381
8160,1.317633175379894,,0.0,1.317633175379894,9.8878885686
8165,1.3175708068523535,,0.0,1.3175708068523535,9.8267185776
8170,1.3175169700028442,,0.0,1.3175169700028442,9.7540926407
8175,1.3174756048128768,,0.0,1.3174756048128768,9.67270161
8180,1.31745009311447,,0.0,1.31745009311447,9.5943197337
8185,1.3174428284382826,,0.0,1.3174428284382826,9.5875516461
8190,1.3174549205960908,,0.0,1.3174549205960908,9.4949110599
8195,1.317486225247492,,0.0,1.317486225247492,9.5398253479
8200,1.3175357577089932,,0.0,1.3175357577089932,9.5731705932
8205,1.3176020356533094,,0.0,1.3176020356533094,9.5905337649
8210,1.317683137743754,,0.0,1.317683137743754,9.6582414096
8215,1.3177765268577881,,0.0,1.3177765268577881,9.7055849774
8220,1.3178788910256465,,0.0,1.3178788910256465,9.719870295
8225,1.3179862780399236,,0.0,1.3179862780399236,9.6646348367
8230,1.3180945291005546,,0.0,1.3180945291005546,9.7124587475
8235,1.3182003225069594,,0.0,1.3182003225069594,9.8032031667
8240,1.3183024463985722,,0.0,1.3183024463985722,9.8056078526
8245,1.3184017691881371,,0.0,1.3184017691881371,9.7922811688
8250,1.3185008150237745,,0.0,1.3185008150237745,9.774807848
8255,1.3186028640629741,,0.0,1.3186028640629741,9.7689891481
8260,1.3187108451559022,,0.0,1.3187108451559022,9.8593283949
8265,1.318826115376806,,0.0,1.318826115376806,9.8387065742
8270,1.3189476577309014,,0.0,1.3189476577309014,9.7683947598
8275,1.319072565698992,,0.0,1.319072565698992,9.7362496518
8280,1.3191961565141221,,0.0,1.3191961565141221,9.6753751274
8285,1.319312701596373,,0.0,1.319312701596373,9.573862315
8290,1.3194169763720727,,0.0,1.3194169763720727,9.4689124728
8295,1.3195050240179171,,0.0,1.3195050240179171,9.4089212002
8300,1.3195747451732303,,0.0,1.3195747451732303,9.3588662607
8305,1.3196259024311092,,0.0,1.3196259024311092,9.2458131104
8310,1.3196597277375173,,0.0,1.3196597277375173,9.1769234499
8315,1.3196782992449467,,0.0,1.3196782992449467,9.0964486213
8320,1.3196839675686736,,0.0,1.3196839675686736,9.1815392221
8325,1.3196792836789315,,0.0,1.3196792836789315,9.3003166851
8330,1.319666781205146,,0.0,1.319666781205146,9.3067581983
8335,1.3196492263182387,,0.0,1.3196492263182387,9.2709644414
8340,1.3196293844406068,,0.0,1.3196293844406068,9.2856112516
8345,1.3196096786696125,,0.0,1.3196096786696125,9.3831866734
8350,1.319591685147565,,0.0,1.319591685147565,9.3813483031
8355,1.319575735221146,,0.0,1.319575735221146,9.3585267358
8360,1.3195603461888081,,0.0,1.3195603461888081,9.349041474
8365,1.3195437556504879,,0.0,1.3195437556504879,9.3700214221
8370,1.319525276710542,,0.0,1.319525276710542,9.4444937865
8375,1.3195042171089053,,0.0,1.3195042171089053,9.4516924791
8380,1.3194809035763595,,0.0,1.3194809035763595,9.4623158492
8385,1.319456675222573,,0.0,1.319456675222573,9.3588068679
8390,1.3194330445653042,,0.0,1.3194330445653042,9.3190071531
8395,1.319411198639069,,0.0,1.319411198639069,9.3082953729
8400,1.3193916496838798,,0.0,1.3193916496838798,9.2449493741
8405,1.319374709210529,,0.0,1.319374709210529,9.2745377312
8410,1.3193602361222179,,0.0,1.3193602361222179,9.130019649
8415,1.31934742026633,,0.0,1.31934742026633,9.0488301993
8420,1.319334620628465,,0.0,1.319334620628465,8.9337394993
8425,1.3193189159684524,,0.0,1.3193189159684524,8.9690543845
8430,1.3192963826475579,,0.0,1.3192963826475579,9.0974790125
8435,1.319262811839354,,0.0,1.319262811839354,9.1583108542
8440,1.319214619610307,,0.0,1.319214619610307,9.0472158812
8445,1.3191496554505926,,0.0,1.3191496554505926,8.890246922
8450,1.3190675327474972,,0.0,1.3190675327474972,8.8473823861
8455,1.3189697691336946,,0.0,1.3189697691336946,8.8066357086
8460,1.3188595898749054,,0.0,1.3188595898749054,8.896222595
8465,1.3187403854111754,,0.0,1.3187403854111754,8.8713353852
8470,1.3186160581730555,,0.0,1.3186160581730555,8.7929449472
8475,1.3184899958560026,,0.0,1.3184899958560026,8.7912851569
8480,1.318364880671482,,0.0,1.318364880671482,8.7994729366
8485,1.3182427157948189,,0.0,1.3182427157948189,8.7741169165
8490,1.3181248738945135,,0.0,1.3181248738945135,8.7623126278
8495,1.3180122000543075,,0.0,1.3180122000543075,8.8209039887
8500,1.3179052067637227,,0.0,1.3179052067637227,8.8828093107
8505,1.3178042449558214,,0.0,1.3178042449558214,9.0003869295
8510,1.3177093685243413,,0.0,1.3177093685243413,8.9217428898
8515,1.3176209035762945,,0.0,1.3176209035762945,8.9661466025
8520,1.3175387657779627,,0.0,1.3175387657779627,8.9433448313
8525,1.3174621166575664,,0.0,1.3174621166575664,9.0265111427
8530,1.3173894153781847,,0.0,1.3173894153781847,9.1259364892
8535,1.317318782395727,,0.0,1.317318782395727,9.2389141425
8540,1.31724886412906,,0.0,1.31724886412906,9.299217384
8545,1.317179416185054,,0.0,1.317179416185054,9.2800436338
8550,1.3171115079551832,,0.0,1.3171115079551832,9.228574413
8555,1.317047326127938,,0.0,1.317047326127938,9.1631017074
8560,1.3169897148455045,,0.0,1.3169897148455045,9.1399139779
8565,1.3169416442516286,,0.0,1.3169416442516286,9.1115339884
8570,1.3169054627160142,,0.0,1.3169054627160142,9.024867654
8575,1.3168828085084727,,0.0,1.3168828085084727,8.8574278754
8580,1.3168738446825108,,0.0,1.3168738446825108,8.7788172431
8585,1.3168767497046583,,0.0,1.3168767497046583,8.7847357296
8590,1.316887788938524,,0.0,1.316887788938524,8.749740648
8595,1.316902566426648,,0.0,1.316902566426648,8.8209312639
8600,1.3169167712938126,,0.0,1.3169167712938126,8.883368462
8605,1.3169270596332223,,0.0,1.3169270596332223,8.8939444092
8610,1.3169318790058318,,0.0,1.3169318790058318,8.9336115033
8615,1.316931660686294,,0.0,1.316931660686294,9.055865482
8620,1.3169283533324265,,0.0,1.3169283533324265,8.8257207852
8625,1.3169244782230067,,0.0,1.3169244782230067,8.7159157967
8630,1.3169221276077312,,0.0,1.3169221276077312,8.6072615821
8635,1.31692238534954,,0.0,1.31692238534954,8.5605896055
8640,1.316925424856523,,0.0,1.316925424856523,8.5857991068
8645,1.3169306365805304,,0.0,1.3169306365805304,8.5479309402
8650,1.3169373648144247,,0.0,1.3169373648144247,8.5019291389
8655,1.3169451663071674,,0.0,1.3169451663071674,8.4884755439
8660,1.3169537472630368,,0.0,1.3169537472630368,8.4741195116
8665,1.3169630641428802,,0.0,1.3169630641428802,8.6081101688
8670,1.3169733943996411,,0.0,1.3169733943996411,8.5755698187
8675,1.3169852324335074,,0.0,1.3169852324335074,8.5349213277
8680,1.3169990838725287,,0.0,1.3169990838725287,8.5073241026
8685,1.3170151911137693,,0.0,1.3170151911137693,8.4128137325
8690,1.3170332698428133,,0.0,1.3170332698428133,8.4275422601
8695,1.3170522627693282,,0.0,1.3170522627693282,8.4724701221
8700,1.317070287355127,,0.0,1.317070287355127,8.3827664961
8705,1.3170849239959606,,0.0,1.3170849239959606,8.3707139447
8710,1.3170939064102718,,0.0,1.3170939064102718,8.5809634071
8715,1.3170957741027294,,0.0,1.3170957741027294,8.615228809
8720,1.3170906623066931,,0.0,1.3170906623066931,8.5600750363
8725,1.317080589043217,,0.0,1.317080589043217,8.4387410548
8730,1.317069029335573,,0.0,1.317069029335573,8.3150181333
8735,1.3170600077484989,,0.0,1.3170600077484989,8.1330783857
8740,1.3170568288912736,,0.0,1.3170568288912736,8.154478952
8745,1.3170608213942279,,0.0,1.3170608213942279,8.2653104349
8750,1.317070668478663,,0.0,1.317070668478663,8.3332265438
8755,1.3170826623303022,,0.0,1.3170826623303022,8.391553744
8760,1.3170917182247324,,0.0,1.3170917182247324,8.4768015612
8765,1.3170926755870944,,0.0,1.3170926755870944,8.5595470252
8770,1.317081468060053,,0.0,1.317081468060053,8.5430996875
8775,1.3170559028421711,,0.0,1.3170559028421711,8.4509543665
8780,1.3170160752455204,,0.0,1.3170160752455204,8.3769968584
8785,1.3169644227141757,,0.0,1.3169644227141757,8.430608045
8790,1.3169052730899014,,0.0,1.3169052730899014,8.5836931194
8795,1.3168438624237389,,0.0,1.3168438624237389,8.5307496836
8800,1.3167849752819258,,0.0,1.3167849752819258,8.4007834905
8805,1.3167322396361651,,0.0,1.3167322396361651,8.215782123
8810,1.3166872776630003,,0.0,1.3166872776630003,8.0750414321
8815,1.3166494427623372,,0.0,1.3166494427623372,8.0142755213
8820,1.316616326183526,,0.0,1.316616326183526,8.0441552961
8825,1.3165848511181313,,0.0,1.3165848511181313,7.9930900219
8830,1.3165525682704466,,0.0,1.3165525682704466,7.8832576819
8835,1.3165186532658968,,0.0,1.3165186532658968,7.7926273492
8840,1.3164842547147593,,0.0,1.3164842547147593,7.6623014834
8845,1.3164520992409308,,0.0,1.3164520992409308,7.5153428317
8850,1.3164253684462246,,0.0,1.3164253684462246,7.538591211
8855,1.316406721587366,,0.0,1.316406721587366,7.5111142892
8860,1.3163973077736477,,0.0,1.3163973077736477,7.5329132684
8865,1.3163964215210784,,0.0,1.3163964215210784,7.5476423098
8870,1.3164022510270008,,0.0,1.3164022510270008,7.6132477731
8875,1.316412415735175,,0.0,1.316412415735175,7.6570750596
8880,1.3164246270330742,,0.0,1.3164246270330742,7.6516079728
8885,1.3164372407874467,,0.0,1.3164372407874467,7.6569350879
8890,1.3164495693541263,,0.0,1.3164495693541263,7.6427245272
8895,1.316461306586743,,0.0,1.316461306586743,7.7228144915
8900,1.3164720935679772,,0.0,1.3164720935679772,7.8815279492
8905,1.316481183520255,,0.0,1.316481183520255,7.887640595
8910,1.316487476362614,,0.0,1.316487476362614,7.7158607028
8915,1.3164899330188078,,0.0,1.3164899330188078,7.647985849
8920,1.3164881081169795,,0.0,1.3164881081169795,7.7205328595
8925,1.3164824052363886,,0.0,1.3164824052363886,7.8541717044
8930,1.3164744330801446,,0.0,1.3164744330801446,7.9430843929
8935,1.3164665490002398,,0.0,1.3164665490002398,7.9949505279
8940,1.3164613385237725,,0.0,1.3164613385237725,7.9740536677
8945,1.3164611293112782,,0.0,1.3164611293112782,8.0414747132
8950,1.3164675895735343,,0.0,1.3164675895735343,8.004916635
8955,1.316481476692206,,0.0,1.316481476692206,7.8569558257
8960,1.3165025820785687,,0.0,1.3165025820785687,7.7569644163
8965,1.316529884246694,,0.0,1.316529884246694,7.6931419929
8970,1.3165618545855544,,0.0,1.3165618545855544,7.7289294994
8975,1.316596846217311,,0.0,1.316596846217311,7.6890703701
8980,1.3166330626840514,,0.0,1.3166330626840514,7.6884336652
8985,1.3166690976336908,,0.0,1.3166690976336908,7.6848329043
8990,1.3167047665550304,,0.0,1.3167047665550304,7.6736861806
8995,1.3167401540312975,,0.0,1.3167401540312975,7.6737186632
9000,1.3167754791305535,,0.0,1.3167754791305535,7.7348897621
9005,1.3168109469484104,,0.0,1.3168109469484104,7.8524963283
9010,1.3168465823109181,,0.0,1.3168465823109181,7.9707076225
9015,1.3168820587368029,,0.0,1.3168820587368029,8.0823199611
9020,1.3169169720230334,,0.0,1.3169169720230334,7.9678879165
9025,1.3169508270208987,,0.0,1.3169508270208987,7.8668622683
9030,1.3169831519106887,,0.0,1.3169831519106887,7.9686414841
9035,1.3170136421678367,,0.0,1.3170136421678367,8.0276479284
9040,1.3170421984881413,,0.0,1.3170421984881413,8.0373924116
9045,1.317068915060889,,0.0,1.317068915060889,8.0469933619
9050,1.3170940805668858,,0.0,1.3170940805668858,8.0016838857
9055,1.3171181769309173,,0.0,1.3171181769309173,7.9570449159
9060,1.3171418174437537,,0.0,1.3171418174437537,7.9033229341
9065,1.3171657194410196,,0.0,1.3171657194410196,7.8376727567
9070,1.31719080348264,,0.0,1.31719080348264,7.736600584
9075,1.3172178180927456,,0.0,1.3172178180927456,7.7296694518
9080,1.317247294848222,,0.0,1.317247294848222,7.694097814
9085,1.3172796653979837,,0.0,1.3172796653979837,7.6711231886
9090,1.3173153915814195,,0.0,1.3173153915814195,7.5715475216
9095,1.3173549574441328,,0.0,1.3173549574441328,7.5690268885
9100,1.3173986282131738,,0.0,1.3173986282131738,7.6492317648
9105,1.3174460267571348,,0.0,1.3174460267571348,7.7330573177
9110,1.3174958658640215,,0.0,1.3174958658640215,7.7365036157
9115,1.317545936639126,,0.0,1.317545936639126,7.650355039
9120,1.3175933936927233,,0.0,1.3175933936927233,7.6932479054
9125,1.317635303558749,,0.0,1.317635303558749,7.7548634838
9130,1.3176693162456976,,0.0,1.3176693162456976,7.731722333
9135,1.317694237608074,,0.0,1.317694237608074,7.7121839922
9140,1.3177102511590442,,0.0,1.3177102511590442,7.6667361029
9145,1.3177187265730115,,0.0,1.3177187265730115,7.6003262793
9150,1.3177217842940816,,0.0,1.3177217842940816,7.5735046426
9155,1.3177218607682968,,0.0,1.3177218607682968,7.6227273407
9160,1.3177214138993916,,0.0,1.3177214138993916,7.6029189264
9165,1.3177227644864296,,0.0,1.3177227644864296,7.568061002
9170,1.3177279332950538,,0.0,1.3177279332950538,7.5621360016
9175,1.3177384246092565,,0.0,1.3177384246092565,7.5247895426
9180,1.3177549793431726,,0.0,1.3177549793431726,7.4256690688
9185,1.3177773905298797,,0.0,1.3177773905298797,7.3219595989
9190,1.317804530143515,,0.0,1.317804530143515,7.2098699717
9195,1.3178346634794071,,0.0,1.3178346634794071,7.1580421423
9200,1.3178659365680405,,0.0,1.3178659365680405,7.1267449337
9205,1.3178967944752904,,0.0,1.3178967944752904,7.1157699593
9210,1.317926168433453,,0.0,1.317926168433453,7.1461149786
9215,1.3179536431363899,,0.0,1.3179536431363899,7.1254249439
9220,1.3179792968048734,,0.0,1.3179792968048734,7.1461744077
9225,1.318003648665141,,0.0,1.318003648665141,7.0989370365
9230,1.3180275647596111,,0.0,1.3180275647596111,7.0690426179
9235,1.3180520293975146,,0.0,1.3180520293975146,7.1595525387
9240,1.3180778270321392,,0.0,1.3180778270321392,7.1606538288
9245,1.3181053280581747,,0.0,1.3181053280581747,7.0914647741
9250,1.3181344206960184,,0.0,1.3181344206960184,6.9449923874
9255,1.3181645350692992,,0.0,1.3181645350692992,6.8900024607
9260,1.3181954315255415,,0.0,1.3181954315255415,6.8511453403
9265,1.3182273156593731,,0.0,1.3182273156593731,6.8814762527
9270,1.3182612639732467,,0.0,1.3182612639732467,6.8721140828
9275,1.3182988929050201,,0.0,1.3182988929050201,6.844420965
9280,1.3183414169350944,,0.0,1.3183414169350944,6.8589797736
9285,1.3183892209296257,,0.0,1.3183892209296257,6.9495012235
9290,1.3184403527376842,,0.0,1.3184403527376842,6.994899795
9295,1.3184900108264854,,0.0,1.3184900108264854,7.0211947938
9300,1.3185313974741444,,0.0,1.3185313974741444,7.0781195701
9305,1.3185571520686312,,0.0,1.3185571520686312,7.1372848688
9310,1.3185620467926698,,0.0,1.3185620467926698,7.1378056301
9315,1.3185457430638454,,0.0,1.3185457430638454,7.1200714139
9320,1.318513069985581,,0.0,1.318513069985581,7.1796689877
9325,1.318472214415792,,0.0,1.318472214415792,7.260688401
9330,1.318432442334681,,0.0,1.318432442334681,7.294254363
9335,1.318402373995634,,0.0,1.318402373995634,7.1722204632
9340,1.318388684736841,,0.0,1.318388684736841,7.0882784738
9345,1.3183941261330023,,0.0,1.3183941261330023,7.1941871902
9350,1.3184165590269092,,0.0,1.3184165590269092,7.2055801405
9355,1.3184504842612887,,0.0,1.3184504842612887,7.0982112053
9360,1.3184891439107889,,0.0,1.3184891439107889,6.9726396721
9365,1.3185264896509332,,0.0,1.3185264896509332,6.994171241
9370,1.3185591253029914,,0.0,1.3185591253029914,7.0244163085
9375,1.318586429217673,,0.0,1.318586429217673,7.1066788194
9380,1.3186095825660549,,0.0,1.3186095825660549,7.0725278424
9385,1.3186304567832157,,0.0,1.3186304567832157,7.0228298138
9390,1.318650762371546,,0.0,1.318650762371546,7.0678385166
9395,1.3186715003573153,,0.0,1.3186715003573153,7.1084814408
9400,1.3186927445949042,,0.0,1.3186927445949042,7.1430348285
9405,1.3187138251552168,,0.0,1.3187138251552168,7.1290441039
9410,1.3187336994688943,,0.0,1.3187336994688943,7.1415338239
9415,1.3187513668839295,,0.0,1.3187513668839295,7.1413653706
9420,1.3187661857903883,,0.0,1.3187661857903883,7.1993008063
9425,1.3187780194578638,,0.0,1.3187780194578638,7.1818358795
9430,1.3187871957399249,,0.0,1.3187871957399249,7.2709803209
9435,1.3187942989844081,,0.0,1.3187942989844081,7.3160657947
9440,1.318799909796531,,0.0,1.318799909796531,7.279531797
9445,1.318804352037733,,0.0,1.318804352037733,7.1475798739
9450,1.3188074121291296,,0.0,1.3188074121291296,7.0499376155
9455,1.3188081688870246,,0.0,1.3188081688870246,7.0723112626
9460,1.3188051147838213,,0.0,1.3188051147838213,7.0771320189
9465,1.3187966207815047,,0.0,1.3187966207815047,7.0029849665
9470,1.318781511198175,,0.0,1.318781511198175,6.9091245692
9475,1.3187594333542139,,0.0,1.3187594333542139,6.924594387
9480,1.3187309018599593,,0.0,1.3187309018599593,6.9422996036
9485,1.3186971233363094,,0.0,1.3186971233363094,6.905921812
9490,1.3186597227043952,,0.0,1.3186597227043952,6.9354240196
9495,1.3186205672824134,,0.0,1.3186205672824134,7.0048617557
9500,1.318581678210267,,0.0,1.318581678210267,7.059812651
9505,1.3185450756298296,,0.0,1.3185450756298296,7.0645667361
9510,1.3185124095377905,,0.0,1.3185124095377905,7.0159806361
9515,1.3184844781103802,,0.0,1.3184844781103802,6.9679747433
9520,1.318460915319299,,0.0,1.318460915319299,7.0197448176
9525,1.318440311194595,,0.0,1.318440311194595,7.1747253759
9530,1.3184208052795434,,0.0,1.3184208052795434,7.2097064317
9535,1.318401190828493,,0.0,1.318401190828493,7.1769737633
9540,1.318381139364105,,0.0,1.318381139364105,7.2720370478
9545,1.3183611853326076,,0.0,1.3183611853326076,7.2953804728
9550,1.3183423513427164,,0.0,1.3183423513427164,7.2554229547
9555,1.3183255462274788,,0.0,1.3183255462274788,7.1517427369
9560,1.318311028352474,,0.0,1.318311028352474,7.0465306582
9565,1.3182981629692394,,0.0,1.3182981629692394,7.0416396219
9570,1.318285590134186,,0.0,1.318285590134186,7.0918600546
9575,1.3182716740725813,,0.0,1.3182716740725813,7.051766736
9580,1.3182549857271082,,0.0,1.3182549857271082,6.9237864927
9585,1.3182346496987967,,0.0,1.3182346496987967,6.9026167998
9590,1.3182104961974233,,0.0,1.3182104961974233,6.9671779935
9595,1.3181830776337957,,0.0,1.3181830776337957,6.9896608362
9600,1.3181536293222365,,0.0,1.3181536293222365,7.0678033724
9605,1.3181237491122544,,0.0,1.3181237491122544,7.1213993751
9610,1.3180950927392243,,0.0,1.3180950927392243,7.1450833544
9615,1.3180691073497974,,0.0,1.3180691073497974,7.2692769589
9620,1.3180468511075847,,0.0,1.3180468511075847,7.2244316334
9625,1.3180289053663277,,0.0,1.3180289053663277,7.1129722553
9630,1.3180153495943376,,0.0,1.3180153495943376,7.1139976442
9635,1.3180057870738258,,0.0,1.3180057870738258,7.1987773007
9640,1.317999415012663,,0.0,1.317999415012663,7.2679755764
9645,1.3179951369477534,,0.0,1.3179951369477534,7.2527085099
9650,1.3179917234282137,,0.0,1.3179917234282137,7.23162912
9655,1.3179880072554175,,0.0,1.3179880072554175,7.2638209496
9660,1.3179830779745147,,0.0,1.3179830779745147,7.3043830205
9665,1.3179764106205831,,0.0,1.3179764106205831,7.2437580926
9670,1.3179678526194534,,0.0,1.3179678526194534,7.1649221553
9675,1.317957468593709,,0.0,1.317957468593709,7.1407756618
9680,1.3179453357660895,,0.0,1.3179453357660895,7.3652444146
9685,1.3179313927576164,,0.0,1.3179313927576164,7.4412621952
9690,1.317915407401055,,0.0,1.317915407401055,7.3565203717
9695,1.3178970690588918,,0.0,1.3178970690588918,7.337592629
9700,1.3178761399499617,,0.0,1.3178761399499617,7.33235527
9705,1.3178526110919746,,0.0,1.3178526110919746,7.3603695157
9710,1.3178268084671891,,0.0,1.3178268084671891,7.5038970448
9715,1.3177993862856952,,0.0,1.3177993862856952,7.6733007428
9720,1.3177712391585814,,0.0,1.3177712391585814,7.6616539481
9725,1.317743421257331,,0.0,1.317743421257331,7.5350078019
9730,1.317717074705011,,0.0,1.317717074705011,7.3856258503
9735,1.317693193915929,,0.0,1.317693193915929,7.2900199717
9740,1.3176724642886795,,0.0,1.3176724642886795,7.2224137774
9745,1.3176549838799227,,0.0,1.3176549838799227,7.2545440933
9750,1.3176402271009666,,0.0,1.3176402271009666,7.3062897657
9755,1.3176274295839199,,0.0,1.3176274295839199,7.2602217162
9760,1.3176160310584717,,0.0,1.3176160310584717,7.2479230766
9765,1.317605954551391,,0.0,1.317605954551391,7.2793226782
9770,1.3175974904900396,,0.0,1.3175974904900396,7.2913956511
9775,1.3175907930703883,,0.0,1.3175907930703883,7.2784958429
9780,1.317585212947755,,0.0,1.317585212947755,7.2294079485
9785,1.317579093388732,,0.0,1.317579093388732,7.2333698104
9790,1.3175697913546174,,0.0,1.3175697913546174,7.3750181137
9795,1.3175542075812519,,0.0,1.3175542075812519,7.4776170935
9800,1.317529699528949,,0.0,1.317529699528949,7.4274125481
9805,1.3174949980750468,,0.0,1.3174949980750468,7.3822441449
9810,1.3174506855713186,,0.0,1.3174506855713186,7.3217876688
9815,1.3173990093367098,,0.0,1.3173990093367098,7.3304997504
9820,1.317343156337457,,0.0,1.317343156337457,7.376454898
9825,1.3172863779128714,,0.0,1.3172863779128714,7.4326765432
9830,1.3172313360642671,,0.0,1.3172313360642671,7.4626090854
9835,1.3171798006769488,,0.0,1.3171798006769488,7.4034894286
9840,1.3171326155871184,,0.0,1.3171326155871184,7.3360686473
9845,1.3170897950167348,,0.0,1.3170897950167348,7.2167135677
9850,1.3170506170142748,,0.0,1.3170506170142748,7.1296746919
9855,1.31701371826779,,0.0,1.31701371826779,7.1010075848
9860,1.3169775251300513,,0.0,1.3169775251300513,7.1541591057
9865,1.3169402275449593,,0.0,1.3169402275449593,7.2056616457
9870,1.3169000934276773,,0.0,1.3169000934276773,7.2547226249
9875,1.3168559860195606,,0.0,1.3168559860195606,7.2438267392
9880,1.3168079028255286,,0.0,1.3168079028255286,7.2658498356
9885,1.3167572513204533,,0.0,1.3167572513204533,7.2354452409
9890,1.3167065991916083,,0.0,1.3167065991916083,7.1618898625
9895,1.316658860318676,,0.0,1.316658860318676,7.2178030246
9900,1.316616239604235,,0.0,1.316616239604235,7.4145011146
9905,1.3165794658612795,,0.0,1.3165794658612795,7.5661494429
9910,1.3165476462252772,,0.0,1.3165476462252772,7.5689084584
9915,1.3165190948951335,,0.0,1.3165190948951335,7.4547732175
9920,1.3164923954136867,,0.0,1.3164923954136867,7.3665784276
9925,1.3164673737490769,,0.0,1.3164673737490769,7.3680971523
9930,1.316445277316766,,0.0,1.316445277316766,7.41741016
9935,1.31642849116414,,0.0,1.31642849116414,7.5251859162
9940,1.316419758881642,,0.0,1.316419758881642,7.5702903313
9945,1.3164212151353365,,0.0,1.3164212151353365,7.5422027221
9950,1.3164335471951285,,0.0,1.3164335471951285,7.4646738728
9955,1.3164555766345296,,0.0,1.3164555766345296,7.2917076323
9960,1.3164844102830242,,0.0,1.3164844102830242,7.2137222258
9965,1.3165161072858236,,0.0,1.3165161072858236,7.1447430753
9970,1.3165466664071914,,0.0,1.3165466664071914,7.175393133
9975,1.3165729863869045,,0.0,1.3165729863869045,7.1812969764
9980,1.3165933966438588,,0.0,1.3165933966438588,7.298787697
9985,1.3166074969671533,,0.0,1.3166074969671533,7.347562709
9990,1.3166153673241157,,0.0,1.3166153673241157,7.3664723671
9995,1.3166175142160739,,0.0,1.3166175142160739,7.4563657743
10000,1.3166143791475102,,0.0,1.3166143791475102,7.4432797052
10005,1.3166062194859718,,0.0,1.3166062194859718,7.4977613742
10010,1.316593260162959,,0.0,1.316593260162959,7.6936956207
10015,1.316576012919469,,0.0,1.316576012919469,7.8362085158
10020,1.316555327330389,,0.0,1.316555327330389,7.8451812946
10025,1.316532382321223,,0.0,1.316532382321223,7.7493474427
10030,1.316508652234999,,0.0,1.316508652234999,7.6597969989
10035,1.3164855180987363,,0.0,1.3164855180987363,7.7046667478
10040,1.316464017366879,,0.0,1.316464017366879,7.6253823704
10045,1.3164447787996958,,0.0,1.3164447787996958,7.6209762671
10050,1.316428059265717,,0.0,1.316428059265717,7.6275835284
10055,1.3164137975107186,,0.0,1.3164137975107186,7.5829655356
10060,1.3164016422273752,,0.0,1.3164016422273752,7.5144836603
10065,1.3163909711426274,,0.0,1.3163909711426274,7.3888887195
10070,1.31638103061743,,0.0,1.31638103061743,7.2885439669
10075,1.31637127210835,,0.0,1.31637127210835,7.244847655
10080,1.3163617230612727,,0.0,1.3163617230612727,7.2812264643
10085,1.3163532485205833,,0.0,1.3163532485205833,7.2930351803
10090,1.3163476072684794,,0.0,1.3163476072684794,7.3094338514
10095,1.3163471159871423,,0.0,1.3163471159871423,7.3675853995
10100,1.3163538544508664,,0.0,1.3163538544508664,7.3868298897
10105,1.3163693261951208,,0.0,1.3163693261951208,7.4985561553
10110,1.3163934854351793,,0.0,1.3163934854351793,7.6245056099
10115,1.3164243236312934,,0.0,1.3164243236312934,7.6028390167
10120,1.3164581718924415,,0.0,1.3164581718924415,7.7870873008
10125,1.3164902969262888,,0.0,1.3164902969262888,8.0579441593
10130,1.3165158366943506,,0.0,1.3165158366943506,8.1254358337
10135,1.316531055187941,,0.0,1.316531055187941,8.0649637228
10140,1.3165345357003901,,0.0,1.3165345357003901,7.9746478522
10145,1.3165276914452557,,0.0,1.3165276914452557,7.8899542651
10150,1.3165144043934283,,0.0,1.3165144043934283,7.8365308807
10155,1.3164999508914985,,0.0,1.3164999508914985,7.9265296146
10160,1.3164895452833087,,0.0,1.3164895452833087,7.9350048745
10165,1.316486916341811,,0.0,1.316486916341811,7.9247005665
10170,1.316493388829961,,0.0,1.316493388829961,7.8277909876
10175,1.3165078173810865,,0.0,1.3165078173810865,7.768967894
10180,1.3165273659620134,,0.0,1.3165273659620134,7.5265839062
10185,1.3165486571071146,,0.0,1.3165486571071146,7.4553604803
10190,1.3165688016380028,,0.0,1.3165688016380028,7.4144203537
10195,1.3165860345347804,,0.0,1.3165860345347804,7.4770772735
10200,1.3166001961122995,,0.0,1.3166001961122995,7.5078333311
10205,1.3166121580269092,,0.0,1.3166121580269092,7.6253457734
10210,1.3166231635771894,,0.0,1.3166231635771894,7.6688353269
10215,1.3166346100081816,,0.0,1.3166346100081816,7.6517941128
10220,1.3166474423316004,,0.0,1.3166474423316004,7.5583037535
10225,1.316661710449054,,0.0,1.316661710449054,7.5378523116
10230,1.3166765010363501,,0.0,1.3166765010363501,7.578014695
10235,1.3166901845564585,,0.0,1.3166901845564585,7.6493103025
10240,1.316700952200819,,0.0,1.316700952200819,7.6240140909
10245,1.3167075302308715,,0.0,1.3167075302308715,7.5469115987
10250,1.3167098319425705,,0.0,1.3167098319425705,7.3674803673
10255,1.3167092179032762,,0.0,1.3167092179032762,7.1742506784
10260,1.3167082034035722,,0.0,1.3167082034035722,7.0796850171
10265,1.3167097002023238,,0.0,1.3167097002023238,7.0650342988
10270,1.316716075382337,,0.0,1.316716075382337,6.9878344743
10275,1.3167287588742078,,0.0,1.3167287588742078,6.849113877
10280,1.316748078032489,,0.0,1.316748078032489,6.7682208535
10285,1.3167733181413908,,0.0,1.3167733181413908,6.6954698069
10290,1.3168032815623054,,0.0,1.3168032815623054,6.5783756573
10295,1.3168370789238129,,0.0,1.3168370789238129,6.5164821314
10300,1.3168741082877582,,0.0,1.3168741082877582,6.4653961702
10305,1.3169138400733205,,0.0,1.3169138400733205,6.5143384674
10310,1.3169557061506845,,0.0,1.3169557061506845,6.5903942293
10315,1.316999217858348,,0.0,1.316999217858348,6.6705466874
10320,1.3170440968700885,,0.0,1.3170440968700885,6.7777780134
10325,1.3170901836255122,,0.0,1.3170901836255122,6.8923053909
10330,1.317137763187559,,0.0,1.317137763187559,7.0516652117
10335,1.3171879775545423,,0.0,1.3171879775545423,7.1440827759
10340,1.3172427540513427,,0.0,1.3172427540513427,7.2055420072
10345,1.3173040009154746,,0.0,1.3173040009154746,7.3579527274
10350,1.317372361129166,,0.0,1.317372361129166,7.538605738
10355,1.3174461429031292,,0.0,1.3174461429031292,7.5340825694
10360,1.3175210444691903,,0.0,1.3175210444691903,7.404541805
10365,1.3175910687767762,,0.0,1.3175910687767762,7.3200443567
10370,1.3176503118418128,,0.0,1.3176503118418128,7.3021493845
10375,1.3176945183046227,,0.0,1.3176945183046227,7.334046615
10380,1.3177225980645646,,0.0,1.3177225980645646,7.3429185865
10385,1.3177373200371492,,0.0,1.3177373200371492,7.3293305649
10390,1.3177446928750733,,0.0,1.3177446928750733,7.3232886744
10395,1.3177521119967395,,0.0,1.3177521119967395,7.3930620376
10400,1.3177662655900013,,0.0,1.3177662655900013,7.4339511041
10405,1.317791632199481,,0.0,1.317791632199481,7.4354272321
10410,1.3178297314539158,,0.0,1.3178297314539158,7.394512931
10415,1.3178791412822137,,0.0,1.3178791412822137,7.4258641704
10420,1.3179364132337088,,0.0,1.3179364132337088,7.4798827286
10425,1.317996940766152,,0.0,1.317996940766152,7.4635237552
10430,1.3180558896612058,,0.0,1.3180558896612058,7.485567482
10435,1.3181093633517584,,0.0,1.3181093633517584,7.5674893236
10440,1.3181551821355437,,0.0,1.3181551821355437,7.624014222
10445,1.3181931230771253,,0.0,1.3181931230771253,7.6989550849
10450,1.3182245834215456,,0.0,1.3182245834215456,7.746964189
10455,1.318251859017064,,0.0,1.318251859017064,7.8282222208
10460,1.318277285258966,,0.0,1.318277285258966,7.8449780577
10465,1.3183025655386629,,0.0,1.3183025655386629,7.804577391
10470,1.318328436403898,,0.0,1.318328436403898,7.713915368
10475,1.318354758504429,,0.0,1.318354758504429,7.6180984917
10480,1.3183808858639328,,0.0,1.3183808858639328,7.5062604291
10485,1.318406133458076,,0.0,1.318406133458076,7.4694590017
10490,1.3184302264537489,,0.0,1.3184302264537489,7.5407902381
10495,1.3184535846482341,,0.0,1.3184535846482341,7.4595344914
10500,1.3184772996392216,,0.0,1.3184772996392216,7.3071458321
10505,1.3185028174505753,,0.0,1.3185028174505753,7.2256878151
10510,1.318531477566226,,0.0,1.318531477566226,7.227685631
10515,1.3185640837763348,,0.0,1.3185640837763348,7.2535598072
10520,1.3186005889238817,,0.0,1.3186005889238817,7.2751656328
10525,1.318639936217549,,0.0,1.318639936217549,7.2257776905
10530,1.3186801086343156,,0.0,1.3186801086343156,7.2091815432
10535,1.318718440679755,,0.0,1.318718440679755,7.292278337
10540,1.3187521819019525,,0.0,1.3187521819019525,7.2125912589
10545,1.3187791983833683,,0.0,1.3187791983833683,7.0580771243
10550,1.318798594889143,,0.0,1.318798594889143,7.0222052221
10555,1.3188109588859644,,0.0,1.3188109588859644,7.0218672998
10560,1.3188181283748335,,0.0,1.3188181283748335,6.96833661
10565,1.3188227079702135,,0.0,1.3188227079702135,6.9085391354
10570,1.3188273355958915,,0.0,1.3188273355958915,6.9259654414
10575,1.3188341028777948,,0.0,1.3188341028777948,7.0449343209
10580,1.3188442368964797,,0.0,1.3188442368964797,7.0593027559
10585,1.3188581142843374,,0.0,1.3188581142843374,6.9871122545
10590,1.3188755215872374,,0.0,1.3188755215872374,6.8808131915
10595,1.3188959644049913,,0.0,1.3188959644049913,6.9153304578
10600,1.318918902178424,,0.0,1.318918902178424,6.9980958779
10605,1.3189438502381612,,0.0,1.3189438502381612,7.110302201
10610,1.3189703022076291,,0.0,1.3189703022076291,7.1730204448
10615,1.3189976127342737,,0.0,1.3189976127342737,7.1943154149
10620,1.319025111888999,,0.0,1.319025111888999,7.2660813537
10625,1.3190522547462387,,0.0,1.3190522547462387,7.3066786759
10630,1.3190787703402576,,0.0,1.3190787703402576,7.3223706124
10635,1.3191046975943106,,0.0,1.3191046975943106,7.3402892836
10640,1.3191302801530016,,0.0,1.3191302801530016,7.3849689789
10645,1.319155835889578,,0.0,1.319155835889578,7.3447355663
10650,1.319181682053517,,0.0,1.319181682053517,7.2834340942
10655,1.3192081083236562,,0.0,1.3192081083236562,7.2328931157
10660,1.3192353578455842,,0.0,1.3192353578455842,7.1827336783
10665,1.31926356211004,,0.0,1.31926356211004,7.1512248551
10670,1.3192926299218333,,0.0,1.3192926299218333,7.1239398287
10675,1.3193221614443251,,0.0,1.3193221614443251,7.1121607465
10680,1.3193514993485753,,0.0,1.3193514993485753,7.0688255657
10685,1.3193799088333964,,0.0,1.3193799088333964,7.2201754895
10690,1.319406762885076,,0.0,1.319406762885076,7.1860254856
10695,1.3194316743918848,,0.0,1.3194316743918848,7.0271471263
10700,1.319454529328647,,0.0,1.319454529328647,6.8482916121
10705,1.3194754250034997,,0.0,1.3194754250034997,6.8431488423
10710,1.3194947815879874,,0.0,1.3194947815879874,6.8737525416
10715,1.3195134422945425,,0.0,1.3195134422945425,6.7746900502
10720,1.3195325418857458,,0.0,1.3195325418857458,6.7697968285
10725,1.3195532892280664,,0.0,1.3195532892280664,6.7503809288
10730,1.3195768044878653,,0.0,1.3195768044878653,6.7096855216
10735,1.319603930628066,,0.0,1.319603930628066,6.7079348222
10740,1.3196349070516362,,0.0,1.3196349070516362,6.6694921633
10745,1.3196689110058033,,0.0,1.3196689110058033,6.6246194266
10750,1.319703634042151,,0.0,1.319703634042151,6.6697049826
10755,1.3197351371772006,,0.0,1.3197351371772006,6.7313179368
10760,1.319758390703062,,0.0,1.319758390703062,6.6707345887
10765,1.3197684070787046,,0.0,1.3197684070787046,6.6585037918
10770,1.3197615896456845,,0.0,1.3197615896456845,6.6374879464
10775,1.319737032440297,,0.0,1.319737032440297,6.6203578773
10780,1.3196971600569527,,0.0,1.3196971600569527,6.5110486467
10785,1.3196474100244378,,0.0,1.3196474100244378,6.3785302184
10790,1.3195949619366971,,0.0,1.3195949619366971,6.3209427452
10795,1.3195469510999978,,0.0,1.3195469510999978,6.4113713338
10800,1.319508882410298,,0.0,1.319508882410298,6.4004212186
10805,1.3194835471140778,,0.0,1.3194835471140778,6.3057201828
10810,1.3194709301161003,,0.0,1.3194709301161003,6.2600562376
10815,1.3194686806763363,,0.0,1.3194686806763363,6.1990735671
10820,1.3194731291552397,,0.0,1.3194731291552397,6.194196576
10825,1.3194802930301774,,0.0,1.3194802930301774,6.2686328513
10830,1.3194867812373343,,0.0,1.3194867812373343,6.3037223953
10835,1.3194908090456765,,0.0,1.3194908090456765,6.3706808999
10840,1.3194917916083508,,0.0,1.3194917916083508,6.3855806271
10845,1.3194896415975423,,0.0,1.3194896415975423,6.4161137651
10850,1.3194843192167176,,0.0,1.3194843192167176,6.4000995313
10855,1.3194756715174463,,0.0,1.3194756715174463,6.4241549938
10860,1.319463533325404,,0.0,1.319463533325404,6.4787703832
10865,1.3194479479302361,,0.0,1.3194479479302361,6.5257751711
10870,1.319429229337815,,0.0,1.319429229337815,6.5176487565
10875,1.3194079413115642,,0.0,1.3194079413115642,6.5469951275
10880,1.3193847825987595,,0.0,1.3193847825987595,6.5397068079
10885,1.3193605294189228,,0.0,1.3193605294189228,6.536895844
10890,1.3193361642099746,,0.0,1.3193361642099746,6.4627187215
10895,1.3193128909729779,,0.0,1.3193128909729779,6.3290025642
10900,1.3192919377865213,,0.0,1.3192919377865213,6.2950375604
10905,1.3192742061231653,,0.0,1.3192742061231653,6.4278962318
10910,1.3192598891021352,,0.0,1.3192598891021352,6.4847231467
10915,1.3192482808651769,,0.0,1.3192482808651769,6.4021149548
10920,1.319238009617068,,0.0,1.319238009617068,6.3349039448
10925,1.3192276171080504,,0.0,1.3192276171080504,6.2929798037
10930,1.3192161862713105,,0.0,1.3192161862713105,6.252771981
10935,1.319203659470491,,0.0,1.319203659470491,6.3248504239
10940,1.3191906746976578,,0.0,1.3191906746976578,6.4984383562
10945,1.319178066557216,,0.0,1.319178066557216,6.5364681449
10950,1.3191664215178212,,0.0,1.3191664215178212,6.5311784504
10955,1.319155973493264,,0.0,1.319155973493264,6.5652974415
10960,1.319146796712187,,0.0,1.319146796712187,6.5270439367
10965,1.3191391187259258,,0.0,1.3191391187259258,6.5407763852
10970,1.3191334048669812,,0.0,1.3191334048669812,6.5346888706
10975,1.3191301632584833,,0.0,1.3191301632584833,6.5346972718
10980,1.319129620204227,,0.0,1.319129620204227,6.5252985081
10985,1.3191315001225792,,0.0,1.3191315001225792,6.5536415346
10990,1.3191350669648114,,0.0,1.3191350669648114,6.5477711373
10995,1.319139402416571,,0.0,1.319139402416571,6.4875236078
11000,1.3191437504684869,,0.0,1.3191437504684869,6.4611347417
11005,1.319147703923432,,0.0,1.319147703923432,6.3735549068
11010,1.3191511687168749,,0.0,1.3191511687168749,6.3094903054
11015,1.3191542278102393,,0.0,1.3191542278102393,6.4450040732
11020,1.3191569894900161,,0.0,1.3191569894900161,6.5717841178
11025,1.3191594753386509,,0.0,1.3191594753386509,6.5139343192
11030,1.3191616007729174,,0.0,1.3191616007729174,6.4209794337
11035,1.3191632357991248,,0.0,1.3191632357991248,6.3588813003
11040,1.3191642826101204,,0.0,1.3191642826101204,6.33287595
11045,1.3191647470693428,,0.0,1.3191647470693428,6.3279997809
11050,1.3191648049552092,,0.0,1.3191648049552092,6.3659227079
11055,1.3191648378902705,,0.0,1.3191648378902705,6.3893493294
11060,1.319165411259754,,0.0,1.319165411259754,6.3843970976
11065,1.3191671381049215,,0.0,1.3191671381049215,6.3855189455
11070,1.3191705291687374,,0.0,1.3191705291687374,6.3709847321
11075,1.3191758954629775,,0.0,1.3191758954629775,6.3725703071
11080,1.3191831849652156,,0.0,1.3191831849652156,6.3306588225
11085,1.3191920049497905,,0.0,1.3191920049497905,6.2921892585
11090,1.319201791279017,,0.0,1.319201791279017,6.2826444794
11095,1.3192120080096181,,0.0,1.3192120080096181,6.3270556977
11100,1.3192223478724387,,0.0,1.3192223478724387,6.2895200094
11105,1.3192328897120207,,0.0,1.3192328897120207,6.3054002365
11110,1.3192441458931299,,0.0,1.3192441458931299,6.3421692554
11115,1.3192569250713353,,0.0,1.3192569250713353,6.2868678132
11120,1.3192720112009089,,0.0,1.3192720112009089,6.3094843451
11125,1.3192898131007789,,0.0,1.3192898131007789,6.5496388112
11130,1.3193101658461295,,0.0,1.3193101658461295,6.685461708
11135,1.3193323270257775,,0.0,1.3193323270257775,6.7057118923
11140,1.319355150275018,,0.0,1.319355150275018,6.6748846344
11145,1.3193773906734698,,0.0,1.3193773906734698,6.6924214015
11150,1.3193980266104495,,0.0,1.3193980266104495,6.6930468098
11155,1.3194164898313883,,0.0,1.3194164898313883,6.6727259344
11160,1.3194327551359741,,0.0,1.3194327551359741,6.6574097531
11165,1.3194472753813054,,0.0,1.3194472753813054,6.6748125937
11170,1.3194608015865923,,0.0,1.3194608015865923,6.6958609004
11175,1.3194741557560834,,0.0,1.3194741557560834,6.6879265989
11180,1.319488002329698,,0.0,1.319488002329698,6.6411277183
11185,1.3195026621747794,,0.0,1.3195026621747794,6.5797032508
11190,1.319518019893858,,0.0,1.319518019893858,6.5654469387
11195,1.3195335503972565,,0.0,1.3195335503972565,6.5397032725
11200,1.3195484557582526,,0.0,1.3195484557582526,6.4956903263
11205,1.3195618631977108,,0.0,1.3195618631977108,6.5146359002
11210,1.3195730067259388,,0.0,1.3195730067259388,6.5471341441
11215,1.3195813325598342,,0.0,1.3195813325598342,6.520858348
11220,1.3195865320579478,,0.0,1.3195865320579478,6.4311136253
11225,1.319588529744096,,0.0,1.319588529744096,6.404146963
11230,1.3195873964785636,,0.0,1.3195873964785636,6.327696882
11235,1.3195832436666914,,0.0,1.3195832436666914,6.3870738374
11240,1.319576138675652,,0.0,1.319576138675652,6.3800080505
11245,1.319566016508599,,0.0,1.319566016508599,6.334883626
11250,1.3195526687015628,,0.0,1.3195526687015628,6.2855220243
11255,1.3195358934025367,,0.0,1.3195358934025367,6.2763344088
11260,1.3195157708283562,,0.0,1.3195157708283562,6.3266198864
11265,1.3194929372245314,,0.0,1.3194929372245314,6.359905618
11270,1.3194686922784604,,0.0,1.3194686922784604,6.3713565292
11275,1.319444815606261,,0.0,1.319444815606261,6.3779131141
11280,1.319423133731564,,0.0,1.319423133731564,6.3839234697
11285,1.3194050364141707,,0.0,1.3194050364141707,6.4426868193
11290,1.3193911304576418,,0.0,1.3193911304576418,6.5400174676
11295,1.31938111657708,,0.0,1.31938111657708,6.4885672538
11300,1.3193738973113562,,0.0,1.3193738973113562,6.4182020575
11305,1.3193678643316242,,0.0,1.3193678643316242,6.3066380133
11310,1.3193612683369929,,0.0,1.3193612683369929,6.2495617634
11315,1.31935254179318,,0.0,1.31935254179318,6.3335384198
11320,1.3193404936735413,,0.0,1.3193404936735413,6.4093495101
11325,1.3193244060186822,,0.0,1.3193244060186822,6.4669034548
11330,1.3193040743567614,,0.0,1.3193040743567614,6.418568984
11335,1.3192798131926675,,0.0,1.3192798131926675,6.3042388781
11340,1.3192524048588696,,0.0,1.3192524048588696,6.2719588314
11345,1.3192229163765155,,0.0,1.3192229163765155,6.3982924117
11350,1.3191923745959564,,0.0,1.3191923745959564,6.482990261
11355,1.3191614348500686,,0.0,1.3191614348500686,6.4794231411
11360,1.3191301984391175,,0.0,1.3191301984391175,6.542637217
11365,1.3190982647779392,,0.0,1.3190982647779392,6.6104824652
11370,1.3190650224470741,,0.0,1.3190650224470741,6.623186668
11375,1.3190300654969358,,0.0,1.3190300654969358,6.7143444659
11380,1.318993525667771,,0.0,1.318993525667771,6.8001588928
11385,1.3189561316478202,,0.0,1.3189561316478202,6.7936725438
11390,1.3189189485869202,,0.0,1.3189189485869202,6.8321730139
11395,1.3188829473208667,,0.0,1.3188829473208667,6.9487367861
11400,1.3188486447055718,,0.0,1.3188486447055718,6.9870237059
11405,1.3188159832294315,,0.0,1.3188159832294315,6.9332586656
11410,1.318784480593398,,0.0,1.318784480593398,6.9152980624
11415,1.318753546087179,,0.0,1.318753546087179,6.8588938373
11420,1.3187227686462732,,0.0,1.3187227686462732,6.7787549011
11425,1.3186919976925766,,0.0,1.3186919976925766,6.9251442437
11430,1.3186611954256207,,0.0,1.3186611954256207,7.1075436391
11435,1.3186302252397515,,0.0,1.3186302252397515,7.2173358359
11440,1.318598751172389,,0.0,1.318598751172389,7.1355872912
11445,1.3185663756324661,,0.0,1.3185663756324661,6.9830110966
11450,1.318532867326027,,0.0,1.318532867326027,6.9453139407
11455,1.3184983809480584,,0.0,1.3184983809480584,7.1369319661
11460,1.318463330806666,,0.0,1.318463330806666,7.197436584
11465,1.3184280588526232,,0.0,1.3184280588526232,7.1686023161
11470,1.318392510069406,,0.0,1.318392510069406,7.1212341166
11475,1.3183561159529384,,0.0,1.3183561159529384,7.0678132487
11480,1.3183180166985036,,0.0,1.3183180166985036,7.0521911643
11485,1.3182775664545308,,0.0,1.3182775664545308,7.0638472703
11490,1.318234836081305,,0.0,1.318234836081305,7.0743911478
11495,1.318190755744811,,0.0,1.318190755744811,6.9794363417
11500,1.3181468219942925,,0.0,1.3181468219942925,6.9506732403
11505,1.318104602114523,,0.0,1.318104602114523,6.9418533232
11510,1.3180654042761732,,0.0,1.3180654042761732,6.9655071691
11515,1.3180301837207873,,0.0,1.3180301837207873,6.8967623754
11520,1.3179993012369955,,0.0,1.3179993012369955,6.8196708898
11525,1.31797251617429,,0.0,1.31797251617429,6.686094639
11530,1.3179487630085718,,0.0,1.3179487630085718,6.5993999964
11535,1.3179265382043728,,0.0,1.3179265382043728,6.5943846296
11540,1.3179046173009705,,0.0,1.3179046173009705,6.6911983573
11545,1.3178820005196357,,0.0,1.3178820005196357,6.7945673552
11550,1.3178579171300224,,0.0,1.3178579171300224,6.7932305378
11555,1.3178317890219946,,0.0,1.3178317890219946,6.7616001998
11560,1.3178031674553365,,0.0,1.3178031674553365,6.7400464612
11565,1.317771825252975,,0.0,1.317771825252975,6.7958339268
11570,1.3177379862236245,,0.0,1.3177379862236245,6.9283721718
11575,1.3177020696655517,,0.0,1.3177020696655517,6.9771300317
11580,1.3176647523693243,,0.0,1.3176647523693243,6.9806245708
11585,1.3176269771010836,,0.0,1.3176269771010836,6.9347828939
11590,1.3175898332129459,,0.0,1.3175898332129459,6.9303120717
11595,1.3175543557890295,,0.0,1.3175543557890295,6.9640323174
11600,1.3175213583503087,,0.0,1.3175213583503087,7.0069648145
11605,1.3174913792103875,,0.0,1.3174913792103875,7.0116751972
11610,1.3174647347454642,,0.0,1.3174647347454642,6.9949642504
11615,1.3174416205698452,,0.0,1.3174416205698452,6.9615408433
11620,1.317422182396227,,0.0,1.317422182396227,6.9615724764
11625,1.317406503560297,,0.0,1.317406503560297,6.8875507373
11630,1.317394517568161,,0.0,1.317394517568161,6.7809187335
11635,1.3173859046752618,,0.0,1.3173859046752618,6.6530413966
11640,1.3173800535868936,,0.0,1.3173800535868936,6.5645077795
11645,1.3173760663236083,,0.0,1.3173760663236083,6.5905578202
11650,1.3173727947741452,,0.0,1.3173727947741452,6.7388391781
11655,1.3173692668551675,,0.0,1.3173692668551675,6.8598104054
11660,1.317364245755305,,0.0,1.317364245755305,6.9501143406
11665,1.3173561275121017,,0.0,1.3173561275121017,6.9320421823
11670,1.3173432401721594,,0.0,1.3173432401721594,6.9065577586
11675,1.3173243521637767,,0.0,1.3173243521637767,6.9151516926
11680,1.317299157714847,,0.0,1.317299157714847,7.0509105668
11685,1.3172685437017095,,0.0,1.3172685437017095,7.1086143619
11690,1.3172346212119188,,0.0,1.3172346212119188,7.0634241164
11695,1.3172004910066817,,0.0,1.3172004910066817,6.9556466497
11700,1.3171695508865318,,0.0,1.3171695508865318,6.8661545262
11705,1.317145020378505,,0.0,1.317145020378505,6.7708526877
11710,1.317128961541825,,0.0,1.317128961541825,6.784624406
11715,1.3171212887952328,,0.0,1.3171212887952328,6.8124352408
11720,1.3171194596517677,,0.0,1.3171194596517677,6.8185280427
11725,1.3171190197690874,,0.0,1.3171190197690874,6.7681723661
11730,1.3171149491701157,,0.0,1.3171149491701157,6.7724906849
11735,1.3171033606442926,,0.0,1.3171033606442926,6.706128055
11740,1.3170828297501993,,0.0,1.3170828297501993,6.6065524575
11745,1.3170548420587254,,0.0,1.3170548420587254,6.5192080015
11750,1.317023486382929,,0.0,1.317023486382929,6.4471976706
11755,1.3169933761265313,,0.0,1.3169933761265313,6.4471690272
11760,1.3169682656370578,,0.0,1.3169682656370578,6.5776529867
11765,1.3169501428698442,,0.0,1.3169501428698442,6.6847247505
11770,1.3169384900957,,0.0,1.3169384900957,6.7904944771
11775,1.3169307019516376,,0.0,1.3169307019516376,6.7776555961
11780,1.3169231090476192,,0.0,1.3169231090476192,6.7917043535
11785,1.3169121542722262,,0.0,1.3169121542722262,6.7630305191
11790,1.3168953118555362,,0.0,1.3168953118555362,6.8570245253
11795,1.3168717952234432,,0.0,1.3168717952234432,6.9958069621
11800,1.3168429509708568,,0.0,1.3168429509708568,7.0382957343
11805,1.3168113474088199,,0.0,1.3168113474088199,6.939846832
11810,1.316779940833383,,0.0,1.316779940833383,6.8161994474
11815,1.3167511729302577,,0.0,1.3167511729302577,6.6859699925
11820,1.3167268523832492,,0.0,1.3167268523832492,6.5648023406
11825,1.316707711248957,,0.0,1.316707711248957,6.5694101308
11830,1.3166937666186815,,0.0,1.3166937666186815,6.6368714759
11835,1.3166849344082123,,0.0,1.3166849344082123,6.5960184919
11840,1.3166814531472386,,0.0,1.3166814531472386,6.5328430911
11845,1.3166838806109915,,0.0,1.3166838806109915,6.4818572764
11850,1.316692725795879,,0.0,1.316692725795879,6.3630795983
11855,1.3167079663709311,,0.0,1.3167079663709311,6.2881555607
11860,1.3167287451512655,,0.0,1.3167287451512655,6.2065342441
11865,1.3167533424026938,,0.0,1.3167533424026938,6.1234665747
11870,1.3167796692438778,,0.0,1.3167796692438778,6.1779875496
11875,1.3168060442401144,,0.0,1.3168060442401144,6.2881298317
11880,1.3168317781254337,,0.0,1.3168317781254337,6.3415973485
11885,1.3168571916424257,,0.0,1.3168571916424257,6.3356011661
11890,1.3168830902030535,,0.0,1.3168830902030535,6.352912159
11895,1.3169100778662903,,0.0,1.3169100778662903,6.3572468813
11900,1.3169381290575612,,0.0,1.3169381290575612,6.3822712935
11905,1.3169666323574067,,0.0,1.3169666323574067,6.4859501713
11910,1.3169948472259543,,0.0,1.3169948472259543,6.5803890964
11915,1.317022451298812,,0.0,1.317022451298812,6.5560702272
11920,1.3170497625739808,,0.0,1.3170497625739808,6.4664522461
11925,1.3170774534756373,,0.0,1.3170774534756373,6.3664033229
11930,1.317105951161552,,0.0,1.317105951161552,6.311173131
11935,1.31713492079193,,0.0,1.31713492079193,6.2865052661
11940,1.3171631628568543,,0.0,1.3171631628568543,6.3182789135
11945,1.3171889938008023,,0.0,1.3171889938008023,6.3314991678
11950,1.3172109699702363,,0.0,1.3172109699702363,6.2681987937
11955,1.3172286161770876,,0.0,1.3172286161770876,6.2452931899
11960,1.3172426994090811,,0.0,1.3172426994090811,6.1990980822
11965,1.3172549364063086,,0.0,1.3172549364063086,6.130231885
11970,1.317267363902927,,0.0,1.317267363902927,6.0843461267
11975,1.31728172072049,,0.0,1.31728172072049,6.0132570283
11980,1.3172991548455044,,0.0,1.3172991548455044,6.0018395149
11985,1.3173202425167965,,0.0,1.3173202425167965,6.0639515929
11990,1.3173451400511547,,0.0,1.3173451400511547,6.1271827364
11995,1.3173737621168289,,0.0,1.3173737621168289,6.1211145664
12000,1.3174059096064,,0.0,1.3174059096064,6.1508801915
12005,1.317441290595458,,0.0,1.317441290595458,6.1838209011
12010,1.3174794044461133,,0.0,1.3174794044461133,6.1667764115
12015,1.317519322614184,,0.0,1.317519322614184,6.1974977486
12020,1.3175595752477862,,0.0,1.3175595752477862,6.2515441335
12025,1.3175983461778737,,0.0,1.3175983461778737,6.2296911109
12030,1.3176339152959962,,0.0,1.3176339152959962,6.160609075
12035,1.317665090577477,,0.0,1.317665090577477,6.0656349617
12040,1.3176914407476632,,0.0,1.3176914407476632,6.0501466877
12045,1.3177133182366658,,0.0,1.3177133182366658,6.0221033878
12050,1.3177317389164835,,0.0,1.3177317389164835,6.0169300397
12055,1.3177481550486816,,0.0,1.3177481550486816,6.065189656
12060,1.3177641443973713,,0.0,1.3177641443973713,6.0871231028
12065,1.317781060044672,,0.0,1.317781060044672,6.0940442506
12070,1.3177997173828684,,0.0,1.3177997173828684,6.1299702621
12075,1.3178202108507555,,0.0,1.3178202108507555,6.169761914
12080,1.3178419509855803,,0.0,1.3178419509855803,6.2201315291
12085,1.3178639205430511,,0.0,1.3178639205430511,6.2481271862
12090,1.3178850109589315,,0.0,1.3178850109589315,6.2511219062
12095,1.3179042974316593,,0.0,1.3179042974316593,6.2952008397
12100,1.3179212003540495,,0.0,1.3179212003540495,6.33838585
12105,1.3179355333435943,,0.0,1.3179355333435943,6.3525059213
12110,1.3179475391716196,,0.0,1.3179475391716196,6.4121689307
12115,1.3179578804067344,,0.0,1.3179578804067344,6.433356022
12120,1.3179675080488455,,0.0,1.3179675080488455,6.3922907492
12125,1.3179773723493358,,0.0,1.3179773723493358,6.3206913818
12130,1.3179880900920877,,0.0,1.3179880900920877,6.3106656102
12135,1.3179997192877217,,0.0,1.3179997192877217,6.2890116131
12140,1.318011642778093,,0.0,1.318011642778093,6.1625777351
12145,1.318022550770728,,0.0,1.318022550770728,6.0283826572
12150,1.3180306269718263,,0.0,1.3180306269718263,6.0147998236
12155,1.3180339734984565,,0.0,1.3180339734984565,5.9581778951
12160,1.3180311209977518,,0.0,1.3180311209977518,5.9368447418
12165,1.3180214286083036,,0.0,1.3180214286083036,6.0422679799
12170,1.3180053112619874,,0.0,1.3180053112619874,6.0765022535
12175,1.3179842837221338,,0.0,1.3179842837221338,6.1101293746
12180,1.3179607547393928,,0.0,1.3179607547393928,6.1272421383
12185,1.3179375229207313,,0.0,1.3179375229207313,6.2086449683
12190,1.3179170869644483,,0.0,1.3179170869644483,6.2609872829
12195,1.317901036985304,,0.0,1.317901036985304,6.2596242878
12200,1.3178897695763325,,0.0,1.3178897695763325,6.2410868277
12205,1.3178826146836842,,0.0,1.3178826146836842,6.2346496714
12210,1.317878281976513,,0.0,1.317878281976513,6.2519329356
12215,1.3178754189964705,,0.0,1.3178754189964705,6.2488428575
12220,1.3178730648880823,,0.0,1.3178730648880823,6.2198074288
12225,1.3178708452645298,,0.0,1.3178708452645298,6.2019392054
12230,1.3178689004740864,,0.0,1.3178689004740864,6.1880841961
12235,1.317867646321907,,0.0,1.317867646321907,6.0867001303
12240,1.3178674685474263,,0.0,1.3178674685474263,6.0843635881
12245,1.3178685299546424,,0.0,1.3178685299546424,6.1951556095
12250,1.3178707672932661,,0.0,1.3178707672932661,6.2122326667
12255,1.3178739980481642,,0.0,1.3178739980481642,6.0954384946
12260,1.317878034464534,,0.0,1.317878034464534,6.0482955078
12265,1.3178827574022849,,0.0,1.3178827574022849,6.0414165874
12270,1.317888145777987,,0.0,1.317888145777987,6.0094988973
12275,1.3178942800579845,,0.0,1.3178942800579845,6.1363081888
12280,1.31790133714348,,0.0,1.31790133714348,6.2494495106
12285,1.317909592616107,,0.0,1.317909592616107,6.2774650729
12290,1.3179194344608733,,0.0,1.3179194344608733,6.2238786696
12295,1.3179313574522284,,0.0,1.3179313574522284,6.237877358
12300,1.3179458924185343,,0.0,1.3179458924185343,6.2411208095
12305,1.317963455913469,,0.0,1.317963455913469,6.2325450999
12310,1.3179841667028616,,0.0,1.3179841667028616,6.2243165812
12315,1.3180077102818233,,0.0,1.3180077102818233,6.1963642361
12320,1.3180333205359072,,0.0,1.3180333205359072,6.223333812
12325,1.318059898881199,,0.0,1.318059898881199,6.2205279085
12330,1.3180862526692518,,0.0,1.3180862526692518,6.1812277582
12335,1.3181114139336119,,0.0,1.3181114139336119,6.0859900459
12340,1.3181349688651895,,0.0,1.3181349688651895,6.0363251783
12345,1.318157255297875,,0.0,1.318157255297875,5.9745882376
12350,1.3181793914019648,,0.0,1.3181793914019648,5.9698244147
12355,1.3182031963406018,,0.0,1.3182031963406018,6.0567887958
12360,1.3182309854236733,,0.0,1.3182309854236733,6.0860860006
12365,1.3182651419520088,,0.0,1.3182651419520088,6.0098776623
12370,1.3183074612607335,,0.0,1.3183074612607335,5.9439503265
12375,1.3183584290172536,,0.0,1.3183584290172536,5.9560930204
12380,1.3184166992504296,,0.0,1.3184166992504296,5.9441554056
12385,1.318479008769318,,0.0,1.318479008769318,6.0476761012
12390,1.3185405985822554,,0.0,1.3185405985822554,6.1438943281
12395,1.3185960468794622,,0.0,1.3185960468794622,6.2512727489
12400,1.3186403525217192,,0.0,1.3186403525217192,6.2990774331
12405,1.318670085397202,,0.0,1.318670085397202,6.3301839475
12410,1.318684367362352,,0.0,1.318684367362352,6.3372864896
12415,1.3186853349545435,,0.0,1.3186853349545435,6.347017213
12420,1.3186777953204925,,0.0,1.3186777953204925,6.3575687059
12425,1.318668090330888,,0.0,1.318668090330888,6.3255412532
12430,1.3186625138261212,,0.0,1.3186625138261212,6.3222698737
12435,1.3186657959796764,,0.0,1.3186657959796764,6.365124134
12440,1.3186801388247889,,0.0,1.3186801388247889,6.3997214301
12445,1.3187050725378135,,0.0,1.3187050725378135,6.3845213798
12450,1.3187380846975085,,0.0,1.3187380846975085,6.3535756165
12455,1.3187756768268457,,0.0,1.3187756768268457,6.2620392197
12460,1.3188144120772831,,0.0,1.3188144120772831,6.2210583391
12465,1.3188516207127579,,0.0,1.3188516207127579,6.348749131
12470,1.318885618553978,,0.0,1.318885618553978,6.4048522532
12475,1.3189154593416892,,0.0,1.3189154593416892,6.3294296109
12480,1.3189404187540423,,0.0,1.3189404187540423,6.2501020811
12485,1.3189595534011254,,0.0,1.3189595534011254,6.2132295737
12490,1.3189716101287918,,0.0,1.3189716101287918,6.1442637924
12495,1.3189753230579835,,0.0,1.3189753230579835,6.121755288
12500,1.3189699234544194,,0.0,1.3189699234544194,6.2852003083
12505,1.318955639493205,,0.0,1.318955639493205,6.3782325754
12510,1.3189340599168058,,0.0,1.3189340599168058,6.434766237
12515,1.3189082823675788,,0.0,1.3189082823675788,6.4474933139
12520,1.3188826691193984,,0.0,1.3188826691193984,6.431948336
12525,1.3188620364260235,,0.0,1.3188620364260235,6.3393741334
12530,1.3188503895153183,,0.0,1.3188503895153183,6.2487723928
12535,1.318849695882958,,0.0,1.318849695882958,6.2077069719
12540,1.3188592771165732,,0.0,1.3188592771165732,6.3011385713
12545,1.3188761125470378,,0.0,1.3188761125470378,6.3839114232
12550,1.3188959413254975,,0.0,1.3188959413254975,6.447943391
12555,1.3189147504893384,,0.0,1.3189147504893384,6.3803121516
12560,1.318930122430375,,0.0,1.318930122430375,6.2526954146
12565,1.3189418789998655,,0.0,1.3189418789998655,6.1858067531
12570,1.318951706622673,,0.0,1.318951706622673,6.1683484963
12575,1.3189620849097325,,0.0,1.3189620849097325,6.1990903614
12580,1.318975216393295,,0.0,1.318975216393295,6.2994564658
12585,1.3189923760594617,,0.0,1.3189923760594617,6.3159039718
12590,1.3190137106189626,,0.0,1.3190137106189626,6.2167010845
12595,1.3190384432285043,,0.0,1.3190384432285043,6.1849856184
12600,1.3190654437414053,,0.0,1.3190654437414053,6.1465566466
12605,1.3190940378621785,,0.0,1.3190940378621785,6.1440614696
12610,1.319124635906801,,0.0,1.319124635906801,6.100094765
12615,1.3191585542797093,,0.0,1.3191585542797093,6.1159309665
12620,1.3191968469028779,,0.0,1.3191968469028779,6.1944807032
12625,1.3192388260073857,,0.0,1.3192388260073857,6.1326231643
12630,1.3192813942003834,,0.0,1.3192813942003834,6.1404797367
12635,1.319319831163955,,0.0,1.319319831163955,6.1662980082
12640,1.3193496183074371,,0.0,1.3193496183074371,6.1101186746
12645,1.3193682130191149,,0.0,1.3193682130191149,6.1052527625
12650,1.3193758766586634,,0.0,1.3193758766586634,6.122859689
12655,1.3193752861978791,,0.0,1.3193752861978791,6.2307232802
12660,1.3193702574880213,,0.0,1.3193702574880213,6.2694457226
12665,1.3193642609364638,,0.0,1.3193642609364638,6.212574905
12670,1.3193594141179692,,0.0,1.3193594141179692,6.1945114323
12675,1.319356285786123,,0.0,1.319356285786123,6.264100006
12680,1.319354398632038,,0.0,1.319354398632038,6.2804762741
12685,1.319353078484981,,0.0,1.319353078484981,6.2824825583
12690,1.3193522721997393,,0.0,1.3193522721997393,6.3060453678
12695,1.3193529962720807,,0.0,1.3193529962720807,6.3195301306
12700,1.3193570224586206,,0.0,1.3193570224586206,6.2950858294
12705,1.319365969567544,,0.0,1.319365969567544,6.2733164171
12710,1.3193804992941809,,0.0,1.3193804992941809,6.2836025389
12715,1.3194001198581782,,0.0,1.3194001198581782,6.33359683
12720,1.3194236015591454,,0.0,1.3194236015591454,6.343181901
12725,1.3194496830091687,,0.0,1.3194496830091687,6.3436677092
12730,1.319477671449167,,0.0,1.319477671449167,6.4025939117
12735,1.319507579853558,,0.0,1.319507579853558,6.4748784195
12740,1.3195397178618238,,0.0,1.3195397178618238,6.4771609882
12745,1.3195740421843183,,0.0,1.3195740421843183,6.4876703377
12750,1.3196097027471387,,0.0,1.3196097027471387,6.3868805349
12755,1.3196450315890154,,0.0,1.3196450315890154,6.3135634443
12760,1.3196779350879577,,0.0,1.3196779350879577,6.3049347508
12765,1.3197064855448233,,0.0,1.3197064855448233,6.376599755
12770,1.3197294718475705,,0.0,1.3197294718475705,6.5128657932
12775,1.3197466981323849,,0.0,1.3197466981323849,6.5114419008
12780,1.319758933258302,,0.0,1.319758933258302,6.4397422045
12785,1.3197675583770954,,0.0,1.3197675583770954,6.4211382936
12790,1.319774017890827,,0.0,1.319774017890827,6.3207934241
12795,1.3197792524448206,,0.0,1.3197792524448206,6.2966297676
12800,1.3197834143637361,,0.0,1.3197834143637361,6.3330607554
12805,1.3197860055047654,,0.0,1.3197860055047654,6.314217894
12810,1.3197862906924587,,0.0,1.3197862906924587,6.2868673369
12815,1.3197837283696086,,0.0,1.3197837283696086,6.2485764598
12820,1.319778261274119,,0.0,1.319778261274119,6.2193711415
12825,1.319770353865212,,0.0,1.319770353865212,6.2328673263
12830,1.3197607832356886,,0.0,1.3197607832356886,6.2382429187
12835,1.3197502678439597,,0.0,1.3197502678439597,6.2649450319
12840,1.319739153757681,,0.0,1.319739153757681,6.3868183811
12845,1.319727317220863,,0.0,1.319727317220863,6.5396972764
12850,1.3197142790533085,,0.0,1.3197142790533085,6.5671469347
12855,1.3196994470476773,,0.0,1.3196994470476773,6.5243135213
12860,1.319682390927348,,0.0,1.319682390927348,6.487499771
12865,1.3196630342181064,,0.0,1.3196630342181064,6.3643200875
12870,1.3196416854366473,,0.0,1.3196416854366473,6.261673162
12875,1.3196189366655573,,0.0,1.3196189366655573,6.2882039388
12880,1.319595514222751,,0.0,1.319595514222751,6.437019904
12885,1.3195721349448357,,0.0,1.3195721349448357,6.4513782625
12890,1.3195494071324216,,0.0,1.3195494071324216,6.3736529392
12895,1.3195278208193053,,0.0,1.3195278208193053,6.3493043161
12900,1.3195077883175284,,0.0,1.3195077883175284,6.2808829477
12905,1.3194895717352901,,0.0,1.3194895717352901,6.2240739659
12910,1.319473114683773,,0.0,1.319473114683773,6.2744510934
12915,1.3194579413511385,,0.0,1.3194579413511385,6.2726513819
12920,1.3194432340995288,,0.0,1.3194432340995288,6.2547471283
12925,1.3194280666303333,,0.0,1.3194280666303333,6.2510382906
12930,1.3194116899204062,,0.0,1.3194116899204062,6.2633715606
12935,1.3193937807320772,,0.0,1.3193937807320772,6.2749524424
12940,1.319374565493896,,0.0,1.319374565493896,6.3663777956
12945,1.31935472286774,,0.0,1.31935472286774,6.2918416929
12950,1.319335082218345,,0.0,1.319335082218345,6.3126468992
12955,1.3193163096074325,,0.0,1.3193163096074325,6.3302319145
12960,1.319298742245123,,0.0,1.319298742245123,6.3827004592
12965,1.3192823706501107,,0.0,1.3192823706501107,6.3948185742
12970,1.3192668643489924,,0.0,1.3192668643489924,6.3371758876
12975,1.319251626892791,,0.0,1.319251626892791,6.2149386071
12980,1.31923596726898,,0.0,1.31923596726898,6.0772430396
12985,1.3192194453453716,,0.0,1.3192194453453716,6.1406350782
12990,1.3192022376489063,,0.0,1.3192022376489063,6.3307746998
12995,1.3191851981208624,,0.0,1.3191851981208624,6.3403113425
13000,1.3191694585297238,,0.0,1.3191694585297238,6.3444007119
13005,1.3191558330202355,,0.0,1.3191558330202355,6.3497096016
13010,1.3191443829713765,,0.0,1.3191443829713765,6.2689119944
13015,1.3191342742777579,,0.0,1.3191342742777579,6.2510363136
13020,1.3191239813224493,,0.0,1.3191239813224493,6.3076632897
13025,1.3191118151855064,,0.0,1.3191118151855064,6.3668390753
13030,1.3190965358119535,,0.0,1.3190965358119535,6.3602649997
13035,1.3190777078102554,,0.0,1.3190777078102554,6.3571663035
13040,1.3190556646479117,,0.0,1.3190556646479117,6.3062707024
13045,1.3190312158537694,,0.0,1.3190312158537694,6.3634552428
13050,1.3190053254021528,,0.0,1.3190053254021528,6.502238557
13055,1.3189789288234703,,0.0,1.3189789288234703,6.5014952796
13060,1.3189529428102735,,0.0,1.3189529428102735,6.496719278
13065,1.3189283750007943,,0.0,1.3189283750007943,6.5865622707
13070,1.3189063382009059,,0.0,1.3189063382009059,6.6332105459
13075,1.3188878099831216,,0.0,1.3188878099831216,6.5795089961
13080,1.3188731895603112,,0.0,1.3188731895603112,6.519374594
13085,1.3188619252701903,,0.0,1.3188619252701903,6.3875598164
13090,1.3188524938661552,,0.0,1.3188524938661552,6.2611316709
13095,1.3188428282988214,,0.0,1.3188428282988214,6.2890647996
13100,1.3188309807836496,,0.0,1.3188309807836496,6.4371185459
13105,1.318815732099586,,0.0,1.318815732099586,6.5681265004
13110,1.3187970100140523,,0.0,1.3187970100140523,6.558102639
13115,1.318775938810291,,0.0,1.318775938810291,6.4815528447
13120,1.3187543841846963,,0.0,1.3187543841846963,6.4022414169
13125,1.3187342115841532,,0.0,1.3187342115841532,6.3283259245
13130,1.318716612409568,,0.0,1.318716612409568,6.3930531239
13135,1.3187017170288937,,0.0,1.3187017170288937,6.4759221475
13140,1.3186885640876396,,0.0,1.3186885640876396,6.4746232747
13145,1.3186754257426057,,0.0,1.3186754257426057,6.4746240143
13150,1.3186603865205444,,0.0,1.3186603865205444,6.4328653341
13155,1.318641983555798,,0.0,1.318641983555798,6.4150976268
13160,1.3186196337480693,,0.0,1.3186196337480693,6.4596519649
13165,1.3185935988312958,,0.0,1.3185935988312958,6.4558182478
13170,1.3185646484130369,,0.0,1.3185646484130369,6.3891981142
13175,1.3185337309981189,,0.0,1.3185337309981189,6.4320741803
13180,1.3185017494313964,,0.0,1.3185017494313964,6.5065871486
13185,1.318469427535703,,0.0,1.318469427535703,6.4657703013
13190,1.3184373182208622,,0.0,1.3184373182208622,6.469160302
13195,1.3184059571806435,,0.0,1.3184059571806435,6.3944322562
13200,1.31837602419971,,0.0,1.31837602419971,6.2689292729
13205,1.3183484533114223,,0.0,1.3183484533114223,6.2453535419
13210,1.318324277728587,,0.0,1.318324277728587,6.377389393
13215,1.318304330433807,,0.0,1.318304330433807,6.5687105163
13220,1.3182889266804942,,0.0,1.3182889266804942,6.6085117005
13225,1.3182776607685711,,0.0,1.3182776607685711,6.555328665
13230,1.318269432991337,,0.0,1.318269432991337,6.499681168
13235,1.3182627994457448,,0.0,1.3182627994457448,6.418988962
13240,1.3182565321779602,,0.0,1.3182565321779602,6.4019971094
13245,1.3182500160259027,,0.0,1.3182500160259027,6.4650441313
13250,1.3182432085732043,,0.0,1.3182432085732043,6.4434844636
13255,1.31823630817876,,0.0,1.31823630817876,6.43244976
13260,1.3182294371015109,,0.0,1.3182294371015109,6.3797539243
13265,1.318222546063618,,0.0,1.318222546063618,6.3401452536
13270,1.3182155951437953,,0.0,1.3182155951437953,6.3974730109
13275,1.3182087848217545,,0.0,1.3182087848217545,6.4316651602
13280,1.3182025664575463,,0.0,1.3182025664575463,6.3917889662
13285,1.3181974030133452,,0.0,1.3181974030133452,6.4173908092
13290,1.3181934400770943,,0.0,1.3181934400770943,6.4551989487
13295,1.3181902859211656,,0.0,1.3181902859211656,6.4633440307
13300,1.3181870459344698,,0.0,1.3181870459344698,6.4440777085
13305,1.3181826093071987,,0.0,1.3181826093071987,6.4273334514
13310,1.31817604100796,,0.0,1.31817604100796,6.3463654437
13315,1.318166940576344,,0.0,1.318166940576344,6.3487437941
13320,1.3181557193263607,,0.0,1.3181557193263607,6.4736135203
13325,1.3181437333342247,,0.0,1.3181437333342247,6.6499253172
13330,1.3181330911924098,,0.0,1.3181330911924098,6.7534650254
13335,1.3181259511454901,,0.0,1.3181259511454901,6.7493455307
13340,1.3181234145219685,,0.0,1.3181234145219685,6.6414458248
13345,1.3181245464152065,,0.0,1.3181245464152065,6.5561770495
13350,1.3181261258011203,,0.0,1.3181261258011203,6.5418842796
13355,1.3181233949355868,,0.0,1.3181233949355868,6.5877296558
13360,1.3181115978210396,,0.0,1.3181115978210396,6.5945529486
13365,1.3180876978198384,,0.0,1.3180876978198384,6.6179024054
13370,1.3180515160347155,,0.0,1.3180515160347155,6.6018319203
13375,1.3180058853799947,,0.0,1.3180058853799947,6.5350071756
13380,1.3179558744868207,,0.0,1.3179558744868207,6.5612255567
13385,1.3179073225919296,,0.0,1.3179073225919296,6.5670041469
13390,1.3178650480698986,,0.0,1.3178650480698986,6.5359868676
13395,1.3178313800783117,,0.0,1.3178313800783117,6.5125036056
13400,1.3178057785570094,,0.0,1.3178057785570094,6.531171752
13405,1.317785738070975,,0.0,1.317785738070975,6.5781273589
13410,1.3177683797964057,,0.0,1.3177683797964057,6.5683913146
13415,1.3177518510113262,,0.0,1.3177518510113262,6.621808833
13420,1.3177359442497985,,0.0,1.3177359442497985,6.5948087462
13425,1.3177218576494465,,0.0,1.3177218576494465,6.5541478048
13430,1.3177113655867194,,0.0,1.3177113655867194,6.5640548377
13435,1.3177058640591197,,0.0,1.3177058640591197,6.6356457512
13440,1.3177057689965552,,0.0,1.3177057689965552,6.7445064095
13445,1.3177104618685869,,0.0,1.3177104618685869,6.7801014804
13450,1.3177186276430726,,0.0,1.3177186276430726,6.7499663626
13455,1.3177287183721118,,0.0,1.3177287183721118,6.6447758688
13460,1.317739320343132,,0.0,1.317739320343132,6.5079593188
13465,1.3177492279332674,,0.0,1.3177492279332674,6.4924773603
13470,1.3177572499911203,,0.0,1.3177572499911203,6.5556825372
13475,1.3177620953125662,,0.0,1.3177620953125662,6.5843931248
13480,1.3177623802507517,,0.0,1.3177623802507517,6.6079773532
13485,1.3177570261824052,,0.0,1.3177570261824052,6.6012090637
13490,1.3177459732255974,,0.0,1.3177459732255974,6.5884310583
13495,1.3177306092688177,,0.0,1.3177306092688177,6.5774228159
13500,1.3177135072390087,,0.0,1.3177135072390087,6.5463104448
13505,1.3176976314164783,,0.0,1.3176976314164783,6.4557437111
13510,1.3176854080174394,,0.0,1.3176854080174394,6.5142704803
13515,1.3176781225073302,,0.0,1.3176781225073302,6.5679020698
13520,1.3176757857397512,,0.0,1.3176757857397512,6.5187876018
13525,1.3176774770300224,,0.0,1.3176774770300224,6.6042502058
13530,1.3176818556466734,,0.0,1.3176818556466734,6.6202689374
13535,1.3176876159141142,,0.0,1.3176876159141142,6.4987268948
13540,1.317694024153943,,0.0,1.317694024153943,6.4696049837
13545,1.3177012655011284,,0.0,1.3177012655011284,6.555628686
13550,1.3177103568257005,,0.0,1.3177103568257005,6.6263175398
13555,1.3177228378417944,,0.0,1.3177228378417944,6.6769088498
13560,1.3177404654602962,,0.0,1.3177404654602962,6.7602690565
13565,1.3177649921009484,,0.0,1.3177649921009484,6.7987169569
13570,1.3177979506164141,,0.0,1.3177979506164141,6.7221288836
13575,1.3178401615138942,,0.0,1.3178401615138942,6.6231235086
13580,1.3178908828812215,,0.0,1.3178908828812215,6.6881568114
13585,1.3179470041016208,,0.0,1.3179470041016208,6.6947051052
13590,1.318002535360252,,0.0,1.318002535360252,6.6803655418
13595,1.318050336235933,,0.0,1.318050336235933,6.6665841269
13600,1.3180850587732647,,0.0,1.3180850587732647,6.6731189251
13605,1.3181050232840998,,0.0,1.3181050232840998,6.6267819359
13610,1.3181106384626133,,0.0,1.3181106384626133,6.6396446037
13615,1.3181048465076513,,0.0,1.3181048465076513,6.7123305576
13620,1.3180947143602768,,0.0,1.3180947143602768,6.7834777161
13625,1.318088428878405,,0.0,1.318088428878405,6.7701656694
13630,1.3180908540965854,,0.0,1.3180908540965854,6.7355682104
13635,1.3181044817268919,,0.0,1.3181044817268919,6.8078922579
13640,1.3181289477370894,,0.0,1.3181289477370894,6.8262840629
13645,1.3181624610336897,,0.0,1.3181624610336897,6.7426072158
13650,1.3182025493662455,,0.0,1.3182025493662455,6.7478729665
13655,1.3182462408444542,,0.0,1.3182462408444542,6.7835652813
13660,1.3182906340640344,,0.0,1.3182906340640344,6.848592563
13665,1.3183331076934839,,0.0,1.3183331076934839,6.9843540435
13670,1.3183714191545097,,0.0,1.3183714191545097,7.0311048289
13675,1.3184038752855303,,0.0,1.3184038752855303,7.0607684463
13680,1.3184293347120022,,0.0,1.3184293347120022,7.0010140423
13685,1.3184474008408902,,0.0,1.3184474008408902,6.9048557177
13690,1.3184582750251854,,0.0,1.3184582750251854,6.8946048956
13695,1.3184625106737276,,0.0,1.3184625106737276,6.9593418267
13700,1.3184595669778334,,0.0,1.3184595669778334,6.9330481404
13705,1.3184505344124056,,0.0,1.3184505344124056,6.8564669691
13710,1.3184373642550964,,0.0,1.3184373642550964,6.8087302639
13715,1.318421587362505,,0.0,1.318421587362505,6.7407348516
13720,1.3184040624165627,,0.0,1.3184040624165627,6.6619871841
13725,1.3183852189453662,,0.0,1.3183852189453662,6.7049855641
13730,1.3183656388016716,,0.0,1.3183656388016716,6.8064773714
13735,1.318346444522166,,0.0,1.318346444522166,6.7735240943
13740,1.3183292812381324,,0.0,1.3183292812381324,6.6859278163
13745,1.3183156590970027,,0.0,1.3183156590970027,6.6481296484
13750,1.3183062610022915,,0.0,1.3183062610022915,6.6703353876
13755,1.3183008440579185,,0.0,1.3183008440579185,6.6362798276
13760,1.3182984295685838,,0.0,1.3182984295685838,6.5643952279
13765,1.3182975602825613,,0.0,1.3182975602825613,6.557949788
13770,1.3182965664920248,,0.0,1.3182965664920248,6.6135758781
13775,1.3182938694348314,,0.0,1.3182938694348314,6.6404867807
13780,1.3182882885636735,,0.0,1.3182882885636735,6.6441267716
13785,1.3182793423280288,,0.0,1.3182793423280288,6.6134996676
13790,1.3182673489754055,,0.0,1.3182673489754055,6.5634215476
13795,1.3182532557630902,,0.0,1.3182532557630902,6.4770604266
13800,1.3182383499030779,,0.0,1.3182383499030779,6.3952450552
13805,1.318223854483797,,0.0,1.318223854483797,6.4191472929
13810,1.3182106955543498,,0.0,1.3182106955543498,6.4057799038
13815,1.3181994472327438,,0.0,1.3181994472327438,6.3483689144
13820,1.3181904467290995,,0.0,1.3181904467290995,6.3131297644
13825,1.3181838819229734,,0.0,1.3181838819229734,6.3025016363
13830,1.3181800296435395,,0.0,1.3181800296435395,6.3296070111
13835,1.3181794787297798,,0.0,1.3181794787297798,6.396173529
13840,1.3181827684933303,,0.0,1.3181827684933303,6.4594877629
13845,1.3181903938333943,,0.0,1.3181903938333943,6.530811739
13850,1.3182025539821443,,0.0,1.3182025539821443,6.5257755957
13855,1.3182190067920245,,0.0,1.3182190067920245,6.5127164068
13860,1.3182390004953008,,0.0,1.3182390004953008,6.5045552007
13865,1.3182613975848037,,0.0,1.3182613975848037,6.5705041408
13870,1.3182850558127113,,0.0,1.3182850558127113,6.5154472321
13875,1.318309286162562,,0.0,1.318309286162562,6.3848286434
13880,1.3183341228169576,,0.0,1.3183341228169576,6.429600684
13885,1.3183601538663565,,0.0,1.3183601538663565,6.491846267
13890,1.3183880483665766,,0.0,1.3183880483665766,6.4616595451
13895,1.3184182478221,,0.0,1.3184182478221,6.3995226421
13900,1.318450750486371,,0.0,1.318450750486371,6.4012130407
13905,1.3184851304491592,,0.0,1.3184851304491592,6.438792092
13910,1.3185199137416994,,0.0,1.3185199137416994,6.3687181342
13915,1.3185547067650532,,0.0,1.3185547067650532,6.2692150691
13920,1.3185898122972315,,0.0,1.3185898122972315,6.2726776732
13925,1.3186252314610196,,0.0,1.3186252314610196,6.2934439034
13930,1.3186601207944784,,0.0,1.3186601207944784,6.2180288867
13935,1.3186930678325743,,0.0,1.3186930678325743,6.2248409368
13940,1.318723222251896,,0.0,1.318723222251896,6.2926351116
13945,1.3187512251633606,,0.0,1.3187512251633606,6.2927969025
13950,1.3187796191786834,,0.0,1.3187796191786834,6.3164274179
13955,1.318812699703582,,0.0,1.318812699703582,6.4406428482
13960,1.3188556879433708,,0.0,1.3188556879433708,6.538343292
13965,1.3189132642946786,,0.0,1.3189132642946786,6.524816577
13970,1.318987699904469,,0.0,1.318987699904469,6.4760828825
13975,1.3190771374348687,,0.0,1.3190771374348687,6.5915516549
13980,1.3191742332403935,,0.0,1.3191742332403935,6.6041537056
13985,1.3192673701017963,,0.0,1.3192673701017963,6.4799855743
13990,1.3193430927988279,,0.0,1.3193430927988279,6.4790762196
13995,1.319390450548224,,0.0,1.319390450548224,6.4981541431
14000,1.319404494856963,,0.0,1.319404494856963,6.5351364535
14005,1.319386850396668,,0.0,1.319386850396668,6.5231685132
14010,1.3193447005039047,,0.0,1.3193447005039047,6.5198788587
14015,1.3192885712992477,,0.0,1.3192885712992477,6.5410726603
14020,1.3192312342261534,,0.0,1.3192312342261534,6.4282023423
14025,1.3191849012062908,,0.0,1.3191849012062908,6.2817289102
14030,1.3191583722635918,,0.0,1.3191583722635918,6.3505525976
14035,1.3191548993611377,,0.0,1.3191548993611377,6.441679991
14040,1.3191714648238995,,0.0,1.3191714648238995,6.4427928826
14045,1.319200765052435,,0.0,1.319200765052435,6.3950888128
14050,1.3192340334568906,,0.0,1.3192340334568906,6.4075486041
14055,1.3192642878041838,,0.0,1.3192642878041838,6.4134370776
14060,1.3192875943505042,,0.0,1.3192875943505042,6.371483332
14065,1.3193025416288517,,0.0,1.3193025416288517,6.5191481532
14070,1.3193090203547027,,0.0,1.3193090203547027,6.6791079604
14075,1.3193072715528276,,0.0,1.3193072715528276,6.6536975698
14080,1.3192975602007682,,0.0,1.3192975602007682,6.6433690767
14085,1.319280376082813,,0.0,1.319280376082813,6.7294702126
14090,1.3192572908501268,,0.0,1.3192572908501268,6.7885650945
14095,1.3192312541867968,,0.0,1.3192312541867968,6.693580397
14100,1.3192057986277,,0.0,1.3192057986277,6.6505830792
14105,1.319183379830997,,0.0,1.319183379830997,6.6485820262
14110,1.3191641491233173,,0.0,1.3191641491233173,6.69761105
14115,1.319145786703628,,0.0,1.319145786703628,6.6850023757
14120,1.3191244480272444,,0.0,1.3191244480272444,6.6479627103
14125,1.3190964136777663,,0.0,1.3190964136777663,6.5718820739
14130,1.3190598431591123,,0.0,1.3190598431591123,6.415867387
14135,1.319015854267316,,0.0,1.319015854267316,6.2835781215
14140,1.3189682760775638,,0.0,1.3189682760775638,6.2299549912
14145,1.3189228498946846,,0.0,1.3189228498946846,6.2994978616
14150,1.3188861490080777,,0.0,1.3188861490080777,6.3072369872
14155,1.3188635585498412,,0.0,1.3188635585498412,6.2875777234
14160,1.3188571697716396,,0.0,1.3188571697716396,6.2839711552
14165,1.3188648750790315,,0.0,1.3188648750790315,6.1750962921
14170,1.3188813174095741,,0.0,1.3188813174095741,6.1265180643
14175,1.3189003764557203,,0.0,1.3189003764557203,6.1828967591
14180,1.3189176810860603,,0.0,1.3189176810860603,6.316691721
14185,1.3189318711074964,,0.0,1.3189318711074964,6.3119428754
14190,1.3189444572912303,,0.0,1.3189444572912303,6.1935577467
14195,1.3189582175350618,,0.0,1.3189582175350618,6.2279035075
14200,1.3189755211673697,,0.0,1.3189755211673697,6.3043305501
14205,1.3189971890696162,,0.0,1.3189971890696162,6.2518695104
14210,1.3190221189152662,,0.0,1.3190221189152662,6.1574059463
14215,1.3190481129127205,,0.0,1.3190481129127205,6.2131755539
14220,1.319073460933851,,0.0,1.319073460933851,6.2740807854
14225,1.3190982649026932,,0.0,1.3190982649026932,6.2928295822
14230,1.3191245175152346,,0.0,1.3191245175152346,6.2141929348
14235,1.3191548939967148,,0.0,1.3191548939967148,6.1408799581
14240,1.319190790843652,,0.0,1.319190790843652,6.0894095867
14245,1.3192306682171575,,0.0,1.3192306682171575,6.0127144874
14250,1.3192697030020006,,0.0,1.3192697030020006,5.946610495
14255,1.3193008890123272,,0.0,1.3193008890123272,5.9682829462
14260,1.3193174613365604,,0.0,1.3193174613365604,5.9531636323
14265,1.3193146389015749,,0.0,1.3193146389015749,5.9923912943
14270,1.319291284075448,,0.0,1.319291284075448,6.0960013225
14275,1.3192499482026758,,0.0,1.3192499482026758,6.1372601523
14280,1.31919665091431,,0.0,1.31919665091431,6.1425493416
14285,1.319140532688007,,0.0,1.319140532688007,6.2210716412
14290,1.319091197712122,,0.0,1.319091197712122,6.3181742575
14295,1.3190557781740715,,0.0,1.3190557781740715,6.3518131133
14300,1.3190373599893344,,0.0,1.3190373599893344,6.3006953075
14305,1.3190350662618928,,0.0,1.3190350662618928,6.3069477451
14310,1.319045719756324,,0.0,1.319045719756324,6.3928167697
14315,1.3190654340105914,,0.0,1.3190654340105914,6.3959679658
14320,1.3190904338432476,,0.0,1.3190904338432476,6.3008520613
14325,1.3191182309105767,,0.0,1.3191182309105767,6.2885791267
14330,1.3191470187743453,,0.0,1.3191470187743453,6.3157421134
14335,1.3191747060581356,,0.0,1.3191747060581356,6.3623918415
14340,1.3191989909254938,,0.0,1.3191989909254938,6.4253333617
14345,1.3192184043978152,,0.0,1.3192184043978152,6.3678034269
14350,1.3192327583460355,,0.0,1.3192327583460355,6.2883547282
14355,1.3192430122533352,,0.0,1.3192430122533352,6.1443823525
14360,1.319250866142767,,0.0,1.319250866142767,5.9817898388
14365,1.3192583543781613,,0.0,1.3192583543781613,5.9364312842
14370,1.319267329307231,,0.0,1.319267329307231,5.971099242
14375,1.3192784339122041,,0.0,1.3192784339122041,5.9233306604
14380,1.319290297894907,,0.0,1.319290297894907,5.959547608
14385,1.3192998198703618,,0.0,1.3192998198703618,6.0029347808
14390,1.3193035341718478,,0.0,1.3193035341718478,5.9466161962
14395,1.319299042029037,,0.0,1.319299042029037,5.9566901405
14400,1.3192857274065708,,0.0,1.3192857274065708,6.0645332718
14405,1.3192647185798205,,0.0,1.3192647185798205,6.1920251809
14410,1.3192383380944068,,0.0,1.3192383380944068,6.2483067086
14415,1.319209446809554,,0.0,1.319209446809554,6.2923243155
14420,1.3191807707253889,,0.0,1.3191807707253889,6.3729631045
14425,1.319154289688234,,0.0,1.319154289688234,6.4505056536
14430,1.3191308482828161,,0.0,1.3191308482828161,6.3657983908
14435,1.3191101076772125,,0.0,1.3191101076772125,6.2561418391
14440,1.3190908839557576,,0.0,1.3190908839557576,6.2576665618
14445,1.319071753051295,,0.0,1.319071753051295,6.3538060225
14450,1.319051691606585,,0.0,1.319051691606585,6.4504296266
14455,1.3190305186035423,,0.0,1.3190305186035423,6.4595585892
14460,1.3190089049692952,,0.0,1.3190089049692952,6.3587635896
14465,1.3189879687493857,,0.0,1.3189879687493857,6.2175666975
14470,1.318968734049577,,0.0,1.318968734049577,5.9929411448
14475,1.318951688907602,,0.0,1.318951688907602,5.9315036335
14480,1.3189365482605213,,0.0,1.3189365482605213,5.9916296797
14485,1.3189223814433333,,0.0,1.3189223814433333,5.9941797522
14490,1.3189081163199763,,0.0,1.3189081163199763,6.022955296
14495,1.318892944858652,,0.0,1.318892944858652,6.0173853376
14500,1.3188764591137099,,0.0,1.3188764591137099,5.9836864916
14505,1.3188587134779033,,0.0,1.3188587134779033,5.9299044987
14510,1.3188402436450013,,0.0,1.3188402436450013,6.0263620315
14515,1.318821881724328,,0.0,1.318821881724328,6.1055077427
14520,1.3188043672577237,,0.0,1.3188043672577237,6.1754060186
14525,1.3187880604100486,,0.0,1.3187880604100486,6.2025954912
14530,1.318773001352098,,0.0,1.318773001352098,6.282132156
14535,1.31875918197486,,0.0,1.31875918197486,6.3236287311
14540,1.3187467308997316,,0.0,1.3187467308997316,6.3171549619
14545,1.3187358406221676,,0.0,1.3187358406221676,6.2212477149
14550,1.3187265000390602,,0.0,1.3187265000390602,6.1578155713
14555,1.3187182695172373,,0.0,1.3187182695172373,6.1789392205
14560,1.3187103128304918,,0.0,1.3187103128304918,6.2361872325
14565,1.3187017056762778,,0.0,1.3187017056762778,6.3361942093
14570,1.3186917251050394,,0.0,1.3186917251050394,6.3820433749
14575,1.318680239002268,,0.0,1.318680239002268,6.3516869859
14580,1.3186678174938427,,0.0,1.3186678174938427,6.2367152909
14585,1.318655325748903,,0.0,1.318655325748903,6.1869583229
14590,1.3186434908338873,,0.0,1.3186434908338873,6.1999165376
14595,1.3186326832682396,,0.0,1.3186326832682396,6.3073880741
14600,1.31862276407598,,0.0,1.31862276407598,6.3350506793
14605,1.3186131963157994,,0.0,1.3186131963157994,6.4260860293
14610,1.3186032067622713,,0.0,1.3186032067622713,6.4435222767
14615,1.3185922980211122,,0.0,1.3185922980211122,6.3752000592
14620,1.3185805096393466,,0.0,1.3185805096393466,6.3904241243
14625,1.3185683779345134,,0.0,1.3185683779345134,6.4672980555
14630,1.3185567430001943,,0.0,1.3185567430001943,6.4508012503
14635,1.3185463733211624,,0.0,1.3185463733211624,6.3887812729
14640,1.3185377172633719,,0.0,1.3185377172633719,6.4369891696
14645,1.3185309019511704,,0.0,1.3185309019511704,6.5085672119
14650,1.3185257920264444,,0.0,1.3185257920264444,6.4786413117
14655,1.318521889595894,,0.0,1.318521889595894,6.3129087575
14660,1.3185183714077302,,0.0,1.3185183714077302,6.2265907543
14665,1.3185142661271403,,0.0,1.3185142661271403,6.1854906923
14670,1.3185088337132684,,0.0,1.3185088337132684,6.288274375
14675,1.3185017838635062,,0.0,1.3185017838635062,6.4104818852
14680,1.3184932632885833,,0.0,1.3184932632885833,6.4816974175
14685,1.3184837172356023,,0.0,1.3184837172356023,6.4775805416
14690,1.3184736705447324,,0.0,1.3184736705447324,6.3827237562
14695,1.3184635305378545,,0.0,1.3184635305378545,6.3231939573
14700,1.3184534494148747,,0.0,1.3184534494148747,6.2833351307
14705,1.3184433593096054,,0.0,1.3184433593096054,6.3985915198
14710,1.318433197720282,,0.0,1.318433197720282,6.3818849975
14715,1.318423063826351,,0.0,1.318423063826351,6.4392143419
14720,1.318413125796234,,0.0,1.318413125796234,6.4386581948
14725,1.318403348075035,,0.0,1.318403348075035,6.3704551934
14730,1.3183933560264267,,0.0,1.3183933560264267,6.3204957526
14735,1.3183825919999328,,0.0,1.3183825919999328,6.3392215861
14740,1.318370480879513,,0.0,1.318370480879513,6.3014202297
14745,1.3183564455530639,,0.0,1.3183564455530639,6.2168824137
14750,1.3183399236294555,,0.0,1.3183399236294555,6.2033927873
14755,1.3183206763294906,,0.0,1.3183206763294906,6.3243568012
14760,1.3182990780399881,,0.0,1.3182990780399881,6.3929479812
14765,1.3182761672134242,,0.0,1.3182761672134242,6.2741734726
14770,1.3182533420928733,,0.0,1.3182533420928733,6.2586742959
14775,1.3182318524641237,,0.0,1.3182318524641237,6.2622011142
14780,1.3182127618552102,,0.0,1.3182127618552102,6.3271102636
14785,1.31819688790399,,0.0,1.31819688790399,6.5047494104
14790,1.3181850069547403,,0.0,1.3181850069547403,6.6236827546
14795,1.3181782234548143,,0.0,1.3181782234548143,6.5740004487
14800,1.318177828234074,,0.0,1.318177828234074,6.4881683289
14805,1.318184342140559,,0.0,1.318184342140559,6.3895992633
14810,1.3181965504443616,,0.0,1.3181965504443616,6.3828032307
14815,1.3182108084567394,,0.0,1.3182108084567394,6.3658349084
14820,1.3182219013348344,,0.0,1.3182219013348344,6.4038574359
14825,1.3182252753073496,,0.0,1.3182252753073496,6.4799295631
14830,1.318217469073954,,0.0,1.318217469073954,6.4127501381
14835,1.3181952636066285,,0.0,1.3181952636066285,6.3885949661
14840,1.318159255479104,,0.0,1.318159255479104,6.3351795897
14845,1.318114357379998,,0.0,1.318114357379998,6.3220567745
14850,1.3180676488505305,,0.0,1.3180676488505305,6.2886604086
14855,1.3180259329770085,,0.0,1.3180259329770085,6.2994201373
14860,1.317993911488999,,0.0,1.317993911488999,6.2316836549
14865,1.3179721356745238,,0.0,1.3179721356745238,6.2672838566
14870,1.3179589184849485,,0.0,1.3179589184849485,6.4450812739
14875,1.3179517882935963,,0.0,1.3179517882935963,6.4136119364
14880,1.3179475415419462,,0.0,1.3179475415419462,6.2691402116
14885,1.3179433518028838,,0.0,1.3179433518028838,6.2152119815
14890,1.3179375978978982,,0.0,1.3179375978978982,6.2876226436
14895,1.317929925400814,,0.0,1.317929925400814,6.4237936975
14900,1.3179207060786158,,0.0,1.3179207060786158,6.503415916
14905,1.3179105977592593,,0.0,1.3179105977592593,6.5529148893
14910,1.3179002796036383,,0.0,1.3179002796036383,6.50178003
14915,1.3178904564719756,,0.0,1.3178904564719756,6.3708018697
14920,1.3178815571438427,,0.0,1.3178815571438427,6.3603197186
14925,1.3178732950592524,,0.0,1.3178732950592524,6.3673462595
14930,1.3178649367893114,,0.0,1.3178649367893114,6.4873421911
14935,1.317856022365942,,0.0,1.317856022365942,6.4728033175
14940,1.3178471679492567,,0.0,1.3178471679492567,6.4328817454
14945,1.3178400830436146,,0.0,1.3178400830436146,6.4234713856
14950,1.3178366793796423,,0.0,1.3178366793796423,6.4062074959
14955,1.3178380217329153,,0.0,1.3178380217329153,6.3827270824
14960,1.3178439394399313,,0.0,1.3178439394399313,6.3894512549
14965,1.3178530008235378,,0.0,1.3178530008235378,6.4061717931
14970,1.3178628714864833,,0.0,1.3178628714864833,6.3430834955
14975,1.317871094772573,,0.0,1.317871094772573,6.3212312942
14980,1.3178759682884278,,0.0,1.3178759682884278,6.4457124331
14985,1.3178772284288003,,0.0,1.3178772284288003,6.4790340688
14990,1.317876141696518,,0.0,1.317876141696518,6.3375281917
14995,1.3178746873141338,,0.0,1.3178746873141338,6.2957499659
15000,1.3178743457376223,,0.0,1.3178743457376223,6.3216603206
15005,1.3178757557075749,,0.0,1.3178757557075749,6.4079040464
15010,1.3178787088847748,,0.0,1.3178787088847748,6.5310389584
15015,1.3178826566010353,,0.0,1.3178826566010353,6.7077033605
15020,1.317887489571833,,0.0,1.317887489571833,6.7167685042
15025,1.3178938033728678,,0.0,1.3178938033728678,6.6515352269
15030,1.3179023256943472,,0.0,1.3179023256943472,6.5286442752
15035,1.3179135763862797,,0.0,1.3179135763862797,6.510891114
15040,1.317927299827675,,0.0,1.317927299827675,6.6061758291
15045,1.317942355517267,,0.0,1.317942355517267,6.572894367
15050,1.3179570242198841,,0.0,1.3179570242198841,6.5929670928
15055,1.3179697594846738,,0.0,1.3179697594846738,6.5301901441
15060,1.3179794931677034,,0.0,1.3179794931677034,6.4031992749
15065,1.3179858181965998,,0.0,1.3179858181965998,6.3683855635
15070,1.3179894621368176,,0.0,1.3179894621368176,6.3102269806
15075,1.317992256502148,,0.0,1.317992256502148,6.3315960003
15080,1.317995970554126,,0.0,1.317995970554126,6.2947373573
15085,1.318001669941604,,0.0,1.318001669941604,6.2759624171
15090,1.3180096734111075,,0.0,1.3180096734111075,6.3903477982
15095,1.318019729209021,,0.0,1.318019729209021,6.426539339
15100,1.3180312151870384,,0.0,1.3180312151870384,6.2768997952
15105,1.3180433945479075,,0.0,1.3180433945479075,6.1983990461
15110,1.3180556743357645,,0.0,1.3180556743357645,6.1917731651
15115,1.3180676195333354,,0.0,1.3180676195333354,6.2265702248
15120,1.3180790281638592,,0.0,1.3180790281638592,6.3666905143
15125,1.3180900922237755,,0.0,1.3180900922237755,6.4645580003
15130,1.3181011749967946,,0.0,1.3181011749967946,6.4971290789
15135,1.3181123997398907,,0.0,1.3181123997398907,6.4275010548
15140,1.3181236792500022,,0.0,1.3181236792500022,6.3101810908
15145,1.3181345747672353,,0.0,1.3181345747672353,6.2604592354
15150,1.318144304333382,,0.0,1.318144304333382,6.3110684953
15155,1.3181521170539863,,0.0,1.3181521170539863,6.3454846819
15160,1.3181577148916908,,0.0,1.3181577148916908,6.3334962706
15165,1.3181614320625192,,0.0,1.3181614320625192,6.2616253037
15170,1.3181640560138561,,0.0,1.3181640560138561,6.1751565648
15175,1.318166523773158,,0.0,1.318166523773158,6.1482369914
15180,1.3181698875158432,,0.0,1.3181698875158432,6.1272422474
15185,1.318175128931308,,0.0,1.318175128931308,6.1924304185
15190,1.3181824815590806,,0.0,1.3181824815590806,6.203431171
15195,1.3181911973740474,,0.0,1.3181911973740474,6.1620825856
15200,1.3181999783106138,,0.0,1.3181999783106138,6.2059262329
15205,1.3182077939005608,,0.0,1.3182077939005608,6.2860660756
15210,1.3182144218322218,,0.0,1.3182144218322218,6.2623949589
15215,1.318220438593931,,0.0,1.318220438593931,6.2137740364
15220,1.3182268059144406,,0.0,1.3182268059144406,6.1888526349
15225,1.3182343788578157,,0.0,1.3182343788578157,6.216717658
15230,1.3182436795196362,,0.0,1.3182436795196362,6.3533237064
15235,1.3182549415641847,,0.0,1.3182549415641847,6.4313516898
15240,1.318268373455431,,0.0,1.318268373455431,6.4808688973
15245,1.3182843279977492,,0.0,1.3182843279977492,6.3734170174
15250,1.3183031139573418,,0.0,1.3183031139573418,6.2231784722
15255,1.3183244537565115,,0.0,1.3183244537565115,6.1120086296
15260,1.3183469828357692,,0.0,1.3183469828357692,6.1611965084
15265,1.318368238176466,,0.0,1.318368238176466,6.1969762538
15270,1.318385305399903,,0.0,1.318385305399903,6.1487844123
15275,1.3183958622099672,,0.0,1.3183958622099672,6.0679441129
15280,1.3183990494257118,,0.0,1.3183990494257118,5.9825471982
15285,1.318395773759366,,0.0,1.318395773759366,5.9212358808
15290,1.3183886924715902,,0.0,1.3183886924715902,5.9356354308
15295,1.3183818151566398,,0.0,1.3183818151566398,6.0471603953
15300,1.3183792424792058,,0.0,1.3183792424792058,6.11263758
15305,1.318383609743241,,0.0,1.318383609743241,6.0830559099
15310,1.3183953861486206,,0.0,1.3183953861486206,6.0657604368
15315,1.3184132335837087,,0.0,1.3184132335837087,6.1655186576
15320,1.318434813908632,,0.0,1.318434813908632,6.181689079
15325,1.318457742824529,,0.0,1.318457742824529,6.1142128537
15330,1.31848027789198,,0.0,1.31848027789198,6.02435093
15335,1.3185014298115931,,0.0,1.3185014298115931,6.0461955515
15340,1.3185206549053419,,0.0,1.3185206549053419,6.1223376545
15345,1.3185375557069139,,0.0,1.3185375557069139,6.2377978454
15350,1.3185519150195573,,0.0,1.3185519150195573,6.3126381183
15355,1.318563946172649,,0.0,1.318563946172649,6.3105564794
15360,1.3185744695486357,,0.0,1.3185744695486357,6.1759720152
15365,1.3185846705602298,,0.0,1.3185846705602298,6.0977609875
15370,1.3185954681455558,,0.0,1.3185954681455558,6.0688919332
15375,1.3186070131322254,,0.0,1.3186070131322254,6.2412730775
15380,1.3186192495056825,,0.0,1.3186192495056825,6.2389395015
15385,1.3186322861761888,,0.0,1.3186322861761888,6.1610527069
15390,1.3186458567939074,,0.0,1.3186458567939074,6.083659252
15395,1.318659898482812,,0.0,1.318659898482812,6.0060507551
15400,1.31867453961479,,0.0,1.31867453961479,6.0567729774
15405,1.3186904376435364,,0.0,1.3186904376435364,6.1553218224
15410,1.3187085525512467,,0.0,1.3187085525512467,6.2539011416
15415,1.3187291429530084,,0.0,1.3187291429530084,6.2862387124
15420,1.3187513945793221,,0.0,1.3187513945793221,6.2995296643
15425,1.318774028576712,,0.0,1.318774028576712,6.336519504
15430,1.3187959785478012,,0.0,1.3187959785478012,6.3566626624
15435,1.3188166635131113,,0.0,1.3188166635131113,6.2877284767
15440,1.318836065632817,,0.0,1.318836065632817,6.1588472578
15445,1.3188546456235202,,0.0,1.3188546456235202,6.1878486318
15450,1.3188730129086164,,0.0,1.3188730129086164,6.2364666298
15455,1.3188915236608374,,0.0,1.3188915236608374,6.2589338058
15460,1.3189100085889762,,0.0,1.3189100085889762,6.339645269
15465,1.318927791276727,,0.0,1.318927791276727,6.3954302546
15470,1.318943844499476,,0.0,1.318943844499476,6.3831258756
15475,1.3189568958909568,,0.0,1.3189568958909568,6.2820064829
15480,1.3189656204387052,,0.0,1.3189656204387052,6.169822983
15485,1.3189688893683342,,0.0,1.3189688893683342,6.1697777302
15490,1.318966494215873,,0.0,1.318966494215873,6.2344273945
15495,1.318959780827707,,0.0,1.318959780827707,6.2550683558
15500,1.3189504501001674,,0.0,1.3189504501001674,6.246415265
15505,1.3189402957465768,,0.0,1.3189402957465768,6.2487577929
15510,1.3189311738572695,,0.0,1.3189311738572695,6.2438339248
15515,1.3189245193530017,,0.0,1.3189245193530017,6.2788122622
15520,1.3189208616898418,,0.0,1.3189208616898418,6.3521517552
15525,1.3189195097305093,,0.0,1.3189195097305093,6.4899719404
15530,1.3189190280552319,,0.0,1.3189190280552319,6.5286542499
15535,1.3189181915795167,,0.0,1.3189181915795167,6.4787169604
15540,1.3189165142616959,,0.0,1.3189165142616959,6.4347811364
15545,1.318914303495679,,0.0,1.318914303495679,6.5051205235
15550,1.3189123980027524,,0.0,1.3189123980027524,6.4577792926
15555,1.3189117530244605,,0.0,1.3189117530244605,6.3336110092
15560,1.318912897642609,,0.0,1.318912897642609,6.373787094
15565,1.318915775842642,,0.0,1.318915775842642,6.4240017332
15570,1.3189199670787526,,0.0,1.3189199670787526,6.4603938665
15575,1.3189250836154416,,0.0,1.3189250836154416,6.4817288396
15580,1.3189310714342177,,0.0,1.3189310714342177,6.4284062992
15585,1.3189383186448422,,0.0,1.3189383186448422,6.3431438851
15590,1.318947310415705,,0.0,1.318947310415705,6.1906685889
15595,1.318958091159238,,0.0,1.318958091159238,6.0973667661
15600,1.3189701123320081,,0.0,1.3189701123320081,6.1692507811
15605,1.3189824758298134,,0.0,1.3189824758298134,6.2319691887
15610,1.318994303509096,,0.0,1.318994303509096,6.2309114915
15615,1.3190049898138347,,0.0,1.3190049898138347,6.2365559196
15620,1.319014313679903,,0.0,1.319014313679903,6.2398372787
15625,1.3190225437027097,,0.0,1.3190225437027097,6.1912660452
15630,1.319030389607884,,0.0,1.319030389607884,6.2245642424
15635,1.319038609525615,,0.0,1.319038609525615,6.3762741038
15640,1.3190475852032093,,0.0,1.3190475852032093,6.4686000763
15645,1.3190573289913146,,0.0,1.3190573289913146,6.4262183721
15650,1.3190678523673007,,0.0,1.3190678523673007,6.4324597887
15655,1.3190794984047278,,0.0,1.3190794984047278,6.5977120894
15660,1.3190929942947875,,0.0,1.3190929942947875,6.5864938438
15665,1.3191091965985924,,0.0,1.3191091965985924,6.4891238584
15670,1.3191285684030707,,0.0,1.3191285684030707,6.4680831559
15675,1.319150862820014,,0.0,1.319150862820014,6.4869310914
15680,1.319175199959307,,0.0,1.319175199959307,6.487655763
15685,1.3192004093787195,,0.0,1.3192004093787195,6.5065437639
15690,1.3192255058957423,,0.0,1.3192255058957423,6.5101432273
15695,1.319250128347483,,0.0,1.319250128347483,6.4729103891
15700,1.3192744819543072,,0.0,1.3192744819543072,6.3326123848
15705,1.3192988143529474,,0.0,1.3192988143529474,6.2660835343
15710,1.3193229780841507,,0.0,1.3193229780841507,6.2617707834
15715,1.3193463398965029,,0.0,1.3193463398965029,6.3071111635
15720,1.319367982972699,,0.0,1.319367982972699,6.3222206911
15725,1.3193871214871569,,0.0,1.3193871214871569,6.3702052655
15730,1.3194035202785457,,0.0,1.3194035202785457,6.3884406063
15735,1.3194178016199256,,0.0,1.3194178016199256,6.3157793047
15740,1.3194316060266809,,0.0,1.3194316060266809,6.3387498705
15745,1.3194470897473212,,0.0,1.3194470897473212,6.4402433109
15750,1.3194656222067422,,0.0,1.3194656222067422,6.5517558177
15755,1.3194866501208578,,0.0,1.3194866501208578,6.5012874624
15760,1.3195074202931645,,0.0,1.3195074202931645,6.4445260726
15765,1.3195241788751517,,0.0,1.3195241788751517,6.6014801789
15770,1.3195337230568225,,0.0,1.3195337230568225,6.6832019926
15775,1.3195347565191375,,0.0,1.3195347565191375,6.5782407518
15780,1.3195284706630037,,0.0,1.3195284706630037,6.5177454076
15785,1.3195180413515497,,0.0,1.3195180413515497,6.5330552798
15790,1.3195076462226976,,0.0,1.3195076462226976,6.4893265119
15795,1.319501411266205,,0.0,1.319501411266205,6.4462735091
15800,1.3195017806628626,,0.0,1.3195017806628626,6.4809714581
15805,1.3195083804001149,,0.0,1.3195083804001149,6.4252018065
15810,1.319518325665965,,0.0,1.319518325665965,6.3259856829
15815,1.3195276598866172,,0.0,1.3195276598866172,6.1645326919
15820,1.3195333494185275,,0.0,1.3195333494185275,6.1416939029
15825,1.3195347408001308,,0.0,1.3195347408001308,6.1565968941
15830,1.319533553516107,,0.0,1.319533553516107,6.2063828159
15835,1.3195327003233532,,0.0,1.3195327003233532,6.2480420333
15840,1.3195339483625856,,0.0,1.3195339483625856,6.3111485975
15845,1.3195382186927458,,0.0,1.3195382186927458,6.2416314921
15850,1.3195449232233762,,0.0,1.3195449232233762,6.1496451566
15855,1.319551751509996,,0.0,1.319551751509996,6.2160504886
15860,1.3195561890105452,,0.0,1.3195561890105452,6.3904489821
15865,1.3195566592084529,,0.0,1.3195566592084529,6.4509054041
15870,1.319553235583837,,0.0,1.319553235583837,6.3817790147
15875,1.3195476684356222,,0.0,1.3195476684356222,6.4652492599
15880,1.319542609909553,,0.0,1.319542609909553,6.6146289164
15885,1.3195402108897172,,0.0,1.3195402108897172,6.5782818013
15890,1.3195408475094894,,0.0,1.3195408475094894,6.4682344481
15895,1.319542655444771,,0.0,1.319542655444771,6.4885598132
15900,1.3195425659961375,,0.0,1.3195425659961375,6.4690065407
15905,1.3195380843326647,,0.0,1.3195380843326647,6.4537253406
15910,1.3195286415760137,,0.0,1.3195286415760137,6.4772805115
15915,1.3195160788460356,,0.0,1.3195160788460356,6.4353071566
15920,1.3195037306929747,,0.0,1.3195037306929747,6.3014876269
15925,1.3194946443585636,,0.0,1.3194946443585636,6.1643177104
15930,1.3194899720709456,,0.0,1.3194899720709456,6.1084557179
15935,1.3194883734729124,,0.0,1.3194883734729124,6.0853387407
15940,1.3194866257938234,,0.0,1.3194866257938234,6.128766449
15945,1.3194811247652398,,0.0,1.3194811247652398,6.1904392204
15950,1.3194695001855046,,0.0,1.3194695001855046,6.2572919888
15955,1.319451471607577,,0.0,1.319451471607577,6.1502601523
15960,1.3194287781025187,,0.0,1.3194287781025187,6.1121068041
15965,1.3194044716527147,,0.0,1.3194044716527147,6.1193149362
15970,1.3193816237021776,,0.0,1.3193816237021776,6.2542830218
15975,1.3193619210500338,,0.0,1.3193619210500338,6.3714829273
15980,1.3193451508659226,,0.0,1.3193451508659226,6.2924563465
15985,1.31932998813738,,0.0,1.31932998813738,6.3023648883
15990,1.3193151325532384,,0.0,1.3193151325532384,6.409018767
15995,1.31929997182076,,0.0,1.31929997182076,6.4465116031
16000,1.3192845104310897,,0.0,1.3192845104310897,6.3064535598
16005,1.3192689163031401,,0.0,1.3192689163031401,6.249256348
16010,1.3192531838229806,,0.0,1.3192531838229806,6.2599001237
16015,1.3192370990374642,,0.0,1.3192370990374642,6.2877236769
16020,1.3192203665290674,,0.0,1.3192203665290674,6.3464482009
16025,1.3192027511364595,,0.0,1.3192027511364595,6.4320484646
16030,1.319184209694749,,0.0,1.319184209694749,6.3519020744
16035,1.319165024522287,,0.0,1.319165024522287,6.2759090072
16040,1.3191459002297874,,0.0,1.3191459002297874,6.1572129687
16045,1.3191279477518132,,0.0,1.3191279477518132,6.1649501566
16050,1.319112371962705,,0.0,1.319112371962705,6.2803401624
16055,1.319099815595182,,0.0,1.319099815595182,6.3381569153
16060,1.3190897420821976,,0.0,1.3190897420821976,6.4532511267
16065,1.319080370934355,,0.0,1.319080370934355,6.4424557543
16070,1.3190694745438438,,0.0,1.3190694745438438,6.3772299824
16075,1.3190557245298422,,0.0,1.3190557245298422,6.2788632563
16080,1.3190396157915536,,0.0,1.3190396157915536,6.35064785
16085,1.3190230878797522,,0.0,1.3190230878797522,6.4576224721
16090,1.3190083118886766,,0.0,1.3190083118886766,6.4207546954
16095,1.3189967242361318,,0.0,1.3189967242361318,6.3991317542
16100,1.3189887270043292,,0.0,1.3189887270043292,6.5215382115
16105,1.3189838267911136,,0.0,1.3189838267911136,6.6635015356
16110,1.3189808610137574,,0.0,1.3189808610137574,6.6013284799
16115,1.3189781915272027,,0.0,1.3189781915272027,6.5321818268
16120,1.3189739584984947,,0.0,1.3189739584984947,6.4789835156
16125,1.3189665144260243,,0.0,1.3189665144260243,6.4849626686
16130,1.318954982039511,,0.0,1.318954982039511,6.4803155264
16135,1.318939666237784,,0.0,1.318939666237784,6.5539388462
16140,1.3189220262686334,,0.0,1.3189220262686334,6.6226954587
16145,1.3189041427796333,,0.0,1.3189041427796333,6.5555709657
16150,1.3188879129051896,,0.0,1.3188879129051896,6.4548113535
16155,1.3188743804622016,,0.0,1.3188743804622016,6.3415628447
16160,1.3188635234939614,,0.0,1.3188635234939614,6.3821831979
16165,1.3188545055247538,,0.0,1.3188545055247538,6.4095822507
16170,1.3188461601044772,,0.0,1.3188461601044772,6.4160824126
16175,1.3188374646244156,,0.0,1.3188374646244156,6.4622570793
16180,1.318827783088567,,0.0,1.318827783088567,6.4512379688
16185,1.3188168905654307,,0.0,1.3188168905654307,6.3478234443
16190,1.3188050687495871,,0.0,1.3188050687495871,6.3346255319
16195,1.3187930886208905,,0.0,1.3187930886208905,6.3828011974
16200,1.318781700450026,,0.0,1.318781700450026,6.4545172515
16205,1.3187711359052123,,0.0,1.3187711359052123,6.4070769659
16210,1.318761143232834,,0.0,1.318761143232834,6.4217950718
16215,1.318751319976417,,0.0,1.318751319976417,6.6469040785
16220,1.318741362858935,,0.0,1.318741362858935,6.6634305007
16225,1.3187311226745775,,0.0,1.3187311226745775,6.5633658543
16230,1.3187205223253597,,0.0,1.3187205223253597,6.4651454132
16235,1.3187094142272742,,0.0,1.3187094142272742,6.481952771
16240,1.3186975100737763,,0.0,1.3186975100737763,6.531545331
16245,1.318684496108502,,0.0,1.318684496108502,6.6435895845
16250,1.3186703386478658,,0.0,1.3186703386478658,6.6901354638
16255,1.3186556103128264,,0.0,1.3186556103128264,6.5975847046
16260,1.318641561512943,,0.0,1.318641561512943,6.4913983702
16265,1.3186297373267728,,0.0,1.3186297373267728,6.3365951509
16270,1.318621339135545,,0.0,1.318621339135545,6.3183160644
16275,1.3186167974653875,,0.0,1.3186167974653875,6.3458694807
16280,1.3186156839109906,,0.0,1.3186156839109906,6.3001092986
16285,1.3186168358896262,,0.0,1.3186168358896262,6.3434302107
16290,1.3186184709158337,,0.0,1.3186184709158337,6.3451328028
16295,1.3186182336336847,,0.0,1.3186182336336847,6.2184153724
16300,1.3186138139729604,,0.0,1.3186138139729604,6.1626940281
16305,1.3186039774926173,,0.0,1.3186039774926173,6.2029222235
16310,1.3185892351851274,,0.0,1.3185892351851274,6.2922392818
16315,1.3185711078020148,,0.0,1.3185711078020148,6.2697981528
16320,1.3185511702380481,,0.0,1.3185511702380481,6.2161079522
16325,1.3185305809590728,,0.0,1.3185305809590728,6.3146283893
16330,1.3185099487647138,,0.0,1.3185099487647138,6.4243176388
16335,1.3184893329131318,,0.0,1.3184893329131318,6.3055743836
16340,1.3184686182563645,,0.0,1.3184686182563645,6.2077268514
16345,1.3184480495618027,,0.0,1.3184480495618027,6.2480471813
16350,1.3184284643031934,,0.0,1.3184284643031934,6.3173240543
16355,1.3184111670333405,,0.0,1.3184111670333405,6.385342929
16360,1.318397644071658,,0.0,1.318397644071658,6.5114093861
16365,1.3183892173117593,,0.0,1.3183892173117593,6.5077044599
16370,1.3183865515678252,,0.0,1.3183865515678252,6.4578533093
16375,1.318388980279118,,0.0,1.318388980279118,6.3071046435
16380,1.3183937521204454,,0.0,1.3183937521204454,6.24509232
16385,1.3183961762158396,,0.0,1.3183961762158396,6.3171863991
16390,1.3183912031462754,,0.0,1.3183912031462754,6.3437031224
16395,1.3183753335614463,,0.0,1.3183753335614463,6.3373778519
16400,1.3183475263890416,,0.0,1.3183475263890416,6.3275500105
16405,1.3183088792149436,,0.0,1.3183088792149436,6.2571247208
16410,1.3182624442710453,,0.0,1.3182624442710453,6.1777184473
16415,1.3182133183829003,,0.0,1.3182133183829003,6.1375434544
16420,1.3181680198233854,,0.0,1.3181680198233854,6.2264406395
16425,1.318132514579322,,0.0,1.318132514579322,6.1926882324
16430,1.3181099746464644,,0.0,1.3181099746464644,6.04595378
16435,1.3181000187765222,,0.0,1.3181000187765222,6.1416992869
16440,1.318098870041491,,0.0,1.318098870041491,6.2821158031
16445,1.3181009382136617,,0.0,1.3181009382136617,6.2330604975
16450,1.3181018870927501,,0.0,1.3181018870927501,6.1654382219
16455,1.318099901258234,,0.0,1.318099901258234,6.1203491115
16460,1.3180950576833441,,0.0,1.3180950576833441,6.1809268338
16465,1.3180881600334884,,0.0,1.3180881600334884,6.2818135631
16470,1.3180799009429947,,0.0,1.3180799009429947,6.4549431327
16475,1.3180705844374134,,0.0,1.3180705844374134,6.4431979562
16480,1.3180602256119816,,0.0,1.3180602256119816,6.3687649878
16485,1.3180489475989183,,0.0,1.3180489475989183,6.2726379919
16490,1.3180372748641307,,0.0,1.3180372748641307,6.2592676298
16495,1.318026202071433,,0.0,1.318026202071433,6.2460485654
16500,1.3180172406157975,,0.0,1.3180172406157975,6.243568534
16505,1.3180121174671453,,0.0,1.3180121174671453,6.1919399411
16510,1.3180121103561662,,0.0,1.3180121103561662,6.2123249568
16515,1.318017428869616,,0.0,1.318017428869616,6.1938603109
16520,1.3180265211922204,,0.0,1.3180265211922204,6.1350654609
16525,1.3180364683293808,,0.0,1.3180364683293808,6.0260699082
16530,1.3180448349578413,,0.0,1.3180448349578413,5.9859297708
16535,1.3180508624483962,,0.0,1.3180508624483962,5.9602017894
16540,1.3180550394625485,,0.0,1.3180550394625485,5.9085687485
16545,1.318058330224131,,0.0,1.318058330224131,5.9947971385
16550,1.3180615931655666,,0.0,1.3180615931655666,6.1037569373
16555,1.3180651870794216,,0.0,1.3180651870794216,6.1490928564
16560,1.3180690537055681,,0.0,1.3180690537055681,6.0407391718
16565,1.3180729294387579,,0.0,1.3180729294387579,5.9049425351
16570,1.3180764470031516,,0.0,1.3180764470031516,5.9590501851
16575,1.3180792085581747,,0.0,1.3180792085581747,6.1484257281
16580,1.3180809461321876,,0.0,1.3180809461321876,6.2639758739
16585,1.3180817640195535,,0.0,1.3180817640195535,6.277833148
16590,1.3180824406853668,,0.0,1.3180824406853668,6.2019590181
16595,1.3180843631448402,,0.0,1.3180843631448402,6.1630898609
16600,1.318088960455291,,0.0,1.318088960455291,6.1023380005
16605,1.3180969329857974,,0.0,1.3180969329857974,6.036676001
16610,1.318107752902093,,0.0,1.318107752902093,6.0379655631
16615,1.3181199200370686,,0.0,1.3181199200370686,5.9651048799
16620,1.3181315497317185,,0.0,1.3181315497317185,5.9424186343
16625,1.318140729007876,,0.0,1.318140729007876,5.9400003675
16630,1.3181463624004766,,0.0,1.3181463624004766,5.8856262758
16635,1.3181486304285899,,0.0,1.3181486304285899,5.8799395974
16640,1.3181491410468003,,0.0,1.3181491410468003,5.9019607816
16645,1.318150351410318,,0.0,1.318150351410318,5.8995018959
16650,1.318154092908181,,0.0,1.318154092908181,5.8550610973
16655,1.3181607134793547,,0.0,1.3181607134793547,5.9349890752
16660,1.3181693243761894,,0.0,1.3181693243761894,6.0692390529
16665,1.3181779781884078,,0.0,1.3181779781884078,6.1529043478
16670,1.3181848889374357,,0.0,1.3181848889374357,6.1106580286
16675,1.3181894954796844,,0.0,1.3181894954796844,6.0080958296
16680,1.318192227717512,,0.0,1.318192227717512,6.022358161
16685,1.3181937105438133,,0.0,1.3181937105438133,6.1846357637
16690,1.3181940951604618,,0.0,1.3181940951604618,6.3605208282
16695,1.3181930160381747,,0.0,1.3181930160381747,6.2988666036
16700,1.3181901202478248,,0.0,1.3181901202478248,6.188875062
16705,1.318185656174669,,0.0,1.318185656174669,6.0799808381
16710,1.318180558600591,,0.0,1.318180558600591,6.0167170577
16715,1.31817596129014,,0.0,1.31817596129014,5.9818874963
16720,1.3181724989917778,,0.0,1.3181724989917778,5.9745039583
16725,1.3181700768924478,,0.0,1.3181700768924478,5.9354012447
16730,1.318167971294071,,0.0,1.318167971294071,5.8739687354
16735,1.318165145490727,,0.0,1.318165145490727,5.8838867289
16740,1.3181606684431528,,0.0,1.3181606684431528,5.8324828328
16745,1.3181541707546904,,0.0,1.3181541707546904,5.857751394
16750,1.3181464036940578,,0.0,1.3181464036940578,5.8924738188
16755,1.3181391732004721,,0.0,1.3181391732004721,5.8911048301
16760,1.318134418325692,,0.0,1.318134418325692,5.8899934587
16765,1.3181331407197565,,0.0,1.3181331407197565,5.9414268155
16770,1.3181352046502903,,0.0,1.3181352046502903,6.0660197243
16775,1.3181397548037213,,0.0,1.3181397548037213,6.1400170836
16780,1.3181461424591365,,0.0,1.3181461424591365,6.1671754305
16785,1.318154572337886,,0.0,1.318154572337886,6.1081662942
16790,1.3181658414934136,,0.0,1.3181658414934136,6.1170369385
16795,1.3181804432031212,,0.0,1.3181804432031212,6.2407510581
16800,1.3181976460341795,,0.0,1.3181976460341795,6.4015276455
16805,1.318215190067487,,0.0,1.318215190067487,6.3274360995
16810,1.3182299947519875,,0.0,1.3182299947519875,6.2270675716
16815,1.3182393484342672,,0.0,1.3182393484342672,6.0642011
16820,1.3182417805139188,,0.0,1.3182417805139188,6.0022511995
16825,1.3182374696387016,,0.0,1.3182374696387016,5.9383883371
16830,1.3182278647018224,,0.0,1.3182278647018224,5.9154260527
16835,1.3182148365145898,,0.0,1.3182148365145898,5.9346713361
16840,1.3182004841881716,,0.0,1.3182004841881716,5.8745400305
16845,1.318187025100548,,0.0,1.318187025100548,5.8553416736
16850,1.318176450949675,,0.0,1.318176450949675,5.8107954771
16855,1.318170255041191,,0.0,1.318170255041191,5.8312875949
16860,1.318169327744548,,0.0,1.318169327744548,5.8818117042
16865,1.3181740169987128,,0.0,1.3181740169987128,5.851786166
16870,1.3181839060004994,,0.0,1.3181839060004994,5.832417003
16875,1.3181977176429878,,0.0,1.3181977176429878,5.8908917653
16880,1.3182136308917247,,0.0,1.3182136308917247,5.9885318574
16885,1.3182300572537524,,0.0,1.3182300572537524,6.0435528313
16890,1.3182465095646168,,0.0,1.3182465095646168,6.0481771754
16895,1.3182637142669853,,0.0,1.3182637142669853,5.999031435
16900,1.318283001363483,,0.0,1.318283001363483,5.9584720686
16905,1.318305266587985,,0.0,1.318305266587985,6.052575664
16910,1.3183300015678534,,0.0,1.3183300015678534,6.1246707242
16915,1.3183557182371177,,0.0,1.3183557182371177,6.1491114652
16920,1.3183807168222335,,0.0,1.3183807168222335,6.0989804782
16925,1.3184038952461739,,0.0,1.3184038952461739,5.9489376706
16930,1.3184251045526367,,0.0,1.3184251045526367,5.8782242357
16935,1.3184450070607232,,0.0,1.3184450070607232,5.8646971926
16940,1.3184643681363557,,0.0,1.3184643681363557,5.8558329005
16945,1.3184835622911073,,0.0,1.3184835622911073,5.9044146498
16950,1.3185024908445468,,0.0,1.3185024908445468,5.8937273618
16955,1.3185206986940035,,0.0,1.3185206986940035,5.8938950748
16960,1.3185376245711338,,0.0,1.3185376245711338,5.801176732
16965,1.3185527704578837,,0.0,1.3185527704578837,5.7193808671
16970,1.3185663585411653,,0.0,1.3185663585411653,5.7783646551
16975,1.318579624634317,,0.0,1.318579624634317,5.772764057
16980,1.3185942954577528,,0.0,1.3185942954577528,5.7866490208
16985,1.3186116042049754,,0.0,1.3186116042049754,5.761208945
16990,1.3186317950196058,,0.0,1.3186317950196058,5.843100687
16995,1.318654269955618,,0.0,1.318654269955618,5.9057362808
17000,1.3186776950182593,,0.0,1.3186776950182593,5.8378278232
17005,1.3187003845311889,,0.0,1.3187003845311889,5.7491930603
17010,1.318721162313491,,0.0,1.318721162313491,5.7743313424
17015,1.3187399873210925,,0.0,1.3187399873210925,5.8107901587
17020,1.318757796207188,,0.0,1.318757796207188,5.926494652
17025,1.3187755782711685,,0.0,1.3187755782711685,6.0358488735
17030,1.318793963271336,,0.0,1.318793963271336,6.0795962243
17035,1.318813207701958,,0.0,1.318813207701958,6.02934112
17040,1.3188332829943645,,0.0,1.3188332829943645,5.9266121426
17045,1.3188537426539115,,0.0,1.3188537426539115,5.8480466527
17050,1.3188733995213293,,0.0,1.3188733995213293,5.8044774059
17055,1.3188901951552612,,0.0,1.3188901951552612,5.9554414442
17060,1.3189013908306702,,0.0,1.3189013908306702,5.9438330062
17065,1.3189042152617196,,0.0,1.3189042152617196,5.8764668974
17070,1.3188967143014154,,0.0,1.3188967143014154,5.8419984089
17075,1.3188784345936424,,0.0,1.3188784345936424,5.816674638
17080,1.318850934939901,,0.0,1.318850934939901,5.8361824727
17085,1.3188181482107229,,0.0,1.3188181482107229,5.8726548502
17090,1.3187849837263672,,0.0,1.3187849837263672,5.9744659111
17095,1.3187554558217423,,0.0,1.3187554558217423,6.0201888031
17100,1.3187314964376264,,0.0,1.3187314964376264,6.0049079134
17105,1.3187127980553568,,0.0,1.3187127980553568,6.0551598927
17110,1.318697225634607,,0.0,1.318697225634607,6.0984779167
17115,1.3186830997367383,,0.0,1.3186830997367383,6.0203625095
17120,1.3186707492133511,,0.0,1.3186707492133511,5.9395867922
17125,1.3186616127278232,,0.0,1.3186616127278232,5.9334481098
17130,1.3186566891856055,,0.0,1.3186566891856055,6.0189987058
17135,1.3186562283442496,,0.0,1.3186562283442496,6.0812452359
17140,1.3186597901963213,,0.0,1.3186597901963213,6.1013666537
17145,1.3186663048513305,,0.0,1.3186663048513305,6.0928774205
17150,1.3186743672047323,,0.0,1.3186743672047323,6.0120534731
17155,1.3186825011669425,,0.0,1.3186825011669425,5.8923548353
17160,1.3186896818836733,,0.0,1.3186896818836733,5.8059940843
17165,1.318695628034606,,0.0,1.318695628034606,5.8302747073
17170,1.3187001150625022,,0.0,1.3187001150625022,5.9012234129
17175,1.318702856157865,,0.0,1.318702856157865,5.8544234594
17180,1.3187036411101691,,0.0,1.3187036411101691,5.8324475503
17185,1.3187025082188988,,0.0,1.3187025082188988,5.8729212254
17190,1.3186999089688582,,0.0,1.3186999089688582,5.8815442762
17195,1.3186968660935168,,0.0,1.3186968660935168,5.8689148264
17200,1.3186948123928126,,0.0,1.3186948123928126,5.9413132554
17205,1.3186950540413527,,0.0,1.3186950540413527,6.0876873817
17210,1.3186982665821634,,0.0,1.3186982665821634,6.0860299944
17215,1.318704222588664,,0.0,1.318704222588664,6.0453142434
17220,1.3187123879888876,,0.0,1.3187123879888876,6.1453566675
17225,1.3187230397367624,,0.0,1.3187230397367624,6.2101554367
17230,1.3187369707688494,,0.0,1.3187369707688494,6.1065713259
17235,1.3187545019524929,,0.0,1.3187545019524929,5.9797390076
17240,1.3187753478504907,,0.0,1.3187753478504907,6.0548490605
17245,1.318798676104011,,0.0,1.318798676104011,6.1513939706
17250,1.3188232571374163,,0.0,1.3188232571374163,6.1427804774
17255,1.318847704684019,,0.0,1.318847704684019,6.1102445248
17260,1.3188706417089275,,0.0,1.3188706417089275,6.1141084653
17265,1.3188918787107833,,0.0,1.3188918787107833,6.0998957325
17270,1.318912988214029,,0.0,1.318912988214029,5.9562839496
17275,1.3189358910563354,,0.0,1.3189358910563354,5.9287663214
17280,1.3189615460971131,,0.0,1.3189615460971131,5.9935957606
17285,1.3189902052147315,,0.0,1.3189902052147315,5.964524189
17290,1.3190216883891375,,0.0,1.3190216883891375,5.9704532312
17295,1.3190553920603745,,0.0,1.3190553920603745,6.0604784037
17300,1.3190902669223667,,0.0,1.3190902669223667,6.0762920389
17305,1.3191249723683973,,0.0,1.3191249723683973,5.9791911787
17310,1.3191588450813339,,0.0,1.3191588450813339,6.0588064396
17315,1.3191920239124018,,0.0,1.3191920239124018,6.2437668607
17320,1.3192244508509814,,0.0,1.3192244508509814,6.2661381991
17325,1.3192556918778318,,0.0,1.3192556918778318,6.1870115126
17330,1.3192851575302,,0.0,1.3192851575302,6.1593691875
17335,1.3193122937754764,,0.0,1.3193122937754764,6.2617155054
17340,1.3193366239285444,,0.0,1.3193366239285444,6.1724443911
17345,1.3193574942783304,,0.0,1.3193574942783304,6.0252439289
17350,1.319373970791475,,0.0,1.319373970791475,6.0502922874
17355,1.319384532342192,,0.0,1.319384532342192,6.0923048463
17360,1.3193878648963717,,0.0,1.3193878648963717,6.0732913882
17365,1.3193840476728178,,0.0,1.3193840476728178,6.08698562
17370,1.3193751203997843,,0.0,1.3193751203997843,6.0511293098
17375,1.3193652401307794,,0.0,1.3193652401307794,6.0181592696
17380,1.319359481485141,,0.0,1.319359481485141,5.8603479218
17385,1.3193612533665102,,0.0,1.3193612533665102,5.7637919132
17390,1.3193712046205535,,0.0,1.3193712046205535,5.8020186001
17395,1.3193869389720232,,0.0,1.3193869389720232,5.8492866738
17400,1.3194042987436407,,0.0,1.3194042987436407,5.8401094832
17405,1.319419152830734,,0.0,1.319419152830734,5.8815992055
17410,1.3194282365453107,,0.0,1.3194282365453107,5.8853778945
17415,1.3194300530886196,,0.0,1.3194300530886196,5.7987482349
17420,1.3194255482208985,,0.0,1.3194255482208985,5.8194397807
17425,1.3194171551445857,,0.0,1.3194171551445857,5.9765798228
17430,1.31940747772562,,0.0,1.31940747772562,6.0846072512
17435,1.3193981825529764,,0.0,1.3193981825529764,6.0473585217
17440,1.3193898830421797,,0.0,1.3193898830421797,6.0581172854
17445,1.3193821111161401,,0.0,1.3193821111161401,6.2113700553
17450,1.3193737846584748,,0.0,1.3193737846584748,6.2730918987
17455,1.3193639149935616,,0.0,1.3193639149935616,6.1049371837
17460,1.3193521881155286,,0.0,1.3193521881155286,6.0773512408
17465,1.3193390309326376,,0.0,1.3193390309326376,6.0407175571
17470,1.3193251238533228,,0.0,1.3193251238533228,6.0942228797
17475,1.3193109552895783,,0.0,1.3193109552895783,6.1321974969
17480,1.3192963701721556,,0.0,1.3192963701721556,6.1362187967
17485,1.3192815679827357,,0.0,1.3192815679827357,6.0696946787
17490,1.319267513319413,,0.0,1.319267513319413,5.9767012917
17495,1.319255399454405,,0.0,1.319255399454405,5.8813463793
17500,1.3192459270062966,,0.0,1.3192459270062966,5.855268436
17505,1.3192394039927677,,0.0,1.3192394039927677,5.8650171606
17510,1.3192358274197218,,0.0,1.3192358274197218,5.862071833
17515,1.3192349647456623,,0.0,1.3192349647456623,5.9244828714
17520,1.3192363007364798,,0.0,1.3192363007364798,5.9877398713
17525,1.3192388916280011,,0.0,1.3192388916280011,5.8744933162
17530,1.319241954339232,,0.0,1.319241954339232,5.8459136258
17535,1.319244774154383,,0.0,1.319244774154383,5.9105812295
17540,1.3192459046753267,,0.0,1.3192459046753267,6.0641045529
17545,1.31924315447292,,0.0,1.31924315447292,6.0586919081
17550,1.3192348577067117,,0.0,1.3192348577067117,6.0203507927
17555,1.3192209949150744,,0.0,1.3192209949150744,6.1841406188
17560,1.3192030128703969,,0.0,1.3192030128703969,6.3547027893
17565,1.3191832922536741,,0.0,1.3191832922536741,6.3009363329
17570,1.319164598612057,,0.0,1.319164598612057,6.1740657832
17575,1.3191497735926512,,0.0,1.3191497735926512,6.1714603284
17580,1.3191407789524456,,0.0,1.3191407789524456,6.1468788288
17585,1.3191375176328124,,0.0,1.3191375176328124,6.1795071745
17590,1.3191386999266752,,0.0,1.3191386999266752,6.210588837
17595,1.3191429484248818,,0.0,1.3191429484248818,6.1697097506
17600,1.319149224051186,,0.0,1.319149224051186,6.140656222
17605,1.3191567391086945,,0.0,1.3191567391086945,6.0438787429
17610,1.3191645663007656,,0.0,1.3191645663007656,6.0196533941
17615,1.3191710059786081,,0.0,1.3191710059786081,6.0602657412
17620,1.3191738821825767,,0.0,1.3191738821825767,6.0863142239
17625,1.319171415920323,,0.0,1.319171415920323,6.1110078134
17630,1.3191630197251596,,0.0,1.3191630197251596,6.2215747258
17635,1.3191494728107047,,0.0,1.3191494728107047,6.1470515066
17640,1.3191324370252815,,0.0,1.3191324370252815,6.1063116045
17645,1.3191140401734822,,0.0,1.3191140401734822,6.1610196821
17650,1.3190965692460312,,0.0,1.3190965692460312,6.3099507177
17655,1.3190823306952808,,0.0,1.3190823306952808,6.3467626721
17660,1.3190731354506087,,0.0,1.3190731354506087,6.2945232767
17665,1.3190698828637568,,0.0,1.3190698828637568,6.3139152481
17670,1.3190722984758776,,0.0,1.3190722984758776,6.5065238255
17675,1.319078962586205,,0.0,1.319078962586205,6.5050682527
17680,1.319087628125301,,0.0,1.319087628125301,6.3444495415
17685,1.319096013466865,,0.0,1.319096013466865,6.3217250708
17690,1.3191023916409748,,0.0,1.3191023916409748,6.2598954543
17695,1.3191058299865648,,0.0,1.3191058299865648,6.3118767457
17700,1.3191063061726653,,0.0,1.3191063061726653,6.4085364922
17705,1.3191047068261081,,0.0,1.3191047068261081,6.4327358868
17710,1.31910257203529,,0.0,1.31910257203529,6.3811270801
17715,1.3191014964061154,,0.0,1.3191014964061154,6.2790347622
17720,1.3191023614505015,,0.0,1.3191023614505015,6.2010298666
17725,1.319104885099605,,0.0,1.319104885099605,6.2423475189
17730,1.3191077786443826,,0.0,1.3191077786443826,6.2791481192
17735,1.3191093431845677,,0.0,1.3191093431845677,6.2430626054
17740,1.3191080910284527,,0.0,1.3191080910284527,6.292852688
17745,1.3191031059825025,,0.0,1.3191031059825025,6.2815153677
17750,1.3190941310534325,,0.0,1.3190941310534325,6.1622413339
17755,1.319081570693781,,0.0,1.319081570693781,6.1476099886
17760,1.3190664601124193,,0.0,1.3190664601124193,6.2479477919
17765,1.3190502004217646,,0.0,1.3190502004217646,6.3808633032
17770,1.319034103036092,,0.0,1.319034103036092,6.3662913443
17775,1.3190190362433918,,0.0,1.3190190362433918,6.3199018225
17780,1.3190053288952654,,0.0,1.3190053288952654,6.5349556742
17785,1.3189928910440631,,0.0,1.3189928910440631,6.6073339864
17790,1.3189814165434157,,0.0,1.3189814165434157,6.5202189169
17795,1.3189705159112681,,0.0,1.3189705159112681,6.4185369735
17800,1.3189597206962687,,0.0,1.3189597206962687,6.4421259943
17805,1.3189484476733662,,0.0,1.3189484476733662,6.47895666
17810,1.3189360586009864,,0.0,1.3189360586009864,6.5534002071
17815,1.318922114719235,,0.0,1.318922114719235,6.5908113956
17820,1.318906707348056,,0.0,1.318906707348056,6.5331692122
17825,1.31889059249682,,0.0,1.31889059249682,6.4303661252
17830,1.3188748640087895,,0.0,1.3188748640087895,6.2917251042
17835,1.3188603895481839,,0.0,1.3188603895481839,6.2397421922
17840,1.3188472801460833,,0.0,1.3188472801460833,6.2525948093
17845,1.3188348596356898,,0.0,1.3188348596356898,6.2282389381
17850,1.318822077588142,,0.0,1.318822077588142,6.2314057632
17855,1.3188080119464656,,0.0,1.3188080119464656,6.2608131065
17860,1.318792278717782,,0.0,1.318792278717782,6.1555766545
17865,1.3187751720720742,,0.0,1.3187751720720742,6.0673907248
17870,1.3187577421886967,,0.0,1.3187577421886967,6.0873814814
17875,1.3187416471733502,,0.0,1.3187416471733502,6.1886170177
17880,1.3187281883352349,,0.0,1.3187281883352349,6.1951743721
17885,1.318717402102525,,0.0,1.318717402102525,6.106991247
17890,1.318708190140814,,0.0,1.318708190140814,6.2019223154
17895,1.318699123392784,,0.0,1.318699123392784,6.3639256448
17900,1.3186892058223267,,0.0,1.3186892058223267,6.3033122452
17905,1.3186781805609114,,0.0,1.3186781805609114,6.2119603073
17910,1.3186663102157534,,0.0,1.3186663102157534,6.1885588131
17915,1.3186539784054696,,0.0,1.3186539784054696,6.2480907136
17920,1.3186411682882666,,0.0,1.3186411682882666,6.3070616543
17925,1.318627257840593,,0.0,1.318627257840593,6.4199442358
17930,1.3186114433970415,,0.0,1.3186114433970415,6.4627619644
17935,1.3185935464346068,,0.0,1.3185935464346068,6.4132921523
17940,1.3185746357209924,,0.0,1.3185746357209924,6.2787306694
17945,1.3185570024885591,,0.0,1.3185570024885591,6.1979015937
17950,1.3185435365394647,,0.0,1.3185435365394647,6.2096245322
17955,1.318536673321719,,0.0,1.318536673321719,6.211462674
17960,1.3185373295278726,,0.0,1.3185373295278726,6.2207418225
17965,1.3185441615571132,,0.0,1.3185441615571132,6.3031674584
17970,1.318553315508204,,0.0,1.318553315508204,6.2587656389
17975,1.3185593287768005,,0.0,1.3185593287768005,6.1301854242
17980,1.31855752520791,,0.0,1.31855752520791,6.0963520605
17985,1.3185458263995318,,0.0,1.3185458263995318,6.1805798164
17990,1.3185253360504954,,0.0,1.3185253360504954,6.2137462826
17995,1.3184987931353458,,0.0,1.3184987931353458,6.114977419
18000,1.3184689474822278,,0.0,1.3184689474822278,6.0752262604
18005,1.3184382331668567,,0.0,1.3184382331668567,6.2580306033
18010,1.3184085933578744,,0.0,1.3184085933578744,6.2230977014
18015,1.318381463974069,,0.0,1.318381463974069,6.088767186
18020,1.3183577494820977,,0.0,1.3183577494820977,6.0591612503
18025,1.3183377193506474,,0.0,1.3183377193506474,6.1366962819
18030,1.3183210684313804,,0.0,1.3183210684313804,6.2105738236
18035,1.3183071018443973,,0.0,1.3183071018443973,6.3270731498
18040,1.3182951807243524,,0.0,1.3182951807243524,6.3997670668
18045,1.318284997053567,,0.0,1.318284997053567,6.4028123493
18050,1.318276338251188,,0.0,1.318276338251188,6.2937675008
18055,1.318268879956759,,0.0,1.318268879956759,6.1653214671
18060,1.3182620420640796,,0.0,1.3182620420640796,6.1833148612
18065,1.3182550790431162,,0.0,1.3182550790431162,6.2172053801
18070,1.3182473031249482,,0.0,1.3182473031249482,6.2000279087
18075,1.3182382523454332,,0.0,1.3182382523454332,6.2709998041
18080,1.3182275853775678,,0.0,1.3182275853775678,6.2127093512
18085,1.3182150092989098,,0.0,1.3182150092989098,6.1097422901
18090,1.3182007331971985,,0.0,1.3182007331971985,6.0050560786
18095,1.31818592701565,,0.0,1.31818592701565,6.0020885825
18100,1.318172460692293,,0.0,1.318172460692293,6.0393350062
18105,1.3181620508424665,,0.0,1.3181620508424665,5.9165323171
18110,1.3181555779800542,,0.0,1.3181555779800542,5.9200699657
18115,1.3181528599641852,,0.0,1.3181528599641852,6.0779586068
18120,1.3181526976592028,,0.0,1.3181526976592028,6.1148477412
18125,1.3181534058877837,,0.0,1.3181534058877837,6.0360198625
18130,1.3181536739841764,,0.0,1.3181536739841764,5.9439103885
18135,1.3181530211463812,,0.0,1.3181530211463812,5.9646541888
18140,1.3181516025684012,,0.0,1.3181516025684012,6.0732867689
18145,1.318149582800791,,0.0,1.318149582800791,6.1880988745
18150,1.3181466477129242,,0.0,1.3181466477129242,6.2276475835
18155,1.3181420648739397,,0.0,1.3181420648739397,6.1409666912
18160,1.318135185812433,,0.0,1.318135185812433,6.0940398333
18165,1.3181259588802394,,0.0,1.3181259588802394,6.0218199619
18170,1.3181151163834657,,0.0,1.3181151163834657,5.9933818339
18175,1.3181039794672011,,0.0,1.3181039794672011,6.0010322721
18180,1.3180939431309149,,0.0,1.3180939431309149,5.9604336861
18185,1.3180859329246943,,0.0,1.3180859329246943,5.9432984962
18190,1.3180799686844284,,0.0,1.3180799686844284,5.9582948482
18195,1.3180752459961855,,0.0,1.3180752459961855,5.9437099325
18200,1.3180708108659627,,0.0,1.3180708108659627,5.8803316642
18205,1.3180663475413308,,0.0,1.3180663475413308,5.8017246446
18210,1.3180626035483878,,0.0,1.3180626035483878,5.7964650578
18215,1.3180609574190725,,0.0,1.3180609574190725,5.8350604008
18220,1.3180624912697683,,0.0,1.3180624912697683,5.8370819497
18225,1.3180674009642896,,0.0,1.3180674009642896,5.9500408365
18230,1.3180747362512533,,0.0,1.3180747362512533,6.0803795932
18235,1.3180826348026244,,0.0,1.3180826348026244,6.0362230331
18240,1.318089149831896,,0.0,1.318089149831896,5.8866191341
18245,1.3180931459527168,,0.0,1.3180931459527168,5.8787262594
18250,1.3180948945050839,,0.0,1.3180948945050839,6.0437597428
18255,1.3180956780850939,,0.0,1.3180956780850939,6.2244446855
18260,1.318097092296683,,0.0,1.318097092296683,6.2253997124
18265,1.3181000711732114,,0.0,1.3181000711732114,6.1643304446
18270,1.3181042771302964,,0.0,1.3181042771302964,6.1183777623
18275,1.3181083874010473,,0.0,1.3181083874010473,6.0584225401
18280,1.3181113148789185,,0.0,1.3181113148789185,6.002203115
18285,1.3181126499964582,,0.0,1.3181126499964582,5.9921642266
18290,1.3181125318543996,,0.0,1.3181125318543996,5.9687651751
18295,1.3181114975188064,,0.0,1.3181114975188064,5.8939356336
18300,1.318109806602797,,0.0,1.318109806602797,5.8873992144
18305,1.3181066257495078,,0.0,1.3181066257495078,5.8624684648
18310,1.3181008225666837,,0.0,1.3181008225666837,5.83640805
18315,1.3180921658851228,,0.0,1.3180921658851228,5.8703296908
18320,1.3180814553781042,,0.0,1.3180814553781042,5.8738474617
18325,1.318069843398525,,0.0,1.318069843398525,5.8867920514
18330,1.31805830103169,,0.0,1.31805830103169,5.9222972076
18335,1.3180480502432408,,0.0,1.3180480502432408,6.0374767383
18340,1.3180402569842637,,0.0,1.3180402569842637,6.1503109822
18345,1.3180357947824182,,0.0,1.3180357947824182,6.1775641606
18350,1.3180355596210873,,0.0,1.3180355596210873,6.06687207
18355,1.3180399674301795,,0.0,1.3180399674301795,6.0725025171
18360,1.318048749863794,,0.0,1.318048749863794,6.1987724191
18365,1.318061133197489,,0.0,1.318061133197489,6.4085477356
18370,1.3180761334962954,,0.0,1.3180761334962954,6.3988710572
18375,1.318092720541503,,0.0,1.318092720541503,6.2926236063
18380,1.318109668001079,,0.0,1.318109668001079,6.1402454242
18385,1.318125361807492,,0.0,1.318125361807492,6.0254977754
18390,1.3181378992124035,,0.0,1.3181378992124035,5.968081836
18395,1.3181453063576836,,0.0,1.3181453063576836,5.9221934556
18400,1.3181463621509686,,0.0,1.3181463621509686,5.9161924926
18405,1.31814121305348,,0.0,1.31814121305348,5.8410022192
18410,1.3181314091339362,,0.0,1.3181314091339362,5.8223900074
18415,1.318118965544049,,0.0,1.318118965544049,5.7954656486
18420,1.3181063858475242,,0.0,1.3181063858475242,5.7606054123
18425,1.3180967190326502,,0.0,1.3180967190326502,5.8314312143
18430,1.3180926060173113,,0.0,1.3180926060173113,5.8530979676
18435,1.3180954222145955,,0.0,1.3180954222145955,5.8738555511
18440,1.3181048589830533,,0.0,1.3181048589830533,5.9027043657
18445,1.3181192921500777,,0.0,1.3181192921500777,6.0272703637
18450,1.3181367656973628,,0.0,1.3181367656973628,6.1719141146
18455,1.3181553617813349,,0.0,1.3181553617813349,6.2526285766
18460,1.3181739782002122,,0.0,1.3181739782002122,6.184791631
18465,1.3181928860444843,,0.0,1.3181928860444843,6.1305072958
18470,1.3182129155521647,,0.0,1.3182129155521647,6.1661030715
18475,1.318234479035295,,0.0,1.318234479035295,6.2916278307
18480,1.3182572933022463,,0.0,1.3182572933022463,6.3489427264
18485,1.3182805916148013,,0.0,1.3182805916148013,6.2582845356
18490,1.3183036605047107,,0.0,1.3183036605047107,6.1487112617
18495,1.318325956169194,,0.0,1.318325956169194,6.0517941374
18500,1.318346825021932,,0.0,1.318346825021932,5.9851007301
18505,1.318365452044901,,0.0,1.318365452044901,5.9406791497
18510,1.3183811191539534,,0.0,1.3183811191539534,5.9710441415
18515,1.318393691115729,,0.0,1.318393691115729,5.9115900405
18520,1.318403705994323,,0.0,1.318403705994323,5.907676076
18525,1.318412052287878,,0.0,1.318412052287878,5.9195188063
18530,1.3184195642265362,,0.0,1.3184195642265362,5.8695496065
18535,1.3184270714245419,,0.0,1.3184270714245419,5.9208141564
18540,1.3184357674036193,,0.0,1.3184357674036193,5.9223573297
18545,1.3184472757126064,,0.0,1.3184472757126064,5.9569757477
18550,1.3184629476870653,,0.0,1.3184629476870653,5.9675963638
18555,1.3184833023037263,,0.0,1.3184833023037263,6.0420658106
18560,1.3185077767971973,,0.0,1.3185077767971973,6.160381321
18565,1.3185349232723036,,0.0,1.3185349232723036,6.2271334894
18570,1.3185629564989956,,0.0,1.3185629564989956,6.1920416562
18575,1.318590553585628,,0.0,1.318590553585628,6.1464661625
18580,1.3186174131264843,,0.0,1.3186174131264843,6.1441556561
18585,1.318644347769262,,0.0,1.318644347769262,6.2474361953
18590,1.3186725003855526,,0.0,1.3186725003855526,6.3407343934
18595,1.3187024282515711,,0.0,1.3187024282515711,6.3088687122
18600,1.3187338378211044,,0.0,1.3187338378211044,6.2022180296
18605,1.3187658223819232,,0.0,1.3187658223819232,6.1468230283
18610,1.318797153481177,,0.0,1.318797153481177,6.0905769011
18615,1.318826610775026,,0.0,1.318826610775026,6.0106479365
18620,1.3188531606764007,,0.0,1.3188531606764007,6.0652454393
18625,1.3188761125470378,,0.0,1.3188761125470378,6.0244464782
18630,1.3188952882381941,,0.0,1.3188952882381941,5.9633867656
18635,1.3189109318934902,,0.0,1.3189109318934902,5.9790087302
18640,1.318923603159467,,0.0,1.318923603159467,5.9612663418
18645,1.3189340167519144,,0.0,1.3189340167519144,5.9812476665
18650,1.318943023992276,,0.0,1.318943023992276,6.0101916012
18655,1.318951607318472,,0.0,1.318951607318472,6.0511770436
18660,1.3189607151105749,,0.0,1.3189607151105749,6.0781133335
18665,1.3189709645267298,,0.0,1.3189709645267298,6.1260267727
18670,1.3189821797885202,,0.0,1.3189821797885202,6.1449465036
18675,1.3189929683915567,,0.0,1.3189929683915567,6.2135702179
18680,1.3190006176843925,,0.0,1.3190006176843925,6.1991295562
18685,1.319002384825109,,0.0,1.319002384825109,6.0729863278
18690,1.3189977206465024,,0.0,1.3189977206465024,6.0440485219
18695,1.3189873906392495,,0.0,1.3189873906392495,6.165371283
18700,1.3189728891070216,,0.0,1.3189728891070216,6.2633106182
18705,1.3189561140575032,,0.0,1.3189561140575032,6.2988574751
18710,1.3189390603075009,,0.0,1.3189390603075009,6.1710110187
18715,1.3189234973680568,,0.0,1.3189234973680568,6.0682429466
18720,1.3189103088719063,,0.0,1.3189103088719063,5.9671353955
18725,1.3188994714900473,,0.0,1.3188994714900473,5.8899712771
18730,1.318890331261899,,0.0,1.318890331261899,5.8832629679
18735,1.3188821314295653,,0.0,1.3188821314295653,5.9083530887
18740,1.3188748587691204,,0.0,1.3188748587691204,5.8621734341
18745,1.3188687726441752,,0.0,1.3188687726441752,5.8773156734
18750,1.3188639996800617,,0.0,1.3188639996800617,5.7880060172
18755,1.3188603135729846,,0.0,1.3188603135729846,5.7233782721
18760,1.3188574039349383,,0.0,1.3188574039349383,5.7384029906
18765,1.3188552762550994,,0.0,1.3188552762550994,5.7936916168
18770,1.3188543292473214,,0.0,1.3188543292473214,5.7967916918
18775,1.318855115821428,,0.0,1.318855115821428,5.7406173586
18780,1.318857915800689,,0.0,1.318857915800689,5.7647639181
18785,1.3188625134854022,,0.0,1.3188625134854022,5.8387733108
18790,1.3188682439366317,,0.0,1.3188682439366317,5.8626118449
18795,1.3188745168183473,,0.0,1.3188745168183473,5.8002359412
18800,1.3188821056054827,,0.0,1.3188821056054827,5.7180270391
18805,1.3188918904376612,,0.0,1.3188918904376612,5.7435976387
18810,1.318904332655254,,0.0,1.318904332655254,5.8416023448
18815,1.3189189057962907,,0.0,1.3189189057962907,5.9059657422
18820,1.3189345842579587,,0.0,1.3189345842579587,5.8449047129
18825,1.318950246875866,,0.0,1.318950246875866,5.7300674275
18830,1.3189649929259764,,0.0,1.3189649929259764,5.630714979
18835,1.318978349216286,,0.0,1.318978349216286,5.5771669182
18840,1.3189902040919455,,0.0,1.3189902040919455,5.6040657928
18845,1.3190007965816595,,0.0,1.3190007965816595,5.6594980663
18850,1.3190109439490247,,0.0,1.3190109439490247,5.6369841267
18855,1.3190213948429246,,0.0,1.3190213948429246,5.6107918559
18860,1.3190327104069484,,0.0,1.3190327104069484,5.5949675957
18865,1.3190451653494517,,0.0,1.3190451653494517,5.5625874349
18870,1.3190588289089165,,0.0,1.3190588289089165,5.5208741506
18875,1.3190739287614321,,0.0,1.3190739287614321,5.6004949468
18880,1.3190907776653313,,0.0,1.3190907776653313,5.6454132057
18885,1.3191093856009353,,0.0,1.3191093856009353,5.5872166098
18890,1.3191292016544847,,0.0,1.3191292016544847,5.5441987659
18895,1.3191490785879967,,0.0,1.3191490785879967,5.6625781357
18900,1.3191676235228196,,0.0,1.3191676235228196,5.696522221
18905,1.3191838487813643,,0.0,1.3191838487813643,5.5901637612
18910,1.319197338433723,,0.0,1.319197338433723,5.5578014896
18915,1.3192085614302627,,0.0,1.3192085614302627,5.5690910069
18920,1.319218309959021,,0.0,1.319218309959021,5.597620637
18925,1.3192270572120015,,0.0,1.3192270572120015,5.6039828265
18930,1.3192349678645128,,0.0,1.3192349678645128,5.6473821427
18935,1.3192420864537409,,0.0,1.3192420864537409,5.6160188036
18940,1.319248588758102,,0.0,1.319248588758102,5.582805913
18945,1.3192548789806267,,0.0,1.3192548789806267,5.4681642512
18950,1.3192614642464122,,0.0,1.3192614642464122,5.4598563608
18955,1.3192689044515082,,0.0,1.3192689044515082,5.6049616413
18960,1.3192776798988974,,0.0,1.3192776798988974,5.5859726255
18965,1.3192880167676215,,0.0,1.3192880167676215,5.5127138986
18970,1.31929979716513,,0.0,1.31929979716513,5.5612375664
18975,1.3193126576829575,,0.0,1.3193126576829575,5.5701967937
18980,1.3193262667249148,,0.0,1.3193262667249148,5.5416484681
18985,1.3193405042776332,,0.0,1.3193405042776332,5.577389296
18990,1.3193554237358336,,0.0,1.3193554237358336,5.7146850997
18995,1.3193709894198662,,0.0,1.3193709894198662,5.7398676437
19000,1.3193864672770674,,0.0,1.3193864672770674,5.6738695924
19005,1.3194005609883988,,0.0,1.3194005609883988,5.7085461136
19010,1.3194118769266847,,0.0,1.3194118769266847,5.82764417
19015,1.3194189388775868,,0.0,1.3194189388775868,5.7358859023
19020,1.319420733713696,,0.0,1.319420733713696,5.6009465546
19025,1.3194169682630612,,0.0,1.3194169682630612,5.5979733904
19030,1.319407974246626,,0.0,1.319407974246626,5.6374246227
19035,1.3193936882893473,,0.0,1.3193936882893473,5.679894592
19040,1.319374426892178,,0.0,1.319374426892178,5.6995048374
19045,1.3193519472155129,,0.0,1.3193519472155129,5.6804047057
19050,1.319329284399944,,0.0,1.319329284399944,5.646054484
19055,1.3193103801735386,,0.0,1.3193103801735386,5.5406293309
19060,1.319298391811076,,0.0,1.319298391811076,5.4674760539
19065,1.3192953281018132,,0.0,1.3192953281018132,5.4827036057
19070,1.3193016049756574,,0.0,1.3193016049756574,5.5347358183
19075,1.3193155181679195,,0.0,1.3193155181679195,5.4910628211
19080,1.3193333547494077,,0.0,1.3193333547494077,5.5256520821
19085,1.3193507554403443,,0.0,1.3193507554403443,5.5548643041
19090,1.319364193943554,,0.0,1.319364193943554,5.5068971527
19095,1.3193721718384832,,0.0,1.3193721718384832,5.4873062791
19100,1.3193750600188376,,0.0,1.3193750600188376,5.6334623395
19105,1.3193746444631917,,0.0,1.3193746444631917,5.7401319331
19110,1.3193727974799017,,0.0,1.3193727974799017,5.7457930713
19115,1.319370620023208,,0.0,1.319370620023208,5.7145266617
19120,1.319368122447695,,0.0,1.319368122447695,5.8860101728
19125,1.3193643916786784,,0.0,1.3193643916786784,5.9617474963
19130,1.3193581215415513,,0.0,1.3193581215415513,5.8182731021
19135,1.31934936929841,,0.0,1.31934936929841,5.7749764608
19140,1.3193393914717602,,0.0,1.3193393914717602,5.8343032522
19145,1.3193293802110326,,0.0,1.3193293802110326,5.8746683948
19150,1.319320009312698,,0.0,1.319320009312698,5.8874468025
19155,1.3193116414366972,,0.0,1.3193116414366972,5.8715866747
19160,1.319304567758917,,0.0,1.319304567758917,5.8218352245
19165,1.319298569336049,,0.0,1.319298569336049,5.7452745111
19170,1.3192935885317354,,0.0,1.3192935885317354,5.6381225181
19175,1.3192903418083228,,0.0,1.3192903418083228,5.6374682668
19180,1.3192895448796327,,0.0,1.3192895448796327,5.6486606996
19185,1.319291135119146,,0.0,1.319291135119146,5.6296804825
19190,1.3192940779417623,,0.0,1.3192940779417623,5.6750690536
19195,1.3192968890241317,,0.0,1.3192968890241317,5.7363552899
19200,1.3192977534447476,,0.0,1.3192977534447476,5.6921883927
19205,1.3192950245752786,,0.0,1.3192950245752786,5.6109635793
19210,1.3192879421647168,,0.0,1.3192879421647168,5.7275063882
19215,1.3192767265286642,,0.0,1.3192767265286642,5.888113232
19220,1.3192620610696517,,0.0,1.3192620610696517,5.92688856
19225,1.3192447176408109,,0.0,1.3192447176408109,5.8692030752
19230,1.3192252152188721,,0.0,1.3192252152188721,5.9804411618
19235,1.319204433444441,,0.0,1.319204433444441,6.1582121701
19240,1.3191840845664655,,0.0,1.3191840845664655,6.0618958804
19245,1.3191664099156972,,0.0,1.3191664099156972,5.972527763
19250,1.3191532432515007,,0.0,1.3191532432515007,5.9929645655
19255,1.3191450210881972,,0.0,1.3191450210881972,6.0121915564
19260,1.3191402356486814,,0.0,1.3191402356486814,6.0455027915
19265,1.3191364420036378,,0.0,1.3191364420036378,6.080716894
19270,1.3191311747640906,,0.0,1.3191311747640906,6.0862576831
19275,1.3191234257927913,,0.0,1.3191234257927913,6.082847871
19280,1.3191141076654078,,0.0,1.3191141076654078,5.9576996992
19285,1.3191051766497535,,0.0,1.3191051766497535,5.8795148935
19290,1.3190984278314455,,0.0,1.3190984278314455,5.9017919399
19295,1.3190946219605078,,0.0,1.3190946219605078,5.9251125918
19300,1.3190932209728448,,0.0,1.3190932209728448,5.9820425278
19305,1.3190927548918199,,0.0,1.3190927548918199,6.0818292799
19310,1.3190914931296451,,0.0,1.3190914931296451,6.0569387423
19315,1.3190881263928635,,0.0,1.3190881263928635,5.9468159728
19320,1.3190821753765238,,0.0,1.3190821753765238,5.9880916931
19325,1.3190739317555287,,0.0,1.3190739317555287,6.1331265005
19330,1.3190639303503686,,0.0,1.3190639303503686,6.206964148
19335,1.3190524163026967,,0.0,1.3190524163026967,6.1222511317
19340,1.3190392889360167,,0.0,1.3190392889360167,6.1231183076
19345,1.3190245279154238,,0.0,1.3190245279154238,6.3064361522
19350,1.3190085959535838,,0.0,1.3190085959535838,6.3570765652
19355,1.3189924818508723,,0.0,1.3189924818508723,6.2018698253
19360,1.3189773701467244,,0.0,1.3189773701467244,6.1994527363
19365,1.3189640648808096,,0.0,1.3189640648808096,6.2506933078
19370,1.3189524363089458,,0.0,1.3189524363089458,6.2740662918
19375,1.3189419081923064,,0.0,1.3189419081923064,6.3365831672
19380,1.3189318391704667,,0.0,1.3189318391704667,6.3736466423
19385,1.3189213560900295,,0.0,1.3189213560900295,6.348414905
19390,1.31891038809071,,0.0,1.31891038809071,6.2734136908
19395,1.3189002018000902,,0.0,1.3189002018000902,6.1728599725
19400,1.318892346164102,,0.0,1.318892346164102,6.1721485839
19405,1.3188875446313177,,0.0,1.3188875446313177,6.2223744386
19410,1.3188852712387817,,0.0,1.3188852712387817,6.2049054882
19415,1.3188840432849467,,0.0,1.3188840432849467,6.2616127191
19420,1.3188820542068258,,0.0,1.3188820542068258,6.2580758932
19425,1.318877815065171,,0.0,1.318877815065171,6.1805189705
19430,1.3188707281634644,,0.0,1.3188707281634644,6.1135111695
19435,1.3188615607389391,,0.0,1.3188615607389391,6.2242458847
19440,1.318852203937809,,0.0,1.318852203937809,6.3447196914
19445,1.318844618020016,,0.0,1.318844618020016,6.2531319659
19450,1.3188400078599005,,0.0,1.3188400078599005,6.1635280956
19455,1.3188385830442195,,0.0,1.3188385830442195,6.3083850621
19460,1.318839750617108,,0.0,1.318839750617108,6.3639752736
19465,1.3188423745684448,,0.0,1.3188423745684448,6.2454433894
19470,1.3188450839762864,,0.0,1.3188450839762864,6.1595109063
19475,1.3188465230139261,,0.0,1.3188465230139261,6.2331749624
19480,1.3188455722635273,,0.0,1.3188455722635273,6.2450318213
19485,1.3188413358664608,,0.0,1.3188413358664608,6.2566594183
19490,1.3188331395272397,,0.0,1.3188331395272397,6.3722538263
19495,1.3188207137771777,,0.0,1.3188207137771777,6.3864481165
19500,1.3188044408625965,,0.0,1.3188044408625965,6.3004275277
19505,1.31878536909154,,0.0,1.31878536909154,6.1853252969
19510,1.3187648998259336,,0.0,1.3187648998259336,6.1187806715
19515,1.318744322772852,,0.0,1.318744322772852,6.1918886646
19520,1.3187245155768381,,0.0,1.3187245155768381,6.1713520477
19525,1.3187060708194946,,0.0,1.3187060708194946,6.1560085225
19530,1.3186891750080834,,0.0,1.3186891750080834,6.1938128995
19535,1.3186734110899103,,0.0,1.3186734110899103,6.127252554
19540,1.3186578885707694,,0.0,1.3186578885707694,6.0035425241
19545,1.3186419014676516,,0.0,1.3186419014676516,6.0354566483
19550,1.318625653254367,,0.0,1.318625653254367,6.1242748749
19555,1.3186103312149386,,0.0,1.3186103312149386,6.1347441174
19560,1.3185976074275187,,0.0,1.3185976074275187,6.0118272846
19565,1.3185889402666202,,0.0,1.3185889402666202,6.1025519466
19570,1.3185846771721932,,0.0,1.3185846771721932,6.2085150948
19575,1.31858301993977,,0.0,1.31858301993977,6.119493824
19580,1.3185800080034256,,0.0,1.3185800080034256,6.0377296936
19585,1.3185709990165078,,0.0,1.3185709990165078,6.0321932112
19590,1.3185524146594139,,0.0,1.3185524146594139,6.085646475
19595,1.3185231503600365,,0.0,1.3185231503600365,6.1455918008
19600,1.3184847115251546,,0.0,1.3184847115251546,6.2832103739
19605,1.3184412213999368,,0.0,1.3184412213999368,6.345683025
19610,1.3183977750633809,,0.0,1.3183977750633809,6.2843010402
19615,1.3183590985720877,,0.0,1.3183590985720877,6.1962479321
19620,1.3183280174798935,,0.0,1.3183280174798935,6.095887687
19625,1.3183053337056487,,0.0,1.3183053337056487,6.1175864205
19630,1.3182890727674537,,0.0,1.3182890727674537,6.1117752026
19635,1.3182761477517968,,0.0,1.3182761477517968,6.1058219427
19640,1.3182640512275976,,0.0,1.3182640512275976,6.1693128013
19645,1.3182516249785194,,0.0,1.3182516249785194,6.1173712425
19650,1.3182389240210857,,0.0,1.3182389240210857,6.0142033109
19655,1.318226635500447,,0.0,1.318226635500447,5.9529588796
19660,1.3182155004554927,,0.0,1.3182155004554927,5.9696943726
19665,1.3182056446382762,,0.0,1.3182056446382762,5.940691129
19670,1.3181961113102052,,0.0,1.3181961113102052,5.8989458547
19675,1.3181857477441208,,0.0,1.3181857477441208,5.9476886951
19680,1.318173976453656,,0.0,1.318173976453656,6.1042549331
19685,1.3181607053703432,,0.0,1.3181607053703432,6.0955419662
19690,1.3181467762095664,,0.0,1.3181467762095664,5.9605173279
19695,1.3181346759427468,,0.0,1.3181346759427468,5.8862489817
19700,1.3181275191787878,,0.0,1.3181275191787878,5.989829844
19705,1.3181275226719005,,0.0,1.3181275226719005,6.1621101468
19710,1.3181346476235838,,0.0,1.3181346476235838,6.2383279139
19715,1.3181462965303534,,0.0,1.3181462965303534,6.2291370877
19720,1.3181584350966578,,0.0,1.3181584350966578,6.1901660231
19725,1.3181673888175438,,0.0,1.3181673888175438,6.139955887
19730,1.3181712245046928,,0.0,1.3181712245046928,6.0493966721
19735,1.3181700474504987,,0.0,1.3181700474504987,5.9864172647
19740,1.318165364683543,,0.0,1.318165364683543,5.9693687047
19745,1.318159325590864,,0.0,1.318159325590864,5.9410155247
19750,1.318153689204167,,0.0,1.318153689204167,5.9589456743
19755,1.3181489532919979,,0.0,1.3181489532919979,6.0081419614
19760,1.318144241706863,,0.0,1.318144241706863,5.9359315913
19765,1.318138017479216,,0.0,1.318138017479216,5.910741752
19770,1.3181293117693247,,0.0,1.3181293117693247,5.9000231632
19775,1.3181184906054886,,0.0,1.3181184906054886,5.9010148097
19780,1.318107113288224,,0.0,1.318107113288224,5.8907638744
19785,1.318097687373366,,0.0,1.318097687373366,5.9044143282
19790,1.3180927799244173,,0.0,1.3180927799244173,6.0571274742
19795,1.318093723938099,,0.0,1.318093723938099,6.1217443467
19800,1.3180996914219696,,0.0,1.3180996914219696,6.0044422096
19805,1.318108312049618,,0.0,1.318108312049618,5.9136570044
19810,1.318116831127493,,0.0,1.318116831127493,5.9934556323
19815,1.3181229499379918,,0.0,1.3181229499379918,6.1965182072
19820,1.3181257919593585,,0.0,1.3181257919593585,6.2856655565
19825,1.3181262761297166,,0.0,1.3181262761297166,6.247787378
19830,1.3181263442454123,,0.0,1.3181263442454123,6.182406327
19835,1.3181276309583914,,0.0,1.3181276309583914,6.1248793943
19840,1.3181303043123207,,0.0,1.3181303043123207,6.0304662545
19845,1.3181329091762923,,0.0,1.3181329091762923,5.9628356886
19850,1.3181333708909264,,0.0,1.3181333708909264,5.9877681826
19855,1.3181304074838966,,0.0,1.3181304074838966,5.9324206019
19860,1.3181243889756313,,0.0,1.3181243889756313,5.9024412128
19865,1.318116986321496,,0.0,1.318116986321496,5.9362144795
19870,1.3181097090451523,,0.0,1.3181097090451523,5.9081401066
19875,1.318103563163031,,0.0,1.318103563163031,5.88273321
19880,1.3180991469954193,,0.0,1.3180991469954193,5.8476515211
19885,1.3180959106265902,,0.0,1.3180959106265902,5.8578720453
19890,1.3180921539087367,,0.0,1.3180921539087367,5.9299137624
19895,1.3180865962418271,,0.0,1.3180865962418271,6.015781773
19900,1.3180794341134456,,0.0,1.3180794341134456,6.1309807311
19905,1.3180719562326353,,0.0,1.3180719562326353,6.2594009581
19910,1.3180654229892765,,0.0,1.3180654229892765,6.217135497
19915,1.3180612338739843,,0.0,1.3180612338739843,6.1202571159
19920,1.31805993892724,,0.0,1.31805993892724,6.1739861949
19925,1.3180607104061097,,0.0,1.3180607104061097,6.3820030267
19930,1.3180618353131228,,0.0,1.3180618353131228,6.4928961998
19935,1.3180617830411876,,0.0,1.3180617830411876,6.4345056627
19940,1.3180602906088268,,0.0,1.3180602906088268,6.2837115326
19945,1.3180585446762942,,0.0,1.3180585446762942,6.169923041
19950,1.318058296166283,,0.0,1.318058296166283,6.0645414806
19955,1.3180606239515726,,0.0,1.3180606239515726,5.9437607823
19960,1.3180650313864029,,0.0,1.3180650313864029,5.9732898545
19965,1.3180693452557166,,0.0,1.3180693452557166,5.8975547587
19970,1.3180706443193437,,0.0,1.3180706443193437,5.8337893156
19975,1.318066416904567,,0.0,1.318066416904567,5.8539972776
19980,1.3180554536459004,,0.0,1.3180554536459004,5.8101478636
19985,1.3180382903618668,,0.0,1.3180382903618668,5.7947905489
19990,1.3180177995138145,,0.0,1.3180177995138145,5.8021304633
19995,1.317998866593984,,0.0,1.317998866593984,5.8626405517
20000,1.31798683444286,,0.0,1.31798683444286,5.9147172867
20005,1.3179850603159184,,0.0,1.3179850603159184,5.9932295924
20010,1.317993767023842,,0.0,1.317993767023842,6.1469553117
20015,1.3180104372799821,,0.0,1.3180104372799821,6.3239594222
20020,1.318031560880432,,0.0,1.318031560880432,6.3408433339
20025,1.3180544035913002,,0.0,1.3180544035913002,6.2791307984
20030,1.3180780295079162,,0.0,1.3180780295079162,6.2552060892
20035,1.3181026902591415,,0.0,1.3181026902591415,6.3244853902
20040,1.3181286876249545,,0.0,1.3181286876249545,6.3906410688
20045,1.3181552899230184,,0.0,1.3181552899230184,6.4188757206
20050,1.318181164655628,,0.0,1.318181164655628,6.284072051
20055,1.318204865050395,,0.0,1.318204865050395,6.1891694325
20060,1.3182258187358677,,0.0,1.3182258187358677,6.096666541
20065,1.3182442293106094,,0.0,1.3182442293106094,5.9913283767
20070,1.31826082234401,,0.0,1.31826082234401,5.9835246308
20075,1.3182766365380536,,0.0,1.3182766365380536,5.9370910582
20080,1.3182927077253819,,0.0,1.3182927077253819,5.8683464604
20085,1.3183096142656388,,0.0,1.3183096142656388,5.9009598695
20090,1.3183270768345703,,0.0,1.3183270768345703,5.904817067
20095,1.3183439686538527,,0.0,1.3183439686538527,5.8952323063
20100,1.3183593740289674,,0.0,1.3183593740289674,5.9423874779
20105,1.3183738531054716,,0.0,1.3183738531054716,5.9185716615
20110,1.318389140213774,,0.0,1.318389140213774,5.939598461
20115,1.3184072450164084,,0.0,1.3184072450164084,5.9695816908
20120,1.3184294650799548,,0.0,1.3184294650799548,6.0462134966
20125,1.3184557270490476,,0.0,1.3184557270490476,6.1791564653
20130,1.3184845815314639,,0.0,1.3184845815314639,6.2621544646
20135,1.3185138966057282,,0.0,1.3185138966057282,6.2738330182
20140,1.3185421447835997,,0.0,1.3185421447835997,6.2603068235
20145,1.3185693117183652,,0.0,1.3185693117183652,6.3428334024
20150,1.3185965952981413,,0.0,1.3185965952981413,6.4211974811
20155,1.3186251260438717,,0.0,1.3186251260438717,6.5291152242
20160,1.3186550278362994,,0.0,1.3186550278362994,6.4273456991
20165,1.3186852884212934,,0.0,1.3186852884212934,6.3217984222
20170,1.3187142399623388,,0.0,1.3187142399623388,6.2494651623
20175,1.3187402595343676,,0.0,1.3187402595343676,6.1735536013
20180,1.318762365447984,,0.0,1.318762365447984,6.1363778388
20185,1.3187804938291288,,0.0,1.3187804938291288,6.1546812338
20190,1.3187954091704468,,0.0,1.3187954091704468,6.0842578242
20195,1.318808262826803,,0.0,1.318808262826803,6.0643448472
20200,1.318820098864605,,0.0,1.318820098864605,6.0726051256
20205,1.3188314184207575,,0.0,1.3188314184207575,6.0964576667
20210,1.318842225861651,,0.0,1.318842225861651,6.1582411214
20215,1.3188522996241434,,0.0,1.3188522996241434,6.1490836557
20220,1.3188613857090468,,0.0,1.3188613857090468,6.1472164706
20225,1.3188691994276833,,0.0,1.3188691994276833,6.1987120617
20230,1.318875502499872,,0.0,1.318875502499872,6.2583327112
20235,1.3188801159035919,,0.0,1.3188801159035919,6.3011771163
20240,1.3188829813787146,,0.0,1.3188829813787146,6.3701571089
20245,1.3188842374022043,,0.0,1.3188842374022043,6.3239048003
20250,1.3188846366150737,,0.0,1.3188846366150737,6.2512598255
20255,1.3188857450545557,,0.0,1.3188857450545557,6.2991359589
20260,1.3188889002085167,,0.0,1.3188889002085167,6.385902162
20265,1.3188939335342733,,0.0,1.3188939335342733,6.4707588954
20270,1.3188990669127554,,0.0,1.3188990669127554,6.4190741621
20275,1.3189016757688556,,0.0,1.3189016757688556,6.2988242949
20280,1.31889941634877,,0.0,1.31889941634877,6.220830623
20285,1.3188910839029113,,0.0,1.3188910839029113,6.156066158
20290,1.3188770299881127,,0.0,1.3188770299881127,6.0905953962
20295,1.3188590498147459,,0.0,1.3188590498147459,6.1068566641
20300,1.3188398305844358,,0.0,1.3188398305844358,6.0440420414
20305,1.3188220808317466,,0.0,1.3188220808317466,6.0012494638
20310,1.3188077591948177,,0.0,1.3188077591948177,6.0211155369
20315,1.3187975655437105,,0.0,1.3187975655437105,5.9258108893
20320,1.3187908474148917,,0.0,1.3187908474148917,5.8932971968
20325,1.31878625721542,,0.0,1.31878625721542,5.9073921783
20330,1.318782645586494,,0.0,1.318782645586494,5.9540294419
20335,1.3187796649634094,,0.0,1.3187796649634094,5.9387993139
20340,1.318777680251679,,0.0,1.318777680251679,5.9340758388
20345,1.3187772031923004,,0.0,1.3187772031923004,5.9673498521
20350,1.318778350056021,,0.0,1.318778350056021,6.0376516756
20355,1.3187808471325182,,0.0,1.3187808471325182,6.0255411402
20360,1.3187843285182457,,0.0,1.3187843285182457,5.9390848144
20365,1.318788713372598,,0.0,1.318788713372598,5.8669806159
20370,1.3187942121556093,,0.0,1.3187942121556093,5.9757279934
20375,1.318800636987723,,0.0,1.318800636987723,6.05272813
20380,1.3188073083337835,,0.0,1.3188073083337835,6.062101531
20385,1.3188135698628831,,0.0,1.3188135698628831,5.9336747897
20390,1.3188190853629334,,0.0,1.3188190853629334,5.844545312
20395,1.3188239254447103,,0.0,1.3188239254447103,5.7454147921
20400,1.3188285539436666,,0.0,1.3188285539436666,5.7022778537
20405,1.3188337535665342,,0.0,1.3188337535665342,5.7298598858
20410,1.3188403393313362,,0.0,1.3188403393313362,5.7418238198
20415,1.3188489199129436,,0.0,1.3188489199129436,5.7102660435
20420,1.3188597816218366,,0.0,1.3188597816218366,5.7290137304
20425,1.3188725450810352,,0.0,1.3188725450810352,5.6917903681
20430,1.3188860891261476,,0.0,1.3188860891261476,5.6201038619
20435,1.3188989846998551,,0.0,1.3188989846998551,5.6216800391
20440,1.318910418031675,,0.0,1.318910418031675,5.7024718198
20445,1.3189207272050063,,0.0,1.3189207272050063,5.6827279132
20450,1.3189306475200522,,0.0,1.3189306475200522,5.6154742865
20455,1.3189411637850592,,0.0,1.3189411637850592,5.638395083
20460,1.318953159508009,,0.0,1.318953159508009,5.7356262162
20465,1.318967464552653,,0.0,1.318967464552653,5.6929279819
20470,1.3189842933711544,,0.0,1.3189842933711544,5.6017238642
20475,1.3190036333633572,,0.0,1.3190036333633572,5.5815263339
20480,1.319025476295496,,0.0,1.319025476295496,5.5578430734
20485,1.3190495519503602,,0.0,1.3190495519503602,5.6135683059
20490,1.3190749161895132,,0.0,1.3190749161895132,5.6324789788
20495,1.3190996465534828,,0.0,1.3190996465534828,5.6073469119
20500,1.3191218726052218,,0.0,1.3191218726052218,5.5762963325
20505,1.3191404855309867,,0.0,1.3191404855309867,5.4700790274
20510,1.3191555110301056,,0.0,1.3191555110301056,5.3824664817
20515,1.3191680196168383,,0.0,1.3191680196168383,5.4656607521
20520,1.3191792618254972,,0.0,1.3191792618254972,5.5617525747
20525,1.319190340606388,,0.0,1.319190340606388,5.5089153804
20530,1.3192017892829526,,0.0,1.3192017892829526,5.4675503256
20535,1.3192134408095566,,0.0,1.3192134408095566,5.4903194433
20540,1.3192246609367537,,0.0,1.3192246609367537,5.4901613797
20545,1.3192347832285607,,0.0,1.3192347832285607,5.4595905976
20550,1.3192436173103403,,0.0,1.3192436173103403,5.5561362122
20555,1.3192514642135464,,0.0,1.3192514642135464,5.6122509719
20560,1.3192583285540787,,0.0,1.3192583285540787,5.5858990509
20565,1.3192640042382926,,0.0,1.3192640042382926,5.538863846
20570,1.3192681963476813,,0.0,1.3192681963476813,5.6750074752
20575,1.3192708340219608,,0.0,1.3192708340219608,5.6804333816
20580,1.3192724246357364,,0.0,1.3192724246357364,5.5229735153
20585,1.3192734286561025,,0.0,1.3192734286561025,5.4834239056
20590,1.3192745233726422,,0.0,1.3192745233726422,5.5145844359
20595,1.3192763392921811,,0.0,1.3192763392921811,5.5585734116
20600,1.3192788739196386,,0.0,1.3192788739196386,5.5654970641
20605,1.3192811827423168,,0.0,1.3192811827423168,5.5910336203
20610,1.3192822891857345,,0.0,1.3192822891857345,5.5860179685
20615,1.3192816818831574,,0.0,1.3192816818831574,5.5124012966
20620,1.319279442673223,,0.0,1.319279442673223,5.4000962409
20625,1.319276009567302,,0.0,1.319276009567302,5.384237564
20630,1.319272393197723,,0.0,1.319272393197723,5.4344888492
20635,1.3192698333699533,,0.0,1.3192698333699533,5.4429986647
20640,1.319268996395222,,0.0,1.319268996395222,5.4153633861
20645,1.3192694828111524,,0.0,1.3192694828111524,5.486430147
20650,1.319270057178668,,0.0,1.319270057178668,5.4645668525
20655,1.3192694277946289,,0.0,1.3192694277946289,5.4154528719
20660,1.3192671166016243,,0.0,1.3192671166016243,5.4731031926
20665,1.3192637909089155,,0.0,1.3192637909089155,5.6196713428
20670,1.319260361545615,,0.0,1.319260361545615,5.6675851883
20675,1.3192574813495177,,0.0,1.3192574813495177,5.5903949393
20680,1.3192550702285417,,0.0,1.3192550702285417,5.6784581736
20685,1.3192520269789383,,0.0,1.3192520269789383,5.8250834934
20690,1.3192464383730313,,0.0,1.3192464383730313,5.7471887759
20695,1.3192379254081035,,0.0,1.3192379254081035,5.6275057866
20700,1.319227764068288,,0.0,1.319227764068288,5.6503648685
20705,1.3192171962798698,,0.0,1.3192171962798698,5.7152302315
20710,1.3192066781435523,,0.0,1.3192066781435523,5.7472976167
20715,1.3191963649780922,,0.0,1.3191963649780922,5.7487023944
20720,1.3191864804674507,,0.0,1.3191864804674507,5.7122169501
20725,1.319177305807192,,0.0,1.319177305807192,5.7007616649
20730,1.3191690422255535,,0.0,1.3191690422255535,5.6081769768
20735,1.3191620447724803,,0.0,1.3191620447724803,5.5352036832
20740,1.3191582169448348,,0.0,1.3191582169448348,5.5450163795
20745,1.3191598710584076,,0.0,1.3191598710584076,5.5552251105
20750,1.319168058165831,,0.0,1.319168058165831,5.5268960089
20755,1.3191817733734605,,0.0,1.3191817733734605,5.5928686407
20760,1.3191983730188246,,0.0,1.3191983730188246,5.6302354433
20765,1.3192145989011395,,0.0,1.3192145989011395,5.5573313665
20770,1.319227823201694,,0.0,1.319227823201694,5.537951959
20775,1.319236843042212,,0.0,1.319236843042212,5.71439561
20780,1.319241959454147,,0.0,1.319241959454147,5.8139549585
20785,1.3192441900560534,,0.0,1.3192441900560534,5.7867785544
20790,1.3192439980596142,,0.0,1.3192439980596142,5.7601250921
20795,1.3192406355644692,,0.0,1.3192406355644692,5.9454134244
20800,1.3192332488788487,,0.0,1.3192332488788487,5.9900172802
20805,1.3192221446481376,,0.0,1.3192221446481376,5.848813671
20810,1.3192085777730396,,0.0,1.3192085777730396,5.8535930581
20815,1.3191940581514785,,0.0,1.3191940581514785,5.8859080327
20820,1.3191796667770515,,0.0,1.3191796667770515,5.8757581693
20825,1.3191667703300656,,0.0,1.3191667703300656,5.8811219107
20830,1.3191570417619511,,0.0,1.3191570417619511,5.8831170899
20835,1.319151487213892,,0.0,1.319151487213892,5.9162337182
20840,1.319150500908597,,0.0,1.319150500908597,5.8505548581
20845,1.3191533532845474,,0.0,1.3191533532845474,5.7303424507
20850,1.3191579489731962,,0.0,1.3191579489731962,5.7369098477
20855,1.3191618941943763,,0.0,1.3191618941943763,5.7762536904
20860,1.319163219456348,,0.0,1.319163219456348,5.7669728152
20865,1.3191612987434311,,0.0,1.3191612987434311,5.8320168194
20870,1.3191574779020105,,0.0,1.3191574779020105,5.9049787618
20875,1.3191539416245137,,0.0,1.3191539416245137,5.8267957747
20880,1.31915244382773,,0.0,1.31915244382773,5.7395562807
20885,1.3191534396143307,,0.0,1.3191534396143307,5.8632648323
20890,1.3191560114184864,,0.0,1.3191560114184864,5.9926364372
20895,1.3191584220404464,,0.0,1.3191584220404464,5.9854013179
20900,1.3191589255476777,,0.0,1.3191589255476777,5.9087765403
20905,1.319156383185471,,0.0,1.319156383185471,6.0273553391
20910,1.3191504637318987,,0.0,1.3191504637318987,6.1266729106
20915,1.3191414074632066,,0.0,1.3191414074632066,6.0340692132
20920,1.3191296734741944,,0.0,1.3191296734741944,5.9397889191
20925,1.3191156050879294,,0.0,1.3191156050879294,6.0130576702
20930,1.3190992482138917,,0.0,1.3190992482138917,6.0381161623
20935,1.319080544217691,,0.0,1.319080544217691,6.0560698865
20940,1.3190600695876615,,0.0,1.3190600695876615,6.1240715653
20945,1.3190388728813547,,0.0,1.3190388728813547,6.1549829539
20950,1.3190177306925555,,0.0,1.3190177306925555,6.1020640174
20955,1.3189978642383813,,0.0,1.3189978642383813,5.9775308528
20960,1.3189808279539417,,0.0,1.3189808279539417,5.9264847062
20965,1.3189674775270712,,0.0,1.3189674775270712,5.9587083957
20970,1.318957507435171,,0.0,1.318957507435171,5.9632653544
20975,1.318949732390281,,0.0,1.318949732390281,5.9701412284
20980,1.318942707990339,,0.0,1.318942707990339,6.0233594443
20985,1.3189352388423103,,0.0,1.3189352388423103,5.9748364854
20990,1.3189267074137871,,0.0,1.3189267074137871,5.8649574695
20995,1.3189172766335222,,0.0,1.3189172766335222,5.8851343559
21000,1.3189078145399977,,0.0,1.3189078145399977,6.0410031755
21005,1.3188993214109594,,0.0,1.3188993214109594,6.1046236158
21010,1.318892281666273,,0.0,1.318892281666273,5.9919090912
21015,1.3188865156601473,,0.0,1.3188865156601473,6.0300067025
21020,1.3188814281911454,,0.0,1.3188814281911454,6.1840941055
21025,1.3188764679712455,,0.0,1.3188764679712455,6.1572310751
21030,1.3188714074491121,,0.0,1.3188714074491121,6.0359844066
21035,1.3188663229742066,,0.0,1.3188663229742066,6.0777735543
21040,1.3188612867791076,,0.0,1.3188612867791076,6.1216669915
21045,1.318855953295175,,0.0,1.318855953295175,6.1297731755
21050,1.3188498744059631,,0.0,1.3188498744059631,6.1994422234
21055,1.318842768791153,,0.0,1.318842768791153,6.2357877892
21060,1.3188342146573984,,0.0,1.3188342146573984,6.2206669376
21065,1.3188243946445857,,0.0,1.3188243946445857,6.1056232038
21070,1.3188144784464226,,0.0,1.3188144784464226,5.9673872603
21075,1.3188057661245682,,0.0,1.3188057661245682,5.991914691
21080,1.3187989267348403,,0.0,1.3187989267348403,6.0391749362
21085,1.3187936890619965,,0.0,1.3187936890619965,6.0142215296
21090,1.318789066426479,,0.0,1.318789066426479,6.0621824382
21095,1.3187838011829962,,0.0,1.3187838011829962,6.0498735418
21100,1.3187768465205525,,0.0,1.3187768465205525,5.9348663145
21105,1.3187678127075844,,0.0,1.3187678127075844,5.859066635
21110,1.3187573142824023,,0.0,1.3187573142824023,6.0091968657
21115,1.3187466451937186,,0.0,1.3187466451937186,6.092156919
21120,1.3187368214382855,,0.0,1.3187368214382855,5.9934476698
21125,1.3187278841849301,,0.0,1.3187278841849301,5.9903210502
21130,1.3187189243510968,,0.0,1.3187189243510968,6.1416999419
21135,1.3187086862875579,,0.0,1.3187086862875579,6.1555258199
21140,1.3186963214174583,,0.0,1.3186963214174583,6.0600163288
21145,1.3186819799446399,,0.0,1.3186819799446399,6.0222302603
21150,1.3186669334868455,,0.0,1.3186669334868455,6.0378945083
21155,1.318653300991132,,0.0,1.318653300991132,6.0952323339
21160,1.3186431920480055,,0.0,1.3186431920480055,6.1897564641
21165,1.3186377691154394,,0.0,1.3186377691154394,6.262837169
21170,1.3186364555803458,,0.0,1.3186364555803458,6.2647100139
21175,1.318636485147049,,0.0,1.318636485147049,6.1692550673
21180,1.3186337616420027,,0.0,1.3186337616420027,6.0483672061
21185,1.318624261997518,,0.0,1.318624261997518,6.052121281
21190,1.3186058944629135,,0.0,1.3186058944629135,6.0940257644
21195,1.31857891403541,,0.0,1.31857891403541,6.0768556887
21200,1.3185451861618926,,0.0,1.3185451861618926,6.1154124139
21205,1.3185084054327123,,0.0,1.3185084054327123,6.1214120664
21210,1.318472982401549,,0.0,1.318472982401549,6.0430387332
21215,1.3184421650393565,,0.0,1.3184421650393565,5.9304022511
21220,1.318416978824192,,0.0,1.318416978824192,5.945978467
21225,1.3183967938730008,,0.0,1.3183967938730008,5.9729075526
21230,1.3183799840171104,,0.0,1.3183799840171104,5.8922814909
21235,1.3183647693908949,,0.0,1.3183647693908949,5.8684324407
21240,1.3183502104718168,,0.0,1.3183502104718168,5.9932060549
21245,1.3183364205365282,,0.0,1.3183364205365282,6.0726736631
21250,1.3183241652004596,,0.0,1.3183241652004596,5.9980805497
21255,1.3183141570585823,,0.0,1.3183141570585823,5.8846796556
21260,1.318306315894061,,0.0,1.318306315894061,5.8892120432
21265,1.3182995773055828,,0.0,1.3182995773055828,5.992348415
21270,1.3182920516439822,,0.0,1.3182920516439822,6.1328662852
21275,1.3182816598834886,,0.0,1.3182816598834886,6.1845892121
21280,1.3182674928167923,,0.0,1.3182674928167923,6.1392494412
21285,1.3182502985937616,,0.0,1.3182502985937616,6.1019415924
21290,1.318232171335403,,0.0,1.318232171335403,6.0154531732
21295,1.3182154469360174,,0.0,1.3182154469360174,5.9530142301
21300,1.318202845158031,,0.0,1.318202845158031,5.9449592788
21305,1.318197043347501,,0.0,1.318197043347501,5.9027140593
21310,1.3181990337979161,,0.0,1.3181990337979161,5.9191658095
21315,1.3182070761906743,,0.0,1.3182070761906743,5.937630829
21320,1.318217261982278,,0.0,1.318217261982278,5.9066266953
21325,1.3182252645785035,,0.0,1.3182252645785035,5.8407188987
21330,1.3182280156541883,,0.0,1.3182280156541883,5.8120935161
21335,1.3182248542625266,,0.0,1.3182248542625266,5.8001919968
21340,1.3182172737091562,,0.0,1.3182172737091562,5.8047389845
21345,1.3182079774137265,,0.0,1.3182079774137265,5.7705499428
21350,1.3181998795054286,,0.0,1.3181998795054286,5.8402482488
21355,1.3181946461989753,,0.0,1.3181946461989753,5.9756702005
21360,1.318191592470034,,0.0,1.318191592470034,5.9530055673
21365,1.3181888485053281,,0.0,1.3181888485053281,5.8019183799
21370,1.3181852426150873,,0.0,1.3181852426150873,5.784864767
21375,1.3181806686336381,,0.0,1.3181806686336381,5.9279228559
21380,1.3181757877572962,,0.0,1.3181757877572962,6.1298316929
21385,1.3181714369607915,,0.0,1.3181714369607915,6.1474767701
21390,1.3181681947285235,,0.0,1.3181681947285235,6.1217250331
21395,1.3181661194453738,,0.0,1.3181661194453738,6.0634905171
21400,1.3181648368492775,,0.0,1.3181648368492775,6.0025970631
21405,1.3181637538596156,,0.0,1.3181637538596156,5.9092055029
21410,1.3181622781442939,,0.0,1.3181622781442939,5.8518329503
21415,1.3181600499127135,,0.0,1.3181600499127135,5.8513737723
21420,1.3181571583640004,,0.0,1.3181571583640004,5.8043632237
21425,1.3181540446283746,,0.0,1.3181540446283746,5.825600243
21430,1.3181511621867048,,0.0,1.3181511621867048,5.8302415568
21435,1.3181485948736937,,0.0,1.3181485948736937,5.7879500187
21440,1.3181462176858114,,0.0,1.3181462176858114,5.8173430506
21445,1.3181439781016153,,0.0,1.3181439781016153,5.8075238808
21450,1.3181421701663338,,0.0,1.3181421701663338,5.8166304176
21455,1.3181413141042375,,0.0,1.3181413141042375,5.8386591399
21460,1.318141768208876,,0.0,1.318141768208876,5.9403929305
21465,1.31814342918392,,0.0,1.31814342918392,6.0807233505
21470,1.3181457159251366,,0.0,1.3181457159251366,6.1408850158
21475,1.318147754156342,,0.0,1.318147754156342,6.0320921536
21480,1.3181490443624335,,0.0,1.3181490443624335,6.0015626677
21485,1.3181502070699151,,0.0,1.3181502070699151,6.0948568647
21490,1.318151954249988,,0.0,1.318151954249988,6.2624093284
21495,1.3181542766708547,,0.0,1.3181542766708547,6.268603563
21500,1.3181565281066832,,0.0,1.3181565281066832,6.1540522623
21505,1.3181579036445257,,0.0,1.3181579036445257,6.0771733108
21510,1.318157865345041,,0.0,1.318157865345041,6.0009820295
21515,1.3181563448430251,,0.0,1.3181563448430251,5.9151741133
21520,1.3181537034261255,,0.0,1.3181537034261255,5.8607358879
21525,1.3181504117912646,,0.0,1.3181504117912646,5.859940981
21530,1.3181466896302754,,0.0,1.3181466896302754,5.7764116295
21535,1.3181424096940553,,0.0,1.3181424096940553,5.7448877973
21540,1.318136939105453,,0.0,1.318136939105453,5.7727182219
21545,1.3181302429333421,,0.0,1.3181302429333421,5.7297128249
21550,1.3181235773259665,,0.0,1.3181235773259665,5.7511660174
21555,1.3181190672185765,,0.0,1.3181190672185765,5.7658004675
21560,1.3181184886094242,,0.0,1.3181184886094242,5.81250996
21565,1.3181223563583568,,0.0,1.3181223563583568,5.8897258255
21570,1.318129699879086,,0.0,1.318129699879086,6.0027677702
21575,1.3181381115437483,,0.0,1.3181381115437483,6.1648216522
21580,1.3181444285883874,,0.0,1.3181444285883874,6.2925443272
21585,1.3181455926681633,,0.0,1.3181455926681633,6.2251076516
21590,1.3181403785738293,,0.0,1.3181403785738293,6.1829440436
21595,1.3181304001234093,,0.0,1.3181304001234093,6.2454981437
21600,1.3181191229836242,,0.0,1.3181191229836242,6.4086844584
21605,1.3181101498011105,,0.0,1.3181101498011105,6.4516916652
21610,1.3181060806991873,,0.0,1.3181060806991873,6.3676579515
21615,1.3181079697245828,,0.0,1.3181079697245828,6.2640988771
21620,1.318115291538112,,0.0,1.318115291538112,6.1470511637
21625,1.318126418474055,,0.0,1.318126418474055,6.0318182018
21630,1.3181396239367524,,0.0,1.3181396239367524,5.9777612373
21635,1.318153418737448,,0.0,1.318153418737448,5.9711395293
21640,1.318166726124181,,0.0,1.318166726124181,5.8806865862
21645,1.3181791253016366,,0.0,1.3181791253016366,5.8617146561
21650,1.3181908304724697,,0.0,1.3181908304724697,5.8835825739
21655,1.318202154644521,,0.0,1.318202154644521,5.8395139284
21660,1.318213430786274,,0.0,1.318213430786274,5.8657023952
21665,1.3182247802833915,,0.0,1.3182247802833915,5.830555466
21670,1.318236589873341,,0.0,1.318236589873341,5.8797394242
21675,1.318249406727261,,0.0,1.318249406727261,5.9149526914
21680,1.318263637668016,,0.0,1.318263637668016,5.9697752797
21685,1.318279200357952,,0.0,1.318279200357952,6.0886543429
21690,1.3182953139616478,,0.0,1.3182953139616478,6.217884158
21695,1.3183108364807887,,0.0,1.3183108364807887,6.2291069969
21700,1.3183249596340691,,0.0,1.3183249596340691,6.2080092046
21705,1.3183380069086672,,0.0,1.3183380069086672,6.222029383
21710,1.3183515329892,,0.0,1.3183515329892,6.3841962233
21715,1.3183675184705155,,0.0,1.3183675184705155,6.4397139084
21720,1.318387370328469,,0.0,1.318387370328469,6.4202264177
21725,1.3184113632714165,,0.0,1.3184113632714165,6.3071844605
21730,1.3184386508433212,,0.0,1.3184386508433212,6.2475463057
21735,1.318467744603951,,0.0,1.318467744603951,6.1844488837
21740,1.3184970467037969,,0.0,1.3184970467037969,6.1083527962
21745,1.3185253825837455,,0.0,1.3185253825837455,6.1161137566
21750,1.3185524050533541,,0.0,1.3185524050533541,6.0779472254
21755,1.3185785140740167,,0.0,1.3185785140740167,6.009580804
21760,1.3186044419518397,,0.0,1.3186044419518397,6.0420831215
21765,1.3186307041704406,,0.0,1.3186307041704406,6.0394099704
21770,1.318657205168239,,0.0,1.318657205168239,6.0804776031
21775,1.3186833484962572,,0.0,1.3186833484962572,6.1251370595
21780,1.3187084810671923,,0.0,1.3187084810671923,6.1420969013
21785,1.318732157758695,,0.0,1.318732157758695,6.1912170949
21790,1.3187541557600828,,0.0,1.3187541557600828,6.2560363344
21795,1.318774473574307,,0.0,1.318774473574307,6.3237792542
21800,1.318793214123436,,0.0,1.318793214123436,6.406667089
21805,1.3188105629166997,,0.0,1.3188105629166997,6.411462459
21810,1.3188266857521929,,0.0,1.3188266857521929,6.3589757517
21815,1.3188419233331488,,0.0,1.3188419233331488,6.3527517964
21820,1.3188572249129173,,0.0,1.3188572249129173,6.3838655979
21825,1.3188730203938577,,0.0,1.3188730203938577,6.4883431379
21830,1.3188889234127648,,0.0,1.3188889234127648,6.5472522935
21835,1.3189041971723865,,0.0,1.3189041971723865,6.4260882871
21840,1.3189183194523888,,0.0,1.3189183194523888,6.342632599
21845,1.3189311472846628,,0.0,1.3189311472846628,6.2620553684
21850,1.3189427405511387,,0.0,1.3189427405511387,6.1859271687
21855,1.3189529716284525,,0.0,1.3189529716284525,6.1844266832
21860,1.3189612203643624,,0.0,1.3189612203643624,6.1585123539
21865,1.3189663643469363,,0.0,1.3189663643469363,6.0567691106
21870,1.3189670940332088,,0.0,1.3189670940332088,6.0887815231
21875,1.3189622982391094,,0.0,1.3189622982391094,6.1131323154
21880,1.3189514885526434,,0.0,1.3189514885526434,6.1231916968
21885,1.318935121448776,,0.0,1.318935121448776,6.1026000365
21890,1.3189147459981934,,0.0,1.3189147459981934,6.1252484792
21895,1.3188928595269012,,0.0,1.3188928595269012,6.1619657557
21900,1.3188722534061328,,0.0,1.3188722534061328,6.1860852909
21905,1.3188547710013119,,0.0,1.3188547710013119,6.1956930605
21910,1.31884099616126,,0.0,1.31884099616126,6.2756164758
21915,1.318829766428003,,0.0,1.318829766428003,6.3468167927
21920,1.3188201567504712,,0.0,1.3188201567504712,6.2356913828
21925,1.3188128278259623,,0.0,1.3188128278259623,6.1555974056
21930,1.318808354521009,,0.0,1.318808354521009,6.2223996289
21935,1.3188069968229916,,0.0,1.3188069968229916,6.3526792718
21940,1.3188083159720163,,0.0,1.3188083159720163,6.3787247526
21945,1.3188115755450933,,0.0,1.3188115755450933,6.2490231555
21950,1.3188158785608073,,0.0,1.3188158785608073,6.1673030242
21955,1.3188202758905616,,0.0,1.3188202758905616,6.0673946789
21960,1.3188239696076338,,0.0,1.3188239696076338,5.9621842948
21965,1.3188265577545666,,0.0,1.3188265577545666,5.8954166296
21970,1.318828093850835,,0.0,1.318828093850835,5.9217849514
21975,1.3188291244438077,,0.0,1.3188291244438077,5.865679611
21980,1.318830289895878,,0.0,1.318830289895878,5.8566405959
21985,1.3188318407131205,,0.0,1.3188318407131205,5.9156247673
21990,1.3188333976433104,,0.0,1.3188333976433104,5.8183656913
21995,1.318834416509405,,0.0,1.318834416509405,5.7956650733
22000,1.3188347866545873,,0.0,1.3188347866545873,5.81489383
22005,1.3188349030500897,,0.0,1.3188349030500897,5.8322854693
22010,1.3188357482585862,,0.0,1.3188357482585862,5.8098387208
22015,1.3188382811394872,,0.0,1.3188382811394872,5.7856308685
22020,1.3188429201177816,,0.0,1.3188429201177816,5.8668852435
22025,1.3188495687586101,,0.0,1.3188495687586101,5.9303515788
22030,1.3188579894055619,,0.0,1.3188579894055619,5.877828681
22035,1.318868408362432,,0.0,1.318868408362432,5.7740948956
22040,1.318881552446151,,0.0,1.318881552446151,5.7552679976
22045,1.318897698485892,,0.0,1.318897698485892,5.8681998313
22050,1.3189166335265408,,0.0,1.3189166335265408,5.9135633405
22055,1.3189370456548055,,0.0,1.3189370456548055,5.8713497573
22060,1.3189574385709508,,0.0,1.3189574385709508,5.7356729237
22065,1.3189766968492695,,0.0,1.3189766968492695,5.6728521376
22070,1.3189944110470626,,0.0,1.3189944110470626,5.6113427045
22075,1.3190111314543194,,0.0,1.3190111314543194,5.5884083416
22080,1.3190280948824102,,0.0,1.3190280948824102,5.6269788168
22085,1.3190463246885746,,0.0,1.3190463246885746,5.6499957329
22090,1.3190663660478872,,0.0,1.3190663660478872,5.6229127036
22095,1.3190880106211316,,0.0,1.3190880106211316,5.6645291889
22100,1.319110220579602,,0.0,1.319110220579602,5.6187414852
22105,1.3191315376735397,,0.0,1.3191315376735397,5.5778844837
22110,1.3191505585449552,,0.0,1.3191505585449552,5.5953765524
22115,1.3191667337771373,,0.0,1.3191667337771373,5.6402656029
22120,1.319180113396449,,0.0,1.319180113396449,5.6152044181
22125,1.3191914546598011,,0.0,1.3191914546598011,5.5830806506
22130,1.3192016883569493,,0.0,1.3192016883569493,5.6176845978
22135,1.319211556899076,,0.0,1.319211556899076,5.6726316578
22140,1.319221800826054,,0.0,1.319221800826054,5.575834785
22145,1.3192325307947002,,0.0,1.3192325307947002,5.4709918421
22150,1.3192436746971903,,0.0,1.3192436746971903,5.4244747495
22155,1.3192550588759258,,0.0,1.3192550588759258,5.4290596873
22160,1.3192668366535996,,0.0,1.3192668366535996,5.4896852597
22165,1.3192787163553092,,0.0,1.3192787163553092,5.5545871355
22170,1.3192903194773529,,0.0,1.3192903194773529,5.4753491691
22175,1.319301338251559,,0.0,1.319301338251559,5.4370820411
22180,1.319311455927467,,0.0,1.319311455927467,5.3461960322
22185,1.319320286516134,,0.0,1.319320286516134,5.315837818
22190,1.3193276099514657,,0.0,1.3193276099514657,5.3849003014
22195,1.3193330617022108,,0.0,1.3193330617022108,5.4456552707
22200,1.3193366556160657,,0.0,1.3193366556160657,5.3667507038
22205,1.319338812987362,,0.0,1.319338812987362,5.3649829944
22210,1.3193397128381197,,0.0,1.3193397128381197,5.3919615645
22215,1.3193392612285615,,0.0,1.3193392612285615,5.3596483305
22220,1.319337349248426,,0.0,1.319337349248426,5.3580399462
22225,1.319334349288468,,0.0,1.319334349288468,5.4698042448
22230,1.3193305436670382,,0.0,1.3193305436670382,5.5235114719
22235,1.3193260706115928,,0.0,1.3193260706115928,5.4984306944
22240,1.319320858887585,,0.0,1.319320858887585,5.5383074
22245,1.3193146438917358,,0.0,1.3193146438917358,5.6721549295
22250,1.3193071401868428,,0.0,1.3193071401868428,5.6141769116
22255,1.3192986746284432,,0.0,1.3192986746284432,5.5246048982
22260,1.3192906333584713,,0.0,1.3192906333584713,5.5042323036
22265,1.31928413230165,,0.0,1.31928413230165,5.5198989251
22270,1.319279574288716,,0.0,1.319279574288716,5.5513464752
22275,1.31927626419026,,0.0,1.31927626419026,5.6316760305
22280,1.3192734184262727,,0.0,1.3192734184262727,5.650940772
22285,1.3192705556957385,,0.0,1.3192705556957385,5.6414199592
22290,1.3192674377184759,,0.0,1.3192674377184759,5.5318816388
22295,1.3192637027078224,,0.0,1.3192637027078224,5.4284062873
22300,1.3192594796594364,,0.0,1.3192594796594364,5.4641516968
22305,1.3192560328305727,,0.0,1.3192560328305727,5.5308549024
22310,1.319254621238818,,0.0,1.319254621238818,5.4724738192
22315,1.319255480045503,,0.0,1.319255480045503,5.4961590468
22320,1.319257592380597,,0.0,1.319257592380597,5.5468067593
22325,1.3192592269077885,,0.0,1.3192592269077885,5.491608021
22330,1.3192585961514551,,0.0,1.3192585961514551,5.4554446781
22335,1.3192543647445494,,0.0,1.3192543647445494,5.5770470362
22340,1.3192460215698452,,0.0,1.3192460215698452,5.6696218934
22345,1.319233958604478,,0.0,1.319233958604478,5.6291846542
22350,1.3192191105055777,,0.0,1.3192191105055777,5.6159161988
22355,1.3192026344914491,,0.0,1.3192026344914491,5.7692276504
22360,1.3191854623498802,,0.0,1.3191854623498802,5.8578321058
22365,1.3191694609000502,,0.0,1.3191694609000502,5.7274626221
22370,1.31915798103498,,0.0,1.31915798103498,5.6698952097
22375,1.3191542588739906,,0.0,1.3191542588739906,5.709211484
22380,1.3191594354173641,,0.0,1.3191594354173641,5.7306199667
22385,1.31917227634881,,0.0,1.31917227634881,5.7371512928
22390,1.3191903958724194,,0.0,1.3191903958724194,5.7614758594
22395,1.3192107382631861,,0.0,1.3192107382631861,5.7665345326
22400,1.3192294048331803,,0.0,1.3192294048331803,5.7275844924
22405,1.319243101826723,,0.0,1.319243101826723,5.6020569513
22410,1.319250867016045,,0.0,1.319250867016045,5.6067698633
22415,1.319253138537271,,0.0,1.319253138537271,5.6471358982
22420,1.3192503343163726,,0.0,1.3192503343163726,5.6310568933
22425,1.3192422871829617,,0.0,1.3192422871829617,5.6083646734
22430,1.319228907688404,,0.0,1.319228907688404,5.708194295
22435,1.3192113663996852,,0.0,1.3192113663996852,5.6952129263
22440,1.3191924110241309,,0.0,1.3191924110241309,5.6088622484
22445,1.3191754574516077,,0.0,1.3191754574516077,5.7087993135
22450,1.3191634566137431,,0.0,1.3191634566137431,5.8647575459
22455,1.3191576476922342,,0.0,1.3191576476922342,5.8856363654
22460,1.3191569175069455,,0.0,1.3191569175069455,5.7967224668
22465,1.3191592873343405,,0.0,1.3191592873343405,5.8423805853
22470,1.3191629296527558,,0.0,1.3191629296527558,5.9771075431
22475,1.3191666433304716,,0.0,1.3191666433304716,5.9038346436
22480,1.319170101137689,,0.0,1.319170101137689,5.7921214644
22485,1.3191736617422205,,0.0,1.3191736617422205,5.855606803
22490,1.3191776612313997,,0.0,1.3191776612313997,5.8504054074
22495,1.3191814919283877,,0.0,1.3191814919283877,5.8076521472
22500,1.3191840440214082,,0.0,1.3191840440214082,5.8719741548
22505,1.3191843484212211,,0.0,1.3191843484212211,5.898491793
22510,1.3191815420795048,,0.0,1.3191815420795048,5.9036470768
22515,1.3191759582142506,,0.0,1.3191759582142506,5.8275737356
22520,1.3191688786730311,,0.0,1.3191688786730311,5.7224357345
22525,1.3191615533663892,,0.0,1.3191615533663892,5.7470964878
22530,1.3191544692092712,,0.0,1.3191544692092712,5.792092089
22535,1.3191471379144362,,0.0,1.3191471379144362,5.7815896211
22540,1.3191384763674685,,0.0,1.3191384763674685,5.8577725106
22545,1.3191274676983378,,0.0,1.3191274676983378,5.8872168281
22550,1.3191134901330008,,0.0,1.3191134901330008,5.7892849101
22555,1.319096775963445,,0.0,1.319096775963445,5.742239787
22560,1.3190783319546255,,0.0,1.3190783319546255,5.8999947567
22565,1.3190593498817107,,0.0,1.3190593498817107,6.0006110809
22570,1.3190405770212903,,0.0,1.3190405770212903,5.9366753384
22575,1.319022205120295,,0.0,1.319022205120295,5.9006292288
22580,1.3190042439095393,,0.0,1.3190042439095393,6.0756981843
22585,1.3189869532516496,,0.0,1.3189869532516496,6.0999760976
22590,1.318970952550344,,0.0,1.318970952550344,5.9665023102
22595,1.3189569227130715,,0.0,1.3189569227130715,5.9374648587
22600,1.3189450788157662,,0.0,1.3189450788157662,5.9857997533
22605,1.3189346401477604,,0.0,1.3189346401477604,5.9992025613
22610,1.3189242389059612,,0.0,1.3189242389059612,6.0463350107
22615,1.3189127735123576,,0.0,1.3189127735123576,6.1089130844
22620,1.318899595370791,,0.0,1.318899595370791,6.164566425
22625,1.3188843818673615,,0.0,1.3188843818673615,6.0761328554
22630,1.3188683048165943,,0.0,1.3188683048165943,5.9261214501
22635,1.3188534491076986,,0.0,1.3188534491076986,5.9088834517
22640,1.3188414048554347,,0.0,1.3188414048554347,5.9620780485
22645,1.3188324280550545,,0.0,1.3188324280550545,5.9033947341
22650,1.3188255009632495,,0.0,1.3188255009632495,5.9425966172
22655,1.3188189935439734,,0.0,1.3188189935439734,5.9999598991
22660,1.3188114335750167,,0.0,1.3188114335750167,5.9075560317
22665,1.318802126301233,,0.0,1.318802126301233,5.8092386548
22670,1.3187916137788467,,0.0,1.3187916137788467,5.8533048404
22675,1.3187814586767321,,0.0,1.3187814586767321,5.9441590559
22680,1.3187730732104144,,0.0,1.3187730732104144,5.9183937874
22685,1.3187667899741151,,0.0,1.3187667899741151,5.8314077621
22690,1.3187620868722536,,0.0,1.3187620868722536,5.9519289355
22695,1.3187576111969739,,0.0,1.3187576111969739,6.0181543838
22700,1.3187522329263475,,0.0,1.3187522329263475,5.9002411787
22705,1.3187456567676052,,0.0,1.3187456567676052,5.8423289622
22710,1.3187382643432997,,0.0,1.3187382643432997,5.9192475643
22715,1.3187306073157141,,0.0,1.3187306073157141,5.9735814439
22720,1.3187227570441493,,0.0,1.3187227570441493,6.0317901949
22725,1.3187146298186563,,0.0,1.3187146298186563,6.1518679116
22730,1.3187061285806063,,0.0,1.3187061285806063,6.1779713313
22735,1.31869674707818,,0.0,1.31869674707818,6.094917363
22740,1.3186858374637427,,0.0,1.3186858374637427,5.9899509523
22745,1.318673714117429,,0.0,1.318673714117429,5.939442285
22750,1.3186611646113773,,0.0,1.3186611646113773,5.9911955908
22755,1.3186489394657819,,0.0,1.3186489394657819,6.0266203601
22760,1.3186376706845162,,0.0,1.3186376706845162,6.0857893448
22765,1.3186279070605218,,0.0,1.3186279070605218,6.101527831
22770,1.3186201481089006,,0.0,1.3186201481089006,6.0107281381
22775,1.318614942123578,,0.0,1.318614942123578,5.9075915054
22780,1.3186128627235454,,0.0,1.3186128627235454,5.9059889043
22785,1.3186141975915768,,0.0,1.3186141975915768,5.9569514539
22790,1.3186179690304047,,0.0,1.3186179690304047,5.9372115118
22795,1.3186214294574565,,0.0,1.3186214294574565,5.8616481487
22800,1.3186206497448214,,0.0,1.3186206497448214,5.9272695091
22805,1.3186123426240293,,0.0,1.3186123426240293,6.047699358
22810,1.3185951815855683,,0.0,1.3185951815855683,6.0098978402
22815,1.318569869743104,,0.0,1.318569869743104,5.9047678741
22820,1.3185384103967162,,0.0,1.3185384103967162,5.9043163502
22825,1.3185036322190908,,0.0,1.3185036322190908,6.0245148868
22830,1.3184690051185857,,0.0,1.3184690051185857,6.1402983899
22835,1.3184376313534565,,0.0,1.3184376313534565,6.2016483084
22840,1.3184111059038701,,0.0,1.3184111059038701,6.1604422492
22845,1.3183889116644063,,0.0,1.3183889116644063,6.1150763548
22850,1.3183693199185875,,0.0,1.3183693199185875,6.0343958611
22855,1.3183512837306648,,0.0,1.3183512837306648,5.9638132044
22860,1.318334735733466,,0.0,1.318334735733466,5.960771381
22865,1.3183199327955217,,0.0,1.3183199327955217,5.9681471411
22870,1.3183068185280142,,0.0,1.3183068185280142,5.9710816177
22875,1.3182946334284598,,0.0,1.3182946334284598,5.9806469244
22880,1.3182818679731967,,0.0,1.3182818679731967,5.9924238229
22885,1.3182667335638167,,0.0,1.3182667335638167,5.8758151743
22890,1.3182481107824844,,0.0,1.3182481107824844,5.8003010834
22895,1.3182263410809563,,0.0,1.3182263410809563,5.8023567843
22900,1.318203128723922,,0.0,1.318203128723922,5.8402635331
22905,1.3181809197634837,,0.0,1.3181809197634837,5.8366798856
22910,1.3181621799628789,,0.0,1.3181621799628789,5.8889187547
22915,1.3181485779071467,,0.0,1.3181485779071467,6.0330017218
22920,1.3181411519240094,,0.0,1.3181411519240094,6.059626139
22925,1.3181403020996139,,0.0,1.3181403020996139,5.9219271744
22930,1.3181452895158907,,0.0,1.3181452895158907,5.7859768474
22935,1.3181538191978575,,0.0,1.3181538191978575,5.8602238803
22940,1.3181622689124963,,0.0,1.3181622689124963,6.0497794243
22945,1.3181667230053304,,0.0,1.3181667230053304,6.1329431253
22950,1.3181645847213999,,0.0,1.3181645847213999,6.1142127737
22955,1.3181554106849114,,0.0,1.3181554106849114,6.0710969942
22960,1.3181408132168406,,0.0,1.3181408132168406,6.0238543992
22965,1.3181235027230616,,0.0,1.3181235027230616,5.9110787236
22970,1.3181060578692012,,0.0,1.3181060578692012,5.8374467824
22975,1.318090603715264,,0.0,1.318090603715264,5.828825115
22980,1.3180782750238307,,0.0,1.3180782750238307,5.808449368
22985,1.318068817047189,,0.0,1.318068817047189,5.8058019544
22990,1.3180609272285992,,0.0,1.3180609272285992,5.8422247272
22995,1.3180531914812261,,0.0,1.3180531914812261,5.806876875
23000,1.31804516156387,,0.0,1.31804516156387,5.8223473094
23005,1.3180377158695973,,0.0,1.3180377158695973,5.82747372
23010,1.3180325505540855,,0.0,1.3180325505540855,5.8188649968
23015,1.3180310223173206,,0.0,1.3180310223173206,5.7970089656
23020,1.318033278493802,,0.0,1.318033278493802,5.8149146812
23025,1.3180383062056276,,0.0,1.3180383062056276,5.9547437249
23030,1.318044475042489,,0.0,1.318044475042489,6.0422487427
23035,1.3180503795255787,,0.0,1.3180503795255787,5.9612532516
23040,1.3180553164164766,,0.0,1.3180553164164766,5.8563935719
23045,1.3180592978163228,,0.0,1.3180592978163228,5.9069182077
23050,1.3180627405283036,,0.0,1.3180627405283036,6.0913715849
23055,1.3180660374028332,,0.0,1.3180660374028332,6.2114801503
23060,1.3180696395504536,,0.0,1.3180696395504536,6.1532858576
23065,1.3180739807408983,,0.0,1.3180739807408983,6.0744149281
23070,1.3180792262732455,,0.0,1.3180792262732455,6.0398259526
23075,1.3180851453525557,,0.0,1.3180851453525557,5.9365270404
23080,1.3180912045306323,,0.0,1.3180912045306323,5.8581822174
23085,1.3180968258220929,,0.0,1.3180968258220929,5.8642774248
23090,1.318101747742508,,0.0,1.318101747742508,5.8029952804
23095,1.3181062420061371,,0.0,1.3181062420061371,5.755338077
23100,1.318110908056054,,0.0,1.318110908056054,5.8114968359
23105,1.3181160606466553,,0.0,1.3181160606466553,5.7904567249
23110,1.3181214870723341,,0.0,1.3181214870723341,5.762130558
23115,1.3181271924480054,,0.0,1.3181271924480054,5.7687956035
23120,1.3181331505753242,,0.0,1.3181331505753242,5.8022760208
23125,1.3181393206597258,,0.0,1.3181393206597258,5.8904903128
23130,1.318146007724793,,0.0,1.318146007724793,5.9342999672
23135,1.3181540239192069,,0.0,1.3181540239192069,6.1309632279
23140,1.318164042914684,,0.0,1.318164042914684,6.2911660532
23145,1.3181757223861885,,0.0,1.3181757223861885,6.2998448342
23150,1.3181871373791676,,0.0,1.3181871373791676,6.2257861728
23155,1.3181959019729572,,0.0,1.3181959019729572,6.272400296
23160,1.3182000011405997,,0.0,1.3182000011405997,6.4247303553
23165,1.3181979988385526,,0.0,1.3181979988385526,6.4981636107
23170,1.3181897552175577,,0.0,1.3181897552175577,6.4846815013
23175,1.3181766440689004,,0.0,1.3181766440689004,6.3543528958
23180,1.3181610725214288,,0.0,1.3181610725214288,6.2460734627
23185,1.318145527047548,,0.0,1.318145527047548,6.1284118282
23190,1.3181317237635788,,0.0,1.3181317237635788,6.0106987679
23195,1.3181202450212948,,0.0,1.3181202450212948,6.0498282796
23200,1.3181107098219138,,0.0,1.3181107098219138,6.0246911674
23205,1.3181024375074937,,0.0,1.3181024375074937,5.9361038278
23210,1.3180957476978379,,0.0,1.3180957476978379,5.9538404466
23215,1.318092073192885,,0.0,1.318092073192885,5.9414951785
23220,1.3180931544359904,,0.0,1.3180931544359904,5.9210992536
23225,1.3181001744695413,,0.0,1.3181001744695413,5.9050611869
23230,1.318112873181403,,0.0,1.318112873181403,5.9177327341
23235,1.318129781218708,,0.0,1.318129781218708,5.9789192207
23240,1.3181485490889677,,0.0,1.3181485490889677,6.0736154113
23245,1.3181665149156223,,0.0,1.3181665149156223,6.1924916109
23250,1.3181814830278913,,0.0,1.3181814830278913,6.3769460863
23255,1.3181920061543697,,0.0,1.3181920061543697,6.4412390238
23260,1.318197494208535,,0.0,1.318197494208535,6.3689839614
23265,1.3181991195039289,,0.0,1.3181991195039289,6.3405853896
23270,1.3181993030170946,,0.0,1.3181993030170946,6.4301692341
23275,1.3182000228477995,,0.0,1.3182000228477995,6.4987266795
23280,1.3182021838369622,,0.0,1.3182021838369622,6.5590615161
23285,1.318205990206916,,0.0,1.318205990206916,6.4419108561
23290,1.318211349140669,,0.0,1.318211349140669,6.3553180452
23295,1.3182179493769375,,0.0,1.3182179493769375,6.2435398007
23300,1.3182253716174541,,0.0,1.3182253716174541,6.1390032074
23305,1.3182332596894875,,0.0,1.3182332596894875,6.0958908044
23310,1.3182414913340967,,0.0,1.3182414913340967,6.0488806209
23315,1.3182503043324465,,0.0,1.3182503043324465,5.9714862983
23320,1.3182602265188026,,0.0,1.3182602265188026,6.0053961863
23325,1.3182717202315695,,0.0,1.3182717202315695,6.0165045842
23330,1.31828490997526,,0.0,1.31828490997526,6.0021788258
23335,1.318299798120201,,0.0,1.318299798120201,6.0080676454
23340,1.3183167762692665,,0.0,1.3183167762692665,6.0006310481
23345,1.318336495887957,,0.0,1.318336495887957,6.0492458169
23350,1.3183593203847381,,0.0,1.3183593203847381,6.0779786797
23355,1.3183850964369168,,0.0,1.3183850964369168,6.1461711855
23360,1.3184131866761966,,0.0,1.3184131866761966,6.2714240814
23365,1.3184425127288149,,0.0,1.3184425127288149,6.3926253471
23370,1.3184718256822605,,0.0,1.3184718256822605,6.3878777826
23375,1.3185003120155592,,0.0,1.3185003120155592,6.3819983531
23380,1.318528822800646,,0.0,1.318528822800646,6.4610058293
23385,1.3185589565108,,0.0,1.3185589565108,6.5480166892
23390,1.3185913921821613,,0.0,1.3185913921821613,6.636453218
23395,1.3186253209096532,,0.0,1.3186253209096532,6.5363163857
23400,1.3186590305690835,,0.0,1.3186590305690835,6.412516667
23405,1.3186909634817374,,0.0,1.3186909634817374,6.3575657483
23410,1.3187202141829264,,0.0,1.3187202141829264,6.2881929343
23415,1.3187465934207998,,0.0,1.3187465934207998,6.2317530697
23420,1.3187705076439598,,0.0,1.3187705076439598,6.2243900332
23425,1.3187927645099422,,0.0,1.3187927645099422,6.1430789835
23430,1.3188142866994914,,0.0,1.3188142866994914,6.0966886033
23435,1.318835718567129,,0.0,1.318835718567129,6.1491551145
23440,1.3188569774009384,,0.0,1.3188569774009384,6.1549982095
23445,1.318877336009728,,0.0,1.318877336009728,6.2244792929
23450,1.318895927976817,,0.0,1.318895927976817,6.2608453204
23455,1.3189122877201973,,0.0,1.3189122877201973,6.2976313975
23460,1.3189265367502856,,0.0,1.3189265367502856,6.331109517
23465,1.318939194418074,,0.0,1.318939194418074,6.3719676104
23470,1.3189509869167224,,0.0,1.3189509869167224,6.4209467342
23475,1.3189626315818552,,0.0,1.3189626315818552,6.5113073731
23480,1.3189746637329791,,0.0,1.3189746637329791,6.4795570082
23485,1.3189875624255374,,0.0,1.3189875624255374,6.453350288
23490,1.3190015186579367,,0.0,1.3190015186579367,6.4906066628
23495,1.3190157938863696,,0.0,1.3190157938863696,6.5908172361
23500,1.3190282886254059,,0.0,1.3190282886254059,6.636920663
23505,1.3190359873208346,,0.0,1.3190359873208346,6.5998673287
23510,1.319036089369624,,0.0,1.319036089369624,6.4738466492
23515,1.3190272455570309,,0.0,1.3190272455570309,6.3828832696
23520,1.319010148018367,,0.0,1.319010148018367,6.3021052529
23525,1.3189873688072957,,0.0,1.3189873688072957,6.2386177084
23530,1.318962585298113,,0.0,1.318962585298113,6.2291651563
23535,1.3189394344448115,,0.0,1.3189394344448115,6.1672401051
23540,1.3189204849326965,,0.0,1.3189204849326965,6.1152666511
23545,1.3189066487136656,,0.0,1.3189066487136656,6.1540387073
23550,1.3188970491412095,,0.0,1.3188970491412095,6.1536407906
23555,1.318889923316248,,0.0,1.318889923316248,6.1027297013
23560,1.3188839883931773,,0.0,1.3188839883931773,6.0940289336
23565,1.3188786454279389,,0.0,1.3188786454279389,6.1751549268
23570,1.3188739287278892,,0.0,1.3188739287278892,6.2259012029
23575,1.3188701304669466,,0.0,1.3188701304669466,6.2081971712
23580,1.3188670873420971,,0.0,1.3188670873420971,6.2340707166
23585,1.3188640323656156,,0.0,1.3188640323656156,6.3287352754
23590,1.3188603476308327,,0.0,1.3188603476308327,6.3191728367
23595,1.3188555328741218,,0.0,1.3188555328741218,6.2069587481
23600,1.3188504318069316,,0.0,1.3188504318069316,6.158714967
23605,1.3188470965081633,,0.0,1.3188470965081633,6.2641509698
23610,1.3188473855632317,,0.0,1.3188473855632317,6.3490272435
23615,1.3188517551975931,,0.0,1.3188517551975931,6.3120875064
23620,1.3188595155215084,,0.0,1.3188595155215084,6.161485039
23625,1.3188692536956828,,0.0,1.3188692536956828,6.1045155906
23630,1.318879487018569,,0.0,1.318879487018569,6.0150899594
23635,1.3188894228031132,,0.0,1.3188894228031132,5.9475611105
23640,1.3188989878187056,,0.0,1.3188989878187056,5.9556024554
23645,1.3189085085466201,,0.0,1.3189085085466201,5.9804040079
23650,1.3189189992370527,,0.0,1.3189189992370527,5.9290164251
23655,1.3189311923208646,,0.0,1.3189311923208646,5.9614752754
23660,1.3189449551845307,,0.0,1.3189449551845307,5.9233074799
23665,1.3189589604452607,,0.0,1.3189589604452607,5.8527296692
23670,1.3189716076337112,,0.0,1.3189716076337112,5.8185446738
23675,1.3189820414363103,,0.0,1.3189820414363103,5.8443244173
23680,1.3189909306593672,,0.0,1.3189909306593672,5.8542167604
23685,1.3189995778596224,,0.0,1.3189995778596224,5.8120942679
23690,1.3190090325926596,,0.0,1.3190090325926596,5.8053567492
23695,1.3190199056541685,,0.0,1.3190199056541685,5.9157888893
23700,1.3190325454821317,,0.0,1.3190325454821317,5.9212653958
23705,1.3190463523839675,,0.0,1.3190463523839675,5.8046908847
23710,1.3190615080015309,,0.0,1.3190615080015309,5.7099524352
23715,1.3190786715350724,,0.0,1.3190786715350724,5.6917860903
23720,1.3190983716921358,,0.0,1.3190983716921358,5.7475939711
23725,1.319120737717887,,0.0,1.319120737717887,5.7965882193
23730,1.3191444732932882,,0.0,1.3191444732932882,5.7369552673
23735,1.3191676345011734,,0.0,1.3191676345011734,5.6413221565
23740,1.3191883779761198,,0.0,1.3191883779761198,5.5927960154
23745,1.3192052155274028,,0.0,1.3192052155274028,5.5307478727
23750,1.3192177469441213,,0.0,1.3192177469441213,5.5480854135
23755,1.31922725694319,,0.0,1.31922725694319,5.578620631
23760,1.31923622164243,,0.0,1.31923622164243,5.5842758243
23765,1.3192470976980357,,0.0,1.3192470976980357,5.5817558073
23770,1.3192615953628892,,0.0,1.3192615953628892,5.6115145351
23775,1.319280047979736,,0.0,1.319280047979736,5.5884710795
23780,1.3193015594404394,,0.0,1.3193015594404394,5.5616156196
23785,1.31932442735162,,0.0,1.31932442735162,5.6018470145
23790,1.319346652779589,,0.0,1.319346652779589,5.6459559925
23795,1.3193664130680907,,0.0,1.3193664130680907,5.6040421397
23800,1.319382680368741,,0.0,1.319382680368741,5.581016129
23805,1.3193951194674833,,0.0,1.3193951194674833,5.7157884014
23810,1.319403699175813,,0.0,1.319403699175813,5.7161688082
23815,1.3194084547991174,,0.0,1.3194084547991174,5.6025546735
23820,1.3194093258316963,,0.0,1.3194093258316963,5.5478447173
23825,1.3194064322869186,,0.0,1.3194064322869186,5.5361803106
23830,1.3193992649188682,,0.0,1.3193992649188682,5.5582289416
23835,1.3193875319278878,,0.0,1.3193875319278878,5.6220956269
23840,1.3193712738590355,,0.0,1.3193712738590355,5.6629937471
23845,1.3193518566440932,,0.0,1.3193518566440932,5.6091027507
23850,1.319331892008504,,0.0,1.319331892008504,5.5180788127
23855,1.3193147411998727,,0.0,1.3193147411998727,5.4098282156
23860,1.3193027962518098,,0.0,1.3193027962518098,5.4274611408
23865,1.319297116325959,,0.0,1.319297116325959,5.5198017849
23870,1.3192986465587884,,0.0,1.3192986465587884,5.486575137
23875,1.3193067504552793,,0.0,1.3193067504552793,5.4401345616
23880,1.3193193266586916,,0.0,1.3193193266586916,5.4968656686
23885,1.3193334170016644,,0.0,1.3193334170016644,5.4826393436
23890,1.3193459385628152,,0.0,1.3193459385628152,5.4518839314
23895,1.3193547148834828,,0.0,1.3193547148834828,5.539185688
23900,1.319358962508411,,0.0,1.319358962508411,5.6422387512
23905,1.3193594408153302,,0.0,1.3193594408153302,5.65066007
23910,1.3193576669378966,,0.0,1.3193576669378966,5.5982762667
23915,1.3193546231892768,,0.0,1.3193546231892768,5.7217211197
23920,1.319350391033847,,0.0,1.319350391033847,5.8354528586
23925,1.3193441398593313,,0.0,1.3193441398593313,5.746186539
23930,1.3193364338034153,,0.0,1.3193364338034153,5.6617688691
23935,1.3193293298104078,,0.0,1.3193293298104078,5.6772647214
23940,1.319323626306047,,0.0,1.319323626306047,5.695691588
23945,1.3193185679047321,,0.0,1.3193185679047321,5.7154061963
23950,1.3193131084192375,,0.0,1.3193131084192375,5.7806893645
23955,1.3193068387811266,,0.0,1.3193068387811266,5.7551782722
23960,1.3193002407904308,,0.0,1.3193002407904308,5.6998862795
23965,1.3192942927681874,,0.0,1.3192942927681874,5.611537412
23970,1.3192901721428534,,0.0,1.3192901721428534,5.5617999115
23975,1.3192899906257518,,0.0,1.3192899906257518,5.6061845191
23980,1.319295050149853,,0.0,1.319295050149853,5.6097938879
23985,1.3193043798793602,,0.0,1.3193043798793602,5.5482538555
23990,1.3193146788228618,,0.0,1.3193146788228618,5.613279588
23995,1.3193221715494008,,0.0,1.3193221715494008,5.6327170114
24000,1.319324341645607,,0.0,1.319324341645607,5.5677133734
24005,1.3193202313748564,,0.0,1.3193202313748564,5.5970368706
24010,1.3193106699771306,,0.0,1.3193106699771306,5.7521881972
24015,1.3192980018300047,,0.0,1.3192980018300047,5.8110127331
24020,1.319284673734104,,0.0,1.319284673734104,5.7484494158
24025,1.3192720730789036,,0.0,1.3192720730789036,5.7647505634
24030,1.3192606039426793,,0.0,1.3192606039426793,5.9476866051
24035,1.3192500558653963,,0.0,1.3192500558653963,5.9605085125
24040,1.3192399158585186,,0.0,1.3192399158585186,5.8379120164
24045,1.319229852824872,,0.0,1.319229852824872,5.8361608874
24050,1.3192201137774195,,0.0,1.3192201137774195,5.8618466828
24055,1.3192116797817874,,0.0,1.3192116797817874,5.8618193658
24060,1.3192052540763954,,0.0,1.3192052540763954,5.8719523221
24065,1.319200931599054,,0.0,1.319200931599054,5.8373163349
24070,1.3191983403332708,,0.0,1.3191983403332708,5.8443661733
24075,1.3191970305407976,,0.0,1.3191970305407976,5.7709573406
24080,1.3191966522866043,,0.0,1.3191966522866043,5.6786954123
24085,1.3191969873759064,,0.0,1.3191969873759064,5.6937052602
24090,1.319197887226664,,0.0,1.319197887226664,5.7116076524
24095,1.3191990347141551,,0.0,1.3191990347141551,5.7102334436
24100,1.319199484577157,,0.0,1.319199484577157,5.76605179
24105,1.3191975525116244,,0.0,1.3191975525116244,5.8366808329
24110,1.3191913060777614,,0.0,1.3191913060777614,5.770844022
24115,1.3191796355885461,,0.0,1.3191796355885461,5.6906647571
24120,1.319163103435108,,0.0,1.319163103435108,5.836685371
24125,1.3191439766475281,,0.0,1.3191439766475281,5.9554956071
24130,1.3191252097753006,,0.0,1.3191252097753006,5.9394122209
24135,1.3191090894348878,,0.0,1.3191090894348878,5.8656646385
24140,1.319096441123651,,0.0,1.319096441123651,5.9913718544
24145,1.3190866648995,,0.0,1.3190866648995,6.0760187127
24150,1.3190783942068824,,0.0,1.3190783942068824,5.9541605431
24155,1.3190703506913377,,0.0,1.3190703506913377,5.9162669731
24160,1.3190618690396696,,0.0,1.3190618690396696,5.9667383524
24165,1.3190526645631997,,0.0,1.3190526645631997,5.9800189727
24170,1.319042374851496,,0.0,1.319042374851496,5.9955601004
24175,1.3190308801406971,,0.0,1.3190308801406971,6.0579207397
24180,1.3190180533064553,,0.0,1.3190180533064553,6.1042769438
24185,1.3190031394621857,,0.0,1.3190031394621857,6.0511773133
24190,1.3189860316936919,,0.0,1.3189860316936919,5.905599116
24195,1.3189680748493269,,0.0,1.3189680748493269,5.8868421984
24200,1.3189512263196899,,0.0,1.3189512263196899,5.9103538968
24205,1.3189369458515883,,0.0,1.3189369458515883,5.8851353614
24210,1.318925628166746,,0.0,1.318925628166746,5.898248402
24215,1.3189165979716446,,0.0,1.3189165979716446,5.9801618607
24220,1.3189085633136357,,0.0,1.3189085633136357,5.950422321
24225,1.31890019032272,,0.0,1.31890019032272,5.8451122084
24230,1.3188908098183258,,0.0,1.3188908098183258,5.9126995935
24235,1.318880722457645,,0.0,1.318880722457645,6.0567208262
24240,1.31887077207688,,0.0,1.31887077207688,6.0843244438
24245,1.3188616567995357,,0.0,1.3188616567995357,5.978715854
24250,1.3188535692458216,,0.0,1.3188535692458216,6.0622582661
24255,1.3188462789950597,,0.0,1.3188462789950597,6.1961682322
24260,1.318839496742674,,0.0,1.318839496742674,6.1519670908
24265,1.3188331077149642,,0.0,1.3188331077149642,6.0324872929
24270,1.3188271489638752,,0.0,1.3188271489638752,6.068914669
24275,1.3188215594846902,,0.0,1.3188215594846902,6.0856004461
24280,1.3188157892369279,,0.0,1.3188157892369279,6.0795687028
24285,1.31880928393847,,0.0,1.31880928393847,6.1667612887
24290,1.31880181940634,,0.0,1.31880181940634,6.2201571813
24295,1.3187933947672594,,0.0,1.3187933947672594,6.1971520365
24300,1.3187837386812313,,0.0,1.3187837386812313,6.0881578418
24305,1.3187734040580799,,0.0,1.3187734040580799,5.9771110237
24310,1.3187637399877943,,0.0,1.3187637399877943,6.0192393065
24315,1.318755818731191,,0.0,1.318755818731191,6.0511128548
24320,1.3187497519431193,,0.0,1.3187497519431193,6.0561496372
24325,1.3187447476850496,,0.0,1.3187447476850496,6.0632477679
24330,1.3187394613581374,,0.0,1.3187394613581374,6.0288971562
24335,1.3187324430711427,,0.0,1.3187324430711427,5.9437744019
24340,1.3187226755797732,,0.0,1.3187226755797732,5.8950954949
24345,1.318710158759275,,0.0,1.318710158759275,5.9756754454
24350,1.3186958670633115,,0.0,1.3186958670633115,6.0186206494
24355,1.3186809091808724,,0.0,1.3186809091808724,5.9436540851
24360,1.318666180970587,,0.0,1.318666180970587,5.9590576483
24365,1.3186526881993779,,0.0,1.3186526881993779,6.1214328003
24370,1.31864113023829,,0.0,1.31864113023829,6.1052685939
24375,1.3186324345087206,,0.0,1.3186324345087206,6.0209030278
24380,1.3186276524375635,,0.0,1.3186276524375635,6.0031609179
24385,1.3186269846292857,,0.0,1.3186269846292857,6.0349992496
24390,1.3186289658479031,,0.0,1.3186289658479031,6.1413102544
24395,1.31863018207486,,0.0,1.31863018207486,6.240632522
24400,1.3186270486280987,,0.0,1.3186270486280987,6.2680204351
24405,1.3186171763433512,,0.0,1.3186171763433512,6.2091042601
24410,1.3185993934060922,,0.0,1.3185993934060922,6.1400133832
24415,1.3185742120563348,,0.0,1.3185742120563348,6.0166469081
24420,1.3185441640521935,,0.0,1.3185441640521935,6.0055074201
24425,1.3185127030840034,,0.0,1.3185127030840034,6.0112228165
24430,1.3184829354021486,,0.0,1.3184829354021486,6.0162585957
24435,1.3184569365392873,,0.0,1.3184569365392873,6.040848369
24440,1.3184352557873766,,0.0,1.3184352557873766,6.0757539175
24445,1.3184165330780728,,0.0,1.3184165330780728,5.9426031846
24450,1.3183987697271953,,0.0,1.3183987697271953,5.8483681175
24455,1.3183804935125347,,0.0,1.3183804935125347,5.8587266419
24460,1.3183614399555657,,0.0,1.3183614399555657,5.8542232238
24465,1.3183422209747635,,0.0,1.3183422209747635,5.8445999935
24470,1.3183236615684741,,0.0,1.3183236615684741,5.8683512394
24475,1.3183063721581247,,0.0,1.3183063721581247,6.0078348387
24480,1.318290495212808,,0.0,1.318290495212808,6.0683109127
24485,1.3182755874814858,,0.0,1.3182755874814858,5.9802752829
24490,1.3182607798028887,,0.0,1.3182607798028887,5.8174555534
24495,1.3182451995226356,,0.0,1.3182451995226356,5.8876164747
24500,1.3182282873684477,,0.0,1.3182282873684477,6.0601568014
24505,1.3182102000313758,,0.0,1.3182102000313758,6.1627382189
24510,1.3181920676581025,,0.0,1.3181920676581025,6.161381987
24515,1.3181755246510642,,0.0,1.3181755246510642,6.1278016397
24520,1.318162112096691,,0.0,1.318162112096691,6.0846025929
24525,1.3181527716383379,,0.0,1.3181527716383379,5.9732119804
24530,1.3181477053775195,,0.0,1.3181477053775195,5.8948976636
24535,1.3181467312981185,,0.0,1.3181467312981185,5.8937719764
24540,1.3181487322278715,,0.0,1.3181487322278715,5.8717538872
24545,1.3181516937635909,,0.0,1.3181516937635909,5.850756175
24550,1.3181533475029017,,0.0,1.3181533475029017,5.897406556
24555,1.3181517896994337,,0.0,1.3181517896994337,5.8612158895
24560,1.3181460739691788,,0.0,1.3181460739691788,5.8040951587
24565,1.318136651672187,,0.0,1.318136651672187,5.8458949574
24570,1.3181251043151914,,0.0,1.3181251043151914,5.8779407368
24575,1.3181132188747968,,0.0,1.3181132188747968,5.8724332836
24580,1.318102457468137,,0.0,1.318102457468137,5.8656534293
24585,1.318093504121513,,0.0,1.318093504121513,6.0000991533
24590,1.3180858550781849,,0.0,1.3180858550781849,6.1271855446
24595,1.3180783094559407,,0.0,1.3180783094559407,6.0767644718
24600,1.3180705594866091,,0.0,1.3180705594866091,5.9067144041
24605,1.3180632852043621,,0.0,1.3180632852043621,5.9555913152
24610,1.3180576229935825,,0.0,1.3180576229935825,6.1222279325
24615,1.3180542994216922,,0.0,1.3180542994216922,6.2518996741
24620,1.3180530364119771,,0.0,1.3180530364119771,6.254020366
24625,1.318053000482819,,0.0,1.318053000482819,6.1972691858
24630,1.318053173267139,,0.0,1.318053173267139,6.1538294597
24635,1.3180526759976088,,0.0,1.3180526759976088,6.013742396
24640,1.3180513053251732,,0.0,1.3180513053251732,5.953289287
24645,1.3180499309101168,,0.0,1.3180499309101168,5.9419867304
24650,1.3180495996881894,,0.0,1.3180495996881894,5.8898151953
24655,1.3180506886660441,,0.0,1.3180506886660441,5.8234939355
24660,1.3180528657484758,,0.0,1.3180528657484758,5.881522497
24665,1.3180550185038729,,0.0,1.3180550185038729,5.8918657466
24670,1.318055619069733,,0.0,1.318055619069733,5.8528596064
24675,1.3180541227699976,,0.0,1.3180541227699976,5.8602982368
24680,1.3180514450496772,,0.0,1.3180514450496772,5.8383863519
24685,1.3180493070152548,,0.0,1.3180493070152548,5.8988858698
24690,1.3180494346386187,,0.0,1.3180494346386187,5.9420059289
24695,1.318052712675291,,0.0,1.318052712675291,6.0672615395
24700,1.3180587702315651,,0.0,1.3180587702315651,6.2107755251
24705,1.3180661615330846,,0.0,1.3180661615330846,6.2482936414
24710,1.3180730719078506,,0.0,1.3180730719078506,6.1397586276
24715,1.3180788572508497,,0.0,1.3180788572508497,6.145578625
24720,1.3180849950239597,,0.0,1.3180849950239597,6.2609176415
24725,1.318093597312767,,0.0,1.318093597312767,6.4108997224
24730,1.3181057584595495,,0.0,1.3181057584595495,6.4546159747
24735,1.3181208317394586,,0.0,1.3181208317394586,6.3194827469
24740,1.3181364027879139,,0.0,1.3181364027879139,6.208427184
24745,1.3181490703112702,,0.0,1.3181490703112702,6.1199333243
24750,1.3181557717230499,,0.0,1.3181557717230499,5.9888735346
24755,1.3181550053590951,,0.0,1.3181550053590951,5.9649662272
24760,1.318147177668008,,0.0,1.318147177668008,5.9439409932
24765,1.3181341302686562,,0.0,1.3181341302686562,5.8656353859
24770,1.3181183047219964,,0.0,1.3181183047219964,5.8575006014
24775,1.318101800139197,,0.0,1.318101800139197,5.8813328005
24780,1.3180857403044848,,0.0,1.3180857403044848,5.8439761368
24785,1.3180716890095208,,0.0,1.3180716890095208,5.8750530617
24790,1.3180619450966617,,0.0,1.3180619450966617,5.8875223795
24795,1.3180582226861643,,0.0,1.3180582226861643,5.9732749296
24800,1.3180609123828706,,0.0,1.3180609123828706,6.0315208102
24805,1.318069352740958,,0.0,1.318069352740958,6.1358053357
24810,1.31808204371807,,0.0,1.31808204371807,6.3282362116
24815,1.318096786898838,,0.0,1.318096786898838,6.4566537872
24820,1.3181109449832444,,0.0,1.3181109449832444,6.4220568358
24825,1.3181228623606684,,0.0,1.3181228623606684,6.3738870888
24830,1.3181328935820398,,0.0,1.3181328935820398,6.4453069919
24835,1.318142291926259,,0.0,1.318142291926259,6.6094373923
24840,1.3181523668115376,,0.0,1.3181523668115376,6.6769664608
24845,1.3181640744774514,,0.0,1.3181640744774514,6.5771896343
24850,1.3181774462372595,,0.0,1.3181774462372595,6.4410352872
24855,1.3181915617805446,,0.0,1.3181915617805446,6.3351792029
24860,1.3182048455887676,,0.0,1.3182048455887676,6.2317484132
24865,1.3182156496613024,,0.0,1.3182156496613024,6.1596399974
24870,1.3182228362414725,,0.0,1.3182228362414725,6.1319034202
24875,1.3182261942454727,,0.0,1.3182261942454727,6.0349370163
24880,1.318226489912504,,0.0,1.318226489912504,6.0336746953
24885,1.318224886698572,,0.0,1.318224886698572,6.0651501614
24890,1.3182225397011633,,0.0,1.3182225397011633,6.0345245828
24895,1.3182204269918067,,0.0,1.3182204269918067,6.0537368075
24900,1.3182194721245253,,0.0,1.3182194721245253,6.0128652714
24905,1.318220831943361,,0.0,1.318220831943361,6.0719486175
24910,1.318225561992091,,0.0,1.318225561992091,6.1042818545
24915,1.3182341178724024,,0.0,1.3182341178724024,6.1850157383
24920,1.3182463250534187,,0.0,1.3182463250534187,6.3092165939
24925,1.3182613661467903,,0.0,1.3182613661467903,6.4451383223
24930,1.3182781529231866,,0.0,1.3182781529231866,6.4628705647
24935,1.318295887081623,,0.0,1.318295887081623,6.4204512432
24940,1.3183144739337973,,0.0,1.3183144739337973,6.45246048
24945,1.318334527519004,,0.0,1.318334527519004,6.5899057696
24950,1.318356821935947,,0.0,1.318356821935947,6.6735756566
24955,1.318381722963418,,0.0,1.318381722963418,6.6160492769
24960,1.3184089225837374,,0.0,1.3184089225837374,6.5189666239
24965,1.3184376332247667,,0.0,1.3184376332247667,6.4469316327
24970,1.318467016788989,,0.0,1.318467016788989,6.3674302691
24975,1.3184963230057176,,0.0,1.3184963230057176,6.3135152179
24980,1.318524936588118,,0.0,1.318524936588118,6.3169467681
24985,1.318552536169831,,0.0,1.318552536169831,6.2744201453
24990,1.31857911039824,,0.0,1.31857911039824,6.2094829326
24995,1.3186047877699876,,0.0,1.3186047877699876,6.2278700169
25000,1.3186295339777179,,0.0,1.3186295339777179,6.224515561
