FoamFile
{
    version     2.0;
    format      ascii;
    class       dictionary;
    object      blockMeshDict;
}
// Generated by aether.cfd - do not edit by hand. Regenerate from the run config.

scale 1;

vertices
(
    (0 0 -0.03)
    (-0.172364363995 1.52828737142e-16 -0.03)
    (0 0 0)
    (-0.172364363995 1.52828737142e-16 0)
    (0.0109475018678 0.0803026867297 -0.03)
    (-0.16604613436 0.0936529318866 -0.03)
    (0.0109475018678 0.0803026867297 0)
    (-0.16604613436 0.0936529318866 0)
    (0.042990542628 0.154744639034 -0.03)
    (-0.148216057879 0.183399088995 -0.03)
    (0.042990542628 0.154744639034 0)
    (-0.148216057879 0.183399088995 0)
    (0.0937905509644 0.217892983081 -0.03)
    (-0.121905535721 0.265763540686 -0.03)
    (0.0937905509644 0.217892983081 0)
    (-0.121905535721 0.265763540686 0)
    (0.159640053072 0.265139070769 -0.03)
    (-0.0913161993171 0.337784146721 -0.03)
    (0.159640053072 0.265139070769 0)
    (-0.0913161993171 0.337784146721 0)
    (0.234935478713 0.295571782688 -0.03)
    (-0.0598199734997 0.39920858199 -0.03)
    (0.234935478713 0.295571782688 0)
    (-0.0598199734997 0.39920858199 0)
    (0.311326801609 0.323375950378 -0.03)
    (-0.0213172819691 0.464127107295 -0.03)
    (0.311326801609 0.323375950378 0)
    (-0.0213172819691 0.464127107295 0)
    (0.387718124506 0.351180118068 -0.03)
    (0.0268740732432 0.535405785397 -0.03)
    (0.387718124506 0.351180118068 0)
    (0.0268740732432 0.535405785397 0)
    (0.464109447402 0.378984285759 -0.03)
    (0.086194982149 0.613213637692 -0.03)
    (0.464109447402 0.378984285759 0)
    (0.086194982149 0.613213637692 0)
    (0.540500770298 0.406788453449 -0.03)
    (0.157977561617 0.697599410637 -0.03)
    (0.540500770298 0.406788453449 0)
    (0.157977561617 0.697599410637 0)
    (0.616892093194 0.43459262114 -0.03)
    (0.243361793504 0.788503371165 -0.03)
    (0.616892093194 0.43459262114 0)
    (0.243361793504 0.788503371165 0)
    (0.693283416091 0.46239678883 -0.03)
    (0.343240598919 0.88578522706 -0.03)
    (0.693283416091 0.46239678883 0)
    (0.343240598919 0.88578522706 0)
    (0.769674738987 0.490200956521 -0.03)
    (0.458243885976 0.989261381673 -0.03)
    (0.769674738987 0.490200956521 0)
    (0.458243885976 0.989261381673 0)
    (0.846066061883 0.518005124211 -0.03)
    (0.588760340301 1.09874299869 -0.03)
    (0.846066061883 0.518005124211 0)
    (0.588760340301 1.09874299869 0)
    (0.92245738478 0.545809291902 -0.03)
    (0.734986234878 1.21406795595 -0.03)
    (0.92245738478 0.545809291902 0)
    (0.734986234878 1.21406795595 0)
    (0.998848707676 0.573613459592 -0.03)
    (0.896986858626 1.33512321999 -0.03)
    (0.998848707676 0.573613459592 0)
    (0.896986858626 1.33512321999 0)
    (1.07557697916 0.6 -0.03)
    (1.07557697916 1.46242910034 -0.03)
    (1.07557697916 0.6 0)
    (1.07557697916 1.46242910034 0)
);

blocks
(
    hex (0 4 5 1 2 6 7 3) (4 48 1) simpleGrading (1 4 1)
    hex (4 8 9 5 6 10 11 7) (4 48 1) simpleGrading (1 4 1)
    hex (8 12 13 9 10 14 15 11) (4 48 1) simpleGrading (1 4 1)
    hex (12 16 17 13 14 18 19 15) (4 48 1) simpleGrading (1 4 1)
    hex (16 20 21 17 18 22 23 19) (4 48 1) simpleGrading (1 4 1)
    hex (20 24 25 21 22 26 27 23) (4 48 1) simpleGrading (1 4 1)
    hex (24 28 29 25 26 30 31 27) (4 48 1) simpleGrading (1 4 1)
    hex (28 32 33 29 30 34 35 31) (4 48 1) simpleGrading (1 4 1)
    hex (32 36 37 33 34 38 39 35) (4 48 1) simpleGrading (1 4 1)
    hex (36 40 41 37 38 42 43 39) (4 48 1) simpleGrading (1 4 1)
    hex (40 44 45 41 42 46 47 43) (4 48 1) simpleGrading (1 4 1)
    hex (44 48 49 45 46 50 51 47) (4 48 1) simpleGrading (1 4 1)
    hex (48 52 53 49 50 54 55 51) (4 48 1) simpleGrading (1 4 1)
    hex (52 56 57 53 54 58 59 55) (4 48 1) simpleGrading (1 4 1)
    hex (56 60 61 57 58 62 63 59) (4 48 1) simpleGrading (1 4 1)
    hex (60 64 65 61 62 66 67 63) (4 48 1) simpleGrading (1 4 1)
);

edges
(
    polyLine 0 4 ((2.52120951693e-06 0.00122992656434 -0.03) (1.00847956911e-05 0.00245983245599 -0.03) (2.26906313932e-05 0.00368969700262 -0.03) (4.03385047435e-05 0.00491949953259 -0.03) (6.30281191156e-05 0.0061492193753 -0.03) (9.07590931409e-05 0.00737883586154 -0.03) (0.000123530960716 0.00860832832384 -0.03) (0.000161343171008 0.00983767609681 -0.03) (0.000204195088468 0.0110668585175 -0.03) (0.000252085992837 0.0122958549257 -0.03) (0.000305015079163 0.0135246446644 -0.03) (0.000362981457811 0.0147532070801 -0.03) (0.000425984154476 0.0159815215229 -0.03) (0.000494022110207 0.0172095673472 -0.03) (0.000567094181417 0.0184373239121 -0.03) (0.000645199139905 0.0196647705812 -0.03) (0.00072833567288 0.0208918867237 -0.03) (0.000816502382976 0.022118651714 -0.03) (0.000909697788282 0.0233450449326 -0.03) (0.00100792032236 0.0245710457661 -0.03) (0.00111116833429 0.025796633608 -0.03) (0.00121944008866 0.0270217878585 -0.03) (0.00133273376564 0.028246487925 -0.03) (0.00145104746098 0.0294707132227 -0.03) (0.00157437918606 0.0306944431749 -0.03) (0.00170272686791 0.0319176572128 -0.03) (0.00183608834924 0.0331403347768 -0.03) (0.00197446138853 0.034362455316 -0.03) (0.00211784365997 0.0355839982887 -0.03) (0.0022662327536 0.0368049431634 -0.03) (0.00241962617527 0.0380252694183 -0.03) (0.00257802134675 0.0392449565421 -0.03) (0.00274141560572 0.0404639840341 -0.03) (0.00290980620584 0.0416823314049 -0.03) (0.00308319031678 0.0428999781764 -0.03) (0.00326156502429 0.0441169038824 -0.03) (0.00344492733025 0.0453330880687 -0.03) (0.00363327415269 0.0465485102935 -0.03) (0.00382660232585 0.047763150128 -0.03) (0.00402490860028 0.0489769871565 -0.03) (0.00422818964282 0.0501900009767 -0.03) (0.00443644203671 0.0514021712001 -0.03) (0.00464966228164 0.0526134774526 -0.03) (0.00486784679379 0.0538238993744 -0.03) (0.00509099190589 0.0550334166207 -0.03) (0.00531909386731 0.0562420088618 -0.03) (0.00555214884409 0.0574496557837 -0.03) (0.00579015291904 0.0586563370882 -0.03) (0.00603310209177 0.0598620324932 -0.03) (0.00628099227877 0.0610667217333 -0.03) (0.00653381931348 0.0622703845601 -0.03) (0.00679157894638 0.0634730007424 -0.03) (0.00705426684502 0.0646745500664 -0.03) (0.00732187859413 0.0658750123365 -0.03) (0.00759440969568 0.0670743673752 -0.03) (0.00787185556894 0.0682725950237 -0.03) (0.00815421155058 0.069469675142 -0.03) (0.00844147289476 0.0706655876097 -0.03) (0.00873363477315 0.0718603123257 -0.03) (0.0090306922751 0.0730538292089 -0.03) (0.00933264040762 0.0742461181988 -0.03) (0.00963947409557 0.0754371592553 -0.03) (0.00995118818166 0.0766269323591 -0.03) (0.0102677774266 0.0778154175127 -0.03) (0.0105892365091 0.0790025947397 -0.03) (0.0109155600261 0.0801884440861 -0.03))
    polyLine 2 6 ((2.52120951693e-06 0.00122992656434 0) (1.00847956911e-05 0.00245983245599 0) (2.26906313932e-05 0.00368969700262 0) (4.03385047435e-05 0.00491949953259 0) (6.30281191156e-05 0.0061492193753 0) (9.07590931409e-05 0.00737883586154 0) (0.000123530960716 0.00860832832384 0) (0.000161343171008 0.00983767609681 0) (0.000204195088468 0.0110668585175 0) (0.000252085992837 0.0122958549257 0) (0.000305015079163 0.0135246446644 0) (0.000362981457811 0.0147532070801 0) (0.000425984154476 0.0159815215229 0) (0.000494022110207 0.0172095673472 0) (0.000567094181417 0.0184373239121 0) (0.000645199139905 0.0196647705812 0) (0.00072833567288 0.0208918867237 0) (0.000816502382976 0.022118651714 0) (0.000909697788282 0.0233450449326 0) (0.00100792032236 0.0245710457661 0) (0.00111116833429 0.025796633608 0) (0.00121944008866 0.0270217878585 0) (0.00133273376564 0.028246487925 0) (0.00145104746098 0.0294707132227 0) (0.00157437918606 0.0306944431749 0) (0.00170272686791 0.0319176572128 0) (0.00183608834924 0.0331403347768 0) (0.00197446138853 0.034362455316 0) (0.00211784365997 0.0355839982887 0) (0.0022662327536 0.0368049431634 0) (0.00241962617527 0.0380252694183 0) (0.00257802134675 0.0392449565421 0) (0.00274141560572 0.0404639840341 0) (0.00290980620584 0.0416823314049 0) (0.00308319031678 0.0428999781764 0) (0.00326156502429 0.0441169038824 0) (0.00344492733025 0.0453330880687 0) (0.00363327415269 0.0465485102935 0) (0.00382660232585 0.047763150128 0) (0.00402490860028 0.0489769871565 0) (0.00422818964282 0.0501900009767 0) (0.00443644203671 0.0514021712001 0) (0.00464966228164 0.0526134774526 0) (0.00486784679379 0.0538238993744 0) (0.00509099190589 0.0550334166207 0) (0.00531909386731 0.0562420088618 0) (0.00555214884409 0.0574496557837 0) (0.00579015291904 0.0586563370882 0) (0.00603310209177 0.0598620324932 0) (0.00628099227877 0.0610667217333 0) (0.00653381931348 0.0622703845601 0) (0.00679157894638 0.0634730007424 0) (0.00705426684502 0.0646745500664 0) (0.00732187859413 0.0658750123365 0) (0.00759440969568 0.0670743673752 0) (0.00787185556894 0.0682725950237 0) (0.00815421155058 0.069469675142 0) (0.00844147289476 0.0706655876097 0) (0.00873363477315 0.0718603123257 0) (0.0090306922751 0.0730538292089 0) (0.00933264040762 0.0742461181988 0) (0.00963947409557 0.0754371592553 0) (0.00995118818166 0.0766269323591 0) (0.0102677774266 0.0778154175127 0) (0.0105892365091 0.0790025947397 0) (0.0109155600261 0.0801884440861 0))
    polyLine 1 5 ((-0.172353311727 0.00391462804559 -0.03) (-0.172320156679 0.00782912512281 -0.03) (-0.172264904119 0.0117433603108 -0.03) (-0.172187562823 0.0156572027836 -0.03) (-0.172088145068 0.0195705218576 -0.03) (-0.171966666625 0.0234831870389 -0.03) (-0.171823146752 0.0273950680699 -0.03) (-0.171657608175 0.0313060349769 -0.03) (-0.171470077077 0.035215958116 -0.03) (-0.171260583083 0.0391247082195 -0.03) (-0.171029159235 0.0430321564423 -0.03) (-0.170775841977 0.0469381744068 -0.03) (-0.170500671125 0.0508426342485 -0.03) (-0.170203689849 0.0547454086604 -0.03) (-0.169884944637 0.0586463709373 -0.03) (-0.169544485273 0.0625453950193 -0.03) (-0.1691823648 0.0664423555347 -0.03) (-0.168798639487 0.0703371278425 -0.03) (-0.168393368797 0.0742295880745 -0.03) (-0.167966615344 0.0781196131758 -0.03) (-0.167518444859 0.0820070809452 -0.03) (-0.167048926146 0.0858918700753 -0.03) (-0.166558131039 0.0897738601907 -0.03))
    polyLine 3 7 ((-0.172353311727 0.00391462804559 0) (-0.172320156679 0.00782912512281 0) (-0.172264904119 0.0117433603108 0) (-0.172187562823 0.0156572027836 0) (-0.172088145068 0.0195705218576 0) (-0.171966666625 0.0234831870389 0) (-0.171823146752 0.0273950680699 0) (-0.171657608175 0.0313060349769 0) (-0.171470077077 0.035215958116 0) (-0.171260583083 0.0391247082195 0) (-0.171029159235 0.0430321564423 0) (-0.170775841977 0.0469381744068 0) (-0.170500671125 0.0508426342485 0) (-0.170203689849 0.0547454086604 0) (-0.169884944637 0.0586463709373 0) (-0.169544485273 0.0625453950193 0) (-0.1691823648 0.0664423555347 0) (-0.168798639487 0.0703371278425 0) (-0.168393368797 0.0742295880745 0) (-0.167966615344 0.0781196131758 0) (-0.167518444859 0.0820070809452 0) (-0.167048926146 0.0858918700753 0) (-0.166558131039 0.0897738601907 0))
    polyLine 4 8 ((0.0112467424927 0.0813729456201 -0.03) (0.0115827783423 0.0825560794325 -0.03) (0.0119236619269 0.083737825637 -0.03) (0.0122693875169 0.0849181643708 -0.03) (0.0126199493013 0.0860970757947 -0.03) (0.0129753413878 0.0872745400936 -0.03) (0.013335557803 0.0884505374764 -0.03) (0.0137005924923 0.089625048177 -0.03) (0.0140704393202 0.090798052454 -0.03) (0.0144450920703 0.0919695305917 -0.03) (0.0148245444454 0.0931394628996 -0.03) (0.0152087900677 0.0943078297136 -0.03) (0.0155978224787 0.0954746113955 -0.03) (0.0159916351395 0.0966397883342 -0.03) (0.016390221431 0.0978033409451 -0.03) (0.0167935746536 0.0989652496713 -0.03) (0.0172016880277 0.100125494983 -0.03) (0.0176145546939 0.10128405738 -0.03) (0.0180321677125 0.102440917387 -0.03) (0.0184545200644 0.103596055561 -0.03) (0.0188816046505 0.104749452486 -0.03) (0.0193134142924 0.105901088775 -0.03) (0.0197499417323 0.107050945073 -0.03) (0.020191179633 0.108199002051 -0.03) (0.020637120578 0.109345240413 -0.03) (0.0210877570721 0.110489640894 -0.03) (0.0215430815408 0.111632184258 -0.03) (0.0220030863311 0.112772851301 -0.03) (0.0224677637112 0.113911622851 -0.03) (0.0229371058707 0.115048479767 -0.03) (0.0234111049209 0.116183402941 -0.03) (0.0238897528947 0.117316373297 -0.03) (0.0243730417472 0.118447371791 -0.03) (0.024860963355 0.119576379415 -0.03) (0.0253535095172 0.120703377192 -0.03) (0.0258506719551 0.121828346178 -0.03) (0.0263524423123 0.122951267466 -0.03) (0.0268588121549 0.124072122181 -0.03) (0.027369772972 0.125190891484 -0.03) (0.0278853161753 0.126307556571 -0.03) (0.0284054330994 0.127422098672 -0.03) (0.0289301150022 0.128534499055 -0.03) (0.0294593530649 0.129644739021 -0.03) (0.0299931383919 0.130752799911 -0.03) (0.0305314620113 0.131858663099 -0.03) (0.0310743148751 0.132962309998 -0.03) (0.0316216878588 0.134063722059 -0.03) (0.0321735717623 0.135162880768 -0.03) (0.0327299573093 0.13625976765 -0.03) (0.0332908351481 0.13735436427 -0.03) (0.0338561958516 0.138446652229 -0.03) (0.0344260299169 0.139536613168 -0.03) (0.0350003277665 0.140624228766 -0.03) (0.0355790797473 0.141709480744 -0.03) (0.0361622761317 0.14279235086 -0.03) (0.0367499071173 0.143872820912 -0.03) (0.0373419628272 0.144950872742 -0.03) (0.03793843331 0.146026488227 -0.03) (0.0385393085403 0.147099649291 -0.03) (0.0391445784185 0.148170337894 -0.03) (0.0397542327711 0.14923853604 -0.03) (0.0403682613511 0.150304225776 -0.03) (0.0409866538379 0.151367389189 -0.03) (0.0416093998374 0.152428008409 -0.03) (0.0422364888825 0.15348606561 -0.03) (0.042867910433 0.154541543007 -0.03))
    polyLine 6 10 ((0.0112467424927 0.0813729456201 0) (0.0115827783423 0.0825560794325 0) (0.0119236619269 0.083737825637 0) (0.0122693875169 0.0849181643708 0) (0.0126199493013 0.0860970757947 0) (0.0129753413878 0.0872745400936 0) (0.013335557803 0.0884505374764 0) (0.0137005924923 0.089625048177 0) (0.0140704393202 0.090798052454 0) (0.0144450920703 0.0919695305917 0) (0.0148245444454 0.0931394628996 0) (0.0152087900677 0.0943078297136 0) (0.0155978224787 0.0954746113955 0) (0.0159916351395 0.0966397883342 0) (0.016390221431 0.0978033409451 0) (0.0167935746536 0.0989652496713 0) (0.0172016880277 0.100125494983 0) (0.0176145546939 0.10128405738 0) (0.0180321677125 0.102440917387 0) (0.0184545200644 0.103596055561 0) (0.0188816046505 0.104749452486 0) (0.0193134142924 0.105901088775 0) (0.0197499417323 0.107050945073 0) (0.020191179633 0.108199002051 0) (0.020637120578 0.109345240413 0) (0.0210877570721 0.110489640894 0) (0.0215430815408 0.111632184258 0) (0.0220030863311 0.112772851301 0) (0.0224677637112 0.113911622851 0) (0.0229371058707 0.115048479767 0) (0.0234111049209 0.116183402941 0) (0.0238897528947 0.117316373297 0) (0.0243730417472 0.118447371791 0) (0.024860963355 0.119576379415 0) (0.0253535095172 0.120703377192 0) (0.0258506719551 0.121828346178 0) (0.0263524423123 0.122951267466 0) (0.0268588121549 0.124072122181 0) (0.027369772972 0.125190891484 0) (0.0278853161753 0.126307556571 0) (0.0284054330994 0.127422098672 0) (0.0289301150022 0.128534499055 0) (0.0294593530649 0.129644739021 0) (0.0299931383919 0.130752799911 0) (0.0305314620113 0.131858663099 0) (0.0310743148751 0.132962309998 0) (0.0316216878588 0.134063722059 0) (0.0321735717623 0.135162880768 0) (0.0327299573093 0.13625976765 0) (0.0332908351481 0.13735436427 0) (0.0338561958516 0.138446652229 0) (0.0344260299169 0.139536613168 0) (0.0350003277665 0.140624228766 0) (0.0355790797473 0.141709480744 0) (0.0361622761317 0.14279235086 0) (0.0367499071173 0.143872820912 0) (0.0373419628272 0.144950872742 0) (0.03793843331 0.146026488227 0) (0.0385393085403 0.147099649291 0) (0.0391445784185 0.148170337894 0) (0.0397542327711 0.14923853604 0) (0.0403682613511 0.150304225776 0) (0.0409866538379 0.151367389189 0) (0.0416093998374 0.152428008409 0) (0.0422364888825 0.15348606561 0) (0.042867910433 0.154541543007 0))
    polyLine 5 9 ((-0.165526124024 0.0974354899285 -0.03) (-0.164986071765 0.101215046839 -0.03) (-0.16442605509 0.104991494521 -0.03) (-0.163846154039 0.108764725885 -0.03) (-0.163246451144 0.112534634882 -0.03) (-0.162627031381 0.116301116526 -0.03) (-0.16198798212 0.12006406693 -0.03) (-0.161329393076 0.123823383329 -0.03) (-0.160651356265 0.127578964104 -0.03) (-0.159953965944 0.131330708815 -0.03) (-0.159237318567 0.135078518218 -0.03) (-0.158501512729 0.138822294291 -0.03) (-0.157746649114 0.142561940259 -0.03) (-0.156972830439 0.146297360615 -0.03) (-0.156180161404 0.150028461138 -0.03) (-0.155368748632 0.153755148917 -0.03) (-0.154538700617 0.157477332368 -0.03) (-0.153690127668 0.161194921253 -0.03) (-0.152823141849 0.164907826696 -0.03) (-0.151937856927 0.1686159612 -0.03) (-0.151034388313 0.172319238663 -0.03) (-0.150112853004 0.176017574391 -0.03) (-0.149173369526 0.179710885114 -0.03))
    polyLine 7 11 ((-0.165526124024 0.0974354899285 0) (-0.164986071765 0.101215046839 0) (-0.16442605509 0.104991494521 0) (-0.163846154039 0.108764725885 0) (-0.163246451144 0.112534634882 0) (-0.162627031381 0.116301116526 0) (-0.16198798212 0.12006406693 0) (-0.161329393076 0.123823383329 0) (-0.160651356265 0.127578964104 0) (-0.159953965944 0.131330708815 0) (-0.159237318567 0.135078518218 0) (-0.158501512729 0.138822294291 0) (-0.157746649114 0.142561940259 0) (-0.156972830439 0.146297360615 0) (-0.156180161404 0.150028461138 0) (-0.155368748632 0.153755148917 0) (-0.154538700617 0.157477332368 0) (-0.153690127668 0.161194921253 0) (-0.152823141849 0.164907826696 0) (-0.151937856927 0.1686159612 0) (-0.151034388313 0.172319238663 0) (-0.150112853004 0.176017574391 0) (-0.149173369526 0.179710885114 0))
    polyLine 8 12 ((0.0435036538761 0.15559442286 -0.03) (0.044143708526 0.156644687472 -0.03) (0.0447880636246 0.15769231919 -0.03) (0.0454367083417 0.158737300406 -0.03) (0.0460896317748 0.159779613555 -0.03) (0.0467468229494 0.160819241118 -0.03) (0.0474082708195 0.161856165621 -0.03) (0.0480739642674 0.162890369636 -0.03) (0.0487438921041 0.163921835779 -0.03) (0.0494180430694 0.164950546713 -0.03) (0.0500964058321 0.165976485148 -0.03) (0.0507789689903 0.166999633839 -0.03) (0.0514657210714 0.168019975591 -0.03) (0.0521566505324 0.169037493251 -0.03) (0.0528517457602 0.170052169719 -0.03) (0.0535509950715 0.171063987939 -0.03) (0.0542543867133 0.172072930905 -0.03) (0.054961908863 0.173078981658 -0.03) (0.0556735496284 0.174082123289 -0.03) (0.0563892970484 0.175082338936 -0.03) (0.0571091390925 0.176079611789 -0.03) (0.0578330636615 0.177073925083 -0.03) (0.0585610585879 0.178065262109 -0.03) (0.0592931116352 0.179053606201 -0.03) (0.0600292104993 0.18003894075 -0.03) (0.0607693428075 0.181021249193 -0.03) (0.0615134961199 0.182000515019 -0.03) (0.0622616579285 0.182976721768 -0.03) (0.0630138156582 0.183949853034 -0.03) (0.0637699566668 0.184919892458 -0.03) (0.064530068245 0.185886823738 -0.03) (0.0652941376167 0.186850630619 -0.03) (0.0660621519394 0.187811296904 -0.03) (0.0668340983043 0.188768806444 -0.03) (0.0676099637365 0.189723143147 -0.03) (0.0683897351951 0.19067429097 -0.03) (0.0691733995738 0.191622233928 -0.03) (0.0699609437006 0.192566956088 -0.03) (0.0707523543385 0.19350844157 -0.03) (0.0715476181854 0.194446674549 -0.03) (0.0723467218743 0.195381639257 -0.03) (0.0731496519741 0.196313319977 -0.03) (0.0739563949888 0.197241701051 -0.03) (0.0747669373589 0.198166766874 -0.03) (0.0755812654605 0.199088501897 -0.03) (0.0763993656064 0.200006890628 -0.03) (0.077221224046 0.200921917631 -0.03) (0.0780468269654 0.201833567525 -0.03) (0.0788761604879 0.202741824988 -0.03) (0.0797092106738 0.203646674753 -0.03) (0.0805459635213 0.204548101612 -0.03) (0.0813864049662 0.205446090414 -0.03) (0.0822305208822 0.206340626065 -0.03) (0.0830782970815 0.207231693529 -0.03) (0.0839297193145 0.20811927783 -0.03) (0.0847847732705 0.209003364049 -0.03) (0.0856434445777 0.209883937326 -0.03) (0.0865057188035 0.210760982861 -0.03) (0.0873715814547 0.211634485911 -0.03) (0.0882410179778 0.212504431796 -0.03) (0.0891140137594 0.213370805893 -0.03) (0.089990554126 0.214233593639 -0.03) (0.0908706243447 0.215092780534 -0.03) (0.0917542096232 0.215948352136 -0.03) (0.0926412951101 0.216800294064 -0.03) (0.0935318658953 0.217648591999 -0.03))
    polyLine 10 14 ((0.0435036538761 0.15559442286 0) (0.044143708526 0.156644687472 0) (0.0447880636246 0.15769231919 0) (0.0454367083417 0.158737300406 0) (0.0460896317748 0.159779613555 0) (0.0467468229494 0.160819241118 0) (0.0474082708195 0.161856165621 0) (0.0480739642674 0.162890369636 0) (0.0487438921041 0.163921835779 0) (0.0494180430694 0.164950546713 0) (0.0500964058321 0.165976485148 0) (0.0507789689903 0.166999633839 0) (0.0514657210714 0.168019975591 0) (0.0521566505324 0.169037493251 0) (0.0528517457602 0.170052169719 0) (0.0535509950715 0.171063987939 0) (0.0542543867133 0.172072930905 0) (0.054961908863 0.173078981658 0) (0.0556735496284 0.174082123289 0) (0.0563892970484 0.175082338936 0) (0.0571091390925 0.176079611789 0) (0.0578330636615 0.177073925083 0) (0.0585610585879 0.178065262109 0) (0.0592931116352 0.179053606201 0) (0.0600292104993 0.18003894075 0) (0.0607693428075 0.181021249193 0) (0.0615134961199 0.182000515019 0) (0.0622616579285 0.182976721768 0) (0.0630138156582 0.183949853034 0) (0.0637699566668 0.184919892458 0) (0.064530068245 0.185886823738 0) (0.0652941376167 0.186850630619 0) (0.0660621519394 0.187811296904 0) (0.0668340983043 0.188768806444 0) (0.0676099637365 0.189723143147 0) (0.0683897351951 0.19067429097 0) (0.0691733995738 0.191622233928 0) (0.0699609437006 0.192566956088 0) (0.0707523543385 0.19350844157 0) (0.0715476181854 0.194446674549 0) (0.0723467218743 0.195381639257 0) (0.0731496519741 0.196313319977 0) (0.0739563949888 0.197241701051 0) (0.0747669373589 0.198166766874 0) (0.0755812654605 0.199088501897 0) (0.0763993656064 0.200006890628 0) (0.077221224046 0.200921917631 0) (0.0780468269654 0.201833567525 0) (0.0788761604879 0.202741824988 0) (0.0797092106738 0.203646674753 0) (0.0805459635213 0.204548101612 0) (0.0813864049662 0.205446090414 0) (0.0822305208822 0.206340626065 0) (0.0830782970815 0.207231693529 0) (0.0839297193145 0.20811927783 0) (0.0847847732705 0.209003364049 0) (0.0856434445777 0.209883937326 0) (0.0865057188035 0.210760982861 0) (0.0873715814547 0.211634485911 0) (0.0882410179778 0.212504431796 0) (0.0891140137594 0.213370805893 0) (0.089990554126 0.214233593639 0) (0.0908706243447 0.215092780534 0) (0.0917542096232 0.215948352136 0) (0.0926412951101 0.216800294064 0) (0.0935318658953 0.217648591999 0))
    polyLine 9 13 ((-0.147292272725 0.186890351619 -0.03) (-0.146352682304 0.190376886165 -0.03) (-0.145397392203 0.193858626557 -0.03) (-0.144426509016 0.19733550791 -0.03) (-0.1434401403 0.200807466538 -0.03) (-0.142438394535 0.204274439954 -0.03) (-0.141421381073 0.207736366881 -0.03) (-0.140389210102 0.211193187255 -0.03) (-0.139341992598 0.214644842225 -0.03) (-0.138279840286 0.21809127416 -0.03) (-0.137202865592 0.22153242665 -0.03) (-0.136111181606 0.22496824451 -0.03) (-0.135004902037 0.228398673776 -0.03) (-0.13388414117 0.231823661713 -0.03) (-0.132749013828 0.235243156809 -0.03) (-0.131599635331 0.238657108777 -0.03) (-0.130436121451 0.242065468556 -0.03) (-0.129258588376 0.245468188306 -0.03) (-0.12806715267 0.248865221409 -0.03) (-0.12686193123 0.252256522465 -0.03) (-0.125643041253 0.25564204729 -0.03) (-0.124410600194 0.259021752911 -0.03) (-0.12316472573 0.262395597563 -0.03))
    polyLine 11 15 ((-0.147292272725 0.186890351619 0) (-0.146352682304 0.190376886165 0) (-0.145397392203 0.193858626557 0) (-0.144426509016 0.19733550791 0) (-0.1434401403 0.200807466538 0) (-0.142438394535 0.204274439954 0) (-0.141421381073 0.207736366881 0) (-0.140389210102 0.211193187255 0) (-0.139341992598 0.214644842225 0) (-0.138279840286 0.21809127416 0) (-0.137202865592 0.22153242665 0) (-0.136111181606 0.22496824451 0) (-0.135004902037 0.228398673776 0) (-0.13388414117 0.231823661713 0) (-0.132749013828 0.235243156809 0) (-0.131599635331 0.238657108777 0) (-0.130436121451 0.242065468556 0) (-0.129258588376 0.245468188306 0) (-0.12806715267 0.248865221409 0) (-0.12686193123 0.252256522465 0) (-0.125643041253 0.25564204729 0) (-0.124410600194 0.259021752911 0) (-0.12316472573 0.262395597563 0))
    polyLine 12 16 ((0.0944259070101 0.218493231683 -0.03) (0.0953234034272 0.219334198919 -0.03) (0.0962243400615 0.220171479571 -0.03) (0.0971287017701 0.221005059568 -0.03) (0.0980364733523 0.221834924897 -0.03) (0.0989476395502 0.222661061611 -0.03) (0.0998621850491 0.223483455823 -0.03) (0.100780094477 0.224302093712 -0.03) (0.101701352406 0.225116961516 -0.03) (0.102625943351 0.225928045541 -0.03) (0.103553851771 0.226735332152 -0.03) (0.104485062071 0.227538807782 -0.03) (0.105419558599 0.228338458925 -0.03) (0.106357325646 0.22913427214 -0.03) (0.107298347453 0.229926234052 -0.03) (0.1082426082 0.23071433135 -0.03) (0.109190092019 0.231498550786 -0.03) (0.110140782982 0.23227887918 -0.03) (0.111094665111 0.233055303416 -0.03) (0.112051722373 0.233827810444 -0.03) (0.113011938681 0.234596387279 -0.03) (0.113975297897 0.235361021003 -0.03) (0.114941783828 0.236121698764 -0.03) (0.115911380228 0.236878407776 -0.03) (0.116884070802 0.237631135321 -0.03) (0.117859839201 0.238379868747 -0.03) (0.118838669022 0.239124595469 -0.03) (0.119820543815 0.23986530297 -0.03) (0.120805447076 0.240601978799 -0.03) (0.121793362249 0.241334610576 -0.03) (0.122784272732 0.242063185984 -0.03) (0.123778161867 0.242787692779 -0.03) (0.124775012951 0.243508118784 -0.03) (0.125774809227 0.244224451888 -0.03) (0.126777533891 0.244936680052 -0.03) (0.127783170089 0.245644791306 -0.03) (0.128791700919 0.246348773745 -0.03) (0.129803109429 0.247048615539 -0.03) (0.130817378619 0.247744304925 -0.03) (0.131834491441 0.248435830208 -0.03) (0.132854430799 0.249123179766 -0.03) (0.133877179551 0.249806342046 -0.03) (0.134902720506 0.250485305564 -0.03) (0.135931036427 0.251160058911 -0.03) (0.136962110029 0.251830590742 -0.03) (0.137995923982 0.25249688979 -0.03) (0.13903246091 0.253158944853 -0.03) (0.14007170339 0.253816744805 -0.03) (0.141113633956 0.254470278589 -0.03) (0.142158235093 0.255119535221 -0.03) (0.143205489245 0.255764503787 -0.03) (0.144255378809 0.256405173447 -0.03) (0.145307886139 0.257041533432 -0.03) (0.146362993544 0.257673573048 -0.03) (0.147420683289 0.258301281669 -0.03) (0.148480937596 0.258924648746 -0.03) (0.149543738646 0.259543663801 -0.03) (0.150609068574 0.26015831643 -0.03) (0.151676909475 0.260768596302 -0.03) (0.152747243399 0.261374493158 -0.03) (0.153820052357 0.261975996815 -0.03) (0.154895318317 0.262573097163 -0.03) (0.155973023206 0.263165784166 -0.03) (0.157053148909 0.263754047861 -0.03) (0.158135677272 0.264337878362 -0.03) (0.1592205901 0.264917265855 -0.03))
    polyLine 14 18 ((0.0944259070101 0.218493231683 0) (0.0953234034272 0.219334198919 0) (0.0962243400615 0.220171479571 0) (0.0971287017701 0.221005059568 0) (0.0980364733523 0.221834924897 0) (0.0989476395502 0.222661061611 0) (0.0998621850491 0.223483455823 0) (0.100780094477 0.224302093712 0) (0.101701352406 0.225116961516 0) (0.102625943351 0.225928045541 0) (0.103553851771 0.226735332152 0) (0.104485062071 0.227538807782 0) (0.105419558599 0.228338458925 0) (0.106357325646 0.22913427214 0) (0.107298347453 0.229926234052 0) (0.1082426082 0.23071433135 0) (0.109190092019 0.231498550786 0) (0.110140782982 0.23227887918 0) (0.111094665111 0.233055303416 0) (0.112051722373 0.233827810444 0) (0.113011938681 0.234596387279 0) (0.113975297897 0.235361021003 0) (0.114941783828 0.236121698764 0) (0.115911380228 0.236878407776 0) (0.116884070802 0.237631135321 0) (0.117859839201 0.238379868747 0) (0.118838669022 0.239124595469 0) (0.119820543815 0.23986530297 0) (0.120805447076 0.240601978799 0) (0.121793362249 0.241334610576 0) (0.122784272732 0.242063185984 0) (0.123778161867 0.242787692779 0) (0.124775012951 0.243508118784 0) (0.125774809227 0.244224451888 0) (0.126777533891 0.244936680052 0) (0.127783170089 0.245644791306 0) (0.128791700919 0.246348773745 0) (0.129803109429 0.247048615539 0) (0.130817378619 0.247744304925 0) (0.131834491441 0.248435830208 0) (0.132854430799 0.249123179766 0) (0.133877179551 0.249806342046 0) (0.134902720506 0.250485305564 0) (0.135931036427 0.251160058911 0) (0.136962110029 0.251830590742 0) (0.137995923982 0.25249688979 0) (0.13903246091 0.253158944853 0) (0.14007170339 0.253816744805 0) (0.141113633956 0.254470278589 0) (0.142158235093 0.255119535221 0) (0.143205489245 0.255764503787 0) (0.144255378809 0.256405173447 0) (0.145307886139 0.257041533432 0) (0.146362993544 0.257673573048 0) (0.147420683289 0.258301281669 0) (0.148480937596 0.258924648746 0) (0.149543738646 0.259543663801 0) (0.150609068574 0.26015831643 0) (0.151676909475 0.260768596302 0) (0.152747243399 0.261374493158 0) (0.153820052357 0.261975996815 0) (0.154895318317 0.262573097163 0) (0.155973023206 0.263165784166 0) (0.157053148909 0.263754047861 0) (0.158135677272 0.264337878362 0) (0.1592205901 0.264917265855 0))
    polyLine 13 17 ((-0.120748157376 0.268823320159 -0.03) (-0.11957993836 0.271878150796 -0.03) (-0.118400967745 0.274928004608 -0.03) (-0.117211334638 0.277972854416 -0.03) (-0.116011128157 0.28101267385 -0.03) (-0.114800437408 0.284047437341 -0.03) (-0.113579351468 0.287077120121 -0.03) (-0.112347959365 0.290101698217 -0.03) (-0.111106350052 0.293121148444 -0.03) (-0.109854612394 0.296135448403 -0.03) (-0.108592835146 0.299144576475 -0.03) (-0.107321106933 0.302148511813 -0.03) (-0.106039516234 0.305147234342 -0.03) (-0.104748151363 0.308140724748 -0.03) (-0.103447100449 0.311128964475 -0.03) (-0.102136451421 0.314111935719 -0.03) (-0.100816291991 0.317089621419 -0.03) (-0.0994867096372 0.320062005257 -0.03) (-0.0981477915859 0.323029071644 -0.03) (-0.096799624798 0.325990805719 -0.03) (-0.0954422959525 0.328947193341 -0.03) (-0.0940758914312 0.33189822108 -0.03) (-0.0927004973046 0.334843876215 -0.03))
    polyLine 15 19 ((-0.120748157376 0.268823320159 0) (-0.11957993836 0.271878150796 0) (-0.118400967745 0.274928004608 0) (-0.117211334638 0.277972854416 0) (-0.116011128157 0.28101267385 0) (-0.114800437408 0.284047437341 0) (-0.113579351468 0.287077120121 0) (-0.112347959365 0.290101698217 0) (-0.111106350052 0.293121148444 0) (-0.109854612394 0.296135448403 0) (-0.108592835146 0.299144576475 0) (-0.107321106933 0.302148511813 0) (-0.106039516234 0.305147234342 0) (-0.104748151363 0.308140724748 0) (-0.103447100449 0.311128964475 0) (-0.102136451421 0.314111935719 0) (-0.100816291991 0.317089621419 0) (-0.0994867096372 0.320062005257 0) (-0.0981477915859 0.323029071644 0) (-0.096799624798 0.325990805719 0) (-0.0954422959525 0.328947193341 0) (-0.0940758914312 0.33189822108 0) (-0.0927004973046 0.334843876215 0))
    polyLine 16 20 ((0.160307869156 0.265492200602 -0.03) (0.161397496167 0.266062672939 -0.03) (0.162489452818 0.266628673277 -0.03) (0.163583720754 0.267190192104 -0.03) (0.164680281584 0.267747219982 -0.03) (0.165779116877 0.268299747547 -0.03) (0.166880208163 0.268847765513 -0.03) (0.167983536934 0.269391264668 -0.03) (0.169089084647 0.269930235878 -0.03) (0.170196832718 0.270464670084 -0.03) (0.17130676253 0.270994558302 -0.03) (0.172418855425 0.271519891627 -0.03) (0.173533092713 0.272040661228 -0.03) (0.174649455664 0.272556858352 -0.03) (0.175767925515 0.273068474323 -0.03) (0.176888483467 0.273575500542 -0.03) (0.178011110685 0.274077928487 -0.03) (0.1791357883 0.274575749712 -0.03) (0.180262497408 0.275068955851 -0.03) (0.181391219072 0.275557538614 -0.03) (0.18252193432 0.276041489787 -0.03) (0.183654624146 0.276520801238 -0.03) (0.184789269513 0.27699546491 -0.03) (0.18592585135 0.277465472824 -0.03) (0.187064350552 0.277930817082 -0.03) (0.188204747983 0.27839148986 -0.03) (0.189347024476 0.278847483416 -0.03) (0.190491160831 0.279298790087 -0.03) (0.191637137818 0.279745402285 -0.03) (0.192784936175 0.280187312505 -0.03) (0.193934536609 0.280624513319 -0.03) (0.195085919798 0.281056997379 -0.03) (0.19623906639 0.281484757414 -0.03) (0.197393957002 0.281907786236 -0.03) (0.198549301675 0.282328297307 -0.03) (0.199704646348 0.282748808378 -0.03) (0.200859991021 0.28316931945 -0.03) (0.202015335694 0.283589830521 -0.03) (0.203170680367 0.284010341592 -0.03) (0.20432602504 0.284430852663 -0.03) (0.205481369713 0.284851363735 -0.03) (0.206636714386 0.285271874806 -0.03) (0.207792059059 0.285692385877 -0.03) (0.208947403732 0.286112896948 -0.03) (0.210102748405 0.28653340802 -0.03) (0.211258093077 0.286953919091 -0.03) (0.21241343775 0.287374430162 -0.03) (0.213568782423 0.287794941233 -0.03) (0.214724127096 0.288215452305 -0.03) (0.215879471769 0.288635963376 -0.03) (0.217034816442 0.289056474447 -0.03) (0.218190161115 0.289476985519 -0.03) (0.219345505788 0.28989749659 -0.03) (0.220500850461 0.290318007661 -0.03) (0.221656195134 0.290738518732 -0.03) (0.222811539807 0.291159029804 -0.03) (0.22396688448 0.291579540875 -0.03) (0.225122229153 0.292000051946 -0.03) (0.226277573826 0.292420563017 -0.03) (0.227432918499 0.292841074089 -0.03) (0.228588263171 0.29326158516 -0.03) (0.229743607844 0.293682096231 -0.03) (0.230898952517 0.294102607302 -0.03) (0.23205429719 0.294523118374 -0.03) (0.233209641863 0.294943629445 -0.03) (0.234364986536 0.295364140516 -0.03))
    polyLine 18 22 ((0.160307869156 0.265492200602 0) (0.161397496167 0.266062672939 0) (0.162489452818 0.266628673277 0) (0.163583720754 0.267190192104 0) (0.164680281584 0.267747219982 0) (0.165779116877 0.268299747547 0) (0.166880208163 0.268847765513 0) (0.167983536934 0.269391264668 0) (0.169089084647 0.269930235878 0) (0.170196832718 0.270464670084 0) (0.17130676253 0.270994558302 0) (0.172418855425 0.271519891627 0) (0.173533092713 0.272040661228 0) (0.174649455664 0.272556858352 0) (0.175767925515 0.273068474323 0) (0.176888483467 0.273575500542 0) (0.178011110685 0.274077928487 0) (0.1791357883 0.274575749712 0) (0.180262497408 0.275068955851 0) (0.181391219072 0.275557538614 0) (0.18252193432 0.276041489787 0) (0.183654624146 0.276520801238 0) (0.184789269513 0.27699546491 0) (0.18592585135 0.277465472824 0) (0.187064350552 0.277930817082 0) (0.188204747983 0.27839148986 0) (0.189347024476 0.278847483416 0) (0.190491160831 0.279298790087 0) (0.191637137818 0.279745402285 0) (0.192784936175 0.280187312505 0) (0.193934536609 0.280624513319 0) (0.195085919798 0.281056997379 0) (0.19623906639 0.281484757414 0) (0.197393957002 0.281907786236 0) (0.198549301675 0.282328297307 0) (0.199704646348 0.282748808378 0) (0.200859991021 0.28316931945 0) (0.202015335694 0.283589830521 0) (0.203170680367 0.284010341592 0) (0.20432602504 0.284430852663 0) (0.205481369713 0.284851363735 0) (0.206636714386 0.285271874806 0) (0.207792059059 0.285692385877 0) (0.208947403732 0.286112896948 0) (0.210102748405 0.28653340802 0) (0.211258093077 0.286953919091 0) (0.21241343775 0.287374430162 0) (0.213568782423 0.287794941233 0) (0.214724127096 0.288215452305 0) (0.215879471769 0.288635963376 0) (0.217034816442 0.289056474447 0) (0.218190161115 0.289476985519 0) (0.219345505788 0.28989749659 0) (0.220500850461 0.290318007661 0) (0.221656195134 0.290738518732 0) (0.222811539807 0.291159029804 0) (0.22396688448 0.291579540875 0) (0.225122229153 0.292000051946 0) (0.226277573826 0.292420563017 0) (0.227432918499 0.292841074089 0) (0.228588263171 0.29326158516 0) (0.229743607844 0.293682096231 0) (0.230898952517 0.294102607302 0) (0.23205429719 0.294523118374 0) (0.233209641863 0.294943629445 0) (0.234364986536 0.295364140516 0))
    polyLine 17 21 ((-0.0900783844898 0.34039302695 -0.03) (-0.0888336626116 0.342997636729 -0.03) (-0.0875820931916 0.345597968979 -0.03) (-0.0863237355038 0.348194017041 -0.03) (-0.0850586485801 0.35078577467 -0.03) (-0.0837868912035 0.353373236034 -0.03) (-0.0825085219016 0.355956395709 -0.03) (-0.0812235989401 0.358535248671 -0.03) (-0.0799321803165 0.361109790297 -0.03) (-0.0786343237542 0.36368001636 -0.03) (-0.0773300866963 0.366245923021 -0.03) (-0.0760195263005 0.368807506828 -0.03) (-0.0747026994326 0.371364764712 -0.03) (-0.0733796626621 0.37391769398 -0.03) (-0.0720504722564 0.376466292315 -0.03) (-0.070715184176 0.379010557765 -0.03) (-0.0693738540695 0.381550488747 -0.03) (-0.068026537269 0.384086084037 -0.03) (-0.0666732887857 0.386617342765 -0.03) (-0.0653141633051 0.389144264416 -0.03) (-0.0639492151832 0.391666848821 -0.03) (-0.0625784984421 0.394185096154 -0.03) (-0.0612020667666 0.396699006928 -0.03))
    polyLine 19 23 ((-0.0900783844898 0.34039302695 0) (-0.0888336626116 0.342997636729 0) (-0.0875820931916 0.345597968979 0) (-0.0863237355038 0.348194017041 0) (-0.0850586485801 0.35078577467 0) (-0.0837868912035 0.353373236034 0) (-0.0825085219016 0.355956395709 0) (-0.0812235989401 0.358535248671 0) (-0.0799321803165 0.361109790297 0) (-0.0786343237542 0.36368001636 0) (-0.0773300866963 0.366245923021 0) (-0.0760195263005 0.368807506828 0) (-0.0747026994326 0.371364764712 0) (-0.0733796626621 0.37391769398 0) (-0.0720504722564 0.376466292315 0) (-0.070715184176 0.379010557765 0) (-0.0693738540695 0.381550488747 0) (-0.068026537269 0.384086084037 0) (-0.0666732887857 0.386617342765 0) (-0.0653141633051 0.389144264416 0) (-0.0639492151832 0.391666848821 0) (-0.0625784984421 0.394185096154 0) (-0.0612020667666 0.396699006928 0))
    polyLine 20 24 ((0.235520331209 0.295784651588 -0.03) (0.236675675882 0.296205162659 -0.03) (0.237831020555 0.29662567373 -0.03) (0.238986365228 0.297046184801 -0.03) (0.240141709901 0.297466695873 -0.03) (0.241297054574 0.297887206944 -0.03) (0.242452399247 0.298307718015 -0.03) (0.24360774392 0.298728229086 -0.03) (0.244763088593 0.299148740158 -0.03) (0.245918433265 0.299569251229 -0.03) (0.247073777938 0.2999897623 -0.03) (0.248229122611 0.300410273371 -0.03) (0.249384467284 0.300830784443 -0.03) (0.250539811957 0.301251295514 -0.03) (0.25169515663 0.301671806585 -0.03) (0.252850501303 0.302092317657 -0.03) (0.254005845976 0.302512828728 -0.03) (0.255161190649 0.302933339799 -0.03) (0.256316535322 0.30335385087 -0.03) (0.257471879995 0.303774361942 -0.03) (0.258627224668 0.304194873013 -0.03) (0.259782569341 0.304615384084 -0.03) (0.260937914014 0.305035895155 -0.03) (0.262093258687 0.305456406227 -0.03) (0.263248603359 0.305876917298 -0.03) (0.264403948032 0.306297428369 -0.03) (0.265559292705 0.30671793944 -0.03) (0.266714637378 0.307138450512 -0.03) (0.267869982051 0.307558961583 -0.03) (0.269025326724 0.307979472654 -0.03) (0.270180671397 0.308399983726 -0.03) (0.27133601607 0.308820494797 -0.03) (0.272491360743 0.309241005868 -0.03) (0.273646705416 0.309661516939 -0.03) (0.274802050089 0.310082028011 -0.03) (0.275957394762 0.310502539082 -0.03) (0.277112739435 0.310923050153 -0.03) (0.278268084108 0.311343561224 -0.03) (0.279423428781 0.311764072296 -0.03) (0.280578773453 0.312184583367 -0.03) (0.281734118126 0.312605094438 -0.03) (0.282889462799 0.313025605509 -0.03) (0.284044807472 0.313446116581 -0.03) (0.285200152145 0.313866627652 -0.03) (0.286355496818 0.314287138723 -0.03) (0.287510841491 0.314707649794 -0.03) (0.288666186164 0.315128160866 -0.03) (0.289821530837 0.315548671937 -0.03) (0.29097687551 0.315969183008 -0.03) (0.292132220183 0.31638969408 -0.03) (0.293287564856 0.316810205151 -0.03) (0.294442909529 0.317230716222 -0.03) (0.295598254202 0.317651227293 -0.03) (0.296753598875 0.318071738365 -0.03) (0.297908943547 0.318492249436 -0.03) (0.29906428822 0.318912760507 -0.03) (0.300219632893 0.319333271578 -0.03) (0.301374977566 0.31975378265 -0.03) (0.302530322239 0.320174293721 -0.03) (0.303685666912 0.320594804792 -0.03) (0.304841011585 0.321015315863 -0.03) (0.305996356258 0.321435826935 -0.03) (0.307151700931 0.321856338006 -0.03) (0.308307045604 0.322276849077 -0.03) (0.309462390277 0.322697360149 -0.03) (0.31061773495 0.32311787122 -0.03))
    polyLine 22 26 ((0.235520331209 0.295784651588 0) (0.236675675882 0.296205162659 0) (0.237831020555 0.29662567373 0) (0.238986365228 0.297046184801 0) (0.240141709901 0.297466695873 0) (0.241297054574 0.297887206944 0) (0.242452399247 0.298307718015 0) (0.24360774392 0.298728229086 0) (0.244763088593 0.299148740158 0) (0.245918433265 0.299569251229 0) (0.247073777938 0.2999897623 0) (0.248229122611 0.300410273371 0) (0.249384467284 0.300830784443 0) (0.250539811957 0.301251295514 0) (0.25169515663 0.301671806585 0) (0.252850501303 0.302092317657 0) (0.254005845976 0.302512828728 0) (0.255161190649 0.302933339799 0) (0.256316535322 0.30335385087 0) (0.257471879995 0.303774361942 0) (0.258627224668 0.304194873013 0) (0.259782569341 0.304615384084 0) (0.260937914014 0.305035895155 0) (0.262093258687 0.305456406227 0) (0.263248603359 0.305876917298 0) (0.264403948032 0.306297428369 0) (0.265559292705 0.30671793944 0) (0.266714637378 0.307138450512 0) (0.267869982051 0.307558961583 0) (0.269025326724 0.307979472654 0) (0.270180671397 0.308399983726 0) (0.27133601607 0.308820494797 0) (0.272491360743 0.309241005868 0) (0.273646705416 0.309661516939 0) (0.274802050089 0.310082028011 0) (0.275957394762 0.310502539082 0) (0.277112739435 0.310923050153 0) (0.278268084108 0.311343561224 0) (0.279423428781 0.311764072296 0) (0.280578773453 0.312184583367 0) (0.281734118126 0.312605094438 0) (0.282889462799 0.313025605509 0) (0.284044807472 0.313446116581 0) (0.285200152145 0.313866627652 0) (0.286355496818 0.314287138723 0) (0.287510841491 0.314707649794 0) (0.288666186164 0.315128160866 0) (0.289821530837 0.315548671937 0) (0.29097687551 0.315969183008 0) (0.292132220183 0.31638969408 0) (0.293287564856 0.316810205151 0) (0.294442909529 0.317230716222 0) (0.295598254202 0.317651227293 0) (0.296753598875 0.318071738365 0) (0.297908943547 0.318492249436 0) (0.29906428822 0.318912760507 0) (0.300219632893 0.319333271578 0) (0.301374977566 0.31975378265 0) (0.302530322239 0.320174293721 0) (0.303685666912 0.320594804792 0) (0.304841011585 0.321015315863 0) (0.305996356258 0.321435826935 0) (0.307151700931 0.321856338006 0) (0.308307045604 0.322276849077 0) (0.309462390277 0.322697360149 0) (0.31061773495 0.32311787122 0))
    polyLine 21 25 ((-0.058287790987 0.401973830551 -0.03) (-0.056748844847 0.404733799265 -0.03) (-0.0552032053542 0.407488490656 -0.03) (-0.053650942255 0.410237907714 -0.03) (-0.0520921247633 0.412982053892 -0.03) (-0.0505268215553 0.4157209331 -0.03) (-0.0489551007652 0.418454549694 -0.03) (-0.0473770299813 0.421182908475 -0.03) (-0.045792676242 0.423906014675 -0.03) (-0.0442021060319 0.426623873956 -0.03) (-0.0426053852787 0.429336492401 -0.03) (-0.0410025793497 0.432043876505 -0.03) (-0.0393937530489 0.434746033172 -0.03) (-0.0377789706143 0.437442969705 -0.03) (-0.0361582957152 0.440134693801 -0.03) (-0.0345317914498 0.442821213544 -0.03) (-0.0328995203433 0.445502537398 -0.03) (-0.0312615443456 0.448178674201 -0.03) (-0.0296179248298 0.450849633158 -0.03) (-0.0279687225905 0.453515423834 -0.03) (-0.0263139978423 0.456176056149 -0.03) (-0.0246538102188 0.458831540369 -0.03) (-0.0229882187716 0.461481887104 -0.03))
    polyLine 23 27 ((-0.058287790987 0.401973830551 0) (-0.056748844847 0.404733799265 0) (-0.0552032053542 0.407488490656 0) (-0.053650942255 0.410237907714 0) (-0.0520921247633 0.412982053892 0) (-0.0505268215553 0.4157209331 0) (-0.0489551007652 0.418454549694 0) (-0.0473770299813 0.421182908475 0) (-0.045792676242 0.423906014675 0) (-0.0442021060319 0.426623873956 0) (-0.0426053852787 0.429336492401 0) (-0.0410025793497 0.432043876505 0) (-0.0393937530489 0.434746033172 0) (-0.0377789706143 0.437442969705 0) (-0.0361582957152 0.440134693801 0) (-0.0345317914498 0.442821213544 0) (-0.0328995203433 0.445502537398 0) (-0.0312615443456 0.448178674201 0) (-0.0296179248298 0.450849633158 0) (-0.0279687225905 0.453515423834 0) (-0.0263139978423 0.456176056149 0) (-0.0246538102188 0.458831540369 0) (-0.0229882187716 0.461481887104 0))
    polyLine 24 28 ((0.311773079623 0.323538382291 -0.03) (0.312928424296 0.323958893362 -0.03) (0.314083768969 0.324379404434 -0.03) (0.315239113641 0.324799915505 -0.03) (0.316394458314 0.325220426576 -0.03) (0.317549802987 0.325640937647 -0.03) (0.31870514766 0.326061448719 -0.03) (0.319860492333 0.32648195979 -0.03) (0.321015837006 0.326902470861 -0.03) (0.322171181679 0.327322981932 -0.03) (0.323326526352 0.327743493004 -0.03) (0.324481871025 0.328164004075 -0.03) (0.325637215698 0.328584515146 -0.03) (0.326792560371 0.329005026218 -0.03) (0.327947905044 0.329425537289 -0.03) (0.329103249717 0.32984604836 -0.03) (0.33025859439 0.330266559431 -0.03) (0.331413939063 0.330687070503 -0.03) (0.332569283735 0.331107581574 -0.03) (0.333724628408 0.331528092645 -0.03) (0.334879973081 0.331948603716 -0.03) (0.336035317754 0.332369114788 -0.03) (0.337190662427 0.332789625859 -0.03) (0.3383460071 0.33321013693 -0.03) (0.339501351773 0.333630648001 -0.03) (0.340656696446 0.334051159073 -0.03) (0.341812041119 0.334471670144 -0.03) (0.342967385792 0.334892181215 -0.03) (0.344122730465 0.335312692287 -0.03) (0.345278075138 0.335733203358 -0.03) (0.346433419811 0.336153714429 -0.03) (0.347588764484 0.3365742255 -0.03) (0.348744109157 0.336994736572 -0.03) (0.349899453829 0.337415247643 -0.03) (0.351054798502 0.337835758714 -0.03) (0.352210143175 0.338256269785 -0.03) (0.353365487848 0.338676780857 -0.03) (0.354520832521 0.339097291928 -0.03) (0.355676177194 0.339517802999 -0.03) (0.356831521867 0.33993831407 -0.03) (0.35798686654 0.340358825142 -0.03) (0.359142211213 0.340779336213 -0.03) (0.360297555886 0.341199847284 -0.03) (0.361452900559 0.341620358356 -0.03) (0.362608245232 0.342040869427 -0.03) (0.363763589905 0.342461380498 -0.03) (0.364918934578 0.342881891569 -0.03) (0.366074279251 0.343302402641 -0.03) (0.367229623923 0.343722913712 -0.03) (0.368384968596 0.344143424783 -0.03) (0.369540313269 0.344563935854 -0.03) (0.370695657942 0.344984446926 -0.03) (0.371851002615 0.345404957997 -0.03) (0.373006347288 0.345825469068 -0.03) (0.374161691961 0.346245980139 -0.03) (0.375317036634 0.346666491211 -0.03) (0.376472381307 0.347087002282 -0.03) (0.37762772598 0.347507513353 -0.03) (0.378783070653 0.347928024424 -0.03) (0.379938415326 0.348348535496 -0.03) (0.381093759999 0.348769046567 -0.03) (0.382249104672 0.349189557638 -0.03) (0.383404449345 0.34961006871 -0.03) (0.384559794017 0.350030579781 -0.03) (0.38571513869 0.350451090852 -0.03) (0.386870483363 0.350871601923 -0.03))
    polyLine 26 30 ((0.311773079623 0.323538382291 0) (0.312928424296 0.323958893362 0) (0.314083768969 0.324379404434 0) (0.315239113641 0.324799915505 0) (0.316394458314 0.325220426576 0) (0.317549802987 0.325640937647 0) (0.31870514766 0.326061448719 0) (0.319860492333 0.32648195979 0) (0.321015837006 0.326902470861 0) (0.322171181679 0.327322981932 0) (0.323326526352 0.327743493004 0) (0.324481871025 0.328164004075 0) (0.325637215698 0.328584515146 0) (0.326792560371 0.329005026218 0) (0.327947905044 0.329425537289 0) (0.329103249717 0.32984604836 0) (0.33025859439 0.330266559431 0) (0.331413939063 0.330687070503 0) (0.332569283735 0.331107581574 0) (0.333724628408 0.331528092645 0) (0.334879973081 0.331948603716 0) (0.336035317754 0.332369114788 0) (0.337190662427 0.332789625859 0) (0.3383460071 0.33321013693 0) (0.339501351773 0.333630648001 0) (0.340656696446 0.334051159073 0) (0.341812041119 0.334471670144 0) (0.342967385792 0.334892181215 0) (0.344122730465 0.335312692287 0) (0.345278075138 0.335733203358 0) (0.346433419811 0.336153714429 0) (0.347588764484 0.3365742255 0) (0.348744109157 0.336994736572 0) (0.349899453829 0.337415247643 0) (0.351054798502 0.337835758714 0) (0.352210143175 0.338256269785 0) (0.353365487848 0.338676780857 0) (0.354520832521 0.339097291928 0) (0.355676177194 0.339517802999 0) (0.356831521867 0.33993831407 0) (0.35798686654 0.340358825142 0) (0.359142211213 0.340779336213 0) (0.360297555886 0.341199847284 0) (0.361452900559 0.341620358356 0) (0.362608245232 0.342040869427 0) (0.363763589905 0.342461380498 0) (0.364918934578 0.342881891569 0) (0.366074279251 0.343302402641 0) (0.367229623923 0.343722913712 0) (0.368384968596 0.344143424783 0) (0.369540313269 0.344563935854 0) (0.370695657942 0.344984446926 0) (0.371851002615 0.345404957997 0) (0.373006347288 0.345825469068 0) (0.374161691961 0.346245980139 0) (0.375317036634 0.346666491211 0) (0.376472381307 0.347087002282 0) (0.37762772598 0.347507513353 0) (0.378783070653 0.347928024424 0) (0.379938415326 0.348348535496 0) (0.381093759999 0.348769046567 0) (0.382249104672 0.349189557638 0) (0.383404449345 0.34961006871 0) (0.384559794017 0.350030579781 0) (0.38571513869 0.350451090852 0) (0.386870483363 0.350871601923 0))
    polyLine 25 29 ((-0.0193824014896 0.46717341542 -0.03) (-0.0174405672028 0.470212928965 -0.03) (-0.015491866069 0.473245666347 -0.03) (-0.0135363840114 0.476271646529 -0.03) (-0.0115742059159 0.479290889011 -0.03) (-0.00960541563126 0.482303413814 -0.03) (-0.00763009596994 0.485309241471 -0.03) (-0.00564832870907 0.488308393013 -0.03) (-0.00366019459166 0.491300889957 -0.03) (-0.00166577332823 0.494286754299 -0.03) (0.000334856401312 0.497266008496 -0.03) (0.00234161694556 0.500238675458 -0.03) (0.00435443167916 0.50320477854 -0.03) (0.00637322500011 0.506164341524 -0.03) (0.00839792232688 0.509117388614 -0.03) (0.0104284500952 0.512063944424 -0.03) (0.0124647357548 0.515004033967 -0.03) (0.0145067077654 0.517937682642 -0.03) (0.0165542955935 0.520864916231 -0.03) (0.0186074297077 0.52378576088 -0.03) (0.020666041575 0.526700243097 -0.03) (0.0227300636561 0.529608389737 -0.03) (0.0247994294007 0.532510227995 -0.03))
    polyLine 27 31 ((-0.0193824014896 0.46717341542 0) (-0.0174405672028 0.470212928965 0) (-0.015491866069 0.473245666347 0) (-0.0135363840114 0.476271646529 0) (-0.0115742059159 0.479290889011 0) (-0.00960541563126 0.482303413814 0) (-0.00763009596994 0.485309241471 0) (-0.00564832870907 0.488308393013 0) (-0.00366019459166 0.491300889957 0) (-0.00166577332823 0.494286754299 0) (0.000334856401312 0.497266008496 0) (0.00234161694556 0.500238675458 0) (0.00435443167916 0.50320477854 0) (0.00637322500011 0.506164341524 0) (0.00839792232688 0.509117388614 0) (0.0104284500952 0.512063944424 0) (0.0124647357548 0.515004033967 0) (0.0145067077654 0.517937682642 0) (0.0165542955935 0.520864916231 0) (0.0186074297077 0.52378576088 0) (0.020666041575 0.526700243097 0) (0.0227300636561 0.529608389737 0) (0.0247994294007 0.532510227995 0))
    polyLine 28 32 ((0.388025828036 0.351292112995 -0.03) (0.389181172709 0.351712624066 -0.03) (0.390336517382 0.352133135137 -0.03) (0.391491862055 0.352553646208 -0.03) (0.392647206728 0.35297415728 -0.03) (0.393802551401 0.353394668351 -0.03) (0.394957896074 0.353815179422 -0.03) (0.396113240747 0.354235690493 -0.03) (0.39726858542 0.354656201565 -0.03) (0.398423930093 0.355076712636 -0.03) (0.399579274766 0.355497223707 -0.03) (0.400734619439 0.355917734779 -0.03) (0.401889964111 0.35633824585 -0.03) (0.403045308784 0.356758756921 -0.03) (0.404200653457 0.357179267992 -0.03) (0.40535599813 0.357599779064 -0.03) (0.406511342803 0.358020290135 -0.03) (0.407666687476 0.358440801206 -0.03) (0.408822032149 0.358861312277 -0.03) (0.409977376822 0.359281823349 -0.03) (0.411132721495 0.35970233442 -0.03) (0.412288066168 0.360122845491 -0.03) (0.413443410841 0.360543356562 -0.03) (0.414598755514 0.360963867634 -0.03) (0.415754100187 0.361384378705 -0.03) (0.41690944486 0.361804889776 -0.03) (0.418064789533 0.362225400848 -0.03) (0.419220134205 0.362645911919 -0.03) (0.420375478878 0.36306642299 -0.03) (0.421530823551 0.363486934061 -0.03) (0.422686168224 0.363907445133 -0.03) (0.423841512897 0.364327956204 -0.03) (0.42499685757 0.364748467275 -0.03) (0.426152202243 0.365168978346 -0.03) (0.427307546916 0.365589489418 -0.03) (0.428462891589 0.366010000489 -0.03) (0.429618236262 0.36643051156 -0.03) (0.430773580935 0.366851022631 -0.03) (0.431928925608 0.367271533703 -0.03) (0.433084270281 0.367692044774 -0.03) (0.434239614954 0.368112555845 -0.03) (0.435394959627 0.368533066917 -0.03) (0.436550304299 0.368953577988 -0.03) (0.437705648972 0.369374089059 -0.03) (0.438860993645 0.36979460013 -0.03) (0.440016338318 0.370215111202 -0.03) (0.441171682991 0.370635622273 -0.03) (0.442327027664 0.371056133344 -0.03) (0.443482372337 0.371476644415 -0.03) (0.44463771701 0.371897155487 -0.03) (0.445793061683 0.372317666558 -0.03) (0.446948406356 0.372738177629 -0.03) (0.448103751029 0.3731586887 -0.03) (0.449259095702 0.373579199772 -0.03) (0.450414440375 0.373999710843 -0.03) (0.451569785048 0.374420221914 -0.03) (0.452725129721 0.374840732985 -0.03) (0.453880474393 0.375261244057 -0.03) (0.455035819066 0.375681755128 -0.03) (0.456191163739 0.376102266199 -0.03) (0.457346508412 0.376522777271 -0.03) (0.458501853085 0.376943288342 -0.03) (0.459657197758 0.377363799413 -0.03) (0.460812542431 0.377784310484 -0.03) (0.461967887104 0.378204821556 -0.03) (0.463123231777 0.378625332627 -0.03))
    polyLine 30 34 ((0.388025828036 0.351292112995 0) (0.389181172709 0.351712624066 0) (0.390336517382 0.352133135137 0) (0.391491862055 0.352553646208 0) (0.392647206728 0.35297415728 0) (0.393802551401 0.353394668351 0) (0.394957896074 0.353815179422 0) (0.396113240747 0.354235690493 0) (0.39726858542 0.354656201565 0) (0.398423930093 0.355076712636 0) (0.399579274766 0.355497223707 0) (0.400734619439 0.355917734779 0) (0.401889964111 0.35633824585 0) (0.403045308784 0.356758756921 0) (0.404200653457 0.357179267992 0) (0.40535599813 0.357599779064 0) (0.406511342803 0.358020290135 0) (0.407666687476 0.358440801206 0) (0.408822032149 0.358861312277 0) (0.409977376822 0.359281823349 0) (0.411132721495 0.35970233442 0) (0.412288066168 0.360122845491 0) (0.413443410841 0.360543356562 0) (0.414598755514 0.360963867634 0) (0.415754100187 0.361384378705 0) (0.41690944486 0.361804889776 0) (0.418064789533 0.362225400848 0) (0.419220134205 0.362645911919 0) (0.420375478878 0.36306642299 0) (0.421530823551 0.363486934061 0) (0.422686168224 0.363907445133 0) (0.423841512897 0.364327956204 0) (0.42499685757 0.364748467275 0) (0.426152202243 0.365168978346 0) (0.427307546916 0.365589489418 0) (0.428462891589 0.366010000489 0) (0.429618236262 0.36643051156 0) (0.430773580935 0.366851022631 0) (0.431928925608 0.367271533703 0) (0.433084270281 0.367692044774 0) (0.434239614954 0.368112555845 0) (0.435394959627 0.368533066917 0) (0.436550304299 0.368953577988 0) (0.437705648972 0.369374089059 0) (0.438860993645 0.36979460013 0) (0.440016338318 0.370215111202 0) (0.441171682991 0.370635622273 0) (0.442327027664 0.371056133344 0) (0.443482372337 0.371476644415 0) (0.44463771701 0.371897155487 0) (0.445793061683 0.372317666558 0) (0.446948406356 0.372738177629 0) (0.448103751029 0.3731586887 0) (0.449259095702 0.373579199772 0) (0.450414440375 0.373999710843 0) (0.451569785048 0.374420221914 0) (0.452725129721 0.374840732985 0) (0.453880474393 0.375261244057 0) (0.455035819066 0.375681755128 0) (0.456191163739 0.376102266199 0) (0.457346508412 0.376522777271 0) (0.458501853085 0.376943288342 0) (0.459657197758 0.377363799413 0) (0.460812542431 0.377784310484 0) (0.461967887104 0.378204821556 0) (0.463123231777 0.378625332627 0))
    polyLine 29 33 ((0.029274427141 0.538739127791 -0.03) (0.0316816248735 0.542064188062 -0.03) (0.034095570545 0.545381010039 -0.03) (0.0365161699654 0.548689638066 -0.03) (0.0389433306388 0.551990116987 -0.03) (0.0413769617521 0.555282492129 -0.03) (0.043816974163 0.558566809282 -0.03) (0.0462632803877 0.561843114686 -0.03) (0.0487157945889 0.565111455013 -0.03) (0.0511744325628 0.568371877352 -0.03) (0.0536391117268 0.571624429194 -0.03) (0.0561097511061 0.574869158415 -0.03) (0.0585862713209 0.578106113264 -0.03) (0.0610685945728 0.581335342347 -0.03) (0.0635566446316 0.584556894613 -0.03) (0.066050346822 0.587770819341 -0.03) (0.0685496280093 0.590977166125 -0.03) (0.0710544165863 0.594175984864 -0.03) (0.073564642459 0.597367325746 -0.03) (0.0760802370329 0.600551239238 -0.03) (0.078601133199 0.603727776072 -0.03) (0.08112726532 0.606896987235 -0.03) (0.0836585692155 0.610058923954 -0.03))
    polyLine 31 35 ((0.029274427141 0.538739127791 0) (0.0316816248735 0.542064188062 0) (0.034095570545 0.545381010039 0) (0.0365161699654 0.548689638066 0) (0.0389433306388 0.551990116987 0) (0.0413769617521 0.555282492129 0) (0.043816974163 0.558566809282 0) (0.0462632803877 0.561843114686 0) (0.0487157945889 0.565111455013 0) (0.0511744325628 0.568371877352 0) (0.0536391117268 0.571624429194 0) (0.0561097511061 0.574869158415 0) (0.0585862713209 0.578106113264 0) (0.0610685945728 0.581335342347 0) (0.0635566446316 0.584556894613 0) (0.066050346822 0.587770819341 0) (0.0685496280093 0.590977166125 0) (0.0710544165863 0.594175984864 0) (0.073564642459 0.597367325746 0) (0.0760802370329 0.600551239238 0) (0.078601133199 0.603727776072 0) (0.08112726532 0.606896987235 0) (0.0836585692155 0.610058923954 0))
    polyLine 32 36 ((0.46427857645 0.379045843698 -0.03) (0.465433921123 0.379466354769 -0.03) (0.466589265796 0.379886865841 -0.03) (0.467744610469 0.380307376912 -0.03) (0.468899955142 0.380727887983 -0.03) (0.470055299815 0.381148399054 -0.03) (0.471210644487 0.381568910126 -0.03) (0.47236598916 0.381989421197 -0.03) (0.473521333833 0.382409932268 -0.03) (0.474676678506 0.38283044334 -0.03) (0.475832023179 0.383250954411 -0.03) (0.476987367852 0.383671465482 -0.03) (0.478142712525 0.384091976553 -0.03) (0.479298057198 0.384512487625 -0.03) (0.480453401871 0.384932998696 -0.03) (0.481608746544 0.385353509767 -0.03) (0.482764091217 0.385774020838 -0.03) (0.48391943589 0.38619453191 -0.03) (0.485074780563 0.386615042981 -0.03) (0.486230125236 0.387035554052 -0.03) (0.487385469909 0.387456065123 -0.03) (0.488540814581 0.387876576195 -0.03) (0.489696159254 0.388297087266 -0.03) (0.490851503927 0.388717598337 -0.03) (0.4920068486 0.389138109409 -0.03) (0.493162193273 0.38955862048 -0.03) (0.494317537946 0.389979131551 -0.03) (0.495472882619 0.390399642622 -0.03) (0.496628227292 0.390820153694 -0.03) (0.497783571965 0.391240664765 -0.03) (0.498938916638 0.391661175836 -0.03) (0.500094261311 0.392081686907 -0.03) (0.501249605984 0.392502197979 -0.03) (0.502404950657 0.39292270905 -0.03) (0.50356029533 0.393343220121 -0.03) (0.504715640003 0.393763731192 -0.03) (0.505870984675 0.394184242264 -0.03) (0.507026329348 0.394604753335 -0.03) (0.508181674021 0.395025264406 -0.03) (0.509337018694 0.395445775478 -0.03) (0.510492363367 0.395866286549 -0.03) (0.51164770804 0.39628679762 -0.03) (0.512803052713 0.396707308691 -0.03) (0.513958397386 0.397127819763 -0.03) (0.515113742059 0.397548330834 -0.03) (0.516269086732 0.397968841905 -0.03) (0.517424431405 0.398389352976 -0.03) (0.518579776078 0.398809864048 -0.03) (0.519735120751 0.399230375119 -0.03) (0.520890465424 0.39965088619 -0.03) (0.522045810097 0.400071397261 -0.03) (0.523201154769 0.400491908333 -0.03) (0.524356499442 0.400912419404 -0.03) (0.525511844115 0.401332930475 -0.03) (0.526667188788 0.401753441547 -0.03) (0.527822533461 0.402173952618 -0.03) (0.528977878134 0.402594463689 -0.03) (0.530133222807 0.40301497476 -0.03) (0.53128856748 0.403435485832 -0.03) (0.532443912153 0.403855996903 -0.03) (0.533599256826 0.404276507974 -0.03) (0.534754601499 0.404697019045 -0.03) (0.535909946172 0.405117530117 -0.03) (0.537065290845 0.405538041188 -0.03) (0.538220635518 0.405958552259 -0.03) (0.539375980191 0.40637906333 -0.03))
    polyLine 34 38 ((0.46427857645 0.379045843698 0) (0.465433921123 0.379466354769 0) (0.466589265796 0.379886865841 0) (0.467744610469 0.380307376912 0) (0.468899955142 0.380727887983 0) (0.470055299815 0.381148399054 0) (0.471210644487 0.381568910126 0) (0.47236598916 0.381989421197 0) (0.473521333833 0.382409932268 0) (0.474676678506 0.38283044334 0) (0.475832023179 0.383250954411 0) (0.476987367852 0.383671465482 0) (0.478142712525 0.384091976553 0) (0.479298057198 0.384512487625 0) (0.480453401871 0.384932998696 0) (0.481608746544 0.385353509767 0) (0.482764091217 0.385774020838 0) (0.48391943589 0.38619453191 0) (0.485074780563 0.386615042981 0) (0.486230125236 0.387035554052 0) (0.487385469909 0.387456065123 0) (0.488540814581 0.387876576195 0) (0.489696159254 0.388297087266 0) (0.490851503927 0.388717598337 0) (0.4920068486 0.389138109409 0) (0.493162193273 0.38955862048 0) (0.494317537946 0.389979131551 0) (0.495472882619 0.390399642622 0) (0.496628227292 0.390820153694 0) (0.497783571965 0.391240664765 0) (0.498938916638 0.391661175836 0) (0.500094261311 0.392081686907 0) (0.501249605984 0.392502197979 0) (0.502404950657 0.39292270905 0) (0.50356029533 0.393343220121 0) (0.504715640003 0.393763731192 0) (0.505870984675 0.394184242264 0) (0.507026329348 0.394604753335 0) (0.508181674021 0.395025264406 0) (0.509337018694 0.395445775478 0) (0.510492363367 0.395866286549 0) (0.51164770804 0.39628679762 0) (0.512803052713 0.396707308691 0) (0.513958397386 0.397127819763 0) (0.515113742059 0.397548330834 0) (0.516269086732 0.397968841905 0) (0.517424431405 0.398389352976 0) (0.518579776078 0.398809864048 0) (0.519735120751 0.399230375119 0) (0.520890465424 0.39965088619 0) (0.522045810097 0.400071397261 0) (0.523201154769 0.400491908333 0) (0.524356499442 0.400912419404 0) (0.525511844115 0.401332930475 0) (0.526667188788 0.401753441547 0) (0.527822533461 0.402173952618 0) (0.528977878134 0.402594463689 0) (0.530133222807 0.40301497476 0) (0.53128856748 0.403435485832 0) (0.532443912153 0.403855996903 0) (0.533599256826 0.404276507974 0) (0.534754601499 0.404697019045 0) (0.535909946172 0.405117530117 0) (0.537065290845 0.405538041188 0) (0.538220635518 0.405958552259 0) (0.539375980191 0.40637906333 0))
    polyLine 33 37 ((0.0891167023499 0.616830977925 -0.03) (0.0920450010782 0.620438921963 -0.03) (0.0949797899755 0.624037548979 -0.03) (0.0979209830969 0.627626938473 -0.03) (0.100868496883 0.63120717025 -0.03) (0.103822250131 0.634778324402 -0.03) (0.106782163968 0.63834048129 -0.03) (0.10974816182 0.641893721526 -0.03) (0.112720169388 0.645438125957 -0.03) (0.115698114617 0.648973775647 -0.03) (0.11868192767 0.65250075186 -0.03) (0.1216715409 0.656019136049 -0.03) (0.124666888822 0.659529009837 -0.03) (0.127667908087 0.663030455005 -0.03) (0.130674537455 0.666523553477 -0.03) (0.133686717768 0.670008387307 -0.03) (0.136704391923 0.673485038667 -0.03) (0.139727504846 0.676953589834 -0.03) (0.142756003467 0.680414123177 -0.03) (0.145789836694 0.683866721149 -0.03) (0.148828955388 0.687311466273 -0.03) (0.151873312334 0.690748441133 -0.03) (0.154922862221 0.694177728362 -0.03))
    polyLine 35 39 ((0.0891167023499 0.616830977925 0) (0.0920450010782 0.620438921963 0) (0.0949797899755 0.624037548979 0) (0.0979209830969 0.627626938473 0) (0.100868496883 0.63120717025 0) (0.103822250131 0.634778324402 0) (0.106782163968 0.63834048129 0) (0.10974816182 0.641893721526 0) (0.112720169388 0.645438125957 0) (0.115698114617 0.648973775647 0) (0.11868192767 0.65250075186 0) (0.1216715409 0.656019136049 0) (0.124666888822 0.659529009837 0) (0.127667908087 0.663030455005 0) (0.130674537455 0.666523553477 0) (0.133686717768 0.670008387307 0) (0.136704391923 0.673485038667 0) (0.139727504846 0.676953589834 0) (0.142756003467 0.680414123177 0) (0.145789836694 0.683866721149 0) (0.148828955388 0.687311466273 0) (0.151873312334 0.690748441133 0) (0.154922862221 0.694177728362 0))
    polyLine 36 40 ((0.540531324863 0.406799574402 -0.03) (0.541686669536 0.407220085473 -0.03) (0.542842014209 0.407640596544 -0.03) (0.543997358882 0.408061107615 -0.03) (0.545152703555 0.408481618687 -0.03) (0.546308048228 0.408902129758 -0.03) (0.547463392901 0.409322640829 -0.03) (0.548618737574 0.409743151901 -0.03) (0.549774082247 0.410163662972 -0.03) (0.55092942692 0.410584174043 -0.03) (0.552084771593 0.411004685114 -0.03) (0.553240116266 0.411425196186 -0.03) (0.554395460939 0.411845707257 -0.03) (0.555550805612 0.412266218328 -0.03) (0.556706150285 0.412686729399 -0.03) (0.557861494957 0.413107240471 -0.03) (0.55901683963 0.413527751542 -0.03) (0.560172184303 0.413948262613 -0.03) (0.561327528976 0.414368773684 -0.03) (0.562482873649 0.414789284756 -0.03) (0.563638218322 0.415209795827 -0.03) (0.564793562995 0.415630306898 -0.03) (0.565948907668 0.41605081797 -0.03) (0.567104252341 0.416471329041 -0.03) (0.568259597014 0.416891840112 -0.03) (0.569414941687 0.417312351183 -0.03) (0.57057028636 0.417732862255 -0.03) (0.571725631033 0.418153373326 -0.03) (0.572880975706 0.418573884397 -0.03) (0.574036320379 0.418994395468 -0.03) (0.575191665051 0.41941490654 -0.03) (0.576347009724 0.419835417611 -0.03) (0.577502354397 0.420255928682 -0.03) (0.57865769907 0.420676439753 -0.03) (0.579813043743 0.421096950825 -0.03) (0.580968388416 0.421517461896 -0.03) (0.582123733089 0.421937972967 -0.03) (0.583279077762 0.422358484039 -0.03) (0.584434422435 0.42277899511 -0.03) (0.585589767108 0.423199506181 -0.03) (0.586745111781 0.423620017252 -0.03) (0.587900456454 0.424040528324 -0.03) (0.589055801127 0.424461039395 -0.03) (0.5902111458 0.424881550466 -0.03) (0.591366490473 0.425302061537 -0.03) (0.592521835145 0.425722572609 -0.03) (0.593677179818 0.42614308368 -0.03) (0.594832524491 0.426563594751 -0.03) (0.595987869164 0.426984105822 -0.03) (0.597143213837 0.427404616894 -0.03) (0.59829855851 0.427825127965 -0.03) (0.599453903183 0.428245639036 -0.03) (0.600609247856 0.428666150108 -0.03) (0.601764592529 0.429086661179 -0.03) (0.602919937202 0.42950717225 -0.03) (0.604075281875 0.429927683321 -0.03) (0.605230626548 0.430348194393 -0.03) (0.606385971221 0.430768705464 -0.03) (0.607541315894 0.431189216535 -0.03) (0.608696660567 0.431609727606 -0.03) (0.609852005239 0.432030238678 -0.03) (0.611007349912 0.432450749749 -0.03) (0.612162694585 0.43287126082 -0.03) (0.613318039258 0.433291771891 -0.03) (0.614473383931 0.433712282963 -0.03) (0.615628728604 0.434132794034 -0.03) (0.616784073277 0.434553305105 -0.03))
    polyLine 38 42 ((0.540531324863 0.406799574402 0) (0.541686669536 0.407220085473 0) (0.542842014209 0.407640596544 0) (0.543997358882 0.408061107615 0) (0.545152703555 0.408481618687 0) (0.546308048228 0.408902129758 0) (0.547463392901 0.409322640829 0) (0.548618737574 0.409743151901 0) (0.549774082247 0.410163662972 0) (0.55092942692 0.410584174043 0) (0.552084771593 0.411004685114 0) (0.553240116266 0.411425196186 0) (0.554395460939 0.411845707257 0) (0.555550805612 0.412266218328 0) (0.556706150285 0.412686729399 0) (0.557861494957 0.413107240471 0) (0.55901683963 0.413527751542 0) (0.560172184303 0.413948262613 0) (0.561327528976 0.414368773684 0) (0.562482873649 0.414789284756 0) (0.563638218322 0.415209795827 0) (0.564793562995 0.415630306898 0) (0.565948907668 0.41605081797 0) (0.567104252341 0.416471329041 0) (0.568259597014 0.416891840112 0) (0.569414941687 0.417312351183 0) (0.57057028636 0.417732862255 0) (0.571725631033 0.418153373326 0) (0.572880975706 0.418573884397 0) (0.574036320379 0.418994395468 0) (0.575191665051 0.41941490654 0) (0.576347009724 0.419835417611 0) (0.577502354397 0.420255928682 0) (0.57865769907 0.420676439753 0) (0.579813043743 0.421096950825 0) (0.580968388416 0.421517461896 0) (0.582123733089 0.421937972967 0) (0.583279077762 0.422358484039 0) (0.584434422435 0.42277899511 0) (0.585589767108 0.423199506181 0) (0.586745111781 0.423620017252 0) (0.587900456454 0.424040528324 0) (0.589055801127 0.424461039395 0) (0.5902111458 0.424881550466 0) (0.591366490473 0.425302061537 0) (0.592521835145 0.425722572609 0) (0.593677179818 0.42614308368 0) (0.594832524491 0.426563594751 0) (0.595987869164 0.426984105822 0) (0.597143213837 0.427404616894 0) (0.59829855851 0.427825127965 0) (0.599453903183 0.428245639036 0) (0.600609247856 0.428666150108 0) (0.601764592529 0.429086661179 0) (0.602919937202 0.42950717225 0) (0.604075281875 0.429927683321 0) (0.605230626548 0.430348194393 0) (0.606385971221 0.430768705464 0) (0.607541315894 0.431189216535 0) (0.608696660567 0.431609727606 0) (0.609852005239 0.432030238678 0) (0.611007349912 0.432450749749 0) (0.612162694585 0.43287126082 0) (0.613318039258 0.433291771891 0) (0.614473383931 0.433712282963 0) (0.615628728604 0.434132794034 0) (0.616784073277 0.434553305105 0))
    polyLine 37 41 ((0.161463135195 0.701487604829 -0.03) (0.164955277091 0.705366162219 -0.03) (0.168453931786 0.709235205085 -0.03) (0.171959046747 0.713094855709 -0.03) (0.175470572385 0.716945236369 -0.03) (0.178988462014 0.720786469321 -0.03) (0.182512671807 0.724618676788 -0.03) (0.186043160753 0.72844198095 -0.03) (0.189579890619 0.732256503927 -0.03) (0.193122825904 0.736062367775 -0.03) (0.196671933806 0.739859694471 -0.03) (0.200227184178 0.743648605909 -0.03) (0.203788549492 0.747429223883 -0.03) (0.207356004802 0.751201670089 -0.03) (0.210929527704 0.754966066111 -0.03) (0.214509098306 0.758722533416 -0.03) (0.218094699185 0.762471193348 -0.03) (0.22168631536 0.766212167123 -0.03) (0.225283934252 0.769945575822 -0.03) (0.228887545657 0.77367154039 -0.03) (0.232497141707 0.777390181627 -0.03) (0.236112716844 0.781101620189 -0.03) (0.239734267788 0.784805976583 -0.03))
    polyLine 39 43 ((0.161463135195 0.701487604829 0) (0.164955277091 0.705366162219 0) (0.168453931786 0.709235205085 0) (0.171959046747 0.713094855709 0) (0.175470572385 0.716945236369 0) (0.178988462014 0.720786469321 0) (0.182512671807 0.724618676788 0) (0.186043160753 0.72844198095 0) (0.189579890619 0.732256503927 0) (0.193122825904 0.736062367775 0) (0.196671933806 0.739859694471 0) (0.200227184178 0.743648605909 0) (0.203788549492 0.747429223883 0) (0.207356004802 0.751201670089 0) (0.210929527704 0.754966066111 0) (0.214509098306 0.758722533416 0) (0.218094699185 0.762471193348 0) (0.22168631536 0.766212167123 0) (0.225283934252 0.769945575822 0) (0.228887545657 0.77367154039 0) (0.232497141707 0.777390181627 0) (0.236112716844 0.781101620189 0) (0.239734267788 0.784805976583 0))
    polyLine 40 44 ((0.61793941795 0.434973816176 -0.03) (0.619094762623 0.435394327248 -0.03) (0.620250107296 0.435814838319 -0.03) (0.621405451969 0.43623534939 -0.03) (0.622560796642 0.436655860462 -0.03) (0.623716141315 0.437076371533 -0.03) (0.624871485988 0.437496882604 -0.03) (0.626026830661 0.437917393675 -0.03) (0.627182175333 0.438337904747 -0.03) (0.628337520006 0.438758415818 -0.03) (0.629492864679 0.439178926889 -0.03) (0.630648209352 0.43959943796 -0.03) (0.631803554025 0.440019949032 -0.03) (0.632958898698 0.440440460103 -0.03) (0.634114243371 0.440860971174 -0.03) (0.635269588044 0.441281482245 -0.03) (0.636424932717 0.441701993317 -0.03) (0.63758027739 0.442122504388 -0.03) (0.638735622063 0.442543015459 -0.03) (0.639890966736 0.442963526531 -0.03) (0.641046311409 0.443384037602 -0.03) (0.642201656082 0.443804548673 -0.03) (0.643357000755 0.444225059744 -0.03) (0.644512345427 0.444645570816 -0.03) (0.6456676901 0.445066081887 -0.03) (0.646823034773 0.445486592958 -0.03) (0.647978379446 0.445907104029 -0.03) (0.649133724119 0.446327615101 -0.03) (0.650289068792 0.446748126172 -0.03) (0.651444413465 0.447168637243 -0.03) (0.652599758138 0.447589148314 -0.03) (0.653755102811 0.448009659386 -0.03) (0.654910447484 0.448430170457 -0.03) (0.656065792157 0.448850681528 -0.03) (0.65722113683 0.4492711926 -0.03) (0.658376481503 0.449691703671 -0.03) (0.659531826176 0.450112214742 -0.03) (0.660687170849 0.450532725813 -0.03) (0.661842515521 0.450953236885 -0.03) (0.662997860194 0.451373747956 -0.03) (0.664153204867 0.451794259027 -0.03) (0.66530854954 0.452214770098 -0.03) (0.666463894213 0.45263528117 -0.03) (0.667619238886 0.453055792241 -0.03) (0.668774583559 0.453476303312 -0.03) (0.669929928232 0.453896814383 -0.03) (0.671085272905 0.454317325455 -0.03) (0.672240617578 0.454737836526 -0.03) (0.673395962251 0.455158347597 -0.03) (0.674551306924 0.455578858669 -0.03) (0.675706651597 0.45599936974 -0.03) (0.67686199627 0.456419880811 -0.03) (0.678017340943 0.456840391882 -0.03) (0.679172685615 0.457260902954 -0.03) (0.680328030288 0.457681414025 -0.03) (0.681483374961 0.458101925096 -0.03) (0.682638719634 0.458522436167 -0.03) (0.683794064307 0.458942947239 -0.03) (0.68494940898 0.45936345831 -0.03) (0.686104753653 0.459783969381 -0.03) (0.687260098326 0.460204480452 -0.03) (0.688415442999 0.460624991524 -0.03) (0.689570787672 0.461045502595 -0.03) (0.690726132345 0.461466013666 -0.03) (0.691881477018 0.461886524738 -0.03) (0.693036821691 0.462307035809 -0.03))
    polyLine 42 46 ((0.61793941795 0.434973816176 0) (0.619094762623 0.435394327248 0) (0.620250107296 0.435814838319 0) (0.621405451969 0.43623534939 0) (0.622560796642 0.436655860462 0) (0.623716141315 0.437076371533 0) (0.624871485988 0.437496882604 0) (0.626026830661 0.437917393675 0) (0.627182175333 0.438337904747 0) (0.628337520006 0.438758415818 0) (0.629492864679 0.439178926889 0) (0.630648209352 0.43959943796 0) (0.631803554025 0.440019949032 0) (0.632958898698 0.440440460103 0) (0.634114243371 0.440860971174 0) (0.635269588044 0.441281482245 0) (0.636424932717 0.441701993317 0) (0.63758027739 0.442122504388 0) (0.638735622063 0.442543015459 0) (0.639890966736 0.442963526531 0) (0.641046311409 0.443384037602 0) (0.642201656082 0.443804548673 0) (0.643357000755 0.444225059744 0) (0.644512345427 0.444645570816 0) (0.6456676901 0.445066081887 0) (0.646823034773 0.445486592958 0) (0.647978379446 0.445907104029 0) (0.649133724119 0.446327615101 0) (0.650289068792 0.446748126172 0) (0.651444413465 0.447168637243 0) (0.652599758138 0.447589148314 0) (0.653755102811 0.448009659386 0) (0.654910447484 0.448430170457 0) (0.656065792157 0.448850681528 0) (0.65722113683 0.4492711926 0) (0.658376481503 0.449691703671 0) (0.659531826176 0.450112214742 0) (0.660687170849 0.450532725813 0) (0.661842515521 0.450953236885 0) (0.662997860194 0.451373747956 0) (0.664153204867 0.451794259027 0) (0.66530854954 0.452214770098 0) (0.666463894213 0.45263528117 0) (0.667619238886 0.453055792241 0) (0.668774583559 0.453476303312 0) (0.669929928232 0.453896814383 0) (0.671085272905 0.454317325455 0) (0.672240617578 0.454737836526 0) (0.673395962251 0.455158347597 0) (0.674551306924 0.455578858669 0) (0.675706651597 0.45599936974 0) (0.67686199627 0.456419880811 0) (0.678017340943 0.456840391882 0) (0.679172685615 0.457260902954 0) (0.680328030288 0.457681414025 0) (0.681483374961 0.458101925096 0) (0.682638719634 0.458522436167 0) (0.683794064307 0.458942947239 0) (0.68494940898 0.45936345831 0) (0.686104753653 0.459783969381 0) (0.687260098326 0.460204480452 0) (0.688415442999 0.460624991524 0) (0.689570787672 0.461045502595 0) (0.690726132345 0.461466013666 0) (0.691881477018 0.461886524738 0) (0.693036821691 0.462307035809 0))
    polyLine 41 45 ((0.247434895964 0.792639558262 -0.03) (0.251515511358 0.796767318878 -0.03) (0.255603648028 0.800886821805 -0.03) (0.259699317671 0.804998235588 -0.03) (0.263802535297 0.809101728521 -0.03) (0.267913319184 0.813197468653 -0.03) (0.27203169083 0.817285623781 -0.03) (0.276157674918 0.82136636146 -0.03) (0.280291299267 0.825439849001 -0.03) (0.2844325948 0.829506253475 -0.03) (0.2885815955 0.833565741717 -0.03) (0.292738338376 0.83761848033 -0.03) (0.296902863427 0.841664635691 -0.03) (0.301075213608 0.845704373957 -0.03) (0.305255434798 0.849737861068 -0.03) (0.309443575764 0.853765262759 -0.03) (0.313639688136 0.857786744563 -0.03) (0.317843826376 0.861802471822 -0.03) (0.322056047749 0.865812609693 -0.03) (0.326276412298 0.86981732316 -0.03) (0.330504982816 0.873816777039 -0.03) (0.334741824827 0.877811135993 -0.03) (0.338987006558 0.881800564539 -0.03))
    polyLine 43 47 ((0.247434895964 0.792639558262 0) (0.251515511358 0.796767318878 0) (0.255603648028 0.800886821805 0) (0.259699317671 0.804998235588 0) (0.263802535297 0.809101728521 0) (0.267913319184 0.813197468653 0) (0.27203169083 0.817285623781 0) (0.276157674918 0.82136636146 0) (0.280291299267 0.825439849001 0) (0.2844325948 0.829506253475 0) (0.2885815955 0.833565741717 0) (0.292738338376 0.83761848033 0) (0.296902863427 0.841664635691 0) (0.301075213608 0.845704373957 0) (0.305255434798 0.849737861068 0) (0.309443575764 0.853765262759 0) (0.313639688136 0.857786744563 0) (0.317843826376 0.861802471822 0) (0.322056047749 0.865812609693 0) (0.326276412298 0.86981732316 0) (0.330504982816 0.873816777039 0) (0.334741824827 0.877811135993 0) (0.338987006558 0.881800564539 0))
    polyLine 44 48 ((0.694192166364 0.46272754688 -0.03) (0.695347511037 0.463148057951 -0.03) (0.696502855709 0.463568569023 -0.03) (0.697658200382 0.463989080094 -0.03) (0.698813545055 0.464409591165 -0.03) (0.699968889728 0.464830102236 -0.03) (0.701124234401 0.465250613308 -0.03) (0.702279579074 0.465671124379 -0.03) (0.703434923747 0.46609163545 -0.03) (0.70459026842 0.466512146521 -0.03) (0.705745613093 0.466932657593 -0.03) (0.706900957766 0.467353168664 -0.03) (0.708056302439 0.467773679735 -0.03) (0.709211647112 0.468194190806 -0.03) (0.710366991785 0.468614701878 -0.03) (0.711522336458 0.469035212949 -0.03) (0.712677681131 0.46945572402 -0.03) (0.713833025803 0.469876235092 -0.03) (0.714988370476 0.470296746163 -0.03) (0.716143715149 0.470717257234 -0.03) (0.717299059822 0.471137768305 -0.03) (0.718454404495 0.471558279377 -0.03) (0.719609749168 0.471978790448 -0.03) (0.720765093841 0.472399301519 -0.03) (0.721920438514 0.47281981259 -0.03) (0.723075783187 0.473240323662 -0.03) (0.72423112786 0.473660834733 -0.03) (0.725386472533 0.474081345804 -0.03) (0.726541817206 0.474501856875 -0.03) (0.727697161879 0.474922367947 -0.03) (0.728852506552 0.475342879018 -0.03) (0.730007851225 0.475763390089 -0.03) (0.731163195897 0.476183901161 -0.03) (0.73231854057 0.476604412232 -0.03) (0.733473885243 0.477024923303 -0.03) (0.734629229916 0.477445434374 -0.03) (0.735784574589 0.477865945446 -0.03) (0.736939919262 0.478286456517 -0.03) (0.738095263935 0.478706967588 -0.03) (0.739250608608 0.479127478659 -0.03) (0.740405953281 0.479547989731 -0.03) (0.741561297954 0.479968500802 -0.03) (0.742716642627 0.480389011873 -0.03) (0.7438719873 0.480809522944 -0.03) (0.745027331973 0.481230034016 -0.03) (0.746182676646 0.481650545087 -0.03) (0.747338021319 0.482071056158 -0.03) (0.748493365991 0.48249156723 -0.03) (0.749648710664 0.482912078301 -0.03) (0.750804055337 0.483332589372 -0.03) (0.75195940001 0.483753100443 -0.03) (0.753114744683 0.484173611515 -0.03) (0.754270089356 0.484594122586 -0.03) (0.755425434029 0.485014633657 -0.03) (0.756580778702 0.485435144728 -0.03) (0.757736123375 0.4858556558 -0.03) (0.758891468048 0.486276166871 -0.03) (0.760046812721 0.486696677942 -0.03) (0.761202157394 0.487117189013 -0.03) (0.762357502067 0.487537700085 -0.03) (0.76351284674 0.487958211156 -0.03) (0.764668191413 0.488378722227 -0.03) (0.765823536085 0.488799233299 -0.03) (0.766978880758 0.48921974437 -0.03) (0.768134225431 0.489640255441 -0.03) (0.769289570104 0.490060766512 -0.03))
    polyLine 46 50 ((0.694192166364 0.46272754688 0) (0.695347511037 0.463148057951 0) (0.696502855709 0.463568569023 0) (0.697658200382 0.463989080094 0) (0.698813545055 0.464409591165 0) (0.699968889728 0.464830102236 0) (0.701124234401 0.465250613308 0) (0.702279579074 0.465671124379 0) (0.703434923747 0.46609163545 0) (0.70459026842 0.466512146521 0) (0.705745613093 0.466932657593 0) (0.706900957766 0.467353168664 0) (0.708056302439 0.467773679735 0) (0.709211647112 0.468194190806 0) (0.710366991785 0.468614701878 0) (0.711522336458 0.469035212949 0) (0.712677681131 0.46945572402 0) (0.713833025803 0.469876235092 0) (0.714988370476 0.470296746163 0) (0.716143715149 0.470717257234 0) (0.717299059822 0.471137768305 0) (0.718454404495 0.471558279377 0) (0.719609749168 0.471978790448 0) (0.720765093841 0.472399301519 0) (0.721920438514 0.47281981259 0) (0.723075783187 0.473240323662 0) (0.72423112786 0.473660834733 0) (0.725386472533 0.474081345804 0) (0.726541817206 0.474501856875 0) (0.727697161879 0.474922367947 0) (0.728852506552 0.475342879018 0) (0.730007851225 0.475763390089 0) (0.731163195897 0.476183901161 0) (0.73231854057 0.476604412232 0) (0.733473885243 0.477024923303 0) (0.734629229916 0.477445434374 0) (0.735784574589 0.477865945446 0) (0.736939919262 0.478286456517 0) (0.738095263935 0.478706967588 0) (0.739250608608 0.479127478659 0) (0.740405953281 0.479547989731 0) (0.741561297954 0.479968500802 0) (0.742716642627 0.480389011873 0) (0.7438719873 0.480809522944 0) (0.745027331973 0.481230034016 0) (0.746182676646 0.481650545087 0) (0.747338021319 0.482071056158 0) (0.748493365991 0.48249156723 0) (0.749648710664 0.482912078301 0) (0.750804055337 0.483332589372 0) (0.75195940001 0.483753100443 0) (0.753114744683 0.484173611515 0) (0.754270089356 0.484594122586 0) (0.755425434029 0.485014633657 0) (0.756580778702 0.485435144728 0) (0.757736123375 0.4858556558 0) (0.758891468048 0.486276166871 0) (0.760046812721 0.486696677942 0) (0.761202157394 0.487117189013 0) (0.762357502067 0.487537700085 0) (0.76351284674 0.487958211156 0) (0.764668191413 0.488378722227 0) (0.765823536085 0.488799233299 0) (0.766978880758 0.48921974437 0) (0.768134225431 0.489640255441 0) (0.769289570104 0.490060766512 0))
    polyLine 45 49 ((0.347904093729 0.890139503536 -0.03) (0.352577844264 0.894488486608 -0.03) (0.357261954258 0.898832391105 -0.03) (0.361956531181 0.903171431736 -0.03) (0.366661686206 0.90750582311 -0.03) (0.371377534193 0.911835779758 -0.03) (0.376104193669 0.916161516153 -0.03) (0.380841786803 0.920483246738 -0.03) (0.385590439394 0.924801185941 -0.03) (0.390350280856 0.929115548207 -0.03) (0.395121444202 0.933426548015 -0.03) (0.399904066035 0.937734399911 -0.03) (0.404698286538 0.942039318525 -0.03) (0.409504249465 0.946341518605 -0.03) (0.414322102139 0.950641215039 -0.03) (0.419151995441 0.954938622883 -0.03) (0.423994083817 0.959233957391 -0.03) (0.428848525269 0.963527434043 -0.03) (0.433715481361 0.967819268572 -0.03) (0.438595117222 0.972109676997 -0.03) (0.443487601548 0.97639887565 -0.03) (0.448393106613 0.980687081208 -0.03) (0.453311808272 0.984974510728 -0.03))
    polyLine 47 51 ((0.347904093729 0.890139503536 0) (0.352577844264 0.894488486608 0) (0.357261954258 0.898832391105 0) (0.361956531181 0.903171431736 0) (0.366661686206 0.90750582311 0) (0.371377534193 0.911835779758 0) (0.376104193669 0.916161516153 0) (0.380841786803 0.920483246738 0) (0.385590439394 0.924801185941 0) (0.390350280856 0.929115548207 0) (0.395121444202 0.933426548015 0) (0.399904066035 0.937734399911 0) (0.404698286538 0.942039318525 0) (0.409504249465 0.946341518605 0) (0.414322102139 0.950641215039 0) (0.419151995441 0.954938622883 0) (0.423994083817 0.959233957391 0) (0.428848525269 0.963527434043 0) (0.433715481361 0.967819268572 0) (0.438595117222 0.972109676997 0) (0.443487601548 0.97639887565 0) (0.448393106613 0.980687081208 0) (0.453311808272 0.984974510728 0))
    polyLine 48 52 ((0.770444914777 0.490481277584 -0.03) (0.77160025945 0.490901788655 -0.03) (0.772755604123 0.491322299726 -0.03) (0.773910948796 0.491742810797 -0.03) (0.775066293469 0.492163321869 -0.03) (0.776221638142 0.49258383294 -0.03) (0.777376982815 0.493004344011 -0.03) (0.778532327488 0.493424855082 -0.03) (0.779687672161 0.493845366154 -0.03) (0.780843016834 0.494265877225 -0.03) (0.781998361507 0.494686388296 -0.03) (0.783153706179 0.495106899367 -0.03) (0.784309050852 0.495527410439 -0.03) (0.785464395525 0.49594792151 -0.03) (0.786619740198 0.496368432581 -0.03) (0.787775084871 0.496788943653 -0.03) (0.788930429544 0.497209454724 -0.03) (0.790085774217 0.497629965795 -0.03) (0.79124111889 0.498050476866 -0.03) (0.792396463563 0.498470987938 -0.03) (0.793551808236 0.498891499009 -0.03) (0.794707152909 0.49931201008 -0.03) (0.795862497582 0.499732521151 -0.03) (0.797017842255 0.500153032223 -0.03) (0.798173186928 0.500573543294 -0.03) (0.799328531601 0.500994054365 -0.03) (0.800483876273 0.501414565436 -0.03) (0.801639220946 0.501835076508 -0.03) (0.802794565619 0.502255587579 -0.03) (0.803949910292 0.50267609865 -0.03) (0.805105254965 0.503096609722 -0.03) (0.806260599638 0.503517120793 -0.03) (0.807415944311 0.503937631864 -0.03) (0.808571288984 0.504358142935 -0.03) (0.809726633657 0.504778654007 -0.03) (0.81088197833 0.505199165078 -0.03) (0.812037323003 0.505619676149 -0.03) (0.813192667676 0.50604018722 -0.03) (0.814348012349 0.506460698292 -0.03) (0.815503357022 0.506881209363 -0.03) (0.816658701695 0.507301720434 -0.03) (0.817814046367 0.507722231505 -0.03) (0.81896939104 0.508142742577 -0.03) (0.820124735713 0.508563253648 -0.03) (0.821280080386 0.508983764719 -0.03) (0.822435425059 0.509404275791 -0.03) (0.823590769732 0.509824786862 -0.03) (0.824746114405 0.510245297933 -0.03) (0.825901459078 0.510665809004 -0.03) (0.827056803751 0.511086320076 -0.03) (0.828212148424 0.511506831147 -0.03) (0.829367493097 0.511927342218 -0.03) (0.83052283777 0.512347853289 -0.03) (0.831678182443 0.512768364361 -0.03) (0.832833527116 0.513188875432 -0.03) (0.833988871789 0.513609386503 -0.03) (0.835144216461 0.514029897574 -0.03) (0.836299561134 0.514450408646 -0.03) (0.837454905807 0.514870919717 -0.03) (0.83861025048 0.515291430788 -0.03) (0.839765595153 0.51571194186 -0.03) (0.840920939826 0.516132452931 -0.03) (0.842076284499 0.516552964002 -0.03) (0.843231629172 0.516973475073 -0.03) (0.844386973845 0.517393986145 -0.03) (0.845542318518 0.517814497216 -0.03))
    polyLine 50 54 ((0.770444914777 0.490481277584 0) (0.77160025945 0.490901788655 0) (0.772755604123 0.491322299726 0) (0.773910948796 0.491742810797 0) (0.775066293469 0.492163321869 0) (0.776221638142 0.49258383294 0) (0.777376982815 0.493004344011 0) (0.778532327488 0.493424855082 0) (0.779687672161 0.493845366154 0) (0.780843016834 0.494265877225 0) (0.781998361507 0.494686388296 0) (0.783153706179 0.495106899367 0) (0.784309050852 0.495527410439 0) (0.785464395525 0.49594792151 0) (0.786619740198 0.496368432581 0) (0.787775084871 0.496788943653 0) (0.788930429544 0.497209454724 0) (0.790085774217 0.497629965795 0) (0.79124111889 0.498050476866 0) (0.792396463563 0.498470987938 0) (0.793551808236 0.498891499009 0) (0.794707152909 0.49931201008 0) (0.795862497582 0.499732521151 0) (0.797017842255 0.500153032223 0) (0.798173186928 0.500573543294 0) (0.799328531601 0.500994054365 0) (0.800483876273 0.501414565436 0) (0.801639220946 0.501835076508 0) (0.802794565619 0.502255587579 0) (0.803949910292 0.50267609865 0) (0.805105254965 0.503096609722 0) (0.806260599638 0.503517120793 0) (0.807415944311 0.503937631864 0) (0.808571288984 0.504358142935 0) (0.809726633657 0.504778654007 0) (0.81088197833 0.505199165078 0) (0.812037323003 0.505619676149 0) (0.813192667676 0.50604018722 0) (0.814348012349 0.506460698292 0) (0.815503357022 0.506881209363 0) (0.816658701695 0.507301720434 0) (0.817814046367 0.507722231505 0) (0.81896939104 0.508142742577 0) (0.820124735713 0.508563253648 0) (0.821280080386 0.508983764719 0) (0.822435425059 0.509404275791 0) (0.823590769732 0.509824786862 0) (0.824746114405 0.510245297933 0) (0.825901459078 0.510665809004 0) (0.827056803751 0.511086320076 0) (0.828212148424 0.511506831147 0) (0.829367493097 0.511927342218 0) (0.83052283777 0.512347853289 0) (0.831678182443 0.512768364361 0) (0.832833527116 0.513188875432 0) (0.833988871789 0.513609386503 0) (0.835144216461 0.514029897574 0) (0.836299561134 0.514450408646 0) (0.837454905807 0.514870919717 0) (0.83861025048 0.515291430788 0) (0.839765595153 0.51571194186 0) (0.840920939826 0.516132452931 0) (0.842076284499 0.516552964002 0) (0.843231629172 0.516973475073 0) (0.844386973845 0.517393986145 0) (0.845542318518 0.517814497216 0))
    polyLine 49 53 ((0.463483331748 0.993802186184 -0.03) (0.468738215083 0.998342868027 -0.03) (0.474008762596 1.00288368745 -0.03) (0.479295205502 1.00742490541 -0.03) (0.484597779642 1.01196678357 -0.03) (0.489916725516 1.0165095844 -0.03) (0.495252288305 1.02105357118 -0.03) (0.500604717912 1.02559900808 -0.03) (0.505974268995 1.03014616022 -0.03) (0.511361201001 1.03469529365 -0.03) (0.516765778213 1.03924667551 -0.03) (0.522188269791 1.04380057399 -0.03) (0.527628949815 1.04835725842 -0.03) (0.533088097336 1.05291699933 -0.03) (0.538565996428 1.0574800685 -0.03) (0.544062936238 1.06204673902 -0.03) (0.549579211046 1.06661728533 -0.03) (0.555115120323 1.0711919833 -0.03) (0.56067096879 1.07577111027 -0.03) (0.566247066488 1.08035494514 -0.03) (0.57184372884 1.08494376838 -0.03) (0.577461276722 1.08953786217 -0.03) (0.58310003654 1.09413751038 -0.03))
    polyLine 51 55 ((0.463483331748 0.993802186184 0) (0.468738215083 0.998342868027 0) (0.474008762596 1.00288368745 0) (0.479295205502 1.00742490541 0) (0.484597779642 1.01196678357 0) (0.489916725516 1.0165095844 0) (0.495252288305 1.02105357118 0) (0.500604717912 1.02559900808 0) (0.505974268995 1.03014616022 0) (0.511361201001 1.03469529365 0) (0.516765778213 1.03924667551 0) (0.522188269791 1.04380057399 0) (0.527628949815 1.04835725842 0) (0.533088097336 1.05291699933 0) (0.538565996428 1.0574800685 0) (0.544062936238 1.06204673902 0) (0.549579211046 1.06661728533 0) (0.555115120323 1.0711919833 0) (0.56067096879 1.07577111027 0) (0.566247066488 1.08035494514 0) (0.57184372884 1.08494376838 0) (0.577461276722 1.08953786217 0) (0.58310003654 1.09413751038 0))
    polyLine 52 56 ((0.846697663191 0.518235008287 -0.03) (0.847853007864 0.518655519358 -0.03) (0.849008352537 0.51907603043 -0.03) (0.85016369721 0.519496541501 -0.03) (0.851319041883 0.519917052572 -0.03) (0.852474386555 0.520337563643 -0.03) (0.853629731228 0.520758074715 -0.03) (0.854785075901 0.521178585786 -0.03) (0.855940420574 0.521599096857 -0.03) (0.857095765247 0.522019607929 -0.03) (0.85825110992 0.522440119 -0.03) (0.859406454593 0.522860630071 -0.03) (0.860561799266 0.523281141142 -0.03) (0.861717143939 0.523701652214 -0.03) (0.862872488612 0.524122163285 -0.03) (0.864027833285 0.524542674356 -0.03) (0.865183177958 0.524963185427 -0.03) (0.866338522631 0.525383696499 -0.03) (0.867493867304 0.52580420757 -0.03) (0.868649211977 0.526224718641 -0.03) (0.869804556649 0.526645229712 -0.03) (0.870959901322 0.527065740784 -0.03) (0.872115245995 0.527486251855 -0.03) (0.873270590668 0.527906762926 -0.03) (0.874425935341 0.528327273997 -0.03) (0.875581280014 0.528747785069 -0.03) (0.876736624687 0.52916829614 -0.03) (0.87789196936 0.529588807211 -0.03) (0.879047314033 0.530009318283 -0.03) (0.880202658706 0.530429829354 -0.03) (0.881358003379 0.530850340425 -0.03) (0.882513348052 0.531270851496 -0.03) (0.883668692725 0.531691362568 -0.03) (0.884824037398 0.532111873639 -0.03) (0.885979382071 0.53253238471 -0.03) (0.887134726743 0.532952895781 -0.03) (0.888290071416 0.533373406853 -0.03) (0.889445416089 0.533793917924 -0.03) (0.890600760762 0.534214428995 -0.03) (0.891756105435 0.534634940066 -0.03) (0.892911450108 0.535055451138 -0.03) (0.894066794781 0.535475962209 -0.03) (0.895222139454 0.53589647328 -0.03) (0.896377484127 0.536316984352 -0.03) (0.8975328288 0.536737495423 -0.03) (0.898688173473 0.537158006494 -0.03) (0.899843518146 0.537578517565 -0.03) (0.900998862819 0.537999028637 -0.03) (0.902154207492 0.538419539708 -0.03) (0.903309552165 0.538840050779 -0.03) (0.904464896837 0.53926056185 -0.03) (0.90562024151 0.539681072922 -0.03) (0.906775586183 0.540101583993 -0.03) (0.907930930856 0.540522095064 -0.03) (0.909086275529 0.540942606135 -0.03) (0.910241620202 0.541363117207 -0.03) (0.911396964875 0.541783628278 -0.03) (0.912552309548 0.542204139349 -0.03) (0.913707654221 0.542624650421 -0.03) (0.914862998894 0.543045161492 -0.03) (0.916018343567 0.543465672563 -0.03) (0.91717368824 0.543886183634 -0.03) (0.918329032913 0.544306694706 -0.03) (0.919484377586 0.544727205777 -0.03) (0.920639722259 0.545147716848 -0.03) (0.921795066931 0.545568227919 -0.03))
    polyLine 54 58 ((0.846697663191 0.518235008287 0) (0.847853007864 0.518655519358 0) (0.849008352537 0.51907603043 0) (0.85016369721 0.519496541501 0) (0.851319041883 0.519917052572 0) (0.852474386555 0.520337563643 0) (0.853629731228 0.520758074715 0) (0.854785075901 0.521178585786 0) (0.855940420574 0.521599096857 0) (0.857095765247 0.522019607929 0) (0.85825110992 0.522440119 0) (0.859406454593 0.522860630071 0) (0.860561799266 0.523281141142 0) (0.861717143939 0.523701652214 0) (0.862872488612 0.524122163285 0) (0.864027833285 0.524542674356 0) (0.865183177958 0.524963185427 0) (0.866338522631 0.525383696499 0) (0.867493867304 0.52580420757 0) (0.868649211977 0.526224718641 0) (0.869804556649 0.526645229712 0) (0.870959901322 0.527065740784 0) (0.872115245995 0.527486251855 0) (0.873270590668 0.527906762926 0) (0.874425935341 0.528327273997 0) (0.875581280014 0.528747785069 0) (0.876736624687 0.52916829614 0) (0.87789196936 0.529588807211 0) (0.879047314033 0.530009318283 0) (0.880202658706 0.530429829354 0) (0.881358003379 0.530850340425 0) (0.882513348052 0.531270851496 0) (0.883668692725 0.531691362568 0) (0.884824037398 0.532111873639 0) (0.885979382071 0.53253238471 0) (0.887134726743 0.532952895781 0) (0.888290071416 0.533373406853 0) (0.889445416089 0.533793917924 0) (0.890600760762 0.534214428995 0) (0.891756105435 0.534634940066 0) (0.892911450108 0.535055451138 0) (0.894066794781 0.535475962209 0) (0.895222139454 0.53589647328 0) (0.896377484127 0.536316984352 0) (0.8975328288 0.536737495423 0) (0.898688173473 0.537158006494 0) (0.899843518146 0.537578517565 0) (0.900998862819 0.537999028637 0) (0.902154207492 0.538419539708 0) (0.903309552165 0.538840050779 0) (0.904464896837 0.53926056185 0) (0.90562024151 0.539681072922 0) (0.906775586183 0.540101583993 0) (0.907930930856 0.540522095064 0) (0.909086275529 0.540942606135 0) (0.910241620202 0.541363117207 0) (0.911396964875 0.541783628278 0) (0.912552309548 0.542204139349 0) (0.913707654221 0.542624650421 0) (0.914862998894 0.543045161492 0) (0.916018343567 0.543465672563 0) (0.91717368824 0.543886183634 0) (0.918329032913 0.544306694706 0) (0.919484377586 0.544727205777 0) (0.920639722259 0.545147716848 0) (0.921795066931 0.545568227919 0))
    polyLine 53 57 ((0.594553126709 1.10344426243 -0.03) (0.600369017094 1.1081522009 -0.03) (0.606208381694 1.11286712293 -0.03) (0.612071597165 1.11758933959 -0.03) (0.617959046678 1.12231916428 -0.03) (0.623871120026 1.1270569128 -0.03) (0.629808213727 1.13180290338 -0.03) (0.63577073114 1.13655745686 -0.03) (0.641759082582 1.1413208967 -0.03) (0.647773685441 1.14609354907 -0.03) (0.653814964304 1.15087574301 -0.03) (0.659883351084 1.15566781041 -0.03) (0.66597928515 1.1604700862 -0.03) (0.672103213463 1.1652829084 -0.03) (0.678255590718 1.1701066182 -0.03) (0.684436879487 1.17494156009 -0.03) (0.690647550369 1.17978808195 -0.03) (0.696888082143 1.18464653515 -0.03) (0.703158961926 1.18951727467 -0.03) (0.709460685339 1.19440065916 -0.03) (0.715793756674 1.1992970511 -0.03) (0.722158689067 1.20420681689 -0.03) (0.728556004679 1.20913032698 -0.03))
    polyLine 55 59 ((0.594553126709 1.10344426243 0) (0.600369017094 1.1081522009 0) (0.606208381694 1.11286712293 0) (0.612071597165 1.11758933959 0) (0.617959046678 1.12231916428 0) (0.623871120026 1.1270569128 0) (0.629808213727 1.13180290338 0) (0.63577073114 1.13655745686 0) (0.641759082582 1.1413208967 0) (0.647773685441 1.14609354907 0) (0.653814964304 1.15087574301 0) (0.659883351084 1.15566781041 0) (0.66597928515 1.1604700862 0) (0.672103213463 1.1652829084 0) (0.678255590718 1.1701066182 0) (0.684436879487 1.17494156009 0) (0.690647550369 1.17978808195 0) (0.696888082143 1.18464653515 0) (0.703158961926 1.18951727467 0) (0.709460685339 1.19440065916 0) (0.715793756674 1.1992970511 0) (0.722158689067 1.20420681689 0) (0.728556004679 1.20913032698 0))
    polyLine 56 60 ((0.922950411604 0.545988738991 -0.03) (0.924105756277 0.546409250062 -0.03) (0.92526110095 0.546829761133 -0.03) (0.926416445623 0.547250272204 -0.03) (0.927571790296 0.547670783276 -0.03) (0.928727134969 0.548091294347 -0.03) (0.929882479642 0.548511805418 -0.03) (0.931037824315 0.54893231649 -0.03) (0.932193168988 0.549352827561 -0.03) (0.933348513661 0.549773338632 -0.03) (0.934503858334 0.550193849703 -0.03) (0.935659203007 0.550614360775 -0.03) (0.93681454768 0.551034871846 -0.03) (0.937969892353 0.551455382917 -0.03) (0.939125237025 0.551875893988 -0.03) (0.940280581698 0.55229640506 -0.03) (0.941435926371 0.552716916131 -0.03) (0.942591271044 0.553137427202 -0.03) (0.943746615717 0.553557938273 -0.03) (0.94490196039 0.553978449345 -0.03) (0.946057305063 0.554398960416 -0.03) (0.947212649736 0.554819471487 -0.03) (0.948367994409 0.555239982558 -0.03) (0.949523339082 0.55566049363 -0.03) (0.950678683755 0.556081004701 -0.03) (0.951834028428 0.556501515772 -0.03) (0.952989373101 0.556922026844 -0.03) (0.954144717774 0.557342537915 -0.03) (0.955300062447 0.557763048986 -0.03) (0.956455407119 0.558183560057 -0.03) (0.957610751792 0.558604071129 -0.03) (0.958766096465 0.5590245822 -0.03) (0.959921441138 0.559445093271 -0.03) (0.961076785811 0.559865604342 -0.03) (0.962232130484 0.560286115414 -0.03) (0.963387475157 0.560706626485 -0.03) (0.96454281983 0.561127137556 -0.03) (0.965698164503 0.561547648627 -0.03) (0.966853509176 0.561968159699 -0.03) (0.968008853849 0.56238867077 -0.03) (0.969164198522 0.562809181841 -0.03) (0.970319543195 0.563229692913 -0.03) (0.971474887868 0.563650203984 -0.03) (0.972630232541 0.564070715055 -0.03) (0.973785577213 0.564491226126 -0.03) (0.974940921886 0.564911737198 -0.03) (0.976096266559 0.565332248269 -0.03) (0.977251611232 0.56575275934 -0.03) (0.978406955905 0.566173270411 -0.03) (0.979562300578 0.566593781483 -0.03) (0.980717645251 0.567014292554 -0.03) (0.981872989924 0.567434803625 -0.03) (0.983028334597 0.567855314696 -0.03) (0.98418367927 0.568275825768 -0.03) (0.985339023943 0.568696336839 -0.03) (0.986494368616 0.56911684791 -0.03) (0.987649713289 0.569537358982 -0.03) (0.988805057962 0.569957870053 -0.03) (0.989960402635 0.570378381124 -0.03) (0.991115747307 0.570798892195 -0.03) (0.99227109198 0.571219403267 -0.03) (0.993426436653 0.571639914338 -0.03) (0.994581781326 0.572060425409 -0.03) (0.995737125999 0.57248093648 -0.03) (0.996892470672 0.572901447552 -0.03) (0.998047815345 0.573321958623 -0.03))
    polyLine 58 62 ((0.922950411604 0.545988738991 0) (0.924105756277 0.546409250062 0) (0.92526110095 0.546829761133 0) (0.926416445623 0.547250272204 0) (0.927571790296 0.547670783276 0) (0.928727134969 0.548091294347 0) (0.929882479642 0.548511805418 0) (0.931037824315 0.54893231649 0) (0.932193168988 0.549352827561 0) (0.933348513661 0.549773338632 0) (0.934503858334 0.550193849703 0) (0.935659203007 0.550614360775 0) (0.93681454768 0.551034871846 0) (0.937969892353 0.551455382917 0) (0.939125237025 0.551875893988 0) (0.940280581698 0.55229640506 0) (0.941435926371 0.552716916131 0) (0.942591271044 0.553137427202 0) (0.943746615717 0.553557938273 0) (0.94490196039 0.553978449345 0) (0.946057305063 0.554398960416 0) (0.947212649736 0.554819471487 0) (0.948367994409 0.555239982558 0) (0.949523339082 0.55566049363 0) (0.950678683755 0.556081004701 0) (0.951834028428 0.556501515772 0) (0.952989373101 0.556922026844 0) (0.954144717774 0.557342537915 0) (0.955300062447 0.557763048986 0) (0.956455407119 0.558183560057 0) (0.957610751792 0.558604071129 0) (0.958766096465 0.5590245822 0) (0.959921441138 0.559445093271 0) (0.961076785811 0.559865604342 0) (0.962232130484 0.560286115414 0) (0.963387475157 0.560706626485 0) (0.96454281983 0.561127137556 0) (0.965698164503 0.561547648627 0) (0.966853509176 0.561968159699 0) (0.968008853849 0.56238867077 0) (0.969164198522 0.562809181841 0) (0.970319543195 0.563229692913 0) (0.971474887868 0.563650203984 0) (0.972630232541 0.564070715055 0) (0.973785577213 0.564491226126 0) (0.974940921886 0.564911737198 0) (0.976096266559 0.565332248269 0) (0.977251611232 0.56575275934 0) (0.978406955905 0.566173270411 0) (0.979562300578 0.566593781483 0) (0.980717645251 0.567014292554 0) (0.981872989924 0.567434803625 0) (0.983028334597 0.567855314696 0) (0.98418367927 0.568275825768 0) (0.985339023943 0.568696336839 0) (0.986494368616 0.56911684791 0) (0.987649713289 0.569537358982 0) (0.988805057962 0.569957870053 0) (0.989960402635 0.570378381124 0) (0.991115747307 0.570798892195 0) (0.99227109198 0.571219403267 0) (0.993426436653 0.571639914338 0) (0.994581781326 0.572060425409 0) (0.995737125999 0.57248093648 0) (0.996892470672 0.572901447552 0) (0.998047815345 0.573321958623 0))
    polyLine 57 61 ((0.741312961015 1.21891526718 -0.03) (0.747672259366 1.22377682924 -0.03) (0.754064655021 1.22865300568 -0.03) (0.760490682247 1.23354416435 -0.03) (0.766950884679 1.23845067745 -0.03) (0.773445815516 1.24337292171 -0.03) (0.779976037729 1.24831127846 -0.03) (0.786542124265 1.25326613379 -0.03) (0.793144658266 1.25823787868 -0.03) (0.799784233289 1.2632269091 -0.03) (0.806461453535 1.26823362618 -0.03) (0.813176934085 1.27325843634 -0.03) (0.819931301139 1.27830175142 -0.03) (0.826725192267 1.28336398882 -0.03) (0.833559256666 1.28844557171 -0.03) (0.84043415542 1.29354692908 -0.03) (0.847350561777 1.298668496 -0.03) (0.854309161422 1.30381071372 -0.03) (0.861310652771 1.30897402984 -0.03) (0.868355747262 1.31415889851 -0.03) (0.875445169665 1.31936578057 -0.03) (0.882579658391 1.32459514376 -0.03) (0.889759965818 1.32984746288 -0.03))
    polyLine 59 63 ((0.741312961015 1.21891526718 0) (0.747672259366 1.22377682924 0) (0.754064655021 1.22865300568 0) (0.760490682247 1.23354416435 0) (0.766950884679 1.23845067745 0) (0.773445815516 1.24337292171 0) (0.779976037729 1.24831127846 0) (0.786542124265 1.25326613379 0) (0.793144658266 1.25823787868 0) (0.799784233289 1.2632269091 0) (0.806461453535 1.26823362618 0) (0.813176934085 1.27325843634 0) (0.819931301139 1.27830175142 0) (0.826725192267 1.28336398882 0) (0.833559256666 1.28844557171 0) (0.84043415542 1.29354692908 0) (0.847350561777 1.298668496 0) (0.854309161422 1.30381071372 0) (0.861310652771 1.30897402984 0) (0.868355747262 1.31415889851 0) (0.875445169665 1.31936578057 0) (0.882579658391 1.32459514376 0) (0.889759965818 1.32984746288 0))
    polyLine 60 64 ((0.999203160018 0.573742469694 -0.03) (1.00035850469 0.574162980765 -0.03) (1.00151384936 0.574583491837 -0.03) (1.00266919404 0.575004002908 -0.03) (1.00382453871 0.575424513979 -0.03) (1.00497988338 0.575845025051 -0.03) (1.00613522806 0.576265536122 -0.03) (1.00729057273 0.576686047193 -0.03) (1.0084459174 0.577106558264 -0.03) (1.00960126207 0.577527069336 -0.03) (1.01075660675 0.577947580407 -0.03) (1.01191195142 0.578368091478 -0.03) (1.01306729609 0.578788602549 -0.03) (1.01422264077 0.579209113621 -0.03) (1.01537798544 0.579629624692 -0.03) (1.01653333011 0.580050135763 -0.03) (1.01768867478 0.580470646834 -0.03) (1.01884401946 0.580891157906 -0.03) (1.01999936413 0.581311668977 -0.03) (1.0211547088 0.581732180048 -0.03) (1.02231005348 0.582152691119 -0.03) (1.02346539815 0.582573202191 -0.03) (1.02462074282 0.582993713262 -0.03) (1.0257760875 0.583414224333 -0.03) (1.02693143217 0.583834735405 -0.03) (1.02808677684 0.584255246476 -0.03) (1.02924212151 0.584675757547 -0.03) (1.03039746619 0.585096268618 -0.03) (1.03155281086 0.58551677969 -0.03) (1.03270815553 0.585937290761 -0.03) (1.03386350021 0.586357801832 -0.03) (1.03501884488 0.586778312903 -0.03) (1.03617418955 0.587198823975 -0.03) (1.03732953422 0.587619335046 -0.03) (1.0384848789 0.588039846117 -0.03) (1.03964022357 0.588460357188 -0.03) (1.04079556824 0.58888086826 -0.03) (1.04195091292 0.589301379331 -0.03) (1.04310625759 0.589721890402 -0.03) (1.04426160226 0.590142401474 -0.03) (1.04541694694 0.590562912545 -0.03) (1.04657229161 0.590983423616 -0.03) (1.04772763628 0.591403934687 -0.03) (1.04888298095 0.591824445759 -0.03) (1.05003832563 0.59224495683 -0.03) (1.0511936703 0.592665467901 -0.03) (1.05234901497 0.593085978972 -0.03) (1.05350435965 0.593506490044 -0.03) (1.05465970432 0.593927001115 -0.03) (1.05581504899 0.594347512186 -0.03) (1.05697039366 0.594768023257 -0.03) (1.05812573834 0.595188534329 -0.03) (1.05928108301 0.5956090454 -0.03) (1.06043642768 0.596029556471 -0.03) (1.06159177236 0.596450067543 -0.03) (1.06274711703 0.596870578614 -0.03) (1.0639024617 0.597291089685 -0.03) (1.06505780638 0.597711600756 -0.03) (1.06621315105 0.598132111828 -0.03) (1.06736849572 0.598552622899 -0.03) (1.06850285497 0.598933747339 -0.03) (1.06965480162 0.599257854869 -0.03) (1.07082147172 0.599524139708 -0.03) (1.07199996477 0.599731939829 -0.03) (1.07318735084 0.599880738609 -0.03) (1.0743806779 0.599970166109 -0.03))
    polyLine 62 66 ((0.999203160018 0.573742469694 0) (1.00035850469 0.574162980765 0) (1.00151384936 0.574583491837 0) (1.00266919404 0.575004002908 0) (1.00382453871 0.575424513979 0) (1.00497988338 0.575845025051 0) (1.00613522806 0.576265536122 0) (1.00729057273 0.576686047193 0) (1.0084459174 0.577106558264 0) (1.00960126207 0.577527069336 0) (1.01075660675 0.577947580407 0) (1.01191195142 0.578368091478 0) (1.01306729609 0.578788602549 0) (1.01422264077 0.579209113621 0) (1.01537798544 0.579629624692 0) (1.01653333011 0.580050135763 0) (1.01768867478 0.580470646834 0) (1.01884401946 0.580891157906 0) (1.01999936413 0.581311668977 0) (1.0211547088 0.581732180048 0) (1.02231005348 0.582152691119 0) (1.02346539815 0.582573202191 0) (1.02462074282 0.582993713262 0) (1.0257760875 0.583414224333 0) (1.02693143217 0.583834735405 0) (1.02808677684 0.584255246476 0) (1.02924212151 0.584675757547 0) (1.03039746619 0.585096268618 0) (1.03155281086 0.58551677969 0) (1.03270815553 0.585937290761 0) (1.03386350021 0.586357801832 0) (1.03501884488 0.586778312903 0) (1.03617418955 0.587198823975 0) (1.03732953422 0.587619335046 0) (1.0384848789 0.588039846117 0) (1.03964022357 0.588460357188 0) (1.04079556824 0.58888086826 0) (1.04195091292 0.589301379331 0) (1.04310625759 0.589721890402 0) (1.04426160226 0.590142401474 0) (1.04541694694 0.590562912545 0) (1.04657229161 0.590983423616 0) (1.04772763628 0.591403934687 0) (1.04888298095 0.591824445759 0) (1.05003832563 0.59224495683 0) (1.0511936703 0.592665467901 0) (1.05234901497 0.593085978972 0) (1.05350435965 0.593506490044 0) (1.05465970432 0.593927001115 0) (1.05581504899 0.594347512186 0) (1.05697039366 0.594768023257 0) (1.05812573834 0.595188534329 0) (1.05928108301 0.5956090454 0) (1.06043642768 0.596029556471 0) (1.06159177236 0.596450067543 0) (1.06274711703 0.596870578614 0) (1.0639024617 0.597291089685 0) (1.06505780638 0.597711600756 0) (1.06621315105 0.598132111828 0) (1.06736849572 0.598552622899 0) (1.06850285497 0.598933747339 0) (1.06965480162 0.599257854869 0) (1.07082147172 0.599524139708 0) (1.07199996477 0.599731939829 0) (1.07318735084 0.599880738609 0) (1.0743806779 0.599970166109 0))
    polyLine 61 65 ((0.90386862928 1.34013722624 -0.03) (0.910793482264 1.34517307611 -0.03) (0.917762104133 1.35023119687 -0.03) (0.924775194022 1.35531202226 -0.03) (0.931833463938 1.36041599262 -0.03) (0.938937639061 1.36554355505 -0.03) (0.946088458053 1.37069516363 -0.03) (0.953286673374 1.37587127955 -0.03) (0.96053305161 1.38107237129 -0.03) (0.967828373811 1.38629891486 -0.03) (0.975173435836 1.39155139393 -0.03) (0.982569048711 1.39683030005 -0.03) (0.990016038994 1.40213613288 -0.03) (0.997515249154 1.40746940033 -0.03) (1.00506753796 1.41283061887 -0.03) (1.01267378088 1.41822031364 -0.03) (1.02033487051 1.42363901876 -0.03) (1.02805171696 1.42908727754 -0.03) (1.03582524835 1.43456564269 -0.03) (1.04365641119 1.44007467659 -0.03) (1.05154617091 1.44561495157 -0.03) (1.0594955123 1.45118705011 -0.03) (1.06750544004 1.45679156514 -0.03))
    polyLine 63 67 ((0.90386862928 1.34013722624 0) (0.910793482264 1.34517307611 0) (0.917762104133 1.35023119687 0) (0.924775194022 1.35531202226 0) (0.931833463938 1.36041599262 0) (0.938937639061 1.36554355505 0) (0.946088458053 1.37069516363 0) (0.953286673374 1.37587127955 0) (0.96053305161 1.38107237129 0) (0.967828373811 1.38629891486 0) (0.975173435836 1.39155139393 0) (0.982569048711 1.39683030005 0) (0.990016038994 1.40213613288 0) (0.997515249154 1.40746940033 0) (1.00506753796 1.41283061887 0) (1.01267378088 1.41822031364 0) (1.02033487051 1.42363901876 0) (1.02805171696 1.42908727754 0) (1.03582524835 1.43456564269 0) (1.04365641119 1.44007467659 0) (1.05154617091 1.44561495157 0) (1.0594955123 1.45118705011 0) (1.06750544004 1.45679156514 0))
);

boundary
(
    body_fore
    {
        type wall;
        faces
        (
            (0 2 6 4)
            (4 6 10 8)
            (8 10 14 12)
            (12 14 18 16)
            (16 18 22 20)
            (20 22 26 24)
            (24 26 30 28)
            (28 30 34 32)
            (32 34 38 36)
            (36 38 42 40)
            (40 42 46 44)
            (44 46 50 48)
            (48 50 54 52)
            (52 54 58 56)
            (56 58 62 60)
            (60 62 66 64)
        );
    }
    freestream
    {
        type patch;
        faces
        (
            (1 5 7 3)
            (5 9 11 7)
            (9 13 15 11)
            (13 17 19 15)
            (17 21 23 19)
            (21 25 27 23)
            (25 29 31 27)
            (29 33 35 31)
            (33 37 39 35)
            (37 41 43 39)
            (41 45 47 43)
            (45 49 51 47)
            (49 53 55 51)
            (53 57 59 55)
            (57 61 63 59)
            (61 65 67 63)
        );
    }
    outlet
    {
        type patch;
        faces
        (
            (64 66 67 65)
        );
    }
    axis
    {
        type patch;
        faces
        (
            (0 1 3 2)
        );
    }
    front
    {
        type patch;
        faces
        (
            (2 6 7 3)
            (6 10 11 7)
            (10 14 15 11)
            (14 18 19 15)
            (18 22 23 19)
            (22 26 27 23)
            (26 30 31 27)
            (30 34 35 31)
            (34 38 39 35)
            (38 42 43 39)
            (42 46 47 43)
            (46 50 51 47)
            (50 54 55 51)
            (54 58 59 55)
            (58 62 63 59)
            (62 66 67 63)
        );
    }
    back
    {
        type patch;
        faces
        (
            (0 1 5 4)
            (4 5 9 8)
            (8 9 13 12)
            (12 13 17 16)
            (16 17 21 20)
            (20 21 25 24)
            (24 25 29 28)
            (28 29 33 32)
            (32 33 37 36)
            (36 37 41 40)
            (40 41 45 44)
            (44 45 49 48)
            (48 49 53 52)
            (52 53 57 56)
            (56 57 61 60)
            (60 61 65 64)
        );
    }
);
