FoamFile
{
    version     2.0;
    format      ascii;
    class       dictionary;
    object      blockMeshDict;
}
// Generated by aether.cfd - do not edit by hand. Regenerate from the run config.

scale 1;

vertices
(
    (0 0 -0.03)
    (-0.183565446512 9.41987237436e-17 -0.03)
    (0 0 0)
    (-0.183565446512 9.41987237436e-17 0)
    (0.00291299054908 0.0570356979241 -0.03)
    (-0.179729728205 0.0749127035929 -0.03)
    (0.00291299054908 0.0570356979241 0)
    (-0.179729728205 0.0749127035929 0)
    (0.0116215643705 0.113477851075 -0.03)
    (-0.168413139021 0.149069856273 -0.03)
    (0.0116215643705 0.113477851075 0)
    (-0.168413139021 0.149069856273 0)
    (0.0260350958254 0.168739099949 -0.03)
    (-0.150131378478 0.221860404025 -0.03)
    (0.0260350958254 0.168739099949 0)
    (-0.150131378478 0.221860404025 0)
    (0.0460035913007 0.222244374058 -0.03)
    (-0.125585537999 0.29291370313 -0.03)
    (0.0460035913007 0.222244374058 0)
    (-0.125585537999 0.29291370313 0)
    (0.0713192501058 0.273436876323 -0.03)
    (-0.0955003332349 0.362128439553 -0.03)
    (0.0713192501058 0.273436876323 0)
    (-0.0955003332349 0.362128439553 0)
    (0.101718626929 0.321783877314 -0.03)
    (-0.0604921998634 0.429649318142 -0.03)
    (0.101718626929 0.321783877314 0)
    (-0.0604921998634 0.429649318142 0)
    (0.13688537335 0.36678225902 -0.03)
    (-0.020986504049 0.495820425359 -0.03)
    (0.13688537335 0.36678225902 0)
    (-0.020986504049 0.495820425359 0)
    (0.176453529887 0.407963750488 -0.03)
    (0.0228238534015 0.561139780925 -0.03)
    (0.176453529887 0.407963750488 0)
    (0.0228238534015 0.561139780925 0)
    (0.220011334306 0.444899800816 -0.03)
    (0.070997112183 0.626228652229 -0.03)
    (0.220011334306 0.444899800816 0)
    (0.070997112183 0.626228652229 0)
    (0.267105506571 0.477206038813 -0.03)
    (0.123857050576 0.691820595073 -0.03)
    (0.267105506571 0.477206038813 0)
    (0.123857050576 0.691820595073 0)
    (0.317245965853 0.504546272908 -0.03)
    (0.182017917303 0.758771345181 -0.03)
    (0.317245965853 0.504546272908 0)
    (0.182017917303 0.758771345181 0)
    (0.369902048759 0.526660136597 -0.03)
    (0.246433613908 0.82809190353 -0.03)
    (0.369902048759 0.526660136597 0)
    (0.246433613908 0.82809190353 0)
    (0.423460994326 0.546555549287 -0.03)
    (0.318337082078 0.900862771941 -0.03)
    (0.423460994326 0.546555549287 0)
    (0.318337082078 0.900862771941 0)
    (0.477019939893 0.566450961978 -0.03)
    (0.398246607142 0.977306794504 -0.03)
    (0.477019939893 0.566450961978 0)
    (0.398246607142 0.977306794504 0)
    (0.53057888546 0.586346374668 -0.03)
    (0.486359492066 1.05736314084 -0.03)
    (0.53057888546 0.586346374668 0)
    (0.486359492066 1.05736314084 0)
    (0.585625505599 0.6 -0.03)
    (0.585625505599 1.14335909979 -0.03)
    (0.585625505599 0.6 0)
    (0.585625505599 1.14335909979 0)
);

blocks
(
    hex (0 4 5 1 2 6 7 3) (4 48 1) simpleGrading (1 4 1)
    hex (4 8 9 5 6 10 11 7) (4 48 1) simpleGrading (1 4 1)
    hex (8 12 13 9 10 14 15 11) (4 48 1) simpleGrading (1 4 1)
    hex (12 16 17 13 14 18 19 15) (4 48 1) simpleGrading (1 4 1)
    hex (16 20 21 17 18 22 23 19) (4 48 1) simpleGrading (1 4 1)
    hex (20 24 25 21 22 26 27 23) (4 48 1) simpleGrading (1 4 1)
    hex (24 28 29 25 26 30 31 27) (4 48 1) simpleGrading (1 4 1)
    hex (28 32 33 29 30 34 35 31) (4 48 1) simpleGrading (1 4 1)
    hex (32 36 37 33 34 38 39 35) (4 48 1) simpleGrading (1 4 1)
    hex (36 40 41 37 38 42 43 39) (4 48 1) simpleGrading (1 4 1)
    hex (40 44 45 41 42 46 47 43) (4 48 1) simpleGrading (1 4 1)
    hex (44 48 49 45 46 50 51 47) (4 48 1) simpleGrading (1 4 1)
    hex (48 52 53 49 50 54 55 51) (4 48 1) simpleGrading (1 4 1)
    hex (52 56 57 53 54 58 59 55) (4 48 1) simpleGrading (1 4 1)
    hex (56 60 61 57 58 62 63 59) (4 48 1) simpleGrading (1 4 1)
    hex (60 64 65 61 62 66 67 63) (4 48 1) simpleGrading (1 4 1)
);

edges
(
    polyLine 0 4 ((8.68112877052e-07 0.000985902130615 -0.03) (3.47244881599e-06 0.00197180120365 -0.03) (7.81299973997e-06 0.00295769416152 -0.03) (1.38897521876e-05 0.00394357794669 -0.03) (2.1702687313e-05 0.00492944950161 -0.03) (3.1251780886e-05 0.00591530576882 -0.03) (4.25370032917e-05 0.00690114369085 -0.03) (5.55583195314e-05 0.00788696021034 -0.03) (7.0315689222e-05 0.00887275226996 -0.03) (8.68090665964e-05 0.00985851681247 -0.03) (0.000105038400503 0.0108442507807 -0.03) (0.000125003634409 0.0118299511176 -0.03) (0.000146704706394 0.0128156147663 -0.03) (0.000170141549157 0.0138012386698 -0.03) (0.000195314090013 0.0147868197715 -0.03) (0.000222222250895 0.0157723550147 -0.03) (0.000250865948353 0.016757841343 -0.03) (0.000281245093552 0.0177432757002 -0.03) (0.00031335959228 0.0187286550301 -0.03) (0.000347209344937 0.0197139762767 -0.03) (0.000382794246547 0.0206992363842 -0.03) (0.00042011418675 0.0216844322972 -0.03) (0.000459169049804 0.0226695609601 -0.03) (0.00049995871459 0.0236546193177 -0.03) (0.000542483054605 0.0246396043152 -0.03) (0.000586741937969 0.0256245128978 -0.03) (0.000632735227422 0.0266093420109 -0.03) (0.000680462780324 0.0275940886004 -0.03) (0.000729924448658 0.0285787496122 -0.03) (0.000781120079028 0.0295633219926 -0.03) (0.000834049512661 0.0305478026881 -0.03) (0.000888712585406 0.0315321886455 -0.03) (0.000945109127736 0.0325164768121 -0.03) (0.00100323896475 0.0335006641351 -0.03) (0.00106310191617 0.0344847475624 -0.03) (0.00112469779634 0.0354687240419 -0.03) (0.00118802641423 0.0364525905221 -0.03) (0.00125308757344 0.0374363439518 -0.03) (0.00131988107221 0.0384199812799 -0.03) (0.00138840670337 0.039403499456 -0.03) (0.00145866425442 0.0403868954298 -0.03) (0.00153065350745 0.0413701661515 -0.03) (0.00160437423922 0.0423533085718 -0.03) (0.00167982622109 0.0433363196415 -0.03) (0.00175700921906 0.0443191963121 -0.03) (0.00183592299376 0.0453019355353 -0.03) (0.00191656730046 0.0462845342635 -0.03) (0.00199894188906 0.0472669894492 -0.03) (0.00208304650408 0.0482492980456 -0.03) (0.00216888088469 0.0492314570062 -0.03) (0.0022564447647 0.050213463285 -0.03) (0.00234573787254 0.0511953138366 -0.03) (0.00243675993129 0.0521770056159 -0.03) (0.00252951065865 0.0531585355785 -0.03) (0.00262398976699 0.0541399006802 -0.03) (0.00272019696328 0.0551210978775 -0.03) (0.00281813194917 0.0561021241276 -0.03))
    polyLine 2 6 ((8.68112877052e-07 0.000985902130615 0) (3.47244881599e-06 0.00197180120365 0) (7.81299973997e-06 0.00295769416152 0) (1.38897521876e-05 0.00394357794669 0) (2.1702687313e-05 0.00492944950161 0) (3.1251780886e-05 0.00591530576882 0) (4.25370032917e-05 0.00690114369085 0) (5.55583195314e-05 0.00788696021034 0) (7.0315689222e-05 0.00887275226996 0) (8.68090665964e-05 0.00985851681247 0) (0.000105038400503 0.0108442507807 0) (0.000125003634409 0.0118299511176 0) (0.000146704706394 0.0128156147663 0) (0.000170141549157 0.0138012386698 0) (0.000195314090013 0.0147868197715 0) (0.000222222250895 0.0157723550147 0) (0.000250865948353 0.016757841343 0) (0.000281245093552 0.0177432757002 0) (0.00031335959228 0.0187286550301 0) (0.000347209344937 0.0197139762767 0) (0.000382794246547 0.0206992363842 0) (0.00042011418675 0.0216844322972 0) (0.000459169049804 0.0226695609601 0) (0.00049995871459 0.0236546193177 0) (0.000542483054605 0.0246396043152 0) (0.000586741937969 0.0256245128978 0) (0.000632735227422 0.0266093420109 0) (0.000680462780324 0.0275940886004 0) (0.000729924448658 0.0285787496122 0) (0.000781120079028 0.0295633219926 0) (0.000834049512661 0.0305478026881 0) (0.000888712585406 0.0315321886455 0) (0.000945109127736 0.0325164768121 0) (0.00100323896475 0.0335006641351 0) (0.00106310191617 0.0344847475624 0) (0.00112469779634 0.0354687240419 0) (0.00118802641423 0.0364525905221 0) (0.00125308757344 0.0374363439518 0) (0.00131988107221 0.0384199812799 0) (0.00138840670337 0.039403499456 0) (0.00145866425442 0.0403868954298 0) (0.00153065350745 0.0413701661515 0) (0.00160437423922 0.0423533085718 0) (0.00167982622109 0.0433363196415 0) (0.00175700921906 0.0443191963121 0) (0.00183592299376 0.0453019355353 0) (0.00191656730046 0.0462845342635 0) (0.00199894188906 0.0472669894492 0) (0.00208304650408 0.0482492980456 0) (0.00216888088469 0.0492314570062 0) (0.0022564447647 0.050213463285 0) (0.00234573787254 0.0511953138366 0) (0.00243675993129 0.0521770056159 0) (0.00252951065865 0.0531585355785 0) (0.00262398976699 0.0541399006802 0) (0.00272019696328 0.0551210978775 0) (0.00281813194917 0.0561021241276 0))
    polyLine 1 5 ((-0.183558757644 0.00312703520955 -0.03) (-0.183538691665 0.00625401062957 -0.03) (-0.18350525045 0.00938086649161 -0.03) (-0.183458437122 0.0125075430694 -0.03) (-0.183398256052 0.0156339807 -0.03) (-0.183324712854 0.0187601198045 -0.03) (-0.183237814385 0.0218859009093 -0.03) (-0.183137568739 0.0250112646669 -0.03) (-0.183023985241 0.0281361518766 -0.03) (-0.182897074449 0.0312605035051 -0.03) (-0.182756848137 0.0343842607074 -0.03) (-0.182603319299 0.0375073648467 -0.03) (-0.182436502135 0.0406297575151 -0.03) (-0.182256412047 0.0437513805538 -0.03) (-0.182063065628 0.0468721760725 -0.03) (-0.181856480654 0.0499920864697 -0.03) (-0.181636676076 0.0531110544519 -0.03) (-0.181403672006 0.0562290230532 -0.03) (-0.181157489708 0.0593459356542 -0.03) (-0.180898151588 0.062461736001 -0.03) (-0.180625681179 0.0655763682236 -0.03) (-0.180340103129 0.0686897768547 -0.03) (-0.180041443191 0.0718019068474 -0.03))
    polyLine 3 7 ((-0.183558757644 0.00312703520955 0) (-0.183538691665 0.00625401062957 0) (-0.18350525045 0.00938086649161 0) (-0.183458437122 0.0125075430694 0) (-0.183398256052 0.0156339807 0) (-0.183324712854 0.0187601198045 0) (-0.183237814385 0.0218859009093 0) (-0.183137568739 0.0250112646669 0) (-0.183023985241 0.0281361518766 0) (-0.182897074449 0.0312605035051 0) (-0.182756848137 0.0343842607074 0) (-0.182603319299 0.0375073648467 0) (-0.182436502135 0.0406297575151 0) (-0.182256412047 0.0437513805538 0) (-0.182063065628 0.0468721760725 0) (-0.181856480654 0.0499920864697 0) (-0.181636676076 0.0531110544519 0) (-0.181403672006 0.0562290230532 0) (-0.181157489708 0.0593459356542 0) (-0.180898151588 0.062461736001 0) (-0.180625681179 0.0655763682236 0) (-0.180340103129 0.0686897768547 0) (-0.180041443191 0.0718019068474 0))
    polyLine 4 8 ((0.00291779442093 0.0570829763879 -0.03) (0.00301918406948 0.0580636516165 -0.03) (0.00312230058037 0.059044146772 -0.03) (0.0032271436338 0.0600244588136 -0.03) (0.00333371290464 0.061004584701 -0.03) (0.00344200806237 0.0619845213947 -0.03) (0.00355202877114 0.0629642658555 -0.03) (0.00366377468974 0.0639438150449 -0.03) (0.00377724547161 0.064923165925 -0.03) (0.00389244076485 0.0659023154586 -0.03) (0.00400936021219 0.0668812606091 -0.03) (0.00412800345104 0.0678599983404 -0.03) (0.00424837011345 0.0688385256171 -0.03) (0.00437045982613 0.0698168394046 -0.03) (0.00449427221043 0.0707949366688 -0.03) (0.00461980688237 0.0717728143764 -0.03) (0.00474706345264 0.0727504694946 -0.03) (0.00487604152658 0.0737278989914 -0.03) (0.00500674070418 0.0747050998355 -0.03) (0.0051391605801 0.0756820689963 -0.03) (0.00527330074368 0.076658803444 -0.03) (0.0054091607789 0.0776353001494 -0.03) (0.00554674026441 0.078611556084 -0.03) (0.00568603877355 0.0795875682203 -0.03) (0.0058270558743 0.0805633335312 -0.03) (0.00596979112933 0.0815388489907 -0.03) (0.00611424409598 0.0825141115734 -0.03) (0.00626041432624 0.0834891182547 -0.03) (0.00640830136681 0.0844638660108 -0.03) (0.00655790475903 0.0854383518187 -0.03) (0.00670922403895 0.0864125726562 -0.03) (0.00686225873727 0.0873865255021 -0.03) (0.0070170083794 0.0883602073356 -0.03) (0.00717347248539 0.0893336151373 -0.03) (0.00733165057002 0.0903067458882 -0.03) (0.00749154214271 0.0912795965703 -0.03) (0.00765314670761 0.0922521641666 -0.03) (0.00781646376352 0.0932244456608 -0.03) (0.00798149280395 0.0941964380377 -0.03) (0.00814823331709 0.0951681382826 -0.03) (0.00831668478583 0.0961395433822 -0.03) (0.00848684668775 0.0971106503237 -0.03) (0.00865871849513 0.0980814560955 -0.03) (0.00883229967493 0.0990519576869 -0.03) (0.00900758968884 0.100022152088 -0.03) (0.00918458799322 0.10099203629 -0.03) (0.00936329403915 0.101961607285 -0.03) (0.00954370727241 0.102930862065 -0.03) (0.00972582713347 0.103899797626 -0.03) (0.00990965305754 0.104868410962 -0.03) (0.0100951844745 0.105836699069 -0.03) (0.010282420809 0.106804658944 -0.03) (0.0104713614803 0.107772287585 -0.03) (0.0106620059025 0.108739581992 -0.03) (0.0108543534843 0.109706539164 -0.03) (0.0110484036292 0.110673156103 -0.03) (0.0112441557354 0.11163942981 -0.03) (0.0114416091958 0.11260535729 -0.03))
    polyLine 6 10 ((0.00291779442093 0.0570829763879 0) (0.00301918406948 0.0580636516165 0) (0.00312230058037 0.059044146772 0) (0.0032271436338 0.0600244588136 0) (0.00333371290464 0.061004584701 0) (0.00344200806237 0.0619845213947 0) (0.00355202877114 0.0629642658555 0) (0.00366377468974 0.0639438150449 0) (0.00377724547161 0.064923165925 0) (0.00389244076485 0.0659023154586 0) (0.00400936021219 0.0668812606091 0) (0.00412800345104 0.0678599983404 0) (0.00424837011345 0.0688385256171 0) (0.00437045982613 0.0698168394046 0) (0.00449427221043 0.0707949366688 0) (0.00461980688237 0.0717728143764 0) (0.00474706345264 0.0727504694946 0) (0.00487604152658 0.0737278989914 0) (0.00500674070418 0.0747050998355 0) (0.0051391605801 0.0756820689963 0) (0.00527330074368 0.076658803444 0) (0.0054091607789 0.0776353001494 0) (0.00554674026441 0.078611556084 0) (0.00568603877355 0.0795875682203 0) (0.0058270558743 0.0805633335312 0) (0.00596979112933 0.0815388489907 0) (0.00611424409598 0.0825141115734 0) (0.00626041432624 0.0834891182547 0) (0.00640830136681 0.0844638660108 0) (0.00655790475903 0.0854383518187 0) (0.00670922403895 0.0864125726562 0) (0.00686225873727 0.0873865255021 0) (0.0070170083794 0.0883602073356 0) (0.00717347248539 0.0893336151373 0) (0.00733165057002 0.0903067458882 0) (0.00749154214271 0.0912795965703 0) (0.00765314670761 0.0922521641666 0) (0.00781646376352 0.0932244456608 0) (0.00798149280395 0.0941964380377 0) (0.00814823331709 0.0951681382826 0) (0.00831668478583 0.0961395433822 0) (0.00848684668775 0.0971106503237 0) (0.00865871849513 0.0980814560955 0) (0.00883229967493 0.0990519576869 0) (0.00900758968884 0.100022152088 0) (0.00918458799322 0.10099203629 0) (0.00936329403915 0.101961607285 0) (0.00954370727241 0.102930862065 0) (0.00972582713347 0.103899797626 0) (0.00990965305754 0.104868410962 0) (0.0100951844745 0.105836699069 0) (0.010282420809 0.106804658944 0) (0.0104713614803 0.107772287585 0) (0.0106620059025 0.108739581992 0) (0.0108543534843 0.109706539164 0) (0.0110484036292 0.110673156103 0) (0.0112441557354 0.11163942981 0) (0.0114416091958 0.11260535729 0))
    polyLine 5 9 ((-0.179404847727 0.0780234113835 -0.03) (-0.17906695824 0.0811326768681 -0.03) (-0.1787160898 0.0842404467902 -0.03) (-0.178352273493 0.0873466684011 -0.03) (-0.177975541419 0.0904512894751 -0.03) (-0.177585926674 0.0935542583265 -0.03) (-0.177183463334 0.0966555238242 -0.03) (-0.176768186438 0.0997550354075 -0.03) (-0.176340131968 0.102852743101 -0.03) (-0.175899336832 0.105948597528 -0.03) (-0.175445838844 0.109042549927 -0.03) (-0.174979676707 0.112134552162 -0.03) (-0.17450088999 0.115224556739 -0.03) (-0.174009519112 0.118312516817 -0.03) (-0.17350560532 0.121398386221 -0.03) (-0.172989190668 0.124482119454 -0.03) (-0.172460317998 0.127563671709 -0.03) (-0.171919030918 0.130642998882 -0.03) (-0.17136537378 0.133720057578 -0.03) (-0.170799391661 0.136794805127 -0.03) (-0.170221130339 0.13986719959 -0.03) (-0.169630636274 0.142937199772 -0.03) (-0.169027956584 0.146004765228 -0.03))
    polyLine 7 11 ((-0.179404847727 0.0780234113835 0) (-0.17906695824 0.0811326768681 0) (-0.1787160898 0.0842404467902 0) (-0.178352273493 0.0873466684011 0) (-0.177975541419 0.0904512894751 0) (-0.177585926674 0.0935542583265 0) (-0.177183463334 0.0966555238242 0) (-0.176768186438 0.0997550354075 0) (-0.176340131968 0.102852743101 0) (-0.175899336832 0.105948597528 0) (-0.175445838844 0.109042549927 0) (-0.174979676707 0.112134552162 0) (-0.17450088999 0.115224556739 0) (-0.174009519112 0.118312516817 0) (-0.17350560532 0.121398386221 0) (-0.172989190668 0.124482119454 0) (-0.172460317998 0.127563671709 0) (-0.171919030918 0.130642998882 0) (-0.17136537378 0.133720057578 0) (-0.170799391661 0.136794805127 0) (-0.170221130339 0.13986719959 0) (-0.169630636274 0.142937199772 0) (-0.169027956584 0.146004765228 0))
    polyLine 8 12 ((0.011640763398 0.113570935546 -0.03) (0.0118416177244 0.114536161584 -0.03) (0.0120441715521 0.11550103241 -0.03) (0.012248424253 0.116465545032 -0.03) (0.0124543751935 0.11742969646 -0.03) (0.0126620237349 0.118393483702 -0.03) (0.0128713692333 0.11935690377 -0.03) (0.0130824110394 0.120319953675 -0.03) (0.0132951484987 0.121282630432 -0.03) (0.0135095809514 0.122244931055 -0.03) (0.0137257077326 0.123206852558 -0.03) (0.013943528172 0.12416839196 -0.03) (0.0141630415939 0.125129546278 -0.03) (0.0143842473177 0.126090312531 -0.03) (0.0146071446574 0.127050687739 -0.03) (0.0148317329216 0.128010668924 -0.03) (0.0150580114138 0.12897025311 -0.03) (0.0152859794322 0.129929437319 -0.03) (0.01551563627 0.130888218577 -0.03) (0.0157469812148 0.131846593912 -0.03) (0.0159800135491 0.132804560349 -0.03) (0.0162147325504 0.13376211492 -0.03) (0.0164511374905 0.134719254653 -0.03) (0.0166892276364 0.135675976581 -0.03) (0.0169290022497 0.136632277736 -0.03) (0.0171704605868 0.137588155153 -0.03) (0.0174136018987 0.138543605867 -0.03) (0.0176584254316 0.139498626916 -0.03) (0.017904930426 0.140453215336 -0.03) (0.0181531161175 0.141407368168 -0.03) (0.0184029817365 0.142361082453 -0.03) (0.018654526508 0.143314355233 -0.03) (0.0189077496518 0.144267183551 -0.03) (0.0191626503827 0.145219564453 -0.03) (0.0194192279101 0.146171494985 -0.03) (0.0196774814384 0.147122972194 -0.03) (0.0199374101665 0.14807399313 -0.03) (0.0201990132884 0.149024554844 -0.03) (0.0204622899927 0.149974654387 -0.03) (0.0207272394631 0.150924288813 -0.03) (0.0209938608776 0.151873455177 -0.03) (0.0212621534096 0.152822150535 -0.03) (0.0215321162269 0.153770371944 -0.03) (0.0218037484924 0.154718116465 -0.03) (0.0220770493635 0.155665381158 -0.03) (0.0223520179927 0.156612163086 -0.03) (0.0226286535272 0.157558459311 -0.03) (0.0229069551091 0.158504266899 -0.03) (0.0231869218754 0.159449582918 -0.03) (0.0234685529577 0.160394404434 -0.03) (0.0237518474826 0.161338728519 -0.03) (0.0240368045715 0.162282552243 -0.03) (0.0243234233408 0.16322587268 -0.03) (0.0246117029014 0.164168686903 -0.03) (0.0249016423594 0.165110991989 -0.03) (0.0251932408156 0.166052785016 -0.03) (0.0254864973656 0.166994063062 -0.03) (0.0257814111 0.167934823209 -0.03))
    polyLine 10 14 ((0.011640763398 0.113570935546 0) (0.0118416177244 0.114536161584 0) (0.0120441715521 0.11550103241 0) (0.012248424253 0.116465545032 0) (0.0124543751935 0.11742969646 0) (0.0126620237349 0.118393483702 0) (0.0128713692333 0.11935690377 0) (0.0130824110394 0.120319953675 0) (0.0132951484987 0.121282630432 0) (0.0135095809514 0.122244931055 0) (0.0137257077326 0.123206852558 0) (0.013943528172 0.12416839196 0) (0.0141630415939 0.125129546278 0) (0.0143842473177 0.126090312531 0) (0.0146071446574 0.127050687739 0) (0.0148317329216 0.128010668924 0) (0.0150580114138 0.12897025311 0) (0.0152859794322 0.129929437319 0) (0.01551563627 0.130888218577 0) (0.0157469812148 0.131846593912 0) (0.0159800135491 0.132804560349 0) (0.0162147325504 0.13376211492 0) (0.0164511374905 0.134719254653 0) (0.0166892276364 0.135675976581 0) (0.0169290022497 0.136632277736 0) (0.0171704605868 0.137588155153 0) (0.0174136018987 0.138543605867 0) (0.0176584254316 0.139498626916 0) (0.017904930426 0.140453215336 0) (0.0181531161175 0.141407368168 0) (0.0184029817365 0.142361082453 0) (0.018654526508 0.143314355233 0) (0.0189077496518 0.144267183551 0) (0.0191626503827 0.145219564453 0) (0.0194192279101 0.146171494985 0) (0.0196774814384 0.147122972194 0) (0.0199374101665 0.14807399313 0) (0.0201990132884 0.149024554844 0) (0.0204622899927 0.149974654387 0) (0.0207272394631 0.150924288813 0) (0.0209938608776 0.151873455177 0) (0.0212621534096 0.152822150535 0) (0.0215321162269 0.153770371944 0) (0.0218037484924 0.154718116465 0) (0.0220770493635 0.155665381158 0) (0.0223520179927 0.156612163086 0) (0.0226286535272 0.157558459311 0) (0.0229069551091 0.158504266899 0) (0.0231869218754 0.159449582918 0) (0.0234685529577 0.160394404434 0) (0.0237518474826 0.161338728519 0) (0.0240368045715 0.162282552243 0) (0.0243234233408 0.16322587268 0) (0.0246117029014 0.164168686903 0) (0.0249016423594 0.165110991989 0) (0.0251932408156 0.166052785016 0) (0.0254864973656 0.166994063062 0) (0.0257814111 0.167934823209 0))
    polyLine 9 13 ((-0.16778570481 0.152134983611 -0.03) (-0.167146210032 0.155197555201 -0.03) (-0.166494704344 0.158257533597 -0.03) (-0.165831237949 0.161314882146 -0.03) (-0.165155861577 0.164369564995 -0.03) (-0.164468626463 0.167421547101 -0.03) (-0.163769584324 0.17047079423 -0.03) (-0.163058787332 0.17351727297 -0.03) (-0.1623362881 0.176560950732 -0.03) (-0.161602139649 0.179601795754 -0.03) (-0.160856395396 0.182639777109 -0.03) (-0.160099109122 0.185674864705 -0.03) (-0.159330334957 0.18870702929 -0.03) (-0.158550127352 0.191736242458 -0.03) (-0.157758541059 0.194762476647 -0.03) (-0.156955631113 0.197785705144 -0.03) (-0.1561414528 0.200805902087 -0.03) (-0.155316061644 0.203823042466 -0.03) (-0.154479513383 0.206837102126 -0.03) (-0.153631863944 0.209848057764 -0.03) (-0.152773169426 0.212855886936 -0.03) (-0.151903486075 0.215860568051 -0.03) (-0.151022870266 0.218862080373 -0.03))
    polyLine 11 15 ((-0.16778570481 0.152134983611 0) (-0.167146210032 0.155197555201 0) (-0.166494704344 0.158257533597 0) (-0.165831237949 0.161314882146 0) (-0.165155861577 0.164369564995 0) (-0.164468626463 0.167421547101 0) (-0.163769584324 0.17047079423 0) (-0.163058787332 0.17351727297 0) (-0.1623362881 0.176560950732 0) (-0.161602139649 0.179601795754 0) (-0.160856395396 0.182639777109 0) (-0.160099109122 0.185674864705 0) (-0.159330334957 0.18870702929 0) (-0.158550127352 0.191736242458 0) (-0.157758541059 0.194762476647 0) (-0.156955631113 0.197785705144 0) (-0.1561414528 0.200805902087 0) (-0.155316061644 0.203823042466 0) (-0.154479513383 0.206837102126 0) (-0.153631863944 0.209848057764 0) (-0.152773169426 0.212855886936 0) (-0.151903486075 0.215860568051 0) (-0.151022870266 0.218862080373 0))
    polyLine 12 16 ((0.0260779811041 0.168875062539 -0.03) (0.0263762064583 0.169814778136 -0.03) (0.0266760862375 0.170753967085 -0.03) (0.0269776195118 0.171692626475 -0.03) (0.027280805346 0.172630753393 -0.03) (0.0275856427999 0.17356834493 -0.03) (0.0278921309281 0.17450539818 -0.03) (0.02820026878 0.175441910235 -0.03) (0.0285100554 0.176377878191 -0.03) (0.0288214898275 0.177313299145 -0.03) (0.0291345710964 0.178248170197 -0.03) (0.029449298236 0.179182488447 -0.03) (0.02976567027 0.180116250998 -0.03) (0.0300836862174 0.181049454953 -0.03) (0.0304033450918 0.181982097419 -0.03) (0.030724645902 0.182914175502 -0.03) (0.0310475876515 0.183845686314 -0.03) (0.0313721693386 0.184776626963 -0.03) (0.0316983899569 0.185706994564 -0.03) (0.0320262484945 0.186636786231 -0.03) (0.0323557439348 0.187565999081 -0.03) (0.0326868752557 0.188494630231 -0.03) (0.0330196414305 0.189422676802 -0.03) (0.0333540414271 0.190350135915 -0.03) (0.0336900742083 0.191277004695 -0.03) (0.0340277387322 0.192203280266 -0.03) (0.0343670339514 0.193128959757 -0.03) (0.0347079588137 0.194054040295 -0.03) (0.0350505122618 0.194978519013 -0.03) (0.0353946932333 0.195902393043 -0.03) (0.0357405006609 0.196825659521 -0.03) (0.036087933472 0.197748315581 -0.03) (0.0364369905892 0.198670358364 -0.03) (0.03678767093 0.19959178501 -0.03) (0.0371399734067 0.200512592661 -0.03) (0.0374938969268 0.201432778461 -0.03) (0.0378494403927 0.202352339557 -0.03) (0.0382066027017 0.203271273096 -0.03) (0.0385653827461 0.204189576229 -0.03) (0.0389257794132 0.205107246108 -0.03) (0.0392877915854 0.206024279887 -0.03) (0.03965141814 0.206940674722 -0.03) (0.0400166579492 0.207856427771 -0.03) (0.0403835098802 0.208771536194 -0.03) (0.0407519727955 0.209685997153 -0.03) (0.0411220455522 0.210599807811 -0.03) (0.0414937270027 0.211512965335 -0.03) (0.0418670159943 0.212425466893 -0.03) (0.0422419113692 0.213337309655 -0.03) (0.0426184119648 0.214248490793 -0.03) (0.0429965166136 0.215159007482 -0.03) (0.0433762241427 0.216068856896 -0.03) (0.0437575333748 0.216978036215 -0.03) (0.0441404431271 0.217886542619 -0.03) (0.0445249522122 0.218794373291 -0.03) (0.0449110594377 0.219701525414 -0.03) (0.045298763606 0.220607996177 -0.03) (0.0456880635148 0.221513782766 -0.03))
    polyLine 14 18 ((0.0260779811041 0.168875062539 0) (0.0263762064583 0.169814778136 0) (0.0266760862375 0.170753967085 0) (0.0269776195118 0.171692626475 0) (0.027280805346 0.172630753393 0) (0.0275856427999 0.17356834493 0) (0.0278921309281 0.17450539818 0) (0.02820026878 0.175441910235 0) (0.0285100554 0.176377878191 0) (0.0288214898275 0.177313299145 0) (0.0291345710964 0.178248170197 0) (0.029449298236 0.179182488447 0) (0.02976567027 0.180116250998 0) (0.0300836862174 0.181049454953 0) (0.0304033450918 0.181982097419 0) (0.030724645902 0.182914175502 0) (0.0310475876515 0.183845686314 0) (0.0313721693386 0.184776626963 0) (0.0316983899569 0.185706994564 0) (0.0320262484945 0.186636786231 0) (0.0323557439348 0.187565999081 0) (0.0326868752557 0.188494630231 0) (0.0330196414305 0.189422676802 0) (0.0333540414271 0.190350135915 0) (0.0336900742083 0.191277004695 0) (0.0340277387322 0.192203280266 0) (0.0343670339514 0.193128959757 0) (0.0347079588137 0.194054040295 0) (0.0350505122618 0.194978519013 0) (0.0353946932333 0.195902393043 0) (0.0357405006609 0.196825659521 0) (0.036087933472 0.197748315581 0) (0.0364369905892 0.198670358364 0) (0.03678767093 0.19959178501 0) (0.0371399734067 0.200512592661 0) (0.0374938969268 0.201432778461 0) (0.0378494403927 0.202352339557 0) (0.0382066027017 0.203271273096 0) (0.0385653827461 0.204189576229 0) (0.0389257794132 0.205107246108 0) (0.0392877915854 0.206024279887 0) (0.03965141814 0.206940674722 0) (0.0400166579492 0.207856427771 0) (0.0403835098802 0.208771536194 0) (0.0407519727955 0.209685997153 0) (0.0411220455522 0.210599807811 0) (0.0414937270027 0.211512965335 0) (0.0418670159943 0.212425466893 0) (0.0422419113692 0.213337309655 0) (0.0426184119648 0.214248490793 0) (0.0429965166136 0.215159007482 0) (0.0433762241427 0.216068856896 0) (0.0437575333748 0.216978036215 0) (0.0441404431271 0.217886542619 0) (0.0445249522122 0.218794373291 0) (0.0449110594377 0.219701525414 0) (0.045298763606 0.220607996177 0) (0.0456880635148 0.221513782766 0))
    polyLine 13 17 ((-0.149227939191 0.224859240269 -0.03) (-0.148313710428 0.2278548426 -0.03) (-0.147388749076 0.230847193636 -0.03) (-0.146453112051 0.233836276851 -0.03) (-0.145506856271 0.236822076569 -0.03) (-0.144550038641 0.239804577968 -0.03) (-0.143582716032 0.242783767074 -0.03) (-0.142604945261 0.245759630757 -0.03) (-0.141616783073 0.248732156732 -0.03) (-0.140618286124 0.251701333554 -0.03) (-0.13960951096 0.254667150611 -0.03) (-0.138590513998 0.257629598127 -0.03) (-0.137561351514 0.260588667155 -0.03) (-0.136522079619 0.263544349568 -0.03) (-0.135472754244 0.266496638066 -0.03) (-0.134413431126 0.269445526158 -0.03) (-0.133344165787 0.27239100817 -0.03) (-0.13226501352 0.27533307923 -0.03) (-0.131176029373 0.27827173527 -0.03) (-0.130077268133 0.281206973015 -0.03) (-0.128968784311 0.284138789982 -0.03) (-0.127850632127 0.287067184474 -0.03) (-0.126722865492 0.289992155572 -0.03))
    polyLine 15 19 ((-0.149227939191 0.224859240269 0) (-0.148313710428 0.2278548426 0) (-0.147388749076 0.230847193636 0) (-0.146453112051 0.233836276851 0) (-0.145506856271 0.236822076569 0) (-0.144550038641 0.239804577968 0) (-0.143582716032 0.242783767074 0) (-0.142604945261 0.245759630757 0) (-0.141616783073 0.248732156732 0) (-0.140618286124 0.251701333554 0) (-0.13960951096 0.254667150611 0) (-0.138590513998 0.257629598127 0) (-0.137561351514 0.260588667155 0) (-0.136522079619 0.263544349568 0) (-0.135472754244 0.266496638066 0) (-0.134413431126 0.269445526158 0) (-0.133344165787 0.27239100817 0) (-0.13226501352 0.27533307923 0) (-0.131176029373 0.27827173527 0) (-0.130077268133 0.281206973015 0) (-0.128968784311 0.284138789982 0) (-0.127850632127 0.287067184474 0) (-0.126722865492 0.289992155572 0))
    polyLine 16 20 ((0.0460789579567 0.222418882374 -0.03) (0.0464714457196 0.223323292193 -0.03) (0.046865525586 0.224227009418 -0.03) (0.0472611963339 0.225130031248 -0.03) (0.0476584567363 0.22603235488 -0.03) (0.0480573055609 0.226933977517 -0.03) (0.048457741571 0.227834896363 -0.03) (0.0488597635246 0.228735108623 -0.03) (0.049263370175 0.229634611506 -0.03) (0.0496685602703 0.230533402222 -0.03) (0.0500753325541 0.231431477984 -0.03) (0.0504836857648 0.232328836006 -0.03) (0.0508936186359 0.233225473506 -0.03) (0.0513051298962 0.234121387703 -0.03) (0.0517182182694 0.235016575817 -0.03) (0.0521328824744 0.235911035074 -0.03) (0.0525491212252 0.236804762699 -0.03) (0.0529669332309 0.23769775592 -0.03) (0.0533863171957 0.238590011967 -0.03) (0.0538072718191 0.239481528075 -0.03) (0.0542297957955 0.240372301477 -0.03) (0.0546538878145 0.241262329412 -0.03) (0.0550795465609 0.242151609118 -0.03) (0.0555067707146 0.243040137839 -0.03) (0.0559355589506 0.243927912818 -0.03) (0.0563659099392 0.244814931302 -0.03) (0.0567978223457 0.24570119054 -0.03) (0.0572312948306 0.246586687785 -0.03) (0.0576663260495 0.247471420289 -0.03) (0.0581029146534 0.248355385308 -0.03) (0.0585410592881 0.249238580102 -0.03) (0.058980758595 0.250121001931 -0.03) (0.0594220112103 0.251002648058 -0.03) (0.0598648157656 0.25188351575 -0.03) (0.0603091708876 0.252763602275 -0.03) (0.0607550751982 0.253642904902 -0.03) (0.0612025273146 0.254521420906 -0.03) (0.0616515258491 0.25539914756 -0.03) (0.0621020694091 0.256276082145 -0.03) (0.0625541565975 0.257152221939 -0.03) (0.0630077860121 0.258027564226 -0.03) (0.0634629562461 0.25890210629 -0.03) (0.0639196658879 0.259775845421 -0.03) (0.0643779135211 0.260648778907 -0.03) (0.0648376977246 0.261520904042 -0.03) (0.0652990170723 0.262392218121 -0.03) (0.0657618701336 0.263262718442 -0.03) (0.0662262554731 0.264132402304 -0.03) (0.0666921716506 0.265001267012 -0.03) (0.067159617221 0.26586930987 -0.03) (0.0676285907348 0.266736528187 -0.03) (0.0680990907374 0.267602919272 -0.03) (0.0685711157698 0.268468480438 -0.03) (0.069044664368 0.269333209003 -0.03) (0.0695197350634 0.270197102283 -0.03) (0.0699963263827 0.271060157599 -0.03) (0.0704744368478 0.271922372275 -0.03) (0.0709540649759 0.272783743637 -0.03))
    polyLine 18 22 ((0.0460789579567 0.222418882374 0) (0.0464714457196 0.223323292193 0) (0.046865525586 0.224227009418 0) (0.0472611963339 0.225130031248 0) (0.0476584567363 0.22603235488 0) (0.0480573055609 0.226933977517 0) (0.048457741571 0.227834896363 0) (0.0488597635246 0.228735108623 0) (0.049263370175 0.229634611506 0) (0.0496685602703 0.230533402222 0) (0.0500753325541 0.231431477984 0) (0.0504836857648 0.232328836006 0) (0.0508936186359 0.233225473506 0) (0.0513051298962 0.234121387703 0) (0.0517182182694 0.235016575817 0) (0.0521328824744 0.235911035074 0) (0.0525491212252 0.236804762699 0) (0.0529669332309 0.23769775592 0) (0.0533863171957 0.238590011967 0) (0.0538072718191 0.239481528075 0) (0.0542297957955 0.240372301477 0) (0.0546538878145 0.241262329412 0) (0.0550795465609 0.242151609118 0) (0.0555067707146 0.243040137839 0) (0.0559355589506 0.243927912818 0) (0.0563659099392 0.244814931302 0) (0.0567978223457 0.24570119054 0) (0.0572312948306 0.246586687785 0) (0.0576663260495 0.247471420289 0) (0.0581029146534 0.248355385308 0) (0.0585410592881 0.249238580102 0) (0.058980758595 0.250121001931 0) (0.0594220112103 0.251002648058 0) (0.0598648157656 0.25188351575 0) (0.0603091708876 0.252763602275 0) (0.0607550751982 0.253642904902 0) (0.0612025273146 0.254521420906 0) (0.0616515258491 0.25539914756 0) (0.0621020694091 0.256276082145 0) (0.0625541565975 0.257152221939 0) (0.0630077860121 0.258027564226 0) (0.0634629562461 0.25890210629 0) (0.0639196658879 0.259775845421 0) (0.0643779135211 0.260648778907 0) (0.0648376977246 0.261520904042 0) (0.0652990170723 0.262392218121 0) (0.0657618701336 0.263262718442 0) (0.0662262554731 0.264132402304 0) (0.0666921716506 0.265001267012 0) (0.067159617221 0.26586930987 0) (0.0676285907348 0.266736528187 0) (0.0680990907374 0.267602919272 0) (0.0685711157698 0.268468480438 0) (0.069044664368 0.269333209003 0) (0.0695197350634 0.270197102283 0) (0.0699963263827 0.271060157599 0) (0.0704744368478 0.271922372275 0) (0.0709540649759 0.272783743637 0))
    polyLine 17 21 ((-0.124436808887 0.295836624434 -0.03) (-0.123278594046 0.298756112942 -0.03) (-0.122110946281 0.301672170806 -0.03) (-0.12093391802 0.304584800929 -0.03) (-0.1197475613 0.307494006964 -0.03) (-0.118551927757 0.310399793302 -0.03) (-0.117347068608 0.313302165071 -0.03) (-0.116133034644 0.316201128125 -0.03) (-0.114909876216 0.319096689037 -0.03) (-0.113677643225 0.321988855095 -0.03) (-0.112436385109 0.324877634294 -0.03) (-0.111186150833 0.327763035329 -0.03) (-0.109926988879 0.330645067585 -0.03) (-0.108658947235 0.333523741135 -0.03) (-0.107382073385 0.33639906673 -0.03) (-0.106096414302 0.339271055793 -0.03) (-0.104802016434 0.342139720408 -0.03) (-0.103498925697 0.345005073319 -0.03) (-0.102187187468 0.347867127919 -0.03) (-0.100866846576 0.350725898243 -0.03) (-0.0995379472884 0.35358139896 -0.03) (-0.0982005333116 0.356433645369 -0.03) (-0.0968546477767 0.359282653389 -0.03))
    polyLine 19 23 ((-0.124436808887 0.295836624434 0) (-0.123278594046 0.298756112942 0) (-0.122110946281 0.301672170806 0) (-0.12093391802 0.304584800929 0) (-0.1197475613 0.307494006964 0) (-0.118551927757 0.310399793302 0) (-0.117347068608 0.313302165071 0) (-0.116133034644 0.316201128125 0) (-0.114909876216 0.319096689037 0) (-0.113677643225 0.321988855095 0) (-0.112436385109 0.324877634294 0) (-0.111186150833 0.327763035329 0) (-0.109926988879 0.330645067585 0) (-0.108658947235 0.333523741135 0) (-0.107382073385 0.33639906673 0) (-0.106096414302 0.339271055793 0) (-0.104802016434 0.342139720408 0) (-0.103498925697 0.345005073319 0) (-0.102187187468 0.347867127919 0) (-0.100866846576 0.350725898243 0) (-0.0995379472884 0.35358139896 0) (-0.0982005333116 0.356433645369 0) (-0.0968546477767 0.359282653389 0))
    polyLine 20 24 ((0.0714352092797 0.273644269014 -0.03) (0.0719178682668 0.274503945736 -0.03) (0.0724020404404 0.275362771138 -0.03) (0.0728877242991 0.276220742556 -0.03) (0.0733749183364 0.27707785733 -0.03) (0.0738636210415 0.2779341128 -0.03) (0.0743538308988 0.278789506312 -0.03) (0.0748455463879 0.279644035213 -0.03) (0.0753387659839 0.280497696853 -0.03) (0.0758334881572 0.281350488584 -0.03) (0.0763297113736 0.282202407761 -0.03) (0.0768274340939 0.283053451742 -0.03) (0.0773266547748 0.283903617889 -0.03) (0.0778273718679 0.284752903564 -0.03) (0.0783295838203 0.285601306133 -0.03) (0.0788332890746 0.286448822965 -0.03) (0.0793384860686 0.287295451433 -0.03) (0.0798451732355 0.28814118891 -0.03) (0.080353349004 0.288986032773 -0.03) (0.080863011798 0.289829980402 -0.03) (0.0813741600369 0.290673029181 -0.03) (0.0818867921355 0.291515176493 -0.03) (0.0824009065039 0.292356419729 -0.03) (0.0829165015478 0.293196756278 -0.03) (0.0834335756681 0.294036183534 -0.03) (0.0839521272612 0.294874698895 -0.03) (0.084472154719 0.295712299759 -0.03) (0.0849936564286 0.296548983529 -0.03) (0.0855166307727 0.297384747611 -0.03) (0.0860410761295 0.298219589412 -0.03) (0.0865669908724 0.299053506343 -0.03) (0.0870943733704 0.299886495818 -0.03) (0.087623221988 0.300718555254 -0.03) (0.0881535350851 0.30154968207 -0.03) (0.0886853110169 0.302379873688 -0.03) (0.0892185481343 0.303209127534 -0.03) (0.0897532447836 0.304037441036 -0.03) (0.0902893993064 0.304864811626 -0.03) (0.0908270100401 0.305691236737 -0.03) (0.0913660753172 0.306516713806 -0.03) (0.0919065934661 0.307341240273 -0.03) (0.0924485628104 0.308164813582 -0.03) (0.0929919816693 0.308987431177 -0.03) (0.0935368483575 0.309809090509 -0.03) (0.0940831611851 0.310629789028 -0.03) (0.094630918458 0.311449524189 -0.03) (0.0951801184773 0.312268293451 -0.03) (0.0957307595398 0.313086094273 -0.03) (0.0962828399378 0.31390292412 -0.03) (0.0968363579591 0.314718780458 -0.03) (0.0973913118871 0.315533660758 -0.03) (0.0979477000007 0.316347562491 -0.03) (0.0985055205745 0.317160483135 -0.03) (0.0990647718783 0.317972420167 -0.03) (0.0996254521779 0.318783371069 -0.03) (0.100187559734 0.319593333328 -0.03) (0.100751092804 0.32040230443 -0.03) (0.10131604964 0.321210281866 -0.03))
    polyLine 22 26 ((0.0714352092797 0.273644269014 0) (0.0719178682668 0.274503945736 0) (0.0724020404404 0.275362771138 0) (0.0728877242991 0.276220742556 0) (0.0733749183364 0.27707785733 0) (0.0738636210415 0.2779341128 0) (0.0743538308988 0.278789506312 0) (0.0748455463879 0.279644035213 0) (0.0753387659839 0.280497696853 0) (0.0758334881572 0.281350488584 0) (0.0763297113736 0.282202407761 0) (0.0768274340939 0.283053451742 0) (0.0773266547748 0.283903617889 0) (0.0778273718679 0.284752903564 0) (0.0783295838203 0.285601306133 0) (0.0788332890746 0.286448822965 0) (0.0793384860686 0.287295451433 0) (0.0798451732355 0.28814118891 0) (0.080353349004 0.288986032773 0) (0.080863011798 0.289829980402 0) (0.0813741600369 0.290673029181 0) (0.0818867921355 0.291515176493 0) (0.0824009065039 0.292356419729 0) (0.0829165015478 0.293196756278 0) (0.0834335756681 0.294036183534 0) (0.0839521272612 0.294874698895 0) (0.084472154719 0.295712299759 0) (0.0849936564286 0.296548983529 0) (0.0855166307727 0.297384747611 0) (0.0860410761295 0.298219589412 0) (0.0865669908724 0.299053506343 0) (0.0870943733704 0.299886495818 0) (0.087623221988 0.300718555254 0) (0.0881535350851 0.30154968207 0) (0.0886853110169 0.302379873688 0) (0.0892185481343 0.303209127534 0) (0.0897532447836 0.304037441036 0) (0.0902893993064 0.304864811626 0) (0.0908270100401 0.305691236737 0) (0.0913660753172 0.306516713806 0) (0.0919065934661 0.307341240273 0) (0.0924485628104 0.308164813582 0) (0.0929919816693 0.308987431177 0) (0.0935368483575 0.309809090509 0) (0.0940831611851 0.310629789028 0) (0.094630918458 0.311449524189 0) (0.0951801184773 0.312268293451 0) (0.0957307595398 0.313086094273 0) (0.0962828399378 0.31390292412 0) (0.0968363579591 0.314718780458 0) (0.0973913118871 0.315533660758 0) (0.0979477000007 0.316347562491 0) (0.0985055205745 0.317160483135 0) (0.0990647718783 0.317972420167 0) (0.0996254521779 0.318783371069 0) (0.100187559734 0.319593333328 0) (0.100751092804 0.32040230443 0) (0.10131604964 0.321210281866 0))
    polyLine 21 25 ((-0.0941348489477 0.364976804643 -0.03) (-0.0927609850544 0.367821969801 -0.03) (-0.0913787825696 0.370663953471 -0.03) (-0.089988281895 0.373502774687 -0.03) (-0.0885895228128 0.376338453065 -0.03) (-0.08718254448 0.379171008795 -0.03) (-0.0857673854222 0.382000462639 -0.03) (-0.0843440835281 0.384826835916 -0.03) (-0.0829126760442 0.387650150502 -0.03) (-0.0814731995693 0.390470428819 -0.03) (-0.0800256900498 0.393287693829 -0.03) (-0.0785701827745 0.39610196903 -0.03) (-0.0771067123707 0.398913278444 -0.03) (-0.0756353127989 0.401721646614 -0.03) (-0.0741560173494 0.404527098597 -0.03) (-0.0726688586377 0.407329659956 -0.03) (-0.071173868601 0.410129356755 -0.03) (-0.0696710784943 0.412926215551 -0.03) (-0.0681605188869 0.41572026339 -0.03) (-0.0666422196593 0.418511527797 -0.03) (-0.0651162099994 0.421300036775 -0.03) (-0.0635825184005 0.424085818793 -0.03) (-0.0620411726571 0.426868902785 -0.03))
    polyLine 23 27 ((-0.0941348489477 0.364976804643 0) (-0.0927609850544 0.367821969801 0) (-0.0913787825696 0.370663953471 0) (-0.089988281895 0.373502774687 0) (-0.0885895228128 0.376338453065 0) (-0.08718254448 0.379171008795 0) (-0.0857673854222 0.382000462639 0) (-0.0843440835281 0.384826835916 0) (-0.0829126760442 0.387650150502 0) (-0.0814731995693 0.390470428819 0) (-0.0800256900498 0.393287693829 0) (-0.0785701827745 0.39610196903 0) (-0.0771067123707 0.398913278444 0) (-0.0756353127989 0.401721646614 0) (-0.0741560173494 0.404527098597 0) (-0.0726688586377 0.407329659956 0) (-0.071173868601 0.410129356755 0) (-0.0696710784943 0.412926215551 0) (-0.0681605188869 0.41572026339 0) (-0.0666422196593 0.418511527797 0) (-0.0651162099994 0.421300036775 0) (-0.0635825184005 0.424085818793 0) (-0.0620411726571 0.426868902785 0))
    polyLine 24 28 ((0.10188242849 0.322017263132 -0.03) (0.102450227597 0.322823245724 -0.03) (0.1030194452 0.323628227143 -0.03) (0.103590079535 0.324432204892 -0.03) (0.104162128831 0.325235176478 -0.03) (0.104735591314 0.326037139411 -0.03) (0.105310465206 0.326838091203 -0.03) (0.105886748724 0.32763802937 -0.03) (0.10646444008 0.328436951433 -0.03) (0.107043537483 0.329234854912 -0.03) (0.107624039138 0.330031737333 -0.03) (0.108205943244 0.330827596226 -0.03) (0.108789247995 0.331622429121 -0.03) (0.109373951584 0.332416233554 -0.03) (0.109960052197 0.333209007063 -0.03) (0.110547548015 0.33400074719 -0.03) (0.111136437218 0.334791451478 -0.03) (0.111726717979 0.335581117476 -0.03) (0.112318388466 0.336369742735 -0.03) (0.112911446846 0.337157324808 -0.03) (0.113505891279 0.337943861254 -0.03) (0.114101719922 0.338729349634 -0.03) (0.114698930926 0.33951378751 -0.03) (0.115297522439 0.34029717245 -0.03) (0.115897492605 0.341079502026 -0.03) (0.116498839564 0.341860773809 -0.03) (0.11710156145 0.342640985379 -0.03) (0.117705656394 0.343420134314 -0.03) (0.118311122522 0.344198218199 -0.03) (0.118917957958 0.34497523462 -0.03) (0.119526160819 0.345751181168 -0.03) (0.120135729218 0.346526055436 -0.03) (0.120746661266 0.347299855021 -0.03) (0.121358955067 0.348072577524 -0.03) (0.121972608722 0.348844220547 -0.03) (0.12258762033 0.349614781698 -0.03) (0.123203987981 0.350384258587 -0.03) (0.123821709765 0.351152648828 -0.03) (0.124440783766 0.351919950038 -0.03) (0.125061208064 0.352686159836 -0.03) (0.125682980735 0.353451275847 -0.03) (0.12630609985 0.354215295699 -0.03) (0.126930563478 0.35497821702 -0.03) (0.12755636968 0.355740037446 -0.03) (0.128183516518 0.356500754614 -0.03) (0.128812002045 0.357260366164 -0.03) (0.129441824312 0.358018869741 -0.03) (0.130072981367 0.358776262992 -0.03) (0.130705471251 0.359532543569 -0.03) (0.131339292004 0.360287709126 -0.03) (0.131974441659 0.36104175732 -0.03) (0.132610918247 0.361794685815 -0.03) (0.133248719794 0.362546492273 -0.03) (0.133887844322 0.363297174365 -0.03) (0.134528289849 0.364046729761 -0.03) (0.135170054388 0.364795156138 -0.03) (0.13581313595 0.365542451174 -0.03) (0.136457532539 0.366288612551 -0.03))
    polyLine 26 30 ((0.10188242849 0.322017263132 0) (0.102450227597 0.322823245724 0) (0.1030194452 0.323628227143 0) (0.103590079535 0.324432204892 0) (0.104162128831 0.325235176478 0) (0.104735591314 0.326037139411 0) (0.105310465206 0.326838091203 0) (0.105886748724 0.32763802937 0) (0.10646444008 0.328436951433 0) (0.107043537483 0.329234854912 0) (0.107624039138 0.330031737333 0) (0.108205943244 0.330827596226 0) (0.108789247995 0.331622429121 0) (0.109373951584 0.332416233554 0) (0.109960052197 0.333209007063 0) (0.110547548015 0.33400074719 0) (0.111136437218 0.334791451478 0) (0.111726717979 0.335581117476 0) (0.112318388466 0.336369742735 0) (0.112911446846 0.337157324808 0) (0.113505891279 0.337943861254 0) (0.114101719922 0.338729349634 0) (0.114698930926 0.33951378751 0) (0.115297522439 0.34029717245 0) (0.115897492605 0.341079502026 0) (0.116498839564 0.341860773809 0) (0.11710156145 0.342640985379 0) (0.117705656394 0.343420134314 0) (0.118311122522 0.344198218199 0) (0.118917957958 0.34497523462 0) (0.119526160819 0.345751181168 0) (0.120135729218 0.346526055436 0) (0.120746661266 0.347299855021 0) (0.121358955067 0.348072577524 0) (0.121972608722 0.348844220547 0) (0.12258762033 0.349614781698 0) (0.123203987981 0.350384258587 0) (0.123821709765 0.351152648828 0) (0.124440783766 0.351919950038 0) (0.125061208064 0.352686159836 0) (0.125682980735 0.353451275847 0) (0.12630609985 0.354215295699 0) (0.126930563478 0.35497821702 0) (0.12755636968 0.355740037446 0) (0.128183516518 0.356500754614 0) (0.128812002045 0.357260366164 0) (0.129441824312 0.358018869741 0) (0.130072981367 0.358776262992 0) (0.130705471251 0.359532543569 0) (0.131339292004 0.360287709126 0) (0.131974441659 0.36104175732 0) (0.132610918247 0.361794685815 0) (0.133248719794 0.362546492273 0) (0.133887844322 0.363297174365 0) (0.134528289849 0.364046729761 0) (0.135170054388 0.364795156138 0) (0.13581313595 0.365542451174 0) (0.136457532539 0.366288612551 0))
    polyLine 25 29 ((-0.058931861095 0.432433794546 -0.03) (-0.0573639108101 0.435215649913 -0.03) (-0.0557883741636 0.437994915193 -0.03) (-0.0542052755927 0.440771621777 -0.03) (-0.0526146388155 0.443545801486 -0.03) (-0.0510164868281 0.44631748657 -0.03) (-0.0494108419032 0.4490867097 -0.03) (-0.0477977255884 0.451853503964 -0.03) (-0.046177158704 0.454617902862 -0.03) (-0.044549161342 0.4573799403 -0.03) (-0.0429137528642 0.460139650585 -0.03) (-0.0412709519006 0.462897068422 -0.03) (-0.0396207763487 0.465652228907 -0.03) (-0.0379632433717 0.468405167523 -0.03) (-0.0362983693975 0.471155920136 -0.03) (-0.0346261701176 0.47390452299 -0.03) (-0.0329466604859 0.476651012705 -0.03) (-0.031259854718 0.479395426268 -0.03) (-0.02956576629 0.482137801032 -0.03) (-0.0278644079378 0.484878174714 -0.03) (-0.0261557916561 0.487616585386 -0.03) (-0.0244399286978 0.490353071475 -0.03) (-0.0227168295731 0.493087671758 -0.03))
    polyLine 27 31 ((-0.058931861095 0.432433794546 0) (-0.0573639108101 0.435215649913 0) (-0.0557883741636 0.437994915193 0) (-0.0542052755927 0.440771621777 0) (-0.0526146388155 0.443545801486 0) (-0.0510164868281 0.44631748657 0) (-0.0494108419032 0.4490867097 0) (-0.0477977255884 0.451853503964 0) (-0.046177158704 0.454617902862 0) (-0.044549161342 0.4573799403 0) (-0.0429137528642 0.460139650585 0) (-0.0412709519006 0.462897068422 0) (-0.0396207763487 0.465652228907 0) (-0.0379632433717 0.468405167523 0) (-0.0362983693975 0.471155920136 0) (-0.0346261701176 0.47390452299 0) (-0.0329466604859 0.476651012705 0) (-0.031259854718 0.479395426268 0) (-0.02956576629 0.482137801032 0) (-0.0278644079378 0.484878174714 0) (-0.0261557916561 0.487616585386 0) (-0.0244399286978 0.490353071475 0) (-0.0227168295731 0.493087671758 0))
    polyLine 28 32 ((0.137103242157 0.367033637955 -0.03) (0.137750262803 0.367777525076 -0.03) (0.138398592468 0.368520271607 -0.03) (0.139048229143 0.369261875245 -0.03) (0.139699170813 0.370002333689 -0.03) (0.140351415459 0.370741644643 -0.03) (0.141004961059 0.371479805814 -0.03) (0.141659805584 0.372216814913 -0.03) (0.142315947006 0.372952669654 -0.03) (0.142973383287 0.373687367755 -0.03) (0.143632112391 0.374420906938 -0.03) (0.144292132273 0.375153284928 -0.03) (0.144953440888 0.375884499452 -0.03) (0.145616036183 0.376614548245 -0.03) (0.146279916104 0.377343429041 -0.03) (0.146945078593 0.37807113958 -0.03) (0.147611521585 0.378797677606 -0.03) (0.148279243015 0.379523040864 -0.03) (0.148948240812 0.380247227106 -0.03) (0.149618512901 0.380970234085 -0.03) (0.150290057203 0.381692059559 -0.03) (0.150962871635 0.38241270129 -0.03) (0.151636954111 0.383132157043 -0.03) (0.152312302541 0.383850424586 -0.03) (0.152988914829 0.384567501692 -0.03) (0.153666788878 0.385283386137 -0.03) (0.154345922585 0.385998075701 -0.03) (0.155026313845 0.386711568167 -0.03) (0.155707960546 0.387423861322 -0.03) (0.156390860575 0.388134952959 -0.03) (0.157075011814 0.38884484087 -0.03) (0.157760412141 0.389553522855 -0.03) (0.158447059431 0.390260996716 -0.03) (0.159134951554 0.390967260259 -0.03) (0.159824086377 0.391672311293 -0.03) (0.160514461763 0.392376147632 -0.03) (0.161206075569 0.393078767093 -0.03) (0.161898925653 0.393780167497 -0.03) (0.162593009864 0.394480346668 -0.03) (0.163288326051 0.395179302436 -0.03) (0.163984872057 0.395877032632 -0.03) (0.164682645721 0.396573535093 -0.03) (0.16538164488 0.397268807659 -0.03) (0.166081867366 0.397962848173 -0.03) (0.166783311007 0.398655654483 -0.03) (0.167485973628 0.39934722444 -0.03) (0.168189853049 0.4000375559 -0.03) (0.168894947089 0.400726646722 -0.03) (0.169601253559 0.401414494768 -0.03) (0.170308770271 0.402101097905 -0.03) (0.171017495028 0.402786454004 -0.03) (0.171727425634 0.40347056094 -0.03) (0.172438559886 0.404153416591 -0.03) (0.17315089558 0.404835018839 -0.03) (0.173864430506 0.40551536557 -0.03) (0.174579162451 0.406194454674 -0.03) (0.175295089199 0.406872284045 -0.03) (0.176012208529 0.407548851582 -0.03))
    polyLine 30 34 ((0.137103242157 0.367033637955 0) (0.137750262803 0.367777525076 0) (0.138398592468 0.368520271607 0) (0.139048229143 0.369261875245 0) (0.139699170813 0.370002333689 0) (0.140351415459 0.370741644643 0) (0.141004961059 0.371479805814 0) (0.141659805584 0.372216814913 0) (0.142315947006 0.372952669654 0) (0.142973383287 0.373687367755 0) (0.143632112391 0.374420906938 0) (0.144292132273 0.375153284928 0) (0.144953440888 0.375884499452 0) (0.145616036183 0.376614548245 0) (0.146279916104 0.377343429041 0) (0.146945078593 0.37807113958 0) (0.147611521585 0.378797677606 0) (0.148279243015 0.379523040864 0) (0.148948240812 0.380247227106 0) (0.149618512901 0.380970234085 0) (0.150290057203 0.381692059559 0) (0.150962871635 0.38241270129 0) (0.151636954111 0.383132157043 0) (0.152312302541 0.383850424586 0) (0.152988914829 0.384567501692 0) (0.153666788878 0.385283386137 0) (0.154345922585 0.385998075701 0) (0.155026313845 0.386711568167 0) (0.155707960546 0.387423861322 0) (0.156390860575 0.388134952959 0) (0.157075011814 0.38884484087 0) (0.157760412141 0.389553522855 0) (0.158447059431 0.390260996716 0) (0.159134951554 0.390967260259 0) (0.159824086377 0.391672311293 0) (0.160514461763 0.392376147632 0) (0.161206075569 0.393078767093 0) (0.161898925653 0.393780167497 0) (0.162593009864 0.394480346668 0) (0.163288326051 0.395179302436 0) (0.163984872057 0.395877032632 0) (0.164682645721 0.396573535093 0) (0.16538164488 0.397268807659 0) (0.166081867366 0.397962848173 0) (0.166783311007 0.398655654483 0) (0.167485973628 0.39934722444 0) (0.168189853049 0.4000375559 0) (0.168894947089 0.400726646722 0) (0.169601253559 0.401414494768 0) (0.170308770271 0.402101097905 0) (0.171017495028 0.402786454004 0) (0.171727425634 0.40347056094 0) (0.172438559886 0.404153416591 0) (0.17315089558 0.404835018839 0) (0.173864430506 0.40551536557 0) (0.174579162451 0.406194454674 0) (0.175295089199 0.406872284045 0) (0.176012208529 0.407548851582 0))
    polyLine 29 33 ((-0.0192441319358 0.49855894372 -0.03) (-0.0174945107008 0.501295684968 -0.03) (-0.0157376479369 0.504030689581 -0.03) (-0.0139735504826 0.506763998378 -0.03) (-0.012202224422 0.509495652509 -0.03) (-0.0104236750836 0.512225693457 -0.03) (-0.00863790704043 0.514954163032 -0.03) (-0.00684492410883 0.51768110337 -0.03) (-0.00504472934845 0.520406556931 -0.03) (-0.00323732506146 0.523130566494 -0.03) (-0.0014227127921 0.525853175155 -0.03) (0.000399106673901 0.528574426329 -0.03) (0.0022281333098 0.531294363742 -0.03) (0.00406436784846 0.534013031431 -0.03) (0.00590781178287 0.536730473744 -0.03) (0.00775846736673 0.539446735336 -0.03) (0.00961633761509 0.542161861168 -0.03) (0.0114814263049 0.544875896505 -0.03) (0.0133537379758 0.547588886914 -0.03) (0.0152332779307 0.550300878264 -0.03) (0.0171200522362 0.553011916724 -0.03) (0.0190140677241 0.555722048761 -0.03) (0.0209153319914 0.558431321141 -0.03))
    polyLine 31 35 ((-0.0192441319358 0.49855894372 0) (-0.0174945107008 0.501295684968 0) (-0.0157376479369 0.504030689581 0) (-0.0139735504826 0.506763998378 0) (-0.012202224422 0.509495652509 0) (-0.0104236750836 0.512225693457 0) (-0.00863790704043 0.514954163032 0) (-0.00684492410883 0.51768110337 0) (-0.00504472934845 0.520406556931 0) (-0.00323732506146 0.523130566494 0) (-0.0014227127921 0.525853175155 0) (0.000399106673901 0.528574426329 0) (0.0022281333098 0.531294363742 0) (0.00406436784846 0.534013031431 0) (0.00590781178287 0.536730473744 0) (0.00775846736673 0.539446735336 0) (0.00961633761509 0.542161861168 0) (0.0114814263049 0.544875896505 0) (0.0133537379758 0.547588886914 0) (0.0152332779307 0.550300878264 0) (0.0171200522362 0.553011916724 0) (0.0190140677241 0.555722048761 0) (0.0209153319914 0.558431321141 0))
    polyLine 32 36 ((0.176730518217 0.408224155185 -0.03) (0.177450016035 0.408898192761 -0.03) (0.178170699753 0.409570962219 -0.03) (0.178892567135 0.410242461473 -0.03) (0.179615615942 0.41091268844 -0.03) (0.180339843933 0.411581641041 -0.03) (0.18106524886 0.412249317202 -0.03) (0.181791828475 0.412915714852 -0.03) (0.182519580523 0.413580831925 -0.03) (0.183248502748 0.414244666358 -0.03) (0.18397859289 0.414907216092 -0.03) (0.184709848684 0.415568479072 -0.03) (0.185442267862 0.416228453248 -0.03) (0.186175848153 0.416887136572 -0.03) (0.186910587281 0.417544527003 -0.03) (0.187646482969 0.4182006225 -0.03) (0.188383532933 0.41885542103 -0.03) (0.189121734888 0.419508920562 -0.03) (0.189861086545 0.420161119068 -0.03) (0.190601585611 0.420812014527 -0.03) (0.191343229789 0.42146160492 -0.03) (0.192086016779 0.422109888232 -0.03) (0.192829944277 0.422756862452 -0.03) (0.193575009977 0.423402525575 -0.03) (0.194321211567 0.424046875597 -0.03) (0.195068546734 0.424689910521 -0.03) (0.19581701316 0.425331628352 -0.03) (0.196566608523 0.4259720271 -0.03) (0.197317330499 0.426611104779 -0.03) (0.198069176759 0.427248859407 -0.03) (0.198822144972 0.427885289005 -0.03) (0.199576232804 0.428520391602 -0.03) (0.200331437914 0.429154165226 -0.03) (0.201087757961 0.429786607912 -0.03) (0.201845190599 0.430417717699 -0.03) (0.20260373348 0.431047492629 -0.03) (0.20336338425 0.43167593075 -0.03) (0.204124140555 0.432303030112 -0.03) (0.204886000034 0.432928788771 -0.03) (0.205648960325 0.433553204785 -0.03) (0.206413019061 0.434176276219 -0.03) (0.207178173874 0.43479800114 -0.03) (0.20794442239 0.43541837762 -0.03) (0.208711762232 0.436037403735 -0.03) (0.209480191022 0.436655077565 -0.03) (0.210249706375 0.437271397195 -0.03) (0.211020305905 0.437886360713 -0.03) (0.211791987224 0.438499966211 -0.03) (0.212564747936 0.439112211788 -0.03) (0.213338585646 0.439723095544 -0.03) (0.214113497954 0.440332615584 -0.03) (0.214889482456 0.440940770019 -0.03) (0.215666536747 0.441547556963 -0.03) (0.216444658415 0.442152974532 -0.03) (0.217223845049 0.442757020851 -0.03) (0.218004094231 0.443359694045 -0.03) (0.218785403541 0.443960992246 -0.03) (0.219567770557 0.444560913588 -0.03))
    polyLine 34 38 ((0.176730518217 0.408224155185 0) (0.177450016035 0.408898192761 0) (0.178170699753 0.409570962219 0) (0.178892567135 0.410242461473 0) (0.179615615942 0.41091268844 0) (0.180339843933 0.411581641041 0) (0.18106524886 0.412249317202 0) (0.181791828475 0.412915714852 0) (0.182519580523 0.413580831925 0) (0.183248502748 0.414244666358 0) (0.18397859289 0.414907216092 0) (0.184709848684 0.415568479072 0) (0.185442267862 0.416228453248 0) (0.186175848153 0.416887136572 0) (0.186910587281 0.417544527003 0) (0.187646482969 0.4182006225 0) (0.188383532933 0.41885542103 0) (0.189121734888 0.419508920562 0) (0.189861086545 0.420161119068 0) (0.190601585611 0.420812014527 0) (0.191343229789 0.42146160492 0) (0.192086016779 0.422109888232 0) (0.192829944277 0.422756862452 0) (0.193575009977 0.423402525575 0) (0.194321211567 0.424046875597 0) (0.195068546734 0.424689910521 0) (0.19581701316 0.425331628352 0) (0.196566608523 0.4259720271 0) (0.197317330499 0.426611104779 0) (0.198069176759 0.427248859407 0) (0.198822144972 0.427885289005 0) (0.199576232804 0.428520391602 0) (0.200331437914 0.429154165226 0) (0.201087757961 0.429786607912 0) (0.201845190599 0.430417717699 0) (0.20260373348 0.431047492629 0) (0.20336338425 0.43167593075 0) (0.204124140555 0.432303030112 0) (0.204886000034 0.432928788771 0) (0.205648960325 0.433553204785 0) (0.206413019061 0.434176276219 0) (0.207178173874 0.43479800114 0) (0.20794442239 0.43541837762 0) (0.208711762232 0.436037403735 0) (0.209480191022 0.436655077565 0) (0.210249706375 0.437271397195 0) (0.211020305905 0.437886360713 0) (0.211791987224 0.438499966211 0) (0.212564747936 0.439112211788 0) (0.213338585646 0.439723095544 0) (0.214113497954 0.440332615584 0) (0.214889482456 0.440940770019 0) (0.215666536747 0.441547556963 0) (0.216444658415 0.442152974532 0) (0.217223845049 0.442757020851 0) (0.218004094231 0.443359694045 0) (0.218785403541 0.443960992246 0) (0.219567770557 0.444560913588 0))
    polyLine 33 37 ((0.0247456183728 0.563855906319 -0.03) (0.0266747049366 0.566571309801 -0.03) (0.0286111238642 0.569286039767 -0.03) (0.0305548867065 0.572000144913 -0.03) (0.0325060057953 0.574713674228 -0.03) (0.0344644942443 0.577426677002 -0.03) (0.0364303659501 0.580139202818 -0.03) (0.0384036355937 0.582851301557 -0.03) (0.0403843186419 0.585563023394 -0.03) (0.0423724313482 0.588274418803 -0.03) (0.0443679907547 0.590985538552 -0.03) (0.0463710146935 0.593696433707 -0.03) (0.0483815217881 0.596407155628 -0.03) (0.0503995314554 0.599117755977 -0.03) (0.052425063907 0.601828286711 -0.03) (0.0544581401515 0.604538800085 -0.03) (0.0564987819959 0.607249348657 -0.03) (0.0585470120481 0.609959985282 -0.03) (0.0606028537186 0.612670763118 -0.03) (0.0626663312228 0.615381735624 -0.03) (0.0647374695832 0.618092956567 -0.03) (0.0668162946316 0.620804480013 -0.03) (0.0689028330121 0.623516360339 -0.03))
    polyLine 35 39 ((0.0247456183728 0.563855906319 0) (0.0266747049366 0.566571309801 0) (0.0286111238642 0.569286039767 0) (0.0305548867065 0.572000144913 0) (0.0325060057953 0.574713674228 0) (0.0344644942443 0.577426677002 0) (0.0364303659501 0.580139202818 0) (0.0384036355937 0.582851301557 0) (0.0403843186419 0.585563023394 0) (0.0423724313482 0.588274418803 0) (0.0443679907547 0.590985538552 0) (0.0463710146935 0.593696433707 0) (0.0483815217881 0.596407155628 0) (0.0503995314554 0.599117755977 0) (0.052425063907 0.601828286711 0) (0.0544581401515 0.604538800085 0) (0.0564987819959 0.607249348657 0) (0.0585470120481 0.609959985282 0) (0.0606028537186 0.612670763118 0) (0.0626663312228 0.615381735624 0) (0.0647374695832 0.618092956567 0) (0.0668162946316 0.620804480013 0) (0.0689028330121 0.623516360339 0))
    polyLine 36 40 ((0.220351192852 0.445159456212 -0.03) (0.221135667997 0.44575661826 -0.03) (0.221921193558 0.446352397881 -0.03) (0.2227077671 0.446946793228 -0.03) (0.223495386183 0.447539802456 -0.03) (0.224284048365 0.448131423727 -0.03) (0.225073751199 0.448721655206 -0.03) (0.225864492237 0.449310495062 -0.03) (0.226656269025 0.44989794147 -0.03) (0.22744907911 0.450483992607 -0.03) (0.228242920031 0.451068646655 -0.03) (0.229037789327 0.451651901803 -0.03) (0.229833684532 0.45223375624 -0.03) (0.23063060318 0.452814208163 -0.03) (0.231428542797 0.45339325577 -0.03) (0.23222750091 0.453970897267 -0.03) (0.23302747504 0.454547130862 -0.03) (0.233828462706 0.455121954768 -0.03) (0.234630461425 0.455695367202 -0.03) (0.23543346871 0.456267366386 -0.03) (0.236237482069 0.456837950545 -0.03) (0.237042499009 0.457407117911 -0.03) (0.237848517034 0.457974866718 -0.03) (0.238655533644 0.458541195206 -0.03) (0.239463546337 0.459106101617 -0.03) (0.240272552605 0.459669584201 -0.03) (0.241082549941 0.460231641209 -0.03) (0.241893535833 0.460792270898 -0.03) (0.242705507764 0.461351471531 -0.03) (0.243518463218 0.461909241372 -0.03) (0.244332399672 0.462465578691 -0.03) (0.245147314603 0.463020481764 -0.03) (0.245963205483 0.463573948869 -0.03) (0.246780069782 0.46412597829 -0.03) (0.247597904967 0.464676568315 -0.03) (0.248416708501 0.465225717236 -0.03) (0.249236477844 0.465773423351 -0.03) (0.250057210455 0.46631968496 -0.03) (0.250878903789 0.46686450037 -0.03) (0.251701555296 0.467407867891 -0.03) (0.252525162425 0.467949785838 -0.03) (0.253349722623 0.468490252529 -0.03) (0.254175233332 0.46902926629 -0.03) (0.255001691992 0.469566825448 -0.03) (0.25582909604 0.470102928336 -0.03) (0.256657442909 0.470637573292 -0.03) (0.257486730031 0.471170758657 -0.03) (0.258316954835 0.471702482778 -0.03) (0.259148114744 0.472232744006 -0.03) (0.259980207182 0.472761540697 -0.03) (0.260813229567 0.473288871209 -0.03) (0.261647179318 0.473814733909 -0.03) (0.262482053846 0.474339127165 -0.03) (0.263317850563 0.47486204935 -0.03) (0.264154566877 0.475383498844 -0.03) (0.264992200193 0.475903474029 -0.03) (0.265830747913 0.476421973292 -0.03) (0.266670207437 0.476938995025 -0.03))
    polyLine 38 42 ((0.220351192852 0.445159456212 0) (0.221135667997 0.44575661826 0) (0.221921193558 0.446352397881 0) (0.2227077671 0.446946793228 0) (0.223495386183 0.447539802456 0) (0.224284048365 0.448131423727 0) (0.225073751199 0.448721655206 0) (0.225864492237 0.449310495062 0) (0.226656269025 0.44989794147 0) (0.22744907911 0.450483992607 0) (0.228242920031 0.451068646655 0) (0.229037789327 0.451651901803 0) (0.229833684532 0.45223375624 0) (0.23063060318 0.452814208163 0) (0.231428542797 0.45339325577 0) (0.23222750091 0.453970897267 0) (0.23302747504 0.454547130862 0) (0.233828462706 0.455121954768 0) (0.234630461425 0.455695367202 0) (0.23543346871 0.456267366386 0) (0.236237482069 0.456837950545 0) (0.237042499009 0.457407117911 0) (0.237848517034 0.457974866718 0) (0.238655533644 0.458541195206 0) (0.239463546337 0.459106101617 0) (0.240272552605 0.459669584201 0) (0.241082549941 0.460231641209 0) (0.241893535833 0.460792270898 0) (0.242705507764 0.461351471531 0) (0.243518463218 0.461909241372 0) (0.244332399672 0.462465578691 0) (0.245147314603 0.463020481764 0) (0.245963205483 0.463573948869 0) (0.246780069782 0.46412597829 0) (0.247597904967 0.464676568315 0) (0.248416708501 0.465225717236 0) (0.249236477844 0.465773423351 0) (0.250057210455 0.46631968496 0) (0.250878903789 0.46686450037 0) (0.251701555296 0.467407867891 0) (0.252525162425 0.467949785838 0) (0.253349722623 0.468490252529 0) (0.254175233332 0.46902926629 0) (0.255001691992 0.469566825448 0) (0.25582909604 0.470102928336 0) (0.256657442909 0.470637573292 0) (0.257486730031 0.471170758657 0) (0.258316954835 0.471702482778 0) (0.259148114744 0.472232744006 0) (0.259980207182 0.472761540697 0) (0.260813229567 0.473288871209 0) (0.261647179318 0.473814733909 0) (0.262482053846 0.474339127165 0) (0.263317850563 0.47486204935 0) (0.264154566877 0.475383498844 0) (0.264992200193 0.475903474029 0) (0.265830747913 0.476421973292 0) (0.266670207437 0.476938995025 0))
    polyLine 37 41 ((0.0731063868257 0.62895072014 -0.03) (0.075223513341 0.631673313692 -0.03) (0.0773485219602 0.634396489079 -0.03) (0.0794814437514 0.637120302815 -0.03) (0.0816223106229 0.639844811735 -0.03) (0.0837711553265 0.642570073 -0.03) (0.0859280114604 0.645296144093 -0.03) (0.0880929134732 0.648023082829 -0.03) (0.0902658966671 0.650750947354 -0.03) (0.0924469972016 0.653479796146 -0.03) (0.0946362520976 0.65620968802 -0.03) (0.0968336992411 0.658940682131 -0.03) (0.0990393773873 0.661672837976 -0.03) (0.101253326165 0.664406215396 -0.03) (0.10347558608 0.667140874583 -0.03) (0.105706198522 0.669876876079 -0.03) (0.107945205766 0.67261428078 -0.03) (0.110192650979 0.675353149944 -0.03) (0.112448578225 0.678093545188 -0.03) (0.114713032469 0.680835528495 -0.03) (0.116986059582 0.683579162221 -0.03) (0.11926770635 0.686324509092 -0.03) (0.121558020473 0.689071632214 -0.03))
    polyLine 39 43 ((0.0731063868257 0.62895072014 0) (0.075223513341 0.631673313692 0) (0.0773485219602 0.634396489079 0) (0.0794814437514 0.637120302815 0) (0.0816223106229 0.639844811735 0) (0.0837711553265 0.642570073 0) (0.0859280114604 0.645296144093 0) (0.0880929134732 0.648023082829 0) (0.0902658966671 0.650750947354 0) (0.0924469972016 0.653479796146 0) (0.0946362520976 0.65620968802 0) (0.0968336992411 0.658940682131 0) (0.0990393773873 0.661672837976 0) (0.101253326165 0.664406215396 0) (0.10347558608 0.667140874583 0) (0.105706198522 0.669876876079 0) (0.107945205766 0.67261428078 0) (0.110192650979 0.675353149944 0) (0.112448578225 0.678093545188 0) (0.114713032469 0.680835528495 0) (0.116986059582 0.683579162221 0) (0.11926770635 0.686324509092 0) (0.121558020473 0.689071632214 0))
    polyLine 40 44 ((0.267510576161 0.477454537625 -0.03) (0.268351851479 0.477968599493 -0.03) (0.269194030782 0.478481179035 -0.03) (0.270037111458 0.478992274661 -0.03) (0.270881090892 0.479501884786 -0.03) (0.271725966467 0.480010007829 -0.03) (0.272571735563 0.480516642215 -0.03) (0.273418395557 0.481021786373 -0.03) (0.274265943823 0.481525438735 -0.03) (0.275114377732 0.48202759774 -0.03) (0.275963694653 0.482528261831 -0.03) (0.276813891953 0.483027429455 -0.03) (0.277664966994 0.483525099063 -0.03) (0.278516917137 0.484021269113 -0.03) (0.27936973974 0.484515938065 -0.03) (0.280223432158 0.485009104386 -0.03) (0.281077991744 0.485500766546 -0.03) (0.281933415847 0.485990923019 -0.03) (0.282789701814 0.486479572287 -0.03) (0.28364684699 0.486966712834 -0.03) (0.284504848717 0.487452343148 -0.03) (0.285363704333 0.487936461724 -0.03) (0.286223411175 0.488419067061 -0.03) (0.287083966576 0.488900157661 -0.03) (0.287945367869 0.489379732032 -0.03) (0.288807612381 0.489857788688 -0.03) (0.289670697438 0.490334326146 -0.03) (0.290534620364 0.490809342928 -0.03) (0.291399378479 0.49128283756 -0.03) (0.292264969102 0.491754808575 -0.03) (0.293131389548 0.492225254507 -0.03) (0.29399863713 0.4926941739 -0.03) (0.294866709158 0.493161565298 -0.03) (0.29573560294 0.493627427251 -0.03) (0.296605315782 0.494091758315 -0.03) (0.297475844987 0.49455455705 -0.03) (0.298347187853 0.495015822021 -0.03) (0.29921934168 0.495475551797 -0.03) (0.300092303763 0.495933744952 -0.03) (0.300966071393 0.496390400066 -0.03) (0.301840641862 0.496845515722 -0.03) (0.302716012457 0.497299090508 -0.03) (0.303592180462 0.497751123018 -0.03) (0.304469143162 0.498201611851 -0.03) (0.305346897836 0.498650555608 -0.03) (0.306225441762 0.499097952898 -0.03) (0.307104772215 0.499543802333 -0.03) (0.307984886468 0.499988102531 -0.03) (0.308865781793 0.500430852113 -0.03) (0.309747455456 0.500872049707 -0.03) (0.310629904723 0.501311693944 -0.03) (0.311513126859 0.50174978346 -0.03) (0.312397119123 0.502186316898 -0.03) (0.313281878774 0.502621292902 -0.03) (0.314167403068 0.503054710125 -0.03) (0.315053689259 0.503486567222 -0.03) (0.315940734598 0.503916862854 -0.03) (0.316828536335 0.504345595686 -0.03))
    polyLine 42 46 ((0.267510576161 0.477454537625 0) (0.268351851479 0.477968599493 0) (0.269194030782 0.478481179035 0) (0.270037111458 0.478992274661 0) (0.270881090892 0.479501884786 0) (0.271725966467 0.480010007829 0) (0.272571735563 0.480516642215 0) (0.273418395557 0.481021786373 0) (0.274265943823 0.481525438735 0) (0.275114377732 0.48202759774 0) (0.275963694653 0.482528261831 0) (0.276813891953 0.483027429455 0) (0.277664966994 0.483525099063 0) (0.278516917137 0.484021269113 0) (0.27936973974 0.484515938065 0) (0.280223432158 0.485009104386 0) (0.281077991744 0.485500766546 0) (0.281933415847 0.485990923019 0) (0.282789701814 0.486479572287 0) (0.28364684699 0.486966712834 0) (0.284504848717 0.487452343148 0) (0.285363704333 0.487936461724 0) (0.286223411175 0.488419067061 0) (0.287083966576 0.488900157661 0) (0.287945367869 0.489379732032 0) (0.288807612381 0.489857788688 0) (0.289670697438 0.490334326146 0) (0.290534620364 0.490809342928 0) (0.291399378479 0.49128283756 0) (0.292264969102 0.491754808575 0) (0.293131389548 0.492225254507 0) (0.29399863713 0.4926941739 0) (0.294866709158 0.493161565298 0) (0.29573560294 0.493627427251 0) (0.296605315782 0.494091758315 0) (0.297475844987 0.49455455705 0) (0.298347187853 0.495015822021 0) (0.29921934168 0.495475551797 0) (0.300092303763 0.495933744952 0) (0.300966071393 0.496390400066 0) (0.301840641862 0.496845515722 0) (0.302716012457 0.497299090508 0) (0.303592180462 0.497751123018 0) (0.304469143162 0.498201611851 0) (0.305346897836 0.498650555608 0) (0.306225441762 0.499097952898 0) (0.307104772215 0.499543802333 0) (0.307984886468 0.499988102531 0) (0.308865781793 0.500430852113 0) (0.309747455456 0.500872049707 0) (0.310629904723 0.501311693944 0) (0.311513126859 0.50174978346 0) (0.312397119123 0.502186316898 0) (0.313281878774 0.502621292902 0) (0.314167403068 0.503054710125 0) (0.315053689259 0.503486567222 0) (0.315940734598 0.503916862854 0) (0.316828536335 0.504345595686 0))
    polyLine 41 45 ((0.126173452749 0.694581704481 -0.03) (0.128498736888 0.697344796683 -0.03) (0.130832955004 0.700109937064 -0.03) (0.133176160071 0.702877191416 -0.03) (0.135528406029 0.705646625941 -0.03) (0.137889747794 0.708418307256 -0.03) (0.140260241264 0.711192302399 -0.03) (0.142639943325 0.713968678834 -0.03) (0.14502891186 0.716747504455 -0.03) (0.147427205756 0.719528847594 -0.03) (0.149834884909 0.722312777024 -0.03) (0.152252010236 0.725099361965 -0.03) (0.154678643682 0.727888672093 -0.03) (0.157114848226 0.730680777541 -0.03) (0.15956068789 0.733475748908 -0.03) (0.162016227751 0.736273657267 -0.03) (0.164481533945 0.739074574165 -0.03) (0.166956673679 0.741878571638 -0.03) (0.169441715241 0.74468572221 -0.03) (0.171936728007 0.747496098904 -0.03) (0.174441782452 0.750309775248 -0.03) (0.176956950159 0.753126825282 -0.03) (0.179482303832 0.755947323565 -0.03))
    polyLine 43 47 ((0.126173452749 0.694581704481 0) (0.128498736888 0.697344796683 0) (0.130832955004 0.700109937064 0) (0.133176160071 0.702877191416 0) (0.135528406029 0.705646625941 0) (0.137889747794 0.708418307256 0) (0.140260241264 0.711192302399 0) (0.142639943325 0.713968678834 0) (0.14502891186 0.716747504455 0) (0.147427205756 0.719528847594 0) (0.149834884909 0.722312777024 0) (0.152252010236 0.725099361965 0) (0.154678643682 0.727888672093 0) (0.157114848226 0.730680777541 0) (0.15956068789 0.733475748908 0) (0.162016227751 0.736273657267 0) (0.164481533945 0.739074574165 0) (0.166956673679 0.741878571638 0) (0.169441715241 0.74468572221 0) (0.171936728007 0.747496098904 0) (0.174441782452 0.750309775248 0) (0.176956950159 0.753126825282 0) (0.179482303832 0.755947323565 0))
    polyLine 44 48 ((0.317717091716 0.504772764388 -0.03) (0.318606397984 0.505198367637 -0.03) (0.319496452383 0.505622404111 -0.03) (0.320387252152 0.506044872496 -0.03) (0.321278794528 0.506465771482 -0.03) (0.322171076747 0.506885099763 -0.03) (0.323064096041 0.507302856039 -0.03) (0.32395784964 0.507719039014 -0.03) (0.324852334773 0.508133647398 -0.03) (0.325747548665 0.508546679904 -0.03) (0.326643488541 0.508958135253 -0.03) (0.327540151622 0.509368012167 -0.03) (0.328437535126 0.509776309375 -0.03) (0.329335636272 0.510183025612 -0.03) (0.330234452273 0.510588159616 -0.03) (0.331133980342 0.51099171013 -0.03) (0.332034217689 0.511393675904 -0.03) (0.332935161523 0.511794055689 -0.03) (0.333836809049 0.512192848246 -0.03) (0.334739157472 0.512590052336 -0.03) (0.335642203992 0.512985666728 -0.03) (0.336545945809 0.513379690196 -0.03) (0.33745038012 0.513772121516 -0.03) (0.338355504121 0.514162959473 -0.03) (0.339261315003 0.514552202854 -0.03) (0.340167809959 0.514939850451 -0.03) (0.341074986177 0.515325901064 -0.03) (0.341982840843 0.515710353493 -0.03) (0.342891371141 0.516093206548 -0.03) (0.343800574255 0.51647445904 -0.03) (0.344710447364 0.516854109787 -0.03) (0.345620987647 0.517232157613 -0.03) (0.346532192279 0.517608601344 -0.03) (0.347444058435 0.517983439813 -0.03) (0.348356583288 0.518356671857 -0.03) (0.349269764006 0.51872829632 -0.03) (0.350183597757 0.519098312047 -0.03) (0.351098081709 0.519466717893 -0.03) (0.352013213024 0.519833512715 -0.03) (0.352928988864 0.520198695374 -0.03) (0.35384540639 0.520562264738 -0.03) (0.35476246276 0.52092421968 -0.03) (0.355680155128 0.521284559078 -0.03) (0.35659848065 0.521643281813 -0.03) (0.357517436477 0.522000386774 -0.03) (0.358437019759 0.522355872852 -0.03) (0.359357227645 0.522709738945 -0.03) (0.36027805728 0.523061983957 -0.03) (0.361199505809 0.523412606793 -0.03) (0.362121570374 0.523761606368 -0.03) (0.363044248115 0.524108981598 -0.03) (0.363967536171 0.524454731407 -0.03) (0.364891431679 0.524798854722 -0.03) (0.365813310057 0.525141302666 -0.03) (0.366735188436 0.52548375061 -0.03) (0.367657066815 0.525826198554 -0.03) (0.368578945194 0.526168646498 -0.03) (0.369500823572 0.526511094442 -0.03))
    polyLine 46 50 ((0.317717091716 0.504772764388 0) (0.318606397984 0.505198367637 0) (0.319496452383 0.505622404111 0) (0.320387252152 0.506044872496 0) (0.321278794528 0.506465771482 0) (0.322171076747 0.506885099763 0) (0.323064096041 0.507302856039 0) (0.32395784964 0.507719039014 0) (0.324852334773 0.508133647398 0) (0.325747548665 0.508546679904 0) (0.326643488541 0.508958135253 0) (0.327540151622 0.509368012167 0) (0.328437535126 0.509776309375 0) (0.329335636272 0.510183025612 0) (0.330234452273 0.510588159616 0) (0.331133980342 0.51099171013 0) (0.332034217689 0.511393675904 0) (0.332935161523 0.511794055689 0) (0.333836809049 0.512192848246 0) (0.334739157472 0.512590052336 0) (0.335642203992 0.512985666728 0) (0.336545945809 0.513379690196 0) (0.33745038012 0.513772121516 0) (0.338355504121 0.514162959473 0) (0.339261315003 0.514552202854 0) (0.340167809959 0.514939850451 0) (0.341074986177 0.515325901064 0) (0.341982840843 0.515710353493 0) (0.342891371141 0.516093206548 0) (0.343800574255 0.51647445904 0) (0.344710447364 0.516854109787 0) (0.345620987647 0.517232157613 0) (0.346532192279 0.517608601344 0) (0.347444058435 0.517983439813 0) (0.348356583288 0.518356671857 0) (0.349269764006 0.51872829632 0) (0.350183597757 0.519098312047 0) (0.351098081709 0.519466717893 0) (0.352013213024 0.519833512715 0) (0.352928988864 0.520198695374 0) (0.35384540639 0.520562264738 0) (0.35476246276 0.52092421968 0) (0.355680155128 0.521284559078 0) (0.35659848065 0.521643281813 0) (0.357517436477 0.522000386774 0) (0.358437019759 0.522355872852 0) (0.359357227645 0.522709738945 0) (0.36027805728 0.523061983957 0) (0.361199505809 0.523412606793 0) (0.362121570374 0.523761606368 0) (0.363044248115 0.524108981598 0) (0.363967536171 0.524454731407 0) (0.364891431679 0.524798854722 0) (0.365813310057 0.525141302666 0) (0.366735188436 0.52548375061 0) (0.367657066815 0.525826198554 0) (0.368578945194 0.526168646498 0) (0.369500823572 0.526511094442 0))
    polyLine 45 49 ((0.184574068976 0.761610282214 -0.03) (0.187140715296 0.764452924124 -0.03) (0.189717934485 0.767299348548 -0.03) (0.19230580596 0.770149633689 -0.03) (0.19490441034 0.773003858324 -0.03) (0.19751382946 0.775862101812 -0.03) (0.200134146386 0.778724444105 -0.03) (0.202765445423 0.781590965753 -0.03) (0.205407812131 0.784461747917 -0.03) (0.208061333339 0.787336872373 -0.03) (0.210726097154 0.790216421527 -0.03) (0.213402192981 0.793100478418 -0.03) (0.21608971153 0.795989126735 -0.03) (0.218788744839 0.79888245082 -0.03) (0.221499386279 0.80178053568 -0.03) (0.224221730577 0.804683467 -0.03) (0.226955873829 0.807591331151 -0.03) (0.229701913511 0.810504215198 -0.03) (0.232459948502 0.813422206916 -0.03) (0.235230079097 0.816345394795 -0.03) (0.238012407023 0.819273868058 -0.03) (0.240807035456 0.822207716666 -0.03) (0.243614069042 0.825147031331 -0.03))
    polyLine 47 51 ((0.184574068976 0.761610282214 0) (0.187140715296 0.764452924124 0) (0.189717934485 0.767299348548 0) (0.19230580596 0.770149633689 0) (0.19490441034 0.773003858324 0) (0.19751382946 0.775862101812 0) (0.200134146386 0.778724444105 0) (0.202765445423 0.781590965753 0) (0.205407812131 0.784461747917 0) (0.208061333339 0.787336872373 0) (0.210726097154 0.790216421527 0) (0.213402192981 0.793100478418 0) (0.21608971153 0.795989126735 0) (0.218788744839 0.79888245082 0) (0.221499386279 0.80178053568 0) (0.224221730577 0.804683467 0) (0.226955873829 0.807591331151 0) (0.229701913511 0.810504215198 0) (0.232459948502 0.813422206916 0) (0.235230079097 0.816345394795 0) (0.238012407023 0.819273868058 0) (0.240807035456 0.822207716666 0) (0.243614069042 0.825147031331 0))
    polyLine 48 52 ((0.370422701951 0.526853542386 -0.03) (0.37134458033 0.52719599033 -0.03) (0.372266458709 0.527538438274 -0.03) (0.373188337087 0.527880886218 -0.03) (0.374110215466 0.528223334162 -0.03) (0.375032093845 0.528565782107 -0.03) (0.375953972224 0.528908230051 -0.03) (0.376875850602 0.529250677995 -0.03) (0.377797728981 0.529593125939 -0.03) (0.37871960736 0.529935573883 -0.03) (0.379641485739 0.530278021827 -0.03) (0.380563364117 0.530620469771 -0.03) (0.381485242496 0.530962917715 -0.03) (0.382407120875 0.531305365659 -0.03) (0.383328999254 0.531647813603 -0.03) (0.384250877632 0.531990261547 -0.03) (0.385172756011 0.532332709491 -0.03) (0.38609463439 0.532675157435 -0.03) (0.387016512769 0.533017605379 -0.03) (0.387938391147 0.533360053323 -0.03) (0.388860269526 0.533702501267 -0.03) (0.389782147905 0.534044949211 -0.03) (0.390704026284 0.534387397156 -0.03) (0.391625904662 0.5347298451 -0.03) (0.392547783041 0.535072293044 -0.03) (0.39346966142 0.535414740988 -0.03) (0.394391539799 0.535757188932 -0.03) (0.395313418177 0.536099636876 -0.03) (0.396235296556 0.53644208482 -0.03) (0.397157174935 0.536784532764 -0.03) (0.398079053314 0.537126980708 -0.03) (0.399000931692 0.537469428652 -0.03) (0.399922810071 0.537811876596 -0.03) (0.40084468845 0.53815432454 -0.03) (0.401766566829 0.538496772484 -0.03) (0.402688445207 0.538839220428 -0.03) (0.403610323586 0.539181668372 -0.03) (0.404532201965 0.539524116316 -0.03) (0.405454080344 0.53986656426 -0.03) (0.406375958722 0.540209012205 -0.03) (0.407297837101 0.540551460149 -0.03) (0.40821971548 0.540893908093 -0.03) (0.409141593858 0.541236356037 -0.03) (0.410063472237 0.541578803981 -0.03) (0.410985350616 0.541921251925 -0.03) (0.411907228995 0.542263699869 -0.03) (0.412829107373 0.542606147813 -0.03) (0.413750985752 0.542948595757 -0.03) (0.414672864131 0.543291043701 -0.03) (0.41559474251 0.543633491645 -0.03) (0.416516620888 0.543975939589 -0.03) (0.417438499267 0.544318387533 -0.03) (0.418360377646 0.544660835477 -0.03) (0.419282256025 0.545003283421 -0.03) (0.420204134403 0.545345731365 -0.03) (0.421126012782 0.54568817931 -0.03) (0.422047891161 0.546030627254 -0.03) (0.42296976954 0.546373075198 -0.03))
    polyLine 50 54 ((0.370422701951 0.526853542386 0) (0.37134458033 0.52719599033 0) (0.372266458709 0.527538438274 0) (0.373188337087 0.527880886218 0) (0.374110215466 0.528223334162 0) (0.375032093845 0.528565782107 0) (0.375953972224 0.528908230051 0) (0.376875850602 0.529250677995 0) (0.377797728981 0.529593125939 0) (0.37871960736 0.529935573883 0) (0.379641485739 0.530278021827 0) (0.380563364117 0.530620469771 0) (0.381485242496 0.530962917715 0) (0.382407120875 0.531305365659 0) (0.383328999254 0.531647813603 0) (0.384250877632 0.531990261547 0) (0.385172756011 0.532332709491 0) (0.38609463439 0.532675157435 0) (0.387016512769 0.533017605379 0) (0.387938391147 0.533360053323 0) (0.388860269526 0.533702501267 0) (0.389782147905 0.534044949211 0) (0.390704026284 0.534387397156 0) (0.391625904662 0.5347298451 0) (0.392547783041 0.535072293044 0) (0.39346966142 0.535414740988 0) (0.394391539799 0.535757188932 0) (0.395313418177 0.536099636876 0) (0.396235296556 0.53644208482 0) (0.397157174935 0.536784532764 0) (0.398079053314 0.537126980708 0) (0.399000931692 0.537469428652 0) (0.399922810071 0.537811876596 0) (0.40084468845 0.53815432454 0) (0.401766566829 0.538496772484 0) (0.402688445207 0.538839220428 0) (0.403610323586 0.539181668372 0) (0.404532201965 0.539524116316 0) (0.405454080344 0.53986656426 0) (0.406375958722 0.540209012205 0) (0.407297837101 0.540551460149 0) (0.40821971548 0.540893908093 0) (0.409141593858 0.541236356037 0) (0.410063472237 0.541578803981 0) (0.410985350616 0.541921251925 0) (0.411907228995 0.542263699869 0) (0.412829107373 0.542606147813 0) (0.413750985752 0.542948595757 0) (0.414672864131 0.543291043701 0) (0.41559474251 0.543633491645 0) (0.416516620888 0.543975939589 0) (0.417438499267 0.544318387533 0) (0.418360377646 0.544660835477 0) (0.419282256025 0.545003283421 0) (0.420204134403 0.545345731365 0) (0.421126012782 0.54568817931 0) (0.422047891161 0.546030627254 0) (0.42296976954 0.546373075198 0))
    polyLine 49 53 ((0.249272396944 0.831049312621 -0.03) (0.252123967735 0.834012491572 -0.03) (0.254988437758 0.836981534885 -0.03) (0.257865920061 0.83995653788 -0.03) (0.260756529288 0.842937596713 -0.03) (0.263660381696 0.845924808382 -0.03) (0.266577595178 0.848918270748 -0.03) (0.269508289284 0.851918082544 -0.03) (0.272452585238 0.854924343392 -0.03) (0.275410605968 0.857937153814 -0.03) (0.278382476121 0.860956615248 -0.03) (0.28136832209 0.863982830063 -0.03) (0.284368272036 0.867015901575 -0.03) (0.287382455912 0.870055934057 -0.03) (0.290411005488 0.873103032763 -0.03) (0.293454054374 0.876157303937 -0.03) (0.296511738048 0.879218854831 -0.03) (0.299584193879 0.882287793722 -0.03) (0.302671561156 0.88536422993 -0.03) (0.305773981113 0.888448273831 -0.03) (0.308891596958 0.891540036879 -0.03) (0.312024553898 0.89463963162 -0.03) (0.315172999172 0.897747171711 -0.03))
    polyLine 51 55 ((0.249272396944 0.831049312621 0) (0.252123967735 0.834012491572 0) (0.254988437758 0.836981534885 0) (0.257865920061 0.83995653788 0) (0.260756529288 0.842937596713 0) (0.263660381696 0.845924808382 0) (0.266577595178 0.848918270748 0) (0.269508289284 0.851918082544 0) (0.272452585238 0.854924343392 0) (0.275410605968 0.857937153814 0) (0.278382476121 0.860956615248 0) (0.28136832209 0.863982830063 0) (0.284368272036 0.867015901575 0) (0.287382455912 0.870055934057 0) (0.290411005488 0.873103032763 0) (0.293454054374 0.876157303937 0) (0.296511738048 0.879218854831 0) (0.299584193879 0.882287793722 0) (0.302671561156 0.88536422993 0) (0.305773981113 0.888448273831 0) (0.308891596958 0.891540036879 0) (0.312024553898 0.89463963162 0) (0.315172999172 0.897747171711 0))
    polyLine 52 56 ((0.423891647918 0.546715523142 -0.03) (0.424813526297 0.547057971086 -0.03) (0.425735404676 0.54740041903 -0.03) (0.426657283055 0.547742866974 -0.03) (0.427579161433 0.548085314918 -0.03) (0.428501039812 0.548427762862 -0.03) (0.429422918191 0.548770210806 -0.03) (0.43034479657 0.54911265875 -0.03) (0.431266674948 0.549455106694 -0.03) (0.432188553327 0.549797554638 -0.03) (0.433110431706 0.550140002582 -0.03) (0.434032310085 0.550482450526 -0.03) (0.434954188463 0.55082489847 -0.03) (0.435876066842 0.551167346414 -0.03) (0.436797945221 0.551509794359 -0.03) (0.4377198236 0.551852242303 -0.03) (0.438641701978 0.552194690247 -0.03) (0.439563580357 0.552537138191 -0.03) (0.440485458736 0.552879586135 -0.03) (0.441407337115 0.553222034079 -0.03) (0.442329215493 0.553564482023 -0.03) (0.443251093872 0.553906929967 -0.03) (0.444172972251 0.554249377911 -0.03) (0.44509485063 0.554591825855 -0.03) (0.446016729008 0.554934273799 -0.03) (0.446938607387 0.555276721743 -0.03) (0.447860485766 0.555619169687 -0.03) (0.448782364145 0.555961617631 -0.03) (0.449704242523 0.556304065575 -0.03) (0.450626120902 0.556646513519 -0.03) (0.451547999281 0.556988961463 -0.03) (0.45246987766 0.557331409408 -0.03) (0.453391756038 0.557673857352 -0.03) (0.454313634417 0.558016305296 -0.03) (0.455235512796 0.55835875324 -0.03) (0.456157391175 0.558701201184 -0.03) (0.457079269553 0.559043649128 -0.03) (0.458001147932 0.559386097072 -0.03) (0.458923026311 0.559728545016 -0.03) (0.45984490469 0.56007099296 -0.03) (0.460766783068 0.560413440904 -0.03) (0.461688661447 0.560755888848 -0.03) (0.462610539826 0.561098336792 -0.03) (0.463532418205 0.561440784736 -0.03) (0.464454296583 0.56178323268 -0.03) (0.465376174962 0.562125680624 -0.03) (0.466298053341 0.562468128568 -0.03) (0.46721993172 0.562810576512 -0.03) (0.468141810098 0.563153024457 -0.03) (0.469063688477 0.563495472401 -0.03) (0.469985566856 0.563837920345 -0.03) (0.470907445235 0.564180368289 -0.03) (0.471829323613 0.564522816233 -0.03) (0.472751201992 0.564865264177 -0.03) (0.473673080371 0.565207712121 -0.03) (0.47459495875 0.565550160065 -0.03) (0.475516837128 0.565892608009 -0.03) (0.476438715507 0.566235055953 -0.03))
    polyLine 54 58 ((0.423891647918 0.546715523142 0) (0.424813526297 0.547057971086 0) (0.425735404676 0.54740041903 0) (0.426657283055 0.547742866974 0) (0.427579161433 0.548085314918 0) (0.428501039812 0.548427762862 0) (0.429422918191 0.548770210806 0) (0.43034479657 0.54911265875 0) (0.431266674948 0.549455106694 0) (0.432188553327 0.549797554638 0) (0.433110431706 0.550140002582 0) (0.434032310085 0.550482450526 0) (0.434954188463 0.55082489847 0) (0.435876066842 0.551167346414 0) (0.436797945221 0.551509794359 0) (0.4377198236 0.551852242303 0) (0.438641701978 0.552194690247 0) (0.439563580357 0.552537138191 0) (0.440485458736 0.552879586135 0) (0.441407337115 0.553222034079 0) (0.442329215493 0.553564482023 0) (0.443251093872 0.553906929967 0) (0.444172972251 0.554249377911 0) (0.44509485063 0.554591825855 0) (0.446016729008 0.554934273799 0) (0.446938607387 0.555276721743 0) (0.447860485766 0.555619169687 0) (0.448782364145 0.555961617631 0) (0.449704242523 0.556304065575 0) (0.450626120902 0.556646513519 0) (0.451547999281 0.556988961463 0) (0.45246987766 0.557331409408 0) (0.453391756038 0.557673857352 0) (0.454313634417 0.558016305296 0) (0.455235512796 0.55835875324 0) (0.456157391175 0.558701201184 0) (0.457079269553 0.559043649128 0) (0.458001147932 0.559386097072 0) (0.458923026311 0.559728545016 0) (0.45984490469 0.56007099296 0) (0.460766783068 0.560413440904 0) (0.461688661447 0.560755888848 0) (0.462610539826 0.561098336792 0) (0.463532418205 0.561440784736 0) (0.464454296583 0.56178323268 0) (0.465376174962 0.562125680624 0) (0.466298053341 0.562468128568 0) (0.46721993172 0.562810576512 0) (0.468141810098 0.563153024457 0) (0.469063688477 0.563495472401 0) (0.469985566856 0.563837920345 0) (0.470907445235 0.564180368289 0) (0.471829323613 0.564522816233 0) (0.472751201992 0.564865264177 0) (0.473673080371 0.565207712121 0) (0.47459495875 0.565550160065 0) (0.475516837128 0.565892608009 0) (0.476438715507 0.566235055953 0))
    polyLine 53 57 ((0.321474590921 0.903944980719 -0.03) (0.324627619361 0.90703526219 -0.03) (0.327796316888 0.910133729967 -0.03) (0.330980835058 0.913240498808 -0.03) (0.334181327528 0.91635568463 -0.03) (0.337397950078 0.919479404533 -0.03) (0.340630860652 0.922611776818 -0.03) (0.343880219384 0.925752921004 -0.03) (0.347146188632 0.928902957853 -0.03) (0.350428933013 0.932062009386 -0.03) (0.353728619435 0.93523019891 -0.03) (0.357045417132 0.938407651031 -0.03) (0.360379497703 0.941594491684 -0.03) (0.36373103514 0.944790848148 -0.03) (0.367100205876 0.947996849077 -0.03) (0.370487188812 0.951212624514 -0.03) (0.373892165364 0.95443830592 -0.03) (0.377315319496 0.957674026199 -0.03) (0.380756837763 0.960919919717 -0.03) (0.384216909354 0.964176122333 -0.03) (0.387695726127 0.967442771418 -0.03) (0.391193482658 0.970720005888 -0.03) (0.394710376284 0.974007966225 -0.03))
    polyLine 55 59 ((0.321474590921 0.903944980719 0) (0.324627619361 0.90703526219 0) (0.327796316888 0.910133729967 0) (0.330980835058 0.913240498808 0) (0.334181327528 0.91635568463 0) (0.337397950078 0.919479404533 0) (0.340630860652 0.922611776818 0) (0.343880219384 0.925752921004 0) (0.347146188632 0.928902957853 0) (0.350428933013 0.932062009386 0) (0.353728619435 0.93523019891 0) (0.357045417132 0.938407651031 0) (0.360379497703 0.941594491684 0) (0.36373103514 0.944790848148 0) (0.367100205876 0.947996849077 0) (0.370487188812 0.951212624514 0) (0.373892165364 0.95443830592 0) (0.377315319496 0.957674026199 0) (0.380756837763 0.960919919717 0) (0.384216909354 0.964176122333 0) (0.387695726127 0.967442771418 0) (0.391193482658 0.970720005888 0) (0.394710376284 0.974007966225 0))
    polyLine 56 60 ((0.477360593886 0.566577503897 -0.03) (0.478282472265 0.566919951841 -0.03) (0.479204350643 0.567262399785 -0.03) (0.480126229022 0.567604847729 -0.03) (0.481048107401 0.567947295673 -0.03) (0.48196998578 0.568289743617 -0.03) (0.482891864158 0.568632191561 -0.03) (0.483813742537 0.568974639506 -0.03) (0.484735620916 0.56931708745 -0.03) (0.485657499295 0.569659535394 -0.03) (0.486579377673 0.570001983338 -0.03) (0.487501256052 0.570344431282 -0.03) (0.488423134431 0.570686879226 -0.03) (0.48934501281 0.57102932717 -0.03) (0.490266891188 0.571371775114 -0.03) (0.491188769567 0.571714223058 -0.03) (0.492110647946 0.572056671002 -0.03) (0.493032526325 0.572399118946 -0.03) (0.493954404703 0.57274156689 -0.03) (0.494876283082 0.573084014834 -0.03) (0.495798161461 0.573426462778 -0.03) (0.49672003984 0.573768910722 -0.03) (0.497641918218 0.574111358666 -0.03) (0.498563796597 0.57445380661 -0.03) (0.499485674976 0.574796254555 -0.03) (0.500407553355 0.575138702499 -0.03) (0.501329431733 0.575481150443 -0.03) (0.502251310112 0.575823598387 -0.03) (0.503173188491 0.576166046331 -0.03) (0.50409506687 0.576508494275 -0.03) (0.505016945248 0.576850942219 -0.03) (0.505938823627 0.577193390163 -0.03) (0.506860702006 0.577535838107 -0.03) (0.507782580385 0.577878286051 -0.03) (0.508704458763 0.578220733995 -0.03) (0.509626337142 0.578563181939 -0.03) (0.510548215521 0.578905629883 -0.03) (0.5114700939 0.579248077827 -0.03) (0.512391972278 0.579590525771 -0.03) (0.513313850657 0.579932973715 -0.03) (0.514235729036 0.58027542166 -0.03) (0.515157607415 0.580617869604 -0.03) (0.516079485793 0.580960317548 -0.03) (0.517001364172 0.581302765492 -0.03) (0.517923242551 0.581645213436 -0.03) (0.51884512093 0.58198766138 -0.03) (0.519766999308 0.582330109324 -0.03) (0.520688877687 0.582672557268 -0.03) (0.521610756066 0.583015005212 -0.03) (0.522532634445 0.583357453156 -0.03) (0.523454512823 0.5836999011 -0.03) (0.524376391202 0.584042349044 -0.03) (0.525298269581 0.584384796988 -0.03) (0.52622014796 0.584727244932 -0.03) (0.527142026338 0.585069692876 -0.03) (0.528063904717 0.58541214082 -0.03) (0.528985783096 0.585754588764 -0.03) (0.529907661475 0.586097036709 -0.03))
    polyLine 58 62 ((0.477360593886 0.566577503897 0) (0.478282472265 0.566919951841 0) (0.479204350643 0.567262399785 0) (0.480126229022 0.567604847729 0) (0.481048107401 0.567947295673 0) (0.48196998578 0.568289743617 0) (0.482891864158 0.568632191561 0) (0.483813742537 0.568974639506 0) (0.484735620916 0.56931708745 0) (0.485657499295 0.569659535394 0) (0.486579377673 0.570001983338 0) (0.487501256052 0.570344431282 0) (0.488423134431 0.570686879226 0) (0.48934501281 0.57102932717 0) (0.490266891188 0.571371775114 0) (0.491188769567 0.571714223058 0) (0.492110647946 0.572056671002 0) (0.493032526325 0.572399118946 0) (0.493954404703 0.57274156689 0) (0.494876283082 0.573084014834 0) (0.495798161461 0.573426462778 0) (0.49672003984 0.573768910722 0) (0.497641918218 0.574111358666 0) (0.498563796597 0.57445380661 0) (0.499485674976 0.574796254555 0) (0.500407553355 0.575138702499 0) (0.501329431733 0.575481150443 0) (0.502251310112 0.575823598387 0) (0.503173188491 0.576166046331 0) (0.50409506687 0.576508494275 0) (0.505016945248 0.576850942219 0) (0.505938823627 0.577193390163 0) (0.506860702006 0.577535838107 0) (0.507782580385 0.577878286051 0) (0.508704458763 0.578220733995 0) (0.509626337142 0.578563181939 0) (0.510548215521 0.578905629883 0) (0.5114700939 0.579248077827 0) (0.512391972278 0.579590525771 0) (0.513313850657 0.579932973715 0) (0.514235729036 0.58027542166 0) (0.515157607415 0.580617869604 0) (0.516079485793 0.580960317548 0) (0.517001364172 0.581302765492 0) (0.517923242551 0.581645213436 0) (0.51884512093 0.58198766138 0) (0.519766999308 0.582330109324 0) (0.520688877687 0.582672557268 0) (0.521610756066 0.583015005212 0) (0.522532634445 0.583357453156 0) (0.523454512823 0.5836999011 0) (0.524376391202 0.584042349044 0) (0.525298269581 0.584384796988 0) (0.52622014796 0.584727244932 0) (0.527142026338 0.585069692876 0) (0.528063904717 0.58541214082 0) (0.528985783096 0.585754588764 0) (0.529907661475 0.586097036709 0))
    polyLine 57 61 ((0.401688093354 0.980510365764 -0.03) (0.405148073804 0.983724385809 -0.03) (0.408626737741 0.986948987902 -0.03) (0.412124277039 0.990184306804 -0.03) (0.415640886236 0.993430478796 -0.03) (0.419176762576 0.996687641709 -0.03) (0.422732106054 0.999955934947 -0.03) (0.42630711946 1.00323549951 -0.03) (0.429902008422 1.00652647805 -0.03) (0.433516981457 1.00982901483 -0.03) (0.437152250013 1.01314325584 -0.03) (0.440808028521 1.01646934876 -0.03) (0.44448453444 1.01980744301 -0.03) (0.448181988313 1.0231576898 -0.03) (0.451900613813 1.02652024213 -0.03) (0.455640637797 1.02989525483 -0.03) (0.45940229036 1.03328288461 -0.03) (0.46318580489 1.03668329005 -0.03) (0.466991418119 1.04009663169 -0.03) (0.470819370188 1.04352307203 -0.03) (0.474669904697 1.04696277554 -0.03) (0.47854326877 1.05041590877 -0.03) (0.48243971311 1.0538826403 -0.03))
    polyLine 59 63 ((0.401688093354 0.980510365764 0) (0.405148073804 0.983724385809 0) (0.408626737741 0.986948987902 0) (0.412124277039 0.990184306804 0) (0.415640886236 0.993430478796 0) (0.419176762576 0.996687641709 0) (0.422732106054 0.999955934947 0) (0.42630711946 1.00323549951 0) (0.429902008422 1.00652647805 0) (0.433516981457 1.00982901483 0) (0.437152250013 1.01314325584 0) (0.440808028521 1.01646934876 0) (0.44448453444 1.01980744301 0) (0.448181988313 1.0231576898 0) (0.451900613813 1.02652024213 0) (0.455640637797 1.02989525483 0) (0.45940229036 1.03328288461 0) (0.46318580489 1.03668329005 0) (0.466991418119 1.04009663169 0) (0.470819370188 1.04352307203 0) (0.474669904697 1.04696277554 0) (0.47854326877 1.05041590877 0) (0.48243971311 1.0538826403 0))
    polyLine 60 64 ((0.530829539853 0.586439484653 -0.03) (0.531751418232 0.586781932597 -0.03) (0.532673296611 0.587124380541 -0.03) (0.53359517499 0.587466828485 -0.03) (0.534517053368 0.587809276429 -0.03) (0.535438931747 0.588151724373 -0.03) (0.536360810126 0.588494172317 -0.03) (0.537282688505 0.588836620261 -0.03) (0.538204566883 0.589179068205 -0.03) (0.539126445262 0.589521516149 -0.03) (0.540048323641 0.589863964093 -0.03) (0.54097020202 0.590206412037 -0.03) (0.541892080398 0.590548859981 -0.03) (0.542813958777 0.590891307925 -0.03) (0.543735837156 0.591233755869 -0.03) (0.544657715535 0.591576203813 -0.03) (0.545579593913 0.591918651758 -0.03) (0.546501472292 0.592261099702 -0.03) (0.547423350671 0.592603547646 -0.03) (0.54834522905 0.59294599559 -0.03) (0.549267107428 0.593288443534 -0.03) (0.550188985807 0.593630891478 -0.03) (0.551110864186 0.593973339422 -0.03) (0.5520298671 0.594309415403 -0.03) (0.55295223771 0.59463613528 -0.03) (0.553877880767 0.594953465314 -0.03) (0.554806700685 0.595261372736 -0.03) (0.555738601549 0.59555982575 -0.03) (0.556673487124 0.595848793535 -0.03) (0.557611260871 0.596128246252 -0.03) (0.558551825949 0.596398155043 -0.03) (0.55949508523 0.596658492034 -0.03) (0.560440941308 0.596909230344 -0.03) (0.561389296509 0.597150344078 -0.03) (0.562340052901 0.597381808338 -0.03) (0.563293112303 0.597603599222 -0.03) (0.564248376298 0.597815693827 -0.03) (0.565205746239 0.59801807025 -0.03) (0.566165123263 0.598210707594 -0.03) (0.5671264083 0.598393585964 -0.03) (0.568089502082 0.598566686477 -0.03) (0.569054305155 0.598729991257 -0.03) (0.570020717888 0.59888348344 -0.03) (0.570988640484 0.599027147176 -0.03) (0.57195797299 0.599160967629 -0.03) (0.572928615307 0.59928493098 -0.03) (0.573900467202 0.599399024428 -0.03) (0.574873428316 0.599503236191 -0.03) (0.575847398175 0.599597555508 -0.03) (0.576822276203 0.599681972639 -0.03) (0.577797961727 0.599756478866 -0.03) (0.578774353994 0.599821066496 -0.03) (0.579751352175 0.599875728859 -0.03) (0.580728855382 0.599920460309 -0.03) (0.58170676267 0.599955256229 -0.03) (0.582684973056 0.599980113024 -0.03) (0.583663385526 0.599995028128 -0.03) (0.584641899042 0.6 -0.03))
    polyLine 62 66 ((0.530829539853 0.586439484653 0) (0.531751418232 0.586781932597 0) (0.532673296611 0.587124380541 0) (0.53359517499 0.587466828485 0) (0.534517053368 0.587809276429 0) (0.535438931747 0.588151724373 0) (0.536360810126 0.588494172317 0) (0.537282688505 0.588836620261 0) (0.538204566883 0.589179068205 0) (0.539126445262 0.589521516149 0) (0.540048323641 0.589863964093 0) (0.54097020202 0.590206412037 0) (0.541892080398 0.590548859981 0) (0.542813958777 0.590891307925 0) (0.543735837156 0.591233755869 0) (0.544657715535 0.591576203813 0) (0.545579593913 0.591918651758 0) (0.546501472292 0.592261099702 0) (0.547423350671 0.592603547646 0) (0.54834522905 0.59294599559 0) (0.549267107428 0.593288443534 0) (0.550188985807 0.593630891478 0) (0.551110864186 0.593973339422 0) (0.5520298671 0.594309415403 0) (0.55295223771 0.59463613528 0) (0.553877880767 0.594953465314 0) (0.554806700685 0.595261372736 0) (0.555738601549 0.59555982575 0) (0.556673487124 0.595848793535 0) (0.557611260871 0.596128246252 0) (0.558551825949 0.596398155043 0) (0.55949508523 0.596658492034 0) (0.560440941308 0.596909230344 0) (0.561389296509 0.597150344078 0) (0.562340052901 0.597381808338 0) (0.563293112303 0.597603599222 0) (0.564248376298 0.597815693827 0) (0.565205746239 0.59801807025 0) (0.566165123263 0.598210707594 0) (0.5671264083 0.598393585964 0) (0.568089502082 0.598566686477 0) (0.569054305155 0.598729991257 0) (0.570020717888 0.59888348344 0) (0.570988640484 0.599027147176 0) (0.57195797299 0.599160967629 0) (0.572928615307 0.59928493098 0) (0.573900467202 0.599399024428 0) (0.574873428316 0.599503236191 0) (0.575847398175 0.599597555508 0) (0.576822276203 0.599681972639 0) (0.577797961727 0.599756478866 0) (0.578774353994 0.599821066496 0) (0.579751352175 0.599875728859 0) (0.580728855382 0.599920460309 0) (0.58170676267 0.599955256229 0) (0.582684973056 0.599980113024 0) (0.583663385526 0.599995028128 0) (0.584641899042 0.6 0))
    polyLine 61 65 ((0.490211308249 1.06077653 -0.03) (0.494085881439 1.0642033861 -0.03) (0.49798345915 1.06764387431 -0.03) (0.501904292444 1.07109816181 -0.03) (0.505848636001 1.07456641791 -0.03) (0.509816748174 1.07804881404 -0.03) (0.513808891056 1.08154552377 -0.03) (0.517825330543 1.08505672292 -0.03) (0.521866336404 1.08858258951 -0.03) (0.525932182345 1.09212330387 -0.03) (0.53002314608 1.09567904864 -0.03) (0.534139509402 1.09925000884 -0.03) (0.538281558255 1.10283637189 -0.03) (0.542449582807 1.10643832765 -0.03) (0.546643877526 1.1100560685 -0.03) (0.550864741258 1.11368978933 -0.03) (0.555112477305 1.11733968764 -0.03) (0.559387393504 1.12100596355 -0.03) (0.563689802314 1.12468881987 -0.03) (0.568020020894 1.12838846214 -0.03) (0.572378371194 1.13210509867 -0.03) (0.57676518004 1.13583894061 -0.03) (0.581180779224 1.13959020199 -0.03))
    polyLine 63 67 ((0.490211308249 1.06077653 0) (0.494085881439 1.0642033861 0) (0.49798345915 1.06764387431 0) (0.501904292444 1.07109816181 0) (0.505848636001 1.07456641791 0) (0.509816748174 1.07804881404 0) (0.513808891056 1.08154552377 0) (0.517825330543 1.08505672292 0) (0.521866336404 1.08858258951 0) (0.525932182345 1.09212330387 0) (0.53002314608 1.09567904864 0) (0.534139509402 1.09925000884 0) (0.538281558255 1.10283637189 0) (0.542449582807 1.10643832765 0) (0.546643877526 1.1100560685 0) (0.550864741258 1.11368978933 0) (0.555112477305 1.11733968764 0) (0.559387393504 1.12100596355 0) (0.563689802314 1.12468881987 0) (0.568020020894 1.12838846214 0) (0.572378371194 1.13210509867 0) (0.57676518004 1.13583894061 0) (0.581180779224 1.13959020199 0))
);

boundary
(
    body_fore
    {
        type wall;
        faces
        (
            (0 2 6 4)
            (4 6 10 8)
            (8 10 14 12)
            (12 14 18 16)
            (16 18 22 20)
            (20 22 26 24)
            (24 26 30 28)
            (28 30 34 32)
            (32 34 38 36)
            (36 38 42 40)
            (40 42 46 44)
            (44 46 50 48)
            (48 50 54 52)
            (52 54 58 56)
            (56 58 62 60)
            (60 62 66 64)
        );
    }
    freestream
    {
        type patch;
        faces
        (
            (1 5 7 3)
            (5 9 11 7)
            (9 13 15 11)
            (13 17 19 15)
            (17 21 23 19)
            (21 25 27 23)
            (25 29 31 27)
            (29 33 35 31)
            (33 37 39 35)
            (37 41 43 39)
            (41 45 47 43)
            (45 49 51 47)
            (49 53 55 51)
            (53 57 59 55)
            (57 61 63 59)
            (61 65 67 63)
        );
    }
    outlet
    {
        type patch;
        faces
        (
            (64 66 67 65)
        );
    }
    axis
    {
        type patch;
        faces
        (
            (0 1 3 2)
        );
    }
    front
    {
        type patch;
        faces
        (
            (2 6 7 3)
            (6 10 11 7)
            (10 14 15 11)
            (14 18 19 15)
            (18 22 23 19)
            (22 26 27 23)
            (26 30 31 27)
            (30 34 35 31)
            (34 38 39 35)
            (38 42 43 39)
            (42 46 47 43)
            (46 50 51 47)
            (50 54 55 51)
            (54 58 59 55)
            (58 62 63 59)
            (62 66 67 63)
        );
    }
    back
    {
        type patch;
        faces
        (
            (0 1 5 4)
            (4 5 9 8)
            (8 9 13 12)
            (12 13 17 16)
            (16 17 21 20)
            (20 21 25 24)
            (24 25 29 28)
            (28 29 33 32)
            (32 33 37 36)
            (36 37 41 40)
            (40 41 45 44)
            (44 45 49 48)
            (48 49 53 52)
            (52 53 57 56)
            (56 57 61 60)
            (60 61 65 64)
        );
    }
);
