FoamFile
{
    version     2.0;
    format      ascii;
    class       dictionary;
    object      blockMeshDict;
}
// Generated by aether.cfd - do not edit by hand. Regenerate from the run config.

scale 1;

vertices
(
    (0 0 -0.03)
    (-0.21484812319 1.46881195779e-16 -0.03)
    (0 0 0)
    (-0.21484812319 1.46881195779e-16 0)
    (0.00957873816643 0.0752267474836 -0.03)
    (-0.209567551662 0.0921360017735 -0.03)
    (0.00957873816643 0.0752267474836 0)
    (-0.209567551662 0.0921360017735 0)
    (0.037702554362 0.145652990031 -0.03)
    (-0.19447763337 0.181369968017 -0.03)
    (0.037702554362 0.145652990031 0)
    (-0.19447763337 0.181369968017 0)
    (0.0825768507841 0.206784834782 -0.03)
    (-0.171632524817 0.265065875819 -0.03)
    (0.0825768507841 0.206784834782 0)
    (-0.171632524817 0.265065875819 0)
    (0.141338240366 0.254721403585 -0.03)
    (-0.143945567286 0.340903550854 -0.03)
    (0.141338240366 0.254721403585 0)
    (-0.143945567286 0.340903550854 0)
    (0.209815065357 0.287512745392 -0.03)
    (-0.114268576512 0.407787224338 -0.03)
    (0.209815065357 0.287512745392 0)
    (-0.114268576512 0.407787224338 0)
    (0.280046912361 0.316652900047 -0.03)
    (-0.0782511473825 0.477702138087 -0.03)
    (0.280046912361 0.316652900047 0)
    (-0.0782511473825 0.477702138087 0)
    (0.350278759365 0.345793054702 -0.03)
    (-0.032995346709 0.554754366537 -0.03)
    (0.350278759365 0.345793054702 0)
    (-0.032995346709 0.554754366537 0)
    (0.420510606369 0.374933209358 -0.03)
    (0.0228685283672 0.639267712845 -0.03)
    (0.420510606369 0.374933209358 0)
    (0.0228685283672 0.639267712845 0)
    (0.490742453373 0.404073364013 -0.03)
    (0.0906289028715 0.73149338582 -0.03)
    (0.490742453373 0.404073364013 0)
    (0.0906289028715 0.73149338582 0)
    (0.560974300377 0.433213518668 -0.03)
    (0.171440204035 0.831631695092 -0.03)
    (0.560974300377 0.433213518668 0)
    (0.171440204035 0.831631695092 0)
    (0.631206147381 0.462353673323 -0.03)
    (0.266300583461 0.939865873278 -0.03)
    (0.631206147381 0.462353673323 0)
    (0.266300583461 0.939865873278 0)
    (0.701437994385 0.491493827978 -0.03)
    (0.376063721062 1.05640083104 -0.03)
    (0.701437994385 0.491493827978 0)
    (0.376063721062 1.05640083104 0)
    (0.771669841389 0.520633982633 -0.03)
    (0.501478845926 1.18149992274 -0.03)
    (0.771669841389 0.520633982633 0)
    (0.501478845926 1.18149992274 0)
    (0.841901688393 0.549774137289 -0.03)
    (0.643247819866 1.31551550567 -0.03)
    (0.841901688393 0.549774137289 0)
    (0.643247819866 1.31551550567 0)
    (0.912133535397 0.578914291944 -0.03)
    (0.802088114803 1.45891238313 -0.03)
    (0.912133535397 0.578914291944 0)
    (0.802088114803 1.45891238313 0)
    (0.984527859184 0.6 -0.03)
    (0.984527859184 1.61717398978 -0.03)
    (0.984527859184 0.6 0)
    (0.984527859184 1.61717398978 0)
);

blocks
(
    hex (0 4 5 1 2 6 7 3) (4 48 1) simpleGrading (1 4 1)
    hex (4 8 9 5 6 10 11 7) (4 48 1) simpleGrading (1 4 1)
    hex (8 12 13 9 10 14 15 11) (4 48 1) simpleGrading (1 4 1)
    hex (12 16 17 13 14 18 19 15) (4 48 1) simpleGrading (1 4 1)
    hex (16 20 21 17 18 22 23 19) (4 48 1) simpleGrading (1 4 1)
    hex (20 24 25 21 22 26 27 23) (4 48 1) simpleGrading (1 4 1)
    hex (24 28 29 25 26 30 31 27) (4 48 1) simpleGrading (1 4 1)
    hex (28 32 33 29 30 34 35 31) (4 48 1) simpleGrading (1 4 1)
    hex (32 36 37 33 34 38 39 35) (4 48 1) simpleGrading (1 4 1)
    hex (36 40 41 37 38 42 43 39) (4 48 1) simpleGrading (1 4 1)
    hex (40 44 45 41 42 46 47 43) (4 48 1) simpleGrading (1 4 1)
    hex (44 48 49 45 46 50 51 47) (4 48 1) simpleGrading (1 4 1)
    hex (48 52 53 49 50 54 55 51) (4 48 1) simpleGrading (1 4 1)
    hex (52 56 57 53 54 58 59 55) (4 48 1) simpleGrading (1 4 1)
    hex (56 60 61 57 58 62 63 59) (4 48 1) simpleGrading (1 4 1)
    hex (60 64 65 61 62 66 67 63) (4 48 1) simpleGrading (1 4 1)
);

edges
(
    polyLine 0 4 ((2.29704217192e-06 0.00117436760994 -0.03) (9.18813353517e-06 0.00234871724805 -0.03) (2.06731686325e-05 0.00352303094279 -0.03) (3.67519717038e-05 0.00469729072315 -0.03) (5.74242966886e-05 0.00587147861895 -0.03) (8.26898272299e-05 0.00704557666113 -0.03) (0.000112548176679 0.00821956688197 -0.03) (0.000146998888101 0.00939343131544 -0.03) (0.000186041434283 0.0105671519974 -0.03) (0.000229675217742 0.0117407109659 -0.03) (0.000277899570731 0.0129140902616 -0.03) (0.000330713755253 0.0140872719276 -0.03) (0.000388116963072 0.0152602380104 -0.03) (0.000450108315723 0.0164329705596 -0.03) (0.000516686864526 0.0176054516283 -0.03) (0.000587851590604 0.0187776632737 -0.03) (0.000663601404894 0.0199495875568 -0.03) (0.000743935148165 0.0211212065432 -0.03) (0.000828851591037 0.0222925023032 -0.03) (0.000918349434 0.023463456912 -0.03) (0.00101242730743 0.0246340524499 -0.03) (0.00111108377162 0.0258042710029 -0.03) (0.00121431731678 0.0269740946626 -0.03) (0.0013221263631 0.0281435055267 -0.03) (0.00143450926072 0.0293124856994 -0.03) (0.0015514642898 0.0304810172911 -0.03) (0.00167298966054 0.0316490824194 -0.03) (0.00179908351318 0.0328166632089 -0.03) (0.00192974391806 0.0339837417916 -0.03) (0.00206496887562 0.0351503003073 -0.03) (0.00220475631647 0.0363163209036 -0.03) (0.00234910410138 0.0374817857365 -0.03) (0.00249801002133 0.0386466769703 -0.03) (0.00265147179756 0.0398109767783 -0.03) (0.00280948708159 0.0409746673428 -0.03) (0.00297205345523 0.0421377308551 -0.03) (0.00313916843067 0.0433001495167 -0.03) (0.00331082945048 0.0444619055384 -0.03) (0.00348703388767 0.0456229811414 -0.03) (0.0036677790457 0.0467833585574 -0.03) (0.00385306215855 0.0479430200286 -0.03) (0.00404288039077 0.0491019478082 -0.03) (0.00423723083749 0.0502601241607 -0.03) (0.00443611052449 0.0514175313621 -0.03) (0.00463951640822 0.0525741517 -0.03) (0.00484744537588 0.0537299674743 -0.03) (0.00505989424546 0.054884960997 -0.03) (0.00527685976576 0.0560391145928 -0.03) (0.00549833861647 0.0571924105992 -0.03) (0.00572432740821 0.0583448313669 -0.03) (0.00595482268257 0.0594963592598 -0.03) (0.00618982091221 0.0606469766557 -0.03) (0.00642931850083 0.0617966659462 -0.03) (0.00667331178332 0.0629454095371 -0.03) (0.00692179702575 0.0640931898489 -0.03) (0.00717477042544 0.0652399893164 -0.03) (0.00743222811104 0.0663857903898 -0.03) (0.00769416614257 0.0675305755344 -0.03) (0.00796058051149 0.0686743272311 -0.03) (0.00823146714074 0.0698170279766 -0.03) (0.00850682188484 0.0709586602837 -0.03) (0.00878664052993 0.0720992066815 -0.03) (0.00907091879382 0.0732386497158 -0.03) (0.00935965232609 0.0743769719491 -0.03))
    polyLine 2 6 ((2.29704217192e-06 0.00117436760994 0) (9.18813353517e-06 0.00234871724805 0) (2.06731686325e-05 0.00352303094279 0) (3.67519717038e-05 0.00469729072315 0) (5.74242966886e-05 0.00587147861895 0) (8.26898272299e-05 0.00704557666113 0) (0.000112548176679 0.00821956688197 0) (0.000146998888101 0.00939343131544 0) (0.000186041434283 0.0105671519974 0) (0.000229675217742 0.0117407109659 0) (0.000277899570731 0.0129140902616 0) (0.000330713755253 0.0140872719276 0) (0.000388116963072 0.0152602380104 0) (0.000450108315723 0.0164329705596 0) (0.000516686864526 0.0176054516283 0) (0.000587851590604 0.0187776632737 0) (0.000663601404894 0.0199495875568 0) (0.000743935148165 0.0211212065432 0) (0.000828851591037 0.0222925023032 0) (0.000918349434 0.023463456912 0) (0.00101242730743 0.0246340524499 0) (0.00111108377162 0.0258042710029 0) (0.00121431731678 0.0269740946626 0) (0.0013221263631 0.0281435055267 0) (0.00143450926072 0.0293124856994 0) (0.0015514642898 0.0304810172911 0) (0.00167298966054 0.0316490824194 0) (0.00179908351318 0.0328166632089 0) (0.00192974391806 0.0339837417916 0) (0.00206496887562 0.0351503003073 0) (0.00220475631647 0.0363163209036 0) (0.00234910410138 0.0374817857365 0) (0.00249801002133 0.0386466769703 0) (0.00265147179756 0.0398109767783 0) (0.00280948708159 0.0409746673428 0) (0.00297205345523 0.0421377308551 0) (0.00313916843067 0.0433001495167 0) (0.00331082945048 0.0444619055384 0) (0.00348703388767 0.0456229811414 0) (0.0036677790457 0.0467833585574 0) (0.00385306215855 0.0479430200286 0) (0.00404288039077 0.0491019478082 0) (0.00423723083749 0.0502601241607 0) (0.00443611052449 0.0514175313621 0) (0.00463951640822 0.0525741517 0) (0.00484744537588 0.0537299674743 0) (0.00505989424546 0.054884960997 0) (0.00527685976576 0.0560391145928 0) (0.00549833861647 0.0571924105992 0) (0.00572432740821 0.0583448313669 0) (0.00595482268257 0.0594963592598 0) (0.00618982091221 0.0606469766557 0) (0.00642931850083 0.0617966659462 0) (0.00667331178332 0.0629454095371 0) (0.00692179702575 0.0640931898489 0) (0.00717477042544 0.0652399893164 0) (0.00743222811104 0.0663857903898 0) (0.00769416614257 0.0675305755344 0) (0.00796058051149 0.0686743272311 0) (0.00823146714074 0.0698170279766 0) (0.00850682188484 0.0709586602837 0) (0.00878664052993 0.0720992066815 0) (0.00907091879382 0.0732386497158 0) (0.00935965232609 0.0743769719491 0))
    polyLine 1 5 ((-0.214838896375 0.0038483355257 -0.03) (-0.214811217176 0.0076965726653 -0.03) (-0.214765089341 0.0115446130671 -0.03) (-0.214700519111 0.0153923584482 -0.03) (-0.214617515216 0.0192397106288 -0.03) (-0.214516088875 0.0230865715663 -0.03) (-0.214396253783 0.0269328433897 -0.03) (-0.214258026107 0.0307784284332 -0.03) (-0.214101424476 0.0346232292703 -0.03) (-0.213926469965 0.0384671487472 -0.03) (-0.213733186088 0.0423100900163 -0.03) (-0.213521598781 0.046151956569 -0.03) (-0.213291736388 0.0499926522689 -0.03) (-0.213043629639 0.0538320813841 -0.03) (-0.212777311641 0.0576701486193 -0.03) (-0.212492817847 0.0615067591477 -0.03) (-0.212190186045 0.0653418186423 -0.03) (-0.211869456327 0.069175233307 -0.03) (-0.211530671074 0.0730069099072 -0.03) (-0.211173874922 0.0768367557996 -0.03) (-0.210799114742 0.0806646789621 -0.03) (-0.210406439611 0.0844905880228 -0.03) (-0.209995900784 0.0883143922887 -0.03))
    polyLine 3 7 ((-0.214838896375 0.0038483355257 0) (-0.214811217176 0.0076965726653 0) (-0.214765089341 0.0115446130671 0) (-0.214700519111 0.0153923584482 0) (-0.214617515216 0.0192397106288 0) (-0.214516088875 0.0230865715663 0) (-0.214396253783 0.0269328433897 0) (-0.214258026107 0.0307784284332 0) (-0.214101424476 0.0346232292703 0) (-0.213926469965 0.0384671487472 0) (-0.213733186088 0.0423100900163 0) (-0.213521598781 0.046151956569 0) (-0.213291736388 0.0499926522689 0) (-0.213043629639 0.0538320813841 0) (-0.212777311641 0.0576701486193 0) (-0.212492817847 0.0615067591477 0) (-0.212190186045 0.0653418186423 0) (-0.211869456327 0.069175233307 0) (-0.211530671074 0.0730069099072 0) (-0.211173874922 0.0768367557996 0) (-0.210799114742 0.0806646789621 0) (-0.210406439611 0.0844905880228 0) (-0.209995900784 0.0883143922887 0))
    polyLine 4 8 ((0.00965283670813 0.0755141559614 -0.03) (0.00995046745323 0.0766501843498 -0.03) (0.0102525400066 0.0777850397292 -0.03) (0.0105590497455 0.0789187047325 -0.03) (0.0108699919794 0.0800511620107 -0.03) (0.0111853619496 0.0811823942333 -0.03) (0.0115051548301 0.0823123840887 -0.03) (0.0118293657268 0.0834411142842 -0.03) (0.0121579896783 0.0845685675462 -0.03) (0.0124910216554 0.0856947266211 -0.03) (0.0128284565617 0.0868195742746 -0.03) (0.0131702892333 0.0879430932929 -0.03) (0.0135165144389 0.0890652664821 -0.03) (0.0138671268801 0.0901860766693 -0.03) (0.0142221211913 0.0913055067023 -0.03) (0.01458149194 0.0924235394499 -0.03) (0.0149452336265 0.0935401578024 -0.03) (0.0153133406844 0.0946553446717 -0.03) (0.0156858074803 0.0957690829918 -0.03) (0.0160626283143 0.0968813557186 -0.03) (0.0164437974197 0.0979921458306 -0.03) (0.0168293089633 0.0991014363288 -0.03) (0.0172191570454 0.100209210237 -0.03) (0.0176133357001 0.101315450604 -0.03) (0.0180118388951 0.102420140498 -0.03) (0.018414660532 0.103523263016 -0.03) (0.0188217944461 0.104624801274 -0.03) (0.0192332344071 0.105724738417 -0.03) (0.0196489741183 0.106823057611 -0.03) (0.0200690072176 0.107919742049 -0.03) (0.0204933272771 0.109014774946 -0.03) (0.0209219278031 0.110108139546 -0.03) (0.0213548022368 0.111199819117 -0.03) (0.0217919439535 0.112289796951 -0.03) (0.0222333462636 0.113378056369 -0.03) (0.0226790024121 0.114464580716 -0.03) (0.0231289055789 0.115549353365 -0.03) (0.023583048879 0.116632357715 -0.03) (0.0240414253624 0.117713577193 -0.03) (0.0245040280145 0.118792995252 -0.03) (0.0249708497558 0.119870595373 -0.03) (0.0254418834423 0.120946361066 -0.03) (0.0259171218657 0.122020275868 -0.03) (0.0263965577531 0.123092323343 -0.03) (0.0268801837677 0.124162487086 -0.03) (0.0273679925081 0.125230750721 -0.03) (0.0278599765094 0.126297097898 -0.03) (0.0283561282424 0.127361512299 -0.03) (0.0288564401144 0.128423977635 -0.03) (0.0293609044689 0.129484477647 -0.03) (0.0298695135859 0.130542996105 -0.03) (0.0303822596818 0.13159951681 -0.03) (0.03089913491 0.132654023594 -0.03) (0.0314201313605 0.13370650032 -0.03) (0.0319452410603 0.134756930881 -0.03) (0.0324744559734 0.135805299201 -0.03) (0.033007768001 0.136851589238 -0.03) (0.0335451689817 0.137895784979 -0.03) (0.0340866506913 0.138937870445 -0.03) (0.0346322048433 0.139977829688 -0.03) (0.0351818230889 0.141015646793 -0.03) (0.0357354970172 0.142051305878 -0.03) (0.0362932181549 0.143084791094 -0.03) (0.036854977967 0.144116086626 -0.03) (0.0374207678567 0.14514517669 -0.03))
    polyLine 6 10 ((0.00965283670813 0.0755141559614 0) (0.00995046745323 0.0766501843498 0) (0.0102525400066 0.0777850397292 0) (0.0105590497455 0.0789187047325 0) (0.0108699919794 0.0800511620107 0) (0.0111853619496 0.0811823942333 0) (0.0115051548301 0.0823123840887 0) (0.0118293657268 0.0834411142842 0) (0.0121579896783 0.0845685675462 0) (0.0124910216554 0.0856947266211 0) (0.0128284565617 0.0868195742746 0) (0.0131702892333 0.0879430932929 0) (0.0135165144389 0.0890652664821 0) (0.0138671268801 0.0901860766693 0) (0.0142221211913 0.0913055067023 0) (0.01458149194 0.0924235394499 0) (0.0149452336265 0.0935401578024 0) (0.0153133406844 0.0946553446717 0) (0.0156858074803 0.0957690829918 0) (0.0160626283143 0.0968813557186 0) (0.0164437974197 0.0979921458306 0) (0.0168293089633 0.0991014363288 0) (0.0172191570454 0.100209210237 0) (0.0176133357001 0.101315450604 0) (0.0180118388951 0.102420140498 0) (0.018414660532 0.103523263016 0) (0.0188217944461 0.104624801274 0) (0.0192332344071 0.105724738417 0) (0.0196489741183 0.106823057611 0) (0.0200690072176 0.107919742049 0) (0.0204933272771 0.109014774946 0) (0.0209219278031 0.110108139546 0) (0.0213548022368 0.111199819117 0) (0.0217919439535 0.112289796951 0) (0.0222333462636 0.113378056369 0) (0.0226790024121 0.114464580716 0) (0.0231289055789 0.115549353365 0) (0.023583048879 0.116632357715 0) (0.0240414253624 0.117713577193 0) (0.0245040280145 0.118792995252 0) (0.0249708497558 0.119870595373 0) (0.0254418834423 0.120946361066 0) (0.0259171218657 0.122020275868 0) (0.0263965577531 0.123092323343 0) (0.0268801837677 0.124162487086 0) (0.0273679925081 0.125230750721 0) (0.0278599765094 0.126297097898 0) (0.0283561282424 0.127361512299 0) (0.0288564401144 0.128423977635 0) (0.0293609044689 0.129484477647 0) (0.0298695135859 0.130542996105 0) (0.0303822596818 0.13159951681 0) (0.03089913491 0.132654023594 0) (0.0314201313605 0.13370650032 0) (0.0319452410603 0.134756930881 0) (0.0324744559734 0.135805299201 0) (0.033007768001 0.136851589238 0) (0.0335451689817 0.137895784979 0) (0.0340866506913 0.138937870445 0) (0.0346322048433 0.139977829688 0) (0.0351818230889 0.141015646793 0) (0.0357354970172 0.142051305878 0) (0.0362932181549 0.143084791094 0) (0.036854977967 0.144116086626 0) (0.0374207678567 0.14514517669 0))
    polyLine 5 9 ((-0.209129584312 0.0958870191848 -0.03) (-0.20867454632 0.0996357497209 -0.03) (-0.208202494145 0.103382110281 -0.03) (-0.207713486127 0.107126018521 -0.03) (-0.207207582449 0.110867392874 -0.03) (-0.206684845112 0.114606152575 -0.03) (-0.206145337898 0.118342217681 -0.03) (-0.205589126336 0.122075509093 -0.03) (-0.205016277667 0.125805948576 -0.03) (-0.204426860809 0.129533458779 -0.03) (-0.203820946324 0.133257963255 -0.03) (-0.203198606375 0.136979386479 -0.03) (-0.202559914696 0.140697653864 -0.03) (-0.201904946549 0.144412691784 -0.03) (-0.201233778687 0.148124427583 -0.03) (-0.200546489318 0.151832789599 -0.03) (-0.199843158064 0.155537707171 -0.03) (-0.19912386592 0.159239110661 -0.03) (-0.198388695219 0.162936931465 -0.03) (-0.197637729587 0.166631102025 -0.03) (-0.196871053906 0.170321555843 -0.03) (-0.196088754273 0.174008227493 -0.03) (-0.19529091796 0.177691052634 -0.03))
    polyLine 7 11 ((-0.209129584312 0.0958870191848 0) (-0.20867454632 0.0996357497209 0) (-0.208202494145 0.103382110281 0) (-0.207713486127 0.107126018521 0) (-0.207207582449 0.110867392874 0) (-0.206684845112 0.114606152575 0) (-0.206145337898 0.118342217681 0) (-0.205589126336 0.122075509093 0) (-0.205016277667 0.125805948576 0) (-0.204426860809 0.129533458779 0) (-0.203820946324 0.133257963255 0) (-0.203198606375 0.136979386479 0) (-0.202559914696 0.140697653864 0) (-0.201904946549 0.144412691784 0) (-0.201233778687 0.148124427583 0) (-0.200546489318 0.151832789599 0) (-0.199843158064 0.155537707171 0) (-0.19912386592 0.159239110661 0) (-0.198388695219 0.162936931465 0) (-0.197637729587 0.166631102025 0) (-0.196871053906 0.170321555843 0) (-0.196088754273 0.174008227493 0) (-0.19529091796 0.177691052634 0))
    polyLine 8 12 ((0.0379905791656 0.146172045539 -0.03) (0.0385644031734 0.147196677457 -0.03) (0.0391422310989 0.148219056764 -0.03) (0.0397240540992 0.149239167815 -0.03) (0.0403098632704 0.150256994998 -0.03) (0.0408996496477 0.151272522737 -0.03) (0.0414934042054 0.152285735491 -0.03) (0.042091117857 0.153296617754 -0.03) (0.0426927814553 0.154305154057 -0.03) (0.043298385793 0.155311328965 -0.03) (0.0439079216022 0.156315127081 -0.03) (0.044521379555 0.157316533043 -0.03) (0.0451387502633 0.158315531525 -0.03) (0.0457600242792 0.159312107241 -0.03) (0.0463851920952 0.160306244938 -0.03) (0.0470142441441 0.161297929404 -0.03) (0.0476471707991 0.162287145462 -0.03) (0.0482839623745 0.163273877973 -0.03) (0.048924609125 0.164258111838 -0.03) (0.0495691012467 0.165239831994 -0.03) (0.0502174288765 0.166219023418 -0.03) (0.050869582093 0.167195671124 -0.03) (0.0515255509158 0.168169760167 -0.03) (0.0521853253065 0.169141275639 -0.03) (0.0528488951683 0.170110202674 -0.03) (0.0535162503462 0.171076526442 -0.03) (0.0541873806275 0.172040232157 -0.03) (0.0548622757416 0.173001305071 -0.03) (0.0555409253603 0.173959730475 -0.03) (0.0562233190979 0.174915493702 -0.03) (0.0569094465115 0.175868580126 -0.03) (0.057599297101 0.176818975162 -0.03) (0.0582928603093 0.177766664264 -0.03) (0.0589901255226 0.178711632932 -0.03) (0.0596910820704 0.179653866702 -0.03) (0.0603957192255 0.180593351156 -0.03) (0.0611040262047 0.181530071916 -0.03) (0.0618159921684 0.182464014648 -0.03) (0.0625316062211 0.183395165059 -0.03) (0.0632508574116 0.184323508898 -0.03) (0.0639737347328 0.18524903196 -0.03) (0.0647002271222 0.186171720081 -0.03) (0.065430323462 0.18709155914 -0.03) (0.0661640125792 0.18800853506 -0.03) (0.066901283246 0.18892263381 -0.03) (0.0676421241795 0.189833841399 -0.03) (0.0683865240424 0.190742143884 -0.03) (0.0691344714428 0.191647527364 -0.03) (0.0698859549346 0.192549977984 -0.03) (0.0706409630175 0.193449481933 -0.03) (0.0713994841373 0.194346025446 -0.03) (0.072161506686 0.195239594802 -0.03) (0.0729270190022 0.196130176328 -0.03) (0.0736960093708 0.197017756393 -0.03) (0.0744684660237 0.197902321416 -0.03) (0.0752443771397 0.198783857858 -0.03) (0.0760237308447 0.199662352231 -0.03) (0.0768065152119 0.200537791089 -0.03) (0.0775927182621 0.201410161035 -0.03) (0.0783823279636 0.20227944872 -0.03) (0.0791753322328 0.20314564084 -0.03) (0.079971718934 0.204008724139 -0.03) (0.0807714758797 0.20486868541 -0.03) (0.081574590831 0.205725511492 -0.03) (0.0823810514974 0.206579189273 -0.03))
    polyLine 10 14 ((0.0379905791656 0.146172045539 0) (0.0385644031734 0.147196677457 0) (0.0391422310989 0.148219056764 0) (0.0397240540992 0.149239167815 0) (0.0403098632704 0.150256994998 0) (0.0408996496477 0.151272522737 0) (0.0414934042054 0.152285735491 0) (0.042091117857 0.153296617754 0) (0.0426927814553 0.154305154057 0) (0.043298385793 0.155311328965 0) (0.0439079216022 0.156315127081 0) (0.044521379555 0.157316533043 0) (0.0451387502633 0.158315531525 0) (0.0457600242792 0.159312107241 0) (0.0463851920952 0.160306244938 0) (0.0470142441441 0.161297929404 0) (0.0476471707991 0.162287145462 0) (0.0482839623745 0.163273877973 0) (0.048924609125 0.164258111838 0) (0.0495691012467 0.165239831994 0) (0.0502174288765 0.166219023418 0) (0.050869582093 0.167195671124 0) (0.0515255509158 0.168169760167 0) (0.0521853253065 0.169141275639 0) (0.0528488951683 0.170110202674 0) (0.0535162503462 0.171076526442 0) (0.0541873806275 0.172040232157 0) (0.0548622757416 0.173001305071 0) (0.0555409253603 0.173959730475 0) (0.0562233190979 0.174915493702 0) (0.0569094465115 0.175868580126 0) (0.057599297101 0.176818975162 0) (0.0582928603093 0.177766664264 0) (0.0589901255226 0.178711632932 0) (0.0596910820704 0.179653866702 0) (0.0603957192255 0.180593351156 0) (0.0611040262047 0.181530071916 0) (0.0618159921684 0.182464014648 0) (0.0625316062211 0.183395165059 0) (0.0632508574116 0.184323508898 0) (0.0639737347328 0.18524903196 0) (0.0647002271222 0.186171720081 0) (0.065430323462 0.18709155914 0) (0.0661640125792 0.18800853506 0) (0.066901283246 0.18892263381 0) (0.0676421241795 0.189833841399 0) (0.0683865240424 0.190742143884 0) (0.0691344714428 0.191647527364 0) (0.0698859549346 0.192549977984 0) (0.0706409630175 0.193449481933 0) (0.0713994841373 0.194346025446 0) (0.072161506686 0.195239594802 0) (0.0729270190022 0.196130176328 0) (0.0736960093708 0.197017756393 0) (0.0744684660237 0.197902321416 0) (0.0752443771397 0.198783857858 0) (0.0760237308447 0.199662352231 0) (0.0768065152119 0.200537791089 0) (0.0775927182621 0.201410161035 0) (0.0783823279636 0.20227944872 0) (0.0791753322328 0.20314564084 0) (0.079971718934 0.204008724139 0) (0.0807714758797 0.20486868541 0) (0.081574590831 0.205725511492 0) (0.0823810514974 0.206579189273 0))
    polyLine 9 13 ((-0.193681009967 0.184904229957 -0.03) (-0.192870262293 0.188434764118 -0.03) (-0.192045471734 0.191961517154 -0.03) (-0.191206720507 0.19548443669 -0.03) (-0.19035409163 0.199003471318 -0.03) (-0.189487668885 0.202518570611 -0.03) (-0.188607536785 0.206029685123 -0.03) (-0.187713780541 0.209536766397 -0.03) (-0.18680648603 0.213039766965 -0.03) (-0.185885739758 0.216538640355 -0.03) (-0.184951628832 0.220033341095 -0.03) (-0.184004240922 0.223523824709 -0.03) (-0.183043664233 0.227010047729 -0.03) (-0.182069987469 0.230491967687 -0.03) (-0.181083299803 0.233969543125 -0.03) (-0.180083690842 0.237442733588 -0.03) (-0.179071250602 0.240911499629 -0.03) (-0.178046069468 0.244375802809 -0.03) (-0.17700823817 0.247835605694 -0.03) (-0.175957847747 0.251290871856 -0.03) (-0.17489498952 0.254741565871 -0.03) (-0.173819755062 0.258187653318 -0.03) (-0.172732236166 0.261629100775 -0.03))
    polyLine 11 15 ((-0.193681009967 0.184904229957 0) (-0.192870262293 0.188434764118 0) (-0.192045471734 0.191961517154 0) (-0.191206720507 0.19548443669 0) (-0.19035409163 0.199003471318 0) (-0.189487668885 0.202518570611 0) (-0.188607536785 0.206029685123 0) (-0.187713780541 0.209536766397 0) (-0.18680648603 0.213039766965 0) (-0.185885739758 0.216538640355 0) (-0.184951628832 0.220033341095 0) (-0.184004240922 0.223523824709 0) (-0.183043664233 0.227010047729 0) (-0.182069987469 0.230491967687 0) (-0.181083299803 0.233969543125 0) (-0.180083690842 0.237442733588 0) (-0.179071250602 0.240911499629 0) (-0.178046069468 0.244375802809 0) (-0.17700823817 0.247835605694 0) (-0.175957847747 0.251290871856 0) (-0.17489498952 0.254741565871 0) (-0.173819755062 0.258187653318 0) (-0.172732236166 0.261629100775 0))
    polyLine 12 16 ((0.0831908455374 0.207429705688 -0.03) (0.0840039605583 0.208277047722 -0.03) (0.0848203841168 0.209121202407 -0.03) (0.0856401037187 0.209962156826 -0.03) (0.0864631068196 0.210799898108 -0.03) (0.0872893808246 0.211634413433 -0.03) (0.0881189130891 0.212465690031 -0.03) (0.0889516909183 0.21329371518 -0.03) (0.0897877015678 0.214118476208 -0.03) (0.090626932244 0.214939960494 -0.03) (0.0914693701036 0.215758155466 -0.03) (0.0923150022545 0.216573048603 -0.03) (0.0931638157558 0.217384627434 -0.03) (0.0940157976175 0.218192879541 -0.03) (0.0948709348015 0.218997792552 -0.03) (0.0957292142213 0.219799354151 -0.03) (0.0965906227423 0.220597552071 -0.03) (0.097455147182 0.221392374097 -0.03) (0.0983227743102 0.222183808065 -0.03) (0.0991934908493 0.222971841864 -0.03) (0.100067283474 0.223756463434 -0.03) (0.100944138813 0.224537660768 -0.03) (0.101824043447 0.22531542191 -0.03) (0.102706983911 0.226089734959 -0.03) (0.103592946692 0.226860588064 -0.03) (0.104481918233 0.22762796943 -0.03) (0.105373884928 0.228391867312 -0.03) (0.106268833128 0.22915227002 -0.03) (0.107166749138 0.229909165917 -0.03) (0.108067619215 0.230662543421 -0.03) (0.108971429574 0.231412391003 -0.03) (0.109878166383 0.232158697186 -0.03) (0.110787815766 0.23290145055 -0.03) (0.111700363802 0.233640639728 -0.03) (0.112615796527 0.234376253408 -0.03) (0.11353409993 0.235108280333 -0.03) (0.114455259959 0.2358367093 -0.03) (0.115379262517 0.236561529162 -0.03) (0.116306093464 0.237282728827 -0.03) (0.117235738615 0.238000297257 -0.03) (0.118168183745 0.238714223472 -0.03) (0.119103414583 0.239424496546 -0.03) (0.120041416817 0.240131105609 -0.03) (0.120982176093 0.240834039848 -0.03) (0.121925678014 0.241533288506 -0.03) (0.12287190814 0.242228840881 -0.03) (0.123820851993 0.24292068633 -0.03) (0.124772495048 0.243608814265 -0.03) (0.125726822744 0.244293214154 -0.03) (0.126683820475 0.244973875525 -0.03) (0.127643473596 0.245650787961 -0.03) (0.128605767422 0.246323941103 -0.03) (0.129570687226 0.24699332465 -0.03) (0.130538218241 0.247658928357 -0.03) (0.131508345661 0.248320742038 -0.03) (0.132481054639 0.248978755566 -0.03) (0.13345633029 0.249632958871 -0.03) (0.134434157689 0.250283341941 -0.03) (0.135414521872 0.250929894823 -0.03) (0.136397407835 0.251572607623 -0.03) (0.137382800538 0.252211470504 -0.03) (0.1383706849 0.252846473691 -0.03) (0.139361045803 0.253477607465 -0.03) (0.140353868092 0.254104862168 -0.03))
    polyLine 14 18 ((0.0831908455374 0.207429705688 0) (0.0840039605583 0.208277047722 0) (0.0848203841168 0.209121202407 0) (0.0856401037187 0.209962156826 0) (0.0864631068196 0.210799898108 0) (0.0872893808246 0.211634413433 0) (0.0881189130891 0.212465690031 0) (0.0889516909183 0.21329371518 0) (0.0897877015678 0.214118476208 0) (0.090626932244 0.214939960494 0) (0.0914693701036 0.215758155466 0) (0.0923150022545 0.216573048603 0) (0.0931638157558 0.217384627434 0) (0.0940157976175 0.218192879541 0) (0.0948709348015 0.218997792552 0) (0.0957292142213 0.219799354151 0) (0.0965906227423 0.220597552071 0) (0.097455147182 0.221392374097 0) (0.0983227743102 0.222183808065 0) (0.0991934908493 0.222971841864 0) (0.100067283474 0.223756463434 0) (0.100944138813 0.224537660768 0) (0.101824043447 0.22531542191 0) (0.102706983911 0.226089734959 0) (0.103592946692 0.226860588064 0) (0.104481918233 0.22762796943 0) (0.105373884928 0.228391867312 0) (0.106268833128 0.22915227002 0) (0.107166749138 0.229909165917 0) (0.108067619215 0.230662543421 0) (0.108971429574 0.231412391003 0) (0.109878166383 0.232158697186 0) (0.110787815766 0.23290145055 0) (0.111700363802 0.233640639728 0) (0.112615796527 0.234376253408 0) (0.11353409993 0.235108280333 0) (0.114455259959 0.2358367093 0) (0.115379262517 0.236561529162 0) (0.116306093464 0.237282728827 0) (0.117235738615 0.238000297257 0) (0.118168183745 0.238714223472 0) (0.119103414583 0.239424496546 0) (0.120041416817 0.240131105609 0) (0.120982176093 0.240834039848 0) (0.121925678014 0.241533288506 0) (0.12287190814 0.242228840881 0) (0.123820851993 0.24292068633 0) (0.124772495048 0.243608814265 0) (0.125726822744 0.244293214154 0) (0.126683820475 0.244973875525 0) (0.127643473596 0.245650787961 0) (0.128605767422 0.246323941103 0) (0.129570687226 0.24699332465 0) (0.130538218241 0.247658928357 0) (0.131508345661 0.248320742038 0) (0.132481054639 0.248978755566 0) (0.13345633029 0.249632958871 0) (0.134434157689 0.250283341941 0) (0.135414521872 0.250929894823 0) (0.136397407835 0.251572607623 0) (0.137382800538 0.252211470504 0) (0.1383706849 0.252846473691 0) (0.139361045803 0.253477607465 0) (0.140353868092 0.254104862168 0))
    polyLine 13 17 ((-0.170593326746 0.268275067542 -0.03) (-0.169543625312 0.271480121976 -0.03) (-0.168483496031 0.274681014969 -0.03) (-0.167413014482 0.277877723125 -0.03) (-0.166332256287 0.281070223793 -0.03) (-0.165241297093 0.284258495073 -0.03) (-0.164140212552 0.287442515807 -0.03) (-0.163029078302 0.290622265576 -0.03) (-0.161907969949 0.293797724697 -0.03) (-0.16077696305 0.29696887422 -0.03) (-0.159636133096 0.300135695922 -0.03) (-0.158485555491 0.303298172304 -0.03) (-0.157325305537 0.306456286585 -0.03) (-0.15615545842 0.3096100227 -0.03) (-0.154976089189 0.312759365291 -0.03) (-0.153787272742 0.315904299708 -0.03) (-0.152589083812 0.319044811997 -0.03) (-0.151381596948 0.322180888901 -0.03) (-0.150164886503 0.32531251785 -0.03) (-0.148939026618 0.328439686957 -0.03) (-0.147704091208 0.331562385016 -0.03) (-0.146460153947 0.334680601488 -0.03) (-0.145207288256 0.337794326504 -0.03))
    polyLine 15 19 ((-0.170593326746 0.268275067542 0) (-0.169543625312 0.271480121976 0) (-0.168483496031 0.274681014969 0) (-0.167413014482 0.277877723125 0) (-0.166332256287 0.281070223793 0) (-0.165241297093 0.284258495073 0) (-0.164140212552 0.287442515807 0) (-0.163029078302 0.290622265576 0) (-0.161907969949 0.293797724697 0) (-0.16077696305 0.29696887422 0) (-0.159636133096 0.300135695922 0) (-0.158485555491 0.303298172304 0) (-0.157325305537 0.306456286585 0) (-0.15615545842 0.3096100227 0) (-0.154976089189 0.312759365291 0) (-0.153787272742 0.315904299708 0) (-0.152589083812 0.319044811997 0) (-0.151381596948 0.322180888901 0) (-0.150164886503 0.32531251785 0) (-0.148939026618 0.328439686957 0) (-0.147704091208 0.331562385016 0) (-0.146460153947 0.334680601488 0) (-0.145207288256 0.337794326504 0))
    polyLine 16 20 ((0.141349136573 0.2547282282 -0.03) (0.142346836014 0.255347696023 -0.03) (0.143346951149 0.255963256156 -0.03) (0.144349466671 0.25657489918 -0.03) (0.145354367239 0.257182615733 -0.03) (0.146361637474 0.257786396515 -0.03) (0.147371261961 0.258386232288 -0.03) (0.148383225251 0.25898211387 -0.03) (0.149397511855 0.259574032144 -0.03) (0.150414106254 0.260161978051 -0.03) (0.151432992888 0.260745942593 -0.03) (0.152454156166 0.261325916833 -0.03) (0.15347758046 0.261901891897 -0.03) (0.154503250108 0.262473858969 -0.03) (0.155531149415 0.263041809297 -0.03) (0.156561262649 0.263605734189 -0.03) (0.157593574047 0.264165625016 -0.03) (0.158628067811 0.264721473207 -0.03) (0.159664728109 0.265273270259 -0.03) (0.160703539077 0.265821007725 -0.03) (0.161744484818 0.266364677225 -0.03) (0.162787549401 0.266904270437 -0.03) (0.163832716865 0.267439779104 -0.03) (0.164879971214 0.267971195032 -0.03) (0.165929296422 0.268498510087 -0.03) (0.166980676431 0.2690217162 -0.03) (0.168034095151 0.269540805364 -0.03) (0.169089536461 0.270055769636 -0.03) (0.170146984209 0.270566601134 -0.03) (0.171206422213 0.271073292041 -0.03) (0.172267834259 0.271575834603 -0.03) (0.173331204106 0.27207422113 -0.03) (0.174396515478 0.272568443994 -0.03) (0.175463752074 0.273058495632 -0.03) (0.176532897561 0.273544368544 -0.03) (0.177603935578 0.274026055296 -0.03) (0.178676849733 0.274503548515 -0.03) (0.179751623609 0.274976840895 -0.03) (0.180828240756 0.275445925192 -0.03) (0.181906684699 0.275910794228 -0.03) (0.182986938935 0.276371440889 -0.03) (0.184068986931 0.276827858125 -0.03) (0.185152812129 0.277280038951 -0.03) (0.186240147323 0.277731189206 -0.03) (0.187327482517 0.278182339462 -0.03) (0.188414817711 0.278633489717 -0.03) (0.189502152905 0.279084639973 -0.03) (0.190589488099 0.279535790228 -0.03) (0.191676823293 0.279986940483 -0.03) (0.192764158487 0.280438090739 -0.03) (0.193851493681 0.280889240994 -0.03) (0.194938828875 0.28134039125 -0.03) (0.196026164069 0.281791541505 -0.03) (0.197113499263 0.282242691761 -0.03) (0.198200834457 0.282693842016 -0.03) (0.199288169651 0.283144992271 -0.03) (0.200375504845 0.283596142527 -0.03) (0.201462840039 0.284047292782 -0.03) (0.202550175233 0.284498443038 -0.03) (0.203637510427 0.284949593293 -0.03) (0.204724845621 0.285400743548 -0.03) (0.205812180815 0.285851893804 -0.03) (0.206899516008 0.286303044059 -0.03) (0.207986851202 0.286754194315 -0.03) (0.209074186396 0.28720534457 -0.03))
    polyLine 18 22 ((0.141349136573 0.2547282282 0) (0.142346836014 0.255347696023 0) (0.143346951149 0.255963256156 0) (0.144349466671 0.25657489918 0) (0.145354367239 0.257182615733 0) (0.146361637474 0.257786396515 0) (0.147371261961 0.258386232288 0) (0.148383225251 0.25898211387 0) (0.149397511855 0.259574032144 0) (0.150414106254 0.260161978051 0) (0.151432992888 0.260745942593 0) (0.152454156166 0.261325916833 0) (0.15347758046 0.261901891897 0) (0.154503250108 0.262473858969 0) (0.155531149415 0.263041809297 0) (0.156561262649 0.263605734189 0) (0.157593574047 0.264165625016 0) (0.158628067811 0.264721473207 0) (0.159664728109 0.265273270259 0) (0.160703539077 0.265821007725 0) (0.161744484818 0.266364677225 0) (0.162787549401 0.266904270437 0) (0.163832716865 0.267439779104 0) (0.164879971214 0.267971195032 0) (0.165929296422 0.268498510087 0) (0.166980676431 0.2690217162 0) (0.168034095151 0.269540805364 0) (0.169089536461 0.270055769636 0) (0.170146984209 0.270566601134 0) (0.171206422213 0.271073292041 0) (0.172267834259 0.271575834603 0) (0.173331204106 0.27207422113 0) (0.174396515478 0.272568443994 0) (0.175463752074 0.273058495632 0) (0.176532897561 0.273544368544 0) (0.177603935578 0.274026055296 0) (0.178676849733 0.274503548515 0) (0.179751623609 0.274976840895 0) (0.180828240756 0.275445925192 0) (0.181906684699 0.275910794228 0) (0.182986938935 0.276371440889 0) (0.184068986931 0.276827858125 0) (0.185152812129 0.277280038951 0) (0.186240147323 0.277731189206 0) (0.187327482517 0.278182339462 0) (0.188414817711 0.278633489717 0) (0.189502152905 0.279084639973 0) (0.190589488099 0.279535790228 0) (0.191676823293 0.279986940483 0) (0.192764158487 0.280438090739 0) (0.193851493681 0.280889240994 0) (0.194938828875 0.28134039125 0) (0.196026164069 0.281791541505 0) (0.197113499263 0.282242691761 0) (0.198200834457 0.282693842016 0) (0.199288169651 0.283144992271 0) (0.200375504845 0.283596142527 0) (0.201462840039 0.284047292782 0) (0.202550175233 0.284498443038 0) (0.203637510427 0.284949593293 0) (0.204724845621 0.285400743548 0) (0.205812180815 0.285851893804 0) (0.206899516008 0.286303044059 0) (0.207986851202 0.286754194315 0) (0.209074186396 0.28720534457 0))
    polyLine 17 21 ((-0.142787802886 0.34373380969 -0.03) (-0.1416227961 0.346560315758 -0.03) (-0.140450601702 0.34938306349 -0.03) (-0.139271274245 0.352202047758 -0.03) (-0.138084868057 0.35501726387 -0.03) (-0.136891437237 0.357828707563 -0.03) (-0.135691035639 0.360636375004 -0.03) (-0.134483716876 0.363440262781 -0.03) (-0.133269534304 0.366240367903 -0.03) (-0.132048541021 0.369036687792 -0.03) (-0.130820789858 0.371829220282 -0.03) (-0.129586333377 0.374617963612 -0.03) (-0.128345223857 0.377402916426 -0.03) (-0.127097513299 0.380184077761 -0.03) (-0.125843253409 0.382961447052 -0.03) (-0.124582495602 0.385735024121 -0.03) (-0.123315290992 0.388504809176 -0.03) (-0.122041690388 0.391270802802 -0.03) (-0.120761744288 0.394033005966 -0.03) (-0.119475502875 0.396791420001 -0.03) (-0.118183016015 0.399546046611 -0.03) (-0.116884333248 0.402296887862 -0.03) (-0.115579503787 0.405043946179 -0.03))
    polyLine 19 23 ((-0.142787802886 0.34373380969 0) (-0.1416227961 0.346560315758 0) (-0.140450601702 0.34938306349 0) (-0.139271274245 0.352202047758 0) (-0.138084868057 0.35501726387 0) (-0.136891437237 0.357828707563 0) (-0.135691035639 0.360636375004 0) (-0.134483716876 0.363440262781 0) (-0.133269534304 0.366240367903 0) (-0.132048541021 0.369036687792 0) (-0.130820789858 0.371829220282 0) (-0.129586333377 0.374617963612 0) (-0.128345223857 0.377402916426 0) (-0.127097513299 0.380184077761 0) (-0.125843253409 0.382961447052 0) (-0.124582495602 0.385735024121 0) (-0.123315290992 0.388504809176 0) (-0.122041690388 0.391270802802 0) (-0.120761744288 0.394033005966 0) (-0.119475502875 0.396791420001 0) (-0.118183016015 0.399546046611 0) (-0.116884333248 0.402296887862 0) (-0.115579503787 0.405043946179 0))
    polyLine 20 24 ((0.21016152159 0.287656494825 -0.03) (0.211248856784 0.288107645081 -0.03) (0.212336191978 0.288558795336 -0.03) (0.213423527172 0.289009945592 -0.03) (0.214510862366 0.289461095847 -0.03) (0.21559819756 0.289912246102 -0.03) (0.216685532754 0.290363396358 -0.03) (0.217772867948 0.290814546613 -0.03) (0.218860203142 0.291265696869 -0.03) (0.219947538336 0.291716847124 -0.03) (0.22103487353 0.29216799738 -0.03) (0.222122208724 0.292619147635 -0.03) (0.223209543918 0.29307029789 -0.03) (0.224296879112 0.293521448146 -0.03) (0.225384214306 0.293972598401 -0.03) (0.2264715495 0.294423748657 -0.03) (0.227558884694 0.294874898912 -0.03) (0.228646219888 0.295326049167 -0.03) (0.229733555081 0.295777199423 -0.03) (0.230820890275 0.296228349678 -0.03) (0.231908225469 0.296679499934 -0.03) (0.232995560663 0.297130650189 -0.03) (0.234082895857 0.297581800444 -0.03) (0.235170231051 0.2980329507 -0.03) (0.236257566245 0.298484100955 -0.03) (0.237344901439 0.298935251211 -0.03) (0.238432236633 0.299386401466 -0.03) (0.239519571827 0.299837551722 -0.03) (0.240606907021 0.300288701977 -0.03) (0.241694242215 0.300739852232 -0.03) (0.242781577409 0.301191002488 -0.03) (0.243868912603 0.301642152743 -0.03) (0.244956247797 0.302093302999 -0.03) (0.246043582991 0.302544453254 -0.03) (0.247130918185 0.302995603509 -0.03) (0.248218253379 0.303446753765 -0.03) (0.249305588573 0.30389790402 -0.03) (0.250392923767 0.304349054276 -0.03) (0.25148025896 0.304800204531 -0.03) (0.252567594154 0.305251354786 -0.03) (0.253654929348 0.305702505042 -0.03) (0.254742264542 0.306153655297 -0.03) (0.255829599736 0.306604805553 -0.03) (0.25691693493 0.307055955808 -0.03) (0.258004270124 0.307507106063 -0.03) (0.259091605318 0.307958256319 -0.03) (0.260178940512 0.308409406574 -0.03) (0.261266275706 0.30886055683 -0.03) (0.2623536109 0.309311707085 -0.03) (0.263440946094 0.309762857341 -0.03) (0.264528281288 0.310214007596 -0.03) (0.265615616482 0.310665157851 -0.03) (0.266702951676 0.311116308107 -0.03) (0.26779028687 0.311567458362 -0.03) (0.268877622064 0.312018608618 -0.03) (0.269964957258 0.312469758873 -0.03) (0.271052292452 0.312920909128 -0.03) (0.272139627646 0.313372059384 -0.03) (0.27322696284 0.313823209639 -0.03) (0.274314298033 0.314274359895 -0.03) (0.275401633227 0.31472551015 -0.03) (0.276488968421 0.315176660405 -0.03) (0.277576303615 0.315627810661 -0.03) (0.278663638809 0.316078960916 -0.03) (0.279750974003 0.316530111172 -0.03))
    polyLine 22 26 ((0.21016152159 0.287656494825 0) (0.211248856784 0.288107645081 0) (0.212336191978 0.288558795336 0) (0.213423527172 0.289009945592 0) (0.214510862366 0.289461095847 0) (0.21559819756 0.289912246102 0) (0.216685532754 0.290363396358 0) (0.217772867948 0.290814546613 0) (0.218860203142 0.291265696869 0) (0.219947538336 0.291716847124 0) (0.22103487353 0.29216799738 0) (0.222122208724 0.292619147635 0) (0.223209543918 0.29307029789 0) (0.224296879112 0.293521448146 0) (0.225384214306 0.293972598401 0) (0.2264715495 0.294423748657 0) (0.227558884694 0.294874898912 0) (0.228646219888 0.295326049167 0) (0.229733555081 0.295777199423 0) (0.230820890275 0.296228349678 0) (0.231908225469 0.296679499934 0) (0.232995560663 0.297130650189 0) (0.234082895857 0.297581800444 0) (0.235170231051 0.2980329507 0) (0.236257566245 0.298484100955 0) (0.237344901439 0.298935251211 0) (0.238432236633 0.299386401466 0) (0.239519571827 0.299837551722 0) (0.240606907021 0.300288701977 0) (0.241694242215 0.300739852232 0) (0.242781577409 0.301191002488 0) (0.243868912603 0.301642152743 0) (0.244956247797 0.302093302999 0) (0.246043582991 0.302544453254 0) (0.247130918185 0.302995603509 0) (0.248218253379 0.303446753765 0) (0.249305588573 0.30389790402 0) (0.250392923767 0.304349054276 0) (0.25148025896 0.304800204531 0) (0.252567594154 0.305251354786 0) (0.253654929348 0.305702505042 0) (0.254742264542 0.306153655297 0) (0.255829599736 0.306604805553 0) (0.25691693493 0.307055955808 0) (0.258004270124 0.307507106063 0) (0.259091605318 0.307958256319 0) (0.260178940512 0.308409406574 0) (0.261266275706 0.30886055683 0) (0.2623536109 0.309311707085 0) (0.263440946094 0.309762857341 0) (0.264528281288 0.310214007596 0) (0.265615616482 0.310665157851 0) (0.266702951676 0.311116308107 0) (0.26779028687 0.311567458362 0) (0.268877622064 0.312018608618 0) (0.269964957258 0.312469758873 0) (0.271052292452 0.312920909128 0) (0.272139627646 0.313372059384 0) (0.27322696284 0.313823209639 0) (0.274314298033 0.314274359895 0) (0.275401633227 0.31472551015 0) (0.276488968421 0.315176660405 0) (0.277576303615 0.315627810661 0) (0.278663638809 0.316078960916 0) (0.279750974003 0.316530111172 0))
    polyLine 21 25 ((-0.112843668178 0.410750518921 -0.03) (-0.111411742059 0.413709398092 -0.03) (-0.109972858685 0.416663866733 -0.03) (-0.108527078111 0.419613930185 -0.03) (-0.107074459913 0.422559594244 -0.03) (-0.105615063179 0.425500865153 -0.03) (-0.104148946509 0.428437749594 -0.03) (-0.102676168007 0.431370254684 -0.03) (-0.10119678528 0.43429838797 -0.03) (-0.0997108554325 0.437222157419 -0.03) (-0.0982184350649 0.440141571411 -0.03) (-0.0967195802675 0.44305663874 -0.03) (-0.0952143466188 0.445967368598 -0.03) (-0.0937027891825 0.448873770577 -0.03) (-0.0921849625047 0.451775854657 -0.03) (-0.0906609206112 0.454673631202 -0.03) (-0.089130717005 0.457567110957 -0.03) (-0.0875944046644 0.460456305035 -0.03) (-0.0860520360409 0.463341224917 -0.03) (-0.0845036630572 0.466221882445 -0.03) (-0.0829493371057 0.469098289812 -0.03) (-0.081389109047 0.471970459562 -0.03) (-0.0798230292082 0.47483840458 -0.03))
    polyLine 23 27 ((-0.112843668178 0.410750518921 0) (-0.111411742059 0.413709398092 0) (-0.109972858685 0.416663866733 0) (-0.108527078111 0.419613930185 0) (-0.107074459913 0.422559594244 0) (-0.105615063179 0.425500865153 0) (-0.104148946509 0.428437749594 0) (-0.102676168007 0.431370254684 0) (-0.10119678528 0.43429838797 0) (-0.0997108554325 0.437222157419 0) (-0.0982184350649 0.440141571411 0) (-0.0967195802675 0.44305663874 0) (-0.0952143466188 0.445967368598 0) (-0.0937027891825 0.448873770577 0) (-0.0921849625047 0.451775854657 0) (-0.0906609206112 0.454673631202 0) (-0.089130717005 0.457567110957 0) (-0.0875944046644 0.460456305035 0) (-0.0860520360409 0.463341224917 0) (-0.0845036630572 0.466221882445 0) (-0.0829493371057 0.469098289812 0) (-0.081389109047 0.471970459562 0) (-0.0798230292082 0.47483840458 0))
    polyLine 24 28 ((0.280838309197 0.316981261427 -0.03) (0.281925644391 0.317432411683 -0.03) (0.283012979585 0.317883561938 -0.03) (0.284100314779 0.318334712193 -0.03) (0.285187649973 0.318785862449 -0.03) (0.286274985167 0.319237012704 -0.03) (0.287362320361 0.31968816296 -0.03) (0.288449655555 0.320139313215 -0.03) (0.289536990749 0.32059046347 -0.03) (0.290624325943 0.321041613726 -0.03) (0.291711661137 0.321492763981 -0.03) (0.292798996331 0.321943914237 -0.03) (0.293886331525 0.322395064492 -0.03) (0.294973666719 0.322846214747 -0.03) (0.296061001912 0.323297365003 -0.03) (0.297148337106 0.323748515258 -0.03) (0.2982356723 0.324199665514 -0.03) (0.299323007494 0.324650815769 -0.03) (0.300410342688 0.325101966024 -0.03) (0.301497677882 0.32555311628 -0.03) (0.302585013076 0.326004266535 -0.03) (0.30367234827 0.326455416791 -0.03) (0.304759683464 0.326906567046 -0.03) (0.305847018658 0.327357717302 -0.03) (0.306934353852 0.327808867557 -0.03) (0.308021689046 0.328260017812 -0.03) (0.30910902424 0.328711168068 -0.03) (0.310196359434 0.329162318323 -0.03) (0.311283694628 0.329613468579 -0.03) (0.312371029822 0.330064618834 -0.03) (0.313458365016 0.330515769089 -0.03) (0.31454570021 0.330966919345 -0.03) (0.315633035404 0.3314180696 -0.03) (0.316720370598 0.331869219856 -0.03) (0.317807705792 0.332320370111 -0.03) (0.318895040985 0.332771520366 -0.03) (0.319982376179 0.333222670622 -0.03) (0.321069711373 0.333673820877 -0.03) (0.322157046567 0.334124971133 -0.03) (0.323244381761 0.334576121388 -0.03) (0.324331716955 0.335027271643 -0.03) (0.325419052149 0.335478421899 -0.03) (0.326506387343 0.335929572154 -0.03) (0.327593722537 0.33638072241 -0.03) (0.328681057731 0.336831872665 -0.03) (0.329768392925 0.337283022921 -0.03) (0.330855728119 0.337734173176 -0.03) (0.331943063313 0.338185323431 -0.03) (0.333030398507 0.338636473687 -0.03) (0.334117733701 0.339087623942 -0.03) (0.335205068895 0.339538774198 -0.03) (0.336292404089 0.339989924453 -0.03) (0.337379739283 0.340441074708 -0.03) (0.338467074477 0.340892224964 -0.03) (0.339554409671 0.341343375219 -0.03) (0.340641744865 0.341794525475 -0.03) (0.341729080058 0.34224567573 -0.03) (0.342816415252 0.342696825985 -0.03) (0.343903750446 0.343147976241 -0.03) (0.34499108564 0.343599126496 -0.03) (0.346078420834 0.344050276752 -0.03) (0.347165756028 0.344501427007 -0.03) (0.348253091222 0.344952577263 -0.03) (0.349340426416 0.345403727518 -0.03))
    polyLine 26 30 ((0.280838309197 0.316981261427 0) (0.281925644391 0.317432411683 0) (0.283012979585 0.317883561938 0) (0.284100314779 0.318334712193 0) (0.285187649973 0.318785862449 0) (0.286274985167 0.319237012704 0) (0.287362320361 0.31968816296 0) (0.288449655555 0.320139313215 0) (0.289536990749 0.32059046347 0) (0.290624325943 0.321041613726 0) (0.291711661137 0.321492763981 0) (0.292798996331 0.321943914237 0) (0.293886331525 0.322395064492 0) (0.294973666719 0.322846214747 0) (0.296061001912 0.323297365003 0) (0.297148337106 0.323748515258 0) (0.2982356723 0.324199665514 0) (0.299323007494 0.324650815769 0) (0.300410342688 0.325101966024 0) (0.301497677882 0.32555311628 0) (0.302585013076 0.326004266535 0) (0.30367234827 0.326455416791 0) (0.304759683464 0.326906567046 0) (0.305847018658 0.327357717302 0) (0.306934353852 0.327808867557 0) (0.308021689046 0.328260017812 0) (0.30910902424 0.328711168068 0) (0.310196359434 0.329162318323 0) (0.311283694628 0.329613468579 0) (0.312371029822 0.330064618834 0) (0.313458365016 0.330515769089 0) (0.31454570021 0.330966919345 0) (0.315633035404 0.3314180696 0) (0.316720370598 0.331869219856 0) (0.317807705792 0.332320370111 0) (0.318895040985 0.332771520366 0) (0.319982376179 0.333222670622 0) (0.321069711373 0.333673820877 0) (0.322157046567 0.334124971133 0) (0.323244381761 0.334576121388 0) (0.324331716955 0.335027271643 0) (0.325419052149 0.335478421899 0) (0.326506387343 0.335929572154 0) (0.327593722537 0.33638072241 0) (0.328681057731 0.336831872665 0) (0.329768392925 0.337283022921 0) (0.330855728119 0.337734173176 0) (0.331943063313 0.338185323431 0) (0.333030398507 0.338636473687 0) (0.334117733701 0.339087623942 0) (0.335205068895 0.339538774198 0) (0.336292404089 0.339989924453 0) (0.337379739283 0.340441074708 0) (0.338467074477 0.340892224964 0) (0.339554409671 0.341343375219 0) (0.340641744865 0.341794525475 0) (0.341729080058 0.34224567573 0) (0.342816415252 0.342696825985 0) (0.343903750446 0.343147976241 0) (0.34499108564 0.343599126496 0) (0.346078420834 0.344050276752 0) (0.347165756028 0.344501427007 0) (0.348253091222 0.344952577263 0) (0.349340426416 0.345403727518 0))
    polyLine 25 29 ((-0.0764455935733 0.480973587612 -0.03) (-0.0746325816229 0.484239562315 -0.03) (-0.0728121835307 0.487500083563 -0.03) (-0.070984470374 0.490755173259 -0.03) (-0.0691495123082 0.494004853828 -0.03) (-0.0673073785656 0.497249148209 -0.03) (-0.0654581374557 0.500488079846 -0.03) (-0.0636018563648 0.503721672674 -0.03) (-0.0617386017568 0.50694995111 -0.03) (-0.0598684391737 0.510172940045 -0.03) (-0.0579914332362 0.51339066483 -0.03) (-0.0561076476455 0.51660315127 -0.03) (-0.0542171451837 0.519810425612 -0.03) (-0.0523199877164 0.523012514537 -0.03) (-0.0504162361938 0.526209445148 -0.03) (-0.0485059506529 0.529401244962 -0.03) (-0.0465891902199 0.532587941904 -0.03) (-0.0446660131124 0.535769564292 -0.03) (-0.0427364766421 0.538946140832 -0.03) (-0.0408006372177 0.542117700608 -0.03) (-0.0388585503474 0.545284273076 -0.03) (-0.0369102706426 0.54844588805 -0.03) (-0.0349558518208 0.551602575699 -0.03))
    polyLine 27 31 ((-0.0764455935733 0.480973587612 0) (-0.0746325816229 0.484239562315 0) (-0.0728121835307 0.487500083563 0) (-0.070984470374 0.490755173259 0) (-0.0691495123082 0.494004853828 0) (-0.0673073785656 0.497249148209 0) (-0.0654581374557 0.500488079846 0) (-0.0636018563648 0.503721672674 0) (-0.0617386017568 0.50694995111 0) (-0.0598684391737 0.510172940045 0) (-0.0579914332362 0.51339066483 0) (-0.0561076476455 0.51660315127 0) (-0.0542171451837 0.519810425612 0) (-0.0523199877164 0.523012514537 0) (-0.0504162361938 0.526209445148 0) (-0.0485059506529 0.529401244962 0) (-0.0465891902199 0.532587941904 0) (-0.0446660131124 0.535769564292 0) (-0.0427364766421 0.538946140832 0) (-0.0408006372177 0.542117700608 0) (-0.0388585503474 0.545284273076 0) (-0.0369102706426 0.54844588805 0) (-0.0349558518208 0.551602575699 0))
    polyLine 28 32 ((0.35042776161 0.345854877773 -0.03) (0.351515096804 0.346306028029 -0.03) (0.352602431998 0.346757178284 -0.03) (0.353689767192 0.34720832854 -0.03) (0.354777102386 0.347659478795 -0.03) (0.35586443758 0.34811062905 -0.03) (0.356951772774 0.348561779306 -0.03) (0.358039107968 0.349012929561 -0.03) (0.359126443162 0.349464079817 -0.03) (0.360213778356 0.349915230072 -0.03) (0.36130111355 0.350366380327 -0.03) (0.362388448744 0.350817530583 -0.03) (0.363475783937 0.351268680838 -0.03) (0.364563119131 0.351719831094 -0.03) (0.365650454325 0.352170981349 -0.03) (0.366737789519 0.352622131604 -0.03) (0.367825124713 0.35307328186 -0.03) (0.368912459907 0.353524432115 -0.03) (0.369999795101 0.353975582371 -0.03) (0.371087130295 0.354426732626 -0.03) (0.372174465489 0.354877882882 -0.03) (0.373261800683 0.355329033137 -0.03) (0.374349135877 0.355780183392 -0.03) (0.375436471071 0.356231333648 -0.03) (0.376523806265 0.356682483903 -0.03) (0.377611141459 0.357133634159 -0.03) (0.378698476653 0.357584784414 -0.03) (0.379785811847 0.358035934669 -0.03) (0.380873147041 0.358487084925 -0.03) (0.381960482235 0.35893823518 -0.03) (0.383047817429 0.359389385436 -0.03) (0.384135152623 0.359840535691 -0.03) (0.385222487817 0.360291685946 -0.03) (0.38630982301 0.360742836202 -0.03) (0.387397158204 0.361193986457 -0.03) (0.388484493398 0.361645136713 -0.03) (0.389571828592 0.362096286968 -0.03) (0.390659163786 0.362547437224 -0.03) (0.39174649898 0.362998587479 -0.03) (0.392833834174 0.363449737734 -0.03) (0.393921169368 0.36390088799 -0.03) (0.395008504562 0.364352038245 -0.03) (0.396095839756 0.364803188501 -0.03) (0.39718317495 0.365254338756 -0.03) (0.398270510144 0.365705489011 -0.03) (0.399357845338 0.366156639267 -0.03) (0.400445180532 0.366607789522 -0.03) (0.401532515726 0.367058939778 -0.03) (0.40261985092 0.367510090033 -0.03) (0.403707186114 0.367961240288 -0.03) (0.404794521308 0.368412390544 -0.03) (0.405881856502 0.368863540799 -0.03) (0.406969191696 0.369314691055 -0.03) (0.408056526889 0.36976584131 -0.03) (0.409143862083 0.370216991565 -0.03) (0.410231197277 0.370668141821 -0.03) (0.411318532471 0.371119292076 -0.03) (0.412405867665 0.371570442332 -0.03) (0.413493202859 0.372021592587 -0.03) (0.414580538053 0.372472742843 -0.03) (0.415667873247 0.372923893098 -0.03) (0.416755208441 0.373375043353 -0.03) (0.417842543635 0.373826193609 -0.03) (0.418929878829 0.374277343864 -0.03) (0.420017214023 0.37472849412 -0.03))
    polyLine 30 34 ((0.35042776161 0.345854877773 0) (0.351515096804 0.346306028029 0) (0.352602431998 0.346757178284 0) (0.353689767192 0.34720832854 0) (0.354777102386 0.347659478795 0) (0.35586443758 0.34811062905 0) (0.356951772774 0.348561779306 0) (0.358039107968 0.349012929561 0) (0.359126443162 0.349464079817 0) (0.360213778356 0.349915230072 0) (0.36130111355 0.350366380327 0) (0.362388448744 0.350817530583 0) (0.363475783937 0.351268680838 0) (0.364563119131 0.351719831094 0) (0.365650454325 0.352170981349 0) (0.366737789519 0.352622131604 0) (0.367825124713 0.35307328186 0) (0.368912459907 0.353524432115 0) (0.369999795101 0.353975582371 0) (0.371087130295 0.354426732626 0) (0.372174465489 0.354877882882 0) (0.373261800683 0.355329033137 0) (0.374349135877 0.355780183392 0) (0.375436471071 0.356231333648 0) (0.376523806265 0.356682483903 0) (0.377611141459 0.357133634159 0) (0.378698476653 0.357584784414 0) (0.379785811847 0.358035934669 0) (0.380873147041 0.358487084925 0) (0.381960482235 0.35893823518 0) (0.383047817429 0.359389385436 0) (0.384135152623 0.359840535691 0) (0.385222487817 0.360291685946 0) (0.38630982301 0.360742836202 0) (0.387397158204 0.361193986457 0) (0.388484493398 0.361645136713 0) (0.389571828592 0.362096286968 0) (0.390659163786 0.362547437224 0) (0.39174649898 0.362998587479 0) (0.392833834174 0.363449737734 0) (0.393921169368 0.36390088799 0) (0.395008504562 0.364352038245 0) (0.396095839756 0.364803188501 0) (0.39718317495 0.365254338756 0) (0.398270510144 0.365705489011 0) (0.399357845338 0.366156639267 0) (0.400445180532 0.366607789522 0) (0.401532515726 0.367058939778 0) (0.40261985092 0.367510090033 0) (0.403707186114 0.367961240288 0) (0.404794521308 0.368412390544 0) (0.405881856502 0.368863540799 0) (0.406969191696 0.369314691055 0) (0.408056526889 0.36976584131 0) (0.409143862083 0.370216991565 0) (0.410231197277 0.370668141821 0) (0.411318532471 0.371119292076 0) (0.412405867665 0.371570442332 0) (0.413493202859 0.372021592587 0) (0.414580538053 0.372472742843 0) (0.415667873247 0.372923893098 0) (0.416755208441 0.373375043353 0) (0.417842543635 0.373826193609 0) (0.418929878829 0.374277343864 0) (0.420017214023 0.37472849412 0))
    polyLine 29 33 ((-0.0307515035523 0.558343882909 -0.03) (-0.0284998832858 0.561927113307 -0.03) (-0.0262405601253 0.565504104591 -0.03) (-0.0239736068061 0.569074904151 -0.03) (-0.0216990945909 0.572639559889 -0.03) (-0.0194170932777 0.576198120205 -0.03) (-0.0171276712083 0.579750633987 -0.03) (-0.0148308952773 0.583297150592 -0.03) (-0.01252683094 0.586837719836 -0.03) (-0.0102155422221 0.590372391982 -0.03) (-0.00789709172837 0.593901217727 -0.03) (-0.00557154065192 0.597424248186 -0.03) (-0.00323894878378 0.600941534885 -0.03) (-0.000899374522239 0.604453129749 -0.03) (0.00144712511748 0.607959085086 -0.03) (0.00380049449355 0.611459453582 -0.03) (0.00616067932767 0.614954288284 -0.03) (0.00852762669523 0.618443642595 -0.03) (0.0109012850153 0.621927570262 -0.03) (0.0132816040408 0.625406125363 -0.03) (0.0156685348481 0.628879362303 -0.03) (0.0180620298271 0.632347335798 -0.03) (0.0204620426713 0.635810100873 -0.03))
    polyLine 31 35 ((-0.0307515035523 0.558343882909 0) (-0.0284998832858 0.561927113307 0) (-0.0262405601253 0.565504104591 0) (-0.0239736068061 0.569074904151 0) (-0.0216990945909 0.572639559889 0) (-0.0194170932777 0.576198120205 0) (-0.0171276712083 0.579750633987 0) (-0.0148308952773 0.583297150592 0) (-0.01252683094 0.586837719836 0) (-0.0102155422221 0.590372391982 0) (-0.00789709172837 0.593901217727 0) (-0.00557154065192 0.597424248186 0) (-0.00323894878378 0.600941534885 0) (-0.000899374522239 0.604453129749 0) (0.00144712511748 0.607959085086 0) (0.00380049449355 0.611459453582 0) (0.00616067932767 0.614954288284 0) (0.00852762669523 0.618443642595 0) (0.0109012850153 0.621927570262 0) (0.0132816040408 0.625406125363 0) (0.0156685348481 0.628879362303 0) (0.0180620298271 0.632347335798 0) (0.0204620426713 0.635810100873 0))
    polyLine 32 36 ((0.421104549217 0.375179644375 -0.03) (0.422191884411 0.37563079463 -0.03) (0.423279219605 0.376081944886 -0.03) (0.424366554799 0.376533095141 -0.03) (0.425453889993 0.376984245397 -0.03) (0.426541225187 0.377435395652 -0.03) (0.427628560381 0.377886545907 -0.03) (0.428715895575 0.378337696163 -0.03) (0.429803230769 0.378788846418 -0.03) (0.430890565962 0.379239996674 -0.03) (0.431977901156 0.379691146929 -0.03) (0.43306523635 0.380142297184 -0.03) (0.434152571544 0.38059344744 -0.03) (0.435239906738 0.381044597695 -0.03) (0.436327241932 0.381495747951 -0.03) (0.437414577126 0.381946898206 -0.03) (0.43850191232 0.382398048462 -0.03) (0.439589247514 0.382849198717 -0.03) (0.440676582708 0.383300348972 -0.03) (0.441763917902 0.383751499228 -0.03) (0.442851253096 0.384202649483 -0.03) (0.44393858829 0.384653799739 -0.03) (0.445025923484 0.385104949994 -0.03) (0.446113258678 0.385556100249 -0.03) (0.447200593872 0.386007250505 -0.03) (0.448287929066 0.38645840076 -0.03) (0.44937526426 0.386909551016 -0.03) (0.450462599454 0.387360701271 -0.03) (0.451549934648 0.387811851526 -0.03) (0.452637269842 0.388263001782 -0.03) (0.453724605035 0.388714152037 -0.03) (0.454811940229 0.389165302293 -0.03) (0.455899275423 0.389616452548 -0.03) (0.456986610617 0.390067602804 -0.03) (0.458073945811 0.390518753059 -0.03) (0.459161281005 0.390969903314 -0.03) (0.460248616199 0.39142105357 -0.03) (0.461335951393 0.391872203825 -0.03) (0.462423286587 0.392323354081 -0.03) (0.463510621781 0.392774504336 -0.03) (0.464597956975 0.393225654591 -0.03) (0.465685292169 0.393676804847 -0.03) (0.466772627363 0.394127955102 -0.03) (0.467859962557 0.394579105358 -0.03) (0.468947297751 0.395030255613 -0.03) (0.470034632945 0.395481405868 -0.03) (0.471121968139 0.395932556124 -0.03) (0.472209303333 0.396383706379 -0.03) (0.473296638527 0.396834856635 -0.03) (0.474383973721 0.39728600689 -0.03) (0.475471308914 0.397737157145 -0.03) (0.476558644108 0.398188307401 -0.03) (0.477645979302 0.398639457656 -0.03) (0.478733314496 0.399090607912 -0.03) (0.47982064969 0.399541758167 -0.03) (0.480907984884 0.399992908423 -0.03) (0.481995320078 0.400444058678 -0.03) (0.483082655272 0.400895208933 -0.03) (0.484169990466 0.401346359189 -0.03) (0.48525732566 0.401797509444 -0.03) (0.486344660854 0.4022486597 -0.03) (0.487431996048 0.402699809955 -0.03) (0.488519331242 0.40315096021 -0.03) (0.489606666436 0.403602110466 -0.03) (0.49069400163 0.404053260721 -0.03))
    polyLine 34 38 ((0.421104549217 0.375179644375 0) (0.422191884411 0.37563079463 0) (0.423279219605 0.376081944886 0) (0.424366554799 0.376533095141 0) (0.425453889993 0.376984245397 0) (0.426541225187 0.377435395652 0) (0.427628560381 0.377886545907 0) (0.428715895575 0.378337696163 0) (0.429803230769 0.378788846418 0) (0.430890565962 0.379239996674 0) (0.431977901156 0.379691146929 0) (0.43306523635 0.380142297184 0) (0.434152571544 0.38059344744 0) (0.435239906738 0.381044597695 0) (0.436327241932 0.381495747951 0) (0.437414577126 0.381946898206 0) (0.43850191232 0.382398048462 0) (0.439589247514 0.382849198717 0) (0.440676582708 0.383300348972 0) (0.441763917902 0.383751499228 0) (0.442851253096 0.384202649483 0) (0.44393858829 0.384653799739 0) (0.445025923484 0.385104949994 0) (0.446113258678 0.385556100249 0) (0.447200593872 0.386007250505 0) (0.448287929066 0.38645840076 0) (0.44937526426 0.386909551016 0) (0.450462599454 0.387360701271 0) (0.451549934648 0.387811851526 0) (0.452637269842 0.388263001782 0) (0.453724605035 0.388714152037 0) (0.454811940229 0.389165302293 0) (0.455899275423 0.389616452548 0) (0.456986610617 0.390067602804 0) (0.458073945811 0.390518753059 0) (0.459161281005 0.390969903314 0) (0.460248616199 0.39142105357 0) (0.461335951393 0.391872203825 0) (0.462423286587 0.392323354081 0) (0.463510621781 0.392774504336 0) (0.464597956975 0.393225654591 0) (0.465685292169 0.393676804847 0) (0.466772627363 0.394127955102 0) (0.467859962557 0.394579105358 0) (0.468947297751 0.395030255613 0) (0.470034632945 0.395481405868 0) (0.471121968139 0.395932556124 0) (0.472209303333 0.396383706379 0) (0.473296638527 0.396834856635 0) (0.474383973721 0.39728600689 0) (0.475471308914 0.397737157145 0) (0.476558644108 0.398188307401 0) (0.477645979302 0.398639457656 0) (0.478733314496 0.399090607912 0) (0.47982064969 0.399541758167 0) (0.480907984884 0.399992908423 0) (0.481995320078 0.400444058678 0) (0.483082655272 0.400895208933 0) (0.484169990466 0.401346359189 0) (0.48525732566 0.401797509444 0) (0.486344660854 0.4022486597 0) (0.487431996048 0.402699809955 0) (0.488519331242 0.40315096021 0) (0.489606666436 0.403602110466 0) (0.49069400163 0.404053260721 0))
    polyLine 33 37 ((0.0256018813728 0.643177658355 -0.03) (0.0283434200499 0.647081146092 -0.03) (0.0310930849099 0.650978257724 -0.03) (0.0338508185206 0.654869075347 -0.03) (0.0366165654879 0.658753681473 -0.03) (0.0393902724362 0.662632159017 -0.03) (0.0421718879903 0.666504591283 -0.03) (0.0449613627563 0.67037106195 -0.03) (0.047758649303 0.674231655062 -0.03) (0.0505637021436 0.678086455016 -0.03) (0.0533764777171 0.681935546549 -0.03) (0.0561969343703 0.68577901473 -0.03) (0.0590250323393 0.689616944947 -0.03) (0.0618607337321 0.693449422899 -0.03) (0.0647040025103 0.697276534586 -0.03) (0.0675548044718 0.701098366299 -0.03) (0.0704131072335 0.704915004613 -0.03) (0.0732788802138 0.708726536378 -0.03) (0.0761520946154 0.712533048712 -0.03) (0.0790327234092 0.716334628991 -0.03) (0.0819207413172 0.720131364846 -0.03) (0.0848161247962 0.723923344153 -0.03) (0.0877188520215 0.727710655027 -0.03))
    polyLine 35 39 ((0.0256018813728 0.643177658355 0) (0.0283434200499 0.647081146092 0) (0.0310930849099 0.650978257724 0) (0.0338508185206 0.654869075347 0) (0.0366165654879 0.658753681473 0) (0.0393902724362 0.662632159017 0) (0.0421718879903 0.666504591283 0) (0.0449613627563 0.67037106195 0) (0.047758649303 0.674231655062 0) (0.0505637021436 0.678086455016 0) (0.0533764777171 0.681935546549 0) (0.0561969343703 0.68577901473 0) (0.0590250323393 0.689616944947 0) (0.0618607337321 0.693449422899 0) (0.0647040025103 0.697276534586 0) (0.0675548044718 0.701098366299 0) (0.0704131072335 0.704915004613 0) (0.0732788802138 0.708726536378 0) (0.0761520946154 0.712533048712 0) (0.0790327234092 0.716334628991 0) (0.0819207413172 0.720131364846 0) (0.0848161247962 0.723923344153 0) (0.0877188520215 0.727710655027 0))
    polyLine 36 40 ((0.491781336824 0.404504410977 -0.03) (0.492868672018 0.404955561232 -0.03) (0.493956007212 0.405406711487 -0.03) (0.495043342406 0.405857861743 -0.03) (0.4961306776 0.406309011998 -0.03) (0.497218012794 0.406760162254 -0.03) (0.498305347987 0.407211312509 -0.03) (0.499392683181 0.407662462765 -0.03) (0.500480018375 0.40811361302 -0.03) (0.501567353569 0.408564763275 -0.03) (0.502654688763 0.409015913531 -0.03) (0.503742023957 0.409467063786 -0.03) (0.504829359151 0.409918214042 -0.03) (0.505916694345 0.410369364297 -0.03) (0.507004029539 0.410820514552 -0.03) (0.508091364733 0.411271664808 -0.03) (0.509178699927 0.411722815063 -0.03) (0.510266035121 0.412173965319 -0.03) (0.511353370315 0.412625115574 -0.03) (0.512440705509 0.413076265829 -0.03) (0.513528040703 0.413527416085 -0.03) (0.514615375897 0.41397856634 -0.03) (0.515702711091 0.414429716596 -0.03) (0.516790046285 0.414880866851 -0.03) (0.517877381479 0.415332017106 -0.03) (0.518964716673 0.415783167362 -0.03) (0.520052051866 0.416234317617 -0.03) (0.52113938706 0.416685467873 -0.03) (0.522226722254 0.417136618128 -0.03) (0.523314057448 0.417587768384 -0.03) (0.524401392642 0.418038918639 -0.03) (0.525488727836 0.418490068894 -0.03) (0.52657606303 0.41894121915 -0.03) (0.527663398224 0.419392369405 -0.03) (0.528750733418 0.419843519661 -0.03) (0.529838068612 0.420294669916 -0.03) (0.530925403806 0.420745820171 -0.03) (0.532012739 0.421196970427 -0.03) (0.533100074194 0.421648120682 -0.03) (0.534187409388 0.422099270938 -0.03) (0.535274744582 0.422550421193 -0.03) (0.536362079776 0.423001571448 -0.03) (0.53744941497 0.423452721704 -0.03) (0.538536750164 0.423903871959 -0.03) (0.539624085358 0.424355022215 -0.03) (0.540711420552 0.42480617247 -0.03) (0.541798755746 0.425257322726 -0.03) (0.542886090939 0.425708472981 -0.03) (0.543973426133 0.426159623236 -0.03) (0.545060761327 0.426610773492 -0.03) (0.546148096521 0.427061923747 -0.03) (0.547235431715 0.427513074003 -0.03) (0.548322766909 0.427964224258 -0.03) (0.549410102103 0.428415374513 -0.03) (0.550497437297 0.428866524769 -0.03) (0.551584772491 0.429317675024 -0.03) (0.552672107685 0.42976882528 -0.03) (0.553759442879 0.430219975535 -0.03) (0.554846778073 0.43067112579 -0.03) (0.555934113267 0.431122276046 -0.03) (0.557021448461 0.431573426301 -0.03) (0.558108783655 0.432024576557 -0.03) (0.559196118849 0.432475726812 -0.03) (0.560283454043 0.432926877067 -0.03))
    polyLine 38 42 ((0.491781336824 0.404504410977 0) (0.492868672018 0.404955561232 0) (0.493956007212 0.405406711487 0) (0.495043342406 0.405857861743 0) (0.4961306776 0.406309011998 0) (0.497218012794 0.406760162254 0) (0.498305347987 0.407211312509 0) (0.499392683181 0.407662462765 0) (0.500480018375 0.40811361302 0) (0.501567353569 0.408564763275 0) (0.502654688763 0.409015913531 0) (0.503742023957 0.409467063786 0) (0.504829359151 0.409918214042 0) (0.505916694345 0.410369364297 0) (0.507004029539 0.410820514552 0) (0.508091364733 0.411271664808 0) (0.509178699927 0.411722815063 0) (0.510266035121 0.412173965319 0) (0.511353370315 0.412625115574 0) (0.512440705509 0.413076265829 0) (0.513528040703 0.413527416085 0) (0.514615375897 0.41397856634 0) (0.515702711091 0.414429716596 0) (0.516790046285 0.414880866851 0) (0.517877381479 0.415332017106 0) (0.518964716673 0.415783167362 0) (0.520052051866 0.416234317617 0) (0.52113938706 0.416685467873 0) (0.522226722254 0.417136618128 0) (0.523314057448 0.417587768384 0) (0.524401392642 0.418038918639 0) (0.525488727836 0.418490068894 0) (0.52657606303 0.41894121915 0) (0.527663398224 0.419392369405 0) (0.528750733418 0.419843519661 0) (0.529838068612 0.420294669916 0) (0.530925403806 0.420745820171 0) (0.532012739 0.421196970427 0) (0.533100074194 0.421648120682 0) (0.534187409388 0.422099270938 0) (0.535274744582 0.422550421193 0) (0.536362079776 0.423001571448 0) (0.53744941497 0.423452721704 0) (0.538536750164 0.423903871959 0) (0.539624085358 0.424355022215 0) (0.540711420552 0.42480617247 0) (0.541798755746 0.425257322726 0) (0.542886090939 0.425708472981 0) (0.543973426133 0.426159623236 0) (0.545060761327 0.426610773492 0) (0.546148096521 0.427061923747 0) (0.547235431715 0.427513074003 0) (0.548322766909 0.427964224258 0) (0.549410102103 0.428415374513 0) (0.550497437297 0.428866524769 0) (0.551584772491 0.429317675024 0) (0.552672107685 0.42976882528 0) (0.553759442879 0.430219975535 0) (0.554846778073 0.43067112579 0) (0.555934113267 0.431122276046 0) (0.557021448461 0.431573426301 0) (0.558108783655 0.432024576557 0) (0.559196118849 0.432475726812 0) (0.560283454043 0.432926877067 0))
    polyLine 37 41 ((0.0938918985461 0.735718341788 -0.03) (0.0971640069808 0.739937804811 -0.03) (0.100445207457 0.744151899443 -0.03) (0.103735481817 0.748360750575 -0.03) (0.107034814442 0.752564483422 -0.03) (0.110343192224 0.756763223518 -0.03) (0.113660604543 0.760957096712 -0.03) (0.116987043242 0.765146229162 -0.03) (0.120322502605 0.769330747327 -0.03) (0.123666979333 0.773510777967 -0.03) (0.127020472523 0.777686448139 -0.03) (0.130382983646 0.781857885192 -0.03) (0.133754516525 0.786025216765 -0.03) (0.137135077316 0.790188570787 -0.03) (0.140524674486 0.794348075473 -0.03) (0.143923318797 0.798503859326 -0.03) (0.147331023284 0.802656051133 -0.03) (0.150747803238 0.80680477997 -0.03) (0.154173676189 0.810950175198 -0.03) (0.157608661887 0.815092366465 -0.03) (0.16105278229 0.81923148371 -0.03) (0.164506061542 0.823367657164 -0.03) (0.167968525964 0.827501017351 -0.03))
    polyLine 39 43 ((0.0938918985461 0.735718341788 0) (0.0971640069808 0.739937804811 0) (0.100445207457 0.744151899443 0) (0.103735481817 0.748360750575 0) (0.107034814442 0.752564483422 0) (0.110343192224 0.756763223518 0) (0.113660604543 0.760957096712 0) (0.116987043242 0.765146229162 0) (0.120322502605 0.769330747327 0) (0.123666979333 0.773510777967 0) (0.127020472523 0.777686448139 0) (0.130382983646 0.781857885192 0) (0.133754516525 0.786025216765 0) (0.137135077316 0.790188570787 0) (0.140524674486 0.794348075473 0) (0.143923318797 0.798503859326 0) (0.147331023284 0.802656051133 0) (0.150747803238 0.80680477997 0) (0.154173676189 0.810950175198 0) (0.157608661887 0.815092366465 0) (0.16105278229 0.81923148371 0) (0.164506061542 0.823367657164 0) (0.167968525964 0.827501017351 0))
    polyLine 40 44 ((0.561370789237 0.433378027323 -0.03) (0.562458124431 0.433829177578 -0.03) (0.563545459625 0.434280327834 -0.03) (0.564632794819 0.434731478089 -0.03) (0.565720130012 0.435182628345 -0.03) (0.566807465206 0.4356337786 -0.03) (0.5678948004 0.436084928855 -0.03) (0.568982135594 0.436536079111 -0.03) (0.570069470788 0.436987229366 -0.03) (0.571156805982 0.437438379622 -0.03) (0.572244141176 0.437889529877 -0.03) (0.57333147637 0.438340680132 -0.03) (0.574418811564 0.438791830388 -0.03) (0.575506146758 0.439242980643 -0.03) (0.576593481952 0.439694130899 -0.03) (0.577680817146 0.440145281154 -0.03) (0.57876815234 0.440596431409 -0.03) (0.579855487534 0.441047581665 -0.03) (0.580942822728 0.44149873192 -0.03) (0.582030157922 0.441949882176 -0.03) (0.583117493116 0.442401032431 -0.03) (0.58420482831 0.442852182686 -0.03) (0.585292163504 0.443303332942 -0.03) (0.586379498698 0.443754483197 -0.03) (0.587466833891 0.444205633453 -0.03) (0.588554169085 0.444656783708 -0.03) (0.589641504279 0.445107933964 -0.03) (0.590728839473 0.445559084219 -0.03) (0.591816174667 0.446010234474 -0.03) (0.592903509861 0.44646138473 -0.03) (0.593990845055 0.446912534985 -0.03) (0.595078180249 0.447363685241 -0.03) (0.596165515443 0.447814835496 -0.03) (0.597252850637 0.448265985751 -0.03) (0.598340185831 0.448717136007 -0.03) (0.599427521025 0.449168286262 -0.03) (0.600514856219 0.449619436518 -0.03) (0.601602191413 0.450070586773 -0.03) (0.602689526607 0.450521737028 -0.03) (0.603776861801 0.450972887284 -0.03) (0.604864196995 0.451424037539 -0.03) (0.605951532189 0.451875187795 -0.03) (0.607038867383 0.45232633805 -0.03) (0.608126202577 0.452777488306 -0.03) (0.609213537771 0.453228638561 -0.03) (0.610300872964 0.453679788816 -0.03) (0.611388208158 0.454130939072 -0.03) (0.612475543352 0.454582089327 -0.03) (0.613562878546 0.455033239583 -0.03) (0.61465021374 0.455484389838 -0.03) (0.615737548934 0.455935540093 -0.03) (0.616824884128 0.456386690349 -0.03) (0.617912219322 0.456837840604 -0.03) (0.618999554516 0.45728899086 -0.03) (0.62008688971 0.457740141115 -0.03) (0.621174224904 0.45819129137 -0.03) (0.622261560098 0.458642441626 -0.03) (0.623348895292 0.459093591881 -0.03) (0.624436230486 0.459544742137 -0.03) (0.62552356568 0.459995892392 -0.03) (0.626610900874 0.460447042647 -0.03) (0.627698236068 0.460898192903 -0.03) (0.628785571262 0.461349343158 -0.03) (0.629872906456 0.461800493414 -0.03) (0.63096024165 0.462251643669 -0.03))
    polyLine 42 46 ((0.561370789237 0.433378027323 0) (0.562458124431 0.433829177578 0) (0.563545459625 0.434280327834 0) (0.564632794819 0.434731478089 0) (0.565720130012 0.435182628345 0) (0.566807465206 0.4356337786 0) (0.5678948004 0.436084928855 0) (0.568982135594 0.436536079111 0) (0.570069470788 0.436987229366 0) (0.571156805982 0.437438379622 0) (0.572244141176 0.437889529877 0) (0.57333147637 0.438340680132 0) (0.574418811564 0.438791830388 0) (0.575506146758 0.439242980643 0) (0.576593481952 0.439694130899 0) (0.577680817146 0.440145281154 0) (0.57876815234 0.440596431409 0) (0.579855487534 0.441047581665 0) (0.580942822728 0.44149873192 0) (0.582030157922 0.441949882176 0) (0.583117493116 0.442401032431 0) (0.58420482831 0.442852182686 0) (0.585292163504 0.443303332942 0) (0.586379498698 0.443754483197 0) (0.587466833891 0.444205633453 0) (0.588554169085 0.444656783708 0) (0.589641504279 0.445107933964 0) (0.590728839473 0.445559084219 0) (0.591816174667 0.446010234474 0) (0.592903509861 0.44646138473 0) (0.593990845055 0.446912534985 0) (0.595078180249 0.447363685241 0) (0.596165515443 0.447814835496 0) (0.597252850637 0.448265985751 0) (0.598340185831 0.448717136007 0) (0.599427521025 0.449168286262 0) (0.600514856219 0.449619436518 0) (0.601602191413 0.450070586773 0) (0.602689526607 0.450521737028 0) (0.603776861801 0.450972887284 0) (0.604864196995 0.451424037539 0) (0.605951532189 0.451875187795 0) (0.607038867383 0.45232633805 0) (0.608126202577 0.452777488306 0) (0.609213537771 0.453228638561 0) (0.610300872964 0.453679788816 0) (0.611388208158 0.454130939072 0) (0.612475543352 0.454582089327 0) (0.613562878546 0.455033239583 0) (0.61465021374 0.455484389838 0) (0.615737548934 0.455935540093 0) (0.616824884128 0.456386690349 0) (0.617912219322 0.456837840604 0) (0.618999554516 0.45728899086 0) (0.62008688971 0.457740141115 0) (0.621174224904 0.45819129137 0) (0.622261560098 0.458642441626 0) (0.623348895292 0.459093591881 0) (0.624436230486 0.459544742137 0) (0.62552356568 0.459995892392 0) (0.626610900874 0.460447042647 0) (0.627698236068 0.460898192903 0) (0.628785571262 0.461349343158 0) (0.629872906456 0.461800493414 0) (0.63096024165 0.462251643669 0))
    polyLine 41 45 ((0.175259061877 0.836159873895 -0.03) (0.179089086572 0.840685156239 -0.03) (0.182930324559 0.845207716064 -0.03) (0.186782825323 0.84972772776 -0.03) (0.19064664138 0.854245366181 -0.03) (0.194521828256 0.858760806654 -0.03) (0.198408444475 0.863274224983 -0.03) (0.20230655154 0.867785797465 -0.03) (0.206216213922 0.872295700898 -0.03) (0.210137499046 0.876804112591 -0.03) (0.214070477277 0.88131121038 -0.03) (0.218015221912 0.885817172638 -0.03) (0.221971809171 0.89032217829 -0.03) (0.225940318183 0.894826406823 -0.03) (0.229920830983 0.899330038308 -0.03) (0.233913432505 0.903833253407 -0.03) (0.237918210574 0.908336233394 -0.03) (0.241935255903 0.912839160171 -0.03) (0.24596466209 0.917342216282 -0.03) (0.250006525613 0.921845584934 -0.03) (0.254060945832 0.926349450014 -0.03) (0.258128024986 0.930853996106 -0.03) (0.262207868195 0.935359408514 -0.03))
    polyLine 43 47 ((0.175259061877 0.836159873895 0) (0.179089086572 0.840685156239 0) (0.182930324559 0.845207716064 0) (0.186782825323 0.84972772776 0) (0.19064664138 0.854245366181 0) (0.194521828256 0.858760806654 0) (0.198408444475 0.863274224983 0) (0.20230655154 0.867785797465 0) (0.206216213922 0.872295700898 0) (0.210137499046 0.876804112591 0) (0.214070477277 0.88131121038 0) (0.218015221912 0.885817172638 0) (0.221971809171 0.89032217829 0) (0.225940318183 0.894826406823 0) (0.229920830983 0.899330038308 0) (0.233913432505 0.903833253407 0) (0.237918210574 0.908336233394 0) (0.241935255903 0.912839160171 0) (0.24596466209 0.917342216282 0) (0.250006525613 0.921845584934 0) (0.254060945832 0.926349450014 0) (0.258128024986 0.930853996106 0) (0.262207868195 0.935359408514 0))
    polyLine 44 48 ((0.632047576843 0.462702793925 -0.03) (0.633134912037 0.46315394418 -0.03) (0.634222247231 0.463605094435 -0.03) (0.635309582425 0.464056244691 -0.03) (0.636396917619 0.464507394946 -0.03) (0.637484252813 0.464958545202 -0.03) (0.638571588007 0.465409695457 -0.03) (0.639658923201 0.465860845712 -0.03) (0.640746258395 0.466311995968 -0.03) (0.641833593589 0.466763146223 -0.03) (0.642920928783 0.467214296479 -0.03) (0.644008263977 0.467665446734 -0.03) (0.645095599171 0.468116596989 -0.03) (0.646182934365 0.468567747245 -0.03) (0.647270269559 0.4690188975 -0.03) (0.648357604753 0.469470047756 -0.03) (0.649444939947 0.469921198011 -0.03) (0.650532275141 0.470372348267 -0.03) (0.651619610335 0.470823498522 -0.03) (0.652706945529 0.471274648777 -0.03) (0.653794280723 0.471725799033 -0.03) (0.654881615916 0.472176949288 -0.03) (0.65596895111 0.472628099544 -0.03) (0.657056286304 0.473079249799 -0.03) (0.658143621498 0.473530400054 -0.03) (0.659230956692 0.47398155031 -0.03) (0.660318291886 0.474432700565 -0.03) (0.66140562708 0.474883850821 -0.03) (0.662492962274 0.475335001076 -0.03) (0.663580297468 0.475786151331 -0.03) (0.664667632662 0.476237301587 -0.03) (0.665754967856 0.476688451842 -0.03) (0.66684230305 0.477139602098 -0.03) (0.667929638244 0.477590752353 -0.03) (0.669016973438 0.478041902608 -0.03) (0.670104308632 0.478493052864 -0.03) (0.671191643826 0.478944203119 -0.03) (0.67227897902 0.479395353375 -0.03) (0.673366314214 0.47984650363 -0.03) (0.674453649408 0.480297653886 -0.03) (0.675540984602 0.480748804141 -0.03) (0.676628319796 0.481199954396 -0.03) (0.677715654989 0.481651104652 -0.03) (0.678802990183 0.482102254907 -0.03) (0.679890325377 0.482553405163 -0.03) (0.680977660571 0.483004555418 -0.03) (0.682064995765 0.483455705673 -0.03) (0.683152330959 0.483906855929 -0.03) (0.684239666153 0.484358006184 -0.03) (0.685327001347 0.48480915644 -0.03) (0.686414336541 0.485260306695 -0.03) (0.687501671735 0.48571145695 -0.03) (0.688589006929 0.486162607206 -0.03) (0.689676342123 0.486613757461 -0.03) (0.690763677317 0.487064907717 -0.03) (0.691851012511 0.487516057972 -0.03) (0.692938347705 0.487967208227 -0.03) (0.694025682899 0.488418358483 -0.03) (0.695113018093 0.488869508738 -0.03) (0.696200353287 0.489320658994 -0.03) (0.697287688481 0.489771809249 -0.03) (0.698375023675 0.490222959505 -0.03) (0.699462358868 0.49067410976 -0.03) (0.700549694062 0.491125260015 -0.03))
    polyLine 46 50 ((0.632047576843 0.462702793925 0) (0.633134912037 0.46315394418 0) (0.634222247231 0.463605094435 0) (0.635309582425 0.464056244691 0) (0.636396917619 0.464507394946 0) (0.637484252813 0.464958545202 0) (0.638571588007 0.465409695457 0) (0.639658923201 0.465860845712 0) (0.640746258395 0.466311995968 0) (0.641833593589 0.466763146223 0) (0.642920928783 0.467214296479 0) (0.644008263977 0.467665446734 0) (0.645095599171 0.468116596989 0) (0.646182934365 0.468567747245 0) (0.647270269559 0.4690188975 0) (0.648357604753 0.469470047756 0) (0.649444939947 0.469921198011 0) (0.650532275141 0.470372348267 0) (0.651619610335 0.470823498522 0) (0.652706945529 0.471274648777 0) (0.653794280723 0.471725799033 0) (0.654881615916 0.472176949288 0) (0.65596895111 0.472628099544 0) (0.657056286304 0.473079249799 0) (0.658143621498 0.473530400054 0) (0.659230956692 0.47398155031 0) (0.660318291886 0.474432700565 0) (0.66140562708 0.474883850821 0) (0.662492962274 0.475335001076 0) (0.663580297468 0.475786151331 0) (0.664667632662 0.476237301587 0) (0.665754967856 0.476688451842 0) (0.66684230305 0.477139602098 0) (0.667929638244 0.477590752353 0) (0.669016973438 0.478041902608 0) (0.670104308632 0.478493052864 0) (0.671191643826 0.478944203119 0) (0.67227897902 0.479395353375 0) (0.673366314214 0.47984650363 0) (0.674453649408 0.480297653886 0) (0.675540984602 0.480748804141 0) (0.676628319796 0.481199954396 0) (0.677715654989 0.481651104652 0) (0.678802990183 0.482102254907 0) (0.679890325377 0.482553405163 0) (0.680977660571 0.483004555418 0) (0.682064995765 0.483455705673 0) (0.683152330959 0.483906855929 0) (0.684239666153 0.484358006184 0) (0.685327001347 0.48480915644 0) (0.686414336541 0.485260306695 0) (0.687501671735 0.48571145695 0) (0.688589006929 0.486162607206 0) (0.689676342123 0.486613757461 0) (0.690763677317 0.487064907717 0) (0.691851012511 0.487516057972 0) (0.692938347705 0.487967208227 0) (0.694025682899 0.488418358483 0) (0.695113018093 0.488869508738 0) (0.696200353287 0.489320658994 0) (0.697287688481 0.489771809249 0) (0.698375023675 0.490222959505 0) (0.699462358868 0.49067410976 0) (0.700549694062 0.491125260015 0))
    polyLine 45 49 ((0.270688234707 0.944682662286 -0.03) (0.275090849042 0.949501095086 -0.03) (0.27950856918 0.954321401623 -0.03) (0.283941541614 0.959143812919 -0.03) (0.288389916634 0.963968561104 -0.03) (0.292853848331 0.968795879451 -0.03) (0.297333494615 0.97362600241 -0.03) (0.301829017228 0.978459165641 -0.03) (0.306340581763 0.983295606051 -0.03) (0.310868357678 0.988135561828 -0.03) (0.315412518323 0.992979272481 -0.03) (0.319973240953 0.997826978878 -0.03) (0.324550706758 1.00267892328 -0.03) (0.329145100887 1.00753534939 -0.03) (0.333756612471 1.01239650239 -0.03) (0.338385434655 1.01726262898 -0.03) (0.343031764628 1.02213397741 -0.03) (0.347695803654 1.02701079756 -0.03) (0.352377757106 1.03189334095 -0.03) (0.357077834501 1.03678186078 -0.03) (0.361796249538 1.04167661204 -0.03) (0.366533220138 1.04657785145 -0.03) (0.371288968483 1.05148583763 -0.03))
    polyLine 47 51 ((0.270688234707 0.944682662286 0) (0.275090849042 0.949501095086 0) (0.27950856918 0.954321401623 0) (0.283941541614 0.959143812919 0) (0.288389916634 0.963968561104 0) (0.292853848331 0.968795879451 0) (0.297333494615 0.97362600241 0) (0.301829017228 0.978459165641 0) (0.306340581763 0.983295606051 0) (0.310868357678 0.988135561828 0) (0.315412518323 0.992979272481 0) (0.319973240953 0.997826978878 0) (0.324550706758 1.00267892328 0) (0.329145100887 1.00753534939 0) (0.333756612471 1.01239650239 0) (0.338385434655 1.01726262898 0) (0.343031764628 1.02213397741 0) (0.347695803654 1.02701079756 0) (0.352377757106 1.03189334095 0) (0.357077834501 1.03678186078 0) (0.361796249538 1.04167661204 0) (0.366533220138 1.04657785145 0) (0.371288968483 1.05148583763 0))
    polyLine 48 52 ((0.701637029256 0.491576410271 -0.03) (0.70272436445 0.492027560526 -0.03) (0.703811699644 0.492478710782 -0.03) (0.704899034838 0.492929861037 -0.03) (0.705986370032 0.493381011292 -0.03) (0.707073705226 0.493832161548 -0.03) (0.70816104042 0.494283311803 -0.03) (0.709248375614 0.494734462059 -0.03) (0.710335710808 0.495185612314 -0.03) (0.711423046002 0.495636762569 -0.03) (0.712510381196 0.496087912825 -0.03) (0.71359771639 0.49653906308 -0.03) (0.714685051584 0.496990213336 -0.03) (0.715772386778 0.497441363591 -0.03) (0.716859721972 0.497892513847 -0.03) (0.717947057166 0.498343664102 -0.03) (0.71903439236 0.498794814357 -0.03) (0.720121727554 0.499245964613 -0.03) (0.721209062748 0.499697114868 -0.03) (0.722296397941 0.500148265124 -0.03) (0.723383733135 0.500599415379 -0.03) (0.724471068329 0.501050565634 -0.03) (0.725558403523 0.50150171589 -0.03) (0.726645738717 0.501952866145 -0.03) (0.727733073911 0.502404016401 -0.03) (0.728820409105 0.502855166656 -0.03) (0.729907744299 0.503306316911 -0.03) (0.730995079493 0.503757467167 -0.03) (0.732082414687 0.504208617422 -0.03) (0.733169749881 0.504659767678 -0.03) (0.734257085075 0.505110917933 -0.03) (0.735344420269 0.505562068188 -0.03) (0.736431755463 0.506013218444 -0.03) (0.737519090657 0.506464368699 -0.03) (0.738606425851 0.506915518955 -0.03) (0.739693761045 0.50736666921 -0.03) (0.740781096239 0.507817819466 -0.03) (0.741868431433 0.508268969721 -0.03) (0.742955766627 0.508720119976 -0.03) (0.74404310182 0.509171270232 -0.03) (0.745130437014 0.509622420487 -0.03) (0.746217772208 0.510073570743 -0.03) (0.747305107402 0.510524720998 -0.03) (0.748392442596 0.510975871253 -0.03) (0.74947977779 0.511427021509 -0.03) (0.750567112984 0.511878171764 -0.03) (0.751654448178 0.51232932202 -0.03) (0.752741783372 0.512780472275 -0.03) (0.753829118566 0.51323162253 -0.03) (0.75491645376 0.513682772786 -0.03) (0.756003788954 0.514133923041 -0.03) (0.757091124148 0.514585073297 -0.03) (0.758178459342 0.515036223552 -0.03) (0.759265794536 0.515487373808 -0.03) (0.76035312973 0.515938524063 -0.03) (0.761440464924 0.516389674318 -0.03) (0.762527800118 0.516840824574 -0.03) (0.763615135312 0.517291974829 -0.03) (0.764702470506 0.517743125085 -0.03) (0.7657898057 0.51819427534 -0.03) (0.766877140893 0.518645425595 -0.03) (0.767964476087 0.519096575851 -0.03) (0.769051811281 0.519547726106 -0.03) (0.770139146475 0.519998876362 -0.03) (0.771226481669 0.520450026617 -0.03))
    polyLine 50 54 ((0.701637029256 0.491576410271 0) (0.70272436445 0.492027560526 0) (0.703811699644 0.492478710782 0) (0.704899034838 0.492929861037 0) (0.705986370032 0.493381011292 0) (0.707073705226 0.493832161548 0) (0.70816104042 0.494283311803 0) (0.709248375614 0.494734462059 0) (0.710335710808 0.495185612314 0) (0.711423046002 0.495636762569 0) (0.712510381196 0.496087912825 0) (0.71359771639 0.49653906308 0) (0.714685051584 0.496990213336 0) (0.715772386778 0.497441363591 0) (0.716859721972 0.497892513847 0) (0.717947057166 0.498343664102 0) (0.71903439236 0.498794814357 0) (0.720121727554 0.499245964613 0) (0.721209062748 0.499697114868 0) (0.722296397941 0.500148265124 0) (0.723383733135 0.500599415379 0) (0.724471068329 0.501050565634 0) (0.725558403523 0.50150171589 0) (0.726645738717 0.501952866145 0) (0.727733073911 0.502404016401 0) (0.728820409105 0.502855166656 0) (0.729907744299 0.503306316911 0) (0.730995079493 0.503757467167 0) (0.732082414687 0.504208617422 0) (0.733169749881 0.504659767678 0) (0.734257085075 0.505110917933 0) (0.735344420269 0.505562068188 0) (0.736431755463 0.506013218444 0) (0.737519090657 0.506464368699 0) (0.738606425851 0.506915518955 0) (0.739693761045 0.50736666921 0) (0.740781096239 0.507817819466 0) (0.741868431433 0.508268969721 0) (0.742955766627 0.508720119976 0) (0.74404310182 0.509171270232 0) (0.745130437014 0.509622420487 0) (0.746217772208 0.510073570743 0) (0.747305107402 0.510524720998 0) (0.748392442596 0.510975871253 0) (0.74947977779 0.511427021509 0) (0.750567112984 0.511878171764 0) (0.751654448178 0.51232932202 0) (0.752741783372 0.512780472275 0) (0.753829118566 0.51323162253 0) (0.75491645376 0.513682772786 0) (0.756003788954 0.514133923041 0) (0.757091124148 0.514585073297 0) (0.758178459342 0.515036223552 0) (0.759265794536 0.515487373808 0) (0.76035312973 0.515938524063 0) (0.761440464924 0.516389674318 0) (0.762527800118 0.516840824574 0) (0.763615135312 0.517291974829 0) (0.764702470506 0.517743125085 0) (0.7657898057 0.51819427534 0) (0.766877140893 0.518645425595 0) (0.767964476087 0.519096575851 0) (0.769051811281 0.519547726106 0) (0.770139146475 0.519998876362 0) (0.771226481669 0.520450026617 0))
    polyLine 49 53 ((0.381024679372 1.06149430838 -0.03) (0.386006493811 1.06659586252 -0.03) (0.391009430188 1.07170578879 -0.03) (0.396033759468 1.07682438496 -0.03) (0.401079757842 1.08195195127 -0.03) (0.406147706783 1.08708879051 -0.03) (0.411237893122 1.09223520807 -0.03) (0.416350609113 1.09739151205 -0.03) (0.421486152508 1.10255801329 -0.03) (0.426644826634 1.10773502546 -0.03) (0.43182694047 1.11292286517 -0.03) (0.437032808728 1.11812185196 -0.03) (0.442262751938 1.12333230849 -0.03) (0.447517096534 1.12855456052 -0.03) (0.452796174947 1.13378893705 -0.03) (0.458100325694 1.13903577041 -0.03) (0.463429893477 1.1442953963 -0.03) (0.468785229281 1.14956815391 -0.03) (0.474166690476 1.15485438601 -0.03) (0.479574640925 1.16015443904 -0.03) (0.485009451091 1.16546866319 -0.03) (0.490471498151 1.1707974125 -0.03) (0.495961166111 1.176141045 -0.03))
    polyLine 51 55 ((0.381024679372 1.06149430838 0) (0.386006493811 1.06659586252 0) (0.391009430188 1.07170578879 0) (0.396033759468 1.07682438496 0) (0.401079757842 1.08195195127 0) (0.406147706783 1.08708879051 0) (0.411237893122 1.09223520807 0) (0.416350609113 1.09739151205 0) (0.421486152508 1.10255801329 0) (0.426644826634 1.10773502546 0) (0.43182694047 1.11292286517 0) (0.437032808728 1.11812185196 0) (0.442262751938 1.12333230849 0) (0.447517096534 1.12855456052 0) (0.452796174947 1.13378893705 0) (0.458100325694 1.13903577041 0) (0.463429893477 1.1442953963 0) (0.468785229281 1.14956815391 0) (0.474166690476 1.15485438601 0) (0.479574640925 1.16015443904 0) (0.485009451091 1.16546866319 0) (0.490471498151 1.1707974125 0) (0.495961166111 1.176141045 0))
    polyLine 52 56 ((0.772313816863 0.520901176872 -0.03) (0.773401152057 0.521352327128 -0.03) (0.774488487251 0.521803477383 -0.03) (0.775575822445 0.522254627639 -0.03) (0.776663157639 0.522705777894 -0.03) (0.777750492833 0.523156928149 -0.03) (0.778837828027 0.523608078405 -0.03) (0.779925163221 0.52405922866 -0.03) (0.781012498415 0.524510378916 -0.03) (0.782099833609 0.524961529171 -0.03) (0.783187168803 0.525412679427 -0.03) (0.784274503997 0.525863829682 -0.03) (0.785361839191 0.526314979937 -0.03) (0.786449174385 0.526766130193 -0.03) (0.787536509579 0.527217280448 -0.03) (0.788623844773 0.527668430704 -0.03) (0.789711179966 0.528119580959 -0.03) (0.79079851516 0.528570731214 -0.03) (0.791885850354 0.52902188147 -0.03) (0.792973185548 0.529473031725 -0.03) (0.794060520742 0.529924181981 -0.03) (0.795147855936 0.530375332236 -0.03) (0.79623519113 0.530826482491 -0.03) (0.797322526324 0.531277632747 -0.03) (0.798409861518 0.531728783002 -0.03) (0.799497196712 0.532179933258 -0.03) (0.800584531906 0.532631083513 -0.03) (0.8016718671 0.533082233769 -0.03) (0.802759202294 0.533533384024 -0.03) (0.803846537488 0.533984534279 -0.03) (0.804933872682 0.534435684535 -0.03) (0.806021207876 0.53488683479 -0.03) (0.80710854307 0.535337985046 -0.03) (0.808195878264 0.535789135301 -0.03) (0.809283213458 0.536240285556 -0.03) (0.810370548652 0.536691435812 -0.03) (0.811457883845 0.537142586067 -0.03) (0.812545219039 0.537593736323 -0.03) (0.813632554233 0.538044886578 -0.03) (0.814719889427 0.538496036833 -0.03) (0.815807224621 0.538947187089 -0.03) (0.816894559815 0.539398337344 -0.03) (0.817981895009 0.5398494876 -0.03) (0.819069230203 0.540300637855 -0.03) (0.820156565397 0.54075178811 -0.03) (0.821243900591 0.541202938366 -0.03) (0.822331235785 0.541654088621 -0.03) (0.823418570979 0.542105238877 -0.03) (0.824505906173 0.542556389132 -0.03) (0.825593241367 0.543007539388 -0.03) (0.826680576561 0.543458689643 -0.03) (0.827767911755 0.543909839898 -0.03) (0.828855246949 0.544360990154 -0.03) (0.829942582143 0.544812140409 -0.03) (0.831029917337 0.545263290665 -0.03) (0.832117252531 0.54571444092 -0.03) (0.833204587725 0.546165591175 -0.03) (0.834291922918 0.546616741431 -0.03) (0.835379258112 0.547067891686 -0.03) (0.836466593306 0.547519041942 -0.03) (0.8375539285 0.547970192197 -0.03) (0.838641263694 0.548421342452 -0.03) (0.839728598888 0.548872492708 -0.03) (0.840815934082 0.549323642963 -0.03))
    polyLine 54 58 ((0.772313816863 0.520901176872 0) (0.773401152057 0.521352327128 0) (0.774488487251 0.521803477383 0) (0.775575822445 0.522254627639 0) (0.776663157639 0.522705777894 0) (0.777750492833 0.523156928149 0) (0.778837828027 0.523608078405 0) (0.779925163221 0.52405922866 0) (0.781012498415 0.524510378916 0) (0.782099833609 0.524961529171 0) (0.783187168803 0.525412679427 0) (0.784274503997 0.525863829682 0) (0.785361839191 0.526314979937 0) (0.786449174385 0.526766130193 0) (0.787536509579 0.527217280448 0) (0.788623844773 0.527668430704 0) (0.789711179966 0.528119580959 0) (0.79079851516 0.528570731214 0) (0.791885850354 0.52902188147 0) (0.792973185548 0.529473031725 0) (0.794060520742 0.529924181981 0) (0.795147855936 0.530375332236 0) (0.79623519113 0.530826482491 0) (0.797322526324 0.531277632747 0) (0.798409861518 0.531728783002 0) (0.799497196712 0.532179933258 0) (0.800584531906 0.532631083513 0) (0.8016718671 0.533082233769 0) (0.802759202294 0.533533384024 0) (0.803846537488 0.533984534279 0) (0.804933872682 0.534435684535 0) (0.806021207876 0.53488683479 0) (0.80710854307 0.535337985046 0) (0.808195878264 0.535789135301 0) (0.809283213458 0.536240285556 0) (0.810370548652 0.536691435812 0) (0.811457883845 0.537142586067 0) (0.812545219039 0.537593736323 0) (0.813632554233 0.538044886578 0) (0.814719889427 0.538496036833 0) (0.815807224621 0.538947187089 0) (0.816894559815 0.539398337344 0) (0.817981895009 0.5398494876 0) (0.819069230203 0.540300637855 0) (0.820156565397 0.54075178811 0) (0.821243900591 0.541202938366 0) (0.822331235785 0.541654088621 0) (0.823418570979 0.542105238877 0) (0.824505906173 0.542556389132 0) (0.825593241367 0.543007539388 0) (0.826680576561 0.543458689643 0) (0.827767911755 0.543909839898 0) (0.828855246949 0.544360990154 0) (0.829942582143 0.544812140409 0) (0.831029917337 0.545263290665 0) (0.832117252531 0.54571444092 0) (0.833204587725 0.546165591175 0) (0.834291922918 0.546616741431 0) (0.835379258112 0.547067891686 0) (0.836466593306 0.547519041942 0) (0.8375539285 0.547970192197 0) (0.838641263694 0.548421342452 0) (0.839728598888 0.548872492708 0) (0.840815934082 0.549323642963 0))
    polyLine 53 57 ((0.507017232901 1.18686695581 -0.03) (0.512584354643 1.19224992607 -0.03) (0.518180621984 1.19764920682 -0.03) (0.523806453179 1.20306517582 -0.03) (0.529462274049 1.2084982154 -0.03) (0.535148518118 1.21394871258 -0.03) (0.540865626762 1.21941705918 -0.03) (0.54661404936 1.22490365195 -0.03) (0.552394243449 1.23040889269 -0.03) (0.558206674885 1.23593318838 -0.03) (0.564051818005 1.24147695131 -0.03) (0.569930155802 1.2470405992 -0.03) (0.575842180094 1.25262455536 -0.03) (0.581788391707 1.2582292488 -0.03) (0.587769300659 1.26385511442 -0.03) (0.593785426352 1.2695025931 -0.03) (0.599837297767 1.27517213189 -0.03) (0.605925453663 1.28086418416 -0.03) (0.612050442792 1.28657920974 -0.03) (0.618212824106 1.29231767511 -0.03) (0.62441316698 1.29808005355 -0.03) (0.630652051439 1.3038668253 -0.03) (0.636930068391 1.30967847776 -0.03))
    polyLine 55 59 ((0.507017232901 1.18686695581 0) (0.512584354643 1.19224992607 0) (0.518180621984 1.19764920682 0) (0.523806453179 1.20306517582 0) (0.529462274049 1.2084982154 0) (0.535148518118 1.21394871258 0) (0.540865626762 1.21941705918 0) (0.54661404936 1.22490365195 0) (0.552394243449 1.23040889269 0) (0.558206674885 1.23593318838 0) (0.564051818005 1.24147695131 0) (0.569930155802 1.2470405992 0) (0.575842180094 1.25262455536 0) (0.581788391707 1.2582292488 0) (0.587769300659 1.26385511442 0) (0.593785426352 1.2695025931 0) (0.599837297767 1.27517213189 0) (0.605925453663 1.28086418416 0) (0.612050442792 1.28657920974 0) (0.618212824106 1.29231767511 0) (0.62441316698 1.29808005355 0) (0.630652051439 1.3038668253 0) (0.636930068391 1.30967847776 0))
    polyLine 56 60 ((0.841903269276 0.549774793219 -0.03) (0.84299060447 0.550225943474 -0.03) (0.844077939664 0.550677093729 -0.03) (0.845165274858 0.551128243985 -0.03) (0.846252610052 0.55157939424 -0.03) (0.847339945246 0.552030544496 -0.03) (0.84842728044 0.552481694751 -0.03) (0.849514615634 0.552932845007 -0.03) (0.850601950828 0.553383995262 -0.03) (0.851689286022 0.553835145517 -0.03) (0.852776621216 0.554286295773 -0.03) (0.85386395641 0.554737446028 -0.03) (0.854951291604 0.555188596284 -0.03) (0.856038626797 0.555639746539 -0.03) (0.857125961991 0.556090896794 -0.03) (0.858213297185 0.55654204705 -0.03) (0.859300632379 0.556993197305 -0.03) (0.860387967573 0.557444347561 -0.03) (0.861475302767 0.557895497816 -0.03) (0.862562637961 0.558346648071 -0.03) (0.863649973155 0.558797798327 -0.03) (0.864737308349 0.559248948582 -0.03) (0.865824643543 0.559700098838 -0.03) (0.866911978737 0.560151249093 -0.03) (0.867999313931 0.560602399349 -0.03) (0.869086649125 0.561053549604 -0.03) (0.870173984319 0.561504699859 -0.03) (0.871261319513 0.561955850115 -0.03) (0.872348654707 0.56240700037 -0.03) (0.873435989901 0.562858150626 -0.03) (0.874523325095 0.563309300881 -0.03) (0.875610660289 0.563760451136 -0.03) (0.876697995483 0.564211601392 -0.03) (0.877785330677 0.564662751647 -0.03) (0.87887266587 0.565113901903 -0.03) (0.879960001064 0.565565052158 -0.03) (0.881047336258 0.566016202413 -0.03) (0.882134671452 0.566467352669 -0.03) (0.883222006646 0.566918502924 -0.03) (0.88430934184 0.56736965318 -0.03) (0.885396677034 0.567820803435 -0.03) (0.886484012228 0.56827195369 -0.03) (0.887571347422 0.568723103946 -0.03) (0.888658682616 0.569174254201 -0.03) (0.88974601781 0.569625404457 -0.03) (0.890833353004 0.570076554712 -0.03) (0.891920688198 0.570527704968 -0.03) (0.893008023392 0.570978855223 -0.03) (0.894095358586 0.571430005478 -0.03) (0.89518269378 0.571881155734 -0.03) (0.896270028974 0.572332305989 -0.03) (0.897357364168 0.572783456245 -0.03) (0.898444699362 0.5732346065 -0.03) (0.899532034556 0.573685756755 -0.03) (0.90061936975 0.574136907011 -0.03) (0.901706704943 0.574588057266 -0.03) (0.902794040137 0.575039207522 -0.03) (0.903881375331 0.575490357777 -0.03) (0.904968710525 0.575941508032 -0.03) (0.906056045719 0.576392658288 -0.03) (0.907143380913 0.576843808543 -0.03) (0.908230716107 0.577294958799 -0.03) (0.909318051301 0.577746109054 -0.03) (0.910405386495 0.57819725931 -0.03) (0.911492721689 0.578648409565 -0.03))
    polyLine 58 62 ((0.841903269276 0.549774793219 0) (0.84299060447 0.550225943474 0) (0.844077939664 0.550677093729 0) (0.845165274858 0.551128243985 0) (0.846252610052 0.55157939424 0) (0.847339945246 0.552030544496 0) (0.84842728044 0.552481694751 0) (0.849514615634 0.552932845007 0) (0.850601950828 0.553383995262 0) (0.851689286022 0.553835145517 0) (0.852776621216 0.554286295773 0) (0.85386395641 0.554737446028 0) (0.854951291604 0.555188596284 0) (0.856038626797 0.555639746539 0) (0.857125961991 0.556090896794 0) (0.858213297185 0.55654204705 0) (0.859300632379 0.556993197305 0) (0.860387967573 0.557444347561 0) (0.861475302767 0.557895497816 0) (0.862562637961 0.558346648071 0) (0.863649973155 0.558797798327 0) (0.864737308349 0.559248948582 0) (0.865824643543 0.559700098838 0) (0.866911978737 0.560151249093 0) (0.867999313931 0.560602399349 0) (0.869086649125 0.561053549604 0) (0.870173984319 0.561504699859 0) (0.871261319513 0.561955850115 0) (0.872348654707 0.56240700037 0) (0.873435989901 0.562858150626 0) (0.874523325095 0.563309300881 0) (0.875610660289 0.563760451136 0) (0.876697995483 0.564211601392 0) (0.877785330677 0.564662751647 0) (0.87887266587 0.565113901903 0) (0.879960001064 0.565565052158 0) (0.881047336258 0.566016202413 0) (0.882134671452 0.566467352669 0) (0.883222006646 0.566918502924 0) (0.88430934184 0.56736965318 0) (0.885396677034 0.567820803435 0) (0.886484012228 0.56827195369 0) (0.887571347422 0.568723103946 0) (0.888658682616 0.569174254201 0) (0.88974601781 0.569625404457 0) (0.890833353004 0.570076554712 0) (0.891920688198 0.570527704968 0) (0.893008023392 0.570978855223 0) (0.894095358586 0.571430005478 0) (0.89518269378 0.571881155734 0) (0.896270028974 0.572332305989 0) (0.897357364168 0.572783456245 0) (0.898444699362 0.5732346065 0) (0.899532034556 0.573685756755 0) (0.90061936975 0.574136907011 0) (0.901706704943 0.574588057266 0) (0.902794040137 0.575039207522 0) (0.903881375331 0.575490357777 0) (0.904968710525 0.575941508032 0) (0.906056045719 0.576392658288 0) (0.907143380913 0.576843808543 0) (0.908230716107 0.577294958799 0) (0.909318051301 0.577746109054 0) (0.910405386495 0.57819725931 0) (0.911492721689 0.578648409565 0))
    polyLine 57 61 ((0.649375513686 1.32116614856 -0.03) (0.655541252276 1.32684128966 -0.03) (0.6617456054 1.33254139233 -0.03) (0.667989153298 1.33826692688 -0.03) (0.674272486914 1.3440183708 -0.03) (0.680596208139 1.3497962089 -0.03) (0.68696093005 1.3556009335 -0.03) (0.693367277162 1.3614330446 -0.03) (0.69981588569 1.36729305011 -0.03) (0.706307403808 1.37318146601 -0.03) (0.712842491931 1.37909881654 -0.03) (0.719421822988 1.38504563447 -0.03) (0.726046082718 1.39102246122 -0.03) (0.732715969964 1.39702984715 -0.03) (0.739432196983 1.40306835178 -0.03) (0.746195489761 1.40913854396 -0.03) (0.753006588336 1.41524100217 -0.03) (0.759866247136 1.42137631473 -0.03) (0.766775235325 1.42754508007 -0.03) (0.773734337152 1.43374790696 -0.03) (0.780744352325 1.43998541481 -0.03) (0.787806096381 1.4462582339 -0.03) (0.794920401081 1.4525670057 -0.03))
    polyLine 59 63 ((0.649375513686 1.32116614856 0) (0.655541252276 1.32684128966 0) (0.6617456054 1.33254139233 0) (0.667989153298 1.33826692688 0) (0.674272486914 1.3440183708 0) (0.680596208139 1.3497962089 0) (0.68696093005 1.3556009335 0) (0.693367277162 1.3614330446 0) (0.69981588569 1.36729305011 0) (0.706307403808 1.37318146601 0) (0.712842491931 1.37909881654 0) (0.719421822988 1.38504563447 0) (0.726046082718 1.39102246122 0) (0.732715969964 1.39702984715 0) (0.739432196983 1.40306835178 0) (0.746195489761 1.40913854396 0) (0.753006588336 1.41524100217 0) (0.759866247136 1.42137631473 0) (0.766775235325 1.42754508007 0) (0.773734337152 1.43374790696 0) (0.780744352325 1.43998541481 0) (0.787806096381 1.4462582339 0) (0.794920401081 1.4525670057 0))
    polyLine 60 64 ((0.912580056883 0.57909955982 -0.03) (0.913667392077 0.579550710076 -0.03) (0.914754727271 0.580001860331 -0.03) (0.915842062465 0.580453010587 -0.03) (0.916929397659 0.580904160842 -0.03) (0.918016732853 0.581355311097 -0.03) (0.919104068047 0.581806461353 -0.03) (0.920191403241 0.582257611608 -0.03) (0.921278738435 0.582708761864 -0.03) (0.922366073629 0.583159912119 -0.03) (0.923453408822 0.583611062374 -0.03) (0.924540744016 0.58406221263 -0.03) (0.92562807921 0.584513362885 -0.03) (0.926715414404 0.584964513141 -0.03) (0.927802749598 0.585415663396 -0.03) (0.928890084792 0.585866813651 -0.03) (0.929977419986 0.586317963907 -0.03) (0.93106475518 0.586769114162 -0.03) (0.932152090374 0.587220264418 -0.03) (0.933239425568 0.587671414673 -0.03) (0.934326760762 0.588122564929 -0.03) (0.935414095956 0.588573715184 -0.03) (0.93650143115 0.589024865439 -0.03) (0.937588766344 0.589476015695 -0.03) (0.938676101538 0.58992716595 -0.03) (0.939763436732 0.590378316206 -0.03) (0.940850771926 0.590829466461 -0.03) (0.94193810712 0.591280616716 -0.03) (0.943025442314 0.591731766972 -0.03) (0.94409101356 0.592167263335 -0.03) (0.945161153689 0.592591408675 -0.03) (0.946235741787 0.593004155067 -0.03) (0.947314656438 0.593405455877 -0.03) (0.948397775739 0.593795265761 -0.03) (0.949484977308 0.594173540677 -0.03) (0.950576138306 0.594540237883 -0.03) (0.951671135445 0.594895315947 -0.03) (0.952769845002 0.595238734749 -0.03) (0.953872142836 0.595570455488 -0.03) (0.954977904402 0.595890440682 -0.03) (0.956087004761 0.596198654178 -0.03) (0.957199318597 0.596495061151 -0.03) (0.958314720234 0.59677962811 -0.03) (0.959433083643 0.597052322902 -0.03) (0.960554282462 0.597313114717 -0.03) (0.961678190011 0.597561974088 -0.03) (0.962804679301 0.597798872897 -0.03) (0.963933623051 0.598023784377 -0.03) (0.965064893704 0.598236683116 -0.03) (0.966198363441 0.598437545058 -0.03) (0.967333904193 0.59862634751 -0.03) (0.968471387657 0.598803069137 -0.03) (0.969610685311 0.598967689974 -0.03) (0.970751668428 0.599120191419 -0.03) (0.971894208091 0.599260556243 -0.03) (0.973038175206 0.599388768584 -0.03) (0.974183440518 0.599504813957 -0.03) (0.975329874627 0.599608679251 -0.03) (0.976477347998 0.599700352729 -0.03) (0.977625730982 0.599779824033 -0.03) (0.978774893823 0.599847084185 -0.03) (0.979924706681 0.599902125584 -0.03) (0.981075039641 0.599944942012 -0.03) (0.982225762728 0.599975528631 -0.03) (0.983376745925 0.599993881985 -0.03))
    polyLine 62 66 ((0.912580056883 0.57909955982 0) (0.913667392077 0.579550710076 0) (0.914754727271 0.580001860331 0) (0.915842062465 0.580453010587 0) (0.916929397659 0.580904160842 0) (0.918016732853 0.581355311097 0) (0.919104068047 0.581806461353 0) (0.920191403241 0.582257611608 0) (0.921278738435 0.582708761864 0) (0.922366073629 0.583159912119 0) (0.923453408822 0.583611062374 0) (0.924540744016 0.58406221263 0) (0.92562807921 0.584513362885 0) (0.926715414404 0.584964513141 0) (0.927802749598 0.585415663396 0) (0.928890084792 0.585866813651 0) (0.929977419986 0.586317963907 0) (0.93106475518 0.586769114162 0) (0.932152090374 0.587220264418 0) (0.933239425568 0.587671414673 0) (0.934326760762 0.588122564929 0) (0.935414095956 0.588573715184 0) (0.93650143115 0.589024865439 0) (0.937588766344 0.589476015695 0) (0.938676101538 0.58992716595 0) (0.939763436732 0.590378316206 0) (0.940850771926 0.590829466461 0) (0.94193810712 0.591280616716 0) (0.943025442314 0.591731766972 0) (0.94409101356 0.592167263335 0) (0.945161153689 0.592591408675 0) (0.946235741787 0.593004155067 0) (0.947314656438 0.593405455877 0) (0.948397775739 0.593795265761 0) (0.949484977308 0.594173540677 0) (0.950576138306 0.594540237883 0) (0.951671135445 0.594895315947 0) (0.952769845002 0.595238734749 0) (0.953872142836 0.595570455488 0) (0.954977904402 0.595890440682 0) (0.956087004761 0.596198654178 0) (0.957199318597 0.596495061151 0) (0.958314720234 0.59677962811 0) (0.959433083643 0.597052322902 0) (0.960554282462 0.597313114717 0) (0.961678190011 0.597561974088 0) (0.962804679301 0.597798872897 0) (0.963933623051 0.598023784377 0) (0.965064893704 0.598236683116 0) (0.966198363441 0.598437545058 0) (0.967333904193 0.59862634751 0) (0.968471387657 0.598803069137 0) (0.969610685311 0.598967689974 0) (0.970751668428 0.599120191419 0) (0.971894208091 0.599260556243 0) (0.973038175206 0.599388768584 0) (0.974183440518 0.599504813957 0) (0.975329874627 0.599608679251 0) (0.976477347998 0.599700352729 0) (0.977625730982 0.599779824033 0) (0.978774893823 0.599847084185 0) (0.979924706681 0.599902125584 0) (0.981075039641 0.599944942012 0) (0.982225762728 0.599975528631 0) (0.983376745925 0.599993881985 0))
    polyLine 61 65 ((0.809029020054 1.46504681606 -0.03) (0.816020855635 1.47121628549 -0.03) (0.823064420592 1.47742140279 -0.03) (0.830160529604 1.48366279015 -0.03) (0.837310013363 1.48994108084 -0.03) (0.844513718965 1.49625691953 -0.03) (0.851772510317 1.50261096252 -0.03) (0.859087268552 1.50900387809 -0.03) (0.866458892457 1.51543634679 -0.03) (0.873888298916 1.52190906174 -0.03) (0.881376423362 1.52842272896 -0.03) (0.888924220253 1.53497806773 -0.03) (0.896532663549 1.54157581089 -0.03) (0.904202747216 1.54821670523 -0.03) (0.911935485737 1.55490151185 -0.03) (0.919731914642 1.56163100651 -0.03) (0.927593091058 1.56840598007 -0.03) (0.935520094272 1.57522723882 -0.03) (0.943514026313 1.58209560497 -0.03) (0.951576012551 1.58901191701 -0.03) (0.95970720232 1.59597703019 -0.03) (0.967908769558 1.60299181695 -0.03) (0.976181913464 1.61005716739 -0.03))
    polyLine 63 67 ((0.809029020054 1.46504681606 0) (0.816020855635 1.47121628549 0) (0.823064420592 1.47742140279 0) (0.830160529604 1.48366279015 0) (0.837310013363 1.48994108084 0) (0.844513718965 1.49625691953 0) (0.851772510317 1.50261096252 0) (0.859087268552 1.50900387809 0) (0.866458892457 1.51543634679 0) (0.873888298916 1.52190906174 0) (0.881376423362 1.52842272896 0) (0.888924220253 1.53497806773 0) (0.896532663549 1.54157581089 0) (0.904202747216 1.54821670523 0) (0.911935485737 1.55490151185 0) (0.919731914642 1.56163100651 0) (0.927593091058 1.56840598007 0) (0.935520094272 1.57522723882 0) (0.943514026313 1.58209560497 0) (0.951576012551 1.58901191701 0) (0.95970720232 1.59597703019 0) (0.967908769558 1.60299181695 0) (0.976181913464 1.61005716739 0))
);

boundary
(
    body_fore
    {
        type wall;
        faces
        (
            (0 2 6 4)
            (4 6 10 8)
            (8 10 14 12)
            (12 14 18 16)
            (16 18 22 20)
            (20 22 26 24)
            (24 26 30 28)
            (28 30 34 32)
            (32 34 38 36)
            (36 38 42 40)
            (40 42 46 44)
            (44 46 50 48)
            (48 50 54 52)
            (52 54 58 56)
            (56 58 62 60)
            (60 62 66 64)
        );
    }
    freestream
    {
        type patch;
        faces
        (
            (1 5 7 3)
            (5 9 11 7)
            (9 13 15 11)
            (13 17 19 15)
            (17 21 23 19)
            (21 25 27 23)
            (25 29 31 27)
            (29 33 35 31)
            (33 37 39 35)
            (37 41 43 39)
            (41 45 47 43)
            (45 49 51 47)
            (49 53 55 51)
            (53 57 59 55)
            (57 61 63 59)
            (61 65 67 63)
        );
    }
    outlet
    {
        type patch;
        faces
        (
            (64 66 67 65)
        );
    }
    axis
    {
        type patch;
        faces
        (
            (0 1 3 2)
        );
    }
    front
    {
        type patch;
        faces
        (
            (2 6 7 3)
            (6 10 11 7)
            (10 14 15 11)
            (14 18 19 15)
            (18 22 23 19)
            (22 26 27 23)
            (26 30 31 27)
            (30 34 35 31)
            (34 38 39 35)
            (38 42 43 39)
            (42 46 47 43)
            (46 50 51 47)
            (50 54 55 51)
            (54 58 59 55)
            (58 62 63 59)
            (62 66 67 63)
        );
    }
    back
    {
        type patch;
        faces
        (
            (0 1 5 4)
            (4 5 9 8)
            (8 9 13 12)
            (12 13 17 16)
            (16 17 21 20)
            (20 21 25 24)
            (24 25 29 28)
            (28 29 33 32)
            (32 33 37 36)
            (36 37 41 40)
            (40 41 45 44)
            (44 45 49 48)
            (48 49 53 52)
            (52 53 57 56)
            (56 57 61 60)
            (60 61 65 64)
        );
    }
);
