FoamFile
{
    version     2.0;
    format      ascii;
    class       dictionary;
    object      blockMeshDict;
}
// Generated by aether.cfd - do not edit by hand. Regenerate from the run config.

scale 1;

vertices
(
    (0 0 -0.03)
    (-0.174264276162 9.14123676366e-17 -0.03)
    (0 0 0)
    (-0.174264276162 9.14123676366e-17 0)
    (0.00315320638635 0.0551086965442 -0.03)
    (-0.170585905036 0.0719350237345 -0.03)
    (0.00315320638635 0.0551086965442 0)
    (-0.170585905036 0.0719350237345 0)
    (0.0125716088669 0.10949807503 -0.03)
    (-0.159750732297 0.14321657424 -0.03)
    (0.0125716088669 0.10949807503 0)
    (-0.159750732297 0.14321657424 0)
    (0.0281322721801 0.162458213144 -0.03)
    (-0.142291248461 0.213348946937 -0.03)
    (0.0281322721801 0.162458213144 0)
    (-0.142291248461 0.213348946937 0)
    (0.0496320886949 0.21329784393 -0.03)
    (-0.118908286889 0.282094764816 -0.03)
    (0.0496320886949 0.21329784393 0)
    (-0.118908286889 0.282094764816 0)
    (0.0767904294974 0.261353378605 -0.03)
    (-0.0902890569159 0.34950074535 -0.03)
    (0.0767904294974 0.261353378605 0)
    (-0.0902890569159 0.34950074535 0)
    (0.109252807329 0.305997568097 -0.03)
    (-0.0569672307449 0.415871321086 -0.03)
    (0.109252807329 0.305997568097 0)
    (-0.0569672307449 0.415871321086 0)
    (0.146595503563 0.346647690261 -0.03)
    (-0.0192398606236 0.481725940064 -0.03)
    (0.146595503563 0.346647690261 0)
    (-0.0192398606236 0.481725940064 0)
    (0.188331098837 0.382773155903 -0.03)
    (0.0228756632137 0.547767326787 -0.03)
    (0.188331098837 0.382773155903 0)
    (0.0228756632137 0.547767326787 0)
    (0.23391483513 0.413902434331 -0.03)
    (0.069671038546 0.614875071907 -0.03)
    (0.23391483513 0.413902434331 0)
    (0.069671038546 0.614875071907 0)
    (0.281982996037 0.441095464462 -0.03)
    (0.121952810934 0.684343884684 -0.03)
    (0.281982996037 0.441095464462 0)
    (0.121952810934 0.684343884684 0)
    (0.330170738193 0.468080122492 -0.03)
    (0.180636917405 0.757306420143 -0.03)
    (0.330170738193 0.468080122492 0)
    (0.180636917405 0.757306420143 0)
    (0.378358480349 0.495064780523 -0.03)
    (0.24577870118 0.833713926335 -0.03)
    (0.378358480349 0.495064780523 0)
    (0.24577870118 0.833713926335 0)
    (0.426546222506 0.522049438553 -0.03)
    (0.317350681724 0.913494903617 -0.03)
    (0.426546222506 0.522049438553 0)
    (0.317350681724 0.913494903617 0)
    (0.474733964662 0.549034096583 -0.03)
    (0.395300109283 0.996609238196 -0.03)
    (0.474733964662 0.549034096583 0)
    (0.395300109283 0.996609238196 0)
    (0.522921706818 0.576018754614 -0.03)
    (0.479567849764 1.08305009902 -0.03)
    (0.522921706818 0.576018754614 0)
    (0.479567849764 1.08305009902 0)
    (0.572174351696 0.6 -0.03)
    (0.572174351696 1.1748661499 -0.03)
    (0.572174351696 0.6 0)
    (0.572174351696 1.1748661499 0)
);

blocks
(
    hex (0 4 5 1 2 6 7 3) (4 48 1) simpleGrading (1 4 1)
    hex (4 8 9 5 6 10 11 7) (4 48 1) simpleGrading (1 4 1)
    hex (8 12 13 9 10 14 15 11) (4 48 1) simpleGrading (1 4 1)
    hex (12 16 17 13 14 18 19 15) (4 48 1) simpleGrading (1 4 1)
    hex (16 20 21 17 18 22 23 19) (4 48 1) simpleGrading (1 4 1)
    hex (20 24 25 21 22 26 27 23) (4 48 1) simpleGrading (1 4 1)
    hex (24 28 29 25 26 30 31 27) (4 48 1) simpleGrading (1 4 1)
    hex (28 32 33 29 30 34 35 31) (4 48 1) simpleGrading (1 4 1)
    hex (32 36 37 33 34 38 39 35) (4 48 1) simpleGrading (1 4 1)
    hex (36 40 41 37 38 42 43 39) (4 48 1) simpleGrading (1 4 1)
    hex (40 44 45 41 42 46 47 43) (4 48 1) simpleGrading (1 4 1)
    hex (44 48 49 45 46 50 51 47) (4 48 1) simpleGrading (1 4 1)
    hex (48 52 53 49 50 54 55 51) (4 48 1) simpleGrading (1 4 1)
    hex (52 56 57 53 54 58 59 55) (4 48 1) simpleGrading (1 4 1)
    hex (56 60 61 57 58 62 63 59) (4 48 1) simpleGrading (1 4 1)
    hex (60 64 65 61 62 66 67 63) (4 48 1) simpleGrading (1 4 1)
);

edges
(
    polyLine 0 4 ((9.70532534914e-07 0.000968412731932 -0.03) (3.88212624043e-06 0.00193682157324 -0.03) (8.73476941915e-06 0.00290522263331 -0.03) (1.55284425755e-05 0.00387361202158 -0.03) (2.42631184157e-05 0.00484198584751 -0.03) (3.4938761848e-05 0.00581034022063 -0.03) (4.75553299826e-05 0.00677867125055 -0.03) (6.21127721323e-05 0.00774697504698 -0.03) (7.86110298119e-05 0.00871524771973 -0.03) (9.70500367395e-05 0.00968348537874 -0.03) (0.000117429718836 0.0106516841341 -0.03) (0.000139749994225 0.011619840096 -0.03) (0.000164010773234 0.0125879493749 -0.03) (0.000190211958395 0.0135560080814 -0.03) (0.000218353444445 0.0145240123263 -0.03) (0.000248435118324 0.0154919582205 -0.03) (0.000280456859178 0.0164598418754 -0.03) (0.000314418538358 0.0174276594024 -0.03) (0.000350320019424 0.0183954069134 -0.03) (0.000388161158139 0.0193630805203 -0.03) (0.000427941802476 0.0203306763355 -0.03) (0.000469661792615 0.0212981904717 -0.03) (0.000513320960946 0.0222656190419 -0.03) (0.000558919132065 0.0232329581593 -0.03) (0.000606456122782 0.0242002039377 -0.03) (0.000655931742115 0.0251673524911 -0.03) (0.000707345791294 0.026134399934 -0.03) (0.000760698063762 0.0271013423813 -0.03) (0.000815988345176 0.0280681759482 -0.03) (0.000873216413404 0.0290348967504 -0.03) (0.000932382038532 0.0300015009042 -0.03) (0.00099348498286 0.0309679845262 -0.03) (0.0010565250009 0.0319343437334 -0.03) (0.0011215018394 0.0329005746436 -0.03) (0.00118841523731 0.0338666733748 -0.03) (0.00125726492579 0.0348326360458 -0.03) (0.00132805062825 0.0357984587757 -0.03) (0.0014007720603 0.0367641376843 -0.03) (0.00147542892978 0.0377296688921 -0.03) (0.00155202093675 0.0386950485199 -0.03) (0.00163054777351 0.0396602726893 -0.03) (0.00171100912457 0.0406253375225 -0.03) (0.00179340466667 0.0415902391423 -0.03) (0.00187773406879 0.0425549736722 -0.03) (0.00196399699214 0.0435195372364 -0.03) (0.00205219309015 0.0444839259597 -0.03) (0.00214232200848 0.0454481359676 -0.03) (0.00223438338505 0.0464121633865 -0.03) (0.00232837684999 0.0473760043432 -0.03) (0.00242430202569 0.0483396549655 -0.03) (0.00252215852676 0.049303111382 -0.03) (0.00262194596005 0.050266369722 -0.03) (0.00272366392469 0.0512294261154 -0.03) (0.00282731201199 0.0521922766933 -0.03) (0.00293288980557 0.0531549175873 -0.03) (0.00304039688125 0.05411734493 -0.03) (0.00314983280713 0.0550795548548 -0.03))
    polyLine 2 6 ((9.70532534914e-07 0.000968412731932 0) (3.88212624043e-06 0.00193682157324 0) (8.73476941915e-06 0.00290522263331 0) (1.55284425755e-05 0.00387361202158 0) (2.42631184157e-05 0.00484198584751 0) (3.4938761848e-05 0.00581034022063 0) (4.75553299826e-05 0.00677867125055 0) (6.21127721323e-05 0.00774697504698 0) (7.86110298119e-05 0.00871524771973 0) (9.70500367395e-05 0.00968348537874 0) (0.000117429718836 0.0106516841341 0) (0.000139749994225 0.011619840096 0) (0.000164010773234 0.0125879493749 0) (0.000190211958395 0.0135560080814 0) (0.000218353444445 0.0145240123263 0) (0.000248435118324 0.0154919582205 0) (0.000280456859178 0.0164598418754 0) (0.000314418538358 0.0174276594024 0) (0.000350320019424 0.0183954069134 0) (0.000388161158139 0.0193630805203 0) (0.000427941802476 0.0203306763355 0) (0.000469661792615 0.0212981904717 0) (0.000513320960946 0.0222656190419 0) (0.000558919132065 0.0232329581593 0) (0.000606456122782 0.0242002039377 0) (0.000655931742115 0.0251673524911 0) (0.000707345791294 0.026134399934 0) (0.000760698063762 0.0271013423813 0) (0.000815988345176 0.0280681759482 0) (0.000873216413404 0.0290348967504 0) (0.000932382038532 0.0300015009042 0) (0.00099348498286 0.0309679845262 0) (0.0010565250009 0.0319343437334 0) (0.0011215018394 0.0329005746436 0) (0.00118841523731 0.0338666733748 0) (0.00125726492579 0.0348326360458 0) (0.00132805062825 0.0357984587757 0) (0.0014007720603 0.0367641376843 0) (0.00147542892978 0.0377296688921 0) (0.00155202093675 0.0386950485199 0) (0.00163054777351 0.0396602726893 0) (0.00171100912457 0.0406253375225 0) (0.00179340466667 0.0415902391423 0) (0.00187773406879 0.0425549736722 0) (0.00196399699214 0.0435195372364 0) (0.00205219309015 0.0444839259597 0) (0.00214232200848 0.0454481359676 0) (0.00223438338505 0.0464121633865 0) (0.00232837684999 0.0473760043432 0) (0.00242430202569 0.0483396549655 0) (0.00252215852676 0.049303111382 0) (0.00262194596005 0.050266369722 0) (0.00272366392469 0.0512294261154 0) (0.00282731201199 0.0521922766933 0) (0.00293288980557 0.0531549175873 0) (0.00304039688125 0.05411734493 0) (0.00314983280713 0.0550795548548 0))
    polyLine 1 5 ((-0.174257856794 0.00300276164137 -0.03) (-0.174238599396 0.00600546553158 -0.03) (-0.174206506078 0.00900805394361 -0.03) (-0.174161580353 0.0120104691988 -0.03) (-0.174103827143 0.0150126536908 -0.03) (-0.174033252763 0.0180145499098 -0.03) (-0.173949864929 0.0210161004664 -0.03) (-0.173853672747 0.0240172481156 -0.03) (-0.173744686705 0.0270179357801 -0.03) (-0.173622918674 0.0300181065746 -0.03) (-0.173488381893 0.0330177038287 -0.03) (-0.173341090965 0.0360166711105 -0.03) (-0.173181061845 0.0390149522494 -0.03) (-0.173008311835 0.0420124913593 -0.03) (-0.172822859564 0.045009232861 -0.03) (-0.172624724988 0.0480051215047 -0.03) (-0.172413929366 0.051000102392 -0.03) (-0.172190495256 0.053994120998 -0.03) (-0.171954446495 0.0569871231927 -0.03) (-0.171705808189 0.059979055262 -0.03) (-0.171444606692 0.0629698639291 -0.03) (-0.171170869595 0.0659594963749 -0.03) (-0.170884625706 0.0689479002579 -0.03))
    polyLine 3 7 ((-0.174257856794 0.00300276164137 0) (-0.174238599396 0.00600546553158 0) (-0.174206506078 0.00900805394361 0) (-0.174161580353 0.0120104691988 0) (-0.174103827143 0.0150126536908 0) (-0.174033252763 0.0180145499098 0) (-0.173949864929 0.0210161004664 0) (-0.173853672747 0.0240172481156 0) (-0.173744686705 0.0270179357801 0) (-0.173622918674 0.0300181065746 0) (-0.173488381893 0.0330177038287 0) (-0.173341090965 0.0360166711105 0) (-0.173181061845 0.0390149522494 0) (-0.173008311835 0.0420124913593 0) (-0.172822859564 0.045009232861 0) (-0.172624724988 0.0480051215047 0) (-0.172413929366 0.051000102392 0) (-0.172190495256 0.053994120998 0) (-0.171954446495 0.0569871231927 0) (-0.171705808189 0.059979055262 0) (-0.171444606692 0.0629698639291 0) (-0.171170869595 0.0659594963749 0) (-0.170884625706 0.0689479002579 0))
    polyLine 4 8 ((0.00326119714354 0.0560415434961 -0.03) (0.00337448944307 0.0570033069889 -0.03) (0.00348970925057 0.0579648414694 -0.03) (0.00360685610314 0.0589261430747 -0.03) (0.00372592953014 0.0598872079426 -0.03) (0.00384692905319 0.060848032212 -0.03) (0.00396985418617 0.0618086120228 -0.03) (0.00409470443522 0.0627689435159 -0.03) (0.00422147929876 0.0637290228331 -0.03) (0.00435017826746 0.0646888461172 -0.03) (0.00448080082428 0.0656484095122 -0.03) (0.00461334644442 0.0666077091629 -0.03) (0.0047478145954 0.0675667412154 -0.03) (0.00488420473697 0.0685255018167 -0.03) (0.00502251632119 0.0694839871149 -0.03) (0.00516274879239 0.0704421932594 -0.03) (0.00530490158717 0.0714001164005 -0.03) (0.00544897413444 0.0723577526897 -0.03) (0.00559496585538 0.0733150982797 -0.03) (0.00574287616347 0.0742721493244 -0.03) (0.00589270446447 0.0752289019787 -0.03) (0.00604445015644 0.0761853523989 -0.03) (0.00619811262974 0.0771414967424 -0.03) (0.00635369126702 0.0780973311678 -0.03) (0.00651118544325 0.0790528518352 -0.03) (0.00667059452569 0.0800080549056 -0.03) (0.00683191787391 0.0809629365415 -0.03) (0.00699515483979 0.0819174929067 -0.03) (0.00716030476751 0.0828717201662 -0.03) (0.00732736699359 0.0838256144863 -0.03) (0.00749634084685 0.0847791720347 -0.03) (0.00766722564842 0.0857323889806 -0.03) (0.00784002071179 0.0866852614943 -0.03) (0.00801472534273 0.0876377857476 -0.03) (0.00819133883936 0.0885899579139 -0.03) (0.00836986049215 0.0895417741675 -0.03) (0.00855028958386 0.0904932306848 -0.03) (0.00873262538963 0.091444323643 -0.03) (0.00891686717691 0.0923950492213 -0.03) (0.00910301420551 0.0933454035999 -0.03) (0.00929106572758 0.0942953829609 -0.03) (0.00948102098761 0.0952449834877 -0.03) (0.00967287922246 0.0961942013653 -0.03) (0.00986663966133 0.09714303278 -0.03) (0.0100623015258 0.09809147392 -0.03) (0.0102598640297 0.099039520975 -0.03) (0.0104593263795 0.099987170136 -0.03) (0.0106606877737 0.100934417596 -0.03) (0.0108639474033 0.101881259549 -0.03) (0.0110691044519 0.102827692191 -0.03) (0.0112761580951 0.103773711721 -0.03) (0.011485107501 0.104719314337 -0.03) (0.0116959518304 0.10566449624 -0.03) (0.011908690236 0.106609253633 -0.03) (0.0121233218632 0.107553582721 -0.03) (0.0123398458496 0.108497479709 -0.03) (0.0125582613255 0.109440940806 -0.03))
    polyLine 6 10 ((0.00326119714354 0.0560415434961 0) (0.00337448944307 0.0570033069889 0) (0.00348970925057 0.0579648414694 0) (0.00360685610314 0.0589261430747 0) (0.00372592953014 0.0598872079426 0) (0.00384692905319 0.060848032212 0) (0.00396985418617 0.0618086120228 0) (0.00409470443522 0.0627689435159 0) (0.00422147929876 0.0637290228331 0) (0.00435017826746 0.0646888461172 0) (0.00448080082428 0.0656484095122 0) (0.00461334644442 0.0666077091629 0) (0.0047478145954 0.0675667412154 0) (0.00488420473697 0.0685255018167 0) (0.00502251632119 0.0694839871149 0) (0.00516274879239 0.0704421932594 0) (0.00530490158717 0.0714001164005 0) (0.00544897413444 0.0723577526897 0) (0.00559496585538 0.0733150982797 0) (0.00574287616347 0.0742721493244 0) (0.00589270446447 0.0752289019787 0) (0.00604445015644 0.0761853523989 0) (0.00619811262974 0.0771414967424 0) (0.00635369126702 0.0780973311678 0) (0.00651118544325 0.0790528518352 0) (0.00667059452569 0.0800080549056 0) (0.00683191787391 0.0809629365415 0) (0.00699515483979 0.0819174929067 0) (0.00716030476751 0.0828717201662 0) (0.00732736699359 0.0838256144863 0) (0.00749634084685 0.0847791720347 0) (0.00766722564842 0.0857323889806 0) (0.00784002071179 0.0866852614943 0) (0.00801472534273 0.0876377857476 0) (0.00819133883936 0.0885899579139 0) (0.00836986049215 0.0895417741675 0) (0.00855028958386 0.0904932306848 0) (0.00873262538963 0.091444323643 0) (0.00891686717691 0.0923950492213 0) (0.00910301420551 0.0933454035999 0) (0.00929106572758 0.0942953829609 0) (0.00948102098761 0.0952449834877 0) (0.00967287922246 0.0961942013653 0) (0.00986663966133 0.09714303278 0) (0.0100623015258 0.09809147392 0) (0.0102598640297 0.099039520975 0) (0.0104593263795 0.099987170136 0) (0.0106606877737 0.100934417596 0) (0.0108639474033 0.101881259549 0) (0.0110691044519 0.102827692191 0) (0.0112761580951 0.103773711721 0) (0.011485107501 0.104719314337 0) (0.0116959518304 0.10566449624 0) (0.011908690236 0.106609253633 0) (0.0121233218632 0.107553582721 0) (0.0123398458496 0.108497479709 0) (0.0125582613255 0.109440940806 0))
    polyLine 5 9 ((-0.170274293571 0.0749250027212 -0.03) (-0.169950234069 0.0779135952325 -0.03) (-0.16961376017 0.0809007508222 -0.03) (-0.169264906649 0.0838864196209 -0.03) (-0.168903709389 0.0868705523533 -0.03) (-0.16853020536 0.089853100356 -0.03) (-0.168144432602 0.0928340155944 -0.03) (-0.167746430196 0.0958132506794 -0.03) (-0.167336238248 0.0987907588833 -0.03) (-0.166913897861 0.101766494156 -0.03) (-0.166479451113 0.104740411139 -0.03) (-0.166032941033 0.107712465182 -0.03) (-0.165574411578 0.110682612354 -0.03) (-0.165103907606 0.11365080946 -0.03) (-0.164621474852 0.116617014054 -0.03) (-0.164127159903 0.119581184449 -0.03) (-0.163621010172 0.122543279731 -0.03) (-0.163103073872 0.125503259771 -0.03) (-0.162573399991 0.128461085236 -0.03) (-0.162032038264 0.131416717599 -0.03) (-0.161479039148 0.134370119147 -0.03) (-0.160914453795 0.137321252996 -0.03) (-0.160338334024 0.140270083096 -0.03))
    polyLine 7 11 ((-0.170274293571 0.0749250027212 0) (-0.169950234069 0.0779135952325 0) (-0.16961376017 0.0809007508222 0) (-0.169264906649 0.0838864196209 0) (-0.168903709389 0.0868705523533 0) (-0.16853020536 0.089853100356 0) (-0.168144432602 0.0928340155944 0) (-0.167746430196 0.0958132506794 0) (-0.167336238248 0.0987907588833 0) (-0.166913897861 0.101766494156 0) (-0.166479451113 0.104740411139 0) (-0.166032941033 0.107712465182 0) (-0.165574411578 0.110682612354 0) (-0.165103907606 0.11365080946 0) (-0.164621474852 0.116617014054 0) (-0.164127159903 0.119581184449 0) (-0.163621010172 0.122543279731 0) (-0.163103073872 0.125503259771 0) (-0.162573399991 0.128461085236 0) (-0.162032038264 0.131416717599 0) (-0.161479039148 0.134370119147 0) (-0.160914453795 0.137321252996 0) (-0.160338334024 0.140270083096 0))
    polyLine 8 12 ((0.0127785674134 0.110383962221 -0.03) (0.013000763228 0.111326540165 -0.03) (0.0132248478768 0.112268670852 -0.03) (0.0134508204595 0.113210350497 -0.03) (0.0136786800683 0.114151575316 -0.03) (0.0139084257876 0.115092341528 -0.03) (0.0141400566946 0.116032645354 -0.03) (0.0143735718585 0.116972483015 -0.03) (0.0146089703413 0.117911850736 -0.03) (0.0148462511973 0.118850744743 -0.03) (0.0150854134731 0.119789161264 -0.03) (0.015326456208 0.120727096529 -0.03) (0.0155693784334 0.12166454677 -0.03) (0.0158141791736 0.12260150822 -0.03) (0.0160608574449 0.123537977115 -0.03) (0.0163094122564 0.124473949693 -0.03) (0.0165598426094 0.125409422194 -0.03) (0.0168121474979 0.126344390859 -0.03) (0.0170663259082 0.127278851932 -0.03) (0.0173223768192 0.128212801659 -0.03) (0.0175802992021 0.129146236287 -0.03) (0.0178400920208 0.130079152068 -0.03) (0.0181017542315 0.131011545251 -0.03) (0.018365284783 0.131943412092 -0.03) (0.0186306826165 0.132874748847 -0.03) (0.0188979466658 0.133805551775 -0.03) (0.0191670758572 0.134735817134 -0.03) (0.0194380691095 0.135665541189 -0.03) (0.0197109253338 0.136594720204 -0.03) (0.0199856434341 0.137523350447 -0.03) (0.0202622223065 0.138451428185 -0.03) (0.02054066084 0.139378949691 -0.03) (0.0208209579159 0.140305911239 -0.03) (0.0211031124082 0.141232309104 -0.03) (0.0213871231832 0.142158139564 -0.03) (0.0216729890999 0.1430833989 -0.03) (0.0219607090099 0.144008083394 -0.03) (0.0222502817572 0.144932189333 -0.03) (0.0225417061785 0.145855713002 -0.03) (0.0228349811029 0.146778650692 -0.03) (0.0231301053523 0.147700998695 -0.03) (0.0234270777409 0.148622753306 -0.03) (0.0237258970757 0.14954391082 -0.03) (0.0240265621561 0.150464467538 -0.03) (0.0243290717743 0.151384419761 -0.03) (0.0246334247148 0.152303763793 -0.03) (0.024939619755 0.15322249594 -0.03) (0.0252476556646 0.154140612512 -0.03) (0.0255575312062 0.15505810982 -0.03) (0.0258692451347 0.155974984178 -0.03) (0.026182796198 0.156891231902 -0.03) (0.0264981831362 0.157806849311 -0.03) (0.0268154046824 0.158721832728 -0.03) (0.027134459562 0.159636178475 -0.03) (0.0274553464933 0.160549882879 -0.03) (0.0277780641871 0.16146294227 -0.03) (0.0281026113468 0.162375352979 -0.03))
    polyLine 10 14 ((0.0127785674134 0.110383962221 0) (0.013000763228 0.111326540165 0) (0.0132248478768 0.112268670852 0) (0.0134508204595 0.113210350497 0) (0.0136786800683 0.114151575316 0) (0.0139084257876 0.115092341528 0) (0.0141400566946 0.116032645354 0) (0.0143735718585 0.116972483015 0) (0.0146089703413 0.117911850736 0) (0.0148462511973 0.118850744743 0) (0.0150854134731 0.119789161264 0) (0.015326456208 0.120727096529 0) (0.0155693784334 0.12166454677 0) (0.0158141791736 0.12260150822 0) (0.0160608574449 0.123537977115 0) (0.0163094122564 0.124473949693 0) (0.0165598426094 0.125409422194 0) (0.0168121474979 0.126344390859 0) (0.0170663259082 0.127278851932 0) (0.0173223768192 0.128212801659 0) (0.0175802992021 0.129146236287 0) (0.0178400920208 0.130079152068 0) (0.0181017542315 0.131011545251 0) (0.018365284783 0.131943412092 0) (0.0186306826165 0.132874748847 0) (0.0188979466658 0.133805551775 0) (0.0191670758572 0.134735817134 0) (0.0194380691095 0.135665541189 0) (0.0197109253338 0.136594720204 0) (0.0199856434341 0.137523350447 0) (0.0202622223065 0.138451428185 0) (0.02054066084 0.139378949691 0) (0.0208209579159 0.140305911239 0) (0.0211031124082 0.141232309104 0) (0.0213871231832 0.142158139564 0) (0.0216729890999 0.1430833989 0) (0.0219607090099 0.144008083394 0) (0.0222502817572 0.144932189333 0) (0.0225417061785 0.145855713002 0) (0.0228349811029 0.146778650692 0) (0.0231301053523 0.147700998695 0) (0.0234270777409 0.148622753306 0) (0.0237258970757 0.14954391082 0) (0.0240265621561 0.150464467538 0) (0.0243290717743 0.151384419761 0) (0.0246334247148 0.152303763793 0) (0.024939619755 0.15322249594 0) (0.0252476556646 0.154140612512 0) (0.0255575312062 0.15505810982 0) (0.0258692451347 0.155974984178 0) (0.026182796198 0.156891231902 0) (0.0264981831362 0.157806849311 0) (0.0268154046824 0.158721832728 0) (0.027134459562 0.159636178475 0) (0.0274553464933 0.160549882879 0) (0.0277780641871 0.16146294227 0) (0.0281026113468 0.162375352979 0))
    polyLine 9 13 ((-0.159150001158 0.146168967524 -0.03) (-0.158537830891 0.149118940353 -0.03) (-0.157914276181 0.152066459825 -0.03) (-0.157279392252 0.155011493918 -0.03) (-0.156633234841 0.157954011504 -0.03) (-0.15597586017 0.160893982344 -0.03) (-0.155307324916 0.163831377103 -0.03) (-0.154627686189 0.166766167345 -0.03) (-0.153937001501 0.169698325548 -0.03) (-0.153235328741 0.172627825098 -0.03) (-0.152522726146 0.175554640298 -0.03) (-0.151799252276 0.178478746368 -0.03) (-0.151064965988 0.181400119448 -0.03) (-0.150319926408 0.184318736602 -0.03) (-0.149564192906 0.187234575816 -0.03) (-0.148797825068 0.190147616001 -0.03) (-0.148020882674 0.193057836993 -0.03) (-0.14723342567 0.195965219553 -0.03) (-0.146435514142 0.198869745368 -0.03) (-0.145627208294 0.201771397049 -0.03) (-0.14480856842 0.20467015813 -0.03) (-0.143979654883 0.207566013068 -0.03) (-0.143140528088 0.210458947238 -0.03))
    polyLine 11 15 ((-0.159150001158 0.146168967524 0) (-0.158537830891 0.149118940353 0) (-0.157914276181 0.152066459825 0) (-0.157279392252 0.155011493918 0) (-0.156633234841 0.157954011504 0) (-0.15597586017 0.160893982344 0) (-0.155307324916 0.163831377103 0) (-0.154627686189 0.166766167345 0) (-0.153937001501 0.169698325548 0) (-0.153235328741 0.172627825098 0) (-0.152522726146 0.175554640298 0) (-0.151799252276 0.178478746368 0) (-0.151064965988 0.181400119448 0) (-0.150319926408 0.184318736602 0) (-0.149564192906 0.187234575816 0) (-0.148797825068 0.190147616001 0) (-0.148020882674 0.193057836993 0) (-0.14723342567 0.195965219553 0) (-0.146435514142 0.198869745368 0) (-0.145627208294 0.201771397049 0) (-0.14480856842 0.20467015813 0) (-0.143979654883 0.207566013068 0) (-0.143140528088 0.210458947238 0))
    polyLine 12 16 ((0.0284289866686 0.163287111341 -0.03) (0.0287571888412 0.164198213693 -0.03) (0.0290872165462 0.165108656374 -0.03) (0.0294190684575 0.166018435726 -0.03) (0.0297527432421 0.166927548095 -0.03) (0.0300882395592 0.167835989829 -0.03) (0.0304255560611 0.168743757276 -0.03) (0.0307646913926 0.169650846791 -0.03) (0.0311056441912 0.170557254729 -0.03) (0.0314484130872 0.171462977449 -0.03) (0.0317929967033 0.172368011312 -0.03) (0.0321393936553 0.173272352682 -0.03) (0.0324876025515 0.174175997925 -0.03) (0.032837621993 0.175078943412 -0.03) (0.0331894505735 0.175981185514 -0.03) (0.0335430868796 0.176882720607 -0.03) (0.0338985294905 0.177783545069 -0.03) (0.0342557769782 0.178683655281 -0.03) (0.0346148279075 0.179583047627 -0.03) (0.0349756808359 0.180481718493 -0.03) (0.0353383343136 0.181379664269 -0.03) (0.0357027868837 0.182276881347 -0.03) (0.0360690370819 0.183173366123 -0.03) (0.0364370834369 0.184069114995 -0.03) (0.03680692447 0.184964124365 -0.03) (0.0371785586954 0.185858390636 -0.03) (0.03755198462 0.186751910216 -0.03) (0.0379272007435 0.187644679516 -0.03) (0.0383042055586 0.188536694947 -0.03) (0.0386829975506 0.189427952928 -0.03) (0.0390635751977 0.190318449877 -0.03) (0.0394459369709 0.191208182216 -0.03) (0.0398300813341 0.192097146372 -0.03) (0.0402160067439 0.192985338772 -0.03) (0.0406037116499 0.193872755848 -0.03) (0.0409931944945 0.194759394035 -0.03) (0.0413844537129 0.195645249771 -0.03) (0.0417774877332 0.196530319497 -0.03) (0.0421722949765 0.197414599658 -0.03) (0.0425688738564 0.1982980867 -0.03) (0.0429672227799 0.199180777074 -0.03) (0.0433673401464 0.200062667234 -0.03) (0.0437692243486 0.200943753637 -0.03) (0.0441728737718 0.201824032743 -0.03) (0.0445782867944 0.202703501015 -0.03) (0.0449854617876 0.203582154921 -0.03) (0.0453943971156 0.20445999093 -0.03) (0.0458050911355 0.205337005516 -0.03) (0.0462175421972 0.206213195154 -0.03) (0.0466317486438 0.207088556326 -0.03) (0.0470477088112 0.207963085514 -0.03) (0.0474654210282 0.208836779205 -0.03) (0.0478848836167 0.209709633888 -0.03) (0.0483060948915 0.210581646057 -0.03) (0.0487290531603 0.211452812209 -0.03) (0.0491537567239 0.212323128844 -0.03) (0.049580203876 0.213192592464 -0.03))
    polyLine 14 18 ((0.0284289866686 0.163287111341 0) (0.0287571888412 0.164198213693 0) (0.0290872165462 0.165108656374 0) (0.0294190684575 0.166018435726 0) (0.0297527432421 0.166927548095 0) (0.0300882395592 0.167835989829 0) (0.0304255560611 0.168743757276 0) (0.0307646913926 0.169650846791 0) (0.0311056441912 0.170557254729 0) (0.0314484130872 0.171462977449 0) (0.0317929967033 0.172368011312 0) (0.0321393936553 0.173272352682 0) (0.0324876025515 0.174175997925 0) (0.032837621993 0.175078943412 0) (0.0331894505735 0.175981185514 0) (0.0335430868796 0.176882720607 0) (0.0338985294905 0.177783545069 0) (0.0342557769782 0.178683655281 0) (0.0346148279075 0.179583047627 0) (0.0349756808359 0.180481718493 0) (0.0353383343136 0.181379664269 0) (0.0357027868837 0.182276881347 0) (0.0360690370819 0.183173366123 0) (0.0364370834369 0.184069114995 0) (0.03680692447 0.184964124365 0) (0.0371785586954 0.185858390636 0) (0.03755198462 0.186751910216 0) (0.0379272007435 0.187644679516 0) (0.0383042055586 0.188536694947 0) (0.0386829975506 0.189427952928 0) (0.0390635751977 0.190318449877 0) (0.0394459369709 0.191208182216 0) (0.0398300813341 0.192097146372 0) (0.0402160067439 0.192985338772 0) (0.0406037116499 0.193872755848 0) (0.0409931944945 0.194759394035 0) (0.0413844537129 0.195645249771 0) (0.0417774877332 0.196530319497 0) (0.0421722949765 0.197414599658 0) (0.0425688738564 0.1982980867 0) (0.0429672227799 0.199180777074 0) (0.0433673401464 0.200062667234 0) (0.0437692243486 0.200943753637 0) (0.0441728737718 0.201824032743 0) (0.0445782867944 0.202703501015 0) (0.0449854617876 0.203582154921 0) (0.0453943971156 0.20445999093 0) (0.0458050911355 0.205337005516 0) (0.0462175421972 0.206213195154 0) (0.0466317486438 0.207088556326 0) (0.0470477088112 0.207963085514 0) (0.0474654210282 0.208836779205 0) (0.0478848836167 0.209709633888 0) (0.0483060948915 0.210581646057 0) (0.0487290531603 0.211452812209 0) (0.0491537567239 0.212323128844 0) (0.049580203876 0.213192592464 0))
    polyLine 13 17 ((-0.141428218097 0.216248211447 -0.03) (-0.140555070882 0.219144491671 -0.03) (-0.13967186793 0.222037776509 -0.03) (-0.138778670282 0.224928055782 -0.03) (-0.137875538885 0.227815320231 -0.03) (-0.136962534565 0.230699561509 -0.03) (-0.136039718012 0.233580772179 -0.03) (-0.135107149755 0.236458945709 -0.03) (-0.134164890139 0.23933407647 -0.03) (-0.133212999309 0.242206159723 -0.03) (-0.13225153719 0.245075191623 -0.03) (-0.131280563462 0.247941169207 -0.03) (-0.130300137545 0.250804090391 -0.03) (-0.129310318581 0.253663953962 -0.03) (-0.128311165413 0.256520759574 -0.03) (-0.127302736568 0.25937450774 -0.03) (-0.126285090239 0.262225199826 -0.03) (-0.12525828427 0.265072838044 -0.03) (-0.124222376135 0.267917425445 -0.03) (-0.123177422927 0.270758965911 -0.03) (-0.122123481337 0.273597464152 -0.03) (-0.121060607644 0.276432925692 -0.03) (-0.119988857694 0.279265356868 -0.03))
    polyLine 15 19 ((-0.141428218097 0.216248211447 0) (-0.140555070882 0.219144491671 0) (-0.13967186793 0.222037776509 0) (-0.138778670282 0.224928055782 0) (-0.137875538885 0.227815320231 0) (-0.136962534565 0.230699561509 0) (-0.136039718012 0.233580772179 0) (-0.135107149755 0.236458945709 0) (-0.134164890139 0.23933407647 0) (-0.133212999309 0.242206159723 0) (-0.13225153719 0.245075191623 0) (-0.131280563462 0.247941169207 0) (-0.130300137545 0.250804090391 0) (-0.129310318581 0.253663953962 0) (-0.128311165413 0.256520759574 0) (-0.127302736568 0.25937450774 0) (-0.126285090239 0.262225199826 0) (-0.12525828427 0.265072838044 0) (-0.124222376135 0.267917425445 0) (-0.123177422927 0.270758965911 0) (-0.122123481337 0.273597464152 0) (-0.121060607644 0.276432925692 0) (-0.119988857694 0.279265356868 0))
    polyLine 16 20 ((0.0500083929035 0.214061199578 -0.03) (0.0504383220859 0.214928946695 -0.03) (0.0508699896961 0.21579583033 -0.03) (0.0513033939998 0.216661846999 -0.03) (0.0517385332559 0.217526993223 -0.03) (0.0521754057161 0.218391265526 -0.03) (0.0526140096252 0.219254660437 -0.03) (0.0530543432213 0.220117174487 -0.03) (0.0534964047352 0.220978804209 -0.03) (0.0539401923909 0.221839546144 -0.03) (0.0543857044055 0.222699396832 -0.03) (0.0548329389892 0.22355835282 -0.03) (0.0552818943451 0.224416410656 -0.03) (0.0557325686696 0.225273566893 -0.03) (0.0561849601521 0.226129818087 -0.03) (0.0566390669751 0.226985160799 -0.03) (0.0570948873142 0.227839591592 -0.03) (0.0575524193382 0.228693107033 -0.03) (0.0580116612088 0.229545703693 -0.03) (0.0584726110811 0.230397378148 -0.03) (0.0589352671032 0.231248126975 -0.03) (0.0593996274164 0.232097946756 -0.03) (0.059865690155 0.232946834078 -0.03) (0.0603334534467 0.233794785529 -0.03) (0.0608029154123 0.234641797704 -0.03) (0.0612740741655 0.235487867199 -0.03) (0.0617469278136 0.236332990616 -0.03) (0.0622214744568 0.237177164558 -0.03) (0.0626977121887 0.238020385635 -0.03) (0.0631756390959 0.238862650458 -0.03) (0.0636552532583 0.239703955644 -0.03) (0.0641365527492 0.240544297813 -0.03) (0.0646195356348 0.24138367359 -0.03) (0.0651041999747 0.2422220796 -0.03) (0.0655905438219 0.243059512477 -0.03) (0.0660785652224 0.243895968856 -0.03) (0.0665682622155 0.244731445377 -0.03) (0.067059632834 0.245565938682 -0.03) (0.0675526751036 0.24639944542 -0.03) (0.0680473870437 0.247231962241 -0.03) (0.0685437666666 0.248063485801 -0.03) (0.0690418119782 0.24889401276 -0.03) (0.0695415209775 0.24972353978 -0.03) (0.070042891657 0.250552063529 -0.03) (0.0705459220023 0.251379580679 -0.03) (0.0710506099926 0.252206087904 -0.03) (0.0715569536003 0.253031581885 -0.03) (0.072064950791 0.253856059305 -0.03) (0.072574599524 0.254679516851 -0.03) (0.0730858977516 0.255501951215 -0.03) (0.0735988434198 0.256323359094 -0.03) (0.0741134344677 0.257143737186 -0.03) (0.074629668828 0.257963082197 -0.03) (0.0751475444266 0.258781390834 -0.03) (0.0756670591831 0.25959865981 -0.03) (0.0761882110102 0.260414885842 -0.03) (0.0767109978142 0.261230065649 -0.03))
    polyLine 18 22 ((0.0500083929035 0.214061199578 0) (0.0504383220859 0.214928946695 0) (0.0508699896961 0.21579583033 0) (0.0513033939998 0.216661846999 0) (0.0517385332559 0.217526993223 0) (0.0521754057161 0.218391265526 0) (0.0526140096252 0.219254660437 0) (0.0530543432213 0.220117174487 0) (0.0534964047352 0.220978804209 0) (0.0539401923909 0.221839546144 0) (0.0543857044055 0.222699396832 0) (0.0548329389892 0.22355835282 0) (0.0552818943451 0.224416410656 0) (0.0557325686696 0.225273566893 0) (0.0561849601521 0.226129818087 0) (0.0566390669751 0.226985160799 0) (0.0570948873142 0.227839591592 0) (0.0575524193382 0.228693107033 0) (0.0580116612088 0.229545703693 0) (0.0584726110811 0.230397378148 0) (0.0589352671032 0.231248126975 0) (0.0593996274164 0.232097946756 0) (0.059865690155 0.232946834078 0) (0.0603334534467 0.233794785529 0) (0.0608029154123 0.234641797704 0) (0.0612740741655 0.235487867199 0) (0.0617469278136 0.236332990616 0) (0.0622214744568 0.237177164558 0) (0.0626977121887 0.238020385635 0) (0.0631756390959 0.238862650458 0) (0.0636552532583 0.239703955644 0) (0.0641365527492 0.240544297813 0) (0.0646195356348 0.24138367359 0) (0.0651041999747 0.2422220796 0) (0.0655905438219 0.243059512477 0) (0.0660785652224 0.243895968856 0) (0.0665682622155 0.244731445377 0) (0.067059632834 0.245565938682 0) (0.0675526751036 0.24639944542 0) (0.0680473870437 0.247231962241 0) (0.0685437666666 0.248063485801 0) (0.0690418119782 0.24889401276 0) (0.0695415209775 0.24972353978 0) (0.070042891657 0.250552063529 0) (0.0705459220023 0.251379580679 0) (0.0710506099926 0.252206087904 0) (0.0715569536003 0.253031581885 0) (0.072064950791 0.253856059305 0) (0.072574599524 0.254679516851 0) (0.0730858977516 0.255501951215 0) (0.0735988434198 0.256323359094 0) (0.0741134344677 0.257143737186 0) (0.074629668828 0.257963082197 0) (0.0751475444266 0.258781390834 0) (0.0756670591831 0.25959865981 0) (0.0761882110102 0.260414885842 0) (0.0767109978142 0.261230065649 0))
    polyLine 17 21 ((-0.11781275226 0.284937165461 -0.03) (-0.11670840749 0.287776525413 -0.03) (-0.115595307482 0.290612854339 -0.03) (-0.11447350663 0.293446162697 -0.03) (-0.113343058802 0.296276461724 -0.03) (-0.112204017331 0.29910376343 -0.03) (-0.111056435001 0.301928080589 -0.03) (-0.109900364038 0.304749426731 -0.03) (-0.108735856094 0.307567816131 -0.03) (-0.107562962239 0.310383263807 -0.03) (-0.106381732952 0.313195785503 -0.03) (-0.105192218105 0.31600539769 -0.03) (-0.103994466961 0.318812117547 -0.03) (-0.102788528157 0.321615962963 -0.03) (-0.101574449701 0.324416952521 -0.03) (-0.100352278958 0.327215105493 -0.03) (-0.0991220626465 0.330010441831 -0.03) (-0.0978838468258 0.332802982158 -0.03) (-0.0966376768918 0.335592747762 -0.03) (-0.0953835975675 0.338379760583 -0.03) (-0.094121652897 0.341164043212 -0.03) (-0.092851886238 0.343945618873 -0.03) (-0.0915743402555 0.346724511426 -0.03))
    polyLine 19 23 ((-0.11781275226 0.284937165461 0) (-0.11670840749 0.287776525413 0) (-0.115595307482 0.290612854339 0) (-0.11447350663 0.293446162697 0) (-0.113343058802 0.296276461724 0) (-0.112204017331 0.29910376343 0) (-0.111056435001 0.301928080589 0) (-0.109900364038 0.304749426731 0) (-0.108735856094 0.307567816131 0) (-0.107562962239 0.310383263807 0) (-0.106381732952 0.313195785503 0) (-0.105192218105 0.31600539769 0) (-0.103994466961 0.318812117547 0) (-0.102788528157 0.321615962963 0) (-0.101574449701 0.324416952521 0) (-0.100352278958 0.327215105493 0) (-0.0991220626465 0.330010441831 0) (-0.0978838468258 0.332802982158 0) (-0.0966376768918 0.335592747762 0) (-0.0953835975675 0.338379760583 0) (-0.094121652897 0.341164043212 0) (-0.092851886238 0.343945618873 0) (-0.0915743402555 0.346724511426 0))
    polyLine 20 24 ((0.0772354174948 0.262044195958 -0.03) (0.0777614679451 0.262857273498 -0.03) (0.0782891470517 0.263669295001 -0.03) (0.0788184526946 0.264480257206 -0.03) (0.0793493827474 0.265290156854 -0.03) (0.079881935077 0.266098990692 -0.03) (0.0804161075438 0.26690675547 -0.03) (0.0809518980019 0.267713447944 -0.03) (0.0814893042986 0.268519064871 -0.03) (0.0820283242749 0.269323603016 -0.03) (0.0825689557653 0.270127059146 -0.03) (0.0831111965978 0.270929430033 -0.03) (0.0836550445939 0.271730712454 -0.03) (0.0842004975687 0.27253090319 -0.03) (0.0847475533309 0.273329999025 -0.03) (0.0852962096825 0.27412799675 -0.03) (0.0858464644194 0.274924893159 -0.03) (0.0863983153309 0.275720685049 -0.03) (0.0869517602 0.276515369224 -0.03) (0.0875067968031 0.277308942492 -0.03) (0.0880634229104 0.278101401663 -0.03) (0.0886216362856 0.278892743554 -0.03) (0.089181434686 0.279682964987 -0.03) (0.0897428158628 0.280472062785 -0.03) (0.0903057775605 0.28126003378 -0.03) (0.0908703175173 0.282046874805 -0.03) (0.0914364334653 0.282832582699 -0.03) (0.0920041231301 0.283617154305 -0.03) (0.0925733842309 0.284400586472 -0.03) (0.0931442144807 0.285182876052 -0.03) (0.0937166115863 0.285964019903 -0.03) (0.0942905732479 0.286744014885 -0.03) (0.0948660971597 0.287522857865 -0.03) (0.0954431810095 0.288300545715 -0.03) (0.0960218224788 0.28907707531 -0.03) (0.096602019243 0.289852443529 -0.03) (0.097183768971 0.290626647259 -0.03) (0.0977670693257 0.291399683389 -0.03) (0.0983519179637 0.292171548812 -0.03) (0.0989383125353 0.292942240429 -0.03) (0.0995262506847 0.293711755142 -0.03) (0.10011573005 0.29448008986 -0.03) (0.100706748262 0.295247241497 -0.03) (0.101299302948 0.29601320697 -0.03) (0.101893391726 0.296777983202 -0.03) (0.102489012209 0.297541567121 -0.03) (0.103086162006 0.298303955658 -0.03) (0.103684838716 0.299065145752 -0.03) (0.104285039934 0.299825134343 -0.03) (0.10488676325 0.300583918378 -0.03) (0.105490006245 0.30134149481 -0.03) (0.106094766496 0.302097860594 -0.03) (0.106701041574 0.302853012692 -0.03) (0.107308829043 0.30360694807 -0.03) (0.107918126461 0.304359663699 -0.03) (0.10852893138 0.305111156555 -0.03) (0.109141241346 0.305861423619 -0.03))
    polyLine 22 26 ((0.0772354174948 0.262044195958 0) (0.0777614679451 0.262857273498 0) (0.0782891470517 0.263669295001 0) (0.0788184526946 0.264480257206 0) (0.0793493827474 0.265290156854 0) (0.079881935077 0.266098990692 0) (0.0804161075438 0.26690675547 0) (0.0809518980019 0.267713447944 0) (0.0814893042986 0.268519064871 0) (0.0820283242749 0.269323603016 0) (0.0825689557653 0.270127059146 0) (0.0831111965978 0.270929430033 0) (0.0836550445939 0.271730712454 0) (0.0842004975687 0.27253090319 0) (0.0847475533309 0.273329999025 0) (0.0852962096825 0.27412799675 0) (0.0858464644194 0.274924893159 0) (0.0863983153309 0.275720685049 0) (0.0869517602 0.276515369224 0) (0.0875067968031 0.277308942492 0) (0.0880634229104 0.278101401663 0) (0.0886216362856 0.278892743554 0) (0.089181434686 0.279682964987 0) (0.0897428158628 0.280472062785 0) (0.0903057775605 0.28126003378 0) (0.0908703175173 0.282046874805 0) (0.0914364334653 0.282832582699 0) (0.0920041231301 0.283617154305 0) (0.0925733842309 0.284400586472 0) (0.0931442144807 0.285182876052 0) (0.0937166115863 0.285964019903 0) (0.0942905732479 0.286744014885 0) (0.0948660971597 0.287522857865 0) (0.0954431810095 0.288300545715 0) (0.0960218224788 0.28907707531 0) (0.096602019243 0.289852443529 0) (0.097183768971 0.290626647259 0) (0.0977670693257 0.291399683389 0) (0.0983519179637 0.292171548812 0) (0.0989383125353 0.292942240429 0) (0.0995262506847 0.293711755142 0) (0.10011573005 0.29448008986 0) (0.100706748262 0.295247241497 0) (0.101299302948 0.29601320697 0) (0.101893391726 0.296777983202 0) (0.102489012209 0.297541567121 0) (0.103086162006 0.298303955658 0) (0.103684838716 0.299065145752 0) (0.104285039934 0.299825134343 0) (0.10488676325 0.300583918378 0) (0.105490006245 0.30134149481 0) (0.106094766496 0.302097860594 0) (0.106701041574 0.302853012692 0) (0.107308829043 0.30360694807 0) (0.107918126461 0.304359663699 0) (0.10852893138 0.305111156555 0) (0.109141241346 0.305861423619 0))
    polyLine 21 25 ((-0.0889868456712 0.352294080759 -0.03) (-0.0876768697883 0.355084771262 -0.03) (-0.0863591699514 0.357872843729 -0.03) (-0.085033786103 0.36065832564 -0.03) (-0.0837007574389 0.363441245074 -0.03) (-0.0823601224035 0.366221630702 -0.03) (-0.0810119186852 0.368999511778 -0.03) (-0.0796561832124 0.371774918134 -0.03) (-0.0782929521492 0.374547880169 -0.03) (-0.0769222608919 0.377318428846 -0.03) (-0.0755441440653 0.380086595679 -0.03) (-0.0741586355195 0.382852412731 -0.03) (-0.0727657683267 0.385615912604 -0.03) (-0.0713655747782 0.388377128431 -0.03) (-0.0699580863822 0.391136093874 -0.03) (-0.0685433338606 0.39389284311 -0.03) (-0.0671213471472 0.39664741083 -0.03) (-0.0656921553851 0.399399832232 -0.03) (-0.0642557869251 0.402150143012 -0.03) (-0.0628122693238 0.404898379357 -0.03) (-0.0613616293416 0.407644577944 -0.03) (-0.0599038929416 0.410388775929 -0.03) (-0.058439085288 0.413131010943 -0.03))
    polyLine 23 27 ((-0.0889868456712 0.352294080759 0) (-0.0876768697883 0.355084771262 0) (-0.0863591699514 0.357872843729 0) (-0.085033786103 0.36065832564 0) (-0.0837007574389 0.363441245074 0) (-0.0823601224035 0.366221630702 0) (-0.0810119186852 0.368999511778 0) (-0.0796561832124 0.371774918134 0) (-0.0782929521492 0.374547880169 0) (-0.0769222608919 0.377318428846 0) (-0.0755441440653 0.380086595679 0) (-0.0741586355195 0.382852412731 0) (-0.0727657683267 0.385615912604 0) (-0.0713655747782 0.388377128431 0) (-0.0699580863822 0.391136093874 0) (-0.0685433338606 0.39389284311 0) (-0.0671213471472 0.39664741083 0) (-0.0656921553851 0.399399832232 0) (-0.0642557869251 0.402150143012 0) (-0.0628122693238 0.404898379357 0) (-0.0613616293416 0.407644577944 0) (-0.0599038929416 0.410388775929 0) (-0.058439085288 0.413131010943 0))
    polyLine 24 28 ((0.109755053899 0.306610461876 -0.03) (0.110370366573 0.307358268318 -0.03) (0.110987176897 0.308104839939 -0.03) (0.111605482392 0.308850173741 -0.03) (0.112225280573 0.309594266729 -0.03) (0.112846568952 0.310337115914 -0.03) (0.113469345032 0.311078718312 -0.03) (0.114093606311 0.311819070942 -0.03) (0.114719350281 0.312558170831 -0.03) (0.115346574427 0.313296015009 -0.03) (0.115975276231 0.314032600512 -0.03) (0.116605453166 0.31476792438 -0.03) (0.117237102701 0.31550198366 -0.03) (0.117870222297 0.316234775403 -0.03) (0.118504809412 0.316966296664 -0.03) (0.119140861496 0.317696544504 -0.03) (0.119778375993 0.31842551599 -0.03) (0.120417350343 0.319153208192 -0.03) (0.121057781977 0.319879618189 -0.03) (0.121699668324 0.32060474306 -0.03) (0.122343006804 0.321328579893 -0.03) (0.122987794833 0.322051125781 -0.03) (0.12363402982 0.322772377819 -0.03) (0.12428170917 0.32349233311 -0.03) (0.124930830279 0.324210988763 -0.03) (0.125581390541 0.324928341889 -0.03) (0.126233387341 0.325644389607 -0.03) (0.12688681806 0.326359129039 -0.03) (0.127541680072 0.327072557316 -0.03) (0.128197970748 0.327784671569 -0.03) (0.12885568745 0.328495468939 -0.03) (0.129514827536 0.32920494657 -0.03) (0.130175388358 0.32991310161 -0.03) (0.130837367262 0.330619931217 -0.03) (0.131500761588 0.331325432548 -0.03) (0.132165568672 0.332029602771 -0.03) (0.132831785842 0.332732439057 -0.03) (0.133499410422 0.33343393858 -0.03) (0.134168439729 0.334134098525 -0.03) (0.134838871076 0.334832916076 -0.03) (0.135510701769 0.335530388427 -0.03) (0.13618392911 0.336226512776 -0.03) (0.136858550393 0.336921286326 -0.03) (0.137534562908 0.337614706286 -0.03) (0.13821196394 0.338306769869 -0.03) (0.138890750767 0.338997474296 -0.03) (0.139570920661 0.339686816792 -0.03) (0.14025247089 0.340374794587 -0.03) (0.140935398716 0.341061404917 -0.03) (0.141619701396 0.341746645023 -0.03) (0.14230537618 0.342430512154 -0.03) (0.142992420313 0.34311300356 -0.03) (0.143680831036 0.343794116501 -0.03) (0.144370605582 0.34447384824 -0.03) (0.14506174118 0.345152196047 -0.03) (0.145754235054 0.345829157194 -0.03) (0.146448084422 0.346504728965 -0.03))
    polyLine 26 30 ((0.109755053899 0.306610461876 0) (0.110370366573 0.307358268318 0) (0.110987176897 0.308104839939 0) (0.111605482392 0.308850173741 0) (0.112225280573 0.309594266729 0) (0.112846568952 0.310337115914 0) (0.113469345032 0.311078718312 0) (0.114093606311 0.311819070942 0) (0.114719350281 0.312558170831 0) (0.115346574427 0.313296015009 0) (0.115975276231 0.314032600512 0) (0.116605453166 0.31476792438 0) (0.117237102701 0.31550198366 0) (0.117870222297 0.316234775403 0) (0.118504809412 0.316966296664 0) (0.119140861496 0.317696544504 0) (0.119778375993 0.31842551599 0) (0.120417350343 0.319153208192 0) (0.121057781977 0.319879618189 0) (0.121699668324 0.32060474306 0) (0.122343006804 0.321328579893 0) (0.122987794833 0.322051125781 0) (0.12363402982 0.322772377819 0) (0.12428170917 0.32349233311 0) (0.124930830279 0.324210988763 0) (0.125581390541 0.324928341889 0) (0.126233387341 0.325644389607 0) (0.12688681806 0.326359129039 0) (0.127541680072 0.327072557316 0) (0.128197970748 0.327784671569 0) (0.12885568745 0.328495468939 0) (0.129514827536 0.32920494657 0) (0.130175388358 0.32991310161 0) (0.130837367262 0.330619931217 0) (0.131500761588 0.331325432548 0) (0.132165568672 0.332029602771 0) (0.132831785842 0.332732439057 0) (0.133499410422 0.33343393858 0) (0.134168439729 0.334134098525 0) (0.134838871076 0.334832916076 0) (0.135510701769 0.335530388427 0) (0.13618392911 0.336226512776 0) (0.136858550393 0.336921286326 0) (0.137534562908 0.337614706286 0) (0.13821196394 0.338306769869 0) (0.138890750767 0.338997474296 0) (0.139570920661 0.339686816792 0) (0.14025247089 0.340374794587 0) (0.140935398716 0.341061404917 0) (0.141619701396 0.341746645023 0) (0.14230537618 0.342430512154 0) (0.142992420313 0.34311300356 0) (0.143680831036 0.343794116501 0) (0.144370605582 0.34447384824 0) (0.14506174118 0.345152196047 0) (0.145754235054 0.345829157194 0) (0.146448084422 0.346504728965 0))
    polyLine 25 29 ((-0.0554756203005 0.418633257443 -0.03) (-0.0539768887106 0.421393314989 -0.03) (-0.0524710584926 0.42415153423 -0.03) (-0.0509581513319 0.426907956136 -0.03) (-0.0494381880814 0.429662622134 -0.03) (-0.0479111887608 0.432415574101 -0.03) (-0.0463771725559 0.435166854366 -0.03) (-0.0448361578186 0.437916505697 -0.03) (-0.0432881620659 0.440664571301 -0.03) (-0.0417332019804 0.443411094819 -0.03) (-0.0401712934096 0.44615612032 -0.03) (-0.0386024513659 0.448899692299 -0.03) (-0.0370266900264 0.451641855669 -0.03) (-0.0354440227333 0.454382655762 -0.03) (-0.0338544619934 0.457122138323 -0.03) (-0.0322580194786 0.459860349504 -0.03) (-0.0306547060257 0.462597335864 -0.03) (-0.0290445316369 0.465333144364 -0.03) (-0.0274275054795 0.468067822366 -0.03) (-0.0258036358864 0.470801417625 -0.03) (-0.0241729303565 0.473533978291 -0.03) (-0.0225353955544 0.476265552903 -0.03) (-0.0208910373109 0.47899619039 -0.03))
    polyLine 27 31 ((-0.0554756203005 0.418633257443 0) (-0.0539768887106 0.421393314989 0) (-0.0524710584926 0.42415153423 0) (-0.0509581513319 0.426907956136 0) (-0.0494381880814 0.429662622134 0) (-0.0479111887608 0.432415574101 0) (-0.0463771725559 0.435166854366 0) (-0.0448361578186 0.437916505697 0) (-0.0432881620659 0.440664571301 0) (-0.0417332019804 0.443411094819 0) (-0.0401712934096 0.44615612032 0) (-0.0386024513659 0.448899692299 0) (-0.0370266900264 0.451641855669 0) (-0.0354440227333 0.454382655762 0) (-0.0338544619934 0.457122138323 0) (-0.0322580194786 0.459860349504 0) (-0.0306547060257 0.462597335864 0) (-0.0290445316369 0.465333144364 0) (-0.0274275054795 0.468067822366 0) (-0.0258036358864 0.470801417625 0) (-0.0241729303565 0.473533978291 0) (-0.0225353955544 0.476265552903 0) (-0.0208910373109 0.47899619039 0))
    polyLine 28 32 ((0.147143286495 0.347178908643 -0.03) (0.147839838482 0.34785169352 -0.03) (0.148537737583 0.348523080894 -0.03) (0.149236980994 0.349193068068 -0.03) (0.149937565908 0.349861652348 -0.03) (0.150639489508 0.350528831051 -0.03) (0.151342748975 0.351194601494 -0.03) (0.152047341484 0.351858961004 -0.03) (0.152753264203 0.352521906911 -0.03) (0.153460514297 0.353183436551 -0.03) (0.154169088925 0.353843547268 -0.03) (0.154878985239 0.354502236409 -0.03) (0.155590200388 0.355159501328 -0.03) (0.156302731514 0.355815339384 -0.03) (0.157016575755 0.356469747942 -0.03) (0.157731730242 0.357122724374 -0.03) (0.158448192103 0.357774266055 -0.03) (0.15916595846 0.358424370369 -0.03) (0.159885026428 0.359073034704 -0.03) (0.160605393118 0.359720256453 -0.03) (0.161327055638 0.360366033016 -0.03) (0.162050011086 0.361010361799 -0.03) (0.16277425656 0.361653240213 -0.03) (0.163499789148 0.362294665676 -0.03) (0.164226605937 0.36293463561 -0.03) (0.164954704006 0.363573147444 -0.03) (0.165684080431 0.364210198614 -0.03) (0.16641473228 0.36484578656 -0.03) (0.167146656619 0.365479908728 -0.03) (0.167879850506 0.36611256257 -0.03) (0.168614310997 0.366743745546 -0.03) (0.16935003514 0.367373455119 -0.03) (0.170087019981 0.368001688759 -0.03) (0.170825262557 0.368628443942 -0.03) (0.171564759903 0.369253718151 -0.03) (0.172305509048 0.369877508874 -0.03) (0.173047507016 0.370499813603 -0.03) (0.173790750827 0.37112062984 -0.03) (0.174535237493 0.371739955089 -0.03) (0.175280964025 0.372357786864 -0.03) (0.176027927425 0.372974122681 -0.03) (0.176776124694 0.373588960064 -0.03) (0.177525552825 0.374202296544 -0.03) (0.178276208808 0.374814129656 -0.03) (0.179028089626 0.375424456943 -0.03) (0.179781192259 0.376033275951 -0.03) (0.180535513682 0.376640584236 -0.03) (0.181291050863 0.377246379358 -0.03) (0.182047800768 0.377850658882 -0.03) (0.182805760356 0.37845342038 -0.03) (0.183564926582 0.379054661432 -0.03) (0.184325296396 0.379654379622 -0.03) (0.185086866743 0.380252572541 -0.03) (0.185849634564 0.380849237784 -0.03) (0.186613596794 0.381444372955 -0.03) (0.187378750364 0.382037975664 -0.03) (0.1881450922 0.382630043525 -0.03))
    polyLine 30 34 ((0.147143286495 0.347178908643 0) (0.147839838482 0.34785169352 0) (0.148537737583 0.348523080894 0) (0.149236980994 0.349193068068 0) (0.149937565908 0.349861652348 0) (0.150639489508 0.350528831051 0) (0.151342748975 0.351194601494 0) (0.152047341484 0.351858961004 0) (0.152753264203 0.352521906911 0) (0.153460514297 0.353183436551 0) (0.154169088925 0.353843547268 0) (0.154878985239 0.354502236409 0) (0.155590200388 0.355159501328 0) (0.156302731514 0.355815339384 0) (0.157016575755 0.356469747942 0) (0.157731730242 0.357122724374 0) (0.158448192103 0.357774266055 0) (0.15916595846 0.358424370369 0) (0.159885026428 0.359073034704 0) (0.160605393118 0.359720256453 0) (0.161327055638 0.360366033016 0) (0.162050011086 0.361010361799 0) (0.16277425656 0.361653240213 0) (0.163499789148 0.362294665676 0) (0.164226605937 0.36293463561 0) (0.164954704006 0.363573147444 0) (0.165684080431 0.364210198614 0) (0.16641473228 0.36484578656 0) (0.167146656619 0.365479908728 0) (0.167879850506 0.36611256257 0) (0.168614310997 0.366743745546 0) (0.16935003514 0.367373455119 0) (0.170087019981 0.368001688759 0) (0.170825262557 0.368628443942 0) (0.171564759903 0.369253718151 0) (0.172305509048 0.369877508874 0) (0.173047507016 0.370499813603 0) (0.173790750827 0.37112062984 0) (0.174535237493 0.371739955089 0) (0.175280964025 0.372357786864 0) (0.176027927425 0.372974122681 0) (0.176776124694 0.373588960064 0) (0.177525552825 0.374202296544 0) (0.178276208808 0.374814129656 0) (0.179028089626 0.375424456943 0) (0.179781192259 0.376033275951 0) (0.180535513682 0.376640584236 0) (0.181291050863 0.377246379358 0) (0.182047800768 0.377850658882 0) (0.182805760356 0.37845342038 0) (0.183564926582 0.379054661432 0) (0.184325296396 0.379654379622 0) (0.185086866743 0.380252572541 0) (0.185849634564 0.380849237784 0) (0.186613596794 0.381444372955 0) (0.187378750364 0.382037975664 0) (0.1881450922 0.382630043525 0))
    polyLine 29 33 ((-0.0175651268931 0.484482347623 -0.03) (-0.0158834442783 0.487237951698 -0.03) (-0.0141948153405 0.48999280429 -0.03) (-0.0124992417745 0.492746957795 -0.03) (-0.0107967244083 0.495500464999 -0.03) (-0.00908726320348 0.498253379074 -0.03) (-0.00737085725561 0.501005753585 -0.03) (-0.00564750479395 0.503757642478 -0.03) (-0.00391720318178 0.506509100086 -0.03) (-0.00217994891631 0.509260181127 -0.03) (-0.000435737628729 0.5120109407 -0.03) (0.00131543591588 0.514761434288 -0.03) (0.00307357781859 0.517511717755 -0.03) (0.00483869504701 0.520261847346 -0.03) (0.0066107954352 0.523011879689 -0.03) (0.00838988768419 0.52576187179 -0.03) (0.0101759813622 0.52851188104 -0.03) (0.0119690869053 0.531261965208 -0.03) (0.0137692156176 0.534012182445 -0.03) (0.0155763796719 0.536762591287 -0.03) (0.0173905921106 0.539513250649 -0.03) (0.0192118668462 0.542264219832 -0.03) (0.0210402186621 0.545015558521 -0.03))
    polyLine 31 35 ((-0.0175651268931 0.484482347623 0) (-0.0158834442783 0.487237951698 0) (-0.0141948153405 0.48999280429 0) (-0.0124992417745 0.492746957795 0) (-0.0107967244083 0.495500464999 0) (-0.00908726320348 0.498253379074 0) (-0.00737085725561 0.501005753585 0) (-0.00564750479395 0.503757642478 0) (-0.00391720318178 0.506509100086 0) (-0.00217994891631 0.509260181127 0) (-0.000435737628729 0.5120109407 0) (0.00131543591588 0.514761434288 0) (0.00307357781859 0.517511717755 0) (0.00483869504701 0.520261847346 0) (0.0066107954352 0.523011879689 0) (0.00838988768419 0.52576187179 0) (0.0101759813622 0.52851188104 0) (0.0119690869053 0.531261965208 0) (0.0137692156176 0.534012182445 0) (0.0155763796719 0.536762591287 0) (0.0173905921106 0.539513250649 0) (0.0192118668462 0.542264219832 0) (0.0210402186621 0.545015558521 0))
    polyLine 32 36 ((0.188912619223 0.383220574159 -0.03) (0.18968132835 0.383809565194 -0.03) (0.190451216492 0.384397014264 -0.03) (0.191222280556 0.384982919009 -0.03) (0.191994517445 0.385567277075 -0.03) (0.192767924055 0.386150086114 -0.03) (0.193542497281 0.386731343785 -0.03) (0.194318234009 0.387311047752 -0.03) (0.195095131124 0.387889195687 -0.03) (0.195873185504 0.388465785266 -0.03) (0.196652394023 0.389040814174 -0.03) (0.197432753551 0.3896142801 -0.03) (0.198214260953 0.39018618074 -0.03) (0.198996913089 0.390756513797 -0.03) (0.199780706814 0.391325276979 -0.03) (0.20056563898 0.391892468002 -0.03) (0.201351706434 0.392458084586 -0.03) (0.202138906016 0.393022124459 -0.03) (0.202927234565 0.393584585355 -0.03) (0.203716688914 0.394145465014 -0.03) (0.204507265891 0.394704761184 -0.03) (0.205298962319 0.395262471617 -0.03) (0.206091775018 0.395818594072 -0.03) (0.206885700803 0.396373126316 -0.03) (0.207680736485 0.396926066119 -0.03) (0.208476878868 0.397477411262 -0.03) (0.209274124755 0.398027159529 -0.03) (0.210072470943 0.398575308711 -0.03) (0.210871914224 0.399121856606 -0.03) (0.211672451387 0.399666801018 -0.03) (0.212474079215 0.400210139758 -0.03) (0.213276794488 0.400751870644 -0.03) (0.214080593981 0.401291991498 -0.03) (0.214885474464 0.40183050015 -0.03) (0.215691432704 0.402367394438 -0.03) (0.216498465463 0.402902672204 -0.03) (0.217306569499 0.403436331298 -0.03) (0.218115741565 0.403968369576 -0.03) (0.21892597841 0.4044987849 -0.03) (0.21973727678 0.405027575139 -0.03) (0.220549633414 0.405554738169 -0.03) (0.221363045049 0.406080271873 -0.03) (0.222177508417 0.406604174138 -0.03) (0.222993020246 0.407126442859 -0.03) (0.22380957726 0.40764707594 -0.03) (0.224627176178 0.408166071287 -0.03) (0.225445813715 0.408683426817 -0.03) (0.226265486583 0.409199140449 -0.03) (0.227086191488 0.409713210114 -0.03) (0.227907925134 0.410225633744 -0.03) (0.228730684218 0.410736409282 -0.03) (0.229554465436 0.411245534676 -0.03) (0.230379265478 0.411753007879 -0.03) (0.23120508103 0.412258826854 -0.03) (0.232031908774 0.412762989569 -0.03) (0.232859745389 0.413265493996 -0.03) (0.233688587549 0.413766338119 -0.03))
    polyLine 34 38 ((0.188912619223 0.383220574159 0) (0.18968132835 0.383809565194 0) (0.190451216492 0.384397014264 0) (0.191222280556 0.384982919009 0) (0.191994517445 0.385567277075 0) (0.192767924055 0.386150086114 0) (0.193542497281 0.386731343785 0) (0.194318234009 0.387311047752 0) (0.195095131124 0.387889195687 0) (0.195873185504 0.388465785266 0) (0.196652394023 0.389040814174 0) (0.197432753551 0.3896142801 0) (0.198214260953 0.39018618074 0) (0.198996913089 0.390756513797 0) (0.199780706814 0.391325276979 0) (0.20056563898 0.391892468002 0) (0.201351706434 0.392458084586 0) (0.202138906016 0.393022124459 0) (0.202927234565 0.393584585355 0) (0.203716688914 0.394145465014 0) (0.204507265891 0.394704761184 0) (0.205298962319 0.395262471617 0) (0.206091775018 0.395818594072 0) (0.206885700803 0.396373126316 0) (0.207680736485 0.396926066119 0) (0.208476878868 0.397477411262 0) (0.209274124755 0.398027159529 0) (0.210072470943 0.398575308711 0) (0.210871914224 0.399121856606 0) (0.211672451387 0.399666801018 0) (0.212474079215 0.400210139758 0) (0.213276794488 0.400751870644 0) (0.214080593981 0.401291991498 0) (0.214885474464 0.40183050015 0) (0.215691432704 0.402367394438 0) (0.216498465463 0.402902672204 0) (0.217306569499 0.403436331298 0) (0.218115741565 0.403968369576 0) (0.21892597841 0.4044987849 0) (0.21973727678 0.405027575139 0) (0.220549633414 0.405554738169 0) (0.221363045049 0.406080271873 0) (0.222177508417 0.406604174138 0) (0.222993020246 0.407126442859 0) (0.22380957726 0.40764707594 0) (0.224627176178 0.408166071287 0) (0.225445813715 0.408683426817 0) (0.226265486583 0.409199140449 0) (0.227086191488 0.409713210114 0) (0.227907925134 0.410225633744 0) (0.228730684218 0.410736409282 0) (0.229554465436 0.411245534676 0) (0.230379265478 0.411753007879 0) (0.23120508103 0.412258826854 0) (0.232031908774 0.412762989569 0) (0.232859745389 0.413265493996 0) (0.233688587549 0.413766338119 0))
    polyLine 33 37 ((0.0247395956564 0.550551459566 -0.03) (0.0266108209889 0.553336156782 -0.03) (0.0284893581469 0.556121481829 -0.03) (0.0303752269839 0.558907498513 -0.03) (0.0322684482726 0.56169427105 -0.03) (0.034169043707 0.564481864072 -0.03) (0.0360770359035 0.567270342627 -0.03) (0.0379924484033 0.570059772181 -0.03) (0.0399153056739 0.572850218623 -0.03) (0.0418456331115 0.575641748264 -0.03) (0.0437834570433 0.578434427845 -0.03) (0.0457288047297 0.581228324535 -0.03) (0.0476817043667 0.584023505937 -0.03) (0.0496421850888 0.586820040092 -0.03) (0.0516102769717 0.589617995481 -0.03) (0.0535860110351 0.592417441028 -0.03) (0.0555694192459 0.595218446107 -0.03) (0.0575605345215 0.598021080542 -0.03) (0.0595593907331 0.600825414615 -0.03) (0.0615660227091 0.603631519069 -0.03) (0.063580466239 0.606439465109 -0.03) (0.0656027580774 0.609249324415 -0.03) (0.0676329359475 0.612061169137 -0.03))
    polyLine 35 39 ((0.0247395956564 0.550551459566 0) (0.0266108209889 0.553336156782 0) (0.0284893581469 0.556121481829 0) (0.0303752269839 0.558907498513 0) (0.0322684482726 0.56169427105 0) (0.034169043707 0.564481864072 0) (0.0360770359035 0.567270342627 0) (0.0379924484033 0.570059772181 0) (0.0399153056739 0.572850218623 0) (0.0418456331115 0.575641748264 0) (0.0437834570433 0.578434427845 0) (0.0457288047297 0.581228324535 0) (0.0476817043667 0.584023505937 0) (0.0496421850888 0.586820040092 0) (0.0516102769717 0.589617995481 0) (0.0535860110351 0.592417441028 0) (0.0555694192459 0.595218446107 0) (0.0575605345215 0.598021080542 0) (0.0595593907331 0.600825414615 0) (0.0615660227091 0.603631519069 0) (0.063580466239 0.606439465109 0) (0.0656027580774 0.609249324415 0) (0.0676329359475 0.612061169137 0))
    polyLine 36 40 ((0.234518431924 0.414265519924 -0.03) (0.23534927518 0.414763037407 -0.03) (0.236181113979 0.415258888568 -0.03) (0.237013944979 0.415753071415 -0.03) (0.237847764835 0.416245583963 -0.03) (0.238682570195 0.416736424234 -0.03) (0.239518357707 0.417225590255 -0.03) (0.240355124013 0.417713080061 -0.03) (0.241192865751 0.418198891693 -0.03) (0.242031579555 0.4186830232 -0.03) (0.242871262056 0.419165472637 -0.03) (0.24371190988 0.419646238066 -0.03) (0.24455351965 0.420125317554 -0.03) (0.245396087984 0.420602709178 -0.03) (0.246239611499 0.421078411019 -0.03) (0.247084086804 0.421552421167 -0.03) (0.247927896328 0.422024946137 -0.03) (0.248771705852 0.422497471108 -0.03) (0.249615515376 0.422969996079 -0.03) (0.2504593249 0.423442521049 -0.03) (0.251303134424 0.42391504602 -0.03) (0.252146943948 0.42438757099 -0.03) (0.252990753472 0.424860095961 -0.03) (0.253834562997 0.425332620932 -0.03) (0.254678372521 0.425805145902 -0.03) (0.255522182045 0.426277670873 -0.03) (0.256365991569 0.426750195844 -0.03) (0.257209801093 0.427222720814 -0.03) (0.258053610617 0.427695245785 -0.03) (0.258897420141 0.428167770756 -0.03) (0.259741229665 0.428640295726 -0.03) (0.260585039189 0.429112820697 -0.03) (0.261428848713 0.429585345668 -0.03) (0.262272658237 0.430057870638 -0.03) (0.263116467761 0.430530395609 -0.03) (0.263960277285 0.43100292058 -0.03) (0.264804086809 0.43147544555 -0.03) (0.265647896333 0.431947970521 -0.03) (0.266491705857 0.432420495492 -0.03) (0.267335515381 0.432893020462 -0.03) (0.268179324905 0.433365545433 -0.03) (0.269023134429 0.433838070404 -0.03) (0.269866943953 0.434310595374 -0.03) (0.270710753477 0.434783120345 -0.03) (0.271554563001 0.435255645316 -0.03) (0.272398372525 0.435728170286 -0.03) (0.273242182049 0.436200695257 -0.03) (0.274085991573 0.436673220228 -0.03) (0.274929801097 0.437145745198 -0.03) (0.275773610621 0.437618270169 -0.03) (0.276617420145 0.43809079514 -0.03) (0.277461229669 0.43856332011 -0.03) (0.278305039193 0.439035845081 -0.03) (0.279148848717 0.439508370052 -0.03) (0.279992658241 0.439980895022 -0.03) (0.280836467765 0.440453419993 -0.03) (0.281680277289 0.440925944963 -0.03))
    polyLine 38 42 ((0.234518431924 0.414265519924 0) (0.23534927518 0.414763037407 0) (0.236181113979 0.415258888568 0) (0.237013944979 0.415753071415 0) (0.237847764835 0.416245583963 0) (0.238682570195 0.416736424234 0) (0.239518357707 0.417225590255 0) (0.240355124013 0.417713080061 0) (0.241192865751 0.418198891693 0) (0.242031579555 0.4186830232 0) (0.242871262056 0.419165472637 0) (0.24371190988 0.419646238066 0) (0.24455351965 0.420125317554 0) (0.245396087984 0.420602709178 0) (0.246239611499 0.421078411019 0) (0.247084086804 0.421552421167 0) (0.247927896328 0.422024946137 0) (0.248771705852 0.422497471108 0) (0.249615515376 0.422969996079 0) (0.2504593249 0.423442521049 0) (0.251303134424 0.42391504602 0) (0.252146943948 0.42438757099 0) (0.252990753472 0.424860095961 0) (0.253834562997 0.425332620932 0) (0.254678372521 0.425805145902 0) (0.255522182045 0.426277670873 0) (0.256365991569 0.426750195844 0) (0.257209801093 0.427222720814 0) (0.258053610617 0.427695245785 0) (0.258897420141 0.428167770756 0) (0.259741229665 0.428640295726 0) (0.260585039189 0.429112820697 0) (0.261428848713 0.429585345668 0) (0.262272658237 0.430057870638 0) (0.263116467761 0.430530395609 0) (0.263960277285 0.43100292058 0) (0.264804086809 0.43147544555 0) (0.265647896333 0.431947970521 0) (0.266491705857 0.432420495492 0) (0.267335515381 0.432893020462 0) (0.268179324905 0.433365545433 0) (0.269023134429 0.433838070404 0) (0.269866943953 0.434310595374 0) (0.270710753477 0.434783120345 0) (0.271554563001 0.435255645316 0) (0.272398372525 0.435728170286 0) (0.273242182049 0.436200695257 0) (0.274085991573 0.436673220228 0) (0.274929801097 0.437145745198 0) (0.275773610621 0.437618270169 0) (0.276617420145 0.43809079514 0) (0.277461229669 0.43856332011 0) (0.278305039193 0.439035845081 0) (0.279148848717 0.439508370052 0) (0.279992658241 0.439980895022 0) (0.280836467765 0.440453419993 0) (0.281680277289 0.440925944963 0))
    polyLine 37 41 ((0.0717502159376 0.61773660383 -0.03) (0.0738376597347 0.620600413549 -0.03) (0.0759334136558 0.623466578829 -0.03) (0.0780375224769 0.626335177968 -0.03) (0.080150032037 0.629206289808 -0.03) (0.0822709892439 0.632079993736 -0.03) (0.08440044208 0.634956369695 -0.03) (0.0865384396087 0.63783549819 -0.03) (0.0886850319806 0.640717460294 -0.03) (0.0908402704401 0.643602337655 -0.03) (0.093004207332 0.646490212506 -0.03) (0.0951768961091 0.649381167669 -0.03) (0.0973583913391 0.652275286568 -0.03) (0.0995487487119 0.655172653232 -0.03) (0.101748025048 0.658073352305 -0.03) (0.103956278306 0.660977469056 -0.03) (0.10617356759 0.663885089386 -0.03) (0.108399953161 0.666796299838 -0.03) (0.110635496441 0.669711187605 -0.03) (0.112880260028 0.672629840542 -0.03) (0.1151343077 0.67555234717 -0.03) (0.117397704425 0.678478796692 -0.03) (0.119670516376 0.681409279 -0.03))
    polyLine 39 43 ((0.0717502159376 0.61773660383 0) (0.0738376597347 0.620600413549 0) (0.0759334136558 0.623466578829 0) (0.0780375224769 0.626335177968 0) (0.080150032037 0.629206289808 0) (0.0822709892439 0.632079993736 0) (0.08440044208 0.634956369695 0) (0.0865384396087 0.63783549819 0) (0.0886850319806 0.640717460294 0) (0.0908402704401 0.643602337655 0) (0.093004207332 0.646490212506 0) (0.0951768961091 0.649381167669 0) (0.0973583913391 0.652275286568 0) (0.0995487487119 0.655172653232 0) (0.101748025048 0.658073352305 0) (0.103956278306 0.660977469056 0) (0.10617356759 0.663885089386 0) (0.108399953161 0.666796299838 0) (0.110635496441 0.669711187605 0) (0.112880260028 0.672629840542 0) (0.1151343077 0.67555234717 0) (0.117397704425 0.678478796692 0) (0.119670516376 0.681409279 0))
    polyLine 40 44 ((0.282524086813 0.441398469934 -0.03) (0.283367896337 0.441870994905 -0.03) (0.284211705861 0.442343519875 -0.03) (0.285055515385 0.442816044846 -0.03) (0.285899324909 0.443288569817 -0.03) (0.286743134433 0.443761094787 -0.03) (0.287586943957 0.444233619758 -0.03) (0.288430753481 0.444706144729 -0.03) (0.289274563005 0.445178669699 -0.03) (0.290118372529 0.44565119467 -0.03) (0.290962182053 0.446123719641 -0.03) (0.291805991577 0.446596244611 -0.03) (0.292649801101 0.447068769582 -0.03) (0.293493610625 0.447541294553 -0.03) (0.294337420149 0.448013819523 -0.03) (0.295181229673 0.448486344494 -0.03) (0.296025039197 0.448958869465 -0.03) (0.296868848721 0.449431394435 -0.03) (0.297712658245 0.449903919406 -0.03) (0.29855646777 0.450376444377 -0.03) (0.299400277294 0.450848969347 -0.03) (0.300244086818 0.451321494318 -0.03) (0.301087896342 0.451794019289 -0.03) (0.301931705866 0.452266544259 -0.03) (0.30277551539 0.45273906923 -0.03) (0.303619324914 0.453211594201 -0.03) (0.304463134438 0.453684119171 -0.03) (0.305306943962 0.454156644142 -0.03) (0.306150753486 0.454629169113 -0.03) (0.30699456301 0.455101694083 -0.03) (0.307838372534 0.455574219054 -0.03) (0.308682182058 0.456046744025 -0.03) (0.309525991582 0.456519268995 -0.03) (0.310369801106 0.456991793966 -0.03) (0.31121361063 0.457464318936 -0.03) (0.312057420154 0.457936843907 -0.03) (0.312901229678 0.458409368878 -0.03) (0.313745039202 0.458881893848 -0.03) (0.314588848726 0.459354418819 -0.03) (0.31543265825 0.45982694379 -0.03) (0.316276467774 0.46029946876 -0.03) (0.317120277298 0.460771993731 -0.03) (0.317964086822 0.461244518702 -0.03) (0.318807896346 0.461717043672 -0.03) (0.31965170587 0.462189568643 -0.03) (0.320495515394 0.462662093614 -0.03) (0.321339324918 0.463134618584 -0.03) (0.322183134442 0.463607143555 -0.03) (0.323026943966 0.464079668526 -0.03) (0.32387075349 0.464552193496 -0.03) (0.324714563014 0.465024718467 -0.03) (0.325558372538 0.465497243438 -0.03) (0.326402182062 0.465969768408 -0.03) (0.327245991586 0.466442293379 -0.03) (0.32808980111 0.46691481835 -0.03) (0.328933610634 0.46738734332 -0.03) (0.329777420158 0.467859868291 -0.03))
    polyLine 42 46 ((0.282524086813 0.441398469934 0) (0.283367896337 0.441870994905 0) (0.284211705861 0.442343519875 0) (0.285055515385 0.442816044846 0) (0.285899324909 0.443288569817 0) (0.286743134433 0.443761094787 0) (0.287586943957 0.444233619758 0) (0.288430753481 0.444706144729 0) (0.289274563005 0.445178669699 0) (0.290118372529 0.44565119467 0) (0.290962182053 0.446123719641 0) (0.291805991577 0.446596244611 0) (0.292649801101 0.447068769582 0) (0.293493610625 0.447541294553 0) (0.294337420149 0.448013819523 0) (0.295181229673 0.448486344494 0) (0.296025039197 0.448958869465 0) (0.296868848721 0.449431394435 0) (0.297712658245 0.449903919406 0) (0.29855646777 0.450376444377 0) (0.299400277294 0.450848969347 0) (0.300244086818 0.451321494318 0) (0.301087896342 0.451794019289 0) (0.301931705866 0.452266544259 0) (0.30277551539 0.45273906923 0) (0.303619324914 0.453211594201 0) (0.304463134438 0.453684119171 0) (0.305306943962 0.454156644142 0) (0.306150753486 0.454629169113 0) (0.30699456301 0.455101694083 0) (0.307838372534 0.455574219054 0) (0.308682182058 0.456046744025 0) (0.309525991582 0.456519268995 0) (0.310369801106 0.456991793966 0) (0.31121361063 0.457464318936 0) (0.312057420154 0.457936843907 0) (0.312901229678 0.458409368878 0) (0.313745039202 0.458881893848 0) (0.314588848726 0.459354418819 0) (0.31543265825 0.45982694379 0) (0.316276467774 0.46029946876 0) (0.317120277298 0.460771993731 0) (0.317964086822 0.461244518702 0) (0.318807896346 0.461717043672 0) (0.31965170587 0.462189568643 0) (0.320495515394 0.462662093614 0) (0.321339324918 0.463134618584 0) (0.322183134442 0.463607143555 0) (0.323026943966 0.464079668526 0) (0.32387075349 0.464552193496 0) (0.324714563014 0.465024718467 0) (0.325558372538 0.465497243438 0) (0.326402182062 0.465969768408 0) (0.327245991586 0.466442293379 0) (0.32808980111 0.46691481835 0) (0.328933610634 0.46738734332 0) (0.329777420158 0.467859868291 0))
    polyLine 41 45 ((0.124277293469 0.687324497107 -0.03) (0.126611673463 0.690309540849 -0.03) (0.128956025097 0.693299112691 -0.03) (0.131310423879 0.696293310199 -0.03) (0.13367494666 0.699292231737 -0.03) (0.136049671641 0.702295976482 -0.03) (0.138434678391 0.705304644433 -0.03) (0.140830047858 0.708318336424 -0.03) (0.143235862383 0.711337154143 -0.03) (0.145652205715 0.714361200138 -0.03) (0.148079163024 0.717390577837 -0.03) (0.150516820918 0.720425391556 -0.03) (0.152965267457 0.723465746521 -0.03) (0.155424592166 0.726511748877 -0.03) (0.157894886058 0.729563505703 -0.03) (0.160376241644 0.732621125031 -0.03) (0.162868752951 0.735684715861 -0.03) (0.165372515541 0.738754388174 -0.03) (0.16788762653 0.741830252949 -0.03) (0.170414184602 0.744912422183 -0.03) (0.172952290029 0.748001008904 -0.03) (0.175502044692 0.751096127193 -0.03) (0.178063552099 0.754197892195 -0.03))
    polyLine 43 47 ((0.124277293469 0.687324497107 0) (0.126611673463 0.690309540849 0) (0.128956025097 0.693299112691 0) (0.131310423879 0.696293310199 0) (0.13367494666 0.699292231737 0) (0.136049671641 0.702295976482 0) (0.138434678391 0.705304644433 0) (0.140830047858 0.708318336424 0) (0.143235862383 0.711337154143 0) (0.145652205715 0.714361200138 0) (0.148079163024 0.717390577837 0) (0.150516820918 0.720425391556 0) (0.152965267457 0.723465746521 0) (0.155424592166 0.726511748877 0) (0.157894886058 0.729563505703 0) (0.160376241644 0.732621125031 0) (0.162868752951 0.735684715861 0) (0.165372515541 0.738754388174 0) (0.16788762653 0.741830252949 0) (0.170414184602 0.744912422183 0) (0.172952290029 0.748001008904 0) (0.175502044692 0.751096127193 0) (0.178063552099 0.754197892195 0))
    polyLine 44 48 ((0.330621229682 0.468332393262 -0.03) (0.331465039206 0.468804918232 -0.03) (0.33230884873 0.469277443203 -0.03) (0.333152658254 0.469749968174 -0.03) (0.333996467778 0.470222493144 -0.03) (0.334840277302 0.470695018115 -0.03) (0.335684086826 0.471167543086 -0.03) (0.33652789635 0.471640068056 -0.03) (0.337371705874 0.472112593027 -0.03) (0.338215515398 0.472585117998 -0.03) (0.339059324922 0.473057642968 -0.03) (0.339903134446 0.473530167939 -0.03) (0.34074694397 0.474002692909 -0.03) (0.341590753494 0.47447521788 -0.03) (0.342434563019 0.474947742851 -0.03) (0.343278372543 0.475420267821 -0.03) (0.344122182067 0.475892792792 -0.03) (0.344965991591 0.476365317763 -0.03) (0.345809801115 0.476837842733 -0.03) (0.346653610639 0.477310367704 -0.03) (0.347497420163 0.477782892675 -0.03) (0.348341229687 0.478255417645 -0.03) (0.349185039211 0.478727942616 -0.03) (0.350028848735 0.479200467587 -0.03) (0.350872658259 0.479672992557 -0.03) (0.351716467783 0.480145517528 -0.03) (0.352560277307 0.480618042499 -0.03) (0.353404086831 0.481090567469 -0.03) (0.354247896355 0.48156309244 -0.03) (0.355091705879 0.482035617411 -0.03) (0.355935515403 0.482508142381 -0.03) (0.356779324927 0.482980667352 -0.03) (0.357623134451 0.483453192323 -0.03) (0.358466943975 0.483925717293 -0.03) (0.359310753499 0.484398242264 -0.03) (0.360154563023 0.484870767235 -0.03) (0.360998372547 0.485343292205 -0.03) (0.361842182071 0.485815817176 -0.03) (0.362685991595 0.486288342147 -0.03) (0.363529801119 0.486760867117 -0.03) (0.364373610643 0.487233392088 -0.03) (0.365217420167 0.487705917059 -0.03) (0.366061229691 0.488178442029 -0.03) (0.366905039215 0.488650967 -0.03) (0.367748848739 0.489123491971 -0.03) (0.368592658263 0.489596016941 -0.03) (0.369436467787 0.490068541912 -0.03) (0.370280277311 0.490541066882 -0.03) (0.371124086835 0.491013591853 -0.03) (0.371967896359 0.491486116824 -0.03) (0.372811705883 0.491958641794 -0.03) (0.373655515407 0.492431166765 -0.03) (0.374499324931 0.492903691736 -0.03) (0.375343134455 0.493376216706 -0.03) (0.376186943979 0.493848741677 -0.03) (0.377030753503 0.494321266648 -0.03) (0.377874563027 0.494793791618 -0.03))
    polyLine 46 50 ((0.330621229682 0.468332393262 0) (0.331465039206 0.468804918232 0) (0.33230884873 0.469277443203 0) (0.333152658254 0.469749968174 0) (0.333996467778 0.470222493144 0) (0.334840277302 0.470695018115 0) (0.335684086826 0.471167543086 0) (0.33652789635 0.471640068056 0) (0.337371705874 0.472112593027 0) (0.338215515398 0.472585117998 0) (0.339059324922 0.473057642968 0) (0.339903134446 0.473530167939 0) (0.34074694397 0.474002692909 0) (0.341590753494 0.47447521788 0) (0.342434563019 0.474947742851 0) (0.343278372543 0.475420267821 0) (0.344122182067 0.475892792792 0) (0.344965991591 0.476365317763 0) (0.345809801115 0.476837842733 0) (0.346653610639 0.477310367704 0) (0.347497420163 0.477782892675 0) (0.348341229687 0.478255417645 0) (0.349185039211 0.478727942616 0) (0.350028848735 0.479200467587 0) (0.350872658259 0.479672992557 0) (0.351716467783 0.480145517528 0) (0.352560277307 0.480618042499 0) (0.353404086831 0.481090567469 0) (0.354247896355 0.48156309244 0) (0.355091705879 0.482035617411 0) (0.355935515403 0.482508142381 0) (0.356779324927 0.482980667352 0) (0.357623134451 0.483453192323 0) (0.358466943975 0.483925717293 0) (0.359310753499 0.484398242264 0) (0.360154563023 0.484870767235 0) (0.360998372547 0.485343292205 0) (0.361842182071 0.485815817176 0) (0.362685991595 0.486288342147 0) (0.363529801119 0.486760867117 0) (0.364373610643 0.487233392088 0) (0.365217420167 0.487705917059 0) (0.366061229691 0.488178442029 0) (0.366905039215 0.488650967 0) (0.367748848739 0.489123491971 0) (0.368592658263 0.489596016941 0) (0.369436467787 0.490068541912 0) (0.370280277311 0.490541066882 0) (0.371124086835 0.491013591853 0) (0.371967896359 0.491486116824 0) (0.372811705883 0.491958641794 0) (0.373655515407 0.492431166765 0) (0.374499324931 0.492903691736 0) (0.375343134455 0.493376216706 0) (0.376186943979 0.493848741677 0) (0.377030753503 0.494321266648 0) (0.377874563027 0.494793791618 0))
    polyLine 45 49 ((0.183204347212 0.760400283898 -0.03) (0.18578368328 0.763501049226 -0.03) (0.188375033543 0.766608833253 -0.03) (0.190978507619 0.769723754238 -0.03) (0.193594216831 0.772845931588 -0.03) (0.19622227423 0.775975485878 -0.03) (0.198862794617 0.779112538871 -0.03) (0.201515894566 0.782257213539 -0.03) (0.204181692448 0.785409634085 -0.03) (0.206860308456 0.788569925961 -0.03) (0.209551864628 0.791738215893 -0.03) (0.212256484874 0.794914631899 -0.03) (0.214974295001 0.798099303318 -0.03) (0.21770542274 0.801292360827 -0.03) (0.220449997771 0.804493936466 -0.03) (0.223208151757 0.807704163662 -0.03) (0.225980018363 0.810923177257 -0.03) (0.228765733292 0.814151113527 -0.03) (0.231565434314 0.81738811021 -0.03) (0.234379261293 0.820634306533 -0.03) (0.23720735622 0.823889843237 -0.03) (0.240049863245 0.827154862605 -0.03) (0.24290692871 0.830429508488 -0.03))
    polyLine 47 51 ((0.183204347212 0.760400283898 0) (0.18578368328 0.763501049226 0) (0.188375033543 0.766608833253 0) (0.190978507619 0.769723754238 0) (0.193594216831 0.772845931588 0) (0.19622227423 0.775975485878 0) (0.198862794617 0.779112538871 0) (0.201515894566 0.782257213539 0) (0.204181692448 0.785409634085 0) (0.206860308456 0.788569925961 0) (0.209551864628 0.791738215893 0) (0.212256484874 0.794914631899 0) (0.214974295001 0.798099303318 0) (0.21770542274 0.801292360827 0) (0.220449997771 0.804493936466 0) (0.223208151757 0.807704163662 0) (0.225980018363 0.810923177257 0) (0.228765733292 0.814151113527 0) (0.231565434314 0.81738811021 0) (0.234379261293 0.820634306533 0) (0.23720735622 0.823889843237 0) (0.240049863245 0.827154862605 0) (0.24290692871 0.830429508488 0))
    polyLine 48 52 ((0.378718372551 0.495266316589 -0.03) (0.379562182075 0.49573884156 -0.03) (0.380405991599 0.49621136653 -0.03) (0.381249801123 0.496683891501 -0.03) (0.382093610647 0.497156416472 -0.03) (0.382937420171 0.497628941442 -0.03) (0.383781229695 0.498101466413 -0.03) (0.384625039219 0.498573991384 -0.03) (0.385468848743 0.499046516354 -0.03) (0.386312658267 0.499519041325 -0.03) (0.387156467792 0.499991566296 -0.03) (0.388000277316 0.500464091266 -0.03) (0.38884408684 0.500936616237 -0.03) (0.389687896364 0.501409141208 -0.03) (0.390531705888 0.501881666178 -0.03) (0.391375515412 0.502354191149 -0.03) (0.392219324936 0.50282671612 -0.03) (0.39306313446 0.50329924109 -0.03) (0.393906943984 0.503771766061 -0.03) (0.394750753508 0.504244291032 -0.03) (0.395594563032 0.504716816002 -0.03) (0.396438372556 0.505189340973 -0.03) (0.39728218208 0.505661865944 -0.03) (0.398125991604 0.506134390914 -0.03) (0.398969801128 0.506606915885 -0.03) (0.399813610652 0.507079440855 -0.03) (0.400657420176 0.507551965826 -0.03) (0.4015012297 0.508024490797 -0.03) (0.402345039224 0.508497015767 -0.03) (0.403188848748 0.508969540738 -0.03) (0.404032658272 0.509442065709 -0.03) (0.404876467796 0.509914590679 -0.03) (0.40572027732 0.51038711565 -0.03) (0.406564086844 0.510859640621 -0.03) (0.407407896368 0.511332165591 -0.03) (0.408251705892 0.511804690562 -0.03) (0.409095515416 0.512277215533 -0.03) (0.40993932494 0.512749740503 -0.03) (0.410783134464 0.513222265474 -0.03) (0.411626943988 0.513694790445 -0.03) (0.412470753512 0.514167315415 -0.03) (0.413314563036 0.514639840386 -0.03) (0.41415837256 0.515112365357 -0.03) (0.415002182084 0.515584890327 -0.03) (0.415845991608 0.516057415298 -0.03) (0.416689801132 0.516529940269 -0.03) (0.417533610656 0.517002465239 -0.03) (0.41837742018 0.51747499021 -0.03) (0.419221229704 0.517947515181 -0.03) (0.420065039228 0.518420040151 -0.03) (0.420908848752 0.518892565122 -0.03) (0.421752658276 0.519365090093 -0.03) (0.4225964678 0.519837615063 -0.03) (0.423440277324 0.520310140034 -0.03) (0.424284086848 0.520782665005 -0.03) (0.425127896372 0.521255189975 -0.03) (0.425971705896 0.521727714946 -0.03))
    polyLine 50 54 ((0.378718372551 0.495266316589 0) (0.379562182075 0.49573884156 0) (0.380405991599 0.49621136653 0) (0.381249801123 0.496683891501 0) (0.382093610647 0.497156416472 0) (0.382937420171 0.497628941442 0) (0.383781229695 0.498101466413 0) (0.384625039219 0.498573991384 0) (0.385468848743 0.499046516354 0) (0.386312658267 0.499519041325 0) (0.387156467792 0.499991566296 0) (0.388000277316 0.500464091266 0) (0.38884408684 0.500936616237 0) (0.389687896364 0.501409141208 0) (0.390531705888 0.501881666178 0) (0.391375515412 0.502354191149 0) (0.392219324936 0.50282671612 0) (0.39306313446 0.50329924109 0) (0.393906943984 0.503771766061 0) (0.394750753508 0.504244291032 0) (0.395594563032 0.504716816002 0) (0.396438372556 0.505189340973 0) (0.39728218208 0.505661865944 0) (0.398125991604 0.506134390914 0) (0.398969801128 0.506606915885 0) (0.399813610652 0.507079440855 0) (0.400657420176 0.507551965826 0) (0.4015012297 0.508024490797 0) (0.402345039224 0.508497015767 0) (0.403188848748 0.508969540738 0) (0.404032658272 0.509442065709 0) (0.404876467796 0.509914590679 0) (0.40572027732 0.51038711565 0) (0.406564086844 0.510859640621 0) (0.407407896368 0.511332165591 0) (0.408251705892 0.511804690562 0) (0.409095515416 0.512277215533 0) (0.40993932494 0.512749740503 0) (0.410783134464 0.513222265474 0) (0.411626943988 0.513694790445 0) (0.412470753512 0.514167315415 0) (0.413314563036 0.514639840386 0) (0.41415837256 0.515112365357 0) (0.415002182084 0.515584890327 0) (0.415845991608 0.516057415298 0) (0.416689801132 0.516529940269 0) (0.417533610656 0.517002465239 0) (0.41837742018 0.51747499021 0) (0.419221229704 0.517947515181 0) (0.420065039228 0.518420040151 0) (0.420908848752 0.518892565122 0) (0.421752658276 0.519365090093 0) (0.4225964678 0.519837615063 0) (0.423440277324 0.520310140034 0) (0.424284086848 0.520782665005 0) (0.425127896372 0.521255189975 0) (0.425971705896 0.521727714946 0))
    polyLine 49 53 ((0.24858473742 0.836916381579 -0.03) (0.251404956079 0.840128347687 -0.03) (0.254239499881 0.843349962788 -0.03) (0.257088513663 0.846581366537 -0.03) (0.259952144402 0.849822700152 -0.03) (0.26283054125 0.853074106431 -0.03) (0.265723855567 0.856335729787 -0.03) (0.268632240958 0.859607716274 -0.03) (0.271555853305 0.862890213616 -0.03) (0.274494850802 0.866183371238 -0.03) (0.277449393995 0.869487340294 -0.03) (0.280419645818 0.872802273702 -0.03) (0.283405771629 0.87612832617 -0.03) (0.286407939254 0.879465654235 -0.03) (0.28942631902 0.882814416289 -0.03) (0.292461083804 0.886174772618 -0.03) (0.295512409068 0.889546885435 -0.03) (0.298580472903 0.892930918911 -0.03) (0.301665456078 0.896327039218 -0.03) (0.304767542077 0.899735414559 -0.03) (0.307886917147 0.903156215208 -0.03) (0.311023770349 0.906589613549 -0.03) (0.3141782936 0.910035784112 -0.03))
    polyLine 51 55 ((0.24858473742 0.836916381579 0) (0.251404956079 0.840128347687 0) (0.254239499881 0.843349962788 0) (0.257088513663 0.846581366537 0) (0.259952144402 0.849822700152 0) (0.26283054125 0.853074106431 0) (0.265723855567 0.856335729787 0) (0.268632240958 0.859607716274 0) (0.271555853305 0.862890213616 0) (0.274494850802 0.866183371238 0) (0.277449393995 0.869487340294 0) (0.280419645818 0.872802273702 0) (0.283405771629 0.87612832617 0) (0.286407939254 0.879465654235 0) (0.28942631902 0.882814416289 0) (0.292461083804 0.886174772618 0) (0.295512409068 0.889546885435 0) (0.298580472903 0.892930918911 0) (0.301665456078 0.896327039218 0) (0.304767542077 0.899735414559 0) (0.307886917147 0.903156215208 0) (0.311023770349 0.906589613549 0) (0.3141782936 0.910035784112 0))
    polyLine 52 56 ((0.42681551542 0.522200239917 -0.03) (0.427659324944 0.522672764887 -0.03) (0.428503134468 0.523145289858 -0.03) (0.429346943992 0.523617814828 -0.03) (0.430190753516 0.524090339799 -0.03) (0.43103456304 0.52456286477 -0.03) (0.431878372565 0.52503538974 -0.03) (0.432722182089 0.525507914711 -0.03) (0.433565991613 0.525980439682 -0.03) (0.434409801137 0.526452964652 -0.03) (0.435253610661 0.526925489623 -0.03) (0.436097420185 0.527398014594 -0.03) (0.436941229709 0.527870539564 -0.03) (0.437785039233 0.528343064535 -0.03) (0.438628848757 0.528815589506 -0.03) (0.439472658281 0.529288114476 -0.03) (0.440316467805 0.529760639447 -0.03) (0.441160277329 0.530233164418 -0.03) (0.442004086853 0.530705689388 -0.03) (0.442847896377 0.531178214359 -0.03) (0.443691705901 0.53165073933 -0.03) (0.444535515425 0.5321232643 -0.03) (0.445379324949 0.532595789271 -0.03) (0.446223134473 0.533068314242 -0.03) (0.447066943997 0.533540839212 -0.03) (0.447910753521 0.534013364183 -0.03) (0.448754563045 0.534485889154 -0.03) (0.449598372569 0.534958414124 -0.03) (0.450442182093 0.535430939095 -0.03) (0.451285991617 0.535903464066 -0.03) (0.452129801141 0.536375989036 -0.03) (0.452973610665 0.536848514007 -0.03) (0.453817420189 0.537321038978 -0.03) (0.454661229713 0.537793563948 -0.03) (0.455505039237 0.538266088919 -0.03) (0.456348848761 0.53873861389 -0.03) (0.457192658285 0.53921113886 -0.03) (0.458036467809 0.539683663831 -0.03) (0.458880277333 0.540156188801 -0.03) (0.459724086857 0.540628713772 -0.03) (0.460567896381 0.541101238743 -0.03) (0.461411705905 0.541573763713 -0.03) (0.462255515429 0.542046288684 -0.03) (0.463099324953 0.542518813655 -0.03) (0.463943134477 0.542991338625 -0.03) (0.464786944001 0.543463863596 -0.03) (0.465630753525 0.543936388567 -0.03) (0.466474563049 0.544408913537 -0.03) (0.467318372573 0.544881438508 -0.03) (0.468162182097 0.545353963479 -0.03) (0.469005991621 0.545826488449 -0.03) (0.469849801145 0.54629901342 -0.03) (0.470693610669 0.546771538391 -0.03) (0.471537420193 0.547244063361 -0.03) (0.472381229717 0.547716588332 -0.03) (0.473225039241 0.548189113303 -0.03) (0.474068848765 0.548661638273 -0.03))
    polyLine 54 58 ((0.42681551542 0.522200239917 0) (0.427659324944 0.522672764887 0) (0.428503134468 0.523145289858 0) (0.429346943992 0.523617814828 0) (0.430190753516 0.524090339799 0) (0.43103456304 0.52456286477 0) (0.431878372565 0.52503538974 0) (0.432722182089 0.525507914711 0) (0.433565991613 0.525980439682 0) (0.434409801137 0.526452964652 0) (0.435253610661 0.526925489623 0) (0.436097420185 0.527398014594 0) (0.436941229709 0.527870539564 0) (0.437785039233 0.528343064535 0) (0.438628848757 0.528815589506 0) (0.439472658281 0.529288114476 0) (0.440316467805 0.529760639447 0) (0.441160277329 0.530233164418 0) (0.442004086853 0.530705689388 0) (0.442847896377 0.531178214359 0) (0.443691705901 0.53165073933 0) (0.444535515425 0.5321232643 0) (0.445379324949 0.532595789271 0) (0.446223134473 0.533068314242 0) (0.447066943997 0.533540839212 0) (0.447910753521 0.534013364183 0) (0.448754563045 0.534485889154 0) (0.449598372569 0.534958414124 0) (0.450442182093 0.535430939095 0) (0.451285991617 0.535903464066 0) (0.452129801141 0.536375989036 0) (0.452973610665 0.536848514007 0) (0.453817420189 0.537321038978 0) (0.454661229713 0.537793563948 0) (0.455505039237 0.538266088919 0) (0.456348848761 0.53873861389 0) (0.457192658285 0.53921113886 0) (0.458036467809 0.539683663831 0) (0.458880277333 0.540156188801 0) (0.459724086857 0.540628713772 0) (0.460567896381 0.541101238743 0) (0.461411705905 0.541573763713 0) (0.462255515429 0.542046288684 0) (0.463099324953 0.542518813655 0) (0.463943134477 0.542991338625 0) (0.464786944001 0.543463863596 0) (0.465630753525 0.543936388567 0) (0.466474563049 0.544408913537 0) (0.467318372573 0.544881438508 0) (0.468162182097 0.545353963479 0) (0.469005991621 0.545826488449 0) (0.469849801145 0.54629901342 0) (0.470693610669 0.546771538391 0) (0.471537420193 0.547244063361 0) (0.472381229717 0.547716588332 0) (0.473225039241 0.548189113303 0) (0.474068848765 0.548661638273 0))
    polyLine 53 57 ((0.320391710662 0.9168046774 -0.03) (0.323449328213 0.920126538306 -0.03) (0.326523710788 0.923460645187 -0.03) (0.329615037363 0.926807158835 -0.03) (0.332723489523 0.93016624202 -0.03) (0.335849251508 0.93353805952 -0.03) (0.338992510255 0.936922778164 -0.03) (0.342153455442 0.940320566862 -0.03) (0.34533227954 0.943731596648 -0.03) (0.348529177855 0.947156040716 -0.03) (0.351744348581 0.950594074456 -0.03) (0.354977992846 0.954045875503 -0.03) (0.358230314764 0.957511623767 -0.03) (0.36150152149 0.960991501483 -0.03) (0.364791823269 0.964485693249 -0.03) (0.36810143349 0.967994386071 -0.03) (0.371430568748 0.971517769409 -0.03) (0.37477944889 0.975056035219 -0.03) (0.378148297082 0.978609378002 -0.03) (0.381537339866 0.98217799485 -0.03) (0.384946807218 0.985762085497 -0.03) (0.38837693261 0.989361852363 -0.03) (0.391827953079 0.992977500612 -0.03))
    polyLine 55 59 ((0.320391710662 0.9168046774 0) (0.323449328213 0.920126538306 0) (0.326523710788 0.923460645187 0) (0.329615037363 0.926807158835 0) (0.332723489523 0.93016624202 0) (0.335849251508 0.93353805952 0) (0.338992510255 0.936922778164 0) (0.342153455442 0.940320566862 0) (0.34533227954 0.943731596648 0) (0.348529177855 0.947156040716 0) (0.351744348581 0.950594074456 0) (0.354977992846 0.954045875503 0) (0.358230314764 0.957511623767 0) (0.36150152149 0.960991501483 0) (0.364791823269 0.964485693249 0) (0.36810143349 0.967994386071 0) (0.371430568748 0.971517769409 0) (0.37477944889 0.975056035219 0) (0.378148297082 0.978609378002 0) (0.381537339866 0.98217799485 0) (0.384946807218 0.985762085497 0) (0.38837693261 0.989361852363 0) (0.391827953079 0.992977500612 0))
    polyLine 56 60 ((0.474912658289 0.549134163244 -0.03) (0.475756467813 0.549606688215 -0.03) (0.476600277338 0.550079213185 -0.03) (0.477444086862 0.550551738156 -0.03) (0.478287896386 0.551024263127 -0.03) (0.47913170591 0.551496788097 -0.03) (0.479975515434 0.551969313068 -0.03) (0.480819324958 0.552441838039 -0.03) (0.481663134482 0.552914363009 -0.03) (0.482506944006 0.55338688798 -0.03) (0.48335075353 0.553859412951 -0.03) (0.484194563054 0.554331937921 -0.03) (0.485038372578 0.554804462892 -0.03) (0.485882182102 0.555276987863 -0.03) (0.486725991626 0.555749512833 -0.03) (0.48756980115 0.556222037804 -0.03) (0.488413610674 0.556694562774 -0.03) (0.489257420198 0.557167087745 -0.03) (0.490101229722 0.557639612716 -0.03) (0.490945039246 0.558112137686 -0.03) (0.49178884877 0.558584662657 -0.03) (0.492632658294 0.559057187628 -0.03) (0.493476467818 0.559529712598 -0.03) (0.494320277342 0.560002237569 -0.03) (0.495164086866 0.56047476254 -0.03) (0.49600789639 0.56094728751 -0.03) (0.496851705914 0.561419812481 -0.03) (0.497695515438 0.561892337452 -0.03) (0.498539324962 0.562364862422 -0.03) (0.499383134486 0.562837387393 -0.03) (0.50022694401 0.563309912364 -0.03) (0.501070753534 0.563782437334 -0.03) (0.501914563058 0.564254962305 -0.03) (0.502758372582 0.564727487276 -0.03) (0.503602182106 0.565200012246 -0.03) (0.50444599163 0.565672537217 -0.03) (0.505289801154 0.566145062188 -0.03) (0.506133610678 0.566617587158 -0.03) (0.506977420202 0.567090112129 -0.03) (0.507821229726 0.5675626371 -0.03) (0.50866503925 0.56803516207 -0.03) (0.509508848774 0.568507687041 -0.03) (0.510352658298 0.568980212012 -0.03) (0.511196467822 0.569452736982 -0.03) (0.512040277346 0.569925261953 -0.03) (0.51288408687 0.570397786924 -0.03) (0.513727896394 0.570870311894 -0.03) (0.514571705918 0.571342836865 -0.03) (0.515415515442 0.571815361836 -0.03) (0.516259324966 0.572287886806 -0.03) (0.51710313449 0.572760411777 -0.03) (0.517946944014 0.573232936747 -0.03) (0.518790753538 0.573705461718 -0.03) (0.519634563062 0.574177986689 -0.03) (0.520478372587 0.574650511659 -0.03) (0.521322182111 0.57512303663 -0.03) (0.522165991635 0.575595561601 -0.03))
    polyLine 58 62 ((0.474912658289 0.549134163244 0) (0.475756467813 0.549606688215 0) (0.476600277338 0.550079213185 0) (0.477444086862 0.550551738156 0) (0.478287896386 0.551024263127 0) (0.47913170591 0.551496788097 0) (0.479975515434 0.551969313068 0) (0.480819324958 0.552441838039 0) (0.481663134482 0.552914363009 0) (0.482506944006 0.55338688798 0) (0.48335075353 0.553859412951 0) (0.484194563054 0.554331937921 0) (0.485038372578 0.554804462892 0) (0.485882182102 0.555276987863 0) (0.486725991626 0.555749512833 0) (0.48756980115 0.556222037804 0) (0.488413610674 0.556694562774 0) (0.489257420198 0.557167087745 0) (0.490101229722 0.557639612716 0) (0.490945039246 0.558112137686 0) (0.49178884877 0.558584662657 0) (0.492632658294 0.559057187628 0) (0.493476467818 0.559529712598 0) (0.494320277342 0.560002237569 0) (0.495164086866 0.56047476254 0) (0.49600789639 0.56094728751 0) (0.496851705914 0.561419812481 0) (0.497695515438 0.561892337452 0) (0.498539324962 0.562364862422 0) (0.499383134486 0.562837387393 0) (0.50022694401 0.563309912364 0) (0.501070753534 0.563782437334 0) (0.501914563058 0.564254962305 0) (0.502758372582 0.564727487276 0) (0.503602182106 0.565200012246 0) (0.50444599163 0.565672537217 0) (0.505289801154 0.566145062188 0) (0.506133610678 0.566617587158 0) (0.506977420202 0.567090112129 0) (0.507821229726 0.5675626371 0) (0.50866503925 0.56803516207 0) (0.509508848774 0.568507687041 0) (0.510352658298 0.568980212012 0) (0.511196467822 0.569452736982 0) (0.512040277346 0.569925261953 0) (0.51288408687 0.570397786924 0) (0.513727896394 0.570870311894 0) (0.514571705918 0.571342836865 0) (0.515415515442 0.571815361836 0) (0.516259324966 0.572287886806 0) (0.51710313449 0.572760411777 0) (0.517946944014 0.573232936747 0) (0.518790753538 0.573705461718 0) (0.519634563062 0.574177986689 0) (0.520478372587 0.574650511659 0) (0.521322182111 0.57512303663 0) (0.522165991635 0.575595561601 0))
    polyLine 57 61 ((0.398574006476 1.00002810117 -0.03) (0.401866891368 1.00346146053 -0.03) (0.405178971127 1.00690949445 -0.03) (0.408510455924 1.01037238343 -0.03) (0.411861558984 1.01385031031 -0.03) (0.415232496643 1.01734346035 -0.03) (0.4186234884 1.02085202124 -0.03) (0.42203475697 1.02437618319 -0.03) (0.425466528348 1.0279161389 -0.03) (0.428919031862 1.03147208369 -0.03) (0.432392500233 1.03504421548 -0.03) (0.435887169638 1.03863273488 -0.03) (0.43940327977 1.04223784523 -0.03) (0.442941073903 1.04585975262 -0.03) (0.446500798954 1.04949866601 -0.03) (0.450082705554 1.05315479719 -0.03) (0.453687048113 1.05682836093 -0.03) (0.45731408489 1.06051957495 -0.03) (0.460964078062 1.06422866003 -0.03) (0.4646372938 1.06795584005 -0.03) (0.468334002342 1.07170134205 -0.03) (0.472054478067 1.0754653963 -0.03) (0.475798999575 1.07924823633 -0.03))
    polyLine 59 63 ((0.398574006476 1.00002810117 0) (0.401866891368 1.00346146053 0) (0.405178971127 1.00690949445 0) (0.408510455924 1.01037238343 0) (0.411861558984 1.01385031031 0) (0.415232496643 1.01734346035 0) (0.4186234884 1.02085202124 0) (0.42203475697 1.02437618319 0) (0.425466528348 1.0279161389 0) (0.428919031862 1.03147208369 0) (0.432392500233 1.03504421548 0) (0.435887169638 1.03863273488 0) (0.43940327977 1.04223784523 0) (0.442941073903 1.04585975262 0) (0.446500798954 1.04949866601 0) (0.450082705554 1.05315479719 0) (0.453687048113 1.05682836093 0) (0.45731408489 1.06051957495 0) (0.460964078062 1.06422866003 0) (0.4646372938 1.06795584005 0) (0.468334002342 1.07170134205 0) (0.472054478067 1.0754653963 0) (0.475798999575 1.07924823633 0))
    polyLine 60 64 ((0.523009801159 0.576068086571 -0.03) (0.523853610683 0.576540611542 -0.03) (0.524697420207 0.577013136513 -0.03) (0.525541229731 0.577485661483 -0.03) (0.526385039255 0.577958186454 -0.03) (0.527228848779 0.578430711425 -0.03) (0.528072658303 0.578903236395 -0.03) (0.528916467827 0.579375761366 -0.03) (0.529760277351 0.579848286337 -0.03) (0.530604086875 0.580320811307 -0.03) (0.531447896399 0.580793336278 -0.03) (0.532291705923 0.581265861249 -0.03) (0.533135515447 0.581738386219 -0.03) (0.533979324971 0.58221091119 -0.03) (0.534823134495 0.582683436161 -0.03) (0.535666944019 0.583155961131 -0.03) (0.536510753543 0.583628486102 -0.03) (0.537354563067 0.584101011073 -0.03) (0.538198372591 0.584573536043 -0.03) (0.539042182115 0.585046061014 -0.03) (0.539885991639 0.585518585985 -0.03) (0.540729801163 0.585991110955 -0.03) (0.541573610687 0.586463635926 -0.03) (0.542417420211 0.586936160897 -0.03) (0.543261229735 0.587408685867 -0.03) (0.544105039259 0.587881210838 -0.03) (0.544948848783 0.588353735809 -0.03) (0.545792658307 0.588826260779 -0.03) (0.546636467831 0.58929878575 -0.03) (0.547480277355 0.58977131072 -0.03) (0.548324086879 0.590243835691 -0.03) (0.549167896403 0.590716360662 -0.03) (0.550011705927 0.591188885632 -0.03) (0.550855515451 0.591661410603 -0.03) (0.551699324975 0.592133935574 -0.03) (0.552543134499 0.592606460544 -0.03) (0.553386944023 0.593078985515 -0.03) (0.554230753547 0.593551510486 -0.03) (0.555074563071 0.594024035456 -0.03) (0.555918372595 0.594496560427 -0.03) (0.556762182119 0.594969085398 -0.03) (0.557605991643 0.595441610368 -0.03) (0.558449801167 0.595914135339 -0.03) (0.559293610691 0.59638666031 -0.03) (0.560137420215 0.59685918528 -0.03) (0.560990538775 0.59731515709 -0.03) (0.56186090007 0.597737285961 -0.03) (0.562747162215 0.598124921072 -0.03) (0.563647958806 0.598477464785 -0.03) (0.564561901033 0.598794373561 -0.03) (0.565487579819 0.599075158805 -0.03) (0.566423567991 0.599319387613 -0.03) (0.567368422481 0.599526683443 -0.03) (0.568320686551 0.599696726696 -0.03) (0.569278892042 0.599829255206 -0.03) (0.570241561631 0.599924064645 -0.03) (0.571207211115 0.599981008841 -0.03))
    polyLine 62 66 ((0.523009801159 0.576068086571 0) (0.523853610683 0.576540611542 0) (0.524697420207 0.577013136513 0) (0.525541229731 0.577485661483 0) (0.526385039255 0.577958186454 0) (0.527228848779 0.578430711425 0) (0.528072658303 0.578903236395 0) (0.528916467827 0.579375761366 0) (0.529760277351 0.579848286337 0) (0.530604086875 0.580320811307 0) (0.531447896399 0.580793336278 0) (0.532291705923 0.581265861249 0) (0.533135515447 0.581738386219 0) (0.533979324971 0.58221091119 0) (0.534823134495 0.582683436161 0) (0.535666944019 0.583155961131 0) (0.536510753543 0.583628486102 0) (0.537354563067 0.584101011073 0) (0.538198372591 0.584573536043 0) (0.539042182115 0.585046061014 0) (0.539885991639 0.585518585985 0) (0.540729801163 0.585991110955 0) (0.541573610687 0.586463635926 0) (0.542417420211 0.586936160897 0) (0.543261229735 0.587408685867 0) (0.544105039259 0.587881210838 0) (0.544948848783 0.588353735809 0) (0.545792658307 0.588826260779 0) (0.546636467831 0.58929878575 0) (0.547480277355 0.58977131072 0) (0.548324086879 0.590243835691 0) (0.549167896403 0.590716360662 0) (0.550011705927 0.591188885632 0) (0.550855515451 0.591661410603 0) (0.551699324975 0.592133935574 0) (0.552543134499 0.592606460544 0) (0.553386944023 0.593078985515 0) (0.554230753547 0.593551510486 0) (0.555074563071 0.594024035456 0) (0.555918372595 0.594496560427 0) (0.556762182119 0.594969085398 0) (0.557605991643 0.595441610368 0) (0.558449801167 0.595914135339 0) (0.559293610691 0.59638666031 0) (0.560137420215 0.59685918528 0) (0.560990538775 0.59731515709 0) (0.56186090007 0.597737285961 0) (0.562747162215 0.598124921072 0) (0.563647958806 0.598477464785 0) (0.564561901033 0.598794373561 0) (0.565487579819 0.599075158805 0) (0.566423567991 0.599319387613 0) (0.567368422481 0.599526683443 0) (0.568320686551 0.599696726696 0) (0.569278892042 0.599829255206 0) (0.570241561631 0.599924064645 0) (0.571207211115 0.599981008841 0))
    polyLine 61 65 ((0.483148566371 1.08665707076 -0.03) (0.486751468654 1.09028141666 -0.03) (0.490376805609 1.09392334459 -0.03) (0.494024829907 1.09758306524 -0.03) (0.49769579796 1.10126079222 -0.03) (0.501389969992 1.10495674213 -0.03) (0.505107610102 1.10867113457 -0.03) (0.508848986342 1.11240419221 -0.03) (0.512614370784 1.11615614088 -0.03) (0.5164040396 1.11992720956 -0.03) (0.520218273132 1.12371763054 -0.03) (0.524057355974 1.12752763936 -0.03) (0.527921577048 1.13135747498 -0.03) (0.531811229689 1.13520737978 -0.03) (0.535726611725 1.13907759964 -0.03) (0.539668025563 1.14296838402 -0.03) (0.543635778275 1.14687998601 -0.03) (0.54763018169 1.15081266242 -0.03) (0.551651552479 1.15476667382 -0.03) (0.555700212255 1.15874228465 -0.03) (0.559776487662 1.16273976326 -0.03) (0.563880710478 1.16675938202 -0.03) (0.568013217709 1.17080141736 -0.03))
    polyLine 63 67 ((0.483148566371 1.08665707076 0) (0.486751468654 1.09028141666 0) (0.490376805609 1.09392334459 0) (0.494024829907 1.09758306524 0) (0.49769579796 1.10126079222 0) (0.501389969992 1.10495674213 0) (0.505107610102 1.10867113457 0) (0.508848986342 1.11240419221 0) (0.512614370784 1.11615614088 0) (0.5164040396 1.11992720956 0) (0.520218273132 1.12371763054 0) (0.524057355974 1.12752763936 0) (0.527921577048 1.13135747498 0) (0.531811229689 1.13520737978 0) (0.535726611725 1.13907759964 0) (0.539668025563 1.14296838402 0) (0.543635778275 1.14687998601 0) (0.54763018169 1.15081266242 0) (0.551651552479 1.15476667382 0) (0.555700212255 1.15874228465 0) (0.559776487662 1.16273976326 0) (0.563880710478 1.16675938202 0) (0.568013217709 1.17080141736 0))
);

boundary
(
    body_fore
    {
        type wall;
        faces
        (
            (0 2 6 4)
            (4 6 10 8)
            (8 10 14 12)
            (12 14 18 16)
            (16 18 22 20)
            (20 22 26 24)
            (24 26 30 28)
            (28 30 34 32)
            (32 34 38 36)
            (36 38 42 40)
            (40 42 46 44)
            (44 46 50 48)
            (48 50 54 52)
            (52 54 58 56)
            (56 58 62 60)
            (60 62 66 64)
        );
    }
    freestream
    {
        type patch;
        faces
        (
            (1 5 7 3)
            (5 9 11 7)
            (9 13 15 11)
            (13 17 19 15)
            (17 21 23 19)
            (21 25 27 23)
            (25 29 31 27)
            (29 33 35 31)
            (33 37 39 35)
            (37 41 43 39)
            (41 45 47 43)
            (45 49 51 47)
            (49 53 55 51)
            (53 57 59 55)
            (57 61 63 59)
            (61 65 67 63)
        );
    }
    outlet
    {
        type patch;
        faces
        (
            (64 66 67 65)
        );
    }
    axis
    {
        type patch;
        faces
        (
            (0 1 3 2)
        );
    }
    front
    {
        type patch;
        faces
        (
            (2 6 7 3)
            (6 10 11 7)
            (10 14 15 11)
            (14 18 19 15)
            (18 22 23 19)
            (22 26 27 23)
            (26 30 31 27)
            (30 34 35 31)
            (34 38 39 35)
            (38 42 43 39)
            (42 46 47 43)
            (46 50 51 47)
            (50 54 55 51)
            (54 58 59 55)
            (58 62 63 59)
            (62 66 67 63)
        );
    }
    back
    {
        type patch;
        faces
        (
            (0 1 5 4)
            (4 5 9 8)
            (8 9 13 12)
            (12 13 17 16)
            (16 17 21 20)
            (20 21 25 24)
            (24 25 29 28)
            (28 29 33 32)
            (32 33 37 36)
            (36 37 41 40)
            (40 41 45 44)
            (44 45 49 48)
            (48 49 53 52)
            (52 53 57 56)
            (56 57 61 60)
            (60 61 65 64)
        );
    }
);
