iteration,cd_fore,cd_aft,cd_viscous,cd_total,mean_abs_drho_dtau_kg_m3_s
5,0.0537987958217905,,0.0,0.0537987958217905,37.099188113
10,0.12866747451291136,,0.0,0.12866747451291136,37.091049524
15,0.23147301757567448,,0.0,0.23147301757567448,37.079198022
20,0.3700863064698941,,0.0,0.3700863064698941,37.063084651
25,0.5525575552039563,,0.0,0.5525575552039563,37.042385276
30,0.7851434411537583,,0.0,0.7851434411537583,37.018637894
35,1.0700507714732876,,0.0,1.0700507714732876,36.992424058
40,1.4013471770934935,,0.0,1.4013471770934935,36.96362705
45,1.7578670417842885,,0.0,1.7578670417842885,36.981892525
50,2.0902497572313044,,0.0,2.0902497572313044,38.787152967
55,2.327369271629816,,0.0,2.327369271629816,45.636856137
60,2.4380759426744305,,0.0,2.4380759426744305,60.264877354
65,2.4138930954810163,,0.0,2.4138930954810163,75.82496181
70,2.2495489831372217,,0.0,2.2495489831372217,93.178684942
75,1.9454950229014996,,0.0,1.9454950229014996,108.18084664
80,1.583126108882491,,0.0,1.583126108882491,103.51649148
85,1.2817601331418964,,0.0,1.2817601331418964,94.87597041
90,1.0874390777317644,,0.0,1.0874390777317644,83.898048053
95,0.9968331001679778,,0.0,0.9968331001679778,78.398608332
100,0.9592266088665035,,0.0,0.9592266088665035,72.171271935
105,0.9564213566447177,,0.0,0.9564213566447177,70.567393363
110,0.9929386685284743,,0.0,0.9929386685284743,69.957098083
115,1.041794933562995,,0.0,1.041794933562995,60.101911172
120,1.0829712065396648,,0.0,1.0829712065396648,53.231989316
125,1.108195687548691,,0.0,1.108195687548691,52.974334888
130,1.1253182607109615,,0.0,1.1253182607109615,50.208652091
135,1.138640002838216,,0.0,1.138640002838216,46.892695135
140,1.1471331707944925,,0.0,1.1471331707944925,41.810939127
145,1.1508564468080338,,0.0,1.1508564468080338,41.138096595
150,1.1514380815487706,,0.0,1.1514380815487706,42.864539249
155,1.1512270791636907,,0.0,1.1512270791636907,42.812135826
160,1.152135787680289,,0.0,1.152135787680289,41.78562357
165,1.1556484552854438,,0.0,1.1556484552854438,42.178560799
170,1.1616375496499354,,0.0,1.1616375496499354,42.998189623
175,1.16595239320055,,0.0,1.16595239320055,42.616547335
180,1.1665208757041943,,0.0,1.1665208757041943,42.921423609
185,1.1639165175823645,,0.0,1.1639165175823645,44.545791462
190,1.1606462964679778,,0.0,1.1606462964679778,45.011037255
195,1.160698607623808,,0.0,1.160698607623808,43.877349756
200,1.168442061505639,,0.0,1.168442061505639,44.5778143
205,1.1815489080814465,,0.0,1.1815489080814465,47.135398801
210,1.1894605341343383,,0.0,1.1894605341343383,48.378488088
215,1.1908868867003646,,0.0,1.1908868867003646,47.774030213
220,1.1862253206684776,,0.0,1.1862253206684776,47.536035428
225,1.1767970669284935,,0.0,1.1767970669284935,48.371004133
230,1.168504757566979,,0.0,1.168504757566979,49.023829024
235,1.1655889945916644,,0.0,1.1655889945916644,49.951778763
240,1.1699204644680368,,0.0,1.1699204644680368,51.167201299
245,1.1768453122302966,,0.0,1.1768453122302966,51.020836847
250,1.1789215615832584,,0.0,1.1789215615832584,48.984438988
255,1.175951026716613,,0.0,1.175951026716613,49.896613214
260,1.1688725482338633,,0.0,1.1688725482338633,51.558901187
265,1.1611348740592433,,0.0,1.1611348740592433,51.311853907
270,1.1565437579356324,,0.0,1.1565437579356324,50.487950447
275,1.1568777809074158,,0.0,1.1568777809074158,50.825055753
280,1.1605624409115614,,0.0,1.1605624409115614,51.300777738
285,1.1621207237944646,,0.0,1.1621207237944646,50.951892134
290,1.1589332608495198,,0.0,1.1589332608495198,50.599183443
295,1.152709603093199,,0.0,1.152709603093199,51.161974831
300,1.1455190819314784,,0.0,1.1455190819314784,51.052394993
305,1.1407669907142788,,0.0,1.1407669907142788,50.428751468
310,1.1414644271736618,,0.0,1.1414644271736618,50.733666496
315,1.1474961831752568,,0.0,1.1474961831752568,51.669143919
320,1.1530315253782406,,0.0,1.1530315253782406,51.549504235
325,1.1532084747898055,,0.0,1.1532084747898055,51.318615118
330,1.1491378292710333,,0.0,1.1491378292710333,51.263626287
335,1.1413670516685723,,0.0,1.1413670516685723,52.156381737
340,1.1331593594426128,,0.0,1.1331593594426128,52.111097827
345,1.1267215096542613,,0.0,1.1267215096542613,51.903529354
350,1.123263428993299,,0.0,1.123263428993299,51.691306331
355,1.1239306018583213,,0.0,1.1239306018583213,51.896065554
360,1.1275971475562205,,0.0,1.1275971475562205,52.257893545
365,1.1310601802823115,,0.0,1.1310601802823115,52.480405286
370,1.1316837847090266,,0.0,1.1316837847090266,52.191323248
375,1.1297983834141214,,0.0,1.1297983834141214,52.215270721
380,1.1258465196129608,,0.0,1.1258465196129608,52.691380727
385,1.1207611309886265,,0.0,1.1207611309886265,52.560663632
390,1.116392365925184,,0.0,1.116392365925184,52.722124478
395,1.1142897577852753,,0.0,1.1142897577852753,52.706551942
400,1.1150022529942671,,0.0,1.1150022529942671,52.982707254
405,1.117476214579954,,0.0,1.117476214579954,52.918006947
410,1.1192907791200313,,0.0,1.1192907791200313,52.797594651
415,1.1189348935339163,,0.0,1.1189348935339163,53.46375842
420,1.1163604028470573,,0.0,1.1163604028470573,53.7628576
425,1.1123283696998536,,0.0,1.1123283696998536,53.355625483
430,1.1084752790570196,,0.0,1.1084752790570196,53.21973382
435,1.1062046974077977,,0.0,1.1062046974077977,53.585916451
440,1.1054946913093595,,0.0,1.1054946913093595,53.791996703
445,1.105344463630768,,0.0,1.105344463630768,53.513348022
450,1.1041792672649458,,0.0,1.1041792672649458,53.666030329
455,1.1013852777927682,,0.0,1.1013852777927682,54.132908752
460,1.0987005044441505,,0.0,1.0987005044441505,54.087069594
465,1.0979683969807772,,0.0,1.0979683969807772,53.503388198
470,1.0996628929582246,,0.0,1.0996628929582246,54.358087758
475,1.1016542939189515,,0.0,1.1016542939189515,54.571399293
480,1.101240480844618,,0.0,1.101240480844618,54.186435324
485,1.0986612798262523,,0.0,1.0986612798262523,53.854686806
490,1.095325634316451,,0.0,1.095325634316451,54.078894749
495,1.09277492032312,,0.0,1.09277492032312,54.341734705
500,1.0920323907756426,,0.0,1.0920323907756426,54.484787222
505,1.0928013290210568,,0.0,1.0928013290210568,54.693589464
510,1.0925615125702706,,0.0,1.0925615125702706,54.834049993
515,1.0897358656702139,,0.0,1.0897358656702139,54.906362386
520,1.0860099573612376,,0.0,1.0860099573612376,54.496113261
525,1.0837603716867563,,0.0,1.0837603716867563,54.66935355
530,1.0844584282501757,,0.0,1.0844584282501757,55.441153689
535,1.087224264249701,,0.0,1.087224264249701,55.557405031
540,1.088495514666863,,0.0,1.088495514666863,55.039597647
545,1.0866300404802895,,0.0,1.0866300404802895,55.110615752
550,1.083052164020986,,0.0,1.083052164020986,55.540534791
555,1.0797832430660659,,0.0,1.0797832430660659,55.344235606
560,1.0786379473979495,,0.0,1.0786379473979495,55.457823522
565,1.0798185163123608,,0.0,1.0798185163123608,55.975531395
570,1.08040103366275,,0.0,1.08040103366275,55.885804902
575,1.078085563225813,,0.0,1.078085563225813,55.702174968
580,1.074216396114813,,0.0,1.074216396114813,55.644925303
585,1.0711219302588113,,0.0,1.0711219302588113,55.912009091
590,1.0702636097606564,,0.0,1.0702636097606564,56.160072737
595,1.071953796004136,,0.0,1.071953796004136,56.13860558
600,1.0742399247448995,,0.0,1.0742399247448995,56.084436147
605,1.0743326122547419,,0.0,1.0743326122547419,56.068764182
610,1.0722862006520801,,0.0,1.0722862006520801,56.203897524
615,1.069444249410357,,0.0,1.069444249410357,56.159013923
620,1.0670779592540143,,0.0,1.0670779592540143,56.278391469
625,1.066477688215196,,0.0,1.066477688215196,56.510824593
630,1.067426649617949,,0.0,1.067426649617949,56.642802823
635,1.0677446255515892,,0.0,1.0677446255515892,56.621770897
640,1.066404475086082,,0.0,1.066404475086082,56.580658896
645,1.0636037731314028,,0.0,1.0636037731314028,56.720671431
650,1.0604599935437287,,0.0,1.0604599935437287,56.899487875
655,1.0586416527206746,,0.0,1.0586416527206746,56.98261807
660,1.0592910840839893,,0.0,1.0592910840839893,57.189358899
665,1.0609692214433877,,0.0,1.0609692214433877,57.331162557
670,1.06121023717669,,0.0,1.06121023717669,57.286638071
675,1.0595828564931509,,0.0,1.0595828564931509,57.254715253
680,1.05719892614859,,0.0,1.05719892614859,57.340020018
685,1.0552577970141037,,0.0,1.0552577970141037,57.478034071
690,1.0544793161657062,,0.0,1.0544793161657062,57.530763833
695,1.0544758093729738,,0.0,1.0544758093729738,57.463838504
700,1.0541924225922104,,0.0,1.0541924225922104,57.4551197
705,1.0532296040505744,,0.0,1.0532296040505744,57.455573972
710,1.0516875763986695,,0.0,1.0516875763986695,57.42359132
715,1.0497322308898571,,0.0,1.0497322308898571,57.475151346
720,1.047985433396822,,0.0,1.047985433396822,57.645067612
725,1.0474234333922394,,0.0,1.0474234333922394,57.768041434
730,1.0476783733459596,,0.0,1.0476783733459596,57.82226223
735,1.0477520139197782,,0.0,1.0477520139197782,57.941535995
740,1.047017475441953,,0.0,1.047017475441953,58.0513841
745,1.0456435440396539,,0.0,1.0456435440396539,58.032912206
750,1.0442370827129825,,0.0,1.0442370827129825,58.111184422
755,1.0434160623129647,,0.0,1.0434160623129647,58.448514102
760,1.0427064485905762,,0.0,1.0427064485905762,58.462815482
765,1.041901565446818,,0.0,1.041901565446818,58.255777739
770,1.0411014058035013,,0.0,1.0411014058035013,58.27378594
775,1.0403873341784402,,0.0,1.0403873341784402,58.354191907
780,1.0396548575119773,,0.0,1.0396548575119773,58.408716939
785,1.0387256356875607,,0.0,1.0387256356875607,58.396067206
790,1.0381840915495038,,0.0,1.0381840915495038,58.420681745
795,1.0375889748026321,,0.0,1.0375889748026321,58.500034537
800,1.036262588820547,,0.0,1.036262588820547,58.690622836
805,1.0345763337951075,,0.0,1.0345763337951075,58.5475558
810,1.03321832836406,,0.0,1.03321832836406,58.459472025
815,1.0327856209605566,,0.0,1.0327856209605566,58.631073923
820,1.0328236963160633,,0.0,1.0328236963160633,58.982296225
825,1.0322608342191741,,0.0,1.0322608342191741,58.991454425
830,1.0309123097663158,,0.0,1.0309123097663158,59.03024893
835,1.0295678536412074,,0.0,1.0295678536412074,58.89536438
840,1.0289936912523325,,0.0,1.0289936912523325,59.024612992
845,1.0291152653297784,,0.0,1.0291152653297784,59.134343095
850,1.029221620738729,,0.0,1.029221620738729,59.049959763
855,1.0285811805929184,,0.0,1.0285811805929184,58.849234367
860,1.02725387453156,,0.0,1.02725387453156,59.153997393
865,1.0256767128530095,,0.0,1.0256767128530095,59.298947307
870,1.0242462232042981,,0.0,1.0242462232042981,59.382843582
875,1.0233521090686573,,0.0,1.0233521090686573,59.139413526
880,1.022920602912097,,0.0,1.022920602912097,59.312245703
885,1.0227544998644311,,0.0,1.0227544998644311,59.500682301
890,1.022320920219083,,0.0,1.022320920219083,59.899950415
895,1.0214702508720006,,0.0,1.0214702508720006,59.841568738
900,1.020341243248084,,0.0,1.020341243248084,59.712086805
905,1.0191179912333883,,0.0,1.0191179912333883,59.76011849
910,1.018253435026374,,0.0,1.018253435026374,59.926598821
915,1.0180040537091017,,0.0,1.0180040537091017,60.019000841
920,1.018129698733533,,0.0,1.018129698733533,59.858641056
925,1.0179190648239775,,0.0,1.0179190648239775,59.818745931
930,1.0167913701283013,,0.0,1.0167913701283013,60.157196347
935,1.0152567001639423,,0.0,1.0152567001639423,60.383379671
940,1.0139335706556953,,0.0,1.0139335706556953,60.333015383
945,1.0131650409382837,,0.0,1.0131650409382837,60.094150719
950,1.0129478722177103,,0.0,1.0129478722177103,60.368755685
955,1.0127336337306252,,0.0,1.0127336337306252,60.348458774
960,1.0122735619719612,,0.0,1.0122735619719612,60.631681569
965,1.0114417595248308,,0.0,1.0114417595248308,60.652520901
970,1.0102496343245286,,0.0,1.0102496343245286,60.552065136
975,1.0091839818634971,,0.0,1.0091839818634971,60.629311674
980,1.0084633242431886,,0.0,1.0084633242431886,60.968651256
985,1.0080374587924594,,0.0,1.0080374587924594,61.054388196
990,1.0077879105352934,,0.0,1.0077879105352934,60.918347224
995,1.0073230048681305,,0.0,1.0073230048681305,61.065460008
1000,1.0064630733945472,,0.0,1.0064630733945472,61.251758437
1005,1.0052525653435895,,0.0,1.0052525653435895,61.545505289
1010,1.0041231617421746,,0.0,1.0041231617421746,61.592111718
1015,1.0032117897539619,,0.0,1.0032117897539619,61.637428346
1020,1.0026621244939276,,0.0,1.0026621244939276,61.76160298
1025,1.002499567309259,,0.0,1.002499567309259,61.787008429
1030,1.0024262665085075,,0.0,1.0024262665085075,62.019927262
1035,1.0021435151470333,,0.0,1.0021435151470333,62.381275276
1040,1.0012859359289414,,0.0,1.0012859359289414,62.200462286
1045,0.9999765945136155,,0.0,0.9999765945136155,62.08730044
1050,0.9987732624771102,,0.0,0.9987732624771102,62.133379385
1055,0.9980953857055049,,0.0,0.9980953857055049,62.416214499
1060,0.998004345294716,,0.0,0.998004345294716,62.57352471
1065,0.9979095648337102,,0.0,0.9979095648337102,62.396044501
1070,0.9974557883715164,,0.0,0.9974557883715164,62.34815984
1075,0.9966268539874062,,0.0,0.9966268539874062,62.6455512
1080,0.9954722181613941,,0.0,0.9954722181613941,62.867920416
1085,0.9943420077990255,,0.0,0.9943420077990255,63.01328401
1090,0.9936473392168996,,0.0,0.9936473392168996,63.17760153
1095,0.9933450433010093,,0.0,0.9933450433010093,63.25904451
1100,0.9932940821792573,,0.0,0.9932940821792573,63.399049248
1105,0.9930942576368973,,0.0,0.9930942576368973,63.651548556
1110,0.9924050125459363,,0.0,0.9924050125459363,64.016292742
1115,0.9915571642611456,,0.0,0.9915571642611456,64.176453368
1120,0.990480585913311,,0.0,0.990480585913311,64.047908144
1125,0.9894155866241656,,0.0,0.9894155866241656,64.123488593
1130,0.9888426894716154,,0.0,0.9888426894716154,64.40037816
1135,0.9887565148003141,,0.0,0.9887565148003141,64.832718228
1140,0.9888099101014275,,0.0,0.9888099101014275,64.89071706
1145,0.9886748050163133,,0.0,0.9886748050163133,64.705420601
1150,0.9880387201136895,,0.0,0.9880387201136895,65.018140482
1155,0.9868370395780084,,0.0,0.9868370395780084,65.246032511
1160,0.9855454979423832,,0.0,0.9855454979423832,65.35761228
1165,0.9845824182411277,,0.0,0.9845824182411277,65.846518666
1170,0.9843042579995605,,0.0,0.9843042579995605,66.119357886
1175,0.9845224156998555,,0.0,0.9845224156998555,66.313326457
1180,0.9846699580434906,,0.0,0.9846699580434906,66.463067496
1185,0.9840573221389142,,0.0,0.9840573221389142,66.916556983
1190,0.9831616992144129,,0.0,0.9831616992144129,67.654397388
1195,0.9820080253026875,,0.0,0.9820080253026875,68.016672673
1200,0.9806670813906742,,0.0,0.9806670813906742,68.110418657
1205,0.9798131325059288,,0.0,0.9798131325059288,68.276960789
1210,0.9795684668313909,,0.0,0.9795684668313909,68.7352146
1215,0.9798664463560897,,0.0,0.9798664463560897,69.298714245
1220,0.9801526712969333,,0.0,0.9801526712969333,69.683301279
1225,0.9797960301340943,,0.0,0.9797960301340943,69.784817563
1230,0.9786345877149891,,0.0,0.9786345877149891,69.907330552
1235,0.9774660221390616,,0.0,0.9774660221390616,70.159494454
1240,0.9764894567938441,,0.0,0.9764894567938441,70.161422482
1245,0.9758856593180263,,0.0,0.9758856593180263,70.777710139
1250,0.9756278169601962,,0.0,0.9756278169601962,71.281655694
1255,0.9754873105019072,,0.0,0.9754873105019072,71.51866137
1260,0.9754545311680977,,0.0,0.9754545311680977,71.862454052
1265,0.9753499410512085,,0.0,0.9753499410512085,72.358756728
1270,0.9746640666982399,,0.0,0.9746640666982399,72.801719036
1275,0.9736543918136316,,0.0,0.9736543918136316,73.357465659
1280,0.9724901736959406,,0.0,0.9724901736959406,73.76304212
1285,0.9717053767063227,,0.0,0.9717053767063227,74.328367099
1290,0.9713281244508681,,0.0,0.9713281244508681,74.535833072
1295,0.9713226036478239,,0.0,0.9713226036478239,74.86441934
1300,0.9713855240903498,,0.0,0.9713855240903498,75.445842782
1305,0.9712493194355648,,0.0,0.9712493194355648,75.689644704
1310,0.9706330708774825,,0.0,0.9706330708774825,75.726043334
1315,0.969750235898051,,0.0,0.969750235898051,75.831420659
1320,0.968543350359111,,0.0,0.968543350359111,76.121721314
1325,0.9676803469586673,,0.0,0.9676803469586673,76.470335412
1330,0.9673115461399064,,0.0,0.9673115461399064,76.690130347
1335,0.9670612118937804,,0.0,0.9670612118937804,76.762225519
1340,0.9671859066085939,,0.0,0.9671859066085939,76.661178062
1345,0.9673299826485142,,0.0,0.9673299826485142,77.020632292
1350,0.9671051886781987,,0.0,0.9671051886781987,77.175358279
1355,0.96655384306937,,0.0,0.96655384306937,77.13540742
1360,0.9655525505754934,,0.0,0.9655525505754934,77.441631648
1365,0.9646112908532335,,0.0,0.9646112908532335,77.429641164
1370,0.9635435548630107,,0.0,0.9635435548630107,77.21808147
1375,0.9629661892217108,,0.0,0.9629661892217108,76.933869629
1380,0.962838599087416,,0.0,0.962838599087416,77.079433791
1385,0.9629831049730063,,0.0,0.9629831049730063,77.599890449
1390,0.9630774434743772,,0.0,0.9630774434743772,78.014730187
1395,0.9629528457440386,,0.0,0.9629528457440386,78.034734687
1400,0.96222180365476,,0.0,0.96222180365476,77.966543882
1405,0.9614738481060169,,0.0,0.9614738481060169,77.918277512
1410,0.9605940421998405,,0.0,0.9605940421998405,78.048663486
1415,0.9600612093848574,,0.0,0.9600612093848574,78.387352324
1420,0.9595593266586189,,0.0,0.9595593266586189,78.952893253
1425,0.9593067690088433,,0.0,0.9593067690088433,79.173452308
1430,0.9590599320607205,,0.0,0.9590599320607205,79.532437122
1435,0.958947818553253,,0.0,0.958947818553253,79.483856187
1440,0.9586836478311027,,0.0,0.9586836478311027,79.365530645
1445,0.9583918836798089,,0.0,0.9583918836798089,79.85492953
1450,0.957476001804372,,0.0,0.957476001804372,80.175446536
1455,0.9567781440482129,,0.0,0.9567781440482129,80.213661057
1460,0.955853448626756,,0.0,0.955853448626756,80.604333937
1465,0.9555956908484101,,0.0,0.9555956908484101,80.396424597
1470,0.9555481291671079,,0.0,0.9555481291671079,79.975039691
1475,0.9555821681713667,,0.0,0.9555821681713667,80.176533741
1480,0.955229797235691,,0.0,0.955229797235691,80.279068754
1485,0.9547554889855163,,0.0,0.9547554889855163,80.700150283
1490,0.9542607600829839,,0.0,0.9542607600829839,80.83654156
1495,0.9537366174916763,,0.0,0.9537366174916763,80.781143589
1500,0.9535400189381613,,0.0,0.9535400189381613,80.584740165
1505,0.9527261267515458,,0.0,0.9527261267515458,80.067930496
1510,0.9522458325657321,,0.0,0.9522458325657321,80.473571881
1515,0.9516587103444487,,0.0,0.9516587103444487,80.583744439
1520,0.9515831572920775,,0.0,0.9515831572920775,80.591742883
1525,0.9515905174533464,,0.0,0.9515905174533464,80.599004994
1530,0.9515155886157566,,0.0,0.9515155886157566,80.779916596
1535,0.950924530738284,,0.0,0.950924530738284,80.473628559
1540,0.9504446591952426,,0.0,0.9504446591952426,80.707966985
1545,0.9498064240820537,,0.0,0.9498064240820537,81.094016688
1550,0.9492193999729719,,0.0,0.9492193999729719,81.515211453
1555,0.9490087043658656,,0.0,0.9490087043658656,81.544393925
1560,0.9486881099969126,,0.0,0.9486881099969126,81.182101474
1565,0.9485648446571899,,0.0,0.9485648446571899,81.268847367
1570,0.9483946945266856,,0.0,0.9483946945266856,81.326963373
1575,0.9479378869176751,,0.0,0.9479378869176751,81.811135578
1580,0.9474110960244927,,0.0,0.9474110960244927,82.45183881
1585,0.9471092232242921,,0.0,0.9471092232242921,82.542523171
1590,0.9466461257027958,,0.0,0.9466461257027958,82.66933456
1595,0.9462458189716614,,0.0,0.9462458189716614,82.362251027
1600,0.9459057641548584,,0.0,0.9459057641548584,82.192628343
1605,0.9452392639604767,,0.0,0.9452392639604767,82.216114933
1610,0.9449438791160787,,0.0,0.9449438791160787,82.657653663
1615,0.9451771333266296,,0.0,0.9451771333266296,83.044169779
1620,0.944922331282941,,0.0,0.944922331282941,83.098455816
1625,0.9444184468058687,,0.0,0.9444184468058687,82.852623465
1630,0.9442166970525604,,0.0,0.9442166970525604,82.44857164
1635,0.9435647444202991,,0.0,0.9435647444202991,82.120434295
1640,0.9430849155125934,,0.0,0.9430849155125934,81.986156096
1645,0.9429271916907499,,0.0,0.9429271916907499,82.315796047
1650,0.9423057227777774,,0.0,0.9423057227777774,82.813740048
1655,0.941908008617004,,0.0,0.941908008617004,83.325806937
1660,0.9419367195866855,,0.0,0.9419367195866855,82.895997494
1665,0.9418766952548281,,0.0,0.9418766952548281,82.498422329
1670,0.9413859791668013,,0.0,0.9413859791668013,82.076149338
1675,0.9414507132844913,,0.0,0.9414507132844913,81.86866483
1680,0.9410675693495024,,0.0,0.9410675693495024,82.014074372
1685,0.9404194363994973,,0.0,0.9404194363994973,82.230918677
1690,0.9400156445570811,,0.0,0.9400156445570811,82.29481448
1695,0.9393243960418856,,0.0,0.9393243960418856,82.133539216
1700,0.9387559849487908,,0.0,0.9387559849487908,81.976664987
1705,0.938782135870287,,0.0,0.938782135870287,81.785156562
1710,0.938534856016694,,0.0,0.938534856016694,81.601538841
1715,0.9382557190548828,,0.0,0.9382557190548828,81.661992887
1720,0.9384808912864778,,0.0,0.9384808912864778,81.99696142
1725,0.9384779424273139,,0.0,0.9384779424273139,82.18766993
1730,0.938047469995751,,0.0,0.938047469995751,81.928985879
1735,0.9372932433784673,,0.0,0.9372932433784673,81.156267741
1740,0.9369418124209801,,0.0,0.9369418124209801,80.724426035
1745,0.9364448245368475,,0.0,0.9364448245368475,80.48665858
1750,0.9363179917981904,,0.0,0.9363179917981904,80.606167396
1755,0.9358951279187422,,0.0,0.9358951279187422,80.860878215
1760,0.935267422605723,,0.0,0.935267422605723,80.822820859
1765,0.9350188237123399,,0.0,0.9350188237123399,80.519040153
1770,0.9352831738521309,,0.0,0.9352831738521309,80.076780145
1775,0.9350516060655462,,0.0,0.9350516060655462,79.969365092
1780,0.9348124658868496,,0.0,0.9348124658868496,79.838364898
1785,0.9346848825552916,,0.0,0.9346848825552916,80.336535527
1790,0.9343968989796106,,0.0,0.9343968989796106,80.525114921
1795,0.9339848961972617,,0.0,0.9339848961972617,80.669845689
1800,0.9335493277517448,,0.0,0.9335493277517448,80.520268669
1805,0.9330082982571117,,0.0,0.9330082982571117,80.531266043
1810,0.9327265677791047,,0.0,0.9327265677791047,80.350047655
1815,0.9325973862772701,,0.0,0.9325973862772701,80.095322746
1820,0.932550185177407,,0.0,0.932550185177407,80.018210661
1825,0.9319803936379978,,0.0,0.9319803936379978,80.3795673
1830,0.9317141868966808,,0.0,0.9317141868966808,80.864513276
1835,0.9320423162972599,,0.0,0.9320423162972599,81.163529424
1840,0.9322671898996142,,0.0,0.9322671898996142,81.003586758
1845,0.9315131087954214,,0.0,0.9315131087954214,80.620686513
1850,0.9307929238743886,,0.0,0.9307929238743886,80.375590045
1855,0.9302541638019203,,0.0,0.9302541638019203,80.467157301
1860,0.9300698460803536,,0.0,0.9300698460803536,80.58665308
1865,0.9297961339193249,,0.0,0.9297961339193249,80.764048178
1870,0.9296655374845736,,0.0,0.9296655374845736,80.828201627
1875,0.9293077620835698,,0.0,0.9293077620835698,80.980614594
1880,0.9291635851666995,,0.0,0.9291635851666995,80.693862602
1885,0.9295724406100285,,0.0,0.9295724406100285,80.367855427
1890,0.929434164758287,,0.0,0.929434164758287,79.95333012
1895,0.9288028794958292,,0.0,0.9288028794958292,80.284635249
1900,0.9285131053815654,,0.0,0.9285131053815654,80.496201293
1905,0.9283739291311961,,0.0,0.9283739291311961,80.760944975
1910,0.9280849661796573,,0.0,0.9280849661796573,80.794708501
1915,0.9274377557462696,,0.0,0.9274377557462696,80.441999987
1920,0.9267729451771421,,0.0,0.9267729451771421,80.22354884
1925,0.9266035692854157,,0.0,0.9266035692854157,80.22613278
1930,0.9268441394940123,,0.0,0.9268441394940123,79.883140962
1935,0.9269316753675219,,0.0,0.9269316753675219,79.836073639
1940,0.9263782018480093,,0.0,0.9263782018480093,80.023771559
1945,0.9260826594493121,,0.0,0.9260826594493121,80.09831119
1950,0.9263528088678249,,0.0,0.9263528088678249,79.94402489
1955,0.9264005424000874,,0.0,0.9264005424000874,79.652543899
1960,0.9258532121886216,,0.0,0.9258532121886216,78.909791204
1965,0.9255761304537052,,0.0,0.9255761304537052,78.974721599
1970,0.9251233932823844,,0.0,0.9251233932823844,78.904769396
1975,0.9246996577431439,,0.0,0.9246996577431439,78.657217173
1980,0.924364902513109,,0.0,0.924364902513109,78.751806159
1985,0.9239958749849525,,0.0,0.9239958749849525,78.959580925
1990,0.9234163967118436,,0.0,0.9234163967118436,78.81796359
1995,0.9232863151387858,,0.0,0.9232863151387858,78.522156923
2000,0.9237988470950633,,0.0,0.9237988470950633,78.152214411
2005,0.923927723819729,,0.0,0.923927723819729,77.745044348
2010,0.9234701461190635,,0.0,0.9234701461190635,77.401660619
2015,0.9231455526502134,,0.0,0.9231455526502134,77.576811076
2020,0.9232578754418839,,0.0,0.9232578754418839,77.564705034
2025,0.922978805889012,,0.0,0.922978805889012,77.245011607
2030,0.9225315115257188,,0.0,0.9225315115257188,76.986647197
2035,0.9222035852614147,,0.0,0.9222035852614147,76.692540014
2040,0.9219272495721149,,0.0,0.9219272495721149,76.526033176
2045,0.9215380476361287,,0.0,0.9215380476361287,75.825752888
2050,0.921083807350958,,0.0,0.921083807350958,75.745809639
2055,0.9209238738400736,,0.0,0.9209238738400736,75.732625068
2060,0.9208446283930225,,0.0,0.9208446283930225,75.429532615
2065,0.9206275513820746,,0.0,0.9206275513820746,75.629572064
2070,0.9206620367113612,,0.0,0.9206620367113612,75.212862605
2075,0.9206408229762801,,0.0,0.9206408229762801,75.018021473
2080,0.9207808492777477,,0.0,0.9207808492777477,74.778622157
2085,0.9204813647839069,,0.0,0.9204813647839069,74.772642359
2090,0.9200835226443701,,0.0,0.9200835226443701,74.703578423
2095,0.9198867059303539,,0.0,0.9198867059303539,74.667628778
2100,0.9196904036051138,,0.0,0.9196904036051138,74.242329571
2105,0.9191114855574043,,0.0,0.9191114855574043,74.083119987
2110,0.9187668585373964,,0.0,0.9187668585373964,73.570848156
2115,0.9186828870798033,,0.0,0.9186828870798033,73.402869581
2120,0.9184177687764058,,0.0,0.9184177687764058,73.068342465
2125,0.9179401358795102,,0.0,0.9179401358795102,72.626009207
2130,0.9178040568752792,,0.0,0.9178040568752792,72.554749209
2135,0.9181314929059803,,0.0,0.9181314929059803,72.047960679
2140,0.9181763556832305,,0.0,0.9181763556832305,71.903826309
2145,0.9177520899306653,,0.0,0.9177520899306653,71.84936023
2150,0.9177064257764457,,0.0,0.9177064257764457,71.453003744
2155,0.9175213503318369,,0.0,0.9175213503318369,71.10418498
2160,0.9172429391529444,,0.0,0.9172429391529444,71.043123482
2165,0.9169657230003104,,0.0,0.9169657230003104,71.352661438
2170,0.9169270337250734,,0.0,0.9169270337250734,71.387284273
2175,0.9168371285710409,,0.0,0.9168371285710409,71.385024773
2180,0.9163403993364272,,0.0,0.9163403993364272,71.227742999
2185,0.9156273729318976,,0.0,0.9156273729318976,71.228308608
2190,0.9156716068015692,,0.0,0.9156716068015692,71.29583489
2195,0.9158886122200763,,0.0,0.9158886122200763,71.062548254
2200,0.915724016069601,,0.0,0.915724016069601,71.380645781
2205,0.9152844224773439,,0.0,0.9152844224773439,71.463760293
2210,0.9151166224196345,,0.0,0.9151166224196345,71.672520039
2215,0.9151138915390807,,0.0,0.9151138915390807,71.508246847
2220,0.9149709026638404,,0.0,0.9149709026638404,71.763633732
2225,0.9148422802596793,,0.0,0.9148422802596793,71.865122912
2230,0.9147487900632497,,0.0,0.9147487900632497,72.115125209
2235,0.9144816607325587,,0.0,0.9144816607325587,72.232220436
2240,0.9139835660031006,,0.0,0.9139835660031006,72.324739867
2245,0.9138086581765786,,0.0,0.9138086581765786,72.325466722
2250,0.9140076263016427,,0.0,0.9140076263016427,72.341931692
2255,0.913881002919945,,0.0,0.913881002919945,72.427367155
2260,0.9134295048289708,,0.0,0.9134295048289708,72.559851858
2265,0.9131365336829668,,0.0,0.9131365336829668,72.459912926
2270,0.9129401246602528,,0.0,0.9129401246602528,72.544360739
2275,0.9129845374018912,,0.0,0.9129845374018912,72.604401195
2280,0.9128919714682363,,0.0,0.9128919714682363,72.753169677
2285,0.9124352220280838,,0.0,0.9124352220280838,72.645653474
2290,0.9121947561887515,,0.0,0.9121947561887515,72.967986231
2295,0.9123207081730482,,0.0,0.9123207081730482,72.920945322
2300,0.9122017169529644,,0.0,0.9122017169529644,72.970152544
2305,0.9118764780244215,,0.0,0.9118764780244215,72.76551381
2310,0.9117948200430812,,0.0,0.9117948200430812,72.919684834
2315,0.9116446487871908,,0.0,0.9116446487871908,72.847192615
2320,0.9114776763715638,,0.0,0.9114776763715638,72.382357155
2325,0.9113405056189906,,0.0,0.9113405056189906,72.394476654
2330,0.9111228606704492,,0.0,0.9111228606704492,72.108103275
2335,0.9110888795440225,,0.0,0.9110888795440225,72.112984303
2340,0.910875207139239,,0.0,0.910875207139239,71.890182039
2345,0.9105179563856841,,0.0,0.9105179563856841,71.691213774
2350,0.9102338977709802,,0.0,0.9102338977709802,71.212756298
2355,0.9101584934693661,,0.0,0.9101584934693661,70.935678593
2360,0.9100829493660499,,0.0,0.9100829493660499,71.095333678
2365,0.9101451621056587,,0.0,0.9101451621056587,70.95153816
2370,0.9100069984808884,,0.0,0.9100069984808884,70.474893149
2375,0.9096194586681823,,0.0,0.9096194586681823,70.200747677
2380,0.9092424384333512,,0.0,0.9092424384333512,70.033092492
2385,0.9091182453385398,,0.0,0.9091182453385398,69.475834371
2390,0.9093583812996953,,0.0,0.9093583812996953,69.411269896
2395,0.9092565019825534,,0.0,0.9092565019825534,69.578045306
2400,0.9088095716930134,,0.0,0.9088095716930134,69.438756809
2405,0.9085834957159894,,0.0,0.9085834957159894,69.165530547
2410,0.9084379932112399,,0.0,0.9084379932112399,68.786976052
2415,0.9084788892652558,,0.0,0.9084788892652558,68.45048293
2420,0.9084339905826505,,0.0,0.9084339905826505,68.397156548
2425,0.9081277794915383,,0.0,0.9081277794915383,68.002565208
2430,0.9079974365405912,,0.0,0.9079974365405912,67.929685952
2435,0.9078154974487639,,0.0,0.9078154974487639,67.680683892
2440,0.9075534148030888,,0.0,0.9075534148030888,67.108178389
2445,0.9075436583686185,,0.0,0.9075436583686185,66.660558712
2450,0.9074247225890223,,0.0,0.9074247225890223,66.072092357
2455,0.9072002863262624,,0.0,0.9072002863262624,65.606796925
2460,0.9070115813122508,,0.0,0.9070115813122508,65.33192083
2465,0.9067197784180965,,0.0,0.9067197784180965,65.214118208
2470,0.9065191199402128,,0.0,0.9065191199402128,64.92176857
2475,0.9064762890713848,,0.0,0.9064762890713848,64.494361057
2480,0.9063891103233785,,0.0,0.9063891103233785,64.386025901
2485,0.9062843816052703,,0.0,0.9062843816052703,64.177311778
2490,0.9061479738869671,,0.0,0.9061479738869671,63.83443244
2495,0.9061573101160093,,0.0,0.9061573101160093,63.574540167
2500,0.9060490994151507,,0.0,0.9060490994151507,63.457997669
2505,0.9058062798288178,,0.0,0.9058062798288178,63.293538568
2510,0.9056843794018873,,0.0,0.9056843794018873,63.506381394
2515,0.9056323212933219,,0.0,0.9056323212933219,63.339007495
2520,0.905366493795498,,0.0,0.905366493795498,63.063289779
2525,0.9050503647503847,,0.0,0.9050503647503847,62.64413347
2530,0.904987177400472,,0.0,0.904987177400472,62.079470276
2535,0.9049148158503436,,0.0,0.9049148158503436,61.850561892
2540,0.9047221063524508,,0.0,0.9047221063524508,61.68320822
2545,0.904563099759955,,0.0,0.904563099759955,61.57488312
2550,0.9045280649368593,,0.0,0.9045280649368593,61.618739625
2555,0.9042112166569164,,0.0,0.9042112166569164,61.212412682
2560,0.9038997977614183,,0.0,0.9038997977614183,60.853742918
2565,0.9039320969747847,,0.0,0.9039320969747847,60.645435201
2570,0.903984778716079,,0.0,0.903984778716079,60.561851457
2575,0.9036065352618281,,0.0,0.9036065352618281,60.590697278
2580,0.9034710494780902,,0.0,0.9034710494780902,60.543807282
2585,0.9035463828056942,,0.0,0.9035463828056942,60.473518531
2590,0.9033982951881296,,0.0,0.9033982951881296,60.633160645
2595,0.9031560993800387,,0.0,0.9031560993800387,60.800261375
2600,0.9033122894575267,,0.0,0.9033122894575267,60.452460883
2605,0.9031709190880174,,0.0,0.9031709190880174,60.745328071
2610,0.9027118860017959,,0.0,0.9027118860017959,60.832003647
2615,0.9027916736306233,,0.0,0.9027916736306233,61.1231129
2620,0.9030943032080309,,0.0,0.9030943032080309,61.271058396
2625,0.9027516744465427,,0.0,0.9027516744465427,61.370173238
2630,0.9022148460603548,,0.0,0.9022148460603548,61.362154922
2635,0.9025032147364308,,0.0,0.9025032147364308,61.297439784
2640,0.9025598471581412,,0.0,0.9025598471581412,61.246064259
2645,0.9017922753897848,,0.0,0.9017922753897848,61.31276417
2650,0.901385999748043,,0.0,0.901385999748043,61.284665104
2655,0.901921323601628,,0.0,0.901921323601628,61.230846297
2660,0.9017448907979141,,0.0,0.9017448907979141,60.655840921
2665,0.9008227956953903,,0.0,0.9008227956953903,60.805142096
2670,0.9010616134534559,,0.0,0.9010616134534559,60.769857319
2675,0.9017202535399669,,0.0,0.9017202535399669,60.57041793
2680,0.9014584157928239,,0.0,0.9014584157928239,60.511182427
2685,0.900738675341527,,0.0,0.900738675341527,60.391058132
2690,0.9010637140076785,,0.0,0.9010637140076785,60.334536005
2695,0.9011325184903016,,0.0,0.9011325184903016,60.285875839
2700,0.9004102742680075,,0.0,0.9004102742680075,60.116704481
2705,0.9001316670102251,,0.0,0.9001316670102251,60.236431289
2710,0.9008520849340946,,0.0,0.9008520849340946,60.317713816
2715,0.9008265442945013,,0.0,0.9008265442945013,60.266915177
2720,0.8998693847205896,,0.0,0.8998693847205896,60.597938889
2725,0.8996750091705633,,0.0,0.8996750091705633,60.647678819
2730,0.9003963687096436,,0.0,0.9003963687096436,60.582851143
2735,0.9003178838595184,,0.0,0.9003178838595184,60.626567549
2740,0.8993428801244133,,0.0,0.8993428801244133,60.930373573
2745,0.8994138670851292,,0.0,0.8994138670851292,60.626414111
2750,0.8999307422070069,,0.0,0.8999307422070069,60.695589815
2755,0.8993941192125469,,0.0,0.8993941192125469,60.935573372
2760,0.8985252097631509,,0.0,0.8985252097631509,60.701823584
2765,0.8989768914188891,,0.0,0.8989768914188891,60.586715315
2770,0.8995315181296465,,0.0,0.8995315181296465,60.548993542
2775,0.8990858037111152,,0.0,0.8990858037111152,60.487132046
2780,0.8981965833626103,,0.0,0.8981965833626103,60.634778588
2785,0.8983174622512649,,0.0,0.8983174622512649,60.852663285
2790,0.8989175876314793,,0.0,0.8989175876314793,60.899681271
2795,0.8986743897111101,,0.0,0.8986743897111101,60.520985686
2800,0.8980027151439751,,0.0,0.8980027151439751,60.191647775
2805,0.8982152117666066,,0.0,0.8982152117666066,59.897560574
2810,0.8986784073275478,,0.0,0.8986784073275478,59.788280502
2815,0.8982965702456277,,0.0,0.8982965702456277,60.077054747
2820,0.8976325825530287,,0.0,0.8976325825530287,60.081727409
2825,0.8978007674928632,,0.0,0.8978007674928632,60.255449909
2830,0.8982330684055474,,0.0,0.8982330684055474,59.9566411
2835,0.89786889373897,,0.0,0.89786889373897,59.639668706
2840,0.8971138095766639,,0.0,0.8971138095766639,59.660221809
2845,0.8973981684940091,,0.0,0.8973981684940091,59.454413497
2850,0.8978333623160737,,0.0,0.8978333623160737,59.406206304
2855,0.89730507802204,,0.0,0.89730507802204,59.608717897
2860,0.8966218657946899,,0.0,0.8966218657946899,59.848713783
2865,0.8969960982897269,,0.0,0.8969960982897269,59.935880751
2870,0.8971578213569805,,0.0,0.8971578213569805,60.055530712
2875,0.8966752867424856,,0.0,0.8966752867424856,60.259003813
2880,0.8959806447528773,,0.0,0.8959806447528773,59.813310582
2885,0.8961578698026144,,0.0,0.8961578698026144,59.790641285
2890,0.8970106316643213,,0.0,0.8970106316643213,59.814786122
2895,0.8970693726070958,,0.0,0.8970693726070958,60.134273924
2900,0.8962022216470242,,0.0,0.8962022216470242,59.978065019
2905,0.8955944591213727,,0.0,0.8955944591213727,59.936456801
2910,0.8957954719600107,,0.0,0.8957954719600107,59.828207692
2915,0.8962195598228224,,0.0,0.8962195598228224,60.040788217
2920,0.8960024982726404,,0.0,0.8960024982726404,59.823485055
2925,0.8959551683573136,,0.0,0.8959551683573136,59.910627856
2930,0.8960706440175014,,0.0,0.8960706440175014,59.880600666
2935,0.8957213897539616,,0.0,0.8957213897539616,59.947175568
2940,0.8951855113863657,,0.0,0.8951855113863657,59.396033513
2945,0.8950226247964378,,0.0,0.8950226247964378,59.518759813
2950,0.895379219285953,,0.0,0.895379219285953,59.522278597
2955,0.8957803567513228,,0.0,0.8957803567513228,59.292948299
2960,0.8954695778587766,,0.0,0.8954695778587766,59.245548649
2965,0.8948745657721955,,0.0,0.8948745657721955,59.010427171
2970,0.895066343040472,,0.0,0.895066343040472,58.837060557
2975,0.8951530252978124,,0.0,0.8951530252978124,58.947611289
2980,0.8944088453044805,,0.0,0.8944088453044805,59.128048287
2985,0.8938068994099868,,0.0,0.8938068994099868,59.018425827
2990,0.8939178692209387,,0.0,0.8939178692209387,58.935939594
2995,0.89471732512657,,0.0,0.89471732512657,58.900968702
3000,0.8954001163117918,,0.0,0.8954001163117918,58.883456691
3005,0.8948997380090212,,0.0,0.8948997380090212,59.132755338
3010,0.8935418599746846,,0.0,0.8935418599746846,59.498042815
3015,0.89292677970483,,0.0,0.89292677970483,59.510493477
3020,0.8932595141581944,,0.0,0.8932595141581944,59.513240293
3025,0.8938369977742326,,0.0,0.8938369977742326,59.644860256
3030,0.8939392478223517,,0.0,0.8939392478223517,59.462530552
3035,0.8941832829159106,,0.0,0.8941832829159106,59.80473498
3040,0.8945454422625584,,0.0,0.8945454422625584,59.814813592
3045,0.8940690884984877,,0.0,0.8940690884984877,60.016188557
3050,0.8931266823513417,,0.0,0.8931266823513417,60.22720708
3055,0.8925028185475423,,0.0,0.8925028185475423,59.65664917
3060,0.8927574344436092,,0.0,0.8927574344436092,59.534895457
3065,0.8934535050079868,,0.0,0.8934535050079868,59.820489592
3070,0.8939985219250912,,0.0,0.8939985219250912,59.798060774
3075,0.8938776678100403,,0.0,0.8938776678100403,59.463646394
3080,0.8935418092269941,,0.0,0.8935418092269941,59.756664167
3085,0.8934305795296619,,0.0,0.8934305795296619,59.359288808
3090,0.8926172616468375,,0.0,0.8926172616468375,59.095307201
3095,0.8915276308475122,,0.0,0.8915276308475122,58.93453216
3100,0.8912602339910036,,0.0,0.8912602339910036,59.086522123
3105,0.8920444052379527,,0.0,0.8920444052379527,59.312941498
3110,0.8931767926216733,,0.0,0.8931767926216733,59.410123434
3115,0.8938871656313699,,0.0,0.8938871656313699,59.593004922
3120,0.8935187767965473,,0.0,0.8935187767965473,59.687348825
3125,0.8919994008764652,,0.0,0.8919994008764652,59.713561327
3130,0.8905071610015042,,0.0,0.8905071610015042,59.987892872
3135,0.8901034805129807,,0.0,0.8901034805129807,59.836115207
3140,0.8905528683367334,,0.0,0.8905528683367334,60.192576158
3145,0.8915935033504899,,0.0,0.8915935033504899,60.795415625
3150,0.892646783160813,,0.0,0.892646783160813,60.523025562
3155,0.8933953747836544,,0.0,0.8933953747836544,60.568724119
3160,0.8932451141099697,,0.0,0.8932451141099697,60.813208556
3165,0.8919609151012858,,0.0,0.8919609151012858,60.598084367
3170,0.8905823037069592,,0.0,0.8905823037069592,60.936078623
3175,0.8898144341096842,,0.0,0.8898144341096842,60.787201237
3180,0.8897160129839023,,0.0,0.8897160129839023,61.017546455
3185,0.8904900604485833,,0.0,0.8904900604485833,61.054004519
3190,0.8917158270750016,,0.0,0.8917158270750016,61.080464749
3195,0.8926210220688872,,0.0,0.8926210220688872,60.892922411
3200,0.8930070616052487,,0.0,0.8930070616052487,60.891572693
3205,0.8928776831514458,,0.0,0.8928776831514458,60.867714292
3210,0.8919811512794227,,0.0,0.8919811512794227,61.075805008
3215,0.8897928559370673,,0.0,0.8897928559370673,60.785651969
3220,0.888177275128333,,0.0,0.888177275128333,60.87958573
3225,0.8883841286441673,,0.0,0.8883841286441673,60.709125612
3230,0.8900015007918062,,0.0,0.8900015007918062,60.685303099
3235,0.8917906489240914,,0.0,0.8917906489240914,60.832350995
3240,0.8929058041019222,,0.0,0.8929058041019222,60.617700706
3245,0.8928573695239663,,0.0,0.8928573695239663,60.845871558
3250,0.8913001379731446,,0.0,0.8913001379731446,61.122922746
3255,0.8888616098072875,,0.0,0.8888616098072875,61.214596009
3260,0.8873566633654526,,0.0,0.8873566633654526,61.408406268
3265,0.8872519211510053,,0.0,0.8872519211510053,61.126407384
3270,0.8883159063230424,,0.0,0.8883159063230424,61.664628456
3275,0.8900153621505686,,0.0,0.8900153621505686,61.531171331
3280,0.8914949346016774,,0.0,0.8914949346016774,61.263535959
3285,0.8921046447472931,,0.0,0.8921046447472931,61.356962162
3290,0.8914613526540371,,0.0,0.8914613526540371,61.535458619
3295,0.8897866301594761,,0.0,0.8897866301594761,61.821448196
3300,0.888236880673515,,0.0,0.888236880673515,62.012401172
3305,0.8871866512904932,,0.0,0.8871866512904932,62.061008482
3310,0.8870883802978428,,0.0,0.8870883802978428,62.234377038
3315,0.8878828773356082,,0.0,0.8878828773356082,62.436045841
3320,0.8892362688739501,,0.0,0.8892362688739501,62.452873425
3325,0.8905216144894115,,0.0,0.8905216144894115,62.258352324
3330,0.891616542219891,,0.0,0.891616542219891,62.348026377
3335,0.8917894509511929,,0.0,0.8917894509511929,62.377313361
3340,0.8908381666138364,,0.0,0.8908381666138364,62.63495398
3345,0.888914803427257,,0.0,0.888914803427257,62.737149497
3350,0.8866207966077562,,0.0,0.8866207966077562,62.58727554
3355,0.8857169201079866,,0.0,0.8857169201079866,62.622220512
3360,0.8864247117882086,,0.0,0.8864247117882086,62.48913683
3365,0.8881381295604215,,0.0,0.8881381295604215,62.700085528
3370,0.8901831622082779,,0.0,0.8901831622082779,62.494262737
3375,0.891861527259285,,0.0,0.891861527259285,62.254375148
3380,0.891960668747623,,0.0,0.891960668747623,62.057954089
3385,0.8906557114234541,,0.0,0.8906557114234541,62.252394092
3390,0.8882829431334425,,0.0,0.8882829431334425,62.125471549
3395,0.8861766084396563,,0.0,0.8861766084396563,62.029902343
3400,0.8848591089056498,,0.0,0.8848591089056498,61.821365103
3405,0.88490456264794,,0.0,0.88490456264794,61.861633295
3410,0.8866198189780555,,0.0,0.8866198189780555,62.264175947
3415,0.8889363631197115,,0.0,0.8889363631197115,62.430335759
3420,0.8905606250939313,,0.0,0.8905606250939313,62.09103966
3425,0.8908382270381474,,0.0,0.8908382270381474,61.902099995
3430,0.8898951082042609,,0.0,0.8898951082042609,62.002394724
3435,0.8881935370165549,,0.0,0.8881935370165549,61.914439593
3440,0.8866134067254386,,0.0,0.8866134067254386,62.0875293
3445,0.8850548356538592,,0.0,0.8850548356538592,61.955416412
3450,0.8841745045545597,,0.0,0.8841745045545597,62.103711365
3455,0.8845730905570168,,0.0,0.8845730905570168,61.989717119
3460,0.8861799946747929,,0.0,0.8861799946747929,62.310857249
3465,0.8879289020348885,,0.0,0.8879289020348885,62.170534798
3470,0.889349982225095,,0.0,0.889349982225095,62.226222133
3475,0.8903113159147736,,0.0,0.8903113159147736,61.970058837
3480,0.890122141875692,,0.0,0.890122141875692,61.852924742
3485,0.8887895275695369,,0.0,0.8887895275695369,61.934454438
3490,0.8868894978799892,,0.0,0.8868894978799892,61.68346684
3495,0.8850492679592215,,0.0,0.8850492679592215,61.577328562
3500,0.8836550068866244,,0.0,0.8836550068866244,61.200729511
3505,0.8832803374157756,,0.0,0.8832803374157756,60.85794613
3510,0.8846515302980839,,0.0,0.8846515302980839,61.218026795
3515,0.8869413033778287,,0.0,0.8869413033778287,61.078987816
3520,0.889070167099524,,0.0,0.889070167099524,60.978178477
3525,0.8902875389665977,,0.0,0.8902875389665977,61.019352475
3530,0.8903066759024681,,0.0,0.8903066759024681,61.157197107
3535,0.8893287405515005,,0.0,0.8893287405515005,61.12214721
3540,0.8873036194784535,,0.0,0.8873036194784535,61.152652606
3545,0.8853717717145742,,0.0,0.8853717717145742,61.356289976
3550,0.8840060458682232,,0.0,0.8840060458682232,61.086368046
3555,0.8831525176254451,,0.0,0.8831525176254451,60.767392348
3560,0.8833371174605166,,0.0,0.8833371174605166,60.729279014
3565,0.8846461241229769,,0.0,0.8846461241229769,60.826985646
3570,0.8865628495116485,,0.0,0.8865628495116485,60.792267778
3575,0.8882926352875049,,0.0,0.8882926352875049,60.522914008
3580,0.8893092629694844,,0.0,0.8893092629694844,60.19511512
3585,0.8892384862388065,,0.0,0.8892384862388065,60.080516379
3590,0.8882542249972413,,0.0,0.8882542249972413,60.239514394
3595,0.8866767901906195,,0.0,0.8866767901906195,60.283123359
3600,0.8847972430692497,,0.0,0.8847972430692497,60.134353415
3605,0.8830920434762457,,0.0,0.8830920434762457,59.70542271
3610,0.8820849075768025,,0.0,0.8820849075768025,59.183933248
3615,0.882100321814892,,0.0,0.882100321814892,58.991971315
3620,0.883470813651507,,0.0,0.883470813651507,59.054185356
3625,0.8857509218245158,,0.0,0.8857509218245158,59.075793561
3630,0.8877900326716278,,0.0,0.8877900326716278,59.080875157
3635,0.8890261557921249,,0.0,0.8890261557921249,59.014601626
3640,0.8891809616399581,,0.0,0.8891809616399581,58.757797384
3645,0.8879524725727452,,0.0,0.8879524725727452,58.801063833
3650,0.8858829127475947,,0.0,0.8858829127475947,59.054067567
3655,0.8837132173250482,,0.0,0.8837132173250482,58.949045905
3660,0.8823887408384974,,0.0,0.8823887408384974,58.825090145
3665,0.8819410655946889,,0.0,0.8819410655946889,58.749824705
3670,0.8820084468501489,,0.0,0.8820084468501489,58.820969485
3675,0.8829334051046261,,0.0,0.8829334051046261,59.05096174
3680,0.8848343023432214,,0.0,0.8848343023432214,58.993718477
3685,0.8867692422966591,,0.0,0.8867692422966591,59.185814042
3690,0.887725478917414,,0.0,0.887725478917414,58.898366602
3695,0.8877646173188057,,0.0,0.8877646173188057,58.713856414
3700,0.8872368393739499,,0.0,0.8872368393739499,58.569918323
3705,0.8863857640817223,,0.0,0.8863857640817223,58.453307179
3710,0.8853319730475327,,0.0,0.8853319730475327,58.482714451
3715,0.8842091325230534,,0.0,0.8842091325230534,58.379293097
3720,0.8831337159153576,,0.0,0.8831337159153576,57.9463573
3725,0.8825231747808584,,0.0,0.8825231747808584,57.560574814
3730,0.8826248273158482,,0.0,0.8826248273158482,57.397544568
3735,0.8832622008824046,,0.0,0.8832622008824046,57.190241105
3740,0.8841402606678693,,0.0,0.8841402606678693,57.161853028
3745,0.8849631067115028,,0.0,0.8849631067115028,57.029603997
3750,0.8858354945058218,,0.0,0.8858354945058218,56.800149124
3755,0.8866957325391092,,0.0,0.8866957325391092,56.692518333
3760,0.8872713734865001,,0.0,0.8872713734865001,56.498723613
3765,0.8868665600694298,,0.0,0.8868665600694298,56.150864725
3770,0.8856503088350467,,0.0,0.8856503088350467,55.82818693
3775,0.8842710684967634,,0.0,0.8842710684967634,55.631500934
3780,0.8830663074489497,,0.0,0.8830663074489497,55.442103279
3785,0.8822876986581671,,0.0,0.8822876986581671,55.015673367
3790,0.8818685072381052,,0.0,0.8818685072381052,54.961704614
3795,0.881951582771598,,0.0,0.881951582771598,54.825180679
3800,0.8826312868602196,,0.0,0.8826312868602196,54.836935942
3805,0.8835985804386941,,0.0,0.8835985804386941,54.655470289
3810,0.8847951658334998,,0.0,0.8847951658334998,54.229985315
3815,0.8858722575878972,,0.0,0.8858722575878972,54.108464039
3820,0.8863444425838072,,0.0,0.8863444425838072,53.905013171
3825,0.8861797875369082,,0.0,0.8861797875369082,53.981867857
3830,0.885455411911616,,0.0,0.885455411911616,53.714779278
3835,0.884475315072819,,0.0,0.884475315072819,53.703532551
3840,0.8835582417725727,,0.0,0.8835582417725727,53.831959372
3845,0.8826135096714264,,0.0,0.8826135096714264,53.824043585
3850,0.8816376750201945,,0.0,0.8816376750201945,53.569577016
3855,0.8808819915986021,,0.0,0.8808819915986021,53.317418423
3860,0.8808017627377052,,0.0,0.8808017627377052,53.561791613
3865,0.8815080805885865,,0.0,0.8815080805885865,53.543467681
3870,0.8824055309756172,,0.0,0.8824055309756172,53.78913804
3875,0.8834092660522365,,0.0,0.8834092660522365,53.440638976
3880,0.8845316333317662,,0.0,0.8845316333317662,53.242951904
3885,0.8854778214005209,,0.0,0.8854778214005209,53.207394806
3890,0.8860591576575302,,0.0,0.8860591576575302,53.201414909
3895,0.8857861411582105,,0.0,0.8857861411582105,53.34119121
3900,0.8848157157378604,,0.0,0.8848157157378604,52.974645335
3905,0.8838429935025065,,0.0,0.8838429935025065,52.626601127
3910,0.8830368598192458,,0.0,0.8830368598192458,52.83295715
3915,0.8824511905461745,,0.0,0.8824511905461745,52.668264254
3920,0.8823917127614862,,0.0,0.8823917127614862,52.572513914
3925,0.8822077188065468,,0.0,0.8822077188065468,52.03988299
3930,0.8816240097767001,,0.0,0.8816240097767001,52.157512906
3935,0.880986294727298,,0.0,0.880986294727298,52.263908054
3940,0.8810281816527058,,0.0,0.8810281816527058,52.053033057
3945,0.8823685152100597,,0.0,0.8823685152100597,51.991761464
3950,0.8843258299475301,,0.0,0.8843258299475301,51.835757521
3955,0.8859183043687892,,0.0,0.8859183043687892,51.991560277
3960,0.8863815686846658,,0.0,0.8863815686846658,51.865267377
3965,0.8856107975199814,,0.0,0.8856107975199814,51.818068201
3970,0.8839957494710511,,0.0,0.8839957494710511,51.564078804
3975,0.8827130251284078,,0.0,0.8827130251284078,51.074814942
3980,0.8826411240544554,,0.0,0.8826411240544554,51.31389189
3985,0.8833051491439187,,0.0,0.8833051491439187,51.531664572
3990,0.8832980971429979,,0.0,0.8832980971429979,51.109245851
3995,0.8825097975805273,,0.0,0.8825097975805273,50.808352417
4000,0.8811710099178721,,0.0,0.8811710099178721,50.693140136
4005,0.8797053552482269,,0.0,0.8797053552482269,50.74067715
4010,0.8792364838400429,,0.0,0.8792364838400429,50.831555478
4015,0.8808257237599408,,0.0,0.8808257237599408,50.719201022
4020,0.8836913335749403,,0.0,0.8836913335749403,50.497152971
4025,0.8856536244235778,,0.0,0.8856536244235778,50.386178149
4030,0.8858456141773451,,0.0,0.8858456141773451,50.590242825
4035,0.8847940286850733,,0.0,0.8847940286850733,50.680756697
4040,0.8831535087151068,,0.0,0.8831535087151068,50.742227732
4045,0.8818208704720482,,0.0,0.8818208704720482,50.228689969
4050,0.8817116299022891,,0.0,0.8817116299022891,50.255385045
4055,0.8824856966838329,,0.0,0.8824856966838329,50.640873874
4060,0.8829853534599427,,0.0,0.8829853534599427,50.676160136
4065,0.8830591289607747,,0.0,0.8830591289607747,50.658742825
4070,0.8824014240141418,,0.0,0.8824014240141418,50.462659464
4075,0.8810250117591569,,0.0,0.8810250117591569,50.798332963
4080,0.8794809349191504,,0.0,0.8794809349191504,51.000398152
4085,0.8788010568332504,,0.0,0.8788010568332504,51.061045345
4090,0.8797910834853655,,0.0,0.8797910834853655,51.310904162
4095,0.8819668377092315,,0.0,0.8819668377092315,51.556099708
4100,0.8841569166419194,,0.0,0.8841569166419194,51.034377659
4105,0.8850244530297904,,0.0,0.8850244530297904,50.932343824
4110,0.8843258243088978,,0.0,0.8843258243088978,51.097833295
4115,0.8825606068229905,,0.0,0.8825606068229905,51.349072862
4120,0.8809278221106628,,0.0,0.8809278221106628,51.271184736
4125,0.8806654062036315,,0.0,0.8806654062036315,50.940591242
4130,0.881922339587787,,0.0,0.881922339587787,50.877469794
4135,0.8836197508108741,,0.0,0.8836197508108741,51.319206257
4140,0.884643667643734,,0.0,0.884643667643734,51.069149162
4145,0.8840755983245114,,0.0,0.8840755983245114,51.031128004
4150,0.8818934100938214,,0.0,0.8818934100938214,50.714134173
4155,0.8791810232352532,,0.0,0.8791810232352532,50.71121806
4160,0.8773315329341418,,0.0,0.8773315329341418,50.391941798
4165,0.8774808447169612,,0.0,0.8774808447169612,50.322955202
4170,0.8798735591411414,,0.0,0.8798735591411414,50.415082903
4175,0.8829658569248465,,0.0,0.8829658569248465,50.284042687
4180,0.8850116749432325,,0.0,0.8850116749432325,50.168390601
4185,0.885142723341644,,0.0,0.885142723341644,49.694900659
4190,0.8837549901318146,,0.0,0.8837549901318146,49.959427028
4195,0.881880498535381,,0.0,0.881880498535381,50.151564971
4200,0.8806409154409887,,0.0,0.8806409154409887,49.82430461
4205,0.8804799499876425,,0.0,0.8804799499876425,49.206836989
4210,0.8814364588633902,,0.0,0.8814364588633902,49.448808309
4215,0.8831475410413605,,0.0,0.8831475410413605,49.311981121
4220,0.8845644609395437,,0.0,0.8845644609395437,49.194728899
4225,0.8847046382472212,,0.0,0.8847046382472212,49.042699819
4230,0.8832285411943954,,0.0,0.8832285411943954,49.098816566
4235,0.8808507824237991,,0.0,0.8808507824237991,49.118012338
4240,0.8784602710314358,,0.0,0.8784602710314358,48.954849901
4245,0.8772957612691323,,0.0,0.8772957612691323,48.961712381
4250,0.878199130583024,,0.0,0.878199130583024,49.102588215
4255,0.8805158255126202,,0.0,0.8805158255126202,48.885598044
4260,0.8826290135819582,,0.0,0.8826290135819582,48.666603966
4265,0.8835887668539574,,0.0,0.8835887668539574,48.429866133
4270,0.8831732884186776,,0.0,0.8831732884186776,48.363533721
4275,0.8819298252540966,,0.0,0.8819298252540966,48.401127992
4280,0.8808773684658152,,0.0,0.8808773684658152,48.245598907
4285,0.880569898504576,,0.0,0.880569898504576,48.129531788
4290,0.881030484106342,,0.0,0.881030484106342,48.275668946
4295,0.88196193519131,,0.0,0.88196193519131,48.256352817
4300,0.8830856304596849,,0.0,0.8830856304596849,48.277312966
4305,0.8837974027960195,,0.0,0.8837974027960195,48.068017973
4310,0.8834044994799203,,0.0,0.8834044994799203,48.149761388
4315,0.8820465889234078,,0.0,0.8820465889234078,48.225661128
4320,0.8804465488763957,,0.0,0.8804465488763957,48.238756809
4325,0.8791555103159037,,0.0,0.8791555103159037,47.990563662
4330,0.8783612596318009,,0.0,0.8783612596318009,47.874423879
4335,0.8783956557615628,,0.0,0.8783956557615628,47.977162246
4340,0.8793052589654,,0.0,0.8793052589654,48.352779791
4345,0.8806129787100851,,0.0,0.8806129787100851,48.114332312
4350,0.8816019897899611,,0.0,0.8816019897899611,47.865397438
4355,0.8818676792322401,,0.0,0.8818676792322401,48.064460885
4360,0.8814777290315626,,0.0,0.8814777290315626,47.972815191
4365,0.8808881278492641,,0.0,0.8808881278492641,48.104261501
4370,0.8802124633131786,,0.0,0.8802124633131786,48.00702153
4375,0.8796546824242862,,0.0,0.8796546824242862,47.785172747
4380,0.8797334099174904,,0.0,0.8797334099174904,47.617592641
4385,0.8806537710496456,,0.0,0.8806537710496456,47.358381548
4390,0.8817446703593402,,0.0,0.8817446703593402,46.971632008
4395,0.8821915576861402,,0.0,0.8821915576861402,46.504812593
4400,0.8819148242004284,,0.0,0.8819148242004284,46.45632335
4405,0.8814880536582743,,0.0,0.8814880536582743,46.570722255
4410,0.881085265346889,,0.0,0.881085265346889,46.301028753
4415,0.8805521135672107,,0.0,0.8805521135672107,45.839958327
4420,0.8800137118571068,,0.0,0.8800137118571068,45.903408958
4425,0.8798867901735727,,0.0,0.8798867901735727,45.757353639
4430,0.8802033620150215,,0.0,0.8802033620150215,45.620434151
4435,0.8804349443529154,,0.0,0.8804349443529154,45.489194207
4440,0.8803789310894065,,0.0,0.8803789310894065,45.188086016
4445,0.8800642282544746,,0.0,0.8800642282544746,44.848408817
4450,0.8797122085146438,,0.0,0.8797122085146438,44.56999409
4455,0.8794462061100847,,0.0,0.8794462061100847,44.231932485
4460,0.879306448862322,,0.0,0.879306448862322,43.925678857
4465,0.8792838398749696,,0.0,0.8792838398749696,43.840615466
4470,0.8796036525839771,,0.0,0.8796036525839771,43.885418745
4475,0.8802362006454155,,0.0,0.8802362006454155,43.896667616
4480,0.8809717724116986,,0.0,0.8809717724116986,43.917769542
4485,0.8816273263110662,,0.0,0.8816273263110662,43.8122324
4490,0.8819607973153182,,0.0,0.8819607973153182,43.585359472
4495,0.8818784000547198,,0.0,0.8818784000547198,43.674068208
4500,0.881608039860495,,0.0,0.881608039860495,43.782933508
4505,0.8813153049913721,,0.0,0.8813153049913721,43.963438872
4510,0.8809407519309961,,0.0,0.8809407519309961,44.192874448
4515,0.8805148381699208,,0.0,0.8805148381699208,44.246548549
4520,0.8801659063633902,,0.0,0.8801659063633902,44.36349721
4525,0.8800359479671639,,0.0,0.8800359479671639,44.59218699
4530,0.8803296819291683,,0.0,0.8803296819291683,44.542260959
4535,0.8805137332162655,,0.0,0.8805137332162655,44.463707363
4540,0.8800900533721606,,0.0,0.8800900533721606,44.70205759
4545,0.8793812694017941,,0.0,0.8793812694017941,45.020427469
4550,0.8790393750812534,,0.0,0.8790393750812534,45.352580374
4555,0.8791021826056209,,0.0,0.8791021826056209,45.355200748
4560,0.8790771026968515,,0.0,0.8790771026968515,45.401517451
4565,0.8788342225406943,,0.0,0.8788342225406943,45.312919321
4570,0.8789324174299983,,0.0,0.8789324174299983,45.517401738
4575,0.8797492805210111,,0.0,0.8797492805210111,45.660515153
4580,0.8808647160661894,,0.0,0.8808647160661894,45.949969223
4585,0.8817188576102671,,0.0,0.8817188576102671,46.01952047
4590,0.8818756651361778,,0.0,0.8818756651361778,45.989466775
4595,0.8814710342652798,,0.0,0.8814710342652798,45.834411755
4600,0.8810229265201871,,0.0,0.8810229265201871,45.918140555
4605,0.8805948749171596,,0.0,0.8805948749171596,46.265638113
4610,0.8800944760606649,,0.0,0.8800944760606649,46.246300169
4615,0.8797967044741727,,0.0,0.8797967044741727,46.049919603
4620,0.8799089298084507,,0.0,0.8799089298084507,46.308614449
4625,0.8801247588263752,,0.0,0.8801247588263752,46.4918814
4630,0.8801617530923737,,0.0,0.8801617530923737,46.757463394
4635,0.8800264319203196,,0.0,0.8800264319203196,46.820818208
4640,0.8800352228754322,,0.0,0.8800352228754322,46.620809026
4645,0.8798309402485084,,0.0,0.8798309402485084,46.492895405
4650,0.8791394215155033,,0.0,0.8791394215155033,46.607068238
4655,0.8783406133250177,,0.0,0.8783406133250177,46.96270681
4660,0.8777013681690871,,0.0,0.8777013681690871,47.034798222
4665,0.8772837056914489,,0.0,0.8772837056914489,46.81760086
4670,0.8771096343833076,,0.0,0.8771096343833076,46.888613376
4675,0.8775024657431835,,0.0,0.8775024657431835,46.742100852
4680,0.8787324123058924,,0.0,0.8787324123058924,46.472580394
4685,0.8804391011890027,,0.0,0.8804391011890027,46.301648977
4690,0.8819051751546192,,0.0,0.8819051751546192,46.229297257
4695,0.8826493787938283,,0.0,0.8826493787938283,45.933922473
4700,0.8826361055626006,,0.0,0.8826361055626006,45.936270225
4705,0.8819402441005347,,0.0,0.8819402441005347,45.945104292
4710,0.8807694878250248,,0.0,0.8807694878250248,45.846839362
4715,0.8794422014806903,,0.0,0.8794422014806903,45.454815539
4720,0.8782439418486399,,0.0,0.8782439418486399,45.2201473
4725,0.8774749488539254,,0.0,0.8774749488539254,44.906854275
4730,0.8774855225990486,,0.0,0.8774855225990486,45.120825508
4735,0.8781807895310038,,0.0,0.8781807895310038,45.096284824
4740,0.8789203680729992,,0.0,0.8789203680729992,44.849734193
4745,0.8793697679379602,,0.0,0.8793697679379602,44.749982803
4750,0.8796005655965118,,0.0,0.8796005655965118,44.465852131
4755,0.8797116392310542,,0.0,0.8797116392310542,44.129342541
4760,0.8796058219295135,,0.0,0.8796058219295135,43.778254287
4765,0.8794573264751336,,0.0,0.8794573264751336,43.730942632
4770,0.8793834104086559,,0.0,0.8793834104086559,43.596371262
4775,0.8790532158499137,,0.0,0.8790532158499137,43.688203492
4780,0.8782480101763898,,0.0,0.8782480101763898,43.771136209
4785,0.8774522071950124,,0.0,0.8774522071950124,43.714563775
4790,0.8772930283877736,,0.0,0.8772930283877736,43.850874021
4795,0.8779132147847417,,0.0,0.8779132147847417,43.638495739
4800,0.8789265006858339,,0.0,0.8789265006858339,43.830127961
4805,0.8797964002062999,,0.0,0.8797964002062999,43.83712627
4810,0.88024691462878,,0.0,0.88024691462878,43.71841973
4815,0.8803022121497733,,0.0,0.8803022121497733,44.094946195
4820,0.8800211947586676,,0.0,0.8800211947586676,43.909698995
4825,0.8795112937154506,,0.0,0.8795112937154506,43.661140596
4830,0.8790857426821324,,0.0,0.8790857426821324,43.733355961
4835,0.8790344784566123,,0.0,0.8790344784566123,43.71139533
4840,0.879175965600377,,0.0,0.879175965600377,43.507877966
4845,0.8790470017861264,,0.0,0.8790470017861264,43.487843819
4850,0.8786208759760994,,0.0,0.8786208759760994,43.277092201
4855,0.8783273264155593,,0.0,0.8783273264155593,42.922876374
4860,0.8784391968070306,,0.0,0.8784391968070306,42.846276535
4865,0.8789310040249688,,0.0,0.8789310040249688,42.861133553
4870,0.8794593832299159,,0.0,0.8794593832299159,42.580990834
4875,0.8797989646926343,,0.0,0.8797989646926343,42.376873995
4880,0.8800219637953527,,0.0,0.8800219637953527,42.262152489
4885,0.880154992044878,,0.0,0.880154992044878,42.153829182
4890,0.8799868398818671,,0.0,0.8799868398818671,42.070137526
4895,0.8795342388016646,,0.0,0.8795342388016646,41.677877036
4900,0.8790575915376897,,0.0,0.8790575915376897,41.531496411
4905,0.8786023234935583,,0.0,0.8786023234935583,41.474502564
4910,0.878002711301637,,0.0,0.878002711301637,41.469345356
4915,0.8774391606368019,,0.0,0.8774391606368019,41.482155322
4920,0.8771773878976322,,0.0,0.8771773878976322,41.353691736
4925,0.8773230420270224,,0.0,0.8773230420270224,41.389838939
4930,0.877757209363366,,0.0,0.877757209363366,41.38073728
4935,0.8782835768862107,,0.0,0.8782835768862107,41.470164321
4940,0.8787485533454923,,0.0,0.8787485533454923,41.406137329
4945,0.8792366967620732,,0.0,0.8792366967620732,41.270303576
4950,0.8795995808366697,,0.0,0.8795995808366697,41.320722707
4955,0.8795832792597522,,0.0,0.8795832792597522,41.566853492
4960,0.8792090649174733,,0.0,0.8792090649174733,41.796912589
4965,0.878832292236788,,0.0,0.878832292236788,42.00734445
4970,0.8788630040114683,,0.0,0.8788630040114683,42.209392279
4975,0.879239486066133,,0.0,0.879239486066133,42.177089703
4980,0.8795095691306763,,0.0,0.8795095691306763,42.201175468
4985,0.8793273408315809,,0.0,0.8793273408315809,42.328971591
4990,0.8789662540983041,,0.0,0.8789662540983041,42.188621172
4995,0.8786787213585566,,0.0,0.8786787213585566,42.026153853
5000,0.8784627431897141,,0.0,0.8784627431897141,41.981278825
5005,0.878371471194841,,0.0,0.878371471194841,42.030837303
5010,0.8783546049179966,,0.0,0.8783546049179966,42.149425117
5015,0.8784840609302768,,0.0,0.8784840609302768,42.084082659
5020,0.8788353665646145,,0.0,0.8788353665646145,41.942467793
5025,0.8790976622778327,,0.0,0.8790976622778327,41.638303224
5030,0.8790530246820906,,0.0,0.8790530246820906,41.468515044
5035,0.8785004268603586,,0.0,0.8785004268603586,41.266356503
5040,0.8775148213688604,,0.0,0.8775148213688604,40.975926485
5045,0.8767650573834246,,0.0,0.8767650573834246,40.772520737
5050,0.876440024865201,,0.0,0.876440024865201,40.661182149
5055,0.8764221040549872,,0.0,0.8764221040549872,40.698522064
5060,0.8767602918660782,,0.0,0.8767602918660782,40.435365615
5065,0.8773257733077372,,0.0,0.8773257733077372,40.203153151
5070,0.8776980620752852,,0.0,0.8776980620752852,39.99498577
5075,0.8777742258824769,,0.0,0.8777742258824769,39.845012912
5080,0.8778374266923507,,0.0,0.8778374266923507,39.771991575
5085,0.8783257415233523,,0.0,0.8783257415233523,39.756536444
5090,0.8796652896374203,,0.0,0.8796652896374203,39.700944923
5095,0.8811143518494795,,0.0,0.8811143518494795,39.516268262
5100,0.8813089678598884,,0.0,0.8813089678598884,39.253260903
5105,0.8803231931730439,,0.0,0.8803231931730439,39.123245277
5110,0.8790209296963472,,0.0,0.8790209296963472,38.977802051
5115,0.8780089962666777,,0.0,0.8780089962666777,38.659067376
5120,0.8775509762789727,,0.0,0.8775509762789727,38.446279901
5125,0.877270769141135,,0.0,0.877270769141135,38.385619593
5130,0.8766931070896691,,0.0,0.8766931070896691,38.344043052
5135,0.8761825298107407,,0.0,0.8761825298107407,38.398317487
5140,0.8762474918746874,,0.0,0.8762474918746874,38.351712729
5145,0.876665169994983,,0.0,0.876665169994983,38.489168675
5150,0.8770617934987623,,0.0,0.8770617934987623,38.457263997
5155,0.8772269660629688,,0.0,0.8772269660629688,38.643590575
5160,0.8772461761191674,,0.0,0.8772461761191674,38.549783164
5165,0.8773877333274853,,0.0,0.8773877333274853,38.447806286
5170,0.8777712140161447,,0.0,0.8777712140161447,38.427378099
5175,0.8783015454974749,,0.0,0.8783015454974749,38.364120559
5180,0.878720221619304,,0.0,0.878720221619304,38.076118117
5185,0.8785911771180444,,0.0,0.8785911771180444,38.209631206
5190,0.8779363311034853,,0.0,0.8779363311034853,38.40834637
5195,0.8771515620160026,,0.0,0.8771515620160026,38.392447627
5200,0.8767567809626011,,0.0,0.8767567809626011,38.415006688
5205,0.8769724464601897,,0.0,0.8769724464601897,38.233629605
5210,0.877659186288644,,0.0,0.877659186288644,38.088406889
5215,0.8784169225725436,,0.0,0.8784169225725436,38.057483501
5220,0.8789425776269173,,0.0,0.8789425776269173,38.140006857
5225,0.8790612072105922,,0.0,0.8790612072105922,37.937290216
5230,0.8786506853513469,,0.0,0.8786506853513469,37.763975839
5235,0.8778930480163493,,0.0,0.8778930480163493,37.764575975
5240,0.8770503736313943,,0.0,0.8770503736313943,37.700788138
5245,0.8763383494118995,,0.0,0.8763383494118995,37.776659848
5250,0.8760522231289314,,0.0,0.8760522231289314,37.800364619
5255,0.8764119919137664,,0.0,0.8764119919137664,37.782761649
5260,0.8772018337331084,,0.0,0.8772018337331084,37.606892661
5265,0.8776997610861338,,0.0,0.8776997610861338,37.568377929
5270,0.8775409063365481,,0.0,0.8775409063365481,37.451218891
5275,0.8769037703564909,,0.0,0.8769037703564909,37.487223322
5280,0.8764120493186807,,0.0,0.8764120493186807,37.564943191
5285,0.876478890611439,,0.0,0.876478890611439,37.571190136
5290,0.8768521949148479,,0.0,0.8768521949148479,37.575083845
5295,0.8771626074418097,,0.0,0.8771626074418097,37.659284607
5300,0.8773462995662206,,0.0,0.8773462995662206,37.871262924
5305,0.8774908210580901,,0.0,0.8774908210580901,38.299537771
5310,0.8775947700806792,,0.0,0.8775947700806792,38.47526722
5315,0.8776323274823393,,0.0,0.8776323274823393,38.646632442
5320,0.8778089799380638,,0.0,0.8778089799380638,38.910250629
5325,0.8782561139095527,,0.0,0.8782561139095527,39.351335315
5330,0.8785490793077897,,0.0,0.8785490793077897,39.66373661
5335,0.8784090825091012,,0.0,0.8784090825091012,39.946032668
5340,0.8779607178242684,,0.0,0.8779607178242684,40.215530593
5345,0.8774640348628175,,0.0,0.8774640348628175,40.308260293
5350,0.8773420954020005,,0.0,0.8773420954020005,40.590120768
5355,0.8777128430767818,,0.0,0.8777128430767818,40.643748085
5360,0.8778760573985684,,0.0,0.8778760573985684,40.631798115
5365,0.877436342230124,,0.0,0.877436342230124,40.85817432
5370,0.8766110514574299,,0.0,0.8766110514574299,40.881290756
5375,0.8756358908592129,,0.0,0.8756358908592129,40.857454356
5380,0.8750129896245091,,0.0,0.8750129896245091,40.743022304
5385,0.8752435918226016,,0.0,0.8752435918226016,40.828799956
5390,0.876211769283968,,0.0,0.876211769283968,41.129318818
5395,0.8771732569992532,,0.0,0.8771732569992532,41.148277098
5400,0.8777543705120988,,0.0,0.8777543705120988,41.092155792
5405,0.878064047797791,,0.0,0.878064047797791,41.020559306
5410,0.8779806549730036,,0.0,0.8779806549730036,41.145756562
5415,0.877512667229442,,0.0,0.877512667229442,41.003186457
5420,0.8772680003180428,,0.0,0.8772680003180428,40.967280194
5425,0.8775686436417606,,0.0,0.8775686436417606,40.929936853
5430,0.8780272831514498,,0.0,0.8780272831514498,40.819528204
5435,0.8782333227034324,,0.0,0.8782333227034324,41.021982115
5440,0.8783933495245861,,0.0,0.8783933495245861,40.868995735
5445,0.878324268239686,,0.0,0.878324268239686,40.726327524
5450,0.8775767039756442,,0.0,0.8775767039756442,40.712343466
5455,0.8761867669700542,,0.0,0.8761867669700542,40.470694447
5460,0.8749350131971233,,0.0,0.8749350131971233,40.370569655
5465,0.8747935253985498,,0.0,0.8747935253985498,40.317574857
5470,0.8757995732238563,,0.0,0.8757995732238563,40.046416111
5475,0.8768959594684232,,0.0,0.8768959594684232,39.714167975
5480,0.8773264244424404,,0.0,0.8773264244424404,39.797376589
5485,0.8773855153078202,,0.0,0.8773855153078202,39.857294965
5490,0.8773973350815402,,0.0,0.8773973350815402,39.74507923
5495,0.8773022567552373,,0.0,0.8773022567552373,39.811306328
5500,0.8772567999571721,,0.0,0.8772567999571721,39.952230781
5505,0.8771564224806407,,0.0,0.8771564224806407,40.006544951
5510,0.8771642712748685,,0.0,0.8771642712748685,40.33811222
5515,0.8773563883889687,,0.0,0.8773563883889687,40.32564542
5520,0.8775156861895375,,0.0,0.8775156861895375,40.469395103
5525,0.877605659116292,,0.0,0.877605659116292,40.498628709
5530,0.8778634883051872,,0.0,0.8778634883051872,40.515526954
5535,0.877991572529182,,0.0,0.877991572529182,40.712536987
5540,0.8774838259891661,,0.0,0.8774838259891661,40.655572318
5545,0.8764058486057196,,0.0,0.8764058486057196,40.488860218
5550,0.8751385064519077,,0.0,0.8751385064519077,40.142319092
5555,0.8744193010158675,,0.0,0.8744193010158675,40.265464566
5560,0.8747103643761159,,0.0,0.8747103643761159,40.042211702
5565,0.8754350622037694,,0.0,0.8754350622037694,39.833950112
5570,0.8756503259397143,,0.0,0.8756503259397143,39.726664792
5575,0.8753927639856104,,0.0,0.8753927639856104,39.743741634
5580,0.8754296405678966,,0.0,0.8754296405678966,39.691877973
5585,0.8762293302403082,,0.0,0.8762293302403082,39.439461043
5590,0.8774283989979003,,0.0,0.8774283989979003,39.384093477
5595,0.878075768076935,,0.0,0.878075768076935,39.320708899
5600,0.8778329108027116,,0.0,0.8778329108027116,39.152435724
5605,0.8771946540808288,,0.0,0.8771946540808288,39.149178397
5610,0.8765377355233169,,0.0,0.8765377355233169,38.949596363
5615,0.8762201117313564,,0.0,0.8762201117313564,38.718842217
5620,0.876349741340754,,0.0,0.876349741340754,38.555939889
5625,0.8767307066901254,,0.0,0.8767307066901254,38.488015383
5630,0.877077569518774,,0.0,0.877077569518774,38.131180912
5635,0.8771784641852085,,0.0,0.8771784641852085,37.929020367
5640,0.8769867336266343,,0.0,0.8769867336266343,37.893773558
5645,0.8765646328178344,,0.0,0.8765646328178344,37.70831001
5650,0.8760818923386942,,0.0,0.8760818923386942,37.639037653
5655,0.8758356744760163,,0.0,0.8758356744760163,37.644716664
5660,0.8759171168433342,,0.0,0.8759171168433342,37.679197103
5665,0.8761230058620243,,0.0,0.8761230058620243,37.716723866
5670,0.8760851516864157,,0.0,0.8760851516864157,37.896627109
5675,0.8756933543789415,,0.0,0.8756933543789415,37.693686259
5680,0.875153074640509,,0.0,0.875153074640509,37.393903239
5685,0.8745841041950929,,0.0,0.8745841041950929,37.359208122
5690,0.8741013099488657,,0.0,0.8741013099488657,37.319221586
5695,0.8740921990104664,,0.0,0.8740921990104664,37.361962467
5700,0.8748436105314947,,0.0,0.8748436105314947,37.234165525
5705,0.8760379761241,,0.0,0.8760379761241,37.186528815
5710,0.8772150863378554,,0.0,0.8772150863378554,37.338526448
5715,0.8778338201140161,,0.0,0.8778338201140161,37.222094805
5720,0.8778276824446016,,0.0,0.8778276824446016,37.217858765
5725,0.8774400695479456,,0.0,0.8774400695479456,37.255213828
5730,0.8769459825400351,,0.0,0.8769459825400351,37.192694713
5735,0.8763811656202837,,0.0,0.8763811656202837,37.382749057
5740,0.8757745682179502,,0.0,0.8757745682179502,37.506622243
5745,0.8754111822323252,,0.0,0.8754111822323252,37.23948111
5750,0.875564218895622,,0.0,0.875564218895622,37.377460488
5755,0.8760768538024112,,0.0,0.8760768538024112,37.530170543
5760,0.8765888170571515,,0.0,0.8765888170571515,37.596932503
5765,0.8769914687317446,,0.0,0.8769914687317446,37.740649035
5770,0.8772792939528046,,0.0,0.8772792939528046,37.7371365
5775,0.8772289856755346,,0.0,0.8772289856755346,37.66654462
5780,0.8766138999853176,,0.0,0.8766138999853176,37.516693786
5785,0.8757589032971834,,0.0,0.8757589032971834,37.555427372
5790,0.875023136179576,,0.0,0.875023136179576,37.298879595
5795,0.8743595099414947,,0.0,0.8743595099414947,37.175049836
5800,0.8739011462882473,,0.0,0.8739011462882473,37.0685974
5805,0.8740312037788885,,0.0,0.8740312037788885,36.974557102
5810,0.8745696800280734,,0.0,0.8745696800280734,36.805631487
5815,0.8749627844068859,,0.0,0.8749627844068859,36.606938882
5820,0.8749794558780802,,0.0,0.8749794558780802,36.513687889
5825,0.8750120339672851,,0.0,0.8750120339672851,36.54615019
5830,0.8754890561821169,,0.0,0.8754890561821169,36.49850076
5835,0.8760364906173339,,0.0,0.8760364906173339,36.419412651
5840,0.8759432499394769,,0.0,0.8759432499394769,36.587785414
5845,0.8753046437679064,,0.0,0.8753046437679064,36.562266052
5850,0.8746225013164218,,0.0,0.8746225013164218,36.829608674
5855,0.8743301018913517,,0.0,0.8743301018913517,36.87152231
5860,0.8744092852406912,,0.0,0.8744092852406912,36.977398618
5865,0.8748632698593614,,0.0,0.8748632698593614,37.11615804
5870,0.8755840042742034,,0.0,0.8755840042742034,37.110905111
5875,0.8762098598975684,,0.0,0.8762098598975684,37.075663109
5880,0.8763970740208297,,0.0,0.8763970740208297,37.076057742
5885,0.8762956971967686,,0.0,0.8762956971967686,37.094727515
5890,0.8763184210667063,,0.0,0.8763184210667063,36.858617076
5895,0.8764659118623288,,0.0,0.8764659118623288,36.852586232
5900,0.8763854206049508,,0.0,0.8763854206049508,36.797438504
5905,0.876139837324862,,0.0,0.876139837324862,36.734866157
5910,0.8759962707262728,,0.0,0.8759962707262728,36.478492488
5915,0.8757090261388235,,0.0,0.8757090261388235,36.267242955
5920,0.8753916202163381,,0.0,0.8753916202163381,36.072013702
5925,0.875206844601453,,0.0,0.875206844601453,36.202391617
5930,0.8753439795214276,,0.0,0.8753439795214276,36.347272564
5935,0.8755773898311467,,0.0,0.8755773898311467,36.019386373
5940,0.8755709729948674,,0.0,0.8755709729948674,36.096035829
5945,0.8754309183911038,,0.0,0.8754309183911038,36.199614482
5950,0.8754959366231034,,0.0,0.8754959366231034,36.199572442
5955,0.8758327576297323,,0.0,0.8758327576297323,36.334552473
5960,0.875970910486534,,0.0,0.875970910486534,36.467390698
5965,0.8758213062587801,,0.0,0.8758213062587801,36.412785325
5970,0.8755518816045945,,0.0,0.8755518816045945,36.718103264
5975,0.8753456216366576,,0.0,0.8753456216366576,37.04062068
5980,0.8753890678803468,,0.0,0.8753890678803468,37.199924205
5985,0.8753694775984419,,0.0,0.8753694775984419,37.275100691
5990,0.8750948131997469,,0.0,0.8750948131997469,37.432896697
5995,0.8749531968403575,,0.0,0.8749531968403575,37.614213206
6000,0.875088568614589,,0.0,0.875088568614589,37.742578639
6005,0.8753217831364443,,0.0,0.8753217831364443,37.803747827
6010,0.875359910258233,,0.0,0.875359910258233,37.847572082
6015,0.8751193029437982,,0.0,0.8751193029437982,37.981628716
6020,0.8749319454537643,,0.0,0.8749319454537643,37.957544468
6025,0.87525600554438,,0.0,0.87525600554438,38.078471067
6030,0.875772598443618,,0.0,0.875772598443618,38.248791937
6035,0.8761180389545603,,0.0,0.8761180389545603,38.401854782
6040,0.876171602505185,,0.0,0.876171602505185,38.538534585
6045,0.8758523329601673,,0.0,0.8758523329601673,38.559353683
6050,0.875392190991437,,0.0,0.875392190991437,38.720976439
6055,0.8752425962947906,,0.0,0.8752425962947906,39.039843816
6060,0.8754214458526737,,0.0,0.8754214458526737,39.025891213
6065,0.8756742852521713,,0.0,0.8756742852521713,39.119688051
6070,0.876036717799647,,0.0,0.876036717799647,39.343127912
6075,0.8762297375678277,,0.0,0.8762297375678277,39.529458512
6080,0.8759877502799961,,0.0,0.8759877502799961,39.541005135
6085,0.8755009605716991,,0.0,0.8755009605716991,39.454908418
6090,0.8751035372188377,,0.0,0.8751035372188377,39.428802312
6095,0.8747897655949307,,0.0,0.8747897655949307,39.614570634
6100,0.8746149374004475,,0.0,0.8746149374004475,39.693946068
6105,0.8745226233863311,,0.0,0.8745226233863311,39.725561018
6110,0.8745920880982256,,0.0,0.8745920880982256,39.742464
6115,0.8748700189384052,,0.0,0.8748700189384052,39.722130132
6120,0.8751811854778255,,0.0,0.8751811854778255,39.445523803
6125,0.8753791015068647,,0.0,0.8753791015068647,39.290255958
6130,0.87528505435908,,0.0,0.87528505435908,39.156517438
6135,0.8750909690349133,,0.0,0.8750909690349133,38.999559913
6140,0.8751591382801385,,0.0,0.8751591382801385,38.738982377
6145,0.8756741733526044,,0.0,0.8756741733526044,38.424661915
6150,0.8764017955932225,,0.0,0.8764017955932225,38.343551285
6155,0.876926182937549,,0.0,0.876926182937549,38.111906149
6160,0.8770998279287123,,0.0,0.8770998279287123,37.847900107
6165,0.8768835598250363,,0.0,0.8768835598250363,37.34643692
6170,0.8763476069183597,,0.0,0.8763476069183597,37.411380398
6175,0.8755340404264196,,0.0,0.8755340404264196,37.108761926
6180,0.8745987758435018,,0.0,0.8745987758435018,36.825381225
6185,0.8738827656930448,,0.0,0.8738827656930448,36.854554629
6190,0.8733749934335899,,0.0,0.8733749934335899,36.635668447
6195,0.8729631028054559,,0.0,0.8729631028054559,36.605073909
6200,0.8728683324939881,,0.0,0.8728683324939881,36.557065887
6205,0.8733281055142765,,0.0,0.8733281055142765,36.604789428
6210,0.8741559725598655,,0.0,0.8741559725598655,36.667226538
6215,0.8748991291232514,,0.0,0.8748991291232514,36.563082654
6220,0.8752401847790929,,0.0,0.8752401847790929,36.547670379
6225,0.875254148251667,,0.0,0.875254148251667,36.582454888
6230,0.8749799655376809,,0.0,0.8749799655376809,36.539906874
6235,0.8746715748787377,,0.0,0.8746715748787377,36.634645359
6240,0.8744378003497523,,0.0,0.8744378003497523,36.554021735
6245,0.8742034729073999,,0.0,0.8742034729073999,36.478728084
6250,0.8741940733074066,,0.0,0.8741940733074066,36.505682181
6255,0.8747160980284339,,0.0,0.8747160980284339,36.543162743
6260,0.8754120561475704,,0.0,0.8754120561475704,36.380067396
6265,0.8757582101455753,,0.0,0.8757582101455753,36.426380682
6270,0.8755940598472102,,0.0,0.8755940598472102,36.48076028
6275,0.8751035477685368,,0.0,0.8751035477685368,36.583454514
6280,0.8746700407705994,,0.0,0.8746700407705994,36.199312884
6285,0.874676020631067,,0.0,0.874676020631067,36.268349345
6290,0.8750144160529603,,0.0,0.8750144160529603,36.303422942
6295,0.8753422993181461,,0.0,0.8753422993181461,36.176515479
6300,0.8754730785173396,,0.0,0.8754730785173396,36.031295889
6305,0.8754367803859677,,0.0,0.8754367803859677,36.354671589
6310,0.875389360579929,,0.0,0.875389360579929,36.69617856
6315,0.8755297536835204,,0.0,0.8755297536835204,36.748126952
6320,0.8759371016476066,,0.0,0.8759371016476066,36.838599888
6325,0.8765393164502923,,0.0,0.8765393164502923,36.909786833
6330,0.8769988655986904,,0.0,0.8769988655986904,37.083495858
6335,0.8768625360572955,,0.0,0.8768625360572955,37.37162673
6340,0.8761458961625596,,0.0,0.8761458961625596,37.187595341
6345,0.8751372417248788,,0.0,0.8751372417248788,36.99914495
6350,0.8739553521700334,,0.0,0.8739553521700334,37.201082445
6355,0.8729510283110704,,0.0,0.8729510283110704,37.163360842
6360,0.8723910334768793,,0.0,0.8723910334768793,37.017207466
6365,0.8721672685751423,,0.0,0.8721672685751423,36.768238236
6370,0.8720313396676644,,0.0,0.8720313396676644,36.606640273
6375,0.8721546825658643,,0.0,0.8721546825658643,36.580230189
6380,0.872702634554767,,0.0,0.872702634554767,36.49083905
6385,0.8732140715250362,,0.0,0.8732140715250362,36.207261511
6390,0.8735138645066295,,0.0,0.8735138645066295,36.035318822
6395,0.8736890854409448,,0.0,0.8736890854409448,35.825680931
6400,0.8741006780218905,,0.0,0.8741006780218905,35.413793877
6405,0.8746143964555324,,0.0,0.8746143964555324,34.969613743
6410,0.8749068448093793,,0.0,0.8749068448093793,34.816489002
6415,0.8752195396000361,,0.0,0.8752195396000361,34.624025453
6420,0.8756738200104416,,0.0,0.8756738200104416,34.229409062
6425,0.8757043355243407,,0.0,0.8757043355243407,34.120760388
6430,0.8753231739869447,,0.0,0.8753231739869447,33.984055109
6435,0.8749328520730767,,0.0,0.8749328520730767,33.628776247
6440,0.8747808393490218,,0.0,0.8747808393490218,33.551002615
6445,0.8745957281809492,,0.0,0.8745957281809492,33.296867091
6450,0.8742071616642524,,0.0,0.8742071616642524,33.197465039
6455,0.8739520642289895,,0.0,0.8739520642289895,33.23206658
6460,0.8741555422776559,,0.0,0.8741555422776559,33.256925076
6465,0.8747034621809222,,0.0,0.8747034621809222,33.262064673
6470,0.8751425695775646,,0.0,0.8751425695775646,33.417888772
6475,0.875231699801632,,0.0,0.875231699801632,33.47260014
6480,0.8750044138468797,,0.0,0.8750044138468797,33.449431113
6485,0.8747973221988722,,0.0,0.8747973221988722,33.475191254
6490,0.8746515098967522,,0.0,0.8746515098967522,33.592144774
6495,0.8743853408069476,,0.0,0.8743853408069476,33.625514496
6500,0.8740043070300454,,0.0,0.8740043070300454,33.621739749
6505,0.8737650389817202,,0.0,0.8737650389817202,33.618049764
6510,0.8737046226739743,,0.0,0.8737046226739743,33.610043862
6515,0.8738032683992119,,0.0,0.8738032683992119,33.747682855
6520,0.8741035598358978,,0.0,0.8741035598358978,33.945161748
6525,0.8745711942736748,,0.0,0.8745711942736748,33.72224605
6530,0.8749367259225806,,0.0,0.8749367259225806,33.875189082
6535,0.8749689690770288,,0.0,0.8749689690770288,34.006022874
6540,0.8746084323468569,,0.0,0.8746084323468569,34.116307872
6545,0.8740202058631057,,0.0,0.8740202058631057,34.099250074
6550,0.8735458621441151,,0.0,0.8735458621441151,33.855113975
6555,0.8733629147920814,,0.0,0.8733629147920814,33.667632059
6560,0.8732652042794786,,0.0,0.8732652042794786,33.534607515
6565,0.8733029962846193,,0.0,0.8733029962846193,33.510115295
6570,0.8735566216366988,,0.0,0.8735566216366988,33.382367817
6575,0.8737460975063089,,0.0,0.8737460975063089,33.070365241
6580,0.8737663929446521,,0.0,0.8737663929446521,33.171505255
6585,0.8738188886110815,,0.0,0.8738188886110815,32.840341968
6590,0.8739635311334643,,0.0,0.8739635311334643,32.788849413
6595,0.8739609313965835,,0.0,0.8739609313965835,32.845752363
6600,0.8736810533002225,,0.0,0.8736810533002225,32.695978083
6605,0.8733518960315482,,0.0,0.8733518960315482,32.709488457
6610,0.8730914671057722,,0.0,0.8730914671057722,32.843132454
6615,0.8727685814149343,,0.0,0.8727685814149343,32.866312724
6620,0.8725350054385613,,0.0,0.8725350054385613,32.85309104
6625,0.8727996104081526,,0.0,0.8727996104081526,33.070686438
6630,0.8735067656868718,,0.0,0.8735067656868718,33.072661022
6635,0.8741876457395369,,0.0,0.8741876457395369,32.964400681
6640,0.8745373300670166,,0.0,0.8745373300670166,33.02339469
6645,0.8745196840218965,,0.0,0.8745196840218965,33.001646799
6650,0.8742124297474362,,0.0,0.8742124297474362,32.844120766
6655,0.8736578636792593,,0.0,0.8736578636792593,32.820187425
6660,0.8731432566335502,,0.0,0.8731432566335502,32.626814235
6665,0.8730662109806497,,0.0,0.8730662109806497,32.658295818
6670,0.8734253247746847,,0.0,0.8734253247746847,32.817608876
6675,0.8739243984434613,,0.0,0.8739243984434613,32.762528119
6680,0.8743681227158276,,0.0,0.8743681227158276,32.632326672
6685,0.8745218202268263,,0.0,0.8745218202268263,32.636730427
6690,0.8743705800317707,,0.0,0.8743705800317707,32.583196501
6695,0.8740538033442684,,0.0,0.8740538033442684,32.539991267
6700,0.8739937167691864,,0.0,0.8739937167691864,32.399930776
6705,0.8742290958710244,,0.0,0.8742290958710244,32.212414591
6710,0.8744767484563994,,0.0,0.8744767484563994,32.288445592
6715,0.874851236872585,,0.0,0.874851236872585,32.218536973
6720,0.8752534958437241,,0.0,0.8752534958437241,32.139292261
6725,0.8752242855094934,,0.0,0.8752242855094934,31.97776337
6730,0.874907337662218,,0.0,0.874907337662218,32.094447834
6735,0.8746098261803757,,0.0,0.8746098261803757,32.070041077
6740,0.874530400406227,,0.0,0.874530400406227,32.101971705
6745,0.8745583674766098,,0.0,0.8745583674766098,32.137482497
6750,0.8744979379999293,,0.0,0.8744979379999293,32.095765906
6755,0.8742955812751407,,0.0,0.8742955812751407,32.189932686
6760,0.8740348552116333,,0.0,0.8740348552116333,32.3023482
6765,0.873919350266936,,0.0,0.873919350266936,32.566299797
6770,0.8738884885773939,,0.0,0.8738884885773939,32.374084564
6775,0.8737633651446365,,0.0,0.8737633651446365,32.733896045
6780,0.8734813125734026,,0.0,0.8734813125734026,32.790340326
6785,0.8732555642554809,,0.0,0.8732555642554809,32.891376044
6790,0.873305883628124,,0.0,0.873305883628124,32.999065615
6795,0.8735198854381669,,0.0,0.8735198854381669,32.941341701
6800,0.873887253462279,,0.0,0.873887253462279,33.058809292
6805,0.874256823463238,,0.0,0.874256823463238,32.966513853
6810,0.8743446959449048,,0.0,0.8743446959449048,32.970031982
6815,0.8742549721729399,,0.0,0.8742549721729399,32.993554919
6820,0.8742234442517115,,0.0,0.8742234442517115,32.782714071
6825,0.8743971988142323,,0.0,0.8743971988142323,32.533368213
6830,0.8745832104173109,,0.0,0.8745832104173109,32.355637555
6835,0.8745691457403821,,0.0,0.8745691457403821,32.069772476
6840,0.8744348140209676,,0.0,0.8744348140209676,32.003196325
6845,0.8742622109762911,,0.0,0.8742622109762911,31.850028904
6850,0.8741014865290014,,0.0,0.8741014865290014,31.826911185
6855,0.873881755904951,,0.0,0.873881755904951,31.765983517
6860,0.8736145039431027,,0.0,0.8736145039431027,31.690030771
6865,0.8734916188654648,,0.0,0.8734916188654648,31.67128871
6870,0.8735551385672771,,0.0,0.8735551385672771,31.631741712
6875,0.8735627410078421,,0.0,0.8735627410078421,31.565722572
6880,0.8734664827886424,,0.0,0.8734664827886424,31.79505076
6885,0.87344177466582,,0.0,0.87344177466582,31.902997008
6890,0.8737037891386118,,0.0,0.8737037891386118,31.864215979
6895,0.8740648605930141,,0.0,0.8740648605930141,32.179022027
6900,0.8741638863256884,,0.0,0.8741638863256884,32.315426255
6905,0.8741675739548145,,0.0,0.8741675739548145,32.607421035
6910,0.8741385555159721,,0.0,0.8741385555159721,32.9344629
6915,0.8741309266284027,,0.0,0.8741309266284027,33.053815419
6920,0.8740903042845107,,0.0,0.8740903042845107,33.312481695
6925,0.8739699400756583,,0.0,0.8739699400756583,33.334749243
6930,0.8739690268718786,,0.0,0.8739690268718786,33.417365565
6935,0.8740637502189963,,0.0,0.8740637502189963,33.538906287
6940,0.8739887092271917,,0.0,0.8739887092271917,33.345885337
6945,0.8736670152885676,,0.0,0.8736670152885676,33.431224776
6950,0.8732387945993286,,0.0,0.8732387945993286,33.253677115
6955,0.8730039622629293,,0.0,0.8730039622629293,32.845121746
6960,0.8731256939674311,,0.0,0.8731256939674311,32.610323094
6965,0.8733885274242764,,0.0,0.8733885274242764,32.279384551
6970,0.8735776778174807,,0.0,0.8735776778174807,31.986710587
6975,0.8738572036266489,,0.0,0.8738572036266489,31.74873832
6980,0.8741012721882188,,0.0,0.8741012721882188,31.526211494
6985,0.8741493083877101,,0.0,0.8741493083877101,31.239511687
6990,0.873954400878202,,0.0,0.873954400878202,30.999766112
6995,0.8736912571874471,,0.0,0.8736912571874471,30.656894072
7000,0.8735656891394407,,0.0,0.8735656891394407,30.346501717
7005,0.8736354446956253,,0.0,0.8736354446956253,29.980716505
7010,0.8738530621785708,,0.0,0.8738530621785708,29.763407014
7015,0.8741594849184736,,0.0,0.8741594849184736,29.513188997
7020,0.8744172820217324,,0.0,0.8744172820217324,29.422544705
7025,0.8745522052154829,,0.0,0.8745522052154829,29.381615876
7030,0.874538264697599,,0.0,0.874538264697599,29.202674846
7035,0.8743480352884478,,0.0,0.8743480352884478,29.236313272
7040,0.8740668488111306,,0.0,0.8740668488111306,29.270216665
7045,0.8737435118478198,,0.0,0.8737435118478198,29.177929684
7050,0.873478957225758,,0.0,0.873478957225758,29.199782015
7055,0.8734298988331817,,0.0,0.8734298988331817,29.129716576
7060,0.8735199631421573,,0.0,0.8735199631421573,29.158101414
7065,0.8736671037605269,,0.0,0.8736671037605269,29.551386066
7070,0.8737165897069422,,0.0,0.8737165897069422,29.492677539
7075,0.8736510269649566,,0.0,0.8736510269649566,29.336928006
7080,0.873559669517521,,0.0,0.873559669517521,29.543916471
7085,0.8734928817735802,,0.0,0.8734928817735802,29.417691924
7090,0.8732423753490894,,0.0,0.8732423753490894,29.489236665
7095,0.8729682639001396,,0.0,0.8729682639001396,29.484251374
7100,0.8730004779883479,,0.0,0.8730004779883479,29.382661148
7105,0.8733154263766204,,0.0,0.8733154263766204,29.542113584
7110,0.8736931957492213,,0.0,0.8736931957492213,29.495533126
7115,0.8739124188599894,,0.0,0.8739124188599894,29.596183778
7120,0.8740150712518044,,0.0,0.8740150712518044,29.889464511
7125,0.8740783827971402,,0.0,0.8740783827971402,30.149409008
7130,0.8738700524325689,,0.0,0.8738700524325689,30.316384871
7135,0.8734042494953096,,0.0,0.8734042494953096,30.467359744
7140,0.8731083561190373,,0.0,0.8731083561190373,30.716077029
7145,0.8731806560079935,,0.0,0.8731806560079935,30.841637341
7150,0.8733668234919707,,0.0,0.8733668234919707,30.923098647
7155,0.8734106417398765,,0.0,0.8734106417398765,31.037227039
7160,0.8734998780429871,,0.0,0.8734998780429871,31.213232116
7165,0.873651284086588,,0.0,0.873651284086588,31.308749537
7170,0.8736162509732712,,0.0,0.8736162509732712,31.349901748
7175,0.8733659155630404,,0.0,0.8733659155630404,31.614721716
7180,0.8731073573535602,,0.0,0.8731073573535602,31.68588864
7185,0.8730034982944392,,0.0,0.8730034982944392,32.049108626
7190,0.8729173985260015,,0.0,0.8729173985260015,32.102406041
7195,0.872632185555948,,0.0,0.872632185555948,32.246914695
7200,0.8724149472073607,,0.0,0.8724149472073607,32.537258388
7205,0.8725170370455667,,0.0,0.8725170370455667,32.515532464
7210,0.8729464498508023,,0.0,0.8729464498508023,32.429005982
7215,0.8732846210734011,,0.0,0.8732846210734011,32.805494273
7220,0.8734747801269727,,0.0,0.8734747801269727,32.731485404
7225,0.8736712178885221,,0.0,0.8736712178885221,32.362585788
7230,0.8737940311918279,,0.0,0.8737940311918279,32.491391649
7235,0.8736715841449717,,0.0,0.8736715841449717,32.704571147
7240,0.8733066304740627,,0.0,0.8733066304740627,32.358239994
7245,0.8730202364106292,,0.0,0.8730202364106292,32.040121306
7250,0.872993877405413,,0.0,0.872993877405413,32.153215941
7255,0.8730148416946781,,0.0,0.8730148416946781,32.072361445
7260,0.8730300315879599,,0.0,0.8730300315879599,31.746338676
7265,0.8731610748934132,,0.0,0.8731610748934132,31.578858665
7270,0.8733827921349363,,0.0,0.8733827921349363,31.624456952
7275,0.8735294667112542,,0.0,0.8735294667112542,31.398490581
7280,0.8735559319410264,,0.0,0.8735559319410264,31.200025091
7285,0.8736567065591612,,0.0,0.8736567065591612,31.136746934
7290,0.8739085838261023,,0.0,0.8739085838261023,31.147047322
7295,0.8739037239798948,,0.0,0.8739037239798948,30.969440506
7300,0.8736442050202324,,0.0,0.8736442050202324,30.890544694
7305,0.87347164548397,,0.0,0.87347164548397,30.71785864
7310,0.8736058400209183,,0.0,0.8736058400209183,30.673699981
7315,0.8738206828966262,,0.0,0.8738206828966262,30.579184242
7320,0.8737632504439425,,0.0,0.8737632504439425,30.584828841
7325,0.8737170595687126,,0.0,0.8737170595687126,30.485269047
7330,0.8739291110304207,,0.0,0.8739291110304207,30.443006848
7335,0.8739914658271843,,0.0,0.8739914658271843,30.34988999
7340,0.8738276609768968,,0.0,0.8738276609768968,30.350516702
7345,0.8737488741507299,,0.0,0.8737488741507299,30.176351569
7350,0.8739392671529733,,0.0,0.8739392671529733,29.987544944
7355,0.874137828896353,,0.0,0.874137828896353,29.759744531
7360,0.8740431448013916,,0.0,0.8740431448013916,29.676248348
7365,0.873982975320226,,0.0,0.873982975320226,29.573660939
7370,0.8741031597112764,,0.0,0.8741031597112764,29.257113727
7375,0.8740313788675151,,0.0,0.8740313788675151,29.116776887
7380,0.8737646479152886,,0.0,0.8737646479152886,28.943419154
7385,0.8736440864270634,,0.0,0.8736440864270634,28.661576206
7390,0.873715785565224,,0.0,0.873715785565224,28.401428432
7395,0.8736817452877259,,0.0,0.8736817452877259,28.375228686
7400,0.8736245525314811,,0.0,0.8736245525314811,28.227245049
7405,0.873729318282671,,0.0,0.873729318282671,27.978072911
7410,0.873911836007304,,0.0,0.873911836007304,27.75423754
7415,0.8739051036258872,,0.0,0.8739051036258872,27.622645637
7420,0.8737395529822924,,0.0,0.8737395529822924,27.600252529
7425,0.8736979689787615,,0.0,0.8736979689787615,27.517893276
7430,0.8735988181412074,,0.0,0.8735988181412074,27.453476195
7435,0.8732149790174271,,0.0,0.8732149790174271,27.499871677
7440,0.8727627414653036,,0.0,0.8727627414653036,27.481554073
7445,0.8725939207787753,,0.0,0.8725939207787753,27.455525537
7450,0.8727254851666068,,0.0,0.8727254851666068,27.626192811
7455,0.8729096521366113,,0.0,0.8729096521366113,27.640910212
7460,0.8732162210807921,,0.0,0.8732162210807921,27.68251791
7465,0.8737127558371599,,0.0,0.8737127558371599,27.765300213
7470,0.8738680143034622,,0.0,0.8738680143034622,27.8013993
7475,0.8735472179623389,,0.0,0.8735472179623389,27.908936121
7480,0.8732504360103776,,0.0,0.8732504360103776,27.980393511
7485,0.8732153419270756,,0.0,0.8732153419270756,27.960976123
7490,0.8732199510906058,,0.0,0.8732199510906058,28.014626023
7495,0.8730632720891326,,0.0,0.8730632720891326,28.115691919
7500,0.8729435349325669,,0.0,0.8729435349325669,28.277763808
7505,0.8729511585816649,,0.0,0.8729511585816649,28.333294138
7510,0.8727320926250351,,0.0,0.8727320926250351,28.455109322
7515,0.8722772018599699,,0.0,0.8722772018599699,28.496591291
7520,0.8720910362312847,,0.0,0.8720910362312847,28.638523929
7525,0.8723632125743963,,0.0,0.8723632125743963,28.617588525
7530,0.8726442787487656,,0.0,0.8726442787487656,28.741116816
7535,0.872787339398338,,0.0,0.872787339398338,28.712987338
7540,0.8730865196606841,,0.0,0.8730865196606841,28.639434695
7545,0.8733888861140453,,0.0,0.8733888861140453,28.556490201
7550,0.8732966510044023,,0.0,0.8732966510044023,28.528422477
7555,0.8729587509454485,,0.0,0.8729587509454485,28.414597567
7560,0.8728350179266521,,0.0,0.8728350179266521,28.515334743
7565,0.8728876898458129,,0.0,0.8728876898458129,28.468252523
7570,0.8728078307336795,,0.0,0.8728078307336795,28.414656531
7575,0.8727511535666939,,0.0,0.8727511535666939,28.536869482
7580,0.8729220602561357,,0.0,0.8729220602561357,28.666840638
7585,0.8730533047698155,,0.0,0.8730533047698155,28.633724346
7590,0.8729466514228115,,0.0,0.8729466514228115,28.718823178
7595,0.872952125734423,,0.0,0.872952125734423,28.724952793
7600,0.8731559204923318,,0.0,0.8731559204923318,28.750974505
7605,0.8731617440353615,,0.0,0.8731617440353615,28.655370739
7610,0.8727769151315373,,0.0,0.8727769151315373,28.650071049
7615,0.8725175337181239,,0.0,0.8725175337181239,28.577844323
7620,0.8725634158873319,,0.0,0.8725634158873319,28.546143814
7625,0.8725526477730975,,0.0,0.8725526477730975,28.416540962
7630,0.8723617354710113,,0.0,0.8723617354710113,28.259178728
7635,0.8723813706437047,,0.0,0.8723813706437047,28.215510771
7640,0.8726577043321995,,0.0,0.8726577043321995,28.162215915
7645,0.8727367352929545,,0.0,0.8727367352929545,28.036420687
7650,0.8725695243449934,,0.0,0.8725695243449934,28.002255107
7655,0.8726831082986222,,0.0,0.8726831082986222,27.838012468
7660,0.8730391697009291,,0.0,0.8730391697009291,27.713623622
7665,0.8730695920500716,,0.0,0.8730695920500716,27.650300106
7670,0.8728352519480805,,0.0,0.8728352519480805,27.43465838
7675,0.8728500954838279,,0.0,0.8728500954838279,27.361731254
7680,0.8730068855481676,,0.0,0.8730068855481676,27.454965189
7685,0.8728089725749033,,0.0,0.8728089725749033,27.320913888
7690,0.8725032611029885,,0.0,0.8725032611029885,27.290304388
7695,0.8726484907706926,,0.0,0.8726484907706926,27.418939289
7700,0.8730024023262174,,0.0,0.8730024023262174,27.476972433
7705,0.8729218973178523,,0.0,0.8729218973178523,27.263596704
7710,0.8726921786024909,,0.0,0.8726921786024909,27.240146133
7715,0.8727783614589036,,0.0,0.8727783614589036,27.44751441
7720,0.8729189215387666,,0.0,0.8729189215387666,27.508001802
7725,0.872634652621268,,0.0,0.872634652621268,27.678375434
7730,0.8724183035759354,,0.0,0.8724183035759354,27.718446794
7735,0.8726817091902539,,0.0,0.8726817091902539,27.850388458
7740,0.8730482424421422,,0.0,0.8730482424421422,28.070915949
7745,0.8729309128360424,,0.0,0.8729309128360424,28.310245029
7750,0.8728562667667663,,0.0,0.8728562667667663,28.631456851
7755,0.8730124488410342,,0.0,0.8730124488410342,28.850017519
7760,0.8728966079793669,,0.0,0.8728966079793669,28.909884148
7765,0.8724110523675933,,0.0,0.8724110523675933,29.209344613
7770,0.872265575109365,,0.0,0.872265575109365,29.377733685
7775,0.8726654627264195,,0.0,0.8726654627264195,29.566415652
7780,0.8729783939758489,,0.0,0.8729783939758489,29.643357333
7785,0.8729433118246204,,0.0,0.8729433118246204,29.648276424
7790,0.8729977640964474,,0.0,0.8729977640964474,29.74711337
7795,0.8731716118964811,,0.0,0.8731716118964811,29.872070139
7800,0.8730653297169935,,0.0,0.8730653297169935,29.859551202
7805,0.8727854972389864,,0.0,0.8727854972389864,29.862803053
7810,0.8729350361313624,,0.0,0.8729350361313624,29.833851712
7815,0.873379620058691,,0.0,0.873379620058691,29.901191351
7820,0.8734352670657503,,0.0,0.8734352670657503,29.961941882
7825,0.8732184260042791,,0.0,0.8732184260042791,29.832895935
7830,0.8732718711436261,,0.0,0.8732718711436261,29.766199558
7835,0.8734237397369646,,0.0,0.8734237397369646,29.752080546
7840,0.8731606310784863,,0.0,0.8731606310784863,29.572693876
7845,0.8728310274847841,,0.0,0.8728310274847841,29.400225103
7850,0.8728849867946377,,0.0,0.8728849867946377,29.435341936
7855,0.873058939545988,,0.0,0.873058939545988,29.249044773
7860,0.8729106487557704,,0.0,0.8729106487557704,29.012291238
7865,0.872761284952021,,0.0,0.872761284952021,28.930927129
7870,0.8729007008624509,,0.0,0.8729007008624509,28.788925986
7875,0.873075314825286,,0.0,0.873075314825286,28.676706341
7880,0.8729566663976658,,0.0,0.8729566663976658,28.56305338
7885,0.8729318346614727,,0.0,0.8729318346614727,28.54682221
7890,0.8731342269278337,,0.0,0.8731342269278337,28.4195267
7895,0.8731575699195945,,0.0,0.8731575699195945,28.234482286
7900,0.8728972989482786,,0.0,0.8728972989482786,28.188369772
7905,0.8728696135548615,,0.0,0.8728696135548615,28.010144519
7910,0.8730087349104171,,0.0,0.8730087349104171,28.046795346
7915,0.872866117821124,,0.0,0.872866117821124,27.935539443
7920,0.8725145784927624,,0.0,0.8725145784927624,27.817128884
7925,0.8724968318617182,,0.0,0.8724968318617182,27.907095418
7930,0.8727254194674463,,0.0,0.8727254194674463,27.8060573
7935,0.8726781778785657,,0.0,0.8726781778785657,27.950230664
7940,0.8724041907341736,,0.0,0.8724041907341736,27.828691995
7945,0.8723945476180228,,0.0,0.8723945476180228,27.912605691
7950,0.8725190773209914,,0.0,0.8725190773209914,27.941682442
7955,0.8724051841156665,,0.0,0.8724051841156665,27.829527952
7960,0.8723239099251032,,0.0,0.8723239099251032,27.996280634
7965,0.8725957316891906,,0.0,0.8725957316891906,27.917732166
7970,0.8729892513623644,,0.0,0.8729892513623644,28.079603519
7975,0.8729266512669079,,0.0,0.8729266512669079,28.074378649
7980,0.8727576710980319,,0.0,0.8727576710980319,28.026879194
7985,0.872865882926617,,0.0,0.872865882926617,28.044609874
7990,0.872856255926041,,0.0,0.872856255926041,28.179118529
7995,0.8725526297294743,,0.0,0.8725526297294743,28.225465634
8000,0.8724873220355586,,0.0,0.8724873220355586,28.244919226
8005,0.8727521997694386,,0.0,0.8727521997694386,28.334458765
8010,0.8728544413050419,,0.0,0.8728544413050419,28.355911896
8015,0.872694107669536,,0.0,0.872694107669536,28.501339504
8020,0.8726902785653075,,0.0,0.8726902785653075,28.542178698
8025,0.8728309921978595,,0.0,0.8728309921978595,28.737569181
8030,0.8726623219354889,,0.0,0.8726623219354889,28.837737491
8035,0.8723621323215882,,0.0,0.8723621323215882,28.910558533
8040,0.872498424466119,,0.0,0.872498424466119,28.992159841
8045,0.8731121296008869,,0.0,0.8731121296008869,29.031657728
8050,0.8733488745249737,,0.0,0.8733488745249737,29.039294346
8055,0.8732098354206925,,0.0,0.8732098354206925,29.019765703
8060,0.8731971759273037,,0.0,0.8731971759273037,29.083608201
8065,0.8731070488294294,,0.0,0.8731070488294294,29.146149633
8070,0.8726791997806242,,0.0,0.8726791997806242,29.077265928
8075,0.8722771583515558,,0.0,0.8722771583515558,29.023643464
8080,0.8723062805776102,,0.0,0.8723062805776102,28.878754757
8085,0.8725468265218991,,0.0,0.8725468265218991,28.828429565
8090,0.8725472708097436,,0.0,0.8725472708097436,28.753869487
8095,0.8725187899326371,,0.0,0.8725187899326371,28.842682659
8100,0.8727372294554109,,0.0,0.8727372294554109,28.632531043
8105,0.8729887795725456,,0.0,0.8729887795725456,28.534804136
8110,0.8728741304267137,,0.0,0.8728741304267137,28.449257161
8115,0.8727403845430027,,0.0,0.8727403845430027,28.425817053
8120,0.8728977224641296,,0.0,0.8728977224641296,28.353196526
8125,0.8730796360547878,,0.0,0.8730796360547878,28.121941423
8130,0.8728605765371121,,0.0,0.8728605765371121,28.124671126
8135,0.8727814578319633,,0.0,0.8727814578319633,28.030995709
8140,0.8730395355208393,,0.0,0.8730395355208393,27.855670122
8145,0.8731842257351377,,0.0,0.8731842257351377,27.705033189
8150,0.8729607284683528,,0.0,0.8729607284683528,27.470537631
8155,0.8729544456496302,,0.0,0.8729544456496302,27.528753323
8160,0.8732415310457582,,0.0,0.8732415310457582,27.490335891
8165,0.8732842389924027,,0.0,0.8732842389924027,27.320778434
8170,0.8729870110064397,,0.0,0.8729870110064397,27.230092956
8175,0.8729321023328034,,0.0,0.8729321023328034,27.271221843
8180,0.8730344391794811,,0.0,0.8730344391794811,27.356713805
8185,0.8728518375301729,,0.0,0.8728518375301729,27.314643434
8190,0.8725000795683924,,0.0,0.8725000795683924,27.364587985
8195,0.8725083202657521,,0.0,0.8725083202657521,27.496581503
8200,0.8727986372166011,,0.0,0.8727986372166011,27.5070842
8205,0.872874657511507,,0.0,0.872874657511507,27.620341753
8210,0.8728914801708026,,0.0,0.8728914801708026,27.691590179
8215,0.8731584379415596,,0.0,0.8731584379415596,27.762582309
8220,0.8734200304991446,,0.0,0.8734200304991446,27.720395449
8225,0.8732312600406205,,0.0,0.8732312600406205,27.85488511
8230,0.872891751152556,,0.0,0.872891751152556,27.787895844
8235,0.8727776194876535,,0.0,0.8727776194876535,27.79129555
8240,0.8727229136228875,,0.0,0.8727229136228875,27.669322435
8245,0.8724296803714287,,0.0,0.8724296803714287,27.713814102
8250,0.87232236770461,,0.0,0.87232236770461,27.64813839
8255,0.8726381163421256,,0.0,0.8726381163421256,27.65399376
8260,0.8729823237387581,,0.0,0.8729823237387581,27.624707761
8265,0.8728790070433049,,0.0,0.8728790070433049,27.482870345
8270,0.8728038096249277,,0.0,0.8728038096249277,27.277977003
8275,0.8729386658462782,,0.0,0.8729386658462782,27.383016447
8280,0.8728933311336963,,0.0,0.8728933311336963,27.164313601
8285,0.8724412636499976,,0.0,0.8724412636499976,26.865861092
8290,0.8722290357900451,,0.0,0.8722290357900451,26.707990824
8295,0.8724223195553508,,0.0,0.8724223195553508,26.88794756
8300,0.872515110561379,,0.0,0.872515110561379,26.709431729
8305,0.8722630784685091,,0.0,0.8722630784685091,26.402185399
8310,0.8722485699766535,,0.0,0.8722485699766535,26.34006336
8315,0.8725448596214503,,0.0,0.8725448596214503,26.413952631
8320,0.8726928243895881,,0.0,0.8726928243895881,26.221213831
8325,0.8725664209145488,,0.0,0.8725664209145488,26.357597791
8330,0.8727026030875612,,0.0,0.8727026030875612,26.173555958
8335,0.873020301746007,,0.0,0.873020301746007,26.314659655
8340,0.8729355291297141,,0.0,0.8729355291297141,26.184885596
8345,0.8724936536375449,,0.0,0.8724936536375449,26.232753254
8350,0.872325237732057,,0.0,0.872325237732057,26.077033536
8355,0.8723891703636427,,0.0,0.8723891703636427,26.10292536
8360,0.872125876903539,,0.0,0.872125876903539,26.201082788
8365,0.8718037148493016,,0.0,0.8718037148493016,25.932360717
8370,0.872024407096613,,0.0,0.872024407096613,26.060500984
8375,0.8726875482304277,,0.0,0.8726875482304277,25.951444097
8380,0.8730640784135472,,0.0,0.8730640784135472,25.854713742
8385,0.8729940928011658,,0.0,0.8729940928011658,25.707373988
8390,0.8730035582094545,,0.0,0.8730035582094545,25.434686049
8395,0.8729326225784814,,0.0,0.8729326225784814,25.570828192
8400,0.8723083442442643,,0.0,0.8723083442442643,25.663420191
8405,0.8716455042134128,,0.0,0.8716455042134128,25.490551571
8410,0.8712779770707358,,0.0,0.8712779770707358,25.461139638
8415,0.8711710388454782,,0.0,0.8711710388454782,25.617652759
8420,0.8713270912312041,,0.0,0.8713270912312041,25.6864045
8425,0.8718031672471627,,0.0,0.8718031672471627,25.645061186
8430,0.8724938640858525,,0.0,0.8724938640858525,25.65802806
8435,0.8730089419391671,,0.0,0.8730089419391671,25.759793989
8440,0.8729113733018279,,0.0,0.8729113733018279,25.677180023
8445,0.872577025071908,,0.0,0.872577025071908,25.752811451
8450,0.87232045664481,,0.0,0.87232045664481,25.70147757
8455,0.8721232931003418,,0.0,0.8721232931003418,25.665236561
8460,0.8719328066059374,,0.0,0.8719328066059374,25.664319135
8465,0.8719836381482818,,0.0,0.8719836381482818,25.644430506
8470,0.8724541629489602,,0.0,0.8724541629489602,25.772289231
8475,0.8730069969748169,,0.0,0.8730069969748169,25.633597109
8480,0.8731795449064103,,0.0,0.8731795449064103,25.701686663
8485,0.8729825632169271,,0.0,0.8729825632169271,25.591059259
8490,0.8726402966011437,,0.0,0.8726402966011437,25.603174176
8495,0.8722080695363532,,0.0,0.8722080695363532,25.499562048
8500,0.871786994231061,,0.0,0.871786994231061,25.423870459
8505,0.8715903187374994,,0.0,0.8715903187374994,25.519794108
8510,0.8717616321724084,,0.0,0.8717616321724084,25.589993928
8515,0.8721119924809516,,0.0,0.8721119924809516,25.600156529
8520,0.8723764204338679,,0.0,0.8723764204338679,25.712499803
8525,0.8725930310753597,,0.0,0.8725930310753597,25.92237763
8530,0.8726930973721464,,0.0,0.8726930973721464,26.04876855
8535,0.8725136230174297,,0.0,0.8725136230174297,26.154982756
8540,0.8722571898083713,,0.0,0.8722571898083713,26.24514461
8545,0.8721931377469163,,0.0,0.8721931377469163,26.440763373
8550,0.8722916701902126,,0.0,0.8722916701902126,26.513085655
8555,0.872233520721774,,0.0,0.872233520721774,26.444693228
8560,0.8721831632610795,,0.0,0.8721831632610795,26.394482252
8565,0.872356002837285,,0.0,0.872356002837285,26.473757055
8570,0.8724751264379033,,0.0,0.8724751264379033,26.35249865
8575,0.8722194452768766,,0.0,0.8722194452768766,26.23047793
8580,0.8721068098503304,,0.0,0.8721068098503304,26.112187272
8585,0.8723514904763384,,0.0,0.8723514904763384,25.909528267
8590,0.8724826688543184,,0.0,0.8724826688543184,25.8546169
8595,0.8721838138137302,,0.0,0.8721838138137302,25.676031025
8600,0.8719859556625229,,0.0,0.8719859556625229,25.485192519
8605,0.8721085108983622,,0.0,0.8721085108983622,25.429430428
8610,0.8722309391376513,,0.0,0.8722309391376513,25.243755556
8615,0.8721535763389695,,0.0,0.8721535763389695,25.16881874
8620,0.872301397158282,,0.0,0.872301397158282,24.917912961
8625,0.8726532770964109,,0.0,0.8726532770964109,24.799303442
8630,0.8726321144364249,,0.0,0.8726321144364249,24.647664592
8635,0.872272691572585,,0.0,0.872272691572585,24.453645341
8640,0.8721517724131825,,0.0,0.8721517724131825,24.253573877
8645,0.8723473456087029,,0.0,0.8723473456087029,24.227921488
8650,0.8723397476790437,,0.0,0.8723397476790437,23.933396331
8655,0.8721273341807654,,0.0,0.8721273341807654,23.79947884
8660,0.8722116425011637,,0.0,0.8722116425011637,23.689963313
8665,0.8724689909511851,,0.0,0.8724689909511851,23.449192653
8670,0.8723711427104419,,0.0,0.8723711427104419,23.338089538
8675,0.8720711709296382,,0.0,0.8720711709296382,23.350623115
8680,0.8720220123876772,,0.0,0.8720220123876772,23.389552042
8685,0.8721361743193027,,0.0,0.8721361743193027,23.363413295
8690,0.8719890347922813,,0.0,0.8719890347922813,23.576537326
8695,0.8718031553150891,,0.0,0.8718031553150891,23.722643614
8700,0.8719409917172964,,0.0,0.8719409917172964,23.958612766
8705,0.8721844987074705,,0.0,0.8721844987074705,24.124839107
8710,0.8720840830337526,,0.0,0.8720840830337526,24.433750919
8715,0.8719861121254738,,0.0,0.8719861121254738,24.41918943
8720,0.8721557620547286,,0.0,0.8721557620547286,24.705834114
8725,0.8723155702788417,,0.0,0.8723155702788417,24.988561434
8730,0.8720865450788712,,0.0,0.8720865450788712,25.105373205
8735,0.8719444986919201,,0.0,0.8719444986919201,25.225905344
8740,0.87211901588855,,0.0,0.87211901588855,25.348999518
8745,0.8723446161105234,,0.0,0.8723446161105234,25.387714735
8750,0.8722710668825476,,0.0,0.8722710668825476,25.598241426
8755,0.8722402473190453,,0.0,0.8722402473190453,25.704435426
8760,0.8724448814692183,,0.0,0.8724448814692183,25.818962972
8765,0.872553286539188,,0.0,0.872553286539188,25.860884274
8770,0.8723480429074342,,0.0,0.8723480429074342,26.134866169
8775,0.8722490351092482,,0.0,0.8722490351092482,26.308420567
8780,0.872364451400095,,0.0,0.872364451400095,26.441906736
8785,0.8723972435026783,,0.0,0.8723972435026783,26.616994265
8790,0.8722061788847641,,0.0,0.8722061788847641,26.755268979
8795,0.8721991190625147,,0.0,0.8721991190625147,26.975249869
8800,0.8723995348609412,,0.0,0.8723995348609412,27.174947482
8805,0.872440292422873,,0.0,0.872440292422873,27.361205271
8810,0.8723149692733984,,0.0,0.8723149692733984,27.39658853
8815,0.8724501479153799,,0.0,0.8724501479153799,27.564003282
8820,0.8726972136100813,,0.0,0.8726972136100813,27.650533176
8825,0.8726625139400123,,0.0,0.8726625139400123,27.751251513
8830,0.8723622190110121,,0.0,0.8723622190110121,27.66909119
8835,0.8722253933427337,,0.0,0.8722253933427337,27.539136571
8840,0.8722589278894847,,0.0,0.8722589278894847,27.733073277
8845,0.8721744747835609,,0.0,0.8721744747835609,27.63482778
8850,0.8721389465255743,,0.0,0.8721389465255743,27.550888323
8855,0.8724442545988231,,0.0,0.8724442545988231,27.455833246
8860,0.8728130111088478,,0.0,0.8728130111088478,27.29340587
8865,0.8727300656276799,,0.0,0.8727300656276799,27.467417263
8870,0.8723978940917073,,0.0,0.8723978940917073,27.238219767
8875,0.8722689197277577,,0.0,0.8722689197277577,27.310364506
8880,0.8722954403980177,,0.0,0.8722954403980177,27.372160048
8885,0.8721050332082478,,0.0,0.8721050332082478,27.171204143
8890,0.8720511644075369,,0.0,0.8720511644075369,27.431614558
8895,0.8723352334628052,,0.0,0.8723352334628052,27.376590785
8900,0.872617626607428,,0.0,0.872617626607428,27.28210904
8905,0.8725658927384073,,0.0,0.8725658927384073,27.312822789
8910,0.8725341992960381,,0.0,0.8725341992960381,27.227351347
8915,0.8726527712929072,,0.0,0.8726527712929072,26.944825125
8920,0.8726948540425571,,0.0,0.8726948540425571,26.902110973
8925,0.8724635832118125,,0.0,0.8724635832118125,26.746246993
8930,0.8723805961866571,,0.0,0.8723805961866571,26.469892714
8935,0.8724674760871531,,0.0,0.8724674760871531,26.540219798
8940,0.8724068582437764,,0.0,0.8724068582437764,26.350882796
8945,0.8721760040170107,,0.0,0.8721760040170107,25.780563052
8950,0.8721958064206238,,0.0,0.8721958064206238,25.661637156
8955,0.8724264261894219,,0.0,0.8724264261894219,25.54271279
8960,0.8724897603984216,,0.0,0.8724897603984216,25.271565503
8965,0.8724930161810723,,0.0,0.8724930161810723,25.019471687
8970,0.8726691416611384,,0.0,0.8726691416611384,24.853157279
8975,0.8728538606714311,,0.0,0.8728538606714311,24.775285462
8980,0.8726917993226196,,0.0,0.8726917993226196,24.620262677
8985,0.872383910029031,,0.0,0.872383910029031,24.63049559
8990,0.8723139846226909,,0.0,0.8723139846226909,24.638571245
8995,0.8723242242697576,,0.0,0.8723242242697576,24.441179648
9000,0.8721689607468754,,0.0,0.8721689607468754,24.565204011
9005,0.8720623820117087,,0.0,0.8720623820117087,24.601259261
9010,0.8721664515191372,,0.0,0.8721664515191372,24.702858654
9015,0.87231960852176,,0.0,0.87231960852176,24.886862224
9020,0.8722468325867273,,0.0,0.8722468325867273,25.047989859
9025,0.8722280891910109,,0.0,0.8722280891910109,25.086098656
9030,0.872293524972825,,0.0,0.872293524972825,25.282443076
9035,0.8722003444282527,,0.0,0.8722003444282527,25.285433506
9040,0.8719900814315654,,0.0,0.8719900814315654,25.361928542
9045,0.8720538168929131,,0.0,0.8720538168929131,25.517998534
9050,0.872288681605975,,0.0,0.872288681605975,25.625012111
9055,0.8723383200501095,,0.0,0.8723383200501095,25.665379091
9060,0.8722720984612268,,0.0,0.8722720984612268,25.772248617
9065,0.87239544234164,,0.0,0.87239544234164,25.763791665
9070,0.8725832985414146,,0.0,0.8725832985414146,25.630600754
9075,0.8724659096387303,,0.0,0.8724659096387303,25.702532334
9080,0.8722336882437198,,0.0,0.8722336882437198,25.535879857
9085,0.8721405865672428,,0.0,0.8721405865672428,25.57568195
9090,0.8721276973086834,,0.0,0.8721276973086834,25.516663362
9095,0.8718834183351843,,0.0,0.8718834183351843,25.392692973
9100,0.8717516615062901,,0.0,0.8717516615062901,25.516770674
9105,0.871886395969562,,0.0,0.871886395969562,25.389524692
9110,0.8720903963010895,,0.0,0.8720903963010895,25.420943841
9115,0.8720346851955139,,0.0,0.8720346851955139,25.450592842
9120,0.8721263133336766,,0.0,0.8721263133336766,25.391074591
9125,0.8723744086062524,,0.0,0.8723744086062524,25.523330621
9130,0.8724644735700369,,0.0,0.8724644735700369,25.476430676
9135,0.8723072981142761,,0.0,0.8723072981142761,25.545487715
9140,0.8723423690973748,,0.0,0.8723423690973748,25.702292913
9145,0.8725089016269282,,0.0,0.8725089016269282,25.687996429
9150,0.8724805374876987,,0.0,0.8724805374876987,25.786687224
9155,0.8722789130211616,,0.0,0.8722789130211616,25.887951495
9160,0.8722918019886947,,0.0,0.8722918019886947,25.951080895
9165,0.8724265188812608,,0.0,0.8724265188812608,26.207613414
9170,0.8723139725087261,,0.0,0.8723139725087261,26.32156851
9175,0.8720660076158798,,0.0,0.8720660076158798,26.464581386
9180,0.8719571836137217,,0.0,0.8719571836137217,26.52065682
9185,0.8719066962825935,,0.0,0.8719066962825935,26.589621825
9190,0.8716719184044686,,0.0,0.8716719184044686,26.706935573
9195,0.8715413928709707,,0.0,0.8715413928709707,26.52113824
9200,0.8716969145704543,,0.0,0.8716969145704543,26.714688481
9205,0.8719355272278183,,0.0,0.8719355272278183,26.723396277
9210,0.8718971940231146,,0.0,0.8718971940231146,26.814192569
9215,0.8718938989883077,,0.0,0.8718938989883077,26.756521634
9220,0.8720445124948595,,0.0,0.8720445124948595,26.722713177
9225,0.8721635867665398,,0.0,0.8721635867665398,26.461026775
9230,0.8720653100988789,,0.0,0.8720653100988789,26.415340851
9235,0.8719979825741278,,0.0,0.8719979825741278,26.124145103
9240,0.8720220717570183,,0.0,0.8720220717570183,25.881672013
9245,0.8719255104704285,,0.0,0.8719255104704285,25.842357527
9250,0.871705655650955,,0.0,0.871705655650955,25.602925527
9255,0.8716762834334106,,0.0,0.8716762834334106,25.361115308
9260,0.8717855742051859,,0.0,0.8717855742051859,25.19380641
9265,0.8717623066255844,,0.0,0.8717623066255844,24.91105543
9270,0.8716497291496266,,0.0,0.8716497291496266,24.710675689
9275,0.8717346114464117,,0.0,0.8717346114464117,24.627295271
9280,0.8719071134322467,,0.0,0.8719071134322467,24.32904352
9285,0.8719191689371738,,0.0,0.8719191689371738,24.114348226
9290,0.8718746335279998,,0.0,0.8718746335279998,24.036861764
9295,0.8719084818009746,,0.0,0.8719084818009746,23.857755429
9300,0.8719604507100152,,0.0,0.8719604507100152,23.637662857
9305,0.8719042535179595,,0.0,0.8719042535179595,23.600351727
9310,0.8719142278946617,,0.0,0.8719142278946617,23.585962178
9315,0.8720671912193605,,0.0,0.8720671912193605,23.536464563
9320,0.8721593638675091,,0.0,0.8721593638675091,23.529083764
9325,0.8720399640466663,,0.0,0.8720399640466663,23.473850328
9330,0.8719047375672562,,0.0,0.8719047375672562,23.313086112
9335,0.8717503985617966,,0.0,0.8717503985617966,23.103709375
9340,0.8715315859798362,,0.0,0.8715315859798362,23.137859501
9345,0.8713585831379426,,0.0,0.8713585831379426,23.062863677
9350,0.8714344338737193,,0.0,0.8714344338737193,22.787882393
9355,0.8717586890610116,,0.0,0.8717586890610116,22.647189601
9360,0.8721198532072528,,0.0,0.8721198532072528,22.718044511
9365,0.8723293641195301,,0.0,0.8723293641195301,22.394103587
9370,0.8724487936614218,,0.0,0.8724487936614218,22.172797604
9375,0.8723883680772163,,0.0,0.8723883680772163,22.239798489
9380,0.8720708783755691,,0.0,0.8720708783755691,22.242931917
9385,0.8717628908606441,,0.0,0.8717628908606441,22.133174543
9390,0.8716492954114812,,0.0,0.8716492954114812,22.11893826
9395,0.8716128461283861,,0.0,0.8716128461283861,22.14270587
9400,0.8714693222378891,,0.0,0.8714693222378891,22.277297416
9405,0.8714254623368609,,0.0,0.8714254623368609,22.565317372
9410,0.871572800853034,,0.0,0.871572800853034,22.709878107
9415,0.8717614343473614,,0.0,0.8717614343473614,23.162907311
9420,0.8718450535541399,,0.0,0.8718450535541399,23.423705939
9425,0.8720209821186159,,0.0,0.8720209821186159,23.764227952
9430,0.8722884798520746,,0.0,0.8722884798520746,23.927937737
9435,0.8723864912857492,,0.0,0.8723864912857492,24.029790419
9440,0.8722397398057627,,0.0,0.8722397398057627,24.374899904
9445,0.8720490976487296,,0.0,0.8720490976487296,24.862527526
9450,0.8717675253070738,,0.0,0.8717675253070738,25.036443553
9455,0.8712890652773917,,0.0,0.8712890652773917,25.137471168
9460,0.8708575877141538,,0.0,0.8708575877141538,25.376796871
9465,0.870859502266268,,0.0,0.870859502266268,25.738334932
9470,0.8712698367410305,,0.0,0.8712698367410305,26.007757392
9475,0.8717353710247459,,0.0,0.8717353710247459,26.123464706
9480,0.8721467065568167,,0.0,0.8721467065568167,26.588605919
9485,0.8725122383512357,,0.0,0.8725122383512357,26.599997878
9490,0.8726038226899582,,0.0,0.8726038226899582,26.589310312
9495,0.8723596222207715,,0.0,0.8723596222207715,26.735704676
9500,0.8719699325976614,,0.0,0.8719699325976614,27.012880403
9505,0.8715607716495981,,0.0,0.8715607716495981,27.194299919
9510,0.8711010597811859,,0.0,0.8711010597811859,27.317457402
9515,0.8706590509990256,,0.0,0.8706590509990256,27.177501279
9520,0.8705144724660246,,0.0,0.8705144724660246,27.411010053
9525,0.8708789935628929,,0.0,0.8708789935628929,27.392873231
9530,0.8714864470551179,,0.0,0.8714864470551179,27.531019194
9535,0.8719937156210088,,0.0,0.8719937156210088,27.682022821
9540,0.8723517777191797,,0.0,0.8723517777191797,27.784031298
9545,0.8725938379090701,,0.0,0.8725938379090701,27.709024799
9550,0.8726512160126142,,0.0,0.8726512160126142,27.869967686
9555,0.8725269654765103,,0.0,0.8725269654765103,28.020150911
9560,0.8722878498895261,,0.0,0.8722878498895261,28.271960225
9565,0.8718734294071732,,0.0,0.8718734294071732,28.368019636
9570,0.871165723870701,,0.0,0.871165723870701,28.360574109
9575,0.8704208605115163,,0.0,0.8704208605115163,28.241333641
9580,0.8701166578648403,,0.0,0.8701166578648403,28.409280025
9585,0.870676569938461,,0.0,0.870676569938461,28.360193163
9590,0.8716889404166986,,0.0,0.8716889404166986,28.236722035
9595,0.87241631470301,,0.0,0.87241631470301,28.102778302
9600,0.8726728394034242,,0.0,0.8726728394034242,28.074076333
9605,0.8725094688369562,,0.0,0.8725094688369562,27.833228764
9610,0.8721090591189319,,0.0,0.8721090591189319,27.714250429
9615,0.871685524824296,,0.0,0.871685524824296,27.798575787
9620,0.8713426878335747,,0.0,0.8713426878335747,27.660370176
9625,0.8710169971232632,,0.0,0.8710169971232632,27.515423619
9630,0.8708130977414423,,0.0,0.8708130977414423,27.400788993
9635,0.8709919438433894,,0.0,0.8709919438433894,27.519870458
9640,0.8715054091933879,,0.0,0.8715054091933879,27.553887268
9645,0.8718745606986978,,0.0,0.8718745606986978,27.514064219
9650,0.8720360582206607,,0.0,0.8720360582206607,27.560223014
9655,0.8721395856190692,,0.0,0.8721395856190692,27.580478723
9660,0.8721370739539867,,0.0,0.8721370739539867,27.486694521
9665,0.8719755974586655,,0.0,0.8719755974586655,27.729552399
9670,0.8717422438626736,,0.0,0.8717422438626736,27.877395215
9675,0.8714872737149869,,0.0,0.8714872737149869,27.643312235
9680,0.8712491301918276,,0.0,0.8712491301918276,27.745710949
9685,0.8711941093639765,,0.0,0.8711941093639765,27.90230338
9690,0.8713978941906166,,0.0,0.8713978941906166,28.014009444
9695,0.8717093696543288,,0.0,0.8717093696543288,27.927163016
9700,0.8719292673637858,,0.0,0.8719292673637858,27.744127217
9705,0.8719721608032429,,0.0,0.8719721608032429,28.012237129
9710,0.8718700154517927,,0.0,0.8718700154517927,27.870381424
9715,0.8717265168441952,,0.0,0.8717265168441952,27.612001854
9720,0.871671419294567,,0.0,0.871671419294567,27.458101331
9725,0.8717010049434374,,0.0,0.8717010049434374,27.38354701
9730,0.871705930707075,,0.0,0.871705930707075,27.25220893
9735,0.8717126953923979,,0.0,0.8717126953923979,27.166321618
9740,0.8717850848446614,,0.0,0.8717850848446614,27.096125808
9745,0.8718433441391054,,0.0,0.8718433441391054,26.853582173
9750,0.8717812627978178,,0.0,0.8717812627978178,26.995614945
9755,0.8717229456619202,,0.0,0.8717229456619202,26.851979209
9760,0.8717674237025582,,0.0,0.8717674237025582,26.699196825
9765,0.8718595982423769,,0.0,0.8718595982423769,26.59574627
9770,0.871900900641699,,0.0,0.871900900641699,26.558682454
9775,0.8719233950738706,,0.0,0.8719233950738706,26.575012163
9780,0.8719437215428802,,0.0,0.8719437215428802,26.481730039
9785,0.8719117422764224,,0.0,0.8719117422764224,26.585229155
9790,0.8718174144338856,,0.0,0.8718174144338856,26.530341508
9795,0.8717712186839669,,0.0,0.8717712186839669,26.472082712
9800,0.8717888633830909,,0.0,0.8717888633830909,26.38813271
9805,0.8717813010677606,,0.0,0.8717813010677606,26.291747772
9810,0.8717539113933223,,0.0,0.8717539113933223,26.092451245
9815,0.8717868814947939,,0.0,0.8717868814947939,26.016775481
9820,0.8717988328851044,,0.0,0.8717988328851044,26.139767561
9825,0.8716898363407989,,0.0,0.8716898363407989,26.149227343
9830,0.8715640258679831,,0.0,0.8715640258679831,26.093249289
9835,0.8715653935455238,,0.0,0.8715653935455238,26.026381535
9840,0.8715975514293007,,0.0,0.8715975514293007,26.093290999
9845,0.8715204412413444,,0.0,0.8715204412413444,26.096473359
9850,0.871399230473708,,0.0,0.871399230473708,25.948085466
9855,0.8714528195255019,,0.0,0.8714528195255019,25.812313544
9860,0.8715998766921138,,0.0,0.8715998766921138,25.902430275
9865,0.8716226590946923,,0.0,0.8716226590946923,25.870019629
9870,0.8716087886777397,,0.0,0.8716087886777397,25.650237227
9875,0.871663499780977,,0.0,0.871663499780977,25.773381103
9880,0.8717070981949809,,0.0,0.8717070981949809,25.815637564
9885,0.871654028588543,,0.0,0.871654028588543,25.740420024
9890,0.8715955747794749,,0.0,0.8715955747794749,25.636439715
9895,0.8715457800179025,,0.0,0.8715457800179025,25.574912484
9900,0.8715301469645026,,0.0,0.8715301469645026,25.647287186
9905,0.8715921467457028,,0.0,0.8715921467457028,25.503985556
9910,0.8716979167191108,,0.0,0.8716979167191108,25.386059373
9915,0.8716774294581358,,0.0,0.8716774294581358,25.446922347
9920,0.8715398222754248,,0.0,0.8715398222754248,25.365061835
9925,0.8715400807066741,,0.0,0.8715400807066741,25.279081727
9930,0.871687464150014,,0.0,0.871687464150014,25.332427592
9935,0.8717447062351965,,0.0,0.8717447062351965,25.241303138
9940,0.8716265532796507,,0.0,0.8716265532796507,25.131695712
9945,0.8715222295972307,,0.0,0.8715222295972307,25.27931674
9950,0.8715717300221986,,0.0,0.8715717300221986,25.247156184
9955,0.8716366649843322,,0.0,0.8716366649843322,25.297152464
9960,0.8715802143448506,,0.0,0.8715802143448506,25.452445315
9965,0.8715254283023716,,0.0,0.8715254283023716,25.486051704
9970,0.871498458542335,,0.0,0.871498458542335,25.558713637
9975,0.8714810479737741,,0.0,0.8714810479737741,25.760386031
9980,0.8714568930553448,,0.0,0.8714568930553448,25.944366085
9985,0.8714785542068018,,0.0,0.8714785542068018,26.042679369
9990,0.8714960800581089,,0.0,0.8714960800581089,26.202445226
9995,0.8714611402186833,,0.0,0.8714611402186833,26.298914073
10000,0.8714602785265377,,0.0,0.8714602785265377,26.374133873
10005,0.871554708737534,,0.0,0.871554708737534,26.47847272
10010,0.8716086079141027,,0.0,0.8716086079141027,26.506749814
10015,0.8715405203744782,,0.0,0.8715405203744782,26.558992709
10020,0.871492248771184,,0.0,0.871492248771184,26.656957734
10025,0.8715339788334799,,0.0,0.8715339788334799,26.870979492
10030,0.8715736189640089,,0.0,0.8715736189640089,26.719395969
10035,0.871547328022541,,0.0,0.871547328022541,26.59290975
10040,0.871512116946714,,0.0,0.871512116946714,26.515285042
10045,0.8715357315750373,,0.0,0.8715357315750373,26.53013206
10050,0.8715472390412861,,0.0,0.8715472390412861,26.286889153
10055,0.8715220295531091,,0.0,0.8715220295531091,26.13906575
10060,0.8715324920534745,,0.0,0.8715324920534745,25.999139718
10065,0.8715402675091045,,0.0,0.8715402675091045,25.89705491
10070,0.8715347056713686,,0.0,0.8715347056713686,25.768083593
10075,0.8715709443970212,,0.0,0.8715709443970212,25.663480925
10080,0.8716552131742372,,0.0,0.8716552131742372,25.355444031
10085,0.8716993157911007,,0.0,0.8716993157911007,25.330265002
10090,0.8716431445731319,,0.0,0.8716431445731319,25.109005144
10095,0.8715736961950818,,0.0,0.8715736961950818,24.739155721
10100,0.8715498765388138,,0.0,0.8715498765388138,24.531942844
10105,0.87151042732146,,0.0,0.87151042732146,24.200580422
10110,0.8714950641948436,,0.0,0.8714950641948436,24.008639291
10115,0.8715437814319783,,0.0,0.8715437814319783,23.853638758
10120,0.8716360713272998,,0.0,0.8716360713272998,23.745715055
10125,0.8716773920612714,,0.0,0.8716773920612714,23.590345009
10130,0.8716930417395419,,0.0,0.8716930417395419,23.390864242
10135,0.8716742704780687,,0.0,0.8716742704780687,23.292184264
10140,0.8715593106254097,,0.0,0.8715593106254097,23.291010492
10145,0.8713915215175605,,0.0,0.8713915215175605,23.167969654
10150,0.8713104069912361,,0.0,0.8713104069912361,23.06938895
10155,0.8713073609657058,,0.0,0.8713073609657058,23.058583403
10160,0.8713481939034186,,0.0,0.8713481939034186,23.069881547
10165,0.871431453874754,,0.0,0.871431453874754,23.197973385
10170,0.8715598999898058,,0.0,0.8715598999898058,23.480412958
10175,0.871709245895445,,0.0,0.871709245895445,23.48670109
10180,0.8717687783566772,,0.0,0.8717687783566772,23.565821939
10185,0.871770250367104,,0.0,0.871770250367104,23.680179926
10190,0.8717551765568905,,0.0,0.8717551765568905,23.908580041
10195,0.8716948226742606,,0.0,0.8716948226742606,24.058313858
10200,0.8716345737793256,,0.0,0.8716345737793256,24.131131205
10205,0.8715932542094589,,0.0,0.8715932542094589,24.417882022
10210,0.8715775341028524,,0.0,0.8715775341028524,24.623601438
10215,0.8715800047332433,,0.0,0.8715800047332433,24.899147342
10220,0.8715742492539618,,0.0,0.8715742492539618,25.007264294
10225,0.8715743290678921,,0.0,0.8715743290678921,25.193257872
10230,0.871596278990078,,0.0,0.871596278990078,25.48912816
10235,0.8716029386513274,,0.0,0.8716029386513274,25.676827289
10240,0.8715942938277363,,0.0,0.8715942938277363,25.865375223
10245,0.8716227502586436,,0.0,0.8716227502586436,26.065315612
10250,0.8716427386279868,,0.0,0.8716427386279868,26.190605794
10255,0.8716537098421175,,0.0,0.8716537098421175,26.259804408
10260,0.8716639795012592,,0.0,0.8716639795012592,26.406022096
10265,0.8716670791483634,,0.0,0.8716670791483634,26.31628037
10270,0.8716906712585357,,0.0,0.8716906712585357,26.304018786
10275,0.8716743100940076,,0.0,0.8716743100940076,26.211803727
10280,0.8716571697432564,,0.0,0.8716571697432564,26.211167809
10285,0.8716752780107095,,0.0,0.8716752780107095,26.239111137
10290,0.8716895364383187,,0.0,0.8716895364383187,26.330851998
10295,0.8716885762701888,,0.0,0.8716885762701888,26.508190472
10300,0.8716513156424777,,0.0,0.8716513156424777,26.599012981
10305,0.8715836252808344,,0.0,0.8715836252808344,26.688447519
10310,0.8715797633997822,,0.0,0.8715797633997822,26.880080092
10315,0.8716535771341787,,0.0,0.8716535771341787,27.107075476
10320,0.8716942229784349,,0.0,0.8716942229784349,27.277657389
10325,0.8716958697137055,,0.0,0.8716958697137055,27.224029652
10330,0.8717190294681068,,0.0,0.8717190294681068,27.6716454
10335,0.8717834317431931,,0.0,0.8717834317431931,27.815724074
10340,0.871800847113686,,0.0,0.871800847113686,27.854047509
10345,0.8717743353561027,,0.0,0.8717743353561027,28.190545772
10350,0.8717712403654174,,0.0,0.8717712403654174,28.222156724
10355,0.8717821191423573,,0.0,0.8717821191423573,28.308069698
10360,0.8717749383259729,,0.0,0.8717749383259729,28.753338128
10365,0.8717617900177337,,0.0,0.8717617900177337,28.608438936
10370,0.8717524500053511,,0.0,0.8717524500053511,28.71547984
10375,0.8716956704699059,,0.0,0.8716956704699059,28.895699357
10380,0.871652204109032,,0.0,0.871652204109032,28.936550661
10385,0.8716744357809398,,0.0,0.8716744357809398,28.871760043
10390,0.8716901161988508,,0.0,0.8716901161988508,28.857897191
10395,0.8716531482707218,,0.0,0.8716531482707218,28.916763718
10400,0.8716516141989618,,0.0,0.8716516141989618,28.798058069
10405,0.8717174429752558,,0.0,0.8717174429752558,28.877911713
10410,0.8717490410337939,,0.0,0.8717490410337939,28.719078674
10415,0.871719960751888,,0.0,0.871719960751888,28.695523953
10420,0.8717364611360657,,0.0,0.8717364611360657,28.831376929
10425,0.8717997473257455,,0.0,0.8717997473257455,28.811676657
10430,0.8717861724458805,,0.0,0.8717861724458805,28.587337308
10435,0.8717180301569555,,0.0,0.8717180301569555,28.907865293
10440,0.8717047551431925,,0.0,0.8717047551431925,28.79341546
10445,0.8717111899139601,,0.0,0.8717111899139601,28.572691464
10450,0.8716852731594054,,0.0,0.8716852731594054,28.584624195
10455,0.8716583536377635,,0.0,0.8716583536377635,28.533659087
10460,0.8716767037479735,,0.0,0.8716767037479735,28.478903145
10465,0.8716868166895163,,0.0,0.8716868166895163,28.230805572
10470,0.8716519112275584,,0.0,0.8716519112275584,27.915783217
10475,0.8716442622228042,,0.0,0.8716442622228042,28.08004839
10480,0.8716605045395155,,0.0,0.8716605045395155,28.096144616
10485,0.8716564226062916,,0.0,0.8716564226062916,27.515378324
10490,0.8716375353708851,,0.0,0.8716375353708851,27.453953226
10495,0.8716325519476852,,0.0,0.8716325519476852,27.370924465
10500,0.8716273765563403,,0.0,0.8716273765563403,27.043685322
10505,0.8716186914256229,,0.0,0.8716186914256229,26.905739877
10510,0.8716170895447626,,0.0,0.8716170895447626,26.716900723
10515,0.8716190716513292,,0.0,0.8716190716513292,26.599381362
10520,0.8716015942558814,,0.0,0.8716015942558814,26.384283118
10525,0.8715837753775876,,0.0,0.8715837753775876,26.091862271
10530,0.8715626397830364,,0.0,0.8715626397830364,25.9190942
10535,0.8715246220143352,,0.0,0.8715246220143352,25.773424942
10540,0.8715238367529407,,0.0,0.8715238367529407,25.523935124
10545,0.8715940126964449,,0.0,0.8715940126964449,25.367957992
10550,0.871664537471206,,0.0,0.871664537471206,25.207861928
10555,0.8716548897713928,,0.0,0.8716548897713928,24.976895813
10560,0.8716235752814903,,0.0,0.8716235752814903,24.744219079
10565,0.8716452769583432,,0.0,0.8716452769583432,24.601083633
10570,0.8716696779030308,,0.0,0.8716696779030308,24.400251294
10575,0.8716314151994197,,0.0,0.8716314151994197,24.106576594
10580,0.8715912514400332,,0.0,0.8715912514400332,23.945216286
10585,0.871610881301499,,0.0,0.871610881301499,23.800358548
10590,0.8716033252796098,,0.0,0.8716033252796098,23.514908637
10595,0.8715276133633216,,0.0,0.8715276133633216,23.482299386
10600,0.871471978033688,,0.0,0.871471978033688,23.242579166
10605,0.8714682987351865,,0.0,0.8714682987351865,23.090053106
10610,0.8714845334124605,,0.0,0.8714845334124605,22.954121256
10615,0.8715266861902853,,0.0,0.8715266861902853,22.587173186
10620,0.8715680359904966,,0.0,0.8715680359904966,22.41172703
10625,0.8715850076551973,,0.0,0.8715850076551973,22.239140363
10630,0.871577811378047,,0.0,0.871577811378047,21.857061248
10635,0.8715733537300225,,0.0,0.8715733537300225,21.580473876
10640,0.8715413715169246,,0.0,0.8715413715169246,21.449004318
10645,0.8714852425705086,,0.0,0.8714852425705086,21.074252143
10650,0.871454840374929,,0.0,0.871454840374929,20.692770132
10655,0.8714813464211234,,0.0,0.8714813464211234,20.457163937
10660,0.8714738897482971,,0.0,0.8714738897482971,20.270140455
10665,0.8714140366489693,,0.0,0.8714140366489693,19.952728143
10670,0.8713808149189853,,0.0,0.8713808149189853,19.705910565
10675,0.8714354456626181,,0.0,0.8714354456626181,19.505631865
10680,0.871479992785596,,0.0,0.871479992785596,19.307523372
10685,0.8714395412740725,,0.0,0.8714395412740725,18.996949135
10690,0.8714078302973759,,0.0,0.8714078302973759,18.873564192
10695,0.87145574681235,,0.0,0.87145574681235,18.71240294
10700,0.8714851281972191,,0.0,0.8714851281972191,18.552208167
10705,0.8714447277607906,,0.0,0.8714447277607906,18.368226022
10710,0.8714080557335318,,0.0,0.8714080557335318,18.149799967
10715,0.871427045773937,,0.0,0.871427045773937,18.12512626
10720,0.8714704376321085,,0.0,0.8714704376321085,18.024920233
10725,0.8714715353828658,,0.0,0.8714715353828658,17.9779399
10730,0.8714410076458671,,0.0,0.8714410076458671,17.940770666
10735,0.8714250363109093,,0.0,0.8714250363109093,18.016441945
10740,0.8714183965849531,,0.0,0.8714183965849531,18.107416633
10745,0.8714119501731381,,0.0,0.8714119501731381,18.1845613
10750,0.8713776318201234,,0.0,0.8713776318201234,18.306495645
10755,0.8713706730930939,,0.0,0.8713706730930939,18.558406821
10760,0.8714307834595664,,0.0,0.8714307834595664,18.87059806
10765,0.8715077830939517,,0.0,0.8715077830939517,19.063128037
10770,0.871525708087667,,0.0,0.871525708087667,19.449770734
10775,0.8714814861136906,,0.0,0.8714814861136906,19.779514596
10780,0.8714471716167728,,0.0,0.8714471716167728,20.146829604
10785,0.8714395579353215,,0.0,0.8714395579353215,20.511236515
10790,0.8714589362046531,,0.0,0.8714589362046531,20.773240693
10795,0.8714583469493918,,0.0,0.8714583469493918,21.064532131
10800,0.8714606500214584,,0.0,0.8714606500214584,21.448017991
10805,0.8714446653720529,,0.0,0.8714446653720529,21.67953824
10810,0.8714388754789255,,0.0,0.8714388754789255,21.905348785
10815,0.8714387802042293,,0.0,0.8714387802042293,22.009826814
10820,0.8714217512801273,,0.0,0.8714217512801273,22.232357845
10825,0.8714027816479331,,0.0,0.8714027816479331,22.43645725
10830,0.8714129891729849,,0.0,0.8714129891729849,22.685990121
10835,0.8714254982422162,,0.0,0.8714254982422162,22.863669889
10840,0.8714237567415452,,0.0,0.8714237567415452,23.005874929
10845,0.8714047341062074,,0.0,0.8714047341062074,23.110144534
10850,0.8714150125688912,,0.0,0.8714150125688912,23.316653329
10855,0.8714249824710657,,0.0,0.8714249824710657,23.472802155
10860,0.8714125780257468,,0.0,0.8714125780257468,23.512762734
10865,0.8713810212201698,,0.0,0.8713810212201698,23.626108535
10870,0.8713832482616466,,0.0,0.8713832482616466,23.747548477
10875,0.8714092959779831,,0.0,0.8714092959779831,23.814421853
10880,0.8714126767200007,,0.0,0.8714126767200007,24.021732907
10885,0.8714188094419701,,0.0,0.8714188094419701,23.947124769
10890,0.8714635815645646,,0.0,0.8714635815645646,23.987931216
10895,0.8714929181677801,,0.0,0.8714929181677801,24.083830034
10900,0.8714765229168104,,0.0,0.8714765229168104,24.007137818
10905,0.8714465588611474,,0.0,0.8714465588611474,24.030750794
10910,0.8714371482385375,,0.0,0.8714371482385375,24.010434172
10915,0.8714191256419165,,0.0,0.8714191256419165,23.922483187
10920,0.8713731983272721,,0.0,0.8713731983272721,23.812336147
10925,0.8713555825124967,,0.0,0.8713555825124967,23.725286054
10930,0.8714051238993996,,0.0,0.8714051238993996,23.56306347
10935,0.8714515340992358,,0.0,0.8714515340992358,23.387210105
10940,0.871469373312984,,0.0,0.871469373312984,23.321570281
10945,0.8714565129387732,,0.0,0.8714565129387732,23.171002984
10950,0.8714382703627372,,0.0,0.8714382703627372,22.892509461
10955,0.87142957912047,,0.0,0.87142957912047,22.732372187
10960,0.8714337955805465,,0.0,0.8714337955805465,22.737935575
10965,0.8714378448824598,,0.0,0.8714378448824598,22.569349246
10970,0.871451774632375,,0.0,0.871451774632375,22.431850273
10975,0.8714593437504422,,0.0,0.8714593437504422,22.326032444
10980,0.8714377599391929,,0.0,0.8714377599391929,22.180374232
10985,0.8714285331723732,,0.0,0.8714285331723732,22.080873121
10990,0.8714300381051369,,0.0,0.8714300381051369,22.003008955
10995,0.8714256177084637,,0.0,0.8714256177084637,21.881192641
11000,0.871434458356297,,0.0,0.871434458356297,21.888232743
11005,0.8714162485934629,,0.0,0.8714162485934629,21.801794078
11010,0.8713940784372142,,0.0,0.8713940784372142,21.590223879
11015,0.8714118809816634,,0.0,0.8714118809816634,21.547670569
11020,0.8714422551295947,,0.0,0.8714422551295947,21.468081895
11025,0.871488104267331,,0.0,0.871488104267331,21.318835604
11030,0.8715042553837126,,0.0,0.8715042553837126,21.187345605
11035,0.871513035243452,,0.0,0.871513035243452,21.127843078
11040,0.8715176128306416,,0.0,0.8715176128306416,21.197756235
11045,0.8715096051724968,,0.0,0.8715096051724968,21.007538351
11050,0.8714745991246148,,0.0,0.8714745991246148,20.812507739
11055,0.8714433617566505,,0.0,0.8714433617566505,20.751133201
11060,0.8714358869310661,,0.0,0.8714358869310661,20.670617469
11065,0.8714224546176519,,0.0,0.8714224546176519,20.570536104
11070,0.8713780668315085,,0.0,0.8713780668315085,20.393830847
11075,0.8713494523370063,,0.0,0.8713494523370063,20.275841305
11080,0.8713514213110165,,0.0,0.8713514213110165,20.285247042
11085,0.8713461183410692,,0.0,0.8713461183410692,20.1661034
11090,0.8713104036808133,,0.0,0.8713104036808133,20.085898088
11095,0.8712743314948931,,0.0,0.8712743314948931,19.986446901
11100,0.8712747858958975,,0.0,0.8712747858958975,19.963633566
11105,0.8712889316963742,,0.0,0.8712889316963742,19.987325624
11110,0.8712907954280417,,0.0,0.8712907954280417,20.164404102
11115,0.8712675837982236,,0.0,0.8712675837982236,20.103073988
11120,0.8712466263116955,,0.0,0.8712466263116955,20.028972934
11125,0.8712488194486222,,0.0,0.8712488194486222,20.040497825
11130,0.8712859771985781,,0.0,0.8712859771985781,20.077124325
11135,0.8712995390913997,,0.0,0.8712995390913997,20.094747653
11140,0.871294586225949,,0.0,0.871294586225949,20.20775734
11145,0.8712794940447077,,0.0,0.8712794940447077,20.230813667
11150,0.8712693161679481,,0.0,0.8712693161679481,20.241017618
11155,0.8712473184083338,,0.0,0.8712473184083338,20.280743761
11160,0.8712230810203602,,0.0,0.8712230810203602,20.388971621
11165,0.871229828753408,,0.0,0.871229828753408,20.491676878
11170,0.8712615763630254,,0.0,0.8712615763630254,20.292473152
11175,0.8712639867873748,,0.0,0.8712639867873748,20.42051081
11180,0.8712546449560786,,0.0,0.8712546449560786,20.499692158
11185,0.8712728315095746,,0.0,0.8712728315095746,20.535471588
11190,0.8713158772648595,,0.0,0.8713158772648595,20.511583292
11195,0.8713252645689967,,0.0,0.8713252645689967,20.596662424
11200,0.8713053849706889,,0.0,0.8713053849706889,20.738941312
11205,0.8712808791838192,,0.0,0.8712808791838192,20.623526847
11210,0.8713008712273681,,0.0,0.8713008712273681,20.805919848
11215,0.8713268838022932,,0.0,0.8713268838022932,20.987937142
11220,0.8713286806706952,,0.0,0.8713286806706952,21.027285307
11225,0.8713050036900126,,0.0,0.8713050036900126,21.234603549
11230,0.8713042616823843,,0.0,0.8713042616823843,21.333900582
11235,0.8713040493424066,,0.0,0.8713040493424066,21.424087456
11240,0.8713038819295955,,0.0,0.8713038819295955,21.549229047
11245,0.8713164655015292,,0.0,0.8713164655015292,21.601490312
11250,0.8713397650940107,,0.0,0.8713397650940107,21.56976373
11255,0.8713635574665741,,0.0,0.8713635574665741,21.539988283
11260,0.8714001586289578,,0.0,0.8714001586289578,21.574567152
11265,0.8714357592797072,,0.0,0.8714357592797072,21.595757642
11270,0.8714248009798632,,0.0,0.8714248009798632,21.536923296
11275,0.8713901347778048,,0.0,0.8713901347778048,21.531262682
11280,0.8713753772766725,,0.0,0.8713753772766725,21.503255003
11285,0.8713750999650997,,0.0,0.8713750999650997,21.458974229
11290,0.8713667924044747,,0.0,0.8713667924044747,21.457495745
11295,0.8713380580799421,,0.0,0.8713380580799421,21.375012945
11300,0.8713092230239726,,0.0,0.8713092230239726,21.381245179
11305,0.8713320453335162,,0.0,0.8713320453335162,21.303291954
11310,0.8713776449163017,,0.0,0.8713776449163017,21.289021839
11315,0.8714173836683279,,0.0,0.8714173836683279,21.266200927
11320,0.8714421576722022,,0.0,0.8714421576722022,21.263877761
11325,0.8714356028895128,,0.0,0.8714356028895128,21.32448936
11330,0.871418625877206,,0.0,0.871418625877206,21.327943158
11335,0.8713987711252584,,0.0,0.8713987711252584,21.3858938
11340,0.871350596433683,,0.0,0.871350596433683,21.483417395
11345,0.8712999381246731,,0.0,0.8712999381246731,21.589950648
11350,0.8712892502245302,,0.0,0.8712892502245302,21.610936223
11355,0.8713064767190312,,0.0,0.8713064767190312,21.557891011
11360,0.8713182660441368,,0.0,0.8713182660441368,21.697005299
11365,0.8713176003217463,,0.0,0.8713176003217463,21.737491867
11370,0.8713269858433481,,0.0,0.8713269858433481,21.859884065
11375,0.8713293844447589,,0.0,0.8713293844447589,22.003138157
11380,0.8713166367340588,,0.0,0.8713166367340588,22.361763469
11385,0.8713101235681134,,0.0,0.8713101235681134,22.420073318
11390,0.8713160279072868,,0.0,0.8713160279072868,22.48262809
11395,0.8713191031445701,,0.0,0.8713191031445701,22.802826742
11400,0.8712702664411878,,0.0,0.8712702664411878,22.925583223
11405,0.8712046453484527,,0.0,0.8712046453484527,23.023236011
11410,0.8711856634931587,,0.0,0.8711856634931587,23.265374728
11415,0.8711771564704646,,0.0,0.8711771564704646,23.28016403
11420,0.8711609618456689,,0.0,0.8711609618456689,23.426575043
11425,0.8711693596971667,,0.0,0.8711693596971667,23.642550717
11430,0.8712601078085344,,0.0,0.8712601078085344,23.79356393
11435,0.8713686500609705,,0.0,0.8713686500609705,23.719723451
11440,0.871404322376917,,0.0,0.871404322376917,23.809786237
11445,0.8713863847599411,,0.0,0.8713863847599411,23.918937568
11450,0.8714039202514905,,0.0,0.8714039202514905,23.870442654
11455,0.8714140634961345,,0.0,0.8714140634961345,23.82942442
11460,0.8713417355231519,,0.0,0.8713417355231519,23.811153892
11465,0.8712540784008594,,0.0,0.8712540784008594,23.844857132
11470,0.8712296933898552,,0.0,0.8712296933898552,23.749579346
11475,0.8712483627557865,,0.0,0.8712483627557865,23.70890364
11480,0.8712377484852676,,0.0,0.8712377484852676,23.606327873
11485,0.8712197880591147,,0.0,0.8712197880591147,23.707378795
11490,0.8712579567248909,,0.0,0.8712579567248909,23.642849378
11495,0.8713244810173809,,0.0,0.8713244810173809,23.643869421
11500,0.8713030971411183,,0.0,0.8713030971411183,23.639900758
11505,0.8712544288327604,,0.0,0.8712544288327604,23.624837517
11510,0.8712852210034234,,0.0,0.8712852210034234,23.651126568
11515,0.8713577939840728,,0.0,0.8713577939840728,23.672946413
11520,0.8713845368164442,,0.0,0.8713845368164442,23.67869769
11525,0.8713820590559118,,0.0,0.8713820590559118,23.763781579
11530,0.8714234826312603,,0.0,0.8714234826312603,23.688789146
11535,0.8714838719463278,,0.0,0.8714838719463278,23.673228629
11540,0.8714503707584529,,0.0,0.8714503707584529,23.652235988
11545,0.871369612193527,,0.0,0.871369612193527,23.67251354
11550,0.8713359326793593,,0.0,0.8713359326793593,23.639079695
11555,0.8713268133739572,,0.0,0.8713268133739572,23.514511973
11560,0.8712766374044651,,0.0,0.8712766374044651,23.479302061
11565,0.8712223660417884,,0.0,0.8712223660417884,23.424228743
11570,0.8712227951598932,,0.0,0.8712227951598932,23.442036556
11575,0.8712486985272437,,0.0,0.8712486985272437,23.395351052
11580,0.8712650034509621,,0.0,0.8712650034509621,23.260745444
11585,0.8713076805124532,,0.0,0.8713076805124532,23.344665599
11590,0.8713658608296672,,0.0,0.8713658608296672,23.27315002
11595,0.871427194779342,,0.0,0.871427194779342,23.180271753
11600,0.8714504260170491,,0.0,0.8714504260170491,23.14073017
11605,0.8714506553820586,,0.0,0.8714506553820586,23.052022931
11610,0.8714205187842481,,0.0,0.8714205187842481,22.954872713
11615,0.8714010000220273,,0.0,0.8714010000220273,22.861253114
11620,0.8713984871928401,,0.0,0.8713984871928401,22.881519196
11625,0.8713875474095368,,0.0,0.8713875474095368,22.722009729
11630,0.8713370747752308,,0.0,0.8713370747752308,22.866401115
11635,0.8712606947355862,,0.0,0.8712606947355862,22.851278882
11640,0.8711954673285184,,0.0,0.8711954673285184,22.710814413
11645,0.8711788708329442,,0.0,0.8711788708329442,22.812923916
11650,0.8712184084131224,,0.0,0.8712184084131224,22.861718517
11655,0.8712629560817743,,0.0,0.8712629560817743,22.753576125
11660,0.8712759386506029,,0.0,0.8712759386506029,22.84898399
11665,0.8712926329673525,,0.0,0.8712926329673525,22.861875359
11670,0.8713166472837579,,0.0,0.8713166472837579,22.687063135
11675,0.8713036377950073,,0.0,0.8713036377950073,22.745600842
11680,0.8712858412165948,,0.0,0.8712858412165948,22.602882475
11685,0.8713038438051658,,0.0,0.8713038438051658,22.46592219
11690,0.8713053146151095,,0.0,0.8713053146151095,22.627146915
11695,0.8712578801850053,,0.0,0.8712578801850053,22.559907556
11700,0.8712061540281784,,0.0,0.8712061540281784,22.436448488
11705,0.8712039880294431,,0.0,0.8712039880294431,22.447207175
11710,0.8712322814493103,,0.0,0.8712322814493103,22.490307403
11715,0.8712365822706011,,0.0,0.8712365822706011,22.493380505
11720,0.8712254702725549,,0.0,0.8712254702725549,22.318570178
11725,0.8712414129414339,,0.0,0.8712414129414339,22.422612169
11730,0.871260998312272,,0.0,0.871260998312272,22.477816319
11735,0.8712296104837717,,0.0,0.8712296104837717,22.282558824
11740,0.8712071646893507,,0.0,0.8712071646893507,22.295792483
11745,0.8712499870092847,,0.0,0.8712499870092847,22.117472538
11750,0.8712962580986061,,0.0,0.8712962580986061,22.04884219
11755,0.8712764803594619,,0.0,0.8712764803594619,22.047507267
11760,0.8712286923689252,,0.0,0.8712286923689252,21.876168864
11765,0.8712428189980522,,0.0,0.8712428189980522,22.024051357
11770,0.8712762563420585,,0.0,0.8712762563420585,22.041866568
11775,0.871262448859518,,0.0,0.871262448859518,21.882136991
11780,0.871229272347727,,0.0,0.871229272347727,21.906755243
11785,0.871259411164612,,0.0,0.871259411164612,22.009774867
11790,0.8712963010977244,,0.0,0.8712963010977244,21.933092709
11795,0.871260498874966,,0.0,0.871260498874966,22.048068596
11800,0.8712096185129795,,0.0,0.8712096185129795,21.909306165
11805,0.8712330997057983,,0.0,0.8712330997057983,21.987954409
11810,0.8712807744143939,,0.0,0.8712807744143939,22.282527661
11815,0.8712774347434464,,0.0,0.8712774347434464,22.241325474
11820,0.8712616681817856,,0.0,0.8712616681817856,22.379889831
11825,0.8712768723353503,,0.0,0.8712768723353503,22.537764554
11830,0.87127795655339,,0.0,0.87127795655339,22.649992421
11835,0.8712531577031556,,0.0,0.8712531577031556,22.838233168
11840,0.8712477881245909,,0.0,0.8712477881245909,23.026526062
11845,0.8712694912201964,,0.0,0.8712694912201964,23.031955555
11850,0.8712670794134725,,0.0,0.8712670794134725,23.193983299
11855,0.8712189185092621,,0.0,0.8712189185092621,23.40919617
11860,0.8711828761171474,,0.0,0.8711828761171474,23.467201364
11865,0.8712182560972945,,0.0,0.8712182560972945,23.531100456
11870,0.8712618108573712,,0.0,0.8712618108573712,23.529170471
11875,0.8712576381967352,,0.0,0.8712576381967352,23.505775388
11880,0.8712434903226969,,0.0,0.8712434903226969,23.499845908
11885,0.871258074663251,,0.0,0.871258074663251,23.531319603
11890,0.871270037294448,,0.0,0.871270037294448,23.481154576
11895,0.8712302670752158,,0.0,0.8712302670752158,23.573180746
11900,0.8712032102983509,,0.0,0.8712032102983509,23.398831122
11905,0.8712256385584445,,0.0,0.8712256385584445,23.300008319
11910,0.8712362925176591,,0.0,0.8712362925176591,23.235276692
11915,0.8712087785386627,,0.0,0.8712087785386627,23.154928677
11920,0.871190395651629,,0.0,0.871190395651629,23.106584722
11925,0.8712070719247552,,0.0,0.8712070719247552,22.999901938
11930,0.8712172866163269,,0.0,0.8712172866163269,23.023540075
11935,0.8711985886206949,,0.0,0.8711985886206949,22.939401561
11940,0.8711952205019381,,0.0,0.8711952205019381,22.761814337
11945,0.8712208442658845,,0.0,0.8712208442658845,22.778795528
11950,0.8712103986450378,,0.0,0.8712103986450378,22.650324714
11955,0.8711480253681116,,0.0,0.8711480253681116,22.684616812
11960,0.8711167378345093,,0.0,0.8711167378345093,22.672424069
11965,0.8711635538339775,,0.0,0.8711635538339775,22.62984126
11970,0.871196453616248,,0.0,0.871196453616248,22.691900177
11975,0.8711641559671474,,0.0,0.8711641559671474,22.551782802
11980,0.8711416390895814,,0.0,0.8711416390895814,22.479509121
11985,0.8711660677908912,,0.0,0.8711660677908912,22.456173555
11990,0.871189259376281,,0.0,0.871189259376281,22.182093722
11995,0.8711830450942242,,0.0,0.8711830450942242,22.001665124
12000,0.8711773091864533,,0.0,0.8711773091864533,21.798154634
12005,0.871205236095223,,0.0,0.871205236095223,21.588939138
12010,0.8711988726258699,,0.0,0.8711988726258699,21.480294075
12015,0.8711456691837668,,0.0,0.8711456691837668,21.353690069
12020,0.87113076329566,,0.0,0.87113076329566,21.147714217
12025,0.8711849612469824,,0.0,0.8711849612469824,20.97835624
12030,0.8712286739251409,,0.0,0.8712286739251409,20.957036669
12035,0.871209108598731,,0.0,0.871209108598731,20.916687383
12040,0.871169539151186,,0.0,0.871169539151186,20.72015379
12045,0.8711756150866716,,0.0,0.8711756150866716,20.753760629
12050,0.8711741542443745,,0.0,0.8711741542443745,20.739409405
12055,0.8711452992894898,,0.0,0.8711452992894898,20.673867323
12060,0.8711400291691228,,0.0,0.8711400291691228,20.746734508
12065,0.8711685521722691,,0.0,0.8711685521722691,20.773902534
12070,0.8711544813110341,,0.0,0.8711544813110341,20.756172639
12075,0.8711231761339694,,0.0,0.8711231761339694,20.746116393
12080,0.8711203315349351,,0.0,0.8711203315349351,20.751823575
12085,0.8711641149324557,,0.0,0.8711641149324557,20.583135999
12090,0.871184540204854,,0.0,0.871184540204854,20.758664185
12095,0.8711862297209735,,0.0,0.8711862297209735,20.732773386
12100,0.871203868635952,,0.0,0.871203868635952,20.641170101
12105,0.8712338840577362,,0.0,0.8712338840577362,20.656164818
12110,0.8712276047313278,,0.0,0.8712276047313278,20.576371428
12115,0.8711884234763307,,0.0,0.8711884234763307,20.674665548
12120,0.8711799231472387,,0.0,0.8711799231472387,20.611916338
12125,0.8711836742200724,,0.0,0.8711836742200724,20.555041393
12130,0.8711658966674964,,0.0,0.8711658966674964,20.451270789
12135,0.8711502337475345,,0.0,0.8711502337475345,20.398313044
12140,0.8711612861579701,,0.0,0.8711612861579701,20.355325831
12145,0.871174639857937,,0.0,0.871174639857937,20.315830233
12150,0.8711612622210666,,0.0,0.8711612622210666,20.145474007
12155,0.871152846107676,,0.0,0.871152846107676,20.161753524
12160,0.8711871075286939,,0.0,0.8711871075286939,20.042786564
12165,0.8712260073613732,,0.0,0.8712260073613732,19.913201757
12170,0.8712109262391269,,0.0,0.8712109262391269,19.856243718
12175,0.8711785710395987,,0.0,0.8711785710395987,19.678961277
12180,0.8711806718848476,,0.0,0.8711806718848476,19.675904559
12185,0.8712081562519299,,0.0,0.8712081562519299,19.662292543
12190,0.8712061606126457,,0.0,0.8712061606126457,19.49464432
12195,0.8711754864894777,,0.0,0.8711754864894777,19.464419133
12200,0.8711608437254174,,0.0,0.8711608437254174,19.339359877
12205,0.8711633160292087,,0.0,0.8711633160292087,19.200273842
12210,0.8711641032186519,,0.0,0.8711641032186519,19.111064741
12215,0.871157006908995,,0.0,0.871157006908995,18.977813581
12220,0.871175128490896,,0.0,0.871175128490896,18.948538423
12225,0.8712133136360298,,0.0,0.8712133136360298,19.018560527
12230,0.8712023146288985,,0.0,0.8712023146288985,18.796185665
12235,0.8711695581406443,,0.0,0.8711695581406443,18.710661394
12240,0.871157147511019,,0.0,0.871157147511019,18.662022252
12245,0.8711731944764057,,0.0,0.8711731944764057,18.507240013
12250,0.87117040971963,,0.0,0.87117040971963,18.352459676
12255,0.8711508494134218,,0.0,0.8711508494134218,18.365178162
12260,0.8711584100189733,,0.0,0.8711584100189733,18.356852711
12265,0.8711792720489138,,0.0,0.8711792720489138,18.244032009
12270,0.8711619253605998,,0.0,0.8711619253605998,18.247928376
12275,0.8711343346598264,,0.0,0.8711343346598264,18.134057913
12280,0.8711605713612897,,0.0,0.8711605713612897,18.194965259
12285,0.8712020329155548,,0.0,0.8712020329155548,18.075333582
12290,0.8711860638724281,,0.0,0.8711860638724281,18.177145055
12295,0.8711468270678087,,0.0,0.8711468270678087,18.219785854
12300,0.8711240549966597,,0.0,0.8711240549966597,18.444902547
12305,0.8711286028991787,,0.0,0.8711286028991787,18.42406653
12310,0.8711362694746386,,0.0,0.8711362694746386,18.483733033
12315,0.8711420878155753,,0.0,0.8711420878155753,18.415291316
12320,0.871151494000036,,0.0,0.871151494000036,18.352995787
12325,0.8711544666142118,,0.0,0.8711544666142118,18.493053977
12330,0.8711159293637766,,0.0,0.8711159293637766,18.522304407
12335,0.8710975074428562,,0.0,0.8710975074428562,18.683678805
12340,0.8711312068923173,,0.0,0.8711312068923173,18.71958737
12345,0.8711498197264129,,0.0,0.8711498197264129,18.66511895
12350,0.8711343085402266,,0.0,0.8711343085402266,18.712202985
12355,0.8711241536545353,,0.0,0.8711241536545353,18.770850968
12360,0.8711395259484764,,0.0,0.8711395259484764,18.931221783
12365,0.871152573052361,,0.0,0.871152573052361,18.971188981
12370,0.8711644111971086,,0.0,0.8711644111971086,19.193667117
12375,0.8711847509805661,,0.0,0.8711847509805661,19.509665993
12380,0.8711953160676605,,0.0,0.8711953160676605,19.646357111
12385,0.8711637583162484,,0.0,0.8711637583162484,20.027117115
12390,0.8711032147209263,,0.0,0.8711032147209263,20.033524602
12395,0.8710892127237615,,0.0,0.8710892127237615,20.184230724
12400,0.871144243737529,,0.0,0.871144243737529,20.353293603
12405,0.8711689789985427,,0.0,0.8711689789985427,20.49737788
12410,0.871149000014794,,0.0,0.871149000014794,20.628411576
12415,0.871123467414799,,0.0,0.871123467414799,20.72006337
12420,0.8711334520137958,,0.0,0.8711334520137958,20.873636963
12425,0.8711562171003163,,0.0,0.8711562171003163,20.845173081
12430,0.8711913032167764,,0.0,0.8711913032167764,20.834338142
12435,0.8712457004118985,,0.0,0.8712457004118985,20.820326858
12440,0.8712748521407321,,0.0,0.8712748521407321,20.842889604
12445,0.8712321183655138,,0.0,0.8712321183655138,20.727377681
12450,0.8711652521536388,,0.0,0.8711652521536388,20.674399054
12455,0.8711546145282688,,0.0,0.8711546145282688,20.634184698
12460,0.8711959119801457,,0.0,0.8711959119801457,20.406925721
12465,0.8712084493152947,,0.0,0.8712084493152947,20.385098356
12470,0.8711910973521312,,0.0,0.8711910973521312,20.392179383
12475,0.8711890149142884,,0.0,0.8711890149142884,20.10437915
12480,0.8711873945168872,,0.0,0.8711873945168872,20.061275398
12485,0.8711604287948389,,0.0,0.8711604287948389,19.893414071
12490,0.8711505981850706,,0.0,0.8711505981850706,19.809005068
12495,0.871188321726302,,0.0,0.871188321726302,19.784905097
12500,0.8712207902805278,,0.0,0.8712207902805278,19.658616921
12505,0.8711805787200911,,0.0,0.8711805787200911,19.566350861
12510,0.8711420238989501,,0.0,0.8711420238989501,19.501989688
12515,0.8711619467510241,,0.0,0.8711619467510241,19.350087446
12520,0.8712160384777903,,0.0,0.8712160384777903,19.358328026
12525,0.871235281092543,,0.0,0.871235281092543,19.379235453
12530,0.8712217278941286,,0.0,0.8712217278941286,19.288903159
12535,0.8712170920289461,,0.0,0.8712170920289461,19.270550149
12540,0.8711991959195795,,0.0,0.8711991959195795,19.350890682
12545,0.8711673082899904,,0.0,0.8711673082899904,19.53768699
12550,0.8711566573137942,,0.0,0.8711566573137942,19.536896767
12555,0.8711773498573623,,0.0,0.8711773498573623,19.606261592
12560,0.8711636607133427,,0.0,0.8711636607133427,19.671071858
12565,0.8710766304614456,,0.0,0.8710766304614456,19.747357571
12570,0.8710296522876376,,0.0,0.8710296522876376,19.73097884
12575,0.8710784520306949,,0.0,0.8710784520306949,19.750945229
12580,0.8711393013490207,,0.0,0.8711393013490207,19.849373845
12585,0.8711535251445143,,0.0,0.8711535251445143,19.981581254
12590,0.8711410716249054,,0.0,0.8711410716249054,20.010396529
12595,0.8711451959024388,,0.0,0.8711451959024388,20.07525645
12600,0.8711261997868619,,0.0,0.8711261997868619,20.188609327
12605,0.8710789700572983,,0.0,0.8710789700572983,20.302706799
12610,0.8710417223438738,,0.0,0.8710417223438738,20.420463586
12615,0.8710400086725814,,0.0,0.8710400086725814,20.358063566
12620,0.8710557923684086,,0.0,0.8710557923684086,20.440496446
12625,0.8710381285706914,,0.0,0.8710381285706914,20.370247061
12630,0.8710361948108492,,0.0,0.8710361948108492,20.548763857
12635,0.8711204059285027,,0.0,0.8711204059285027,20.639716202
12640,0.87121552859992,,0.0,0.87121552859992,20.592881162
12645,0.8712347971160028,,0.0,0.8712347971160028,20.668912165
12650,0.8711955356832928,,0.0,0.8711955356832928,20.810150639
12655,0.8711708219582164,,0.0,0.8711708219582164,20.760096263
12660,0.8711144190470287,,0.0,0.8711144190470287,20.96870931
12665,0.8710268955421319,,0.0,0.8710268955421319,21.041758615
12670,0.8709642516472351,,0.0,0.8709642516472351,21.094929991
12675,0.8709759231794938,,0.0,0.8709759231794938,21.224426006
12680,0.8710099742977172,,0.0,0.8710099742977172,21.207040758
12685,0.8710429609876811,,0.0,0.8710429609876811,21.277354589
12690,0.8711086513082693,,0.0,0.8711086513082693,21.419462096
12695,0.8711966076418546,,0.0,0.8711966076418546,21.417413318
12700,0.871275256448855,,0.0,0.871275256448855,21.517119486
12705,0.8712424950859121,,0.0,0.8712424950859121,21.54940775
12710,0.8711337766898797,,0.0,0.8711337766898797,21.821023674
12715,0.8710294452588877,,0.0,0.8710294452588877,22.105096785
12720,0.8709560173524514,,0.0,0.8709560173524514,22.147198088
12725,0.8709215505397058,,0.0,0.8709215505397058,22.529197401
12730,0.8709592431594054,,0.0,0.8709592431594054,22.796197163
12735,0.8710640587124506,,0.0,0.8710640587124506,22.968328113
12740,0.8711924335260878,,0.0,0.8711924335260878,23.354503163
12745,0.8712662435499005,,0.0,0.8712662435499005,23.59876774
12750,0.8712920684129384,,0.0,0.8712920684129384,23.713267947
12755,0.8712832404975007,,0.0,0.8712832404975007,23.945630001
12760,0.8712493841121711,,0.0,0.8712493841121711,24.074107219
12765,0.8711750893842528,,0.0,0.8711750893842528,24.108097256
12770,0.871061375487434,,0.0,0.871061375487434,24.275394346
12775,0.8709524151758881,,0.0,0.8709524151758881,24.350911587
12780,0.8709062072756263,,0.0,0.8709062072756263,24.27148675
12785,0.8709761131104556,,0.0,0.8709761131104556,24.331205285
12790,0.871153049425842,,0.0,0.871153049425842,24.314922765
12795,0.8713150506049906,,0.0,0.8713150506049906,24.397327256
12800,0.8713804224701793,,0.0,0.8713804224701793,24.166727608
12805,0.8713882165151067,,0.0,0.8713882165151067,24.052028341
12810,0.8713378482136869,,0.0,0.8713378482136869,23.946335745
12815,0.8712198380792398,,0.0,0.8712198380792398,23.874578629
12820,0.8710675461883202,,0.0,0.8710675461883202,23.599948774
12825,0.8709493099265297,,0.0,0.8709493099265297,23.522940896
12830,0.8708990296969081,,0.0,0.8708990296969081,23.552018744
12835,0.8709250721020169,,0.0,0.8709250721020169,23.230592021
12840,0.8710516603423032,,0.0,0.8710516603423032,23.10006518
12845,0.8712355260638314,,0.0,0.8712355260638314,22.983578108
12850,0.871389312410572,,0.0,0.871389312410572,22.864642451
12855,0.8714540165889435,,0.0,0.8714540165889435,22.611847437
12860,0.871422735312404,,0.0,0.871422735312404,22.412970828
12865,0.8713148746432855,,0.0,0.8713148746432855,22.339017795
12870,0.8711087522215977,,0.0,0.8711087522215977,22.278315091
12875,0.8708330269960923,,0.0,0.8708330269960923,22.106106557
12880,0.8706387817166606,,0.0,0.8706387817166606,21.957055329
12885,0.8706581393958899,,0.0,0.8706581393958899,21.79711616
12890,0.8708599124312928,,0.0,0.8708599124312928,21.745064675
12895,0.8711510342150471,,0.0,0.8711510342150471,21.804448439
12900,0.8714217037337249,,0.0,0.8714217037337249,21.666089529
12905,0.8716205038639258,,0.0,0.8716205038639258,21.753865783
12910,0.871678650749507,,0.0,0.871678650749507,21.619419217
12915,0.8715341310765512,,0.0,0.8715341310765512,21.604212623
12920,0.8712385755089193,,0.0,0.8712385755089193,21.6504195
12925,0.870907724504246,,0.0,0.870907724504246,21.712852667
12930,0.8706337698820298,,0.0,0.8706337698820298,21.66291615
12935,0.8705119435940191,,0.0,0.8705119435940191,21.641911151
12940,0.8706240420772602,,0.0,0.8706240420772602,21.785193128
12945,0.8709528732510979,,0.0,0.8709528732510979,21.969437452
12950,0.8712920547710862,,0.0,0.8712920547710862,21.897971819
12955,0.8714728005828122,,0.0,0.8714728005828122,22.05197308
12960,0.8714838042827405,,0.0,0.8714838042827405,22.123829871
12965,0.871380561689829,,0.0,0.871380561689829,22.29093927
12970,0.8712007946355301,,0.0,0.8712007946355301,22.504096313
12975,0.8709494748292399,,0.0,0.8709494748292399,22.728902925
12980,0.8706809546480485,,0.0,0.8706809546480485,22.868432211
12985,0.8705201721046575,,0.0,0.8705201721046575,23.015787066
12990,0.870599447381892,,0.0,0.870599447381892,23.368054937
12995,0.87093229169764,,0.0,0.87093229169764,23.6207215
13000,0.8713395247063845,,0.0,0.8713395247063845,23.835958717
13005,0.8716022897720772,,0.0,0.8716022897720772,24.106931475
13010,0.8716364262337284,,0.0,0.8716364262337284,24.326611495
13015,0.8714950392757267,,0.0,0.8714950392757267,24.64065428
13020,0.8712569420621086,,0.0,0.8712569420621086,24.937107197
13025,0.8709785758103831,,0.0,0.8709785758103831,25.135171341
13030,0.8706876897214574,,0.0,0.8706876897214574,25.484552934
13035,0.8704982180353487,,0.0,0.8704982180353487,25.517118845
13040,0.8705552789567331,,0.0,0.8705552789567331,25.647604172
13045,0.8708727304248158,,0.0,0.8708727304248158,25.823791125
13050,0.8712926932461504,,0.0,0.8712926932461504,25.72895581
13055,0.8716078728183461,,0.0,0.8716078728183461,25.926827208
13060,0.8716879897069197,,0.0,0.8716879897069197,25.733658999
13065,0.8716036481004018,,0.0,0.8716036481004018,25.459669855
13070,0.8714020952263053,,0.0,0.8714020952263053,25.696769714
13075,0.8711176412889119,,0.0,0.8711176412889119,25.453871892
13080,0.8707841508222841,,0.0,0.8707841508222841,25.205128539
13085,0.8705357667062231,,0.0,0.8705357667062231,25.135739493
13090,0.8705074618635782,,0.0,0.8705074618635782,24.706898229
13095,0.870763401564989,,0.0,0.870763401564989,24.607666724
13100,0.871178968726876,,0.0,0.871178968726876,24.652130228
13105,0.8715556483155614,,0.0,0.8715556483155614,24.403451004
13110,0.8717113529250002,,0.0,0.8717113529250002,24.261831487
13115,0.8716326552619796,,0.0,0.8716326552619796,24.375636337
13120,0.8714224685869086,,0.0,0.8714224685869086,24.196944295
13125,0.8711757820629434,,0.0,0.8711757820629434,24.229579147
13130,0.8708999063405238,,0.0,0.8708999063405238,24.333855287
13135,0.8706407069276089,,0.0,0.8706407069276089,24.192085311
13140,0.8705278888093771,,0.0,0.8705278888093771,24.14956644
13145,0.8707154312465495,,0.0,0.8707154312465495,24.204706155
13150,0.8711088701599577,,0.0,0.8711088701599577,24.277149587
13155,0.8715006636477134,,0.0,0.8715006636477134,24.44456276
13160,0.8716663053461247,,0.0,0.8716663053461247,24.28381266
13165,0.871584589014035,,0.0,0.871584589014035,24.127120148
13170,0.8713885460295009,,0.0,0.8713885460295009,24.204127062
13175,0.8711525984807736,,0.0,0.8711525984807736,24.173637424
13180,0.8708946172670767,,0.0,0.8708946172670767,24.147050183
13185,0.8706746611341137,,0.0,0.8706746611341137,24.056873695
13190,0.8706073611840932,,0.0,0.8706073611840932,23.99668111
13195,0.8707887547109648,,0.0,0.8707887547109648,24.026230274
13200,0.871115953700841,,0.0,0.871115953700841,24.069511866
13205,0.8714138036461325,,0.0,0.8714138036461325,24.145093906
13210,0.8715390087117341,,0.0,0.8715390087117341,24.229014674
13215,0.8715048407464987,,0.0,0.8715048407464987,24.224419938
13220,0.8713730011934124,,0.0,0.8713730011934124,24.30495012
13225,0.871149697022499,,0.0,0.871149697022499,24.629860868
13230,0.8708767310889786,,0.0,0.8708767310889786,24.610105322
13235,0.8706772711296674,,0.0,0.8706772711296674,24.721625195
13240,0.8706689928535519,,0.0,0.8706689928535519,24.951673044
13245,0.8708824260348141,,0.0,0.8708824260348141,24.954050061
13250,0.8712010061751858,,0.0,0.8712010061751858,25.216796633
13255,0.8714358215229318,,0.0,0.8714358215229318,25.369209251
13260,0.8714601280660017,,0.0,0.8714601280660017,25.326957438
13265,0.8713477759898217,,0.0,0.8713477759898217,25.46449375
13270,0.8712104489561889,,0.0,0.8712104489561889,25.565740966
13275,0.8710688737770043,,0.0,0.8710688737770043,25.526489646
13280,0.8709287847230163,,0.0,0.8709287847230163,25.630594697
13285,0.8708471654117799,,0.0,0.8708471654117799,25.654533376
13290,0.8708838139750527,,0.0,0.8708838139750527,25.644202926
13295,0.8710385026120913,,0.0,0.8710385026120913,25.621167656
13300,0.8712306059024478,,0.0,0.8712306059024478,25.599599722
13305,0.8713484331269399,,0.0,0.8713484331269399,25.605344316
13310,0.8713695627554544,,0.0,0.8713695627554544,25.618289873
13315,0.8713154095130291,,0.0,0.8713154095130291,25.583872852
13320,0.8711890928365484,,0.0,0.8711890928365484,25.766855627
13325,0.8710189262630649,,0.0,0.8710189262630649,25.857112825
13330,0.8708815855148233,,0.0,0.8708815855148233,25.795853209
13335,0.8708833118821329,,0.0,0.8708833118821329,25.875614679
13340,0.871001716466191,,0.0,0.871001716466191,26.006013347
13345,0.8711734525438724,,0.0,0.8711734525438724,26.057356971
13350,0.871304466819464,,0.0,0.871304466819464,26.117257825
13355,0.8713537740030473,,0.0,0.8713537740030473,26.017682663
13360,0.871302581515481,,0.0,0.871302581515481,26.058739507
13365,0.871185721298234,,0.0,0.871185721298234,26.160983252
13370,0.8710597713874989,,0.0,0.8710597713874989,26.268191875
13375,0.8709626272846022,,0.0,0.8709626272846022,26.148524621
13380,0.8709176838567215,,0.0,0.8709176838567215,26.163021669
13385,0.870982183261796,,0.0,0.870982183261796,26.21147352
13390,0.8711386480679995,,0.0,0.8711386480679995,26.301913691
13395,0.8712581108232542,,0.0,0.8712581108232542,26.491666718
13400,0.871286883745134,,0.0,0.871286883745134,26.41029025
13405,0.8712675278848184,,0.0,0.8712675278848184,26.695178036
13410,0.8712175003023008,,0.0,0.8712175003023008,26.723673509
13415,0.8711132541783583,,0.0,0.8711132541783583,26.902523288
13420,0.8709788226733416,,0.0,0.8709788226733416,27.105288632
13425,0.8709313436070967,,0.0,0.8709313436070967,26.947759139
13430,0.8710133578408616,,0.0,0.8710133578408616,27.242480752
13435,0.8711448658787488,,0.0,0.8711448658787488,27.154286776
13440,0.8711975407809279,,0.0,0.8711975407809279,26.977752697
13445,0.8711733576329588,,0.0,0.8711733576329588,27.105590223
13450,0.8711717732136695,,0.0,0.8711717732136695,26.72768253
13455,0.8711788439857788,,0.0,0.8711788439857788,26.680997573
13460,0.8711416772503895,,0.0,0.8711416772503895,26.893106374
13465,0.8710575098594197,,0.0,0.8710575098594197,26.37025086
13470,0.8710041591944467,,0.0,0.8710041591944467,26.288344386
13475,0.8710710901960255,,0.0,0.8710710901960255,26.344311467
13480,0.8711914220645933,,0.0,0.8711914220645933,25.916840421
13485,0.871246365588615,,0.0,0.871246365588615,25.926811119
13490,0.8712061866958672,,0.0,0.8712061866958672,25.74516877
13495,0.871158231765437,,0.0,0.871158231765437,25.424884216
13500,0.8711419413566494,,0.0,0.8711419413566494,25.364351974
13505,0.8711448151310583,,0.0,0.8711448151310583,25.328173157
13510,0.8711213925072586,,0.0,0.8711213925072586,25.103288161
13515,0.8710862977327695,,0.0,0.8710862977327695,24.970530356
13520,0.8710603181529377,,0.0,0.8710603181529377,24.706479802
13525,0.8710867739971158,,0.0,0.8710867739971158,24.689522696
13530,0.8711643421511471,,0.0,0.8711643421511471,24.591935633
13535,0.8712345523629841,,0.0,0.8712345523629841,24.435810161
13540,0.8712675748127902,,0.0,0.8712675748127902,24.29424805
13545,0.8712378714438292,,0.0,0.8712378714438292,24.205416827
13550,0.871161959665311,,0.0,0.871161959665311,24.295612005
13555,0.8710945801196298,,0.0,0.8710945801196298,24.088163715
13560,0.8710859613792601,,0.0,0.8710859613792601,23.96589688
13565,0.8711132457749773,,0.0,0.8711132457749773,23.77268094
13570,0.8711415666604404,,0.0,0.8711415666604404,23.849666632
13575,0.8711562135352455,,0.0,0.8711562135352455,23.609579099
13580,0.8711727298531068,,0.0,0.8711727298531068,23.476814379
13585,0.8711938108802489,,0.0,0.8711938108802489,23.384496126
13590,0.8711741610834899,,0.0,0.8711741610834899,23.03240058
13595,0.8711165292051153,,0.0,0.8711165292051153,23.241387714
13600,0.8710793109580918,,0.0,0.8710793109580918,23.041933904
13605,0.8710854992660618,,0.0,0.8710854992660618,22.819499588
13610,0.8710988990573003,,0.0,0.8710988990573003,22.874945749
13615,0.8710919891499128,,0.0,0.8710919891499128,22.930875796
13620,0.8710766630927562,,0.0,0.8710766630927562,22.801650696
13625,0.8710871794329651,,0.0,0.8710871794329651,22.836440422
13630,0.8711214476930983,,0.0,0.8711214476930983,22.803560377
13635,0.8711494346623962,,0.0,0.8711494346623962,22.903973452
13640,0.8711336190992023,,0.0,0.8711336190992023,22.896751707
13645,0.8710908981655142,,0.0,0.8710908981655142,22.87844247
13650,0.8710566112797055,,0.0,0.8710566112797055,23.057508989
13655,0.8710435519890996,,0.0,0.8710435519890996,23.000503091
13660,0.8710650428538621,,0.0,0.8710650428538621,23.083936741
13665,0.8710898794283655,,0.0,0.8710898794283655,23.123821285
13670,0.8710924666874986,,0.0,0.8710924666874986,23.058609734
13675,0.8710795706625806,,0.0,0.8710795706625806,23.208696336
13680,0.8710690833522333,,0.0,0.8710690833522333,23.179669569
13685,0.8710568872452823,,0.0,0.8710568872452823,23.176482596
13690,0.8710561849627276,,0.0,0.8710561849627276,23.255077804
13695,0.8710538288147609,,0.0,0.8710538288147609,23.259925277
13700,0.871047410159568,,0.0,0.871047410159568,23.267122925
13705,0.8710763121515595,,0.0,0.8710763121515595,23.300741856
13710,0.8711147660229938,,0.0,0.8711147660229938,23.163241361
13715,0.8711267426598256,,0.0,0.8711267426598256,23.144969967
13720,0.8711296177438524,,0.0,0.8711296177438524,23.317618742
13725,0.8711225651972576,,0.0,0.8711225651972576,23.072353487
13730,0.8711179869188809,,0.0,0.8711179869188809,23.064303344
13735,0.8711145255262328,,0.0,0.8711145255262328,23.30537417
13740,0.8710837779553322,,0.0,0.8710837779553322,23.076029271
13745,0.8710661738179822,,0.0,0.8710661738179822,23.137568542
13750,0.8710867462041154,,0.0,0.8710867462041154,23.188400938
13755,0.8711184011218939,,0.0,0.8711184011218939,22.996001065
13760,0.8711178433338385,,0.0,0.8711178433338385,23.13279754
13765,0.8710946887087737,,0.0,0.8710946887087737,23.17879578
13770,0.8710686237855142,,0.0,0.8710686237855142,23.153510226
13775,0.8710487385849525,,0.0,0.8710487385849525,23.218666693
13780,0.871045306476814,,0.0,0.871045306476814,23.38546956
13785,0.8710618049693215,,0.0,0.8710618049693215,23.356923682
13790,0.8710823137298558,,0.0,0.8710823137298558,23.375978781
13795,0.871081584745649,,0.0,0.871081584745649,23.396925099
13800,0.8710638086118256,,0.0,0.8710638086118256,23.536945331
13805,0.8710610132325943,,0.0,0.8710610132325943,23.52693423
13810,0.8710551564034451,,0.0,0.8710551564034451,23.693321158
13815,0.8710337590308435,,0.0,0.8710337590308435,23.836404332
13820,0.8710399899741492,,0.0,0.8710399899741492,23.790965412
13825,0.8710710724798068,,0.0,0.8710710724798068,23.991060431
13830,0.871099995534818,,0.0,0.871099995534818,23.977376127
13835,0.8710928392737676,,0.0,0.8710928392737676,23.980848808
13840,0.8711010349712041,,0.0,0.8711010349712041,24.032781427
13845,0.8711187027341529,,0.0,0.8711187027341529,23.902004792
13850,0.8710994143191549,,0.0,0.8710994143191549,23.819147001
13855,0.8710512977964373,,0.0,0.8710512977964373,23.871715712
13860,0.8710056106875277,,0.0,0.8710056106875277,23.835722079
13865,0.870991597631368,,0.0,0.870991597631368,23.663950348
13870,0.871028845963223,,0.0,0.871028845963223,23.501198849
13875,0.8710786927457254,,0.0,0.8710786927457254,23.406384741
13880,0.8711039377754747,,0.0,0.8711039377754747,23.472174839
13885,0.8711040038020397,,0.0,0.8711040038020397,23.331576123
13890,0.8711183032643404,,0.0,0.8711183032643404,23.161134545
13895,0.8711116567356473,,0.0,0.8711116567356473,23.284604835
13900,0.8710541175127331,,0.0,0.8710541175127331,23.337930898
13905,0.8710150448468802,,0.0,0.8710150448468802,23.135167214
13910,0.8710123159671314,,0.0,0.8710123159671314,23.102683498
13915,0.8710298461474528,,0.0,0.8710298461474528,23.189505154
13920,0.8710446874641256,,0.0,0.8710446874641256,23.246543948
13925,0.8710655338877871,,0.0,0.8710655338877871,23.194898631
13930,0.8710782593713626,,0.0,0.8710782593713626,22.988194215
13935,0.871059423756725,,0.0,0.871059423756725,23.130518708
13940,0.8710289445847204,,0.0,0.8710289445847204,23.138937054
13945,0.8710072155877847,,0.0,0.8710072155877847,23.085601138
13950,0.8710135323474358,,0.0,0.8710135323474358,23.179844098
13955,0.8710413640542659,,0.0,0.8710413640542659,23.117620356
13960,0.8710620242211711,,0.0,0.8710620242211711,23.115110222
13965,0.8710454561734061,,0.0,0.8710454561734061,23.111283277
13970,0.8710299789281483,,0.0,0.8710299789281483,23.052472532
13975,0.8710608369071066,,0.0,0.8710608369071066,22.959089401
13980,0.8710877586114448,,0.0,0.8710877586114448,23.037612927
13985,0.8710615064855939,,0.0,0.8710615064855939,22.989701118
13990,0.871014556323056,,0.0,0.871014556323056,22.957567221
13995,0.8710046076657927,,0.0,0.8710046076657927,23.034502396
14000,0.871012774951798,,0.0,0.871012774951798,23.094424234
14005,0.8709971606695869,,0.0,0.8709971606695869,23.076862475
14010,0.8709945174606704,,0.0,0.8709945174606704,23.247619455
14015,0.8710207389560156,,0.0,0.8710207389560156,23.322663659
14020,0.8710533634638965,,0.0,0.8710533634638965,23.243170964
14025,0.8710567133571387,,0.0,0.8710567133571387,23.298900798
14030,0.8710366125061763,,0.0,0.8710366125061763,23.238493205
14035,0.8710129189733796,,0.0,0.8710129189733796,23.250524108
14040,0.870985578227718,,0.0,0.870985578227718,23.083706103
14045,0.8709840455747107,,0.0,0.8709840455747107,22.962817315
14050,0.8710052913226716,,0.0,0.8710052913226716,22.803885307
14055,0.8710345439648337,,0.0,0.8710345439648337,22.543463115
14060,0.8710260760851609,,0.0,0.8710260760851609,22.371619674
14065,0.8710001699894401,,0.0,0.8710001699894401,22.187036978
14070,0.8709994777836669,,0.0,0.8709994777836669,22.001254023
14075,0.8710356080656887,,0.0,0.8710356080656887,21.605374753
14080,0.8710531665119281,,0.0,0.8710531665119281,21.430081354
14085,0.8710405772286055,,0.0,0.8710405772286055,21.283285625
14090,0.8710149548106552,,0.0,0.8710149548106552,20.910523158
14095,0.8709890545354579,,0.0,0.8709890545354579,20.700956619
14100,0.8709765616181798,,0.0,0.8709765616181798,20.451502359
14105,0.8710005128546603,,0.0,0.8710005128546603,20.300374511
14110,0.8710527265530978,,0.0,0.8710527265530978,20.034201368
14115,0.8710858572282654,,0.0,0.8710858572282654,19.858792981
14120,0.8710818960709068,,0.0,0.8710818960709068,19.708107948
14125,0.8710542952933519,,0.0,0.8710542952933519,19.57392349
14130,0.8710232378887026,,0.0,0.8710232378887026,19.613287905
14135,0.8710068647193444,,0.0,0.8710068647193444,19.52817292
14140,0.8710004369332052,,0.0,0.8710004369332052,19.492987186
14145,0.8710131931927994,,0.0,0.8710131931927994,19.483204705
14150,0.8710302190247481,,0.0,0.8710302190247481,19.606868222
14155,0.8710257626499632,,0.0,0.8710257626499632,19.779915986
14160,0.871031907413141,,0.0,0.871031907413141,19.812216564
14165,0.8710486892923929,,0.0,0.8710486892923929,19.898935331
14170,0.8710567724718318,,0.0,0.8710567724718318,20.09128792
14175,0.8710372280265506,,0.0,0.8710372280265506,20.412102319
14180,0.8710157459653299,,0.0,0.8710157459653299,20.45856067
14185,0.8709884668080841,,0.0,0.8709884668080841,20.586081818
14190,0.8709755284752349,,0.0,0.8709755284752349,20.782236094
14195,0.8709856851434615,,0.0,0.8709856851434615,20.913098552
14200,0.8710078381655438,,0.0,0.8710078381655438,20.872603947
14205,0.8710207237862758,,0.0,0.8710207237862758,21.111739795
14210,0.8710353752811216,,0.0,0.8710353752811216,21.268959704
14215,0.8710423951600276,,0.0,0.8710423951600276,21.482217645
14220,0.8710277327517,,0.0,0.8710277327517,21.465808044
14225,0.8710018157424972,,0.0,0.8710018157424972,21.697418557
14230,0.8709899652655151,,0.0,0.8709899652655151,21.915891233
14235,0.8710052995805395,,0.0,0.8710052995805395,21.554272683
14240,0.8710171013106363,,0.0,0.8710171013106363,21.880847745
14245,0.8710279832161075,,0.0,0.8710279832161075,21.956608444
14250,0.8710553060272808,,0.0,0.8710553060272808,21.600112416
14255,0.8710702923477485,,0.0,0.8710702923477485,21.852831995
14260,0.8710616012873726,,0.0,0.8710616012873726,21.751559798
14265,0.8710215063556783,,0.0,0.8710215063556783,21.544666451
14270,0.8709726420775653,,0.0,0.8709726420775653,21.72833483
14275,0.8709460689498361,,0.0,0.8709460689498361,21.650968845
14280,0.8709654112046776,,0.0,0.8709654112046776,21.663885271
14285,0.8709930694235252,,0.0,0.8709930694235252,21.556061461
14290,0.8710015133299163,,0.0,0.8710015133299163,21.504900102
14295,0.8709971378240317,,0.0,0.8709971378240317,21.483879577
14300,0.8710020336119725,,0.0,0.8710020336119725,21.545191798
14305,0.871017057256548,,0.0,0.871017057256548,21.514200396
14310,0.8710205829659822,,0.0,0.8710205829659822,21.458767543
14315,0.8710022830941667,,0.0,0.8710022830941667,21.587528978
14320,0.8709772526962264,,0.0,0.8709772526962264,21.478647102
14325,0.8709605985774682,,0.0,0.8709605985774682,21.385314751
14330,0.8709477485710652,,0.0,0.8709477485710652,21.413987139
14335,0.8709459363146538,,0.0,0.8709459363146538,21.364911001
14340,0.8709659593161125,,0.0,0.8709659593161125,21.169305786
14345,0.8709848062807711,,0.0,0.8709848062807711,21.26029886
14350,0.8709988917660719,,0.0,0.8709988917660719,21.086776753
14355,0.8709960473853072,,0.0,0.8709960473853072,21.166563951
14360,0.8709853626136957,,0.0,0.8709853626136957,21.351917677
14365,0.8709553108500172,,0.0,0.8709553108500172,21.314640442
14370,0.8709244329721437,,0.0,0.8709244329721437,21.472675505
14375,0.8709108667866859,,0.0,0.8709108667866859,21.448326299
14380,0.8709287206972562,,0.0,0.8709287206972562,21.543687242
14385,0.8709868942481115,,0.0,0.8709868942481115,21.542033734
14390,0.8710194149687804,,0.0,0.8710194149687804,21.59864041
14395,0.8710201027364042,,0.0,0.8710201027364042,21.697416598
14400,0.871007085026164,,0.0,0.871007085026164,21.815222744
14405,0.8709978390152381,,0.0,0.8709978390152381,21.920718851
14410,0.8709958853201023,,0.0,0.8709958853201023,21.946493811
14415,0.870984022801912,,0.0,0.870984022801912,22.08937809
14420,0.8709659244657273,,0.0,0.8709659244657273,22.006874063
14425,0.8709614944651901,,0.0,0.8709614944651901,22.148880977
14430,0.8709742191120653,,0.0,0.8709742191120653,22.245424668
14435,0.87100764343265,,0.0,0.87100764343265,22.407406354
14440,0.871039828927536,,0.0,0.871039828927536,22.446468749
14445,0.8710433896692467,,0.0,0.8710433896692467,22.370321739
14450,0.8710450476817819,,0.0,0.8710450476817819,22.374054065
14455,0.8710337425514859,,0.0,0.8710337425514859,22.381971921
14460,0.8710020439070236,,0.0,0.8710020439070236,22.453945331
14465,0.8709572863357382,,0.0,0.8709572863357382,22.319773471
14470,0.8709526233323645,,0.0,0.8709526233323645,22.286238558
14475,0.8709797953555972,,0.0,0.8709797953555972,22.257758118
14480,0.8710059433304533,,0.0,0.8710059433304533,22.209569256
14485,0.8710202375179046,,0.0,0.8710202375179046,22.123438757
14490,0.8710212900504688,,0.0,0.8710212900504688,22.066067
14495,0.8710148793984959,,0.0,0.8710148793984959,22.059871914
14500,0.8710290916256986,,0.0,0.8710290916256986,21.871136075
14505,0.8710483511927264,,0.0,0.8710483511927264,21.786030083
14510,0.871043521358594,,0.0,0.871043521358594,21.775652287
14515,0.8710187058107323,,0.0,0.8710187058107323,21.682386843
14520,0.8710097402762889,,0.0,0.8710097402762889,21.668042801
14525,0.8710384266906362,,0.0,0.8710384266906362,21.430904235
14530,0.8710765772036544,,0.0,0.8710765772036544,21.268258094
14535,0.8710894355043036,,0.0,0.8710894355043036,21.219929235
14540,0.8710816677972456,,0.0,0.8710816677972456,21.140790819
14545,0.8710519483127099,,0.0,0.8710519483127099,21.082469409
14550,0.871031139176778,,0.0,0.871031139176778,21.137093216
14555,0.8710350338710322,,0.0,0.8710350338710322,21.232685504
14560,0.8710225640175789,,0.0,0.8710225640175789,21.394590814
14565,0.8710102489900544,,0.0,0.8710102489900544,21.458885138
14570,0.8710123831214228,,0.0,0.8710123831214228,21.463060398
14575,0.8710363660070004,,0.0,0.8710363660070004,21.561300614
14580,0.8710608199184532,,0.0,0.8710608199184532,21.633976916
14585,0.8710662323870013,,0.0,0.8710662323870013,21.743037931
14590,0.8710640583122896,,0.0,0.8710640583122896,21.933317414
14595,0.8710515768905456,,0.0,0.8710515768905456,21.957339539
14600,0.8710343961599116,,0.0,0.8710343961599116,21.947482674
14605,0.8710178185446609,,0.0,0.8710178185446609,22.112720743
14610,0.870985694674569,,0.0,0.870985694674569,22.021763322
14615,0.8709563609088589,,0.0,0.8709563609088589,22.198878893
14620,0.870957197318105,,0.0,0.870957197318105,22.213229329
14625,0.8710001205877457,,0.0,0.8710001205877457,22.232302334
14630,0.8710560777923362,,0.0,0.8710560777923362,22.38101458
14635,0.871091615545052,,0.0,0.871091615545052,22.403970348
14640,0.8710947040240266,,0.0,0.8710947040240266,22.377969565
14645,0.8710680099385406,,0.0,0.8710680099385406,22.687568794
14650,0.8710285596298386,,0.0,0.8710285596298386,22.875431047
14655,0.8709982108011851,,0.0,0.8709982108011851,22.733711873
14660,0.8709970542995175,,0.0,0.8709970542995175,22.937847074
14665,0.8710319401535864,,0.0,0.8710319401535864,22.969017068
14670,0.8710504689174937,,0.0,0.8710504689174937,22.826390792
14675,0.8710542676458646,,0.0,0.8710542676458646,22.860899621
14680,0.8710461704607907,,0.0,0.8710461704607907,22.938633542
14685,0.8710221425389114,,0.0,0.8710221425389114,22.673827362
14690,0.8710175551659665,,0.0,0.8710175551659665,22.668852839
14695,0.8709971633615791,,0.0,0.8709971633615791,22.888774003
14700,0.8709809370876862,,0.0,0.8709809370876862,22.626377471
14705,0.8709767176445914,,0.0,0.8709767176445914,22.501418032
14710,0.8709899292874034,,0.0,0.8709899292874034,22.783020283
14715,0.8710182385318194,,0.0,0.8710182385318194,22.560419546
14720,0.8710287444678423,,0.0,0.8710287444678423,22.321000393
14725,0.8710313660680647,,0.0,0.8710313660680647,22.562340049
14730,0.8710258741493692,,0.0,0.8710258741493692,22.40311747
14735,0.8710069354387067,,0.0,0.8710069354387067,22.214710955
14740,0.8709954772286391,,0.0,0.8709954772286391,22.399260456
14745,0.87098684415523,,0.0,0.87098684415523,22.195314897
14750,0.8709761618937193,,0.0,0.8709761618937193,22.049296224
14755,0.8709695649122337,,0.0,0.8709695649122337,22.155826499
14760,0.8709715992943782,,0.0,0.8709715992943782,22.013126193
14765,0.870975979893221,,0.0,0.870975979893221,22.052334996
14770,0.8709884717555292,,0.0,0.8709884717555292,22.0874676
14775,0.8709827652050245,,0.0,0.8709827652050245,21.871214051
14780,0.8709884542939582,,0.0,0.8709884542939582,21.737417654
14785,0.8709930815011118,,0.0,0.8709930815011118,21.830914786
14790,0.8709786664286603,,0.0,0.8709786664286603,21.662217799
14795,0.870950347653137,,0.0,0.870950347653137,21.448842654
14800,0.8709308390404542,,0.0,0.8709308390404542,21.482043172
14805,0.8709263817198343,,0.0,0.8709263817198343,21.435299341
14810,0.8709444845305465,,0.0,0.8709444845305465,21.372917896
14815,0.8709647232915407,,0.0,0.8709647232915407,21.174499877
14820,0.8709685164540358,,0.0,0.8709685164540358,21.223706705
14825,0.8709736119223156,,0.0,0.8709736119223156,21.254177015
14830,0.8709685667651871,,0.0,0.8709685667651871,21.122776079
14835,0.8709700944707494,,0.0,0.8709700944707494,21.148283213
14840,0.8709760741857038,,0.0,0.8709760741857038,21.193959922
14845,0.8709755420079524,,0.0,0.8709755420079524,21.266020226
14850,0.8709828547319536,,0.0,0.8709828547319536,21.392806912
14855,0.8709969633902139,,0.0,0.8709969633902139,21.357187397
14860,0.8710065654716731,,0.0,0.8710065654716731,21.335978799
14865,0.8710091366516098,,0.0,0.8710091366516098,21.471604232
14870,0.8710072876895212,,0.0,0.8710072876895212,21.495884589
14875,0.8709947035355352,,0.0,0.8709947035355352,21.652151807
14880,0.8709838825272924,,0.0,0.8709838825272924,21.622521519
14885,0.8709679316005455,,0.0,0.8709679316005455,21.372666627
14890,0.8709420908765807,,0.0,0.8709420908765807,21.474257492
14895,0.8709342360799379,,0.0,0.8709342360799379,21.609699629
14900,0.8709578993096334,,0.0,0.8709578993096334,21.591250023
14905,0.8709966037909882,,0.0,0.8709966037909882,21.673642074
14910,0.8710146979436716,,0.0,0.8710146979436716,21.854868133
14915,0.8709890160108671,,0.0,0.8709890160108671,21.788280316
14920,0.8709655210670612,,0.0,0.8709655210670612,21.638887784
14925,0.8709603052958336,,0.0,0.8709603052958336,21.739278435
14930,0.8709606730437923,,0.0,0.8709606730437923,21.732724244
14935,0.8709840559788966,,0.0,0.8709840559788966,21.610768575
14940,0.8709874817208374,,0.0,0.8709874817208374,21.720541901
14945,0.8709828555686538,,0.0,0.8709828555686538,21.815653305
14950,0.8709810537891849,,0.0,0.8709810537891849,21.643705299
14955,0.8709769459546309,,0.0,0.8709769459546309,21.772121775
14960,0.8709762276292581,,0.0,0.8709762276292581,21.942349322
14965,0.8709732415914995,,0.0,0.8709732415914995,22.111036581
14970,0.8709765527418812,,0.0,0.8709765527418812,21.972365048
14975,0.8709685603262327,,0.0,0.8709685603262327,22.180528887
14980,0.8709609598137161,,0.0,0.8709609598137161,22.437135022
14985,0.8709615168742061,,0.0,0.8709615168742061,22.313940282
14990,0.8709711540243202,,0.0,0.8709711540243202,22.442045632
14995,0.8709629114352903,,0.0,0.8709629114352903,22.825192107
15000,0.8709434981700603,,0.0,0.8709434981700603,22.777556242
15005,0.8709436035942947,,0.0,0.8709436035942947,22.803291034
15010,0.8709604997013229,,0.0,0.8709604997013229,22.905162598
15015,0.870977950977171,,0.0,0.870977950977171,22.874544874
15020,0.8709777296881381,,0.0,0.8709777296881381,23.099141983
15025,0.8709580751258253,,0.0,0.8709580751258253,23.201623072
15030,0.8709181465155937,,0.0,0.8709181465155937,23.205554854
15035,0.8708912847262706,,0.0,0.8708912847262706,23.17208762
15040,0.870911190007639,,0.0,0.870911190007639,23.178707586
15045,0.8709535214755393,,0.0,0.8709535214755393,23.302437831
15050,0.870985188434526,,0.0,0.870985188434526,23.399364533
15055,0.8709898514378999,,0.0,0.8709898514378999,23.501404569
15060,0.8709648371191561,,0.0,0.8709648371191561,23.640955208
15065,0.8709445002823387,,0.0,0.8709445002823387,23.629308355
15070,0.8709485240103262,,0.0,0.8709485240103262,23.539577568
15075,0.8709581345315447,,0.0,0.8709581345315447,23.670655279
15080,0.8709658829944964,,0.0,0.8709658829944964,23.763741022
15085,0.8709591037214861,,0.0,0.8709591037214861,23.537809297
15090,0.870960310825331,,0.0,0.870960310825331,23.400243905
15095,0.8709632338195431,,0.0,0.8709632338195431,23.459949531
15100,0.8709497115790387,,0.0,0.8709497115790387,23.543764344
15105,0.8709370897371621,,0.0,0.8709370897371621,23.240002646
15110,0.8709626982949905,,0.0,0.8709626982949905,23.110137076
15115,0.8709841819932332,,0.0,0.8709841819932332,23.040374884
15120,0.8709974179003532,,0.0,0.8709974179003532,22.906371945
15125,0.8710079440626957,,0.0,0.8710079440626957,22.843178425
15130,0.8709985787674135,,0.0,0.8709985787674135,22.776823641
15135,0.8709737000668705,,0.0,0.8709737000668705,22.776375791
15140,0.8709624666017717,,0.0,0.8709624666017717,22.642293714
15145,0.8709704343529513,,0.0,0.8709704343529513,22.516417488
15150,0.8709811408423916,,0.0,0.8709811408423916,22.519505761
15155,0.870976105580153,,0.0,0.870976105580153,22.440997173
15160,0.8709610219478059,,0.0,0.8709610219478059,22.315970754
15165,0.8709443994417666,,0.0,0.8709443994417666,22.092228436
15170,0.8709393609782403,,0.0,0.8709393609782403,22.265998544
15175,0.8709573297350176,,0.0,0.8709573297350176,22.21093923
15180,0.8709642473182206,,0.0,0.8709642473182206,21.979345959
15185,0.8709669538617101,,0.0,0.8709669538617101,21.979154949
15190,0.870962730380627,,0.0,0.870962730380627,22.093410166
15195,0.8709632165034853,,0.0,0.8709632165034853,22.049389693
15200,0.8709516626913171,,0.0,0.8709516626913171,21.856094583
15205,0.870941764490718,,0.0,0.870941764490718,21.897187847
15210,0.8709449225613283,,0.0,0.8709449225613283,22.011050045
15215,0.8709298132459206,,0.0,0.8709298132459206,21.967250376
15220,0.8709389450290701,,0.0,0.8709389450290701,21.914208836
15225,0.8709520010820098,,0.0,0.8709520010820098,21.902038809
15230,0.8709672579840699,,0.0,0.8709672579840699,22.06125441
15235,0.8709893993287265,,0.0,0.8709893993287265,22.012660193
15240,0.8709781856170299,,0.0,0.8709781856170299,22.063456412
15245,0.8709598011657305,,0.0,0.8709598011657305,22.191841031
15250,0.8709576251265919,,0.0,0.8709576251265919,22.175822605
15255,0.870987196187775,,0.0,0.870987196187775,22.196666577
15260,0.8710139434582956,,0.0,0.8710139434582956,22.273498286
15265,0.8710203241709501,,0.0,0.8710203241709501,22.247712138
15270,0.8709950455640552,,0.0,0.8709950455640552,22.176158126
15275,0.8709621919821909,,0.0,0.8709621919821909,22.379833033
15280,0.8709525125241457,,0.0,0.8709525125241457,22.308099534
15285,0.870967825194098,,0.0,0.870967825194098,22.274575205
15290,0.870990693194752,,0.0,0.870990693194752,22.253676854
15295,0.870998955537184,,0.0,0.870998955537184,22.22316325
15300,0.870994628014241,,0.0,0.870994628014241,22.178930169
15305,0.8709661966843418,,0.0,0.8709661966843418,22.076393642
15310,0.8709413660031188,,0.0,0.8709413660031188,22.082782644
15315,0.8709204615924906,,0.0,0.8709204615924906,22.067135835
15320,0.8709345516250753,,0.0,0.8709345516250753,21.984758905
15325,0.870969171590349,,0.0,0.870969171590349,21.818584006
15330,0.8709864976521824,,0.0,0.8709864976521824,21.842516814
15335,0.8709609930270791,,0.0,0.8709609930270791,21.768162965
15340,0.8709217508384752,,0.0,0.8709217508384752,21.574253531
15345,0.8709125934086435,,0.0,0.8709125934086435,21.510954038
15350,0.8709557532825698,,0.0,0.8709557532825698,21.44705795
15355,0.8709820954082674,,0.0,0.8709820954082674,21.359151814
15360,0.8709698818397453,,0.0,0.8709698818397453,21.361149686
15365,0.8709431384616998,,0.0,0.8709431384616998,21.365372717
15370,0.8709297134603184,,0.0,0.8709297134603184,21.386454607
15375,0.8709367720457065,,0.0,0.8709367720457065,21.41781896
15380,0.8709677541837095,,0.0,0.8709677541837095,21.371619635
15385,0.8710135844411224,,0.0,0.8710135844411224,21.501125625
15390,0.8710122820989594,,0.0,0.8710122820989594,21.543128779
15395,0.8710004242371879,,0.0,0.8710004242371879,21.479961473
15400,0.8710164365340808,,0.0,0.8710164365340808,21.573263078
15405,0.8710381575641748,,0.0,0.8710381575641748,21.575409025
15410,0.8710426987367133,,0.0,0.8710426987367133,21.554602591
15415,0.8710166935465775,,0.0,0.8710166935465775,21.6177647
15420,0.8709808583287257,,0.0,0.8709808583287257,21.870203756
15425,0.870967251727007,,0.0,0.870967251727007,21.74825152
15430,0.8709714329001588,,0.0,0.8709714329001588,21.682036658
15435,0.8709823638435417,,0.0,0.8709823638435417,21.891151894
15440,0.8709863682546664,,0.0,0.8709863682546664,21.844997057
15445,0.8710022162309015,,0.0,0.8710022162309015,21.773101724
15450,0.871009748170374,,0.0,0.871009748170374,21.634017779
15455,0.8710082462933852,,0.0,0.8710082462933852,21.715272321
15460,0.8709932174830951,,0.0,0.8709932174830951,21.787666344
15465,0.8709640166072151,,0.0,0.8709640166072151,21.803210243
15470,0.8709479149652845,,0.0,0.8709479149652845,21.702436857
15475,0.8709611330470508,,0.0,0.8709611330470508,21.876616088
15480,0.8709819012574259,,0.0,0.8709819012574259,21.848196459
15485,0.8709926208430444,,0.0,0.8709926208430444,21.925976002
15490,0.870975376414055,,0.0,0.870975376414055,21.928995319
15495,0.8709295087961563,,0.0,0.8709295087961563,21.909671588
15500,0.8709089524528413,,0.0,0.8709089524528413,21.929292732
15505,0.8709278391425738,,0.0,0.8709278391425738,22.004371295
15510,0.870972035615381,,0.0,0.870972035615381,21.865801212
15515,0.870987153225035,,0.0,0.870987153225035,21.780000315
15520,0.8710002631178181,,0.0,0.8710002631178181,21.811413967
15525,0.871020851073852,,0.0,0.871020851073852,21.614862421
15530,0.8710404037042447,,0.0,0.8710404037042447,21.607038607
15535,0.8710603126961969,,0.0,0.8710603126961969,21.488929084
15540,0.8710596547223783,,0.0,0.8710596547223783,21.449869905
15545,0.8710337731456133,,0.0,0.8710337731456133,21.290719005
15550,0.8710221298428942,,0.0,0.8710221298428942,21.203299863
15555,0.8710014692030715,,0.0,0.8710014692030715,21.105068612
15560,0.870998404479109,,0.0,0.870998404479109,21.087247781
15565,0.8709897748616358,,0.0,0.8709897748616358,21.061434408
15570,0.8709782706330532,,0.0,0.8709782706330532,21.048477517
15575,0.8709718216383809,,0.0,0.8709718216383809,21.133660313
15580,0.8709686094005227,,0.0,0.8709686094005227,21.158221218
15585,0.8709674680322165,,0.0,0.8709674680322165,21.17126755
15590,0.8709970928604865,,0.0,0.8709970928604865,21.377487026
15595,0.8710175836137758,,0.0,0.8710175836137758,21.530464921
15600,0.8709924642345804,,0.0,0.8709924642345804,21.666798423
15605,0.8709751058324626,,0.0,0.8709751058324626,21.724573285
15610,0.8709857564812543,,0.0,0.8709857564812543,21.905247737
15615,0.8710193736430626,,0.0,0.8710193736430626,21.983116222
15620,0.8710354971483352,,0.0,0.8710354971483352,22.058209487
15625,0.8710223641553487,,0.0,0.8710223641553487,22.259197853
15630,0.8710176358529754,,0.0,0.8710176358529754,22.290076377
15635,0.8710086185158717,,0.0,0.8710086185158717,22.388739818
15640,0.8709961901700276,,0.0,0.8709961901700276,22.646410229
15645,0.8709906870832022,,0.0,0.8709906870832022,22.596943029
15650,0.8709774788235695,,0.0,0.8709774788235695,22.645271022
15655,0.8709488814632338,,0.0,0.8709488814632338,22.828128814
15660,0.8709108927243944,,0.0,0.8709108927243944,22.897457532
15665,0.8708935210805853,,0.0,0.8708935210805853,23.039785082
15670,0.8708992136982114,,0.0,0.8708992136982114,23.032340091
15675,0.8709231810138884,,0.0,0.8709231810138884,23.08899417
15680,0.8709433822325053,,0.0,0.8709433822325053,23.167983331
15685,0.8709508721550728,,0.0,0.8709508721550728,23.285516637
15690,0.8709322417502715,,0.0,0.8709322417502715,23.362349173
15695,0.87091069231649,,0.0,0.87091069231649,23.328748608
15700,0.8709086832172449,,0.0,0.8709086832172449,23.276823033
15705,0.8709289638132528,,0.0,0.8709289638132528,23.221079399
15710,0.8709255759774721,,0.0,0.8709255759774721,23.225352462
15715,0.8709359524432225,,0.0,0.8709359524432225,23.212282345
15720,0.8709734000188771,,0.0,0.8709734000188771,23.011466607
15725,0.87099553470631,,0.0,0.87099553470631,22.846214629
15730,0.8709916374291984,,0.0,0.8709916374291984,23.041005522
15735,0.87098313491741,,0.0,0.87098313491741,22.858327974
15740,0.8709810990437562,,0.0,0.8709810990437562,22.734521125
15745,0.8709762449816941,,0.0,0.8709762449816941,22.604178739
15750,0.8710052864479831,,0.0,0.8710052864479831,22.487591725
15755,0.8710522636031994,,0.0,0.8710522636031994,22.457883148
15760,0.8710706010901489,,0.0,0.8710706010901489,22.419845412
15765,0.8710630489243567,,0.0,0.8710630489243567,22.314276037
15770,0.8710244835535166,,0.0,0.8710244835535166,22.230072235
15775,0.8709825313654875,,0.0,0.8709825313654875,22.20582844
15780,0.8709775228049013,,0.0,0.8709775228049013,22.275392616
15785,0.8709934169087862,,0.0,0.8709934169087862,22.183573862
15790,0.8710034393048082,,0.0,0.8710034393048082,22.199033204
15795,0.8709937299438227,,0.0,0.8709937299438227,22.197217772
15800,0.870981689426744,,0.0,0.870981689426744,22.088256554
15805,0.870970369890652,,0.0,0.870970369890652,22.088793051
15810,0.8709821961033263,,0.0,0.8709821961033263,22.004039907
15815,0.871012183986758,,0.0,0.871012183986758,21.940409963
15820,0.8710036157030525,,0.0,0.8710036157030525,21.92828948
15825,0.8709693389667817,,0.0,0.8709693389667817,21.733341803
15830,0.8709186938267066,,0.0,0.8709186938267066,21.630942199
15835,0.8709115791096438,,0.0,0.8709115791096438,21.437686318
15840,0.8709408659473822,,0.0,0.8709408659473822,21.361598063
15845,0.8709776260100609,,0.0,0.8709776260100609,21.167326303
15850,0.8709828656818137,,0.0,0.8709828656818137,21.025879866
15855,0.8709584444744282,,0.0,0.8709584444744282,21.005613173
15860,0.8709243446093193,,0.0,0.8709243446093193,20.911591865
15865,0.8709416034077264,,0.0,0.8709416034077264,20.785762577
15870,0.8709906157454094,,0.0,0.8709906157454094,20.860815214
15875,0.8710231469793991,,0.0,0.8710231469793991,20.909444931
15880,0.8710197582341617,,0.0,0.8710197582341617,20.980996229
15885,0.8709778730549109,,0.0,0.8709778730549109,20.992168488
15890,0.8709528376731471,,0.0,0.8709528376731471,21.025286089
15895,0.870959662237107,,0.0,0.870959662237107,21.129963837
15900,0.8709927542057921,,0.0,0.8709927542057921,21.347477349
15905,0.8710087918219629,,0.0,0.8710087918219629,21.483406184
15910,0.8710065090853505,,0.0,0.8710065090853505,21.534595613
15915,0.8709985276923187,,0.0,0.8709985276923187,21.732163179
15920,0.8710068917847794,,0.0,0.8710068917847794,21.944285681
15925,0.8710152431812229,,0.0,0.8710152431812229,22.100729379
15930,0.8710044883450582,,0.0,0.8710044883450582,22.123429163
15935,0.8709560421988116,,0.0,0.8709560421988116,22.185167275
15940,0.8709183460504195,,0.0,0.8709183460504195,22.375947004
15945,0.8709230879946451,,0.0,0.8709230879946451,22.236500674
15950,0.8709598017841611,,0.0,0.8709598017841611,22.358541288
15955,0.8709779347888397,,0.0,0.8709779347888397,22.319889666
15960,0.8709599044072684,,0.0,0.8709599044072684,22.358803274
15965,0.8709260393275317,,0.0,0.8709260393275317,22.309729863
15970,0.8709211877028138,,0.0,0.8709211877028138,22.292499083
15975,0.8709293570623807,,0.0,0.8709293570623807,22.223874783
15980,0.8709311083124288,,0.0,0.8709311083124288,22.301332176
15985,0.8709276912648952,,0.0,0.8709276912648952,22.294069339
15990,0.8709365512295912,,0.0,0.8709365512295912,22.186913864
15995,0.8709319545801868,,0.0,0.8709319545801868,22.101500654
16000,0.8709173051589026,,0.0,0.8709173051589026,21.975342368
16005,0.8709182029019165,,0.0,0.8709182029019165,21.961843362
16010,0.8709279364544532,,0.0,0.8709279364544532,21.773733523
16015,0.8709180132983592,,0.0,0.8709180132983592,21.576325453
16020,0.8708966647453995,,0.0,0.8708966647453995,21.585420003
16025,0.8708950882201952,,0.0,0.8708950882201952,21.560941692
16030,0.8709307509322778,,0.0,0.8709307509322778,21.343212632
16035,0.8709580613020818,,0.0,0.8709580613020818,21.40491607
16040,0.8709604606674364,,0.0,0.8709604606674364,21.344590708
16045,0.8709478821884609,,0.0,0.8709478821884609,21.276053462
16050,0.8709513744298841,,0.0,0.8709513744298841,21.486694729
16055,0.8709867051174717,,0.0,0.8709867051174717,21.371117512
16060,0.8710046689631822,,0.0,0.8710046689631822,21.371412771
16065,0.8709870540942417,,0.0,0.8709870540942417,21.537321307
16070,0.8709454787851179,,0.0,0.8709454787851179,21.534475672
16075,0.8709200827491587,,0.0,0.8709200827491587,21.620232517
16080,0.8709408422651267,,0.0,0.8709408422651267,21.567744024
16085,0.8709811911171644,,0.0,0.8709811911171644,21.494304362
16090,0.87101916224892,,0.0,0.87101916224892,21.623791381
16095,0.8710263495770151,,0.0,0.8710263495770151,21.596294388
16100,0.871011627471942,,0.0,0.871011627471942,21.596443362
16105,0.8709826680750363,,0.0,0.8709826680750363,21.557765754
16110,0.8709364402758595,,0.0,0.8709364402758595,21.610859531
16115,0.8709063528614737,,0.0,0.8709063528614737,21.719929454
16120,0.8709102420626087,,0.0,0.8709102420626087,21.787266409
16125,0.8709307646468866,,0.0,0.8709307646468866,21.681293798
16130,0.8709455943588903,,0.0,0.8709455943588903,21.642493466
16135,0.8709444359655525,,0.0,0.8709444359655525,21.683413846
16140,0.8709364772361845,,0.0,0.8709364772361845,21.724298767
16145,0.8709488527607766,,0.0,0.8709488527607766,21.593672899
16150,0.8709822132738709,,0.0,0.8709822132738709,21.73520377
16155,0.8710009597253622,,0.0,0.8710009597253622,21.810825308
16160,0.8710007987515055,,0.0,0.8710007987515055,21.781799903
16165,0.8709753739767108,,0.0,0.8709753739767108,21.821568145
16170,0.8709600242372987,,0.0,0.8709600242372987,21.926364866
16175,0.8709532254655342,,0.0,0.8709532254655342,21.953801328
16180,0.8709440567220595,,0.0,0.8709440567220595,21.987393311
16185,0.8709614553221686,,0.0,0.8709614553221686,22.149161166
16190,0.8709792410962343,,0.0,0.8709792410962343,22.195168353
16195,0.870977241964636,,0.0,0.870977241964636,22.111276057
16200,0.8709746431735903,,0.0,0.8709746431735903,21.992788144
16205,0.8709835127421502,,0.0,0.8709835127421502,22.0574694
16210,0.8709983596246987,,0.0,0.8709983596246987,22.085928459
16215,0.8710156752095896,,0.0,0.8710156752095896,21.931972275
16220,0.8710261864568403,,0.0,0.8710261864568403,21.849409292
16225,0.8710407993543388,,0.0,0.8710407993543388,21.901858408
16230,0.8710307577142103,,0.0,0.8710307577142103,21.903695199
16235,0.8710250440335642,,0.0,0.8710250440335642,21.780385103
16240,0.8710158412764045,,0.0,0.8710158412764045,21.635718589
16245,0.8709935220783726,,0.0,0.8709935220783726,21.525717603
16250,0.8709769532302855,,0.0,0.8709769532302855,21.486860021
16255,0.8709424579333522,,0.0,0.8709424579333522,21.354129102
16260,0.8709151675352201,,0.0,0.8709151675352201,21.306810465
16265,0.8708954844159632,,0.0,0.8708954844159632,21.229104633
16270,0.8708848917905165,,0.0,0.8708848917905165,21.143607069
16275,0.8708869169689581,,0.0,0.8708869169689581,21.225343344
16280,0.8708877929577649,,0.0,0.8708877929577649,21.307761837
16285,0.8708816466303214,,0.0,0.8708816466303214,21.208623945
16290,0.8708642298410759,,0.0,0.8708642298410759,21.101305706
16295,0.8708491872070421,,0.0,0.8708491872070421,21.156549607
16300,0.8708451529293554,,0.0,0.8708451529293554,21.241478509
16305,0.8708602337605756,,0.0,0.8708602337605756,21.087758944
16310,0.8708831947077165,,0.0,0.8708831947077165,21.092367237
16315,0.8708928713282564,,0.0,0.8708928713282564,21.032275236
16320,0.8709208428004103,,0.0,0.8709208428004103,20.915065613
16325,0.8709354026220087,,0.0,0.8709354026220087,20.842716022
16330,0.8709141573105871,,0.0,0.8709141573105871,20.802377583
16335,0.8708934298438773,,0.0,0.8708934298438773,20.791481042
16340,0.8708766977301025,,0.0,0.8708766977301025,20.639268091
16345,0.8708957072692618,,0.0,0.8708957072692618,20.632394846
16350,0.8709310016513333,,0.0,0.8709310016513333,20.49280318
16355,0.8709516837179587,,0.0,0.8709516837179587,20.468335884
16360,0.8709483279314363,,0.0,0.8709483279314363,20.337365566
16365,0.8709383485709108,,0.0,0.8709383485709108,20.324667376
16370,0.8709325279017646,,0.0,0.8709325279017646,20.197164942
16375,0.870948910966013,,0.0,0.870948910966013,20.002247709
16380,0.8709955981863958,,0.0,0.8709955981863958,20.047416269
16385,0.8710152098587252,,0.0,0.8710152098587252,20.18066521
16390,0.8710107898985913,,0.0,0.8710107898985913,20.058538749
16395,0.8709877995214278,,0.0,0.8709877995214278,20.055754099
16400,0.8709288024028567,,0.0,0.8709288024028567,20.132043021
16405,0.8709051863194027,,0.0,0.8709051863194027,20.216064383
16410,0.8709570052408251,,0.0,0.8709570052408251,20.276358806
16415,0.8710396518381044,,0.0,0.8710396518381044,20.243477948
16420,0.8710602798102383,,0.0,0.8710602798102383,20.37131645
16425,0.8710216769697773,,0.0,0.8710216769697773,20.481483941
16430,0.8709806778197365,,0.0,0.8709806778197365,20.590143067
16435,0.8709370562691512,,0.0,0.8709370562691512,20.659765535
16440,0.8708969351451005,,0.0,0.8708969351451005,20.732854311
16445,0.8708919794421445,,0.0,0.8708919794421445,20.783063383
16450,0.8709196821152413,,0.0,0.8709196821152413,20.730102309
16455,0.8709176547904816,,0.0,0.8709176547904816,20.9127513
16460,0.8708759287661739,,0.0,0.8708759287661739,21.034203585
16465,0.8708446036538158,,0.0,0.8708446036538158,21.16480425
16470,0.8708211026712167,,0.0,0.8708211026712167,21.156060376
16475,0.8708304358808623,,0.0,0.8708304358808623,21.267451541
16480,0.8708637057393009,,0.0,0.8708637057393009,21.546888223
16485,0.8709086258123306,,0.0,0.8709086258123306,21.652673514
16490,0.8709412300938919,,0.0,0.8709412300938919,21.686990526
16495,0.8709392911319567,,0.0,0.8709392911319567,21.594951155
16500,0.8709086277767574,,0.0,0.8709086277767574,21.879115967
16505,0.870891952958762,,0.0,0.870891952958762,22.003863269
16510,0.8708933027745708,,0.0,0.8708933027745708,21.97437563
16515,0.8708894607560553,,0.0,0.8708894607560553,22.169647007
16520,0.870886533978503,,0.0,0.870886533978503,22.321487607
16525,0.8708850798298081,,0.0,0.8708850798298081,22.266115429
16530,0.8709109483467733,,0.0,0.8709109483467733,22.228068747
16535,0.8709457870909791,,0.0,0.8709457870909791,22.152184214
16540,0.8709826303507675,,0.0,0.8709826303507675,22.142532191
16545,0.8709916234235634,,0.0,0.8709916234235634,22.135662395
16550,0.8709603881291605,,0.0,0.8709603881291605,22.23827121
16555,0.8709384669458102,,0.0,0.8709384669458102,22.026666768
16560,0.8709443586617229,,0.0,0.8709443586617229,22.04527505
16565,0.8709787340558693,,0.0,0.8709787340558693,22.083949061
16570,0.8710122647829016,,0.0,0.8710122647829016,21.93700129
16575,0.871022748782826,,0.0,0.871022748782826,22.117405708
16580,0.870995955311899,,0.0,0.870995955311899,21.979714329
16585,0.8709594928962475,,0.0,0.8709594928962475,21.756997224
16590,0.8709361902116128,,0.0,0.8709361902116128,21.852068353
16595,0.8709430261619721,,0.0,0.8709430261619721,21.807736094
16600,0.87095780334375,,0.0,0.87095780334375,21.549955723
16605,0.8709677054368241,,0.0,0.8709677054368241,21.561767012
16610,0.8709521882482228,,0.0,0.8709521882482228,21.498997782
16615,0.87093076162749,,0.0,0.87093076162749,21.361117506
16620,0.8709241863274547,,0.0,0.8709241863274547,21.377766009
16625,0.8709115914054999,,0.0,0.8709115914054999,21.283740616
16630,0.8708874477279568,,0.0,0.8708874477279568,21.245185546
16635,0.8708484007815426,,0.0,0.8708484007815426,21.32763752
16640,0.8708305413414749,,0.0,0.8708305413414749,21.354730491
16645,0.8708573970192482,,0.0,0.8708573970192482,21.213226315
16650,0.8709013378983114,,0.0,0.8709013378983114,21.285588802
16655,0.8709469065231868,,0.0,0.8709469065231868,21.206356155
16660,0.8709572076131561,,0.0,0.8709572076131561,21.18922691
16665,0.8709247644509646,,0.0,0.8709247644509646,21.170165403
16670,0.8709050014450209,,0.0,0.8709050014450209,21.181443518
16675,0.8709253120167254,,0.0,0.8709253120167254,21.261158363
16680,0.8709558993413347,,0.0,0.8709558993413347,21.141054395
16685,0.870992156292502,,0.0,0.870992156292502,21.208550565
16690,0.8710205788552373,,0.0,0.8710205788552373,21.25985988
16695,0.8710179709696235,,0.0,0.8710179709696235,21.232614293
16700,0.8709984736705837,,0.0,0.8709984736705837,21.2266331
16705,0.8709933203244721,,0.0,0.8709933203244721,21.237046771
16710,0.870978532592995,,0.0,0.870978532592995,21.351887955
16715,0.8709754475335781,,0.0,0.8709754475335781,21.270790259
16720,0.8710229858964076,,0.0,0.8710229858964076,21.207774208
16725,0.8710691532348952,,0.0,0.8710691532348952,21.291038566
16730,0.871066021720424,,0.0,0.871066021720424,21.442923488
16735,0.8710379055718797,,0.0,0.8710379055718797,21.518352117
16740,0.8710232091862454,,0.0,0.8710232091862454,21.713150284
16745,0.8710178360062317,,0.0,0.8710178360062317,21.923151656
16750,0.8710083254161285,,0.0,0.8710083254161285,22.175914502
16755,0.8709903183894083,,0.0,0.8709903183894083,22.321335313
16760,0.8709694897911004,,0.0,0.8709694897911004,22.500544962
16765,0.8709595662348453,,0.0,0.8709595662348453,22.682282675
16770,0.870963305994036,,0.0,0.870963305994036,22.85563223
16775,0.8709587674771115,,0.0,0.8709587674771115,22.854048288
16780,0.8709595319301342,,0.0,0.8709595319301342,22.920459816
16785,0.8709362656965287,,0.0,0.8709362656965287,23.063875166
16790,0.8709019707347434,,0.0,0.8709019707347434,23.108391753
16795,0.8708843094107487,,0.0,0.8708843094107487,23.031793877
16800,0.8708744704339776,,0.0,0.8708744704339776,23.138500744
16805,0.8708780687544442,,0.0,0.8708780687544442,23.028946448
16810,0.8708594171411099,,0.0,0.8708594171411099,22.984464879
16815,0.8708342796455347,,0.0,0.8708342796455347,22.937550273
16820,0.870833459970294,,0.0,0.870833459970294,22.912764907
16825,0.8708418479269017,,0.0,0.8708418479269017,22.89583846
16830,0.8708570837659418,,0.0,0.8708570837659418,22.936438831
16835,0.8708605538166189,,0.0,0.8708605538166189,22.810307831
16840,0.8708480408185342,,0.0,0.8708480408185342,22.81319416
16845,0.8708636348016693,,0.0,0.8708636348016693,22.896095873
16850,0.8708766301028934,,0.0,0.8708766301028934,22.840659069
16855,0.8708932974997212,,0.0,0.8708932974997212,22.763081576
16860,0.870929214641443,,0.0,0.870929214641443,22.694383327
16865,0.8709480254460987,,0.0,0.8709480254460987,22.537917628
16870,0.8709474248044381,,0.0,0.8709474248044381,22.554708405
16875,0.8709510313463942,,0.0,0.8709510313463942,22.439893224
16880,0.8709599580652206,,0.0,0.8709599580652206,22.311685532
16885,0.8709772254125219,,0.0,0.8709772254125219,22.356606254
16890,0.8709744025676946,,0.0,0.8709744025676946,22.297356938
16895,0.8709558346971441,,0.0,0.8709558346971441,22.06237581
16900,0.8709397928610938,,0.0,0.8709397928610938,22.075379398
16905,0.8709471688832896,,0.0,0.8709471688832896,21.988970985
16910,0.8709827171857045,,0.0,0.8709827171857045,21.9790032
16915,0.8710388016414929,,0.0,0.8710388016414929,22.050812054
16920,0.8710571216668715,,0.0,0.8710571216668715,22.041352549
16925,0.8710397191015307,,0.0,0.8710397191015307,21.883306626
16930,0.8709997846707754,,0.0,0.8709997846707754,21.882917763
16935,0.8709712364938644,,0.0,0.8709712364938644,21.820070615
16940,0.8709692134253626,,0.0,0.8709692134253626,21.655487682
16945,0.8709950227548782,,0.0,0.8709950227548782,21.655074989
16950,0.8710346926792125,,0.0,0.8710346926792125,21.661499914
16955,0.8710690980126773,,0.0,0.8710690980126773,21.646787489
16960,0.8710674690300036,,0.0,0.8710674690300036,21.642524908
16965,0.8710373928928825,,0.0,0.8710373928928825,21.802929482
16970,0.8709783244365186,,0.0,0.8709783244365186,21.82869291
16975,0.8709211581272781,,0.0,0.8709211581272781,21.951662551
16980,0.8709002791814408,,0.0,0.8709002791814408,22.077199372
16985,0.8709111933908182,,0.0,0.8709111933908182,22.124597038
16990,0.8709347785891187,,0.0,0.8709347785891187,22.420185358
16995,0.8709541599869819,,0.0,0.8709541599869819,22.612114875
17000,0.8709341908253667,,0.0,0.8709341908253667,22.67212005
17005,0.8709051373542477,,0.0,0.8709051373542477,22.671828585
17010,0.8709019052902308,,0.0,0.8709019052902308,23.051492569
17015,0.8709287493997134,,0.0,0.8709287493997134,23.218783361
17020,0.8709458983721153,,0.0,0.8709458983721153,23.123254843
17025,0.8709321230479677,,0.0,0.8709321230479677,23.047259454
17030,0.8709043149506366,,0.0,0.8709043149506366,23.178458533
17035,0.8709143749254143,,0.0,0.8709143749254143,23.255185571
17040,0.870965676838825,,0.0,0.870965676838825,23.070266903
17045,0.8710081723727352,,0.0,0.8710081723727352,23.112376803
17050,0.8710011016733823,,0.0,0.8710011016733823,23.055801206
17055,0.8709733815750929,,0.0,0.8709733815750929,22.961883233
17060,0.8709606312087788,,0.0,0.8709606312087788,23.033727764
17065,0.8709644388498264,,0.0,0.8709644388498264,22.863401559
17070,0.8709662407384301,,0.0,0.8709662407384301,22.631605816
17075,0.8709586535767396,,0.0,0.8709586535767396,22.69735912
17080,0.8709542954232912,,0.0,0.8709542954232912,22.543684682
17085,0.8709589719230041,,0.0,0.8709589719230041,22.220619384
17090,0.8709483796249617,,0.0,0.8709483796249617,22.236615371
17095,0.8709632377483966,,0.0,0.8709632377483966,22.458891595
17100,0.8709880487853523,,0.0,0.8709880487853523,22.255453708
17105,0.8710027521192367,,0.0,0.8710027521192367,22.170226353
17110,0.8709990127238286,,0.0,0.8709990127238286,22.316946017
17115,0.8709866622274882,,0.0,0.8709866622274882,22.33230712
17120,0.8709962479751029,,0.0,0.8709962479751029,22.212624365
17125,0.8709946757061565,,0.0,0.8709946757061565,22.284165572
17130,0.8709624040311426,,0.0,0.8709624040311426,22.254771839
17135,0.8709135445185833,,0.0,0.8709135445185833,22.272253697
17140,0.8708575844401092,,0.0,0.8708575844401092,22.352486577
17145,0.8707935775240906,,0.0,0.8707935775240906,22.437591694
17150,0.8707731974698852,,0.0,0.8707731974698852,22.500745224
17155,0.8708094840329664,,0.0,0.8708094840329664,22.49074884
17160,0.8708683501169991,,0.0,0.8708683501169991,22.671020229
17165,0.8709180596442786,,0.0,0.8709180596442786,22.897352161
17170,0.8709173805346836,,0.0,0.8709173805346836,22.753132985
17175,0.8708990870654443,,0.0,0.8708990870654443,22.823604939
17180,0.8708976214212152,,0.0,0.8708976214212152,23.162831402
17185,0.8709080371391217,,0.0,0.8709080371391217,23.10080262
17190,0.8708879901643812,,0.0,0.8708879901643812,23.345145954
17195,0.8708442866171692,,0.0,0.8708442866171692,23.460306949
17200,0.8708125588700888,,0.0,0.8708125588700888,23.376113344
17205,0.8708039410755541,,0.0,0.8708039410755541,23.676198954
17210,0.8708218670151044,,0.0,0.8708218670151044,23.838363224
17215,0.8708542087182933,,0.0,0.8708542087182933,23.86173966
17220,0.8709095336685042,,0.0,0.8709095336685042,24.027748661
17225,0.8709754233420268,,0.0,0.8709754233420268,24.117981761
17230,0.8710038889402588,,0.0,0.8710038889402588,24.251398087
17235,0.8709735154471364,,0.0,0.8709735154471364,24.106810702
17240,0.8709295132343055,,0.0,0.8709295132343055,24.100965908
17245,0.8709112702217302,,0.0,0.8709112702217302,24.159586162
17250,0.8709138019312409,,0.0,0.8709138019312409,24.008351928
17255,0.8709443863455886,,0.0,0.8709443863455886,23.864748477
17260,0.8709711011303117,,0.0,0.8709711011303117,23.723439881
17265,0.8709665047719335,,0.0,0.8709665047719335,23.550081285
17270,0.8709600872808453,,0.0,0.8709600872808453,23.489411223
17275,0.8709794366658283,,0.0,0.8709794366658283,23.332092477
17280,0.8710038409573171,,0.0,0.8710038409573171,23.047530892
17285,0.8709996886685138,,0.0,0.8709996886685138,22.967459005
17290,0.8709571606851844,,0.0,0.8709571606851844,22.819863027
17295,0.8709046792062812,,0.0,0.8709046792062812,22.431918989
17300,0.8708509105913332,,0.0,0.8708509105913332,22.357350291
17305,0.8708255336175889,,0.0,0.8708255336175889,22.119353179
17310,0.8708398092884991,,0.0,0.8708398092884991,21.94231485
17315,0.8708601598035471,,0.0,0.8708601598035471,21.819562791
17320,0.8708727908855051,,0.0,0.8708727908855051,21.705996984
17325,0.8708801305658064,,0.0,0.8708801305658064,21.531060897
17330,0.8709025628638882,,0.0,0.8709025628638882,21.456415296
17335,0.8709186899706097,,0.0,0.8709186899706097,21.455821887
17340,0.8708921424895628,,0.0,0.8708921424895628,21.413250531
17345,0.8708493646966345,,0.0,0.8708493646966345,21.308075963
17350,0.8708211255895284,,0.0,0.8708211255895284,21.339336475
17355,0.8708247384976823,,0.0,0.8708247384976823,21.581443724
17360,0.8708862903532106,,0.0,0.8708862903532106,21.534340826
17365,0.870978067569535,,0.0,0.870978067569535,21.522150865
17370,0.8710554795152633,,0.0,0.8710554795152633,21.553193258
17375,0.8710690582148469,,0.0,0.8710690582148469,21.724005843
17380,0.8710195855101228,,0.0,0.8710195855101228,21.626658878
17385,0.8709952129768661,,0.0,0.8709952129768661,21.681835726
17390,0.8710109102742957,,0.0,0.8710109102742957,21.849039892
17395,0.871014133862175,,0.0,0.871014133862175,21.810654001
17400,0.8709742826649078,,0.0,0.8709742826649078,21.64440028
17405,0.8709077860562835,,0.0,0.8709077860562835,21.884444601
17410,0.8708969759251441,,0.0,0.8708969759251441,21.90980804
17415,0.8709493376831519,,0.0,0.8709493376831519,21.823993221
17420,0.8710107044824069,,0.0,0.8710107044824069,21.851826648
17425,0.8710388495516781,,0.0,0.8710388495516781,21.801380554
17430,0.871022573366795,,0.0,0.871022573366795,21.808323698
17435,0.8709809923826607,,0.0,0.8709809923826607,21.652319133
17440,0.870930282343747,,0.0,0.870930282343747,21.5883919
17445,0.8708958767192561,,0.0,0.8708958767192561,21.529707979
17450,0.8708929208027073,,0.0,0.8708929208027073,21.438327941
17455,0.8708843951179592,,0.0,0.8708843951179592,21.385026941
17460,0.8708835380822325,,0.0,0.8708835380822325,21.254215917
17465,0.8708991458163546,,0.0,0.8708991458163546,21.081269242
17470,0.8709091329982086,,0.0,0.8709091329982086,21.101536628
17475,0.870897827358617,,0.0,0.870897827358617,20.956434476
17480,0.8708704570010413,,0.0,0.8708704570010413,20.981141891
17485,0.8708771062581049,,0.0,0.8708771062581049,20.744454398
17490,0.8709068313812729,,0.0,0.8709068313812729,20.674332129
17495,0.8709250993493431,,0.0,0.8709250993493431,20.574726598
17500,0.8709145118896111,,0.0,0.8709145118896111,20.545644146
17505,0.8708943313338533,,0.0,0.8708943313338533,20.534017711
17510,0.870897453062569,,0.0,0.870897453062569,20.559843002
17515,0.8709285605964782,,0.0,0.8709285605964782,20.756278621
17520,0.8709607440178024,,0.0,0.8709607440178024,20.676682204
17525,0.8709634837746548,,0.0,0.8709634837746548,20.902097153
17530,0.8709236231917933,,0.0,0.8709236231917933,20.905784994
17535,0.870863939724351,,0.0,0.870863939724351,21.033138091
17540,0.8708389884855321,,0.0,0.8708389884855321,21.252169241
17545,0.8708630258657625,,0.0,0.8708630258657625,21.355459541
17550,0.8709037617462435,,0.0,0.8709037617462435,21.578311395
17555,0.8709287016714197,,0.0,0.8709287016714197,21.786497436
17560,0.8709275668875809,,0.0,0.8709275668875809,21.940449454
17565,0.8709105430564371,,0.0,0.8709105430564371,22.133768535
17570,0.8708916632058198,,0.0,0.8708916632058198,22.320889053
17575,0.8708933772045168,,0.0,0.8708933772045168,22.343920176
17580,0.8709145917399197,,0.0,0.8709145917399197,22.513825226
17585,0.8709406537892957,,0.0,0.8709406537892957,22.615635735
17590,0.8709672113471242,,0.0,0.8709672113471242,22.714795027
17595,0.8709682112039496,,0.0,0.8709682112039496,22.759397916
17600,0.8709618429326643,,0.0,0.8709618429326643,22.870473134
17605,0.8709391433634128,,0.0,0.8709391433634128,23.041920641
17610,0.8709192157821634,,0.0,0.8709192157821634,23.043082031
17615,0.8709089368829406,,0.0,0.8709089368829406,23.033902843
17620,0.870903638132873,,0.0,0.870903638132873,23.278525724
17625,0.8708855196795033,,0.0,0.8708855196795033,23.28027374
17630,0.8708632017910892,,0.0,0.8708632017910892,23.110151799
17635,0.8708595267488456,,0.0,0.8708595267488456,23.100093056
17640,0.8708981393386837,,0.0,0.8708981393386837,23.258206624
17645,0.87096068952315,,0.0,0.87096068952315,23.191483845
17650,0.871016766048475,,0.0,0.871016766048475,23.120479434
17655,0.8710177685245359,,0.0,0.8710177685245359,22.958058934
17660,0.8709631847452531,,0.0,0.8709631847452531,22.938990815
17665,0.8708970563575051,,0.0,0.8708970563575051,22.920348445
17670,0.8708880129735582,,0.0,0.8708880129735582,22.812967415
17675,0.870931449431492,,0.0,0.870931449431492,22.726327044
17680,0.870976163312472,,0.0,0.870976163312472,22.620012438
17685,0.8709506727657601,,0.0,0.8709506727657601,22.612246793
17690,0.8708982213353104,,0.0,0.8708982213353104,22.65832128
17695,0.8708733068385468,,0.0,0.8708733068385468,22.430795746
17700,0.8708934151470551,,0.0,0.8708934151470551,22.306053853
17705,0.870931003070086,,0.0,0.870931003070086,22.335649542
17710,0.8709487827689799,,0.0,0.8709487827689799,22.197685714
17715,0.8709342251300779,,0.0,0.8709342251300779,22.128480418
17720,0.8709252922633233,,0.0,0.8709252922633233,21.870391533
17725,0.8709349229017266,,0.0,0.8709349229017266,21.824559429
17730,0.8709648645483736,,0.0,0.8709648645483736,21.837500774
17735,0.8709839484083443,,0.0,0.8709839484083443,21.710096228
17740,0.8709753272306303,,0.0,0.8709753272306303,21.6813111
17745,0.8709674687597819,,0.0,0.8709674687597819,21.623808985
17750,0.8709560721745083,,0.0,0.8709560721745083,21.529232934
17755,0.8709399476870224,,0.0,0.8709399476870224,21.540615175
17760,0.8709345434763422,,0.0,0.8709345434763422,21.471423739
17765,0.8709224286384524,,0.0,0.8709224286384524,21.342340187
17770,0.8709199887840803,,0.0,0.8709199887840803,21.340055444
17775,0.8709249334280413,,0.0,0.8709249334280413,21.249655167
17780,0.870920211128083,,0.0,0.870920211128083,21.147559631
17785,0.8709133735043233,,0.0,0.8709133735043233,21.073542335
17790,0.8709010111122877,,0.0,0.8709010111122877,21.036450064
17795,0.8709181101373211,,0.0,0.8709181101373211,20.904761293
17800,0.8709635244091853,,0.0,0.8709635244091853,20.67936809
17805,0.8709785387409231,,0.0,0.8709785387409231,20.639669932
17810,0.8709633811879257,,0.0,0.8709633811879257,20.586391096
17815,0.8709483563064889,,0.0,0.8709483563064889,20.55231395
17820,0.8709624126527932,,0.0,0.8709624126527932,20.386325438
17825,0.8709694980853465,,0.0,0.8709694980853465,20.44701855
17830,0.8709417947938192,,0.0,0.8709417947938192,20.543370988
17835,0.870917888157101,,0.0,0.870917888157101,20.50979112
17840,0.8709158307838881,,0.0,0.8709158307838881,20.634132043
17845,0.8709415500771787,,0.0,0.8709415500771787,20.847725733
17850,0.8709600662178254,,0.0,0.8709600662178254,20.826459898
17855,0.8709650719772847,,0.0,0.8709650719772847,20.967675074
17860,0.8709672637318369,,0.0,0.8709672637318369,21.119254211
17865,0.8709765386998679,,0.0,0.8709765386998679,21.133949791
17870,0.8709619373342821,,0.0,0.8709619373342821,21.334067035
17875,0.8709319759342329,,0.0,0.8709319759342329,21.37787636
17880,0.8708981954703584,,0.0,0.8708981954703584,21.442982059
17885,0.8708851712484075,,0.0,0.8708851712484075,21.601787746
17890,0.8708968769034859,,0.0,0.8708968769034859,21.715468784
17895,0.8709299508285478,,0.0,0.8709299508285478,21.80436649
17900,0.8709378733979127,,0.0,0.8709378733979127,21.931635205
17905,0.8708999554511919,,0.0,0.8708999554511919,22.113827539
17910,0.8708557089218816,,0.0,0.8708557089218816,22.177391233
17915,0.8708523567731864,,0.0,0.8708523567731864,22.126742392
17920,0.870880516575658,,0.0,0.870880516575658,22.283120048
17925,0.8709245595321545,,0.0,0.8709245595321545,22.393426784
17930,0.8709394184559112,,0.0,0.8709394184559112,22.356153482
17935,0.8709466281930223,,0.0,0.8709466281930223,22.306957102
17940,0.8708981681502757,,0.0,0.8708981681502757,22.320159023
17945,0.8708584355825557,,0.0,0.8708584355825557,22.31374489
17950,0.8708663023840286,,0.0,0.8708663023840286,22.328011667
17955,0.8708970280915872,,0.0,0.8708970280915872,22.220039468
17960,0.8708991429424711,,0.0,0.8708991429424711,22.053884119
17965,0.8708647969783474,,0.0,0.8708647969783474,22.180112036
17970,0.8708354154479652,,0.0,0.8708354154479652,22.182077996
17975,0.8708373585934017,,0.0,0.8708373585934017,22.016149996
17980,0.870858812206813,,0.0,0.870858812206813,21.96020232
17985,0.8708682783426671,,0.0,0.8708682783426671,21.96998574
17990,0.8708711561550644,,0.0,0.8708711561550644,21.927036629
17995,0.8708920936699207,,0.0,0.8708920936699207,21.579616479
18000,0.8709080871956248,,0.0,0.8709080871956248,21.697433778
18005,0.8709032776241904,,0.0,0.8709032776241904,21.607451746
18010,0.8708909473541696,,0.0,0.8708909473541696,21.30400554
18015,0.8709029668446067,,0.0,0.8709029668446067,21.208327891
18020,0.8709123142054004,,0.0,0.8709123142054004,21.229493725
18025,0.8709094525085779,,0.0,0.8709094525085779,21.041370495
18030,0.8708941303438965,,0.0,0.8708941303438965,20.998150307
18035,0.8708823587350097,,0.0,0.8708823587350097,20.928219002
18040,0.8708586977607671,,0.0,0.8708586977607671,20.713234062
18045,0.8708458660162569,,0.0,0.8708458660162569,20.533559432
18050,0.870847429554418,,0.0,0.870847429554418,20.488914656
18055,0.8708461393989764,,0.0,0.8708461393989764,20.320446167
18060,0.8708596318092972,,0.0,0.8708596318092972,20.183053081
18065,0.8708699741158493,,0.0,0.8708699741158493,20.357310953
18070,0.8708810261261238,,0.0,0.8708810261261238,20.207134207
18075,0.8708882668575234,,0.0,0.8708882668575234,20.16393908
18080,0.8708932211417267,,0.0,0.8708932211417267,20.294089575
18085,0.8708821126359948,,0.0,0.8708821126359948,20.275874443
18090,0.8708975617244696,,0.0,0.8708975617244696,20.307932035
18095,0.8709166261948208,,0.0,0.8709166261948208,20.549890908
18100,0.8709160469799628,,0.0,0.8709160469799628,20.785481168
18105,0.870900631505012,,0.0,0.870900631505012,20.901775211
18110,0.87090292886569,,0.0,0.87090292886569,21.050086197
18115,0.8708884834537591,,0.0,0.8708884834537591,21.314971151
18120,0.8708673326530899,,0.0,0.8708673326530899,21.604619624
18125,0.870833592023424,,0.0,0.870833592023424,21.707494654
18130,0.8708143233982064,,0.0,0.8708143233982064,21.800274635
18135,0.8708130650737534,,0.0,0.8708130650737534,21.906612944
18140,0.8708248594190607,,0.0,0.8708248594190607,22.016511111
18145,0.8708478750063672,,0.0,0.8708478750063672,22.201162844
18150,0.8708859385025571,,0.0,0.8708859385025571,22.242546984
18155,0.8709206733867942,,0.0,0.8709206733867942,22.402817395
18160,0.8709413636749093,,0.0,0.8709413636749093,22.428283003
18165,0.8709367322478763,,0.0,0.8709367322478763,22.499288653
18170,0.870938180248643,,0.0,0.870938180248643,22.589115883
18175,0.8709500591006779,,0.0,0.8709500591006779,22.638506079
18180,0.8709482572484524,,0.0,0.8709482572484524,22.614961577
18185,0.8709295254937833,,0.0,0.8709295254937833,22.624300256
18190,0.8708980069581492,,0.0,0.8708980069581492,22.720782293
18195,0.8708603768727005,,0.0,0.8708603768727005,22.720265002
18200,0.8708534512135208,,0.0,0.8708534512135208,22.587756343
18205,0.8708650001510004,,0.0,0.8708650001510004,22.569903248
18210,0.8708791016063628,,0.0,0.8708791016063628,22.594303165
18215,0.8708721127217453,,0.0,0.8708721127217453,22.502846617
18220,0.8708361964894802,,0.0,0.8708361964894802,22.459593379
18225,0.8708421552141712,,0.0,0.8708421552141712,22.424401451
18230,0.8708590427359272,,0.0,0.8708590427359272,22.460045675
18235,0.8708832549137578,,0.0,0.8708832549137578,22.415740573
18240,0.8709024579125715,,0.0,0.8709024579125715,22.301356111
18245,0.870907843752224,,0.0,0.870907843752224,22.154383534
18250,0.8709225266051408,,0.0,0.8709225266051408,22.142538915
18255,0.8709232937137774,,0.0,0.8709232937137774,22.131747879
18260,0.8709035265970887,,0.0,0.8709035265970887,22.157106778
18265,0.8708995817735747,,0.0,0.8708995817735747,22.200659521
18270,0.8709043289198933,,0.0,0.8709043289198933,22.213949217
18275,0.870935468284791,,0.0,0.870935468284791,22.329384482
18280,0.8709683854922542,,0.0,0.8709683854922542,22.34244874
18285,0.8709717465900043,,0.0,0.8709717465900043,22.374357753
18290,0.8709323350241628,,0.0,0.8709323350241628,22.271454212
18295,0.8708764253295964,,0.0,0.8708764253295964,22.351890184
18300,0.8708567858278884,,0.0,0.8708567858278884,22.243621881
18305,0.8708851109332313,,0.0,0.8708851109332313,22.133036903
18310,0.8709139487175713,,0.0,0.8709139487175713,21.991917937
18315,0.8708968161517705,,0.0,0.8708968161517705,21.99931809
18320,0.8708622742906482,,0.0,0.8708622742906482,22.060602921
18325,0.8708506516144099,,0.0,0.8708506516144099,21.965219731
18330,0.8708748565529641,,0.0,0.8708748565529641,21.824754306
18335,0.8709240292460732,,0.0,0.8709240292460732,21.792974862
18340,0.870956233148365,,0.0,0.870956233148365,21.729070865
18345,0.8709503831219529,,0.0,0.8709503831219529,21.750191701
18350,0.8709285089393308,,0.0,0.8709285089393308,21.77408453
18355,0.8709153010798593,,0.0,0.8709153010798593,21.704326007
18360,0.8709337261656894,,0.0,0.8709337261656894,21.737589388
18365,0.8709653646768668,,0.0,0.8709653646768668,21.603529031
18370,0.8709637329658229,,0.0,0.8709637329658229,21.574394899
18375,0.8709276321138237,,0.0,0.8709276321138237,21.530815822
18380,0.870889587316066,,0.0,0.870889587316066,21.385505536
18385,0.8708770759186255,,0.0,0.8708770759186255,21.372295702
18390,0.8708889978789135,,0.0,0.8708889978789135,21.376466157
18395,0.8708863069053248,,0.0,0.8708863069053248,21.248287092
18400,0.8708605251141618,,0.0,0.8708605251141618,21.333110062
18405,0.8708107387195921,,0.0,0.8708107387195921,21.347164091
18410,0.870791034755585,,0.0,0.870791034755585,21.251113827
18415,0.8708199870223492,,0.0,0.8708199870223492,21.018303727
18420,0.8708587532012547,,0.0,0.8708587532012547,21.140977241
18425,0.8709255426185961,,0.0,0.8709255426185961,21.024603973
18430,0.8709682737018221,,0.0,0.8709682737018221,20.821918454
18435,0.8709820838763549,,0.0,0.8709820838763549,20.776149745
18440,0.8709608944055818,,0.0,0.8709608944055818,20.491192596
18445,0.870937070929595,,0.0,0.870937070929595,20.506293983
18450,0.8709399088350271,,0.0,0.8709399088350271,20.404694304
18455,0.8709634101814091,,0.0,0.8709634101814091,20.138192246
18460,0.8709680697652253,,0.0,0.8709680697652253,20.031392483
18465,0.8709403039758254,,0.0,0.8709403039758254,19.861989503
18470,0.8708932297269991,,0.0,0.8708932297269991,19.530103414
18475,0.8708495051167672,,0.0,0.8708495051167672,19.554149847
18480,0.8708560141355896,,0.0,0.8708560141355896,19.304238621
18485,0.8708951974277699,,0.0,0.8708951974277699,19.201088509
18490,0.8709145840641042,,0.0,0.8709145840641042,19.355176251
18495,0.8708998586122301,,0.0,0.8708998586122301,19.207705177
18500,0.8708761356857891,,0.0,0.8708761356857891,19.069886435
18505,0.8708813350504158,,0.0,0.8708813350504158,19.31674553
18510,0.8709125036998229,,0.0,0.8709125036998229,19.342397485
18515,0.8709485625712953,,0.0,0.8709485625712953,19.365222695
18520,0.8709794413222472,,0.0,0.8709794413222472,19.396314198
18525,0.8709736056288744,,0.0,0.8709736056288744,19.561236713
18530,0.8709430151757337,,0.0,0.8709430151757337,19.71725694
18535,0.8709285093394918,,0.0,0.8709285093394918,19.717401894
18540,0.8709391510392285,,0.0,0.8709391510392285,19.776737598
18545,0.8709598632634419,,0.0,0.8709598632634419,19.979385695
18550,0.8709566995178212,,0.0,0.8709566995178212,20.039096163
18555,0.8709267515777329,,0.0,0.8709267515777329,20.220516156
18560,0.8709014052708725,,0.0,0.8709014052708725,20.309201383
18565,0.8708894880033816,,0.0,0.8708894880033816,20.499976839
18570,0.8708811208915243,,0.0,0.8708811208915243,20.663446987
18575,0.8708970402419304,,0.0,0.8708970402419304,20.831339899
18580,0.8709135260384208,,0.0,0.8709135260384208,20.858912116
18585,0.8709102232186635,,0.0,0.8709102232186635,21.076144685
18590,0.8709104167874525,,0.0,0.8709104167874525,21.182580904
18595,0.8709372817416855,,0.0,0.8709372817416855,21.178534997
18600,0.8709814401991977,,0.0,0.8709814401991977,21.218662813
18605,0.8710488804965942,,0.0,0.8710488804965942,21.203018067
18610,0.871079337004935,,0.0,0.871079337004935,21.354548538
18615,0.8710449785630638,,0.0,0.8710449785630638,21.410970941
18620,0.8709732837902958,,0.0,0.8709732837902958,21.323602896
18625,0.8709020220644862,,0.0,0.8709020220644862,21.186253432
18630,0.8708962868479025,,0.0,0.8708962868479025,21.136252614
18635,0.8709435450616538,,0.0,0.8709435450616538,21.035734273
18640,0.8709717266910891,,0.0,0.8709717266910891,20.891633996
18645,0.8709665176134638,,0.0,0.8709665176134638,20.754576153
18650,0.870951820900425,,0.0,0.870951820900425,20.497322324
18655,0.8709323820612693,,0.0,0.8709323820612693,20.346901536
18660,0.8709035058250951,,0.0,0.8709035058250951,20.211991365
18665,0.8708780862887716,,0.0,0.8708780862887716,19.935740451
18670,0.8708676527091331,,0.0,0.8708676527091331,19.726162632
18675,0.8708818215734349,,0.0,0.8708818215734349,19.554787915
18680,0.8709007062259841,,0.0,0.8709007062259841,19.590616465
18685,0.8708955072251402,,0.0,0.8708955072251402,19.581294088
18690,0.8708866418037033,,0.0,0.8708866418037033,19.439813586
18695,0.8709043308843201,,0.0,0.8709043308843201,19.586864844
18700,0.8709408150178004,,0.0,0.8709408150178004,19.625475911
18705,0.8709639660050378,,0.0,0.8709639660050378,19.614421863
18710,0.8709639684787603,,0.0,0.8709639684787603,19.701903277
18715,0.8709364449322784,,0.0,0.8709364449322784,19.800506513
18720,0.8709088498297339,,0.0,0.8709088498297339,19.953139102
18725,0.8709284436403314,,0.0,0.8709284436403314,19.986882634
18730,0.8709411808013324,,0.0,0.8709411808013324,19.930186777
18735,0.8709035965525073,,0.0,0.8709035965525073,20.076045708
18740,0.8708572105806005,,0.0,0.8708572105806005,20.133449015
18745,0.8708216893072424,,0.0,0.8708216893072424,20.011169927
18750,0.8708300109462588,,0.0,0.8708300109462588,19.974596974
18755,0.8708391756881235,,0.0,0.8708391756881235,19.993096994
18760,0.8708338051637238,,0.0,0.8708338051637238,20.010585766
18765,0.8708274980079368,,0.0,0.8708274980079368,20.025130036
18770,0.8708281535444109,,0.0,0.8708281535444109,19.972070602
18775,0.8708675537238532,,0.0,0.8708675537238532,19.98194646
18780,0.8709397229056755,,0.0,0.8709397229056755,19.907382078
18785,0.8709760530863055,,0.0,0.8709760530863055,19.885075565
18790,0.8709478357697849,,0.0,0.8709478357697849,19.852163178
18795,0.8709055081579814,,0.0,0.8709055081579814,20.012233683
18800,0.8709015623886323,,0.0,0.8709015623886323,20.1434664
18805,0.8709455568528911,,0.0,0.8709455568528911,20.177358226
18810,0.870976626335127,,0.0,0.870976626335127,20.301659443
18815,0.8709355759281,,0.0,0.8709355759281,20.348185159
18820,0.870865448695103,,0.0,0.870865448695103,20.727396634
18825,0.8708308648170757,,0.0,0.8708308648170757,21.082831772
18830,0.8708422662770379,,0.0,0.8708422662770379,21.344342668
18835,0.8708582880686598,,0.0,0.8708582880686598,21.63646069
18840,0.8708290186197359,,0.0,0.8708290186197359,21.825616634
18845,0.870783106838614,,0.0,0.870783106838614,22.02607481
18850,0.8707834126707527,,0.0,0.8707834126707527,22.157760937
18855,0.8708274459142502,,0.0,0.8708274459142502,22.341335865
18860,0.8708893462372529,,0.0,0.8708893462372529,22.539948831
18865,0.8709311593875236,,0.0,0.8709311593875236,22.726196912
18870,0.8709423597847726,,0.0,0.8709423597847726,22.888220094
18875,0.8709461893982969,,0.0,0.8709461893982969,22.864270517
18880,0.8709560675908461,,0.0,0.8709560675908461,22.920340455
18885,0.8709697085336542,,0.0,0.8709697085336542,22.834563525
18890,0.8709714706971842,,0.0,0.8709714706971842,22.854057648
18895,0.8709432594922132,,0.0,0.8709432594922132,22.906785097
18900,0.8709085790662503,,0.0,0.8709085790662503,22.81383749
18905,0.8709015315034787,,0.0,0.8709015315034787,22.900037156
18910,0.8709052134939724,,0.0,0.8709052134939724,22.916808518
18915,0.8709202288079235,,0.0,0.8709202288079235,22.785126129
18920,0.8709077074064578,,0.0,0.8709077074064578,22.893214276
18925,0.8708585237634887,,0.0,0.8708585237634887,22.820303899
18930,0.8708082089745081,,0.0,0.8708082089745081,22.791189878
18935,0.8707664058282623,,0.0,0.8707664058282623,22.950312757
18940,0.8707702772768002,,0.0,0.8707702772768002,22.736354053
18945,0.8708241688503099,,0.0,0.8708241688503099,22.656600997
18950,0.8709058651743498,,0.0,0.8709058651743498,22.640986391
18955,0.8709809641894993,,0.0,0.8709809641894993,22.592805071
18960,0.8710265767957065,,0.0,0.8710265767957065,22.47034856
18965,0.8710169658379487,,0.0,0.8710169658379487,22.180094619
18970,0.8709916632941502,,0.0,0.8709916632941502,22.055803657
18975,0.8709745949723791,,0.0,0.8709745949723791,21.944687046
18980,0.8709921648777743,,0.0,0.8709921648777743,21.668844855
18985,0.8710205195222746,,0.0,0.8710205195222746,21.549063872
18990,0.8710033068878955,,0.0,0.8710033068878955,21.417532114
18995,0.8709475093111656,,0.0,0.8709475093111656,21.291090575
19000,0.8708756673882846,,0.0,0.8708756673882846,21.033193649
19005,0.8708280302220665,,0.0,0.8708280302220665,20.814152217
19010,0.8708138419681454,,0.0,0.8708138419681454,20.571108861
19015,0.8707882938346279,,0.0,0.8707882938346279,20.337697116
19020,0.8707703732790619,,0.0,0.8707703732790619,20.099130533
19025,0.8707836705927061,,0.0,0.8707836705927061,19.884263294
19030,0.8708249497463119,,0.0,0.8708249497463119,19.628316617
19035,0.8708902453990194,,0.0,0.8708902453990194,19.632725277
19040,0.8709667537812101,,0.0,0.8709667537812101,19.296361419
19045,0.8710380113598967,,0.0,0.8710380113598967,19.171983051
19050,0.871055277106554,,0.0,0.871055277106554,19.060554127
19055,0.8710524527338392,,0.0,0.8710524527338392,18.927288007
19060,0.8710262357493999,,0.0,0.8710262357493999,18.799261312
19065,0.8709985485006907,,0.0,0.8709985485006907,18.730353203
19070,0.8709890580641504,,0.0,0.8709890580641504,18.900389898
19075,0.8709745326563979,,0.0,0.8709745326563979,18.835116906
19080,0.8709393938641987,,0.0,0.8709393938641987,18.937136227
19085,0.8708571826420872,,0.0,0.8708571826420872,19.031036556
19090,0.8707500856256692,,0.0,0.8707500856256692,19.156080102
19095,0.8706737732132335,,0.0,0.8706737732132335,19.299372968
19100,0.8706383684231044,,0.0,0.8706383684231044,19.387506517
19105,0.8706601480585956,,0.0,0.8706601480585956,19.434257365
19110,0.8707490011166034,,0.0,0.8707490011166034,19.47589194
19115,0.8708618842791865,,0.0,0.8708618842791865,19.690468926
19120,0.8709701780316417,,0.0,0.8709701780316417,19.543340891
19125,0.8710274175703452,,0.0,0.8710274175703452,19.628639105
19130,0.8710463613739658,,0.0,0.8710463613739658,19.518867766
19135,0.87107775291305,,0.0,0.87107775291305,19.506019912
19140,0.8710880587321947,,0.0,0.8710880587321947,19.540660422
19145,0.8710543002771752,,0.0,0.8710543002771752,19.463948856
19150,0.8709687148975135,,0.0,0.8709687148975135,19.570433231
19155,0.8708869691717794,,0.0,0.8708869691717794,19.587878079
19160,0.8708491854972632,,0.0,0.8708491854972632,19.61297913
19165,0.8708441784281861,,0.0,0.8708441784281861,19.811324927
19170,0.8708115478451337,,0.0,0.8708115478451337,19.854712359
19175,0.870716085764432,,0.0,0.870716085764432,19.89813644
19180,0.8706000385288236,,0.0,0.8706000385288236,20.044179688
19185,0.8705356651017074,,0.0,0.8705356651017074,20.083289059
19190,0.8705594936342741,,0.0,0.8705594936342741,20.117903137
19195,0.8706369210407682,,0.0,0.8706369210407682,20.232085848
19200,0.8707665116526575,,0.0,0.8707665116526575,20.354538878
19205,0.8709394391915266,,0.0,0.8709394391915266,20.391557128
19210,0.8710717337640479,,0.0,0.8710717337640479,20.36404024
19215,0.8711250333903041,,0.0,0.8711250333903041,20.323143858
19220,0.8711245595269239,,0.0,0.8711245595269239,20.53617003
19225,0.871091701979828,,0.0,0.871091701979828,20.488731068
19230,0.8710333128149504,,0.0,0.8710333128149504,20.396510678
19235,0.8709552381662282,,0.0,0.8709552381662282,20.338315456
19240,0.8709020054032373,,0.0,0.8709020054032373,20.36620186
19245,0.8708549113646307,,0.0,0.8708549113646307,20.530420051
19250,0.870822942538737,,0.0,0.870822942538737,20.514061259
19255,0.870793941597844,,0.0,0.870793941597844,20.442060912
19260,0.8707294047231485,,0.0,0.8707294047231485,20.444679361
19265,0.870632571472592,,0.0,0.870632571472592,20.520494568
19270,0.8705354917592381,,0.0,0.8705354917592381,20.495025553
19275,0.8705368057060698,,0.0,0.8705368057060698,20.504017363
19280,0.8706461147033597,,0.0,0.8706461147033597,20.5189479
19285,0.8708079659312681,,0.0,0.8708079659312681,20.78072023
19290,0.8709554609831487,,0.0,0.8709554609831487,20.888918666
19295,0.8710581038802346,,0.0,0.8710581038802346,20.776328018
19300,0.8711208394120004,,0.0,0.8711208394120004,20.97698096
19305,0.8711482997330444,,0.0,0.8711482997330444,21.082332674
19310,0.8711434763742445,,0.0,0.8711434763742445,21.232132643
19315,0.8710903990192345,,0.0,0.8710903990192345,21.44482981
19320,0.8709785747554132,,0.0,0.8709785747554132,21.76404147
19325,0.8708784812113002,,0.0,0.8708784812113002,22.002704301
19330,0.8708206844302153,,0.0,0.8708206844302153,22.42139713
19335,0.870807104566527,,0.0,0.870807104566527,22.671647061
19340,0.8708119631758732,,0.0,0.8708119631758732,22.820293173
19345,0.8707692933900366,,0.0,0.8707692933900366,23.152204958
19350,0.8706842499011251,,0.0,0.8706842499011251,23.456132766
19355,0.8705842050311411,,0.0,0.8705842050311411,23.683701378
19360,0.8705488103905501,,0.0,0.8705488103905501,23.872964543
19365,0.8706191406143087,,0.0,0.8706191406143087,24.06211645
19370,0.8707904149789528,,0.0,0.8707904149789528,24.395226877
19375,0.8709902248972474,,0.0,0.8709902248972474,24.446733648
19380,0.8711338579953192,,0.0,0.8711338579953192,24.695347241
19385,0.8712162610036844,,0.0,0.8712162610036844,24.561853829
19390,0.8712367629251033,,0.0,0.8712367629251033,24.440843215
19395,0.8712039625282739,,0.0,0.8712039625282739,24.666510361
19400,0.8711240138528333,,0.0,0.8711240138528333,24.52267509
19405,0.8709947569388394,,0.0,0.8709947569388394,24.525352951
19410,0.8708716783287909,,0.0,0.8708716783287909,24.593678537
19415,0.8707996637182494,,0.0,0.8707996637182494,24.334770852
19420,0.8707859578766026,,0.0,0.8707859578766026,24.405947892
19425,0.8707841040398254,,0.0,0.8707841040398254,24.232468758
19430,0.8707293481913126,,0.0,0.8707293481913126,23.899160578
19435,0.8706651033977689,,0.0,0.8706651033977689,23.837070754
19440,0.8706188554086507,,0.0,0.8706188554086507,23.570651778
19445,0.8706155432396773,,0.0,0.8706155432396773,23.345961153
19450,0.8706631341691108,,0.0,0.8706631341691108,23.295969516
19455,0.8707775115692455,,0.0,0.8707775115692455,23.114482638
19460,0.8709233493361563,,0.0,0.8709233493361563,22.869161509
19465,0.8710667551427801,,0.0,0.8710667551427801,22.711588378
19470,0.871210126826584,,0.0,0.871210126826584,22.523655872
19475,0.8713221444773032,,0.0,0.8713221444773032,22.429643615
19480,0.8713131935305471,,0.0,0.8713131935305471,22.311626762
19485,0.8711907651821231,,0.0,0.8711907651821231,22.197707934
19490,0.8710326803423012,,0.0,0.8710326803423012,22.038648253
19495,0.8709057669530134,,0.0,0.8709057669530134,21.979046894
19500,0.8708301219363689,,0.0,0.8708301219363689,21.998453867
19505,0.8707985748074123,,0.0,0.8707985748074123,21.879374584
19510,0.8707786402415345,,0.0,0.8707786402415345,21.811413948
19515,0.8707467643257493,,0.0,0.8707467643257493,21.916395928
19520,0.8707168933620861,,0.0,0.8707168933620861,21.836708629
19525,0.8706838976139322,,0.0,0.8706838976139322,21.772340702
19530,0.8706597568102726,,0.0,0.8706597568102726,21.925349424
19535,0.8706698409402236,,0.0,0.8706698409402236,21.884342623
19540,0.8707517255218246,,0.0,0.8707517255218246,21.73034509
19545,0.8709105204291514,,0.0,0.8709105204291514,21.684136031
19550,0.8710897157261382,,0.0,0.8710897157261382,21.557824162
19555,0.8712143483432404,,0.0,0.8712143483432404,21.387881837
19560,0.8712554011876117,,0.0,0.8712554011876117,21.287217588
19565,0.8712221211068782,,0.0,0.8712221211068782,21.179144816
19570,0.8711466571812752,,0.0,0.8711466571812752,20.925370434
19575,0.8710500019659854,,0.0,0.8710500019659854,20.820349981
19580,0.8709581141597119,,0.0,0.8709581141597119,20.721643503
19585,0.870883456231119,,0.0,0.870883456231119,20.594774997
19590,0.8708100691774829,,0.0,0.8708100691774829,20.349956511
19595,0.8707603723098425,,0.0,0.8707603723098425,20.099903564
19600,0.8707264626667216,,0.0,0.8707264626667216,19.950549438
19605,0.8706813737985066,,0.0,0.8706813737985066,19.775762129
19610,0.8706369326454372,,0.0,0.8706369326454372,19.514875503
19615,0.8706036042543578,,0.0,0.8706036042543578,19.447856203
19620,0.8706221823108246,,0.0,0.8706221823108246,19.391371819
19625,0.8707134360801829,,0.0,0.8707134360801829,19.366232061
19630,0.8708736492672279,,0.0,0.8708736492672279,19.191464354
19635,0.8710503190026319,,0.0,0.8710503190026319,19.066521242
19640,0.8711781317355776,,0.0,0.8711781317355776,19.245879783
19645,0.8712207122127545,,0.0,0.8712207122127545,19.026582527
19650,0.8711680799822894,,0.0,0.8711680799822894,19.095550131
19655,0.8710833242818933,,0.0,0.8710833242818933,19.324515102
19660,0.8709868135974809,,0.0,0.8709868135974809,19.29792682
19665,0.8708944915801445,,0.0,0.8708944915801445,19.626967701
19670,0.8708359588666029,,0.0,0.8708359588666029,19.997042141
19675,0.8707823252150466,,0.0,0.8707823252150466,19.875707297
19680,0.8707211958203991,,0.0,0.8707211958203991,19.984655351
19685,0.8706775159554426,,0.0,0.8706775159554426,20.272403821
19690,0.8706390867848555,,0.0,0.8706390867848555,20.16426635
19695,0.8706093935654328,,0.0,0.8706093935654328,20.009299162
19700,0.8705884959575416,,0.0,0.8705884959575416,20.265989087
19705,0.8706131847635011,,0.0,0.8706131847635011,20.297304829
19710,0.8707053440608238,,0.0,0.8707053440608238,20.108616574
19715,0.8708529254747237,,0.0,0.8708529254747237,20.144469417
19720,0.8710123789379214,,0.0,0.8710123789379214,20.27067274
19725,0.8711384006957451,,0.0,0.8711384006957451,20.271954468
19730,0.8712145839653127,,0.0,0.8712145839653127,20.173316924
19735,0.871234845026188,,0.0,0.871234845026188,20.232084801
19740,0.8711977492648088,,0.0,0.8711977492648088,20.409831949
19745,0.8711029555984898,,0.0,0.8711029555984898,20.478827214
19750,0.8709876383656797,,0.0,0.8709876383656797,20.542576075
19755,0.870893485429878,,0.0,0.870893485429878,20.594177615
19760,0.870835965560205,,0.0,0.870835965560205,20.814620238
19765,0.8708045663453053,,0.0,0.8708045663453053,20.768602512
19770,0.8707514375150395,,0.0,0.8707514375150395,20.985857572
19775,0.8706628844322686,,0.0,0.8706628844322686,21.09887862
19780,0.8705985314133635,,0.0,0.8705985314133635,21.104935407
19785,0.8705800384820549,,0.0,0.8705800384820549,21.2493733
19790,0.8706157229119662,,0.0,0.8706157229119662,21.422319218
19795,0.8707073729862275,,0.0,0.8707073729862275,21.384646148
19800,0.8708299839899587,,0.0,0.8708299839899587,21.453309275
19805,0.8709650757970032,,0.0,0.8709650757970032,21.634622094
19810,0.8711006939976539,,0.0,0.8711006939976539,21.527301033
19815,0.8712337983141474,,0.0,0.8712337983141474,21.680039159
19820,0.8713053229093557,,0.0,0.8713053229093557,21.792260597
19825,0.871273632086222,,0.0,0.871273632086222,21.734426496
19830,0.8711414618546368,,0.0,0.8711414618546368,22.023553216
19835,0.8709965525340021,,0.0,0.8709965525340021,21.946422308
19840,0.8709148451509674,,0.0,0.8709148451509674,22.03760258
19845,0.8708940789413971,,0.0,0.8708940789413971,22.106428297
19850,0.8708675880649425,,0.0,0.8708675880649425,22.021773245
19855,0.8708126760808834,,0.0,0.8708126760808834,22.094273801
19860,0.8707085113351369,,0.0,0.8707085113351369,21.865399214
19865,0.8705929892926515,,0.0,0.8705929892926515,21.888235863
19870,0.8705297775692961,,0.0,0.8705297775692961,21.728871459
19875,0.8705597647615405,,0.0,0.8705597647615405,21.563890591
19880,0.870686973978942,,0.0,0.870686973978942,21.596664788
19885,0.8708514160310542,,0.0,0.8708514160310542,21.56826882
19890,0.8710141300060782,,0.0,0.8710141300060782,21.485949637
19895,0.8711629351486936,,0.0,0.8711629351486936,21.483196845
19900,0.8712721154032763,,0.0,0.8712721154032763,21.366859678
19905,0.8713144647329086,,0.0,0.8713144647329086,21.25833768
19910,0.8712480741305709,,0.0,0.8712480741305709,21.351232833
19915,0.8711032376756165,,0.0,0.8711032376756165,21.422467633
19920,0.8709554434488211,,0.0,0.8709554434488211,21.548913306
19925,0.8708581068321053,,0.0,0.8708581068321053,21.663400297
19930,0.8708031941568589,,0.0,0.8708031941568589,21.735470392
19935,0.8707692559204158,,0.0,0.8707692559204158,21.622967665
19940,0.8707385362880286,,0.0,0.8707385362880286,21.640399735
19945,0.8706937608913895,,0.0,0.8706937608913895,21.73087513
19950,0.8706371623378512,,0.0,0.8706371623378512,21.687766103
19955,0.8706125216967247,,0.0,0.8706125216967247,21.726692493
19960,0.8706125573110535,,0.0,0.8706125573110535,21.593438107
19965,0.870651052435449,,0.0,0.870651052435449,21.661449528
19970,0.8707589199800612,,0.0,0.8707589199800612,21.658729584
19975,0.8709471894370137,,0.0,0.8709471894370137,21.630911506
19980,0.8711478231412936,,0.0,0.8711478231412936,21.683376081
19985,0.8712752759112308,,0.0,0.8712752759112308,21.750386531
19990,0.8713021924862326,,0.0,0.8713021924862326,21.886199833
19995,0.8712294638065762,,0.0,0.8712294638065762,21.715431451
20000,0.8710890761233475,,0.0,0.8710890761233475,21.981211348
