iteration,cd_fore,cd_aft,cd_viscous,cd_total,mean_abs_drho_dtau_kg_m3_s
5,0.015114921337847963,,0.0,0.015114921337847963,20.012109156
10,0.0344098096092767,,0.0,0.0344098096092767,19.902498456
15,0.059030669105608204,,0.0,0.059030669105608204,19.747348366
20,0.09041884838598804,,0.0,0.09041884838598804,19.554207092
25,0.13036844920490048,,0.0,0.13036844920490048,19.332163602
30,0.1810790208733007,,0.0,0.1810790208733007,19.089881774
35,0.24519087946661328,,0.0,0.24519087946661328,18.834816506
40,0.3257808077470922,,0.0,0.3257808077470922,18.573067393
45,0.4262463023348753,,0.0,0.4262463023348753,18.309525544
50,0.5471414537074245,,0.0,0.5471414537074245,18.048120614
55,0.6882247373209854,,0.0,0.6882247373209854,17.792074113
60,0.849063911968771,,0.0,0.849063911968771,17.544120616
65,1.0283341409519282,,0.0,1.0283341409519282,17.306783321
70,1.2238265439816265,,0.0,1.2238265439816265,17.082451186
75,1.4325711372455376,,0.0,1.4325711372455376,16.873164462
80,1.650601461611432,,0.0,1.650601461611432,16.680998462
85,1.8680858020381366,,0.0,1.8680858020381366,16.525482136
90,2.076589690921967,,0.0,2.076589690921967,17.60653155
95,2.2682606633054414,,0.0,2.2682606633054414,18.932592495
100,2.4368984058692575,,0.0,2.4368984058692575,21.335427822
105,2.570047682778976,,0.0,2.570047682778976,25.827214787
110,2.66117763822988,,0.0,2.66117763822988,30.389987343
115,2.709763861130963,,0.0,2.709763861130963,35.109432426
120,2.714653965430988,,0.0,2.714653965430988,40.270539308
125,2.6778162673151393,,0.0,2.6778162673151393,45.452344749
130,2.608912651300758,,0.0,2.608912651300758,49.098880593
135,2.5156831011998437,,0.0,2.5156831011998437,51.22535214
140,2.403906195095144,,0.0,2.403906195095144,52.223034229
145,2.2793108835285394,,0.0,2.2793108835285394,52.390239564
150,2.1487838239541177,,0.0,2.1487838239541177,51.610366877
155,2.0224457092822594,,0.0,2.0224457092822594,50.016237727
160,1.904037632396115,,0.0,1.904037632396115,47.843766255
165,1.7950140109046158,,0.0,1.7950140109046158,45.356992051
170,1.6965167503242644,,0.0,1.6965167503242644,42.958926967
175,1.6096409122783057,,0.0,1.6096409122783057,40.739079232
180,1.5350157331059717,,0.0,1.5350157331059717,38.647863965
185,1.4732639493813047,,0.0,1.4732639493813047,36.651849665
190,1.423988404243479,,0.0,1.423988404243479,34.792316326
195,1.3853091560565758,,0.0,1.3853091560565758,32.95937185
200,1.3557752592712187,,0.0,1.3557752592712187,31.111823158
205,1.3340917899301257,,0.0,1.3340917899301257,29.326150893
210,1.3191061000033446,,0.0,1.3191061000033446,27.698533026
215,1.3096288760249002,,0.0,1.3096288760249002,26.208057449
220,1.3045642769700192,,0.0,1.3045642769700192,24.798250107
225,1.3029907124117506,,0.0,1.3029907124117506,23.477498339
230,1.3041120597277907,,0.0,1.3041120597277907,22.301709641
235,1.3072504339433897,,0.0,1.3072504339433897,21.309653351
240,1.311910389843187,,0.0,1.311910389843187,20.553408022
245,1.3176803345094572,,0.0,1.3176803345094572,19.946836951
250,1.3241091821787156,,0.0,1.3241091821787156,19.404607985
255,1.330810055436901,,0.0,1.330810055436901,18.888391817
260,1.3374364769382985,,0.0,1.3374364769382985,18.359677453
265,1.343701601177869,,0.0,1.343701601177869,17.824958161
270,1.3494027341544363,,0.0,1.3494027341544363,17.288157621
275,1.3544319211325377,,0.0,1.3544319211325377,16.773120348
280,1.3587725728991449,,0.0,1.3587725728991449,16.410749943
285,1.3624834551612217,,0.0,1.3624834551612217,16.234699648
290,1.3656740608633455,,0.0,1.3656740608633455,16.118499475
295,1.3684762589620496,,0.0,1.3684762589620496,16.006715113
300,1.371017556656378,,0.0,1.371017556656378,15.896831992
305,1.3733982450618072,,0.0,1.3733982450618072,15.789799875
310,1.3756772524586376,,0.0,1.3756772524586376,15.683546536
315,1.3778676860994097,,0.0,1.3778676860994097,15.58552632
320,1.3799400314977226,,0.0,1.3799400314977226,15.489803177
325,1.381833889688531,,0.0,1.381833889688531,15.397223349
330,1.3834760754425315,,0.0,1.3834760754425315,15.30903957
335,1.384799413892439,,0.0,1.384799413892439,15.231065081
340,1.385758250940241,,0.0,1.385758250940241,15.16188287
345,1.3863380062724284,,0.0,1.3863380062724284,15.095952294
350,1.386558233738714,,0.0,1.386558233738714,15.033377342
355,1.386470109980108,,0.0,1.386470109980108,14.97528425
360,1.3861498702086497,,0.0,1.3861498702086497,14.919503871
365,1.3856896542988257,,0.0,1.3856896542988257,14.854191265
370,1.3851871454600817,,0.0,1.3851871454600817,14.777235171
375,1.3847346673282404,,0.0,1.3847346673282404,14.698535958
380,1.3844088829347019,,0.0,1.3844088829347019,14.614229916
385,1.3842621220822655,,0.0,1.3842621220822655,14.529270971
390,1.3843162387066341,,0.0,1.3843162387066341,14.444259269
395,1.384559952376611,,0.0,1.384559952376611,14.359105368
400,1.3849503462064117,,0.0,1.3849503462064117,14.274638952
405,1.3854189343460728,,0.0,1.3854189343460728,14.194590382
410,1.3858814120252725,,0.0,1.3858814120252725,14.14465714
415,1.386249369843457,,0.0,1.386249369843457,14.124878449
420,1.38644180677398,,0.0,1.38644180677398,14.111868272
425,1.3863945700116582,,0.0,1.3863945700116582,14.088065809
430,1.3860666755310538,,0.0,1.3860666755310538,14.042719421
435,1.385443159258454,,0.0,1.385443159258454,13.99059566
440,1.3845348012318492,,0.0,1.3845348012318492,13.944333702
445,1.3833754094776922,,0.0,1.3833754094776922,13.905802387
450,1.3820174624118036,,0.0,1.3820174624118036,13.856763838
455,1.3805268087703606,,0.0,1.3805268087703606,13.792027128
460,1.378976893781195,,0.0,1.378976893781195,13.712155456
465,1.377442728108822,,0.0,1.377442728108822,13.617655249
470,1.3759946641272927,,0.0,1.3759946641272927,13.51496103
475,1.3746921431833108,,0.0,1.3746921431833108,13.405545915
480,1.373577924935828,,0.0,1.373577924935828,13.310403917
485,1.3726736040150842,,0.0,1.3726736040150842,13.350433055
490,1.3719773637976986,,0.0,1.3719773637976986,13.410619554
495,1.3714646296702997,,0.0,1.3714646296702997,13.471894669
500,1.3710916231678216,,0.0,1.3710916231678216,13.518943431
505,1.3708011757029732,,0.0,1.3708011757029732,13.538872325
510,1.3705297647640327,,0.0,1.3705297647640327,13.515300001
515,1.3702146607060781,,0.0,1.3702146607060781,13.465879732
520,1.369800259586427,,0.0,1.369800259586427,13.37449994
525,1.3692429723448818,,0.0,1.3692429723448818,13.26127654
530,1.3685143542909672,,0.0,1.3685143542909672,13.124119439
535,1.3676024519279892,,0.0,1.3676024519279892,13.001778431
540,1.366511559984113,,0.0,1.366511559984113,12.894490571
545,1.3652607062724238,,0.0,1.3652607062724238,12.805737627
550,1.3638812336848147,,0.0,1.3638812336848147,12.720646753
555,1.3624138250603095,,0.0,1.3624138250603095,12.632355545
560,1.3609052180551442,,0.0,1.3609052180551442,12.537525895
565,1.3594047220931755,,0.0,1.3594047220931755,12.433836739
570,1.3579605775944106,,0.0,1.3579605775944106,12.342320815
575,1.3566162464910536,,0.0,1.3566162464910536,12.391347714
580,1.355406875811879,,0.0,1.355406875811879,12.429415148
585,1.3543563345306888,,0.0,1.3543563345306888,12.496819191
590,1.3534752539734436,,0.0,1.3534752539734436,12.55425206
595,1.3527603838615114,,0.0,1.3527603838615114,12.598677075
600,1.3521953623073104,,0.0,1.3521953623073104,12.598490219
605,1.3517527729313759,,0.0,1.3517527729313759,12.569215566
610,1.3513971746471911,,0.0,1.3513971746471911,12.506384217
615,1.3510886839181389,,0.0,1.3510886839181389,12.438085139
620,1.350786665825716,,0.0,1.350786665825716,12.345781404
625,1.350453143555185,,0.0,1.350453143555185,12.223427765
630,1.3500556317458732,,0.0,1.3500556317458732,12.081671303
635,1.3495692123210064,,0.0,1.3495692123210064,11.942327877
640,1.3489777844806334,,0.0,1.3489777844806334,11.799334108
645,1.3482745137089847,,0.0,1.3482745137089847,11.678784363
650,1.3474615759343376,,0.0,1.3474615759343376,11.567937144
655,1.3465493341673402,,0.0,1.3465493341673402,11.472156718
660,1.3455551001911876,,0.0,1.3455551001911876,11.384861347
665,1.3445016202137605,,0.0,1.3445016202137605,11.299914085
670,1.343415379332666,,0.0,1.343415379332666,11.206837231
675,1.3423247799613909,,0.0,1.3423247799613909,11.186450127
680,1.3412582335232721,,0.0,1.3412582335232721,11.22075194
685,1.3402422352148702,,0.0,1.3402422352148702,11.253227097
690,1.3392995423331109,,0.0,1.3392995423331109,11.299376095
695,1.3384476200266584,,0.0,1.3384476200266584,11.326919752
700,1.337697513777545,,0.0,1.337697513777545,11.338199664
705,1.337053270295538,,0.0,1.337053270295538,11.315940776
710,1.3365119574190163,,0.0,1.3365119574190163,11.269004453
715,1.3360642590621,,0.0,1.3360642590621,11.193641804
720,1.3356955565946649,,0.0,1.3356955565946649,11.095334993
725,1.3353873653688677,,0.0,1.3353873653688677,10.997607929
730,1.3351189682742537,,0.0,1.3351189682742537,10.891193901
735,1.334869083550099,,0.0,1.334869083550099,10.777477118
740,1.3346174198261131,,0.0,1.3346174198261131,10.665317774
745,1.3343459992832667,,0.0,1.3343459992832667,10.557301648
750,1.3340401685391576,,0.0,1.3340401685391576,10.451322821
755,1.3336892533967812,,0.0,1.3336892533967812,10.351204608
760,1.3332868542884009,,0.0,1.3332868542884009,10.263922039
765,1.3328308111272347,,0.0,1.3328308111272347,10.189265316
770,1.3323228909329827,,0.0,1.3323228909329827,10.126059873
775,1.3317682702109976,,0.0,1.3317682702109976,10.067828716
780,1.3311748870351576,,0.0,1.3311748870351576,10.008260861
785,1.3305527355073081,,0.0,1.3305527355073081,9.9407373186
790,1.3299131556622688,,0.0,1.3299131556622688,9.8737557782
795,1.3292681458479658,,0.0,1.3292681458479658,9.8630366418
800,1.3286297039172776,,0.0,1.3286297039172776,9.8703156151
805,1.3280091936672664,,0.0,1.3280091936672664,9.8810615557
810,1.32741674385248,,0.0,1.32741674385248,9.9032163746
815,1.3268607027424952,,0.0,1.3268607027424952,9.9168222374
820,1.3263471891145582,,0.0,1.3263471891145582,9.9180027047
825,1.3258797819583108,,0.0,1.3258797819583108,9.900102101
830,1.325459382555781,,0.0,1.325459382555781,9.8629347272
835,1.3250842651741623,,0.0,1.3250842651741623,9.8066517903
840,1.3247503124110187,,0.0,1.3247503124110187,9.7323581986
845,1.3244514086574029,,0.0,1.3244514086574029,9.6490909763
850,1.3241799530652498,,0.0,1.3241799530652498,9.5603282961
855,1.323927443603477,,0.0,1.323927443603477,9.4649130773
860,1.3236850819060453,,0.0,1.3236850819060453,9.35906157
865,1.3234443533676863,,0.0,1.3234443533676863,9.2493019236
870,1.3231975430815743,,0.0,1.3231975430815743,9.1356563178
875,1.3229381583121842,,0.0,1.3229381583121842,9.0232272515
880,1.3226612411667875,,0.0,1.3226612411667875,8.912095514
885,1.3223635604755555,,0.0,1.3223635604755555,8.8023406675
890,1.3220436883257787,,0.0,1.3220436883257787,8.7013902954
895,1.3217019680818498,,0.0,1.3217019680818498,8.6173526204
900,1.3213403910196264,,0.0,1.3213403910196264,8.5476220342
905,1.3209623990998236,,0.0,1.3209623990998236,8.4919124387
910,1.3205726340783448,,0.0,1.3205726340783448,8.4454700481
915,1.3201766524583913,,0.0,1.3201766524583913,8.4109832267
920,1.3197806209377303,,0.0,1.3197806209377303,8.3835935688
925,1.319391008687664,,0.0,1.319391008687664,8.358176504
930,1.3190142850775135,,0.0,1.3190142850775135,8.3294090749
935,1.318656631359419,,0.0,1.318656631359419,8.3128533096
940,1.3183236708678865,,0.0,1.3183236708678865,8.3191716557
945,1.3180202195162496,,0.0,1.3180202195162496,8.3292266532
950,1.3177500599563645,,0.0,1.3177500599563645,8.3446610673
955,1.317515745738133,,0.0,1.317515745738133,8.3704802297
960,1.3173184438846524,,0.0,1.3173184438846524,8.3859833869
965,1.3171578315264634,,0.0,1.3171578315264634,8.388817615
970,1.3170320572879066,,0.0,1.3170320572879066,8.3750013908
975,1.3169377799997761,,0.0,1.3169377799997761,8.3478023602
980,1.3168702870154798,,0.0,1.3168702870154798,8.3048005252
985,1.3168236928237782,,0.0,1.3168236928237782,8.2510424935
990,1.316791204393816,,0.0,1.316791204393816,8.1867601611
995,1.3167654414703385,,0.0,1.3167654414703385,8.1184148727
1000,1.3167387871657683,,0.0,1.3167387871657683,8.0458546702
1005,1.316703747067081,,0.0,1.316703747067081,7.9673074683
1010,1.316653293887322,,0.0,1.316653293887322,7.8848453918
1015,1.316581175087626,,0.0,1.316581175087626,7.8016585194
1020,1.3164821692123998,,0.0,1.3164821692123998,7.7170512893
1025,1.3163522766803228,,0.0,1.3163522766803228,7.6334194171
1030,1.3161888405757411,,0.0,1.3161888405757411,7.5530788277
1035,1.3159905972424413,,0.0,1.3159905972424413,7.4753825205
1040,1.3157576577689034,,0.0,1.3157576577689034,7.401861398
1045,1.3154914303649785,,0.0,1.3154914303649785,7.3376926594
1050,1.3151944915507352,,0.0,1.3151944915507352,7.2785932924
1055,1.314870418533648,,0.0,1.314870418533648,7.2214138632
1060,1.3145235960413726,,0.0,1.3145235960413726,7.1658100056
1065,1.3141589050363793,,0.0,1.3141589050363793,7.1115940484
1070,1.3137815707366163,,0.0,1.3137815707366163,7.0571092942
1075,1.31339724192199,,0.0,1.31339724192199,7.0024534972
1080,1.313011558362557,,0.0,1.313011558362557,6.9478573197
1085,1.312629983789766,,0.0,1.312629983789766,6.8942047988
1090,1.3122576729269146,,0.0,1.3122576729269146,6.8407827375
1095,1.3118993675293404,,0.0,1.3118993675293404,6.7872186647
1100,1.3115593189591177,,0.0,1.3115593189591177,6.7347180541
1105,1.3112412379873208,,0.0,1.3112412379873208,6.6839541402
1110,1.3109482674674469,,0.0,1.3109482674674469,6.6365423083
1115,1.3106829764938648,,0.0,1.3106829764938648,6.5979965808
1120,1.3104473695106738,,0.0,1.3104473695106738,6.5719285861
1125,1.3102429084897966,,0.0,1.3102429084897966,6.5548088478
1130,1.3100705406535942,,0.0,1.3100705406535942,6.5437004572
1135,1.3099307293657807,,0.0,1.3099307293657807,6.5456941016
1140,1.309823485517383,,0.0,1.309823485517383,6.5506269561
1145,1.3097483967344985,,0.0,1.3097483967344985,6.5559610307
1150,1.3097046549028886,,0.0,1.3097046549028886,6.5628174753
1155,1.3096910808213083,,0.0,1.3096910808213083,6.5653011661
1160,1.3097061465776134,,0.0,1.3097061465776134,6.5651605711
1165,1.3097479951526132,,0.0,1.3097479951526132,6.5580960819
1170,1.3098144571526462,,0.0,1.3098144571526462,6.5481431486
1175,1.3099030650669274,,0.0,1.3099030650669274,6.5339179748
1180,1.3100110664357894,,0.0,1.3100110664357894,6.5126101851
1185,1.3101354360288318,,0.0,1.3101354360288318,6.4841332404
1190,1.3102728903002843,,0.0,1.3102728903002843,6.4523506787
1195,1.3104199043196043,,0.0,1.3104199043196043,6.415921475
1200,1.3105727353357006,,0.0,1.3105727353357006,6.3748501941
1205,1.3107274532718092,,0.0,1.3107274532718092,6.3281063036
1210,1.3108799805272489,,0.0,1.3108799805272489,6.2768569047
1215,1.3110261436602964,,0.0,1.3110261436602964,6.2225067212
1220,1.3111617374472304,,0.0,1.3111617374472304,6.1660679375
1225,1.3112826007234863,,0.0,1.3112826007234863,6.1086640279
1230,1.3113847047989968,,0.0,1.3113847047989968,6.0519995932
1235,1.3114642495962627,,0.0,1.3114642495962627,5.9972364913
1240,1.3115177657289812,,0.0,1.3115177657289812,5.9461167451
1245,1.3115422137094066,,0.0,1.3115422137094066,5.8971753803
1250,1.311535078403261,,0.0,1.311535078403261,5.8513139716
1255,1.3114944548708318,,0.0,1.3114944548708318,5.807647622
1260,1.3114191154953063,,0.0,1.3114191154953063,5.7652706881
1265,1.3113085551310282,,0.0,1.3113085551310282,5.7234939925
1270,1.3111630114994246,,0.0,1.3111630114994246,5.6825546951
1275,1.3109834606345745,,0.0,1.3109834606345745,5.6423778767
1280,1.3107715869823888,,0.0,1.3107715869823888,5.6030214401
1285,1.3105297312226873,,0.0,1.3105297312226873,5.5646275695
1290,1.310260817596344,,0.0,1.310260817596344,5.5269372728
1295,1.309968265489943,,0.0,1.309968265489943,5.4899303409
1300,1.3096558894363488,,0.0,1.3096558894363488,5.4531560494
1305,1.3093277925806521,,0.0,1.3093277925806521,5.4163770922
1310,1.3089882568788134,,0.0,1.3089882568788134,5.3794000861
1315,1.3086416359695554,,0.0,1.3086416359695554,5.3427152494
1320,1.3082922523036586,,0.0,1.3082922523036586,5.3065984816
1325,1.3079443040751808,,0.0,1.3079443040751808,5.2705328969
1330,1.3076017814595564,,0.0,1.3076017814595564,5.2344048965
1335,1.307268396514981,,0.0,1.307268396514981,5.198347855
1340,1.3069475253609577,,0.0,1.3069475253609577,5.1621970822
1345,1.3066421655052725,,0.0,1.3066421655052725,5.1262297468
1350,1.3063549055471337,,0.0,1.3063549055471337,5.0907339391
1355,1.30608790923667,,0.0,1.30608790923667,5.0586856662
1360,1.3058429113165366,,0.0,1.3058429113165366,5.0328385244
1365,1.305621223759506,,0.0,1.305621223759506,5.012497938
1370,1.3054237523030252,,0.0,1.3054237523030252,4.9970357187
1375,1.305251019122356,,0.0,1.305251019122356,4.9852435956
1380,1.305103192533378,,0.0,1.305103192533378,4.9762642094
1385,1.3049801189726036,,0.0,1.3049801189726036,4.9682884343
1390,1.3048813587395514,,0.0,1.3048813587395514,4.9616824426
1395,1.3048062224321832,,0.0,1.3048062224321832,4.9533003883
1400,1.3047538077783785,,0.0,1.3047538077783785,4.9456922799
1405,1.3047230358733533,,0.0,1.3047230358733533,4.9367709321
1410,1.3047126859319385,,0.0,1.3047126859319385,4.9262395267
1415,1.3047214278626533,,0.0,1.3047214278626533,4.9147108245
1420,1.3047478511784323,,0.0,1.3047478511784323,4.899462894
1425,1.3047904911350907,,0.0,1.3047904911350907,4.8817906752
1430,1.3048478500183347,,0.0,1.3048478500183347,4.8613214493
1435,1.304918416351571,,0.0,1.304918416351571,4.8381714673
1440,1.305000679846319,,0.0,1.305000679846319,4.813296958
1445,1.3050931440754054,,0.0,1.3050931440754054,4.7863843077
1450,1.3051943387501233,,0.0,1.3051943387501233,4.7582886695
1455,1.3053028286310713,,0.0,1.3053028286310713,4.7288408382
1460,1.3054172233300811,,0.0,1.3054172233300811,4.6976087991
1465,1.3055361853299703,,0.0,1.3055361853299703,4.665745542
1470,1.3056584366181714,,0.0,1.3056584366181714,4.6350665392
1475,1.3057827651223375,,0.0,1.3057827651223375,4.6052068156
1480,1.3059080289677436,,0.0,1.3059080289677436,4.576025124
1485,1.3060331586554934,,0.0,1.3060331586554934,4.5478100643
1490,1.3061571578545927,,0.0,1.3061571578545927,4.5193067162
1495,1.3062791023128473,,0.0,1.3062791023128473,4.4904196154
1500,1.306398137678658,,0.0,1.306398137678658,4.461253457
1505,1.3075469665223085,,0.0,1.3075469665223085,17.562509314
1510,1.3077988580667872,,0.0,1.3077988580667872,16.24253098
1515,1.3072087145755795,,0.0,1.3072087145755795,14.190847323
1520,1.3060102727454337,,0.0,1.3060102727454337,11.680678519
1525,1.3044594538999983,,0.0,1.3044594538999983,9.267783754
1530,1.3027598647085505,,0.0,1.3027598647085505,7.3743230263
1535,1.3010405330545964,,0.0,1.3010405330545964,6.2356954491
1540,1.2993902147723724,,0.0,1.2993902147723724,5.8688441498
1545,1.2978869652616336,,0.0,1.2978869652616336,5.6257807957
1550,1.2965887839960577,,0.0,1.2965887839960577,5.4755924871
1555,1.2955233724030004,,0.0,1.2955233724030004,5.3567123359
1560,1.2946921187914353,,0.0,1.2946921187914353,5.4134677754
1565,1.2940861019247316,,0.0,1.2940861019247316,5.5363067506
1570,1.2936888568465832,,0.0,1.2936888568465832,5.7668860826
1575,1.2934753445898115,,0.0,1.2934753445898115,6.0692049706
1580,1.2934097303077523,,0.0,1.2934097303077523,6.4102395518
1585,1.2934489510758442,,0.0,1.2934489510758442,6.7854314175
1590,1.2935468072546077,,0.0,1.2935468072546077,7.1397980444
1595,1.2936592032520597,,0.0,1.2936592032520597,7.4730546202
1600,1.2937460138497818,,0.0,1.2937460138497818,7.8168553624
1605,1.2937613649510067,,0.0,1.2937613649510067,8.0416100924
1610,1.2936678593416762,,0.0,1.2936678593416762,8.1379437545
1615,1.2934432059598493,,0.0,1.2934432059598493,8.1270350115
1620,1.293072339445258,,0.0,1.293072339445258,8.0654423024
1625,1.2925512999193267,,0.0,1.2925512999193267,7.9853613009
1630,1.2919099873118185,,0.0,1.2919099873118185,7.8695245376
1635,1.291194784726521,,0.0,1.291194784726521,7.8033762839
1640,1.290427582435565,,0.0,1.290427582435565,7.81624875
1645,1.2896788386539872,,0.0,1.2896788386539872,7.8314139126
1650,1.289066997166788,,0.0,1.289066997166788,7.7940661848
1655,1.28872776463155,,0.0,1.28872776463155,7.7915675062
1660,1.2887885652774904,,0.0,1.2887885652774904,7.7736015951
1665,1.2892850540513006,,0.0,1.2892850540513006,7.7837898466
1670,1.2903127915011747,,0.0,1.2903127915011747,7.78237949
1675,1.2919307912534648,,0.0,1.2919307912534648,7.82754466
1680,1.29416098298602,,0.0,1.29416098298602,7.8607002227
1685,1.2969938024955512,,0.0,1.2969938024955512,7.9089446496
1690,1.3003550643603978,,0.0,1.3003550643603978,7.8768932336
1695,1.3041403818447024,,0.0,1.3041403818447024,7.8169316437
1700,1.3081875152727545,,0.0,1.3081875152727545,7.6893371081
1705,1.3123118695508307,,0.0,1.3123118695508307,7.5348815259
1710,1.3163423404989423,,0.0,1.3163423404989423,7.3880611226
1715,1.3201130953924103,,0.0,1.3201130953924103,7.2411913456
1720,1.3234828211697431,,0.0,1.3234828211697431,7.0824613211
1725,1.3262921869506474,,0.0,1.3262921869506474,6.9387300163
1730,1.3284809107001077,,0.0,1.3284809107001077,6.8335321603
1735,1.3300621412545874,,0.0,1.3300621412545874,6.7483701435
1740,1.3310652904278006,,0.0,1.3310652904278006,6.7240399285
1745,1.3315013434050909,,0.0,1.3315013434050909,6.7441030384
1750,1.3313567621442772,,0.0,1.3313567621442772,6.803221893
1755,1.3306216092758676,,0.0,1.3306216092758676,6.8563844462
1760,1.329288019992895,,0.0,1.329288019992895,6.923579376
1765,1.3273722656884048,,0.0,1.3273722656884048,6.9665118058
1770,1.3249252059754986,,0.0,1.3249252059754986,6.9709270747
1775,1.322061180305974,,0.0,1.322061180305974,6.9423905647
1780,1.3189004692861184,,0.0,1.3189004692861184,6.9283165434
1785,1.315520062876173,,0.0,1.315520062876173,6.870325991
1790,1.3120588381118143,,0.0,1.3120588381118143,6.8038225146
1795,1.3087056372904478,,0.0,1.3087056372904478,6.7869474495
1800,1.3056817116349395,,0.0,1.3056817116349395,6.7061998854
1805,1.3031883269367286,,0.0,1.3031883269367286,6.6561429956
1810,1.301398806274135,,0.0,1.301398806274135,6.5823375292
1815,1.3003824836111333,,0.0,1.3003824836111333,6.5250490661
1820,1.3001091427821267,,0.0,1.3001091427821267,6.504888751
1825,1.3005027635243547,,0.0,1.3005027635243547,6.5069868439
1830,1.3014681373668386,,0.0,1.3014681373668386,6.5093080746
1835,1.302859275630989,,0.0,1.302859275630989,6.4915175418
1840,1.3044672740537526,,0.0,1.3044672740537526,6.4196621328
1845,1.305828269617237,,0.0,1.305828269617237,6.3054138552
1850,1.3067044374300132,,0.0,1.3067044374300132,6.1926796993
1855,1.3070875602118623,,0.0,1.3070875602118623,6.1221244909
1860,1.3071175346956587,,0.0,1.3071175346956587,6.0829421034
1865,1.3069135001080112,,0.0,1.3069135001080112,6.0712877421
1870,1.3065128477224173,,0.0,1.3065128477224173,6.0588552759
1875,1.3059297631021445,,0.0,1.3059297631021445,5.9707574655
1880,1.3051510195893883,,0.0,1.3051510195893883,5.8761084712
1885,1.3041160891109231,,0.0,1.3041160891109231,5.7598040767
1890,1.3028671509329457,,0.0,1.3028671509329457,5.6072901273
1895,1.301466468069357,,0.0,1.301466468069357,5.4828500078
1900,1.299991484240206,,0.0,1.299991484240206,5.3694986078
1905,1.2985295919211095,,0.0,1.2985295919211095,5.3387814079
1910,1.297157968001945,,0.0,1.297157968001945,5.3396624172
1915,1.2959690584940795,,0.0,1.2959690584940795,5.3220900161
1920,1.29496394497555,,0.0,1.29496394497555,5.3618515486
1925,1.294085700837893,,0.0,1.294085700837893,5.428353058
1930,1.2933933520836285,,0.0,1.2933933520836285,5.5173295916
1935,1.2928981510253015,,0.0,1.2928981510253015,5.6243293958
1940,1.2926319808487752,,0.0,1.2926319808487752,5.7283486299
1945,1.2926492035235646,,0.0,1.2926492035235646,5.8601814119
1950,1.2929001192319824,,0.0,1.2929001192319824,5.9681108216
1955,1.293300138353834,,0.0,1.293300138353834,6.0223609497
1960,1.293762289599238,,0.0,1.293762289599238,6.0370075585
1965,1.2942021895844553,,0.0,1.2942021895844553,6.0439365179
1970,1.2945234542015978,,0.0,1.2945234542015978,6.0398002808
1975,1.294695024517562,,0.0,1.294695024517562,6.0729660035
1980,1.2947056812889228,,0.0,1.2947056812889228,6.0734168801
1985,1.2945584291521388,,0.0,1.2945584291521388,6.0778951112
1990,1.2942801205294698,,0.0,1.2942801205294698,6.1098533875
1995,1.2939149962596026,,0.0,1.2939149962596026,6.1142897043
2000,1.2935117226017177,,0.0,1.2935117226017177,6.1032519545
2005,1.2931366891800196,,0.0,1.2931366891800196,6.1041215386
2010,1.2928599119348212,,0.0,1.2928599119348212,6.1294873752
2015,1.2927309159323228,,0.0,1.2927309159323228,6.1728697224
2020,1.2927724891623462,,0.0,1.2927724891623462,6.2185486211
2025,1.2929930253397557,,0.0,1.2929930253397557,6.2511504005
2030,1.2933859709372904,,0.0,1.2933859709372904,6.2701845932
2035,1.2939354227776427,,0.0,1.2939354227776427,6.2627271078
2040,1.2945984414999083,,0.0,1.2945984414999083,6.2148689531
2045,1.2953292611255194,,0.0,1.2953292611255194,6.1119252279
2050,1.2960836064595485,,0.0,1.2960836064595485,6.023299251
2055,1.2967853439725494,,0.0,1.2967853439725494,5.9469399964
2060,1.297398369215424,,0.0,1.297398369215424,5.8195070332
2065,1.2979248645520571,,0.0,1.2979248645520571,5.6971133843
2070,1.298383873835048,,0.0,1.298383873835048,5.5360170008
2075,1.2988052214500323,,0.0,1.2988052214500323,5.4122788037
2080,1.2992156088300268,,0.0,1.2992156088300268,5.3227451958
2085,1.2996406929585145,,0.0,1.2996406929585145,5.2509132424
2090,1.3001000053090965,,0.0,1.3001000053090965,5.2000771959
2095,1.3006021547439344,,0.0,1.3006021547439344,5.1670793884
2100,1.3011416513931127,,0.0,1.3011416513931127,5.1202930589
2105,1.3017049868182442,,0.0,1.3017049868182442,5.0764980913
2110,1.302266614233242,,0.0,1.302266614233242,5.0307317007
2115,1.302792729968063,,0.0,1.302792729968063,4.9839432642
2120,1.303239264569191,,0.0,1.303239264569191,4.969005943
2125,1.3035690856725533,,0.0,1.3035690856725533,4.9563477082
2130,1.3037683266239684,,0.0,1.3037683266239684,4.9588173641
2135,1.303844781537734,,0.0,1.303844781537734,4.937031729
2140,1.3038261926330548,,0.0,1.3038261926330548,4.9364682592
2145,1.3037547557106868,,0.0,1.3037547557106868,4.9540770601
2150,1.3036779721849199,,0.0,1.3036779721849199,4.9657075962
2155,1.303638253102817,,0.0,1.303638253102817,4.9500452997
2160,1.303662946626407,,0.0,1.303662946626407,4.9209023211
2165,1.3037625993296549,,0.0,1.3037625993296549,4.877149587
2170,1.3039310869898009,,0.0,1.3039310869898009,4.8227949216
2175,1.3041487269459804,,0.0,1.3041487269459804,4.7791112208
2180,1.3043864344123313,,0.0,1.3043864344123313,4.7390714928
2185,1.3046098837415676,,0.0,1.3046098837415676,4.6961857252
2190,1.3047859672003022,,0.0,1.3047859672003022,4.6612063173
2195,1.3048895922573025,,0.0,1.3048895922573025,4.6124185024
2200,1.3049091910572554,,0.0,1.3049091910572554,4.5371419257
2205,1.3048473961595177,,0.0,1.3048473961595177,4.4583312625
2210,1.3047207858860892,,0.0,1.3047207858860892,4.3887040691
2215,1.304557575522804,,0.0,1.304557575522804,4.3297289081
2220,1.3043936952623205,,0.0,1.3043936952623205,4.2833435031
2225,1.304267841420254,,0.0,1.304267841420254,4.2381851358
2230,1.3042140172694772,,0.0,1.3042140172694772,4.1840220869
2235,1.3042572559356183,,0.0,1.3042572559356183,4.13001736
2240,1.304409722201304,,0.0,1.304409722201304,4.0654198198
2245,1.3046724667536567,,0.0,1.3046724667536567,4.0107685271
2250,1.3050391185396297,,0.0,1.3050391185396297,3.965568637
2255,1.3054922547865577,,0.0,1.3054922547865577,3.9237090924
2260,1.306005118715202,,0.0,1.306005118715202,3.8854935836
2265,1.3065507617652325,,0.0,1.3065507617652325,3.8361814159
2270,1.3071015898354188,,0.0,1.3071015898354188,3.790573688
2275,1.3076188336402612,,0.0,1.3076188336402612,3.7458827946
2280,1.30809400273277,,0.0,1.30809400273277,3.7096660932
2285,1.308514760549113,,0.0,1.308514760549113,3.6861973619
2290,1.308867760036127,,0.0,1.308867760036127,3.6754969356
2295,1.3091426801631245,,0.0,1.3091426801631245,3.6831243588
2300,1.3093303173188362,,0.0,1.3093303173188362,3.6862829891
2305,1.3094236758002866,,0.0,1.3094236758002866,3.6970334812
2310,1.3094161870307952,,0.0,1.3094161870307952,3.7100432781
2315,1.309306022010814,,0.0,1.309306022010814,3.7221925372
2320,1.309099119815636,,0.0,1.309099119815636,3.7210889509
2325,1.3088038617839581,,0.0,1.3088038617839581,3.7123697324
2330,1.3084285706409466,,0.0,1.3084285706409466,3.698493087
2335,1.3079818666348373,,0.0,1.3079818666348373,3.6749695309
2340,1.3074716866513967,,0.0,1.3074716866513967,3.6561070197
2345,1.3069089689455409,,0.0,1.3069089689455409,3.6282779412
2350,1.306310841638139,,0.0,1.306310841638139,3.5996888654
2355,1.3057031984440075,,0.0,1.3057031984440075,3.5750683321
2360,1.3051133354462616,,0.0,1.3051133354462616,3.5561128065
2365,1.304565758149754,,0.0,1.304565758149754,3.5413302495
2370,1.3040800751563624,,0.0,1.3040800751563624,3.5198458824
2375,1.303669832330005,,0.0,1.303669832330005,3.4997272376
2380,1.303342064482347,,0.0,1.303342064482347,3.4971387422
2385,1.3030974156691486,,0.0,1.3030974156691486,3.4983421031
2390,1.302931042650498,,0.0,1.302931042650498,3.4750853678
2395,1.3028339952790375,,0.0,1.3028339952790375,3.4597954808
2400,1.3027950618360518,,0.0,1.3027950618360518,3.4328917169
2405,1.3028034323827302,,0.0,1.3028034323827302,3.3930370702
2410,1.3028459448153582,,0.0,1.3028459448153582,3.3406987186
2415,1.3029087218857545,,0.0,1.3029087218857545,3.2809351361
2420,1.3029787211924977,,0.0,1.3029787211924977,3.2325613848
2425,1.303044014288256,,0.0,1.303044014288256,3.1939992482
2430,1.3030939896489375,,0.0,1.3030939896489375,3.1717785185
2435,1.3031199316803117,,0.0,1.3031199316803117,3.1557400032
2440,1.30311533467663,,0.0,1.30311533467663,3.1519251123
2445,1.303076515094386,,0.0,1.303076515094386,3.1478894661
2450,1.3030036215466,,0.0,1.3030036215466,3.1455971277
2455,1.3029010893547006,,0.0,1.3029010893547006,3.146701095
2460,1.30277746421289,,0.0,1.30277746421289,3.1563378022
2465,1.302643871800766,,0.0,1.302643871800766,3.185851886
2470,1.3025147338188732,,0.0,1.3025147338188732,3.2169165911
2475,1.3024040163267716,,0.0,1.3024040163267716,3.2479743849
2480,1.3023228021330149,,0.0,1.3023228021330149,3.2742550038
2485,1.302281287219493,,0.0,1.302281287219493,3.2947887088
2490,1.3022801628694218,,0.0,1.3022801628694218,3.2955844536
2495,1.302315187027605,,0.0,1.302315187027605,3.2742523995
2500,1.302377594793161,,0.0,1.302377594793161,3.2569431875
2505,1.3024578376062776,,0.0,1.3024578376062776,3.2515314948
2510,1.3025441093951686,,0.0,1.3025441093951686,3.2739556552
2515,1.30262309181938,,0.0,1.30262309181938,3.2881897866
2520,1.3026824011866327,,0.0,1.3026824011866327,3.2986684272
2525,1.3027100155847784,,0.0,1.3027100155847784,3.3113681557
2530,1.3026916886588138,,0.0,1.3026916886588138,3.3187543811
2535,1.302632206520262,,0.0,1.302632206520262,3.3221003366
2540,1.3025294819532138,,0.0,1.3025294819532138,3.3347485751
2545,1.3023837491147605,,0.0,1.3023837491147605,3.3536311416
2550,1.3021983267979969,,0.0,1.3021983267979969,3.3735763741
2555,1.3019796262537613,,0.0,1.3019796262537613,3.3904508647
2560,1.3017366846586222,,0.0,1.3017366846586222,3.4075816364
2565,1.3014793624518144,,0.0,1.3014793624518144,3.4186943577
2570,1.301218782342656,,0.0,1.301218782342656,3.4203794529
2575,1.3009660774364449,,0.0,1.3009660774364449,3.4154022345
2580,1.3007295677850959,,0.0,1.3007295677850959,3.4047252739
2585,1.3005198448138056,,0.0,1.3005198448138056,3.4040681483
2590,1.3003386602948364,,0.0,1.3003386602948364,3.4108299831
2595,1.300186233929915,,0.0,1.300186233929915,3.4375563656
2600,1.3000644840250144,,0.0,1.3000644840250144,3.4600000256
2605,1.299973432758227,,0.0,1.299973432758227,3.4851945171
2610,1.2999112710308822,,0.0,1.2999112710308822,3.5052597306
2615,1.2998740481722733,,0.0,1.2998740481722733,3.5226682046
2620,1.2998595151852295,,0.0,1.2998595151852295,3.5202963958
2625,1.299865319805838,,0.0,1.299865319805838,3.505995644
2630,1.2998903416444014,,0.0,1.2998903416444014,3.4922277028
2635,1.2999299868655363,,0.0,1.2999299868655363,3.4743888362
2640,1.2999786125308872,,0.0,1.2999786125308872,3.4569670981
2645,1.300030425900967,,0.0,1.300030425900967,3.4269897786
2650,1.3000808416551952,,0.0,1.3000808416551952,3.3837342783
2655,1.3001284718806363,,0.0,1.3001284718806363,3.3414186462
2660,1.3001730000444287,,0.0,1.3001730000444287,3.2944585257
2665,1.300213517339835,,0.0,1.300213517339835,3.253049501
2670,1.3002487683284176,,0.0,1.3002487683284176,3.2226878104
2675,1.3002766329231668,,0.0,1.3002766329231668,3.1982061506
2680,1.3002940252999657,,0.0,1.3002940252999657,3.1632864385
2685,1.3002974445875417,,0.0,1.3002974445875417,3.1254641216
2690,1.3002846600064428,,0.0,1.3002846600064428,3.1050781098
2695,1.3002552082919647,,0.0,1.3002552082919647,3.0681156601
2700,1.3002105816138783,,0.0,1.3002105816138783,3.0294550337
2705,1.300153776984923,,0.0,1.300153776984923,3.0045809179
2710,1.300089622892618,,0.0,1.300089622892618,2.9804668252
2715,1.300024495637505,,0.0,1.300024495637505,2.9572536328
2720,1.2999656150797063,,0.0,1.2999656150797063,2.9544188914
2725,1.299919847814017,,0.0,1.299919847814017,2.9466608274
2730,1.2998922828215322,,0.0,1.2998922828215322,2.9552291105
2735,1.2998855488002439,,0.0,1.2998855488002439,2.974881563
2740,1.2998992108021186,,0.0,1.2998992108021186,2.9786748312
2745,1.2999329735813034,,0.0,1.2999329735813034,2.9850124939
2750,1.299985225661771,,0.0,1.299985225661771,2.9893871182
2755,1.3000519822145922,,0.0,1.3000519822145922,2.9841843168
2760,1.300128650889524,,0.0,1.300128650889524,2.9609323058
2765,1.3002075601458327,,0.0,1.3002075601458327,2.944383012
2770,1.300277739253538,,0.0,1.300277739253538,2.9219039926
2775,1.3003257482887165,,0.0,1.3003257482887165,2.9192409057
2780,1.300337511489458,,0.0,1.300337511489458,2.8930125619
2785,1.3003006045696548,,0.0,1.3003006045696548,2.8707530329
2790,1.30020651708243,,0.0,1.30020651708243,2.8496547693
2795,1.3000533782462937,,0.0,1.3000533782462937,2.8443890373
2800,1.2998470622854215,,0.0,1.2998470622854215,2.8498650847
2805,1.2995961320226304,,0.0,1.2995961320226304,2.8517839991
2810,1.2993134882759854,,0.0,1.2993134882759854,2.8632363461
2815,1.2990163364926506,,0.0,1.2990163364926506,2.8604057128
2820,1.298721155886277,,0.0,1.298721155886277,2.8719640357
2825,1.2984410722241508,,0.0,1.2984410722241508,2.8790977454
2830,1.298184855654649,,0.0,1.298184855654649,2.8923041747
2835,1.2979571712998796,,0.0,1.2979571712998796,2.9038278579
2840,1.2977605642939511,,0.0,1.2977605642939511,2.9050472037
2845,1.2975952143388165,,0.0,1.2975952143388165,2.8953368404
2850,1.2974596733238613,,0.0,1.2974596733238613,2.8794058837
2855,1.2973519477950217,,0.0,1.2973519477950217,2.8576649966
2860,1.2972703612271352,,0.0,1.2972703612271352,2.8149969898
2865,1.2972114875009808,,0.0,1.2972114875009808,2.7549064644
2870,1.29716806566756,,0.0,1.29716806566756,2.688077131
2875,1.29713405595908,,0.0,1.29713405595908,2.6254968146
2880,1.2971018918837174,,0.0,1.2971018918837174,2.5639562076
2885,1.297062863787802,,0.0,1.297062863787802,2.4937312458
2890,1.2970087511238066,,0.0,1.2970087511238066,2.4136249826
2895,1.2969336790735007,,0.0,1.2969336790735007,2.3430770816
2900,1.2968357515090023,,0.0,1.2968357515090023,2.2798388676
2905,1.2967179892052927,,0.0,1.2967179892052927,2.239933252
2910,1.2965886212247018,,0.0,1.2965886212247018,2.2139164997
2915,1.2964608011561412,,0.0,1.2964608011561412,2.2123089344
2920,1.2963512961324244,,0.0,1.2963512961324244,2.2362470787
2925,1.2962780804082439,,0.0,1.2962780804082439,2.2668192072
2930,1.2962584377471529,,0.0,1.2962584377471529,2.296508387
2935,1.2963070183632541,,0.0,1.2963070183632541,2.3277201234
2940,1.296432687948938,,0.0,1.296432687948938,2.3590766604
2945,1.2966360957084502,,0.0,1.2966360957084502,2.347567075
2950,1.2969090003023023,,0.0,1.2969090003023023,2.3384851898
2955,1.2972341464816317,,0.0,1.2972341464816317,2.3293353493
2960,1.2975913558458059,,0.0,1.2975913558458059,2.3260496556
2965,1.2979589285176558,,0.0,1.2979589285176558,2.353901012
2970,1.2983154914498454,,0.0,1.2983154914498454,2.3790716427
2975,1.2986425396976162,,0.0,1.2986425396976162,2.4073749941
2980,1.2989258937372703,,0.0,1.2989258937372703,2.4564904941
2985,1.2991547634318648,,0.0,1.2991547634318648,2.5016839866
2990,1.29932330673526,,0.0,1.29932330673526,2.5405468564
2995,1.2994325689880741,,0.0,1.2994325689880741,2.5650218376
3000,1.299488094812387,,0.0,1.299488094812387,2.5539999586
3005,1.299498790791447,,0.0,1.299498790791447,2.5323961824
3010,1.299475839634232,,0.0,1.299475839634232,2.505739289
3015,1.2994304527624292,,0.0,1.2994304527624292,2.4591743737
3020,1.2993748583246432,,0.0,1.2993748583246432,2.428503308
3025,1.299323304656064,,0.0,1.299323304656064,2.3862110174
3030,1.2992905368217427,,0.0,1.2992905368217427,2.3402161878
3035,1.2992901847445275,,0.0,1.2992901847445275,2.316064384
3040,1.2993334048959218,,0.0,1.2993334048959218,2.3021600323
3045,1.2994276548574746,,0.0,1.2994276548574746,2.3123480936
3050,1.2995755625351026,,0.0,1.2995755625351026,2.3391570796
3055,1.299774234875875,,0.0,1.299774234875875,2.3568681347
3060,1.300015281135208,,0.0,1.300015281135208,2.3742052815
3065,1.3002855999021128,,0.0,1.3002855999021128,2.3836688665
3070,1.3005689318626839,,0.0,1.3005689318626839,2.4004412686
3075,1.3008482667171675,,0.0,1.3008482667171675,2.3977583053
3080,1.3011082097012197,,0.0,1.3011082097012197,2.3641636181
3085,1.3013372007812654,,0.0,1.3013372007812654,2.3365662696
3090,1.3015292314764644,,0.0,1.3015292314764644,2.3071504966
3095,1.301684437330603,,0.0,1.301684437330603,2.2713210102
3100,1.3018087781119274,,0.0,1.3018087781119274,2.2484242749
3105,1.3019126084152906,,0.0,1.3019126084152906,2.2349685249
3110,1.302008314606224,,0.0,1.302008314606224,2.2344285642
3115,1.3021084189900836,,0.0,1.3021084189900836,2.2407941156
3120,1.3022235854669029,,0.0,1.3022235854669029,2.2447164959
3125,1.3023611174606877,,0.0,1.3023611174606877,2.2430692871
3130,1.3025239809942528,,0.0,1.3025239809942528,2.2276848317
3135,1.3027104044934679,,0.0,1.3027104044934679,2.1983718106
3140,1.3029138709655192,,0.0,1.3029138709655192,2.1674841604
3145,1.303123851064067,,0.0,1.303123851064067,2.152487955
3150,1.303326940904587,,0.0,1.303326940904587,2.1443177871
3155,1.3035081660173855,,0.0,1.3035081660173855,2.1396678934
3160,1.303652453022439,,0.0,1.303652453022439,2.1291016227
3165,1.3037459766514694,,0.0,1.3037459766514694,2.1151011684
3170,1.3037775048888471,,0.0,1.3037775048888471,2.1047309584
3175,1.303739521143456,,0.0,1.303739521143456,2.0948630302
3180,1.3036291247386458,,0.0,1.3036291247386458,2.0849405185
3185,1.303448494473965,,0.0,1.303448494473965,2.0767976482
3190,1.3032047082301417,,0.0,1.3032047082301417,2.0614795649
3195,1.3029088051526099,,0.0,1.3029088051526099,2.0406249602
3200,1.302574248135461,,0.0,1.302574248135461,2.0163586778
3205,1.3022143290836545,,0.0,1.3022143290836545,1.9904192674
3210,1.30184384286394,,0.0,1.30184384286394,1.9784847629
3215,1.3014767941495204,,0.0,1.3014767941495204,1.9802694339
3220,1.3011237496132568,,0.0,1.3011237496132568,1.9930287105
3225,1.3007942484090738,,0.0,1.3007942484090738,1.9990583861
3230,1.3004975257322209,,0.0,1.3004975257322209,2.0104759263
3235,1.3002429985590969,,0.0,1.3002429985590969,2.0265377317
3240,1.300040924851439,,0.0,1.300040924851439,2.0251995598
3245,1.2999030737505497,,0.0,1.2999030737505497,2.0260687142
3250,1.2998353559160412,,0.0,1.2998353559160412,2.0229379925
3255,1.2998460885285572,,0.0,1.2998460885285572,2.0176490675
3260,1.299944849553684,,0.0,1.299944849553684,2.0171311484
3265,1.3001360341150583,,0.0,1.3001360341150583,2.0006313317
3270,1.3004170513362567,,0.0,1.3004170513362567,1.9984942888
3275,1.3007774822663538,,0.0,1.3007774822663538,1.9950264441
3280,1.3011993483932547,,0.0,1.3011993483932547,1.9872819557
3285,1.301658517180293,,0.0,1.301658517180293,1.9833258942
3290,1.302126862153014,,0.0,1.302126862153014,1.9794379215
3295,1.302575286941462,,0.0,1.302575286941462,1.9790940692
3300,1.3029767890252166,,0.0,1.3029767890252166,1.9959883295
3305,1.3033089579370716,,0.0,1.3033089579370716,2.0025629985
3310,1.3035560560433364,,0.0,1.3035560560433364,1.9866122767
3315,1.3037098765587825,,0.0,1.3037098765587825,1.9619643018
3320,1.303769225430762,,0.0,1.303769225430762,1.9247296363
3325,1.3037390142156322,,0.0,1.3037390142156322,1.8878828053
3330,1.3036285984049916,,0.0,1.3036285984049916,1.8684611872
3335,1.3034501023856557,,0.0,1.3034501023856557,1.8490829198
3340,1.3032171359815772,,0.0,1.3032171359815772,1.8207479536
3345,1.3029435390154067,,0.0,1.3029435390154067,1.8026879878
3350,1.3026425662636014,,0.0,1.3026425662636014,1.8332494417
3355,1.3023270783464336,,0.0,1.3023270783464336,1.8605025283
3360,1.302010082517009,,0.0,1.302010082517009,1.898054046
3365,1.3017052202822692,,0.0,1.3017052202822692,1.921219335
3370,1.3014269660157285,,0.0,1.3014269660157285,1.9061213965
3375,1.3011903008207055,,0.0,1.3011903008207055,1.8943968035
3380,1.3010098800597896,,0.0,1.3010098800597896,1.9002250175
3385,1.300898745441336,,0.0,1.300898745441336,1.9212829631
3390,1.3008667208701343,,0.0,1.3008667208701343,1.9292291666
3395,1.300918471468292,,0.0,1.300918471468292,1.9201325333
3400,1.301052311304758,,0.0,1.301052311304758,1.9046735885
3405,1.3012599416146267,,0.0,1.3012599416146267,1.8957540258
3410,1.301527129706183,,0.0,1.301527129706183,1.8954221893
3415,1.3018355362772958,,0.0,1.3018355362772958,1.8955173347
3420,1.3021653362916685,,0.0,1.3021653362916685,1.8873958975
3425,1.3024979083695583,,0.0,1.3024979083695583,1.8989849558
3430,1.3028180881413562,,0.0,1.3028180881413562,1.9125016549
3435,1.3031192905948317,,0.0,1.3031192905948317,1.9235644237
3440,1.3033994448506179,,0.0,1.3033994448506179,1.9367700849
3445,1.3036560196359137,,0.0,1.3036560196359137,1.9537570338
3450,1.3038903821707033,,0.0,1.3038903821707033,1.9852420291
3455,1.3041057612485913,,0.0,1.3041057612485913,2.0137754882
3460,1.3043043862628991,,0.0,1.3043043862628991,2.0228301178
3465,1.3044846015794336,,0.0,1.3044846015794336,2.0187637588
3470,1.3046390759525643,,0.0,1.3046390759525643,1.9999587888
3475,1.3047546708428002,,0.0,1.3047546708428002,1.9665347611
3480,1.3048134628862484,,0.0,1.3048134628862484,1.9304401992
3485,1.3047950795249599,,0.0,1.3047950795249599,1.9058228744
3490,1.3046801288885033,,0.0,1.3046801288885033,1.884941719
3495,1.3044539913566613,,0.0,1.3044539913566613,1.8729076406
3500,1.30411013201593,,0.0,1.30411013201593,1.8522926143
3505,1.3036523824287791,,0.0,1.3036523824287791,1.8169349984
3510,1.3030958200346163,,0.0,1.3030958200346163,1.7742638429
3515,1.3024662493408417,,0.0,1.3024662493408417,1.7437617911
3520,1.3017979888660685,,0.0,1.3017979888660685,1.7244785948
3525,1.3011307696725298,,0.0,1.3011307696725298,1.7186201015
3530,1.3005060979609258,,0.0,1.3005060979609258,1.7242835377
3535,1.2999633620231525,,0.0,1.2999633620231525,1.7397449941
3540,1.2995360236499993,,0.0,1.2995360236499993,1.7591024944
3545,1.2992497640822376,,0.0,1.2992497640822376,1.7750747109
3550,1.2991277636837053,,0.0,1.2991277636837053,1.8051828235
3555,1.2991604783500108,,0.0,1.2991604783500108,1.8290479748
3560,1.299330810455162,,0.0,1.299330810455162,1.8482973991
3565,1.2996120440117693,,0.0,1.2996120440117693,1.8713497801
3570,1.2999709780196467,,0.0,1.2999709780196467,1.8987339216
3575,1.300372833566747,,0.0,1.300372833566747,1.9598066316
3580,1.3007859912280901,,0.0,1.3007859912280901,2.011358855
3585,1.3011856516391014,,0.0,1.3011856516391014,2.0460709704
3590,1.3015561033045555,,0.0,1.3015561033045555,2.0570720434
3595,1.301891495663511,,0.0,1.301891495663511,2.0759803018
3600,1.3021948622631525,,0.0,1.3021948622631525,2.0949284195
3605,1.3024770688835585,,0.0,1.3024770688835585,2.1302627412
3610,1.3027557275042463,,0.0,1.3027557275042463,2.1598155133
3615,1.3030376971953008,,0.0,1.3030376971953008,2.1793809527
3620,1.303326972884604,,0.0,1.303326972884604,2.1969810904
3625,1.3036238807089235,,0.0,1.3036238807089235,2.1898437531
3630,1.3039237228730691,,0.0,1.3039237228730691,2.1594062178
3635,1.3042164385429005,,0.0,1.3042164385429005,2.1093358275
3640,1.3044873526529701,,0.0,1.3044873526529701,2.0941878858
3645,1.3047188622336117,,0.0,1.3047188622336117,2.057206359
3650,1.304892698279325,,0.0,1.304892698279325,2.0149262457
3655,1.3049922467257373,,0.0,1.3049922467257373,1.991185167
3660,1.305004211113459,,0.0,1.305004211113459,1.989409337
3665,1.3049193917915942,,0.0,1.3049193917915942,2.0060112025
3670,1.304731484142364,,0.0,1.304731484142364,2.0634731102
3675,1.3044409474700995,,0.0,1.3044409474700995,2.1170577962
3680,1.3040584258729664,,0.0,1.3040584258729664,2.140502736
3685,1.3036014839050063,,0.0,1.3036014839050063,2.1473800224
3690,1.303091108675146,,0.0,1.303091108675146,2.1317058541
3695,1.3025496189679422,,0.0,1.3025496189679422,2.09580109
3700,1.3020010607858978,,0.0,1.3020010607858978,2.058914035
3705,1.3014674939051345,,0.0,1.3014674939051345,2.021833415
3710,1.300967507329341,,0.0,1.300967507329341,1.9778174443
3715,1.3005155829567416,,0.0,1.3005155829567416,1.9439008067
3720,1.3001217406316095,,0.0,1.3001217406316095,1.9244206001
3725,1.299791151611802,,0.0,1.299791151611802,1.891985851
3730,1.2995239045106783,,0.0,1.2995239045106783,1.8561603062
3735,1.2993154446015456,,0.0,1.2993154446015456,1.8431725651
3740,1.2991577835137798,,0.0,1.2991577835137798,1.8389378298
3745,1.2990409570463566,,0.0,1.2990409570463566,1.8318773731
3750,1.2989539219944595,,0.0,1.2989539219944595,1.8304677646
3755,1.2988866087121165,,0.0,1.2988866087121165,1.8264902601
3760,1.2988309948684997,,0.0,1.2988309948684997,1.8378324539
3765,1.2987808388157718,,0.0,1.2987808388157718,1.8481509039
3770,1.298731247413313,,0.0,1.298731247413313,1.8465064709
3775,1.2986783513760944,,0.0,1.2986783513760944,1.8142258428
3780,1.2986191795328157,,0.0,1.2986191795328157,1.7708462643
3785,1.298551683875267,,0.0,1.298551683875267,1.7501135386
3790,1.2984748577754839,,0.0,1.2984748577754839,1.7327797744
3795,1.2983890149940656,,0.0,1.2983890149940656,1.7220021968
3800,1.2982960554212482,,0.0,1.2982960554212482,1.7033081758
3805,1.2981995702248232,,0.0,1.2981995702248232,1.6937529786
3810,1.2981045404657046,,0.0,1.2981045404657046,1.6907561734
3815,1.29801663868604,,0.0,1.29801663868604,1.6847922198
3820,1.2979416852489238,,0.0,1.2979416852489238,1.6781377141
3825,1.2978851800242142,,0.0,1.2978851800242142,1.6704335435
3830,1.2978516689267734,,0.0,1.2978516689267734,1.666156336
3835,1.2978439800594046,,0.0,1.2978439800594046,1.6672729196
3840,1.2978626761911998,,0.0,1.2978626761911998,1.6628949846
3845,1.2979058369369898,,0.0,1.2979058369369898,1.6536622739
3850,1.2979692345979326,,0.0,1.2979692345979326,1.6519056356
3855,1.2980468016836209,,0.0,1.2980468016836209,1.6528056607
3860,1.2981313140765303,,0.0,1.2981313140765303,1.6400669015
3865,1.2982152064729489,,0.0,1.2982152064729489,1.6187717308
3870,1.2982913252500032,,0.0,1.2982913252500032,1.6016223485
3875,1.298353407868885,,0.0,1.298353407868885,1.5843171862
3880,1.2983962339631039,,0.0,1.2983962339631039,1.5789811645
3885,1.2984155774179678,,0.0,1.2984155774179678,1.5706835292
3890,1.2984081377571093,,0.0,1.2984081377571093,1.5617427838
3895,1.2983698083701103,,0.0,1.2983698083701103,1.5612888413
3900,1.2982988171877936,,0.0,1.2982988171877936,1.5621391768
3905,1.2981964011338507,,0.0,1.2981964011338507,1.5584196872
3910,1.298066520284876,,0.0,1.298066520284876,1.5605183172
3915,1.2979153505465049,,0.0,1.2979153505465049,1.5448123777
3920,1.2977496834644524,,0.0,1.2977496834644524,1.5458238077
3925,1.297579511160377,,0.0,1.297579511160377,1.55363996
3930,1.2974151750608898,,0.0,1.2974151750608898,1.5986831492
3935,1.2972657326394739,,0.0,1.2972657326394739,1.622828657
3940,1.297137357821578,,0.0,1.297137357821578,1.6324799394
3945,1.2970323629703513,,0.0,1.2970323629703513,1.6252763427
3950,1.2969491223524214,,0.0,1.2969491223524214,1.617218749
3955,1.2968828290643046,,0.0,1.2968828290643046,1.6246613501
3960,1.2968268064111208,,0.0,1.2968268064111208,1.6149442704
3965,1.2967740128485696,,0.0,1.2967740128485696,1.5910422343
3970,1.2967184650441832,,0.0,1.2967184650441832,1.5765585045
3975,1.296653520263285,,0.0,1.296653520263285,1.5984049726
3980,1.296577471188806,,0.0,1.296577471188806,1.6336756045
3985,1.2964936006734515,,0.0,1.2964936006734515,1.6529039524
3990,1.2964077201694746,,0.0,1.2964077201694746,1.6697549719
3995,1.2963266710242887,,0.0,1.2963266710242887,1.6595797541
4000,1.2962568561719472,,0.0,1.2962568561719472,1.6448532152
4005,1.2962031989509184,,0.0,1.2962031989509184,1.6188425061
4010,1.2961687098392114,,0.0,1.2961687098392114,1.5760789686
4015,1.2961543454650746,,0.0,1.2961543454650746,1.5329804428
4020,1.2961591592992123,,0.0,1.2961591592992123,1.4880828046
4025,1.296180653236953,,0.0,1.296180653236953,1.4698459715
4030,1.2962153408623878,,0.0,1.2962153408623878,1.4658432518
4035,1.296259448038464,,0.0,1.296259448038464,1.4740092263
4040,1.2963095861705014,,0.0,1.2963095861705014,1.5056349957
4045,1.2963633631928322,,0.0,1.2963633631928322,1.5193901646
4050,1.2964197953486485,,0.0,1.2964197953486485,1.5458141092
4055,1.29647944570407,,0.0,1.29647944570407,1.5617816687
4060,1.2965442552382094,,0.0,1.2965442552382094,1.5640451106
4065,1.296617221359842,,0.0,1.296617221359842,1.5476268706
4070,1.2967020207808295,,0.0,1.2967020207808295,1.5331972994
4075,1.2968025468454705,,0.0,1.2968025468454705,1.5105373281
4080,1.2969223673553518,,0.0,1.2969223673553518,1.5143859098
4085,1.2970639134848305,,0.0,1.2970639134848305,1.519837871
4090,1.2972273051342182,,0.0,1.2972273051342182,1.5215610843
4095,1.2974089828187128,,0.0,1.2974089828187128,1.5165946568
4100,1.297600714802731,,0.0,1.297600714802731,1.5159001305
4105,1.2977893908634532,,0.0,1.2977893908634532,1.5174091207
4110,1.2979574485260332,,0.0,1.2979574485260332,1.5208996904
4115,1.2980842427588164,,0.0,1.2980842427588164,1.5062791286
4120,1.2981489301154292,,0.0,1.2981489301154292,1.4738978461
4125,1.2981352213811457,,0.0,1.2981352213811457,1.4496206552
4130,1.2980378638134211,,0.0,1.2980378638134211,1.4257869526
4135,1.2978665338921358,,0.0,1.2978665338921358,1.4155287964
4140,1.2976441640617393,,0.0,1.2976441640617393,1.4071011584
4145,1.2973997531679864,,0.0,1.2973997531679864,1.4049861308
4150,1.2971610561032767,,0.0,1.2971610561032767,1.3965056814
4155,1.2969500663074742,,0.0,1.2969500663074742,1.3807860035
4160,1.2967803506344773,,0.0,1.2967803506344773,1.3701716739
4165,1.296655675201582,,0.0,1.296655675201582,1.3622988981
4170,1.2965702871700648,,0.0,1.2965702871700648,1.3471051696
4175,1.296511136514785,,0.0,1.296511136514785,1.3362650207
4180,1.2964616987748228,,0.0,1.2964616987748228,1.3243021387
4185,1.29640684552096,,0.0,1.29640684552096,1.3030548216
4190,1.2963364723549473,,0.0,1.2963364723549473,1.2770008469
4195,1.2962474474133237,,0.0,1.2962474474133237,1.2462303496
4200,1.2961432885969686,,0.0,1.2961432885969686,1.2137250112
4205,1.2960315079425682,,0.0,1.2960315079425682,1.1970068093
4210,1.2959213727243986,,0.0,1.2959213727243986,1.1937320037
4215,1.2958209446790048,,0.0,1.2958209446790048,1.1954425537
4220,1.2957349619973881,,0.0,1.2957349619973881,1.202566899
4225,1.2956644287332715,,0.0,1.2956644287332715,1.2080313038
4230,1.2956076282627083,,0.0,1.2956076282627083,1.220948605
4235,1.2955612674360226,,0.0,1.2955612674360226,1.2415229353
4240,1.2955211216236617,,0.0,1.2955211216236617,1.2493996062
4245,1.2954834858961028,,0.0,1.2954834858961028,1.2589312948
4250,1.2954464701650341,,0.0,1.2954464701650341,1.270836071
4255,1.295410406903822,,0.0,1.295410406903822,1.2767106112
4260,1.2953771692701794,,0.0,1.2953771692701794,1.2894844115
4265,1.2953487962624664,,0.0,1.2953487962624664,1.3085867132
4270,1.2953261517371792,,0.0,1.2953261517371792,1.3215290312
4275,1.2953083872832787,,0.0,1.2953083872832787,1.3307167795
4280,1.2952930063802424,,0.0,1.2952930063802424,1.3281440188
4285,1.2952764827113974,,0.0,1.2952764827113974,1.3177701713
4290,1.2952551299609762,,0.0,1.2952551299609762,1.2900883108
4295,1.2952259603241092,,0.0,1.2952259603241092,1.2777805478
4300,1.2951873534139289,,0.0,1.2951873534139289,1.2893724306
4305,1.2951394022992149,,0.0,1.2951394022992149,1.3004644104
4310,1.2950838493463428,,0.0,1.2950838493463428,1.3047168832
4315,1.2950236888947984,,0.0,1.2950236888947984,1.3394803083
4320,1.294962821021516,,0.0,1.294962821021516,1.3757229041
4325,1.2949052712482636,,0.0,1.2949052712482636,1.3883290101
4330,1.2948543403484365,,0.0,1.2948543403484365,1.3868457918
4335,1.2948118938560294,,0.0,1.2948118938560294,1.3641493826
4340,1.294777916919641,,0.0,1.294777916919641,1.3398368991
4345,1.2947504104416765,,0.0,1.2947504104416765,1.323752437
4350,1.2947253485043304,,0.0,1.2947253485043304,1.3121280383
4355,1.2946973661874752,,0.0,1.2946973661874752,1.3038352776
4360,1.2946612056990903,,0.0,1.2946612056990903,1.2831701254
4365,1.2946118158796491,,0.0,1.2946118158796491,1.2605307018
4370,1.294545017544886,,0.0,1.294545017544886,1.2409491252
4375,1.2944579989285394,,0.0,1.2944579989285394,1.2278024614
4380,1.294349653799247,,0.0,1.294349653799247,1.2211764196
4385,1.2942207580932106,,0.0,1.2942207580932106,1.2113178096
4390,1.294073949221244,,0.0,1.294073949221244,1.2052208127
4395,1.293913495872056,,0.0,1.293913495872056,1.1978411586
4400,1.2937448616780858,,0.0,1.2937448616780858,1.1876930075
4405,1.2935741286841147,,0.0,1.2935741286841147,1.1731973467
4410,1.293407416855501,,0.0,1.293407416855501,1.1612489303
4415,1.29325033606148,,0.0,1.29325033606148,1.1465699051
4420,1.2931075546914685,,0.0,1.2931075546914685,1.1351240209
4425,1.2929825609435432,,0.0,1.2929825609435432,1.1263742041
4430,1.2928775442112523,,0.0,1.2928775442112523,1.1211547087
4435,1.2927934364695177,,0.0,1.2927934364695177,1.1169595292
4440,1.2927299646505788,,0.0,1.2927299646505788,1.1153160056
4445,1.2926850330237236,,0.0,1.2926850330237236,1.1213110809
4450,1.2926564509082834,,0.0,1.2926564509082834,1.1225405825
4455,1.2926416442594226,,0.0,1.2926416442594226,1.1340526174
4460,1.2926374431940937,,0.0,1.2926374431940937,1.1406229752
4465,1.2926400463476755,,0.0,1.2926400463476755,1.137196636
4470,1.292645110774454,,0.0,1.292645110774454,1.1382593368
4475,1.292648043332112,,0.0,1.292648043332112,1.1397024483
4480,1.2926444654315723,,0.0,1.2926444654315723,1.137783588
4485,1.2926307282816079,,0.0,1.2926307282816079,1.1363806984
4490,1.2926042809065592,,0.0,1.2926042809065592,1.1231622951
4495,1.292563802620833,,0.0,1.292563802620833,1.1073667553
4500,1.2925090537228154,,0.0,1.2925090537228154,1.0939539053
4505,1.2924405349027417,,0.0,1.2924405349027417,1.0807501317
4510,1.29235916229404,,0.0,1.29235916229404,1.0691346466
4515,1.2922660686625758,,0.0,1.2922660686625758,1.0556395994
4520,1.2921624564767897,,0.0,1.2921624564767897,1.0437463489
4525,1.2920497481048685,,0.0,1.2920497481048685,1.0256988005
4530,1.291929812744152,,0.0,1.291929812744152,1.0102709625
4535,1.2918049697874527,,0.0,1.2918049697874527,1.0038800327
4540,1.2916779464470556,,0.0,1.2916779464470556,0.99564912556
4545,1.291550961324264,,0.0,1.291550961324264,0.98581233414
4550,1.2914263556929537,,0.0,1.2914263556929537,0.98511076217
4555,1.2913061055815438,,0.0,1.2913061055815438,0.98768527918
4560,1.2911911362323216,,0.0,1.2911911362323216,0.99023010198
4565,1.291081118736258,,0.0,1.291081118736258,0.99174847215
4570,1.2909745472602923,,0.0,1.2909745472602923,0.98948593972
4575,1.2908692027080744,,0.0,1.2908692027080744,0.98699905043
4580,1.2907629173691029,,0.0,1.2907629173691029,0.97881310124
4585,1.2906544144189216,,0.0,1.2906544144189216,0.96951997384
4590,1.2905439658361892,,0.0,1.2905439658361892,0.96485629218
4595,1.2904336081440313,,0.0,1.2904336081440313,0.9636656655
4600,1.2903268235009553,,0.0,1.2903268235009553,0.95961274848
4605,1.290227775744778,,0.0,1.290227775744778,0.95475668114
4610,1.2901403303981736,,0.0,1.2901403303981736,0.95348749559
4615,1.2900671551688137,,0.0,1.2900671551688137,0.95250114134
4620,1.2900092007443862,,0.0,1.2900092007443862,0.94821084516
4625,1.289965668911588,,0.0,1.289965668911588,0.94597470571
4630,1.2899343440393958,,0.0,1.2899343440393958,0.94607378091
4635,1.2899122477288272,,0.0,1.2899122477288272,0.95827989208
4640,1.2898962874231301,,0.0,1.2898962874231301,0.97251300574
4645,1.2898837495733078,,0.0,1.2898837495733078,0.98868869757
4650,1.2898723045885867,,0.0,1.2898723045885867,1.0013269854
4655,1.2898589253573884,,0.0,1.2898589253573884,1.0026176611
4660,1.2898403203141862,,0.0,1.2898403203141862,1.0094936644
4665,1.2898135615547617,,0.0,1.2898135615547617,1.0127594443
4670,1.289775329889982,,0.0,1.289775329889982,1.0148805252
4675,1.2897223521700576,,0.0,1.2897223521700576,1.0153895177
4680,1.2896522001909114,,0.0,1.2896522001909114,1.0094284621
4685,1.2895641070261916,,0.0,1.2895641070261916,1.0072723377
4690,1.2894595911821543,,0.0,1.2894595911821543,1.0073798344
4695,1.2893424978845587,,0.0,1.2893424978845587,1.0053194987
4700,1.289218379082176,,0.0,1.289218379082176,1.0032950681
4705,1.2890934022648481,,0.0,1.2890934022648481,0.99684241297
4710,1.28897315938112,,0.0,1.28897315938112,0.99827093782
4715,1.2888615377357207,,0.0,1.2888615377357207,0.99226787443
4720,1.2887603790013937,,0.0,1.2887603790013937,0.98437769793
4725,1.288670279511397,,0.0,1.288670279511397,0.9809676127
4730,1.2885906821401714,,0.0,1.2885906821401714,0.97855245862
4735,1.288520456894113,,0.0,1.288520456894113,0.97780094937
4740,1.288458270018396,,0.0,1.288458270018396,0.97309765901
4745,1.2884026435015838,,0.0,1.2884026435015838,0.96677638953
4750,1.2883517513144087,,0.0,1.2883517513144087,0.96257116284
4755,1.2883031905991849,,0.0,1.2883031905991849,0.95588412088
4760,1.2882538847396645,,0.0,1.2882538847396645,0.94527389501
4765,1.288200048509748,,0.0,1.288200048509748,0.93128088069
4770,1.2881382096518628,,0.0,1.2881382096518628,0.91938703411
4775,1.2880660705552516,,0.0,1.2880660705552516,0.9151167293
4780,1.287983056470693,,0.0,1.287983056470693,0.91533395387
4785,1.2878906668946493,,0.0,1.2878906668946493,0.91729343346
4790,1.2877924056686736,,0.0,1.2877924056686736,0.91853304058
4795,1.2876932288043164,,0.0,1.2876932288043164,0.92541628277
4800,1.2875994233947028,,0.0,1.2875994233947028,0.93180370687
4805,1.287521499974398,,0.0,1.287521499974398,0.93033390214
4810,1.2874582250850373,,0.0,1.2874582250850373,0.92579206273
4815,1.2874103393164882,,0.0,1.2874103393164882,0.92270963878
4820,1.287376862773307,,0.0,1.287376862773307,0.92018013408
4825,1.287355433290647,,0.0,1.287355433290647,0.91339146136
4830,1.2873426923726674,,0.0,1.2873426923726674,0.90526230339
4835,1.2873345408346502,,0.0,1.2873345408346502,0.89401982593
4840,1.287326618305238,,0.0,1.287326618305238,0.88428235918
4845,1.287315499259266,,0.0,1.287315499259266,0.87811361683
4850,1.2872983645047709,,0.0,1.2872983645047709,0.87086129307
4855,1.2872731242516025,,0.0,1.2872731242516025,0.86037053917
4860,1.28723847533882,,0.0,1.28723847533882,0.85445783086
4865,1.287193937670131,,0.0,1.287193937670131,0.85034830759
4870,1.287139859362377,,0.0,1.287139859362377,0.84465825536
4875,1.287077378626937,,0.0,1.287077378626937,0.8415283174
4880,1.2870083302059006,,0.0,1.2870083302059006,0.84358612234
4885,1.2869350952739083,,0.0,1.2869350952739083,0.84857524706
4890,1.286860448567729,,0.0,1.286860448567729,0.85770557924
4895,1.2867871976952332,,0.0,1.2867871976952332,0.86548007197
4900,1.2867176769996422,,0.0,1.2867176769996422,0.87165222334
4905,1.2866534143931003,,0.0,1.2866534143931003,0.8765090946
4910,1.2865950058128277,,0.0,1.2865950058128277,0.87558829143
4915,1.2865422685865917,,0.0,1.2865422685865917,0.87623173514
4920,1.2864944384612917,,0.0,1.2864944384612917,0.87563068163
4925,1.2864504256411171,,0.0,1.2864504256411171,0.87443495837
4930,1.2864089898360582,,0.0,1.2864089898360582,0.87123509804
4935,1.2863688370930437,,0.0,1.2863688370930437,0.86698412297
4940,1.2863289533584075,,0.0,1.2863289533584075,0.86299964233
4945,1.2862883990335077,,0.0,1.2862883990335077,0.85929102764
4950,1.286244589479509,,0.0,1.286244589479509,0.85222830028
4955,1.2861975037064315,,0.0,1.2861975037064315,0.84384536861
4960,1.2861485612111907,,0.0,1.2861485612111907,0.83716332625
4965,1.286099582973578,,0.0,1.286099582973578,0.83435747414
4970,1.2860524822500898,,0.0,1.2860524822500898,0.8336871209
4975,1.2860090606146877,,0.0,1.2860090606146877,0.83259782355
4980,1.2859708329102815,,0.0,1.2859708329102815,0.83180122405
4985,1.2859388583387965,,0.0,1.2859388583387965,0.82832999932
4990,1.2859136001649374,,0.0,1.2859136001649374,0.8172188108
4995,1.2858948485879116,,0.0,1.2858948485879116,0.81107516084
5000,1.2858817534145113,,0.0,1.2858817534145113,0.80661618334
5005,1.2858729563355937,,0.0,1.2858729563355937,0.80194993646
5010,1.2858667994397512,,0.0,1.2858667994397512,0.79605457618
5015,1.2858615689743087,,0.0,1.2858615689743087,0.78860331
5020,1.285855720492562,,0.0,1.285855720492562,0.78405750558
5025,1.285848042219193,,0.0,1.285848042219193,0.78141612356
5030,1.2858377370300003,,0.0,1.2858377370300003,0.78232889659
5035,1.2858243732442591,,0.0,1.2858243732442591,0.78337911391
5040,1.2858077951202769,,0.0,1.2858077951202769,0.78633273218
5045,1.2857883866162763,,0.0,1.2857883866162763,0.79181752529
5050,1.2857668333719405,,0.0,1.2857668333719405,0.79820105972
5055,1.2857439945903273,,0.0,1.2857439945903273,0.80997952409
5060,1.2857207368011847,,0.0,1.2857207368011847,0.82432720283
5065,1.2856979318807658,,0.0,1.2856979318807658,0.83922815886
5070,1.285676494972405,,0.0,1.285676494972405,0.85224063006
5075,1.2856571633986622,,0.0,1.2856571633986622,0.86826109855
5080,1.2856404779485548,,0.0,1.2856404779485548,0.8812834367
5085,1.2856268058477271,,0.0,1.2856268058477271,0.88957926557
5090,1.2856163449168416,,0.0,1.2856163449168416,0.89421224531
5095,1.2856091068390008,,0.0,1.2856091068390008,0.88950029566
5100,1.2856049045855595,,0.0,1.2856049045855595,0.89461539381
5105,1.2856034036039568,,0.0,1.2856034036039568,0.89161645041
5110,1.2856042394408098,,0.0,1.2856042394408098,0.87665841764
5115,1.2856071666519633,,0.0,1.2856071666519633,0.86597572089
5120,1.2856121775146885,,0.0,1.2856121775146885,0.85398865753
5125,1.2856195393542054,,0.0,1.2856195393542054,0.84002286045
5130,1.2856297330588806,,0.0,1.2856297330588806,0.82528988682
5135,1.2856433153582365,,0.0,1.2856433153582365,0.81202667086
5140,1.2856606482304216,,0.0,1.2856606482304216,0.79714600521
5145,1.2856821140495096,,0.0,1.2856821140495096,0.78404169968
5150,1.2857079559824407,,0.0,1.2857079559824407,0.77614516638
5155,1.2857381930390082,,0.0,1.2857381930390082,0.76627976468
5160,1.2857726118540833,,0.0,1.2857726118540833,0.75400410738
5165,1.2858107518362138,,0.0,1.2858107518362138,0.74105755678
5170,1.2858518672470467,,0.0,1.2858518672470467,0.73212705155
5175,1.285894920567702,,0.0,1.285894920567702,0.72495321304
5180,1.285938622993594,,0.0,1.285938622993594,0.71850155326
5185,1.2859815283942948,,0.0,1.2859815283942948,0.7130397438
5190,1.2860221635108164,,0.0,1.2860221635108164,0.7062052552
5195,1.2860591661726521,,0.0,1.2860591661726521,0.69894466686
5200,1.2860914171782156,,0.0,1.2860914171782156,0.69307803493
5205,1.2861181462348381,,0.0,1.2861181462348381,0.68838072989
5210,1.2861389970079025,,0.0,1.2861389970079025,0.68427467911
5215,1.2861540358336672,,0.0,1.2861540358336672,0.67832039709
5220,1.2861636974621464,,0.0,1.2861636974621464,0.67044158739
5225,1.2861686767408922,,0.0,1.2861686767408922,0.66407216235
5230,1.28616981812057,,0.0,1.28616981812057,0.6616150383
5235,1.2861680323881037,,0.0,1.2861680323881037,0.66157746717
5240,1.2861642556768085,,0.0,1.2861642556768085,0.66353330957
5245,1.2861594506545022,,0.0,1.2861594506545022,0.6654519469
5250,1.2861546420678593,,0.0,1.2861546420678593,0.66562001868
5255,1.2861509578312882,,0.0,1.2861509578312882,0.66526027569
5260,1.2861496689276928,,0.0,1.2861496689276928,0.66399010617
5265,1.286152203269783,,0.0,1.286152203269783,0.66455057782
5270,1.2861601165913266,,0.0,1.2861601165913266,0.66450439487
5275,1.2861749975962022,,0.0,1.2861749975962022,0.66291391904
5280,1.2861982977613429,,0.0,1.2861982977613429,0.66231884186
5285,1.2862311124270824,,0.0,1.2862311124270824,0.66014070833
5290,1.286273977729,,0.0,1.286273977729,0.66004335111
5295,1.286326758816374,,0.0,1.286326758816374,0.66612057127
5300,1.2863886191592864,,0.0,1.2863886191592864,0.66812159933
5305,1.2864581235183359,,0.0,1.2864581235183359,0.66844022107
5310,1.2865334754680477,,0.0,1.2865334754680477,0.66846885596
5315,1.2866126310595956,,0.0,1.2866126310595956,0.66785369999
5320,1.2866934072360299,,0.0,1.2866934072360299,0.66553722076
5325,1.2867735429210398,,0.0,1.2867735429210398,0.66125836796
5330,1.2868507147614408,,0.0,1.2868507147614408,0.65556214162
5335,1.2869225603943664,,0.0,1.2869225603943664,0.64816157501
5340,1.2869867534963513,,0.0,1.2869867534963513,0.64118357491
5345,1.2870411354657525,,0.0,1.2870411354657525,0.63642088164
5350,1.2870839088870023,,0.0,1.2870839088870023,0.63207474548
5355,1.2871138829747613,,0.0,1.2871138829747613,0.62825796014
5360,1.2871307367407476,,0.0,1.2871307367407476,0.62812706904
5365,1.2871351973095584,,0.0,1.2871351973095584,0.62839042602
5370,1.2871291287300477,,0.0,1.2871291287300477,0.63113814578
5375,1.2871154791043404,,0.0,1.2871154791043404,0.63959382728
5380,1.2870980465297492,,0.0,1.2870980465297492,0.63990486184
5385,1.2870810810812268,,0.0,1.2870810810812268,0.64053957093
5390,1.2870686958047983,,0.0,1.2870686958047983,0.63636634338
5395,1.2870643673144482,,0.0,1.2870643673144482,0.62937526162
5400,1.2870705786654275,,0.0,1.2870705786654275,0.62045887688
5405,1.2870885716328864,,0.0,1.2870885716328864,0.61177112011
5410,1.287118341167348,,0.0,1.287118341167348,0.60165765301
5415,1.287158828759952,,0.0,1.287158828759952,0.58869958801
5420,1.2872082716484001,,0.0,1.2872082716484001,0.57615341257
5425,1.287264484201499,,0.0,1.287264484201499,0.56467496717
5430,1.2873253125700548,,0.0,1.2873253125700548,0.55437452926
5435,1.2873890272589061,,0.0,1.2873890272589061,0.54562255925
5440,1.2874544857992725,,0.0,1.2874544857992725,0.53862271151
5445,1.2875212467085049,,0.0,1.2875212467085049,0.53342655367
5450,1.2875895496882162,,0.0,1.2875895496882162,0.52926386369
5455,1.287660147605432,,0.0,1.287660147605432,0.52767755262
5460,1.2877340285733714,,0.0,1.2877340285733714,0.5284841171
5465,1.2878121024878737,,0.0,1.2878121024878737,0.52847684704
5470,1.2878948857816597,,0.0,1.2878948857816597,0.52616759636
5475,1.2879822302377462,,0.0,1.2879822302377462,0.52250903699
5480,1.288073099624375,,0.0,1.288073099624375,0.51941911468
5485,1.288165416032516,,0.0,1.288165416032516,0.51880615864
5490,1.2882560670045395,,0.0,1.2882560670045395,0.5188449559
5495,1.2883410960281878,,0.0,1.2883410960281878,0.5214444487
5500,1.2884160523365749,,0.0,1.2884160523365749,0.52202855848
5505,1.288476397440539,,0.0,1.288476397440539,0.52161144608
5510,1.2885181835406447,,0.0,1.2885181835406447,0.52157519131
5515,1.2885385002573264,,0.0,1.2885385002573264,0.52124180689
5520,1.2885358813612593,,0.0,1.2885358813612593,0.52058526559
5525,1.2885105617025998,,0.0,1.2885105617025998,0.51946587083
5530,1.2884644493893587,,0.0,1.2884644493893587,0.51864932143
5535,1.2884009067787412,,0.0,1.2884009067787412,0.51730144747
5540,1.2883243557269057,,0.0,1.2883243557269057,0.51584570123
5545,1.288239792938242,,0.0,1.288239792938242,0.51515043212
5550,1.288152295413715,,0.0,1.288152295413715,0.51284612052
5555,1.2880665960968314,,0.0,1.2880665960968314,0.50951788818
5560,1.2879867835783088,,0.0,1.2879867835783088,0.50561692938
5565,1.2879161381366093,,0.0,1.2879161381366093,0.50392834032
5570,1.2878570834213805,,0.0,1.2878570834213805,0.50497613263
5575,1.2878112045721644,,0.0,1.2878112045721644,0.5066944424
5580,1.2877792987131618,,0.0,1.2877792987131618,0.50779487673
5585,1.2877614454478827,,0.0,1.2877614454478827,0.50766961856
5590,1.287757118046635,,0.0,1.287757118046635,0.50870459812
5595,1.2877653138418272,,0.0,1.2877653138418272,0.51001028389
5600,1.2877846677916813,,0.0,1.2877846677916813,0.50974639538
5605,1.2878135599053666,,0.0,1.2878135599053666,0.50950836768
5610,1.2878502280146404,,0.0,1.2878502280146404,0.51031674032
5615,1.2878928482684404,,0.0,1.2878928482684404,0.51318261071
5620,1.2879395612713507,,0.0,1.2879395612713507,0.518322489
5625,1.2879884437669313,,0.0,1.2879884437669313,0.5213255836
5630,1.2880374704201114,,0.0,1.2880374704201114,0.52596250963
5635,1.2880845104508736,,0.0,1.2880845104508736,0.52857057091
5640,1.2881273699112403,,0.0,1.2881273699112403,0.5294149795
5645,1.288163904555923,,0.0,1.288163904555923,0.52853757461
5650,1.2881921930096591,,0.0,1.2881921930096591,0.5284196174
5655,1.2882107358749952,,0.0,1.2882107358749952,0.528919028
5660,1.288218650384651,,0.0,1.288218650384651,0.52850095995
5665,1.288215835846127,,0.0,1.288215835846127,0.53042912758
5670,1.28820305552243,,0.0,1.28820305552243,0.52802755144
5675,1.2881819101965775,,0.0,1.2881819101965775,0.52664698202
5680,1.2881546848061307,,0.0,1.2881546848061307,0.52543550061
5685,1.2881240774546294,,0.0,1.2881240774546294,0.5252154263
5690,1.2880928714926554,,0.0,1.2880928714926554,0.52262223926
5695,1.2880636007672515,,0.0,1.2880636007672515,0.51758277626
5700,1.2880383152668144,,0.0,1.2880383152668144,0.51337527035
5705,1.2880184421119785,,0.0,1.2880184421119785,0.50814122959
5710,1.288004764763656,,0.0,1.288004764763656,0.50506239338
5715,1.2879975149037033,,0.0,1.2879975149037033,0.50038087042
5720,1.2879965543150813,,0.0,1.2879965543150813,0.49612662023
5725,1.2880012531003653,,0.0,1.2880012531003653,0.49456372955
5730,1.288011132054347,,0.0,1.288011132054347,0.49458337264
5735,1.2880263735522317,,0.0,1.2880263735522317,0.49724007838
5740,1.2880475709569974,,0.0,1.2880475709569974,0.50021006095
5745,1.2880756206992134,,0.0,1.2880756206992134,0.5019054802
5750,1.2881114514864942,,0.0,1.2881114514864942,0.50292779135
5755,1.2881556876717413,,0.0,1.2881556876717413,0.50425792089
5760,1.288208316977796,,0.0,1.288208316977796,0.5026135906
5765,1.2882684364394734,,0.0,1.2882684364394734,0.49682592927
5770,1.2883341673545357,,0.0,1.2883341673545357,0.48990143811
5775,1.2884027098378419,,0.0,1.2884027098378419,0.48459745152
5780,1.2884707219281106,,0.0,1.2884707219281106,0.48131826281
5785,1.2885347590903842,,0.0,1.2885347590903842,0.47958719882
5790,1.288591690550305,,0.0,1.288591690550305,0.48002156671
5795,1.2886390714702267,,0.0,1.2886390714702267,0.48166564737
5800,1.288675384135968,,0.0,1.288675384135968,0.48183403574
5805,1.2887001152831072,,0.0,1.2887001152831072,0.48362231775
5810,1.288713693820108,,0.0,1.288713693820108,0.48706850933
5815,1.2887173355816721,,0.0,1.2887173355816721,0.49172135281
5820,1.2887128314487517,,0.0,1.2887128314487517,0.49763349228
5825,1.288702355567456,,0.0,1.288702355567456,0.50118965326
5830,1.2886883242607405,,0.0,1.2886883242607405,0.50713253603
5835,1.2886732311778573,,0.0,1.2886732311778573,0.51323923216
5840,1.288659601552037,,0.0,1.288659601552037,0.51970074661
5845,1.2886499603194819,,0.0,1.2886499603194819,0.52656228113
5850,1.2886467563772217,,0.0,1.2886467563772217,0.53172675632
5855,1.2886521805049345,,0.0,1.2886521805049345,0.53616726519
5860,1.288667904277317,,0.0,1.288667904277317,0.53874954708
5865,1.2886948185804157,,0.0,1.2886948185804157,0.53901026848
5870,1.2887328175732453,,0.0,1.2887328175732453,0.53538880524
5875,1.2887806654212168,,0.0,1.2887806654212168,0.53042372118
5880,1.2888359774843634,,0.0,1.2888359774843634,0.52391072282
5885,1.288895516949324,,0.0,1.288895516949324,0.51693507694
5890,1.2889558139347486,,0.0,1.2889558139347486,0.51250445713
5895,1.289013573607803,,0.0,1.289013573607803,0.50889069081
5900,1.2890661344984038,,0.0,1.2890661344984038,0.50473625472
5905,1.2891118025567339,,0.0,1.2891118025567339,0.50021713724
5910,1.2891497490746129,,0.0,1.2891497490746129,0.49687634567
5915,1.2891801539520127,,0.0,1.2891801539520127,0.49736917052
5920,1.2892041146084638,,0.0,1.2892041146084638,0.5001325898
5925,1.2892232049954533,,0.0,1.2892232049954533,0.50296203872
5930,1.2892388318376915,,0.0,1.2892388318376915,0.50542561604
5935,1.2892512900840039,,0.0,1.2892512900840039,0.50635932826
5940,1.289260872108973,,0.0,1.289260872108973,0.50709570989
5945,1.2892679538510656,,0.0,1.2892679538510656,0.50698562077
5950,1.2892733532264433,,0.0,1.2892733532264433,0.50582398334
5955,1.2892785938898481,,0.0,1.2892785938898481,0.50263148367
5960,1.2892858480072025,,0.0,1.2892858480072025,0.49888398016
5965,1.289297612594075,,0.0,1.289297612594075,0.49311839642
5970,1.2893162199144919,,0.0,1.2893162199144919,0.48772030509
5975,1.2893433456025325,,0.0,1.2893433456025325,0.48221830838
5980,1.2893796483673396,,0.0,1.2893796483673396,0.474445352
5985,1.2894246121722304,,0.0,1.2894246121722304,0.46531821254
5990,1.2894766173234025,,0.0,1.2894766173234025,0.45788766991
5995,1.2895332242307052,,0.0,1.2895332242307052,0.45209857092
6000,1.2895915975636523,,0.0,1.2895915975636523,0.44869844308
6005,1.2896489814962593,,0.0,1.2896489814962593,0.44780226457
6010,1.2897031557440644,,0.0,1.2897031557440644,0.44719250547
6015,1.2897527625919802,,0.0,1.2897527625919802,0.44816252525
6020,1.289797431844083,,0.0,1.289797431844083,0.45222058556
6025,1.289837696962699,,0.0,1.289837696962699,0.45486365906
6030,1.2898747472480272,,0.0,1.2898747472480272,0.45487792881
6035,1.289910070117391,,0.0,1.289910070117391,0.45633681529
6040,1.289945068632155,,0.0,1.289945068632155,0.46012442472
6045,1.2899807489252382,,0.0,1.2899807489252382,0.46454359795
6050,1.2900175568357009,,0.0,1.2900175568357009,0.46965506596
6055,1.2900553968195294,,0.0,1.2900553968195294,0.47210420115
6060,1.2900938302653453,,0.0,1.2900938302653453,0.47325939277
6065,1.2901323806411924,,0.0,1.2901323806411924,0.47547644637
6070,1.2901708231958675,,0.0,1.2901708231958675,0.47595962748
6075,1.290209348027305,,0.0,1.290209348027305,0.47456913257
6080,1.2902485093897924,,0.0,1.2902485093897924,0.47031841102
6085,1.290288973715202,,0.0,1.290288973715202,0.46610661814
6090,1.2903311647635103,,0.0,1.2903311647635103,0.46180653052
6095,1.2903749284761843,,0.0,1.2903749284761843,0.4545553674
6100,1.2904193522841316,,0.0,1.2904193522841316,0.44756023752
6105,1.2904628289687272,,0.0,1.2904628289687272,0.44447789214
6110,1.2905033629967122,,0.0,1.2905033629967122,0.44508497354
6115,1.290538886161972,,0.0,1.290538886161972,0.44697148159
6120,1.290566201749928,,0.0,1.290566201749928,0.44936929986
6125,1.2905844700623628,,0.0,1.2905844700623628,0.45444742268
6130,1.2905942743633014,,0.0,1.2905942743633014,0.46092580342
6135,1.2905969631599628,,0.0,1.2905969631599628,0.46767935689
6140,1.2905944314911248,,0.0,1.2905944314911248,0.47309243027
6145,1.2905888625127468,,0.0,1.2905888625127468,0.47471508964
6150,1.290582437400601,,0.0,1.290582437400601,0.47387808246
6155,1.2905770986189398,,0.0,1.2905770986189398,0.47146124213
6160,1.2905744265548569,,0.0,1.2905744265548569,0.46658537079
6165,1.2905756057561029,,0.0,1.2905756057561029,0.45864851038
6170,1.2905814045351605,,0.0,1.2905814045351605,0.44827733047
6175,1.2905921439793209,,0.0,1.2905921439793209,0.43817931719
6180,1.2906076663667045,,0.0,1.2906076663667045,0.42632385562
6185,1.2906274030866693,,0.0,1.2906274030866693,0.41573207969
6190,1.2906505892920586,,0.0,1.2906505892920586,0.40601487395
6195,1.2906765851845143,,0.0,1.2906765851845143,0.40163870835
6200,1.2907051472010582,,0.0,1.2907051472010582,0.39906951632
6205,1.290736486429605,,0.0,1.290736486429605,0.39978631668
6210,1.2907710772239045,,0.0,1.2907710772239045,0.4003093341
6215,1.2908093377004024,,0.0,1.2908093377004024,0.40224556674
6220,1.2908513169677316,,0.0,1.2908513169677316,0.40732594118
6225,1.290896495523882,,0.0,1.290896495523882,0.41384863905
6230,1.2909437417911005,,0.0,1.2909437417911005,0.41962159183
6235,1.2909914161747076,,0.0,1.2909914161747076,0.42423796306
6240,1.2910375879925622,,0.0,1.2910375879925622,0.4279596691
6245,1.291080309928955,,0.0,1.291080309928955,0.42995898316
6250,1.2911179224883282,,0.0,1.2911179224883282,0.42988735587
6255,1.2911493760726631,,0.0,1.2911493760726631,0.4294732896
6260,1.2911744827622313,,0.0,1.2911744827622313,0.42818856347
6265,1.291193997701273,,0.0,1.291193997701273,0.42662479031
6270,1.2912094839502477,,0.0,1.2912094839502477,0.42262766852
6275,1.2912229593195155,,0.0,1.2912229593195155,0.41823711563
6280,1.2912363945900005,,0.0,1.2912363945900005,0.41297397922
6285,1.2912512870799597,,0.0,1.2912512870799597,0.40827517579
6290,1.2912684247057256,,0.0,1.2912684247057256,0.40451649218
6295,1.2912879175656842,,0.0,1.2912879175656842,0.40325113024
6300,1.291309432790433,,0.0,1.291309432790433,0.40253119281
6305,1.2913325197884633,,0.0,1.2913325197884633,0.40057026453
6310,1.2913569020266866,,0.0,1.2913569020266866,0.39772283219
6315,1.291382648118576,,0.0,1.291382648118576,0.39507469107
6320,1.2914101743984086,,0.0,1.2914101743984086,0.39333960346
6325,1.2914400624470506,,0.0,1.2914400624470506,0.39242546245
6330,1.2914727745391132,,0.0,1.2914727745391132,0.3904876105
6335,1.2915083639416218,,0.0,1.2915083639416218,0.39027376621
6340,1.2915462925388101,,0.0,1.2915462925388101,0.39151369478
6345,1.2915854264757103,,0.0,1.2915854264757103,0.39197654697
6350,1.2916242234838247,,0.0,1.2916242234838247,0.39239054237
6355,1.2916610628792577,,0.0,1.2916610628792577,0.39247243554
6360,1.2916946146695378,,0.0,1.2916946146695378,0.39249462249
6365,1.2917241447004042,,0.0,1.2917241447004042,0.39268469779
6370,1.2917496738628287,,0.0,1.2917496738628287,0.39130945909
6375,1.2917719510634622,,0.0,1.2917719510634622,0.38722749619
6380,1.2917922955027592,,0.0,1.2917922955027592,0.38293446968
6385,1.291812341329885,,0.0,1.291812341329885,0.38010131778
6390,1.291833695862474,,0.0,1.291833695862474,0.3775122154
6395,1.2918575730540511,,0.0,1.2918575730540511,0.37638809808
6400,1.2918845207232976,,0.0,1.2918845207232976,0.37477194043
6405,1.29191435015841,,0.0,1.29191435015841,0.37192213366
6410,1.2919462704727764,,0.0,1.2919462704727764,0.37049692855
6415,1.2919791667222125,,0.0,1.2919791667222125,0.3719716259
6420,1.2920119114873574,,0.0,1.2920119114873574,0.37357760702
6425,1.2920435259618708,,0.0,1.2920435259618708,0.37615310173
6430,1.2920732796548378,,0.0,1.2920732796548378,0.3793309439
6435,1.292100709598582,,0.0,1.292100709598582,0.38182235668
6440,1.2921255580717899,,0.0,1.2921255580717899,0.38455286048
6445,1.2921477162631962,,0.0,1.2921477162631962,0.38703884761
6450,1.2921672186280515,,0.0,1.2921672186280515,0.39034170839
6455,1.2921842348683656,,0.0,1.2921842348683656,0.39243657788
6460,1.292199057457731,,0.0,1.292199057457731,0.39418392634
6465,1.2922120806513402,,0.0,1.2922120806513402,0.39362599023
6470,1.2922237813771882,,0.0,1.2922237813771882,0.39212480633
6475,1.292234694186704,,0.0,1.292234694186704,0.39053065032
6480,1.2922453798687925,,0.0,1.2922453798687925,0.38972195757
6485,1.2922563927767516,,0.0,1.2922563927767516,0.38822740322
6490,1.2922682577590954,,0.0,1.2922682577590954,0.38652929073
6495,1.292281449268584,,0.0,1.292281449268584,0.38555853973
6500,1.2922963696791772,,0.0,1.2922963696791772,0.38422156469
6505,1.2923133153258317,,0.0,1.2923133153258317,0.38284919079
6510,1.2923324386829314,,0.0,1.2923324386829314,0.38214058965
6515,1.292353727374309,,0.0,1.292353727374309,0.38306581246
6520,1.2923770194206836,,0.0,1.2923770194206836,0.38371439844
6525,1.2924020511601808,,0.0,1.2924020511601808,0.3828884423
6530,1.2924285205153032,,0.0,1.2924285205153032,0.38262345581
6535,1.2924561352104766,,0.0,1.2924561352104766,0.38344029845
6540,1.2924846311877904,,0.0,1.2924846311877904,0.38447049058
6545,1.2925137612209214,,0.0,1.2925137612209214,0.38677966691
6550,1.2925432876874516,,0.0,1.2925432876874516,0.38912176993
6555,1.2925730127667192,,0.0,1.2925730127667192,0.39038457277
6560,1.2926028092317214,,0.0,1.2926028092317214,0.39330865168
6565,1.2926325973799386,,0.0,1.2926325973799386,0.39512511295
6570,1.2926622611724246,,0.0,1.2926622611724246,0.39555130828
6575,1.2926915504125749,,0.0,1.2926915504125749,0.39468998286
6580,1.2927200231226939,,0.0,1.2927200231226939,0.39177436501
6585,1.2927470535637489,,0.0,1.2927470535637489,0.38867352155
6590,1.292771910848788,,0.0,1.292771910848788,0.38667286392
6595,1.2927939441894163,,0.0,1.2927939441894163,0.38417330659
6600,1.2928127356672063,,0.0,1.2928127356672063,0.38167346769
6605,1.2928282562724223,,0.0,1.2928282562724223,0.3794707457
6610,1.2928409316462184,,0.0,1.2928409316462184,0.37713369836
6615,1.292851585942346,,0.0,1.292851585942346,0.37517578212
6620,1.292861281828057,,0.0,1.292861281828057,0.37297198583
6625,1.2928710558321377,,0.0,1.2928710558321377,0.37044512095
6630,1.2928816531978944,,0.0,1.2928816531978944,0.36915109118
6635,1.2928933601613308,,0.0,1.2928933601613308,0.36836795517
6640,1.2929059826641394,,0.0,1.2929059826641394,0.3676987695
6645,1.2929189761549469,,0.0,1.2929189761549469,0.36657403995
6650,1.2929316618257145,,0.0,1.2929316618257145,0.36773094556
6655,1.2929434439372403,,0.0,1.2929434439372403,0.36750694638
6660,1.2929539614024592,,0.0,1.2929539614024592,0.36673832611
6665,1.2929631625384954,,0.0,1.2929631625384954,0.36798973146
6670,1.2929713196210355,,0.0,1.2929713196210355,0.36826457704
6675,1.2929789998745918,,0.0,1.2929789998745918,0.36823196134
6680,1.2929869912154959,,0.0,1.2929869912154959,0.36805418764
6685,1.292996158589347,,0.0,1.292996158589347,0.36650177248
6690,1.2930072530810026,,0.0,1.2930072530810026,0.36504617438
6695,1.2930207178562712,,0.0,1.2930207178562712,0.36308218857
6700,1.2930365530141619,,0.0,1.2930365530141619,0.36000738973
6705,1.2930543188541932,,0.0,1.2930543188541932,0.35770111378
6710,1.2930732976576558,,0.0,1.2930732976576558,0.35517480334
6715,1.2930927538841586,,0.0,1.2930927538841586,0.35322310804
6720,1.2931121738732425,,0.0,1.2931121738732425,0.35081476983
6725,1.2931313942594962,,0.0,1.2931313942594962,0.34988529129
6730,1.2931505791013964,,0.0,1.2931505791013964,0.35056054095
6735,1.293170073347486,,0.0,1.293170073347486,0.35107424132
6740,1.2931902104612236,,0.0,1.2931902104612236,0.35210302437
6745,1.2932111584614605,,0.0,1.2932111584614605,0.35381078495
6750,1.2932328553683492,,0.0,1.2932328553683492,0.35567544615
6755,1.2932550309853996,,0.0,1.2932550309853996,0.35747534421
6760,1.2932772794733247,,0.0,1.2932772794733247,0.35844577091
6765,1.2932991310328035,,0.0,1.2932991310328035,0.35868619351
6770,1.2933201188347951,,0.0,1.2933201188347951,0.35878434135
6775,1.2933398547626849,,0.0,1.2933398547626849,0.35840225388
6780,1.2933581024811769,,0.0,1.2933581024811769,0.35760777227
6785,1.2933748632773925,,0.0,1.2933748632773925,0.35699729894
6790,1.293390420714083,,0.0,1.293390420714083,0.35591962849
6795,1.2934053026100427,,0.0,1.2934053026100427,0.3541764607
6800,1.2934201764862459,,0.0,1.2934201764862459,0.35085460611
6805,1.2934357233289369,,0.0,1.2934357233289369,0.34776048695
6810,1.2934525227387952,,0.0,1.2934525227387952,0.34557938646
6815,1.2934709728323794,,0.0,1.2934709728323794,0.34276140012
6820,1.2934912513314554,,0.0,1.2934912513314554,0.34020773112
6825,1.2935133151669602,,0.0,1.2935133151669602,0.33841237741
6830,1.2935369273105326,,0.0,1.2935369273105326,0.33675635415
6835,1.293561689546605,,0.0,1.293561689546605,0.33564811439
6840,1.2935872143526181,,0.0,1.2935872143526181,0.33391242627
6845,1.2936131898491499,,0.0,1.2936131898491499,0.33352172163
6850,1.2936394280174617,,0.0,1.2936394280174617,0.3316412065
6855,1.2936658859865096,,0.0,1.2936658859865096,0.32850487145
6860,1.2936926499934294,,0.0,1.2936926499934294,0.32599735861
6865,1.2937198550869609,,0.0,1.2937198550869609,0.3238964442
6870,1.293747574236989,,0.0,1.293747574236989,0.3220520018
6875,1.2937757397211243,,0.0,1.2937757397211243,0.32070150652
6880,1.2938041392633401,,0.0,1.2938041392633401,0.32027721823
6885,1.293832486627634,,0.0,1.293832486627634,0.32113318585
6890,1.2938605199342996,,0.0,1.2938605199342996,0.32219699511
6895,1.2938880753228783,,0.0,1.2938880753228783,0.32353414598
6900,1.293915097843186,,0.0,1.293915097843186,0.32371956637
6905,1.2939416468018181,,0.0,1.2939416468018181,0.32330007493
6910,1.2939678590296828,,0.0,1.2939678590296828,0.32282344496
6915,1.293993881555651,,0.0,1.293993881555651,0.32209866939
6920,1.2940198168543902,,0.0,1.2940198168543902,0.32166516563
6925,1.2940456669060871,,0.0,1.2940456669060871,0.32218537561
6930,1.2940712868600766,,0.0,1.2940712868600766,0.32138606268
6935,1.2940963616686372,,0.0,1.2940963616686372,0.32122103958
6940,1.294120423215606,,0.0,1.294120423215606,0.32038257368
6945,1.2941429171476864,,0.0,1.2941429171476864,0.31951268916
6950,1.294163312378775,,0.0,1.294163312378775,0.3189507812
6955,1.2941812316832844,,0.0,1.2941812316832844,0.31972659635
6960,1.294196566249949,,0.0,1.294196566249949,0.3215539595
6965,1.294209509245993,,0.0,1.294209509245993,0.32174805633
6970,1.2942205040352428,,0.0,1.2942205040352428,0.3217106054
6975,1.2942301120996687,,0.0,1.2942301120996687,0.32314286078
6980,1.2942388199711703,,0.0,1.2942388199711703,0.32526396287
6985,1.2942469048759013,,0.0,1.2942469048759013,0.32641732727
6990,1.2942544113680645,,0.0,1.2942544113680645,0.3263534716
6995,1.2942612583590105,,0.0,1.2942612583590105,0.32484592871
7000,1.2942674017895826,,0.0,1.2942674017895826,0.32227748032
7005,1.2942729796788013,,0.0,1.2942729796788013,0.31978747653
7010,1.2942783576681613,,0.0,1.2942783576681613,0.31680774765
7015,1.2942840449627013,,0.0,1.2942840449627013,0.31298569276
7020,1.2942905294804516,,0.0,1.2942905294804516,0.30927728739
7025,1.2942981468630763,,0.0,1.2942981468630763,0.30594022671
7030,1.2943070130505134,,0.0,1.2943070130505134,0.30175993477
7035,1.2943170566570288,,0.0,1.2943170566570288,0.29813655353
7040,1.2943281095647612,,0.0,1.2943281095647612,0.29561423399
7045,1.2943399815767684,,0.0,1.2943399815767684,0.29328603749
7050,1.2943524555655659,,0.0,1.2943524555655659,0.29085351856
7055,1.2943652278695066,,0.0,1.2943652278695066,0.28839018263
7060,1.294377870966258,,0.0,1.294377870966258,0.28543343869
7065,1.2943898600073054,,0.0,1.2943898600073054,0.28344924289
7070,1.294400671629275,,0.0,1.294400671629275,0.28147842579
7075,1.2944099227650285,,0.0,1.2944099227650285,0.28061091075
7080,1.2944174857915252,,0.0,1.2944174857915252,0.27985522315
7085,1.2944235245692242,,0.0,1.2944235245692242,0.27928141814
7090,1.2944284413730762,,0.0,1.2944284413730762,0.27804686597
7095,1.2944327555070718,,0.0,1.2944327555070718,0.27778809155
7100,1.2944369658792791,,0.0,1.2944369658792791,0.27791013053
7105,1.2944414579330599,,0.0,1.2944414579330599,0.27711997959
7110,1.2944464800828501,,0.0,1.2944464800828501,0.27631043859
7115,1.2944521717338011,,0.0,1.2944521717338011,0.27577686197
7120,1.2944587513995276,,0.0,1.2944587513995276,0.2756759636
7125,1.294466365712863,,0.0,1.294466365712863,0.27512773533
7130,1.2944748715063004,,0.0,1.2944748715063004,0.27487725329
7135,1.2944842223444595,,0.0,1.2944842223444595,0.27453685327
7140,1.294494428029265,,0.0,1.294494428029265,0.27408075131
7145,1.2945055013329219,,0.0,1.2945055013329219,0.27346594528
7150,1.2945174199783283,,0.0,1.2945174199783283,0.27302989865
7155,1.2945301089164043,,0.0,1.2945301089164043,0.27284686173
7160,1.2945434407221283,,0.0,1.2945434407221283,0.27161397631
7165,1.2945572403469867,,0.0,1.2945572403469867,0.27021440753
7170,1.2945712850199627,,0.0,1.2945712850199627,0.26856847068
7175,1.29458529949509,,0.0,1.29458529949509,0.26649124884
7180,1.2945989571405538,,0.0,1.2945989571405538,0.26437622717
7185,1.2946118991465043,,0.0,1.2946118991465043,0.26101976944
7190,1.294623780069352,,0.0,1.294623780069352,0.25779894238
7195,1.294634333276943,,0.0,1.294634333276943,0.2542787915
7200,1.2946434380768908,,0.0,1.2946434380768908,0.25090180783
7205,1.294651174468743,,0.0,1.294651174468743,0.24709379672
7210,1.2946578490844272,,0.0,1.2946578490844272,0.24395887296
7215,1.2946639848912798,,0.0,1.2946639848912798,0.24161891954
7220,1.294670276934872,,0.0,1.294670276934872,0.24004889327
7225,1.294677494319761,,0.0,1.294677494319761,0.23838147897
7230,1.2946863711011976,,0.0,1.2946863711011976,0.2363901031
7235,1.2946974883650013,,0.0,1.2946974883650013,0.23526292084
7240,1.2947111807627438,,0.0,1.2947111807627438,0.23420063313
7245,1.294727477403171,,0.0,1.294727477403171,0.23329398105
7250,1.2947461061096053,,0.0,1.2947461061096053,0.23270964541
7255,1.2947665603502607,,0.0,1.2947665603502607,0.23231892936
7260,1.29478820616833,,0.0,1.29478820616833,0.23177634412
7265,1.2948103970328186,,0.0,1.2948103970328186,0.23131713055
7270,1.2948325594816268,,0.0,1.2948325594816268,0.23061550248
7275,1.294854246289563,,0.0,1.294854246289563,0.23013831845
7280,1.2948751433989987,,0.0,1.2948751433989987,0.22914051258
7285,1.2948950418012164,,0.0,1.2948950418012164,0.22721639862
7290,1.2949137917940927,,0.0,1.2949137917940927,0.22515258474
7295,1.2949312585269066,,0.0,1.2949312585269066,0.22300683366
7300,1.2949472931886183,,0.0,1.2949472931886183,0.22054979029
7305,1.2949617381563585,,0.0,1.2949617381563585,0.21812265285
7310,1.2949744602625635,,0.0,1.2949744602625635,0.21619567534
7315,1.2949853902997044,,0.0,1.2949853902997044,0.21455802912
7320,1.2949945571785089,,0.0,1.2949945571785089,0.21231783561
7325,1.2950021076308196,,0.0,1.2950021076308196,0.20995976568
7330,1.2950083076947343,,0.0,1.2950083076947343,0.20795229171
7335,1.2950135251899533,,0.0,1.2950135251899533,0.20693338975
7340,1.2950181973417247,,0.0,1.2950181973417247,0.20720847747
7345,1.2950227873157434,,0.0,1.2950227873157434,0.20746221445
7350,1.2950277280798557,,0.0,1.2950277280798557,0.20741817385
7355,1.2950333673548655,,0.0,1.2950333673548655,0.20740384632
7360,1.2950399279117892,,0.0,1.2950399279117892,0.20756469725
7365,1.2950474943046038,,0.0,1.2950474943046038,0.20712149032
7370,1.2950560390087122,,0.0,1.2950560390087122,0.2066203905
7375,1.2950654700444373,,0.0,1.2950654700444373,0.20627742344
7380,1.2950756769173548,,0.0,1.2950756769173548,0.2059512848
7385,1.295086557647844,,0.0,1.295086557647844,0.20666896484
7390,1.2950980225334427,,0.0,1.2950980225334427,0.20738473199
7395,1.2951099872181926,,0.0,1.2951099872181926,0.20826320771
7400,1.2951223662570328,,0.0,1.2951223662570328,0.20747135614
7405,1.2951350767791447,,0.0,1.2951350767791447,0.20703660875
7410,1.2951480489829441,,0.0,1.2951480489829441,0.2058012972
7415,1.2951612316806014,,0.0,1.2951612316806014,0.20513140462
7420,1.2951745805159323,,0.0,1.2951745805159323,0.20436692076
7425,1.295188032915033,,0.0,1.295188032915033,0.20325828016
7430,1.2952014925418158,,0.0,1.2952014925418158,0.20232987117
7435,1.2952148470206788,,0.0,1.2952148470206788,0.20163325471
7440,1.2952280271440932,,0.0,1.2952280271440932,0.20036097848
7445,1.2952410835058321,,0.0,1.2952410835058321,0.19896856948
7450,1.2952542433323317,,0.0,1.2952542433323317,0.19754269569
7455,1.2952678927600205,,0.0,1.2952678927600205,0.19622704394
7460,1.2952824762418278,,0.0,1.2952824762418278,0.19535708983
7465,1.2952983395183713,,0.0,1.2952983395183713,0.19483898294
7470,1.2953155757574402,,0.0,1.2953155757574402,0.19398783395
7475,1.2953339386237952,,0.0,1.2953339386237952,0.19327112149
7480,1.2953528644572605,,0.0,1.2953528644572605,0.19218790518
7485,1.2953715957373717,,0.0,1.2953715957373717,0.19066420468
7490,1.2953893536566559,,0.0,1.2953893536566559,0.18899937131
7495,1.2954054894069045,,0.0,1.2954054894069045,0.18780596943
7500,1.2954195653668323,,0.0,1.2954195653668323,0.1870956561
7505,1.295431355894152,,0.0,1.295431355894152,0.18669037028
7510,1.295440798018923,,0.0,1.295440798018923,0.18571680432
7515,1.295447934513181,,0.0,1.295447934513181,0.18505479115
7520,1.295452885079218,,0.0,1.295452885079218,0.18479946461
7525,1.2954558455575098,,0.0,1.2954558455575098,0.18411300715
7530,1.2954571105008446,,0.0,1.2954571105008446,0.18308440862
7535,1.29545709020393,,0.0,1.29545709020393,0.18217716031
7540,1.295456295356944,,0.0,1.295456295356944,0.1811519018
7545,1.295455291798268,,0.0,1.295455291798268,0.18044114251
7550,1.2954546409108634,,0.0,1.2954546409108634,0.18010665034
7555,1.295454855068067,,0.0,1.295454855068067,0.17982399469
7560,1.2954563812970517,,0.0,1.2954563812970517,0.17959973701
7565,1.29545960504118,,0.0,1.29545960504118,0.17971372899
7570,1.2954648473877435,,0.0,1.2954648473877435,0.17941606119
7575,1.29547233239488,,0.0,1.29547233239488,0.1792728414
7580,1.2954821279829971,,0.0,1.2954821279829971,0.18003161859
7585,1.2954940867271862,,0.0,1.2954940867271862,0.1808203627
7590,1.2955078210058797,,0.0,1.2955078210058797,0.1814321307
7595,1.2955227316145483,,0.0,1.2955227316145483,0.18223160471
7600,1.295538081230633,,0.0,1.295538081230633,0.18243281149
7605,1.2955531005515575,,0.0,1.2955531005515575,0.18281733282
7610,1.2955670753239394,,0.0,1.2955670753239394,0.18312444762
7615,1.2955794070363145,,0.0,1.2955794070363145,0.18367931725
7620,1.2955896506416975,,0.0,1.2955896506416975,0.18454848591
7625,1.2955975269337479,,0.0,1.2955975269337479,0.18479389112
7630,1.2956029271012002,,0.0,1.2956029271012002,0.18546161157
7635,1.2956059136189486,,0.0,1.2956059136189486,0.18559604023
7640,1.2956067208421023,,0.0,1.2956067208421023,0.18573957306
7645,1.2956057498574993,,0.0,1.2956057498574993,0.18585147605
7650,1.2956035490778774,,0.0,1.2956035490778774,0.18601233552
7655,1.2956007714698377,,0.0,1.2956007714698377,0.1860873471
7660,1.2955980978216053,,0.0,1.2955980978216053,0.18581662691
7665,1.2955961443673163,,0.0,1.2955961443673163,0.18587516595
7670,1.295595383480534,,0.0,1.295595383480534,0.18556463757
7675,1.295596104466552,,0.0,1.295596104466552,0.18485070421
7680,1.295598364057722,,0.0,1.295598364057722,0.18461815684
7685,1.2956019930470815,,0.0,1.2956019930470815,0.18417214813
7690,1.2956069005440551,,0.0,1.2956069005440551,0.18335264867
7695,1.2956129844700137,,0.0,1.2956129844700137,0.18255016918
7700,1.2956201482908494,,0.0,1.2956201482908494,0.18292995883
7705,1.2956282846804372,,0.0,1.2956282846804372,0.1830764879
7710,1.295637244035664,,0.0,1.295637244035664,0.1840475906
7715,1.29564680853598,,0.0,1.29564680853598,0.18524844675
7720,1.2956566886780738,,0.0,1.2956566886780738,0.18621883378
7725,1.2956665403054775,,0.0,1.2956665403054775,0.18704660541
7730,1.295676013321163,,0.0,1.295676013321163,0.18753263022
7735,1.2956848109941363,,0.0,1.2956848109941363,0.18818236841
7740,1.295692736097792,,0.0,1.295692736097792,0.18880594192
7745,1.2956997148701699,,0.0,1.2956997148701699,0.18945590566
7750,1.2957057965189134,,0.0,1.2957057965189134,0.18957229459
7755,1.2957111299540702,,0.0,1.2957111299540702,0.18998331556
7760,1.2957159309169939,,0.0,1.2957159309169939,0.18854947205
7765,1.295720445742923,,0.0,1.295720445742923,0.18760930777
7770,1.2957249275987417,,0.0,1.2957249275987417,0.18798996355
7775,1.2957296213345493,,0.0,1.2957296213345493,0.18760227538
7780,1.295734760216352,,0.0,1.295734760216352,0.1874182525
7785,1.2957405423618404,,0.0,1.2957405423618404,0.18711632183
7790,1.2957471128196982,,0.0,1.2957471128196982,0.18653178297
7795,1.2957545453518842,,0.0,1.2957545453518842,0.18708221553
7800,1.2957628429286785,,0.0,1.2957628429286785,0.18792007287
7805,1.2957719460454675,,0.0,1.2957719460454675,0.18938843703
7810,1.2957817503464066,,0.0,1.2957817503464066,0.19052304334
7815,1.2957921289015208,,0.0,1.2957921289015208,0.19224709552
7820,1.2958029411175465,,0.0,1.2958029411175465,0.19425531578
7825,1.295814015213278,,0.0,1.295814015213278,0.19616179541
7830,1.295825140001792,,0.0,1.295825140001792,0.19608391507
7835,1.2958360577617747,,0.0,1.2958360577617747,0.1948845704
7840,1.2958464751285501,,0.0,1.2958464751285501,0.19370659631
7845,1.2958560946780597,,0.0,1.2958560946780597,0.19238434883
7850,1.2958646606691764,,0.0,1.2958646606691764,0.18921561422
7855,1.295872008449367,,0.0,1.295872008449367,0.18612314286
7860,1.2958781026722965,,0.0,1.2958781026722965,0.18372366342
7865,1.2958830511591373,,0.0,1.2958830511591373,0.18096924267
7870,1.29588708955212,,0.0,1.29588708955212,0.17863402776
7875,1.295890539136554,,0.0,1.295890539136554,0.1753997984
7880,1.2958937475342347,,0.0,1.2958937475342347,0.17330419089
7885,1.2958970284067526,,0.0,1.2958970284067526,0.17155264867
7890,1.2959006116537966,,0.0,1.2959006116537966,0.17021590127
7895,1.2959046152945006,,0.0,1.2959046152945006,0.16917251414
7900,1.2959090411110326,,0.0,1.2959090411110326,0.1680387703
7905,1.2959137922722577,,0.0,1.2959137922722577,0.1675885801
7910,1.295918705709792,,0.0,1.295918705709792,0.16840079223
7915,1.2959235945930097,,0.0,1.2959235945930097,0.16998338534
7920,1.2959282904080134,,0.0,1.2959282904080134,0.17251407927
7925,1.2959326743435946,,0.0,1.2959326743435946,0.17635728281
7930,1.2959367003604094,,0.0,1.2959367003604094,0.17828047669
7935,1.295940402121634,,0.0,1.295940402121634,0.17880338184
7940,1.295943876854441,,0.0,1.295943876854441,0.17888457524
7945,1.2959472507957386,,0.0,1.2959472507957386,0.17782259367
7950,1.2959506393904192,,0.0,1.2959506393904192,0.17601349721
7955,1.2959541140242166,,0.0,1.2959541140242166,0.17437916683
7960,1.2959576860832052,,0.0,1.2959576860832052,0.17247165668
7965,1.2959613112112,,0.0,1.2959613112112,0.17021638732
7970,1.295964908715589,,0.0,1.295964908715589,0.16770691661
7975,1.2959683891909375,,0.0,1.2959683891909375,0.16586111419
7980,1.2959716810534923,,0.0,1.2959716810534923,0.16470436879
7985,1.2959747533133297,,0.0,1.2959747533133297,0.16404848732
7990,1.2959776314158502,,0.0,1.2959776314158502,0.16372826103
7995,1.2959804054595538,,0.0,1.2959804054595538,0.16389838979
8000,1.295983230592077,,0.0,1.295983230592077,0.1645656998
8005,1.2959863155251101,,0.0,1.2959863155251101,0.16493688987
8010,1.2959898890692387,,0.0,1.2959898890692387,0.16613797379
8015,1.2959941490451252,,0.0,1.2959941490451252,0.16737372431
8020,1.2959992036699792,,0.0,1.2959992036699792,0.16850086412
8025,1.2960050166073724,,0.0,1.2960050166073724,0.16993543012
8030,1.2960113749872226,,0.0,1.2960113749872226,0.17107924953
8035,1.2960179001978118,,0.0,1.2960179001978118,0.17211414452
8040,1.2960241031329975,,0.0,1.2960241031329975,0.17273096232
8045,1.2960294685481712,,0.0,1.2960294685481712,0.17285070777
8050,1.2960335356538626,,0.0,1.2960335356538626,0.17240695546
8055,1.296035956432239,,0.0,1.296035956432239,0.17220531799
8060,1.29603652533991,,0.0,1.29603652533991,0.17185777228
8065,1.2960351918821114,,0.0,1.2960351918821114,0.17108777959
8070,1.2960320665532674,,0.0,1.2960320665532674,0.16988361567
8075,1.2960274276686345,,0.0,1.2960274276686345,0.167837408
8080,1.2960217266117962,,0.0,1.2960217266117962,0.16548502329
8085,1.2960155783297667,,0.0,1.2960155783297667,0.16428145907
8090,1.2960097289569361,,0.0,1.2960097289569361,0.16319487295
8095,1.2960049949243266,,0.0,1.2960049949243266,0.16203043186
8100,1.2960021810788682,,0.0,1.2960021810788682,0.16061379509
8105,1.2960019878126354,,0.0,1.2960019878126354,0.15891497518
8110,1.2960049308652835,,0.0,1.2960049308652835,0.15817705278
8115,1.2960112936015447,,0.0,1.2960112936015447,0.15818859888
8120,1.2960211176053424,,0.0,1.2960211176053424,0.15850908555
8125,1.296034226541041,,0.0,1.296034226541041,0.15927877563
8130,1.2960502791234436,,0.0,1.2960502791234436,0.16004227706
8135,1.2960688269392466,,0.0,1.2960688269392466,0.16162415068
8140,1.2960893586052065,,0.0,1.2960893586052065,0.1631765244
8145,1.2961113167977452,,0.0,1.2961113167977452,0.16471013979
8150,1.296134090926259,,0.0,1.296134090926259,0.16571113716
8155,1.296156996440168,,0.0,1.296156996440168,0.16573924602
8160,1.2961792545319992,,0.0,1.2961792545319992,0.16570444633
8165,1.2961999964937982,,0.0,1.2961999964937982,0.16469549517
8170,1.2962182986674275,,0.0,1.2962182986674275,0.16274628592
8175,1.2962332510580377,,0.0,1.2962332510580377,0.16134575163
8180,1.2962440467395036,,0.0,1.2962440467395036,0.15967335833
8185,1.2962500813588105,,0.0,1.2962500813588105,0.15853425677
8190,1.2962510393731896,,0.0,1.2962510393731896,0.15791966538
8195,1.2962469545448263,,0.0,1.2962469545448263,0.15752237057
8200,1.296238227267494,,0.0,1.296238227267494,0.15763511913
8205,1.2962255971409662,,0.0,1.2962255971409662,0.15737719363
8210,1.296210085446591,,0.0,1.296210085446591,0.15665442206
8215,1.2961929210883034,,0.0,1.2961929210883034,0.15619084428
8220,1.2961754510881816,,0.0,1.2961754510881816,0.15578763971
8225,1.2961590469236108,,0.0,1.2961590469236108,0.1554439629
8230,1.296145004923887,,0.0,1.296145004923887,0.15436617064
8235,1.2961344686468932,,0.0,1.2961344686468932,0.15307787406
8240,1.2961283636319454,,0.0,1.2961283636319454,0.15083733418
8245,1.2961273498753074,,0.0,1.2961273498753074,0.14973787925
8250,1.296131796186773,,0.0,1.296131796186773,0.14865178056
8255,1.2961417762292915,,0.0,1.2961417762292915,0.1480694543
8260,1.2961570826773037,,0.0,1.2961570826773037,0.14736938176
8265,1.2961772573155812,,0.0,1.2961772573155812,0.14824726667
8270,1.2962016261875435,,0.0,1.2962016261875435,0.15010840913
8275,1.296229341377198,,0.0,1.296229341377198,0.15142416392
8280,1.2962594251673063,,0.0,1.2962594251673063,0.15221326629
8285,1.2962908115242988,,0.0,1.2962908115242988,0.15177593139
8290,1.2963223806525344,,0.0,1.2963223806525344,0.15016190177
8295,1.2963528774106021,,0.0,1.2963528774106021,0.14840055683
8300,1.2963806076496762,,0.0,1.2963806076496762,0.14633356278
8305,1.296404521969756,,0.0,1.296404521969756,0.14417758187
8310,1.2964238204743794,,0.0,1.2964238204743794,0.14306348633
8315,1.2964378896026625,,0.0,1.2964378896026625,0.14236907596
8320,1.2964463078718431,,0.0,1.2964463078718431,0.14320261821
8325,1.2964488643920256,,0.0,1.2964488643920256,0.14456340823
8330,1.2964455872818625,,0.0,1.2964455872818625,0.14593593766
8335,1.2964367785198427,,0.0,1.2964367785198427,0.14758321
8340,1.296423034241206,,0.0,1.296423034241206,0.14839136453
8345,1.296405250480484,,0.0,1.296405250480484,0.14863333837
8350,1.2963846008943993,,0.0,1.2963846008943993,0.14848400576
8355,1.2963624880492708,,0.0,1.2963624880492708,0.14818260382
8360,1.2963404453027556,,0.0,1.2963404453027556,0.14706688652
8365,1.2963200306658365,,0.0,1.2963200306658365,0.14565531272
8370,1.2963027096747721,,0.0,1.2963027096747721,0.14318908034
8375,1.2962897382630474,,0.0,1.2962897382630474,0.14044515656
8380,1.2962820650391544,,0.0,1.2962820650391544,0.13888003086
8385,1.2962802682176422,,0.0,1.2962802682176422,0.13672626891
8390,1.2962845351241827,,0.0,1.2962845351241827,0.13542456302
8395,1.296294679720225,,0.0,1.296294679720225,0.13476052061
8400,1.2963101895334226,,0.0,1.2963101895334226,0.13433798863
8405,1.2963303071423204,,0.0,1.2963303071423204,0.13362900312
8410,1.296354118492686,,0.0,1.296354118492686,0.13310034925
8415,1.296380610223919,,0.0,1.296380610223919,0.13204216038
8420,1.2964087074906185,,0.0,1.2964087074906185,0.13116256134
8425,1.2964373233682438,,0.0,1.2964373233682438,0.12985620721
8430,1.296465397268739,,0.0,1.296465397268739,0.12796506551
8435,1.2964919085048123,,0.0,1.2964919085048123,0.12612857165
8440,1.2965158783691322,,0.0,1.2965158783691322,0.12507339308
8445,1.2965364141934843,,0.0,1.2965364141934843,0.12479009047
8450,1.2965527285565832,,0.0,1.2965527285565832,0.12437017498
8455,1.2965641598780153,,0.0,1.2965641598780153,0.12508358667
8460,1.2965702091507045,,0.0,1.2965702091507045,0.12721037374
8465,1.296570590732703,,0.0,1.296570590732703,0.13050487347
8470,1.296565286901339,,0.0,1.296565286901339,0.13405905603
8475,1.2965545981499609,,0.0,1.2965545981499609,0.13674214338
8480,1.296539177247151,,0.0,1.296539177247151,0.13897223322
8485,1.2965200277515854,,0.0,1.2965200277515854,0.14136045442
8490,1.296498460051886,,0.0,1.296498460051886,0.1428133643
8495,1.2964760038423646,,0.0,1.2964760038423646,0.14365174526
8500,1.2964542860445047,,0.0,1.2964542860445047,0.14280681984
8505,1.2964348880354943,,0.0,1.2964348880354943,0.14038934192
8510,1.2964192104014645,,0.0,1.2964192104014645,0.13845446687
8515,1.2964083499678898,,0.0,1.2964083499678898,0.13681380286
8520,1.2964030227703214,,0.0,1.2964030227703214,0.13491029415
8525,1.2964036027670383,,0.0,1.2964036027670383,0.13218861785
8530,1.296410150848785,,0.0,1.296410150848785,0.12998266021
8535,1.2964224563236852,,0.0,1.2964224563236852,0.1292477199
8540,1.2964400858278546,,0.0,1.2964400858278546,0.1283172379
8545,1.2964624228301302,,0.0,1.2964624228301302,0.12790741829
8550,1.296488690008179,,0.0,1.296488690008179,0.12775430751
8555,1.2965179561791529,,0.0,1.2965179561791529,0.12723196081
8560,1.2965491372897826,,0.0,1.2965491372897826,0.12592527869
8565,1.2965809971094417,,0.0,1.2965809971094417,0.12469446695
8570,1.296612160893437,,0.0,1.296612160893437,0.12349086001
8575,1.2966412263724778,,0.0,1.2966412263724778,0.12289678704
8580,1.2966668526630651,,0.0,1.2966668526630651,0.1224371042
8585,1.2966878227423848,,0.0,1.2966878227423848,0.12274741953
8590,1.296703103348959,,0.0,1.296703103348959,0.1241056877
8595,1.2967119021110354,,0.0,1.2967119021110354,0.1261223517
8600,1.2967137256650698,,0.0,1.2967137256650698,0.12882025843
8605,1.2967084380712375,,0.0,1.2967084380712375,0.13314764205
8610,1.296696307743861,,0.0,1.296696307743861,0.13702509439
8615,1.2966780329958192,,0.0,1.2966780329958192,0.14003948932
8620,1.2966547271871462,,0.0,1.2966547271871462,0.14253405378
8625,1.296627856844195,,0.0,1.296627856844195,0.14511533495
8630,1.296599133838463,,0.0,1.296599133838463,0.14584441053
8635,1.2965703771695556,,0.0,1.2965703771695556,0.14465043466
8640,1.296543362272967,,0.0,1.296543362272967,0.14217254683
8645,1.2965196684466884,,0.0,1.2965196684466884,0.14014214757
8650,1.2965005726141854,,0.0,1.2965005726141854,0.13843380655
8655,1.2964869908098764,,0.0,1.2964869908098764,0.13652326511
8660,1.2964794365952108,,0.0,1.2964794365952108,0.134157631
8665,1.2964780885830391,,0.0,1.2964780885830391,0.13223920257
8670,1.2964828463778901,,0.0,1.2964828463778901,0.1312950715
8675,1.2964933819618183,,0.0,1.2964933819618183,0.13037692492
8680,1.296509172961543,,0.0,1.296509172961543,0.12931383468
8685,1.2965295300740356,,0.0,1.2965295300740356,0.12888239553
8690,1.296553622214891,,0.0,1.296553622214891,0.12780809742
8695,1.2965804608748535,,0.0,1.2965804608748535,0.12660183754
8700,1.2966088677437608,,0.0,1.2966088677437608,0.1257763257
8705,1.2966374778788445,,0.0,1.2966374778788445,0.12464781303
8710,1.2966648156448926,,0.0,1.2966648156448926,0.12377411692
8715,1.296689377882097,,0.0,1.296689377882097,0.12321491005
8720,1.2967097431133552,,0.0,1.2967097431133552,0.12304034009
8725,1.2967246809495925,,0.0,1.2967246809495925,0.12470108464
8730,1.2967332533763163,,0.0,1.2967332533763163,0.12680759071
8735,1.2967349017828271,,0.0,1.2967349017828271,0.12959378095
8740,1.296729508050982,,0.0,1.296729508050982,0.13368791736
8745,1.2967174218817712,,0.0,1.2967174218817712,0.13835527642
8750,1.2966994489141992,,0.0,1.2966994489141992,0.1425015431
8755,1.296676798250333,,0.0,1.296676798250333,0.14610136931
8760,1.2966509969112314,,0.0,1.2966509969112314,0.14912177895
8765,1.2966237754811585,,0.0,1.2966237754811585,0.15069499783
8770,1.296596937316243,,0.0,1.296596937316243,0.15082340004
8775,1.296572226664037,,0.0,1.296572226664037,0.14890124571
8780,1.2965512081691497,,0.0,1.2965512081691497,0.14614638088
8785,1.2965351661807465,,0.0,1.2965351661807465,0.1438248194
8790,1.2965250367331334,,0.0,1.2965250367331334,0.14181708134
8795,1.2965213570509917,,0.0,1.2965213570509917,0.14002588491
8800,1.2965241206987144,,0.0,1.2965241206987144,0.13817870677
8805,1.2965331488654328,,0.0,1.2965331488654328,0.13685810259
8810,1.2965481586814607,,0.0,1.2965481586814607,0.13578173052
8815,1.296568686387047,,0.0,1.296568686387047,0.13545776545
8820,1.2965940756492729,,0.0,1.2965940756492729,0.13537113967
8825,1.296623341523219,,0.0,1.296623341523219,0.13510825594
8830,1.2966548534240554,,0.0,1.2966548534240554,0.13372236076
8835,1.296687104033582,,0.0,1.296687104033582,0.13208903064
8840,1.2967185470239173,,0.0,1.2967185470239173,0.13061760231
8845,1.2967475891367537,,0.0,1.2967475891367537,0.12924894491
8850,1.2967726553315015,,0.0,1.2967726553315015,0.12736272001
8855,1.2967922870025557,,0.0,1.2967922870025557,0.1270931606
8860,1.296805265047906,,0.0,1.296805265047906,0.12729614634
8865,1.2968107141259726,,0.0,1.2968107141259726,0.12820975673
8870,1.296808188595714,,0.0,1.296808188595714,0.12912079163
8875,1.2967977456845283,,0.0,1.2967977456845283,0.13184502613
8880,1.2967799736069086,,0.0,1.2967799736069086,0.13490772848
8885,1.2967559603764975,,0.0,1.2967559603764975,0.13782402029
8890,1.296727212816449,,0.0,1.296727212816449,0.14022007465
8895,1.2966955331937897,,0.0,1.2966955331937897,0.1432354473
8900,1.2966628707054069,,0.0,1.2966628707054069,0.14469195623
8905,1.2966311657363563,,0.0,1.2966311657363563,0.14550358643
8910,1.296602204514151,,0.0,1.296602204514151,0.14446599385
8915,1.2965775002975521,,0.0,1.2965775002975521,0.14131790995
8920,1.2965582098126855,,0.0,1.2965582098126855,0.13855046392
8925,1.2965450914710996,,0.0,1.2965450914710996,0.13672400235
8930,1.296538463191787,,0.0,1.296538463191787,0.1352836469
8935,1.2965381307184214,,0.0,1.2965381307184214,0.13374523472
8940,1.2965438026665137,,0.0,1.2965438026665137,0.13379557935
8945,1.2965550631968334,,0.0,1.2965550631968334,0.13309114771
8950,1.2965713617184378,,0.0,1.2965713617184378,0.13247324116
8955,1.2965920153639052,,0.0,1.2965920153639052,0.13195004511
8960,1.296616193048831,,0.0,1.296616193048831,0.13167976424
8965,1.2966427310174262,,0.0,1.2966427310174262,0.13131883716
8970,1.2966699075962678,,0.0,1.2966699075962678,0.12969024263
8975,1.2966963199220098,,0.0,1.2966963199220098,0.12798630031
8980,1.2967206062201821,,0.0,1.2967206062201821,0.12649842967
8985,1.2967414612506483,,0.0,1.2967414612506483,0.12561189394
8990,1.2967577091784797,,0.0,1.2967577091784797,0.12482239813
8995,1.2967683891180264,,0.0,1.2967683891180264,0.12440524689
9000,1.2967728379047256,,0.0,1.2967728379047256,0.12506617968
9005,1.2967707593026299,,0.0,1.2967707593026299,0.12633406377
9010,1.2967622703407804,,0.0,1.2967622703407804,0.12883993003
9015,1.2967479161646056,,0.0,1.2967479161646056,0.13254137679
9020,1.2967286469667472,,0.0,1.2967286469667472,0.13526751413
9025,1.296705758581454,,0.0,1.296705758581454,0.13804708719
9030,1.2966807994158034,,0.0,1.2966807994158034,0.14080368025
9035,1.2966554559949022,,0.0,1.2966554559949022,0.14217092196
9040,1.2966314265269592,,0.0,1.2966314265269592,0.14235557961
9045,1.2966102963495356,,0.0,1.2966102963495356,0.14122104711
9050,1.2965934268410642,,0.0,1.2965934268410642,0.13848219858
9055,1.2965818702728162,,0.0,1.2965818702728162,0.13601343114
9060,1.2965762353542174,,0.0,1.2965762353542174,0.13401472722
9065,1.2965765343624258,,0.0,1.2965765343624258,0.13209852129
9070,1.2965826882879878,,0.0,1.2965826882879878,0.13029162219
9075,1.296594457132262,,0.0,1.296594457132262,0.12978462675
9080,1.2966114666399409,,0.0,1.2966114666399409,0.12983010917
9085,1.2966332460216106,,0.0,1.2966332460216106,0.1301172135
9090,1.2966592353794497,,0.0,1.2966592353794497,0.13028434985
9095,1.2966887619449894,,0.0,1.2966887619449894,0.13083487799
9100,1.296721002752591,,0.0,1.296721002752591,0.13121465985
9105,1.2967549469168875,,0.0,1.2967549469168875,0.13142281625
9110,1.2967893805833637,,0.0,1.2967893805833637,0.13086086778
9115,1.2968226579197517,,0.0,1.2968226579197517,0.12946317949
9120,1.2968528055708846,,0.0,1.2968528055708846,0.12750970215
9125,1.2968785116630004,,0.0,1.2968785116630004,0.12726029073
9130,1.2968986479846634,,0.0,1.2968986479846634,0.12684620286
9135,1.2969123141449308,,0.0,1.2969123141449308,0.12746834867
9140,1.2969189319292533,,0.0,1.2969189319292533,0.1287445294
9145,1.2969183284673225,,0.0,1.2969183284673225,0.13062655282
9150,1.2969107919753289,,0.0,1.2969107919753289,0.13357811903
9155,1.2968970828450082,,0.0,1.2968970828450082,0.13665453514
9160,1.29687838562411,,0.0,1.29687838562411,0.14017285616
9165,1.2968562062447047,,0.0,1.2968562062447047,0.1422653904
9170,1.2968322371724594,,0.0,1.2968322371724594,0.1427268732
9175,1.2968082087936192,,0.0,1.2968082087936192,0.14253307431
9180,1.2967857470395747,,0.0,1.2967857470395747,0.13947679649
9185,1.2967662305163836,,0.0,1.2967662305163836,0.13594316367
9190,1.2967505269419066,,0.0,1.2967505269419066,0.13339946292
9195,1.2967391901743945,,0.0,1.2967391901743945,0.13085611688
9200,1.296732528231906,,0.0,1.296732528231906,0.12928155745
9205,1.296730625668418,,0.0,1.296730625668418,0.12872667724
9210,1.2967334185238963,,0.0,1.2967334185238963,0.13018713304
9215,1.2967407573932461,,0.0,1.2967407573932461,0.1314239752
9220,1.2967524420795808,,0.0,1.2967524420795808,0.13341322173
9225,1.2967682200100727,,0.0,1.2967682200100727,0.13568485345
9230,1.2967877497015061,,0.0,1.2967877497015061,0.13770276513
9235,1.2968105312557208,,0.0,1.2968105312557208,0.13932205712
9240,1.2968358444787733,,0.0,1.2968358444787733,0.1401028656
9245,1.2968627064059308,,0.0,1.2968627064059308,0.14102443166
9250,1.296889868925446,,0.0,1.296889868925446,0.14058552813
9255,1.2969158679862003,,0.0,1.2969158679862003,0.13853779611
9260,1.2969391231020908,,0.0,1.2969391231020908,0.13707359222
9265,1.296958074479966,,0.0,1.296958074479966,0.13522729147
9270,1.2969713149000688,,0.0,1.2969713149000688,0.13467177056
9275,1.29697776476455,,0.0,1.29697776476455,0.13459178479
9280,1.2969768862546711,,0.0,1.2969768862546711,0.13710475773
9285,1.2969686175886042,,0.0,1.2969686175886042,0.14014773084
9290,1.2969534576744162,,0.0,1.2969534576744162,0.14241249333
9295,1.2969324234370436,,0.0,1.2969324234370436,0.14441293529
9300,1.2969069449674018,,0.0,1.2969069449674018,0.14653873761
9305,1.296878718196485,,0.0,1.296878718196485,0.14810957487
9310,1.2968495376685905,,0.0,1.2968495376685905,0.14769090287
9315,1.2968211366412339,,0.0,1.2968211366412339,0.14554526215
9320,1.2967950578779603,,0.0,1.2967950578779603,0.14315781649
9325,1.2967725711735618,,0.0,1.2967725711735618,0.14105289682
9330,1.296754640680997,,0.0,1.296754640680997,0.1392843517
9335,1.2967419391687351,,0.0,1.2967419391687351,0.13754994061
9340,1.2967348916838746,,0.0,1.2967348916838746,0.13728740094
9345,1.2967337313934124,,0.0,1.2967337313934124,0.13820698288
9350,1.2967385453265596,,0.0,1.2967385453265596,0.13901450176
9355,1.2967492954637287,,0.0,1.2967492954637287,0.14072810993
9360,1.296765808736593,,0.0,1.296765808736593,0.14210287488
9365,1.2967877390084974,,0.0,1.2967877390084974,0.14276280217
9370,1.296814512619323,,0.0,1.296814512619323,0.14438720422
9375,1.2968452838312827,,0.0,1.2968452838312827,0.14460746796
9380,1.2968789068092785,,0.0,1.2968789068092785,0.14447838787
9385,1.296913933640714,,0.0,1.296913933640714,0.14398470688
9390,1.2969486692856789,,0.0,1.2969486692856789,0.14197628995
9395,1.2969812635566262,,0.0,1.2969812635566262,0.13942367338
9400,1.297009843790889,,0.0,1.297009843790889,0.13621902882
9405,1.297032701879324,,0.0,1.297032701879324,0.13493356117
9410,1.2970484710969938,,0.0,1.2970484710969938,0.13542816688
9415,1.2970562747161882,,0.0,1.2970562747161882,0.13629572529
9420,1.2970558161049228,,0.0,1.2970558161049228,0.13810036762
9425,1.297047403578284,,0.0,1.297047403578284,0.14089120028
9430,1.2970319040620577,,0.0,1.2970319040620577,0.14446722626
9435,1.2970106352715576,,0.0,1.2970106352715576,0.14806280781
9440,1.2969852181877068,,0.0,1.2969852181877068,0.15076680334
9445,1.2969574202262437,,0.0,1.2969574202262437,0.15191406342
9450,1.2969290134563456,,0.0,1.2969290134563456,0.15067134805
9455,1.2969016641062048,,0.0,1.2969016641062048,0.14798830116
9460,1.296876858108004,,0.0,1.296876858108004,0.14547586421
9465,1.2968558611971528,,0.0,1.2968558611971528,0.1430347422
9470,1.2968397051499894,,0.0,1.2968397051499894,0.14063823709
9475,1.2968291922392001,,0.0,1.2968291922392001,0.13943359062
9480,1.2968249054317822,,0.0,1.2968249054317822,0.14026550778
9485,1.2968272127454543,,0.0,1.2968272127454543,0.14034219842
9490,1.296836255565555,,0.0,1.296836255565555,0.14068048366
9495,1.296851926763978,,0.0,1.296851926763978,0.14180364789
9500,1.2968738356498648,,0.0,1.2968738356498648,0.14322432526
9505,1.296901249554096,,0.0,1.296901249554096,0.14462925409
9510,1.2969330566017765,,0.0,1.2969330566017765,0.14538579831
9515,1.2969677629399767,,0.0,1.2969677629399767,0.14528778955
9520,1.2970035406582507,,0.0,1.2970035406582507,0.14404958408
9525,1.2970383305603344,,0.0,1.2970383305603344,0.1423005385
9530,1.2970699859257053,,0.0,1.2970699859257053,0.13955639006
9535,1.2970964518155004,,0.0,1.2970964518155004,0.13718675003
9540,1.2971159484378143,,0.0,1.2971159484378143,0.1361485566
9545,1.2971271323349043,,0.0,1.2971271323349043,0.13545252816
9550,1.297129222620102,,0.0,1.297129222620102,0.135644509
9555,1.2971220828585361,,0.0,1.2971220828585361,0.13670942446
9560,1.2971062112652083,,0.0,1.2971062112652083,0.13884927017
9565,1.2970826700123237,,0.0,1.2970826700123237,0.14185378768
9570,1.2970529610715784,,0.0,1.2970529610715784,0.14470091417
9575,1.2970188752249157,,0.0,1.2970188752249157,0.14703965595
9580,1.296982337411934,,0.0,1.296982337411934,0.14805160755
9585,1.2969452753444943,,0.0,1.2969452753444943,0.14706215247
9590,1.2969095160419573,,0.0,1.2969095160419573,0.14466855465
9595,1.296876715138516,,0.0,1.296876715138516,0.14265910774
9600,1.2968483146062064,,0.0,1.2968483146062064,0.13967174875
9605,1.29682552433917,,0.0,1.29682552433917,0.1386087487
9610,1.2968093153220093,,0.0,1.2968093153220093,0.13795834632
9615,1.296800412501116,,0.0,1.296800412501116,0.13789621824
9620,1.2967992939925959,,0.0,1.2967992939925959,0.13807632191
9625,1.296806168013092,,0.0,1.296806168013092,0.1384017702
9630,1.2968209318899178,,0.0,1.2968209318899178,0.14019205912
9635,1.296843126615771,,0.0,1.296843126615771,0.14173647091
9640,1.2968718961558927,,0.0,1.2968718961558927,0.14274865891
9645,1.296905968141248,,0.0,1.296905968141248,0.14392230149
9650,1.29694367248228,,0.0,1.29694367248228,0.14384920428
9655,1.2969830078041789,,0.0,1.2969830078041789,0.1434442058
9660,1.2970217581788939,,0.0,1.2970217581788939,0.14225393755
9665,1.2970576522331432,,0.0,1.2970576522331432,0.14058244688
9670,1.297088546711732,,0.0,1.297088546711732,0.1371718634
9675,1.2971126095458227,,0.0,1.2971126095458227,0.13428645674
9680,1.297128480050048,,0.0,1.297128480050048,0.13336137792
9685,1.2971353834763182,,0.0,1.2971353834763182,0.13406262609
9690,1.2971331820036307,,0.0,1.2971331820036307,0.13577726891
9695,1.2971223534510639,,0.0,1.2971223534510639,0.1384510793
9700,1.2971039081099283,,0.0,1.2971039081099283,0.14235562957
9705,1.2970792631009151,,0.0,1.2970792631009151,0.14563255863
9710,1.2970500933650386,,0.0,1.2970500933650386,0.14952281658
9715,1.2970181984960731,,0.0,1.2970181984960731,0.15215782681
9720,1.2969853929391928,,0.0,1.2969853929391928,0.15193864519
9725,1.2969534254963804,,0.0,1.2969534254963804,0.15055986899
9730,1.296923919623793,,0.0,1.296923919623793,0.14852260394
9735,1.296898334422082,,0.0,1.296898334422082,0.14507715635
9740,1.2968779429533484,,0.0,1.2968779429533484,0.14264481358
9745,1.2968638146174793,,0.0,1.2968638146174793,0.14190273078
9750,1.2968567839642067,,0.0,1.2968567839642067,0.14129182171
9755,1.2968574238615747,,0.0,1.2968574238615747,0.13960238402
9760,1.2968660158921481,,0.0,1.2968660158921481,0.13898798866
9765,1.2968825060958358,,0.0,1.2968825060958358,0.14131755862
9770,1.2969064540790913,,0.0,1.2969064540790913,0.14352190641
9775,1.296936991529998,,0.0,1.296936991529998,0.14466673465
9780,1.2969728008322519,,0.0,1.2969728008322519,0.1458267807
9785,1.2970121272433104,,0.0,1.2970121272433104,0.14607240902
9790,1.297052849587061,,0.0,1.297052849587061,0.14483922208
9795,1.297092610550115,,0.0,1.297092610550115,0.14334226958
9800,1.2971289928194227,,0.0,1.2971289928194227,0.13983869512
9805,1.2971597238335904,,0.0,1.2971597238335904,0.13613777991
9810,1.29718286796001,,0.0,1.29718286796001,0.1338057806
9815,1.2971970047116728,,0.0,1.2971970047116728,0.13307319796
9820,1.2972013505286577,,0.0,1.2972013505286577,0.13379148491
9825,1.2971958053125214,,0.0,1.2971958053125214,0.13549356083
9830,1.2971809269808976,,0.0,1.2971809269808976,0.13691556042
9835,1.2971578239433543,,0.0,1.2971578239433543,0.13932669551
9840,1.2971279700529348,,0.0,1.2971279700529348,0.14293319337
9845,1.2970927513413975,,0.0,1.2970927513413975,0.14692599369
9850,1.2970542938363119,,0.0,1.2970542938363119,0.14959251613
9855,1.2970148426734842,,0.0,1.2970148426734842,0.1498349433
9860,1.2969760670513875,,0.0,1.2969760670513875,0.14776969971
9865,1.2969395814163283,,0.0,1.2969395814163283,0.14553527397
9870,1.2969068983340024,,0.0,1.2969068983340024,0.14191483082
9875,1.296879352351311,,0.0,1.296879352351311,0.14024898813
9880,1.2968580948478756,,0.0,1.2968580948478756,0.13950702725
9885,1.2968440860162809,,0.0,1.2968440860162809,0.13937918081
9890,1.296838070505777,,0.0,1.296838070505777,0.13941499743
9895,1.2968405282146374,,0.0,1.2968405282146374,0.14005509787
9900,1.296851604092537,,0.0,1.296851604092537,0.14141670145
9905,1.2968710265568546,,0.0,1.2968710265568546,0.14255618446
9910,1.2968980389782097,,0.0,1.2968980389782097,0.14324875589
9915,1.2969313727499219,,0.0,1.2969313727499219,0.1444527151
9920,1.2969692735254854,,0.0,1.2969692735254854,0.14405514302
9925,1.29700958993094,,0.0,1.29700958993094,0.14199087731
9930,1.2970499164353473,,0.0,1.2970499164353473,0.1399278663
9935,1.2970877831516978,,0.0,1.2970877831516978,0.13690296785
9940,1.2971208763307123,,0.0,1.2971208763307123,0.13264329075
9945,1.2971472494487553,,0.0,1.2971472494487553,0.13118555122
9950,1.2971654909296588,,0.0,1.2971654909296588,0.13058547085
9955,1.2971748089957262,,0.0,1.2971748089957262,0.13091450206
9960,1.2971750396874897,,0.0,1.2971750396874897,0.13228641049
9965,1.2971665839927784,,0.0,1.2971665839927784,0.13474719615
9970,1.2971502344813637,,0.0,1.2971502344813637,0.13883165989
9975,1.297126598179512,,0.0,1.297126598179512,0.1432658221
9980,1.297097336959005,,0.0,1.297097336959005,0.14824247007
9985,1.2970645194219947,,0.0,1.2970645194219947,0.15155012882
9990,1.2970302779326484,,0.0,1.2970302779326484,0.15122711369
9995,1.2969963223822778,,0.0,1.2969963223822778,0.1493378525
10000,1.296963948308104,,0.0,1.296963948308104,0.14689235122
10005,1.2969345994643302,,0.0,1.2969345994643302,0.14295897516
10010,1.2969096451501374,,0.0,1.2969096451501374,0.1396197147
10015,1.2968903206060574,,0.0,1.2968903206060574,0.13778417719
10020,1.2968778060234303,,0.0,1.2968778060234303,0.13752073938
10025,1.2968731601091343,,0.0,1.2968731601091343,0.13680592663
10030,1.2968772222643583,,0.0,1.2968772222643583,0.13653449635
10035,1.29689048090218,,0.0,1.29689048090218,0.13831502854
10040,1.2969129319632156,,0.0,1.2969129319632156,0.14024188324
10045,1.2969439649558718,,0.0,1.2969439649558718,0.14067783761
10050,1.2969823288971307,,0.0,1.2969823288971307,0.14156051234
10055,1.2970261635004925,,0.0,1.2970261635004925,0.14113275724
10060,1.2970730869972606,,0.0,1.2970730869972606,0.13992430133
10065,1.2971203693038793,,0.0,1.2971203693038793,0.13857254455
10070,1.2971651664760497,,0.0,1.2971651664760497,0.13666033013
10075,1.2972047734795793,,0.0,1.2972047734795793,0.13489159278
10080,1.2972368596345911,,0.0,1.2972368596345911,0.13402685788
10085,1.297259660297608,,0.0,1.297259660297608,0.13470542586
10090,1.2972721076528932,,0.0,1.2972721076528932,0.13626310463
10095,1.297273872890426,,0.0,1.297273872890426,0.13849581209
10100,1.2972652368997057,,0.0,1.2972652368997057,0.13993414243
10105,1.29724637413519,,0.0,1.29724637413519,0.14210638814
10110,1.2972188144892098,,0.0,1.2972188144892098,0.14538730882
10115,1.297184685276456,,0.0,1.297184685276456,0.14975504941
10120,1.2971463231173652,,0.0,1.2971463231173652,0.15216267397
10125,1.2971060496819644,,0.0,1.2971060496819644,0.15122176965
10130,1.2970659907007953,,0.0,1.2970659907007953,0.14833403214
10135,1.297027514680963,,0.0,1.297027514680963,0.14632213129
10140,1.2969918938924936,,0.0,1.2969918938924936,0.14304646536
10145,1.2969604858524553,,0.0,1.2969604858524553,0.14015413664
10150,1.2969346038207412,,0.0,1.2969346038207412,0.13848481502
10155,1.2969155055130048,,0.0,1.2969155055130048,0.13710644471
10160,1.296904316764457,,0.0,1.296904316764457,0.13693688744
10165,1.2969019093523413,,0.0,1.2969019093523413,0.13779745018
10170,1.2969087584224834,,0.0,1.2969087584224834,0.13870410533
10175,1.2969248101138018,,0.0,1.2969248101138018,0.14025617032
10180,1.2969493972023507,,0.0,1.2969493972023507,0.14250824311
10185,1.2969812383092445,,0.0,1.2969812383092445,0.14435365582
10190,1.2970184859201888,,0.0,1.2970184859201888,0.14462311326
10195,1.2970588332165573,,0.0,1.2970588332165573,0.14464577581
10200,1.2970996915991422,,0.0,1.2970996915991422,0.14471616856
10205,1.2971384045483263,,0.0,1.2971384045483263,0.14451818469
10210,1.2971724627713832,,0.0,1.2971724627713832,0.14286964553
10215,1.2971997019241281,,0.0,1.2971997019241281,0.14229247052
10220,1.2972184725109475,,0.0,1.2972184725109475,0.14227458524
10225,1.2972277658246798,,0.0,1.2972277658246798,0.14246102897
10230,1.2972272834511727,,0.0,1.2972272834511727,0.14363522427
10235,1.2972169555888409,,0.0,1.2972169555888409,0.14455725206
10240,1.297197175997832,,0.0,1.297197175997832,0.14509975964
10245,1.2971696668466153,,0.0,1.2971696668466153,0.14886420498
10250,1.2971365233708558,,0.0,1.2971365233708558,0.15207881736
10255,1.2970999458551287,,0.0,1.2970999458551287,0.15433521343
10260,1.297062009931249,,0.0,1.297062009931249,0.15438230481
10265,1.2970245269751024,,0.0,1.2970245269751024,0.15289421617
10270,1.2969885342085405,,0.0,1.2969885342085405,0.15117305251
10275,1.296955020536857,,0.0,1.296955020536857,0.14795931951
10280,1.2969252190223783,,0.0,1.2969252190223783,0.14547749215
10285,1.2969004613407356,,0.0,1.2969004613407356,0.14279054557
10290,1.2968821387711824,,0.0,1.2968821387711824,0.14044748296
10295,1.2968715688310128,,0.0,1.2968715688310128,0.14132688921
10300,1.2968698080489005,,0.0,1.2968698080489005,0.14215378523
10305,1.296877458797673,,0.0,1.296877458797673,0.14473220198
10310,1.2968945210773306,,0.0,1.2968945210773306,0.14718596127
10315,1.296920328555011,,0.0,1.296920328555011,0.1502898637
10320,1.2969535968815489,,0.0,1.2969535968815489,0.15143858623
10325,1.2969925246810021,,0.0,1.2969925246810021,0.15086780671
10330,1.297034929787505,,0.0,1.297034929787505,0.15027276656
10335,1.297078413204736,,0.0,1.297078413204736,0.15020559208
10340,1.2971205177188807,,0.0,1.2971205177188807,0.14891411153
10345,1.2971588705710935,,0.0,1.2971588705710935,0.14631050513
10350,1.29719132385274,,0.0,1.29719132385274,0.14584766309
10355,1.2972161067817645,,0.0,1.2972161067817645,0.14507031622
10360,1.2972319807513166,,0.0,1.2972319807513166,0.14487075059
10365,1.2972383651706234,,0.0,1.2972383651706234,0.1463992758
10370,1.2972348897447514,,0.0,1.2972348897447514,0.14645009581
10375,1.2972217153638788,,0.0,1.2972217153638788,0.14837579149
10380,1.2972003770688214,,0.0,1.2972003770688214,0.15262621564
10385,1.2971728250465604,,0.0,1.2971728250465604,0.15703755254
10390,1.2971411581961059,,0.0,1.2971411581961059,0.16014746923
10395,1.2971073684863805,,0.0,1.2971073684863805,0.16000290155
10400,1.2970731996698903,,0.0,1.2970731996698903,0.15837447
10405,1.297040081243494,,0.0,1.297040081243494,0.15669480704
10410,1.2970088214204387,,0.0,1.2970088214204387,0.1534729916
10415,1.2969805309865157,,0.0,1.2969805309865157,0.14973232283
10420,1.2969564721127984,,0.0,1.2969564721127984,0.14658974924
10425,1.296937941920658,,0.0,1.296937941920658,0.14682283079
10430,1.296926138522124,,0.0,1.296926138522124,0.14787155786
10435,1.296921986367409,,0.0,1.296921986367409,0.14784582731
10440,1.296925980404207,,0.0,1.296925980404207,0.14903463143
10445,1.2969380767713798,,0.0,1.2969380767713798,0.15111638277
10450,1.296957661611016,,0.0,1.296957661611016,0.1533966592
10455,1.2969836207710064,,0.0,1.2969836207710064,0.15375661605
10460,1.2970144438638604,,0.0,1.2970144438638604,0.15340110264
10465,1.2970483292166088,,0.0,1.2970483292166088,0.15261513237
10470,1.297083285355375,,0.0,1.297083285355375,0.15200789789
10475,1.2971172238761393,,0.0,1.2971172238761393,0.15004716349
10480,1.2971480537016287,,0.0,1.2971480537016287,0.14685913341
10485,1.2971738054370503,,0.0,1.2971738054370503,0.14588818734
10490,1.2971927963196526,,0.0,1.2971927963196526,0.14471033818
10495,1.2972038019009204,,0.0,1.2972038019009204,0.14437168155
10500,1.2972054591192625,,0.0,1.2972054591192625,0.14529312705
10505,1.2971974758971245,,0.0,1.2971974758971245,0.14622320446
10510,1.297180711635582,,0.0,1.297180711635582,0.148861563
10515,1.2971565979106903,,0.0,1.2971565979106903,0.15270977518
10520,1.2971269125341685,,0.0,1.2971269125341685,0.1558039936
10525,1.297093504505451,,0.0,1.297093504505451,0.15875981388
10530,1.297058082428728,,0.0,1.297058082428728,0.15963460956
10535,1.2970220982759788,,0.0,1.2970220982759788,0.15940218236
10540,1.2969868110499776,,0.0,1.2969868110499776,0.15781817944
10545,1.296953119854546,,0.0,1.296953119854546,0.15408581145
10550,1.2969218618136589,,0.0,1.2969218618136589,0.14971733495
10555,1.296894346820891,,0.0,1.296894346820891,0.14610183836
10560,1.2968719677396459,,0.0,1.2968719677396459,0.1448995096
10565,1.2968560712949733,,0.0,1.2968560712949733,0.14549344604
10570,1.2968477754013377,,0.0,1.2968477754013377,0.14670343316
10575,1.296847809163523,,0.0,1.296847809163523,0.14791668662
10580,1.2968563957485824,,0.0,1.2968563957485824,0.15033775192
10585,1.296873221395916,,0.0,1.296873221395916,0.15163465363
10590,1.296897467793324,,0.0,1.296897467793324,0.15191838209
10595,1.2969278827696766,,0.0,1.2969278827696766,0.15181490401
10600,1.2969628649478995,,0.0,1.2969628649478995,0.15263054309
10605,1.2970005434474936,,0.0,1.2970005434474936,0.15238812718
10610,1.297038857290026,,0.0,1.297038857290026,0.15068364011
10615,1.297075650151069,,0.0,1.297075650151069,0.14686339703
10620,1.2971088032307345,,0.0,1.2971088032307345,0.14460008353
10625,1.2971364141635533,,0.0,1.2971364141635533,0.14365769157
10630,1.297156992561922,,0.0,1.297156992561922,0.14249468386
10635,1.2971696161538329,,0.0,1.2971696161538329,0.1438241818
10640,1.2971732239551934,,0.0,1.2971732239551934,0.14531234968
10645,1.2971677261645311,,0.0,1.2971677261645311,0.14858604483
10650,1.2971541447562596,,0.0,1.2971541447562596,0.15323261889
10655,1.2971339008114433,,0.0,1.2971339008114433,0.1575483688
10660,1.297108625706987,,0.0,1.297108625706987,0.16092443361
10665,1.2970799517108786,,0.0,1.2970799517108786,0.16241830142
10670,1.2970493790126467,,0.0,1.2970493790126467,0.16246942831
10675,1.2970183107726652,,0.0,1.2970183107726652,0.16056345404
10680,1.2969877137181354,,0.0,1.2969877137181354,0.15736483787
10685,1.296958739624716,,0.0,1.296958739624716,0.15345728332
10690,1.296932883236421,,0.0,1.296932883236421,0.15040556439
10695,1.296911704247393,,0.0,1.296911704247393,0.14931671733
10700,1.2968966884908044,,0.0,1.2968966884908044,0.14966982435
10705,1.2968890789299177,,0.0,1.2968890789299177,0.14931485584
10710,1.2968897274410984,,0.0,1.2968897274410984,0.15033493907
10715,1.2968989800619917,,0.0,1.2968989800619917,0.15316290603
10720,1.2969166303581228,,0.0,1.2969166303581228,0.15398674002
10725,1.296941932690148,,0.0,1.296941932690148,0.15445936256
10730,1.2969736442928241,,0.0,1.2969736442928241,0.15456451785
10735,1.2970100886409883,,0.0,1.2970100886409883,0.15353357908
10740,1.297049231686748,,0.0,1.297049231686748,0.15294296845
10745,1.2970887796807102,,0.0,1.2970887796807102,0.15115603855
10750,1.2971263095672843,,0.0,1.2971263095672843,0.14795937452
10755,1.2971594458153621,,0.0,1.2971594458153621,0.14635959114
10760,1.2971860777438213,,0.0,1.2971860777438213,0.14563774042
10765,1.2972045586293104,,0.0,1.2972045586293104,0.14481362359
10770,1.297213049373328,,0.0,1.297213049373328,0.14554680832
10775,1.2972109529495512,,0.0,1.2972109529495512,0.1462116724
10780,1.2971988275726416,,0.0,1.2971988275726416,0.14880243691
10785,1.2971778945228152,,0.0,1.2971778945228152,0.1527420988
10790,1.2971498150777971,,0.0,1.2971498150777971,0.15558990541
10795,1.2971164175440697,,0.0,1.2971164175440697,0.15837011027
10800,1.2970794937926786,,0.0,1.2970794937926786,0.16002765284
10805,1.2970407031211622,,0.0,1.2970407031211622,0.15953982922
10810,1.2970015469071603,,0.0,1.2970015469071603,0.15764312097
10815,1.296963449796074,,0.0,1.296963449796074,0.15457812986
10820,1.2969276300978394,,0.0,1.2969276300978394,0.15048669698
10825,1.2968951984002293,,0.0,1.2968951984002293,0.14706978363
10830,1.2968676409324544,,0.0,1.2968676409324544,0.14539255978
10835,1.2968463873893927,,0.0,1.2968463873893927,0.14563577842
10840,1.29683267697195,,0.0,1.29683267697195,0.14611638998
10845,1.2968274133383784,,0.0,1.2968274133383784,0.14757509299
10850,1.2968310552979614,,0.0,1.2968310552979614,0.14920449265
10855,1.296843544435188,,0.0,1.296843544435188,0.15053596764
10860,1.2968642818425575,,0.0,1.2968642818425575,0.1513199526
10865,1.2968921611896986,,0.0,1.2968921611896986,0.15211599248
10870,1.2969256376338703,,0.0,1.2969256376338703,0.15263902734
10875,1.296962808116538,,0.0,1.296962808116538,0.15236869463
10880,1.2970014964123966,,0.0,1.2970014964123966,0.15079678185
10885,1.2970393762969892,,0.0,1.2970393762969892,0.14685975032
10890,1.2970741437239526,,0.0,1.2970741437239526,0.14456037857
10895,1.2971037196951531,,0.0,1.2971037196951531,0.14309708252
10900,1.2971264519427161,,0.0,1.2971264519427161,0.1417036902
10905,1.2971406420604135,,0.0,1.2971406420604135,0.1414246826
10910,1.2971451570843613,,0.0,1.2971451570843613,0.14198328067
10915,1.2971402385973507,,0.0,1.2971402385973507,0.1448614689
10920,1.2971267489707379,,0.0,1.2971267489707379,0.14902223426
10925,1.2971060218603396,,0.0,1.2971060218603396,0.15292457459
10930,1.2970796365641477,,0.0,1.2970796365641477,0.1558092743
10935,1.2970492336669348,,0.0,1.2970492336669348,0.15731967028
10940,1.2970164093972891,,0.0,1.2970164093972891,0.15847317245
10945,1.2969826716674677,,0.0,1.2969826716674677,0.15758943744
10950,1.2969495029443263,,0.0,1.2969495029443263,0.15532157936
10955,1.2969180130235636,,0.0,1.2969180130235636,0.15193885659
10960,1.296889679421568,,0.0,1.296889679421568,0.14946997971
10965,1.29686617925756,,0.0,1.29686617925756,0.1467210003
10970,1.296849147670798,,0.0,1.296849147670798,0.14606424021
10975,1.296840013465076,,0.0,1.296840013465076,0.14578194763
10980,1.2968398322779826,,0.0,1.2968398322779826,0.14679156008
10985,1.2968491582647974,,0.0,1.2968491582647974,0.14938139575
10990,1.296867952514849,,0.0,1.296867952514849,0.15107057665
10995,1.296895546913108,,0.0,1.296895546913108,0.15307130029
11000,1.2969306751301082,,0.0,1.2969306751301082,0.15357103113
11005,1.2969715607402614,,0.0,1.2969715607402614,0.15273881492
11010,1.2970160304885427,,0.0,1.2970160304885427,0.15186855064
11015,1.297061635180895,,0.0,1.297061635180895,0.15015714234
11020,1.2971057953269687,,0.0,1.2971057953269687,0.14749989714
11025,1.2971459834163177,,0.0,1.2971459834163177,0.14599989395
11030,1.2971799307489131,,0.0,1.2971799307489131,0.14499925725
11035,1.2972056227817026,,0.0,1.2972056227817026,0.14366960876
11040,1.2972208939823893,,0.0,1.2972208939823893,0.14275017363
11045,1.2972251299980155,,0.0,1.2972251299980155,0.14341654509
11050,1.2972186093418563,,0.0,1.2972186093418563,0.14451102525
11055,1.2972023359686242,,0.0,1.2972023359686242,0.14791640706
11060,1.297177822345006,,0.0,1.297177822345006,0.15092529075
11065,1.2971468477678607,,0.0,1.2971468477678607,0.15391989127
11070,1.2971112614346418,,0.0,1.2971112614346418,0.15586478744
11075,1.2970728622460577,,0.0,1.2970728622460577,0.15637345209
11080,1.2970333558360183,,0.0,1.2970333558360183,0.1551745123
11085,1.2969943368489625,,0.0,1.2969943368489625,0.15296948673
11090,1.2969573454741916,,0.0,1.2969573454741916,0.14927402946
11095,1.2969237979413133,,0.0,1.2969237979413133,0.14669364116
11100,1.2968948831544889,,0.0,1.2968948831544889,0.1442607733
11105,1.2968720502144266,,0.0,1.2968720502144266,0.14331273322
11110,1.2968565946583477,,0.0,1.2968565946583477,0.142983238
11115,1.2968495235102546,,0.0,1.2968495235102546,0.14358276246
11120,1.2968514330043965,,0.0,1.2968514330043965,0.14475787143
11125,1.296862401259143,,0.0,1.296862401259143,0.14645902817
11130,1.2968819333268007,,0.0,1.2968819333268007,0.14872908431
11135,1.2969089672331826,,0.0,1.2969089672331826,0.15020016124
11140,1.2969419376406148,,0.0,1.2969419376406148,0.15114316606
11145,1.2969788782235938,,0.0,1.2969788782235938,0.15036607285
11150,1.2970175391928742,,0.0,1.2970175391928742,0.14968104799
11155,1.2970555208590693,,0.0,1.2970555208590693,0.14688309853
11160,1.2970904459089025,,0.0,1.2970904459089025,0.14525585513
11165,1.2971201442556481,,0.0,1.2971201442556481,0.14387533276
11170,1.297142142051923,,0.0,1.297142142051923,0.14225900492
11175,1.2971547873268796,,0.0,1.2971547873268796,0.14133137972
11180,1.2971574920640447,,0.0,1.2971574920640447,0.14158052703
11185,1.2971504089358217,,0.0,1.2971504089358217,0.14196803189
11190,1.2971343700167082,,0.0,1.2971343700167082,0.1446755237
11195,1.2971106897547096,,0.0,1.2971106897547096,0.1472332862
11200,1.2970809602200217,,0.0,1.2970809602200217,0.14956109545
11205,1.297046877640667,,0.0,1.297046877640667,0.15105672131
11210,1.2970101305219395,,0.0,1.2970101305219395,0.15147745753
11215,1.2969723474684816,,0.0,1.2969723474684816,0.15109819314
11220,1.2969350690656327,,0.0,1.2969350690656327,0.14959601968
11225,1.2968998115424335,,0.0,1.2968998115424335,0.14607213694
11230,1.2968677351893467,,0.0,1.2968677351893467,0.14402238275
11235,1.2968403130673403,,0.0,1.2968403130673403,0.14113058377
11240,1.2968191491277319,,0.0,1.2968191491277319,0.13915979078
11245,1.2968057275205358,,0.0,1.2968057275205358,0.13844251228
11250,1.2968012519023053,,0.0,1.2968012519023053,0.14012495846
11255,1.2968064797935053,,0.0,1.2968064797935053,0.14308049548
11260,1.2968215960445741,,0.0,1.2968215960445741,0.14595968694
11265,1.2968461420442468,,0.0,1.2968461420442468,0.14885134201
11270,1.2968790173037026,,0.0,1.2968790173037026,0.15027391319
11275,1.2969185565848431,,0.0,1.2969185565848431,0.15011075042
11280,1.2969626595035177,,0.0,1.2969626595035177,0.14976076999
11285,1.29700893835047,,0.0,1.29700893835047,0.14928667338
11290,1.2970548723478885,,0.0,1.2970548723478885,0.14764081902
11295,1.2970979816088215,,0.0,1.2970979816088215,0.1453360448
11300,1.2971360107004903,,0.0,1.2971360107004903,0.14495497955
11305,1.2971669703272255,,0.0,1.2971669703272255,0.14264169811
11310,1.297188481987638,,0.0,1.297188481987638,0.14137591864
11315,1.2971995990534233,,0.0,1.2971995990534233,0.14193870307
11320,1.2972002734060417,,0.0,1.2972002734060417,0.1430762519
11325,1.2971911764278317,,0.0,1.2971911764278317,0.14628418378
11330,1.297173533458392,,0.0,1.297173533458392,0.14941497102
11335,1.2971489069641255,,0.0,1.2971489069641255,0.15255135332
11340,1.2971190067373346,,0.0,1.2971190067373346,0.15460313862
11345,1.2970855496989935,,0.0,1.2970855496989935,0.15477122016
11350,1.297050189404099,,0.0,1.297050189404099,0.15334992406
11355,1.2970144841606621,,0.0,1.2970144841606621,0.15236905094
11360,1.2969799145543615,,0.0,1.2969799145543615,0.14908506083
11365,1.2969479644381836,,0.0,1.2969479644381836,0.14618803838
11370,1.296919870339783,,0.0,1.296919870339783,0.14440180531
11375,1.296897041261085,,0.0,1.296897041261085,0.14236275668
11380,1.2968809050157897,,0.0,1.2968809050157897,0.14065911527
11385,1.2968726584288057,,0.0,1.2968726584288057,0.14031951353
11390,1.2968731167430432,,0.0,1.2968731167430432,0.14113250512
11395,1.296882572135066,,0.0,1.296882572135066,0.143519924
11400,1.2969007012403677,,0.0,1.2969007012403677,0.14592793992
11405,1.2969265522821583,,0.0,1.2969265522821583,0.14765915523
11410,1.2969586085363491,,0.0,1.2969586085363491,0.148836055
11415,1.2969949093209694,,0.0,1.2969949093209694,0.14763139569
11420,1.297033200490363,,0.0,1.297033200490363,0.1471379373
11425,1.297071092058058,,0.0,1.297071092058058,0.14546388393
11430,1.2971061640377526,,0.0,1.2971061640377526,0.14385683258
11435,1.2971356580292193,,0.0,1.2971356580292193,0.14388712891
11440,1.2971575587963404,,0.0,1.2971575587963404,0.14218214733
11445,1.297170513079449,,0.0,1.297170513079449,0.14166630232
11450,1.2971738245458533,,0.0,1.2971738245458533,0.14180819966
11455,1.2971675269577378,,0.0,1.2971675269577378,0.14269010385
11460,1.2971522974399834,,0.0,1.2971522974399834,0.14427342653
11465,1.29712929499593,,0.0,1.29712929499593,0.14657573578
11470,1.2970999856568837,,0.0,1.2970999856568837,0.14897501676
11475,1.2970659784236371,,0.0,1.2970659784236371,0.15138601841
11480,1.2970288994256,,0.0,1.2970288994256,0.15156267131
11485,1.2969903207330815,,0.0,1.2969903207330815,0.1509414649
11490,1.2969517380801894,,0.0,1.2969517380801894,0.15007353795
11495,1.2969145553203634,,0.0,1.2969145553203634,0.14722468481
11500,1.2968801379904284,,0.0,1.2968801379904284,0.14381452063
11505,1.2968497776672319,,0.0,1.2968497776672319,0.14151887518
11510,1.2968246106809753,,0.0,1.2968246106809753,0.13837419869
11515,1.2968060542513598,,0.0,1.2968060542513598,0.13710325314
11520,1.2967953827276066,,0.0,1.2967953827276066,0.13785361449
11525,1.296793559668619,,0.0,1.296793559668619,0.13966232015
11530,1.2968010766557727,,0.0,1.2968010766557727,0.14277273474
11535,1.2968178381450537,,0.0,1.2968178381450537,0.14556275446
11540,1.2968431251306307,,0.0,1.2968431251306307,0.14829128132
11545,1.296875634154536,,0.0,1.296875634154536,0.14886714559
11550,1.2969135787912376,,0.0,1.2969135787912376,0.14913350917
11555,1.2969548285577455,,0.0,1.2969548285577455,0.14892836565
11560,1.2969970645562947,,0.0,1.2969970645562947,0.14727885091
11565,1.2970379430377754,,0.0,1.2970379430377754,0.14426713823
11570,1.2970752719353882,,0.0,1.2970752719353882,0.14276449292
11575,1.2971068480932866,,0.0,1.2971068480932866,0.1406781415
11580,1.2971303849897602,,0.0,1.2971303849897602,0.1392650265
11585,1.2971448704523205,,0.0,1.2971448704523205,0.13934458184
11590,1.2971499894332457,,0.0,1.2971499894332457,0.1407554095
11595,1.297146119554161,,0.0,1.297146119554161,0.14336069456
11600,1.2971341911068297,,0.0,1.2971341911068297,0.14684554932
11605,1.2971155019056881,,0.0,1.2971155019056881,0.15009856115
11610,1.2970915432294239,,0.0,1.2970915432294239,0.15354503926
11615,1.2970638571485158,,0.0,1.2970638571485158,0.15474930415
11620,1.2970339479118749,,0.0,1.2970339479118749,0.15407990662
11625,1.2970032455114067,,0.0,1.2970032455114067,0.15270608989
11630,1.2969730859791526,,0.0,1.2969730859791526,0.15066434439
11635,1.296944794456127,,0.0,1.296944794456127,0.14757813873
11640,1.296919652321215,,0.0,1.296919652321215,0.14630148877
11645,1.2968988470924474,,0.0,1.2968988470924474,0.14375179874
11650,1.296883834801186,,0.0,1.296883834801186,0.14113728302
11655,1.2968759366280713,,0.0,1.2968759366280713,0.13996451545
11660,1.296876167616863,,0.0,1.296876167616863,0.14058311081
11665,1.296885066972429,,0.0,1.296885066972429,0.14282787583
11670,1.296902570437708,,0.0,1.296902570437708,0.1447301593
11675,1.2969279560365887,,0.0,1.2969279560365887,0.14674042602
11680,1.2969598837766554,,0.0,1.2969598837766554,0.14711354808
11685,1.2969965130742678,,0.0,1.2969965130742678,0.14665701722
11690,1.2970356724565686,,0.0,1.2970356724565686,0.14601432028
11695,1.297074865403036,,0.0,1.297074865403036,0.14504481055
11700,1.2971114509385195,,0.0,1.2971114509385195,0.14335265795
11705,1.2971430961059285,,0.0,1.2971430961059285,0.14319003131
11710,1.2971678048769568,,0.0,1.2971678048769568,0.14258496103
11715,1.2971840647849184,,0.0,1.2971840647849184,0.14133954133
11720,1.2971909550429461,,0.0,1.2971909550429461,0.1406372588
11725,1.2971882550582294,,0.0,1.2971882550582294,0.14142191461
11730,1.297176403541156,,0.0,1.297176403541156,0.1425835193
11735,1.2971563791000478,,0.0,1.2971563791000478,0.14480333719
11740,1.297129543311356,,0.0,1.297129543311356,0.14682904229
11745,1.2970974720077455,,0.0,1.2970974720077455,0.14975194474
11750,1.2970617986453163,,0.0,1.2970617986453163,0.15100646929
11755,1.297024099749798,,0.0,1.297024099749798,0.1499332062
11760,1.2969858373921226,,0.0,1.2969858373921226,0.14862589543
11765,1.296948356416163,,0.0,1.296948356416163,0.14642842727
11770,1.2969129030524882,,0.0,1.2969129030524882,0.14294501751
11775,1.29688068125468,,0.0,1.29688068125468,0.14076842901
11780,1.2968529330949152,,0.0,1.2968529330949152,0.13888939269
11785,1.2968309088631467,,0.0,1.2968309088631467,0.13728973315
11790,1.2968157464737249,,0.0,1.2968157464737249,0.13748478744
11795,1.2968084094855525,,0.0,1.2968084094855525,0.138133069
11800,1.296809573043323,,0.0,1.296809573043323,0.13990410743
11805,1.296819387344205,,0.0,1.296819387344205,0.14183492982
11810,1.2968374071431952,,0.0,1.2968374071431952,0.14465022361
11815,1.2968626044263099,,0.0,1.2968626044263099,0.14635667822
11820,1.2968934572219664,,0.0,1.2968934572219664,0.14711392576
11825,1.2969280737586946,,0.0,1.2969280737586946,0.14723225811
11830,1.296964344048438,,0.0,1.296964344048438,0.1466218466
11835,1.2970000967173492,,0.0,1.2970000967173492,0.14351667844
11840,1.2970328745516138,,0.0,1.2970328745516138,0.14124374668
11845,1.2970605410286726,,0.0,1.2970605410286726,0.13964798014
11850,1.297081487147732,,0.0,1.297081487147732,0.13800941539
11855,1.2970946338059894,,0.0,1.2970946338059894,0.13797846239
11860,1.297099506055638,,0.0,1.297099506055638,0.13884369299
11865,1.2970962707274165,,0.0,1.2970962707274165,0.14037827266
11870,1.297085622470859,,0.0,1.297085622470859,0.14341025754
11875,1.2970686347452347,,0.0,1.2970686347452347,0.14604980987
11880,1.297046607246158,,0.0,1.297046607246158,0.14882002255
11885,1.297020926698452,,0.0,1.297020926698452,0.15067982615
11890,1.2969929709161,,0.0,1.2969929709161,0.15063550811
11895,1.2969640584064905,,0.0,1.2969640584064905,0.14897207496
11900,1.2969354321328843,,0.0,1.2969354321328843,0.14767415354
11905,1.2969082652569581,,0.0,1.2969082652569581,0.1446194096
11910,1.2968837704451146,,0.0,1.2968837704451146,0.14279282727
11915,1.296863076304827,,0.0,1.296863076304827,0.14068833507
11920,1.2968474061955069,,0.0,1.2968474061955069,0.13926176451
11925,1.296838139416278,,0.0,1.296838139416278,0.1369645285
11930,1.2968364553664045,,0.0,1.2968364553664045,0.13775867289
11935,1.2968431637442737,,0.0,1.2968431637442737,0.13987089792
11940,1.2968585470235339,,0.0,1.2968585470235339,0.14202743113
11945,1.2968822599586152,,0.0,1.2968822599586152,0.14400234867
11950,1.2969133169115317,,0.0,1.2969133169115317,0.14545871385
11955,1.2969501615544599,,0.0,1.2969501615544599,0.14513303412
11960,1.296990663107381,,0.0,1.296990663107381,0.14470995398
11965,1.2970324856429243,,0.0,1.2970324856429243,0.14440990121
11970,1.2970731798680222,,0.0,1.2970731798680222,0.14306078415
11975,1.297110335499289,,0.0,1.297110335499289,0.14200532154
11980,1.2971417768064657,,0.0,1.2971417768064657,0.14137332971
11985,1.2971657322154218,,0.0,1.2971657322154218,0.13965791059
11990,1.2971809546045037,,0.0,1.2971809546045037,0.13877467682
11995,1.2971868616007705,,0.0,1.2971868616007705,0.13932744968
12000,1.297183537857208,,0.0,1.297183537857208,0.14048427017
12005,1.2971716394097073,,0.0,1.2971716394097073,0.14328691995
12010,1.29715225140064,,0.0,1.29715225140064,0.14604829584
12015,1.2971267285748136,,0.0,1.2971267285748136,0.1487714633
12020,1.297096540032823,,0.0,1.297096540032823,0.15133378767
12025,1.2970631497267775,,0.0,1.2970631497267775,0.15097992588
12030,1.2970279485398932,,0.0,1.2970279485398932,0.14914845091
12035,1.2969922436924937,,0.0,1.2969922436924937,0.14764494347
12040,1.2969572926032038,,0.0,1.2969572926032038,0.14441623569
12045,1.2969243322947244,,0.0,1.2969243322947244,0.14209808785
12050,1.2968946365222216,,0.0,1.2968946365222216,0.14089319186
12055,1.2968695533968766,,0.0,1.2968695533968766,0.13959687596
12060,1.2968504270694965,,0.0,1.2968504270694965,0.13818248734
12065,1.2968384658500736,,0.0,1.2968384658500736,0.1379333155
12070,1.2968345790403917,,0.0,1.2968345790403917,0.13853079253
12075,1.2968392172319592,,0.0,1.2968392172319592,0.13957177687
12080,1.2968522601284276,,0.0,1.2968522601284276,0.14168079004
12085,1.2968729752586954,,0.0,1.2968729752586954,0.14429168579
12090,1.2969000574816356,,0.0,1.2969000574816356,0.14585475016
12095,1.2969317226489312,,0.0,1.2969317226489312,0.14540799992
12100,1.2969658312677426,,0.0,1.2969658312677426,0.14530933528
12105,1.2970000451334827,,0.0,1.2970000451334827,0.14385856389
12110,1.29703200881394,,0.0,1.29703200881394,0.14211637764
12115,1.29705954301452,,0.0,1.29705954301452,0.14082125663
12120,1.2970808188346832,,0.0,1.2970808188346832,0.13931644049
12125,1.2970944863810812,,0.0,1.2970944863810812,0.13891151369
12130,1.297099835756742,,0.0,1.297099835756742,0.13899419106
12135,1.2970968217143968,,0.0,1.2970968217143968,0.13941718531
12140,1.2970859789044848,,0.0,1.2970859789044848,0.14167695247
12145,1.2970682783116088,,0.0,1.2970682783116088,0.14395223698
12150,1.2970449585426191,,0.0,1.2970449585426191,0.1457437264
12155,1.297017372164117,,0.0,1.297017372164117,0.14788551133
12160,1.2969868779802918,,0.0,1.2969868779802918,0.14816724861
12165,1.296954785686701,,0.0,1.296954785686701,0.14668326569
12170,1.2969223527019693,,0.0,1.2969223527019693,0.14591388341
12175,1.2968908047617327,,0.0,1.2968908047617327,0.1431276554
12180,1.296861356908619,,0.0,1.296861356908619,0.14092156931
12185,1.2968353114124835,,0.0,1.2968353114124835,0.13873578107
12190,1.296814028562657,,0.0,1.296814028562657,0.13666157037
12195,1.2967987732034647,,0.0,1.2967987732034647,0.13560638276
12200,1.2967908799808172,,0.0,1.2967908799808172,0.13514982
12205,1.296791406809518,,0.0,1.296791406809518,0.13742477978
12210,1.2968009388347705,,0.0,1.2968009388347705,0.13982243524
12215,1.2968194624922946,,0.0,1.2968194624922946,0.14219372437
12220,1.2968463142214899,,0.0,1.2968463142214899,0.14481437851
12225,1.2968802235344987,,0.0,1.2968802235344987,0.14583921931
12230,1.2969194428174504,,0.0,1.2969194428174504,0.14526087312
12235,1.2969618430724956,,0.0,1.2969618430724956,0.14511539317
12240,1.2970050173825651,,0.0,1.2970050173825651,0.14463127068
12245,1.2970465493256937,,0.0,1.2970465493256937,0.14387978996
12250,1.2970841548554037,,0.0,1.2970841548554037,0.1434621667
12255,1.2971158636858189,,0.0,1.2971158636858189,0.1407518217
12260,1.2971401439444212,,0.0,1.2971401439444212,0.13911097155
12265,1.2971560200921788,,0.0,1.2971560200921788,0.14016774557
12270,1.2971631746061365,,0.0,1.2971631746061365,0.14155544431
12275,1.2971618880787654,,0.0,1.2971618880787654,0.14367975923
12280,1.29715290902068,,0.0,1.29715290902068,0.14670644605
12285,1.2971372948516373,,0.0,1.2971372948516373,0.14960835424
12290,1.2971162539806391,,0.0,1.2971162539806391,0.15212032125
12295,1.2970910214501992,,0.0,1.2970910214501992,0.15215100978
12300,1.2970627887387218,,0.0,1.2970627887387218,0.15084346761
12305,1.297032694354614,,0.0,1.297032694354614,0.150042262
12310,1.2970018657172366,,0.0,1.2970018657172366,0.14803344656
12315,1.2969714824238732,,0.0,1.2969714824238732,0.14458202265
12320,1.2969428101109237,,0.0,1.2969428101109237,0.14328254892
12325,1.2969172611466313,,0.0,1.2969172611466313,0.14139170972
12330,1.2968963487897571,,0.0,1.2968963487897571,0.14003746512
12335,1.2968815509527274,,0.0,1.2968815509527274,0.13826763969
12340,1.2968741293115689,,0.0,1.2968741293115689,0.1380871584
12345,1.2968749365347225,,0.0,1.2968749365347225,0.13958769576
12350,1.296884257274042,,0.0,1.296884257274042,0.14129084467
12355,1.2969017195514354,,0.0,1.2969017195514354,0.14357860978
12360,1.2969262942638167,,0.0,1.2969262942638167,0.1454338653
12365,1.296956380034112,,0.0,1.296956380034112,0.14504284726
12370,1.2969899413292885,,0.0,1.2969899413292885,0.1448936132
12375,1.2970246644990766,,0.0,1.2970246644990766,0.14391346391
12380,1.2970581344086316,,0.0,1.2970581344086316,0.1437456314
12385,1.2970880246354795,,0.0,1.2970880246354795,0.14363740727
12390,1.2971122567755424,,0.0,1.2971122567755424,0.14214074582
12395,1.2971291847985342,,0.0,1.2971291847985342,0.14078931564
12400,1.2971377538589404,,0.0,1.2971377538589404,0.14159568847
12405,1.2971375480185212,,0.0,1.2971375480185212,0.14165703792
12410,1.2971287564841267,,0.0,1.2971287564841267,0.14220666467
12415,1.2971120709350101,,0.0,1.2971120709350101,0.14435536441
12420,1.2970885416622557,,0.0,1.2970885416622557,0.14636926207
12425,1.297059430539909,,0.0,1.297059430539909,0.14923116309
12430,1.2970260963721596,,0.0,1.2970260963721596,0.14947468711
12435,1.2969899264778875,,0.0,1.2969899264778875,0.14871631864
12440,1.2969523093640845,,0.0,1.2969523093640845,0.14746141633
12445,1.2969146577950308,,0.0,1.2969146577950308,0.14557642073
12450,1.296878434732743,,0.0,1.296878434732743,0.14236208205
12455,1.2968451380895336,,0.0,1.2968451380895336,0.13893664111
12460,1.2968163347872266,,0.0,1.2968163347872266,0.13636728803
12465,1.2967936016485795,,0.0,1.2967936016485795,0.13571641648
12470,1.2967783893584501,,0.0,1.2967783893584501,0.13536691621
12475,1.2967718609795622,,0.0,1.2967718609795622,0.13592219666
12480,1.2967747291811487,,0.0,1.2967747291811487,0.13825481736
12485,1.2967871285169035,,0.0,1.2967871285169035,0.1404745619
12490,1.2968085506728724,,0.0,1.2968085506728724,0.14366697518
12495,1.296837862091115,,0.0,1.296837862091115,0.14545973652
12500,1.2968733768405807,,0.0,1.2968733768405807,0.14641553903
12505,1.2969129776065218,,0.0,1.2969129776065218,0.14612332752
12510,1.2969542799469893,,0.0,1.2969542799469893,0.1457864591
12515,1.2969948298164689,,0.0,1.2969948298164689,0.14411995471
12520,1.2970323057429525,,0.0,1.2970323057429525,0.14272056978
12525,1.2970647075397417,,0.0,1.2970647075397417,0.14140258437
12530,1.2970904876908445,,0.0,1.2970904876908445,0.13893056068
12535,1.2971086188753425,,0.0,1.2971086188753425,0.13998785358
12540,1.2971187047588457,,0.0,1.2971187047588457,0.14170608643
12545,1.2971209415778675,,0.0,1.2971209415778675,0.1436880239
12550,1.2971160011107834,,0.0,1.2971160011107834,0.14649808507
12555,1.2971048792925497,,0.0,1.2971048792925497,0.14963419851
12560,1.2970887415621144,,0.0,1.2970887415621144,0.15291386408
12565,1.2970687962294691,,0.0,1.2970687962294691,0.15439501174
12570,1.297046217446384,,0.0,1.297046217446384,0.15318882022
12575,1.2970221197610057,,0.0,1.2970221197610057,0.15196715635
12580,1.2969975768306226,,0.0,1.2969975768306226,0.15117610584
12585,1.2969736605303561,,0.0,1.2969736605303561,0.14832977631
12590,1.2969514714480352,,0.0,1.2969514714480352,0.14605336556
12595,1.2969322132402137,,0.0,1.2969322132402137,0.14380170458
12600,1.2969171633254029,,0.0,1.2969171633254029,0.14218433759
12605,1.2969075721915742,,0.0,1.2969075721915742,0.14031347162
12610,1.2969045238919972,,0.0,1.2969045238919972,0.13936182375
12615,1.2969087778283142,,0.0,1.2969087778283142,0.14001600931
12620,1.2969206237018551,,0.0,1.2969206237018551,0.14157579444
12625,1.2969397817122241,,0.0,1.2969397817122241,0.14317905525
12630,1.2969653753297292,,0.0,1.2969653753297292,0.14407189165
12635,1.2969959843643892,,0.0,1.2969959843643892,0.14428434983
12640,1.2970297599157787,,0.0,1.2970297599157787,0.14344313568
12645,1.2970645799167018,,0.0,1.2970645799167018,0.14309859047
12650,1.2970982208153883,,0.0,1.2970982208153883,0.14318358909
12655,1.2971285275745317,,0.0,1.2971285275745317,0.14295131714
12660,1.2971535645615238,,0.0,1.2971535645615238,0.14295701032
12665,1.2971717901019235,,0.0,1.2971717901019235,0.14110571507
12670,1.2971821753896728,,0.0,1.2971821753896728,0.14113533841
12675,1.2971842441898436,,0.0,1.2971842441898436,0.14155730196
12680,1.2971780503635173,,0.0,1.2971780503635173,0.14224262085
12685,1.2971641000464427,,0.0,1.2971641000464427,0.14382661394
12690,1.2971432356100892,,0.0,1.2971432356100892,0.14598958668
12695,1.2971165102168125,,0.0,1.2971165102168125,0.14869614909
12700,1.2970850880184386,,0.0,1.2970850880184386,0.15011684569
12705,1.2970501867308468,,0.0,1.2970501867308468,0.14944730599
12710,1.2970130527826258,,0.0,1.2970130527826258,0.14833053695
12715,1.296974979532791,,0.0,1.296974979532791,0.14695062653
12720,1.2969373391517927,,0.0,1.2969373391517927,0.14398421059
12725,1.2969015994531052,,0.0,1.2969015994531052,0.14176110971
12730,1.2968692911211335,,0.0,1.2968692911211335,0.13929766848
12735,1.2968419671173836,,0.0,1.2968419671173836,0.13788536761
12740,1.296821121492805,,0.0,1.296821121492805,0.13837879973
12745,1.2968080272104887,,0.0,1.2968080272104887,0.1383085113
12750,1.2968035709980892,,0.0,1.2968035709980892,0.13930867306
12755,1.296808118893138,,0.0,1.296808118893138,0.14035854919
12760,1.2968214373326015,,0.0,1.2968214373326015,0.14253754711
12765,1.2968426829549158,,0.0,1.2968426829549158,0.14475198352
12770,1.296870457352156,,0.0,1.296870457352156,0.1463325527
12775,1.2969029219208672,,0.0,1.2969029219208672,0.14634228069
12780,1.296937935485051,,0.0,1.296937935485051,0.14584934862
12785,1.296973222116996,,0.0,1.296973222116996,0.14450607341
12790,1.2970065571758294,,0.0,1.2970065571758294,0.14246145565
12795,1.2970359495837127,,0.0,1.2970359495837127,0.14082223923
12800,1.2970597684587881,,0.0,1.2970597684587881,0.13940412647
12805,1.2970768441047067,,0.0,1.2970768441047067,0.13918599282
12810,1.2970865786040606,,0.0,1.2970865786040606,0.14110488902
12815,1.2970889242343475,,0.0,1.2970889242343475,0.14220103803
12820,1.2970842996070597,,0.0,1.2970842996070597,0.14502244067
12825,1.297073472539633,,0.0,1.297073472539633,0.14689074707
12830,1.2970574351056596,,0.0,1.2970574351056596,0.14933804678
12835,1.297037293437492,,0.0,1.297037293437492,0.15193922974
12840,1.2970141930732009,,0.0,1.2970141930732009,0.15187019355
12845,1.2969892813330244,,0.0,1.2969892813330244,0.15008119741
12850,1.296963706527294,,0.0,1.296963706527294,0.14932564283
12855,1.2969386334018926,,0.0,1.2969386334018926,0.14651300542
12860,1.2969152473956538,,0.0,1.2969152473956538,0.14470392108
12865,1.296894827907277,,0.0,1.296894827907277,0.14242992514
12870,1.2968787272063347,,0.0,1.2968787272063347,0.14067882985
12875,1.296868283008028,,0.0,1.296868283008028,0.13979822985
12880,1.2968646947115077,,0.0,1.2968646947115077,0.13931094129
12885,1.296868873202707,,0.0,1.296868873202707,0.14051555186
12890,1.2968812908551899,,0.0,1.2968812908551899,0.14219019872
12895,1.2969018623229045,,0.0,1.2969018623229045,0.14401723067
12900,1.2969298868177388,,0.0,1.2969298868177388,0.14569497134
12905,1.2969640659312003,,0.0,1.2969640659312003,0.14622705626
12910,1.2970025984853661,,0.0,1.2970025984853661,0.14555100906
12915,1.2970433239974157,,0.0,1.2970433239974157,0.14538669993
12920,1.2970838945598475,,0.0,1.2970838945598475,0.14439944734
12925,1.2971219679086918,,0.0,1.2971219679086918,0.14334639541
12930,1.2971553850462685,,0.0,1.2971553850462685,0.14283396297
12935,1.2971823265769358,,0.0,1.2971823265769358,0.1412448197
12940,1.29720148082495,,0.0,1.29720148082495,0.14015065567
12945,1.297212104428182,,0.0,1.297212104428182,0.141436033
12950,1.2972140085758193,,0.0,1.2972140085758193,0.14306275489
12955,1.2972074889097531,,0.0,1.2972074889097531,0.14507789431
12960,1.297193220871705,,0.0,1.297193220871705,0.14770003031
12965,1.2971721343574005,,0.0,1.2971721343574005,0.15061523122
12970,1.297145317083456,,0.0,1.297145317083456,0.15288119108
12975,1.297113947261023,,0.0,1.297113947261023,0.15266214537
12980,1.2970792645860554,,0.0,1.2970792645860554,0.15132884213
12985,1.2970425646947832,,0.0,1.2970425646947832,0.14987044783
12990,1.2970052216388348,,0.0,1.2970052216388348,0.14741233769
12995,1.2969687095682816,,0.0,1.2969687095682816,0.14558894722
13000,1.2969345997613584,,0.0,1.2969345997613584,0.14393582852
13005,1.2969045063673441,,0.0,1.2969045063673441,0.14221920262
13010,1.2968800116545098,,0.0,1.2968800116545098,0.14134777983
13015,1.2968625526444246,,0.0,1.2968625526444246,0.14175432826
13020,1.2968532453703754,,0.0,1.2968532453703754,0.14196890335
13025,1.2968527215119545,,0.0,1.2968527215119545,0.14280346392
13030,1.2968610125541324,,0.0,1.2968610125541324,0.14457580465
13035,1.2968775031538577,,0.0,1.2968775031538577,0.14741268032
13040,1.2969009653972883,,0.0,1.2969009653972883,0.15000858499
13045,1.2969296587992274,,0.0,1.2969296587992274,0.14968197443
13050,1.2969614781240664,,0.0,1.2969614781240664,0.14949320482
13055,1.2969941319986367,,0.0,1.2969941319986367,0.14803408604
13060,1.29702532459435,,0.0,1.29702532459435,0.14695815792
13065,1.2970529119629455,,0.0,1.2970529119629455,0.14525038423
13070,1.2970750752038283,,0.0,1.2970750752038283,0.1438995929
13075,1.2970904667008643,,0.0,1.2970904667008643,0.14375251466
13080,1.2970982776467497,,0.0,1.2970982776467497,0.14418958804
13085,1.2970982435875364,,0.0,1.2970982435875364,0.14465473886
13090,1.2970905978882403,,0.0,1.2970905978882403,0.1460659965
13095,1.2970759866838175,,0.0,1.2970759866838175,0.14789827538
13100,1.2970553640282738,,0.0,1.2970553640282738,0.14856310884
13105,1.2970298849645758,,0.0,1.2970298849645758,0.15115029661
13110,1.2970008138420026,,0.0,1.2970008138420026,0.15130059067
13115,1.2969694584749336,,0.0,1.2969694584749336,0.15055894707
13120,1.2969371414301396,,0.0,1.2969371414301396,0.15001574783
13125,1.2969052026010266,,0.0,1.2969052026010266,0.14803008399
13130,1.2968750083164944,,0.0,1.2968750083164944,0.14666606944
13135,1.2968479478756092,,0.0,1.2968479478756092,0.14420924899
13140,1.2968254763196398,,0.0,1.2968254763196398,0.14241903377
13145,1.2968090408681172,,0.0,1.2968090408681172,0.14141876993
13150,1.2967999548799443,,0.0,1.2967999548799443,0.14116805723
13155,1.2967992455770283,,0.0,1.2967992455770283,0.14261944761
13160,1.2968075009758437,,0.0,1.2968075009758437,0.1445438956
13165,1.2968247513732483,,0.0,1.2968247513732483,0.14689000086
13170,1.2968504120200768,,0.0,1.2968504120200768,0.14864705891
13175,1.2968833062893261,,0.0,1.2968833062893261,0.15076224194
13180,1.2969217460717397,,0.0,1.2969217460717397,0.15126662752
13185,1.2969636606859694,,0.0,1.2969636606859694,0.15134916185
13190,1.2970067633132765,,0.0,1.2970067633132765,0.15037841079
13195,1.2970487398083441,,0.0,1.2970487398083441,0.14950901021
13200,1.2970874380051365,,0.0,1.2970874380051365,0.14823432815
13205,1.297121014349733,,0.0,1.297121014349733,0.14618486126
13210,1.2971480305334429,,0.0,1.2971480305334429,0.14364508461
13215,1.2971675886405571,,0.0,1.2971675886405571,0.14547419664
13220,1.2971793336235802,,0.0,1.2971793336235802,0.14818910808
13225,1.297183379739291,,0.0,1.297183379739291,0.15071839007
13230,1.297180202232525,,0.0,1.297180202232525,0.15374124743
13235,1.2971705158517106,,0.0,1.2971705158517106,0.15678971843
13240,1.2971551648494952,,0.0,1.2971551648494952,0.159082355
13245,1.297135054963326,,0.0,1.297135054963326,0.15920339134
13250,1.2971111253958076,,0.0,1.2971111253958076,0.15765947097
13255,1.2970843580225706,,0.0,1.2970843580225706,0.15732446954
13260,1.2970558137286985,,0.0,1.2970558137286985,0.15508943323
13265,1.2970266754777924,,0.0,1.2970266754777924,0.15182353641
13270,1.2969982664306794,,0.0,1.2969982664306794,0.1494596701
13275,1.2969720234109101,,0.0,1.2969720234109101,0.14716171452
13280,1.2969494197764804,,0.0,1.2969494197764804,0.1459519157
13285,1.2969318678956339,,0.0,1.2969318678956339,0.14509133291
13290,1.2969205532072048,,0.0,1.2969205532072048,0.14568135382
13295,1.2969162619443664,,0.0,1.2969162619443664,0.14752808978
13300,1.2969192483631058,,0.0,1.2969192483631058,0.14995190084
13305,1.2969291661287488,,0.0,1.2969291661287488,0.15256043431
13310,1.2969450828703362,,0.0,1.2969450828703362,0.15381097387
13315,1.2969655673088405,,0.0,1.2969655673088405,0.153417199
13320,1.296988823612843,,0.0,1.296988823612843,0.15217287138
13325,1.2970128530807858,,0.0,1.2970128530807858,0.15085099211
13330,1.2970356428527756,,0.0,1.2970356428527756,0.15159021632
13335,1.2970553592758254,,0.0,1.2970553592758254,0.15187351499
13340,1.2970705174078454,,0.0,1.2970705174078454,0.15105926965
13345,1.2970801019080482,,0.0,1.2970801019080482,0.15092836619
13350,1.2970836181257688,,0.0,1.2970836181257688,0.15150061464
13355,1.297081066754072,,0.0,1.297081066754072,0.15141427246
13360,1.297072849275834,,0.0,1.297072849275834,0.15240392639
13365,1.2970596311328328,,0.0,1.2970596311328328,0.15360819559
13370,1.2970421834098127,,0.0,1.2970421834098127,0.15456142703
13375,1.2970212584787522,,0.0,1.2970212584787522,0.1562098552
13380,1.2969975056429066,,0.0,1.2969975056429066,0.15600613338
13385,1.296971452424043,,0.0,1.296971452424043,0.15424617098
13390,1.2969435475324922,,0.0,1.2969435475324922,0.15327512408
13395,1.2969142501735758,,0.0,1.2969142501735758,0.15035659297
13400,1.2968841570765897,,0.0,1.2968841570765897,0.14796022126
13405,1.2968541155634694,,0.0,1.2968541155634694,0.14566348726
13410,1.2968252751326599,,0.0,1.2968252751326599,0.14298546289
13415,1.2967990730037477,,0.0,1.2967990730037477,0.14239397356
13420,1.296777164117861,,0.0,1.296777164117861,0.14263239813
13425,1.2967612272773774,,0.0,1.2967612272773774,0.14352581991
13430,1.2967527390085931,,0.0,1.2967527390085931,0.14584649595
13435,1.2967527617807415,,0.0,1.2967527617807415,0.14763841755
13440,1.2967617843039274,,0.0,1.2967617843039274,0.15050117732
13445,1.2967796379652439,,0.0,1.2967796379652439,0.15243099902
13450,1.2968054948485854,,0.0,1.2968054948485854,0.15364801222
13455,1.296837941793634,,0.0,1.296837941793634,0.15354821393
13460,1.29687510207834,,0.0,1.29687510207834,0.15308266876
13465,1.2969148095763499,,0.0,1.2969148095763499,0.15171102285
13470,1.2969548096469614,,0.0,1.2969548096469614,0.15058546369
13475,1.2969929530944189,,0.0,1.2969929530944189,0.15064978557
13480,1.297027323394917,,0.0,1.297027323394917,0.1502078775
13485,1.2970564030322935,,0.0,1.2970564030322935,0.15199951681
13490,1.2970791675569016,,0.0,1.2970791675569016,0.15450704421
13495,1.2970950750906203,,0.0,1.2970950750906203,0.15703915908
13500,1.2971040078123341,,0.0,1.2971040078123341,0.15931158529
13505,1.2971061877999945,,0.0,1.2971061877999945,0.16104602184
13510,1.2971020901004169,,0.0,1.2971020901004169,0.16269964405
13515,1.2970923709475108,,0.0,1.2970923709475108,0.16315842871
13520,1.297077823406094,,0.0,1.297077823406094,0.16144856864
13525,1.2970593652927536,,0.0,1.2970593652927536,0.1592816788
13530,1.2970380553143677,,0.0,1.2970380553143677,0.1579726127
13535,1.2970151233649647,,0.0,1.2970151233649647,0.15576833769
13540,1.296991990030563,,0.0,1.296991990030563,0.15435709853
13545,1.2969702449061256,,0.0,1.2969702449061256,0.15216309921
13550,1.2969515753088336,,0.0,1.2969515753088336,0.15107376232
13555,1.2969376703380369,,0.0,1.2969376703380369,0.14995200377
13560,1.2969300460247584,,0.0,1.2969300460247584,0.14958854307
13565,1.2969298545406938,,0.0,1.2969298545406938,0.15069905814
13570,1.2969377161793616,,0.0,1.2969377161793616,0.15214631685
13575,1.2969536068814924,,0.0,1.2969536068814924,0.1540733208
13580,1.2969768324925992,,0.0,1.2969768324925992,0.154571658
13585,1.2970060768815184,,0.0,1.2970060768815184,0.15364017437
13590,1.2970395128308698,,0.0,1.2970395128308698,0.15243819498
13595,1.2970749580757786,,0.0,1.2970749580757786,0.15065011026
13600,1.297110063421621,,0.0,1.297110063421621,0.1503526966
13605,1.2971425159111927,,0.0,1.2971425159111927,0.15075665916
13610,1.297170232486978,,0.0,1.297170232486978,0.15095403256
13615,1.2971915204852902,,0.0,1.2971915204852902,0.14998821362
13620,1.2972051809030156,,0.0,1.2972051809030156,0.15083837447
13625,1.2972105466152175,,0.0,1.2972105466152175,0.15224884166
13630,1.2972074566327083,,0.0,1.2972074566327083,0.15399285148
13635,1.2971961754094363,,0.0,1.2971961754094363,0.15566788872
13640,1.2971773092786032,,0.0,1.2971773092786032,0.1573612302
13645,1.297151714373977,,0.0,1.297151714373977,0.15962974449
13650,1.2971204204917082,,0.0,1.2971204204917082,0.16000747528
13655,1.2970845818826897,,0.0,1.2970845818826897,0.15800875624
13660,1.2970454555695086,,0.0,1.2970454555695086,0.15622224483
13665,1.2970044040197004,,0.0,1.2970044040197004,0.15378103318
13670,1.2969628997991873,,0.0,1.2969628997991873,0.1503333549
13675,1.2969225252752499,,0.0,1.2969225252752499,0.14866075176
13680,1.2968849604383788,,0.0,1.2968849604383788,0.14718084629
13685,1.2968519265659593,,0.0,1.2968519265659593,0.14582743646
13690,1.2968250816684084,,0.0,1.2968250816684084,0.14615687339
13695,1.2968058850443966,,0.0,1.2968058850443966,0.1469981037
13700,1.2967954424302393,,0.0,1.2967954424302393,0.14841774207
13705,1.2967943451097177,,0.0,1.2967943451097177,0.14899065866
13710,1.296802558330554,,0.0,1.296802558330554,0.150490609
13715,1.2968193842749156,,0.0,1.2968193842749156,0.15196143015
13720,1.2968435081977694,,0.0,1.2968435081977694,0.15219953935
13725,1.2968731180301645,,0.0,1.2968731180301645,0.15139904667
13730,1.2969060753683637,,0.0,1.2969060753683637,0.15030201652
13735,1.2969401201261503,,0.0,1.2969401201261503,0.14872887171
13740,1.2969730696426116,,0.0,1.2969730696426116,0.14730277396
13745,1.2970029828396261,,0.0,1.2970029828396261,0.14701973742
13750,1.2970283194288832,,0.0,1.2970283194288832,0.14772125295
13755,1.2970480193173728,,0.0,1.2970480193173728,0.14799359875
13760,1.2970615125083222,,0.0,1.2970615125083222,0.15004991953
13765,1.2970686747450082,,0.0,1.2970686747450082,0.15256624493
13770,1.297069746620129,,0.0,1.297069746620129,0.1544716585
13775,1.2970652384278258,,0.0,1.2970652384278258,0.15509191312
13780,1.2970558380849964,,0.0,1.2970558380849964,0.15650475629
13785,1.2970423362802346,,0.0,1.2970423362802346,0.15732072813
13790,1.2970255744939254,,0.0,1.2970255744939254,0.15641294898
13795,1.2970064112360615,,0.0,1.2970064112360615,0.15458097049
13800,1.296985731353119,,0.0,1.296985731353119,0.15383349636
13805,1.296964481275384,,0.0,1.296964481275384,0.15173329046
13810,1.29694371149196,,0.0,1.29694371149196,0.15051224926
13815,1.2969246042733826,,0.0,1.2969246042733826,0.15029333151
13820,1.2969085208000661,,0.0,1.2969085208000661,0.14978265598
13825,1.2968969253211473,,0.0,1.2968969253211473,0.1498579341
13830,1.29689123911571,,0.0,1.29689123911571,0.15143655899
13835,1.2968926565334291,,0.0,1.2968926565334291,0.15298167604
13840,1.2969019595500768,,0.0,1.2969019595500768,0.15417549542
13845,1.2969193734119027,,0.0,1.2969193734119027,0.15506823304
13850,1.2969444952499,,0.0,1.2969444952499,0.15553841715
13855,1.296976306455973,,0.0,1.296976306455973,0.15465679988
13860,1.2970132559497924,,0.0,1.2970132559497924,0.1528185649
13865,1.2970533953265462,,0.0,1.2970533953265462,0.15179341189
13870,1.2970945423213587,,0.0,1.2970945423213587,0.14944386367
13875,1.2971344567488905,,0.0,1.2971344567488905,0.14794702714
13880,1.2971710264428797,,0.0,1.2971710264428797,0.14890086521
13885,1.297202424879012,,0.0,1.297202424879012,0.14894979004
13890,1.2972272202832136,,0.0,1.2972272202832136,0.14929964814
13895,1.297244425928396,,0.0,1.297244425928396,0.15189128527
13900,1.2972534968671494,,0.0,1.2972534968671494,0.15460300044
13905,1.2972542695360432,,0.0,1.2972542695360432,0.15748121341
13910,1.297246890171873,,0.0,1.297246890171873,0.15957826069
13915,1.2972317519407306,,0.0,1.2972317519407306,0.16199871534
13920,1.2972094479085654,,0.0,1.2972094479085654,0.16263309902
13925,1.2971807516353555,,0.0,1.2971807516353555,0.16005790121
13930,1.2971466235117044,,0.0,1.2971466235117044,0.1578694025
13935,1.297108234422073,,0.0,1.297108234422073,0.15563868552
13940,1.2970669933683872,,0.0,1.2970669933683872,0.15243537435
13945,1.2970245569749328,,0.0,1.2970245569749328,0.15066805298
13950,1.296982796518246,,0.0,1.296982796518246,0.14998833713
13955,1.2969437375314168,,0.0,1.2969437375314168,0.14916090737
13960,1.2969094433691013,,0.0,1.2969094433691013,0.14913710693
13965,1.2968818550104124,,0.0,1.2968818550104124,0.14987176631
13970,1.2968626064064968,,0.0,1.2968626064064968,0.1507938531
13975,1.2968528416102847,,0.0,1.2968528416102847,0.15167031849
13980,1.2968530648763474,,0.0,1.2968530648763474,0.15332861202
13985,1.2968630559089027,,0.0,1.2968630559089027,0.15563181332
13990,1.2968818672875704,,0.0,1.2968818672875704,0.15665007646
13995,1.296907899219426,,0.0,1.296907899219426,0.1563763372
14000,1.2969390398352354,,0.0,1.2969390398352354,0.15527965685
14005,1.2969728603368658,,0.0,1.2969728603368658,0.15439193084
14010,1.2970068401445247,,0.0,1.2970068401445247,0.1534635531
14015,1.2970385893707506,,0.0,1.2970385893707506,0.1527912579
14020,1.2970660358490547,,0.0,1.2970660358490547,0.15379086578
14025,1.297087552063897,,0.0,1.297087552063897,0.15414465161
14030,1.297102015051337,,0.0,1.297102015051337,0.15476164482
14035,1.297108808280211,,0.0,1.297108808280211,0.15583160791
14040,1.2971077832365083,,0.0,1.2971077832365083,0.15799762999
14045,1.297099188334664,,0.0,1.297099188334664,0.15861621314
14050,1.2970836056505919,,0.0,1.2970836056505919,0.15831314156
14055,1.297061887258676,,0.0,1.297061887258676,0.1586144281
14060,1.2970350983014027,,0.0,1.2970350983014027,0.15695295767
14065,1.29700447164308,,0.0,1.29700447164308,0.15530387255
14070,1.2969713655928514,,0.0,1.2969713655928514,0.153997574
14075,1.2969372516275357,,0.0,1.2969372516275357,0.15174003668
14080,1.2969037093421525,,0.0,1.2969037093421525,0.1504216478
14085,1.2968723955590065,,0.0,1.2968723955590065,0.14963299899
14090,1.2968450391792024,,0.0,1.2968450391792024,0.14936380439
14095,1.2968234039551327,,0.0,1.2968234039551327,0.15085965952
14100,1.2968091479962238,,0.0,1.2968091479962238,0.15330775492
14105,1.2968036541659351,,0.0,1.2968036541659351,0.15665753057
14110,1.2968078538451333,,0.0,1.2968078538451333,0.15970218226
14115,1.2968220799032213,,0.0,1.2968220799032213,0.16279099522
14120,1.296845978381807,,0.0,1.296845978381807,0.16468725109
14125,1.2968785026531506,,0.0,1.2968785026531506,0.16486296774
14130,1.2969179951028729,,0.0,1.2969179951028729,0.16208835217
14135,1.296962341485516,,0.0,1.296962341485516,0.16048954229
14140,1.2970091640917663,,0.0,1.2970091640917663,0.15890546047
14145,1.297056037786836,,0.0,1.297056037786836,0.15710683255
14150,1.2971006795143423,,0.0,1.2971006795143423,0.1570397038
14155,1.2971410905727263,,0.0,1.2971410905727263,0.15688411468
14160,1.2971757085945945,,0.0,1.2971757085945945,0.15784581794
14165,1.2972034445762104,,0.0,1.2972034445762104,0.16000504529
14170,1.2972236531746921,,0.0,1.2972236531746921,0.16277374225
14175,1.2972360700351,,0.0,1.2972360700351,0.16546002981
14180,1.2972407360482923,,0.0,1.2972407360482923,0.16755628531
14185,1.2972379268562728,,0.0,1.2972379268562728,0.1683544426
14190,1.2972281132484558,,0.0,1.2972281132484558,0.16881025549
14195,1.2972119325479667,,0.0,1.2972119325479667,0.16757153626
14200,1.2971901750473616,,0.0,1.2971901750473616,0.16487335969
14205,1.2971637860878238,,0.0,1.2971637860878238,0.1628097969
14210,1.2971338836828274,,0.0,1.2971338836828274,0.15996722172
14215,1.2971017748546767,,0.0,1.2971017748546767,0.15765066349
14220,1.297068976129441,,0.0,1.297068976129441,0.15699009249
14225,1.2970371956162636,,0.0,1.2970371956162636,0.15647359768
14230,1.2970082590473841,,0.0,1.2970082590473841,0.15566880422
14235,1.2969839747293987,,0.0,1.2969839747293987,0.15624970398
14240,1.2969659545343712,,0.0,1.2969659545343712,0.15640476845
14245,1.2969554256830784,,0.0,1.2969554256830784,0.1571201361
14250,1.2969530707459132,,0.0,1.2969530707459132,0.15870528067
14255,1.2969589313067993,,0.0,1.2969589313067993,0.16042510408
14260,1.296972394992965,,0.0,1.296972394992965,0.16122062014
14265,1.2969922543855026,,0.0,1.2969922543855026,0.15969396108
14270,1.2970168173157723,,0.0,1.2970168173157723,0.15830738985
14275,1.2970440570625732,,0.0,1.2970440570625732,0.15685754673
14280,1.2970717941332919,,0.0,1.2970717941332919,0.15776429283
14285,1.2970978907182469,,0.0,1.2970978907182469,0.15812912238
14290,1.2971204298975956,,0.0,1.2971204298975956,0.15894991396
14295,1.297137855244505,,0.0,1.297137855244505,0.16033573364
14300,1.297149053596959,,0.0,1.297149053596959,0.16177643757
14305,1.2971533792160383,,0.0,1.2971533792160383,0.1624660915
14310,1.297150611310914,,0.0,1.297150611310914,0.16469502796
14315,1.2971408903758395,,0.0,1.2971408903758395,0.16517603565
14320,1.2971246408638588,,0.0,1.2971246408638588,0.16502020209
14325,1.2971024973258347,,0.0,1.2971024973258347,0.16602446377
14330,1.2970752479751275,,0.0,1.2970752479751275,0.16489161731
14335,1.2970438007273906,,0.0,1.2970438007273906,0.16282949159
14340,1.2970091752798218,,0.0,1.2970091752798218,0.16038690927
14345,1.2969725141012018,,0.0,1.2969725141012018,0.15636707972
14350,1.2969350929268837,,0.0,1.2969350929268837,0.15340440165
14355,1.2968983448180627,,0.0,1.2968983448180627,0.15160190845
14360,1.2968638528350849,,0.0,1.2968638528350849,0.15063457882
14365,1.2968332986515996,,0.0,1.2968332986515996,0.15191791575
14370,1.2968083588917798,,0.0,1.2968083588917798,0.15409215492
14375,1.2967905865171316,,0.0,1.2967905865171316,0.15622963463
14380,1.2967812412234956,,0.0,1.2967812412234956,0.15847761519
14385,1.2967811248875205,,0.0,1.2967811248875205,0.16096643514
14390,1.2967904617653627,,0.0,1.2967904617653627,0.16320209375
14395,1.2968088434434923,,0.0,1.2968088434434923,0.16476204201
14400,1.2968352484425432,,0.0,1.2968352484425432,0.16342069861
14405,1.2968681376623161,,0.0,1.2968681376623161,0.1617495711
14410,1.2969056033908373,,0.0,1.2969056033908373,0.15948195463
14415,1.2969455437588164,,0.0,1.2969455437588164,0.15801213696
14420,1.2969858539266825,,0.0,1.2969858539266825,0.15760532629
14425,1.2970245886579217,,0.0,1.2970245886579217,0.15761577634
14430,1.2970600547938012,,0.0,1.2970600547938012,0.1576102377
14435,1.2970909412526332,,0.0,1.2970909412526332,0.1600973965
14440,1.2971163427920176,,0.0,1.2971163427920176,0.1625080007
14445,1.2971357175338332,,0.0,1.2971357175338332,0.16542228832
14450,1.2971488241923168,,0.0,1.2971488241923168,0.16851312512
14455,1.2971556604902539,,0.0,1.2971556604902539,0.1699323687
14460,1.2971564160305318,,0.0,1.2971564160305318,0.17168892347
14465,1.2971514453655988,,0.0,1.2971514453655988,0.1717315608
14470,1.2971412613638387,,0.0,1.2971412613638387,0.1696265706
14475,1.2971265467936643,,0.0,1.2971265467936643,0.16842867014
14480,1.2971081792738703,,0.0,1.2971081792738703,0.16588760117
14485,1.29708726335266,,0.0,1.29708726335266,0.16390655213
14490,1.297065145161027,,0.0,1.297065145161027,0.16312970031
14495,1.297043395878197,,0.0,1.297043395878197,0.1621243395
14500,1.2970237457914056,,0.0,1.2970237457914056,0.16143946543
14505,1.297007961623325,,0.0,1.297007961623325,0.16050067839
14510,1.2969976754439259,,0.0,1.2969976754439259,0.16036891092
14515,1.2969941890280168,,0.0,1.2969941890280168,0.16043245115
14520,1.2969982964305098,,0.0,1.2969982964305098,0.16172869593
14525,1.2970101585415827,,0.0,1.2970101585415827,0.16231135323
14530,1.2970292563542727,,0.0,1.2970292563542727,0.16265812254
14535,1.297054425914772,,0.0,1.297054425914772,0.16060918999
14540,1.2970839599060122,,0.0,1.2970839599060122,0.1592839505
14545,1.2971157623992635,,0.0,1.2971157623992635,0.15764254736
14550,1.2971475434074873,,0.0,1.2971475434074873,0.15739362703
14555,1.2971770310623563,,0.0,1.2971770310623563,0.15790577279
14560,1.2972021724051936,,0.0,1.2972021724051936,0.15888068104
14565,1.297221290415789,,0.0,1.297221290415789,0.15875470656
14570,1.2972331820316456,,0.0,1.2972331820316456,0.16032994433
14575,1.2972371365637165,,0.0,1.2972371365637165,0.16254770734
14580,1.2972329002510623,,0.0,1.2972329002510623,0.16440045936
14585,1.297220616756236,,0.0,1.297220616756236,0.16559398431
14590,1.2972007534033247,,0.0,1.2972007534033247,0.16663255509
14595,1.2971740390990942,,0.0,1.2971740390990942,0.16834093172
14600,1.2971414143332698,,0.0,1.2971414143332698,0.16702235001
14605,1.2971040038519606,,0.0,1.2971040038519606,0.16384729459
14610,1.2970631006181446,,0.0,1.2970631006181446,0.16222160014
14615,1.2970201540295583,,0.0,1.2970201540295583,0.15948901849
14620,1.296976762592005,,0.0,1.296976762592005,0.15663135059
14625,1.296934640355188,,0.0,1.296934640355188,0.15571956589
14630,1.2968955762198728,,0.0,1.2968955762198728,0.15508090624
14635,1.296861360968002,,0.0,1.296861360968002,0.15460931072
14640,1.296833674392047,,0.0,1.296833674392047,0.15646317973
14645,1.2968139437116522,,0.0,1.2968139437116522,0.15788799048
14650,1.296803190901231,,0.0,1.296803190901231,0.15971939381
14655,1.296801897839243,,0.0,1.296801897839243,0.16122547805
14660,1.2968099163087066,,0.0,1.2968099163087066,0.16310252591
14665,1.296826448294336,,0.0,1.296826448294336,0.16485564908
14670,1.2968501027148969,,0.0,1.2968501027148969,0.16399424751
14675,1.2968790131453105,,0.0,1.2968790131453105,0.16271806987
14680,1.2969110110829996,,0.0,1.2969110110829996,0.1611241451
14685,1.2969438355506637,,0.0,1.2969438355506637,0.15937711651
14690,1.2969753413129212,,0.0,1.2969753413129212,0.15747232016
14695,1.2970036864990093,,0.0,1.2970036864990093,0.15703896348
14700,1.2970274692356756,,0.0,1.2970274692356756,0.15736525531
14705,1.2970457931913597,,0.0,1.2970457931913597,0.15820696411
14710,1.2970582619326625,,0.0,1.2970582619326625,0.16021580376
14715,1.2970649135781795,,0.0,1.2970649135781795,0.16272925221
14720,1.297066122284209,,0.0,1.297066122284209,0.16422277184
14725,1.2970624863641957,,0.0,1.2970624863641957,0.16474904003
14730,1.2970547249229805,,0.0,1.2970547249229805,0.1660904879
14735,1.2970435951839996,,0.0,1.2970435951839996,0.16702054067
14740,1.2970298400143352,,0.0,1.2970298400143352,0.16564451543
14745,1.2970141754495383,,0.0,1.2970141754495383,0.16373982502
14750,1.2969973188122812,,0.0,1.2969973188122812,0.16238961048
14755,1.2969800460387657,,0.0,1.2969800460387657,0.16076378498
14760,1.2969632413814123,,0.0,1.2969632413814123,0.1599035596
14765,1.296947957309511,,0.0,1.296947957309511,0.16073792352
14770,1.296935447380323,,0.0,1.296935447380323,0.16081167136
14775,1.2969270820811394,,0.0,1.2969270820811394,0.1607206859
14780,1.2969242064538524,,0.0,1.2969242064538524,0.16265564316
14785,1.2969279612840836,,0.0,1.2969279612840836,0.16415052629
14790,1.296939100824989,,0.0,1.296939100824989,0.16484006043
14795,1.296957840718913,,0.0,1.296957840718913,0.16518175539
14800,1.296983794235371,,0.0,1.296983794235371,0.16568336426
14805,1.2970159802908072,,0.0,1.2970159802908072,0.16468861652
14810,1.2970528994877686,,0.0,1.2970528994877686,0.1624524953
14815,1.297092666391383,,0.0,1.297092666391383,0.16064037733
14820,1.2971331789343412,,0.0,1.2971331789343412,0.15870374689
14825,1.2971723023762516,,0.0,1.2971723023762516,0.15737317625
14830,1.2972080393026775,,0.0,1.2972080393026775,0.15851407876
14835,1.297238664178832,,0.0,1.297238664178832,0.1583989313
14840,1.2972628092896845,,0.0,1.2972628092896845,0.15965717962
14845,1.2972794979080908,,0.0,1.2972794979080908,0.16276309518
14850,1.297288131522587,,0.0,1.297288131522587,0.16554318564
14855,1.2972884363723465,,0.0,1.2972884363723465,0.16933754091
14860,1.2972804238434437,,0.0,1.2972804238434437,0.17287948169
14865,1.2972643521522382,,0.0,1.2972643521522382,0.1756047172
14870,1.2972407069395462,,0.0,1.2972407069395462,0.17601642746
14875,1.297210199884507,,0.0,1.297210199884507,0.17367472837
14880,1.2971737831599488,,0.0,1.2971737831599488,0.17130233571
14885,1.2971326699273216,,0.0,1.2971326699273216,0.16884410717
14890,1.2970883516633314,,0.0,1.2970883516633314,0.16536869976
14895,1.2970425980609308,,0.0,1.2970425980609308,0.16458370961
14900,1.2969974267324622,,0.0,1.2969974267324622,0.16457115363
14905,1.296955016576483,,0.0,1.296955016576483,0.16388728965
14910,1.2969175819368948,,0.0,1.2969175819368948,0.16477190289
14915,1.2968871946831577,,0.0,1.2968871946831577,0.16618569056
14920,1.296865581241143,,0.0,1.296865581241143,0.16728700429
14925,1.2968539275447317,,0.0,1.2968539275447317,0.16883484992
14930,1.2968527300267578,,0.0,1.2968527300267578,0.17067011879
14935,1.2968617263124684,,0.0,1.2968617263124684,0.17301193324
14940,1.2968799108630011,,0.0,1.2968799108630011,0.17333508152
14945,1.2969056204204439,,0.0,1.2969056204204439,0.17266054704
14950,1.2969366806406688,,0.0,1.2969366806406688,0.17029198623
14955,1.296970601735789,,0.0,1.296970601735789,0.16899682356
14960,1.2970047990669693,,0.0,1.2970047990669693,0.16818070473
14965,1.2970368096778542,,0.0,1.2970368096778542,0.16795671099
14970,1.2970644758578849,,0.0,1.2970644758578849,0.1692034426
14975,1.2970860768247228,,0.0,1.2970860768247228,0.16953716582
14980,1.297100398327815,,0.0,1.297100398327815,0.17002364075
14985,1.2971067462126753,,0.0,1.2971067462126753,0.17031621941
14990,1.2971049120646414,,0.0,1.2971049120646414,0.17220381082
14995,1.2970951159814779,,0.0,1.2970951159814779,0.17213615367
15000,1.2970779531083303,,0.0,1.2970779531083303,0.17166645299
