FoamFile
{
    version     2.0;
    format      ascii;
    class       dictionary;
    object      blockMeshDict;
}
// Generated by aether.cfd - do not edit by hand. Regenerate from the run config.

scale 1;

vertices
(
    (0 0 -0.03)
    (-0.177155381808 9.11653211448e-17 -0.03)
    (0 0 0)
    (-0.177155381808 9.11653211448e-17 0)
    (0.00407362437565 0.0537507968868 -0.03)
    (-0.173657612859 0.0707133779744 -0.03)
    (0.00407362437565 0.0537507968868 0)
    (-0.173657612859 0.0707133779744 0)
    (0.0162002490393 0.106274002684 -0.03)
    (-0.16339460053 0.14090918902 -0.03)
    (0.0162002490393 0.106274002684 0)
    (-0.16339460053 0.14090918902 0)
    (0.0361039824452 0.156369747182 -0.03)
    (-0.146961228211 0.210262649924 -0.03)
    (0.0361039824452 0.156369747182 0)
    (-0.146961228211 0.210262649924 0)
    (0.0633292824886 0.202894201724 -0.03)
    (-0.12509345099 0.278756670019 -0.03)
    (0.0633292824886 0.202894201724 0)
    (-0.12509345099 0.278756670019 0)
    (0.0972551085879 0.244784298984 -0.03)
    (-0.0984419295204 0.346704419148 -0.03)
    (0.0972551085879 0.244784298984 0)
    (-0.0984419295204 0.346704419148 0)
    (0.137092397564 0.28110086553 -0.03)
    (-0.067411519396 0.414735828952 -0.03)
    (0.137092397564 0.28110086553 0)
    (-0.067411519396 0.414735828952 0)
    (0.179244011184 0.314783686517 -0.03)
    (-0.0311602117188 0.485474590541 -0.03)
    (0.179244011184 0.314783686517 0)
    (-0.0311602117188 0.485474590541 0)
    (0.221395624805 0.348466507503 -0.03)
    (0.0110208815542 0.560420366902 -0.03)
    (0.221395624805 0.348466507503 0)
    (0.0110208815542 0.560420366902 0)
    (0.263547238426 0.38214932849 -0.03)
    (0.059039379966 0.639468142423 -0.03)
    (0.263547238426 0.38214932849 0)
    (0.059039379966 0.639468142423 0)
    (0.305698852047 0.415832149477 -0.03)
    (0.112754929368 0.722569060047 -0.03)
    (0.305698852047 0.415832149477 0)
    (0.112754929368 0.722569060047 0)
    (0.347850465668 0.449514970464 -0.03)
    (0.172021363956 0.80973480952 -0.03)
    (0.347850465668 0.449514970464 0)
    (0.172021363956 0.80973480952 0)
    (0.390002079289 0.48319779145 -0.03)
    (0.236715894844 0.901035571899 -0.03)
    (0.390002079289 0.48319779145 0)
    (0.236715894844 0.901035571899 0)
    (0.43215369291 0.516880612437 -0.03)
    (0.306756588247 0.996595255972 -0.03)
    (0.43215369291 0.516880612437 0)
    (0.306756588247 0.996595255972 0)
    (0.47430530653 0.550563433424 -0.03)
    (0.382111288805 1.09658644363 -0.03)
    (0.47430530653 0.550563433424 0)
    (0.382111288805 1.09658644363 0)
    (0.516574729964 0.584091971604 -0.03)
    (0.462994353312 1.20147428471 -0.03)
    (0.516574729964 0.584091971604 0)
    (0.462994353312 1.20147428471 0)
    (0.567265958356 0.6 -0.03)
    (0.567265958356 1.33390760533 -0.03)
    (0.567265958356 0.6 0)
    (0.567265958356 1.33390760533 0)
);

blocks
(
    hex (0 4 5 1 2 6 7 3) (4 48 1) simpleGrading (1 4 1)
    hex (4 8 9 5 6 10 11 7) (4 48 1) simpleGrading (1 4 1)
    hex (8 12 13 9 10 14 15 11) (4 48 1) simpleGrading (1 4 1)
    hex (12 16 17 13 14 18 19 15) (4 48 1) simpleGrading (1 4 1)
    hex (16 20 21 17 18 22 23 19) (4 48 1) simpleGrading (1 4 1)
    hex (20 24 25 21 22 26 27 23) (4 48 1) simpleGrading (1 4 1)
    hex (24 28 29 25 26 30 31 27) (4 48 1) simpleGrading (1 4 1)
    hex (28 32 33 29 30 34 35 31) (4 48 1) simpleGrading (1 4 1)
    hex (32 36 37 33 34 38 39 35) (4 48 1) simpleGrading (1 4 1)
    hex (36 40 41 37 38 42 43 39) (4 48 1) simpleGrading (1 4 1)
    hex (40 44 45 41 42 46 47 43) (4 48 1) simpleGrading (1 4 1)
    hex (44 48 49 45 46 50 51 47) (4 48 1) simpleGrading (1 4 1)
    hex (48 52 53 49 50 54 55 51) (4 48 1) simpleGrading (1 4 1)
    hex (52 56 57 53 54 58 59 55) (4 48 1) simpleGrading (1 4 1)
    hex (56 60 61 57 58 62 63 59) (4 48 1) simpleGrading (1 4 1)
    hex (60 64 65 61 62 66 67 63) (4 48 1) simpleGrading (1 4 1)
);

edges
(
    polyLine 0 4 ((1.27752529541e-06 0.000954639591153 -0.03) (5.11009203017e-06 0.00190927234384 -0.03) (1.14976727501e-05 0.00286389141964 -0.03) (2.04402216984e-05 0.00381848998023 -0.03) (3.1937674816e-05 0.00477306118744 -0.03) (4.59899497419e-05 0.0057275982033 -0.03) (6.25969458141e-05 0.00668209419006 -0.03) (8.175854407e-05 0.00763654231029 -0.03) (0.000103474607247 0.0085909357269 -0.03) (0.000127744979785 0.00954526760318 -0.03) (0.000154569487825 0.0104995311029 -0.03) (0.000183947939213 0.0114537193902 -0.03) (0.000215880123498 0.0124078256299 -0.03) (0.000250365811938 0.0133618429874 -0.03) (0.000287404757497 0.0143157646286 -0.03) (0.000326996694851 0.0152695837202 -0.03) (0.000369141340388 0.0162232934297 -0.03) (0.000413838392207 0.0171768869252 -0.03) (0.000461087530126 0.0181303573757 -0.03) (0.00051088841568 0.0190836979512 -0.03) (0.000563240692126 0.0200369018225 -0.03) (0.000618143984443 0.0209899621614 -0.03) (0.000675597899336 0.0219428721407 -0.03) (0.000735602025241 0.0228956249344 -0.03) (0.000798155932324 0.0238482137176 -0.03) (0.000863259172485 0.0248006316664 -0.03) (0.000930911279364 0.0257528719583 -0.03) (0.00100111176834 0.026704927772 -0.03) (0.00107386013654 0.0276567922875 -0.03) (0.00114915586284 0.0286084586864 -0.03) (0.00122699840787 0.0295599201513 -0.03) (0.001307387214 0.0305111698666 -0.03) (0.00139032170539 0.0314622010182 -0.03) (0.00147580128793 0.0324130067933 -0.03) (0.0015638253493 0.033363580381 -0.03) (0.00165439325895 0.034313914972 -0.03) (0.00174750436811 0.0352640037586 -0.03) (0.00184315800979 0.036213839935 -0.03) (0.00194135349877 0.037163416697 -0.03) (0.00204209013164 0.0381127272425 -0.03) (0.0021453671868 0.0390617647713 -0.03) (0.00225118392441 0.0400105224849 -0.03) (0.00235953958648 0.040958993587 -0.03) (0.00247043339681 0.0419071712834 -0.03) (0.00258386456103 0.0428550487818 -0.03) (0.00269983226657 0.0438026192923 -0.03) (0.00281833568272 0.044749876027 -0.03) (0.00293937396058 0.0456968122003 -0.03) (0.00306294623312 0.046643421029 -0.03) (0.00318905161513 0.0475896957321 -0.03) (0.00331768920328 0.048535629531 -0.03) (0.00344885807607 0.0494812156497 -0.03) (0.00358255729389 0.0504264473145 -0.03) (0.00371878589901 0.0513713177545 -0.03) (0.00385754291555 0.0523158202009 -0.03) (0.00399882734956 0.0532599478882 -0.03))
    polyLine 2 6 ((1.27752529541e-06 0.000954639591153 0) (5.11009203017e-06 0.00190927234384 0) (1.14976727501e-05 0.00286389141964 0) (2.04402216984e-05 0.00381848998023 0) (3.1937674816e-05 0.00477306118744 0) (4.59899497419e-05 0.0057275982033 0) (6.25969458141e-05 0.00668209419006 0) (8.175854407e-05 0.00763654231029 0) (0.000103474607247 0.0085909357269 0) (0.000127744979785 0.00954526760318 0) (0.000154569487825 0.0104995311029 0) (0.000183947939213 0.0114537193902 0) (0.000215880123498 0.0124078256299 0) (0.000250365811938 0.0133618429874 0) (0.000287404757497 0.0143157646286 0) (0.000326996694851 0.0152695837202 0) (0.000369141340388 0.0162232934297 0) (0.000413838392207 0.0171768869252 0) (0.000461087530126 0.0181303573757 0) (0.00051088841568 0.0190836979512 0) (0.000563240692126 0.0200369018225 0) (0.000618143984443 0.0209899621614 0) (0.000675597899336 0.0219428721407 0) (0.000735602025241 0.0228956249344 0) (0.000798155932324 0.0238482137176 0) (0.000863259172485 0.0248006316664 0) (0.000930911279364 0.0257528719583 0) (0.00100111176834 0.026704927772 0) (0.00107386013654 0.0276567922875 0) (0.00114915586284 0.0286084586864 0) (0.00122699840787 0.0295599201513 0) (0.001307387214 0.0305111698666 0) (0.00139032170539 0.0314622010182 0) (0.00147580128793 0.0324130067933 0) (0.0015638253493 0.033363580381 0) (0.00165439325895 0.034313914972 0) (0.00174750436811 0.0352640037586 0) (0.00184315800979 0.036213839935 0) (0.00194135349877 0.037163416697 0) (0.00204209013164 0.0381127272425 0) (0.0021453671868 0.0390617647713 0) (0.00225118392441 0.0400105224849 0) (0.00235953958648 0.040958993587 0) (0.00247043339681 0.0419071712834 0) (0.00258386456103 0.0428550487818 0) (0.00269983226657 0.0438026192923 0) (0.00281833568272 0.044749876027 0) (0.00293937396058 0.0456968122003 0) (0.00306294623312 0.046643421029 0) (0.00318905161513 0.0475896957321 0) (0.00331768920328 0.048535629531 0) (0.00344885807607 0.0494812156497 0) (0.00358255729389 0.0504264473145 0) (0.00371878589901 0.0513713177545 0) (0.00385754291555 0.0523158202009 0) (0.00399882734956 0.0532599478882 0))
    polyLine 1 5 ((-0.177149269469 0.00295135201214 -0.03) (-0.177130933298 0.00590265141189 -0.03) (-0.177100375825 0.00885384561674 -0.03) (-0.177057601265 0.0118048821039 -0.03) (-0.177002615513 0.0147557084401 -0.03) (-0.176935426144 0.0177062723111 -0.03) (-0.176856042401 0.0206565215517 -0.03) (-0.176764475191 0.0236064041746 -0.03) (-0.176660737076 0.0265558684002 -0.03) (-0.176544842261 0.0295048626849 -0.03) (-0.176416806588 0.0324533357506 -0.03) (-0.176276647517 0.0354012366128 -0.03) (-0.176124384116 0.0383485146091 -0.03) (-0.175960037046 0.0412951194266 -0.03) (-0.175783628545 0.0442410011299 -0.03) (-0.175595182408 0.0471861101881 -0.03) (-0.175394723972 0.0501303975014 -0.03) (-0.175182280095 0.0530738144278 -0.03) (-0.174957879136 0.0560163128086 -0.03) (-0.174721550931 0.0589578449939 -0.03) (-0.174473326774 0.0618983638678 -0.03) (-0.17421323939 0.0648378228722 -0.03) (-0.173941322913 0.0677761760312 -0.03))
    polyLine 3 7 ((-0.177149269469 0.00295135201214 0) (-0.177130933298 0.00590265141189 0) (-0.177100375825 0.00885384561674 0) (-0.177057601265 0.0118048821039 0) (-0.177002615513 0.0147557084401 0) (-0.176935426144 0.0177062723111 0) (-0.176856042401 0.0206565215517 0) (-0.176764475191 0.0236064041746 0) (-0.176660737076 0.0265558684002 0) (-0.176544842261 0.0295048626849 0) (-0.176416806588 0.0324533357506 0) (-0.176276647517 0.0354012366128 0) (-0.176124384116 0.0383485146091 0) (-0.175960037046 0.0412951194266 0) (-0.175783628545 0.0442410011299 0) (-0.175595182408 0.0471861101881 0) (-0.175394723972 0.0501303975014 0) (-0.175182280095 0.0530738144278 0) (-0.174957879136 0.0560163128086 0) (-0.174721550931 0.0589578449939 0) (-0.174473326774 0.0618983638678 0) (-0.17421323939 0.0648378228722 0) (-0.173941322913 0.0677761760312 0))
    polyLine 4 8 ((0.00414263818895 0.054203694053 -0.03) (0.00428897440354 0.0551470519349 -0.03) (0.00443783494508 0.0560900147763 -0.03) (0.0045892187472 0.0570325758223 -0.03) (0.0047431247255 0.0579747283211 -0.03) (0.00489955177748 0.0589164655235 -0.03) (0.00505849878259 0.0598577806836 -0.03) (0.00521996460223 0.0607986670583 -0.03) (0.00538394807975 0.0617391179077 -0.03) (0.00555044804047 0.062679126495 -0.03) (0.0057194632917 0.0636186860865 -0.03) (0.0058909926227 0.0645577899517 -0.03) (0.00606503480473 0.0654964313635 -0.03) (0.00624158859108 0.066434603598 -0.03) (0.006420652717 0.0673722999347 -0.03) (0.0066022258998 0.0683095136565 -0.03) (0.00678630683878 0.0692462380498 -0.03) (0.00697289421531 0.0701824664044 -0.03) (0.00716198669279 0.0711181920138 -0.03) (0.00735358291666 0.0720534081749 -0.03) (0.00754768151445 0.0729881081885 -0.03) (0.00774428109575 0.0739222853589 -0.03) (0.00794338025224 0.0748559329943 -0.03) (0.0081449775577 0.0757890444064 -0.03) (0.00834907156799 0.0767216129112 -0.03) (0.00855566082111 0.0776536318281 -0.03) (0.00876474383718 0.0785850944809 -0.03) (0.00897631911846 0.0795159941969 -0.03) (0.00919038514934 0.080446324308 -0.03) (0.00940694039639 0.0813760781496 -0.03) (0.00962598330833 0.0823052490617 -0.03) (0.00984751231607 0.0832338303881 -0.03) (0.0100715258327 0.0841618154771 -0.03) (0.0102980222535 0.0850891976812 -0.03) (0.0105269999561 0.0860159703571 -0.03) (0.0107584573001 0.086942126866 -0.03) (0.0109923926275 0.0878676605734 -0.03) (0.0112288042626 0.0887925648495 -0.03) (0.0114676905119 0.0897168330687 -0.03) (0.011709049664 0.0906404586101 -0.03) (0.0119528799901 0.0915634348574 -0.03) (0.0121991797435 0.092485755199 -0.03) (0.0124479471599 0.0934074130279 -0.03) (0.0126991804572 0.094328401742 -0.03) (0.0129528778357 0.0952487147437 -0.03) (0.0132090374782 0.0961683454406 -0.03) (0.0134676575496 0.0970872872449 -0.03) (0.0137287361974 0.0980055335739 -0.03) (0.0139922715513 0.0989230778499 -0.03) (0.0142582617235 0.0998399135 -0.03) (0.0145267048086 0.100756033957 -0.03) (0.0147975988837 0.101671432657 -0.03) (0.0150709420082 0.102586103045 -0.03) (0.0153467322241 0.103500038566 -0.03) (0.0156249675557 0.104413232676 -0.03) (0.0159056460101 0.105325678831 -0.03) (0.0161887655764 0.106237370496 -0.03))
    polyLine 6 10 ((0.00414263818895 0.054203694053 0) (0.00428897440354 0.0551470519349 0) (0.00443783494508 0.0560900147763 0) (0.0045892187472 0.0570325758223 0) (0.0047431247255 0.0579747283211 0) (0.00489955177748 0.0589164655235 0) (0.00505849878259 0.0598577806836 0) (0.00521996460223 0.0607986670583 0) (0.00538394807975 0.0617391179077 0) (0.00555044804047 0.062679126495 0) (0.0057194632917 0.0636186860865 0) (0.0058909926227 0.0645577899517 0) (0.00606503480473 0.0654964313635 0) (0.00624158859108 0.066434603598 0) (0.006420652717 0.0673722999347 0) (0.0066022258998 0.0683095136565 0) (0.00678630683878 0.0692462380498 0) (0.00697289421531 0.0701824664044 0) (0.00716198669279 0.0711181920138 0) (0.00735358291666 0.0720534081749 0) (0.00754768151445 0.0729881081885 0) (0.00774428109575 0.0739222853589 0) (0.00794338025224 0.0748559329943 0) (0.0081449775577 0.0757890444064 0) (0.00834907156799 0.0767216129112 0) (0.00855566082111 0.0776536318281 0) (0.00876474383718 0.0785850944809 0) (0.00897631911846 0.0795159941969 0) (0.00919038514934 0.080446324308 0) (0.00940694039639 0.0813760781496 0) (0.00962598330833 0.0823052490617 0) (0.00984751231607 0.0832338303881 0) (0.0100715258327 0.0841618154771 0) (0.0102980222535 0.0850891976812 0) (0.0105269999561 0.0860159703571 0) (0.0107584573001 0.086942126866 0) (0.0109923926275 0.0878676605734 0) (0.0112288042626 0.0887925648495 0) (0.0114676905119 0.0897168330687 0) (0.011709049664 0.0906404586101 0) (0.0119528799901 0.0915634348574 0) (0.0121991797435 0.092485755199 0) (0.0124479471599 0.0934074130279 0) (0.0126991804572 0.094328401742 0) (0.0129528778357 0.0952487147437 0) (0.0132090374782 0.0961683454406 0) (0.0134676575496 0.0970872872449 0) (0.0137287361974 0.0980055335739 0) (0.0139922715513 0.0989230778499 0) (0.0142582617235 0.0998399135 0) (0.0145267048086 0.100756033957 0) (0.0147975988837 0.101671432657 0) (0.0150709420082 0.102586103045 0) (0.0153467322241 0.103500038566 0) (0.0156249675557 0.104413232676 0) (0.0159056460101 0.105325678831 0) (0.0161887655764 0.106237370496 0))
    polyLine 5 9 ((-0.173361480021 0.0736558721771 -0.03) (-0.173053576904 0.0765971207442 -0.03) (-0.172733943273 0.0795370799688 -0.03) (-0.17240262018 0.0824757068429 -0.03) (-0.172059649927 0.085412959078 -0.03) (-0.17170507604 0.0883487951249 -0.03) (-0.171338943236 0.0912831741928 -0.03) (-0.17096129739 0.0942160562681 -0.03) (-0.170572185507 0.0971474021319 -0.03) (-0.170171655684 0.100077173378 -0.03) (-0.169759757078 0.103005332427 -0.03) (-0.169336539876 0.105931842546 -0.03) (-0.168902055255 0.108856667861 -0.03) (-0.168456355351 0.11177977337 -0.03) (-0.167999493225 0.114701124961 -0.03) (-0.167531522824 0.11762068942 -0.03) (-0.167052498949 0.120538434448 -0.03) (-0.16656247722 0.123454328669 -0.03) (-0.166061514036 0.126368341642 -0.03) (-0.165549666543 0.12928044387 -0.03) (-0.1650269926 0.132190606814 -0.03) (-0.164493550736 0.135098802894 -0.03) (-0.163949400122 0.138005005505 -0.03))
    polyLine 7 11 ((-0.173361480021 0.0736558721771 0) (-0.173053576904 0.0765971207442 0) (-0.172733943273 0.0795370799688 0) (-0.17240262018 0.0824757068429 0) (-0.172059649927 0.085412959078 0) (-0.17170507604 0.0883487951249 0) (-0.171338943236 0.0912831741928 0) (-0.17096129739 0.0942160562681 0) (-0.170572185507 0.0971474021319 0) (-0.170171655684 0.100077173378 0) (-0.169759757078 0.103005332427 0) (-0.169336539876 0.105931842546 0) (-0.168902055255 0.108856667861 0) (-0.168456355351 0.11177977337 0) (-0.167999493225 0.114701124961 0) (-0.167531522824 0.11762068942 0) (-0.167052498949 0.120538434448 0) (-0.16656247722 0.123454328669 0) (-0.166061514036 0.126368341642 0) (-0.165549666543 0.12928044387 0) (-0.1650269926 0.132190606814 0) (-0.164493550736 0.135098802894 0) (-0.163949400122 0.138005005505 0))
    polyLine 8 12 ((0.0164743242267 0.10714830114 -0.03) (0.0167623199154 0.108058464238 -0.03) (0.0170527505795 0.108967853269 -0.03) (0.0173456141384 0.10987646172 -0.03) (0.0176409084943 0.110784283082 -0.03) (0.0179386315319 0.111691310851 -0.03) (0.0182387811184 0.11259753853 -0.03) (0.0185413551038 0.113502959628 -0.03) (0.0188463513206 0.114407567658 -0.03) (0.0191537675839 0.115311356141 -0.03) (0.0194636016918 0.116214318603 -0.03) (0.0197758514246 0.117116448574 -0.03) (0.0200905145456 0.118017739593 -0.03) (0.0204075888008 0.118918185204 -0.03) (0.0207270719187 0.119817778956 -0.03) (0.021048961611 0.120716514405 -0.03) (0.0213732555716 0.121614385113 -0.03) (0.0216999514776 0.122511384648 -0.03) (0.0220290469887 0.123407506585 -0.03) (0.0223605397475 0.124302744504 -0.03) (0.0226944273793 0.125197091993 -0.03) (0.0230307074924 0.126090542644 -0.03) (0.0233693776778 0.126983090058 -0.03) (0.0237104355096 0.127874727841 -0.03) (0.0240538785446 0.128765449607 -0.03) (0.0243997043226 0.129655248973 -0.03) (0.0247479103662 0.130544119567 -0.03) (0.0250984941812 0.13143205502 -0.03) (0.0254514532562 0.132319048973 -0.03) (0.0258067850628 0.133205095071 -0.03) (0.0261644870556 0.134090186968 -0.03) (0.0265245566722 0.134974318323 -0.03) (0.0268869913334 0.135857482802 -0.03) (0.0272517884428 0.136739674079 -0.03) (0.0276189453872 0.137620885835 -0.03) (0.0279884595367 0.138501111758 -0.03) (0.0283603282441 0.139380345541 -0.03) (0.0287345488457 0.140258580887 -0.03) (0.0291111186607 0.141135811504 -0.03) (0.0294900349917 0.142012031108 -0.03) (0.0298712951242 0.142887233423 -0.03) (0.0302548963273 0.14376141218 -0.03) (0.0306408358529 0.144634561115 -0.03) (0.0310291109365 0.145506673975 -0.03) (0.0314197187967 0.146377744512 -0.03) (0.0318126566354 0.147247766487 -0.03) (0.0322079216378 0.148116733666 -0.03) (0.0326055109726 0.148984639826 -0.03) (0.0330054217915 0.149851478749 -0.03) (0.0334076512298 0.150717244225 -0.03) (0.0338121964064 0.151581930053 -0.03) (0.0342190544231 0.152445530039 -0.03) (0.0346282223656 0.153308037996 -0.03) (0.0350396973028 0.154169447745 -0.03) (0.0354534762871 0.155029753118 -0.03) (0.0358695563545 0.155888947949 -0.03))
    polyLine 10 14 ((0.0164743242267 0.10714830114 0) (0.0167623199154 0.108058464238 0) (0.0170527505795 0.108967853269 0) (0.0173456141384 0.10987646172 0) (0.0176409084943 0.110784283082 0) (0.0179386315319 0.111691310851 0) (0.0182387811184 0.11259753853 0) (0.0185413551038 0.113502959628 0) (0.0188463513206 0.114407567658 0) (0.0191537675839 0.115311356141 0) (0.0194636016918 0.116214318603 0) (0.0197758514246 0.117116448574 0) (0.0200905145456 0.118017739593 0) (0.0204075888008 0.118918185204 0) (0.0207270719187 0.119817778956 0) (0.021048961611 0.120716514405 0) (0.0213732555716 0.121614385113 0) (0.0216999514776 0.122511384648 0) (0.0220290469887 0.123407506585 0) (0.0223605397475 0.124302744504 0) (0.0226944273793 0.125197091993 0) (0.0230307074924 0.126090542644 0) (0.0233693776778 0.126983090058 0) (0.0237104355096 0.127874727841 0) (0.0240538785446 0.128765449607 0) (0.0243997043226 0.129655248973 0) (0.0247479103662 0.130544119567 0) (0.0250984941812 0.13143205502 0) (0.0254514532562 0.132319048973 0) (0.0258067850628 0.133205095071 0) (0.0261644870556 0.134090186968 0) (0.0265245566722 0.134974318323 0) (0.0268869913334 0.135857482802 0) (0.0272517884428 0.136739674079 0) (0.0276189453872 0.137620885835 0) (0.0279884595367 0.138501111758 0) (0.0283603282441 0.139380345541 0) (0.0287345488457 0.140258580887 0) (0.0291111186607 0.141135811504 0) (0.0294900349917 0.142012031108 0) (0.0298712951242 0.142887233423 0) (0.0302548963273 0.14376141218 0) (0.0306408358529 0.144634561115 0) (0.0310291109365 0.145506673975 0) (0.0314197187967 0.146377744512 0) (0.0318126566354 0.147247766487 0) (0.0322079216378 0.148116733666 0) (0.0326055109726 0.148984639826 0) (0.0330054217915 0.149851478749 0) (0.0334076512298 0.150717244225 0) (0.0338121964064 0.151581930053 0) (0.0342190544231 0.152445530039 0) (0.0346282223656 0.153308037996 0) (0.0350396973028 0.154169447745 0) (0.0354534762871 0.155029753118 0) (0.0358695563545 0.155888947949 0))
    polyLine 9 13 ((-0.162826643525 0.143824387266 -0.03) (-0.162248064042 0.146737499365 -0.03) (-0.161658924285 0.149648502364 -0.03) (-0.161059286924 0.15255737433 -0.03) (-0.160449215065 0.155464094352 -0.03) (-0.159828772208 0.15836864255 -0.03) (-0.159198022219 0.161271000072 -0.03) (-0.158557029289 0.164171149102 -0.03) (-0.1579058579 0.167069072856 -0.03) (-0.157244572795 0.169964755589 -0.03) (-0.156573238938 0.17285818259 -0.03) (-0.155891921488 0.175749340187 -0.03) (-0.155200685756 0.178638215742 -0.03) (-0.154499597184 0.181524797655 -0.03) (-0.153788721301 0.184409075358 -0.03) (-0.153068123701 0.187291039315 -0.03) (-0.152337870007 0.190170681019 -0.03) (-0.151598025841 0.193047992991 -0.03) (-0.150848656793 0.195922968773 -0.03) (-0.150089828396 0.198795602927 -0.03) (-0.149321606091 0.20166589103 -0.03) (-0.148544055201 0.204533829668 -0.03) (-0.147757240906 0.207399416436 -0.03))
    polyLine 11 15 ((-0.162826643525 0.143824387266 0) (-0.162248064042 0.146737499365 0) (-0.161658924285 0.149648502364 0) (-0.161059286924 0.15255737433 0) (-0.160449215065 0.155464094352 0) (-0.159828772208 0.15836864255 0) (-0.159198022219 0.161271000072 0) (-0.158557029289 0.164171149102 0) (-0.1579058579 0.167069072856 0) (-0.157244572795 0.169964755589 0) (-0.156573238938 0.17285818259 0) (-0.155891921488 0.175749340187 0) (-0.155200685756 0.178638215742 0) (-0.154499597184 0.181524797655 0) (-0.153788721301 0.184409075358 0) (-0.153068123701 0.187291039315 0) (-0.152337870007 0.190170681019 0) (-0.151598025841 0.193047992991 0) (-0.150848656793 0.195922968773 0) (-0.150089828396 0.198795602927 0) (-0.149321606091 0.20166589103 0) (-0.148544055201 0.204533829668 0) (-0.147757240906 0.207399416436 0))
    polyLine 12 16 ((0.0362879345244 0.156747026085 -0.03) (0.0367086077998 0.15760398138 -0.03) (0.0371315731673 0.158459807693 -0.03) (0.037556827597 0.159314498895 -0.03) (0.0379843680427 0.160168048864 -0.03) (0.0384141914415 0.161020451484 -0.03) (0.0388462947147 0.16187170065 -0.03) (0.0392806747668 0.162721790263 -0.03) (0.0397173284863 0.163570714236 -0.03) (0.0401562527451 0.164418466485 -0.03) (0.0405974443991 0.165265040938 -0.03) (0.0410409002879 0.166110431532 -0.03) (0.0414866172348 0.16695463221 -0.03) (0.0419345920469 0.167797636924 -0.03) (0.0423848215153 0.168639439637 -0.03) (0.0428373024147 0.169480034317 -0.03) (0.0432920315039 0.170319414944 -0.03) (0.0437490055255 0.171157575504 -0.03) (0.0442082212059 0.171994509994 -0.03) (0.0446696752556 0.172830212418 -0.03) (0.0451333643691 0.173664676789 -0.03) (0.0455992852247 0.17449789713 -0.03) (0.0460674344848 0.175329867473 -0.03) (0.046537808796 0.176160581858 -0.03) (0.0470104047887 0.176990034333 -0.03) (0.0474852190776 0.177818218957 -0.03) (0.0479622482613 0.178645129798 -0.03) (0.0484414889227 0.179470760932 -0.03) (0.0489229376289 0.180295106445 -0.03) (0.0494065909309 0.181118160431 -0.03) (0.0498924453643 0.181939916996 -0.03) (0.0503804974486 0.182760370251 -0.03) (0.0508707436876 0.18357951432 -0.03) (0.0513631805697 0.184397343335 -0.03) (0.0518578045673 0.185213851438 -0.03) (0.0523546121371 0.18602903278 -0.03) (0.0528535997203 0.186842881521 -0.03) (0.0533547637426 0.187655391831 -0.03) (0.0538581006138 0.18846655789 -0.03) (0.0543636067283 0.189276373887 -0.03) (0.054871278465 0.190084834021 -0.03) (0.0553811121873 0.190891932501 -0.03) (0.055893104243 0.191697663546 -0.03) (0.0564072509645 0.192502021383 -0.03) (0.0569235486687 0.19330500025 -0.03) (0.0574419936572 0.194106594396 -0.03) (0.0579625822162 0.194906798078 -0.03) (0.0584853106165 0.195705605565 -0.03) (0.0590101751136 0.196503011134 -0.03) (0.0595371719477 0.197299009072 -0.03) (0.0600662973436 0.198093593678 -0.03) (0.0605975475111 0.19888675926 -0.03) (0.0611309186445 0.199678500137 -0.03) (0.0616664069231 0.200468810635 -0.03) (0.0622040085111 0.201257685095 -0.03) (0.0627437195573 0.202045117866 -0.03) (0.0632855361956 0.202831103305 -0.03))
    polyLine 14 18 ((0.0362879345244 0.156747026085 0) (0.0367086077998 0.15760398138 0) (0.0371315731673 0.158459807693 0) (0.037556827597 0.159314498895 0) (0.0379843680427 0.160168048864 0) (0.0384141914415 0.161020451484 0) (0.0388462947147 0.16187170065 0) (0.0392806747668 0.162721790263 0) (0.0397173284863 0.163570714236 0) (0.0401562527451 0.164418466485 0) (0.0405974443991 0.165265040938 0) (0.0410409002879 0.166110431532 0) (0.0414866172348 0.16695463221 0) (0.0419345920469 0.167797636924 0) (0.0423848215153 0.168639439637 0) (0.0428373024147 0.169480034317 0) (0.0432920315039 0.170319414944 0) (0.0437490055255 0.171157575504 0) (0.0442082212059 0.171994509994 0) (0.0446696752556 0.172830212418 0) (0.0451333643691 0.173664676789 0) (0.0455992852247 0.17449789713 0) (0.0460674344848 0.175329867473 0) (0.046537808796 0.176160581858 0) (0.0470104047887 0.176990034333 0) (0.0474852190776 0.177818218957 0) (0.0479622482613 0.178645129798 0) (0.0484414889227 0.179470760932 0) (0.0489229376289 0.180295106445 0) (0.0494065909309 0.181118160431 0) (0.0498924453643 0.181939916996 0) (0.0503804974486 0.182760370251 0) (0.0508707436876 0.18357951432 0) (0.0513631805697 0.184397343335 0) (0.0518578045673 0.185213851438 0) (0.0523546121371 0.18602903278 0) (0.0528535997203 0.186842881521 0) (0.0533547637426 0.187655391831 0) (0.0538581006138 0.18846655789 0) (0.0543636067283 0.189276373887 0) (0.054871278465 0.190084834021 0) (0.0553811121873 0.190891932501 0) (0.055893104243 0.191697663546 0) (0.0564072509645 0.192502021383 0) (0.0569235486687 0.19330500025 0) (0.0574419936572 0.194106594396 0) (0.0579625822162 0.194906798078 0) (0.0584853106165 0.195705605565 0) (0.0590101751136 0.196503011134 0) (0.0595371719477 0.197299009072 0) (0.0600662973436 0.198093593678 0) (0.0605975475111 0.19888675926 0) (0.0611309186445 0.199678500137 0) (0.0616664069231 0.200468810635 0) (0.0622040085111 0.201257685095 0) (0.0627437195573 0.202045117866 0) (0.0632855361956 0.202831103305 0))
    polyLine 13 17 ((-0.14615044391 0.213143441456 -0.03) (-0.145330464318 0.216021846996 -0.03) (-0.144501355115 0.218897868144 -0.03) (-0.143663181699 0.221771507503 -0.03) (-0.142816009157 0.22464276867 -0.03) (-0.141959902243 0.227511656232 -0.03) (-0.141094925356 0.230378175756 -0.03) (-0.140221142514 0.233242333779 -0.03) (-0.139338617332 0.236104137806 -0.03) (-0.138447413002 0.238963596296 -0.03) (-0.137547592271 0.241820718655 -0.03) (-0.13663921742 0.244675515229 -0.03) (-0.135722350243 0.247527997293 -0.03) (-0.134797052033 0.250378177041 -0.03) (-0.133863383556 0.253226067583 -0.03) (-0.13292140504 0.256071682928 -0.03) (-0.131971176153 0.258915037978 -0.03) (-0.131012755987 0.26175614852 -0.03) (-0.130046203046 0.264595031213 -0.03) (-0.129071575223 0.267431703583 -0.03) (-0.128088929794 0.270266184008 -0.03) (-0.127098323397 0.273098491712 -0.03) (-0.12609981202 0.275928646754 -0.03))
    polyLine 15 19 ((-0.14615044391 0.213143441456 0) (-0.145330464318 0.216021846996 0) (-0.144501355115 0.218897868144 0) (-0.143663181699 0.221771507503 0) (-0.142816009157 0.22464276867 0) (-0.141959902243 0.227511656232 0) (-0.141094925356 0.230378175756 0) (-0.140221142514 0.233242333779 0) (-0.139338617332 0.236104137806 0) (-0.138447413002 0.238963596296 0) (-0.137547592271 0.241820718655 0) (-0.13663921742 0.244675515229 0) (-0.135722350243 0.247527997293 0) (-0.134797052033 0.250378177041 0) (-0.133863383556 0.253226067583 0) (-0.13292140504 0.256071682928 0) (-0.131971176153 0.258915037978 0) (-0.131012755987 0.26175614852 0) (-0.130046203046 0.264595031213 0) (-0.129071575223 0.267431703583 0) (-0.128088929794 0.270266184008 0) (-0.127098323397 0.273098491712 0) (-0.12609981202 0.275928646754 0))
    polyLine 16 20 ((0.0638294545447 0.203615635784 -0.03) (0.0643754707083 0.204398709683 -0.03) (0.0649235807752 0.205180319391 -0.03) (0.0654737808189 0.20596045931 -0.03) (0.0660260668981 0.206739123851 -0.03) (0.0665804350566 0.207516307436 -0.03) (0.0671368813233 0.208292004499 -0.03) (0.0676954017121 0.209066209483 -0.03) (0.0682559922221 0.209838916841 -0.03) (0.0688186488376 0.210610121038 -0.03) (0.0693833675279 0.211379816551 -0.03) (0.0699501442479 0.212147997864 -0.03) (0.0705189749374 0.212914659477 -0.03) (0.0710898555217 0.213679795896 -0.03) (0.0716627819114 0.21444340164 -0.03) (0.0722377500023 0.21520547124 -0.03) (0.0728147556758 0.215965999237 -0.03) (0.0733937947984 0.216724980182 -0.03) (0.0739748632224 0.21748240864 -0.03) (0.0745579567852 0.218238279183 -0.03) (0.07514307131 0.218992586397 -0.03) (0.0757302026053 0.21974532488 -0.03) (0.0763193464653 0.220496489238 -0.03) (0.0769104986696 0.221246074092 -0.03) (0.0775036549838 0.22199407407 -0.03) (0.0780988111586 0.222740483816 -0.03) (0.0786959629309 0.223485297982 -0.03) (0.0792951060229 0.224228511233 -0.03) (0.0798962361427 0.224970118245 -0.03) (0.0804993489842 0.225710113705 -0.03) (0.0811044402271 0.226448492314 -0.03) (0.0817115055368 0.22718524878 -0.03) (0.0823205405648 0.227920377827 -0.03) (0.0829315409482 0.228653874189 -0.03) (0.0835445023101 0.229385732611 -0.03) (0.0841594202598 0.23011594785 -0.03) (0.0847762903923 0.230844514677 -0.03) (0.0853951082887 0.231571427871 -0.03) (0.0860158695161 0.232296682226 -0.03) (0.0866385696279 0.233020272547 -0.03) (0.0872632041633 0.233742193649 -0.03) (0.0878897686479 0.234462440362 -0.03) (0.0885182585932 0.235181007527 -0.03) (0.0891486694973 0.235897889995 -0.03) (0.0897809968442 0.236613082631 -0.03) (0.0904152361042 0.237326580313 -0.03) (0.0910513827341 0.238038377929 -0.03) (0.091689432177 0.238748470381 -0.03) (0.0923293798621 0.239456852581 -0.03) (0.0929712212053 0.240163519455 -0.03) (0.0936149516088 0.240868465942 -0.03) (0.0942605664614 0.24157168699 -0.03) (0.0949080611382 0.242273177564 -0.03) (0.0955574310009 0.242972932637 -0.03) (0.0962086713979 0.243670947197 -0.03) (0.0968617776641 0.244367216244 -0.03))
    polyLine 18 22 ((0.0638294545447 0.203615635784 0) (0.0643754707083 0.204398709683 0) (0.0649235807752 0.205180319391 0) (0.0654737808189 0.20596045931 0) (0.0660260668981 0.206739123851 0) (0.0665804350566 0.207516307436 0) (0.0671368813233 0.208292004499 0) (0.0676954017121 0.209066209483 0) (0.0682559922221 0.209838916841 0) (0.0688186488376 0.210610121038 0) (0.0693833675279 0.211379816551 0) (0.0699501442479 0.212147997864 0) (0.0705189749374 0.212914659477 0) (0.0710898555217 0.213679795896 0) (0.0716627819114 0.21444340164 0) (0.0722377500023 0.21520547124 0) (0.0728147556758 0.215965999237 0) (0.0733937947984 0.216724980182 0) (0.0739748632224 0.21748240864 0) (0.0745579567852 0.218238279183 0) (0.07514307131 0.218992586397 0) (0.0757302026053 0.21974532488 0) (0.0763193464653 0.220496489238 0) (0.0769104986696 0.221246074092 0) (0.0775036549838 0.22199407407 0) (0.0780988111586 0.222740483816 0) (0.0786959629309 0.223485297982 0) (0.0792951060229 0.224228511233 0) (0.0798962361427 0.224970118245 0) (0.0804993489842 0.225710113705 0) (0.0811044402271 0.226448492314 0) (0.0817115055368 0.22718524878 0) (0.0823205405648 0.227920377827 0) (0.0829315409482 0.228653874189 0) (0.0835445023101 0.229385732611 0) (0.0841594202598 0.23011594785 0) (0.0847762903923 0.230844514677 0) (0.0853951082887 0.231571427871 0) (0.0860158695161 0.232296682226 0) (0.0866385696279 0.233020272547 0) (0.0872632041633 0.233742193649 0) (0.0878897686479 0.234462440362 0) (0.0885182585932 0.235181007527 0) (0.0891486694973 0.235897889995 0) (0.0897809968442 0.236613082631 0) (0.0904152361042 0.237326580313 0) (0.0910513827341 0.238038377929 0) (0.091689432177 0.238748470381 0) (0.0923293798621 0.239456852581 0) (0.0929712212053 0.240163519455 0) (0.0936149516088 0.240868465942 0) (0.0942605664614 0.24157168699 0) (0.0949080611382 0.242273177564 0) (0.0955574310009 0.242972932637 0) (0.0962086713979 0.243670947197 0) (0.0968617776641 0.244367216244 0))
    polyLine 17 21 ((-0.124069439273 0.281609929853 -0.03) (-0.123037536443 0.284461061728 -0.03) (-0.121997797314 0.287310089644 -0.03) (-0.120950275965 0.290157038413 -0.03) (-0.119895025725 0.293001933657 -0.03) (-0.118832099165 0.295844801794 -0.03) (-0.117761548085 0.29868567003 -0.03) (-0.116683423506 0.301524566344 -0.03) (-0.115597775664 0.304361519487 -0.03) (-0.114504653997 0.307196558962 -0.03) (-0.113404107138 0.310029715022 -0.03) (-0.112296182911 0.312861018658 -0.03) (-0.11118092832 0.315690501585 -0.03) (-0.110058389542 0.318518196242 -0.03) (-0.108928611926 0.321344135772 -0.03) (-0.107791639982 0.324168354021 -0.03) (-0.106647517376 0.326990885524 -0.03) (-0.105496286928 0.329811765499 -0.03) (-0.104337990605 0.332631029837 -0.03) (-0.103172669517 0.335448715092 -0.03) (-0.102000363913 0.338264858474 -0.03) (-0.10082111318 0.341079497841 -0.03) (-0.099634955833 0.34389267169 -0.03))
    polyLine 19 23 ((-0.124069439273 0.281609929853 0) (-0.123037536443 0.284461061728 0) (-0.121997797314 0.287310089644 0) (-0.120950275965 0.290157038413 0) (-0.119895025725 0.293001933657 0) (-0.118832099165 0.295844801794 0) (-0.117761548085 0.29868567003 0) (-0.116683423506 0.301524566344 0) (-0.115597775664 0.304361519487 0) (-0.114504653997 0.307196558962 0) (-0.113404107138 0.310029715022 0) (-0.112296182911 0.312861018658 0) (-0.11118092832 0.315690501585 0) (-0.110058389542 0.318518196242 0) (-0.108928611926 0.321344135772 0) (-0.107791639982 0.324168354021 0) (-0.106647517376 0.326990885524 0) (-0.105496286928 0.329811765499 0) (-0.104337990605 0.332631029837 0) (-0.103172669517 0.335448715092 0) (-0.102000363913 0.338264858474 0) (-0.10082111318 0.341079497841 0) (-0.099634955833 0.34389267169 0))
    polyLine 20 24 ((0.097516745121 0.245061734791 -0.03) (0.0981735690767 0.245754497862 -0.03) (0.0988322448263 0.246445500494 -0.03) (0.0994927676514 0.247134737738 -0.03) (0.10015513282 0.247822204657 -0.03) (0.100819335588 0.248507896325 -0.03) (0.101485371197 0.249191807831 -0.03) (0.102153234877 0.249873934276 -0.03) (0.102822921842 0.250554270774 -0.03) (0.103494427295 0.251232812451 -0.03) (0.104167746427 0.251909554445 -0.03) (0.104842874414 0.252584491911 -0.03) (0.10551980642 0.253257620012 -0.03) (0.106198537596 0.253928933926 -0.03) (0.10687906308 0.254598428846 -0.03) (0.107561377996 0.255266099975 -0.03) (0.108245477458 0.255931942529 -0.03) (0.108931356564 0.256595951741 -0.03) (0.109619010401 0.257258122852 -0.03) (0.110308434045 0.25791845112 -0.03) (0.110999622555 0.258576931814 -0.03) (0.11169257098 0.259233560218 -0.03) (0.112387274358 0.259888331627 -0.03) (0.113083727711 0.260541241351 -0.03) (0.11378192605 0.261192284714 -0.03) (0.114481864374 0.261841457052 -0.03) (0.115183537669 0.262488753713 -0.03) (0.115886940908 0.263134170063 -0.03) (0.116592069053 0.263777701476 -0.03) (0.117298917053 0.264419343343 -0.03) (0.118007479845 0.265059091068 -0.03) (0.118717752351 0.265696940069 -0.03) (0.119429729486 0.266332885775 -0.03) (0.120143406147 0.266966923632 -0.03) (0.120858777224 0.267599049097 -0.03) (0.121575837591 0.268229257642 -0.03) (0.122294582113 0.268857544753 -0.03) (0.123015005639 0.26948390593 -0.03) (0.12373710301 0.270108336685 -0.03) (0.124460869053 0.270730832545 -0.03) (0.125186298584 0.271351389051 -0.03) (0.125913386405 0.271970001759 -0.03) (0.126642127308 0.272586666235 -0.03) (0.127372516074 0.273201378064 -0.03) (0.128104547469 0.273814132841 -0.03) (0.128838216251 0.274424926177 -0.03) (0.129573517163 0.275033753698 -0.03) (0.130310444939 0.27564061104 -0.03) (0.131048994299 0.276245493859 -0.03) (0.131789159953 0.276848397819 -0.03) (0.132530936599 0.277449318603 -0.03) (0.133274318923 0.278048251906 -0.03) (0.1340193016 0.278645193438 -0.03) (0.134764589294 0.279240743402 -0.03) (0.135509876987 0.279836293365 -0.03) (0.136255164681 0.280431843329 -0.03) (0.137000452375 0.281027393293 -0.03))
    polyLine 22 26 ((0.097516745121 0.245061734791 0) (0.0981735690767 0.245754497862 0) (0.0988322448263 0.246445500494 0) (0.0994927676514 0.247134737738 0) (0.10015513282 0.247822204657 0) (0.100819335588 0.248507896325 0) (0.101485371197 0.249191807831 0) (0.102153234877 0.249873934276 0) (0.102822921842 0.250554270774 0) (0.103494427295 0.251232812451 0) (0.104167746427 0.251909554445 0) (0.104842874414 0.252584491911 0) (0.10551980642 0.253257620012 0) (0.106198537596 0.253928933926 0) (0.10687906308 0.254598428846 0) (0.107561377996 0.255266099975 0) (0.108245477458 0.255931942529 0) (0.108931356564 0.256595951741 0) (0.109619010401 0.257258122852 0) (0.110308434045 0.25791845112 0) (0.110999622555 0.258576931814 0) (0.11169257098 0.259233560218 0) (0.112387274358 0.259888331627 0) (0.113083727711 0.260541241351 0) (0.11378192605 0.261192284714 0) (0.114481864374 0.261841457052 0) (0.115183537669 0.262488753713 0) (0.115886940908 0.263134170063 0) (0.116592069053 0.263777701476 0) (0.117298917053 0.264419343343 0) (0.118007479845 0.265059091068 0) (0.118717752351 0.265696940069 0) (0.119429729486 0.266332885775 0) (0.120143406147 0.266966923632 0) (0.120858777224 0.267599049097 0) (0.121575837591 0.268229257642 0) (0.122294582113 0.268857544753 0) (0.123015005639 0.26948390593 0) (0.12373710301 0.270108336685 0) (0.124460869053 0.270730832545 0) (0.125186298584 0.271351389051 0) (0.125913386405 0.271970001759 0) (0.126642127308 0.272586666235 0) (0.127372516074 0.273201378064 0) (0.128104547469 0.273814132841 0) (0.128838216251 0.274424926177 0) (0.129573517163 0.275033753698 0) (0.130310444939 0.27564061104 0) (0.131048994299 0.276245493859 0) (0.131789159953 0.276848397819 0) (0.132530936599 0.277449318603 0) (0.133274318923 0.278048251906 0) (0.1340193016 0.278645193438 0) (0.134764589294 0.279240743402 0) (0.135509876987 0.279836293365 0) (0.136255164681 0.280431843329 0) (0.137000452375 0.281027393293 0))
    polyLine 21 25 ((-0.0972265245319 0.34955108038 -0.03) (-0.0960041469682 0.352396360868 -0.03) (-0.0947748332061 0.355240303207 -0.03) (-0.0935386186962 0.358082950622 -0.03) (-0.0922955379611 0.360924346966 -0.03) (-0.0910456245936 0.363764536706 -0.03) (-0.0897889112561 0.366603564919 -0.03) (-0.088525429679 0.369441477284 -0.03) (-0.0872552106602 0.372278320075 -0.03) (-0.0859782840645 0.375114140156 -0.03) (-0.084694678823 0.377948984972 -0.03) (-0.0834044229334 0.380782902543 -0.03) (-0.0821075434594 0.383615941461 -0.03) (-0.0808040665312 0.386448150879 -0.03) (-0.0794940173455 0.389279580511 -0.03) (-0.0781774201666 0.392110280622 -0.03) (-0.0768542983261 0.394940302023 -0.03) (-0.0755246742243 0.397769696071 -0.03) (-0.0741885693308 0.400598514656 -0.03) (-0.0728460041852 0.403426810206 -0.03) (-0.0714969983987 0.406254635673 -0.03) (-0.0701415706545 0.409082044534 -0.03) (-0.0687797387096 0.411909090789 -0.03))
    polyLine 23 27 ((-0.0972265245319 0.34955108038 0) (-0.0960041469682 0.352396360868 0) (-0.0947748332061 0.355240303207 0) (-0.0935386186962 0.358082950622 0) (-0.0922955379611 0.360924346966 0) (-0.0910456245936 0.363764536706 0) (-0.0897889112561 0.366603564919 0) (-0.088525429679 0.369441477284 0) (-0.0872552106602 0.372278320075 0) (-0.0859782840645 0.375114140156 0) (-0.084694678823 0.377948984972 0) (-0.0834044229334 0.380782902543 0) (-0.0821075434594 0.383615941461 0) (-0.0808040665312 0.386448150879 0) (-0.0794940173455 0.389279580511 0) (-0.0781774201666 0.392110280622 0) (-0.0768542983261 0.394940302023 0) (-0.0755246742243 0.397769696071 0) (-0.0741885693308 0.400598514656 0) (-0.0728460041852 0.403426810206 0) (-0.0714969983987 0.406254635673 0) (-0.0701415706545 0.409082044534 0) (-0.0687797387096 0.411909090789 0))
    polyLine 24 28 ((0.137745740068 0.281622943257 -0.03) (0.138491027762 0.282218493221 -0.03) (0.139236315455 0.282814043185 -0.03) (0.139981603149 0.283409593148 -0.03) (0.140726890843 0.284005143112 -0.03) (0.141472178536 0.284600693076 -0.03) (0.14221746623 0.28519624304 -0.03) (0.142962753923 0.285791793004 -0.03) (0.143708041617 0.286387342967 -0.03) (0.144453329311 0.286982892931 -0.03) (0.145198617004 0.287578442895 -0.03) (0.145943904698 0.288173992859 -0.03) (0.146689192391 0.288769542823 -0.03) (0.147434480085 0.289365092787 -0.03) (0.148179767779 0.28996064275 -0.03) (0.148925055472 0.290556192714 -0.03) (0.149670343166 0.291151742678 -0.03) (0.150415630859 0.291747292642 -0.03) (0.151160918553 0.292342842606 -0.03) (0.151906206247 0.29293839257 -0.03) (0.15265149394 0.293533942533 -0.03) (0.153396781634 0.294129492497 -0.03) (0.154142069327 0.294725042461 -0.03) (0.154887357021 0.295320592425 -0.03) (0.155632644715 0.295916142389 -0.03) (0.156377932408 0.296511692353 -0.03) (0.157123220102 0.297107242316 -0.03) (0.157868507795 0.29770279228 -0.03) (0.158613795489 0.298298342244 -0.03) (0.159359083183 0.298893892208 -0.03) (0.160104370876 0.299489442172 -0.03) (0.16084965857 0.300084992135 -0.03) (0.161594946263 0.300680542099 -0.03) (0.162340233957 0.301276092063 -0.03) (0.163085521651 0.301871642027 -0.03) (0.163830809344 0.302467191991 -0.03) (0.164576097038 0.303062741955 -0.03) (0.165321384731 0.303658291918 -0.03) (0.166066672425 0.304253841882 -0.03) (0.166811960119 0.304849391846 -0.03) (0.167557247812 0.30544494181 -0.03) (0.168302535506 0.306040491774 -0.03) (0.169047823199 0.306636041738 -0.03) (0.169793110893 0.307231591701 -0.03) (0.170538398587 0.307827141665 -0.03) (0.17128368628 0.308422691629 -0.03) (0.172028973974 0.309018241593 -0.03) (0.172774261667 0.309613791557 -0.03) (0.173519549361 0.310209341521 -0.03) (0.174264837055 0.310804891484 -0.03) (0.175010124748 0.311400441448 -0.03) (0.175755412442 0.311995991412 -0.03) (0.176500700135 0.312591541376 -0.03) (0.177245987829 0.31318709134 -0.03) (0.177991275523 0.313782641303 -0.03) (0.178736563216 0.314378191267 -0.03))
    polyLine 26 30 ((0.137745740068 0.281622943257 0) (0.138491027762 0.282218493221 0) (0.139236315455 0.282814043185 0) (0.139981603149 0.283409593148 0) (0.140726890843 0.284005143112 0) (0.141472178536 0.284600693076 0) (0.14221746623 0.28519624304 0) (0.142962753923 0.285791793004 0) (0.143708041617 0.286387342967 0) (0.144453329311 0.286982892931 0) (0.145198617004 0.287578442895 0) (0.145943904698 0.288173992859 0) (0.146689192391 0.288769542823 0) (0.147434480085 0.289365092787 0) (0.148179767779 0.28996064275 0) (0.148925055472 0.290556192714 0) (0.149670343166 0.291151742678 0) (0.150415630859 0.291747292642 0) (0.151160918553 0.292342842606 0) (0.151906206247 0.29293839257 0) (0.15265149394 0.293533942533 0) (0.153396781634 0.294129492497 0) (0.154142069327 0.294725042461 0) (0.154887357021 0.295320592425 0) (0.155632644715 0.295916142389 0) (0.156377932408 0.296511692353 0) (0.157123220102 0.297107242316 0) (0.157868507795 0.29770279228 0) (0.158613795489 0.298298342244 0) (0.159359083183 0.298893892208 0) (0.160104370876 0.299489442172 0) (0.16084965857 0.300084992135 0) (0.161594946263 0.300680542099 0) (0.162340233957 0.301276092063 0) (0.163085521651 0.301871642027 0) (0.163830809344 0.302467191991 0) (0.164576097038 0.303062741955 0) (0.165321384731 0.303658291918 0) (0.166066672425 0.304253841882 0) (0.166811960119 0.304849391846 0) (0.167557247812 0.30544494181 0) (0.168302535506 0.306040491774 0) (0.169047823199 0.306636041738 0) (0.169793110893 0.307231591701 0) (0.170538398587 0.307827141665 0) (0.17128368628 0.308422691629 0) (0.172028973974 0.309018241593 0) (0.172774261667 0.309613791557 0) (0.173519549361 0.310209341521 0) (0.174264837055 0.310804891484 0) (0.175010124748 0.311400441448 0) (0.175755412442 0.311995991412 0) (0.176500700135 0.312591541376 0) (0.177245987829 0.31318709134 0) (0.177991275523 0.313782641303 0) (0.178736563216 0.314378191267 0))
    polyLine 25 29 ((-0.0659795011059 0.417680110056 -0.03) (-0.064540586105 0.42062417935 -0.03) (-0.0630947902258 0.423568100218 -0.03) (-0.0616421282183 0.426511936633 -0.03) (-0.0601826137519 0.429455753158 -0.03) (-0.0587162594175 0.432399614944 -0.03) (-0.057243076729 0.435343587723 -0.03) (-0.0557630761255 0.438287737807 -0.03) (-0.0542762669734 0.44123213209 -0.03) (-0.052782657568 0.444176838039 -0.03) (-0.0512822551355 0.447121923697 -0.03) (-0.0497750658352 0.45006745768 -0.03) (-0.048261094761 0.453013509177 -0.03) (-0.0467403459434 0.455960147948 -0.03) (-0.0452128223515 0.458907444321 -0.03) (-0.0436785258944 0.461855469198 -0.03) (-0.042137457423 0.464804294047 -0.03) (-0.0405896167319 0.467753990909 -0.03) (-0.0390350025606 0.470704632393 -0.03) (-0.0374736125952 0.473656291682 -0.03) (-0.0359054434697 0.476609042527 -0.03) (-0.0343304907673 0.479562959256 -0.03) (-0.0327487490219 0.482518116769 -0.03))
    polyLine 27 31 ((-0.0659795011059 0.417680110056 0) (-0.064540586105 0.42062417935 0) (-0.0630947902258 0.423568100218 0) (-0.0616421282183 0.426511936633 0) (-0.0601826137519 0.429455753158 0) (-0.0587162594175 0.432399614944 0) (-0.057243076729 0.435343587723 0) (-0.0557630761255 0.438287737807 0) (-0.0542762669734 0.44123213209 0) (-0.052782657568 0.444176838039 0) (-0.0512822551355 0.447121923697 0) (-0.0497750658352 0.45006745768 0) (-0.048261094761 0.453013509177 0) (-0.0467403459434 0.455960147948 0) (-0.0452128223515 0.458907444321 0) (-0.0436785258944 0.461855469198 0) (-0.042137457423 0.464804294047 0) (-0.0405896167319 0.467753990909 0) (-0.0390350025606 0.470704632393 0) (-0.0374736125952 0.473656291682 0) (-0.0359054434697 0.476609042527 0) (-0.0343304907673 0.479562959256 0) (-0.0327487490219 0.482518116769 0))
    polyLine 28 32 ((0.17948185091 0.314973741231 -0.03) (0.180227138603 0.315569291195 -0.03) (0.180972426297 0.316164841159 -0.03) (0.181717713991 0.316760391123 -0.03) (0.182463001684 0.317355941086 -0.03) (0.183208289378 0.31795149105 -0.03) (0.183953577071 0.318547041014 -0.03) (0.184698864765 0.319142590978 -0.03) (0.185444152459 0.319738140942 -0.03) (0.186189440152 0.320333690906 -0.03) (0.186934727846 0.320929240869 -0.03) (0.187680015539 0.321524790833 -0.03) (0.188425303233 0.322120340797 -0.03) (0.189170590927 0.322715890761 -0.03) (0.18991587862 0.323311440725 -0.03) (0.190661166314 0.323906990689 -0.03) (0.191406454007 0.324502540652 -0.03) (0.192151741701 0.325098090616 -0.03) (0.192897029395 0.32569364058 -0.03) (0.193642317088 0.326289190544 -0.03) (0.194387604782 0.326884740508 -0.03) (0.195132892475 0.327480290471 -0.03) (0.195878180169 0.328075840435 -0.03) (0.196623467863 0.328671390399 -0.03) (0.197368755556 0.329266940363 -0.03) (0.19811404325 0.329862490327 -0.03) (0.198859330943 0.330458040291 -0.03) (0.199604618637 0.331053590254 -0.03) (0.200349906331 0.331649140218 -0.03) (0.201095194024 0.332244690182 -0.03) (0.201840481718 0.332840240146 -0.03) (0.202585769411 0.33343579011 -0.03) (0.203331057105 0.334031340074 -0.03) (0.204076344799 0.334626890037 -0.03) (0.204821632492 0.335222440001 -0.03) (0.205566920186 0.335817989965 -0.03) (0.206312207879 0.336413539929 -0.03) (0.207057495573 0.337009089893 -0.03) (0.207802783267 0.337604639857 -0.03) (0.20854807096 0.33820018982 -0.03) (0.209293358654 0.338795739784 -0.03) (0.210038646347 0.339391289748 -0.03) (0.210783934041 0.339986839712 -0.03) (0.211529221735 0.340582389676 -0.03) (0.212274509428 0.34117793964 -0.03) (0.213019797122 0.341773489603 -0.03) (0.213765084815 0.342369039567 -0.03) (0.214510372509 0.342964589531 -0.03) (0.215255660203 0.343560139495 -0.03) (0.216000947896 0.344155689459 -0.03) (0.21674623559 0.344751239422 -0.03) (0.217491523283 0.345346789386 -0.03) (0.218236810977 0.34594233935 -0.03) (0.218982098671 0.346537889314 -0.03) (0.219727386364 0.347133439278 -0.03) (0.220472674058 0.347728989242 -0.03) (0.221217961751 0.348324539205 -0.03))
    polyLine 30 34 ((0.17948185091 0.314973741231 0) (0.180227138603 0.315569291195 0) (0.180972426297 0.316164841159 0) (0.181717713991 0.316760391123 0) (0.182463001684 0.317355941086 0) (0.183208289378 0.31795149105 0) (0.183953577071 0.318547041014 0) (0.184698864765 0.319142590978 0) (0.185444152459 0.319738140942 0) (0.186189440152 0.320333690906 0) (0.186934727846 0.320929240869 0) (0.187680015539 0.321524790833 0) (0.188425303233 0.322120340797 0) (0.189170590927 0.322715890761 0) (0.18991587862 0.323311440725 0) (0.190661166314 0.323906990689 0) (0.191406454007 0.324502540652 0) (0.192151741701 0.325098090616 0) (0.192897029395 0.32569364058 0) (0.193642317088 0.326289190544 0) (0.194387604782 0.326884740508 0) (0.195132892475 0.327480290471 0) (0.195878180169 0.328075840435 0) (0.196623467863 0.328671390399 0) (0.197368755556 0.329266940363 0) (0.19811404325 0.329862490327 0) (0.198859330943 0.330458040291 0) (0.199604618637 0.331053590254 0) (0.200349906331 0.331649140218 0) (0.201095194024 0.332244690182 0) (0.201840481718 0.332840240146 0) (0.202585769411 0.33343579011 0) (0.203331057105 0.334031340074 0) (0.204076344799 0.334626890037 0) (0.204821632492 0.335222440001 0) (0.205566920186 0.335817989965 0) (0.206312207879 0.336413539929 0) (0.207057495573 0.337009089893 0) (0.207802783267 0.337604639857 0) (0.20854807096 0.33820018982 0) (0.209293358654 0.338795739784 0) (0.210038646347 0.339391289748 0) (0.210783934041 0.339986839712 0) (0.211529221735 0.340582389676 0) (0.212274509428 0.34117793964 0) (0.213019797122 0.341773489603 0) (0.213765084815 0.342369039567 0) (0.214510372509 0.342964589531 0) (0.215255660203 0.343560139495 0) (0.216000947896 0.344155689459 0) (0.21674623559 0.344751239422 0) (0.217491523283 0.345346789386 0) (0.218236810977 0.34594233935 0) (0.218982098671 0.346537889314 0) (0.219727386364 0.347133439278 0) (0.220472674058 0.347728989242 0) (0.221217961751 0.348324539205 0))
    polyLine 29 33 ((-0.029490010207 0.488570980045 -0.03) (-0.027812343702 0.491668983224 -0.03) (-0.0261272010449 0.494768688705 -0.03) (-0.0244345698216 0.497870185816 -0.03) (-0.0227344363639 0.500973564595 -0.03) (-0.0210267857498 0.504078915788 -0.03) (-0.0193116018039 0.507186330857 -0.03) (-0.0175888670972 0.510295901985 -0.03) (-0.0158585629474 0.513407722079 -0.03) (-0.0141206694182 0.516521884777 -0.03) (-0.0123751653192 0.519638484454 -0.03) (-0.010622028205 0.522757616224 -0.03) (-0.00886123437409 0.525879375954 -0.03) (-0.00709275886798 0.529003860263 -0.03) (-0.00531657546963 0.532131166535 -0.03) (-0.0035326567019 0.535261392921 -0.03) (-0.00174097382564 0.538394638351 -0.03) (5.85031624354e-05 0.541531002542 -0.03) (0.00186580553208 0.544670586002 -0.03) (0.00368096582219 0.547813490045 -0.03) (0.00550401784368 0.550959816794 -0.03) (0.00733499668264 0.554109669195 -0.03) (0.00917393870378 0.557263151025 -0.03))
    polyLine 31 35 ((-0.029490010207 0.488570980045 0) (-0.027812343702 0.491668983224 0) (-0.0261272010449 0.494768688705 0) (-0.0244345698216 0.497870185816 0) (-0.0227344363639 0.500973564595 0) (-0.0210267857498 0.504078915788 0) (-0.0193116018039 0.507186330857 0) (-0.0175888670972 0.510295901985 0) (-0.0158585629474 0.513407722079 0) (-0.0141206694182 0.516521884777 0) (-0.0123751653192 0.519638484454 0) (-0.010622028205 0.522757616224 0) (-0.00886123437409 0.525879375954 0) (-0.00709275886798 0.529003860263 0) (-0.00531657546963 0.532131166535 0) (-0.0035326567019 0.535261392921 0) (-0.00174097382564 0.538394638351 0) (5.85031624354e-05 0.541531002542 0) (0.00186580553208 0.544670586002 0) (0.00368096582219 0.547813490045 0) (0.00550401784368 0.550959816794 0) (0.00733499668264 0.554109669195 0) (0.00917393870378 0.557263151025 0))
    polyLine 32 36 ((0.221963249445 0.348920089169 -0.03) (0.222708537139 0.349515639133 -0.03) (0.223453824832 0.350111189097 -0.03) (0.224199112526 0.350706739061 -0.03) (0.224944400219 0.351302289025 -0.03) (0.225689687913 0.351897838988 -0.03) (0.226434975607 0.352493388952 -0.03) (0.2271802633 0.353088938916 -0.03) (0.227925550994 0.35368448888 -0.03) (0.228670838687 0.354280038844 -0.03) (0.229416126381 0.354875588808 -0.03) (0.230161414075 0.355471138771 -0.03) (0.230906701768 0.356066688735 -0.03) (0.231651989462 0.356662238699 -0.03) (0.232397277155 0.357257788663 -0.03) (0.233142564849 0.357853338627 -0.03) (0.233887852543 0.35844888859 -0.03) (0.234633140236 0.359044438554 -0.03) (0.23537842793 0.359639988518 -0.03) (0.236123715623 0.360235538482 -0.03) (0.236869003317 0.360831088446 -0.03) (0.237614291011 0.36142663841 -0.03) (0.238359578704 0.362022188373 -0.03) (0.239104866398 0.362617738337 -0.03) (0.239850154091 0.363213288301 -0.03) (0.240595441785 0.363808838265 -0.03) (0.241340729479 0.364404388229 -0.03) (0.242086017172 0.364999938193 -0.03) (0.242831304866 0.365595488156 -0.03) (0.243576592559 0.36619103812 -0.03) (0.244321880253 0.366786588084 -0.03) (0.245067167947 0.367382138048 -0.03) (0.24581245564 0.367977688012 -0.03) (0.246557743334 0.368573237976 -0.03) (0.247303031027 0.369168787939 -0.03) (0.248048318721 0.369764337903 -0.03) (0.248793606415 0.370359887867 -0.03) (0.249538894108 0.370955437831 -0.03) (0.250284181802 0.371550987795 -0.03) (0.251029469495 0.372146537758 -0.03) (0.251774757189 0.372742087722 -0.03) (0.252520044883 0.373337637686 -0.03) (0.253265332576 0.37393318765 -0.03) (0.25401062027 0.374528737614 -0.03) (0.254755907963 0.375124287578 -0.03) (0.255501195657 0.375719837541 -0.03) (0.256246483351 0.376315387505 -0.03) (0.256991771044 0.376910937469 -0.03) (0.257737058738 0.377506487433 -0.03) (0.258482346431 0.378102037397 -0.03) (0.259227634125 0.378697587361 -0.03) (0.259972921819 0.379293137324 -0.03) (0.260718209512 0.379888687288 -0.03) (0.261463497206 0.380484237252 -0.03) (0.262208784899 0.381079787216 -0.03) (0.262954072593 0.38167533718 -0.03))
    polyLine 34 38 ((0.221963249445 0.348920089169 0) (0.222708537139 0.349515639133 0) (0.223453824832 0.350111189097 0) (0.224199112526 0.350706739061 0) (0.224944400219 0.351302289025 0) (0.225689687913 0.351897838988 0) (0.226434975607 0.352493388952 0) (0.2271802633 0.353088938916 0) (0.227925550994 0.35368448888 0) (0.228670838687 0.354280038844 0) (0.229416126381 0.354875588808 0) (0.230161414075 0.355471138771 0) (0.230906701768 0.356066688735 0) (0.231651989462 0.356662238699 0) (0.232397277155 0.357257788663 0) (0.233142564849 0.357853338627 0) (0.233887852543 0.35844888859 0) (0.234633140236 0.359044438554 0) (0.23537842793 0.359639988518 0) (0.236123715623 0.360235538482 0) (0.236869003317 0.360831088446 0) (0.237614291011 0.36142663841 0) (0.238359578704 0.362022188373 0) (0.239104866398 0.362617738337 0) (0.239850154091 0.363213288301 0) (0.240595441785 0.363808838265 0) (0.241340729479 0.364404388229 0) (0.242086017172 0.364999938193 0) (0.242831304866 0.365595488156 0) (0.243576592559 0.36619103812 0) (0.244321880253 0.366786588084 0) (0.245067167947 0.367382138048 0) (0.24581245564 0.367977688012 0) (0.246557743334 0.368573237976 0) (0.247303031027 0.369168787939 0) (0.248048318721 0.369764337903 0) (0.248793606415 0.370359887867 0) (0.249538894108 0.370955437831 0) (0.250284181802 0.371550987795 0) (0.251029469495 0.372146537758 0) (0.251774757189 0.372742087722 0) (0.252520044883 0.373337637686 0) (0.253265332576 0.37393318765 0) (0.25401062027 0.374528737614 0) (0.254755907963 0.375124287578 0) (0.255501195657 0.375719837541 0) (0.256246483351 0.376315387505 0) (0.256991771044 0.376910937469 0) (0.257737058738 0.377506487433 0) (0.258482346431 0.378102037397 0) (0.259227634125 0.378697587361 0) (0.259972921819 0.379293137324 0) (0.260718209512 0.379888687288 0) (0.261463497206 0.380484237252 0) (0.262208784899 0.381079787216 0) (0.262954072593 0.38167533718 0))
    polyLine 33 37 ((0.0129198653939 0.563656285155 -0.03) (0.0148273172383 0.566896340899 -0.03) (0.0167432816744 0.570140649166 -0.03) (0.0186678047172 0.573389325963 -0.03) (0.0206009338154 0.57664248828 -0.03) (0.0225427178578 0.579900254111 -0.03) (0.0244932071798 0.58316274246 -0.03) (0.0264524535702 0.586430073363 -0.03) (0.0284205102788 0.589702367898 -0.03) (0.0303974320239 0.592979748203 -0.03) (0.0323832750007 0.596262337493 -0.03) (0.0343780968894 0.599550260072 -0.03) (0.0363819568645 0.602843641354 -0.03) (0.0383949156039 0.60614260788 -0.03) (0.0404170352987 0.609447287334 -0.03) (0.0424483796634 0.612757808561 -0.03) (0.0444890139465 0.616074301587 -0.03) (0.0465390049415 0.61939689764 -0.03) (0.0485984209986 0.622725729165 -0.03) (0.0506673320361 0.626060929847 -0.03) (0.0527458095535 0.629402634633 -0.03) (0.0548339266439 0.632750979749 -0.03) (0.0569317580077 0.636106102727 -0.03))
    polyLine 35 39 ((0.0129198653939 0.563656285155 0) (0.0148273172383 0.566896340899 0) (0.0167432816744 0.570140649166 0) (0.0186678047172 0.573389325963 0) (0.0206009338154 0.57664248828 0) (0.0225427178578 0.579900254111 0) (0.0244932071798 0.58316274246 0) (0.0264524535702 0.586430073363 0) (0.0284205102788 0.589702367898 0) (0.0303974320239 0.592979748203 0) (0.0323832750007 0.596262337493 0) (0.0343780968894 0.599550260072 0) (0.0363819568645 0.602843641354 0) (0.0383949156039 0.60614260788 0) (0.0404170352987 0.609447287334 0) (0.0424483796634 0.612757808561 0) (0.0444890139465 0.616074301587 0) (0.0465390049415 0.61939689764 0) (0.0485984209986 0.622725729165 0) (0.0506673320361 0.626060929847 0) (0.0527458095535 0.629402634633 0) (0.0548339266439 0.632750979749 0) (0.0569317580077 0.636106102727 0))
    polyLine 36 40 ((0.263699360287 0.382270887144 -0.03) (0.26444464798 0.382866437107 -0.03) (0.265189935674 0.383461987071 -0.03) (0.265935223367 0.384057537035 -0.03) (0.266680511061 0.384653086999 -0.03) (0.267425798755 0.385248636963 -0.03) (0.268171086448 0.385844186926 -0.03) (0.268916374142 0.38643973689 -0.03) (0.269661661835 0.387035286854 -0.03) (0.270406949529 0.387630836818 -0.03) (0.271152237223 0.388226386782 -0.03) (0.271897524916 0.388821936746 -0.03) (0.27264281261 0.389417486709 -0.03) (0.273388100303 0.390013036673 -0.03) (0.274133387997 0.390608586637 -0.03) (0.274878675691 0.391204136601 -0.03) (0.275623963384 0.391799686565 -0.03) (0.276369251078 0.392395236529 -0.03) (0.277114538771 0.392990786492 -0.03) (0.277859826465 0.393586336456 -0.03) (0.278605114159 0.39418188642 -0.03) (0.279350401852 0.394777436384 -0.03) (0.280095689546 0.395372986348 -0.03) (0.280840977239 0.395968536312 -0.03) (0.281586264933 0.396564086275 -0.03) (0.282331552627 0.397159636239 -0.03) (0.28307684032 0.397755186203 -0.03) (0.283822128014 0.398350736167 -0.03) (0.284567415707 0.398946286131 -0.03) (0.285312703401 0.399541836095 -0.03) (0.286057991095 0.400137386058 -0.03) (0.286803278788 0.400732936022 -0.03) (0.287548566482 0.401328485986 -0.03) (0.288293854175 0.40192403595 -0.03) (0.289039141869 0.402519585914 -0.03) (0.289784429563 0.403115135877 -0.03) (0.290529717256 0.403710685841 -0.03) (0.29127500495 0.404306235805 -0.03) (0.292020292643 0.404901785769 -0.03) (0.292765580337 0.405497335733 -0.03) (0.293510868031 0.406092885697 -0.03) (0.294256155724 0.40668843566 -0.03) (0.295001443418 0.407283985624 -0.03) (0.295746731111 0.407879535588 -0.03) (0.296492018805 0.408475085552 -0.03) (0.297237306499 0.409070635516 -0.03) (0.297982594192 0.40966618548 -0.03) (0.298727881886 0.410261735443 -0.03) (0.299473169579 0.410857285407 -0.03) (0.300218457273 0.411452835371 -0.03) (0.300963744967 0.412048385335 -0.03) (0.30170903266 0.412643935299 -0.03) (0.302454320354 0.413239485263 -0.03) (0.303199608047 0.413835035226 -0.03) (0.303944895741 0.41443058519 -0.03) (0.304690183435 0.415026135154 -0.03) (0.305435471128 0.415621685118 -0.03))
    polyLine 38 42 ((0.263699360287 0.382270887144 0) (0.26444464798 0.382866437107 0) (0.265189935674 0.383461987071 0) (0.265935223367 0.384057537035 0) (0.266680511061 0.384653086999 0) (0.267425798755 0.385248636963 0) (0.268171086448 0.385844186926 0) (0.268916374142 0.38643973689 0) (0.269661661835 0.387035286854 0) (0.270406949529 0.387630836818 0) (0.271152237223 0.388226386782 0) (0.271897524916 0.388821936746 0) (0.27264281261 0.389417486709 0) (0.273388100303 0.390013036673 0) (0.274133387997 0.390608586637 0) (0.274878675691 0.391204136601 0) (0.275623963384 0.391799686565 0) (0.276369251078 0.392395236529 0) (0.277114538771 0.392990786492 0) (0.277859826465 0.393586336456 0) (0.278605114159 0.39418188642 0) (0.279350401852 0.394777436384 0) (0.280095689546 0.395372986348 0) (0.280840977239 0.395968536312 0) (0.281586264933 0.396564086275 0) (0.282331552627 0.397159636239 0) (0.28307684032 0.397755186203 0) (0.283822128014 0.398350736167 0) (0.284567415707 0.398946286131 0) (0.285312703401 0.399541836095 0) (0.286057991095 0.400137386058 0) (0.286803278788 0.400732936022 0) (0.287548566482 0.401328485986 0) (0.288293854175 0.40192403595 0) (0.289039141869 0.402519585914 0) (0.289784429563 0.403115135877 0) (0.290529717256 0.403710685841 0) (0.29127500495 0.404306235805 0) (0.292020292643 0.404901785769 0) (0.292765580337 0.405497335733 0) (0.293510868031 0.406092885697 0) (0.294256155724 0.40668843566 0) (0.295001443418 0.407283985624 0) (0.295746731111 0.407879535588 0) (0.296492018805 0.408475085552 0) (0.297237306499 0.409070635516 0) (0.297982594192 0.40966618548 0) (0.298727881886 0.410261735443 0) (0.299473169579 0.410857285407 0) (0.300218457273 0.411452835371 0) (0.300963744967 0.412048385335 0) (0.30170903266 0.412643935299 0) (0.302454320354 0.413239485263 0) (0.303199608047 0.413835035226 0) (0.303944895741 0.41443058519 0) (0.304690183435 0.415026135154 0) (0.305435471128 0.415621685118 0))
    polyLine 37 41 ((0.0611556403474 0.642835284308 -0.03) (0.0632818373118 0.646209616265 -0.03) (0.0654180519886 0.649591281016 -0.03) (0.0675643671849 0.652980422695 -0.03) (0.0697208674015 0.656377186883 -0.03) (0.0718876388501 0.659781720621 -0.03) (0.0740647694705 0.663194172449 -0.03) (0.0762523489491 0.66661469242 -0.03) (0.0784504687366 0.670043432138 -0.03) (0.0806592220682 0.673480544779 -0.03) (0.0828787039826 0.67692618512 -0.03) (0.0851090113428 0.680380509574 -0.03) (0.0873502428568 0.683843676212 -0.03) (0.0896024990996 0.687315844798 -0.03) (0.0918658825349 0.690797176819 -0.03) (0.0941404975387 0.694287835517 -0.03) (0.096426450422 0.697787985921 -0.03) (0.0987238494561 0.701297794881 -0.03) (0.101032804897 0.704817431101 -0.03) (0.103353429009 0.708347065176 -0.03) (0.105685836098 0.711886869625 -0.03) (0.108030142528 0.715437018928 -0.03) (0.110386466759 0.718997689563 -0.03))
    polyLine 39 43 ((0.0611556403474 0.642835284308 0) (0.0632818373118 0.646209616265 0) (0.0654180519886 0.649591281016 0) (0.0675643671849 0.652980422695 0) (0.0697208674015 0.656377186883 0) (0.0718876388501 0.659781720621 0) (0.0740647694705 0.663194172449 0) (0.0762523489491 0.66661469242 0) (0.0784504687366 0.670043432138 0) (0.0806592220682 0.673480544779 0) (0.0828787039826 0.67692618512 0) (0.0851090113428 0.680380509574 0) (0.0873502428568 0.683843676212 0) (0.0896024990996 0.687315844798 0) (0.0918658825349 0.690797176819 0) (0.0941404975387 0.694287835517 0) (0.096426450422 0.697787985921 0) (0.0987238494561 0.701297794881 0) (0.101032804897 0.704817431101 0) (0.103353429009 0.708347065176 0) (0.105685836098 0.711886869625 0) (0.108030142528 0.715437018928 0) (0.110386466759 0.718997689563 0))
    polyLine 40 44 ((0.306180758822 0.416217235082 -0.03) (0.306926046515 0.416812785045 -0.03) (0.307671334209 0.417408335009 -0.03) (0.308416621903 0.418003884973 -0.03) (0.309161909596 0.418599434937 -0.03) (0.30990719729 0.419194984901 -0.03) (0.310652484983 0.419790534865 -0.03) (0.311397772677 0.420386084828 -0.03) (0.312143060371 0.420981634792 -0.03) (0.312888348064 0.421577184756 -0.03) (0.313633635758 0.42217273472 -0.03) (0.314378923451 0.422768284684 -0.03) (0.315124211145 0.423363834648 -0.03) (0.315869498839 0.423959384611 -0.03) (0.316614786532 0.424554934575 -0.03) (0.317360074226 0.425150484539 -0.03) (0.318105361919 0.425746034503 -0.03) (0.318850649613 0.426341584467 -0.03) (0.319595937307 0.426937134431 -0.03) (0.320341225 0.427532684394 -0.03) (0.321086512694 0.428128234358 -0.03) (0.321831800387 0.428723784322 -0.03) (0.322577088081 0.429319334286 -0.03) (0.323322375775 0.42991488425 -0.03) (0.324067663468 0.430510434213 -0.03) (0.324812951162 0.431105984177 -0.03) (0.325558238855 0.431701534141 -0.03) (0.326303526549 0.432297084105 -0.03) (0.327048814243 0.432892634069 -0.03) (0.327794101936 0.433488184033 -0.03) (0.32853938963 0.434083733996 -0.03) (0.329284677323 0.43467928396 -0.03) (0.330029965017 0.435274833924 -0.03) (0.330775252711 0.435870383888 -0.03) (0.331520540404 0.436465933852 -0.03) (0.332265828098 0.437061483816 -0.03) (0.333011115791 0.437657033779 -0.03) (0.333756403485 0.438252583743 -0.03) (0.334501691179 0.438848133707 -0.03) (0.335246978872 0.439443683671 -0.03) (0.335992266566 0.440039233635 -0.03) (0.336737554259 0.440634783599 -0.03) (0.337482841953 0.441230333562 -0.03) (0.338228129647 0.441825883526 -0.03) (0.33897341734 0.44242143349 -0.03) (0.339718705034 0.443016983454 -0.03) (0.340463992727 0.443612533418 -0.03) (0.341209280421 0.444208083381 -0.03) (0.341954568115 0.444803633345 -0.03) (0.342699855808 0.445399183309 -0.03) (0.343445143502 0.445994733273 -0.03) (0.344190431195 0.446590283237 -0.03) (0.344935718889 0.447185833201 -0.03) (0.345681006583 0.447781383164 -0.03) (0.346426294276 0.448376933128 -0.03) (0.34717158197 0.448972483092 -0.03))
    polyLine 42 46 ((0.306180758822 0.416217235082 0) (0.306926046515 0.416812785045 0) (0.307671334209 0.417408335009 0) (0.308416621903 0.418003884973 0) (0.309161909596 0.418599434937 0) (0.30990719729 0.419194984901 0) (0.310652484983 0.419790534865 0) (0.311397772677 0.420386084828 0) (0.312143060371 0.420981634792 0) (0.312888348064 0.421577184756 0) (0.313633635758 0.42217273472 0) (0.314378923451 0.422768284684 0) (0.315124211145 0.423363834648 0) (0.315869498839 0.423959384611 0) (0.316614786532 0.424554934575 0) (0.317360074226 0.425150484539 0) (0.318105361919 0.425746034503 0) (0.318850649613 0.426341584467 0) (0.319595937307 0.426937134431 0) (0.320341225 0.427532684394 0) (0.321086512694 0.428128234358 0) (0.321831800387 0.428723784322 0) (0.322577088081 0.429319334286 0) (0.323322375775 0.42991488425 0) (0.324067663468 0.430510434213 0) (0.324812951162 0.431105984177 0) (0.325558238855 0.431701534141 0) (0.326303526549 0.432297084105 0) (0.327048814243 0.432892634069 0) (0.327794101936 0.433488184033 0) (0.32853938963 0.434083733996 0) (0.329284677323 0.43467928396 0) (0.330029965017 0.435274833924 0) (0.330775252711 0.435870383888 0) (0.331520540404 0.436465933852 0) (0.332265828098 0.437061483816 0) (0.333011115791 0.437657033779 0) (0.333756403485 0.438252583743 0) (0.334501691179 0.438848133707 0) (0.335246978872 0.439443683671 0) (0.335992266566 0.440039233635 0) (0.336737554259 0.440634783599 0) (0.337482841953 0.441230333562 0) (0.338228129647 0.441825883526 0) (0.33897341734 0.44242143349 0) (0.339718705034 0.443016983454 0) (0.340463992727 0.443612533418 0) (0.341209280421 0.444208083381 0) (0.341954568115 0.444803633345 0) (0.342699855808 0.445399183309 0) (0.343445143502 0.445994733273 0) (0.344190431195 0.446590283237 0) (0.344935718889 0.447185833201 0) (0.345681006583 0.447781383164 0) (0.346426294276 0.448376933128 0) (0.34717158197 0.448972483092 0))
    polyLine 41 45 ((0.115077863187 0.726064444541 -0.03) (0.117412587568 0.72957035868 -0.03) (0.119759220546 0.733086974146 -0.03) (0.122117882184 0.736614464609 -0.03) (0.124488694607 0.74015300577 -0.03) (0.126871782031 0.743702775393 -0.03) (0.129267270795 0.747263953348 -0.03) (0.131675289386 0.750836721649 -0.03) (0.13409596848 0.754421264497 -0.03) (0.136529440967 0.758017768319 -0.03) (0.138975841989 0.761626421815 -0.03) (0.141435308974 0.765247415995 -0.03) (0.143907981672 0.768880944231 -0.03) (0.146394002189 0.772527202296 -0.03) (0.148893515025 0.776186388417 -0.03) (0.151406667114 0.779858703317 -0.03) (0.153933607864 0.783544350268 -0.03) (0.156474489193 0.787243535136 -0.03) (0.159029465573 0.790956466437 -0.03) (0.161598694073 0.794683355388 -0.03) (0.1641823344 0.798424415957 -0.03) (0.166780548947 0.802179864922 -0.03) (0.169393502833 0.805949921923 -0.03))
    polyLine 43 47 ((0.115077863187 0.726064444541 0) (0.117412587568 0.72957035868 0) (0.119759220546 0.733086974146 0) (0.122117882184 0.736614464609 0) (0.124488694607 0.74015300577 0) (0.126871782031 0.743702775393 0) (0.129267270795 0.747263953348 0) (0.131675289386 0.750836721649 0) (0.13409596848 0.754421264497 0) (0.136529440967 0.758017768319 0) (0.138975841989 0.761626421815 0) (0.141435308974 0.765247415995 0) (0.143907981672 0.768880944231 0) (0.146394002189 0.772527202296 0) (0.148893515025 0.776186388417 0) (0.151406667114 0.779858703317 0) (0.153933607864 0.783544350268 0) (0.156474489193 0.787243535136 0) (0.159029465573 0.790956466437 0) (0.161598694073 0.794683355388 0) (0.1641823344 0.798424415957 0) (0.166780548947 0.802179864922 0) (0.169393502833 0.805949921923 0))
    polyLine 44 48 ((0.347916869663 0.449568033056 -0.03) (0.348662157357 0.45016358302 -0.03) (0.349407445051 0.450759132984 -0.03) (0.350152732744 0.451354682947 -0.03) (0.350898020438 0.451950232911 -0.03) (0.351643308131 0.452545782875 -0.03) (0.352388595825 0.453141332839 -0.03) (0.353133883519 0.453736882803 -0.03) (0.353879171212 0.454332432767 -0.03) (0.354624458906 0.45492798273 -0.03) (0.355369746599 0.455523532694 -0.03) (0.356115034293 0.456119082658 -0.03) (0.356860321987 0.456714632622 -0.03) (0.35760560968 0.457310182586 -0.03) (0.358350897374 0.45790573255 -0.03) (0.359096185067 0.458501282513 -0.03) (0.359841472761 0.459096832477 -0.03) (0.360586760455 0.459692382441 -0.03) (0.361332048148 0.460287932405 -0.03) (0.362077335842 0.460883482369 -0.03) (0.362822623535 0.461479032332 -0.03) (0.363567911229 0.462074582296 -0.03) (0.364313198923 0.46267013226 -0.03) (0.365058486616 0.463265682224 -0.03) (0.36580377431 0.463861232188 -0.03) (0.366549062003 0.464456782152 -0.03) (0.367294349697 0.465052332115 -0.03) (0.368039637391 0.465647882079 -0.03) (0.368784925084 0.466243432043 -0.03) (0.369530212778 0.466838982007 -0.03) (0.370275500471 0.467434531971 -0.03) (0.371020788165 0.468030081935 -0.03) (0.371766075859 0.468625631898 -0.03) (0.372511363552 0.469221181862 -0.03) (0.373256651246 0.469816731826 -0.03) (0.374001938939 0.47041228179 -0.03) (0.374747226633 0.471007831754 -0.03) (0.375492514327 0.471603381718 -0.03) (0.37623780202 0.472198931681 -0.03) (0.376983089714 0.472794481645 -0.03) (0.377728377407 0.473390031609 -0.03) (0.378473665101 0.473985581573 -0.03) (0.379218952795 0.474581131537 -0.03) (0.379964240488 0.4751766815 -0.03) (0.380709528182 0.475772231464 -0.03) (0.381454815875 0.476367781428 -0.03) (0.382200103569 0.476963331392 -0.03) (0.382945391263 0.477558881356 -0.03) (0.383690678956 0.47815443132 -0.03) (0.38443596665 0.478749981283 -0.03) (0.385181254343 0.479345531247 -0.03) (0.385926542037 0.479941081211 -0.03) (0.386671829731 0.480536631175 -0.03) (0.387417117424 0.481132181139 -0.03) (0.388162405118 0.481727731103 -0.03) (0.388907692811 0.482323281066 -0.03) (0.389652980505 0.48291883103 -0.03))
    polyLine 46 50 ((0.347916869663 0.449568033056 0) (0.348662157357 0.45016358302 0) (0.349407445051 0.450759132984 0) (0.350152732744 0.451354682947 0) (0.350898020438 0.451950232911 0) (0.351643308131 0.452545782875 0) (0.352388595825 0.453141332839 0) (0.353133883519 0.453736882803 0) (0.353879171212 0.454332432767 0) (0.354624458906 0.45492798273 0) (0.355369746599 0.455523532694 0) (0.356115034293 0.456119082658 0) (0.356860321987 0.456714632622 0) (0.35760560968 0.457310182586 0) (0.358350897374 0.45790573255 0) (0.359096185067 0.458501282513 0) (0.359841472761 0.459096832477 0) (0.360586760455 0.459692382441 0) (0.361332048148 0.460287932405 0) (0.362077335842 0.460883482369 0) (0.362822623535 0.461479032332 0) (0.363567911229 0.462074582296 0) (0.364313198923 0.46267013226 0) (0.365058486616 0.463265682224 0) (0.36580377431 0.463861232188 0) (0.366549062003 0.464456782152 0) (0.367294349697 0.465052332115 0) (0.368039637391 0.465647882079 0) (0.368784925084 0.466243432043 0) (0.369530212778 0.466838982007 0) (0.370275500471 0.467434531971 0) (0.371020788165 0.468030081935 0) (0.371766075859 0.468625631898 0) (0.372511363552 0.469221181862 0) (0.373256651246 0.469816731826 0) (0.374001938939 0.47041228179 0) (0.374747226633 0.471007831754 0) (0.375492514327 0.471603381718 0) (0.37623780202 0.472198931681 0) (0.376983089714 0.472794481645 0) (0.377728377407 0.473390031609 0) (0.378473665101 0.473985581573 0) (0.379218952795 0.474581131537 0) (0.379964240488 0.4751766815 0) (0.380709528182 0.475772231464 0) (0.381454815875 0.476367781428 0) (0.382200103569 0.476963331392 0) (0.382945391263 0.477558881356 0) (0.383690678956 0.47815443132 0) (0.38443596665 0.478749981283 0) (0.385181254343 0.479345531247 0) (0.385926542037 0.479941081211 0) (0.386671829731 0.480536631175 0) (0.387417117424 0.481132181139 0) (0.388162405118 0.481727731103 0) (0.388907692811 0.482323281066 0) (0.389652980505 0.48291883103 0))
    polyLine 45 49 ((0.174543226741 0.813360817813 -0.03) (0.177078972048 0.817000736537 -0.03) (0.179628753113 0.82065476686 -0.03) (0.182192725636 0.824323112565 -0.03) (0.184771047822 0.828005980106 -0.03) (0.187363880424 0.831703578654 -0.03) (0.189971386789 0.835416120154 -0.03) (0.192593732896 0.839143819379 -0.03) (0.195231087413 0.842886893981 -0.03) (0.197883621731 0.84664556455 -0.03) (0.200551510025 0.850420054675 -0.03) (0.203234929294 0.854210590996 -0.03) (0.205934059414 0.858017403268 -0.03) (0.208649083193 0.861840724426 -0.03) (0.211380186422 0.865680790641 -0.03) (0.214127557928 0.869537841389 -0.03) (0.216891389629 0.873412119518 -0.03) (0.219671876597 0.877303871312 -0.03) (0.22246921711 0.881213346561 -0.03) (0.225283612714 0.885140798637 -0.03) (0.228115268285 0.889086484557 -0.03) (0.230964392093 0.893050665065 -0.03) (0.233831195863 0.897033604705 -0.03))
    polyLine 47 51 ((0.174543226741 0.813360817813 0) (0.177078972048 0.817000736537 0) (0.179628753113 0.82065476686 0) (0.182192725636 0.824323112565 0) (0.184771047822 0.828005980106 0) (0.187363880424 0.831703578654 0) (0.189971386789 0.835416120154 0) (0.192593732896 0.839143819379 0) (0.195231087413 0.842886893981 0) (0.197883621731 0.84664556455 0) (0.200551510025 0.850420054675 0) (0.203234929294 0.854210590996 0) (0.205934059414 0.858017403268 0) (0.208649083193 0.861840724426 0) (0.211380186422 0.865680790641 0) (0.214127557928 0.869537841389 0) (0.216891389629 0.873412119518 0) (0.219671876597 0.877303871312 0) (0.22246921711 0.881213346561 0) (0.225283612714 0.885140798637 0) (0.228115268285 0.889086484557 0) (0.230964392093 0.893050665065 0) (0.233831195863 0.897033604705 0))
    polyLine 48 52 ((0.390398268199 0.483514380994 -0.03) (0.391143555892 0.484109930958 -0.03) (0.391888843586 0.484705480922 -0.03) (0.392634131279 0.485301030886 -0.03) (0.393379418973 0.485896580849 -0.03) (0.394124706667 0.486492130813 -0.03) (0.39486999436 0.487087680777 -0.03) (0.395615282054 0.487683230741 -0.03) (0.396360569747 0.488278780705 -0.03) (0.397105857441 0.488874330668 -0.03) (0.397851145135 0.489469880632 -0.03) (0.398596432828 0.490065430596 -0.03) (0.399341720522 0.49066098056 -0.03) (0.400087008215 0.491256530524 -0.03) (0.400832295909 0.491852080488 -0.03) (0.401577583603 0.492447630451 -0.03) (0.402322871296 0.493043180415 -0.03) (0.40306815899 0.493638730379 -0.03) (0.403813446683 0.494234280343 -0.03) (0.404558734377 0.494829830307 -0.03) (0.405304022071 0.495425380271 -0.03) (0.406049309764 0.496020930234 -0.03) (0.406794597458 0.496616480198 -0.03) (0.407539885151 0.497212030162 -0.03) (0.408285172845 0.497807580126 -0.03) (0.409030460539 0.49840313009 -0.03) (0.409775748232 0.498998680054 -0.03) (0.410521035926 0.499594230017 -0.03) (0.411266323619 0.500189779981 -0.03) (0.412011611313 0.500785329945 -0.03) (0.412756899007 0.501380879909 -0.03) (0.4135021867 0.501976429873 -0.03) (0.414247474394 0.502571979837 -0.03) (0.414992762087 0.5031675298 -0.03) (0.415738049781 0.503763079764 -0.03) (0.416483337475 0.504358629728 -0.03) (0.417228625168 0.504954179692 -0.03) (0.417973912862 0.505549729656 -0.03) (0.418719200555 0.506145279619 -0.03) (0.419464488249 0.506740829583 -0.03) (0.420209775943 0.507336379547 -0.03) (0.420955063636 0.507931929511 -0.03) (0.42170035133 0.508527479475 -0.03) (0.422445639023 0.509123029439 -0.03) (0.423190926717 0.509718579402 -0.03) (0.423936214411 0.510314129366 -0.03) (0.424681502104 0.51090967933 -0.03) (0.425426789798 0.511505229294 -0.03) (0.426172077491 0.512100779258 -0.03) (0.426917365185 0.512696329222 -0.03) (0.427662652879 0.513291879185 -0.03) (0.428407940572 0.513887429149 -0.03) (0.429153228266 0.514482979113 -0.03) (0.429898515959 0.515078529077 -0.03) (0.430643803653 0.515674079041 -0.03) (0.431389091347 0.516269629005 -0.03) (0.43213437904 0.516865178968 -0.03))
    polyLine 50 54 ((0.390398268199 0.483514380994 0) (0.391143555892 0.484109930958 0) (0.391888843586 0.484705480922 0) (0.392634131279 0.485301030886 0) (0.393379418973 0.485896580849 0) (0.394124706667 0.486492130813 0) (0.39486999436 0.487087680777 0) (0.395615282054 0.487683230741 0) (0.396360569747 0.488278780705 0) (0.397105857441 0.488874330668 0) (0.397851145135 0.489469880632 0) (0.398596432828 0.490065430596 0) (0.399341720522 0.49066098056 0) (0.400087008215 0.491256530524 0) (0.400832295909 0.491852080488 0) (0.401577583603 0.492447630451 0) (0.402322871296 0.493043180415 0) (0.40306815899 0.493638730379 0) (0.403813446683 0.494234280343 0) (0.404558734377 0.494829830307 0) (0.405304022071 0.495425380271 0) (0.406049309764 0.496020930234 0) (0.406794597458 0.496616480198 0) (0.407539885151 0.497212030162 0) (0.408285172845 0.497807580126 0) (0.409030460539 0.49840313009 0) (0.409775748232 0.498998680054 0) (0.410521035926 0.499594230017 0) (0.411266323619 0.500189779981 0) (0.412011611313 0.500785329945 0) (0.412756899007 0.501380879909 0) (0.4135021867 0.501976429873 0) (0.414247474394 0.502571979837 0) (0.414992762087 0.5031675298 0) (0.415738049781 0.503763079764 0) (0.416483337475 0.504358629728 0) (0.417228625168 0.504954179692 0) (0.417973912862 0.505549729656 0) (0.418719200555 0.506145279619 0) (0.419464488249 0.506740829583 0) (0.420209775943 0.507336379547 0) (0.420955063636 0.507931929511 0) (0.42170035133 0.508527479475 0) (0.422445639023 0.509123029439 0) (0.423190926717 0.509718579402 0) (0.423936214411 0.510314129366 0) (0.424681502104 0.51090967933 0) (0.425426789798 0.511505229294 0) (0.426172077491 0.512100779258 0) (0.426917365185 0.512696329222 0) (0.427662652879 0.513291879185 0) (0.428407940572 0.513887429149 0) (0.429153228266 0.514482979113 0) (0.429898515959 0.515078529077 0) (0.430643803653 0.515674079041 0) (0.431389091347 0.516269629005 0) (0.43213437904 0.516865178968 0))
    polyLine 49 53 ((0.2394326115 0.904799213636 -0.03) (0.24216538286 0.90857999341 -0.03) (0.24491439419 0.912378141002 -0.03) (0.247679833669 0.916193889416 -0.03) (0.250461892444 0.920027474938 -0.03) (0.253260764683 0.923879137204 -0.03) (0.256076647632 0.927749119267 -0.03) (0.258909741675 0.931637667657 -0.03) (0.261760250386 0.935545032459 -0.03) (0.264628380597 0.939471467374 -0.03) (0.267514342454 0.943417229798 -0.03) (0.270418349482 0.947382580892 -0.03) (0.273340618652 0.951367785657 -0.03) (0.276281370442 0.955373113012 -0.03) (0.279240828909 0.959398835874 -0.03) (0.282219221758 0.963445231234 -0.03) (0.28521678041 0.967512580246 -0.03) (0.288233740078 0.971601168307 -0.03) (0.291270339842 0.975711285145 -0.03) (0.294326822723 0.979843224907 -0.03) (0.297403435761 0.983997286251 -0.03) (0.3005004301 0.988173772437 -0.03) (0.303618061064 0.992372991426 -0.03))
    polyLine 51 55 ((0.2394326115 0.904799213636 0) (0.24216538286 0.90857999341 0) (0.24491439419 0.912378141002 0) (0.247679833669 0.916193889416 0) (0.250461892444 0.920027474938 0) (0.253260764683 0.923879137204 0) (0.256076647632 0.927749119267 0) (0.258909741675 0.931637667657 0) (0.261760250386 0.935545032459 0) (0.264628380597 0.939471467374 0) (0.267514342454 0.943417229798 0) (0.270418349482 0.947382580892 0) (0.273340618652 0.951367785657 0) (0.276281370442 0.955373113012 0) (0.279240828909 0.959398835874 0) (0.282219221758 0.963445231234 0) (0.28521678041 0.967512580246 0) (0.288233740078 0.971601168307 0) (0.291270339842 0.975711285145 0) (0.294326822723 0.979843224907 0) (0.297403435761 0.983997286251 0) (0.3005004301 0.988173772437 0) (0.303618061064 0.992372991426 0))
    polyLine 52 56 ((0.432879666734 0.517460728932 -0.03) (0.433624954427 0.518056278896 -0.03) (0.434370242121 0.51865182886 -0.03) (0.435115529815 0.519247378824 -0.03) (0.435860817508 0.519842928787 -0.03) (0.436606105202 0.520438478751 -0.03) (0.437351392895 0.521034028715 -0.03) (0.438096680589 0.521629578679 -0.03) (0.438841968283 0.522225128643 -0.03) (0.439587255976 0.522820678607 -0.03) (0.44033254367 0.52341622857 -0.03) (0.441077831363 0.524011778534 -0.03) (0.441823119057 0.524607328498 -0.03) (0.44256840675 0.525202878462 -0.03) (0.443313694444 0.525798428426 -0.03) (0.444058982138 0.52639397839 -0.03) (0.444804269831 0.526989528353 -0.03) (0.445549557525 0.527585078317 -0.03) (0.446294845218 0.528180628281 -0.03) (0.447040132912 0.528776178245 -0.03) (0.447785420606 0.529371728209 -0.03) (0.448530708299 0.529967278173 -0.03) (0.449275995993 0.530562828136 -0.03) (0.450021283686 0.5311583781 -0.03) (0.45076657138 0.531753928064 -0.03) (0.451511859074 0.532349478028 -0.03) (0.452257146767 0.532945027992 -0.03) (0.453002434461 0.533540577955 -0.03) (0.453747722154 0.534136127919 -0.03) (0.454493009848 0.534731677883 -0.03) (0.455238297542 0.535327227847 -0.03) (0.455983585235 0.535922777811 -0.03) (0.456728872929 0.536518327775 -0.03) (0.457474160622 0.537113877738 -0.03) (0.458219448316 0.537709427702 -0.03) (0.45896473601 0.538304977666 -0.03) (0.459710023703 0.53890052763 -0.03) (0.460455311397 0.539496077594 -0.03) (0.46120059909 0.540091627558 -0.03) (0.461945886784 0.540687177521 -0.03) (0.462691174478 0.541282727485 -0.03) (0.463436462171 0.541878277449 -0.03) (0.464181749865 0.542473827413 -0.03) (0.464927037558 0.543069377377 -0.03) (0.465672325252 0.543664927341 -0.03) (0.466417612946 0.544260477304 -0.03) (0.467162900639 0.544856027268 -0.03) (0.467908188333 0.545451577232 -0.03) (0.468653476026 0.546047127196 -0.03) (0.46939876372 0.54664267716 -0.03) (0.470144051414 0.547238227123 -0.03) (0.470889339107 0.547833777087 -0.03) (0.471634626801 0.548429327051 -0.03) (0.472379914494 0.549024877015 -0.03) (0.473125202188 0.549620426979 -0.03) (0.473870489882 0.550215976943 -0.03))
    polyLine 54 58 ((0.432879666734 0.517460728932 0) (0.433624954427 0.518056278896 0) (0.434370242121 0.51865182886 0) (0.435115529815 0.519247378824 0) (0.435860817508 0.519842928787 0) (0.436606105202 0.520438478751 0) (0.437351392895 0.521034028715 0) (0.438096680589 0.521629578679 0) (0.438841968283 0.522225128643 0) (0.439587255976 0.522820678607 0) (0.44033254367 0.52341622857 0) (0.441077831363 0.524011778534 0) (0.441823119057 0.524607328498 0) (0.44256840675 0.525202878462 0) (0.443313694444 0.525798428426 0) (0.444058982138 0.52639397839 0) (0.444804269831 0.526989528353 0) (0.445549557525 0.527585078317 0) (0.446294845218 0.528180628281 0) (0.447040132912 0.528776178245 0) (0.447785420606 0.529371728209 0) (0.448530708299 0.529967278173 0) (0.449275995993 0.530562828136 0) (0.450021283686 0.5311583781 0) (0.45076657138 0.531753928064 0) (0.451511859074 0.532349478028 0) (0.452257146767 0.532945027992 0) (0.453002434461 0.533540577955 0) (0.453747722154 0.534136127919 0) (0.454493009848 0.534731677883 0) (0.455238297542 0.535327227847 0) (0.455983585235 0.535922777811 0) (0.456728872929 0.536518327775 0) (0.457474160622 0.537113877738 0) (0.458219448316 0.537709427702 0) (0.45896473601 0.538304977666 0) (0.459710023703 0.53890052763 0) (0.460455311397 0.539496077594 0) (0.46120059909 0.540091627558 0) (0.461945886784 0.540687177521 0) (0.462691174478 0.541282727485 0) (0.463436462171 0.541878277449 0) (0.464181749865 0.542473827413 0) (0.464927037558 0.543069377377 0) (0.465672325252 0.543664927341 0) (0.466417612946 0.544260477304 0) (0.467162900639 0.544856027268 0) (0.467908188333 0.545451577232 0) (0.468653476026 0.546047127196 0) (0.46939876372 0.54664267716 0) (0.470144051414 0.547238227123 0) (0.470889339107 0.547833777087 0) (0.471634626801 0.548429327051 0) (0.472379914494 0.549024877015 0) (0.473125202188 0.549620426979 0) (0.473870489882 0.550215976943 0))
    polyLine 53 57 ((0.30966770988 1.00050707351 -0.03) (0.312597012779 1.00443898582 -0.03) (0.315544710135 1.00839124894 -0.03) (0.318511018469 1.01236412268 -0.03) (0.321496157691 1.01635787067 -0.03) (0.324500351165 1.02037276041 -0.03) (0.327523825776 1.0244090634 -0.03) (0.330566811997 1.02846705517 -0.03) (0.33362954396 1.03254701538 -0.03) (0.336712259524 1.03664922791 -0.03) (0.339815200351 1.04077398093 -0.03) (0.342938611979 1.04492156698 -0.03) (0.346082743897 1.04909228309 -0.03) (0.349247849625 1.05328643082 -0.03) (0.352434186795 1.0575043164 -0.03) (0.355642017228 1.06174625079 -0.03) (0.358871607025 1.06601254982 -0.03) (0.362123226645 1.07030353421 -0.03) (0.365397151002 1.07461952976 -0.03) (0.368693659546 1.07896086741 -0.03) (0.372013036363 1.08332788333 -0.03) (0.375355570265 1.08772091907 -0.03) (0.378721554892 1.09214032163 -0.03))
    polyLine 55 59 ((0.30966770988 1.00050707351 0) (0.312597012779 1.00443898582 0) (0.315544710135 1.00839124894 0) (0.318511018469 1.01236412268 0) (0.321496157691 1.01635787067 0) (0.324500351165 1.02037276041 0) (0.327523825776 1.0244090634 0) (0.330566811997 1.02846705517 0) (0.33362954396 1.03254701538 0) (0.336712259524 1.03664922791 0) (0.339815200351 1.04077398093 0) (0.342938611979 1.04492156698 0) (0.346082743897 1.04909228309 0) (0.349247849625 1.05328643082 0) (0.352434186795 1.0575043164 0) (0.355642017228 1.06174625079 0) (0.358871607025 1.06601254982 0) (0.362123226645 1.07030353421 0) (0.365397151002 1.07461952976 0) (0.368693659546 1.07896086741 0) (0.372013036363 1.08332788333 0) (0.375355570265 1.08772091907 0) (0.378721554892 1.09214032163 0))
    polyLine 56 60 ((0.474615777575 0.550811526906 -0.03) (0.475361065269 0.55140707687 -0.03) (0.476106352962 0.552002626834 -0.03) (0.476851640656 0.552598176798 -0.03) (0.47759692835 0.553193726762 -0.03) (0.478342216043 0.553789276726 -0.03) (0.479087503737 0.554384826689 -0.03) (0.47983279143 0.554980376653 -0.03) (0.480578079124 0.555575926617 -0.03) (0.481323366818 0.556171476581 -0.03) (0.482068654511 0.556767026545 -0.03) (0.482813942205 0.557362576509 -0.03) (0.483559229898 0.557958126472 -0.03) (0.484304517592 0.558553676436 -0.03) (0.485049805286 0.5591492264 -0.03) (0.485795092979 0.559744776364 -0.03) (0.486540380673 0.560340326328 -0.03) (0.487285668366 0.560935876292 -0.03) (0.48803095606 0.561531426255 -0.03) (0.488776243754 0.562126976219 -0.03) (0.489521531447 0.562722526183 -0.03) (0.490266819141 0.563318076147 -0.03) (0.491012106834 0.563913626111 -0.03) (0.491757394528 0.564509176074 -0.03) (0.492502682222 0.565104726038 -0.03) (0.493247969915 0.565700276002 -0.03) (0.493993257609 0.566295825966 -0.03) (0.494738545302 0.56689137593 -0.03) (0.495483832996 0.567486925894 -0.03) (0.49622912069 0.568082475857 -0.03) (0.496974408383 0.568678025821 -0.03) (0.497719696077 0.569273575785 -0.03) (0.49846498377 0.569869125749 -0.03) (0.499210271464 0.570464675713 -0.03) (0.499955559158 0.571060225677 -0.03) (0.500700846851 0.57165577564 -0.03) (0.501446134545 0.572251325604 -0.03) (0.502191422238 0.572846875568 -0.03) (0.502936709932 0.573442425532 -0.03) (0.503681997626 0.574037975496 -0.03) (0.504427285319 0.57463352546 -0.03) (0.505172573013 0.575229075423 -0.03) (0.505917860706 0.575824625387 -0.03) (0.5066631484 0.576420175351 -0.03) (0.507408436094 0.577015725315 -0.03) (0.508153723787 0.577611275279 -0.03) (0.508899011481 0.578206825242 -0.03) (0.509644299174 0.578802375206 -0.03) (0.510389586868 0.57939792517 -0.03) (0.511134874562 0.579993475134 -0.03) (0.511880162255 0.580589025098 -0.03) (0.512625043142 0.581177747145 -0.03) (0.513376181371 0.581758464414 -0.03) (0.514133490922 0.582331110402 -0.03) (0.514896885071 0.582895619531 -0.03) (0.515666276397 0.583451927156 -0.03) (0.516441576789 0.583999969569 -0.03))
    polyLine 58 62 ((0.474615777575 0.550811526906 0) (0.475361065269 0.55140707687 0) (0.476106352962 0.552002626834 0) (0.476851640656 0.552598176798 0) (0.47759692835 0.553193726762 0) (0.478342216043 0.553789276726 0) (0.479087503737 0.554384826689 0) (0.47983279143 0.554980376653 0) (0.480578079124 0.555575926617 0) (0.481323366818 0.556171476581 0) (0.482068654511 0.556767026545 0) (0.482813942205 0.557362576509 0) (0.483559229898 0.557958126472 0) (0.484304517592 0.558553676436 0) (0.485049805286 0.5591492264 0) (0.485795092979 0.559744776364 0) (0.486540380673 0.560340326328 0) (0.487285668366 0.560935876292 0) (0.48803095606 0.561531426255 0) (0.488776243754 0.562126976219 0) (0.489521531447 0.562722526183 0) (0.490266819141 0.563318076147 0) (0.491012106834 0.563913626111 0) (0.491757394528 0.564509176074 0) (0.492502682222 0.565104726038 0) (0.493247969915 0.565700276002 0) (0.493993257609 0.566295825966 0) (0.494738545302 0.56689137593 0) (0.495483832996 0.567486925894 0) (0.49622912069 0.568082475857 0) (0.496974408383 0.568678025821 0) (0.497719696077 0.569273575785 0) (0.49846498377 0.569869125749 0) (0.499210271464 0.570464675713 0) (0.499955559158 0.571060225677 0) (0.500700846851 0.57165577564 0) (0.501446134545 0.572251325604 0) (0.502191422238 0.572846875568 0) (0.502936709932 0.573442425532 0) (0.503681997626 0.574037975496 0) (0.504427285319 0.57463352546 0) (0.505172573013 0.575229075423 0) (0.505917860706 0.575824625387 0) (0.5066631484 0.576420175351 0) (0.507408436094 0.577015725315 0) (0.508153723787 0.577611275279 0) (0.508899011481 0.578206825242 0) (0.509644299174 0.578802375206 0) (0.510389586868 0.57939792517 0) (0.511134874562 0.579993475134 0) (0.511880162255 0.580589025098 0) (0.512625043142 0.581177747145 0) (0.513376181371 0.581758464414 0) (0.514133490922 0.582331110402 0) (0.514896885071 0.582895619531 0) (0.515666276397 0.583451927156 0) (0.516441576789 0.583999969569 0))
    polyLine 57 61 ((0.385226388121 1.10066844083 -0.03) (0.388361762426 1.10477327538 -0.03) (0.391517649964 1.10890122812 -0.03) (0.394694292679 1.11305258409 -0.03) (0.397891936286 1.11722763264 -0.03) (0.401110830345 1.12142666744 -0.03) (0.404351228331 1.12564998664 -0.03) (0.407613387716 1.12989789291 -0.03) (0.410897570045 1.13417069358 -0.03) (0.414204041012 1.13846870065 -0.03) (0.417533070549 1.14279223098 -0.03) (0.420884932903 1.1471416063 -0.03) (0.424259906726 1.15151715338 -0.03) (0.427658275162 1.15591920406 -0.03) (0.431080325937 1.16034809543 -0.03) (0.434526351449 1.16480416986 -0.03) (0.437996648865 1.16928777518 -0.03) (0.441491520219 1.17379926473 -0.03) (0.445011272506 1.17833899749 -0.03) (0.448556217789 1.18290733824 -0.03) (0.452126673299 1.18750465761 -0.03) (0.455722961543 1.19213133225 -0.03) (0.459345410417 1.19678774493 -0.03))
    polyLine 59 63 ((0.385226388121 1.10066844083 0) (0.388361762426 1.10477327538 0) (0.391517649964 1.10890122812 0) (0.394694292679 1.11305258409 0) (0.397891936286 1.11722763264 0) (0.401110830345 1.12142666744 0) (0.404351228331 1.12564998664 0) (0.407613387716 1.12989789291 0) (0.410897570045 1.13417069358 0) (0.414204041012 1.13846870065 0) (0.417533070549 1.14279223098 0) (0.420884932903 1.1471416063 0) (0.424259906726 1.15151715338 0) (0.427658275162 1.15591920406 0) (0.431080325937 1.16034809543 0) (0.434526351449 1.16480416986 0) (0.437996648865 1.16928777518 0) (0.441491520219 1.17379926473 0) (0.445011272506 1.17833899749 0) (0.448556217789 1.18290733824 0) (0.452126673299 1.18750465761 0) (0.455722961543 1.19213133225 0) (0.459345410417 1.19678774493 0))
    polyLine 60 64 ((0.517222697463 0.584539684009 -0.03) (0.518009548966 0.585071008671 -0.03) (0.518802041191 0.585593882707 -0.03) (0.519600083382 0.586108246241 -0.03) (0.520403584151 0.586614040368 -0.03) (0.521212451483 0.587111207165 -0.03) (0.522026592747 0.587599689699 -0.03) (0.522845914711 0.58807943203 -0.03) (0.523670323547 0.588550379219 -0.03) (0.524499724847 0.589012477334 -0.03) (0.52533402363 0.589465673457 -0.03) (0.526173124353 0.589909915689 -0.03) (0.527016930926 0.590345153156 -0.03) (0.527865346716 0.590771336017 -0.03) (0.528718274567 0.591188415465 -0.03) (0.529575616802 0.591596343738 -0.03) (0.530437275241 0.591995074121 -0.03) (0.53130315121 0.592384560953 -0.03) (0.532173145549 0.592764759629 -0.03) (0.53304715863 0.593135626612 -0.03) (0.533925090363 0.593497119429 -0.03) (0.534806840209 0.593849196685 -0.03) (0.535692307192 0.594191818059 -0.03) (0.536581389911 0.594524944316 -0.03) (0.537473986551 0.594848537306 -0.03) (0.538369994893 0.595162559974 -0.03) (0.539269312328 0.595466976357 -0.03) (0.54017183587 0.595761751595 -0.03) (0.541077462163 0.596046851931 -0.03) (0.541986087498 0.596322244716 -0.03) (0.54289760782 0.596587898412 -0.03) (0.543811918745 0.596843782597 -0.03) (0.544728915569 0.597089867969 -0.03) (0.545648493278 0.597326126347 -0.03) (0.546570546566 0.597552530673 -0.03) (0.547494969841 0.597769055022 -0.03) (0.54842165724 0.597975674597 -0.03) (0.549350502641 0.598172365737 -0.03) (0.550281399676 0.598359105918 -0.03) (0.55121424174 0.598535873753 -0.03) (0.552148922007 0.598702649001 -0.03) (0.553085333439 0.598859412563 -0.03) (0.554023368801 0.599006146485 -0.03) (0.554962920671 0.599142833966 -0.03) (0.555903881455 0.599269459351 -0.03) (0.556846143395 0.59938600814 -0.03) (0.557789598587 0.599492466986 -0.03) (0.558734138988 0.599588823698 -0.03) (0.559679656431 0.59967506724 -0.03) (0.560626042639 0.599751187738 -0.03) (0.561573189233 0.599817176472 -0.03) (0.562520987749 0.599873025888 -0.03) (0.563469329648 0.599918729588 -0.03) (0.564418106327 0.599954282339 -0.03) (0.565367209134 0.59997968007 -0.03) (0.566316529382 0.599994919872 -0.03))
    polyLine 62 66 ((0.517222697463 0.584539684009 0) (0.518009548966 0.585071008671 0) (0.518802041191 0.585593882707 0) (0.519600083382 0.586108246241 0) (0.520403584151 0.586614040368 0) (0.521212451483 0.587111207165 0) (0.522026592747 0.587599689699 0) (0.522845914711 0.58807943203 0) (0.523670323547 0.588550379219 0) (0.524499724847 0.589012477334 0) (0.52533402363 0.589465673457 0) (0.526173124353 0.589909915689 0) (0.527016930926 0.590345153156 0) (0.527865346716 0.590771336017 0) (0.528718274567 0.591188415465 0) (0.529575616802 0.591596343738 0) (0.530437275241 0.591995074121 0) (0.53130315121 0.592384560953 0) (0.532173145549 0.592764759629 0) (0.53304715863 0.593135626612 0) (0.533925090363 0.593497119429 0) (0.534806840209 0.593849196685 0) (0.535692307192 0.594191818059 0) (0.536581389911 0.594524944316 0) (0.537473986551 0.594848537306 0) (0.538369994893 0.595162559974 0) (0.539269312328 0.595466976357 0) (0.54017183587 0.595761751595 0) (0.541077462163 0.596046851931 0) (0.541986087498 0.596322244716 0) (0.54289760782 0.596587898412 0) (0.543811918745 0.596843782597 0) (0.544728915569 0.597089867969 0) (0.545648493278 0.597326126347 0) (0.546570546566 0.597552530673 0) (0.547494969841 0.597769055022 0) (0.54842165724 0.597975674597 0) (0.549350502641 0.598172365737 0) (0.550281399676 0.598359105918 0) (0.55121424174 0.598535873753 0) (0.552148922007 0.598702649001 0) (0.553085333439 0.598859412563 0) (0.554023368801 0.599006146485 0) (0.554962920671 0.599142833966 0) (0.555903881455 0.599269459351 0) (0.556846143395 0.59938600814 0) (0.557789598587 0.599492466986 0) (0.558734138988 0.599588823698 0) (0.559679656431 0.59967506724 0) (0.560626042639 0.599751187738 0) (0.561573189233 0.599817176472 0) (0.562520987749 0.599873025888 0) (0.563469329648 0.599918729588 0) (0.564418106327 0.599954282339 0) (0.565367209134 0.59997968007 0) (0.566316529382 0.599994919872 0))
    polyLine 61 65 ((0.466938567577 1.20653567576 -0.03) (0.470914086525 1.21163268794 -0.03) (0.474921343747 1.2167658266 -0.03) (0.478960780774 1.22193560612 -0.03) (0.483032847253 1.22714255011 -0.03) (0.487138001137 1.23238719166 -0.03) (0.491276708874 1.23767007354 -0.03) (0.495449445607 1.24299174841 -0.03) (0.499656695371 1.24835277907 -0.03) (0.503898951306 1.25375373869 -0.03) (0.50817671587 1.25919521107 -0.03) (0.512490501056 1.26467779084 -0.03) (0.516840828622 1.2702020838 -0.03) (0.52122823032 1.27576870713 -0.03) (0.525653248139 1.28137828964 -0.03) (0.530116434549 1.28703147214 -0.03) (0.534618352757 1.29272890765 -0.03) (0.539159576963 1.29847126171 -0.03) (0.543740692634 1.30425921272 -0.03) (0.548362296777 1.31009345224 -0.03) (0.553024998227 1.31597468529 -0.03) (0.557729417936 1.32190363074 -0.03) (0.562476189277 1.32788102157 -0.03))
    polyLine 63 67 ((0.466938567577 1.20653567576 0) (0.470914086525 1.21163268794 0) (0.474921343747 1.2167658266 0) (0.478960780774 1.22193560612 0) (0.483032847253 1.22714255011 0) (0.487138001137 1.23238719166 0) (0.491276708874 1.23767007354 0) (0.495449445607 1.24299174841 0) (0.499656695371 1.24835277907 0) (0.503898951306 1.25375373869 0) (0.50817671587 1.25919521107 0) (0.512490501056 1.26467779084 0) (0.516840828622 1.2702020838 0) (0.52122823032 1.27576870713 0) (0.525653248139 1.28137828964 0) (0.530116434549 1.28703147214 0) (0.534618352757 1.29272890765 0) (0.539159576963 1.29847126171 0) (0.543740692634 1.30425921272 0) (0.548362296777 1.31009345224 0) (0.553024998227 1.31597468529 0) (0.557729417936 1.32190363074 0) (0.562476189277 1.32788102157 0))
);

boundary
(
    body_fore
    {
        type wall;
        faces
        (
            (0 2 6 4)
            (4 6 10 8)
            (8 10 14 12)
            (12 14 18 16)
            (16 18 22 20)
            (20 22 26 24)
            (24 26 30 28)
            (28 30 34 32)
            (32 34 38 36)
            (36 38 42 40)
            (40 42 46 44)
            (44 46 50 48)
            (48 50 54 52)
            (52 54 58 56)
            (56 58 62 60)
            (60 62 66 64)
        );
    }
    freestream
    {
        type patch;
        faces
        (
            (1 5 7 3)
            (5 9 11 7)
            (9 13 15 11)
            (13 17 19 15)
            (17 21 23 19)
            (21 25 27 23)
            (25 29 31 27)
            (29 33 35 31)
            (33 37 39 35)
            (37 41 43 39)
            (41 45 47 43)
            (45 49 51 47)
            (49 53 55 51)
            (53 57 59 55)
            (57 61 63 59)
            (61 65 67 63)
        );
    }
    outlet
    {
        type patch;
        faces
        (
            (64 66 67 65)
        );
    }
    axis
    {
        type patch;
        faces
        (
            (0 1 3 2)
        );
    }
    front
    {
        type patch;
        faces
        (
            (2 6 7 3)
            (6 10 11 7)
            (10 14 15 11)
            (14 18 19 15)
            (18 22 23 19)
            (22 26 27 23)
            (26 30 31 27)
            (30 34 35 31)
            (34 38 39 35)
            (38 42 43 39)
            (42 46 47 43)
            (46 50 51 47)
            (50 54 55 51)
            (54 58 59 55)
            (58 62 63 59)
            (62 66 67 63)
        );
    }
    back
    {
        type patch;
        faces
        (
            (0 1 5 4)
            (4 5 9 8)
            (8 9 13 12)
            (12 13 17 16)
            (16 17 21 20)
            (20 21 25 24)
            (24 25 29 28)
            (28 29 33 32)
            (32 33 37 36)
            (36 37 41 40)
            (40 41 45 44)
            (44 45 49 48)
            (48 49 53 52)
            (52 53 57 56)
            (56 57 61 60)
            (60 61 65 64)
        );
    }
);
