FoamFile
{
    version     2.0;
    format      ascii;
    class       dictionary;
    object      blockMeshDict;
}
// Generated by aether.cfd - do not edit by hand. Regenerate from the run config.

scale 1;

vertices
(
    (0 0 -0.03)
    (-0.173147397532 1.13116543582e-16 -0.03)
    (0 0 0)
    (-0.173147397532 1.13116543582e-16 0)
    (0.00494609925382 0.0641179278936 -0.03)
    (-0.168673063316 0.0790488579304 -0.03)
    (0.00494609925382 0.0641179278936 0)
    (-0.168673063316 0.0790488579304 0)
    (0.0196666739313 0.126718837739 -0.03)
    (-0.155538462984 0.157096770632 -0.03)
    (0.0196666739313 0.126718837739 0)
    (-0.155538462984 0.157096770632 0)
    (0.0438134591754 0.186321709555 -0.03)
    (-0.134517823277 0.233338429383 -0.03)
    (0.0438134591754 0.186321709555 0)
    (-0.134517823277 0.233338429383 0)
    (0.0768152962528 0.241516374697 -0.03)
    (-0.106649683896 0.307286799378 -0.03)
    (0.0768152962528 0.241516374697 0)
    (-0.106649683896 0.307286799378 0)
    (0.117891721203 0.29099666378 -0.03)
    (-0.0729927261798 0.378799885266 -0.03)
    (0.117891721203 0.29099666378 0)
    (-0.0729927261798 0.378799885266 0)
    (0.166070418516 0.333592228627 -0.03)
    (-0.0344406971787 0.448040138032 -0.03)
    (0.166070418516 0.333592228627 0)
    (-0.0344406971787 0.448040138032 0)
    (0.220211568721 0.368295339098 -0.03)
    (0.00838175121257 0.515409803639 -0.03)
    (0.220211568721 0.368295339098 0)
    (0.00838175121257 0.515409803639 0)
    (0.278545118324 0.395470678967 -0.03)
    (0.05568881872 0.582203640065 -0.03)
    (0.278545118324 0.395470678967 0)
    (0.05568881872 0.582203640065 0)
    (0.337390722084 0.421565648522 -0.03)
    (0.110673368346 0.652913124362 -0.03)
    (0.337390722084 0.421565648522 0)
    (0.110673368346 0.652913124362 0)
    (0.396236325843 0.447660618078 -0.03)
    (0.174275333239 0.728123437291 -0.03)
    (0.396236325843 0.447660618078 0)
    (0.174275333239 0.728123437291 0)
    (0.455081929603 0.473755587633 -0.03)
    (0.24683079929 0.80770164305 -0.03)
    (0.455081929603 0.473755587633 0)
    (0.24683079929 0.80770164305 0)
    (0.513927533362 0.499850557188 -0.03)
    (0.328546142651 0.891508314188 -0.03)
    (0.513927533362 0.499850557188 0)
    (0.328546142651 0.891508314188 0)
    (0.572773137122 0.525945526744 -0.03)
    (0.419520263028 0.979416211822 -0.03)
    (0.572773137122 0.525945526744 0)
    (0.419520263028 0.979416211822 0)
    (0.631618740881 0.552040496299 -0.03)
    (0.519773509898 1.07132408491 -0.03)
    (0.631618740881 0.552040496299 0)
    (0.519773509898 1.07132408491 0)
    (0.690464344641 0.578135465855 -0.03)
    (0.629277746802 1.16716522835 -0.03)
    (0.690464344641 0.578135465855 0)
    (0.629277746802 1.16716522835 0)
    (0.750519276493 0.6 -0.03)
    (0.750519276493 1.26900237916 -0.03)
    (0.750519276493 0.6 0)
    (0.750519276493 1.26900237916 0)
);

blocks
(
    hex (0 4 5 1 2 6 7 3) (4 48 1) simpleGrading (1 4 1)
    hex (4 8 9 5 6 10 11 7) (4 48 1) simpleGrading (1 4 1)
    hex (8 12 13 9 10 14 15 11) (4 48 1) simpleGrading (1 4 1)
    hex (12 16 17 13 14 18 19 15) (4 48 1) simpleGrading (1 4 1)
    hex (16 20 21 17 18 22 23 19) (4 48 1) simpleGrading (1 4 1)
    hex (20 24 25 21 22 26 27 23) (4 48 1) simpleGrading (1 4 1)
    hex (24 28 29 25 26 30 31 27) (4 48 1) simpleGrading (1 4 1)
    hex (28 32 33 29 30 34 35 31) (4 48 1) simpleGrading (1 4 1)
    hex (32 36 37 33 34 38 39 35) (4 48 1) simpleGrading (1 4 1)
    hex (36 40 41 37 38 42 43 39) (4 48 1) simpleGrading (1 4 1)
    hex (40 44 45 41 42 46 47 43) (4 48 1) simpleGrading (1 4 1)
    hex (44 48 49 45 46 50 51 47) (4 48 1) simpleGrading (1 4 1)
    hex (48 52 53 49 50 54 55 51) (4 48 1) simpleGrading (1 4 1)
    hex (52 56 57 53 54 58 59 55) (4 48 1) simpleGrading (1 4 1)
    hex (56 60 61 57 58 62 63 59) (4 48 1) simpleGrading (1 4 1)
    hex (60 64 65 61 62 66 67 63) (4 48 1) simpleGrading (1 4 1)
);

edges
(
    polyLine 0 4 ((1.34330847903e-06 0.00105982787897 -0.03) (5.37322528399e-06 0.0021196489475 -0.03) (1.20897245187e-05 0.00317945639518 -0.03) (2.1492763023e-05 0.0042392434117 -0.03) (3.3582280373e-05 0.00529900318688 -0.03) (4.83581988817e-05 0.00635872891071 -0.03) (6.5820423599e-05 0.00741841377341 -0.03) (8.59688423129e-05 0.00847805096544 -0.03) (0.00010880332555 0.00953763367759 -0.03) (0.000134323726576 0.010597155101 -0.03) (0.000162529881396 0.0116566084272 -0.03) (0.000193421608759 0.0127159868481 -0.03) (0.000226998710155 0.0137752835562 -0.03) (0.000263260969817 0.0148344917444 -0.03) (0.000302208154724 0.0158936046064 -0.03) (0.000343840014603 0.0169526153361 -0.03) (0.000388156281926 0.0180115171285 -0.03) (0.000435156671919 0.0190703031791 -0.03) (0.000484840882557 0.0201289666841 -0.03) (0.00053720859457 0.0211875008405 -0.03) (0.000592259471443 0.0222458988462 -0.03) (0.00064999315942 0.0233041538999 -0.03) (0.000710409287504 0.0243622592014 -0.03) (0.000773507467463 0.0254202079512 -0.03) (0.000839287293828 0.0264779933509 -0.03) (0.000907748343897 0.0275356086034 -0.03) (0.000978890177743 0.0285930469122 -0.03) (0.00105271233821 0.0296503014824 -0.03) (0.00112921435091 0.03070736552 -0.03) (0.00120839572425 0.0317642322323 -0.03) (0.0012902559494 0.032820894828 -0.03) (0.00137479450034 0.0338773465168 -0.03) (0.00146201083382 0.0349335805102 -0.03) (0.00155190438939 0.0359895900206 -0.03) (0.0016444745894 0.0370453682623 -0.03) (0.00173972083898 0.0381009084508 -0.03) (0.00183764252609 0.0391562038031 -0.03) (0.00193823902148 0.0402112475381 -0.03) (0.00204150967873 0.0412660328759 -0.03) (0.00214745383421 0.0423205530385 -0.03) (0.00225607080713 0.0433748012497 -0.03) (0.00236735989951 0.0444287707347 -0.03) (0.00248132039622 0.0454824547209 -0.03) (0.00259795156495 0.0465358464372 -0.03) (0.00271725265621 0.0475889391146 -0.03) (0.0028392229034 0.0486417259859 -0.03) (0.00296386152272 0.0496942002858 -0.03) (0.00309116771325 0.0507463552513 -0.03) (0.00322114065692 0.0517981841212 -0.03) (0.00335377951853 0.0528496801363 -0.03) (0.00348908344574 0.0539008365399 -0.03) (0.00362705156909 0.0549516465772 -0.03) (0.003767683002 0.0560021034957 -0.03) (0.00391097684076 0.0570522005452 -0.03) (0.00405693216458 0.0581019309777 -0.03) (0.00420554803555 0.0591512880477 -0.03) (0.00435682349866 0.0602002650121 -0.03) (0.00451075758182 0.0612488551301 -0.03) (0.00466734929585 0.0622970516635 -0.03) (0.00482659763449 0.0633448478766 -0.03))
    polyLine 2 6 ((1.34330847903e-06 0.00105982787897 0) (5.37322528399e-06 0.0021196489475 0) (1.20897245187e-05 0.00317945639518 0) (2.1492763023e-05 0.0042392434117 0) (3.3582280373e-05 0.00529900318688 0) (4.83581988817e-05 0.00635872891071 0) (6.5820423599e-05 0.00741841377341 0) (8.59688423129e-05 0.00847805096544 0) (0.00010880332555 0.00953763367759 0) (0.000134323726576 0.010597155101 0) (0.000162529881396 0.0116566084272 0) (0.000193421608759 0.0127159868481 0) (0.000226998710155 0.0137752835562 0) (0.000263260969817 0.0148344917444 0) (0.000302208154724 0.0158936046064 0) (0.000343840014603 0.0169526153361 0) (0.000388156281926 0.0180115171285 0) (0.000435156671919 0.0190703031791 0) (0.000484840882557 0.0201289666841 0) (0.00053720859457 0.0211875008405 0) (0.000592259471443 0.0222458988462 0) (0.00064999315942 0.0233041538999 0) (0.000710409287504 0.0243622592014 0) (0.000773507467463 0.0254202079512 0) (0.000839287293828 0.0264779933509 0) (0.000907748343897 0.0275356086034 0) (0.000978890177743 0.0285930469122 0) (0.00105271233821 0.0296503014824 0) (0.00112921435091 0.03070736552 0) (0.00120839572425 0.0317642322323 0) (0.0012902559494 0.032820894828 0) (0.00137479450034 0.0338773465168 0) (0.00146201083382 0.0349335805102 0) (0.00155190438939 0.0359895900206 0) (0.0016444745894 0.0370453682623 0) (0.00173972083898 0.0381009084508 0) (0.00183764252609 0.0391562038031 0) (0.00193823902148 0.0402112475381 0) (0.00204150967873 0.0412660328759 0) (0.00214745383421 0.0423205530385 0) (0.00225607080713 0.0433748012497 0) (0.00236735989951 0.0444287707347 0) (0.00248132039622 0.0454824547209 0) (0.00259795156495 0.0465358464372 0) (0.00271725265621 0.0475889391146 0) (0.0028392229034 0.0486417259859 0) (0.00296386152272 0.0496942002858 0) (0.00309116771325 0.0507463552513 0) (0.00322114065692 0.0517981841212 0) (0.00335377951853 0.0528496801363 0) (0.00348908344574 0.0539008365399 0) (0.00362705156909 0.0549516465772 0) (0.003767683002 0.0560021034957 0) (0.00391097684076 0.0570522005452 0) (0.00405693216458 0.0581019309777 0) (0.00420554803555 0.0591512880477 0) (0.00435682349866 0.0602002650121 0) (0.00451075758182 0.0612488551301 0) (0.00466734929585 0.0622970516635 0) (0.00482659763449 0.0633448478766 0))
    polyLine 1 5 ((-0.173139582872 0.00330159799438 -0.03) (-0.173116139878 0.00660311276309 -0.03) (-0.173077071509 0.00990446111007 -0.03) (-0.173022382692 0.0132055598984 -0.03) (-0.172952080323 0.0165063260799 -0.03) (-0.172866173259 0.0198066767244 -0.03) (-0.172764672317 0.0231065290494 -0.03) (-0.172647590261 0.0264058004489 -0.03) (-0.172514941804 0.0297044085227 -0.03) (-0.172366743588 0.0330022711056 -0.03) (-0.172203014183 0.0362993062954 -0.03) (-0.172023774073 0.0395954324821 -0.03) (-0.17182904564 0.0428905683756 -0.03) (-0.171618853156 0.0461846330342 -0.03) (-0.171393222768 0.049477545892 -0.03) (-0.171152182479 0.0527692267864 -0.03) (-0.170895762134 0.056059595985 -0.03) (-0.170623993402 0.0593485742127 -0.03) (-0.170336909758 0.0626360826776 -0.03) (-0.170034546462 0.0659220430976 -0.03) (-0.169716940542 0.0692063777252 -0.03) (-0.169384130767 0.0724890093732 -0.03) (-0.169036157628 0.0757698614394 -0.03))
    polyLine 3 7 ((-0.173139582872 0.00330159799438 0) (-0.173116139878 0.00660311276309 0) (-0.173077071509 0.00990446111007 0) (-0.173022382692 0.0132055598984 0) (-0.172952080323 0.0165063260799 0) (-0.172866173259 0.0198066767244 0) (-0.172764672317 0.0231065290494 0) (-0.172647590261 0.0264058004489 0) (-0.172514941804 0.0297044085227 0) (-0.172366743588 0.0330022711056 0) (-0.172203014183 0.0362993062954 0) (-0.172023774073 0.0395954324821 0) (-0.17182904564 0.0428905683756 0) (-0.171618853156 0.0461846330342 0) (-0.171393222768 0.049477545892 0) (-0.171152182479 0.0527692267864 0) (-0.170895762134 0.056059595985 0) (-0.170623993402 0.0593485742127 0) (-0.170336909758 0.0626360826776 0) (-0.170034546462 0.0659220430976 0) (-0.169716940542 0.0692063777252 0) (-0.169384130767 0.0724890093732 0) (-0.169036157628 0.0757698614394 0))
    polyLine 4 8 ((0.00498850157442 0.0643922370362 -0.03) (0.00515306007524 0.0654392124119 -0.03) (0.00532027207949 0.0664857672758 -0.03) (0.00549013651268 0.0675318949028 -0.03) (0.00566265228327 0.0685775885703 -0.03) (0.00583781828265 0.0696228415589 -0.03) (0.00601563338523 0.0706676471518 -0.03) (0.00619609644835 0.0717119986349 -0.03) (0.00637920631238 0.0727558892974 -0.03) (0.00656496180063 0.0737993124312 -0.03) (0.00675336171946 0.0748422613312 -0.03) (0.00694440485821 0.0758847292956 -0.03) (0.00713808998922 0.0769267096253 -0.03) (0.00733441586789 0.0779681956247 -0.03) (0.00753338123263 0.0790091806011 -0.03) (0.00773498480489 0.0800496578652 -0.03) (0.00793922528915 0.081089620731 -0.03) (0.00814610137299 0.0821290625155 -0.03) (0.008355611727 0.0831679765394 -0.03) (0.00856775500489 0.0842063561266 -0.03) (0.00878252984342 0.0852441946046 -0.03) (0.00899993486244 0.086281485304 -0.03) (0.00921996866492 0.0873182215594 -0.03) (0.00944262983693 0.0883543967087 -0.03) (0.00966791694763 0.0893900040935 -0.03) (0.00989582854934 0.0904250370588 -0.03) (0.0101263631775 0.0914594889536 -0.03) (0.0103595193507 0.0924933531306 -0.03) (0.0105952955707 0.0935266229461 -0.03) (0.0108336903223 0.0945592917603 -0.03) (0.0110747020738 0.0955913529374 -0.03) (0.0113183292762 0.0966227998453 -0.03) (0.0115645703641 0.0976536258559 -0.03) (0.0118134237552 0.0986838243451 -0.03) (0.0120648878502 0.099713388693 -0.03) (0.0123189610333 0.100742312284 -0.03) (0.0125756416719 0.101770588505 -0.03) (0.0128349281165 0.102798210749 -0.03) (0.0130968187008 0.103825172413 -0.03) (0.0133613117421 0.104851466898 -0.03) (0.0136284055407 0.105877087607 -0.03) (0.0138980983803 0.106902027952 -0.03) (0.0141703885277 0.107926281345 -0.03) (0.0144452742333 0.108949841205 -0.03) (0.0147227537306 0.109972700954 -0.03) (0.0150028252366 0.110994854019 -0.03) (0.0152854869516 0.112016293832 -0.03) (0.0155707370591 0.11303701383 -0.03) (0.0158585737261 0.114057007453 -0.03) (0.0161489951031 0.115076268146 -0.03) (0.0164419993237 0.116094789361 -0.03) (0.0167375845051 0.117112564551 -0.03) (0.0170357487479 0.118129587177 -0.03) (0.0173364901361 0.119145850703 -0.03) (0.0176398067371 0.1201613486 -0.03) (0.0179456966019 0.12117607434 -0.03) (0.0182541577647 0.122190021404 -0.03) (0.0185651882434 0.123203183276 -0.03) (0.0188787860393 0.124215553445 -0.03) (0.0191949491373 0.125227125407 -0.03) (0.0195136755056 0.12623789266 -0.03))
    polyLine 6 10 ((0.00498850157442 0.0643922370362 0) (0.00515306007524 0.0654392124119 0) (0.00532027207949 0.0664857672758 0) (0.00549013651268 0.0675318949028 0) (0.00566265228327 0.0685775885703 0) (0.00583781828265 0.0696228415589 0) (0.00601563338523 0.0706676471518 0) (0.00619609644835 0.0717119986349 0) (0.00637920631238 0.0727558892974 0) (0.00656496180063 0.0737993124312 0) (0.00675336171946 0.0748422613312 0) (0.00694440485821 0.0758847292956 0) (0.00713808998922 0.0769267096253 0) (0.00733441586789 0.0779681956247 0) (0.00753338123263 0.0790091806011 0) (0.00773498480489 0.0800496578652 0) (0.00793922528915 0.081089620731 0) (0.00814610137299 0.0821290625155 0) (0.008355611727 0.0831679765394 0) (0.00856775500489 0.0842063561266 0) (0.00878252984342 0.0852441946046 0) (0.00899993486244 0.086281485304 0) (0.00921996866492 0.0873182215594 0) (0.00944262983693 0.0883543967087 0) (0.00966791694763 0.0893900040935 0) (0.00989582854934 0.0904250370588 0) (0.0101263631775 0.0914594889536 0) (0.0103595193507 0.0924933531306 0) (0.0105952955707 0.0935266229461 0) (0.0108336903223 0.0945592917603 0) (0.0110747020738 0.0955913529374 0) (0.0113183292762 0.0966227998453 0) (0.0115645703641 0.0976536258559 0) (0.0118134237552 0.0986838243451 0) (0.0120648878502 0.099713388693 0) (0.0123189610333 0.100742312284 0) (0.0125756416719 0.101770588505 0) (0.0128349281165 0.102798210749 0) (0.0130968187008 0.103825172413 0) (0.0133613117421 0.104851466898 0) (0.0136284055407 0.105877087607 0) (0.0138980983803 0.106902027952 0) (0.0141703885277 0.107926281345 0) (0.0144452742333 0.108949841205 0) (0.0147227537306 0.109972700954 0) (0.0150028252366 0.110994854019 0) (0.0152854869516 0.112016293832 0) (0.0155707370591 0.11303701383 0) (0.0158585737261 0.114057007453 0) (0.0161489951031 0.115076268146 0) (0.0164419993237 0.116094789361 0) (0.0167375845051 0.117112564551 0) (0.0170357487479 0.118129587177 0) (0.0173364901361 0.119145850703 0) (0.0176398067371 0.1201613486 0) (0.0179456966019 0.12117607434 0) (0.0182541577647 0.122190021404 0) (0.0185651882434 0.123203183276 0) (0.0188787860393 0.124215553445 0) (0.0191949491373 0.125227125407 0) (0.0195136755056 0.12623789266 0))
    polyLine 5 9 ((-0.16829442422 0.0823298941125 -0.03) (-0.167900716925 0.0856089196999 -0.03) (-0.167491988746 0.088885860399 -0.03) (-0.167068288598 0.0921606426208 -0.03) (-0.166629666976 0.0954331935028 -0.03) (-0.166176175922 0.0987034409303 -0.03) (-0.165707869002 0.101971313557 -0.03) (-0.165224801269 0.105236740825 -0.03) (-0.164727029239 0.108499652986 -0.03) (-0.164214610858 0.111759981118 -0.03) (-0.163687605469 0.115017657144 -0.03) (-0.163146073785 0.118272613851 -0.03) (-0.162590077851 0.121524784907 -0.03) (-0.162019681015 0.124774104878 -0.03) (-0.161434947893 0.12802050924 -0.03) (-0.160835944338 0.131263934402 -0.03) (-0.160222737403 0.134504317712 -0.03) (-0.159595395308 0.137741597476 -0.03) (-0.158953987406 0.140975712974 -0.03) (-0.158298584146 0.144206604464 -0.03) (-0.157629257041 0.147434213202 -0.03) (-0.156946078632 0.150658481451 -0.03) (-0.15624912245 0.153879352492 -0.03))
    polyLine 7 11 ((-0.16829442422 0.0823298941125 0) (-0.167900716925 0.0856089196999 0) (-0.167491988746 0.088885860399 0) (-0.167068288598 0.0921606426208 0) (-0.166629666976 0.0954331935028 0) (-0.166176175922 0.0987034409303 0) (-0.165707869002 0.101971313557 0) (-0.165224801269 0.105236740825 0) (-0.164727029239 0.108499652986 0) (-0.164214610858 0.111759981118 0) (-0.163687605469 0.115017657144 0) (-0.163146073785 0.118272613851 0) (-0.162590077851 0.121524784907 0) (-0.162019681015 0.124774104878 0) (-0.161434947893 0.12802050924 0) (-0.160835944338 0.131263934402 0) (-0.160222737403 0.134504317712 0) (-0.159595395308 0.137741597476 0) (-0.158953987406 0.140975712974 0) (-0.158298584146 0.144206604464 0) (-0.157629257041 0.147434213202 0) (-0.156946078632 0.150658481451 0) (-0.15624912245 0.153879352492 0))
    polyLine 8 12 ((0.0198349630962 0.127247848709 -0.03) (0.0201588098445 0.128256987065 -0.03) (0.0204852136694 0.129265301242 -0.03) (0.0208141724734 0.130272784762 -0.03) (0.0211456841427 0.13127943115 -0.03) (0.021479746547 0.132285233938 -0.03) (0.0218163575396 0.133290186662 -0.03) (0.0221555149575 0.134294282864 -0.03) (0.0224972166211 0.135297516092 -0.03) (0.0228414603348 0.1362998799 -0.03) (0.0231882438864 0.137301367846 -0.03) (0.0235375650475 0.138301973495 -0.03) (0.0238894215734 0.139301690416 -0.03) (0.024243811203 0.140300512186 -0.03) (0.0246007316591 0.141298432386 -0.03) (0.0249601806481 0.142295444603 -0.03) (0.0253221558601 0.143291542432 -0.03) (0.0256866549691 0.14428671947 -0.03) (0.0260536756328 0.145280969322 -0.03) (0.0264232154929 0.146274285601 -0.03) (0.0267952721745 0.147266661922 -0.03) (0.0271698432869 0.14825809191 -0.03) (0.0275469264231 0.149248569191 -0.03) (0.0279265191599 0.150238087403 -0.03) (0.0283086190582 0.151226640187 -0.03) (0.0286932236624 0.152214221189 -0.03) (0.0290803305012 0.153200824064 -0.03) (0.029469937087 0.154186442472 -0.03) (0.0298620409163 0.155171070079 -0.03) (0.0302566394692 0.156154700558 -0.03) (0.0306537302102 0.157137327588 -0.03) (0.0310533105876 0.158118944856 -0.03) (0.0314553780337 0.159099546052 -0.03) (0.0318599299647 0.160079124876 -0.03) (0.032266963781 0.161057675033 -0.03) (0.0326764768671 0.162035190235 -0.03) (0.0330884665914 0.1630116642 -0.03) (0.0335029303064 0.163987090654 -0.03) (0.0339198653489 0.164961463328 -0.03) (0.0343392690395 0.165934775961 -0.03) (0.0347611386833 0.166907022299 -0.03) (0.0351854715693 0.167878196093 -0.03) (0.0356122649707 0.168848291104 -0.03) (0.036041516145 0.169817301097 -0.03) (0.0364732223337 0.170785219846 -0.03) (0.0369073807628 0.17175204113 -0.03) (0.0373439886424 0.172717758738 -0.03) (0.0377830431667 0.173682366462 -0.03) (0.0382245415146 0.174645858105 -0.03) (0.0386684808488 0.175608227476 -0.03) (0.0391148583166 0.176569468389 -0.03) (0.0395636710497 0.177529574669 -0.03) (0.0400149161639 0.178488540145 -0.03) (0.0404685907596 0.179446358655 -0.03) (0.0409246919215 0.180403024045 -0.03) (0.0413832167186 0.181358530166 -0.03) (0.0418441622044 0.182312870879 -0.03) (0.042307525417 0.183266040051 -0.03) (0.0427733033788 0.184218031558 -0.03) (0.0432414930967 0.18516883928 -0.03) (0.043712091562 0.18611845711 -0.03))
    polyLine 10 14 ((0.0198349630962 0.127247848709 0) (0.0201588098445 0.128256987065 0) (0.0204852136694 0.129265301242 0) (0.0208141724734 0.130272784762 0) (0.0211456841427 0.13127943115 0) (0.021479746547 0.132285233938 0) (0.0218163575396 0.133290186662 0) (0.0221555149575 0.134294282864 0) (0.0224972166211 0.135297516092 0) (0.0228414603348 0.1362998799 0) (0.0231882438864 0.137301367846 0) (0.0235375650475 0.138301973495 0) (0.0238894215734 0.139301690416 0) (0.024243811203 0.140300512186 0) (0.0246007316591 0.141298432386 0) (0.0249601806481 0.142295444603 0) (0.0253221558601 0.143291542432 0) (0.0256866549691 0.14428671947 0) (0.0260536756328 0.145280969322 0) (0.0264232154929 0.146274285601 0) (0.0267952721745 0.147266661922 0) (0.0271698432869 0.14825809191 0) (0.0275469264231 0.149248569191 0) (0.0279265191599 0.150238087403 0) (0.0283086190582 0.151226640187 0) (0.0286932236624 0.152214221189 0) (0.0290803305012 0.153200824064 0) (0.029469937087 0.154186442472 0) (0.0298620409163 0.155171070079 0) (0.0302566394692 0.156154700558 0) (0.0306537302102 0.157137327588 0) (0.0310533105876 0.158118944856 0) (0.0314553780337 0.159099546052 0) (0.0318599299647 0.160079124876 0) (0.032266963781 0.161057675033 0) (0.0326764768671 0.162035190235 0) (0.0330884665914 0.1630116642 0) (0.0335029303064 0.163987090654 0) (0.0339198653489 0.164961463328 0) (0.0343392690395 0.165934775961 0) (0.0347611386833 0.166907022299 0) (0.0351854715693 0.167878196093 0) (0.0356122649707 0.168848291104 0) (0.036041516145 0.169817301097 0) (0.0364732223337 0.170785219846 0) (0.0369073807628 0.17175204113 0) (0.0373439886424 0.172717758738 0) (0.0377830431667 0.173682366462 0) (0.0382245415146 0.174645858105 0) (0.0386684808488 0.175608227476 0) (0.0391148583166 0.176569468389 0) (0.0395636710497 0.177529574669 0) (0.0400149161639 0.178488540145 0) (0.0404685907596 0.179446358655 0) (0.0409246919215 0.180403024045 0) (0.0413832167186 0.181358530166 0) (0.0418441622044 0.182312870879 0) (0.042307525417 0.183266040051 0) (0.0427733033788 0.184218031558 0) (0.0432414930967 0.18516883928 0) (0.043712091562 0.18611845711 0))
    polyLine 9 13 ((-0.154812363022 0.160318645163 -0.03) (-0.154072644388 0.163536940719 -0.03) (-0.153319384805 0.166751604357 -0.03) (-0.152552662816 0.169962584209 -0.03) (-0.151772557748 0.173169829485 -0.03) (-0.150979149679 0.176373290485 -0.03) (-0.150172519399 0.179572918597 -0.03) (-0.149352748373 0.182768666309 -0.03) (-0.148519918711 0.185960487211 -0.03) (-0.147674113125 0.189148336 -0.03) (-0.146815414899 0.192332168481 -0.03) (-0.14594390785 0.195511941572 -0.03) (-0.145059676295 0.198687613309 -0.03) (-0.144162805016 0.201859142841 -0.03) (-0.143253379225 0.205026490437 -0.03) (-0.142331484528 0.208189617484 -0.03) (-0.141397206895 0.211348486489 -0.03) (-0.140450632623 0.214503061075 -0.03) (-0.139491848305 0.217653305985 -0.03) (-0.138520940794 0.220799187077 -0.03) (-0.137537997176 0.223940671325 -0.03) (-0.13654310473 0.227077726811 -0.03) (-0.135536350903 0.23021032273 -0.03))
    polyLine 11 15 ((-0.154812363022 0.160318645163 0) (-0.154072644388 0.163536940719 0) (-0.153319384805 0.166751604357 0) (-0.152552662816 0.169962584209 0) (-0.151772557748 0.173169829485 0) (-0.150979149679 0.176373290485 0) (-0.150172519399 0.179572918597 0) (-0.149352748373 0.182768666309 0) (-0.148519918711 0.185960487211 0) (-0.147674113125 0.189148336 0) (-0.146815414899 0.192332168481 0) (-0.14594390785 0.195511941572 0) (-0.145059676295 0.198687613309 0) (-0.144162805016 0.201859142841 0) (-0.143253379225 0.205026490437 0) (-0.142331484528 0.208189617484 0) (-0.141397206895 0.211348486489 0) (-0.140450632623 0.214503061075 0) (-0.139491848305 0.217653305985 0) (-0.138520940794 0.220799187077 0) (-0.137537997176 0.223940671325 0) (-0.13654310473 0.227077726811 0) (-0.135536350903 0.23021032273 0))
    polyLine 12 16 ((0.0441850957508 0.187066878943 -0.03) (0.0446605026236 0.188014098687 -0.03) (0.0451383091252 0.188960110254 -0.03) (0.0456185121855 0.189904907565 -0.03) (0.0461011087186 0.190848484548 -0.03) (0.0465860956233 0.191790835141 -0.03) (0.0470734697831 0.192731953288 -0.03) (0.0475632280662 0.19367183294 -0.03) (0.0480553673254 0.19461046806 -0.03) (0.0485498843981 0.195547852614 -0.03) (0.0490467761067 0.196483980579 -0.03) (0.049546039258 0.19741884594 -0.03) (0.050047670644 0.198352442689 -0.03) (0.050551667041 0.199284764828 -0.03) (0.0510580252103 0.200215806364 -0.03) (0.0515667418983 0.201145561315 -0.03) (0.0520778138357 0.202074023706 -0.03) (0.0525912377385 0.203001187572 -0.03) (0.0531070103075 0.203927046953 -0.03) (0.0536251282282 0.204851595901 -0.03) (0.0541455881713 0.205774828475 -0.03) (0.0546683867923 0.206696738742 -0.03) (0.0551935207317 0.207617320777 -0.03) (0.0557209866149 0.208536568665 -0.03) (0.0562507810525 0.209454476498 -0.03) (0.0567829006401 0.21037103838 -0.03) (0.0573173419582 0.211286248418 -0.03) (0.0578541015725 0.212200100734 -0.03) (0.0583931760339 0.213112589453 -0.03) (0.0589345618781 0.214023708712 -0.03) (0.0594782556264 0.214933452657 -0.03) (0.0600242537848 0.215841815442 -0.03) (0.0605725528449 0.216748791229 -0.03) (0.0611231492832 0.21765437419 -0.03) (0.0616760395617 0.218558558506 -0.03) (0.0622312201275 0.219461338367 -0.03) (0.0627886874129 0.220362707971 -0.03) (0.0633484378358 0.221262661526 -0.03) (0.0639104677991 0.22216119325 -0.03) (0.0644747736912 0.223058297367 -0.03) (0.065041351886 0.223953968114 -0.03) (0.0656101987426 0.224848199735 -0.03) (0.0661813106056 0.225740986483 -0.03) (0.066754683805 0.226632322621 -0.03) (0.0673303146564 0.227522202422 -0.03) (0.0679081994607 0.228410620168 -0.03) (0.0684883345045 0.229297570149 -0.03) (0.0690707160598 0.230183046665 -0.03) (0.0696553403842 0.231067044028 -0.03) (0.070242203721 0.231949556555 -0.03) (0.070831302299 0.232830578577 -0.03) (0.0714226323326 0.233710104432 -0.03) (0.072016190022 0.234588128467 -0.03) (0.0726119715529 0.235464645042 -0.03) (0.0732099730969 0.236339648522 -0.03) (0.0738101908112 0.237213133286 -0.03) (0.0744126208388 0.238085093721 -0.03) (0.0750172593085 0.238955524222 -0.03) (0.075624102335 0.239824419198 -0.03) (0.0762331460185 0.240691773064 -0.03))
    polyLine 14 18 ((0.0441850957508 0.187066878943 0) (0.0446605026236 0.188014098687 0) (0.0451383091252 0.188960110254 0) (0.0456185121855 0.189904907565 0) (0.0461011087186 0.190848484548 0) (0.0465860956233 0.191790835141 0) (0.0470734697831 0.192731953288 0) (0.0475632280662 0.19367183294 0) (0.0480553673254 0.19461046806 0) (0.0485498843981 0.195547852614 0) (0.0490467761067 0.196483980579 0) (0.049546039258 0.19741884594 0) (0.050047670644 0.198352442689 0) (0.050551667041 0.199284764828 0) (0.0510580252103 0.200215806364 0) (0.0515667418983 0.201145561315 0) (0.0520778138357 0.202074023706 0) (0.0525912377385 0.203001187572 0) (0.0531070103075 0.203927046953 0) (0.0536251282282 0.204851595901 0) (0.0541455881713 0.205774828475 0) (0.0546683867923 0.206696738742 0) (0.0551935207317 0.207617320777 0) (0.0557209866149 0.208536568665 0) (0.0562507810525 0.209454476498 0) (0.0567829006401 0.21037103838 0) (0.0573173419582 0.211286248418 0) (0.0578541015725 0.212200100734 0) (0.0583931760339 0.213112589453 0) (0.0589345618781 0.214023708712 0) (0.0594782556264 0.214933452657 0) (0.0600242537848 0.215841815442 0) (0.0605725528449 0.216748791229 0) (0.0611231492832 0.21765437419 0) (0.0616760395617 0.218558558506 0) (0.0622312201275 0.219461338367 0) (0.0627886874129 0.220362707971 0) (0.0633484378358 0.221262661526 0) (0.0639104677991 0.22216119325 0) (0.0644747736912 0.223058297367 0) (0.065041351886 0.223953968114 0) (0.0656101987426 0.224848199735 0) (0.0661813106056 0.225740986483 0) (0.066754683805 0.226632322621 0) (0.0673303146564 0.227522202422 0) (0.0679081994607 0.228410620168 0) (0.0684883345045 0.229297570149 0) (0.0690707160598 0.230183046665 0) (0.0696553403842 0.231067044028 0) (0.070242203721 0.231949556555 0) (0.070831302299 0.232830578577 0) (0.0714226323326 0.233710104432 0) (0.072016190022 0.234588128467 0) (0.0726119715529 0.235464645042 0) (0.0732099730969 0.236339648522 0) (0.0738101908112 0.237213133286 0) (0.0744126208388 0.238085093721 0) (0.0750172593085 0.238955524222 0) (0.075624102335 0.239824419198 0) (0.0762331460185 0.240691773064 0))
    polyLine 13 17 ((-0.133483611561 0.236474062891 -0.03) (-0.132437712144 0.239605115782 -0.03) (-0.13138021385 0.242731561349 -0.03) (-0.130311205515 0.24585337399 -0.03) (-0.129230775959 0.248970529205 -0.03) (-0.128139013961 0.252083003587 -0.03) (-0.127036008223 0.255190774816 -0.03) (-0.12592184735 0.258293821655 -0.03) (-0.124796619817 0.261392123943 -0.03) (-0.123660413946 0.264485662585 -0.03) (-0.122513317877 0.267574419547 -0.03) (-0.121355419543 0.270658377845 -0.03) (-0.120186806647 0.273737521543 -0.03) (-0.119007566635 0.276811835739 -0.03) (-0.117817786674 0.279881306558 -0.03) (-0.116617553625 0.282945921144 -0.03) (-0.115406954024 0.286005667649 -0.03) (-0.11418607406 0.289060535228 -0.03) (-0.11295499955 0.292110514024 -0.03) (-0.11171381592 0.295155595161 -0.03) (-0.110462608185 0.298195770735 -0.03) (-0.109201460926 0.301231033801 -0.03) (-0.107930458276 0.304261378367 -0.03))
    polyLine 15 19 ((-0.133483611561 0.236474062891 0) (-0.132437712144 0.239605115782 0) (-0.13138021385 0.242731561349 0) (-0.130311205515 0.24585337399 0) (-0.129230775959 0.248970529205 0) (-0.128139013961 0.252083003587 0) (-0.127036008223 0.255190774816 0) (-0.12592184735 0.258293821655 0) (-0.124796619817 0.261392123943 0) (-0.123660413946 0.264485662585 0) (-0.122513317877 0.267574419547 0) (-0.121355419543 0.270658377845 0) (-0.120186806647 0.273737521543 0) (-0.119007566635 0.276811835739 0) (-0.117817786674 0.279881306558 0) (-0.116617553625 0.282945921144 0) (-0.115406954024 0.286005667649 0) (-0.11418607406 0.289060535228 0) (-0.11295499955 0.292110514024 0) (-0.11171381592 0.295155595161 0) (-0.110462608185 0.298195770735 0) (-0.109201460926 0.301231033801 0) (-0.107930458276 0.304261378367 0))
    polyLine 16 20 ((0.0768443864456 0.241557580247 -0.03) (0.0774578196882 0.242421835183 -0.03) (0.0780734418045 0.243284532318 -0.03) (0.0786912488385 0.244145666109 -0.03) (0.0793112368202 0.245005231023 -0.03) (0.0799334017656 0.245863221534 -0.03) (0.0805577396766 0.246719632131 -0.03) (0.0811842465412 0.24757445731 -0.03) (0.0818129183335 0.248427691577 -0.03) (0.0824437510136 0.249279329451 -0.03) (0.083076740528 0.250129365457 -0.03) (0.0837118828088 0.250977794135 -0.03) (0.0843491737748 0.251824610031 -0.03) (0.0849886093308 0.252669807704 -0.03) (0.0856301853676 0.253513381724 -0.03) (0.0862738977625 0.254355326669 -0.03) (0.0869197423791 0.255195637128 -0.03) (0.0875677150672 0.256034307703 -0.03) (0.0882178116629 0.256871333004 -0.03) (0.0888700279886 0.257706707652 -0.03) (0.0895243598533 0.258540426278 -0.03) (0.0901808030521 0.259372483526 -0.03) (0.0908393533669 0.260202874049 -0.03) (0.0915000065658 0.261031592511 -0.03) (0.0921627584034 0.261858633585 -0.03) (0.0928276046208 0.262683991959 -0.03) (0.0934945409459 0.263507662327 -0.03) (0.0941635630928 0.264329639398 -0.03) (0.0948346667625 0.265149917888 -0.03) (0.0955078476423 0.265968492528 -0.03) (0.0961831014066 0.266785358056 -0.03) (0.096860423716 0.267600509224 -0.03) (0.0975398102182 0.268413940794 -0.03) (0.0982212565473 0.269225647537 -0.03) (0.0989047583245 0.27003562424 -0.03) (0.0995903111575 0.270843865695 -0.03) (0.100277910641 0.271650366711 -0.03) (0.100967552357 0.272455122103 -0.03) (0.101659231872 0.273258126701 -0.03) (0.102352944744 0.274059375345 -0.03) (0.103048686513 0.274858862886 -0.03) (0.10374645271 0.275656584186 -0.03) (0.104446238849 0.27645253412 -0.03) (0.105148040435 0.277246707572 -0.03) (0.105851852957 0.278039099439 -0.03) (0.106557671894 0.278829704629 -0.03) (0.107265492708 0.279618518062 -0.03) (0.107975310853 0.280405534668 -0.03) (0.108687121766 0.281190749392 -0.03) (0.109400920873 0.281974157186 -0.03) (0.110116703588 0.282755753016 -0.03) (0.110834465311 0.283535531861 -0.03) (0.11155420143 0.284313488708 -0.03) (0.11227590732 0.28508961856 -0.03) (0.112999578342 0.285863916429 -0.03) (0.113725209847 0.286636377338 -0.03) (0.114452797172 0.287406996324 -0.03) (0.115182335641 0.288175768436 -0.03) (0.115913820566 0.288942688733 -0.03) (0.116647247247 0.289707752286 -0.03) (0.117382610971 0.29047095418 -0.03))
    polyLine 18 22 ((0.0768443864456 0.241557580247 0) (0.0774578196882 0.242421835183 0) (0.0780734418045 0.243284532318 0) (0.0786912488385 0.244145666109 0) (0.0793112368202 0.245005231023 0) (0.0799334017656 0.245863221534 0) (0.0805577396766 0.246719632131 0) (0.0811842465412 0.24757445731 0) (0.0818129183335 0.248427691577 0) (0.0824437510136 0.249279329451 0) (0.083076740528 0.250129365457 0) (0.0837118828088 0.250977794135 0) (0.0843491737748 0.251824610031 0) (0.0849886093308 0.252669807704 0) (0.0856301853676 0.253513381724 0) (0.0862738977625 0.254355326669 0) (0.0869197423791 0.255195637128 0) (0.0875677150672 0.256034307703 0) (0.0882178116629 0.256871333004 0) (0.0888700279886 0.257706707652 0) (0.0895243598533 0.258540426278 0) (0.0901808030521 0.259372483526 0) (0.0908393533669 0.260202874049 0) (0.0915000065658 0.261031592511 0) (0.0921627584034 0.261858633585 0) (0.0928276046208 0.262683991959 0) (0.0934945409459 0.263507662327 0) (0.0941635630928 0.264329639398 0) (0.0948346667625 0.265149917888 0) (0.0955078476423 0.265968492528 0) (0.0961831014066 0.266785358056 0) (0.096860423716 0.267600509224 0) (0.0975398102182 0.268413940794 0) (0.0982212565473 0.269225647537 0) (0.0989047583245 0.27003562424 0) (0.0995903111575 0.270843865695 0) (0.100277910641 0.271650366711 0) (0.100967552357 0.272455122103 0) (0.101659231872 0.273258126701 0) (0.102352944744 0.274059375345 0) (0.103048686513 0.274858862886 0) (0.10374645271 0.275656584186 0) (0.104446238849 0.27645253412 0) (0.105148040435 0.277246707572 0) (0.105851852957 0.278039099439 0) (0.106557671894 0.278829704629 0) (0.107265492708 0.279618518062 0) (0.107975310853 0.280405534668 0) (0.108687121766 0.281190749392 0) (0.109400920873 0.281974157186 0) (0.110116703588 0.282755753016 0) (0.110834465311 0.283535531861 0) (0.11155420143 0.284313488708 0) (0.11227590732 0.28508961856 0) (0.112999578342 0.285863916429 0) (0.113725209847 0.286636377338 0) (0.114452797172 0.287406996324 0) (0.115182335641 0.288175768436 0) (0.115913820566 0.288942688733 0) (0.116647247247 0.289707752286 0) (0.117382610971 0.29047095418 0))
    polyLine 17 21 ((-0.105352203334 0.310323643521 -0.03) (-0.104045012967 0.313355503194 -0.03) (-0.102728196278 0.316382376068 -0.03) (-0.101401836196 0.319404260734 -0.03) (-0.100066015086 0.322421156685 -0.03) (-0.098720814726 0.325433064312 -0.03) (-0.0973663162956 0.328439984884 -0.03) (-0.0960026003608 0.331441920544 -0.03) (-0.094629746859 0.334438874292 -0.03) (-0.0932478350858 0.337430849979 -0.03) (-0.0918569436819 0.340417852288 -0.03) (-0.0904571506198 0.343399886729 -0.03) (-0.0890485331927 0.346376959624 -0.03) (-0.0876311680018 0.349349078093 -0.03) (-0.086205130946 0.352316250049 -0.03) (-0.0847704972108 0.35527848418 -0.03) (-0.0833273412586 0.358235789939 -0.03) (-0.0818757368185 0.361188177534 -0.03) (-0.0804157568773 0.364135657913 -0.03) (-0.0789474736712 0.367078242757 -0.03) (-0.0774709586767 0.370015944463 -0.03) (-0.0759862826036 0.372948776135 -0.03) (-0.0744935153867 0.375876751575 -0.03))
    polyLine 19 23 ((-0.105352203334 0.310323643521 0) (-0.104045012967 0.313355503194 0) (-0.102728196278 0.316382376068 0) (-0.101401836196 0.319404260734 0) (-0.100066015086 0.322421156685 0) (-0.098720814726 0.325433064312 0) (-0.0973663162956 0.328439984884 0) (-0.0960026003608 0.331441920544 0) (-0.094629746859 0.334438874292 0) (-0.0932478350858 0.337430849979 0) (-0.0918569436819 0.340417852288 0) (-0.0904571506198 0.343399886729 0) (-0.0890485331927 0.346376959624 0) (-0.0876311680018 0.349349078093 0) (-0.086205130946 0.352316250049 0) (-0.0847704972108 0.35527848418 0) (-0.0833273412586 0.358235789939 0) (-0.0818757368185 0.361188177534 0) (-0.0804157568773 0.364135657913 0) (-0.0789474736712 0.367078242757 0) (-0.0774709586767 0.370015944463 0) (-0.0759862826036 0.372948776135 0) (-0.0744935153867 0.375876751575 0))
    polyLine 20 24 ((0.118119907012 0.291232289511 -0.03) (0.118859130633 0.291991753385 -0.03) (0.119600277083 0.292749340923 -0.03) (0.120343341599 0.293505047256 -0.03) (0.121088319408 0.294258867528 -0.03) (0.12183520572 0.295010796895 -0.03) (0.122583995738 0.295760830526 -0.03) (0.123334684649 0.2965089636 -0.03) (0.124087267629 0.29725519131 -0.03) (0.124841739843 0.29799950886 -0.03) (0.125598096442 0.298741911469 -0.03) (0.126356332565 0.299482394365 -0.03) (0.127116443341 0.300220952789 -0.03) (0.127878423884 0.300957581996 -0.03) (0.128642269299 0.301692277253 -0.03) (0.129407974677 0.302425033837 -0.03) (0.130175535097 0.303155847041 -0.03) (0.130944945627 0.303884712168 -0.03) (0.131716201323 0.304611624535 -0.03) (0.132489297229 0.30533657947 -0.03) (0.133264228377 0.306059572315 -0.03) (0.134040989787 0.306780598423 -0.03) (0.134819576467 0.307499653163 -0.03) (0.135599983416 0.308216731912 -0.03) (0.136382205617 0.308931830063 -0.03) (0.137166238044 0.309644943021 -0.03) (0.137952075659 0.310356066203 -0.03) (0.138739713412 0.31106519504 -0.03) (0.139529146242 0.311772324975 -0.03) (0.140320369076 0.312477451464 -0.03) (0.141113376829 0.313180569975 -0.03) (0.141908164406 0.31388167599 -0.03) (0.142704726699 0.314580765005 -0.03) (0.14350305859 0.315277832526 -0.03) (0.144303154948 0.315972874075 -0.03) (0.145105010633 0.316665885185 -0.03) (0.145908620491 0.317356861403 -0.03) (0.146713979359 0.318045798289 -0.03) (0.14752108206 0.318732691414 -0.03) (0.14832992341 0.319417536367 -0.03) (0.149140498209 0.320100328745 -0.03) (0.149952801251 0.320781064161 -0.03) (0.150766827313 0.321459738241 -0.03) (0.151582571167 0.322136346624 -0.03) (0.152400027569 0.322810884961 -0.03) (0.153219191266 0.323483348918 -0.03) (0.154040056996 0.324153734174 -0.03) (0.154862619482 0.324822036421 -0.03) (0.15568687344 0.325488251365 -0.03) (0.156512813572 0.326152374724 -0.03) (0.157340434571 0.32681440223 -0.03) (0.158169731119 0.32747432963 -0.03) (0.159000697886 0.328132152683 -0.03) (0.159833329533 0.328787867162 -0.03) (0.16066762071 0.329441468853 -0.03) (0.161503566055 0.330092953555 -0.03) (0.162341160196 0.330742317084 -0.03) (0.163180397752 0.331389555265 -0.03) (0.164021273328 0.332034663939 -0.03) (0.164863781523 0.332677638962 -0.03) (0.165707916921 0.333318476201 -0.03))
    polyLine 22 26 ((0.118119907012 0.291232289511 0) (0.118859130633 0.291991753385 0) (0.119600277083 0.292749340923 0) (0.120343341599 0.293505047256 0) (0.121088319408 0.294258867528 0) (0.12183520572 0.295010796895 0) (0.122583995738 0.295760830526 0) (0.123334684649 0.2965089636 0) (0.124087267629 0.29725519131 0) (0.124841739843 0.29799950886 0) (0.125598096442 0.298741911469 0) (0.126356332565 0.299482394365 0) (0.127116443341 0.300220952789 0) (0.127878423884 0.300957581996 0) (0.128642269299 0.301692277253 0) (0.129407974677 0.302425033837 0) (0.130175535097 0.303155847041 0) (0.130944945627 0.303884712168 0) (0.131716201323 0.304611624535 0) (0.132489297229 0.30533657947 0) (0.133264228377 0.306059572315 0) (0.134040989787 0.306780598423 0) (0.134819576467 0.307499653163 0) (0.135599983416 0.308216731912 0) (0.136382205617 0.308931830063 0) (0.137166238044 0.309644943021 0) (0.137952075659 0.310356066203 0) (0.138739713412 0.31106519504 0) (0.139529146242 0.311772324975 0) (0.140320369076 0.312477451464 0) (0.141113376829 0.313180569975 0) (0.141908164406 0.31388167599 0) (0.142704726699 0.314580765005 0) (0.14350305859 0.315277832526 0) (0.144303154948 0.315972874075 0) (0.145105010633 0.316665885185 0) (0.145908620491 0.317356861403 0) (0.146713979359 0.318045798289 0) (0.14752108206 0.318732691414 0) (0.14832992341 0.319417536367 0) (0.149140498209 0.320100328745 0) (0.149952801251 0.320781064161 0) (0.150766827313 0.321459738241 0) (0.151582571167 0.322136346624 0) (0.152400027569 0.322810884961 0) (0.153219191266 0.323483348918 0) (0.154040056996 0.324153734174 0) (0.154862619482 0.324822036421 0) (0.15568687344 0.325488251365 0) (0.156512813572 0.326152374724 0) (0.157340434571 0.32681440223 0) (0.158169731119 0.32747432963 0) (0.159000697886 0.328132152683 0) (0.159833329533 0.328787867162 0) (0.16066762071 0.329441468853 0) (0.161503566055 0.330092953555 0) (0.162341160196 0.330742317084 0) (0.163180397752 0.331389555265 0) (0.164021273328 0.332034663939 0) (0.164863781523 0.332677638962 0) (0.165707916921 0.333318476201 0))
    polyLine 21 25 ((-0.0714730160031 0.381739332669 -0.03) (-0.0699453055028 0.384673899407 -0.03) (-0.068409662904 0.387603602317 -0.03) (-0.0668661556024 0.390528458889 -0.03) (-0.0653148501598 0.393448487262 -0.03) (-0.0637558122983 0.396363706207 -0.03) (-0.062189106897 0.39927413512 -0.03) (-0.0606147979869 0.402179794005 -0.03) (-0.0590329487478 0.40508070347 -0.03) (-0.0574436215049 0.407976884709 -0.03) (-0.0558468777255 0.410868359495 -0.03) (-0.0542427780162 0.413755150169 -0.03) (-0.0526313821211 0.416637279629 -0.03) (-0.0510127489191 0.419514771317 -0.03) (-0.0493869364224 0.422387649212 -0.03) (-0.0477540017748 0.425255937818 -0.03) (-0.0461140012508 0.428119662154 -0.03) (-0.0444669902544 0.430978847744 -0.03) (-0.0428130233184 0.433833520605 -0.03) (-0.041152154104 0.43668370724 -0.03) (-0.0394844354008 0.439529434629 -0.03) (-0.0378099191265 0.442370730216 -0.03) (-0.0361286563274 0.445207621901 -0.03))
    polyLine 23 27 ((-0.0714730160031 0.381739332669 0) (-0.0699453055028 0.384673899407 0) (-0.068409662904 0.387603602317 0) (-0.0668661556024 0.390528458889 0) (-0.0653148501598 0.393448487262 0) (-0.0637558122983 0.396363706207 0) (-0.062189106897 0.39927413512 0) (-0.0606147979869 0.402179794005 0) (-0.0590329487478 0.40508070347 0) (-0.0574436215049 0.407976884709 0) (-0.0558468777255 0.410868359495 0) (-0.0542427780162 0.413755150169 0) (-0.0526313821211 0.416637279629 0) (-0.0510127489191 0.419514771317 0) (-0.0493869364224 0.422387649212 0) (-0.0477540017748 0.425255937818 0) (-0.0461140012508 0.428119662154 0) (-0.0444669902544 0.430978847744 0) (-0.0428130233184 0.433833520605 0) (-0.041152154104 0.43668370724 0) (-0.0394844354008 0.439529434629 0) (-0.0378099191265 0.442370730216 0) (-0.0361286563274 0.445207621901 0))
    polyLine 24 28 ((0.166553674098 0.333957171539 -0.03) (0.16740104762 0.334593720871 -0.03) (0.168250032041 0.335228120107 -0.03) (0.169100621906 0.335860365169 -0.03) (0.169952811749 0.336490451996 -0.03) (0.170806596094 0.337118376538 -0.03) (0.171661969453 0.337744134761 -0.03) (0.172518926332 0.338367722642 -0.03) (0.173377461222 0.338989136176 -0.03) (0.174237568607 0.339608371368 -0.03) (0.17509924296 0.34022542424 -0.03) (0.175962478744 0.340840290826 -0.03) (0.176827270412 0.341452967176 -0.03) (0.177693612405 0.342063449352 -0.03) (0.178561499159 0.342671733431 -0.03) (0.179430925094 0.343277815505 -0.03) (0.180301884625 0.343881691678 -0.03) (0.181174372155 0.344483358071 -0.03) (0.182048382077 0.345082810817 -0.03) (0.182923908774 0.345680046063 -0.03) (0.183800946621 0.346275059973 -0.03) (0.184679489982 0.346867848722 -0.03) (0.18555953321 0.347458408501 -0.03) (0.186441070652 0.348046735516 -0.03) (0.187324096642 0.348632825986 -0.03) (0.188208605506 0.349216676144 -0.03) (0.18909459156 0.349798282238 -0.03) (0.189982049111 0.350377640532 -0.03) (0.190870972456 0.350954747303 -0.03) (0.191761355883 0.351529598841 -0.03) (0.19265319367 0.352102191453 -0.03) (0.193546480086 0.35267252146 -0.03) (0.194441209391 0.353240585196 -0.03) (0.195337375835 0.353806379011 -0.03) (0.19623497366 0.354369899269 -0.03) (0.197133997098 0.35493114235 -0.03) (0.198034440372 0.355490104646 -0.03) (0.198936297695 0.356046782566 -0.03) (0.199839563272 0.356601172532 -0.03) (0.200744231299 0.357153270983 -0.03) (0.201650295962 0.35770307437 -0.03) (0.202557751439 0.358250579159 -0.03) (0.203466591898 0.358795781834 -0.03) (0.2043768115 0.35933867889 -0.03) (0.205288404395 0.359879266839 -0.03) (0.206201364726 0.360417542208 -0.03) (0.207115686626 0.360953501536 -0.03) (0.208031364219 0.36148714138 -0.03) (0.208948391621 0.362018458311 -0.03) (0.20986676294 0.362547448914 -0.03) (0.210786472274 0.363074109791 -0.03) (0.211707513712 0.363598437557 -0.03) (0.212629881337 0.364120428842 -0.03) (0.213553569221 0.364640080293 -0.03) (0.214478571429 0.365157388569 -0.03) (0.215404882016 0.365672350348 -0.03) (0.216332495031 0.366184962319 -0.03) (0.217261404511 0.366695221189 -0.03) (0.218191604489 0.367203123679 -0.03) (0.219123088986 0.367708666524 -0.03) (0.220055852018 0.368211846477 -0.03))
    polyLine 26 30 ((0.166553674098 0.333957171539 0) (0.16740104762 0.334593720871 0) (0.168250032041 0.335228120107 0) (0.169100621906 0.335860365169 0) (0.169952811749 0.336490451996 0) (0.170806596094 0.337118376538 0) (0.171661969453 0.337744134761 0) (0.172518926332 0.338367722642 0) (0.173377461222 0.338989136176 0) (0.174237568607 0.339608371368 0) (0.17509924296 0.34022542424 0) (0.175962478744 0.340840290826 0) (0.176827270412 0.341452967176 0) (0.177693612405 0.342063449352 0) (0.178561499159 0.342671733431 0) (0.179430925094 0.343277815505 0) (0.180301884625 0.343881691678 0) (0.181174372155 0.344483358071 0) (0.182048382077 0.345082810817 0) (0.182923908774 0.345680046063 0) (0.183800946621 0.346275059973 0) (0.184679489982 0.346867848722 0) (0.18555953321 0.347458408501 0) (0.186441070652 0.348046735516 0) (0.187324096642 0.348632825986 0) (0.188208605506 0.349216676144 0) (0.18909459156 0.349798282238 0) (0.189982049111 0.350377640532 0) (0.190870972456 0.350954747303 0) (0.191761355883 0.351529598841 0) (0.19265319367 0.352102191453 0) (0.193546480086 0.35267252146 0) (0.194441209391 0.353240585196 0) (0.195337375835 0.353806379011 0) (0.19623497366 0.354369899269 0) (0.197133997098 0.35493114235 0) (0.198034440372 0.355490104646 0) (0.198936297695 0.356046782566 0) (0.199839563272 0.356601172532 0) (0.200744231299 0.357153270983 0) (0.201650295962 0.35770307437 0) (0.202557751439 0.358250579159 0) (0.203466591898 0.358795781834 0) (0.2043768115 0.35933867889 0) (0.205288404395 0.359879266839 0) (0.206201364726 0.360417542208 0) (0.207115686626 0.360953501536 0) (0.208031364219 0.36148714138 0) (0.208948391621 0.362018458311 0) (0.20986676294 0.362547448914 0) (0.210786472274 0.363074109791 0) (0.211707513712 0.363598437557 0) (0.212629881337 0.364120428842 0) (0.213553569221 0.364640080293 0) (0.214478571429 0.365157388569 0) (0.215404882016 0.365672350348 0) (0.216332495031 0.366184962319 0) (0.217261404511 0.366695221189 0) (0.218191604489 0.367203123679 0) (0.219123088986 0.367708666524 0) (0.220055852018 0.368211846477 0))
    polyLine 25 29 ((-0.0327300200491 0.45089505516 -0.03) (-0.03101261927 0.453745572901 -0.03) (-0.0292885437597 0.456591721743 -0.03) (-0.0275578415358 0.459433532604 -0.03) (-0.0258205597173 0.462271036817 -0.03) (-0.0240767445262 0.465104266126 -0.03) (-0.0223264412891 0.467933252674 -0.03) (-0.0205696944396 0.470758028999 -0.03) (-0.0188065475203 0.473578628017 -0.03) (-0.0170370431851 0.476395083024 -0.03) (-0.0152612232019 0.479207427681 -0.03) (-0.0134791284551 0.48201569601 -0.03) (-0.0116907989482 0.484819922381 -0.03) (-0.00989627380706 0.487620141513 -0.03) (-0.00809559128251 0.490416388456 -0.03) (-0.00628878875364 0.493208698594 -0.03) (-0.00447590273098 0.49599710763 -0.03) (-0.00265696885974 0.498781651583 -0.03) (-0.000832021923253 0.501562366781 -0.03) (0.000998904153621 0.504339289852 -0.03) (0.0028357763009 0.507112457721 -0.03) (0.0046785622999 0.509881907599 -0.03) (0.00652723077953 0.512647676981 -0.03))
    polyLine 27 31 ((-0.0327300200491 0.45089505516 0) (-0.03101261927 0.453745572901 0) (-0.0292885437597 0.456591721743 0) (-0.0275578415358 0.459433532604 0) (-0.0258205597173 0.462271036817 0) (-0.0240767445262 0.465104266126 0) (-0.0223264412891 0.467933252674 0) (-0.0205696944396 0.470758028999 0) (-0.0188065475203 0.473578628017 0) (-0.0170370431851 0.476395083024 0) (-0.0152612232019 0.479207427681 0) (-0.0134791284551 0.48201569601 0) (-0.0116907989482 0.484819922381 0) (-0.00989627380706 0.487620141513 0) (-0.00809559128251 0.490416388456 0) (-0.00628878875364 0.493208698594 0) (-0.00447590273098 0.49599710763 0) (-0.00265696885974 0.498781651583 0) (-0.000832021923253 0.501562366781 0) (0.000998904153621 0.504339289852 0) (0.0028357763009 0.507112457721 0) (0.0046785622999 0.509881907599 0) (0.00652723077953 0.512647676981 0))
    polyLine 28 32 ((0.220989887589 0.368712660304 -0.03) (0.221925189698 0.369211104787 -0.03) (0.222861752335 0.369707176722 -0.03) (0.223799569481 0.370200872922 -0.03) (0.22473863511 0.370692190215 -0.03) (0.225678943187 0.371181125442 -0.03) (0.226620487671 0.371667675464 -0.03) (0.22756326251 0.372151837152 -0.03) (0.228507261647 0.372633607395 -0.03) (0.229452479014 0.373112983098 -0.03) (0.23039890854 0.373589961181 -0.03) (0.231346544141 0.374064538578 -0.03) (0.232295379728 0.374536712239 -0.03) (0.233245409203 0.375006479131 -0.03) (0.234196626463 0.375473836234 -0.03) (0.235149025395 0.375938780546 -0.03) (0.236102599877 0.376401309078 -0.03) (0.237057343784 0.376861418859 -0.03) (0.238013250979 0.377319106932 -0.03) (0.23897031532 0.377774370356 -0.03) (0.239928530657 0.378227206204 -0.03) (0.240887890832 0.378677611568 -0.03) (0.24184838968 0.379125583554 -0.03) (0.24281002103 0.379571119281 -0.03) (0.243772778702 0.380014215888 -0.03) (0.244736656509 0.380454870526 -0.03) (0.245701648257 0.380893080365 -0.03) (0.246667747746 0.381328842589 -0.03) (0.247634948767 0.381762154397 -0.03) (0.248603245105 0.382193013004 -0.03) (0.249571736993 0.382622488865 -0.03) (0.250540228881 0.383051964726 -0.03) (0.251508720769 0.383481440587 -0.03) (0.252477212657 0.383910916448 -0.03) (0.253445704545 0.384340392309 -0.03) (0.254414196433 0.384769868169 -0.03) (0.255382688321 0.38519934403 -0.03) (0.256351180209 0.385628819891 -0.03) (0.257319672098 0.386058295752 -0.03) (0.258288163986 0.386487771613 -0.03) (0.259256655874 0.386917247474 -0.03) (0.260225147762 0.387346723335 -0.03) (0.26119363965 0.387776199196 -0.03) (0.262162131538 0.388205675057 -0.03) (0.263130623426 0.388635150917 -0.03) (0.264099115314 0.389064626778 -0.03) (0.265067607202 0.389494102639 -0.03) (0.26603609909 0.3899235785 -0.03) (0.267004590978 0.390353054361 -0.03) (0.267973082866 0.390782530222 -0.03) (0.268941574754 0.391212006083 -0.03) (0.269910066643 0.391641481944 -0.03) (0.270878558531 0.392070957804 -0.03) (0.271847050419 0.392500433665 -0.03) (0.272815542307 0.392929909526 -0.03) (0.273784034195 0.393359385387 -0.03) (0.274752526083 0.393788861248 -0.03) (0.275721017971 0.394218337109 -0.03) (0.276689509859 0.39464781297 -0.03) (0.277658001747 0.395077288831 -0.03))
    polyLine 30 34 ((0.220989887589 0.368712660304 0) (0.221925189698 0.369211104787 0) (0.222861752335 0.369707176722 0) (0.223799569481 0.370200872922 0) (0.22473863511 0.370692190215 0) (0.225678943187 0.371181125442 0) (0.226620487671 0.371667675464 0) (0.22756326251 0.372151837152 0) (0.228507261647 0.372633607395 0) (0.229452479014 0.373112983098 0) (0.23039890854 0.373589961181 0) (0.231346544141 0.374064538578 0) (0.232295379728 0.374536712239 0) (0.233245409203 0.375006479131 0) (0.234196626463 0.375473836234 0) (0.235149025395 0.375938780546 0) (0.236102599877 0.376401309078 0) (0.237057343784 0.376861418859 0) (0.238013250979 0.377319106932 0) (0.23897031532 0.377774370356 0) (0.239928530657 0.378227206204 0) (0.240887890832 0.378677611568 0) (0.24184838968 0.379125583554 0) (0.24281002103 0.379571119281 0) (0.243772778702 0.380014215888 0) (0.244736656509 0.380454870526 0) (0.245701648257 0.380893080365 0) (0.246667747746 0.381328842589 0) (0.247634948767 0.381762154397 0) (0.248603245105 0.382193013004 0) (0.249571736993 0.382622488865 0) (0.250540228881 0.383051964726 0) (0.251508720769 0.383481440587 0) (0.252477212657 0.383910916448 0) (0.253445704545 0.384340392309 0) (0.254414196433 0.384769868169 0) (0.255382688321 0.38519934403 0) (0.256351180209 0.385628819891 0) (0.257319672098 0.386058295752 0) (0.258288163986 0.386487771613 0) (0.259256655874 0.386917247474 0) (0.260225147762 0.387346723335 0) (0.26119363965 0.387776199196 0) (0.262162131538 0.388205675057 0) (0.263130623426 0.388635150917 0) (0.264099115314 0.389064626778 0) (0.265067607202 0.389494102639 0) (0.26603609909 0.3899235785 0) (0.267004590978 0.390353054361 0) (0.267973082866 0.390782530222 0) (0.268941574754 0.391212006083 0) (0.269910066643 0.391641481944 0) (0.270878558531 0.392070957804 0) (0.271847050419 0.392500433665 0) (0.272815542307 0.392929909526 0) (0.273784034195 0.393359385387 0) (0.274752526083 0.393788861248 0) (0.275721017971 0.394218337109 0) (0.276689509859 0.39464781297 0) (0.277658001747 0.395077288831 0))
    polyLine 29 33 ((0.0102852735449 0.518232208074 -0.03) (0.0121948602261 0.52105087986 -0.03) (0.0141104812751 0.523865860313 -0.03) (0.0160321076187 0.52667719103 -0.03) (0.0179597110866 0.529484913877 -0.03) (0.0198932644076 0.532289070986 -0.03) (0.0218327412044 0.535089704752 -0.03) (0.0237781159897 0.537886857819 -0.03) (0.0257293641612 0.540680573083 -0.03) (0.0276864619971 0.543470893684 -0.03) (0.0296493866518 0.546257863001 -0.03) (0.0316181161508 0.549041524644 -0.03) (0.0335926293866 0.551821922455 -0.03) (0.0355729061136 0.554599100499 -0.03) (0.0375589269442 0.557373103062 -0.03) (0.0395506733433 0.560143974643 -0.03) (0.0415481276246 0.562911759956 -0.03) (0.0435512729457 0.565676503919 -0.03) (0.0455600933034 0.568438251658 -0.03) (0.0475745735293 0.571197048493 -0.03) (0.0495946992855 0.573952939945 -0.03) (0.0516204570602 0.576705971726 -0.03) (0.0536518341628 0.579456189737 -0.03))
    polyLine 31 35 ((0.0102852735449 0.518232208074 0) (0.0121948602261 0.52105087986 0) (0.0141104812751 0.523865860313 0) (0.0160321076187 0.52667719103 0) (0.0179597110866 0.529484913877 0) (0.0198932644076 0.532289070986 0) (0.0218327412044 0.535089704752 0) (0.0237781159897 0.537886857819 0) (0.0257293641612 0.540680573083 0) (0.0276864619971 0.543470893684 0) (0.0296493866518 0.546257863001 0) (0.0316181161508 0.549041524644 0) (0.0335926293866 0.551821922455 0) (0.0355729061136 0.554599100499 0) (0.0375589269442 0.557373103062 0) (0.0395506733433 0.560143974643 0) (0.0415481276246 0.562911759956 0) (0.0435512729457 0.565676503919 0) (0.0455600933034 0.568438251658 0) (0.0475745735293 0.571197048493 0) (0.0495946992855 0.573952939945 0) (0.0516204570602 0.576705971726 0) (0.0536518341628 0.579456189737 0))
    polyLine 32 36 ((0.278626493635 0.395506764692 -0.03) (0.279594985523 0.395936240552 -0.03) (0.280563477411 0.396365716413 -0.03) (0.281531969299 0.396795192274 -0.03) (0.282500461188 0.397224668135 -0.03) (0.283468953076 0.397654143996 -0.03) (0.284437444964 0.398083619857 -0.03) (0.285405936852 0.398513095718 -0.03) (0.28637442874 0.398942571579 -0.03) (0.287342920628 0.39937204744 -0.03) (0.288311412516 0.3998015233 -0.03) (0.289279904404 0.400230999161 -0.03) (0.290248396292 0.400660475022 -0.03) (0.29121688818 0.401089950883 -0.03) (0.292185380068 0.401519426744 -0.03) (0.293153871956 0.401948902605 -0.03) (0.294122363844 0.402378378466 -0.03) (0.295090855732 0.402807854327 -0.03) (0.296059347621 0.403237330188 -0.03) (0.297027839509 0.403666806048 -0.03) (0.297996331397 0.404096281909 -0.03) (0.298964823285 0.40452575777 -0.03) (0.299933315173 0.404955233631 -0.03) (0.300901807061 0.405384709492 -0.03) (0.301870298949 0.405814185353 -0.03) (0.302838790837 0.406243661214 -0.03) (0.303807282725 0.406673137075 -0.03) (0.304775774613 0.407102612935 -0.03) (0.305744266501 0.407532088796 -0.03) (0.306712758389 0.407961564657 -0.03) (0.307681250277 0.408391040518 -0.03) (0.308649742166 0.408820516379 -0.03) (0.309618234054 0.40924999224 -0.03) (0.310586725942 0.409679468101 -0.03) (0.31155521783 0.410108943962 -0.03) (0.312523709718 0.410538419823 -0.03) (0.313492201606 0.410967895683 -0.03) (0.314460693494 0.411397371544 -0.03) (0.315429185382 0.411826847405 -0.03) (0.31639767727 0.412256323266 -0.03) (0.317366169158 0.412685799127 -0.03) (0.318334661046 0.413115274988 -0.03) (0.319303152934 0.413544750849 -0.03) (0.320271644822 0.41397422671 -0.03) (0.321240136711 0.414403702571 -0.03) (0.322208628599 0.414833178431 -0.03) (0.323177120487 0.415262654292 -0.03) (0.324145612375 0.415692130153 -0.03) (0.325114104263 0.416121606014 -0.03) (0.326082596151 0.416551081875 -0.03) (0.327051088039 0.416980557736 -0.03) (0.328019579927 0.417410033597 -0.03) (0.328988071815 0.417839509458 -0.03) (0.329956563703 0.418268985319 -0.03) (0.330925055591 0.418698461179 -0.03) (0.331893547479 0.41912793704 -0.03) (0.332862039367 0.419557412901 -0.03) (0.333830531255 0.419986888762 -0.03) (0.334799023144 0.420416364623 -0.03) (0.335767515032 0.420845840484 -0.03) (0.33673600692 0.421275316345 -0.03))
    polyLine 34 38 ((0.278626493635 0.395506764692 0) (0.279594985523 0.395936240552 0) (0.280563477411 0.396365716413 0) (0.281531969299 0.396795192274 0) (0.282500461188 0.397224668135 0) (0.283468953076 0.397654143996 0) (0.284437444964 0.398083619857 0) (0.285405936852 0.398513095718 0) (0.28637442874 0.398942571579 0) (0.287342920628 0.39937204744 0) (0.288311412516 0.3998015233 0) (0.289279904404 0.400230999161 0) (0.290248396292 0.400660475022 0) (0.29121688818 0.401089950883 0) (0.292185380068 0.401519426744 0) (0.293153871956 0.401948902605 0) (0.294122363844 0.402378378466 0) (0.295090855732 0.402807854327 0) (0.296059347621 0.403237330188 0) (0.297027839509 0.403666806048 0) (0.297996331397 0.404096281909 0) (0.298964823285 0.40452575777 0) (0.299933315173 0.404955233631 0) (0.300901807061 0.405384709492 0) (0.301870298949 0.405814185353 0) (0.302838790837 0.406243661214 0) (0.303807282725 0.406673137075 0) (0.304775774613 0.407102612935 0) (0.305744266501 0.407532088796 0) (0.306712758389 0.407961564657 0) (0.307681250277 0.408391040518 0) (0.308649742166 0.408820516379 0) (0.309618234054 0.40924999224 0) (0.310586725942 0.409679468101 0) (0.31155521783 0.410108943962 0) (0.312523709718 0.410538419823 0) (0.313492201606 0.410967895683 0) (0.314460693494 0.411397371544 0) (0.315429185382 0.411826847405 0) (0.31639767727 0.412256323266 0) (0.317366169158 0.412685799127 0) (0.318334661046 0.413115274988 0) (0.319303152934 0.413544750849 0) (0.320271644822 0.41397422671 0) (0.321240136711 0.414403702571 0) (0.322208628599 0.414833178431 0) (0.323177120487 0.415262654292 0) (0.324145612375 0.415692130153 0) (0.325114104263 0.416121606014 0) (0.326082596151 0.416551081875 0) (0.327051088039 0.416980557736 0) (0.328019579927 0.417410033597 0) (0.328988071815 0.417839509458 0) (0.329956563703 0.418268985319 0) (0.330925055591 0.418698461179 0) (0.331893547479 0.41912793704 0) (0.332862039367 0.419557412901 0) (0.333830531255 0.419986888762 0) (0.334799023144 0.420416364623 0) (0.335767515032 0.420845840484 0) (0.33673600692 0.421275316345 0))
    polyLine 33 37 ((0.0579047868793 0.585180890056 -0.03) (0.0601273273173 0.588154997051 -0.03) (0.0623564281046 0.591126020597 -0.03) (0.0645920784186 0.594094020483 -0.03) (0.0668342685373 0.597059056734 -0.03) (0.0690829898331 0.600021189609 -0.03) (0.0713382347669 0.602980479598 -0.03) (0.0735999968823 0.605936987419 -0.03) (0.0758682707993 0.608890774013 -0.03) (0.0781430522091 0.611841900542 -0.03) (0.0804243378678 0.614790428389 -0.03) (0.0827121255918 0.617736419151 -0.03) (0.0850064142513 0.620679934641 -0.03) (0.0873072037661 0.623621036884 -0.03) (0.0896144950995 0.626559788112 -0.03) (0.0919282902538 0.629496250771 -0.03) (0.0942485922652 0.632430487508 -0.03) (0.0965754051991 0.635362561181 -0.03) (0.098908734145 0.638292534847 -0.03) (0.101248585213 0.64122047177 -0.03) (0.103594965527 0.644146435416 -0.03) (0.105947883225 0.647070489451 -0.03) (0.108307347449 0.649992697744 -0.03))
    polyLine 35 39 ((0.0579047868793 0.585180890056 0) (0.0601273273173 0.588154997051 0) (0.0623564281046 0.591126020597 0) (0.0645920784186 0.594094020483 0) (0.0668342685373 0.597059056734 0) (0.0690829898331 0.600021189609 0) (0.0713382347669 0.602980479598 0) (0.0735999968823 0.605936987419 0) (0.0758682707993 0.608890774013 0) (0.0781430522091 0.611841900542 0) (0.0804243378678 0.614790428389 0) (0.0827121255918 0.617736419151 0) (0.0850064142513 0.620679934641 0) (0.0873072037661 0.623621036884 0) (0.0896144950995 0.626559788112 0) (0.0919282902538 0.629496250771 0) (0.0942485922652 0.632430487508 0) (0.0965754051991 0.635362561181 0) (0.098908734145 0.638292534847 0) (0.101248585213 0.64122047177 0) (0.103594965527 0.644146435416 0) (0.105947883225 0.647070489451 0) (0.108307347449 0.649992697744 0))
    polyLine 36 40 ((0.337704498808 0.421704792206 -0.03) (0.338672990696 0.422134268067 -0.03) (0.339641482584 0.422563743927 -0.03) (0.340609974472 0.422993219788 -0.03) (0.34157846636 0.423422695649 -0.03) (0.342546958248 0.42385217151 -0.03) (0.343515450136 0.424281647371 -0.03) (0.344483942024 0.424711123232 -0.03) (0.345452433912 0.425140599093 -0.03) (0.3464209258 0.425570074954 -0.03) (0.347389417689 0.425999550814 -0.03) (0.348357909577 0.426429026675 -0.03) (0.349326401465 0.426858502536 -0.03) (0.350294893353 0.427287978397 -0.03) (0.351263385241 0.427717454258 -0.03) (0.352231877129 0.428146930119 -0.03) (0.353200369017 0.42857640598 -0.03) (0.354168860905 0.429005881841 -0.03) (0.355137352793 0.429435357702 -0.03) (0.356105844681 0.429864833562 -0.03) (0.357074336569 0.430294309423 -0.03) (0.358042828457 0.430723785284 -0.03) (0.359011320345 0.431153261145 -0.03) (0.359979812234 0.431582737006 -0.03) (0.360948304122 0.432012212867 -0.03) (0.36191679601 0.432441688728 -0.03) (0.362885287898 0.432871164589 -0.03) (0.363853779786 0.43330064045 -0.03) (0.364822271674 0.43373011631 -0.03) (0.365790763562 0.434159592171 -0.03) (0.36675925545 0.434589068032 -0.03) (0.367727747338 0.435018543893 -0.03) (0.368696239226 0.435448019754 -0.03) (0.369664731114 0.435877495615 -0.03) (0.370633223002 0.436306971476 -0.03) (0.37160171489 0.436736447337 -0.03) (0.372570206778 0.437165923198 -0.03) (0.373538698667 0.437595399058 -0.03) (0.374507190555 0.438024874919 -0.03) (0.375475682443 0.43845435078 -0.03) (0.376444174331 0.438883826641 -0.03) (0.377412666219 0.439313302502 -0.03) (0.378381158107 0.439742778363 -0.03) (0.379349649995 0.440172254224 -0.03) (0.380318141883 0.440601730085 -0.03) (0.381286633771 0.441031205945 -0.03) (0.382255125659 0.441460681806 -0.03) (0.383223617547 0.441890157667 -0.03) (0.384192109435 0.442319633528 -0.03) (0.385160601323 0.442749109389 -0.03) (0.386129093212 0.44317858525 -0.03) (0.3870975851 0.443608061111 -0.03) (0.388066076988 0.444037536972 -0.03) (0.389034568876 0.444467012833 -0.03) (0.390003060764 0.444896488693 -0.03) (0.390971552652 0.445325964554 -0.03) (0.39194004454 0.445755440415 -0.03) (0.392908536428 0.446184916276 -0.03) (0.393877028316 0.446614392137 -0.03) (0.394845520204 0.447043867998 -0.03) (0.395814012092 0.447473343859 -0.03))
    polyLine 38 42 ((0.337704498808 0.421704792206 0) (0.338672990696 0.422134268067 0) (0.339641482584 0.422563743927 0) (0.340609974472 0.422993219788 0) (0.34157846636 0.423422695649 0) (0.342546958248 0.42385217151 0) (0.343515450136 0.424281647371 0) (0.344483942024 0.424711123232 0) (0.345452433912 0.425140599093 0) (0.3464209258 0.425570074954 0) (0.347389417689 0.425999550814 0) (0.348357909577 0.426429026675 0) (0.349326401465 0.426858502536 0) (0.350294893353 0.427287978397 0) (0.351263385241 0.427717454258 0) (0.352231877129 0.428146930119 0) (0.353200369017 0.42857640598 0) (0.354168860905 0.429005881841 0) (0.355137352793 0.429435357702 0) (0.356105844681 0.429864833562 0) (0.357074336569 0.430294309423 0) (0.358042828457 0.430723785284 0) (0.359011320345 0.431153261145 0) (0.359979812234 0.431582737006 0) (0.360948304122 0.432012212867 0) (0.36191679601 0.432441688728 0) (0.362885287898 0.432871164589 0) (0.363853779786 0.43330064045 0) (0.364822271674 0.43373011631 0) (0.365790763562 0.434159592171 0) (0.36675925545 0.434589068032 0) (0.367727747338 0.435018543893 0) (0.368696239226 0.435448019754 0) (0.369664731114 0.435877495615 0) (0.370633223002 0.436306971476 0) (0.37160171489 0.436736447337 0) (0.372570206778 0.437165923198 0) (0.373538698667 0.437595399058 0) (0.374507190555 0.438024874919 0) (0.375475682443 0.43845435078 0) (0.376444174331 0.438883826641 0) (0.377412666219 0.439313302502 0) (0.378381158107 0.439742778363 0) (0.379349649995 0.440172254224 0) (0.380318141883 0.440601730085 0) (0.381286633771 0.441031205945 0) (0.382255125659 0.441460681806 0) (0.383223617547 0.441890157667 0) (0.384192109435 0.442319633528 0) (0.385160601323 0.442749109389 0) (0.386129093212 0.44317858525 0) (0.3870975851 0.443608061111 0) (0.388066076988 0.444037536972 0) (0.389034568876 0.444467012833 0) (0.390003060764 0.444896488693 0) (0.390971552652 0.445325964554 0) (0.39194004454 0.445755440415 0) (0.392908536428 0.446184916276 0) (0.393877028316 0.446614392137 0) (0.394845520204 0.447043867998 0) (0.395814012092 0.447473343859 0))
    polyLine 37 41 ((0.113233370782 0.656061970664 -0.03) (0.115801033257 0.659208898936 -0.03) (0.118376372412 0.662353990417 -0.03) (0.120959406225 0.665497326623 -0.03) (0.123550154006 0.668638989338 -0.03) (0.126148636398 0.671779060621 -0.03) (0.128754875368 0.674917622807 -0.03) (0.131368894202 0.678054758504 -0.03) (0.133990717507 0.681190550599 -0.03) (0.136620371202 0.684325082259 -0.03) (0.139257882517 0.687458436929 -0.03) (0.14190327999 0.690590698341 -0.03) (0.144556593464 0.693721950508 -0.03) (0.147217854085 0.696852277735 -0.03) (0.149887094298 0.699981764616 -0.03) (0.15256434785 0.70311049604 -0.03) (0.155249649781 0.706238557191 -0.03) (0.157943036428 0.709366033556 -0.03) (0.160644545423 0.712493010926 -0.03) (0.163354215691 0.715619575398 -0.03) (0.16607208745 0.718745813383 -0.03) (0.168798202209 0.721871811608 -0.03) (0.171532602774 0.724997657119 -0.03))
    polyLine 39 43 ((0.113233370782 0.656061970664 0) (0.115801033257 0.659208898936 0) (0.118376372412 0.662353990417 0) (0.120959406225 0.665497326623 0) (0.123550154006 0.668638989338 0) (0.126148636398 0.671779060621 0) (0.128754875368 0.674917622807 0) (0.131368894202 0.678054758504 0) (0.133990717507 0.681190550599 0) (0.136620371202 0.684325082259 0) (0.139257882517 0.687458436929 0) (0.14190327999 0.690590698341 0) (0.144556593464 0.693721950508 0) (0.147217854085 0.696852277735 0) (0.149887094298 0.699981764616 0) (0.15256434785 0.70311049604 0) (0.155249649781 0.706238557191 0) (0.157943036428 0.709366033556 0) (0.160644545423 0.712493010926 0) (0.163354215691 0.715619575398 0) (0.16607208745 0.718745813383 0) (0.168798202209 0.721871811608 0) (0.171532602774 0.724997657119 0))
    polyLine 40 44 ((0.39678250398 0.44790281972 -0.03) (0.397750995868 0.448332295581 -0.03) (0.398719487757 0.448761771441 -0.03) (0.399687979645 0.449191247302 -0.03) (0.400656471533 0.449620723163 -0.03) (0.401624963421 0.450050199024 -0.03) (0.402593455309 0.450479674885 -0.03) (0.403561947197 0.450909150746 -0.03) (0.404530439085 0.451338626607 -0.03) (0.405498930973 0.451768102468 -0.03) (0.406467422861 0.452197578329 -0.03) (0.407435914749 0.452627054189 -0.03) (0.408404406637 0.45305653005 -0.03) (0.409372898525 0.453486005911 -0.03) (0.410341390413 0.453915481772 -0.03) (0.411309882301 0.454344957633 -0.03) (0.41227837419 0.454774433494 -0.03) (0.413246866078 0.455203909355 -0.03) (0.414215357966 0.455633385216 -0.03) (0.415183849854 0.456062861076 -0.03) (0.416152341742 0.456492336937 -0.03) (0.41712083363 0.456921812798 -0.03) (0.418089325518 0.457351288659 -0.03) (0.419057817406 0.45778076452 -0.03) (0.420026309294 0.458210240381 -0.03) (0.420994801182 0.458639716242 -0.03) (0.42196329307 0.459069192103 -0.03) (0.422931784958 0.459498667964 -0.03) (0.423900276846 0.459928143824 -0.03) (0.424868768735 0.460357619685 -0.03) (0.425837260623 0.460787095546 -0.03) (0.426805752511 0.461216571407 -0.03) (0.427774244399 0.461646047268 -0.03) (0.428742736287 0.462075523129 -0.03) (0.429711228175 0.46250499899 -0.03) (0.430679720063 0.462934474851 -0.03) (0.431648211951 0.463363950712 -0.03) (0.432616703839 0.463793426572 -0.03) (0.433585195727 0.464222902433 -0.03) (0.434553687615 0.464652378294 -0.03) (0.435522179503 0.465081854155 -0.03) (0.436490671391 0.465511330016 -0.03) (0.437459163279 0.465940805877 -0.03) (0.438427655168 0.466370281738 -0.03) (0.439396147056 0.466799757599 -0.03) (0.440364638944 0.46722923346 -0.03) (0.441333130832 0.46765870932 -0.03) (0.44230162272 0.468088185181 -0.03) (0.443270114608 0.468517661042 -0.03) (0.444238606496 0.468947136903 -0.03) (0.445207098384 0.469376612764 -0.03) (0.446175590272 0.469806088625 -0.03) (0.44714408216 0.470235564486 -0.03) (0.448112574048 0.470665040347 -0.03) (0.449081065936 0.471094516207 -0.03) (0.450049557824 0.471523992068 -0.03) (0.451018049713 0.471953467929 -0.03) (0.451986541601 0.47238294379 -0.03) (0.452955033489 0.472812419651 -0.03) (0.453923525377 0.473241895512 -0.03) (0.454892017265 0.473671371373 -0.03))
    polyLine 42 46 ((0.39678250398 0.44790281972 0) (0.397750995868 0.448332295581 0) (0.398719487757 0.448761771441 0) (0.399687979645 0.449191247302 0) (0.400656471533 0.449620723163 0) (0.401624963421 0.450050199024 0) (0.402593455309 0.450479674885 0) (0.403561947197 0.450909150746 0) (0.404530439085 0.451338626607 0) (0.405498930973 0.451768102468 0) (0.406467422861 0.452197578329 0) (0.407435914749 0.452627054189 0) (0.408404406637 0.45305653005 0) (0.409372898525 0.453486005911 0) (0.410341390413 0.453915481772 0) (0.411309882301 0.454344957633 0) (0.41227837419 0.454774433494 0) (0.413246866078 0.455203909355 0) (0.414215357966 0.455633385216 0) (0.415183849854 0.456062861076 0) (0.416152341742 0.456492336937 0) (0.41712083363 0.456921812798 0) (0.418089325518 0.457351288659 0) (0.419057817406 0.45778076452 0) (0.420026309294 0.458210240381 0) (0.420994801182 0.458639716242 0) (0.42196329307 0.459069192103 0) (0.422931784958 0.459498667964 0) (0.423900276846 0.459928143824 0) (0.424868768735 0.460357619685 0) (0.425837260623 0.460787095546 0) (0.426805752511 0.461216571407 0) (0.427774244399 0.461646047268 0) (0.428742736287 0.462075523129 0) (0.429711228175 0.46250499899 0) (0.430679720063 0.462934474851 0) (0.431648211951 0.463363950712 0) (0.432616703839 0.463793426572 0) (0.433585195727 0.464222902433 0) (0.434553687615 0.464652378294 0) (0.435522179503 0.465081854155 0) (0.436490671391 0.465511330016 0) (0.437459163279 0.465940805877 0) (0.438427655168 0.466370281738 0) (0.439396147056 0.466799757599 0) (0.440364638944 0.46722923346 0) (0.441333130832 0.46765870932 0) (0.44230162272 0.468088185181 0) (0.443270114608 0.468517661042 0) (0.444238606496 0.468947136903 0) (0.445207098384 0.469376612764 0) (0.446175590272 0.469806088625 0) (0.44714408216 0.470235564486 0) (0.448112574048 0.470665040347 0) (0.449081065936 0.471094516207 0) (0.450049557824 0.471523992068 0) (0.451018049713 0.471953467929 0) (0.451986541601 0.47238294379 0) (0.452955033489 0.472812419651 0) (0.453923525377 0.473241895512 0) (0.454892017265 0.473671371373 0))
    polyLine 41 45 ((0.177184630768 0.731428689681 -0.03) (0.180103348067 0.734734071179 -0.03) (0.183031541995 0.738039686309 -0.03) (0.185969271031 0.74134564003 -0.03) (0.18891659528 0.744652037741 -0.03) (0.191873576472 0.74795898529 -0.03) (0.194840277967 0.751266588981 -0.03) (0.197816764761 0.754574955581 -0.03) (0.200803103483 0.757884192333 -0.03) (0.203799362408 0.761194406959 -0.03) (0.206805611455 0.764505707674 -0.03) (0.209821922197 0.767818203193 -0.03) (0.212848367863 0.771132002739 -0.03) (0.215885023348 0.774447216056 -0.03) (0.218931965216 0.777763953419 -0.03) (0.22198927171 0.781082325641 -0.03) (0.225057022756 0.784402444089 -0.03) (0.228135299977 0.787724420687 -0.03) (0.231224186693 0.791048367938 -0.03) (0.234323767939 0.794374398924 -0.03) (0.237434130468 0.797702627328 -0.03) (0.240555362762 0.801033167437 -0.03) (0.243687555044 0.804366134164 -0.03))
    polyLine 43 47 ((0.177184630768 0.731428689681 0) (0.180103348067 0.734734071179 0) (0.183031541995 0.738039686309 0) (0.185969271031 0.74134564003 0) (0.18891659528 0.744652037741 0) (0.191873576472 0.74795898529 0) (0.194840277967 0.751266588981 0) (0.197816764761 0.754574955581 0) (0.200803103483 0.757884192333 0) (0.203799362408 0.761194406959 0) (0.206805611455 0.764505707674 0) (0.209821922197 0.767818203193 0) (0.212848367863 0.771132002739 0) (0.215885023348 0.774447216056 0) (0.218931965216 0.777763953419 0) (0.22198927171 0.781082325641 0) (0.225057022756 0.784402444089 0) (0.228135299977 0.787724420687 0) (0.231224186693 0.791048367938 0) (0.234323767939 0.794374398924 0) (0.237434130468 0.797702627328 0) (0.240555362762 0.801033167437 0) (0.243687555044 0.804366134164 0))
    polyLine 44 48 ((0.455860509153 0.474100847234 -0.03) (0.456829001041 0.474530323095 -0.03) (0.457797492929 0.474959798955 -0.03) (0.458765984817 0.475389274816 -0.03) (0.459734476705 0.475818750677 -0.03) (0.460702968593 0.476248226538 -0.03) (0.461671460481 0.476677702399 -0.03) (0.462639952369 0.47710717826 -0.03) (0.463608444258 0.477536654121 -0.03) (0.464576936146 0.477966129982 -0.03) (0.465545428034 0.478395605843 -0.03) (0.466513919922 0.478825081703 -0.03) (0.46748241181 0.479254557564 -0.03) (0.468450903698 0.479684033425 -0.03) (0.469419395586 0.480113509286 -0.03) (0.470387887474 0.480542985147 -0.03) (0.471356379362 0.480972461008 -0.03) (0.47232487125 0.481401936869 -0.03) (0.473293363138 0.48183141273 -0.03) (0.474261855026 0.482260888591 -0.03) (0.475230346914 0.482690364451 -0.03) (0.476198838802 0.483119840312 -0.03) (0.477167330691 0.483549316173 -0.03) (0.478135822579 0.483978792034 -0.03) (0.479104314467 0.484408267895 -0.03) (0.480072806355 0.484837743756 -0.03) (0.481041298243 0.485267219617 -0.03) (0.482009790131 0.485696695478 -0.03) (0.482978282019 0.486126171338 -0.03) (0.483946773907 0.486555647199 -0.03) (0.484915265795 0.48698512306 -0.03) (0.485883757683 0.487414598921 -0.03) (0.486852249571 0.487844074782 -0.03) (0.487820741459 0.488273550643 -0.03) (0.488789233347 0.488703026504 -0.03) (0.489757725236 0.489132502365 -0.03) (0.490726217124 0.489561978226 -0.03) (0.491694709012 0.489991454086 -0.03) (0.4926632009 0.490420929947 -0.03) (0.493631692788 0.490850405808 -0.03) (0.494600184676 0.491279881669 -0.03) (0.495568676564 0.49170935753 -0.03) (0.496537168452 0.492138833391 -0.03) (0.49750566034 0.492568309252 -0.03) (0.498474152228 0.492997785113 -0.03) (0.499442644116 0.493427260974 -0.03) (0.500411136004 0.493856736834 -0.03) (0.501379627892 0.494286212695 -0.03) (0.502348119781 0.494715688556 -0.03) (0.503316611669 0.495145164417 -0.03) (0.504285103557 0.495574640278 -0.03) (0.505253595445 0.496004116139 -0.03) (0.506222087333 0.496433592 -0.03) (0.507190579221 0.496863067861 -0.03) (0.508159071109 0.497292543722 -0.03) (0.509127562997 0.497722019582 -0.03) (0.510096054885 0.498151495443 -0.03) (0.511064546773 0.498580971304 -0.03) (0.512033038661 0.499010447165 -0.03) (0.513001530549 0.499439923026 -0.03))
    polyLine 46 50 ((0.455860509153 0.474100847234 0) (0.456829001041 0.474530323095 0) (0.457797492929 0.474959798955 0) (0.458765984817 0.475389274816 0) (0.459734476705 0.475818750677 0) (0.460702968593 0.476248226538 0) (0.461671460481 0.476677702399 0) (0.462639952369 0.47710717826 0) (0.463608444258 0.477536654121 0) (0.464576936146 0.477966129982 0) (0.465545428034 0.478395605843 0) (0.466513919922 0.478825081703 0) (0.46748241181 0.479254557564 0) (0.468450903698 0.479684033425 0) (0.469419395586 0.480113509286 0) (0.470387887474 0.480542985147 0) (0.471356379362 0.480972461008 0) (0.47232487125 0.481401936869 0) (0.473293363138 0.48183141273 0) (0.474261855026 0.482260888591 0) (0.475230346914 0.482690364451 0) (0.476198838802 0.483119840312 0) (0.477167330691 0.483549316173 0) (0.478135822579 0.483978792034 0) (0.479104314467 0.484408267895 0) (0.480072806355 0.484837743756 0) (0.481041298243 0.485267219617 0) (0.482009790131 0.485696695478 0) (0.482978282019 0.486126171338 0) (0.483946773907 0.486555647199 0) (0.484915265795 0.48698512306 0) (0.485883757683 0.487414598921 0) (0.486852249571 0.487844074782 0) (0.487820741459 0.488273550643 0) (0.488789233347 0.488703026504 0) (0.489757725236 0.489132502365 0) (0.490726217124 0.489561978226 0) (0.491694709012 0.489991454086 0) (0.4926632009 0.490420929947 0) (0.493631692788 0.490850405808 0) (0.494600184676 0.491279881669 0) (0.495568676564 0.49170935753 0) (0.496537168452 0.492138833391 0) (0.49750566034 0.492568309252 0) (0.498474152228 0.492997785113 0) (0.499442644116 0.493427260974 0) (0.500411136004 0.493856736834 0) (0.501379627892 0.494286212695 0) (0.502348119781 0.494715688556 0) (0.503316611669 0.495145164417 0) (0.504285103557 0.495574640278 0) (0.505253595445 0.496004116139 0) (0.506222087333 0.496433592 0) (0.507190579221 0.496863067861 0) (0.508159071109 0.497292543722 0) (0.509127562997 0.497722019582 0) (0.510096054885 0.498151495443 0) (0.511064546773 0.498580971304 0) (0.512033038661 0.499010447165 0) (0.513001530549 0.499439923026 0))
    polyLine 45 49 ((0.250087786386 0.811148231882 -0.03) (0.253356759796 0.814597783095 -0.03) (0.256637826701 0.818050426069 -0.03) (0.259931096327 0.821506290966 -0.03) (0.263236679964 0.824965508746 -0.03) (0.266554690978 0.828428211184 -0.03) (0.26988524483 0.831894530886 -0.03) (0.273228459095 0.835364601309 -0.03) (0.276584453478 0.838838556775 -0.03) (0.279953349832 0.842316532496 -0.03) (0.283335272183 0.845798664587 -0.03) (0.286730346743 0.849285090085 -0.03) (0.290138701939 0.852775946975 -0.03) (0.293560468428 0.856271374201 -0.03) (0.296995779122 0.859771511695 -0.03) (0.300444769213 0.86327650039 -0.03) (0.303907576193 0.866786482248 -0.03) (0.307384339884 0.870301600277 -0.03) (0.310875202458 0.873821998556 -0.03) (0.314380308465 0.877347822255 -0.03) (0.317899804864 0.88087921766 -0.03) (0.321433841045 0.884416332194 -0.03) (0.324982568859 0.887959314446 -0.03))
    polyLine 47 51 ((0.250087786386 0.811148231882 0) (0.253356759796 0.814597783095 0) (0.256637826701 0.818050426069 0) (0.259931096327 0.821506290966 0) (0.263236679964 0.824965508746 0) (0.266554690978 0.828428211184 0) (0.26988524483 0.831894530886 0) (0.273228459095 0.835364601309 0) (0.276584453478 0.838838556775 0) (0.279953349832 0.842316532496 0) (0.283335272183 0.845798664587 0) (0.286730346743 0.849285090085 0) (0.290138701939 0.852775946975 0) (0.293560468428 0.856271374201 0) (0.296995779122 0.859771511695 0) (0.300444769213 0.86327650039 0) (0.303907576193 0.866786482248 0) (0.307384339884 0.870301600277 0) (0.310875202458 0.873821998556 0) (0.314380308465 0.877347822255 0) (0.317899804864 0.88087921766 0) (0.321433841045 0.884416332194 0) (0.324982568859 0.887959314446 0))
    polyLine 48 52 ((0.513970022437 0.499869398887 -0.03) (0.514938514325 0.500298874748 -0.03) (0.515907006214 0.500728350609 -0.03) (0.516875498102 0.50115782647 -0.03) (0.51784398999 0.50158730233 -0.03) (0.518812481878 0.502016778191 -0.03) (0.519780973766 0.502446254052 -0.03) (0.520749465654 0.502875729913 -0.03) (0.521717957542 0.503305205774 -0.03) (0.52268644943 0.503734681635 -0.03) (0.523654941318 0.504164157496 -0.03) (0.524623433206 0.504593633357 -0.03) (0.525591925094 0.505023109217 -0.03) (0.526560416982 0.505452585078 -0.03) (0.52752890887 0.505882060939 -0.03) (0.528497400759 0.5063115368 -0.03) (0.529465892647 0.506741012661 -0.03) (0.530434384535 0.507170488522 -0.03) (0.531402876423 0.507599964383 -0.03) (0.532371368311 0.508029440244 -0.03) (0.533339860199 0.508458916105 -0.03) (0.534308352087 0.508888391965 -0.03) (0.535276843975 0.509317867826 -0.03) (0.536245335863 0.509747343687 -0.03) (0.537213827751 0.510176819548 -0.03) (0.538182319639 0.510606295409 -0.03) (0.539150811527 0.51103577127 -0.03) (0.540119303415 0.511465247131 -0.03) (0.541087795304 0.511894722992 -0.03) (0.542056287192 0.512324198853 -0.03) (0.54302477908 0.512753674713 -0.03) (0.543993270968 0.513183150574 -0.03) (0.544961762856 0.513612626435 -0.03) (0.545930254744 0.514042102296 -0.03) (0.546898746632 0.514471578157 -0.03) (0.54786723852 0.514901054018 -0.03) (0.548835730408 0.515330529879 -0.03) (0.549804222296 0.51576000574 -0.03) (0.550772714184 0.516189481601 -0.03) (0.551741206072 0.516618957461 -0.03) (0.55270969796 0.517048433322 -0.03) (0.553678189848 0.517477909183 -0.03) (0.554646681737 0.517907385044 -0.03) (0.555615173625 0.518336860905 -0.03) (0.556583665513 0.518766336766 -0.03) (0.557552157401 0.519195812627 -0.03) (0.558520649289 0.519625288488 -0.03) (0.559489141177 0.520054764348 -0.03) (0.560457633065 0.520484240209 -0.03) (0.561426124953 0.52091371607 -0.03) (0.562394616841 0.521343191931 -0.03) (0.563363108729 0.521772667792 -0.03) (0.564331600617 0.522202143653 -0.03) (0.565300092505 0.522631619514 -0.03) (0.566268584393 0.523061095375 -0.03) (0.567237076282 0.523490571236 -0.03) (0.56820556817 0.523920047096 -0.03) (0.569174060058 0.524349522957 -0.03) (0.570142551946 0.524778998818 -0.03) (0.571111043834 0.525208474679 -0.03) (0.572079535722 0.52563795054 -0.03))
    polyLine 50 54 ((0.513970022437 0.499869398887 0) (0.514938514325 0.500298874748 0) (0.515907006214 0.500728350609 0) (0.516875498102 0.50115782647 0) (0.51784398999 0.50158730233 0) (0.518812481878 0.502016778191 0) (0.519780973766 0.502446254052 0) (0.520749465654 0.502875729913 0) (0.521717957542 0.503305205774 0) (0.52268644943 0.503734681635 0) (0.523654941318 0.504164157496 0) (0.524623433206 0.504593633357 0) (0.525591925094 0.505023109217 0) (0.526560416982 0.505452585078 0) (0.52752890887 0.505882060939 0) (0.528497400759 0.5063115368 0) (0.529465892647 0.506741012661 0) (0.530434384535 0.507170488522 0) (0.531402876423 0.507599964383 0) (0.532371368311 0.508029440244 0) (0.533339860199 0.508458916105 0) (0.534308352087 0.508888391965 0) (0.535276843975 0.509317867826 0) (0.536245335863 0.509747343687 0) (0.537213827751 0.510176819548 0) (0.538182319639 0.510606295409 0) (0.539150811527 0.51103577127 0) (0.540119303415 0.511465247131 0) (0.541087795304 0.511894722992 0) (0.542056287192 0.512324198853 0) (0.54302477908 0.512753674713 0) (0.543993270968 0.513183150574 0) (0.544961762856 0.513612626435 0) (0.545930254744 0.514042102296 0) (0.546898746632 0.514471578157 0) (0.54786723852 0.514901054018 0) (0.548835730408 0.515330529879 0) (0.549804222296 0.51576000574 0) (0.550772714184 0.516189481601 0) (0.551741206072 0.516618957461 0) (0.55270969796 0.517048433322 0) (0.553678189848 0.517477909183 0) (0.554646681737 0.517907385044 0) (0.555615173625 0.518336860905 0) (0.556583665513 0.518766336766 0) (0.557552157401 0.519195812627 0) (0.558520649289 0.519625288488 0) (0.559489141177 0.520054764348 0) (0.560457633065 0.520484240209 0) (0.561426124953 0.52091371607 0) (0.562394616841 0.521343191931 0) (0.563363108729 0.521772667792 0) (0.564331600617 0.522202143653 0) (0.565300092505 0.522631619514 0) (0.566268584393 0.523061095375 0) (0.567237076282 0.523490571236 0) (0.56820556817 0.523920047096 0) (0.569174060058 0.524349522957 0) (0.570142551946 0.524778998818 0) (0.571111043834 0.525208474679 0) (0.572079535722 0.52563795054 0))
    polyLine 49 53 ((0.332145203639 0.895083807661 -0.03) (0.335759601529 0.898665695132 -0.03) (0.339389501142 0.902254132745 -0.03) (0.343035069973 0.905849277961 -0.03) (0.346696478234 0.90945128959 -0.03) (0.350373898886 0.913060327817 -0.03) (0.354067507673 0.916676554231 -0.03) (0.357777483165 0.920300131855 -0.03) (0.361504006796 0.923931225176 -0.03) (0.365247262898 0.927570000174 -0.03) (0.369007438751 0.931216624357 -0.03) (0.372784724615 0.934871266788 -0.03) (0.376579313783 0.938534098121 -0.03) (0.380391402616 0.942205290634 -0.03) (0.384221190594 0.945885018259 -0.03) (0.388068880361 0.949573456622 -0.03) (0.391934677772 0.953270783075 -0.03) (0.395818791942 0.956977176732 -0.03) (0.399721435297 0.960692818506 -0.03) (0.403642823624 0.964417891147 -0.03) (0.407583176123 0.96815257928 -0.03) (0.411542715465 0.971897069443 -0.03) (0.415521667842 0.975651550128 -0.03))
    polyLine 51 55 ((0.332145203639 0.895083807661 0) (0.335759601529 0.898665695132 0) (0.339389501142 0.902254132745 0) (0.343035069973 0.905849277961 0) (0.346696478234 0.90945128959 0) (0.350373898886 0.913060327817 0) (0.354067507673 0.916676554231 0) (0.357777483165 0.920300131855 0) (0.361504006796 0.923931225176 0) (0.365247262898 0.927570000174 0) (0.369007438751 0.931216624357 0) (0.372784724615 0.934871266788 0) (0.376579313783 0.938534098121 0) (0.380391402616 0.942205290634 0) (0.384221190594 0.945885018259 0) (0.388068880361 0.949573456622 0) (0.391934677772 0.953270783075 0) (0.395818791942 0.956977176732 0) (0.399721435297 0.960692818506 0) (0.403642823624 0.964417891147 0) (0.407583176123 0.96815257928 0) (0.411542715465 0.971897069443 0) (0.415521667842 0.975651550128 0))
    polyLine 52 56 ((0.57304802761 0.526067426401 -0.03) (0.574016519498 0.526496902262 -0.03) (0.574985011386 0.526926378123 -0.03) (0.575953503274 0.527355853984 -0.03) (0.576921995162 0.527785329844 -0.03) (0.57789048705 0.528214805705 -0.03) (0.578858978938 0.528644281566 -0.03) (0.579827470827 0.529073757427 -0.03) (0.580795962715 0.529503233288 -0.03) (0.581764454603 0.529932709149 -0.03) (0.582732946491 0.53036218501 -0.03) (0.583701438379 0.530791660871 -0.03) (0.584669930267 0.531221136732 -0.03) (0.585638422155 0.531650612592 -0.03) (0.586606914043 0.532080088453 -0.03) (0.587575405931 0.532509564314 -0.03) (0.588543897819 0.532939040175 -0.03) (0.589512389707 0.533368516036 -0.03) (0.590480881595 0.533797991897 -0.03) (0.591449373483 0.534227467758 -0.03) (0.592417865371 0.534656943619 -0.03) (0.59338635726 0.535086419479 -0.03) (0.594354849148 0.53551589534 -0.03) (0.595323341036 0.535945371201 -0.03) (0.596291832924 0.536374847062 -0.03) (0.597260324812 0.536804322923 -0.03) (0.5982288167 0.537233798784 -0.03) (0.599197308588 0.537663274645 -0.03) (0.600165800476 0.538092750506 -0.03) (0.601134292364 0.538522226367 -0.03) (0.602102784252 0.538951702227 -0.03) (0.60307127614 0.539381178088 -0.03) (0.604039768028 0.539810653949 -0.03) (0.605008259916 0.54024012981 -0.03) (0.605976751805 0.540669605671 -0.03) (0.606945243693 0.541099081532 -0.03) (0.607913735581 0.541528557393 -0.03) (0.608882227469 0.541958033254 -0.03) (0.609850719357 0.542387509115 -0.03) (0.610819211245 0.542816984975 -0.03) (0.611787703133 0.543246460836 -0.03) (0.612756195021 0.543675936697 -0.03) (0.613724686909 0.544105412558 -0.03) (0.614693178797 0.544534888419 -0.03) (0.615661670685 0.54496436428 -0.03) (0.616630162573 0.545393840141 -0.03) (0.617598654461 0.545823316002 -0.03) (0.61856714635 0.546252791863 -0.03) (0.619535638238 0.546682267723 -0.03) (0.620504130126 0.547111743584 -0.03) (0.621472622014 0.547541219445 -0.03) (0.622441113902 0.547970695306 -0.03) (0.62340960579 0.548400171167 -0.03) (0.624378097678 0.548829647028 -0.03) (0.625346589566 0.549259122889 -0.03) (0.626315081454 0.54968859875 -0.03) (0.627283573342 0.55011807461 -0.03) (0.62825206523 0.550547550471 -0.03) (0.629220557118 0.550977026332 -0.03) (0.630189049006 0.551406502193 -0.03) (0.631157540894 0.551835978054 -0.03))
    polyLine 54 58 ((0.57304802761 0.526067426401 0) (0.574016519498 0.526496902262 0) (0.574985011386 0.526926378123 0) (0.575953503274 0.527355853984 0) (0.576921995162 0.527785329844 0) (0.57789048705 0.528214805705 0) (0.578858978938 0.528644281566 0) (0.579827470827 0.529073757427 0) (0.580795962715 0.529503233288 0) (0.581764454603 0.529932709149 0) (0.582732946491 0.53036218501 0) (0.583701438379 0.530791660871 0) (0.584669930267 0.531221136732 0) (0.585638422155 0.531650612592 0) (0.586606914043 0.532080088453 0) (0.587575405931 0.532509564314 0) (0.588543897819 0.532939040175 0) (0.589512389707 0.533368516036 0) (0.590480881595 0.533797991897 0) (0.591449373483 0.534227467758 0) (0.592417865371 0.534656943619 0) (0.59338635726 0.535086419479 0) (0.594354849148 0.53551589534 0) (0.595323341036 0.535945371201 0) (0.596291832924 0.536374847062 0) (0.597260324812 0.536804322923 0) (0.5982288167 0.537233798784 0) (0.599197308588 0.537663274645 0) (0.600165800476 0.538092750506 0) (0.601134292364 0.538522226367 0) (0.602102784252 0.538951702227 0) (0.60307127614 0.539381178088 0) (0.604039768028 0.539810653949 0) (0.605008259916 0.54024012981 0) (0.605976751805 0.540669605671 0) (0.606945243693 0.541099081532 0) (0.607913735581 0.541528557393 0) (0.608882227469 0.541958033254 0) (0.609850719357 0.542387509115 0) (0.610819211245 0.542816984975 0) (0.611787703133 0.543246460836 0) (0.612756195021 0.543675936697 0) (0.613724686909 0.544105412558 0) (0.614693178797 0.544534888419 0) (0.615661670685 0.54496436428 0) (0.616630162573 0.545393840141 0) (0.617598654461 0.545823316002 0) (0.61856714635 0.546252791863 0) (0.619535638238 0.546682267723 0) (0.620504130126 0.547111743584 0) (0.621472622014 0.547541219445 0) (0.622441113902 0.547970695306 0) (0.62340960579 0.548400171167 0) (0.624378097678 0.548829647028 0) (0.625346589566 0.549259122889 0) (0.626315081454 0.54968859875 0) (0.627283573342 0.55011807461 0) (0.62825206523 0.550547550471 0) (0.629220557118 0.550977026332 0) (0.630189049006 0.551406502193 0) (0.631157540894 0.551835978054 0))
    polyLine 53 57 ((0.423455018749 0.983112687426 -0.03) (0.427409055723 0.986819292566 -0.03) (0.431382599997 0.990536211888 -0.03) (0.435375881133 0.994263632028 -0.03) (0.43938913226 0.998001741652 -0.03) (0.443422590134 1.0017507315 -0.03) (0.447476495203 1.00551079441 -0.03) (0.45155109166 1.0092821254 -0.03) (0.455646627516 1.01306492168 -0.03) (0.459763354659 1.01685938269 -0.03) (0.463901528921 1.02066571019 -0.03) (0.46806141015 1.02448410824 -0.03) (0.472243262276 1.02831478334 -0.03) (0.476447353382 1.03215794437 -0.03) (0.480673955783 1.03601380272 -0.03) (0.484923346094 1.03988257233 -0.03) (0.48919580531 1.04376446971 -0.03) (0.493491618887 1.04765971402 -0.03) (0.497811076817 1.0515685271 -0.03) (0.502154473718 1.05549113356 -0.03) (0.506522108911 1.05942776082 -0.03) (0.510914286511 1.06337863917 -0.03) (0.515331315517 1.0673440018 -0.03))
    polyLine 55 59 ((0.423455018749 0.983112687426 0) (0.427409055723 0.986819292566 0) (0.431382599997 0.990536211888 0) (0.435375881133 0.994263632028 0) (0.43938913226 0.998001741652 0) (0.443422590134 1.0017507315 0) (0.447476495203 1.00551079441 0) (0.45155109166 1.0092821254 0) (0.455646627516 1.01306492168 0) (0.459763354659 1.01685938269 0) (0.463901528921 1.02066571019 0) (0.46806141015 1.02448410824 0) (0.472243262276 1.02831478334 0) (0.476447353382 1.03215794437 0) (0.480673955783 1.03601380272 0) (0.484923346094 1.03988257233 0) (0.48919580531 1.04376446971 0) (0.493491618887 1.04765971402 0) (0.497811076817 1.0515685271 0) (0.502154473718 1.05549113356 0) (0.506522108911 1.05942776082 0) (0.510914286511 1.06337863917 0) (0.515331315517 1.0673440018 0))
    polyLine 56 60 ((0.632126032783 0.552265453915 -0.03) (0.633094524671 0.552694929776 -0.03) (0.634063016559 0.553124405637 -0.03) (0.635031508447 0.553553881498 -0.03) (0.636000000335 0.553983357358 -0.03) (0.636968492223 0.554412833219 -0.03) (0.637936984111 0.55484230908 -0.03) (0.638905475999 0.555271784941 -0.03) (0.639873967887 0.555701260802 -0.03) (0.640842459775 0.556130736663 -0.03) (0.641810951663 0.556560212524 -0.03) (0.642779443551 0.556989688385 -0.03) (0.643747935439 0.557419164246 -0.03) (0.644716427328 0.557848640106 -0.03) (0.645684919216 0.558278115967 -0.03) (0.646653411104 0.558707591828 -0.03) (0.647621902992 0.559137067689 -0.03) (0.64859039488 0.55956654355 -0.03) (0.649558886768 0.559996019411 -0.03) (0.650527378656 0.560425495272 -0.03) (0.651495870544 0.560854971133 -0.03) (0.652464362432 0.561284446994 -0.03) (0.65343285432 0.561713922854 -0.03) (0.654401346208 0.562143398715 -0.03) (0.655369838096 0.562572874576 -0.03) (0.656338329984 0.563002350437 -0.03) (0.657306821873 0.563431826298 -0.03) (0.658275313761 0.563861302159 -0.03) (0.659243805649 0.56429077802 -0.03) (0.660212297537 0.564720253881 -0.03) (0.661180789425 0.565149729742 -0.03) (0.662149281313 0.565579205602 -0.03) (0.663117773201 0.566008681463 -0.03) (0.664086265089 0.566438157324 -0.03) (0.665054756977 0.566867633185 -0.03) (0.666023248865 0.567297109046 -0.03) (0.666991740753 0.567726584907 -0.03) (0.667960232641 0.568156060768 -0.03) (0.668928724529 0.568585536629 -0.03) (0.669897216417 0.569015012489 -0.03) (0.670865708306 0.56944448835 -0.03) (0.671834200194 0.569873964211 -0.03) (0.672802692082 0.570303440072 -0.03) (0.67377118397 0.570732915933 -0.03) (0.674739675858 0.571162391794 -0.03) (0.675708167746 0.571591867655 -0.03) (0.676676659634 0.572021343516 -0.03) (0.677645151522 0.572450819377 -0.03) (0.67861364341 0.572880295237 -0.03) (0.679582135298 0.573309771098 -0.03) (0.680550627186 0.573739246959 -0.03) (0.681519119074 0.57416872282 -0.03) (0.682487610962 0.574598198681 -0.03) (0.683456102851 0.575027674542 -0.03) (0.684424594739 0.575457150403 -0.03) (0.685393086627 0.575886626264 -0.03) (0.686361578515 0.576316102125 -0.03) (0.687330070403 0.576745577985 -0.03) (0.688298562291 0.577175053846 -0.03) (0.689267054179 0.577604529707 -0.03) (0.690235546067 0.578034005568 -0.03))
    polyLine 58 62 ((0.632126032783 0.552265453915 0) (0.633094524671 0.552694929776 0) (0.634063016559 0.553124405637 0) (0.635031508447 0.553553881498 0) (0.636000000335 0.553983357358 0) (0.636968492223 0.554412833219 0) (0.637936984111 0.55484230908 0) (0.638905475999 0.555271784941 0) (0.639873967887 0.555701260802 0) (0.640842459775 0.556130736663 0) (0.641810951663 0.556560212524 0) (0.642779443551 0.556989688385 0) (0.643747935439 0.557419164246 0) (0.644716427328 0.557848640106 0) (0.645684919216 0.558278115967 0) (0.646653411104 0.558707591828 0) (0.647621902992 0.559137067689 0) (0.64859039488 0.55956654355 0) (0.649558886768 0.559996019411 0) (0.650527378656 0.560425495272 0) (0.651495870544 0.560854971133 0) (0.652464362432 0.561284446994 0) (0.65343285432 0.561713922854 0) (0.654401346208 0.562143398715 0) (0.655369838096 0.562572874576 0) (0.656338329984 0.563002350437 0) (0.657306821873 0.563431826298 0) (0.658275313761 0.563861302159 0) (0.659243805649 0.56429077802 0) (0.660212297537 0.564720253881 0) (0.661180789425 0.565149729742 0) (0.662149281313 0.565579205602 0) (0.663117773201 0.566008681463 0) (0.664086265089 0.566438157324 0) (0.665054756977 0.566867633185 0) (0.666023248865 0.567297109046 0) (0.666991740753 0.567726584907 0) (0.667960232641 0.568156060768 0) (0.668928724529 0.568585536629 0) (0.669897216417 0.569015012489 0) (0.670865708306 0.56944448835 0) (0.671834200194 0.569873964211 0) (0.672802692082 0.570303440072 0) (0.67377118397 0.570732915933 0) (0.674739675858 0.571162391794 0) (0.675708167746 0.571591867655 0) (0.676676659634 0.572021343516 0) (0.677645151522 0.572450819377 0) (0.67861364341 0.572880295237 0) (0.679582135298 0.573309771098 0) (0.680550627186 0.573739246959 0) (0.681519119074 0.57416872282 0) (0.682487610962 0.574598198681 0) (0.683456102851 0.575027674542 0) (0.684424594739 0.575457150403 0) (0.685393086627 0.575886626264 0) (0.686361578515 0.576316102125 0) (0.687330070403 0.576745577985 0) (0.688298562291 0.577175053846 0) (0.689267054179 0.577604529707 0) (0.690235546067 0.578034005568 0))
    polyLine 57 61 ((0.524039383611 1.07513884069 -0.03) (0.528328779685 1.07896744977 -0.03) (0.532641984718 1.08281012579 -0.03) (0.536979289759 1.08666708509 -0.03) (0.541340990387 1.09053854675 -0.03) (0.545727386796 1.09442473265 -0.03) (0.55013878388 1.09832586753 -0.03) (0.554575491319 1.10224217905 -0.03) (0.559037823671 1.10617389785 -0.03) (0.563526100463 1.11012125759 -0.03) (0.568040646281 1.11408449506 -0.03) (0.57258179087 1.11806385017 -0.03) (0.577149869233 1.12205956607 -0.03) (0.581745221727 1.12607188922 -0.03) (0.586368194171 1.1301010694 -0.03) (0.591019137946 1.13414735985 -0.03) (0.595698410111 1.1382110173 -0.03) (0.600406373506 1.14229230202 -0.03) (0.605143396869 1.14639147797 -0.03) (0.609909854954 1.15050881279 -0.03) (0.614706128645 1.15464457792 -0.03) (0.619532605085 1.15879904871 -0.03) (0.624389677794 1.16297250441 -0.03))
    polyLine 59 63 ((0.524039383611 1.07513884069 0) (0.528328779685 1.07896744977 0) (0.532641984718 1.08281012579 0) (0.536979289759 1.08666708509 0) (0.541340990387 1.09053854675 0) (0.545727386796 1.09442473265 0) (0.55013878388 1.09832586753 0) (0.554575491319 1.10224217905 0) (0.559037823671 1.10617389785 0) (0.563526100463 1.11012125759 0) (0.568040646281 1.11408449506 0) (0.57258179087 1.11806385017 0) (0.577149869233 1.12205956607 0) (0.581745221727 1.12607188922 0) (0.586368194171 1.1301010694 0) (0.591019137946 1.13414735985 0) (0.595698410111 1.1382110173 0) (0.600406373506 1.14229230202 0) (0.605143396869 1.14639147797 0) (0.609909854954 1.15050881279 0) (0.614706128645 1.15464457792 0) (0.619532605085 1.15879904871 0) (0.624389677794 1.16297250441 0))
    polyLine 60 64 ((0.691204037955 0.578463481429 -0.03) (0.692172529843 0.57889295729 -0.03) (0.693141021731 0.579322433151 -0.03) (0.694109513619 0.579751909012 -0.03) (0.695078005507 0.580181384873 -0.03) (0.696046497396 0.580610860733 -0.03) (0.697014989284 0.581040336594 -0.03) (0.697983481172 0.581469812455 -0.03) (0.69895197306 0.581899288316 -0.03) (0.699920464948 0.582328764177 -0.03) (0.700888956836 0.582758240038 -0.03) (0.701857448724 0.583187715899 -0.03) (0.702825940612 0.58361719176 -0.03) (0.7037944325 0.58404666762 -0.03) (0.704762924388 0.584476143481 -0.03) (0.705731416276 0.584905619342 -0.03) (0.706699908164 0.585335095203 -0.03) (0.707668400052 0.585764571064 -0.03) (0.70863689194 0.586194046925 -0.03) (0.709605383829 0.586623522786 -0.03) (0.710573875717 0.587052998647 -0.03) (0.711542367605 0.587482474508 -0.03) (0.712510859493 0.587911950368 -0.03) (0.713479351381 0.588341426229 -0.03) (0.714447843269 0.58877090209 -0.03) (0.715416335157 0.589200377951 -0.03) (0.716384827045 0.589629853812 -0.03) (0.717353318933 0.590059329673 -0.03) (0.718321810821 0.590488805534 -0.03) (0.719290302709 0.590918281395 -0.03) (0.720258794597 0.591347757256 -0.03) (0.721227286485 0.591777233116 -0.03) (0.722195778374 0.592206708977 -0.03) (0.723164270262 0.592636184838 -0.03) (0.72413276215 0.593065660699 -0.03) (0.725101254038 0.59349513656 -0.03) (0.726069745926 0.593924612421 -0.03) (0.727038237814 0.594354088282 -0.03) (0.728006729702 0.594783564143 -0.03) (0.72897522159 0.595213040004 -0.03) (0.729943713478 0.595642515864 -0.03) (0.730916453087 0.596061784508 -0.03) (0.731897730204 0.596460662639 -0.03) (0.732887117459 0.596838976534 -0.03) (0.733884183949 0.597196561429 -0.03) (0.734888495427 0.597533261588 -0.03) (0.735899614493 0.597848930368 -0.03) (0.736917100777 0.59814343029 -0.03) (0.737940511141 0.598416633089 -0.03) (0.738969399864 0.598668419781 -0.03) (0.740003318841 0.598898680706 -0.03) (0.741041817773 0.59910731558 -0.03) (0.74208444437 0.599294233536 -0.03) (0.743130744542 0.599459353169 -0.03) (0.7441802626 0.599602602564 -0.03) (0.745232541453 0.599723919332 -0.03) (0.746287122808 0.599823250637 -0.03) (0.747343547369 0.599900553218 -0.03) (0.748401355038 0.599955793408 -0.03) (0.749460085114 0.599988947149 -0.03))
    polyLine 62 66 ((0.691204037955 0.578463481429 0) (0.692172529843 0.57889295729 0) (0.693141021731 0.579322433151 0) (0.694109513619 0.579751909012 0) (0.695078005507 0.580181384873 0) (0.696046497396 0.580610860733 0) (0.697014989284 0.581040336594 0) (0.697983481172 0.581469812455 0) (0.69895197306 0.581899288316 0) (0.699920464948 0.582328764177 0) (0.700888956836 0.582758240038 0) (0.701857448724 0.583187715899 0) (0.702825940612 0.58361719176 0) (0.7037944325 0.58404666762 0) (0.704762924388 0.584476143481 0) (0.705731416276 0.584905619342 0) (0.706699908164 0.585335095203 0) (0.707668400052 0.585764571064 0) (0.70863689194 0.586194046925 0) (0.709605383829 0.586623522786 0) (0.710573875717 0.587052998647 0) (0.711542367605 0.587482474508 0) (0.712510859493 0.587911950368 0) (0.713479351381 0.588341426229 0) (0.714447843269 0.58877090209 0) (0.715416335157 0.589200377951 0) (0.716384827045 0.589629853812 0) (0.717353318933 0.590059329673 0) (0.718321810821 0.590488805534 0) (0.719290302709 0.590918281395 0) (0.720258794597 0.591347757256 0) (0.721227286485 0.591777233116 0) (0.722195778374 0.592206708977 0) (0.723164270262 0.592636184838 0) (0.72413276215 0.593065660699 0) (0.725101254038 0.59349513656 0) (0.726069745926 0.593924612421 0) (0.727038237814 0.594354088282 0) (0.728006729702 0.594783564143 0) (0.72897522159 0.595213040004 0) (0.729943713478 0.595642515864 0) (0.730916453087 0.596061784508 0) (0.731897730204 0.596460662639 0) (0.732887117459 0.596838976534 0) (0.733884183949 0.597196561429 0) (0.734888495427 0.597533261588 0) (0.735899614493 0.597848930368 0) (0.736917100777 0.59814343029 0) (0.737940511141 0.598416633089 0) (0.738969399864 0.598668419781 0) (0.740003318841 0.598898680706 0) (0.741041817773 0.59910731558 0) (0.74208444437 0.599294233536 0) (0.743130744542 0.599459353169 0) (0.7441802626 0.599602602564 0) (0.745232541453 0.599723919332 0) (0.746287122808 0.599823250637 0) (0.747343547369 0.599900553218 0) (0.748401355038 0.599955793408 0) (0.749460085114 0.599988947149 0))
    polyLine 61 65 ((0.633964133635 1.1711780956 -0.03) (0.63867938424 1.17520896685 -0.03) (0.643423861747 1.17925809779 -0.03) (0.648197935085 1.18332574772 -0.03) (0.653001979103 1.18741217964 -0.03) (0.657836374678 1.19151766029 -0.03) (0.662701508838 1.19564246024 -0.03) (0.667597774884 1.19978685398 -0.03) (0.672525572514 1.20395112001 -0.03) (0.677485307952 1.20813554087 -0.03) (0.682477394077 1.21234040328 -0.03) (0.687502250563 1.21656599821 -0.03) (0.692560304007 1.22081262095 -0.03) (0.697651988081 1.22508057121 -0.03) (0.702777743669 1.22937015323 -0.03) (0.707938019017 1.23368167585 -0.03) (0.713133269888 1.2380154526 -0.03) (0.718363959714 1.24237180186 -0.03) (0.723630559757 1.24675104687 -0.03) (0.728933549272 1.2511535159 -0.03) (0.734273415678 1.25557954236 -0.03) (0.739650654727 1.26002946484 -0.03) (0.745065770681 1.2645036273 -0.03))
    polyLine 63 67 ((0.633964133635 1.1711780956 0) (0.63867938424 1.17520896685 0) (0.643423861747 1.17925809779 0) (0.648197935085 1.18332574772 0) (0.653001979103 1.18741217964 0) (0.657836374678 1.19151766029 0) (0.662701508838 1.19564246024 0) (0.667597774884 1.19978685398 0) (0.672525572514 1.20395112001 0) (0.677485307952 1.20813554087 0) (0.682477394077 1.21234040328 0) (0.687502250563 1.21656599821 0) (0.692560304007 1.22081262095 0) (0.697651988081 1.22508057121 0) (0.702777743669 1.22937015323 0) (0.707938019017 1.23368167585 0) (0.713133269888 1.2380154526 0) (0.718363959714 1.24237180186 0) (0.723630559757 1.24675104687 0) (0.728933549272 1.2511535159 0) (0.734273415678 1.25557954236 0) (0.739650654727 1.26002946484 0) (0.745065770681 1.2645036273 0))
);

boundary
(
    body_fore
    {
        type wall;
        faces
        (
            (0 2 6 4)
            (4 6 10 8)
            (8 10 14 12)
            (12 14 18 16)
            (16 18 22 20)
            (20 22 26 24)
            (24 26 30 28)
            (28 30 34 32)
            (32 34 38 36)
            (36 38 42 40)
            (40 42 46 44)
            (44 46 50 48)
            (48 50 54 52)
            (52 54 58 56)
            (56 58 62 60)
            (60 62 66 64)
        );
    }
    freestream
    {
        type patch;
        faces
        (
            (1 5 7 3)
            (5 9 11 7)
            (9 13 15 11)
            (13 17 19 15)
            (17 21 23 19)
            (21 25 27 23)
            (25 29 31 27)
            (29 33 35 31)
            (33 37 39 35)
            (37 41 43 39)
            (41 45 47 43)
            (45 49 51 47)
            (49 53 55 51)
            (53 57 59 55)
            (57 61 63 59)
            (61 65 67 63)
        );
    }
    outlet
    {
        type patch;
        faces
        (
            (64 66 67 65)
        );
    }
    axis
    {
        type patch;
        faces
        (
            (0 1 3 2)
        );
    }
    front
    {
        type patch;
        faces
        (
            (2 6 7 3)
            (6 10 11 7)
            (10 14 15 11)
            (14 18 19 15)
            (18 22 23 19)
            (22 26 27 23)
            (26 30 31 27)
            (30 34 35 31)
            (34 38 39 35)
            (38 42 43 39)
            (42 46 47 43)
            (46 50 51 47)
            (50 54 55 51)
            (54 58 59 55)
            (58 62 63 59)
            (62 66 67 63)
        );
    }
    back
    {
        type patch;
        faces
        (
            (0 1 5 4)
            (4 5 9 8)
            (8 9 13 12)
            (12 13 17 16)
            (16 17 21 20)
            (20 21 25 24)
            (24 25 29 28)
            (28 29 33 32)
            (32 33 37 36)
            (36 37 41 40)
            (40 41 45 44)
            (44 45 49 48)
            (48 49 53 52)
            (52 53 57 56)
            (56 57 61 60)
            (60 61 65 64)
        );
    }
);
