iteration,cd_fore,cd_aft,cd_viscous,cd_total,mean_abs_drho_dtau_kg_m3_s
95005,1.3909580475071293,,0.0,1.3909580475071293,2.1948786744
95010,1.3909575922330464,,0.0,1.3909575922330464,2.2021572607
95015,1.3909571914126906,,0.0,1.3909571914126906,2.2085836058
95020,1.3909568561641712,,0.0,1.3909568561641712,2.2130948073
95025,1.390956596809823,,0.0,1.390956596809823,2.2178361924
95030,1.3909564228762068,,0.0,1.3909564228762068,2.2223604072
95035,1.390956342866743,,0.0,1.390956342866743,2.2267265201
95040,1.3909563643071876,,0.0,1.3909563643071876,2.230907166
95045,1.390956493631947,,0.0,1.390956493631947,2.2382433987
95050,1.3909567360931347,,0.0,1.3909567360931347,2.2444571137
95055,1.3909570959424609,,0.0,1.3909570959424609,2.249544099
95060,1.3909575762720792,,0.0,1.3909575762720792,2.2540396191
95065,1.3909581791964767,,0.0,1.3909581791964767,2.2578219759
95070,1.3909589058524738,,0.0,1.3909589058524738,2.2612517744
95075,1.3909597565129082,,0.0,1.3909597565129082,2.262123356
95080,1.3909607307912606,,0.0,1.3909607307912606,2.2621418139
95085,1.3909618276871283,,0.0,1.3909618276871283,2.263046703
95090,1.3909630463137912,,0.0,1.3909630463137912,2.2670207202
95095,1.390964385147909,,0.0,1.390964385147909,2.269348268
95100,1.3909658422568858,,0.0,1.3909658422568858,2.273493169
95105,1.390967415708126,,0.0,1.390967415708126,2.2770403102
95110,1.3909691037054526,,0.0,1.3909691037054526,2.279856476
95115,1.3909709046800522,,0.0,1.3909709046800522,2.2852652386
95120,1.390972817404158,,0.0,1.390972817404158,2.2879055054
95125,1.3909748409910503,,0.0,1.3909748409910503,2.2866945399
95130,1.390976974872318,,0.0,1.390976974872318,2.2837382342
95135,1.3909792189115429,,0.0,1.3909792189115429,2.2771254334
95140,1.390981573131461,,0.0,1.390981573131461,2.270630597
95145,1.3909840378958553,,0.0,1.3909840378958553,2.2679149536
95150,1.3909866135685087,,0.0,1.3909866135685087,2.2622739715
95155,1.3909893006268856,,0.0,1.3909893006268856,2.2532727675
95160,1.3909920993892966,,0.0,1.3909920993892966,2.2437396067
95165,1.3909950099694228,,0.0,1.3909950099694228,2.2335367443
95170,1.3909980321626372,,0.0,1.3909980321626372,2.2253078996
95175,1.3910011653550562,,0.0,1.3910011653550562,2.2216627696
95180,1.3910044084325952,,0.0,1.3910044084325952,2.2170795769
95185,1.391007759712759,,0.0,1.391007759712759,2.2102596711
95190,1.3910112168991693,,0.0,1.3910112168991693,2.2037120964
95195,1.3910147771043007,,0.0,1.3910147771043007,2.1976629956
95200,1.391018436758535,,0.0,1.391018436758535,2.1954353993
95205,1.3910221917465801,,0.0,1.3910221917465801,2.1914666894
95210,1.3910260373619971,,0.0,1.3910260373619971,2.1852569489
95215,1.3910299683754093,,0.0,1.3910299683754093,2.1825278459
95220,1.3910339791254482,,0.0,1.3910339791254482,2.1801318392
95225,1.3910380635187527,,0.0,1.3910380635187527,2.1769514994
95230,1.3910422152118618,,0.0,1.3910422152118618,2.1763330878
95235,1.39104642763395,,0.0,1.39104642763395,2.1765188527
95240,1.3910506940550365,,0.0,1.3910506940550365,2.1761993745
95245,1.3910550077451411,,0.0,1.3910550077451411,2.1776746939
95250,1.3910593619515472,,0.0,1.3910593619515472,2.1789793606
95255,1.3910637500124832,,0.0,1.3910637500124832,2.1794576814
95260,1.3910681654025965,,0.0,1.3910681654025965,2.1826718464
95265,1.391072601846635,,0.0,1.391072601846635,2.1872517019
95270,1.3910770532285022,,0.0,1.3910770532285022,2.1934646276
95275,1.3910815137731465,,0.0,1.3910815137731465,2.198430386
95280,1.391085978228455,,0.0,1.391085978228455,2.2043240936
95285,1.391090442638291,,0.0,1.391090442638291,2.2101950887
95290,1.3910949017278045,,0.0,1.3910949017278045,2.2124880701
95295,1.3910993503130917,,0.0,1.3910993503130917,2.2114577278
95300,1.3911037834830857,,0.0,1.3911037834830857,2.2085107121
95305,1.391108196485875,,0.0,1.391108196485875,2.204080018
95310,1.3911125848423844,,0.0,1.3911125848423844,2.2016740279
95315,1.3911169441872213,,0.0,1.3911169441872213,2.2037245424
95320,1.3911212702686753,,0.0,1.3911212702686753,2.2061187438
95325,1.3911255590623997,,0.0,1.3911255590623997,2.2141011839
95330,1.3911298066122573,,0.0,1.3911298066122573,2.2225442419
95335,1.391134009121266,,0.0,1.391134009121266,2.2314516498
95340,1.391138162974335,,0.0,1.391138162974335,2.2423189441
95345,1.3911422646700555,,0.0,1.3911422646700555,2.252299657
95350,1.391146310979856,,0.0,1.391146310979856,2.2578783341
95355,1.3911502989025286,,0.0,1.3911502989025286,2.2619785285
95360,1.3911542257551759,,0.0,1.3911542257551759,2.2629192267
95365,1.3911580891504738,,0.0,1.3911580891504738,2.263420063
95370,1.3911618871330902,,0.0,1.3911618871330902,2.2617113304
95375,1.3911656181342116,,0.0,1.3911656181342116,2.2578591233
95380,1.3911692811079632,,0.0,1.3911692811079632,2.255658927
95385,1.3911728754177253,,0.0,1.3911728754177253,2.2568997959
95390,1.3911764009952883,,0.0,1.3911764009952883,2.258277469
95395,1.3911798582499078,,0.0,1.3911798582499078,2.2592505045
95400,1.3911832482047228,,0.0,1.3911832482047228,2.258983221
95405,1.3911865723376007,,0.0,1.3911865723376007,2.2596752377
95410,1.3911898327175554,,0.0,1.3911898327175554,2.2591622233
95415,1.3911930318910666,,0.0,1.3911930318910666,2.2620517876
95420,1.3911961729275506,,0.0,1.3911961729275506,2.2656237204
95425,1.391199259373889,,0.0,1.391199259373889,2.2675373302
95430,1.3912022952544287,,0.0,1.3912022952544287,2.2702405983
95435,1.391205285048244,,0.0,1.391205285048244,2.2741263122
95440,1.3912082336664018,,0.0,1.3912082336664018,2.2814438449
95445,1.3912111463382788,,0.0,1.3912111463382788,2.2896349713
95450,1.391214028611562,,0.0,1.391214028611562,2.2959598401
95455,1.391216886284038,,0.0,1.391216886284038,2.2989788509
95460,1.391219725358122,,0.0,1.391219725358122,2.3031846457
95465,1.3912225519271748,,0.0,1.3912225519271748,2.3075560124
95470,1.3912253720618206,,0.0,1.3912253720618206,2.3080256511
95475,1.3912281917417382,,0.0,1.3912281917417382,2.3041458134
95480,1.3912310168101873,,0.0,1.3912310168101873,2.2974156145
95485,1.3912338526784362,,0.0,1.3912338526784362,2.286963044
95490,1.391236704325761,,0.0,1.391236704325761,2.2770026993
95495,1.391239576163027,,0.0,1.391239576163027,2.2668250001
95500,1.3912424718053251,,0.0,1.3912424718053251,2.2589922149
95505,1.391245394049235,,0.0,1.391245394049235,2.2504805408
95510,1.3912483447136708,,0.0,1.3912483447136708,2.2376323306
95515,1.3912513246171432,,0.0,1.3912513246171432,2.2281542205
95520,1.3912543334868153,,0.0,1.3912543334868153,2.2212330516
95525,1.3912573699130288,,0.0,1.3912573699130288,2.2152169954
95530,1.3912604314629868,,0.0,1.3912604314629868,2.2124412768
95535,1.3912635145215988,,0.0,1.3912635145215988,2.2119656712
95540,1.3912666145415804,,0.0,1.3912666145415804,2.2121285448
95545,1.3912697259752451,,0.0,1.3912697259752451,2.2085406902
95550,1.3912728425700769,,0.0,1.3912728425700769,2.2008798815
95555,1.3912759573459954,,0.0,1.3912759573459954,2.1928875372
95560,1.3912790628681908,,0.0,1.3912790628681908,2.1896561468
95565,1.3912821514290163,,0.0,1.3912821514290163,2.1865626523
95570,1.3912852151389346,,0.0,1.3912852151389346,2.1838224868
95575,1.3912882461766165,,0.0,1.3912882461766165,2.181620938
95580,1.391291236902625,,0.0,1.391291236902625,2.1819292363
95585,1.3912941801095147,,0.0,1.3912941801095147,2.1863700908
95590,1.3912970690445687,,0.0,1.3912970690445687,2.188509186
95595,1.3912998976598996,,0.0,1.3912998976598996,2.1871687041
95600,1.3913026606124481,,0.0,1.3913026606124481,2.1856752139
95605,1.3913053535140851,,0.0,1.3913053535140851,2.1860828442
95610,1.3913079728861386,,0.0,1.3913079728861386,2.1893073461
95615,1.3913105162730748,,0.0,1.3913105162730748,2.1960999859
95620,1.3913129823561816,,0.0,1.3913129823561816,2.2021476178
95625,1.391315370817149,,0.0,1.391315370817149,2.2061365135
95630,1.3913176823835425,,0.0,1.3913176823835425,2.210634532
95635,1.3913199188515393,,0.0,1.3913199188515393,2.21309208
95640,1.3913220819263707,,0.0,1.3913220819263707,2.2153462079
95645,1.3913241711533089,,0.0,1.3913241711533089,2.2179318247
95650,1.3913261911023735,,0.0,1.3913261911023735,2.225965229
95655,1.3913281475258799,,0.0,1.3913281475258799,2.2340823343
95660,1.3913300464944514,,0.0,1.3913300464944514,2.2436431256
95665,1.391331894397023,,0.0,1.391331894397023,2.2504247552
95670,1.3913336976907376,,0.0,1.3913336976907376,2.2570101732
95675,1.3913354627872654,,0.0,1.3913354627872654,2.2611395087
95680,1.391337195984596,,0.0,1.391337195984596,2.2614374497
95685,1.3913389032624068,,0.0,1.3913389032624068,2.2617443769
95690,1.3913405903048035,,0.0,1.3913405903048035,2.2628936803
95695,1.3913422622274807,,0.0,1.3913422622274807,2.2648238663
95700,1.3913439237368774,,0.0,1.3913439237368774,2.2664441864
95705,1.3913455789937585,,0.0,1.3913455789937585,2.2661073053
95710,1.3913472316132145,,0.0,1.3913472316132145,2.2664469138
95715,1.3913488846873991,,0.0,1.3913488846873991,2.2665897186
95720,1.3913505407855278,,0.0,1.3913505407855278,2.2695200165
95725,1.3913522020675602,,0.0,1.3913522020675602,2.2690348285
95730,1.3913538703751465,,0.0,1.3913538703751465,2.2650601849
95735,1.391355547231627,,0.0,1.391355547231627,2.2593761571
95740,1.391357234023923,,0.0,1.391357234023923,2.2502527764
95745,1.3913589320934838,,0.0,1.3913589320934838,2.2435984305
95750,1.3913606428727034,,0.0,1.3913606428727034,2.2417372752
95755,1.3913623678849225,,0.0,1.3913623678849225,2.2391473434
95760,1.3913641089490543,,0.0,1.3913641089490543,2.2331060036
95765,1.3913658682023222,,0.0,1.3913658682023222,2.2237506999
95770,1.3913676481229966,,0.0,1.3913676481229966,2.2141637982
95775,1.3913694516213388,,0.0,1.3913694516213388,2.2110391183
95780,1.39137128199413,,0.0,1.39137128199413,2.2093798729
95785,1.391373142970143,,0.0,1.391373142970143,2.2076836247
95790,1.3913750386191976,,0.0,1.3913750386191976,2.2032558474
95795,1.3913769733521586,,0.0,1.3913769733521586,2.1964208305
95800,1.3913789519436748,,0.0,1.3913789519436748,2.1908977424
95805,1.3913809793048126,,0.0,1.3913809793048126,2.1874521528
95810,1.3913830606194764,,0.0,1.3913830606194764,2.1846361005
95815,1.391385201094306,,0.0,1.391385201094306,2.1824687833
95820,1.391387406049624,,0.0,1.391387406049624,2.1806393393
95825,1.3913896807148072,,0.0,1.3913896807148072,2.1783522558
95830,1.391392030319232,,0.0,1.391392030319232,2.1778634925
95835,1.3913944598876473,,0.0,1.3913944598876473,2.1802489068
95840,1.391396974353857,,0.0,1.391396974353857,2.1807524624
95845,1.3913995783333537,,0.0,1.3913995783333537,2.1846712619
95850,1.391402276168794,,0.0,1.391402276168794,2.1873482334
95855,1.3914050717708422,,0.0,1.3914050717708422,2.1879273157
95860,1.39140796868638,,0.0,1.39140796868638,2.1868798423
95865,1.3914109699166148,,0.0,1.3914109699166148,2.1897695721
95870,1.3914140780080255,,0.0,1.3914140780080255,2.1938472793
95875,1.391417294938681,,0.0,1.391417294938681,2.2003673329
95880,1.3914206219590841,,0.0,1.3914206219590841,2.2077486621
95885,1.3914240596603822,,0.0,1.3914240596603822,2.2145351154
95890,1.3914276073832186,,0.0,1.3914276073832186,2.2190795134
95895,1.3914312625811145,,0.0,1.3914312625811145,2.2202260816
95900,1.3914350244582954,,0.0,1.3914350244582954,2.2194800981
95905,1.3914388907865913,,0.0,1.3914388907865913,2.217196203
95910,1.3914428580873306,,0.0,1.3914428580873306,2.2134271925
95915,1.3914469216995469,,0.0,1.3914469216995469,2.2158410585
95920,1.391451075939135,,0.0,1.391451075939135,2.2180028506
95925,1.3914553141215875,,0.0,1.3914553141215875,2.2251643435
95930,1.3914596286302032,,0.0,1.3914596286302032,2.2314057734
95935,1.3914640104158873,,0.0,1.3914640104158873,2.2353999731
95940,1.3914684484514754,,0.0,1.3914684484514754,2.2411933117
95945,1.3914729330967255,,0.0,1.3914729330967255,2.2495179476
95950,1.3914774545067672,,0.0,1.3914774545067672,2.2571221739
95955,1.3914820027003123,,0.0,1.3914820027003123,2.2617966583
95960,1.3914865678097545,,0.0,1.3914865678097545,2.2653237509
95965,1.3914911398538046,,0.0,1.3914911398538046,2.2684483671
95970,1.3914957092831663,,0.0,1.3914957092831663,2.2687854387
95975,1.3915002671169538,,0.0,1.3915002671169538,2.2648439716
95980,1.3915048052382648,,0.0,1.3915048052382648,2.2622926179
95985,1.3915093163487082,,0.0,1.3915093163487082,2.2628695802
95990,1.3915137941502957,,0.0,1.3915137941502957,2.2627038399
95995,1.3915182334136504,,0.0,1.3915182334136504,2.2645583741
96000,1.3915226299552712,,0.0,1.3915226299552712,2.2672237234
96005,1.3915269807739505,,0.0,1.3915269807739505,2.2666795757
96010,1.3915312839143563,,0.0,1.3915312839143563,2.2662985427
96015,1.3915355386943955,,0.0,1.3915355386943955,2.2660071743
96020,1.3915397455460607,,0.0,1.3915397455460607,2.2692081062
96025,1.391543906015428,,0.0,1.391543906015428,2.2740360161
96030,1.3915480225807675,,0.0,1.3915480225807675,2.2770012512
96035,1.3915520986525423,,0.0,1.3915520986525423,2.2814841979
96040,1.3915561383915172,,0.0,1.3915561383915172,2.2851007421
96045,1.3915601466405496,,0.0,1.3915601466405496,2.2904337434
96050,1.3915641288336442,,0.0,1.3915641288336442,2.29610986
96055,1.3915680907003791,,0.0,1.3915680907003791,2.3014367536
96060,1.391572038129487,,0.0,1.391572038129487,2.3056007627
96065,1.391575977032437,,0.0,1.391575977032437,2.30833504
96070,1.3915799130933346,,0.0,1.3915799130933346,2.3105988639
96075,1.3915838517689205,,0.0,1.3915838517689205,2.3102935062
96080,1.3915877979702618,,0.0,1.3915877979702618,2.3061686427
96085,1.3915917560627507,,0.0,1.3915917560627507,2.3000939888
96090,1.3915957297524242,,0.0,1.3915957297524242,2.2909330354
96095,1.391599721858598,,0.0,1.391599721858598,2.2813356481
96100,1.391603734404814,,0.0,1.391603734404814,2.2698232413
96105,1.3916077685051567,,0.0,1.3916077685051567,2.2595715701
96110,1.3916118242960442,,0.0,1.3916118242960442,2.2480917239
96115,1.3916159010271751,,0.0,1.3916159010271751,2.2352213081
96120,1.3916199970387906,,0.0,1.3916199970387906,2.2212066465
96125,1.3916241098071478,,0.0,1.3916241098071478,2.2153028549
96130,1.3916282359672567,,0.0,1.3916282359672567,2.211101325
96135,1.3916323714038252,,0.0,1.3916323714038252,2.2079574819
96140,1.3916365113194686,,0.0,1.3916365113194686,2.2091285696
96145,1.391640650325655,,0.0,1.391640650325655,2.2085470222
96150,1.3916447825563882,,0.0,1.3916447825563882,2.2056959046
96155,1.3916489017818887,,0.0,1.3916489017818887,2.1998593286
96160,1.3916530013176494,,0.0,1.3916530013176494,2.1907136948
96165,1.3916570744564258,,0.0,1.3916570744564258,2.1858411358
96170,1.3916611143545556,,0.0,1.3916611143545556,2.1812003756
96175,1.3916651142820582,,0.0,1.3916651142820582,2.1802966544
96180,1.3916690675089534,,0.0,1.3916690675089534,2.1790793077
96185,1.3916729674644153,,0.0,1.3916729674644153,2.1813514908
96190,1.3916768078277193,,0.0,1.3916768078277193,2.1848556943
96195,1.3916805825964502,,0.0,1.3916805825964502,2.1888122649
96200,1.3916842861547125,,0.0,1.3916842861547125,2.1903369134
96205,1.3916879134095477,,0.0,1.3916879134095477,2.1906326611
96210,1.3916914597909351,,0.0,1.3916914597909351,2.1907408472
96215,1.3916949213427383,,0.0,1.3916949213427383,2.1959664777
96220,1.3916982948591212,,0.0,1.3916982948591212,2.2028857553
96225,1.3917015777708688,,0.0,1.3917015777708688,2.2092730021
96230,1.391704768350013,,0.0,1.391704768350013,2.2122766081
96235,1.3917078656188877,,0.0,1.3917078656188877,2.2147571318
96240,1.3917108694638107,,0.0,1.3917108694638107,2.2186602058
96245,1.391713780635084,,0.0,1.391713780635084,2.2218690002
96250,1.3917166005878387,,0.0,1.3917166005878387,2.2275370739
96255,1.3917193314820342,,0.0,1.3917193314820342,2.2360724742
96260,1.3917219760460415,,0.0,1.3917219760460415,2.2430411737
96265,1.3917245377130598,,0.0,1.3917245377130598,2.2482746783
96270,1.39172702041649,,0.0,1.39172702041649,2.2538858982
96275,1.3917294284535155,,0.0,1.3917294284535155,2.2601532845
96280,1.3917317663486837,,0.0,1.3917317663486837,2.2631519293
96285,1.3917340389221162,,0.0,1.3917340389221162,2.2629356162
96290,1.391736250993934,,0.0,1.391736250993934,2.2614502718
96295,1.391738407566149,,0.0,1.391738407566149,2.2639001943
96300,1.3917405135725653,,0.0,1.3917405135725653,2.2658862872
96305,1.3917425739469858,,0.0,1.3917425739469858,2.2673698368
96310,1.391744593373113,,0.0,1.391744593373113,2.2676935747
96315,1.3917465769211688,,0.0,1.3917465769211688,2.2699172569
96320,1.391748529024755,,0.0,1.391748529024755,2.2705162632
96325,1.3917504531398077,,0.0,1.3917504531398077,2.2730944188
96330,1.3917523523584803,,0.0,1.3917523523584803,2.2752754129
96335,1.391754229431879,,0.0,1.391754229431879,2.2748459992
96340,1.3917560866109098,,0.0,1.3917560866109098,2.2719876229
96345,1.3917579259418509,,0.0,1.3917579259418509,2.2678187278
96350,1.391759748902569,,0.0,1.391759748902569,2.2667075858
96355,1.3917615567208312,,0.0,1.3917615567208312,2.2651474839
96360,1.3917633503060942,,0.0,1.3917633503060942,2.2611338285
96365,1.3917651304996055,,0.0,1.3917651304996055,2.2554373502
96370,1.3917668979834577,,0.0,1.3917668979834577,2.2487030518
96375,1.3917686535534255,,0.0,1.3917686535534255,2.2394171951
96380,1.391770397891602,,0.0,1.391770397891602,2.2345133758
96385,1.391772131407242,,0.0,1.391772131407242,2.2344791969
96390,1.3917738546687566,,0.0,1.3917738546687566,2.2328772242
96395,1.3917755687674938,,0.0,1.3917755687674938,2.2285340831
96400,1.3917772752950028,,0.0,1.3917772752950028,2.2216741014
96405,1.3917789764339803,,0.0,1.3917789764339803,2.2184417543
96410,1.3917806749127966,,0.0,1.3917806749127966,2.2138699461
96415,1.3917823740282327,,0.0,1.3917823740282327,2.2098625042
96420,1.391784078191154,,0.0,1.391784078191154,2.2054548636
96425,1.3917857916532714,,0.0,1.3917857916532714,2.2036746021
96430,1.3917875183479853,,0.0,1.3917875183479853,2.2027992751
96435,1.3917892625270067,,0.0,1.3917892625270067,2.2044755306
96440,1.3917910285784645,,0.0,1.3917910285784645,2.2046292093
96445,1.3917928209586972,,0.0,1.3917928209586972,2.2041142272
96450,1.391794644169516,,0.0,1.391794644169516,2.204695857
96455,1.39179650259905,,0.0,1.39179650259905,2.2078163075
96460,1.39179840049901,,0.0,1.39179840049901,2.2076504524
96465,1.3918003418937424,,0.0,1.3918003418937424,2.2065576493
96470,1.3918023304665468,,0.0,1.3918023304665468,2.2085332187
96475,1.3918043694914686,,0.0,1.3918043694914686,2.2132577209
96480,1.3918064618105597,,0.0,1.3918064618105597,2.2200947829
96485,1.3918086097656717,,0.0,1.3918086097656717,2.2304023057
96490,1.391810814948354,,0.0,1.391810814948354,2.2390034265
96495,1.391813078381745,,0.0,1.391813078381745,2.2447730071
96500,1.3918154007024657,,0.0,1.3918154007024657,2.2474687692
96505,1.3918177820469335,,0.0,1.3918177820469335,2.2484958584
96510,1.3918202219604203,,0.0,1.3918202219604203,2.2450916222
96515,1.3918227195334694,,0.0,1.3918227195334694,2.2386813266
96520,1.391825273379159,,0.0,1.391825273379159,2.2347685602
96525,1.3918278816558391,,0.0,1.3918278816558391,2.230826268
96530,1.3918305420443953,,0.0,1.3918305420443953,2.2375227699
96535,1.3918332521575025,,0.0,1.3918332521575025,2.2469792888
96540,1.3918360094259459,,0.0,1.3918360094259459,2.2553810812
96545,1.3918388113259825,,0.0,1.3918388113259825,2.2626330167
96550,1.3918416551519786,,0.0,1.3918416551519786,2.271354906
96555,1.3918445377890443,,0.0,1.3918445377890443,2.2765326306
96560,1.39184745612229,,0.0,1.39184745612229,2.2808801591
96565,1.3918504068549349,,0.0,1.3918504068549349,2.2821142402
96570,1.3918533865992524,,0.0,1.3918533865992524,2.2809820271
96575,1.3918563914673143,,0.0,1.3918563914673143,2.2792631463
96580,1.3918594176848753,,0.0,1.3918594176848753,2.2749003821
96585,1.3918624613412705,,0.0,1.3918624613412705,2.270794622
96590,1.3918655182529989,,0.0,1.3918655182529989,2.2704825722
96595,1.3918685838955127,,0.0,1.3918685838955127,2.2726823405
96600,1.391871653562373,,0.0,1.391871653562373,2.2763264379
96605,1.391874722456195,,0.0,1.391874722456195,2.2790722349
96610,1.3918777855294933,,0.0,1.3918777855294933,2.2805100737
96615,1.3918808375528913,,0.0,1.3918808375528913,2.2817648149
96620,1.3918838732288028,,0.0,1.3918838732288028,2.2850528483
96625,1.391886887123224,,0.0,1.391886887123224,2.2886490773
96630,1.391889873938568,,0.0,1.391889873938568,2.296024927
96635,1.3918928284909315,,0.0,1.3918928284909315,2.3007898375
96640,1.391895745937457,,0.0,1.391895745937457,2.3060692383
96645,1.3918986217535965,,0.0,1.3918986217535965,2.3108920929
96650,1.3919014519377402,,0.0,1.3919014519377402,2.3139089658
96655,1.3919042331703708,,0.0,1.3919042331703708,2.3192267999
96660,1.391906962791327,,0.0,1.391906962791327,2.3237271277
96665,1.3919096395955783,,0.0,1.3919096395955783,2.3268893614
96670,1.3919122631283967,,0.0,1.3919122631283967,2.3313566048
96675,1.391914833662619,,0.0,1.391914833662619,2.3343501322
96680,1.3919173518803378,,0.0,1.3919173518803378,2.3331121554
96685,1.3919198201234046,,0.0,1.3919198201234046,2.3294762338
96690,1.3919222417568093,,0.0,1.3919222417568093,2.3234715358
96695,1.3919246210095266,,0.0,1.3919246210095266,2.3145588278
96700,1.3919269628835684,,0.0,1.3919269628835684,2.3062981728
96705,1.3919292730175674,,0.0,1.3919292730175674,2.2967144126
96710,1.3919315571411015,,0.0,1.3919315571411015,2.2894837081
96715,1.391933821279322,,0.0,1.391933821279322,2.2813503783
96720,1.391936071889372,,0.0,1.391936071889372,2.270764888
96725,1.3919383159513334,,0.0,1.3919383159513334,2.2580393275
96730,1.391940560854542,,0.0,1.391940560854542,2.2482052647
96735,1.3919428143521175,,0.0,1.3919428143521175,2.2461908102
96740,1.391945084151707,,0.0,1.391945084151707,2.2439223881
96745,1.3919473776426459,,0.0,1.3919473776426459,2.243397703
96750,1.3919497016458615,,0.0,1.3919497016458615,2.244015513
96755,1.391952062209241,,0.0,1.391952062209241,2.2401137341
96760,1.3919544645394248,,0.0,1.3919544645394248,2.2340199178
96765,1.3919569129335967,,0.0,1.3919569129335967,2.2254473813
96770,1.391959410529382,,0.0,1.391959410529382,2.2171478883
96775,1.391961959850524,,0.0,1.391961959850524,2.2134563817
96780,1.3919645625795176,,0.0,1.3919645625795176,2.2122914474
96785,1.391967219466665,,0.0,1.391967219466665,2.2113122521
96790,1.3919699306711204,,0.0,1.3919699306711204,2.2171560891
96795,1.3919726958518381,,0.0,1.3919726958518381,2.2260571292
96800,1.3919755140084153,,0.0,1.3919755140084153,2.2312742837
96805,1.3919783837766673,,0.0,1.3919783837766673,2.2332237993
96810,1.3919813034286252,,0.0,1.3919813034286252,2.2344086421
96815,1.3919842715773683,,0.0,1.3919842715773683,2.2331194039
96820,1.3919872871088117,,0.0,1.3919872871088117,2.2344843235
96825,1.3919903479994136,,0.0,1.3919903479994136,2.2390758951
96830,1.3919934522711057,,0.0,1.3919934522711057,2.2413571812
96835,1.3919965980595017,,0.0,1.3919965980595017,2.2413008519
96840,1.3919997837503153,,0.0,1.3919997837503153,2.2419522198
96845,1.392003007888416,,0.0,1.392003007888416,2.2452928921
96850,1.392006269246037,,0.0,1.392006269246037,2.2479786023
96855,1.3920095667090937,,0.0,1.3920095667090937,2.2533375583
96860,1.3920128992544472,,0.0,1.3920128992544472,2.2595869467
96865,1.3920162659953768,,0.0,1.3920162659953768,2.2635663653
96870,1.3920196660906354,,0.0,1.3920196660906354,2.2665587522
96875,1.3920230984716109,,0.0,1.3920230984716109,2.2704735636
96880,1.3920265624334747,,0.0,1.3920265624334747,2.2755651476
96885,1.3920300581581175,,0.0,1.3920300581581175,2.27719411
96890,1.3920335846451373,,0.0,1.3920335846451373,2.2759458472
96895,1.3920371407349763,,0.0,1.3920371407349763,2.273729993
96900,1.3920407253135505,,0.0,1.3920407253135505,2.2735143288
96905,1.3920443371758289,,0.0,1.3920443371758289,2.2768692928
96910,1.3920479751622545,,0.0,1.3920479751622545,2.2793698451
96915,1.392051638727153,,0.0,1.392051638727153,2.2804703467
96920,1.392055326369921,,0.0,1.392055326369921,2.2806147018
96925,1.3920590362716445,,0.0,1.3920590362716445,2.2803888106
96930,1.3920627664997278,,0.0,1.3920627664997278,2.281940655
96935,1.392066515053366,,0.0,1.392066515053366,2.2827901775
96940,1.3920702799544906,,0.0,1.3920702799544906,2.2819609396
96945,1.392074058974932,,0.0,1.392074058974932,2.2778484177
96950,1.3920778500229403,,0.0,1.3920778500229403,2.2710705249
96955,1.3920816510295004,,0.0,1.3920816510295004,2.2655704832
96960,1.3920854599710712,,0.0,1.3920854599710712,2.2628055433
96965,1.3920892748695843,,0.0,1.3920892748695843,2.2562530429
96970,1.3920930940880174,,0.0,1.3920930940880174,2.2465181925
96975,1.3920969157619838,,0.0,1.3920969157619838,2.2374700701
96980,1.3921007378452055,,0.0,1.3921007378452055,2.2271869224
96985,1.3921045581549867,,0.0,1.3921045581549867,2.220090607
96990,1.392108374463158,,0.0,1.392108374463158,2.2168505814
96995,1.3921121844278677,,0.0,1.3921121844278677,2.213710213
97000,1.392115985502637,,0.0,1.392115985502637,2.2080784492
97005,1.392119774754468,,0.0,1.392119774754468,2.2023821757
97010,1.3921235490457342,,0.0,1.3921235490457342,2.1969206904
97015,1.3921273050569183,,0.0,1.3921273050569183,2.1913743915
97020,1.3921310390819839,,0.0,1.3921310390819839,2.1883157233
97025,1.3921347471647936,,0.0,1.3921347471647936,2.1839590492
97030,1.392138424939955,,0.0,1.392138424939955,2.1777118997
97035,1.3921420677237655,,0.0,1.3921420677237655,2.1740379176
97040,1.3921456706278943,,0.0,1.3921456706278943,2.1761192994
97045,1.39214922858212,,0.0,1.39214922858212,2.1775283013
97050,1.3921527362206472,,0.0,1.3921527362206472,2.1752268188
97055,1.392156188086735,,0.0,1.392156188086735,2.1708317037
97060,1.3921595787236427,,0.0,1.3921595787236427,2.1729153258
97065,1.3921629026973656,,0.0,1.3921629026973656,2.1732705491
97070,1.3921661548239999,,0.0,1.3921661548239999,2.1714176632
97075,1.3921693303288973,,0.0,1.3921693303288973,2.1709473423
97080,1.3921724248921379,,0.0,1.3921724248921379,2.1748601509
97085,1.3921754348076854,,0.0,1.3921754348076854,2.1785955416
97090,1.392178357097068,,0.0,1.392178357097068,2.1829951415
97095,1.3921811896912726,,0.0,1.3921811896912726,2.1899555956
97100,1.3921839314762134,,0.0,1.3921839314762134,2.1956506736
97105,1.3921865824064186,,0.0,1.3921865824064186,2.1981912175
97110,1.392189143527763,,0.0,1.392189143527763,2.2003966847
97115,1.3921916171138884,,0.0,1.3921916171138884,2.1990767265
97120,1.3921940065752583,,0.0,1.3921940065752583,2.1944723441
97125,1.3921963165501023,,0.0,1.3921963165501023,2.1892429275
97130,1.3921985527225254,,0.0,1.3921985527225254,2.1886448685
97135,1.392200721754299,,0.0,1.392200721754299,2.1905977662
97140,1.3922028312621242,,0.0,1.3922028312621242,2.1988443966
97145,1.3922048894765846,,0.0,1.3922048894765846,2.2076497064
97150,1.3922069051966754,,0.0,1.3922069051966754,2.217476772
97155,1.3922088875851737,,0.0,1.3922088875851737,2.2275964496
97160,1.3922108459412756,,0.0,1.3922108459412756,2.2346546819
97165,1.3922127895869136,,0.0,1.3922127895869136,2.2406735739
97170,1.3922147276621284,,0.0,1.3922147276621284,2.2453806928
97175,1.3922166688522328,,0.0,1.3922166688522328,2.2470018334
97180,1.392218621433284,,0.0,1.392218621433284,2.248179843
97185,1.392220592885564,,0.0,1.392220592885564,2.2471657945
97190,1.3922225899390537,,0.0,1.3922225899390537,2.2446219173
97195,1.392224618346067,,0.0,1.392224618346067,2.2453322739
97200,1.3922266828812522,,0.0,1.3922266828812522,2.2463019724
97205,1.3922287873415917,,0.0,1.3922287873415917,2.2495481994
97210,1.3922309341826191,,0.0,1.3922309341826191,2.2508412113
97215,1.3922331246548374,,0.0,1.3922331246548374,2.2507230954
97220,1.3922353588037193,,0.0,1.3922353588037193,2.2510892792
97225,1.3922376356515986,,0.0,1.3922376356515986,2.2490971765
97230,1.392239953220407,,0.0,1.392239953220407,2.244999609
97235,1.3922423084862008,,0.0,1.3922423084862008,2.2441490794
97240,1.3922446974018967,,0.0,1.3922446974018967,2.2465016574
97245,1.3922471149200093,,0.0,1.3922471149200093,2.248314628
97250,1.3922495552200151,,0.0,1.3922495552200151,2.2511706042
97255,1.3922520121176083,,0.0,1.3922520121176083,2.2521217069
97260,1.392254479178381,,0.0,1.392254479178381,2.2519591942
97265,1.392256949808772,,0.0,1.392256949808772,2.2549172482
97270,1.392259417256064,,0.0,1.392259417256064,2.2560372407
97275,1.3922618746993312,,0.0,1.3922618746993312,2.2582578825
97280,1.3922643152721739,,0.0,1.3922643152721739,2.2598798298
97285,1.3922667322218762,,0.0,1.3922667322218762,2.2601846409
97290,1.3922691187502478,,0.0,1.3922691187502478,2.2561983537
97295,1.3922714683092,,0.0,1.3922714683092,2.2482144235
97300,1.3922737746007439,,0.0,1.3922737746007439,2.238211731
97305,1.3922760316452012,,0.0,1.3922760316452012,2.2263757742
97310,1.392278234099513,,0.0,1.392278234099513,2.215909973
97315,1.3922803769161938,,0.0,1.3922803769161938,2.2072459963
97320,1.3922824557298512,,0.0,1.3922824557298512,2.1988504886
97325,1.3922844668344485,,0.0,1.3922844668344485,2.1878847777
97330,1.3922864069786776,,0.0,1.3922864069786776,2.173035765
97335,1.3922882736615325,,0.0,1.3922882736615325,2.1612768151
97340,1.3922900649504169,,0.0,1.3922900649504169,2.1519093632
97345,1.392291779640301,,0.0,1.392291779640301,2.1487657779
97350,1.3922934172082468,,0.0,1.3922934172082468,2.1473992843
97355,1.392294977676991,,0.0,1.392294977676991,2.1470811885
97360,1.3922964616831532,,0.0,1.3922964616831532,2.1445488394
97365,1.392297870386291,,0.0,1.392297870386291,2.1394852068
97370,1.39229920540069,,0.0,1.39229920540069,2.132449297
97375,1.3923004687271554,,0.0,1.3923004687271554,2.1261422777
97380,1.3923016627075384,,0.0,1.3923016627075384,2.1202512908
97385,1.3923027900474731,,0.0,1.3923027900474731,2.1203306342
97390,1.3923038535662757,,0.0,1.3923038535662757,2.1198616129
97395,1.3923048561514717,,0.0,1.3923048561514717,2.1223816686
97400,1.3923058007587954,,0.0,1.3923058007587954,2.1303681807
97405,1.3923066904804002,,0.0,1.3923066904804002,2.1363459785
97410,1.392307528294757,,0.0,1.392307528294757,2.1404592617
97415,1.3923083172712827,,0.0,1.3923083172712827,2.1419699842
97420,1.3923090603429755,,0.0,1.3923090603429755,2.1425063367
97425,1.3923097603973609,,0.0,1.3923097603973609,2.1436258421
97430,1.3923104201628094,,0.0,1.3923104201628094,2.1490416045
97435,1.3923110422767455,,0.0,1.3923110422767455,2.1541054402
97440,1.3923116292401756,,0.0,1.3923116292401756,2.157903303
97445,1.3923121835768424,,0.0,1.3923121835768424,2.164659713
97450,1.392312707514915,,0.0,1.392312707514915,2.1706590783
97455,1.392313203077935,,0.0,1.392313203077935,2.1753812119
97460,1.3923136720620795,,0.0,1.3923136720620795,2.1794499944
97465,1.3923141161953163,,0.0,1.3923141161953163,2.1872072413
97470,1.392314536955513,,0.0,1.392314536955513,2.1947327753
97475,1.3923149357978004,,0.0,1.3923149357978004,2.2021220356
97480,1.3923153140636273,,0.0,1.3923153140636273,2.2085255371
97485,1.392315673003497,,0.0,1.392315673003497,2.2161796759
97490,1.3923160140043307,,0.0,1.3923160140043307,2.2206251791
97495,1.3923163384303139,,0.0,1.3923163384303139,2.2226442983
97500,1.3923166479184688,,0.0,1.3923166479184688,2.2221544399
97505,1.3923169443104457,,0.0,1.3923169443104457,2.2224545764
97510,1.3923172294933674,,0.0,1.3923172294933674,2.2226045004
97515,1.3923175051497287,,0.0,1.3923175051497287,2.2218038431
97520,1.3923177735076995,,0.0,1.3923177735076995,2.2197052472
97525,1.392318037500277,,0.0,1.392318037500277,2.2215017885
97530,1.3923183011063356,,0.0,1.3923183011063356,2.2229806275
97535,1.392318569077787,,0.0,1.392318569077787,2.2238720563
97540,1.3923188470077905,,0.0,1.3923188470077905,2.2239171789
97545,1.3923191410806526,,0.0,1.3923191410806526,2.2211830994
97550,1.3923194580490899,,0.0,1.3923194580490899,2.2155415336
97555,1.3923198056434856,,0.0,1.3923198056434856,2.2085480025
97560,1.3923201913895948,,0.0,1.3923201913895948,2.2004008367
97565,1.3923206226994906,,0.0,1.3923206226994906,2.1970352515
97570,1.3923211064395717,,0.0,1.3923211064395717,2.193250437
97575,1.3923216491579278,,0.0,1.3923216491579278,2.1869473798
97580,1.3923222568569735,,0.0,1.3923222568569735,2.1783697715
97585,1.3923229347888217,,0.0,1.3923229347888217,2.1672874459
97590,1.3923236873643383,,0.0,1.3923236873643383,2.1586144347
97595,1.39232451797125,,0.0,1.39232451797125,2.1544620141
97600,1.392325428860462,,0.0,1.392325428860462,2.148871382
97605,1.3923264211005866,,0.0,1.3923264211005866,2.1425292748
97610,1.3923274946461506,,0.0,1.3923274946461506,2.1371228786
97615,1.3923286482693873,,0.0,1.3923286482693873,2.1315931754
97620,1.3923298797876007,,0.0,1.3923298797876007,2.1264225423
97625,1.3923311860631642,,0.0,1.3923311860631642,2.1230981765
97630,1.3923325631172045,,0.0,1.3923325631172045,2.1210946371
97635,1.3923340064251744,,0.0,1.3923340064251744,2.1202888201
97640,1.3923355109395879,,0.0,1.3923355109395879,2.1191150851
97645,1.3923370712264407,,0.0,1.3923370712264407,2.1171898226
97650,1.3923386816925731,,0.0,1.3923386816925731,2.1200681773
97655,1.3923403365401987,,0.0,1.3923403365401987,2.1211650568
97660,1.3923420300624754,,0.0,1.3923420300624754,2.1224443736
97665,1.3923437565525616,,0.0,1.3923437565525616,2.1262739602
97670,1.3923455105082436,,0.0,1.3923455105082436,2.1281570123
97675,1.39234728654099,,0.0,1.39234728654099,2.1282953565
97680,1.3923490796033156,,0.0,1.3923490796033156,2.1263013653
97685,1.3923508848068893,,0.0,1.3923508848068893,2.1268078463
97690,1.3923526976726366,,0.0,1.3923526976726366,2.1290520563
97695,1.3923545139261109,,0.0,1.3923545139261109,2.1335744218
97700,1.3923563295657015,,0.0,1.3923563295657015,2.1386740364
97705,1.392358140748954,,0.0,1.392358140748954,2.1452748995
97710,1.3923599437698315,,0.0,1.3923599437698315,2.1480877121
97715,1.3923617349905069,,0.0,1.3923617349905069,2.1477661686
97720,1.392363510795889,,0.0,1.392363510795889,2.1472155886
97725,1.3923652675254143,,0.0,1.3923652675254143,2.1425295998
97730,1.3923670014275737,,0.0,1.3923670014275737,2.1386801866
97735,1.392368708614439,,0.0,1.392368708614439,2.13717942
97740,1.3923703850389273,,0.0,1.3923703850389273,2.1391331499
97745,1.3923720264720647,,0.0,1.3923720264720647,2.1493344508
97750,1.392373628480249,,0.0,1.392373628480249,2.1587826109
97755,1.3923751865616691,,0.0,1.3923751865616691,2.1670900627
97760,1.3923766959416766,,0.0,1.3923766959416766,2.1783152367
97765,1.392378151959305,,0.0,1.392378151959305,2.1879294805
97770,1.3923795497716975,,0.0,1.3923795497716975,2.1961559021
97775,1.3923808846269417,,0.0,1.3923808846269417,2.2005914789
97780,1.3923821518640713,,0.0,1.3923821518640713,2.2004328375
97785,1.3923833470494849,,0.0,1.3923833470494849,2.2006918956
97790,1.392384466090626,,0.0,1.392384466090626,2.1975016579
97795,1.392385505235986,,0.0,1.392385505235986,2.1918190791
97800,1.3923864610978376,,0.0,1.3923864610978376,2.1914250477
97805,1.3923873308341288,,0.0,1.3923873308341288,2.1906007957
97810,1.3923881120575352,,0.0,1.3923881120575352,2.1925750941
97815,1.3923888028581977,,0.0,1.3923888028581977,2.1954713029
97820,1.3923894018719305,,0.0,1.3923894018719305,2.1973932679
97825,1.392389908166541,,0.0,1.392389908166541,2.1994098288
97830,1.3923903214009823,,0.0,1.3923903214009823,2.1986139184
97835,1.39239064173441,,0.0,1.39239064173441,2.1974487589
97840,1.3923908699625984,,0.0,1.3923908699625984,2.1994048001
97845,1.3923910074952055,,0.0,1.3923910074952055,2.2022980115
97850,1.3923910563330368,,0.0,1.3923910563330368,2.2049470013
97855,1.3923910192044622,,0.0,1.3923910192044622,2.208835372
97860,1.3923908994972085,,0.0,1.3923908994972085,2.2109338267
97865,1.3923907013038315,,0.0,1.3923907013038315,2.2159193631
97870,1.3923904293535065,,0.0,1.3923904293535065,2.2196872465
97875,1.3923900890347656,,0.0,1.3923900890347656,2.2218648598
97880,1.3923896863500231,,0.0,1.3923896863500231,2.2223176322
97885,1.3923892278473684,,0.0,1.3923892278473684,2.225384026
97890,1.3923887206205647,,0.0,1.3923887206205647,2.225643216
97895,1.3923881721498945,,0.0,1.3923881721498945,2.2213593807
97900,1.3923875902339498,,0.0,1.3923875902339498,2.2136082311
97905,1.3923869829896325,,0.0,1.3923869829896325,2.2049688967
97910,1.392386358693,,0.0,1.392386358693,2.1939808796
97915,1.392385725665582,,0.0,1.392385725665582,2.1812647601
97920,1.3923850923425907,,0.0,1.3923850923425907,2.1709665469
97925,1.3923844670455556,,0.0,1.3923844670455556,2.1617007995
97930,1.3923838578231698,,0.0,1.3923838578231698,2.1509679354
97935,1.3923832723376073,,0.0,1.3923832723376073,2.1385485869
97940,1.3923827177735761,,0.0,1.3923827177735761,2.1309928209
97945,1.3923822006564295,,0.0,1.3923822006564295,2.129024125
97950,1.3923817268976368,,0.0,1.3923817268976368,2.1270187915
97955,1.3923813014537374,,0.0,1.3923813014537374,2.127435596
97960,1.392380928349078,,0.0,1.392380928349078,2.1301061151
97965,1.3923806106076024,,0.0,1.3923806106076024,2.1296805181
97970,1.3923803502983247,,0.0,1.3923803502983247,2.1246887952
97975,1.3923801483534384,,0.0,1.3923801483534384,2.1156867006
97980,1.3923800046819976,,0.0,1.3923800046819976,2.1058910348
97985,1.3923799182381273,,0.0,1.3923799182381273,2.101771203
97990,1.3923798873165953,,0.0,1.3923798873165953,2.0975431821
97995,1.3923799095300782,,0.0,1.3923799095300782,2.0947279122
98000,1.3923799808769655,,0.0,1.3923799808769655,2.0969765976
98005,1.3923800966053457,,0.0,1.3923800966053457,2.1005160208
98010,1.392380251235741,,0.0,1.392380251235741,2.1035839347
98015,1.3923804388112098,,0.0,1.3923804388112098,2.1066780931
98020,1.3923806528973444,,0.0,1.3923806528973444,2.107451057
98025,1.392380886650483,,0.0,1.392380886650483,2.1068861104
98030,1.3923811330905442,,0.0,1.3923811330905442,2.1074462153
98035,1.3923813849418734,,0.0,1.3923813849418734,2.1133457103
98040,1.3923816349288163,,0.0,1.3923816349288163,2.1175587441
98045,1.3923818757757178,,0.0,1.3923818757757178,2.1204715116
98050,1.3923821005024974,,0.0,1.3923821005024974,2.1236271752
98055,1.3923823030840037,,0.0,1.3923823030840037,2.1282223915
98060,1.3923824776542397,,0.0,1.3923824776542397,2.1310417991
98065,1.3923826185745738,,0.0,1.3923826185745738,2.1384276492
98070,1.3923827209794113,,0.0,1.3923827209794113,2.1476230661
98075,1.3923827807307243,,0.0,1.3923827807307243,2.1536687737
98080,1.3923827944862588,,0.0,1.3923827944862588,2.1593185688
98085,1.3923827599041632,,0.0,1.3923827599041632,2.169953368
98090,1.392382675370152,,0.0,1.392382675370152,2.1780665611
98095,1.3923825401111867,,0.0,1.3923825401111867,2.1821252299
98100,1.3923823540590583,,0.0,1.3923823540590583,2.1837369304
98105,1.3923821176912314,,0.0,1.3923821176912314,2.181657077
98110,1.3923818320990544,,0.0,1.3923818320990544,2.177638677
98115,1.3923814987831304,,0.0,1.3923814987831304,2.1796865712
98120,1.392381119607847,,0.0,1.392381119607847,2.1815180353
98125,1.3923806967558994,,0.0,1.3923806967558994,2.1826692829
98130,1.3923802325009305,,0.0,1.3923802325009305,2.180556925
98135,1.3923797292530005,,0.0,1.3923797292530005,2.1840244539
98140,1.3923791895358522,,0.0,1.3923791895358522,2.1886753976
98145,1.3923786157140727,,0.0,1.3923786157140727,2.1914088394
98150,1.392378010152251,,0.0,1.392378010152251,2.1906321728
98155,1.3923773749421364,,0.0,1.3923773749421364,2.1852943494
98160,1.3923767119935893,,0.0,1.3923767119935893,2.1776353156
98165,1.3923760229891042,,0.0,1.3923760229891042,2.1708973525
98170,1.3923753091337114,,0.0,1.3923753091337114,2.1663757245
98175,1.3923745712004496,,0.0,1.3923745712004496,2.163129555
98180,1.3923738095985743,,0.0,1.3923738095985743,2.1588513472
98185,1.392373024214403,,0.0,1.392373024214403,2.1506307396
98190,1.3923722144795254,,0.0,1.3923722144795254,2.1412830319
98195,1.3923713793935388,,0.0,1.3923713793935388,2.1342425342
98200,1.3923705175240493,,0.0,1.3923705175240493,2.1292416884
98205,1.3923696271430883,,0.0,1.3923696271430883,2.125459312
98210,1.392368706022487,,0.0,1.392368706022487,2.1197133571
98215,1.3923677517521846,,0.0,1.3923677517521846,2.1157457321
98220,1.39236676167202,,0.0,1.39236676167202,2.109649357
98225,1.3923657328944679,,0.0,1.3923657328944679,2.1062750178
98230,1.3923646625320028,,0.0,1.3923646625320028,2.1031878505
98235,1.392363547788045,,0.0,1.392363547788045,2.1003475118
98240,1.3923623858887513,,0.0,1.3923623858887513,2.0989424379
98245,1.3923611744240607,,0.0,1.3923611744240607,2.0961217102
98250,1.3923599111658045,,0.0,1.3923599111658045,2.0976156398
98255,1.3923585942041234,,0.0,1.3923585942041234,2.100851388
98260,1.3923572221975682,,0.0,1.3923572221975682,2.1014962638
98265,1.3923557943731009,,0.0,1.3923557943731009,2.1040448397
98270,1.3923543105715666,,0.0,1.3923543105715666,2.1080023432
98275,1.3923527712931663,,0.0,1.3923527712931663,2.1096507645
98280,1.3923511778793487,,0.0,1.3923511778793487,2.108842978
98285,1.3923495323536557,,0.0,1.3923495323536557,2.1068177922
98290,1.3923478376263487,,0.0,1.3923478376263487,2.1070437779
98295,1.3923460973352553,,0.0,1.3923460973352553,2.1128569594
98300,1.3923443160276592,,0.0,1.3923443160276592,2.121698806
98305,1.3923424990238833,,0.0,1.3923424990238833,2.1292555773
98310,1.3923406523945514,,0.0,1.3923406523945514,2.1356248063
98315,1.3923387829833265,,0.0,1.3923387829833265,2.1379899657
98320,1.3923368982250175,,0.0,1.3923368982250175,2.1375696316
98325,1.392335006031899,,0.0,1.392335006031899,2.1370930961
98330,1.3923331147709739,,0.0,1.3923331147709739,2.1337870114
98335,1.3923312330366089,,0.0,1.3923312330366089,2.1319486834
98340,1.3923293695595895,,0.0,1.3923293695595895,2.1325504798
98345,1.392327533025228,,0.0,1.392327533025228,2.1357429887
98350,1.3923257319142102,,0.0,1.3923257319142102,2.1441477753
98355,1.39232397438891,,0.0,1.39232397438891,2.1508660031
98360,1.3923222680432923,,0.0,1.3923222680432923,2.1582644374
98365,1.3923206198801745,,0.0,1.3923206198801745,2.1678529068
98370,1.3923190360611264,,0.0,1.3923190360611264,2.1753909536
98375,1.3923175218609978,,0.0,1.3923175218609978,2.1792771475
98380,1.3923160815314992,,0.0,1.3923160815314992,2.1838752601
98385,1.3923147182784659,,0.0,1.3923147182784659,2.1866897347
98390,1.3923134342845944,,0.0,1.3923134342845944,2.1877906785
98395,1.3923122315734258,,0.0,1.3923122315734258,2.1862422581
98400,1.3923111098266505,,0.0,1.3923111098266505,2.1845557562
98405,1.3923100673163005,,0.0,1.3923100673163005,2.1886871727
98410,1.3923091016095788,,0.0,1.3923091016095788,2.1921060735
98415,1.3923082092278127,,0.0,1.3923082092278127,2.1978900148
98420,1.3923073850098353,,0.0,1.3923073850098353,2.2030902377
98425,1.3923066229077585,,0.0,1.3923066229077585,2.2024342508
98430,1.392305917010113,,0.0,1.392305917010113,2.2019549488
98435,1.3923052620420493,,0.0,1.3923052620420493,2.2007981016
98440,1.392304649750247,,0.0,1.392304649750247,2.2007427517
98445,1.3923040714721293,,0.0,1.3923040714721293,2.2022613273
98450,1.3923035182040744,,0.0,1.3923035182040744,2.2053452875
98455,1.3923029806241496,,0.0,1.3923029806241496,2.209351248
98460,1.3923024492057945,,0.0,1.3923024492057945,2.2119622982
98465,1.3923019144451856,,0.0,1.3923019144451856,2.2107875169
98470,1.3923013669976543,,0.0,1.3923013669976543,2.2126761102
98475,1.3923007978595776,,0.0,1.3923007978595776,2.2184312359
98480,1.3923001986184806,,0.0,1.3923001986184806,2.2233563505
98485,1.3922995615439797,,0.0,1.3922995615439797,2.2260576718
98490,1.3922988797242037,,0.0,1.3922988797242037,2.2291084421
98495,1.3922981478843024,,0.0,1.3922981478843024,2.2312113867
98500,1.39229736168162,,0.0,1.39229736168162,2.2285099222
98505,1.3922965169553914,,0.0,1.3922965169553914,2.2231886289
98510,1.3922956104770448,,0.0,1.3922956104770448,2.2162107423
98515,1.3922946400411476,,0.0,1.3922946400411476,2.2067942721
98520,1.39229360437446,,0.0,1.39229360437446,2.1951724836
98525,1.3922925030449902,,0.0,1.3922925030449902,2.1851325126
98530,1.3922913364165208,,0.0,1.3922913364165208,2.1768759829
98535,1.3922901054894545,,0.0,1.3922901054894545,2.1670501849
98540,1.3922888119917594,,0.0,1.3922888119917594,2.1550344301
98545,1.3922874581970768,,0.0,1.3922874581970768,2.145185232
98550,1.3922860468565144,,0.0,1.3922860468565144,2.1400436236
98555,1.3922845812441162,,0.0,1.3922845812441162,2.1380937256
98560,1.3922830647021365,,0.0,1.3922830647021365,2.1414283813
98565,1.3922815003227278,,0.0,1.3922815003227278,2.1431347605
98570,1.3922798912889895,,0.0,1.3922798912889895,2.1420174616
98575,1.3922782408522296,,0.0,1.3922782408522296,2.138931631
98580,1.3922765522864928,,0.0,1.3922765522864928,2.1333111588
98585,1.3922748288658233,,0.0,1.3922748288658233,2.1259922624
98590,1.392273073705111,,0.0,1.392273073705111,2.1203034196
98595,1.3922712896009353,,0.0,1.3922712896009353,2.1184119875
98600,1.3922694791452483,,0.0,1.3922694791452483,2.1203514747
98605,1.3922676444070645,,0.0,1.3922676444070645,2.1228004055
98610,1.3922657871370878,,0.0,1.3922657871370878,2.1296436748
98615,1.3922639086540307,,0.0,1.3922639086540307,2.1341159879
98620,1.3922620099128236,,0.0,1.3922620099128236,2.1372660627
98625,1.392260091550085,,0.0,1.392260091550085,2.1374912351
98630,1.3922581539295984,,0.0,1.3922581539295984,2.1347202043
98635,1.3922561972787282,,0.0,1.3922561972787282,2.1386198113
98640,1.3922542216429468,,0.0,1.3922542216429468,2.1442813406
98645,1.3922522270449906,,0.0,1.3922522270449906,2.1502786458
98650,1.3922502135530692,,0.0,1.3922502135530692,2.1558570736
98655,1.3922481812353917,,0.0,1.3922481812353917,2.1588165953
98660,1.3922461303420584,,0.0,1.3922461303420584,2.1617100065
98665,1.3922440612368525,,0.0,1.3922440612368525,2.1635158344
98670,1.3922419743745025,,0.0,1.3922419743745025,2.1664377022
98675,1.3922398704143641,,0.0,1.3922398704143641,2.1741614447
98680,1.3922377501067393,,0.0,1.3922377501067393,2.1821485697
98685,1.3922356143838215,,0.0,1.3922356143838215,2.1884925916
98690,1.392233464291486,,0.0,1.392233464291486,2.1973930352
98695,1.3922313010347631,,0.0,1.3922313010347631,2.2034005125
98700,1.3922291259323651,,0.0,1.3922291259323651,2.2055359679
98705,1.3922269405303687,,0.0,1.3922269405303687,2.2049820089
98710,1.392224746465796,,0.0,1.392224746465796,2.2042177186
98715,1.3922225456030335,,0.0,1.3922225456030335,2.2051287193
98720,1.392220340011096,,0.0,1.392220340011096,2.2077904232
98725,1.3922181319181517,,0.0,1.3922181319181517,2.2082744512
98730,1.3922159237797351,,0.0,1.3922159237797351,2.2069724777
98735,1.3922137183242158,,0.0,1.3922137183242158,2.2037698285
98740,1.3922115183936465,,0.0,1.3922115183936465,2.2050487617
98745,1.392209327034708,,0.0,1.392209327034708,2.2062744558
98750,1.3922071474759716,,0.0,1.3922071474759716,2.2079978034
98755,1.3922049830369547,,0.0,1.3922049830369547,2.2054419604
98760,1.392202836991702,,0.0,1.392202836991702,2.2011964315
98765,1.3922007127279403,,0.0,1.3922007127279403,2.1960457358
98770,1.3921986134742408,,0.0,1.3921986134742408,2.1890271628
98775,1.3921965423909666,,0.0,1.3921965423909666,2.1853465954
98780,1.3921945024338516,,0.0,1.3921945024338516,2.1796968759
98785,1.3921924964222123,,0.0,1.3921924964222123,2.172512512
98790,1.3921905268797918,,0.0,1.3921905268797918,2.1645403643
98795,1.3921885961257043,,0.0,1.3921885961257043,2.1557954386
98800,1.3921867061152822,,0.0,1.3921867061152822,2.1484930744
98805,1.39218485859923,,0.0,1.39218485859923,2.1473293193
98810,1.3921830549417327,,0.0,1.3921830549417327,2.1452260073
98815,1.3921812962114022,,0.0,1.3921812962114022,2.1404325096
98820,1.3921795832040134,,0.0,1.3921795832040134,2.1346054406
98825,1.3921779163970307,,0.0,1.3921779163970307,2.1264962609
98830,1.3921762959041368,,0.0,1.3921762959041368,2.1232756006
98835,1.3921747215889124,,0.0,1.3921747215889124,2.1222588948
98840,1.3921731930193662,,0.0,1.3921731930193662,2.1208050475
98845,1.3921717093542503,,0.0,1.3921717093542503,2.116885982
98850,1.3921702694340072,,0.0,1.3921702694340072,2.1170625775
98855,1.392168871848979,,0.0,1.392168871848979,2.1171181826
98860,1.3921675147347792,,0.0,1.3921675147347792,2.1192653588
98865,1.3921661959996574,,0.0,1.3921661959996574,2.1207720576
98870,1.3921649132335523,,0.0,1.3921649132335523,2.1232615042
98875,1.3921636636853576,,0.0,1.3921636636853576,2.1250301435
98880,1.3921624443993388,,0.0,1.3921624443993388,2.1253640398
98885,1.3921612521923965,,0.0,1.3921612521923965,2.1244724261
98890,1.3921600837222772,,0.0,1.3921600837222772,2.1254404684
98895,1.392158935601254,,0.0,1.392158935601254,2.1270532757
98900,1.3921578045325465,,0.0,1.3921578045325465,2.1289838028
98905,1.3921566872648459,,0.0,1.3921566872648459,2.1372232189
98910,1.3921555808424178,,0.0,1.3921555808424178,2.147571698
98915,1.3921544826051013,,0.0,1.3921544826051013,2.1545972059
98920,1.3921533902110448,,0.0,1.3921533902110448,2.1578208454
98925,1.392152301909544,,0.0,1.392152301909544,2.1581188586
98930,1.3921512163136769,,0.0,1.3921512163136769,2.1549814862
98935,1.392150132650406,,0.0,1.392150132650406,2.1489902556
98940,1.3921490506014207,,0.0,1.3921490506014207,2.1442028557
98945,1.3921479703486126,,0.0,1.3921479703486126,2.1404223517
98950,1.3921468923467104,,0.0,1.3921468923467104,2.1447016314
98955,1.3921458174596975,,0.0,1.3921458174596975,2.1529107711
98960,1.392144746642504,,0.0,1.392144746642504,2.1607236442
98965,1.3921436809864778,,0.0,1.3921436809864778,2.1687128829
98970,1.3921426214238124,,0.0,1.3921426214238124,2.1782972474
98975,1.392141568727546,,0.0,1.392141568727546,2.1888751497
98980,1.3921405232841975,,0.0,1.3921405232841975,2.1962151554
98985,1.3921394850937676,,0.0,1.3921394850937676,2.1977948281
98990,1.3921384537469998,,0.0,1.3921384537469998,2.1967716437
98995,1.392137429698623,,0.0,1.392137429698623,2.1964282273
99000,1.392136411629925,,0.0,1.392136411629925,2.1924189016
99005,1.392135397085372,,0.0,1.392135397085372,2.1903656765
99010,1.3921343829500747,,0.0,1.3921343829500747,2.1915263185
99015,1.3921333653133685,,0.0,1.3921333653133685,2.1930321979
99020,1.3921323394460783,,0.0,1.3921323394460783,2.1951684377
99025,1.3921312998232536,,0.0,1.3921312998232536,2.1968158505
99030,1.3921302401014333,,0.0,1.3921302401014333,2.195886398
99035,1.3921291534369546,,0.0,1.3921291534369546,2.1960511512
99040,1.3921280323722718,,0.0,1.3921280323722718,2.1939560121
99045,1.392126869108793,,0.0,1.392126869108793,2.1976331872
99050,1.3921256557569794,,0.0,1.3921256557569794,2.2033323914
99055,1.3921243843363482,,0.0,1.3921243843363482,2.2073788717
99060,1.3921230471619894,,0.0,1.3921230471619894,2.2110254106
99065,1.3921216369127751,,0.0,1.3921216369127751,2.2147297315
99070,1.392120146858725,,0.0,1.392120146858725,2.2163558552
99075,1.3921185709519512,,0.0,1.3921185709519512,2.2204529647
99080,1.3921169040312866,,0.0,1.3921169040312866,2.2245169503
99085,1.392115141935966,,0.0,1.392115141935966,2.2297076827
99090,1.3921132815510997,,0.0,1.3921132815510997,2.234867676
99095,1.3921113208986193,,0.0,1.3921113208986193,2.2386519912
99100,1.3921092592282232,,0.0,1.3921092592282232,2.2396579605
99105,1.3921070969719025,,0.0,1.3921070969719025,2.234963745
99110,1.3921048357666805,,0.0,1.3921048357666805,2.2278689098
99115,1.3921024783409268,,0.0,1.3921024783409268,2.2194411377
99120,1.3921000284916243,,0.0,1.3921000284916243,2.2108965381
99125,1.3920974909252115,,0.0,1.3920974909252115,2.2005006104
99130,1.3920948710302206,,0.0,1.3920948710302206,2.1929828195
99135,1.3920921748318025,,0.0,1.3920921748318025,2.1838353939
99140,1.392089408696155,,0.0,1.392089408696155,2.1733577492
99145,1.392086579148631,,0.0,1.392086579148631,2.1612108387
99150,1.3920836927145832,,0.0,1.3920836927145832,2.1517389927
99155,1.3920807556692634,,0.0,1.3920807556692634,2.1459618683
99160,1.3920777739468775,,0.0,1.3920777739468775,2.1451179582
99165,1.392074752890484,,0.0,1.392074752890484,2.1445980558
99170,1.3920716972292588,,0.0,1.3920716972292588,2.1454947063
99175,1.3920686108966025,,0.0,1.3920686108966025,2.1434252077
99180,1.3920654969164588,,0.0,1.3920654969164588,2.1405339961
99185,1.3920623575397333,,0.0,1.3920623575397333,2.1341521494
99190,1.3920591940396658,,0.0,1.3920591940396658,2.1276150503
99195,1.3920560068482484,,0.0,1.3920560068482484,2.123412143
99200,1.3920527955334887,,0.0,1.3920527955334887,2.1200972713
99205,1.3920495589813027,,0.0,1.3920495589813027,2.1237010037
99210,1.3920462954409851,,0.0,1.3920462954409851,2.1296834123
99215,1.392043002661631,,0.0,1.392043002661631,2.1363617339
99220,1.3920396781194977,,0.0,1.3920396781194977,2.1434224096
99225,1.3920363190862144,,0.0,1.3920363190862144,2.1487630668
99230,1.3920329228788837,,0.0,1.3920329228788837,2.1518302269
99235,1.3920294871556544,,0.0,1.3920294871556544,2.1520157629
99240,1.3920260099157213,,0.0,1.3920260099157213,2.1523570726
99245,1.3920224894993258,,0.0,1.3920224894993258,2.1545026294
99250,1.3920189247014376,,0.0,1.3920189247014376,2.1579329557
99255,1.3920153147944911,,0.0,1.3920153147944911,2.1592273551
99260,1.392011659846696,,0.0,1.392011659846696,2.1623142759
99265,1.39200796063109,,0.0,1.39200796063109,2.1643907136
99270,1.3920042188301687,,0.0,1.3920042188301687,2.1685391215
99275,1.3920004366493648,,0.0,1.3920004366493648,2.1719268825
99280,1.3919966169079943,,0.0,1.3919966169079943,2.1788363055
99285,1.3919927629255744,,0.0,1.3919927629255744,2.1874879088
99290,1.3919888783854053,,0.0,1.3919888783854053,2.1960547018
99295,1.3919849674482523,,0.0,1.3919849674482523,2.2056199124
99300,1.3919810347068722,,0.0,1.3919810347068722,2.2135531118
99305,1.3919770847085489,,0.0,1.3919770847085489,2.2180742052
99310,1.3919731220915124,,0.0,1.3919731220915124,2.2184425588
99315,1.3919691515167283,,0.0,1.3919691515167283,2.214560071
99320,1.3919651777588455,,0.0,1.3919651777588455,2.2123201432
99325,1.3919612051150476,,0.0,1.3919612051150476,2.2144414193
99330,1.3919572374959983,,0.0,1.3919572374959983,2.2148987778
99335,1.3919532784940527,,0.0,1.3919532784940527,2.2157742728
99340,1.3919493312923088,,0.0,1.3919493312923088,2.2139284662
99345,1.39194539873282,,0.0,1.39194539873282,2.2137664419
99350,1.3919414833848016,,0.0,1.3919414833848016,2.2162370733
99355,1.3919375874082132,,0.0,1.3919375874082132,2.2179910061
99360,1.391933712576496,,0.0,1.391933712576496,2.2195865799
99365,1.3919298603447803,,0.0,1.3919298603447803,2.2181201127
99370,1.391926031918097,,0.0,1.391926031918097,2.2147923349
99375,1.3919222283423214,,0.0,1.3919222283423214,2.2124485051
99380,1.3919184504587008,,0.0,1.3919184504587008,2.2118620296
99385,1.39191469906301,,0.0,1.39191469906301,2.2084186708
99390,1.3919109748146052,,0.0,1.3919109748146052,2.2019601314
99395,1.3919072784637883,,0.0,1.3919072784637883,2.1936971714
99400,1.3919036107153884,,0.0,1.3919036107153884,2.1846245895
99405,1.39189997236518,,0.0,1.39189997236518,2.1775352515
99410,1.3918963643453566,,0.0,1.3918963643453566,2.1748787721
99415,1.3918927878154754,,0.0,1.3918927878154754,2.1712642264
99420,1.3918892440033033,,0.0,1.3918892440033033,2.1647159733
99425,1.3918857342730253,,0.0,1.3918857342730253,2.1584101862
99430,1.391882259988827,,0.0,1.391882259988827,2.1537240568
99435,1.391878822719521,,0.0,1.391878822719521,2.1509449517
99440,1.3918754240566569,,0.0,1.3918754240566569,2.1513427274
99445,1.39187206568273,,0.0,1.39187206568273,2.1496619182
99450,1.3918687492574986,,0.0,1.3918687492574986,2.1446691037
99455,1.3918654764407217,,0.0,1.3918654764407217,2.1386502419
99460,1.3918622488694214,,0.0,1.3918622488694214,2.1369325268
99465,1.3918590679759923,,0.0,1.3918590679759923,2.1366818043
99470,1.391855935192829,,0.0,1.391855935192829,2.1383448639
99475,1.391852851747698,,0.0,1.391852851747698,2.1430408434
99480,1.3918498187319475,,0.0,1.3918498187319475,2.1483579812
99485,1.3918468370322978,,0.0,1.3918468370322978,2.1508583696
99490,1.3918439073535782,,0.0,1.3918439073535782,2.1521830675
99495,1.3918410301050441,,0.0,1.3918410301050441,2.1569944176
99500,1.39183820551406,,0.0,1.39183820551406,2.1603521781
99505,1.3918354334896796,,0.0,1.3918354334896796,2.1615661793
99510,1.3918327136453843,,0.0,1.3918327136453843,2.1640741308
99515,1.3918300452536085,,0.0,1.3918300452536085,2.1737265134
99520,1.391827427336686,,0.0,1.391827427336686,2.1815423317
99525,1.3918248585304316,,0.0,1.3918248585304316,2.1858713601
99530,1.391822337129614,,0.0,1.391822337129614,2.1868745457
99535,1.3918198610652186,,0.0,1.3918198610652186,2.1867614824
99540,1.3918174279726578,,0.0,1.3918174279726578,2.184426721
99545,1.3918150351462977,,0.0,1.3918150351462977,2.1819533677
99550,1.3918126795621941,,0.0,1.3918126795621941,2.1815961397
99555,1.3918103579690393,,0.0,1.3918103579690393,2.1886311408
99560,1.391808066797215,,0.0,1.391808066797215,2.1958241422
99565,1.391805802249739,,0.0,1.391805802249739,2.2026903762
99570,1.3918035603250012,,0.0,1.3918035603250012,2.211855582
99575,1.3918013368167643,,0.0,1.3918013368167643,2.2229763988
99580,1.391799127405108,,0.0,1.391799127405108,2.2315027646
99585,1.3917969277019029,,0.0,1.3917969277019029,2.2388955997
99590,1.3917947332508114,,0.0,1.3917947332508114,2.2416035608
99595,1.391792539640967,,0.0,1.391792539640967,2.2419174954
99600,1.3917903424842413,,0.0,1.3917903424842413,2.2426691952
99605,1.3917881374834502,,0.0,1.3917881374834502,2.2421240077
99610,1.3917859205233023,,0.0,1.3917859205233023,2.2401143529
99615,1.39178368764766,,0.0,1.39178368764766,2.2445349202
99620,1.3917814351277504,,0.0,1.3917814351277504,2.2499390185
99625,1.3917791594394284,,0.0,1.3917791594394284,2.2559633554
99630,1.3917768573768587,,0.0,1.3917768573768587,2.259889416
99635,1.3917745259615701,,0.0,1.3917745259615701,2.2612140248
99640,1.3917721625334016,,0.0,1.3917721625334016,2.2627909982
99645,1.3917697646822926,,0.0,1.3917697646822926,2.2633550635
99650,1.3917673303164924,,0.0,1.3917673303164924,2.2639845396
99655,1.3917648576398236,,0.0,1.3917648576398236,2.2666015448
99660,1.39176234510621,,0.0,1.39176234510621,2.2707105155
99665,1.3917597914424116,,0.0,1.3917597914424116,2.2776492431
99670,1.3917571956025534,,0.0,1.3917571956025534,2.2841584162
99675,1.391754556722651,,0.0,1.391754556722651,2.2875886223
99680,1.3917518741660853,,0.0,1.3917518741660853,2.2945706886
99685,1.3917491474326544,,0.0,1.3917491474326544,2.3017237084
99690,1.3917463761813127,,0.0,1.3917463761813127,2.3059036967
99695,1.3917435602074317,,0.0,1.3917435602074317,2.311359926
99700,1.3917406994428023,,0.0,1.3917406994428023,2.3146047119
99705,1.3917377939556341,,0.0,1.3917377939556341,2.3129107159
99710,1.3917348446781201,,0.0,1.3917348446781201,2.3074544167
99715,1.391731852178671,,0.0,1.391731852178671,2.3019718849
99720,1.3917288167301234,,0.0,1.3917288167301234,2.2936384883
99725,1.3917257387872062,,0.0,1.3917257387872062,2.2833317742
99730,1.3917226189183296,,0.0,1.3917226189183296,2.2734096388
99735,1.3917194577828498,,0.0,1.3917194577828498,2.2664043797
99740,1.3917162561083327,,0.0,1.3917162561083327,2.2572888215
99745,1.3917130146905523,,0.0,1.3917130146905523,2.2496317567
99750,1.3917097344162295,,0.0,1.3917097344162295,2.2415802811
99755,1.391706416240294,,0.0,1.391706416240294,2.2321419567
99760,1.3917030607311556,,0.0,1.3917030607311556,2.2233901907
99765,1.391699668298071,,0.0,1.391699668298071,2.2189469338
99770,1.391696239418504,,0.0,1.391696239418504,2.2153105902
99775,1.3916927750246486,,0.0,1.3916927750246486,2.2127644749
99780,1.3916892765488988,,0.0,1.3916892765488988,2.2081305648
99785,1.3916857459238505,,0.0,1.3916857459238505,2.2009191627
99790,1.3916821854004093,,0.0,1.3916821854004093,2.1930865142
99795,1.3916785974341088,,0.0,1.3916785974341088,2.1836385353
99800,1.3916749846623735,,0.0,1.3916749846623735,2.1793270849
99805,1.391671349722628,,0.0,1.391671349722628,2.1808684102
99810,1.3916676953432432,,0.0,1.3916676953432432,2.1858357139
99815,1.3916640241616438,,0.0,1.3916640241616438,2.1946042653
99820,1.391660338792518,,0.0,1.391660338792518,2.1997663623
99825,1.391656641782345,,0.0,1.391656641782345,2.2033150881
99830,1.3916529355184486,,0.0,1.3916529355184486,2.2050719705
99835,1.3916492221607892,,0.0,1.3916492221607892,2.2053289974
99840,1.3916455037329083,,0.0,1.3916455037329083,2.2043849243
99845,1.3916417819855096,,0.0,1.3916417819855096,2.2069666911
99850,1.3916380584874068,,0.0,1.3916380584874068,2.2112198307
99855,1.3916343344208935,,0.0,1.3916343344208935,2.2151547349
99860,1.391630610900054,,0.0,1.391630610900054,2.2159048427
99865,1.3916268887888728,,0.0,1.3916268887888728,2.2183873817
99870,1.3916231689740701,,0.0,1.3916231689740701,2.2203707415
99875,1.3916194521377383,,0.0,1.3916194521377383,2.222871197
99880,1.3916157390529158,,0.0,1.3916157390529158,2.2241083949
99885,1.3916120304471684,,0.0,1.3916120304471684,2.2285470829
99890,1.3916083271617432,,0.0,1.3916083271617432,2.2357330409
99895,1.3916046301515703,,0.0,1.3916046301515703,2.2435083041
99900,1.391600940439788,,0.0,1.391600940439788,2.2504674222
99905,1.3915972592541637,,0.0,1.3915972592541637,2.2539975553
99910,1.391593587890673,,0.0,1.391593587890673,2.2550092002
99915,1.39158992778171,,0.0,1.39158992778171,2.255736252
99920,1.391586280518825,,0.0,1.391586280518825,2.2548083508
99925,1.391582647761776,,0.0,1.391582647761776,2.2524219973
99930,1.3915790312385314,,0.0,1.3915790312385314,2.2530291724
99935,1.3915754326997953,,0.0,1.3915754326997953,2.2521950634
99940,1.3915718540099542,,0.0,1.3915718540099542,2.2517179594
99945,1.3915682969651852,,0.0,1.3915682969651852,2.2489865386
99950,1.391564763361666,,0.0,1.391564763361666,2.2470945797
99955,1.391561255086519,,0.0,1.391561255086519,2.2472301725
99960,1.391557773867712,,0.0,1.391557773867712,2.2459065712
99965,1.3915543215014232,,0.0,1.3915543215014232,2.2432165246
99970,1.3915508997156194,,0.0,1.3915508997156194,2.2395470744
99975,1.3915475102610058,,0.0,1.3915475102610058,2.2362853948
99980,1.3915441547746041,,0.0,1.3915441547746041,2.2351485964
99985,1.3915408349389098,,0.0,1.3915408349389098,2.235263096
99990,1.391537552345472,,0.0,1.391537552345472,2.2311230032
99995,1.3915343085631042,,0.0,1.3915343085631042,2.2233680169
100000,1.3915311053879829,,0.0,1.3915311053879829,2.2126654634
100005,1.3915279432521006,,0.0,1.3915279432521006,2.2019214128
100010,1.3915248269301057,,0.0,1.3915248269301057,2.1930264031
100015,1.3915217559217967,,0.0,1.3915217559217967,2.1912463012
100020,1.3915187314549402,,0.0,1.3915187314549402,2.188786039
100025,1.391515754689094,,0.0,1.391515754689094,2.1834304261
100030,1.3915128265791874,,0.0,1.3915128265791874,2.1764176589
100035,1.3915099478982587,,0.0,1.3915099478982587,2.1712446375
100040,1.3915071192147188,,0.0,1.3915071192147188,2.1670547474
100045,1.3915043408923502,,0.0,1.3915043408923502,2.1658330941
100050,1.3915016130448348,,0.0,1.3915016130448348,2.1614942964
100055,1.3914989355812273,,0.0,1.3914989355812273,2.1540787026
100060,1.3914963080922715,,0.0,1.3914963080922715,2.1479051469
100065,1.391493729964085,,0.0,1.391493729964085,2.1406662803
100070,1.3914912002417374,,0.0,1.3914912002417374,2.135910305
100075,1.3914887177201984,,0.0,1.3914887177201984,2.1351554449
100080,1.3914862808533919,,0.0,1.3914862808533919,2.1376414998
100085,1.3914838877541948,,0.0,1.3914838877541948,2.1436211616
100090,1.3914815363081199,,0.0,1.3914815363081199,2.146617958
100095,1.3914792239686882,,0.0,1.3914792239686882,2.1476507025
100100,1.3914769478711104,,0.0,1.3914769478711104,2.1504708791
100105,1.3914747046503968,,0.0,1.3914747046503968,2.1525310382
100110,1.3914724906687201,,0.0,1.3914724906687201,2.1544978078
100115,1.3914703017880514,,0.0,1.3914703017880514,2.1565542989
100120,1.3914681336884709,,0.0,1.3914681336884709,2.1604810057
100125,1.3914659816635395,,0.0,1.3914659816635395,2.1661977462
100130,1.3914638408931364,,0.0,1.3914638408931364,2.1688549589
100135,1.3914617063979853,,0.0,1.3914617063979853,2.1674435233
100140,1.3914595731533375,,0.0,1.3914595731533375,2.1649620196
100145,1.39145743615718,,0.0,1.39145743615718,2.1609090062
100150,1.3914552905439195,,0.0,1.3914552905439195,2.1588624768
100155,1.3914531315843799,,0.0,1.3914531315843799,2.1600700642
100160,1.391450954913169,,0.0,1.391450954913169,2.1647680335
100165,1.391448756392258,,0.0,1.391448756392258,2.1705862859
100170,1.3914465323383467,,0.0,1.3914465323383467,2.1728939908
100175,1.3914442794546544,,0.0,1.3914442794546544,2.1784992314
100180,1.3914419949218648,,0.0,1.3914419949218648,2.1858073369
100185,1.3914396763753905,,0.0,1.3914396763753905,2.1934710088
100190,1.3914373218826352,,0.0,1.3914373218826352,2.1989647505
100195,1.3914349300112046,,0.0,1.3914349300112046,2.2014779878
100200,1.3914324997379601,,0.0,1.3914324997379601,2.2018309235
100205,1.3914300304262817,,0.0,1.3914300304262817,2.2006122746
100210,1.3914275217805956,,0.0,1.3914275217805956,2.1993531924
100215,1.3914249738009026,,0.0,1.3914249738009026,2.1971514382
100220,1.3914223866463569,,0.0,1.3914223866463569,2.1991252055
100225,1.391419760703478,,0.0,1.391419760703478,2.2026477632
100230,1.3914170964269943,,0.0,1.3914170964269943,2.2087681195
100235,1.391414394317107,,0.0,1.391414394317107,2.213753476
100240,1.3914116548967534,,0.0,1.3914116548967534,2.2150302652
100245,1.391408878643399,,0.0,1.391408878643399,2.2151218833
100250,1.3914060659890353,,0.0,1.3914060659890353,2.2159562572
100255,1.3914032172974455,,0.0,1.3914032172974455,2.2191898606
100260,1.3914003327959932,,0.0,1.3914003327959932,2.2229356943
100265,1.3913974125756245,,0.0,1.3913974125756245,2.2287773864
100270,1.3913944567045486,,0.0,1.3913944567045486,2.2361660599
100275,1.3913914650463468,,0.0,1.3913914650463468,2.2442430738
100280,1.3913884373963916,,0.0,1.3913884373963916,2.2492557353
100285,1.3913853734818458,,0.0,1.3913853734818458,2.2571549578
100290,1.3913822729389265,,0.0,1.3913822729389265,2.2640598891
100295,1.3913791361541532,,0.0,1.3913791361541532,2.2684709499
100300,1.391375963059316,,0.0,1.391375963059316,2.2745550677
100305,1.3913727533361062,,0.0,1.3913727533361062,2.2784877638
100310,1.391369506848104,,0.0,1.391369506848104,2.2769948123
100315,1.3913662237772015,,0.0,1.3913662237772015,2.273728773
100320,1.3913629045781268,,0.0,1.3913629045781268,2.2671935916
100325,1.3913595499102365,,0.0,1.3913595499102365,2.2568416303
100330,1.3913561607284597,,0.0,1.3913561607284597,2.2443456798
100335,1.3913527383515092,,0.0,1.3913527383515092,2.234960694
100340,1.3913492845300892,,0.0,1.3913492845300892,2.2253819654
100345,1.391345801446896,,0.0,1.391345801446896,2.2156756946
100350,1.3913422917620908,,0.0,1.3913422917620908,2.207375355
100355,1.3913387585678272,,0.0,1.3913387585678272,2.1977640049
100360,1.3913352054337227,,0.0,1.3913352054337227,2.1866445354
100365,1.3913316363159145,,0.0,1.3913316363159145,2.1806080286
100370,1.3913280555570593,,0.0,1.3913280555570593,2.1769394019
100375,1.3913244678635954,,0.0,1.3913244678635954,2.1751885836
100380,1.3913208780556447,,0.0,1.3913208780556447,2.172295917
100385,1.3913172911806924,,0.0,1.3913172911806924,2.1676633392
100390,1.3913137122407506,,0.0,1.3913137122407506,2.1600457837
100395,1.3913101462150959,,0.0,1.3913101462150959,2.1496372893
100400,1.3913065978101666,,0.0,1.3913065978101666,2.1431234863
100405,1.3913030714140926,,0.0,1.3913030714140926,2.1414847988
100410,1.391299571005747,,0.0,1.391299571005747,2.1433327362
100415,1.3912960999955932,,0.0,1.3912960999955932,2.1476948439
100420,1.3912926612484198,,0.0,1.3912926612484198,2.1526859412
100425,1.3912892569014508,,0.0,1.3912892569014508,2.156830577
100430,1.3912858883870802,,0.0,1.3912858883870802,2.1616230097
100435,1.39128255645561,,0.0,1.39128255645561,2.1625227137
100440,1.3912792610615679,,0.0,1.3912792610615679,2.1632694779
100445,1.391276001500124,,0.0,1.391276001500124,2.1678244401
100450,1.3912727763843573,,0.0,1.3912727763843573,2.1729973881
100455,1.3912695837816715,,0.0,1.3912695837816715,2.1792847987
100460,1.3912664212365338,,0.0,1.3912664212365338,2.1833957838
100465,1.3912632859068912,,0.0,1.3912632859068912,2.1880910003
100470,1.3912601746096451,,0.0,1.3912601746096451,2.1903926773
100475,1.3912570839798053,,0.0,1.3912570839798053,2.1910962026
100480,1.391254010515963,,0.0,1.391254010515963,2.1921412155
100485,1.3912509506712363,,0.0,1.3912509506712363,2.1933864171
100490,1.3912479009896894,,0.0,1.3912479009896894,2.1950372149
100495,1.3912448583564332,,0.0,1.3912448583564332,2.202478459
100500,1.3912418203159338,,0.0,1.3912418203159338,2.2090407404
100505,1.3912387840261387,,0.0,1.3912387840261387,2.2161713055
100510,1.3912357469178325,,0.0,1.3912357469178325,2.2229478537
100515,1.3912327067855825,,0.0,1.3912327067855825,2.2268596411
100520,1.3912296618559477,,0.0,1.3912296618559477,2.2278123917
100525,1.3912266108784248,,0.0,1.3912266108784248,2.2263832979
100530,1.3912235531027126,,0.0,1.3912235531027126,2.2248206655
100535,1.3912204883696555,,0.0,1.3912204883696555,2.2245564211
100540,1.3912174171339822,,0.0,1.3912174171339822,2.2246485333
100545,1.391214340441568,,0.0,1.391214340441568,2.2254649159
100550,1.391211260020381,,0.0,1.391211260020381,2.2245106563
100555,1.391208178189536,,0.0,1.391208178189536,2.2249517747
100560,1.3912050980184494,,0.0,1.3912050980184494,2.223351339
100565,1.3912020232586308,,0.0,1.3912020232586308,2.2190828077
100570,1.3911989582072641,,0.0,1.3911989582072641,2.2142939411
100575,1.391195907798152,,0.0,1.391195907798152,2.2124021399
100580,1.3911928774425624,,0.0,1.3911928774425624,2.2067824886
100585,1.3911898730747017,,0.0,1.3911898730747017,2.2023600096
100590,1.3911869009925582,,0.0,1.3911869009925582,2.1995892003
100595,1.3911839677442206,,0.0,1.3911839677442206,2.1944677151
100600,1.3911810801051423,,0.0,1.3911810801051423,2.1856453314
100605,1.391178244646149,,0.0,1.391178244646149,2.1775740101
100610,1.3911754677789112,,0.0,1.3911754677789112,2.1676987821
100615,1.3911727557559446,,0.0,1.3911727557559446,2.1617515844
100620,1.3911701148070281,,0.0,1.3911701148070281,2.1594291879
100625,1.3911675507072128,,0.0,1.3911675507072128,2.1544789866
100630,1.3911650686858752,,0.0,1.3911650686858752,2.1501414198
100635,1.3911626733357725,,0.0,1.3911626733357725,2.1463865175
100640,1.391160368476623,,0.0,1.391160368476623,2.1417085459
100645,1.3911581571323708,,0.0,1.3911581571323708,2.1398487666
100650,1.3911560414402395,,0.0,1.3911560414402395,2.1375545091
100655,1.391154022696205,,0.0,1.391154022696205,2.1353465106
100660,1.3911521012867862,,0.0,1.3911521012867862,2.132352091
100665,1.3911502765981,,0.0,1.3911502765981,2.1264136237
100670,1.3911485472204885,,0.0,1.3911485472204885,2.1204800892
100675,1.3911469108121,,0.0,1.3911469108121,2.1162593443
100680,1.3911453642580451,,0.0,1.3911453642580451,2.115279643
100685,1.391143903738605,,0.0,1.391143903738605,2.1136024136
100690,1.3911425247747053,,0.0,1.3911425247747053,2.1164362567
100695,1.3911412223188604,,0.0,1.3911412223188604,2.1181757168
100700,1.3911399909598023,,0.0,1.3911399909598023,2.1208076419
100705,1.3911388253999446,,0.0,1.3911388253999446,2.1243240313
100710,1.3911377195004542,,0.0,1.3911377195004542,2.1275490134
100715,1.39113666691787,,0.0,1.39113666691787,2.1315096394
100720,1.391135661240521,,0.0,1.391135661240521,2.1361849424
100725,1.3911346961476825,,0.0,1.3911346961476825,2.1428161157
100730,1.391133765341366,,0.0,1.391133765341366,2.1471743606
100735,1.391132862841893,,0.0,1.391132862841893,2.1484188529
100740,1.3911319829651585,,0.0,1.3911319829651585,2.1480227448
100745,1.3911311202316847,,0.0,1.3911311202316847,2.1445174133
100750,1.3911302696394594,,0.0,1.3911302696394594,2.1438919298
100755,1.3911294266639351,,0.0,1.3911294266639351,2.1456012012
100760,1.3911285873035018,,0.0,1.3911285873035018,2.1481826034
100765,1.3911277481704325,,0.0,1.3911277481704325,2.1514808716
100770,1.3911269064908842,,0.0,1.3911269064908842,2.1580694947
100775,1.3911260600594242,,0.0,1.3911260600594242,2.1626820248
100780,1.3911252073527118,,0.0,1.3911252073527118,2.1683689541
100785,1.3911243473248722,,0.0,1.3911243473248722,2.1757006094
100790,1.3911234795666496,,0.0,1.3911234795666496,2.1835247745
100795,1.39112260416899,,0.0,1.39112260416899,2.188578331
100800,1.3911217215411482,,0.0,1.3911217215411482,2.1903926158
100805,1.3911208325698452,,0.0,1.3911208325698452,2.190993945
100810,1.3911199384601114,,0.0,1.3911199384601114,2.1883738285
100815,1.391119040644341,,0.0,1.391119040644341,2.1845071319
100820,1.391118140850502,,0.0,1.391118140850502,2.1813864819
100825,1.3911172408747718,,0.0,1.3911172408747718,2.1833529676
100830,1.3911163425815365,,0.0,1.3911163425815365,2.1865441175
100835,1.3911154478806556,,0.0,1.3911154478806556,2.190356818
100840,1.391114558636516,,0.0,1.391114558636516,2.1917724599
100845,1.3911136765088756,,0.0,1.3911136765088756,2.1908972256
100850,1.3911128030438114,,0.0,1.3911128030438114,2.1899321998
100855,1.3911119394918268,,0.0,1.3911119394918268,2.19184453
100860,1.39111108687606,,0.0,1.39111108687606,2.1982804295
100865,1.3911102458331315,,0.0,1.3911102458331315,2.2070071065
100870,1.3911094167268236,,0.0,1.3911094167268236,2.2141431581
100875,1.3911085995344001,,0.0,1.3911085995344001,2.2191542478
100880,1.3911077938920782,,0.0,1.3911077938920782,2.2233951979
100885,1.3911069989131375,,0.0,1.3911069989131375,2.2329813569
100890,1.391106213301602,,0.0,1.391106213301602,2.2408073067
100895,1.3911054351703487,,0.0,1.3911054351703487,2.2472572662
100900,1.3911046621320537,,0.0,1.3911046621320537,2.2503257192
100905,1.3911038911173002,,0.0,1.3911038911173002,2.253530823
100910,1.3911031184655243,,0.0,1.3911031184655243,2.2546845795
100915,1.3911023398340698,,0.0,1.3911023398340698,2.2518048728
100920,1.391101550584707,,0.0,1.391101550584707,2.2459236699
100925,1.3911007453743771,,0.0,1.3911007453743771,2.2381487206
100930,1.3910999180187738,,0.0,1.3910999180187738,2.2281268762
100935,1.3910990618106527,,0.0,1.3910990618106527,2.2180968359
100940,1.3910981696107783,,0.0,1.3910981696107783,2.2101012951
100945,1.3910972338933947,,0.0,1.3910972338933947,2.2008530624
100950,1.391096246882647,,0.0,1.391096246882647,2.1899215147
100955,1.3910952007117332,,0.0,1.3910952007117332,2.1747202751
100960,1.39109408740017,,0.0,1.39109408740017,2.1643994192
100965,1.391092899217574,,0.0,1.391092899217574,2.1608421431
100970,1.3910916285927175,,0.0,1.3910916285927175,2.1572566957
100975,1.3910902684773105,,0.0,1.3910902684773105,2.1548479274
100980,1.3910888123687362,,0.0,1.3910888123687362,2.1516095855
100985,1.3910872545146802,,0.0,1.3910872545146802,2.1493492729
100990,1.3910855900040762,,0.0,1.3910855900040762,2.1455590299
100995,1.3910838149944686,,0.0,1.3910838149944686,2.1390091951
101000,1.3910819265983323,,0.0,1.3910819265983323,2.1314805377
101005,1.3910799232013815,,0.0,1.3910799232013815,2.1269450439
101010,1.3910778043261516,,0.0,1.3910778043261516,2.1256339902
101015,1.3910755707002072,,0.0,1.3910755707002072,2.1259631939
101020,1.391073224256145,,0.0,1.391073224256145,2.1290741338
101025,1.3910707680861174,,0.0,1.3910707680861174,2.1343700008
101030,1.391068206419099,,0.0,1.391068206419099,2.1399776709
101035,1.3910655445526758,,0.0,1.3910655445526758,2.1452386577
101040,1.3910627886938904,,0.0,1.3910627886938904,2.1461343886
101045,1.391059945981979,,0.0,1.391059945981979,2.1421771294
101050,1.391057024329216,,0.0,1.391057024329216,2.1393698268
101055,1.3910540323072316,,0.0,1.3910540323072316,2.1469486992
101060,1.3910509789423846,,0.0,1.3910509789423846,2.1551437079
101065,1.3910478736020808,,0.0,1.3910478736020808,2.1628409235
101070,1.3910447259038254,,0.0,1.3910447259038254,2.1684475717
101075,1.391041545419652,,0.0,1.391041545419652,2.1705819589
101080,1.3910383415624383,,0.0,1.3910383415624383,2.1726693407
101085,1.3910351234949618,,0.0,1.3910351234949618,2.1730565916
101090,1.3910318998115896,,0.0,1.3910318998115896,2.1729216493
101095,1.3910286785610142,,0.0,1.3910286785610142,2.1726328013
101100,1.391025467155309,,0.0,1.391025467155309,2.1766106777
101105,1.3910222722335084,,0.0,1.3910222722335084,2.1835770371
101110,1.3910190997298186,,0.0,1.3910190997298186,2.1916114127
101115,1.3910159547826701,,0.0,1.3910159547826701,2.1971330672
101120,1.3910128418711383,,0.0,1.3910128418711383,2.1985640765
101125,1.3910097648376778,,0.0,1.3910097648376778,2.1990320368
101130,1.3910067269563333,,0.0,1.3910067269563333,2.198191787
101135,1.3910037310691574,,0.0,1.3910037310691574,2.1987248668
101140,1.3910007797681019,,0.0,1.3910007797681019,2.200766177
101145,1.3909978757133281,,0.0,1.3909978757133281,2.2044762551
101150,1.3909950210193234,,0.0,1.3909950210193234,2.2048098472
101155,1.3909922176414191,,0.0,1.3909922176414191,2.2069699839
101160,1.3909894675349481,,0.0,1.3909894675349481,2.2084614514
101165,1.3909867727007155,,0.0,1.3909867727007155,2.2093142329
101170,1.3909841351849983,,0.0,1.3909841351849983,2.2088661952
101175,1.3909815570113389,,0.0,1.3909815570113389,2.2049203838
101180,1.3909790403169602,,0.0,1.3909790403169602,2.2009356442
101185,1.390976587193613,,0.0,1.390976587193613,2.1959030343
101190,1.3909741997330483,,0.0,1.3909741997330483,2.1922945488
101195,1.390971879958807,,0.0,1.390971879958807,2.1888600157
101200,1.390969629848958,,0.0,1.390969629848958,2.1819931481
101205,1.3909674511769419,,0.0,1.3909674511769419,2.174897804
101210,1.3909653454888355,,0.0,1.3909653454888355,2.1661050373
101215,1.3909633141260875,,0.0,1.3909633141260875,2.157296083
101220,1.390961358066364,,0.0,1.390961358066364,2.1495261012
101225,1.390959477946285,,0.0,1.390959477946285,2.147820842
101230,1.3909576739932143,,0.0,1.3909576739932143,2.1452893509
101235,1.3909559460025243,,0.0,1.3909559460025243,2.1403990945
101240,1.3909542932466497,,0.0,1.3909542932466497,2.1354634568
101245,1.3909527144523506,,0.0,1.3909527144523506,2.1325561178
101250,1.390951207937132,,0.0,1.390951207937132,2.1307050364
101255,1.3909497715182977,,0.0,1.3909497715182977,2.1284286632
101260,1.3909484026493686,,0.0,1.3909484026493686,2.1253494
101265,1.390947098420083,,0.0,1.390947098420083,2.122228056
101270,1.3909458555791323,,0.0,1.3909458555791323,2.1179912769
101275,1.3909446707615265,,0.0,1.3909446707615265,2.1161136898
101280,1.390943540352175,,0.0,1.390943540352175,2.1133615216
101285,1.3909424608269327,,0.0,1.3909424608269327,2.1112002547
101290,1.3909414286616537,,0.0,1.3909414286616537,2.1094726725
101295,1.3909404404458756,,0.0,1.3909404404458756,2.1120802765
101300,1.390939493132918,,0.0,1.390939493132918,2.1137346801
101305,1.3909385839034645,,0.0,1.3909385839034645,2.114384066
101310,1.3909377099154627,,0.0,1.3909377099154627,2.1163193671
101315,1.3909368685769607,,0.0,1.3909368685769607,2.1187950565
101320,1.39093605790989,,0.0,1.39093605790989,2.1225890076
101325,1.3909352766410108,,0.0,1.3909352766410108,2.1292619448
101330,1.3909345244065403,,0.0,1.3909345244065403,2.137145693
101335,1.390933801001851,,0.0,1.390933801001851,2.142679636
101340,1.3909331064042065,,0.0,1.3909331064042065,2.1442679281
101345,1.3909324408182346,,0.0,1.3909324408182346,2.143738292
101350,1.39093180440309,,0.0,1.39093180440309,2.1395264713
101355,1.3909311972269822,,0.0,1.3909311972269822,2.1390395908
101360,1.3909306190170738,,0.0,1.3909306190170738,2.1403906164
101365,1.3909300691594821,,0.0,1.3909300691594821,2.1451164826
101370,1.3909295465628582,,0.0,1.3909295465628582,2.1478571152
101375,1.3909290496811257,,0.0,1.3909290496811257,2.1532998695
101380,1.390928576240643,,0.0,1.390928576240643,2.158822612
101385,1.3909281233766206,,0.0,1.3909281233766206,2.161160615
101390,1.3909276875421772,,0.0,1.3909276875421772,2.166502303
101395,1.3909272646220205,,0.0,1.3909272646220205,2.1719102324
101400,1.3909268499097116,,0.0,1.3909268499097116,2.1764443645
101405,1.390926438130401,,0.0,1.390926438130401,2.178029471
101410,1.3909260235090377,,0.0,1.3909260235090377,2.1792767726
101415,1.3909255998613157,,0.0,1.3909255998613157,2.1771464294
101420,1.390925160661882,,0.0,1.390925160661882,2.1734466209
101425,1.3909246991807562,,0.0,1.3909246991807562,2.1706239979
101430,1.3909242085742761,,0.0,1.3909242085742761,2.1732204084
101435,1.3909236819760422,,0.0,1.3909236819760422,2.1742888136
101440,1.390923112633338,,0.0,1.390923112633338,2.1773656198
101445,1.3909224939526013,,0.0,1.3909224939526013,2.1789421929
101450,1.3909218197267894,,0.0,1.3909218197267894,2.1762030424
101455,1.3909210841126427,,0.0,1.3909210841126427,2.1789168215
101460,1.3909202817216286,,0.0,1.3909202817216286,2.1806041155
101465,1.390919407801836,,0.0,1.390919407801836,2.1836412927
101470,1.3909184581242908,,0.0,1.3909184581242908,2.1895928014
101475,1.3909174293240023,,0.0,1.3909174293240023,2.1949120584
101480,1.3909163186726001,,0.0,1.3909163186726001,2.1996294303
101485,1.3909151240328608,,0.0,1.3909151240328608,2.2035303087
101490,1.3909138440178628,,0.0,1.3909138440178628,2.2111489215
101495,1.3909124779682498,,0.0,1.3909124779682498,2.2204911733
101500,1.3909110258840218,,0.0,1.3909110258840218,2.2270458002
101505,1.3909094885382172,,0.0,1.3909094885382172,2.2273655671
101510,1.3909078672495485,,0.0,1.3909078672495485,2.2303703882
101515,1.3909061640188203,,0.0,1.3909061640188203,2.2309192041
101520,1.3909043813470392,,0.0,1.3909043813470392,2.2287537366
101525,1.3909025223036215,,0.0,1.3909025223036215,2.2224126925
101530,1.3909005903672405,,0.0,1.3909005903672405,2.2136741807
101535,1.390898589425823,,0.0,1.390898589425823,2.1999248269
101540,1.3908965239811808,,0.0,1.3908965239811808,2.1868001474
101545,1.390894398762489,,0.0,1.390894398762489,2.1770801554
101550,1.3908922184534511,,0.0,1.3908922184534511,2.1682780459
101555,1.390889988033342,,0.0,1.390889988033342,2.1586429826
101560,1.3908877125269115,,0.0,1.3908877125269115,2.1456051722
101565,1.390885397118063,,0.0,1.390885397118063,2.1316545835
101570,1.3908830470589097,,0.0,1.3908830470589097,2.1232689378
101575,1.3908806674424097,,0.0,1.3908806674424097,2.1198853578
101580,1.3908782632023666,,0.0,1.3908782632023666,2.1179727882
101585,1.3908758392271103,,0.0,1.3908758392271103,2.1153151266
101590,1.390873400200344,,0.0,1.390873400200344,2.1101563927
101595,1.3908709506693515,,0.0,1.3908709506693515,2.1031880947
101600,1.3908684949085794,,0.0,1.3908684949085794,2.0948695597
101605,1.3908660370787933,,0.0,1.3908660370787933,2.0845151912
101610,1.390863581022448,,0.0,1.390863581022448,2.0806851222
101615,1.390861130400107,,0.0,1.390861130400107,2.0796751992
101620,1.3908586886677066,,0.0,1.3908586886677066,2.0803977732
101625,1.390856259053818,,0.0,1.390856259053818,2.0858826671
101630,1.390853844650595,,0.0,1.390853844650595,2.0947428513
101635,1.3908514483910352,,0.0,1.3908514483910352,2.1012357841
101640,1.3908490730262462,,0.0,1.3908490730262462,2.1059563115
101645,1.3908467212845976,,0.0,1.3908467212845976,2.1072980825
101650,1.3908443958035148,,0.0,1.3908443958035148,2.1047747713
101655,1.390842099129477,,0.0,1.390842099129477,2.1057071661
101660,1.3908398337634897,,0.0,1.3908398337634897,2.1098434068
101665,1.390837602274769,,0.0,1.390837602274769,2.1159418176
101670,1.3908354073689488,,0.0,1.3908354073689488,2.1230520832
101675,1.3908332518198725,,0.0,1.3908332518198725,2.1298246534
101680,1.3908311384241194,,0.0,1.3908311384241194,2.1344398994
101685,1.3908290701601613,,0.0,1.3908290701601613,2.1364527404
101690,1.3908270497791044,,0.0,1.3908270497791044,2.1360851221
101695,1.3908250800775288,,0.0,1.3908250800775288,2.135032954
101700,1.3908231638747504,,0.0,1.3908231638747504,2.1395471671
101705,1.3908213039446125,,0.0,1.3908213039446125,2.1437329114
101710,1.3908195031064314,,0.0,1.3908195031064314,2.1494341145
101715,1.390817764111314,,0.0,1.390817764111314,2.1572643022
101720,1.3908160896421575,,0.0,1.3908160896421575,2.1636707563
101725,1.3908144821772324,,0.0,1.3908144821772324,2.1656538394
101730,1.3908129440583896,,0.0,1.3908129440583896,2.1632344747
101735,1.3908114774001161,,0.0,1.3908114774001161,2.1599531767
101740,1.3908100841804807,,0.0,1.3908100841804807,2.1615815924
101745,1.390808766104715,,0.0,1.390808766104715,2.1645525912
101750,1.390807524650686,,0.0,1.390807524650686,2.1653568249
101755,1.3908063610006878,,0.0,1.3908063610006878,2.1639701467
101760,1.39080527610965,,0.0,1.39080527610965,2.1634389133
101765,1.3908042705914558,,0.0,1.3908042705914558,2.17024832
101770,1.3908033448098884,,0.0,1.3908033448098884,2.1744387122
101775,1.3908024988104202,,0.0,1.3908024988104202,2.1762367419
101780,1.3908017322974777,,0.0,1.3908017322974777,2.1743232372
101785,1.3908010447481236,,0.0,1.3908010447481236,2.1712493422
101790,1.3908004352529009,,0.0,1.3908004352529009,2.1667052263
101795,1.3907999026295155,,0.0,1.3907999026295155,2.1641404204
101800,1.3907994453318913,,0.0,1.3907994453318913,2.1623723682
101805,1.390799061586587,,0.0,1.390799061586587,2.1569951138
101810,1.3907987493018523,,0.0,1.3907987493018523,2.1483241557
101815,1.390798506158572,,0.0,1.390798506158572,2.1406820268
101820,1.3907983294738486,,0.0,1.3907983294738486,2.1332644291
101825,1.3907982163146841,,0.0,1.3907982163146841,2.1269536847
101830,1.3907981636798707,,0.0,1.3907981636798707,2.127027734
101835,1.3907981682726278,,0.0,1.3907981682726278,2.1258940934
101840,1.3907982264778642,,0.0,1.3907982264778642,2.1223814315
101845,1.3907983346122799,,0.0,1.3907983346122799,2.1179063107
101850,1.3907984888334195,,0.0,1.3907984888334195,2.1148947861
101855,1.3907986852306193,,0.0,1.3907986852306193,2.1135864079
101860,1.390798919847742,,0.0,1.390798919847742,2.1090624556
101865,1.3907991888195959,,0.0,1.3907991888195959,2.1023155239
101870,1.3907994883491988,,0.0,1.3907994883491988,2.0971863109
101875,1.3907998147305143,,0.0,1.3907998147305143,2.0946753555
101880,1.3908001644848698,,0.0,1.3908001644848698,2.0927883239
101885,1.3908005343609575,,0.0,1.3908005343609575,2.0882330472
101890,1.3908009213575698,,0.0,1.3908009213575698,2.0865503457
101895,1.390801322791809,,0.0,1.390801322791809,2.0867532628
101900,1.3908017362990879,,0.0,1.3908017362990879,2.0909648757
101905,1.3908021598331277,,0.0,1.3908021598331277,2.0950104777
101910,1.390802591711434,,0.0,1.390802591711434,2.0968118967
101915,1.390803030660767,,0.0,1.390803030660767,2.0993624511
101920,1.3908034756352514,,0.0,1.3908034756352514,2.1026170299
101925,1.3908039259755314,,0.0,1.3908039259755314,2.1064033971
101930,1.3908043813632962,,0.0,1.3908043813632962,2.1137714093
101935,1.3908048416621281,,0.0,1.3908048416621281,2.1210647949
101940,1.3908053070311817,,0.0,1.3908053070311817,2.1247917128
101945,1.390805777902449,,0.0,1.390805777902449,2.1262389761
101950,1.3908062548443407,,0.0,1.3908062548443407,2.1267642743
101955,1.3908067384934761,,0.0,1.3908067384934761,2.1256503925
101960,1.3908072295319487,,0.0,1.3908072295319487,2.1221845469
101965,1.3908077287782685,,0.0,1.3908077287782685,2.1234390763
101970,1.390808237073684,,0.0,1.390808237073684,2.1292597906
101975,1.3908087552367059,,0.0,1.3908087552367059,2.1323489021
101980,1.3908092841313182,,0.0,1.3908092841313182,2.1394897732
101985,1.3908098246669778,,0.0,1.3908098246669778,2.146445546
101990,1.390810377730405,,0.0,1.390810377730405,2.1516046667
101995,1.3908109441628476,,0.0,1.3908109441628476,2.1590554203
102000,1.3908115250783897,,0.0,1.3908115250783897,2.1638357763
102005,1.3908121213410158,,0.0,1.3908121213410158,2.166303685
102010,1.3908127338147098,,0.0,1.3908127338147098,2.16707584
102015,1.3908133633179827,,0.0,1.3908133633179827,2.1708366085
102020,1.3908140106920817,,0.0,1.3908140106920817,2.1733182592
102025,1.390814676778255,,0.0,1.390814676778255,2.1727262333
102030,1.3908153623495405,,0.0,1.3908153623495405,2.1719352461
102035,1.3908160678379304,,0.0,1.3908160678379304,2.1732378597
102040,1.3908167933798432,,0.0,1.3908167933798432,2.1752739499
102045,1.3908175381112946,,0.0,1.3908175381112946,2.1765150267
102050,1.3908183020550215,,0.0,1.3908183020550215,2.1792067518
102055,1.3908190869844645,,0.0,1.3908190869844645,2.1821727246
102060,1.3908198951050563,,0.0,1.3908198951050563,2.1834858811
102065,1.3908207287359118,,0.0,1.3908207287359118,2.1837698321
102070,1.3908215901279366,,0.0,1.3908215901279366,2.1906165873
102075,1.3908224813046721,,0.0,1.3908224813046721,2.1971673421
102080,1.3908234038804044,,0.0,1.3908234038804044,2.2030053216
102085,1.3908243590374274,,0.0,1.3908243590374274,2.2078021764
102090,1.3908253473668875,,0.0,1.3908253473668875,2.2123708235
102095,1.390826368914258,,0.0,1.390826368914258,2.2184442548
102100,1.3908274230656552,,0.0,1.3908274230656552,2.2268605385
102105,1.390828508502367,,0.0,1.390828508502367,2.2316320324
102110,1.3908296233372706,,0.0,1.3908296233372706,2.2341770137
102115,1.390830765046623,,0.0,1.390830765046623,2.2369853227
102120,1.3908319306064807,,0.0,1.3908319306064807,2.2400765134
102125,1.3908331166291166,,0.0,1.3908331166291166,2.2402436969
102130,1.3908343193402852,,0.0,1.3908343193402852,2.2378741371
102135,1.3908355346929033,,0.0,1.3908355346929033,2.2302607287
102140,1.3908367584807335,,0.0,1.3908367584807335,2.2185498511
102145,1.3908379862701739,,0.0,1.3908379862701739,2.2071561966
102150,1.390839213400258,,0.0,1.390839213400258,2.196307003
102155,1.390840434959919,,0.0,1.390840434959919,2.1870490952
102160,1.3908416437644484,,0.0,1.3908416437644484,2.1778554303
102165,1.3908428341752133,,0.0,1.3908428341752133,2.1645159492
102170,1.3908440010083105,,0.0,1.3908440010083105,2.151759962
102175,1.3908451389206808,,0.0,1.3908451389206808,2.1413359966
102180,1.3908462423646377,,0.0,1.3908462423646377,2.1329311787
102185,1.3908473055651303,,0.0,1.3908473055651303,2.1323102829
102190,1.3908483225424801,,0.0,1.3908483225424801,2.1326272802
102195,1.390849287112381,,0.0,1.390849287112381,2.1292763802
102200,1.3908501931132626,,0.0,1.3908501931132626,2.1221523224
102205,1.3908510343835554,,0.0,1.3908510343835554,2.1141006375
102210,1.3908518047844258,,0.0,1.3908518047844258,2.1039594506
102215,1.3908524984271406,,0.0,1.3908524984271406,2.0996762482
102220,1.390853109582122,,0.0,1.390853109582122,2.0999767251
102225,1.390853632883575,,0.0,1.390853632883575,2.0978912617
102230,1.3908540633294868,,0.0,1.3908540633294868,2.0994963632
102235,1.3908543963725735,,0.0,1.3908543963725735,2.1037277245
102240,1.3908546279884884,,0.0,1.3908546279884884,2.1086112551
102245,1.390854754721296,,0.0,1.390854754721296,2.1117915643
102250,1.3908547737744164,,0.0,1.3908547737744164,2.1112351984
102255,1.3908546830333623,,0.0,1.3908546830333623,2.1096642354
102260,1.3908544810657395,,0.0,1.3908544810657395,2.1143179274
102265,1.3908541672349282,,0.0,1.3908541672349282,2.1195255491
102270,1.3908537416318738,,0.0,1.3908537416318738,2.1270312322
102275,1.3908532051660336,,0.0,1.3908532051660336,2.1346258282
102280,1.390852559497166,,0.0,1.390852559497166,2.1409999093
102285,1.3908518070808042,,0.0,1.3908518070808042,2.1443341865
102290,1.3908509511227838,,0.0,1.3908509511227838,2.147628057
102295,1.390849995579242,,0.0,1.390849995579242,2.1510979514
102300,1.3908489451111445,,0.0,1.3908489451111445,2.1531819367
102305,1.3908478050842874,,0.0,1.3908478050842874,2.1564116149
102310,1.3908465814328757,,0.0,1.3908465814328757,2.1585915999
102315,1.390845280727735,,0.0,1.390845280727735,2.1620190761
102320,1.390843909971683,,0.0,1.390843909971683,2.1691778437
102325,1.3908424767359475,,0.0,1.3908424767359475,2.1741083023
102330,1.3908409888873303,,0.0,1.3908409888873303,2.1753820727
102335,1.390839454701888,,0.0,1.390839454701888,2.1751916773
102340,1.3908378827057788,,0.0,1.3908378827057788,2.1754506316
102345,1.3908362816070512,,0.0,1.3908362816070512,2.1772355202
102350,1.390834660295646,,0.0,1.390834660295646,2.1782854909
102355,1.3908330276615033,,0.0,1.3908330276615033,2.1803325761
102360,1.3908313926627731,,0.0,1.3908313926627731,2.1829535199
102365,1.390829764121186,,0.0,1.390829764121186,2.1865768049
102370,1.3908281507447915,,0.0,1.3908281507447915,2.1895138605
102375,1.39082656110522,,0.0,1.39082656110522,2.191958008
102380,1.3908250035467375,,0.0,1.3908250035467375,2.1914646961
102385,1.3908234860953008,,0.0,1.3908234860953008,2.1885803231
102390,1.3908220164130836,,0.0,1.3908220164130836,2.184188215
102395,1.3908206017984763,,0.0,1.3908206017984763,2.1761149145
102400,1.3908192490951423,,0.0,1.3908192490951423,2.1719480572
102405,1.3908179646465422,,0.0,1.3908179646465422,2.1678759655
102410,1.3908167521814494,,0.0,1.3908167521814494,2.1599605098
102415,1.3908156117908093,,0.0,1.3908156117908093,2.1520826562
102420,1.3908145492269364,,0.0,1.3908145492269364,2.1468709373
102425,1.3908135699465716,,0.0,1.3908135699465716,2.1410034454
102430,1.390812678610681,,0.0,1.390812678610681,2.1388371781
102435,1.3908118791526654,,0.0,1.3908118791526654,2.1392181481
102440,1.3908111748238328,,0.0,1.3908111748238328,2.1362961785
102445,1.3908105680797171,,0.0,1.3908105680797171,2.13066332
102450,1.3908100608074405,,0.0,1.3908100608074405,2.1241654301
102455,1.3908096542575066,,0.0,1.3908096542575066,2.1191971516
102460,1.3908093489755895,,0.0,1.3908093489755895,2.114870975
102465,1.3908091449389524,,0.0,1.3908091449389524,2.1098346875
102470,1.3908090416246577,,0.0,1.3908090416246577,2.1033855838
102475,1.3908090379868305,,0.0,1.3908090379868305,2.1013101885
102480,1.3908091326385488,,0.0,1.3908091326385488,2.0974574343
102485,1.3908093238518449,,0.0,1.3908093238518449,2.0936062269
102490,1.390809609557704,,0.0,1.390809609557704,2.0922530485
102495,1.3908099875506938,,0.0,1.3908099875506938,2.0906491747
102500,1.3908104553980174,,0.0,1.3908104553980174,2.0929008409
102505,1.390811010553195,,0.0,1.390811010553195,2.0965144351
102510,1.3908116504015393,,0.0,1.3908116504015393,2.0982128423
102515,1.390812372214679,,0.0,1.390812372214679,2.0989233299
102520,1.3908131732869804,,0.0,1.3908131732869804,2.1000532876
102525,1.3908140508673366,,0.0,1.3908140508673366,2.1018960764
102530,1.3908150021819043,,0.0,1.3908150021819043,2.1090899231
102535,1.3908160244795766,,0.0,1.3908160244795766,2.115201224
102540,1.3908171148955646,,0.0,1.3908171148955646,2.1204976931
102545,1.3908182706105523,,0.0,1.3908182706105523,2.1231227163
102550,1.390819488646068,,0.0,1.390819488646068,2.1227849767
102555,1.3908207660009049,,0.0,1.3908207660009049,2.1209474103
102560,1.3908220995147003,,0.0,1.3908220995147003,2.1161032171
102565,1.390823485890673,,0.0,1.390823485890673,2.1111941457
102570,1.3908249216956239,,0.0,1.3908249216956239,2.1108003293
102575,1.3908264032235165,,0.0,1.3908264032235165,2.1136657131
102580,1.3908279265409496,,0.0,1.3908279265409496,2.1165718229
102585,1.390829487464422,,0.0,1.390829487464422,2.1214497333
102590,1.3908310814921228,,0.0,1.3908310814921228,2.1263527988
102595,1.390832703985822,,0.0,1.390832703985822,2.1349107979
102600,1.3908343499207707,,0.0,1.3908343499207707,2.142871724
102605,1.3908360142267469,,0.0,1.3908360142267469,2.1490033283
102610,1.390837691674374,,0.0,1.390837691674374,2.1519593394
102615,1.3908393767387024,,0.0,1.3908393767387024,2.153432081
102620,1.3908410638493085,,0.0,1.3908410638493085,2.1542229337
102625,1.390842747413033,,0.0,1.390842747413033,2.1564584724
102630,1.3908444216320885,,0.0,1.3908444216320885,2.1554668506
102635,1.3908460809360523,,0.0,1.3908460809360523,2.1524638362
102640,1.3908477200728113,,0.0,1.3908477200728113,2.1520607293
102645,1.3908493341995076,,0.0,1.3908493341995076,2.1522022673
102650,1.3908509188370668,,0.0,1.3908509188370668,2.1542950442
102655,1.390852470052088,,0.0,1.390852470052088,2.1550559972
102660,1.390853984388635,,0.0,1.390853984388635,2.1564782485
102665,1.390855458981919,,0.0,1.390855458981919,2.1583602046
102670,1.3908568915582984,,0.0,1.3908568915582984,2.1636302993
102675,1.39085828048075,,0.0,1.39085828048075,2.1695183901
102680,1.3908596246579268,,0.0,1.3908596246579268,2.1748196109
102685,1.3908609236123632,,0.0,1.3908609236123632,2.1802828284
102690,1.3908621775259504,,0.0,1.3908621775259504,2.1849906666
102695,1.390863387171727,,0.0,1.390863387171727,2.1891764857
102700,1.3908645537319873,,0.0,1.3908645537319873,2.195127147
102705,1.3908656789801712,,0.0,1.3908656789801712,2.2039217483
102710,1.3908667651217121,,0.0,1.3908667651217121,2.209318058
102715,1.3908678147940348,,0.0,1.3908678147940348,2.2118682705
102720,1.390868831089292,,0.0,1.390868831089292,2.2143285121
102725,1.3908698173952108,,0.0,1.3908698173952108,2.2160580847
102730,1.3908707774633005,,0.0,1.3908707774633005,2.2156334392
102735,1.3908717152951708,,0.0,1.3908717152951708,2.2139625755
102740,1.3908726351425325,,0.0,1.3908726351425325,2.2069037075
102745,1.3908735415299334,,0.0,1.3908735415299334,2.1966656903
102750,1.390874439027394,,0.0,1.390874439027394,2.1860336927
102755,1.3908753322504075,,0.0,1.3908753322504075,2.175348803
102760,1.3908762259508858,,0.0,1.3908762259508858,2.1684000907
102765,1.3908771248125316,,0.0,1.3908771248125316,2.1598996257
102770,1.3908780336782023,,0.0,1.3908780336782023,2.1463848011
102775,1.3908789571633915,,0.0,1.3908789571633915,2.1326037673
102780,1.3908798999063285,,0.0,1.3908798999063285,2.1208370031
102785,1.3908808663860888,,0.0,1.3908808663860888,2.1159935809
102790,1.3908818609225917,,0.0,1.3908818609225917,2.1145604346
102795,1.3908828875856567,,0.0,1.3908828875856567,2.1137431593
102800,1.3908839502404753,,0.0,1.3908839502404753,2.1108308941
102805,1.3908850523884562,,0.0,1.3908850523884562,2.1042583653
102810,1.3908861973263802,,0.0,1.3908861973263802,2.0956599503
102815,1.3908873879645096,,0.0,1.3908873879645096,2.0865470931
102820,1.3908886269175325,,0.0,1.3908886269175325,2.0853448612
102825,1.3908899164590907,,0.0,1.3908899164590907,2.0864145442
102830,1.3908912585445163,,0.0,1.3908912585445163,2.0858998564
102835,1.3908926547198863,,0.0,1.3908926547198863,2.0862117821
102840,1.3908941062584403,,0.0,1.3908941062584403,2.088581705
102845,1.3908956140468982,,0.0,1.3908956140468982,2.0941525598
102850,1.3908971786309345,,0.0,1.3908971786309345,2.0975740144
102855,1.3908988003061225,,0.0,1.3908988003061225,2.0969434269
102860,1.3909004789815167,,0.0,1.3909004789815167,2.0950934899
102865,1.390902214293334,,0.0,1.390902214293334,2.0986237057
102870,1.3909040056049549,,0.0,1.3909040056049549,2.1017558284
102875,1.3909058520069226,,0.0,1.3909058520069226,2.1061159645
102880,1.3909077521577882,,0.0,1.3909077521577882,2.1117297674
102885,1.3909097044660022,,0.0,1.3909097044660022,2.118215486
102890,1.3909117069762327,,0.0,1.3909117069762327,2.1226251393
102895,1.3909137575512558,,0.0,1.3909137575512558,2.1292797044
102900,1.3909158537810113,,0.0,1.3909158537810113,2.1328472668
102905,1.3909179929143922,,0.0,1.3909179929143922,2.1356568967
102910,1.390920171950191,,0.0,1.390920171950191,2.1410125443
102915,1.3909223874779444,,0.0,1.3909223874779444,2.1453004567
102920,1.3909246358143526,,0.0,1.3909246358143526,2.1493822825
102925,1.39092691286686,,0.0,1.39092691286686,2.1535981572
102930,1.390929214201864,,0.0,1.390929214201864,2.1570846432
102935,1.3909315349537714,,0.0,1.3909315349537714,2.1591733713
102940,1.3909338700068872,,0.0,1.3909338700068872,2.1608277435
102945,1.390936213836261,,0.0,1.390936213836261,2.1643201704
102950,1.3909385606668427,,0.0,1.3909385606668427,2.166084864
102955,1.3909409044507441,,0.0,1.3909409044507441,2.1673964018
102960,1.3909432389809222,,0.0,1.3909432389809222,2.1727870597
102965,1.3909455579139158,,0.0,1.3909455579139158,2.1765739123
102970,1.3909478547925818,,0.0,1.3909478547925818,2.1783891661
102975,1.390950123296195,,0.0,1.390950123296195,2.178868692
102980,1.390952357081294,,0.0,1.390952357081294,2.1793976208
102985,1.3909545500999914,,0.0,1.3909545500999914,2.1785649746
102990,1.3909566965090268,,0.0,1.3909566965090268,2.1751859473
102995,1.3909587908516594,,0.0,1.3909587908516594,2.1691350894
103000,1.39096082810314,,0.0,1.39096082810314,2.1609941987
103005,1.3909628036707122,,0.0,1.3909628036707122,2.1589699614
103010,1.390964713575502,,0.0,1.390964713575502,2.1565815158
103015,1.390966554361574,,0.0,1.390966554361574,2.1497665159
103020,1.390968323232348,,0.0,1.390968323232348,2.1416782163
103025,1.3909700180278641,,0.0,1.3909700180278641,2.1347441077
103030,1.3909716372929917,,0.0,1.3909716372929917,2.1282382048
103035,1.3909731802319556,,0.0,1.3909731802319556,2.127177902
103040,1.3909746467083377,,0.0,1.3909746467083377,2.1268916431
103045,1.390976037267812,,0.0,1.390976037267812,2.1243988549
103050,1.3909773531608813,,0.0,1.3909773531608813,2.1183248981
103055,1.3909785962746688,,0.0,1.3909785962746688,2.112880231
103060,1.3909797690874446,,0.0,1.3909797690874446,2.1110815026
103065,1.3909808747140977,,0.0,1.3909808747140977,2.1081364367
103070,1.3909819167697195,,0.0,1.3909819167697195,2.102517038
103075,1.3909828994605473,,0.0,1.3909828994605473,2.0996326506
103080,1.3909838273793387,,0.0,1.3909838273793387,2.097723618
103085,1.3909847056645237,,0.0,1.3909847056645237,2.0978423589
103090,1.3909855397955804,,0.0,1.3909855397955804,2.0970640594
103095,1.3909863356385053,,0.0,1.3909863356385053,2.0952954933
103100,1.390987099423077,,0.0,1.390987099423077,2.0914177962
103105,1.390987837629176,,0.0,1.390987837629176,2.0936501263
103110,1.3909885569867824,,0.0,1.3909885569867824,2.0962235929
103115,1.3909892644305044,,0.0,1.3909892644305044,2.0959340631
103120,1.3909899670768417,,0.0,1.3909899670768417,2.0944280158
103125,1.3909906721559762,,0.0,1.3909906721559762,2.0971299383
103130,1.390991386943562,,0.0,1.390991386943562,2.1048477317
103135,1.3909921187379901,,0.0,1.3909921187379901,2.113116276
103140,1.3909928748149156,,0.0,1.3909928748149156,2.1197879479
103145,1.3909936622908377,,0.0,1.3909936622908377,2.1260263606
103150,1.3909944881458371,,0.0,1.3909944881458371,2.1307597765
103155,1.3909953590871589,,0.0,1.3909953590871589,2.130953781
103160,1.3909962815037362,,0.0,1.3909962815037362,2.1296253276
103165,1.3909972613525114,,0.0,1.3909972613525114,2.1240412408
103170,1.3909983040902256,,0.0,1.3909983040902256,2.1194612836
103175,1.3909994146734186,,0.0,1.3909994146734186,2.1163360424
103180,1.391000597490219,,0.0,1.391000597490219,2.1163283133
103185,1.3910018561557187,,0.0,1.3910018561557187,2.1209474423
103190,1.3910031936029146,,0.0,1.3910031936029146,2.1276945104
103195,1.3910046120372404,,0.0,1.3910046120372404,2.1342699546
103200,1.3910061127091988,,0.0,1.3910061127091988,2.1421486205
103205,1.3910076960962547,,0.0,1.3910076960962547,2.1498151566
103210,1.3910093617209434,,0.0,1.3910093617209434,2.156628838
103215,1.391011108241816,,0.0,1.391011108241816,2.1623462041
103220,1.3910129334079668,,0.0,1.3910129334079668,2.1638538775
103225,1.3910148340817703,,0.0,1.3910148340817703,2.1659330647
103230,1.391016806284352,,0.0,1.391016806284352,2.165969318
103235,1.3910188453092738,,0.0,1.3910188453092738,2.1620067365
103240,1.3910209456543214,,0.0,1.3910209456543214,2.1584179525
103245,1.3910231012033978,,0.0,1.3910231012033978,2.1562139492
103250,1.3910253052265225,,0.0,1.3910253052265225,2.1550665416
103255,1.3910275505162504,,0.0,1.3910275505162504,2.1579746554
103260,1.3910298293876713,,0.0,1.3910298293876713,2.1604525408
103265,1.3910321337693559,,0.0,1.3910321337693559,2.1611148796
103270,1.391034455271565,,0.0,1.391034455271565,2.1609721562
103275,1.391036785299932,,0.0,1.391036785299932,2.163154654
103280,1.391039114964516,,0.0,1.391039114964516,2.17123216
103285,1.3910414353071678,,0.0,1.3910414353071678,2.1769721496
103290,1.3910437372105826,,0.0,1.3910437372105826,2.1806848143
103295,1.3910460114892464,,0.0,1.3910460114892464,2.1826229651
103300,1.3910482490485916,,0.0,1.3910482490485916,2.1860567009
103305,1.3910504410896227,,0.0,1.3910504410896227,2.1931289743
103310,1.391052578517772,,0.0,1.391052578517772,2.1997547626
103315,1.3910546523521534,,0.0,1.3910546523521534,2.203736556
103320,1.3910566539301905,,0.0,1.3910566539301905,2.2043876468
103325,1.391058574998563,,0.0,1.391058574998563,2.2059057977
103330,1.3910604078723605,,0.0,1.3910604078723605,2.2078231358
103335,1.3910621454578198,,0.0,1.3910621454578198,2.2061816222
103340,1.3910637814342162,,0.0,1.3910637814342162,2.2011783763
103345,1.3910653106403823,,0.0,1.3910653106403823,2.1952975375
103350,1.3910667288700802,,0.0,1.3910667288700802,2.1854177967
103355,1.3910680328265288,,0.0,1.3910680328265288,2.1733306397
103360,1.3910692203497685,,0.0,1.3910692203497685,2.1647762929
103365,1.3910702906212882,,0.0,1.3910702906212882,2.1583689233
103370,1.391071244050343,,0.0,1.391071244050343,2.1495431998
103375,1.3910720824331102,,0.0,1.3910720824331102,2.136920395
103380,1.3910728089072162,,0.0,1.3910728089072162,2.1237237519
103385,1.3910734279062629,,0.0,1.3910734279062629,2.1164531751
103390,1.3910739450916185,,0.0,1.3910739450916185,2.1120104264
103395,1.3910743673751553,,0.0,1.3910743673751553,2.1108487318
103400,1.3910747026464112,,0.0,1.3910747026464112,2.1096226375
103405,1.391074959886272,,0.0,1.391074959886272,2.1065544357
103410,1.3910751488259259,,0.0,1.3910751488259259,2.1018276684
103415,1.3910752799695991,,0.0,1.3910752799695991,2.0942793856
103420,1.3910753643444553,,0.0,1.3910753643444553,2.0862371121
103425,1.3910754133641778,,0.0,1.3910754133641778,2.0848411752
103430,1.3910754386698136,,0.0,1.3910754386698136,2.082318199
103435,1.391075451925147,,0.0,1.391075451925147,2.0823063403
103440,1.3910754647257517,,0.0,1.3910754647257517,2.0849841575
103445,1.391075488280683,,0.0,1.391075488280683,2.0910597364
103450,1.3910755335716327,,0.0,1.3910755335716327,2.0982353051
103455,1.3910756110118807,,0.0,1.3910756110118807,2.1030188294
103460,1.3910757301279875,,0.0,1.3910757301279875,2.1039717489
103465,1.3910758995597925,,0.0,1.3910758995597925,2.1024732274
103470,1.3910761271286247,,0.0,1.3910761271286247,2.1039270719
103475,1.3910764196781467,,0.0,1.3910764196781467,2.11026134
103480,1.3910767831198274,,0.0,1.3910767831198274,2.1158984474
103485,1.391077222592098,,0.0,1.391077222592098,2.1222460608
103490,1.3910777425058243,,0.0,1.3910777425058243,2.1278786103
103495,1.3910783457030587,,0.0,1.3910783457030587,2.1325052362
103500,1.3910790340481876,,0.0,1.3910790340481876,2.1373142136
103505,1.391079808678032,,0.0,1.391079808678032,2.1419457462
103510,1.3910806699109017,,0.0,1.3910806699109017,2.1460283915
103515,1.3910816174512237,,0.0,1.3910816174512237,2.1529571925
103520,1.3910826505032228,,0.0,1.3910826505032228,2.1604004242
103525,1.3910837677709234,,0.0,1.3910837677709234,2.1683210372
103530,1.3910849677309851,,0.0,1.3910849677309851,2.1750429969
103535,1.3910862487009128,,0.0,1.3910862487009128,2.1801957689
103540,1.3910876089300022,,0.0,1.3910876089300022,2.1823327825
103545,1.3910890468267036,,0.0,1.3910890468267036,2.1825155145
103550,1.3910905609813595,,0.0,1.3910905609813595,2.1832140943
103555,1.3910921502571483,,0.0,1.3910921502571483,2.1869938885
103560,1.3910938139719777,,0.0,1.3910938139719777,2.1896010313
103565,1.391095551762065,,0.0,1.391095551762065,2.194067155
103570,1.3910973638320376,,0.0,1.3910973638320376,2.1966473256
103575,1.3910992506820972,,0.0,1.3910992506820972,2.1985801962
103580,1.3911012133808556,,0.0,1.3911012133808556,2.2016512279
103585,1.391103253201552,,0.0,1.391103253201552,2.2059861672
103590,1.3911053718266815,,0.0,1.3911053718266815,2.2079943036
103595,1.39110757118884,,0.0,1.39110757118884,2.2068824108
103600,1.3911098530842048,,0.0,1.3911098530842048,2.2029598905
103605,1.3911122193771623,,0.0,1.3911122193771623,2.1953250901
103610,1.3911146717274712,,0.0,1.3911146717274712,2.1924540256
103615,1.391117211635735,,0.0,1.391117211635735,2.1898718006
103620,1.3911198404434029,,0.0,1.3911198404434029,2.1824909949
103625,1.391122558968986,,0.0,1.391122558968986,2.17183883
103630,1.3911253675535302,,0.0,1.3911253675535302,2.1632621357
103635,1.3911282659469353,,0.0,1.3911282659469353,2.1546366646
103640,1.3911312533534264,,0.0,1.3911312533534264,2.1497604566
103645,1.391134328340609,,0.0,1.391134328340609,2.1463225231
103650,1.3911374888622055,,0.0,1.3911374888622055,2.1424644592
103655,1.391140732235318,,0.0,1.391140732235318,2.1362861058
103660,1.3911440551631655,,0.0,1.3911440551631655,2.1280375417
103665,1.3911474537578201,,0.0,1.3911474537578201,2.1238165832
103670,1.3911509235856803,,0.0,1.3911509235856803,2.1213758147
103675,1.3911544597584151,,0.0,1.3911544597584151,2.1165869304
103680,1.3911580569784388,,0.0,1.3911580569784388,2.1131674761
103685,1.3911617095843827,,0.0,1.3911617095843827,2.108626619
103690,1.3911654117329868,,0.0,1.3911654117329868,2.1088591585
103695,1.391169157308154,,0.0,1.391169157308154,2.1073715699
103700,1.391172940125578,,0.0,1.391172940125578,2.1067503447
103705,1.3911767540236886,,0.0,1.3911767540236886,2.1058514445
103710,1.3911805928181795,,0.0,1.3911805928181795,2.1077808931
103715,1.391184450529372,,0.0,1.391184450529372,2.1094493478
103720,1.391188321336743,,0.0,1.391188321336743,2.110033185
103725,1.391192199715342,,0.0,1.391192199715342,2.1088146905
103730,1.3911960803903194,,0.0,1.3911960803903194,2.1111704301
103735,1.3911999585642907,,0.0,1.3911999585642907,2.1177671538
103740,1.3912038297581808,,0.0,1.3912038297581808,2.1243514732
103745,1.3912076899476433,,0.0,1.3912076899476433,2.1298556385
103750,1.3912115355630603,,0.0,1.3912115355630603,2.1359003419
103755,1.3912153634668059,,0.0,1.3912153634668059,2.1406439618
103760,1.3912191709532458,,0.0,1.3912191709532458,2.1424910058
103765,1.3912229557714748,,0.0,1.3912229557714748,2.1428014106
103770,1.3912267160343694,,0.0,1.3912267160343694,2.1386244059
103775,1.3912304502867994,,0.0,1.3912304502867994,2.1339813689
103780,1.3912341574374159,,0.0,1.3912341574374159,2.1335400569
103785,1.3912378366904448,,0.0,1.3912378366904448,2.1326949488
103790,1.3912414875911572,,0.0,1.3912414875911572,2.1397353268
103795,1.3912451098894525,,0.0,1.3912451098894525,2.1469439905
103800,1.3912487035398582,,0.0,1.3912487035398582,2.1540041648
103805,1.3912522686560564,,0.0,1.3912522686560564,2.1641222319
103810,1.3912558055108837,,0.0,1.3912558055108837,2.1737721315
103815,1.3912593143544414,,0.0,1.3912593143544414,2.1804772813
103820,1.3912627955277752,,0.0,1.3912627955277752,2.1875682288
103825,1.391266249280986,,0.0,1.391266249280986,2.190871319
103830,1.3912696758869108,,0.0,1.3912696758869108,2.1932883634
103835,1.391273075572914,,0.0,1.391273075572914,2.1934487142
103840,1.3912764484981497,,0.0,1.3912764484981497,2.1904209352
103845,1.3912797947535647,,0.0,1.3912797947535647,2.1876366541
103850,1.3912831144755768,,0.0,1.3912831144755768,2.1868862405
103855,1.3912864077096596,,0.0,1.3912864077096596,2.1885303574
103860,1.3912896746377035,,0.0,1.3912896746377035,2.1911538044
103865,1.391292915373391,,0.0,1.391292915373391,2.194084735
103870,1.3912961302350324,,0.0,1.3912961302350324,2.1963751126
103875,1.391299319609146,,0.0,1.391299319609146,2.1980431195
103880,1.3913024841096162,,0.0,1.3913024841096162,2.1971440598
103885,1.3913056245549533,,0.0,1.3913056245549533,2.1980300024
103890,1.39130874194556,,0.0,1.39130874194556,2.2032698239
103895,1.391311837668358,,0.0,1.391311837668358,2.2064761934
103900,1.3913149133376332,,0.0,1.3913149133376332,2.2093386484
103905,1.391317970863245,,0.0,1.391317970863245,2.214326987
103910,1.3913210124278896,,0.0,1.3913210124278896,2.2201306352
103915,1.3913240403961549,,0.0,1.3913240403961549,2.2266655639
103920,1.3913270573145198,,0.0,1.3913270573145198,2.2320090543
103925,1.3913300657521996,,0.0,1.3913300657521996,2.2337940816
103930,1.3913330682102012,,0.0,1.3913330682102012,2.2368385062
103935,1.3913360670303752,,0.0,1.3913360670303752,2.240164281
103940,1.3913390641680543,,0.0,1.3913390641680543,2.2394218758
103945,1.391342061237524,,0.0,1.391342061237524,2.2352883219
103950,1.3913450592391872,,0.0,1.3913450592391872,2.2298266402
103955,1.391348058536826,,0.0,1.391348058536826,2.220182397
103960,1.391351058743922,,0.0,1.391351058743922,2.2091026176
103965,1.3913540587009172,,0.0,1.3913540587009172,2.1994538387
103970,1.3913570564524795,,0.0,1.3913570564524795,2.1928558822
103975,1.391360049179293,,0.0,1.391360049179293,2.1836127342
103980,1.3913630332662668,,0.0,1.3913630332662668,2.1713493273
103985,1.391366004416217,,0.0,1.391366004416217,2.1602460753
103990,1.3913689576271318,,0.0,1.3913689576271318,2.1512228874
103995,1.3913718874195335,,0.0,1.3913718874195335,2.1464860671
104000,1.3913747878592166,,0.0,1.3913747878592166,2.1423232883
104005,1.3913776528300834,,0.0,1.3913776528300834,2.1417158349
104010,1.3913804760568824,,0.0,1.3913804760568824,2.1419125193
104015,1.391383251332571,,0.0,1.391383251332571,2.1380677451
104020,1.3913859726319973,,0.0,1.3913859726319973,2.1302228466
104025,1.391388634202847,,0.0,1.391388634202847,2.1218466379
104030,1.3913912307020613,,0.0,1.3913912307020613,2.117507363
104035,1.3913937573549924,,0.0,1.3913937573549924,2.1146186275
104040,1.3913962100008745,,0.0,1.3913962100008745,2.1128725776
104045,1.3913985851382995,,0.0,1.3913985851382995,2.1119374674
104050,1.3914008800843698,,0.0,1.3914008800843698,2.1134242349
104055,1.3914030929064891,,0.0,1.3914030929064891,2.1174565224
104060,1.3914052225360463,,0.0,1.3914052225360463,2.119398234
104065,1.3914072687684131,,0.0,1.3914072687684131,2.1191240243
104070,1.3914092322174731,,0.0,1.3914092322174731,2.1164918504
104075,1.391411110359484,,0.0,1.391411110359484,2.1163647866
104080,1.3914129040811654,,0.0,1.3914129040811654,2.1213138255
104085,1.3914146174296007,,0.0,1.3914146174296007,2.1268802647
104090,1.3914162550657556,,0.0,1.3914162550657556,2.1317642645
104095,1.3914178221053253,,0.0,1.3914178221053253,2.1398338842
104100,1.391419324186942,,0.0,1.391419324186942,2.1451486393
104105,1.391420767199338,,0.0,1.391420767199338,2.1500670479
104110,1.3914221572131382,,0.0,1.3914221572131382,2.1544149286
104115,1.391423500435385,,0.0,1.391423500435385,2.1604323998
104120,1.3914248029821759,,0.0,1.3914248029821759,2.1672909987
104125,1.3914260708786617,,0.0,1.3914260708786617,2.1753241993
104130,1.3914273098998935,,0.0,1.3914273098998935,2.1841480513
104135,1.3914285254798762,,0.0,1.3914285254798762,2.1893352906
104140,1.3914297226660943,,0.0,1.3914297226660943,2.1958430272
104145,1.3914309060740422,,0.0,1.3914309060740422,2.1987501609
104150,1.391432079819011,,0.0,1.391432079819011,2.1975167073
104155,1.3914332475843012,,0.0,1.3914332475843012,2.1978514938
104160,1.3914344125075389,,0.0,1.3914344125075389,2.1990366147
104165,1.391435577339831,,0.0,1.391435577339831,2.1995359773
104170,1.3914367444002922,,0.0,1.3914367444002922,2.1998797817
104175,1.3914379157124641,,0.0,1.3914379157124641,2.2018617374
104180,1.391439093072524,,0.0,1.391439093072524,2.2017153724
104185,1.3914402782084394,,0.0,1.3914402782084394,2.2035315754
104190,1.391441472916388,,0.0,1.391441472916388,2.2054239245
104195,1.3914426790834926,,0.0,1.3914426790834926,2.2056445127
104200,1.3914438989151856,,0.0,1.3914438989151856,2.2033970615
104205,1.391445134889737,,0.0,1.391445134889737,2.1981890825
104210,1.3914463899174092,,0.0,1.3914463899174092,2.1884368094
104215,1.3914476672949825,,0.0,1.3914476672949825,2.1844213998
104220,1.3914489707967028,,0.0,1.3914489707967028,2.1833247251
104225,1.3914503045378623,,0.0,1.3914503045378623,2.1785638767
104230,1.3914516730430087,,0.0,1.3914516730430087,2.1725500297
104235,1.3914530820189834,,0.0,1.3914530820189834,2.1636691462
104240,1.391454536672427,,0.0,1.391454536672427,2.1572118762
104245,1.3914560422099793,,0.0,1.3914560422099793,2.1519500601
104250,1.39145760390649,,0.0,1.39145760390649,2.1507413463
104255,1.3914592270822819,,0.0,1.3914592270822819,2.1482761118
104260,1.3914609170576768,,0.0,1.3914609170576768,2.1432863152
104265,1.3914626790847882,,0.0,1.3914626790847882,2.1352104701
104270,1.3914645182793108,,0.0,1.3914645182793108,2.1278937989
104275,1.3914664395977836,,0.0,1.3914664395977836,2.1259796024
104280,1.391468447792119,,0.0,1.391468447792119,2.1218234398
104285,1.3914705471822373,,0.0,1.3914705471822373,2.1192790777
104290,1.3914727417697472,,0.0,1.3914727417697472,2.1185746669
104295,1.3914750350105858,,0.0,1.3914750350105858,2.11752622
104300,1.3914774298377512,,0.0,1.3914774298377512,2.1189735479
104305,1.391479928524885,,0.0,1.391479928524885,2.1180669443
104310,1.3914825327090095,,0.0,1.3914825327090095,2.1169934666
104315,1.3914852430722173,,0.0,1.3914852430722173,2.1204172163
104320,1.3914880572726576,,0.0,1.3914880572726576,2.1221406792
104325,1.3914909746055009,,0.0,1.3914909746055009,2.1219257924
104330,1.391493994411391,,0.0,1.391493994411391,2.1199687299
104335,1.391497115007833,,0.0,1.391497115007833,2.1206453649
104340,1.3915003338938208,,0.0,1.3915003338938208,2.1258558524
104345,1.3915036474769995,,0.0,1.3915036474769995,2.1310758032
104350,1.391507051255558,,0.0,1.391507051255558,2.1360415077
104355,1.3915105397727559,,0.0,1.3915105397727559,2.1417953559
104360,1.3915141067078676,,0.0,1.3915141067078676,2.1449504522
104365,1.39151774496713,,0.0,1.39151774496713,2.1467599905
104370,1.391521446661006,,0.0,1.391521446661006,2.1471708286
104375,1.3915252033542824,,0.0,1.3915252033542824,2.1447481519
104380,1.3915290059751286,,0.0,1.3915290059751286,2.1400180762
104385,1.3915328446559374,,0.0,1.3915328446559374,2.139949928
104390,1.3915367067552593,,0.0,1.3915367067552593,2.1393100263
104395,1.391540582041705,,0.0,1.391540582041705,2.1451711655
104400,1.3915444610341874,,0.0,1.3915444610341874,2.1500025184
104405,1.3915483343880375,,0.0,1.3915483343880375,2.1559190199
104410,1.3915521930996329,,0.0,1.3915521930996329,2.163849621
104415,1.3915560285518698,,0.0,1.3915560285518698,2.1738762284
104420,1.391559832696056,,0.0,1.391559832696056,2.1810156372
104425,1.3915635981201182,,0.0,1.3915635981201182,2.189099208
104430,1.3915673181850217,,0.0,1.3915673181850217,2.1932593018
104435,1.391570987138452,,0.0,1.391570987138452,2.1969540206
104440,1.3915746000693423,,0.0,1.3915746000693423,2.1986664778
104445,1.391578153112501,,0.0,1.391578153112501,2.195725763
104450,1.3915816434486123,,0.0,1.3915816434486123,2.1939477888
104455,1.3915850693724445,,0.0,1.3915850693724445,2.1926628162
104460,1.3915884302246413,,0.0,1.3915884302246413,2.1926006765
104465,1.3915917265963498,,0.0,1.3915917265963498,2.1965243414
104470,1.3915949601018558,,0.0,1.3915949601018558,2.1989919324
104475,1.3915981334240568,,0.0,1.3915981334240568,2.200274394
104480,1.391601250291726,,0.0,1.391601250291726,2.2002055778
104485,1.3916043152294109,,0.0,1.3916043152294109,2.1989003564
104490,1.3916073335574337,,0.0,1.3916073335574337,2.2010230525
104495,1.391610311187264,,0.0,1.391610311187264,2.2057919975
104500,1.3916132544850994,,0.0,1.3916132544850994,2.2083350685
104505,1.3916161699762928,,0.0,1.3916161699762928,2.2108605852
104510,1.3916190642544057,,0.0,1.3916190642544057,2.2156853508
104515,1.3916219438902637,,0.0,1.3916219438902637,2.220797595
104520,1.39162481509091,,0.0,1.39162481509091,2.2272520719
104525,1.3916276833358217,,0.0,1.3916276833358217,2.2319960285
104530,1.3916305535360651,,0.0,1.3916305535360651,2.2350835367
104535,1.3916334299206152,,0.0,1.3916334299206152,2.2381004453
104540,1.3916363157862528,,0.0,1.3916363157862528,2.2399858614
104545,1.3916392137249294,,0.0,1.3916392137249294,2.2403724416
104550,1.3916421254873497,,0.0,1.3916421254873497,2.2369819395
104555,1.391645051846552,,0.0,1.391645051846552,2.2309069202
104560,1.391647992757063,,0.0,1.391647992757063,2.2204002698
104565,1.391650947218481,,0.0,1.391650947218481,2.2091643924
104570,1.3916539134346284,,0.0,1.3916539134346284,2.1964422535
104575,1.391656888859026,,0.0,1.391656888859026,2.1878363898
104580,1.3916598702631018,,0.0,1.3916598702631018,2.1784745904
104585,1.391662853827138,,0.0,1.391662853827138,2.167458379
104590,1.3916658353448963,,0.0,1.3916658353448963,2.1548157496
104595,1.3916688103145651,,0.0,1.3916688103145651,2.148494838
104600,1.3916717739387607,,0.0,1.3916717739387607,2.1456927248
104605,1.3916747214655703,,0.0,1.3916747214655703,2.1443500177
104610,1.3916776482567645,,0.0,1.3916776482567645,2.1456914997
104615,1.3916805498787412,,0.0,1.3916805498787412,2.1464035538
104620,1.391683422238945,,0.0,1.391683422238945,2.1441503681
104625,1.3916862623134316,,0.0,1.3916862623134316,2.1381976737
104630,1.3916890672146758,,0.0,1.3916890672146758,2.1313121658
104635,1.3916918339869429,,0.0,1.3916918339869429,2.1281756967
104640,1.3916945601974358,,0.0,1.3916945601974358,2.1252441778
104645,1.391697244004505,,0.0,1.391697244004505,2.1226650357
104650,1.3916998841121737,,0.0,1.3916998841121737,2.1233760873
104655,1.3917024798838227,,0.0,1.3917024798838227,2.1265794224
104660,1.3917050312512425,,0.0,1.3917050312512425,2.1308730935
104665,1.3917075387828437,,0.0,1.3917075387828437,2.1347404499
104670,1.391710003592711,,0.0,1.391710003592711,2.1367787111
104675,1.3917124271587116,,0.0,1.3917124271587116,2.1355599214
104680,1.3917148115953326,,0.0,1.3917148115953326,2.1350710953
104685,1.3917171594717894,,0.0,1.3917171594717894,2.1376622104
104690,1.3917194737210805,,0.0,1.3917194737210805,2.1439260641
104695,1.3917217578218781,,0.0,1.3917217578218781,2.1482216218
104700,1.391724015707583,,0.0,1.391724015707583,2.1520488986
104705,1.3917262510387587,,0.0,1.3917262510387587,2.1540796044
104710,1.391728467635124,,0.0,1.391728467635124,2.1574766221
104715,1.3917306693163973,,0.0,1.3917306693163973,2.1619066868
104720,1.3917328598568248,,0.0,1.3917328598568248,2.1682431563
104725,1.3917350428942334,,0.0,1.3917350428942334,2.1760209549
104730,1.3917372218845594,,0.0,1.3917372218845594,2.1827659914
104735,1.3917393998062737,,0.0,1.3917393998062737,2.1899278726
104740,1.391741579251328,,0.0,1.391741579251328,2.1962017987
104745,1.3917437625161009,,0.0,1.3917437625161009,2.2034903161
104750,1.3917459514195059,,0.0,1.3917459514195059,2.2079390523
104755,1.3917481471211008,,0.0,1.3917481471211008,2.2078789867
104760,1.3917503502802417,,0.0,1.3917503502802417,2.2073374882
104765,1.3917525608059826,,0.0,1.3917525608059826,2.2103230864
104770,1.3917547780389679,,0.0,1.3917547780389679,2.2113141294
104775,1.391757000637748,,0.0,1.391757000637748,2.2117478719
104780,1.391759226737937,,0.0,1.391759226737937,2.2140618825
104785,1.3917614538840013,,0.0,1.3917614538840013,2.2157270997
104790,1.3917636792338886,,0.0,1.3917636792338886,2.2177447891
104795,1.3917658993316626,,0.0,1.3917658993316626,2.2215269874
104800,1.3917681108123334,,0.0,1.3917681108123334,2.2234246717
104805,1.391770310242701,,0.0,1.391770310242701,2.2222135532
104810,1.3917724942805123,,0.0,1.3917724942805123,2.2182941509
104815,1.3917746595607767,,0.0,1.3917746595607767,2.2108139782
104820,1.3917768026957675,,0.0,1.3917768026957675,2.207698373
104825,1.3917789208206959,,0.0,1.3917789208206959,2.2052004928
104830,1.3917810118665477,,0.0,1.3917810118665477,2.2005742769
104835,1.391783074673765,,0.0,1.391783074673765,2.1951954558
104840,1.3917851090377205,,0.0,1.3917851090377205,2.1892089113
104845,1.3917871157087156,,0.0,1.3917871157087156,2.1820150459
104850,1.3917890963919823,,0.0,1.3917890963919823,2.1793074305
104855,1.3917910535657905,,0.0,1.3917910535657905,2.1786566866
104860,1.3917929906633393,,0.0,1.3917929906633393,2.1752817371
104865,1.3917949118226574,,0.0,1.3917949118226574,2.1699809231
104870,1.3917968218638659,,0.0,1.3917968218638659,2.1617688588
104875,1.3917987262209692,,0.0,1.3917987262209692,2.1565604293
104880,1.3918006308509094,,0.0,1.3918006308509094,2.1527249777
104885,1.3918025421198847,,0.0,1.3918025421198847,2.1477157381
104890,1.3918044666896658,,0.0,1.3918044666896658,2.1447396798
104895,1.3918064114039155,,0.0,1.3918064114039155,2.1430064596
104900,1.3918083831062962,,0.0,1.3918083831062962,2.1428401426
104905,1.3918103886404707,,0.0,1.3918103886404707,2.143440132
104910,1.3918124345090548,,0.0,1.3918124345090548,2.1432001742
104915,1.391814526896355,,0.0,1.391814526896355,2.1421082191
104920,1.391816671486477,,0.0,1.391816671486477,2.1454580188
104925,1.3918188732814325,,0.0,1.3918188732814325,2.1482003257
104930,1.3918211366466144,,0.0,1.3918211366466144,2.1489800421
104935,1.3918234651516412,,0.0,1.3918234651516412,2.14824736
104940,1.3918258615930923,,0.0,1.3918258615930923,2.150824764
104945,1.3918283279262997,,0.0,1.3918283279262997,2.1575135335
104950,1.391830865310821,,0.0,1.391830865310821,2.1622846136
104955,1.3918334741786482,,0.0,1.3918334741786482,2.1707358645
104960,1.391836154256944,,0.0,1.391836154256944,2.1776779466
104965,1.3918389047044615,,0.0,1.3918389047044615,2.1815041966
104970,1.391841724066069,,0.0,1.391841724066069,2.1828125409
104975,1.3918446103409619,,0.0,1.3918446103409619,2.1826670343
104980,1.3918475611418162,,0.0,1.3918475611418162,2.1787186567
104985,1.391850573626579,,0.0,1.391850573626579,2.1723988862
104990,1.3918536447258336,,0.0,1.3918536447258336,2.1714783664
104995,1.3918567710518537,,0.0,1.3918567710518537,2.1696716588
105000,1.3918599490804937,,0.0,1.3918599490804937,2.1755347571
105005,1.3918631759697015,,0.0,1.3918631759697015,2.1830130306
105010,1.3918664459898986,,0.0,1.3918664459898986,2.1913035394
105015,1.3918697560489321,,0.0,1.3918697560489321,2.1977899848
105020,1.39187310203151,,0.0,1.39187310203151,2.2070846027
105025,1.3918764795267666,,0.0,1.3918764795267666,2.2136725795
105030,1.3918798840328908,,0.0,1.3918798840328908,2.2206906701
105035,1.3918833109571254,,0.0,1.3918833109571254,2.2232185667
105040,1.3918867555020857,,0.0,1.3918867555020857,2.2248942261
105045,1.3918902127112327,,0.0,1.3918902127112327,2.2254165191
105050,1.3918936773779251,,0.0,1.3918936773779251,2.2236305711
105055,1.3918971440908956,,0.0,1.3918971440908956,2.2212373299
105060,1.3919006071433024,,0.0,1.3919006071433024,2.2208136713
105065,1.391904060737358,,0.0,1.391904060737358,2.2229955306
105070,1.3919074990525393,,0.0,1.3919074990525393,2.2283290188
105075,1.39191091590454,,0.0,1.39191091590454,2.2321640045
105080,1.3919143048816889,,0.0,1.3919143048816889,2.233079113
105085,1.3919176597769434,,0.0,1.3919176597769434,2.2345266979
105090,1.3919209746560983,,0.0,1.3919209746560983,2.2348824384
105095,1.391924243903257,,0.0,1.391924243903257,2.2371197894
105100,1.3919274624709348,,0.0,1.3919274624709348,2.2432921121
105105,1.39193062585732,,0.0,1.39193062585732,2.2465418929
105110,1.3919337301062757,,0.0,1.3919337301062757,2.2498283735
105115,1.3919367720574398,,0.0,1.3919367720574398,2.2533306076
105120,1.3919397493462236,,0.0,1.3919397493462236,2.256674489
105125,1.3919426618589459,,0.0,1.3919426618589459,2.2613121097
105130,1.3919455098229703,,0.0,1.3919455098229703,2.2661896109
105135,1.3919482933065064,,0.0,1.3919482933065064,2.2691698165
105140,1.3919510134009023,,0.0,1.3919510134009023,2.2715528122
105145,1.3919536719705448,,0.0,1.3919536719705448,2.2724886011
105150,1.391956271539176,,0.0,1.391956271539176,2.2720674241
105155,1.3919588151989493,,0.0,1.3919588151989493,2.2684508313
105160,1.391961306587692,,0.0,1.391961306587692,2.2627492165
105165,1.3919637495705957,,0.0,1.3919637495705957,2.2529083569
105170,1.3919661480583243,,0.0,1.3919661480583243,2.243827559
105175,1.3919685067118448,,0.0,1.3919685067118448,2.2308154327
105180,1.3919708301011766,,0.0,1.3919708301011766,2.2220463171
105185,1.3919731229327599,,0.0,1.3919731229327599,2.2138688668
105190,1.3919753903450247,,0.0,1.3919753903450247,2.2010611511
105195,1.3919776377265034,,0.0,1.3919776377265034,2.1852485902
105200,1.3919798703975177,,0.0,1.3919798703975177,2.1745130592
105205,1.3919820935874452,,0.0,1.3919820935874452,2.1705202471
105210,1.3919843120709332,,0.0,1.3919843120709332,2.166718653
105215,1.3919865301906387,,0.0,1.3919865301906387,2.1689254369
105220,1.3919887516980707,,0.0,1.3919887516980707,2.169742963
105225,1.3919909798445376,,0.0,1.3919909798445376,2.1677256376
105230,1.3919932173129368,,0.0,1.3919932173129368,2.1623916467
105235,1.3919954660358642,,0.0,1.3919954660358642,2.1537674332
105240,1.3919977276276057,,0.0,1.3919977276276057,2.1478973923
105245,1.3920000032022453,,0.0,1.3920000032022453,2.1440092565
105250,1.392002293305458,,0.0,1.392002293305458,2.1432847367
105255,1.3920045980281888,,0.0,1.3920045980281888,2.1428349436
105260,1.3920069174386476,,0.0,1.3920069174386476,2.1435719163
105265,1.3920092508547408,,0.0,1.3920092508547408,2.1480431645
105270,1.3920115970259663,,0.0,1.3920115970259663,2.151065972
105275,1.3920139544744563,,0.0,1.3920139544744563,2.1517906359
105280,1.3920163216313977,,0.0,1.3920163216313977,2.153416764
105285,1.3920186968825048,,0.0,1.3920186968825048,2.1530443656
105290,1.3920210787499103,,0.0,1.3920210787499103,2.155579895
105295,1.3920234663241573,,0.0,1.3920234663241573,2.1607832226
105300,1.3920258588549441,,0.0,1.3920258588549441,2.1637340036
105305,1.3920282554555499,,0.0,1.3920282554555499,2.1668390986
105310,1.3920306554666189,,0.0,1.3920306554666189,2.1701163066
105315,1.3920330583652132,,0.0,1.3920330583652132,2.1740316285
105320,1.3920354637875505,,0.0,1.3920354637875505,2.177738951
105325,1.3920378717108937,,0.0,1.3920378717108937,2.1820457867
105330,1.3920402821352431,,0.0,1.3920402821352431,2.1894352462
105335,1.3920426952652267,,0.0,1.3920426952652267,2.19432184
105340,1.3920451112599992,,0.0,1.3920451112599992,2.1999463134
105345,1.392047530346925,,0.0,1.392047530346925,2.2041145918
105350,1.392049952798841,,0.0,1.392049952798841,2.2086314083
105355,1.3920523789113208,,0.0,1.3920523789113208,2.2099947721
105360,1.3920548090026739,,0.0,1.3920548090026739,2.2087195682
105365,1.3920572434594196,,0.0,1.3920572434594196,2.2074465585
105370,1.3920596828044962,,0.0,1.3920596828044962,2.2092375922
105375,1.39206212762905,,0.0,1.39206212762905,2.2112090593
105380,1.3920645786151733,,0.0,1.3920645786151733,2.2123110814
105385,1.3920670364449597,,0.0,1.3920670364449597,2.2139853201
105390,1.3920695020278653,,0.0,1.3920695020278653,2.21287589
105395,1.3920719764779748,,0.0,1.3920719764779748,2.214151684
105400,1.3920744610230549,,0.0,1.3920744610230549,2.2149436107
105405,1.3920769570727638,,0.0,1.3920769570727638,2.2149451133
105410,1.3920794660822324,,0.0,1.3920794660822324,2.2119912352
105415,1.3920819896202736,,0.0,1.3920819896202736,2.207570497
105420,1.3920845291874913,,0.0,1.3920845291874913,2.1995504697
105425,1.3920870863072254,,0.0,1.3920870863072254,2.1929870928
105430,1.3920896622754524,,0.0,1.3920896622754524,2.1901019862
105435,1.3920922582744655,,0.0,1.3920922582744655,2.1829730337
105440,1.3920948750318305,,0.0,1.3920948750318305,2.1755500194
105445,1.392097512797648,,0.0,1.392097512797648,2.1678904047
105450,1.3921001712536083,,0.0,1.3921001712536083,2.1593204729
105455,1.392102849490254,,0.0,1.392102849490254,2.1547365036
105460,1.3921055459160365,,0.0,1.3921055459160365,2.1530955327
105465,1.392108258302786,,0.0,1.392108258302786,2.149397955
105470,1.3921109836265586,,0.0,1.3921109836265586,2.1434030995
105475,1.3921137182040544,,0.0,1.3921137182040544,2.1358730632
105480,1.3921164576698806,,0.0,1.3921164576698806,2.1281410613
105485,1.3921191970674975,,0.0,1.3921191970674975,2.1241346187
105490,1.3921219308492185,,0.0,1.3921219308492185,2.1196230229
105495,1.392124653080838,,0.0,1.392124653080838,2.1150013986
105500,1.3921273574871038,,0.0,1.3921273574871038,2.1094747258
105505,1.3921300375881362,,0.0,1.3921300375881362,2.1070184213
105510,1.3921326868813189,,0.0,1.3921326868813189,2.1091699958
105515,1.392135299045927,,0.0,1.392135299045927,2.1085319059
105520,1.392137868102282,,0.0,1.392137868102282,2.1062275675
105525,1.3921403885026973,,0.0,1.3921403885026973,2.1063846843
105530,1.3921428551087418,,0.0,1.3921428551087418,2.1092158116
105535,1.3921452634868134,,0.0,1.3921452634868134,2.1100876662
105540,1.3921476099763486,,0.0,1.3921476099763486,2.1090932185
105545,1.392149891848977,,0.0,1.392149891848977,2.109278019
105550,1.3921521073312577,,0.0,1.3921521073312577,2.1154291477
105555,1.3921542556728888,,0.0,1.3921542556728888,2.1204759605
105560,1.3921563371694439,,0.0,1.3921563371694439,2.1266906515
105565,1.392158353185108,,0.0,1.392158353185108,2.1336453667
105570,1.3921603060389962,,0.0,1.3921603060389962,2.1385862386
105575,1.3921621989596802,,0.0,1.3921621989596802,2.1399218149
105580,1.3921640360397154,,0.0,1.3921640360397154,2.14012774
105585,1.3921658220764868,,0.0,1.3921658220764868,2.1371389383
105590,1.392167562458526,,0.0,1.392167562458526,2.1302745533
105595,1.3921692630063565,,0.0,1.3921692630063565,2.1259930095
105600,1.3921709299042848,,0.0,1.3921709299042848,2.1261899308
105605,1.392172569450299,,0.0,1.392172569450299,2.1313029079
105610,1.392174188033334,,0.0,1.392174188033334,2.1381890985
105615,1.3921757918604318,,0.0,1.3921757918604318,2.1458369915
105620,1.392177386888535,,0.0,1.392177386888535,2.155827015
105625,1.3921789788244852,,0.0,1.3921789788244852,2.1659804122
105630,1.3921805729431316,,0.0,1.3921805729431316,2.1724752687
105635,1.3921821738599678,,0.0,1.3921821738599678,2.1785379153
105640,1.3921837854629215,,0.0,1.3921837854629215,2.1804121754
105645,1.3921854110715102,,0.0,1.3921854110715102,2.1809228918
105650,1.3921870532322131,,0.0,1.3921870532322131,2.1819765375
105655,1.3921887138094164,,0.0,1.3921887138094164,2.1796455597
105660,1.392190393985414,,0.0,1.392190393985414,2.1775828933
105665,1.3921920944422992,,0.0,1.3921920944422992,2.1781472805
105670,1.3921938152710165,,0.0,1.3921938152710165,2.1804258781
105675,1.392195556039575,,0.0,1.392195556039575,2.1839295896
105680,1.392197316043145,,0.0,1.392197316043145,2.1850708845
105685,1.3921990942585878,,0.0,1.3921990942585878,2.1847529281
105690,1.3922008892989814,,0.0,1.3922008892989814,2.183254309
105695,1.3922026993681493,,0.0,1.3922026993681493,2.1801648448
105700,1.3922045226471773,,0.0,1.3922045226471773,2.1792124255
105705,1.3922063576581984,,0.0,1.3922063576581984,2.1816060801
105710,1.3922082034917556,,0.0,1.3922082034917556,2.1845360228
105715,1.3922100591019733,,0.0,1.3922100591019733,2.1897477747
105720,1.3922119237612867,,0.0,1.3922119237612867,2.1932424582
105725,1.3922137967876027,,0.0,1.3922137967876027,2.1942555347
105730,1.3922156776807202,,0.0,1.3922156776807202,2.1972951425
105735,1.3922175658494922,,0.0,1.3922175658494922,2.2011745164
105740,1.3922194607255083,,0.0,1.3922194607255083,2.2028767104
105745,1.3922213616266756,,0.0,1.3922213616266756,2.2058444978
105750,1.392223267666274,,0.0,1.392223267666274,2.2074924627
105755,1.3922251778666375,,0.0,1.3922251778666375,2.2066283757
105760,1.3922270909999992,,0.0,1.3922270909999992,2.2017327357
105765,1.3922290056567008,,0.0,1.3922290056567008,2.1949518052
105770,1.3922309202451935,,0.0,1.3922309202451935,2.1856402541
105775,1.3922328329010905,,0.0,1.3922328329010905,2.1750544751
105780,1.3922347413734857,,0.0,1.3922347413734857,2.164051123
105785,1.392236643616102,,0.0,1.392236643616102,2.1563473004
105790,1.392238537514452,,0.0,1.392238537514452,2.1475114915
105795,1.392240420544793,,0.0,1.392240420544793,2.1348450719
105800,1.392242290115173,,0.0,1.392242290115173,2.1198222202
105805,1.392244143451749,,0.0,1.392244143451749,2.1087147341
105810,1.3922459777579408,,0.0,1.3922459777579408,2.1039751929
105815,1.3922477902371693,,0.0,1.3922477902371693,2.102548028
105820,1.3922495781155906,,0.0,1.3922495781155906,2.1032624063
105825,1.3922513385284163,,0.0,1.3922513385284163,2.1038399758
105830,1.3922530686335932,,0.0,1.3922530686335932,2.1017411493
105835,1.3922547656118058,,0.0,1.3922547656118058,2.0963856623
105840,1.3922564265982649,,0.0,1.3922564265982649,2.0892446705
105845,1.392258048728181,,0.0,1.392258048728181,2.084311837
105850,1.3922596292049754,,0.0,1.3922596292049754,2.0807027056
105855,1.3922611653002768,,0.0,1.3922611653002768,2.0782589704
105860,1.3922626544221337,,0.0,1.3922626544221337,2.0783129529
105865,1.3922640941604851,,0.0,1.3922640941604851,2.0826423067
105870,1.3922654821962168,,0.0,1.3922654821962168,2.0897778679
105875,1.3922668163693683,,0.0,1.3922668163693683,2.0962763728
105880,1.3922680948837627,,0.0,1.3922680948837627,2.0993897539
105885,1.3922693161251138,,0.0,1.3922693161251138,2.1005298703
105890,1.3922704787747096,,0.0,1.3922704787747096,2.1005153146
105895,1.3922715820140386,,0.0,1.3922715820140386,2.1038434539
105900,1.392272625456582,,0.0,1.392272625456582,2.1104025534
105905,1.3922736093069674,,0.0,1.3922736093069674,2.1148050342
105910,1.3922745343154965,,0.0,1.3922745343154965,2.1191939928
105915,1.39227540200551,,0.0,1.39227540200551,2.1235700961
105920,1.392276214468758,,0.0,1.392276214468758,2.12686498
105925,1.392276974524557,,0.0,1.392276974524557,2.1304990322
105930,1.3922776856970518,,0.0,1.3922776856970518,2.1359401125
105935,1.3922783524653177,,0.0,1.3922783524653177,2.14425204
105940,1.3922789801724131,,0.0,1.3922789801724131,2.1512752771
105945,1.3922795742296066,,0.0,1.3922795742296066,2.1591508989
105950,1.3922801404801577,,0.0,1.3922801404801577,2.1658679251
105955,1.3922806849264815,,0.0,1.3922806849264815,2.1722635102
105960,1.392281213616466,,0.0,1.392281213616466,2.1754857406
105965,1.3922817328253634,,0.0,1.3922817328253634,2.1755277493
105970,1.3922822491694715,,0.0,1.3922822491694715,2.1727832573
105975,1.3922827696516085,,0.0,1.3922827696516085,2.173870385
105980,1.3922833013882732,,0.0,1.3922833013882732,2.1736143801
105985,1.3922838515187022,,0.0,1.3922838515187022,2.1729421064
105990,1.3922844268865577,,0.0,1.3922844268865577,2.1709695298
105995,1.3922850337670922,,0.0,1.3922850337670922,2.1723337904
106000,1.3922856778216741,,0.0,1.3922856778216741,2.1742009685
106005,1.3922863639158973,,0.0,1.3922863639158973,2.176031916
106010,1.3922870960741085,,0.0,1.3922870960741085,2.1776228974
106015,1.3922878773202512,,0.0,1.3922878773202512,2.1752861181
106020,1.392288709677867,,0.0,1.392288709677867,2.1706863469
106025,1.3922895940109403,,0.0,1.3922895940109403,2.1642093397
106030,1.3922905300466335,,0.0,1.3922905300466335,2.1590132982
106035,1.3922915163525522,,0.0,1.3922915163525522,2.1568935005
106040,1.3922925509733644,,0.0,1.3922925509733644,2.1515556083
106045,1.3922936324539392,,0.0,1.3922936324539392,2.1448860697
106050,1.3922947562469925,,0.0,1.3922947562469925,2.1374620556
106055,1.3922959169185194,,0.0,1.3922959169185194,2.1267035022
106060,1.3922971084433693,,0.0,1.3922971084433693,2.1226563292
106065,1.3922983242052431,,0.0,1.3922983242052431,2.1215878036
106070,1.392299557269533,,0.0,1.392299557269533,2.1171858339
106075,1.3923008003378476,,0.0,1.3923008003378476,2.1122904511
106080,1.3923020461572693,,0.0,1.3923020461572693,2.1061365588
106085,1.3923032876340347,,0.0,1.3923032876340347,2.1002404268
106090,1.3923045179472175,,0.0,1.3923045179472175,2.0964519507
106095,1.3923057307533568,,0.0,1.3923057307533568,2.0921690969
106100,1.3923069203456107,,0.0,1.3923069203456107,2.0876381529
106105,1.3923080816310212,,0.0,1.3923080816310212,2.0860408482
106110,1.3923092102896684,,0.0,1.3923092102896684,2.0831180145
106115,1.3923103027519341,,0.0,1.3923103027519341,2.083648937
106120,1.3923113562212388,,0.0,1.3923113562212388,2.0851145293
106125,1.3923123685830954,,0.0,1.3923123685830954,2.0867178224
106130,1.3923133384051094,,0.0,1.3923133384051094,2.0890291945
106135,1.3923142647550875,,0.0,1.3923142647550875,2.0920570579
106140,1.3923151470873556,,0.0,1.3923151470873556,2.0940238018
106145,1.3923159852882314,,0.0,1.3923159852882314,2.0929629579
106150,1.3923167793804518,,0.0,1.3923167793804518,2.0919715695
106155,1.3923175296368537,,0.0,1.3923175296368537,2.0939150219
106160,1.3923182364212194,,0.0,1.3923182364212194,2.0970968144
106165,1.3923189000518594,,0.0,1.3923189000518594,2.103648839
106170,1.392319521006238,,0.0,1.392319521006238,2.111303016
106175,1.3923200996708749,,0.0,1.3923200996708749,2.1173851479
106180,1.3923206363868157,,0.0,1.3923206363868157,2.1192098886
106185,1.3923211316315258,,0.0,1.3923211316315258,2.119426908
106190,1.3923215857005784,,0.0,1.3923215857005784,2.1167236232
106195,1.3923219989577562,,0.0,1.3923219989577562,2.1115672588
106200,1.392322371698633,,0.0,1.392322371698633,2.1097775188
106205,1.3923227043552004,,0.0,1.3923227043552004,2.1071773657
106210,1.3923229973821871,,0.0,1.3923229973821871,2.1126260351
106215,1.3923232513480035,,0.0,1.3923232513480035,2.1246826655
106220,1.39232346682106,,0.0,1.39232346682106,2.1347153744
106225,1.392323644460713,,0.0,1.392323644460713,2.1455644796
106230,1.3923237849490548,,0.0,1.3923237849490548,2.1556732271
106235,1.392323888945442,,0.0,1.392323888945442,2.1626130206
106240,1.3923239571547033,,0.0,1.3923239571547033,2.1688611805
106245,1.3923239902589315,,0.0,1.3923239902589315,2.1716927255
106250,1.3923239889856918,,0.0,1.3923239889856918,2.1734211474
106255,1.3923239541762322,,0.0,1.3923239541762322,2.1737595771
106260,1.3923238866945362,,0.0,1.3923238866945362,2.170616827
106265,1.3923237875864798,,0.0,1.3923237875864798,2.1661231052
106270,1.3923236580116196,,0.0,1.3923236580116196,2.1657015341
106275,1.392323499379614,,0.0,1.392323499379614,2.1683117227
106280,1.3923233133274855,,0.0,1.3923233133274855,2.172287941
106285,1.3923231017196205,,0.0,1.3923231017196205,2.1750967385
106290,1.392322866715979,,0.0,1.392322866715979,2.1761630374
106295,1.3923226107493576,,0.0,1.3923226107493576,2.1757930609
106300,1.3923223364799178,,0.0,1.3923223364799178,2.1726631164
106305,1.3923220467724484,,0.0,1.3923220467724484,2.1716638018
106310,1.3923217447873122,,0.0,1.3923217447873122,2.1776327819
106315,1.3923214337303442,,0.0,1.3923214337303442,2.180357
106320,1.392321116989271,,0.0,1.392321116989271,2.1832040795
106325,1.392320798861276,,0.0,1.392320798861276,2.1864075693
106330,1.3923204840073258,,0.0,1.3923204840073258,2.188555204
106335,1.39232017706565,,0.0,1.39232017706565,2.1926824521
106340,1.3923198827881602,,0.0,1.3923198827881602,2.1954053261
106345,1.3923196044034283,,0.0,1.3923196044034283,2.1976103806
106350,1.3923193450036075,,0.0,1.3923193450036075,2.198876806
106355,1.3923191075444323,,0.0,1.3923191075444323,2.1996557807
106360,1.3923188945951184,,0.0,1.3923188945951184,2.1990560836
106365,1.3923187082928894,,0.0,1.3923187082928894,2.1941202343
106370,1.3923185501383488,,0.0,1.3923185501383488,2.1853916363
106375,1.392318421177372,,0.0,1.392318421177372,2.1751893603
106380,1.3923183220693154,,0.0,1.3923183220693154,2.1627255389
106385,1.3923182528823879,,0.0,1.3923182528823879,2.1521006667
106390,1.3923182128662879,,0.0,1.3923182128662879,2.1447701752
106395,1.3923182008614579,,0.0,1.3923182008614579,2.1351966201
106400,1.392318215094457,,0.0,1.392318215094457,2.1232344887
106405,1.3923182533598526,,0.0,1.3923182533598526,2.1095922768
106410,1.3923183129292744,,0.0,1.3923183129292744,2.1018978471
106415,1.3923183906650958,,0.0,1.3923183906650958,2.0985909348
106420,1.3923184830659086,,0.0,1.3923184830659086,2.0975936308
106425,1.3923185861755751,,0.0,1.3923185861755751,2.1000268478
106430,1.392318695674176,,0.0,1.392318695674176,2.1026230219
106435,1.3923188069462176,,0.0,1.3923188069462176,2.1005919212
106440,1.392318915171579,,0.0,1.392318915171579,2.0952739129
106445,1.3923190153027745,,0.0,1.3923190153027745,2.0867361743
106450,1.3923191022468464,,0.0,1.3923191022468464,2.0803383651
106455,1.3923191713200915,,0.0,1.3923191713200915,2.0775866913
106460,1.392319217520498,,0.0,1.392319217520498,2.0758900707
106465,1.3923192357778438,,0.0,1.3923192357778438,2.0743770661
106470,1.3923192211583253,,0.0,1.3923192211583253,2.0768067967
106475,1.3923191691146588,,0.0,1.3923191691146588,2.0813235463
106480,1.3923190755997616,,0.0,1.3923190755997616,2.0860924252
106485,1.3923189369985427,,0.0,1.3923189369985427,2.0889788825
106490,1.392318750287058,,0.0,1.392318750287058,2.089843137
106495,1.392318513055247,,0.0,1.392318513055247,2.0887542893
106500,1.3923182235524056,,0.0,1.3923182235524056,2.0919378649
106505,1.3923178808236039,,0.0,1.3923178808236039,2.0959703095
106510,1.392317484550532,,0.0,1.392317484550532,2.0981250007
106515,1.3923170352106546,,0.0,1.3923170352106546,2.1012082373
106520,1.392316533872584,,0.0,1.392316533872584,2.1063240181
106525,1.3923159822870241,,0.0,1.3923159822870241,2.1110893729
106530,1.3923153826594077,,0.0,1.3923153826594077,2.1144334965
106535,1.392314737695369,,0.0,1.392314737695369,2.1201331337
106540,1.3923140502596971,,0.0,1.3923140502596971,2.1260946303
106545,1.3923133235582268,,0.0,1.3923133235582268,2.1293248065
106550,1.3923125608650033,,0.0,1.3923125608650033,2.1353395906
106555,1.3923117654540704,,0.0,1.3923117654540704,2.1435766089
106560,1.3923109405540004,,0.0,1.3923109405540004,2.1495548814
106565,1.3923100892342097,,0.0,1.3923100892342097,2.1515154027
106570,1.3923092143367513,,0.0,1.3923092143367513,2.1503929642
106575,1.3923083184081038,,0.0,1.3923083184081038,2.1474212173
106580,1.3923074036309635,,0.0,1.3923074036309635,2.1464456523
106585,1.3923064718015083,,0.0,1.3923064718015083,2.1478695896
106590,1.3923055242384499,,0.0,1.3923055242384499,2.1499837889
106595,1.3923045618739818,,0.0,1.3923045618739818,2.1493922889
106600,1.3923035850946233,,0.0,1.3923035850946233,2.1491979308
106605,1.3923025938776379,,0.0,1.3923025938776379,2.1536501243
106610,1.392301587677351,,0.0,1.392301587677351,2.156836647
106615,1.3923005655615701,,0.0,1.3923005655615701,2.1589428309
106620,1.3922995262115825,,0.0,1.3922995262115825,2.1565817314
106625,1.3922984678994201,,0.0,1.3922984678994201,2.1498854477
106630,1.3922973886924874,,0.0,1.3922973886924874,2.1433927049
106635,1.3922962863171424,,0.0,1.3922962863171424,2.1370695736
106640,1.3922951583178513,,0.0,1.3922951583178513,2.1338806971
106645,1.3922940021481356,,0.0,1.3922940021481356,2.1305956008
106650,1.39229281517057,,0.0,1.39229281517057,2.1252110066
106655,1.3922915947022572,,0.0,1.3922915947022572,2.1172290527
106660,1.392290338151245,,0.0,1.392290338151245,2.1074809041
106665,1.3922890430847366,,0.0,1.3922890430847366,2.0999746462
106670,1.3922877072063535,,0.0,1.3922877072063535,2.0965835112
106675,1.3922863284925542,,0.0,1.3922863284925542,2.0918501469
106680,1.3922849052835804,,0.0,1.3922849052835804,2.0871941376
106685,1.3922834362152465,,0.0,1.3922834362152465,2.082365813
106690,1.3922819204235686,,0.0,1.3922819204235686,2.0762013874
106695,1.3922803574992908,,0.0,1.3922803574992908,2.0750009347
106700,1.3922787475560958,,0.0,1.3922787475560958,2.0713390702
106705,1.392277092049114,,0.0,1.392277092049114,2.0678617078
106710,1.392275392979151,,0.0,1.392275392979151,2.0656630991
106715,1.3922736521651198,,0.0,1.3922736521651198,2.0631637675
106720,1.392271871994345,,0.0,1.392271871994345,2.0650873459
106725,1.392270055604452,,0.0,1.392270055604452,2.0678734547
106730,1.3922682068606334,,0.0,1.3922682068606334,2.0676870649
106735,1.3922663302192264,,0.0,1.3922663302192264,2.0696357066
106740,1.3922644307959264,,0.0,1.3922644307959264,2.0730859058
106745,1.3922625143430474,,0.0,1.3922625143430474,2.0748526384
106750,1.3922605870448959,,0.0,1.3922605870448959,2.0745668003
106755,1.3922586556087155,,0.0,1.3922586556087155,2.0739857008
106760,1.3922567270373245,,0.0,1.3922567270373245,2.0758184551
106765,1.3922548093794151,,0.0,1.3922548093794151,2.0817163087
106770,1.3922529101380063,,0.0,1.3922529101380063,2.0885941515
106775,1.392251036384125,,0.0,1.392251036384125,2.096357886
106780,1.392249194938697,,0.0,1.392249194938697,2.1012429405
106785,1.3922473923498115,,0.0,1.3922473923498115,2.1035755202
106790,1.392245634597147,,0.0,1.392245634597147,2.1044210696
106795,1.3922439270692357,,0.0,1.3922439270692357,2.1032060135
106800,1.39224227438157,,0.0,1.39224227438157,2.0995627741
106805,1.3922406802856602,,0.0,1.3922406802856602,2.0997217919
106810,1.392239147623558,,0.0,1.392239147623558,2.1010594217
106815,1.3922376782141779,,0.0,1.3922376782141779,2.1052478716
106820,1.3922362728760305,,0.0,1.3922362728760305,2.1141514961
106825,1.392234931404488,,0.0,1.392234931404488,2.123575904
106830,1.3922336527764114,,0.0,1.3922336527764114,2.1323508245
106835,1.3922324348318413,,0.0,1.3922324348318413,2.1424996307
106840,1.3922312743422054,,0.0,1.3922312743422054,2.1490962764
106845,1.3922301671694757,,0.0,1.3922301671694757,2.1530952309
106850,1.392229108288903,,0.0,1.392229108288903,2.1567288626
106855,1.392228091857227,,0.0,1.392228091857227,2.1596085088
106860,1.3922271114627776,,0.0,1.3922271114627776,2.1608274453
106865,1.3922261600572643,,0.0,1.3922261600572643,2.1582181938
106870,1.392225230296823,,0.0,1.392225230296823,2.155719824
106875,1.3922243145874897,,0.0,1.3922243145874897,2.1583588486
106880,1.3922234052216178,,0.0,1.3922234052216178,2.1618189337
106885,1.392222494627979,,0.0,1.392222494627979,2.1677554276
106890,1.3922215754854463,,0.0,1.3922215754854463,2.1712810447
106895,1.3922206410413025,,0.0,1.3922206410413025,2.1714651421
106900,1.3922196850657687,,0.0,1.3922196850657687,2.1705026201
106905,1.392218702011158,,0.0,1.392218702011158,2.1691011162
106910,1.3922176871482952,,0.0,1.3922176871482952,2.17001714
106915,1.392216636680198,,0.0,1.392216636680198,2.1734514193
106920,1.3922155477875502,,0.0,1.3922155477875502,2.1779782794
106925,1.392214418537756,,0.0,1.392214418537756,2.1828603824
106930,1.3922132478167313,,0.0,1.3922132478167313,2.1852927055
106935,1.3922120353743745,,0.0,1.3922120353743745,2.1859352271
106940,1.3922107815972058,,0.0,1.3922107815972058,2.1899277467
106945,1.3922094873946813,,0.0,1.3922094873946813,2.1968883094
106950,1.3922081542446687,,0.0,1.3922081542446687,2.2003687508
106955,1.392206783875136,,0.0,1.392206783875136,2.2030083176
106960,1.392205378241415,,0.0,1.392205378241415,2.2071255909
106965,1.3922039395034658,,0.0,1.3922039395034658,2.207824697
106970,1.3922024697757758,,0.0,1.3922024697757758,2.2035833465
106975,1.3922009712410406,,0.0,1.3922009712410406,2.1973356131
106980,1.392199445945539,,0.0,1.392199445945539,2.1903559755
106985,1.3921978958900754,,0.0,1.3921978958900754,2.1802612805
106990,1.392196322757145,,0.0,1.392196322757145,2.168363812
106995,1.392194727683569,,0.0,1.392194727683569,2.1605757626
107000,1.3921931113514399,,0.0,1.3921931113514399,2.1527515615
107005,1.3921914741018038,,0.0,1.3921914741018038,2.1421249379
107010,1.392189816207498,,0.0,1.392189816207498,2.1300156083
107015,1.3921881378731502,,0.0,1.3921881378731502,2.1221104121
107020,1.3921864391442333,,0.0,1.3921864391442333,2.1181696508
107025,1.3921847199525381,,0.0,1.3921847199525381,2.1189938548
107030,1.392182980002491,,0.0,1.392182980002491,2.1217395292
107035,1.3921812187938907,,0.0,1.3921812187938907,2.1233841752
107040,1.3921794356219084,,0.0,1.3921794356219084,2.1216587597
107045,1.3921776295543506,,0.0,1.3921776295543506,2.1184593798
107050,1.3921757994771327,,0.0,1.3921757994771327,2.1128517713
107055,1.3921739441624883,,0.0,1.3921739441624883,2.1080017024
107060,1.3921720625645417,,0.0,1.3921720625645417,2.1045983688
107065,1.3921701534555266,,0.0,1.3921701534555266,2.1039166445
107070,1.3921682156076758,,0.0,1.3921682156076758,2.1059981176
107075,1.3921662479978507,,0.0,1.3921662479978507,2.1103660538
107080,1.3921642498075402,,0.0,1.3921642498075402,2.1168203581
107085,1.3921622205592794,,0.0,1.3921622205592794,2.1196821367
107090,1.3921601601166498,,0.0,1.3921601601166498,2.1209082329
107095,1.3921580687524882,,0.0,1.3921580687524882,2.1194923389
107100,1.3921559472398333,,0.0,1.3921559472398333,2.1175755678
107105,1.3921537981251637,,0.0,1.3921537981251637,2.1207663292
107110,1.392151625137253,,0.0,1.392151625137253,2.1271076181
107115,1.3921494303905877,,0.0,1.3921494303905877,2.1309302242
107120,1.392147216636275,,0.0,1.392147216636275,2.135052567
107125,1.3921449868300495,,0.0,1.3921449868300495,2.1392369175
107130,1.3921427442232193,,0.0,1.3921427442232193,2.1421513102
107135,1.3921404921807745,,0.0,1.3921404921807745,2.1429516057
107140,1.3921382342268604,,0.0,1.3921382342268604,2.1459370593
107145,1.392135973931095,,0.0,1.392135973931095,2.1529170967
107150,1.3921337148630963,,0.0,1.3921337148630963,2.1587919012
107155,1.3921314605242732,,0.0,1.3921314605242732,2.1652206104
107160,1.392129214347825,,0.0,1.392129214347825,2.1735103911
107165,1.3921269795850597,,0.0,1.3921269795850597,2.1777969412
107170,1.392124759350867,,0.0,1.392124759350867,2.1786659525
107175,1.3921225565100361,,0.0,1.3921225565100361,2.1780890763
107180,1.3921203736772554,,0.0,1.3921203736772554,2.1748767749
107185,1.3921182131716392,,0.0,1.3921182131716392,2.1758821259
107190,1.392116077039466,,0.0,1.392116077039466,2.1770119471
107195,1.3921139669177576,,0.0,1.3921139669177576,2.1762459227
107200,1.3921118840797537,,0.0,1.3921118840797537,2.1757707475
107205,1.392109829480384,,0.0,1.392109829480384,2.1746258446
107210,1.3921078036653227,,0.0,1.3921078036653227,2.1759810341
107215,1.3921058068164611,,0.0,1.3921058068164611,2.1787607738
107220,1.392103838729171,,0.0,1.392103838729171,2.1796875296
107225,1.3921018989259883,,0.0,1.3921018989259883,2.1764777929
107230,1.3920999865884014,,0.0,1.3920999865884014,2.1709817595
107235,1.392098100670535,,0.0,1.392098100670535,2.1651517639
107240,1.3920962399446224,,0.0,1.3920962399446224,2.1589741396
107245,1.3920944030464786,,0.0,1.3920944030464786,2.1550786924
107250,1.3920925885664452,,0.0,1.3920925885664452,2.1503239159
107255,1.3920907950039187,,0.0,1.3920907950039187,2.1453381894
107260,1.3920890209265044,,0.0,1.3920890209265044,2.1386389301
107265,1.3920872649472809,,0.0,1.3920872649472809,2.1297236298
107270,1.392085525770272,,0.0,1.392085525770272,2.1249074752
107275,1.392083802167711,,0.0,1.392083802167711,2.1225450492
107280,1.3920820930709865,,0.0,1.3920820930709865,2.1179285257
107285,1.3920803976161142,,0.0,1.3920803976161142,2.1118208785
107290,1.3920787151664746,,0.0,1.3920787151664746,2.1042164493
107295,1.392077045335548,,0.0,1.392077045335548,2.0977468039
107300,1.3920753879869163,,0.0,1.3920753879869163,2.0957815743
107305,1.3920737432797343,,0.0,1.3920737432797343,2.0944894623
107310,1.3920721116459942,,0.0,1.3920721116459942,2.0913744317
107315,1.3920704936995791,,0.0,1.3920704936995791,2.0872168285
107320,1.392068890236264,,0.0,1.392068890236264,2.086444095
107325,1.3920673023019239,,0.0,1.3920673023019239,2.0856132886
107330,1.392065730987907,,0.0,1.392065730987907,2.0899451941
107335,1.3920641775219804,,0.0,1.3920641775219804,2.0920594751
107340,1.3920626432228562,,0.0,1.3920626432228562,2.0957337728
107345,1.3920611295001926,,0.0,1.3920611295001926,2.0977693321
107350,1.3920596376499652,,0.0,1.3920596376499652,2.0981560357
107355,1.3920581690136231,,0.0,1.3920581690136231,2.0964212659
107360,1.392056724864406,,0.0,1.392056724864406,2.0968610776
107365,1.3920553063391345,,0.0,1.3920553063391345,2.0984371741
107370,1.392053914460948,,0.0,1.392053914460948,2.1021021522
107375,1.3920525499346752,,0.0,1.3920525499346752,2.1104467905
107380,1.3920512131240987,,0.0,1.3920512131240987,2.1191444621
107385,1.39204990396101,,0.0,1.39204990396101,2.1249905918
107390,1.3920486218542614,,0.0,1.3920486218542614,2.1273413971
107395,1.3920473655533496,,0.0,1.3920473655533496,2.1275637178
107400,1.3920461332393619,,0.0,1.3920461332393619,2.1235864606
107405,1.3920449224340274,,0.0,1.3920449224340274,2.1166172466
107410,1.3920437299315118,,0.0,1.3920437299315118,2.1148388164
107415,1.3920425519348323,,0.0,1.3920425519348323,2.112745519
107420,1.3920413840558599,,0.0,1.3920413840558599,2.1183818171
107425,1.3920402212471092,,0.0,1.3920402212471092,2.1264825348
107430,1.3920390580063666,,0.0,1.3920390580063666,2.1339579946
107435,1.3920378884221625,,0.0,1.3920378884221625,2.1418065114
107440,1.3920367061055634,,0.0,1.3920367061055634,2.1532384772
107445,1.3920355045312156,,0.0,1.3920355045312156,2.1622713819
107450,1.3920342769009304,,0.0,1.3920342769009304,2.1676449482
107455,1.392033016120944,,0.0,1.392033016120944,2.1686606329
107460,1.3920317152111756,,0.0,1.3920317152111756,2.1691491709
107465,1.3920303672142804,,0.0,1.3920303672142804,2.1691937514
107470,1.3920289653548052,,0.0,1.3920289653548052,2.1652975151
107475,1.392027503016452,,0.0,1.392027503016452,2.163311197
107480,1.3920259739467042,,0.0,1.3920259739467042,2.1641622987
107485,1.392024372529667,,0.0,1.392024372529667,2.1657494696
107490,1.3920226938542728,,0.0,1.3920226938542728,2.1695699918
107495,1.39202093380523,,0.0,1.39202093380523,2.1711278058
107500,1.3920190891994395,,0.0,1.3920190891994395,2.1712469654
107505,1.3920171579224145,,0.0,1.3920171579224145,2.172425586
107510,1.3920151389737518,,0.0,1.3920151389737518,2.1713552054
107515,1.3920130324671345,,0.0,1.3920130324671345,2.1772556209
107520,1.3920108397212743,,0.0,1.3920108397212743,2.1839796184
107525,1.3920085632371777,,0.0,1.3920085632371777,2.188298675
107530,1.3920062066299352,,0.0,1.3920062066299352,2.1927872252
107535,1.3920037745832499,,0.0,1.3920037745832499,2.1969511139
107540,1.3920012728949087,,0.0,1.3920012728949087,2.2008003258
107545,1.3919987081584735,,0.0,1.3919987081584735,2.2070076537
107550,1.3919960876268627,,0.0,1.3919960876268627,2.2119990978
107555,1.3919934192123502,,0.0,1.3919934192123502,2.2174630867
107560,1.3919907112137302,,0.0,1.3919907112137302,2.2221662242
107565,1.3919879721571595,,0.0,1.3919879721571595,2.2261888879
107570,1.3919852105233235,,0.0,1.3919852105233235,2.2262077236
107575,1.391982434656488,,0.0,1.391982434656488,2.2203339317
107580,1.3919796523779822,,0.0,1.3919796523779822,2.2121858607
107585,1.3919768709407239,,0.0,1.3919768709407239,2.2008751426
107590,1.3919740968700658,,0.0,1.3919740968700658,2.1909216966
107595,1.391971335690958,,0.0,1.391971335690958,2.1802335599
107600,1.3919685917687934,,0.0,1.3919685917687934,2.1728582913
107605,1.3919658680593068,,0.0,1.3919658680593068,2.1624490434
107610,1.3919631661313108,,0.0,1.3919631661313108,2.1515708695
107615,1.3919604861666968,,0.0,1.3919604861666968,2.1393134926
107620,1.3919578269149617,,0.0,1.3919578269149617,2.1306935044
107625,1.391955185715945,,0.0,1.391955185715945,2.1276036494
107630,1.39195255847709,,0.0,1.39195255847709,2.1278238878
107635,1.3919499399462842,,0.0,1.3919499399462842,2.1287614783
107640,1.3919473235981747,,0.0,1.3919473235981747,2.1288142061
107645,1.3919447019752158,,0.0,1.3919447019752158,2.1258320107
107650,1.3919420667786135,,0.0,1.3919420667786135,2.1220422331
107655,1.3919394091411645,,0.0,1.3919394091411645,2.1142028702
107660,1.391936719786409,,0.0,1.391936719786409,2.1090744293
107665,1.3919339892787326,,0.0,1.3919339892787326,2.1044688397
107670,1.3919312083416755,,0.0,1.3919312083416755,2.1022369284
107675,1.3919283681307704,,0.0,1.3919283681307704,2.1059916304
107680,1.39192546036996,,0.0,1.39192546036996,2.1114508345
107685,1.3919224777381172,,0.0,1.3919224777381172,2.1176326476
107690,1.3919194141418811,,0.0,1.3919194141418811,2.1220421369
107695,1.3919162648748131,,0.0,1.3919162648748131,2.1254529009
107700,1.39191302677655,,0.0,1.39191302677655,2.1266915834
107705,1.3919096983692252,,0.0,1.3919096983692252,2.1257282394
107710,1.3919062800620938,,0.0,1.3919062800620938,2.1281123097
107715,1.3919027740378525,,0.0,1.3919027740378525,2.1313985775
107720,1.391899184457266,,0.0,1.391899184457266,2.1354480725
107725,1.3918955172772767,,0.0,1.3918955172772767,2.1368090039
107730,1.3918917802055306,,0.0,1.3918917802055306,2.1383718813
107735,1.3918879825639607,,0.0,1.3918879825639607,2.1400692326
107740,1.3918841351523663,,0.0,1.3918841351523663,2.1435835878
107745,1.391880249930105,,0.0,1.391880249930105,2.1469645374
107750,1.3918763398341993,,0.0,1.3918763398341993,2.154744542
107755,1.3918724185065023,,0.0,1.3918724185065023,2.1629535433
107760,1.3918684999981212,,0.0,1.3918684999981212,2.1717717004
107765,1.3918645985420555,,0.0,1.3918645985420555,2.1809542657
107770,1.3918607282576223,,0.0,1.3918607282576223,2.188209693
107775,1.3918569028548828,,0.0,1.3918569028548828,2.1918778647
107780,1.3918531354300159,,0.0,1.3918531354300159,2.1913273592
107785,1.3918494382606879,,0.0,1.3918494382606879,2.1868816707
107790,1.3918458225786907,,0.0,1.3918458225786907,2.1858288225
107795,1.391842298478995,,0.0,1.391842298478995,2.1870577441
107800,1.391838874715123,,0.0,1.391838874715123,2.1878613454
107805,1.3918355586309379,,0.0,1.3918355586309379,2.1884439236
107810,1.3918323561606456,,0.0,1.3918323561606456,2.1866092022
107815,1.3918292716696394,,0.0,1.3918292716696394,2.1867834918
107820,1.391826308045444,,0.0,1.391826308045444,2.1882060038
107825,1.3918234666522449,,0.0,1.3918234666522449,2.191103375
107830,1.3918207473990964,,0.0,1.3918207473990964,2.1920638802
107835,1.3918181488308679,,0.0,1.3918181488308679,2.1891349579
107840,1.3918156681055063,,0.0,1.3918156681055063,2.1843346367
107845,1.3918133011531926,,0.0,1.3918133011531926,2.1829227764
107850,1.3918110427218138,,0.0,1.3918110427218138,2.1819842947
107855,1.3918088864906448,,0.0,1.3918088864906448,2.176965265
107860,1.3918068251840312,,0.0,1.3918068251840312,2.1693903258
107865,1.3918048507305436,,0.0,1.3918048507305436,2.1607589235
107870,1.391802954308451,,0.0,1.391802954308451,2.1514912783
107875,1.3918011265276116,,0.0,1.3918011265276116,2.1455417345
107880,1.391799357611365,,0.0,1.391799357611365,2.1426827772
107885,1.3917976373965306,,0.0,1.3917976373965306,2.1379879593
107890,1.391795955560774,,0.0,1.391795955560774,2.1315884122
107895,1.3917943017135512,,0.0,1.3917943017135512,2.1251223495
107900,1.3917926655779997,,0.0,1.3917926655779997,2.1205308153
107905,1.3917910370136763,,0.0,1.3917910370136763,2.1194588938
107910,1.3917894062666567,,0.0,1.3917894062666567,2.1196172347
107915,1.3917877639695353,,0.0,1.3917877639695353,2.1162588601
107920,1.3917861013460542,,0.0,1.3917861013460542,2.1104676796
107925,1.3917844101883652,,0.0,1.3917844101883652,2.1058306418
107930,1.391782683107132,,0.0,1.391782683107132,2.1033300989
107935,1.39178091346332,,0.0,1.39178091346332,2.1046769287
107940,1.3917790954591411,,0.0,1.3917790954591411,2.1067426978
107945,1.391777224251739,,0.0,1.391777224251739,2.1120016885
107950,1.3917752958849756,,0.0,1.3917752958849756,2.115261001
107955,1.3917733073803802,,0.0,1.3917733073803802,2.1171040689
107960,1.3917712567598841,,0.0,1.3917712567598841,2.1177847972
107965,1.3917691427502479,,0.0,1.3917691427502479,2.121310758
107970,1.3917669649876887,,0.0,1.3917669649876887,2.1231207197
107975,1.3917647238359894,,0.0,1.3917647238359894,2.1231755494
107980,1.3917624204319707,,0.0,1.3917624204319707,2.1290653994
107985,1.3917600564808648,,0.0,1.3917600564808648,2.1378340146
107990,1.3917576343472586,,0.0,1.3917576343472586,2.1437750955
107995,1.3917551567822595,,0.0,1.3917551567822595,2.1466847933
108000,1.3917526269689662,,0.0,1.3917526269689662,2.148049865
108005,1.3917500483633147,,0.0,1.3917500483633147,2.1469384563
108010,1.3917474246940778,,0.0,1.3917474246940778,2.1430502818
108015,1.3917447598491834,,0.0,1.3917447598491834,2.1428239153
108020,1.391742057739296,,0.0,1.391742057739296,2.143987501
108025,1.391739322388762,,0.0,1.391739322388762,2.1508971751
108030,1.391736557685509,,0.0,1.391736557685509,2.1571098222
108035,1.391733767540202,,0.0,1.391733767540202,2.1613311383
108040,1.3917309555906672,,0.0,1.3917309555906672,2.1707279504
108045,1.3917281254519962,,0.0,1.3917281254519962,2.1805187894
108050,1.3917252810348535,,0.0,1.3917252810348535,2.1889902056
108055,1.39172242588612,,0.0,1.39172242588612,2.1951082796
108060,1.391719562916058,,0.0,1.391719562916058,2.1970211484
108065,1.3917166948757742,,0.0,1.3917166948757742,2.1974986544
108070,1.3917138243117477,,0.0,1.3917138243117477,2.1983910632
108075,1.3917109535203571,,0.0,1.3917109535203571,2.1963128824
108080,1.3917080845706167,,0.0,1.3917080845706167,2.1952102713
108085,1.3917052192814396,,0.0,1.3917052192814396,2.1992547519
108090,1.3917023591761666,,0.0,1.3917023591761666,2.204565845
108095,1.3916995055053005,,0.0,1.3916995055053005,2.2103847825
108100,1.3916966592465074,,0.0,1.3916966592465074,2.2138842079
108105,1.3916938210818803,,0.0,1.3916938210818803,2.2147585944
108110,1.3916909914434106,,0.0,1.3916909914434106,2.217229522
108115,1.391688170467517,,0.0,1.391688170467517,2.2164723191
108120,1.3916853580405177,,0.0,1.3916853580405177,2.2196078953
108125,1.391682553707684,,0.0,1.391682553707684,2.2234765755
108130,1.3916797567869235,,0.0,1.3916797567869235,2.2290060878
108135,1.391676966368779,,0.0,1.391676966368779,2.2369078732
108140,1.3916741812027478,,0.0,1.3916741812027478,2.2420563971
108145,1.391671399901908,,0.0,1.391671399901908,2.2455466891
108150,1.3916686208292375,,0.0,1.3916686208292375,2.253126571
108155,1.3916658422112953,,0.0,1.3916658422112953,2.2594581788
108160,1.3916630621154857,,0.0,1.3916630621154857,2.2632626779
108165,1.3916602785182672,,0.0,1.3916602785182672,2.2680703719
108170,1.3916574892824167,,0.0,1.3916574892824167,2.267585895
108175,1.3916546922707107,,0.0,1.3916546922707107,2.2667018611
108180,1.3916518853686612,,0.0,1.3916518853686612,2.2626581592
108185,1.3916490665299914,,0.0,1.3916490665299914,2.2577070365
108190,1.391646233776632,,0.0,1.391646233776632,2.2511959675
108195,1.3916433851987242,,0.0,1.3916433851987242,2.2411479621
108200,1.3916405184998892,,0.0,1.3916405184998892,2.2306218682
108205,1.39163763156564,,0.0,1.39163763156564,2.2226527209
108210,1.391634722736218,,0.0,1.391634722736218,2.2132564299
108215,1.3916317911703755,,0.0,1.3916317911703755,2.2031372258
108220,1.3916288369590584,,0.0,1.3916288369590584,2.192919701
108225,1.3916258609662504,,0.0,1.3916258609662504,2.1824887844
108230,1.3916228647607645,,0.0,1.3916228647607645,2.1755940175
108235,1.3916198505935065,,0.0,1.3916198505935065,2.1719007757
108240,1.391616821147374,,0.0,1.391616821147374,2.1693871106
108245,1.3916137796282022,,0.0,1.3916137796282022,2.1669398016
108250,1.3916107296283458,,0.0,1.3916107296283458,2.1636088652
108255,1.3916076751039415,,0.0,1.3916076751039415,2.1583671582
108260,1.3916046202384909,,0.0,1.3916046202384909,2.1493511242
108265,1.3916015694428598,,0.0,1.3916015694428598,2.1398518726
108270,1.3915985271051767,,0.0,1.3915985271051767,2.13658092
108275,1.3915954976590443,,0.0,1.3915954976590443,2.1372520344
108280,1.3915924853107,,0.0,1.3915924853107,2.143136727
108285,1.391589494061754,,0.0,1.391589494061754,2.1504897257
108290,1.3915865275272965,,0.0,1.3915865275272965,2.1544585901
108295,1.391583588981373,,0.0,1.391583588981373,2.1593041703
108300,1.3915806811978264,,0.0,1.3915806811978264,2.1609556932
108305,1.3915778065412443,,0.0,1.3915778065412443,2.1607664042
108310,1.3915749668305404,,0.0,1.3915749668305404,2.1586226653
108315,1.3915721634753726,,0.0,1.3915721634753726,2.1622506473
108320,1.391569397430671,,0.0,1.391569397430671,2.1678505726
108325,1.3915666692648458,,0.0,1.3915666692648458,2.1706300362
108330,1.3915639791597885,,0.0,1.3915639791597885,2.1718618195
108335,1.3915613268653984,,0.0,1.3915613268653984,2.1734967386
108340,1.391558711881474,,0.0,1.391558711881474,2.1755877678
108345,1.391556133412241,,0.0,1.391556133412241,2.1778307885
108350,1.3915535902981417,,0.0,1.3915535902981417,2.178633504
108355,1.391551081220464,,0.0,1.391551081220464,2.1840679563
108360,1.3915486045649215,,0.0,1.3915486045649215,2.1932973428
108365,1.3915461585353375,,0.0,1.3915461585353375,2.2002950345
108370,1.3915437411536435,,0.0,1.3915437411536435,2.2076054995
108375,1.3915413502826155,,0.0,1.3915413502826155,2.2111897981
108380,1.391538983671348,,0.0,1.391538983671348,2.2132570502
108385,1.3915366389552537,,0.0,1.3915366389552537,2.2137452628
108390,1.3915343137924807,,0.0,1.3915343137924807,2.2114199064
108395,1.3915320057502325,,0.0,1.3915320057502325,2.2098906089
108400,1.3915297125548667,,0.0,1.3915297125548667,2.2101145761
108405,1.3915274319327413,,0.0,1.3915274319327413,2.2094626325
108410,1.3915251617693696,,0.0,1.3915251617693696,2.2095843597
108415,1.3915229000866824,,0.0,1.3915229000866824,2.2069376011
108420,1.3915206451567126,,0.0,1.3915206451567126,2.2057848248
108425,1.3915183954333825,,0.0,1.3915183954333825,2.2047306916
108430,1.3915161496434534,,0.0,1.3915161496434534,2.2037491302
108435,1.391513906763786,,0.0,1.391513906763786,2.2030023997
108440,1.3915116659531332,,0.0,1.3915116659531332,2.199173969
108445,1.3915094265521382,,0.0,1.3915094265521382,2.1959601806
108450,1.3915071880606,,0.0,1.3915071880606,2.1956612766
108455,1.3915049501147359,,0.0,1.3915049501147359,2.1945103001
108460,1.3915027123734995,,0.0,1.3915027123734995,2.1888425956
108465,1.391500474564054,,0.0,1.391500474564054,2.1799340122
108470,1.39149823629988,,0.0,1.39149823629988,2.170645869
108475,1.3914959970807765,,0.0,1.3914959970807765,2.1608550384
108480,1.391493756247387,,0.0,1.391493756247387,2.154143904
108485,1.3914915129129912,,0.0,1.3914915129129912,2.1524177065
108490,1.391489265940768,,0.0,1.391489265940768,2.1483945294
108495,1.3914870138528506,,0.0,1.3914870138528506,2.1430843018
108500,1.3914847548530613,,0.0,1.3914847548530613,2.1362152214
108505,1.391482486826913,,0.0,1.391482486826913,2.1315399335
108510,1.3914802073416088,,0.0,1.3914802073416088,2.1291909039
108515,1.3914779136915145,,0.0,1.3914779136915145,2.1281459733
108520,1.3914756028526865,,0.0,1.3914756028526865,2.1232631472
108525,1.3914732716647622,,0.0,1.3914732716647622,2.1166323793
108530,1.391470916785488,,0.0,1.391470916785488,2.1113464387
108535,1.3914685348044002,,0.0,1.3914685348044002,2.1055986016
108540,1.3914661222200908,,0.0,1.3914661222200908,2.1035493334
108545,1.3914636756220964,,0.0,1.3914636756220964,2.103835552
108550,1.3914611917363724,,0.0,1.3914611917363724,2.1076560549
108555,1.3914586673570835,,0.0,1.3914586673570835,2.11359672
108560,1.3914560995512315,,0.0,1.3914560995512315,2.1160373314
108565,1.3914534857041285,,0.0,1.3914534857041285,2.1175193914
108570,1.3914508234739225,,0.0,1.3914508234739225,2.1210126317
108575,1.3914481108825454,,0.0,1.3914481108825454,2.1240857434
108580,1.3914453464066565,,0.0,1.3914453464066565,2.127552282
108585,1.3914425289094354,,0.0,1.3914425289094354,2.1295952109
108590,1.391439657754262,,0.0,1.391439657754262,2.1367734758
108595,1.3914367327365087,,0.0,1.3914367327365087,2.1430049665
108600,1.3914337540835395,,0.0,1.3914337540835395,2.1450841182
108605,1.3914307225456564,,0.0,1.3914307225456564,2.1438991623
108610,1.3914276392142073,,0.0,1.3914276392142073,2.1402510538
108615,1.391424505680742,,0.0,1.391424505680742,2.1368407671
108620,1.391421324241639,,0.0,1.391421324241639,2.1356048801
108625,1.3914180974206405,,0.0,1.3914180974206405,2.1377338486
108630,1.391414827650544,,0.0,1.391414827650544,2.1414630882
108635,1.3914115175233013,,0.0,1.3914115175233013,2.1460397046
108640,1.391408169790019,,0.0,1.391408169790019,2.1476422144
108645,1.391404787360959,,0.0,1.391404787360959,2.1533473958
108650,1.391401373009965,,0.0,1.391401373009965,2.1619129748
108655,1.3913979295336163,,0.0,1.3913979295336163,2.1692442726
108660,1.3913944595466012,,0.0,1.3913944595466012,2.1744567941
108665,1.3913909655726626,,0.0,1.3913909655726626,2.1768727876
108670,1.3913874499763883,,0.0,1.3913874499763883,2.1774739498
108675,1.3913839149404745,,0.0,1.3913839149404745,2.1761561216
108680,1.391380362511199,,0.0,1.391380362511199,2.1749367856
108685,1.3913767946211575,,0.0,1.3913767946211575,2.1728708631
108690,1.3913732131120005,,0.0,1.3913732131120005,2.1748075031
108695,1.3913696197344314,,0.0,1.3913696197344314,2.1785879301
108700,1.3913660162846286,,0.0,1.3913660162846286,2.1851375771
108705,1.3913624046042414,,0.0,1.3913624046042414,2.189024567
108710,1.3913587866031294,,0.0,1.3913587866031294,2.1895375194
108715,1.3913551643957796,,0.0,1.3913551643957796,2.1910879279
108720,1.3913515403467798,,0.0,1.3913515403467798,2.1929037293
108725,1.3913479169343996,,0.0,1.3913479169343996,2.1981828473
108730,1.3913442968642733,,0.0,1.3913442968642733,2.2030730155
108735,1.391340683023926,,0.0,1.391340683023926,2.2091003261
108740,1.3913370784145658,,0.0,1.3913370784145658,2.2148080079
108745,1.3913334861056088,,0.0,1.3913334861056088,2.2207142941
108750,1.3913299091209992,,0.0,1.3913299091209992,2.2253528595
108755,1.391326350325526,,0.0,1.391326350325526,2.2332098109
108760,1.3913228123338777,,0.0,1.3913228123338777,2.2397331064
108765,1.391319297374223,,0.0,1.391319297374223,2.2444176154
108770,1.3913158071745302,,0.0,1.3913158071745302,2.2491848529
108775,1.391312342962566,,0.0,1.391312342962566,2.2492253723
108780,1.3913089054886323,,0.0,1.3913089054886323,2.2501219675
108785,1.391305495139248,,0.0,1.391305495139248,2.2460303745
108790,1.3913021108458017,,0.0,1.3913021108458017,2.2391877172
108795,1.391298750857589,,0.0,1.391298750857589,2.228155529
108800,1.3912954126736032,,0.0,1.3912954126736032,2.2167553099
108805,1.3912920931789552,,0.0,1.3912920931789552,2.2070133897
108810,1.3912887886221355,,0.0,1.3912887886221355,2.1987926449
108815,1.3912854948878517,,0.0,1.3912854948878517,2.1890791528
108820,1.3912822073151379,,0.0,1.3912822073151379,2.1802618591
108825,1.3912789208337724,,0.0,1.3912789208337724,2.1701848085
108830,1.3912756303053238,,0.0,1.3912756303053238,2.1605450929
108835,1.3912723309324078,,0.0,1.3912723309324078,2.1555035074
108840,1.391269018258686,,0.0,1.391269018258686,2.1516482421
108845,1.3912656883052845,,0.0,1.3912656883052845,2.1514238025
108850,1.3912623376162676,,0.0,1.3912623376162676,2.1490094787
108855,1.3912589633723191,,0.0,1.3912589633723191,2.1451739718
108860,1.3912555634589518,,0.0,1.3912555634589518,2.1372024638
108865,1.391252136466508,,0.0,1.391252136466508,2.1263088159
108870,1.3912486818720495,,0.0,1.3912486818720495,2.1193965615
108875,1.391245199948414,,0.0,1.391245199948414,2.1174096373
108880,1.391241691786949,,0.0,1.391241691786949,2.1184150561
108885,1.3912381594111962,,0.0,1.3912381594111962,2.1232864307
108890,1.3912346055722629,,0.0,1.3912346055722629,2.1296679911
108895,1.3912310339079754,,0.0,1.3912310339079754,2.1349222875
108900,1.3912274487382548,,0.0,1.3912274487382548,2.1386539113
108905,1.3912238551105853,,0.0,1.3912238551105853,2.1387777685
108910,1.3912202586863363,,0.0,1.3912202586863363,2.1377801614
108915,1.3912166656270775,,0.0,1.3912166656270775,2.1428958673
108920,1.3912130824354252,,0.0,1.3912130824354252,2.1502703835
108925,1.3912095160914604,,0.0,1.3912095160914604,2.156366617
108930,1.3912059736434734,,0.0,1.3912059736434734,2.161766958
108935,1.3912024623671189,,0.0,1.3912024623671189,2.1650664439
108940,1.39119898935616,,0.0,1.39119898935616,2.1666499653
108945,1.3911955616134142,,0.0,1.3911955616134142,2.1667347071
108950,1.391192185823389,,0.0,1.391192185823389,2.1674126561
108955,1.3911888683977554,,0.0,1.3911888683977554,2.1688585039
108960,1.391185615338928,,0.0,1.391185615338928,2.1724687341
108965,1.3911824322173296,,0.0,1.3911824322173296,2.1799514006
108970,1.3911793240122365,,0.0,1.3911793240122365,2.1865538277
108975,1.391176295202724,,0.0,1.391176295202724,2.1944214692
108980,1.39117334960851,,0.0,1.39117334960851,2.2011987304
108985,1.3911704904581668,,0.0,1.3911704904581668,2.2042986935
108990,1.3911677203436457,,0.0,1.3911677203436457,2.2046329263
108995,1.3911650411975431,,0.0,1.3911650411975431,2.2023884612
109000,1.39116245440678,,0.0,1.39116245440678,2.2012347315
109005,1.391159960676186,,0.0,1.391159960676186,2.2008694053
109010,1.3911575601876522,,0.0,1.3911575601876522,2.2002285383
109015,1.391155252645605,,0.0,1.391155252645605,2.2009120157
109020,1.391153037186061,,0.0,1.391153037186061,2.1996906446
109025,1.3911509130132447,,0.0,1.3911509130132447,2.1988175877
109030,1.3911488786720256,,0.0,1.3911488786720256,2.1970882464
109035,1.3911469319797074,,0.0,1.3911469319797074,2.1947683669
109040,1.3911450705034931,,0.0,1.3911450705034931,2.1909739198
109045,1.3911432914695392,,0.0,1.3911432914695392,2.1886526886
109050,1.3911415918084291,,0.0,1.3911415918084291,2.1846732542
109055,1.3911399680869632,,0.0,1.3911399680869632,2.1814581285
109060,1.391138416690051,,0.0,1.391138416690051,2.1795894649
109065,1.3911369336615544,,0.0,1.3911369336615544,2.1741634376
109070,1.3911355148861826,,0.0,1.3911355148861826,2.1662072515
109075,1.391134156044015,,0.0,1.391134156044015,2.1582122643
109080,1.391132852678713,,0.0,1.391132852678713,2.1495605039
109085,1.391131600288466,,0.0,1.391131600288466,2.1449416232
109090,1.391130394303253,,0.0,1.391130394303253,2.1432733398
109095,1.3911292302894718,,0.0,1.3911292302894718,2.1388146708
109100,1.3911281038817305,,0.0,1.3911281038817305,2.1332962343
109105,1.3911270109419998,,0.0,1.3911270109419998,2.1292820332
109110,1.3911259476505615,,0.0,1.3911259476505615,2.1249033597
109115,1.39112491048327,,0.0,1.39112491048327,2.1235642144
109120,1.391123896370709,,0.0,1.391123896370709,2.1205826652
109125,1.391122902629981,,0.0,1.391122902629981,2.1192838104
109130,1.3911219269874435,,0.0,1.3911219269874435,2.1161082163
109135,1.3911209676923921,,0.0,1.3911209676923921,2.110049373
109140,1.3911200233579055,,0.0,1.3911200233579055,2.1061154553
109145,1.391119092983581,,0.0,1.391119092983581,2.1032922068
109150,1.3911181759555353,,0.0,1.3911181759555353,2.1023259223
109155,1.391117271932722,,0.0,1.391117271932722,2.1016524688
109160,1.39111638073325,,0.0,1.39111638073325,2.1051273937
109165,1.3911155023571191,,0.0,1.3911155023571191,2.1065461508
109170,1.3911146368270657,,0.0,1.3911146368270657,2.1084227418
109175,1.3911137841203536,,0.0,1.3911137841203536,2.1112736152
109180,1.3911129440778274,,0.0,1.3911129440778274,2.1149329233
109185,1.3911121162674955,,0.0,1.3911121162674955,2.1180593635
109190,1.3911113000527382,,0.0,1.3911113000527382,2.1242275699
109195,1.3911104943649435,,0.0,1.3911104943649435,2.1326635183
109200,1.3911096978626625,,0.0,1.3911096978626625,2.1372180833
109205,1.3911089087042452,,0.0,1.3911089087042452,2.1377889155
109210,1.3911081247069956,,0.0,1.3911081247069956,2.1379405699
109215,1.3911073433244343,,0.0,1.3911073433244343,2.1341243695
109220,1.391106561669036,,0.0,1.391106561669036,2.1339469207
109225,1.3911057766031747,,0.0,1.3911057766031747,2.1345270463
109230,1.3911049848073327,,0.0,1.3911049848073327,2.1372279258
109235,1.39110418291652,,0.0,1.39110418291652,2.1409182282
109240,1.3911033676794287,,0.0,1.3911033676794287,2.1483716841
109245,1.391102536367688,,0.0,1.391102536367688,2.1543513626
109250,1.3911016863893462,,0.0,1.3911016863893462,2.1601483801
109255,1.3911008154025521,,0.0,1.3911008154025521,2.1668390196
109260,1.3910999217475466,,0.0,1.3910999217475466,2.173433506
109265,1.3910990043784546,,0.0,1.3910990043784546,2.1782586087
109270,1.3910980630224392,,0.0,1.3910980630224392,2.1810240739
109275,1.3910970982024375,,0.0,1.3910970982024375,2.1823713497
109280,1.3910961112144262,,0.0,1.3910961112144262,2.18070052
109285,1.391095104172892,,0.0,1.391095104172892,2.1777724746
109290,1.3910940798744147,,0.0,1.3910940798744147,2.1750473561
109295,1.3910930417521938,,0.0,1.3910930417521938,2.1773498211
109300,1.3910919937851027,,0.0,1.3910919937851027,2.1799669895
109305,1.3910909402930618,,0.0,1.3910909402930618,2.1841131472
109310,1.3910898858915637,,0.0,1.3910898858915637,2.1854747848
109315,1.3910888352643114,,0.0,1.3910888352643114,2.1849804157
109320,1.3910877929585892,,0.0,1.3910877929585892,2.1863711746
109325,1.3910867633397894,,0.0,1.3910867633397894,2.1890626704
109330,1.3910857503185767,,0.0,1.3910857503185767,2.1978385604
109335,1.391084757259941,,0.0,1.391084757259941,2.2071821065
109340,1.3910837868013073,,0.0,1.3910837868013073,2.2138666121
109345,1.3910828407388527,,0.0,1.3910828407388527,2.2202086246
109350,1.3910819199365614,,0.0,1.3910819199365614,2.2244350133
109355,1.391081024235278,,0.0,1.391081024235278,2.2330879555
109360,1.3910801523162906,,0.0,1.3910801523162906,2.2409861104
109365,1.391079301701329,,0.0,1.391079301701329,2.2460550025
109370,1.3910784686843567,,0.0,1.3910784686843567,2.2489138777
109375,1.3910776483315708,,0.0,1.3910776483315708,2.2524441957
109380,1.3910768344586646,,0.0,1.3910768344586646,2.2526780683
109385,1.3910760196763017,,0.0,1.3910760196763017,2.2495202352
109390,1.391075195390115,,0.0,1.391075195390115,2.2423457816
109395,1.3910743519371258,,0.0,1.3910743519371258,2.2332845854
109400,1.3910734785630074,,0.0,1.3910734785630074,2.2211775189
109405,1.3910725636949217,,0.0,1.3910725636949217,2.2087804567
109410,1.3910715950097288,,0.0,1.3910715950097288,2.1990055812
109415,1.3910705596386148,,0.0,1.3910705596386148,2.1891365301
109420,1.3910694445081377,,0.0,1.3910694445081377,2.1781686721
109425,1.3910682365221199,,0.0,1.3910682365221199,2.1629935763
109430,1.391066922879956,,0.0,1.391066922879956,2.1544023416
109435,1.3910654913721883,,0.0,1.3910654913721883,2.1502015669
109440,1.3910639306988164,,0.0,1.3910639306988164,2.1456561787
109445,1.3910622307648692,,0.0,1.3910622307648692,2.1434677892
109450,1.391060382930507,,0.0,1.391060382930507,2.1398988169
109455,1.3910583805339587,,0.0,1.3910583805339587,2.1372635845
109460,1.3910562189824673,,0.0,1.3910562189824673,2.1328273488
109465,1.3910538954794531,,0.0,1.3910538954794531,2.1261690974
109470,1.3910514095474515,,0.0,1.3910514095474515,2.1180521503
109475,1.3910487630735848,,0.0,1.3910487630735848,2.1141994661
109480,1.391045960355037,,0.0,1.391045960355037,2.1119769957
109485,1.3910430080081062,,0.0,1.3910430080081062,2.1114390748
109490,1.3910399149682058,,0.0,1.3910399149682058,2.116566376
109495,1.3910366922624995,,0.0,1.3910366922624995,2.1236438201
109500,1.3910333528507473,,0.0,1.3910333528507473,2.1289010536
109505,1.3910299113752034,,0.0,1.3910299113752034,2.1339190555
109510,1.3910263838423083,,0.0,1.3910263838423083,2.1345706068
109515,1.39102278734985,,0.0,1.39102278734985,2.130627413
109520,1.3910191396777092,,0.0,1.3910191396777092,2.1299987883
109525,1.3910154589695496,,0.0,1.3910154589695496,2.1371882156
109530,1.3910117633462982,,0.0,1.3910117633462982,2.1444630619
109535,1.3910080705423629,,0.0,1.3910080705423629,2.1510259452
109540,1.391004397564586,,0.0,1.391004397564586,2.156729031
109545,1.3910007603739352,,0.0,1.3910007603739352,2.1585298315
109550,1.3909971737036106,,0.0,1.3909971737036106,2.1598239395
109555,1.390993650672527,,0.0,1.390993650672527,2.1599701719
109560,1.390990202762576,,0.0,1.390990202762576,2.1613437202
109565,1.3909868396594736,,0.0,1.3909868396594736,2.1621612638
109570,1.3909835692527572,,0.0,1.3909835692527572,2.1681567225
109575,1.3909803978631519,,0.0,1.3909803978631519,2.1743798592
109580,1.390977330151624,,0.0,1.390977330151624,2.1821521747
109585,1.3909743693467447,,0.0,1.3909743693467447,2.1872902406
109590,1.390971517312901,,0.0,1.390971517312901,2.1883596985
109595,1.390968774732185,,0.0,1.390968774732185,2.18617719
109600,1.390966141218078,,0.0,1.390966141218078,2.1841798725
109605,1.3909636154291312,,0.0,1.3909636154291312,2.1838622564
109610,1.3909611951599117,,0.0,1.3909611951599117,2.1856926425
109615,1.3909588775456303,,0.0,1.3909588775456303,2.1870844679
109620,1.3909566590848788,,0.0,1.3909566590848788,2.1873344393
109625,1.3909545357305737,,0.0,1.3909545357305737,2.1881065846
109630,1.3909525029581677,,0.0,1.3909525029581677,2.1897060457
109635,1.3909505558565938,,0.0,1.3909505558565938,2.1915954786
109640,1.390948689173739,,0.0,1.390948689173739,2.1910278718
109645,1.3909468976347539,,0.0,1.3909468976347539,2.1865859229
109650,1.3909451753054325,,0.0,1.3909451753054325,2.1858936581
109655,1.390943515910523,,0.0,1.390943515910523,2.1825363869
109660,1.390941913038355,,0.0,1.390941913038355,2.1797219148
109665,1.3909403599816839,,0.0,1.3909403599816839,2.1774573326
109670,1.3909388498513744,,0.0,1.3909388498513744,2.1713374126
109675,1.390937375621873,,0.0,1.390937375621873,2.1629522204
109680,1.3909359302903619,,0.0,1.3909359302903619,2.1541919875
109685,1.3909345068767602,,0.0,1.3909345068767602,2.1456292936
109690,1.390933098582878,,0.0,1.390933098582878,2.1390843046
109695,1.3909316989060991,,0.0,1.3909316989060991,2.1391300654
109700,1.3909303017757995,,0.0,1.3909303017757995,2.1366385041
109705,1.3909289018034472,,0.0,1.3909289018034472,2.1307079004
109710,1.3909274942371306,,0.0,1.3909274942371306,2.126280738
109715,1.3909260750752395,,0.0,1.3909260750752395,2.1232406242
109720,1.390924641248357,,0.0,1.390924641248357,2.1207218066
109725,1.3909231906874693,,0.0,1.3909231906874693,2.1186933057
109730,1.390921722301228,,0.0,1.390921722301228,2.1144378361
109735,1.3909202361123691,,0.0,1.3909202361123691,2.109420075
109740,1.3909187331667687,,0.0,1.3909187331667687,2.1028835296
109745,1.3909172155789136,,0.0,1.3909172155789136,2.100443437
109750,1.3909156864636933,,0.0,1.3909156864636933,2.0970278626
109755,1.3909141498227178,,0.0,1.3909141498227178,2.0946353506
109760,1.3909126104533718,,0.0,1.3909126104533718,2.0936346656
109765,1.390911073744187,,0.0,1.390911073744187,2.0974431898
109770,1.3909095455611598,,0.0,1.3909095455611598,2.0991775817
109775,1.3909080320203873,,0.0,1.3909080320203873,2.1002085601
109780,1.390906539419858,,0.0,1.390906539419858,2.102863194
109785,1.3909050739666151,,0.0,1.3909050739666151,2.1051130321
109790,1.3909036417540186,,0.0,1.3909036417540186,2.1081193698
109795,1.3909022485116467,,0.0,1.3909022485116467,2.1146039238
109800,1.3909008996280312,,0.0,1.3909008996280312,2.1224707788
109805,1.3908995999460294,,0.0,1.3908995999460294,2.1272594079
109810,1.3908983538537707,,0.0,1.3908983538537707,2.1283578599
109815,1.3908971653073923,,0.0,1.3908971653073923,2.128150699
109820,1.3908960373535741,,0.0,1.3908960373535741,2.1258341527
109825,1.3908949722886947,,0.0,1.3908949722886947,2.1236571702
109830,1.3908939718407227,,0.0,1.3908939718407227,2.1238480071
109835,1.390893037032796,,0.0,1.390893037032796,2.1287531037
109840,1.3908921683423803,,0.0,1.3908921683423803,2.1308463689
109845,1.3908913655875839,,0.0,1.3908913655875839,2.1374775996
109850,1.3908906281317868,,0.0,1.3908906281317868,2.1427593106
109855,1.3908899548154319,,0.0,1.3908899548154319,2.1462275085
109860,1.3908893442743337,,0.0,1.3908893442743337,2.1505925563
109865,1.3908887944622146,,0.0,1.3908887944622146,2.1556283054
109870,1.3908883029008046,,0.0,1.3908883029008046,2.1593759776
109875,1.3908878668162605,,0.0,1.3908878668162605,2.1597561747
109880,1.390887483161902,,0.0,1.390887483161902,2.1592538946
109885,1.3908871485500025,,0.0,1.3908871485500025,2.158815236
109890,1.390886859388207,,0.0,1.390886859388207,2.1556283119
109895,1.3908866117885887,,0.0,1.3908866117885887,2.1539489524
109900,1.390886401499436,,0.0,1.390886401499436,2.1581552608
109905,1.3908862240189381,,0.0,1.3908862240189381,2.1626409931
109910,1.390886074390555,,0.0,1.390886074390555,2.1675127116
109915,1.390885947203019,,0.0,1.390885947203019,2.1694954594
109920,1.3908858365903336,,0.0,1.3908858365903336,2.1687162878
109925,1.390885736186301,,0.0,1.390885736186301,2.1717129797
109930,1.3908856388744215,,0.0,1.3908856388744215,2.1752105141
109935,1.390885537015258,,0.0,1.390885537015258,2.1823724307
109940,1.3908854222872804,,0.0,1.3908854222872804,2.1883416243
109945,1.390885285823285,,0.0,1.390885285823285,2.1946888114
109950,1.3908851182558661,,0.0,1.3908851182558661,2.2000965789
109955,1.3908849098083638,,0.0,1.3908849098083638,2.2033753184
109960,1.3908846505676977,,0.0,1.3908846505676977,2.2096632522
109965,1.390884330507107,,0.0,1.390884330507107,2.2197657273
109970,1.3908839398271946,,0.0,1.3908839398271946,2.2249879868
109975,1.3908834691605552,,0.0,1.3908834691605552,2.2263227283
109980,1.3908829098446123,,0.0,1.3908829098446123,2.2300353257
109985,1.3908822542399288,,0.0,1.3908822542399288,2.2311873465
109990,1.3908814959120979,,0.0,1.3908814959120979,2.2292171838
109995,1.3908806299273162,,0.0,1.3908806299273162,2.2247689452
110000,1.3908796531024845,,0.0,1.3908796531024845,2.2179261792
110005,1.3908785639597363,,0.0,1.3908785639597363,2.2070049191
110010,1.3908773641133567,,0.0,1.3908773641133567,2.1952137972
110015,1.3908760560416158,,0.0,1.3908760560416158,2.1843818897
110020,1.3908746448147353,,0.0,1.3908746448147353,2.1749247631
110025,1.39087313770837,,0.0,1.39087313770837,2.1643272849
110030,1.3908715440899249,,0.0,1.3908715440899249,2.1531020952
110035,1.3908698754640287,,0.0,1.3908698754640287,2.1417937491
110040,1.3908681450860143,,0.0,1.3908681450860143,2.1332998087
110045,1.3908663675526645,,0.0,1.3908663675526645,2.1290691399
110050,1.3908645584838992,,0.0,1.3908645584838992,2.1257284332
110055,1.3908627344773055,,0.0,1.3908627344773055,2.1230639716
110060,1.3908609130399276,,0.0,1.3908609130399276,2.1190356132
110065,1.3908591120880642,,0.0,1.3908591120880642,2.1126528212
110070,1.390857349628961,,0.0,1.390857349628961,2.1041440163
110075,1.390855643328816,,0.0,1.390855643328816,2.0919708492
110080,1.39085401008079,,0.0,1.39085401008079,2.0871313902
110085,1.3908524656639587,,0.0,1.3908524656639587,2.085576863
110090,1.3908510244477397,,0.0,1.3908510244477397,2.0865161189
110095,1.3908496990963195,,0.0,1.3908496990963195,2.0942014989
110100,1.3908485004549702,,0.0,1.3908485004549702,2.1026101276
110105,1.3908474374363688,,0.0,1.3908474374363688,2.1076403593
110110,1.3908465168387052,,0.0,1.3908465168387052,2.1105202233
110115,1.3908457434593637,,0.0,1.3908457434593637,2.1099858547
110120,1.390845120117661,,0.0,1.390845120117661,2.1077898511
110125,1.3908446476775806,,0.0,1.3908446476775806,2.1100665311
110130,1.3908443251159837,,0.0,1.3908443251159837,2.1158779671
110135,1.3908441497727093,,0.0,1.3908441497727093,2.1223732918
110140,1.3908441175097288,,0.0,1.3908441175097288,2.1272929342
110145,1.3908442228020919,,0.0,1.3908442228020919,2.1315899378
110150,1.3908444590107638,,0.0,1.3908444590107638,2.1337928878
110155,1.3908448184963074,,0.0,1.3908448184963074,2.1350619359
110160,1.3908452928235107,,0.0,1.3908452928235107,2.1361703581
110165,1.390845872761387,,0.0,1.390845872761387,2.1365087657
110170,1.3908465485332753,,0.0,1.3908465485332753,2.1426560501
110175,1.3908473098168408,,0.0,1.3908473098168408,2.1457138088
110180,1.3908481460396485,,0.0,1.3908481460396485,2.1514627927
110185,1.3908490460153786,,0.0,1.3908490460153786,2.1581268768
110190,1.390849998171194,,0.0,1.390849998171194,2.1616029903
110195,1.3908509906159463,,0.0,1.3908509906159463,2.1626729699
110200,1.3908520111401776,,0.0,1.3908520111401776,2.1627351854
110205,1.39085304728433,,0.0,1.39085304728433,2.160493299
110210,1.3908540864296899,,0.0,1.3908540864296899,2.1614125008
110215,1.3908551158211255,,0.0,1.3908551158211255,2.1640815483
110220,1.3908561227489775,,0.0,1.3908561227489775,2.1667268208
110225,1.3908570945490601,,0.0,1.3908570945490601,2.1669011189
110230,1.3908580188982331,,0.0,1.3908580188982331,2.1666729296
110235,1.3908588837916667,,0.0,1.3908588837916667,2.170925794
110240,1.3908596777929414,,0.0,1.3908596777929414,2.1755235822
110245,1.390860390193203,,0.0,1.390860390193203,2.1761080565
110250,1.3908610111703181,,0.0,1.3908610111703181,2.1735028818
110255,1.3908615319025557,,0.0,1.3908615319025557,2.1693267449
110260,1.390861944705005,,0.0,1.390861944705005,2.1651135254
110265,1.390862243211469,,0.0,1.390862243211469,2.1616796875
110270,1.3908624224881443,,0.0,1.3908624224881443,2.158281761
110275,1.3908624790790949,,0.0,1.3908624790790949,2.1513380374
110280,1.3908624110289882,,0.0,1.3908624110289882,2.1434467793
110285,1.3908622181104608,,0.0,1.3908622181104608,2.1363516495
110290,1.3908619016649613,,0.0,1.3908619016649613,2.1278258584
110295,1.3908614646254875,,0.0,1.3908614646254875,2.1248177173
110300,1.3908609115393238,,0.0,1.3908609115393238,2.1258030936
110305,1.3908602484770944,,0.0,1.3908602484770944,2.1244087406
110310,1.3908594828963454,,0.0,1.3908594828963454,2.1192385682
110315,1.390858623573335,,0.0,1.390858623573335,2.1137283929
110320,1.3908576804666148,,0.0,1.3908576804666148,2.109563727
110325,1.3908566645351401,,0.0,1.3908566645351401,2.1093665812
110330,1.3908555876245858,,0.0,1.3908555876245858,2.1061381245
110335,1.3908544623081927,,0.0,1.3908544623081927,2.099676523
110340,1.390853301613929,,0.0,1.390853301613929,2.0961862527
110345,1.3908521190244927,,0.0,1.3908521190244927,2.0932877363
110350,1.3908509281362629,,0.0,1.3908509281362629,2.0911585419
110355,1.3908497425683553,,0.0,1.3908497425683553,2.0891785275
110360,1.390848575667049,,0.0,1.390848575667049,2.0867480943
110365,1.3908474403011577,,0.0,1.3908474403011577,2.0866385647
110370,1.3908463482936204,,0.0,1.3908463482936204,2.0895366338
110375,1.3908453107170735,,0.0,1.3908453107170735,2.091796864
110380,1.390844337939325,,0.0,1.390844337939325,2.0920391494
110385,1.3908434396915625,,0.0,1.3908434396915625,2.0951860829
110390,1.390842624931936,,0.0,1.390842624931936,2.097577551
110395,1.3908419016181925,,0.0,1.3908419016181925,2.101481308
110400,1.3908412765712581,,0.0,1.3908412765712581,2.1089373867
110405,1.390840755043246,,0.0,1.390840755043246,2.1175526968
110410,1.3908403406037742,,0.0,1.3908403406037742,2.1222845725
110415,1.3908400351172292,,0.0,1.3908400351172292,2.1233950006
110420,1.3908398387882386,,0.0,1.3908398387882386,2.1221769021
110425,1.390839750229881,,0.0,1.390839750229881,2.1185343016
110430,1.3908397665318946,,0.0,1.3908397665318946,2.1153404932
110435,1.3908398834653048,,0.0,1.3908398834653048,2.1149516087
110440,1.390840095618844,,0.0,1.390840095618844,2.1169291816
110445,1.3908403965353684,,0.0,1.3908403965353684,2.1201780967
110450,1.3908407789392239,,0.0,1.3908407789392239,2.1251511621
110455,1.3908412348271901,,0.0,1.3908412348271901,2.1299944667
110460,1.3908417552865906,,0.0,1.3908417552865906,2.1364689508
110465,1.3908423252204416,,0.0,1.3908423252204416,2.1447827735
110470,1.390842935875222,,0.0,1.390842935875222,2.1505847062
110475,1.3908435808392607,,0.0,1.3908435808392607,2.153387317
110480,1.3908442537008872,,0.0,1.3908442537008872,2.1530720923
110485,1.390844948207586,,0.0,1.390844948207586,2.1563907536
110490,1.3908456582659965,,0.0,1.3908456582659965,2.1588605122
110495,1.3908463781692768,,0.0,1.3908463781692768,2.1578055494
110500,1.3908471024152136,,0.0,1.3908471024152136,2.1555434104
110505,1.390847825842639,,0.0,1.390847825842639,2.1555556649
110510,1.390848543540487,,0.0,1.390848543540487,2.1555767251
110515,1.3908492508932633,,0.0,1.3908492508932633,2.1559121412
110520,1.3908499435810484,,0.0,1.3908499435810484,2.1560237627
110525,1.3908506174885504,,0.0,1.3908506174885504,2.1558054375
110530,1.3908512687505774,,0.0,1.3908512687505774,2.1556592895
110535,1.3908518937975118,,0.0,1.3908518937975118,2.1578605021
110540,1.3908524892870995,,0.0,1.3908524892870995,2.1630065601
110545,1.3908530521271876,,0.0,1.3908530521271876,2.1669597076
110550,1.3908535795211963,,0.0,1.3908535795211963,2.1716252974
110555,1.3908540689453828,,0.0,1.3908540689453828,2.1756392268
110560,1.3908545181715777,,0.0,1.3908545181715777,2.1794375827
110565,1.390854925335395,,0.0,1.390854925335395,2.1863321329
110570,1.3908552888680215,,0.0,1.3908552888680215,2.1934333629
110575,1.3908556076098997,,0.0,1.3908556076098997,2.1982339525
110580,1.3908558807879912,,0.0,1.3908558807879912,2.1993873538
110585,1.3908561080385136,,0.0,1.3908561080385136,2.2021838776
110590,1.3908562894296759,,0.0,1.3908562894296759,2.2058219839
110595,1.3908564255526248,,0.0,1.3908564255526248,2.2046941793
110600,1.3908565174304999,,0.0,1.3908565174304999,2.2007430506
110605,1.3908565668140052,,0.0,1.3908565668140052,2.1923099921
110610,1.3908565753174265,,0.0,1.3908565753174265,2.1797555767
110615,1.3908565431908644,,0.0,1.3908565431908644,2.1676421621
110620,1.3908564737993092,,0.0,1.3908564737993092,2.1565492674
110625,1.3908563714399442,,0.0,1.3908563714399442,2.1470762167
110630,1.3908562406827905,,0.0,1.3908562406827905,2.138517709
110635,1.3908560865298598,,0.0,1.3908560865298598,2.1256717197
110640,1.3908559141195835,,0.0,1.3908559141195835,2.1134193368
110645,1.3908557287950205,,0.0,1.3908557287950205,2.1056860855
110650,1.3908555358992294,,0.0,1.3908555358992294,2.1035159747
110655,1.39085534070706,,0.0,1.39085534070706,2.1056415047
110660,1.390855148288734,,0.0,1.390855148288734,2.1056626613
110665,1.3908549633961627,,0.0,1.3908549633961627,2.1030464155
110670,1.390854790303794,,0.0,1.390854790303794,2.0988428953
110675,1.3908546326267182,,0.0,1.3908546326267182,2.0915182661
110680,1.3908544933661429,,0.0,1.3908544933661429,2.0831825371
110685,1.3908543745910826,,0.0,1.3908543745910826,2.080856765
110690,1.390854277483831,,0.0,1.390854277483831,2.0794078194
110695,1.3908542022035428,,0.0,1.3908542022035428,2.0759748746
110700,1.390854147113196,,0.0,1.390854147113196,2.0786398758
110705,1.3908541090751647,,0.0,1.3908541090751647,2.0840232436
110710,1.3908540841787844,,0.0,1.3908540841787844,2.0906111948
110715,1.390854067785825,,0.0,1.390854067785825,2.0936699866
110720,1.3908540545532286,,0.0,1.3908540545532286,2.0932554743
110725,1.390854038364897,,0.0,1.390854038364897,2.0914745906
110730,1.390854012513587,,0.0,1.390854012513587,2.0940217332
110735,1.390853969678171,,0.0,1.390853969678171,2.1006654634
110740,1.3908539020373203,,0.0,1.3908539020373203,2.1056507
110745,1.3908538015423417,,0.0,1.3908538015423417,2.1142983731
110750,1.3908536600763337,,0.0,1.3908536600763337,2.1206205983
110755,1.3908534695906034,,0.0,1.3908534695906034,2.1233868646
110760,1.3908532225139225,,0.0,1.3908532225139225,2.125421635
110765,1.390852911820737,,0.0,1.390852911820737,2.130636652
110770,1.3908525313494775,,0.0,1.3908525313494775,2.1348468791
110775,1.390852075938976,,0.0,1.390852075938976,2.1402951929
110780,1.390851541814987,,0.0,1.390851541814987,2.1444172187
110785,1.3908509259990391,,0.0,1.3908509259990391,2.1500090297
110790,1.3908502254899255,,0.0,1.3908502254899255,2.1589381178
110795,1.3908494391508244,,0.0,1.3908494391508244,2.1651079254
110800,1.3908485679594023,,0.0,1.3908485679594023,2.1675435215
110805,1.390847615144231,,0.0,1.390847615144231,2.1669126275
110810,1.3908465860028962,,0.0,1.3908465860028962,2.1669490741
110815,1.3908454879474708,,0.0,1.3908454879474708,2.1684513463
110820,1.3908443302316784,,0.0,1.3908443302316784,2.1686270341
110825,1.3908431239736283,,0.0,1.3908431239736283,2.1675031038
110830,1.3908418818147703,,0.0,1.3908418818147703,2.1699101297
110835,1.3908406178744215,,0.0,1.3908406178744215,2.1712806809
110840,1.3908393473859837,,0.0,1.3908393473859837,2.1732399296
110845,1.3908380864923153,,0.0,1.3908380864923153,2.1754997291
110850,1.3908368520638401,,0.0,1.3908368520638401,2.174034637
110855,1.3908356612438195,,0.0,1.3908356612438195,2.1714817377
110860,1.39083453126646,,0.0,1.39083453126646,2.1672801962
110865,1.3908334791158676,,0.0,1.3908334791158676,2.158651498
110870,1.3908325212759474,,0.0,1.3908325212759474,2.1564419481
110875,1.3908316734348292,,0.0,1.3908316734348292,2.1529726245
110880,1.390830950257504,,0.0,1.390830950257504,2.1476270359
110885,1.390830365135724,,0.0,1.390830365135724,2.1400752976
110890,1.390829930028846,,0.0,1.390829930028846,2.1329169909
110895,1.390829655259205,,0.0,1.390829655259205,2.1250087694
110900,1.390829549489377,,0.0,1.390829549489377,2.122236483
110905,1.390829619358397,,0.0,1.390829619358397,2.1214254294
110910,1.3908298694817585,,0.0,1.3908298694817585,2.1176149732
110915,1.390830302519622,,0.0,1.390830302519622,2.1112165111
110920,1.3908309189721895,,0.0,1.3908309189721895,2.1067794373
110925,1.3908317173615932,,0.0,1.3908317173615932,2.1035155302
110930,1.390832694140952,,0.0,1.390832694140952,2.1004351435
110935,1.3908338437398424,,0.0,1.3908338437398424,2.0951518312
110940,1.3908351587234549,,0.0,1.3908351587234549,2.0922706563
110945,1.3908366298153303,,0.0,1.3908366298153303,2.091061372
110950,1.390838246215669,,0.0,1.390838246215669,2.0876272241
110955,1.390839995464912,,0.0,1.390839995464912,2.0861877741
110960,1.390841863421006,,0.0,1.390841863421006,2.0854911003
110965,1.3908438347141312,,0.0,1.3908438347141312,2.084886293
110970,1.390845893110483,,0.0,1.390845893110483,2.0883520995
110975,1.3908480217851105,,0.0,1.3908480217851105,2.0914431963
110980,1.3908502034810706,,0.0,1.3908502034810706,2.0930809271
110985,1.3908524207822648,,0.0,1.3908524207822648,2.0941749689
110990,1.390854656136177,,0.0,1.390854656136177,2.0957801932
110995,1.3908568921267088,,0.0,1.3908568921267088,2.1004483621
111000,1.3908591115651268,,0.0,1.3908591115651268,2.1082501173
111005,1.3908612979447894,,0.0,1.3908612979447894,2.1161621318
111010,1.390863435509357,,0.0,1.390863435509357,2.1235603792
111015,1.3908655091391107,,0.0,1.3908655091391107,2.1274443295
111020,1.390867504623787,,0.0,1.390867504623787,2.1269392249
111025,1.3908694090036269,,0.0,1.3908694090036269,2.1250655016
111030,1.3908712107285282,,0.0,1.3908712107285282,2.1205021085
111035,1.3908728997717301,,0.0,1.3908728997717301,2.1183875018
111040,1.390874467743493,,0.0,1.390874467743493,2.1215910062
111045,1.390875907982046,,0.0,1.390875907982046,2.1268321307
111050,1.3908772155535856,,0.0,1.3908772155535856,2.1334078302
111055,1.3908783873659585,,0.0,1.3908783873659585,2.1429957731
111060,1.39087942205498,,0.0,1.39087942205498,2.1494361946
111065,1.3908803200526418,,0.0,1.3908803200526418,2.1594475803
111070,1.3908810834052217,,0.0,1.3908810834052217,2.1699958136
111075,1.39088171579602,,0.0,1.39088171579602,2.1778548921
111080,1.3908822223862038,,0.0,1.3908822223862038,2.18041013
111085,1.3908826097693352,,0.0,1.3908826097693352,2.183471951
111090,1.3908828858576887,,0.0,1.3908828858576887,2.1857788336
111095,1.3908830596321502,,0.0,1.3908830596321502,2.1857317298
111100,1.3908831410967446,,0.0,1.3908831410967446,2.1830591917
111105,1.3908831410740083,,0.0,1.3908831410740083,2.1816942678
111110,1.390883071045833,,0.0,1.390883071045833,2.1837345027
111115,1.390882942926104,,0.0,1.390882942926104,2.1851052941
111120,1.3908827690152241,,0.0,1.3908827690152241,2.1893976662
111125,1.3908825617727516,,0.0,1.3908825617727516,2.191699565
111130,1.390882333680982,,0.0,1.390882333680982,2.1935242806
111135,1.3908820971994729,,0.0,1.3908820971994729,2.1938787091
111140,1.3908818644922096,,0.0,1.3908818644922096,2.1959243332
111145,1.3908816475185495,,0.0,1.3908816475185495,2.2022259195
111150,1.3908814577149116,,0.0,1.3908814577149116,2.2073614126
111155,1.3908813057901501,,0.0,1.3908813057901501,2.2108528695
111160,1.3908812014527165,,0.0,1.3908812014527165,2.2136613916
111165,1.3908811537289703,,0.0,1.3908811537289703,2.2184611594
111170,1.3908811712132776,,0.0,1.3908811712132776,2.2247006202
111175,1.390881262295378,,0.0,1.390881262295378,2.2311024477
111180,1.3908814350467005,,0.0,1.3908814350467005,2.2361422843
111185,1.3908816969930002,,0.0,1.3908816969930002,2.2388345687
111190,1.390882054909731,,0.0,1.390882054909731,2.2416812018
111195,1.3908825145946795,,0.0,1.3908825145946795,2.2446130851
111200,1.3908830756158537,,0.0,1.3908830756158537,2.2438271115
111205,1.3908837334032333,,0.0,1.3908837334032333,2.2400938443
111210,1.390884492526839,,0.0,1.390884492526839,2.2313264497
111215,1.3908853561697696,,0.0,1.3908853561697696,2.2190919012
111220,1.3908863260599929,,0.0,1.3908863260599929,2.2092067582
111225,1.3908874024476094,,0.0,1.3908874024476094,2.1996702931
111230,1.390888584241271,,0.0,1.390888584241271,2.1922595948
111235,1.3908898690991267,,0.0,1.3908898690991267,2.1830586937
111240,1.3908912535652405,,0.0,1.3908912535652405,2.1691872299
111245,1.3908927333196919,,0.0,1.3908927333196919,2.1564279057
111250,1.3908943032013141,,0.0,1.3908943032013141,2.1500715596
111255,1.390895957366847,,0.0,1.390895957366847,2.1477362469
111260,1.3908976894955656,,0.0,1.3908976894955656,2.1486333381
111265,1.3908994927210707,,0.0,1.3908994927210707,2.149439581
111270,1.3909013598359175,,0.0,1.3909013598359175,2.1458984819
111275,1.3909032832688775,,0.0,1.3909032832688775,2.1385147398
111280,1.3909052551531496,,0.0,1.3909052551531496,2.1285463059
111285,1.3909072674173042,,0.0,1.3909072674173042,2.1195321196
111290,1.390909311853494,,0.0,1.390909311853494,2.1157772694
111295,1.390911380140189,,0.0,1.390911380140189,2.1155999506
111300,1.390913464024068,,0.0,1.390913464024068,2.1148935685
111305,1.39091555532002,,0.0,1.39091555532002,2.1154199749
111310,1.3909176460475619,,0.0,1.3909176460475619,2.1184471288
111315,1.3909197284763102,,0.0,1.3909197284763102,2.1236409941
111320,1.3909217952396646,,0.0,1.3909217952396646,2.1257625417
111325,1.3909238394030174,,0.0,1.3909238394030174,2.1250980635
111330,1.390925854577434,,0.0,1.390925854577434,2.1259155718
111335,1.3909278349196543,,0.0,1.3909278349196543,2.1301380332
111340,1.3909297752912477,,0.0,1.3909297752912477,2.1360618734
111345,1.3909316711676663,,0.0,1.3909316711676663,2.1386782368
111350,1.3909335188883463,,0.0,1.3909335188883463,2.1428520116
111355,1.3909353154520803,,0.0,1.3909353154520803,2.1485801073
111360,1.3909370586989085,,0.0,1.3909370586989085,2.1519635109
111365,1.3909387472646455,,0.0,1.3909387472646455,2.159425055
111370,1.390940380535408,,0.0,1.390940380535408,2.1649312504
111375,1.3909419586476142,,0.0,1.3909419586476142,2.1705484162
111380,1.3909434824425124,,0.0,1.3909434824425124,2.175367289
111385,1.3909449534889147,,0.0,1.3909449534889147,2.178111329
111390,1.3909463739240455,,0.0,1.3909463739240455,2.1811031192
111395,1.3909477464762747,,0.0,1.3909477464762747,2.1860483804
111400,1.390949074419647,,0.0,1.390949074419647,2.1899548626
111405,1.390950361460199,,0.0,1.390950361460199,2.1897918732
111410,1.390951611735959,,0.0,1.390951611735959,2.1869937905
111415,1.3909528297487386,,0.0,1.3909528297487386,2.1866945747
111420,1.3909540202959223,,0.0,1.3909540202959223,2.1883904271
111425,1.3909551885386775,,0.0,1.3909551885386775,2.1935014343
111430,1.3909563397973264,,0.0,1.3909563397973264,2.1982815768
111435,1.3909574796422923,,0.0,1.3909574796422923,2.1998221654
111440,1.3909586138258896,,0.0,1.3909586138258896,2.201182719
111445,1.3909597482368512,,0.0,1.3909597482368512,2.2030141663
111450,1.3909608887866463,,0.0,1.3909608887866463,2.2046348482
111455,1.390962041386744,,0.0,1.390962041386744,2.2035868263
111460,1.3909632118804047,,0.0,1.3909632118804047,2.1993475379
111465,1.3909644059517337,,0.0,1.3909644059517337,2.1929409821
111470,1.3909656292393626,,0.0,1.3909656292393626,2.1843653515
111475,1.3909668865406766,,0.0,1.3909668865406766,2.1816066646
111480,1.39096818208465,,0.0,1.39096818208465,2.1769411193
111485,1.3909695195545824,,0.0,1.3909695195545824,2.1703540891
111490,1.3909709019516816,,0.0,1.3909709019516816,2.1624839533
111495,1.390972331617799,,0.0,1.390972331617799,2.1554644281
111500,1.3909738101217475,,0.0,1.3909738101217475,2.1502155904
111505,1.3909753382365653,,0.0,1.3909753382365653,2.1490630806
111510,1.3909769160986711,,0.0,1.3909769160986711,2.1485227144
111515,1.3909785429350265,,0.0,1.3909785429350265,2.14658179
111520,1.3909802171768186,,0.0,1.3909802171768186,2.141405619
111525,1.390981937073343,,0.0,1.390981937073343,2.1363089072
111530,1.3909837003736938,,0.0,1.3909837003736938,2.1333707443
111535,1.3909855043722374,,0.0,1.3909855043722374,2.1291134558
111540,1.3909873459995568,,0.0,1.3909873459995568,2.1245658285
111545,1.3909892219816073,,0.0,1.3909892219816073,2.1213116728
111550,1.3909911288851897,,0.0,1.3909911288851897,2.116625196
111555,1.3909930632316319,,0.0,1.3909930632316319,2.1163408436
111560,1.390995021564997,,0.0,1.390995021564997,2.1186466064
111565,1.3909970005885055,,0.0,1.3909970005885055,2.118767727
111570,1.3909989970508478,,0.0,1.3909989970508478,2.1166233339
111575,1.3910010079053448,,0.0,1.3910010079053448,2.1191366055
111580,1.39100303026447,,0.0,1.39100303026447,2.1226405244
111585,1.3910050613543812,,0.0,1.3910050613543812,2.1232925319
111590,1.391007098514916,,0.0,1.391007098514916,2.1224131918
111595,1.391009139267806,,0.0,1.391009139267806,2.1245893194
111600,1.3910111812029893,,0.0,1.3910111812029893,2.1296688849
111605,1.391013221978615,,0.0,1.391013221978615,2.1357286943
111610,1.391015259389251,,0.0,1.391015259389251,2.1430443584
111615,1.391017291297673,,0.0,1.391017291297673,2.1480235192
111620,1.3910193160213862,,0.0,1.3910193160213862,2.1496418921
111625,1.3910213313549578,,0.0,1.3910213313549578,2.1498971674
111630,1.391023334888327,,0.0,1.391023334888327,2.1487668395
111635,1.3910253242114337,,0.0,1.3910253242114337,2.142999089
111640,1.391027296823271,,0.0,1.391027296823271,2.1359864956
111645,1.3910292502683061,,0.0,1.3910292502683061,2.1357164065
111650,1.3910311821364783,,0.0,1.3910311821364783,2.1384847844
111655,1.3910330900177268,,0.0,1.3910330900177268,2.1443132742
111660,1.3910349715929369,,0.0,1.3910349715929369,2.1505442568
111665,1.3910368246112028,,0.0,1.3910368246112028,2.1558844436
111670,1.391038647026247,,0.0,1.391038647026247,2.1630613869
111675,1.391040436882737,,0.0,1.391040436882737,2.1702643495
111680,1.391042192452705,,0.0,1.391042192452705,2.1724753877
111685,1.3910439122128109,,0.0,1.3910439122128109,2.1755066159
111690,1.3910455948898148,,0.0,1.3910455948898148,2.1774985599
111695,1.3910472394833147,,0.0,1.3910472394833147,2.1794218982
111700,1.3910488452430083,,0.0,1.3910488452430083,2.1791136528
111705,1.3910504117823768,,0.0,1.3910504117823768,2.1776112627
111710,1.391051939010474,,0.0,1.391051939010474,2.1751988985
111715,1.3910534272228743,,0.0,1.3910534272228743,2.1749645425
111720,1.3910548770107236,,0.0,1.3910548770107236,2.1794248024
111725,1.391056289419898,,0.0,1.391056289419898,2.1831037986
111730,1.3910576657691094,,0.0,1.3910576657691094,2.1851153057
111735,1.3910590078090623,,0.0,1.3910590078090623,2.1853147492
111740,1.3910603177679262,,0.0,1.3910603177679262,2.1865104347
111745,1.3910615979193428,,0.0,1.3910615979193428,2.1891474521
111750,1.3910628507415819,,0.0,1.3910628507415819,2.194382847
111755,1.3910640788720685,,0.0,1.3910640788720685,2.1992307653
111760,1.3910652851983278,,0.0,1.3910652851983278,2.2021603354
111765,1.3910664725624127,,0.0,1.3910664725624127,2.2057430251
111770,1.3910676439200573,,0.0,1.3910676439200573,2.2096642718
111775,1.3910688021133146,,0.0,1.3910688021133146,2.2141699947
111780,1.3910699499160277,,0.0,1.3910699499160277,2.2211324954
111785,1.3910710899201486,,0.0,1.3910710899201486,2.2254934597
111790,1.3910722246721565,,0.0,1.3910722246721565,2.2269399
111795,1.391073356536639,,0.0,1.391073356536639,2.2293993075
111800,1.3910744873097731,,0.0,1.3910744873097731,2.2304629799
111805,1.3910756185603723,,0.0,1.3910756185603723,2.2282727939
111810,1.3910767515389395,,0.0,1.3910767515389395,2.2249498647
111815,1.3910778872913496,,0.0,1.3910778872913496,2.2191140179
111820,1.3910790266133781,,0.0,1.3910790266133781,2.2094255582
111825,1.3910801700734348,,0.0,1.3910801700734348,2.1983473878
111830,1.391081318194458,,0.0,1.391081318194458,2.1903742843
111835,1.3910824713857026,,0.0,1.3910824713857026,2.1856931148
111840,1.3910836299882157,,0.0,1.3910836299882157,2.177687285
111845,1.3910847943430429,,0.0,1.3910847943430429,2.1658031794
111850,1.3910859648367035,,0.0,1.3910859648367035,2.1545456347
111855,1.3910871419011899,,0.0,1.3910871419011899,2.1466803924
111860,1.391088326104912,,0.0,1.391088326104912,2.1426848385
111865,1.391089518129963,,0.0,1.391089518129963,2.1430494615
111870,1.3910907188403265,,0.0,1.3910907188403265,2.144034868
111875,1.3910919293955601,,0.0,1.3910919293955601,2.1423524312
111880,1.3910931511825855,,0.0,1.3910931511825855,2.1370427104
111885,1.391094385974843,,0.0,1.391094385974843,2.1296374404
111890,1.3910956359550297,,0.0,1.3910956359550297,2.1229560418
111895,1.3910969037150973,,0.0,1.3910969037150973,2.1197639558
111900,1.3910981924154078,,0.0,1.3910981924154078,2.121272733
111905,1.3910995057392617,,0.0,1.3910995057392617,2.123795786
111910,1.3911008479383697,,0.0,1.3911008479383697,2.1274139291
111915,1.3911022239010622,,0.0,1.3911022239010622,2.1350377039
111920,1.391103638993134,,0.0,1.391103638993134,2.1436586132
111925,1.3911050991260545,,0.0,1.3911050991260545,2.1482707218
111930,1.3911066106887584,,0.0,1.3911066106887584,2.1492312087
111935,1.391108180433962,,0.0,1.391108180433962,2.1502408273
111940,1.3911098153417467,,0.0,1.3911098153417467,2.153018943
111945,1.3911115225286121,,0.0,1.3911115225286121,2.1582700837
111950,1.3911133089519025,,0.0,1.3911133089519025,2.1652281822
111955,1.391115181387072,,0.0,1.391115181387072,2.1716768136
111960,1.3911171455864337,,0.0,1.3911171455864337,2.1745589049
111965,1.3911192017773528,,0.0,1.3911192017773528,2.1759641608
111970,1.3911213541888032,,0.0,1.3911213541888032,2.1802811691
111975,1.3911236077318516,,0.0,1.3911236077318516,2.184926222
111980,1.3911259659988526,,0.0,1.3911259659988526,2.1885211998
111985,1.3911284312634484,,0.0,1.3911284312634484,2.1945526929
111990,1.3911310043896226,,0.0,1.3911310043896226,2.1999325738
111995,1.3911336846952829,,0.0,1.3911336846952829,2.2054683545
112000,1.391136470020469,,0.0,1.391136470020469,2.2104956661
112005,1.3911393567500903,,0.0,1.3911393567500903,2.2140951651
112010,1.3911423398821343,,0.0,1.3911423398821343,2.2135330826
112015,1.3911454132095582,,0.0,1.3911454132095582,2.21359608
112020,1.3911485694112349,,0.0,1.3911485694112349,2.2155561222
112025,1.3911518003475252,,0.0,1.3911518003475252,2.2170170319
112030,1.3911550971057527,,0.0,1.3911550971057527,2.2193455181
112035,1.3911584503185124,,0.0,1.3911584503185124,2.2226877586
112040,1.3911618502546161,,0.0,1.3911618502546161,2.2241808501
112045,1.3911652868873023,,0.0,1.3911652868873023,2.2251760132
112050,1.3911687501216004,,0.0,1.3911687501216004,2.2261928348
112055,1.3911722299534852,,0.0,1.3911722299534852,2.2290325688
112060,1.3911757165380874,,0.0,1.3911757165380874,2.2296402618
112065,1.3911792005989463,,0.0,1.3911792005989463,2.2275668001
112070,1.3911826734507504,,0.0,1.3911826734507504,2.223201844
112075,1.3911861272266974,,0.0,1.3911861272266974,2.2165640511
112080,1.391189555105862,,0.0,1.391189555105862,2.2142841223
112085,1.3911929512449834,,0.0,1.3911929512449834,2.2110249628
112090,1.3911963109603591,,0.0,1.3911963109603591,2.2036620025
112095,1.3911996305914258,,0.0,1.3911996305914258,2.1932553878
112100,1.3912029075689676,,0.0,1.3912029075689676,2.1827935692
112105,1.3912061403241718,,0.0,1.3912061403241718,2.1731654689
112110,1.3912093280839997,,0.0,1.3912093280839997,2.1695380608
112115,1.391212470916661,,0.0,1.391212470916661,2.1682135439
112120,1.3912155695269846,,0.0,1.3912155695269846,2.1647035594
112125,1.3912186252336824,,0.0,1.3912186252336824,2.1583344754
112130,1.391221639810196,,0.0,1.391221639810196,2.1530477991
112135,1.3912246154846943,,0.0,1.3912246154846943,2.1527238571
112140,1.3912275548491289,,0.0,1.3912275548491289,2.1509868731
112145,1.3912304608364985,,0.0,1.3912304608364985,2.145101726
112150,1.391233336652638,,0.0,1.391233336652638,2.142003853
112155,1.3912361858216928,,0.0,1.3912361858216928,2.1390851322
112160,1.3912390121179086,,0.0,1.3912390121179086,2.1373887229
112165,1.3912418195883685,,0.0,1.3912418195883685,2.1365686949
112170,1.3912446124847826,,0.0,1.3912446124847826,2.138268576
112175,1.3912473952634896,,0.0,1.3912473952634896,2.1369573183
112180,1.3912501724945103,,0.0,1.3912501724945103,2.1395838939
112185,1.3912529488615468,,0.0,1.3912529488615468,2.1425437444
112190,1.3912557290710383,,0.0,1.3912557290710383,2.144244913
112195,1.3912585178521604,,0.0,1.3912585178521604,2.1439923383
112200,1.3912613197067243,,0.0,1.3912613197067243,2.1466927957
112205,1.391264139022859,,0.0,1.391264139022859,2.1522734344
112210,1.3912669798931205,,0.0,1.3912669798931205,2.1589999317
112215,1.3912698460462813,,0.0,1.3912698460462813,2.1641697203
112220,1.3912727407563863,,0.0,1.3912727407563863,2.1714620142
112225,1.3912756668882245,,0.0,1.3912756668882245,2.1762440975
112230,1.3912786267836468,,0.0,1.3912786267836468,2.1768292783
112235,1.3912816222843034,,0.0,1.3912816222843034,2.1767429379
112240,1.3912846547771163,,0.0,1.3912846547771163,2.1732649871
112245,1.3912877251260691,,0.0,1.3912877251260691,2.1686865596
112250,1.3912908337404175,,0.0,1.3912908337404175,2.1673121843
112255,1.3912939806883708,,0.0,1.3912939806883708,2.167345549
112260,1.391297165697092,,0.0,1.391297165697092,2.1719780811
112265,1.3913003881299613,,0.0,1.3913003881299613,2.1807023684
112270,1.3913036471684674,,0.0,1.3913036471684674,2.1905944491
112275,1.3913069417439987,,0.0,1.3913069417439987,2.2014228684
112280,1.391310270560579,,0.0,1.391310270560579,2.2101367055
112285,1.391313632117605,,0.0,1.391313632117605,2.2168606014
112290,1.3913170247098448,,0.0,1.3913170247098448,2.2232631763
112295,1.3913204462910205,,0.0,1.3913204462910205,2.2253654964
112300,1.3913238945192812,,0.0,1.3913238945192812,2.2265108182
112305,1.3913273666207833,,0.0,1.3913273666207833,2.2246998118
112310,1.3913308592760094,,0.0,1.3913308592760094,2.2204465239
112315,1.3913343686197683,,0.0,1.3913343686197683,2.2161024455
112320,1.391337890127512,,0.0,1.391337890127512,2.2167462368
112325,1.3913414185016546,,0.0,1.3913414185016546,2.2174283022
112330,1.3913449477852542,,0.0,1.3913449477852542,2.2206838377
112335,1.3913484712255935,,0.0,1.3913484712255935,2.2237552032
112340,1.3913519814788091,,0.0,1.3913519814788091,2.2279572482
112345,1.3913554705871536,,0.0,1.3913554705871536,2.2303684891
112350,1.3913589300699425,,0.0,1.3913589300699425,2.2305788937
112355,1.3913623511054443,,0.0,1.3913623511054443,2.2361747533
112360,1.3913657246218272,,0.0,1.3913657246218272,2.2408167776
112365,1.391369041456314,,0.0,1.391369041456314,2.2431791076
112370,1.3913722924006544,,0.0,1.3913722924006544,2.2456747998
112375,1.391375468405753,,0.0,1.391375468405753,2.2493328547
112380,1.3913785606953517,,0.0,1.3913785606953517,2.2542596079
112385,1.391381560879711,,0.0,1.391381560879711,2.2594382723
112390,1.3913844610465569,,0.0,1.3913844610465569,2.2632715186
112395,1.3913872540566532,,0.0,1.3913872540566532,2.2639057692
112400,1.3913899334983295,,0.0,1.3913899334983295,2.2678029717
112405,1.3913924938921083,,0.0,1.3913924938921083,2.268622783
112410,1.391394930827124,,0.0,1.391394930827124,2.2659734935
112415,1.3913972410520687,,0.0,1.3913972410520687,2.2575890237
112420,1.3913994188828371,,0.0,1.3913994188828371,2.2475648715
112425,1.391401459976773,,0.0,1.391401459976773,2.2362450074
112430,1.391403365720798,,0.0,1.391403365720798,2.2236079767
112435,1.3914051395026388,,0.0,1.3914051395026388,2.2137508433
112440,1.3914067850510683,,0.0,1.3914067850510683,2.2036606943
112445,1.3914083070270526,,0.0,1.3914083070270526,2.1919403693
112450,1.3914097110692243,,0.0,1.3914097110692243,2.1779873106
112455,1.3914110037938814,,0.0,1.3914110037938814,2.1677638115
112460,1.3914121925221512,,0.0,1.3914121925221512,2.1587009602
112465,1.3914132852345176,,0.0,1.3914132852345176,2.1552599527
112470,1.3914142904344018,,0.0,1.3914142904344018,2.1533732399
112475,1.3914152169207985,,0.0,1.3914152169207985,2.1534289874
112480,1.3914160737428027,,0.0,1.3914160737428027,2.1524491452
112485,1.3914168699040372,,0.0,1.3914168699040372,2.1480503072
112490,1.3914176143399155,,0.0,1.3914176143399155,2.1403300817
112495,1.3914183157812225,,0.0,1.3914183157812225,2.1330004023
112500,1.3914189825494883,,0.0,1.3914189825494883,2.1304011295
112505,1.3914196225115145,,0.0,1.3914196225115145,2.1278293174
112510,1.391420243033901,,0.0,1.391420243033901,2.1253695606
112515,1.3914208508921015,,0.0,1.3914208508921015,2.1253182479
112520,1.3914214522249495,,0.0,1.3914214522249495,2.1298139344
112525,1.3914220525346583,,0.0,1.3914220525346583,2.1338630702
112530,1.3914226567322954,,0.0,1.3914226567322954,2.1352997169
112535,1.3914232690240977,,0.0,1.3914232690240977,2.1353192705
112540,1.3914238930251568,,0.0,1.3914238930251568,2.1336806932
112545,1.3914245318730984,,0.0,1.3914245318730984,2.1342300418
112550,1.3914251882508202,,0.0,1.3914251882508202,2.137021443
112555,1.3914258644774369,,0.0,1.3914258644774369,2.1425918104
112560,1.3914265627129085,,0.0,1.3914265627129085,2.146283882
112565,1.3914272850035132,,0.0,1.3914272850035132,2.1498509793
112570,1.3914280333955285,,0.0,1.3914280333955285,2.1540757963
112575,1.391428809980705,,0.0,1.391428809980705,2.1591945634
112580,1.3914296168735303,,0.0,1.3914296168735303,2.1637004623
112585,1.3914304561202815,,0.0,1.3914304561202815,2.1720493746
112590,1.3914313295171363,,0.0,1.3914313295171363,2.1798343644
112595,1.3914322389512175,,0.0,1.3914322389512175,2.1864778807
112600,1.3914331864915395,,0.0,1.3914331864915395,2.1933446954
112605,1.3914341744344805,,0.0,1.3914341744344805,2.1990088876
112610,1.391435205235574,,0.0,1.391435205235574,2.204137924
112615,1.3914362815549814,,0.0,1.3914362815549814,2.2063382163
112620,1.3914374061665458,,0.0,1.3914374061665458,2.2068914287
112625,1.391438581935056,,0.0,1.391438581935056,2.2064116516
112630,1.3914398117935105,,0.0,1.3914398117935105,2.2075908044
112635,1.3914410988113262,,0.0,1.3914410988113262,2.2103527679
112640,1.3914424461033923,,0.0,1.3914424461033923,2.2121588426
112645,1.3914438568755443,,0.0,1.3914438568755443,2.214691004
112650,1.3914453344472995,,0.0,1.3914453344472995,2.2174724473
112655,1.3914468822063846,,0.0,1.3914468822063846,2.2196338325
112660,1.3914485036087354,,0.0,1.3914485036087354,2.2221490826
112665,1.3914502021784976,,0.0,1.3914502021784976,2.2227212666
112670,1.3914519813716064,,0.0,1.3914519813716064,2.2197446019
112675,1.3914538445757887,,0.0,1.3914538445757887,2.2171567232
112680,1.3914557950423527,,0.0,1.3914557950423527,2.2130704253
112685,1.3914578357725058,,0.0,1.3914578357725058,2.2128031407
112690,1.391459969471882,,0.0,1.391459969471882,2.2128753157
112695,1.3914621984595965,,0.0,1.3914621984595965,2.2093840191
112700,1.3914645246455084,,0.0,1.3914645246455084,2.2038748671
112705,1.391466949462012,,0.0,1.391466949462012,2.196921864
112710,1.391469473795828,,0.0,1.391469473795828,2.1901819679
112715,1.3914720978743205,,0.0,1.3914720978743205,2.1853428929
112720,1.3914748211063424,,0.0,1.3914748211063424,2.1823269517
112725,1.3914776419912902,,0.0,1.3914776419912902,2.1780101112
112730,1.3914805585283587,,0.0,1.3914805585283587,2.1718736734
112735,1.3914835681938054,,0.0,1.3914835681938054,2.1628433983
112740,1.3914866681228415,,0.0,1.3914866681228415,2.1548171225
112745,1.3914898550868946,,0.0,1.3914898550868946,2.1539941889
112750,1.3914931252435103,,0.0,1.3914931252435103,2.1518485781
112755,1.3914964739999316,,0.0,1.3914964739999316,2.1499079571
112760,1.391499896149518,,0.0,1.391499896149518,2.148584436
112765,1.391503385939955,,0.0,1.391503385939955,2.1464989713
112770,1.3915069370505182,,0.0,1.3915069370505182,2.1456072279
112775,1.3915105427512269,,0.0,1.3915105427512269,2.1473054735
112780,1.3915141958346358,,0.0,1.3915141958346358,2.1469879871
112785,1.39151788870678,,0.0,1.39151788870678,2.1496055659
112790,1.3915216134781225,,0.0,1.3915216134781225,2.1500300122
112795,1.3915253621909156,,0.0,1.3915253621909156,2.1477684957
112800,1.3915291269328853,,0.0,1.3915291269328853,2.1451251874
112805,1.3915329001555397,,0.0,1.3915329001555397,2.1440601753
112810,1.391536674878798,,0.0,1.391536674878798,2.1477825296
112815,1.3915404448956172,,0.0,1.3915404448956172,2.1510582494
112820,1.3915442050220934,,0.0,1.3915442050220934,2.1558293414
112825,1.3915479511884075,,0.0,1.3915479511884075,2.1619200163
112830,1.3915516804160881,,0.0,1.3915516804160881,2.1664855823
112835,1.3915553909999043,,0.0,1.3915553909999043,2.1673350826
112840,1.3915590823032358,,0.0,1.3915590823032358,2.1654564321
112845,1.3915627549399663,,0.0,1.3915627549399663,2.1633546734
112850,1.391566410456172,,0.0,1.391566410456172,2.1614658737
112855,1.3915700514210687,,0.0,1.3915700514210687,2.1628000221
112860,1.3915736811541737,,0.0,1.3915736811541737,2.1620949693
112865,1.391577303657097,,0.0,1.391577303657097,2.1654590239
112870,1.3915809234771226,,0.0,1.3915809234771226,2.1702579188
112875,1.3915845455707903,,0.0,1.3915845455707903,2.1768670481
112880,1.391588175122004,,0.0,1.391588175122004,2.1877520188
112885,1.391591817451086,,0.0,1.391591817451086,2.1981241474
112890,1.3915954778783586,,0.0,1.3915954778783586,2.2068630993
112895,1.39159916149678,,0.0,1.39159916149678,2.2148031744
112900,1.3916028739449826,,0.0,1.3916028739449826,2.2185895116
112905,1.3916066195656225,,0.0,1.3916066195656225,2.2214197928
112910,1.3916104018146358,,0.0,1.3916104018146358,2.2224256721
112915,1.3916142234658657,,0.0,1.3916142234658657,2.2206770336
112920,1.391618086451908,,0.0,1.391618086451908,2.2186150646
112925,1.391621991818638,,0.0,1.391621991818638,2.2170551636
112930,1.391625939679738,,0.0,1.391625939679738,2.2170436631
112935,1.3916299292166965,,0.0,1.3916299292166965,2.2179814648
112940,1.3916339586333364,,0.0,1.3916339586333364,2.2180191074
112945,1.3916380251103415,,0.0,1.3916380251103415,2.2203261282
112950,1.3916421249871485,,0.0,1.3916421249871485,2.2213530743
112955,1.3916462536710001,,0.0,1.3916462536710001,2.22241671
112960,1.3916504058188375,,0.0,1.3916504058188375,2.2244221293
112965,1.3916545754055094,,0.0,1.3916545754055094,2.2274973716
112970,1.3916587557919813,,0.0,1.3916587557919813,2.2301427941
112975,1.391662939861753,,0.0,1.391662939861753,2.2337163917
112980,1.3916671201345425,,0.0,1.3916671201345425,2.236079539
112985,1.391671288879967,,0.0,1.391671288879967,2.2402032065
112990,1.3916754381857517,,0.0,1.3916754381857517,2.2458908424
112995,1.3916795600486773,,0.0,1.3916795600486773,2.2502133632
113000,1.3916836465109963,,0.0,1.3916836465109963,2.2549129462
113005,1.391687689660434,,0.0,1.391687689660434,2.2579694714
113010,1.3916916817893445,,0.0,1.3916916817893445,2.2601516287
113015,1.3916956155766,,0.0,1.3916956155766,2.2601375259
113020,1.391699484064856,,0.0,1.391699484064856,2.256099103
113025,1.3917032807514964,,0.0,1.3917032807514964,2.2491584572
113030,1.3917069996568423,,0.0,1.3917069996568423,2.2404661563
113035,1.3917106353468895,,0.0,1.3917106353468895,2.2307930674
113040,1.3917141829787802,,0.0,1.3917141829787802,2.2175511754
113045,1.3917176382553311,,0.0,1.3917176382553311,2.2046877867
113050,1.3917209975841878,,0.0,1.3917209975841878,2.1933810135
113055,1.3917242578959335,,0.0,1.3917242578959335,2.1802382508
113060,1.3917274167122984,,0.0,1.3917274167122984,2.168452906
113065,1.3917304722598416,,0.0,1.3917304722598416,2.1641918195
113070,1.3917334232653236,,0.0,1.3917334232653236,2.1621346072
113075,1.391736269114861,,0.0,1.391736269114861,2.1617192433
113080,1.3917390097402444,,0.0,1.3917390097402444,2.1642353401
113085,1.3917416457098848,,0.0,1.3917416457098848,2.164827736
113090,1.3917441780469209,,0.0,1.3917441780469209,2.163906627
113095,1.3917466083656382,,0.0,1.3917466083656382,2.1590656131
113100,1.3917489388259972,,0.0,1.3917489388259972,2.1517755872
113105,1.3917511718153215,,0.0,1.3917511718153215,2.1477998002
113110,1.3917533099255635,,0.0,1.3917533099255635,2.1445937262
113115,1.391755355816884,,0.0,1.391755355816884,2.1405012604
113120,1.3917573122176539,,0.0,1.3917573122176539,2.1375964694
113125,1.3917591819244524,,0.0,1.3917591819244524,2.1403858668
113130,1.3917609676656502,,0.0,1.3917609676656502,2.1446927942
113135,1.3917626718285716,,0.0,1.3917626718285716,2.1481617615
113140,1.3917642966413857,,0.0,1.3917642966413857,2.1504208231
113145,1.3917658442185794,,0.0,1.3917658442185794,2.1506440378
113150,1.3917673166291673,,0.0,1.3917673166291673,2.1496637013
113155,1.3917687159421634,,0.0,1.3917687159421634,2.153410647
113160,1.3917700442493184,,0.0,1.3917700442493184,2.1590321197
113165,1.391771303801538,,0.0,1.391771303801538,2.1633720333
113170,1.3917724968269916,,0.0,1.3917724968269916,2.1677824486
113175,1.391773625894894,,0.0,1.391773625894894,2.1709121075
113180,1.3917746938927715,,0.0,1.3917746938927715,2.1722907796
113185,1.3917757040037226,,0.0,1.3917757040037226,2.1742361049
113190,1.3917766598428378,,0.0,1.3917766598428378,2.1808306337
113195,1.391777565434464,,0.0,1.391777565434464,2.1886397528
113200,1.391778425257676,,0.0,1.391778425257676,2.1957981625
113205,1.3917792442917496,,0.0,1.3917792442917496,2.2051809958
113210,1.3917800281071078,,0.0,1.3917800281071078,2.2150734379
113215,1.3917807828425843,,0.0,1.3917807828425843,2.2223194389
113220,1.3917815162512985,,0.0,1.3917815162512985,2.2265491572
113225,1.3917822361773156,,0.0,1.3917822361773156,2.2274167044
113230,1.3917829496461889,,0.0,1.3917829496461889,2.2245308989
113235,1.3917836643655654,,0.0,1.3917836643655654,2.2273738186
113240,1.391784388702448,,0.0,1.391784388702448,2.2289808512
113245,1.3917851313876217,,0.0,1.3917851313876217,2.2309492105
113250,1.391785901470182,,0.0,1.391785901470182,2.2328474492
113255,1.3917867080219606,,0.0,1.3917867080219606,2.2334647057
113260,1.391787560092053,,0.0,1.391787560092053,2.2340648598
113265,1.3917884664567175,,0.0,1.3917884664567175,2.2386043065
113270,1.391789435323802,,0.0,1.391789435323802,2.240257306
113275,1.391790474628317,,0.0,1.391790474628317,2.2384207167
113280,1.3917915916231804,,0.0,1.3917915916231804,2.2346892684
113285,1.3917927929019542,,0.0,1.3917927929019542,2.2267037075
113290,1.3917940842169534,,0.0,1.3917940842169534,2.2215658012
113295,1.3917954704337712,,0.0,1.3917954704337712,2.2198116036
113300,1.3917969554858087,,0.0,1.3917969554858087,2.2160693204
113305,1.3917985423288006,,0.0,1.3917985423288006,2.208082892
113310,1.391800232918079,,0.0,1.391800232918079,2.1973434378
113315,1.3918020282540464,,0.0,1.3918020282540464,2.1901328348
113320,1.3918039283139663,,0.0,1.3918039283139663,2.185769884
113325,1.3918059322338547,,0.0,1.3918059322338547,2.1832939827
113330,1.3918080382402709,,0.0,1.3918080382402709,2.1790503592
113335,1.3918102439231546,,0.0,1.3918102439231546,2.1715614796
113340,1.3918125462812976,,0.0,1.3918125462812976,2.1614334296
113345,1.3918149415404546,,0.0,1.3918149415404546,2.1525308677
113350,1.3918174257217522,,0.0,1.3918174257217522,2.1475755314
113355,1.391819994550743,,0.0,1.391819994550743,2.1430325889
113360,1.3918226435028793,,0.0,1.3918226435028793,2.13832846
113365,1.391825367848986,,0.0,1.391825367848986,2.1338075756
113370,1.3918281627007323,,0.0,1.3918281627007323,2.1324457178
113375,1.3918310230788422,,0.0,1.3918310230788422,2.1340359314
113380,1.3918339440040401,,0.0,1.3918339440040401,2.1354646358
113385,1.3918369204061036,,0.0,1.3918369204061036,2.137278534
113390,1.3918399470329201,,0.0,1.3918399470329201,2.143075234
113395,1.391843018518694,,0.0,1.391843018518694,2.1475373646
113400,1.3918461295885758,,0.0,1.3918461295885758,2.1513434638
113405,1.3918492748767706,,0.0,1.3918492748767706,2.1521916909
113410,1.391852449040219,,0.0,1.391852449040219,2.1526039902
113415,1.3918556467131264,,0.0,1.3918556467131264,2.1582557932
113420,1.3918588625524337,,0.0,1.3918588625524337,2.1644289435
113425,1.3918620912832913,,0.0,1.3918620912832913,2.1721835053
113430,1.39186532763085,,0.0,1.39186532763085,2.1788421509
113435,1.3918685663657324,,0.0,1.3918685663657324,2.1825078818
113440,1.3918718025541361,,0.0,1.3918718025541361,2.183340588
113445,1.3918750313986759,,0.0,1.3918750313986759,2.1843490962
113450,1.3918782482383856,,0.0,1.3918782482383856,2.1832530278
113455,1.3918814485714541,,0.0,1.3918814485714541,2.181386409
113460,1.3918846283053259,,0.0,1.3918846283053259,2.1811923881
113465,1.3918877836657546,,0.0,1.3918877836657546,2.1839109688
113470,1.3918909113332234,,0.0,1.3918909113332234,2.1901748003
113475,1.3918940085793619,,0.0,1.3918940085793619,2.1945301528
113480,1.3918970738353564,,0.0,1.3918970738353564,2.1969100468
113485,1.3919001054869216,,0.0,1.3919001054869216,2.2015752681
113490,1.3919031022153452,,0.0,1.3919031022153452,2.2083747177
113495,1.3919060631111702,,0.0,1.3919060631111702,2.211338697
113500,1.3919089877651407,,0.0,1.3919089877651407,2.2147960012
113505,1.3919118761317844,,0.0,1.3919118761317844,2.2173430514
113510,1.3919147285521474,,0.0,1.3919147285521474,2.2186599337
113515,1.3919175456173765,,0.0,1.3919175456173765,2.2177026101
113520,1.3919203281687194,,0.0,1.3919203281687194,2.2135319796
113525,1.3919230772975242,,0.0,1.3919230772975242,2.214873773
113530,1.3919257940496663,,0.0,1.3919257940496663,2.2158531695
113535,1.3919284791527113,,0.0,1.3919284791527113,2.2173920244
113540,1.3919311330841238,,0.0,1.3919311330841238,2.22168237
113545,1.39193375682157,,0.0,1.39193375682157,2.2243373432
113550,1.3919363518656533,,0.0,1.3919363518656533,2.2248843985
113555,1.3919389202853885,,0.0,1.3919389202853885,2.2250710475
113560,1.391941464422627,,0.0,1.391941464422627,2.2269545862
113565,1.3919439865510101,,0.0,1.3919439865510101,2.2309413036
113570,1.391946488671343,,0.0,1.391946488671343,2.233849139
113575,1.391948972488858,,0.0,1.391948972488858,2.2331208024
113580,1.3919514392767938,,0.0,1.3919514392767938,2.2321134705
113585,1.3919538898991346,,0.0,1.3919538898991346,2.2314608371
113590,1.391956325015237,,0.0,1.391956325015237,2.2317693453
113595,1.3919587449888828,,0.0,1.3919587449888828,2.2373677224
113600,1.3919611501156464,,0.0,1.3919611501156464,2.2431048415
113605,1.3919635407138373,,0.0,1.3919635407138373,2.2464602737
113610,1.391965916965347,,0.0,1.391965916965347,2.2504732581
113615,1.3919682793021673,,0.0,1.3919682793021673,2.2536192595
113620,1.391970627656089,,0.0,1.391970627656089,2.2521768648
113625,1.3919729617088024,,0.0,1.3919729617088024,2.2483279304
113630,1.3919752810965245,,0.0,1.3919752810965245,2.2416271913
113635,1.391977585364527,,0.0,1.391977585364527,2.2312437782
113640,1.3919798739898723,,0.0,1.3919798739898723,2.2191480694
113645,1.391982146472359,,0.0,1.391982146472359,2.2069025094
113650,1.3919844023799952,,0.0,1.3919844023799952,2.1968671869
113655,1.3919866414854165,,0.0,1.3919866414854165,2.1852330279
113660,1.3919888636749413,,0.0,1.3919888636749413,2.1728602235
113665,1.3919910688576236,,0.0,1.3919910688576236,2.1612764434
113670,1.3919932573290368,,0.0,1.3919932573290368,2.1495457658
113675,1.3919954297258006,,0.0,1.3919954297258006,2.1412896588
113680,1.3919975870028451,,0.0,1.3919975870028451,2.1383310182
113685,1.3919997305016187,,0.0,1.3919997305016187,2.1383677104
113690,1.3920018621319807,,0.0,1.3920018621319807,2.1374118705
113695,1.3920039840084184,,0.0,1.3920039840084184,2.1342305874
113700,1.3920060981772095,,0.0,1.3920060981772095,2.1280356968
113705,1.3920082068437871,,0.0,1.3920082068437871,2.1194324076
113710,1.3920103121681109,,0.0,1.3920103121681109,2.1137379909
113715,1.3920124162646679,,0.0,1.3920124162646679,2.1108694168
113720,1.3920145210887902,,0.0,1.3920145210887902,2.1088668112
113725,1.3920166283911823,,0.0,1.3920166283911823,2.1092462261
113730,1.3920187396269754,,0.0,1.3920187396269754,2.1147764152
113735,1.3920208558875171,,0.0,1.3920208558875171,2.1222966039
113740,1.3920229779685827,,0.0,1.3920229779685827,2.1272160172
113745,1.392025106256691,,0.0,1.392025106256691,2.1306870186
113750,1.3920272408427878,,0.0,1.3920272408427878,2.1311014758
113755,1.3920293812266715,,0.0,1.3920293812266715,2.1342235774
113760,1.3920315269536143,,0.0,1.3920315269536143,2.1374854459
113765,1.3920336772960504,,0.0,1.3920336772960504,2.1452569974
113770,1.3920358313445231,,0.0,1.3920358313445231,2.152133971
113775,1.3920379880758935,,0.0,1.3920379880758935,2.1558062716
113780,1.3920401462169218,,0.0,1.3920401462169218,2.1590323232
113785,1.3920423044716321,,0.0,1.3920423044716321,2.1618019424
113790,1.3920444614985759,,0.0,1.3920444614985759,2.1648730943
113795,1.3920466157516762,,0.0,1.3920466157516762,2.1676344311
113800,1.3920487657303298,,0.0,1.3920487657303298,2.1743925736
113805,1.392050909706568,,0.0,1.392050909706568,2.179523446
113810,1.3920530459069507,,0.0,1.3920530459069507,2.1862354984
113815,1.3920551723761454,,0.0,1.3920551723761454,2.1912715947
113820,1.392057286999665,,0.0,1.392057286999665,2.1966691436
113825,1.392059387526604,,0.0,1.392059387526604,2.1974204591
113830,1.3920614714786923,,0.0,1.3920614714786923,2.1969869034
113835,1.392063536241242,,0.0,1.392063536241242,2.1984281029
113840,1.3920655790631458,,0.0,1.3920655790631458,2.2013919693
113845,1.3920675971023513,,0.0,1.3920675971023513,2.2036741888
113850,1.392069587403124,,0.0,1.392069587403124,2.2052370524
113855,1.392071547009729,,0.0,1.392071547009729,2.208090733
113860,1.3920734729436954,,0.0,1.3920734729436954,2.2080738555
113865,1.392075362294761,,0.0,1.392075362294761,2.2113252331
113870,1.3920772123572924,,0.0,1.3920772123572924,2.213586141
113875,1.3920790206075466,,0.0,1.3920790206075466,2.2122627143
113880,1.3920807848173544,,0.0,1.3920807848173544,2.2079813908
113885,1.3920825031678021,,0.0,1.3920825031678021,2.2041625196
113890,1.392084174203759,,0.0,1.392084174203759,2.1978254544
113895,1.3920857969475586,,0.0,1.3920857969475586,2.1966533222
113900,1.3920873708307908,,0.0,1.3920873708307908,2.1969312272
113905,1.3920888958761921,,0.0,1.3920888958761921,2.1943464869
113910,1.392090372561227,,0.0,1.392090372561227,2.1882476791
113915,1.392091801840825,,0.0,1.392091801840825,2.1798437028
113920,1.3920931852155904,,0.0,1.3920931852155904,2.1701573793
113925,1.3920945246408551,,0.0,1.3920945246408551,2.1693605424
113930,1.392095822549416,,0.0,1.392095822549416,2.170339085
113935,1.3920970816923801,,0.0,1.3920970816923801,2.1684475439
113940,1.3920983052301097,,0.0,1.3920983052301097,2.1631617933
113945,1.3920994964821223,,0.0,1.3920994964821223,2.1589806211
113950,1.3921006590862453,,0.0,1.3921006590862453,2.1539930085
113955,1.3921017967485148,,0.0,1.3921017967485148,2.1497894044
113960,1.3921029132659135,,0.0,1.3921029132659135,2.1420259065
113965,1.392104012480896,,0.0,1.392104012480896,2.1388600543
113970,1.3921050981677086,,0.0,1.3921050981677086,2.1364744546
113975,1.392106174055124,,0.0,1.392106174055124,2.1374363658
113980,1.3921072436672874,,0.0,1.3921072436672874,2.1358025748
113985,1.3921083104146617,,0.0,1.3921083104146617,2.134326007
113990,1.3921093775258186,,0.0,1.3921093775258186,2.1299032204
113995,1.3921104480474387,,0.0,1.3921104480474387,2.1318250761
114000,1.3921115248215743,,0.0,1.3921115248215743,2.1350006802
114005,1.392112610462914,,0.0,1.392112610462914,2.1354625508
114010,1.3921137073815182,,0.0,1.3921137073815182,2.134775356
114015,1.3921148173963005,,0.0,1.3921148173963005,2.137399609
114020,1.3921159418259736,,0.0,1.3921159418259736,2.143774558
114025,1.392117081807358,,0.0,1.392117081807358,2.1544190568
114030,1.392118238409066,,0.0,1.392118238409066,2.163399321
114035,1.3921194126769725,,0.0,1.3921194126769725,2.1696974253
114040,1.392120605543271,,0.0,1.392120605543271,2.1725509684
114045,1.3921218179401547,,0.0,1.3921218179401547,2.1708468418
114050,1.392123050549716,,0.0,1.392123050549716,2.1680373805
114055,1.3921243038948927,,0.0,1.3921243038948927,2.1611293012
114060,1.3921255783167314,,0.0,1.3921255783167314,2.155822523
114065,1.3921268738379682,,0.0,1.3921268738379682,2.1518402099
114070,1.3921281903676574,,0.0,1.3921281903676574,2.1545175858
114075,1.3921295273828616,,0.0,1.3921295273828616,2.1611884037
114080,1.3921308843379063,,0.0,1.3921308843379063,2.1679131273
114085,1.3921322604142807,,0.0,1.3921322604142807,2.1739348781
114090,1.3921336545888459,,0.0,1.3921336545888459,2.1836448088
114095,1.3921350656110985,,0.0,1.3921350656110985,2.1939309972
114100,1.3921364920259076,,0.0,1.3921364920259076,2.2007462924
114105,1.3921379321962513,,0.0,1.3921379321962513,2.2059913204
114110,1.3921393843032157,,0.0,1.3921393843032157,2.2096789997
114115,1.3921408464596778,,0.0,1.3921408464596778,2.2113732321
114120,1.3921423166875693,,0.0,1.3921423166875693,2.2099414948
114125,1.3921437930315579,,0.0,1.3921437930315579,2.2025077739
114130,1.3921452734226292,,0.0,1.3921452734226292,2.1981756518
114135,1.3921467558599785,,0.0,1.3921467558599785,2.1970671215
114140,1.392148238320064,,0.0,1.392148238320064,2.1979528419
114145,1.3921497188248175,,0.0,1.3921497188248175,2.2001475499
114150,1.3921511953734338,,0.0,1.3921511953734338,2.2016319088
114155,1.3921526660105807,,0.0,1.3921526660105807,2.1999403872
114160,1.3921541288491357,,0.0,1.3921541288491357,2.1986449794
114165,1.3921555820247118,,0.0,1.3921555820247118,2.1978388185
114170,1.3921570237638685,,0.0,1.3921570237638685,2.2039292152
114175,1.3921584523841104,,0.0,1.3921584523841104,2.2120523064
114180,1.392159866225679,,0.0,1.392159866225679,2.2173850319
114185,1.3921612638107073,,0.0,1.3921612638107073,2.2224321227
114190,1.3921626441842652,,0.0,1.3921626441842652,2.2254809385
114195,1.3921640058230127,,0.0,1.3921640058230127,2.230957245
114200,1.3921653473855007,,0.0,1.3921653473855007,2.2341114224
114205,1.3921666671892345,,0.0,1.3921666671892345,2.2372391591
114210,1.3921679635289823,,0.0,1.3921679635289823,2.2415034792
114215,1.3921692347677221,,0.0,1.3921692347677221,2.2449967326
114220,1.3921704790410674,,0.0,1.3921704790410674,2.2443128368
114225,1.3921716943936855,,0.0,1.3921716943936855,2.2434894787
114230,1.3921728789157177,,0.0,1.3921728789157177,2.2405637151
114235,1.3921740306518315,,0.0,1.3921740306518315,2.2351554656
114240,1.3921751477603772,,0.0,1.3921751477603772,2.2248545936
114245,1.3921762285815957,,0.0,1.3921762285815957,2.2145118782
114250,1.3921772717740384,,0.0,1.3921772717740384,2.2063118875
114255,1.3921782762690935,,0.0,1.3921782762690935,2.1968498077
114260,1.3921792414983505,,0.0,1.3921792414983505,2.1883010458
114265,1.3921801673481273,,0.0,1.3921801673481273,2.1773839829
114270,1.3921810543186253,,0.0,1.3921810543186253,2.1646376571
114275,1.3921819035011922,,0.0,1.3921819035011922,2.1591314
114280,1.3921827166692693,,0.0,1.3921827166692693,2.1583149992
114285,1.392183496392072,,0.0,1.392183496392072,2.1575663818
114290,1.3921842459209082,,0.0,1.3921842459209082,2.1574225982
114295,1.3921849694165431,,0.0,1.3921849694165431,2.1562464024
114300,1.3921856714944698,,0.0,1.3921856714944698,2.1532344257
114305,1.392186358338995,,0.0,1.392186358338995,2.1483024531
114310,1.392187036407262,,0.0,1.392187036407262,2.1407724965
114315,1.3921877120882047,,0.0,1.3921877120882047,2.1376531742
114320,1.392188393157679,,0.0,1.392188393157679,2.134195666
114325,1.3921890884601527,,0.0,1.3921890884601527,2.1294783742
114330,1.3921898074085033,,0.0,1.3921898074085033,2.1279682999
114335,1.3921905600294926,,0.0,1.3921905600294926,2.1317931143
114340,1.3921913564863007,,0.0,1.3921913564863007,2.1379592351
114345,1.3921922069421075,,0.0,1.3921922069421075,2.1411314099
114350,1.3921931214009375,,0.0,1.3921931214009375,2.1404817352
114355,1.3921941093893515,,0.0,1.3921941093893515,2.1368319557
114360,1.3921951797290801,,0.0,1.3921951797290801,2.1360461451
114365,1.3921963402641888,,0.0,1.3921963402641888,2.1360288445
114370,1.3921975977246577,,0.0,1.3921975977246577,2.1407108729
114375,1.3921989574535458,,0.0,1.3921989574535458,2.1441502436
114380,1.3922004231568896,,0.0,1.3922004231568896,2.1461894496
114385,1.392201996835494,,0.0,1.392201996835494,2.1480306761
114390,1.3922036784893592,,0.0,1.3922036784893592,2.1514268076
114395,1.3922054660267342,,0.0,1.3922054660267342,2.155745984
114400,1.3922073553550636,,0.0,1.3922073553550636,2.1564289585
114405,1.3922093403809868,,0.0,1.3922093403809868,2.158201523
114410,1.3922114131922292,,0.0,1.3922114131922292,2.1599316487
114415,1.3922135639893938,,0.0,1.3922135639893938,2.163960161
114420,1.3922157815861615,,0.0,1.3922157815861615,2.1684384708
114425,1.3922180535684472,,0.0,1.3922180535684472,2.1710158767
114430,1.3922203666809172,,0.0,1.3922203666809172,2.171459178
114435,1.3922227071680373,,0.0,1.3922227071680373,2.1688834515
114440,1.392225061092382,,0.0,1.392225061092382,2.1663987366
114445,1.3922274147211533,,0.0,1.3922274147211533,2.1682891684
114450,1.3922297546625997,,0.0,1.3922297546625997,2.1690259157
114455,1.3922320683889529,,0.0,1.3922320683889529,2.1704976636
114460,1.39223434423643,,0.0,1.39223434423643,2.1699221877
114465,1.392236571587122,,0.0,1.392236571587122,2.1713283401
114470,1.3922387410508879,,0.0,1.3922387410508879,2.1759025065
114475,1.3922408446017707,,0.0,1.3922408446017707,2.1789511104
114480,1.3922428755097902,,0.0,1.3922428755097902,2.1804020863
114485,1.3922448285000968,,0.0,1.3922448285000968,2.1783579663
114490,1.3922466995483442,,0.0,1.3922466995483442,2.1743801792
114495,1.392248485926162,,0.0,1.392248485926162,2.1700323837
114500,1.3922501861329462,,0.0,1.3922501861329462,2.166949379
114505,1.3922517996002866,,0.0,1.3922517996002866,2.1634119888
114510,1.3922533267601747,,0.0,1.3922533267601747,2.1552481948
114515,1.392254768703959,,0.0,1.392254768703959,2.1439626974
114520,1.3922561271368712,,0.0,1.3922561271368712,2.1325914713
114525,1.3922574043098166,,0.0,1.3922574043098166,2.120305345
114530,1.3922586026783288,,0.0,1.3922586026783288,2.1155642406
114535,1.3922597248343598,,0.0,1.3922597248343598,2.1138606034
114540,1.3922607735517525,,0.0,1.3922607735517525,2.1090672917
114545,1.3922617516043507,,0.0,1.3922617516043507,2.1026511331
114550,1.392262661788734,,0.0,1.392262661788734,2.0965127607
114555,1.392263506924218,,0.0,1.392263506924218,2.0918641713
114560,1.3922642897619104,,0.0,1.3922642897619104,2.088206865
114565,1.3922650130756538,,0.0,1.3922650130756538,2.083239733
114570,1.3922656796165556,,0.0,1.3922656796165556,2.0760430221
114575,1.3922662920902493,,0.0,1.3922662920902493,2.0724367325
114580,1.3922668533160516,,0.0,1.3922668533160516,2.0730585334
114585,1.392267366113278,,0.0,1.392267366113278,2.0748340917
114590,1.3922678330738814,,0.0,1.3922678330738814,2.0773877903
114595,1.3922682567443398,,0.0,1.3922682567443398,2.076507274
114600,1.3922686394665051,,0.0,1.3922686394665051,2.0775660876
114605,1.3922689833776007,,0.0,1.3922689833776007,2.0815114564
114610,1.3922692905239045,,0.0,1.3922692905239045,2.0825127568
114615,1.3922695627015935,,0.0,1.3922695627015935,2.083025383
114620,1.3922698014112718,,0.0,1.3922698014112718,2.0836145813
114625,1.3922700079034422,,0.0,1.3922700079034422,2.087836229
114630,1.3922701834513445,,0.0,1.3922701834513445,2.0922968265
114635,1.3922703289644351,,0.0,1.3922703289644351,2.0995709673
114640,1.3922704452612258,,0.0,1.3922704452612258,2.1081493627
114645,1.3922705330465452,,0.0,1.3922705330465452,2.1126074118
114650,1.392270593116168,,0.0,1.392270593116168,2.1149566282
114655,1.392270626220396,,0.0,1.392270626220396,2.1166337059
114660,1.3922706331322678,,0.0,1.3922706331322678,2.1153031627
114665,1.392270614806713,,0.0,1.392270614806713,2.1121538021
114670,1.3922705722213975,,0.0,1.3922705722213975,2.1122252286
114675,1.392270506490406,,0.0,1.392270506490406,2.1155463516
114680,1.392270418818769,,0.0,1.392270418818769,2.1217763684
114685,1.3922703104115162,,0.0,1.3922703104115162,2.1281734376
114690,1.3922701825873605,,0.0,1.3922701825873605,2.1379971212
114695,1.3922700367332232,,0.0,1.3922700367332232,2.147731965
114700,1.3922698743724449,,0.0,1.3922698743724449,2.1568631736
114705,1.3922696969828927,,0.0,1.3922696969828927,2.1627140785
114710,1.392269506110643,,0.0,1.392269506110643,2.167280254
114715,1.3922693033245093,,0.0,1.3922693033245093,2.1711154345
114720,1.3922690900796217,,0.0,1.3922690900796217,2.1735796594
114725,1.392268867785639,,0.0,1.392268867785639,2.1736067244
114730,1.3922686376930642,,0.0,1.3922686376930642,2.1690057379
114735,1.392268400870509,,0.0,1.392268400870509,2.1677821391
114740,1.3922681581364844,,0.0,1.3922681581364844,2.1698113953
114745,1.3922679108097027,,0.0,1.3922679108097027,2.1737315396
114750,1.3922676603225588,,0.0,1.3922676603225588,2.1783715549
114755,1.392267406993362,,0.0,1.392267406993362,2.1832913905
114760,1.3922671511176865,,0.0,1.3922671511176865,2.18520746
114765,1.3922668929683688,,0.0,1.3922668929683688,2.1858654436
114770,1.392266632590882,,0.0,1.392266632590882,2.1843723099
114775,1.3922663698260709,,0.0,1.3922663698260709,2.1861093515
114780,1.392266104310153,,0.0,1.392266104310153,2.189540994
114785,1.3922658352928263,,0.0,1.3922658352928263,2.1929330959
114790,1.3922655617509518,,0.0,1.3922655617509518,2.1970797702
114795,1.3922652822066626,,0.0,1.3922652822066626,2.1996203672
114800,1.3922649964325942,,0.0,1.3922649964325942,2.1999922698
114805,1.3922647026553057,,0.0,1.3922647026553057,2.1996755591
114810,1.392264397850853,,0.0,1.392264397850853,2.2028684929
114815,1.392264078790665,,0.0,1.392264078790665,2.2040207047
114820,1.3922637419733326,,0.0,1.3922637419733326,2.2070632135
114825,1.3922633835791371,,0.0,1.3922633835791371,2.2076488001
114830,1.3922629995837323,,0.0,1.3922629995837323,2.207115744
114835,1.3922625859172988,,0.0,1.3922625859172988,2.2018334886
114840,1.392262138600963,,0.0,1.392262138600963,2.1925633832
114845,1.3922616538150063,,0.0,1.3922616538150063,2.1820532576
114850,1.3922611281262294,,0.0,1.3922611281262294,2.1695355093
114855,1.3922605587380523,,0.0,1.3922605587380523,2.158899094
114860,1.39225994333136,,0.0,1.39225994333136,2.1506870748
114865,1.3922592800872395,,0.0,1.3922592800872395,2.1408932183
114870,1.3922585678233963,,0.0,1.3922585678233963,2.1290100966
114875,1.39225780628973,,0.0,1.39225780628973,2.1146580805
114880,1.3922569961455968,,0.0,1.3922569961455968,2.1061994426
114885,1.3922561388233914,,0.0,1.3922561388233914,2.1018020476
114890,1.392255236687701,,0.0,1.392255236687701,2.0977041887
114895,1.3922542928079427,,0.0,1.3922542928079427,2.094865937
114900,1.3922533109128896,,0.0,1.3922533109128896,2.0923071216
114905,1.3922522951633063,,0.0,1.3922522951633063,2.0869881663
114910,1.3922512502428956,,0.0,1.3922512502428956,2.079824289
114915,1.3922501813810342,,0.0,1.3922501813810342,2.0722027549
114920,1.3922490942163546,,0.0,1.3922490942163546,2.0660477381
114925,1.3922479946148525,,0.0,1.3922479946148525,2.0609987539
114930,1.3922468885562074,,0.0,1.3922468885562074,2.0596777758
114935,1.3922457817017873,,0.0,1.3922457817017873,2.061649876
114940,1.3922446793491787,,0.0,1.3922446793491787,2.0672225782
114945,1.3922435861138747,,0.0,1.3922435861138747,2.0729831865
114950,1.3922425059292758,,0.0,1.3922425059292758,2.0773116203
114955,1.3922414418420628,,0.0,1.3922414418420628,2.0779093323
114960,1.392240395989459,,0.0,1.392240395989459,2.077234334
114965,1.392239369508285,,0.0,1.392239369508285,2.0757090925
114970,1.3922383625576966,,0.0,1.3922383625576966,2.0775285246
114975,1.392237374319182,,0.0,1.392237374319182,2.0807339516
114980,1.392236402905619,,0.0,1.392236402905619,2.0845332755
114985,1.3922354454976904,,0.0,1.3922354454976904,2.0888949615
114990,1.392234498252942,,0.0,1.392234498252942,2.0943577446
114995,1.3922335565331436,,0.0,1.3922335565331436,2.0980203225
115000,1.3922326147451363,,0.0,1.3922326147451363,2.0998070767
115005,1.3922316669547137,,0.0,1.3922316669547137,2.1026878826
115010,1.3922307055224388,,0.0,1.3922307055224388,2.1078329491
115015,1.3922297233545484,,0.0,1.3922297233545484,2.111931861
115020,1.3922287126297141,,0.0,1.3922287126297141,2.1192583674
115025,1.3922276654811343,,0.0,1.3922276654811343,2.1280620137
115030,1.3922265749514644,,0.0,1.3922265749514644,2.1329676132
115035,1.3922254328555927,,0.0,1.3922254328555927,2.1339609268
115040,1.3922242310766173,,0.0,1.3922242310766173,2.1336117857
115045,1.3922229618159463,,0.0,1.3922229618159463,2.1308135966
115050,1.3922216177979247,,0.0,1.3922216177979247,2.1302094981
115055,1.3922201931565563,,0.0,1.3922201931565563,2.1329937586
115060,1.392218682321418,,0.0,1.392218682321418,2.1333805822
115065,1.3922170809498533,,0.0,1.3922170809498533,2.1328427771
115070,1.3922153862225464,,0.0,1.3922153862225464,2.1335090092
115075,1.3922135969799398,,0.0,1.3922135969799398,2.1353041566
115080,1.392211713631289,,0.0,1.392211713631289,2.1404360193
115085,1.3922097382228718,,0.0,1.3922097382228718,2.1440419271
115090,1.3922076741196785,,0.0,1.3922076741196785,2.1434891508
115095,1.3922055259599386,,0.0,1.3922055259599386,2.1391765499
115100,1.3922032995414397,,0.0,1.3922032995414397,2.1336085974
115105,1.3922010017760533,,0.0,1.3922010017760533,2.1277487881
115110,1.3921986406897362,,0.0,1.3921986406897362,2.1239473915
115115,1.3921962255362113,,0.0,1.3921962255362113,2.1181654769
115120,1.3921937668651776,,0.0,1.3921937668651776,2.1118353956
115125,1.3921912761585273,,0.0,1.3921912761585273,2.1029942654
115130,1.3921887657394008,,0.0,1.3921887657394008,2.0939372859
115135,1.3921862485448209,,0.0,1.3921862485448209,2.0865021845
115140,1.3921837379665392,,0.0,1.3921837379665392,2.083922909
115145,1.3921812475554625,,0.0,1.3921812475554625,2.0795813793
115150,1.392178790566924,,0.0,1.392178790566924,2.0742614646
115155,1.392176379801528,,0.0,1.392176379801528,2.0673884646
115160,1.3921740273323142,,0.0,1.3921740273323142,2.0594590049
115165,1.3921717443001285,,0.0,1.3921717443001285,2.0550790779
115170,1.392169540731732,,0.0,1.392169540731732,2.0512058631
115175,1.3921674253579106,,0.0,1.3921674253579106,2.047274884
115180,1.3921654056589463,,0.0,1.3921654056589463,2.0452363157
115185,1.3921634876827271,,0.0,1.3921634876827271,2.0437270777
115190,1.3921616761584283,,0.0,1.3921616761584283,2.0433966443
115195,1.392159974473777,,0.0,1.392159974473777,2.0461105706
115200,1.3921583848342052,,0.0,1.3921583848342052,2.0482602432
115205,1.392156908285589,,0.0,1.392156908285589,2.0517209599
115210,1.3921555448506644,,0.0,1.3921555448506644,2.0553308937
115215,1.3921542937336568,,0.0,1.3921542937336568,2.0570395875
115220,1.3921531532975437,,0.0,1.3921531532975437,2.0570923303
115225,1.3921521212914199,,0.0,1.3921521212914199,2.0574864284
115230,1.3921511949869148,,0.0,1.3921511949869148,2.0574630676
115235,1.3921503711781928,,0.0,1.3921503711781928,2.0621806374
115240,1.3921496462956362,,0.0,1.3921496462956362,2.0682828072
115245,1.3921490165195265,,0.0,1.3921490165195265,2.0719709438
115250,1.3921484777345712,,0.0,1.3921484777345712,2.0760916001
115255,1.3921480256208507,,0.0,1.3921480256208507,2.0786081783
115260,1.392147655585608,,0.0,1.392147655585608,2.0790542592
115265,1.3921473628314585,,0.0,1.3921473628314585,2.0787058778
115270,1.3921471421972345,,0.0,1.3921471421972345,2.0740903507
115275,1.3921469882716682,,0.0,1.3921469882716682,2.0742863064
115280,1.392146895256972,,0.0,1.392146895256972,2.0762520311
115285,1.3921468568778945,,0.0,1.3921468568778945,2.0833069729
115290,1.3921468664726637,,0.0,1.3921468664726637,2.0931054652
115295,1.3921469168565714,,0.0,1.3921469168565714,2.1005982329
115300,1.3921470002537617,,0.0,1.3921470002537617,2.1095446946
115305,1.3921471083881773,,0.0,1.3921471083881773,2.1214841212
115310,1.3921472323244053,,0.0,1.3921472323244053,2.1295973326
115315,1.3921473626723035,,0.0,1.3921473626723035,2.1346643422
115320,1.392147489450584,,0.0,1.392147489450584,2.1359310455
115325,1.392147602427857,,0.0,1.392147602427857,2.1388142185
115330,1.392147691099897,,0.0,1.392147691099897,2.1400748766
115335,1.3921477449624768,,0.0,1.3921477449624768,2.138202224
115340,1.392147753625053,,0.0,1.392147753625053,2.1356744671
115345,1.3921477069699184,,0.0,1.3921477069699184,2.1351858667
115350,1.3921475952658846,,0.0,1.3921475952658846,2.1355126469
115355,1.3921474093274384,,0.0,1.3921474093274384,2.1388752462
115360,1.3921471406284214,,0.0,1.3921471406284214,2.1423769284
115365,1.3921467813929784,,0.0,1.3921467813929784,2.1440200928
115370,1.3921463246637646,,0.0,1.3921463246637646,2.1459998328
115375,1.3921457644611015,,0.0,1.3921457644611015,2.1456298516
115380,1.3921450957829762,,0.0,1.3921450957829762,2.1508735834
115385,1.3921443146959884,,0.0,1.3921443146959884,2.1559132958
115390,1.3921434183808217,,0.0,1.3921434183808217,2.1581660535
115395,1.3921424052231905,,0.0,1.3921424052231905,2.1617683797
115400,1.392141274927521,,0.0,1.392141274927521,2.1668006956
115405,1.3921400284032703,,0.0,1.3921400284032703,2.1691777942
115410,1.3921386677876617,,0.0,1.3921386677876617,2.1731255038
115415,1.3921371961501123,,0.0,1.3921371961501123,2.1801299333
115420,1.3921356173558133,,0.0,1.3921356173558133,2.1844681367
115425,1.3921339363840408,,0.0,1.3921339363840408,2.189067596
115430,1.3921321592599463,,0.0,1.3921321592599463,2.194378259
115435,1.3921302931682384,,0.0,1.3921302931682384,2.1947756498
115440,1.3921283462030833,,0.0,1.3921283462030833,2.1909495772
115445,1.3921263271862117,,0.0,1.3921263271862117,2.1847429917
115450,1.3921242455987108,,0.0,1.3921242455987108,2.1769568641
115455,1.3921221112627147,,0.0,1.3921221112627147,2.1676209142
115460,1.3921199343186665,,0.0,1.3921199343186665,2.1571193592
115465,1.3921177249524832,,0.0,1.3921177249524832,2.1500371626
115470,1.392115493281871,,0.0,1.392115493281871,2.1429483755
115475,1.3921132493108557,,0.0,1.3921132493108557,2.1317504536
115480,1.3921110027024153,,0.0,1.3921110027024153,2.1194358536
115485,1.3921087643472958,,0.0,1.3921087643472958,2.1151435141
115490,1.3921065440221576,,0.0,1.3921065440221576,2.1131039735
115495,1.3921043497756933,,0.0,1.3921043497756933,2.112837153
115500,1.3921021890199767,,0.0,1.3921021890199767,2.1144785341
115505,1.3921000683030966,,0.0,1.3921000683030966,2.1159402495
115510,1.3920979931954756,,0.0,1.3920979931954756,2.1151830666
115515,1.3920959682216618,,0.0,1.3920959682216618,2.1091350897
115520,1.3920939968148545,,0.0,1.3920939968148545,2.1011170705
115525,1.3920920813851145,,0.0,1.3920920813851145,2.094774722
115530,1.3920902232511538,,0.0,1.3920902232511538,2.0910549288
115535,1.3920884227085462,,0.0,1.3920884227085462,2.0888914782
115540,1.3920866790979354,,0.0,1.3920866790979354,2.0892837541
115545,1.3920849907368262,,0.0,1.3920849907368262,2.091178266
115550,1.392083355146949,,0.0,1.392083355146949,2.0963502904
115555,1.3920817689633134,,0.0,1.3920817689633134,2.0996380146
115560,1.3920802280933635,,0.0,1.3920802280933635,2.0987571556
115565,1.3920787277624513,,0.0,1.3920787277624513,2.0988571971
115570,1.3920772625820452,,0.0,1.3920772625820452,2.0978020277
115575,1.3920758266634123,,0.0,1.3920758266634123,2.0989880864
115580,1.3920744137995096,,0.0,1.3920744137995096,2.1047300719
115585,1.3920730174422482,,0.0,1.3920730174422482,2.1099490779
115590,1.3920716309753296,,0.0,1.3920716309753296,2.1142369323
115595,1.3920702478279285,,0.0,1.3920702478279285,2.1198877266
115600,1.392068861474692,,0.0,1.392068861474692,2.1244024897
115605,1.3920674656858412,,0.0,1.3920674656858412,2.1259224189
115610,1.3920660545271701,,0.0,1.3920660545271701,2.1280956588
115615,1.3920646226328834,,0.0,1.3920646226328834,2.1329018336
115620,1.3920631651373876,,0.0,1.3920631651373876,2.1394189555
115625,1.3920616778344443,,0.0,1.3920616778344443,2.1474379362
115630,1.3920601573363272,,0.0,1.3920601573363272,2.157745474
115635,1.3920586012557121,,0.0,1.3920586012557121,2.1642751383
115640,1.3920570078873675,,0.0,1.3920570078873675,2.1665947596
115645,1.3920553763218366,,0.0,1.3920553763218366,2.1667681355
115650,1.3920537065136467,,0.0,1.3920537065136467,2.1659248996
115655,1.3920519993949905,,0.0,1.3920519993949905,2.166881882
115660,1.3920502568529916,,0.0,1.3920502568529916,2.168186377
115665,1.3920484815478107,,0.0,1.3920484815478107,2.1705315844
115670,1.3920466770263296,,0.0,1.3920466770263296,2.1708898996
115675,1.3920448475402587,,0.0,1.3920448475402587,2.1728610166
115680,1.3920429977733006,,0.0,1.3920429977733006,2.1744454807
115685,1.3920411328638866,,0.0,1.3920411328638866,2.1763493712
115690,1.392039258223285,,0.0,1.392039258223285,2.1777408746
115695,1.3920373792172904,,0.0,1.3920373792172904,2.1753768529
115700,1.3920355010752796,,0.0,1.3920355010752796,2.1701818505
115705,1.3920336287537929,,0.0,1.3920336287537929,2.1652541727
115710,1.3920317668228501,,0.0,1.3920317668228501,2.1593383113
115715,1.392029919375007,,0.0,1.392029919375007,2.1553528782
115720,1.3920280898434634,,0.0,1.3920280898434634,2.1508562209
115725,1.3920262809111166,,0.0,1.3920262809111166,2.14535148
115730,1.3920244944196167,,0.0,1.3920244944196167,2.139391301
115735,1.3920227312556843,,0.0,1.3920227312556843,2.1302260351
115740,1.392020991282901,,0.0,1.392020991282901,2.1232758024
115745,1.3920192733644452,,0.0,1.3920192733644452,2.1186048132
115750,1.392017575317621,,0.0,1.392017575317621,2.113941698
115755,1.3920158939365928,,0.0,1.3920158939365928,2.1101940116
115760,1.3920142249696503,,0.0,1.3920142249696503,2.1039190549
115765,1.392012563255626,,0.0,1.392012563255626,2.0987651577
115770,1.3920109028148409,,0.0,1.3920109028148409,2.0966252326
115775,1.392009237121943,,0.0,1.392009237121943,2.0965370334
115780,1.3920075591968508,,0.0,1.3920075591968508,2.0950862438
115785,1.3920058618775921,,0.0,1.3920058618775921,2.0929827743
115790,1.392004137933985,,0.0,1.392004137933985,2.090472582
115795,1.3920023804996304,,0.0,1.3920023804996304,2.0886149702
115800,1.392000583003703,,0.0,1.392000583003703,2.0909719851
115805,1.3919987395802067,,0.0,1.3919987395802067,2.0934543319
115810,1.3919968452043918,,0.0,1.3919968452043918,2.0979193123
115815,1.3919948957837032,,0.0,1.3919948957837032,2.1016511748
115820,1.3919928883396695,,0.0,1.3919928883396695,2.1043691847
115825,1.3919908210533771,,0.0,1.3919908210533771,2.1039512359
115830,1.3919886932882066,,0.0,1.3919886932882066,2.1032620093
115835,1.3919865055670952,,0.0,1.3919865055670952,2.105884159
115840,1.3919842594815928,,0.0,1.3919842594815928,2.1115168698
115845,1.3919819576009143,,0.0,1.3919819576009143,2.1201473282
115850,1.3919796033809961,,0.0,1.3919796033809961,2.1272854041
115855,1.3919772008916573,,0.0,1.3919772008916573,2.1311665804
115860,1.391974754725655,,0.0,1.391974754725655,2.1340523646
115865,1.3919722697713193,,0.0,1.3919722697713193,2.1359342376
115870,1.3919697510533988,,0.0,1.3919697510533988,2.1342002319
115875,1.3919672034829613,,0.0,1.3919672034829613,2.129418542
115880,1.391964631880127,,0.0,1.391964631880127,2.1270311246
115885,1.3919620406102895,,0.0,1.3919620406102895,2.1251829548
115890,1.3919594336750583,,0.0,1.3919594336750583,2.1284537883
115895,1.3919568145531052,,0.0,1.3919568145531052,2.1354044177
115900,1.3919541861092202,,0.0,1.3919541861092202,2.1429767731
115905,1.391951550685254,,0.0,1.391951550685254,2.1492467205
115910,1.3919489100546474,,0.0,1.3919489100546474,2.157280778
115915,1.3919462654451673,,0.0,1.3919462654451673,2.1651557995
115920,1.3919436176298519,,0.0,1.3919436176298519,2.1727546042
115925,1.391940966927011,,0.0,1.391940966927011,2.1765832296
115930,1.3919383133821177,,0.0,1.3919383133821177,2.181521824
115935,1.391935656790544,,0.0,1.391935656790544,2.1835311265
115940,1.3919329966748253,,0.0,1.3919329966748253,2.1819202583
115945,1.3919303324892873,,0.0,1.3919303324892873,2.1797349727
115950,1.3919276636655193,,0.0,1.3919276636655193,2.1778414457
115955,1.3919249896351111,,0.0,1.3919249896351111,2.1789004527
115960,1.391922309875125,,0.0,1.391922309875125,2.1848742403
115965,1.3919196240445146,,0.0,1.3919196240445146,2.1883700412
115970,1.3919169319386524,,0.0,1.3919169319386524,2.188742884
115975,1.3919142336030106,,0.0,1.3919142336030106,2.1912777836
115980,1.3919115293331634,,0.0,1.3919115293331634,2.1920674807
115985,1.3919088198794123,,0.0,1.3919088198794123,2.1959068477
115990,1.3919061056737492,,0.0,1.3919061056737492,2.202210013
115995,1.391903387352794,,0.0,1.391903387352794,2.2065826418
116000,1.3919006655759028,,0.0,1.3919006655759028,2.212472046
116005,1.391897941161587,,0.0,1.391897941161587,2.2143434754
116010,1.3918952149056212,,0.0,1.3918952149056212,2.2146420852
116015,1.3918924876265164,,0.0,1.3918924876265164,2.2182755466
116020,1.3918897601427838,,0.0,1.3918897601427838,2.2247274039
116025,1.3918870332274618,,0.0,1.3918870332274618,2.2291657667
116030,1.3918843076308518,,0.0,1.3918843076308518,2.2313718084
116035,1.3918815839895744,,0.0,1.3918815839895744,2.2359865034
116040,1.3918788629175123,,0.0,1.3918788629175123,2.2381306008
116045,1.3918761450285493,,0.0,1.3918761450285493,2.2348192015
116050,1.3918734308910954,,0.0,1.3918734308910954,2.2300522162
116055,1.3918707210280885,,0.0,1.3918707210280885,2.2231623873
116060,1.3918680159852028,,0.0,1.3918680159852028,2.2150772576
116065,1.3918653162399033,,0.0,1.3918653162399033,2.2051126402
116070,1.3918626223378636,,0.0,1.3918626223378636,2.1961672224
116075,1.3918599348474945,,0.0,1.3918599348474945,2.1870575672
116080,1.3918572543372068,,0.0,1.3918572543372068,2.1770372282
116085,1.3918545814890924,,0.0,1.3918545814890924,2.1653151671
116090,1.3918519170079808,,0.0,1.3918519170079808,2.1564764513
116095,1.3918492617351195,,0.0,1.3918492617351195,2.1498906797
116100,1.3918466165572287,,0.0,1.3918466165572287,2.1453766807
116105,1.3918439825656572,,0.0,1.3918439825656572,2.1464891009
116110,1.391841360897225,,0.0,1.391841360897225,2.1464934094
116115,1.3918387527797,,0.0,1.3918387527797,2.1452986478
116120,1.39183615955453,,0.0,1.39183615955453,2.141631846
116125,1.3918335826313737,,0.0,1.3918335826313737,2.1356566054
116130,1.391831023488098,,0.0,1.391831023488098,2.1292450939
116135,1.3918284835570975,,0.0,1.3918284835570975,2.124045136
116140,1.3918259642480306,,0.0,1.3918259642480306,2.120876644
116145,1.391823466925082,,0.0,1.391823466925082,2.1245325473
116150,1.3918209929524372,,0.0,1.3918209929524372,2.1288190381
116155,1.3918185436033361,,0.0,1.3918185436033361,2.1334642173
116160,1.391816119855444,,0.0,1.391816119855444,2.1374446865
116165,1.3918137228455825,,0.0,1.3918137228455825,2.1387358788
116170,1.3918113538697274,,0.0,1.3918113538697274,2.1388339554
116175,1.3918090136781809,,0.0,1.3918090136781809,2.1360477424
116180,1.3918067029757712,,0.0,1.3918067029757712,2.1331412049
116185,1.3918044225810102,,0.0,1.3918044225810102,2.1366199066
116190,1.3918021733124086,,0.0,1.3918021733124086,2.1411334311
116195,1.3917999560566872,,0.0,1.3917999560566872,2.1433754881
116200,1.3917977718142485,,0.0,1.3917977718142485,2.1454568564
116205,1.3917956215400213,,0.0,1.3917956215400213,2.1471125475
116210,1.391793506279882,,0.0,1.391793506279882,2.1487486695
116215,1.3917914270569691,,0.0,1.3917914270569691,2.1493345293
116220,1.3917893849171579,,0.0,1.3917893849171579,2.1521168583
116225,1.3917873808608507,,0.0,1.3917873808608507,2.1598247165
116230,1.391785415797505,,0.0,1.391785415797505,2.1690388016
116235,1.3917834905228947,,0.0,1.3917834905228947,2.1777437074
116240,1.391781605628167,,0.0,1.391781605628167,2.1834759027
116245,1.3917797614316323,,0.0,1.3917797614316323,2.1858504356
116250,1.3917779578423446,,0.0,1.3917779578423446,2.1855417969
116255,1.3917761944283116,,0.0,1.3917761944283116,2.1828601466
116260,1.3917744702118673,,0.0,1.3917744702118673,2.1819142105
116265,1.3917727836241989,,0.0,1.3917727836241989,2.1849282968
116270,1.39177113248261,,0.0,1.39177113248261,2.1864306942
116275,1.3917695139223116,,0.0,1.3917695139223116,2.1877579327
116280,1.3917679244191585,,0.0,1.3917679244191585,2.1896780882
116285,1.3917663598351222,,0.0,1.3917663598351222,2.1916610483
116290,1.3917648153273452,,0.0,1.3917648153273452,2.189782838
116295,1.3917632855072959,,0.0,1.3917632855072959,2.1884078477
116300,1.3917617644180318,,0.0,1.3917617644180318,2.1878965926
116305,1.3917602456251463,,0.0,1.3917602456251463,2.1854503792
116310,1.3917587223759225,,0.0,1.3917587223759225,2.1806400157
116315,1.3917571876675425,,0.0,1.3917571876675425,2.1750520653
116320,1.391755634315298,,0.0,1.391755634315298,2.1731491367
116325,1.3917540551344798,,0.0,1.3917540551344798,2.1682074791
116330,1.3917524430540613,,0.0,1.3917524430540613,2.1591531255
116335,1.391750791184907,,0.0,1.391750791184907,2.1492065027
116340,1.3917490930698733,,0.0,1.3917490930698733,2.1392530136
116345,1.3917473427065457,,0.0,1.3917473427065457,2.131698909
116350,1.3917455346836558,,0.0,1.3917455346836558,2.1280466183
116355,1.3917436643629737,,0.0,1.3917436643629737,2.1254458264
116360,1.3917417279020448,,0.0,1.3917417279020448,2.1219260091
116365,1.3917397224133434,,0.0,1.3917397224133434,2.1168172673
116370,1.3917376460097464,,0.0,1.3917376460097464,2.1122672702
116375,1.3917354978727432,,0.0,1.3917354978727432,2.1108366777
116380,1.3917332782979066,,0.0,1.3917332782979066,2.1090736114
116385,1.3917309886266862,,0.0,1.3917309886266862,2.1063230703
116390,1.3917286314055604,,0.0,1.3917286314055604,2.1009915077
116395,1.391726210226884,,0.0,1.391726210226884,2.0956510706
116400,1.3917237297061502,,0.0,1.3917237297061502,2.0933872661
116405,1.3917211955502007,,0.0,1.3917211955502007,2.093511555
116410,1.39171861439807,,0.0,1.39171861439807,2.093812497
116415,1.39171599379825,,0.0,1.39171599379825,2.0967008404
116420,1.3917133420950065,,0.0,1.3917133420950065,2.0998007499
116425,1.3917106682919627,,0.0,1.3917106682919627,2.1032437751
116430,1.391707981961151,,0.0,1.391707981961151,2.1047357883
116435,1.3917052929247054,,0.0,1.3917052929247054,2.1062743851
116440,1.3917026113458058,,0.0,1.3917026113458058,2.1092716638
116445,1.3916999474103682,,0.0,1.3916999474103682,2.1122334684
116450,1.3916973111678907,,0.0,1.3916973111678907,2.1157268748
116455,1.3916947124405072,,0.0,1.3916947124405072,2.1246151381
116460,1.3916921605956225,,0.0,1.3916921605956225,2.1310986902
116465,1.3916896643412857,,0.0,1.3916896643412857,2.1370494951
116470,1.3916872316579807,,0.0,1.3916872316579807,2.141146478
116475,1.391684869571261,,0.0,1.391684869571261,2.1421212912
116480,1.3916825840835416,,0.0,1.3916825840835416,2.1392329164
116485,1.3916803801286262,,0.0,1.3916803801286262,2.1380326669
116490,1.3916782613670782,,0.0,1.3916782613670782,2.1375213231
116495,1.3916762300270664,,0.0,1.3916762300270664,2.1380912502
116500,1.3916742869725758,,0.0,1.3916742869725758,2.1433044346
116505,1.391672431703404,,0.0,1.391672431703404,2.1474398162
116510,1.3916706623096924,,0.0,1.3916706623096924,2.1541663296
116515,1.3916689755401326,,0.0,1.3916689755401326,2.1633033152
116520,1.3916673666655495,,0.0,1.3916673666655495,2.1725625674
116525,1.3916658291605897,,0.0,1.3916658291605897,2.1799025232
116530,1.391664355022034,,0.0,1.391664355022034,2.1840096616
116535,1.3916629351780503,,0.0,1.3916629351780503,2.1866667818
116540,1.3916615598747142,,0.0,1.3916615598747142,2.1872099589
116545,1.3916602188806364,,0.0,1.3916602188806364,2.1863593332
116550,1.391658901464227,,0.0,1.391658901464227,2.1814656507
116555,1.39165759641643,,0.0,1.39165759641643,2.1794698068
116560,1.3916562922098805,,0.0,1.3916562922098805,2.1794534732
116565,1.3916549768852216,,0.0,1.3916549768852216,2.1808114962
116570,1.3916536383466773,,0.0,1.3916536383466773,2.1807405906
116575,1.3916522643165807,,0.0,1.3916522643165807,2.1807745293
116580,1.391650842630947,,0.0,1.391650842630947,2.1819501281
116585,1.3916493613304188,,0.0,1.3916493613304188,2.1834150419
116590,1.391647808728476,,0.0,1.391647808728476,2.1852412793
116595,1.3916461737070094,,0.0,1.3916461737070094,2.190540625
116600,1.3916444457390558,,0.0,1.3916444457390558,2.1956440528
116605,1.3916426150479546,,0.0,1.3916426150479546,2.1989927733
116610,1.3916406727892383,,0.0,1.3916406727892383,2.2026760822
116615,1.3916386111643149,,0.0,1.3916386111643149,2.2046861502
116620,1.3916364234886764,,0.0,1.3916364234886764,2.2111937396
116625,1.3916341044647371,,0.0,1.3916341044647371,2.2174359007
116630,1.3916316501363595,,0.0,1.3916316501363595,2.2173614281
116635,1.39162905811622,,0.0,1.39162905811622,2.2185419439
116640,1.3916263276540164,,0.0,1.3916263276540164,2.2232233363
116645,1.3916234596819417,,0.0,1.3916234596819417,2.2246184398
116650,1.3916204569056305,,0.0,1.3916204569056305,2.2236308954
116655,1.3916173237132117,,0.0,1.3916173237132117,2.2187453315
116660,1.3916140661525729,,0.0,1.3916140661525729,2.2105661415
116665,1.3916106918858877,,0.0,1.3916106918858877,2.1982012679
116670,1.3916072100531978,,0.0,1.3916072100531978,2.1873316172
116675,1.391603631158729,,0.0,1.391603631158729,2.1787675071
116680,1.3915999668890011,,0.0,1.3915999668890011,2.171024258
116685,1.3915962298627282,,0.0,1.3915962298627282,2.1609915215
116690,1.3915924335398706,,0.0,1.3915924335398706,2.1509288343
116695,1.3915885918351178,,0.0,1.3915885918351178,2.1430113741
116700,1.391584718981469,,0.0,1.391584718981469,2.1375121021
116705,1.3915808292801328,,0.0,1.3915808292801328,2.1348275536
116710,1.3915769368276893,,0.0,1.3915769368276893,2.1333701024
116715,1.3915730553342012,,0.0,1.3915730553342012,2.1322689643
116720,1.391569197941318,,0.0,1.391569197941318,2.1304450309
116725,1.3915653769494443,,0.0,1.3915653769494443,2.1267638582
116730,1.3915616037040535,,0.0,1.3915616037040535,2.1198960728
116735,1.3915578884137982,,0.0,1.3915578884137982,2.1132716647
116740,1.391554240059565,,0.0,1.391554240059565,2.1132235596
116745,1.3915506662580543,,0.0,1.3915506662580543,2.1139209643
116750,1.3915471732163092,,0.0,1.3915471732163092,2.1196869832
116755,1.3915437656635046,,0.0,1.3915437656635046,2.1252123111
116760,1.3915404468054764,,0.0,1.3915404468054764,2.1303297173
116765,1.3915372183701922,,0.0,1.3915372183701922,2.1370049108
116770,1.3915340805850163,,0.0,1.3915340805850163,2.1405722686
116775,1.3915310322676546,,0.0,1.3915310322676546,2.1405081081
116780,1.3915280708488924,,0.0,1.3915280708488924,2.1381506684
116785,1.3915251925999557,,0.0,1.3915251925999557,2.1410720342
116790,1.3915223925415692,,0.0,1.3915223925415692,2.1472677138
116795,1.391519664557635,,0.0,1.391519664557635,2.1510335095
116800,1.3915170016908096,,0.0,1.3915170016908096,2.1531547185
116805,1.3915143961879726,,0.0,1.3915143961879726,2.1554595023
116810,1.3915118397275945,,0.0,1.3915118397275945,2.1590730932
116815,1.391509323533417,,0.0,1.391509323533417,2.1623275761
116820,1.3915068386927636,,0.0,1.3915068386927636,2.1641114924
116825,1.3915043761792747,,0.0,1.3915043761792747,2.1673172218
116830,1.391501927080274,,0.0,1.391501927080274,2.175860507
116835,1.3914994828696037,,0.0,1.3914994828696037,2.185378852
116840,1.3914970355440437,,0.0,1.3914970355440437,2.1932104148
116845,1.3914945778052032,,0.0,1.3914945778052032,2.2008864495
116850,1.3914921033550935,,0.0,1.3914921033550935,2.2067459671
116855,1.3914896068733926,,0.0,1.3914896068733926,2.2089765173
116860,1.3914870843130176,,0.0,1.3914870843130176,2.2079441745
116865,1.3914845328773886,,0.0,1.3914845328773886,2.2058990227
116870,1.3914819511113745,,0.0,1.3914819511113745,2.2065053725
116875,1.3914793388330842,,0.0,1.3914793388330842,2.2074423171
116880,1.3914766972702846,,0.0,1.3914766972702846,2.2091230317
116885,1.3914740288102994,,0.0,1.3914740288102994,2.2101723137
116890,1.3914713370454832,,0.0,1.3914713370454832,2.2128708086
116895,1.3914686266140661,,0.0,1.3914686266140661,2.2141109116
116900,1.3914659031774164,,0.0,1.3914659031774164,2.2124909179
116905,1.3914631731472045,,0.0,1.3914631731472045,2.2105154734
116910,1.391460443662667,,0.0,1.391460443662667,2.2066902228
116915,1.3914577223632405,,0.0,1.3914577223632405,2.2023461205
116920,1.3914550172066729,,0.0,1.3914550172066729,2.1990003877
116925,1.3914523365599665,,0.0,1.3914523365599665,2.1993645155
116930,1.3914496889947516,,0.0,1.3914496889947516,2.19669345
116935,1.391447082309621,,0.0,1.391447082309621,2.1902869876
116940,1.391444523916647,,0.0,1.391444523916647,2.1816656979
116945,1.3914420206594929,,0.0,1.3914420206594929,2.1715695234
116950,1.3914395786542555,,0.0,1.3914395786542555,2.1632368803
116955,1.3914372031075748,,0.0,1.3914372031075748,2.158728879
116960,1.391434898180216,,0.0,1.391434898180216,2.1562395949
116965,1.3914326669643322,,0.0,1.3914326669643322,2.1508171337
116970,1.3914305112788374,,0.0,1.3914305112788374,2.1462581544
116975,1.3914284318285604,,0.0,1.3914284318285604,2.1416616577
116980,1.391426428090563,,0.0,1.391426428090563,2.1401178863
116985,1.3914244984960333,,0.0,1.3914244984960333,2.1366706345
116990,1.391422640180181,,0.0,1.391422640180181,2.1325211852
116995,1.3914208489367694,,0.0,1.3914208489367694,2.1269992506
117000,1.3914191194227394,,0.0,1.3914191194227394,2.1223861009
117005,1.391417445658412,,0.0,1.391417445658412,2.1185643131
117010,1.391415821163908,,0.0,1.391415821163908,2.1193551241
117015,1.3914142390500917,,0.0,1.3914142390500917,2.1178418224
117020,1.3914126921777268,,0.0,1.3914126921777268,2.1160297752
117025,1.3914111731120042,,0.0,1.3914111731120042,2.1189695853
117030,1.3914096743271689,,0.0,1.3914096743271689,2.1221029854
117035,1.391408188183783,,0.0,1.391408188183783,2.1242855139
117040,1.3914067071333553,,0.0,1.3914067071333553,2.1281099583
117045,1.3914052239002315,,0.0,1.3914052239002315,2.1329592522
117050,1.3914037314133845,,0.0,1.3914037314133845,2.1366604937
117055,1.3914022228973608,,0.0,1.3914022228973608,2.1391523143
117060,1.3914006921223818,,0.0,1.3914006921223818,2.1470950623
117065,1.3913991334725513,,0.0,1.3913991334725513,2.1529427238
117070,1.391397542059539,,0.0,1.391397542059539,2.1563929958
117075,1.3913959137680525,,0.0,1.3913959137680525,2.1569705897
117080,1.3913942453013113,,0.0,1.3913942453013113,2.1563656825
117085,1.3913925342492546,,0.0,1.3913925342492546,2.1541010576
117090,1.391390779088542,,0.0,1.391390779088542,2.1507793097
117095,1.3913889791370815,,0.0,1.3913889791370815,2.1542656727
117100,1.3913871346677096,,0.0,1.3913871346677096,2.1583740885
117105,1.3913852465444103,,0.0,1.3913852465444103,2.1653486604
117110,1.3913833162223148,,0.0,1.3913833162223148,2.171866625
117115,1.391381345747701,,0.0,1.391381345747701,2.1766142974
117120,1.3913793375988384,,0.0,1.3913793375988384,2.1838877495
117125,1.3913772945723066,,0.0,1.3913772945723066,2.1925216708
117130,1.391375219578368,,0.0,1.391375219578368,2.1987952208
117135,1.3913731155727564,,0.0,1.3913731155727564,2.2016411513
117140,1.3913709850337426,,0.0,1.3913709850337426,2.203776788
117145,1.3913688302122318,,0.0,1.3913688302122318,2.203960751
117150,1.391366653177238,,0.0,1.391366653177238,2.2032358886
117155,1.3913644558386207,,0.0,1.3913644558386207,2.2001898778
117160,1.391362239856139,,0.0,1.391362239856139,2.201525221
117165,1.3913600063666132,,0.0,1.3913600063666132,2.2065227037
117170,1.391357756143082,,0.0,1.391357756143082,2.2108271725
117175,1.391355489481119,,0.0,1.391355489481119,2.214381548
117180,1.3913532061533598,,0.0,1.3913532061533598,2.2164149295
117185,1.3913509055459208,,0.0,1.3913509055459208,2.21951468
117190,1.391348586544718,,0.0,1.391348586544718,2.2197490473
117195,1.3913462475582015,,0.0,1.3913462475582015,2.2226417845
117200,1.3913438865855663,,0.0,1.3913438865855663,2.2273444073
117205,1.3913415011485428,,0.0,1.3913415011485428,2.2347110021
117210,1.3913390883368693,,0.0,1.3913390883368693,2.2418475614
117215,1.3913366449219737,,0.0,1.3913366449219737,2.246499415
117220,1.3913341671978197,,0.0,1.3913341671978197,2.2530711392
117225,1.3913316512764793,,0.0,1.3913316512764793,2.2629584581
117230,1.3913290929517148,,0.0,1.3913290929517148,2.2709227315
117235,1.3913264878808698,,0.0,1.3913264878808698,2.2761507402
117240,1.391323831607606,,0.0,1.391323831607606,2.276509144
117245,1.3913211197437942,,0.0,1.3913211197437942,2.2798937061
117250,1.3913183479922508,,0.0,1.3913183479922508,2.2793103814
117255,1.3913155120330563,,0.0,1.3913155120330563,2.2735726175
117260,1.391312607409872,,0.0,1.391312607409872,2.2658721887
117265,1.3913096303029795,,0.0,1.3913096303029795,2.2556315587
117270,1.3913065780522174,,0.0,1.3913065780522174,2.2428905707
117275,1.3913034496344467,,0.0,1.3913034496344467,2.2334084982
117280,1.391300245504396,,0.0,1.391300245504396,2.22284837
117285,1.3912969676628701,,0.0,1.3912969676628701,2.2125820774
117290,1.3912936194748593,,0.0,1.3912936194748593,2.1998461789
117295,1.3912902056922758,,0.0,1.3912902056922758,2.1908178178
117300,1.3912867322720612,,0.0,1.3912867322720612,2.1847683058
117305,1.3912832066035528,,0.0,1.3912832066035528,2.1796238594
117310,1.3912796374857446,,0.0,1.3912796374857446,2.1764413857
117315,1.39127603417236,,0.0,1.39127603417236,2.1739920497
117320,1.3912724067356335,,0.0,1.3912724067356335,2.1699358659
117325,1.3912687659981011,,0.0,1.3912687659981011,2.1635456937
117330,1.3912651231460815,,0.0,1.3912651231460815,2.1552338388
117335,1.3912614895705215,,0.0,1.3912614895705215,2.1461653334
117340,1.3912578765714219,,0.0,1.3912578765714219,2.1380116849
117345,1.3912542952668925,,0.0,1.3912542952668925,2.1351956117
117350,1.3912507562066323,,0.0,1.3912507562066323,2.132109778
117355,1.3912472693264568,,0.0,1.3912472693264568,2.1340521318
117360,1.3912438437664074,,0.0,1.3912438437664074,2.1377617798
117365,1.3912404876433861,,0.0,1.3912404876433861,2.1426565697
117370,1.3912372081421016,,0.0,1.3912372081421016,2.1467786847
117375,1.3912340112877053,,0.0,1.3912340112877053,2.1481451987
117380,1.3912309019685278,,0.0,1.3912309019685278,2.1457170087
117385,1.3912278839588148,,0.0,1.3912278839588148,2.1403447317
117390,1.3912249598505182,,0.0,1.3912249598505182,2.1469299692
117395,1.3912221311669783,,0.0,1.3912221311669783,2.1541922864
117400,1.3912193983401866,,0.0,1.3912193983401866,2.1597104574
117405,1.3912167608699426,,0.0,1.3912167608699426,2.1641672432
117410,1.391214217255642,,0.0,1.391214217255642,2.167660945
117415,1.3912117653373253,,0.0,1.3912117653373253,2.1703726643
117420,1.391209402181994,,0.0,1.391209402181994,2.1731682028
117425,1.391207124333712,,0.0,1.391207124333712,2.1744437859
117430,1.3912049278818153,,0.0,1.3912049278818153,2.175790997
117435,1.3912028085518566,,0.0,1.3912028085518566,2.1774035534
117440,1.3912007618192883,,0.0,1.3912007618192883,2.1834218421
117445,1.3911987830913537,,0.0,1.3911987830913537,2.1899488756
117450,1.3911968677070865,,0.0,1.3911968677070865,2.1955023562
117455,1.3911950110964661,,0.0,1.3911950110964661,2.197451268
117460,1.391193208848627,,0.0,1.391193208848627,2.1962341468
117465,1.3911914567800676,,0.0,1.3911914567800676,2.1929157626
117470,1.391189751093806,,0.0,1.391189751093806,2.1927739983
117475,1.3911880884021157,,0.0,1.3911880884021157,2.1945989062
117480,1.3911864656810524,,0.0,1.3911864656810524,2.1962084806
117485,1.391184880497819,,0.0,1.391184880497819,2.196931507
117490,1.3911833308061383,,0.0,1.3911833308061383,2.1974985454
117495,1.391181815105406,,0.0,1.391181815105406,2.1977869103
117500,1.391180332258801,,0.0,1.391180332258801,2.1996070021
117505,1.3911788815614947,,0.0,1.3911788815614947,2.1982039242
117510,1.3911774625587585,,0.0,1.3911774625587585,2.1945652689
117515,1.391176074955019,,0.0,1.391176074955019,2.1895770322
117520,1.3911747186365941,,0.0,1.3911747186365941,2.1857722638
117525,1.391173393398856,,0.0,1.391173393398856,2.1821813589
117530,1.391172098968967,,0.0,1.391172098968967,2.1810208778
117535,1.3911708349376728,,0.0,1.3911708349376728,2.1761141948
117540,1.3911696005546705,,0.0,1.3911696005546705,2.1688335896
117545,1.3911683950923952,,0.0,1.3911683950923952,2.159945862
117550,1.3911672172321343,,0.0,1.3911672172321343,2.1491408941
117555,1.3911660650185553,,0.0,1.3911660650185553,2.1405729736
117560,1.3911649361552807,,0.0,1.3911649361552807,2.139172286
117565,1.3911638280048846,,0.0,1.3911638280048846,2.1377064972
117570,1.391162737725315,,0.0,1.391162737725315,2.1321386602
117575,1.391161662224419,,0.0,1.391161662224419,2.1252388094
117580,1.39116059836457,,0.0,1.39116059836457,2.1195468797
117585,1.391159542985406,,0.0,1.391159542985406,2.1165758181
117590,1.3911584929720373,,0.0,1.3911584929720373,2.1142754735
117595,1.391157445527884,,0.0,1.391157445527884,2.1088514973
117600,1.3911563980837307,,0.0,1.3911563980837307,2.1036209292
117605,1.3911553485023536,,0.0,1.3911553485023536,2.0970850356
117610,1.3911542950330489,,0.0,1.3911542950330489,2.0916071904
117615,1.3911532365389954,,0.0,1.3911532365389954,2.0882032019
117620,1.391152172383573,,0.0,1.391152172383573,2.0850562089
117625,1.3911511024303633,,0.0,1.3911511024303633,2.0824888244
117630,1.3911500271113586,,0.0,1.3911500271113586,2.0856922909
117635,1.3911489474269612,,0.0,1.3911489474269612,2.0880335376
117640,1.3911478647640925,,0.0,1.3911478647640925,2.0879075223
117645,1.3911467809644027,,0.0,1.3911467809644027,2.0898845622
117650,1.3911456980969066,,0.0,1.3911456980969066,2.0938227695
117655,1.3911446185944003,,0.0,1.3911446185944003,2.0975861864
117660,1.391143544866945,,0.0,1.391143544866945,2.1031350056
117665,1.3911424793700737,,0.0,1.3911424793700737,2.1113816669
117670,1.3911414244683746,,0.0,1.3911414244683746,2.1168682016
117675,1.3911403822081252,,0.0,1.3911403822081252,2.119450181
117680,1.3911393543172934,,0.0,1.3911393543172934,2.1187664484
117685,1.391138341978173,,0.0,1.391138341978173,2.1168298887
117690,1.3911373458046479,,0.0,1.3911373458046479,2.1131794082
117695,1.3911363657512448,,0.0,1.3911363657512448,2.1113961032
117700,1.391135401067662,,0.0,1.391135401067662,2.1164270238
117705,1.3911344502078224,,0.0,1.3911344502078224,2.1203657709
117710,1.391133510852612,,0.0,1.391133510852612,2.1260055608
117715,1.39113257995535,,0.0,1.39113257995535,2.1320233571
117720,1.3911316537417904,,0.0,1.3911316537417904,2.1366293989
117725,1.3911307278465408,,0.0,1.3911307278465408,2.1399937792
117730,1.391129797290325,,0.0,1.391129797290325,2.1453435087
117735,1.3911288567528204,,0.0,1.3911288567528204,2.1506378775
117740,1.3911279005499224,,0.0,1.3911279005499224,2.1535119493
117745,1.39112692290658,,0.0,1.39112692290658,2.1555107521
117750,1.391125917888587,,0.0,1.391125917888587,2.1561855777
117755,1.3911248796754205,,0.0,1.3911248796754205,2.1552819567
117760,1.3911238027421298,,0.0,1.3911238027421298,2.1516063919
117765,1.3911226819730205,,0.0,1.3911226819730205,2.1533049536
117770,1.391121512184189,,0.0,1.391121512184189,2.1566120539
117775,1.391120288532777,,0.0,1.391120288532777,2.161997327
117780,1.3911190066079198,,0.0,1.3911190066079198,2.1652585711
117785,1.391117662317061,,0.0,1.391117662317061,2.1656810426
117790,1.391116252022374,,0.0,1.391116252022374,2.1677209724
117795,1.3911147723133952,,0.0,1.3911147723133952,2.1704572381
117800,1.39111322023439,,0.0,1.39111322023439,2.1728840261
117805,1.3911115930115154,,0.0,1.3911115930115154,2.1784324098
117810,1.391109888189238,,0.0,1.391109888189238,2.1863315536
117815,1.3911081034484425,,0.0,1.3911081034484425,2.1936429023
117820,1.3911062366291693,,0.0,1.3911062366291693,2.1978251429
117825,1.3911042858897682,,0.0,1.3911042858897682,2.2007384712
117830,1.3911022493885894,,0.0,1.3911022493885894,2.2089384104
117835,1.391100125420401,,0.0,1.391100125420401,2.2165206071
117840,1.391097912461863,,0.0,1.391097912461863,2.2203706548
117845,1.3910956092169993,,0.0,1.3910956092169993,2.2234801409
117850,1.3910932146399348,,0.0,1.3910932146399348,2.2277676117
117855,1.391090728003104,,0.0,1.391090728003104,2.2252571798
117860,1.3910881490109333,,0.0,1.3910881490109333,2.220215926
117865,1.3910854778225776,,0.0,1.3910854778225776,2.2133767011
117870,1.3910827151656027,,0.0,1.3910827151656027,2.2038052714
117875,1.3910798623132479,,0.0,1.3910798623132479,2.1917114054
117880,1.3910769213117908,,0.0,1.3910769213117908,2.1837424277
117885,1.3910738948441292,,0.0,1.3910738948441292,2.1745694111
117890,1.3910707863889358,,0.0,1.3910707863889358,2.1660882634
117895,1.3910676002206572,,0.0,1.3910676002206572,2.1533390016
117900,1.391064341386779,,0.0,1.391064341386779,2.1415795811
117905,1.3910610157078243,,0.0,1.3910610157078243,2.1341089611
117910,1.3910576298228288,,0.0,1.3910576298228288,2.129797136
117915,1.391054191007446,,0.0,1.391054191007446,2.1266825666
117920,1.3910507072421605,,0.0,1.3910507072421605,2.1231022963
117925,1.3910471870986019,,0.0,1.3910471870986019,2.119756122
117930,1.3910436396486023,,0.0,1.3910436396486023,2.115152702
117935,1.3910400744187223,,0.0,1.3910400744187223,2.1081655233
117940,1.3910365012765677,,0.0,1.3910365012765677,2.0993042408
117945,1.391032930339846,,0.0,1.391032930339846,2.0915669804
117950,1.3910293718626827,,0.0,1.3910293718626827,2.0893376634
117955,1.3910258360082577,,0.0,1.3910258360082577,2.0858350075
117960,1.3910223328715416,,0.0,1.3910223328715416,2.0917262233
117965,1.3910188721155134,,0.0,1.3910188721155134,2.1018727185
117970,1.3910154634031515,,0.0,1.3910154634031515,2.1081571517
117975,1.3910121157153421,,0.0,1.3910121157153421,2.1126306183
117980,1.3910088371235145,,0.0,1.3910088371235145,2.1133101009
117985,1.3910056349487958,,0.0,1.3910056349487958,2.1100100181
117990,1.3910025156710661,,0.0,1.3910025156710661,2.1072354733
117995,1.390999484838012,,0.0,1.390999484838012,2.1105659972
118000,1.3909965469741812,,0.0,1.3909965469741812,2.1175948142
118005,1.3909937055809822,,0.0,1.3909937055809822,2.1251698818
118010,1.3909909631139485,,0.0,1.3909909631139485,2.1321375753
118015,1.3909883209600018,,0.0,1.3909883209600018,2.1352315783
118020,1.3909857795738705,,0.0,1.3909857795738705,2.1370167101
118025,1.3909833383416712,,0.0,1.3909833383416712,2.1395579702
118030,1.3909809959219552,,0.0,1.3909809959219552,2.140840999
118035,1.3909787500638167,,0.0,1.3909787500638167,2.141634597
118040,1.39097659794794,,0.0,1.39097659794794,2.1461275756
118045,1.3909745361183885,,0.0,1.3909745361183885,2.1528056322
118050,1.3909725607781807,,0.0,1.3909725607781807,2.1612193292
118055,1.3909706679257061,,0.0,1.3909706679257061,2.1680929196
118060,1.3909688533774636,,0.0,1.3909688533774636,2.1709211386
118065,1.390967112927215,,0.0,1.390967112927215,2.1711359261
118070,1.3909654424596687,,0.0,1.3909654424596687,2.1705831338
118075,1.3909638380641602,,0.0,1.3909638380641602,2.1691993217
118080,1.390962296148335,,0.0,1.390962296148335,2.1703403819
118085,1.3909608133244666,,0.0,1.3909608133244666,2.171060148
118090,1.3909593866822934,,0.0,1.3909593866822934,2.1703759883
118095,1.3909580136071265,,0.0,1.3909580136071265,2.1689205924
118100,1.3909566919390062,,0.0,1.3909566919390062,2.1688299135
118105,1.3909554198362823,,0.0,1.3909554198362823,2.1704545917
118110,1.3909541958210878,,0.0,1.3909541958210878,2.1696014051
118115,1.3909530186883925,,0.0,1.3909530186883925,2.1679463673
118120,1.3909518874832663,,0.0,1.3909518874832663,2.1652164018
118125,1.3909508014099345,,0.0,1.3909508014099345,2.1614407582
118130,1.3909497598090412,,0.0,1.3909497598090412,2.1586419416
118135,1.3909487617711296,,0.0,1.3909487617711296,2.1563646339
118140,1.3909478063640062,,0.0,1.3909478063640062,2.1514875711
118145,1.3909468924281136,,0.0,1.3909468924281136,2.1448145863
118150,1.3909460189175766,,0.0,1.3909460189175766,2.1379323626
118155,1.3909451840589546,,0.0,1.3909451840589546,2.1292993717
118160,1.3909443858059691,,0.0,1.3909443858059691,2.1226080823
118165,1.3909436217485602,,0.0,1.3909436217485602,2.1234396075
118170,1.3909428892265665,,0.0,1.3909428892265665,2.1219628817
118175,1.3909421853524624,,0.0,1.3909421853524624,2.1170977861
118180,1.390941507147777,,0.0,1.390941507147777,2.1109991764
118185,1.3909408515658301,,0.0,1.3909408515658301,2.1058802998
118190,1.3909402156508868,,0.0,1.3909402156508868,2.1058921376
118195,1.3909395966291038,,0.0,1.3909395966291038,2.1037286921
118200,1.3909389920222115,,0.0,1.3909389920222115,2.1019439202
118205,1.3909383998294047,,0.0,1.3909383998294047,2.0987557726
118210,1.3909378185046068,,0.0,1.3909378185046068,2.0940334376
118215,1.3909372471610975,,0.0,1.3909372471610975,2.0907211873
118220,1.3909366855033034,,0.0,1.3909366855033034,2.087694455
118225,1.3909361341223714,,0.0,1.3909361341223714,2.0865032153
118230,1.3909355945189048,,0.0,1.3909355945189048,2.0852204792
118235,1.3909350684890813,,0.0,1.3909350684890813,2.0883003601
118240,1.3909345585793804,,0.0,1.3909345585793804,2.0904296283
118245,1.3909340679274271,,0.0,1.3909340679274271,2.089180455
118250,1.390933600307468,,0.0,1.390933600307468,2.0913586139
118255,1.3909331600621588,,0.0,1.3909331600621588,2.0942202548
118260,1.3909327519888848,,0.0,1.3909327519888848,2.0966573555
118265,1.3909323810669216,,0.0,1.3909323810669216,2.1036102981
118270,1.3909320525029099,,0.0,1.3909320525029099,2.111618736
118275,1.3909317712761256,,0.0,1.3909317712761256,2.1180748614
118280,1.3909315422066897,,0.0,1.3909315422066897,2.1196219615
118285,1.3909313695235763,,0.0,1.3909313695235763,2.1182669225
118290,1.3909312567509309,,0.0,1.3909312567509309,2.1132545339
118295,1.3909312064579689,,0.0,1.3909312064579689,2.1104072153
118300,1.390931220145294,,0.0,1.390931220145294,2.1083035948
118305,1.3909312980402706,,0.0,1.3909312980402706,2.1091454661
118310,1.3909314388696588,,0.0,1.3909314388696588,2.1122888051
118315,1.3909316398823517,,0.0,1.3909316398823517,2.1204370156
118320,1.3909318966674842,,0.0,1.3909318966674842,2.1280924643
118325,1.390932203222641,,0.0,1.390932203222641,2.1337935369
118330,1.39093255206754,,0.0,1.39093255206754,2.1391436528
118335,1.390932934244031,,0.0,1.390932934244031,2.1457841138
118340,1.3909333396798804,,0.0,1.3909333396798804,2.1498071318
118345,1.3909337572797147,,0.0,1.3909337572797147,2.1525501051
118350,1.3909341753342772,,0.0,1.3909341753342772,2.1529182266
118355,1.390934581816002,,0.0,1.390934581816002,2.1540174432
118360,1.390934964742795,,0.0,1.390934964742795,2.151998691
118365,1.390935312837392,,0.0,1.390935312837392,2.1481774273
118370,1.3909356153682024,,0.0,1.3909356153682024,2.1482412426
118375,1.3909358626267747,,0.0,1.3909358626267747,2.1488450606
118380,1.390936046337052,,0.0,1.390936046337052,2.1535576794
118385,1.3909361598145265,,0.0,1.3909361598145265,2.157260194
118390,1.3909361982163404,,0.0,1.3909361982163404,2.157744963
118395,1.3909361587004418,,0.0,1.3909361587004418,2.160301166
118400,1.3909360403801097,,0.0,1.3909360403801097,2.166247752
118405,1.3909358444603748,,0.0,1.3909358444603748,2.173168919
118410,1.390935574078863,,0.0,1.390935574078863,2.1806237488
118415,1.390935234305796,,0.0,1.390935234305796,2.1850722001
118420,1.3909348317802084,,0.0,1.3909348317802084,2.188455102
118425,1.390934374709948,,0.0,1.390934374709948,2.1905556869
118430,1.390933872439684,,0.0,1.390933872439684,2.194573119
118435,1.390933335223542,,0.0,1.390933335223542,2.2021720751
118440,1.3909327739295305,,0.0,1.3909327739295305,2.2092864301
118445,1.39093219960755,,0.0,1.39093219960755,2.2138440116
118450,1.3909316233302376,,0.0,1.3909316233302376,2.2178629885
118455,1.3909310556927648,,0.0,1.3909310556927648,2.2214484269
118460,1.3909305066764206,,0.0,1.3909305066764206,2.2225402452
118465,1.3909299853757726,,0.0,1.3909299853757726,2.2194339378
118470,1.390929499680359,,0.0,1.390929499680359,2.2138941035
118475,1.3909290563201604,,0.0,1.3909290563201604,2.2032647696
118480,1.3909286605927627,,0.0,1.3909286605927627,2.1882447099
118485,1.3909283164315664,,0.0,1.3909283164315664,2.1766537134
118490,1.3909280263603145,,0.0,1.3909280263603145,2.1674207993
118495,1.3909277915613005,,0.0,1.3909277915613005,2.1590352567
118500,1.3909276119435792,,0.0,1.3909276119435792,2.147624553
118505,1.390927486370329,,0.0,1.390927486370329,2.1335900496
118510,1.390927412613381,,0.0,1.390927412613381,2.1223874515
118515,1.390927387671528,,0.0,1.390927387671528,2.1168225082
118520,1.3909274078159963,,0.0,1.3909274078159963,2.1147972333
118525,1.3909274689314945,,0.0,1.3909274689314945,2.1131424727
118530,1.3909275664934746,,0.0,1.3909275664934746,2.1113511813
118535,1.3909276956363428,,0.0,1.3909276956363428,2.1063061471
118540,1.3909278508124123,,0.0,1.3909278508124123,2.0993348744
118545,1.3909280261784231,,0.0,1.3909280261784231,2.0902363358
118550,1.3909282160275338,,0.0,1.3909282160275338,2.0844488495
118555,1.3909284146074299,,0.0,1.3909284146074299,2.0818630274
118560,1.39092861621127,,0.0,1.39092861621127,2.0812008713
118565,1.3909288149730574,,0.0,1.3909288149730574,2.0871072555
118570,1.3909290048903775,,0.0,1.3909290048903775,2.094839192
118575,1.3909291796197687,,0.0,1.3909291796197687,2.1013569312
118580,1.3909293324994598,,0.0,1.3909293324994598,2.1064990363
118585,1.3909294564584238,,0.0,1.3909294564584238,2.1080016423
118590,1.3909295439936427,,0.0,1.3909295439936427,2.1084390694
118595,1.3909295872383143,,0.0,1.3909295872383143,2.1069720842
118600,1.3909295779618547,,0.0,1.3909295779618547,2.1114364576
118605,1.3909295077063155,,0.0,1.3909295077063155,2.1185492832
118610,1.3909293678318568,,0.0,1.3909293678318568,2.1250458408
118615,1.3909291497668486,,0.0,1.3909291497668486,2.130331165
118620,1.3909288450760782,,0.0,1.3909288450760782,2.1333591775
118625,1.3909284457335895,,0.0,1.3909284457335895,2.1354445639
118630,1.3909279442818367,,0.0,1.3909279442818367,2.138354498
118635,1.3909273341045212,,0.0,1.3909273341045212,2.1391956106
118640,1.3909266094720654,,0.0,1.3909266094720654,2.1440932356
118645,1.3909257659281307,,0.0,1.3909257659281307,2.148751322
118650,1.390924800289618,,0.0,1.390924800289618,2.1541989088
118655,1.3909237108967691,,0.0,1.3909237108967691,2.1627535546
118660,1.3909224977041106,,0.0,1.3909224977041106,2.1679629453
118665,1.3909211623031923,,0.0,1.3909211623031923,2.169576403
118670,1.390919708081741,,0.0,1.390919708081741,2.1685048733
118675,1.3909181401099782,,0.0,1.3909181401099782,2.1659343984
118680,1.3909164651860935,,0.0,1.3909164651860935,2.1647781573
118685,1.3909146917225625,,0.0,1.3909146917225625,2.1660574689
118690,1.3909128296779376,,0.0,1.3909128296779376,2.1691670992
118695,1.390910890420429,,0.0,1.390910890420429,2.1709940381
118700,1.3909088865232768,,0.0,1.3909088865232768,2.1730005373
118705,1.3909068316055972,,0.0,1.3909068316055972,2.175407802
118710,1.3909047401732266,,0.0,1.3909047401732266,2.1772301631
118715,1.3909026274595662,,0.0,1.3909026274595662,2.1800864441
118720,1.3909005090845372,,0.0,1.3909005090845372,2.1790864523
118725,1.3908984008726883,,0.0,1.3908984008726883,2.1755784939
118730,1.390896318716777,,0.0,1.390896318716777,2.1703419959
118735,1.390894278213988,,0.0,1.390894278213988,2.1652895432
118740,1.3908922946204594,,0.0,1.3908922946204594,2.1652172001
118745,1.3908903822373997,,0.0,1.3908903822373997,2.1607147114
118750,1.3908885543428782,,0.0,1.3908885543428782,2.1543302734
118755,1.3908868230099345,,0.0,1.3908868230099345,2.1485077455
118760,1.3908851988110038,,0.0,1.3908851988110038,2.1413368212
118765,1.3908836907497089,,0.0,1.3908836907497089,2.1341653333
118770,1.3908823060334945,,0.0,1.3908823060334945,2.1339509645
118775,1.3908810499826838,,0.0,1.3908810499826838,2.1317366137
118780,1.3908799260304756,,0.0,1.3908799260304756,2.1265187149
118785,1.3908789357002105,,0.0,1.3908789357002105,2.1196778172
118790,1.3908780785144232,,0.0,1.3908780785144232,2.1140626349
118795,1.3908773523131543,,0.0,1.3908773523131543,2.113108952
118800,1.3908767530265846,,0.0,1.3908767530265846,2.1110508874
118805,1.3908762746977712,,0.0,1.3908762746977712,2.1076731405
118810,1.3908759099373782,,0.0,1.3908759099373782,2.1040734984
118815,1.390875650469348,,0.0,1.390875650469348,2.10200617
118820,1.3908754875401592,,0.0,1.3908754875401592,2.098921518
118825,1.3908754122826075,,0.0,1.3908754122826075,2.0964324449
118830,1.390875415829489,,0.0,1.390875415829489,2.0945000027
118835,1.3908754894727549,,0.0,1.3908754894727549,2.0937678618
118840,1.3908756246635108,,0.0,1.3908756246635108,2.0972088796
118845,1.3908758127164442,,0.0,1.3908758127164442,2.0994244525
118850,1.3908760417631436,,0.0,1.3908760417631436,2.0979248205
118855,1.3908763048690012,,0.0,1.3908763048690012,2.099065153
118860,1.3908765968501124,,0.0,1.3908765968501124,2.1027349852
118865,1.3908769129318292,,0.0,1.3908769129318292,2.1073358499
118870,1.3908772488169685,,0.0,1.3908772488169685,2.1168107233
118875,1.3908776006858112,,0.0,1.3908776006858112,2.1266244205
118880,1.390877965264313,,0.0,1.390877965264313,2.1331145651
118885,1.3908783396649487,,0.0,1.3908783396649487,2.136780656
118890,1.3908787214321843,,0.0,1.3908787214321843,2.1365032275
118895,1.3908791083833236,,0.0,1.3908791083833236,2.1333092683
118900,1.3908794985857713,,0.0,1.3908794985857713,2.128479486
118905,1.3908798902660862,,0.0,1.3908798902660862,2.1246462365
118910,1.3908802817872463,,0.0,1.3908802817872463,2.1247222866
118915,1.3908806715804383,,0.0,1.3908806715804383,2.1256021416
118920,1.390881058213268,,0.0,1.390881058213268,2.1317634564
118925,1.39088144032155,,0.0,1.39088144032155,2.1398370703
118930,1.390881816541099,,0.0,1.390881816541099,2.1469341749
118935,1.39088218550773,,0.0,1.39088218550773,2.1552562185
118940,1.3908825454252653,,0.0,1.3908825454252653,2.162297743
118945,1.3908828926558783,,0.0,1.3908828926558783,2.1666137006
118950,1.3908832257899106,,0.0,1.3908832257899106,2.1677120646
118955,1.3908835436678049,,0.0,1.3908835436678049,2.1735325027
118960,1.3908838451072671,,0.0,1.3908838451072671,2.1769464356
118965,1.3908841290169494,,0.0,1.3908841290169494,2.1761931858
118970,1.3908843941236115,,0.0,1.3908843941236115,2.1739067345
118975,1.3908846392904333,,0.0,1.3908846392904333,2.1727595562
118980,1.390884863539748,,0.0,1.390884863539748,2.1715415376
118985,1.3908850663031456,,0.0,1.3908850663031456,2.1729498797
118990,1.3908852473532614,,0.0,1.3908852473532614,2.1749530125
118995,1.3908854070084058,,0.0,1.3908854070084058,2.1746022854
119000,1.3908855462007719,,0.0,1.3908855462007719,2.1741728338
119005,1.390885666476436,,0.0,1.390885666476436,2.1739684376
119010,1.390885770086304,,0.0,1.390885770086304,2.1795103183
119015,1.3908858599406375,,0.0,1.3908858599406375,2.184684765
119020,1.3908859396090545,,0.0,1.3908859396090545,2.1906701732
119025,1.3908860131613747,,0.0,1.3908860131613747,2.1954491111
119030,1.3908860851903548,,0.0,1.3908860851903548,2.1986758406
119035,1.3908861606070615,,0.0,1.3908861606070615,2.2031330985
119040,1.3908862445953984,,0.0,1.3908862445953984,2.2107211922
119045,1.3908863423165336,,0.0,1.3908863423165336,2.218708108
119050,1.3908864588634247,,0.0,1.3908864588634247,2.2234881056
119055,1.3908865990789296,,0.0,1.3908865990789296,2.2253508581
119060,1.3908867673057044,,0.0,1.3908867673057044,2.2275231369
119065,1.390886967317995,,0.0,1.390886967317995,2.22824228
119070,1.390887202117009,,0.0,1.390887202117009,2.2260701016
119075,1.390887473749024,,0.0,1.390887473749024,2.2207407462
119080,1.390887783237179,,0.0,1.390887783237179,2.2104656678
119085,1.3908881303768463,,0.0,1.3908881303768463,2.1967373449
119090,1.390888513758368,,0.0,1.390888513758368,2.1830983414
119095,1.3908889306079002,,0.0,1.3908889306079002,2.1738629736
119100,1.3908893770147792,,0.0,1.3908893770147792,2.1658065515
119105,1.3908898472721631,,0.0,1.3908898472721631,2.1552056169
119110,1.3908903339452428,,0.0,1.3908903339452428,2.1411138737
119115,1.3908908287806974,,0.0,1.3908908287806974,2.1303817467
119120,1.390891323047741,,0.0,1.390891323047741,2.1250119295
119125,1.390891807469915,,0.0,1.390891807469915,2.1233482642
119130,1.3908922725433952,,0.0,1.3908922725433952,2.1219515878
119135,1.3908927085824665,,0.0,1.3908927085824665,2.1197185051
119140,1.3908931060378322,,0.0,1.3908931060378322,2.1153002172
119145,1.3908934556557693,,0.0,1.3908934556557693,2.1104089709
119150,1.3908937486600195,,0.0,1.3908937486600195,2.1024495331
119155,1.3908939770700992,,0.0,1.3908939770700992,2.0970648583
119160,1.3908941338149818,,0.0,1.3908941338149818,2.0935755098
119165,1.3908942128013064,,0.0,1.3908942128013064,2.0899326984
119170,1.3908942081176037,,0.0,1.3908942081176037,2.0886322046
119175,1.3908941153530083,,0.0,1.3908941153530083,2.0940227381
119180,1.3908939320519869,,0.0,1.3908939320519869,2.1003034188
119185,1.3908936576916013,,0.0,1.3908936576916013,2.1047378425
119190,1.3908932937497194,,0.0,1.3908932937497194,2.1068439542
119195,1.3908928437277495,,0.0,1.3908928437277495,2.1064089564
119200,1.3908923130369601,,0.0,1.3908923130369601,2.1039014264
119205,1.3908917087938504,,0.0,1.3908917087938504,2.1052373597
119210,1.3908910397064698,,0.0,1.3908910397064698,2.110196724
119215,1.3908903157788428,,0.0,1.3908903157788428,2.1151343195
119220,1.3908895482882344,,0.0,1.3908895482882344,2.1223913601
119225,1.3908887493531563,,0.0,1.3908887493531563,2.1257191166
119230,1.390887931887896,,0.0,1.390887931887896,2.1260239029
119235,1.3908871091705222,,0.0,1.3908871091705222,2.1274251588
119240,1.3908862946609961,,0.0,1.3908862946609961,2.1275670005
119245,1.3908855017965427,,0.0,1.3908855017965427,2.1301374511
119250,1.3908847436506029,,0.0,1.3908847436506029,2.137391067
119255,1.390884032750945,,0.0,1.390884032750945,2.1420415028
119260,1.390883380897771,,0.0,1.390883380897771,2.1513762281
119265,1.390882798913617,,0.0,1.390882798913617,2.1589619602
119270,1.3908822965296708,,0.0,1.3908822965296708,2.1636586641
119275,1.3908818821811448,,0.0,1.3908818821811448,2.163263396
119280,1.3908815629845381,,0.0,1.3908815629845381,2.1593055879
119285,1.3908813445330106,,0.0,1.3908813445330106,2.1585433147
119290,1.3908812309191176,,0.0,1.3908812309191176,2.159447994
119295,1.3908812247120748,,0.0,1.3908812247120748,2.1595239968
119300,1.390881326935021,,0.0,1.390881326935021,2.1594153839
119305,1.390881537065019,,0.0,1.390881537065019,2.1607962734
119310,1.3908818529648446,,0.0,1.3908818529648446,2.1609892728
119315,1.3908822711330893,,0.0,1.3908822711330893,2.1649024638
119320,1.3908827866586864,,0.0,1.3908827866586864,2.1699428273
119325,1.3908833934255387,,0.0,1.3908833934255387,2.1710684522
119330,1.390884084226201,,0.0,1.390884084226201,2.169250517
119335,1.3908848509665075,,0.0,1.3908848509665075,2.1649517363
119340,1.3908856845746267,,0.0,1.3908856845746267,2.1609138691
119345,1.3908865748873782,,0.0,1.3908865748873782,2.1603836875
119350,1.3908875114005361,,0.0,1.3908875114005361,2.1560539954
119355,1.3908884833825101,,0.0,1.3908884833825101,2.1492246441
119360,1.3908894801699185,,0.0,1.3908894801699185,2.1412339018
119365,1.3908904912585356,,0.0,1.3908904912585356,2.1326297256
119370,1.3908915063714993,,0.0,1.3908915063714993,2.1276197055
119375,1.3908925154820475,,0.0,1.3908925154820475,2.128053198
119380,1.3908935089954118,,0.0,1.3908935089954118,2.1277509679
119385,1.3908944776806045,,0.0,1.3908944776806045,2.1254415186
119390,1.3908954129659958,,0.0,1.3908954129659958,2.1208607903
119395,1.3908963069165747,,0.0,1.3908963069165747,2.1142743123
119400,1.3908971524385783,,0.0,1.3908971524385783,2.1119305546
119405,1.3908979432112811,,0.0,1.3908979432112811,2.1095697352
119410,1.3908986739143614,,0.0,1.3908986739143614,2.1049887683
119415,1.390899340250635,,0.0,1.390899340250635,2.0998293498
119420,1.3908999389915313,,0.0,1.3908999389915313,2.0963826296
119425,1.3909004680680348,,0.0,1.3909004680680348,2.0931972966
119430,1.3909009265252166,,0.0,1.3909009265252166,2.0896619906
119435,1.3909013146813864,,0.0,1.3909013146813864,2.0865784047
119440,1.3909016339462021,,0.0,1.3909016339462021,2.0857776381
119445,1.3909018869343526,,0.0,1.3909018869343526,2.0910603814
119450,1.3909020773746101,,0.0,1.3909020773746101,2.0947529271
119455,1.390902210132569,,0.0,1.390902210132569,2.0958163125
119460,1.3909022910969622,,0.0,1.3909022910969622,2.0969123297
119465,1.3909023270659795,,0.0,1.3909023270659795,2.0984330811
119470,1.3909023257017943,,0.0,1.3909023257017943,2.1033293724
119475,1.390902295348673,,0.0,1.390902295348673,2.1108042335
119480,1.3909022449875015,,0.0,1.3909022449875015,2.1156329173
119485,1.3909021840538949,,0.0,1.3909021840538949,2.120295975
119490,1.3909021222790405,,0.0,1.3909021222790405,2.1230204306
119495,1.3909020695305452,,0.0,1.3909020695305452,2.123089041
119500,1.3909020356305422,,0.0,1.3909020356305422,2.1210522307
119505,1.3909020302874833,,0.0,1.3909020302874833,2.1180221833
119510,1.3909020628915103,,0.0,1.3909020628915103,2.1169639469
119515,1.390902142423509,,0.0,1.390902142423509,2.1199105129
119520,1.390902277295955,,0.0,1.390902277295955,2.1235577072
119525,1.3909024754211228,,0.0,1.3909024754211228,2.1313973437
119530,1.3909027439382482,,0.0,1.3909027439382482,2.1372922796
119535,1.3909030893499474,,0.0,1.3909030893499474,2.1426798952
119540,1.3909035173630622,,0.0,1.3909035173630622,2.1512444478
119545,1.3909040329341325,,0.0,1.3909040329341325,2.1585571277
119550,1.390904640155713,,0.0,1.390904640155713,2.1629357126
119555,1.3909053423927946,,0.0,1.3909053423927946,2.1671042486
119560,1.390906142100911,,0.0,1.390906142100911,2.1708172038
119565,1.3909070405760375,,0.0,1.3909070405760375,2.1714331707
119570,1.3909080379318568,,0.0,1.3909080379318568,2.1703471532
119575,1.3909091336226942,,0.0,1.3909091336226942,2.1706891507
119580,1.3909103253066988,,0.0,1.3909103253066988,2.1736215128
119585,1.3909116035937288,,0.0,1.3909116035937288,2.1757200238
119590,1.3909129681882109,,0.0,1.3909129681882109,2.1771754034
119595,1.390914419635819,,0.0,1.390914419635819,2.1811940437
119600,1.3909159577319254,,0.0,1.3909159577319254,2.1824282812
119605,1.3909175811805543,,0.0,1.3909175811805543,2.1859243266
119610,1.3909192874806993,,0.0,1.3909192874806993,2.1852994305
119615,1.3909210728126415,,0.0,1.3909210728126415,2.1904690975
119620,1.3909229321061596,,0.0,1.3909229321061596,2.195968424
119625,1.390924859063265,,0.0,1.390924859063265,2.1989004738
119630,1.3909268464310394,,0.0,1.3909268464310394,2.2002230495
119635,1.390928886069844,,0.0,1.390928886069844,2.2010366096
119640,1.390930969226158,,0.0,1.390930969226158,2.2051075655
119645,1.3909330867144665,,0.0,1.3909330867144665,2.2120776327
119650,1.3909352291446284,,0.0,1.3909352291446284,2.2174045376
119655,1.3909373869900832,,0.0,1.3909373869900832,2.2203834265
119660,1.3909395507015345,,0.0,1.3909395507015345,2.2235367319
119665,1.390941710843368,,0.0,1.390941710843368,2.228409863
119670,1.390943858116387,,0.0,1.390943858116387,2.2293712139
119675,1.3909459834487607,,0.0,1.3909459834487607,2.2268473067
119680,1.3909480779732848,,0.0,1.3909480779732848,2.2210884697
119685,1.390950133141065,,0.0,1.390950133141065,2.2119767188
119690,1.3909521407897265,,0.0,1.3909521407897265,2.201222649
119695,1.3909540931661497,,0.0,1.3909540931661497,2.1898247098
119700,1.3909559829946803,,0.0,1.3909559829946803,2.1784836888
119705,1.3909578035680743,,0.0,1.3909578035680743,2.1689251628
119710,1.3909595488157074,,0.0,1.3909595488157074,2.1569180843
119715,1.3909612133945208,,0.0,1.3909612133945208,2.14484413
119720,1.3909627926890211,,0.0,1.3909627926890211,2.1322634768
119725,1.390964282947699,,0.0,1.390964282947699,2.1238400181
119730,1.3909656812602926,,0.0,1.3909656812602926,2.1213782898
119735,1.3909669856487334,,0.0,1.3909669856487334,2.1219908931
119740,1.3909681950898825,,0.0,1.3909681950898825,2.1211375564
119745,1.3909693094700575,,0.0,1.3909693094700575,2.1181235651
119750,1.390970329675979,,0.0,1.390970329675979,2.1126780347
119755,1.3909712575492974,,0.0,1.3909712575492974,2.1056121329
119760,1.3909720958638554,,0.0,1.3909720958638554,2.1012516903
119765,1.3909728482574806,,0.0,1.3909728482574806,2.0994178851
119770,1.39097351932293,,0.0,1.39097351932293,2.0978544998
119775,1.3909741144032621,,0.0,1.3909741144032621,2.0962142689
119780,1.390974639591838,,0.0,1.390974639591838,2.0955376771
119785,1.3909751017095835,,0.0,1.3909751017095835,2.1001042198
119790,1.3909755082140447,,0.0,1.3909755082140447,2.1044637246
119795,1.3909758670174956,,0.0,1.3909758670174956,2.1045567565
119800,1.3909761866006214,,0.0,1.3909761866006214,2.1029859597
119805,1.3909764756714706,,0.0,1.3909764756714706,2.1069175406
119810,1.3909767433473488,,0.0,1.3909767433473488,2.111212174
119815,1.3909769987910323,,0.0,1.3909769987910323,2.1186327109
119820,1.3909772512562448,,0.0,1.3909772512562448,2.126237617
119825,1.390977509905764,,0.0,1.390977509905764,2.1340373057
119830,1.3909777836750024,,0.0,1.3909777836750024,2.1397559228
119835,1.3909780811128545,,0.0,1.3909780811128545,2.1427346452
119840,1.390978410086122,,0.0,1.390978410086122,2.14719345
119845,1.390978776574483,,0.0,1.390978776574483,2.1501916168
119850,1.390979187398864,,0.0,1.390979187398864,2.1558432627
119855,1.390979648743571,,0.0,1.390979648743571,2.1607273995
119860,1.3909801657925085,,0.0,1.3909801657925085,2.1631849822
119865,1.3909807425245495,,0.0,1.3909807425245495,2.167263341
119870,1.3909813817362737,,0.0,1.3909813817362737,2.1728158939
119875,1.3909820850647037,,0.0,1.3909820850647037,2.177898078
119880,1.3909828529190948,,0.0,1.3909828529190948,2.1805555727
119885,1.3909836845491452,,0.0,1.3909836845491452,2.1820681308
119890,1.3909845782041508,,0.0,1.3909845782041508,2.1849555808
119895,1.3909855311330042,,0.0,1.3909855311330042,2.1884004592
119900,1.3909865397433514,,0.0,1.3909865397433514,2.1931236968
119905,1.3909875997607453,,0.0,1.3909875997607453,2.1977244074
119910,1.3909887063423283,,0.0,1.3909887063423283,2.2013703278
119915,1.3909898541905141,,0.0,1.3909898541905141,2.2033575788
119920,1.3909910378258261,,0.0,1.3909910378258261,2.2068548583
119925,1.3909922516778406,,0.0,1.3909922516778406,2.2064551506
119930,1.3909934901533985,,0.0,1.3909934901533985,2.2043044741
119935,1.3909947478184952,,0.0,1.3909947478184952,2.2017501018
119940,1.3909960195119633,,0.0,1.3909960195119633,2.1957885
119945,1.3909973003909453,,0.0,1.3909973003909453,2.189125061
119950,1.3909985860445757,,0.0,1.3909985860445757,2.1860248028
119955,1.3909998725394535,,0.0,1.3909998725394535,2.1811659992
119960,1.3910011564878522,,0.0,1.3910011564878522,2.1748159302
119965,1.3910024350704557,,0.0,1.3910024350704557,2.1665383302
119970,1.3910037060363585,,0.0,1.3910037060363585,2.1572930973
119975,1.3910049676575924,,0.0,1.3910049676575924,2.1543977731
119980,1.3910062187518637,,0.0,1.3910062187518637,2.1543618159
119985,1.3910074586370795,,0.0,1.3910074586370795,2.1519678221
119990,1.3910086870631395,,0.0,1.3910086870631395,2.1469288721
119995,1.3910099041437258,,0.0,1.3910099041437258,2.1395873269
120000,1.391011110356303,,0.0,1.391011110356303,2.1319249333
120005,1.3910123069513745,,0.0,1.3910123069513745,2.1283324896
120010,1.391013493974413,,0.0,1.391013493974413,2.1231614969
120015,1.3910146732215956,,0.0,1.3910146732215956,2.1185291227
120020,1.391015846284472,,0.0,1.391015846284472,2.1163578505
120025,1.3910170156413115,,0.0,1.3910170156413115,2.1140820481
120030,1.391018183406602,,0.0,1.391018183406602,2.1130139262
120035,1.3910193514674656,,0.0,1.3910193514674656,2.113126057
120040,1.3910205220520722,,0.0,1.3910205220520722,2.1089677998
120045,1.391021697684164,,0.0,1.391021697684164,2.1082963688
120050,1.3910228811830572,,0.0,1.3910228811830572,2.1084501335
120055,1.3910240757318508,,0.0,1.3910240757318508,2.1083128512
120060,1.3910252847864806,,0.0,1.3910252847864806,2.1074165218
120065,1.391026512052983,,0.0,1.391026512052983,2.1082679034
120070,1.39102776139655,,0.0,1.39102776139655,2.1107393344
120075,1.3910290367960547,,0.0,1.3910290367960547,2.1174495565
120080,1.3910303421621615,,0.0,1.3910303421621615,2.1258596989
120085,1.3910316815646897,,0.0,1.3910316815646897,2.1328310817
120090,1.3910330591416677,,0.0,1.3910330591416677,2.1359069199
120095,1.3910344778943033,,0.0,1.3910344778943033,2.1372761219
120100,1.391035940300866,,0.0,1.391035940300866,2.1357321402
120105,1.391037448134797,,0.0,1.391037448134797,2.1323068383
120110,1.391039002419235,,0.0,1.391039002419235,2.1264326071
120115,1.391040603381544,,0.0,1.391040603381544,2.126194387
120120,1.3910422502486857,,0.0,1.3910422502486857,2.1278934037
120125,1.391043941429111,,0.0,1.391043941429111,2.1300659434
120130,1.3910456743536044,,0.0,1.3910456743536044,2.1357566097
120135,1.3910474456117023,,0.0,1.3910474456117023,2.1421008041
120140,1.3910492509516947,,0.0,1.3910492509516947,2.1493555713
120145,1.3910510853943052,,0.0,1.3910510853943052,2.1576501555
120150,1.3910529433463745,,0.0,1.3910529433463745,2.1690419876
120155,1.391054818782751,,0.0,1.391054818782751,2.1768698539
120160,1.3910567053145007,,0.0,1.3910567053145007,2.1834531895
120165,1.3910585964390074,,0.0,1.3910585964390074,2.1879434188
120170,1.391060485835546,,0.0,1.391060485835546,2.1913794962
120175,1.3910623673198104,,0.0,1.3910623673198104,2.1910480971
120180,1.3910642352076954,,0.0,1.3910642352076954,2.1881284158
120185,1.3910660842470879,,0.0,1.3910660842470879,2.1869364038
120190,1.391067909754285,,0.0,1.391067909754285,2.1862314327
120195,1.391069707659468,,0.0,1.391069707659468,2.1880583517
120200,1.3910714748250104,,0.0,1.3910714748250104,2.1917148469
120205,1.391073209136425,,0.0,1.391073209136425,2.1940842272
120210,1.3910749098888837,,0.0,1.3910749098888837,2.1979849433
120215,1.391076578310152,,0.0,1.391076578310152,2.200234689
120220,1.3910782158326251,,0.0,1.3910782158326251,2.2051446038
120225,1.3910798247072083,,0.0,1.3910798247072083,2.2128075429
120230,1.391081408071528,,0.0,1.391081408071528,2.2167804788
120235,1.3910829699726666,,0.0,1.3910829699726666,2.2215627446
120240,1.391084515048854,,0.0,1.391084515048854,2.2272074155
120245,1.3910860486204129,,0.0,1.3910860486204129,2.2367431654
120250,1.391087576371448,,0.0,1.391087576371448,2.2469145257
120255,1.3910891044180567,,0.0,1.3910891044180567,2.2542546751
120260,1.3910906390127544,,0.0,1.3910906390127544,2.2593013881
120265,1.3910921864990025,,0.0,1.3910921864990025,2.262428744
120270,1.3910937532202623,,0.0,1.3910937532202623,2.2647289027
120275,1.3910953454290493,,0.0,1.3910953454290493,2.2659557647
120280,1.3910969691505153,,0.0,1.3910969691505153,2.2637981493
120285,1.3910986301369743,,0.0,1.3910986301369743,2.2580370307
120290,1.3911003337087486,,0.0,1.3911003337087486,2.247919963
120295,1.3911020847086961,,0.0,1.3911020847086961,2.2370153539
120300,1.3911038875931552,,0.0,1.3911038875931552,2.2258893332
120305,1.391105746772991,,0.0,1.391105746772991,2.2157980331
120310,1.391107666954643,,0.0,1.391107666954643,2.2071854683
120315,1.3911096520942483,,0.0,1.3911096520942483,2.1969551455
120320,1.3911117059887887,,0.0,1.3911117059887887,2.1812869815
120325,1.3911138323897743,,0.0,1.3911138323897743,2.1702240388
120330,1.3911160347531402,,0.0,1.3911160347531402,2.1661858866
120335,1.3911183161483036,,0.0,1.3911183161483036,2.1649887281
120340,1.3911206791444803,,0.0,1.3911206791444803,2.1661621446
120345,1.3911231249694362,,0.0,1.3911231249694362,2.1655771758
120350,1.3911256496442985,,0.0,1.3911256496442985,2.1618821581
120355,1.3911282537147411,,0.0,1.3911282537147411,2.1534149575
120360,1.3911309380674841,,0.0,1.3911309380674841,2.1428977277
120365,1.3911337024296908,,0.0,1.3911337024296908,2.1374633838
120370,1.391136545459912,,0.0,1.391136545459912,2.1340978992
120375,1.3911394646344053,,0.0,1.3911394646344053,2.1322941247
120380,1.3911424564972348,,0.0,1.3911424564972348,2.131519421
120385,1.3911455164329072,,0.0,1.3911455164329072,2.1306429771
120390,1.391148638916472,,0.0,1.391148638916472,2.1330665752
120395,1.391151818127406,,0.0,1.391151818127406,2.1371637536
120400,1.3911550471311007,,0.0,1.3911550471311007,2.1385797989
120405,1.3911583178106541,,0.0,1.3911583178106541,2.1368509546
120410,1.3911616213670714,,0.0,1.3911616213670714,2.1368848697
120415,1.3911649485011568,,0.0,1.3911649485011568,2.1410422369
120420,1.3911682895954043,,0.0,1.3911682895954043,2.1487527367
120425,1.391171634964099,,0.0,1.391171634964099,2.1542574067
120430,1.3911749750352074,,0.0,1.3911749750352074,2.1590667587
120435,1.3911783005322707,,0.0,1.3911783005322707,2.1613425546
120440,1.3911816026562933,,0.0,1.3911816026562933,2.1641402629
120445,1.391184873244901,,0.0,1.391184873244901,2.1694373163
120450,1.391188104749602,,0.0,1.391188104749602,2.1735908848
120455,1.3911912903722063,,0.0,1.3911912903722063,2.1798893276
120460,1.3911944240420901,,0.0,1.3911944240420901,2.1847305805
120465,1.3911975003252488,,0.0,1.3911975003252488,2.1887476501
120470,1.391200514560716,,0.0,1.391200514560716,2.1940927858
120475,1.3912034627014092,,0.0,1.3912034627014092,2.199662921
120480,1.3912063413823375,,0.0,1.3912063413823375,2.2018617345
120485,1.3912091478296584,,0.0,1.3912091478296584,2.2014615847
120490,1.3912118799288844,,0.0,1.3912118799288844,2.1998158346
120495,1.3912145362021482,,0.0,1.3912145362021482,2.201175217
120500,1.391217115899148,,0.0,1.391217115899148,2.2034128317
120505,1.3912196188379922,,0.0,1.3912196188379922,2.2091925623
120510,1.3912220456553008,,0.0,1.3912220456553008,2.212765605
120515,1.3912243976243135,,0.0,1.3912243976243135,2.213894939
120520,1.3912266768140442,,0.0,1.3912266768140442,2.2145630643
120525,1.3912288859983366,,0.0,1.3912288859983366,2.2159054592
120530,1.3912310287468082,,0.0,1.3912310287468082,2.2183934601
120535,1.3912331092884336,,0.0,1.3912331092884336,2.2180959957
120540,1.3912351326024885,,0.0,1.3912351326024885,2.2152690504
120545,1.39123710423666,,0.0,1.39123710423666,2.2090143171
120550,1.3912390303752542,,0.0,1.3912390303752542,2.2039960543
120555,1.3912409176345693,,0.0,1.3912409176345693,2.201569507
120560,1.3912427730856323,,0.0,1.3912427730856323,2.1945646801
120565,1.391244604072307,,0.0,1.391244604072307,2.1825402595
120570,1.3912464180748756,,0.0,1.3912464180748756,2.1711831903
120575,1.3912482226418295,,0.0,1.3912482226418295,2.1614166493
120580,1.3912500252079785,,0.0,1.3912500252079785,2.1586779085
120585,1.3912518329580315,,0.0,1.3912518329580315,2.1587872303
120590,1.3912536527129145,,0.0,1.3912536527129145,2.157376101
120595,1.391255490793352,,0.0,1.391255490793352,2.1526789883
120600,1.3912573529743955,,0.0,1.3912573529743955,2.1469930259
120605,1.39125924430353,,0.0,1.39125924430353,2.1441182351
120610,1.3912611691234116,,0.0,1.3912611691234116,2.1414769029
120615,1.3912631310491317,,0.0,1.3912631310491317,2.1381568568
120620,1.391265132968215,,0.0,1.391265132968215,2.1354030487
120625,1.3912671769951492,,0.0,1.3912671769951492,2.1299993764
120630,1.3912692647214835,,0.0,1.3912692647214835,2.1298843615
120635,1.3912713979888678,,0.0,1.3912713979888678,2.133010198
120640,1.391273577047403,,0.0,1.391273577047403,2.1356089144
120645,1.3912758015333062,,0.0,1.3912758015333062,2.1353555428
120650,1.3912780707417485,,0.0,1.3912780707417485,2.1370905688
120655,1.3912803836495906,,0.0,1.3912803836495906,2.143560268
120660,1.391282739120012,,0.0,1.391282739120012,2.1467448341
120665,1.3912851360161913,,0.0,1.3912851360161913,2.1461789857
120670,1.3912875731330985,,0.0,1.3912875731330985,2.1457053249
120675,1.3912900493339122,,0.0,1.3912900493339122,2.1502022165
120680,1.3912925635045483,,0.0,1.3912925635045483,2.1564436792
120685,1.391295114530922,,0.0,1.391295114530922,2.1627518937
120690,1.3912977012307393,,0.0,1.3912977012307393,2.1702411845
120695,1.3913003222852878,,0.0,1.3913003222852878,2.1767624482
120700,1.3913029760802815,,0.0,1.3913029760802815,2.1793768277
120705,1.3913056606831253,,0.0,1.3913056606831253,2.1818545801
120710,1.391308373615549,,0.0,1.391308373615549,2.1814154548
120715,1.391311111944554,,0.0,1.391311111944554,2.1794405466
120720,1.3913138720323135,,0.0,1.3913138720323135,2.1766323524
120725,1.3913166496271168,,0.0,1.3913166496271168,2.1787149889
120730,1.391319439658742,,0.0,1.391319439658742,2.1822477939
120735,1.3913222363976112,,0.0,1.3913222363976112,2.189314926
120740,1.3913250333865812,,0.0,1.3913250333865812,2.1967662887
120745,1.391327823554625,,0.0,1.391327823554625,2.2045710412
120750,1.3913305993759875,,0.0,1.3913305993759875,2.2123660219
120755,1.3913333528474487,,0.0,1.3913333528474487,2.2173680206
120760,1.3913360757156878,,0.0,1.3913360757156878,2.2216226135
120765,1.3913387595909659,,0.0,1.3913387595909659,2.2248742564
120770,1.3913413959243892,,0.0,1.3913413959243892,2.2278207147
120775,1.3913439763716906,,0.0,1.3913439763716906,2.2283478348
120780,1.3913464926568138,,0.0,1.3913464926568138,2.2238623422
120785,1.3913489368902205,,0.0,1.3913489368902205,2.2170274923
120790,1.3913512984767389,,0.0,1.3913512984767389,2.2169164937
120795,1.3913535681399096,,0.0,1.3913535681399096,2.2180977891
120800,1.3913557401728909,,0.0,1.3913557401728909,2.2232797303
120805,1.391357809619143,,0.0,1.391357809619143,2.2267486091
120810,1.3913597724543196,,0.0,1.3913597724543196,2.2290829216
120815,1.3913616255635313,,0.0,1.3913616255635313,2.2299151606
120820,1.3913633669687095,,0.0,1.3913633669687095,2.228911447
120825,1.3913649957831336,,0.0,1.3913649957831336,2.2329445011
120830,1.3913665123705863,,0.0,1.3913665123705863,2.2377785651
120835,1.3913679182089351,,0.0,1.3913679182089351,2.2424714477
120840,1.391369215958341,,0.0,1.391369215958341,2.2462796863
120845,1.391370409347577,,0.0,1.391370409347577,2.2508579316
120850,1.391371503060346,,0.0,1.391371503060346,2.252501222
120855,1.391372502621598,,0.0,1.391372502621598,2.2551400279
120860,1.3913734143065848,,0.0,1.3913734143065848,2.2592439365
120865,1.3913742449589692,,0.0,1.3913742449589692,2.2615835184
120870,1.3913750018316693,,0.0,1.3913750018316693,2.2645417827
120875,1.3913756924504401,,0.0,1.3913756924504401,2.2662618813
120880,1.391376324500192,,0.0,1.391376324500192,2.2661598096
120885,1.3913769056885714,,0.0,1.3913769056885714,2.2627377065
120890,1.3913774435868063,,0.0,1.3913774435868063,2.2553050859
120895,1.3913779456069695,,0.0,1.3913779456069695,2.2461534742
120900,1.3913784188200882,,0.0,1.3913784188200882,2.2354277951
120905,1.3913788700016154,,0.0,1.3913788700016154,2.2267333318
120910,1.3913793054040668,,0.0,1.3913793054040668,2.2202189766
120915,1.3913797309843847,,0.0,1.3913797309843847,2.2123858032
120920,1.3913801521083642,,0.0,1.3913801521083642,2.20119313
120925,1.3913805737552813,,0.0,1.3913805737552813,2.1874204718
120930,1.3913810004951566,,0.0,1.3913810004951566,2.1786064039
120935,1.3913814365569641,,0.0,1.3913814365569641,2.1700948578
120940,1.3913818859423142,,0.0,1.3913818859423142,2.1635419141
120945,1.3913823525846074,,0.0,1.3913823525846074,2.1611616576
120950,1.3913828403035622,,0.0,1.3913828403035622,2.1601868781
120955,1.3913833528279518,,0.0,1.3913833528279518,2.1580728215
120960,1.3913838937273941,,0.0,1.3913838937273941,2.1523587388
120965,1.3913844665032977,,0.0,1.3913844665032977,2.1443509997
120970,1.391385074770754,,0.0,1.391385074770754,2.1382229575
120975,1.391385722394954,,0.0,1.391385722394954,2.1358812398
120980,1.3913864133547709,,0.0,1.3913864133547709,2.1370521921
120985,1.3913871517882341,,0.0,1.3913871517882341,2.1394564543
120990,1.3913879418788446,,0.0,1.3913879418788446,2.1469667842
120995,1.3913887877646307,,0.0,1.3913887877646307,2.154769665
121000,1.391389693538148,,0.0,1.391389693538148,2.1623495696
121005,1.3913906630873252,,0.0,1.3913906630873252,2.1661142455
121010,1.3913916998226243,,0.0,1.3913916998226243,2.1660501388
121015,1.3913928071090365,,0.0,1.3913928071090365,2.1665458738
121020,1.391393988243342,,0.0,1.391393988243342,2.1713818612
121025,1.3913952465223218,,0.0,1.3913952465223218,2.1790531135
121030,1.3913965851972847,,0.0,1.3913965851972847,2.187495301
121035,1.3913980074740655,,0.0,1.3913980074740655,2.1943033312
121040,1.3913995165584994,,0.0,1.3913995165584994,2.1998998779
121045,1.391401115497267,,0.0,1.391401115497267,2.204594932
121050,1.3914028072688391,,0.0,1.3914028072688391,2.2115594833
121055,1.3914045946470592,,0.0,1.3914045946470592,2.2177993014
121060,1.391406480201143,,0.0,1.391406480201143,2.2246206949
121065,1.3914084662274686,,0.0,1.3914084662274686,2.233911231
121070,1.3914105546813682,,0.0,1.3914105546813682,2.2395527629
121075,1.3914127470634456,,0.0,1.3914127470634456,2.2448255615
121080,1.3914150444877857,,0.0,1.3914150444877857,2.2503691374
121085,1.3914174475227985,,0.0,1.3914174475227985,2.2533722133
121090,1.3914199559638567,,0.0,1.3914199559638567,2.25363576
121095,1.391422569060658,,0.0,1.391422569060658,2.2526692015
121100,1.3914252857218545,,0.0,1.3914252857218545,2.2536599944
121105,1.3914281045605246,,0.0,1.3914281045605246,2.2551622816
121110,1.3914310240533276,,0.0,1.3914310240533276,2.2577289865
121115,1.3914340424268234,,0.0,1.3914340424268234,2.2584762669
121120,1.391437157748416,,0.0,1.391437157748416,2.260629693
121125,1.3914403676307812,,0.0,1.3914403676307812,2.2613756965
121130,1.391443669163657,,0.0,1.391443669163657,2.2650634521
121135,1.3914470589138441,,0.0,1.3914470589138441,2.2664297143
121140,1.3914505326978415,,0.0,1.3914505326978415,2.2658092852
121145,1.391454085672791,,0.0,1.391454085672791,2.2643247641
121150,1.3914577123364793,,0.0,1.3914577123364793,2.2598292485
121155,1.3914614065955455,,0.0,1.3914614065955455,2.2521448233
121160,1.391465161765482,,0.0,1.391465161765482,2.250995965
121165,1.3914689707752623,,0.0,1.3914689707752623,2.2492556167
121170,1.3914728259854487,,0.0,1.3914728259854487,2.2423430824
121175,1.3914767193928215,,0.0,1.3914767193928215,2.2308659979
121180,1.3914806426985873,,0.0,1.3914806426985873,2.2197136144
121185,1.3914845875357431,,0.0,1.3914845875357431,2.2108045646
121190,1.391488545560023,,0.0,1.391488545560023,2.2072070979
121195,1.3914925087454701,,0.0,1.3914925087454701,2.2022613542
121200,1.3914964694981202,,0.0,1.3914964694981202,2.1956294103
121205,1.3915004208833652,,0.0,1.3915004208833652,2.1885661648
121210,1.391504356785108,,0.0,1.391504356785108,2.1831481765
121215,1.391508271996708,,0.0,1.391508271996708,2.1803886062
121220,1.3915121623119278,,0.0,1.3915121623119278,2.1767889302
121225,1.391516024752296,,0.0,1.391516024752296,2.1704892338
121230,1.391519857658054,,0.0,1.391519857658054,2.1678226224
121235,1.3915236599151173,,0.0,1.3915236599151173,2.1666878182
121240,1.3915274314098038,,0.0,1.3915274314098038,2.1661886966
121245,1.391531172983361,,0.0,1.391531172983361,2.1646935153
121250,1.3915348863637567,,0.0,1.3915348863637567,2.1649223
121255,1.391538574074734,,0.0,1.391538574074734,2.1622671901
121260,1.3915422393903367,,0.0,1.3915422393903367,2.1642212596
121265,1.391545886175757,,0.0,1.391545886175757,2.1653987675
121270,1.3915495188645968,,0.0,1.3915495188645968,2.1642794592
121275,1.3915531422315042,,0.0,1.3915531422315042,2.1645512695
121280,1.3915567613921735,,0.0,1.3915567613921735,2.1669061576
121285,1.3915603817806097,,0.0,1.3915603817806097,2.1714048863
121290,1.39156401103625,,0.0,1.39156401103625,2.175288681
121295,1.3915676547522535,,0.0,1.3915676547522535,2.1780721239
121300,1.3915713177714781,,0.0,1.3915713177714781,2.1847330845
121305,1.3915750045729984,,0.0,1.3915750045729984,2.188932197
121310,1.391578719022006,,0.0,1.391578719022006,2.1902392037
121315,1.3915824642561267,,0.0,1.3915824642561267,2.1890730492
121320,1.3915862425944758,,0.0,1.3915862425944758,2.1838474302
121325,1.3915900554694474,,0.0,1.3915900554694474,2.180536055
121330,1.3915939034039793,,0.0,1.3915939034039793,2.1785085009
121335,1.3915977861479711,,0.0,1.3915977861479711,2.1770874587
121340,1.3916017023599736,,0.0,1.3916017023599736,2.1824407587
121345,1.391605649561717,,0.0,1.391605649561717,2.1916422229
121350,1.3916096243882117,,0.0,1.3916096243882117,2.2023918174
121355,1.3916136227014284,,0.0,1.3916136227014284,2.2160423704
121360,1.3916176396812465,,0.0,1.3916176396812465,2.2284586122
121365,1.391621669893661,,0.0,1.391621669893661,2.236836158
121370,1.3916257074499396,,0.0,1.3916257074499396,2.2427635388
121375,1.3916297461203027,,0.0,1.3916297461203027,2.2446339062
121380,1.391633779356661,,0.0,1.391633779356661,2.2441807664
121385,1.3916378005654533,,0.0,1.3916378005654533,2.2405623673
121390,1.3916418031076443,,0.0,1.3916418031076443,2.2345821255
121395,1.3916457804124087,,0.0,1.3916457804124087,2.2308967058
121400,1.3916497260680756,,0.0,1.3916497260680756,2.2297698607
121405,1.3916536339585484,,0.0,1.3916536339585484,2.2293477165
121410,1.391657498263303,,0.0,1.391657498263303,2.2309309753
121415,1.391661313548335,,0.0,1.391661313548335,2.2319975448
121420,1.391665074675214,,0.0,1.391665074675214,2.2354543429
121425,1.3916687769375,,0.0,1.3916687769375,2.2351350564
121430,1.3916724158561191,,0.0,1.3916724158561191,2.2367530127
121435,1.3916759873839875,,0.0,1.3916759873839875,2.2390372883
121440,1.3916794876559146,,0.0,1.3916794876559146,2.2412942215
121445,1.3916829130568091,,0.0,1.3916829130568091,2.2439945982
121450,1.3916862601989444,,0.0,1.3916862601989444,2.2488047114
121455,1.3916895259674311,,0.0,1.3916895259674311,2.2539958528
121460,1.3916927073837977,,0.0,1.3916927073837977,2.2620522755
121465,1.3916958017424106,,0.0,1.3916958017424106,2.2669784684
121470,1.3916988065195268,,0.0,1.3916988065195268,2.2705042035
121475,1.3917017194187682,,0.0,1.3917017194187682,2.272642681
121480,1.3917045384620659,,0.0,1.3917045384620659,2.2770046847
121485,1.391707261853243,,0.0,1.391707261853243,2.2770184746
121490,1.3917098881599044,,0.0,1.3917098881599044,2.2738009396
121495,1.3917124161088112,,0.0,1.3917124161088112,2.266072593
121500,1.3917148446086152,,0.0,1.3917148446086152,2.2574139858
121505,1.3917171726589133,,0.0,1.3917171726589133,2.2469327276
121510,1.3917193992365673,,0.0,1.3917193992365673,2.2342000371
121515,1.3917215233184377,,0.0,1.3917215233184377,2.2212702081
121520,1.3917235436540216,,0.0,1.3917235436540216,2.2088103607
121525,1.3917254588791341,,0.0,1.3917254588791341,2.1972442847
121530,1.3917272674704346,,0.0,1.3917272674704346,2.185491746
121535,1.3917289678136373,,0.0,1.3917289678136373,2.1782818521
121540,1.3917305582035107,,0.0,1.3917305582035107,2.1740293676
121545,1.3917320368893504,,0.0,1.3917320368893504,2.1727409877
121550,1.391733402211398,,0.0,1.391733402211398,2.1708963275
121555,1.3917346526008403,,0.0,1.3917346526008403,2.1693211417
121560,1.391735786807174,,0.0,1.391735786807174,2.1684254887
121565,1.3917368038527334,,0.0,1.3917368038527334,2.1630948401
121570,1.391737703260053,,0.0,1.391737703260053,2.153420029
121575,1.3917384850973427,,0.0,1.3917384850973427,2.1464058847
121580,1.3917391500921679,,0.0,1.3917391500921679,2.1415819838
121585,1.3917396996996592,,0.0,1.3917396996996592,2.1366086394
121590,1.3917401362389317,,0.0,1.3917401362389317,2.1310628211
121595,1.3917404630067662,,0.0,1.3917404630067662,2.1305220123
121600,1.3917406842094007,,0.0,1.3917406842094007,2.1338759942
121605,1.3917408052353668,,0.0,1.3917408052353668,2.1377145483
121610,1.3917408326782261,,0.0,1.3917408326782261,2.1388183101
121615,1.3917407740637344,,0.0,1.3917407740637344,2.1387206928
121620,1.391740637599739,,0.0,1.391740637599739,2.1382003966
121625,1.3917404324035445,,0.0,1.3917404324035445,2.136785783
121630,1.3917401686838038,,0.0,1.3917401686838038,2.1432204841
121635,1.3917398577632543,,0.0,1.3917398577632543,2.1481087742
121640,1.3917395118513536,,0.0,1.3917395118513536,2.151668362
121645,1.3917391438623887,,0.0,1.3917391438623887,2.1579627736
121650,1.3917387670971655,,0.0,1.3917387670971655,2.1644161282
121655,1.3917383951520634,,0.0,1.3917383951520634,2.1695225537
121660,1.391738041555253,,0.0,1.391738041555253,2.1769813968
121665,1.3917377196757486,,0.0,1.3917377196757486,2.1855328904
121670,1.3917374423141557,,0.0,1.3917374423141557,2.1917721823
121675,1.3917372217254045,,0.0,1.3917372217254045,2.1969172256
121680,1.391737069254969,,0.0,1.391737069254969,2.2022423887
121685,1.391736995384339,,0.0,1.391736995384339,2.2076744256
121690,1.3917370094354469,,0.0,1.3917370094354469,2.2124980796
121695,1.3917371196388766,,0.0,1.3917371196388766,2.2128522397
121700,1.391737333088392,,0.0,1.391737333088392,2.2100374062
121705,1.3917376555817793,,0.0,1.3917376555817793,2.2070155449
121710,1.391738091643587,,0.0,1.391738091643587,2.2089712109
121715,1.3917386446615416,,0.0,1.3917386446615416,2.2111077267
121720,1.3917393168410754,,0.0,1.3917393168410754,2.2104990291
121725,1.391740109432692,,0.0,1.391740109432692,2.2102162065
121730,1.3917410230502745,,0.0,1.3917410230502745,2.20883977
121735,1.3917420570572034,,0.0,1.3917420570572034,2.208947183
121740,1.3917432100438205,,0.0,1.3917432100438205,2.2084918053
121745,1.3917444801457393,,0.0,1.3917444801457393,2.2055970358
121750,1.391745865112054,,0.0,1.391745865112054,2.1987720662
121755,1.391747362896487,,0.0,1.391747362896487,2.1907791546
121760,1.3917489707251949,,0.0,1.3917489707251949,2.1848564029
121765,1.391750685687916,,0.0,1.391750685687916,2.181146699
121770,1.3917525050335435,,0.0,1.3917525050335435,2.1786323112
121775,1.3917544262838073,,0.0,1.3917544262838073,2.1734897632
121780,1.3917564464147634,,0.0,1.3917564464147634,2.1641810707
121785,1.3917585624479412,,0.0,1.3917585624479412,2.1544894319
121790,1.3917607713139235,,0.0,1.3917607713139235,2.1496173061
121795,1.3917630699205572,,0.0,1.3917630699205572,2.145697937
121800,1.3917654551529528,,0.0,1.3917654551529528,2.1426426041
121805,1.391767923691593,,0.0,1.391767923691593,2.1382559584
121810,1.3917704720578055,,0.0,1.3917704720578055,2.1322183647
121815,1.3917730964773443,,0.0,1.3917730964773443,2.1251828662
121820,1.3917757929713357,,0.0,1.3917757929713357,2.1202463337
121825,1.391778557265333,,0.0,1.391778557265333,2.1195750358
121830,1.3917813851530982,,0.0,1.3917813851530982,2.119837525
121835,1.391784272337448,,0.0,1.391784272337448,2.1190068033
121840,1.3917872140209977,,0.0,1.3917872140209977,2.1169598845
121845,1.3917902054063622,,0.0,1.3917902054063622,2.115912369
121850,1.3917932417188938,,0.0,1.3917932417188938,2.1178122397
121855,1.391796318456781,,0.0,1.391796318456781,2.1186117989
121860,1.3917994314137856,,0.0,1.3917994314137856,2.1213517318
121865,1.3918025767929258,,0.0,1.3918025767929258,2.1249518387
121870,1.3918057513201574,,0.0,1.3918057513201574,2.1249138464
121875,1.3918089522443726,,0.0,1.3918089522443726,2.1238151817
121880,1.3918121773374033,,0.0,1.3918121773374033,2.1219497975
121885,1.3918154249167534,,0.0,1.3918154249167534,2.1220266724
121890,1.3918186937091837,,0.0,1.3918186937091837,2.1230945968
121895,1.3918219828507106,,0.0,1.3918219828507106,2.1257864755
121900,1.3918252917956595,,0.0,1.3918252917956595,2.1316937722
121905,1.3918286202484573,,0.0,1.3918286202484573,2.1343287842
121910,1.391831968004476,,0.0,1.391831968004476,2.1334048091
121915,1.3918353349500336,,0.0,1.3918353349500336,2.1307180185
121920,1.3918387209032386,,0.0,1.3918387209032386,2.129466006
121925,1.3918421255457811,,0.0,1.3918421255457811,2.1251212441
121930,1.3918455486048245,,0.0,1.3918455486048245,2.1221975643
121935,1.3918489894210118,,0.0,1.3918489894210118,2.1240430758
121940,1.3918524467893134,,0.0,1.3918524467893134,2.1256869413
121945,1.391855918640715,,0.0,1.391855918640715,2.1327067775
121950,1.3918594024060007,,0.0,1.3918594024060007,2.1372029536
121955,1.3918628954704826,,0.0,1.3918628954704826,2.1409933105
121960,1.391866395446836,,0.0,1.391866395446836,2.1475263401
121965,1.3918699001978379,,0.0,1.3918699001978379,2.1553502251
121970,1.3918734076999464,,0.0,1.3918734076999464,2.1600996734
121975,1.3918769156567836,,0.0,1.3918769156567836,2.1657803222
121980,1.3918804215218699,,0.0,1.3918804215218699,2.1679997003
121985,1.3918839222712618,,0.0,1.3918839222712618,2.1707916239
121990,1.3918874145172324,,0.0,1.3918874145172324,2.1693270581
121995,1.3918908945537452,,0.0,1.3918908945537452,2.1671468612
122000,1.3918943585156087,,0.0,1.3918943585156087,2.1664207256
122005,1.391897802560368,,0.0,1.391897802560368,2.166933976
122010,1.3919012230274592,,0.0,1.3919012230274592,2.1703836508
122015,1.3919046167337836,,0.0,1.3919046167337836,2.173741463
122020,1.3919079805417152,,0.0,1.3919079805417152,2.1756418118
122025,1.3919113117228834,,0.0,1.3919113117228834,2.1785640257
122030,1.3919146078672278,,0.0,1.3919146078672278,2.1794070459
122035,1.391917866973943,,0.0,1.391917866973943,2.1803911661
122040,1.3919210874287435,,0.0,1.3919210874287435,2.1830715573
122045,1.3919242678674444,,0.0,1.3919242678674444,2.1876849844
122050,1.3919274074715338,,0.0,1.3919274074715338,2.1894011816
122055,1.3919305055134468,,0.0,1.3919305055134468,2.1904692077
122060,1.3919335615839277,,0.0,1.3919335615839277,2.1915571139
122065,1.3919365755465578,,0.0,1.3919365755465578,2.1938496251
122070,1.3919395475377558,,0.0,1.3919395475377558,2.2002263512
122075,1.3919424779895135,,0.0,1.3919424779895135,2.206952715
122080,1.391945367538451,,0.0,1.391945367538451,2.2109322633
122085,1.3919482170940252,,0.0,1.3919482170940252,2.2124634291
122090,1.3919510275202196,,0.0,1.3919510275202196,2.2130274631
122095,1.391953799771964,,0.0,1.391953799771964,2.2099925283
122100,1.3919565350315524,,0.0,1.3919565350315524,2.205430269
122105,1.3919592344130693,,0.0,1.3919592344130693,2.196613947
122110,1.391961899007863,,0.0,1.391961899007863,2.1855795977
122115,1.3919645296799175,,0.0,1.3919645296799175,2.1732339726
122120,1.3919671270658522,,0.0,1.3919671270658522,2.1607493263
122125,1.39196969184776,,0.0,1.39196969184776,2.1485291531
122130,1.391972224389424,,0.0,1.391972224389424,2.1380616328
122135,1.3919747245771612,,0.0,1.3919747245771612,2.1252323606
122140,1.3919771922745539,,0.0,1.3919771922745539,2.1149020166
122145,1.3919796272087648,,0.0,1.3919796272087648,2.1103782982
122150,1.3919820287886469,,0.0,1.3919820287886469,2.106395681
122155,1.3919843962866345,,0.0,1.3919843962866345,2.1077346982
122160,1.391986728679589,,0.0,1.391986728679589,2.1079805423
122165,1.3919890248306896,,0.0,1.3919890248306896,2.1075546019
122170,1.3919912834894326,,0.0,1.3919912834894326,2.1041598625
122175,1.3919935034735247,,0.0,1.3919935034735247,2.0956930235
122180,1.3919956836461442,,0.0,1.3919956836461442,2.0861073839
122185,1.391997822665843,,0.0,1.391997822665843,2.0807567422
122190,1.3919999193275905,,0.0,1.3919999193275905,2.0771077167
122195,1.3920019719261552,,0.0,1.3920019719261552,2.0767912562
122200,1.3920039786426233,,0.0,1.3920039786426233,2.0785788377
122205,1.3920059378854457,,0.0,1.3920059378854457,2.0812654369
122210,1.3920078481085454,,0.0,1.3920078481085454,2.0862899236
122215,1.392009707856792,,0.0,1.392009707856792,2.0915753329
122220,1.3920115154704262,,0.0,1.3920115154704262,2.0933002093
122225,1.392013269403372,,0.0,1.392013269403372,2.091437435
122230,1.3920149681095524,,0.0,1.3920149681095524,2.0909986695
122235,1.3920166099746818,,0.0,1.3920166099746818,2.0964376601
122240,1.3920181934981564,,0.0,1.3920181934981564,2.1028871914
122245,1.3920197173157907,,0.0,1.3920197173157907,2.1068022201
122250,1.3920211801770819,,0.0,1.3920211801770819,2.1106426864
122255,1.392022581058891,,0.0,1.392022581058891,2.1129949513
122260,1.3920239192563888,,0.0,1.3920239192563888,2.1153615468
122265,1.392025194246638,,0.0,1.392025194246638,2.1209918274
122270,1.3920264060069019,,0.0,1.3920264060069019,2.1290921568
122275,1.3920275548782268,,0.0,1.3920275548782268,2.1365830018
122280,1.3920286417018604,,0.0,1.3920286417018604,2.1433250754
122285,1.3920296678192512,,0.0,1.3920296678192512,2.1512832941
122290,1.3920306350720497,,0.0,1.3920306350720497,2.1590160562
122295,1.3920315459385253,,0.0,1.3920315459385253,2.1643019823
122300,1.392032403306204,,0.0,1.392032403306204,2.1659569988
122305,1.3920332106537574,,0.0,1.3920332106537574,2.1654565885
122310,1.3920339718691137,,0.0,1.3920339718691137,2.1671222602
122315,1.3920346911357744,,0.0,1.3920346911357744,2.1711315862
122320,1.392035373091969,,0.0,1.392035373091969,2.1736951658
122325,1.3920360224668733,,0.0,1.3920360224668733,2.1761856158
122330,1.3920366443079724,,0.0,1.3920366443079724,2.1792943711
122335,1.392037243685488,,0.0,1.392037243685488,2.1808084143
122340,1.3920378257833244,,0.0,1.3920378257833244,2.183366732
122345,1.3920383955580207,,0.0,1.3920383955580207,2.1867624661
122350,1.392038957988853,,0.0,1.392038957988853,2.1867732543
122355,1.392039518009625,,0.0,1.392039518009625,2.1839902317
122360,1.3920400803949844,,0.0,1.3920400803949844,2.1815068977
122365,1.3920406498741074,,0.0,1.3920406498741074,2.1744257979
122370,1.3920412308805954,,0.0,1.3920412308805954,2.1729016092
122375,1.3920418273023762,,0.0,1.3920418273023762,2.1716934173
122380,1.3920424427545413,,0.0,1.3920424427545413,2.1688926184
122385,1.3920430804429256,,0.0,1.3920430804429256,2.162683594
122390,1.3920437432777906,,0.0,1.3920437432777906,2.1544994174
122395,1.392044433760143,,0.0,1.392044433760143,2.1474361352
122400,1.3920451540499426,,0.0,1.3920451540499426,2.1447432078
122405,1.3920459055568475,,0.0,1.3920459055568475,2.1437244499
122410,1.392046689008423,,0.0,1.392046689008423,2.1391997778
122415,1.3920475047457157,,0.0,1.3920475047457157,2.1317997313
122420,1.392048352859671,,0.0,1.392048352859671,2.1248624301
122425,1.3920492333275525,,0.0,1.3920492333275525,2.1202961648
122430,1.392050145967469,,0.0,1.392050145967469,2.1144815148
122435,1.3920510903474284,,0.0,1.3920510903474284,2.1080709354
122440,1.39205206564892,,0.0,1.39205206564892,2.1064677521
122445,1.3920530712125867,,0.0,1.3920530712125867,2.104751828
122450,1.3920541062426544,,0.0,1.3920541062426544,2.1036192969
122455,1.3920551695795658,,0.0,1.3920551695795658,2.1041943595
122460,1.3920562600410264,,0.0,1.3920562600410264,2.1053430034
122465,1.392057376285588,,0.0,1.392057376285588,2.1063151854
122470,1.3920585172219022,,0.0,1.3920585172219022,2.1105465055
122475,1.3920596817813573,,0.0,1.3920596817813573,2.1138745365
122480,1.3920608690999692,,0.0,1.3920608690999692,2.1146638782
122485,1.3920620783137538,,0.0,1.3920620783137538,2.1153825683
122490,1.392063308695146,,0.0,1.392063308695146,2.1158682299
122495,1.3920645601304638,,0.0,1.3920645601304638,2.1215016401
122500,1.3920658325969701,,0.0,1.3920658325969701,2.132075495
122505,1.392067125639937,,0.0,1.392067125639937,2.1391750143
122510,1.392068438963791,,0.0,1.392068438963791,2.1438499554
122515,1.392069772182013,,0.0,1.392069772182013,2.1461011874
122520,1.3920711250672382,,0.0,1.3920711250672382,2.1446907306
122525,1.39207249741484,,0.0,1.39207249741484,2.1426481458
122530,1.3920738889747164,,0.0,1.3920738889747164,2.1379466339
122535,1.3920752993830858,,0.0,1.3920752993830858,2.1349386315
122540,1.3920767280488007,,0.0,1.3920767280488007,2.1347981484
122545,1.3920781743125048,,0.0,1.3920781743125048,2.1399572787
122550,1.3920796372420055,,0.0,1.3920796372420055,2.1479314212
122555,1.3920811156777448,,0.0,1.3920811156777448,2.1541872574
122560,1.3920826082100646,,0.0,1.3920826082100646,2.1574769668
122565,1.3920841131109971,,0.0,1.3920841131109971,2.1641825943
122570,1.3920856285843652,,0.0,1.3920856285843652,2.1715466509
122575,1.3920871526293639,,0.0,1.3920871526293639,2.1773084986
122580,1.3920886829950876,,0.0,1.3920886829950876,2.1812351527
122585,1.3920902172714753,,0.0,1.3920902172714753,2.1845662036
122590,1.3920917529120482,,0.0,1.3920917529120482,2.1872679168
122595,1.392093287188436,,0.0,1.392093287188436,2.1865025697
122600,1.3920948172585863,,0.0,1.3920948172585863,2.1832241839
122605,1.3920963402122366,,0.0,1.3920963402122366,2.1803975812
122610,1.3920978530709163,,0.0,1.3920978530709163,2.1814416246
122615,1.392099352833418,,0.0,1.392099352833418,2.1845219882
122620,1.392100836612216,,0.0,1.392100836612216,2.1894264067
122625,1.3921023015652578,,0.0,1.3921023015652578,2.1910170046
122630,1.3921037450096463,,0.0,1.3921037450096463,2.1932751803
122635,1.3921051644671107,,0.0,1.3921051644671107,2.1962873885
122640,1.3921065577549554,,0.0,1.3921065577549554,2.1967152345
122645,1.3921079229633209,,0.0,1.3921079229633209,2.2049595498
122650,1.3921092586143395,,0.0,1.3921092586143395,2.2118486253
122655,1.3921105635939273,,0.0,1.3921105635939273,2.2167621694
122660,1.3921118373336732,,0.0,1.3921118373336732,2.2207939294
122665,1.3921130797881047,,0.0,1.3921130797881047,2.2230875662
122670,1.3921142914346865,,0.0,1.3921142914346865,2.2277212638
122675,1.3921154734557124,,0.0,1.3921154734557124,2.2332652996
122680,1.3921166276928325,,0.0,1.3921166276928325,2.238383061
122685,1.3921177567152625,,0.0,1.3921177567152625,2.2412879918
122690,1.3921188637970465,,0.0,1.3921188637970465,2.2443829624
122695,1.3921199526442214,,0.0,1.3921199526442214,2.2461823375
122700,1.3921210272811337,,0.0,1.3921210272811337,2.2432546139
122705,1.3921220924369586,,0.0,1.3921220924369586,2.2376517044
122710,1.3921231537503282,,0.0,1.3921231537503282,2.2280294719
122715,1.3921242183150064,,0.0,1.3921242183150064,2.2146606706
122720,1.3921252943161038,,0.0,1.3921252943161038,2.1995256864
122725,1.3921263909618709,,0.0,1.3921263909618709,2.1893456482
122730,1.3921275180289685,,0.0,1.3921275180289685,2.1793069736
122735,1.392128685589631,,0.0,1.392128685589631,2.1649221028
122740,1.3921299036024106,,0.0,1.3921299036024106,2.1469565633
122745,1.3921311816166035,,0.0,1.3921311816166035,2.1345092786
122750,1.392132528431205,,0.0,1.392132528431205,2.1236054977
122755,1.3921339517083882,,0.0,1.3921339517083882,2.1157739334
122760,1.3921354578370875,,0.0,1.3921354578370875,2.1133349803
122765,1.3921370515010054,,0.0,1.3921370515010054,2.1112092433
122770,1.3921387355421946,,0.0,1.3921387355421946,2.1061544467
122775,1.3921405108701121,,0.0,1.3921405108701121,2.1003638732
122780,1.3921423763024636,,0.0,1.3921423763024636,2.094494299
122785,1.3921443285652049,,0.0,1.3921443285652049,2.0877878865
122790,1.3921463624516954,,0.0,1.3921463624516954,2.0860908175
122795,1.3921484709136451,,0.0,1.3921484709136451,2.0856651178
122800,1.3921506452657413,,0.0,1.3921506452657413,2.0853653098
122805,1.3921528755266952,,0.0,1.3921528755266952,2.088297047
122810,1.3921551506238703,,0.0,1.3921551506238703,2.0944100642
122815,1.3921574587115915,,0.0,1.3921574587115915,2.0995856817
122820,1.3921597875121916,,0.0,1.3921597875121916,2.1019400819
122825,1.3921621246343217,,0.0,1.3921621246343217,2.1013227236
122830,1.392164457777578,,0.0,1.392164457777578,2.1004380013
122835,1.3921667750053401,,0.0,1.3921667750053401,2.1023520855
122840,1.3921690649493978,,0.0,1.3921690649493978,2.1045654364
122845,1.3921713170600518,,0.0,1.3921713170600518,2.1115455294
122850,1.3921735216061142,,0.0,1.3921735216061142,2.1175029962
122855,1.3921756699932182,,0.0,1.3921756699932182,2.1215007192
122860,1.3921777545591902,,0.0,1.3921777545591902,2.123956313
122865,1.3921797685967856,,0.0,1.3921797685967856,2.1278448477
122870,1.3921817065810547,,0.0,1.3921817065810547,2.1298121848
122875,1.3921835640101863,,0.0,1.3921835640101863,2.1311049146
122880,1.3921853371326711,,0.0,1.3921853371326711,2.1337392129
122885,1.3921870231291924,,0.0,1.3921870231291924,2.1355017252
122890,1.3921886199989457,,0.0,1.3921886199989457,2.1369325569
122895,1.3921901261958542,,0.0,1.3921901261958542,2.1412075474
122900,1.3921915407649885,,0.0,1.3921915407649885,2.1431845001
122905,1.3921928632061469,,0.0,1.3921928632061469,2.1415759255
122910,1.392194093473857,,0.0,1.392194093473857,2.1420037753
122915,1.3921952318864288,,0.0,1.3921952318864288,2.1441089527
122920,1.3921962793078455,,0.0,1.3921962793078455,2.1457308022
122925,1.3921972367612467,,0.0,1.3921972367612467,2.147696537
122930,1.3921981057699726,,0.0,1.3921981057699726,2.1498475931
122935,1.392198889699013,,0.0,1.392198889699013,2.153109694
122940,1.3921995914813663,,0.0,1.3921995914813663,2.1567946924
122945,1.3922002137544573,,0.0,1.3922002137544573,2.1588131949
122950,1.3922007598150672,,0.0,1.3922007598150672,2.1613952258
122955,1.392201233369232,,0.0,1.392201233369232,2.1604037549
122960,1.3922016385322444,,0.0,1.3922016385322444,2.1557930562
122965,1.392201979692233,,0.0,1.392201979692233,2.1493018382
122970,1.3922022615101644,,0.0,1.3922022615101644,2.142298504
122975,1.392202488715214,,0.0,1.392202488715214,2.1397134863
122980,1.3922026660138205,,0.0,1.3922026660138205,2.1366312702
122985,1.3922027982261052,,0.0,1.3922027982261052,2.1312694043
122990,1.3922028899675618,,0.0,1.3922028899675618,2.1243221834
122995,1.392202945512637,,0.0,1.392202945512637,2.1154256132
123000,1.3922029688629407,,0.0,1.3922029688629407,2.1082259107
123005,1.3922029636108275,,0.0,1.3922029636108275,2.1066449682
123010,1.3922029330985515,,0.0,1.3922029330985515,2.1052324966
123015,1.3922028802818467,,0.0,1.3922028802818467,2.1027020872
123020,1.392202807843611,,0.0,1.392202807843611,2.0972252834
123025,1.3922027181484324,,0.0,1.3922027181484324,2.092457607
123030,1.3922026135154257,,0.0,1.3922026135154257,2.0899768244
123035,1.3922024958544499,,0.0,1.3922024958544499,2.0856157342
123040,1.3922023669844188,,0.0,1.3922023669844188,2.0786763235
123045,1.3922022285878275,,0.0,1.3922022285878275,2.0731057523
123050,1.3922020823016985,,0.0,1.3922020823016985,2.0721662575
123055,1.392201929831263,,0.0,1.392201929831263,2.0743697396
123060,1.3922017728590164,,0.0,1.3922017728590164,2.0767573266
123065,1.3922016131129262,,0.0,1.3922016131129262,2.0782987823
123070,1.3922014523891701,,0.0,1.3922014523891701,2.077528525
123075,1.3922012926203435,,0.0,1.3922012926203435,2.0811855405
123080,1.392201135807252,,0.0,1.392201135807252,2.0854236617
123085,1.3922009840871181,,0.0,1.3922009840871181,2.0864568225
123090,1.39220083957443,,0.0,1.39220083957443,2.0871921546
123095,1.3922007044973561,,0.0,1.3922007044973561,2.0898624524
123100,1.392200580970384,,0.0,1.392200580970384,2.0967791674
123105,1.392200471039791,,0.0,1.392200471039791,2.1063593964
123110,1.3922003765927005,,0.0,1.3922003765927005,2.115338182
123115,1.3922002993116074,,0.0,1.3922002993116074,2.1212961073
123120,1.3922002406743792,,0.0,1.3922002406743792,2.1243677673
123125,1.392200202045201,,0.0,1.392200202045201,2.124330604
123130,1.3922001844699479,,0.0,1.3922001844699479,2.1242762177
123135,1.3922001887671311,,0.0,1.3922001887671311,2.1209553052
123140,1.3922002155506346,,0.0,1.3922002155506346,2.1194426779
123145,1.3922002651387675,,0.0,1.3922002651387675,2.1173406682
123150,1.3922003375997394,,0.0,1.3922003375997394,2.1174096523
123155,1.3922004325697677,,0.0,1.3922004325697677,2.1231347461
123160,1.3922005494122323,,0.0,1.3922005494122323,2.1314048601
123165,1.392200686967576,,0.0,1.392200686967576,2.1377551573
123170,1.3922008434850943,,0.0,1.3922008434850943,2.1458580062
123175,1.3922010167138816,,0.0,1.3922010167138816,2.1529884492
123180,1.39220120372094,,0.0,1.39220120372094,2.1579076495
123185,1.392201401050333,,0.0,1.392201401050333,2.1642227929
123190,1.3922016047004508,,0.0,1.3922016047004508,2.167720079
123195,1.3922018101694822,,0.0,1.3922018101694822,2.1691270342
123200,1.3922020125008876,,0.0,1.3922020125008876,2.1681852904
123205,1.3922022065107633,,0.0,1.3922022065107633,2.1631364478
123210,1.3922023868105775,,0.0,1.3922023868105775,2.16070039
123215,1.3922025481709532,,0.0,1.3922025481709532,2.162268806
123220,1.3922026855444056,,0.0,1.3922026855444056,2.1657298465
123225,1.39220279381524,,0.0,1.39220279381524,2.1670734683
123230,1.3922028682997531,,0.0,1.3922028682997531,2.1676103329
123235,1.392202904678026,,0.0,1.392202904678026,2.1654463287
123240,1.3922028991758122,,0.0,1.3922028991758122,2.1615621233
123245,1.3922028487009588,,0.0,1.3922028487009588,2.1614787519
123250,1.39220275100256,,0.0,1.39220275100256,2.1625212085
123255,1.3922026045345397,,0.0,1.3922026045345397,2.1658983874
123260,1.3922024086602773,,0.0,1.3922024086602773,2.1716561478
123265,1.3922021635389288,,0.0,1.3922021635389288,2.1754256012
123270,1.3922018701026866,,0.0,1.3922018701026866,2.1778622945
123275,1.392201530034046,,0.0,1.392201530034046,2.1789541867
123280,1.392201145652122,,0.0,1.392201145652122,2.1821867958
123285,1.392200719958122,,0.0,1.392200719958122,2.1854945027
123290,1.392200256362509,,0.0,1.392200256362509,2.187333809
123295,1.3921997585031107,,0.0,1.3921997585031107,2.1876807289
123300,1.3921992301541726,,0.0,1.3921992301541726,2.1836130851
123305,1.3921986750444675,,0.0,1.3921986750444675,2.1768674159
123310,1.3921980967663499,,0.0,1.3921980967663499,2.1691755947
123315,1.3921974985029189,,0.0,1.3921974985029189,2.1610498698
123320,1.392196883050754,,0.0,1.392196883050754,2.1521712754
123325,1.3921962526380243,,0.0,1.3921962526380243,2.1467553889
123330,1.3921956088562795,,0.0,1.3921956088562795,2.1427061776
123335,1.3921949527286586,,0.0,1.3921949527286586,2.1360361589
123340,1.3921942847553623,,0.0,1.3921942847553623,2.1269577762
123345,1.3921936049363912,,0.0,1.3921936049363912,2.114903958
123350,1.3921929126578614,,0.0,1.3921929126578614,2.099923583
123355,1.392192206601061,,0.0,1.392192206601061,2.0948632476
123360,1.3921914848333943,,0.0,1.3921914848333943,2.0927683433
123365,1.392190744717436,,0.0,1.392190744717436,2.0896512667
123370,1.3921899829564055,,0.0,1.3921899829564055,2.0852569983
123375,1.3921891956623749,,0.0,1.3921891956623749,2.0834082895
123380,1.3921883783107962,,0.0,1.3921883783107962,2.0788594634
123385,1.3921875259906031,,0.0,1.3921875259906031,2.0720346203
123390,1.3921866333587367,,0.0,1.3921866333587367,2.0663295959
123395,1.392185694685619,,0.0,1.392185694685619,2.0620504563
123400,1.3921847041734623,,0.0,1.3921847041734623,2.060309551
123405,1.3921836560472163,,0.0,1.3921836560472163,2.0603057631
123410,1.3921825448728766,,0.0,1.3921825448728766,2.0635173326
123415,1.3921813656939033,,0.0,1.3921813656939033,2.0702423889
123420,1.3921801140539578,,0.0,1.3921801140539578,2.0776466803
123425,1.3921787863379496,,0.0,1.3921787863379496,2.0818305814
123430,1.3921773796583534,,0.0,1.3921773796583534,2.0816137504
123435,1.3921758921962553,,0.0,1.3921758921962553,2.0776962215
123440,1.3921743232013535,,0.0,1.3921743232013535,2.0749815738
123445,1.392172672991958,,0.0,1.392172672991958,2.0747482041
123450,1.39217094295499,,0.0,1.39217094295499,2.077726826
123455,1.3921691355687198,,0.0,1.3921691355687198,2.0832804639
123460,1.3921672544027652,,0.0,1.3921672544027652,2.0866778793
123465,1.3921653040726196,,0.0,1.3921653040726196,2.0900756129
123470,1.3921632902169154,,0.0,1.3921632902169154,2.0937089805
123475,1.3921612193155324,,0.0,1.3921612193155324,2.097819552
123480,1.3921590986441252,,0.0,1.3921590986441252,2.0995582678
123485,1.392156936092231,,0.0,1.392156936092231,2.1036302555
123490,1.3921547401177992,,0.0,1.3921547401177992,2.1085626922
123495,1.392152519678979,,0.0,1.392152519678979,2.1183780303
123500,1.392150284234121,,0.0,1.392150284234121,2.12487548
123505,1.392148043582623,,0.0,1.392148043582623,2.1276804855
123510,1.3921458079331372,,0.0,1.3921458079331372,2.1271679526
123515,1.3921435876307355,,0.0,1.3921435876307355,2.1255574639
123520,1.3921413931796436,,0.0,1.3921413931796436,2.12593098
123525,1.3921392349249333,,0.0,1.3921392349249333,2.1293294332
123530,1.3921371229843114,,0.0,1.3921371229843114,2.1310998444
123535,1.3921350669525472,,0.0,1.3921350669525472,2.1306088135
123540,1.392133075856,,0.0,1.392133075856,2.1298349888
123545,1.3921311579025173,,0.0,1.3921311579025173,2.1273261552
123550,1.3921293204132261,,0.0,1.3921293204132261,2.1286775954
123555,1.3921275696861157,,0.0,1.3921275696861157,2.1329175846
123560,1.3921259109505626,,0.0,1.3921259109505626,2.1342006573
123565,1.3921243483445949,,0.0,1.3921243483445949,2.1312655486
123570,1.3921228849376295,,0.0,1.3921228849376295,2.1251819107
123575,1.392121522753208,,0.0,1.392121522753208,2.1190953568
123580,1.3921202628144693,,0.0,1.3921202628144693,2.1165188565
123585,1.3921191052350952,,0.0,1.3921191052350952,2.1113178846
123590,1.3921180493329934,,0.0,1.3921180493329934,2.1033168934
123595,1.3921170936530332,,0.0,1.3921170936530332,2.0911858712
123600,1.3921162361261998,,0.0,1.3921162361261998,2.0812434648
123605,1.3921154740695958,,0.0,1.3921154740695958,2.0726243534
123610,1.3921148043455953,,0.0,1.3921148043455953,2.0687082188
123615,1.3921142239302542,,0.0,1.3921142239302542,2.0671268211
123620,1.3921137290038539,,0.0,1.3921137290038539,2.0635010871
123625,1.392113314882692,,0.0,1.392113314882692,2.0584549086
123630,1.3921129765874922,,0.0,1.3921129765874922,2.0544391516
123635,1.3921127086842502,,0.0,1.3921127086842502,2.0517408479
123640,1.3921125054888608,,0.0,1.3921125054888608,2.0486051161
123645,1.3921123608170176,,0.0,1.3921123608170176,2.0446344788
123650,1.3921122681661042,,0.0,1.3921122681661042,2.0401501423
123655,1.3921122205787764,,0.0,1.3921122205787764,2.0368358461
123660,1.3921122110522162,,0.0,1.3921122110522162,2.0365773326
123665,1.3921122324699242,,0.0,1.3921122324699242,2.0350417881
123670,1.3921122763512155,,0.0,1.3921122763512155,2.0361255102
123675,1.3921123337379409,,0.0,1.3921123337379409,2.0366300128
123680,1.392112395171749,,0.0,1.392112395171749,2.0397781181
123685,1.3921124507850333,,0.0,1.3921124507850333,2.0429086533
123690,1.3921124904373505,,0.0,1.3921124904373505,2.0433405371
123695,1.3921125038518385,,0.0,1.3921125038518385,2.0410337671
123700,1.3921124807061624,,0.0,1.3921124807061624,2.0411195658
123705,1.3921124108598788,,0.0,1.3921124108598788,2.0414371302
123710,1.392112284536327,,0.0,1.392112284536327,2.0446961481
123715,1.392112092345365,,0.0,1.392112092345365,2.0500483564
123720,1.392111825578944,,0.0,1.392111825578944,2.0567532504
123725,1.3921114762111075,,0.0,1.3921114762111075,2.0599672966
123730,1.3921110370571466,,0.0,1.3921110370571466,2.0596927194
123735,1.392110501932755,,0.0,1.392110501932755,2.0601803754
123740,1.3921098657222384,,0.0,1.3921098657222384,2.0575794775
123745,1.3921091242420949,,0.0,1.3921091242420949,2.0543640414
123750,1.392108276742023,,0.0,1.392108276742023,2.054270793
123755,1.3921073228127667,,0.0,1.3921073228127667,2.055262488
123760,1.3921062617267612,,0.0,1.3921062617267612,2.0610376383
123765,1.392105093961471,,0.0,1.392105093961471,2.0689154183
123770,1.3921038211311816,,0.0,1.3921038211311816,2.078685386
123775,1.392102446009737,,0.0,1.392102446009737,2.0888556665
123780,1.3921009723486462,,0.0,1.3921009723486462,2.0994866187
123785,1.3920994048998208,,0.0,1.3920994048998208,2.1071517805
123790,1.3920977489835837,,0.0,1.3920977489835837,2.1129520251
123795,1.3920960106705589,,0.0,1.3920960106705589,2.120041805
123800,1.3920941969180909,,0.0,1.3920941969180909,2.1254536638
123805,1.392092315570245,,0.0,1.392092315570245,2.1262857812
123810,1.3920903751304423,,0.0,1.3920903751304423,2.1243760533
123815,1.392088384784197,,0.0,1.392088384784197,2.1233451516
123820,1.392086353967123,,0.0,1.392086353967123,2.1220553171
123825,1.3920842924104089,,0.0,1.3920842924104089,2.1214015395
123830,1.3920822099134513,,0.0,1.3920822099134513,2.1254624801
123835,1.39208011607102,,0.0,1.39208011607102,2.1293804654
123840,1.3920780203414658,,0.0,1.3920780203414658,2.1332010961
123845,1.392075931773884,,0.0,1.392075931773884,2.1345335083
123850,1.3920738589171686,,0.0,1.3920738589171686,2.135549272
123855,1.3920718097063307,,0.0,1.3920718097063307,2.142845251
123860,1.392069791394288,,0.0,1.392069791394288,2.1501675458
123865,1.392067810483657,,0.0,1.392067810483657,2.1543933129
123870,1.3920658724766515,,0.0,1.3920658724766515,2.1599376525
123875,1.3920639820569738,,0.0,1.3920639820569738,2.1638194968
123880,1.3920621428169788,,0.0,1.3920621428169788,2.1660562773
123885,1.3920603572804084,,0.0,1.3920603572804084,2.171212614
123890,1.3920586269023945,,0.0,1.3920586269023945,2.177743285
123895,1.3920569521149284,,0.0,1.3920569521149284,2.1820019337
123900,1.392055332258654,,0.0,1.392055332258654,2.1872066478
123905,1.3920537656738126,,0.0,1.3920537656738126,2.1908185592
123910,1.3920522497684524,,0.0,1.3920522497684524,2.1910517473
123915,1.3920507809729554,,0.0,1.3920507809729554,2.1856493623
123920,1.3920493548537196,,0.0,1.3920493548537196,2.175632514
123925,1.3920479662041048,,0.0,1.3920479662041048,2.1635443321
123930,1.3920466091581145,,0.0,1.3920466091581145,2.1495706713
123935,1.392045277213132,,0.0,1.392045277213132,2.1386001153
123940,1.3920439634118134,,0.0,1.3920439634118134,2.1306853565
123945,1.3920426604785034,,0.0,1.3920426604785034,2.1227343066
123950,1.3920413608419744,,0.0,1.3920413608419744,2.112339244
123955,1.3920400569537352,,0.0,1.3920400569537352,2.1005229448
123960,1.3920387412652935,,0.0,1.3920387412652935,2.0941582625
123965,1.3920374064782586,,0.0,1.3920374064782586,2.0915676619
123970,1.392036045589813,,0.0,1.392036045589813,2.0896949386
123975,1.3920346520291313,,0.0,1.3920346520291313,2.0878543198
123980,1.392033219839271,,0.0,1.392033219839271,2.0838936341
123985,1.3920317436544376,,0.0,1.3920317436544376,2.0795620591
123990,1.3920302188591371,,0.0,1.3920302188591371,2.0720033847
123995,1.3920286416791239,,0.0,1.3920286416791239,2.0617970584
124000,1.3920270092723455,,0.0,1.3920270092723455,2.0570748269
124005,1.3920253196834698,,0.0,1.3920253196834698,2.0550053747
124010,1.3920235719803031,,0.0,1.3920235719803031,2.0529837371
124015,1.3920217662537915,,0.0,1.3920217662537915,2.0575965634
124020,1.3920199036180199,,0.0,1.3920199036180199,2.064366783
124025,1.3920179861192654,,0.0,1.3920179861192654,2.0716876667
124030,1.3920160168269453,,0.0,1.3920160168269453,2.0768035645
124035,1.392013999628987,,0.0,1.392013999628987,2.077708046
124040,1.3920119391636212,,0.0,1.3920119391636212,2.0767458303
124045,1.3920098405692778,,0.0,1.3920098405692778,2.0741553659
124050,1.39200770948459,,0.0,1.39200770948459,2.07150973
124055,1.392005551684608,,0.0,1.392005551684608,2.0769588931
124060,1.3920033729443826,,0.0,1.3920033729443826,2.084204453
124065,1.3920011790162286,,0.0,1.3920011790162286,2.0916082016
124070,1.3919989751977317,,0.0,1.3919989751977317,2.0963179821
124075,1.3919967664226949,,0.0,1.3919967664226949,2.1003844113
124080,1.3919945570110384,,0.0,1.3919945570110384,2.1037381356
124085,1.3919923505551168,,0.0,1.3919923505551168,2.1072231305
124090,1.3919901498742457,,0.0,1.3919901498742457,2.1123807043
124095,1.3919879569464941,,0.0,1.3919879569464941,2.1174492511
124100,1.391985772795001,,0.0,1.391985772795001,2.1299398863
124105,1.3919835975561845,,0.0,1.3919835975561845,2.1407367466
124110,1.391981430320588,,0.0,1.391981430320588,2.1478208249
124115,1.391979269337507,,0.0,1.391979269337507,2.1507435662
124120,1.391977111924044,,0.0,1.391977111924044,2.1505461953
124125,1.3919749545333178,,0.0,1.3919749545333178,2.1479113715
124130,1.3919727930272991,,0.0,1.3919727930272991,2.1491383653
124135,1.3919706226540765,,0.0,1.3919706226540765,2.1516760334
124140,1.3919684383661648,,0.0,1.3919684383661648,2.1536624204
124145,1.3919662350023962,,0.0,1.3919662350023962,2.1546084964
124150,1.3919640073106578,,0.0,1.3919640073106578,2.1553091067
124155,1.3919617503344097,,0.0,1.3919617503344097,2.155124768
124160,1.3919594595491045,,0.0,1.3919594595491045,2.1557186033
124165,1.3919571310213414,,0.0,1.3919571310213414,2.156234859
124170,1.3919547616362309,,0.0,1.3919547616362309,2.1549818713
124175,1.3919523493474948,,0.0,1.3919523493474948,2.1523850016
124180,1.3919498930865215,,0.0,1.3919498930865215,2.1467838909
124185,1.3919473928078385,,0.0,1.3919473928078385,2.1443538032
124190,1.3919448495118478,,0.0,1.3919448495118478,2.1434990051
124195,1.3919422653585096,,0.0,1.3919422653585096,2.1399282996
124200,1.3919396435081863,,0.0,1.3919396435081863,2.1336406179
124205,1.3919369880306975,,0.0,1.3919369880306975,2.1260453798
124210,1.3919343037689,,0.0,1.3919343037689,2.1165737869
124215,1.3919315962022718,,0.0,1.3919315962022718,2.1104226219
124220,1.3919288712877547,,0.0,1.3919288712877547,2.107675263
124225,1.3919261351869188,,0.0,1.3919261351869188,2.1045724526
124230,1.3919233941295432,,0.0,1.3919233941295432,2.1008327722
124235,1.391920654299934,,0.0,1.391920654299934,2.0949842455
124240,1.391917921541352,,0.0,1.391917921541352,2.0883789845
124245,1.3919152012650646,,0.0,1.3919152012650646,2.0871839216
124250,1.3919124983366662,,0.0,1.3919124983366662,2.0859645321
124255,1.3919098169851307,,0.0,1.3919098169851307,2.0843247315
124260,1.3919071607346032,,0.0,1.3919071607346032,2.082714042
124265,1.3919045323134547,,0.0,1.3919045323134547,2.0817256796
124270,1.391901933813435,,0.0,1.391901933813435,2.0786028789
124275,1.3918993665532573,,0.0,1.3918993665532573,2.0768458508
124280,1.3918968312604867,,0.0,1.3918968312604867,2.0761268908
124285,1.3918943280033325,,0.0,1.3918943280033325,2.0814921173
124290,1.391891856418012,,0.0,1.391891856418012,2.0847428957
124295,1.391889415731487,,0.0,1.391889415731487,2.0866851346
124300,1.3918870048296723,,0.0,1.3918870048296723,2.0860089886
124305,1.3918846224165928,,0.0,1.3918846224165928,2.0857159296
124310,1.3918822670371171,,0.0,1.3918822670371171,2.0885257834
124315,1.391879937213378,,0.0,1.391879937213378,2.0952595149
124320,1.3918776314675083,,0.0,1.3918776314675083,2.1038727879
124325,1.3918753484353223,,0.0,1.3918753484353223,2.108666152
124330,1.3918730869117903,,0.0,1.3918730869117903,2.110939896
124335,1.391870845805564,,0.0,1.391870845805564,2.1119396615
124340,1.3918686242753955,,0.0,1.3918686242753955,2.1134679558
124345,1.3918664216619288,,0.0,1.3918664216619288,2.1113365818
124350,1.3918642375104355,,0.0,1.3918642375104355,2.1061401604
124355,1.3918620715708148,,0.0,1.3918620715708148,2.1044253317
124360,1.3918599236839122,,0.0,1.3918599236839122,2.1071546945
124365,1.3918577938724637,,0.0,1.3918577938724637,2.113792192
124370,1.3918556822274153,,0.0,1.3918556822274153,2.120179119
124375,1.3918535888851853,,0.0,1.3918535888851853,2.1287417333
124380,1.391851513982192,,0.0,1.391851513982192,2.1359095204
124385,1.3918494577230636,,0.0,1.3918494577230636,2.1455277427
124390,1.391847420266955,,0.0,1.391847420266955,2.1543687791
124395,1.3918454017957573,,0.0,1.3918454017957573,2.1607827539
124400,1.3918434024686261,,0.0,1.3918434024686261,2.1637927352
124405,1.391841422421979,,0.0,1.391841422421979,2.1683966683
124410,1.391839461792235,,0.0,1.391839461792235,2.1694422713
124415,1.3918375206930762,,0.0,1.3918375206930762,2.1688416663
124420,1.391835599260921,,0.0,1.391835599260921,2.1673274588
124425,1.3918336976094516,,0.0,1.3918336976094516,2.167000379
124430,1.3918318158978233,,0.0,1.3918318158978233,2.1678128721
124435,1.3918299543079267,,0.0,1.3918299543079267,2.1719993201
124440,1.3918281130216537,,0.0,1.3918281130216537,2.1743662066
124445,1.3918262923345774,,0.0,1.3918262923345774,2.1761409916
124450,1.3918244924740626,,0.0,1.3918244924740626,2.1784304299
124455,1.3918227138493642,,0.0,1.3918227138493642,2.1797871125
124460,1.3918209568470017,,0.0,1.3918209568470017,2.1863315861
124465,1.3918192219217036,,0.0,1.3918192219217036,2.1900801124
124470,1.3918175096191436,,0.0,1.3918175096191436,2.1933123972
124475,1.391815820530469,,0.0,1.391815820530469,2.198428726
124480,1.3918141553605088,,0.0,1.3918141553605088,2.1994167392
124485,1.3918125147913551,,0.0,1.3918125147913551,2.1985355152
124490,1.3918108996187835,,0.0,1.3918108996187835,2.2043199857
124495,1.3918093105930953,,0.0,1.3918093105930953,2.2103551887
124500,1.3918077484873288,,0.0,1.3918077484873288,2.2132392695
124505,1.391806213938104,,0.0,1.391806213938104,2.2171252455
124510,1.3918047074910946,,0.0,1.3918047074910946,2.2214370605
124515,1.3918032295555567,,0.0,1.3918032295555567,2.2230658234
124520,1.3918017803133815,,0.0,1.3918017803133815,2.2206579265
124525,1.3918003598100415,,0.0,1.3918003598100415,2.2158516318
124530,1.391798967931855,,0.0,1.391798967931855,2.206552629
124535,1.3917976043377753,,0.0,1.3917976043377753,2.1929369377
124540,1.3917962684821288,,0.0,1.3917962684821288,2.1804281294
124545,1.3917949596373496,,0.0,1.3917949596373496,2.168496649
124550,1.3917936769849266,,0.0,1.3917936769849266,2.1568256602
124555,1.391792419433512,,0.0,1.391792419433512,2.1448503601
124560,1.3917911859144938,,0.0,1.3917911859144938,2.1340184125
124565,1.391789975177369,,0.0,1.391789975177369,2.1264064587
124570,1.3917887859261615,,0.0,1.3917887859261615,2.1214452275
124575,1.3917876167284766,,0.0,1.3917876167284766,2.120445996
124580,1.3917864661291837,,0.0,1.3917864661291837,2.1204975004
124585,1.3917853325139968,,0.0,1.3917853325139968,2.1214775809
124590,1.3917842141776846,,0.0,1.3917842141776846,2.1194999031
124595,1.3917831092785968,,0.0,1.3917831092785968,2.1144387769
124600,1.3917820157931922,,0.0,1.3917820157931922,2.1055216764
124605,1.3917809314023555,,0.0,1.3917809314023555,2.0988118761
124610,1.3917798536278172,,0.0,1.3917798536278172,2.0956547581
124615,1.3917787795593157,,0.0,1.3917787795593157,2.0957124455
124620,1.3917777060137517,,0.0,1.3917777060137517,2.0987780016
124625,1.391776629353298,,0.0,1.391776629353298,2.1001940087
124630,1.3917755455536083,,0.0,1.3917755455536083,2.1039500667
124635,1.3917744501583444,,0.0,1.3917744501583444,2.1078641525
124640,1.391773338301912,,0.0,1.391773338301912,2.1094513381
124645,1.3917722047321979,,0.0,1.3917722047321979,2.1086277905
124650,1.3917710438105704,,0.0,1.3917710438105704,2.1052403405
124655,1.391769849648296,,0.0,1.391769849648296,2.1085835763
124660,1.3917686160610683,,0.0,1.3917686160610683,2.1159339658
124665,1.3917673367508994,,0.0,1.3917673367508994,2.1199817873
124670,1.3917660052606453,,0.0,1.3917660052606453,2.1248785283
124675,1.391764615224109,,0.0,1.391764615224109,2.1286841412
124680,1.3917631603205647,,0.0,1.3917631603205647,2.1312252518
124685,1.3917616344566526,,0.0,1.3917616344566526,2.1344772592
124690,1.3917600318800578,,0.0,1.3917600318800578,2.1370639892
124695,1.391758347224985,,0.0,1.391758347224985,2.1411314397
124700,1.3917565756713137,,0.0,1.3917565756713137,2.1505029409
124705,1.3917547130810146,,0.0,1.3917547130810146,2.1585875602
124710,1.3917527560208887,,0.0,1.3917527560208887,2.1658998202
124715,1.3917507019217203,,0.0,1.3917507019217203,2.1725334376
124720,1.391748549078278,,0.0,1.391748549078278,2.1760263675
124725,1.3917462968312053,,0.0,1.3917462968312053,2.1765200431
124730,1.391743945635231,,0.0,1.391743945635231,2.1767945171
124735,1.391741497059168,,0.0,1.391741497059168,2.1784094224
124740,1.3917389538313867,,0.0,1.3917389538313867,2.1800812185
124745,1.3917363198852877,,0.0,1.3917363198852877,2.1834125157
124750,1.3917336002683565,,0.0,1.3917336002683565,2.1871321817
124755,1.3917308011876361,,0.0,1.3917308011876361,2.1902097563
124760,1.3917279299415168,,0.0,1.3917279299415168,2.1904622308
124765,1.3917249948515293,,0.0,1.3917249948515293,2.1878554301
124770,1.3917220051486598,,0.0,1.3917220051486598,2.184154791
124775,1.3917189709960882,,0.0,1.3917189709960882,2.1800316405
124780,1.3917159031708781,,0.0,1.3917159031708781,2.1757175746
124785,1.3917128131094487,,0.0,1.3917128131094487,2.1712857584
124790,1.3917097126120022,,0.0,1.3917097126120022,2.1681971224
124795,1.391706613683369,,0.0,1.391706613683369,2.1668234273
124800,1.391703528396588,,0.0,1.391703528396588,2.1614714493
124805,1.3917004686200705,,0.0,1.3917004686200705,2.1541189366
124810,1.391697445881182,,0.0,1.391697445881182,2.1459502405
124815,1.3916944711616135,,0.0,1.3916944711616135,2.1353812308
124820,1.3916915547154907,,0.0,1.3916915547154907,2.1294566549
124825,1.3916887059102183,,0.0,1.3916887059102183,2.1277962606
124830,1.3916859331128,,0.0,1.3916859331128,2.1248595451
124835,1.3916832434852073,,0.0,1.3916832434852073,2.1205659216
124840,1.3916806429843829,,0.0,1.3916806429843829,2.1173598769
124845,1.391678136180347,,0.0,1.391678136180347,2.1139102223
124850,1.391675726256199,,0.0,1.391675726256199,2.1124878396
124855,1.3916734150081154,,0.0,1.3916734150081154,2.1101069553
124860,1.3916712027544065,,0.0,1.3916712027544065,2.1059654507
124865,1.3916690884946694,,0.0,1.3916690884946694,2.1035637515
124870,1.3916670699552625,,0.0,1.3916670699552625,2.1022581154
124875,1.3916651436120406,,0.0,1.3916651436120406,2.1006907388
124880,1.3916633048495104,,0.0,1.3916633048495104,2.1021273235
124885,1.3916615479380936,,0.0,1.3916615479380936,2.1009622943
124890,1.3916598659431823,,0.0,1.3916598659431823,2.1035659221
124895,1.3916582507024011,,0.0,1.3916582507024011,2.1074362363
124900,1.3916566931893917,,0.0,1.3916566931893917,2.1110888421
124905,1.3916551839685392,,0.0,1.3916551839685392,2.1121651952
124910,1.3916537133996012,,0.0,1.3916537133996012,2.1145150256
124915,1.3916522715467625,,0.0,1.3916522715467625,2.1207637074
124920,1.391650848315052,,0.0,1.391650848315052,2.1244752703
124925,1.3916494332911895,,0.0,1.3916494332911895,2.130344256
124930,1.39164801583453,,0.0,1.39164801583453,2.1393058529
124935,1.3916465851907465,,0.0,1.3916465851907465,2.1466899762
124940,1.391645130582776,,0.0,1.391645130582776,2.1496792725
124945,1.3916436414836555,,0.0,1.3916436414836555,2.1516580124
124950,1.3916421077074688,,0.0,1.3916421077074688,2.1492056381
124955,1.3916405195685009,,0.0,1.3916405195685009,2.1438753018
124960,1.3916388680858658,,0.0,1.3916388680858658,2.1403458044
124965,1.3916371448925606,,0.0,1.3916371448925606,2.136784675
124970,1.3916353425537757,,0.0,1.3916353425537757,2.1374593391
124975,1.3916334544304767,,0.0,1.3916334544304767,2.1431180247
124980,1.3916314747930851,,0.0,1.3916314747930851,2.1484525519
124985,1.3916293989351625,,0.0,1.3916293989351625,2.1533442654
124990,1.3916272231506719,,0.0,1.3916272231506719,2.160631646
124995,1.3916249448021885,,0.0,1.3916249448021885,2.169499468
125000,1.3916225624118455,,0.0,1.3916225624118455,2.1752493148
125005,1.391620074933767,,0.0,1.391620074933767,2.1790343152
125010,1.3916174850735874,,0.0,1.3916174850735874,2.1804362112
125015,1.3916147941954917,,0.0,1.3916147941954917,2.1825789681
125020,1.391612005914571,,0.0,1.391612005914571,2.1797226403
125025,1.3916091251191551,,0.0,1.3916091251191551,2.1750392369
125030,1.391606158039024,,0.0,1.391606158039024,2.1766487778
125035,1.3916031120862502,,0.0,1.3916031120862502,2.177081657
125040,1.3915999959234102,,0.0,1.3915999959234102,2.1795115496
125045,1.391596819190746,,0.0,1.391596819190746,2.1812557749
125050,1.3915935925061662,,0.0,1.3915935925061662,2.1816591327
125055,1.391590327237881,,0.0,1.391590327237881,2.1824569212
125060,1.39158703539072,,0.0,1.39158703539072,2.183021969
125065,1.3915837293787694,,0.0,1.3915837293787694,2.1864539039
125070,1.3915804217980055,,0.0,1.3915804217980055,2.1944863713
125075,1.3915771252898785,,0.0,1.3915771252898785,2.2015883588
125080,1.3915738522457375,,0.0,1.3915738522457375,2.2087551022
125085,1.391570614602203,,0.0,1.391570614602203,2.2136557822
125090,1.391567423704749,,0.0,1.391567423704749,2.2184858617
125095,1.3915642899439193,,0.0,1.3915642899439193,2.2269471738
125100,1.3915612227325926,,0.0,1.3915612227325926,2.2365694301
125105,1.3915582302331435,,0.0,1.3915582302331435,2.239342762
125110,1.3915553193574435,,0.0,1.3915553193574435,2.2400310435
125115,1.3915524954258154,,0.0,1.3915524954258154,2.243561217
125120,1.391549762235241,,0.0,1.391549762235241,2.2432828397
125125,1.391547121900208,,0.0,1.391547121900208,2.2398525509
125130,1.391544574739026,,0.0,1.391544574739026,2.2335976498
125135,1.3915421195239284,,0.0,1.3915421195239284,2.2239857113
125140,1.39153975329918,,0.0,1.39153975329918,2.2120310065
125145,1.391537471653916,,0.0,1.391537471653916,2.2006263889
125150,1.39153526865393,,0.0,1.39153526865393,2.1951584286
125155,1.3915331371599864,,0.0,1.3915331371599864,2.187131252
125160,1.3915310688278189,,0.0,1.3915310688278189,2.1762948169
125165,1.391529054290022,,0.0,1.391529054290022,2.1659564116
125170,1.391527083315207,,0.0,1.391527083315207,2.1626447921
125175,1.391525145239992,,0.0,1.391525145239992,2.1601527309
125180,1.3915232288325858,,0.0,1.3915232288325858,2.1592382513
125185,1.391521322724778,,0.0,1.391521322724778,2.1566293359
125190,1.3915194157075135,,0.0,1.3915194157075135,2.1524245411
125195,1.3915174967991009,,0.0,1.3915174967991009,2.1482898679
125200,1.391515555563524,,0.0,1.391515555563524,2.1438845781
125205,1.3915135822013844,,0.0,1.3915135822013844,2.1369039022
125210,1.3915115677772696,,0.0,1.3915115677772696,2.1301995876
125215,1.3915095044016417,,0.0,1.3915095044016417,2.1270316509
125220,1.391507385549148,,0.0,1.391507385549148,2.1272597317
125225,1.3915052061268298,,0.0,1.3915052061268298,2.1305057304
125230,1.391502962496861,,0.0,1.391502962496861,2.1332423767
125235,1.391500652749381,,0.0,1.391500652749381,2.137737937
125240,1.391498276702499,,0.0,1.391498276702499,2.1444877818
125245,1.3914958359477647,,0.0,1.3914958359477647,2.1476082713
125250,1.3914933338046953,,0.0,1.3914933338046953,2.1463946132
125255,1.39149077522983,,0.0,1.39149077522983,2.1415462041
125260,1.3914881666348398,,0.0,1.3914881666348398,2.1419670507
125265,1.3914855157955806,,0.0,1.3914855157955806,2.1457998979
125270,1.3914828315792562,,0.0,1.3914828315792562,2.150686838
125275,1.3914801238307364,,0.0,1.3914801238307364,2.1551399443
125280,1.391477403008775,,0.0,1.391477403008775,2.1599193074
125285,1.3914746801177993,,0.0,1.3914746801177993,2.1634645696
125290,1.3914719662986552,,0.0,1.3914719662986552,2.1663018255
125295,1.3914692727149256,,0.0,1.3914692727149256,2.1684502485
125300,1.3914666102118827,,0.0,1.3914666102118827,2.1735183611
125305,1.3914639892255434,,0.0,1.3914639892255434,2.1817639262
125310,1.3914614195325687,,0.0,1.3914614195325687,2.1900014833
125315,1.3914589099546897,,0.0,1.3914589099546897,2.19718123
125320,1.3914564684041804,,0.0,1.3914564684041804,2.2041807971
125325,1.3914541015655488,,0.0,1.3914541015655488,2.207727943
125330,1.3914518149410087,,0.0,1.3914518149410087,2.2068159142
125335,1.3914496126685882,,0.0,1.3914496126685882,2.2015171961
125340,1.3914474975903404,,0.0,1.3914474975903404,2.1996920305
125345,1.391445471184132,,0.0,1.391445471184132,2.2014358854
125350,1.3914435336545912,,0.0,1.3914435336545912,2.2009533781
125355,1.391441684183207,,0.0,1.391441684183207,2.2000355901
125360,1.3914399203144454,,0.0,1.3914399203144454,2.1992516368
125365,1.3914382379102783,,0.0,1.3914382379102783,2.1995131957
125370,1.3914366318322746,,0.0,1.3914366318322746,2.2003822363
125375,1.3914350961917017,,0.0,1.3914350961917017,2.2006912861
125380,1.3914336245086794,,0.0,1.3914336245086794,2.2010020644
125385,1.3914322097576537,,0.0,1.3914322097576537,2.1977441878
125390,1.391430844367397,,0.0,1.391430844367397,2.1954566002
125395,1.391429520289216,,0.0,1.391429520289216,2.1929624935
125400,1.3914282291106357,,0.0,1.3914282291106357,2.1926760209
125405,1.3914269621918158,,0.0,1.3914269621918158,2.1884473545
125410,1.3914257106428163,,0.0,1.3914257106428163,2.1805565901
125415,1.3914244656191692,,0.0,1.3914244656191692,2.1710008127
125420,1.3914232183446167,,0.0,1.3914232183446167,2.1610460708
125425,1.39142196036121,,0.0,1.39142196036121,2.1535735485
125430,1.3914206835065743,,0.0,1.3914206835065743,2.1498375237
125435,1.3914193802322181,,0.0,1.3914193802322181,2.1471422561
125440,1.3914180436035333,,0.0,1.3914180436035333,2.1431078215
125445,1.3914166674362134,,0.0,1.3914166674362134,2.1375056944
125450,1.391415246364463,,0.0,1.391415246364463,2.1325501423
125455,1.3914137759319436,,0.0,1.3914137759319436,2.130687012
125460,1.391412252591774,,0.0,1.391412252591774,2.1282321419
125465,1.3914106737292657,,0.0,1.3914106737292657,2.1225374708
125470,1.3914090375937143,,0.0,1.3914090375937143,2.1170303166
125475,1.3914073433666085,,0.0,1.3914073433666085,2.1101322788
125480,1.391405591002476,,0.0,1.391405591002476,2.104056796
125485,1.3914037811834088,,0.0,1.3914037811834088,2.1009740223
125490,1.3914019152963288,,0.0,1.3914019152963288,2.098537825
125495,1.3913999952056224,,0.0,1.3913999952056224,2.097123199
125500,1.3913980232531413,,0.0,1.3913980232531413,2.1000864955
125505,1.3913960021672553,,0.0,1.3913960021672553,2.1035438163
125510,1.3913939350173816,,0.0,1.3913939350173816,2.1043763677
125515,1.3913918248956734,,0.0,1.3913918248956734,2.1062090828
125520,1.3913896748488106,,0.0,1.3913896748488106,2.1096930457
125525,1.3913874878552646,,0.0,1.3913874878552646,2.113434808
125530,1.391385266802561,,0.0,1.391385266802561,2.1188728623
125535,1.3913830143281243,,0.0,1.3913830143281243,2.1277885299
125540,1.3913807328874879,,0.0,1.3913807328874879,2.1353596827
125545,1.391378424322302,,0.0,1.391378424322302,2.14025987
125550,1.3913760902013794,,0.0,1.3913760902013794,2.1430426782
125555,1.391373731911642,,0.0,1.391373731911642,2.1430333531
125560,1.3913713507035927,,0.0,1.3913713507035927,2.1405684802
125565,1.3913689475548976,,0.0,1.3913689475548976,2.1388115237
125570,1.391366523284068,,0.0,1.391366523284068,2.1434197755
125575,1.3913640784367778,,0.0,1.3913640784367778,2.1468935051
125580,1.391361613263128,,0.0,1.391361613263128,2.1529728739
125585,1.3913591277176454,,0.0,1.3913591277176454,2.1571700408
125590,1.39135662148202,,0.0,1.39135662148202,2.161060534
125595,1.3913540939878415,,0.0,1.3913540939878415,2.1648962244
125600,1.3913515443711262,,0.0,1.3913515443711262,2.169647904
125605,1.3913489716769438,,0.0,1.3913489716769438,2.1773955917
125610,1.391346374723001,,0.0,1.391346374723001,2.1816448539
125615,1.3913437523042673,,0.0,1.3913437523042673,2.1830849042
125620,1.3913411031702396,,0.0,1.3913411031702396,2.1818342605
125625,1.3913384260249417,,0.0,1.3913384260249417,2.1817531108
125630,1.3913357190494604,,0.0,1.3913357190494604,2.1793685607
125635,1.391332980220254,,0.0,1.391332980220254,2.1817140953
125640,1.3913302080821917,,0.0,1.3913302080821917,2.1849211113
125645,1.3913274023396998,,0.0,1.3913274023396998,2.1892698635
125650,1.3913245641068632,,0.0,1.3913245641068632,2.1927755852
125655,1.3913216958846881,,0.0,1.3913216958846881,2.1942448658
125660,1.3913188014019473,,0.0,1.3913188014019473,2.196212995
125665,1.3913158854332894,,0.0,1.3913158854332894,2.1964839192
125670,1.3913129536855553,,0.0,1.3913129536855553,2.1973693901
125675,1.3913100125931528,,0.0,1.3913100125931528,2.200952797
125680,1.391307069158899,,0.0,1.391307069158899,2.2058978627
125685,1.39130413077213,,0.0,1.39130413077213,2.2095996024
125690,1.391301205117757,,0.0,1.391301205117757,2.2122150913
125695,1.3912982998352166,,0.0,1.3912982998352166,2.2167651992
125700,1.391295422495737,,0.0,1.391295422495737,2.2227286304
125705,1.3912925803294995,,0.0,1.3912925803294995,2.2296110827
125710,1.391289780111958,,0.0,1.391289780111958,2.2322028287
125715,1.3912870279819456,,0.0,1.3912870279819456,2.2340284268
125720,1.3912843293507304,,0.0,1.3912843293507304,2.2354580495
125725,1.391281688788333,,0.0,1.391281688788333,2.234354121
125730,1.3912791100462631,,0.0,1.3912791100462631,2.2281733559
125735,1.3912765958756272,,0.0,1.3912765958756272,2.2198088001
125740,1.3912741482999667,,0.0,1.3912741482999667,2.2087356889
125745,1.391271768910831,,0.0,1.391271768910831,2.1952943902
125750,1.3912694578901115,,0.0,1.3912694578901115,2.1850367004
125755,1.3912672146693978,,0.0,1.3912672146693978,2.1748944105
125760,1.3912650379527143,,0.0,1.3912650379527143,2.1653595303
125765,1.3912629258074642,,0.0,1.3912629258074642,2.1539435848
125770,1.3912608757553788,,0.0,1.3912608757553788,2.1439145287
125775,1.3912588848861958,,0.0,1.3912588848861958,2.1361784354
125780,1.391256949857661,,0.0,1.391256949857661,2.1298122705
125785,1.3912550670774209,,0.0,1.3912550670774209,2.1276013755
125790,1.3912532326802831,,0.0,1.3912532326802831,2.1263309589
125795,1.3912514427555838,,0.0,1.3912514427555838,2.1239175879
125800,1.3912496932335037,,0.0,1.3912496932335037,2.11842894
125805,1.3912479801579054,,0.0,1.3912479801579054,2.1106283863
125810,1.3912462995271793,,0.0,1.3912462995271793,2.1011956035
125815,1.3912446475670792,,0.0,1.3912446475670792,2.0940389601
125820,1.3912430205943054,,0.0,1.3912430205943054,2.091979776
125825,1.3912414152211308,,0.0,1.3912414152211308,2.0890781804
125830,1.3912398283554026,,0.0,1.3912398283554026,2.0908445085
125835,1.391238257223277,,0.0,1.391238257223277,2.0991526223
125840,1.391236699460167,,0.0,1.391236699460167,2.1055764949
125845,1.3912351530425306,,0.0,1.3912351530425306,2.1092470946
125850,1.3912336163788186,,0.0,1.3912336163788186,2.1093500071
125855,1.3912320883094735,,0.0,1.3912320883094735,2.1066142185
125860,1.3912305680614572,,0.0,1.3912305680614572,2.1083168956
125865,1.3912290552255138,,0.0,1.3912290552255138,2.1141819833
125870,1.391227549778907,,0.0,1.391227549778907,2.1193166962
125875,1.3912260519717377,,0.0,1.3912260519717377,2.1224294592
125880,1.3912245622359973,,0.0,1.3912245622359973,2.1281734594
125885,1.3912230810946242,,0.0,1.3912230810946242,2.1308141765
125890,1.3912216091160283,,0.0,1.3912216091160283,2.1319823015
125895,1.3912201468231478,,0.0,1.3912201468231478,2.133953698
125900,1.3912186945797649,,0.0,1.3912186945797649,2.1346052715
125905,1.391217252499562,,0.0,1.391217252499562,2.1364581744
125910,1.3912158203779112,,0.0,1.3912158203779112,2.1413932066
125915,1.3912143977146112,,0.0,1.3912143977146112,2.1491596384
125920,1.39121298350926,,0.0,1.39121298350926,2.1581658018
125925,1.3912115763067259,,0.0,1.3912115763067259,2.1649908986
125930,1.39121017419715,,0.0,1.39121017419715,2.1672206357
125935,1.3912087749068904,,0.0,1.3912087749068904,2.1660621717
125940,1.391207375798522,,0.0,1.391207375798522,2.1634154485
125945,1.391205974052729,,0.0,1.391205974052729,2.162860219
125950,1.3912045666683037,,0.0,1.3912045666683037,2.1644820938
125955,1.391203150666775,,0.0,1.391203150666775,2.1663465682
125960,1.3912017231606175,,0.0,1.3912017231606175,2.1685732716
125965,1.3912002816033522,,0.0,1.3912002816033522,2.1694638361
125970,1.3911988238122828,,0.0,1.3911988238122828,2.1704385207
125975,1.391197348150387,,0.0,1.391197348150387,2.1711993271
125980,1.3911958536627347,,0.0,1.3911958536627347,2.1705854623
125985,1.391194340099226,,0.0,1.391194340099226,2.1671630154
125990,1.391192808028271,,0.0,1.391192808028271,2.1620707172
125995,1.3911912588822641,,0.0,1.3911912588822641,2.1566587445
126000,1.391189694889375,,0.0,1.391189694889375,2.1538920436
126005,1.391188119028074,,0.0,1.391188119028074,2.1520539587
126010,1.3911865355045994,,0.0,1.3911865355045994,2.1477116488
126015,1.391184948729817,,0.0,1.391184948729817,2.1402698539
126020,1.3911833634101651,,0.0,1.3911833634101651,2.1310289206
126025,1.391181784661339,,0.0,1.391181784661339,2.1205048244
126030,1.3911802176899786,,0.0,1.3911802176899786,2.1131699116
126035,1.3911786676799878,,0.0,1.3911786676799878,2.1127209359
126040,1.3911771395879062,,0.0,1.3911771395879062,2.1094530991
126045,1.3911756378700726,,0.0,1.3911756378700726,2.1039080098
126050,1.3911741664144144,,0.0,1.3911741664144144,2.0986876608
126055,1.3911727283812942,,0.0,1.3911727283812942,2.0934156738
126060,1.3911713260443543,,0.0,1.3911713260443543,2.0916421073
126065,1.391169960676834,,0.0,1.391169960676834,2.0897819837
126070,1.3911686325288337,,0.0,1.3911686325288337,2.0855018883
126075,1.3911673407818428,,0.0,1.3911673407818428,2.0806091011
126080,1.391166083548738,,0.0,1.391166083548738,2.0746790922
126085,1.3911648579874671,,0.0,1.3911648579874671,2.0699845497
126090,1.391163660232838,,0.0,1.391163660232838,2.0672117643
126095,1.3911624857375673,,0.0,1.3911624857375673,2.0656953572
126100,1.3911613291813323,,0.0,1.3911613291813323,2.0649329226
126105,1.391160184766346,,0.0,1.391160184766346,2.0671525758
126110,1.3911590463765109,,0.0,1.3911590463765109,2.0682692961
126115,1.3911579076001566,,0.0,1.3911579076001566,2.0707841555
126120,1.3911567620028762,,0.0,1.3911567620028762,2.0742648838
126125,1.3911556032412082,,0.0,1.3911556032412082,2.0780763584
126130,1.391154425199056,,0.0,1.391154425199056,2.0810287121
126135,1.3911532220104226,,0.0,1.3911532220104226,2.0883931379
126140,1.3911519880821488,,0.0,1.3911519880821488,2.0971530797
126145,1.39115071829854,,0.0,1.39115071829854,2.1018948805
126150,1.3911494080213662,,0.0,1.3911494080213662,2.1028159549
126155,1.3911480531580724,,0.0,1.3911480531580724,2.1005386339
126160,1.391146650093567,,0.0,1.391146650093567,2.096835245
126165,1.391145195803906,,0.0,1.391145195803906,2.095006994
126170,1.3911436877653474,,0.0,1.3911436877653474,2.0944295113
126175,1.3911421240452952,,0.0,1.3911421240452952,2.0981368919
126180,1.391140503120409,,0.0,1.391140503120409,2.1036067116
126185,1.3911388239902867,,0.0,1.3911388239902867,2.1108655438
126190,1.39113708613199,,0.0,1.39113708613199,2.1172794189
126195,1.3911352893863647,,0.0,1.3911352893863647,2.1228075501
126200,1.3911334340035109,,0.0,1.3911334340035109,2.1300096789
126205,1.3911315205745758,,0.0,1.3911315205745758,2.1371366949
126210,1.3911295500090162,,0.0,1.3911295500090162,2.1432603124
126215,1.391127523602808,,0.0,1.391127523602808,2.1472780708
126220,1.391125442924764,,0.0,1.391125442924764,2.1484890954
126225,1.3911233099529532,,0.0,1.3911233099529532,2.1480173132
126230,1.391121126733653,,0.0,1.391121126733653,2.1448933171
126235,1.3911188957223972,,0.0,1.3911188957223972,2.1408218631
126240,1.3911166195793467,,0.0,1.3911166195793467,2.1428704319
126245,1.3911143015785463,,0.0,1.3911143015785463,2.1464810455
126250,1.391111944812149,,0.0,1.391111944812149,2.1505747944
126255,1.391109552576936,,0.0,1.391109552576936,2.1520333254
126260,1.3911071283743155,,0.0,1.3911071283743155,2.151894026
126265,1.3911046759103245,,0.0,1.3911046759103245,2.1541113299
126270,1.3911021990956274,,0.0,1.3911021990956274,2.1557340946
126275,1.3910997020227795,,0.0,1.3910997020227795,2.1635938898
126280,1.391097188966228,,0.0,1.391097188966228,2.172479564
126285,1.3910946643141022,,0.0,1.3910946643141022,2.1796362971
126290,1.3910921325454766,,0.0,1.3910921325454766,2.1850462562
126295,1.391089598275845,,0.0,1.391089598275845,2.1885917709
126300,1.3910870662116461,,0.0,1.3910870662116461,2.1950333769
126305,1.3910845411957375,,0.0,1.3910845411957375,2.2030296243
126310,1.391082028139186,,0.0,1.391082028139186,2.2089297336
126315,1.3910795319303222,,0.0,1.3910795319303222,2.2099323866
126320,1.3910770575256857,,0.0,1.3910770575256857,2.2117940389
126325,1.3910746098136064,,0.0,1.3910746098136064,2.2130850727
126330,1.3910721935005241,,0.0,1.3910721935005241,2.210343064
126335,1.3910698130882495,,0.0,1.3910698130882495,2.2029989139
126340,1.3910674727602843,,0.0,1.3910674727602843,2.1948737865
126345,1.391065176290874,,0.0,1.391065176290874,2.1836106753
126350,1.3910629270222725,,0.0,1.3910629270222725,2.1733618688
126355,1.391060727887478,,0.0,1.391060727887478,2.1637994559
126360,1.3910585813192877,,0.0,1.3910585813192877,2.154812191
126365,1.3910564892502972,,0.0,1.3910564892502972,2.1442577597
126370,1.3910544530901645,,0.0,1.3910544530901645,2.1296173919
126375,1.3910524737256103,,0.0,1.3910524737256103,2.1189845331
126380,1.3910505514976805,,0.0,1.3910505514976805,2.1141695118
126385,1.391048686292693,,0.0,1.391048686292693,2.1103294352
126390,1.391046877519501,,0.0,1.391046877519501,2.1086464019
126395,1.3910451241549662,,0.0,1.3910451241549662,2.1068368456
126400,1.3910434248576387,,0.0,1.3910434248576387,2.1043043133
126405,1.3910417778995512,,0.0,1.3910417778995512,2.0990341361
126410,1.3910401813935807,,0.0,1.3910401813935807,2.0913160996
126415,1.3910386332025033,,0.0,1.3910386332025033,2.083064986
126420,1.3910371311436234,,0.0,1.3910371311436234,2.0779991222
126425,1.391035673034244,,0.0,1.391035673034244,2.0750279545
126430,1.3910342567144054,,0.0,1.3910342567144054,2.0706717689
126435,1.3910328800923568,,0.0,1.3910328800923568,2.0747592766
126440,1.3910315412582392,,0.0,1.3910315412582392,2.0821407819
126445,1.3910302385068207,,0.0,1.3910302385068207,2.0873411133
126450,1.3910289706558077,,0.0,1.3910289706558077,2.0907711056
126455,1.3910277364319603,,0.0,1.3910277364319603,2.089793579
126460,1.3910265346984578,,0.0,1.3910265346984578,2.0846415904
126465,1.3910253645003707,,0.0,1.3910253645003707,2.0847837796
126470,1.3910242251328693,,0.0,1.3910242251328693,2.0889306587
126475,1.3910231159593347,,0.0,1.3910231159593347,2.0944279552
126480,1.3910220364340922,,0.0,1.3910220364340922,2.1020476683
126485,1.3910209859659948,,0.0,1.3910209859659948,2.1071435789
126490,1.3910199639866325,,0.0,1.3910199639866325,2.1093835854
126495,1.3910189697229665,,0.0,1.3910189697229665,2.1129532602
126500,1.3910180022428038,,0.0,1.3910180022428038,2.1146735418
126505,1.3910170604093235,,0.0,1.3910170604093235,2.1178708654
126510,1.3910161427219216,,0.0,1.3910161427219216,2.1202442262
126515,1.3910152474753665,,0.0,1.3910152474753665,2.1238108829
126520,1.3910143726006445,,0.0,1.3910143726006445,2.1316783277
126525,1.3910135158013766,,0.0,1.3910135158013766,2.1391574861
126530,1.3910126745083475,,0.0,1.3910126745083475,2.1441532241
126535,1.3910118460159229,,0.0,1.3910118460159229,2.1459177304
126540,1.391011027504787,,0.0,1.391011027504787,2.1437803618
126545,1.3910102162010964,,0.0,1.3910102162010964,2.142442253
126550,1.3910094094446899,,0.0,1.3910094094446899,2.1432379711
126555,1.3910086048482433,,0.0,1.3910086048482433,2.1472894272
126560,1.3910078003427424,,0.0,1.3910078003427424,2.1490463783
126565,1.3910069944048469,,0.0,1.3910069944048469,2.1501418167
126570,1.3910061860341547,,0.0,1.3910061860341547,2.1512230609
126575,1.3910053749123552,,0.0,1.3910053749123552,2.1532610227
126580,1.3910045614259683,,0.0,1.3910045614259683,2.1554233844
126585,1.3910037467118148,,0.0,1.3910037467118148,2.1550750496
126590,1.3910029327252265,,0.0,1.3910029327252265,2.1525459654
126595,1.3910021221718376,,0.0,1.3910021221718376,2.148481546
126600,1.3910013185075842,,0.0,1.3910013185075842,2.1440271238
126605,1.3910005259387042,,0.0,1.3910005259387042,2.1405068746
126610,1.3909997492853183,,0.0,1.3909997492853183,2.1360017565
126615,1.3909989939359584,,0.0,1.3909989939359584,2.129971429
126620,1.3909982656202025,,0.0,1.3909982656202025,2.1216190181
126625,1.3909975703632016,,0.0,1.3909975703632016,2.1130095742
126630,1.390996914485681,,0.0,1.390996914485681,2.104902726
126635,1.3909963040810014,,0.0,1.3909963040810014,2.0989244181
126640,1.3909957446968495,,0.0,1.3909957446968495,2.0991334686
126645,1.3909952413125009,,0.0,1.3909952413125009,2.0966870748
126650,1.39099479815693,,0.0,1.39099479815693,2.0920436637
126655,1.390994418367763,,0.0,1.390994418367763,2.0874943865
126660,1.390994104014014,,0.0,1.390994104014014,2.084189754
126665,1.3909938558232484,,0.0,1.3909938558232484,2.0825226262
126670,1.390993673067901,,0.0,1.390993673067901,2.0798053389
126675,1.390993553565275,,0.0,1.390993553565275,2.0771241959
126680,1.390993493586598,,0.0,1.390993493586598,2.0724931854
126685,1.3909934879024928,,0.0,1.3909934879024928,2.0682089605
126690,1.3909935298966614,,0.0,1.3909935298966614,2.0660552474
126695,1.390993611747775,,0.0,1.390993611747775,2.0648243606
126700,1.3909937245886297,,0.0,1.3909937245886297,2.065720682
126705,1.3909938588471924,,0.0,1.3909938588471924,2.0650635718
126710,1.390994004405756,,0.0,1.390994004405756,2.0685895114
126715,1.3909941510556678,,0.0,1.3909941510556678,2.0686585201
126720,1.3909942886564843,,0.0,1.3909942886564843,2.0667086557
126725,1.3909944076134362,,0.0,1.3909944076134362,2.0688230635
126730,1.3909944990365826,,0.0,1.3909944990365826,2.0717819613
126735,1.3909945550591227,,0.0,1.3909945550591227,2.0754977824
126740,1.3909945692011763,,0.0,1.3909945692011763,2.0838810261
126745,1.3909945363925216,,0.0,1.3909945363925216,2.0912600221
126750,1.390994453245432,,0.0,1.390994453245432,2.0961696305
126755,1.3909943181001487,,0.0,1.3909943181001487,2.0961388375
126760,1.3909941311385636,,0.0,1.3909941311385636,2.0934918746
126765,1.390993894247799,,0.0,1.390993894247799,2.0871601352
126770,1.3909936109974732,,0.0,1.3909936109974732,2.0856215643
126775,1.390993286526017,,0.0,1.390993286526017,2.0848868958
126780,1.3909929273133104,,0.0,1.3909929273133104,2.0880926725
126785,1.3909925409760542,,0.0,1.3909925409760542,2.0912274358
126790,1.390992135926724,,0.0,1.390992135926724,2.0977361646
126795,1.3909917212371516,,0.0,1.3909917212371516,2.1051404761
126800,1.3909913061837966,,0.0,1.3909913061837966,2.1108992451
126805,1.3909909000431182,,0.0,1.3909909000431182,2.1161826439
126810,1.39099051175053,,0.0,1.39099051175053,2.1226612072
126815,1.3909901496730344,,0.0,1.3909901496730344,2.1272616996
126820,1.3909898213363867,,0.0,1.3909898213363867,2.1284925512
126825,1.3909895332886761,,0.0,1.3909895332886761,2.129136586
126830,1.3909892909411707,,0.0,1.3909892909411707,2.1299871764
126835,1.3909890983636894,,0.0,1.3909890983636894,2.127611583
126840,1.3909889584437582,,0.0,1.3909889584437582,2.1267763324
126845,1.3909888726819803,,0.0,1.3909888726819803,2.1304942623
126850,1.390988841373929,,0.0,1.390988841373929,2.1334162992
126855,1.3909888635646757,,0.0,1.3909888635646757,2.1378880085
126860,1.3909889372306778,,0.0,1.3909889372306778,2.1411415306
126865,1.390989059347992,,0.0,1.390989059347992,2.141618301
126870,1.3909892260741632,,0.0,1.3909892260741632,2.144463287
126875,1.3909894327254886,,0.0,1.3909894327254886,2.1476887237
126880,1.3909896741635372,,0.0,1.3909896741635372,2.1538078047
126885,1.3909899448178862,,0.0,1.3909899448178862,2.1612686381
126890,1.3909902385269655,,0.0,1.3909902385269655,2.1670748305
126895,1.3909905487654224,,0.0,1.3909905487654224,2.1713207651
126900,1.39099086878054,,0.0,1.39099086878054,2.1737728162
126905,1.390991191296664,,0.0,1.390991191296664,2.177709234
126910,1.390991508560675,,0.0,1.390991508560675,2.1836541258
126915,1.390991812592089,,0.0,1.390991812592089,2.1898766379
126920,1.3909920954331592,,0.0,1.3909920954331592,2.1909160975
126925,1.390992349035193,,0.0,1.390992349035193,2.1939171277
126930,1.3909925653949697,,0.0,1.3909925653949697,2.1957697819
126935,1.3909927364183243,,0.0,1.3909927364183243,2.1943484817
126940,1.3909928538974088,,0.0,1.3909928538974088,2.188097136
126945,1.3909929096243752,,0.0,1.3909929096243752,2.1789922286
126950,1.3909928953686397,,0.0,1.3909928953686397,2.1672246526
126955,1.3909928028314085,,0.0,1.3909928028314085,2.1547905974
126960,1.390992623804834,,0.0,1.390992623804834,2.1457846027
126965,1.3909923503539052,,0.0,1.3909923503539052,2.1383723273
126970,1.3909919749073945,,0.0,1.3909919749073945,2.1295947476
126975,1.390991490394275,,0.0,1.390991490394275,2.1185602749
126980,1.3909908904938215,,0.0,1.3909908904938215,2.1028900875
126985,1.390990169658348,,0.0,1.390990169658348,2.0954800637
126990,1.3909893234769883,,0.0,1.3909893234769883,2.0921578217
126995,1.3909883485620163,,0.0,1.3909883485620163,2.0910950198
127000,1.390987242617053,,0.0,1.390987242617053,2.0895577896
127005,1.3909860045734872,,0.0,1.3909860045734872,2.0864551256
127010,1.3909846347496284,,0.0,1.3909846347496284,2.0802663966
127015,1.3909831348507082,,0.0,1.3909831348507082,2.0730294261
127020,1.3909815079688799,,0.0,1.3909815079688799,2.0633382003
127025,1.390979758560482,,0.0,1.390979758560482,2.0578368556
127030,1.3909778924233014,,0.0,1.3909778924233014,2.0555678831
127035,1.3909759166511013,,0.0,1.3909759166511013,2.0550572767
127040,1.3909738394744664,,0.0,1.3909738394744664,2.0620847736
127045,1.3909716702835377,,0.0,1.3909716702835377,2.0730598902
127050,1.3909694193551776,,0.0,1.3909694193551776,2.0798357151
127055,1.390967097943914,,0.0,1.390967097943914,2.0848055994
127060,1.3909647180091043,,0.0,1.3909647180091043,2.0868044105
127065,1.3909622921467253,,0.0,1.3909622921467253,2.086940433
127070,1.3909598336803193,,0.0,1.3909598336803193,2.0855082627
127075,1.3909573561835293,,0.0,1.3909573561835293,2.0889545636
127080,1.3909548733209443,,0.0,1.3909548733209443,2.0955806287
127085,1.3909523988026256,,0.0,1.3909523988026256,2.1022754474
127090,1.3909499462704253,,0.0,1.3909499462704253,2.1087656618
127095,1.3909475290251498,,0.0,1.3909475290251498,2.1117110222
127100,1.3909451598674032,,0.0,1.3909451598674032,2.1141258329
127105,1.390942850915698,,0.0,1.390942850915698,2.1190547262
127110,1.390940613447299,,0.0,1.390940613447299,2.1235627355
127115,1.3909384576481219,,0.0,1.3909384576481219,2.1290489165
127120,1.390936392544526,,0.0,1.390936392544526,2.1319614715
127125,1.3909344258214213,,0.0,1.3909344258214213,2.1366333578
127130,1.3909325637995327,,0.0,1.3909325637995327,2.1443031114
127135,1.3909308113671908,,0.0,1.3909308113671908,2.1495534121
127140,1.390929171957595,,0.0,1.390929171957595,2.1513557192
127145,1.3909276475033407,,0.0,1.3909276475033407,2.1490950659
127150,1.390926238481893,,0.0,1.390926238481893,2.1461784045
127155,1.3909249436654854,,0.0,1.3909249436654854,2.1479033479
127160,1.3909237606213205,,0.0,1.3909237606213205,2.150245808
127165,1.3909226861208268,,0.0,1.3909226861208268,2.1514096902
127170,1.3909217164352314,,0.0,1.3909217164352314,2.1517617051
127175,1.390920847494715,,0.0,1.390920847494715,2.152711154
127180,1.3909200750930397,,0.0,1.3909200750930397,2.1538337132
127185,1.3909193947966036,,0.0,1.3909193947966036,2.1566078074
127190,1.3909188020808594,,0.0,1.3909188020808594,2.1581771046
127195,1.3909182922621037,,0.0,1.3909182922621037,2.1588392192
127200,1.3909178606111614,,0.0,1.3909178606111614,2.1558114687
127205,1.3909175023306481,,0.0,1.3909175023306481,2.1534455185
127210,1.3909172128732796,,0.0,1.3909172128732796,2.1510667389
127215,1.3909169877599807,,0.0,1.3909169877599807,2.1502098436
127220,1.390916822898196,,0.0,1.390916822898196,2.1458846961
127225,1.390916714559153,,0.0,1.390916714559153,2.1371903295
127230,1.3909166593551239,,0.0,1.3909166593551239,2.1279477523
127235,1.390916654330375,,0.0,1.390916654330375,2.1187347384
127240,1.3909166968474813,,0.0,1.3909166968474813,2.1130979863
127245,1.3909167845873278,,0.0,1.3909167845873278,2.111616916
127250,1.3909169156173187,,0.0,1.3909169156173187,2.1078960963
127255,1.3909170881640134,,0.0,1.3909170881640134,2.1014699911
127260,1.3909173004312347,,0.0,1.3909173004312347,2.0952104384
127265,1.3909175506228053,,0.0,1.3909175506228053,2.0918051074
127270,1.3909178368743387,,0.0,1.3909178368743387,2.0916327447
127275,1.3909181570713478,,0.0,1.3909181570713478,2.0891032441
127280,1.3909185088719813,,0.0,1.3909185088719813,2.0859843956
127285,1.3909188896388145,,0.0,1.3909188896388145,2.0826482126
127290,1.3909192963251666,,0.0,1.3909192963251666,2.0806645784
127295,1.3909197256797303,,0.0,1.3909197256797303,2.0782739912
127300,1.3909201742465693,,0.0,1.3909201742465693,2.077093212
127305,1.3909206384560655,,0.0,1.3909206384560655,2.0780601629
127310,1.3909211148068101,,0.0,1.3909211148068101,2.0774251914
127315,1.3909215999338131,,0.0,1.3909215999338131,2.0793605933
127320,1.3909220907449211,,0.0,1.3909220907449211,2.0802815341
127325,1.3909225845117639,,0.0,1.3909225845117639,2.0797201826
127330,1.3909230789606992,,0.0,1.3909230789606992,2.0832114412
127335,1.3909235723637594,,0.0,1.3909235723637594,2.0857054737
127340,1.3909240635613864,,0.0,1.3909240635613864,2.0900457834
127345,1.3909245520761162,,0.0,1.3909245520761162,2.099178723
127350,1.3909250381353124,,0.0,1.3909250381353124,2.1087377722
127355,1.3909255226256954,,0.0,1.3909255226256954,2.1139129127
127360,1.3909260071615515,,0.0,1.3909260071615515,2.1140378266
127365,1.3909264941074682,,0.0,1.3909264941074682,2.1111298494
127370,1.390926986578335,,0.0,1.390926986578335,2.1067240064
127375,1.3909274883483977,,0.0,1.3909274883483977,2.1026008922
127380,1.3909280037603127,,0.0,1.3909280037603127,2.099928135
127385,1.3909285375659917,,0.0,1.3909285375659917,2.1010813265
127390,1.3909290949266024,,0.0,1.3909290949266024,2.1054856197
127395,1.3909296811169942,,0.0,1.3909296811169942,2.1153850864
127400,1.3909303014347532,,0.0,1.3909303014347532,2.1236798233
127405,1.3909309609955738,,0.0,1.3909309609955738,2.1306454247
127410,1.39093166466505,,0.0,1.39093166466505,2.1377439396
127415,1.3909324166494197,,0.0,1.3909324166494197,2.1440289246
127420,1.3909332205637737,,0.0,1.3909332205637737,2.1474051802
127425,1.390934079045537,,0.0,1.390934079045537,2.1478503935
127430,1.3909349937544675,,0.0,1.3909349937544675,2.1510291034
127435,1.3909359651225581,,0.0,1.3909359651225581,2.1510896443
127440,1.3909369924222428,,0.0,1.3909369924222428,2.1475247561
127445,1.3909380734708257,,0.0,1.3909380734708257,2.1435320007
127450,1.3909392046532154,,0.0,1.3909392046532154,2.1443818874
127455,1.3909403808764542,,0.0,1.3909403808764542,2.1455279567
127460,1.3909415957516076,,0.0,1.3909415957516076,2.1483919688
127465,1.3909428415482927,,0.0,1.3909428415482927,2.1533951469
127470,1.3909441094220423,,0.0,1.3909441094220423,2.1556198387
127475,1.390945389459777,,0.0,1.390945389459777,2.1585761124
127480,1.3909466710663243,,0.0,1.3909466710663243,2.1640164374
127485,1.3909479429644203,,0.0,1.3909479429644203,2.1720025799
127490,1.390949193603963,,0.0,1.390949193603963,2.1777252944
127495,1.3909504113893782,,0.0,1.3909504113893782,2.1814303093
127500,1.390951584906983,,0.0,1.390951584906983,2.1831084862
127505,1.3909527032432951,,0.0,1.3909527032432951,2.1862224515
127510,1.3909537561896623,,0.0,1.3909537561896623,2.1906689448
127515,1.3909547345833069,,0.0,1.3909547345833069,2.1958192599
127520,1.3909556304892179,,0.0,1.3909556304892179,2.2024434944
127525,1.3909564373138337,,0.0,1.3909564373138337,2.2070741473
127530,1.3909571500096687,,0.0,1.3909571500096687,2.2119938519
127535,1.3909577650980511,,0.0,1.3909577650980511,2.215544797
127540,1.3909582808282759,,0.0,1.3909582808282759,2.2137780257
127545,1.3909586971548706,,0.0,1.3909586971548706,2.208603509
127550,1.390959015646648,,0.0,1.390959015646648,2.1999154282
127555,1.390959239623126,,0.0,1.390959239623126,2.1875011469
127560,1.3909593738134793,,0.0,1.3909593738134793,2.1732434805
127565,1.390959424356542,,0.0,1.390959424356542,2.1604911089
127570,1.3909593986416504,,0.0,1.3909593986416504,2.1483229112
127575,1.3909593051040168,,0.0,1.3909593051040168,2.1396631479
127580,1.3909591529291547,,0.0,1.3909591529291547,2.129505118
127585,1.3909589518482524,,0.0,1.3909589518482524,2.1161921898
127590,1.3909587119790168,,0.0,1.3909587119790168,2.1074994109
127595,1.3909584435755733,,0.0,1.3909584435755733,2.10310814
127600,1.3909581567328932,,0.0,1.3909581567328932,2.1025799775
127605,1.3909578613640552,,0.0,1.3909578613640552,2.1010014699
127610,1.3909575667682554,,0.0,1.3909575667682554,2.1001385606
127615,1.390957281699016,,0.0,1.390957281699016,2.0955985449
127620,1.3909570140458747,,0.0,1.3909570140458747,2.0874852654
127625,1.3909567707661759,,0.0,1.3909567707661759,2.075874615
127630,1.3909565578623349,,0.0,1.3909565578623349,2.0670149123
127635,1.3909563801772091,,0.0,1.3909563801772091,2.0639122128
127640,1.390956241462308,,0.0,1.390956241462308,2.0622690781
127645,1.3909561443323197,,0.0,1.3909561443323197,2.0646606271
127650,1.3909560902423757,,0.0,1.3909560902423757,2.0713530353
127655,1.3909560794880487,,0.0,1.3909560794880487,2.0767837434
127660,1.3909561113190374,,0.0,1.3909561113190374,2.0810728602
127665,1.3909561839619007,,0.0,1.3909561839619007,2.0836345861
127670,1.3909562947110046,,0.0,1.3909562947110046,2.0859400769
127675,1.3909564399967311,,0.0,1.3909564399967311,2.0861019801
127680,1.3909566154991608,,0.0,1.3909566154991608,2.0914117664
127685,1.3909568162617532,,0.0,1.3909568162617532,2.0974683526
127690,1.390957036782295,,0.0,1.390957036782295,2.1008726609
127695,1.3909572710811076,,0.0,1.3909572710811076,2.1026046545
127700,1.390957512928412,,0.0,1.390957512928412,2.1056645125
127705,1.3909577557761186,,0.0,1.3909577557761186,2.1087931579
127710,1.3909579930534024,,0.0,1.3909579930534024,2.1126939012
127715,1.3909582180984918,,0.0,1.3909582180984918,2.1193877904
127720,1.390958424454244,,0.0,1.390958424454244,2.1260328772
127725,1.3909586055953054,,0.0,1.3909586055953054,2.1313651822
127730,1.3909587550645335,,0.0,1.3909587550645335,2.1363155061
127735,1.3909588667003578,,0.0,1.3909588667003578,2.1457803123
127740,1.3909589350460376,,0.0,1.3909589350460376,2.1529991044
127745,1.3909589553723976,,0.0,1.3909589553723976,2.1557496667
127750,1.3909589238369824,,0.0,1.3909589238369824,2.1552322735
127755,1.3909588373703756,,0.0,1.3909588373703756,2.1518893468
127760,1.3909586936989347,,0.0,1.3909586936989347,2.1518701215
127765,1.3909584913675292,,0.0,1.3909584913675292,2.1555032768
127770,1.3909582296940664,,0.0,1.3909582296940664,2.1583574809
127775,1.3909579087694919,,0.0,1.3909579087694919,2.1608011379
127780,1.3909575295032623,,0.0,1.3909575295032623,2.16064518
127785,1.3909570935778732,,0.0,1.3909570935778732,2.1622582892
127790,1.3909566035625398,,0.0,1.3909566035625398,2.1641939604
127795,1.390956062731307,,0.0,1.390956062731307,2.1664868787
127800,1.3909554752904119,,0.0,1.3909554752904119,2.1656194131
127805,1.3909548462191312,,0.0,1.3909548462191312,2.1602272597
127810,1.3909541812925152,,0.0,1.3909541812925152,2.1542210355
127815,1.39095348708139,,0.0,1.39095348708139,2.149147773
127820,1.3909527708159368,,0.0,1.3909527708159368,2.1479093666
127825,1.3909520404311664,,0.0,1.3909520404311664,2.1444505773
127830,1.390951304407764,,0.0,1.390951304407764,2.1360241119
127835,1.390950571658406,,0.0,1.390950571658406,2.1263417718
127840,1.3909498514822884,,0.0,1.3909498514822884,2.1195359779
127845,1.3909491533832352,,0.0,1.3909491533832352,2.1143823193
127850,1.3909484870014885,,0.0,1.3909484870014885,2.1132668986
127855,1.3909478619318179,,0.0,1.3909478619318179,2.110165533
127860,1.3909472876780467,,0.0,1.3909472876780467,2.105162464
127865,1.3909467735393712,,0.0,1.3909467735393712,2.0991678031
127870,1.390946328519414,,0.0,1.390946328519414,2.0929081894
127875,1.3909459612125417,,0.0,1.3909459612125417,2.0923844348
127880,1.3909456798720752,,0.0,1.3909456798720752,2.0894959739
127885,1.3909454922056608,,0.0,1.3909454922056608,2.0855712331
127890,1.3909454054434804,,0.0,1.3909454054434804,2.0806757029
127895,1.3909454262927778,,0.0,1.3909454262927778,2.0791957911
127900,1.3909455608696506,,0.0,1.3909455608696506,2.0769120437
127905,1.3909458146535756,,0.0,1.3909458146535756,2.0771423413
127910,1.3909461924874105,,0.0,1.3909461924874105,2.0757319457
127915,1.3909466986001293,,0.0,1.3909466986001293,2.0750304632
127920,1.3909473364021956,,0.0,1.3909473364021956,2.079096873
127925,1.3909481086219795,,0.0,1.3909481086219795,2.0809400579
127930,1.3909490171693404,,0.0,1.3909490171693404,2.081866197
127935,1.3909500629764715,,0.0,1.3909500629764715,2.0835944785
127940,1.390951245725063,,0.0,1.390951245725063,2.0880182701
127945,1.390952559708273,,0.0,1.390952559708273,2.0942061089
127950,1.390953997195719,,0.0,1.390953997195719,2.1016164388
127955,1.3909555573916261,,0.0,1.3909555573916261,2.1091408306
127960,1.390957239022755,,0.0,1.390957239022755,2.1142101293
127965,1.3909590400200909,,0.0,1.3909590400200909,2.1156826487
127970,1.390960957336954,,0.0,1.390960957336954,2.1158083149
127975,1.390962986812579,,0.0,1.390962986812579,2.1133999607
127980,1.3909651230811708,,0.0,1.3909651230811708,2.1085481718
127985,1.3909673595036949,,0.0,1.3909673595036949,2.1049581466
127990,1.3909696881906126,,0.0,1.3909696881906126,2.1082134706
127995,1.3909720999109383,,0.0,1.3909720999109383,2.1138428976
128000,1.390974584433282,,0.0,1.390974584433282,2.1203417073
128005,1.3909771305031158,,0.0,1.3909771305031158,2.1258410798
128010,1.3909797262975014,,0.0,1.3909797262975014,2.1302854272
128015,1.3909823596069804,,0.0,1.3909823596069804,2.1389564662
128020,1.3909850180174679,,0.0,1.3909850180174679,2.1475926527
128025,1.3909876893195054,,0.0,1.3909876893195054,2.1519543477
128030,1.3909903615537365,,0.0,1.3909903615537365,2.1573461241
128035,1.3909930233064776,,0.0,1.3909930233064776,2.1596158226
128040,1.3909956637097198,,0.0,1.3909956637097198,2.1613648619
128045,1.3909982725548105,,0.0,1.3909982725548105,2.161134061
128050,1.3910008403833989,,0.0,1.3910008403833989,2.159664924
128055,1.3910033584646992,,0.0,1.3910033584646992,2.1593941837
128060,1.3910058187727552,,0.0,1.3910058187727552,2.1599425057
128065,1.391008214122858,,0.0,1.391008214122858,2.1618958024
128070,1.3910105381033369,,0.0,1.3910105381033369,2.1640236149
128075,1.391012785030087,,0.0,1.391012785030087,2.1633978054
128080,1.3910149501057236,,0.0,1.3910149501057236,2.1635954184
128085,1.3910170293286366,,0.0,1.3910170293286366,2.1618519101
128090,1.3910190196066727,,0.0,1.3910190196066727,2.167857538
128095,1.3910209187116631,,0.0,1.3910209187116631,2.1725190223
128100,1.3910227253931042,,0.0,1.3910227253931042,2.1741533205
128105,1.3910244393781592,,0.0,1.3910244393781592,2.1739830949
128110,1.391026061348921,,0.0,1.391026061348921,2.1774873323
128115,1.3910275930333564,,0.0,1.3910275930333564,2.1800003373
128120,1.391029037091628,,0.0,1.391029037091628,2.183867782
128125,1.3910303972752447,,0.0,1.3910303972752447,2.1891811922
128130,1.3910316781542267,,0.0,1.3910316781542267,2.1937175905
128135,1.391032885298997,,0.0,1.391032885298997,2.1972141517
128140,1.3910340250530173,,0.0,1.3910340250530173,2.2025380162
128145,1.3910351045327873,,0.0,1.3910351045327873,2.2026391966
128150,1.3910361314914257,,0.0,1.3910361314914257,2.2008695305
128155,1.391037114250463,,0.0,1.391037114250463,2.1968561373
128160,1.3910380616543663,,0.0,1.3910380616543663,2.1876056156
128165,1.3910389827522311,,0.0,1.3910389827522311,2.1768683173
128170,1.3910398862293702,,0.0,1.3910398862293702,2.1642773959
128175,1.3910407798843756,,0.0,1.3910407798843756,2.1546108007
128180,1.391041673471172,,0.0,1.391041673471172,2.1461218349
128185,1.391042576516319,,0.0,1.391042576516319,2.1355979134
128190,1.3910434980234396,,0.0,1.3910434980234396,2.1241769043
128195,1.3910444463595362,,0.0,1.3910444463595362,2.1161154749
128200,1.3910454291185734,,0.0,1.3910454291185734,2.1107451228
128205,1.3910464528713766,,0.0,1.3910464528713766,2.1082038196
128210,1.391047523142896,,0.0,1.391047523142896,2.1102436573
128215,1.3910486442303152,,0.0,1.3910486442303152,2.1107867493
128220,1.3910498191348415,,0.0,1.3910498191348415,2.1082786426
128225,1.39105104953897,,0.0,1.39105104953897,2.1018014688
128230,1.3910523356928015,,0.0,1.3910523356928015,2.0938372253
128235,1.3910536765504609,,0.0,1.3910536765504609,2.0866344819
128240,1.3910550697246233,,0.0,1.3910550697246233,2.084263477
128245,1.391056511577462,,0.0,1.391056511577462,2.0823476421
128250,1.3910579974025379,,0.0,1.3910579974025379,2.0809793714
128255,1.3910595213793273,,0.0,1.3910595213793273,2.0862040426
128260,1.3910610768687954,,0.0,1.3910610768687954,2.0939557396
128265,1.3910626564816055,,0.0,1.3910626564816055,2.0986918918
128270,1.3910642522600107,,0.0,1.3910642522600107,2.1002385971
128275,1.3910658558370081,,0.0,1.3910658558370081,2.1007977498
128280,1.3910674586409673,,0.0,1.3910674586409673,2.1007897573
128285,1.3910690520320481,,0.0,1.3910690520320481,2.1029978926
128290,1.3910706275068299,,0.0,1.3910706275068299,2.1095463507
128295,1.3910721770848284,,0.0,1.3910721770848284,2.1140928921
128300,1.3910736928310337,,0.0,1.3910736928310337,2.1187282848
128305,1.391075167378845,,0.0,1.391075167378845,2.1235794249
128310,1.391076594111964,,0.0,1.391076594111964,2.125167195
128315,1.3910779672098674,,0.0,1.3910779672098674,2.1280965684
128320,1.3910792818751703,,0.0,1.3910792818751703,2.1319385286
128325,1.3910805342881538,,0.0,1.3910805342881538,2.1382507982
128330,1.391081721788657,,0.0,1.391081721788657,2.1445362517
128335,1.3910828428533397,,0.0,1.3910828428533397,2.1491978421
128340,1.391083897095683,,0.0,1.391083897095683,2.1552861795
128345,1.3910848852432516,,0.0,1.3910848852432516,2.1606429309
128350,1.3910858092513785,,0.0,1.3910858092513785,2.1639720237
128355,1.3910866722804256,,0.0,1.3910866722804256,2.1651029883
128360,1.3910874784002123,,0.0,1.3910874784002123,2.1652045046
128365,1.3910882326354876,,0.0,1.3910882326354876,2.166689581
128370,1.3910889408977207,,0.0,1.3910889408977207,2.1657531546
128375,1.3910896100305745,,0.0,1.3910896100305745,2.1682903572
128380,1.3910902476052764,,0.0,1.3910902476052764,2.1714931626
128385,1.3910908619206204,,0.0,1.3910908619206204,2.1737511333
128390,1.3910914619120194,,0.0,1.3910914619120194,2.1734688858
128395,1.3910920570832974,,0.0,1.3910920570832974,2.1765599634
128400,1.3910926573247968,,0.0,1.3910926573247968,2.1757388548
128405,1.3910932728224348,,0.0,1.3910932728224348,2.1714313564
128410,1.3910939138985456,,0.0,1.3910939138985456,2.1668199075
128415,1.3910945909891463,,0.0,1.3910945909891463,2.1598695945
128420,1.3910953144165719,,0.0,1.3910953144165719,2.152376184
128425,1.3910960942985295,,0.0,1.3910960942985295,2.1473058902
128430,1.391096940320734,,0.0,1.391096940320734,2.1431065759
128435,1.3910978616004903,,0.0,1.3910978616004903,2.1372378104
128440,1.3910988664593282,,0.0,1.3910988664593282,2.1295228873
128445,1.3910999622638478,,0.0,1.3910999622638478,2.1192371943
128450,1.3911011554484563,,0.0,1.3911011554484563,2.1157385746
128455,1.3911024508332743,,0.0,1.3911024508332743,2.1166427297
128460,1.3911038515786651,,0.0,1.3911038515786651,2.1143744812
128465,1.3911053590260767,,0.0,1.3911053590260767,2.1092391082
128470,1.3911069727435175,,0.0,1.3911069727435175,2.1035495318
128475,1.3911086902754541,,0.0,1.3911086902754541,2.0995530692
128480,1.3911105072564938,,0.0,1.3911105072564938,2.0970465781
128485,1.3911124172977023,,0.0,1.3911124172977023,2.0935400037
128490,1.3911144120775496,,0.0,1.3911144120775496,2.090492427
128495,1.3911164815465382,,0.0,1.3911164815465382,2.0889349239
128500,1.3911186141318301,,0.0,1.3911186141318301,2.0872726918
128505,1.3911207968964017,,0.0,1.3911207968964017,2.0869143233
128510,1.3911230156299905,,0.0,1.3911230156299905,2.0883031178
128515,1.3911252548490942,,0.0,1.3911252548490942,2.0863771882
128520,1.3911274985700088,,0.0,1.3911274985700088,2.0877804953
128525,1.3911297306271402,,0.0,1.3911297306271402,2.0916899079
128530,1.3911319352186755,,0.0,1.3911319352186755,2.0942826417
128535,1.3911340971794224,,0.0,1.3911340971794224,2.0962272594
128540,1.391136202185436,,0.0,1.391136202185436,2.0971993369
128545,1.3911382370495928,,0.0,1.3911382370495928,2.0997500348
128550,1.3911401899262175,,0.0,1.3911401899262175,2.1073610092
128555,1.3911420505157115,,0.0,1.3911420505157115,2.1145803768
128560,1.3911438102009717,,0.0,1.3911438102009717,2.1210501753
128565,1.3911454622974901,,0.0,1.3911454622974901,2.1254261613
128570,1.3911470020533552,,0.0,1.3911470020533552,2.1261717009
128575,1.3911484268084058,,0.0,1.3911484268084058,2.1247406461
128580,1.3911497357896034,,0.0,1.3911497357896034,2.1203360638
128585,1.3911509303611334,,0.0,1.3911509303611334,2.1151891683
128590,1.3911520138197768,,0.0,1.3911520138197768,2.1157070087
128595,1.3911529914403828,,0.0,1.3911529914403828,2.1210691824
128600,1.3911538702939785,,0.0,1.3911538702939785,2.1275191039
128605,1.3911546592022952,,0.0,1.3911546592022952,2.1359706246
128610,1.3911553685331401,,0.0,1.3911553685331401,2.1446787117
128615,1.39115600999577,,0.0,1.39115600999577,2.1533826992
128620,1.3911565964135262,,0.0,1.3911565964135262,2.1631700582
128625,1.3911571414737334,,0.0,1.3911571414737334,2.1718193643
128630,1.3911576595458095,,0.0,1.3911576595458095,2.177162996
128635,1.391158165362955,,0.0,1.391158165362955,2.183153751
128640,1.3911586737720525,,0.0,1.3911586737720525,2.1857959304
128645,1.3911591994380932,,0.0,1.3911591994380932,2.1861182878
128650,1.3911597567304945,,0.0,1.3911597567304945,2.1816531939
128655,1.391160359382055,,0.0,1.391160359382055,2.1769066116
128660,1.3911610202615878,,0.0,1.3911610202615878,2.1764295789
128665,1.3911617513284507,,0.0,1.3911617513284507,2.1756680677
128670,1.3911625631323425,,0.0,1.3911625631323425,2.1745454814
128675,1.391163464517731,,0.0,1.391163464517731,2.1761018317
128680,1.3911644628739526,,0.0,1.3911644628739526,2.1759465965
128685,1.3911655643171046,,0.0,1.3911655643171046,2.1760601261
128690,1.3911667738719355,,0.0,1.3911667738719355,2.1778939202
128695,1.3911680954945829,,0.0,1.3911680954945829,2.1827504208
128700,1.3911695319361537,,0.0,1.3911695319361537,2.1888483666
128705,1.391171084629042,,0.0,1.391171084629042,2.1917353047
128710,1.391172750367413,,0.0,1.391172750367413,2.1940682938
128715,1.3911745223758127,,0.0,1.3911745223758127,2.197825977
128720,1.391176399244584,,0.0,1.391176399244584,2.2042367174
128725,1.3911783780179912,,0.0,1.3911783780179912,2.2127578419
128730,1.3911804539895962,,0.0,1.3911804539895962,2.2187281431
128735,1.3911826209523557,,0.0,1.3911826209523557,2.2230377929
128740,1.391184871289569,,0.0,1.391184871289569,2.2265319966
128745,1.391187196247714,,0.0,1.391187196247714,2.2330479894
128750,1.3911895862320216,,0.0,1.3911895862320216,2.2345467674
128755,1.3911920310111023,,0.0,1.3911920310111023,2.2325351755
128760,1.3911945200807303,,0.0,1.3911945200807303,2.2265773867
128765,1.391197042732051,,0.0,1.391197042732051,2.2144032286
128770,1.3911995883698929,,0.0,1.3911995883698929,2.2017538045
128775,1.3912021466037117,,0.0,1.3912021466037117,2.1901496185
128780,1.3912047074067462,,0.0,1.3912047074067462,2.1791615319
128785,1.3912072612296995,,0.0,1.3912072612296995,2.1685087243
128790,1.3912097990462127,,0.0,1.3912097990462127,2.1542791099
128795,1.3912123125347562,,0.0,1.3912123125347562,2.1386023233
128800,1.3912147941013653,,0.0,1.3912147941013653,2.1258598084
128805,1.3912172369933233,,0.0,1.3912172369933233,2.1168084796
128810,1.3912196353673698,,0.0,1.3912196353673698,2.112615115
128815,1.3912219843124385,,0.0,1.3912219843124385,2.1126285264
128820,1.3912242800315469,,0.0,1.3912242800315469,2.1109965818
128825,1.3912265197281155,,0.0,1.3912265197281155,2.1075705358
128830,1.3912287016969123,,0.0,1.3912287016969123,2.1008049567
128835,1.3912308254150003,,0.0,1.3912308254150003,2.0938979654
128840,1.3912328913598435,,0.0,1.3912328913598435,2.0913319264
128845,1.3912349011457286,,0.0,1.3912349011457286,2.0908722384
128850,1.3912368573873435,,0.0,1.3912368573873435,2.0899035389
128855,1.3912387636088333,,0.0,1.3912387636088333,2.0890653382
128860,1.3912406241755908,,0.0,1.3912406241755908,2.0881585881
128865,1.3912424441351015,,0.0,1.3912424441351015,2.0917321545
128870,1.3912442291487337,,0.0,1.3912442291487337,2.0950476236
128875,1.3912459853098487,,0.0,1.3912459853098487,2.094704392
128880,1.3912477189164347,,0.0,1.3912477189164347,2.0914824091
128885,1.3912494364711077,,0.0,1.3912494364711077,2.0949403495
128890,1.3912511443400657,,0.0,1.3912511443400657,2.0996490561
128895,1.3912528487076148,,0.0,1.3912528487076148,2.1091478236
128900,1.3912545554170153,,0.0,1.3912545554170153,2.117925718
128905,1.3912562697885893,,0.0,1.3912562697885893,2.1247474068
128910,1.3912579966197218,,0.0,1.3912579966197218,2.129487734
128915,1.3912597399574955,,0.0,1.3912597399574955,2.1359728828
128920,1.391261503166901,,0.0,1.391261503166901,2.140663407
128925,1.3912632887944167,,0.0,1.3912632887944167,2.1453405182
128930,1.3912650986362203,,0.0,1.3912650986362203,2.1509766658
128935,1.3912669337154506,,0.0,1.3912669337154506,2.1558083858
128940,1.3912687943731539,,0.0,1.3912687943731539,2.1596673367
128945,1.3912706791314629,,0.0,1.3912706791314629,2.1627344133
128950,1.3912725866261921,,0.0,1.3912725866261921,2.1681522099
128955,1.3912745160843036,,0.0,1.3912745160843036,2.17016013
128960,1.391276466187085,,0.0,1.391276466187085,2.1713169322
128965,1.3912784360478156,,0.0,1.3912784360478156,2.1737667005
128970,1.3912804239385277,,0.0,1.3912804239385277,2.1763796558
128975,1.391282427312742,,0.0,1.391282427312742,2.1792354405
128980,1.391284443487561,,0.0,1.391284443487561,2.1847668518
128985,1.391286469598196,,0.0,1.391286469598196,2.1915307582
128990,1.3912885027798574,,0.0,1.3912885027798574,2.1948446284
128995,1.3912905402587026,,0.0,1.3912905402587026,2.1969341292
129000,1.3912925793518336,,0.0,1.3912925793518336,2.2004465272
129005,1.3912946177173988,,0.0,1.3912946177173988,2.2005292134
129010,1.3912966532636482,,0.0,1.3912966532636482,2.1975398739
129015,1.391298684399032,,0.0,1.391298684399032,2.1922147344
129020,1.3913007100094656,,0.0,1.3913007100094656,2.185104622
129025,1.3913027295947478,,0.0,1.3913027295947478,2.181473428
129030,1.391304743245824,,0.0,1.391304743245824,2.1817175296
129035,1.3913067516675237,,0.0,1.3913067516675237,2.179914663
129040,1.391308756224032,,0.0,1.391308756224032,2.1745886209
129045,1.3913107588479445,,0.0,1.3913107588479445,2.1674795842
129050,1.391312762063004,,0.0,1.391312762063004,2.1591725553
129055,1.3913147689158907,,0.0,1.3913147689158907,2.1559966776
129060,1.3913167828625406,,0.0,1.3913167828625406,2.1570108781
129065,1.3913188076771994,,0.0,1.3913188076771994,2.1559522969
129070,1.3913208473160044,,0.0,1.3913208473160044,2.15158693
129075,1.3913229057123562,,0.0,1.3913229057123562,2.1458038686
129080,1.3913249867541828,,0.0,1.3913249867541828,2.1438831016
129085,1.3913270939656293,,0.0,1.3913270939656293,2.1411037721
129090,1.3913292304843219,,0.0,1.3913292304843219,2.1363733969
129095,1.3913313988567393,,0.0,1.3913313988567393,2.1322694613
129100,1.391333600879059,,0.0,1.391333600879059,2.1319149057
129105,1.3913358376426295,,0.0,1.3913358376426295,2.1321463838
129110,1.3913381092838686,,0.0,1.3913381092838686,2.1339536502
129115,1.3913404151434206,,0.0,1.3913404151434206,2.1340039392
129120,1.3913427536069993,,0.0,1.3913427536069993,2.1324573949
129125,1.3913451221735988,,0.0,1.3913451221735988,2.1330552626
129130,1.3913475174554923,,0.0,1.3913475174554923,2.1337505187
129135,1.3913499353146515,,0.0,1.3913499353146515,2.1327502434
129140,1.391352370794536,,0.0,1.391352370794536,2.1292872069
129145,1.3913548183474604,,0.0,1.3913548183474604,2.1303309757
129150,1.3913572719255358,,0.0,1.3913572719255358,2.1363432239
129155,1.3913597250716194,,0.0,1.3913597250716194,2.1436108752
129160,1.3913621711012034,,0.0,1.3913621711012034,2.154283529
129165,1.391364603261571,,0.0,1.391364603261571,2.1610394612
129170,1.3913670148227415,,0.0,1.3913670148227415,2.1646079521
129175,1.3913693994185174,,0.0,1.3913693994185174,2.1651288838
129180,1.39137175106922,,0.0,1.39137175106922,2.1643438554
129185,1.3913740643635817,,0.0,1.3913740643635817,2.1607584353
129190,1.3913763347088448,,0.0,1.3913763347088448,2.1567044378
129195,1.3913785583080276,,0.0,1.3913785583080276,2.1529340139
129200,1.3913807323645502,,0.0,1.3913807323645502,2.1507766248
129205,1.3913828550367626,,0.0,1.3913828550367626,2.1544303345
129210,1.391384925460681,,0.0,1.391384925460681,2.1631093761
129215,1.3913869437272508,,0.0,1.3913869437272508,2.1721528467
129220,1.3913889107914015,,0.0,1.3913889107914015,2.1783388201
129225,1.391390828290156,,0.0,1.391390828290156,2.1847608634
129230,1.3913926984516831,,0.0,1.3913926984516831,2.1911495459
129235,1.391394524004353,,0.0,1.391394524004353,2.1980047168
129240,1.3913963079493739,,0.0,1.3913963079493739,2.2034289568
129245,1.391398053469844,,0.0,1.391398053469844,2.208657956
129250,1.3913997638625444,,0.0,1.3913997638625444,2.2111628361
129255,1.3914014423333108,,0.0,1.3914014423333108,2.2092435297
129260,1.3914030917469318,,0.0,1.3914030917469318,2.2048605965
129265,1.3914047144225223,,0.0,1.3914047144225223,2.2045562824
129270,1.3914063121562597,,0.0,1.3914063121562597,2.2076810053
129275,1.3914078863578017,,0.0,1.3914078863578017,2.2124047847
129280,1.3914094382094424,,0.0,1.3914094382094424,2.215871815
129285,1.3914109685524294,,0.0,1.3914109685524294,2.2169070621
129290,1.3914124779097006,,0.0,1.3914124779097006,2.2164188076
129295,1.3914139665313563,,0.0,1.3914139665313563,2.2138253295
129300,1.3914154343946599,,0.0,1.3914154343946599,2.2139430963
129305,1.3914168812495111,,0.0,1.3914168812495111,2.2203168341
129310,1.3914183066866541,,0.0,1.3914183066866541,2.2244466717
129315,1.3914197102286245,,0.0,1.3914197102286245,2.2278161924
129320,1.3914210914661664,,0.0,1.3914210914661664,2.2313902143
129325,1.391422450194652,,0.0,1.391422450194652,2.2351727609
129330,1.3914237863913448,,0.0,1.3914237863913448,2.2421768329
129335,1.391425100420028,,0.0,1.391425100420028,2.2465832899
129340,1.3914263930537392,,0.0,1.3914263930537392,2.2503532818
129345,1.3914276654520366,,0.0,1.3914276654520366,2.2540745068
129350,1.3914289192974147,,0.0,1.3914289192974147,2.2555510967
129355,1.39143015677257,,0.0,1.39143015677257,2.2540201388
129360,1.391431380492191,,0.0,1.391431380492191,2.247385595
129365,1.3914325936393765,,0.0,1.3914325936393765,2.2412372713
129370,1.3914337998519537,,0.0,1.3914337998519537,2.2355232336
129375,1.391435003199742,,0.0,1.391435003199742,2.2287077722
129380,1.391436208411917,,0.0,1.391436208411917,2.2227255216
129385,1.3914374204450177,,0.0,1.3914374204450177,2.2160320656
129390,1.391438644460212,,0.0,1.391438644460212,2.2101299023
129395,1.3914398858687684,,0.0,1.3914398858687684,2.2004438955
129400,1.3914411507413105,,0.0,1.3914411507413105,2.1890996973
129405,1.3914424452621448,,0.0,1.3914424452621448,2.1836088836
129410,1.3914437752517947,,0.0,1.3914437752517947,2.1827929408
129415,1.3914451464853117,,0.0,1.3914451464853117,2.1811195147
129420,1.3914465642830176,,0.0,1.3914465642830176,2.1845418755
129425,1.3914480338515527,,0.0,1.3914480338515527,2.185197987
129430,1.391449560033775,,0.0,1.391449560033775,2.182872144
129435,1.3914511475588593,,0.0,1.3914511475588593,2.1777984066
129440,1.3914528027702675,,0.0,1.3914528027702675,2.1717709822
129445,1.3914545317840965,,0.0,1.3914545317840965,2.1679857557
129450,1.3914563390112118,,0.0,1.3914563390112118,2.1658818755
129455,1.3914582286123782,,0.0,1.3914582286123782,2.1657676303
129460,1.3914602040662682,,0.0,1.3914602040662682,2.1644974423
129465,1.3914622679648339,,0.0,1.3914622679648339,2.1646659244
129470,1.3914644219223609,,0.0,1.3914644219223609,2.1711911698
129475,1.391466666575469,,0.0,1.391466666575469,2.1766391979
129480,1.391469001492166,,0.0,1.391469001492166,2.1776646074
129485,1.3914714253310039,,0.0,1.3914714253310039,2.1753237308
129490,1.3914739357956034,,0.0,1.3914739357956034,2.1750810892
129495,1.3914765296801292,,0.0,1.3914765296801292,2.1786867755
129500,1.391479202914763,,0.0,1.391479202914763,2.1859671913
129505,1.3914819505429639,,0.0,1.3914819505429639,2.1920482309
129510,1.3914847667669454,,0.0,1.3914847667669454,2.1942699326
129515,1.3914876450840914,,0.0,1.3914876450840914,2.1928955651
129520,1.3914905783551652,,0.0,1.3914905783551652,2.1946799763
129525,1.391493559077149,,0.0,1.391493559077149,2.1988039056
129530,1.3914965794514496,,0.0,1.3914965794514496,2.2034344364
129535,1.3914996315657933,,0.0,1.3914996315657933,2.2082863107
129540,1.3915027075306419,,0.0,1.3915027075306419,2.2118148924
129545,1.3915057995928763,,0.0,1.3915057995928763,2.2165468592
129550,1.3915089001812684,,0.0,1.3915089001812684,2.2226855069
129555,1.3915120019974272,,0.0,1.3915120019974272,2.2269015946
129560,1.3915150980840079,,0.0,1.3915150980840079,2.227750995
129565,1.3915181817792395,,0.0,1.3915181817792395,2.2235612691
129570,1.3915212469215523,,0.0,1.3915212469215523,2.2187997137
129575,1.3915242876904221,,0.0,1.3915242876904221,2.2203366773
129580,1.3915272989019454,,0.0,1.3915272989019454,2.2216325205
129585,1.3915302759178922,,0.0,1.3915302759178922,2.2214573146
129590,1.3915332148048623,,0.0,1.3915332148048623,2.221146148
129595,1.3915361124707017,,0.0,1.3915361124707017,2.2200309174
129600,1.3915389667099785,,0.0,1.3915389667099785,2.2187591087
129605,1.3915417762949251,,0.0,1.3915417762949251,2.2188428932
129610,1.3915445410663874,,0.0,1.3915445410663874,2.2201523945
129615,1.3915472619792943,,0.0,1.3915472619792943,2.2205042966
129620,1.3915499411026608,,0.0,1.3915499411026608,2.2178869495
129625,1.3915525815968488,,0.0,1.3915525815968488,2.2116393716
129630,1.3915551876453598,,0.0,1.3915551876453598,2.2086198516
129635,1.3915577644093613,,0.0,1.3915577644093613,2.2074443478
129640,1.3915603179140048,,0.0,1.3915603179140048,2.2022826761
129645,1.3915628547755883,,0.0,1.3915628547755883,2.1922685051
129650,1.3915653822470302,,0.0,1.3915653822470302,2.1794622157
129655,1.3915679077858767,,0.0,1.3915679077858767,2.1656273568
129660,1.3915704390315644,,0.0,1.3915704390315644,2.1568698364
129665,1.3915729835780581,,0.0,1.3915729835780581,2.1536371434
129670,1.3915755486555395,,0.0,1.3915755486555395,2.150377993
129675,1.391578141153144,,0.0,1.391578141153144,2.1460527099
129680,1.3915807672324414,,0.0,1.3915807672324414,2.1407452156
129685,1.3915834323956455,,0.0,1.3915834323956455,2.1370468142
129690,1.3915861412582498,,0.0,1.3915861412582498,2.1339652742
129695,1.3915888973898722,,0.0,1.3915888973898722,2.1297694053
129700,1.3915917034734102,,0.0,1.3915917034734102,2.1231126124
129705,1.3915945610549405,,0.0,1.3915945610549405,2.1187961706
129710,1.3915974706119283,,0.0,1.3915974706119283,2.1165057348
129715,1.3916004317123807,,0.0,1.3916004317123807,2.117334672
129720,1.3916034429011677,,0.0,1.3916034429011677,2.1197268048
129725,1.3916065019501196,,0.0,1.3916065019501196,2.1198983252
129730,1.3916096058807654,,0.0,1.3916096058807654,2.1175077282
129735,1.3916127510552778,,0.0,1.3916127510552778,2.1217402089
129740,1.3916159332901559,,0.0,1.3916159332901559,2.1235359408
129745,1.391619148038115,,0.0,1.391619148038115,2.1228675664
129750,1.391622390365352,,0.0,1.391622390365352,2.1217512167
129755,1.3916256550424904,,0.0,1.3916256550424904,2.125954742
129760,1.391628936771944,,0.0,1.391628936771944,2.1298476152
129765,1.391632230142445,,0.0,1.391632230142445,2.1335256344
129770,1.3916355297199887,,0.0,1.3916355297199887,2.1395200702
129775,1.3916388302297258,,0.0,1.3916388302297258,2.1452809676
129780,1.391642126533225,,0.0,1.391642126533225,2.1485619924
129785,1.391645413673947,,0.0,1.391645413673947,2.1505510871
129790,1.3916486872410256,,0.0,1.3916486872410256,2.1513494546
129795,1.3916519437330526,,0.0,1.3916519437330526,2.1477401796
129800,1.391655179102945,,0.0,1.391655179102945,2.1443871996
129805,1.3916583895309842,,0.0,1.3916583895309842,2.1448653507
129810,1.3916615715839709,,0.0,1.3916615715839709,2.1457056
129815,1.3916647221697513,,0.0,1.3916647221697513,2.1519780752
129820,1.3916678384462735,,0.0,1.3916678384462735,2.158290174
129825,1.3916709177988489,,0.0,1.3916709177988489,2.1662223034
129830,1.3916739578401534,,0.0,1.3916739578401534,2.1746308297
129835,1.3916769562738083,,0.0,1.3916769562738083,2.1800789568
129840,1.3916799110080633,,0.0,1.3916799110080633,2.1847049601
129845,1.391682819928431,,0.0,1.391682819928431,2.1889364041
129850,1.39168568101137,,0.0,1.39168568101137,2.1914420265
129855,1.3916884922333392,,0.0,1.3916884922333392,2.1930140295
129860,1.3916912515025874,,0.0,1.3916912515025874,2.1897207748
129865,1.3916939566364188,,0.0,1.3916939566364188,2.1858763349
129870,1.391696605361191,,0.0,1.391696605361191,2.1859997705
129875,1.3916991951076887,,0.0,1.3916991951076887,2.1868892737
129880,1.3917017230793318,,0.0,1.3917017230793318,2.1918224357
129885,1.3917041861612311,,0.0,1.3917041861612311,2.1958627228
129890,1.3917065808292413,,0.0,1.3917065808292413,2.1991423096
129895,1.3917089032409073,,0.0,1.3917089032409073,2.2023127778
129900,1.391711149167255,,0.0,1.391711149167255,2.2020713484
129905,1.391713314106473,,0.0,1.391713314106473,2.2017092755
129910,1.3917153933066495,,0.0,1.3917153933066495,2.2034020522
129915,1.391717381856718,,0.0,1.391717381856718,2.2077147611
129920,1.3917192748683473,,0.0,1.3917192748683473,2.2098559245
129925,1.391721067521417,,0.0,1.391721067521417,2.2117535632
129930,1.3917227552231701,,0.0,1.3917227552231701,2.2130418146
129935,1.3917243337901049,,0.0,1.3917243337901049,2.2131307707
129940,1.3917257994934489,,0.0,1.3917257994934489,2.2171269231
129945,1.3917271492183119,,0.0,1.3917271492183119,2.2190598558
129950,1.3917283806001066,,0.0,1.3917283806001066,2.2221190238
129955,1.3917294921154928,,0.0,1.3917294921154928,2.227307427
129960,1.391730483105114,,0.0,1.391730483105114,2.2294123083
129965,1.3917313539100171,,0.0,1.3917313539100171,2.2261694838
129970,1.391732105962596,,0.0,1.391732105962596,2.2175821206
129975,1.3917327417183842,,0.0,1.3917327417183842,2.2081099093
129980,1.3917332647470002,,0.0,1.3917332647470002,2.1973897288
129985,1.391733679732146,,0.0,1.391733679732146,2.1871465
129990,1.3917339924716092,,0.0,1.3917339924716092,2.1782808312
129995,1.3917342099227343,,0.0,1.3917342099227343,2.1671895737
130000,1.3917343399750592,,0.0,1.3917343399750592,2.1553091867
130005,1.3917343915412608,,0.0,1.3917343915412608,2.1435076376
130010,1.3917343730792875,,0.0,1.3917343730792875,2.1352444011
130015,1.3917342952070473,,0.0,1.3917342952070473,2.129067101
130020,1.3917341684969762,,0.0,1.3917341684969762,2.1242192832
130025,1.3917340037261374,,0.0,1.3917340037261374,2.1227590056
130030,1.3917338121035858,,0.0,1.3917338121035858,2.1223587477
130035,1.3917336050202684,,0.0,1.3917336050202684,2.1203408959
130040,1.3917333936852405,,0.0,1.3917333936852405,2.115590609
130045,1.3917331891711386,,0.0,1.3917331891711386,2.1072520967
130050,1.3917330019594527,,0.0,1.3917330019594527,2.101321202
130055,1.3917328419177892,,0.0,1.3917328419177892,2.094840328
130060,1.3917327182089254,,0.0,1.3917327182089254,2.0936339471
130065,1.3917326390407094,,0.0,1.3917326390407094,2.092022586
130070,1.3917326116887958,,0.0,1.3917326116887958,2.0964084959
130075,1.3917326424966454,,0.0,1.3917326424966454,2.1021082318
130080,1.3917327368073173,,0.0,1.3917327368073173,2.1068789727
130085,1.391732898963468,,0.0,1.391732898963468,2.1082344385
130090,1.3917331324437696,,0.0,1.3917331324437696,2.1071774373
130095,1.391733439885647,,0.0,1.391733439885647,2.1067529416
130100,1.3917338232216954,,0.0,1.3917338232216954,2.1117570033
130105,1.3917342837024187,,0.0,1.3917342837024187,2.1173486158
130110,1.3917348221008548,,0.0,1.3917348221008548,2.123254551
130115,1.3917354387353134,,0.0,1.3917354387353134,2.127393409
130120,1.3917361336512677,,0.0,1.3917361336512677,2.1296078988
130125,1.3917369066668266,,0.0,1.3917369066668266,2.131917451
130130,1.3917377573954701,,0.0,1.3917377573954701,2.1342093492
130135,1.39173868545068,,0.0,1.39173868545068,2.1374012267
130140,1.3917396902640446,,0.0,1.3917396902640446,2.1410569196
130145,1.3917407711534726,,0.0,1.3917407711534726,2.1479214126
130150,1.3917419273913978,,0.0,1.3917419273913978,2.1532067751
130155,1.3917431580910997,,0.0,1.3917431580910997,2.1597459151
130160,1.3917444622521764,,0.0,1.3917444622521764,2.1661760032
130165,1.3917458387605428,,0.0,1.3917458387605428,2.1706021962
130170,1.391747286320223,,0.0,1.391747286320223,2.1722614505
130175,1.3917488034078769,,0.0,1.3917488034078769,2.1704334415
130180,1.391750388318273,,0.0,1.391750388318273,2.1692970198
130185,1.3917520390733429,,0.0,1.3917520390733429,2.1696434449
130190,1.3917537535358626,,0.0,1.3917537535358626,2.1708385202
130195,1.391755529295772,,0.0,1.391755529295772,2.1736296549
130200,1.3917573636929095,,0.0,1.3917573636929095,2.1772196086
130205,1.391759253885223,,0.0,1.391759253885223,2.1782646419
130210,1.3917611969397141,,0.0,1.3917611969397141,2.181108558
130215,1.3917631900598026,,0.0,1.3917631900598026,2.1840139041
130220,1.391765230403437,,0.0,1.391765230403437,2.1838339579
130225,1.3917673150830907,,0.0,1.3917673150830907,2.1824729193
130230,1.391769441484076,,0.0,1.391769441484076,2.1785078921
130235,1.3917716072645416,,0.0,1.3917716072645416,2.171896383
130240,1.3917738105146282,,0.0,1.3917738105146282,2.1701471219
130245,1.3917760497337317,,0.0,1.3917760497337317,2.1698920679
130250,1.3917783238987136,,0.0,1.3917783238987136,2.1658735639
130255,1.3917806323956903,,0.0,1.3917806323956903,2.1584784407
130260,1.391782975065507,,0.0,1.391782975065507,2.1490452014
130265,1.3917853521582642,,0.0,1.3917853521582642,2.1411733619
130270,1.3917877643560546,,0.0,1.3917877643560546,2.1380385918
130275,1.391790212636544,,0.0,1.391790212636544,2.1355922445
130280,1.3917926980683446,,0.0,1.3917926980683446,2.1304768905
130285,1.3917952218792229,,0.0,1.3917952218792229,2.1228183427
130290,1.3917977852742092,,0.0,1.3917977852742092,2.1148531471
130295,1.391800389412861,,0.0,1.391800389412861,2.1089506215
130300,1.3918030352955806,,0.0,1.3918030352955806,2.1070449558
130305,1.391805723786352,,0.0,1.391805723786352,2.1049779231
130310,1.3918084552489582,,0.0,1.3918084552489582,2.103599139
130315,1.3918112292968798,,0.0,1.3918112292968798,2.102468801
130320,1.3918140451116061,,0.0,1.3918140451116061,2.0997093937
130325,1.3918169018291524,,0.0,1.3918169018291524,2.0978540324
130330,1.3918197986082717,,0.0,1.3918197986082717,2.0962716057
130335,1.391822734880553,,0.0,1.391822734880553,2.0959699583
130340,1.3918257100093772,,0.0,1.3918257100093772,2.0973229621
130345,1.3918287232217055,,0.0,1.3918287232217055,2.0971038634
130350,1.3918317734034533,,0.0,1.3918317734034533,2.0951980444
130355,1.391834858940335,,0.0,1.391834858940335,2.0918212819
130360,1.3918379774450265,,0.0,1.3918379774450265,2.0900716194
130365,1.391841126030002,,0.0,1.391841126030002,2.0934875479
130370,1.3918443014439539,,0.0,1.3918443014439539,2.097405843
130375,1.391847500026318,,0.0,1.391847500026318,2.1021793638
130380,1.3918507178436939,,0.0,1.3918507178436939,2.1051785522
130385,1.391853951144572,,0.0,1.391853951144572,2.1078640227
130390,1.3918571964730164,,0.0,1.3918571964730164,2.1096261118
130395,1.3918604506459287,,0.0,1.3918604506459287,2.110808284
130400,1.3918637108894651,,0.0,1.3918637108894651,2.1078097125
130405,1.391866974839038,,0.0,1.391866974839038,2.1075618527
130410,1.3918702406529975,,0.0,1.3918702406529975,2.1080916168
130415,1.3918735071945223,,0.0,1.3918735071945223,2.1085757364
130420,1.3918767729630088,,0.0,1.3918767729630088,2.1138770826
130425,1.3918800367761632,,0.0,1.3918800367761632,2.1210324705
130430,1.3918832976790558,,0.0,1.3918832976790558,2.1295193179
130435,1.3918865547622299,,0.0,1.3918865547622299,2.1408124713
130440,1.3918898073435926,,0.0,1.3918898073435926,2.1517139673
130445,1.3918930550138884,,0.0,1.3918930550138884,2.1598651265
130450,1.3918962974320712,,0.0,1.3918962974320712,2.1669767368
130455,1.3918995343707767,,0.0,1.3918995343707767,2.1691581433
130460,1.3919027656935863,,0.0,1.3919027656935863,2.1712241458
130465,1.391905991286818,,0.0,1.391905991286818,2.169669887
130470,1.391909211059526,,0.0,1.391909211059526,2.1660258506
130475,1.3919124249435009,,0.0,1.3919124249435009,2.1619269856
130480,1.3919156329160067,,0.0,1.3919156329160067,2.1586536889
130485,1.3919188354090353,,0.0,1.3919188354090353,2.1561383871
130490,1.3919220321042765,,0.0,1.3919220321042765,2.1559059408
130495,1.3919252224105838,,0.0,1.3919252224105838,2.1546578946
130500,1.391928405213872,,0.0,1.391928405213872,2.1563678532
130505,1.3919315784451274,,0.0,1.3919315784451274,2.1553255742
130510,1.3919347405810096,,0.0,1.3919347405810096,2.1559670681
130515,1.3919378895752408,,0.0,1.3919378895752408,2.1592165991
130520,1.391941022676714,,0.0,1.391941022676714,2.1622572465
130525,1.3919441365431755,,0.0,1.3919441365431755,2.1644601023
130530,1.3919472271275428,,0.0,1.3919472271275428,2.1688378648
130535,1.391950289928004,,0.0,1.391950289928004,2.172111219
130540,1.3919533199880199,,0.0,1.3919533199880199,2.178260703
130545,1.3919563119872678,,0.0,1.3919563119872678,2.183971504
130550,1.3919592602643793,,0.0,1.3919592602643793,2.1873495728
130555,1.3919621588851485,,0.0,1.3919621588851485,2.1908327647
130560,1.39196500191537,,0.0,1.39196500191537,2.194689687
130565,1.3919677833071553,,0.0,1.3919677833071553,2.1985653266
130570,1.3919704971717721,,0.0,1.3919704971717721,2.1976441252
130575,1.3919731378023787,,0.0,1.3919731378023787,2.1931617962
130580,1.3919756997194976,,0.0,1.3919756997194976,2.1844597297
130585,1.3919781778301707,,0.0,1.3919781778301707,2.1735665466
130590,1.3919805674734322,,0.0,1.3919805674734322,2.1629741129
130595,1.3919828644430436,,0.0,1.3919828644430436,2.1505921693
130600,1.391985065146651,,0.0,1.391985065146651,2.1388138832
130605,1.3919871665830468,,0.0,1.3919871665830468,2.1256963122
130610,1.3919891664103796,,0.0,1.3919891664103796,2.1124760657
130615,1.3919910629461543,,0.0,1.3919910629461543,2.1038070161
130620,1.3919928552809142,,0.0,1.3919928552809142,2.1008850732
130625,1.3919945438239147,,0.0,1.3919945438239147,2.0996968301
130630,1.3919961292117755,,0.0,1.3919961292117755,2.1016715486
130635,1.3919976123994269,,0.0,1.3919976123994269,2.1055068586
130640,1.3919989947737896,,0.0,1.3919989947737896,2.1070619233
130645,1.392000278494824,,0.0,1.392000278494824,2.1045192234
130650,1.3920014664727922,,0.0,1.3920014664727922,2.0988487631
130655,1.3920025619817384,,0.0,1.3920025619817384,2.0921725351
130660,1.3920035691369546,,0.0,1.3920035691369546,2.0891584175
130665,1.3920044927812987,,0.0,1.3920044927812987,2.0836251727
130670,1.392005338235093,,0.0,1.392005338235093,2.0775525888
130675,1.3920061114098063,,0.0,1.3920061114098063,2.0771718665
130680,1.3920068188535284,,0.0,1.3920068188535284,2.0791141986
130685,1.392007467114348,,0.0,1.392007467114348,2.0811023725
130690,1.3920080629449822,,0.0,1.3920080629449822,2.0826319987
130695,1.3920086131890932,,0.0,1.3920086131890932,2.0820300895
130700,1.3920091247358166,,0.0,1.3920091247358166,2.0812117627
130705,1.3920096044288153,,0.0,1.3920096044288153,2.0812588437
130710,1.3920100589298599,,0.0,1.3920100589298599,2.0847000672
130715,1.3920104947643033,,0.0,1.3920104947643033,2.0885006745
130720,1.3920109182756069,,0.0,1.3920109182756069,2.0916457178
130725,1.392011335488922,,0.0,1.392011335488922,2.0953673738
130730,1.3920117522020359,,0.0,1.3920117522020359,2.0990932443
130735,1.3920121736670616,,0.0,1.3920121736670616,2.1018859493
130740,1.392012604908748,,0.0,1.392012604908748,2.1040685243
130745,1.3920130508608988,,0.0,1.3920130508608988,2.110063512
130750,1.3920135160935339,,0.0,1.3920135160935339,2.1184750261
130755,1.3920140044945812,,0.0,1.3920140044945812,2.1247523491
130760,1.3920145198610234,,0.0,1.3920145198610234,2.1347121609
130765,1.3920150657170054,,0.0,1.3920150657170054,2.1457453081
130770,1.3920156452001533,,0.0,1.3920156452001533,2.1531836073
130775,1.3920162606977908,,0.0,1.3920162606977908,2.1566037703
130780,1.392016914119778,,0.0,1.392016914119778,2.1557709743
130785,1.3920176069439816,,0.0,1.3920176069439816,2.1500708237
130790,1.3920183403981685,,0.0,1.3920183403981685,2.1515159848
130795,1.3920191155736872,,0.0,1.3920191155736872,2.1533878151
130800,1.392019933107157,,0.0,1.392019933107157,2.15383536
130805,1.392020793362361,,0.0,1.392020793362361,2.1543943704
130810,1.3920216964302443,,0.0,1.3920216964302443,2.1549562439
130815,1.3920226420152342,,0.0,1.3920226420152342,2.1568355911
130820,1.3920236295261832,,0.0,1.3920236295261832,2.1591167274
130825,1.3920246580536348,,0.0,1.3920246580536348,2.1610978636
130830,1.3920257264607678,,0.0,1.3920257264607678,2.1596873572
130835,1.39202683342887,,0.0,1.39202683342887,2.1559258351
130840,1.3920279775255464,,0.0,1.3920279775255464,2.150101776
130845,1.3920291572729302,,0.0,1.3920291572729302,2.1466836567
130850,1.3920303712158906,,0.0,1.3920303712158906,2.146032265
130855,1.392031617785614,,0.0,1.392031617785614,2.141916
130860,1.3920328953450787,,0.0,1.3920328953450787,2.1341944405
130865,1.3920342022799985,,0.0,1.3920342022799985,2.1236669354
130870,1.3920355371125062,,0.0,1.3920355371125062,2.1159441877
130875,1.3920368983419982,,0.0,1.3920368983419982,2.1109120044
130880,1.3920382844678703,,0.0,1.3920382844678703,2.1087890879
130885,1.3920396939895192,,0.0,1.3920396939895192,2.1051026789
130890,1.3920411254518137,,0.0,1.3920411254518137,2.0988449538
130895,1.392042577399623,,0.0,1.392042577399623,2.0892926876
130900,1.3920440482868708,,0.0,1.3920440482868708,2.0798461332
130905,1.3920455366356892,,0.0,1.3920455366356892,2.075330465
130910,1.392047040900002,,0.0,1.392047040900002,2.0734266372
130915,1.3920485594200507,,0.0,1.3920485594200507,2.0715586296
130920,1.3920500905588122,,0.0,1.3920500905588122,2.0673158966
130925,1.3920516325428467,,0.0,1.3920516325428467,2.0659120124
130930,1.3920531835305037,,0.0,1.3920531835305037,2.0682620296
130935,1.3920547414755051,,0.0,1.3920547414755051,2.069653296
130940,1.3920563043088372,,0.0,1.3920563043088372,2.0725018987
130945,1.3920578708936782,,0.0,1.3920578708936782,2.0777563985
130950,1.392059440911719,,0.0,1.392059440911719,2.0827201688
130955,1.392061011748271,,0.0,1.392061011748271,2.0865564772
130960,1.3920625806977,,0.0,1.3920625806977,2.0863800994
130965,1.3920641447587985,,0.0,1.3920641447587985,2.0858866493
130970,1.392065700702995,,0.0,1.392065700702995,2.0906887642
130975,1.392067244937935,,0.0,1.392067244937935,2.0984296464
130980,1.3920687735984272,,0.0,1.3920687735984272,2.1042082222
130985,1.392070282523706,,0.0,1.392070282523706,2.1083591545
130990,1.3920717672801701,,0.0,1.3920717672801701,2.1090475471
130995,1.3920732232068531,,0.0,1.3920732232068531,2.107652625
131000,1.3920746455063702,,0.0,1.3920746455063702,2.1074979028
131005,1.3920760292449184,,0.0,1.3920760292449184,2.1032576077
131010,1.3920773695569035,,0.0,1.3920773695569035,2.0978822307
131015,1.3920786616904137,,0.0,1.3920786616904137,2.0942700897
131020,1.3920799011891105,,0.0,1.3920799011891105,2.0963572566
131025,1.3920810839604383,,0.0,1.3920810839604383,2.103562786
131030,1.3920822064575153,,0.0,1.3920822064575153,2.108646396
131035,1.392083265701871,,0.0,1.392083265701871,2.1110166788
131040,1.3920842594653355,,0.0,1.3920842594653355,2.1158397549
131045,1.3920851863382513,,0.0,1.3920851863382513,2.1229558577
131050,1.3920860457522077,,0.0,1.3920860457522077,2.1262292348
131055,1.3920868380482507,,0.0,1.3920868380482507,2.1315664696
131060,1.3920875644541475,,0.0,1.3920875644541475,2.1361534702
131065,1.3920882272662762,,0.0,1.3920882272662762,2.1399717365
131070,1.3920888295767901,,0.0,1.3920888295767901,2.1386576331
131075,1.3920893755237178,,0.0,1.3920893755237178,2.1361394876
131080,1.3920898697452888,,0.0,1.3920898697452888,2.1370410254
131085,1.3920903165614233,,0.0,1.3920903165614233,2.137175028
131090,1.392090721156025,,0.0,1.392090721156025,2.138557544
131095,1.3920910898725554,,0.0,1.3920910898725554,2.1433532289
131100,1.3920914303049785,,0.0,1.3920914303049785,2.146250324
131105,1.3920917510703983,,0.0,1.3920917510703983,2.1473937266
131110,1.3920920615134829,,0.0,1.3920920615134829,2.1466826052
131115,1.3920923712972115,,0.0,1.3920923712972115,2.150440113
131120,1.392092690107299,,0.0,1.392092690107299,2.155761206
131125,1.3920930272884142,,0.0,1.3920930272884142,2.1577790395
131130,1.3920933916395517,,0.0,1.3920933916395517,2.159448257
131135,1.392093791072986,,0.0,1.392093791072986,2.1588677492
131140,1.392094232455116,,0.0,1.392094232455116,2.1568191767
131145,1.392094721310892,,0.0,1.392094721310892,2.1586306769
131150,1.3920952618010787,,0.0,1.3920952618010787,2.1611643937
131155,1.3920958565403645,,0.0,1.3920958565403645,2.1660172384
131160,1.392096506506416,,0.0,1.392096506506416,2.1698905146
131165,1.392097211153558,,0.0,1.392097211153558,2.1752326441
131170,1.392097968344568,,0.0,1.392097968344568,2.1802609887
131175,1.3920987746007734,,0.0,1.3920987746007734,2.1807501853
131180,1.3920996251475257,,0.0,1.3920996251475257,2.1787583165
131185,1.3921005145508205,,0.0,1.3921005145508205,2.172032547
131190,1.3921014371265528,,0.0,1.3921014371265528,2.1636341926
131195,1.3921023854171766,,0.0,1.3921023854171766,2.1525863721
131200,1.3921033517605181,,0.0,1.3921033517605181,2.1384524316
131205,1.392104328335249,,0.0,1.392104328335249,2.1291648224
131210,1.3921053075019316,,0.0,1.3921053075019316,2.1175833353
131215,1.3921062818712298,,0.0,1.3921062818712298,2.1052289808
131220,1.3921072445312712,,0.0,1.3921072445312712,2.0935223789
131225,1.392108189138595,,0.0,1.392108189138595,2.0850157227
131230,1.392109110145514,,0.0,1.392109110145514,2.0760879664
131235,1.392110002800117,,0.0,1.392110002800117,2.0727067296
131240,1.3921108632826853,,0.0,1.3921108632826853,2.0740007619
131245,1.3921116885920106,,0.0,1.3921116885920106,2.0739796247
131250,1.3921124767727617,,0.0,1.3921124767727617,2.0709949284
131255,1.3921132266426444,,0.0,1.3921132266426444,2.0651303484
131260,1.3921139378833487,,0.0,1.3921139378833487,2.056329486
131265,1.392114610676766,,0.0,1.392114610676766,2.0499816073
131270,1.3921152457959345,,0.0,1.3921152457959345,2.0475479237
131275,1.392115844309466,,0.0,1.392115844309466,2.0453566314
131280,1.3921164075815462,,0.0,1.3921164075815462,2.0488650661
131285,1.3921169373174063,,0.0,1.3921169373174063,2.0549355267
131290,1.392117435040386,,0.0,1.392117435040386,2.0622693821
131295,1.3921179023647718,,0.0,1.3921179023647718,2.0653905983
131300,1.3921183404728572,,0.0,1.3921183404728572,2.067854029
131305,1.3921187503877814,,0.0,1.3921187503877814,2.0673001587
131310,1.3921191328825824,,0.0,1.3921191328825824,2.0711842956
131315,1.3921194882755705,,0.0,1.3921194882755705,2.0758533065
131320,1.392119816498536,,0.0,1.392119816498536,2.0836942341
131325,1.392120117119487,,0.0,1.392120117119487,2.0891113484
131330,1.3921203893199126,,0.0,1.3921203893199126,2.0900688004
131335,1.392120631940255,,0.0,1.392120631940255,2.0927769059
131340,1.3921208433662287,,0.0,1.3921208433662287,2.0965450297
131345,1.3921210216425015,,0.0,1.3921210216425015,2.1002006123
131350,1.3921211644044855,,0.0,1.3921211644044855,2.1038674854
131355,1.3921212689920195,,0.0,1.3921212689920195,2.1095796312
131360,1.3921213321992683,,0.0,1.3921213321992683,2.1137984738
131365,1.392121350456614,,0.0,1.392121350456614,2.1197893656
131370,1.3921213199443376,,0.0,1.3921213199443376,2.1286679895
131375,1.392121236842721,,0.0,1.392121236842721,2.1345922603
131380,1.392121096945526,,0.0,1.392121096945526,2.1358182053
131385,1.3921208960919877,,0.0,1.3921208960919877,2.1362707807
131390,1.3921206303259692,,0.0,1.3921206303259692,2.1381370575
131395,1.3921202958277517,,0.0,1.3921202958277517,2.1421120377
131400,1.392119889186872,,0.0,1.392119889186872,2.1441898448
131405,1.3921194074930685,,0.0,1.3921194074930685,2.1453845706
131410,1.3921188486545906,,0.0,1.3921188486545906,2.1457306416
131415,1.3921182112845163,,0.0,1.3921182112845163,2.1475017823
131420,1.3921174949963266,,0.0,1.3921174949963266,2.1502113378
131425,1.3921167004266417,,0.0,1.3921167004266417,2.1519436976
131430,1.392115829326165,,0.0,1.392115829326165,2.1504759969
131435,1.3921148845596865,,0.0,1.3921148845596865,2.1465774105
131440,1.392113870197025,,0.0,1.392113870197025,2.1406639511
131445,1.392112791353875,,0.0,1.392112791353875,2.1345988813
131450,1.3921116541235972,,0.0,1.3921116541235972,2.1334530943
131455,1.3921104654635366,,0.0,1.3921104654635366,2.1338314652
131460,1.3921092331495488,,0.0,1.3921092331495488,2.1302198837
131465,1.3921079655258999,,0.0,1.3921079655258999,2.1236279603
131470,1.3921066715734762,,0.0,1.3921066715734762,2.1155449061
131475,1.3921053603641091,,0.0,1.3921053603641091,2.1096692792
131480,1.392104041174259,,0.0,1.392104041174259,2.1102031183
131485,1.3921027231894385,,0.0,1.3921027231894385,2.1097538391
131490,1.3921014153677984,,0.0,1.3921014153677984,2.1061909353
131495,1.3921001263264414,,0.0,1.3921001263264414,2.0993850642
131500,1.392098864136797,,0.0,1.392098864136797,2.0914209444
131505,1.3920976362791475,,0.0,1.3920976362791475,2.0865824598
131510,1.3920964494607369,,0.0,1.3920964494607369,2.0809211191
131515,1.3920953097067166,,0.0,1.3920953097067166,2.0737558453
131520,1.3920942224283546,,0.0,1.3920942224283546,2.0687456246
131525,1.3920931923548265,,0.0,1.3920931923548265,2.0682314021
131530,1.3920922234877422,,0.0,1.3920922234877422,2.0694724783
131535,1.3920913192148283,,0.0,1.3920913192148283,2.0685777735
131540,1.392090482014355,,0.0,1.392090482014355,2.0675778289
131545,1.3920897135688168,,0.0,1.3920897135688168,2.0645670337
131550,1.3920890150377716,,0.0,1.3920890150377716,2.0655383578
131555,1.3920883872397303,,0.0,1.3920883872397303,2.0677819639
131560,1.3920878306521578,,0.0,1.3920878306521578,2.0681295187
131565,1.3920873454114728,,0.0,1.3920873454114728,2.0692378368
131570,1.3920869311538926,,0.0,1.3920869311538926,2.0716149771
131575,1.3920865870609054,,0.0,1.3920865870609054,2.0740865951
131580,1.3920863118592726,,0.0,1.3920863118592726,2.0850664
131585,1.392086103752816,,0.0,1.392086103752816,2.0937900993
131590,1.3920859603996854,,0.0,1.3920859603996854,2.0990454435
131595,1.3920858788668815,,0.0,1.3920858788668815,2.1024326492
131600,1.3920858558576241,,0.0,1.3920858558576241,2.1033776383
131605,1.39208588764314,,0.0,1.39208588764314,2.103010128
131610,1.3920859702445554,,0.0,1.3920859702445554,2.0998228432
131615,1.3920860994101598,,0.0,1.3920860994101598,2.0958382701
131620,1.3920862707745607,,0.0,1.3920862707745607,2.0928215838
131625,1.3920864798586832,,0.0,1.3920864798586832,2.09560749
131630,1.3920867222516613,,0.0,1.3920867222516613,2.1023682024
131635,1.3920869935653664,,0.0,1.3920869935653664,2.1089278202
131640,1.3920872894798786,,0.0,1.3920872894798786,2.1139058151
131645,1.392087605857169,,0.0,1.392087605857169,2.1232066944
131650,1.3920879387411007,,0.0,1.3920879387411007,2.133029505
131655,1.392088284516583,,0.0,1.392088284516583,2.1409146468
131660,1.392088639864098,,0.0,1.392088639864098,2.144700532
131665,1.3920890018051748,,0.0,1.3920890018051748,2.1499318926
131670,1.3920893677478618,,0.0,1.3920893677478618,2.1521237968
131675,1.3920897353503077,,0.0,1.3920897353503077,2.152311745
131680,1.3920901025662342,,0.0,1.3920901025662342,2.1479068356
131685,1.3920904675085186,,0.0,1.3920904675085186,2.1432551493
131690,1.3920908284264566,,0.0,1.3920908284264566,2.142172119
131695,1.3920911835920804,,0.0,1.3920911835920804,2.1440858463
131700,1.3920915313001583,,0.0,1.3920915313001583,2.1475056018
131705,1.3920918696635673,,0.0,1.3920918696635673,2.1497323509
131710,1.3920921966360298,,0.0,1.3920921966360298,2.1509144249
131715,1.3920925098529575,,0.0,1.3920925098529575,2.1516400783
131720,1.39209280665419,,0.0,1.39209280665419,2.1536024693
131725,1.3920930839703103,,0.0,1.3920930839703103,2.1604712729
131730,1.3920933382089637,,0.0,1.3920933382089637,2.166873301
131735,1.3920935653458038,,0.0,1.3920935653458038,2.1726712244
131740,1.3920937608335466,,0.0,1.3920937608335466,2.1780354538
131745,1.392093919624707,,0.0,1.392093919624707,2.1815004462
131750,1.3920940361943348,,0.0,1.3920940361943348,2.1870202703
131755,1.3920941065862924,,0.0,1.3920941065862924,2.1906396177
131760,1.3920941268217066,,0.0,1.3920941268217066,2.1945998906
131765,1.3920940905116432,,0.0,1.3920940905116432,2.19740936
131770,1.3920939913353774,,0.0,1.3920939913353774,2.1995170418
131775,1.3920938229494475,,0.0,1.3920938229494475,2.1992014002
131780,1.3920935791695475,,0.0,1.3920935791695475,2.1981790468
131785,1.3920932539932624,,0.0,1.3920932539932624,2.1946388821
131790,1.392092841850169,,0.0,1.392092841850169,2.1886980521
131795,1.3920923377155185,,0.0,1.3920923377155185,2.1772405847
131800,1.3920917371784454,,0.0,1.3920917371784454,2.1661271712
131805,1.3920910365556494,,0.0,1.3920910365556494,2.1592248168
131810,1.3920902331414968,,0.0,1.3920902331414968,2.1515899448
131815,1.3920893250716007,,0.0,1.3920893250716007,2.1405037422
131820,1.392088311300086,,0.0,1.392088311300086,2.12485554
131825,1.3920871914176973,,0.0,1.3920871914176973,2.1096240786
131830,1.3920859663111547,,0.0,1.3920859663111547,2.1021075986
131835,1.3920846383677823,,0.0,1.3920846383677823,2.0967132341
131840,1.3920832117710815,,0.0,1.3920832117710815,2.0922346021
131845,1.3920816923870492,,0.0,1.3920816923870492,2.0895613329
131850,1.392080087514076,,0.0,1.392080087514076,2.0844780913
131855,1.392078405814738,,0.0,1.392078405814738,2.0766428985
131860,1.3920766570429597,,0.0,1.3920766570429597,2.0697005257
131865,1.392074851839386,,0.0,1.392074851839386,2.0631979474
131870,1.3920730015722267,,0.0,1.3920730015722267,2.0612958235
131875,1.3920711182008394,,0.0,1.3920711182008394,2.0601197626
131880,1.3920692140256274,,0.0,1.3920692140256274,2.0582444512
131885,1.392067301506149,,0.0,1.392067301506149,2.0592786247
131890,1.392065392988281,,0.0,1.392065392988281,2.0624914902
131895,1.392063500454116,,0.0,1.392063500454116,2.0692785801
131900,1.3920616354082838,,0.0,1.3920616354082838,2.0735269829
131905,1.3920598086051104,,0.0,1.3920598086051104,2.0734990245
131910,1.3920580299349392,,0.0,1.3920580299349392,2.0685510876
131915,1.392056308196765,,0.0,1.392056308196765,2.0664763674
131920,1.3920546509845517,,0.0,1.3920546509845517,2.068408087
131925,1.3920530647781797,,0.0,1.3920530647781797,2.0742999991
131930,1.392051555170808,,0.0,1.392051555170808,2.0829904635
131935,1.3920501269143488,,0.0,1.3920501269143488,2.0881652059
131940,1.3920487822597074,,0.0,1.3920487822597074,2.0917800458
131945,1.3920475221390771,,0.0,1.3920475221390771,2.0968742599
131950,1.3920463464387762,,0.0,1.3920463464387762,2.0993968695
131955,1.3920452546131301,,0.0,1.3920452546131301,2.1025176794
131960,1.392044244593125,,0.0,1.392044244593125,2.1073651526
131965,1.3920433134684986,,0.0,1.3920433134684986,2.1126872801
131970,1.3920424576014239,,0.0,1.3920424576014239,2.1190323759
131975,1.3920416728311358,,0.0,1.3920416728311358,2.1271483502
131980,1.3920409545421413,,0.0,1.3920409545421413,2.1334110537
131985,1.392040297914319,,0.0,1.392040297914319,2.1351973179
131990,1.3920396978547107,,0.0,1.3920396978547107,2.1352502678
131995,1.392039149270358,,0.0,1.392039149270358,2.1363265972
132000,1.3920386470228305,,0.0,1.3920386470228305,2.1379867894
132005,1.3920381860646427,,0.0,1.3920381860646427,2.1409648157
132010,1.3920377614619908,,0.0,1.3920377614619908,2.1430809581
132015,1.3920373684629637,,0.0,1.3920373684629637,2.1458683786
132020,1.3920370024975401,,0.0,1.3920370024975401,2.1470911683
132025,1.392036659382219,,0.0,1.392036659382219,2.1512467341
132030,1.3920363351608638,,0.0,1.3920363351608638,2.1530285977
132035,1.3920360259455458,,0.0,1.3920360259455458,2.1518470941
132040,1.3920357284394842,,0.0,1.3920357284394842,2.1469786507
132045,1.392035440960184,,0.0,1.392035440960184,2.1410374808
132050,1.3920351600062368,,0.0,1.3920351600062368,2.1351784812
132055,1.3920348821899156,,0.0,1.3920348821899156,2.1327361602
132060,1.3920346041234934,,0.0,1.3920346041234934,2.1295050863
132065,1.3920343226011354,,0.0,1.3920343226011354,2.1216493143
132070,1.3920340343715336,,0.0,1.3920340343715336,2.1114162213
132075,1.3920337362288522,,0.0,1.3920337362288522,2.0997465593
132080,1.3920334248081017,,0.0,1.3920334248081017,2.0894192127
132085,1.3920330967670274,,0.0,1.3920330967670274,2.0850923003
132090,1.3920327487406399,,0.0,1.3920327487406399,2.0844587333
132095,1.3920323772957388,,0.0,1.3920323772957388,2.0815247994
132100,1.3920319791582805,,0.0,1.3920319791582805,2.0759704579
132105,1.3920315509860106,,0.0,1.3920315509860106,2.0711670267
132110,1.3920310896867765,,0.0,1.3920310896867765,2.0690418149
132115,1.3920305922821066,,0.0,1.3920305922821066,2.0661051925
132120,1.3920300561118395,,0.0,1.3920300561118395,2.0616762055
132125,1.392029478856861,,0.0,1.392029478856861,2.055406906
132130,1.3920288586527843,,0.0,1.3920288586527843,2.052201
132135,1.3920281940444783,,0.0,1.3920281940444783,2.0520589349
132140,1.3920274839178586,,0.0,1.3920274839178586,2.052071954
132145,1.3920267277499876,,0.0,1.3920267277499876,2.0505345918
132150,1.3920259255863379,,0.0,1.3920259255863379,2.0476271162
132155,1.392025077927111,,0.0,1.392025077927111,2.0505890489
132160,1.3920241857954458,,0.0,1.3920241857954458,2.0531484017
132165,1.3920232504418453,,0.0,1.3920232504418453,2.0528069881
132170,1.3920222733669132,,0.0,1.3920222733669132,2.0510651317
132175,1.3920212565714545,,0.0,1.3920212565714545,2.0530972941
132180,1.3920202026701578,,0.0,1.3920202026701578,2.0588375781
132185,1.3920191149370675,,0.0,1.3920191149370675,2.0681554194
132190,1.392017997191902,,0.0,1.392017997191902,2.0776159424
132195,1.3920168537091089,,0.0,1.3920168537091089,2.0849830816
132200,1.3920156891269173,,0.0,1.3920156891269173,2.0890791741
132205,1.3920145082881854,,0.0,1.3920145082881854,2.0915901763
132210,1.3920133162631345,,0.0,1.3920133162631345,2.0921316915
132215,1.3920121182811414,,0.0,1.3920121182811414,2.0898047943
132220,1.3920109193442187,,0.0,1.3920109193442187,2.0873453549
132225,1.392009724408906,,0.0,1.392009724408906,2.0870032693
132230,1.3920085382498515,,0.0,1.3920085382498515,2.088994805
132235,1.392007365437076,,0.0,1.392007365437076,2.0942279336
132240,1.3920062100858712,,0.0,1.3920062100858712,2.1016770455
132245,1.3920050758795373,,0.0,1.3920050758795373,2.1121760931
132250,1.39200396602391,,0.0,1.39200396602391,2.1209865311
132255,1.3920028831109408,,0.0,1.3920028831109408,2.128677086
132260,1.3920018291869074,,0.0,1.3920018291869074,2.13623215
132265,1.3920008056159956,,0.0,1.3920008056159956,2.1426291657
132270,1.391999813103034,,0.0,1.391999813103034,2.1464355012
132275,1.3919988517389688,,0.0,1.3919988517389688,2.1492885838
132280,1.391997920887179,,0.0,1.391997920887179,2.149669963
132285,1.3919970193881088,,0.0,1.3919970193881088,2.1464185983
132290,1.3919961453318979,,0.0,1.3919961453318979,2.1453415225
132295,1.3919952963312219,,0.0,1.3919952963312219,2.1447670499
132300,1.3919944693166648,,0.0,1.3919944693166648,2.1477007499
132305,1.3919936606049264,,0.0,1.3919936606049264,2.1524971465
132310,1.3919928659897682,,0.0,1.3919928659897682,2.1551848638
132315,1.3919920805373875,,0.0,1.3919920805373875,2.1543833223
132320,1.3919912988592529,,0.0,1.3919912988592529,2.1531837912
132325,1.391990514907476,,0.0,1.391990514907476,2.1550762578
132330,1.3919897221794408,,0.0,1.3919897221794408,2.1587233932
132335,1.3919889136950665,,0.0,1.3919889136950665,2.1634500467
132340,1.3919880821104886,,0.0,1.3919880821104886,2.1688235516
132345,1.3919872197407976,,0.0,1.3919872197407976,2.1740102252
132350,1.3919863186282464,,0.0,1.3919863186282464,2.1766067664
132355,1.3919853707241419,,0.0,1.3919853707241419,2.1770845064
132360,1.3919843678888453,,0.0,1.3919843678888453,2.1806657678
132365,1.3919833020736643,,0.0,1.3919833020736643,2.183931659
132370,1.391982165389061,,0.0,1.391982165389061,2.1830369541
132375,1.3919809503774887,,0.0,1.3919809503774887,2.1838420937
132380,1.3919796501270765,,0.0,1.3919796501270765,2.1815353002
132385,1.3919782583853084,,0.0,1.3919782583853084,2.1799848143
132390,1.3919767697863894,,0.0,1.3919767697863894,2.173285618
132395,1.3919751799876627,,0.0,1.3919751799876627,2.1625371816
132400,1.391973485760557,,0.0,1.391973485760557,2.150491673
132405,1.3919716851724766,,0.0,1.3919716851724766,2.1396602005
132410,1.39196977772322,,0.0,1.39196977772322,2.1347439284
132415,1.3919677648679183,,0.0,1.3919677648679183,2.1288230518
132420,1.391965649062105,,0.0,1.391965649062105,2.1204678961
132425,1.3919634338753977,,0.0,1.3919634338753977,2.1080611368
132430,1.391961124127918,,0.0,1.391961124127918,2.0936512917
132435,1.3919587257766077,,0.0,1.3919587257766077,2.0910392064
132440,1.3919562456878658,,0.0,1.3919562456878658,2.0904592703
132445,1.3919536915238664,,0.0,1.3919536915238664,2.0883437507
132450,1.3919510714469838,,0.0,1.3919510714469838,2.0842937412
132455,1.3919483940515853,,0.0,1.3919483940515853,2.0791854413
132460,1.3919456679775108,,0.0,1.3919456679775108,2.0747522946
132465,1.3919429018418636,,0.0,1.3919429018418636,2.0682359293
132470,1.3919401040798554,,0.0,1.3919401040798554,2.0589327224
132475,1.3919372824673422,,0.0,1.3919372824673422,2.0551480936
132480,1.3919344439844048,,0.0,1.3919344439844048,2.0510893565
132485,1.391931594701668,,0.0,1.391931594701668,2.0511488992
132490,1.3919287396893532,,0.0,1.3919287396893532,2.0552877173
132495,1.3919258827444425,,0.0,1.3919258827444425,2.0620502217
132500,1.3919230265043612,,0.0,1.3919230265043612,2.071008554
132505,1.3919201723332937,,0.0,1.3919201723332937,2.0770618651
132510,1.3919173203449227,,0.0,1.3919173203449227,2.0791166063
132515,1.3919144695388455,,0.0,1.3919144695388455,2.0766342131
132520,1.3919116178005753,,0.0,1.3919116178005753,2.0736447723
132525,1.3919087622425863,,0.0,1.3919087622425863,2.0736815801
132530,1.391905899249788,,0.0,1.391905899249788,2.0756241591
132535,1.3919030247978337,,0.0,1.3919030247978337,2.0806903229
132540,1.391900134657749,,0.0,1.391900134657749,2.08709947
132545,1.3918972246232968,,0.0,1.3918972246232968,2.0904230469
132550,1.3918942907838123,,0.0,1.3918942907838123,2.0935126435
132555,1.391891329865251,,0.0,1.391891329865251,2.0970240575
132560,1.3918883392529247,,0.0,1.3918883392529247,2.0992722495
132565,1.3918853173780201,,0.0,1.3918853173780201,2.102924471
132570,1.391882263831282,,0.0,1.391882263831282,2.1090353809
132575,1.3918791794312213,,0.0,1.3918791794312213,2.118754883
132580,1.3918760663150616,,0.0,1.3918760663150616,2.1282086378
132585,1.3918729279842117,,0.0,1.3918729279842117,2.1362698255
132590,1.3918697693042654,,0.0,1.3918697693042654,2.1404891095
132595,1.391866596345847,,0.0,1.391866596345847,2.1401365702
132600,1.3918634163164019,,0.0,1.3918634163164019,2.1386240983
132605,1.391860237491987,,0.0,1.391860237491987,2.1421612399
132610,1.391857068876225,,0.0,1.391857068876225,2.1435951605
132615,1.3918539201548308,,0.0,1.3918539201548308,2.1442727896
132620,1.391850801400039,,0.0,1.391850801400039,2.144214147
132625,1.3918477228659747,,0.0,1.3918477228659747,2.1443136885
132630,1.3918446948977097,,0.0,1.3918446948977097,2.1438832507
132635,1.3918417275220047,,0.0,1.3918417275220047,2.1443737022
132640,1.3918388304473122,,0.0,1.3918388304473122,2.1437161279
132645,1.3918360128136726,,0.0,1.3918360128136726,2.1433023033
132650,1.391833283010825,,0.0,1.391833283010825,2.1405599945
132655,1.3918306485872611,,0.0,1.3918306485872611,2.1362843467
132660,1.3918281161138069,,0.0,1.3918281161138069,2.133034979
132665,1.3918256911608846,,0.0,1.3918256911608846,2.129376476
132670,1.3918233781166238,,0.0,1.3918233781166238,2.1226458946
132675,1.3918211803005418,,0.0,1.3918211803005418,2.1144122231
132680,1.3918190998043893,,0.0,1.3918190998043893,2.1039303127
132685,1.3918171376058324,,0.0,1.3918171376058324,2.093423277
132690,1.3918152935684525,,0.0,1.3918152935684525,2.0866222553
132695,1.3918135664417466,,0.0,1.3918135664417466,2.0841130176
132700,1.391811953997545,,0.0,1.391811953997545,2.0797169517
132705,1.3918104530527498,,0.0,1.3918104530527498,2.0738818181
132710,1.3918090595602772,,0.0,1.3918090595602772,2.0655207155
132715,1.39180776867727,,0.0,1.39180776867727,2.0605738786
132720,1.3918065749469877,,0.0,1.3918065749469877,2.0571495036
132725,1.3918054722988056,,0.0,1.3918054722988056,2.0541159906
132730,1.3918044541618984,,0.0,1.3918044541618984,2.0519557208
132735,1.39180351364713,,0.0,1.39180351364713,2.0476032203
132740,1.3918026435470563,,0.0,1.3918026435470563,2.0455113357
132745,1.3918018365632856,,0.0,1.3918018365632856,2.0413580062
132750,1.3918010852155356,,0.0,1.3918010852155356,2.0377110313
132755,1.3918003821599427,,0.0,1.3918003821599427,2.0367374456
132760,1.3917997200753796,,0.0,1.3917997200753796,2.0391314203
132765,1.3917990919135557,,0.0,1.3917990919135557,2.039576127
132770,1.3917984908080718,,0.0,1.3917984908080718,2.0401318557
132775,1.391797910392731,,0.0,1.391797910392731,2.0384936893
132780,1.3917973445969083,,0.0,1.3917973445969083,2.040128806
132785,1.3917967879865993,,0.0,1.3917967879865993,2.0428360157
132790,1.3917962356507376,,0.0,1.3917962356507376,2.0462826573
132795,1.3917956832466665,,0.0,1.3917956832466665,2.0528466637
132800,1.3917951270683497,,0.0,1.3917951270683497,2.0591977611
132805,1.3917945640463703,,0.0,1.3917945640463703,2.0643042816
132810,1.3917939917479314,,0.0,1.3917939917479314,2.0673212205
132815,1.391793408399592,,0.0,1.391793408399592,2.0681933236
132820,1.3917928129327406,,0.0,1.3917928129327406,2.0661470328
132825,1.391792204847176,,0.0,1.391792204847176,2.0609445671
132830,1.3917915848022542,,0.0,1.3917915848022542,2.0578998057
132835,1.3917909549351986,,0.0,1.3917909549351986,2.0582505367
132840,1.3917903164965124,,0.0,1.3917903164965124,2.0642122349
132845,1.3917896712369004,,0.0,1.3917896712369004,2.0752424959
132850,1.3917890214754771,,0.0,1.3917890214754771,2.0848418712
132855,1.3917883698269309,,0.0,1.3917883698269309,2.0929850624
132860,1.3917877191333141,,0.0,1.3917877191333141,2.101827469
132865,1.3917870724185712,,0.0,1.3917870724185712,2.1082609641
132870,1.391786432729382,,0.0,1.391786432729382,2.1152977221
132875,1.3917858031579,,0.0,1.3917858031579,2.1186934342
132880,1.3917851866371234,,0.0,1.3917851866371234,2.1231022712
132885,1.3917845859181588,,0.0,1.3917845859181588,2.124828235
132890,1.3917840035020128,,0.0,1.3917840035020128,2.1232736647
132895,1.3917834415259087,,0.0,1.3917834415259087,2.1209945896
132900,1.3917829016496053,,0.0,1.3917829016496053,2.1209046021
132905,1.3917823851008693,,0.0,1.3917823851008693,2.1245836308
132910,1.3917818925845298,,0.0,1.3917818925845298,2.1299481586
132915,1.3917814241915323,,0.0,1.3917814241915323,2.133662405
132920,1.3917809794671485,,0.0,1.3917809794671485,2.1341424351
132925,1.3917805572745572,,0.0,1.3917805572745572,2.1348919966
132930,1.391780155908527,,0.0,1.391780155908527,2.1368144227
132935,1.391779772981734,,0.0,1.391779772981734,2.144867795
132940,1.391779405515707,,0.0,1.391779405515707,2.1505248565
132945,1.391779049963564,,0.0,1.391779049963564,2.1551031723
132950,1.391778702187277,,0.0,1.391778702187277,2.1596920821
132955,1.3917783576168252,,0.0,1.3917783576168252,2.1629180162
132960,1.3917780111819869,,0.0,1.3917780111819869,2.1644405511
132965,1.3917776573805485,,0.0,1.3917776573805485,2.1698520581
132970,1.391777290346513,,0.0,1.391777290346513,2.1762556793
132975,1.3917769039183112,,0.0,1.3917769039183112,2.180704684
132980,1.3917764915705901,,0.0,1.3917764915705901,2.1872012288
132985,1.391776046664315,,0.0,1.391776046664315,2.1905197253
132990,1.3917755623103503,,0.0,1.3917755623103503,2.1912829123
132995,1.3917750315968245,,0.0,1.3917750315968245,2.1868591382
133000,1.3917744475663927,,0.0,1.3917744475663927,2.1773421387
133005,1.3917738033526557,,0.0,1.3917738033526557,2.1647416275
133010,1.391773092293843,,0.0,1.391773092293843,2.1481080708
133015,1.3917723078873376,,0.0,1.3917723078873376,2.1356634493
133020,1.3917714440397793,,0.0,1.3917714440397793,2.1279063573
133025,1.3917704949533807,,0.0,1.3917704949533807,2.1174547288
133030,1.3917694553532927,,0.0,1.3917694553532927,2.1054213949
133035,1.3917683203966569,,0.0,1.3917683203966569,2.09373605
133040,1.3917670858545,,0.0,1.3917670858545,2.0879434075
133045,1.3917657480207846,,0.0,1.3917657480207846,2.0875683892
133050,1.391764303894304,,0.0,1.391764303894304,2.0863065874
133055,1.3917627510422603,,0.0,1.3917627510422603,2.0841573469
133060,1.3917610877366866,,0.0,1.3917610877366866,2.0822228693
133065,1.391759312886234,,0.0,1.391759312886234,2.0801558716
133070,1.391757426058911,,0.0,1.391757426058911,2.0743556587
133075,1.391755427527554,,0.0,1.391755427527554,2.0658261916
133080,1.3917533181334112,,0.0,1.3917533181334112,2.0590991369
133085,1.3917510994225588,,0.0,1.3917510994225588,2.0555943198
133090,1.3917487734640113,,0.0,1.3917487734640113,2.0528156329
133095,1.3917463429179295,,0.0,1.3917463429179295,2.057230176
133100,1.3917438108992033,,0.0,1.3917438108992033,2.0636352151
133105,1.391741180977451,,0.0,1.391741180977451,2.0701567275
133110,1.3917384570633364,,0.0,1.3917384570633364,2.0758203234
133115,1.3917356434085704,,0.0,1.3917356434085704,2.0784798314
133120,1.3917327444694911,,0.0,1.3917327444694911,2.079909833
133125,1.3917297648615923,,0.0,1.3917297648615923,2.0780509215
133130,1.3917267093140493,,0.0,1.3917267093140493,2.0813819233
133135,1.39172358260151,,0.0,1.39172358260151,2.0886662699
133140,1.3917203894986232,,0.0,1.3917203894986232,2.0953728093
133145,1.3917171347118278,,0.0,1.3917171347118278,2.1023842212
133150,1.3917138229248263,,0.0,1.3917138229248263,2.1065935805
133155,1.3917104586621662,,0.0,1.3917104586621662,2.1087177287
133160,1.3917070463801864,,0.0,1.3917070463801864,2.1122557918
133165,1.3917035903533335,,0.0,1.3917035903533335,2.1157238289
133170,1.3917000947196363,,0.0,1.3917000947196363,2.1221343696
133175,1.3916965635489138,,0.0,1.3916965635489138,2.1305977696
133180,1.391693000660885,,0.0,1.391693000660885,2.1390562323
133185,1.3916894098525316,,0.0,1.3916894098525316,2.1498738649
133190,1.391685794738945,,0.0,1.391685794738945,2.1580431785
133195,1.3916821588670065,,0.0,1.3916821588670065,2.1623474373
133200,1.391678505669916,,0.0,1.391678505669916,2.1631911152
133205,1.3916748384899262,,0.0,1.3916748384899262,2.1630726238
133210,1.3916711606465555,,0.0,1.3916711606465555,2.1638520365
133215,1.391667475504794,,0.0,1.391667475504794,2.1663466268
133220,1.3916637865205772,,0.0,1.3916637865205772,2.1676352827
133225,1.3916600967633224,,0.0,1.3916600967633224,2.1697524561
133230,1.3916564093024457,,0.0,1.3916564093024457,2.1717404811
133235,1.391652727161892,,0.0,1.391652727161892,2.1713148029
133240,1.3916490532973946,,0.0,1.3916490532973946,2.1692878242
133245,1.3916453907783715,,0.0,1.3916453907783715,2.1691503209
133250,1.3916417424923475,,0.0,1.3916417424923475,2.1676457109
133255,1.391638110894856,,0.0,1.391638110894856,2.1652931955
133260,1.3916344983959577,,0.0,1.3916344983959577,2.1620114394
133265,1.3916309075421316,,0.0,1.3916309075421316,2.1607374149
133270,1.3916273411754303,,0.0,1.3916273411754303,2.1605569453
133275,1.3916238025698986,,0.0,1.3916238025698986,2.1578651839
133280,1.3916202951587353,,0.0,1.3916202951587353,2.151599676
133285,1.3916168224660865,,0.0,1.3916168224660865,2.143996281
133290,1.3916133877887324,,0.0,1.3916133877887324,2.134429078
133295,1.3916099938777802,,0.0,1.3916099938777802,2.1275651394
133300,1.3916066428249807,,0.0,1.3916066428249807,2.1241668611
133305,1.3916033359945188,,0.0,1.3916033359945188,2.1204445597
133310,1.3916000739548051,,0.0,1.3916000739548051,2.115288362
133315,1.3915968565239483,,0.0,1.3915968565239483,2.1102177212
133320,1.391593682906174,,0.0,1.391593682906174,2.105665754
133325,1.3915905520328697,,0.0,1.3915905520328697,2.1054500135
133330,1.3915874625853237,,0.0,1.3915874625853237,2.1047310801
133335,1.3915844128128312,,0.0,1.3915844128128312,2.101978484
133340,1.3915814008055334,,0.0,1.3915814008055334,2.0985274276
133345,1.391578424630834,,0.0,1.391578424630834,2.095602201
133350,1.3915754824470832,,0.0,1.3915754824470832,2.091526932
133355,1.39157257216253,,0.0,1.39157257216253,2.090525304
133360,1.391569691549006,,0.0,1.391569691549006,2.0904131947
133365,1.391566838423814,,0.0,1.391566838423814,2.0918585642
133370,1.3915640105360487,,0.0,1.3915640105360487,2.0951746514
133375,1.3915612057484865,,0.0,1.3915612057484865,2.0966576989
133380,1.391558421923904,,0.0,1.391558421923904,2.096430622
133385,1.3915556571751784,,0.0,1.3915556571751784,2.0982596159
133390,1.3915529097743415,,0.0,1.3915529097743415,2.1035549482
133395,1.3915501783572082,,0.0,1.3915501783572082,2.1073921023
133400,1.3915474619233759,,0.0,1.3915474619233759,2.1137253597
133405,1.3915447598816977,,0.0,1.3915447598816977,2.1210847603
133410,1.3915420722094374,,0.0,1.3915420722094374,2.1274706758
133415,1.3915393993840595,,0.0,1.3915393993840595,2.130557121
133420,1.39153674238323,,0.0,1.39153674238323,2.1308251233
133425,1.3915341027984989,,0.0,1.3915341027984989,2.1281244438
133430,1.391531482858035,,0.0,1.391531482858035,2.121925509
133435,1.3915288851537906,,0.0,1.3915288851537906,2.1196441709
133440,1.3915263127097088,,0.0,1.3915263127097088,2.1198384724
133445,1.3915237690271989,,0.0,1.3915237690271989,2.1218702504
133450,1.3915212578122977,,0.0,1.3915212578122977,2.1293542822
133455,1.391518783134824,,0.0,1.391518783134824,2.1358736374
133460,1.3915163492010156,,0.0,1.3915163492010156,2.1424342581
133465,1.3915139603535291,,0.0,1.3915139603535291,2.1501807245
133470,1.3915116209122842,,0.0,1.3915116209122842,2.158848344
133475,1.391509335151728,,0.0,1.391509335151728,2.1647938672
133480,1.3915071072553615,,0.0,1.3915071072553615,2.1662606447
133485,1.391504941156586,,0.0,1.391504941156586,2.1652904109
133490,1.3915028406069108,,0.0,1.3915028406069108,2.1675673604
133495,1.3915008089485894,,0.0,1.3915008089485894,2.1647621744
133500,1.3914988492737752,,0.0,1.3914988492737752,2.1623516009
133505,1.3914969641971564,,0.0,1.3914969641971564,2.1624346764
133510,1.3914951559014295,,0.0,1.3914951559014295,2.1636048137
133515,1.391493426160035,,0.0,1.391493426160035,2.1692209952
133520,1.3914917761325307,,0.0,1.3914917761325307,2.1715983828
133525,1.3914902065237453,,0.0,1.3914902065237453,2.1723894154
133530,1.3914887174018886,,0.0,1.3914887174018886,2.1735644357
133535,1.3914873082440227,,0.0,1.3914873082440227,2.1747708883
133540,1.3914859778223805,,0.0,1.3914859778223805,2.1801805597
133545,1.3914847242725756,,0.0,1.3914847242725756,2.1884353744
133550,1.3914835448662382,,0.0,1.3914835448662382,2.1940056961
133555,1.3914824361929046,,0.0,1.3914824361929046,2.1986112136
133560,1.3914813940236008,,0.0,1.3914813940236008,2.1986478582
133565,1.3914804132426322,,0.0,1.3914804132426322,2.1990176357
133570,1.3914794879840024,,0.0,1.3914794879840024,2.2040669605
133575,1.3914786115177307,,0.0,1.3914786115177307,2.2110870143
133580,1.3914777763180621,,0.0,1.3914777763180621,2.213161319
133585,1.3914769741544126,,0.0,1.3914769741544126,2.2157386801
133590,1.3914761960913686,,0.0,1.3914761960913686,2.2188931661
133595,1.3914754326251066,,0.0,1.3914754326251066,2.2194238444
133600,1.3914746738425474,,0.0,1.3914746738425474,2.215735274
133605,1.3914739095123014,,0.0,1.3914739095123014,2.2091709146
133610,1.391473129266561,,0.0,1.391473129266561,2.1977110229
133615,1.391472322805728,,0.0,1.391472322805728,2.1834257208
133620,1.3914714800348313,,0.0,1.3914714800348313,2.1709143978
133625,1.3914705913591021,,0.0,1.3914705913591021,2.1633505045
133630,1.391469647774917,,0.0,1.391469647774917,2.1537460692
133635,1.3914686410971657,,0.0,1.3914686410971657,2.1420135444
133640,1.3914675641638752,,0.0,1.3914675641638752,2.1300489814
133645,1.3914664109271575,,0.0,1.3914664109271575,2.1233867297
133650,1.3914651766805737,,0.0,1.3914651766805737,2.1193374645
133655,1.3914638580136611,,0.0,1.3914638580136611,2.1166531248
133660,1.3914624530165598,,0.0,1.3914624530165598,2.1153313486
133665,1.3914609612800146,,0.0,1.3914609612800146,2.1137182736
133670,1.391459383804428,,0.0,1.391459383804428,2.1106316439
133675,1.391457723136279,,0.0,1.391457723136279,2.1056629989
133680,1.391455983140759,,0.0,1.391455983140759,2.0975901963
133685,1.3914541690017719,,0.0,1.3914541690017719,2.0884567946
133690,1.3914522870855155,,0.0,1.3914522870855155,2.0842787564
133695,1.391450344804063,,0.0,1.391450344804063,2.0813289428
133700,1.3914483503652617,,0.0,1.3914483503652617,2.0825728237
133705,1.3914463127727346,,0.0,1.3914463127727346,2.0882780741
133710,1.3914442414393595,,0.0,1.3914442414393595,2.0938202559
133715,1.3914421461417972,,0.0,1.3914421461417972,2.0985106907
133720,1.3914400367021815,,0.0,1.3914400367021815,2.1003781083
133725,1.3914379229199096,,0.0,1.3914379229199096,2.0997034392
133730,1.3914358142305956,,0.0,1.3914358142305956,2.0968539922
133735,1.3914337196378626,,0.0,1.3914337196378626,2.1003316021
133740,1.391431647531449,,0.0,1.391431647531449,2.1072096959
133745,1.3914296054825834,,0.0,1.3914296054825834,2.1124712528
133750,1.3914276001303005,,0.0,1.3914276001303005,2.1167041141
133755,1.3914256371814417,,0.0,1.3914256371814417,2.1203569531
133760,1.3914237211378182,,0.0,1.3914237211378182,2.1218083381
133765,1.3914218554098932,,0.0,1.3914218554098932,2.1229596922
133770,1.3914200421576266,,0.0,1.3914200421576266,2.1241018868
133775,1.3914182822677388,,0.0,1.3914182822677388,2.1277525692
133780,1.3914165754219199,,0.0,1.3914165754219199,2.1349446245
133785,1.3914149199604111,,0.0,1.3914149199604111,2.1432758174
133790,1.3914133128820048,,0.0,1.3914133128820048,2.1505267733
133795,1.3914117500032002,,0.0,1.3914117500032002,2.1561168939
133800,1.391410225889992,,0.0,1.391410225889992,2.1581232185
133805,1.391408734085238,,0.0,1.391408734085238,2.1569860698
133810,1.3914072670404452,,0.0,1.3914072670404452,2.1541076129
133815,1.3914058163886118,,0.0,1.3914058163886118,2.1531296315
133820,1.391404373012433,,0.0,1.391404373012433,2.1553532306
133825,1.3914029272261934,,0.0,1.3914029272261934,2.1562683297
133830,1.3914014689121863,,0.0,1.3914014689121863,2.1567777156
133835,1.3913999878844951,,0.0,1.3913999878844951,2.1576350864
133840,1.391398473866258,,0.0,1.391398473866258,2.1578754406
133845,1.3913969168989224,,0.0,1.3913969168989224,2.1579404651
133850,1.391395307478665,,0.0,1.391395307478665,2.1577421228
133855,1.3913936367610182,,0.0,1.3913936367610182,2.1556466904
133860,1.3913918967882346,,0.0,1.3913918967882346,2.1507726051
133865,1.3913900806939155,,0.0,1.3913900806939155,2.1464750147
133870,1.3913881827939554,,0.0,1.3913881827939554,2.1425318192
133875,1.3913861988139078,,0.0,1.3913861988139078,2.1413230362
133880,1.3913841258889832,,0.0,1.3913841258889832,2.1360518368
133885,1.391381962723206,,0.0,1.391381962723206,2.1268219812
133890,1.391379709475731,,0.0,1.391379709475731,2.1159111733
133895,1.391377367647162,,0.0,1.391377367647162,2.1034166842
133900,1.3913749398067143,,0.0,1.3913749398067143,2.0947679339
133905,1.3913724299787347,,0.0,1.3913724299787347,2.0926820929
133910,1.391369843529018,,0.0,1.391369843529018,2.0906005804
133915,1.3913671870056536,,0.0,1.3913671870056536,2.0867649129
133920,1.3913644680026056,,0.0,1.3913644680026056,2.0816557
133925,1.3913616947731953,,0.0,1.3913616947731953,2.0771386969
133930,1.3913588762073623,,0.0,1.3913588762073623,2.0749141255
133935,1.3913560215360936,,0.0,1.3913560215360936,2.0723036012
133940,1.3913531402632133,,0.0,1.3913531402632133,2.0688045405
133945,1.391350241847072,,0.0,1.391350241847072,2.062765568
133950,1.3913473357460202,,0.0,1.3913473357460202,2.0557672245
133955,1.3913444310091538,,0.0,1.3913444310091538,2.0495755263
133960,1.3913415363899946,,0.0,1.3913415363899946,2.0487753466
133965,1.391338660141863,,0.0,1.391338660141863,2.0463196891
133970,1.3913358099041966,,0.0,1.3913358099041966,2.045004506
133975,1.3913329926570759,,0.0,1.3913329926570759,2.0496488713
133980,1.39133021469849,,0.0,1.39133021469849,2.0542521153
133985,1.3913274818716985,,0.0,1.3913274818716985,2.0549533641
133990,1.3913247990650321,,0.0,1.3913247990650321,2.0560802441
133995,1.3913221699845273,,0.0,1.3913221699845273,2.0596296403
134000,1.391319597563182,,0.0,1.391319597563182,2.0626637804
134005,1.3913170837335924,,0.0,1.3913170837335924,2.0689125363
134010,1.3913146295416332,,0.0,1.3913146295416332,2.0774282538
134015,1.3913122349418325,,0.0,1.3913122349418325,2.0831553197
134020,1.3913098990247328,,0.0,1.3913098990247328,2.0860803403
134025,1.3913076198350018,,0.0,1.3913076198350018,2.0880720499
134030,1.3913053944396419,,0.0,1.3913053944396419,2.0871226957
134035,1.3913032191098798,,0.0,1.3913032191098798,2.0833058532
134040,1.391301089230222,,0.0,1.391301089230222,2.0805628034
134045,1.39129899945761,,0.0,1.39129899945761,2.0826406124
134050,1.3912969439260472,,0.0,1.3912969439260472,2.0874568233
134055,1.39129491617839,,0.0,1.39129491617839,2.0939161764
134060,1.391292909575604,,0.0,1.391292909575604,2.0988151035
134065,1.3912909172285535,,0.0,1.3912909172285535,2.1037834606
134070,1.391288932293576,,0.0,1.391288932293576,2.1085298381
134075,1.3912869481089005,,0.0,1.3912869481089005,2.1157326829
134080,1.3912849583538018,,0.0,1.3912849583538018,2.121870698
134085,1.391282957207757,,0.0,1.391282957207757,2.1244148605
134090,1.3912809394868613,,0.0,1.3912809394868613,2.1241641038
134095,1.3912789007120403,,0.0,1.3912789007120403,2.1230338441
134100,1.3912768373364122,,0.0,1.3912768373364122,2.1224477417
134105,1.3912747466316069,,0.0,1.3912747466316069,2.1195319519
134110,1.39127262684692,,0.0,1.39127262684692,2.1218133723
134115,1.3912704772093127,,0.0,1.3912704772093127,2.1253792554
134120,1.3912682978779405,,0.0,1.3912682978779405,2.128095775
134125,1.3912660898759424,,0.0,1.3912660898759424,2.1310920136
134130,1.3912638550677043,,0.0,1.3912638550677043,2.1322765564
134135,1.3912615959542327,,0.0,1.3912615959542327,2.1329261294
134140,1.3912593155367352,,0.0,1.3912593155367352,2.1337206673
134145,1.39125701738483,,0.0,1.39125701738483,2.1390678754
134150,1.3912547053637079,,0.0,1.3912547053637079,2.144764906
134155,1.3912523836568709,,0.0,1.3912523836568709,2.1501355974
134160,1.3912500566297115,,0.0,1.3912500566297115,2.1562779836
134165,1.3912477286021496,,0.0,1.3912477286021496,2.1610351905
134170,1.3912454037349504,,0.0,1.3912454037349504,2.1656197894
134175,1.3912430860297231,,0.0,1.3912430860297231,2.1717975919
134180,1.3912407791925052,,0.0,1.3912407791925052,2.1795436701
134185,1.3912384864973408,,0.0,1.3912384864973408,2.1836789219
134190,1.3912362108544918,,0.0,1.3912362108544918,2.1856032184
134195,1.3912339547422277,,0.0,1.3912339547422277,2.1893016632
134200,1.3912317201386173,,0.0,1.3912317201386173,2.1898793612
134205,1.3912295085897375,,0.0,1.3912295085897375,2.186357841
134210,1.3912273211641997,,0.0,1.3912273211641997,2.1801726019
134215,1.3912251586577784,,0.0,1.3912251586577784,2.169745093
134220,1.3912230213433114,,0.0,1.3912230213433114,2.1563593889
134225,1.3912209091525887,,0.0,1.3912209091525887,2.1450149651
134230,1.3912188217900372,,0.0,1.3912188217900372,2.1358812375
134235,1.3912167588009283,,0.0,1.3912167588009283,2.1265147349
134240,1.3912147195031697,,0.0,1.3912147195031697,2.1152805858
134245,1.3912127032146686,,0.0,1.3912127032146686,2.1060148374
134250,1.3912107092078594,,0.0,1.3912107092078594,2.0972163516
134255,1.3912087368915955,,0.0,1.3912087368915955,2.0892522621
134260,1.3912067857656751,,0.0,1.3912067857656751,2.0849147378
134265,1.3912048555345253,,0.0,1.3912048555345253,2.083241215
134270,1.391202946038991,,0.0,1.391202946038991,2.0815301632
134275,1.3912010576201184,,0.0,1.3912010576201184,2.078062701
134280,1.3911991908235815,,0.0,1.3911991908235815,2.0718892555
134285,1.3911973460586362,,0.0,1.3911973460586362,2.0623106808
134290,1.3911955239391656,,0.0,1.3911955239391656,2.0531895796
134295,1.3911937252836808,,0.0,1.3911937252836808,2.0503632929
134300,1.3911919509561659,,0.0,1.3911919509561659,2.049171068
134305,1.3911902019570235,,0.0,1.3911902019570235,2.0539636132
134310,1.3911884791275009,,0.0,1.3911884791275009,2.0603317846
134315,1.391186783308846,,0.0,1.391186783308846,2.0671456748
134320,1.3911851150694687,,0.0,1.3911851150694687,2.0717226642
134325,1.3911834747049432,,0.0,1.3911834747049432,2.072099894
134330,1.3911818621697962,,0.0,1.3911818621697962,2.0687993871
134335,1.3911802770320358,,0.0,1.3911802770320358,2.067088347
134340,1.3911787184049418,,0.0,1.3911787184049418,2.0731522707
134345,1.3911771848561194,,0.0,1.3911771848561194,2.0808852391
134350,1.3911756743847636,,0.0,1.3911756743847636,2.0855671082
134355,1.3911741846035506,,0.0,1.3911741846035506,2.0903386007
134360,1.3911727128295825,,0.0,1.3911727128295825,2.0932600057
134365,1.3911712560161795,,0.0,1.3911712560161795,2.0956590981
134370,1.3911698110711874,,0.0,1.3911698110711874,2.0958339766
134375,1.3911683747887718,,0.0,1.3911683747887718,2.0958826836
134380,1.3911669440995154,,0.0,1.3911669440995154,2.0958747862
134385,1.3911655161841023,,0.0,1.3911655161841023,2.1010218544
134390,1.3911640886097358,,0.0,1.3911640886097358,2.1097168003
134395,1.3911626594210833,,0.0,1.3911626594210833,2.1186563734
134400,1.3911612274131144,,0.0,1.3911612274131144,2.1244912382
134405,1.3911597920174192,,0.0,1.3911597920174192,2.1275341389
134410,1.3911583535977798,,0.0,1.3911583535977798,2.1272521599
134415,1.3911569133364905,,0.0,1.3911569133364905,2.1235243677
134420,1.3911554733707747,,0.0,1.3911554733707747,2.1224176028
134425,1.39115403670184,,0.0,1.39115403670184,2.1235363618
134430,1.3911526071948774,,0.0,1.3911526071948774,2.1235880031
134435,1.3911511895108537,,0.0,1.3911511895108537,2.1235407021
134440,1.3911497889473545,,0.0,1.3911497889473545,2.1240629016
134445,1.3911484113703763,,0.0,1.3911484113703763,2.1239407711
134450,1.3911470629642255,,0.0,1.3911470629642255,2.1253252992
134455,1.3911457500496271,,0.0,1.3911457500496271,2.1247288786
134460,1.391144478992779,,0.0,1.391144478992779,2.1228024076
134465,1.3911432558415684,,0.0,1.3911432558415684,2.1195311759
134470,1.3911420862118915,,0.0,1.3911420862118915,2.1126904613
134475,1.3911409751512338,,0.0,1.3911409751512338,2.1075348372
134480,1.391139926865833,,0.0,1.391139926865833,2.1053263026
134485,1.3911389446752063,,0.0,1.3911389446752063,2.1012727243
134490,1.391138030852996,,0.0,1.391138030852996,2.0955924087
134495,1.3911371865814957,,0.0,1.3911371865814957,2.0873975382
134500,1.391136411883442,,0.0,1.391136411883442,2.0784591582
134505,1.3911357056220137,,0.0,1.3911357056220137,2.0726894542
134510,1.3911350655008328,,0.0,1.3911350655008328,2.0721942032
134515,1.3911344882685905,,0.0,1.3911344882685905,2.0706352639
134520,1.3911339696281038,,0.0,1.3911339696281038,2.0651509484
134525,1.3911335044864144,,0.0,1.3911335044864144,2.0587025176
134530,1.3911330870684715,,0.0,1.3911330870684715,2.0523715922
134535,1.39113271105355,,0.0,1.39113271105355,2.0500623801
134540,1.3911323696889335,,0.0,1.3911323696889335,2.0488624267
134545,1.391132055994541,,0.0,1.391132055994541,2.044224627
134550,1.3911317628538722,,0.0,1.3911317628538722,2.0405557132
134555,1.3911314832868462,,0.0,1.3911314832868462,2.0355203539
134560,1.3911312104952738,,0.0,1.3911312104952738,2.030022159
134565,1.3911309374536007,,0.0,1.3911309374536007,2.0294777008
134570,1.3911306574773195,,0.0,1.3911306574773195,2.0298655633
134575,1.3911303640638135,,0.0,1.3911303640638135,2.0307669513
134580,1.3911300510969864,,0.0,1.3911300510969864,2.0346866725
134585,1.3911297126426316,,0.0,1.3911297126426316,2.0370333801
134590,1.3911293431985359,,0.0,1.3911293431985359,2.0377092669
134595,1.3911289375580589,,0.0,1.3911289375580589,2.0403517665
134600,1.391128490787397,,0.0,1.391128490787397,2.0429661307
134605,1.391127998407476,,0.0,1.391127998407476,2.0476106887
134610,1.3911274561893212,,0.0,1.3911274561893212,2.0543819558
134615,1.391126860290478,,0.0,1.391126860290478,2.0641506634
134620,1.3911262071868007,,0.0,1.3911262071868007,2.0713889088
134625,1.391125493695191,,0.0,1.391125493695191,2.0744898851
134630,1.3911247170645415,,0.0,1.3911247170645415,2.0745404094
134635,1.3911238747938461,,0.0,1.3911238747938461,2.0732727898
134640,1.3911229648595635,,0.0,1.3911229648595635,2.0713912453
134645,1.3911219855564625,,0.0,1.3911219855564625,2.0708459921
134650,1.391120935679512,,0.0,1.391120935679512,2.0753608547
134655,1.3911198143874652,,0.0,1.3911198143874652,2.078604761
134660,1.3911186213847482,,0.0,1.3911186213847482,2.0849178731
134665,1.3911173568077795,,0.0,1.3911173568077795,2.0927405379
134670,1.3911160213386522,,0.0,1.3911160213386522,2.0981256988
134675,1.3911146161369232,,0.0,1.3911146161369232,2.1050569688
134680,1.3911131429760335,,0.0,1.3911131429760335,2.1133394031
134685,1.3911116040841522,,0.0,1.3911116040841522,2.1193962843
134690,1.391110002348805,,0.0,1.391110002348805,2.1224901548
134695,1.3911083411349818,,0.0,1.3911083411349818,2.1239543108
134700,1.3911066243533472,,0.0,1.3911066243533472,2.1239340172
134705,1.3911048565284485,,0.0,1.3911048565284485,2.1223677006
134710,1.391103042639562,,0.0,1.391103042639562,2.1180780543
134715,1.3911011881889017,,0.0,1.3911011881889017,2.1192636283
134720,1.391099299224355,,0.0,1.391099299224355,2.1217044181
134725,1.391097382180329,,0.0,1.391097382180329,2.1247100204
134730,1.3910954439459593,,0.0,1.3910954439459593,2.1272799455
134735,1.3910934917969,,0.0,1.3910934917969,2.1262516443
134740,1.3910915331906974,,0.0,1.3910915331906974,2.1283964238
134745,1.3910895757440525,,0.0,1.3910895757440525,2.1297160334
134750,1.391087627141875,,0.0,1.391087627141875,2.1351601741
134755,1.3910856950008659,,0.0,1.3910856950008659,2.1416073721
134760,1.3910837867785708,,0.0,1.3910837867785708,2.1463202275
134765,1.3910819097279086,,0.0,1.3910819097279086,2.1487011621
134770,1.3910800706015953,,0.0,1.3910800706015953,2.1514959544
134775,1.3910782756976199,,0.0,1.3910782756976199,2.1571985043
134780,1.3910765307682968,,0.0,1.3910765307682968,2.1654113242
134785,1.391074841133948,,0.0,1.391074841133948,2.1725383321
134790,1.3910732109326025,,0.0,1.3910732109326025,2.1748189914
134795,1.391071643370095,,0.0,1.391071643370095,2.1774116447
134800,1.3910701407882773,,0.0,1.3910701407882773,2.1792339885
134805,1.3910687046195438,,0.0,1.3910687046195438,2.1781383498
134810,1.3910673352049405,,0.0,1.3910673352049405,2.1750028547
134815,1.3910660320897392,,0.0,1.3910660320897392,2.1684578668
134820,1.3910647938188092,,0.0,1.3910647938188092,2.1580319487
134825,1.3910636181185083,,0.0,1.3910636181185083,2.1459510121
134830,1.3910625019648923,,0.0,1.3910625019648923,2.1367716103
134835,1.3910614417201341,,0.0,1.3910614417201341,2.1273869204
134840,1.3910604331097869,,0.0,1.3910604331097869,2.1174891301
134845,1.3910594714728846,,0.0,1.3910594714728846,2.1047107419
134850,1.3910585518074141,,0.0,1.3910585518074141,2.0905014995
134855,1.3910576689294718,,0.0,1.3910576689294718,2.0824485832
134860,1.391056817655154,,0.0,1.391056817655154,2.0772863077
134865,1.3910559927778205,,0.0,1.3910559927778205,2.0722488367
134870,1.391055189272722,,0.0,1.391055189272722,2.0705265755
134875,1.391054402387947,,0.0,1.391054402387947,2.0698204089
134880,1.3910536275307384,,0.0,1.3910536275307384,2.0646323977
134885,1.3910528605630677,,0.0,1.3910528605630677,2.0589456151
134890,1.391052097551534,,0.0,1.391052097551534,2.0507497656
134895,1.3910513350629379,,0.0,1.3910513350629379,2.0450570779
134900,1.3910505698914444,,0.0,1.3910505698914444,2.0432176338
134905,1.3910497993314195,,0.0,1.3910497993314195,2.0399254547
134910,1.3910490209273292,,0.0,1.3910490209273292,2.0432713261
134915,1.3910482324055318,,0.0,1.3910482324055318,2.0491068997
134920,1.3910474318334316,,0.0,1.3910474318334316,2.0542749553
134925,1.391046617392115,,0.0,1.391046617392115,2.0590554995
134930,1.3910457874445594,,0.0,1.3910457874445594,2.0599014038
134935,1.3910449404901617,,0.0,1.3910449404901617,2.0561127836
134940,1.3910440750737905,,0.0,1.3910440750737905,2.0539524011
134945,1.391043189808524,,0.0,1.391043189808524,2.0608399092
134950,1.3910422833756502,,0.0,1.3910422833756502,2.0693757053
134955,1.3910413545019296,,0.0,1.3910413545019296,2.0762141537
134960,1.3910404019823317,,0.0,1.3910404019823317,2.0839414153
134965,1.3910394246800353,,0.0,1.3910394246800353,2.0882791794
134970,1.3910384216173748,,0.0,1.3910384216173748,2.0927980219
134975,1.3910373922032029,,0.0,1.3910373922032029,2.0956128375
134980,1.391036336232892,,0.0,1.391036336232892,2.096436268
134985,1.3910352534108683,,0.0,1.3910352534108683,2.1013460538
134990,1.3910341439190235,,0.0,1.3910341439190235,2.1078352491
134995,1.391033008371241,,0.0,1.391033008371241,2.1158588507
135000,1.3910318478816053,,0.0,1.3910318478816053,2.1242782075
