FoamFile
{
    version     2.0;
    format      ascii;
    class       dictionary;
    object      blockMeshDict;
}
// Generated by aether.cfd - do not edit by hand. Regenerate from the run config.

scale 1;

vertices
(
    (0 0 -0.03)
    (-0.172995604568 1.03549385966e-16 -0.03)
    (0 0 0)
    (-0.172995604568 1.03549385966e-16 0)
    (0.00519783246775 0.0588884955264 -0.03)
    (-0.169046724775 0.0742642013497 -0.03)
    (0.00519783246775 0.0588884955264 0)
    (-0.169046724775 0.0742642013497 0)
    (0.020629857618 0.115956183497 -0.03)
    (-0.15749385162 0.147638848875 -0.03)
    (0.020629857618 0.115956183497 0)
    (-0.15749385162 0.147638848875 0)
    (0.0458189529395 0.169438685089 -0.03)
    (-0.139113888097 0.219435908957 -0.03)
    (0.0458189529395 0.169438685089 0)
    (-0.139113888097 0.219435908957 0)
    (0.0799863702474 0.217682439918 -0.03)
    (-0.114922067938 0.289283517758 -0.03)
    (0.0799863702474 0.217682439918 0)
    (-0.114922067938 0.289283517758 0)
    (0.122076190358 0.259195319263 -0.03)
    (-0.0859223811949 0.357133357136 -0.03)
    (0.122076190358 0.259195319263 0)
    (-0.0859223811949 0.357133357136 0)
    (0.170381332501 0.29334141819 -0.03)
    (-0.0527008182354 0.423654856798 -0.03)
    (0.170381332501 0.29334141819 0)
    (-0.0527008182354 0.423654856798 0)
    (0.219836771949 0.325869473128 -0.03)
    (-0.0131751261258 0.493595038306 -0.03)
    (0.219836771949 0.325869473128 0)
    (-0.0131751261258 0.493595038306 0)
    (0.269292211396 0.358397528067 -0.03)
    (0.0334586544647 0.56799623431 -0.03)
    (0.269292211396 0.358397528067 0)
    (0.0334586544647 0.56799623431 0)
    (0.318747650844 0.390925583006 -0.03)
    (0.0872758190377 0.646685445281 -0.03)
    (0.318747650844 0.390925583006 0)
    (0.0872758190377 0.646685445281 0)
    (0.368203090292 0.423453637944 -0.03)
    (0.148228826433 0.729515943398 -0.03)
    (0.368203090292 0.423453637944 0)
    (0.148228826433 0.729515943398 0)
    (0.417658529739 0.455981692883 -0.03)
    (0.21619527278 0.816385316907 -0.03)
    (0.417658529739 0.455981692883 0)
    (0.21619527278 0.816385316907 0)
    (0.467113969187 0.488509747821 -0.03)
    (0.291021816605 0.907243629382 -0.03)
    (0.467113969187 0.488509747821 0)
    (0.291021816605 0.907243629382 0)
    (0.516569408635 0.52103780276 -0.03)
    (0.372558419185 1.00209449124 -0.03)
    (0.516569408635 0.52103780276 0)
    (0.372558419185 1.00209449124 0)
    (0.566024848082 0.553565857699 -0.03)
    (0.460681854957 1.10099214203 -0.03)
    (0.566024848082 0.553565857699 0)
    (0.460681854957 1.10099214203 0)
    (0.615727266244 0.585693092834 -0.03)
    (0.555697204099 1.20445294833 -0.03)
    (0.615727266244 0.585693092834 0)
    (0.555697204099 1.20445294833 0)
    (0.672549298973 0.6 -0.03)
    (0.672549298973 1.32828681176 -0.03)
    (0.672549298973 0.6 0)
    (0.672549298973 1.32828681176 0)
);

blocks
(
    hex (0 4 5 1 2 6 7 3) (4 48 1) simpleGrading (1 4 1)
    hex (4 8 9 5 6 10 11 7) (4 48 1) simpleGrading (1 4 1)
    hex (8 12 13 9 10 14 15 11) (4 48 1) simpleGrading (1 4 1)
    hex (12 16 17 13 14 18 19 15) (4 48 1) simpleGrading (1 4 1)
    hex (16 20 21 17 18 22 23 19) (4 48 1) simpleGrading (1 4 1)
    hex (20 24 25 21 22 26 27 23) (4 48 1) simpleGrading (1 4 1)
    hex (24 28 29 25 26 30 31 27) (4 48 1) simpleGrading (1 4 1)
    hex (28 32 33 29 30 34 35 31) (4 48 1) simpleGrading (1 4 1)
    hex (32 36 37 33 34 38 39 35) (4 48 1) simpleGrading (1 4 1)
    hex (36 40 41 37 38 42 43 39) (4 48 1) simpleGrading (1 4 1)
    hex (40 44 45 41 42 46 47 43) (4 48 1) simpleGrading (1 4 1)
    hex (44 48 49 45 46 50 51 47) (4 48 1) simpleGrading (1 4 1)
    hex (48 52 53 49 50 54 55 51) (4 48 1) simpleGrading (1 4 1)
    hex (52 56 57 53 54 58 59 55) (4 48 1) simpleGrading (1 4 1)
    hex (56 60 61 57 58 62 63 59) (4 48 1) simpleGrading (1 4 1)
    hex (60 64 65 61 62 66 67 63) (4 48 1) simpleGrading (1 4 1)
);

edges
(
    polyLine 0 4 ((1.50989260557e-06 0.00100760189924 -0.03) (6.03955686048e-06 0.0020151947482 -0.03) (1.35889520792e-05 0.00302276949668 -0.03) (2.41580104531e-05 0.00403031709463 -0.03) (3.77466370509e-05 0.00503782849227 -0.03) (5.43547098194e-05 0.00604529464011 -0.03) (7.39820795849e-05 0.0070527064891 -0.03) (9.66285700544e-05 0.00806005499067 -0.03) (0.000122293977817 0.0090673310968 -0.03) (0.000150978072346 0.0100745257601 -0.03) (0.000182680596 0.0110816299341 -0.03) (0.000217401264029 0.0120886345727 -0.03) (0.000255139764569 0.0130955306313 -0.03) (0.000295895758655 0.0141023090657 -0.03) (0.000339668880216 0.0151089608332 -0.03) (0.00038645873608 0.016115476892 -0.03) (0.000436264905983 0.0171218482015 -0.03) (0.000489086942564 0.0181280657225 -0.03) (0.000544924371376 0.0191341204171 -0.03) (0.000603776690888 0.0201400032491 -0.03) (0.000665643372486 0.0211457051835 -0.03) (0.000730523860486 0.0221512171871 -0.03) (0.000798417572129 0.0231565302284 -0.03) (0.000869323897594 0.0241616352777 -0.03) (0.000943242200002 0.0251665233072 -0.03) (0.00102017181542 0.0261711852908 -0.03) (0.00110011205286 0.0271756122048 -0.03) (0.0011830621943 0.0281797950274 -0.03) (0.00126902149468 0.029183724739 -0.03) (0.00135798918192 0.0301873923223 -0.03) (0.00144996445691 0.0311907887624 -0.03) (0.00154494649353 0.0321939050467 -0.03) (0.00164293443865 0.0331967321653 -0.03) (0.00174392741213 0.0341992611107 -0.03) (0.00184792450687 0.0352014828783 -0.03) (0.00195492478875 0.0362033884661 -0.03) (0.0020649272967 0.0372049688749 -0.03) (0.00217793104269 0.0382062151086 -0.03) (0.0022939350117 0.039207118174 -0.03) (0.00241293816179 0.040207669081 -0.03) (0.00253493942408 0.0412078588425 -0.03) (0.00265993770275 0.042207678475 -0.03) (0.00278793187506 0.043207118998 -0.03) (0.00291892079137 0.0442061714345 -0.03) (0.00305290327514 0.0452048268111 -0.03) (0.00318987812293 0.0462030761578 -0.03) (0.00332984410444 0.0472009105083 -0.03) (0.00347279996249 0.0481983209002 -0.03) (0.00361874441306 0.0491952983746 -0.03) (0.00376767614526 0.0501918339767 -0.03) (0.0039195938214 0.0511879187557 -0.03) (0.00407449607695 0.0521835437646 -0.03) (0.00423238152057 0.0531787000607 -0.03) (0.00439324873415 0.0541733787057 -0.03) (0.00455709627276 0.0551675707652 -0.03) (0.00472392266474 0.0561612673095 -0.03) (0.00489372641164 0.0571544594131 -0.03) (0.00506650598828 0.0581471381552 -0.03))
    polyLine 2 6 ((1.50989260557e-06 0.00100760189924 0) (6.03955686048e-06 0.0020151947482 0) (1.35889520792e-05 0.00302276949668 0) (2.41580104531e-05 0.00403031709463 0) (3.77466370509e-05 0.00503782849227 0) (5.43547098194e-05 0.00604529464011 0) (7.39820795849e-05 0.0070527064891 0) (9.66285700544e-05 0.00806005499067 0) (0.000122293977817 0.0090673310968 0) (0.000150978072346 0.0100745257601 0) (0.000182680596 0.0110816299341 0) (0.000217401264029 0.0120886345727 0) (0.000255139764569 0.0130955306313 0) (0.000295895758655 0.0141023090657 0) (0.000339668880216 0.0151089608332 0) (0.00038645873608 0.016115476892 0) (0.000436264905983 0.0171218482015 0) (0.000489086942564 0.0181280657225 0) (0.000544924371376 0.0191341204171 0) (0.000603776690888 0.0201400032491 0) (0.000665643372486 0.0211457051835 0) (0.000730523860486 0.0221512171871 0) (0.000798417572129 0.0231565302284 0) (0.000869323897594 0.0241616352777 0) (0.000943242200002 0.0251665233072 0) (0.00102017181542 0.0261711852908 0) (0.00110011205286 0.0271756122048 0) (0.0011830621943 0.0281797950274 0) (0.00126902149468 0.029183724739 0) (0.00135798918192 0.0301873923223 0) (0.00144996445691 0.0311907887624 0) (0.00154494649353 0.0321939050467 0) (0.00164293443865 0.0331967321653 0) (0.00174392741213 0.0341992611107 0) (0.00184792450687 0.0352014828783 0) (0.00195492478875 0.0362033884661 0) (0.0020649272967 0.0372049688749 0) (0.00217793104269 0.0382062151086 0) (0.0022939350117 0.039207118174 0) (0.00241293816179 0.040207669081 0) (0.00253493942408 0.0412078588425 0) (0.00265993770275 0.042207678475 0) (0.00278793187506 0.043207118998 0) (0.00291892079137 0.0442061714345 0) (0.00305290327514 0.0452048268111 0) (0.00318987812293 0.0462030761578 0) (0.00332984410444 0.0472009105083 0) (0.00347279996249 0.0481983209002 0) (0.00361874441306 0.0491952983746 0) (0.00376767614526 0.0501918339767 0) (0.0039195938214 0.0511879187557 0) (0.00407449607695 0.0521835437646 0) (0.00423238152057 0.0531787000607 0) (0.00439324873415 0.0541733787057 0) (0.00455709627276 0.0551675707652 0) (0.00472392266474 0.0561612673095 0) (0.00489372641164 0.0571544594131 0) (0.00506650598828 0.0581471381552 0))
    polyLine 1 5 ((-0.172988704181 0.00310081764688 -0.03) (-0.172968003963 0.00620156687127 -0.03) (-0.172933506751 0.00930217928066 -0.03) (-0.172885217267 0.0124025865426 -0.03) (-0.172823142118 0.0155027204145 -0.03) (-0.172747289792 0.0186025127737 -0.03) (-0.172657670649 0.021701895647 -0.03) (-0.172554296916 0.0248008012401 -0.03) (-0.17243718268 0.0278991619676 -0.03) (-0.172306343874 0.0309969104816 -0.03) (-0.17216179827 0.034093979701 -0.03) (-0.172003565462 0.0371903028403 -0.03) (-0.171831666859 0.040285813438 -0.03) (-0.171646125662 0.0433804453845 -0.03) (-0.171446966857 0.0464741329505 -0.03) (-0.171234217189 0.049566810814 -0.03) (-0.171007905151 0.0526584140875 -0.03) (-0.17076806096 0.0557488783451 -0.03) (-0.170514716538 0.0588381396483 -0.03) (-0.17024790549 0.061926134572 -0.03) (-0.169967663083 0.06501280023 -0.03) (-0.16967402622 0.0680980742999 -0.03) (-0.169367033416 0.0711818950472 -0.03))
    polyLine 3 7 ((-0.172988704181 0.00310081764688 0) (-0.172968003963 0.00620156687127 0) (-0.172933506751 0.00930217928066 0) (-0.172885217267 0.0124025865426 0) (-0.172823142118 0.0155027204145 0) (-0.172747289792 0.0186025127737 0) (-0.172657670649 0.021701895647 0) (-0.172554296916 0.0248008012401 0) (-0.17243718268 0.0278991619676 0) (-0.172306343874 0.0309969104816 0) (-0.17216179827 0.034093979701 0) (-0.172003565462 0.0371903028403 0) (-0.171831666859 0.040285813438 0) (-0.171646125662 0.0433804453845 0) (-0.171446966857 0.0464741329505 0) (-0.171234217189 0.049566810814 0) (-0.171007905151 0.0526584140875 0) (-0.17076806096 0.0557488783451 0) (-0.170514716538 0.0588381396483 0) (-0.17024790549 0.061926134572 0) (-0.169967663083 0.06501280023 0) (-0.16967402622 0.0680980742999 0) (-0.169367033416 0.0711818950472 0))
    polyLine 4 8 ((0.00524225984277 0.0591392946196 -0.03) (0.00542098639648 0.0601309198946 -0.03) (0.00560268404408 0.0611220050736 -0.03) (0.00578735115358 0.0621125412546 -0.03) (0.00597498606628 0.0631025195405 -0.03) (0.00616558709685 0.0640919310395 -0.03) (0.00635915253331 0.0650807668646 -0.03) (0.00655568063706 0.066069018134 -0.03) (0.00675516964288 0.0670566759714 -0.03) (0.00695761775896 0.0680437315055 -0.03) (0.00716302316691 0.0690301758706 -0.03) (0.00737138402178 0.0700160002065 -0.03) (0.00758269845207 0.0710011956586 -0.03) (0.00779696455975 0.0719857533777 -0.03) (0.00801418042029 0.0729696645205 -0.03) (0.00823434408265 0.0739529202497 -0.03) (0.00845745356932 0.0749355117335 -0.03) (0.00868350687633 0.0759174301464 -0.03) (0.00891250197327 0.0768986666687 -0.03) (0.00914443680331 0.077879212487 -0.03) (0.0093793092832 0.078859058794 -0.03) (0.00961711730332 0.0798381967887 -0.03) (0.00985785872768 0.0808166176765 -0.03) (0.0101015313939 0.0817943126692 -0.03) (0.0103481331134 0.0827712729853 -0.03) (0.0105976616712 0.0837474898495 -0.03) (0.0108501148259 0.0847229544936 -0.03) (0.0111054903101 0.0856976581558 -0.03) (0.0113637858299 0.0866715920815 -0.03) (0.0116249990654 0.0876447475227 -0.03) (0.0118891276704 0.0886171157385 -0.03) (0.0121561692723 0.0895886879952 -0.03) (0.0124261214728 0.090559455566 -0.03) (0.012698981847 0.0915294097316 -0.03) (0.0129747479441 0.0924985417798 -0.03) (0.0132534172872 0.0934668430058 -0.03) (0.0135349873733 0.0944343047125 -0.03) (0.0138194556733 0.0954009182099 -0.03) (0.0141068196322 0.096366674816 -0.03) (0.0143970766687 0.0973315658564 -0.03) (0.0146902241759 0.0982955826645 -0.03) (0.0149862595207 0.0992587165813 -0.03) (0.015285180044 0.100220958956 -0.03) (0.0155869830611 0.101182301146 -0.03) (0.015891665861 0.102142734516 -0.03) (0.0161992257072 0.10310225044 -0.03) (0.0165096598371 0.104060840299 -0.03) (0.0168229654623 0.105018495484 -0.03) (0.0171391397689 0.105975207392 -0.03) (0.0174581799169 0.10693096743 -0.03) (0.0177800830407 0.107885767014 -0.03) (0.0181048462489 0.108839597568 -0.03) (0.0184324666246 0.109792450525 -0.03) (0.018762941225 0.110744317325 -0.03) (0.0190962670819 0.11169518942 -0.03) (0.0194324412012 0.112645058268 -0.03) (0.0197714605635 0.113593915338 -0.03) (0.0201133221237 0.114541752107 -0.03) (0.0204580228112 0.115488560062 -0.03))
    polyLine 6 10 ((0.00524225984277 0.0591392946196 0) (0.00542098639648 0.0601309198946 0) (0.00560268404408 0.0611220050736 0) (0.00578735115358 0.0621125412546 0) (0.00597498606628 0.0631025195405 0) (0.00616558709685 0.0640919310395 0) (0.00635915253331 0.0650807668646 0) (0.00655568063706 0.066069018134 0) (0.00675516964288 0.0670566759714 0) (0.00695761775896 0.0680437315055 0) (0.00716302316691 0.0690301758706 0) (0.00737138402178 0.0700160002065 0) (0.00758269845207 0.0710011956586 0) (0.00779696455975 0.0719857533777 0) (0.00801418042029 0.0729696645205 0) (0.00823434408265 0.0739529202497 0) (0.00845745356932 0.0749355117335 0) (0.00868350687633 0.0759174301464 0) (0.00891250197327 0.0768986666687 0) (0.00914443680331 0.077879212487 0) (0.0093793092832 0.078859058794 0) (0.00961711730332 0.0798381967887 0) (0.00985785872768 0.0808166176765 0) (0.0101015313939 0.0817943126692 0) (0.0103481331134 0.0827712729853 0) (0.0105976616712 0.0837474898495 0) (0.0108501148259 0.0847229544936 0) (0.0111054903101 0.0856976581558 0) (0.0113637858299 0.0866715920815 0) (0.0116249990654 0.0876447475227 0) (0.0118891276704 0.0886171157385 0) (0.0121561692723 0.0895886879952 0) (0.0124261214728 0.090559455566 0) (0.012698981847 0.0915294097316 0) (0.0129747479441 0.0924985417798 0) (0.0132534172872 0.0934668430058 0) (0.0135349873733 0.0944343047125 0) (0.0138194556733 0.0954009182099 0) (0.0141068196322 0.096366674816 0) (0.0143970766687 0.0973315658564 0) (0.0146902241759 0.0982955826645 0) (0.0149862595207 0.0992587165813 0) (0.015285180044 0.100220958956 0) (0.0155869830611 0.101182301146 0) (0.015891665861 0.102142734516 0) (0.0161992257072 0.10310225044 0) (0.0165096598371 0.104060840299 0) (0.0168229654623 0.105018495484 0) (0.0171391397689 0.105975207392 0) (0.0174581799169 0.10693096743 0) (0.0177800830407 0.107885767014 0) (0.0181048462489 0.108839597568 0) (0.0184324666246 0.109792450525 0) (0.018762941225 0.110744317325 0) (0.0190962670819 0.11169518942 0) (0.0194324412012 0.112645058268 0) (0.0197714605635 0.113593915338 0) (0.0201133221237 0.114541752107 0) (0.0204580228112 0.115488560062 0))
    polyLine 5 9 ((-0.168713143182 0.0773449216418 -0.03) (-0.168366330705 0.080424007185 -0.03) (-0.168006332045 0.0835013988313 -0.03) (-0.167633193377 0.0865770381348 -0.03) (-0.167246962325 0.0896508673722 -0.03) (-0.166847687926 0.0927228295639 -0.03) (-0.166435420603 0.0957928684933 -0.03) (-0.166010212132 0.0988609287262 -0.03) (-0.16557211561 0.101926955629 -0.03) (-0.165121185419 0.104990895387 -0.03) (-0.164657477197 0.108052695021 -0.03) (-0.164181047801 0.111112302405 -0.03) (-0.163691955274 0.114169666281 -0.03) (-0.163190258811 0.117224736274 -0.03) (-0.162676018719 0.120277462907 -0.03) (-0.162149296389 0.123327797615 -0.03) (-0.161610154252 0.126375692758 -0.03) (-0.161058655752 0.129421101635 -0.03) (-0.160494865299 0.13246397849 -0.03) (-0.159918848242 0.135504278532 -0.03) (-0.159330670829 0.138541957938 -0.03) (-0.158730400167 0.141576973866 -0.03) (-0.15811810419 0.144609284463 -0.03))
    polyLine 7 11 ((-0.168713143182 0.0773449216418 0) (-0.168366330705 0.080424007185 0) (-0.168006332045 0.0835013988313 0) (-0.167633193377 0.0865770381348 0) (-0.167246962325 0.0896508673722 0) (-0.166847687926 0.0927228295639 0) (-0.166435420603 0.0957928684933 0) (-0.166010212132 0.0988609287262 0) (-0.16557211561 0.101926955629 0) (-0.165121185419 0.104990895387 0) (-0.164657477197 0.108052695021 0) (-0.164181047801 0.111112302405 0) (-0.163691955274 0.114169666281 0) (-0.163190258811 0.117224736274 0) (-0.162676018719 0.120277462907 0) (-0.162149296389 0.123327797615 0) (-0.161610154252 0.126375692758 0) (-0.161058655752 0.129421101635 0) (-0.160494865299 0.13246397849 0) (-0.159918848242 0.135504278532 0) (-0.159330670829 0.138541957938 0) (-0.158730400167 0.141576973866 0) (-0.15811810419 0.144609284463 0))
    polyLine 8 12 ((0.0208055595299 0.116434330698 -0.03) (0.0211559291582 0.117379055521 -0.03) (0.0215091285492 0.118322726044 -0.03) (0.0218651545303 0.119265333793 -0.03) (0.0222240039037 0.1202068703 -0.03) (0.0225856734463 0.121147327109 -0.03) (0.0229501599095 0.122086695772 -0.03) (0.0233174600195 0.123024967852 -0.03) (0.0236875704772 0.123962134922 -0.03) (0.0240604879584 0.124898188563 -0.03) (0.0244362091133 0.125833120368 -0.03) (0.0248147305674 0.12676692194 -0.03) (0.0251960489208 0.127699584892 -0.03) (0.0255801607483 0.128631100845 -0.03) (0.0259670626 0.129561461433 -0.03) (0.0263567510007 0.1304906583 -0.03) (0.0267492224502 0.1314186831 -0.03) (0.0271444734233 0.132345527496 -0.03) (0.0275425003699 0.133271183165 -0.03) (0.027943299715 0.134195641791 -0.03) (0.0283468678584 0.135118895072 -0.03) (0.0287532011754 0.136040934715 -0.03) (0.0291622960162 0.136961752437 -0.03) (0.0295741487065 0.137881339969 -0.03) (0.0299887555469 0.138799689051 -0.03) (0.0304061128134 0.139716791433 -0.03) (0.0308262167574 0.140632638878 -0.03) (0.0312490636054 0.141547223161 -0.03) (0.0316746495594 0.142460536066 -0.03) (0.0321029707969 0.14337256939 -0.03) (0.0325340234706 0.144283314942 -0.03) (0.0329678037088 0.14519276454 -0.03) (0.0334043076154 0.146100910017 -0.03) (0.0338435312696 0.147007743215 -0.03) (0.0342854707263 0.147913255989 -0.03) (0.034730122016 0.148817440205 -0.03) (0.0351774811449 0.149720287743 -0.03) (0.0356275440948 0.150621790493 -0.03) (0.0360803068232 0.151521940358 -0.03) (0.0365357652634 0.152420729252 -0.03) (0.0369939153244 0.153318149103 -0.03) (0.0374547528913 0.15421419185 -0.03) (0.0379182738246 0.155108849445 -0.03) (0.0383844739612 0.156002113851 -0.03) (0.0388533491135 0.156893977046 -0.03) (0.0393248950701 0.157784431019 -0.03) (0.0397991075956 0.158673467772 -0.03) (0.0402759824306 0.159561079319 -0.03) (0.0407555152919 0.160447257688 -0.03) (0.0412377018723 0.16133199492 -0.03) (0.0417225378407 0.162215283067 -0.03) (0.0422100188423 0.163097114196 -0.03) (0.0427001404987 0.163977480386 -0.03) (0.0431928984076 0.164856373731 -0.03) (0.0436882881429 0.165733786334 -0.03) (0.0441863052551 0.166609710317 -0.03) (0.044686945271 0.16748413781 -0.03) (0.0451902036938 0.168357060961 -0.03) (0.0456960760033 0.169228471928 -0.03))
    polyLine 10 14 ((0.0208055595299 0.116434330698 0) (0.0211559291582 0.117379055521 0) (0.0215091285492 0.118322726044 0) (0.0218651545303 0.119265333793 0) (0.0222240039037 0.1202068703 0) (0.0225856734463 0.121147327109 0) (0.0229501599095 0.122086695772 0) (0.0233174600195 0.123024967852 0) (0.0236875704772 0.123962134922 0) (0.0240604879584 0.124898188563 0) (0.0244362091133 0.125833120368 0) (0.0248147305674 0.12676692194 0) (0.0251960489208 0.127699584892 0) (0.0255801607483 0.128631100845 0) (0.0259670626 0.129561461433 0) (0.0263567510007 0.1304906583 0) (0.0267492224502 0.1314186831 0) (0.0271444734233 0.132345527496 0) (0.0275425003699 0.133271183165 0) (0.027943299715 0.134195641791 0) (0.0283468678584 0.135118895072 0) (0.0287532011754 0.136040934715 0) (0.0291622960162 0.136961752437 0) (0.0295741487065 0.137881339969 0) (0.0299887555469 0.138799689051 0) (0.0304061128134 0.139716791433 0) (0.0308262167574 0.140632638878 0) (0.0312490636054 0.141547223161 0) (0.0316746495594 0.142460536066 0) (0.0321029707969 0.14337256939 0) (0.0325340234706 0.144283314942 0) (0.0329678037088 0.14519276454 0) (0.0334043076154 0.146100910017 0) (0.0338435312696 0.147007743215 0) (0.0342854707263 0.147913255989 0) (0.034730122016 0.148817440205 0) (0.0351774811449 0.149720287743 0) (0.0356275440948 0.150621790493 0) (0.0360803068232 0.151521940358 0) (0.0365357652634 0.152420729252 0) (0.0369939153244 0.153318149103 0) (0.0374547528913 0.15421419185 0) (0.0379182738246 0.155108849445 0) (0.0383844739612 0.156002113851 0) (0.0388533491135 0.156893977046 0) (0.0393248950701 0.157784431019 0) (0.0397991075956 0.158673467772 0) (0.0402759824306 0.159561079319 0) (0.0407555152919 0.160447257688 0) (0.0412377018723 0.16133199492 0) (0.0417225378407 0.162215283067 0) (0.0422100188423 0.163097114196 0) (0.0427001404987 0.163977480386 0) (0.0431928984076 0.164856373731 0) (0.0436882881429 0.165733786334 0) (0.0441863052551 0.166609710317 0) (0.044686945271 0.16748413781 0) (0.0451902036938 0.168357060961 0) (0.0456960760033 0.169228471928 0))
    polyLine 9 13 ((-0.156857715941 0.150665608351 -0.03) (-0.156209763478 0.153689542992 -0.03) (-0.155550065094 0.156710614982 -0.03) (-0.154878692296 0.159728787529 -0.03) (-0.154195717194 0.162744024872 -0.03) (-0.153501212467 0.165756292283 -0.03) (-0.152795251327 0.168765556074 -0.03) (-0.152077907481 0.171771783598 -0.03) (-0.151349255099 0.174774943251 -0.03) (-0.150609368775 0.177775004479 -0.03) (-0.149858323493 0.180771937771 -0.03) (-0.149096194594 0.18376571467 -0.03) (-0.148323057739 0.186756307765 -0.03) (-0.147538988878 0.189743690695 -0.03) (-0.146744064214 0.192727838149 -0.03) (-0.145938360168 0.195708725861 -0.03) (-0.145121953353 0.198686330612 -0.03) (-0.144294920533 0.201660630228 -0.03) (-0.1434573386 0.204631603572 -0.03) (-0.142609284534 0.207599230548 -0.03) (-0.14175083538 0.210563492095 -0.03) (-0.14088206821 0.213524370179 -0.03) (-0.1400030601 0.216481847794 -0.03))
    polyLine 11 15 ((-0.156857715941 0.150665608351 0) (-0.156209763478 0.153689542992 0) (-0.155550065094 0.156710614982 0) (-0.154878692296 0.159728787529 0) (-0.154195717194 0.162744024872 0) (-0.153501212467 0.165756292283 0) (-0.152795251327 0.168765556074 0) (-0.152077907481 0.171771783598 0) (-0.151349255099 0.174774943251 0) (-0.150609368775 0.177775004479 0) (-0.149858323493 0.180771937771 0) (-0.149096194594 0.18376571467 0) (-0.148323057739 0.186756307765 0) (-0.147538988878 0.189743690695 0) (-0.146744064214 0.192727838149 0) (-0.145938360168 0.195708725861 0) (-0.145121953353 0.198686330612 0) (-0.144294920533 0.201660630228 0) (-0.1434573386 0.204631603572 0) (-0.142609284534 0.207599230548 0) (-0.14175083538 0.210563492095 0) (-0.14088206821 0.213524370179 0) (-0.1400030601 0.216481847794 0))
    polyLine 12 16 ((0.0462045576558 0.170098362885 -0.03) (0.046715644084 0.170966726017 -0.03) (0.0472293306974 0.171833553526 -0.03) (0.0477456128821 0.172698837626 -0.03) (0.0482644860007 0.173562570544 -0.03) (0.0487859453928 0.174424744523 -0.03) (0.0493099863746 0.175285351818 -0.03) (0.0498366042392 0.1761443847 -0.03) (0.0503657942565 0.177001835452 -0.03) (0.0508975516733 0.177857696373 -0.03) (0.0514318717134 0.178711959776 -0.03) (0.0519687495775 0.179564617988 -0.03) (0.0525081804434 0.18041566335 -0.03) (0.0530501594658 0.181265088218 -0.03) (0.0535946817768 0.182112884963 -0.03) (0.0541417424855 0.182959045969 -0.03) (0.054691336678 0.183803563636 -0.03) (0.0552434594181 0.18464643038 -0.03) (0.0557981057464 0.185487638628 -0.03) (0.0563552706813 0.186327180826 -0.03) (0.0569149492181 0.187165049433 -0.03) (0.05747713633 0.188001236923 -0.03) (0.0580418269673 0.188835735786 -0.03) (0.0586090160579 0.189668538525 -0.03) (0.0591786985074 0.190499637661 -0.03) (0.0597508691989 0.191329025729 -0.03) (0.0603255229932 0.192156695279 -0.03) (0.0609026547287 0.192982638877 -0.03) (0.0614822592215 0.193806849104 -0.03) (0.0620643312658 0.194629318558 -0.03) (0.0626488656333 0.195450039851 -0.03) (0.0632358570737 0.196269005611 -0.03) (0.0638253003147 0.197086208482 -0.03) (0.0644171900619 0.197901641124 -0.03) (0.0650115209989 0.198715296214 -0.03) (0.0656082877875 0.199527166442 -0.03) (0.0662074850675 0.200337244516 -0.03) (0.0668091074569 0.201145523161 -0.03) (0.0674131495519 0.201951995116 -0.03) (0.0680196059271 0.202756653138 -0.03) (0.0686284711352 0.203559489999 -0.03) (0.0692397397074 0.204360498488 -0.03) (0.0698534061532 0.205159671411 -0.03) (0.0704694649608 0.205957001589 -0.03) (0.0710879105967 0.206752481861 -0.03) (0.0717087375061 0.207546105081 -0.03) (0.0723319401125 0.208337864122 -0.03) (0.0729575128185 0.209127751871 -0.03) (0.0735854500051 0.209915761234 -0.03) (0.0742157460323 0.210701885134 -0.03) (0.0748483952386 0.211486116508 -0.03) (0.0754833919416 0.212268448314 -0.03) (0.0761207304379 0.213048873524 -0.03) (0.0767604050027 0.213827385129 -0.03) (0.0774024098906 0.214603976135 -0.03) (0.0780467393351 0.215378639568 -0.03) (0.0786933875487 0.216151368469 -0.03) (0.0793423487234 0.216922155898 -0.03))
    polyLine 14 18 ((0.0462045576558 0.170098362885 0) (0.046715644084 0.170966726017 0) (0.0472293306974 0.171833553526 0) (0.0477456128821 0.172698837626 0) (0.0482644860007 0.173562570544 0) (0.0487859453928 0.174424744523 0) (0.0493099863746 0.175285351818 0) (0.0498366042392 0.1761443847 0) (0.0503657942565 0.177001835452 0) (0.0508975516733 0.177857696373 0) (0.0514318717134 0.178711959776 0) (0.0519687495775 0.179564617988 0) (0.0525081804434 0.18041566335 0) (0.0530501594658 0.181265088218 0) (0.0535946817768 0.182112884963 0) (0.0541417424855 0.182959045969 0) (0.054691336678 0.183803563636 0) (0.0552434594181 0.18464643038 0) (0.0557981057464 0.185487638628 0) (0.0563552706813 0.186327180826 0) (0.0569149492181 0.187165049433 0) (0.05747713633 0.188001236923 0) (0.0580418269673 0.188835735786 0) (0.0586090160579 0.189668538525 0) (0.0591786985074 0.190499637661 0) (0.0597508691989 0.191329025729 0) (0.0603255229932 0.192156695279 0) (0.0609026547287 0.192982638877 0) (0.0614822592215 0.193806849104 0) (0.0620643312658 0.194629318558 0) (0.0626488656333 0.195450039851 0) (0.0632358570737 0.196269005611 0) (0.0638253003147 0.197086208482 0) (0.0644171900619 0.197901641124 0) (0.0650115209989 0.198715296214 0) (0.0656082877875 0.199527166442 0) (0.0662074850675 0.200337244516 0) (0.0668091074569 0.201145523161 0) (0.0674131495519 0.201951995116 0) (0.0680196059271 0.202756653138 0) (0.0686284711352 0.203559489999 0) (0.0692397397074 0.204360498488 0) (0.0698534061532 0.205159671411 0) (0.0704694649608 0.205957001589 0) (0.0710879105967 0.206752481861 0) (0.0717087375061 0.207546105081 0) (0.0723319401125 0.208337864122 0) (0.0729575128185 0.209127751871 0) (0.0735854500051 0.209915761234 0) (0.0742157460323 0.210701885134 0) (0.0748483952386 0.211486116508 0) (0.0754833919416 0.212268448314 0) (0.0761207304379 0.213048873524 0) (0.0767604050027 0.213827385129 0) (0.0774024098906 0.214603976135 0) (0.0780467393351 0.215378639568 0) (0.0786933875487 0.216151368469 0) (0.0793423487234 0.216922155898 0))
    polyLine 13 17 ((-0.138214637784 0.222386510675 -0.03) (-0.137305377663 0.225333667077 -0.03) (-0.136386184524 0.228277365211 -0.03) (-0.135457135017 0.231217593121 -0.03) (-0.134518305627 0.234154339844 -0.03) (-0.133569772645 0.237087595401 -0.03) (-0.132611612147 0.240017350792 -0.03) (-0.131643899965 0.242943597986 -0.03) (-0.130666711666 0.245866329915 -0.03) (-0.129680122528 0.248785540467 -0.03) (-0.128684207515 0.251701224473 -0.03) (-0.127679041258 0.254613377706 -0.03) (-0.126664698031 0.257521996865 -0.03) (-0.125641251729 0.260427079572 -0.03) (-0.124608775852 0.263328624357 -0.03) (-0.123567343481 0.266226630656 -0.03) (-0.12251702726 0.269121098795 -0.03) (-0.121457899378 0.272012029985 -0.03) (-0.12039003155 0.274899426308 -0.03) (-0.119313494999 0.277783290712 -0.03) (-0.118228360442 0.280663626998 -0.03) (-0.117134698071 0.283540439812 -0.03) (-0.116032577537 0.286413734631 -0.03))
    polyLine 15 19 ((-0.138214637784 0.222386510675 0) (-0.137305377663 0.225333667077 0) (-0.136386184524 0.228277365211 0) (-0.135457135017 0.231217593121 0) (-0.134518305627 0.234154339844 0) (-0.133569772645 0.237087595401 0) (-0.132611612147 0.240017350792 0) (-0.131643899965 0.242943597986 0) (-0.130666711666 0.245866329915 0) (-0.129680122528 0.248785540467 0) (-0.128684207515 0.251701224473 0) (-0.127679041258 0.254613377706 0) (-0.126664698031 0.257521996865 0) (-0.125641251729 0.260427079572 0) (-0.124608775852 0.263328624357 0) (-0.123567343481 0.266226630656 0) (-0.12251702726 0.269121098795 0) (-0.121457899378 0.272012029985 0) (-0.12039003155 0.274899426308 0) (-0.119313494999 0.277783290712 0) (-0.118228360442 0.280663626998 0) (-0.117134698071 0.283540439812 0) (-0.116032577537 0.286413734631 0))
    polyLine 16 20 ((0.0799936170301 0.217690994932 -0.03) (0.0806471866191 0.218457878665 -0.03) (0.0813030516201 0.219222800208 -0.03) (0.081961206142 0.219985752692 -0.03) (0.0826216442735 0.220746729263 -0.03) (0.0832843600822 0.221505723086 -0.03) (0.0839493476159 0.222262727344 -0.03) (0.0846166009015 0.223017735238 -0.03) (0.0852861139458 0.223770739986 -0.03) (0.0859578807352 0.224521734825 -0.03) (0.0866318952359 0.225270713009 -0.03) (0.087308151394 0.226017667811 -0.03) (0.0879866431351 0.226762592521 -0.03) (0.0886673643653 0.22750548045 -0.03) (0.0893503089701 0.228246324923 -0.03) (0.0900354708154 0.228985119287 -0.03) (0.0907228437472 0.229721856907 -0.03) (0.0914124215913 0.230456531164 -0.03) (0.092104198154 0.23118913546 -0.03) (0.0927981672217 0.231919663214 -0.03) (0.0934943225613 0.232648107866 -0.03) (0.0941926579199 0.233374462872 -0.03) (0.094893167025 0.234098721707 -0.03) (0.0955958435846 0.234820877867 -0.03) (0.0963006812873 0.235540924866 -0.03) (0.0970076738022 0.236258856235 -0.03) (0.0977168147792 0.236974665527 -0.03) (0.0984280978486 0.237688346311 -0.03) (0.0991415166219 0.238399892178 -0.03) (0.099857064691 0.239109296737 -0.03) (0.100574735629 0.239816553615 -0.03) (0.10129452299 0.240521656461 -0.03) (0.102016420308 0.24122459894 -0.03) (0.102740421099 0.241925374739 -0.03) (0.103466518861 0.242623977564 -0.03) (0.104194707072 0.24332040114 -0.03) (0.104924979191 0.244014639212 -0.03) (0.105657328658 0.244706685543 -0.03) (0.106391748897 0.245396533918 -0.03) (0.107128233309 0.246084178141 -0.03) (0.107866775281 0.246769612035 -0.03) (0.108607368178 0.247452829443 -0.03) (0.109350005349 0.24813382423 -0.03) (0.110094680123 0.248812590278 -0.03) (0.110841385812 0.249489121491 -0.03) (0.111590115708 0.250163411792 -0.03) (0.112340863087 0.250835455124 -0.03) (0.113093621205 0.251505245452 -0.03) (0.1138483833 0.252172776759 -0.03) (0.114605142595 0.252838043049 -0.03) (0.115363892291 0.253501038347 -0.03) (0.116124625574 0.254161756699 -0.03) (0.11688733561 0.254820192169 -0.03) (0.117652015549 0.255476338843 -0.03) (0.118418658523 0.256130190828 -0.03) (0.119187257644 0.256781742251 -0.03) (0.119957806011 0.25743098726 -0.03) (0.120730296702 0.258077920023 -0.03) (0.121504722778 0.258722534729 -0.03))
    polyLine 18 22 ((0.0799936170301 0.217690994932 0) (0.0806471866191 0.218457878665 0) (0.0813030516201 0.219222800208 0) (0.081961206142 0.219985752692 0) (0.0826216442735 0.220746729263 0) (0.0832843600822 0.221505723086 0) (0.0839493476159 0.222262727344 0) (0.0846166009015 0.223017735238 0) (0.0852861139458 0.223770739986 0) (0.0859578807352 0.224521734825 0) (0.0866318952359 0.225270713009 0) (0.087308151394 0.226017667811 0) (0.0879866431351 0.226762592521 0) (0.0886673643653 0.22750548045 0) (0.0893503089701 0.228246324923 0) (0.0900354708154 0.228985119287 0) (0.0907228437472 0.229721856907 0) (0.0914124215913 0.230456531164 0) (0.092104198154 0.23118913546 0) (0.0927981672217 0.231919663214 0) (0.0934943225613 0.232648107866 0) (0.0941926579199 0.233374462872 0) (0.094893167025 0.234098721707 0) (0.0955958435846 0.234820877867 0) (0.0963006812873 0.235540924866 0) (0.0970076738022 0.236258856235 0) (0.0977168147792 0.236974665527 0) (0.0984280978486 0.237688346311 0) (0.0991415166219 0.238399892178 0) (0.099857064691 0.239109296737 0) (0.100574735629 0.239816553615 0) (0.10129452299 0.240521656461 0) (0.102016420308 0.24122459894 0) (0.102740421099 0.241925374739 0) (0.103466518861 0.242623977564 0) (0.104194707072 0.24332040114 0) (0.104924979191 0.244014639212 0) (0.105657328658 0.244706685543 0) (0.106391748897 0.245396533918 0) (0.107128233309 0.246084178141 0) (0.107866775281 0.246769612035 0) (0.108607368178 0.247452829443 0) (0.109350005349 0.24813382423 0) (0.110094680123 0.248812590278 0) (0.110841385812 0.249489121491 0) (0.111590115708 0.250163411792 0) (0.112340863087 0.250835455124 0) (0.113093621205 0.251505245452 0) (0.1138483833 0.252172776759 0) (0.114605142595 0.252838043049 0) (0.115363892291 0.253501038347 0) (0.116124625574 0.254161756699 0) (0.11688733561 0.254820192169 0) (0.117652015549 0.255476338843 0) (0.118418658523 0.256130190828 0) (0.119187257644 0.256781742251 0) (0.119957806011 0.25743098726 0) (0.120730296702 0.258077920023 0) (0.121504722778 0.258722534729 0))
    polyLine 17 21 ((-0.113803259047 0.292149742111 -0.03) (-0.112676197872 0.295012469937 -0.03) (-0.111540951755 0.297871709947 -0.03) (-0.110397587428 0.300727471632 -0.03) (-0.109246171002 0.303579765258 -0.03) (-0.108086767951 0.306428601848 -0.03) (-0.106919443105 0.309273993178 -0.03) (-0.105744260636 0.312115951765 -0.03) (-0.10456128405 0.314954490855 -0.03) (-0.103370576175 0.317789624413 -0.03) (-0.102172199154 0.320621367112 -0.03) (-0.100966214433 0.323449734326 -0.03) (-0.099752682756 0.326274742114 -0.03) (-0.0985316641535 0.329096407216 -0.03) (-0.0973032179375 0.331914747037 -0.03) (-0.0960674026932 0.334729779641 -0.03) (-0.0948242762722 0.337541523737 -0.03) (-0.0935738957869 0.340349998674 -0.03) (-0.0923163176038 0.343155224425 -0.03) (-0.0910515973384 0.345957221581 -0.03) (-0.0897797898498 0.348756011342 -0.03) (-0.0885009492362 0.351551615502 -0.03) (-0.0872151288302 0.354344056447 -0.03))
    polyLine 19 23 ((-0.113803259047 0.292149742111 0) (-0.112676197872 0.295012469937 0) (-0.111540951755 0.297871709947 0) (-0.110397587428 0.300727471632 0) (-0.109246171002 0.303579765258 0) (-0.108086767951 0.306428601848 0) (-0.106919443105 0.309273993178 0) (-0.105744260636 0.312115951765 0) (-0.10456128405 0.314954490855 0) (-0.103370576175 0.317789624413 0) (-0.102172199154 0.320621367112 0) (-0.100966214433 0.323449734326 0) (-0.099752682756 0.326274742114 0) (-0.0985316641535 0.329096407216 0) (-0.0973032179375 0.331914747037 0) (-0.0960674026932 0.334729779641 0) (-0.0948242762722 0.337541523737 0) (-0.0935738957869 0.340349998674 0) (-0.0923163176038 0.343155224425 0) (-0.0910515973384 0.345957221581 0) (-0.0897797898498 0.348756011342 0) (-0.0885009492362 0.351551615502 0) (-0.0872151288302 0.354344056447 0))
    polyLine 20 24 ((0.122281077284 0.259364825589 -0.03) (0.123059353246 0.260004786833 -0.03) (0.123839543674 0.260642412714 -0.03) (0.124621641559 0.261277697504 -0.03) (0.125405639879 0.261910635496 -0.03) (0.126191531589 0.262541221007 -0.03) (0.126979309632 0.263169448372 -0.03) (0.127768966932 0.263795311948 -0.03) (0.128560496396 0.264418806114 -0.03) (0.129353890914 0.26503992527 -0.03) (0.130149143361 0.265658663836 -0.03) (0.130946246592 0.266275016256 -0.03) (0.13174519345 0.266888976992 -0.03) (0.132545976757 0.267500540532 -0.03) (0.133348589321 0.26810970138 -0.03) (0.134153023932 0.268716454067 -0.03) (0.134959273367 0.269320793141 -0.03) (0.135767330381 0.269922713176 -0.03) (0.136577187719 0.270522208764 -0.03) (0.137388838105 0.271119274521 -0.03) (0.138202274249 0.271713905083 -0.03) (0.139017488846 0.272306095111 -0.03) (0.139834474572 0.272895839285 -0.03) (0.140653224089 0.273483132308 -0.03) (0.141473730045 0.274067968904 -0.03) (0.142295985068 0.274650343821 -0.03) (0.143119981773 0.275230251828 -0.03) (0.14394571276 0.275807687716 -0.03) (0.144773170611 0.276382646299 -0.03) (0.145602347894 0.276955122412 -0.03) (0.146433237162 0.277525110914 -0.03) (0.147265830951 0.278092606684 -0.03) (0.148100121783 0.278657604626 -0.03) (0.148936102165 0.279220099664 -0.03) (0.149773764588 0.279780086747 -0.03) (0.150613101527 0.280337560844 -0.03) (0.151454105445 0.280892516949 -0.03) (0.152295423605 0.281445872528 -0.03) (0.153136741765 0.281999228107 -0.03) (0.153978059925 0.282552583686 -0.03) (0.154819378085 0.283105939265 -0.03) (0.155660696245 0.283659294844 -0.03) (0.156502014405 0.284212650423 -0.03) (0.157343332565 0.284766006002 -0.03) (0.158184650725 0.285319361581 -0.03) (0.159025968885 0.28587271716 -0.03) (0.159867287045 0.286426072739 -0.03) (0.160708605205 0.286979428318 -0.03) (0.161549923365 0.287532783897 -0.03) (0.162391241525 0.288086139476 -0.03) (0.163232559685 0.288639495055 -0.03) (0.164073877845 0.289192850634 -0.03) (0.164915196006 0.289746206213 -0.03) (0.165756514166 0.290299561792 -0.03) (0.166597832326 0.290852917371 -0.03) (0.167439150486 0.29140627295 -0.03) (0.168280468646 0.291959628529 -0.03) (0.169121786806 0.292512984108 -0.03) (0.169963104966 0.293066339687 -0.03))
    polyLine 22 26 ((0.122281077284 0.259364825589 0) (0.123059353246 0.260004786833 0) (0.123839543674 0.260642412714 0) (0.124621641559 0.261277697504 0) (0.125405639879 0.261910635496 0) (0.126191531589 0.262541221007 0) (0.126979309632 0.263169448372 0) (0.127768966932 0.263795311948 0) (0.128560496396 0.264418806114 0) (0.129353890914 0.26503992527 0) (0.130149143361 0.265658663836 0) (0.130946246592 0.266275016256 0) (0.13174519345 0.266888976992 0) (0.132545976757 0.267500540532 0) (0.133348589321 0.26810970138 0) (0.134153023932 0.268716454067 0) (0.134959273367 0.269320793141 0) (0.135767330381 0.269922713176 0) (0.136577187719 0.270522208764 0) (0.137388838105 0.271119274521 0) (0.138202274249 0.271713905083 0) (0.139017488846 0.272306095111 0) (0.139834474572 0.272895839285 0) (0.140653224089 0.273483132308 0) (0.141473730045 0.274067968904 0) (0.142295985068 0.274650343821 0) (0.143119981773 0.275230251828 0) (0.14394571276 0.275807687716 0) (0.144773170611 0.276382646299 0) (0.145602347894 0.276955122412 0) (0.146433237162 0.277525110914 0) (0.147265830951 0.278092606684 0) (0.148100121783 0.278657604626 0) (0.148936102165 0.279220099664 0) (0.149773764588 0.279780086747 0) (0.150613101527 0.280337560844 0) (0.151454105445 0.280892516949 0) (0.152295423605 0.281445872528 0) (0.153136741765 0.281999228107 0) (0.153978059925 0.282552583686 0) (0.154819378085 0.283105939265 0) (0.155660696245 0.283659294844 0) (0.156502014405 0.284212650423 0) (0.157343332565 0.284766006002 0) (0.158184650725 0.285319361581 0) (0.159025968885 0.28587271716 0) (0.159867287045 0.286426072739 0) (0.160708605205 0.286979428318 0) (0.161549923365 0.287532783897 0) (0.162391241525 0.288086139476 0) (0.163232559685 0.288639495055 0) (0.164073877845 0.289192850634 0) (0.164915196006 0.289746206213 0) (0.165756514166 0.290299561792 0) (0.166597832326 0.290852917371 0) (0.167439150486 0.29140627295 0) (0.168280468646 0.291959628529 0) (0.169121786806 0.292512984108 0) (0.169963104966 0.293066339687 0))
    polyLine 21 25 ((-0.0846137500806 0.35993879106 -0.03) (-0.0832982002138 0.362741089614 -0.03) (-0.0819757828684 0.365540277959 -0.03) (-0.0806465485141 0.368336381808 -0.03) (-0.0793105468134 0.371129427424 -0.03) (-0.0779678266197 0.373919441607 -0.03) (-0.0766184359751 0.376706451682 -0.03) (-0.0752624221087 0.379490485496 -0.03) (-0.0738998314355 0.382271571406 -0.03) (-0.072530709555 0.385049738267 -0.03) (-0.0711551012505 0.387825015432 -0.03) (-0.0697730504883 0.390597432734 -0.03) (-0.0683846004174 0.393367020485 -0.03) (-0.0669897933692 0.396133809462 -0.03) (-0.0655886708577 0.398897830903 -0.03) (-0.0641812735798 0.4016591165 -0.03) (-0.0627676414156 0.404417698387 -0.03) (-0.061347813429 0.407173609133 -0.03) (-0.0599218278686 0.40992688174 -0.03) (-0.058489722169 0.412677549629 -0.03) (-0.0570515329513 0.415425646636 -0.03) (-0.0556072960252 0.418171207004 -0.03) (-0.0541570463897 0.420914265379 -0.03))
    polyLine 23 27 ((-0.0846137500806 0.35993879106 0) (-0.0832982002138 0.362741089614 0) (-0.0819757828684 0.365540277959 0) (-0.0806465485141 0.368336381808 0) (-0.0793105468134 0.371129427424 0) (-0.0779678266197 0.373919441607 0) (-0.0766184359751 0.376706451682 0) (-0.0752624221087 0.379490485496 0) (-0.0738998314355 0.382271571406 0) (-0.072530709555 0.385049738267 0) (-0.0711551012505 0.387825015432 0) (-0.0697730504883 0.390597432734 0) (-0.0683846004174 0.393367020485 0) (-0.0669897933692 0.396133809462 0) (-0.0655886708577 0.398897830903 0) (-0.0641812735798 0.4016591165 0) (-0.0627676414156 0.404417698387 0) (-0.061347813429 0.407173609133 0) (-0.0599218278686 0.40992688174 0) (-0.058489722169 0.412677549629 0) (-0.0570515329513 0.415425646636 0) (-0.0556072960252 0.418171207004 0) (-0.0541570463897 0.420914265379 0))
    polyLine 24 28 ((0.170804423126 0.293619695266 -0.03) (0.171645741286 0.294173050845 -0.03) (0.172487059446 0.294726406424 -0.03) (0.173328377606 0.295279762003 -0.03) (0.174169695766 0.295833117582 -0.03) (0.175011013926 0.296386473161 -0.03) (0.175852332086 0.29693982874 -0.03) (0.176693650246 0.297493184319 -0.03) (0.177534968406 0.298046539898 -0.03) (0.178376286566 0.298599895477 -0.03) (0.179217604726 0.299153251056 -0.03) (0.180058922886 0.299706606635 -0.03) (0.180900241046 0.300259962214 -0.03) (0.181741559206 0.300813317793 -0.03) (0.182582877367 0.301366673372 -0.03) (0.183424195527 0.301920028951 -0.03) (0.184265513687 0.30247338453 -0.03) (0.185106831847 0.303026740109 -0.03) (0.185948150007 0.303580095688 -0.03) (0.186789468167 0.304133451267 -0.03) (0.187630786327 0.304686806846 -0.03) (0.188472104487 0.305240162425 -0.03) (0.189313422647 0.305793518004 -0.03) (0.190154740807 0.306346873583 -0.03) (0.190996058967 0.306900229162 -0.03) (0.191837377127 0.307453584741 -0.03) (0.192678695287 0.30800694032 -0.03) (0.193520013447 0.308560295899 -0.03) (0.194361331607 0.309113651478 -0.03) (0.195202649767 0.309667007057 -0.03) (0.196043967927 0.310220362636 -0.03) (0.196885286087 0.310773718215 -0.03) (0.197726604247 0.311327073794 -0.03) (0.198567922407 0.311880429373 -0.03) (0.199409240567 0.312433784952 -0.03) (0.200250558728 0.312987140531 -0.03) (0.201091876888 0.31354049611 -0.03) (0.201933195048 0.314093851689 -0.03) (0.202774513208 0.314647207269 -0.03) (0.203615831368 0.315200562848 -0.03) (0.204457149528 0.315753918427 -0.03) (0.205298467688 0.316307274006 -0.03) (0.206139785848 0.316860629585 -0.03) (0.206981104008 0.317413985164 -0.03) (0.207822422168 0.317967340743 -0.03) (0.208663740328 0.318520696322 -0.03) (0.209505058488 0.319074051901 -0.03) (0.210346376648 0.31962740748 -0.03) (0.211187694808 0.320180763059 -0.03) (0.212029012968 0.320734118638 -0.03) (0.212870331128 0.321287474217 -0.03) (0.213711649288 0.321840829796 -0.03) (0.214552967448 0.322394185375 -0.03) (0.215394285608 0.322947540954 -0.03) (0.216235603768 0.323500896533 -0.03) (0.217076921928 0.324054252112 -0.03) (0.217918240089 0.324607607691 -0.03) (0.218759558249 0.32516096327 -0.03) (0.219600876409 0.325714318849 -0.03))
    polyLine 26 30 ((0.170804423126 0.293619695266 0) (0.171645741286 0.294173050845 0) (0.172487059446 0.294726406424 0) (0.173328377606 0.295279762003 0) (0.174169695766 0.295833117582 0) (0.175011013926 0.296386473161 0) (0.175852332086 0.29693982874 0) (0.176693650246 0.297493184319 0) (0.177534968406 0.298046539898 0) (0.178376286566 0.298599895477 0) (0.179217604726 0.299153251056 0) (0.180058922886 0.299706606635 0) (0.180900241046 0.300259962214 0) (0.181741559206 0.300813317793 0) (0.182582877367 0.301366673372 0) (0.183424195527 0.301920028951 0) (0.184265513687 0.30247338453 0) (0.185106831847 0.303026740109 0) (0.185948150007 0.303580095688 0) (0.186789468167 0.304133451267 0) (0.187630786327 0.304686806846 0) (0.188472104487 0.305240162425 0) (0.189313422647 0.305793518004 0) (0.190154740807 0.306346873583 0) (0.190996058967 0.306900229162 0) (0.191837377127 0.307453584741 0) (0.192678695287 0.30800694032 0) (0.193520013447 0.308560295899 0) (0.194361331607 0.309113651478 0) (0.195202649767 0.309667007057 0) (0.196043967927 0.310220362636 0) (0.196885286087 0.310773718215 0) (0.197726604247 0.311327073794 0) (0.198567922407 0.311880429373 0) (0.199409240567 0.312433784952 0) (0.200250558728 0.312987140531 0) (0.201091876888 0.31354049611 0) (0.201933195048 0.314093851689 0) (0.202774513208 0.314647207269 0) (0.203615831368 0.315200562848 0) (0.204457149528 0.315753918427 0) (0.205298467688 0.316307274006 0) (0.206139785848 0.316860629585 0) (0.206981104008 0.317413985164 0) (0.207822422168 0.317967340743 0) (0.208663740328 0.318520696322 0) (0.209505058488 0.319074051901 0) (0.210346376648 0.31962740748 0) (0.211187694808 0.320180763059 0) (0.212029012968 0.320734118638 0) (0.212870331128 0.321287474217 0) (0.213711649288 0.321840829796 0) (0.214552967448 0.322394185375 0) (0.215394285608 0.322947540954 0) (0.216235603768 0.323500896533 0) (0.217076921928 0.324054252112 0) (0.217918240089 0.324607607691 0) (0.218759558249 0.32516096327 0) (0.219600876409 0.325714318849 0))
    polyLine 25 29 ((-0.0511295315372 0.426596809535 -0.03) (-0.0495514217283 0.429535999585 -0.03) (-0.0479665281131 0.432472471881 -0.03) (-0.0463748889288 0.435406271845 -0.03) (-0.0447765413488 0.43833744538 -0.03) (-0.0431715214862 0.441266038862 -0.03) (-0.0415598643969 0.444192099134 -0.03) (-0.0399416040838 0.447115673493 -0.03) (-0.0383167735 0.45003680969 -0.03) (-0.0366854045529 0.452955555914 -0.03) (-0.0350475281084 0.455871960792 -0.03) (-0.0334031739946 0.458786073379 -0.03) (-0.0317523710062 0.461697943149 -0.03) (-0.0300951469086 0.464607619994 -0.03) (-0.0284315284422 0.467515154213 -0.03) (-0.0267615413268 0.470420596508 -0.03) (-0.025085210266 0.473323997978 -0.03) (-0.0234025589516 0.476225410113 -0.03) (-0.021713610068 0.479124884788 -0.03) (-0.0200183852969 0.482022474262 -0.03) (-0.0183169053217 0.484918231165 -0.03) (-0.016609189832 0.4878122085 -0.03) (-0.0148952575281 0.490704459637 -0.03))
    polyLine 27 31 ((-0.0511295315372 0.426596809535 0) (-0.0495514217283 0.429535999585 0) (-0.0479665281131 0.432472471881 0) (-0.0463748889288 0.435406271845 0) (-0.0447765413488 0.43833744538 0) (-0.0431715214862 0.441266038862 0) (-0.0415598643969 0.444192099134 0) (-0.0399416040838 0.447115673493 0) (-0.0383167735 0.45003680969 0) (-0.0366854045529 0.452955555914 0) (-0.0350475281084 0.455871960792 0) (-0.0334031739946 0.458786073379 0) (-0.0317523710062 0.461697943149 0) (-0.0300951469086 0.464607619994 0) (-0.0284315284422 0.467515154213 0) (-0.0267615413268 0.470420596508 0) (-0.025085210266 0.473323997978 0) (-0.0234025589516 0.476225410113 0) (-0.021713610068 0.479124884788 0) (-0.0200183852969 0.482022474262 0) (-0.0183169053217 0.484918231165 0) (-0.016609189832 0.4878122085 0) (-0.0148952575281 0.490704459637 0))
    polyLine 28 32 ((0.220442194569 0.326267674428 -0.03) (0.221283512729 0.326821030007 -0.03) (0.222124830889 0.327374385586 -0.03) (0.222966149049 0.327927741165 -0.03) (0.223807467209 0.328481096744 -0.03) (0.224648785369 0.329034452323 -0.03) (0.225490103529 0.329587807902 -0.03) (0.226331421689 0.330141163481 -0.03) (0.227172739849 0.33069451906 -0.03) (0.228014058009 0.331247874639 -0.03) (0.228855376169 0.331801230218 -0.03) (0.229696694329 0.332354585797 -0.03) (0.230538012489 0.332907941376 -0.03) (0.231379330649 0.333461296955 -0.03) (0.232220648809 0.334014652534 -0.03) (0.233061966969 0.334568008113 -0.03) (0.233903285129 0.335121363692 -0.03) (0.234744603289 0.335674719271 -0.03) (0.23558592145 0.33622807485 -0.03) (0.23642723961 0.336781430429 -0.03) (0.23726855777 0.337334786008 -0.03) (0.23810987593 0.337888141587 -0.03) (0.23895119409 0.338441497166 -0.03) (0.23979251225 0.338994852745 -0.03) (0.24063383041 0.339548208324 -0.03) (0.24147514857 0.340101563903 -0.03) (0.24231646673 0.340654919482 -0.03) (0.24315778489 0.341208275061 -0.03) (0.24399910305 0.34176163064 -0.03) (0.24484042121 0.342314986219 -0.03) (0.24568173937 0.342868341798 -0.03) (0.24652305753 0.343421697377 -0.03) (0.24736437569 0.343975052956 -0.03) (0.24820569385 0.344528408535 -0.03) (0.24904701201 0.345081764114 -0.03) (0.24988833017 0.345635119693 -0.03) (0.25072964833 0.346188475272 -0.03) (0.25157096649 0.346741830851 -0.03) (0.252412284651 0.34729518643 -0.03) (0.253253602811 0.347848542009 -0.03) (0.254094920971 0.348401897588 -0.03) (0.254936239131 0.348955253167 -0.03) (0.255777557291 0.349508608746 -0.03) (0.256618875451 0.350061964325 -0.03) (0.257460193611 0.350615319904 -0.03) (0.258301511771 0.351168675483 -0.03) (0.259142829931 0.351722031062 -0.03) (0.259984148091 0.352275386641 -0.03) (0.260825466251 0.35282874222 -0.03) (0.261666784411 0.353382097799 -0.03) (0.262508102571 0.353935453378 -0.03) (0.263349420731 0.354488808957 -0.03) (0.264190738891 0.355042164536 -0.03) (0.265032057051 0.355595520115 -0.03) (0.265873375211 0.356148875694 -0.03) (0.266714693371 0.356702231273 -0.03) (0.267556011531 0.357255586852 -0.03) (0.268397329691 0.357808942431 -0.03) (0.269238647851 0.35836229801 -0.03))
    polyLine 30 34 ((0.220442194569 0.326267674428 0) (0.221283512729 0.326821030007 0) (0.222124830889 0.327374385586 0) (0.222966149049 0.327927741165 0) (0.223807467209 0.328481096744 0) (0.224648785369 0.329034452323 0) (0.225490103529 0.329587807902 0) (0.226331421689 0.330141163481 0) (0.227172739849 0.33069451906 0) (0.228014058009 0.331247874639 0) (0.228855376169 0.331801230218 0) (0.229696694329 0.332354585797 0) (0.230538012489 0.332907941376 0) (0.231379330649 0.333461296955 0) (0.232220648809 0.334014652534 0) (0.233061966969 0.334568008113 0) (0.233903285129 0.335121363692 0) (0.234744603289 0.335674719271 0) (0.23558592145 0.33622807485 0) (0.23642723961 0.336781430429 0) (0.23726855777 0.337334786008 0) (0.23810987593 0.337888141587 0) (0.23895119409 0.338441497166 0) (0.23979251225 0.338994852745 0) (0.24063383041 0.339548208324 0) (0.24147514857 0.340101563903 0) (0.24231646673 0.340654919482 0) (0.24315778489 0.341208275061 0) (0.24399910305 0.34176163064 0) (0.24484042121 0.342314986219 0) (0.24568173937 0.342868341798 0) (0.24652305753 0.343421697377 0) (0.24736437569 0.343975052956 0) (0.24820569385 0.344528408535 0) (0.24904701201 0.345081764114 0) (0.24988833017 0.345635119693 0) (0.25072964833 0.346188475272 0) (0.25157096649 0.346741830851 0) (0.252412284651 0.34729518643 0) (0.253253602811 0.347848542009 0) (0.254094920971 0.348401897588 0) (0.254936239131 0.348955253167 0) (0.255777557291 0.349508608746 0) (0.256618875451 0.350061964325 0) (0.257460193611 0.350615319904 0) (0.258301511771 0.351168675483 0) (0.259142829931 0.351722031062 0) (0.259984148091 0.352275386641 0) (0.260825466251 0.35282874222 0) (0.261666784411 0.353382097799 0) (0.262508102571 0.353935453378 0) (0.263349420731 0.354488808957 0) (0.264190738891 0.355042164536 0) (0.265032057051 0.355595520115 0) (0.265873375211 0.356148875694 0) (0.266714693371 0.356702231273 0) (0.267556011531 0.357255586852 0) (0.268397329691 0.357808942431 0) (0.269238647851 0.35836229801 0))
    polyLine 29 33 ((-0.0113134976371 0.496709943514 -0.03) (-0.00944470131212 0.499823035487 -0.03) (-0.00756875554706 0.50293438296 -0.03) (-0.00568567743235 0.506044055136 -0.03) (-0.00379548275939 0.509152121681 -0.03) (-0.00189818602691 0.512258652721 -0.03) (6.19955262593e-06 0.515363718833 -0.03) (0.00191766204679 0.518467391045 -0.03) (0.00383619079694 0.521569740833 -0.03) (0.0057617764121 0.524670840113 -0.03) (0.00769441076297 0.527770761245 -0.03) (0.00963408697597 0.530869577022 -0.03) (0.0115807994274 0.533967360675 -0.03) (0.0135345437379 0.537064185865 -0.03) (0.0154953167666 0.540160126686 -0.03) (0.0174631166059 0.543255257661 -0.03) (0.0194379425761 0.546349653737 -0.03) (0.0214197952201 0.549443390291 -0.03) (0.0234086762986 0.552536543126 -0.03) (0.025404588785 0.555629188468 -0.03) (0.0274075368607 0.558721402968 -0.03) (0.0294175259107 0.561813263704 -0.03) (0.0314345625191 0.564904848175 -0.03))
    polyLine 31 35 ((-0.0113134976371 0.496709943514 0) (-0.00944470131212 0.499823035487 0) (-0.00756875554706 0.50293438296 0) (-0.00568567743235 0.506044055136 0) (-0.00379548275939 0.509152121681 0) (-0.00189818602691 0.512258652721 0) (6.19955262593e-06 0.515363718833 0) (0.00191766204679 0.518467391045 0) (0.00383619079694 0.521569740833 0) (0.0057617764121 0.524670840113 0) (0.00769441076297 0.527770761245 0) (0.00963408697597 0.530869577022 0) (0.0115807994274 0.533967360675 0) (0.0135345437379 0.537064185865 0) (0.0154953167666 0.540160126686 0) (0.0174631166059 0.543255257661 0) (0.0194379425761 0.546349653737 0) (0.0214197952201 0.549443390291 0) (0.0234086762986 0.552536543126 0) (0.025404588785 0.555629188468 0) (0.0274075368607 0.558721402968 0) (0.0294175259107 0.561813263704 0) (0.0314345625191 0.564904848175 0))
    polyLine 32 36 ((0.270079966012 0.358915653589 -0.03) (0.270921284172 0.359469009168 -0.03) (0.271762602332 0.360022364747 -0.03) (0.272603920492 0.360575720327 -0.03) (0.273445238652 0.361129075906 -0.03) (0.274286556812 0.361682431485 -0.03) (0.275127874972 0.362235787064 -0.03) (0.275969193132 0.362789142643 -0.03) (0.276810511292 0.363342498222 -0.03) (0.277651829452 0.363895853801 -0.03) (0.278493147612 0.36444920938 -0.03) (0.279334465772 0.365002564959 -0.03) (0.280175783932 0.365555920538 -0.03) (0.281017102092 0.366109276117 -0.03) (0.281858420252 0.366662631696 -0.03) (0.282699738412 0.367215987275 -0.03) (0.283541056572 0.367769342854 -0.03) (0.284382374732 0.368322698433 -0.03) (0.285223692892 0.368876054012 -0.03) (0.286065011052 0.369429409591 -0.03) (0.286906329212 0.36998276517 -0.03) (0.287747647373 0.370536120749 -0.03) (0.288588965533 0.371089476328 -0.03) (0.289430283693 0.371642831907 -0.03) (0.290271601853 0.372196187486 -0.03) (0.291112920013 0.372749543065 -0.03) (0.291954238173 0.373302898644 -0.03) (0.292795556333 0.373856254223 -0.03) (0.293636874493 0.374409609802 -0.03) (0.294478192653 0.374962965381 -0.03) (0.295319510813 0.37551632096 -0.03) (0.296160828973 0.376069676539 -0.03) (0.297002147133 0.376623032118 -0.03) (0.297843465293 0.377176387697 -0.03) (0.298684783453 0.377729743276 -0.03) (0.299526101613 0.378283098855 -0.03) (0.300367419773 0.378836454434 -0.03) (0.301208737933 0.379389810013 -0.03) (0.302050056093 0.379943165592 -0.03) (0.302891374253 0.380496521171 -0.03) (0.303732692413 0.38104987675 -0.03) (0.304574010573 0.381603232329 -0.03) (0.305415328734 0.382156587908 -0.03) (0.306256646894 0.382709943487 -0.03) (0.307097965054 0.383263299066 -0.03) (0.307939283214 0.383816654645 -0.03) (0.308780601374 0.384370010224 -0.03) (0.309621919534 0.384923365803 -0.03) (0.310463237694 0.385476721382 -0.03) (0.311304555854 0.386030076961 -0.03) (0.312145874014 0.38658343254 -0.03) (0.312987192174 0.387136788119 -0.03) (0.313828510334 0.387690143698 -0.03) (0.314669828494 0.388243499277 -0.03) (0.315511146654 0.388796854856 -0.03) (0.316352464814 0.389350210435 -0.03) (0.317193782974 0.389903566014 -0.03) (0.318035101134 0.390456921593 -0.03))
    polyLine 34 38 ((0.270079966012 0.358915653589 0) (0.270921284172 0.359469009168 0) (0.271762602332 0.360022364747 0) (0.272603920492 0.360575720327 0) (0.273445238652 0.361129075906 0) (0.274286556812 0.361682431485 0) (0.275127874972 0.362235787064 0) (0.275969193132 0.362789142643 0) (0.276810511292 0.363342498222 0) (0.277651829452 0.363895853801 0) (0.278493147612 0.36444920938 0) (0.279334465772 0.365002564959 0) (0.280175783932 0.365555920538 0) (0.281017102092 0.366109276117 0) (0.281858420252 0.366662631696 0) (0.282699738412 0.367215987275 0) (0.283541056572 0.367769342854 0) (0.284382374732 0.368322698433 0) (0.285223692892 0.368876054012 0) (0.286065011052 0.369429409591 0) (0.286906329212 0.36998276517 0) (0.287747647373 0.370536120749 0) (0.288588965533 0.371089476328 0) (0.289430283693 0.371642831907 0) (0.290271601853 0.372196187486 0) (0.291112920013 0.372749543065 0) (0.291954238173 0.373302898644 0) (0.292795556333 0.373856254223 0) (0.293636874493 0.374409609802 0) (0.294478192653 0.374962965381 0) (0.295319510813 0.37551632096 0) (0.296160828973 0.376069676539 0) (0.297002147133 0.376623032118 0) (0.297843465293 0.377176387697 0) (0.298684783453 0.377729743276 0) (0.299526101613 0.378283098855 0) (0.300367419773 0.378836454434 0) (0.301208737933 0.379389810013 0) (0.302050056093 0.379943165592 0) (0.302891374253 0.380496521171 0) (0.303732692413 0.38104987675 0) (0.304574010573 0.381603232329 0) (0.305415328734 0.382156587908 0) (0.306256646894 0.382709943487 0) (0.307097965054 0.383263299066 0) (0.307939283214 0.383816654645 0) (0.308780601374 0.384370010224 0) (0.309621919534 0.384923365803 0) (0.310463237694 0.385476721382 0) (0.311304555854 0.386030076961 0) (0.312145874014 0.38658343254 0) (0.312987192174 0.387136788119 0) (0.313828510334 0.387690143698 0) (0.314669828494 0.388243499277 0) (0.315511146654 0.388796854856 0) (0.316352464814 0.389350210435 0) (0.317193782974 0.389903566014 0) (0.318035101134 0.390456921593 0))
    polyLine 33 37 ((0.0356081429238 0.571267259999 -0.03) (0.0377655532651 0.574538244701 -0.03) (0.0399308990458 0.577809282307 -0.03) (0.0421041953019 0.581080467248 -0.03) (0.0442854585431 0.584351894493 -0.03) (0.0464747067493 0.587623659558 -0.03) (0.0486719593664 0.590895858505 -0.03) (0.050877237303 0.594168587946 -0.03) (0.053090562927 0.597441945047 -0.03) (0.0553119600624 0.600716027535 -0.03) (0.0575414539871 0.603990933696 -0.03) (0.0597790714303 0.607266762384 -0.03) (0.0620248405703 0.610543613026 -0.03) (0.0642787910328 0.613821585626 -0.03) (0.0665409538895 0.617100780771 -0.03) (0.0688113616571 0.620381299636 -0.03) (0.0710900482961 0.623663243994 -0.03) (0.0733770492107 0.626946716217 -0.03) (0.0756724012485 0.630231819287 -0.03) (0.0779761427006 0.633518656803 -0.03) (0.0802883133023 0.636807332987 -0.03) (0.0826089542335 0.640097952691 -0.03) (0.0849381081206 0.643390621409 -0.03))
    polyLine 35 39 ((0.0356081429238 0.571267259999 0) (0.0377655532651 0.574538244701 0) (0.0399308990458 0.577809282307 0) (0.0421041953019 0.581080467248 0) (0.0442854585431 0.584351894493 0) (0.0464747067493 0.587623659558 0) (0.0486719593664 0.590895858505 0) (0.050877237303 0.594168587946 0) (0.053090562927 0.597441945047 0) (0.0553119600624 0.600716027535 0) (0.0575414539871 0.603990933696 0) (0.0597790714303 0.607266762384 0) (0.0620248405703 0.610543613026 0) (0.0642787910328 0.613821585626 0) (0.0665409538895 0.617100780771 0) (0.0688113616571 0.620381299636 0) (0.0710900482961 0.623663243994 0) (0.0733770492107 0.626946716217 0) (0.0756724012485 0.630231819287 0) (0.0779761427006 0.633518656803 0) (0.0802883133023 0.636807332987 0) (0.0826089542335 0.640097952691 0) (0.0849381081206 0.643390621409 0))
    polyLine 36 40 ((0.318876419294 0.391010277172 -0.03) (0.319717737454 0.391563632751 -0.03) (0.320559055614 0.39211698833 -0.03) (0.321400373774 0.392670343909 -0.03) (0.322241691935 0.393223699488 -0.03) (0.323083010095 0.393777055067 -0.03) (0.323924328255 0.394330410646 -0.03) (0.324765646415 0.394883766225 -0.03) (0.325606964575 0.395437121804 -0.03) (0.326448282735 0.395990477383 -0.03) (0.327289600895 0.396543832962 -0.03) (0.328130919055 0.397097188541 -0.03) (0.328972237215 0.39765054412 -0.03) (0.329813555375 0.398203899699 -0.03) (0.330654873535 0.398757255278 -0.03) (0.331496191695 0.399310610857 -0.03) (0.332337509855 0.399863966436 -0.03) (0.333178828015 0.400417322015 -0.03) (0.334020146175 0.400970677594 -0.03) (0.334861464335 0.401524033173 -0.03) (0.335702782495 0.402077388752 -0.03) (0.336544100655 0.402630744331 -0.03) (0.337385418815 0.40318409991 -0.03) (0.338226736975 0.403737455489 -0.03) (0.339068055135 0.404290811068 -0.03) (0.339909373296 0.404844166647 -0.03) (0.340750691456 0.405397522226 -0.03) (0.341592009616 0.405950877805 -0.03) (0.342433327776 0.406504233384 -0.03) (0.343274645936 0.407057588964 -0.03) (0.344115964096 0.407610944543 -0.03) (0.344957282256 0.408164300122 -0.03) (0.345798600416 0.408717655701 -0.03) (0.346639918576 0.40927101128 -0.03) (0.347481236736 0.409824366859 -0.03) (0.348322554896 0.410377722438 -0.03) (0.349163873056 0.410931078017 -0.03) (0.350005191216 0.411484433596 -0.03) (0.350846509376 0.412037789175 -0.03) (0.351687827536 0.412591144754 -0.03) (0.352529145696 0.413144500333 -0.03) (0.353370463856 0.413697855912 -0.03) (0.354211782016 0.414251211491 -0.03) (0.355053100176 0.41480456707 -0.03) (0.355894418336 0.415357922649 -0.03) (0.356735736496 0.415911278228 -0.03) (0.357577054657 0.416464633807 -0.03) (0.358418372817 0.417017989386 -0.03) (0.359259690977 0.417571344965 -0.03) (0.360101009137 0.418124700544 -0.03) (0.360942327297 0.418678056123 -0.03) (0.361783645457 0.419231411702 -0.03) (0.362624963617 0.419784767281 -0.03) (0.363466281777 0.42033812286 -0.03) (0.364307599937 0.420891478439 -0.03) (0.365148918097 0.421444834018 -0.03) (0.365990236257 0.421998189597 -0.03) (0.366831554417 0.422551545176 -0.03) (0.367672872577 0.423104900755 -0.03))
    polyLine 38 42 ((0.318876419294 0.391010277172 0) (0.319717737454 0.391563632751 0) (0.320559055614 0.39211698833 0) (0.321400373774 0.392670343909 0) (0.322241691935 0.393223699488 0) (0.323083010095 0.393777055067 0) (0.323924328255 0.394330410646 0) (0.324765646415 0.394883766225 0) (0.325606964575 0.395437121804 0) (0.326448282735 0.395990477383 0) (0.327289600895 0.396543832962 0) (0.328130919055 0.397097188541 0) (0.328972237215 0.39765054412 0) (0.329813555375 0.398203899699 0) (0.330654873535 0.398757255278 0) (0.331496191695 0.399310610857 0) (0.332337509855 0.399863966436 0) (0.333178828015 0.400417322015 0) (0.334020146175 0.400970677594 0) (0.334861464335 0.401524033173 0) (0.335702782495 0.402077388752 0) (0.336544100655 0.402630744331 0) (0.337385418815 0.40318409991 0) (0.338226736975 0.403737455489 0) (0.339068055135 0.404290811068 0) (0.339909373296 0.404844166647 0) (0.340750691456 0.405397522226 0) (0.341592009616 0.405950877805 0) (0.342433327776 0.406504233384 0) (0.343274645936 0.407057588964 0) (0.344115964096 0.407610944543 0) (0.344957282256 0.408164300122 0) (0.345798600416 0.408717655701 0) (0.346639918576 0.40927101128 0) (0.347481236736 0.409824366859 0) (0.348322554896 0.410377722438 0) (0.349163873056 0.410931078017 0) (0.350005191216 0.411484433596 0) (0.350846509376 0.412037789175 0) (0.351687827536 0.412591144754 0) (0.352529145696 0.413144500333 0) (0.353370463856 0.413697855912 0) (0.354211782016 0.414251211491 0) (0.355053100176 0.41480456707 0) (0.355894418336 0.415357922649 0) (0.356735736496 0.415911278228 0) (0.357577054657 0.416464633807 0) (0.358418372817 0.417017989386 0) (0.359259690977 0.417571344965 0) (0.360101009137 0.418124700544 0) (0.360942327297 0.418678056123 0) (0.361783645457 0.419231411702 0) (0.362624963617 0.419784767281 0) (0.363466281777 0.42033812286 0) (0.364307599937 0.420891478439 0) (0.365148918097 0.421444834018 0) (0.365990236257 0.421998189597 0) (0.366831554417 0.422551545176 0) (0.367672872577 0.423104900755 0))
    polyLine 37 41 ((0.0897037311995 0.650097019235 -0.03) (0.0921409055676 0.653511133964 -0.03) (0.0945873958763 0.656927909302 -0.03) (0.0970432575305 0.660347465873 -0.03) (0.0995085476099 0.663769925097 -0.03) (0.101983324874 0.667195409205 -0.03) (0.104467649766 0.670624041254 -0.03) (0.106961584419 0.674055945136 -0.03) (0.109465192662 0.677491245593 -0.03) (0.111978540026 0.680930068233 -0.03) (0.114501693749 0.684372539542 -0.03) (0.117034722788 0.687818786901 -0.03) (0.119577697822 0.691268938598 -0.03) (0.122130691263 0.694723123848 -0.03) (0.124693777262 0.698181472805 -0.03) (0.127267031725 0.701644116581 -0.03) (0.129850532314 0.705111187263 -0.03) (0.132444358463 0.708582817927 -0.03) (0.135048591389 0.712059142661 -0.03) (0.137663314101 0.715540296579 -0.03) (0.140288611412 0.719026415841 -0.03) (0.142924569955 0.722517637674 -0.03) (0.145571278193 0.726014100388 -0.03))
    polyLine 39 43 ((0.0897037311995 0.650097019235 0) (0.0921409055676 0.653511133964 0) (0.0945873958763 0.656927909302 0) (0.0970432575305 0.660347465873 0) (0.0995085476099 0.663769925097 0) (0.101983324874 0.667195409205 0) (0.104467649766 0.670624041254 0) (0.106961584419 0.674055945136 0) (0.109465192662 0.677491245593 0) (0.111978540026 0.680930068233 0) (0.114501693749 0.684372539542 0) (0.117034722788 0.687818786901 0) (0.119577697822 0.691268938598 0) (0.122130691263 0.694723123848 0) (0.124693777262 0.698181472805 0) (0.127267031725 0.701644116581 0) (0.129850532314 0.705111187263 0) (0.132444358463 0.708582817927 0) (0.135048591389 0.712059142661 0) (0.137663314101 0.715540296579 0) (0.140288611412 0.719026415841 0) (0.142924569955 0.722517637674 0) (0.145571278193 0.726014100388 0))
    polyLine 40 44 ((0.368514190737 0.423658256334 -0.03) (0.369355508897 0.424211611913 -0.03) (0.370196827057 0.424764967492 -0.03) (0.371038145217 0.425318323071 -0.03) (0.371879463377 0.42587167865 -0.03) (0.372720781537 0.426425034229 -0.03) (0.373562099697 0.426978389808 -0.03) (0.374403417857 0.427531745387 -0.03) (0.375244736018 0.428085100966 -0.03) (0.376086054178 0.428638456545 -0.03) (0.376927372338 0.429191812124 -0.03) (0.377768690498 0.429745167703 -0.03) (0.378610008658 0.430298523282 -0.03) (0.379451326818 0.430851878861 -0.03) (0.380292644978 0.43140523444 -0.03) (0.381133963138 0.431958590019 -0.03) (0.381975281298 0.432511945598 -0.03) (0.382816599458 0.433065301177 -0.03) (0.383657917618 0.433618656756 -0.03) (0.384499235778 0.434172012335 -0.03) (0.385340553938 0.434725367914 -0.03) (0.386181872098 0.435278723493 -0.03) (0.387023190258 0.435832079072 -0.03) (0.387864508418 0.436385434651 -0.03) (0.388705826578 0.43693879023 -0.03) (0.389547144738 0.437492145809 -0.03) (0.390388462898 0.438045501388 -0.03) (0.391229781058 0.438598856967 -0.03) (0.392071099218 0.439152212546 -0.03) (0.392912417379 0.439705568125 -0.03) (0.393753735539 0.440258923704 -0.03) (0.394595053699 0.440812279283 -0.03) (0.395436371859 0.441365634862 -0.03) (0.396277690019 0.441918990441 -0.03) (0.397119008179 0.44247234602 -0.03) (0.397960326339 0.443025701599 -0.03) (0.398801644499 0.443579057178 -0.03) (0.399642962659 0.444132412757 -0.03) (0.400484280819 0.444685768336 -0.03) (0.401325598979 0.445239123915 -0.03) (0.402166917139 0.445792479494 -0.03) (0.403008235299 0.446345835073 -0.03) (0.403849553459 0.446899190652 -0.03) (0.404690871619 0.447452546231 -0.03) (0.405532189779 0.44800590181 -0.03) (0.406373507939 0.448559257389 -0.03) (0.407214826099 0.449112612968 -0.03) (0.408056144259 0.449665968547 -0.03) (0.408897462419 0.450219324126 -0.03) (0.40973878058 0.450772679705 -0.03) (0.41058009874 0.451326035284 -0.03) (0.4114214169 0.451879390863 -0.03) (0.41226273506 0.452432746442 -0.03) (0.41310405322 0.452986102022 -0.03) (0.41394537138 0.453539457601 -0.03) (0.41478668954 0.45409281318 -0.03) (0.4156280077 0.454646168759 -0.03) (0.41646932586 0.455199524338 -0.03) (0.41731064402 0.455752879917 -0.03))
    polyLine 42 46 ((0.368514190737 0.423658256334 0) (0.369355508897 0.424211611913 0) (0.370196827057 0.424764967492 0) (0.371038145217 0.425318323071 0) (0.371879463377 0.42587167865 0) (0.372720781537 0.426425034229 0) (0.373562099697 0.426978389808 0) (0.374403417857 0.427531745387 0) (0.375244736018 0.428085100966 0) (0.376086054178 0.428638456545 0) (0.376927372338 0.429191812124 0) (0.377768690498 0.429745167703 0) (0.378610008658 0.430298523282 0) (0.379451326818 0.430851878861 0) (0.380292644978 0.43140523444 0) (0.381133963138 0.431958590019 0) (0.381975281298 0.432511945598 0) (0.382816599458 0.433065301177 0) (0.383657917618 0.433618656756 0) (0.384499235778 0.434172012335 0) (0.385340553938 0.434725367914 0) (0.386181872098 0.435278723493 0) (0.387023190258 0.435832079072 0) (0.387864508418 0.436385434651 0) (0.388705826578 0.43693879023 0) (0.389547144738 0.437492145809 0) (0.390388462898 0.438045501388 0) (0.391229781058 0.438598856967 0) (0.392071099218 0.439152212546 0) (0.392912417379 0.439705568125 0) (0.393753735539 0.440258923704 0) (0.394595053699 0.440812279283 0) (0.395436371859 0.441365634862 0) (0.396277690019 0.441918990441 0) (0.397119008179 0.44247234602 0) (0.397960326339 0.443025701599 0) (0.398801644499 0.443579057178 0) (0.399642962659 0.444132412757 0) (0.400484280819 0.444685768336 0) (0.401325598979 0.445239123915 0) (0.402166917139 0.445792479494 0) (0.403008235299 0.446345835073 0) (0.403849553459 0.446899190652 0) (0.404690871619 0.447452546231 0) (0.405532189779 0.44800590181 0) (0.406373507939 0.448559257389 0) (0.407214826099 0.449112612968 0) (0.408056144259 0.449665968547 0) (0.408897462419 0.450219324126 0) (0.40973878058 0.450772679705 0) (0.41058009874 0.451326035284 0) (0.4114214169 0.451879390863 0) (0.41226273506 0.452432746442 0) (0.41310405322 0.452986102022 0) (0.41394537138 0.453539457601 0) (0.41478668954 0.45409281318 0) (0.4156280077 0.454646168759 0) (0.41646932586 0.455199524338 0) (0.41731064402 0.455752879917 0))
    polyLine 41 45 ((0.150922333162 0.733056159295 -0.03) (0.153627074363 0.736602145563 -0.03) (0.156343148711 0.740154049122 -0.03) (0.15907065686 0.743712018129 -0.03) (0.161809701457 0.747276202 -0.03) (0.164560387165 0.750846751431 -0.03) (0.167322820678 0.754423818429 -0.03) (0.170097110741 0.758007556333 -0.03) (0.172883368174 0.761598119838 -0.03) (0.175681705886 0.765195665026 -0.03) (0.178492238903 0.76880034939 -0.03) (0.181315084387 0.772412331862 -0.03) (0.184150361659 0.776031772841 -0.03) (0.186998192225 0.779658834222 -0.03) (0.189858699796 0.783293679423 -0.03) (0.192732010321 0.78693647342 -0.03) (0.195618252004 0.790587382772 -0.03) (0.198517555337 0.794246575656 -0.03) (0.201430053127 0.797914221897 -0.03) (0.204355880521 0.801590493001 -0.03) (0.207295175042 0.80527556219 -0.03) (0.21024807661 0.808969604432 -0.03) (0.213214727582 0.812672796481 -0.03))
    polyLine 43 47 ((0.150922333162 0.733056159295 0) (0.153627074363 0.736602145563 0) (0.156343148711 0.740154049122 0) (0.15907065686 0.743712018129 0) (0.161809701457 0.747276202 0) (0.164560387165 0.750846751431 0) (0.167322820678 0.754423818429 0) (0.170097110741 0.758007556333 0) (0.172883368174 0.761598119838 0) (0.175681705886 0.765195665026 0) (0.178492238903 0.76880034939 0) (0.181315084387 0.772412331862 0) (0.184150361659 0.776031772841 0) (0.186998192225 0.779658834222 0) (0.189858699796 0.783293679423 0) (0.192732010321 0.78693647342 0) (0.195618252004 0.790587382772 0) (0.198517555337 0.794246575656 0) (0.201430053127 0.797914221897 0) (0.204355880521 0.801590493001 0) (0.207295175042 0.80527556219 0) (0.21024807661 0.808969604432 0) (0.213214727582 0.812672796481 0))
    polyLine 44 48 ((0.41815196218 0.456306235496 -0.03) (0.41899328034 0.456859591075 -0.03) (0.4198345985 0.457412946654 -0.03) (0.42067591666 0.457966302233 -0.03) (0.42151723482 0.458519657812 -0.03) (0.42235855298 0.459073013391 -0.03) (0.42319987114 0.45962636897 -0.03) (0.4240411893 0.460179724549 -0.03) (0.42488250746 0.460733080128 -0.03) (0.42572382562 0.461286435707 -0.03) (0.42656514378 0.461839791286 -0.03) (0.427406461941 0.462393146865 -0.03) (0.428247780101 0.462946502444 -0.03) (0.429089098261 0.463499858023 -0.03) (0.429930416421 0.464053213602 -0.03) (0.430771734581 0.464606569181 -0.03) (0.431613052741 0.46515992476 -0.03) (0.432454370901 0.465713280339 -0.03) (0.433295689061 0.466266635918 -0.03) (0.434137007221 0.466819991497 -0.03) (0.434978325381 0.467373347076 -0.03) (0.435819643541 0.467926702655 -0.03) (0.436660961701 0.468480058234 -0.03) (0.437502279861 0.469033413813 -0.03) (0.438343598021 0.469586769392 -0.03) (0.439184916181 0.470140124971 -0.03) (0.440026234341 0.47069348055 -0.03) (0.440867552501 0.471246836129 -0.03) (0.441708870661 0.471800191708 -0.03) (0.442550188821 0.472353547287 -0.03) (0.443391506981 0.472906902866 -0.03) (0.444232825141 0.473460258445 -0.03) (0.445074143302 0.474013614024 -0.03) (0.445915461462 0.474566969603 -0.03) (0.446756779622 0.475120325182 -0.03) (0.447598097782 0.475673680761 -0.03) (0.448439415942 0.47622703634 -0.03) (0.449280734102 0.476780391919 -0.03) (0.450122052262 0.477333747498 -0.03) (0.450963370422 0.477887103077 -0.03) (0.451804688582 0.478440458656 -0.03) (0.452646006742 0.478993814235 -0.03) (0.453487324902 0.479547169814 -0.03) (0.454328643062 0.480100525393 -0.03) (0.455169961222 0.480653880972 -0.03) (0.456011279382 0.481207236551 -0.03) (0.456852597542 0.48176059213 -0.03) (0.457693915702 0.482313947709 -0.03) (0.458535233862 0.482867303288 -0.03) (0.459376552022 0.483420658867 -0.03) (0.460217870182 0.483974014446 -0.03) (0.461059188342 0.484527370025 -0.03) (0.461900506502 0.485080725604 -0.03) (0.462741824663 0.485634081183 -0.03) (0.463583142823 0.486187436762 -0.03) (0.464424460983 0.486740792341 -0.03) (0.465265779143 0.48729414792 -0.03) (0.466107097303 0.487847503499 -0.03) (0.466948415463 0.488400859078 -0.03))
    polyLine 46 50 ((0.41815196218 0.456306235496 0) (0.41899328034 0.456859591075 0) (0.4198345985 0.457412946654 0) (0.42067591666 0.457966302233 0) (0.42151723482 0.458519657812 0) (0.42235855298 0.459073013391 0) (0.42319987114 0.45962636897 0) (0.4240411893 0.460179724549 0) (0.42488250746 0.460733080128 0) (0.42572382562 0.461286435707 0) (0.42656514378 0.461839791286 0) (0.427406461941 0.462393146865 0) (0.428247780101 0.462946502444 0) (0.429089098261 0.463499858023 0) (0.429930416421 0.464053213602 0) (0.430771734581 0.464606569181 0) (0.431613052741 0.46515992476 0) (0.432454370901 0.465713280339 0) (0.433295689061 0.466266635918 0) (0.434137007221 0.466819991497 0) (0.434978325381 0.467373347076 0) (0.435819643541 0.467926702655 0) (0.436660961701 0.468480058234 0) (0.437502279861 0.469033413813 0) (0.438343598021 0.469586769392 0) (0.439184916181 0.470140124971 0) (0.440026234341 0.47069348055 0) (0.440867552501 0.471246836129 0) (0.441708870661 0.471800191708 0) (0.442550188821 0.472353547287 0) (0.443391506981 0.472906902866 0) (0.444232825141 0.473460258445 0) (0.445074143302 0.474013614024 0) (0.445915461462 0.474566969603 0) (0.446756779622 0.475120325182 0) (0.447598097782 0.475673680761 0) (0.448439415942 0.47622703634 0) (0.449280734102 0.476780391919 0) (0.450122052262 0.477333747498 0) (0.450963370422 0.477887103077 0) (0.451804688582 0.478440458656 0) (0.452646006742 0.478993814235 0) (0.453487324902 0.479547169814 0) (0.454328643062 0.480100525393 0) (0.455169961222 0.480653880972 0) (0.456011279382 0.481207236551 0) (0.456852597542 0.48176059213 0) (0.457693915702 0.482313947709 0) (0.458535233862 0.482867303288 0) (0.459376552022 0.483420658867 0) (0.460217870182 0.483974014446 0) (0.461059188342 0.484527370025 0) (0.461900506502 0.485080725604 0) (0.462741824663 0.485634081183 0) (0.463583142823 0.486187436762 0) (0.464424460983 0.486740792341 0) (0.465265779143 0.48729414792 0) (0.466107097303 0.487847503499 0) (0.466948415463 0.488400859078 0))
    polyLine 45 49 ((0.219141683419 0.820047529883 -0.03) (0.222101831199 0.823719122532 -0.03) (0.225075861257 0.827400270326 -0.03) (0.228063921167 0.831091150584 -0.03) (0.231066160978 0.834791942504 -0.03) (0.234082733243 0.8385028272 -0.03) (0.237113793061 0.842223987744 -0.03) (0.240159498108 0.845955609202 -0.03) (0.243220008678 0.849697878673 -0.03) (0.246295487721 0.85345098533 -0.03) (0.249386100883 0.857215120464 -0.03) (0.252492016545 0.860990477523 -0.03) (0.255613405865 0.864777252156 -0.03) (0.258750442825 0.868575642257 -0.03) (0.26190330427 0.87238584801 -0.03) (0.265072169953 0.876208071938 -0.03) (0.268257222586 0.880042518944 -0.03) (0.271458647884 0.883889396364 -0.03) (0.274676634612 0.887748914016 -0.03) (0.27791137464 0.891621284246 -0.03) (0.28116306299 0.895506721984 -0.03) (0.28443189789 0.899405444794 -0.03) (0.287718080827 0.903317672929 -0.03))
    polyLine 47 51 ((0.219141683419 0.820047529883 0) (0.222101831199 0.823719122532 0) (0.225075861257 0.827400270326 0) (0.228063921167 0.831091150584 0) (0.231066160978 0.834791942504 0) (0.234082733243 0.8385028272 0) (0.237113793061 0.842223987744 0) (0.240159498108 0.845955609202 0) (0.243220008678 0.849697878673 0) (0.246295487721 0.85345098533 0) (0.249386100883 0.857215120464 0) (0.252492016545 0.860990477523 0) (0.255613405865 0.864777252156 0) (0.258750442825 0.868575642257 0) (0.26190330427 0.87238584801 0) (0.265072169953 0.876208071938 0) (0.268257222586 0.880042518944 0) (0.271458647884 0.883889396364 0) (0.274676634612 0.887748914016 0) (0.27791137464 0.891621284246 0) (0.28116306299 0.895506721984 0) (0.28443189789 0.899405444794 0) (0.287718080827 0.903317672929 0))
    polyLine 48 52 ((0.467789733623 0.488954214657 -0.03) (0.468631051783 0.489507570236 -0.03) (0.469472369943 0.490060925815 -0.03) (0.470313688103 0.490614281394 -0.03) (0.471155006263 0.491167636973 -0.03) (0.471996324423 0.491720992552 -0.03) (0.472837642583 0.492274348131 -0.03) (0.473678960743 0.49282770371 -0.03) (0.474520278903 0.493381059289 -0.03) (0.475361597063 0.493934414868 -0.03) (0.476202915223 0.494487770447 -0.03) (0.477044233383 0.495041126026 -0.03) (0.477885551543 0.495594481605 -0.03) (0.478726869703 0.496147837184 -0.03) (0.479568187864 0.496701192763 -0.03) (0.480409506024 0.497254548342 -0.03) (0.481250824184 0.497807903921 -0.03) (0.482092142344 0.4983612595 -0.03) (0.482933460504 0.49891461508 -0.03) (0.483774778664 0.499467970659 -0.03) (0.484616096824 0.500021326238 -0.03) (0.485457414984 0.500574681817 -0.03) (0.486298733144 0.501128037396 -0.03) (0.487140051304 0.501681392975 -0.03) (0.487981369464 0.502234748554 -0.03) (0.488822687624 0.502788104133 -0.03) (0.489664005784 0.503341459712 -0.03) (0.490505323944 0.503894815291 -0.03) (0.491346642104 0.50444817087 -0.03) (0.492187960264 0.505001526449 -0.03) (0.493029278424 0.505554882028 -0.03) (0.493870596584 0.506108237607 -0.03) (0.494711914744 0.506661593186 -0.03) (0.495553232904 0.507214948765 -0.03) (0.496394551064 0.507768304344 -0.03) (0.497235869225 0.508321659923 -0.03) (0.498077187385 0.508875015502 -0.03) (0.498918505545 0.509428371081 -0.03) (0.499759823705 0.50998172666 -0.03) (0.500601141865 0.510535082239 -0.03) (0.501442460025 0.511088437818 -0.03) (0.502283778185 0.511641793397 -0.03) (0.503125096345 0.512195148976 -0.03) (0.503966414505 0.512748504555 -0.03) (0.504807732665 0.513301860134 -0.03) (0.505649050825 0.513855215713 -0.03) (0.506490368985 0.514408571292 -0.03) (0.507331687145 0.514961926871 -0.03) (0.508173005305 0.51551528245 -0.03) (0.509014323465 0.516068638029 -0.03) (0.509855641625 0.516621993608 -0.03) (0.510696959785 0.517175349187 -0.03) (0.511538277945 0.517728704766 -0.03) (0.512379596105 0.518282060345 -0.03) (0.513220914265 0.518835415924 -0.03) (0.514062232425 0.519388771503 -0.03) (0.514903550586 0.519942127082 -0.03) (0.515744868746 0.520495482661 -0.03))
    polyLine 50 54 ((0.467789733623 0.488954214657 0) (0.468631051783 0.489507570236 0) (0.469472369943 0.490060925815 0) (0.470313688103 0.490614281394 0) (0.471155006263 0.491167636973 0) (0.471996324423 0.491720992552 0) (0.472837642583 0.492274348131 0) (0.473678960743 0.49282770371 0) (0.474520278903 0.493381059289 0) (0.475361597063 0.493934414868 0) (0.476202915223 0.494487770447 0) (0.477044233383 0.495041126026 0) (0.477885551543 0.495594481605 0) (0.478726869703 0.496147837184 0) (0.479568187864 0.496701192763 0) (0.480409506024 0.497254548342 0) (0.481250824184 0.497807903921 0) (0.482092142344 0.4983612595 0) (0.482933460504 0.49891461508 0) (0.483774778664 0.499467970659 0) (0.484616096824 0.500021326238 0) (0.485457414984 0.500574681817 0) (0.486298733144 0.501128037396 0) (0.487140051304 0.501681392975 0) (0.487981369464 0.502234748554 0) (0.488822687624 0.502788104133 0) (0.489664005784 0.503341459712 0) (0.490505323944 0.503894815291 0) (0.491346642104 0.50444817087 0) (0.492187960264 0.505001526449 0) (0.493029278424 0.505554882028 0) (0.493870596584 0.506108237607 0) (0.494711914744 0.506661593186 0) (0.495553232904 0.507214948765 0) (0.496394551064 0.507768304344 0) (0.497235869225 0.508321659923 0) (0.498077187385 0.508875015502 0) (0.498918505545 0.509428371081 0) (0.499759823705 0.50998172666 0) (0.500601141865 0.510535082239 0) (0.501442460025 0.511088437818 0) (0.502283778185 0.511641793397 0) (0.503125096345 0.512195148976 0) (0.503966414505 0.512748504555 0) (0.504807732665 0.513301860134 0) (0.505649050825 0.513855215713 0) (0.506490368985 0.514408571292 0) (0.507331687145 0.514961926871 0) (0.508173005305 0.51551528245 0) (0.509014323465 0.516068638029 0) (0.509855641625 0.516621993608 0) (0.510696959785 0.517175349187 0) (0.511538277945 0.517728704766 0) (0.512379596105 0.518282060345 0) (0.513220914265 0.518835415924 0) (0.514062232425 0.519388771503 0) (0.514903550586 0.519942127082 0) (0.515744868746 0.520495482661 0))
    polyLine 49 53 ((0.294211175304 0.911026935499 -0.03) (0.297417100786 0.914823312731 -0.03) (0.300639783356 0.918632966002 -0.03) (0.303879416335 0.92245610276 -0.03) (0.307136196108 0.926292933033 -0.03) (0.310410322181 0.930143669472 -0.03) (0.313701997228 0.934008527409 -0.03) (0.317011427154 0.937887724908 -0.03) (0.320338821145 0.941781482821 -0.03) (0.323684391725 0.945690024841 -0.03) (0.327048354822 0.949613577562 -0.03) (0.330430929819 0.953552370535 -0.03) (0.333832339624 0.957506636328 -0.03) (0.337252810727 0.961476610589 -0.03) (0.340692573269 0.965462532105 -0.03) (0.344151861108 0.969464642868 -0.03) (0.347630911884 0.973483188139 -0.03) (0.351129967093 0.977518416515 -0.03) (0.354649272156 0.981570579996 -0.03) (0.358189076492 0.985639934058 -0.03) (0.361749633595 0.989726737722 -0.03) (0.36533120111 0.993831253625 -0.03) (0.368934040912 0.997953748099 -0.03))
    polyLine 51 55 ((0.294211175304 0.911026935499 0) (0.297417100786 0.914823312731 0) (0.300639783356 0.918632966002 0) (0.303879416335 0.92245610276 0) (0.307136196108 0.926292933033 0) (0.310410322181 0.930143669472 0) (0.313701997228 0.934008527409 0) (0.317011427154 0.937887724908 0) (0.320338821145 0.941781482821 0) (0.323684391725 0.945690024841 0) (0.327048354822 0.949613577562 0) (0.330430929819 0.953552370535 0) (0.333832339624 0.957506636328 0) (0.337252810727 0.961476610589 0) (0.340692573269 0.965462532105 0) (0.344151861108 0.969464642868 0) (0.347630911884 0.973483188139 0) (0.351129967093 0.977518416515 0) (0.354649272156 0.981570579996 0) (0.358189076492 0.985639934058 0) (0.361749633595 0.989726737722 0) (0.36533120111 0.993831253625 0) (0.368934040912 0.997953748099 0))
    polyLine 52 56 ((0.516586186906 0.52104883824 -0.03) (0.517427505066 0.521602193819 -0.03) (0.518268823226 0.522155549398 -0.03) (0.519110141386 0.522708904977 -0.03) (0.519951459546 0.523262260556 -0.03) (0.520792777706 0.523815616135 -0.03) (0.521634095866 0.524368971714 -0.03) (0.522475414026 0.524922327293 -0.03) (0.523316732186 0.525475682872 -0.03) (0.524158050346 0.526029038451 -0.03) (0.524999368506 0.52658239403 -0.03) (0.525840686666 0.527135749609 -0.03) (0.526682004826 0.527689105188 -0.03) (0.527523322986 0.528242460767 -0.03) (0.528364641146 0.528795816346 -0.03) (0.529205959306 0.529349171925 -0.03) (0.530047277466 0.529902527504 -0.03) (0.530888595626 0.530455883083 -0.03) (0.531729913786 0.531009238662 -0.03) (0.532571231947 0.531562594241 -0.03) (0.533412550107 0.53211594982 -0.03) (0.534253868267 0.532669305399 -0.03) (0.535095186427 0.533222660978 -0.03) (0.535936504587 0.533776016557 -0.03) (0.536777822747 0.534329372136 -0.03) (0.537619140907 0.534882727715 -0.03) (0.538460459067 0.535436083294 -0.03) (0.539301777227 0.535989438873 -0.03) (0.540143095387 0.536542794452 -0.03) (0.540984413547 0.537096150031 -0.03) (0.541825731707 0.53764950561 -0.03) (0.542667049867 0.538202861189 -0.03) (0.543508368027 0.538756216768 -0.03) (0.544349686187 0.539309572347 -0.03) (0.545191004347 0.539862927926 -0.03) (0.546032322507 0.540416283505 -0.03) (0.546873640667 0.540969639084 -0.03) (0.547714958827 0.541522994663 -0.03) (0.548556276987 0.542076350242 -0.03) (0.549397595147 0.542629705821 -0.03) (0.550238913308 0.5431830614 -0.03) (0.551080231468 0.543736416979 -0.03) (0.551921549628 0.544289772558 -0.03) (0.552762867788 0.544843128137 -0.03) (0.553604185948 0.545396483717 -0.03) (0.554445504108 0.545949839296 -0.03) (0.555286822268 0.546503194875 -0.03) (0.556128140428 0.547056550454 -0.03) (0.556969458588 0.547609906033 -0.03) (0.557810776748 0.548163261612 -0.03) (0.558652094908 0.548716617191 -0.03) (0.559493413068 0.54926997277 -0.03) (0.560334731228 0.549823328349 -0.03) (0.561176049388 0.550376683928 -0.03) (0.562017367548 0.550930039507 -0.03) (0.562858685708 0.551483395086 -0.03) (0.563700003868 0.552036750665 -0.03) (0.564541322028 0.552590106244 -0.03) (0.565382640188 0.553143461823 -0.03))
    polyLine 54 58 ((0.516586186906 0.52104883824 0) (0.517427505066 0.521602193819 0) (0.518268823226 0.522155549398 0) (0.519110141386 0.522708904977 0) (0.519951459546 0.523262260556 0) (0.520792777706 0.523815616135 0) (0.521634095866 0.524368971714 0) (0.522475414026 0.524922327293 0) (0.523316732186 0.525475682872 0) (0.524158050346 0.526029038451 0) (0.524999368506 0.52658239403 0) (0.525840686666 0.527135749609 0) (0.526682004826 0.527689105188 0) (0.527523322986 0.528242460767 0) (0.528364641146 0.528795816346 0) (0.529205959306 0.529349171925 0) (0.530047277466 0.529902527504 0) (0.530888595626 0.530455883083 0) (0.531729913786 0.531009238662 0) (0.532571231947 0.531562594241 0) (0.533412550107 0.53211594982 0) (0.534253868267 0.532669305399 0) (0.535095186427 0.533222660978 0) (0.535936504587 0.533776016557 0) (0.536777822747 0.534329372136 0) (0.537619140907 0.534882727715 0) (0.538460459067 0.535436083294 0) (0.539301777227 0.535989438873 0) (0.540143095387 0.536542794452 0) (0.540984413547 0.537096150031 0) (0.541825731707 0.53764950561 0) (0.542667049867 0.538202861189 0) (0.543508368027 0.538756216768 0) (0.544349686187 0.539309572347 0) (0.545191004347 0.539862927926 0) (0.546032322507 0.540416283505 0) (0.546873640667 0.540969639084 0) (0.547714958827 0.541522994663 0) (0.548556276987 0.542076350242 0) (0.549397595147 0.542629705821 0) (0.550238913308 0.5431830614 0) (0.551080231468 0.543736416979 0) (0.551921549628 0.544289772558 0) (0.552762867788 0.544843128137 0) (0.553604185948 0.545396483717 0) (0.554445504108 0.545949839296 0) (0.555286822268 0.546503194875 0) (0.556128140428 0.547056550454 0) (0.556969458588 0.547609906033 0) (0.557810776748 0.548163261612 0) (0.558652094908 0.548716617191 0) (0.559493413068 0.54926997277 0) (0.560334731228 0.549823328349 0) (0.561176049388 0.550376683928 0) (0.562017367548 0.550930039507 0) (0.562858685708 0.551483395086 0) (0.563700003868 0.552036750665 0) (0.564541322028 0.552590106244 0) (0.565382640188 0.553143461823 0))
    polyLine 53 57 ((0.375984769576 1.00600316562 -0.03) (0.379430613662 1.00992843292 -0.03) (0.382896183256 1.01387052687 -0.03) (0.386381713797 1.0178296844 -0.03) (0.389887444411 1.02180614568 -0.03) (0.393413617987 1.02580015419 -0.03) (0.396960481239 1.02981195679 -0.03) (0.400528284786 1.03384180381 -0.03) (0.404117283217 1.03788994907 -0.03) (0.407727735173 1.04195664997 -0.03) (0.411359903422 1.0460421676 -0.03) (0.415014054935 1.05014676676 -0.03) (0.418690460972 1.05427071606 -0.03) (0.422389397158 1.05841428798 -0.03) (0.426111143575 1.062577759 -0.03) (0.429855984844 1.06676140961 -0.03) (0.433624210214 1.07096552445 -0.03) (0.437416113657 1.07519039234 -0.03) (0.441231993956 1.07943630644 -0.03) (0.445072154806 1.08370356426 -0.03) (0.448936904906 1.08799246781 -0.03) (0.452826558066 1.09230332367 -0.03) (0.456741433304 1.09663644308 -0.03))
    polyLine 55 59 ((0.375984769576 1.00600316562 0) (0.379430613662 1.00992843292 0) (0.382896183256 1.01387052687 0) (0.386381713797 1.0178296844 0) (0.389887444411 1.02180614568 0) (0.393413617987 1.02580015419 0) (0.396960481239 1.02981195679 0) (0.400528284786 1.03384180381 0) (0.404117283217 1.03788994907 0) (0.407727735173 1.04195664997 0) (0.411359903422 1.0460421676 0) (0.415014054935 1.05014676676 0) (0.418690460972 1.05427071606 0) (0.422389397158 1.05841428798 0) (0.426111143575 1.062577759 0) (0.429855984844 1.06676140961 0) (0.433624210214 1.07096552445 0) (0.437416113657 1.07519039234 0) (0.441231993956 1.07943630644 0) (0.445072154806 1.08370356426 0) (0.448936904906 1.08799246781 0) (0.452826558066 1.09230332367 0) (0.456741433304 1.09663644308 0))
    polyLine 56 60 ((0.566223958348 0.553696817402 -0.03) (0.567065276509 0.554250172981 -0.03) (0.567906594669 0.55480352856 -0.03) (0.568747912829 0.555356884139 -0.03) (0.569589230989 0.555910239718 -0.03) (0.570430549149 0.556463595297 -0.03) (0.571271867309 0.557016950876 -0.03) (0.572113185469 0.557570306455 -0.03) (0.572954503629 0.558123662034 -0.03) (0.573795821789 0.558677017613 -0.03) (0.574637139949 0.559230373192 -0.03) (0.575478458109 0.559783728771 -0.03) (0.576319776269 0.56033708435 -0.03) (0.577161094429 0.560890439929 -0.03) (0.578002412589 0.561443795508 -0.03) (0.578843730749 0.561997151087 -0.03) (0.579685048909 0.562550506666 -0.03) (0.580526367069 0.563103862245 -0.03) (0.581367685229 0.563657217824 -0.03) (0.582209003389 0.564210573403 -0.03) (0.583050321549 0.564763928982 -0.03) (0.583891639709 0.565317284561 -0.03) (0.58473295787 0.56587064014 -0.03) (0.58557427603 0.566423995719 -0.03) (0.58641559419 0.566977351298 -0.03) (0.58725691235 0.567530706877 -0.03) (0.58809823051 0.568084062456 -0.03) (0.58893954867 0.568637418035 -0.03) (0.58978086683 0.569190773614 -0.03) (0.59062218499 0.569744129193 -0.03) (0.59146350315 0.570297484772 -0.03) (0.59230482131 0.570850840351 -0.03) (0.59314613947 0.57140419593 -0.03) (0.59398745763 0.571957551509 -0.03) (0.59482877579 0.572510907088 -0.03) (0.59567009395 0.573064262667 -0.03) (0.59651141211 0.573617618246 -0.03) (0.59735273027 0.574170973825 -0.03) (0.59819404843 0.574724329404 -0.03) (0.59903536659 0.575277684983 -0.03) (0.59987668475 0.575831040562 -0.03) (0.60071800291 0.576384396141 -0.03) (0.60155932107 0.57693775172 -0.03) (0.602400639231 0.577491107299 -0.03) (0.603241957391 0.578044462878 -0.03) (0.604083275551 0.578597818457 -0.03) (0.604924593711 0.579151174036 -0.03) (0.605765911871 0.579704529615 -0.03) (0.606607230031 0.580257885194 -0.03) (0.607442764592 0.580802476065 -0.03) (0.608282796464 0.581340103884 -0.03) (0.609127267622 0.581870731515 -0.03) (0.609976119733 0.582394322303 -0.03) (0.610829294161 0.58291084008 -0.03) (0.611686731972 0.583420249168 -0.03) (0.612548373938 0.583922514379 -0.03) (0.613414160539 0.584417601018 -0.03) (0.614284031971 0.584905474886 -0.03) (0.615157928145 0.585386102284 -0.03))
    polyLine 58 62 ((0.566223958348 0.553696817402 0) (0.567065276509 0.554250172981 0) (0.567906594669 0.55480352856 0) (0.568747912829 0.555356884139 0) (0.569589230989 0.555910239718 0) (0.570430549149 0.556463595297 0) (0.571271867309 0.557016950876 0) (0.572113185469 0.557570306455 0) (0.572954503629 0.558123662034 0) (0.573795821789 0.558677017613 0) (0.574637139949 0.559230373192 0) (0.575478458109 0.559783728771 0) (0.576319776269 0.56033708435 0) (0.577161094429 0.560890439929 0) (0.578002412589 0.561443795508 0) (0.578843730749 0.561997151087 0) (0.579685048909 0.562550506666 0) (0.580526367069 0.563103862245 0) (0.581367685229 0.563657217824 0) (0.582209003389 0.564210573403 0) (0.583050321549 0.564763928982 0) (0.583891639709 0.565317284561 0) (0.58473295787 0.56587064014 0) (0.58557427603 0.566423995719 0) (0.58641559419 0.566977351298 0) (0.58725691235 0.567530706877 0) (0.58809823051 0.568084062456 0) (0.58893954867 0.568637418035 0) (0.58978086683 0.569190773614 0) (0.59062218499 0.569744129193 0) (0.59146350315 0.570297484772 0) (0.59230482131 0.570850840351 0) (0.59314613947 0.57140419593 0) (0.59398745763 0.571957551509 0) (0.59482877579 0.572510907088 0) (0.59567009395 0.573064262667 0) (0.59651141211 0.573617618246 0) (0.59735273027 0.574170973825 0) (0.59819404843 0.574724329404 0) (0.59903536659 0.575277684983 0) (0.59987668475 0.575831040562 0) (0.60071800291 0.576384396141 0) (0.60155932107 0.57693775172 0) (0.602400639231 0.577491107299 0) (0.603241957391 0.578044462878 0) (0.604083275551 0.578597818457 0) (0.604924593711 0.579151174036 0) (0.605765911871 0.579704529615 0) (0.606607230031 0.580257885194 0) (0.607442764592 0.580802476065 0) (0.608282796464 0.581340103884 0) (0.609127267622 0.581870731515 0) (0.609976119733 0.582394322303 0) (0.610829294161 0.58291084008 0) (0.611686731972 0.583420249168 0) (0.612548373938 0.583922514379 0) (0.613414160539 0.584417601018 0) (0.614284031971 0.584905474886 0) (0.615157928145 0.585386102284 0))
    polyLine 57 61 ((0.464357226926 1.10504976641 -0.03) (0.468055095737 1.10912732368 -0.03) (0.471775732376 1.11322507686 -0.03) (0.475519412071 1.11734329283 -0.03) (0.479286414371 1.12148224232 -0.03) (0.483077023237 1.12564220004 -0.03) (0.486891527119 1.12982344473 -0.03) (0.490730219048 1.13402625927 -0.03) (0.494593396726 1.13825093073 -0.03) (0.498481362613 1.14249775046 -0.03) (0.502394424026 1.14676701422 -0.03) (0.506332893231 1.15105902221 -0.03) (0.510297087545 1.15537407917 -0.03) (0.514287329434 1.15971249453 -0.03) (0.518303946616 1.16407458242 -0.03) (0.522347272169 1.16846066182 -0.03) (0.52641764464 1.17287105668 -0.03) (0.53051540815 1.17730609594 -0.03) (0.534640912516 1.18176611373 -0.03) (0.538794513361 1.18625144941 -0.03) (0.542976572239 1.1907624477 -0.03) (0.54718745675 1.19529945881 -0.03) (0.551427540676 1.19986283852 -0.03))
    polyLine 59 63 ((0.464357226926 1.10504976641 0) (0.468055095737 1.10912732368 0) (0.471775732376 1.11322507686 0) (0.475519412071 1.11734329283 0) (0.479286414371 1.12148224232 0) (0.483077023237 1.12564220004 0) (0.486891527119 1.12982344473 0) (0.490730219048 1.13402625927 0) (0.494593396726 1.13825093073 0) (0.498481362613 1.14249775046 0) (0.502394424026 1.14676701422 0) (0.506332893231 1.15105902221 0) (0.510297087545 1.15537407917 0) (0.514287329434 1.15971249453 0) (0.518303946616 1.16407458242 0) (0.522347272169 1.16846066182 0) (0.52641764464 1.17287105668 0) (0.53051540815 1.17730609594 0) (0.534640912516 1.18176611373 0) (0.538794513361 1.18625144941 0) (0.542976572239 1.1907624477 0) (0.54718745675 1.19529945881 0) (0.551427540676 1.19986283852 0))
    polyLine 60 64 ((0.616035788698 0.58585945001 -0.03) (0.616917552988 0.586325485368 -0.03) (0.617803160108 0.586784176166 -0.03) (0.618692548883 0.587235490719 -0.03) (0.619585657877 0.587679397853 -0.03) (0.620482425398 0.588115866903 -0.03) (0.621382789501 0.588544867721 -0.03) (0.622286687992 0.588966370672 -0.03) (0.623194058432 0.58938034664 -0.03) (0.624104838145 0.589786767031 -0.03) (0.625018964217 0.590185603769 -0.03) (0.625936373503 0.590576829305 -0.03) (0.626857002633 0.590960416614 -0.03) (0.627780788014 0.5913363392 -0.03) (0.628707665832 0.591704571095 -0.03) (0.629637572064 0.592065086863 -0.03) (0.630570442474 0.592417861602 -0.03) (0.631506212625 0.592762870942 -0.03) (0.632444817875 0.593100091052 -0.03) (0.633386193391 0.593429498638 -0.03) (0.634330274145 0.593751070945 -0.03) (0.635276994924 0.594064785762 -0.03) (0.636226290331 0.594370621417 -0.03) (0.637178094794 0.594668556784 -0.03) (0.638132342566 0.594958571284 -0.03) (0.639088967729 0.595240644883 -0.03) (0.640047904205 0.595514758097 -0.03) (0.641009085754 0.59578089199 -0.03) (0.641972445981 0.596039028181 -0.03) (0.64293791834 0.596289148836 -0.03) (0.643905436141 0.59653123668 -0.03) (0.644874932551 0.596765274988 -0.03) (0.645846340601 0.596991247596 -0.03) (0.64681959319 0.597209138894 -0.03) (0.647794623088 0.59741893383 -0.03) (0.648771362946 0.597620617913 -0.03) (0.649749745293 0.597814177211 -0.03) (0.650729702547 0.597999598354 -0.03) (0.651711167015 0.598176868534 -0.03) (0.652694070902 0.598345975505 -0.03) (0.653678346313 0.598506907586 -0.03) (0.654663925257 0.598659653661 -0.03) (0.655650739655 0.598804203179 -0.03) (0.656638721341 0.598940546154 -0.03) (0.65762780207 0.599068673169 -0.03) (0.658617913518 0.599188575372 -0.03) (0.659608987294 0.599300244483 -0.03) (0.660600954937 0.599403672786 -0.03) (0.661593747926 0.599498853138 -0.03) (0.662587297683 0.599585778963 -0.03) (0.663581535578 0.599664444258 -0.03) (0.664576392931 0.599734843589 -0.03) (0.665571801022 0.599796972092 -0.03) (0.666567691092 0.599850825476 -0.03) (0.667563994349 0.59989640002 -0.03) (0.668560641972 0.599933692578 -0.03) (0.669557565116 0.599962700572 -0.03) (0.670554694918 0.599983421999 -0.03) (0.671551962499 0.599995855428 -0.03))
    polyLine 62 66 ((0.616035788698 0.58585945001 0) (0.616917552988 0.586325485368 0) (0.617803160108 0.586784176166 0) (0.618692548883 0.587235490719 0) (0.619585657877 0.587679397853 0) (0.620482425398 0.588115866903 0) (0.621382789501 0.588544867721 0) (0.622286687992 0.588966370672 0) (0.623194058432 0.58938034664 0) (0.624104838145 0.589786767031 0) (0.625018964217 0.590185603769 0) (0.625936373503 0.590576829305 0) (0.626857002633 0.590960416614 0) (0.627780788014 0.5913363392 0) (0.628707665832 0.591704571095 0) (0.629637572064 0.592065086863 0) (0.630570442474 0.592417861602 0) (0.631506212625 0.592762870942 0) (0.632444817875 0.593100091052 0) (0.633386193391 0.593429498638 0) (0.634330274145 0.593751070945 0) (0.635276994924 0.594064785762 0) (0.636226290331 0.594370621417 0) (0.637178094794 0.594668556784 0) (0.638132342566 0.594958571284 0) (0.639088967729 0.595240644883 0) (0.640047904205 0.595514758097 0) (0.641009085754 0.59578089199 0) (0.641972445981 0.596039028181 0) (0.64293791834 0.596289148836 0) (0.643905436141 0.59653123668 0) (0.644874932551 0.596765274988 0) (0.645846340601 0.596991247596 0) (0.64681959319 0.597209138894 0) (0.647794623088 0.59741893383 0) (0.648771362946 0.597620617913 0) (0.649749745293 0.597814177211 0) (0.650729702547 0.597999598354 0) (0.651711167015 0.598176868534 0) (0.652694070902 0.598345975505 0) (0.653678346313 0.598506907586 0) (0.654663925257 0.598659653661 0) (0.655650739655 0.598804203179 0) (0.656638721341 0.598940546154 0) (0.65762780207 0.599068673169 0) (0.658617913518 0.599188575372 0) (0.659608987294 0.599300244483 0) (0.660600954937 0.599403672786 0) (0.661593747926 0.599498853138 0) (0.662587297683 0.599585778963 0) (0.663581535578 0.599664444258 0) (0.664576392931 0.599734843589 0) (0.665571801022 0.599796972092 0) (0.666567691092 0.599850825476 0) (0.667563994349 0.59989640002 0) (0.668560641972 0.599933692578 0) (0.669557565116 0.599962700572 0) (0.670554694918 0.599983421999 0) (0.671551962499 0.599995855428 0))
    polyLine 61 65 ((0.560150177352 1.2092347315 -0.03) (0.564635720832 1.2140459868 -0.03) (0.569154278903 1.21888713584 -0.03) (0.573706303818 1.2237586074 -0.03) (0.578292255901 1.22866083756 -0.03) (0.582912603719 1.23359426988 -0.03) (0.587567824271 1.23855935556 -0.03) (0.592258403175 1.24355655362 -0.03) (0.596984834861 1.24858633109 -0.03) (0.601747622774 1.25364916313 -0.03) (0.606547279572 1.25874553332 -0.03) (0.611384327342 1.26387593375 -0.03) (0.616259297816 1.26904086529 -0.03) (0.62117273259 1.27424083775 -0.03) (0.626125183353 1.27947637012 -0.03) (0.631117212125 1.28474799075 -0.03) (0.636149391494 1.2900562376 -0.03) (0.641222304868 1.29540165846 -0.03) (0.646336546727 1.30078481117 -0.03) (0.651492722888 1.30620626387 -0.03) (0.656691450772 1.31166659524 -0.03) (0.661933359687 1.31716639476 -0.03) (0.667219091107 1.32270626298 -0.03))
    polyLine 63 67 ((0.560150177352 1.2092347315 0) (0.564635720832 1.2140459868 0) (0.569154278903 1.21888713584 0) (0.573706303818 1.2237586074 0) (0.578292255901 1.22866083756 0) (0.582912603719 1.23359426988 0) (0.587567824271 1.23855935556 0) (0.592258403175 1.24355655362 0) (0.596984834861 1.24858633109 0) (0.601747622774 1.25364916313 0) (0.606547279572 1.25874553332 0) (0.611384327342 1.26387593375 0) (0.616259297816 1.26904086529 0) (0.62117273259 1.27424083775 0) (0.626125183353 1.27947637012 0) (0.631117212125 1.28474799075 0) (0.636149391494 1.2900562376 0) (0.641222304868 1.29540165846 0) (0.646336546727 1.30078481117 0) (0.651492722888 1.30620626387 0) (0.656691450772 1.31166659524 0) (0.661933359687 1.31716639476 0) (0.667219091107 1.32270626298 0))
);

boundary
(
    body_fore
    {
        type wall;
        faces
        (
            (0 2 6 4)
            (4 6 10 8)
            (8 10 14 12)
            (12 14 18 16)
            (16 18 22 20)
            (20 22 26 24)
            (24 26 30 28)
            (28 30 34 32)
            (32 34 38 36)
            (36 38 42 40)
            (40 42 46 44)
            (44 46 50 48)
            (48 50 54 52)
            (52 54 58 56)
            (56 58 62 60)
            (60 62 66 64)
        );
    }
    freestream
    {
        type patch;
        faces
        (
            (1 5 7 3)
            (5 9 11 7)
            (9 13 15 11)
            (13 17 19 15)
            (17 21 23 19)
            (21 25 27 23)
            (25 29 31 27)
            (29 33 35 31)
            (33 37 39 35)
            (37 41 43 39)
            (41 45 47 43)
            (45 49 51 47)
            (49 53 55 51)
            (53 57 59 55)
            (57 61 63 59)
            (61 65 67 63)
        );
    }
    outlet
    {
        type patch;
        faces
        (
            (64 66 67 65)
        );
    }
    axis
    {
        type patch;
        faces
        (
            (0 1 3 2)
        );
    }
    front
    {
        type patch;
        faces
        (
            (2 6 7 3)
            (6 10 11 7)
            (10 14 15 11)
            (14 18 19 15)
            (18 22 23 19)
            (22 26 27 23)
            (26 30 31 27)
            (30 34 35 31)
            (34 38 39 35)
            (38 42 43 39)
            (42 46 47 43)
            (46 50 51 47)
            (50 54 55 51)
            (54 58 59 55)
            (58 62 63 59)
            (62 66 67 63)
        );
    }
    back
    {
        type patch;
        faces
        (
            (0 1 5 4)
            (4 5 9 8)
            (8 9 13 12)
            (12 13 17 16)
            (16 17 21 20)
            (20 21 25 24)
            (24 25 29 28)
            (28 29 33 32)
            (32 33 37 36)
            (36 37 41 40)
            (40 41 45 44)
            (44 45 49 48)
            (48 49 53 52)
            (52 53 57 56)
            (56 57 61 60)
            (60 61 65 64)
        );
    }
);
