FoamFile
{
    version     2.0;
    format      ascii;
    class       dictionary;
    object      blockMeshDict;
}
// Generated by aether.cfd - do not edit by hand. Regenerate from the run config.

scale 1;

vertices
(
    (0 0 -0.03)
    (-0.180611098415 9.35378659036e-17 -0.03)
    (0 0 0)
    (-0.180611098415 9.35378659036e-17 0)
    (0.00347129746186 0.0552785317983 -0.03)
    (-0.176984083989 0.0724858767726 -0.03)
    (0.00347129746186 0.0552785317983 0)
    (-0.176984083989 0.0724858767726 0)
    (0.0138303681784 0.109688587811 -0.03)
    (-0.166302014882 0.144391945407 -0.03)
    (0.0138303681784 0.109688587811 0)
    (-0.166302014882 0.144391945407 0)
    (0.0309144657815 0.16237537207 -0.03)
    (-0.149090952985 0.215299658827 -0.03)
    (0.0309144657815 0.16237537207 0)
    (-0.149090952985 0.215299658827 0)
    (0.0544551931527 0.212511161617 -0.03)
    (-0.126032422572 0.285054336405 -0.03)
    (0.0544551931527 0.212511161617 0)
    (-0.126032422572 0.285054336405 0)
    (0.0840827189433 0.259308309967 -0.03)
    (-0.0977753929134 0.353792866308 -0.03)
    (0.0840827189433 0.259308309967 0)
    (-0.0977753929134 0.353792866308 0)
    (0.119331587602 0.302031620973 -0.03)
    (-0.064792969565 0.421922112292 -0.03)
    (0.119331587602 0.302031620973 0)
    (-0.064792969565 0.421922112292 0)
    (0.159648031634 0.34000989871 -0.03)
    (-0.0272955454637 0.490086257056 -0.03)
    (0.159648031634 0.34000989871 0)
    (-0.0272955454637 0.490086257056 0)
    (0.20439875233 0.37264636471 -0.03)
    (0.0148208140299 0.559152084719 -0.03)
    (0.20439875233 0.37264636471 0)
    (0.0148208140299 0.559152084719 0)
    (0.251323139808 0.402140265658 -0.03)
    (0.0625108522905 0.630938348941 -0.03)
    (0.251323139808 0.402140265658 0)
    (0.0625108522905 0.630938348941 0)
    (0.298252441313 0.431626382073 -0.03)
    (0.116661912973 0.706707842648 -0.03)
    (0.298252441313 0.431626382073 0)
    (0.116661912973 0.706707842648 0)
    (0.345181742818 0.461112498489 -0.03)
    (0.177293078093 0.786385511566 -0.03)
    (0.345181742818 0.461112498489 0)
    (0.177293078093 0.786385511566 0)
    (0.392111044323 0.490598614904 -0.03)
    (0.244374129703 0.869928593601 -0.03)
    (0.392111044323 0.490598614904 0)
    (0.244374129703 0.869928593601 0)
    (0.439040345827 0.52008473132 -0.03)
    (0.317854925263 0.957335253573 -0.03)
    (0.439040345827 0.52008473132 0)
    (0.317854925263 0.957335253573 0)
    (0.485969647332 0.549570847735 -0.03)
    (0.39768792579 1.04864622944 -0.03)
    (0.485969647332 0.549570847735 0)
    (0.39768792579 1.04864622944 0)
    (0.532898948837 0.57905696415 -0.03)
    (0.483844864546 1.14394391102 -0.03)
    (0.532898948837 0.57905696415 0)
    (0.483844864546 1.14394391102 0)
    (0.583183539915 0.6 -0.03)
    (0.583183539915 1.25061885137 -0.03)
    (0.583183539915 0.6 0)
    (0.583183539915 1.25061885137 0)
);

blocks
(
    hex (0 4 5 1 2 6 7 3) (8 96 1) simpleGrading (1 4 1)
    hex (4 8 9 5 6 10 11 7) (8 96 1) simpleGrading (1 4 1)
    hex (8 12 13 9 10 14 15 11) (8 96 1) simpleGrading (1 4 1)
    hex (12 16 17 13 14 18 19 15) (8 96 1) simpleGrading (1 4 1)
    hex (16 20 21 17 18 22 23 19) (8 96 1) simpleGrading (1 4 1)
    hex (20 24 25 21 22 26 27 23) (8 96 1) simpleGrading (1 4 1)
    hex (24 28 29 25 26 30 31 27) (8 96 1) simpleGrading (1 4 1)
    hex (28 32 33 29 30 34 35 31) (8 96 1) simpleGrading (1 4 1)
    hex (32 36 37 33 34 38 39 35) (8 96 1) simpleGrading (1 4 1)
    hex (36 40 41 37 38 42 43 39) (8 96 1) simpleGrading (1 4 1)
    hex (40 44 45 41 42 46 47 43) (8 96 1) simpleGrading (1 4 1)
    hex (44 48 49 45 46 50 51 47) (8 96 1) simpleGrading (1 4 1)
    hex (48 52 53 49 50 54 55 51) (8 96 1) simpleGrading (1 4 1)
    hex (52 56 57 53 54 58 59 55) (8 96 1) simpleGrading (1 4 1)
    hex (56 60 61 57 58 62 63 59) (8 96 1) simpleGrading (1 4 1)
    hex (60 64 65 61 62 66 67 63) (8 96 1) simpleGrading (1 4 1)
);

edges
(
    polyLine 0 4 ((1.06477700471e-06 0.000970067580932 -0.03) (4.25910288746e-06 0.00194013048694 -0.03) (9.58296225421e-06 0.00291018404311 -0.03) (1.70363294484e-05 0.00388022357459 -0.03) (2.66191685509e-05 0.0048502444066 -0.03) (3.83314333804e-05 0.00582024186442 -0.03) (5.21730674932e-05 0.00679021127347 -0.03) (6.81440041843e-05 0.00776014795929 -0.03) (8.62441664869e-05 0.00873004724759 -0.03) (0.000106473467173 0.00969990446426 -0.03) (0.000128831808754 0.0106697149354 -0.03) (0.000153319083481 0.0116394739873 -0.03) (0.000179935173346 0.0126091769465 -0.03) (0.000208679950081 0.0135788191398 -0.03) (0.00023955327516 0.0145483958944 -0.03) (0.000272554999799 0.0155179025378 -0.03) (0.000307684964957 0.0164873343976 -0.03) (0.000344943001336 0.0174566868021 -0.03) (0.000384328929383 0.0184259550797 -0.03) (0.000425842559291 0.0193951345594 -0.03) (0.000469483690998 0.0203642205705 -0.03) (0.000515252114189 0.0213332084429 -0.03) (0.0005631476083 0.0223020935067 -0.03) (0.000613169942512 0.0232708710929 -0.03) (0.000665318875759 0.0242395365326 -0.03) (0.000719594156727 0.0252080851577 -0.03) (0.000775995523853 0.0261765123006 -0.03) (0.000834522705329 0.0271448132943 -0.03) (0.000895175419103 0.0281129834723 -0.03) (0.000957953372878 0.0290810181689 -0.03) (0.00102285626412 0.030048912719 -0.03) (0.00108988378004 0.031016662458 -0.03) (0.00115903559763 0.0319842627223 -0.03) (0.00123031138363 0.0329517088488 -0.03) (0.00130371079456 0.0339189961752 -0.03) (0.00137923347668 0.03488612004 -0.03) (0.00145687906604 0.0358530757824 -0.03) (0.00153664718845 0.0368198587425 -0.03) (0.0016185374595 0.0377864642612 -0.03) (0.00170254948455 0.0387528876803 -0.03) (0.00178868285871 0.0397191243424 -0.03) (0.00187693716691 0.040685169591 -0.03) (0.00196731198382 0.0416510187707 -0.03) (0.00205980687393 0.0426166672267 -0.03) (0.00215442139146 0.0435821103055 -0.03) (0.00225115508048 0.0445473433544 -0.03) (0.00235000747478 0.0455123617218 -0.03) (0.002450978098 0.0464771607572 -0.03) (0.00255406646353 0.0474417358109 -0.03) (0.00265927207457 0.0484060822345 -0.03) (0.00276659442412 0.0493701953806 -0.03) (0.00287603299498 0.0503340706031 -0.03) (0.00298758725973 0.0512977032569 -0.03) (0.00310125668079 0.0522610886979 -0.03) (0.00321704071035 0.0532242222836 -0.03) (0.00333493879043 0.0541870993723 -0.03) (0.00345495035287 0.0551497153239 -0.03))
    polyLine 2 6 ((1.06477700471e-06 0.000970067580932 0) (4.25910288746e-06 0.00194013048694 0) (9.58296225421e-06 0.00291018404311 0) (1.70363294484e-05 0.00388022357459 0) (2.66191685509e-05 0.0048502444066 0) (3.83314333804e-05 0.00582024186442 0) (5.21730674932e-05 0.00679021127347 0) (6.81440041843e-05 0.00776014795929 0) (8.62441664869e-05 0.00873004724759 0) (0.000106473467173 0.00969990446426 0) (0.000128831808754 0.0106697149354 0) (0.000153319083481 0.0116394739873 0) (0.000179935173346 0.0126091769465 0) (0.000208679950081 0.0135788191398 0) (0.00023955327516 0.0145483958944 0) (0.000272554999799 0.0155179025378 0) (0.000307684964957 0.0164873343976 0) (0.000344943001336 0.0174566868021 0) (0.000384328929383 0.0184259550797 0) (0.000425842559291 0.0193951345594 0) (0.000469483690998 0.0203642205705 0) (0.000515252114189 0.0213332084429 0) (0.0005631476083 0.0223020935067 0) (0.000613169942512 0.0232708710929 0) (0.000665318875759 0.0242395365326 0) (0.000719594156727 0.0252080851577 0) (0.000775995523853 0.0261765123006 0) (0.000834522705329 0.0271448132943 0) (0.000895175419103 0.0281129834723 0) (0.000957953372878 0.0290810181689 0) (0.00102285626412 0.030048912719 0) (0.00108988378004 0.031016662458 0) (0.00115903559763 0.0319842627223 0) (0.00123031138363 0.0329517088488 0) (0.00130371079456 0.0339189961752 0) (0.00137923347668 0.03488612004 0) (0.00145687906604 0.0358530757824 0) (0.00153664718845 0.0368198587425 0) (0.0016185374595 0.0377864642612 0) (0.00170254948455 0.0387528876803 0) (0.00178868285871 0.0397191243424 0) (0.00187693716691 0.040685169591 0) (0.00196731198382 0.0416510187707 0) (0.00205980687393 0.0426166672267 0) (0.00215442139146 0.0435821103055 0) (0.00225115508048 0.0445473433544 0) (0.00235000747478 0.0455123617218 0) (0.002450978098 0.0464771607572 0) (0.00255406646353 0.0474417358109 0) (0.00265927207457 0.0484060822345 0) (0.00276659442412 0.0493701953806 0) (0.00287603299498 0.0503340706031 0) (0.00298758725973 0.0512977032569 0) (0.00310125668079 0.0522610886979 0) (0.00321704071035 0.0532242222836 0) (0.00333493879043 0.0541870993723 0) (0.00345495035287 0.0551497153239 0))
    polyLine 1 5 ((-0.180604767118 0.00302549842978 -0.03) (-0.180585773955 0.00605094133383 -0.03) (-0.180554121105 0.00907627321136 -0.03) (-0.180509812201 0.0121014386115 -0.03) (-0.180452852326 0.0151263821583 -0.03) (-0.180383248007 0.0181510485754 -0.03) (-0.180301007214 0.0211753827108 -0.03) (-0.180206139355 0.0241993295616 -0.03) (-0.180098655267 0.0272228342986 -0.03) (-0.179978567208 0.0302458422904 -0.03) (-0.179845888855 0.0332682991279 -0.03) (-0.179700635288 0.0362901506481 -0.03) (-0.179542822985 0.039311342958 -0.03) (-0.179372469807 0.0423318224581 -0.03) (-0.179189594991 0.045351535866 -0.03) (-0.178994219132 0.0483704302388 -0.03) (-0.178786364174 0.0513884529968 -0.03) (-0.178566053395 0.0544055519452 -0.03) (-0.17833331139 0.0574216752966 -0.03) (-0.178088164055 0.0604367716928 -0.03) (-0.177830638573 0.0634507902261 -0.03) (-0.177560763396 0.0664636804607 -0.03) (-0.177278568224 0.0694753924531 -0.03))
    polyLine 3 7 ((-0.180604767118 0.00302549842978 0) (-0.180585773955 0.00605094133383 0) (-0.180554121105 0.00907627321136 0) (-0.180509812201 0.0121014386115 0) (-0.180452852326 0.0151263821583 0) (-0.180383248007 0.0181510485754 0) (-0.180301007214 0.0211753827108 0) (-0.180206139355 0.0241993295616 0) (-0.180098655267 0.0272228342986 0) (-0.179978567208 0.0302458422904 0) (-0.179845888855 0.0332682991279 0) (-0.179700635288 0.0362901506481 0) (-0.179542822985 0.039311342958 0) (-0.179372469807 0.0423318224581 0) (-0.179189594991 0.045351535866 0) (-0.178994219132 0.0483704302388 0) (-0.178786364174 0.0513884529968 0) (-0.178566053395 0.0544055519452 0) (-0.17833331139 0.0574216752966 0) (-0.178088164055 0.0604367716928 0) (-0.177830638573 0.0634507902261 0) (-0.177560763396 0.0664636804607 0) (-0.177278568224 0.0694753924531 0))
    polyLine 4 8 ((0.0035770748193 0.0561120654993 -0.03) (0.00370131160118 0.0570741452607 -0.03) (0.0038276600998 0.0580359499718 -0.03) (0.00395611970627 0.0589974749973 -0.03) (0.0040866898015 0.0599587157037 -0.03) (0.00421936975626 0.0609196674584 -0.03) (0.00435415893115 0.0618803256306 -0.03) (0.00449105667659 0.0628406855905 -0.03) (0.00463006233284 0.0638007427101 -0.03) (0.00477117523002 0.0647604923626 -0.03) (0.00491439468807 0.0657199299229 -0.03) (0.00505972001679 0.0666790507673 -0.03) (0.00520715051584 0.0676378502736 -0.03) (0.00535668547473 0.0685963238212 -0.03) (0.00550832417281 0.069554466791 -0.03) (0.00566206587932 0.0705122745655 -0.03) (0.00581790985334 0.071469742529 -0.03) (0.00597585534384 0.0724268660672 -0.03) (0.00613590158965 0.0733836405676 -0.03) (0.00629804781947 0.0743400614192 -0.03) (0.00646229325191 0.075296124013 -0.03) (0.00662863709542 0.0762518237415 -0.03) (0.00679707854837 0.077207155999 -0.03) (0.00696761679901 0.0781621161816 -0.03) (0.00714025102548 0.0791166996873 -0.03) (0.00731498039584 0.0800709019155 -0.03) (0.00749180406803 0.081024718268 -0.03) (0.0076707211899 0.0819781441481 -0.03) (0.00785173089922 0.0829311749611 -0.03) (0.00803483232368 0.0838838061141 -0.03) (0.00822002458087 0.0848360330163 -0.03) (0.00840730677832 0.0857878510786 -0.03) (0.0085966780135 0.0867392557142 -0.03) (0.00878813737377 0.087690242338 -0.03) (0.00898168393647 0.0886408063671 -0.03) (0.00917731676886 0.0895909432205 -0.03) (0.00937503492815 0.0905406483194 -0.03) (0.00957483746151 0.0914899170869 -0.03) (0.00977672340604 0.0924387449484 -0.03) (0.00998069178884 0.0933871273313 -0.03) (0.0101867416269 0.0943350596651 -0.03) (0.0103948719273 0.0952825373817 -0.03) (0.010605081687 0.0962295559149 -0.03) (0.0108173698929 0.0971761107009 -0.03) (0.0110317355221 0.0981221971781 -0.03) (0.0112481775413 0.0990678107872 -0.03) (0.0114666949076 0.100012946971 -0.03) (0.011687286568 0.100957601175 -0.03) (0.0119099514592 0.101901768846 -0.03) (0.0121346885083 0.102845445435 -0.03) (0.0123614966321 0.103788626393 -0.03) (0.0125903747378 0.104731307176 -0.03) (0.0128213217222 0.10567348324 -0.03) (0.0130543364725 0.106615150045 -0.03) (0.0132894178656 0.107556303053 -0.03) (0.0135265647686 0.108496937728 -0.03) (0.0137657760388 0.109437049537 -0.03))
    polyLine 6 10 ((0.0035770748193 0.0561120654993 0) (0.00370131160118 0.0570741452607 0) (0.0038276600998 0.0580359499718 0) (0.00395611970627 0.0589974749973 0) (0.0040866898015 0.0599587157037 0) (0.00421936975626 0.0609196674584 0) (0.00435415893115 0.0618803256306 0) (0.00449105667659 0.0628406855905 0) (0.00463006233284 0.0638007427101 0) (0.00477117523002 0.0647604923626 0) (0.00491439468807 0.0657199299229 0) (0.00505972001679 0.0666790507673 0) (0.00520715051584 0.0676378502736 0) (0.00535668547473 0.0685963238212 0) (0.00550832417281 0.069554466791 0) (0.00566206587932 0.0705122745655 0) (0.00581790985334 0.071469742529 0) (0.00597585534384 0.0724268660672 0) (0.00613590158965 0.0733836405676 0) (0.00629804781947 0.0743400614192 0) (0.00646229325191 0.075296124013 0) (0.00662863709542 0.0762518237415 0) (0.00679707854837 0.077207155999 0) (0.00696761679901 0.0781621161816 0) (0.00714025102548 0.0791166996873 0) (0.00731498039584 0.0800709019155 0) (0.00749180406803 0.081024718268 0) (0.0076707211899 0.0819781441481 0) (0.00785173089922 0.0829311749611 0) (0.00803483232368 0.0838838061141 0) (0.00822002458087 0.0848360330163 0) (0.00840730677832 0.0857878510786 0) (0.0085966780135 0.0867392557142 0) (0.00878813737377 0.087690242338 0) (0.00898168393647 0.0886408063671 0) (0.00917731676886 0.0895909432205 0) (0.00937503492815 0.0905406483194 0) (0.00957483746151 0.0914899170869 0) (0.00977672340604 0.0924387449484 0) (0.00998069178884 0.0933871273313 0) (0.0101867416269 0.0943350596651 0) (0.0103948719273 0.0952825373817 0) (0.010605081687 0.0962295559149 0) (0.0108173698929 0.0971761107009 0) (0.0110317355221 0.0981221971781 0) (0.0112481775413 0.0990678107872 0) (0.0114666949076 0.100012946971 0) (0.011687286568 0.100957601175 0) (0.0119099514592 0.101901768846 0) (0.0121346885083 0.102845445435 0) (0.0123614966321 0.103788626393 0) (0.0125903747378 0.104731307176 0) (0.0128213217222 0.10567348324 0) (0.0130543364725 0.106615150045 0) (0.0132894178656 0.107556303053 0) (0.0135265647686 0.108496937728 0) (0.0137657760388 0.109437049537 0))
    polyLine 5 9 ((-0.17667672551 0.0755010206824 -0.03) (-0.17635709523 0.0785148343466 -0.03) (-0.176025227861 0.0815272697089 -0.03) (-0.175681159276 0.0845382793074 -0.03) (-0.175324926482 0.0875478162928 -0.03) (-0.174956567599 0.0905558344469 -0.03) (-0.174576121837 0.0935622881991 -0.03) (-0.17418362947 0.0965671326438 -0.03) (-0.173779131817 0.0995703235567 -0.03) (-0.17336267121 0.10257181741 -0.03) (-0.172934290973 0.10557157139 -0.03) (-0.172494035396 0.108569543408 -0.03) (-0.172041949709 0.111565692118 -0.03) (-0.171578080053 0.114559976929 -0.03) (-0.171102473456 0.117552358018 -0.03) (-0.170615177807 0.120542796345 -0.03) (-0.170116241823 0.12353125366 -0.03) (-0.16960571503 0.126517692521 -0.03) (-0.169083647726 0.1295020763 -0.03) (-0.168550090961 0.132484369197 -0.03) (-0.168005096503 0.135464536247 -0.03) (-0.167448716815 0.138442543331 -0.03) (-0.166881005021 0.141418357184 -0.03))
    polyLine 7 11 ((-0.17667672551 0.0755010206824 0) (-0.17635709523 0.0785148343466 0) (-0.176025227861 0.0815272697089 0) (-0.175681159276 0.0845382793074 0) (-0.175324926482 0.0875478162928 0) (-0.174956567599 0.0905558344469 0) (-0.174576121837 0.0935622881991 0) (-0.17418362947 0.0965671326438 0) (-0.173779131817 0.0995703235567 0) (-0.17336267121 0.10257181741 0) (-0.172934290973 0.10557157139 0) (-0.172494035396 0.108569543408 0) (-0.172041949709 0.111565692118 0) (-0.171578080053 0.114559976929 0) (-0.171102473456 0.117552358018 0) (-0.170615177807 0.120542796345 0) (-0.170116241823 0.12353125366 0) (-0.16960571503 0.126517692521 0) (-0.169083647726 0.1295020763 0) (-0.168550090961 0.132484369197 0) (-0.168005096503 0.135464536247 0) (-0.167448716815 0.138442543331 0) (-0.166881005021 0.141418357184 0))
    polyLine 8 12 ((0.0140070505233 0.110376633949 -0.03) (0.0142503870593 0.111315686437 -0.03) (0.0144957844742 0.112254202476 -0.03) (0.0147432415854 0.113192177541 -0.03) (0.0149927572003 0.114129607114 -0.03) (0.0152443301165 0.115066486675 -0.03) (0.0154979591216 0.116002811711 -0.03) (0.0157536429933 0.116938577709 -0.03) (0.0160113804994 0.11787378016 -0.03) (0.0162711703979 0.118808414556 -0.03) (0.0165330114367 0.119742476393 -0.03) (0.016796902354 0.12067596117 -0.03) (0.0170628418782 0.121608864388 -0.03) (0.0173308287275 0.122541181552 -0.03) (0.0176008616104 0.123472908168 -0.03) (0.0178729392258 0.124404039747 -0.03) (0.0181470602623 0.1253345718 -0.03) (0.0184232233989 0.126264499845 -0.03) (0.0187014273048 0.127193819398 -0.03) (0.0189816706392 0.128122525982 -0.03) (0.0192639520516 0.12905061512 -0.03) (0.0195482701816 0.129978082342 -0.03) (0.0198346236591 0.130904923175 -0.03) (0.0201230111041 0.131831133155 -0.03) (0.0204134311267 0.132756707818 -0.03) (0.0207058823274 0.133681642702 -0.03) (0.0210003632968 0.134605933351 -0.03) (0.0212968726157 0.135529575311 -0.03) (0.0215954088553 0.136452564129 -0.03) (0.0218959705769 0.137374895359 -0.03) (0.0221985563319 0.138296564554 -0.03) (0.0225031646621 0.139217567274 -0.03) (0.0228097940996 0.140137899081 -0.03) (0.0231184431668 0.141057555537 -0.03) (0.023429110376 0.141976532213 -0.03) (0.0237417942303 0.142894824679 -0.03) (0.0240564932227 0.143812428509 -0.03) (0.0243732058366 0.144729339282 -0.03) (0.0246919305458 0.145645552579 -0.03) (0.0250126658142 0.146561063984 -0.03) (0.0253354100962 0.147475869086 -0.03) (0.0256601618363 0.148389963475 -0.03) (0.0259869194697 0.149303342747 -0.03) (0.0263156814215 0.1502160025 -0.03) (0.0266464461073 0.151127938335 -0.03) (0.0269792119333 0.152039145858 -0.03) (0.0273139772958 0.152949620678 -0.03) (0.0276507405813 0.153859358407 -0.03) (0.0279895001671 0.15476835466 -0.03) (0.0283302544205 0.155676605057 -0.03) (0.0286730016995 0.156584105221 -0.03) (0.0290177403522 0.157490850779 -0.03) (0.0293644687173 0.158396837361 -0.03) (0.0297131851239 0.1593020606 -0.03) (0.0300638878914 0.160206516135 -0.03) (0.0304165753298 0.161110199606 -0.03) (0.0307712457393 0.162013106659 -0.03))
    polyLine 10 14 ((0.0140070505233 0.110376633949 0) (0.0142503870593 0.111315686437 0) (0.0144957844742 0.112254202476 0) (0.0147432415854 0.113192177541 0) (0.0149927572003 0.114129607114 0) (0.0152443301165 0.115066486675 0) (0.0154979591216 0.116002811711 0) (0.0157536429933 0.116938577709 0) (0.0160113804994 0.11787378016 0) (0.0162711703979 0.118808414556 0) (0.0165330114367 0.119742476393 0) (0.016796902354 0.12067596117 0) (0.0170628418782 0.121608864388 0) (0.0173308287275 0.122541181552 0) (0.0176008616104 0.123472908168 0) (0.0178729392258 0.124404039747 0) (0.0181470602623 0.1253345718 0) (0.0184232233989 0.126264499845 0) (0.0187014273048 0.127193819398 0) (0.0189816706392 0.128122525982 0) (0.0192639520516 0.12905061512 0) (0.0195482701816 0.129978082342 0) (0.0198346236591 0.130904923175 0) (0.0201230111041 0.131831133155 0) (0.0204134311267 0.132756707818 0) (0.0207058823274 0.133681642702 0) (0.0210003632968 0.134605933351 0) (0.0212968726157 0.135529575311 0) (0.0215954088553 0.136452564129 0) (0.0218959705769 0.137374895359 0) (0.0221985563319 0.138296564554 0) (0.0225031646621 0.139217567274 0) (0.0228097940996 0.140137899081 0) (0.0231184431668 0.141057555537 0) (0.023429110376 0.141976532213 0) (0.0237417942303 0.142894824679 0) (0.0240564932227 0.143812428509 0) (0.0243732058366 0.144729339282 0) (0.0246919305458 0.145645552579 0) (0.0250126658142 0.146561063984 0) (0.0253354100962 0.147475869086 0) (0.0256601618363 0.148389963475 0) (0.0259869194697 0.149303342747 0) (0.0263156814215 0.1502160025 0) (0.0266464461073 0.151127938335 0) (0.0269792119333 0.152039145858 0) (0.0273139772958 0.152949620678 0) (0.0276507405813 0.153859358407 0) (0.0279895001671 0.15476835466 0) (0.0283302544205 0.155676605057 0) (0.0286730016995 0.156584105221 0) (0.0290177403522 0.157490850779 0) (0.0293644687173 0.158396837361 0) (0.0297131851239 0.1593020606 0) (0.0300638878914 0.160206516135 0) (0.0304165753298 0.161110199606 0) (0.0307712457393 0.162013106659 0))
    polyLine 9 13 ((-0.165709431741 0.147375085959 -0.03) (-0.165105590797 0.150355920347 -0.03) (-0.164490548216 0.153334418455 -0.03) (-0.163864360691 0.15631055107 -0.03) (-0.163227085415 0.159284289889 -0.03) (-0.162578780056 0.162255607527 -0.03) (-0.16191950272 0.165224477522 -0.03) (-0.161249311933 0.168190874334 -0.03) (-0.1605682666 0.171154773355 -0.03) (-0.159876425988 0.174116150908 -0.03) (-0.15917384969 0.177074984254 -0.03) (-0.158460597601 0.180031251588 -0.03) (-0.157736729888 0.182984932047 -0.03) (-0.157002306963 0.185936005708 -0.03) (-0.156257389456 0.188884453592 -0.03) (-0.155502038187 0.191830257659 -0.03) (-0.154736314141 0.194773400813 -0.03) (-0.153960278438 0.197713866901 -0.03) (-0.153173992312 0.20065164071 -0.03) (-0.15237751708 0.203586707967 -0.03) (-0.151570914117 0.206519055337 -0.03) (-0.150754244836 0.209448670425 -0.03) (-0.149927570657 0.212375541765 -0.03))
    polyLine 11 15 ((-0.165709431741 0.147375085959 0) (-0.165105590797 0.150355920347 0) (-0.164490548216 0.153334418455 0) (-0.163864360691 0.15631055107 0) (-0.163227085415 0.159284289889 0) (-0.162578780056 0.162255607527 0) (-0.16191950272 0.165224477522 0) (-0.161249311933 0.168190874334 0) (-0.1605682666 0.171154773355 0) (-0.159876425988 0.174116150908 0) (-0.15917384969 0.177074984254 0) (-0.158460597601 0.180031251588 0) (-0.157736729888 0.182984932047 0) (-0.157002306963 0.185936005708 0) (-0.156257389456 0.188884453592 0) (-0.155502038187 0.191830257659 0) (-0.154736314141 0.194773400813 0) (-0.153960278438 0.197713866901 0) (-0.153173992312 0.20065164071 0) (-0.15237751708 0.203586707967 0) (-0.151570914117 0.206519055337 0) (-0.150754244836 0.209448670425 0) (-0.149927570657 0.212375541765 0))
    polyLine 12 16 ((0.0311278974108 0.162915232942 -0.03) (0.0314865286254 0.163816574108 -0.03) (0.031847137655 0.164717125812 -0.03) (0.0322097227615 0.165616883717 -0.03) (0.0325742821978 0.166515843484 -0.03) (0.0329408142069 0.167414000781 -0.03) (0.0333093170223 0.168311351282 -0.03) (0.0336797888683 0.16920789066 -0.03) (0.0340522279595 0.170103614595 -0.03) (0.034426632501 0.170998518772 -0.03) (0.0348030006885 0.171892598876 -0.03) (0.0351813307082 0.172785850599 -0.03) (0.0355616207369 0.173678269637 -0.03) (0.0359438689419 0.174569851689 -0.03) (0.036328073481 0.175460592458 -0.03) (0.0367142325028 0.176350487651 -0.03) (0.0371023441462 0.177239532981 -0.03) (0.0374924065409 0.178127724162 -0.03) (0.0378844178071 0.179015056913 -0.03) (0.0382783760556 0.17990152696 -0.03) (0.0386742793879 0.18078713003 -0.03) (0.039072125896 0.181671861854 -0.03) (0.0394719136626 0.18255571817 -0.03) (0.0398736407612 0.183438694718 -0.03) (0.0402773052556 0.184320787242 -0.03) (0.0406829052007 0.185201991492 -0.03) (0.0410904386416 0.18608230322 -0.03) (0.0414999036145 0.186961718186 -0.03) (0.0419112981461 0.18784023215 -0.03) (0.0423246202537 0.188717840878 -0.03) (0.0427398679455 0.189594540142 -0.03) (0.0431570392204 0.190470325717 -0.03) (0.0435761320679 0.191345193382 -0.03) (0.0439971444684 0.19221913892 -0.03) (0.0444200743929 0.19309215812 -0.03) (0.0448449198032 0.193964246776 -0.03) (0.0452716786519 0.194835400683 -0.03) (0.0457003488825 0.195705615644 -0.03) (0.046130928429 0.196574887466 -0.03) (0.0465634152165 0.197443211958 -0.03) (0.0469978071607 0.198310584937 -0.03) (0.0474341021681 0.199177002222 -0.03) (0.0478722981363 0.200042459638 -0.03) (0.0483123929534 0.200906953014 -0.03) (0.0487543844986 0.201770478184 -0.03) (0.0491982706419 0.202633030986 -0.03) (0.049644049244 0.203494607265 -0.03) (0.0500917181567 0.204355202866 -0.03) (0.0505412752226 0.205214813644 -0.03) (0.0509927182752 0.206073435456 -0.03) (0.0514460451388 0.206931064164 -0.03) (0.051901253629 0.207787695634 -0.03) (0.0523583415518 0.208643325739 -0.03) (0.0528173067046 0.209497950354 -0.03) (0.0532781468755 0.210351565363 -0.03) (0.0537408598436 0.21120416665 -0.03) (0.0542054433791 0.212055750106 -0.03))
    polyLine 14 18 ((0.0311278974108 0.162915232942 0) (0.0314865286254 0.163816574108 0) (0.031847137655 0.164717125812 0) (0.0322097227615 0.165616883717 0) (0.0325742821978 0.166515843484 0) (0.0329408142069 0.167414000781 0) (0.0333093170223 0.168311351282 0) (0.0336797888683 0.16920789066 0) (0.0340522279595 0.170103614595 0) (0.034426632501 0.170998518772 0) (0.0348030006885 0.171892598876 0) (0.0351813307082 0.172785850599 0) (0.0355616207369 0.173678269637 0) (0.0359438689419 0.174569851689 0) (0.036328073481 0.175460592458 0) (0.0367142325028 0.176350487651 0) (0.0371023441462 0.177239532981 0) (0.0374924065409 0.178127724162 0) (0.0378844178071 0.179015056913 0) (0.0382783760556 0.17990152696 0) (0.0386742793879 0.18078713003 0) (0.039072125896 0.181671861854 0) (0.0394719136626 0.18255571817 0) (0.0398736407612 0.183438694718 0) (0.0402773052556 0.184320787242 0) (0.0406829052007 0.185201991492 0) (0.0410904386416 0.18608230322 0) (0.0414999036145 0.186961718186 0) (0.0419112981461 0.18784023215 0) (0.0423246202537 0.188717840878 0) (0.0427398679455 0.189594540142 0) (0.0431570392204 0.190470325717 0) (0.0435761320679 0.191345193382 0) (0.0439971444684 0.19221913892 0) (0.0444200743929 0.19309215812 0) (0.0448449198032 0.193964246776 0) (0.0452716786519 0.194835400683 0) (0.0457003488825 0.195705615644 0) (0.046130928429 0.196574887466 0) (0.0465634152165 0.197443211958 0) (0.0469978071607 0.198310584937 0) (0.0474341021681 0.199177002222 0) (0.0478722981363 0.200042459638 0) (0.0483123929534 0.200906953014 0) (0.0487543844986 0.201770478184 0) (0.0491982706419 0.202633030986 0) (0.049644049244 0.203494607265 0) (0.0500917181567 0.204355202866 0) (0.0505412752226 0.205214813644 0) (0.0509927182752 0.206073435456 0) (0.0514460451388 0.206931064164 0) (0.051901253629 0.207787695634 0) (0.0523583415518 0.208643325739 0) (0.0528173067046 0.209497950354 0) (0.0532781468755 0.210351565363 0) (0.0537408598436 0.21120416665 0) (0.0542054433791 0.212055750106 0))
    polyLine 13 17 ((-0.148239314935 0.218238633103 -0.03) (-0.147377737547 0.221174801205 -0.03) (-0.14650628315 0.224108155246 -0.03) (-0.145625013963 0.227038688277 -0.03) (-0.14473399207 0.229966394284 -0.03) (-0.143833279394 0.232891268184 -0.03) (-0.142922937682 0.235813305821 -0.03) (-0.142003028476 0.238732503959 -0.03) (-0.141073613094 0.241648860277 -0.03) (-0.140134752611 0.244562373364 -0.03) (-0.139186507836 0.247473042712 -0.03) (-0.138228939292 0.25038086871 -0.03) (-0.1372621072 0.253285852639 -0.03) (-0.136286071455 0.256187996663 -0.03) (-0.135300891609 0.259087303824 -0.03) (-0.134306626854 0.261983778033 -0.03) (-0.133303336006 0.264877424067 -0.03) (-0.132291077481 0.267768247558 -0.03) (-0.131269909286 0.270656254985 -0.03) (-0.130239888998 0.273541453669 -0.03) (-0.129201073749 0.276423851765 -0.03) (-0.128153520211 0.279303458254 -0.03) (-0.127097284583 0.282180282931 -0.03))
    polyLine 15 19 ((-0.148239314935 0.218238633103 0) (-0.147377737547 0.221174801205 0) (-0.14650628315 0.224108155246 0) (-0.145625013963 0.227038688277 0) (-0.14473399207 0.229966394284 0) (-0.143833279394 0.232891268184 0) (-0.142922937682 0.235813305821 0) (-0.142003028476 0.238732503959 0) (-0.141073613094 0.241648860277 0) (-0.140134752611 0.244562373364 0) (-0.139186507836 0.247473042712 0) (-0.138228939292 0.25038086871 0) (-0.1372621072 0.253285852639 0) (-0.136286071455 0.256187996663 0) (-0.135300891609 0.259087303824 0) (-0.134306626854 0.261983778033 0) (-0.133303336006 0.264877424067 0) (-0.132291077481 0.267768247558 0) (-0.131269909286 0.270656254985 0) (-0.130239888998 0.273541453669 0) (-0.129201073749 0.276423851765 0) (-0.128153520211 0.279303458254 0) (-0.127097284583 0.282180282931 0))
    polyLine 16 20 ((0.054671895243 0.212906311629 -0.03) (0.0551402131873 0.213755847119 -0.03) (0.0556103949553 0.214604352482 -0.03) (0.056082438281 0.215451823628 -0.03) (0.0565563408896 0.216298256474 -0.03) (0.0570321004971 0.217143646941 -0.03) (0.057509714811 0.217987990954 -0.03) (0.0579891815294 0.218831284444 -0.03) (0.0584704983417 0.219673523348 -0.03) (0.0589536629284 0.220514703607 -0.03) (0.059438672961 0.221354821166 -0.03) (0.0599255261022 0.222193871978 -0.03) (0.0604142200057 0.223031851998 -0.03) (0.0609047523164 0.223868757188 -0.03) (0.0613971206704 0.224704583515 -0.03) (0.0618913226949 0.225539326952 -0.03) (0.0623873560082 0.226372983474 -0.03) (0.0628852182198 0.227205549065 -0.03) (0.0633849069305 0.228037019713 -0.03) (0.0638864197321 0.22886739141 -0.03) (0.0643897542079 0.229696660154 -0.03) (0.0648949079321 0.23052482195 -0.03) (0.0654018784703 0.231351872807 -0.03) (0.0659106633793 0.232177808737 -0.03) (0.0664212602072 0.233002625762 -0.03) (0.0669336664934 0.233826319907 -0.03) (0.0674478797684 0.2346488872 -0.03) (0.0679638975542 0.23547032368 -0.03) (0.068481717364 0.236290625387 -0.03) (0.0690013367024 0.237109788367 -0.03) (0.0695227530652 0.237927808674 -0.03) (0.0700459639396 0.238744682364 -0.03) (0.0705709668041 0.239560405502 -0.03) (0.0710977591287 0.240374974156 -0.03) (0.0716263383747 0.241188384401 -0.03) (0.0721567019948 0.242000632316 -0.03) (0.072688847433 0.242811713987 -0.03) (0.0732227721248 0.243621625507 -0.03) (0.0737584734972 0.24443036297 -0.03) (0.0742959489686 0.245237922481 -0.03) (0.0748351959486 0.246044300146 -0.03) (0.0753762118387 0.246849492081 -0.03) (0.0759189940315 0.247653494405 -0.03) (0.0764635399113 0.248456303243 -0.03) (0.0770098468539 0.249257914726 -0.03) (0.0775579122264 0.250058324991 -0.03) (0.0781077333877 0.250857530181 -0.03) (0.0786593076881 0.251655526445 -0.03) (0.0792126324694 0.252452309936 -0.03) (0.079767705065 0.253247876815 -0.03) (0.0803245228001 0.254042223248 -0.03) (0.0808830829911 0.254835345406 -0.03) (0.0814433829463 0.255627239468 -0.03) (0.0820054199655 0.256417901617 -0.03) (0.0825691913401 0.257207328044 -0.03) (0.0831346943532 0.257995514943 -0.03) (0.0837019262796 0.258782458515 -0.03))
    polyLine 18 22 ((0.054671895243 0.212906311629 0) (0.0551402131873 0.213755847119 0) (0.0556103949553 0.214604352482 0) (0.056082438281 0.215451823628 0) (0.0565563408896 0.216298256474 0) (0.0570321004971 0.217143646941 0) (0.057509714811 0.217987990954 0) (0.0579891815294 0.218831284444 0) (0.0584704983417 0.219673523348 0) (0.0589536629284 0.220514703607 0) (0.059438672961 0.221354821166 0) (0.0599255261022 0.222193871978 0) (0.0604142200057 0.223031851998 0) (0.0609047523164 0.223868757188 0) (0.0613971206704 0.224704583515 0) (0.0618913226949 0.225539326952 0) (0.0623873560082 0.226372983474 0) (0.0628852182198 0.227205549065 0) (0.0633849069305 0.228037019713 0) (0.0638864197321 0.22886739141 0) (0.0643897542079 0.229696660154 0) (0.0648949079321 0.23052482195 0) (0.0654018784703 0.231351872807 0) (0.0659106633793 0.232177808737 0) (0.0664212602072 0.233002625762 0) (0.0669336664934 0.233826319907 0) (0.0674478797684 0.2346488872 0) (0.0679638975542 0.23547032368 0) (0.068481717364 0.236290625387 0) (0.0690013367024 0.237109788367 0) (0.0695227530652 0.237927808674 0) (0.0700459639396 0.238744682364 0) (0.0705709668041 0.239560405502 0) (0.0710977591287 0.240374974156 0) (0.0716263383747 0.241188384401 0) (0.0721567019948 0.242000632316 0) (0.072688847433 0.242811713987 0) (0.0732227721248 0.243621625507 0) (0.0737584734972 0.24443036297 0) (0.0742959489686 0.245237922481 0) (0.0748351959486 0.246044300146 0) (0.0753762118387 0.246849492081 0) (0.0759189940315 0.247653494405 0) (0.0764635399113 0.248456303243 0) (0.0770098468539 0.249257914726 0) (0.0775579122264 0.250058324991 0) (0.0781077333877 0.250857530181 0) (0.0786593076881 0.251655526445 0) (0.0792126324694 0.252452309936 0) (0.079767705065 0.253247876815 0) (0.0803245228001 0.254042223248 0) (0.0808830829911 0.254835345406 0) (0.0814433829463 0.255627239468 0) (0.0820054199655 0.256417901617 0) (0.0825691913401 0.257207328044 0) (0.0831346943532 0.257995514943 0) (0.0837019262796 0.258782458515 0))
    polyLine 17 21 ((-0.124950178088 0.287949093722 -0.03) (-0.123859277737 0.29084105844 -0.03) (-0.122759777009 0.293730243878 -0.03) (-0.121651730831 0.296616664156 -0.03) (-0.120535193556 0.299500334189 -0.03) (-0.119410218953 0.302381269676 -0.03) (-0.11827686019 0.305259487091 -0.03) (-0.117135169824 0.30813500368 -0.03) (-0.115985199794 0.311007837442 -0.03) (-0.114827001405 0.31387800713 -0.03) (-0.113660625321 0.316745532238 -0.03) (-0.112486121553 0.31961043299 -0.03) (-0.111303539451 0.322472730337 -0.03) (-0.110112927695 0.325332445941 -0.03) (-0.108914334285 0.328189602175 -0.03) (-0.107707806535 0.331044222106 -0.03) (-0.10649339106 0.333896329491 -0.03) (-0.105271133777 0.336745948769 -0.03) (-0.104041079887 0.339593105049 -0.03) (-0.102803273878 0.342437824105 -0.03) (-0.101557759513 0.345280132365 -0.03) (-0.100304579823 0.348120056904 -0.03) (-0.0990437771049 0.350957625437 -0.03))
    polyLine 19 23 ((-0.124950178088 0.287949093722 0) (-0.123859277737 0.29084105844 0) (-0.122759777009 0.293730243878 0) (-0.121651730831 0.296616664156 0) (-0.120535193556 0.299500334189 0) (-0.119410218953 0.302381269676 0) (-0.11827686019 0.305259487091 0) (-0.117135169824 0.30813500368 0) (-0.115985199794 0.311007837442 0) (-0.114827001405 0.31387800713 0) (-0.113660625321 0.316745532238 0) (-0.112486121553 0.31961043299 0) (-0.111303539451 0.322472730337 0) (-0.110112927695 0.325332445941 0) (-0.108914334285 0.328189602175 0) (-0.107707806535 0.331044222106 0) (-0.10649339106 0.333896329491 0) (-0.105271133777 0.336745948769 0) (-0.104041079887 0.339593105049 0) (-0.102803273878 0.342437824105 0) (-0.101557759513 0.345280132365 0) (-0.100304579823 0.348120056904 0) (-0.0990437771049 0.350957625437 0))
    polyLine 20 24 ((0.0842708843857 0.25956815497 -0.03) (0.0848415659296 0.26035260052 -0.03) (0.0854139681609 0.261135791385 -0.03) (0.0859880883214 0.26191772379 -0.03) (0.086563923644 0.262698393968 -0.03) (0.0871414713539 0.263477798156 -0.03) (0.0877207286677 0.264255932598 -0.03) (0.0883016927938 0.265032793544 -0.03) (0.0888843609325 0.26580837725 -0.03) (0.0894687302759 0.266582679979 -0.03) (0.0900547980076 0.267355697999 -0.03) (0.0906425613034 0.268127427585 -0.03) (0.0912320173307 0.268897865017 -0.03) (0.0918231632489 0.269667006583 -0.03) (0.0924159962091 0.270434848577 -0.03) (0.0930105133543 0.271201387297 -0.03) (0.0936067118194 0.27196661905 -0.03) (0.0942045887314 0.272730540147 -0.03) (0.0948041412088 0.273493146908 -0.03) (0.0954053663623 0.274254435658 -0.03) (0.0960082612946 0.275014402727 -0.03) (0.0966128231001 0.275773044453 -0.03) (0.0972190488655 0.27653035718 -0.03) (0.0978269356691 0.277286337259 -0.03) (0.0984364805814 0.278040981046 -0.03) (0.0990476806651 0.278794284904 -0.03) (0.0996605329745 0.279546245204 -0.03) (0.100275034556 0.280296858321 -0.03) (0.100891182449 0.281046120638 -0.03) (0.101508973683 0.281794028544 -0.03) (0.102128405282 0.282540578435 -0.03) (0.10274947426 0.283285766713 -0.03) (0.103372177624 0.284029589787 -0.03) (0.103996512373 0.284772044073 -0.03) (0.104622475499 0.285513125992 -0.03) (0.105250063985 0.286252831973 -0.03) (0.105879274806 0.286991158451 -0.03) (0.10651010493 0.287728101867 -0.03) (0.107142551317 0.288463658672 -0.03) (0.107776610919 0.289197825319 -0.03) (0.108412280681 0.289930598271 -0.03) (0.109049557539 0.290661973996 -0.03) (0.109688438422 0.29139194897 -0.03) (0.110328920251 0.292120519675 -0.03) (0.11097099994 0.2928476826 -0.03) (0.111614674394 0.29357343424 -0.03) (0.112259940511 0.294297771098 -0.03) (0.112906795181 0.295020689683 -0.03) (0.113555235288 0.295742186511 -0.03) (0.114205257706 0.296462258105 -0.03) (0.114856859303 0.297180900996 -0.03) (0.115510036939 0.297898111719 -0.03) (0.116164787465 0.298613886819 -0.03) (0.116821107726 0.299328222847 -0.03) (0.117478994561 0.300041116358 -0.03) (0.118138444797 0.300752563919 -0.03) (0.118799455257 0.301462562099 -0.03))
    polyLine 22 26 ((0.0842708843857 0.25956815497 0) (0.0848415659296 0.26035260052 0) (0.0854139681609 0.261135791385 0) (0.0859880883214 0.26191772379 0) (0.086563923644 0.262698393968 0) (0.0871414713539 0.263477798156 0) (0.0877207286677 0.264255932598 0) (0.0883016927938 0.265032793544 0) (0.0888843609325 0.26580837725 0) (0.0894687302759 0.266582679979 0) (0.0900547980076 0.267355697999 0) (0.0906425613034 0.268127427585 0) (0.0912320173307 0.268897865017 0) (0.0918231632489 0.269667006583 0) (0.0924159962091 0.270434848577 0) (0.0930105133543 0.271201387297 0) (0.0936067118194 0.27196661905 0) (0.0942045887314 0.272730540147 0) (0.0948041412088 0.273493146908 0) (0.0954053663623 0.274254435658 0) (0.0960082612946 0.275014402727 0) (0.0966128231001 0.275773044453 0) (0.0972190488655 0.27653035718 0) (0.0978269356691 0.277286337259 0) (0.0984364805814 0.278040981046 0) (0.0990476806651 0.278794284904 0) (0.0996605329745 0.279546245204 0) (0.100275034556 0.280296858321 0) (0.100891182449 0.281046120638 0) (0.101508973683 0.281794028544 0) (0.102128405282 0.282540578435 0) (0.10274947426 0.283285766713 0) (0.103372177624 0.284029589787 0) (0.103996512373 0.284772044073 0) (0.104622475499 0.285513125992 0) (0.105250063985 0.286252831973 0) (0.105879274806 0.286991158451 0) (0.10651010493 0.287728101867 0) (0.107142551317 0.288463658672 0) (0.107776610919 0.289197825319 0) (0.108412280681 0.289930598271 0) (0.109049557539 0.290661973996 0) (0.109688438422 0.29139194897 0) (0.110328920251 0.292120519675 0) (0.11097099994 0.2928476826 0) (0.111614674394 0.29357343424 0) (0.112259940511 0.294297771098 0) (0.112906795181 0.295020689683 0) (0.113555235288 0.295742186511 0) (0.114205257706 0.296462258105 0) (0.114856859303 0.297180900996 0) (0.115510036939 0.297898111719 0) (0.116164787465 0.298613886819 0) (0.116821107726 0.299328222847 0) (0.117478994561 0.300041116358 0) (0.118138444797 0.300752563919 0) (0.118799455257 0.301462562099 0))
    polyLine 21 25 ((-0.0964861255255 0.356655333091 -0.03) (-0.0951892007277 0.359515483517 -0.03) (-0.093884659048 0.362373348739 -0.03) (-0.0925725402207 0.365228960534 -0.03) (-0.0912528831819 0.368082351293 -0.03) (-0.0899257260653 0.370933554017 -0.03) (-0.0885911061984 0.373782602306 -0.03) (-0.0872490600986 0.376629530354 -0.03) (-0.0858996234701 0.37947437294 -0.03) (-0.0845428312004 0.382317165418 -0.03) (-0.0831787173577 0.385157943715 -0.03) (-0.081807315188 0.38799674432 -0.03) (-0.0804286571126 0.390833604277 -0.03) (-0.0790427747259 0.393668561181 -0.03) (-0.0776496987931 0.396501653167 -0.03) (-0.0762494592488 0.399332918906 -0.03) (-0.0748420851944 0.4021623976 -0.03) (-0.0734276048975 0.404990128973 -0.03) (-0.0720060457899 0.407816153263 -0.03) (-0.0705774344663 0.410640511222 -0.03) (-0.0691417966839 0.413463244104 -0.03) (-0.0676991573607 0.416284393664 -0.03) (-0.0662495405751 0.419104002148 -0.03))
    polyLine 23 27 ((-0.0964861255255 0.356655333091 0) (-0.0951892007277 0.359515483517 0) (-0.093884659048 0.362373348739 0) (-0.0925725402207 0.365228960534 0) (-0.0912528831819 0.368082351293 0) (-0.0899257260653 0.370933554017 0) (-0.0885911061984 0.373782602306 0) (-0.0872490600986 0.376629530354 0) (-0.0858996234701 0.37947437294 0) (-0.0845428312004 0.382317165418 0) (-0.0831787173577 0.385157943715 0) (-0.081807315188 0.38799674432 0) (-0.0804286571126 0.390833604277 0) (-0.0790427747259 0.393668561181 0) (-0.0776496987931 0.396501653167 0) (-0.0762494592488 0.399332918906 0) (-0.0748420851944 0.4021623976 0) (-0.0734276048975 0.404990128973 0) (-0.0720060457899 0.407816153263 0) (-0.0705774344663 0.410640511222 0) (-0.0691417966839 0.413463244104 0) (-0.0676991573607 0.416284393664 0) (-0.0662495405751 0.419104002148 0))
    polyLine 24 28 ((0.119462022756 0.302171107479 -0.03) (0.1201261441 0.302878196643 -0.03) (0.120791816089 0.303583826183 -0.03) (0.121459035515 0.3042879927 -0.03) (0.122127799162 0.304990692799 -0.03) (0.122798103808 0.305691923094 -0.03) (0.123469946223 0.306391680206 -0.03) (0.124143323168 0.307089960762 -0.03) (0.124818231398 0.307786761397 -0.03) (0.125494667662 0.308482078754 -0.03) (0.126172628698 0.309175909482 -0.03) (0.126852111241 0.309868250236 -0.03) (0.127533112014 0.31055909768 -0.03) (0.128215627737 0.311248448486 -0.03) (0.128899655121 0.31193629933 -0.03) (0.129585190868 0.312622646899 -0.03) (0.130272231676 0.313307487883 -0.03) (0.130960774232 0.313990818984 -0.03) (0.13165081522 0.314672636907 -0.03) (0.132342351313 0.315352938368 -0.03) (0.133035379179 0.316031720087 -0.03) (0.133729895478 0.316708978794 -0.03) (0.134425896863 0.317384711224 -0.03) (0.13512337998 0.318058914121 -0.03) (0.135822341468 0.318731584237 -0.03) (0.136522777957 0.319402718329 -0.03) (0.137224686074 0.320072313162 -0.03) (0.137928062434 0.320740365511 -0.03) (0.138632903649 0.321406872155 -0.03) (0.139339206322 0.322071829884 -0.03) (0.140046967048 0.322735235491 -0.03) (0.140756182417 0.32339708578 -0.03) (0.141466849012 0.324057377561 -0.03) (0.142178963407 0.324716107653 -0.03) (0.14289252217 0.325373272881 -0.03) (0.143607521863 0.326028870078 -0.03) (0.14432395904 0.326682896084 -0.03) (0.145041830249 0.327335347747 -0.03) (0.145761132029 0.327986221924 -0.03) (0.146481860915 0.328635515478 -0.03) (0.147204013433 0.329283225278 -0.03) (0.147927586103 0.329929348205 -0.03) (0.148652575438 0.330573881145 -0.03) (0.149378977943 0.33121682099 -0.03) (0.150106790119 0.331858164643 -0.03) (0.150836008459 0.332497909014 -0.03) (0.151566629446 0.333136051018 -0.03) (0.152298649562 0.333772587581 -0.03) (0.153032065277 0.334407515635 -0.03) (0.153766873058 0.33504083212 -0.03) (0.154503069363 0.335672533984 -0.03) (0.155240650645 0.336302618183 -0.03) (0.155979613349 0.336931081681 -0.03) (0.156719953913 0.337557921448 -0.03) (0.157461668771 0.338183134465 -0.03) (0.158204754347 0.338806717717 -0.03) (0.15894920706 0.339428668199 -0.03))
    polyLine 26 30 ((0.119462022756 0.302171107479 0) (0.1201261441 0.302878196643 0) (0.120791816089 0.303583826183 0) (0.121459035515 0.3042879927 0) (0.122127799162 0.304990692799 0) (0.122798103808 0.305691923094 0) (0.123469946223 0.306391680206 0) (0.124143323168 0.307089960762 0) (0.124818231398 0.307786761397 0) (0.125494667662 0.308482078754 0) (0.126172628698 0.309175909482 0) (0.126852111241 0.309868250236 0) (0.127533112014 0.31055909768 0) (0.128215627737 0.311248448486 0) (0.128899655121 0.31193629933 0) (0.129585190868 0.312622646899 0) (0.130272231676 0.313307487883 0) (0.130960774232 0.313990818984 0) (0.13165081522 0.314672636907 0) (0.132342351313 0.315352938368 0) (0.133035379179 0.316031720087 0) (0.133729895478 0.316708978794 0) (0.134425896863 0.317384711224 0) (0.13512337998 0.318058914121 0) (0.135822341468 0.318731584237 0) (0.136522777957 0.319402718329 0) (0.137224686074 0.320072313162 0) (0.137928062434 0.320740365511 0) (0.138632903649 0.321406872155 0) (0.139339206322 0.322071829884 0) (0.140046967048 0.322735235491 0) (0.140756182417 0.32339708578 0) (0.141466849012 0.324057377561 0) (0.142178963407 0.324716107653 0) (0.14289252217 0.325373272881 0) (0.143607521863 0.326028870078 0) (0.14432395904 0.326682896084 0) (0.145041830249 0.327335347747 0) (0.145761132029 0.327986221924 0) (0.146481860915 0.328635515478 0) (0.147204013433 0.329283225278 0) (0.147927586103 0.329929348205 0) (0.148652575438 0.330573881145 0) (0.149378977943 0.33121682099 0) (0.150106790119 0.331858164643 0) (0.150836008459 0.332497909014 0) (0.151566629446 0.333136051018 0) (0.152298649562 0.333772587581 0) (0.153032065277 0.334407515635 0) (0.153766873058 0.33504083212 0) (0.154503069363 0.335672533984 0) (0.155240650645 0.336302618183 0) (0.155979613349 0.336931081681 0) (0.156719953913 0.337557921448 0) (0.157461668771 0.338183134465 0) (0.158204754347 0.338806717717 0) (0.15894920706 0.339428668199 0))
    polyLine 25 29 ((-0.06331066999 0.424774847847 -0.03) (-0.061821282202 0.427626136152 -0.03) (-0.0603248277047 0.430476023101 -0.03) (-0.0588213271157 0.433324555084 -0.03) (-0.0573108001664 0.436171778975 -0.03) (-0.0557932657022 0.439017742131 -0.03) (-0.0542687416823 0.441862492387 -0.03) (-0.0527372451796 0.44470607805 -0.03) (-0.0511987923814 0.447548547897 -0.03) (-0.0496533985892 0.450389951169 -0.03) (-0.0481010782192 0.453230337568 -0.03) (-0.0465418448025 0.456069757252 -0.03) (-0.0449757109858 0.458908260834 -0.03) (-0.0434026885314 0.461745899376 -0.03) (-0.041822788318 0.464582724387 -0.03) (-0.0402360203411 0.467418787819 -0.03) (-0.0386423937134 0.470254142067 -0.03) (-0.0370419166657 0.473088839961 -0.03) (-0.0354345965469 0.475922934769 -0.03) (-0.0338204398252 0.47875648019 -0.03) (-0.0321994520881 0.481589530357 -0.03) (-0.0305716380431 0.484422139827 -0.03) (-0.0289370015185 0.48725436359 -0.03))
    polyLine 27 31 ((-0.06331066999 0.424774847847 0) (-0.061821282202 0.427626136152 0) (-0.0603248277047 0.430476023101 0) (-0.0588213271157 0.433324555084 0) (-0.0573108001664 0.436171778975 0) (-0.0557932657022 0.439017742131 0) (-0.0542687416823 0.441862492387 0) (-0.0527372451796 0.44470607805 0) (-0.0511987923814 0.447548547897 0) (-0.0496533985892 0.450389951169 0) (-0.0481010782192 0.453230337568 0) (-0.0465418448025 0.456069757252 0) (-0.0449757109858 0.458908260834 0) (-0.0434026885314 0.461745899376 0) (-0.041822788318 0.464582724387 0) (-0.0402360203411 0.467418787819 0) (-0.0386423937134 0.470254142067 0) (-0.0370419166657 0.473088839961 0) (-0.0354345965469 0.475922934769 0) (-0.0338204398252 0.47875648019 0) (-0.0321994520881 0.481589530357 0) (-0.0305716380431 0.484422139827 0) (-0.0289370015185 0.48725436359 0))
    polyLine 28 32 ((0.159695023323 0.340048982916 -0.03) (0.160442199542 0.340667658876 -0.03) (0.161190732115 0.341284693098 -0.03) (0.161940617436 0.34190008261 -0.03) (0.16269185189 0.342513824445 -0.03) (0.163444431858 0.343125915645 -0.03) (0.164198353712 0.343736353261 -0.03) (0.16495361382 0.344345134351 -0.03) (0.165710208541 0.344952255981 -0.03) (0.166468134229 0.345557715225 -0.03) (0.167227387232 0.346161509166 -0.03) (0.16798796389 0.346763634894 -0.03) (0.168749860539 0.347364089506 -0.03) (0.169513073507 0.34796287011 -0.03) (0.170277599115 0.348559973819 -0.03) (0.17104343368 0.349155397756 -0.03) (0.17181057351 0.349749139052 -0.03) (0.172579014909 0.350341194845 -0.03) (0.173348754173 0.350931562282 -0.03) (0.174119787593 0.351520238518 -0.03) (0.174892111453 0.352107220716 -0.03) (0.175665722031 0.352692506047 -0.03) (0.176440615599 0.353276091691 -0.03) (0.177216788422 0.353857974835 -0.03) (0.177994236761 0.354438152675 -0.03) (0.178772956868 0.355016622415 -0.03) (0.17955294499 0.355593381268 -0.03) (0.180334197369 0.356168426453 -0.03) (0.18111671024 0.3567417552 -0.03) (0.181900479832 0.357313364745 -0.03) (0.182685502367 0.357883252335 -0.03) (0.183471774063 0.358451415222 -0.03) (0.18425929113 0.359017850668 -0.03) (0.185048049772 0.359582555944 -0.03) (0.18583804619 0.360145528328 -0.03) (0.186629276575 0.360706765108 -0.03) (0.187421737115 0.361266263578 -0.03) (0.188215423991 0.361824021042 -0.03) (0.189010333377 0.362380034813 -0.03) (0.189806461443 0.36293430221 -0.03) (0.190603804353 0.363486820563 -0.03) (0.191402358263 0.364037587209 -0.03) (0.192202119325 0.364586599493 -0.03) (0.193003083685 0.36513385477 -0.03) (0.193805247484 0.365679350403 -0.03) (0.194608606855 0.366223083763 -0.03) (0.195413157927 0.366765052229 -0.03) (0.196218896822 0.36730525319 -0.03) (0.197025819658 0.367843684042 -0.03) (0.197833922546 0.36838034219 -0.03) (0.198643201591 0.368915225049 -0.03) (0.199453652893 0.36944833004 -0.03) (0.200265272548 0.369979654594 -0.03) (0.201078056642 0.370509196151 -0.03) (0.20189200126 0.371036952159 -0.03) (0.202707102479 0.371562920075 -0.03) (0.203523356371 0.372087097363 -0.03) (0.204340759002 0.372609481498 -0.03))
    polyLine 30 34 ((0.159695023323 0.340048982916 0) (0.160442199542 0.340667658876 0) (0.161190732115 0.341284693098 0) (0.161940617436 0.34190008261 0) (0.16269185189 0.342513824445 0) (0.163444431858 0.343125915645 0) (0.164198353712 0.343736353261 0) (0.16495361382 0.344345134351 0) (0.165710208541 0.344952255981 0) (0.166468134229 0.345557715225 0) (0.167227387232 0.346161509166 0) (0.16798796389 0.346763634894 0) (0.168749860539 0.347364089506 0) (0.169513073507 0.34796287011 0) (0.170277599115 0.348559973819 0) (0.17104343368 0.349155397756 0) (0.17181057351 0.349749139052 0) (0.172579014909 0.350341194845 0) (0.173348754173 0.350931562282 0) (0.174119787593 0.351520238518 0) (0.174892111453 0.352107220716 0) (0.175665722031 0.352692506047 0) (0.176440615599 0.353276091691 0) (0.177216788422 0.353857974835 0) (0.177994236761 0.354438152675 0) (0.178772956868 0.355016622415 0) (0.17955294499 0.355593381268 0) (0.180334197369 0.356168426453 0) (0.18111671024 0.3567417552 0) (0.181900479832 0.357313364745 0) (0.182685502367 0.357883252335 0) (0.183471774063 0.358451415222 0) (0.18425929113 0.359017850668 0) (0.185048049772 0.359582555944 0) (0.18583804619 0.360145528328 0) (0.186629276575 0.360706765108 0) (0.187421737115 0.361266263578 0) (0.188215423991 0.361824021042 0) (0.189010333377 0.362380034813 0) (0.189806461443 0.36293430221 0) (0.190603804353 0.363486820563 0) (0.191402358263 0.364037587209 0) (0.192202119325 0.364586599493 0) (0.193003083685 0.36513385477 0) (0.193805247484 0.365679350403 0) (0.194608606855 0.366223083763 0) (0.195413157927 0.366765052229 0) (0.196218896822 0.36730525319 0) (0.197025819658 0.367843684042 0) (0.197833922546 0.36838034219 0) (0.198643201591 0.368915225049 0) (0.199453652893 0.36944833004 0) (0.200265272548 0.369979654594 0) (0.201078056642 0.370509196151 0) (0.20189200126 0.371036952159 0) (0.202707102479 0.371562920075 0) (0.203523356371 0.372087097363 0) (0.204340759002 0.372609481498 0))
    polyLine 29 33 ((-0.0256218972046 0.492961374928 -0.03) (-0.0239412216508 0.495836268738 -0.03) (-0.0222535191117 0.498710997828 -0.03) (-0.0205587889645 0.501585621988 -0.03) (-0.0188570296551 0.504460201451 -0.03) (-0.0171482386977 0.507334796897 -0.03) (-0.0154324126757 0.510209469451 -0.03) (-0.0137095472419 0.51308428068 -0.03) (-0.0119796371184 0.515959292595 -0.03) (-0.010242676097 0.518834567653 -0.03) (-0.00849865703946 0.521710168753 -0.03) (-0.00674757187696 0.524586159239 -0.03) (-0.00498941161058 0.527462602899 -0.03) (-0.00322416631084 0.530339563969 -0.03) (-0.00145182511758 0.533217107129 -0.03) (0.000327623760372 0.536095297508 -0.03) (0.00211419304564 0.538974200683 -0.03) (0.00390789639279 0.541853882682 -0.03) (0.00570874838893 0.544734409984 -0.03) (0.00751676455441 0.547615849524 -0.03) (0.00933196134368 0.55049826869 -0.03) (0.0111543561462 0.553381735329 -0.03) (0.0129839672873 0.556266317749 -0.03))
    polyLine 31 35 ((-0.0256218972046 0.492961374928 0) (-0.0239412216508 0.495836268738 0) (-0.0222535191117 0.498710997828 0) (-0.0205587889645 0.501585621988 0) (-0.0188570296551 0.504460201451 0) (-0.0171482386977 0.507334796897 0) (-0.0154324126757 0.510209469451 0) (-0.0137095472419 0.51308428068 0) (-0.0119796371184 0.515959292595 0) (-0.010242676097 0.518834567653 0) (-0.00849865703946 0.521710168753 0) (-0.00674757187696 0.524586159239 0) (-0.00498941161058 0.527462602899 0) (-0.00322416631084 0.530339563969 0) (-0.00145182511758 0.533217107129 0) (0.000327623760372 0.536095297508 0) (0.00211419304564 0.538974200683 0) (0.00390789639279 0.541853882682 0) (0.00570874838893 0.544734409984 0) (0.00751676455441 0.547615849524 0) (0.00933196134368 0.55049826869 0) (0.0111543561462 0.553381735329 0) (0.0129839672873 0.556266317749 0))
    polyLine 32 36 ((0.205159306432 0.373130069963 -0.03) (0.205978994718 0.373648860247 -0.03) (0.206799819909 0.374165849852 -0.03) (0.207621432832 0.37468207689 -0.03) (0.208443045755 0.375198303928 -0.03) (0.209264658679 0.375714530966 -0.03) (0.210086271602 0.376230758004 -0.03) (0.210907884525 0.376746985042 -0.03) (0.211729497448 0.377263212079 -0.03) (0.212551110372 0.377779439117 -0.03) (0.213372723295 0.378295666155 -0.03) (0.214194336218 0.378811893193 -0.03) (0.215015949141 0.379328120231 -0.03) (0.215837562065 0.379844347269 -0.03) (0.216659174988 0.380360574307 -0.03) (0.217480787911 0.380876801344 -0.03) (0.218302400835 0.381393028382 -0.03) (0.219124013758 0.38190925542 -0.03) (0.219945626681 0.382425482458 -0.03) (0.220767239604 0.382941709496 -0.03) (0.221588852528 0.383457936534 -0.03) (0.222410465451 0.383974163572 -0.03) (0.223232078374 0.384490390609 -0.03) (0.224053691297 0.385006617647 -0.03) (0.224875304221 0.385522844685 -0.03) (0.225696917144 0.386039071723 -0.03) (0.226518530067 0.386555298761 -0.03) (0.227340142991 0.387071525799 -0.03) (0.228161755914 0.387587752836 -0.03) (0.228983368837 0.388103979874 -0.03) (0.22980498176 0.388620206912 -0.03) (0.230626594684 0.38913643395 -0.03) (0.231448207607 0.389652660988 -0.03) (0.23226982053 0.390168888026 -0.03) (0.233091433453 0.390685115064 -0.03) (0.233913046377 0.391201342101 -0.03) (0.2347346593 0.391717569139 -0.03) (0.235556272223 0.392233796177 -0.03) (0.236377885147 0.392750023215 -0.03) (0.23719949807 0.393266250253 -0.03) (0.238021110993 0.393782477291 -0.03) (0.238842723916 0.394298704328 -0.03) (0.23966433684 0.394814931366 -0.03) (0.240485949763 0.395331158404 -0.03) (0.241307562686 0.395847385442 -0.03) (0.242129175609 0.39636361248 -0.03) (0.242950788533 0.396879839518 -0.03) (0.243772401456 0.397396066556 -0.03) (0.244594014379 0.397912293593 -0.03) (0.245415627303 0.398428520631 -0.03) (0.246237240226 0.398944747669 -0.03) (0.247058853149 0.399460974707 -0.03) (0.247880466072 0.399977201745 -0.03) (0.248702078996 0.400493428783 -0.03) (0.249523691919 0.40100965582 -0.03) (0.250345304842 0.401525882858 -0.03) (0.251166917765 0.402042109896 -0.03))
    polyLine 34 38 ((0.205159306432 0.373130069963 0) (0.205978994718 0.373648860247 0) (0.206799819909 0.374165849852 0) (0.207621432832 0.37468207689 0) (0.208443045755 0.375198303928 0) (0.209264658679 0.375714530966 0) (0.210086271602 0.376230758004 0) (0.210907884525 0.376746985042 0) (0.211729497448 0.377263212079 0) (0.212551110372 0.377779439117 0) (0.213372723295 0.378295666155 0) (0.214194336218 0.378811893193 0) (0.215015949141 0.379328120231 0) (0.215837562065 0.379844347269 0) (0.216659174988 0.380360574307 0) (0.217480787911 0.380876801344 0) (0.218302400835 0.381393028382 0) (0.219124013758 0.38190925542 0) (0.219945626681 0.382425482458 0) (0.220767239604 0.382941709496 0) (0.221588852528 0.383457936534 0) (0.222410465451 0.383974163572 0) (0.223232078374 0.384490390609 0) (0.224053691297 0.385006617647 0) (0.224875304221 0.385522844685 0) (0.225696917144 0.386039071723 0) (0.226518530067 0.386555298761 0) (0.227340142991 0.387071525799 0) (0.228161755914 0.387587752836 0) (0.228983368837 0.388103979874 0) (0.22980498176 0.388620206912 0) (0.230626594684 0.38913643395 0) (0.231448207607 0.389652660988 0) (0.23226982053 0.390168888026 0) (0.233091433453 0.390685115064 0) (0.233913046377 0.391201342101 0) (0.2347346593 0.391717569139 0) (0.235556272223 0.392233796177 0) (0.236377885147 0.392750023215 0) (0.23719949807 0.393266250253 0) (0.238021110993 0.393782477291 0) (0.238842723916 0.394298704328 0) (0.23966433684 0.394814931366 0) (0.240485949763 0.395331158404 0) (0.241307562686 0.395847385442 0) (0.242129175609 0.39636361248 0) (0.242950788533 0.396879839518 0) (0.243772401456 0.397396066556 0) (0.244594014379 0.397912293593 0) (0.245415627303 0.398428520631 0) (0.246237240226 0.398944747669 0) (0.247058853149 0.399460974707 0) (0.247880466072 0.399977201745 0) (0.248702078996 0.400493428783 0) (0.249523691919 0.40100965582 0) (0.250345304842 0.401525882858 0) (0.251166917765 0.402042109896 0))
    polyLine 33 37 ((0.0167169302657 0.562120389244 -0.03) (0.0186207395272 0.565090094897 -0.03) (0.0205322658578 0.568061277971 -0.03) (0.0224515343548 0.571034015286 -0.03) (0.0243785711714 0.574008384196 -0.03) (0.0263134035191 0.576984462598 -0.03) (0.0282560596698 0.579962328926 -0.03) (0.030206568959 0.582942062166 -0.03) (0.0321649617876 0.585923741854 -0.03) (0.0341312696255 0.588907448082 -0.03) (0.0361055250147 0.591893261508 -0.03) (0.0380877615721 0.594881263354 -0.03) (0.0400780139933 0.597871535418 -0.03) (0.0420763180562 0.600864160076 -0.03) (0.0440827106249 0.603859220288 -0.03) (0.0460972296538 0.606856799608 -0.03) (0.0481199141915 0.609856982187 -0.03) (0.0501508043856 0.61285985278 -0.03) (0.0521899414875 0.615865496754 -0.03) (0.0542373678568 0.618874000096 -0.03) (0.0562931269667 0.621885449419 -0.03) (0.0583572634096 0.624899931967 -0.03) (0.0604298229019 0.627917535628 -0.03))
    polyLine 35 39 ((0.0167169302657 0.562120389244 0) (0.0186207395272 0.565090094897 0) (0.0205322658578 0.568061277971 0) (0.0224515343548 0.571034015286 0) (0.0243785711714 0.574008384196 0) (0.0263134035191 0.576984462598 0) (0.0282560596698 0.579962328926 0) (0.030206568959 0.582942062166 0) (0.0321649617876 0.585923741854 0) (0.0341312696255 0.588907448082 0) (0.0361055250147 0.591893261508 0) (0.0380877615721 0.594881263354 0) (0.0400780139933 0.597871535418 0) (0.0420763180562 0.600864160076 0) (0.0440827106249 0.603859220288 0) (0.0460972296538 0.606856799608 0) (0.0481199141915 0.609856982187 0) (0.0501508043856 0.61285985278 0) (0.0521899414875 0.615865496754 0) (0.0542373678568 0.618874000096 0) (0.0562931269667 0.621885449419 0) (0.0583572634096 0.624899931967 0) (0.0604298229019 0.627917535628 0))
    polyLine 36 40 ((0.251988530689 0.402558336934 -0.03) (0.252810143612 0.403074563972 -0.03) (0.253631756535 0.40359079101 -0.03) (0.254453369459 0.404107018048 -0.03) (0.255274982382 0.404623245085 -0.03) (0.256096595305 0.405139472123 -0.03) (0.256918208228 0.405655699161 -0.03) (0.257739821152 0.406171926199 -0.03) (0.258561434075 0.406688153237 -0.03) (0.259383046998 0.407204380275 -0.03) (0.260204659921 0.407720607312 -0.03) (0.261026272845 0.40823683435 -0.03) (0.261847885768 0.408753061388 -0.03) (0.262669498691 0.409269288426 -0.03) (0.263491111615 0.409785515464 -0.03) (0.264312724538 0.410301742502 -0.03) (0.265134337461 0.41081796954 -0.03) (0.265955950384 0.411334196577 -0.03) (0.266777563308 0.411850423615 -0.03) (0.267599176231 0.412366650653 -0.03) (0.268420789154 0.412882877691 -0.03) (0.269242402077 0.413399104729 -0.03) (0.270064015001 0.413915331767 -0.03) (0.270885627924 0.414431558804 -0.03) (0.271707240847 0.414947785842 -0.03) (0.272528853771 0.41546401288 -0.03) (0.273350466694 0.415980239918 -0.03) (0.274172079617 0.416496466956 -0.03) (0.27499369254 0.417012693994 -0.03) (0.275815305464 0.417528921032 -0.03) (0.276636918387 0.418045148069 -0.03) (0.27745853131 0.418561375107 -0.03) (0.278280144233 0.419077602145 -0.03) (0.279101757157 0.419593829183 -0.03) (0.27992337008 0.420110056221 -0.03) (0.280744983003 0.420626283259 -0.03) (0.281566595927 0.421142510296 -0.03) (0.28238820885 0.421658737334 -0.03) (0.283209821773 0.422174964372 -0.03) (0.284031434696 0.42269119141 -0.03) (0.28485304762 0.423207418448 -0.03) (0.285674660543 0.423723645486 -0.03) (0.286496273466 0.424239872524 -0.03) (0.287317886389 0.424756099561 -0.03) (0.288139499313 0.425272326599 -0.03) (0.288961112236 0.425788553637 -0.03) (0.289782725159 0.426304780675 -0.03) (0.290604338083 0.426821007713 -0.03) (0.291425951006 0.427337234751 -0.03) (0.292247563929 0.427853461788 -0.03) (0.293069176852 0.428369688826 -0.03) (0.293890789776 0.428885915864 -0.03) (0.294712402699 0.429402142902 -0.03) (0.295534015622 0.42991836994 -0.03) (0.296355628545 0.430434596978 -0.03) (0.297177241469 0.430950824016 -0.03) (0.297998854392 0.431467051053 -0.03))
    polyLine 38 42 ((0.251988530689 0.402558336934 0) (0.252810143612 0.403074563972 0) (0.253631756535 0.40359079101 0) (0.254453369459 0.404107018048 0) (0.255274982382 0.404623245085 0) (0.256096595305 0.405139472123 0) (0.256918208228 0.405655699161 0) (0.257739821152 0.406171926199 0) (0.258561434075 0.406688153237 0) (0.259383046998 0.407204380275 0) (0.260204659921 0.407720607312 0) (0.261026272845 0.40823683435 0) (0.261847885768 0.408753061388 0) (0.262669498691 0.409269288426 0) (0.263491111615 0.409785515464 0) (0.264312724538 0.410301742502 0) (0.265134337461 0.41081796954 0) (0.265955950384 0.411334196577 0) (0.266777563308 0.411850423615 0) (0.267599176231 0.412366650653 0) (0.268420789154 0.412882877691 0) (0.269242402077 0.413399104729 0) (0.270064015001 0.413915331767 0) (0.270885627924 0.414431558804 0) (0.271707240847 0.414947785842 0) (0.272528853771 0.41546401288 0) (0.273350466694 0.415980239918 0) (0.274172079617 0.416496466956 0) (0.27499369254 0.417012693994 0) (0.275815305464 0.417528921032 0) (0.276636918387 0.418045148069 0) (0.27745853131 0.418561375107 0) (0.278280144233 0.419077602145 0) (0.279101757157 0.419593829183 0) (0.27992337008 0.420110056221 0) (0.280744983003 0.420626283259 0) (0.281566595927 0.421142510296 0) (0.28238820885 0.421658737334 0) (0.283209821773 0.422174964372 0) (0.284031434696 0.42269119141 0) (0.28485304762 0.423207418448 0) (0.285674660543 0.423723645486 0) (0.286496273466 0.424239872524 0) (0.287317886389 0.424756099561 0) (0.288139499313 0.425272326599 0) (0.288961112236 0.425788553637 0) (0.289782725159 0.426304780675 0) (0.290604338083 0.426821007713 0) (0.291425951006 0.427337234751 0) (0.292247563929 0.427853461788 0) (0.293069176852 0.428369688826 0) (0.293890789776 0.428885915864 0) (0.294712402699 0.429402142902 0) (0.295534015622 0.42991836994 0) (0.296355628545 0.430434596978 0) (0.297177241469 0.430950824016 0) (0.297998854392 0.431467051053 0))
    polyLine 37 41 ((0.0646579313589 0.634045597148 -0.03) (0.0668140561107 0.637156425452 -0.03) (0.0689792811306 0.640270932092 -0.03) (0.0711536622922 0.643389216067 -0.03) (0.0733372567655 0.64651137715 -0.03) (0.0755301230252 0.649637515902 -0.03) (0.0777323208596 0.652767733674 -0.03) (0.0799439113793 0.65590213263 -0.03) (0.0821649570266 0.659040815749 -0.03) (0.0843955215851 0.662183886842 -0.03) (0.0866356701892 0.665331450564 -0.03) (0.0888854693348 0.668483612424 -0.03) (0.0911449868899 0.671640478803 -0.03) (0.0934142921048 0.674802156961 -0.03) (0.0956934556242 0.677968755055 -0.03) (0.0979825494984 0.681140382151 -0.03) (0.100281647195 0.68431714824 -0.03) (0.102590823612 0.687499164249 -0.03) (0.10491015509 0.69068654206 -0.03) (0.107239719425 0.693879394523 -0.03) (0.109579595882 0.69707783547 -0.03) (0.11192986521 0.700281979735 -0.03) (0.114290609654 0.703491943168 -0.03))
    polyLine 39 43 ((0.0646579313589 0.634045597148 0) (0.0668140561107 0.637156425452 0) (0.0689792811306 0.640270932092 0) (0.0711536622922 0.643389216067 0) (0.0733372567655 0.64651137715 0) (0.0755301230252 0.649637515902 0) (0.0777323208596 0.652767733674 0) (0.0799439113793 0.65590213263 0) (0.0821649570266 0.659040815749 0) (0.0843955215851 0.662183886842 0) (0.0866356701892 0.665331450564 0) (0.0888854693348 0.668483612424 0) (0.0911449868899 0.671640478803 0) (0.0934142921048 0.674802156961 0) (0.0956934556242 0.677968755055 0) (0.0979825494984 0.681140382151 0) (0.100281647195 0.68431714824 0) (0.102590823612 0.687499164249 0) (0.10491015509 0.69068654206 0) (0.107239719425 0.693879394523 0) (0.109579595882 0.69707783547 0) (0.11192986521 0.700281979735 0) (0.114290609654 0.703491943168 0))
    polyLine 40 44 ((0.298820467315 0.431983278091 -0.03) (0.299642080239 0.432499505129 -0.03) (0.300463693162 0.433015732167 -0.03) (0.301285306085 0.433531959205 -0.03) (0.302106919008 0.434048186243 -0.03) (0.302928531932 0.43456441328 -0.03) (0.303750144855 0.435080640318 -0.03) (0.304571757778 0.435596867356 -0.03) (0.305393370701 0.436113094394 -0.03) (0.306214983625 0.436629321432 -0.03) (0.307036596548 0.43714554847 -0.03) (0.307858209471 0.437661775508 -0.03) (0.308679822395 0.438178002545 -0.03) (0.309501435318 0.438694229583 -0.03) (0.310323048241 0.439210456621 -0.03) (0.311144661164 0.439726683659 -0.03) (0.311966274088 0.440242910697 -0.03) (0.312787887011 0.440759137735 -0.03) (0.313609499934 0.441275364773 -0.03) (0.314431112857 0.44179159181 -0.03) (0.315252725781 0.442307818848 -0.03) (0.316074338704 0.442824045886 -0.03) (0.316895951627 0.443340272924 -0.03) (0.317717564551 0.443856499962 -0.03) (0.318539177474 0.444372727 -0.03) (0.319360790397 0.444888954037 -0.03) (0.32018240332 0.445405181075 -0.03) (0.321004016244 0.445921408113 -0.03) (0.321825629167 0.446437635151 -0.03) (0.32264724209 0.446953862189 -0.03) (0.323468855013 0.447470089227 -0.03) (0.324290467937 0.447986316265 -0.03) (0.32511208086 0.448502543302 -0.03) (0.325933693783 0.44901877034 -0.03) (0.326755306707 0.449534997378 -0.03) (0.32757691963 0.450051224416 -0.03) (0.328398532553 0.450567451454 -0.03) (0.329220145476 0.451083678492 -0.03) (0.3300417584 0.451599905529 -0.03) (0.330863371323 0.452116132567 -0.03) (0.331684984246 0.452632359605 -0.03) (0.332506597169 0.453148586643 -0.03) (0.333328210093 0.453664813681 -0.03) (0.334149823016 0.454181040719 -0.03) (0.334971435939 0.454697267757 -0.03) (0.335793048863 0.455213494794 -0.03) (0.336614661786 0.455729721832 -0.03) (0.337436274709 0.45624594887 -0.03) (0.338257887632 0.456762175908 -0.03) (0.339079500556 0.457278402946 -0.03) (0.339901113479 0.457794629984 -0.03) (0.340722726402 0.458310857021 -0.03) (0.341544339326 0.458827084059 -0.03) (0.342365952249 0.459343311097 -0.03) (0.343187565172 0.459859538135 -0.03) (0.344009178095 0.460375765173 -0.03) (0.344830791019 0.460891992211 -0.03))
    polyLine 42 46 ((0.298820467315 0.431983278091 0) (0.299642080239 0.432499505129 0) (0.300463693162 0.433015732167 0) (0.301285306085 0.433531959205 0) (0.302106919008 0.434048186243 0) (0.302928531932 0.43456441328 0) (0.303750144855 0.435080640318 0) (0.304571757778 0.435596867356 0) (0.305393370701 0.436113094394 0) (0.306214983625 0.436629321432 0) (0.307036596548 0.43714554847 0) (0.307858209471 0.437661775508 0) (0.308679822395 0.438178002545 0) (0.309501435318 0.438694229583 0) (0.310323048241 0.439210456621 0) (0.311144661164 0.439726683659 0) (0.311966274088 0.440242910697 0) (0.312787887011 0.440759137735 0) (0.313609499934 0.441275364773 0) (0.314431112857 0.44179159181 0) (0.315252725781 0.442307818848 0) (0.316074338704 0.442824045886 0) (0.316895951627 0.443340272924 0) (0.317717564551 0.443856499962 0) (0.318539177474 0.444372727 0) (0.319360790397 0.444888954037 0) (0.32018240332 0.445405181075 0) (0.321004016244 0.445921408113 0) (0.321825629167 0.446437635151 0) (0.32264724209 0.446953862189 0) (0.323468855013 0.447470089227 0) (0.324290467937 0.447986316265 0) (0.32511208086 0.448502543302 0) (0.325933693783 0.44901877034 0) (0.326755306707 0.449534997378 0) (0.32757691963 0.450051224416 0) (0.328398532553 0.450567451454 0) (0.329220145476 0.451083678492 0) (0.3300417584 0.451599905529 0) (0.330863371323 0.452116132567 0) (0.331684984246 0.452632359605 0) (0.332506597169 0.453148586643 0) (0.333328210093 0.453664813681 0) (0.334149823016 0.454181040719 0) (0.334971435939 0.454697267757 0) (0.335793048863 0.455213494794 0) (0.336614661786 0.455729721832 0) (0.337436274709 0.45624594887 0) (0.338257887632 0.456762175908 0) (0.339079500556 0.457278402946 0) (0.339901113479 0.457794629984 0) (0.340722726402 0.458310857021 0) (0.341544339326 0.458827084059 0) (0.342365952249 0.459343311097 0) (0.343187565172 0.459859538135 0) (0.344009178095 0.460375765173 0) (0.344830791019 0.460891992211 0))
    polyLine 41 45 ((0.119055307329 0.709945259691 -0.03) (0.121459536251 0.713188909629 -0.03) (0.123874689414 0.716438914288 -0.03) (0.126300858097 0.719695396619 -0.03) (0.128738135205 0.722958480713 -0.03) (0.131186615279 0.726228291826 -0.03) (0.133646394523 0.729504956395 -0.03) (0.136117570816 0.732788602059 -0.03) (0.138600243734 0.73607935768 -0.03) (0.141094514567 0.739377353364 -0.03) (0.143600486346 0.742682720482 -0.03) (0.146118263854 0.745995591691 -0.03) (0.148647953655 0.74931610096 -0.03) (0.151189664113 0.752644383588 -0.03) (0.153743505412 0.755980576232 -0.03) (0.156309589583 0.759324816926 -0.03) (0.158888030526 0.762677245111 -0.03) (0.161478944032 0.766038001653 -0.03) (0.164082447812 0.769407228876 -0.03) (0.166698661516 0.772785070582 -0.03) (0.169327706767 0.776171672078 -0.03) (0.17196970718 0.779567180208 -0.03) (0.174624788392 0.782971743373 -0.03))
    polyLine 43 47 ((0.119055307329 0.709945259691 0) (0.121459536251 0.713188909629 0) (0.123874689414 0.716438914288 0) (0.126300858097 0.719695396619 0) (0.128738135205 0.722958480713 0) (0.131186615279 0.726228291826 0) (0.133646394523 0.729504956395 0) (0.136117570816 0.732788602059 0) (0.138600243734 0.73607935768 0) (0.141094514567 0.739377353364 0) (0.143600486346 0.742682720482 0) (0.146118263854 0.745995591691 0) (0.148647953655 0.74931610096 0) (0.151189664113 0.752644383588 0) (0.153743505412 0.755980576232 0) (0.156309589583 0.759324816926 0) (0.158888030526 0.762677245111 0) (0.161478944032 0.766038001653 0) (0.164082447812 0.769407228876 0) (0.166698661516 0.772785070582 0) (0.169327706767 0.776171672078 0) (0.17196970718 0.779567180208 0) (0.174624788392 0.782971743373 0))
    polyLine 44 48 ((0.345652403942 0.461408219249 -0.03) (0.346474016865 0.461924446286 -0.03) (0.347295629788 0.462440673324 -0.03) (0.348117242712 0.462956900362 -0.03) (0.348938855635 0.4634731274 -0.03) (0.349760468558 0.463989354438 -0.03) (0.350582081482 0.464505581476 -0.03) (0.351403694405 0.465021808513 -0.03) (0.352225307328 0.465538035551 -0.03) (0.353046920251 0.466054262589 -0.03) (0.353868533175 0.466570489627 -0.03) (0.354690146098 0.467086716665 -0.03) (0.355511759021 0.467602943703 -0.03) (0.356333371944 0.468119170741 -0.03) (0.357154984868 0.468635397778 -0.03) (0.357976597791 0.469151624816 -0.03) (0.358798210714 0.469667851854 -0.03) (0.359619823638 0.470184078892 -0.03) (0.360441436561 0.47070030593 -0.03) (0.361263049484 0.471216532968 -0.03) (0.362084662407 0.471732760005 -0.03) (0.362906275331 0.472248987043 -0.03) (0.363727888254 0.472765214081 -0.03) (0.364549501177 0.473281441119 -0.03) (0.3653711141 0.473797668157 -0.03) (0.366192727024 0.474313895195 -0.03) (0.367014339947 0.474830122233 -0.03) (0.36783595287 0.47534634927 -0.03) (0.368657565794 0.475862576308 -0.03) (0.369479178717 0.476378803346 -0.03) (0.37030079164 0.476895030384 -0.03) (0.371122404563 0.477411257422 -0.03) (0.371944017487 0.47792748446 -0.03) (0.37276563041 0.478443711497 -0.03) (0.373587243333 0.478959938535 -0.03) (0.374408856256 0.479476165573 -0.03) (0.37523046918 0.479992392611 -0.03) (0.376052082103 0.480508619649 -0.03) (0.376873695026 0.481024846687 -0.03) (0.37769530795 0.481541073725 -0.03) (0.378516920873 0.482057300762 -0.03) (0.379338533796 0.4825735278 -0.03) (0.380160146719 0.483089754838 -0.03) (0.380981759643 0.483605981876 -0.03) (0.381803372566 0.484122208914 -0.03) (0.382624985489 0.484638435952 -0.03) (0.383446598412 0.485154662989 -0.03) (0.384268211336 0.485670890027 -0.03) (0.385089824259 0.486187117065 -0.03) (0.385911437182 0.486703344103 -0.03) (0.386733050106 0.487219571141 -0.03) (0.387554663029 0.487735798179 -0.03) (0.388376275952 0.488252025217 -0.03) (0.389197888875 0.488768252254 -0.03) (0.390019501799 0.489284479292 -0.03) (0.390841114722 0.48980070633 -0.03) (0.391662727645 0.490316933368 -0.03))
    polyLine 46 50 ((0.345652403942 0.461408219249 0) (0.346474016865 0.461924446286 0) (0.347295629788 0.462440673324 0) (0.348117242712 0.462956900362 0) (0.348938855635 0.4634731274 0) (0.349760468558 0.463989354438 0) (0.350582081482 0.464505581476 0) (0.351403694405 0.465021808513 0) (0.352225307328 0.465538035551 0) (0.353046920251 0.466054262589 0) (0.353868533175 0.466570489627 0) (0.354690146098 0.467086716665 0) (0.355511759021 0.467602943703 0) (0.356333371944 0.468119170741 0) (0.357154984868 0.468635397778 0) (0.357976597791 0.469151624816 0) (0.358798210714 0.469667851854 0) (0.359619823638 0.470184078892 0) (0.360441436561 0.47070030593 0) (0.361263049484 0.471216532968 0) (0.362084662407 0.471732760005 0) (0.362906275331 0.472248987043 0) (0.363727888254 0.472765214081 0) (0.364549501177 0.473281441119 0) (0.3653711141 0.473797668157 0) (0.366192727024 0.474313895195 0) (0.367014339947 0.474830122233 0) (0.36783595287 0.47534634927 0) (0.368657565794 0.475862576308 0) (0.369479178717 0.476378803346 0) (0.37030079164 0.476895030384 0) (0.371122404563 0.477411257422 0) (0.371944017487 0.47792748446 0) (0.37276563041 0.478443711497 0) (0.373587243333 0.478959938535 0) (0.374408856256 0.479476165573 0) (0.37523046918 0.479992392611 0) (0.376052082103 0.480508619649 0) (0.376873695026 0.481024846687 0) (0.37769530795 0.481541073725 0) (0.378516920873 0.482057300762 0) (0.379338533796 0.4825735278 0) (0.380160146719 0.483089754838 0) (0.380981759643 0.483605981876 0) (0.381803372566 0.484122208914 0) (0.382624985489 0.484638435952 0) (0.383446598412 0.485154662989 0) (0.384268211336 0.485670890027 0) (0.385089824259 0.486187117065 0) (0.385911437182 0.486703344103 0) (0.386733050106 0.487219571141 0) (0.387554663029 0.487735798179 0) (0.388376275952 0.488252025217 0) (0.389197888875 0.488768252254 0) (0.390019501799 0.489284479292 0) (0.390841114722 0.48980070633 0) (0.391662727645 0.490316933368 0))
    polyLine 45 49 ((0.179927032466 0.789747847481 -0.03) (0.182573981161 0.793119356339 -0.03) (0.185234051131 0.796500184933 -0.03) (0.187907371349 0.799890481646 -0.03) (0.190594072833 0.803290396476 -0.03) (0.193294288679 0.806700081071 -0.03) (0.196008154086 0.810119688751 -0.03) (0.198735806392 0.813549374545 -0.03) (0.201477385104 0.816989295218 -0.03) (0.204233031926 0.820439609304 -0.03) (0.207002890798 0.823900477139 -0.03) (0.209787107929 0.827372060892 -0.03) (0.212585831826 0.8308545246 -0.03) (0.215399213336 0.834348034204 -0.03) (0.218227405679 0.837852757579 -0.03) (0.221070564486 0.841368864575 -0.03) (0.223928847836 0.84489652705 -0.03) (0.226802416294 0.848435918912 -0.03) (0.229691432956 0.85198721615 -0.03) (0.232596063483 0.85555059688 -0.03) (0.235516476145 0.859126241379 -0.03) (0.238452841867 0.862714332132 -0.03) (0.241405334266 0.866315053867 -0.03))
    polyLine 47 51 ((0.179927032466 0.789747847481 0) (0.182573981161 0.793119356339 0) (0.185234051131 0.796500184933 0) (0.187907371349 0.799890481646 0) (0.190594072833 0.803290396476 0) (0.193294288679 0.806700081071 0) (0.196008154086 0.810119688751 0) (0.198735806392 0.813549374545 0) (0.201477385104 0.816989295218 0) (0.204233031926 0.820439609304 0) (0.207002890798 0.823900477139 0) (0.209787107929 0.827372060892 0) (0.212585831826 0.8308545246 0) (0.215399213336 0.834348034204 0) (0.218227405679 0.837852757579 0) (0.221070564486 0.841368864575 0) (0.223928847836 0.84489652705 0) (0.226802416294 0.848435918912 0) (0.229691432956 0.85198721615 0) (0.232596063483 0.85555059688 0) (0.235516476145 0.859126241379 0) (0.238452841867 0.862714332132 0) (0.241405334266 0.866315053867 0))
    polyLine 48 52 ((0.392484340568 0.490833160406 -0.03) (0.393305953492 0.491349387444 -0.03) (0.394127566415 0.491865614481 -0.03) (0.394949179338 0.492381841519 -0.03) (0.395770792262 0.492898068557 -0.03) (0.396592405185 0.493414295595 -0.03) (0.397414018108 0.493930522633 -0.03) (0.398235631031 0.494446749671 -0.03) (0.399057243955 0.494962976709 -0.03) (0.399878856878 0.495479203746 -0.03) (0.400700469801 0.495995430784 -0.03) (0.401522082724 0.496511657822 -0.03) (0.402343695648 0.49702788486 -0.03) (0.403165308571 0.497544111898 -0.03) (0.403986921494 0.498060338936 -0.03) (0.404808534418 0.498576565973 -0.03) (0.405630147341 0.499092793011 -0.03) (0.406451760264 0.499609020049 -0.03) (0.407273373187 0.500125247087 -0.03) (0.408094986111 0.500641474125 -0.03) (0.408916599034 0.501157701163 -0.03) (0.409738211957 0.501673928201 -0.03) (0.41055982488 0.502190155238 -0.03) (0.411381437804 0.502706382276 -0.03) (0.412203050727 0.503222609314 -0.03) (0.41302466365 0.503738836352 -0.03) (0.413846276574 0.50425506339 -0.03) (0.414667889497 0.504771290428 -0.03) (0.41548950242 0.505287517466 -0.03) (0.416311115343 0.505803744503 -0.03) (0.417132728267 0.506319971541 -0.03) (0.41795434119 0.506836198579 -0.03) (0.418775954113 0.507352425617 -0.03) (0.419597567036 0.507868652655 -0.03) (0.42041917996 0.508384879693 -0.03) (0.421240792883 0.50890110673 -0.03) (0.422062405806 0.509417333768 -0.03) (0.42288401873 0.509933560806 -0.03) (0.423705631653 0.510449787844 -0.03) (0.424527244576 0.510966014882 -0.03) (0.425348857499 0.51148224192 -0.03) (0.426170470423 0.511998468958 -0.03) (0.426992083346 0.512514695995 -0.03) (0.427813696269 0.513030923033 -0.03) (0.428635309192 0.513547150071 -0.03) (0.429456922116 0.514063377109 -0.03) (0.430278535039 0.514579604147 -0.03) (0.431100147962 0.515095831185 -0.03) (0.431921760886 0.515612058222 -0.03) (0.432743373809 0.51612828526 -0.03) (0.433564986732 0.516644512298 -0.03) (0.434386599655 0.517160739336 -0.03) (0.435208212579 0.517676966374 -0.03) (0.436029825502 0.518193193412 -0.03) (0.436851438425 0.51870942045 -0.03) (0.437673051348 0.519225647487 -0.03) (0.438494664272 0.519741874525 -0.03))
    polyLine 50 54 ((0.392484340568 0.490833160406 0) (0.393305953492 0.491349387444 0) (0.394127566415 0.491865614481 0) (0.394949179338 0.492381841519 0) (0.395770792262 0.492898068557 0) (0.396592405185 0.493414295595 0) (0.397414018108 0.493930522633 0) (0.398235631031 0.494446749671 0) (0.399057243955 0.494962976709 0) (0.399878856878 0.495479203746 0) (0.400700469801 0.495995430784 0) (0.401522082724 0.496511657822 0) (0.402343695648 0.49702788486 0) (0.403165308571 0.497544111898 0) (0.403986921494 0.498060338936 0) (0.404808534418 0.498576565973 0) (0.405630147341 0.499092793011 0) (0.406451760264 0.499609020049 0) (0.407273373187 0.500125247087 0) (0.408094986111 0.500641474125 0) (0.408916599034 0.501157701163 0) (0.409738211957 0.501673928201 0) (0.41055982488 0.502190155238 0) (0.411381437804 0.502706382276 0) (0.412203050727 0.503222609314 0) (0.41302466365 0.503738836352 0) (0.413846276574 0.50425506339 0) (0.414667889497 0.504771290428 0) (0.41548950242 0.505287517466 0) (0.416311115343 0.505803744503 0) (0.417132728267 0.506319971541 0) (0.41795434119 0.506836198579 0) (0.418775954113 0.507352425617 0) (0.419597567036 0.507868652655 0) (0.42041917996 0.508384879693 0) (0.421240792883 0.50890110673 0) (0.422062405806 0.509417333768 0) (0.42288401873 0.509933560806 0) (0.423705631653 0.510449787844 0) (0.424527244576 0.510966014882 0) (0.425348857499 0.51148224192 0) (0.426170470423 0.511998468958 0) (0.426992083346 0.512514695995 0) (0.427813696269 0.513030923033 0) (0.428635309192 0.513547150071 0) (0.429456922116 0.514063377109 0) (0.430278535039 0.514579604147 0) (0.431100147962 0.515095831185 0) (0.431921760886 0.515612058222 0) (0.432743373809 0.51612828526 0) (0.433564986732 0.516644512298 0) (0.434386599655 0.517160739336 0) (0.435208212579 0.517676966374 0) (0.436029825502 0.518193193412 0) (0.436851438425 0.51870942045 0) (0.437673051348 0.519225647487 0) (0.438494664272 0.519741874525 0))
    polyLine 49 53 ((0.247243764785 0.873414787529 -0.03) (0.250128794718 0.876913173454 -0.03) (0.253029383604 0.880423923753 -0.03) (0.255945698041 0.883947212905 -0.03) (0.258877907169 0.887483217535 -0.03) (0.261826182711 0.891032116448 -0.03) (0.264790699013 0.894594090675 -0.03) (0.267771633091 0.898169323508 -0.03) (0.270769164676 0.901758000549 -0.03) (0.273783476258 0.905360309747 -0.03) (0.276814753134 0.908976441446 -0.03) (0.279863183457 0.912606588426 -0.03) (0.282928958283 0.916250945955 -0.03) (0.286012271626 0.919909711829 -0.03) (0.289113320501 0.923583086422 -0.03) (0.292232304986 0.92727127274 -0.03) (0.29536942827 0.930974476463 -0.03) (0.29852489671 0.934692906002 -0.03) (0.301698919887 0.938426772547 -0.03) (0.304891710664 0.942176290124 -0.03) (0.308103485247 0.945941675649 -0.03) (0.311334463241 0.949723148981 -0.03) (0.314584867714 0.953520932982 -0.03))
    polyLine 51 55 ((0.247243764785 0.873414787529 0) (0.250128794718 0.876913173454 0) (0.253029383604 0.880423923753 0) (0.255945698041 0.883947212905 0) (0.258877907169 0.887483217535 0) (0.261826182711 0.891032116448 0) (0.264790699013 0.894594090675 0) (0.267771633091 0.898169323508 0) (0.270769164676 0.901758000549 0) (0.273783476258 0.905360309747 0) (0.276814753134 0.908976441446 0) (0.279863183457 0.912606588426 0) (0.282928958283 0.916250945955 0) (0.286012271626 0.919909711829 0) (0.289113320501 0.923583086422 0) (0.292232304986 0.92727127274 0) (0.29536942827 0.930974476463 0) (0.29852489671 0.934692906002 0) (0.301698919887 0.938426772547 0) (0.304891710664 0.942176290124 0) (0.308103485247 0.945941675649 0) (0.311334463241 0.949723148981 0) (0.314584867714 0.953520932982 0))
    polyLine 52 56 ((0.439316277195 0.520258101563 -0.03) (0.440137890118 0.520774328601 -0.03) (0.440959503042 0.521290555639 -0.03) (0.441781115965 0.521806782677 -0.03) (0.442602728888 0.522323009714 -0.03) (0.443424341811 0.522839236752 -0.03) (0.444245954735 0.52335546379 -0.03) (0.445067567658 0.523871690828 -0.03) (0.445889180581 0.524387917866 -0.03) (0.446710793504 0.524904144904 -0.03) (0.447532406428 0.525420371942 -0.03) (0.448354019351 0.525936598979 -0.03) (0.449175632274 0.526452826017 -0.03) (0.449997245198 0.526969053055 -0.03) (0.450818858121 0.527485280093 -0.03) (0.451640471044 0.528001507131 -0.03) (0.452462083967 0.528517734169 -0.03) (0.453283696891 0.529033961206 -0.03) (0.454105309814 0.529550188244 -0.03) (0.454926922737 0.530066415282 -0.03) (0.45574853566 0.53058264232 -0.03) (0.456570148584 0.531098869358 -0.03) (0.457391761507 0.531615096396 -0.03) (0.45821337443 0.532131323434 -0.03) (0.459034987354 0.532647550471 -0.03) (0.459856600277 0.533163777509 -0.03) (0.4606782132 0.533680004547 -0.03) (0.461499826123 0.534196231585 -0.03) (0.462321439047 0.534712458623 -0.03) (0.46314305197 0.535228685661 -0.03) (0.463964664893 0.535744912698 -0.03) (0.464786277816 0.536261139736 -0.03) (0.46560789074 0.536777366774 -0.03) (0.466429503663 0.537293593812 -0.03) (0.467251116586 0.53780982085 -0.03) (0.46807272951 0.538326047888 -0.03) (0.468894342433 0.538842274926 -0.03) (0.469715955356 0.539358501963 -0.03) (0.470537568279 0.539874729001 -0.03) (0.471359181203 0.540390956039 -0.03) (0.472180794126 0.540907183077 -0.03) (0.473002407049 0.541423410115 -0.03) (0.473824019972 0.541939637153 -0.03) (0.474645632896 0.54245586419 -0.03) (0.475467245819 0.542972091228 -0.03) (0.476288858742 0.543488318266 -0.03) (0.477110471666 0.544004545304 -0.03) (0.477932084589 0.544520772342 -0.03) (0.478753697512 0.54503699938 -0.03) (0.479575310435 0.545553226418 -0.03) (0.480396923359 0.546069453455 -0.03) (0.481218536282 0.546585680493 -0.03) (0.482040149205 0.547101907531 -0.03) (0.482861762128 0.547618134569 -0.03) (0.483683375052 0.548134361607 -0.03) (0.484504987975 0.548650588645 -0.03) (0.485326600898 0.549166815682 -0.03))
    polyLine 54 58 ((0.439316277195 0.520258101563 0) (0.440137890118 0.520774328601 0) (0.440959503042 0.521290555639 0) (0.441781115965 0.521806782677 0) (0.442602728888 0.522323009714 0) (0.443424341811 0.522839236752 0) (0.444245954735 0.52335546379 0) (0.445067567658 0.523871690828 0) (0.445889180581 0.524387917866 0) (0.446710793504 0.524904144904 0) (0.447532406428 0.525420371942 0) (0.448354019351 0.525936598979 0) (0.449175632274 0.526452826017 0) (0.449997245198 0.526969053055 0) (0.450818858121 0.527485280093 0) (0.451640471044 0.528001507131 0) (0.452462083967 0.528517734169 0) (0.453283696891 0.529033961206 0) (0.454105309814 0.529550188244 0) (0.454926922737 0.530066415282 0) (0.45574853566 0.53058264232 0) (0.456570148584 0.531098869358 0) (0.457391761507 0.531615096396 0) (0.45821337443 0.532131323434 0) (0.459034987354 0.532647550471 0) (0.459856600277 0.533163777509 0) (0.4606782132 0.533680004547 0) (0.461499826123 0.534196231585 0) (0.462321439047 0.534712458623 0) (0.46314305197 0.535228685661 0) (0.463964664893 0.535744912698 0) (0.464786277816 0.536261139736 0) (0.46560789074 0.536777366774 0) (0.466429503663 0.537293593812 0) (0.467251116586 0.53780982085 0) (0.46807272951 0.538326047888 0) (0.468894342433 0.538842274926 0) (0.469715955356 0.539358501963 0) (0.470537568279 0.539874729001 0) (0.471359181203 0.540390956039 0) (0.472180794126 0.540907183077 0) (0.473002407049 0.541423410115 0) (0.473824019972 0.541939637153 0) (0.474645632896 0.54245586419 0) (0.475467245819 0.542972091228 0) (0.476288858742 0.543488318266 0) (0.477110471666 0.544004545304 0) (0.477932084589 0.544520772342 0) (0.478753697512 0.54503699938 0) (0.479575310435 0.545553226418 0) (0.480396923359 0.546069453455 0) (0.481218536282 0.546585680493 0) (0.482040149205 0.547101907531 0) (0.482861762128 0.547618134569 0) (0.483683375052 0.548134361607 0) (0.484504987975 0.548650588645 0) (0.485326600898 0.549166815682 0))
    polyLine 53 57 ((0.320957415596 0.9609482284 -0.03) (0.324077790178 0.964576312685 -0.03) (0.327216248076 0.968219703764 -0.03) (0.330372991354 0.971878601581 -0.03) (0.333548225126 0.975553208744 -0.03) (0.336742157608 0.979243730567 -0.03) (0.339955000179 0.982950375128 -0.03) (0.343186967433 0.986673353313 -0.03) (0.346438277236 0.990412878875 -0.03) (0.349709150791 0.994169168486 -0.03) (0.35299981269 0.997942441792 -0.03) (0.356310490986 1.00173292147 -0.03) (0.359641417248 1.00554083329 -0.03) (0.362992826629 1.00936640616 -0.03) (0.366364957934 1.0132098722 -0.03) (0.369758053683 1.01707146681 -0.03) (0.373172360187 1.0209514287 -0.03) (0.376608127613 1.02485000001 -0.03) (0.38006561006 1.02876742632 -0.03) (0.383545065633 1.03270395674 -0.03) (0.387046756519 1.03665984399 -0.03) (0.390570949063 1.04063534447 -0.03) (0.394117913851 1.0446307183 -0.03))
    polyLine 55 59 ((0.320957415596 0.9609482284 0) (0.324077790178 0.964576312685 0) (0.327216248076 0.968219703764 0) (0.330372991354 0.971878601581 0) (0.333548225126 0.975553208744 0) (0.336742157608 0.979243730567 0) (0.339955000179 0.982950375128 0) (0.343186967433 0.986673353313 0) (0.346438277236 0.990412878875 0) (0.349709150791 0.994169168486 0) (0.35299981269 0.997942441792 0) (0.356310490986 1.00173292147 0) (0.359641417248 1.00554083329 0) (0.362992826629 1.00936640616 0) (0.366364957934 1.0132098722 0) (0.369758053683 1.01707146681 0) (0.373172360187 1.0209514287 0) (0.376608127613 1.02485000001 0) (0.38006561006 1.02876742632 0) (0.383545065633 1.03270395674 0) (0.387046756519 1.03665984399 0) (0.390570949063 1.04063534447 0) (0.394117913851 1.0446307183 0))
    polyLine 56 60 ((0.486148213822 0.54968304272 -0.03) (0.486969826745 0.550199269758 -0.03) (0.487791439668 0.550715496796 -0.03) (0.488613052591 0.551231723834 -0.03) (0.489434665515 0.551747950872 -0.03) (0.490256278438 0.55226417791 -0.03) (0.491077891361 0.552780404947 -0.03) (0.491899504284 0.553296631985 -0.03) (0.492721117208 0.553812859023 -0.03) (0.493542730131 0.554329086061 -0.03) (0.494364343054 0.554845313099 -0.03) (0.495185955978 0.555361540137 -0.03) (0.496007568901 0.555877767174 -0.03) (0.496829181824 0.556393994212 -0.03) (0.497650794747 0.55691022125 -0.03) (0.498472407671 0.557426448288 -0.03) (0.499294020594 0.557942675326 -0.03) (0.500115633517 0.558458902364 -0.03) (0.50093724644 0.558975129402 -0.03) (0.501758859364 0.559491356439 -0.03) (0.502580472287 0.560007583477 -0.03) (0.50340208521 0.560523810515 -0.03) (0.504223698134 0.561040037553 -0.03) (0.505045311057 0.561556264591 -0.03) (0.50586692398 0.562072491629 -0.03) (0.506688536903 0.562588718667 -0.03) (0.507510149827 0.563104945704 -0.03) (0.50833176275 0.563621172742 -0.03) (0.509153375673 0.56413739978 -0.03) (0.509974988596 0.564653626818 -0.03) (0.51079660152 0.565169853856 -0.03) (0.511618214443 0.565686080894 -0.03) (0.512439827366 0.566202307931 -0.03) (0.51326144029 0.566718534969 -0.03) (0.514083053213 0.567234762007 -0.03) (0.514904666136 0.567750989045 -0.03) (0.515726279059 0.568267216083 -0.03) (0.516547891983 0.568783443121 -0.03) (0.517369504906 0.569299670159 -0.03) (0.518191117829 0.569815897196 -0.03) (0.519012730752 0.570332124234 -0.03) (0.519834343676 0.570848351272 -0.03) (0.520655956599 0.57136457831 -0.03) (0.521477569522 0.571880805348 -0.03) (0.522299182446 0.572397032386 -0.03) (0.523120795369 0.572913259423 -0.03) (0.523942408292 0.573429486461 -0.03) (0.524764021215 0.573945713499 -0.03) (0.525585634139 0.574461940537 -0.03) (0.526407247062 0.574978167575 -0.03) (0.527228859985 0.575494394613 -0.03) (0.528050472908 0.576010621651 -0.03) (0.528872085832 0.576526848688 -0.03) (0.529693698755 0.577043075726 -0.03) (0.530515311678 0.577559302764 -0.03) (0.531336924602 0.578075529802 -0.03) (0.532158537525 0.57859175684 -0.03))
    polyLine 58 62 ((0.486148213822 0.54968304272 0) (0.486969826745 0.550199269758 0) (0.487791439668 0.550715496796 0) (0.488613052591 0.551231723834 0) (0.489434665515 0.551747950872 0) (0.490256278438 0.55226417791 0) (0.491077891361 0.552780404947 0) (0.491899504284 0.553296631985 0) (0.492721117208 0.553812859023 0) (0.493542730131 0.554329086061 0) (0.494364343054 0.554845313099 0) (0.495185955978 0.555361540137 0) (0.496007568901 0.555877767174 0) (0.496829181824 0.556393994212 0) (0.497650794747 0.55691022125 0) (0.498472407671 0.557426448288 0) (0.499294020594 0.557942675326 0) (0.500115633517 0.558458902364 0) (0.50093724644 0.558975129402 0) (0.501758859364 0.559491356439 0) (0.502580472287 0.560007583477 0) (0.50340208521 0.560523810515 0) (0.504223698134 0.561040037553 0) (0.505045311057 0.561556264591 0) (0.50586692398 0.562072491629 0) (0.506688536903 0.562588718667 0) (0.507510149827 0.563104945704 0) (0.50833176275 0.563621172742 0) (0.509153375673 0.56413739978 0) (0.509974988596 0.564653626818 0) (0.51079660152 0.565169853856 0) (0.511618214443 0.565686080894 0) (0.512439827366 0.566202307931 0) (0.51326144029 0.566718534969 0) (0.514083053213 0.567234762007 0) (0.514904666136 0.567750989045 0) (0.515726279059 0.568267216083 0) (0.516547891983 0.568783443121 0) (0.517369504906 0.569299670159 0) (0.518191117829 0.569815897196 0) (0.519012730752 0.570332124234 0) (0.519834343676 0.570848351272 0) (0.520655956599 0.57136457831 0) (0.521477569522 0.571880805348 0) (0.522299182446 0.572397032386 0) (0.523120795369 0.572913259423 0) (0.523942408292 0.573429486461 0) (0.524764021215 0.573945713499 0) (0.525585634139 0.574461940537 0) (0.526407247062 0.574978167575 0) (0.527228859985 0.575494394613 0) (0.528050472908 0.576010621651 0) (0.528872085832 0.576526848688 0) (0.529693698755 0.577043075726 0) (0.530515311678 0.577559302764 0) (0.531336924602 0.578075529802 0) (0.532158537525 0.57859175684 0))
    polyLine 57 61 ((0.401022936217 1.05239219424 -0.03) (0.404378276046 1.05615596131 -0.03) (0.407754175588 1.05993775099 -0.03) (0.411150868613 1.0637377867 -0.03) (0.41456859241 1.06755629495 -0.03) (0.418007587854 1.07139350543 -0.03) (0.421468099468 1.0752496511 -0.03) (0.424950375497 1.07912496816 -0.03) (0.428454667969 1.0830196962 -0.03) (0.431981232774 1.08693407824 -0.03) (0.435530329729 1.09086836077 -0.03) (0.439102222656 1.09482279383 -0.03) (0.442697179456 1.0987976311 -0.03) (0.446315472187 1.10279312993 -0.03) (0.449957377143 1.10680955146 -0.03) (0.453623174935 1.11084716063 -0.03) (0.457313150571 1.11490622632 -0.03) (0.461027593548 1.11898702139 -0.03) (0.464766797929 1.12308982276 -0.03) (0.468531062441 1.12721491148 -0.03) (0.47232069056 1.13136257286 -0.03) (0.476135990605 1.1355330965 -0.03) (0.479977275835 1.13972677639 -0.03))
    polyLine 59 63 ((0.401022936217 1.05239219424 0) (0.404378276046 1.05615596131 0) (0.407754175588 1.05993775099 0) (0.411150868613 1.0637377867 0) (0.41456859241 1.06755629495 0) (0.418007587854 1.07139350543 0) (0.421468099468 1.0752496511 0) (0.424950375497 1.07912496816 0) (0.428454667969 1.0830196962 0) (0.431981232774 1.08693407824 0) (0.435530329729 1.09086836077 0) (0.439102222656 1.09482279383 0) (0.442697179456 1.0987976311 0) (0.446315472187 1.10279312993 0) (0.449957377143 1.10680955146 0) (0.453623174935 1.11084716063 0) (0.457313150571 1.11490622632 0) (0.461027593548 1.11898702139 0) (0.464766797929 1.12308982276 0) (0.468531062441 1.12721491148 0) (0.47232069056 1.13136257286 0) (0.476135990605 1.1355330965 0) (0.479977275835 1.13972677639 0))
    polyLine 60 64 ((0.532980150448 0.579107983878 -0.03) (0.533801763371 0.579624210915 -0.03) (0.534623376295 0.580140437953 -0.03) (0.535444989218 0.580656664991 -0.03) (0.536266602141 0.581172892029 -0.03) (0.537088215064 0.581689119067 -0.03) (0.537909827988 0.582205346105 -0.03) (0.538731440911 0.582721573143 -0.03) (0.539553053834 0.58323780018 -0.03) (0.540374666758 0.583754027218 -0.03) (0.541196279681 0.584270254256 -0.03) (0.542017892604 0.584786481294 -0.03) (0.542839505527 0.585302708332 -0.03) (0.543661118451 0.58581893537 -0.03) (0.544482731374 0.586335162407 -0.03) (0.545304344297 0.586851389445 -0.03) (0.54612595722 0.587367616483 -0.03) (0.546947570144 0.587883843521 -0.03) (0.547769183067 0.588400070559 -0.03) (0.54859079599 0.588916297597 -0.03) (0.549412408914 0.589432524635 -0.03) (0.550234021837 0.589948751672 -0.03) (0.55105563476 0.59046497871 -0.03) (0.551877247683 0.590981205748 -0.03) (0.552679843207 0.591476557626 -0.03) (0.553490274739 0.591958982533 -0.03) (0.55430833409 0.592428356539 -0.03) (0.55513381111 0.592884559068 -0.03) (0.555966493745 0.593327472929 -0.03) (0.55680616809 0.59375698434 -0.03) (0.557652618443 0.594172982968 -0.03) (0.558505627362 0.594575361947 -0.03) (0.55936497572 0.594964017912 -0.03) (0.560230442761 0.59533885102 -0.03) (0.561101806158 0.595699764984 -0.03) (0.561978842069 0.596046667087 -0.03) (0.562861325194 0.596379468217 -0.03) (0.563749028836 0.59669808288 -0.03) (0.564641724953 0.597002429229 -0.03) (0.565539184225 0.59729242908 -0.03) (0.566441176106 0.597568007937 -0.03) (0.567347468884 0.597829095007 -0.03) (0.568257829746 0.598075623219 -0.03) (0.569172024831 0.598307529245 -0.03) (0.570089819295 0.59852475351 -0.03) (0.571010977367 0.598727240212 -0.03) (0.571935262414 0.598914937335 -0.03) (0.572862437 0.599087796663 -0.03) (0.573792262944 0.599245773789 -0.03) (0.574724501386 0.599388828131 -0.03) (0.575658912847 0.599516922941 -0.03) (0.576595257288 0.599630025312 -0.03) (0.577533294174 0.59972810619 -0.03) (0.578472782536 0.59981114038 -0.03) (0.579413481031 0.599879106551 -0.03) (0.580355148005 0.599931987243 -0.03) (0.581297541557 0.599969768872 -0.03) (0.582240419598 0.599992441733 -0.03))
    polyLine 62 66 ((0.532980150448 0.579107983878 0) (0.533801763371 0.579624210915 0) (0.534623376295 0.580140437953 0) (0.535444989218 0.580656664991 0) (0.536266602141 0.581172892029 0) (0.537088215064 0.581689119067 0) (0.537909827988 0.582205346105 0) (0.538731440911 0.582721573143 0) (0.539553053834 0.58323780018 0) (0.540374666758 0.583754027218 0) (0.541196279681 0.584270254256 0) (0.542017892604 0.584786481294 0) (0.542839505527 0.585302708332 0) (0.543661118451 0.58581893537 0) (0.544482731374 0.586335162407 0) (0.545304344297 0.586851389445 0) (0.54612595722 0.587367616483 0) (0.546947570144 0.587883843521 0) (0.547769183067 0.588400070559 0) (0.54859079599 0.588916297597 0) (0.549412408914 0.589432524635 0) (0.550234021837 0.589948751672 0) (0.55105563476 0.59046497871 0) (0.551877247683 0.590981205748 0) (0.552679843207 0.591476557626 0) (0.553490274739 0.591958982533 0) (0.55430833409 0.592428356539 0) (0.55513381111 0.592884559068 0) (0.555966493745 0.593327472929 0) (0.55680616809 0.59375698434 0) (0.557652618443 0.594172982968 0) (0.558505627362 0.594575361947 0) (0.55936497572 0.594964017912 0) (0.560230442761 0.59533885102 0) (0.561101806158 0.595699764984 0) (0.561978842069 0.596046667087 0) (0.562861325194 0.596379468217 0) (0.563749028836 0.59669808288 0) (0.564641724953 0.597002429229 0) (0.565539184225 0.59729242908 0) (0.566441176106 0.597568007937 0) (0.567347468884 0.597829095007 0) (0.568257829746 0.598075623219 0) (0.569172024831 0.598307529245 0) (0.570089819295 0.59852475351 0) (0.571010977367 0.598727240212 0) (0.571935262414 0.598914937335 0) (0.572862437 0.599087796663 0) (0.573792262944 0.599245773789 0) (0.574724501386 0.599388828131 0) (0.575658912847 0.599516922941 0) (0.576595257288 0.599630025312 0) (0.577533294174 0.59972810619 0) (0.578472782536 0.59981114038 0) (0.579413481031 0.599879106551 0) (0.580355148005 0.599931987243 0) (0.581297541557 0.599969768872 0) (0.582240419598 0.599992441733 0))
    polyLine 61 65 ((0.487657957291 1.1480965123 -0.03) (0.491496891345 1.15227218401 -0.03) (0.495361980192 1.15647121941 -0.03) (0.49925354232 1.16069391625 -0.03) (0.503171901325 1.16494057681 -0.03) (0.507117386012 1.16921150801 -0.03) (0.511090330498 1.17350702153 -0.03) (0.515091074317 1.17782743385 -0.03) (0.519119962529 1.18217306638 -0.03) (0.523177345835 1.18654424559 -0.03) (0.527263580686 1.19094130302 -0.03) (0.531379029403 1.19536457551 -0.03) (0.535524060295 1.19981440518 -0.03) (0.539699047786 1.20429113964 -0.03) (0.543904372533 1.20879513206 -0.03) (0.548140421564 1.21332674127 -0.03) (0.552407588402 1.21788633191 -0.03) (0.556706273207 1.22247427455 -0.03) (0.561036882911 1.22709094579 -0.03) (0.565399831362 1.23173672839 -0.03) (0.569795539469 1.23641201144 -0.03) (0.574224435352 1.24111719045 -0.03) (0.578686954498 1.24585266749 -0.03))
    polyLine 63 67 ((0.487657957291 1.1480965123 0) (0.491496891345 1.15227218401 0) (0.495361980192 1.15647121941 0) (0.49925354232 1.16069391625 0) (0.503171901325 1.16494057681 0) (0.507117386012 1.16921150801 0) (0.511090330498 1.17350702153 0) (0.515091074317 1.17782743385 0) (0.519119962529 1.18217306638 0) (0.523177345835 1.18654424559 0) (0.527263580686 1.19094130302 0) (0.531379029403 1.19536457551 0) (0.535524060295 1.19981440518 0) (0.539699047786 1.20429113964 0) (0.543904372533 1.20879513206 0) (0.548140421564 1.21332674127 0) (0.552407588402 1.21788633191 0) (0.556706273207 1.22247427455 0) (0.561036882911 1.22709094579 0) (0.565399831362 1.23173672839 0) (0.569795539469 1.23641201144 0) (0.574224435352 1.24111719045 0) (0.578686954498 1.24585266749 0))
);

boundary
(
    body_fore
    {
        type wall;
        faces
        (
            (0 2 6 4)
            (4 6 10 8)
            (8 10 14 12)
            (12 14 18 16)
            (16 18 22 20)
            (20 22 26 24)
            (24 26 30 28)
            (28 30 34 32)
            (32 34 38 36)
            (36 38 42 40)
            (40 42 46 44)
            (44 46 50 48)
            (48 50 54 52)
            (52 54 58 56)
            (56 58 62 60)
            (60 62 66 64)
        );
    }
    freestream
    {
        type patch;
        faces
        (
            (1 5 7 3)
            (5 9 11 7)
            (9 13 15 11)
            (13 17 19 15)
            (17 21 23 19)
            (21 25 27 23)
            (25 29 31 27)
            (29 33 35 31)
            (33 37 39 35)
            (37 41 43 39)
            (41 45 47 43)
            (45 49 51 47)
            (49 53 55 51)
            (53 57 59 55)
            (57 61 63 59)
            (61 65 67 63)
        );
    }
    outlet
    {
        type patch;
        faces
        (
            (64 66 67 65)
        );
    }
    axis
    {
        type patch;
        faces
        (
            (0 1 3 2)
        );
    }
    front
    {
        type patch;
        faces
        (
            (2 6 7 3)
            (6 10 11 7)
            (10 14 15 11)
            (14 18 19 15)
            (18 22 23 19)
            (22 26 27 23)
            (26 30 31 27)
            (30 34 35 31)
            (34 38 39 35)
            (38 42 43 39)
            (42 46 47 43)
            (46 50 51 47)
            (50 54 55 51)
            (54 58 59 55)
            (58 62 63 59)
            (62 66 67 63)
        );
    }
    back
    {
        type patch;
        faces
        (
            (0 1 5 4)
            (4 5 9 8)
            (8 9 13 12)
            (12 13 17 16)
            (16 17 21 20)
            (20 21 25 24)
            (24 25 29 28)
            (28 29 33 32)
            (32 33 37 36)
            (36 37 41 40)
            (40 41 45 44)
            (44 45 49 48)
            (48 49 53 52)
            (52 53 57 56)
            (56 57 61 60)
            (60 61 65 64)
        );
    }
);
