iteration,cd_fore,cd_aft,cd_viscous,cd_total,mean_abs_drho_dtau_kg_m3_s
5,0.15276154031351508,,0.0,0.15276154031351508,11.674249493
10,0.3478875346134702,,0.0,0.3478875346134702,11.670240332
15,0.5898995778743298,,0.0,0.5898995778743298,11.66495526
20,0.8772263293340616,,0.0,0.8772263293340616,11.658250872
25,1.1953437406379914,,0.0,1.1953437406379914,11.649968758
30,1.5089928406163757,,0.0,1.5089928406163757,11.640229919
35,1.7758565962383668,,0.0,1.7758565962383668,11.629053477
40,1.9780605458142024,,0.0,1.9780605458142024,11.616912114
45,2.1094957487243855,,0.0,2.1094957487243855,11.603928618
50,2.170102917115189,,0.0,2.170102917115189,13.512041659
55,2.1494360400192827,,0.0,2.1494360400192827,17.44830386
60,2.033928670637365,,0.0,2.033928670637365,23.006220168
65,1.8416242832265644,,0.0,1.8416242832265644,26.02902881
70,1.632444946536411,,0.0,1.632444946536411,26.012480482
75,1.4468965921237245,,0.0,1.4468965921237245,22.917231732
80,1.3088039876367281,,0.0,1.3088039876367281,20.346004761
85,1.215409770696061,,0.0,1.215409770696061,19.602236368
90,1.1554244797098538,,0.0,1.1554244797098538,19.126466609
95,1.1212142605869264,,0.0,1.1212142605869264,18.463345235
100,1.1076517612085484,,0.0,1.1076517612085484,17.781983214
105,1.1121861645362934,,0.0,1.1121861645362934,17.965076615
110,1.1318400559318897,,0.0,1.1318400559318897,18.263039057
115,1.1589009707234457,,0.0,1.1589009707234457,17.995607858
120,1.1846323113192696,,0.0,1.1846323113192696,16.325033433
125,1.2036275183850997,,0.0,1.2036275183850997,15.192919585
130,1.2158951003041776,,0.0,1.2158951003041776,14.912129117
135,1.22236917684973,,0.0,1.22236917684973,14.790589616
140,1.2241729012611444,,0.0,1.2241729012611444,14.616416244
145,1.2226320433089444,,0.0,1.2226320433089444,13.96247778
150,1.2189513634370641,,0.0,1.2189513634370641,13.855125981
155,1.2143820443595856,,0.0,1.2143820443595856,14.216512262
160,1.2101844693796047,,0.0,1.2101844693796047,14.508978916
165,1.2066915557585822,,0.0,1.2066915557585822,13.844390137
170,1.2037108186199075,,0.0,1.2037108186199075,13.392062824
175,1.2016349313253425,,0.0,1.2016349313253425,13.303416541
180,1.200911116878561,,0.0,1.200911116878561,13.56643192
185,1.2016592555118748,,0.0,1.2016592555118748,13.886930345
190,1.2031365243015888,,0.0,1.2031365243015888,14.104718539
195,1.2042981388626803,,0.0,1.2042981388626803,14.069732347
200,1.2042406585871195,,0.0,1.2042406585871195,14.025090374
205,1.2030449181213512,,0.0,1.2030449181213512,14.30222319
210,1.201117357209506,,0.0,1.201117357209506,14.630484229
215,1.1988509131158869,,0.0,1.1988509131158869,14.892854247
220,1.1966564473054664,,0.0,1.1966564473054664,14.785390271
225,1.1948727247306317,,0.0,1.1948727247306317,14.474447933
230,1.1936673739400876,,0.0,1.1936673739400876,14.448664293
235,1.192919274638962,,0.0,1.192919274638962,14.745512273
240,1.1921839158529146,,0.0,1.1921839158529146,15.113926747
245,1.1909091687052507,,0.0,1.1909091687052507,15.343280956
250,1.1888917797685865,,0.0,1.1888917797685865,15.216365622
255,1.186230905679173,,0.0,1.186230905679173,15.251337646
260,1.1830979871667713,,0.0,1.1830979871667713,15.338998889
265,1.1796898914384397,,0.0,1.1796898914384397,15.492540763
270,1.1762120366179554,,0.0,1.1762120366179554,15.59964144
275,1.1728519071555237,,0.0,1.1728519071555237,15.445955004
280,1.1697866841559286,,0.0,1.1697866841559286,15.266996263
285,1.167106712462833,,0.0,1.167106712462833,15.328351009
290,1.1647341297238392,,0.0,1.1647341297238392,15.482996745
295,1.1624314638422912,,0.0,1.1624314638422912,15.651669123
300,1.1600115187894808,,0.0,1.1600115187894808,15.802990023
305,1.1574717318907117,,0.0,1.1574717318907117,15.734397962
310,1.154880137660638,,0.0,1.154880137660638,15.752017554
315,1.1522812507218883,,0.0,1.1522812507218883,15.741516158
320,1.1497010376381491,,0.0,1.1497010376381491,15.782386594
325,1.1471563238552913,,0.0,1.1471563238552913,15.782853246
330,1.1446240486478483,,0.0,1.1446240486478483,15.642295867
335,1.1420742317208952,,0.0,1.1420742317208952,15.516021198
340,1.139428053682436,,0.0,1.139428053682436,15.544517313
345,1.1366582469362396,,0.0,1.1366582469362396,15.607329223
350,1.1338407059156637,,0.0,1.1338407059156637,15.726531702
355,1.131118377122537,,0.0,1.131118377122537,15.863457984
360,1.1286030477584963,,0.0,1.1286030477584963,15.792077486
365,1.1263222767369807,,0.0,1.1263222767369807,15.823754148
370,1.1242581116423325,,0.0,1.1242581116423325,15.787654002
375,1.1222743689264412,,0.0,1.1222743689264412,15.805628987
380,1.1201648194192149,,0.0,1.1201648194192149,15.86836539
385,1.1177583585552355,,0.0,1.1177583585552355,15.794095706
390,1.11503032666754,,0.0,1.11503032666754,15.653689813
395,1.1121291548500682,,0.0,1.1121291548500682,15.6694274
400,1.1092192526400322,,0.0,1.1092192526400322,15.70585431
405,1.106433736824397,,0.0,1.106433736824397,15.792826008
410,1.1038579977443537,,0.0,1.1038579977443537,15.93225018
415,1.1015083116211632,,0.0,1.1015083116211632,16.022265888
420,1.099364971762448,,0.0,1.099364971762448,15.902235499
425,1.0973904532377945,,0.0,1.0973904532377945,15.896970497
430,1.095491641725638,,0.0,1.095491641725638,15.87717455
435,1.0935950462759954,,0.0,1.0935950462759954,15.907180222
440,1.0916735713327637,,0.0,1.0916735713327637,16.005779532
445,1.089752711356956,,0.0,1.089752711356956,15.978446545
450,1.0878699854584633,,0.0,1.0878699854584633,15.845455565
455,1.086037735228224,,0.0,1.086037735228224,15.816205214
460,1.0842248582325638,,0.0,1.0842248582325638,15.863214641
465,1.0823780026787828,,0.0,1.0823780026787828,15.915219964
470,1.0804445464641268,,0.0,1.0804445464641268,16.034452918
475,1.0784001726922703,,0.0,1.0784001726922703,16.152548876
480,1.076269998334166,,0.0,1.076269998334166,16.035061264
485,1.0741139812440161,,0.0,1.0741139812440161,15.936465284
490,1.07201424853009,,0.0,1.07201424853009,15.933069927
495,1.0700524379837872,,0.0,1.0700524379837872,15.93986618
500,1.068284586929206,,0.0,1.068284586929206,16.002423556
505,1.0667277011465905,,0.0,1.0667277011465905,16.100355595
510,1.065352241318439,,0.0,1.065352241318439,16.103474886
515,1.0640965884567586,,0.0,1.0640965884567586,15.935754688
520,1.062884934883096,,0.0,1.062884934883096,15.872955795
525,1.0616353924071253,,0.0,1.0616353924071253,15.893468685
530,1.0602868398993432,,0.0,1.0602868398993432,15.925757291
535,1.0587933546942485,,0.0,1.0587933546942485,16.005668507
540,1.0571413974244455,,0.0,1.0571413974244455,16.090631641
545,1.055339516241904,,0.0,1.055339516241904,16.141204254
550,1.0533978624163145,,0.0,1.0533978624163145,15.94194601
555,1.051360139596749,,0.0,1.051360139596749,15.869739372
560,1.0492906705499403,,0.0,1.0492906705499403,15.862274415
565,1.0472580897264652,,0.0,1.0472580897264652,15.858877894
570,1.0453229453562374,,0.0,1.0453229453562374,15.938238169
575,1.043531519740362,,0.0,1.043531519740362,16.017406409
580,1.0419030526633628,,0.0,1.0419030526633628,16.039958507
585,1.0404244620327319,,0.0,1.0404244620327319,15.899203814
590,1.0390565318958755,,0.0,1.0390565318958755,15.767942564
595,1.037738491649775,,0.0,1.037738491649775,15.759108412
600,1.0363855177703818,,0.0,1.0363855177703818,15.763581301
605,1.0349515890507304,,0.0,1.0349515890507304,15.773793997
610,1.0334405202620096,,0.0,1.0334405202620096,15.862108883
615,1.0319019152889946,,0.0,1.0319019152889946,15.932839479
620,1.0303805187959603,,0.0,1.0303805187959603,15.872326927
625,1.0289130507931066,,0.0,1.0289130507931066,15.701957162
630,1.0275116331466063,,0.0,1.0275116331466063,15.598510826
635,1.02618843061989,,0.0,1.02618843061989,15.58916045
640,1.0249313008003378,,0.0,1.0249313008003378,15.587742922
645,1.0237138159932784,,0.0,1.0237138159932784,15.630705903
650,1.022491085817629,,0.0,1.022491085817629,15.692243418
655,1.02121354669574,,0.0,1.02121354669574,15.760740326
660,1.019861680054558,,0.0,1.019861680054558,15.732454906
665,1.018439545505598,,0.0,1.018439545505598,15.528233616
670,1.016965705819177,,0.0,1.016965705819177,15.419749771
675,1.0154893380174188,,0.0,1.0154893380174188,15.411177492
680,1.014050631419084,,0.0,1.014050631419084,15.412545738
685,1.0126751915553287,,0.0,1.0126751915553287,15.44508955
690,1.0113603301591076,,0.0,1.0113603301591076,15.497891711
695,1.0101187233850586,,0.0,1.0101187233850586,15.566770218
700,1.0089308027200348,,0.0,1.0089308027200348,15.580607319
705,1.0077865882069075,,0.0,1.0077865882069075,15.454529505
710,1.0066330102465144,,0.0,1.0066330102465144,15.31174601
715,1.005444211904732,,0.0,1.005444211904732,15.220504999
720,1.0042163834742273,,0.0,1.0042163834742273,15.235186281
725,1.002990937180327,,0.0,1.002990937180327,15.224980522
730,1.0017991117733702,,0.0,1.0017991117733702,15.286800927
735,1.0006479128647043,,0.0,1.0006479128647043,15.349431089
740,0.999532017745531,,0.0,0.999532017745531,15.38022641
745,0.9984281475953627,,0.0,0.9984281475953627,15.3780567
750,0.9972911861240424,,0.0,0.9972911861240424,15.232513724
755,0.9961314558265151,,0.0,0.9961314558265151,15.126685312
760,0.994926601381124,,0.0,0.994926601381124,15.04735903
765,0.9937067337389974,,0.0,0.9937067337389974,14.987522862
770,0.9924858597865398,,0.0,0.9924858597865398,15.061626906
775,0.9913050451951014,,0.0,0.9913050451951014,15.025218663
780,0.9901966656524538,,0.0,0.9901966656524538,15.102384781
785,0.9891774754776691,,0.0,0.9891774754776691,15.136976909
790,0.988230650869174,,0.0,0.988230650869174,15.17071463
795,0.9873342468667794,,0.0,0.9873342468667794,15.136365954
800,0.9864452623004113,,0.0,0.9864452623004113,14.966014505
805,0.9855334557955578,,0.0,0.9855334557955578,14.86776577
810,0.9845864017129186,,0.0,0.9845864017129186,14.820343773
815,0.9836009688436,,0.0,0.9836009688436,14.75536586
820,0.9825307372893184,,0.0,0.9825307372893184,14.819484415
825,0.9814045639257312,,0.0,0.9814045639257312,14.801540282
830,0.980233608821134,,0.0,0.980233608821134,14.864930122
835,0.9791095835654475,,0.0,0.9791095835654475,14.942587818
840,0.9780651350973955,,0.0,0.9780651350973955,14.92689795
845,0.9771241443997379,,0.0,0.9771241443997379,14.91841873
850,0.9762977927274766,,0.0,0.9762977927274766,14.818797767
855,0.9755409061527197,,0.0,0.9755409061527197,14.658143697
860,0.9748185340316943,,0.0,0.9748185340316943,14.616828006
865,0.9740593873330594,,0.0,0.9740593873330594,14.526431975
870,0.9732093123269208,,0.0,0.9732093123269208,14.534029751
875,0.9723138347045162,,0.0,0.9723138347045162,14.576738396
880,0.9713403515011781,,0.0,0.9713403515011781,14.591002312
885,0.9703255712024701,,0.0,0.9703255712024701,14.631788637
890,0.9692654146835712,,0.0,0.9692654146835712,14.662235649
895,0.9682134236026612,,0.0,0.9682134236026612,14.685674959
900,0.9672401781968162,,0.0,0.9672401781968162,14.631344288
905,0.9663397637663305,,0.0,0.9663397637663305,14.588028144
910,0.9655077543268283,,0.0,0.9655077543268283,14.439435684
915,0.9647087249346177,,0.0,0.9647087249346177,14.377698512
920,0.9639352224237376,,0.0,0.9639352224237376,14.35472397
925,0.9632162196583302,,0.0,0.9632162196583302,14.31379773
930,0.9624786183263859,,0.0,0.9624786183263859,14.357835826
935,0.9617400723525585,,0.0,0.9617400723525585,14.312472873
940,0.9609712410738177,,0.0,0.9609712410738177,14.380303093
945,0.9601484911270293,,0.0,0.9601484911270293,14.418496929
950,0.9593024378553489,,0.0,0.9593024378553489,14.424323803
955,0.9584142471356476,,0.0,0.9584142471356476,14.436967173
960,0.9575215758205076,,0.0,0.9575215758205076,14.417927969
965,0.9566087416440014,,0.0,0.9566087416440014,14.30819653
970,0.9556998828560341,,0.0,0.9556998828560341,14.251830145
975,0.9548374340278066,,0.0,0.9548374340278066,14.181180407
980,0.9539994144756654,,0.0,0.9539994144756654,14.096920374
985,0.9531777110444749,,0.0,0.9531777110444749,14.072663088
990,0.9523919947322519,,0.0,0.9523919947322519,14.072025661
995,0.9516196294352792,,0.0,0.9516196294352792,14.110509103
1000,0.9509042829045484,,0.0,0.9509042829045484,14.097051306
1005,0.9502086046361883,,0.0,0.9502086046361883,14.151764907
1010,0.9495201969439623,,0.0,0.9495201969439623,14.18002722
1015,0.9488593867989009,,0.0,0.9488593867989009,14.192914328
1020,0.948191340025909,,0.0,0.948191340025909,14.213292591
1025,0.9475449504755206,,0.0,0.9475449504755206,14.170841742
1030,0.946877811165817,,0.0,0.946877811165817,14.042850104
1035,0.9461763344481595,,0.0,0.9461763344481595,13.97315122
1040,0.9454686061388887,,0.0,0.9454686061388887,13.897698919
1045,0.9447210656953399,,0.0,0.9447210656953399,13.818245748
1050,0.9439291539595565,,0.0,0.9439291539595565,13.788567012
1055,0.9431350287222894,,0.0,0.9431350287222894,13.786618324
1060,0.9423543778226172,,0.0,0.9423543778226172,13.799182357
1065,0.9415965293481247,,0.0,0.9415965293481247,13.802220397
1070,0.9408824062478076,,0.0,0.9408824062478076,13.805589439
1075,0.9402116692287926,,0.0,0.9402116692287926,13.857137428
1080,0.9396124887232822,,0.0,0.9396124887232822,13.869319943
1085,0.9390918040032058,,0.0,0.9390918040032058,13.863922135
1090,0.938592668273096,,0.0,0.938592668273096,13.8781673
1095,0.9381208948682391,,0.0,0.9381208948682391,13.781799247
1100,0.9376555717822238,,0.0,0.9376555717822238,13.738032425
1105,0.9371657734234341,,0.0,0.9371657734234341,13.667917244
1110,0.9366325921118739,,0.0,0.9366325921118739,13.608758598
1115,0.9360202217323099,,0.0,0.9360202217323099,13.531110473
1120,0.9353141812293796,,0.0,0.9353141812293796,13.461297416
1125,0.9345531944304033,,0.0,0.9345531944304033,13.440519589
1130,0.9337593410843464,,0.0,0.9337593410843464,13.400577706
1135,0.9329721325353768,,0.0,0.9329721325353768,13.386339356
1140,0.9321946016400903,,0.0,0.9321946016400903,13.389255626
1145,0.931481004293122,,0.0,0.931481004293122,13.410497869
1150,0.9308318119714373,,0.0,0.9308318119714373,13.434212393
1155,0.9302323163864312,,0.0,0.9302323163864312,13.451694454
1160,0.9296447259840539,,0.0,0.9296447259840539,13.477321962
1165,0.9290900556339206,,0.0,0.9290900556339206,13.460777403
1170,0.9286007014829433,,0.0,0.9286007014829433,13.424491931
1175,0.9281324809548147,,0.0,0.9281324809548147,13.381455761
1180,0.9277143975587342,,0.0,0.9277143975587342,13.327741294
1185,0.9273533629336951,,0.0,0.9273533629336951,13.271187929
1190,0.9269727461900354,,0.0,0.9269727461900354,13.172421692
1195,0.9265745143882685,,0.0,0.9265745143882685,13.134214119
1200,0.9261712244641565,,0.0,0.9261712244641565,13.082738011
1205,0.9256985193098765,,0.0,0.9256985193098765,12.986797197
1210,0.9251598936405744,,0.0,0.9251598936405744,12.943046059
1215,0.9245726776724824,,0.0,0.9245726776724824,12.975301347
1220,0.9239162422911886,,0.0,0.9239162422911886,12.959766069
1225,0.9231935056889734,,0.0,0.9231935056889734,12.9356976
1230,0.9224711202535002,,0.0,0.9224711202535002,12.930803632
1235,0.921775807790499,,0.0,0.921775807790499,12.897793697
1240,0.9211092132963588,,0.0,0.9211092132963588,12.945135834
1245,0.9205194956672091,,0.0,0.9205194956672091,12.960722229
1250,0.9200258525615336,,0.0,0.9200258525615336,12.924984047
1255,0.9195995800379327,,0.0,0.9195995800379327,12.89774417
1260,0.9192070766354611,,0.0,0.9192070766354611,12.877622793
1265,0.9188632396351257,,0.0,0.9188632396351257,12.803718335
1270,0.9185251114916776,,0.0,0.9185251114916776,12.731374828
1275,0.9181546507177818,,0.0,0.9181546507177818,12.654104709
1280,0.9178119508731487,,0.0,0.9178119508731487,12.626226762
1285,0.9174450612378741,,0.0,0.9174450612378741,12.574311763
1290,0.9170041595265842,,0.0,0.9170041595265842,12.500940188
1295,0.9165667970719976,,0.0,0.9165667970719976,12.450963207
1300,0.9161231302773021,,0.0,0.9161231302773021,12.373535434
1305,0.9156507001136611,,0.0,0.9156507001136611,12.331865743
1310,0.9151771234960314,,0.0,0.9151771234960314,12.324795601
1315,0.9146985387834575,,0.0,0.9146985387834575,12.309513206
1320,0.9142136632343896,,0.0,0.9142136632343896,12.297419115
1325,0.9136799903068521,,0.0,0.9136799903068521,12.271145026
1330,0.9131128604419707,,0.0,0.9131128604419707,12.279200416
1335,0.9125406835719444,,0.0,0.9125406835719444,12.230551128
1340,0.911979814887989,,0.0,0.911979814887989,12.224100544
1345,0.9114102796480622,,0.0,0.9114102796480622,12.250114734
1350,0.9108936646381101,,0.0,0.9108936646381101,12.244066621
1355,0.9104697527733818,,0.0,0.9104697527733818,12.199041507
1360,0.9100637906614211,,0.0,0.9100637906614211,12.155427384
1365,0.9097331942901056,,0.0,0.9097331942901056,12.103928096
1370,0.9094700263859723,,0.0,0.9094700263859723,12.048735786
1375,0.9092046409350913,,0.0,0.9092046409350913,11.960180008
1380,0.9089457148830687,,0.0,0.9089457148830687,11.858234289
1385,0.908684338361494,,0.0,0.908684338361494,11.830123168
1390,0.9084058759983719,,0.0,0.9084058759983719,11.796768105
1395,0.908068704938176,,0.0,0.908068704938176,11.736943026
1400,0.9076994239116641,,0.0,0.9076994239116641,11.70913167
1405,0.9073058324205044,,0.0,0.9073058324205044,11.668076145
1410,0.9068999792687462,,0.0,0.9068999792687462,11.596171671
1415,0.9064489736522765,,0.0,0.9064489736522765,11.545941118
1420,0.9059919914784866,,0.0,0.9059919914784866,11.516162505
1425,0.9055367749605407,,0.0,0.9055367749605407,11.514150208
1430,0.9050774351399993,,0.0,0.9050774351399993,11.509501783
1435,0.9045956028371616,,0.0,0.9045956028371616,11.490496259
1440,0.9041259939104282,,0.0,0.9041259939104282,11.491112631
1445,0.9036343344683094,,0.0,0.9036343344683094,11.448169942
1450,0.9031121009650994,,0.0,0.9031121009650994,11.388517794
1455,0.9025606418851623,,0.0,0.9025606418851623,11.398408288
1460,0.9021036742481302,,0.0,0.9021036742481302,11.388204857
1465,0.901736381730761,,0.0,0.901736381730761,11.377240416
1470,0.9013867582859584,,0.0,0.9013867582859584,11.363924104
1475,0.9010754843214989,,0.0,0.9010754843214989,11.349647517
1480,0.9008498877228014,,0.0,0.9008498877228014,11.251739968
1485,0.900666050354499,,0.0,0.900666050354499,11.162306687
1490,0.900492409670523,,0.0,0.900492409670523,11.100448645
1495,0.900352341446734,,0.0,0.900352341446734,11.064696887
1500,0.9002234704552841,,0.0,0.9002234704552841,11.024711929
1505,0.900076285346287,,0.0,0.900076285346287,10.982651601
1510,0.8998614558723348,,0.0,0.8998614558723348,10.919355825
1515,0.8996047157470652,,0.0,0.8996047157470652,10.878186093
1520,0.89929422759695,,0.0,0.89929422759695,10.871173875
1525,0.8989507945264036,,0.0,0.8989507945264036,10.830619923
1530,0.8985416756388993,,0.0,0.8985416756388993,10.769300529
1535,0.8981060991246814,,0.0,0.8981060991246814,10.748176443
1540,0.8976873321663055,,0.0,0.8976873321663055,10.749028233
1545,0.8972788159503694,,0.0,0.8972788159503694,10.728368755
1550,0.8968348951189199,,0.0,0.8968348951189199,10.686469295
1555,0.8963200763371122,,0.0,0.8963200763371122,10.675043364
1560,0.8957754650741269,,0.0,0.8957754650741269,10.669383029
1565,0.8952583688378319,,0.0,0.8952583688378319,10.643074947
1570,0.8947588286686375,,0.0,0.8947588286686375,10.605947255
1575,0.894264307173189,,0.0,0.894264307173189,10.554089367
1580,0.8938083832288009,,0.0,0.8938083832288009,10.548202874
1585,0.8934557006040847,,0.0,0.8934557006040847,10.537803064
1590,0.8931743157123926,,0.0,0.8931743157123926,10.529655899
1595,0.8929525734644449,,0.0,0.8929525734644449,10.507893166
1600,0.8928161855286464,,0.0,0.8928161855286464,10.470152905
1605,0.8927495954496881,,0.0,0.8927495954496881,10.451801471
1610,0.8926842752343709,,0.0,0.8926842752343709,10.41123076
1615,0.8926039230802321,,0.0,0.8926039230802321,10.352166734
1620,0.892536563789973,,0.0,0.892536563789973,10.321086422
1625,0.8924756729203841,,0.0,0.8924756729203841,10.319282411
1630,0.8923850925928857,,0.0,0.8923850925928857,10.300862997
1635,0.8922632403380639,,0.0,0.8922632403380639,10.259549067
1640,0.8920855485841908,,0.0,0.8920855485841908,10.204697111
1645,0.8918476119951979,,0.0,0.8918476119951979,10.139526903
1650,0.8915690525893956,,0.0,0.8915690525893956,10.121339794
1655,0.8912666663026001,,0.0,0.8912666663026001,10.120351548
1660,0.8908935196335226,,0.0,0.8908935196335226,10.080035569
1665,0.8904566178442787,,0.0,0.8904566178442787,10.016394431
1670,0.8899745812556129,,0.0,0.8899745812556129,10.005789804
1675,0.8894858140753412,,0.0,0.8894858140753412,9.9824393751
1680,0.8890194634049811,,0.0,0.8890194634049811,9.950248405
1685,0.8885622428952996,,0.0,0.8885622428952996,9.9050983579
1690,0.8880881249980748,,0.0,0.8880881249980748,9.8717459843
1695,0.887598155457685,,0.0,0.887598155457685,9.8439072441
1700,0.8871544030867408,,0.0,0.8871544030867408,9.8236421449
1705,0.8867575082155983,,0.0,0.8867575082155983,9.8151301849
1710,0.8863884032599263,,0.0,0.8863884032599263,9.7879289899
1715,0.8860905271077271,,0.0,0.8860905271077271,9.7893156105
1720,0.8858911200569758,,0.0,0.8858911200569758,9.7584787668
1725,0.8857460939111561,,0.0,0.8857460939111561,9.7543479803
1730,0.8856019209231392,,0.0,0.8856019209231392,9.729291428
1735,0.8854902760624074,,0.0,0.8854902760624074,9.7114332233
1740,0.8854174132196811,,0.0,0.8854174132196811,9.679526147
1745,0.8853535284182484,,0.0,0.8853535284182484,9.6663188675
1750,0.8853088266075795,,0.0,0.8853088266075795,9.6274259303
1755,0.8852874892373008,,0.0,0.8852874892373008,9.5835871039
1760,0.8852979556737951,,0.0,0.8852979556737951,9.5568280599
1765,0.885302501619163,,0.0,0.885302501619163,9.5509750182
1770,0.8852776574561521,,0.0,0.8852776574561521,9.5378200249
1775,0.8852229667829528,,0.0,0.8852229667829528,9.477070238
1780,0.8851303089650566,,0.0,0.8851303089650566,9.4435928118
1785,0.8849708675503428,,0.0,0.8849708675503428,9.4055753673
1790,0.8847180144435121,,0.0,0.8847180144435121,9.3711052388
1795,0.8844007898521647,,0.0,0.8844007898521647,9.3521706216
1800,0.8840488549028118,,0.0,0.8840488549028118,9.3295272853
1805,0.8836788037773694,,0.0,0.8836788037773694,9.3021256052
1810,0.8832838039959654,,0.0,0.8832838039959654,9.2267903121
1815,0.8828412913092472,,0.0,0.8828412913092472,9.1866209528
1820,0.8823687421741031,,0.0,0.8823687421741031,9.1749144569
1825,0.8818853928827421,,0.0,0.8818853928827421,9.1508011136
1830,0.8814133188623912,,0.0,0.8814133188623912,9.0899043651
1835,0.8809565779929597,,0.0,0.8809565779929597,9.0494714926
1840,0.8805157236316297,,0.0,0.8805157236316297,9.0249034158
1845,0.8801411791492504,,0.0,0.8801411791492504,9.0092917901
1850,0.8798311119394043,,0.0,0.8798311119394043,8.9723782614
1855,0.8795517814160796,,0.0,0.8795517814160796,8.9555118179
1860,0.8792882919862209,,0.0,0.8792882919862209,8.9246032233
1865,0.8790665120358314,,0.0,0.8790665120358314,8.8683174788
1870,0.8789036128517456,,0.0,0.8789036128517456,8.8447476753
1875,0.8787917856922136,,0.0,0.8787917856922136,8.8088485947
1880,0.8787036637356282,,0.0,0.8787036637356282,8.806294854
1885,0.8786419288319073,,0.0,0.8786419288319073,8.7794250405
1890,0.8786305086880644,,0.0,0.8786305086880644,8.7130616791
1895,0.8786583548588957,,0.0,0.8786583548588957,8.6697798805
1900,0.878683926223578,,0.0,0.878683926223578,8.6494478852
1905,0.8787038245857989,,0.0,0.8787038245857989,8.6556603866
1910,0.8787381255427236,,0.0,0.8787381255427236,8.6482944637
1915,0.8787915678882193,,0.0,0.8787915678882193,8.6361249004
1920,0.8788228320014897,,0.0,0.8788228320014897,8.6123758527
1925,0.8788035437756587,,0.0,0.8788035437756587,8.5639666504
1930,0.8787250806433623,,0.0,0.8787250806433623,8.5113767617
1935,0.8786106077066078,,0.0,0.8786106077066078,8.4749202151
1940,0.8784888187645319,,0.0,0.8784888187645319,8.4350838663
1945,0.8783297698568293,,0.0,0.8783297698568293,8.4051031586
1950,0.8781221088815783,,0.0,0.8781221088815783,8.3916975681
1955,0.877867282529928,,0.0,0.877867282529928,8.3691514388
1960,0.877572107449926,,0.0,0.877572107449926,8.315012764
1965,0.8772473221584438,,0.0,0.8772473221584438,8.2731983435
1970,0.8769054292566559,,0.0,0.8769054292566559,8.2117708237
1975,0.8765428363319271,,0.0,0.8765428363319271,8.1841859753
1980,0.876154597234236,,0.0,0.876154597234236,8.1913119209
1985,0.8757491893816383,,0.0,0.8757491893816383,8.2018307443
1990,0.8753695421771517,,0.0,0.8753695421771517,8.1761806942
1995,0.8750318344210228,,0.0,0.8750318344210228,8.1166774655
2000,0.8747200233095398,,0.0,0.8747200233095398,8.0634322786
2005,0.8743940354251185,,0.0,0.8743940354251185,7.9888478426
2010,0.8740812202587575,,0.0,0.8740812202587575,7.9422379158
2015,0.8738018263353792,,0.0,0.8738018263353792,7.9006637642
2020,0.8735536949391787,,0.0,0.8735536949391787,7.8597760873
2025,0.8733321914200078,,0.0,0.8733321914200078,7.8375401213
2030,0.8731458868772504,,0.0,0.8731458868772504,7.8284959324
2035,0.8729923417839386,,0.0,0.8729923417839386,7.804619609
2040,0.8728668951084012,,0.0,0.8728668951084012,7.7685995459
2045,0.8727491524197393,,0.0,0.8727491524197393,7.7210284613
2050,0.8726307607717948,,0.0,0.8726307607717948,7.6770365458
2055,0.8725329383596252,,0.0,0.8725329383596252,7.634390798
2060,0.8724799945710813,,0.0,0.8724799945710813,7.6051638659
2065,0.872494983481682,,0.0,0.872494983481682,7.5545171144
2070,0.8725599905528277,,0.0,0.8725599905528277,7.5575450225
2075,0.8726372046444064,,0.0,0.8726372046444064,7.5743760144
2080,0.8727063373172546,,0.0,0.8727063373172546,7.5903443708
2085,0.8727736642454021,,0.0,0.8727736642454021,7.5755970431
2090,0.8728426144011805,,0.0,0.8728426144011805,7.5230437898
2095,0.87290571429045,,0.0,0.87290571429045,7.459782956
2100,0.8729392654184176,,0.0,0.8729392654184176,7.4112266944
2105,0.8729109082201627,,0.0,0.8729109082201627,7.3538380899
2110,0.8728074931724115,,0.0,0.8728074931724115,7.3254032468
2115,0.8726528396185791,,0.0,0.8726528396185791,7.3220039505
2120,0.8724955876811377,,0.0,0.8724955876811377,7.3162032879
2125,0.8723559345479914,,0.0,0.8723559345479914,7.2961521744
2130,0.8722063357697031,,0.0,0.8722063357697031,7.2769003932
2135,0.8720448221030627,,0.0,0.8720448221030627,7.2613392848
2140,0.8718688257658647,,0.0,0.8718688257658647,7.2589468564
2145,0.8716840267160963,,0.0,0.8716840267160963,7.2695852391
2150,0.8714813117016998,,0.0,0.8714813117016998,7.2678264883
2155,0.8712452322671826,,0.0,0.8712452322671826,7.2269271543
2160,0.8709831855559655,,0.0,0.8709831855559655,7.182801112
2165,0.8707170702696263,,0.0,0.8707170702696263,7.1622522576
2170,0.8704498574216968,,0.0,0.8704498574216968,7.1477001991
2175,0.8701836616375157,,0.0,0.8701836616375157,7.1351999265
2180,0.8699149283960568,,0.0,0.8699149283960568,7.0990544039
2185,0.869634043312729,,0.0,0.869634043312729,7.0758737279
2190,0.8693518770011877,,0.0,0.8693518770011877,7.0655291864
2195,0.8690874659641682,,0.0,0.8690874659641682,7.0235206138
2200,0.868837581979199,,0.0,0.868837581979199,6.9779006895
2205,0.8686066127316108,,0.0,0.8686066127316108,6.9506661084
2210,0.8683819002559018,,0.0,0.8683819002559018,6.9246110281
2215,0.8681688553690469,,0.0,0.8681688553690469,6.9001670342
2220,0.8679649443825569,,0.0,0.8679649443825569,6.8807977429
2225,0.8677621057402386,,0.0,0.8677621057402386,6.894297989
2230,0.8675334996252453,,0.0,0.8675334996252453,6.9091223489
2235,0.8672914536883624,,0.0,0.8672914536883624,6.9103472426
2240,0.8670709058118642,,0.0,0.8670709058118642,6.8888224386
2245,0.8668876214806147,,0.0,0.8668876214806147,6.8167465061
2250,0.8667275034882338,,0.0,0.8667275034882338,6.7419928903
2255,0.8666046442246182,,0.0,0.8666046442246182,6.6767061152
2260,0.866539459220065,,0.0,0.866539459220065,6.6392888907
2265,0.8665616005647219,,0.0,0.8665616005647219,6.5919534785
2270,0.8666800572424666,,0.0,0.8666800572424666,6.5754202707
2275,0.8668652976479908,,0.0,0.8668652976479908,6.577359953
2280,0.8670585215855893,,0.0,0.8670585215855893,6.5887067918
2285,0.8672032842654068,,0.0,0.8672032842654068,6.5872679083
2290,0.8672851454048488,,0.0,0.8672851454048488,6.5951167266
2295,0.867331647387067,,0.0,0.867331647387067,6.5711238448
2300,0.8673490582321028,,0.0,0.8673490582321028,6.5024738555
2305,0.8673261101919731,,0.0,0.8673261101919731,6.4316592971
2310,0.8672765912868428,,0.0,0.8672765912868428,6.3848799243
2315,0.8672385994776771,,0.0,0.8672385994776771,6.3467521249
2320,0.8672375155070097,,0.0,0.8672375155070097,6.334797746
2325,0.8672616407625954,,0.0,0.8672616407625954,6.335830498
2330,0.8672919467449193,,0.0,0.8672919467449193,6.3451885293
2335,0.8673161135153898,,0.0,0.8673161135153898,6.3628750767
2340,0.8673347411845451,,0.0,0.8673347411845451,6.376391848
2345,0.8673054417308217,,0.0,0.8673054417308217,6.3615538525
2350,0.8672184574246831,,0.0,0.8672184574246831,6.3009317665
2355,0.8670918169160946,,0.0,0.8670918169160946,6.2191796014
2360,0.8669244836280025,,0.0,0.8669244836280025,6.1624558682
2365,0.8667239568976711,,0.0,0.8667239568976711,6.1443311805
2370,0.8665035983191528,,0.0,0.8665035983191528,6.1351571662
2375,0.8662681989837195,,0.0,0.8662681989837195,6.1584990095
2380,0.8660251587704382,,0.0,0.8660251587704382,6.1913796036
2385,0.8657798052627955,,0.0,0.8657798052627955,6.1962000047
2390,0.8655173706136782,,0.0,0.8655173706136782,6.1825794756
2395,0.8652586087295246,,0.0,0.8652586087295246,6.1604259969
2400,0.8650434166223988,,0.0,0.8650434166223988,6.1063633325
2405,0.8648829437963459,,0.0,0.8648829437963459,6.0554467588
2410,0.8647802915282169,,0.0,0.8647802915282169,5.9938561064
2415,0.864736418269087,,0.0,0.864736418269087,5.9495414264
2420,0.8647118886035192,,0.0,0.8647118886035192,5.9073015405
2425,0.8646679034448225,,0.0,0.8646679034448225,5.877910402
2430,0.864576999685377,,0.0,0.864576999685377,5.874001608
2435,0.8644338217886318,,0.0,0.8644338217886318,5.9064149152
2440,0.8642211922252407,,0.0,0.8642211922252407,5.9272638508
2445,0.8639320547307493,,0.0,0.8639320547307493,5.9289856811
2450,0.8635769226114187,,0.0,0.8635769226114187,5.8985706714
2455,0.8632074445601818,,0.0,0.8632074445601818,5.8808620992
2460,0.8628553549013107,,0.0,0.8628553549013107,5.8445241545
2465,0.8625584805776393,,0.0,0.8625584805776393,5.7786336245
2470,0.862364662422783,,0.0,0.862364662422783,5.7105419254
2475,0.8623068955591897,,0.0,0.8623068955591897,5.6635667392
2480,0.8623869250089471,,0.0,0.8623869250089471,5.6167133218
2485,0.862535514668502,,0.0,0.862535514668502,5.6044471135
2490,0.8626665582722571,,0.0,0.8626665582722571,5.5924638654
2495,0.8627619832543962,,0.0,0.8627619832543962,5.608254968
2500,0.8628148492225393,,0.0,0.8628148492225393,5.6401064881
2505,0.862808192944469,,0.0,0.862808192944469,5.6624925062
2510,0.8627163035375517,,0.0,0.8627163035375517,5.653847322
2515,0.8625522209246006,,0.0,0.8625522209246006,5.6400583852
2520,0.8623463804199751,,0.0,0.8623463804199751,5.5987038231
2525,0.8621374497265962,,0.0,0.8621374497265962,5.5365395636
2530,0.861968250320422,,0.0,0.861968250320422,5.4642424119
2535,0.8618691217827491,,0.0,0.8618691217827491,5.3879931164
2540,0.8618711923903777,,0.0,0.8618711923903777,5.3206801514
2545,0.8619615036205172,,0.0,0.8619615036205172,5.2674431912
2550,0.8620875758131782,,0.0,0.8620875758131782,5.2455078168
2555,0.8622278910890928,,0.0,0.8622278910890928,5.2359974826
2560,0.8623820005694787,,0.0,0.8623820005694787,5.2445096399
2565,0.8625325319848202,,0.0,0.8625325319848202,5.274819475
2570,0.8626756748711157,,0.0,0.8626756748711157,5.288489142
2575,0.8628029362404089,,0.0,0.8628029362404089,5.3128562162
2580,0.8628710408923731,,0.0,0.8628710408923731,5.3046306608
2585,0.8628484277797245,,0.0,0.8628484277797245,5.2694855425
2590,0.8627381851558925,,0.0,0.8627381851558925,5.2177467671
2595,0.8625657410115113,,0.0,0.8625657410115113,5.1770279083
2600,0.8623642688389749,,0.0,0.8623642688389749,5.130669432
2605,0.8621648462910795,,0.0,0.8621648462910795,5.0963206107
2610,0.8619778436929227,,0.0,0.8619778436929227,5.0580322606
2615,0.861827905985543,,0.0,0.861827905985543,5.0307541724
2620,0.8617449057987288,,0.0,0.8617449057987288,5.0128510128
2625,0.861744096527674,,0.0,0.861744096527674,5.0101994077
2630,0.8617970300720964,,0.0,0.8617970300720964,4.996918832
2635,0.8618710971229572,,0.0,0.8618710971229572,4.9888854619
2640,0.8619408534940152,,0.0,0.8619408534940152,4.9906037427
2645,0.8620135078310336,,0.0,0.8620135078310336,4.9891966561
2650,0.86207003755688,,0.0,0.86207003755688,4.9678572065
2655,0.8620626457392383,,0.0,0.8620626457392383,4.9295586503
2660,0.8619655051577584,,0.0,0.8619655051577584,4.9037980623
2665,0.8617941091587217,,0.0,0.8617941091587217,4.8670417788
2670,0.8615863085054547,,0.0,0.8615863085054547,4.8728613359
2675,0.8613980214923479,,0.0,0.8613980214923479,4.8727226167
2680,0.861232451560993,,0.0,0.861232451560993,4.855755956
2685,0.8610704304465511,,0.0,0.8610704304465511,4.8322456592
2690,0.8609138684157759,,0.0,0.8609138684157759,4.8259651198
2695,0.8607733285549568,,0.0,0.8607733285549568,4.7974638732
2700,0.8606268933040194,,0.0,0.8606268933040194,4.7707169922
2705,0.8604548873723112,,0.0,0.8604548873723112,4.737299933
2710,0.8602670674271232,,0.0,0.8602670674271232,4.7248823129
2715,0.8600704396473041,,0.0,0.8600704396473041,4.7150495987
2720,0.8598816899607737,,0.0,0.8598816899607737,4.7025956012
2725,0.8597223694819897,,0.0,0.8597223694819897,4.6962479196
2730,0.8595935450692801,,0.0,0.8595935450692801,4.6965276304
2735,0.8594961038723058,,0.0,0.8594961038723058,4.7063542132
2740,0.8594451449987313,,0.0,0.8594451449987313,4.7065492311
2745,0.859455873402443,,0.0,0.859455873402443,4.6894484117
2750,0.859498185669891,,0.0,0.859498185669891,4.667047736
2755,0.8595627798912955,,0.0,0.8595627798912955,4.6550828668
2760,0.8596385039870293,,0.0,0.8596385039870293,4.6433115008
2765,0.8597118059737124,,0.0,0.8597118059737124,4.6276990238
2770,0.8597656208327207,,0.0,0.8597656208327207,4.6148579984
2775,0.8597719154525549,,0.0,0.8597719154525549,4.5985190749
2780,0.8597042930746278,,0.0,0.8597042930746278,4.5874397469
2785,0.8595503600288645,,0.0,0.8595503600288645,4.570901528
2790,0.8593143498440273,,0.0,0.8593143498440273,4.5434823187
2795,0.8590185288605178,,0.0,0.8590185288605178,4.5263206368
2800,0.858693329293266,,0.0,0.858693329293266,4.4979598582
2805,0.8583778034217412,,0.0,0.8583778034217412,4.4986358178
2810,0.8580973258769269,,0.0,0.8580973258769269,4.4771149815
2815,0.8578718655366876,,0.0,0.8578718655366876,4.4678034823
2820,0.8577227866184673,,0.0,0.8577227866184673,4.462932102
2825,0.8576648552523248,,0.0,0.8576648552523248,4.4541351695
2830,0.8576974505484528,,0.0,0.8576974505484528,4.4487637068
2835,0.8578060255486099,,0.0,0.8578060255486099,4.4457520735
2840,0.857957318681328,,0.0,0.857957318681328,4.4525475247
2845,0.8581299757695664,,0.0,0.8581299757695664,4.4506829379
2850,0.8583046779424373,,0.0,0.8583046779424373,4.429521
2855,0.8584717858162004,,0.0,0.8584717858162004,4.4058215891
2860,0.8586168787961828,,0.0,0.8586168787961828,4.3661788162
2865,0.8587219427400741,,0.0,0.8587219427400741,4.33852619
2870,0.8587764170062047,,0.0,0.8587764170062047,4.3258981118
2875,0.8587796042085356,,0.0,0.8587796042085356,4.311757943
2880,0.8587300675071542,,0.0,0.8587300675071542,4.2998365508
2885,0.8586391802634448,,0.0,0.8586391802634448,4.2880347752
2890,0.8585049571550011,,0.0,0.8585049571550011,4.2675379269
2895,0.8583368488496358,,0.0,0.8583368488496358,4.2457068123
2900,0.8581639357165628,,0.0,0.8581639357165628,4.2338606948
2905,0.8580055828416275,,0.0,0.8580055828416275,4.2101767325
2910,0.8578693555668326,,0.0,0.8578693555668326,4.1900150179
2915,0.8577577721999331,,0.0,0.8577577721999331,4.1882657931
2920,0.8576538141409809,,0.0,0.8576538141409809,4.1977734903
2925,0.8575628858916824,,0.0,0.8575628858916824,4.1919737314
2930,0.8575056838080485,,0.0,0.8575056838080485,4.208440384
2935,0.8574896179259599,,0.0,0.8574896179259599,4.211491896
2940,0.8575150268834817,,0.0,0.8575150268834817,4.2196762303
2945,0.8575782925703669,,0.0,0.8575782925703669,4.2040394196
2950,0.8576860112841896,,0.0,0.8576860112841896,4.1707380065
2955,0.8578414660767542,,0.0,0.8578414660767542,4.1370692229
2960,0.8580325727988811,,0.0,0.8580325727988811,4.1006614014
2965,0.8582312264410533,,0.0,0.8582312264410533,4.054865597
2970,0.858405159286213,,0.0,0.858405159286213,4.026234131
2975,0.858527690243193,,0.0,0.858527690243193,4.015477997
2980,0.8585829947488146,,0.0,0.8585829947488146,4.0255464049
2985,0.8585539519510809,,0.0,0.8585539519510809,4.0276044757
2990,0.8584323375228547,,0.0,0.8584323375228547,4.0320771209
2995,0.8582270673567887,,0.0,0.8582270673567887,4.0238196948
3000,0.8579575697205123,,0.0,0.8579575697205123,4.0152224427
3005,0.8576517615769756,,0.0,0.8576517615769756,4.0078027863
3010,0.8573356138116032,,0.0,0.8573356138116032,3.9776390805
3015,0.8570388915345604,,0.0,0.8570388915345604,3.9363999423
3020,0.8567823003419393,,0.0,0.8567823003419393,3.8849073967
3025,0.8565894033286019,,0.0,0.8565894033286019,3.8543497077
3030,0.8564795657695609,,0.0,0.8564795657695609,3.8289865093
3035,0.8564706117815812,,0.0,0.8564706117815812,3.8070654299
3040,0.8565691020260812,,0.0,0.8565691020260812,3.7633184187
3045,0.8567695148487651,,0.0,0.8567695148487651,3.7511286483
3050,0.8570404852812389,,0.0,0.8570404852812389,3.767933569
3055,0.8573293903331191,,0.0,0.8573293903331191,3.7720449723
3060,0.8575911107457813,,0.0,0.8575911107457813,3.75969099
3065,0.857793091763045,,0.0,0.857793091763045,3.7635232763
3070,0.8579172703356497,,0.0,0.8579172703356497,3.7684513914
3075,0.8579749395163052,,0.0,0.8579749395163052,3.7594779716
3080,0.8579639932649451,,0.0,0.8579639932649451,3.7264717859
3085,0.8578765622627201,,0.0,0.8578765622627201,3.6952171575
3090,0.8577281160936241,,0.0,0.8577281160936241,3.6741708763
3095,0.8575364147759055,,0.0,0.8575364147759055,3.635365992
3100,0.857316423166851,,0.0,0.857316423166851,3.5942594811
3105,0.8570853459631005,,0.0,0.8570853459631005,3.5492425151
3110,0.8568613362428638,,0.0,0.8568613362428638,3.5374673379
3115,0.8566715407537495,,0.0,0.8566715407537495,3.5207870011
3120,0.8565290991241412,,0.0,0.8565290991241412,3.5116274393
3125,0.8564247848345914,,0.0,0.8564247848345914,3.5231072757
3130,0.8563564191030397,,0.0,0.8563564191030397,3.5420185487
3135,0.8563312432429382,,0.0,0.8563312432429382,3.5329325147
3140,0.8563270474457206,,0.0,0.8563270474457206,3.5061783872
3145,0.8563056794594878,,0.0,0.8563056794594878,3.4953568462
3150,0.8562574483015571,,0.0,0.8562574483015571,3.4812785423
3155,0.8561919192604034,,0.0,0.8561919192604034,3.4486435044
3160,0.8561025203973434,,0.0,0.8561025203973434,3.4211874061
3165,0.8559935110260589,,0.0,0.8559935110260589,3.4263691221
3170,0.8558916367873237,,0.0,0.8558916367873237,3.4385516098
3175,0.8558177663683026,,0.0,0.8558177663683026,3.4301228642
3180,0.8557693525332379,,0.0,0.8557693525332379,3.4208686764
3185,0.8557441954734277,,0.0,0.8557441954734277,3.420502204
3190,0.8557511178949412,,0.0,0.8557511178949412,3.4140589925
3195,0.855794353559361,,0.0,0.855794353559361,3.4017142551
3200,0.8558670259691052,,0.0,0.8558670259691052,3.3728037863
3205,0.8559542999627051,,0.0,0.8559542999627051,3.353711082
3210,0.8560459229206019,,0.0,0.8560459229206019,3.3462170683
3215,0.8561343377368339,,0.0,0.8561343377368339,3.3270796851
3220,0.8562059964441823,,0.0,0.8562059964441823,3.3230730631
3225,0.8562410125251918,,0.0,0.8562410125251918,3.3291363687
3230,0.8562200298139695,,0.0,0.8562200298139695,3.3449814125
3235,0.8561359081432127,,0.0,0.8561359081432127,3.333402146
3240,0.855991781210089,,0.0,0.855991781210089,3.3355263016
3245,0.8557934911323742,,0.0,0.8557934911323742,3.3427010746
3250,0.8555495482868392,,0.0,0.8555495482868392,3.3388292421
3255,0.8552699653419559,,0.0,0.8552699653419559,3.3243213485
3260,0.8549715290225623,,0.0,0.8549715290225623,3.3225947467
3265,0.8546852878933873,,0.0,0.8546852878933873,3.3202969107
3270,0.8544368266917663,,0.0,0.8544368266917663,3.3208180502
3275,0.8542417244420889,,0.0,0.8542417244420889,3.3157205357
3280,0.8541132221371572,,0.0,0.8541132221371572,3.292883909
3285,0.854063760302261,,0.0,0.854063760302261,3.2558681154
3290,0.8540947908379181,,0.0,0.8540947908379181,3.2157039277
3295,0.8542026532604694,,0.0,0.8542026532604694,3.2006927415
3300,0.8543712467792359,,0.0,0.8543712467792359,3.2020608241
3305,0.8545745179883194,,0.0,0.8545745179883194,3.1917796046
3310,0.8547823858977368,,0.0,0.8547823858977368,3.1831103079
3315,0.8549690328910022,,0.0,0.8549690328910022,3.185100598
3320,0.8551153081502962,,0.0,0.8551153081502962,3.1985953002
3325,0.8552032666811293,,0.0,0.8552032666811293,3.2142326023
3330,0.8552130182991163,,0.0,0.8552130182991163,3.239625324
3335,0.8551417554164775,,0.0,0.8551417554164775,3.2533270629
3340,0.8549959464975371,,0.0,0.8549959464975371,3.2535549436
3345,0.8547805481838102,,0.0,0.8547805481838102,3.2422725626
3350,0.8545083625715147,,0.0,0.8545083625715147,3.2274427255
3355,0.8541989773087689,,0.0,0.8541989773087689,3.2293539592
3360,0.8538812285356147,,0.0,0.8538812285356147,3.2324602753
3365,0.8535851071694317,,0.0,0.8535851071694317,3.2162027947
3370,0.8533344150484101,,0.0,0.8533344150484101,3.186027933
3375,0.8531400251289661,,0.0,0.8531400251289661,3.1528065723
3380,0.853006536614259,,0.0,0.853006536614259,3.1380646154
3385,0.8529317998685002,,0.0,0.8529317998685002,3.1487706918
3390,0.8529075162946717,,0.0,0.8529075162946717,3.1386177356
3395,0.8529129773282138,,0.0,0.8529129773282138,3.1222264833
3400,0.8529307634515109,,0.0,0.8529307634515109,3.101070666
3405,0.8529637238690863,,0.0,0.8529637238690863,3.0890066597
3410,0.8530119374490355,,0.0,0.8530119374490355,3.0808174536
3415,0.8530704760704085,,0.0,0.8530704760704085,3.09381175
3420,0.853133468527363,,0.0,0.853133468527363,3.1071781906
3425,0.8531893506908527,,0.0,0.8531893506908527,3.0940413422
3430,0.8532310261202587,,0.0,0.8532310261202587,3.0889971436
3435,0.8532558625565246,,0.0,0.8532558625565246,3.0970103103
3440,0.853268070915678,,0.0,0.853268070915678,3.095183227
3445,0.8532842528881104,,0.0,0.8532842528881104,3.0764776198
3450,0.8533214864431111,,0.0,0.8533214864431111,3.0634260026
3455,0.8533702819153591,,0.0,0.8533702819153591,3.072072855
3460,0.8534198546603331,,0.0,0.8534198546603331,3.0609370472
3465,0.8534675344837137,,0.0,0.8534675344837137,3.0487300168
3470,0.8535164909370941,,0.0,0.8535164909370941,3.0546618778
3475,0.8535680326488027,,0.0,0.8535680326488027,3.0501160541
3480,0.8536085833929785,,0.0,0.8536085833929785,3.0405207516
3485,0.8536275949256672,,0.0,0.8536275949256672,3.0366839912
3490,0.8536295738018433,,0.0,0.8536295738018433,3.0428124557
3495,0.8536239940441703,,0.0,0.8536239940441703,3.043898933
3500,0.8536334135285275,,0.0,0.8536334135285275,3.0315529401
3505,0.8536646621883077,,0.0,0.8536646621883077,3.0013886819
3510,0.8537112569351214,,0.0,0.8537112569351214,2.978336181
3515,0.8537576008028152,,0.0,0.8537576008028152,2.9664788355
3520,0.8537954730729767,,0.0,0.8537954730729767,2.9620295274
3525,0.8538200031750838,,0.0,0.8538200031750838,2.9417325077
3530,0.8538330542296488,,0.0,0.8538330542296488,2.9152935147
3535,0.8538262774667393,,0.0,0.8538262774667393,2.9006070327
3540,0.8537988158579044,,0.0,0.8537988158579044,2.8961154205
3545,0.8537510550419374,,0.0,0.8537510550419374,2.8930441749
3550,0.853686019595739,,0.0,0.853686019595739,2.8781445996
3555,0.8536118400923617,,0.0,0.8536118400923617,2.8683471645
3560,0.8535340818836824,,0.0,0.8535340818836824,2.8812377173
3565,0.8534582750783077,,0.0,0.8534582750783077,2.8834732274
3570,0.8534033260320644,,0.0,0.8534033260320644,2.8692414684
3575,0.8533875815010856,,0.0,0.8533875815010856,2.8473206949
3580,0.8534026269580735,,0.0,0.8534026269580735,2.8310667727
3585,0.8534369685713556,,0.0,0.8534369685713556,2.8092294328
3590,0.8534970057301922,,0.0,0.8534970057301922,2.7860042772
3595,0.8535917840376043,,0.0,0.8535917840376043,2.7697355962
3600,0.8537017196433658,,0.0,0.8537017196433658,2.7706456054
3605,0.853805528129412,,0.0,0.853805528129412,2.7646136533
3610,0.8539012962896245,,0.0,0.8539012962896245,2.7643813684
3615,0.8540035602851733,,0.0,0.8540035602851733,2.7585992108
3620,0.8541044657996089,,0.0,0.8541044657996089,2.7509579387
3625,0.8541750060351359,,0.0,0.8541750060351359,2.7400441333
3630,0.8541921674852853,,0.0,0.8541921674852853,2.7268763929
3635,0.8541645003537609,,0.0,0.8541645003537609,2.7073918802
3640,0.8541053194667074,,0.0,0.8541053194667074,2.6894478271
3645,0.8539972168456971,,0.0,0.8539972168456971,2.6665344969
3650,0.853830933943851,,0.0,0.853830933943851,2.6561994359
3655,0.853622608119288,,0.0,0.853622608119288,2.6607253845
3660,0.8533969098942479,,0.0,0.8533969098942479,2.6624228855
3665,0.8531630248407944,,0.0,0.8531630248407944,2.6353891897
3670,0.8529180195896319,,0.0,0.8529180195896319,2.6029805679
3675,0.852660731069177,,0.0,0.852660731069177,2.5857816886
3680,0.8524017646227203,,0.0,0.8524017646227203,2.584147793
3685,0.8521551469846523,,0.0,0.8521551469846523,2.5817145915
3690,0.8519288629821138,,0.0,0.8519288629821138,2.564850981
3695,0.851731441515692,,0.0,0.851731441515692,2.5545655542
3700,0.8515746850648763,,0.0,0.8515746850648763,2.5442925625
3705,0.8514727731528021,,0.0,0.8514727731528021,2.5324799406
3710,0.8514339192949838,,0.0,0.8514339192949838,2.5212465986
3715,0.8514569284797142,,0.0,0.8514569284797142,2.5137672807
3720,0.8515448544738201,,0.0,0.8515448544738201,2.5172933736
3725,0.8517038759814077,,0.0,0.8517038759814077,2.5289818407
3730,0.8519331692674211,,0.0,0.8519331692674211,2.5310455497
3735,0.8522165953585462,,0.0,0.8522165953585462,2.518151073
3740,0.8525263251817399,,0.0,0.8525263251817399,2.5002503858
3745,0.8528467912372497,,0.0,0.8528467912372497,2.4957232273
3750,0.8531637612097905,,0.0,0.8531637612097905,2.5050950208
3755,0.8534606471454066,,0.0,0.8534606471454066,2.5044379308
3760,0.8537146838120643,,0.0,0.8537146838120643,2.4907157908
3765,0.8538949147257184,,0.0,0.8538949147257184,2.479213001
3770,0.8539863749563257,,0.0,0.8539863749563257,2.4679654487
3775,0.8539777821463889,,0.0,0.8539777821463889,2.46661731
3780,0.8538632239244117,,0.0,0.8538632239244117,2.4864489131
3785,0.8536549726316539,,0.0,0.8536549726316539,2.4839232844
3790,0.8533738295390647,,0.0,0.8533738295390647,2.4822334777
3795,0.8530382870904841,,0.0,0.8530382870904841,2.474558268
3800,0.8526695503556885,,0.0,0.8526695503556885,2.4746186974
3805,0.8522930672315024,,0.0,0.8522930672315024,2.4616973366
3810,0.8519349396960947,,0.0,0.8519349396960947,2.4363136751
3815,0.8516209617637274,,0.0,0.8516209617637274,2.4188068641
3820,0.8513729473309491,,0.0,0.8513729473309491,2.4164490559
3825,0.8511942624065773,,0.0,0.8511942624065773,2.4152327017
3830,0.8510820817957477,,0.0,0.8510820817957477,2.392849508
3835,0.8510279902872513,,0.0,0.8510279902872513,2.3638527926
3840,0.8510216262140187,,0.0,0.8510216262140187,2.3446501918
3845,0.8510444271258623,,0.0,0.8510444271258623,2.3396559274
3850,0.8510763813204146,,0.0,0.8510763813204146,2.3288408613
3855,0.8511011579653515,,0.0,0.8511011579653515,2.321027123
3860,0.851104618106587,,0.0,0.851104618106587,2.3031114534
3865,0.8510830319380256,,0.0,0.8510830319380256,2.3026941372
3870,0.8510414639700372,,0.0,0.8510414639700372,2.3164755722
3875,0.8509900045023275,,0.0,0.8509900045023275,2.3213433799
3880,0.8509377700318962,,0.0,0.8509377700318962,2.311311591
3885,0.8508928533711485,,0.0,0.8508928533711485,2.3042208363
3890,0.8508571897568848,,0.0,0.8508571897568848,2.3134414564
3895,0.8508335617922869,,0.0,0.8508335617922869,2.3101956948
3900,0.8508265263507558,,0.0,0.8508265263507558,2.2861369732
3905,0.8508391899621652,,0.0,0.8508391899621652,2.242528197
3910,0.8508698946212553,,0.0,0.8508698946212553,2.2257761531
3915,0.8509173117498531,,0.0,0.8509173117498531,2.2245792964
3920,0.8509767627819597,,0.0,0.8509767627819597,2.2273184405
3925,0.8510429648793638,,0.0,0.8510429648793638,2.221542069
3930,0.8511079219813142,,0.0,0.8511079219813142,2.2038923635
3935,0.851180795024508,,0.0,0.851180795024508,2.2071807962
3940,0.8512590622670817,,0.0,0.8512590622670817,2.2031948102
3945,0.851325168427705,,0.0,0.851325168427705,2.1851405383
3950,0.8513684466983578,,0.0,0.8513684466983578,2.1596639994
3955,0.8513910073098832,,0.0,0.8513910073098832,2.138268463
3960,0.8514025765027851,,0.0,0.8514025765027851,2.1335603517
3965,0.8514047884909326,,0.0,0.8514047884909326,2.129773065
3970,0.8513909740892446,,0.0,0.8513909740892446,2.110779645
3975,0.8513552862470511,,0.0,0.8513552862470511,2.0774174396
3980,0.8513003183132086,,0.0,0.8513003183132086,2.057711934
3985,0.851229530370747,,0.0,0.851229530370747,2.0465988506
3990,0.8511391184892025,,0.0,0.8511391184892025,2.0394057043
3995,0.8510267717024235,,0.0,0.8510267717024235,2.0232651355
4000,0.8508948459983117,,0.0,0.8508948459983117,2.0041878775
4005,0.8507432824295142,,0.0,0.8507432824295142,1.9932880518
4010,0.8505729740535236,,0.0,0.8505729740535236,1.9850855575
4015,0.850383032702087,,0.0,0.850383032702087,1.9730569692
4020,0.850174138910828,,0.0,0.850174138910828,1.9702348353
4025,0.849950621199454,,0.0,0.849950621199454,1.9723913229
4030,0.849724903155531,,0.0,0.849724903155531,1.9710975462
4035,0.8495134642675567,,0.0,0.8495134642675567,1.9735322707
4040,0.8493306355668973,,0.0,0.8493306355668973,1.9633119184
4045,0.849184569278953,,0.0,0.849184569278953,1.9431923526
4050,0.8490781193665256,,0.0,0.8490781193665256,1.9278374672
4055,0.8490093078265176,,0.0,0.8490093078265176,1.9175365318
4060,0.8489741485460753,,0.0,0.8489741485460753,1.9263332878
4065,0.8489708668329918,,0.0,0.8489708668329918,1.9325465549
4070,0.8490039175705427,,0.0,0.8490039175705427,1.9246256628
4075,0.8490774876941983,,0.0,0.8490774876941983,1.9230371836
4080,0.8491875464331374,,0.0,0.8491875464331374,1.9342678958
4085,0.849325072746948,,0.0,0.849325072746948,1.9374891687
4090,0.8494764063905106,,0.0,0.8494764063905106,1.9339511175
4095,0.8496329998084594,,0.0,0.8496329998084594,1.9251116558
4100,0.8497798602340969,,0.0,0.8497798602340969,1.9129263937
4105,0.8499026582367012,,0.0,0.8499026582367012,1.9079209086
4110,0.8499939218500201,,0.0,0.8499939218500201,1.8991326034
4115,0.850057589618678,,0.0,0.850057589618678,1.8854498055
4120,0.8500996750312173,,0.0,0.8500996750312173,1.8788132037
4125,0.8501269385821842,,0.0,0.8501269385821842,1.8832372799
4130,0.8501426562223439,,0.0,0.8501426562223439,1.8942000987
4135,0.8501389704194071,,0.0,0.8501389704194071,1.9028211912
4140,0.8501080656216119,,0.0,0.8501080656216119,1.9038349954
4145,0.8500492689909774,,0.0,0.8500492689909774,1.9000090367
4150,0.8499631057861076,,0.0,0.8499631057861076,1.9062888385
4155,0.8498494809141978,,0.0,0.8498494809141978,1.9144163454
4160,0.8497169783088862,,0.0,0.8497169783088862,1.9125568684
4165,0.8495841867727812,,0.0,0.8495841867727812,1.9010968114
4170,0.8494572107983133,,0.0,0.8494572107983133,1.887118926
4175,0.8493311937114597,,0.0,0.8493311937114597,1.8838122939
4180,0.8492035225482002,,0.0,0.8492035225482002,1.8836181183
4185,0.8490702336774536,,0.0,0.8490702336774536,1.8778039121
4190,0.8489395733697309,,0.0,0.8489395733697309,1.8678335227
4195,0.8488258418367255,,0.0,0.8488258418367255,1.8565907922
4200,0.8487429178114628,,0.0,0.8487429178114628,1.8530794268
4205,0.8486944545601524,,0.0,0.8486944545601524,1.8548638218
4210,0.8486696964972372,,0.0,0.8486696964972372,1.854503285
4215,0.8486608134323381,,0.0,0.8486608134323381,1.8505950734
4220,0.8486752301709144,,0.0,0.8486752301709144,1.8532501628
4225,0.848722964649012,,0.0,0.848722964649012,1.8589099808
4230,0.8488105280681495,,0.0,0.8488105280681495,1.8642678595
4235,0.8489296736339688,,0.0,0.8489296736339688,1.8669939832
4240,0.8490678116120568,,0.0,0.8490678116120568,1.8596751682
4245,0.8492086368531495,,0.0,0.8492086368531495,1.8529397591
4250,0.8493401912369561,,0.0,0.8493401912369561,1.8622656563
4255,0.8494483427212625,,0.0,0.8494483427212625,1.8753779821
4260,0.8495292033563459,,0.0,0.8495292033563459,1.8862381447
4265,0.8495815613673914,,0.0,0.8495815613673914,1.8969555529
4270,0.8495932557015514,,0.0,0.8495932557015514,1.8996381021
4275,0.849556213583573,,0.0,0.849556213583573,1.9050019252
4280,0.8494737477935846,,0.0,0.8494737477935846,1.9197861722
4285,0.8493654066766184,,0.0,0.8493654066766184,1.93909914
4290,0.8492658555398271,,0.0,0.8492658555398271,1.9439368622
4295,0.8491991500544366,,0.0,0.8491991500544366,1.9369642116
4300,0.8491632339749602,,0.0,0.8491632339749602,1.9310647957
4305,0.8491562695874715,,0.0,0.8491562695874715,1.9247185691
4310,0.8491824957028573,,0.0,0.8491824957028573,1.9272504813
4315,0.8492523110649225,,0.0,0.8492523110649225,1.9316090925
4320,0.8493655468493787,,0.0,0.8493655468493787,1.9283413671
4325,0.849505458821211,,0.0,0.849505458821211,1.9331353198
4330,0.8496589401652376,,0.0,0.8496589401652376,1.9494395642
4335,0.8498258160183774,,0.0,0.8498258160183774,1.968215282
4340,0.8500056735454405,,0.0,0.8500056735454405,1.9704484951
4345,0.8501865592243495,,0.0,0.8501865592243495,1.9606844643
4350,0.8503322037426001,,0.0,0.8503322037426001,1.9581652758
4355,0.8504162971110606,,0.0,0.8504162971110606,1.9663974623
4360,0.8504335888827341,,0.0,0.8504335888827341,1.9697110287
4365,0.850386588576385,,0.0,0.850386588576385,1.9619558157
4370,0.8502766133474088,,0.0,0.8502766133474088,1.9592485324
4375,0.850114673400169,,0.0,0.850114673400169,1.9544374959
4380,0.8499232698167855,,0.0,0.8499232698167855,1.9599888694
4385,0.8497171615098674,,0.0,0.8497171615098674,1.9718288372
4390,0.8495094170683076,,0.0,0.8495094170683076,1.9770307186
4395,0.8493105247119099,,0.0,0.8493105247119099,1.9779015014
4400,0.8491235145034185,,0.0,0.8491235145034185,1.9800224167
4405,0.8489635345884095,,0.0,0.8489635345884095,1.9854252894
4410,0.8488487592754522,,0.0,0.8488487592754522,1.9887992471
4415,0.8487815339445447,,0.0,0.8487815339445447,1.971917612
4420,0.8487540305589014,,0.0,0.8487540305589014,1.9564988851
4425,0.8487602166550726,,0.0,0.8487602166550726,1.9597281571
4430,0.8487997968269324,,0.0,0.8487997968269324,1.962522923
4435,0.8488700419037061,,0.0,0.8488700419037061,1.965993777
4440,0.8489661117271071,,0.0,0.8489661117271071,1.9541456545
4445,0.8490651742163882,,0.0,0.8490651742163882,1.9404449917
4450,0.8491467182537027,,0.0,0.8491467182537027,1.9323195238
4455,0.8492071506406451,,0.0,0.8492071506406451,1.9375956015
4460,0.8492536941231968,,0.0,0.8492536941231968,1.9410632066
4465,0.8492976892058863,,0.0,0.8492976892058863,1.9321072371
4470,0.8493446856997925,,0.0,0.8493446856997925,1.9261569663
4475,0.8493829717364278,,0.0,0.8493829717364278,1.9152985922
4480,0.8494033992133495,,0.0,0.8494033992133495,1.92402659
4485,0.8494233136693182,,0.0,0.8494233136693182,1.9317542059
4490,0.8494556621461415,,0.0,0.8494556621461415,1.9367191737
4495,0.8494765399860793,,0.0,0.8494765399860793,1.948505632
4500,0.8494683823766944,,0.0,0.8494683823766944,1.9593564507
4505,0.849450488471851,,0.0,0.849450488471851,1.9617899477
4510,0.8494494064947129,,0.0,0.8494494064947129,1.9645394028
4515,0.8494568118159695,,0.0,0.8494568118159695,1.9552258172
4520,0.8494584686571243,,0.0,0.8494584686571243,1.9490138298
4525,0.8494676028339643,,0.0,0.8494676028339643,1.9465585411
4530,0.8495032548944885,,0.0,0.8495032548944885,1.9461013451
4535,0.8495613154762558,,0.0,0.8495613154762558,1.9438953542
4540,0.8496178555917369,,0.0,0.8496178555917369,1.938972214
4545,0.8496573243005692,,0.0,0.8496573243005692,1.9307994638
4550,0.8496804461851885,,0.0,0.8496804461851885,1.9161455677
4555,0.8496830669632621,,0.0,0.8496830669632621,1.9086638961
4560,0.8496458287372913,,0.0,0.8496458287372913,1.9073088961
4565,0.8495577149439903,,0.0,0.8495577149439903,1.9107418845
4570,0.8494323687161395,,0.0,0.8494323687161395,1.9041894256
4575,0.8492756669636945,,0.0,0.8492756669636945,1.8993989272
4580,0.8490814203164396,,0.0,0.8490814203164396,1.8960076802
4585,0.8488503043188993,,0.0,0.8488503043188993,1.895771191
4590,0.8486045194376989,,0.0,0.8486045194376989,1.879266183
4595,0.8483652262010577,,0.0,0.8483652262010577,1.8655720842
4600,0.8481361343488159,,0.0,0.8481361343488159,1.8535503167
4605,0.8479157729327923,,0.0,0.8479157729327923,1.8453962202
4610,0.8477257398499034,,0.0,0.8477257398499034,1.8375524687
4615,0.8475908559665143,,0.0,0.8475908559665143,1.8216387951
4620,0.8475131740357973,,0.0,0.8475131740357973,1.8128354236
4625,0.8474846053342648,,0.0,0.8474846053342648,1.814156922
4630,0.8475093410318179,,0.0,0.8475093410318179,1.807730251
4635,0.8475979216165629,,0.0,0.8475979216165629,1.8045872602
4640,0.847729238886788,,0.0,0.847729238886788,1.799573832
4645,0.8478805023057329,,0.0,0.8478805023057329,1.8049490925
4650,0.8480429427015947,,0.0,0.8480429427015947,1.8101485616
4655,0.8482160254447265,,0.0,0.8482160254447265,1.8113837975
4660,0.8483798627662602,,0.0,0.8483798627662602,1.8103219703
4665,0.8485091202113768,,0.0,0.8485091202113768,1.800433336
4670,0.8486001202568343,,0.0,0.8486001202568343,1.789719248
4675,0.8486683068472198,,0.0,0.8486683068472198,1.769809851
4680,0.8487242628877056,,0.0,0.8487242628877056,1.75769718
4685,0.8487591910497059,,0.0,0.8487591910497059,1.7452346204
4690,0.848759789428638,,0.0,0.848759789428638,1.7309249254
4695,0.8487392003448775,,0.0,0.8487392003448775,1.7258635328
4700,0.8487154194460211,,0.0,0.8487154194460211,1.7241385855
4705,0.8486938036073406,,0.0,0.8486938036073406,1.7166862704
4710,0.8486721461519161,,0.0,0.8486721461519161,1.7044950407
4715,0.8486466997393248,,0.0,0.8486466997393248,1.6963442513
4720,0.8486157298389726,,0.0,0.8486157298389726,1.6974847723
4725,0.8485714830768413,,0.0,0.8485714830768413,1.6962701492
4730,0.8485118782373977,,0.0,0.8485118782373977,1.6945320421
4735,0.8484395177786175,,0.0,0.8484395177786175,1.7004379379
4740,0.8483602070034645,,0.0,0.8483602070034645,1.7002133324
4745,0.8482725226629484,,0.0,0.8482725226629484,1.6988033453
4750,0.8481667053686834,,0.0,0.8481667053686834,1.690734339
4755,0.8480374281774403,,0.0,0.8480374281774403,1.6737274947
4760,0.8479006625478633,,0.0,0.8479006625478633,1.6658244801
4765,0.8477811736002523,,0.0,0.8477811736002523,1.6595873023
4770,0.8476861610313152,,0.0,0.8476861610313152,1.6558785136
4775,0.8476108348993335,,0.0,0.8476108348993335,1.646464673
4780,0.8475512815133189,,0.0,0.8475512815133189,1.6387961876
4785,0.8475128015368361,,0.0,0.8475128015368361,1.6315114376
4790,0.8475085119127777,,0.0,0.8475085119127777,1.6234694258
4795,0.8475449178911769,,0.0,0.8475449178911769,1.6122692809
4800,0.847619397093316,,0.0,0.847619397093316,1.600041734
4805,0.847723502309657,,0.0,0.847723502309657,1.5852436914
4810,0.8478385425000935,,0.0,0.8478385425000935,1.5728148141
4815,0.8479562015041769,,0.0,0.8479562015041769,1.5661948522
4820,0.848074369702219,,0.0,0.848074369702219,1.5584014033
4825,0.8481824415763133,,0.0,0.8481824415763133,1.5490067731
4830,0.8482613086238473,,0.0,0.8482613086238473,1.5423524768
4835,0.8482903316900059,,0.0,0.8482903316900059,1.541069813
4840,0.8482640639433247,,0.0,0.8482640639433247,1.5575795642
4845,0.8481987341677975,,0.0,0.8481987341677975,1.5459186614
4850,0.8481056647806752,,0.0,0.8481056647806752,1.5304272652
4855,0.8479876194829896,,0.0,0.8479876194829896,1.5289059249
4860,0.8478446082569385,,0.0,0.8478446082569385,1.5172423113
4865,0.8476878340389744,,0.0,0.8476878340389744,1.5081103326
4870,0.8475435753437469,,0.0,0.8475435753437469,1.5054157542
4875,0.8474256055382529,,0.0,0.8474256055382529,1.4935845007
4880,0.8473356628927724,,0.0,0.8473356628927724,1.4830782408
4885,0.8472681182770411,,0.0,0.8472681182770411,1.4761710273
4890,0.8472281334478269,,0.0,0.8472281334478269,1.4652932245
4895,0.8472193165913839,,0.0,0.8472193165913839,1.4566672133
4900,0.847241883969268,,0.0,0.847241883969268,1.4486190616
4905,0.8472838217733282,,0.0,0.8472838217733282,1.4378101089
4910,0.8473352964180532,,0.0,0.8473352964180532,1.4265135877
4915,0.8473991793569183,,0.0,0.8473991793569183,1.4157472854
4920,0.8474767213622472,,0.0,0.8474767213622472,1.4138632295
4925,0.8475543712946356,,0.0,0.8475543712946356,1.412868235
4930,0.8476208611878308,,0.0,0.8476208611878308,1.4038604224
4935,0.8476876245001236,,0.0,0.8476876245001236,1.3878561161
4940,0.8477634008787109,,0.0,0.8477634008787109,1.3810173139
4945,0.8478379555730416,,0.0,0.8478379555730416,1.3770522115
4950,0.8478979079850539,,0.0,0.8478979079850539,1.3700179364
4955,0.8479421866873088,,0.0,0.8479421866873088,1.3546197108
4960,0.8479830744107003,,0.0,0.8479830744107003,1.3366161954
4965,0.8480097207096873,,0.0,0.8480097207096873,1.331430062
4970,0.8480058433824204,,0.0,0.8480058433824204,1.3333762002
4975,0.8479729531749113,,0.0,0.8479729531749113,1.337017688
4980,0.8479230303690947,,0.0,0.8479230303690947,1.3293915556
4985,0.8478683779803895,,0.0,0.8478683779803895,1.3197888363
4990,0.8477965359702007,,0.0,0.8477965359702007,1.3076068481
4995,0.8476978736128168,,0.0,0.8476978736128168,1.3023207822
5000,0.8475831625875431,,0.0,0.8475831625875431,1.3014179239
5005,0.8474677948471391,,0.0,0.8474677948471391,1.2948094846
5010,0.8473565556623534,,0.0,0.8473565556623534,1.2847834548
5015,0.8472535654255196,,0.0,0.8472535654255196,1.2760628878
5020,0.8471621439450484,,0.0,0.8471621439450484,1.2760586916
5025,0.8470850714522584,,0.0,0.8470850714522584,1.2775310377
5030,0.8470273281763371,,0.0,0.8470273281763371,1.2817822016
5035,0.8469942054825628,,0.0,0.8469942054825628,1.2766516275
5040,0.8469903886305364,,0.0,0.8469903886305364,1.2775225635
5045,0.8470086097506672,,0.0,0.8470086097506672,1.2764509772
5050,0.8470320598837168,,0.0,0.8470320598837168,1.2816167849
5055,0.8470509686987148,,0.0,0.8470509686987148,1.2822892631
5060,0.8470611027687583,,0.0,0.8470611027687583,1.2711519993
5065,0.8470663760758621,,0.0,0.8470663760758621,1.266239973
5070,0.8470703169341444,,0.0,0.8470703169341444,1.265763652
5075,0.8470761985296217,,0.0,0.8470761985296217,1.2631894173
5080,0.8470840992647473,,0.0,0.8470840992647473,1.2628865064
5085,0.8470937000875183,,0.0,0.8470937000875183,1.2683193018
5090,0.8471027255369767,,0.0,0.8471027255369767,1.26211872
5095,0.8471156407114175,,0.0,0.8471156407114175,1.2553541167
5100,0.8471374706726112,,0.0,0.8471374706726112,1.2515486826
5105,0.8471678480436574,,0.0,0.8471678480436574,1.2498850839
5110,0.8471985123519675,,0.0,0.8471985123519675,1.2435229111
5115,0.8472207281411216,,0.0,0.8472207281411216,1.2335942812
5120,0.8472402065089083,,0.0,0.8472402065089083,1.2244135073
5125,0.847265988940329,,0.0,0.847265988940329,1.2220668149
5130,0.8473012589271307,,0.0,0.8473012589271307,1.2222261724
5135,0.8473414193033377,,0.0,0.8473414193033377,1.2188450352
5140,0.8473794477672509,,0.0,0.8473794477672509,1.2081577906
5145,0.8474043755857378,,0.0,0.8474043755857378,1.2045088393
5150,0.8474137115310296,,0.0,0.8474137115310296,1.2046112917
5155,0.8474101037231095,,0.0,0.8474101037231095,1.2093976521
5160,0.8473982210077022,,0.0,0.8473982210077022,1.2064419914
5165,0.8473878627019856,,0.0,0.8473878627019856,1.1891493158
5170,0.8473743550273417,,0.0,0.8473743550273417,1.172327524
5175,0.8473544821299117,,0.0,0.8473544821299117,1.1639349093
5180,0.8473368698656556,,0.0,0.8473368698656556,1.1656831829
5185,0.8473291458707302,,0.0,0.8473291458707302,1.161340411
5190,0.8473293785898163,,0.0,0.8473293785898163,1.1507243884
5195,0.8473353174446948,,0.0,0.8473353174446948,1.1374319353
5200,0.8473450290611331,,0.0,0.8473450290611331,1.131468593
5205,0.8473567609231193,,0.0,0.8473567609231193,1.1377709369
5210,0.8473754663544703,,0.0,0.8473754663544703,1.1342687377
5215,0.8473914257500789,,0.0,0.8473914257500789,1.1264127659
5220,0.847393933842815,,0.0,0.847393933842815,1.1192644729
5225,0.847389566325599,,0.0,0.847389566325599,1.1174661082
5230,0.847382370674155,,0.0,0.847382370674155,1.1181004669
5235,0.8473731755855353,,0.0,0.8473731755855353,1.1181969589
5240,0.847359668507495,,0.0,0.847359668507495,1.1206854662
5245,0.8473252792968806,,0.0,0.8473252792968806,1.1165922808
5250,0.8472700566714753,,0.0,0.8472700566714753,1.1128806546
5255,0.8472089409259557,,0.0,0.8472089409259557,1.1109193513
5260,0.8471523610271956,,0.0,0.8471523610271956,1.1113694353
5265,0.8470976383556675,,0.0,0.8470976383556675,1.107549133
5270,0.8470375605113709,,0.0,0.8470375605113709,1.0980482886
5275,0.8469808094310107,,0.0,0.8469808094310107,1.093923128
5280,0.8469448784800966,,0.0,0.8469448784800966,1.0921764372
5285,0.8469367566087268,,0.0,0.8469367566087268,1.0948858555
5290,0.8469525907757695,,0.0,0.8469525907757695,1.0913097975
5295,0.846990964949684,,0.0,0.846990964949684,1.0875647739
5300,0.8470432036545463,,0.0,0.8470432036545463,1.0913946602
5305,0.8471074010326495,,0.0,0.8471074010326495,1.0935668739
5310,0.8471839414422716,,0.0,0.8471839414422716,1.084706753
5315,0.8472694503329771,,0.0,0.8472694503329771,1.0726748718
5320,0.8473566228166448,,0.0,0.8473566228166448,1.0648520447
5325,0.8474316158255077,,0.0,0.8474316158255077,1.0592686352
5330,0.8474857342393748,,0.0,0.8474857342393748,1.0550433295
5335,0.847513070590541,,0.0,0.847513070590541,1.0499781752
5340,0.8475151900178115,,0.0,0.8475151900178115,1.0453977752
5345,0.8474905135004325,,0.0,0.8474905135004325,1.0416727839
5350,0.8474407466118927,,0.0,0.8474407466118927,1.0441597165
5355,0.847372206119119,,0.0,0.847372206119119,1.0534683989
5360,0.8472910175266314,,0.0,0.8472910175266314,1.0623410354
5365,0.8471967364956557,,0.0,0.8471967364956557,1.0656066057
5370,0.8470945212033385,,0.0,0.8470945212033385,1.0614758423
5375,0.8469991915177225,,0.0,0.8469991915177225,1.0580851907
5380,0.8469203535146016,,0.0,0.8469203535146016,1.0627528442
5385,0.8468596211233198,,0.0,0.8468596211233198,1.0594145747
5390,0.8468191666942589,,0.0,0.8468191666942589,1.0510307188
5395,0.8468015109506912,,0.0,0.8468015109506912,1.0370469696
5400,0.846808279535765,,0.0,0.846808279535765,1.0336350935
5405,0.8468253211704354,,0.0,0.8468253211704354,1.0361926622
5410,0.8468430649057691,,0.0,0.8468430649057691,1.0304840976
5415,0.8468602090980659,,0.0,0.8468602090980659,1.0189383033
5420,0.8468809945371911,,0.0,0.8468809945371911,1.0086680559
5425,0.8469049500517564,,0.0,0.8469049500517564,1.0006660575
5430,0.8469259909827664,,0.0,0.8469259909827664,1.0016706544
5435,0.8469441896502272,,0.0,0.8469441896502272,1.0057031858
5440,0.8469607888377937,,0.0,0.8469607888377937,1.0023015076
5445,0.8469664802622126,,0.0,0.8469664802622126,0.9911375854
5450,0.8469584870389664,,0.0,0.8469584870389664,0.98381157317
5455,0.8469396394267744,,0.0,0.8469396394267744,0.97933565214
5460,0.8469153937736573,,0.0,0.8469153937736573,0.97570656573
5465,0.8468824162437423,,0.0,0.8468824162437423,0.9669393969
5470,0.8468369483066501,,0.0,0.8468369483066501,0.95498097782
5475,0.8467804682735243,,0.0,0.8467804682735243,0.95184917359
5480,0.8467140914294493,,0.0,0.8467140914294493,0.95415612038
5485,0.8466391238999286,,0.0,0.8466391238999286,0.95638241869
5490,0.8465605196926906,,0.0,0.8465605196926906,0.95577265683
5495,0.8464837181161731,,0.0,0.8464837181161731,0.95713432752
5500,0.8464152160534066,,0.0,0.8464152160534066,0.95340637758
5505,0.8463555872770596,,0.0,0.8463555872770596,0.95199060073
5510,0.8462970657098208,,0.0,0.8462970657098208,0.94627361663
5515,0.8462403962623045,,0.0,0.8462403962623045,0.93601868895
5520,0.8461949219371877,,0.0,0.8461949219371877,0.92825756053
5525,0.8461743320967592,,0.0,0.8461743320967592,0.92186173963
5530,0.8461815630496791,,0.0,0.8461815630496791,0.92355638562
5535,0.8462051726214223,,0.0,0.8462051726214223,0.92168226544
5540,0.8462371236874432,,0.0,0.8462371236874432,0.91012946527
5545,0.8462785947728158,,0.0,0.8462785947728158,0.90252141828
5550,0.8463355884380497,,0.0,0.8463355884380497,0.89777630054
5555,0.8464086133823591,,0.0,0.8464086133823591,0.89102097852
5560,0.8464899687619514,,0.0,0.8464899687619514,0.88438660806
5565,0.8465672545332785,,0.0,0.8465672545332785,0.87440932247
5570,0.8466342840472199,,0.0,0.8466342840472199,0.86680994539
5575,0.8466926298491962,,0.0,0.8466926298491962,0.86566809802
5580,0.8467426777671685,,0.0,0.8467426777671685,0.86794381968
5585,0.8467856331733752,,0.0,0.8467856331733752,0.86930942186
5590,0.8468153664889302,,0.0,0.8468153664889302,0.86640765066
5595,0.8468289354391366,,0.0,0.8468289354391366,0.86197568422
5600,0.846836009354329,,0.0,0.846836009354329,0.86315867579
5605,0.8468441707325028,,0.0,0.8468441707325028,0.86229770567
5610,0.846850798475456,,0.0,0.846850798475456,0.85679249109
5615,0.8468531019331325,,0.0,0.8468531019331325,0.84644773734
5620,0.8468538979042906,,0.0,0.8468538979042906,0.8378666421
5625,0.8468532320654896,,0.0,0.8468532320654896,0.83899674292
5630,0.8468570019313388,,0.0,0.8468570019313388,0.84089501316
5635,0.8468631616459866,,0.0,0.8468631616459866,0.84190408204
5640,0.8468637171713135,,0.0,0.8468637171713135,0.835911246
5645,0.8468515130029372,,0.0,0.8468515130029372,0.82667507365
5650,0.8468274491975296,,0.0,0.8468274491975296,0.8296295505
5655,0.846799051764905,,0.0,0.846799051764905,0.82819731865
5660,0.8467649379669178,,0.0,0.8467649379669178,0.82689488264
5665,0.8467184036953446,,0.0,0.8467184036953446,0.81726560472
5670,0.8466602651913173,,0.0,0.8466602651913173,0.81195620831
5675,0.8465934393520493,,0.0,0.8465934393520493,0.80689777597
5680,0.8465259416642896,,0.0,0.8465259416642896,0.80409863716
5685,0.8464624761442768,,0.0,0.8464624761442768,0.80379483307
5690,0.8463981815925317,,0.0,0.8463981815925317,0.80020987277
5695,0.8463353311126999,,0.0,0.8463353311126999,0.79968691416
5700,0.8462789655983763,,0.0,0.8462789655983763,0.79169108679
5705,0.84623620549984,,0.0,0.84623620549984,0.78338416175
5710,0.846205063341091,,0.0,0.846205063341091,0.77938265847
5715,0.8461796096382939,,0.0,0.8461796096382939,0.77801903373
5720,0.8461621003682035,,0.0,0.8461621003682035,0.77392368909
5725,0.8461573694902484,,0.0,0.8461573694902484,0.76631324054
5730,0.8461642326733825,,0.0,0.8461642326733825,0.76020082409
5735,0.8461711051111491,,0.0,0.8461711051111491,0.76028050006
5740,0.8461766453329154,,0.0,0.8461766453329154,0.76101338082
5745,0.8461839991861917,,0.0,0.8461839991861917,0.75777655998
5750,0.8461927733345425,,0.0,0.8461927733345425,0.75139862986
5755,0.8461999874515976,,0.0,0.8461999874515976,0.74929473998
5760,0.8462048199849979,,0.0,0.8462048199849979,0.74744375136
5765,0.8462066973075879,,0.0,0.8462066973075879,0.741893701
5770,0.8462044488684111,,0.0,0.8462044488684111,0.73787832302
5775,0.8461991082906055,,0.0,0.8461991082906055,0.73841145178
5780,0.8461923032399512,,0.0,0.8461923032399512,0.73867697246
5785,0.8461864007342427,,0.0,0.8461864007342427,0.73827359247
5790,0.8461838753545514,,0.0,0.8461838753545514,0.73393502746
5795,0.8461856581954915,,0.0,0.8461856581954915,0.72818786719
5800,0.8461911172791583,,0.0,0.8461911172791583,0.7233016027
5805,0.8462004571533036,,0.0,0.8462004571533036,0.72476516116
5810,0.8462146816836381,,0.0,0.8462146816836381,0.72362123961
5815,0.8462347328200531,,0.0,0.8462347328200531,0.71601685787
5820,0.8462617674789281,,0.0,0.8462617674789281,0.71086971763
5825,0.8462928033258129,,0.0,0.8462928033258129,0.71073481325
5830,0.8463238501152823,,0.0,0.8463238501152823,0.71253145977
5835,0.8463550447460519,,0.0,0.8463550447460519,0.70991966841
5840,0.8463867083800645,,0.0,0.8463867083800645,0.70282511004
5845,0.8464152447194856,,0.0,0.8464152447194856,0.70215947564
5850,0.8464325088291205,,0.0,0.8464325088291205,0.69915715159
5855,0.8464367393894154,,0.0,0.8464367393894154,0.6924213227
5860,0.8464303038547039,,0.0,0.8464303038547039,0.6840868479
5865,0.8464166369887386,,0.0,0.8464166369887386,0.67692177252
5870,0.8463976638424032,,0.0,0.8463976638424032,0.67589562645
5875,0.846370983871687,,0.0,0.846370983871687,0.67631214203
5880,0.8463392840340174,,0.0,0.8463392840340174,0.67104239953
5885,0.8463074743194129,,0.0,0.8463074743194129,0.67381756721
5890,0.846283722494072,,0.0,0.846283722494072,0.67149872725
5895,0.8462721739494777,,0.0,0.8462721739494777,0.67089401089
5900,0.8462721331185045,,0.0,0.8462721331185045,0.66460535891
5905,0.8462817188370165,,0.0,0.8462817188370165,0.65485424447
5910,0.8463012361441065,,0.0,0.8463012361441065,0.65070684109
5915,0.8463313308850764,,0.0,0.8463313308850764,0.64903539901
5920,0.8463740747443519,,0.0,0.8463740747443519,0.64716344289
5925,0.8464259668079293,,0.0,0.8464259668079293,0.64376284137
5930,0.8464792970210372,,0.0,0.8464792970210372,0.63698790703
5935,0.8465316038405774,,0.0,0.8465316038405774,0.63605449449
5940,0.846585168824506,,0.0,0.846585168824506,0.62891678241
5945,0.8466386056259531,,0.0,0.8466386056259531,0.6285259411
5950,0.8466886134550685,,0.0,0.8466886134550685,0.62315191996
5955,0.8467286334693481,,0.0,0.8467286334693481,0.61962542865
5960,0.8467609476341845,,0.0,0.8467609476341845,0.62034037182
5965,0.8467876502467376,,0.0,0.8467876502467376,0.61932415367
5970,0.8468085830906238,,0.0,0.8468085830906238,0.61748458725
5975,0.8468209269224647,,0.0,0.8468209269224647,0.61222650084
5980,0.8468262493402365,,0.0,0.8468262493402365,0.60409297251
5985,0.84682640533027,,0.0,0.84682640533027,0.59695551897
5990,0.8468216418137287,,0.0,0.8468216418137287,0.59379980393
5995,0.846808329534063,,0.0,0.846808329534063,0.58702670184
6000,0.8467900343041151,,0.0,0.8467900343041151,0.57610610769
6005,0.8467724697244989,,0.0,0.8467724697244989,0.57132452178
6010,0.8467554402983769,,0.0,0.8467554402983769,0.56600612475
6015,0.8467361067597693,,0.0,0.8467361067597693,0.56030474832
6020,0.8467109105278351,,0.0,0.8467109105278351,0.55361107478
6025,0.8466834466489961,,0.0,0.8466834466489961,0.54484508699
6030,0.8466561565564413,,0.0,0.8466561565564413,0.5386653416
6035,0.8466267821925787,,0.0,0.8466267821925787,0.53264979683
6040,0.846588393030816,,0.0,0.846588393030816,0.52574311045
6045,0.8465411765502191,,0.0,0.8465411765502191,0.52122050082
6050,0.846485570759743,,0.0,0.846485570759743,0.51784175814
6055,0.8464238482100833,,0.0,0.8464238482100833,0.51632787851
6060,0.8463537619317457,,0.0,0.8463537619317457,0.51240420077
6065,0.8462744580684645,,0.0,0.8462744580684645,0.50856860253
6070,0.8461912318852687,,0.0,0.8461912318852687,0.50466164989
6075,0.8461088843683205,,0.0,0.8461088843683205,0.50200506671
6080,0.8460308427292429,,0.0,0.8460308427292429,0.49855961446
6085,0.8459593463854013,,0.0,0.8459593463854013,0.49487093725
6090,0.845893580987334,,0.0,0.845893580987334,0.49321944344
6095,0.8458372544414163,,0.0,0.8458372544414163,0.48834435302
6100,0.8457920030569058,,0.0,0.8457920030569058,0.48605735798
6105,0.8457586519075789,,0.0,0.8457586519075789,0.4860334333
6110,0.845733368687919,,0.0,0.845733368687919,0.48386724753
6115,0.8457144013621072,,0.0,0.8457144013621072,0.48338259603
6120,0.8457011995414289,,0.0,0.8457011995414289,0.48052561662
6125,0.8456921038964552,,0.0,0.8456921038964552,0.48131276369
6130,0.845684970990256,,0.0,0.845684970990256,0.48025886899
6135,0.845678900620646,,0.0,0.845678900620646,0.47837179399
6140,0.8456730727486018,,0.0,0.8456730727486018,0.47834850228
6145,0.8456658031474051,,0.0,0.8456658031474051,0.47915000519
6150,0.8456581230246765,,0.0,0.8456581230246765,0.48090274965
6155,0.8456506823728415,,0.0,0.8456506823728415,0.47948791967
6160,0.8456439749905738,,0.0,0.8456439749905738,0.47726178265
6165,0.8456371414775589,,0.0,0.8456371414775589,0.47912077556
6170,0.8456290415204606,,0.0,0.8456290415204606,0.47899079535
6175,0.8456186969220771,,0.0,0.8456186969220771,0.47903084993
6180,0.8456061972893699,,0.0,0.8456061972893699,0.48003769859
6185,0.8455933492692206,,0.0,0.8455933492692206,0.48235819503
6190,0.8455806217630131,,0.0,0.8455806217630131,0.4822727471
6195,0.8455665542267522,,0.0,0.8455665542267522,0.48509670977
6200,0.8455512256885974,,0.0,0.8455512256885974,0.48928854836
6205,0.8455351380086479,,0.0,0.8455351380086479,0.49216348287
6210,0.8455185513497585,,0.0,0.8455185513497585,0.49465621544
6215,0.8455012409087554,,0.0,0.8455012409087554,0.49720672794
6220,0.8454839122495134,,0.0,0.8454839122495134,0.49957684051
6225,0.8454672604444133,,0.0,0.8454672604444133,0.50551701621
6230,0.8454516129706661,,0.0,0.8454516129706661,0.50869697936
6235,0.8454371568271448,,0.0,0.8454371568271448,0.51302174385
6240,0.8454242985919765,,0.0,0.8454242985919765,0.51911147708
6245,0.8454136499148871,,0.0,0.8454136499148871,0.52368653334
6250,0.8454057707884556,,0.0,0.8454057707884556,0.52609500912
6255,0.8454009992395917,,0.0,0.8454009992395917,0.52899532226
6260,0.8453994099019596,,0.0,0.8453994099019596,0.53153655463
6265,0.8454003227346811,,0.0,0.8454003227346811,0.53554033409
6270,0.845402347694853,,0.0,0.845402347694853,0.53994808977
6275,0.8454052096317721,,0.0,0.8454052096317721,0.54357413369
6280,0.8454099020215147,,0.0,0.8454099020215147,0.54791875195
6285,0.845414987893206,,0.0,0.845414987893206,0.55231940432
6290,0.8454211774089349,,0.0,0.8454211774089349,0.5560658303
6295,0.8454291385319932,,0.0,0.8454291385319932,0.56007860978
6300,0.8454386195392851,,0.0,0.8454386195392851,0.56399518119
6305,0.8454477775948234,,0.0,0.8454477775948234,0.56818250188
6310,0.8454554277709578,,0.0,0.8454554277709578,0.5688763391
6315,0.8454620602139838,,0.0,0.8454620602139838,0.57086322181
6320,0.8454664956130566,,0.0,0.8454664956130566,0.57258188772
6325,0.8454686553911073,,0.0,0.8454686553911073,0.57587846477
6330,0.8454694554220806,,0.0,0.8454694554220806,0.57614335613
6335,0.8454697613342513,,0.0,0.8454697613342513,0.57626480671
6340,0.8454735101007025,,0.0,0.8454735101007025,0.57451262169
6345,0.8454823702472899,,0.0,0.8454823702472899,0.57380075968
6350,0.8454970226152142,,0.0,0.8454970226152142,0.57329497451
6355,0.8455123747992461,,0.0,0.8455123747992461,0.57462559702
6360,0.8455257605921253,,0.0,0.8455257605921253,0.57607165185
6365,0.8455383363863842,,0.0,0.8455383363863842,0.57709515573
6370,0.8455513722202799,,0.0,0.8455513722202799,0.58057563909
6375,0.8455639480872954,,0.0,0.8455639480872954,0.58188303426
6380,0.8455756849985858,,0.0,0.8455756849985858,0.58203112952
6385,0.8455850047337192,,0.0,0.8455850047337192,0.58247381599
6390,0.8455935512995958,,0.0,0.8455935512995958,0.58681035757
6395,0.8456023300607115,,0.0,0.8456023300607115,0.59439550296
6400,0.8456090098682485,,0.0,0.8456090098682485,0.59959059592
6405,0.8456140547489023,,0.0,0.8456140547489023,0.60252103914
6410,0.8456170214406955,,0.0,0.8456170214406955,0.60790933406
6415,0.8456179527099255,,0.0,0.8456179527099255,0.61181037478
6420,0.8456169369994488,,0.0,0.8456169369994488,0.61616516076
6425,0.845611492176065,,0.0,0.845611492176065,0.6171249654
6430,0.8456025388428943,,0.0,0.8456025388428943,0.6202950788
6435,0.8455952606709765,,0.0,0.8455952606709765,0.62263979542
6440,0.8455917188677944,,0.0,0.8455917188677944,0.62566109783
6445,0.8455919673896022,,0.0,0.8455919673896022,0.62692486922
6450,0.8455976082045681,,0.0,0.8455976082045681,0.62453334835
6455,0.8456094469459194,,0.0,0.8456094469459194,0.62513971742
6460,0.8456243720926838,,0.0,0.8456243720926838,0.62551897072
6465,0.8456419417943608,,0.0,0.8456419417943608,0.62675425107
6470,0.8456578992255428,,0.0,0.8456578992255428,0.62657925048
6475,0.8456701534067684,,0.0,0.8456701534067684,0.6251551197
6480,0.8456787224107637,,0.0,0.8456787224107637,0.62686388768
6485,0.8456833852031436,,0.0,0.8456833852031436,0.62785685135
6490,0.8456865269180823,,0.0,0.8456865269180823,0.63044486437
6495,0.845688529978534,,0.0,0.845688529978534,0.62601768788
6500,0.845692187726547,,0.0,0.845692187726547,0.62110331378
6505,0.845694074798514,,0.0,0.845694074798514,0.62327485814
6510,0.8456954668494974,,0.0,0.8456954668494974,0.62139061816
6515,0.8456976564140777,,0.0,0.8456976564140777,0.62288742147
6520,0.8457003108784318,,0.0,0.8457003108784318,0.61922290086
6525,0.8457039125456994,,0.0,0.8457039125456994,0.61358724572
6530,0.8457043941649275,,0.0,0.8457043941649275,0.61436696712
6535,0.8457049189578896,,0.0,0.8457049189578896,0.61087077462
6540,0.8457042744513076,,0.0,0.8457042744513076,0.60866155669
6545,0.8457036915113144,,0.0,0.8457036915113144,0.6006597438
6550,0.8457018307335629,,0.0,0.8457018307335629,0.59375573374
6555,0.8456983245374342,,0.0,0.8456983245374342,0.59368654153
6560,0.8456951261888004,,0.0,0.8456951261888004,0.59304652257
6565,0.8456924669225143,,0.0,0.8456924669225143,0.58925225399
6570,0.8456945503935,,0.0,0.8456945503935,0.58508926674
6575,0.845695925055669,,0.0,0.845695925055669,0.58237665002
6580,0.8456952354545804,,0.0,0.8456952354545804,0.59009321108
6585,0.8456936039327034,,0.0,0.8456936039327034,0.59100061421
6590,0.8456990667415053,,0.0,0.8456990667415053,0.58868349609
6595,0.8457055579204227,,0.0,0.8457055579204227,0.58395000656
6600,0.8457063263022987,,0.0,0.8457063263022987,0.58265172555
6605,0.8457059780749212,,0.0,0.8457059780749212,0.58379868772
6610,0.8457108541458381,,0.0,0.8457108541458381,0.58177128467
6615,0.8457141807060562,,0.0,0.8457141807060562,0.58139184982
6620,0.845711105024958,,0.0,0.845711105024958,0.58471823066
6625,0.8457077773733919,,0.0,0.8457077773733919,0.5861551986
6630,0.8457017793383392,,0.0,0.8457017793383392,0.58615534138
6635,0.8456850109190481,,0.0,0.8456850109190481,0.58298015242
6640,0.845660627697855,,0.0,0.845660627697855,0.57893031461
6645,0.8456389254243984,,0.0,0.8456389254243984,0.58155318232
6650,0.8456218477606868,,0.0,0.8456218477606868,0.57893626022
6655,0.845605322333706,,0.0,0.845605322333706,0.57828628962
6660,0.8455878376407767,,0.0,0.8455878376407767,0.57278653949
6665,0.8455745797830071,,0.0,0.8455745797830071,0.56789869171
6670,0.8455664413959015,,0.0,0.8455664413959015,0.56594585347
6675,0.8455649949084709,,0.0,0.8455649949084709,0.56097710833
6680,0.8455725969925288,,0.0,0.8455725969925288,0.5582667693
6685,0.8455883380311934,,0.0,0.8455883380311934,0.54957969224
6690,0.845610077454142,,0.0,0.845610077454142,0.5457993456
6695,0.8456301329413983,,0.0,0.8456301329413983,0.54256963239
6700,0.8456451263483536,,0.0,0.8456451263483536,0.53617903841
6705,0.845656663033631,,0.0,0.845656663033631,0.52991555534
6710,0.845667296155371,,0.0,0.845667296155371,0.52190881652
6715,0.8456788037089276,,0.0,0.8456788037089276,0.51699601877
6720,0.8456818821402231,,0.0,0.8456818821402231,0.51139556318
6725,0.8456750535455507,,0.0,0.8456750535455507,0.50452371261
6730,0.8456657584021297,,0.0,0.8456657584021297,0.50116339097
6735,0.8456621467963179,,0.0,0.8456621467963179,0.49672188351
6740,0.8456661625501881,,0.0,0.8456661625501881,0.49133459678
6745,0.8456731956489584,,0.0,0.8456731956489584,0.48644475196
6750,0.8456777913598033,,0.0,0.8456777913598033,0.48321150042
6755,0.845682286492,,0.0,0.845682286492,0.47805758637
6760,0.8456875409697097,,0.0,0.8456875409697097,0.47087902346
6765,0.8456907089643126,,0.0,0.8456907089643126,0.46591696951
6770,0.8456874871444174,,0.0,0.8456874871444174,0.46404836028
6775,0.8456800559072793,,0.0,0.8456800559072793,0.46198860037
6780,0.8456733682856893,,0.0,0.8456733682856893,0.45890284388
6785,0.845669396826004,,0.0,0.845669396826004,0.45513099078
6790,0.8456658552701942,,0.0,0.8456658552701942,0.45046305691
6795,0.8456580345090633,,0.0,0.8456580345090633,0.44610082521
6800,0.8456437768745005,,0.0,0.8456437768745005,0.44498247113
6805,0.8456274381553668,,0.0,0.8456274381553668,0.44086399556
6810,0.8456135010861431,,0.0,0.8456135010861431,0.43890302996
6815,0.8456055546453556,,0.0,0.8456055546453556,0.43658266957
6820,0.8456055288749872,,0.0,0.8456055288749872,0.43530287104
6825,0.8456110880280064,,0.0,0.8456110880280064,0.43281662729
6830,0.8456207120164615,,0.0,0.8456207120164615,0.42989727942
6835,0.8456322753742885,,0.0,0.8456322753742885,0.42925682559
6840,0.8456443229269252,,0.0,0.8456443229269252,0.42731905164
6845,0.8456548178839853,,0.0,0.8456548178839853,0.42172559293
6850,0.8456606753097383,,0.0,0.8456606753097383,0.41849365432
6855,0.8456553438992575,,0.0,0.8456553438992575,0.41461626868
6860,0.8456369013227537,,0.0,0.8456369013227537,0.41122390213
6865,0.8456104980888336,,0.0,0.8456104980888336,0.41005816123
6870,0.8455876673322552,,0.0,0.8455876673322552,0.40543005562
6875,0.8455730720782191,,0.0,0.8455730720782191,0.40272616217
6880,0.8455636014314591,,0.0,0.8455636014314591,0.39920295863
6885,0.845546433447772,,0.0,0.845546433447772,0.39619227745
6890,0.8455221666952566,,0.0,0.8455221666952566,0.39398928333
6895,0.8454970602157968,,0.0,0.8454970602157968,0.38946837667
6900,0.8454771147800911,,0.0,0.8454771147800911,0.38630048854
6905,0.8454617388774253,,0.0,0.8454617388774253,0.38184662197
6910,0.8454474059252867,,0.0,0.8454474059252867,0.38060668418
6915,0.8454351938555495,,0.0,0.8454351938555495,0.38100933931
6920,0.8454267914785946,,0.0,0.8454267914785946,0.37941151741
6925,0.8454217723974119,,0.0,0.8454217723974119,0.37818496596
6930,0.8454175239681095,,0.0,0.8454175239681095,0.3772584616
6935,0.8454083288212845,,0.0,0.8454083288212845,0.37485352902
6940,0.8453948386082114,,0.0,0.8453948386082114,0.37383409605
6945,0.8453811650631952,,0.0,0.8453811650631952,0.37495826495
6950,0.8453677424118502,,0.0,0.8453677424118502,0.37569543264
6955,0.8453544012769387,,0.0,0.8453544012769387,0.3767230857
6960,0.8453371935390751,,0.0,0.8453371935390751,0.37437954991
6965,0.845314272549829,,0.0,0.845314272549829,0.37540879665
6970,0.8452889921967769,,0.0,0.8452889921967769,0.37778085417
6975,0.8452653803986834,,0.0,0.8452653803986834,0.37861350892
6980,0.8452431408326904,,0.0,0.8452431408326904,0.38074789154
6985,0.8452219696092588,,0.0,0.8452219696092588,0.37964359726
6990,0.8452032760808788,,0.0,0.8452032760808788,0.3831017309
6995,0.8451893161660997,,0.0,0.8451893161660997,0.38595120783
7000,0.8451797422778019,,0.0,0.8451797422778019,0.39078660189
7005,0.8451743707493619,,0.0,0.8451743707493619,0.39134719273
7010,0.8451779460787601,,0.0,0.8451779460787601,0.39309959359
7015,0.845188120979777,,0.0,0.845188120979777,0.39699112301
7020,0.8452009912052239,,0.0,0.8452009912052239,0.40144681789
7025,0.845213359614226,,0.0,0.845213359614226,0.40237607217
7030,0.8452266451049315,,0.0,0.8452266451049315,0.40658537036
7035,0.8452422673467087,,0.0,0.8452422673467087,0.4135640278
7040,0.8452566591297899,,0.0,0.8452566591297899,0.41846117148
7045,0.8452697901583497,,0.0,0.8452697901583497,0.42234060147
7050,0.8452835932827731,,0.0,0.8452835932827731,0.42462717662
7055,0.8452960034103782,,0.0,0.8452960034103782,0.4289985694
7060,0.8453035617532011,,0.0,0.8453035617532011,0.43332673723
7065,0.8453089945572038,,0.0,0.8453089945572038,0.43579300073
7070,0.8453141677658523,,0.0,0.8453141677658523,0.44332890562
7075,0.8453179449655613,,0.0,0.8453179449655613,0.45239800497
7080,0.8453178294718211,,0.0,0.8453178294718211,0.45880062422
7085,0.8453147616047759,,0.0,0.8453147616047759,0.46401010634
7090,0.845309883802253,,0.0,0.845309883802253,0.4665916692
7095,0.8453055361330227,,0.0,0.8453055361330227,0.47617143742
7100,0.8452987692650035,,0.0,0.8452987692650035,0.48428838184
7105,0.8452886852223604,,0.0,0.8452886852223604,0.49007867498
7110,0.8452800468522749,,0.0,0.8452800468522749,0.49309163686
7115,0.8452765977263804,,0.0,0.8452765977263804,0.50287143468
7120,0.8452772802409816,,0.0,0.8452772802409816,0.5131360928
7125,0.8452771806227196,,0.0,0.8452771806227196,0.52017087759
7130,0.8452769926343575,,0.0,0.8452769926343575,0.52750156733
7135,0.845278363789661,,0.0,0.845278363789661,0.53744862099
7140,0.8452795094433279,,0.0,0.8452795094433279,0.54428183332
7145,0.84527404945748,,0.0,0.84527404945748,0.5505095393
7150,0.8452635068448825,,0.0,0.8452635068448825,0.55981497806
7155,0.8452530448174347,,0.0,0.8452530448174347,0.56834633116
7160,0.8452455230711542,,0.0,0.8452455230711542,0.57451384198
7165,0.8452420766372518,,0.0,0.8452420766372518,0.58043411385
7170,0.8452416196824927,,0.0,0.8452416196824927,0.58732558842
7175,0.8452430014602519,,0.0,0.8452430014602519,0.59394959122
7180,0.8452424375242684,,0.0,0.8452424375242684,0.59835273933
7185,0.845237902332318,,0.0,0.845237902332318,0.60269232134
7190,0.8452353416220482,,0.0,0.8452353416220482,0.60871480646
7195,0.8452388048772638,,0.0,0.8452388048772638,0.61315525459
7200,0.8452461303263848,,0.0,0.8452461303263848,0.6199566464
7205,0.8452477048798867,,0.0,0.8452477048798867,0.61850486043
7210,0.8452460094632115,,0.0,0.8452460094632115,0.61978362402
7215,0.8452452366722888,,0.0,0.8452452366722888,0.62334066853
7220,0.8452455078504849,,0.0,0.8452455078504849,0.62638871273
7225,0.84524077730721,,0.0,0.84524077730721,0.63096892954
7230,0.8452307513970467,,0.0,0.8452307513970467,0.63385980095
7235,0.8452189250970646,,0.0,0.8452189250970646,0.63762098103
7240,0.8452099930815618,,0.0,0.8452099930815618,0.63964180103
7245,0.8452027051457156,,0.0,0.8452027051457156,0.6406977204
7250,0.8451911690424905,,0.0,0.8451911690424905,0.64218457325
7255,0.8451780065103467,,0.0,0.8451780065103467,0.64361619198
7260,0.8451707516641772,,0.0,0.8451707516641772,0.64126785452
7265,0.8451721938153178,,0.0,0.8451721938153178,0.63835609733
7270,0.8451813157254043,,0.0,0.8451813157254043,0.63831304454
7275,0.8451892877328419,,0.0,0.8451892877328419,0.64228687162
7280,0.8451878506601082,,0.0,0.8451878506601082,0.64689676289
7285,0.8451813670187689,,0.0,0.8451813670187689,0.64726241933
7290,0.8451824899141881,,0.0,0.8451824899141881,0.64364098242
7295,0.8451861673210195,,0.0,0.8451861673210195,0.63985109597
7300,0.8451845844878227,,0.0,0.8451845844878227,0.63867240852
7305,0.8451740423554185,,0.0,0.8451740423554185,0.63934452046
7310,0.8451648143953914,,0.0,0.8451648143953914,0.63616256923
7315,0.8451673665203888,,0.0,0.8451673665203888,0.63380141886
7320,0.8451781136952894,,0.0,0.8451781136952894,0.62741208512
7325,0.8451857954041107,,0.0,0.8451857954041107,0.62698591732
7330,0.84518470539465,,0.0,0.84518470539465,0.62829413286
7335,0.8451877176174891,,0.0,0.8451877176174891,0.62303162143
7340,0.8451991970142627,,0.0,0.8451991970142627,0.61469337165
7345,0.8452151659409788,,0.0,0.8452151659409788,0.60799457752
7350,0.8452327425399764,,0.0,0.8452327425399764,0.60579366714
7355,0.8452497612126811,,0.0,0.8452497612126811,0.60085699622
7360,0.8452651961645591,,0.0,0.8452651961645591,0.59744614035
7365,0.8452828182509488,,0.0,0.8452828182509488,0.59015444388
7370,0.845299182784105,,0.0,0.845299182784105,0.58143584887
7375,0.8453122498596612,,0.0,0.8453122498596612,0.5791045495
7380,0.8453187163886611,,0.0,0.8453187163886611,0.57326355553
7385,0.8453226787683294,,0.0,0.8453226787683294,0.56536534186
7390,0.8453267250508462,,0.0,0.8453267250508462,0.55465603026
7395,0.8453311293974254,,0.0,0.8453311293974254,0.54458353452
7400,0.8453329701816782,,0.0,0.8453329701816782,0.5417239362
7405,0.8453279927026881,,0.0,0.8453279927026881,0.53561654229
7410,0.8453255648022164,,0.0,0.8453255648022164,0.528063759
7415,0.8453246762992839,,0.0,0.8453246762992839,0.51761847403
7420,0.8453254252551623,,0.0,0.8453254252551623,0.50705486205
7425,0.8453273642898541,,0.0,0.8453273642898541,0.5019590035
7430,0.8453269246802555,,0.0,0.8453269246802555,0.49233272037
7435,0.8453226861749459,,0.0,0.8453226861749459,0.48751475789
7440,0.845317977385878,,0.0,0.845317977385878,0.4771741474
7445,0.845310549728362,,0.0,0.845310549728362,0.46523361669
7450,0.8452979227717002,,0.0,0.8452979227717002,0.46310801778
7455,0.845276065148468,,0.0,0.845276065148468,0.45639406169
7460,0.8452516026517428,,0.0,0.8452516026517428,0.448267619
7465,0.845232856127495,,0.0,0.845232856127495,0.44084894631
7470,0.8452218486151237,,0.0,0.8452218486151237,0.43253763275
7475,0.8452109451446125,,0.0,0.8452109451446125,0.42715224443
7480,0.8451967733773245,,0.0,0.8451967733773245,0.4231061551
7485,0.8451867762350994,,0.0,0.8451867762350994,0.4163525408
7490,0.8451817987706607,,0.0,0.8451817987706607,0.40810877225
7495,0.8451805231592525,,0.0,0.8451805231592525,0.40115760548
7500,0.8451763474719443,,0.0,0.8451763474719443,0.39899755898
7505,0.8451627110473174,,0.0,0.8451627110473174,0.39592891872
7510,0.8451487205165842,,0.0,0.8451487205165842,0.39145747558
7515,0.8451434134213408,,0.0,0.8451434134213408,0.38580475145
7520,0.8451462546371958,,0.0,0.8451462546371958,0.37868410572
7525,0.8451495389404122,,0.0,0.8451495389404122,0.37530291652
7530,0.8451448686832109,,0.0,0.8451448686832109,0.3720980105
7535,0.8451382509515585,,0.0,0.8451382509515585,0.36885372052
7540,0.8451361598556867,,0.0,0.8451361598556867,0.36234786168
7545,0.8451385278484189,,0.0,0.8451385278484189,0.35520813447
7550,0.8451428979121139,,0.0,0.8451428979121139,0.34999357679
7555,0.8451468131600922,,0.0,0.8451468131600922,0.34631872537
7560,0.8451484132074877,,0.0,0.8451484132074877,0.34412581976
7565,0.845151743216366,,0.0,0.845151743216366,0.34348217872
7570,0.8451569898945741,,0.0,0.8451569898945741,0.34058716466
7575,0.8451600343631144,,0.0,0.8451600343631144,0.337680445
7580,0.8451603029220748,,0.0,0.8451603029220748,0.33467873338
7585,0.8451548036040384,,0.0,0.8451548036040384,0.33353716012
7590,0.8451431902624646,,0.0,0.8451431902624646,0.33272091766
7595,0.8451290739211131,,0.0,0.8451290739211131,0.33433786532
7600,0.8451174296871103,,0.0,0.8451174296871103,0.33342364688
7605,0.8451109574976512,,0.0,0.8451109574976512,0.33025172974
7610,0.8451075901064599,,0.0,0.8451075901064599,0.33128012346
7615,0.8451051154235295,,0.0,0.8451051154235295,0.33017901004
7620,0.8451015038613716,,0.0,0.8451015038613716,0.32946038346
7625,0.8450977335735343,,0.0,0.8450977335735343,0.32776427651
7630,0.845094691826089,,0.0,0.845094691826089,0.32339153268
7635,0.8450931480340544,,0.0,0.8450931480340544,0.32225714441
7640,0.8450919910740207,,0.0,0.8450919910740207,0.31856138666
7645,0.8450899992908334,,0.0,0.8450899992908334,0.31536321513
7650,0.8450881797951457,,0.0,0.8450881797951457,0.31417972897
7655,0.8450877990892462,,0.0,0.8450877990892462,0.31259961584
7660,0.8450934043408127,,0.0,0.8450934043408127,0.31332475685
7665,0.8451030928788748,,0.0,0.8451030928788748,0.30889364612
7670,0.8451099678631205,,0.0,0.8451099678631205,0.30491702561
7675,0.8451139108895479,,0.0,0.8451139108895479,0.30108687083
7680,0.8451179948163011,,0.0,0.8451179948163011,0.29843160394
7685,0.8451250495092141,,0.0,0.8451250495092141,0.29937091877
7690,0.8451332365704485,,0.0,0.8451332365704485,0.29688871891
7695,0.8451380332203206,,0.0,0.8451380332203206,0.29309991726
7700,0.8451414628765636,,0.0,0.8451414628765636,0.2928497881
7705,0.8451466165719066,,0.0,0.8451466165719066,0.29391152509
7710,0.8451554626473781,,0.0,0.8451554626473781,0.29460868929
7715,0.8451657563598336,,0.0,0.8451657563598336,0.29437311016
7720,0.845171962755081,,0.0,0.845171962755081,0.29300596557
7725,0.8451712039188637,,0.0,0.8451712039188637,0.29096906221
7730,0.8451665638119746,,0.0,0.8451665638119746,0.29234392149
7735,0.8451593661233473,,0.0,0.8451593661233473,0.29262668239
7740,0.8451518329542891,,0.0,0.8451518329542891,0.29203836347
7745,0.8451452723074222,,0.0,0.8451452723074222,0.29227748192
7750,0.8451418614369193,,0.0,0.8451418614369193,0.29357928425
7755,0.8451416548519843,,0.0,0.8451416548519843,0.29514085299
7760,0.8451426177412088,,0.0,0.8451426177412088,0.29362240219
7765,0.8451426293968074,,0.0,0.8451426293968074,0.29297945744
7770,0.8451403603384257,,0.0,0.8451403603384257,0.29234469293
7775,0.8451380404959752,,0.0,0.8451380404959752,0.29243415784
7780,0.8451366158209568,,0.0,0.8451366158209568,0.29445491584
7785,0.8451371217845249,,0.0,0.8451371217845249,0.29585141048
7790,0.8451374190386668,,0.0,0.8451374190386668,0.29486679946
7795,0.8451375806164029,,0.0,0.8451375806164029,0.2938146094
7800,0.8451336035981175,,0.0,0.8451336035981175,0.29318062841
7805,0.8451225052273723,,0.0,0.8451225052273723,0.2911866896
7810,0.8451074328795652,,0.0,0.8451074328795652,0.29011757412
7815,0.8450885722730542,,0.0,0.8450885722730542,0.28803927851
7820,0.8450700585988545,,0.0,0.8450700585988545,0.28534492491
7825,0.8450554090538841,,0.0,0.8450554090538841,0.28433924356
7830,0.8450455042397151,,0.0,0.8450455042397151,0.27943242535
7835,0.8450409803395804,,0.0,0.8450409803395804,0.27782072052
7840,0.8450412326010747,,0.0,0.8450412326010747,0.27639968711
7845,0.8450448810653524,,0.0,0.8450448810653524,0.2744951159
7850,0.8450485797607489,,0.0,0.8450485797607489,0.27481532772
7855,0.8450511327151708,,0.0,0.8450511327151708,0.27029627895
7860,0.8450529561688147,,0.0,0.8450529561688147,0.26600992834
7865,0.8450551946112421,,0.0,0.8450551946112421,0.26289492755
7870,0.8450598393163449,,0.0,0.8450598393163449,0.25985944181
7875,0.8450659373479935,,0.0,0.8450659373479935,0.25707987764
7880,0.845071534363519,,0.0,0.845071534363519,0.25233228727
7885,0.8450777860569915,,0.0,0.8450777860569915,0.24704130727
7890,0.8450838990037318,,0.0,0.8450838990037318,0.24589822125
7895,0.8450880508996499,,0.0,0.8450880508996499,0.24517682097
7900,0.8450913889554021,,0.0,0.8450913889554021,0.24333666498
7905,0.8450935057052318,,0.0,0.8450935057052318,0.2419515164
7910,0.8450954781788318,,0.0,0.8450954781788318,0.23733157724
7915,0.8450981813027635,,0.0,0.8450981813027635,0.23428614787
7920,0.8451010336649213,,0.0,0.8451010336649213,0.23351926613
7925,0.8451024108735694,,0.0,0.8451024108735694,0.23279356755
7930,0.8451029614514513,,0.0,0.8451029614514513,0.23203594647
7935,0.8451045818852306,,0.0,0.8451045818852306,0.23228528523
7940,0.8451062662865648,,0.0,0.8451062662865648,0.23167823351
7945,0.845104908300196,,0.0,0.845104908300196,0.23081522228
7950,0.8450991270359948,,0.0,0.8450991270359948,0.22930786262
7955,0.8450904325269587,,0.0,0.8450904325269587,0.22560464119
7960,0.8450798864657011,,0.0,0.8450798864657011,0.22293872048
7965,0.8450682775477254,,0.0,0.8450682775477254,0.22152753205
7970,0.8450562802262076,,0.0,0.8450562802262076,0.22089612391
7975,0.8450434158794895,,0.0,0.8450434158794895,0.21953836526
7980,0.8450284647731897,,0.0,0.8450284647731897,0.21824805102
7985,0.8450115253178118,,0.0,0.8450115253178118,0.21789225641
7990,0.8449933561895083,,0.0,0.8449933561895083,0.2180940822
7995,0.8449745145724558,,0.0,0.8449745145724558,0.21745543354
8000,0.8449560602966997,,0.0,0.8449560602966997,0.21592143163
8005,0.844939634546186,,0.0,0.844939634546186,0.21177638641
8010,0.8449260242993645,,0.0,0.8449260242993645,0.20904664563
8015,0.8449149794919879,,0.0,0.8449149794919879,0.20762982496
8020,0.8449062691220249,,0.0,0.8449062691220249,0.20595352765
8025,0.8448993664175354,,0.0,0.8448993664175354,0.20268457353
8030,0.8448932884666933,,0.0,0.8448932884666933,0.20020232684
8035,0.8448878198228165,,0.0,0.8448878198228165,0.19843606864
8040,0.8448826884491816,,0.0,0.8448826884491816,0.1984781059
8045,0.8448767998545246,,0.0,0.8448767998545246,0.1977796523
8050,0.8448713036068145,,0.0,0.8448713036068145,0.19815803925
8055,0.8448687689433879,,0.0,0.8448687689433879,0.19953507156
8060,0.8448700776590242,,0.0,0.8448700776590242,0.199848759
8065,0.8448760832898602,,0.0,0.8448760832898602,0.19944713826
8070,0.8448869656173195,,0.0,0.8448869656173195,0.19953790811
8075,0.8449016145656861,,0.0,0.8449016145656861,0.19940403696
8080,0.8449180786880016,,0.0,0.8449180786880016,0.19917086946
8085,0.8449338478106927,,0.0,0.8449338478106927,0.19862739456
8090,0.8449465210405173,,0.0,0.8449465210405173,0.19815781729
8095,0.8449540630567715,,0.0,0.8449540630567715,0.19989392999
8100,0.8449561234348297,,0.0,0.8449561234348297,0.20025510733
8105,0.844953501754575,,0.0,0.844953501754575,0.20005443183
8110,0.8449470135441245,,0.0,0.8449470135441245,0.20048531571
8115,0.8449374285095239,,0.0,0.8449374285095239,0.20190199432
8120,0.8449255864650255,,0.0,0.8449255864650255,0.20373181117
8125,0.844912651064265,,0.0,0.844912651064265,0.20312947586
8130,0.8448999434642483,,0.0,0.8448999434642483,0.20407512063
8135,0.8448881692870555,,0.0,0.8448881692870555,0.20370938509
8140,0.8448785147699539,,0.0,0.8448785147699539,0.20438906813
8145,0.8448724153268283,,0.0,0.8448724153268283,0.20530908859
8150,0.8448700512920522,,0.0,0.8448700512920522,0.20635356479
8155,0.8448715191990098,,0.0,0.8448715191990098,0.20809979686
8160,0.8448757187213624,,0.0,0.8448757187213624,0.20903685722
8165,0.8448822804595775,,0.0,0.8448822804595775,0.20941287783
8170,0.8448909051514326,,0.0,0.8448909051514326,0.20978671343
8175,0.844901334351127,,0.0,0.844901334351127,0.21045537942
8180,0.8449126431629043,,0.0,0.8449126431629043,0.21055003402
8185,0.8449238200088593,,0.0,0.8449238200088593,0.21039237752
8190,0.8449345706033176,,0.0,0.8449345706033176,0.21134172829
8195,0.8449445904892386,,0.0,0.8449445904892386,0.21169507019
8200,0.8449543835784565,,0.0,0.8449543835784565,0.21179527222
8205,0.8449638784968001,,0.0,0.8449638784968001,0.21188985407
8210,0.8449726690153734,,0.0,0.8449726690153734,0.21327102294
8215,0.844980597339781,,0.0,0.844980597339781,0.21400496305
8220,0.844988026874416,,0.0,0.844988026874416,0.21422770228
8225,0.844995494591686,,0.0,0.844995494591686,0.21539709427
8230,0.8450030045077521,,0.0,0.8450030045077521,0.2166229615
8235,0.8450109431781406,,0.0,0.8450109431781406,0.21761684766
8240,0.8450194537586297,,0.0,0.8450194537586297,0.21898688598
8245,0.8450283505308621,,0.0,0.8450283505308621,0.22011560647
8250,0.8450366871941052,,0.0,0.8450366871941052,0.22154594476
8255,0.8450442613250985,,0.0,0.8450442613250985,0.22331650433
8260,0.8450502906309143,,0.0,0.8450502906309143,0.22443924744
8265,0.8450538840912436,,0.0,0.8450538840912436,0.22691890567
8270,0.8450553588518678,,0.0,0.8450553588518678,0.22924721264
8275,0.8450549242188168,,0.0,0.8450549242188168,0.23119243241
8280,0.8450519390468612,,0.0,0.8450519390468612,0.23282251106
8285,0.8450478517587555,,0.0,0.8450478517587555,0.23576827765
8290,0.845043909052457,,0.0,0.845043909052457,0.24670662966
8295,0.8450404709564547,,0.0,0.8450404709564547,0.24831733693
8300,0.845038839259962,,0.0,0.845038839259962,0.25165148545
8305,0.845040199516335,,0.0,0.845040199516335,0.25175851278
8310,0.8450445299568156,,0.0,0.8450445299568156,0.25482705461
8315,0.8450506584152513,,0.0,0.8450506584152513,0.25627654301
8320,0.8450565115047142,,0.0,0.8450565115047142,0.25789675356
8325,0.8450602550472452,,0.0,0.8450602550472452,0.25832769242
8330,0.8450601313465669,,0.0,0.8450601313465669,0.26063850523
8335,0.8450551317350357,,0.0,0.8450551317350357,0.26170606104
8340,0.8450461400882681,,0.0,0.8450461400882681,0.26141537295
8345,0.8450337604020016,,0.0,0.8450337604020016,0.26335156238
8350,0.8450183757976529,,0.0,0.8450183757976529,0.26552226846
8355,0.8450012397540893,,0.0,0.8450012397540893,0.26637904857
8360,0.8449838877254449,,0.0,0.8449838877254449,0.26788898553
8365,0.8449690418542124,,0.0,0.8449690418542124,0.26609341786
8370,0.8449600203772611,,0.0,0.8449600203772611,0.26906653121
8375,0.8449559889079773,,0.0,0.8449559889079773,0.27210774812
8380,0.8449556789068885,,0.0,0.8449556789068885,0.27428887656
8385,0.8449589445844294,,0.0,0.8449589445844294,0.27605074963
8390,0.8449652318558527,,0.0,0.8449652318558527,0.27672455963
8395,0.844973627568308,,0.0,0.844973627568308,0.27711293321
8400,0.8449812196265141,,0.0,0.8449812196265141,0.27826670638
8405,0.8449841450216921,,0.0,0.8449841450216921,0.2774502789
8410,0.8449828171419816,,0.0,0.8449828171419816,0.27741540909
8415,0.8449791629881422,,0.0,0.8449791629881422,0.2772398746
8420,0.8449763937285106,,0.0,0.8449763937285106,0.28035644851
8425,0.8449749098733184,,0.0,0.8449749098733184,0.27917309932
8430,0.8449745904866353,,0.0,0.8449745904866353,0.27841359955
8435,0.8449715671320445,,0.0,0.8449715671320445,0.27455701015
8440,0.8449656504242584,,0.0,0.8449656504242584,0.26967368423
8445,0.8449571432778781,,0.0,0.8449571432778781,0.26679330376
8450,0.8449469351416712,,0.0,0.8449469351416712,0.26509820129
8455,0.8449409469433036,,0.0,0.8449409469433036,0.26312665053
8460,0.8449408816079258,,0.0,0.8449408816079258,0.26277796988
8465,0.8449478205451749,,0.0,0.8449478205451749,0.25835416187
8470,0.8449627336289041,,0.0,0.8449627336289041,0.25756226953
8475,0.8449832325673047,,0.0,0.8449832325673047,0.25748486884
8480,0.8450047059195667,,0.0,0.8450047059195667,0.25815491699
8485,0.8450219868505149,,0.0,0.8450219868505149,0.25964349053
8490,0.8450307566334728,,0.0,0.8450307566334728,0.25958502067
8495,0.845030958183655,,0.0,0.845030958183655,0.2578679507
8500,0.845022016797109,,0.0,0.845022016797109,0.25749126293
8505,0.845006520220437,,0.0,0.845006520220437,0.25741711266
8510,0.8449890931361403,,0.0,0.8449890931361403,0.25819287018
8515,0.8449736168585446,,0.0,0.8449736168585446,0.25447918179
8520,0.8449644025621967,,0.0,0.8449644025621967,0.25085219284
8525,0.8449615082631662,,0.0,0.8449615082631662,0.24884407356
8530,0.8449633422083038,,0.0,0.8449633422083038,0.24686378316
8535,0.8449693611681388,,0.0,0.8449693611681388,0.25086465021
8540,0.8449774120873255,,0.0,0.8449774120873255,0.24650887375
8545,0.8449829901424953,,0.0,0.8449829901424953,0.24756860004
8550,0.844984710631076,,0.0,0.844984710631076,0.24926672272
8555,0.8449838770302327,,0.0,0.8449838770302327,0.24505148607
8560,0.8449812076944405,,0.0,0.8449812076944405,0.24660039947
8565,0.8449757612122074,,0.0,0.8449757612122074,0.2514792722
8570,0.8449668684270338,,0.0,0.8449668684270338,0.24802435877
8575,0.8449572895185343,,0.0,0.8449572895185343,0.25082134132
8580,0.8449498131577868,,0.0,0.8449498131577868,0.2580857984
8585,0.8449453328970281,,0.0,0.8449453328970281,0.25869606363
8590,0.8449432339143468,,0.0,0.8449432339143468,0.26088113207
8595,0.8449412805902695,,0.0,0.8449412805902695,0.26639848611
8600,0.8449391919244664,,0.0,0.8449391919244664,0.26632510635
8605,0.8449381702334019,,0.0,0.8449381702334019,0.2673964276
8610,0.8449391457531628,,0.0,0.8449391457531628,0.27046542951
8615,0.8449412102055875,,0.0,0.8449412102055875,0.26809850482
8620,0.844942828849556,,0.0,0.844942828849556,0.27143594703
8625,0.8449420999890354,,0.0,0.8449420999890354,0.2743501373
8630,0.8449374269816364,,0.0,0.8449374269816364,0.27055518342
8635,0.8449300656926412,,0.0,0.8449300656926412,0.27211375232
8640,0.844920737401338,,0.0,0.844920737401338,0.27577183452
8645,0.8449090908682283,,0.0,0.8449090908682283,0.27339505296
8650,0.8448953459344898,,0.0,0.8448953459344898,0.27463667826
8655,0.8448788706222176,,0.0,0.8448788706222176,0.27863969259
8660,0.8448620400542854,,0.0,0.8448620400542854,0.27580855777
8665,0.8448494973788059,,0.0,0.8448494973788059,0.27755053781
8670,0.8448427096587607,,0.0,0.8448427096587607,0.28164873832
8675,0.8448385910998918,,0.0,0.8448385910998918,0.27887027056
8680,0.844834474941989,,0.0,0.844834474941989,0.28271623358
8685,0.8448321895279358,,0.0,0.8448321895279358,0.28606200251
8690,0.8448323408324476,,0.0,0.8448323408324476,0.28708631591
8695,0.8448307654204185,,0.0,0.8448307654204185,0.28958351122
8700,0.8448249377957466,,0.0,0.8448249377957466,0.29543189504
8705,0.8448186267183817,,0.0,0.8448186267183817,0.29159298293
8710,0.8448097015419941,,0.0,0.8448097015419941,0.29103141309
8715,0.8447965164989751,,0.0,0.8447965164989751,0.29408921279
8720,0.844778705376529,,0.0,0.844778705376529,0.28769185743
8725,0.8447594613430238,,0.0,0.8447594613430238,0.28893000021
8730,0.844740237535838,,0.0,0.844740237535838,0.28231870995
8735,0.8447234906524844,,0.0,0.8447234906524844,0.28407821563
8740,0.8447109048323734,,0.0,0.8447109048323734,0.28100351154
8745,0.8447059943039565,,0.0,0.8447059943039565,0.28324228524
8750,0.8447058362767399,,0.0,0.8447058362767399,0.28368171825
8755,0.8447074513847402,,0.0,0.8447074513847402,0.28530137641
8760,0.8447098455698289,,0.0,0.8447098455698289,0.28687368698
8765,0.8447115439258683,,0.0,0.8447115439258683,0.28192425411
8770,0.8447111255466296,,0.0,0.8447111255466296,0.28780379113
8775,0.8447066343723891,,0.0,0.8447066343723891,0.2843606256
8780,0.8446999932858856,,0.0,0.8446999932858856,0.28698814488
8785,0.8446878073357482,,0.0,0.8446878073357482,0.28122510192
8790,0.8446737997363294,,0.0,0.8446737997363294,0.29098768078
8795,0.8446579809354691,,0.0,0.8446579809354691,0.2899250019
8800,0.8446435736988976,,0.0,0.8446435736988976,0.29216285115
8805,0.8446304483016945,,0.0,0.8446304483016945,0.29542201449
8810,0.8446208052655759,,0.0,0.8446208052655759,0.29249234826
8815,0.8446173579294924,,0.0,0.8446173579294924,0.29404038073
8820,0.8446213999630269,,0.0,0.8446213999630269,0.29034288045
8825,0.8446294420350176,,0.0,0.8446294420350176,0.29173563901
8830,0.8446360724408603,,0.0,0.8446360724408603,0.28656026335
8835,0.8446364190821452,,0.0,0.8446364190821452,0.283531588
8840,0.8446315171098979,,0.0,0.8446315171098979,0.2841540436
8845,0.8446239489885954,,0.0,0.8446239489885954,0.28697059317
8850,0.8446162746136339,,0.0,0.8446162746136339,0.28315365133
8855,0.8446087480945239,,0.0,0.8446087480945239,0.27898640742
8860,0.8446023913842537,,0.0,0.8446023913842537,0.27912994663
8865,0.8445995913777061,,0.0,0.8445995913777061,0.27947093773
8870,0.8445997610168675,,0.0,0.8445997610168675,0.27332697794
8875,0.8446024176348154,,0.0,0.8446024176348154,0.27158405822
8880,0.8446059985664676,,0.0,0.8446059985664676,0.27110700061
8885,0.8446128457140589,,0.0,0.8446128457140589,0.26520683997
8890,0.8446217641822932,,0.0,0.8446217641822932,0.26736763031
8895,0.844630764035999,,0.0,0.844630764035999,0.26801548696
8900,0.8446372147913798,,0.0,0.8446372147913798,0.27545404296
8905,0.8446407251346315,,0.0,0.8446407251346315,0.26933346508
8910,0.8446416548177689,,0.0,0.8446416548177689,0.26965868118
8915,0.8446409770468944,,0.0,0.8446409770468944,0.27355310594
8920,0.8446367925269415,,0.0,0.8446367925269415,0.26876510964
8925,0.8446338018254884,,0.0,0.8446338018254884,0.26852752125
8930,0.8446342950712122,,0.0,0.8446342950712122,0.26569874537
8935,0.8446375790543,,0.0,0.8446375790543,0.26406247668
8940,0.8446388392704232,,0.0,0.8446388392704232,0.25970871821
8945,0.8446368800094117,,0.0,0.8446368800094117,0.26358658118
8950,0.844632468721858,,0.0,0.844632468721858,0.25321796022
8955,0.8446314086298888,,0.0,0.8446314086298888,0.2514688187
8960,0.8446342901383186,,0.0,0.8446342901383186,0.24377897102
8965,0.8446414530638684,,0.0,0.8446414530638684,0.24298324503
8970,0.8446502714627501,,0.0,0.8446502714627501,0.24225385516
8975,0.8446593363462562,,0.0,0.8446593363462562,0.23914495496
8980,0.8446681675648411,,0.0,0.8446681675648411,0.23466684323
8985,0.8446750888513523,,0.0,0.8446750888513523,0.2342688137
8990,0.8446790407104243,,0.0,0.8446790407104243,0.23985210801
8995,0.8446801299777683,,0.0,0.8446801299777683,0.23282679892
9000,0.844677514583679,,0.0,0.844677514583679,0.23789745599
9005,0.844670752808618,,0.0,0.844670752808618,0.24232771684
9010,0.8446625344766203,,0.0,0.8446625344766203,0.24350509202
9015,0.8446555681538075,,0.0,0.8446555681538075,0.24529818821
9020,0.8446501605963261,,0.0,0.8446501605963261,0.24975571266
9025,0.8446466587219362,,0.0,0.8446466587219362,0.2473354734
9030,0.8446461263186396,,0.0,0.8446461263186396,0.24404547024
9035,0.8446478127862596,,0.0,0.8446478127862596,0.24632568203
9040,0.8446477000863707,,0.0,0.8446477000863707,0.23852781547
9045,0.8446451006841701,,0.0,0.8446451006841701,0.24203567406
9050,0.844641476913464,,0.0,0.844641476913464,0.23862648552
9055,0.8446375607924071,,0.0,0.8446375607924071,0.23845369914
9060,0.8446347418255038,,0.0,0.8446347418255038,0.23905947568
9065,0.844635139469127,,0.0,0.844635139469127,0.23406879299
9070,0.8446389943291728,,0.0,0.8446389943291728,0.23228941921
9075,0.8446460702524455,,0.0,0.8446460702524455,0.23350060243
9080,0.8446564380310644,,0.0,0.8446564380310644,0.23122331344
9085,0.8446688156364937,,0.0,0.8446688156364937,0.22764016396
9090,0.8446807876969389,,0.0,0.8446807876969389,0.23160317597
9095,0.8446901106042577,,0.0,0.8446901106042577,0.22852466797
9100,0.8446953750641655,,0.0,0.8446953750641655,0.23637715584
9105,0.844696961607946,,0.0,0.844696961607946,0.2310321803
9110,0.8446961662624942,,0.0,0.8446961662624942,0.23571037307
9115,0.844694659256169,,0.0,0.844694659256169,0.23836557955
9120,0.8446930493284347,,0.0,0.8446930493284347,0.23794532862
9125,0.844691490694065,,0.0,0.844691490694065,0.24098075478
9130,0.8446896692048479,,0.0,0.8446896692048479,0.23573802221
9135,0.8446876825728241,,0.0,0.8446876825728241,0.23850518394
9140,0.8446859076623474,,0.0,0.8446859076623474,0.23306897898
9145,0.8446827236176505,,0.0,0.8446827236176505,0.23528070031
9150,0.8446788113526906,,0.0,0.8446788113526906,0.22941974826
9155,0.8446764594828088,,0.0,0.8446764594828088,0.23098388364
9160,0.8446781751403548,,0.0,0.8446781751403548,0.22803831503
9165,0.8446840669362998,,0.0,0.8446840669362998,0.23124515859
9170,0.844693054988894,,0.0,0.844693054988894,0.23501621828
9175,0.844702738433998,,0.0,0.844702738433998,0.23592301777
9180,0.844712251599683,,0.0,0.844712251599683,0.23420357537
9185,0.8447200831433339,,0.0,0.8447200831433339,0.23054975618
9190,0.844723756723171,,0.0,0.844723756723171,0.23711410046
9195,0.8447222687790608,,0.0,0.8447222687790608,0.2277782603
9200,0.8447166683148749,,0.0,0.8447166683148749,0.23340294458
9205,0.8447088917751723,,0.0,0.8447088917751723,0.23033046313
9210,0.8447002114827653,,0.0,0.8447002114827653,0.23447380161
9215,0.8446916082395397,,0.0,0.8446916082395397,0.23324104915
9220,0.844683671766399,,0.0,0.844683671766399,0.23390245767
9225,0.8446782239890994,,0.0,0.8446782239890994,0.23425733561
9230,0.844674949580773,,0.0,0.844674949580773,0.23106936133
9235,0.8446722576759006,,0.0,0.8446722576759006,0.23342604505
9240,0.8446697446793734,,0.0,0.8446697446793734,0.22689283043
9245,0.8446676134218886,,0.0,0.8446676134218886,0.23220632382
9250,0.8446659432371834,,0.0,0.8446659432371834,0.22785348638
9255,0.8446639986729941,,0.0,0.8446639986729941,0.23458249744
9260,0.8446607443454743,,0.0,0.8446607443454743,0.23387085503
9265,0.8446562837289829,,0.0,0.8446562837289829,0.23608266758
9270,0.8446515565470604,,0.0,0.8446515565470604,0.23803580952
9275,0.8446473079722449,,0.0,0.8446473079722449,0.23721739718
9280,0.8446439430984299,,0.0,0.8446439430984299,0.23979108897
9285,0.8446423936750388,,0.0,0.8446423936750388,0.23535803956
9290,0.8446431493245194,,0.0,0.8446431493245194,0.24207502125
9295,0.8446447701657356,,0.0,0.8446447701657356,0.23666368947
9300,0.8446467024631713,,0.0,0.8446467024631713,0.24132640641
9305,0.8446482545057981,,0.0,0.8446482545057981,0.2373526327
9310,0.8446485639248343,,0.0,0.8446485639248343,0.24194467263
9315,0.8446485917469374,,0.0,0.8446485917469374,0.24047220115
9320,0.8446471606547917,,0.0,0.8446471606547917,0.24207705591
9325,0.8446455748822305,,0.0,0.8446455748822305,0.24411562293
9330,0.844644126852361,,0.0,0.844644126852361,0.2407910352
9335,0.8446438265278929,,0.0,0.8446438265278929,0.2439081152
9340,0.8446450014151395,,0.0,0.8446450014151395,0.23725010313
9345,0.8446471808229061,,0.0,0.8446471808229061,0.24336362375
9350,0.8446490393888587,,0.0,0.8446490393888587,0.23689312312
9355,0.844648399786068,,0.0,0.844648399786068,0.24048192629
9360,0.8446453013612737,,0.0,0.8446453013612737,0.23556501002
9365,0.8446412344013469,,0.0,0.8446412344013469,0.23746499147
9370,0.8446361840930549,,0.0,0.8446361840930549,0.23620758333
9375,0.8446300179612798,,0.0,0.8446300179612798,0.23542506811
9380,0.844624680250082,,0.0,0.844624680250082,0.2388651729
9385,0.8446209927009882,,0.0,0.8446209927009882,0.23333940326
9390,0.8446187723749404,,0.0,0.8446187723749404,0.23940757952
9395,0.8446160841224466,,0.0,0.8446160841224466,0.23504572849
9400,0.8446125490419695,,0.0,0.8446125490419695,0.24110287057
9405,0.8446079412826405,,0.0,0.8446079412826405,0.23792734175
9410,0.8446016455569068,,0.0,0.8446016455569068,0.24494380337
9415,0.8445941837474683,,0.0,0.8445941837474683,0.24470028165
9420,0.844586717237957,,0.0,0.844586717237957,0.24721271013
9425,0.8445793320120584,,0.0,0.8445793320120584,0.25011305737
9430,0.8445714986931476,,0.0,0.8445714986931476,0.24852938582
9435,0.8445651115706415,,0.0,0.8445651115706415,0.2522689831
9440,0.8445598361244954,,0.0,0.8445598361244954,0.24631888986
9445,0.8445562111605819,,0.0,0.8445562111605819,0.25115366918
9450,0.8445562448905164,,0.0,0.8445562448905164,0.2445785635
9455,0.8445576406957376,,0.0,0.8445576406957376,0.24875006186
9460,0.8445583851989155,,0.0,0.8445583851989155,0.24389141417
9465,0.8445575119166522,,0.0,0.8445575119166522,0.24598500735
9470,0.8445558303237206,,0.0,0.8445558303237206,0.24203066902
9475,0.8445534748305629,,0.0,0.8445534748305629,0.24025548958
9480,0.8445495060337671,,0.0,0.8445495060337671,0.24330450505
9485,0.8445425313002977,,0.0,0.8445425313002977,0.23870632296
9490,0.8445344151039385,,0.0,0.8445344151039385,0.24358872273
9495,0.8445286668275549,,0.0,0.8445286668275549,0.23778017439
9500,0.8445268135437275,,0.0,0.8445268135437275,0.24425159221
9505,0.8445276714016032,,0.0,0.8445276714016032,0.23973933409
9510,0.8445323917444104,,0.0,0.8445323917444104,0.24726474936
9515,0.8445413587267091,,0.0,0.8445413587267091,0.24445694114
9520,0.8445534737392146,,0.0,0.8445534737392146,0.24644087733
9525,0.844566041966793,,0.0,0.844566041966793,0.24992987223
9530,0.8445735171488844,,0.0,0.8445735171488844,0.24620140608
9535,0.8445762588483365,,0.0,0.8445762588483365,0.25179359225
9540,0.8445753466413215,,0.0,0.8445753466413215,0.24601535445
9545,0.8445710219777108,,0.0,0.8445710219777108,0.25228395551
9550,0.8445642735753028,,0.0,0.8445642735753028,0.24508843865
9555,0.8445590490732897,,0.0,0.8445590490732897,0.25255429325
9560,0.8445581731717907,,0.0,0.8445581731717907,0.24713600213
9565,0.8445631390679388,,0.0,0.8445631390679388,0.25044323641
9570,0.8445721661034901,,0.0,0.8445721661034901,0.25003371109
9575,0.8445823535040815,,0.0,0.8445823535040815,0.24938234673
9580,0.8445941460595778,,0.0,0.8445941460595778,0.25220901888
9585,0.8446048268514063,,0.0,0.8446048268514063,0.25060687414
9590,0.8446122649713135,,0.0,0.8446122649713135,0.25691935909
9595,0.8446168061293007,,0.0,0.8446168061293007,0.25196412108
9600,0.8446207183360555,,0.0,0.8446207183360555,0.25988218345
9605,0.8446243649232141,,0.0,0.8446243649232141,0.25581309575
9610,0.8446277627848467,,0.0,0.8446277627848467,0.26385566268
9615,0.8446289603139303,,0.0,0.8446289603139303,0.26024880374
9620,0.8446290370429831,,0.0,0.8446290370429831,0.26258862481
9625,0.8446312949696135,,0.0,0.8446312949696135,0.26323669787
9630,0.844633932176115,,0.0,0.844633932176115,0.26585842202
9635,0.8446363933263281,,0.0,0.8446363933263281,0.26815602117
9640,0.8446400509288278,,0.0,0.8446400509288278,0.26268606154
9645,0.8446458521137711,,0.0,0.8446458521137711,0.26979236343
9650,0.8446543361817752,,0.0,0.8446543361817752,0.26273115243
9655,0.8446651041795991,,0.0,0.8446651041795991,0.27013601207
9660,0.8446779018522189,,0.0,0.8446779018522189,0.2660730406
9665,0.8446887846598714,,0.0,0.8446887846598714,0.26882388023
9670,0.8446978601949358,,0.0,0.8446978601949358,0.26927725291
9675,0.8447046141268414,,0.0,0.8447046141268414,0.26989174888
9680,0.8447083296435512,,0.0,0.8447083296435512,0.27237837859
9685,0.8447088359709021,,0.0,0.8447088359709021,0.26807822165
9690,0.8447080890522067,,0.0,0.8447080890522067,0.27305378292
9695,0.8447096826679237,,0.0,0.8447096826679237,0.26652087802
9700,0.8447131257259223,,0.0,0.8447131257259223,0.27387412181
9705,0.844717359341992,,0.0,0.844717359341992,0.2681229506
9710,0.8447221453112032,,0.0,0.8447221453112032,0.27105245916
9715,0.8447291219072403,,0.0,0.8447291219072403,0.26925406992
9720,0.8447386748271017,,0.0,0.8447386748271017,0.2714396211
9725,0.8447473970709329,,0.0,0.8447473970709329,0.27050029681
9730,0.844755027500941,,0.0,0.844755027500941,0.26929319034
9735,0.8447615483790802,,0.0,0.8447615483790802,0.27352076002
9740,0.844767007651914,,0.0,0.844767007651914,0.26953507964
9745,0.8447684457141367,,0.0,0.8447684457141367,0.27703292191
9750,0.8447640030830633,,0.0,0.8447640030830633,0.27268986974
9755,0.844755699698664,,0.0,0.844755699698664,0.27922272719
9760,0.8447472212474653,,0.0,0.8447472212474653,0.27431582086
9765,0.8447389633650095,,0.0,0.8447389633650095,0.28067315078
9770,0.8447326221955375,,0.0,0.8447326221955375,0.27849600214
9775,0.8447305308522935,,0.0,0.8447305308522935,0.2819145118
9780,0.8447320305393102,,0.0,0.8447320305393102,0.28336190783
9785,0.8447384263198452,,0.0,0.8447384263198452,0.27975601154
9790,0.8447480594174198,,0.0,0.8447480594174198,0.28499696797
9795,0.8447560088412256,,0.0,0.8447560088412256,0.27938914528
9800,0.8447606577080026,,0.0,0.8447606577080026,0.28441552217
9805,0.8447648928665111,,0.0,0.8447648928665111,0.27871646069
9810,0.8447665917463979,,0.0,0.8447665917463979,0.28450605322
9815,0.8447657212725372,,0.0,0.8447657212725372,0.28045963198
9820,0.8447644934185256,,0.0,0.8447644934185256,0.28293101716
9825,0.8447651401805604,,0.0,0.8447651401805604,0.28246990256
9830,0.8447677347080723,,0.0,0.8447677347080723,0.27948948268
9835,0.8447713306130216,,0.0,0.8447713306130216,0.28588801763
9840,0.844773967717664,,0.0,0.844773967717664,0.28091778198
9845,0.8447759671257372,,0.0,0.8447759671257372,0.28724543071
9850,0.8447802582631317,,0.0,0.8447802582631317,0.28158273789
9855,0.8447851300559639,,0.0,0.8447851300559639,0.28869953653
9860,0.8447909282724402,,0.0,0.8447909282724402,0.2837099438
9865,0.8448001025381368,,0.0,0.8448001025381368,0.29149067901
9870,0.8448121547617435,,0.0,0.8448121547617435,0.2917416925
9875,0.8448239122631364,,0.0,0.8448239122631364,0.29319497257
9880,0.844830434334483,,0.0,0.844830434334483,0.29824435179
9885,0.8448308749626732,,0.0,0.8448308749626732,0.29449788414
9890,0.8448277072445451,,0.0,0.8448277072445451,0.29998757189
9895,0.844820298038089,,0.0,0.844820298038089,0.2972575468
9900,0.8448109792487907,,0.0,0.8448109792487907,0.30070775403
9905,0.8448035120699192,,0.0,0.8448035120699192,0.29721434397
9910,0.8448007936816642,,0.0,0.8448007936816642,0.30152468071
9915,0.8448030217199057,,0.0,0.8448030217199057,0.29756437242
9920,0.8448104035407982,,0.0,0.8448104035407982,0.30024476065
9925,0.8448230519897434,,0.0,0.8448230519897434,0.29901452954
9930,0.8448394787297459,,0.0,0.8448394787297459,0.29687472742
9935,0.8448520287827391,,0.0,0.8448520287827391,0.30037825222
9940,0.8448614285646239,,0.0,0.8448614285646239,0.2958358277
9945,0.8448678785633364,,0.0,0.8448678785633364,0.29984489566
9950,0.8448700669638121,,0.0,0.8448700669638121,0.29334583758
9955,0.8448682868730694,,0.0,0.8448682868730694,0.29715217518
9960,0.8448661577837295,,0.0,0.8448661577837295,0.29159885963
9965,0.8448645818041994,,0.0,0.8448645818041994,0.29358528692
9970,0.8448620869822572,,0.0,0.8448620869822572,0.2935146046
9975,0.844856276717297,,0.0,0.844856276717297,0.29193521333
9980,0.8448480191113161,,0.0,0.8448480191113161,0.29481474743
9985,0.8448378302410425,,0.0,0.8448378302410425,0.29280151967
9990,0.8448257805493634,,0.0,0.8448257805493634,0.29864896204
9995,0.8448155136695218,,0.0,0.8448155136695218,0.29465906525
10000,0.8448083424497258,,0.0,0.8448083424497258,0.30320764049
