iteration,cd_fore,cd_aft,cd_viscous,cd_total,mean_abs_drho_dtau_kg_m3_s
5,0.002112550690861528,,0.0,0.002112550690861528,106.4520483
10,0.004878952189413462,,0.0,0.004878952189413462,105.91184011
15,0.008508320415093194,,0.0,0.008508320415093194,105.16871502
20,0.013278752104630942,,0.0,0.013278752104630942,104.26059026
25,0.01956017163855307,,0.0,0.01956017163855307,103.22634916
30,0.02784478567868649,,0.0,0.02784478567868649,102.10033178
35,0.03878730611130198,,0.0,0.03878730611130198,100.91066056
40,0.05325754187806039,,0.0,0.05325754187806039,99.679417837
45,0.07240835482324597,,0.0,0.07240835482324597,98.423556116
50,0.0977619820800671,,0.0,0.0977619820800671,97.155977382
55,0.1313168952893416,,0.0,0.1313168952893416,95.886536393
60,0.1756748878269766,,0.0,0.1756748878269766,94.622887072
65,0.23417445849167376,,0.0,0.23417445849167376,93.371166058
70,0.3109322331286259,,0.0,0.3109322331286259,92.136536958
75,0.4108648947297857,,0.0,0.4108648947297857,90.923626631
80,0.5396207595581973,,0.0,0.5396207595581973,89.736883428
85,0.703312435130611,,0.0,0.703312435130611,88.580882556
90,0.908076738130395,,0.0,0.908076738130395,87.46059806
95,1.1593536519918806,,0.0,1.1593536519918806,86.381655087
100,1.4609321778651503,,0.0,1.4609321778651503,85.350570055
105,1.8138087046383042,,0.0,1.8138087046383042,84.374979544
110,2.2150518144333584,,0.0,2.2150518144333584,83.463850584
115,2.655815177370457,,0.0,2.655815177370457,82.627654776
120,3.1027627569695566,,0.0,3.1027627569695566,91.437003355
125,3.5142017024395056,,0.0,3.5142017024395056,120.50401323
130,3.8568791511807423,,0.0,3.8568791511807423,155.29918987
135,4.101837311846846,,0.0,4.101837311846846,195.68567894
140,4.225957766558122,,0.0,4.225957766558122,239.79688015
145,4.229368619480694,,0.0,4.229368619480694,279.52044511
150,4.127636552804035,,0.0,4.127636552804035,312.30520862
155,3.941438486700847,,0.0,3.941438486700847,335.55909992
160,3.694616974767396,,0.0,3.694616974767396,350.59121899
165,3.416797157158815,,0.0,3.416797157158815,366.84657638
170,3.1316445089932388,,0.0,3.1316445089932388,374.68524607
175,2.8533354454093507,,0.0,2.8533354454093507,369.65068606
180,2.5935353163804833,,0.0,2.5935353163804833,355.95983042
185,2.3614641387353377,,0.0,2.3614641387353377,338.82190785
190,2.1625581785003836,,0.0,2.1625581785003836,320.36972806
195,1.9982385189658154,,0.0,1.9982385189658154,300.03637816
200,1.8663104709156226,,0.0,1.8663104709156226,278.59722303
205,1.7640266653563554,,0.0,1.7640266653563554,257.44340282
210,1.6881976227569861,,0.0,1.6881976227569861,238.74773335
215,1.6348533073646174,,0.0,1.6348533073646174,222.0881345
220,1.5998933662486374,,0.0,1.5998933662486374,208.07506707
225,1.5794246703936003,,0.0,1.5794246703936003,194.55359498
230,1.5700951804138732,,0.0,1.5700951804138732,181.30992382
235,1.5690754434114125,,0.0,1.5690754434114125,168.77742432
240,1.5738374825656953,,0.0,1.5738374825656953,157.55015058
245,1.5823247671277016,,0.0,1.5823247671277016,147.54850093
250,1.5929839534608814,,0.0,1.5929839534608814,139.09951281
255,1.6046957216610738,,0.0,1.6046957216610738,131.50350917
260,1.6165400038325477,,0.0,1.6165400038325477,124.75359886
265,1.628079319184221,,0.0,1.628079319184221,118.48811504
270,1.6389651992937055,,0.0,1.6389651992937055,112.8788643
275,1.6489250952974908,,0.0,1.6489250952974908,108.55612896
280,1.6578087227624387,,0.0,1.6578087227624387,105.10034218
285,1.6656107231290584,,0.0,1.6656107231290584,102.30503934
290,1.6724094016273834,,0.0,1.6724094016273834,99.943595073
295,1.6783387311022235,,0.0,1.6783387311022235,97.964833547
300,1.6835487666888254,,0.0,1.6835487666888254,96.256624145
305,1.688174692718303,,0.0,1.688174692718303,94.815392151
310,1.6923141837300877,,0.0,1.6923141837300877,93.608402798
315,1.6960189049804346,,0.0,1.6960189049804346,92.617312683
320,1.6993167978770758,,0.0,1.6993167978770758,91.922828967
325,1.7022205759776012,,0.0,1.7022205759776012,91.37843714
330,1.7047463819533937,,0.0,1.7047463819533937,90.929474689
335,1.7069244122658798,,0.0,1.7069244122658798,90.528548223
340,1.708802813234627,,0.0,1.708802813234627,90.151378773
345,1.710442953857954,,0.0,1.710442953857954,89.724987502
350,1.7119073954083648,,0.0,1.7119073954083648,89.275181136
355,1.7132478853550148,,0.0,1.7132478853550148,88.826902758
360,1.7144939196654994,,0.0,1.7144939196654994,88.40498364
365,1.7156483330006984,,0.0,1.7156483330006984,88.038470468
370,1.7166891453238027,,0.0,1.7166891453238027,87.73078417
375,1.7175769820200144,,0.0,1.7175769820200144,87.538065204
380,1.7182670769799828,,0.0,1.7182670769799828,87.481974569
385,1.7187231311498048,,0.0,1.7187231311498048,87.481878548
390,1.7189252354094304,,0.0,1.7189252354094304,87.476010168
395,1.7188759983654527,,0.0,1.7188759983654527,87.457238473
400,1.7185983128798556,,0.0,1.7185983128798556,87.458634813
405,1.7181325342588019,,0.0,1.7181325342588019,87.485103381
410,1.717525711610238,,0.0,1.717525711610238,87.44814687
415,1.7168231321410634,,0.0,1.7168231321410634,87.361348218
420,1.7160585144929974,,0.0,1.7160585144929974,87.301389313
425,1.7152486808725786,,0.0,1.7152486808725786,87.315602108
430,1.7143924164251443,,0.0,1.7143924164251443,87.368058219
435,1.7134724944916182,,0.0,1.7134724944916182,87.463041046
440,1.712463495566815,,0.0,1.712463495566815,87.545882519
445,1.7113392347796275,,0.0,1.7113392347796275,87.565828862
450,1.7100815049043694,,0.0,1.7100815049043694,87.749615799
455,1.7086853906325878,,0.0,1.7086853906325878,88.066584285
460,1.7071619274555287,,0.0,1.7071619274555287,88.389561798
465,1.7055360799004595,,0.0,1.7055360799004595,88.613798204
470,1.7038411901014632,,0.0,1.7038411901014632,88.793676408
475,1.702114018702322,,0.0,1.702114018702322,88.931496087
480,1.7003858874457387,,0.0,1.7003858874457387,88.934243355
485,1.698677563634677,,0.0,1.698677563634677,88.895014036
490,1.6969971056304105,,0.0,1.6969971056304105,88.805355694
495,1.6953390790230027,,0.0,1.6953390790230027,88.690975918
500,1.693687570438963,,0.0,1.693687570438963,88.671095714
505,1.6920228106075,,0.0,1.6920228106075,88.89285637
510,1.6903247438225883,,0.0,1.6903247438225883,89.209522021
515,1.6885798473720546,,0.0,1.6885798473720546,89.454101122
520,1.6867841717930814,,0.0,1.6867841717930814,89.629282476
525,1.684944963672523,,0.0,1.684944963672523,89.670560969
530,1.6830780581630989,,0.0,1.6830780581630989,89.669895806
535,1.6812043430801584,,0.0,1.6812043430801584,89.617593278
540,1.6793453873960085,,0.0,1.6793453873960085,89.452099266
545,1.6775197314295736,,0.0,1.6775197314295736,89.284341866
550,1.675737902923231,,0.0,1.675737902923231,89.031702317
555,1.674001468787492,,0.0,1.674001468787492,88.912477087
560,1.6723032310895711,,0.0,1.6723032310895711,89.064773178
565,1.6706292872412978,,0.0,1.6706292872412978,89.270528173
570,1.6689638377696032,,0.0,1.6689638377696032,89.440740722
575,1.6672914968857537,,0.0,1.6672914968857537,89.48848557
580,1.6656023931782804,,0.0,1.6656023931782804,89.474775746
585,1.6638927745452283,,0.0,1.6638927745452283,89.296924078
590,1.6621664326355772,,0.0,1.6621664326355772,89.144755306
595,1.6604333298064777,,0.0,1.6604333298064777,88.870600833
600,1.6587080431910957,,0.0,1.6587080431910957,88.544295072
605,1.6570051904676524,,0.0,1.6570051904676524,88.192085768
610,1.6553368788891936,,0.0,1.6553368788891936,87.795064795
615,1.6537099095459622,,0.0,1.6537099095459622,87.666232502
620,1.6521246655575583,,0.0,1.6521246655575583,87.747465557
625,1.65057626604764,,0.0,1.65057626604764,87.900602674
630,1.6490550965980224,,0.0,1.6490550965980224,87.99901497
635,1.6475491841909882,,0.0,1.6475491841909882,88.039343185
640,1.646046157968244,,0.0,1.646046157968244,87.928039542
645,1.6445370595930051,,0.0,1.6445370595930051,87.736062664
650,1.6430176990767011,,0.0,1.6430176990767011,87.489898874
655,1.641489247360579,,0.0,1.641489247360579,87.169876582
660,1.639958562297962,,0.0,1.639958562297962,86.805434906
665,1.6384349143601966,,0.0,1.6384349143601966,86.39206529
670,1.6369296153686865,,0.0,1.6369296153686865,85.990271176
675,1.6354531313125678,,0.0,1.6354531313125678,85.570568205
680,1.6340130111824434,,0.0,1.6340130111824434,85.457053428
685,1.632612483737147,,0.0,1.632612483737147,85.465108056
690,1.6312498908709772,,0.0,1.6312498908709772,85.479622627
695,1.6299190592559274,,0.0,1.6299190592559274,85.466180545
700,1.628610608637112,,0.0,1.628610608637112,85.37971018
705,1.6273137521580505,,0.0,1.6273137521580505,85.231605598
710,1.6260184543557352,,0.0,1.6260184543557352,84.999207212
715,1.624717371335175,,0.0,1.624717371335175,84.745925884
720,1.623406888473347,,0.0,1.623406888473347,84.475084911
725,1.6220877760015813,,0.0,1.6220877760015813,84.087704765
730,1.6207649910209265,,0.0,1.6207649910209265,83.73087616
735,1.6194466834621082,,0.0,1.6194466834621082,83.32181884
740,1.6181426089648634,,0.0,1.6181426089648634,82.878292051
745,1.6168623500103474,,0.0,1.6168623500103474,82.570102698
750,1.6156134553396546,,0.0,1.6156134553396546,82.486240877
755,1.6144001013431675,,0.0,1.6144001013431675,82.469339428
760,1.6132223946855744,,0.0,1.6132223946855744,82.45188824
765,1.6120763530937507,,0.0,1.6120763530937507,82.401683176
770,1.6109545987396119,,0.0,1.6109545987396119,82.254556245
775,1.609847649693744,,0.0,1.609847649693744,82.039484248
780,1.6087455005588578,,0.0,1.6087455005588578,81.747077684
785,1.6076392850666368,,0.0,1.6076392850666368,81.448043052
790,1.6065227380701144,,0.0,1.6065227380701144,81.084277537
795,1.6053931963204375,,0.0,1.6053931963204375,80.714712458
800,1.6042519963074395,,0.0,1.6042519963074395,80.323060886
805,1.6031042603064942,,0.0,1.6031042603064942,79.959158917
810,1.6019579926603835,,0.0,1.6019579926603835,79.557981591
815,1.600822691142282,,0.0,1.600822691142282,79.171324283
820,1.5997077981345784,,0.0,1.5997077981345784,78.952900273
825,1.5986211746376842,,0.0,1.5986211746376842,78.890065444
830,1.5975678400049047,,0.0,1.5975678400049047,78.87468873
835,1.5965491626631036,,0.0,1.5965491626631036,78.888649686
840,1.5955626343079221,,0.0,1.5955626343079221,78.828507654
845,1.594602214349633,,0.0,1.594602214349633,78.711620553
850,1.5936592272688181,,0.0,1.5936592272688181,78.53199769
855,1.592723669165237,,0.0,1.592723669165237,78.282610734
860,1.5917856914574064,,0.0,1.5917856914574064,77.952996999
865,1.5908370501500693,,0.0,1.5908370501500693,77.641447263
870,1.5898723097105032,,0.0,1.5898723097105032,77.272665256
875,1.5888896285198406,,0.0,1.5888896285198406,76.879506211
880,1.587891004014722,,0.0,1.587891004014722,76.482686039
885,1.5868819674142045,,0.0,1.5868819674142045,76.069240712
890,1.5858707768107494,,0.0,1.5858707768107494,75.668402069
895,1.584867227640627,,0.0,1.584867227640627,75.25240484
900,1.5838812563121523,,0.0,1.5838812563121523,74.913445432
905,1.5829215504458827,,0.0,1.5829215504458827,74.80879613
910,1.5819943306515993,,0.0,1.5819943306515993,74.781483084
915,1.5811024707629442,,0.0,1.5811024707629442,74.772317666
920,1.5802450916383266,,0.0,1.5802450916383266,74.760879563
925,1.5794176744375752,,0.0,1.5794176744375752,74.724240295
930,1.578612659565996,,0.0,1.578612659565996,74.635346946
935,1.5778204374708105,,0.0,1.5778204374708105,74.46524261
940,1.5770305896941645,,0.0,1.5770305896941645,74.241838636
945,1.576233221869849,,0.0,1.576233221869849,73.970109471
950,1.5754202126358097,,0.0,1.5754202126358097,73.685458491
955,1.5745862281338519,,0.0,1.5745862281338519,73.371082937
960,1.5737293823326768,,0.0,1.5737293823326768,73.013847796
965,1.5728514627079062,,0.0,1.5728514627079062,72.658298475
970,1.5719576975758325,,0.0,1.5719576975758325,72.275192784
975,1.5710561026318535,,0.0,1.5710561026318535,71.883254731
980,1.570156495518455,,0.0,1.570156495518455,71.479964514
985,1.5692692991846364,,0.0,1.5692692991846364,71.099323448
990,1.5684042798742264,,0.0,1.5684042798742264,70.786160852
995,1.5675693780559476,,0.0,1.5675693780559476,70.633804607
1000,1.5667697677780932,,0.0,1.5667697677780932,70.561797921
1005,1.5660072533580778,,0.0,1.5660072533580778,70.519117507
1010,1.565280066033383,,0.0,1.565280066033383,70.454988824
1015,1.5645830756691315,,0.0,1.5645830756691315,70.385583137
1020,1.563908381842641,,0.0,1.563908381842641,70.275912577
1025,1.563246201218782,,0.0,1.563246201218782,70.146895762
1030,1.562585947046525,,0.0,1.562585947046525,69.953699918
1035,1.5619173777692186,,0.0,1.5619173777692186,69.723343696
1040,1.561231693113423,,0.0,1.561231693113423,69.505043908
1045,1.560522461260799,,0.0,1.560522461260799,69.263226101
1050,1.559786280418685,,0.0,1.559786280418685,68.999683362
1055,1.5590231150321847,,0.0,1.5590231150321847,68.709146969
1060,1.5582362781938508,,0.0,1.5582362781938508,68.398251542
1065,1.55743207322538,,0.0,1.55743207322538,68.075337516
1070,1.556619136473427,,0.0,1.556619136473427,67.768749331
1075,1.5558075508075286,,0.0,1.5558075508075286,67.443020652
1080,1.5550078236351559,,0.0,1.5550078236351559,67.099497634
1085,1.5542298292371208,,0.0,1.5542298292371208,66.740996409
1090,1.5534818233355587,,0.0,1.5534818233355587,66.474112115
1095,1.5527696272026268,,0.0,1.5527696272026268,66.33636436
1100,1.5520960594059359,,0.0,1.5520960594059359,66.262820772
1105,1.5514606689596975,,0.0,1.5514606689596975,66.191858482
1110,1.5508597868481355,,0.0,1.5508597868481355,66.139254758
1115,1.550286888061657,,0.0,1.550286888061657,66.052386599
1120,1.549733218361056,,0.0,1.549733218361056,65.940462445
1125,1.549188621396678,,0.0,1.549188621396678,65.763126095
1130,1.548642479728004,,0.0,1.548642479728004,65.581510743
1135,1.548084679920763,,0.0,1.548084679920763,65.366142177
1140,1.5475065126471972,,0.0,1.5475065126471972,65.117755405
1145,1.546901429194449,,0.0,1.546901429194449,64.873653836
1150,1.5462655928773372,,0.0,1.5462655928773372,64.611324349
1155,1.5455981860580041,,0.0,1.5455981860580041,64.318784539
1160,1.5449014548078552,,0.0,1.5449014548078552,64.037613505
1165,1.544180499695065,,0.0,1.544180499695065,63.7844973
1170,1.5434428326582914,,0.0,1.5434428326582914,63.524672245
1175,1.5426977407611664,,0.0,1.5426977407611664,63.264899149
1180,1.5419555105965437,,0.0,1.5419555105965437,62.990341218
1185,1.5412265738462037,,0.0,1.5412265738462037,62.713368126
1190,1.5405206464781045,,0.0,1.5405206464781045,62.431095085
1195,1.5398459303206442,,0.0,1.5398459303206442,62.142382976
1200,1.5392084413870082,,0.0,1.5392084413870082,61.897113605
1205,1.5386115183443225,,0.0,1.5386115183443225,61.800885997
1210,1.5380555521716914,,0.0,1.5380555521716914,61.772804573
1215,1.5375379555954602,,0.0,1.5375379555954602,61.748926265
1220,1.5370533736740049,,0.0,1.5370533736740049,61.7102605
1225,1.5365941137000891,,0.0,1.5365941137000891,61.658622779
1230,1.5361507567450805,,0.0,1.5361507567450805,61.56547328
1235,1.5357128957037407,,0.0,1.5357128957037407,61.451450108
1240,1.5352699392091418,,0.0,1.5352699392091418,61.298202156
1245,1.5348119120544677,,0.0,1.5348119120544677,61.070638509
1250,1.5343301921150223,,0.0,1.5343301921150223,60.812554713
1255,1.5338181288786668,,0.0,1.5338181288786668,60.534698812
1260,1.5332715034138968,,0.0,1.5332715034138968,60.268414328
1265,1.5326888039514792,,0.0,1.5326888039514792,60.002336472
1270,1.5320713044794823,,0.0,1.5320713044794823,59.753752986
1275,1.5314229518408886,,0.0,1.5314229518408886,59.510058761
1280,1.530750072062627,,0.0,1.530750072062627,59.260132356
1285,1.530060925108469,,0.0,1.530060925108469,59.000071336
1290,1.5293651366244616,,0.0,1.5293651366244616,58.724112776
1295,1.5286730454753932,,0.0,1.5286730454753932,58.448492266
1300,1.5279950096134176,,0.0,1.5279950096134176,58.168903398
1305,1.5273407119466773,,0.0,1.5273407119466773,57.891038931
1310,1.5267185117431454,,0.0,1.5267185117431454,57.614427182
1315,1.5261348807424482,,0.0,1.5261348807424482,57.352926139
1320,1.525593961651382,,0.0,1.525593961651382,57.112311777
1325,1.5250972804611387,,0.0,1.5250972804611387,56.937805943
1330,1.524643631174592,,0.0,1.524643631174592,56.893401532
1335,1.5242291454190386,,0.0,1.5242291454190386,56.901186121
1340,1.5238475413304737,,0.0,1.5238475413304737,56.934788815
1345,1.5234905357408774,,0.0,1.5234905357408774,56.968711135
1350,1.5231483901018135,,0.0,1.5231483901018135,56.975489781
1355,1.5228105482269876,,0.0,1.5228105482269876,56.932635645
1360,1.5224663226888746,,0.0,1.5224663226888746,56.839431458
1365,1.5221055767242022,,0.0,1.5221055767242022,56.698770102
1370,1.521719356736837,,0.0,1.521719356736837,56.522268416
1375,1.5213004339797505,,0.0,1.5213004339797505,56.329457244
1380,1.520843723104759,,0.0,1.520843723104759,56.108480655
1385,1.5203465566213716,,0.0,1.5203465566213716,55.896861021
1390,1.5198088061577004,,0.0,1.5198088061577004,55.681750779
1395,1.5192328516462161,,0.0,1.5192328516462161,55.459244756
1400,1.5186234084146741,,0.0,1.5186234084146741,55.212516746
1405,1.5179872296477728,,0.0,1.5179872296477728,54.95321086
1410,1.5173327071742857,,0.0,1.5173327071742857,54.680691529
1415,1.516669396902761,,0.0,1.516669396902761,54.406667361
1420,1.5160074924843059,,0.0,1.5160074924843059,54.125887159
1425,1.515357276644399,,0.0,1.515357276644399,53.850572435
1430,1.514728572265196,,0.0,1.514728572265196,53.56586915
1435,1.5141302195414224,,0.0,1.5141302195414224,53.293241735
1440,1.513569601041817,,0.0,1.513569601041817,53.040556521
1445,1.513052238628884,,0.0,1.513052238628884,52.80406881
1450,1.5125814813243355,,0.0,1.5125814813243355,52.571679336
1455,1.5121583055778975,,0.0,1.5121583055778975,52.349703091
1460,1.5117812400406394,,0.0,1.5117812400406394,52.137318313
1465,1.511446423326084,,0.0,1.511446423326084,51.986701083
1470,1.511147798252219,,0.0,1.511147798252219,51.945175379
1475,1.5108774298394985,,0.0,1.5108774298394985,51.943249352
1480,1.510625934714186,,0.0,1.510625934714186,51.931275166
1485,1.5103829921008263,,0.0,1.5103829921008263,51.91779798
1490,1.5101379075856693,,0.0,1.5101379075856693,51.875608339
1495,1.5098801929733625,,0.0,1.5098801929733625,51.829573732
1500,1.509600126682017,,0.0,1.509600126682017,51.78019699
1505,1.5104593532889408,,0.0,1.5104593532889408,101.37523897
1510,1.509921068129533,,0.0,1.509921068129533,97.163025586
1515,1.5083285000820272,,0.0,1.5083285000820272,88.398825755
1520,1.5062221950982118,,0.0,1.5062221950982118,78.808310673
1525,1.5039702834580533,,0.0,1.5039702834580533,71.953166124
1530,1.5017698858722752,,0.0,1.5017698858722752,67.044825256
1535,1.4997095833101648,,0.0,1.4997095833101648,63.899295849
1540,1.497821498060981,,0.0,1.497821498060981,63.120960615
1545,1.4961095073549617,,0.0,1.4961095073549617,63.584530965
1550,1.494564542323259,,0.0,1.494564542323259,65.099069472
1555,1.4931760814611965,,0.0,1.4931760814611965,66.289043658
1560,1.4919282913626113,,0.0,1.4919282913626113,67.602852714
1565,1.4908003792747189,,0.0,1.4908003792747189,68.770383642
1570,1.4897683596150586,,0.0,1.4897683596150586,69.927990471
1575,1.488808335127018,,0.0,1.488808335127018,71.190552982
1580,1.487899616478896,,0.0,1.487899616478896,71.689797198
1585,1.4870265032523167,,0.0,1.4870265032523167,72.293586305
1590,1.486180185068765,,0.0,1.486180185068765,72.557803372
1595,1.4853588584841038,,0.0,1.4853588584841038,72.926889402
1600,1.484566284956839,,0.0,1.484566284956839,73.379797245
1605,1.4838106345030937,,0.0,1.4838106345030937,74.510637334
1610,1.483103542431449,,0.0,1.483103542431449,75.846991359
1615,1.4824581616831582,,0.0,1.4824581616831582,76.98030702
1620,1.4818871740035369,,0.0,1.4818871740035369,78.347154671
1625,1.4814016102679313,,0.0,1.4814016102679313,79.213133825
1630,1.4810117877586837,,0.0,1.4810117877586837,79.240836391
1635,1.4807286916911688,,0.0,1.4807286916911688,78.695672097
1640,1.4805623338251301,,0.0,1.4805623338251301,77.92576827
1645,1.4805171010109843,,0.0,1.4805171010109843,77.452776988
1650,1.4805826506413224,,0.0,1.4805826506413224,76.949217059
1655,1.480725659045657,,0.0,1.480725659045657,76.852039523
1660,1.48088514346412,,0.0,1.48088514346412,76.72246784
1665,1.4809653015408826,,0.0,1.4809653015408826,76.873767482
1670,1.480824813791555,,0.0,1.480824813791555,77.13678809
1675,1.4803177807621053,,0.0,1.4803177807621053,77.904629929
1680,1.4793247794197575,,0.0,1.4793247794197575,78.41832901
1685,1.477759940323885,,0.0,1.477759940323885,79.254557014
1690,1.4755933437174813,,0.0,1.4755933437174813,79.88583349
1695,1.4728937752254507,,0.0,1.4728937752254507,80.634889374
1700,1.4698746132531075,,0.0,1.4698746132531075,81.054869933
1705,1.466930648763365,,0.0,1.466930648763365,80.988044642
1710,1.464438107449408,,0.0,1.464438107449408,80.574909851
1715,1.4628177172590149,,0.0,1.4628177172590149,79.866664404
1720,1.462763365050642,,0.0,1.462763365050642,79.812997615
1725,1.4650212001365015,,0.0,1.4650212001365015,80.145409379
1730,1.4698665940645972,,0.0,1.4698665940645972,80.948307145
1735,1.4771731177410528,,0.0,1.4771731177410528,81.885750455
1740,1.486408888507604,,0.0,1.486408888507604,82.335768898
1745,1.4965126451104458,,0.0,1.4965126451104458,82.139257582
1750,1.5064271884114704,,0.0,1.5064271884114704,81.488969058
1755,1.5152642216216345,,0.0,1.5152642216216345,80.17259341
1760,1.522338461169322,,0.0,1.522338461169322,78.669084648
1765,1.5271774031936811,,0.0,1.5271774031936811,77.527658148
1770,1.5296024882615882,,0.0,1.5296024882615882,76.757413507
1775,1.5297921584126324,,0.0,1.5297921584126324,77.292343589
1780,1.527924733427462,,0.0,1.527924733427462,78.291416877
1785,1.5245293185655582,,0.0,1.5245293185655582,79.065152215
1790,1.5200963170205328,,0.0,1.5200963170205328,79.624791704
1795,1.5149825563579937,,0.0,1.5149825563579937,79.859032241
1800,1.50933758895448,,0.0,1.50933758895448,79.648447286
1805,1.5034051358884464,,0.0,1.5034051358884464,79.113883994
1810,1.4975392488237649,,0.0,1.4975392488237649,78.770665764
1815,1.4921076209023107,,0.0,1.4921076209023107,78.629917716
1820,1.4874981304666586,,0.0,1.4874981304666586,78.717555092
1825,1.4840357820780545,,0.0,1.4840357820780545,78.869063515
1830,1.4819099492224796,,0.0,1.4819099492224796,78.66208657
1835,1.4810987603991237,,0.0,1.4810987603991237,78.599066395
1840,1.4813393261988634,,0.0,1.4813393261988634,78.182292089
1845,1.482277986435946,,0.0,1.482277986435946,77.608423253
1850,1.4835782833814162,,0.0,1.4835782833814162,77.534465537
1855,1.4850125305912185,,0.0,1.4850125305912185,78.107536916
1860,1.486384793765375,,0.0,1.486384793765375,79.171598922
1865,1.4876023533446852,,0.0,1.4876023533446852,80.586014893
1870,1.4886783444305782,,0.0,1.4886783444305782,81.685392715
1875,1.48961076821412,,0.0,1.48961076821412,82.651558015
1880,1.490331069865345,,0.0,1.490331069865345,82.993170936
1885,1.4907566307839224,,0.0,1.4907566307839224,82.663038001
1890,1.4908216453442615,,0.0,1.4908216453442615,82.506320017
1895,1.4904693349970233,,0.0,1.4904693349970233,82.295612661
1900,1.4896979901130951,,0.0,1.4896979901130951,82.090781671
1905,1.4885200051292797,,0.0,1.4885200051292797,82.185873286
1910,1.4869234807574865,,0.0,1.4869234807574865,82.576110419
1915,1.4848776688740042,,0.0,1.4848776688740042,82.900216443
1920,1.4823399042272065,,0.0,1.4823399042272065,83.327357105
1925,1.4792812735755332,,0.0,1.4792812735755332,83.857230156
1930,1.4757120228420262,,0.0,1.4757120228420262,84.13444521
1935,1.4717110892605922,,0.0,1.4717110892605922,83.955021728
1940,1.467354228089063,,0.0,1.467354228089063,83.712577004
1945,1.462779665411108,,0.0,1.462779665411108,83.155444231
1950,1.4582015793053202,,0.0,1.4582015793053202,82.262604688
1955,1.4537077859988337,,0.0,1.4537077859988337,81.290463858
1960,1.4494556231429074,,0.0,1.4494556231429074,80.175906167
1965,1.4457622768394987,,0.0,1.4457622768394987,79.122990664
1970,1.4429708488424928,,0.0,1.4429708488424928,78.268269686
1975,1.4412261240534925,,0.0,1.4412261240534925,78.426812357
1980,1.4405236346567214,,0.0,1.4405236346567214,78.951206379
1985,1.4407883011868832,,0.0,1.4407883011868832,79.178628088
1990,1.4418735681085466,,0.0,1.4418735681085466,78.911243507
1995,1.4435113654770853,,0.0,1.4435113654770853,78.119177124
2000,1.4454875729750185,,0.0,1.4454875729750185,77.023312465
2005,1.4476413922745273,,0.0,1.4476413922745273,76.19470909
2010,1.449873592904023,,0.0,1.449873592904023,76.174563705
2015,1.4521039440551475,,0.0,1.4521039440551475,76.653377289
2020,1.4542663095041541,,0.0,1.4542663095041541,77.306795959
2025,1.4562900316920426,,0.0,1.4562900316920426,77.870454196
2030,1.4581682412881203,,0.0,1.4581682412881203,78.266144908
2035,1.4599081122724011,,0.0,1.4599081122724011,78.540467543
2040,1.461491378909562,,0.0,1.461491378909562,78.799378365
2045,1.4629162048204052,,0.0,1.4629162048204052,78.994699045
2050,1.4642337757067259,,0.0,1.4642337757067259,78.849741432
2055,1.465507327386023,,0.0,1.465507327386023,78.542696765
2060,1.4667537677708482,,0.0,1.4667537677708482,77.930083197
2065,1.46798293072171,,0.0,1.46798293072171,77.06900389
2070,1.4692036012920575,,0.0,1.4692036012920575,75.856584135
2075,1.4704161173157815,,0.0,1.4704161173157815,75.131141579
2080,1.4715831656135367,,0.0,1.4715831656135367,74.922848273
2085,1.4726540762166531,,0.0,1.4726540762166531,75.662711046
2090,1.4735657445488624,,0.0,1.4735657445488624,76.743687887
2095,1.4742220326660178,,0.0,1.4742220326660178,78.019555508
2100,1.4745319618265367,,0.0,1.4745319618265367,79.176466451
2105,1.474443311119752,,0.0,1.474443311119752,79.918464952
2110,1.4738557159352634,,0.0,1.4738557159352634,80.416033178
2115,1.4727031929977543,,0.0,1.4727031929977543,81.152436098
2120,1.4709555020571359,,0.0,1.4709555020571359,81.900683556
2125,1.4686394541249503,,0.0,1.4686394541249503,82.701208502
2130,1.4658012321419718,,0.0,1.4658012321419718,83.38711297
2135,1.4624653188354373,,0.0,1.4624653188354373,83.834734412
2140,1.4586919091435682,,0.0,1.4586919091435682,83.714589861
2145,1.4546127434379577,,0.0,1.4546127434379577,82.989594224
2150,1.450408442587183,,0.0,1.450408442587183,81.644678407
2155,1.4461802860228847,,0.0,1.4461802860228847,80.430664395
2160,1.442132664995413,,0.0,1.442132664995413,79.588358623
2165,1.4386143584399158,,0.0,1.4386143584399158,79.181029343
2170,1.4358668180344405,,0.0,1.4358668180344405,78.925330813
2175,1.433995659785173,,0.0,1.433995659785173,79.225794166
2180,1.43298820756073,,0.0,1.43298820756073,79.603864656
2185,1.4327719789002837,,0.0,1.4327719789002837,80.155177584
2190,1.4331852503001905,,0.0,1.4331852503001905,80.477576189
2195,1.4340146689297106,,0.0,1.4340146689297106,80.473861574
2200,1.4351355868081346,,0.0,1.4351355868081346,80.062292133
2205,1.4364466318115838,,0.0,1.4364466318115838,79.338021074
2210,1.437861093532572,,0.0,1.437861093532572,78.325143078
2215,1.4393426699230996,,0.0,1.4393426699230996,77.202655022
2220,1.440818962731303,,0.0,1.440818962731303,76.20012945
2225,1.4422138108745188,,0.0,1.4422138108745188,75.881179172
2230,1.4435042922983212,,0.0,1.4435042922983212,75.797388561
2235,1.4446909740097382,,0.0,1.4446909740097382,76.120493414
2240,1.4457763343721637,,0.0,1.4457763343721637,76.275687027
2245,1.4467649958963609,,0.0,1.4467649958963609,76.490316079
2250,1.4476917902794306,,0.0,1.4476917902794306,76.715731201
2255,1.4485800435293206,,0.0,1.4485800435293206,76.840050833
2260,1.4494343659309001,,0.0,1.4494343659309001,76.832511659
2265,1.4502691365079483,,0.0,1.4502691365079483,76.880032364
2270,1.451083290235382,,0.0,1.451083290235382,76.911711813
2275,1.4518736901733276,,0.0,1.4518736901733276,76.701582766
2280,1.4526443662509458,,0.0,1.4526443662509458,76.422980367
2285,1.4533899158705763,,0.0,1.4533899158705763,75.685781364
2290,1.454123418867616,,0.0,1.454123418867616,74.553144746
2295,1.454852280266527,,0.0,1.454852280266527,73.179098925
2300,1.4556131196142938,,0.0,1.4556131196142938,72.073647985
2305,1.4564112488124035,,0.0,1.4564112488124035,71.44194003
2310,1.457243363251577,,0.0,1.457243363251577,71.280198439
2315,1.4581238202483935,,0.0,1.4581238202483935,71.444935264
2320,1.4590402470732498,,0.0,1.4590402470732498,71.538148783
2325,1.4599477861720973,,0.0,1.4599477861720973,71.427068359
2330,1.4607716392752046,,0.0,1.4607716392752046,71.193509558
2335,1.4614070671476493,,0.0,1.4614070671476493,70.833178002
2340,1.4617641502094934,,0.0,1.4617641502094934,70.156451205
2345,1.4617528477446418,,0.0,1.4617528477446418,70.249183919
2350,1.4612679321061786,,0.0,1.4612679321061786,70.644818903
2355,1.4602289501740793,,0.0,1.4602289501740793,71.051017075
2360,1.4585960089805865,,0.0,1.4585960089805865,71.565634461
2365,1.4563564780542881,,0.0,1.4563564780542881,72.132169899
2370,1.453526775523447,,0.0,1.453526775523447,72.349200607
2375,1.4501739100166833,,0.0,1.4501739100166833,72.330598642
2380,1.4464196367184539,,0.0,1.4464196367184539,72.11748714
2385,1.4423991545560928,,0.0,1.4423991545560928,71.581845706
2390,1.4382581591355612,,0.0,1.4382581591355612,71.065875221
2395,1.4341509665657137,,0.0,1.4341509665657137,70.905945758
2400,1.4302931035161175,,0.0,1.4302931035161175,70.96145953
2405,1.4269209539069527,,0.0,1.4269209539069527,71.105507254
2410,1.4242122320876012,,0.0,1.4242122320876012,71.41671482
2415,1.4222499523781507,,0.0,1.4222499523781507,71.777190553
2420,1.4210165492876017,,0.0,1.4210165492876017,72.116777582
2425,1.4204239320052185,,0.0,1.4204239320052185,72.369407946
2430,1.4203508645727834,,0.0,1.4203508645727834,72.728482619
2435,1.4206630173489836,,0.0,1.4206630173489836,72.593394763
2440,1.4212424828128987,,0.0,1.4212424828128987,72.348995688
2445,1.4220013434371286,,0.0,1.4220013434371286,71.823210367
2450,1.422883611862339,,0.0,1.422883611862339,70.780563102
2455,1.4238675714074611,,0.0,1.4238675714074611,69.657502286
2460,1.4249393534174186,,0.0,1.4249393534174186,69.02245642
2465,1.4260804962930749,,0.0,1.4260804962930749,68.903020454
2470,1.4272697528027443,,0.0,1.4272697528027443,68.896797917
2475,1.428473730037458,,0.0,1.428473730037458,69.191018278
2480,1.4296481828606589,,0.0,1.4296481828606589,69.623520239
2485,1.430757501858676,,0.0,1.430757501858676,70.033794707
2490,1.4317868220908159,,0.0,1.4317868220908159,70.135252003
2495,1.4327288103909337,,0.0,1.4327288103909337,69.88373389
2500,1.4335818236238105,,0.0,1.4335818236238105,69.583024737
2505,1.4343642650037003,,0.0,1.4343642650037003,69.431222464
2510,1.435092761372344,,0.0,1.435092761372344,68.915446013
2515,1.4357668261890575,,0.0,1.4357668261890575,68.22605405
2520,1.43641759593682,,0.0,1.43641759593682,67.602190589
2525,1.4370656580232972,,0.0,1.4370656580232972,67.019660845
2530,1.4377098962742576,,0.0,1.4377098962742576,66.282374703
2535,1.4383597962369816,,0.0,1.4383597962369816,65.367382477
2540,1.4390148819748765,,0.0,1.4390148819748765,64.420716153
2545,1.4396699818099759,,0.0,1.4396699818099759,63.483659382
2550,1.440334728998322,,0.0,1.440334728998322,62.950573904
2555,1.4410323380177668,,0.0,1.4410323380177668,62.534829955
2560,1.4417672305250995,,0.0,1.4417672305250995,62.27127641
2565,1.442537436155302,,0.0,1.442537436155302,62.1649793
2570,1.443346606458588,,0.0,1.443346606458588,62.344441227
2575,1.4441744334763,,0.0,1.4441744334763,62.486637341
2580,1.4449782769076165,,0.0,1.4449782769076165,62.513336863
2585,1.4456925488227144,,0.0,1.4456925488227144,62.437494211
2590,1.4462329896068618,,0.0,1.4462329896068618,62.293675334
2595,1.4465031163710422,,0.0,1.4465031163710422,62.013922298
2600,1.4463939735686646,,0.0,1.4463939735686646,61.645289762
2605,1.4458394881015164,,0.0,1.4458394881015164,61.219898945
2610,1.444819510573302,,0.0,1.444819510573302,60.701387526
2615,1.4433254330812832,,0.0,1.4433254330812832,60.240749074
2620,1.4413682384705082,,0.0,1.4413682384705082,59.736509299
2625,1.4389741882110538,,0.0,1.4389741882110538,59.5395701
2630,1.4361889919269362,,0.0,1.4361889919269362,59.392520487
2635,1.433090718938334,,0.0,1.433090718938334,59.167013808
2640,1.429795635876522,,0.0,1.429795635876522,58.818785729
2645,1.4264434959391483,,0.0,1.4264434959391483,58.605059047
2650,1.4231324590835424,,0.0,1.4231324590835424,58.74810983
2655,1.4199532063881914,,0.0,1.4199532063881914,58.977184889
2660,1.4170460439605672,,0.0,1.4170460439605672,59.478865729
2665,1.414624256266206,,0.0,1.414624256266206,60.072549
2670,1.4129387015611397,,0.0,1.4129387015611397,60.653278922
2675,1.4121109477740381,,0.0,1.4121109477740381,61.137180148
2680,1.4121038303075961,,0.0,1.4121038303075961,61.499445819
2685,1.412746155705143,,0.0,1.412746155705143,61.751841432
2690,1.4137826036335548,,0.0,1.4137826036335548,62.003488212
2695,1.4149678236021006,,0.0,1.4149678236021006,62.196888989
2700,1.4161390346920495,,0.0,1.4161390346920495,62.210803221
2705,1.4171543849688477,,0.0,1.4171543849688477,62.008130427
2710,1.4179035542016614,,0.0,1.4179035542016614,61.698691439
2715,1.418365178763303,,0.0,1.418365178763303,61.449814937
2720,1.4185618890332956,,0.0,1.4185618890332956,61.119781989
2725,1.4185362510838186,,0.0,1.4185362510838186,60.833294982
2730,1.4183444910534044,,0.0,1.4183444910534044,60.602666119
2735,1.4180518888541953,,0.0,1.4180518888541953,60.466675636
2740,1.4177295162285433,,0.0,1.4177295162285433,60.266225987
2745,1.4174310469724511,,0.0,1.4174310469724511,59.940709933
2750,1.4171926406648259,,0.0,1.4171926406648259,59.721287405
2755,1.417016943213712,,0.0,1.417016943213712,59.636209396
2760,1.4169068833445215,,0.0,1.4169068833445215,59.625348365
2765,1.416862661661721,,0.0,1.416862661661721,59.832910417
2770,1.4168861563371062,,0.0,1.4168861563371062,59.998361481
2775,1.4169836464900936,,0.0,1.4169836464900936,59.975728172
2780,1.4171545830782342,,0.0,1.4171545830782342,59.664150894
2785,1.4174116893899311,,0.0,1.4174116893899311,59.178021774
2790,1.4177891654926742,,0.0,1.4177891654926742,58.453208797
2795,1.4183027088107427,,0.0,1.4183027088107427,57.69325959
2800,1.4189472563269228,,0.0,1.4189472563269228,56.869272924
2805,1.4197110639471262,,0.0,1.4197110639471262,56.252847473
2810,1.4205803878950525,,0.0,1.4205803878950525,55.957706691
2815,1.4215275633426356,,0.0,1.4215275633426356,56.082532614
2820,1.4225105812444025,,0.0,1.4225105812444025,56.33322435
2825,1.423493913900566,,0.0,1.423493913900566,56.579188373
2830,1.4244681892900053,,0.0,1.4244681892900053,56.614886173
2835,1.4254330029601823,,0.0,1.4254330029601823,56.586443532
2840,1.4263823732052678,,0.0,1.4263823732052678,56.525639235
2845,1.427307406435814,,0.0,1.427307406435814,56.611931373
2850,1.4281954428632144,,0.0,1.4281954428632144,56.574618375
2855,1.429035459346872,,0.0,1.429035459346872,56.332863189
2860,1.429810472373298,,0.0,1.429810472373298,55.938341248
2865,1.4305019346373435,,0.0,1.4305019346373435,55.379183501
2870,1.4310880292804598,,0.0,1.4310880292804598,54.85557277
2875,1.4315563179524284,,0.0,1.4315563179524284,54.323663081
2880,1.431902455969693,,0.0,1.431902455969693,53.704788085
2885,1.4321372203331648,,0.0,1.4321372203331648,52.916317751
2890,1.4322676610173606,,0.0,1.4322676610173606,52.047327338
2895,1.4323129603254,,0.0,1.4323129603254,51.286061726
2900,1.432300772980273,,0.0,1.432300772980273,50.793847458
2905,1.4322508394345923,,0.0,1.4322508394345923,50.63604677
2910,1.4321625672315088,,0.0,1.4321625672315088,50.647996775
2915,1.4320300304302418,,0.0,1.4320300304302418,50.805404632
2920,1.4318402809356399,,0.0,1.4318402809356399,50.909902625
2925,1.4315724919370705,,0.0,1.4315724919370705,50.930010082
2930,1.4311954597091363,,0.0,1.4311954597091363,50.907986131
2935,1.4306965188492995,,0.0,1.4306965188492995,50.732649512
2940,1.4300721335790791,,0.0,1.4300721335790791,50.501118275
2945,1.4293237559105325,,0.0,1.4293237559105325,50.400788252
2950,1.4284533398659007,,0.0,1.4284533398659007,50.404626293
2955,1.4274796051603915,,0.0,1.4274796051603915,50.509907033
2960,1.4264448973010733,,0.0,1.4264448973010733,50.754065719
2965,1.4254107503358364,,0.0,1.4254107503358364,51.007578538
2970,1.4244083159676513,,0.0,1.4244083159676513,51.378442068
2975,1.4234831925399472,,0.0,1.4234831925399472,51.817177032
2980,1.4226824859237508,,0.0,1.4226824859237508,52.241253583
2985,1.4220209409216322,,0.0,1.4220209409216322,52.597648671
2990,1.4214840638608663,,0.0,1.4214840638608663,52.846464069
2995,1.4210376660265804,,0.0,1.4210376660265804,52.90680901
3000,1.4206173548819874,,0.0,1.4206173548819874,52.753332265
3005,1.4201516002137058,,0.0,1.4201516002137058,52.450040731
3010,1.4195685227466026,,0.0,1.4195685227466026,52.010251623
3015,1.4188098955371473,,0.0,1.4188098955371473,51.476966717
3020,1.4178374510377292,,0.0,1.4178374510377292,50.795041308
3025,1.4166530071639523,,0.0,1.4166530071639523,50.181158064
3030,1.4152897705670309,,0.0,1.4152897705670309,49.587903681
3035,1.4137919561930483,,0.0,1.4137919561930483,48.969279415
3040,1.4121871739783012,,0.0,1.4121871739783012,48.437336964
3045,1.4105127714094903,,0.0,1.4105127714094903,47.949989928
3050,1.4088172286479446,,0.0,1.4088172286479446,47.717436704
3055,1.4071579581181872,,0.0,1.4071579581181872,47.339258783
3060,1.4055947849875197,,0.0,1.4055947849875197,46.915272388
3065,1.4041549413123073,,0.0,1.4041549413123073,46.380273925
3070,1.402882463515628,,0.0,1.402882463515628,45.851380954
3075,1.4018398736972235,,0.0,1.4018398736972235,45.440054423
3080,1.4010791890444434,,0.0,1.4010791890444434,45.172882714
3085,1.400634460793229,,0.0,1.400634460793229,44.928833813
3090,1.4005181427632976,,0.0,1.4005181427632976,44.784842534
3095,1.4007190239344953,,0.0,1.4007190239344953,44.561866614
3100,1.4012102258033547,,0.0,1.4012102258033547,44.240353656
3105,1.4019496551154378,,0.0,1.4019496551154378,43.840106036
3110,1.402867274713495,,0.0,1.402867274713495,43.391679581
3115,1.403869963205622,,0.0,1.403869963205622,42.992454922
3120,1.404868781453736,,0.0,1.404868781453736,42.514850274
3125,1.4058314160454173,,0.0,1.4058314160454173,42.178737786
3130,1.4067217550577948,,0.0,1.4067217550577948,41.905716701
3135,1.407518185605146,,0.0,1.407518185605146,41.932929813
3140,1.408223703281038,,0.0,1.408223703281038,42.135351339
3145,1.408840552160812,,0.0,1.408840552160812,42.373238784
3150,1.4093780200566242,,0.0,1.4093780200566242,42.622205146
3155,1.4098604184084391,,0.0,1.4098604184084391,42.794307191
3160,1.4103094692617488,,0.0,1.4103094692617488,42.834145315
3165,1.4107322672530094,,0.0,1.4107322672530094,42.646513088
3170,1.411130015759513,,0.0,1.411130015759513,42.401865828
3175,1.4115021542614408,,0.0,1.4115021542614408,42.295878875
3180,1.4118416838086714,,0.0,1.4118416838086714,42.269859073
3185,1.4121414578670755,,0.0,1.4121414578670755,42.359928405
3190,1.4123924614615426,,0.0,1.4123924614615426,42.496782262
3195,1.412582690884866,,0.0,1.412582690884866,42.615248496
3200,1.4126963973141087,,0.0,1.4126963973141087,42.62712612
3205,1.4127270621021328,,0.0,1.4127270621021328,42.648699144
3210,1.41267576761483,,0.0,1.41267576761483,42.547412869
3215,1.412555909065765,,0.0,1.412555909065765,42.350205426
3220,1.4123901412862487,,0.0,1.4123901412862487,42.14812817
3225,1.4122114700735213,,0.0,1.4122114700735213,42.012755882
3230,1.4120572353042882,,0.0,1.4120572353042882,42.086133759
3235,1.4119658267851012,,0.0,1.4119658267851012,42.356372652
3240,1.4119646673212243,,0.0,1.4119646673212243,42.511367029
3245,1.4120623443557359,,0.0,1.4120623443557359,42.609795507
3250,1.4122575482209176,,0.0,1.4122575482209176,42.6004587
3255,1.412545093141598,,0.0,1.412545093141598,42.37724391
3260,1.4129112504367127,,0.0,1.4129112504367127,41.948300488
3265,1.4133311511405746,,0.0,1.4133311511405746,41.440753841
3270,1.4137741334592564,,0.0,1.4137741334592564,41.031335361
3275,1.4142069452063248,,0.0,1.4142069452063248,40.821017211
3280,1.414596650571546,,0.0,1.414596650571546,40.629551053
3285,1.4149096327124824,,0.0,1.4149096327124824,40.376273903
3290,1.4151180031171062,,0.0,1.4151180031171062,40.055210699
3295,1.4152113846211454,,0.0,1.4152113846211454,39.821939837
3300,1.4152037908438488,,0.0,1.4152037908438488,39.793332152
3305,1.415128054049613,,0.0,1.415128054049613,39.864990918
3310,1.4150227634019152,,0.0,1.4150227634019152,39.978807006
3315,1.4149311087430434,,0.0,1.4149311087430434,40.085419899
3320,1.4148917990003362,,0.0,1.4148917990003362,40.103194935
3325,1.4149369080584926,,0.0,1.4149369080584926,40.115284115
3330,1.4150818250746044,,0.0,1.4150818250746044,40.171506251
3335,1.415332410119329,,0.0,1.415332410119329,40.157707064
3340,1.4156855306191836,,0.0,1.4156855306191836,40.101310257
3345,1.4161276653590424,,0.0,1.4161276653590424,40.073558138
3350,1.4166384262881666,,0.0,1.4166384262881666,40.243445027
3355,1.4171865635221703,,0.0,1.4171865635221703,40.294669961
3360,1.417733257601652,,0.0,1.417733257601652,40.326740849
3365,1.4182462148253268,,0.0,1.4182462148253268,40.295706648
3370,1.4187011192620853,,0.0,1.4187011192620853,40.204643469
3375,1.419086582741063,,0.0,1.419086582741063,40.127332595
3380,1.4193999569838893,,0.0,1.4193999569838893,40.013853709
3385,1.4196430347058544,,0.0,1.4196430347058544,39.799537283
3390,1.4198196162887196,,0.0,1.4198196162887196,39.559504695
3395,1.419929698863142,,0.0,1.419929698863142,39.29020422
3400,1.4199660611673337,,0.0,1.4199660611673337,39.142663146
3405,1.4199087656373288,,0.0,1.4199087656373288,39.184238068
3410,1.4197285105475428,,0.0,1.4197285105475428,39.187553363
3415,1.4193972069062364,,0.0,1.4193972069062364,39.172892431
3420,1.4189038537790282,,0.0,1.4189038537790282,39.147394363
3425,1.4182470908480667,,0.0,1.4182470908480667,38.955650764
3430,1.4174237855398684,,0.0,1.4174237855398684,38.664808588
3435,1.4164380244219197,,0.0,1.4164380244219197,38.19013602
3440,1.4153078368206728,,0.0,1.4153078368206728,37.778089053
3445,1.4140683913938403,,0.0,1.4140683913938403,37.38523767
3450,1.4127677133248344,,0.0,1.4127677133248344,37.071127775
3455,1.4114789296785124,,0.0,1.4114789296785124,36.752501707
3460,1.4102445703483877,,0.0,1.4102445703483877,36.326637804
3465,1.4090927505245445,,0.0,1.4090927505245445,35.811310827
3470,1.4080535440352064,,0.0,1.4080535440352064,35.312096451
3475,1.4071343179796127,,0.0,1.4071343179796127,34.953917313
3480,1.4063345199469557,,0.0,1.4063345199469557,34.645154443
3485,1.4056475811389806,,0.0,1.4056475811389806,34.485061271
3490,1.405063285324102,,0.0,1.405063285324102,34.30301028
3495,1.4045682083458233,,0.0,1.4045682083458233,34.049117114
3500,1.4041431170013834,,0.0,1.4041431170013834,33.747694332
3505,1.403774736340095,,0.0,1.403774736340095,33.382908187
3510,1.4034577727993127,,0.0,1.4034577727993127,33.108202194
3515,1.4031934218968254,,0.0,1.4031934218968254,32.904015598
3520,1.4029896851060726,,0.0,1.4029896851060726,32.762563382
3525,1.402857203196575,,0.0,1.402857203196575,32.706691622
3530,1.4027984146104389,,0.0,1.4027984146104389,32.766456477
3535,1.4028029223475023,,0.0,1.4028029223475023,32.915382831
3540,1.4028528812182495,,0.0,1.4028528812182495,32.998968728
3545,1.4029383126475063,,0.0,1.4029383126475063,33.055530807
3550,1.4030457278561923,,0.0,1.4030457278561923,32.913808068
3555,1.4031555359717673,,0.0,1.4031555359717673,32.61006509
3560,1.4032504566909254,,0.0,1.4032504566909254,32.205244291
3565,1.40332017510165,,0.0,1.40332017510165,31.851066758
3570,1.4033559338458852,,0.0,1.4033559338458852,31.644879288
3575,1.403348422031981,,0.0,1.403348422031981,31.610105105
3580,1.403296115664809,,0.0,1.403296115664809,31.624072147
3585,1.4031887996355699,,0.0,1.4031887996355699,31.725676376
3590,1.4030325598197015,,0.0,1.4030325598197015,31.881469874
3595,1.4028282764815798,,0.0,1.4028282764815798,32.10534232
3600,1.4025746398287324,,0.0,1.4025746398287324,32.213707645
3605,1.4022679222109922,,0.0,1.4022679222109922,32.279147396
3610,1.4019092338143981,,0.0,1.4019092338143981,32.281806931
3615,1.40150164258985,,0.0,1.40150164258985,32.282922085
3620,1.4010354099889115,,0.0,1.4010354099889115,32.208579152
3625,1.4005142036550646,,0.0,1.4005142036550646,32.120668359
3630,1.3999503442954853,,0.0,1.3999503442954853,32.080201283
3635,1.39935288056887,,0.0,1.39935288056887,32.040497523
3640,1.3987414931706548,,0.0,1.3987414931706548,31.93643178
3645,1.3981296968287567,,0.0,1.3981296968287567,31.842660659
3650,1.3975319008821818,,0.0,1.3975319008821818,31.826526067
3655,1.3969763827012425,,0.0,1.3969763827012425,31.744656468
3660,1.3964891798225465,,0.0,1.3964891798225465,31.591000878
3665,1.3960885168125896,,0.0,1.3960885168125896,31.413928717
3670,1.3957974595671845,,0.0,1.3957974595671845,31.281060993
3675,1.3956316669616178,,0.0,1.3956316669616178,31.12981003
3680,1.3956007058827922,,0.0,1.3956007058827922,31.02584007
3685,1.3957153800289808,,0.0,1.3957153800289808,30.971040309
3690,1.3959768094417895,,0.0,1.3959768094417895,30.949015304
3695,1.3963779964186371,,0.0,1.3963779964186371,31.006543344
3700,1.396901941851783,,0.0,1.396901941851783,31.023381807
3705,1.3975194993343998,,0.0,1.3975194993343998,30.949134409
3710,1.3981943230298266,,0.0,1.3981943230298266,30.938252212
3715,1.3988818080109084,,0.0,1.3988818080109084,30.940140605
3720,1.3995323554470047,,0.0,1.3995323554470047,30.949281244
3725,1.4001015083692296,,0.0,1.4001015083692296,30.959184646
3730,1.4005590600863271,,0.0,1.4005590600863271,30.992047248
3735,1.4008953551360392,,0.0,1.4008953551360392,31.010880455
3740,1.401121179626321,,0.0,1.401121179626321,31.060702846
3745,1.4012600525595926,,0.0,1.4012600525595926,31.045698707
3750,1.4013419936208324,,0.0,1.4013419936208324,30.985947118
3755,1.4014016840537908,,0.0,1.4014016840537908,30.903557595
3760,1.4014776266921625,,0.0,1.4014776266921625,30.774903072
3765,1.4016055107921932,,0.0,1.4016055107921932,30.66319859
3770,1.401809951819398,,0.0,1.401809951819398,30.586843651
3775,1.4021026268749557,,0.0,1.4021026268749557,30.501844089
3780,1.4024785073737622,,0.0,1.4024785073737622,30.396240085
3785,1.4029166276539589,,0.0,1.4029166276539589,30.217212869
3790,1.4033890112519336,,0.0,1.4033890112519336,30.035826599
3795,1.4038696128963293,,0.0,1.4038696128963293,29.921566675
3800,1.4043375018564128,,0.0,1.4043375018564128,29.774086808
3805,1.4047787967521979,,0.0,1.4047787967521979,29.617919375
3810,1.4051870083784954,,0.0,1.4051870083784954,29.556345939
3815,1.405563493560045,,0.0,1.405563493560045,29.504029428
3820,1.4059133131932413,,0.0,1.4059133131932413,29.541106696
3825,1.406241276670373,,0.0,1.406241276670373,29.551348575
3830,1.4065517326671249,,0.0,1.4065517326671249,29.595455401
3835,1.406847409678705,,0.0,1.406847409678705,29.695771775
3840,1.4071291410619773,,0.0,1.4071291410619773,29.754162571
3845,1.4073952569843624,,0.0,1.4073952569843624,29.701209298
3850,1.407643471328414,,0.0,1.407643471328414,29.559076031
3855,1.407869743935142,,0.0,1.407869743935142,29.300109719
3860,1.4080703595050277,,0.0,1.4080703595050277,28.984126712
3865,1.4082440037544535,,0.0,1.4082440037544535,28.590141712
3870,1.4083927761688495,,0.0,1.4083927761688495,28.192480663
3875,1.4085206188505448,,0.0,1.4085206188505448,27.823018041
3880,1.4086312574536417,,0.0,1.4086312574536417,27.498788997
3885,1.4087276113470002,,0.0,1.4087276113470002,27.309659649
3890,1.4088112009078815,,0.0,1.4088112009078815,27.197412729
3895,1.4088789470822782,,0.0,1.4088789470822782,27.123149636
3900,1.408922770924504,,0.0,1.408922770924504,27.098435059
3905,1.408931302353027,,0.0,1.408931302353027,26.989811328
3910,1.4088896026975277,,0.0,1.4088896026975277,26.823665763
3915,1.4087811919517492,,0.0,1.4087811919517492,26.656357194
3920,1.4085971376029887,,0.0,1.4085971376029887,26.450620042
3925,1.4083357312696738,,0.0,1.4083357312696738,26.217256008
3930,1.4080024505266326,,0.0,1.4080024505266326,25.984833273
3935,1.4076095428504303,,0.0,1.4076095428504303,25.781984674
3940,1.4071743458064683,,0.0,1.4071743458064683,25.605816932
3945,1.4067210813860782,,0.0,1.4067210813860782,25.412646165
3950,1.4062761995626631,,0.0,1.4062761995626631,25.284995245
3955,1.4058660312942903,,0.0,1.4058660312942903,25.104350773
3960,1.405512295632355,,0.0,1.405512295632355,24.915824093
3965,1.405230802529264,,0.0,1.405230802529264,24.742909092
3970,1.4050312617152745,,0.0,1.4050312617152745,24.631186995
3975,1.4049143276499843,,0.0,1.4049143276499843,24.619223594
3980,1.404872540916178,,0.0,1.404872540916178,24.626085158
3985,1.4048915803759425,,0.0,1.4048915803759425,24.626976314
3990,1.4049528382184286,,0.0,1.4049528382184286,24.559735271
3995,1.4050382083934607,,0.0,1.4050382083934607,24.460490016
4000,1.4051311876905341,,0.0,1.4051311876905341,24.340099056
4005,1.4052172700862757,,0.0,1.4052172700862757,24.100001791
4010,1.4052839543544404,,0.0,1.4052839543544404,23.781932548
4015,1.4053218810740638,,0.0,1.4053218810740638,23.404730482
4020,1.4053273359436593,,0.0,1.4053273359436593,23.128077248
4025,1.40530409239812,,0.0,1.40530409239812,22.966001596
4030,1.4052619675809148,,0.0,1.4052619675809148,22.8597201
4035,1.4052192716397989,,0.0,1.4052192716397989,22.878870841
4040,1.4051970450890434,,0.0,1.4051970450890434,22.952359562
4045,1.4052172326600694,,0.0,1.4052172326600694,23.014125422
4050,1.4052955418822315,,0.0,1.4052955418822315,23.093257026
4055,1.4054385776076967,,0.0,1.4054385776076967,23.139590125
4060,1.4056425283515968,,0.0,1.4056425283515968,23.127484123
4065,1.4058919670316168,,0.0,1.4058919670316168,23.07556705
4070,1.4061623364423692,,0.0,1.4061623364423692,22.961241724
4075,1.4064250978538668,,0.0,1.4064250978538668,22.759559354
4080,1.4066507813721045,,0.0,1.4066507813721045,22.484984481
4085,1.406811687736906,,0.0,1.406811687736906,22.238388913
4090,1.406888860574685,,0.0,1.406888860574685,22.05426811
4095,1.4068746867712718,,0.0,1.4068746867712718,21.833216207
4100,1.406773018231838,,0.0,1.406773018231838,21.586128462
4105,1.4065983904217056,,0.0,1.4065983904217056,21.333481519
4110,1.4063761988932875,,0.0,1.4063761988932875,21.10833877
4115,1.4061358424307961,,0.0,1.4061358424307961,20.912095852
4120,1.4059055783191463,,0.0,1.4059055783191463,20.743333253
4125,1.4057089860664582,,0.0,1.4057089860664582,20.617933184
4130,1.4055623147592944,,0.0,1.4055623147592944,20.524490528
4135,1.4054719806217417,,0.0,1.4054719806217417,20.413312753
4140,1.4054352149877978,,0.0,1.4054352149877978,20.312073512
4145,1.405443361175902,,0.0,1.405443361175902,20.215389336
4150,1.4054839757209212,,0.0,1.4054839757209212,20.069957188
4155,1.4055417745086496,,0.0,1.4055417745086496,19.937998926
4160,1.4056002767843059,,0.0,1.4056002767843059,19.814311462
4165,1.405644411139291,,0.0,1.405644411139291,19.666840185
4170,1.4056617981072854,,0.0,1.4056617981072854,19.5280457
4175,1.4056426420025105,,0.0,1.4056426420025105,19.416998819
4180,1.4055830103286964,,0.0,1.4055830103286964,19.366384731
4185,1.4054877477835193,,0.0,1.4054877477835193,19.334939045
4190,1.4053655382449164,,0.0,1.4053655382449164,19.37280087
4195,1.4052312459050567,,0.0,1.4052312459050567,19.417682281
4200,1.4051029154351367,,0.0,1.4051029154351367,19.429059566
4205,1.4049984912041191,,0.0,1.4049984912041191,19.444252968
4210,1.4049338213391418,,0.0,1.4049338213391418,19.450668182
4215,1.4049188642052266,,0.0,1.4049188642052266,19.41953494
4220,1.4049562030839,,0.0,1.4049562030839,19.469001202
4225,1.4050418513356462,,0.0,1.4050418513356462,19.533096495
4230,1.4051657915867912,,0.0,1.4051657915867912,19.576030654
4235,1.405313652049289,,0.0,1.405313652049289,19.635461247
4240,1.4054686261108542,,0.0,1.4054686261108542,19.674302612
4245,1.4056127686539994,,0.0,1.4056127686539994,19.715864206
4250,1.4057244228795862,,0.0,1.4057244228795862,19.776635534
4255,1.4057843910149967,,0.0,1.4057843910149967,19.823094705
4260,1.4057778020065905,,0.0,1.4057778020065905,19.893139197
4265,1.4056946817703382,,0.0,1.4056946817703382,19.956090364
4270,1.4055328069400668,,0.0,1.4055328069400668,20.010674791
4275,1.4052932697372353,,0.0,1.4052932697372353,20.0753268
4280,1.4049755496880658,,0.0,1.4049755496880658,20.132211581
4285,1.4045838765776617,,0.0,1.4045838765776617,20.123023203
4290,1.4041267745988122,,0.0,1.4041267745988122,20.073768726
4295,1.403619844241922,,0.0,1.403619844241922,20.001624057
4300,1.4030892621443338,,0.0,1.4030892621443338,19.886613783
4305,1.4025701708901694,,0.0,1.4025701708901694,19.742466647
4310,1.4020787439650553,,0.0,1.4020787439650553,19.65652567
4315,1.4016198497699313,,0.0,1.4016198497699313,19.585448387
4320,1.4012214594039862,,0.0,1.4012214594039862,19.596098061
4325,1.4009043228293756,,0.0,1.4009043228293756,19.684976988
4330,1.4006729290700601,,0.0,1.4006729290700601,19.747344703
4335,1.4005176260321401,,0.0,1.4005176260321401,19.799911428
4340,1.4004147023424949,,0.0,1.4004147023424949,19.787014023
4345,1.400336107932639,,0.0,1.400336107932639,19.750041492
4350,1.4002467784392225,,0.0,1.4002467784392225,19.742798792
4355,1.4001215520988686,,0.0,1.4001215520988686,19.707797521
4360,1.3999552352769031,,0.0,1.3999552352769031,19.606182429
4365,1.3997538165406263,,0.0,1.3997538165406263,19.502186394
4370,1.3995313515513925,,0.0,1.3995313515513925,19.386771809
4375,1.399303221482037,,0.0,1.399303221482037,19.323064723
4380,1.3990837886392988,,0.0,1.3990837886392988,19.283375396
4385,1.3988917364349656,,0.0,1.3988917364349656,19.282892542
4390,1.398745681911685,,0.0,1.398745681911685,19.259163686
4395,1.398656517218331,,0.0,1.398656517218331,19.218770641
4400,1.3986311180480515,,0.0,1.3986311180480515,19.113662914
4405,1.3986780075956047,,0.0,1.3986780075956047,18.987522817
4410,1.398802659817951,,0.0,1.398802659817951,18.848124343
4415,1.3990025414599274,,0.0,1.3990025414599274,18.726148374
4420,1.3992739094018691,,0.0,1.3992739094018691,18.651939401
4425,1.3996110857139896,,0.0,1.3996110857139896,18.595377924
4430,1.4000006157998106,,0.0,1.4000006157998106,18.627455542
4435,1.4004268515128908,,0.0,1.4004268515128908,18.7536236
4440,1.4008676828227316,,0.0,1.4008676828227316,18.852338084
4445,1.4013029870303981,,0.0,1.4013029870303981,18.849579598
4450,1.4017177206721925,,0.0,1.4017177206721925,18.821851068
4455,1.4021019122839198,,0.0,1.4021019122839198,18.768679484
4460,1.402447814640837,,0.0,1.402447814640837,18.674305323
4465,1.4027562771930777,,0.0,1.4027562771930777,18.540976388
4470,1.4030310378206379,,0.0,1.4030310378206379,18.442201516
4475,1.4032795555664699,,0.0,1.4032795555664699,18.349190531
4480,1.4035104990885214,,0.0,1.4035104990885214,18.293259612
4485,1.4037287889349133,,0.0,1.4037287889349133,18.259798361
4490,1.4039351619028972,,0.0,1.4039351619028972,18.26392853
4495,1.4041283834266751,,0.0,1.4041283834266751,18.261265767
4500,1.4043066254855678,,0.0,1.4043066254855678,18.28365623
4505,1.4044666559523835,,0.0,1.4044666559523835,18.275535798
4510,1.404607748633962,,0.0,1.404607748633962,18.266815482
4515,1.4047282153588827,,0.0,1.4047282153588827,18.204534817
4520,1.4048246981231456,,0.0,1.4048246981231456,18.150012235
4525,1.4048898601427384,,0.0,1.4048898601427384,18.085025363
4530,1.4049227445543155,,0.0,1.4049227445543155,17.969243685
4535,1.404918191656296,,0.0,1.404918191656296,17.850917172
4540,1.404863786053202,,0.0,1.404863786053202,17.772622236
4545,1.4047594489004915,,0.0,1.4047594489004915,17.737935673
4550,1.4046170273390748,,0.0,1.4046170273390748,17.733577816
4555,1.4044539038458008,,0.0,1.4044539038458008,17.693495621
4560,1.4042778846540653,,0.0,1.4042778846540653,17.625627615
4565,1.4040965666600151,,0.0,1.4040965666600151,17.51845895
4570,1.4039326156733156,,0.0,1.4039326156733156,17.416600328
4575,1.4038021102417826,,0.0,1.4038021102417826,17.296515507
4580,1.4037165375909733,,0.0,1.4037165375909733,17.259770186
4585,1.4036774188466736,,0.0,1.4036774188466736,17.269845225
4590,1.4036884558349672,,0.0,1.4036884558349672,17.245224536
4595,1.4037440991227095,,0.0,1.4037440991227095,17.279861075
4600,1.4038358283844863,,0.0,1.4038358283844863,17.313182595
4605,1.403941916834152,,0.0,1.403941916834152,17.391334975
4610,1.4040483278977183,,0.0,1.4040483278977183,17.500811914
4615,1.4041437349080526,,0.0,1.4041437349080526,17.539512208
4620,1.4042193083992742,,0.0,1.4042193083992742,17.59586775
4625,1.4042663137185594,,0.0,1.4042663137185594,17.644298856
4630,1.404283167113603,,0.0,1.404283167113603,17.731606416
4635,1.404270983261589,,0.0,1.404270983261589,17.805591524
4640,1.4042294546438532,,0.0,1.4042294546438532,17.832796435
4645,1.404158066899565,,0.0,1.404158066899565,17.754562311
4650,1.4040551800123562,,0.0,1.4040551800123562,17.663315044
4655,1.4039215244170227,,0.0,1.4039215244170227,17.648065898
4660,1.403759815260092,,0.0,1.403759815260092,17.627221984
4665,1.403569113518043,,0.0,1.403569113518043,17.52808416
4670,1.403350567426891,,0.0,1.403350567426891,17.350533167
4675,1.4031075902566672,,0.0,1.4031075902566672,17.170866783
4680,1.4028402190593163,,0.0,1.4028402190593163,17.049119484
4685,1.402552920902091,,0.0,1.402552920902091,17.043329625
4690,1.4022498166598332,,0.0,1.4022498166598332,17.063119126
4695,1.4019361558570194,,0.0,1.4019361558570194,17.001381326
4700,1.4016146532659142,,0.0,1.4016146532659142,16.983795551
4705,1.4012926709955957,,0.0,1.4012926709955957,16.966333341
4710,1.4009760183418354,,0.0,1.4009760183418354,17.040008711
4715,1.400669928486332,,0.0,1.400669928486332,17.154487496
4720,1.4003771001080818,,0.0,1.4003771001080818,17.339690069
4725,1.4000910870420331,,0.0,1.4000910870420331,17.429026182
4730,1.3998133930731627,,0.0,1.3998133930731627,17.38498868
4735,1.3995466067226652,,0.0,1.3995466067226652,17.294654138
4740,1.3992912004340208,,0.0,1.3992912004340208,17.226593766
4745,1.3990490113349519,,0.0,1.3990490113349519,17.25647776
4750,1.3988247951735167,,0.0,1.3988247951735167,17.281242752
4755,1.3986274331885147,,0.0,1.3986274331885147,17.331554989
4760,1.3984606922028757,,0.0,1.3984606922028757,17.364056062
4765,1.3983313217834314,,0.0,1.3983313217834314,17.373650105
4770,1.3982467247090713,,0.0,1.3982467247090713,17.460791605
4775,1.3982096405781104,,0.0,1.3982096405781104,17.540769259
4780,1.3982226707614072,,0.0,1.3982226707614072,17.524713235
4785,1.3982837739089062,,0.0,1.3982837739089062,17.434677903
4790,1.3983878541930863,,0.0,1.3983878541930863,17.355009073
4795,1.3985306777119608,,0.0,1.3985306777119608,17.360096846
4800,1.3987071530043995,,0.0,1.3987071530043995,17.459789071
4805,1.3989124416104273,,0.0,1.3989124416104273,17.550031624
4810,1.3991438432292462,,0.0,1.3991438432292462,17.628745221
4815,1.399397872483,,0.0,1.399397872483,17.585776529
4820,1.3996726467087484,,0.0,1.3996726467087484,17.497837889
4825,1.3999670746830637,,0.0,1.3999670746830637,17.455616346
4830,1.4002775906865004,,0.0,1.4002775906865004,17.363996195
4835,1.400598340511839,,0.0,1.400598340511839,17.143960056
4840,1.400920498810082,,0.0,1.400920498810082,16.883841406
4845,1.4012306734865154,,0.0,1.4012306734865154,16.63343092
4850,1.401514043389108,,0.0,1.401514043389108,16.477102166
4855,1.4017570315376855,,0.0,1.4017570315376855,16.352721104
4860,1.4019517371353047,,0.0,1.4019517371353047,16.301808361
4865,1.402094489419633,,0.0,1.402094489419633,16.270037647
4870,1.4021856020222807,,0.0,1.4021856020222807,16.236150322
4875,1.4022279209567434,,0.0,1.4022279209567434,16.269295981
4880,1.4022275223676441,,0.0,1.4022275223676441,16.334698777
4885,1.4021922678791643,,0.0,1.4021922678791643,16.387483179
4890,1.4021329361140182,,0.0,1.4021329361140182,16.364721057
4895,1.4020608349014805,,0.0,1.4020608349014805,16.298534261
4900,1.401987294401795,,0.0,1.401987294401795,16.216172276
4905,1.4019221971295395,,0.0,1.4019221971295395,16.164886265
4910,1.4018721056452674,,0.0,1.4018721056452674,16.12986536
4915,1.4018400857790605,,0.0,1.4018400857790605,15.976927131
4920,1.4018279115331056,,0.0,1.4018279115331056,15.772474436
4925,1.401832752113899,,0.0,1.401832752113899,15.572109588
4930,1.401852544464184,,0.0,1.401852544464184,15.46622773
4935,1.401891496038095,,0.0,1.401891496038095,15.427793858
4940,1.401953896253157,,0.0,1.401953896253157,15.416504881
4945,1.4020429690027971,,0.0,1.4020429690027971,15.503799909
4950,1.4021587116671808,,0.0,1.4021587116671808,15.575397642
4955,1.402296998755567,,0.0,1.402296998755567,15.648656314
4960,1.4024463469097728,,0.0,1.4024463469097728,15.737363142
4965,1.402592081438988,,0.0,1.402592081438988,15.814471779
4970,1.4027269455265288,,0.0,1.4027269455265288,15.978896843
4975,1.4028406932493527,,0.0,1.4028406932493527,16.089089173
4980,1.4029206503473863,,0.0,1.4029206503473863,16.104675237
4985,1.40295319280819,,0.0,1.40295319280819,16.086394088
4990,1.4029239401109366,,0.0,1.4029239401109366,16.152814222
4995,1.4028182251748114,,0.0,1.4028182251748114,16.199991522
5000,1.4026242465188763,,0.0,1.4026242465188763,16.221746094
5005,1.4023428605794899,,0.0,1.4023428605794899,16.250062976
5010,1.4019849129722763,,0.0,1.4019849129722763,16.185693985
5015,1.4015692220928742,,0.0,1.4015692220928742,16.086499188
5020,1.4011181306380325,,0.0,1.4011181306380325,15.998515912
5025,1.4006524415903665,,0.0,1.4006524415903665,15.927699108
5030,1.4001917202478413,,0.0,1.4001917202478413,15.837788998
5035,1.3997550674492012,,0.0,1.3997550674492012,15.733725894
5040,1.3993605858762619,,0.0,1.3993605858762619,15.660022232
5045,1.3990242779768858,,0.0,1.3990242779768858,15.645846986
5050,1.3987592616364473,,0.0,1.3987592616364473,15.603317695
5055,1.398577436018283,,0.0,1.398577436018283,15.540441254
5060,1.3984759010904064,,0.0,1.3984759010904064,15.417221305
5065,1.3984388361715645,,0.0,1.3984388361715645,15.253492215
5070,1.3984395001124679,,0.0,1.3984395001124679,15.070538366
5075,1.398457560627425,,0.0,1.398457560627425,14.835634802
5080,1.3984717470309942,,0.0,1.3984717470309942,14.626880658
5085,1.3984585807410597,,0.0,1.3984585807410597,14.466908519
5090,1.3983933866596832,,0.0,1.3983933866596832,14.284296603
5095,1.3982670792009781,,0.0,1.3982670792009781,14.063842524
5100,1.3980847192613393,,0.0,1.3980847192613393,13.874833118
5105,1.3978631374058246,,0.0,1.3978631374058246,13.723157307
5110,1.3976233956063977,,0.0,1.3976233956063977,13.636898367
5115,1.397387067950281,,0.0,1.397387067950281,13.550920262
5120,1.3971685270987977,,0.0,1.3971685270987977,13.466158921
5125,1.3969759904745984,,0.0,1.3969759904745984,13.363603677
5130,1.3968240736350874,,0.0,1.3968240736350874,13.244637861
5135,1.3967213085078036,,0.0,1.3967213085078036,13.193583627
5140,1.396669062022562,,0.0,1.396669062022562,13.145546821
5145,1.3966613308910876,,0.0,1.3966613308910876,13.108143344
5150,1.3966862783270546,,0.0,1.3966862783270546,13.083898969
5155,1.396733089529082,,0.0,1.396733089529082,13.0131303
5160,1.396792992418139,,0.0,1.396792992418139,12.917294395
5165,1.3968603063198508,,0.0,1.3968603063198508,12.833409453
5170,1.3969346149300472,,0.0,1.3969346149300472,12.751242668
5175,1.3970204771349408,,0.0,1.3970204771349408,12.6780795
5180,1.3971211114635353,,0.0,1.3971211114635353,12.586280673
5185,1.3972371564069135,,0.0,1.3972371564069135,12.524910867
5190,1.3973704362431334,,0.0,1.3973704362431334,12.563233075
5195,1.3975169590930114,,0.0,1.3975169590930114,12.584195062
5200,1.3976732408262313,,0.0,1.3976732408262313,12.540219718
5205,1.3978392779496802,,0.0,1.3978392779496802,12.469377952
5210,1.3980128005639352,,0.0,1.3980128005639352,12.338658771
5215,1.3981868298042714,,0.0,1.3981868298042714,12.152301271
5220,1.398349430702949,,0.0,1.398349430702949,11.954379297
5225,1.3984862368363444,,0.0,1.3984862368363444,11.797133966
5230,1.3985834354391833,,0.0,1.3985834354391833,11.683298884
5235,1.3986276416524848,,0.0,1.3986276416524848,11.607110931
5240,1.3986073245867847,,0.0,1.3986073245867847,11.52634372
5245,1.3985140849280682,,0.0,1.3985140849280682,11.483513638
5250,1.398346489377381,,0.0,1.398346489377381,11.487674168
5255,1.3981093630460175,,0.0,1.3981093630460175,11.48133624
5260,1.3978139712221311,,0.0,1.3978139712221311,11.502450775
5265,1.3974768299658906,,0.0,1.3974768299658906,11.559126816
5270,1.397116303942558,,0.0,1.397116303942558,11.587661938
5275,1.396749672332653,,0.0,1.396749672332653,11.603218581
5280,1.3963934585568316,,0.0,1.3963934585568316,11.650114439
5285,1.396062325828535,,0.0,1.396062325828535,11.698853704
5290,1.395766931759076,,0.0,1.395766931759076,11.736626138
5295,1.395515237900607,,0.0,1.395515237900607,11.73064055
5300,1.3953134518884907,,0.0,1.3953134518884907,11.695509358
5305,1.395163273496271,,0.0,1.395163273496271,11.642282735
5310,1.395062269022494,,0.0,1.395062269022494,11.569850588
5315,1.3950055759296596,,0.0,1.3950055759296596,11.493301958
5320,1.3949860041444846,,0.0,1.3949860041444846,11.433480311
5325,1.3949944711999323,,0.0,1.3949944711999323,11.346720491
5330,1.3950202916645427,,0.0,1.3950202916645427,11.229019487
5335,1.3950526997652652,,0.0,1.3950526997652652,11.127168567
5340,1.3950819407356405,,0.0,1.3950819407356405,11.067849949
5345,1.395100505007337,,0.0,1.395100505007337,11.027303295
5350,1.3951048523107286,,0.0,1.3951048523107286,10.982817289
5355,1.3950954256473462,,0.0,1.3950954256473462,10.984006094
5360,1.3950756543804905,,0.0,1.3950756543804905,10.970527698
5365,1.395051198849631,,0.0,1.395051198849631,10.947248455
5370,1.3950263597001547,,0.0,1.3950263597001547,10.935913923
5375,1.3950062346308938,,0.0,1.3950062346308938,10.940256968
5380,1.3949936357222497,,0.0,1.3949936357222497,10.920772264
5385,1.3949889013071286,,0.0,1.3949889013071286,10.901574565
5390,1.3949900208497188,,0.0,1.3949900208497188,10.866815783
5395,1.3949961750903597,,0.0,1.3949961750903597,10.822477538
5400,1.395008807932098,,0.0,1.395008807932098,10.796087384
5405,1.3950309442856954,,0.0,1.3950309442856954,10.797527313
5410,1.3950670159130172,,0.0,1.3950670159130172,10.839727787
5415,1.395121864517642,,0.0,1.395121864517642,10.858776067
5420,1.395200790773195,,0.0,1.395200790773195,10.84703139
5425,1.3953083403419622,,0.0,1.3953083403419622,10.80521021
5430,1.395445285700846,,0.0,1.395445285700846,10.703633276
5435,1.3956074963689435,,0.0,1.3956074963689435,10.601934462
5440,1.3957857785986314,,0.0,1.3957857785986314,10.592217808
5445,1.3959669007288675,,0.0,1.3959669007288675,10.605553652
5450,1.39613759541896,,0.0,1.39613759541896,10.633761271
5455,1.3962865166649039,,0.0,1.3962865166649039,10.632374121
5460,1.396404985329414,,0.0,1.396404985329414,10.61114483
5465,1.3964872654720846,,0.0,1.3964872654720846,10.613620603
5470,1.39653015403341,,0.0,1.39653015403341,10.617757332
5475,1.396530811861366,,0.0,1.396530811861366,10.604370274
5480,1.396490059712661,,0.0,1.396490059712661,10.612283017
5485,1.3964136163116465,,0.0,1.3964136163116465,10.641395736
5490,1.3963094108991827,,0.0,1.3963094108991827,10.670468914
5495,1.3961864092972966,,0.0,1.3961864092972966,10.680777226
5500,1.396053049992765,,0.0,1.396053049992765,10.692291786
5505,1.3959156576402219,,0.0,1.3959156576402219,10.678173555
5510,1.3957770177474624,,0.0,1.3957770177474624,10.654272868
5515,1.3956373155742092,,0.0,1.3956373155742092,10.633494908
5520,1.3954972605965825,,0.0,1.3954972605965825,10.613696421
5525,1.3953581246818332,,0.0,1.3953581246818332,10.568539769
5530,1.395222543258668,,0.0,1.395222543258668,10.501505904
5535,1.3950954488515943,,0.0,1.3950954488515943,10.417855421
5540,1.394983192937361,,0.0,1.394983192937361,10.350500955
5545,1.3948926871382745,,0.0,1.3948926871382745,10.260618872
5550,1.3948298484128265,,0.0,1.3948298484128265,10.129285895
5555,1.3947987915229123,,0.0,1.3947987915229123,10.022767869
5560,1.394800751533346,,0.0,1.394800751533346,9.9184358097
5565,1.3948337008170144,,0.0,1.3948337008170144,9.8215051623
5570,1.3948940361035103,,0.0,1.3948940361035103,9.7508538472
5575,1.3949762720832573,,0.0,1.3949762720832573,9.675599005
5580,1.3950756012352776,,0.0,1.3950756012352776,9.6234362798
5585,1.3951884144257252,,0.0,1.3951884144257252,9.5532540831
5590,1.3953120487800093,,0.0,1.3953120487800093,9.4490344991
5595,1.3954438232094504,,0.0,1.3954438232094504,9.3939924938
5600,1.3955797952374571,,0.0,1.3955797952374571,9.432661666
5605,1.3957150057669159,,0.0,1.3957150057669159,9.4947296562
5610,1.395842968337226,,0.0,1.395842968337226,9.5490231027
5615,1.3959562123033105,,0.0,1.3959562123033105,9.6308714964
5620,1.3960470373479386,,0.0,1.3960470373479386,9.7244107919
5625,1.3961114575801186,,0.0,1.3961114575801186,9.7428086443
5630,1.3961477335545278,,0.0,1.3961477335545278,9.7436431633
5635,1.3961554159071796,,0.0,1.3961554159071796,9.7343145014
5640,1.3961341896341697,,0.0,1.3961341896341697,9.7410040542
5645,1.3960829635120708,,0.0,1.3960829635120708,9.7926146794
5650,1.3959998153309179,,0.0,1.3959998153309179,9.8754915276
5655,1.3958826851523054,,0.0,1.3958826851523054,9.9813973063
5660,1.3957311039011127,,0.0,1.3957311039011127,10.117269228
5665,1.395549529163286,,0.0,1.395549529163286,10.246937258
5670,1.3953456497786865,,0.0,1.3953456497786865,10.329336501
5675,1.3951292546963752,,0.0,1.3951292546963752,10.352959031
5680,1.3949101973632423,,0.0,1.3949101973632423,10.308514781
5685,1.3946971141259432,,0.0,1.3946971141259432,10.209524207
5690,1.3945037329170176,,0.0,1.3945037329170176,10.087047942
5695,1.3943439822734724,,0.0,1.3943439822734724,9.9461606197
5700,1.3942244323658566,,0.0,1.3942244323658566,9.8153700854
5705,1.3941498913389179,,0.0,1.3941498913389179,9.760132548
5710,1.394125510036701,,0.0,1.394125510036701,9.7560326952
5715,1.3941546460889442,,0.0,1.3941546460889442,9.7553542364
5720,1.3942379976191523,,0.0,1.3942379976191523,9.7542057081
5725,1.3943729784764574,,0.0,1.3943729784764574,9.7508371197
5730,1.3945529885493448,,0.0,1.3945529885493448,9.7253705121
5735,1.3947691046816637,,0.0,1.3947691046816637,9.6847034219
5740,1.395008127149402,,0.0,1.395008127149402,9.621418578
5745,1.395251318896543,,0.0,1.395251318896543,9.5018874291
5750,1.3954840006163778,,0.0,1.3954840006163778,9.3724356089
5755,1.3956914134091318,,0.0,1.3956914134091318,9.2917408695
5760,1.3958608800206354,,0.0,1.3958608800206354,9.2718682431
5765,1.3959816476522562,,0.0,1.3959816476522562,9.3190503045
5770,1.3960440320235574,,0.0,1.3960440320235574,9.387977212
5775,1.3960461122968681,,0.0,1.3960461122968681,9.470932102
5780,1.395990384550653,,0.0,1.395990384550653,9.5481724863
5785,1.3958805962709675,,0.0,1.3958805962709675,9.5592562035
5790,1.3957265678448862,,0.0,1.3957265678448862,9.5864723348
5795,1.3955407594545817,,0.0,1.3955407594545817,9.6527712269
5800,1.3953385210843827,,0.0,1.3953385210843827,9.6839208111
5805,1.3951425578414716,,0.0,1.3951425578414716,9.6734423259
5810,1.394975457189988,,0.0,1.394975457189988,9.6531838755
5815,1.3948589461655851,,0.0,1.3948589461655851,9.6178732274
5820,1.3948116439317286,,0.0,1.3948116439317286,9.5503609273
5825,1.39484969902324,,0.0,1.39484969902324,9.5223789656
5830,1.3949823185364236,,0.0,1.3949823185364236,9.4809993713
5835,1.3952108339709521,,0.0,1.3952108339709521,9.4776797405
5840,1.3955280144589781,,0.0,1.3955280144589781,9.471940604
5845,1.3959172528698964,,0.0,1.3959172528698964,9.4556493525
5850,1.3963559414046618,,0.0,1.3963559414046618,9.418746099
5855,1.396818153058729,,0.0,1.396818153058729,9.3443336442
5860,1.3972770990267722,,0.0,1.3972770990267722,9.2809997393
5865,1.3977074608543638,,0.0,1.3977074608543638,9.2067349184
5870,1.3980865528959492,,0.0,1.3980865528959492,9.12541976
5875,1.3983967976841427,,0.0,1.3983967976841427,9.0327247998
5880,1.398625803152468,,0.0,1.398625803152468,8.9779571681
5885,1.3987659959832888,,0.0,1.3987659959832888,9.0033136978
5890,1.3988135641927193,,0.0,1.3988135641927193,9.0278166306
5895,1.3987678112790574,,0.0,1.3987678112790574,9.0922688427
5900,1.3986338204696682,,0.0,1.3986338204696682,9.191507601
5905,1.3984242541729925,,0.0,1.3984242541729925,9.2516934187
5910,1.3981562105514653,,0.0,1.3981562105514653,9.2962590153
5915,1.3978499687455637,,0.0,1.3978499687455637,9.3789574101
5920,1.3975258684014662,,0.0,1.3975258684014662,9.4145285775
5925,1.397204344477423,,0.0,1.397204344477423,9.354003284
5930,1.3969023050107399,,0.0,1.3969023050107399,9.2593313852
5935,1.396633792064583,,0.0,1.396633792064583,9.2122583007
5940,1.3964096291731154,,0.0,1.3964096291731154,9.2151933092
5945,1.3962383234378248,,0.0,1.3962383234378248,9.1890741028
5950,1.3961255983237162,,0.0,1.3961255983237162,9.1222618881
5955,1.3960745244015238,,0.0,1.3960745244015238,9.0520465998
5960,1.3960854179226923,,0.0,1.3960854179226923,9.0190105802
5965,1.3961553591440998,,0.0,1.3961553591440998,9.0501694088
5970,1.396279254858059,,0.0,1.396279254858059,9.1133734182
5975,1.3964499758712499,,0.0,1.3964499758712499,9.1631781488
5980,1.3966595505264447,,0.0,1.3966595505264447,9.1838225891
5985,1.3968996266666496,,0.0,1.3968996266666496,9.1930890011
5990,1.397161872968792,,0.0,1.397161872968792,9.1736115517
5995,1.3974380516753155,,0.0,1.3974380516753155,9.2213010117
6000,1.397720001627634,,0.0,1.397720001627634,9.2724722744
6005,1.3980002110118424,,0.0,1.3980002110118424,9.2931862133
6010,1.398271757851051,,0.0,1.398271757851051,9.2797161667
6015,1.3985291499742118,,0.0,1.3985291499742118,9.2612400662
6020,1.3987685642943322,,0.0,1.3987685642943322,9.2786441852
6025,1.3989877019690549,,0.0,1.3989877019690549,9.2773091365
6030,1.3991851344400787,,0.0,1.3991851344400787,9.2510343146
6035,1.3993599934194132,,0.0,1.3993599934194132,9.1627372322
6040,1.3995113711967968,,0.0,1.3995113711967968,9.0609619052
6045,1.3996379628451632,,0.0,1.3996379628451632,8.9351555978
6050,1.3997379661679163,,0.0,1.3997379661679163,8.859728143
6055,1.3998088456643203,,0.0,1.3998088456643203,8.8180394933
6060,1.3998458369782893,,0.0,1.3998458369782893,8.773813526
6065,1.3998450028729006,,0.0,1.3998450028729006,8.7518224441
6070,1.3998046806265543,,0.0,1.3998046806265543,8.7012960965
6075,1.3997249782762327,,0.0,1.3997249782762327,8.6536509905
6080,1.3996074209398504,,0.0,1.3996074209398504,8.670168507
6085,1.3994558678830664,,0.0,1.3994558678830664,8.7591100303
6090,1.3992772780099612,,0.0,1.3992772780099612,8.8020586102
6095,1.39907819965913,,0.0,1.39907819965913,8.7407948341
6100,1.3988657542891432,,0.0,1.3988657542891432,8.7121677794
6105,1.3986459076373157,,0.0,1.3986459076373157,8.6883295019
6110,1.3984237289585617,,0.0,1.3984237289585617,8.6535765494
6115,1.3982035503362824,,0.0,1.3982035503362824,8.6116612127
6120,1.3979891531896274,,0.0,1.3979891531896274,8.5139908472
6125,1.3977863480619082,,0.0,1.3977863480619082,8.4006616198
6130,1.3976017723660912,,0.0,1.3976017723660912,8.2897366807
6135,1.3974418879862347,,0.0,1.3974418879862347,8.2437585787
6140,1.3973125112043354,,0.0,1.3973125112043354,8.2942264739
6145,1.397218095988473,,0.0,1.397218095988473,8.3423503438
6150,1.3971612172616543,,0.0,1.3971612172616543,8.4037488179
6155,1.3971421930218801,,0.0,1.3971421930218801,8.4069295582
6160,1.3971586846302613,,0.0,1.3971586846302613,8.3962289623
6165,1.3972057593127825,,0.0,1.3972057593127825,8.3996213466
6170,1.3972762394715632,,0.0,1.3972762394715632,8.3949007516
6175,1.397361285161385,,0.0,1.397361285161385,8.3520173053
6180,1.397451263625222,,0.0,1.397451263625222,8.2480227162
6185,1.3975368023429375,,0.0,1.3975368023429375,8.0959003206
6190,1.3976092558608326,,0.0,1.3976092558608326,7.915194876
6195,1.3976608984118557,,0.0,1.3976608984118557,7.7756921097
6200,1.3976849441257542,,0.0,1.3976849441257542,7.7525927769
6205,1.3976764024674013,,0.0,1.3976764024674013,7.78967286
6210,1.3976326044492582,,0.0,1.3976326044492582,7.8131910145
6215,1.3975537008989372,,0.0,1.3975537008989372,7.8102776481
6220,1.3974426405024933,,0.0,1.3974426405024933,7.7867618821
6225,1.397305103310531,,0.0,1.397305103310531,7.840533838
6230,1.3971486559039705,,0.0,1.3971486559039705,7.8669780516
6235,1.3969819960084457,,0.0,1.3969819960084457,7.9332774426
6240,1.3968143273519018,,0.0,1.3968143273519018,7.926255788
6245,1.3966550384229905,,0.0,1.3966550384229905,7.9026237033
6250,1.3965133768630735,,0.0,1.3965133768630735,7.9199689232
6255,1.3963979687889758,,0.0,1.3963979687889758,7.9429871262
6260,1.3963162228430257,,0.0,1.3963162228430257,8.0041175431
6265,1.396273769548482,,0.0,1.396273769548482,8.0029851326
6270,1.3962740754453429,,0.0,1.3962740754453429,7.9259793941
6275,1.396318287147822,,0.0,1.396318287147822,7.8148390432
6280,1.3964052580417055,,0.0,1.3964052580417055,7.7593176399
6285,1.3965316706680508,,0.0,1.3965316706680508,7.7782664979
6290,1.3966922237294632,,0.0,1.3966922237294632,7.8081121794
6295,1.3968799041786166,,0.0,1.3968799041786166,7.8395071886
6300,1.3970863077113356,,0.0,1.3970863077113356,7.8581596061
6305,1.3973021239349865,,0.0,1.3973021239349865,7.8920602062
6310,1.3975176368816111,,0.0,1.3975176368816111,7.923027753
6315,1.3977230224215136,,0.0,1.3977230224215136,7.9249711334
6320,1.3979088848303098,,0.0,1.3979088848303098,7.9269572369
6325,1.3980669516688249,,0.0,1.3980669516688249,7.9197427217
6330,1.3981907739026656,,0.0,1.3981907739026656,7.8816987609
6335,1.398276197098157,,0.0,1.398276197098157,7.8252935099
6340,1.3983214673385091,,0.0,1.3983214673385091,7.8188072231
6345,1.398327038229345,,0.0,1.398327038229345,7.8859612981
6350,1.398295295691328,,0.0,1.398295295691328,7.9912976508
6355,1.3982303497457005,,0.0,1.3982303497457005,8.0322975304
6360,1.3981377798913261,,0.0,1.3981377798913261,7.9954225461
6365,1.3980242754388443,,0.0,1.3980242754388443,7.9151360895
6370,1.3978971326272103,,0.0,1.3978971326272103,7.8771737297
6375,1.3977636711491348,,0.0,1.3977636711491348,7.8725816549
6380,1.3976308682475393,,0.0,1.3976308682475393,7.8416925863
6385,1.397505218866298,,0.0,1.397505218866298,7.7529575906
6390,1.3973927473771155,,0.0,1.3973927473771155,7.6798350206
6395,1.3972988543815876,,0.0,1.3972988543815876,7.6480350789
6400,1.3972278795731112,,0.0,1.3972278795731112,7.6338177987
6405,1.3971825368506725,,0.0,1.3971825368506725,7.6674017896
6410,1.3971637233204408,,0.0,1.3971637233204408,7.691581968
6415,1.3971705433732953,,0.0,1.3971705433732953,7.6246682428
6420,1.3972005977398916,,0.0,1.3972005977398916,7.5455678261
6425,1.3972503758420611,,0.0,1.3972503758420611,7.531456888
6430,1.3973154431733517,,0.0,1.3973154431733517,7.5491543544
6435,1.39739061670318,,0.0,1.39739061670318,7.5987544174
6440,1.3974708957913438,,0.0,1.3974708957913438,7.6096676668
6445,1.3975515733438524,,0.0,1.3975515733438524,7.591244441
6450,1.3976283766602196,,0.0,1.3976283766602196,7.6223200121
6455,1.3976974253913559,,0.0,1.3976974253913559,7.6504920411
6460,1.3977551368512693,,0.0,1.3977551368512693,7.714412288
6465,1.3977982429836084,,0.0,1.3977982429836084,7.7330532637
6470,1.397823955411236,,0.0,1.397823955411236,7.7322598268
6475,1.3978302331583583,,0.0,1.3978302331583583,7.7125814738
6480,1.3978159867481044,,0.0,1.3978159867481044,7.6680174661
6485,1.397781069344991,,0.0,1.397781069344991,7.667801292
6490,1.3977265479701648,,0.0,1.3977265479701648,7.7127895071
6495,1.3976545610323108,,0.0,1.3976545610323108,7.753457288
6500,1.3975683113414261,,0.0,1.3975683113414261,7.7313574001
6505,1.397471861013209,,0.0,1.397471861013209,7.638234217
6510,1.3973696218488803,,0.0,1.3973696218488803,7.5457393058
6515,1.3972657858330748,,0.0,1.3972657858330748,7.465688421
6520,1.3971639255467097,,0.0,1.3971639255467097,7.4334996392
6525,1.397066715466501,,0.0,1.397066715466501,7.3458257757
6530,1.396976577317516,,0.0,1.396976577317516,7.2183720908
6535,1.3968955549448916,,0.0,1.3968955549448916,7.1177265409
6540,1.3968250818970902,,0.0,1.3968250818970902,7.1316944537
6545,1.396765772587668,,0.0,1.396765772587668,7.1706080591
6550,1.3967173005353508,,0.0,1.3967173005353508,7.2644504002
6555,1.3966786110696392,,0.0,1.3966786110696392,7.2427925737
6560,1.3966483587184104,,0.0,1.3966483587184104,7.160369408
6565,1.3966252582657337,,0.0,1.3966252582657337,7.1012169292
6570,1.3966081294138102,,0.0,1.3966081294138102,7.0616087104
6575,1.396595720879803,,0.0,1.396595720879803,7.019475767
6580,1.3965866085965553,,0.0,1.3965866085965553,6.9744939616
6585,1.3965793926991903,,0.0,1.3965793926991903,6.9457703047
6590,1.3965731241838657,,0.0,1.3965731241838657,6.9315063034
6595,1.3965675985787396,,0.0,1.3965675985787396,6.8742720731
6600,1.3965633187672737,,0.0,1.3965633187672737,6.8502615325
6605,1.3965613850799383,,0.0,1.3965613850799383,6.8578346501
6610,1.3965627355422225,,0.0,1.3965627355422225,6.8425411865
6615,1.3965676630765689,,0.0,1.3965676630765689,6.8045650871
6620,1.3965758680238172,,0.0,1.3965758680238172,6.7602907932
6625,1.3965865650574016,,0.0,1.3965865650574016,6.7369002713
6630,1.3965985741290317,,0.0,1.3965985741290317,6.7564884347
6635,1.3966108298393622,,0.0,1.3966108298393622,6.7806229837
6640,1.3966227246363085,,0.0,1.3966227246363085,6.855006798
6645,1.3966344276863234,,0.0,1.3966344276863234,6.870686741
6650,1.3966472814674338,,0.0,1.3966472814674338,6.8291674716
6655,1.3966632534753147,,0.0,1.3966632534753147,6.7566633245
6660,1.3966843181918667,,0.0,1.3966843181918667,6.7199297651
6665,1.3967119097893221,,0.0,1.3967119097893221,6.7285623156
6670,1.3967466369425525,,0.0,1.3967466369425525,6.7047181517
6675,1.3967883514437804,,0.0,1.3967883514437804,6.6299949313
6680,1.396836368767689,,0.0,1.396836368767689,6.5564969063
6685,1.396889517099753,,0.0,1.396889517099753,6.5486709957
6690,1.3969462761874651,,0.0,1.3969462761874651,6.6166702953
6695,1.3970047043592324,,0.0,1.3970047043592324,6.6763183
6700,1.3970626114334515,,0.0,1.3970626114334515,6.7016321388
6705,1.3971179358499148,,0.0,1.3971179358499148,6.6916271209
6710,1.397169043455693,,0.0,1.397169043455693,6.661190252
6715,1.3972147633095393,,0.0,1.3972147633095393,6.6477957774
6720,1.3972542146480607,,0.0,1.3972542146480607,6.6927696672
6725,1.39728663909156,,0.0,1.39728663909156,6.6982252069
6730,1.3973113778140487,,0.0,1.3973113778140487,6.6824550588
6735,1.397328123671126,,0.0,1.397328123671126,6.729401236
6740,1.3973370091515624,,0.0,1.3973370091515624,6.7054002829
6745,1.3973385718204374,,0.0,1.3973385718204374,6.7006661019
6750,1.3973336333077373,,0.0,1.3973336333077373,6.6964287884
6755,1.3973231826633454,,0.0,1.3973231826633454,6.6853224592
6760,1.3973083536518105,,0.0,1.3973083536518105,6.6395249372
6765,1.3972904657964196,,0.0,1.3972904657964196,6.5710823601
6770,1.3972711966645008,,0.0,1.3972711966645008,6.4782301819
6775,1.397252497907969,,0.0,1.397252497907969,6.415386744
6780,1.3972365058146907,,0.0,1.3972365058146907,6.3965034522
6785,1.3972254625886964,,0.0,1.3972254625886964,6.4258900457
6790,1.397221626028269,,0.0,1.397221626028269,6.3584273863
6795,1.3972271209439058,,0.0,1.3972271209439058,6.2883702558
6800,1.3972437249556602,,0.0,1.3972437249556602,6.1773479161
6805,1.3972726710075285,,0.0,1.3972726710075285,6.140643668
6810,1.3973145783784737,,0.0,1.3973145783784737,6.1198467154
6815,1.397369533024017,,0.0,1.397369533024017,6.1366039107
6820,1.3974371978587916,,0.0,1.3974371978587916,6.0843899032
6825,1.397516801528682,,0.0,1.397516801528682,5.9988905311
6830,1.3976069805969862,,0.0,1.3976069805969862,5.9550755389
6835,1.3977056350792574,,0.0,1.3977056350792574,5.9791855199
6840,1.397810026000951,,0.0,1.397810026000951,6.0142513274
6845,1.397917158267516,,0.0,1.397917158267516,6.0324955128
6850,1.398024249490008,,0.0,1.398024249490008,6.0061465869
6855,1.398128982861491,,0.0,1.398128982861491,5.9726384312
6860,1.3982294028626763,,0.0,1.3982294028626763,5.9339229643
6865,1.3983236227137406,,0.0,1.3983236227137406,5.9537456397
6870,1.398409669305078,,0.0,1.398409669305078,5.9658008254
6875,1.3984856393893348,,0.0,1.3984856393893348,5.9674390941
6880,1.3985500707246228,,0.0,1.3985500707246228,6.0313481664
6885,1.3986020825475498,,0.0,1.3986020825475498,6.0265265596
6890,1.3986417384826668,,0.0,1.3986417384826668,6.0254596911
6895,1.3986697892996758,,0.0,1.3986697892996758,6.0119190841
6900,1.3986872677123678,,0.0,1.3986872677123678,6.0210194054
6905,1.3986953242023306,,0.0,1.3986953242023306,6.0011927187
6910,1.3986952016938814,,0.0,1.3986952016938814,5.9958629777
6915,1.3986882325599712,,0.0,1.3986882325599712,5.9447413488
6920,1.398675764268788,,0.0,1.398675764268788,5.8865065916
6925,1.3986590563369332,,0.0,1.3986590563369332,5.8886166331
6930,1.3986392686025466,,0.0,1.3986392686025466,5.9787939107
6935,1.3986175822367048,,0.0,1.3986175822367048,6.0268626899
6940,1.3985953365985844,,0.0,1.3985953365985844,6.0631400077
6945,1.398574014763994,,0.0,1.398574014763994,6.0309003261
6950,1.398555032316817,,0.0,1.398555032316817,5.9860695077
6955,1.3985394827260533,,0.0,1.3985394827260533,5.9948030335
6960,1.3985280578775068,,0.0,1.3985280578775068,6.0558727016
6965,1.3985211798140322,,0.0,1.3985211798140322,6.081648099
6970,1.3985191568028175,,0.0,1.3985191568028175,6.0221775071
6975,1.3985221214573875,,0.0,1.3985221214573875,5.9753832535
6980,1.3985297179792724,,0.0,1.3985297179792724,5.9562582288
6985,1.398541083943921,,0.0,1.398541083943921,5.9459155536
6990,1.3985547685868154,,0.0,1.3985547685868154,5.9888569252
6995,1.398569082613749,,0.0,1.398569082613749,5.9806896361
7000,1.3985825433231747,,0.0,1.3985825433231747,5.9643715217
7005,1.3985941086447495,,0.0,1.3985941086447495,5.9302564785
7010,1.398603109397902,,0.0,1.398603109397902,5.8754537879
7015,1.3986090305980305,,0.0,1.3986090305980305,5.8886872559
7020,1.3986113689874118,,0.0,1.3986113689874118,5.8905305954
7025,1.3986096553661709,,0.0,1.3986096553661709,5.9362594429
7030,1.3986035528984488,,0.0,1.3986035528984488,6.012929699
7035,1.3985928954118891,,0.0,1.3985928954118891,5.9809340508
7040,1.3985776298860328,,0.0,1.3985776298860328,6.0032752213
7045,1.3985577455920335,,0.0,1.3985577455920335,6.0049028351
7050,1.398533280829376,,0.0,1.398533280829376,5.9944581947
7055,1.3985045179164115,,0.0,1.3985045179164115,5.9661224694
7060,1.3984719908003524,,0.0,1.3984719908003524,5.9119893398
7065,1.398436455864832,,0.0,1.398436455864832,5.846396068
7070,1.3983987847661992,,0.0,1.3983987847661992,5.8211192833
7075,1.3983598757334097,,0.0,1.3983598757334097,5.8728067341
7080,1.398320659556219,,0.0,1.398320659556219,5.9220681533
7085,1.3982821444966298,,0.0,1.3982821444966298,5.9683511321
7090,1.3982453811082585,,0.0,1.3982453811082585,5.9666341631
7095,1.3982113197672414,,0.0,1.3982113197672414,5.9403821757
7100,1.3981806668308492,,0.0,1.3981806668308492,5.9283627466
7105,1.398153861308484,,0.0,1.398153861308484,5.9890506887
7110,1.3981311886373475,,0.0,1.3981311886373475,6.0116953032
7115,1.3981129220287465,,0.0,1.3981129220287465,5.9561793924
7120,1.3980993460466051,,0.0,1.3980993460466051,5.9248262779
7125,1.398090613015583,,0.0,1.398090613015583,5.8607822237
7130,1.3980865494028365,,0.0,1.3980865494028365,5.8535793036
7135,1.3980865953123163,,0.0,1.3980865953123163,5.8709628057
7140,1.3980899615500821,,0.0,1.3980899615500821,5.8825611513
7145,1.3980959060792126,,0.0,1.3980959060792126,5.8756292235
7150,1.3981039033110152,,0.0,1.3981039033110152,5.8512711257
7155,1.398113575864574,,0.0,1.398113575864574,5.8030345455
7160,1.3981244577836185,,0.0,1.3981244577836185,5.8083925038
7165,1.3981358197561382,,0.0,1.3981358197561382,5.85310983
7170,1.3981467349845065,,0.0,1.3981467349845065,5.8871602602
7175,1.3981563401708939,,0.0,1.3981563401708939,5.9357717166
7180,1.3981640961284183,,0.0,1.3981640961284183,5.9743503963
7185,1.3981698691207691,,0.0,1.3981698691207691,5.9934594074
7190,1.3981737941317978,,0.0,1.3981737941317978,6.0211643344
7195,1.3981760664015477,,0.0,1.3981760664015477,6.0452560489
7200,1.3981768390032034,,0.0,1.3981768390032034,6.0453223033
7205,1.398176131273639,,0.0,1.398176131273639,6.0571672121
7210,1.3981738057339217,,0.0,1.3981738057339217,6.0159644227
7215,1.3981695480039176,,0.0,1.3981695480039176,5.9321542614
7220,1.3981628674260593,,0.0,1.3981628674260593,5.916696322
7225,1.3981531428500735,,0.0,1.3981531428500735,5.9699949314
7230,1.3981398405782552,,0.0,1.3981398405782552,6.0192601317
7235,1.398122706486663,,0.0,1.398122706486663,6.0477391619
7240,1.3981018247842607,,0.0,1.3981018247842607,6.0142000985
7245,1.3980775229503557,,0.0,1.3980775229503557,5.9887730521
7250,1.3980504680447012,,0.0,1.3980504680447012,5.9914408775
7255,1.3980213800227566,,0.0,1.3980213800227566,6.0582669987
7260,1.3979909643685136,,0.0,1.3979909643685136,6.0596030653
7265,1.3979599087261396,,0.0,1.3979599087261396,6.008913026
7270,1.3979288312518117,,0.0,1.3979288312518117,5.95979813
7275,1.3978980593000827,,0.0,1.3978980593000827,5.9148904172
7280,1.3978677580452779,,0.0,1.3978677580452779,5.9576059235
7285,1.3978377331206304,,0.0,1.3978377331206304,5.9606891239
7290,1.3978075034746338,,0.0,1.3978075034746338,5.9382777757
7295,1.3977765103340245,,0.0,1.3977765103340245,5.8746202106
7300,1.397744286370238,,0.0,1.397744286370238,5.8461299419
7305,1.3977105336706706,,0.0,1.3977105336706706,5.8573751781
7310,1.3976751213683531,,0.0,1.3976751213683531,5.895582059
7315,1.3976380624377045,,0.0,1.3976380624377045,5.9334466351
7320,1.3975996307138019,,0.0,1.3975996307138019,5.9511468389
7325,1.3975601816208527,,0.0,1.3975601816208527,6.0259158199
7330,1.3975200735771616,,0.0,1.3975200735771616,6.0384595207
7335,1.3974797997353752,,0.0,1.3974797997353752,6.0563063732
7340,1.3974398211863586,,0.0,1.3974398211863586,6.0787440887
7345,1.3974005018375917,,0.0,1.3974005018375917,6.0572648451
7350,1.3973621777764098,,0.0,1.3973621777764098,6.0639541684
7355,1.3973250155494312,,0.0,1.3973250155494312,6.0642749362
7360,1.3972889701204543,,0.0,1.3972889701204543,6.0346056695
7365,1.3972538775626944,,0.0,1.3972538775626944,6.0183102821
7370,1.3972193875668588,,0.0,1.3972193875668588,6.08180275
7375,1.397185049022406,,0.0,1.397185049022406,6.1232773348
7380,1.3971504678313806,,0.0,1.3971504678313806,6.1419683508
7385,1.3971154523716063,,0.0,1.3971154523716063,6.1425447176
7390,1.3970800693864842,,0.0,1.3970800693864842,6.1495604418
7395,1.3970446096776388,,0.0,1.3970446096776388,6.1758456484
7400,1.3970095342111797,,0.0,1.3970095342111797,6.2373419871
7405,1.3969754663829537,,0.0,1.3969754663829537,6.2523045466
7410,1.3969432114801699,,0.0,1.3969432114801699,6.2602440808
7415,1.3969137101481512,,0.0,1.3969137101481512,6.2348629313
7420,1.3968878547524148,,0.0,1.3968878547524148,6.2341041215
7425,1.396866224775391,,0.0,1.396866224775391,6.2805112218
7430,1.3968488830931065,,0.0,1.3968488830931065,6.3187119833
7435,1.3968353737296124,,0.0,1.3968353737296124,6.3165544654
7440,1.396824913728669,,0.0,1.396824913728669,6.3082150099
7445,1.3968166390439223,,0.0,1.3968166390439223,6.2790565478
7450,1.3968097524971745,,0.0,1.3968097524971745,6.2877777811
7455,1.3968035318873941,,0.0,1.3968035318873941,6.320590052
7460,1.3967972678632141,,0.0,1.3967972678632141,6.351889132
7465,1.396790234480983,,0.0,1.396790234480983,6.3580592503
7470,1.3967817258824458,,0.0,1.3967817258824458,6.3795692849
7475,1.3967711197945432,,0.0,1.3967711197945432,6.4151351802
7480,1.396757940031174,,0.0,1.396757940031174,6.436984712
7485,1.3967418989095652,,0.0,1.3967418989095652,6.4503018248
7490,1.3967229772175969,,0.0,1.3967229772175969,6.4443781888
7495,1.396701543353895,,0.0,1.396701543353895,6.4304746742
7500,1.3966784270574573,,0.0,1.3966784270574573,6.4009983073
7505,1.3966548356977055,,0.0,1.3966548356977055,6.3327876703
7510,1.3966321122516818,,0.0,1.3966321122516818,6.2875150405
7515,1.3966114492430797,,0.0,1.3966114492430797,6.3245443135
7520,1.3965937283085696,,0.0,1.3965937283085696,6.3329820559
7525,1.3965794635594746,,0.0,1.3965794635594746,6.3447512966
7530,1.3965690386144114,,0.0,1.3965690386144114,6.3333083473
7535,1.396562784445799,,0.0,1.396562784445799,6.293707401
7540,1.3965609282307112,,0.0,1.3965609282307112,6.2606703379
7545,1.3965635217420669,,0.0,1.3965635217420669,6.3090762029
7550,1.3965703986827551,,0.0,1.3965703986827551,6.3731149498
7555,1.396581196517589,,0.0,1.396581196517589,6.3667905316
7560,1.3965953943985283,,0.0,1.3965953943985283,6.3433891462
7565,1.396612315285498,,0.0,1.396612315285498,6.3448708176
7570,1.3966310953816516,,0.0,1.3966310953816516,6.3945277727
7575,1.3966507002266424,,0.0,1.3966507002266424,6.4279675587
7580,1.396670062175553,,0.0,1.396670062175553,6.4296873246
7585,1.3966883035838416,,0.0,1.3966883035838416,6.4302682823
7590,1.3967049174511639,,0.0,1.3967049174511639,6.416793027
7595,1.3967197888790661,,0.0,1.3967197888790661,6.4232013521
7600,1.3967330632059836,,0.0,1.3967330632059836,6.4440838731
7605,1.3967449853240603,,0.0,1.3967449853240603,6.4542062446
7610,1.3967558299416523,,0.0,1.3967558299416523,6.4971910087
7615,1.3967659360154363,,0.0,1.3967659360154363,6.5102569177
7620,1.396775745299403,,0.0,1.396775745299403,6.5351950896
7625,1.3967857223775286,,0.0,1.3967857223775286,6.5792073422
7630,1.396796377618516,,0.0,1.396796377618516,6.6183460007
7635,1.396808110983758,,0.0,1.396808110983758,6.6542655973
7640,1.3968211888230913,,0.0,1.3968211888230913,6.6703702284
7645,1.3968358227193363,,0.0,1.3968358227193363,6.6448187167
7650,1.3968522186413828,,0.0,1.3968522186413828,6.5943444729
7655,1.3968705430110957,,0.0,1.3968705430110957,6.5500766417
7660,1.3968908524668007,,0.0,1.3968908524668007,6.5422483236
7665,1.3969130611777307,,0.0,1.3969130611777307,6.5385289195
7670,1.396936972032532,,0.0,1.396936972032532,6.5644097967
7675,1.3969623331528347,,0.0,1.3969623331528347,6.5604522421
7680,1.3969888572301272,,0.0,1.3969888572301272,6.5464339669
7685,1.3970161900877416,,0.0,1.3970161900877416,6.5102322966
7690,1.3970438841082489,,0.0,1.3970438841082489,6.5395820724
7695,1.3970714490083436,,0.0,1.3970714490083436,6.6080686563
7700,1.3970984586282882,,0.0,1.3970984586282882,6.6078490481
7705,1.3971246286536672,,0.0,1.3971246286536672,6.5803340717
7710,1.3971499776728296,,0.0,1.3971499776728296,6.5638035364
7715,1.3971745761717984,,0.0,1.3971745761717984,6.587525682
7720,1.3971984013205867,,0.0,1.3971984013205867,6.6018800302
7725,1.397221297301422,,0.0,1.397221297301422,6.5942557735
7730,1.397243036438215,,0.0,1.397243036438215,6.578632048
7735,1.3972634088947007,,0.0,1.3972634088947007,6.5307545408
7740,1.3972822605996629,,0.0,1.3972822605996629,6.5126204622
7745,1.3972994594385928,,0.0,1.3972994594385928,6.5472074582
7750,1.3973148479719146,,0.0,1.3973148479719146,6.6021406486
7755,1.397328239692366,,0.0,1.397328239692366,6.6449574225
7760,1.397339469051361,,0.0,1.397339469051361,6.6614478754
7765,1.3973484489705918,,0.0,1.3973484489705918,6.6700997514
7770,1.397355117821572,,0.0,1.397355117821572,6.6973871441
7775,1.3973595420981948,,0.0,1.3973595420981948,6.7259728034
7780,1.397361810251062,,0.0,1.397361810251062,6.7397595618
7785,1.3973619794175154,,0.0,1.3973619794175154,6.7645781868
7790,1.3973601054873566,,0.0,1.3973601054873566,6.7312686681
7795,1.3973562077974588,,0.0,1.3973562077974588,6.6784898512
7800,1.3973505135248958,,0.0,1.3973505135248958,6.6169126918
7805,1.3973433096039167,,0.0,1.3973433096039167,6.5940609459
7810,1.3973348694953376,,0.0,1.3973348694953376,6.5753563172
7815,1.3973254738957066,,0.0,1.3973254738957066,6.5453092865
7820,1.3973154749856271,,0.0,1.3973154749856271,6.5139497567
7825,1.3973053227528551,,0.0,1.3973053227528551,6.4808348069
7830,1.3972955172115091,,0.0,1.3972955172115091,6.4278732422
7835,1.3972864873906699,,0.0,1.3972864873906699,6.4310602974
7840,1.397278644354838,,0.0,1.397278644354838,6.4816704677
7845,1.3972724812566617,,0.0,1.3972724812566617,6.4698177921
7850,1.3972684997320612,,0.0,1.3972684997320612,6.4505946661
7855,1.3972671842009032,,0.0,1.3972671842009032,6.392186576
7860,1.3972688768634687,,0.0,1.3972688768634687,6.4104408441
7865,1.3972732310283316,,0.0,1.3972732310283316,6.4095498541
7870,1.3972797364515435,,0.0,1.3972797364515435,6.4054144976
7875,1.3972888453664325,,0.0,1.3972888453664325,6.4244978655
7880,1.3973011017005335,,0.0,1.3973011017005335,6.3747449945
7885,1.3973168391708537,,0.0,1.3973168391708537,6.311548979
7890,1.3973365872334613,,0.0,1.3973365872334613,6.304575243
7895,1.397360886946548,,0.0,1.397360886946548,6.3480273097
7900,1.3973900161373198,,0.0,1.3973900161373198,6.3974368142
7905,1.3974233171025752,,0.0,1.3974233171025752,6.3859978614
7910,1.397459718205268,,0.0,1.397459718205268,6.3749229295
7915,1.3974983983144276,,0.0,1.3974983983144276,6.3929044001
7920,1.39753786736802,,0.0,1.39753786736802,6.3984284044
7925,1.3975758694390723,,0.0,1.3975758694390723,6.4349527666
7930,1.397610193761567,,0.0,1.397610193761567,6.4623115432
7935,1.3976388099638022,,0.0,1.3976388099638022,6.4495787233
7940,1.3976602165063734,,0.0,1.3976602165063734,6.4108428727
7945,1.3976736583779417,,0.0,1.3976736583779417,6.3906001499
7950,1.397679030660375,,0.0,1.397679030660375,6.4123419229
7955,1.3976766956393523,,0.0,1.3976766956393523,6.4209420129
7960,1.3976672896851376,,0.0,1.3976672896851376,6.4047254479
7965,1.3976515932588902,,0.0,1.3976515932588902,6.3767715991
7970,1.397630105376697,,0.0,1.397630105376697,6.3563137058
7975,1.3976030033140225,,0.0,1.3976030033140225,6.3296515942
7980,1.3975713464820183,,0.0,1.3975713464820183,6.3546892336
7985,1.3975361999057672,,0.0,1.3975361999057672,6.3976273299
7990,1.3974986901140842,,0.0,1.3974986901140842,6.4007573972
7995,1.397460099703066,,0.0,1.397460099703066,6.3416093993
8000,1.3974216416560648,,0.0,1.3974216416560648,6.2857846052
8005,1.3973844682012242,,0.0,1.3973844682012242,6.3251850977
8010,1.3973497410479938,,0.0,1.3973497410479938,6.3385592078
8015,1.3973183261140376,,0.0,1.3973183261140376,6.3257128257
8020,1.3972908600191278,,0.0,1.3972908600191278,6.3199216901
8025,1.3972678710965463,,0.0,1.3972678710965463,6.2633286038
8030,1.3972498512514004,,0.0,1.3972498512514004,6.1800032877
8035,1.3972372580814412,,0.0,1.3972372580814412,6.1580448976
8040,1.397229896596133,,0.0,1.397229896596133,6.1628832867
8045,1.3972277197632095,,0.0,1.3972277197632095,6.2088380885
8050,1.3972311128230896,,0.0,1.3972311128230896,6.1896034879
8055,1.3972401912979977,,0.0,1.3972401912979977,6.1744967648
8060,1.3972546804795776,,0.0,1.3972546804795776,6.1566266256
8065,1.3972738297228813,,0.0,1.3972738297228813,6.1725005858
8070,1.3972964861759951,,0.0,1.3972964861759951,6.2010759639
8075,1.3973213682408547,,0.0,1.3973213682408547,6.2278912769
8080,1.3973474087715594,,0.0,1.3973474087715594,6.1877256126
8085,1.3973741404395437,,0.0,1.3973741404395437,6.0994346982
8090,1.3974014866458386,,0.0,1.3974014866458386,6.0508200557
8095,1.3974297188551952,,0.0,1.3974297188551952,6.0540711679
8100,1.397459389727929,,0.0,1.397459389727929,6.042492328
8105,1.3974902296705995,,0.0,1.3974902296705995,6.0185500625
8110,1.3975224800822386,,0.0,1.3975224800822386,5.9459952907
8115,1.3975564584618312,,0.0,1.3975564584618312,5.9114221402
8120,1.3975923392154996,,0.0,1.3975923392154996,5.8869080897
8125,1.3976301924550043,,0.0,1.3976301924550043,5.8917015209
8130,1.3976700111941194,,0.0,1.3976700111941194,5.9294037449
8135,1.3977117605017193,,0.0,1.3977117605017193,5.9498980193
8140,1.3977554256568292,,0.0,1.3977554256568292,5.8899342556
8145,1.39780101102584,,0.0,1.39780101102584,5.818709398
8150,1.3978484859192628,,0.0,1.3978484859192628,5.845314456
8155,1.3978977441714244,,0.0,1.3978977441714244,5.9165146316
8160,1.3979486433132324,,0.0,1.3979486433132324,5.9763272557
8165,1.3980009856095628,,0.0,1.3980009856095628,5.998113949
8170,1.3980541687479988,,0.0,1.3980541687479988,5.9878297127
8175,1.398108500371958,,0.0,1.398108500371958,5.9311535035
8180,1.3981642878753495,,0.0,1.3981642878753495,5.8998045558
8185,1.3982218952904089,,0.0,1.3982218952904089,5.929542128
8190,1.3982818599327067,,0.0,1.3982818599327067,5.9978179096
8195,1.3983447031492993,,0.0,1.3983447031492993,6.0263944247
8200,1.3984109044946464,,0.0,1.3984109044946464,6.0455929912
8205,1.398480800555098,,0.0,1.398480800555098,6.0729639752
8210,1.3985544285073523,,0.0,1.3985544285073523,6.0972365634
8215,1.3986315671625293,,0.0,1.3986315671625293,6.169255889
8220,1.398711711391596,,0.0,1.398711711391596,6.2104190466
8225,1.3987937501352345,,0.0,1.3987937501352345,6.2121691623
8230,1.3988767671999105,,0.0,1.3988767671999105,6.1258147787
8235,1.398960281284609,,0.0,1.398960281284609,6.0949416637
8240,1.3990438044763511,,0.0,1.3990438044763511,6.0770462649
8245,1.39912687156739,,0.0,1.39912687156739,6.0759616054
8250,1.3992090990638633,,0.0,1.3992090990638633,6.0487147406
8255,1.399290261160992,,0.0,1.399290261160992,6.0268420438
8260,1.399370300721434,,0.0,1.399370300721434,5.9991419094
8265,1.3994492393276352,,0.0,1.3994492393276352,5.9865318929
8270,1.3995270182204513,,0.0,1.3995270182204513,6.0355673302
8275,1.3996032969461574,,0.0,1.3996032969461574,6.1121937862
8280,1.3996777420372535,,0.0,1.3996777420372535,6.1622034148
8285,1.399749899638609,,0.0,1.399749899638609,6.1414039162
8290,1.3998197653838333,,0.0,1.3998197653838333,6.0782348749
8295,1.39988723360627,,0.0,1.39988723360627,6.0891597007
8300,1.399952025979697,,0.0,1.399952025979697,6.1465098495
8305,1.4000137133502792,,0.0,1.4000137133502792,6.1703603147
8310,1.4000718076802847,,0.0,1.4000718076802847,6.1748468875
8315,1.400125868962279,,0.0,1.400125868962279,6.1404459832
8320,1.4001755430195948,,0.0,1.4001755430195948,6.100489526
8325,1.4002205259514353,,0.0,1.4002205259514353,6.0693901505
8330,1.4002605017558638,,0.0,1.4002605017558638,6.057921211
8335,1.4002948536489972,,0.0,1.4002948536489972,6.117735362
8340,1.400323277854793,,0.0,1.400323277854793,6.1015018301
8345,1.4003457314578676,,0.0,1.4003457314578676,6.0766134356
8350,1.400362186014304,,0.0,1.400362186014304,6.1008774295
8355,1.4003725961136388,,0.0,1.4003725961136388,6.1116835632
8360,1.400376882038052,,0.0,1.400376882038052,6.1783880809
8365,1.4003749709311946,,0.0,1.4003749709311946,6.2257597072
8370,1.400366875018961,,0.0,1.400366875018961,6.2706859905
8375,1.4003527522399428,,0.0,1.4003527522399428,6.2258183941
8380,1.4003329243347613,,0.0,1.4003329243347613,6.1546995732
8385,1.4003078441605152,,0.0,1.4003078441605152,6.0986969332
8390,1.4002780404247483,,0.0,1.4002780404247483,6.0757697249
8395,1.4002441015921805,,0.0,1.4002441015921805,6.0958790793
8400,1.4002066604152095,,0.0,1.4002066604152095,6.0354183017
8405,1.4001663706049088,,0.0,1.4001663706049088,5.9700757856
8410,1.4001238869951373,,0.0,1.4001238869951373,5.9097506439
8415,1.400079815017163,,0.0,1.400079815017163,5.8903244531
8420,1.400034708578841,,0.0,1.400034708578841,5.9319042886
8425,1.3999891250811405,,0.0,1.3999891250811405,5.9240562855
8430,1.3999436669612315,,0.0,1.3999436669612315,5.89910614
8435,1.3998989947916591,,0.0,1.3998989947916591,5.853534845
8440,1.3998557987116704,,0.0,1.3998557987116704,5.8227512891
8445,1.3998147230757874,,0.0,1.3998147230757874,5.8734770282
8450,1.3997763126848224,,0.0,1.3997763126848224,5.930548911
8455,1.3997410157799752,,0.0,1.3997410157799752,5.9635824613
8460,1.3997092447980413,,0.0,1.3997092447980413,5.9809703893
8465,1.3996813861022253,,0.0,1.3996813861022253,5.9391967076
8470,1.399657752575614,,0.0,1.399657752575614,5.8852629532
8475,1.3996385226164583,,0.0,1.3996385226164583,5.8804657772
8480,1.3996237302826058,,0.0,1.3996237302826058,5.8808912215
8485,1.3996133215555653,,0.0,1.3996133215555653,5.8988555644
8490,1.399607228818657,,0.0,1.399607228818657,5.863671423
8495,1.399605399675192,,0.0,1.399605399675192,5.8876731565
8500,1.3996077627658696,,0.0,1.3996077627658696,5.9266492399
8505,1.3996141705066825,,0.0,1.3996141705066825,5.9404131612
8510,1.3996243746371277,,0.0,1.3996243746371277,5.9664734692
8515,1.3996380497987164,,0.0,1.3996380497987164,6.0068807031
8520,1.3996548801142663,,0.0,1.3996548801142663,6.0290975689
8525,1.3996746191945841,,0.0,1.3996746191945841,6.0111202859
8530,1.3996970659361876,,0.0,1.3996970659361876,5.95818884
8535,1.3997220063859295,,0.0,1.3997220063859295,5.9049327155
8540,1.3997491967744513,,0.0,1.3997491967744513,5.9118939593
8545,1.3997783608963494,,0.0,1.3997783608963494,5.9338931594
8550,1.3998092146867163,,0.0,1.3998092146867163,5.883101001
8555,1.3998414694647463,,0.0,1.3998414694647463,5.8222441309
8560,1.3998747873965485,,0.0,1.3998747873965485,5.7875914529
8565,1.3999086884286476,,0.0,1.3999086884286476,5.7976985896
8570,1.3999424292765832,,0.0,1.3999424292765832,5.809466541
8575,1.3999753420073229,,0.0,1.3999753420073229,5.7996384561
8580,1.400006870093177,,0.0,1.400006870093177,5.7621730906
8585,1.4000364593767807,,0.0,1.4000364593767807,5.7161782094
8590,1.4000635962458272,,0.0,1.4000635962458272,5.7107342722
8595,1.4000878429384547,,0.0,1.4000878429384547,5.74042448
8600,1.400109094536531,,0.0,1.400109094536531,5.7790974912
8605,1.4001275909420396,,0.0,1.4001275909420396,5.784195769
8610,1.4001438679735034,,0.0,1.4001438679735034,5.7412350778
8615,1.4001587016009371,,0.0,1.4001587016009371,5.6528946808
8620,1.4001729315436602,,0.0,1.4001729315436602,5.5915364026
8625,1.4001869788464956,,0.0,1.4001869788464956,5.590198124
8630,1.400200947928559,,0.0,1.400200947928559,5.5975983171
8635,1.4002143845604587,,0.0,1.4002143845604587,5.5764698865
8640,1.40022591844402,,0.0,1.40022591844402,5.5105642744
8645,1.4002332441249243,,0.0,1.4002332441249243,5.5072165508
8650,1.4002333713740263,,0.0,1.4002333713740263,5.5160398361
8655,1.4002230534679136,,0.0,1.4002230534679136,5.5912444656
8660,1.4001994745835638,,0.0,1.4001994745835638,5.6392537749
8665,1.400160892156803,,0.0,1.400160892156803,5.6520190611
8670,1.4001071513678902,,0.0,1.4001071513678902,5.6063265832
8675,1.40003974415017,,0.0,1.40003974415017,5.5280696
8680,1.3999614829583065,,0.0,1.3999614829583065,5.4995789982
8685,1.3998757168140095,,0.0,1.3998757168140095,5.4940569112
8690,1.3997855565835629,,0.0,1.3997855565835629,5.5433908398
8695,1.3996934894878956,,0.0,1.3996934894878956,5.5592823758
8700,1.399601362510298,,0.0,1.399601362510298,5.5413897249
8705,1.3995105627907367,,0.0,1.3995105627907367,5.5399843564
8710,1.3994221089457979,,0.0,1.3994221089457979,5.5566237215
8715,1.3993370026255212,,0.0,1.3993370026255212,5.6021760085
8720,1.3992561883426051,,0.0,1.3992561883426051,5.6614764521
8725,1.3991804278451045,,0.0,1.3991804278451045,5.6743823341
8730,1.3991102633139987,,0.0,1.3991102633139987,5.6356861397
8735,1.3990459573565024,,0.0,1.3990459573565024,5.6188602026
8740,1.3989874285082393,,0.0,1.3989874285082393,5.61653101
8745,1.3989342063217947,,0.0,1.3989342063217947,5.6636539423
8750,1.3988854641770205,,0.0,1.3988854641770205,5.7051951165
8755,1.3988401576332476,,0.0,1.3988401576332476,5.7131963687
8760,1.3987972539766858,,0.0,1.3987972539766858,5.7003195489
8765,1.3987557115112539,,0.0,1.3987557115112539,5.7038895033
8770,1.3987144674574414,,0.0,1.3987144674574414,5.6806731379
8775,1.398672436954277,,0.0,1.398672436954277,5.6999517208
8780,1.3986285650817532,,0.0,1.3986285650817532,5.7268568985
8785,1.3985819244184732,,0.0,1.3985819244184732,5.6956009944
8790,1.3985318011219254,,0.0,1.3985318011219254,5.6260325981
8795,1.3984777253684646,,0.0,1.3984777253684646,5.6263238038
8800,1.3984194493966036,,0.0,1.3984194493966036,5.6728099011
8805,1.3983569138234282,,0.0,1.3983569138234282,5.7226845106
8810,1.3982902370405048,,0.0,1.3982902370405048,5.7194187838
8815,1.3982197177089613,,0.0,1.3982197177089613,5.6904013206
8820,1.3981458397496473,,0.0,1.3981458397496473,5.66726126
8825,1.3980691964926901,,0.0,1.3980691964926901,5.6490964902
8830,1.39799062241774,,0.0,1.39799062241774,5.6454239096
8835,1.3979108240068219,,0.0,1.3979108240068219,5.6639796056
8840,1.3978302939135667,,0.0,1.3978302939135667,5.6946349078
8845,1.397749304226496,,0.0,1.397749304226496,5.6762888386
8850,1.3976680438231983,,0.0,1.3976680438231983,5.6691630686
8855,1.3975866980881497,,0.0,1.3975866980881497,5.6633063764
8860,1.3975054442968151,,0.0,1.3975054442968151,5.6813152049
8865,1.3974244477482731,,0.0,1.3974244477482731,5.7376025585
8870,1.3973439363681215,,0.0,1.3973439363681215,5.7644275817
8875,1.3972642912798958,,0.0,1.3972642912798958,5.7454290507
8880,1.397186104191921,,0.0,1.397186104191921,5.6943588306
8885,1.3971101410938895,,0.0,1.3971101410938895,5.652750505
8890,1.3970372095185837,,0.0,1.3970372095185837,5.6756915125
8895,1.3969680075895086,,0.0,1.3969680075895086,5.7337039514
8900,1.3969030424317619,,0.0,1.3969030424317619,5.7771855594
8905,1.3968426349126872,,0.0,1.3968426349126872,5.7809343085
8910,1.3967869492085774,,0.0,1.3967869492085774,5.7670272276
8915,1.396735979455993,,0.0,1.396735979455993,5.7318772766
8920,1.3966894974798285,,0.0,1.3966894974798285,5.724772871
8925,1.3966470280920158,,0.0,1.3966470280920158,5.7076233405
8930,1.3966079067278816,,0.0,1.3966079067278816,5.7085409123
8935,1.3965713974634524,,0.0,1.3965713974634524,5.7087609921
8940,1.3965367096077386,,0.0,1.3965367096077386,5.7469028118
8945,1.396503211655883,,0.0,1.396503211655883,5.8035841031
8950,1.3964703997263928,,0.0,1.3964703997263928,5.8631458044
8955,1.3964378076134882,,0.0,1.3964378076134882,5.9247104185
8960,1.396405036603317,,0.0,1.396405036603317,5.9444986488
8965,1.3963719256384368,,0.0,1.3963719256384368,5.9212469081
8970,1.3963386951592036,,0.0,1.3963386951592036,5.8684682891
8975,1.3963057363942297,,0.0,1.3963057363942297,5.8137053756
8980,1.3962734273482007,,0.0,1.3962734273482007,5.8140482887
8985,1.3962419409301898,,0.0,1.3962419409301898,5.8221295272
8990,1.3962111301799605,,0.0,1.3962111301799605,5.7943791183
8995,1.3961805276441932,,0.0,1.3961805276441932,5.737975622
9000,1.3961494406885597,,0.0,1.3961494406885597,5.7257945246
9005,1.396117081491414,,0.0,1.396117081491414,5.7765557391
9010,1.3960827307210664,,0.0,1.3960827307210664,5.8483832375
9015,1.3960459412591044,,0.0,1.3960459412591044,5.9037722198
9020,1.396006748909932,,0.0,1.396006748909932,5.9119661371
9025,1.3959657880477487,,0.0,1.3959657880477487,5.8723608415
9030,1.395924206534308,,0.0,1.395924206534308,5.8403965356
9035,1.3958833656854934,,0.0,1.3958833656854934,5.8549720225
9040,1.3958444607695868,,0.0,1.3958444607695868,5.8958551968
9045,1.3958082567782484,,0.0,1.3958082567782484,5.9718840441
9050,1.395775053994408,,0.0,1.395775053994408,6.044965451
9055,1.3957448253464435,,0.0,1.3957448253464435,6.0611220911
9060,1.3957173803349634,,0.0,1.3957173803349634,6.0784057318
9065,1.395692441631778,,0.0,1.395692441631778,6.1164515681
9070,1.3956696493215346,,0.0,1.3956696493215346,6.098853392
9075,1.395648573377121,,0.0,1.395648573377121,6.0740908391
9080,1.3956287926289594,,0.0,1.3956287926289594,6.0809461312
9085,1.395610002926746,,0.0,1.395610002926746,6.0900975887
9090,1.3955920741520358,,0.0,1.3955920741520358,6.1297464207
9095,1.3955750220238357,,0.0,1.3955750220238357,6.1385344318
9100,1.39555894285225,,0.0,1.39555894285225,6.152462613
9105,1.3955439756132593,,0.0,1.3955439756132593,6.1461209041
9110,1.3955303257767366,,0.0,1.3955303257767366,6.1336266658
9115,1.3955184917349992,,0.0,1.3955184917349992,6.0590554172
9120,1.3955091444151746,,0.0,1.3955091444151746,5.987493587
9125,1.3955029700891362,,0.0,1.3955029700891362,5.9078856556
9130,1.39550047737903,,0.0,1.39550047737903,5.8516665696
9135,1.3955018811112816,,0.0,1.3955018811112816,5.7997249645
9140,1.395507109178066,,0.0,1.395507109178066,5.7320237035
9145,1.3955158634172715,,0.0,1.3955158634172715,5.6807647999
9150,1.3955276115034883,,0.0,1.3955276115034883,5.6421218958
9155,1.3955414666851302,,0.0,1.3955414666851302,5.653917156
9160,1.3955560446915736,,0.0,1.3955560446915736,5.7104615037
9165,1.395569383890582,,0.0,1.395569383890582,5.7270465755
9170,1.3955792080202771,,0.0,1.3955792080202771,5.703539453
9175,1.3955830866228096,,0.0,1.3955830866228096,5.6856317259
9180,1.3955786047098286,,0.0,1.3955786047098286,5.6215169763
9185,1.3955635611213768,,0.0,1.3955635611213768,5.6122123782
9190,1.3955362089268888,,0.0,1.3955362089268888,5.6811970913
9195,1.3954955831540075,,0.0,1.3954955831540075,5.7299419916
9200,1.395441860953444,,0.0,1.395441860953444,5.7838854293
9205,1.3953765991306342,,0.0,1.3953765991306342,5.7891005997
9210,1.395302715183127,,0.0,1.395302715183127,5.7377026518
9215,1.3952242073525625,,0.0,1.3952242073525625,5.6987711166
9220,1.3951457363244344,,0.0,1.3951457363244344,5.700362298
9225,1.3950721920821285,,0.0,1.3950721920821285,5.7541749167
9230,1.3950083208923976,,0.0,1.3950083208923976,5.7678120136
9235,1.3949583139913522,,0.0,1.3949583139913522,5.7586986201
9240,1.3949252828690455,,0.0,1.3949252828690455,5.7752416836
9245,1.394910791317139,,0.0,1.394910791317139,5.8083828263
9250,1.3949143826111599,,0.0,1.3949143826111599,5.8533041719
9255,1.3949335086502157,,0.0,1.3949335086502157,5.8905958115
9260,1.3949638207586206,,0.0,1.3949638207586206,5.8784546344
9265,1.394999822149428,,0.0,1.394999822149428,5.8475605466
9270,1.3950355400990981,,0.0,1.3950355400990981,5.8009436106
9275,1.3950654940387073,,0.0,1.3950654940387073,5.7620291103
9280,1.395085496724273,,0.0,1.395085496724273,5.6821261625
9285,1.3950924532580269,,0.0,1.3950924532580269,5.6774635832
9290,1.3950853032307855,,0.0,1.3950853032307855,5.6535083592
9295,1.3950649889096738,,0.0,1.3950649889096738,5.5790778083
9300,1.3950338852370014,,0.0,1.3950338852370014,5.5557676129
9305,1.3949952205973402,,0.0,1.3949952205973402,5.6041169188
9310,1.3949525660745596,,0.0,1.3949525660745596,5.6892214815
9315,1.3949094716690984,,0.0,1.3949094716690984,5.7180395501
9320,1.3948689682799125,,0.0,1.3948689682799125,5.749501969
9325,1.3948337227737222,,0.0,1.3948337227737222,5.7410015195
9330,1.3948058303943205,,0.0,1.3948058303943205,5.7205228066
9335,1.3947866922541248,,0.0,1.3947866922541248,5.8262645429
9340,1.3947769840209157,,0.0,1.3947769840209157,5.9054171748
9345,1.3947767407505736,,0.0,1.3947767407505736,5.9200106712
9350,1.3947854832629012,,0.0,1.3947854832629012,5.9072818986
9355,1.3948022685422492,,0.0,1.3948022685422492,5.8842070792
9360,1.3948256380893507,,0.0,1.3948256380893507,5.8124262812
9365,1.3948535686434829,,0.0,1.3948535686434829,5.759827327
9370,1.3948835678688016,,0.0,1.3948835678688016,5.7447035948
9375,1.3949129681500627,,0.0,1.3949129681500627,5.7435247299
9380,1.3949393340392555,,0.0,1.3949393340392555,5.6674354885
9385,1.3949608325255405,,0.0,1.3949608325255405,5.6102484254
9390,1.394976471564938,,0.0,1.394976471564938,5.6107804107
9395,1.3949861922735491,,0.0,1.3949861922735491,5.6084649894
9400,1.3949908436024916,,0.0,1.3949908436024916,5.6051826102
9405,1.3949920398688047,,0.0,1.3949920398688047,5.5852894866
9410,1.3949918536110506,,0.0,1.3949918536110506,5.5694300696
9415,1.3949923359100982,,0.0,1.3949923359100982,5.5137307298
9420,1.3949949863092879,,0.0,1.3949949863092879,5.4458554335
9425,1.3950003840415415,,0.0,1.3950003840415415,5.3899343816
9430,1.3950081315157925,,0.0,1.3950081315157925,5.4057125789
9435,1.3950170901020857,,0.0,1.3950170901020857,5.4026833095
9440,1.395025743540042,,0.0,1.395025743540042,5.3536337352
9445,1.3950325184319403,,0.0,1.3950325184319403,5.3175325566
9450,1.39503601104553,,0.0,1.39503601104553,5.2928925212
9455,1.3950351763163713,,0.0,1.3950351763163713,5.3069110204
9460,1.395029476429877,,0.0,1.395029476429877,5.334326493
9465,1.3950191118657602,,0.0,1.3950191118657602,5.3289613834
9470,1.3950051134665014,,0.0,1.3950051134665014,5.348272158
9475,1.3949889177746597,,0.0,1.3949889177746597,5.3377746514
9480,1.394971978299341,,0.0,1.394971978299341,5.3605695039
9485,1.3949553967433104,,0.0,1.3949553967433104,5.3882644164
9490,1.3949396677562635,,0.0,1.3949396677562635,5.437908592
9495,1.3949250082854439,,0.0,1.3949250082854439,5.4577342013
9500,1.3949112501624308,,0.0,1.3949112501624308,5.4250405121
9505,1.3948978772798364,,0.0,1.3948978772798364,5.3550229242
9510,1.394884123897476,,0.0,1.394884123897476,5.3361043419
9515,1.3948691287135844,,0.0,1.3948691287135844,5.3861213309
9520,1.3948521662835256,,0.0,1.3948521662835256,5.4072373886
9525,1.3948328814326003,,0.0,1.3948328814326003,5.3804159298
9530,1.3948114413311974,,0.0,1.3948114413311974,5.3502275424
9535,1.3947885792834558,,0.0,1.3947885792834558,5.4033987713
9540,1.394765565160562,,0.0,1.394765565160562,5.4081290321
9545,1.394743996812025,,0.0,1.394743996812025,5.4564019736
9550,1.394725718351792,,0.0,1.394725718351792,5.5066442547
9555,1.394712550065793,,0.0,1.394712550065793,5.5484990506
9560,1.3947058965595576,,0.0,1.3947058965595576,5.5609419225
9565,1.3947062821742386,,0.0,1.3947062821742386,5.5041054299
9570,1.3947129227060557,,0.0,1.3947129227060557,5.4965523949
9575,1.3947233606255371,,0.0,1.3947233606255371,5.4955135216
9580,1.3947344203190626,,0.0,1.3947344203190626,5.5014732669
9585,1.3947419966307961,,0.0,1.3947419966307961,5.4900812343
9590,1.394742435265936,,0.0,1.394742435265936,5.4143803255
9595,1.3947325413987428,,0.0,1.3947325413987428,5.3933151167
9600,1.3947098214458322,,0.0,1.3947098214458322,5.3991825355
9605,1.3946730188846979,,0.0,1.3946730188846979,5.4199306609
9610,1.3946224984960993,,0.0,1.3946224984960993,5.4428318495
9615,1.3945598857001846,,0.0,1.3945598857001846,5.4359631813
9620,1.3944884584088715,,0.0,1.3944884584088715,5.3959962266
9625,1.3944139907372974,,0.0,1.3944139907372974,5.3619867709
9630,1.3943417924661308,,0.0,1.3943417924661308,5.4273345745
9635,1.3942761260660284,,0.0,1.3942761260660284,5.5232441125
9640,1.3942198102293553,,0.0,1.3942198102293553,5.5897816957
9645,1.3941743579728854,,0.0,1.3941743579728854,5.5920948086
9650,1.3941407068230915,,0.0,1.3941407068230915,5.5252534552
9655,1.3941179168831745,,0.0,1.3941179168831745,5.5065772208
9660,1.3941043794500256,,0.0,1.3941043794500256,5.5561203442
9665,1.3940977590036059,,0.0,1.3940977590036059,5.653901156
9670,1.3940950412372446,,0.0,1.3940950412372446,5.6843310604
9675,1.3940931245164565,,0.0,1.3940931245164565,5.6613458984
9680,1.3940896226710693,,0.0,1.3940896226710693,5.6620547833
9685,1.3940832114371438,,0.0,1.3940832114371438,5.6423769258
9690,1.3940732364798365,,0.0,1.3940732364798365,5.6634353748
9695,1.394060133315437,,0.0,1.394060133315437,5.6790622192
9700,1.394045183042993,,0.0,1.394045183042993,5.7008382004
9705,1.3940300996580082,,0.0,1.3940300996580082,5.7303836947
9710,1.3940165865518934,,0.0,1.3940165865518934,5.7042619495
9715,1.3940059517705659,,0.0,1.3940059517705659,5.6757098391
9720,1.3939988676134476,,0.0,1.3939988676134476,5.6937762409
9725,1.3939952680856615,,0.0,1.3939952680856615,5.7213228916
9730,1.3939943852014505,,0.0,1.3939943852014505,5.6907413712
9735,1.3939948764827876,,0.0,1.3939948764827876,5.6392921146
9740,1.3939949683017476,,0.0,1.3939949683017476,5.6225242311
9745,1.3939926124468032,,0.0,1.3939926124468032,5.6226723292
9750,1.393985701448267,,0.0,1.393985701448267,5.6834783895
9755,1.3939722673114479,,0.0,1.3939722673114479,5.7217791656
9760,1.393951218313903,,0.0,1.393951218313903,5.7172910111
9765,1.393922408493426,,0.0,1.393922408493426,5.6816425114
9770,1.39388655169253,,0.0,1.39388655169253,5.6306093017
9775,1.3938452683412008,,0.0,1.3938452683412008,5.6640967164
9780,1.393800923650935,,0.0,1.393800923650935,5.7397688624
9785,1.3937563964455355,,0.0,1.3937563964455355,5.7964336027
9790,1.3937148296530693,,0.0,1.3937148296530693,5.8117082696
9795,1.3936792822421467,,0.0,1.3936792822421467,5.7571205282
9800,1.393652306929558,,0.0,1.393652306929558,5.6919705019
9805,1.3936355673101821,,0.0,1.3936355673101821,5.6960991159
9810,1.393629620660233,,0.0,1.393629620660233,5.7439369184
9815,1.393633934779055,,0.0,1.393633934779055,5.747850421
9820,1.393647105185872,,0.0,1.393647105185872,5.680401477
9825,1.393667240484963,,0.0,1.393667240484963,5.6260391375
9830,1.3936924325635665,,0.0,1.3936924325635665,5.6108434356
9835,1.3937211263628029,,0.0,1.3937211263628029,5.6317649424
9840,1.3937523937127516,,0.0,1.3937523937127516,5.709110685
9845,1.393786059957782,,0.0,1.393786059957782,5.749978477
9850,1.393822640706266,,0.0,1.393822640706266,5.7688918033
9855,1.3938631059207214,,0.0,1.3938631059207214,5.7503659468
9860,1.3939085282362258,,0.0,1.3939085282362258,5.7187651669
9865,1.393959726662932,,0.0,1.393959726662932,5.7238626362
9870,1.3940170016085234,,0.0,1.3940170016085234,5.7379252819
9875,1.39408005279007,,0.0,1.39408005279007,5.7127326289
9880,1.3941480600746343,,0.0,1.3941480600746343,5.6586323926
9885,1.3942196496709294,,0.0,1.3942196496709294,5.6091966538
9890,1.3942929565063322,,0.0,1.3942929565063322,5.5940299064
9895,1.394365738501566,,0.0,1.394365738501566,5.6234631791
9900,1.394435584785163,,0.0,1.394435584785163,5.6668153153
9905,1.3945001754313366,,0.0,1.3945001754313366,5.6600789414
9910,1.3945574991557508,,0.0,1.3945574991557508,5.624704946
9915,1.394605957859388,,0.0,1.394605957859388,5.5484695178
9920,1.3946443865891938,,0.0,1.3946443865891938,5.5388525398
9925,1.3946720711283955,,0.0,1.3946720711283955,5.6409122586
9930,1.3946888320807092,,0.0,1.3946888320807092,5.7068224409
9935,1.3946951572343598,,0.0,1.3946951572343598,5.7152284094
9940,1.39469227479269,,0.0,1.39469227479269,5.6779962915
9945,1.3946820276221075,,0.0,1.3946820276221075,5.5984386178
9950,1.3946668235999837,,0.0,1.3946668235999837,5.5397019732
9955,1.394649312127476,,0.0,1.394649312127476,5.5564746565
9960,1.394632053905632,,0.0,1.394632053905632,5.5841995174
9965,1.3946172331278626,,0.0,1.3946172331278626,5.5323302914
9970,1.3946064345445046,,0.0,1.3946064345445046,5.4595583979
9975,1.3946004830291485,,0.0,1.3946004830291485,5.45886162
9980,1.3945993694747514,,0.0,1.3945993694747514,5.4373930882
9985,1.394602346854232,,0.0,1.394602346854232,5.4897852874
9990,1.3946081938257173,,0.0,1.3946081938257173,5.5334992454
9995,1.3946155491980785,,0.0,1.3946155491980785,5.5645101062
10000,1.3946231742886346,,0.0,1.3946231742886346,5.5671205385
10005,1.3946301078676486,,0.0,1.3946301078676486,5.5177077151
10010,1.3946355295526744,,0.0,1.3946355295526744,5.4879798514
10015,1.3946390175503651,,0.0,1.3946390175503651,5.5021570953
10020,1.3946405005014202,,0.0,1.3946405005014202,5.5017286361
10025,1.3946404971330617,,0.0,1.3946404971330617,5.4490382277
10030,1.394640273948117,,0.0,1.394640273948117,5.4197913524
10035,1.3946418529597686,,0.0,1.3946418529597686,5.3801681675
10040,1.3946478750859006,,0.0,1.3946478750859006,5.3451811719
10045,1.3946613017374785,,0.0,1.3946613017374785,5.3584975394
10050,1.3946849633337446,,0.0,1.3946849633337446,5.3505129923
10055,1.3947211158016721,,0.0,1.3947211158016721,5.3192518181
10060,1.3947709187298922,,0.0,1.3947709187298922,5.2584708654
10065,1.3948339403447358,,0.0,1.3948339403447358,5.1828114273
10070,1.394907894404003,,0.0,1.394907894404003,5.2264426713
10075,1.3949885865527323,,0.0,1.3949885865527323,5.315146974
10080,1.395070217724982,,0.0,1.395070217724982,5.3368851633
10085,1.395146108590435,,0.0,1.395146108590435,5.3282883503
10090,1.3952091101198814,,0.0,1.3952091101198814,5.2705034864
10095,1.3952523957732574,,0.0,1.3952523957732574,5.2023225016
10100,1.3952702494460465,,0.0,1.3952702494460465,5.2053047006
10105,1.3952589026935176,,0.0,1.3952589026935176,5.2585219125
10110,1.395217322427617,,0.0,1.395217322427617,5.3061188898
10115,1.395146972512035,,0.0,1.395146972512035,5.2821332809
10120,1.3950517638605948,,0.0,1.3950517638605948,5.2935707842
10125,1.3949377299520456,,0.0,1.3949377299520456,5.3167336005
10130,1.3948124515892646,,0.0,1.3948124515892646,5.3175943097
10135,1.3946843117434897,,0.0,1.3946843117434897,5.3747007962
10140,1.394561532578024,,0.0,1.394561532578024,5.3966706109
10145,1.3944519521385386,,0.0,1.3944519521385386,5.438026055
10150,1.3943618444295351,,0.0,1.3943618444295351,5.4345272706
10155,1.39429527368753,,0.0,1.39429527368753,5.3938832107
10160,1.394253788109932,,0.0,1.394253788109932,5.3974909092
10165,1.3942364575307553,,0.0,1.3942364575307553,5.4523909025
10170,1.3942402248527006,,0.0,1.3942402248527006,5.4812261155
10175,1.3942605056149804,,0.0,1.3942605056149804,5.5179435089
10180,1.3942917924265565,,0.0,1.3942917924265565,5.5475504528
10185,1.3943281711982793,,0.0,1.3943281711982793,5.5514413503
10190,1.3943637465541028,,0.0,1.3943637465541028,5.5876754767
10195,1.3943930121010204,,0.0,1.3943930121010204,5.6253094575
10200,1.3944111906332821,,0.0,1.3944111906332821,5.6510565714
10205,1.3944144618084833,,0.0,1.3944144618084833,5.6410797996
10210,1.3944001325615587,,0.0,1.3944001325615587,5.5769783365
10215,1.3943666584377217,,0.0,1.3943666584377217,5.5273851196
10220,1.3943135749777489,,0.0,1.3943135749777489,5.5646523177
10225,1.3942415970221844,,0.0,1.3942415970221844,5.595845355
10230,1.3941527176412778,,0.0,1.3941527176412778,5.5930823314
10235,1.3940502345828367,,0.0,1.3940502345828367,5.5427745655
10240,1.3939387279412574,,0.0,1.3939387279412574,5.4685748228
10245,1.3938238916148409,,0.0,1.3938238916148409,5.3934980534
10250,1.393712145196032,,0.0,1.393712145196032,5.3882283156
10255,1.3936101037668274,,0.0,1.3936101037668274,5.3944639091
10260,1.3935239851924197,,0.0,1.3935239851924197,5.3849801018
10265,1.3934590122999235,,0.0,1.3934590122999235,5.333111028
10270,1.3934188367643063,,0.0,1.3934188367643063,5.3621049163
10275,1.393405306941153,,0.0,1.393405306941153,5.4111101502
10280,1.3934183151677422,,0.0,1.3934183151677422,5.4647603607
10285,1.3934558925761047,,0.0,1.3934558925761047,5.5384853495
10290,1.3935145469269132,,0.0,1.3935145469269132,5.5794992955
10295,1.393589819012419,,0.0,1.393589819012419,5.6379874567
10300,1.3936768287048034,,0.0,1.3936768287048034,5.6547691702
10305,1.3937706898880555,,0.0,1.3937706898880555,5.6558131824
10310,1.3938669881411203,,0.0,1.3938669881411203,5.6720152192
10315,1.3939620565690398,,0.0,1.3939620565690398,5.6927730247
10320,1.394053107917463,,0.0,1.394053107917463,5.6829537356
10325,1.3941382055049578,,0.0,1.3941382055049578,5.6337564832
10330,1.3942160466500308,,0.0,1.3942160466500308,5.5851972665
10335,1.394285769052884,,0.0,1.394285769052884,5.5429597409
10340,1.3943467176301505,,0.0,1.3943467176301505,5.5214557786
10345,1.3943982323083013,,0.0,1.3943982323083013,5.4881253418
10350,1.3944395386143704,,0.0,1.3944395386143704,5.4913382647
10355,1.3944697154894161,,0.0,1.3944697154894161,5.4952654791
10360,1.394487682438857,,0.0,1.394487682438857,5.4899905513
10365,1.3944922305962235,,0.0,1.3944922305962235,5.4806530022
10370,1.3944822508982635,,0.0,1.3944822508982635,5.550209333
10375,1.3944570615642484,,0.0,1.3944570615642484,5.6274597167
10380,1.3944168025681907,,0.0,1.3944168025681907,5.6364009233
10385,1.3943628674125124,,0.0,1.3943628674125124,5.6168230534
10390,1.3942981404101928,,0.0,1.3942981404101928,5.5400924191
10395,1.394226921083834,,0.0,1.394226921083834,5.4827856554
10400,1.3941548292278478,,0.0,1.3941548292278478,5.4554278083
10405,1.394088097802663,,0.0,1.394088097802663,5.4235409823
10410,1.3940328241610864,,0.0,1.3940328241610864,5.3796873178
10415,1.3939941479193014,,0.0,1.3939941479193014,5.3257891732
10420,1.3939756442780593,,0.0,1.3939756442780593,5.308235147
10425,1.393979176563428,,0.0,1.393979176563428,5.2997577314
10430,1.3940041909923047,,0.0,1.3940041909923047,5.3028186275
10435,1.3940477507302662,,0.0,1.3940477507302662,5.3491180509
10440,1.3941049430886954,,0.0,1.3941049430886954,5.3805905147
10445,1.3941694904452238,,0.0,1.3941694904452238,5.3963309141
10450,1.3942346972515103,,0.0,1.3942346972515103,5.3731463686
10455,1.3942943947954476,,0.0,1.3942943947954476,5.3435283996
10460,1.3943431968221522,,0.0,1.3943431968221522,5.3252337229
10465,1.3943767919573906,,0.0,1.3943767919573906,5.3400745407
10470,1.3943920774438903,,0.0,1.3943920774438903,5.3296766548
10475,1.3943871915773873,,0.0,1.3943871915773873,5.3020324729
10480,1.3943614294976592,,0.0,1.3943614294976592,5.29452152
10485,1.3943151346525273,,0.0,1.3943151346525273,5.3194591198
10490,1.3942496621201745,,0.0,1.3942496621201745,5.3265602189
10495,1.394167163034196,,0.0,1.394167163034196,5.3180311599
10500,1.3940705204600317,,0.0,1.3940705204600317,5.3043213396
10505,1.3939632736692749,,0.0,1.3939632736692749,5.2920452325
10510,1.3938497002278192,,0.0,1.3938497002278192,5.2589290268
10515,1.3937345666125691,,0.0,1.3937345666125691,5.2367958093
10520,1.3936228745865133,,0.0,1.3936228745865133,5.2663266115
10525,1.3935195872388952,,0.0,1.3935195872388952,5.3253196022
10530,1.3934293767325778,,0.0,1.3934293767325778,5.3446807692
10535,1.3933564241985965,,0.0,1.3933564241985965,5.3055852279
10540,1.3933042595519927,,0.0,1.3933042595519927,5.2394181207
10545,1.3932756092919099,,0.0,1.3932756092919099,5.2097818495
10550,1.3932722270856295,,0.0,1.3932722270856295,5.2096081056
10555,1.3932947123762256,,0.0,1.3932947123762256,5.2619144086
10560,1.393342376147237,,0.0,1.393342376147237,5.3084589355
10565,1.393413226950216,,0.0,1.393413226950216,5.3487508603
10570,1.3935042472348875,,0.0,1.3935042472348875,5.4116298404
10575,1.3936116875191322,,0.0,1.3936116875191322,5.4680568454
10580,1.3937312770985266,,0.0,1.3937312770985266,5.5211102736
10585,1.3938584109278713,,0.0,1.3938584109278713,5.5244348748
10590,1.393988377422031,,0.0,1.393988377422031,5.5218611471
10595,1.3941167012799878,,0.0,1.3941167012799878,5.5084958661
10600,1.3942395145033013,,0.0,1.3942395145033013,5.4656327904
10605,1.3943540287148342,,0.0,1.3943540287148342,5.3865740415
10610,1.3944585946664203,,0.0,1.3944585946664203,5.3269714708
10615,1.3945527175836097,,0.0,1.3945527175836097,5.2937041039
10620,1.3946368566859566,,0.0,1.3946368566859566,5.2663942185
10625,1.3947118963547198,,0.0,1.3947118963547198,5.2205334545
10630,1.3947788457251804,,0.0,1.3947788457251804,5.2086334516
10635,1.3948385073399596,,0.0,1.3948385073399596,5.1952869104
10640,1.3948911542856108,,0.0,1.3948911542856108,5.1774156605
10645,1.3949363350773296,,0.0,1.3949363350773296,5.1682038826
10650,1.3949729098376205,,0.0,1.3949729098376205,5.1827075416
10655,1.394999325129406,,0.0,1.394999325129406,5.2204406859
10660,1.3950140537139533,,0.0,1.3950140537139533,5.2392273573
10665,1.3950160676181245,,0.0,1.3950160676181245,5.2551594706
10670,1.3950051681087627,,0.0,1.3950051681087627,5.2820065152
10675,1.3949820088969418,,0.0,1.3949820088969418,5.3195888596
10680,1.394948278154082,,0.0,1.394948278154082,5.3432917449
10685,1.3949060380641611,,0.0,1.3949060380641611,5.3002009175
10690,1.3948580151263217,,0.0,1.3948580151263217,5.2231601675
10695,1.394806927605941,,0.0,1.394806927605941,5.1770383646
10700,1.3947550853237294,,0.0,1.3947550853237294,5.1536535636
10705,1.3947042383291022,,0.0,1.3947042383291022,5.1549647888
10710,1.3946555583118307,,0.0,1.3946555583118307,5.1654239729
10715,1.3946097047216734,,0.0,1.3946097047216734,5.1681653545
10720,1.394567053567251,,0.0,1.394567053567251,5.221393831
10725,1.3945280243963387,,0.0,1.3945280243963387,5.2733497675
10730,1.3944933233166987,,0.0,1.3944933233166987,5.3195627011
10735,1.3944640202188208,,0.0,1.3944640202188208,5.3506409315
10740,1.3944413999443732,,0.0,1.3944413999443732,5.3711144394
10745,1.3944266083590449,,0.0,1.3944266083590449,5.4076773335
10750,1.3944204146961332,,0.0,1.3944204146961332,5.404698348
10755,1.3944231338347883,,0.0,1.3944231338347883,5.3535622881
10760,1.3944343578293603,,0.0,1.3944343578293603,5.2985183489
10765,1.394452628679598,,0.0,1.394452628679598,5.237869691
10770,1.3944754330909814,,0.0,1.3944754330909814,5.1787886023
10775,1.3944993755085502,,0.0,1.3944993755085502,5.1158595232
10780,1.3945205206914462,,0.0,1.3945205206914462,5.07212158
10785,1.3945348682772112,,0.0,1.3945348682772112,5.0611992312
10790,1.3945387798148055,,0.0,1.3945387798148055,5.0396435407
10795,1.3945296553056636,,0.0,1.3945296553056636,5.023687697
10800,1.3945065700729773,,0.0,1.3945065700729773,5.0345354263
10805,1.3944701335401426,,0.0,1.3944701335401426,5.0759862952
10810,1.3944224708919175,,0.0,1.3944224708919175,5.1186620042
10815,1.3943670732448434,,0.0,1.3943670732448434,5.1655633359
10820,1.3943084923741536,,0.0,1.3943084923741536,5.2234640465
10825,1.394251839701622,,0.0,1.394251839701622,5.3211572552
10830,1.3942021107525369,,0.0,1.3942021107525369,5.4066198526
10835,1.3941634658240112,,0.0,1.3941634658240112,5.4203967886
10840,1.3941386695899183,,0.0,1.3941386695899183,5.3843577016
10845,1.3941288394720301,,0.0,1.3941288394720301,5.3623188264
10850,1.3941337360673791,,0.0,1.3941337360673791,5.3753846248
10855,1.3941518699377007,,0.0,1.3941518699377007,5.368993829
10860,1.3941806563044215,,0.0,1.3941806563044215,5.3660439147
10865,1.3942165993103466,,0.0,1.3942165993103466,5.3637794847
10870,1.3942556031561926,,0.0,1.3942556031561926,5.3615444335
10875,1.3942935190222159,,0.0,1.3942935190222159,5.3700278789
10880,1.3943267518717752,,0.0,1.3943267518717752,5.4071506234
10885,1.3943526745099293,,0.0,1.3943526745099293,5.4113046357
10890,1.3943697218974767,,0.0,1.3943697218974767,5.4222437691
10895,1.3943772439412108,,0.0,1.3943772439412108,5.4575143662
10900,1.3943752972794572,,0.0,1.3943752972794572,5.4443200551
10905,1.3943644943297084,,0.0,1.3943644943297084,5.385135646
10910,1.39434590672901,,0.0,1.39434590672901,5.3617133436
10915,1.394320976758606,,0.0,1.394320976758606,5.3305902206
10920,1.3942914065623675,,0.0,1.3942914065623675,5.2755758022
10925,1.394259044620633,,0.0,1.394259044620633,5.2276535019
10930,1.3942258065314048,,0.0,1.3942258065314048,5.2014272891
10935,1.394193689980831,,0.0,1.394193689980831,5.1864148398
10940,1.3941648560828281,,0.0,1.3941648560828281,5.2024803588
10945,1.3941415178489862,,0.0,1.3941415178489862,5.2105922101
10950,1.3941260572078398,,0.0,1.3941260572078398,5.2360681349
10955,1.3941205929816924,,0.0,1.3941205929816924,5.2365054989
10960,1.3941263627304388,,0.0,1.3941263627304388,5.268369139
10965,1.3941435347472537,,0.0,1.3941435347472537,5.286515938
10970,1.3941713693655435,,0.0,1.3941713693655435,5.2966987574
10975,1.39420857775151,,0.0,1.39420857775151,5.3620709341
10980,1.3942536311693727,,0.0,1.3942536311693727,5.4242529252
10985,1.3943049104366847,,0.0,1.3943049104366847,5.413515626
10990,1.3943608283080289,,0.0,1.3943608283080289,5.3562326076
10995,1.3944199119374259,,0.0,1.3944199119374259,5.3215078795
11000,1.3944808815981218,,0.0,1.3944808815981218,5.2740872648
11005,1.3945424700387652,,0.0,1.3945424700387652,5.2162355798
11010,1.394603030132008,,0.0,1.394603030132008,5.16994592
11015,1.3946602123853615,,0.0,1.3946602123853615,5.1508140119
11020,1.3947109543371026,,0.0,1.3947109543371026,5.1090806885
11025,1.3947518498281783,,0.0,1.3947518498281783,5.1195692503
11030,1.3947797185043158,,0.0,1.3947797185043158,5.1275608547
11035,1.3947921582268283,,0.0,1.3947921582268283,5.1287697574
11040,1.394788008284299,,0.0,1.394788008284299,5.1517638427
11045,1.3947677088089157,,0.0,1.3947677088089157,5.1671089781
11050,1.3947333883537958,,0.0,1.3947333883537958,5.1676921696
11055,1.3946888734990444,,0.0,1.3946888734990444,5.1575490046
11060,1.3946393949312805,,0.0,1.3946393949312805,5.1606299457
11065,1.3945907668116821,,0.0,1.3945907668116821,5.1534567716
11070,1.3945482334250565,,0.0,1.3945482334250565,5.1531476508
11075,1.3945153916793547,,0.0,1.3945153916793547,5.144845301
11080,1.3944936703823871,,0.0,1.3944936703823871,5.1604478062
11085,1.3944825530525038,,0.0,1.3944825530525038,5.1762242852
11090,1.3944803905662928,,0.0,1.3944803905662928,5.2183633196
11095,1.3944853033796645,,0.0,1.3944853033796645,5.2547714242
11100,1.3944957149760473,,0.0,1.3944957149760473,5.2841016535
11105,1.394510432582241,,0.0,1.394510432582241,5.3020152066
11110,1.3945284953427706,,0.0,1.3945284953427706,5.2830059082
11115,1.3945489793293517,,0.0,1.3945489793293517,5.3042891244
11120,1.394571228086323,,0.0,1.394571228086323,5.3383601239
11125,1.3945946984346738,,0.0,1.3945946984346738,5.3626928672
11130,1.3946188292308153,,0.0,1.3946188292308153,5.3843611105
11135,1.3946429349513982,,0.0,1.3946429349513982,5.3306121921
11140,1.394666195588239,,0.0,1.394666195588239,5.198037996
11145,1.394687792006431,,0.0,1.394687792006431,5.0902527698
11150,1.3947071187747075,,0.0,1.3947071187747075,5.0094303528
11155,1.3947239058006118,,0.0,1.3947239058006118,4.9252871172
11160,1.3947381548307,,0.0,1.3947381548307,4.8822038313
11165,1.394749966666222,,0.0,1.394749966666222,4.9017328148
11170,1.3947594401123622,,0.0,1.3947594401123622,4.9083215409
11175,1.3947666819585636,,0.0,1.3947666819585636,4.937627413
11180,1.3947718081013123,,0.0,1.3947718081013123,4.9645916793
11185,1.3947748316397806,,0.0,1.3947748316397806,4.966769114
11190,1.3947754968282238,,0.0,1.3947754968282238,4.9732962588
11195,1.3947731821421065,,0.0,1.3947731821421065,4.9863916575
11200,1.3947672911324513,,0.0,1.3947672911324513,4.9665238359
11205,1.3947574278299935,,0.0,1.3947574278299935,4.9372837581
11210,1.394743517631828,,0.0,1.394743517631828,4.8904497545
11215,1.3947257681286467,,0.0,1.3947257681286467,4.858147014
11220,1.3947045391110484,,0.0,1.3947045391110484,4.8673405537
11225,1.3946802864302277,,0.0,1.3946802864302277,4.8875947419
11230,1.3946536004222154,,0.0,1.3946536004222154,4.9005273758
11235,1.3946251871947735,,0.0,1.3946251871947735,4.8884781032
11240,1.39459580699891,,0.0,1.39459580699891,4.8965364867
11245,1.3945657201962678,,0.0,1.3945657201962678,4.9371072992
11250,1.3945344156696209,,0.0,1.3945344156696209,4.9778917602
11255,1.3945005278614477,,0.0,1.3945005278614477,5.0295783338
11260,1.39446172062794,,0.0,1.39446172062794,5.0295877965
11265,1.394414893956414,,0.0,1.394414893956414,5.0259171954
11270,1.3943568118523026,,0.0,1.3943568118523026,5.0432704776
11275,1.394285018158428,,0.0,1.394285018158428,5.1086698411
11280,1.3941987336611714,,0.0,1.3941987336611714,5.159375407
11285,1.3940994434324059,,0.0,1.3940994434324059,5.1528893988
11290,1.3939909520955294,,0.0,1.3939909520955294,5.11253875
11295,1.393879005945532,,0.0,1.393879005945532,5.0468562948
11300,1.3937704477404995,,0.0,1.3937704477404995,4.9852354619
11305,1.393672263830398,,0.0,1.393672263830398,4.9402971961
11310,1.3935908377537596,,0.0,1.3935908377537596,4.8811194303
11315,1.3935313853514746,,0.0,1.3935313853514746,4.8311929268
11320,1.3934975852453788,,0.0,1.3934975852453788,4.8188925329
11325,1.3934912844187626,,0.0,1.3934912844187626,4.8879496669
11330,1.3935126459251317,,0.0,1.3935126459251317,4.9368905849
11335,1.3935601956709673,,0.0,1.3935601956709673,4.9468479922
11340,1.3936308009580318,,0.0,1.3936308009580318,5.0017268817
11345,1.393719776649043,,0.0,1.393719776649043,5.0558893698
11350,1.3938210873939427,,0.0,1.3938210873939427,5.0939612908
11355,1.3939279379659268,,0.0,1.3939279379659268,5.0814454905
11360,1.3940335090606653,,0.0,1.3940335090606653,5.0406093162
11365,1.3941317696944902,,0.0,1.3941317696944902,5.0074858735
11370,1.394218181565603,,0.0,1.394218181565603,5.0162922892
11375,1.3942900663299134,,0.0,1.3942900663299134,4.9826363106
11380,1.3943465061720839,,0.0,1.3943465061720839,4.93549228
11385,1.3943878550192743,,0.0,1.3943878550192743,4.9087162559
11390,1.3944150944361269,,0.0,1.3944150944361269,4.8793431699
11395,1.3944293001765695,,0.0,1.3944293001765695,4.8987056028
11400,1.3944313856895492,,0.0,1.3944313856895492,4.9185806854
11405,1.3944221444106428,,0.0,1.3944221444106428,4.9385910167
11410,1.3944023898608262,,0.0,1.3944023898608262,4.9518416224
11415,1.394373242954983,,0.0,1.394373242954983,4.9614747004
11420,1.394336313768517,,0.0,1.394336313768517,4.9994055773
11425,1.3942937183791422,,0.0,1.3942937183791422,5.0606943062
11430,1.394247905084534,,0.0,1.394247905084534,5.0722297182
11435,1.3942014047695286,,0.0,1.3942014047695286,5.0335397155
11440,1.39415657141776,,0.0,1.39415657141776,4.9656393934
11445,1.394115450121905,,0.0,1.394115450121905,4.8991641656
11450,1.3940796694209616,,0.0,1.3940796694209616,4.8429185621
11455,1.394050489330549,,0.0,1.394050489330549,4.8301680884
11460,1.3940284918281773,,0.0,1.3940284918281773,4.8148633875
11465,1.3940130815876557,,0.0,1.3940130815876557,4.7731894567
11470,1.3940035442674563,,0.0,1.3940035442674563,4.7609463994
11475,1.3939992355130573,,0.0,1.3939992355130573,4.8126714056
11480,1.393999862776278,,0.0,1.393999862776278,4.8347056234
11485,1.3940056980208857,,0.0,1.3940056980208857,4.8129295019
11490,1.3940176014258592,,0.0,1.3940176014258592,4.8332480949
11495,1.3940368219037096,,0.0,1.3940368219037096,4.8705683536
11500,1.3940645385046946,,0.0,1.3940645385046946,4.8816800604
11505,1.3941013852287525,,0.0,1.3941013852287525,4.8289039208
11510,1.3941470368421491,,0.0,1.3941470368421491,4.7666229884
11515,1.394199971595328,,0.0,1.394199971595328,4.7542469004
11520,1.394257521873045,,0.0,1.394257521873045,4.7602246805
11525,1.394316265173471,,0.0,1.394316265173471,4.7838004121
11530,1.3943726437614172,,0.0,1.3943726437614172,4.8162653961
11535,1.3944235375388025,,0.0,1.3944235375388025,4.8497556771
11540,1.394466652778185,,0.0,1.394466652778185,4.8770258691
11545,1.3945007454324616,,0.0,1.3945007454324616,4.9340666531
11550,1.3945256699136888,,0.0,1.3945256699136888,4.9879609716
11555,1.3945423828357042,,0.0,1.3945423828357042,4.9993270669
11560,1.3945527049834536,,0.0,1.3945527049834536,4.9984426657
11565,1.394558908127671,,0.0,1.394558908127671,4.9799884189
11570,1.3945632790095728,,0.0,1.3945632790095728,4.9751399425
11575,1.3945677019139016,,0.0,1.3945677019139016,5.0025357735
11580,1.3945733499027226,,0.0,1.3945733499027226,4.9871872351
11585,1.3945805672971359,,0.0,1.3945805672971359,4.9595337371
11590,1.3945889808331087,,0.0,1.3945889808331087,4.8841212476
11595,1.3945977295831373,,0.0,1.3945977295831373,4.7943821244
11600,1.394605682028246,,0.0,1.394605682028246,4.7407990901
11605,1.3946115817706828,,0.0,1.3946115817706828,4.71605766
11610,1.3946140883284852,,0.0,1.3946140883284852,4.7005411977
11615,1.3946118346470846,,0.0,1.3946118346470846,4.6783934716
11620,1.3946036091154226,,0.0,1.3946036091154226,4.7007678332
11625,1.394588487430953,,0.0,1.394588487430953,4.7129842796
11630,1.3945659892906925,,0.0,1.3945659892906925,4.7163876236
11635,1.394536134655285,,0.0,1.394536134655285,4.7086423816
11640,1.394499410065414,,0.0,1.394499410065414,4.7480547652
11645,1.3944567259759302,,0.0,1.3944567259759302,4.7989412653
11650,1.3944094296055127,,0.0,1.3944094296055127,4.8082812419
11655,1.3943593593294241,,0.0,1.3943593593294241,4.7774651726
11660,1.3943088391903338,,0.0,1.3943088391903338,4.7352548455
11665,1.3942606977361738,,0.0,1.3942606977361738,4.7259708301
11670,1.394218042589623,,0.0,1.394218042589623,4.6982569505
11675,1.3941839973418746,,0.0,1.3941839973418746,4.6787971686
11680,1.3941614499237758,,0.0,1.3941614499237758,4.6663323783
11685,1.3941527881273001,,0.0,1.3941527881273001,4.7053583567
11690,1.3941595925859016,,0.0,1.3941595925859016,4.7327917152
11695,1.3941823397351893,,0.0,1.3941823397351893,4.7712838158
11700,1.394220217800744,,0.0,1.394220217800744,4.8353923659
11705,1.3942712343360866,,0.0,1.3942712343360866,4.8733955541
11710,1.3943323936228953,,0.0,1.3943323936228953,4.8550655965
11715,1.3943999445572484,,0.0,1.3943999445572484,4.8803324055
11720,1.3944697999478888,,0.0,1.3944697999478888,4.8981455203
11725,1.3945380643504914,,0.0,1.3945380643504914,4.9205221755
11730,1.3946014926634456,,0.0,1.3946014926634456,4.94934086
11735,1.3946577139365703,,0.0,1.3946577139365703,4.9225860023
11740,1.3947051824675378,,0.0,1.3947051824675378,4.8626478761
11745,1.394742994163953,,0.0,1.394742994163953,4.7931697011
11750,1.394770802459144,,0.0,1.394770802459144,4.7378840059
11755,1.3947888019693846,,0.0,1.3947888019693846,4.6944183114
11760,1.3947977526961743,,0.0,1.3947977526961743,4.6428185043
11765,1.3947989832698435,,0.0,1.3947989832698435,4.6466930721
11770,1.394794324330906,,0.0,1.394794324330906,4.6639517833
11775,1.39478597367096,,0.0,1.39478597367096,4.6833355242
11780,1.3947762498434986,,0.0,1.3947762498434986,4.6951829856
11785,1.3947672416051047,,0.0,1.3947672416051047,4.6591596035
11790,1.3947604472515787,,0.0,1.3947604472515787,4.6623393995
11795,1.3947565337179204,,0.0,1.3947565337179204,4.6905252035
11800,1.3947553159939152,,0.0,1.3947553159939152,4.6824937772
11805,1.3947559627187633,,0.0,1.3947559627187633,4.6447800448
11810,1.3947573321436588,,0.0,1.3947573321436588,4.5959255298
11815,1.3947582838920898,,0.0,1.3947582838920898,4.5789767085
11820,1.3947579151192018,,0.0,1.3947579151192018,4.5621898963
11825,1.3947557138344902,,0.0,1.3947557138344902,4.5458940152
11830,1.3947516320076565,,0.0,1.3947516320076565,4.5306404935
11835,1.3947460760873034,,0.0,1.3947460760873034,4.5529166647
11840,1.3947397847419924,,0.0,1.3947397847419924,4.5969726048
11845,1.3947336276320093,,0.0,1.3947336276320093,4.6480424263
11850,1.3947284206486545,,0.0,1.3947284206486545,4.7161759274
11855,1.3947248968465598,,0.0,1.3947248968465598,4.7802080004
11860,1.3947237657018454,,0.0,1.3947237657018454,4.7965979563
11865,1.3947258135391105,,0.0,1.3947258135391105,4.8203447816
11870,1.3947319014106119,,0.0,1.3947319014106119,4.8628121206
11875,1.3947427986744012,,0.0,1.3947427986744012,4.9558644315
11880,1.3947589216346483,,0.0,1.3947589216346483,5.02681015
11885,1.3947800958852312,,0.0,1.3947800958852312,5.0281555717
11890,1.394805461621433,,0.0,1.394805461621433,4.9736666485
11895,1.3948335870413466,,0.0,1.3948335870413466,4.9283766134
11900,1.394862757899962,,0.0,1.394862757899962,4.8644494855
11905,1.3948913320600915,,0.0,1.3948913320600915,4.857188342
11910,1.3949180315415384,,0.0,1.3949180315415384,4.8133412394
11915,1.3949421081944344,,0.0,1.3949421081944344,4.7528317692
11920,1.3949633539290718,,0.0,1.3949633539290718,4.7314584739
11925,1.3949819618646757,,0.0,1.3949819618646757,4.716834777
11930,1.3949982916670909,,0.0,1.3949982916670909,4.7146006776
11935,1.3950126775523406,,0.0,1.3950126775523406,4.699205444
11940,1.3950252728431183,,0.0,1.3950252728431183,4.6898867556
11945,1.3950360151624128,,0.0,1.3950360151624128,4.702341647
11950,1.3950447118900142,,0.0,1.3950447118900142,4.7062457314
11955,1.3950511983506149,,0.0,1.3950511983506149,4.6374228815
11960,1.3950554765402785,,0.0,1.3950554765402785,4.5715489712
11965,1.3950577647785434,,0.0,1.3950577647785434,4.5430973154
11970,1.395058466894177,,0.0,1.395058466894177,4.5158193271
11975,1.3950581137155418,,0.0,1.3950581137155418,4.5024946289
11980,1.395057324272093,,0.0,1.395057324272093,4.5098418922
11985,1.3950567787227564,,0.0,1.3950567787227564,4.505634432
11990,1.3950571617176026,,0.0,1.3950571617176026,4.5265171471
11995,1.3950590457528373,,0.0,1.3950590457528373,4.5892936122
12000,1.3950627447095787,,0.0,1.3950627447095787,4.6579380273
12005,1.3950682129278547,,0.0,1.3950682129278547,4.7153492503
12010,1.3950750483254537,,0.0,1.3950750483254537,4.7344943496
12015,1.3950825870862267,,0.0,1.3950825870862267,4.7375586435
12020,1.3950899886175756,,0.0,1.3950899886175756,4.7384387665
12025,1.3950963045394287,,0.0,1.3950963045394287,4.8114710219
12030,1.3951006678113351,,0.0,1.3951006678113351,4.8674439314
12035,1.395102392036668,,0.0,1.395102392036668,4.8516562257
12040,1.39510104332094,,0.0,1.39510104332094,4.7948286553
12045,1.3950964705870315,,0.0,1.3950964705870315,4.7239730395
12050,1.3950887631588211,,0.0,1.3950887631588211,4.6735763384
12055,1.3950781454687946,,0.0,1.3950781454687946,4.6644132937
12060,1.3950648605377853,,0.0,1.3950648605377853,4.6712822056
12065,1.3950491164555021,,0.0,1.3950491164555021,4.6338094862
12070,1.3950311569913023,,0.0,1.3950311569913023,4.6422039878
12075,1.3950114406162164,,0.0,1.3950114406162164,4.6727965088
12080,1.394990811790216,,0.0,1.394990811790216,4.7175691974
12085,1.3949705336477705,,0.0,1.3949705336477705,4.7405814924
12090,1.3949521550100583,,0.0,1.3949521550100583,4.7568745403
12095,1.394937272354294,,0.0,1.394937272354294,4.7666504909
12100,1.3949273218487752,,0.0,1.3949273218487752,4.7631604287
12105,1.3949234540998425,,0.0,1.3949234540998425,4.7283424807
12110,1.394926479759129,,0.0,1.394926479759129,4.6939100311
12115,1.3949368037781888,,0.0,1.3949368037781888,4.6943165445
12120,1.3949543127556163,,0.0,1.3949543127556163,4.6870763406
12125,1.3949782737615344,,0.0,1.3949782737615344,4.6701436523
12130,1.3950073446921782,,0.0,1.3950073446921782,4.6420939033
12135,1.3950397189845607,,0.0,1.3950397189845607,4.6181827944
12140,1.3950733390706034,,0.0,1.3950733390706034,4.6276321097
12145,1.395106088623083,,0.0,1.395106088623083,4.6708783423
12150,1.3951359412624265,,0.0,1.3951359412624265,4.6910895727
12155,1.3951610961643315,,0.0,1.3951610961643315,4.7050166209
12160,1.3951801141664044,,0.0,1.3951801141664044,4.669922176
12165,1.3951920334151389,,0.0,1.3951920334151389,4.6405997978
12170,1.3951964166476887,,0.0,1.3951964166476887,4.6323401736
12175,1.3951933221241821,,0.0,1.3951933221241821,4.6883512969
12180,1.3951832493597218,,0.0,1.3951832493597218,4.7503451818
12185,1.3951671008249003,,0.0,1.3951671008249003,4.7174134096
12190,1.395146144270085,,0.0,1.395146144270085,4.645968956
12195,1.3951219373739905,,0.0,1.3951219373739905,4.5777211195
12200,1.3950962067322759,,0.0,1.3950962067322759,4.5447052008
12205,1.395070712998448,,0.0,1.395070712998448,4.555941939
12210,1.3950471457162223,,0.0,1.3950471457162223,4.563825673
12215,1.3950270863923309,,0.0,1.3950270863923309,4.5230169515
12220,1.3950120353186373,,0.0,1.3950120353186373,4.5235953412
12225,1.395003455485554,,0.0,1.395003455485554,4.5400762481
12230,1.3950027475064812,,0.0,1.3950027475064812,4.5834561619
12235,1.395011092302988,,0.0,1.395011092302988,4.6201277247
12240,1.3950292292921602,,0.0,1.3950292292921602,4.6277687564
12245,1.3950572711268796,,0.0,1.3950572711268796,4.6629975692
12250,1.3950945677139397,,0.0,1.3950945677139397,4.6996811237
12255,1.3951396752750476,,0.0,1.3951396752750476,4.690620816
12260,1.3951904818493717,,0.0,1.3951904818493717,4.6614854742
12265,1.3952444110168571,,0.0,1.3952444110168571,4.6642045423
12270,1.3952986329820314,,0.0,1.3952986329820314,4.6571925482
12275,1.3953502989868105,,0.0,1.3953502989868105,4.6443791864
12280,1.3953968483301464,,0.0,1.3953968483301464,4.6325231824
12285,1.3954363480732284,,0.0,1.3954363480732284,4.6258492424
12290,1.3954677409257228,,0.0,1.3954677409257228,4.6412505086
12295,1.395490890157222,,0.0,1.395490890157222,4.6731475882
12300,1.395506418539802,,0.0,1.395506418539802,4.6749809024
12305,1.3955154696935792,,0.0,1.3955154696935792,4.6818090209
12310,1.395519529688459,,0.0,1.395519529688459,4.6817986542
12315,1.395520325244855,,0.0,1.395520325244855,4.6415876706
12320,1.3955197271740754,,0.0,1.3955197271740754,4.6385100349
12325,1.3955195654928634,,0.0,1.3955195654928634,4.693186084
12330,1.3955213471050463,,0.0,1.3955213471050463,4.7515740888
12335,1.3955260104103746,,0.0,1.3955260104103746,4.7514711391
12340,1.3955338317390067,,0.0,1.3955338317390067,4.7098518195
12345,1.3955444711362333,,0.0,1.3955444711362333,4.6357848541
12350,1.3955570734132359,,0.0,1.3955570734132359,4.6037289889
12355,1.3955703472411372,,0.0,1.3955703472411372,4.6076412692
12360,1.3955826160506402,,0.0,1.3955826160506402,4.5860550031
12365,1.3955919217026216,,0.0,1.3955919217026216,4.5378415122
12370,1.3955962727486337,,0.0,1.3955962727486337,4.5056671458
12375,1.3955938215816166,,0.0,1.3955938215816166,4.4901376591
12380,1.3955829936810638,,0.0,1.3955829936810638,4.4794569595
12385,1.395562599517378,,0.0,1.395562599517378,4.4700822846
12390,1.3955318696077543,,0.0,1.3955318696077543,4.4750015806
12395,1.3954905419687478,,0.0,1.3954905419687478,4.4938933059
12400,1.395439028039121,,0.0,1.395439028039121,4.4972789083
12405,1.3953785540261527,,0.0,1.3953785540261527,4.455325412
12410,1.3953112240311722,,0.0,1.3953112240311722,4.406316279
12415,1.3952398715922723,,0.0,1.3952398715922723,4.3971872362
12420,1.3951677289613993,,0.0,1.3951677289613993,4.3937376507
12425,1.3950980171626377,,0.0,1.3950980171626377,4.3768318092
12430,1.395033710331863,,0.0,1.395033710331863,4.3638920902
12435,1.394977348710464,,0.0,1.394977348710464,4.3405301041
12440,1.3949308681065937,,0.0,1.3949308681065937,4.3525299386
12445,1.3948954440773986,,0.0,1.3948954440773986,4.4135279742
12450,1.3948713449687786,,0.0,1.3948713449687786,4.4634802864
12455,1.3948579161963826,,0.0,1.3948579161963826,4.5074221906
12460,1.3948537396812466,,0.0,1.3948537396812466,4.5115618451
12465,1.3948569419922277,,0.0,1.3948569419922277,4.4995562755
12470,1.394865516336134,,0.0,1.394865516336134,4.510317292
12475,1.3948775336415293,,0.0,1.3948775336415293,4.6144103892
12480,1.3948912376212972,,0.0,1.3948912376212972,4.6962838477
12485,1.3949051347202905,,0.0,1.3949051347202905,4.6978050009
12490,1.394918103649363,,0.0,1.394918103649363,4.6332198255
12495,1.3949294404215702,,0.0,1.3949294404215702,4.5265321931
12500,1.3949388576036468,,0.0,1.3949388576036468,4.4654270079
12505,1.3949462733569544,,0.0,1.3949462733569544,4.4695696304
12510,1.3949515163942214,,0.0,1.3949515163942214,4.4677994569
12515,1.3949541241275356,,0.0,1.3949541241275356,4.4339844669
12520,1.3949533170937696,,0.0,1.3949533170937696,4.4289686168
12525,1.3949481350612194,,0.0,1.3949481350612194,4.4631806236
12530,1.3949376555986484,,0.0,1.3949376555986484,4.4840147971
12535,1.3949212042858166,,0.0,1.3949212042858166,4.5282858365
12540,1.3948985287453373,,0.0,1.3948985287453373,4.5906437988
12545,1.3948699366206285,,0.0,1.3948699366206285,4.6266236226
12550,1.3948363824047094,,0.0,1.3948363824047094,4.6320161767
12555,1.3947994618262705,,0.0,1.3947994618262705,4.5981616574
12560,1.3947612695053355,,0.0,1.3947612695053355,4.549259821
12565,1.3947241155121222,,0.0,1.3947241155121222,4.5470579154
12570,1.3946901763052924,,0.0,1.3946901763052924,4.5450372177
12575,1.3946611913301694,,0.0,1.3946611913301694,4.518451352
12580,1.394638299965233,,0.0,1.394638299965233,4.499832166
12585,1.3946220245555712,,0.0,1.3946220245555712,4.4831445912
12590,1.3946123176946563,,0.0,1.3946123176946563,4.4899820267
12595,1.394608618488407,,0.0,1.394608618488407,4.520813375
12600,1.3946099058251562,,0.0,1.3946099058251562,4.5490420772
12605,1.394614760877416,,0.0,1.394614760877416,4.5758023679
12610,1.3946216157366425,,0.0,1.3946216157366425,4.5716365787
12615,1.3946289528949163,,0.0,1.3946289528949163,4.5626077357
12620,1.394635393695545,,0.0,1.394635393695545,4.5843019887
12625,1.3946397247809137,,0.0,1.3946397247809137,4.6656150495
12630,1.3946408833715127,,0.0,1.3946408833715127,4.7206999838
12635,1.3946379280734942,,0.0,1.3946379280734942,4.7293164714
12640,1.394629988977066,,0.0,1.394629988977066,4.6835254949
12645,1.3946162136379978,,0.0,1.3946162136379978,4.5907423332
12650,1.3945958691264126,,0.0,1.3945958691264126,4.5838847019
12655,1.3945681769772158,,0.0,1.3945681769772158,4.603812932
12660,1.3945322194998242,,0.0,1.3945322194998242,4.615406198
12665,1.3944869821945334,,0.0,1.3944869821945334,4.6028602969
12670,1.394431557475837,,0.0,1.394431557475837,4.6012332128
12675,1.394365448947482,,0.0,1.394365448947482,4.6246832851
12680,1.3942888441147634,,0.0,1.3942888441147634,4.6042507105
12685,1.3942027615942678,,0.0,1.3942027615942678,4.6277745461
12690,1.3941090397612577,,0.0,1.3941090397612577,4.6603120483
12695,1.3940102766182336,,0.0,1.3940102766182336,4.7134937651
12700,1.3939097183895923,,0.0,1.3939097183895923,4.7352776064
12705,1.3938110878600931,,0.0,1.3938110878600931,4.720107409
12710,1.393718339607468,,0.0,1.393718339607468,4.67924785
12715,1.3936352877364195,,0.0,1.3936352877364195,4.6844284339
12720,1.393565155766113,,0.0,1.393565155766113,4.7054889163
12725,1.3935101704310806,,0.0,1.3935101704310806,4.7140812279
12730,1.393471301319578,,0.0,1.393471301319578,4.7062361445
12735,1.3934481668090533,,0.0,1.3934481668090533,4.7180398439
12740,1.3934390802251342,,0.0,1.3934390802251342,4.7495874869
12745,1.393441220130867,,0.0,1.393441220130867,4.8046855188
12750,1.3934509155144117,,0.0,1.3934509155144117,4.8451490876
12755,1.3934640744438591,,0.0,1.3934640744438591,4.8920462649
12760,1.393476747456392,,0.0,1.393476747456392,4.919110729
12765,1.3934856850840096,,0.0,1.3934856850840096,4.9197037858
12770,1.3934887129888687,,0.0,1.3934887129888687,4.9371850036
12775,1.3934848428696096,,0.0,1.3934848428696096,5.0132558799
12780,1.3934741580619192,,0.0,1.3934741580619192,5.0877105965
12785,1.393457635265033,,0.0,1.393457635265033,5.1080233364
12790,1.3934369204835118,,0.0,1.3934369204835118,5.0904996455
12795,1.3934139788427045,,0.0,1.3934139788427045,5.0264700136
12800,1.3933906923817811,,0.0,1.3933906923817811,5.0178372783
12805,1.3933684728172513,,0.0,1.3933684728172513,5.0544608975
12810,1.3933479335646384,,0.0,1.3933479335646384,5.0842307523
12815,1.3933288083988609,,0.0,1.3933288083988609,5.0758378943
12820,1.3933101132601957,,0.0,1.3933101132601957,5.0766680735
12825,1.3932903890256063,,0.0,1.3932903890256063,5.1117607404
12830,1.3932680283642775,,0.0,1.3932680283642775,5.1058958221
12835,1.3932416149438025,,0.0,1.3932416149438025,5.1155605404
12840,1.393210194021653,,0.0,1.393210194021653,5.1290961617
12845,1.3931734626950651,,0.0,1.3931734626950651,5.1435303064
12850,1.3931318876688334,,0.0,1.3931318876688334,5.138673326
12855,1.3930868245201573,,0.0,1.3930868245201573,5.0882357947
12860,1.3930404145270634,,0.0,1.3930404145270634,5.0430278807
12865,1.3929952924944888,,0.0,1.3929952924944888,5.0345637763
12870,1.392954195775176,,0.0,1.392954195775176,5.0210455566
12875,1.3929195772826986,,0.0,1.3929195772826986,5.0039947506
12880,1.392893311570985,,0.0,1.392893311570985,4.9611754516
12885,1.3928764975982117,,0.0,1.3928764975982117,4.9327494869
12890,1.392869333723274,,0.0,1.392869333723274,4.9209018402
12895,1.3928710489663174,,0.0,1.3928710489663174,4.9572037856
12900,1.3928799440528135,,0.0,1.3928799440528135,4.9640034722
12905,1.3928936066142459,,0.0,1.3928936066142459,4.9865056792
12910,1.3929092175839886,,0.0,1.3929092175839886,4.9827622233
12915,1.3929239383090326,,0.0,1.3929239383090326,4.9848697679
12920,1.392935120760515,,0.0,1.392935120760515,4.9826836639
12925,1.3929403627997499,,0.0,1.3929403627997499,5.0704103128
12930,1.3929375160377304,,0.0,1.3929375160377304,5.142298217
12935,1.3929247394793594,,0.0,1.3929247394793594,5.1394507003
12940,1.3929006433648359,,0.0,1.3929006433648359,5.1001374593
12945,1.392864476550196,,0.0,1.392864476550196,5.0220003482
12950,1.3928162810775444,,0.0,1.3928162810775444,4.9744788982
12955,1.39275695929272,,0.0,1.39275695929272,4.9837119996
12960,1.3926882293081089,,0.0,1.3926882293081089,4.991594804
12965,1.3926126352324733,,0.0,1.3926126352324733,4.9668563246
12970,1.3925334463697048,,0.0,1.3925334463697048,4.9711480902
12975,1.392454509884322,,0.0,1.392454509884322,4.9950581318
12980,1.392379986322946,,0.0,1.392379986322946,4.9898559114
12985,1.3923139375517677,,0.0,1.3923139375517677,5.0081182476
12990,1.3922598540635576,,0.0,1.3922598540635576,5.0313654388
12995,1.3922202363031713,,0.0,1.3922202363031713,5.0649588149
13000,1.3921962835310187,,0.0,1.3921962835310187,5.0957784914
13005,1.392187713678257,,0.0,1.392187713678257,5.0753426519
13010,1.3921928052641415,,0.0,1.3921928052641415,5.0443746701
13015,1.3922085504692112,,0.0,1.3922085504692112,5.0373440387
13020,1.3922309510518267,,0.0,1.3922309510518267,5.0320045891
13025,1.3922554934114855,,0.0,1.3922554934114855,4.9990209797
13030,1.3922777419189487,,0.0,1.3922777419189487,4.9690938297
13035,1.3922939327453836,,0.0,1.3922939327453836,4.9637722483
13040,1.3923014305868373,,0.0,1.3923014305868373,4.9594137572
13045,1.3922989176665796,,0.0,1.3922989176665796,5.001900727
13050,1.3922863755210153,,0.0,1.3922863755210153,5.0249183129
13055,1.3922649435286238,,0.0,1.3922649435286238,5.0501249563
13060,1.3922366621661828,,0.0,1.3922366621661828,5.041139844
13065,1.392204090762446,,0.0,1.392204090762446,5.0213159282
13070,1.3921698422903965,,0.0,1.3921698422903965,4.9933196281
13075,1.3921361025652472,,0.0,1.3921361025652472,5.0454526203
13080,1.3921043133692261,,0.0,1.3921043133692261,5.0868430964
13085,1.3920749762135,,0.0,1.3920749762135,5.0736180896
13090,1.3920478041638193,,0.0,1.3920478041638193,5.0115810232
13095,1.3920219991687077,,0.0,1.3920219991687077,4.9286122329
13100,1.391996615592681,,0.0,1.391996615592681,4.885929365
13105,1.3919708123441257,,0.0,1.3919708123441257,4.8592152021
13110,1.3919440159288043,,0.0,1.3919440159288043,4.8454215271
13115,1.3919160074034085,,0.0,1.3919160074034085,4.8193580953
13120,1.391886995606171,,0.0,1.391886995606171,4.7905370924
13125,1.3918576928825548,,0.0,1.3918576928825548,4.7840362438
13130,1.3918291862143508,,0.0,1.3918291862143508,4.7906066452
13135,1.3918027490906115,,0.0,1.3918027490906115,4.8223600848
13140,1.3917795833915816,,0.0,1.3917795833915816,4.8695786623
13145,1.3917605621459037,,0.0,1.3917605621459037,4.8889494628
13150,1.3917461273570773,,0.0,1.3917461273570773,4.8890055325
13155,1.3917362412246335,,0.0,1.3917362412246335,4.851069767
13160,1.391730574772217,,0.0,1.391730574772217,4.8098064854
13165,1.3917286787605965,,0.0,1.3917286787605965,4.7844338506
13170,1.3917298272461194,,0.0,1.3917298272461194,4.7642069542
13175,1.3917330460246313,,0.0,1.3917330460246313,4.7298789368
13180,1.3917371998345356,,0.0,1.3917371998345356,4.6858251282
13185,1.39174114829932,,0.0,1.39174114829932,4.6596727413
13190,1.3917438819094419,,0.0,1.3917438819094419,4.6370912599
13195,1.3917446068550618,,0.0,1.3917446068550618,4.6365813176
13200,1.3917427846978219,,0.0,1.3917427846978219,4.65391969
13205,1.3917381806506535,,0.0,1.3917381806506535,4.6852690505
13210,1.3917309434203509,,0.0,1.3917309434203509,4.7015424485
13215,1.3917216944066955,,0.0,1.3917216944066955,4.6994084074
13220,1.3917115304470453,,0.0,1.3917115304470453,4.698574031
13225,1.3917019064228011,,0.0,1.3917019064228011,4.7505235374
13230,1.3916944411421466,,0.0,1.3916944411421466,4.8485938006
13235,1.391690722100008,,0.0,1.391690722100008,4.8919406443
13240,1.3916921607633852,,0.0,1.3916921607633852,4.8896419346
13245,1.3916998901483033,,0.0,1.3916998901483033,4.8551106984
13250,1.3917146627710204,,0.0,1.3917146627710204,4.8378756316
13255,1.3917367195315522,,0.0,1.3917367195315522,4.8272017456
13260,1.3917656705735812,,0.0,1.3917656705735812,4.8383432912
13265,1.3918004804387283,,0.0,1.3918004804387283,4.8213358738
13270,1.391839627377437,,0.0,1.391839627377437,4.8071665323
13275,1.3918814050041997,,0.0,1.3918814050041997,4.7885491041
13280,1.3919242464085049,,0.0,1.3919242464085049,4.8071082629
13285,1.391966955324039,,0.0,1.391966955324039,4.8260713549
13290,1.3920088084269848,,0.0,1.3920088084269848,4.867225091
13295,1.3920495764194507,,0.0,1.3920495764194507,4.8956364412
13300,1.392089516918491,,0.0,1.392089516918491,4.8825189648
13305,1.3921293261763006,,0.0,1.3921293261763006,4.8447637319
13310,1.3921699808921146,,0.0,1.3921699808921146,4.8140431682
13315,1.3922126970433821,,0.0,1.3922126970433821,4.8010666489
13320,1.3922586733914968,,0.0,1.3922586733914968,4.8043284268
13325,1.3923086836609009,,0.0,1.3923086836609009,4.7748525796
13330,1.392362899762636,,0.0,1.392362899762636,4.7210972172
13335,1.3924209358325135,,0.0,1.3924209358325135,4.7283802836
13340,1.3924818948891176,,0.0,1.3924818948891176,4.7296449593
13345,1.3925443567326663,,0.0,1.3925443567326663,4.7534425901
13350,1.3926064158702331,,0.0,1.3926064158702331,4.7850154638
13355,1.3926657220608047,,0.0,1.3926657220608047,4.81638621
13360,1.3927195994553714,,0.0,1.3927195994553714,4.8294362325
13365,1.3927653206815116,,0.0,1.3927653206815116,4.8166563985
13370,1.3928007363521875,,0.0,1.3928007363521875,4.7995659075
13375,1.3928247420200452,,0.0,1.3928247420200452,4.8264587212
13380,1.3928373118610025,,0.0,1.3928373118610025,4.9112628064
13385,1.3928392592712802,,0.0,1.3928392592712802,4.9485692433
13390,1.3928321345691048,,0.0,1.3928321345691048,4.9282168165
13395,1.392818037738923,,0.0,1.392818037738923,4.8933962652
13400,1.3927994315498753,,0.0,1.3927994315498753,4.8599629851
13405,1.3927790932759914,,0.0,1.3927790932759914,4.8470952488
13410,1.3927599098500858,,0.0,1.3927599098500858,4.8644564514
13415,1.3927447988944621,,0.0,1.3927447988944621,4.8677226408
13420,1.392736510611527,,0.0,1.392736510611527,4.8718161848
13425,1.3927375276063114,,0.0,1.3927375276063114,4.8677965759
13430,1.3927500215968234,,0.0,1.3927500215968234,4.8768158631
13435,1.392775572218485,,0.0,1.392775572218485,4.9007540504
13440,1.39281482420008,,0.0,1.39281482420008,4.9458078573
13445,1.3928672096613017,,0.0,1.3928672096613017,4.9744401165
13450,1.3929308244815184,,0.0,1.3929308244815184,4.9892476248
13455,1.3930024320423924,,0.0,1.3930024320423924,4.959357922
13460,1.3930777505363943,,0.0,1.3930777505363943,4.9158905933
13465,1.393152176415371,,0.0,1.393152176415371,4.8826790752
13470,1.3932213192110399,,0.0,1.3932213192110399,4.8790752132
13475,1.393281632416074,,0.0,1.393281632416074,4.8684023557
13480,1.3933309716335958,,0.0,1.3933309716335958,4.8435005725
13485,1.393369094092279,,0.0,1.393369094092279,4.8746627779
13490,1.3933977473464583,,0.0,1.3933977473464583,4.8725906133
13495,1.3934205596173452,,0.0,1.3934205596173452,4.8877045554
13500,1.393442690980782,,0.0,1.393442690980782,4.9196703003
13505,1.3934700284542954,,0.0,1.3934700284542954,4.9458449371
13510,1.393508107872841,,0.0,1.393508107872841,4.9669011387
13515,1.3935610604658453,,0.0,1.3935610604658453,4.9441169347
13520,1.3936308835451938,,0.0,1.3936308835451938,4.9372496096
13525,1.3937171971101379,,0.0,1.3937171971101379,4.9720556925
13530,1.3938173102164297,,0.0,1.3938173102164297,5.0464407062
13535,1.3939267313450296,,0.0,1.3939267313450296,5.1132175468
13540,1.394040003380769,,0.0,1.394040003380769,5.1226978195
13545,1.3941515722746052,,0.0,1.3941515722746052,5.10066684
13550,1.3942566464740753,,0.0,1.3942566464740753,5.0280038496
13555,1.3943516449149889,,0.0,1.3943516449149889,5.0176204044
13560,1.3944343888931119,,0.0,1.3944343888931119,5.0322695691
13565,1.3945039477434429,,0.0,1.3945039477434429,5.0294944408
13570,1.3945604800283435,,0.0,1.3945604800283435,5.0187049933
13575,1.3946050061109567,,0.0,1.3946050061109567,5.0176590141
13580,1.394639155029297,,0.0,1.394639155029297,5.0289602279
13585,1.3946649812325924,,0.0,1.3946649812325924,5.0447843908
13590,1.394684833340054,,0.0,1.394684833340054,5.1051948715
13595,1.394701191960648,,0.0,1.394701191960648,5.163083646
13600,1.3947165375785864,,0.0,1.3947165375785864,5.2161585771
13605,1.3947333022735209,,0.0,1.3947333022735209,5.2317320129
13610,1.3947538356626947,,0.0,1.3947538356626947,5.2032186683
13615,1.394780354001302,,0.0,1.394780354001302,5.1898552799
13620,1.394814721613442,,0.0,1.394814721613442,5.1879647253
13625,1.3948581920275245,,0.0,1.3948581920275245,5.2038684114
13630,1.3949112278314608,,0.0,1.3949112278314608,5.1773883518
13635,1.3949733706789764,,0.0,1.3949733706789764,5.1853479942
13640,1.3950433654198588,,0.0,1.3950433654198588,5.1804497969
13645,1.395119395885062,,0.0,1.395119395885062,5.1836619722
13650,1.3951993131865628,,0.0,1.3951993131865628,5.1756683063
13655,1.3952808201038074,,0.0,1.3952808201038074,5.1727389239
13660,1.3953617132312652,,0.0,1.3953617132312652,5.18096007
13665,1.3954401630512097,,0.0,1.3954401630512097,5.197136122
13670,1.3955147835464603,,0.0,1.3955147835464603,5.1744110136
13675,1.3955845216683205,,0.0,1.3955845216683205,5.1867390647
13680,1.3956486570870694,,0.0,1.3956486570870694,5.1897466285
13685,1.3957068953832157,,0.0,1.3957068953832157,5.1981330673
13690,1.3957593474630852,,0.0,1.3957593474630852,5.2036298171
13695,1.3958064593223047,,0.0,1.3958064593223047,5.1958014604
13700,1.3958489531619056,,0.0,1.3958489531619056,5.1219789207
13705,1.3958877163572438,,0.0,1.3958877163572438,5.0648723343
13710,1.395923756421798,,0.0,1.395923756421798,5.0645316719
13715,1.3959581779276755,,0.0,1.3959581779276755,5.0704453329
13720,1.3959921576795624,,0.0,1.3959921576795624,5.0288222437
13725,1.3960269443404612,,0.0,1.3960269443404612,5.0267886706
13730,1.396063750269954,,0.0,1.396063750269954,5.0615487984
13735,1.3961036746757254,,0.0,1.3961036746757254,5.0807289089
13740,1.3961474738166546,,0.0,1.3961474738166546,5.1312682921
13745,1.39619547242746,,0.0,1.39619547242746,5.177964931
13750,1.3962475446313336,,0.0,1.3962475446313336,5.2257720544
13755,1.3963031385164835,,0.0,1.3963031385164835,5.2290253946
13760,1.3963613753155817,,0.0,1.3963613753155817,5.1779686748
13765,1.396421199110589,,0.0,1.396421199110589,5.1519282439
13770,1.3964815667083768,,0.0,1.3964815667083768,5.1571610258
13775,1.3965414848174242,,0.0,1.3965414848174242,5.1675577134
13780,1.3966002125235977,,0.0,1.3966002125235977,5.1534489809
13785,1.3966572049013302,,0.0,1.3966572049013302,5.1529651294
13790,1.3967120118381118,,0.0,1.3967120118381118,5.1815410452
13795,1.396764197069129,,0.0,1.396764197069129,5.1855815273
13800,1.3968133232067816,,0.0,1.3968133232067816,5.200742497
13805,1.396858941510854,,0.0,1.396858941510854,5.1886139008
13810,1.3969005698070531,,0.0,1.3969005698070531,5.2148436323
13815,1.3969378003992357,,0.0,1.3969378003992357,5.229978535
13820,1.39697033450152,,0.0,1.39697033450152,5.2323204476
13825,1.3969980209120316,,0.0,1.3969980209120316,5.2214780494
13830,1.3970209828877447,,0.0,1.3970209828877447,5.2280127516
13835,1.3970396585647824,,0.0,1.3970396585647824,5.2192373646
13840,1.3970547908533437,,0.0,1.3970547908533437,5.20920188
13845,1.3970673927560844,,0.0,1.3970673927560844,5.192053711
13850,1.3970787014586368,,0.0,1.3970787014586368,5.1324706116
13855,1.3970900687955796,,0.0,1.3970900687955796,5.0543233632
13860,1.397102726089106,,0.0,1.397102726089106,5.0054471643
13865,1.397117792632298,,0.0,1.397117792632298,4.9845156175
13870,1.3971362247894854,,0.0,1.3971362247894854,4.9533460895
13875,1.3971586218789884,,0.0,1.3971586218789884,4.8965413969
13880,1.3971850427847048,,0.0,1.3971850427847048,4.8883390464
13885,1.3972147692977324,,0.0,1.3972147692977324,4.8948786319
13890,1.397246470542168,,0.0,1.397246470542168,4.9233832934
13895,1.3972785625161999,,0.0,1.3972785625161999,4.9643599249
13900,1.397309481677674,,0.0,1.397309481677674,4.9962749372
13905,1.3973378990219987,,0.0,1.3973378990219987,5.0146158227
13910,1.3973628445866555,,0.0,1.3973628445866555,4.9900369438
13915,1.397383751364616,,0.0,1.397383751364616,4.961745368
13920,1.3974004672807279,,0.0,1.3974004672807279,4.9800530552
13925,1.397413256064993,,0.0,1.397413256064993,4.9706069042
13930,1.39742274523014,,0.0,1.39742274523014,4.9793856223
13935,1.3974297912125277,,0.0,1.3974297912125277,4.933234997
13940,1.3974353008491387,,0.0,1.3974353008491387,4.9361719259
13945,1.3974400749360385,,0.0,1.3974400749360385,4.950267402
13950,1.3974447381166129,,0.0,1.3974447381166129,4.9606949838
13955,1.3974499127886761,,0.0,1.3974499127886761,4.9529552024
13960,1.3974563651914287,,0.0,1.3974563651914287,4.9851272349
13965,1.3974651018403172,,0.0,1.3974651018403172,4.9957427548
13970,1.3974773491921284,,0.0,1.3974773491921284,4.982493289
13975,1.3974943826072255,,0.0,1.3974943826072255,4.9922077687
13980,1.3975172701047873,,0.0,1.3975172701047873,5.0021837887
13985,1.3975465275426937,,0.0,1.3975465275426937,5.0069629393
13990,1.3975818585053887,,0.0,1.3975818585053887,4.9915747309
13995,1.397622029924123,,0.0,1.397622029924123,4.9764254418
14000,1.3976648955307085,,0.0,1.3976648955307085,4.9253916581
14005,1.3977075404474297,,0.0,1.3977075404474297,4.8703740858
14010,1.3977465632558868,,0.0,1.3977465632558868,4.8020714789
14015,1.3977785329709773,,0.0,1.3977785329709773,4.7895638818
14020,1.3978006091931365,,0.0,1.3978006091931365,4.7973369391
14025,1.3978111552743548,,0.0,1.3978111552743548,4.8184851735
14030,1.3978101387785866,,0.0,1.3978101387785866,4.8291131088
14035,1.3977990455262292,,0.0,1.3977990455262292,4.8627925218
14040,1.3977803961722903,,0.0,1.3977803961722903,4.8957551808
14045,1.3977570475838643,,0.0,1.3977570475838643,4.9160787598
14050,1.39773163057376,,0.0,1.39773163057376,4.9485174996
14055,1.397706071843087,,0.0,1.397706071843087,4.9923352557
14060,1.397681522996219,,0.0,1.397681522996219,5.0052856562
14065,1.397658374887506,,0.0,1.397658374887506,4.9665627973
14070,1.397636473196223,,0.0,1.397636473196223,4.9371157818
14075,1.3976155049145298,,0.0,1.3976155049145298,4.9118886436
14080,1.3975949420834068,,0.0,1.3975949420834068,4.8764046767
14085,1.3975743505588591,,0.0,1.3975743505588591,4.8420952022
14090,1.3975537454361229,,0.0,1.3975537454361229,4.8158817951
14095,1.3975336489355328,,0.0,1.3975336489355328,4.7902375442
14100,1.3975149337114703,,0.0,1.3975149337114703,4.7831279052
14105,1.3974984157799906,,0.0,1.3974984157799906,4.7670804454
14110,1.3974846061335666,,0.0,1.3974846061335666,4.7536432482
14115,1.397473470589596,,0.0,1.397473470589596,4.7397820284
14120,1.3974643111493283,,0.0,1.3974643111493283,4.7278310125
14125,1.397456010390991,,0.0,1.397456010390991,4.7498822383
14130,1.3974474893170519,,0.0,1.3974474893170519,4.7640424724
14135,1.3974377522656638,,0.0,1.3974377522656638,4.7971158019
14140,1.3974258852888646,,0.0,1.3974258852888646,4.8447948258
14145,1.3974107908007716,,0.0,1.3974107908007716,4.8712191854
14150,1.397390968010505,,0.0,1.397390968010505,4.823216223
14155,1.3973646056144249,,0.0,1.3973646056144249,4.7704411461
14160,1.3973300143183238,,0.0,1.3973300143183238,4.7537220187
14165,1.3972862338904979,,0.0,1.3972862338904979,4.7613670629
14170,1.397233529807505,,0.0,1.397233529807505,4.786505083
14175,1.3971734823285364,,0.0,1.3971734823285364,4.8286819368
14180,1.3971085333888127,,0.0,1.3971085333888127,4.8139095199
14185,1.3970413177932701,,0.0,1.3970413177932701,4.8129834372
14190,1.3969743715416598,,0.0,1.3969743715416598,4.8548379294
14195,1.3969101974491642,,0.0,1.3969101974491642,4.9421189964
14200,1.3968515031770687,,0.0,1.3968515031770687,4.9858636337
14205,1.396801275586159,,0.0,1.396801275586159,5.0006615508
14210,1.3967624486415158,,0.0,1.3967624486415158,5.0350646286
14215,1.3967374897281788,,0.0,1.3967374897281788,5.0426191253
14220,1.396727840628376,,0.0,1.396727840628376,5.0321150201
14225,1.3967334153865865,,0.0,1.3967334153865865,5.0252926047
14230,1.396752315246601,,0.0,1.396752315246601,5.0134162109
14235,1.3967808120592373,,0.0,1.3967808120592373,4.9988765942
14240,1.3968136170025027,,0.0,1.3968136170025027,5.0251017747
14245,1.3968446096440956,,0.0,1.3968446096440956,5.0726923535
14250,1.3968682798483891,,0.0,1.3968682798483891,5.1085034369
14255,1.396881009374494,,0.0,1.396881009374494,5.1281957232
14260,1.396881159827844,,0.0,1.396881159827844,5.1714560427
14265,1.3968693197979136,,0.0,1.3968693197979136,5.1693143735
14270,1.3968472674037724,,0.0,1.3968472674037724,5.1664308099
14275,1.3968166143426262,,0.0,1.3968166143426262,5.1664043781
14280,1.396778928772527,,0.0,1.396778928772527,5.1858760021
14285,1.3967362086291306,,0.0,1.3967362086291306,5.183228686
14290,1.3966908530570277,,0.0,1.3966908530570277,5.1939649677
14295,1.3966452452322928,,0.0,1.3966452452322928,5.1917820994
14300,1.3966015193219743,,0.0,1.3966015193219743,5.1541879572
14305,1.3965614646730042,,0.0,1.3965614646730042,5.139275216
14310,1.3965262575910526,,0.0,1.3965262575910526,5.1289411472
14315,1.3964960188380122,,0.0,1.3964960188380122,5.0950579945
14320,1.396469864905902,,0.0,1.396469864905902,5.0598513516
14325,1.3964464022923002,,0.0,1.3964464022923002,5.0663479239
14330,1.3964245770752326,,0.0,1.3964245770752326,5.0431696119
14335,1.3964041921433448,,0.0,1.3964041921433448,5.010500357
14340,1.39638571819356,,0.0,1.39638571819356,5.0262791812
14345,1.3963695933620024,,0.0,1.3963695933620024,5.0830380196
14350,1.3963554743256048,,0.0,1.3963554743256048,5.1131704592
14355,1.3963421237739801,,0.0,1.3963421237739801,5.1257243252
14360,1.3963275607380194,,0.0,1.3963275607380194,5.1383809988
14365,1.3963097066909682,,0.0,1.3963097066909682,5.0889719993
14370,1.3962870222929533,,0.0,1.3962870222929533,5.0298325761
14375,1.3962588346207827,,0.0,1.3962588346207827,4.9884768946
14380,1.3962254111470782,,0.0,1.3962254111470782,4.9236397169
14385,1.3961877082361698,,0.0,1.3961877082361698,4.8880554002
14390,1.3961469471051753,,0.0,1.3961469471051753,4.8469562553
14395,1.3961041608421476,,0.0,1.3961041608421476,4.8491778699
14400,1.3960599886866938,,0.0,1.3960599886866938,4.875924944
14405,1.3960148098910394,,0.0,1.3960148098910394,4.8882220381
14410,1.395968984245783,,0.0,1.395968984245783,4.948047807
14415,1.3959229281798484,,0.0,1.3959229281798484,4.9852991715
14420,1.3958771468222695,,0.0,1.3958771468222695,4.994448479
14425,1.3958321895897574,,0.0,1.3958321895897574,4.9856879774
14430,1.3957885763323203,,0.0,1.3957885763323203,4.9977032211
14435,1.3957469405508802,,0.0,1.3957469405508802,5.0591474822
14440,1.3957078946629289,,0.0,1.3957078946629289,5.1521918654
14445,1.3956717093846938,,0.0,1.3956717093846938,5.1586707334
14450,1.3956380150700083,,0.0,1.3956380150700083,5.1042791372
14455,1.395605785991307,,0.0,1.395605785991307,5.0608422511
14460,1.3955736656981124,,0.0,1.3955736656981124,5.0770041027
14465,1.3955404476942816,,0.0,1.3955404476942816,5.0577209609
14470,1.395505379338802,,0.0,1.395505379338802,5.0741594811
14475,1.3954681855490558,,0.0,1.3954681855490558,5.086655265
14480,1.3954288320176873,,0.0,1.3954288320176873,5.0666661994
14485,1.395387264975713,,0.0,1.395387264975713,5.018377699
14490,1.395343281697848,,0.0,1.395343281697848,5.0376479143
14495,1.3952965686772356,,0.0,1.3952965686772356,5.0797915963
14500,1.395246826254716,,0.0,1.395246826254716,5.1065296274
14505,1.3951940902346933,,0.0,1.3951940902346933,5.1269661426
14510,1.3951388880771711,,0.0,1.3951388880771711,5.1453999394
14515,1.3950822243015317,,0.0,1.3950822243015317,5.1246429582
14520,1.395025253131983,,0.0,1.395025253131983,5.082639722
14525,1.3949689769670885,,0.0,1.3949689769670885,5.0427464572
14530,1.394913881599009,,0.0,1.394913881599009,4.99163321
14535,1.3948596775984137,,0.0,1.3948596775984137,4.9304007965
14540,1.3948053624419856,,0.0,1.3948053624419856,4.8955434166
14545,1.394749593027927,,0.0,1.394749593027927,4.9035193758
14550,1.3946913347711372,,0.0,1.3946913347711372,4.9320269138
14555,1.3946303288070208,,0.0,1.3946303288070208,4.9687684769
14560,1.3945673400024847,,0.0,1.3945673400024847,4.9808729871
14565,1.3945038388331819,,0.0,1.3945038388331819,4.9793366409
14570,1.3944414580797473,,0.0,1.3944414580797473,4.9907139985
14575,1.394381583010837,,0.0,1.394381583010837,4.9644742644
14580,1.3943250836609982,,0.0,1.3943250836609982,4.9228864898
14585,1.394272322066401,,0.0,1.394272322066401,4.9528622678
14590,1.39422319505547,,0.0,1.39422319505547,5.0006145064
14595,1.3941772268163668,,0.0,1.3941772268163668,5.0121231401
14600,1.3941338553322238,,0.0,1.3941338553322238,4.9781376426
14605,1.3940925537668074,,0.0,1.3940925537668074,4.9452859315
14610,1.3940530572673302,,0.0,1.3940530572673302,4.9473426565
14615,1.3940153768121457,,0.0,1.3940153768121457,4.9617547941
14620,1.3939796991580244,,0.0,1.3939796991580244,4.9213781508
14625,1.3939463344434642,,0.0,1.3939463344434642,4.9045823285
14630,1.3939154901344029,,0.0,1.3939154901344029,4.8980187373
14635,1.3938869834661987,,0.0,1.3938869834661987,4.8898540713
14640,1.393860180688422,,0.0,1.393860180688422,4.8951431151
14645,1.3938341279318236,,0.0,1.3938341279318236,4.9173166783
14650,1.39380764415008,,0.0,1.39380764415008,4.9414879469
14655,1.393779448992668,,0.0,1.393779448992668,4.9749441074
14660,1.3937483509339268,,0.0,1.3937483509339268,4.9900615754
14665,1.3937134589806337,,0.0,1.3937134589806337,4.9719027925
14670,1.3936743045566837,,0.0,1.3936743045566837,4.9353013075
14675,1.3936308850422423,,0.0,1.3936308850422423,4.8859495661
14680,1.393583434725362,,0.0,1.393583434725362,4.8420450093
14685,1.3935321427331397,,0.0,1.3935321427331397,4.8172152749
14690,1.3934769854870654,,0.0,1.3934769854870654,4.8099440671
14695,1.3934178694216228,,0.0,1.3934178694216228,4.8165188767
14700,1.393354888601344,,0.0,1.393354888601344,4.8490357743
14705,1.393288396953389,,0.0,1.393288396953389,4.8726196841
14710,1.3932190605394783,,0.0,1.3932190605394783,4.8906390206
14715,1.393147820878214,,0.0,1.393147820878214,4.9202430849
14720,1.3930758803488559,,0.0,1.3930758803488559,4.9461591008
14725,1.393004620227932,,0.0,1.393004620227932,4.9326535249
14730,1.3929355455479588,,0.0,1.3929355455479588,4.9222752546
14735,1.3928701481175272,,0.0,1.3928701481175272,5.0104536459
14740,1.3928096639994834,,0.0,1.3928096639994834,5.0961732796
14745,1.392754841842711,,0.0,1.392754841842711,5.1172645685
14750,1.3927058485680914,,0.0,1.3927058485680914,5.0959299345
14755,1.3926623540764829,,0.0,1.3926623540764829,5.0521181971
14760,1.3926235832711495,,0.0,1.3926235832711495,5.0381441931
14765,1.392588436195882,,0.0,1.392588436195882,5.0265064129
14770,1.3925554654545222,,0.0,1.3925554654545222,4.9690558036
14775,1.3925229766379477,,0.0,1.3925229766379477,4.9286224222
14780,1.3924892593685223,,0.0,1.3924892593685223,4.9015531142
14785,1.3924528296971586,,0.0,1.3924528296971586,4.8917544361
14790,1.3924126767420197,,0.0,1.3924126767420197,4.8902503962
14795,1.3923684454531595,,0.0,1.3923684454531595,4.891927881
14800,1.3923202360080575,,0.0,1.3923202360080575,4.8961244186
14805,1.3922685126164285,,0.0,1.3922685126164285,4.9218827475
14810,1.3922140312876434,,0.0,1.3922140312876434,4.9347748292
14815,1.392157841452532,,0.0,1.392157841452532,4.9143820088
14820,1.3921012094891683,,0.0,1.3921012094891683,4.8665297989
14825,1.3920453811912115,,0.0,1.3920453811912115,4.854297129
14830,1.3919912897187439,,0.0,1.3919912897187439,4.83806514
14835,1.39193935399577,,0.0,1.39193935399577,4.8172751494
14840,1.391889534600019,,0.0,1.391889534600019,4.8013443528
14845,1.3918415404803586,,0.0,1.3918415404803586,4.8022029273
14850,1.3917952390232635,,0.0,1.3917952390232635,4.8016922866
14855,1.3917507780622496,,0.0,1.3917507780622496,4.8132233732
14860,1.3917086239278496,,0.0,1.3917086239278496,4.807184537
14865,1.3916695252689473,,0.0,1.3916695252689473,4.8310167938
14870,1.3916343633479513,,0.0,1.3916343633479513,4.8461840761
14875,1.3916039686523838,,0.0,1.3916039686523838,4.7920216693
14880,1.391578945490726,,0.0,1.391578945490726,4.7701586813
14885,1.3915594303438765,,0.0,1.3915594303438765,4.8421258959
14890,1.391544764385848,,0.0,1.391544764385848,4.9143487462
14895,1.3915333814546524,,0.0,1.3915333814546524,4.9402371512
14900,1.3915229552620492,,0.0,1.3915229552620492,4.9404108399
14905,1.3915109052710999,,0.0,1.3915109052710999,4.869108398
14910,1.391494898955863,,0.0,1.391494898955863,4.8276651612
14915,1.3914732016116675,,0.0,1.3914732016116675,4.8512299373
14920,1.3914448337946896,,0.0,1.3914448337946896,4.8421343582
14925,1.3914095775596533,,0.0,1.3914095775596533,4.7950729621
14930,1.3913681062040135,,0.0,1.3913681062040135,4.7536106252
14935,1.391321859763442,,0.0,1.391321859763442,4.751742457
14940,1.39127270231253,,0.0,1.39127270231253,4.7251122811
14945,1.3912225336055184,,0.0,1.3912225336055184,4.7275822769
14950,1.391173137624917,,0.0,1.391173137624917,4.7316682282
14955,1.3911260878932001,,0.0,1.3911260878932001,4.759981976
14960,1.391082773296891,,0.0,1.391082773296891,4.7580733337
14965,1.3910440953085494,,0.0,1.3910440953085494,4.7268583295
14970,1.3910110318749513,,0.0,1.3910110318749513,4.6772300325
14975,1.3909842343368435,,0.0,1.3909842343368435,4.6608709969
14980,1.390963798255807,,0.0,1.390963798255807,4.6411446992
14985,1.3909493398884702,,0.0,1.3909493398884702,4.5937073548
14990,1.3909401693450945,,0.0,1.3909401693450945,4.5803912876
14995,1.3909354955604283,,0.0,1.3909354955604283,4.5504362109
15000,1.390934572006406,,0.0,1.390934572006406,4.5220010886
15005,1.390936787138814,,0.0,1.390936787138814,4.5147867043
15010,1.390941563471286,,0.0,1.390941563471286,4.5378911642
15015,1.3909482324470201,,0.0,1.3909482324470201,4.5583850164
15020,1.3909558685159302,,0.0,1.3909558685159302,4.544573373
15025,1.3909632694235092,,0.0,1.3909632694235092,4.4674764005
15030,1.3909692032237937,,0.0,1.3909692032237937,4.4312422896
15035,1.3909725063360245,,0.0,1.3909725063360245,4.5287998233
15040,1.3909721480424744,,0.0,1.3909721480424744,4.5939600262
15045,1.390967363725745,,0.0,1.390967363725745,4.6132839914
15050,1.3909578545999544,,0.0,1.3909578545999544,4.5857433328
15055,1.3909439473958853,,0.0,1.3909439473958853,4.4866246545
15060,1.3909266139473662,,0.0,1.3909266139473662,4.4517262359
15065,1.3909073130031722,,0.0,1.3909073130031722,4.4690038137
15070,1.3908877130235884,,0.0,1.3908877130235884,4.467720725
15075,1.3908693938935444,,0.0,1.3908693938935444,4.4466677684
15080,1.3908536184980014,,0.0,1.3908536184980014,4.3978060949
15085,1.3908411474622295,,0.0,1.3908411474622295,4.3964277129
15090,1.3908321248771232,,0.0,1.3908321248771232,4.4144235468
15095,1.3908262928761204,,0.0,1.3908262928761204,4.4000201553
15100,1.3908230657390888,,0.0,1.3908230657390888,4.4061568572
15105,1.3908215862811462,,0.0,1.3908215862811462,4.4508286608
15110,1.3908209411781003,,0.0,1.3908209411781003,4.4540354338
15115,1.3908204215776003,,0.0,1.3908204215776003,4.4195726087
15120,1.3908197069865644,,0.0,1.3908197069865644,4.3998360597
15125,1.390818891095263,,0.0,1.390818891095263,4.3950114783
15130,1.3908183571480504,,0.0,1.3908183571480504,4.3760112431
15135,1.390818591560857,,0.0,1.390818591560857,4.351633537
15140,1.3908200191211266,,0.0,1.3908200191211266,4.3530056666
15145,1.3908229432306396,,0.0,1.3908229432306396,4.3427241331
15150,1.3908275486501018,,0.0,1.3908275486501018,4.3148867346
15155,1.390833887900957,,0.0,1.390833887900957,4.3193601882
15160,1.390841870910801,,0.0,1.390841870910801,4.3380336157
15165,1.3908512899641878,,0.0,1.3908512899641878,4.3554064486
15170,1.3908618409108129,,0.0,1.3908618409108129,4.3204819039
15175,1.3908731769344962,,0.0,1.3908731769344962,4.2709599048
15180,1.3908848688814033,,0.0,1.3908848688814033,4.2847744202
15185,1.390896357479255,,0.0,1.390896357479255,4.38319735
15190,1.3909069856486196,,0.0,1.3909069856486196,4.4455288911
15195,1.3909160825871225,,0.0,1.3909160825871225,4.4699826769
15200,1.3909231411696663,,0.0,1.3909231411696663,4.4372259682
15205,1.3909279526827725,,0.0,1.3909279526827725,4.3646718377
15210,1.3909305878619713,,0.0,1.3909305878619713,4.3652309038
15215,1.390931294967766,,0.0,1.390931294967766,4.4069905568
15220,1.3909303973625802,,0.0,1.3909303973625802,4.4068585399
15225,1.3909282461042312,,0.0,1.3909282461042312,4.3779212776
15230,1.3909252372867376,,0.0,1.3909252372867376,4.3596491824
15235,1.3909218504645586,,0.0,1.3909218504645586,4.3598434573
15240,1.390918656512097,,0.0,1.390918656512097,4.3744996214
15245,1.3909162562447206,,0.0,1.3909162562447206,4.3858891004
15250,1.3909151955860288,,0.0,1.3909151955860288,4.403299114
15255,1.3909158912144535,,0.0,1.3909158912144535,4.4712748623
15260,1.3909186083570444,,0.0,1.3909186083570444,4.4891799729
15265,1.3909234887343707,,0.0,1.3909234887343707,4.4638215494
15270,1.3909305702716541,,0.0,1.3909305702716541,4.4523108547
15275,1.3909398041900731,,0.0,1.3909398041900731,4.4555099698
15280,1.3909510254400566,,0.0,1.3909510254400566,4.4263611194
15285,1.3909639162731113,,0.0,1.3909639162731113,4.4392031651
15290,1.3909780555196605,,0.0,1.3909780555196605,4.454955048
15295,1.3909930399747064,,0.0,1.3909930399747064,4.4582056163
15300,1.3910085987972678,,0.0,1.3910085987972678,4.4851732622
15305,1.3910246557626376,,0.0,1.3910246557626376,4.5057583561
15310,1.3910413731757976,,0.0,1.3910413731757976,4.54484315
15315,1.391059129665204,,0.0,1.391059129665204,4.5872752338
15320,1.3910784293618577,,0.0,1.3910784293618577,4.5696744019
15325,1.3910997677887331,,0.0,1.3910997677887331,4.5361025765
15330,1.391123504736428,,0.0,1.391123504736428,4.5641287395
15335,1.3911497444993053,,0.0,1.3911497444993053,4.6309683466
15340,1.3911782474248888,,0.0,1.3911782474248888,4.6799098175
15345,1.391208426420753,,0.0,1.391208426420753,4.7002905877
15350,1.3912394360288929,,0.0,1.3912394360288929,4.6725024904
15355,1.3912702994253194,,0.0,1.3912702994253194,4.5921304136
15360,1.3913000004885265,,0.0,1.3913000004885265,4.5894104684
15365,1.3913275153622586,,0.0,1.3913275153622586,4.6093088531
15370,1.3913518155743614,,0.0,1.3913518155743614,4.5975454226
15375,1.391371921306749,,0.0,1.391371921306749,4.5421207055
15380,1.3913870473576093,,0.0,1.3913870473576093,4.5252011352
15385,1.3913967610799953,,0.0,1.3913967610799953,4.5248602001
15390,1.391401096032739,,0.0,1.391401096032739,4.5477892925
15395,1.391400524908828,,0.0,1.391400524908828,4.5890489309
15400,1.3913959357073882,,0.0,1.3913959357073882,4.6105802241
15405,1.3913884960013085,,0.0,1.3913884960013085,4.660330464
15410,1.3913794110391915,,0.0,1.3913794110391915,4.6588518674
15415,1.3913700543628154,,0.0,1.3913700543628154,4.6458226838
15420,1.3913619403612487,,0.0,1.3913619403612487,4.6467463502
15425,1.3913565296545767,,0.0,1.3913565296545767,4.6570589536
15430,1.391355021627963,,0.0,1.391355021627963,4.647622362
15435,1.3913581263812993,,0.0,1.3913581263812993,4.6285866815
15440,1.391365922634373,,0.0,1.391365922634373,4.6245239983
15445,1.3913779439318972,,0.0,1.3913779439318972,4.6264731518
15450,1.3913932720842725,,0.0,1.3913932720842725,4.6653670714
15455,1.39141082759495,,0.0,1.39141082759495,4.6767128354
15460,1.3914295782491546,,0.0,1.3914295782491546,4.6846434483
15465,1.3914487389698287,,0.0,1.3914487389698287,4.6976508167
15470,1.3914678764862543,,0.0,1.3914678764862543,4.6862108215
15475,1.3914868314875464,,0.0,1.3914868314875464,4.6666031506
15480,1.3915056813211983,,0.0,1.3915056813211983,4.6837809673
15485,1.3915245864208818,,0.0,1.3915245864208818,4.7415350104
15490,1.3915436781525816,,0.0,1.3915436781525816,4.7749550085
15495,1.3915629943167664,,0.0,1.3915629943167664,4.7909998854
15500,1.3915825311708154,,0.0,1.3915825311708154,4.757923068
15505,1.3916023009406229,,0.0,1.3916023009406229,4.6853085831
15510,1.3916224525824903,,0.0,1.3916224525824903,4.6744563573
15515,1.391643290995247,,0.0,1.391643290995247,4.700280348
15520,1.3916651750962128,,0.0,1.3916651750962128,4.6939792167
15525,1.3916884297448604,,0.0,1.3916884297448604,4.6509737208
15530,1.3917133075680834,,0.0,1.3917133075680834,4.6303140704
15535,1.3917399920790476,,0.0,1.3917399920790476,4.6372379656
15540,1.39176856910852,,0.0,1.39176856910852,4.665740193
15545,1.3917989313680417,,0.0,1.3917989313680417,4.6918127094
15550,1.391830728049304,,0.0,1.391830728049304,4.6975503215
15555,1.3918633897749526,,0.0,1.3918633897749526,4.7213062754
15560,1.3918963027552005,,0.0,1.3918963027552005,4.7002138138
15565,1.391928941276601,,0.0,1.391928941276601,4.6579043027
15570,1.391960955528877,,0.0,1.391960955528877,4.6190032319
15575,1.3919922861291145,,0.0,1.3919922861291145,4.5999023662
15580,1.39202314328784,,0.0,1.39202314328784,4.5769680595
15585,1.392053886920406,,0.0,1.392053886920406,4.5245355182
15590,1.392084896279038,,0.0,1.392084896279038,4.5275064819
15595,1.3921164791319074,,0.0,1.3921164791319074,4.5321106629
15600,1.3921488188674258,,0.0,1.3921488188674258,4.529136546
15605,1.392181975118016,,0.0,1.392181975118016,4.5221186699
15610,1.3922159281725424,,0.0,1.3922159281725424,4.5308037649
15615,1.3922506328700488,,0.0,1.3922506328700488,4.546481138
15620,1.3922860601428488,,0.0,1.3922860601428488,4.5541489469
15625,1.3923222313238794,,0.0,1.3923222313238794,4.5547399263
15630,1.3923593149558247,,0.0,1.3923593149558247,4.5510761896
15635,1.3923975812558946,,0.0,1.3923975812558946,4.5759825418
15640,1.3924371744397386,,0.0,1.3924371744397386,4.600268457
15645,1.3924781401673285,,0.0,1.3924781401673285,4.5986418977
15650,1.3925202431525798,,0.0,1.3925202431525798,4.5823441765
15655,1.3925629882467803,,0.0,1.3925629882467803,4.5025296435
15660,1.3926057761316102,,0.0,1.3926057761316102,4.4392221212
15665,1.3926479736804098,,0.0,1.3926479736804098,4.4481899733
15670,1.392689113689368,,0.0,1.392689113689368,4.4331399022
15675,1.3927290316079306,,0.0,1.3927290316079306,4.3841698254
15680,1.392767941139736,,0.0,1.392767941139736,4.3757582887
15685,1.3928064019313258,,0.0,1.3928064019313258,4.4011918061
15690,1.3928451926973027,,0.0,1.3928451926973027,4.4323173103
15695,1.392885092526532,,0.0,1.392885092526532,4.472752503
15700,1.392926606423293,,0.0,1.392926606423293,4.4952075245
15705,1.3929697857862429,,0.0,1.3929697857862429,4.5274666202
15710,1.3930141596689498,,0.0,1.3930141596689498,4.5227149285
15715,1.393059002876286,,0.0,1.393059002876286,4.5014522836
15720,1.3931036409880106,,0.0,1.3931036409880106,4.475099982
15725,1.393147758875465,,0.0,1.393147758875465,4.4566778356
15730,1.3931915573926241,,0.0,1.3931915573926241,4.4582487272
15735,1.3932356916228554,,0.0,1.3932356916228554,4.4036591704
15740,1.3932811043323006,,0.0,1.3932811043323006,4.3921430321
15745,1.3933289116951908,,0.0,1.3933289116951908,4.4188818406
15750,1.3933801257161493,,0.0,1.3933801257161493,4.4122903345
15755,1.3934355226146993,,0.0,1.3934355226146993,4.4093943213
15760,1.3934954453396458,,0.0,1.3934954453396458,4.4117055784
15765,1.3935596287886929,,0.0,1.3935596287886929,4.420439165
15770,1.3936270614562334,,0.0,1.3936270614562334,4.4391107353
15775,1.393696001651371,,0.0,1.393696001651371,4.4623086164
15780,1.3937640388769006,,0.0,1.3937640388769006,4.4710956899
15785,1.393828201242518,,0.0,1.393828201242518,4.4878754336
15790,1.393885663194388,,0.0,1.393885663194388,4.4983168354
15795,1.3939342878208736,,0.0,1.3939342878208736,4.5102369913
15800,1.3939730244436053,,0.0,1.3939730244436053,4.5112634259
15805,1.3940019250850098,,0.0,1.3940019250850098,4.4568104493
15810,1.39402204641165,,0.0,1.39402204641165,4.405344392
15815,1.39403584383218,,0.0,1.39403584383218,4.4041572393
15820,1.3940468836898159,,0.0,1.3940468836898159,4.3968012922
15825,1.3940594897094394,,0.0,1.3940594897094394,4.36372913
15830,1.3940781541586151,,0.0,1.3940781541586151,4.3606942182
15835,1.3941065369460757,,0.0,1.3941065369460757,4.3902429597
15840,1.3941466152983097,,0.0,1.3941466152983097,4.4339131855
15845,1.3941981093920472,,0.0,1.3941981093920472,4.4903782925
15850,1.3942586358017044,,0.0,1.3942586358017044,4.5498717411
15855,1.3943243750581553,,0.0,1.3943243750581553,4.5950874546
15860,1.3943909002649422,,0.0,1.3943909002649422,4.6164288878
15865,1.3944540060887507,,0.0,1.3944540060887507,4.600352601
15870,1.3945106510265328,,0.0,1.3945106510265328,4.5967203034
15875,1.3945593964149114,,0.0,1.3945593964149114,4.5769267041
15880,1.3946003252153114,,0.0,1.3946003252153114,4.5623088188
15885,1.3946348482709623,,0.0,1.3946348482709623,4.5297771622
15890,1.3946652051660613,,0.0,1.3946652051660613,4.5244517117
15895,1.3946936684198656,,0.0,1.3946936684198656,4.5505844999
15900,1.3947220855146822,,0.0,1.3947220855146822,4.5511148431
15905,1.3947517264464508,,0.0,1.3947517264464508,4.5639358811
15910,1.3947832625165622,,0.0,1.3947832625165622,4.5577199116
15915,1.3948169463519098,,0.0,1.3948169463519098,4.5614260314
15920,1.3948527649780755,,0.0,1.3948527649780755,4.5819456665
15925,1.3948905282699302,,0.0,1.3948905282699302,4.5967209663
15930,1.39492980832118,,0.0,1.39492980832118,4.6237300995
15935,1.3949699722546731,,0.0,1.3949699722546731,4.6430572134
15940,1.3950102994911804,,0.0,1.3950102994911804,4.6545466507
15945,1.3950500438768987,,0.0,1.3950500438768987,4.6560522795
15950,1.395088485082107,,0.0,1.395088485082107,4.6413719886
15955,1.3951250527314185,,0.0,1.3951250527314185,4.6026777896
15960,1.3951593382554126,,0.0,1.3951593382554126,4.5544497979
15965,1.3951911275761877,,0.0,1.3951911275761877,4.5529026836
15970,1.3952203319936347,,0.0,1.3952203319936347,4.5515596871
15975,1.3952469760842958,,0.0,1.3952469760842958,4.5389892411
15980,1.3952710447529346,,0.0,1.3952710447529346,4.5238822336
15985,1.3952925579601942,,0.0,1.3952925579601942,4.528779672
15990,1.395311580328658,,0.0,1.395311580328658,4.55386389
15995,1.3953281237099582,,0.0,1.3953281237099582,4.5821749252
16000,1.3953422225362044,,0.0,1.3953422225362044,4.6198970635
16005,1.3953539994406001,,0.0,1.3953539994406001,4.6850617757
16010,1.3953636983172573,,0.0,1.3953636983172573,4.7093221259
16015,1.3953716984184024,,0.0,1.3953716984184024,4.7075171774
16020,1.3953785676243413,,0.0,1.3953785676243413,4.6936638043
16025,1.3953851157134285,,0.0,1.3953851157134285,4.688563893
16030,1.3953923664171655,,0.0,1.3953923664171655,4.673768411
16035,1.3954014970392543,,0.0,1.3954014970392543,4.6762981428
16040,1.3954135295646406,,0.0,1.3954135295646406,4.6632345324
16045,1.3954291803309156,,0.0,1.3954291803309156,4.6593757958
16050,1.3954487692073918,,0.0,1.3954487692073918,4.6822976417
16055,1.3954721482357988,,0.0,1.3954721482357988,4.7192715281
16060,1.3954987672509016,,0.0,1.3954987672509016,4.7261889552
16065,1.3955278506569477,,0.0,1.3955278506569477,4.719719437
16070,1.3955585531206864,,0.0,1.3955585531206864,4.7246830029
16075,1.3955899150341835,,0.0,1.3955899150341835,4.717465737
16080,1.3956210773412459,,0.0,1.3956210773412459,4.7084787525
16085,1.3956514173945518,,0.0,1.3956514173945518,4.7285204177
16090,1.3956807020288347,,0.0,1.3956807020288347,4.7668098546
16095,1.3957090622358175,,0.0,1.3957090622358175,4.7825488143
16100,1.395736793058761,,0.0,1.395736793058761,4.7775754028
16105,1.395764192285515,,0.0,1.395764192285515,4.7077426863
16110,1.3957912869877023,,0.0,1.3957912869877023,4.6391211572
16115,1.3958176916753962,,0.0,1.3958176916753962,4.6256736205
16120,1.3958428660389284,,0.0,1.3958428660389284,4.6347588273
16125,1.3958663252841714,,0.0,1.3958663252841714,4.6191200612
16130,1.3958877708747512,,0.0,1.3958877708747512,4.6039828414
16135,1.3959071577744662,,0.0,1.3959071577744662,4.5980818989
16140,1.3959246072442255,,0.0,1.3959246072442255,4.5971974218
16145,1.3959402663690201,,0.0,1.3959402663690201,4.6357498862
16150,1.3959541946565188,,0.0,1.3959541946565188,4.6801383219
16155,1.3959663587973976,,0.0,1.3959663587973976,4.7015010362
16160,1.3959767117593906,,0.0,1.3959767117593906,4.7036236705
16165,1.3959852817369063,,0.0,1.3959852817369063,4.6735859031
16170,1.3959922753226046,,0.0,1.3959922753226046,4.6463717091
16175,1.395998166457014,,0.0,1.395998166457014,4.6548225054
16180,1.3960036845768988,,0.0,1.3960036845768988,4.6394210093
16185,1.3960096927305803,,0.0,1.3960096927305803,4.6128005111
16190,1.396016964143485,,0.0,1.396016964143485,4.5958045935
16195,1.3960258863016035,,0.0,1.3960258863016035,4.6010741841
16200,1.3960363653899122,,0.0,1.3960363653899122,4.6367158699
16205,1.3960479625237627,,0.0,1.3960479625237627,4.6764856115
16210,1.396060122922021,,0.0,1.396060122922021,4.7109857222
16215,1.396072345946798,,0.0,1.396072345946798,4.7227540431
16220,1.3960842255237536,,0.0,1.3960842255237536,4.7456005602
16225,1.3960954295576822,,0.0,1.3960954295576822,4.777708244
16230,1.3961057126574228,,0.0,1.3961057126574228,4.8183479798
16235,1.3961149868713905,,0.0,1.3961149868713905,4.8666164158
16240,1.3961233956667103,,0.0,1.3961233956667103,4.9021518122
16245,1.3961313497336214,,0.0,1.3961313497336214,4.9364176889
16250,1.3961394376615974,,0.0,1.3961394376615974,4.9554870375
16255,1.396148282347469,,0.0,1.396148282347469,4.8999477328
16260,1.3961584272197536,,0.0,1.3961584272197536,4.8724657391
16265,1.3961702618852612,,0.0,1.3961702618852612,4.8419891071
16270,1.3961839530153648,,0.0,1.3961839530153648,4.8144574737
16275,1.396199377852107,,0.0,1.396199377852107,4.7976418224
16280,1.3962160552192262,,0.0,1.3962160552192262,4.8044959352
16285,1.3962331764611544,,0.0,1.3962331764611544,4.7718351935
16290,1.3962497190939305,,0.0,1.3962497190939305,4.7542982317
16295,1.3962645437390746,,0.0,1.3962645437390746,4.7683669342
16300,1.3962765180043324,,0.0,1.3962765180043324,4.8117685536
16305,1.3962845776131458,,0.0,1.3962845776131458,4.823209175
16310,1.3962880095962809,,0.0,1.3962880095962809,4.818103865
16315,1.3962866284445072,,0.0,1.3962866284445072,4.7887721173
16320,1.3962806895293076,,0.0,1.3962806895293076,4.7408893354
16325,1.3962708187416082,,0.0,1.3962708187416082,4.7047765997
16330,1.3962579115657767,,0.0,1.3962579115657767,4.6737018539
16335,1.3962429923570843,,0.0,1.3962429923570843,4.6127106464
16340,1.3962269889111898,,0.0,1.3962269889111898,4.5648559549
16345,1.3962107846113205,,0.0,1.3962107846113205,4.5263045969
16350,1.3961953312059074,,0.0,1.3961953312059074,4.5170938697
16355,1.3961817432473798,,0.0,1.3961817432473798,4.535267401
16360,1.3961713335223072,,0.0,1.3961713335223072,4.5601723189
16365,1.3961655197353913,,0.0,1.3961655197353913,4.5701094219
16370,1.396165611055335,,0.0,1.396165611055335,4.5852305966
16375,1.3961725955339899,,0.0,1.3961725955339899,4.5759835844
16380,1.3961869002043719,,0.0,1.3961869002043719,4.5980049967
16385,1.3962081771275145,,0.0,1.3962081771275145,4.6366278644
16390,1.3962353904707763,,0.0,1.3962353904707763,4.6531464566
16395,1.3962669643413563,,0.0,1.3962669643413563,4.6792907823
16400,1.3963010916772505,,0.0,1.3963010916772505,4.7095016663
16405,1.3963359389686039,,0.0,1.3963359389686039,4.6757311926
16410,1.396369792344667,,0.0,1.396369792344667,4.6196799838
16415,1.3964012222491058,,0.0,1.3964012222491058,4.572377461
16420,1.3964291162503095,,0.0,1.3964291162503095,4.5428904015
16425,1.3964527800921482,,0.0,1.3964527800921482,4.5339155235
16430,1.3964718320273148,,0.0,1.3964718320273148,4.5656522248
16435,1.3964860146882638,,0.0,1.3964860146882638,4.5598401007
16440,1.3964950390199264,,0.0,1.3964950390199264,4.5690015714
16445,1.396498562073497,,0.0,1.396498562073497,4.5782866858
16450,1.3964962579914717,,0.0,1.3964962579914717,4.5955370813
16455,1.3964878108966672,,0.0,1.3964878108966672,4.636741871
16460,1.3964728425348902,,0.0,1.3964728425348902,4.651161121
16465,1.3964509303642694,,0.0,1.3964509303642694,4.6585163459
16470,1.3964217989279248,,0.0,1.3964217989279248,4.6341727632
16475,1.3963854875233739,,0.0,1.3963854875233739,4.5869264161
16480,1.3963424075893793,,0.0,1.3963424075893793,4.5713609944
16485,1.3962933226205536,,0.0,1.3962933226205536,4.5349195648
16490,1.396239384845041,,0.0,1.396239384845041,4.4978874531
16495,1.396181911041539,,0.0,1.396181911041539,4.4727405048
16500,1.3961222031430176,,0.0,1.3961222031430176,4.4732187994
16505,1.3960615335157436,,0.0,1.3960615335157436,4.4581379545
16510,1.3960012206849715,,0.0,1.3960012206849715,4.447920508
16515,1.395942717286529,,0.0,1.395942717286529,4.4757417473
16520,1.395887561662257,,0.0,1.395887561662257,4.5194919396
16525,1.3958373168552922,,0.0,1.3958373168552922,4.5055404366
16530,1.395793435750971,,0.0,1.395793435750971,4.5020405922
16535,1.3957571263424842,,0.0,1.3957571263424842,4.5163069158
16540,1.395729248933565,,0.0,1.395729248933565,4.5591919142
16545,1.3957102123431429,,0.0,1.3957102123431429,4.6175632012
16550,1.3956996761174922,,0.0,1.3956996761174922,4.6887156327
16555,1.395696745146508,,0.0,1.395696745146508,4.6701197661
16560,1.395699830687725,,0.0,1.395699830687725,4.6050390526
16565,1.3957069402946636,,0.0,1.3957069402946636,4.5191390534
16570,1.3957159492815814,,0.0,1.3957159492815814,4.5142505949
16575,1.3957250439745121,,0.0,1.3957250439745121,4.5159753642
16580,1.3957331181795458,,0.0,1.3957331181795458,4.5103879884
16585,1.3957379487800174,,0.0,1.3957379487800174,4.5001405007
16590,1.395736671049328,,0.0,1.395736671049328,4.5192399308
16595,1.3957269044312366,,0.0,1.3957269044312366,4.5237517584
16600,1.3957082586951641,,0.0,1.3957082586951641,4.555792715
16605,1.3956822713096728,,0.0,1.3956822713096728,4.6213765254
16610,1.3956502801368909,,0.0,1.3956502801368909,4.6797745726
16615,1.3956137025072572,,0.0,1.3956137025072572,4.7244483219
16620,1.3955739945497134,,0.0,1.3955739945497134,4.7100289384
16625,1.3955327158142832,,0.0,1.3955327158142832,4.683055008
16630,1.3954915392523966,,0.0,1.3954915392523966,4.6767937993
16635,1.3954521585246513,,0.0,1.3954521585246513,4.6803352281
16640,1.3954160628198036,,0.0,1.3954160628198036,4.6696605816
16645,1.3953842913388534,,0.0,1.3953842913388534,4.6496243888
16650,1.3953573192698696,,0.0,1.3953573192698696,4.6549486027
16655,1.3953350012744166,,0.0,1.3953350012744166,4.6785631602
16660,1.3953165620062498,,0.0,1.3953165620062498,4.7093675459
16665,1.3953006481337429,,0.0,1.3953006481337429,4.7535877039
16670,1.3952854636980003,,0.0,1.3952854636980003,4.7884526179
16675,1.3952689735866675,,0.0,1.3952689735866675,4.7901766359
16680,1.395249144309192,,0.0,1.395249144309192,4.7823387896
16685,1.3952242266894361,,0.0,1.3952242266894361,4.760997796
16690,1.395193107297757,,0.0,1.395193107297757,4.783362748
16695,1.3951552924824913,,0.0,1.3951552924824913,4.8384744783
16700,1.3951107196171197,,0.0,1.3951107196171197,4.8953488129
16705,1.3950600824587571,,0.0,1.3950600824587571,4.8737600632
16710,1.3950046397754812,,0.0,1.3950046397754812,4.8103593669
16715,1.3949459838028704,,0.0,1.3949459838028704,4.7487249788
16720,1.3948859695084719,,0.0,1.3948859695084719,4.7675669419
16725,1.3948265872179473,,0.0,1.3948265872179473,4.7444947004
16730,1.394769758267983,,0.0,1.394769758267983,4.7261727898
16735,1.3947171615982026,,0.0,1.3947171615982026,4.6783961194
16740,1.394670071695691,,0.0,1.394670071695691,4.6980494126
16745,1.3946293018319147,,0.0,1.3946293018319147,4.6956299988
16750,1.3945951893417488,,0.0,1.3945951893417488,4.7102122696
16755,1.3945674696219132,,0.0,1.3945674696219132,4.7549242277
16760,1.3945453085670192,,0.0,1.3945453085670192,4.7842713329
16765,1.394527293836788,,0.0,1.394527293836788,4.8294821469
16770,1.3945119930055434,,0.0,1.3945119930055434,4.8476783464
16775,1.3944978954268377,,0.0,1.3944978954268377,4.8261205306
16780,1.3944824370312636,,0.0,1.3944824370312636,4.8100265022
16785,1.3944630634802289,,0.0,1.3944630634802289,4.8101911984
16790,1.3944368897122292,,0.0,1.3944368897122292,4.7762366256
16795,1.394402221692405,,0.0,1.394402221692405,4.7487115385
16800,1.3943596496320325,,0.0,1.3943596496320325,4.7563823649
16805,1.3943101593373906,,0.0,1.3943101593373906,4.7598549439
16810,1.3942550470027641,,0.0,1.3942550470027641,4.7851150491
16815,1.3941959497751788,,0.0,1.3941959497751788,4.8002839462
16820,1.3941347720247748,,0.0,1.3941347720247748,4.8278654253
16825,1.394073071679774,,0.0,1.394073071679774,4.8582319127
16830,1.3940120102001181,,0.0,1.3940120102001181,4.8451612203
16835,1.3939526169312393,,0.0,1.3939526169312393,4.8371182314
16840,1.393895838756162,,0.0,1.393895838756162,4.850876265
16845,1.3938424460309695,,0.0,1.3938424460309695,4.8796170574
16850,1.3937929967804008,,0.0,1.3937929967804008,4.9259268919
16855,1.393747647196491,,0.0,1.393747647196491,4.9033969472
16860,1.3937062593012914,,0.0,1.3937062593012914,4.8694537485
16865,1.3936683090031583,,0.0,1.3936683090031583,4.8326297616
16870,1.3936328919601881,,0.0,1.3936328919601881,4.8426451362
16875,1.3935985344531239,,0.0,1.3935985344531239,4.8176020723
16880,1.393563165565206,,0.0,1.393563165565206,4.7946996048
16885,1.39352508240404,,0.0,1.39352508240404,4.7712365248
16890,1.3934832132078252,,0.0,1.3934832132078252,4.7837020427
16895,1.393436958159226,,0.0,1.393436958159226,4.8220329734
16900,1.3933865270945072,,0.0,1.3933865270945072,4.8380780818
16905,1.3933326926153242,,0.0,1.3933326926153242,4.8710950319
16910,1.3932759156877872,,0.0,1.3932759156877872,4.9162004643
16915,1.3932165446251241,,0.0,1.3932165446251241,4.9688271915
16920,1.393154720524134,,0.0,1.393154720524134,4.9847888976
16925,1.3930907497806937,,0.0,1.3930907497806937,4.9594059554
16930,1.393025455022822,,0.0,1.393025455022822,4.9374323815
16935,1.3929603520118814,,0.0,1.3929603520118814,4.933888389
16940,1.392897112950778,,0.0,1.392897112950778,4.8929480392
16945,1.3928370253010147,,0.0,1.3928370253010147,4.881809141
16950,1.3927808319727908,,0.0,1.3927808319727908,4.8991033303
16955,1.3927292036437262,,0.0,1.3927292036437262,4.9033517415
16960,1.3926827544778695,,0.0,1.3926827544778695,4.9223549014
16965,1.392641854370895,,0.0,1.392641854370895,4.9643371943
16970,1.392605445907715,,0.0,1.392605445907715,4.9913679763
16975,1.3925718538913272,,0.0,1.3925718538913272,5.0335399613
16980,1.3925387334451413,,0.0,1.3925387334451413,5.027018189
16985,1.3925033275052792,,0.0,1.3925033275052792,5.0279717104
16990,1.392462926289637,,0.0,1.392462926289637,5.0662758363
16995,1.3924160891387731,,0.0,1.3924160891387731,5.1389960056
17000,1.3923634801183447,,0.0,1.3923634801183447,5.2087679061
17005,1.3923069202628051,,0.0,1.3923069202628051,5.2071229372
17010,1.3922486520256934,,0.0,1.3922486520256934,5.1619450189
17015,1.3921901554887222,,0.0,1.3921901554887222,5.1218767929
17020,1.392132230574678,,0.0,1.392132230574678,5.1202898538
17025,1.3920748499624305,,0.0,1.3920748499624305,5.1000487464
17030,1.3920177917145744,,0.0,1.3920177917145744,5.0858305546
17035,1.3919610779125722,,0.0,1.3919610779125722,5.0973808227
17040,1.3919049392266098,,0.0,1.3919049392266098,5.1102402977
17045,1.391849602085236,,0.0,1.391849602085236,5.1516599654
17050,1.3917954795490173,,0.0,1.3917954795490173,5.1618958052
17055,1.3917429941598243,,0.0,1.3917429941598243,5.1841324406
17060,1.3916923394111445,,0.0,1.3916923394111445,5.2343079232
17065,1.3916436299519237,,0.0,1.3916436299519237,5.2676638444
17070,1.3915961832529102,,0.0,1.3915961832529102,5.2684661054
17075,1.3915488626802124,,0.0,1.3915488626802124,5.2468315024
17080,1.3915009049887264,,0.0,1.3915009049887264,5.2202965848
17085,1.391451522731067,,0.0,1.391451522731067,5.2098270662
17090,1.3914002565629273,,0.0,1.3914002565629273,5.1761656275
17095,1.3913473780738121,,0.0,1.3913473780738121,5.1540166503
17100,1.391293422208966,,0.0,1.391293422208966,5.160080156
17105,1.3912393540655006,,0.0,1.3912393540655006,5.1674516861
17110,1.3911864090824917,,0.0,1.3911864090824917,5.1941090696
17115,1.3911357096718722,,0.0,1.3911357096718722,5.2497868486
17120,1.3910880007399051,,0.0,1.3910880007399051,5.2742442428
17125,1.3910434422212463,,0.0,1.3910434422212463,5.2977364688
17130,1.3910015907401028,,0.0,1.3910015907401028,5.284069077
17135,1.3909616250407502,,0.0,1.3909616250407502,5.2565944338
17140,1.3909225905054148,,0.0,1.3909225905054148,5.2678642348
17145,1.390883609364801,,0.0,1.390883609364801,5.3305122945
17150,1.3908440425040554,,0.0,1.3908440425040554,5.3589652855
17155,1.3908035913868044,,0.0,1.3908035913868044,5.3190089628
17160,1.3907622269453614,,0.0,1.3907622269453614,5.2391503092
17165,1.3907201415504271,,0.0,1.3907201415504271,5.1834567294
17170,1.3906777117096394,,0.0,1.3906777117096394,5.1734453392
17175,1.39063541148828,,0.0,1.39063541148828,5.1595115637
17180,1.3905934204073862,,0.0,1.3905934204073862,5.1542676282
17185,1.3905517348490914,,0.0,1.3905517348490914,5.1492471585
17190,1.3905102888185181,,0.0,1.3905102888185181,5.1363836548
17195,1.3904692605891633,,0.0,1.3904692605891633,5.1401823554
17200,1.3904291496761294,,0.0,1.3904291496761294,5.1492701119
17205,1.39039057473461,,0.0,1.39039057473461,5.1842647514
17210,1.3903539978535007,,0.0,1.3903539978535007,5.2047730787
17215,1.3903195311866676,,0.0,1.3903195311866676,5.2210177187
17220,1.3902869927179926,,0.0,1.3902869927179926,5.1878703736
17225,1.3902561722369493,,0.0,1.3902561722369493,5.1255361751
17230,1.390226967944256,,0.0,1.390226967944256,5.0882456659
17235,1.3901992306341036,,0.0,1.3901992306341036,5.085147311
17240,1.3901727265174548,,0.0,1.3901727265174548,5.065502224
17245,1.390147009473928,,0.0,1.390147009473928,5.0504063205
17250,1.3901213792592009,,0.0,1.3901213792592009,5.0337043532
17255,1.3900948328509386,,0.0,1.3900948328509386,5.0126043784
17260,1.390066236609347,,0.0,1.390066236609347,5.008553372
17265,1.3900342907222747,,0.0,1.3900342907222747,5.0574111018
17270,1.3899976540839891,,0.0,1.3899976540839891,5.1040532009
17275,1.3899551446501355,,0.0,1.3899551446501355,5.145722182
17280,1.3899060880004728,,0.0,1.3899060880004728,5.1591210753
17285,1.3898506410755604,,0.0,1.3898506410755604,5.1260933708
17290,1.389789923542742,,0.0,1.389789923542742,5.1656705497
17295,1.3897258029697217,,0.0,1.3897258029697217,5.2750868692
17300,1.3896605410221576,,0.0,1.3896605410221576,5.3189466882
17305,1.3895963573236023,,0.0,1.3895963573236023,5.305559859
17310,1.3895352929746039,,0.0,1.3895352929746039,5.2515553384
17315,1.389479006829388,,0.0,1.389479006829388,5.1794499602
17320,1.3894285080232351,,0.0,1.3894285080232351,5.1717883302
17325,1.3893838506993912,,0.0,1.3893838506993912,5.1566956353
17330,1.3893443397284473,,0.0,1.3893443397284473,5.1442576092
17335,1.3893086807874293,,0.0,1.3893086807874293,5.135571475
17340,1.3892752642999502,,0.0,1.3892752642999502,5.1755590839
17345,1.3892424467565285,,0.0,1.3892424467565285,5.1933987407
17350,1.3892090083123416,,0.0,1.3892090083123416,5.1851807933
17355,1.3891744044160845,,0.0,1.3891744044160845,5.1960695968
17360,1.3891387339976964,,0.0,1.3891387339976964,5.2220581625
17365,1.3891026462771061,,0.0,1.3891026462771061,5.2566425477
17370,1.3890671839484263,,0.0,1.3890671839484263,5.2555623194
17375,1.3890337261673658,,0.0,1.3890337261673658,5.1888945223
17380,1.389003750395803,,0.0,1.389003750395803,5.1444359691
17385,1.3889784645021754,,0.0,1.3889784645021754,5.1514727042
17390,1.3889583964455023,,0.0,1.3889583964455023,5.1081387748
17395,1.3889433493639376,,0.0,1.3889433493639376,5.0729584441
17400,1.388932708968679,,0.0,1.388932708968679,5.0586748618
17405,1.3889257907344097,,0.0,1.3889257907344097,5.0374480972
17410,1.3889221606418882,,0.0,1.3889221606418882,5.025641814
17415,1.3889217559398421,,0.0,1.3889217559398421,5.0488915387
17420,1.3889248152827145,,0.0,1.3889248152827145,5.0748576679
17425,1.388931710063228,,0.0,1.388931710063228,5.1069036507
17430,1.3889428189098378,,0.0,1.3889428189098378,5.0666458152
17435,1.3889584189012263,,0.0,1.3889584189012263,5.0239286349
17440,1.3889788592238999,,0.0,1.3889788592238999,5.0205051138
17445,1.3890044505153725,,0.0,1.3890044505153725,5.0794462005
17450,1.389035060661135,,0.0,1.389035060661135,5.0990713335
17455,1.3890699639670443,,0.0,1.3890699639670443,5.0414914805
17460,1.3891074992085475,,0.0,1.3891074992085475,4.9803212565
17465,1.3891458835259218,,0.0,1.3891458835259218,4.9002855575
17470,1.3891826635065785,,0.0,1.3891826635065785,4.8549458327
17475,1.3892156121664765,,0.0,1.3892156121664765,4.8345472846
17480,1.389243717875255,,0.0,1.389243717875255,4.8135911357
17485,1.3892665545979304,,0.0,1.3892665545979304,4.7722901961
17490,1.3892841209622075,,0.0,1.3892841209622075,4.7790926556
17495,1.3892971575079596,,0.0,1.3892971575079596,4.7874567306
17500,1.3893070274223809,,0.0,1.3893070274223809,4.7727201379
17505,1.3893154090213238,,0.0,1.3893154090213238,4.7868610875
17510,1.3893241803518306,,0.0,1.3893241803518306,4.8233002862
17515,1.3893354025998461,,0.0,1.3893354025998461,4.8547307638
17520,1.3893507091697757,,0.0,1.3893507091697757,4.8594612945
17525,1.3893710337207172,,0.0,1.3893710337207172,4.8263331867
17530,1.3893965423002737,,0.0,1.3893965423002737,4.8218990897
17535,1.3894263978089594,,0.0,1.3894263978089594,4.8606754577
17540,1.3894591012024509,,0.0,1.3894591012024509,4.8651978335
17545,1.3894920222917104,,0.0,1.3894920222917104,4.8771978709
17550,1.3895217555414552,,0.0,1.3895217555414552,4.9069860552
17555,1.3895446707344097,,0.0,1.3895446707344097,4.9082928766
17560,1.3895570811397273,,0.0,1.3895570811397273,4.9146442061
17565,1.3895567257155197,,0.0,1.3895567257155197,4.945701701
17570,1.3895424754378911,,0.0,1.3895424754378911,4.9968681728
17575,1.3895134425572238,,0.0,1.3895134425572238,5.0372168255
17580,1.38946965102629,,0.0,1.38946965102629,5.0377760959
17585,1.389412748845715,,0.0,1.389412748845715,5.0412225848
17590,1.389346044492153,,0.0,1.389346044492153,5.0592265651
17595,1.3892765117154124,,0.0,1.3892765117154124,5.1368973623
17600,1.3892128256606495,,0.0,1.3892128256606495,5.1832473237
17605,1.3891645013170937,,0.0,1.3891645013170937,5.1482255587
17610,1.3891407294382725,,0.0,1.3891407294382725,5.0807901308
17615,1.3891487882985616,,0.0,1.3891487882985616,5.0096491823
17620,1.3891929478538592,,0.0,1.3891929478538592,4.9782993207
17625,1.3892726039204388,,0.0,1.3892726039204388,4.9740579689
17630,1.3893817732954232,,0.0,1.3893817732954232,4.9689592544
17635,1.389510621993549,,0.0,1.389510621993549,4.938065922
17640,1.3896480909450613,,0.0,1.3896480909450613,4.9645715551
17645,1.3897841280946672,,0.0,1.3897841280946672,4.9869155649
17650,1.3899114536709432,,0.0,1.3899114536709432,4.9750920932
17655,1.39002609612961,,0.0,1.39002609612961,5.0001886284
17660,1.39012823823531,,0.0,1.39012823823531,5.0424952551
17665,1.3902205830334293,,0.0,1.3902205830334293,5.090875526
17670,1.3903042450763974,,0.0,1.3903042450763974,5.084905954
17675,1.3903789172198129,,0.0,1.3903789172198129,5.0373401488
17680,1.3904436851414514,,0.0,1.3904436851414514,5.0118033934
17685,1.3904983871601009,,0.0,1.3904983871601009,4.9943995506
17690,1.3905436648856944,,0.0,1.3905436648856944,5.0025802521
17695,1.3905813901275725,,0.0,1.3905813901275725,4.9924314884
17700,1.3906139434419762,,0.0,1.3906139434419762,5.0036741048
17705,1.3906433613135543,,0.0,1.3906433613135543,5.0094535416
17710,1.3906712000487265,,0.0,1.3906712000487265,5.0243775425
17715,1.3906984445804937,,0.0,1.3906984445804937,5.017567691
17720,1.390725422263409,,0.0,1.390725422263409,5.0281497833
17725,1.3907518306937232,,0.0,1.3907518306937232,5.0416808475
17730,1.3907770454775583,,0.0,1.3907770454775583,5.0585739355
17735,1.3908005527530996,,0.0,1.3908005527530996,5.0715907183
17740,1.3908224337352153,,0.0,1.3908224337352153,5.0810709734
17745,1.3908433471251387,,0.0,1.3908433471251387,5.1049263203
17750,1.39086398218884,,0.0,1.39086398218884,5.1301549859
17755,1.3908850676145599,,0.0,1.3908850676145599,5.1329396388
17760,1.3909074482365316,,0.0,1.3909074482365316,5.1121797907
17765,1.3909320493553348,,0.0,1.3909320493553348,5.0374936893
17770,1.3909600119712504,,0.0,1.3909600119712504,4.9846785791
17775,1.390992536217967,,0.0,1.390992536217967,4.974799192
17780,1.3910302211642962,,0.0,1.3910302211642962,4.9699822302
17785,1.3910731319318375,,0.0,1.3910731319318375,4.9335473247
17790,1.3911209291896518,,0.0,1.3911209291896518,4.9563723488
17795,1.3911730728775797,,0.0,1.3911730728775797,5.0124424325
17800,1.3912290030995722,,0.0,1.3912290030995722,5.0541905355
17805,1.3912881176679666,,0.0,1.3912881176679666,5.1278883223
17810,1.3913498272447646,,0.0,1.3913498272447646,5.1932897514
17815,1.3914137243833322,,0.0,1.3914137243833322,5.2807342239
17820,1.3914796674878545,,0.0,1.3914796674878545,5.3100005485
17825,1.3915471884812423,,0.0,1.3915471884812423,5.2986583609
17830,1.3916154951754582,,0.0,1.3916154951754582,5.2848329941
17835,1.3916837399916795,,0.0,1.3916837399916795,5.2827969039
17840,1.3917513030271724,,0.0,1.3917513030271724,5.302089901
17845,1.3918177415299147,,0.0,1.3918177415299147,5.3023383342
17850,1.391882773680571,,0.0,1.391882773680571,5.2822860706
17855,1.3919462339305548,,0.0,1.3919462339305548,5.3208675989
17860,1.3920080475522072,,0.0,1.3920080475522072,5.3309350091
17865,1.392068232260599,,0.0,1.392068232260599,5.3398901128
17870,1.3921267130785637,,0.0,1.3921267130785637,5.3081643789
17875,1.3921832882788476,,0.0,1.3921832882788476,5.3482607801
17880,1.3922378987280453,,0.0,1.3922378987280453,5.3717056712
17885,1.39229058983662,,0.0,1.39229058983662,5.3730797448
17890,1.3923414309678082,,0.0,1.3923414309678082,5.3729593888
17895,1.3923905501192355,,0.0,1.3923905501192355,5.39766713
17900,1.3924383161885445,,0.0,1.3924383161885445,5.3920985577
17905,1.3924852153421572,,0.0,1.3924852153421572,5.3849875776
17910,1.392531902538687,,0.0,1.392531902538687,5.4012537003
17915,1.3925791203140712,,0.0,1.3925791203140712,5.3591186556
17920,1.3926275640472254,,0.0,1.3926275640472254,5.3163324207
17925,1.3926777473504575,,0.0,1.3926777473504575,5.2917340166
17930,1.3927298810580637,,0.0,1.3927298810580637,5.2942064429
17935,1.3927839736533174,,0.0,1.3927839736533174,5.3008952459
17940,1.3928398552212413,,0.0,1.3928398552212413,5.281168378
17945,1.3928971881774528,,0.0,1.3928971881774528,5.2912200564
17950,1.392955400025747,,0.0,1.392955400025747,5.3273141908
17955,1.3930138033714639,,0.0,1.3930138033714639,5.3612086929
17960,1.393071612264268,,0.0,1.393071612264268,5.3885634384
17965,1.39312815141064,,0.0,1.39312815141064,5.4138375401
17970,1.3931830964501233,,0.0,1.3931830964501233,5.4443003775
17975,1.3932366027014755,,0.0,1.3932366027014755,5.4356039463
17980,1.3932893216301971,,0.0,1.3932893216301971,5.4127603964
17985,1.393342260375505,,0.0,1.393342260375505,5.4214369177
17990,1.3933966135819098,,0.0,1.3933966135819098,5.4285000632
17995,1.3934536000962032,,0.0,1.3934536000962032,5.4396780712
18000,1.3935142996644425,,0.0,1.3935142996644425,5.4140293669
18005,1.3935794923735245,,0.0,1.3935794923735245,5.4207674788
18010,1.393649749971131,,0.0,1.393649749971131,5.4036948217
18015,1.393725407546563,,0.0,1.393725407546563,5.4028008513
18020,1.393806523609458,,0.0,1.393806523609458,5.4029662187
18025,1.393892867364875,,0.0,1.393892867364875,5.4463965403
18030,1.3939836447534664,,0.0,1.3939836447534664,5.4515757588
18035,1.39407738654712,,0.0,1.39407738654712,5.3975785685
18040,1.3941719255189717,,0.0,1.3941719255189717,5.3508417276
18045,1.3942648626491858,,0.0,1.3942648626491858,5.3484692602
18050,1.3943539789379795,,0.0,1.3943539789379795,5.3416980138
18055,1.394437394591755,,0.0,1.394437394591755,5.3280089295
18060,1.3945138584524288,,0.0,1.3945138584524288,5.3256944622
18065,1.3945829892717119,,0.0,1.3945829892717119,5.2763769196
18070,1.3946452084686884,,0.0,1.3946452084686884,5.2191773577
18075,1.3947015233073294,,0.0,1.3947015233073294,5.1715829897
18080,1.394753209896522,,0.0,1.394753209896522,5.1800358675
18085,1.3948016797032672,,0.0,1.3948016797032672,5.1848433428
18090,1.3948481012984848,,0.0,1.3948481012984848,5.2090388286
18095,1.3948932873298725,,0.0,1.3948932873298725,5.2185754623
18100,1.3949377179756592,,0.0,1.3949377179756592,5.2537845999
18105,1.394981658587649,,0.0,1.394981658587649,5.3224387107
18110,1.3950252992909709,,0.0,1.3950252992909709,5.3657375888
18115,1.395069102424029,,0.0,1.395069102424029,5.4092514029
18120,1.3951139970300221,,0.0,1.3951139970300221,5.4575308794
18125,1.3951612491127618,,0.0,1.3951612491127618,5.4565807131
18130,1.3952122611569595,,0.0,1.3952122611569595,5.4355935039
18135,1.3952682703482475,,0.0,1.3952682703482475,5.4071052775
18140,1.395330119150534,,0.0,1.395330119150534,5.3632137997
18145,1.3953982493178094,,0.0,1.3953982493178094,5.3602941206
18150,1.3954725783876656,,0.0,1.3954725783876656,5.3338966326
18155,1.3955525836407514,,0.0,1.3955525836407514,5.3135544809
18160,1.3956374963427864,,0.0,1.3956374963427864,5.2980382838
18165,1.395726353891739,,0.0,1.395726353891739,5.2942735337
18170,1.39581811771038,,0.0,1.39581811771038,5.311172063
18175,1.3959117093001914,,0.0,1.3959117093001914,5.3366036057
18180,1.3960061321260488,,0.0,1.3960061321260488,5.3632422197
18185,1.396100592003851,,0.0,1.396100592003851,5.3945773867
18190,1.3961942174020023,,0.0,1.3961942174020023,5.440332721
18195,1.3962860398550332,,0.0,1.3962860398550332,5.4839864997
18200,1.3963750438652074,,0.0,1.3963750438652074,5.5197562953
18205,1.39646032471636,,0.0,1.39646032471636,5.52513569
18210,1.3965414088422252,,0.0,1.3965414088422252,5.5073571659
18215,1.3966185494934669,,0.0,1.3966185494934669,5.4402395573
18220,1.3966929527919658,,0.0,1.3966929527919658,5.4015333753
18225,1.3967667102388945,,0.0,1.3967667102388945,5.318540209
18230,1.396842542345203,,0.0,1.396842542345203,5.2648707497
18235,1.3969230615848585,,0.0,1.3969230615848585,5.2872797556
18240,1.3970097927015126,,0.0,1.3970097927015126,5.2916382961
18245,1.3971023699163743,,0.0,1.3971023699163743,5.2480173054
18250,1.397198241760193,,0.0,1.397198241760193,5.2198177702
18255,1.3972930571869568,,0.0,1.3972930571869568,5.243393043
18260,1.3973816324175585,,0.0,1.3973816324175585,5.3086769171
18265,1.3974586834954126,,0.0,1.3974586834954126,5.3494827107
18270,1.3975197883894679,,0.0,1.3975197883894679,5.3649554177
18275,1.3975619951700653,,0.0,1.3975619951700653,5.3691409569
18280,1.3975840812477922,,0.0,1.3975840812477922,5.2995424168
18285,1.3975864944895866,,0.0,1.3975864944895866,5.2281204457
18290,1.3975712391935597,,0.0,1.3975712391935597,5.1886040248
18295,1.3975415659504995,,0.0,1.3975415659504995,5.1135711047
18300,1.3975014846041687,,0.0,1.3975014846041687,5.0712378846
18305,1.3974551240136674,,0.0,1.3974551240136674,5.0318014207
18310,1.3974061564383762,,0.0,1.3974061564383762,4.9975143816
18315,1.397357473052746,,0.0,1.397357473052746,4.9954862627
18320,1.3973115814126122,,0.0,1.3973115814126122,4.9674433138
18325,1.3972709003736996,,0.0,1.3972709003736996,4.9827110013
18330,1.39723763246826,,0.0,1.39723763246826,4.9793722201
18335,1.3972131085721966,,0.0,1.3972131085721966,4.9748091178
18340,1.3971971739905218,,0.0,1.3971971739905218,4.9955029776
18345,1.3971880501051503,,0.0,1.3971880501051503,5.0205256503
18350,1.3971831774625734,,0.0,1.3971831774625734,5.0451616464
18355,1.3971802256576675,,0.0,1.3971802256576675,5.0694625703
18360,1.3971773860066274,,0.0,1.3971773860066274,5.0827301068
18365,1.397173467482808,,0.0,1.397173467482808,5.0500134836
18370,1.397167958345213,,0.0,1.397167958345213,4.9923018994
18375,1.3971610406099595,,0.0,1.3971610406099595,4.9627602209
18380,1.3971536233596038,,0.0,1.3971536233596038,4.9597577377
18385,1.3971470973519784,,0.0,1.3971470973519784,4.9620712989
18390,1.3971429652492742,,0.0,1.3971429652492742,4.9870796546
18395,1.3971423530812899,,0.0,1.3971423530812899,4.9555560113
18400,1.3971458660297849,,0.0,1.3971458660297849,4.9444673123
18405,1.3971534322364427,,0.0,1.3971534322364427,4.9439414888
18410,1.3971638609241266,,0.0,1.3971638609241266,4.9596047269
18415,1.397174955424024,,0.0,1.397174955424024,4.9881049566
18420,1.3971839829992911,,0.0,1.3971839829992911,4.9834529998
18425,1.3971882710445225,,0.0,1.3971882710445225,4.9728356022
18430,1.3971853692659795,,0.0,1.3971853692659795,4.9457355737
18435,1.3971730046453879,,0.0,1.3971730046453879,4.8972535239
18440,1.3971493545264917,,0.0,1.3971493545264917,4.8550974196
18445,1.3971134454536602,,0.0,1.3971134454536602,4.7881533308
18450,1.3970657087015463,,0.0,1.3970657087015463,4.7550822617
18455,1.397008445358079,,0.0,1.397008445358079,4.7531375475
18460,1.3969457444858249,,0.0,1.3969457444858249,4.7557095662
18465,1.396882785247992,,0.0,1.396882785247992,4.7617255339
18470,1.3968247535445053,,0.0,1.3968247535445053,4.7736206933
18475,1.3967756889105851,,0.0,1.3967756889105851,4.7696869098
18480,1.3967376889603513,,0.0,1.3967376889603513,4.769023658
18485,1.3967107822624747,,0.0,1.3967107822624747,4.7947219239
18490,1.396693272411769,,0.0,1.396693272411769,4.8080984169
18495,1.3966823195076863,,0.0,1.3966823195076863,4.801165079
18500,1.3966748607142412,,0.0,1.3966748607142412,4.8128398332
18505,1.3966684387514696,,0.0,1.3966684387514696,4.8077398683
18510,1.3966613303920714,,0.0,1.3966613303920714,4.826874459
18515,1.3966519800781505,,0.0,1.3966519800781505,4.8285742521
18520,1.3966394183462048,,0.0,1.3966394183462048,4.7775492116
18525,1.3966232453595948,,0.0,1.3966232453595948,4.7534449842
18530,1.3966037968313931,,0.0,1.3966037968313931,4.7637213548
18535,1.396581981469893,,0.0,1.396581981469893,4.7768515985
18540,1.3965588938668805,,0.0,1.3965588938668805,4.7908941483
18545,1.3965355727243394,,0.0,1.3965355727243394,4.8149980655
18550,1.3965130342885301,,0.0,1.3965130342885301,4.8172749146
18555,1.3964922037352767,,0.0,1.3964922037352767,4.8323576764
18560,1.3964737334033586,,0.0,1.3964737334033586,4.8691440331
18565,1.3964578492223088,,0.0,1.3964578492223088,4.9021695182
18570,1.3964441817954694,,0.0,1.3964441817954694,4.937390282
18575,1.39643194504775,,0.0,1.39643194504775,4.9588707583
18580,1.3964202565939556,,0.0,1.3964202565939556,4.9726798689
18585,1.3964085742531083,,0.0,1.3964085742531083,4.9364969712
18590,1.3963967921090437,,0.0,1.3963967921090437,4.9069632855
18595,1.3963849932479402,,0.0,1.3963849932479402,4.8482604929
18600,1.3963731831589747,,0.0,1.3963731831589747,4.8040186984
18605,1.396360996562372,,0.0,1.396360996562372,4.8098982941
18610,1.3963476846844942,,0.0,1.3963476846844942,4.8356464514
18615,1.3963322959016644,,0.0,1.3963322959016644,4.8734480247
18620,1.3963139944866916,,0.0,1.3963139944866916,4.9083452908
18625,1.3962922544766205,,0.0,1.3962922544766205,4.9349815659
18630,1.396266899968281,,0.0,1.396266899968281,4.9449689007
18635,1.3962380312639062,,0.0,1.3962380312639062,4.9822214789
18640,1.3962060485743975,,0.0,1.3962060485743975,4.987351296
18645,1.3961715878957572,,0.0,1.3961715878957572,5.0004933564
18650,1.3961353926372002,,0.0,1.3961353926372002,5.0321827194
18655,1.3960980859450647,,0.0,1.3960980859450647,5.0520895502
18660,1.396059741049961,,0.0,1.396059741049961,5.0491241987
18665,1.3960196690601818,,0.0,1.3960196690601818,5.045608479
18670,1.395976547707852,,0.0,1.395976547707852,5.0046063836
18675,1.3959289453158195,,0.0,1.3959289453158195,4.9748052211
18680,1.395875967522503,,0.0,1.395875967522503,4.9657460848
18685,1.3958176821940904,,0.0,1.3958176821940904,4.9497022104
18690,1.3957550609149019,,0.0,1.3957550609149019,4.932877687
18695,1.395689707647394,,0.0,1.395689707647394,4.9604917661
18700,1.395623356971483,,0.0,1.395623356971483,4.9698517369
18705,1.395557409251062,,0.0,1.395557409251062,4.9713574859
18710,1.395492690233,,0.0,1.395492690233,4.990173394
18715,1.3954294667661493,,0.0,1.3954294667661493,5.0347392622
18720,1.3953676460335178,,0.0,1.3953676460335178,5.0794710875
18725,1.3953070545022612,,0.0,1.3953070545022612,5.1000998773
18730,1.395247686683203,,0.0,1.395247686683203,5.1142869138
18735,1.395189859326804,,0.0,1.395189859326804,5.1019391759
18740,1.3951341862228501,,0.0,1.3951341862228501,5.0620364877
18745,1.3950813857049982,,0.0,1.3950813857049982,5.0315294131
18750,1.3950320012017667,,0.0,1.3950320012017667,5.0343646322
18755,1.3949860836127963,,0.0,1.3949860836127963,4.9949262341
18760,1.3949430841451456,,0.0,1.3949430841451456,4.9685586042
18765,1.394902028469906,,0.0,1.394902028469906,4.981976681
18770,1.3948616064203423,,0.0,1.3948616064203423,4.9767176066
18775,1.3948204563063082,,0.0,1.3948204563063082,4.9571326617
18780,1.3947775625053138,,0.0,1.3947775625053138,4.9687723457
18785,1.3947323595073795,,0.0,1.3947323595073795,4.9974477215
18790,1.3946846152700243,,0.0,1.3946846152700243,5.0298971538
18795,1.394634350128154,,0.0,1.394634350128154,5.0422142735
18800,1.3945818938066479,,0.0,1.3945818938066479,5.0443137764
18805,1.3945278259126903,,0.0,1.3945278259126903,5.0351975767
18810,1.394472888233694,,0.0,1.394472888233694,5.0612619107
18815,1.3944179028986616,,0.0,1.3944179028986616,5.0910258451
18820,1.394363689666269,,0.0,1.394363689666269,5.0673836528
18825,1.3943110106588341,,0.0,1.3943110106588341,5.0054343013
18830,1.3942605021218677,,0.0,1.3942605021218677,4.9537136964
18835,1.3942126542139206,,0.0,1.3942126542139206,4.9165153025
18840,1.394167797408396,,0.0,1.394167797408396,4.9125054763
18845,1.3941260341283457,,0.0,1.3941260341283457,4.9052650342
18850,1.3940871429353814,,0.0,1.3940871429353814,4.8685490125
18855,1.3940505393569118,,0.0,1.3940505393569118,4.8770380516
18860,1.394015360843631,,0.0,1.394015360843631,4.8593662428
18865,1.3939806580174348,,0.0,1.3939806580174348,4.8973922609
18870,1.3939455668319691,,0.0,1.3939455668319691,4.9168612095
18875,1.3939093572266996,,0.0,1.3939093572266996,4.8954947953
18880,1.3938714201524927,,0.0,1.3938714201524927,4.9152713513
18885,1.3938313066196244,,0.0,1.3938313066196244,4.8711203938
18890,1.3937888489586898,,0.0,1.3937888489586898,4.7766753755
18895,1.3937443141432948,,0.0,1.3937443141432948,4.7220461595
18900,1.393698496981312,,0.0,1.393698496981312,4.6803535481
18905,1.3936526418941062,,0.0,1.3936526418941062,4.6012553731
18910,1.3936082122463516,,0.0,1.3936082122463516,4.5563271144
18915,1.3935666286120925,,0.0,1.3935666286120925,4.562896887
18920,1.393529081144695,,0.0,1.393529081144695,4.5914453761
18925,1.393496397711847,,0.0,1.393496397711847,4.5914589262
18930,1.3934689549459394,,0.0,1.3934689549459394,4.6256765479
18935,1.3934465705813466,,0.0,1.3934465705813466,4.6650357515
18940,1.393428438083319,,0.0,1.393428438083319,4.6963085554
18945,1.3934131824130302,,0.0,1.3934131824130302,4.6847809736
18950,1.3933990109799435,,0.0,1.3933990109799435,4.6764647856
18955,1.3933838049617553,,0.0,1.3933838049617553,4.7291635211
18960,1.3933655319906992,,0.0,1.3933655319906992,4.7755097825
18965,1.393342220703726,,0.0,1.393342220703726,4.8253141367
18970,1.3933122371974138,,0.0,1.3933122371974138,4.8281583906
18975,1.393274375349882,,0.0,1.393274375349882,4.7933101147
18980,1.3932279957967693,,0.0,1.3932279957967693,4.7793097856
18985,1.393173304257458,,0.0,1.393173304257458,4.8114646848
18990,1.3931112199195785,,0.0,1.3931112199195785,4.8028012599
18995,1.3930427318330152,,0.0,1.3930427318330152,4.8176748602
19000,1.39296926144509,,0.0,1.39296926144509,4.8228742523
19005,1.3928928254045625,,0.0,1.3928928254045625,4.8388106075
19010,1.392815926152353,,0.0,1.392815926152353,4.8288067699
19015,1.3927411868912738,,0.0,1.3927411868912738,4.8421590377
19020,1.3926708815128772,,0.0,1.3926708815128772,4.8716281017
19025,1.3926064871047794,,0.0,1.3926064871047794,4.9293748573
19030,1.3925485910089144,,0.0,1.3925485910089144,4.9597457333
19035,1.3924970713406026,,0.0,1.3924970713406026,4.9353214846
19040,1.3924513580987197,,0.0,1.3924513580987197,4.9062413797
19045,1.3924106397583544,,0.0,1.3924106397583544,4.8776234857
19050,1.3923743340924883,,0.0,1.3923743340924883,4.8753594486
19055,1.3923420470031669,,0.0,1.3923420470031669,4.8460859598
19060,1.3923125802280123,,0.0,1.3923125802280123,4.8168993977
19065,1.3922838281686478,,0.0,1.3922838281686478,4.8172323759
19070,1.3922537938874489,,0.0,1.3922537938874489,4.8183942278
19075,1.3922208540850862,,0.0,1.3922208540850862,4.8173035009
19080,1.3921843718922795,,0.0,1.3921843718922795,4.8537847644
19085,1.3921451171660961,,0.0,1.3921451171660961,4.8837857111
19090,1.3921049093191875,,0.0,1.3921049093191875,4.8998307023
19095,1.3920652442770272,,0.0,1.3920652442770272,4.8903372951
19100,1.3920272934798776,,0.0,1.3920272934798776,4.8718552523
19105,1.3919918956490267,,0.0,1.3919918956490267,4.910925842
19110,1.3919595551649842,,0.0,1.3919595551649842,4.9876648932
19115,1.3919302030387755,,0.0,1.3919302030387755,5.0286112948
19120,1.3919030671677612,,0.0,1.3919030671677612,5.0000807509
19125,1.391877173223032,,0.0,1.391877173223032,4.95007652
19130,1.3918514490685263,,0.0,1.3918514490685263,4.9127424501
19135,1.3918251058845654,,0.0,1.3918251058845654,4.9171190966
19140,1.3917978672162372,,0.0,1.3917978672162372,4.8693151972
19145,1.3917699974173134,,0.0,1.3917699974173134,4.8397563777
19150,1.3917420318073013,,0.0,1.3917420318073013,4.8668364866
19155,1.3917145946553247,,0.0,1.3917145946553247,4.8699059727
19160,1.3916884066653665,,0.0,1.3916884066653665,4.8791805008
19165,1.3916639997885754,,0.0,1.3916639997885754,4.8743907822
19170,1.3916417013795035,,0.0,1.3916417013795035,4.8954192759
19175,1.391621613486941,,0.0,1.391621613486941,4.9424800292
19180,1.3916036437929116,,0.0,1.3916036437929116,4.9444733452
19185,1.391587603295073,,0.0,1.391587603295073,4.9149868306
19190,1.3915732963791185,,0.0,1.3915732963791185,4.8611505633
19195,1.3915605326704115,,0.0,1.3915605326704115,4.8260539805
19200,1.391549004650289,,0.0,1.391549004650289,4.7870656415
19205,1.3915379919890298,,0.0,1.3915379919890298,4.7639081094
19210,1.3915268273773724,,0.0,1.3915268273773724,4.7400327701
19215,1.391514250175928,,0.0,1.391514250175928,4.7408729957
19220,1.3914988773616128,,0.0,1.3914988773616128,4.7581888083
19225,1.3914790203887444,,0.0,1.3914790203887444,4.7863489382
19230,1.3914531496482632,,0.0,1.3914531496482632,4.839190692
19235,1.391420131874637,,0.0,1.391420131874637,4.8883151747
19240,1.3913799645727856,,0.0,1.3913799645727856,4.9262955508
19245,1.3913339982049926,,0.0,1.3913339982049926,4.9316002033
19250,1.3912841287828788,,0.0,1.3912841287828788,4.9235419528
19255,1.3912322529418353,,0.0,1.3912322529418353,5.0179902398
19260,1.3911803144742731,,0.0,1.3911803144742731,5.1326041478
19265,1.3911301399038227,,0.0,1.3911301399038227,5.1905132606
19270,1.3910829586813669,,0.0,1.3910829586813669,5.17862063
19275,1.3910392857915077,,0.0,1.3910392857915077,5.1169928621
19280,1.3909992725608729,,0.0,1.3909992725608729,5.073157174
19285,1.3909629035199635,,0.0,1.3909629035199635,5.0874093624
19290,1.3909306237911294,,0.0,1.3909306237911294,5.0724001856
19295,1.3909031787796495,,0.0,1.3909031787796495,5.0439949414
19300,1.390880783561457,,0.0,1.390880783561457,5.0610158414
19305,1.3908631409724723,,0.0,1.3908631409724723,5.0934620758
19310,1.3908495308077287,,0.0,1.3908495308077287,5.0904783357
19315,1.3908385700441426,,0.0,1.3908385700441426,5.0805119544
19320,1.3908285710093091,,0.0,1.3908285710093091,5.0886528179
19325,1.3908171995554837,,0.0,1.3908171995554837,5.1130820334
19330,1.390802220215353,,0.0,1.390802220215353,5.1165713468
19335,1.3907820824211816,,0.0,1.3907820824211816,5.1081610525
19340,1.390756312606704,,0.0,1.390756312606704,5.0602250398
19345,1.3907253071154466,,0.0,1.3907253071154466,5.0273491782
19350,1.3906898194617006,,0.0,1.3906898194617006,5.0024983402
19355,1.3906508202317533,,0.0,1.3906508202317533,4.9650898611
19360,1.3906092884951673,,0.0,1.3906092884951673,4.9132755469
19365,1.3905660768209258,,0.0,1.3905660768209258,4.8998570883
19370,1.3905221314682832,,0.0,1.3905221314682832,4.8995198082
19375,1.390478359523731,,0.0,1.390478359523731,4.9363929625
19380,1.3904357652571424,,0.0,1.3904357652571424,4.9865163625
19385,1.3903952950525262,,0.0,1.3903952950525262,5.0165999808
19390,1.3903573889173166,,0.0,1.3903573889173166,5.0765368908
19395,1.3903222195110794,,0.0,1.3903222195110794,5.0667603592
19400,1.3902897907011893,,0.0,1.3902897907011893,5.0309245705
19405,1.390259786610464,,0.0,1.390259786610464,5.0975579899
19410,1.3902317119654366,,0.0,1.3902317119654366,5.1689415813
19415,1.3902047437638272,,0.0,1.3902047437638272,5.1897803971
19420,1.3901780144661695,,0.0,1.3901780144661695,5.1672082506
19425,1.3901510199414615,,0.0,1.3901510199414615,5.0850865276
19430,1.3901240723242656,,0.0,1.3901240723242656,5.0295887727
19435,1.3900976474264206,,0.0,1.3900976474264206,5.0340072548
19440,1.390072108406883,,0.0,1.390072108406883,5.0374621906
19445,1.3900477292254845,,0.0,1.3900477292254845,4.9976650501
19450,1.3900247499089629,,0.0,1.3900247499089629,4.9792201089
19455,1.3900031922892713,,0.0,1.3900031922892713,5.0234948601
19460,1.389982983884324,,0.0,1.389982983884324,5.0428923433
19465,1.3899642707810795,,0.0,1.3899642707810795,5.0337576892
19470,1.3899476404462265,,0.0,1.3899476404462265,5.0406188005
19475,1.3899338999135307,,0.0,1.3899338999135307,5.1000584631
19480,1.3899237473064965,,0.0,1.3899237473064965,5.1245801492
19485,1.389917682639243,,0.0,1.389917682639243,5.1081221857
19490,1.389916045117955,,0.0,1.389916045117955,5.0828119081
19495,1.389918887887846,,0.0,1.389918887887846,5.0629849297
19500,1.3899258456691401,,0.0,1.3899258456691401,5.0474575857
19505,1.38993605304319,,0.0,1.38993605304319,5.0310954855
19510,1.3899482677094472,,0.0,1.3899482677094472,4.9930322442
19515,1.3899611288510452,,0.0,1.3899611288510452,4.9496205385
19520,1.389973547115866,,0.0,1.389973547115866,4.9110662895
19525,1.3899849018526524,,0.0,1.3899849018526524,4.9087266162
19530,1.389995044978381,,0.0,1.389995044978381,4.9204642039
19535,1.3900040197826968,,0.0,1.3900040197826968,4.9398688756
19540,1.3900119483997873,,0.0,1.3900119483997873,4.9519106973
19545,1.390019058256234,,0.0,1.390019058256234,4.9322301911
19550,1.3900257117624695,,0.0,1.3900257117624695,4.8978226552
19555,1.390032503745669,,0.0,1.390032503745669,4.9267867943
19560,1.3900402554615567,,0.0,1.3900402554615567,4.9894263625
19565,1.3900497877915954,,0.0,1.3900497877915954,4.9863887686
19570,1.3900616784716588,,0.0,1.3900616784716588,4.9375303638
19575,1.3900760225643116,,0.0,1.3900760225643116,4.8490707952
19580,1.3900922350979463,,0.0,1.3900922350979463,4.794677023
19585,1.3901089536338926,,0.0,1.3901089536338926,4.7985456767
19590,1.3901242427382592,,0.0,1.3901242427382592,4.8046293673
19595,1.3901358998787943,,0.0,1.3901358998787943,4.7902097823
19600,1.390141845904973,,0.0,1.390141845904973,4.7738895445
19605,1.3901405969924625,,0.0,1.3901405969924625,4.8040651452
19610,1.3901317370866006,,0.0,1.3901317370866006,4.8469055799
19615,1.3901160482703487,,0.0,1.3901160482703487,4.8978079992
19620,1.3900955301011655,,0.0,1.3900955301011655,4.9415371755
19625,1.3900731011993872,,0.0,1.3900731011993872,4.9848647485
19630,1.3900520888795245,,0.0,1.3900520888795245,5.0294112867
19635,1.3900359489527303,,0.0,1.3900359489527303,5.0261003877
19640,1.3900278471770575,,0.0,1.3900278471770575,5.0103131007
19645,1.3900301349163062,,0.0,1.3900301349163062,5.0267477133
19650,1.3900438126977295,,0.0,1.3900438126977295,5.0335658536
19655,1.3900681823978225,,0.0,1.3900681823978225,5.0267503917
19660,1.3901010107948435,,0.0,1.3901010107948435,5.0220256398
19665,1.3901390403117808,,0.0,1.3901390403117808,5.017687462
19670,1.3901789135684033,,0.0,1.3901789135684033,5.021388829
19675,1.3902179530938994,,0.0,1.3902179530938994,5.0411350625
19680,1.3902544850635608,,0.0,1.3902544850635608,5.0638879968
19685,1.3902877302637682,,0.0,1.3902877302637682,5.0943453744
19690,1.3903173972691274,,0.0,1.3903173972691274,5.1077495032
19695,1.3903434399206505,,0.0,1.3903434399206505,5.1106378058
19700,1.3903659133596145,,0.0,1.3903659133596145,5.0968295372
19705,1.3903848353010908,,0.0,1.3903848353010908,5.1283407577
19710,1.3904000092574955,,0.0,1.3904000092574955,5.1722157198
19715,1.3904108588652484,,0.0,1.3904108588652484,5.1892782812
19720,1.39041648701818,,0.0,1.39041648701818,5.1656912197
19725,1.3904158017443393,,0.0,1.3904158017443393,5.1040578192
19730,1.3904078365743204,,0.0,1.3904078365743204,5.0430000648
19735,1.3903920656699222,,0.0,1.3903920656699222,5.015151466
19740,1.390368528952432,,0.0,1.390368528952432,5.003226101
19745,1.3903378807566926,,0.0,1.3903378807566926,4.9856395894
19750,1.3903014746638391,,0.0,1.3903014746638391,4.9747734487
19755,1.39026099847103,,0.0,1.39026099847103,5.0042749928
19760,1.3902185666341778,,0.0,1.3902185666341778,5.0435116387
19765,1.390176569440337,,0.0,1.390176569440337,5.07285969
19770,1.3901372953772801,,0.0,1.3901372953772801,5.1048903912
19775,1.3901026590449772,,0.0,1.3901026590449772,5.1288377875
19780,1.3900742804991535,,0.0,1.3900742804991535,5.1379188627
19785,1.3900534218762455,,0.0,1.3900534218762455,5.1348770688
19790,1.3900410441564814,,0.0,1.3900410441564814,5.0985268127
19795,1.3900379235593845,,0.0,1.3900379235593845,5.0758637664
19800,1.390044640191155,,0.0,1.390044640191155,5.0596180715
19805,1.390061541242235,,0.0,1.390061541242235,5.05286898
19810,1.3900884590432194,,0.0,1.3900884590432194,5.0174132895
19815,1.390124961570932,,0.0,1.390124961570932,5.0129574404
19820,1.3901702823366628,,0.0,1.3901702823366628,5.0325867787
19825,1.390222981179987,,0.0,1.390222981179987,5.049433487
19830,1.3902813906386513,,0.0,1.3902813906386513,5.0600351541
19835,1.3903438350166368,,0.0,1.3903438350166368,5.0927272141
19840,1.3904085179807866,,0.0,1.3904085179807866,5.1107628149
19845,1.3904735410243994,,0.0,1.3904735410243994,5.1033408976
19850,1.3905374130874086,,0.0,1.3905374130874086,5.1070244796
19855,1.3905990158747643,,0.0,1.3905990158747643,5.1082966623
19860,1.3906573972637735,,0.0,1.3906573972637735,5.1526724248
19865,1.3907120724603084,,0.0,1.3907120724603084,5.1753189649
19870,1.3907629707288385,,0.0,1.3907629707288385,5.1305836902
19875,1.390810342824947,,0.0,1.390810342824947,5.0614220459
19880,1.3908546794062016,,0.0,1.3908546794062016,5.0060031668
19885,1.3908966200864703,,0.0,1.3908966200864703,4.9626163333
19890,1.390936856876312,,0.0,1.390936856876312,4.9367525016
19895,1.3909759788642164,,0.0,1.3909759788642164,4.9000136309
19900,1.3910142369305212,,0.0,1.3910142369305212,4.8572424564
19905,1.3910517154089446,,0.0,1.3910517154089446,4.8715123644
19910,1.39108850187681,,0.0,1.39108850187681,4.8766576287
19915,1.391124811784313,,0.0,1.391124811784313,4.914404786
19920,1.3911609879555047,,0.0,1.3911609879555047,4.9446729309
19925,1.3911974882376446,,0.0,1.3911974882376446,4.9579042417
19930,1.39123493203445,,0.0,1.39123493203445,4.9931135861
19935,1.3912739605815923,,0.0,1.3912739605815923,4.9912092102
19940,1.3913150960994054,,0.0,1.3913150960994054,4.9649550154
19945,1.3913585239723663,,0.0,1.3913585239723663,4.948309012
19950,1.39140409050352,,0.0,1.39140409050352,4.9292853256
19955,1.3914515716346436,,0.0,1.3914515716346436,4.9289748965
19960,1.3915007308321121,,0.0,1.3915007308321121,4.9211596859
19965,1.3915513843332517,,0.0,1.3915513843332517,4.9450500316
19970,1.3916032866221477,,0.0,1.3916032866221477,4.9726865296
19975,1.3916560983678612,,0.0,1.3916560983678612,4.9839973963
19980,1.3917094797404377,,0.0,1.3917094797404377,5.0176152181
19985,1.3917632347513091,,0.0,1.3917632347513091,5.0555844761
19990,1.3918173097562458,,0.0,1.3918173097562458,5.1120520423
19995,1.3918717269614638,,0.0,1.3918717269614638,5.1506839405
20000,1.391926571199698,,0.0,1.391926571199698,5.1779828278
20005,1.3919819994115072,,0.0,1.3919819994115072,5.1878001943
20010,1.392038144958941,,0.0,1.392038144958941,5.2117973262
20015,1.392095111886853,,0.0,1.392095111886853,5.2433532494
20020,1.3921528156120169,,0.0,1.3921528156120169,5.2261785968
20025,1.392211064013239,,0.0,1.392211064013239,5.150916447
20030,1.3922694513904414,,0.0,1.3922694513904414,5.047290968
20035,1.3923275868892742,,0.0,1.3923275868892742,5.0085234357
20040,1.392385256182328,,0.0,1.392385256182328,4.9911089698
20045,1.3924424026312772,,0.0,1.3924424026312772,4.967665926
20050,1.3924991330255643,,0.0,1.3924991330255643,4.9352800555
20055,1.3925556500904743,,0.0,1.3925556500904743,4.93988203
20060,1.3926121287311455,,0.0,1.3926121287311455,4.9516843383
20065,1.3926687817779393,,0.0,1.3926687817779393,4.9963770028
20070,1.3927259233614817,,0.0,1.3927259233614817,5.0181331754
20075,1.3927837984986713,,0.0,1.3927837984986713,5.0252888803
20080,1.3928423772485425,,0.0,1.3928423772485425,5.0375896265
20085,1.3929014909436588,,0.0,1.3929014909436588,5.0404198834
20090,1.3929609877583755,,0.0,1.3929609877583755,5.0130242406
20095,1.3930208533459802,,0.0,1.3930208533459802,4.9864421216
20100,1.3930812440232618,,0.0,1.3930812440232618,4.9620883932
20105,1.393142313112913,,0.0,1.393142313112913,4.9618627983
20110,1.3932039636810591,,0.0,1.3932039636810591,4.9154998997
20115,1.3932657428706015,,0.0,1.3932657428706015,4.9282929584
20120,1.3933268574954705,,0.0,1.3933268574954705,4.9510182111
20125,1.3933863560567434,,0.0,1.3933863560567434,4.9488657944
20130,1.3934434083164065,,0.0,1.3934434083164065,4.9558114263
20135,1.3934975367160642,,0.0,1.3934975367160642,4.9855927575
20140,1.3935487125622925,,0.0,1.3935487125622925,5.0419779013
20145,1.3935972303993356,,0.0,1.3935972303993356,5.0606903436
20150,1.3936435000441554,,0.0,1.3936435000441554,5.0718631885
20155,1.3936878769209586,,0.0,1.3936878769209586,5.0721699535
20160,1.3937306312469568,,0.0,1.3937306312469568,5.0690650171
20165,1.3937719814664415,,0.0,1.3937719814664415,5.1151403349
20170,1.3938122943562363,,0.0,1.3938122943562363,5.1334851069
20175,1.3938522222551204,,0.0,1.3938522222551204,5.1056634594
20180,1.39389265503353,,0.0,1.39389265503353,5.0727412346
20185,1.3939346914001336,,0.0,1.3939346914001336,5.033912155
20190,1.3939795474571341,,0.0,1.3939795474571341,5.0135515108
20195,1.3940283144279586,,0.0,1.3940283144279586,5.0000554488
20200,1.3940816168312393,,0.0,1.3940816168312393,5.0041472518
20205,1.3941393904186554,,0.0,1.3941393904186554,5.0004810605
20210,1.3942009027593454,,0.0,1.3942009027593454,5.0338459166
20215,1.3942649861556673,,0.0,1.3942649861556673,5.0764429591
20220,1.394330327446789,,0.0,1.394330327446789,5.100204461
20225,1.3943957419685216,,0.0,1.3943957419685216,5.1404859348
20230,1.3944602994301256,,0.0,1.3944602994301256,5.1785091717
20235,1.3945233805526378,,0.0,1.3945233805526378,5.19131601
20240,1.3945846496229857,,0.0,1.3945846496229857,5.1726192939
20245,1.3946438341783862,,0.0,1.3946438341783862,5.1586737103
20250,1.3947007322420784,,0.0,1.3947007322420784,5.1369069758
20255,1.394755245383139,,0.0,1.394755245383139,5.116123219
20260,1.3948074266220274,,0.0,1.3948074266220274,5.1110774255
20265,1.394857377259009,,0.0,1.394857377259009,5.1064275639
20270,1.3949052171826988,,0.0,1.3949052171826988,5.1228288936
20275,1.39495102249305,,0.0,1.39495102249305,5.1425814868
20280,1.3949947560133638,,0.0,1.3949947560133638,5.1579894863
20285,1.3950363654717053,,0.0,1.3950363654717053,5.1626967105
20290,1.3950759762458664,,0.0,1.3950759762458664,5.1870103131
20295,1.3951137767144197,,0.0,1.3951137767144197,5.2034507247
20300,1.3951499187030096,,0.0,1.3951499187030096,5.1975808298
20305,1.3951846716803225,,0.0,1.3951846716803225,5.1835366282
20310,1.3952184565664276,,0.0,1.3952184565664276,5.1917657195
20315,1.3952518769212814,,0.0,1.3952518769212814,5.2250063748
20320,1.395285641347727,,0.0,1.395285641347727,5.2391583239
20325,1.3953203910814356,,0.0,1.3953203910814356,5.2075303164
20330,1.3953565369374,,0.0,1.3953565369374,5.137688417
20335,1.39539429636188,,0.0,1.39539429636188,5.0840287002
20340,1.3954338497491912,,0.0,1.3954338497491912,5.0865934342
20345,1.3954755763515592,,0.0,1.3954755763515592,5.0839161487
20350,1.3955200912063106,,0.0,1.3955200912063106,5.0830148643
20355,1.3955679900138986,,0.0,1.3955679900138986,5.0888264532
20360,1.3956194493012637,,0.0,1.3956194493012637,5.0850888217
20365,1.3956739040574424,,0.0,1.3956739040574424,5.1158063484
20370,1.395730160760709,,0.0,1.395730160760709,5.1551467083
20375,1.3957866102089396,,0.0,1.3957866102089396,5.1644477158
20380,1.395841559864322,,0.0,1.395841559864322,5.1847493841
20385,1.3958935116805644,,0.0,1.3958935116805644,5.2006506038
20390,1.395941304072972,,0.0,1.395941304072972,5.1770313296
20395,1.395984254013276,,0.0,1.395984254013276,5.1340354459
20400,1.3960221554078327,,0.0,1.3960221554078327,5.1089335123
20405,1.3960551801676842,,0.0,1.3960551801676842,5.0646745633
20410,1.3960837996135238,,0.0,1.3960837996135238,5.0486469775
20415,1.3961086952765718,,0.0,1.3961086952765718,5.0254731216
20420,1.396130816784441,,0.0,1.396130816784441,5.0188968281
20425,1.3961515006269647,,0.0,1.3961515006269647,5.0636632945
20430,1.3961724130188562,,0.0,1.3961724130188562,5.0867916936
20435,1.3961953621449048,,0.0,1.3961953621449048,5.0983572078
20440,1.396221851540579,,0.0,1.396221851540579,5.111761415
20445,1.3962525513844835,,0.0,1.3962525513844835,5.1628209926
20450,1.3962869637833173,,0.0,1.3962869637833173,5.1710775015
20455,1.3963235810847294,,0.0,1.3963235810847294,5.1941270861
20460,1.3963602999359153,,0.0,1.3963602999359153,5.2243135596
20465,1.3963949513634546,,0.0,1.3963949513634546,5.2548057145
20470,1.396425750636314,,0.0,1.396425750636314,5.2485709695
20475,1.396451510969486,,0.0,1.396451510969486,5.2419932261
20480,1.3964716159533497,,0.0,1.3964716159533497,5.1722601485
20485,1.3964857580692414,,0.0,1.3964857580692414,5.1140554124
20490,1.3964937414533474,,0.0,1.3964937414533474,5.052449762
20495,1.396495533794376,,0.0,1.396495533794376,5.0155076929
20500,1.396491247745209,,0.0,1.396491247745209,5.0253189241
20505,1.3964815123156231,,0.0,1.3964815123156231,5.0224933647
20510,1.3964673453736813,,0.0,1.3964673453736813,5.0060953205
20515,1.396450280645325,,0.0,1.396450280645325,5.0075185322
20520,1.396432654773379,,0.0,1.396432654773379,5.0115744072
20525,1.3964174077111178,,0.0,1.3964174077111178,5.0350061297
20530,1.396407603292558,,0.0,1.396407603292558,5.0210443769
20535,1.3964056273136094,,0.0,1.3964056273136094,5.0196935282
20540,1.3964128775183304,,0.0,1.3964128775183304,5.0027853067
20545,1.3964296274922903,,0.0,1.3964296274922903,4.9739139377
20550,1.3964548868133113,,0.0,1.3964548868133113,4.9291941316
20555,1.3964865629821888,,0.0,1.3964865629821888,4.890159797
20560,1.396522303262829,,0.0,1.396522303262829,4.8796260135
20565,1.396559980599163,,0.0,1.396559980599163,4.889404622
20570,1.396597843818989,,0.0,1.396597843818989,4.893663341
20575,1.3966343540814508,,0.0,1.3966343540814508,4.9171915739
20580,1.3966682826841887,,0.0,1.3966682826841887,4.9652984766
20585,1.396698659290423,,0.0,1.396698659290423,4.9848362156
20590,1.3967248387971076,,0.0,1.3967248387971076,5.0210692621
20595,1.3967462735340876,,0.0,1.3967462735340876,5.0485565316
20600,1.3967622636313015,,0.0,1.3967622636313015,5.0538729274
20605,1.3967724968294337,,0.0,1.3967724968294337,5.056915411
20610,1.3967773293012156,,0.0,1.3967773293012156,5.0820400477
20615,1.3967779626773833,,0.0,1.3967779626773833,5.0849643852
20620,1.3967762968369326,,0.0,1.3967762968369326,5.1049920374
20625,1.396774164166933,,0.0,1.396774164166933,5.1137552741
20630,1.3967725925157684,,0.0,1.3967725925157684,5.0426214915
20635,1.396771280976739,,0.0,1.396771280976739,4.9559318226
20640,1.3967690685889196,,0.0,1.3967690685889196,4.918770418
20645,1.3967648412988967,,0.0,1.3967648412988967,4.8842452464
20650,1.396757731192942,,0.0,1.396757731192942,4.8641181905
20655,1.3967475807067262,,0.0,1.3967475807067262,4.8702495548
20660,1.3967351492179791,,0.0,1.3967351492179791,4.8368466417
20665,1.3967220803609353,,0.0,1.3967220803609353,4.839793136
20670,1.3967104393136693,,0.0,1.3967104393136693,4.8746317548
20675,1.396701861351896,,0.0,1.396701861351896,4.9275858027
20680,1.3966967136267017,,0.0,1.3966967136267017,4.9786748043
20685,1.3966938465297765,,0.0,1.3966938465297765,5.0186042997
20690,1.396690174894166,,0.0,1.396690174894166,5.0472745686
20695,1.3966821927576003,,0.0,1.3966821927576003,5.0358031376
20700,1.3966677013304478,,0.0,1.3966677013304478,4.9984162764
20705,1.3966464209141927,,0.0,1.3966464209141927,4.9652261683
20710,1.396619894217066,,0.0,1.396619894217066,4.9259445757
20715,1.396590816923967,,0.0,1.396590816923967,4.9105273598
20720,1.3965617613380676,,0.0,1.3965617613380676,4.9015566436
20725,1.3965342338641793,,0.0,1.3965342338641793,4.9317528365
20730,1.3965080064519504,,0.0,1.3965080064519504,4.9947621116
20735,1.3964817130448441,,0.0,1.3964817130448441,5.0226143515
20740,1.3964540398582583,,0.0,1.3964540398582583,5.0541973527
20745,1.3964244333585998,,0.0,1.3964244333585998,5.0626581154
20750,1.3963934744005926,,0.0,1.3963934744005926,5.0718519533
20755,1.3963627297699945,,0.0,1.3963627297699945,5.0942438734
20760,1.3963343670679313,,0.0,1.3963343670679313,5.1435290435
20765,1.3963103559108967,,0.0,1.3963103559108967,5.1587255295
20770,1.396291956065001,,0.0,1.396291956065001,5.1887524342
20775,1.3962793912142046,,0.0,1.3962793912142046,5.2087618409
20780,1.3962720125128414,,0.0,1.3962720125128414,5.1707417858
20785,1.3962685821515086,,0.0,1.3962685821515086,5.0978453868
20790,1.3962674526285968,,0.0,1.3962674526285968,5.05994848
20795,1.3962670193578797,,0.0,1.3962670193578797,5.0314680029
20800,1.3962660905641886,,0.0,1.3962660905641886,4.990435035
20805,1.396263773008729,,0.0,1.396263773008729,5.0254779816
20810,1.3962592323366037,,0.0,1.3962592323366037,5.0219967211
20815,1.3962514549213874,,0.0,1.3962514549213874,5.0111386639
20820,1.3962392024546613,,0.0,1.3962392024546613,5.0374475364
20825,1.3962212885256795,,0.0,1.3962212885256795,5.0801984033
20830,1.396196863434801,,0.0,1.396196863434801,5.1108926521
20835,1.396165529341451,,0.0,1.396165529341451,5.1204015017
20840,1.3961274173621054,,0.0,1.3961274173621054,5.1171251845
20845,1.3960833235521772,,0.0,1.3960833235521772,5.0664637319
20850,1.3960348023467752,,0.0,1.3960348023467752,4.9948443763
20855,1.3959836580633147,,0.0,1.3959836580633147,4.939676097
20860,1.3959315756296116,,0.0,1.3959315756296116,4.916968071
20865,1.3958797713973763,,0.0,1.3958797713973763,4.8947929498
20870,1.3958289810410751,,0.0,1.3958289810410751,4.8682699244
20875,1.395779547509513,,0.0,1.395779547509513,4.882857692
20880,1.3957316724051894,,0.0,1.3957316724051894,4.9050502762
20885,1.3956857267465639,,0.0,1.3956857267465639,4.9420965768
20890,1.3956421762403997,,0.0,1.3956421762403997,4.9784013225
20895,1.3956016951821837,,0.0,1.3956016951821837,5.0131105535
20900,1.3955647145970607,,0.0,1.3955647145970607,5.0305468971
20905,1.3955310117991018,,0.0,1.3955310117991018,5.0231151201
20910,1.3954997837466698,,0.0,1.3954997837466698,5.0239191175
20915,1.3954699954804017,,0.0,1.3954699954804017,5.0677719513
20920,1.3954407001172728,,0.0,1.3954407001172728,5.131131994
20925,1.3954110805184419,,0.0,1.3954110805184419,5.1878276682
20930,1.395380481226279,,0.0,1.395380481226279,5.1976876698
20935,1.3953484285497642,,0.0,1.3953484285497642,5.1291871562
20940,1.3953144093756065,,0.0,1.3953144093756065,5.1017467633
20945,1.395278038588141,,0.0,1.395278038588141,5.0912907009
20950,1.3952390655565385,,0.0,1.3952390655565385,5.0618304815
20955,1.3951971015472675,,0.0,1.3951971015472675,5.0511473514
20960,1.395151525035792,,0.0,1.395151525035792,5.0467931938
20965,1.395101560301606,,0.0,1.395101560301606,5.0452441925
20970,1.3950463174742727,,0.0,1.3950463174742727,5.0434899249
20975,1.3949855032570877,,0.0,1.3949855032570877,5.0840351764
20980,1.3949192989176442,,0.0,1.3949192989176442,5.120046058
20985,1.3948475281785095,,0.0,1.3948475281785095,5.1597791088
20990,1.3947701475005305,,0.0,1.3947701475005305,5.184549854
20995,1.394686847119471,,0.0,1.394686847119471,5.1525729125
21000,1.3945972939420939,,0.0,1.3945972939420939,5.1109747973
21005,1.3945019866102228,,0.0,1.3945019866102228,5.0641930498
21010,1.3944023463216728,,0.0,1.3944023463216728,5.0687887035
21015,1.394300431143538,,0.0,1.394300431143538,5.0517062189
21020,1.3941987914222833,,0.0,1.3941987914222833,5.0227538599
21025,1.3941001252131342,,0.0,1.3941001252131342,5.029345848
21030,1.3940063388822947,,0.0,1.3940063388822947,5.0503065954
21035,1.3939186432922994,,0.0,1.3939186432922994,5.0782640212
21040,1.3938378417342934,,0.0,1.3938378417342934,5.1227506873
21045,1.3937642735392153,,0.0,1.3937642735392153,5.1294956928
21050,1.393698070197804,,0.0,1.393698070197804,5.1441127492
21055,1.3936390835022816,,0.0,1.3936390835022816,5.0953499981
21060,1.3935880299149948,,0.0,1.3935880299149948,5.0915780299
21065,1.393545681663337,,0.0,1.393545681663337,5.1422716232
21070,1.3935106385081697,,0.0,1.3935106385081697,5.1896843313
21075,1.393479739681601,,0.0,1.393479739681601,5.2198262182
21080,1.3934495623075391,,0.0,1.3934495623075391,5.1848566014
21085,1.3934166398459857,,0.0,1.3934166398459857,5.1089447252
21090,1.3933785534412146,,0.0,1.3933785534412146,5.082456136
21095,1.3933349544057363,,0.0,1.3933349544057363,5.0831528248
21100,1.3932879040502493,,0.0,1.3932879040502493,5.0506505587
21105,1.393239264453281,,0.0,1.393239264453281,5.0304883539
21110,1.3931906649023533,,0.0,1.3931906649023533,5.020555618
21115,1.3931431656818967,,0.0,1.3931431656818967,5.0106039044
21120,1.3930967981051703,,0.0,1.3930967981051703,5.002014664
21125,1.3930512121123895,,0.0,1.3930512121123895,5.0093389524
21130,1.3930053661322273,,0.0,1.3930053661322273,5.0479934554
21135,1.3929583292501746,,0.0,1.3929583292501746,5.0715724197
21140,1.3929094935398842,,0.0,1.3929094935398842,5.0992257887
21145,1.3928585932752897,,0.0,1.3928585932752897,5.1121074381
21150,1.3928057201505974,,0.0,1.3928057201505974,5.0717170515
21155,1.3927512506734445,,0.0,1.3927512506734445,5.0277648238
21160,1.3926957226584178,,0.0,1.3926957226584178,5.0378190976
21165,1.3926397526398926,,0.0,1.3926397526398926,5.0151319371
21170,1.3925835907496822,,0.0,1.3925835907496822,5.0146000666
21175,1.3925273607437758,,0.0,1.3925273607437758,5.0286261983
21180,1.3924713624060876,,0.0,1.3924713624060876,5.05811463
21185,1.3924162691588264,,0.0,1.3924162691588264,5.096424591
21190,1.3923630689290893,,0.0,1.3923630689290893,5.1421456972
21195,1.3923126112917639,,0.0,1.3923126112917639,5.1675806287
21200,1.3922653353810057,,0.0,1.3922653353810057,5.2082103949
21205,1.392221267270406,,0.0,1.392221267270406,5.21386674
21210,1.3921801124157192,,0.0,1.3921801124157192,5.1836974074
21215,1.392140957118491,,0.0,1.392140957118491,5.2116684667
21220,1.392102714022669,,0.0,1.392102714022669,5.2635644448
21225,1.392063790643167,,0.0,1.392063790643167,5.3054755918
21230,1.3920225067928218,,0.0,1.3920225067928218,5.3245294356
21235,1.3919776816748186,,0.0,1.3919776816748186,5.286595069
21240,1.3919292005154578,,0.0,1.3919292005154578,5.2596228829
21245,1.3918778856932494,,0.0,1.3918778856932494,5.2860236613
21250,1.3918249720235,,0.0,1.3918249720235,5.2413039622
21255,1.3917716758579204,,0.0,1.3917716758579204,5.226079314
21260,1.391719164894153,,0.0,1.391719164894153,5.2806438235
21265,1.3916678902427397,,0.0,1.3916678902427397,5.3019218957
21270,1.3916177523499715,,0.0,1.3916177523499715,5.3278140667
21275,1.3915685605917034,,0.0,1.3915685605917034,5.3248300223
21280,1.3915202414878165,,0.0,1.3915202414878165,5.3825432018
21285,1.3914724636916296,,0.0,1.3914724636916296,5.4288284251
21290,1.391424810025694,,0.0,1.391424810025694,5.4490003248
21295,1.3913772002731741,,0.0,1.3913772002731741,5.4364283736
21300,1.3913298229373965,,0.0,1.3913298229373965,5.3978229939
21305,1.3912829806716178,,0.0,1.3912829806716178,5.3484307253
21310,1.391236438688769,,0.0,1.391236438688769,5.3337574849
21315,1.3911894584450424,,0.0,1.3911894584450424,5.2930226345
21320,1.3911415238330502,,0.0,1.3911415238330502,5.2729622998
21325,1.3910925077284446,,0.0,1.3910925077284446,5.2483740216
21330,1.3910427792783753,,0.0,1.3910427792783753,5.2481618721
21335,1.3909933284060043,,0.0,1.3909933284060043,5.2663904334
21340,1.3909455403799875,,0.0,1.3909455403799875,5.2835717748
21345,1.3909008009679973,,0.0,1.3909008009679973,5.3072537626
21350,1.3908600810058298,,0.0,1.3908600810058298,5.3446152179
21355,1.3908236930023095,,0.0,1.3908236930023095,5.3595775631
21360,1.3907916493080843,,0.0,1.3907916493080843,5.3164075857
21365,1.3907634000074267,,0.0,1.3907634000074267,5.3374032106
21370,1.3907380013361637,,0.0,1.3907380013361637,5.4215789464
21375,1.3907145614277938,,0.0,1.3907145614277938,5.486356644
21380,1.3906925086593906,,0.0,1.3906925086593906,5.49647012
21385,1.3906717968719662,,0.0,1.3906717968719662,5.4532662328
21390,1.3906529540245394,,0.0,1.3906529540245394,5.3838814636
21395,1.3906366416876872,,0.0,1.3906366416876872,5.3880390733
21400,1.390623211792505,,0.0,1.390623211792505,5.3922709292
21405,1.3906124465184706,,0.0,1.3906124465184706,5.3816673043
21410,1.3906035151285543,,0.0,1.3906035151285543,5.3682862176
21415,1.390594791204576,,0.0,1.390594791204576,5.3897792948
21420,1.390584224164682,,0.0,1.390584224164682,5.4090128662
21425,1.3905697541952213,,0.0,1.3905697541952213,5.4004338084
21430,1.39054942003822,,0.0,1.39054942003822,5.4102625862
21435,1.3905218033652065,,0.0,1.3905218033652065,5.4260880781
21440,1.3904859721388845,,0.0,1.3904859721388845,5.4598057235
21445,1.3904415014470568,,0.0,1.3904415014470568,5.4281892619
21450,1.3903881230685768,,0.0,1.3903881230685768,5.3608231883
21455,1.390325821284438,,0.0,1.390325821284438,5.3052404223
21460,1.3902553733121945,,0.0,1.3902553733121945,5.2860703735
21465,1.3901787004885342,,0.0,1.3901787004885342,5.2334734073
21470,1.390098659431044,,0.0,1.390098659431044,5.2024550366
21475,1.3900185915514391,,0.0,1.3900185915514391,5.1837734513
21480,1.3899418259107865,,0.0,1.3899418259107865,5.1736908335
21485,1.3898711380365598,,0.0,1.3898711380365598,5.1711239414
21490,1.3898082183457516,,0.0,1.3898082183457516,5.1894568984
21495,1.3897535425254468,,0.0,1.3897535425254468,5.21884296
21500,1.3897063877508438,,0.0,1.3897063877508438,5.2468106529
21505,1.3896652332704191,,0.0,1.3896652332704191,5.2167124073
21510,1.3896283100721458,,0.0,1.3896283100721458,5.1654277996
21515,1.3895938478964573,,0.0,1.3895938478964573,5.1865385559
21520,1.3895603434573929,,0.0,1.3895603434573929,5.2761156293
21525,1.389526709897916,,0.0,1.389526709897916,5.350480986
21530,1.389492330683652,,0.0,1.389492330683652,5.3525174694
21535,1.389456978138511,,0.0,1.389456978138511,5.2939422572
21540,1.3894208281656637,,0.0,1.3894208281656637,5.206173309
21545,1.3893843202735285,,0.0,1.3893843202735285,5.237604371
21550,1.3893480098670097,,0.0,1.3893480098670097,5.2550763888
21555,1.3893123848590854,,0.0,1.3893123848590854,5.2344251729
21560,1.389278106071809,,0.0,1.389278106071809,5.2144310413
21565,1.3892458461788642,,0.0,1.3892458461788642,5.2416347469
21570,1.3892161920231691,,0.0,1.3892161920231691,5.2564489366
21575,1.3891895305916988,,0.0,1.3891895305916988,5.2418103246
21580,1.3891662014649004,,0.0,1.3891662014649004,5.2538085103
21585,1.3891461747018086,,0.0,1.3891461747018086,5.2877106584
21590,1.3891287720148076,,0.0,1.3891287720148076,5.3167089891
21595,1.3891128885822819,,0.0,1.3891128885822819,5.3029576051
21600,1.3890977464381529,,0.0,1.3890977464381529,5.2493544874
21605,1.3890831984974286,,0.0,1.3890831984974286,5.2040040801
21610,1.389069777958798,,0.0,1.389069777958798,5.1919679034
21615,1.389058460523464,,0.0,1.389058460523464,5.1497257448
21620,1.3890506423136826,,0.0,1.3890506423136826,5.1003492972
21625,1.3890471460822265,,0.0,1.3890471460822265,5.0677226654
21630,1.3890480481785568,,0.0,1.3890480481785568,5.0118933325
21635,1.3890526497306446,,0.0,1.3890526497306446,4.9892161045
21640,1.3890599649322108,,0.0,1.3890599649322108,5.0054666691
21645,1.3890688389352772,,0.0,1.3890688389352772,5.0076658472
21650,1.389078245139,,0.0,1.389078245139,5.0327580723
21655,1.3890876463525617,,0.0,1.3890876463525617,5.010297738
21660,1.3890976543696847,,0.0,1.3890976543696847,4.9273668797
21665,1.3891090744775785,,0.0,1.3891090744775785,4.9309974303
21670,1.3891221904916424,,0.0,1.3891221904916424,5.0047191914
21675,1.3891366111832646,,0.0,1.3891366111832646,5.0256628414
21680,1.3891514948370607,,0.0,1.3891514948370607,5.0042711299
21685,1.389165488745175,,0.0,1.389165488745175,4.9430984523
21690,1.3891771253012963,,0.0,1.3891771253012963,4.8529384335
21695,1.3891853457180432,,0.0,1.3891853457180432,4.8608996312
21700,1.3891898581957598,,0.0,1.3891898581957598,4.8757017328
21705,1.3891912402208113,,0.0,1.3891912402208113,4.851921383
21710,1.3891902360756911,,0.0,1.3891902360756911,4.8093331865
21715,1.389187726274284,,0.0,1.389187726274284,4.8630305386
21720,1.3891847123418755,,0.0,1.3891847123418755,4.9033362833
21725,1.3891822197565236,,0.0,1.3891822197565236,4.9109273644
21730,1.389181097718853,,0.0,1.389181097718853,4.9410064537
21735,1.3891818396310196,,0.0,1.3891818396310196,5.008919186
21740,1.389184541054604,,0.0,1.389184541054604,5.0735961874
21745,1.389188948489434,,0.0,1.389188948489434,5.0770589809
21750,1.389194676819845,,0.0,1.389194676819845,5.067049751
21755,1.3892009889990773,,0.0,1.3892009889990773,5.0685914049
21760,1.3892066347423262,,0.0,1.3892066347423262,5.0878573052
21765,1.3892099396011133,,0.0,1.3892099396011133,5.0916024494
21770,1.3892091625083125,,0.0,1.3892091625083125,5.1107903184
21775,1.3892033288855072,,0.0,1.3892033288855072,5.1066242346
21780,1.3891926990943402,,0.0,1.3891926990943402,5.0975976581
21785,1.3891791043990953,,0.0,1.3891791043990953,5.1231126811
21790,1.3891659553252158,,0.0,1.3891659553252158,5.133527651
21795,1.3891578559198696,,0.0,1.3891578559198696,5.1794914551
21800,1.3891598019578528,,0.0,1.3891598019578528,5.2227518086
21805,1.389176052042448,,0.0,1.389176052042448,5.2137228324
21810,1.3892091551478252,,0.0,1.3892091551478252,5.2098733232
21815,1.3892591559359235,,0.0,1.3892591559359235,5.2584174071
21820,1.3893231183208443,,0.0,1.3893231183208443,5.3438255264
21825,1.3893953547667415,,0.0,1.3893953547667415,5.3969706744
21830,1.3894690549515747,,0.0,1.3894690549515747,5.3830492938
21835,1.3895382966771828,,0.0,1.3895382966771828,5.3185143271
21840,1.3895995238301793,,0.0,1.3895995238301793,5.2439201121
21845,1.3896507171419705,,0.0,1.3896507171419705,5.2226178396
21850,1.3896916837428386,,0.0,1.3896916837428386,5.2120802637
21855,1.389723809026194,,0.0,1.389723809026194,5.1960454811
21860,1.389749401689961,,0.0,1.389749401689961,5.1573052275
21865,1.3897712415032493,,0.0,1.3897712415032493,5.1804735737
21870,1.3897917822529102,,0.0,1.3897917822529102,5.2150527354
21875,1.3898128011847364,,0.0,1.3898128011847364,5.2544063468
21880,1.3898352479263398,,0.0,1.3898352479263398,5.2937372023
21885,1.3898592774222156,,0.0,1.3898592774222156,5.3261564654
21890,1.3898842536763614,,0.0,1.3898842536763614,5.3799239073
21895,1.3899092971729252,,0.0,1.3899092971729252,5.3739455772
21900,1.389934070577032,,0.0,1.389934070577032,5.3362575032
21905,1.3899587718733144,,0.0,1.3899587718733144,5.3142897942
21910,1.38998389608573,,0.0,1.38998389608573,5.310701452
21915,1.3900101292366438,,0.0,1.3900101292366438,5.3078516608
21920,1.3900380857396126,,0.0,1.3900380857396126,5.2979446349
21925,1.3900682888130027,,0.0,1.3900682888130027,5.3122637599
21930,1.3901011273150998,,0.0,1.3901011273150998,5.2930354934
21935,1.39013688992671,,0.0,1.39013688992671,5.2926956631
21940,1.3901757498064147,,0.0,1.3901757498064147,5.3015059575
21945,1.3902177990226827,,0.0,1.3902177990226827,5.3131428535
21950,1.3902629356514777,,0.0,1.3902629356514777,5.3238751882
21955,1.3903109644527563,,0.0,1.3903109644527563,5.3581234226
21960,1.3903617141392466,,0.0,1.3903617141392466,5.3762632277
21965,1.390415010180072,,0.0,1.390415010180072,5.394827189
21970,1.3904704985233198,,0.0,1.3904704985233198,5.4267841155
21975,1.3905276308750647,,0.0,1.3905276308750647,5.4475325513
21980,1.3905857333140816,,0.0,1.3905857333140816,5.4429143924
21985,1.390644056817225,,0.0,1.390644056817225,5.4036687349
21990,1.3907018191767788,,0.0,1.3907018191767788,5.3319338498
21995,1.390758267127961,,0.0,1.390758267127961,5.3243491516
22000,1.3908127166444706,,0.0,1.3908127166444706,5.3167533512
22005,1.390864604212392,,0.0,1.390864604212392,5.30900929
22010,1.3909134666200431,,0.0,1.3909134666200431,5.2799149553
22015,1.3909589232429036,,0.0,1.3909589232429036,5.2960777319
22020,1.3910007397929212,,0.0,1.3910007397929212,5.3298536682
22025,1.3910389741559617,,0.0,1.3910389741559617,5.3784630891
22030,1.3910739797601683,,0.0,1.3910739797601683,5.4374002924
22035,1.3911064240395572,,0.0,1.3911064240395572,5.4886429566
22040,1.3911371865099804,,0.0,1.3911371865099804,5.4935766905
22045,1.391167330075702,,0.0,1.391167330075702,5.4869739873
22050,1.3911979135241042,,0.0,1.3911979135241042,5.4460145676
22055,1.3912298934690244,,0.0,1.3912298934690244,5.4320064415
22060,1.3912640576073552,,0.0,1.3912640576073552,5.4257601496
22065,1.3913009774372698,,0.0,1.3913009774372698,5.4371046752
22070,1.3913409411405582,,0.0,1.3913409411405582,5.4078411268
22075,1.3913839752898267,,0.0,1.3913839752898267,5.405617169
22080,1.3914299803313663,,0.0,1.3914299803313663,5.4168223969
22085,1.391478823651652,,0.0,1.391478823651652,5.3890559358
22090,1.3915303325911181,,0.0,1.3915303325911181,5.3618302327
22095,1.3915842875826858,,0.0,1.3915842875826858,5.3724694416
22100,1.39164041267046,,0.0,1.39164041267046,5.4103508103
22105,1.3916983726403842,,0.0,1.3916983726403842,5.4366047729
22110,1.3917577817530238,,0.0,1.3917577817530238,5.4641541278
22115,1.3918182656215594,,0.0,1.3918182656215594,5.4649658389
22120,1.3918794367600005,,0.0,1.3918794367600005,5.4631631604
22125,1.3919409239003782,,0.0,1.3919409239003782,5.4837014399
22130,1.3920023747373356,,0.0,1.3920023747373356,5.4977568648
22135,1.3920635166833355,,0.0,1.3920635166833355,5.4877216838
22140,1.3921243598434536,,0.0,1.3921243598434536,5.4298305656
22145,1.3921851623337607,,0.0,1.3921851623337607,5.4032407509
22150,1.3922463864926606,,0.0,1.3922463864926606,5.3710036469
22155,1.392308489169381,,0.0,1.392308489169381,5.3655566996
22160,1.3923716014803986,,0.0,1.3923716014803986,5.3486942295
22165,1.3924353544033172,,0.0,1.3924353544033172,5.34490894
22170,1.3924988452180362,,0.0,1.3924988452180362,5.3515396097
22175,1.3925608907574147,,0.0,1.3925608907574147,5.4102216668
22180,1.3926203693580441,,0.0,1.3926203693580441,5.4419127476
22185,1.3926762771243126,,0.0,1.3926762771243126,5.4617800246
22190,1.3927281991243443,,0.0,1.3927281991243443,5.4734094858
22195,1.3927764758118637,,0.0,1.3927764758118637,5.4556461168
22200,1.39282204708367,,0.0,1.39282204708367,5.4125382102
22205,1.3928661900466828,,0.0,1.3928661900466828,5.384225893
22210,1.3929102003961706,,0.0,1.3929102003961706,5.3564151662
22215,1.3929552203799556,,0.0,1.3929552203799556,5.336022257
22220,1.393002174425338,,0.0,1.393002174425338,5.3014736376
22225,1.3930514607471545,,0.0,1.3930514607471545,5.300914922
22230,1.3931033120116556,,0.0,1.3931033120116556,5.3187954839
22235,1.3931578668205595,,0.0,1.3931578668205595,5.3371221313
22240,1.3932150462045705,,0.0,1.3932150462045705,5.3478150863
22245,1.3932744988563632,,0.0,1.3932744988563632,5.3667915081
22250,1.3933359650380654,,0.0,1.3933359650380654,5.3884585725
22255,1.3933993407048226,,0.0,1.3933993407048226,5.3827144638
22260,1.3934646174981151,,0.0,1.3934646174981151,5.3778936054
22265,1.3935317981625321,,0.0,1.3935317981625321,5.3733204072
22270,1.3936008261845012,,0.0,1.3936008261845012,5.3722897523
22275,1.3936716207234163,,0.0,1.3936716207234163,5.4096734741
22280,1.3937439831708756,,0.0,1.3937439831708756,5.4254390263
22285,1.3938174856205843,,0.0,1.3938174856205843,5.4039543924
22290,1.3938915836459924,,0.0,1.3938915836459924,5.3454715083
22295,1.3939656947705725,,0.0,1.3939656947705725,5.3041384986
22300,1.3940395240758179,,0.0,1.3940395240758179,5.3054482201
22305,1.3941134440772371,,0.0,1.3941134440772371,5.2940265546
22310,1.394188343397726,,0.0,1.394188343397726,5.2914825481
22315,1.3942652286774853,,0.0,1.3942652286774853,5.2922997415
22320,1.3943448219927919,,0.0,1.3943448219927919,5.2858320459
22325,1.3944272769158468,,0.0,1.3944272769158468,5.3163699829
22330,1.3945121380944707,,0.0,1.3945121380944707,5.3547154976
22335,1.3945983891576497,,0.0,1.3945983891576497,5.3657787761
22340,1.3946848354608725,,0.0,1.3946848354608725,5.4055163715
22345,1.3947703831608773,,0.0,1.3947703831608773,5.4164161302
22350,1.394854094731192,,0.0,1.394854094731192,5.3985714802
22355,1.3949352033088454,,0.0,1.3949352033088454,5.3898205217
22360,1.3950129810788754,,0.0,1.3950129810788754,5.3559652419
22365,1.3950867950393762,,0.0,1.3950867950393762,5.3314775492
22370,1.3951560835477423,,0.0,1.3951560835477423,5.3038292312
22375,1.3952205397090807,,0.0,1.3952205397090807,5.2548263506
22380,1.3952803026241256,,0.0,1.3952803026241256,5.2555331753
22385,1.3953359033707469,,0.0,1.3953359033707469,5.2640993262
22390,1.3953882414254404,,0.0,1.3953882414254404,5.2649590074
22395,1.395438346632655,,0.0,1.395438346632655,5.2625159266
22400,1.3954871136034794,,0.0,1.3954871136034794,5.2735093648
22405,1.3955351168301835,,0.0,1.3955351168301835,5.2677454286
22410,1.3955825844878726,,0.0,1.3955825844878726,5.2622990239
22415,1.3956297169315057,,0.0,1.3956297169315057,5.2557552488
22420,1.3956769914699696,,0.0,1.3956769914699696,5.2280965461
22425,1.3957251340469157,,0.0,1.3957251340469157,5.2200643997
22430,1.3957750508755578,,0.0,1.3957750508755578,5.2137625649
22435,1.3958274380833358,,0.0,1.3958274380833358,5.1819527853
22440,1.3958823374628473,,0.0,1.3958823374628473,5.1142444874
22445,1.3959388903321617,,0.0,1.3959388903321617,5.0662537126
22450,1.3959955176796268,,0.0,1.3959955176796268,5.0461414637
22455,1.3960503833755527,,0.0,1.3960503833755527,5.0405056064
22460,1.3961018694850325,,0.0,1.3961018694850325,5.0618917165
22465,1.3961489092364276,,0.0,1.3961489092364276,5.109301875
22470,1.3961910862008136,,0.0,1.3961910862008136,5.1097783871
22475,1.3962283952632757,,0.0,1.3962283952632757,5.128181272
22480,1.3962612005808028,,0.0,1.3962612005808028,5.1807698938
22485,1.3962900455819136,,0.0,1.3962900455819136,5.2324082181
22490,1.3963153160060426,,0.0,1.3963153160060426,5.2837094836
22495,1.396337172661124,,0.0,1.396337172661124,5.3273500664
22500,1.3963555717584955,,0.0,1.3963555717584955,5.3383445432
22505,1.3963705043158683,,0.0,1.3963705043158683,5.3120426342
22510,1.396382200254904,,0.0,1.396382200254904,5.2704245657
22515,1.396391285092267,,0.0,1.396391285092267,5.2300030367
22520,1.3963988035181345,,0.0,1.3963988035181345,5.2125951777
22525,1.3964060262769706,,0.0,1.3964060262769706,5.195493897
22530,1.3964143552297166,,0.0,1.3964143552297166,5.1842881037
22535,1.3964252498736713,,0.0,1.3964252498736713,5.2000564378
22540,1.3964401348997617,,0.0,1.3964401348997617,5.218299816
22545,1.396460341059137,,0.0,1.396460341059137,5.2147163193
22550,1.3964869189054125,,0.0,1.3964869189054125,5.2280046952
22555,1.3965205419855515,,0.0,1.3965205419855515,5.2636903083
22560,1.3965613750996166,,0.0,1.3965613750996166,5.2677828662
22565,1.3966088227966624,,0.0,1.3966088227966624,5.2725535792
22570,1.3966613953889166,,0.0,1.3966613953889166,5.2896228588
22575,1.3967166550580428,,0.0,1.3967166550580428,5.3045868614
22580,1.3967714086001033,,0.0,1.3967714086001033,5.3220033581
22585,1.39682215042709,,0.0,1.39682215042709,5.3153154363
22590,1.3968653866778735,,0.0,1.3968653866778735,5.2452007939
22595,1.3968978729993675,,0.0,1.3968978729993675,5.2019997319
22600,1.3969175138982706,,0.0,1.3969175138982706,5.1982128553
22605,1.3969234468252771,,0.0,1.3969234468252771,5.2064737586
22610,1.3969161578220555,,0.0,1.3969161578220555,5.2205095173
22615,1.3968975002343509,,0.0,1.3968975002343509,5.2422899545
22620,1.396870164257886,,0.0,1.396870164257886,5.2411636682
22625,1.396837581127271,,0.0,1.396837581127271,5.2572832296
22630,1.396803057822112,,0.0,1.396803057822112,5.247205822
22635,1.3967700538961823,,0.0,1.3967700538961823,5.2322385547
22640,1.3967423305584798,,0.0,1.3967423305584798,5.1950756349
22645,1.3967234395560009,,0.0,1.3967234395560009,5.1816255175
22650,1.39671593497783,,0.0,1.39671593497783,5.17747569
22655,1.396720630469696,,0.0,1.396720630469696,5.1409982343
22660,1.3967364145980203,,0.0,1.3967364145980203,5.0850762618
22665,1.396760073449698,,0.0,1.396760073449698,5.0394226108
22670,1.3967873143635987,,0.0,1.3967873143635987,4.9813936122
22675,1.3968138708769366,,0.0,1.3968138708769366,4.9621580665
22680,1.3968366993658463,,0.0,1.3968366993658463,4.9538731112
22685,1.3968543630382606,,0.0,1.3968543630382606,4.9810757028
22690,1.3968669790382058,,0.0,1.3968669790382058,5.0144710356
22695,1.3968758575324167,,0.0,1.3968758575324167,5.0233705356
22700,1.3968828816828507,,0.0,1.3968828816828507,5.0147315797
22705,1.3968900051374857,,0.0,1.3968900051374857,5.028383601
22710,1.3968986779123151,,0.0,1.3968986779123151,5.0647731071
22715,1.3969088152993587,,0.0,1.3969088152993587,5.0717803947
22720,1.3969194308685668,,0.0,1.3969194308685668,5.0940227131
22725,1.3969291692922492,,0.0,1.3969291692922492,5.1079927229
22730,1.3969366285847105,,0.0,1.3969366285847105,5.133671411
22735,1.396940097495036,,0.0,1.396940097495036,5.1223154498
22740,1.3969379414960341,,0.0,1.3969379414960341,5.0869716779
22745,1.3969286977220476,,0.0,1.3969286977220476,5.0210283818
22750,1.3969117984175239,,0.0,1.3969117984175239,4.9619413017
22755,1.3968869875872103,,0.0,1.3968869875872103,4.920061505
22760,1.3968551174258292,,0.0,1.3968551174258292,4.8744006305
22765,1.3968187742090026,,0.0,1.3968187742090026,4.8541842948
22770,1.3967815738072935,,0.0,1.3967815738072935,4.8532619247
22775,1.3967472987626373,,0.0,1.3967472987626373,4.8660244289
22780,1.396719303960184,,0.0,1.396719303960184,4.8575264917
22785,1.3966998914858946,,0.0,1.3966998914858946,4.9025719368
22790,1.39668999013346,,0.0,1.39668999013346,4.9368312984
22795,1.3966894448336316,,0.0,1.3966894448336316,4.9469146005
22800,1.396697216634917,,0.0,1.396697216634917,4.9542540733
22805,1.3967116625268512,,0.0,1.3967116625268512,4.9629763685
22810,1.3967307641141187,,0.0,1.3967307641141187,4.9408180756
22815,1.3967522764481004,,0.0,1.3967522764481004,4.9243306479
22820,1.396773773686845,,0.0,1.396773773686845,4.8643444365
22825,1.3967928331072534,,0.0,1.3967928331072534,4.8363761648
22830,1.3968072469374042,,0.0,1.3968072469374042,4.853780306
22835,1.39681547134628,,0.0,1.39681547134628,4.9196333253
22840,1.3968167778951486,,0.0,1.3968167778951486,4.9510902362
22845,1.3968118222911474,,0.0,1.3968118222911474,4.979781684
22850,1.3968024451551118,,0.0,1.3968024451551118,5.0236212632
22855,1.3967910447583534,,0.0,1.3967910447583534,5.0734640032
22860,1.3967795395682168,,0.0,1.3967795395682168,5.1035280512
22865,1.3967685789293844,,0.0,1.3967685789293844,5.133323535
22870,1.3967574527419655,,0.0,1.3967574527419655,5.1913548273
22875,1.396744723215861,,0.0,1.396744723215861,5.2086534555
22880,1.396729213795892,,0.0,1.396729213795892,5.2013833957
22885,1.3967107460838084,,0.0,1.3967107460838084,5.2052537165
22890,1.3966901997202164,,0.0,1.3966901997202164,5.1875348134
22895,1.396669225076068,,0.0,1.396669225076068,5.1457555805
22900,1.3966497184124924,,0.0,1.3966497184124924,5.1289992165
22905,1.3966330244530882,,0.0,1.3966330244530882,5.1138130445
22910,1.3966194233953881,,0.0,1.3966194233953881,5.0862854569
22915,1.3966080111469976,,0.0,1.3966080111469976,5.1220259243
22920,1.3965971954723386,,0.0,1.3965971954723386,5.1330222597
22925,1.3965854669725033,,0.0,1.3965854669725033,5.1388317218
22930,1.3965719432622967,,0.0,1.3965719432622967,5.173230797
22935,1.396556613488119,,0.0,1.396556613488119,5.2088649091
22940,1.3965400833307453,,0.0,1.3965400833307453,5.2611068767
22945,1.3965227466386216,,0.0,1.3965227466386216,5.2625172044
22950,1.3965045160839331,,0.0,1.3965045160839331,5.2654586936
22955,1.3964847656509993,,0.0,1.3964847656509993,5.2400096762
22960,1.3964623577078965,,0.0,1.3964623577078965,5.1695275472
22965,1.3964363032047415,,0.0,1.3964363032047415,5.0770838875
22970,1.3964061061195443,,0.0,1.3964061061195443,5.0311348034
22975,1.3963717921516337,,0.0,1.3963717921516337,5.0025603885
22980,1.3963338024312295,,0.0,1.3963338024312295,4.961611483
22985,1.3962928234797132,,0.0,1.3962928234797132,4.965848864
22990,1.396249675554777,,0.0,1.396249675554777,4.9648921668
22995,1.3962052237008065,,0.0,1.3962052237008065,4.9576304325
23000,1.3961603090094157,,0.0,1.3961603090094157,4.9683920384
23005,1.3961158396898823,,0.0,1.3961158396898823,4.9999446968
23010,1.3960726307602296,,0.0,1.3960726307602296,5.0243811919
23015,1.396031454946867,,0.0,1.396031454946867,5.0359346838
23020,1.3959928466960239,,0.0,1.3959928466960239,5.050825529
23025,1.3959569683126816,,0.0,1.3959569683126816,5.0876444634
23030,1.3959237715170345,,0.0,1.3959237715170345,5.1122352114
23035,1.395893069926574,,0.0,1.395893069926574,5.1786938911
23040,1.3958645319451104,,0.0,1.3958645319451104,5.2035350957
23045,1.3958376634219642,,0.0,1.3958376634219642,5.1590488417
23050,1.395811877638972,,0.0,1.395811877638972,5.1246502534
23055,1.3957865221326002,,0.0,1.3957865221326002,5.1452300721
23060,1.395761319449905,,0.0,1.395761319449905,5.1389849527
23065,1.3957363821190139,,0.0,1.3957363821190139,5.1742457788
23070,1.3957115564429718,,0.0,1.3957115564429718,5.2002036103
23075,1.3956865015937923,,0.0,1.3956865015937923,5.2027404932
23080,1.39566090132003,,0.0,1.39566090132003,5.223026179
23085,1.395634507111674,,0.0,1.395634507111674,5.2544613833
23090,1.3956064639046606,,0.0,1.3956064639046606,5.3035587967
23095,1.3955755069427178,,0.0,1.3955755069427178,5.3293915223
23100,1.3955401239575955,,0.0,1.3955401239575955,5.3452645709
23105,1.3954988127861194,,0.0,1.3954988127861194,5.3246065678
23110,1.3954496338775157,,0.0,1.3954496338775157,5.2626044892
23115,1.3953905230517418,,0.0,1.3953905230517418,5.2153715448
23120,1.395319684724165,,0.0,1.395319684724165,5.1926616842
23125,1.3952363067461042,,0.0,1.3952363067461042,5.1675024174
23130,1.3951413242737056,,0.0,1.3951413242737056,5.1383400941
23135,1.3950370425117808,,0.0,1.3950370425117808,5.1419942917
23140,1.3949270879349847,,0.0,1.3949270879349847,5.156231574
23145,1.3948153236763505,,0.0,1.3948153236763505,5.1501660056
23150,1.394705090773332,,0.0,1.394705090773332,5.1730927265
23155,1.3945987464531675,,0.0,1.3945987464531675,5.2094569076
23160,1.3944976353147025,,0.0,1.3944976353147025,5.2395386486
23165,1.3944024583507841,,0.0,1.3944024583507841,5.2643094948
23170,1.394313957099317,,0.0,1.394313957099317,5.2460664567
23175,1.3942330997762633,,0.0,1.3942330997762633,5.2834975652
23180,1.3941610997392369,,0.0,1.3941610997392369,5.2996978169
23185,1.394099565441839,,0.0,1.394099565441839,5.3353486428
23190,1.3940502209846486,,0.0,1.3940502209846486,5.3354065606
23195,1.394013502757233,,0.0,1.394013502757233,5.2802244264
23200,1.3939871162836264,,0.0,1.3939871162836264,5.2017861032
23205,1.3939658177780379,,0.0,1.3939658177780379,5.1727276537
23210,1.393943604825471,,0.0,1.393943604825471,5.1910552259
23215,1.3939147916366357,,0.0,1.3939147916366357,5.163958009
23220,1.3938749257405005,,0.0,1.3938749257405005,5.1544432543
23225,1.3938221178621613,,0.0,1.3938221178621613,5.1688840265
23230,1.3937568330846113,,0.0,1.3937568330846113,5.1772526747
23235,1.3936824153146459,,0.0,1.3936824153146459,5.1825352306
23240,1.3936033681724458,,0.0,1.3936033681724458,5.1984743828
23245,1.3935241396378983,,0.0,1.3935241396378983,5.2222947754
23250,1.393448234550487,,0.0,1.393448234550487,5.2738428235
23255,1.393377636249648,,0.0,1.393377636249648,5.2569624732
23260,1.3933129124909331,,0.0,1.3933129124909331,5.207547564
23265,1.3932536689268802,,0.0,1.3932536689268802,5.1608659819
23270,1.3931992608287058,,0.0,1.3931992608287058,5.1284309231
23275,1.3931488397443086,,0.0,1.3931488397443086,5.0980862691
23280,1.3931014790008158,,0.0,1.3931014790008158,5.0588328016
23285,1.393056199154404,,0.0,1.393056199154404,5.036336061
23290,1.393011934680974,,0.0,1.393011934680974,5.0404329411
23295,1.3929673288805409,,0.0,1.3929673288805409,5.0416916493
23300,1.39292109765996,,0.0,1.39292109765996,5.0690846938
23305,1.3928722421137802,,0.0,1.3928722421137802,5.1123116497
23310,1.3928201991023477,,0.0,1.3928201991023477,5.1528319489
23315,1.3927647542982535,,0.0,1.3927647542982535,5.1721487286
23320,1.3927063112807576,,0.0,1.3927063112807576,5.1575974843
23325,1.392645950419687,,0.0,1.392645950419687,5.1623426003
23330,1.3925852291442482,,0.0,1.3925852291442482,5.217161723
23335,1.3925256924082448,,0.0,1.3925256924082448,5.2935833674
23340,1.392468646760545,,0.0,1.392468646760545,5.3214604317
23345,1.3924147948157988,,0.0,1.3924147948157988,5.3021140091
23350,1.392363838910911,,0.0,1.392363838910911,5.272587076
23355,1.3923148032199237,,0.0,1.3923148032199237,5.291495354
23360,1.3922664434462257,,0.0,1.3922664434462257,5.2826629566
23365,1.3922175739275955,,0.0,1.3922175739275955,5.2719042158
23370,1.3921673026727783,,0.0,1.3921673026727783,5.2748677137
23375,1.3921150702847411,,0.0,1.3921150702847411,5.3118785984
23380,1.392060659441978,,0.0,1.392060659441978,5.3542355489
23385,1.392004159468369,,0.0,1.392004159468369,5.3860701503
23390,1.3919458726429081,,0.0,1.3919458726429081,5.4019964261
23395,1.3918861123476978,,0.0,1.3918861123476978,5.4668067397
23400,1.3918250275390398,,0.0,1.3918250275390398,5.5301034223
23405,1.3917626838375496,,0.0,1.3917626838375496,5.5467782656
23410,1.3916992757347468,,0.0,1.3916992757347468,5.5263679123
23415,1.391635245483638,,0.0,1.391635245483638,5.4881485578
23420,1.391571418955847,,0.0,1.391571418955847,5.484894836
23425,1.3915088308612285,,0.0,1.3915088308612285,5.454766691
23430,1.3914483174259895,,0.0,1.3914483174259895,5.4330132995
23435,1.3913902738708708,,0.0,1.3913902738708708,5.4231994096
23440,1.391334652914098,,0.0,1.391334652914098,5.429343928
23445,1.3912811096108015,,0.0,1.3912811096108015,5.4389687373
23450,1.3912290657260908,,0.0,1.3912290657260908,5.4807627118
23455,1.3911777450404437,,0.0,1.3911777450404437,5.5127969691
23460,1.391126657894325,,0.0,1.391126657894325,5.5509630767
23465,1.3910759688382892,,0.0,1.3910759688382892,5.5636362569
23470,1.3910263943346828,,0.0,1.3910263943346828,5.5354472982
23475,1.3909790093889098,,0.0,1.3909790093889098,5.527419899
23480,1.3909347713633327,,0.0,1.3909347713633327,5.5786796573
23485,1.3908942702197191,,0.0,1.3908942702197191,5.631035945
23490,1.3908575203047817,,0.0,1.3908575203047817,5.647672014
23495,1.3908242426685287,,0.0,1.3908242426685287,5.6168123674
23500,1.3907937045058365,,0.0,1.3907937045058365,5.5602551958
23505,1.390765050877395,,0.0,1.390765050877395,5.5761451026
23510,1.3907376324385217,,0.0,1.3907376324385217,5.5080555788
23515,1.3907105801527015,,0.0,1.3907105801527015,5.4635731029
23520,1.3906829597370671,,0.0,1.3906829597370671,5.4541568693
23525,1.390654112116122,,0.0,1.390654112116122,5.4939069674
23530,1.3906238102375468,,0.0,1.3906238102375468,5.4919938201
23535,1.3905921656314366,,0.0,1.3905921656314366,5.4878270894
23540,1.3905589765705388,,0.0,1.3905589765705388,5.47919565
23545,1.3905234665858226,,0.0,1.3905234665858226,5.5113484276
23550,1.3904851521307002,,0.0,1.3904851521307002,5.5440872978
23555,1.3904446960232888,,0.0,1.3904446960232888,5.5401217029
23560,1.3904046831669157,,0.0,1.3904046831669157,5.515912811
23565,1.3903683989587414,,0.0,1.3903683989587414,5.4627615139
23570,1.3903383180195386,,0.0,1.3903383180195386,5.4485134159
23575,1.3903157149611458,,0.0,1.3903157149611458,5.4053510138
23580,1.3903008775910917,,0.0,1.3903008775910917,5.3926760101
23585,1.390293087326211,,0.0,1.390293087326211,5.3748264249
23590,1.390291090762849,,0.0,1.390291090762849,5.3749663636
23595,1.3902929992498718,,0.0,1.3902929992498718,5.3831385905
23600,1.3902965630980075,,0.0,1.3902965630980075,5.407655614
23605,1.3902994999324307,,0.0,1.3902994999324307,5.4231474563
23610,1.3902995267545455,,0.0,1.3902995267545455,5.457719657
23615,1.3902946823063775,,0.0,1.3902946823063775,5.4427190457
23620,1.390283444214601,,0.0,1.390283444214601,5.4017588229
23625,1.3902646938099046,,0.0,1.3902646938099046,5.3998013593
23630,1.3902378714457464,,0.0,1.3902378714457464,5.481979146
23635,1.3902022935948424,,0.0,1.3902022935948424,5.5463551338
23640,1.3901574324229273,,0.0,1.3901574324229273,5.548312996
23645,1.3901031596828664,,0.0,1.3901031596828664,5.4962506149
23650,1.3900403129731607,,0.0,1.3900403129731607,5.4268266675
23655,1.3899708181216428,,0.0,1.3899708181216428,5.4038372214
23660,1.3898974320674364,,0.0,1.3898974320674364,5.3984269784
23665,1.3898231672459014,,0.0,1.3898231672459014,5.3668827426
23670,1.3897507950676284,,0.0,1.3897507950676284,5.3415678043
23675,1.3896824111506731,,0.0,1.3896824111506731,5.3636074997
23680,1.3896191922997212,,0.0,1.3896191922997212,5.3780727471
23685,1.3895612773659989,,0.0,1.3895612773659989,5.3729200035
23690,1.3895080288564554,,0.0,1.3895080288564554,5.379940808
23695,1.3894586132894724,,0.0,1.3894586132894724,5.4002561161
23700,1.389412100499065,,0.0,1.389412100499065,5.4255136754
23705,1.3893676623680369,,0.0,1.3893676623680369,5.4139097432
23710,1.3893245230511277,,0.0,1.3893245230511277,5.3712415962
23715,1.3892821698093092,,0.0,1.3892821698093092,5.3109389784
23720,1.3892401223395978,,0.0,1.3892401223395978,5.305653812
23725,1.3891978402075715,,0.0,1.3891978402075715,5.2673618343
23730,1.3891550553168381,,0.0,1.3891550553168381,5.2287316917
23735,1.3891118825658515,,0.0,1.3891118825658515,5.1796328485
23740,1.3890690234464753,,0.0,1.3890690234464753,5.1339236045
23745,1.389027883936533,,0.0,1.389027883936533,5.1192815751
23750,1.3889901084187841,,0.0,1.3889901084187841,5.1561113792
23755,1.3889567550568398,,0.0,1.3889567550568398,5.1916565512
23760,1.388927870009688,,0.0,1.388927870009688,5.2467078101
23765,1.3889028139129682,,0.0,1.3889028139129682,5.2628711007
23770,1.3888805795027095,,0.0,1.3888805795027095,5.2300828703
23775,1.3888596536373838,,0.0,1.3888596536373838,5.2241814398
23780,1.3888385863009973,,0.0,1.3888385863009973,5.3092027888
23785,1.3888165987789476,,0.0,1.3888165987789476,5.3840109403
23790,1.3887938392790118,,0.0,1.3887938392790118,5.3915367476
23795,1.3887710695492466,,0.0,1.3887710695492466,5.3554110379
23800,1.3887495483577295,,0.0,1.3887495483577295,5.2814397492
23805,1.3887306709534388,,0.0,1.3887306709534388,5.2713325803
23810,1.3887155059793235,,0.0,1.3887155059793235,5.2642445458
23815,1.3887044551433338,,0.0,1.3887044551433338,5.2198056312
23820,1.3886972154179507,,0.0,1.3886972154179507,5.1863030684
23825,1.3886929039189633,,0.0,1.3886929039189633,5.2414942751
23830,1.3886905070199458,,0.0,1.3886905070199458,5.2590695249
23835,1.388689424404546,,0.0,1.388689424404546,5.2455017334
23840,1.3886894891518833,,0.0,1.3886894891518833,5.246584797
23845,1.3886910701595991,,0.0,1.3886910701595991,5.2885460208
23850,1.388695025236347,,0.0,1.388695025236347,5.3169667601
23855,1.38870233320218,,0.0,1.38870233320218,5.3233973859
23860,1.388713817184133,,0.0,1.388713817184133,5.2856676167
23865,1.3887302814713833,,0.0,1.3887302814713833,5.2307891771
23870,1.388752136379908,,0.0,1.388752136379908,5.2392411073
23875,1.388779344733009,,0.0,1.388779344733009,5.2146003846
23880,1.3888108378877368,,0.0,1.3888108378877368,5.1946237734
23885,1.3888451629587557,,0.0,1.3888451629587557,5.1781827521
23890,1.3888812424455805,,0.0,1.3888812424455805,5.1438560903
23895,1.3889184675485862,,0.0,1.3889184675485862,5.12153405
23900,1.3889562521733785,,0.0,1.3889562521733785,5.1477749398
23905,1.3889937106911587,,0.0,1.3889937106911587,5.1760825822
23910,1.3890300691279758,,0.0,1.3890300691279758,5.231460703
23915,1.389064558624795,,0.0,1.389064558624795,5.2470083847
23920,1.3890958711356998,,0.0,1.3890958711356998,5.2284147931
23925,1.3891227552530985,,0.0,1.3891227552530985,5.2365573865
23930,1.3891444851580936,,0.0,1.3891444851580936,5.3180789187
23935,1.38916145681995,,0.0,1.38916145681995,5.3873298219
23940,1.3891747337667018,,0.0,1.3891747337667018,5.3860295719
23945,1.3891859346817794,,0.0,1.3891859346817794,5.3616900603
23950,1.3891965774473647,,0.0,1.3891965774473647,5.3136488942
23955,1.3892077752435918,,0.0,1.3892077752435918,5.3094858269
23960,1.3892200603958718,,0.0,1.3892200603958718,5.3199368876
23965,1.3892332341710476,,0.0,1.3892332341710476,5.3271095505
23970,1.38924669974588,,0.0,1.38924669974588,5.3181966142
23975,1.3892590023637228,,0.0,1.3892590023637228,5.336069183
23980,1.3892681655466115,,0.0,1.3892681655466115,5.3671789263
23985,1.3892722714509713,,0.0,1.3892722714509713,5.400934152
23990,1.3892697272174541,,0.0,1.3892697272174541,5.4310665741
23995,1.3892596212684243,,0.0,1.3892596212684243,5.4561356918
24000,1.3892422800851558,,0.0,1.3892422800851558,5.5013716278
24005,1.389219410801681,,0.0,1.389219410801681,5.5046330061
24010,1.3891942073704615,,0.0,1.3891942073704615,5.4533572734
24015,1.3891707140673706,,0.0,1.3891707140673706,5.4345498979
24020,1.389153237775497,,0.0,1.389153237775497,5.4437344091
24025,1.3891461618521441,,0.0,1.3891461618521441,5.4182243015
24030,1.3891535166007354,,0.0,1.3891535166007354,5.4057686284
24035,1.3891781859599883,,0.0,1.3891781859599883,5.4118015873
24040,1.3892211097019478,,0.0,1.3892211097019478,5.3948650152
24045,1.3892817078451671,,0.0,1.3892817078451671,5.4030475228
24050,1.3893550170508964,,0.0,1.3893550170508964,5.4108375378
24055,1.3894336777051375,,0.0,1.3894336777051375,5.4208721156
24060,1.3895100190573626,,0.0,1.3895100190573626,5.4622304933
24065,1.3895783040443785,,0.0,1.3895783040443785,5.4535961851
24070,1.389635012107696,,0.0,1.389635012107696,5.4484560591
24075,1.3896797495236217,,0.0,1.3896797495236217,5.4534276324
24080,1.3897148473210503,,0.0,1.3897148473210503,5.5262500817
24085,1.3897440450017802,,0.0,1.3897440450017802,5.5843837151
24090,1.3897716998495246,,0.0,1.3897716998495246,5.5828094775
24095,1.3898014773869471,,0.0,1.3898014773869471,5.5494039149
24100,1.3898355524509063,,0.0,1.3898355524509063,5.4615844059
24105,1.3898740520409971,,0.0,1.3898740520409971,5.4141748568
24110,1.3899158297925136,,0.0,1.3899158297925136,5.4033546926
24115,1.389959288978734,,0.0,1.389959288978734,5.3975256488
24120,1.3900030649154151,,0.0,1.3900030649154151,5.3702053962
24125,1.3900460023803172,,0.0,1.3900460023803172,5.3912895979
24130,1.3900874280759847,,0.0,1.3900874280759847,5.412796509
24135,1.3901271924223466,,0.0,1.3901271924223466,5.430399604
24140,1.3901654637125775,,0.0,1.3901654637125775,5.4595905335
24145,1.3902025871410555,,0.0,1.3902025871410555,5.4681318593
24150,1.390238825065488,,0.0,1.390238825065488,5.4848855904
24155,1.3902743360482361,,0.0,1.3902743360482361,5.4703456494
24160,1.3903093733399643,,0.0,1.3903093733399643,5.4232341332
24165,1.3903444217348007,,0.0,1.3903444217348007,5.3907422066
24170,1.3903802313786766,,0.0,1.3903802313786766,5.3707201404
24175,1.3904176302640343,,0.0,1.3904176302640343,5.3866964765
24180,1.3904573753982767,,0.0,1.3904573753982767,5.3783832495
24185,1.3905001622850743,,0.0,1.3905001622850743,5.3708687
24190,1.3905465498224445,,0.0,1.3905465498224445,5.4119920495
24195,1.390596729383056,,0.0,1.390596729383056,5.4398335424
24200,1.3906505641117468,,0.0,1.3906505641117468,5.4555018438
24205,1.3907076438172945,,0.0,1.3907076438172945,5.4520435482
24210,1.3907673569554848,,0.0,1.3907673569554848,5.4964725396
24215,1.3908289608656266,,0.0,1.3908289608656266,5.5043361518
24220,1.39089170452851,,0.0,1.39089170452851,5.5194028597
24225,1.390954979518772,,0.0,1.390954979518772,5.5338744634
24230,1.3910182936817965,,0.0,1.3910182936817965,5.5537175933
24235,1.391081474981788,,0.0,1.391081474981788,5.584670494
24240,1.391144653786699,,0.0,1.391144653786699,5.5747869801
24245,1.391208145349942,,0.0,1.391208145349942,5.5281549669
24250,1.3912723073412974,,0.0,1.3912723073412974,5.442629769
24255,1.3913374528933595,,0.0,1.3913374528933595,5.3837356744
24260,1.391403829892369,,0.0,1.391403829892369,5.3523066556
24265,1.391471544129736,,0.0,1.391471544129736,5.3364220788
24270,1.391540502538961,,0.0,1.391540502538961,5.3088896651
24275,1.391610330982733,,0.0,1.391610330982733,5.2767230658
24280,1.391680436629941,,0.0,1.391680436629941,5.2863539302
24285,1.391750111501512,,0.0,1.391750111501512,5.3268481414
24290,1.3918187017616193,,0.0,1.3918187017616193,5.3804038978
24295,1.391885709017946,,0.0,1.391885709017946,5.4037083564
24300,1.3919507683649788,,0.0,1.3919507683649788,5.414338443
24305,1.3920136626059665,,0.0,1.3920136626059665,5.4098555919
24310,1.3920743982281178,,0.0,1.3920743982281178,5.3828657071
24315,1.3921332765123955,,0.0,1.3921332765123955,5.3140335459
24320,1.392190714012477,,0.0,1.392190714012477,5.2895897347
24325,1.392247057045527,,0.0,1.392247057045527,5.2802635698
24330,1.3923023862026431,,0.0,1.3923023862026431,5.240639093
24335,1.3923564262764536,,0.0,1.3923564262764536,5.2230408122
24340,1.3924086193669742,,0.0,1.3924086193669742,5.274321315
24345,1.392458363660804,,0.0,1.392458363660804,5.3004322962
24350,1.3925051734905372,,0.0,1.3925051734905372,5.3160512024
24355,1.3925489379498486,,0.0,1.3925489379498486,5.3374426749
24360,1.3925900478930875,,0.0,1.3925900478930875,5.3958923736
24365,1.3926293411682635,,0.0,1.3926293411682635,5.4385724269
24370,1.392667724487606,,0.0,1.392667724487606,5.4600280436
24375,1.3927060751213947,,0.0,1.3927060751213947,5.4595731168
24380,1.392745474312735,,0.0,1.392745474312735,5.4433694813
24385,1.392787293981603,,0.0,1.392787293981603,5.486122526
24390,1.3928329910054635,,0.0,1.3928329910054635,5.5080978084
24395,1.3928837304621238,,0.0,1.3928837304621238,5.4915624377
24400,1.3929401223987503,,0.0,1.3929401223987503,5.4321876757
24405,1.3930021050621018,,0.0,1.3930021050621018,5.3748558284
24410,1.3930691605982348,,0.0,1.3930691605982348,5.3401594596
24415,1.3931406037333085,,0.0,1.3931406037333085,5.3272223221
24420,1.3932157564292156,,0.0,1.3932157564292156,5.3159947067
24425,1.393293988927654,,0.0,1.393293988927654,5.2887753966
24430,1.3933747286076656,,0.0,1.3933747286076656,5.2807977195
24435,1.393457462854975,,0.0,1.393457462854975,5.3257702859
24440,1.3935417826011451,,0.0,1.3935417826011451,5.388122688
24445,1.3936272700449575,,0.0,1.3936272700449575,5.4197934939
24450,1.3937132527622358,,0.0,1.3937132527622358,5.4555934921
24455,1.3937988079474821,,0.0,1.3937988079474821,5.4838441316
24460,1.3938828563536552,,0.0,1.3938828563536552,5.4732426055
24465,1.3939643827325272,,0.0,1.3939643827325272,5.4621262525
24470,1.3940428057303569,,0.0,1.3940428057303569,5.4450162947
24475,1.394118022050815,,0.0,1.394118022050815,5.4206502349
24480,1.3941905430606354,,0.0,1.3941905430606354,5.4021456162
24485,1.3942614311650667,,0.0,1.3942614311650667,5.3637087445
24490,1.394331814764235,,0.0,1.394331814764235,5.3710131776
24495,1.394402707235057,,0.0,1.394402707235057,5.3689080183
24500,1.3944749191044121,,0.0,1.3944749191044121,5.3820557313
24505,1.3945489793293517,,0.0,1.3945489793293517,5.396679601
24510,1.3946251140889168,,0.0,1.3946251140889168,5.4316414825
24515,1.3947030303359107,,0.0,1.3947030303359107,5.4583129473
24520,1.3947819109314918,,0.0,1.3947819109314918,5.4429198619
24525,1.3948605660965558,,0.0,1.3948605660965558,5.447631079
24530,1.3949377002605883,,0.0,1.3949377002605883,5.4463044058
24535,1.3950123198825608,,0.0,1.3950123198825608,5.4659046206
24540,1.3950838432344703,,0.0,1.3950838432344703,5.4746421843
24545,1.3951520301648257,,0.0,1.3951520301648257,5.4509864481
24550,1.3952167912249929,,0.0,1.3952167912249929,5.4035157401
24555,1.3952781430072572,,0.0,1.3952781430072572,5.3552646079
24560,1.3953361680987806,,0.0,1.3953361680987806,5.3399433536
24565,1.3953909207675628,,0.0,1.3953909207675628,5.3412614325
24570,1.3954426128459323,,0.0,1.3954426128459323,5.3332879534
24575,1.3954916027521937,,0.0,1.3954916027521937,5.3393850746
24580,1.3955383429691828,,0.0,1.3955383429691828,5.3239881341
24585,1.3955833728085354,,0.0,1.3955833728085354,5.3415271657
24590,1.39562735421509,,0.0,1.39562735421509,5.3959573475
24595,1.39567108885819,,0.0,1.39567108885819,5.4343483331
24600,1.3957154498912328,,0.0,1.3957154498912328,5.4476206574
24605,1.395761233868646,,0.0,1.395761233868646,5.4715197551
24610,1.3958092291110928,,0.0,1.3958092291110928,5.4797663685
24615,1.3958602856924764,,0.0,1.3958602856924764,5.4668318191
24620,1.3959152511916193,,0.0,1.3959152511916193,5.4281462966
24625,1.3959751071731643,,0.0,1.3959751071731643,5.3853593849
24630,1.3960404992391728,,0.0,1.3960404992391728,5.3407343091
24635,1.3961113334498674,,0.0,1.3961113334498674,5.3144398028
24640,1.3961866721540204,,0.0,1.3961866721540204,5.3282609845
24645,1.3962646991825856,,0.0,1.3962646991825856,5.3712545611
24650,1.3963428518384504,,0.0,1.3963428518384504,5.3789078033
24655,1.3964183629526612,,0.0,1.3964183629526612,5.3985316186
24660,1.3964887086266067,,0.0,1.3964887086266067,5.4003379159
24665,1.396551893793973,,0.0,1.396551893793973,5.4255973291
24670,1.3966066734096239,,0.0,1.3966066734096239,5.4407729236
24675,1.3966525881292517,,0.0,1.3966525881292517,5.4473317902
24680,1.3966898183471723,,0.0,1.3966898183471723,5.4539768377
24685,1.3967189713659622,,0.0,1.3967189713659622,5.4569235886
24690,1.3967408111792505,,0.0,1.3967408111792505,5.4706253285
24695,1.3967562320238642,,0.0,1.3967562320238642,5.4806742984
24700,1.3967662617481869,,0.0,1.3967662617481869,5.4381244905
24705,1.3967721895602787,,0.0,1.3967721895602787,5.3775196624
24710,1.3967757767374163,,0.0,1.3967757767374163,5.3254748647
24715,1.3967791419771498,,0.0,1.3967791419771498,5.2968226843
24720,1.3967845051525396,,0.0,1.3967845051525396,5.2690664903
24725,1.3967939580142665,,0.0,1.3967939580142665,5.268052947
24730,1.3968090483854765,,0.0,1.3968090483854765,5.2625382979
24735,1.396830526287348,,0.0,1.396830526287348,5.2530918403
24740,1.3968583953377476,,0.0,1.3968583953377476,5.2613770742
24745,1.3968921378074854,,0.0,1.3968921378074854,5.3142767984
24750,1.3969309526509885,,0.0,1.3969309526509885,5.3462780699
24755,1.3969737740946502,,0.0,1.3969737740946502,5.3996117654
24760,1.3970194124841204,,0.0,1.3970194124841204,5.4231053479
24765,1.397066501263846,,0.0,1.397066501263846,5.4037925415
24770,1.3971135557362155,,0.0,1.3971135557362155,5.3721942292
24775,1.3971590056223588,,0.0,1.3971590056223588,5.3561126384
24780,1.3972010187847146,,0.0,1.3972010187847146,5.3489263083
24785,1.397237610012536,,0.0,1.397237610012536,5.3574425959
24790,1.3972666891769454,,0.0,1.3972666891769454,5.3711749014
24795,1.3972863567732092,,0.0,1.3972863567732092,5.4031166827
24800,1.3972955029895506,,0.0,1.3972955029895506,5.4663632003
24805,1.3972944393367623,,0.0,1.3972944393367623,5.4849342691
24810,1.3972850050633847,,0.0,1.3972850050633847,5.4747861422
24815,1.3972701952639692,,0.0,1.3972701952639692,5.4897669627
24820,1.397253558192399,,0.0,1.397253558192399,5.4696727664
24825,1.3972383110053836,,0.0,1.3972383110053836,5.4441865352
24830,1.3972272765121705,,0.0,1.3972272765121705,5.460889082
24835,1.3972227979675482,,0.0,1.3972227979675482,5.4443663178
24840,1.397226735952995,,0.0,1.397226735952995,5.4409188482
24845,1.3972402382055098,,0.0,1.3972402382055098,5.4231818959
24850,1.3972635983960595,,0.0,1.3972635983960595,5.3802875313
24855,1.3972960434239725,,0.0,1.3972960434239725,5.3152013849
24860,1.3973356418474856,,0.0,1.3973356418474856,5.2761051875
24865,1.3973797476337997,,0.0,1.3973797476337997,5.2366342206
24870,1.3974255858792124,,0.0,1.3974255858792124,5.1820538897
24875,1.397470129552143,,0.0,1.397470129552143,5.1541230423
24880,1.397510484858305,,0.0,1.397510484858305,5.1413077436
24885,1.3975436988700074,,0.0,1.3975436988700074,5.1506876585
24890,1.3975668011939943,,0.0,1.3975668011939943,5.1734096684
24895,1.3975779356151787,,0.0,1.3975779356151787,5.1922435
24900,1.397576853623549,,0.0,1.397576853623549,5.2300051591
24905,1.397564992759697,,0.0,1.397564992759697,5.2404434515
24910,1.397544528983267,,0.0,1.397544528983267,5.2655152703
24915,1.3975176906505942,,0.0,1.3975176906505942,5.2746824567
24920,1.3974860551515278,,0.0,1.3974860551515278,5.2518377925
24925,1.3974505561451656,,0.0,1.3974505561451656,5.2307371227
24930,1.3974119566271037,,0.0,1.3974119566271037,5.1872354258
24935,1.397371494281991,,0.0,1.397371494281991,5.1528717115
24940,1.397331145962054,,0.0,1.397331145962054,5.164524472
24945,1.3972936491447894,,0.0,1.3972936491447894,5.1908217987
24950,1.3972619093513607,,0.0,1.3972619093513607,5.2413532356
24955,1.3972384380049776,,0.0,1.3972384380049776,5.2753076775
24960,1.3972250659956613,,0.0,1.3972250659956613,5.2694579265
24965,1.3972224132261457,,0.0,1.3972224132261457,5.2910026104
24970,1.3972295056170292,,0.0,1.3972295056170292,5.3245721423
24975,1.3972444062373723,,0.0,1.3972444062373723,5.3439809419
24980,1.3972647058375096,,0.0,1.3972647058375096,5.3586457887
24985,1.3972885393448176,,0.0,1.3972885393448176,5.3766747004
24990,1.3973143934930137,,0.0,1.3973143934930137,5.3916617701
24995,1.3973406752979962,,0.0,1.3973406752979962,5.4245535816
25000,1.3973658835946223,,0.0,1.3973658835946223,5.4396859424
