iteration,cd_fore,cd_aft,cd_viscous,cd_total,mean_abs_drho_dtau_kg_m3_s
5,0.0038383720114312657,,0.0,0.0038383720114312657,77.929337866
10,0.008860425427045298,,0.0,0.008860425427045298,77.531820715
15,0.015441424896017054,,0.0,0.015441424896017054,76.985116823
20,0.024078556162767623,,0.0,0.024078556162767623,76.317632796
25,0.03543000906879396,,0.0,0.03543000906879396,75.558424355
30,0.05036596397937461,,0.0,0.05036596397937461,74.733119937
35,0.07003416429971517,,0.0,0.07003416429971517,73.862717367
40,0.09594265849471059,,0.0,0.09594265849471059,72.963757505
45,0.13006146599977125,,0.0,0.13006146599977125,72.049035456
50,0.1749425023189136,,0.0,0.1749425023189136,71.128429872
55,0.23385186269062064,,0.0,0.23385186269062064,70.209670927
60,0.3108487134560701,,0.0,0.3108487134560701,69.298989592
65,0.4107433651153529,,0.0,0.4107433651153529,68.40164602
70,0.5390617900197922,,0.0,0.5390617900197922,67.522355593
75,0.7017817929462006,,0.0,0.7017817929462006,66.665635892
80,0.9048554471822843,,0.0,0.9048554471822843,65.836095428
85,1.153473915054558,,0.0,1.153473915054558,65.038679919
90,1.4510845595209418,,0.0,1.4510845595209418,64.278885539
95,1.798228079352096,,0.0,1.798228079352096,63.562941613
100,2.19141588995964,,0.0,2.19141588995964,62.897957332
105,2.6207263221431396,,0.0,2.6207263221431396,62.292018245
110,3.0506063082977395,,0.0,3.0506063082977395,68.358408744
115,3.439943049202822,,0.0,3.439943049202822,88.546816035
120,3.7555976165977594,,0.0,3.7555976165977594,113.2302269
125,3.9724371356301176,,0.0,3.9724371356301176,141.35694547
130,4.072491927560745,,0.0,4.072491927560745,171.90471186
135,4.053745660461888,,0.0,4.053745660461888,199.59022524
140,3.937156309694655,,0.0,3.937156309694655,222.08524298
145,3.7446605912223765,,0.0,3.7446605912223765,238.18219477
150,3.498520162653681,,0.0,3.498520162653681,249.80247575
155,3.2242205302633002,,0.0,3.2242205302633002,257.32014089
160,2.950070906863525,,0.0,2.950070906863525,257.53437413
165,2.6909840951612995,,0.0,2.6909840951612995,251.19459116
170,2.4547375986560738,,0.0,2.4547375986560738,240.40070629
175,2.247331530418306,,0.0,2.247331530418306,227.240564
180,2.072172383098622,,0.0,2.072172383098622,213.85238529
185,1.929701240502484,,0.0,1.929701240502484,199.81475973
190,1.818033205151327,,0.0,1.818033205151327,185.51841878
195,1.7335227538599427,,0.0,1.7335227538599427,171.43444315
200,1.672454001361091,,0.0,1.672454001361091,159.19052126
205,1.630871479471615,,0.0,1.630871479471615,148.5869278
210,1.605002487451644,,0.0,1.605002487451644,139.437275
215,1.5914158222768235,,0.0,1.5914158222768235,130.60692204
220,1.586977661501975,,0.0,1.586977661501975,122.13613442
225,1.5891803374483684,,0.0,1.5891803374483684,114.13092732
230,1.59585642530701,,0.0,1.59585642530701,106.62147229
235,1.6052690362624062,,0.0,1.6052690362624062,100.01429199
240,1.6161060947355381,,0.0,1.6161060947355381,94.580810555
245,1.6274421857381676,,0.0,1.6274421857381676,89.911138242
250,1.638689681527439,,0.0,1.638689681527439,85.898076859
255,1.6493495826326101,,0.0,1.6493495826326101,82.292780612
260,1.6592184579784597,,0.0,1.6592184579784597,79.193934743
265,1.6681241657376944,,0.0,1.6681241657376944,76.635301477
270,1.6760059323906662,,0.0,1.6760059323906662,74.655566941
275,1.6828673372411,,0.0,1.6828673372411,73.014086629
280,1.6887730392810056,,0.0,1.6887730392810056,71.618208464
285,1.6938364274719224,,0.0,1.6938364274719224,70.467366024
290,1.698200249928587,,0.0,1.698200249928587,69.477095021
295,1.7020113411598468,,0.0,1.7020113411598468,68.658868144
300,1.7053937629667788,,0.0,1.7053937629667788,67.951050493
305,1.7084324729400986,,0.0,1.7084324729400986,67.385693531
310,1.711170608935783,,0.0,1.711170608935783,66.933956339
315,1.7136220746387145,,0.0,1.7136220746387145,66.593090569
320,1.7157824159159196,,0.0,1.7157824159159196,66.340514144
325,1.717644512811864,,0.0,1.717644512811864,66.122731133
330,1.719211072665812,,0.0,1.719211072665812,65.922391681
335,1.7205016198331435,,0.0,1.7205016198331435,65.699624614
340,1.7215522034768795,,0.0,1.7215522034768795,65.446234811
345,1.7224091626273133,,0.0,1.7224091626273133,65.188742259
350,1.7231191696988701,,0.0,1.7231191696988701,64.931584013
355,1.7237187083020928,,0.0,1.7237187083020928,64.701860649
360,1.7242246303535034,,0.0,1.7242246303535034,64.505040214
365,1.724632619275471,,0.0,1.724632619275471,64.376986472
370,1.7249192520758665,,0.0,1.7249192520758665,64.331466276
375,1.725050473984997,,0.0,1.725050473984997,64.354201367
380,1.7249930602944075,,0.0,1.7249930602944075,64.401059296
385,1.7247232995322657,,0.0,1.7247232995322657,64.430083469
390,1.7242332589160065,,0.0,1.7242332589160065,64.470639463
395,1.7235344455299073,,0.0,1.7235344455299073,64.500121469
400,1.7226551919095725,,0.0,1.7226551919095725,64.593363126
405,1.7216361677588583,,0.0,1.7216361677588583,64.653574366
410,1.7205201792093674,,0.0,1.7205201792093674,64.660594444
415,1.719345315426708,,0.0,1.719345315426708,64.662591613
420,1.7181363229582534,,0.0,1.7181363229582534,64.679900264
425,1.7169020556162238,,0.0,1.7169020556162238,64.720881416
430,1.7156352901762637,,0.0,1.7156352901762637,64.75367277
435,1.7143181113622037,,0.0,1.7143181113622037,64.793511464
440,1.7129279757403395,,0.0,1.7129279757403395,64.794810755
445,1.7114458546547286,,0.0,1.7114458546547286,64.904765438
450,1.709862336773385,,0.0,1.709862336773385,65.144371492
455,1.708180737180091,,0.0,1.708180737180091,65.403623861
460,1.7064178888064574,,0.0,1.7064178888064574,65.623736599
465,1.704600311117714,,0.0,1.704600311117714,65.725860798
470,1.702759031324543,,0.0,1.702759031324543,65.812768716
475,1.7009228009493063,,0.0,1.7009228009493063,65.809582197
480,1.6991130716910077,,0.0,1.6991130716910077,65.729253691
485,1.6973383229839691,,0.0,1.6973383229839691,65.612533372
490,1.6955956715772418,,0.0,1.6955956715772418,65.480480806
495,1.6938727324424094,,0.0,1.6938727324424094,65.415355698
500,1.6921505291945613,,0.0,1.6921505291945613,65.558339071
505,1.6904098020847778,,0.0,1.6904098020847778,65.768692163
510,1.6886361276053958,,0.0,1.6886361276053958,65.93736144
515,1.6868232865496502,,0.0,1.6868232865496502,66.05251224
520,1.6849757372794882,,0.0,1.6849757372794882,66.059849927
525,1.6831057034174775,,0.0,1.6831057034174775,66.027633177
530,1.6812316252464714,,0.0,1.6812316252464714,65.961520291
535,1.6793730879190385,,0.0,1.6793730879190385,65.821513109
540,1.6775475990018565,,0.0,1.6775475990018565,65.648940502
545,1.6757659058417134,,0.0,1.6757659058417134,65.43959457
550,1.6740303730035984,,0.0,1.6740303730035984,65.299844502
555,1.672334819773506,,0.0,1.672334819773506,65.364825425
560,1.6706671309133851,,0.0,1.6706671309133851,65.511637652
565,1.6690121983674264,,0.0,1.6690121983674264,65.609124131
570,1.6673553994569226,,0.0,1.6673553994569226,65.647477333
575,1.6656865958301075,,0.0,1.6656865958301075,65.616830709
580,1.6640012917463585,,0.0,1.6640012917463585,65.480672534
585,1.6623020533745045,,0.0,1.6623020533745045,65.3318467
590,1.6605977095394404,,0.0,1.6605977095394404,65.12498621
595,1.6589016051785164,,0.0,1.6589016051785164,64.870485728
600,1.6572271676940802,,0.0,1.6572271676940802,64.588510821
605,1.6555858905740293,,0.0,1.6555858905740293,64.299725704
610,1.653984655359793,,0.0,1.653984655359793,64.162177502
615,1.652424868162557,,0.0,1.652424868162557,64.207793929
620,1.650902755600512,,0.0,1.650902755600512,64.306698009
625,1.6494084318098408,,0.0,1.6494084318098408,64.371722175
630,1.6479303274084744,,0.0,1.6479303274084744,64.388200924
635,1.64645690568658,,0.0,1.64645690568658,64.30990593
640,1.6449793786538744,,0.0,1.6449793786538744,64.163181955
645,1.643493089527668,,0.0,1.643493089527668,63.96966952
650,1.6419981861401671,,0.0,1.6419981861401671,63.728085898
655,1.6405001280515932,,0.0,1.6405001280515932,63.464967425
660,1.6390079326172395,,0.0,1.6390079326172395,63.152133656
665,1.6375323119197058,,0.0,1.6375323119197058,62.851686307
670,1.6360834747481885,,0.0,1.6360834747481885,62.523028312
675,1.634669100510584,,0.0,1.634669100510584,62.417637321
680,1.6332928451323527,,0.0,1.6332928451323527,62.410072251
685,1.6319536778124017,,0.0,1.6319536778124017,62.415077973
690,1.6306461643188812,,0.0,1.6306461643188812,62.414999766
695,1.629361563384851,,0.0,1.629361563384851,62.360112984
700,1.6280896017178905,,0.0,1.6280896017178905,62.255245873
705,1.6268203104889836,,0.0,1.6268203104889836,62.099614094
710,1.6255458690288547,,0.0,1.6255458690288547,61.912005029
715,1.6242620574578697,,0.0,1.6242620574578697,61.709677287
720,1.6229689366186897,,0.0,1.6229689366186897,61.43841931
725,1.621670770681496,,0.0,1.621670770681496,61.174137276
730,1.620375118687574,,0.0,1.620375118687574,60.869108053
735,1.6190913585918447,,0.0,1.6190913585918447,60.543724187
740,1.6178289959232848,,0.0,1.6178289959232848,60.293848952
745,1.6165958799535864,,0.0,1.6165958799535864,60.205305408
750,1.6153968009964361,,0.0,1.6153968009964361,60.186779585
755,1.6142326306979848,,0.0,1.6142326306979848,60.179891927
760,1.6131001594941765,,0.0,1.6131001594941765,60.14730158
765,1.6119926649985254,,0.0,1.6119926649985254,60.049026807
770,1.6109010616464772,,0.0,1.6109010616464772,59.905212091
775,1.609815429037592,,0.0,1.609815429037592,59.706899237
780,1.6087266671014793,,0.0,1.6087266671014793,59.481483958
785,1.6076279899943033,,0.0,1.6076279899943033,59.22837571
790,1.6065160362954565,,0.0,1.6065160362954565,58.967492948
795,1.6053913878072021,,0.0,1.6053913878072021,58.694075372
800,1.6042584121049608,,0.0,1.6042584121049608,58.431985145
805,1.6031245284010327,,0.0,1.6031245284010327,58.142684478
810,1.6019989779362427,,0.0,1.6019989779362427,57.867078353
815,1.6008913044822264,,0.0,1.6008913044822264,57.667758084
820,1.5998098182006548,,0.0,1.5998098182006548,57.599404922
825,1.5987602468733026,,0.0,1.5987602468733026,57.583969707
830,1.5977448141902977,,0.0,1.5977448141902977,57.592769823
835,1.596761881583292,,0.0,1.596761881583292,57.557696496
840,1.5958061764081757,,0.0,1.5958061764081757,57.484279587
845,1.5948695777157686,,0.0,1.5948695777157686,57.368050098
850,1.593942328898803,,0.0,1.593942328898803,57.196522613
855,1.5930144826141814,,0.0,1.5930144826141814,56.959432155
860,1.5920773560957735,,0.0,1.5920773560957735,56.737093282
865,1.591124796004224,,0.0,1.591124796004224,56.47018457
870,1.5901540631238078,,0.0,1.5901540631238078,56.19620039
875,1.5891662164033062,,0.0,1.5891662164033062,55.907195935
880,1.5881659483443256,,0.0,1.5881659483443256,55.615519543
885,1.5871609005213576,,0.0,1.5871609005213576,55.32336023
890,1.5861605698917478,,0.0,1.5861605698917478,55.025982246
895,1.585174961958358,,0.0,1.585174961958358,54.747500914
900,1.5842131732219606,,0.0,1.5842131732219606,54.654272433
905,1.5832821202153362,,0.0,1.5832821202153362,54.626184465
910,1.5823855839142582,,0.0,1.5823855839142582,54.622153227
915,1.5815236898692406,,0.0,1.5815236898692406,54.631210931
920,1.5806928880155957,,0.0,1.5806928880155957,54.614712825
925,1.5798864242722666,,0.0,1.5798864242722666,54.555775136
930,1.5790952207368734,,0.0,1.5790952207368734,54.443770093
935,1.5783090474071386,,0.0,1.5783090474071386,54.293527593
940,1.5775178296614827,,0.0,1.5775178296614827,54.0978158
945,1.5767129214530948,,0.0,1.5767129214530948,53.896425331
950,1.575888185108013,,0.0,1.575888185108013,53.672845671
955,1.5750407446282066,,0.0,1.5750407446282066,53.417406604
960,1.5741713297390898,,0.0,1.5741713297390898,53.160280734
965,1.5732841718703976,,0.0,1.5732841718703976,52.880598911
970,1.5723864721239493,,0.0,1.5723864721239493,52.592902904
975,1.5714875149397685,,0.0,1.5714875149397685,52.304515512
980,1.5705975375957868,,0.0,1.5705975375957868,52.027732552
985,1.5697264966888256,,0.0,1.5697264966888256,51.762530535
990,1.5688828807932473,,0.0,1.5688828807932473,51.63834285
995,1.5680727088988995,,0.0,1.5680727088988995,51.579949641
1000,1.5672988304476734,,0.0,1.5672988304476734,51.551437656
1005,1.5665606042497766,,0.0,1.5665606042497766,51.513393752
1010,1.5658539805622091,,0.0,1.5658539805622091,51.473214516
1015,1.5651719658211984,,0.0,1.5651719658211984,51.404898733
1020,1.5645054107547396,,0.0,1.5645054107547396,51.323705143
1025,1.5638440246770495,,0.0,1.5638440246770495,51.194239384
1030,1.563177497258078,,0.0,1.563177497258078,51.043632041
1035,1.5624966035817498,,0.0,1.5624966035817498,50.885948868
1040,1.5617941752412188,,0.0,1.5617941752412188,50.714970541
1045,1.5610658377946647,,0.0,1.5610658377946647,50.531007915
1050,1.5603104453492338,,0.0,1.5603104453492338,50.31327038
1055,1.5595301783731192,,0.0,1.5595301783731192,50.087761889
1060,1.5587303023484584,,0.0,1.5587303023484584,49.85805422
1065,1.557918617231648,,0.0,1.557918617231648,49.632487705
1070,1.5571046568585074,,0.0,1.5571046568585074,49.392748968
1075,1.556298722441783,,0.0,1.556298722441783,49.143692714
1080,1.5555108484505356,,0.0,1.5555108484505356,48.878932229
1085,1.5547498046177033,,0.0,1.5547498046177033,48.65072147
1090,1.5540222311376126,,0.0,1.5540222311376126,48.53379355
1095,1.553331991678398,,0.0,1.553331991678398,48.467927648
1100,1.5526798033922338,,0.0,1.5526798033922338,48.417401736
1105,1.5520631771640185,,0.0,1.5520631771640185,48.390470402
1110,1.5514766671208557,,0.0,1.5514766671208557,48.330904232
1115,1.5509123972984946,,0.0,1.5509123972984946,48.256716296
1120,1.5503608072140314,,0.0,1.5503608072140314,48.149140141
1125,1.5498115394048155,,0.0,1.5498115394048155,48.026090268
1130,1.5492543835583104,,0.0,1.5492543835583104,47.885595744
1135,1.548680187242149,,0.0,1.548680187242149,47.702639381
1140,1.5480816534522908,,0.0,1.5480816534522908,47.529821067
1145,1.547453960021325,,0.0,1.547453960021325,47.338723344
1150,1.5467951552549208,,0.0,1.5467951552549208,47.132513606
1155,1.5461063036950196,,0.0,1.5461063036950196,46.931737341
1160,1.5453913773033265,,0.0,1.5453913773033265,46.750638234
1165,1.5446569067755676,,0.0,1.5446569067755676,46.561075466
1170,1.5439114257042177,,0.0,1.5439114257042177,46.373348472
1175,1.5431647555635517,,0.0,1.5431647555635517,46.172728992
1180,1.5424271906544433,,0.0,1.5424271906544433,45.973612324
1185,1.5417086500358843,,0.0,1.5417086500358843,45.765418706
1190,1.5410178638794403,,0.0,1.5410178638794403,45.557867602
1195,1.5403616595229148,,0.0,1.5403616595229148,45.350698729
1200,1.5397444045417288,,0.0,1.5397444045417288,45.263973607
1205,1.5391676513331973,,0.0,1.5391676513331973,45.227764489
1210,1.5386300117706428,,0.0,1.5386300117706428,45.203993517
1215,1.5381272700897237,,0.0,1.5381272700897237,45.179454621
1220,1.537652721752044,,0.0,1.537652721752044,45.149585379
1225,1.5371977068870488,,0.0,1.5371977068870488,45.093441072
1230,1.5367522907703537,,0.0,1.5367522907703537,45.020701885
1235,1.5363060330877922,,0.0,1.5363060330877922,44.913561795
1240,1.5358487821185831,,0.0,1.5358487821185831,44.755060982
1245,1.5353714312215103,,0.0,1.5353714312215103,44.571515353
1250,1.534866580237394,,0.0,1.534866580237394,44.373869961
1255,1.5343290565169017,,0.0,1.5343290565169017,44.179217075
1260,1.5337562632425092,,0.0,1.5337562632425092,43.99270694
1265,1.5331483382651334,,0.0,1.5331483382651334,43.81664941
1270,1.5325081205679132,,0.0,1.5325081205679132,43.638299271
1275,1.531840933519912,,0.0,1.531840933519912,43.457207748
1280,1.5311542047231685,,0.0,1.5311542047231685,43.263812406
1285,1.5304569516921311,,0.0,1.5304569516921311,43.069696653
1290,1.5297591683113507,,0.0,1.5297591683113507,42.869590605
1295,1.5290711519965907,,0.0,1.5290711519965907,42.666813691
1300,1.5284028133943668,,0.0,1.5284028133943668,42.465223844
1305,1.5277630114780671,,0.0,1.5277630114780671,42.264245747
1310,1.5271589561485048,,0.0,1.5271589561485048,42.069204789
1315,1.5265957176047025,,0.0,1.5265957176047025,41.891829469
1320,1.5260758760438606,,0.0,1.5260758760438606,41.740373816
1325,1.525599336814261,,0.0,1.525599336814261,41.696220509
1330,1.5251633248221068,,0.0,1.5251633248221068,41.698106789
1335,1.524762560215843,,0.0,1.524762560215843,41.727534103
1340,1.5243896031839725,,0.0,1.5243896031839725,41.754322429
1345,1.5240353438567082,,0.0,1.5240353438567082,41.760206422
1350,1.5236896008422391,,0.0,1.5236896008422391,41.733329465
1355,1.5233417851984192,,0.0,1.5233417851984192,41.666756482
1360,1.5229815812748753,,0.0,1.5229815812748753,41.571716026
1365,1.5225995972474697,,0.0,1.5225995972474697,41.450019021
1370,1.5221879415320316,,0.0,1.5221879415320316,41.316042092
1375,1.5217406898813777,,0.0,1.5217406898813777,41.158780882
1380,1.5212542176553614,,0.0,1.5212542176553614,41.001548195
1385,1.5207273828717929,,0.0,1.5207273828717929,40.842517432
1390,1.5201615569460805,,0.0,1.5201615569460805,40.676715164
1395,1.5195605098950433,,0.0,1.5195605098950433,40.495573478
1400,1.518930164738098,,0.0,1.518930164738098,40.303500176
1405,1.5182782409901854,,0.0,1.5182782409901854,40.110193429
1410,1.51761381157441,,0.0,1.51761381157441,39.912139082
1415,1.5169467982553972,,0.0,1.5169467982553972,39.711552721
1420,1.516287431785726,,0.0,1.516287431785726,39.514875311
1425,1.5156457020938099,,0.0,1.5156457020938099,39.30991836
1430,1.5150308232049785,,0.0,1.5150308232049785,39.109885177
1435,1.5144507369736286,,0.0,1.5144507369736286,38.923415311
1440,1.513911679113167,,0.0,1.513911679113167,38.744034369
1445,1.5134178296462828,,0.0,1.5134178296462828,38.572410159
1450,1.5129710679654895,,0.0,1.5129710679654895,38.406524649
1455,1.5125708493061534,,0.0,1.5125708493061534,38.250663107
1460,1.512214213386333,,0.0,1.512214213386333,38.130168639
1465,1.5118959282828475,,0.0,1.5118959282828475,38.098120614
1470,1.511608764382407,,0.0,1.511608764382407,38.092457781
1475,1.5113438837882853,,0.0,1.5113438837882853,38.082490358
1480,1.5110913223551694,,0.0,1.5110913223551694,38.0740564
1485,1.510840535613351,,0.0,1.510840535613351,38.0486012
1490,1.5105809737727995,,0.0,1.5105809737727995,38.021672177
1495,1.5103026506111379,,0.0,1.5103026506111379,37.993833997
1500,1.5099966710268058,,0.0,1.5099966710268058,37.946546021
1505,1.5108248354329432,,0.0,1.5108248354329432,74.365326376
1510,1.5102624533246258,,0.0,1.5102624533246258,71.360945232
1515,1.5086514283079486,,0.0,1.5086514283079486,65.004911144
1520,1.5065252601662409,,0.0,1.5065252601662409,58.024406632
1525,1.504248779002514,,0.0,1.504248779002514,52.912347414
1530,1.5020183359752919,,0.0,1.5020183359752919,49.332024028
1535,1.499923788260213,,0.0,1.499923788260213,46.961231731
1540,1.4979995863088944,,0.0,1.4979995863088944,46.100345093
1545,1.4962526455855047,,0.0,1.4962526455855047,46.182820091
1550,1.4946762671220712,,0.0,1.4946762671220712,47.221179311
1555,1.4932621358231188,,0.0,1.4932621358231188,48.074151885
1560,1.4919963426834426,,0.0,1.4919963426834426,48.844264437
1565,1.4908597463426643,,0.0,1.4908597463426643,49.799306972
1570,1.4898295816187708,,0.0,1.4898295816187708,50.821291092
1575,1.4888826474270955,,0.0,1.4888826474270955,51.507417939
1580,1.4879984281725365,,0.0,1.4879984281725365,51.78451121
1585,1.4871607509845048,,0.0,1.4871607509845048,52.190035162
1590,1.486359954453126,,0.0,1.486359954453126,52.245911304
1595,1.4855924819883595,,0.0,1.4855924819883595,52.585432136
1600,1.4848600733128883,,0.0,1.4848600733128883,53.192847975
1605,1.4841690079532013,,0.0,1.4841690079532013,54.043304489
1610,1.4835286985145244,,0.0,1.4835286985145244,55.02166485
1615,1.4829496811222995,,0.0,1.4829496811222995,56.169656387
1620,1.4824416188688965,,0.0,1.4824416188688965,57.086192441
1625,1.482012045535438,,0.0,1.482012045535438,57.325156339
1630,1.4816677981227058,,0.0,1.4816677981227058,57.182356198
1635,1.4814152537419052,,0.0,1.4814152537419052,56.713873119
1640,1.4812594688819967,,0.0,1.4812594688819967,56.151192785
1645,1.481200319447598,,0.0,1.481200319447598,55.775834088
1650,1.4812230845614023,,0.0,1.4812230845614023,55.351584848
1655,1.4812925121310803,,0.0,1.4812925121310803,55.294006652
1660,1.4813523422029615,,0.0,1.4813523422029615,55.223370653
1665,1.4813153869708497,,0.0,1.4813153869708497,55.614084103
1670,1.4810542668897233,,0.0,1.4810542668897233,56.048529095
1675,1.4804408290579558,,0.0,1.4804408290579558,56.596659942
1680,1.479366322675569,,0.0,1.479366322675569,57.196742267
1685,1.4777464950718262,,0.0,1.4777464950718262,57.937734885
1690,1.4755506624924122,,0.0,1.4755506624924122,58.624717319
1695,1.4728413906325792,,0.0,1.4728413906325792,59.045425804
1700,1.4698149974556776,,0.0,1.4698149974556776,59.133857368
1705,1.4668365988160506,,0.0,1.4668365988160506,58.804851565
1710,1.4642608162321402,,0.0,1.4642608162321402,58.31079663
1715,1.4624508284834776,,0.0,1.4624508284834776,57.937647875
1720,1.461999175425609,,0.0,1.461999175425609,57.883843533
1725,1.4636436433521682,,0.0,1.4636436433521682,58.195506673
1730,1.467671311197593,,0.0,1.467671311197593,58.951215769
1735,1.4739444838346976,,0.0,1.4739444838346976,59.478612451
1740,1.4821099517222225,,0.0,1.4821099517222225,59.782349925
1745,1.4913828370289333,,0.0,1.4913828370289333,59.815701867
1750,1.5008378358567416,,0.0,1.5008378358567416,59.394668937
1755,1.5096595291092443,,0.0,1.5096595291092443,58.433417996
1760,1.5171315370145448,,0.0,1.5171315370145448,57.341342594
1765,1.5227135457523164,,0.0,1.5227135457523164,56.536124807
1770,1.52605202005934,,0.0,1.52605202005934,55.856958459
1775,1.5271553760490058,,0.0,1.5271553760490058,56.066793374
1780,1.5262453398391358,,0.0,1.5262453398391358,56.643634192
1785,1.5237331956775306,,0.0,1.5237331956775306,57.135587577
1790,1.5201087478353588,,0.0,1.5201087478353588,57.50259389
1795,1.5157373010611452,,0.0,1.5157373010611452,57.567144629
1800,1.510844859716736,,0.0,1.510844859716736,57.514012166
1805,1.5056389655539604,,0.0,1.5056389655539604,57.368229438
1810,1.5003899101621674,,0.0,1.5003899101621674,57.354912386
1815,1.4954971340012309,,0.0,1.4954971340012309,57.404431616
1820,1.4912422149513986,,0.0,1.4912422149513986,57.541831384
1825,1.4878839861054747,,0.0,1.4878839861054747,57.489829817
1830,1.485629822557325,,0.0,1.485629822557325,57.09199835
1835,1.4845270717202255,,0.0,1.4845270717202255,56.762505635
1840,1.484430972032991,,0.0,1.484430972032991,56.585451871
1845,1.4850908319739315,,0.0,1.4850908319739315,56.285697719
1850,1.4862361671033792,,0.0,1.4862361671033792,56.270733823
1855,1.4876236875594282,,0.0,1.4876236875594282,56.995149747
1860,1.4890537852822714,,0.0,1.4890537852822714,58.070408302
1865,1.4903848565494222,,0.0,1.4903848565494222,59.044353148
1870,1.4915299997607452,,0.0,1.4915299997607452,59.997903476
1875,1.4924322437673379,,0.0,1.4924322437673379,60.494393234
1880,1.4930155285810518,,0.0,1.4930155285810518,60.47812516
1885,1.4932052542102408,,0.0,1.4932052542102408,60.450434057
1890,1.492939452791091,,0.0,1.492939452791091,60.293762247
1895,1.4921655155889546,,0.0,1.4921655155889546,59.933956937
1900,1.4908578852984422,,0.0,1.4908578852984422,59.939937621
1905,1.4890363685703296,,0.0,1.4890363685703296,60.205566177
1910,1.4867409010631394,,0.0,1.4867409010631394,60.357710516
1915,1.4839624013958186,,0.0,1.4839624013958186,60.700205707
1920,1.4806748388907038,,0.0,1.4806748388907038,61.076432062
1925,1.4769079953028392,,0.0,1.4769079953028392,61.180926017
1930,1.4727373254450706,,0.0,1.4727373254450706,61.223855685
1935,1.4682310796861713,,0.0,1.4682310796861713,61.147550595
1940,1.4634995150685013,,0.0,1.4634995150685013,60.595752252
1945,1.4587244811433173,,0.0,1.4587244811433173,59.897671618
1950,1.4540297288593569,,0.0,1.4540297288593569,59.163529184
1955,1.4495433991134163,,0.0,1.4495433991134163,58.41519329
1960,1.4455303477851282,,0.0,1.4455303477851282,57.739020205
1965,1.4423723789431304,,0.0,1.4423723789431304,57.08577735
1970,1.4402939559656378,,0.0,1.4402939559656378,56.778205956
1975,1.4393448679073813,,0.0,1.4393448679073813,57.017712194
1980,1.4394701733679207,,0.0,1.4394701733679207,57.198635976
1985,1.4405224266834284,,0.0,1.4405224266834284,56.998069008
1990,1.4422187012491956,,0.0,1.4422187012491956,56.602014679
1995,1.4443160733278948,,0.0,1.4443160733278948,56.137736091
2000,1.4466248251798752,,0.0,1.4466248251798752,55.755337953
2005,1.449021612156232,,0.0,1.449021612156232,55.557675089
2010,1.4514148693715248,,0.0,1.4514148693715248,55.807903094
2015,1.4537304495162378,,0.0,1.4537304495162378,56.159688691
2020,1.4558934237618755,,0.0,1.4558934237618755,56.381597148
2025,1.4578888419570684,,0.0,1.4578888419570684,56.624318503
2030,1.459724986320427,,0.0,1.459724986320427,56.778625229
2035,1.4613986614981584,,0.0,1.4613986614981584,56.954839644
2040,1.4629146378413724,,0.0,1.4629146378413724,57.109208081
2045,1.4643211036925914,,0.0,1.4643211036925914,57.036438386
2050,1.4656838047083032,,0.0,1.4656838047083032,56.822484276
2055,1.4670247015195481,,0.0,1.4670247015195481,56.357189181
2060,1.4683606169857017,,0.0,1.4683606169857017,55.705135946
2065,1.4697004652614452,,0.0,1.4697004652614452,54.718467841
2070,1.4710263800903312,,0.0,1.4710263800903312,54.032880276
2075,1.472295547633111,,0.0,1.472295547633111,54.142190508
2080,1.4734413761656189,,0.0,1.4734413761656189,54.914449901
2085,1.4743993222423337,,0.0,1.4743993222423337,55.738212484
2090,1.4750490773677283,,0.0,1.4750490773677283,56.570692759
2095,1.475311531781161,,0.0,1.475311531781161,57.408253675
2100,1.4751185710549168,,0.0,1.4751185710549168,58.185796249
2105,1.4743797553925837,,0.0,1.4743797553925837,58.496655497
2110,1.4730538392449852,,0.0,1.4730538392449852,59.022272125
2115,1.4711230999816427,,0.0,1.4711230999816427,59.584774401
2120,1.468626942161033,,0.0,1.468626942161033,60.135310686
2125,1.465623081481618,,0.0,1.465623081481618,60.669677781
2130,1.4621438322401055,,0.0,1.4621438322401055,60.966095363
2135,1.4582752599729791,,0.0,1.4582752599729791,60.791448961
2140,1.4541372611236185,,0.0,1.4541372611236185,60.306829377
2145,1.4498964796936993,,0.0,1.4498964796936993,59.523859843
2150,1.445645656178018,,0.0,1.445645656178018,58.825131341
2155,1.4416056558480452,,0.0,1.4416056558480452,58.346696881
2160,1.4381271218033742,,0.0,1.4381271218033742,58.077797505
2165,1.4354223593487534,,0.0,1.4354223593487534,57.884074449
2170,1.4335708322963623,,0.0,1.4335708322963623,58.048585108
2175,1.432576992391851,,0.0,1.432576992391851,58.3287122
2180,1.4323712933814265,,0.0,1.4323712933814265,58.548035099
2185,1.432787152242493,,0.0,1.432787152242493,58.644656943
2190,1.4336222739932858,,0.0,1.4336222739932858,58.574880005
2195,1.4347758025101496,,0.0,1.4347758025101496,58.230968906
2200,1.436126373440928,,0.0,1.436126373440928,57.692394914
2205,1.4376050991831923,,0.0,1.4376050991831923,57.011885278
2210,1.4391602900993539,,0.0,1.4391602900993539,56.362029131
2215,1.440726820441428,,0.0,1.440726820441428,56.010230597
2220,1.4422240376462283,,0.0,1.4422240376462283,55.82714613
2225,1.4436054878190656,,0.0,1.4436054878190656,55.967582423
2230,1.4448735267259345,,0.0,1.4448735267259345,56.11686588
2235,1.4460247676178557,,0.0,1.4460247676178557,56.112951924
2240,1.4470725051619537,,0.0,1.4470725051619537,56.18220332
2245,1.4480447677714736,,0.0,1.4480447677714736,56.176805655
2250,1.4489519772986088,,0.0,1.4489519772986088,56.167917264
2255,1.4497992495516403,,0.0,1.4497992495516403,56.120417538
2260,1.4506058694259685,,0.0,1.4506058694259685,56.101367505
2265,1.451382884298185,,0.0,1.451382884298185,56.062049886
2270,1.45216964859296,,0.0,1.45216964859296,56.01700876
2275,1.4529793205361587,,0.0,1.4529793205361587,55.752749877
2280,1.4538272204280767,,0.0,1.4538272204280767,55.125351686
2285,1.4547188327935252,,0.0,1.4547188327935252,54.308073755
2290,1.4556554525171213,,0.0,1.4556554525171213,53.484270039
2295,1.4566289438937479,,0.0,1.4566289438937479,52.910053446
2300,1.4575960227130895,,0.0,1.4575960227130895,52.480074352
2305,1.4585173932104412,,0.0,1.4585173932104412,52.285624599
2310,1.4593864440894666,,0.0,1.4593864440894666,52.254741596
2315,1.4601723921012748,,0.0,1.4601723921012748,52.233861277
2320,1.4608291007516057,,0.0,1.4608291007516057,52.041988919
2325,1.4612849678458482,,0.0,1.4612849678458482,51.887198602
2330,1.4614828145833725,,0.0,1.4614828145833725,51.650020611
2335,1.4613673277323187,,0.0,1.4613673277323187,51.66388114
2340,1.4608686900207624,,0.0,1.4608686900207624,51.989571934
2345,1.4599209678757001,,0.0,1.4599209678757001,52.320934969
2350,1.458485401839113,,0.0,1.458485401839113,52.53520746
2355,1.4565419164929978,,0.0,1.4565419164929978,52.687191179
2360,1.4540862518961484,,0.0,1.4540862518961484,52.821379057
2365,1.4511555583591635,,0.0,1.4511555583591635,52.797264191
2370,1.4478397137023515,,0.0,1.4478397137023515,52.572766879
2375,1.444253086872446,,0.0,1.444253086872446,52.169153455
2380,1.4405081169715492,,0.0,1.4405081169715492,51.654393036
2385,1.4367255119058877,,0.0,1.4367255119058877,51.503908547
2390,1.433084006041543,,0.0,1.433084006041543,51.603049643
2395,1.4297938804142791,,0.0,1.4297938804142791,51.751210547
2400,1.427027134998862,,0.0,1.427027134998862,51.995937123
2405,1.4248798668451008,,0.0,1.4248798668451008,52.375566054
2410,1.4233625621719954,,0.0,1.4233625621719954,52.668958249
2415,1.4224076543858803,,0.0,1.4224076543858803,52.830453706
2420,1.4219332184797997,,0.0,1.4219332184797997,52.96482899
2425,1.421825868902676,,0.0,1.421825868902676,52.940346189
2430,1.4219883899955508,,0.0,1.4219883899955508,52.782184756
2435,1.4223526236995174,,0.0,1.4223526236995174,52.447528294
2440,1.4228744186144486,,0.0,1.4228744186144486,51.807217123
2445,1.4235318401197699,,0.0,1.4235318401197699,51.020243395
2450,1.4242918308698165,,0.0,1.4242918308698165,50.405202799
2455,1.425125365391098,,0.0,1.425125365391098,50.220033476
2460,1.4260183220701415,,0.0,1.4260183220701415,50.250229689
2465,1.4269535681956331,,0.0,1.4269535681956331,50.412263291
2470,1.4279209004805897,,0.0,1.4279209004805897,50.710995341
2475,1.4289244370591638,,0.0,1.4289244370591638,51.059415253
2480,1.42996567526106,,0.0,1.42996567526106,51.182348022
2485,1.4310220407992509,,0.0,1.4310220407992509,51.03813089
2490,1.4320666850760844,,0.0,1.4320666850760844,50.897499103
2495,1.4330882462020642,,0.0,1.4330882462020642,50.80717001
2500,1.4340813629065141,,0.0,1.4340813629065141,50.549426943
2505,1.435026315028001,,0.0,1.435026315028001,50.048469944
2510,1.4359230412236623,,0.0,1.4359230412236623,49.563948958
2515,1.4367692223331405,,0.0,1.4367692223331405,49.10183324
2520,1.4375641015746807,,0.0,1.4375641015746807,48.536950239
2525,1.4383116595498286,,0.0,1.4383116595498286,47.942088689
2530,1.4390093787684308,,0.0,1.4390093787684308,47.335456215
2535,1.4396761476254512,,0.0,1.4396761476254512,46.615032769
2540,1.440346279108109,,0.0,1.440346279108109,46.0866073
2545,1.4410559246478443,,0.0,1.4410559246478443,45.782288885
2550,1.4418263957736301,,0.0,1.4418263957736301,45.553112385
2555,1.4426664879560318,,0.0,1.4426664879560318,45.365581563
2560,1.4435802466863386,,0.0,1.4435802466863386,45.353548761
2565,1.4445357286580154,,0.0,1.4445357286580154,45.456921978
2570,1.4454777345486685,,0.0,1.4454777345486685,45.482470977
2575,1.446324296879708,,0.0,1.446324296879708,45.463362497
2580,1.4469735305225633,,0.0,1.4469735305225633,45.454947437
2585,1.4473118763563237,,0.0,1.4473118763563237,45.280237067
2590,1.447235548624088,,0.0,1.447235548624088,45.094305362
2595,1.4466748338684272,,0.0,1.4466748338684272,44.820969702
2600,1.445610793037633,,0.0,1.445610793037633,44.526196486
2605,1.4440493178430704,,0.0,1.4440493178430704,44.196818395
2610,1.4420115316016242,,0.0,1.4420115316016242,43.776780582
2615,1.4395327826261546,,0.0,1.4395327826261546,43.445769366
2620,1.4366612977974167,,0.0,1.4366612977974167,43.267038793
2625,1.4334706484659236,,0.0,1.4334706484659236,43.059253346
2630,1.4300709930889166,,0.0,1.4300709930889166,42.85668789
2635,1.4265969120858712,,0.0,1.4265969120858712,42.689524127
2640,1.4231856896459099,,0.0,1.4231856896459099,42.676120314
2645,1.419910867880509,,0.0,1.419910867880509,42.836127542
2650,1.4168859134642928,,0.0,1.4168859134642928,43.123982489
2655,1.4143114126688212,,0.0,1.4143114126688212,43.532689552
2660,1.4124345965325928,,0.0,1.4124345965325928,44.044352857
2665,1.411407471599903,,0.0,1.411407471599903,44.369220454
2670,1.4112129150952537,,0.0,1.4112129150952537,44.710455934
2675,1.411704583070806,,0.0,1.411704583070806,44.984734343
2680,1.412668115895279,,0.0,1.412668115895279,45.222450874
2685,1.413845309092422,,0.0,1.413845309092422,45.429383291
2690,1.4150756625415637,,0.0,1.4150756625415637,45.471538449
2695,1.4162475687479155,,0.0,1.4162475687479155,45.410479065
2700,1.4172469123667777,,0.0,1.4172469123667777,45.258010157
2705,1.4180002670605265,,0.0,1.4180002670605265,45.045727889
2710,1.4185149014808858,,0.0,1.4185149014808858,44.722822868
2715,1.418809589272106,,0.0,1.418809589272106,44.359308614
2720,1.4189124505434159,,0.0,1.4189124505434159,44.045635979
2725,1.41887016241568,,0.0,1.41887016241568,43.840477014
2730,1.4187447963171071,,0.0,1.4187447963171071,43.666423066
2735,1.4185880685551067,,0.0,1.4185880685551067,43.563513536
2740,1.4184303685610318,,0.0,1.4184303685610318,43.453933735
2745,1.4183006183121871,,0.0,1.4183006183121871,43.395516767
2750,1.4182065703140603,,0.0,1.4182065703140603,43.387207125
2755,1.4181406026591632,,0.0,1.4181406026591632,43.537413348
2760,1.418106374433319,,0.0,1.418106374433319,43.79243192
2765,1.4181101996769034,,0.0,1.4181101996769034,43.843530058
2770,1.4181716683398693,,0.0,1.4181716683398693,43.669251941
2775,1.4182970254802927,,0.0,1.4182970254802927,43.373177677
2780,1.4184911545175012,,0.0,1.4184911545175012,42.92790721
2785,1.418782498349685,,0.0,1.418782498349685,42.413290549
2790,1.419184235665488,,0.0,1.419184235665488,41.82006467
2795,1.4197034670944872,,0.0,1.4197034670944872,41.278773235
2800,1.4203394540895375,,0.0,1.4203394540895375,41.027296485
2805,1.4210874981238817,,0.0,1.4210874981238817,40.976944545
2810,1.4219287930629247,,0.0,1.4219287930629247,41.047527612
2815,1.4228355203733187,,0.0,1.4228355203733187,41.152132101
2820,1.4237785608393114,,0.0,1.4237785608393114,41.138443772
2825,1.4247511330961413,,0.0,1.4247511330961413,41.085119552
2830,1.4257448277376625,,0.0,1.4257448277376625,41.058894777
2835,1.42674697307467,,0.0,1.42674697307467,41.002712694
2840,1.4277354597571974,,0.0,1.4277354597571974,41.000824578
2845,1.4286836826037106,,0.0,1.4286836826037106,40.942862862
2850,1.429566881334038,,0.0,1.429566881334038,40.758118076
2855,1.4303573429345595,,0.0,1.4303573429345595,40.339169373
2860,1.4310232057679615,,0.0,1.4310232057679615,40.038805957
2865,1.4315479058290148,,0.0,1.4315479058290148,39.737134362
2870,1.4319271789020653,,0.0,1.4319271789020653,39.338666348
2875,1.4321731088943768,,0.0,1.4321731088943768,38.807587517
2880,1.43230355212658,,0.0,1.43230355212658,38.27587917
2885,1.4323452555645275,,0.0,1.4323452555645275,37.80064283
2890,1.4323301895483587,,0.0,1.4323301895483587,37.357345106
2895,1.4322841224683909,,0.0,1.4322841224683909,37.0275264
2900,1.4322151289824516,,0.0,1.4322151289824516,36.913376509
2905,1.4321153855564772,,0.0,1.4321153855564772,36.930540689
2910,1.4319677141882035,,0.0,1.4319677141882035,37.026478432
2915,1.4317472127221962,,0.0,1.4317472127221962,37.143341008
2920,1.4314202356215942,,0.0,1.4314202356215942,37.21674042
2925,1.4309602075805194,,0.0,1.4309602075805194,37.122541249
2930,1.4303547553252853,,0.0,1.4303547553252853,36.972598953
2935,1.4295939374242632,,0.0,1.4295939374242632,36.800026042
2940,1.4286757175354285,,0.0,1.4286757175354285,36.727512491
2945,1.4276153918584709,,0.0,1.4276153918584709,36.777039995
2950,1.4264587966304814,,0.0,1.4264587966304814,36.841033674
2955,1.4252721970578919,,0.0,1.4252721970578919,37.012247939
2960,1.4240931167151158,,0.0,1.4240931167151158,37.258484847
2965,1.4229845989668628,,0.0,1.4229845989668628,37.599933591
2970,1.42200392349526,,0.0,1.42200392349526,37.951292277
2975,1.4211737217921692,,0.0,1.4211737217921692,38.270204084
2980,1.420497263764105,,0.0,1.420497263764105,38.577813977
2985,1.419952888173212,,0.0,1.419952888173212,38.753874138
2990,1.4194869941129267,,0.0,1.4194869941129267,38.766822559
2995,1.4190232939580594,,0.0,1.4190232939580594,38.581541356
3000,1.4184853401781743,,0.0,1.4184853401781743,38.316574204
3005,1.417810118079189,,0.0,1.417810118079189,37.934313608
3010,1.4169536142255748,,0.0,1.4169536142255748,37.407648533
3015,1.4159023212509936,,0.0,1.4159023212509936,36.901814247
3020,1.4146800950490208,,0.0,1.4146800950490208,36.476649742
3025,1.413319164586578,,0.0,1.413319164586578,36.019764789
3030,1.411844936631215,,0.0,1.411844936631215,35.663430413
3035,1.4102867674258668,,0.0,1.4102867674258668,35.382968871
3040,1.4086892905874022,,0.0,1.4086892905874022,35.081459569
3045,1.407109893864155,,0.0,1.407109893864155,34.73796905
3050,1.4056032806517158,,0.0,1.4056032806517158,34.367955086
3055,1.4042074791820867,,0.0,1.4042074791820867,33.970001135
3060,1.4029691832191917,,0.0,1.4029691832191917,33.541567273
3065,1.401947077214896,,0.0,1.401947077214896,33.187611499
3070,1.4011862316663866,,0.0,1.4011862316663866,32.916750413
3075,1.4007235526268975,,0.0,1.4007235526268975,32.808672053
3080,1.4005824979889643,,0.0,1.4005824979889643,32.776120331
3085,1.4007570323697804,,0.0,1.4007570323697804,32.703070221
3090,1.4012086778791577,,0.0,1.4012086778791577,32.503889185
3095,1.401906237851871,,0.0,1.401906237851871,32.180073446
3100,1.4027906318358212,,0.0,1.4027906318358212,31.854493695
3105,1.403781535081532,,0.0,1.403781535081532,31.586805111
3110,1.4047927640959705,,0.0,1.4047927640959705,31.358487509
3115,1.4057732002440115,,0.0,1.4057732002440115,31.219867958
3120,1.4066833492265272,,0.0,1.4066833492265272,31.1877463
3125,1.40750553934262,,0.0,1.40750553934262,31.287706767
3130,1.4082287257621773,,0.0,1.4082287257621773,31.383891173
3135,1.4088460307180153,,0.0,1.4088460307180153,31.471130513
3140,1.4093662688929753,,0.0,1.4093662688929753,31.533830487
3145,1.4098171734906195,,0.0,1.4098171734906195,31.542889022
3150,1.4102168592537334,,0.0,1.4102168592537334,31.528224382
3155,1.4105793773128863,,0.0,1.4105793773128863,31.495992642
3160,1.4109140748151496,,0.0,1.4109140748151496,31.391136035
3165,1.4112260362834905,,0.0,1.4112260362834905,31.32828329
3170,1.411512847041849,,0.0,1.411512847041849,31.357653825
3175,1.4117758535637792,,0.0,1.4117758535637792,31.472036875
3180,1.4120095218045465,,0.0,1.4120095218045465,31.620644774
3185,1.4121966114413584,,0.0,1.4121966114413584,31.742325274
3190,1.4123229829671795,,0.0,1.4123229829671795,31.775623427
3195,1.4123805465817256,,0.0,1.4123805465817256,31.699742584
3200,1.4123688204320377,,0.0,1.4123688204320377,31.542064904
3205,1.4122972447253563,,0.0,1.4122972447253563,31.353445884
3210,1.412185508610637,,0.0,1.412185508610637,31.24229986
3215,1.4120624826126653,,0.0,1.4120624826126653,31.223894342
3220,1.411961649589214,,0.0,1.411961649589214,31.330726112
3225,1.4119175971607247,,0.0,1.4119175971607247,31.416200447
3230,1.4119521835761364,,0.0,1.4119521835761364,31.46350715
3235,1.4120761559321362,,0.0,1.4120761559321362,31.503101027
3240,1.4122933530459514,,0.0,1.4122933530459514,31.471651756
3245,1.4126023136933132,,0.0,1.4126023136933132,31.230677097
3250,1.4129899331698894,,0.0,1.4129899331698894,30.921374282
3255,1.4134341743820582,,0.0,1.4134341743820582,30.523200629
3260,1.4139080511995603,,0.0,1.4139080511995603,30.194654447
3265,1.4143801794726485,,0.0,1.4143801794726485,29.95548681
3270,1.414813417894346,,0.0,1.414813417894346,29.776335093
3275,1.4151674038843638,,0.0,1.4151674038843638,29.629362056
3280,1.4154140670352888,,0.0,1.4154140670352888,29.625224327
3285,1.4155469439966724,,0.0,1.4155469439966724,29.631412951
3290,1.4155747925648319,,0.0,1.4155747925648319,29.665323375
3295,1.4155227280036706,,0.0,1.4155227280036706,29.67753978
3300,1.4154309686990982,,0.0,1.4154309686990982,29.729312592
3305,1.4153472109547627,,0.0,1.4153472109547627,29.768508324
3310,1.4153166782612243,,0.0,1.4153166782612243,29.806550856
3315,1.415372202646221,,0.0,1.415372202646221,29.825334681
3320,1.4155316964983957,,0.0,1.4155316964983957,29.7995019
3325,1.4157983957560523,,0.0,1.4157983957560523,29.7010356
3330,1.416164755838268,,0.0,1.416164755838268,29.586770715
3335,1.4166120020321809,,0.0,1.4166120020321809,29.526243047
3340,1.417113275622432,,0.0,1.417113275622432,29.534340584
3345,1.4176357501062338,,0.0,1.4176357501062338,29.558354763
3350,1.418147427063968,,0.0,1.418147427063968,29.597992433
3355,1.4186221436284228,,0.0,1.4186221436284228,29.608316737
3360,1.4190391614330484,,0.0,1.4190391614330484,29.653028181
3365,1.4193854293177834,,0.0,1.4193854293177834,29.625957966
3370,1.4196528619841542,,0.0,1.4196528619841542,29.5473219
3375,1.4198386739023465,,0.0,1.4198386739023465,29.392865153
3380,1.4199405227435904,,0.0,1.4199405227435904,29.165206484
3385,1.4199525600184555,,0.0,1.4199525600184555,29.002223289
3390,1.4198646109741666,,0.0,1.4198646109741666,28.924588928
3395,1.4196605856371238,,0.0,1.4196605856371238,28.912851154
3400,1.419322827335204,,0.0,1.419322827335204,28.90684616
3405,1.4188430229055284,,0.0,1.4188430229055284,28.906076838
3410,1.4182226995534581,,0.0,1.4182226995534581,28.869657672
3415,1.4174555275504879,,0.0,1.4174555275504879,28.68484223
3420,1.4165345430720824,,0.0,1.4165345430720824,28.400233183
3425,1.4154647143671548,,0.0,1.4154647143671548,28.063481742
3430,1.4142685944187066,,0.0,1.4142685944187066,27.763343499
3435,1.4129852779105403,,0.0,1.4129852779105403,27.539642928
3440,1.4116797997131683,,0.0,1.4116797997131683,27.31252786
3445,1.4104110447454739,,0.0,1.4104110447454739,27.005847018
3450,1.4092006179044627,,0.0,1.4092006179044627,26.710017981
3455,1.4080852747737387,,0.0,1.4080852747737387,26.450703089
3460,1.4070763032584857,,0.0,1.4070763032584857,26.127793543
3465,1.4061740034794536,,0.0,1.4061740034794536,25.751332627
3470,1.4053779006319744,,0.0,1.4053779006319744,25.511658462
3475,1.4046809661154511,,0.0,1.4046809661154511,25.371139204
3480,1.4040798129535397,,0.0,1.4040798129535397,25.283311419
3485,1.403557515791081,,0.0,1.403557515791081,25.146815808
3490,1.4031024402198433,,0.0,1.4031024402198433,24.946700993
3495,1.4027101848098755,,0.0,1.4027101848098755,24.727202602
3500,1.4023761595326187,,0.0,1.4023761595326187,24.504968894
3505,1.4021076365639422,,0.0,1.4021076365639422,24.315420268
3510,1.4019201255757867,,0.0,1.4019201255757867,24.184465187
3515,1.4018185082822485,,0.0,1.4018185082822485,24.127588668
3520,1.4017949450518774,,0.0,1.4017949450518774,24.204967695
3525,1.4018285513456765,,0.0,1.4018285513456765,24.341223411
3530,1.4019066915798772,,0.0,1.4019066915798772,24.437445605
3535,1.4020116301642407,,0.0,1.4020116301642407,24.432543747
3540,1.402121754676006,,0.0,1.402121754676006,24.28101808
3545,1.4022163339105966,,0.0,1.4022163339105966,24.086041124
3550,1.4022843471157684,,0.0,1.4022843471157684,23.799624967
3555,1.4023201061165913,,0.0,1.4023201061165913,23.481529504
3560,1.4023181474421798,,0.0,1.4023181474421798,23.366841468
3565,1.402279704338714,,0.0,1.402279704338714,23.39369685
3570,1.4022019886844288,,0.0,1.4022019886844288,23.459822538
3575,1.4020914754253466,,0.0,1.4020914754253466,23.544557505
3580,1.4019536086381872,,0.0,1.4019536086381872,23.675881311
3585,1.4017881517050228,,0.0,1.4017881517050228,23.816709929
3590,1.4015906593146112,,0.0,1.4015906593146112,23.827729569
3595,1.4013625273467487,,0.0,1.4013625273467487,23.782200687
3600,1.4010934931041858,,0.0,1.4010934931041858,23.772325326
3605,1.4007804555665382,,0.0,1.4007804555665382,23.699398004
3610,1.4004077736226188,,0.0,1.4004077736226188,23.638567318
3615,1.3999766186755451,,0.0,1.3999766186755451,23.597671186
3620,1.3994938189043677,,0.0,1.3994938189043677,23.586600526
3625,1.3989613244346044,,0.0,1.3989613244346044,23.609099093
3630,1.398403627006564,,0.0,1.398403627006564,23.69969897
3635,1.3978463005232231,,0.0,1.3978463005232231,23.750652565
3640,1.3972945855021297,,0.0,1.3972945855021297,23.751186306
3645,1.396778510615853,,0.0,1.396778510615853,23.703225349
3650,1.3963310663649817,,0.0,1.3963310663649817,23.563552583
3655,1.3959723366709393,,0.0,1.3959723366709393,23.368086453
3660,1.3957237536794085,,0.0,1.3957237536794085,23.266671248
3665,1.3956059486911356,,0.0,1.3956059486911356,23.17978522
3670,1.3956333946654984,,0.0,1.3956333946654984,23.078509979
3675,1.3958119319068156,,0.0,1.3958119319068156,23.039748156
3680,1.3961424372451416,,0.0,1.3961424372451416,22.978431474
3685,1.3966149735687674,,0.0,1.3966149735687674,22.901741494
3690,1.3972095107279037,,0.0,1.3972095107279037,22.875809624
3695,1.397891771704348,,0.0,1.397891771704348,22.87075177
3700,1.3986175018518878,,0.0,1.3986175018518878,22.880582249
3705,1.399340640615908,,0.0,1.399340640615908,22.91441129
3710,1.4000113461249726,,0.0,1.4000113461249726,22.947889275
3715,1.4005856254518052,,0.0,1.4005856254518052,22.961904526
3720,1.4010370876601608,,0.0,1.4010370876601608,22.940713964
3725,1.4013622060583915,,0.0,1.4013622060583915,22.912622324
3730,1.4015777402076792,,0.0,1.4015777402076792,22.869686241
3735,1.4017108388264257,,0.0,1.4017108388264257,22.805887422
3740,1.4017934239853498,,0.0,1.4017934239853498,22.805505168
3745,1.4018608675295074,,0.0,1.4018608675295074,22.782875176
3750,1.401946554550063,,0.0,1.401946554550063,22.760918401
3755,1.402078292007527,,0.0,1.402078292007527,22.716164565
3760,1.4022755607170343,,0.0,1.4022755607170343,22.674204441
3765,1.4025466539698326,,0.0,1.4025466539698326,22.59162106
3770,1.4028847115057816,,0.0,1.4028847115057816,22.440925567
3775,1.4032709765510556,,0.0,1.4032709765510556,22.239120564
3780,1.4036818016595822,,0.0,1.4036818016595822,22.054060557
3785,1.4040944269014608,,0.0,1.4040944269014608,21.886008024
3790,1.4044908665630917,,0.0,1.4044908665630917,21.789305067
3795,1.4048594082957944,,0.0,1.4048594082957944,21.763253965
3800,1.4051973795242916,,0.0,1.4051973795242916,21.796711782
3805,1.4055101889929056,,0.0,1.4055101889929056,21.869599764
3810,1.4058079311948481,,0.0,1.4058079311948481,21.942262682
3815,1.406100944312284,,0.0,1.406100944312284,22.027553787
3820,1.4063983802773796,,0.0,1.4063983802773796,22.022433755
3825,1.4067052666811044,,0.0,1.4067052666811044,21.963273129
3830,1.4070209004451293,,0.0,1.4070209004451293,21.883902971
3835,1.4073380403151172,,0.0,1.4073380403151172,21.73528188
3840,1.4076467087540034,,0.0,1.4076467087540034,21.497940754
3845,1.4079345360122466,,0.0,1.4079345360122466,21.239046789
3850,1.4081908140543302,,0.0,1.4081908140543302,21.005267484
3855,1.408407806199315,,0.0,1.408407806199315,20.780439462
3860,1.4085815669506896,,0.0,1.4085815669506896,20.613127342
3865,1.4087061633077484,,0.0,1.4087061633077484,20.419213555
3870,1.408780679538422,,0.0,1.408780679538422,20.284183926
3875,1.4088051321720878,,0.0,1.4088051321720878,20.176362646
3880,1.4087780240381964,,0.0,1.4087780240381964,20.160838317
3885,1.4086981747754803,,0.0,1.4086981747754803,20.163701103
3890,1.4085622158013602,,0.0,1.4085622158013602,20.081649599
3895,1.4083648911602586,,0.0,1.4083648911602586,19.882905989
3900,1.4081055962680198,,0.0,1.4081055962680198,19.635227103
3905,1.40778848886564,,0.0,1.40778848886564,19.451361811
3910,1.407421223601054,,0.0,1.407421223601054,19.324783118
3915,1.4070149753339622,,0.0,1.4070149753339622,19.258236025
3920,1.4065846458098963,,0.0,1.4065846458098963,19.191358273
3925,1.4061504433639722,,0.0,1.4061504433639722,19.062287235
3930,1.4057339554088886,,0.0,1.4057339554088886,18.861006967
3935,1.40535563292284,,0.0,1.40535563292284,18.693055123
3940,1.4050328181105192,,0.0,1.4050328181105192,18.576981871
3945,1.4047775267836102,,0.0,1.4047775267836102,18.55261676
3950,1.4045926702270681,,0.0,1.4045926702270681,18.531858092
3955,1.4044741834190193,,0.0,1.4044741834190193,18.496282015
3960,1.4044121020777316,,0.0,1.4044121020777316,18.472934194
3965,1.4043934223803707,,0.0,1.4043934223803707,18.457977358
3970,1.4044040732337901,,0.0,1.4044040732337901,18.336958125
3975,1.404429338649014,,0.0,1.404429338649014,18.131900196
3980,1.4044590570149178,,0.0,1.4044590570149178,17.898921488
3985,1.4044872132068458,,0.0,1.4044872132068458,17.71606533
3990,1.4045097175111714,,0.0,1.4045097175111714,17.503356876
3995,1.4045244993675572,,0.0,1.4045244993675572,17.368701044
4000,1.404531812400774,,0.0,1.404531812400774,17.319139307
4005,1.4045375362491472,,0.0,1.4045375362491472,17.30984994
4010,1.4045499755721351,,0.0,1.4045499755721351,17.306085248
4015,1.4045806499135727,,0.0,1.4045806499135727,17.311389178
4020,1.4046431725233084,,0.0,1.4046431725233084,17.288106551
4025,1.4047501662072426,,0.0,1.4047501662072426,17.245768283
4030,1.4049111525235283,,0.0,1.4049111525235283,17.198357664
4035,1.4051287979995546,,0.0,1.4051287979995546,17.179079272
4040,1.4053958956675063,,0.0,1.4053958956675063,17.170911214
4045,1.4056969742117844,,0.0,1.4056969742117844,17.11880983
4050,1.4060102929762164,,0.0,1.4060102929762164,17.003322543
4055,1.4063093209227349,,0.0,1.4063093209227349,16.88166653
4060,1.4065685602926352,,0.0,1.4065685602926352,16.745025981
4065,1.4067657940562641,,0.0,1.4067657940562641,16.60909353
4070,1.4068835506841708,,0.0,1.4068835506841708,16.512552461
4075,1.4069148477306916,,0.0,1.4069148477306916,16.42929147
4080,1.4068624163628591,,0.0,1.4068624163628591,16.337111798
4085,1.4067377550251106,,0.0,1.4067377550251106,16.234416273
4090,1.4065591879081372,,0.0,1.4065591879081372,16.082260208
4095,1.4063524546179467,,0.0,1.4063524546179467,15.87617107
4100,1.4061428303009516,,0.0,1.4061428303009516,15.685823433
4105,1.4059520457002441,,0.0,1.4059520457002441,15.560767549
4110,1.4057979817827357,,0.0,1.4057979817827357,15.458695767
4115,1.4056893548962481,,0.0,1.4056893548962481,15.383528457
4120,1.405625134012324,,0.0,1.405625134012324,15.277796467
4125,1.4055975460717522,,0.0,1.4055975460717522,15.177389245
4130,1.4055974030596676,,0.0,1.4055974030596676,15.031758338
4135,1.405613326693615,,0.0,1.405613326693615,14.843843176
4140,1.4056310467776147,,0.0,1.4056310467776147,14.726241713
4145,1.4056379560574772,,0.0,1.4056379560574772,14.666194943
4150,1.405624728531002,,0.0,1.405624728531002,14.624595016
4155,1.405584782754773,,0.0,1.405584782754773,14.589015441
4160,1.4055140346083228,,0.0,1.4055140346083228,14.531988878
4165,1.4054175877132116,,0.0,1.4054175877132116,14.502706317
4170,1.4053072607790948,,0.0,1.4053072607790948,14.47844036
4175,1.4051980540684132,,0.0,1.4051980540684132,14.46827713
4180,1.4051062742101168,,0.0,1.4051062742101168,14.472693456
4185,1.4050446761541822,,0.0,1.4050446761541822,14.439377689
4190,1.4050234491364844,,0.0,1.4050234491364844,14.381694479
4195,1.4050460296760274,,0.0,1.4050460296760274,14.357271299
4200,1.4051074748067982,,0.0,1.4051074748067982,14.391512333
4205,1.405195771832002,,0.0,1.405195771832002,14.45410604
4210,1.405293871210151,,0.0,1.405293871210151,14.546933789
4215,1.405382359084868,,0.0,1.405382359084868,14.640334136
4220,1.4054390434820354,,0.0,1.4054390434820354,14.714302601
4225,1.4054427593179648,,0.0,1.4054427593179648,14.787197827
4230,1.4053773399745828,,0.0,1.4053773399745828,14.86935457
4235,1.4052351703198547,,0.0,1.4052351703198547,14.968526005
4240,1.4050172014182476,,0.0,1.4050172014182476,15.040642146
4245,1.4047295227652483,,0.0,1.4047295227652483,15.084500284
4250,1.40437925286126,,0.0,1.40437925286126,15.099998653
4255,1.4039755429336194,,0.0,1.4039755429336194,15.066169289
4260,1.403530581704488,,0.0,1.403530581704488,15.012508794
4265,1.4030602300780297,,0.0,1.4030602300780297,14.923250867
4270,1.4025856771248564,,0.0,1.4025856771248564,14.819260156
4275,1.4021339280738208,,0.0,1.4021339280738208,14.748033701
4280,1.4017257815429864,,0.0,1.4017257815429864,14.673815927
4285,1.4013463022506023,,0.0,1.4013463022506023,14.642170175
4290,1.4010034483758154,,0.0,1.4010034483758154,14.62384029
4295,1.4007068330590795,,0.0,1.4007068330590795,14.628240511
4300,1.4004595033672527,,0.0,1.4004595033672527,14.642615428
4305,1.400253536817369,,0.0,1.400253536817369,14.645245305
4310,1.400076962752275,,0.0,1.400076962752275,14.656310597
4315,1.3999047536933864,,0.0,1.3999047536933864,14.670036571
4320,1.399711109737708,,0.0,1.399711109737708,14.636423241
4325,1.3994683791007991,,0.0,1.3994683791007991,14.568260239
4330,1.3991609015046698,,0.0,1.3991609015046698,14.507477065
4335,1.398804936877663,,0.0,1.398804936877663,14.444634229
4340,1.3984288107298293,,0.0,1.3984288107298293,14.413753142
4345,1.3980586952275764,,0.0,1.3980586952275764,14.413581386
4350,1.3977205484739135,,0.0,1.3977205484739135,14.426961882
4355,1.3974351677681918,,0.0,1.3974351677681918,14.474656764
4360,1.3972123885448484,,0.0,1.3972123885448484,14.525845708
4365,1.3970629204082126,,0.0,1.3970629204082126,14.518063157
4370,1.3969965352898996,,0.0,1.3969965352898996,14.464086847
4375,1.3970155730176732,,0.0,1.3970155730176732,14.420289534
4380,1.3971179684197281,,0.0,1.3971179684197281,14.355101967
4385,1.3973065333773897,,0.0,1.3973065333773897,14.309275762
4390,1.3975771655583178,,0.0,1.3975771655583178,14.27273679
4395,1.3979168290585884,,0.0,1.3979168290585884,14.242586436
4400,1.3983105047217956,,0.0,1.3983105047217956,14.229595911
4405,1.3987424970284976,,0.0,1.3987424970284976,14.20963668
4410,1.3991941405825425,,0.0,1.3991941405825425,14.153991813
4415,1.3996449569401388,,0.0,1.3996449569401388,14.10711899
4420,1.4000761087041138,,0.0,1.4000761087041138,14.076063535
4425,1.4004734769666285,,0.0,1.4004734769666285,14.033045987
4430,1.4008304691206843,,0.0,1.4008304691206843,13.994255107
4435,1.401146463120555,,0.0,1.401146463120555,13.934577504
4440,1.4014222758403534,,0.0,1.4014222758403534,13.827948849
4445,1.4016594805039562,,0.0,1.4016594805039562,13.721452206
4450,1.4018598088762986,,0.0,1.4018598088762986,13.625889486
4455,1.4020270863146476,,0.0,1.4020270863146476,13.544350249
4460,1.40217100972043,,0.0,1.40217100972043,13.449823616
4465,1.4022994183158408,,0.0,1.4022994183158408,13.387042147
4470,1.402417345694265,,0.0,1.402417345694265,13.351089651
4475,1.4025312145079583,,0.0,1.4025312145079583,13.31221156
4480,1.402644982190053,,0.0,1.402644982190053,13.339011147
4485,1.4027535521218075,,0.0,1.4027535521218075,13.36213582
4490,1.4028617501994054,,0.0,1.4028617501994054,13.378520837
4495,1.402973847573109,,0.0,1.402973847573109,13.383710167
4500,1.4030874300215868,,0.0,1.4030874300215868,13.386007883
4505,1.4031933981338043,,0.0,1.4031933981338043,13.356440021
4510,1.40327241728981,,0.0,1.40327241728981,13.357482469
4515,1.4033099909070847,,0.0,1.4033099909070847,13.344774215
4520,1.4032966087502141,,0.0,1.4032966087502141,13.344593386
4525,1.4032322763896206,,0.0,1.4032322763896206,13.299884879
4530,1.4031223784462847,,0.0,1.4031223784462847,13.247014082
4535,1.4029683709833078,,0.0,1.4029683709833078,13.203659178
4540,1.4027797603936505,,0.0,1.4027797603936505,13.210691604
4545,1.4025851021207834,,0.0,1.4025851021207834,13.265272673
4550,1.4024073966004624,,0.0,1.4024073966004624,13.289193625
4555,1.4022600213513285,,0.0,1.4022600213513285,13.266016585
4560,1.4021576548700003,,0.0,1.4021576548700003,13.201840714
4565,1.402110178131965,,0.0,1.402110178131965,13.20580884
4570,1.402114305610786,,0.0,1.402114305610786,13.268917863
4575,1.4021559606428946,,0.0,1.4021559606428946,13.342085271
4580,1.4022199516161353,,0.0,1.4022199516161353,13.425965167
4585,1.4022868019670833,,0.0,1.4022868019670833,13.478436164
4590,1.402342394925124,,0.0,1.402342394925124,13.508021812
4595,1.402368320696943,,0.0,1.402368320696943,13.522595718
4600,1.4023628561574448,,0.0,1.4023628561574448,13.540081492
4605,1.4023316779314574,,0.0,1.4023316779314574,13.487820495
4610,1.4022841253447234,,0.0,1.4022841253447234,13.359026568
4615,1.402227507906314,,0.0,1.402227507906314,13.245777939
4620,1.4021750465036702,,0.0,1.4021750465036702,13.163527289
4625,1.4021327162226112,,0.0,1.4021327162226112,13.148733148
4630,1.4021065719083186,,0.0,1.4021065719083186,13.113617709
4635,1.4020925287809693,,0.0,1.4020925287809693,13.051365664
4640,1.4020820451084492,,0.0,1.4020820451084492,12.987508013
4645,1.402067440004996,,0.0,1.402067440004996,12.955477552
4650,1.4020386369846425,,0.0,1.4020386369846425,12.947898724
4655,1.4019824342585423,,0.0,1.4019824342585423,12.905323338
4660,1.4018918040673456,,0.0,1.4018918040673456,12.858745611
4665,1.401758769156049,,0.0,1.401758769156049,12.806375964
4670,1.4015809125522143,,0.0,1.4015809125522143,12.761180629
4675,1.4013702853771863,,0.0,1.4013702853771863,12.761825815
4680,1.4011351718731173,,0.0,1.4011351718731173,12.773582437
4685,1.400883488156776,,0.0,1.400883488156776,12.746070259
4690,1.400619706141017,,0.0,1.400619706141017,12.721999439
4695,1.40034861554838,,0.0,1.40034861554838,12.670779635
4700,1.400077763097011,,0.0,1.400077763097011,12.609101257
4705,1.399809290239405,,0.0,1.399809290239405,12.631317004
4710,1.3995543483940145,,0.0,1.3995543483940145,12.735093562
4715,1.3993197450497472,,0.0,1.3993197450497472,12.849314026
4720,1.3991068122880046,,0.0,1.3991068122880046,12.945442414
4725,1.398920031684619,,0.0,1.398920031684619,12.998080824
4730,1.3987679342855872,,0.0,1.3987679342855872,13.004899436
4735,1.3986538610260015,,0.0,1.3986538610260015,13.064263254
4740,1.3985782048594162,,0.0,1.3985782048594162,13.177346985
4745,1.3985408512397455,,0.0,1.3985408512397455,13.244453643
4750,1.3985427474572103,,0.0,1.3985427474572103,13.259869013
4755,1.3985824105060511,,0.0,1.3985824105060511,13.238005106
4760,1.3986543893522032,,0.0,1.3986543893522032,13.195439521
4765,1.3987513784427326,,0.0,1.3987513784427326,13.17413076
4770,1.398862729857218,,0.0,1.398862729857218,13.114364332
4775,1.398977619217879,,0.0,1.398977619217879,12.98021733
4780,1.3990862149782073,,0.0,1.3990862149782073,12.797037049
4785,1.3991816441911393,,0.0,1.3991816441911393,12.667076541
4790,1.3992634976693172,,0.0,1.3992634976693172,12.567001601
4795,1.3993309489438575,,0.0,1.3993309489438575,12.552383646
4800,1.399385268525935,,0.0,1.399385268525935,12.571546384
4805,1.3994278634134552,,0.0,1.3994278634134552,12.580285999
4810,1.3994596559320502,,0.0,1.3994596559320502,12.528547945
4815,1.3994836518365021,,0.0,1.3994836518365021,12.520594882
4820,1.3995035530025783,,0.0,1.3995035530025783,12.569194528
4825,1.3995241330326964,,0.0,1.3995241330326964,12.588256946
4830,1.3995521999387013,,0.0,1.3995521999387013,12.545188341
4835,1.3995958399739965,,0.0,1.3995958399739965,12.438565863
4840,1.3996637362684943,,0.0,1.3996637362684943,12.297211324
4845,1.3997629346342615,,0.0,1.3997629346342615,12.218672099
4850,1.399898251122613,,0.0,1.399898251122613,12.166154099
4855,1.4000725702577368,,0.0,1.4000725702577368,12.109083251
4860,1.4002865665837552,,0.0,1.4002865665837552,12.02579118
4865,1.4005351339781014,,0.0,1.4005351339781014,11.933230838
4870,1.4008144554959847,,0.0,1.4008144554959847,11.829745763
4875,1.401124174562123,,0.0,1.401124174562123,11.758769541
4880,1.4014627857071735,,0.0,1.4014627857071735,11.673047903
4885,1.4018235360778464,,0.0,1.4018235360778464,11.575442042
4890,1.402193416121729,,0.0,1.402193416121729,11.438020666
4895,1.4025520951817632,,0.0,1.4025520951817632,11.307904835
4900,1.402870169063903,,0.0,1.402870169063903,11.25667186
4905,1.4031222262941592,,0.0,1.4031222262941592,11.254699212
4910,1.4032928187935543,,0.0,1.4032928187935543,11.256442705
4915,1.4033735779223435,,0.0,1.4033735779223435,11.241784969
4920,1.4033605225560437,,0.0,1.4033605225560437,11.256331534
4925,1.4032543606385783,,0.0,1.4032543606385783,11.347805458
4930,1.40306379098799,,0.0,1.40306379098799,11.457924336
4935,1.4028046913106569,,0.0,1.4028046913106569,11.557748635
4940,1.4024985295848607,,0.0,1.4024985295848607,11.643439103
4945,1.4021707406576305,,0.0,1.4021707406576305,11.632855663
4950,1.4018487601127851,,0.0,1.4018487601127851,11.602350717
4955,1.401559297833075,,0.0,1.401559297833075,11.550593128
4960,1.4013250276683131,,0.0,1.4013250276683131,11.496583936
4965,1.4011619992804254,,0.0,1.4011619992804254,11.486619437
4970,1.4010778619288142,,0.0,1.4010778619288142,11.457041426
4975,1.4010709916646493,,0.0,1.4010709916646493,11.457881017
4980,1.401129461393759,,0.0,1.401129461393759,11.457719648
4985,1.401233780274247,,0.0,1.401233780274247,11.456911412
4990,1.4013584455226595,,0.0,1.4013584455226595,11.466841392
4995,1.401474267190241,,0.0,1.401474267190241,11.471088023
5000,1.4015528275480185,,0.0,1.4015528275480185,11.502210244
5005,1.401569019016999,,0.0,1.401569019016999,11.516539678
5010,1.4015014196374158,,0.0,1.4015014196374158,11.486622612
5015,1.4013365313421269,,0.0,1.4013365313421269,11.420469001
5020,1.401070591480913,,0.0,1.401070591480913,11.387839755
5025,1.4007087567876129,,0.0,1.4007087567876129,11.338682596
5030,1.4002641255776245,,0.0,1.4002641255776245,11.243034967
5035,1.3997570410130367,,0.0,1.3997570410130367,11.076704849
5040,1.3992139279755709,,0.0,1.3992139279755709,10.947479121
5045,1.3986655370418821,,0.0,1.3986655370418821,10.840382241
5050,1.3981424163208023,,0.0,1.3981424163208023,10.763866687
5055,1.3976702623782955,,0.0,1.3976702623782955,10.699497187
5060,1.3972663631699547,,0.0,1.3972663631699547,10.653455099
5065,1.3969381900881648,,0.0,1.3969381900881648,10.611064317
5070,1.3966833566954997,,0.0,1.3966833566954997,10.571927877
5075,1.3964920035251265,,0.0,1.3964920035251265,10.48980179
5080,1.3963524329388282,,0.0,1.3963524329388282,10.434683018
5085,1.3962512148740966,,0.0,1.3962512148740966,10.298762
5090,1.3961755489763235,,0.0,1.3961755489763235,10.144118747
5095,1.3961153386605467,,0.0,1.3961153386605467,10.001075202
5100,1.3960678912524938,,0.0,1.3960678912524938,9.852711768
5105,1.3960406554990745,,0.0,1.3960406554990745,9.7225535449
5110,1.3960489486539034,,0.0,1.3960489486539034,9.654386326
5115,1.3961119948834018,,0.0,1.3961119948834018,9.588391192
5120,1.3962427193651257,,0.0,1.3962427193651257,9.5448375616
5125,1.3964462499803962,,0.0,1.3964462499803962,9.499013995
5130,1.3967198089070456,,0.0,1.3967198089070456,9.5044041297
5135,1.3970522831284362,,0.0,1.3970522831284362,9.5285431422
5140,1.397423787007467,,0.0,1.397423787007467,9.5459178125
5145,1.3978082101298481,,0.0,1.3978082101298481,9.5467823751
5150,1.3981799577205694,,0.0,1.3981799577205694,9.4597233458
5155,1.3985168524250315,,0.0,1.3985168524250315,9.3375813937
5160,1.3987992818069614,,0.0,1.3987992818069614,9.2102968728
5165,1.3990108790995768,,0.0,1.3990108790995768,9.1108419989
5170,1.3991396302646342,,0.0,1.3991396302646342,9.0316507413
5175,1.3991799826817428,,0.0,1.3991799826817428,8.9805360349
5180,1.3991318959028105,,0.0,1.3991318959028105,8.9843620566
5185,1.3990015918629732,,0.0,1.3990015918629732,9.006106245
5190,1.3988023298060128,,0.0,1.3988023298060128,9.0569852622
5195,1.398554168552345,,0.0,1.398554168552345,9.0694922309
5200,1.3982763518899215,,0.0,1.3982763518899215,9.0393935202
5205,1.3979866127260834,,0.0,1.3979866127260834,8.9845664554
5210,1.3977000229429957,,0.0,1.3977000229429957,8.906097749
5215,1.3974286584901743,,0.0,1.3974286584901743,8.7910117801
5220,1.3971842817591618,,0.0,1.3971842817591618,8.6816293693
5225,1.3969769095073479,,0.0,1.3969769095073479,8.6025055096
5230,1.3968143686110508,,0.0,1.3968143686110508,8.5753059517
5235,1.3967014112549803,,0.0,1.3967014112549803,8.5758290637
5240,1.3966387032524725,,0.0,1.3966387032524725,8.6287604039
5245,1.396622576354926,,0.0,1.396622576354926,8.6610124149
5250,1.3966452693942777,,0.0,1.3966452693942777,8.6710656304
5255,1.3966954950337538,,0.0,1.3966954950337538,8.6629467714
5260,1.3967583610771201,,0.0,1.3967583610771201,8.6382556979
5265,1.396816324920875,,0.0,1.396816324920875,8.6172761377
5270,1.396849401456078,,0.0,1.396849401456078,8.5812928055
5275,1.3968403439937396,,0.0,1.3968403439937396,8.5401840439
5280,1.3967752781334861,,0.0,1.3967752781334861,8.4978857624
5285,1.3966434254023705,,0.0,1.3966434254023705,8.5138907167
5290,1.396438797936705,,0.0,1.396438797936705,8.5545239817
5295,1.3961626359172792,,0.0,1.3961626359172792,8.5725380238
5300,1.3958225977662726,,0.0,1.3958225977662726,8.5805235496
5305,1.3954323885431987,,0.0,1.3954323885431987,8.5666875319
5310,1.3950114536398501,,0.0,1.3950114536398501,8.5060822158
5315,1.3945840661176436,,0.0,1.3945840661176436,8.4366319297
5320,1.3941768408665656,,0.0,1.3941768408665656,8.3769898369
5325,1.3938155896125504,,0.0,1.3938155896125504,8.3135128224
5330,1.3935225686737855,,0.0,1.3935225686737855,8.2244491205
5335,1.3933145058032008,,0.0,1.3933145058032008,8.1401776045
5340,1.3931991570986373,,0.0,1.3931991570986373,8.0574751903
5345,1.3931753922416898,,0.0,1.3931753922416898,8.0067369804
5350,1.3932357384985243,,0.0,1.3932357384985243,7.9701221696
5355,1.3933682055904568,,0.0,1.3933682055904568,7.9892004115
5360,1.3935588577969877,,0.0,1.3935588577969877,8.0335984938
5365,1.3937929377261198,,0.0,1.3937929377261198,8.0595770667
5370,1.3940576767860244,,0.0,1.3940576767860244,8.1163829339
5375,1.3943422049669252,,0.0,1.3943422049669252,8.1634946254
5380,1.3946373683813245,,0.0,1.3946373683813245,8.1990255524
5385,1.3949350003571006,,0.0,1.3949350003571006,8.2058734983
5390,1.3952264942951322,,0.0,1.3952264942951322,8.1530634274
5395,1.3955011821760022,,0.0,1.3955011821760022,8.0721596139
5400,1.3957483800647996,,0.0,1.3957483800647996,7.9885362514
5405,1.3959570505662207,,0.0,1.3959570505662207,7.9509136048
5410,1.3961159546811224,,0.0,1.3961159546811224,7.9294888478
5415,1.3962149194074331,,0.0,1.3962149194074331,7.8948979713
5420,1.3962480383687967,,0.0,1.3962480383687967,7.8842975785
5425,1.3962139584526232,,0.0,1.3962139584526232,7.8871113681
5430,1.3961157084684253,,0.0,1.3961157084684253,7.8903257777
5435,1.395961947240882,,0.0,1.395961947240882,7.8540254796
5440,1.3957673863481035,,0.0,1.3957673863481035,7.857692356
5445,1.3955511763814545,,0.0,1.3955511763814545,7.8629768479
5450,1.3953343385485553,,0.0,1.3953343385485553,7.8607157766
5455,1.3951366130416247,,0.0,1.3951366130416247,7.8323979164
5460,1.3949747699488075,,0.0,1.3949747699488075,7.7884544425
5465,1.394859637808649,,0.0,1.394859637808649,7.7520711296
5470,1.394795472310645,,0.0,1.394795472310645,7.7644621796
5475,1.394780057199477,,0.0,1.394780057199477,7.7875398167
5480,1.3948062959153873,,0.0,1.3948062959153873,7.8069870351
5485,1.3948659801558676,,0.0,1.3948659801558676,7.7992737166
5490,1.3949504813129423,,0.0,1.3949504813129423,7.7729747958
5495,1.3950520365815255,,0.0,1.3950520365815255,7.7123555695
5500,1.3951634769408878,,0.0,1.3951634769408878,7.6592145995
5505,1.3952781645385537,,0.0,1.3952781645385537,7.6087562124
5510,1.395390322186508,,0.0,1.395390322186508,7.5347179173
5515,1.3954957733179976,,0.0,1.3954957733179976,7.4657735273
5520,1.3955906284817865,,0.0,1.3955906284817865,7.3986790449
5525,1.3956720812532906,,0.0,1.3956720812532906,7.3422327239
5530,1.3957378504192373,,0.0,1.3957378504192373,7.2671649896
5535,1.3957882492192915,,0.0,1.3957882492192915,7.2009907301
5540,1.3958252822781705,,0.0,1.3958252822781705,7.1622055968
5545,1.3958519899327522,,0.0,1.3958519899327522,7.1122352509
5550,1.3958698766974502,,0.0,1.3958698766974502,7.077333133
5555,1.3958801471023465,,0.0,1.3958801471023465,7.0557328384
5560,1.3958848305321203,,0.0,1.3958848305321203,7.0741958
5565,1.3958868189002973,,0.0,1.3958868189002973,7.1019918619
5570,1.3958894282455894,,0.0,1.3958894282455894,7.176556589
5575,1.3958953622921695,,0.0,1.3958953622921695,7.2302796119
5580,1.3959056043447498,,0.0,1.3959056043447498,7.2641007831
5585,1.3959183209838575,,0.0,1.3959183209838575,7.2953969636
5590,1.395927578003758,,0.0,1.395927578003758,7.3288939137
5595,1.395923976100032,,0.0,1.395923976100032,7.4095589381
5600,1.395894537210208,,0.0,1.395894537210208,7.4777490243
5605,1.3958291432406715,,0.0,1.3958291432406715,7.5211243701
5610,1.3957237132767895,,0.0,1.3957237132767895,7.5536224017
5615,1.3955798618772506,,0.0,1.3955798618772506,7.5708248728
5620,1.3954054226483537,,0.0,1.3954054226483537,7.5804826259
5625,1.3952142089204471,,0.0,1.3952142089204471,7.623397446
5630,1.395023381120541,,0.0,1.395023381120541,7.6806139592
5635,1.394849698968972,,0.0,1.394849698968972,7.7297599828
5640,1.3947048706081833,,0.0,1.3947048706081833,7.755946365
5645,1.3945998831177795,,0.0,1.3945998831177795,7.7609177385
5650,1.394542258637836,,0.0,1.394542258637836,7.7248139274
5655,1.3945333507584077,,0.0,1.3945333507584077,7.6685259074
5660,1.394569382050602,,0.0,1.394569382050602,7.569717283
5665,1.3946421057191516,,0.0,1.3946421057191516,7.4401647898
5670,1.3947364299193137,,0.0,1.3947364299193137,7.3009113573
5675,1.3948367478036872,,0.0,1.3948367478036872,7.1663344487
5680,1.394932114809773,,0.0,1.394932114809773,7.0810315891
5685,1.395012831853448,,0.0,1.395012831853448,7.0643500556
5690,1.3950699863033715,,0.0,1.3950699863033715,7.0889210866
5695,1.395098003803135,,0.0,1.395098003803135,7.1141277792
5700,1.3950966704484946,,0.0,1.3950966704484946,7.1264685893
5705,1.3950692228825823,,0.0,1.3950692228825823,7.1583353777
5710,1.395021056867225,,0.0,1.395021056867225,7.1919968614
5715,1.3949563334174633,,0.0,1.3949563334174633,7.1902032679
5720,1.3948786590752542,,0.0,1.3948786590752542,7.1682198917
5725,1.3947967469371114,,0.0,1.3947967469371114,7.1785933111
5730,1.3947178313455009,,0.0,1.3947178313455009,7.1674465938
5735,1.3946544949310686,,0.0,1.3946544949310686,7.1468858181
5740,1.394620476062184,,0.0,1.394620476062184,7.1360121315
5745,1.3946294762514795,,0.0,1.3946294762514795,7.1479589562
5750,1.3946938831193225,,0.0,1.3946938831193225,7.1929120652
5755,1.3948215837708102,,0.0,1.3948215837708102,7.2714999628
5760,1.3950156810452394,,0.0,1.3950156810452394,7.3174497912
5765,1.3952699410708536,,0.0,1.3952699410708536,7.321268804
5770,1.395570298734185,,0.0,1.395570298734185,7.2693488045
5775,1.3958970806426174,,0.0,1.3958970806426174,7.1504346754
5780,1.3962268579607608,,0.0,1.3962268579607608,7.0126330199
5785,1.3965353358684436,,0.0,1.3965353358684436,6.9178482826
5790,1.3968047079742145,,0.0,1.3968047079742145,6.8404126715
5795,1.3970225809508638,,0.0,1.3970225809508638,6.7862270905
5800,1.3971823243125168,,0.0,1.3971823243125168,6.7392876087
5805,1.3972815576696351,,0.0,1.3972815576696351,6.7286495403
5810,1.3973212058715934,,0.0,1.3973212058715934,6.7694975983
5815,1.3973062850956783,,0.0,1.3973062850956783,6.8120632798
5820,1.3972425526582748,,0.0,1.3972425526582748,6.8426118689
5825,1.3971341212822666,,0.0,1.3971341212822666,6.8584030084
5830,1.396987809961191,,0.0,1.396987809961191,6.8753036783
5835,1.396815039767446,,0.0,1.396815039767446,6.8279653678
5840,1.3966303825183657,,0.0,1.3966303825183657,6.7756161149
5845,1.396450156256583,,0.0,1.396450156256583,6.714923629
5850,1.3962906987144714,,0.0,1.3962906987144714,6.6591689647
5855,1.3961671446403987,,0.0,1.3961671446403987,6.6038856214
5860,1.396092135756967,,0.0,1.396092135756967,6.5713791858
5865,1.396075967410926,,0.0,1.396075967410926,6.5427409302
5870,1.3961236171958573,,0.0,1.3961236171958573,6.5579617171
5875,1.396234334673468,,0.0,1.396234334673468,6.6232375104
5880,1.396401115843968,,0.0,1.396401115843968,6.6750336185
5885,1.3966114104761107,,0.0,1.3966114104761107,6.7107450897
5890,1.3968492343206513,,0.0,1.3968492343206513,6.7084198662
5895,1.397097628759047,,0.0,1.397097628759047,6.6909718911
5900,1.3973407316366317,,0.0,1.3973407316366317,6.6920712951
5905,1.3975651073432094,,0.0,1.3975651073432094,6.7432280724
5910,1.3977604264501367,,0.0,1.3977604264501367,6.7426387573
5915,1.3979196150658673,,0.0,1.3979196150658673,6.7196634531
5920,1.398038323190233,,0.0,1.398038323190233,6.6578925973
5925,1.3981157524110934,,0.0,1.3981157524110934,6.6281068647
5930,1.3981540489328563,,0.0,1.3981540489328563,6.6339528516
5935,1.3981578565329786,,0.0,1.3981578565329786,6.645902687
5940,1.398134065551884,,0.0,1.398134065551884,6.6402542493
5945,1.3980905136884272,,0.0,1.3980905136884272,6.6197006089
5950,1.3980356688495648,,0.0,1.3980356688495648,6.622269076
5955,1.3979777041872987,,0.0,1.3979777041872987,6.6547878985
5960,1.3979233500913353,,0.0,1.3979233500913353,6.6823197715
5965,1.3978775025769794,,0.0,1.3978775025769794,6.6960835763
5970,1.397843672443121,,0.0,1.397843672443121,6.69343312
5975,1.397824742690608,,0.0,1.397824742690608,6.6736382012
5980,1.3978225928029004,,0.0,1.3978225928029004,6.6591846013
5985,1.3978378012400066,,0.0,1.3978378012400066,6.6762489352
5990,1.397869756278535,,0.0,1.397869756278535,6.6539994095
5995,1.397916266150291,,0.0,1.397916266150291,6.6075671022
6000,1.3979734464287883,,0.0,1.3979734464287883,6.554755353
6005,1.3980363204753745,,0.0,1.3980363204753745,6.4663401179
6010,1.3981004443429927,,0.0,1.3981004443429927,6.3847446645
6015,1.3981614474550137,,0.0,1.3981614474550137,6.3377705225
6020,1.3982159600238278,,0.0,1.3982159600238278,6.2976703036
6025,1.3982619978420228,,0.0,1.3982619978420228,6.2443157975
6030,1.3982987982391113,,0.0,1.3982987982391113,6.2466343149
6035,1.3983272757193967,,0.0,1.3983272757193967,6.2635537492
6040,1.3983499204893275,,0.0,1.3983499204893275,6.3289250871
6045,1.3983693953475205,,0.0,1.3983693953475205,6.3846344642
6050,1.3983879017024117,,0.0,1.3983879017024117,6.4059229097
6055,1.398406113052248,,0.0,1.398406113052248,6.4109146443
6060,1.3984230469108287,,0.0,1.3984230469108287,6.3796010728
6065,1.3984367579272847,,0.0,1.3984367579272847,6.3259509703
6070,1.3984438057628932,,0.0,1.3984438057628932,6.3080791671
6075,1.3984401494509127,,0.0,1.3984401494509127,6.2938410241
6080,1.3984217515260107,,0.0,1.3984217515260107,6.2486809542
6085,1.398384540145386,,0.0,1.398384540145386,6.1777950935
6090,1.398324705048756,,0.0,1.398324705048756,6.1314572472
6095,1.398239009956771,,0.0,1.398239009956771,6.1393463525
6100,1.3981251136547455,,0.0,1.3981251136547455,6.1984993539
6105,1.3979817464045434,,0.0,1.3979817464045434,6.2627411843
6110,1.3978088638474087,,0.0,1.3978088638474087,6.2751484362
6115,1.3976081501836852,,0.0,1.3976081501836852,6.2609789606
6120,1.397383491522355,,0.0,1.397383491522355,6.176526125
6125,1.3971409667409969,,0.0,1.3971409667409969,6.1200282273
6130,1.396888273914107,,0.0,1.396888273914107,6.1114313897
6135,1.396634579434215,,0.0,1.396634579434215,6.0752884192
6140,1.39638986404422,,0.0,1.39638986404422,6.0203366358
6145,1.396164255091461,,0.0,1.396164255091461,5.9232862794
6150,1.395967547130291,,0.0,1.395967547130291,5.8494971388
6155,1.3958087873007134,,0.0,1.3958087873007134,5.7818475177
6160,1.3956957987502743,,0.0,1.3956957987502743,5.7281032061
6165,1.395634521937224,,0.0,1.395634521937224,5.680901872
6170,1.395628229973913,,0.0,1.395628229973913,5.6550017372
6175,1.3956768817983662,,0.0,1.3956768817983662,5.6450976965
6180,1.395776897356557,,0.0,1.395776897356557,5.6679583592
6185,1.3959214018825095,,0.0,1.3959214018825095,5.6906783922
6190,1.396100863222899,,0.0,1.396100863222899,5.7186923364
6195,1.3963039950640914,,0.0,1.3963039950640914,5.7497360432
6200,1.396518831591791,,0.0,1.396518831591791,5.7432409012
6205,1.3967338502609543,,0.0,1.3967338502609543,5.6965721669
6210,1.3969386846735186,,0.0,1.3969386846735186,5.6411276066
6215,1.3971245040265203,,0.0,1.3971245040265203,5.6271828279
6220,1.3972840550835293,,0.0,1.3972840550835293,5.641428734
6225,1.3974116178840996,,0.0,1.3974116178840996,5.6757928269
6230,1.397503117516014,,0.0,1.397503117516014,5.6856206375
6235,1.397556404409875,,0.0,1.397556404409875,5.7393347879
6240,1.3975713721137613,,0.0,1.3975713721137613,5.8101232408
6245,1.3975499387630481,,0.0,1.3975499387630481,5.9660702134
6250,1.3974957032147808,,0.0,1.3974957032147808,6.0788408638
6255,1.3974133481939044,,0.0,1.3974133481939044,6.1476321302
6260,1.3973086201715308,,0.0,1.3973086201715308,6.1408781312
6265,1.3971883352309347,,0.0,1.3971883352309347,6.0860286879
6270,1.3970599555562506,,0.0,1.3970599555562506,6.0385760377
6275,1.396931330714745,,0.0,1.396931330714745,6.0107611046
6280,1.3968104159070935,,0.0,1.3968104159070935,5.9699054889
6285,1.3967050488776234,,0.0,1.3967050488776234,5.9166990151
6290,1.3966227174798878,,0.0,1.3966227174798878,5.8411587529
6295,1.3965701395985621,,0.0,1.3965701395985621,5.7874138959
6300,1.3965525644365062,,0.0,1.3965525644365062,5.7344580691
6305,1.396572937838035,,0.0,1.396572937838035,5.7192707411
6310,1.3966312575749793,,0.0,1.3966312575749793,5.707065453
6315,1.3967243989810771,,0.0,1.3967243989810771,5.7059583081
6320,1.3968464908304787,,0.0,1.3968464908304787,5.6875900722
6325,1.396989703700386,,0.0,1.396989703700386,5.6485148216
6330,1.3971452127902506,,0.0,1.3971452127902506,5.6379244005
6335,1.3973041443707481,,0.0,1.3973041443707481,5.6587467386
6340,1.3974583456162364,,0.0,1.3974583456162364,5.7007425407
6345,1.39760092689112,,0.0,1.39760092689112,5.6971649068
6350,1.3977264896369932,,0.0,1.3977264896369932,5.6179069647
6355,1.3978309526663868,,0.0,1.3978309526663868,5.5597858753
6360,1.3979112050685738,,0.0,1.3979112050685738,5.5371402142
6365,1.3979648286660848,,0.0,1.3979648286660848,5.5551936012
6370,1.3979902021929878,,0.0,1.3979902021929878,5.5407430129
6375,1.3979868550053798,,0.0,1.3979868550053798,5.5244353013
6380,1.3979557100655118,,0.0,1.3979557100655118,5.5142505764
6385,1.397899039173778,,0.0,1.397899039173778,5.5418326021
6390,1.3978201875169818,,0.0,1.3978201875169818,5.6037516043
6395,1.3977232126821881,,0.0,1.3977232126821881,5.6963141677
6400,1.3976126511309488,,0.0,1.3976126511309488,5.7213336782
6405,1.3974932760564258,,0.0,1.3974932760564258,5.6683548996
6410,1.3973702585164023,,0.0,1.3973702585164023,5.6154293652
6415,1.397248554186551,,0.0,1.397248554186551,5.6013888277
6420,1.3971323287656154,,0.0,1.3971323287656154,5.5922490663
6425,1.3970246425757873,,0.0,1.3970246425757873,5.5969743311
6430,1.3969272538244593,,0.0,1.3969272538244593,5.5629057853
6435,1.3968409935050623,,0.0,1.3968409935050623,5.5314753024
6440,1.3967660920057443,,0.0,1.3967660920057443,5.5046981698
6445,1.396702892805609,,0.0,1.396702892805609,5.5142016397
6450,1.3966514181181398,,0.0,1.3966514181181398,5.5416220149
6455,1.3966113094354582,,0.0,1.3966113094354582,5.5497996979
6460,1.3965821130750316,,0.0,1.3965821130750316,5.5261965637
6465,1.3965633589841029,,0.0,1.3965633589841029,5.4851793746
6470,1.3965544007662396,,0.0,1.3965544007662396,5.4391274727
6475,1.3965548490147686,,0.0,1.3965548490147686,5.431177203
6480,1.396564098827224,,0.0,1.396564098827224,5.4297773616
6485,1.3965814088371447,,0.0,1.3965814088371447,5.4303918288
6490,1.3966061465173136,,0.0,1.3966061465173136,5.4212290484
6495,1.3966378208519952,,0.0,1.3966378208519952,5.356494309
6500,1.3966758676596525,,0.0,1.3966758676596525,5.3039899585
6505,1.3967193235981514,,0.0,1.3967193235981514,5.249078092
6510,1.396766618058304,,0.0,1.396766618058304,5.2191248816
6515,1.396815605631478,,0.0,1.396815605631478,5.1528014445
6520,1.396863759619269,,0.0,1.396863759619269,5.0652472191
6525,1.396908378662092,,0.0,1.396908378662092,5.0068704179
6530,1.3969467550114272,,0.0,1.3969467550114272,5.0314898018
6535,1.396976420606099,,0.0,1.396976420606099,5.0842084071
6540,1.3969955962757354,,0.0,1.3969955962757354,5.1302495882
6545,1.397003752216267,,0.0,1.397003752216267,5.1366988719
6550,1.3970019340074606,,0.0,1.3970019340074606,5.0839791346
6555,1.3969925011213478,,0.0,1.3969925011213478,4.9761325182
6560,1.3969782744656125,,0.0,1.3969782744656125,4.9177933658
6565,1.3969615164505076,,0.0,1.3969615164505076,4.8824440836
6570,1.396943341956409,,0.0,1.396943341956409,4.850326135
6575,1.3969238548432854,,0.0,1.3969238548432854,4.8394469922
6580,1.3969027906865672,,0.0,1.3969027906865672,4.8294734261
6585,1.3968801385045633,,0.0,1.3968801385045633,4.8166996186
6590,1.3968563751482195,,0.0,1.3968563751482195,4.8122300063
6595,1.3968323235395372,,0.0,1.3968323235395372,4.8454479035
6600,1.3968088926123967,,0.0,1.3968088926123967,4.8621346294
6605,1.3967868985815552,,0.0,1.3967868985815552,4.8634031004
6610,1.3967668939192932,,0.0,1.3967668939192932,4.8392369348
6615,1.3967489735274294,,0.0,1.3967489735274294,4.8540534482
6620,1.3967329156121826,,0.0,1.3967329156121826,4.9029127512
6625,1.3967181956670696,,0.0,1.3967181956670696,4.955491808
6630,1.3967041868262422,,0.0,1.3967041868262422,5.0334585926
6635,1.3966904435922785,,0.0,1.3966904435922785,5.0379429965
6640,1.3966769218792592,,0.0,1.3966769218792592,5.0222026027
6645,1.3966640451075418,,0.0,1.3966640451075418,5.011580043
6650,1.3966525274280932,,0.0,1.3966525274280932,5.0520093219
6655,1.3966432146584893,,0.0,1.3966432146584893,5.0828280242
6660,1.3966371273456988,,0.0,1.3966371273456988,5.0749106469
6665,1.3966355847705174,,0.0,1.3966355847705174,5.0015210107
6670,1.3966401904417336,,0.0,1.3966401904417336,4.9253158944
6675,1.3966525154914724,,0.0,1.3966525154914724,4.9046695686
6680,1.3966738141288946,,0.0,1.3966738141288946,4.9430729933
6685,1.3967047765180427,,0.0,1.3967047765180427,4.9917725115
6690,1.3967455084287448,,0.0,1.3967455084287448,4.9866878202
6695,1.3967957053066493,,0.0,1.3967957053066493,4.9596028252
6700,1.3968547602484849,,0.0,1.3968547602484849,4.9040334448
6705,1.396921698475698,,0.0,1.396921698475698,4.8438877089
6710,1.3969950355956073,,0.0,1.3969950355956073,4.8296363104
6715,1.3970727621179015,,0.0,1.3970727621179015,4.7848840618
6720,1.3971525598144159,,0.0,1.3971525598144159,4.7429502529
6725,1.397232153678921,,0.0,1.397232153678921,4.7501987124
6730,1.3973095961551145,,0.0,1.3973095961551145,4.6972999693
6735,1.3973833771354238,,0.0,1.3973833771354238,4.6606830638
6740,1.3974524196183489,,0.0,1.3974524196183489,4.6380118557
6745,1.3975160876434736,,0.0,1.3975160876434736,4.6302911038
6750,1.3975742484301024,,0.0,1.3975742484301024,4.5960276364
6755,1.3976272795619693,,0.0,1.3976272795619693,4.5611093494
6760,1.3976758981003032,,0.0,1.3976758981003032,4.5401828335
6765,1.3977208337477807,,0.0,1.3977208337477807,4.520435541
6770,1.3977625301147016,,0.0,1.3977625301147016,4.5136161136
6775,1.3978010633453377,,0.0,1.3978010633453377,4.5284181485
6780,1.3978363071388735,,0.0,1.3978363071388735,4.5309170512
6785,1.3978681606820214,,0.0,1.3978681606820214,4.4844492549
6790,1.3978966438009388,,0.0,1.3978966438009388,4.4061496412
6795,1.3979218260463366,,0.0,1.3979218260463366,4.3593574382
6800,1.397943739385622,,0.0,1.397943739385622,4.3677988762
6805,1.3979624394320789,,0.0,1.3979624394320789,4.3919383864
6810,1.3979781898372394,,0.0,1.3979781898372394,4.3584028489
6815,1.3979913213478112,,0.0,1.3979913213478112,4.305656039
6820,1.3980024362970447,,0.0,1.3980024362970447,4.2741766139
6825,1.3980120347270348,,0.0,1.3980120347270348,4.2715258164
6830,1.3980201009723878,,0.0,1.3980201009723878,4.2922022558
6835,1.3980262143865891,,0.0,1.3980262143865891,4.3136763383
6840,1.3980299302907275,,0.0,1.3980299302907275,4.3276862937
6845,1.3980311476441507,,0.0,1.3980311476441507,4.3258628116
6850,1.3980302222263659,,0.0,1.3980302222263659,4.3172598374
6855,1.3980277995016128,,0.0,1.3980277995016128,4.3310299462
6860,1.3980245584930884,,0.0,1.3980245584930884,4.32345985
6865,1.398021066747319,,0.0,1.398021066747319,4.3385050251
6870,1.3980177625997545,,0.0,1.3980177625997545,4.4184578862
6875,1.398014936690058,,0.0,1.398014936690058,4.4456144433
6880,1.3980125505482055,,0.0,1.3980125505482055,4.4635376785
6885,1.3980102303419724,,0.0,1.3980102303419724,4.4923397768
6890,1.3980073280151664,,0.0,1.3980073280151664,4.4900471671
6895,1.3980029023709273,,0.0,1.3980029023709273,4.4702207901
6900,1.3979959891121916,,0.0,1.3979959891121916,4.4476032348
6905,1.397985814791408,,0.0,1.397985814791408,4.4173990504
6910,1.3979718604043074,,0.0,1.3979718604043074,4.3873445979
6915,1.3979538359251111,,0.0,1.3979538359251111,4.399617294
6920,1.3979316932208163,,0.0,1.3979316932208163,4.4638263115
6925,1.39790573363994,,0.0,1.39790573363994,4.4904549585
6930,1.3978767241501526,,0.0,1.3978767241501526,4.5091313443
6935,1.397845881672886,,0.0,1.397845881672886,4.4758610932
6940,1.3978146760495118,,0.0,1.3978146760495118,4.4751278493
6945,1.3977845650028906,,0.0,1.3977845650028906,4.4622670284
6950,1.3977567990816193,,0.0,1.3977567990816193,4.5056163529
6955,1.3977322544791329,,0.0,1.3977322544791329,4.4984542977
6960,1.3977117974303133,,0.0,1.3977117974303133,4.4437261073
6965,1.3976960506402436,,0.0,1.3976960506402436,4.3953648207
6970,1.3976851376358965,,0.0,1.3976851376358965,4.3652889521
6975,1.3976785548055588,,0.0,1.3976785548055588,4.3612446069
6980,1.397675307567255,,0.0,1.397675307567255,4.3732573162
6985,1.3976743022309521,,0.0,1.3976743022309521,4.3603850665
6990,1.3976747604380335,,0.0,1.3976747604380335,4.3529309268
6995,1.3976764058273081,,0.0,1.3976764058273081,4.3207900522
7000,1.397679347056129,,0.0,1.397679347056129,4.2840210261
7005,1.3976838098516793,,0.0,1.3976838098516793,4.2805773993
7010,1.3976899551196054,,0.0,1.3976899551196054,4.2933188156
7015,1.3976978930406014,,0.0,1.3976978930406014,4.3023920141
7020,1.3977078093030129,,0.0,1.3977078093030129,4.35584845
7025,1.3977200336986182,,0.0,1.3977200336986182,4.3561567425
7030,1.397734969935299,,0.0,1.397734969935299,4.3661138529
7035,1.397752955944472,,0.0,1.397752955944472,4.3800202974
7040,1.3977741762321896,,0.0,1.3977741762321896,4.3962174098
7045,1.3977986691775288,,0.0,1.3977986691775288,4.3952530427
7050,1.3978263638655948,,0.0,1.3978263638655948,4.3811305551
7055,1.3978570786551245,,0.0,1.3978570786551245,4.3320730609
7060,1.3978904385088626,,0.0,1.3978904385088626,4.2878916884
7065,1.397925827951908,,0.0,1.397925827951908,4.3267493052
7070,1.3979624640101493,,0.0,1.3979624640101493,4.3705685947
7075,1.3979995566611865,,0.0,1.3979995566611865,4.389658285
7080,1.398036416650433,,0.0,1.398036416650433,4.371837048
7085,1.3980724014921204,,0.0,1.3980724014921204,4.3342825322
7090,1.3981067480155602,,0.0,1.3981067480155602,4.3132306313
7095,1.3981384715973284,,0.0,1.3981384715973284,4.3344083412
7100,1.3981664729087604,,0.0,1.3981664729087604,4.3601938628
7105,1.3981898182560144,,0.0,1.3981898182560144,4.3315295254
7110,1.3982080000939767,,0.0,1.3982080000939767,4.3044248952
7115,1.3982210309504153,,0.0,1.3982210309504153,4.2583582266
7120,1.3982293199444793,,0.0,1.3982293199444793,4.2369536082
7125,1.398233463611632,,0.0,1.398233463611632,4.2400116162
7130,1.3982341216718488,,0.0,1.3982341216718488,4.2351715539
7135,1.3982319642811225,,0.0,1.3982319642811225,4.2134027513
7140,1.398227798832479,,0.0,1.398227798832479,4.1747314656
7145,1.3982224761909805,,0.0,1.3982224761909805,4.1568400998
7150,1.398216687816646,,0.0,1.398216687816646,4.1653231546
7155,1.3982108165225862,,0.0,1.3982108165225862,4.1949478926
7160,1.3982049102371752,,0.0,1.3982049102371752,4.2112178505
7165,1.3981987839086871,,0.0,1.3981987839086871,4.2671332172
7170,1.3981921561511828,,0.0,1.3981921561511828,4.2892455311
7175,1.398184719590994,,0.0,1.398184719590994,4.2930793785
7180,1.398176123336944,,0.0,1.398176123336944,4.3138107925
7185,1.3981660897773396,,0.0,1.3981660897773396,4.3320889021
7190,1.3981543701757408,,0.0,1.3981543701757408,4.3382649318
7195,1.3981407736598983,,0.0,1.3981407736598983,4.3556701688
7200,1.3981251540118917,,0.0,1.3981251540118917,4.3465231139
7205,1.3981073394808015,,0.0,1.3981073394808015,4.3044876808
7210,1.3980870786472903,,0.0,1.3980870786472903,4.3317048148
7215,1.3980640754831641,,0.0,1.3980640754831641,4.3741934271
7220,1.3980380923928288,,0.0,1.3980380923928288,4.4127953655
7225,1.398009030086337,,0.0,1.398009030086337,4.4071724374
7230,1.3979768639856178,,0.0,1.3979768639856178,4.3974826176
7235,1.3979417205961144,,0.0,1.3979417205961144,4.3961006769
7240,1.3979038532697603,,0.0,1.3979038532697603,4.4138156895
7245,1.3978636451834487,,0.0,1.3978636451834487,4.4562473836
7250,1.397821691963186,,0.0,1.397821691963186,4.4689308506
7255,1.3977787696939479,,0.0,1.3977787696939479,4.4451441258
7260,1.3977356415918951,,0.0,1.3977356415918951,4.3973599395
7265,1.3976927978315168,,0.0,1.3976927978315168,4.395956531
7270,1.3976502989371635,,0.0,1.3976502989371635,4.4237339921
7275,1.397607822460921,,0.0,1.397607822460921,4.4254444498
7280,1.397564909786452,,0.0,1.397564909786452,4.4231901806
7285,1.3975212354873714,,0.0,1.3975212354873714,4.3924083626
7290,1.3974766567107488,,0.0,1.3974766567107488,4.3568364461
7295,1.3974312295700706,,0.0,1.3974312295700706,4.3748624027
7300,1.3973852036884964,,0.0,1.3973852036884964,4.4013196608
7305,1.3973390095346745,,0.0,1.3973390095346745,4.4382363086
7310,1.397293208766399,,0.0,1.397293208766399,4.4449414602
7315,1.3972483975098777,,0.0,1.3972483975098777,4.4909211207
7320,1.3972050685315505,,0.0,1.3972050685315505,4.5177999267
7325,1.397163478002667,,0.0,1.397163478002667,4.5245062995
7330,1.3971235914093403,,0.0,1.3971235914093403,4.540249436
7335,1.3970852688543758,,0.0,1.3970852688543758,4.5296723196
7340,1.3970484959456198,,0.0,1.3970484959456198,4.5241720006
7345,1.3970133704496792,,0.0,1.3970133704496792,4.4830427554
7350,1.3969800575011764,,0.0,1.3969800575011764,4.4375989248
7355,1.3969486857882512,,0.0,1.3969486857882512,4.4321285388
7360,1.396919419717959,,0.0,1.396919419717959,4.4594593897
7365,1.3968923937307547,,0.0,1.3968923937307547,4.4706879065
7370,1.3968677178027038,,0.0,1.3968677178027038,4.4711564438
7375,1.3968454154205283,,0.0,1.3968454154205283,4.4622255663
7380,1.3968253163111757,,0.0,1.3968253163111757,4.4359728712
7385,1.3968070951619422,,0.0,1.3968070951619422,4.4253616568
7390,1.3967902086178525,,0.0,1.3967902086178525,4.4532437151
7395,1.396773910083068,,0.0,1.396773910083068,4.4702180328
7400,1.3967575665074348,,0.0,1.3967575665074348,4.4521899416
7405,1.396740796328345,,0.0,1.396740796328345,4.4345963341
7410,1.3967235061900558,,0.0,1.3967235061900558,4.4540014981
7415,1.3967058079102832,,0.0,1.3967058079102832,4.4838419047
7420,1.3966880119548486,,0.0,1.3966880119548486,4.4871787587
7425,1.396670575462221,,0.0,1.396670575462221,4.485393365
7430,1.3966540776199752,,0.0,1.3966540776199752,4.4812122037
7435,1.396639192790341,,0.0,1.396639192790341,4.4561738105
7440,1.3966265803749844,,0.0,1.3966265803749844,4.4740298716
7445,1.3966167161789758,,0.0,1.3966167161789758,4.4846885693
7450,1.3966097397584638,,0.0,1.3966097397584638,4.5186351563
7455,1.3966054431206745,,0.0,1.3966054431206745,4.5339175043
7460,1.3966033733106396,,0.0,1.3966033733106396,4.5543365916
7465,1.3966028709721663,,0.0,1.3966028709721663,4.5809874709
7470,1.3966031675232982,,0.0,1.3966031675232982,4.6093827754
7475,1.3966034863561219,,0.0,1.3966034863561219,4.6516784205
7480,1.3966031482428136,,0.0,1.3966031482428136,4.6703516353
7485,1.3966016790607974,,0.0,1.3966016790607974,4.6880779519
7490,1.3965988676342005,,0.0,1.3965988676342005,4.6796818263
7495,1.3965947449300276,,0.0,1.3965947449300276,4.643128424
7500,1.3965895063223392,,0.0,1.3965895063223392,4.6392255893
7505,1.396583538807748,,0.0,1.396583538807748,4.6555474605
7510,1.396577333743036,,0.0,1.396577333743036,4.66471586
7515,1.3965714739081319,,0.0,1.3965714739081319,4.6673982714
7520,1.396566540786989,,0.0,1.396566540786989,4.656420613
7525,1.3965630759156684,,0.0,1.3965630759156684,4.6211143952
7530,1.3965614254334358,,0.0,1.3965614254334358,4.5969689736
7535,1.3965616248773158,,0.0,1.3965616248773158,4.628975393
7540,1.3965634734165069,,0.0,1.3965634734165069,4.6684242214
7545,1.3965667107417314,,0.0,1.3965667107417314,4.6437464572
7550,1.3965711775388916,,0.0,1.3965711775388916,4.6247242432
7555,1.3965768679419905,,0.0,1.3965768679419905,4.6329080417
7560,1.3965838783079783,,0.0,1.3965838783079783,4.6544060051
7565,1.3965923323911908,,0.0,1.3965923323911908,4.667925066
7570,1.3966023535367098,,0.0,1.3966023535367098,4.6848228762
7575,1.3966140921686927,,0.0,1.3966140921686927,4.691434663
7580,1.3966277518690475,,0.0,1.3966277518690475,4.694835213
7585,1.3966435457007709,,0.0,1.3966435457007709,4.7166052584
7590,1.3966616185858067,,0.0,1.3966616185858067,4.7535700647
7595,1.3966820026734532,,0.0,1.3966820026734532,4.8085520778
7600,1.396704628413,,0.0,1.396704628413,4.8481439523
7605,1.3967293841913597,,0.0,1.3967293841913597,4.869521933
7610,1.39675615352985,,0.0,1.39675615352985,4.9016027159
7615,1.3967847963721214,,0.0,1.3967847963721214,4.9365206002
7620,1.3968151024744935,,0.0,1.3968151024744935,4.9807982349
7625,1.3968467769910664,,0.0,1.3968467769910664,5.0125276672
7630,1.3968794708723133,,0.0,1.3968794708723133,5.0254241606
7635,1.3969127989405357,,0.0,1.3969127989405357,5.0126496854
7640,1.3969463777687392,,0.0,1.3969463777687392,4.9922721847
7645,1.3969798716991486,,0.0,1.3969798716991486,4.9609990982
7650,1.3970129185405864,,0.0,1.3970129185405864,4.9457516293
7655,1.3970451879556003,,0.0,1.3970451879556003,4.9367769847
7660,1.3970764580594628,,0.0,1.3970764580594628,4.9120217409
7665,1.3971066355191681,,0.0,1.3971066355191681,4.8759983183
7670,1.3971356795683145,,0.0,1.3971356795683145,4.8409438428
7675,1.397163465361217,,0.0,1.397163465361217,4.8014639892
7680,1.3971896943686757,,0.0,1.3971896943686757,4.8181134128
7685,1.3972139133856214,,0.0,1.3972139133856214,4.8460373091
7690,1.397235615458088,,0.0,1.397235615458088,4.8269599685
7695,1.3972543385138025,,0.0,1.3972543385138025,4.7987581744
7700,1.3972696915090703,,0.0,1.3972696915090703,4.7716687815
7705,1.3972813188235382,,0.0,1.3972813188235382,4.7846181844
7710,1.3972889696517534,,0.0,1.3972889696517534,4.7762740844
7715,1.3972924807007436,,0.0,1.3972924807007436,4.7768153691
7720,1.3972918509018974,,0.0,1.3972918509018974,4.7727594476
7725,1.3972873047546301,,0.0,1.3972873047546301,4.7652816462
7730,1.3972792865513337,,0.0,1.3972792865513337,4.7467665926
7735,1.3972683870069473,,0.0,1.3972683870069473,4.7672479645
7740,1.397255243468809,,0.0,1.397255243468809,4.8239600207
7745,1.3972404632949182,,0.0,1.3972404632949182,4.8591806572
7750,1.3972245873619806,,0.0,1.3972245873619806,4.8605502348
7755,1.3972080746728521,,0.0,1.3972080746728521,4.8630161827
7760,1.3971912892603604,,0.0,1.3971912892603604,4.8626477346
7765,1.397174497754508,,0.0,1.397174497754508,4.8776955206
7770,1.397157907920705,,0.0,1.397157907920705,4.9118262935
7775,1.3971417554446857,,0.0,1.3971417554446857,4.9037009983
7780,1.3971264058144084,,0.0,1.3971264058144084,4.8785103434
7785,1.3971124120023548,,0.0,1.3971124120023548,4.8463326968
7790,1.3971004946848438,,0.0,1.3971004946848438,4.8250245232
7795,1.397091465324721,,0.0,1.397091465324721,4.8201428164
7800,1.397086117877788,,0.0,1.397086117877788,4.8121546672
7805,1.397085096398627,,0.0,1.397085096398627,4.7844259898
7810,1.397088726518251,,0.0,1.397088726518251,4.7559369474
7815,1.3970968289145125,,0.0,1.3970968289145125,4.7317077716
7820,1.3971086046295969,,0.0,1.3971086046295969,4.6815674704
7825,1.397122708804235,,0.0,1.397122708804235,4.6950903365
7830,1.3971375652588167,,0.0,1.3971375652588167,4.7201681661
7835,1.3971518004407095,,0.0,1.3971518004407095,4.7107603277
7840,1.397164624236567,,0.0,1.397164624236567,4.6771867661
7845,1.397175922645977,,0.0,1.397175922645977,4.6498742503
7850,1.397185800211001,,0.0,1.397185800211001,4.6743930119
7855,1.3971944444161617,,0.0,1.3971944444161617,4.6730298585
7860,1.3972024526381694,,0.0,1.3972024526381694,4.6838392876
7865,1.3972105533291994,,0.0,1.3972105533291994,4.6910276039
7870,1.3972189522765928,,0.0,1.3972189522765928,4.6591773706
7875,1.3972274696352636,,0.0,1.3972274696352636,4.6123205117
7880,1.3972357260025643,,0.0,1.3972357260025643,4.6119770243
7885,1.3972429740550911,,0.0,1.3972429740550911,4.6651873162
7890,1.3972479758629606,,0.0,1.3972479758629606,4.7093574375
7895,1.397248579446714,,0.0,1.397248579446714,4.6963563983
7900,1.3972427013999371,,0.0,1.3972427013999371,4.6989317082
7905,1.3972285538214724,,0.0,1.3972285538214724,4.7065143223
7910,1.397204440119626,,0.0,1.397204440119626,4.7280350693
7915,1.3971690019524319,,0.0,1.3971690019524319,4.7617424934
7920,1.3971213869087509,,0.0,1.3971213869087509,4.7886960262
7925,1.3970615178893813,,0.0,1.3970615178893813,4.7698198483
7930,1.3969902978257884,,0.0,1.3969902978257884,4.7486047527
7935,1.3969094378609748,,0.0,1.3969094378609748,4.7353471718
7940,1.396821370882873,,0.0,1.396821370882873,4.7506588049
7945,1.3967291201078362,,0.0,1.3967291201078362,4.7443291448
7950,1.3966362253236906,,0.0,1.3966362253236906,4.7195303719
7955,1.3965469137766702,,0.0,1.3965469137766702,4.6819833295
7960,1.3964649143988823,,0.0,1.3964649143988823,4.6627614823
7965,1.396393885685004,,0.0,1.396393885685004,4.642752779
7970,1.3963369550751397,,0.0,1.3963369550751397,4.6659608744
7975,1.3962965472948474,,0.0,1.3962965472948474,4.6851419354
7980,1.3962740913508882,,0.0,1.3962740913508882,4.6727424094
7985,1.396269713612287,,0.0,1.396269713612287,4.6154119434
7990,1.3962830676214695,,0.0,1.3962830676214695,4.5771673467
7995,1.3963129284083107,,0.0,1.3963129284083107,4.6204343371
8000,1.3963568814104332,,0.0,1.3963568814104332,4.6452076316
8005,1.396411461506416,,0.0,1.396411461506416,4.652004553
8010,1.3964725968761948,,0.0,1.3964725968761948,4.6323330891
8015,1.3965362724270745,,0.0,1.3965362724270745,4.5797477664
8020,1.3965991212134978,,0.0,1.3965991212134978,4.5417715357
8025,1.3966587135306305,,0.0,1.3966587135306305,4.5385173791
8030,1.3967131033455105,,0.0,1.3967131033455105,4.5656787506
8035,1.3967624172772632,,0.0,1.3967624172772632,4.5885434981
8040,1.3968081051819474,,0.0,1.3968081051819474,4.5677473533
8045,1.3968521373750227,,0.0,1.3968521373750227,4.562467089
8050,1.3968963634870275,,0.0,1.3968963634870275,4.5688157496
8055,1.3969421709852834,,0.0,1.3969421709852834,4.5982480921
8060,1.3969907555326684,,0.0,1.3969907555326684,4.6636689221
8065,1.3970430324292604,,0.0,1.3970430324292604,4.7048647278
8070,1.3970995666296344,,0.0,1.3970995666296344,4.6900944764
8075,1.3971602678474646,,0.0,1.3971602678474646,4.6438719401
8080,1.3972247303740652,,0.0,1.3972247303740652,4.6368440979
8085,1.3972915531912082,,0.0,1.3972915531912082,4.6460705321
8090,1.3973598815231671,,0.0,1.3973598815231671,4.6465564099
8095,1.3974288009793212,,0.0,1.3974288009793212,4.625112477
8100,1.3974975107374694,,0.0,1.3974975107374694,4.5891376732
8105,1.3975655911969729,,0.0,1.3975655911969729,4.5306738167
8110,1.3976331734560314,,0.0,1.3976331734560314,4.4738160961
8115,1.3977010313941878,,0.0,1.3977010313941878,4.4895169677
8120,1.3977705560029081,,0.0,1.3977705560029081,4.517125754
8125,1.3978440197419433,,0.0,1.3978440197419433,4.5128037332
8130,1.3979243086133482,,0.0,1.3979243086133482,4.446912359
8135,1.398014424961443,,0.0,1.398014424961443,4.3728584127
8140,1.3981166836948749,,0.0,1.3981166836948749,4.3976237584
8145,1.398232595398681,,0.0,1.398232595398681,4.4366917163
8150,1.3983629285638726,,0.0,1.3983629285638726,4.4800265934
8155,1.398507065237279,,0.0,1.398507065237279,4.4998258952
8160,1.398662572008029,,0.0,1.398662572008029,4.5041733708
8165,1.3988251742017153,,0.0,1.3988251742017153,4.4906595106
8170,1.3989895512685906,,0.0,1.3989895512685906,4.5079342638
8175,1.3991496165552206,,0.0,1.3991496165552206,4.5673372601
8180,1.3992992648552518,,0.0,1.3992992648552518,4.6072074288
8185,1.399433080899009,,0.0,1.399433080899009,4.6187376578
8190,1.3995473489869814,,0.0,1.3995473489869814,4.6325025274
8195,1.3996406440912816,,0.0,1.3996406440912816,4.6449207377
8200,1.3997133954982643,,0.0,1.3997133954982643,4.6662670135
8205,1.39976781773528,,0.0,1.39976781773528,4.7223048129
8210,1.3998076899137157,,0.0,1.3998076899137157,4.7689933382
8215,1.3998374598685575,,0.0,1.3998374598685575,4.7763061852
8220,1.399861668699587,,0.0,1.399861668699587,4.6949561343
8225,1.399884378632099,,0.0,1.399884378632099,4.6573081731
8230,1.3999087030096171,,0.0,1.3999087030096171,4.6224954073
8235,1.3999365227252591,,0.0,1.3999365227252591,4.5983556509
8240,1.3999682557199054,,0.0,1.3999682557199054,4.5788241245
8245,1.4000034996271233,,0.0,1.4000034996271233,4.5285656479
8250,1.4000404676143672,,0.0,1.4000404676143672,4.4854255751
8255,1.4000773410408383,,0.0,1.4000773410408383,4.4731034256
8260,1.4001124261568958,,0.0,1.4001124261568958,4.4954563754
8265,1.4001441923694524,,0.0,1.4001441923694524,4.5262972215
8270,1.4001717002096152,,0.0,1.4001717002096152,4.5285445775
8275,1.4001948300383398,,0.0,1.4001948300383398,4.5186026245
8280,1.4002142377104103,,0.0,1.4002142377104103,4.4785220606
8285,1.4002310655263261,,0.0,1.4002310655263261,4.4795608333
8290,1.4002460618326296,,0.0,1.4002460618326296,4.50702001
8295,1.4002599823424637,,0.0,1.4002599823424637,4.5153796207
8300,1.4002734384609101,,0.0,1.4002734384609101,4.5227578262
8305,1.4002860770231502,,0.0,1.4002860770231502,4.4957217343
8310,1.4002964915314793,,0.0,1.4002964915314793,4.4681934627
8315,1.4003024241229287,,0.0,1.4003024241229287,4.4554878671
8320,1.4003007530869718,,0.0,1.4003007530869718,4.48087663
8325,1.400287998546251,,0.0,1.400287998546251,4.5115697004
8330,1.400261049430884,,0.0,1.400261049430884,4.5114781808
8335,1.400217939017767,,0.0,1.400217939017767,4.5040398375
8340,1.4001584543803214,,0.0,1.4001584543803214,4.5048374059
8345,1.4000842161251241,,0.0,1.4000842161251241,4.5046665077
8350,1.3999995017458984,,0.0,1.3999995017458984,4.5233519129
8355,1.3999106181210472,,0.0,1.3999106181210472,4.5239201746
8360,1.3998254519009383,,0.0,1.3998254519009383,4.5208760714
8365,1.3997519001946928,,0.0,1.3997519001946928,4.476047883
8370,1.3996967891805563,,0.0,1.3996967891805563,4.3912947325
8375,1.399664937365377,,0.0,1.399664937365377,4.3386927917
8380,1.3996578559026025,,0.0,1.3996578559026025,4.3322484979
8385,1.3996747778245624,,0.0,1.3996747778245624,4.3623755946
8390,1.399711876500751,,0.0,1.399711876500751,4.3567817435
8395,1.3997633123544142,,0.0,1.3997633123544142,4.3359343656
8400,1.3998225733791645,,0.0,1.3998225733791645,4.3135804409
8405,1.399882922591734,,0.0,1.399882922591734,4.3074783609
8410,1.3999384770115417,,0.0,1.3999384770115417,4.3650075431
8415,1.399985311627591,,0.0,1.399985311627591,4.3781404163
8420,1.4000219348624916,,0.0,1.4000219348624916,4.3697077463
8425,1.4000488332074317,,0.0,1.4000488332074317,4.3488301036
8430,1.400067402292107,,0.0,1.400067402292107,4.3455911907
8435,1.4000792967595155,,0.0,1.4000792967595155,4.3695494575
8440,1.4000858199522221,,0.0,1.4000858199522221,4.4142951365
8445,1.4000875068582004,,0.0,1.4000875068582004,4.4458878798
8450,1.4000836564908714,,0.0,1.4000836564908714,4.4535408627
8455,1.4000739821439734,,0.0,1.4000739821439734,4.415679348
8460,1.4000580925009742,,0.0,1.4000580925009742,4.3523246909
8465,1.400035346644918,,0.0,1.400035346644918,4.335791369
8470,1.4000052933715412,,0.0,1.4000052933715412,4.3239279066
8475,1.3999682756370095,,0.0,1.3999682756370095,4.294585374
8480,1.3999252268623281,,0.0,1.3999252268623281,4.2418881162
8485,1.3998781030390108,,0.0,1.3998781030390108,4.2396617328
8490,1.3998296989278582,,0.0,1.3998296989278582,4.2405128174
8495,1.3997830917442224,,0.0,1.3997830917442224,4.2332098131
8500,1.3997411137867346,,0.0,1.3997411137867346,4.2383990064
8505,1.399705764337053,,0.0,1.399705764337053,4.2667572353
8510,1.3996778963292538,,0.0,1.3996778963292538,4.2657067065
8515,1.3996578494909317,,0.0,1.3996578494909317,4.2357488142
8520,1.3996447357375046,,0.0,1.3996447357375046,4.187068723
8525,1.399637154323581,,0.0,1.399637154323581,4.1467495517
8530,1.399633769461724,,0.0,1.399633769461724,4.1754779066
8535,1.3996328683946455,,0.0,1.3996328683946455,4.1863433071
8540,1.3996327069660606,,0.0,1.3996327069660606,4.1499759662
8545,1.3996318198818807,,0.0,1.3996318198818807,4.1155044568
8550,1.3996292037838716,,0.0,1.3996292037838716,4.0906643293
8555,1.3996246936056214,,0.0,1.3996246936056214,4.1151294664
8560,1.399618725431674,,0.0,1.399618725431674,4.150827947
8565,1.3996119833554477,,0.0,1.3996119833554477,4.1704369866
8570,1.3996052360498445,,0.0,1.3996052360498445,4.1622185888
8575,1.3995991007859434,,0.0,1.3995991007859434,4.1423367255
8580,1.3995938541977715,,0.0,1.3995938541977715,4.1584432041
8585,1.3995892942267605,,0.0,1.3995892942267605,4.2011714996
8590,1.3995849060066696,,0.0,1.3995849060066696,4.2465323401
8595,1.3995798485173065,,0.0,1.3995798485173065,4.2601246718
8600,1.3995732641181557,,0.0,1.3995732641181557,4.2265126838
8605,1.3995645498393474,,0.0,1.3995645498393474,4.1721584378
8610,1.3995534728826724,,0.0,1.3995534728826724,4.1316536953
8615,1.3995401108930066,,0.0,1.3995401108930066,4.1263005086
8620,1.3995247111743954,,0.0,1.3995247111743954,4.1313748471
8625,1.3995076436711351,,0.0,1.3995076436711351,4.1246810324
8630,1.3994890838174465,,0.0,1.3994890838174465,4.0854588701
8635,1.399468774578096,,0.0,1.399468774578096,4.0699719996
8640,1.3994458528558278,,0.0,1.3994458528558278,4.1024375343
8645,1.3994188418064517,,0.0,1.3994188418064517,4.1896432491
8650,1.3993858549891638,,0.0,1.3993858549891638,4.2425846042
8655,1.3993450255392181,,0.0,1.3993450255392181,4.2556193467
8660,1.3992951436971555,,0.0,1.3992951436971555,4.2569539124
8665,1.399235937080659,,0.0,1.399235937080659,4.2253781842
8670,1.3991681048119213,,0.0,1.3991681048119213,4.2103807124
8675,1.3990931007940834,,0.0,1.3990931007940834,4.2192925426
8680,1.3990127855939036,,0.0,1.3990127855939036,4.2590977198
8685,1.3989290929212035,,0.0,1.3989290929212035,4.2681492446
8690,1.3988438111546058,,0.0,1.3988438111546058,4.2414401848
8695,1.3987585111533989,,0.0,1.3987585111533989,4.2393617156
8700,1.3986745019669895,,0.0,1.3986745019669895,4.2496538766
8705,1.3985928260602554,,0.0,1.3985928260602554,4.2544954318
8710,1.3985142910308503,,0.0,1.3985142910308503,4.2806420876
8715,1.398439507237981,,0.0,1.398439507237981,4.2882757737
8720,1.398368890189731,,0.0,1.398368890189731,4.2507244692
8725,1.3983026096362157,,0.0,1.3983026096362157,4.2694001236
8730,1.3982405207009636,,0.0,1.3982405207009636,4.3076339497
8735,1.3981821534449008,,0.0,1.3981821534449008,4.3616310633
8740,1.3981268001742047,,0.0,1.3981268001742047,4.3770465717
8745,1.3980736716167756,,0.0,1.3980736716167756,4.3783779045
8750,1.3980219870266728,,0.0,1.3980219870266728,4.3635880529
8755,1.397971041256552,,0.0,1.397971041256552,4.3774363131
8760,1.3979204192757946,,0.0,1.3979204192757946,4.3698468976
8765,1.3978697419318535,,0.0,1.3978697419318535,4.3820276208
8770,1.39781868591283,,0.0,1.39781868591283,4.3925847282
8775,1.3977670655985877,,0.0,1.3977670655985877,4.3748298976
8780,1.3977148970410391,,0.0,1.3977148970410391,4.3483467509
8785,1.3976623754550905,,0.0,1.3976623754550905,4.3970744839
8790,1.3976097590582683,,0.0,1.3976097590582683,4.4329682562
8795,1.3975572151906277,,0.0,1.3975572151906277,4.4855204558
8800,1.397504729846533,,0.0,1.397504729846533,4.5096630076
8805,1.3974520695456834,,0.0,1.3974520695456834,4.5373667714
8810,1.3973987891544388,,0.0,1.3973987891544388,4.5251803223
8815,1.397344258692062,,0.0,1.397344258692062,4.5007130033
8820,1.3972877078258916,,0.0,1.3972877078258916,4.4938741407
8825,1.3972283339375502,,0.0,1.3972283339375502,4.5016130447
8830,1.397165502453543,,0.0,1.397165502453543,4.4892697643
8835,1.397098986032402,,0.0,1.397098986032402,4.4527676757
8840,1.3970290990733487,,0.0,1.3970290990733487,4.4183123653
8845,1.3969565613432458,,0.0,1.3969565613432458,4.4168418766
8850,1.3968824329959049,,0.0,1.3968824329959049,4.4303218428
8855,1.3968077396257796,,0.0,1.3968077396257796,4.4720531781
8860,1.3967332750522536,,0.0,1.3967332750522536,4.4787496952
8865,1.396659603229499,,0.0,1.396659603229499,4.462219472
8870,1.3965871468730442,,0.0,1.3965871468730442,4.4159777754
8875,1.3965162396853332,,0.0,1.3965162396853332,4.3765814612
8880,1.3964470858621574,,0.0,1.3964470858621574,4.3993454491
8885,1.3963797079125728,,0.0,1.3963797079125728,4.4191425504
8890,1.3963141914619392,,0.0,1.3963141914619392,4.4263606431
8895,1.3962506772714354,,0.0,1.3962506772714354,4.4182587501
8900,1.3961894496372624,,0.0,1.3961894496372624,4.3862862976
8905,1.3961309189518094,,0.0,1.3961309189518094,4.3748875715
8910,1.3960754835571625,,0.0,1.3960754835571625,4.3952708906
8915,1.3960233684756749,,0.0,1.3960233684756749,4.3912746718
8920,1.3959745280753508,,0.0,1.3959745280753508,4.3798969675
8925,1.3959286129428805,,0.0,1.3959286129428805,4.3676993888
8930,1.3958849331188494,,0.0,1.3958849331188494,4.4033189132
8935,1.395842386296122,,0.0,1.395842386296122,4.4311774291
8940,1.395799428944587,,0.0,1.395799428944587,4.453526864
8945,1.3957541474306816,,0.0,1.3957541474306816,4.4820055997
8950,1.3957044992735483,,0.0,1.3957044992735483,4.507400387
8955,1.3956486655368152,,0.0,1.3956486655368152,4.4913717012
8960,1.395585337239285,,0.0,1.395585337239285,4.4475330449
8965,1.3955139399452947,,0.0,1.3955139399452947,4.4188826241
8970,1.3954347987401843,,0.0,1.3954347987401843,4.391311846
8975,1.3953490842995053,,0.0,1.3953490842995053,4.3805397914
8980,1.3952588534962702,,0.0,1.3952588534962702,4.3393419269
8985,1.395167046445215,,0.0,1.395167046445215,4.295739378
8990,1.3950773205496685,,0.0,1.3950773205496685,4.2574902673
8995,1.3949936545922623,,0.0,1.3949936545922623,4.2865044866
9000,1.394919794216373,,0.0,1.394919794216373,4.3416870016
9005,1.3948587249186317,,0.0,1.3948587249186317,4.3907673081
9010,1.3948123313664027,,0.0,1.3948123313664027,4.3901831231
9015,1.3947812883084347,,0.0,1.3947812883084347,4.3739305914
9020,1.3947651116636004,,0.0,1.3947651116636004,4.3489456987
9025,1.3947622865042055,,0.0,1.3947622865042055,4.3328075383
9030,1.394770463475926,,0.0,1.394770463475926,4.3591159323
9035,1.3947867631020585,,0.0,1.3947867631020585,4.4043669497
9040,1.3948081941563935,,0.0,1.3948081941563935,4.4628289077
9045,1.3948320854733114,,0.0,1.3948320854733114,4.4764335838
9050,1.3948563740409674,,0.0,1.3948563740409674,4.5018601049
9055,1.3948796495192015,,0.0,1.3948796495192015,4.5056117434
9060,1.3949009873087397,,0.0,1.3949009873087397,4.5070071045
9065,1.3949197094777337,,0.0,1.3949197094777337,4.5091848259
9070,1.3949351930255274,,0.0,1.3949351930255274,4.5619172062
9075,1.394946659752658,,0.0,1.394946659752658,4.5746526559
9080,1.3949534314544403,,0.0,1.3949534314544403,4.6120643944
9085,1.3949547277032426,,0.0,1.3949547277032426,4.6379464404
9090,1.39494958122353,,0.0,1.39494958122353,4.6763993544
9095,1.3949369082383491,,0.0,1.3949369082383491,4.7033424481
9100,1.3949156809023413,,0.0,1.3949156809023413,4.737493301
9105,1.3948851857011604,,0.0,1.3948851857011604,4.7177914163
9110,1.3948452718013928,,0.0,1.3948452718013928,4.6870383878
9115,1.3947963405235961,,0.0,1.3947963405235961,4.6710186271
9120,1.3947394890137386,,0.0,1.3947394890137386,4.6486627777
9125,1.3946763614788007,,0.0,1.3946763614788007,4.5980990684
9130,1.3946090223857588,,0.0,1.3946090223857588,4.5569394506
9135,1.394539858581294,,0.0,1.394539858581294,4.4970979663
9140,1.3944714182042552,,0.0,1.3944714182042552,4.4291081675
9145,1.3944061795017337,,0.0,1.3944061795017337,4.4337822145
9150,1.3943463245334722,,0.0,1.3943463245334722,4.4580230306
9155,1.3942936157813104,,0.0,1.3942936157813104,4.4351038719
9160,1.394249409609146,,0.0,1.394249409609146,4.4278810217
9165,1.3942147424567055,,0.0,1.3942147424567055,4.3982246439
9170,1.3941903754711353,,0.0,1.3941903754711353,4.3456304124
9175,1.394176742622493,,0.0,1.394176742622493,4.3436882232
9180,1.3941738615542403,,0.0,1.3941738615542403,4.3850453215
9185,1.39418129893294,,0.0,1.39418129893294,4.3928461908
9190,1.394198195049063,,0.0,1.394198195049063,4.3792217698
9195,1.3942232171163789,,0.0,1.3942232171163789,4.3767566296
9200,1.394254647057277,,0.0,1.394254647057277,4.3371354568
9205,1.3942901929041587,,0.0,1.3942901929041587,4.3456833786
9210,1.39432695949219,,0.0,1.39432695949219,4.3611147466
9215,1.3943616790293434,,0.0,1.3943616790293434,4.390605903
9220,1.39439114165599,,0.0,1.39439114165599,4.3831297816
9225,1.3944126569942354,,0.0,1.3944126569942354,4.3652223923
9230,1.3944243748223935,,0.0,1.3944243748223935,4.3772726121
9235,1.3944254112621193,,0.0,1.3944254112621193,4.4028049679
9240,1.394415848300945,,0.0,1.394415848300945,4.4439821679
9245,1.3943966870234628,,0.0,1.3943966870234628,4.4655249117
9250,1.3943697388402891,,0.0,1.3943697388402891,4.4872767169
9255,1.3943374220653117,,0.0,1.3943374220653117,4.4636111761
9260,1.3943025976677872,,0.0,1.3943025976677872,4.4325644644
9265,1.3942679202839574,,0.0,1.3942679202839574,4.3894391391
9270,1.3942354041560454,,0.0,1.3942354041560454,4.3445275628
9275,1.3942064708787396,,0.0,1.3942064708787396,4.3339612165
9280,1.394181914703415,,0.0,1.394181914703415,4.2788039476
9285,1.3941618160942635,,0.0,1.3941618160942635,4.2129950312
9290,1.3941455079647098,,0.0,1.3941455079647098,4.1730509588
9295,1.3941316066444147,,0.0,1.3941316066444147,4.1674017768
9300,1.3941182240555519,,0.0,1.3941182240555519,4.195864362
9305,1.3941034018420198,,0.0,1.3941034018420198,4.196751133
9310,1.3940856429242139,,0.0,1.3940856429242139,4.1922351712
9315,1.3940643141155618,,0.0,1.3940643141155618,4.1879956903
9320,1.3940397650794731,,0.0,1.3940397650794731,4.1638074988
9325,1.3940131906603153,,0.0,1.3940131906603153,4.2088901589
9330,1.3939863698010961,,0.0,1.3939863698010961,4.2434226341
9335,1.3939613684011867,,0.0,1.3939613684011867,4.2614259621
9340,1.3939401893118628,,0.0,1.3939401893118628,4.2506423119
9345,1.3939243258612202,,0.0,1.3939243258612202,4.2021613156
9350,1.3939142662684143,,0.0,1.3939142662684143,4.1860667919
9355,1.3939091380460473,,0.0,1.3939091380460473,4.229868397
9360,1.3939066787383938,,0.0,1.3939066787383938,4.2487866808
9365,1.3939035441363166,,0.0,1.3939035441363166,4.2456849572
9370,1.393895760732034,,0.0,1.393895760732034,4.2163530171
9375,1.3938798385759537,,0.0,1.3938798385759537,4.2229135076
9380,1.3938533697447322,,0.0,1.3938533697447322,4.232202944
9385,1.3938153873720907,,0.0,1.3938153873720907,4.235530778
9390,1.393766638940587,,0.0,1.393766638940587,4.2727417391
9395,1.3937099864880904,,0.0,1.3937099864880904,4.3056810654
9400,1.3936500459626786,,0.0,1.3936500459626786,4.3251449971
9405,1.393592112040053,,0.0,1.393592112040053,4.3095478911
9410,1.3935410846234464,,0.0,1.3935410846234464,4.2703484
9415,1.393500495679356,,0.0,1.393500495679356,4.2454732382
9420,1.3934718649783333,,0.0,1.3934718649783333,4.2744959653
9425,1.3934543974050189,,0.0,1.3934543974050189,4.3080267732
9430,1.3934459669222106,,0.0,1.3934459669222106,4.2940533629
9435,1.3934435461527899,,0.0,1.3934435461527899,4.2769894384
9440,1.3934434866970504,,0.0,1.3934434866970504,4.2814051239
9445,1.3934428978919702,,0.0,1.3934428978919702,4.3278118014
9450,1.393439768473797,,0.0,1.393439768473797,4.3525283847
9455,1.393433447999015,,0.0,1.393433447999015,4.3616262649
9460,1.3934247691435495,,0.0,1.3934247691435495,4.3395452986
9465,1.3934156950154148,,0.0,1.3934156950154148,4.3005830118
9470,1.3934086228063636,,0.0,1.3934086228063636,4.303632023
9475,1.3934056156191865,,0.0,1.3934056156191865,4.3300949561
9480,1.3934078099111236,,0.0,1.3934078099111236,4.3842199902
9485,1.3934150534391028,,0.0,1.3934150534391028,4.4066995205
9490,1.393425955848278,,0.0,1.393425955848278,4.3846289307
9495,1.393438130746696,,0.0,1.393438130746696,4.3386622244
9500,1.393448532749994,,0.0,1.393448532749994,4.3716348555
9505,1.393453999062933,,0.0,1.393453999062933,4.4349757802
9510,1.3934518475836757,,0.0,1.3934518475836757,4.4761883677
9515,1.3934404250334103,,0.0,1.3934404250334103,4.4629401378
9520,1.393419467692395,,0.0,1.393419467692395,4.4641478953
9525,1.3933901823188821,,0.0,1.3933901823188821,4.4714828548
9530,1.3933550406573467,,0.0,1.3933550406573467,4.4615724241
9535,1.3933173594968031,,0.0,1.3933173594968031,4.4876460868
9540,1.393280709569345,,0.0,1.393280709569345,4.5257816635
9545,1.3932482980517036,,0.0,1.3932482980517036,4.5728139472
9550,1.3932227634145253,,0.0,1.3932227634145253,4.5933151059
9555,1.393205821529988,,0.0,1.393205821529988,4.6042821973
9560,1.3931980354655442,,0.0,1.3931980354655442,4.6199650384
9565,1.393198866504448,,0.0,1.393198866504448,4.6611799426
9570,1.3932069220182102,,0.0,1.3932069220182102,4.681953199
9575,1.3932204188575856,,0.0,1.3932204188575856,4.6851006102
9580,1.3932376288499926,,0.0,1.3932376288499926,4.6810910251
9585,1.39325718981101,,0.0,1.39325718981101,4.690286645
9590,1.3932783032602876,,0.0,1.3932783032602876,4.70235465
9595,1.3933008215247753,,0.0,1.3933008215247753,4.7417940146
9600,1.393325206563063,,0.0,1.393325206563063,4.7444253122
9605,1.3933523805188917,,0.0,1.3933523805188917,4.7061311778
9610,1.3933834246682077,,0.0,1.3933834246682077,4.6457196399
9615,1.3934191892394538,,0.0,1.3934191892394538,4.6067598029
9620,1.3934599545499577,,0.0,1.3934599545499577,4.6229544276
9625,1.3935052386103424,,0.0,1.3935052386103424,4.6607078972
9630,1.393553748514059,,0.0,1.393553748514059,4.6904596864
9635,1.3936034076983561,,0.0,1.3936034076983561,4.6762908804
9640,1.3936514036680252,,0.0,1.3936514036680252,4.5999245952
9645,1.3936942677547635,,0.0,1.3936942677547635,4.5497962019
9650,1.3937281107346997,,0.0,1.3937281107346997,4.548676248
9655,1.3937491000885947,,0.0,1.3937491000885947,4.5523849325
9660,1.3937538411779309,,0.0,1.3937538411779309,4.5224191611
9665,1.3937399822610597,,0.0,1.3937399822610597,4.461617288
9670,1.393706658922013,,0.0,1.393706658922013,4.4455612214
9675,1.39365486628844,,0.0,1.39365486628844,4.4311315581
9680,1.3935876617722704,,0.0,1.3935876617722704,4.4606749155
9685,1.393510122234298,,0.0,1.393510122234298,4.4947316736
9690,1.3934290773541769,,0.0,1.3934290773541769,4.540081863
9695,1.393352649036017,,0.0,1.393352649036017,4.5505959774
9700,1.3932896149477672,,0.0,1.3932896149477672,4.5240652224
9705,1.3932483214702165,,0.0,1.3932483214702165,4.5067753596
9710,1.3932356332288978,,0.0,1.3932356332288978,4.5345884854
9715,1.3932560192946128,,0.0,1.3932560192946128,4.564055379
9720,1.393310911834485,,0.0,1.393310911834485,4.5552504737
9725,1.3933985730811642,,0.0,1.3933985730811642,4.5324817337
9730,1.393514101721759,,0.0,1.393514101721759,4.513088185
9735,1.3936499491510002,,0.0,1.3936499491510002,4.4918233909
9740,1.393796957911773,,0.0,1.393796957911773,4.5310497007
9745,1.39394569673225,,0.0,1.39394569673225,4.539669836
9750,1.3940875416199487,,0.0,1.3940875416199487,4.52091044
9755,1.394215456903245,,0.0,1.394215456903245,4.4747301973
9760,1.3943243450539398,,0.0,1.3943243450539398,4.429737395
9765,1.3944110867943034,,0.0,1.3944110867943034,4.4513969319
9770,1.3944744364185961,,0.0,1.3944744364185961,4.5086234978
9775,1.394514853043356,,0.0,1.394514853043356,4.537432175
9780,1.3945342274293069,,0.0,1.3945342274293069,4.5204049813
9785,1.3945354676783055,,0.0,1.3945354676783055,4.4625083158
9790,1.3945219994186109,,0.0,1.3945219994186109,4.3948144875
9795,1.3944972964342193,,0.0,1.3944972964342193,4.3551270897
9800,1.394464529682745,,0.0,1.394464529682745,4.3647794686
9805,1.3944263498442915,,0.0,1.3944263498442915,4.3449507024
9810,1.3943847743669182,,0.0,1.3943847743669182,4.2912337903
9815,1.3943411316487253,,0.0,1.3943411316487253,4.2569936521
9820,1.3942960725879576,,0.0,1.3942960725879576,4.2353794869
9825,1.394249675557056,,0.0,1.394249675557056,4.2265855179
9830,1.3942016263614267,,0.0,1.3942016263614267,4.2626059343
9835,1.3941514215485118,,0.0,1.3941514215485118,4.2989870806
9840,1.3940985217194726,,0.0,1.3940985217194726,4.3512630838
9845,1.3940424162370424,,0.0,1.3940424162370424,4.3756949595
9850,1.393982642233174,,0.0,1.393982642233174,4.4042513647
9855,1.3939188204189015,,0.0,1.3939188204189015,4.4387919724
9860,1.3938507573527599,,0.0,1.3938507573527599,4.4928567293
9865,1.3937785595776153,,0.0,1.3937785595776153,4.4999398434
9870,1.3937027819758083,,0.0,1.3937027819758083,4.4879961428
9875,1.3936244654888765,,0.0,1.3936244654888765,4.475419753
9880,1.3935449743702555,,0.0,1.3935449743702555,4.4468953452
9885,1.3934658217059892,,0.0,1.3934658217059892,4.4348995312
9890,1.393388503961798,,0.0,1.393388503961798,4.4346228383
9895,1.3933143685434304,,0.0,1.3933143685434304,4.4395451731
9900,1.3932445173715031,,0.0,1.3932445173715031,4.4191449267
9905,1.3931796863784731,,0.0,1.3931796863784731,4.3686405385
9910,1.3931201941015903,,0.0,1.3931201941015903,4.3624130632
9915,1.3930659565979908,,0.0,1.3930659565979908,4.430612333
9920,1.393016586416334,,0.0,1.393016586416334,4.4970850242
9925,1.3929715462950043,,0.0,1.3929715462950043,4.5434361222
9930,1.3929303038834542,,0.0,1.3929303038834542,4.5410726846
9935,1.3928924451969396,,0.0,1.3928924451969396,4.4929756997
9940,1.3928577150191415,,0.0,1.3928577150191415,4.4458601309
9945,1.3928261742609298,,0.0,1.3928261742609298,4.4062908447
9950,1.3927980812535143,,0.0,1.3927980812535143,4.3835479143
9955,1.392773672887659,,0.0,1.392773672887659,4.313888985
9960,1.3927527117951346,,0.0,1.3927527117951346,4.2416364274
9965,1.39273422972274,,0.0,1.39273422972274,4.2012326228
9970,1.39271686241704,,0.0,1.39271686241704,4.1485889973
9975,1.3926981619158547,,0.0,1.3926981619158547,4.1376505285
9980,1.3926748372814797,,0.0,1.3926748372814797,4.1676936643
9985,1.392643424824889,,0.0,1.392643424824889,4.2135618034
9990,1.3926009079460269,,0.0,1.3926009079460269,4.2395913285
9995,1.39254531128195,,0.0,1.39254531128195,4.2532708443
10000,1.3924760684911608,,0.0,1.3924760684911608,4.2587404978
10005,1.3923943988369423,,0.0,1.3923943988369423,4.2742979132
10010,1.3923034596350554,,0.0,1.3923034596350554,4.2957359454
10015,1.3922080542953645,,0.0,1.3922080542953645,4.2943978545
10020,1.392114192167475,,0.0,1.392114192167475,4.2966726573
10025,1.3920284714742805,,0.0,1.3920284714742805,4.3137972042
10030,1.3919573920127117,,0.0,1.3919573920127117,4.3363885904
10035,1.3919066584188664,,0.0,1.3919066584188664,4.3597690072
10040,1.39188058711122,,0.0,1.39188058711122,4.3748474192
10045,1.391881741712123,,0.0,1.391881741712123,4.3944411637
10050,1.3919107356956715,,0.0,1.3919107356956715,4.3860415715
10055,1.391966294958337,,0.0,1.391966294958337,4.3817231961
10060,1.3920454243177722,,0.0,1.3920454243177722,4.429876614
10065,1.392143780549263,,0.0,1.392143780549263,4.498741251
10070,1.3922567705775695,,0.0,1.3922567705775695,4.540866773
10075,1.3923795294226011,,0.0,1.3923795294226011,4.5491031997
10080,1.3925070614380581,,0.0,1.3925070614380581,4.526804559
10085,1.3926351423789138,,0.0,1.3926351423789138,4.4801664719
10090,1.3927602666983918,,0.0,1.3927602666983918,4.4450732713
10095,1.3928795347071108,,0.0,1.3928795347071108,4.4494018896
10100,1.3929905269998353,,0.0,1.3929905269998353,4.4526323349
10105,1.3930912188528521,,0.0,1.3930912188528521,4.4104562544
10110,1.3931799724935878,,0.0,1.3931799724935878,4.3620423183
10115,1.3932556095843163,,0.0,1.3932556095843163,4.369017025
10120,1.3933175611006432,,0.0,1.3933175611006432,4.3666996494
10125,1.393366075710799,,0.0,1.393366075710799,4.383366665
10130,1.3934023709046253,,0.0,1.3934023709046253,4.3867235396
10135,1.393428767979704,,0.0,1.393428767979704,4.3969213725
10140,1.3934488100888505,,0.0,1.3934488100888505,4.3748203567
10145,1.3934667735434945,,0.0,1.3934667735434945,4.3315185946
10150,1.3934870517248945,,0.0,1.3934870517248945,4.288277884
10155,1.3935133071293373,,0.0,1.3935133071293373,4.2838670225
10160,1.3935476280743038,,0.0,1.3935476280743038,4.3007563264
10165,1.3935904168125448,,0.0,1.3935904168125448,4.2975956143
10170,1.3936396169030403,,0.0,1.3936396169030403,4.3122826439
10175,1.393690715916635,,0.0,1.393690715916635,4.3517428144
10180,1.3937371501215838,,0.0,1.3937371501215838,4.4017445577
10185,1.3937708901055355,,0.0,1.3937708901055355,4.4224072682
10190,1.3937834531146505,,0.0,1.3937834531146505,4.4372125863
10195,1.3937673138484912,,0.0,1.3937673138484912,4.4476580366
10200,1.393716444836526,,0.0,1.393716444836526,4.4132019671
10205,1.3936271738512798,,0.0,1.3936271738512798,4.3796621729
10210,1.3934988425142256,,0.0,1.3934988425142256,4.3637582745
10215,1.393334008900028,,0.0,1.393334008900028,4.4036896898
10220,1.393138236224249,,0.0,1.393138236224249,4.4391554415
10225,1.3929194147523483,,0.0,1.3929194147523483,4.4640285472
10230,1.3926872798557757,,0.0,1.3926872798557757,4.4647123209
10235,1.3924526029137154,,0.0,1.3924526029137154,4.4255167747
10240,1.392226257278198,,0.0,1.392226257278198,4.3833771567
10245,1.392018667211476,,0.0,1.392018667211476,4.3479645144
10250,1.391839353043936,,0.0,1.391839353043936,4.3062448186
10255,1.3916969289913996,,0.0,1.3916969289913996,4.2441720964
10260,1.3915987812074118,,0.0,1.3915987812074118,4.2020274242
10265,1.3915505745620707,,0.0,1.3915505745620707,4.1928098426
10270,1.3915558456146309,,0.0,1.3915558456146309,4.2095068119
10275,1.3916157936430613,,0.0,1.3916157936430613,4.2291335579
10280,1.3917285615365405,,0.0,1.3917285615365405,4.2369910079
10285,1.3918888673744987,,0.0,1.3918888673744987,4.2612082397
10290,1.3920880763419172,,0.0,1.3920880763419172,4.2816001822
10295,1.3923146996346014,,0.0,1.3923146996346014,4.2812505062
10300,1.3925552938892363,,0.0,1.3925552938892363,4.2856055266
10305,1.3927956594609543,,0.0,1.3927956594609543,4.2968930605
10310,1.393022197446589,,0.0,1.393022197446589,4.2983155191
10315,1.39322326129666,,0.0,1.39322326129666,4.2746445723
10320,1.3933902867927341,,0.0,1.3933902867927341,4.2768760596
10325,1.3935184846442636,,0.0,1.3935184846442636,4.2801574445
10330,1.3936069562397038,,0.0,1.3936069562397038,4.2866457098
10335,1.3936582584259514,,0.0,1.3936582584259514,4.2857058981
10340,1.3936776352901723,,0.0,1.3936776352901723,4.2574020095
10345,1.3936720961070057,,0.0,1.3936720961070057,4.2315580684
10350,1.3936492307028507,,0.0,1.3936492307028507,4.212641963
10355,1.3936168218453704,,0.0,1.3936168218453704,4.2085389158
10360,1.3935822356573229,,0.0,1.3935822356573229,4.2198426381
10365,1.393552140639878,,0.0,1.393552140639878,4.2221551991
10370,1.3935323437202896,,0.0,1.3935323437202896,4.2576829577
10375,1.3935275409925176,,0.0,1.3935275409925176,4.259329162
10380,1.3935409573222284,,0.0,1.3935409573222284,4.2302707674
10385,1.3935739099666764,,0.0,1.3935739099666764,4.2048001166
10390,1.393625397977688,,0.0,1.393625397977688,4.1967352467
10395,1.393692057797433,,0.0,1.393692057797433,4.2180275228
10400,1.3937686567524283,,0.0,1.3937686567524283,4.2607837653
10405,1.393848875891232,,0.0,1.393848875891232,4.2859989799
10410,1.3939260133128726,,0.0,1.3939260133128726,4.3128912747
10415,1.3939935619675017,,0.0,1.3939935619675017,4.3509343759
10420,1.3940459716220526,,0.0,1.3940459716220526,4.3703970189
10425,1.394078772705522,,0.0,1.394078772705522,4.3968268299
10430,1.3940888432118097,,0.0,1.3940888432118097,4.3910944218
10435,1.3940746024367574,,0.0,1.3940746024367574,4.3581517343
10440,1.3940361430767512,,0.0,1.3940361430767512,4.3589664963
10445,1.393975309646636,,0.0,1.393975309646636,4.3330131675
10450,1.3938956791082846,,0.0,1.3938956791082846,4.3013708499
10455,1.3938023540373823,,0.0,1.3938023540373823,4.2925478056
10460,1.3937015498664482,,0.0,1.3937015498664482,4.2799867616
10465,1.3936000598286553,,0.0,1.3936000598286553,4.2624509997
10470,1.3935046769298116,,0.0,1.3935046769298116,4.250237009
10475,1.3934216617797042,,0.0,1.3934216617797042,4.2786748765
10480,1.393356352094078,,0.0,1.393356352094078,4.282419106
10485,1.3933129454254023,,0.0,1.3933129454254023,4.2772295965
10490,1.393294391164873,,0.0,1.393294391164873,4.2688566714
10495,1.3933021926673463,,0.0,1.3933021926673463,4.271258982
10500,1.393336179364196,,0.0,1.393336179364196,4.2742122819
10505,1.3933941553037266,,0.0,1.3933941553037266,4.2797624646
10510,1.3934716769481361,,0.0,1.3934716769481361,4.2983308196
10515,1.3935618834688746,,0.0,1.3935618834688746,4.3137806453
10520,1.3936556948945464,,0.0,1.3936556948945464,4.3644982001
10525,1.3937424293592555,,0.0,1.3937424293592555,4.4019670766
10530,1.3938108128042976,,0.0,1.3938108128042976,4.3960449624
10535,1.3938501941261527,,0.0,1.3938501941261527,4.3710119006
10540,1.3938520709949238,,0.0,1.3938520709949238,4.3549825002
10545,1.3938122244176971,,0.0,1.3938122244176971,4.3430670949
10550,1.393731258160118,,0.0,1.393731258160118,4.3355169439
10555,1.3936148375470128,,0.0,1.3936148375470128,4.315337656
10560,1.3934732213877041,,0.0,1.3934732213877041,4.3220369972
10565,1.393320080068664,,0.0,1.393320080068664,4.3269339868
10570,1.3931707563310347,,0.0,1.3931707563310347,4.3396082237
10575,1.393039687074231,,0.0,1.393039687074231,4.3527510969
10580,1.3929400375724093,,0.0,1.3929400375724093,4.3808419702
10585,1.3928820688630603,,0.0,1.3928820688630603,4.4328097612
10590,1.3928711963977507,,0.0,1.3928711963977507,4.4701776417
10595,1.392907349398004,,0.0,1.392907349398004,4.4708881978
10600,1.392985818287162,,0.0,1.392985818287162,4.4102747403
10605,1.3930984679967273,,0.0,1.3930984679967273,4.3446578683
10610,1.3932343398448845,,0.0,1.3932343398448845,4.2598249322
10615,1.3933812548406594,,0.0,1.3933812548406594,4.1861785546
10620,1.393527370605783,,0.0,1.393527370605783,4.1104160587
10625,1.3936624349927045,,0.0,1.3936624349927045,4.0563383105
10630,1.3937789571693995,,0.0,1.3937789571693995,4.027357402
10635,1.3938725860898247,,0.0,1.3938725860898247,4.045166084
10640,1.393942366301384,,0.0,1.393942366301384,4.058282622
10645,1.3939897861756319,,0.0,1.3939897861756319,4.0943473744
10650,1.3940178277077917,,0.0,1.3940178277077917,4.130011484
10655,1.3940301141056155,,0.0,1.3940301141056155,4.1520647203
10660,1.3940303871018156,,0.0,1.3940303871018156,4.1683213411
10665,1.394022270722656,,0.0,1.394022270722656,4.1527877513
10670,1.394009449450541,,0.0,1.394009449450541,4.1422180871
10675,1.3939960312791804,,0.0,1.3939960312791804,4.1675358322
10680,1.3939860100427155,,0.0,1.3939860100427155,4.1659710547
10685,1.3939827885420395,,0.0,1.3939827885420395,4.1125316899
10690,1.393988646717185,,0.0,1.393988646717185,4.0775551496
10695,1.3940043583112758,,0.0,1.3940043583112758,4.0473285244
10700,1.3940290581125683,,0.0,1.3940290581125683,4.0142269114
10705,1.3940603580011415,,0.0,1.3940603580011415,3.9874832063
10710,1.3940946702835317,,0.0,1.3940946702835317,4.0001982447
10715,1.3941276418219453,,0.0,1.3941276418219453,4.0053479956
10720,1.394155274257692,,0.0,1.394155274257692,4.0017861038
10725,1.3941745697255277,,0.0,1.3941745697255277,4.0191530319
10730,1.3941840401267342,,0.0,1.3941840401267342,4.023185279
10735,1.3941837860472357,,0.0,1.3941837860472357,4.0494140996
10740,1.3941751135807046,,0.0,1.3941751135807046,4.0707466049
10745,1.394159958937969,,0.0,1.394159958937969,4.0623241975
10750,1.3941404580920476,,0.0,1.3941404580920476,4.0276331703
10755,1.3941188102914166,,0.0,1.3941188102914166,3.9930670716
10760,1.3940973275799347,,0.0,1.3940973275799347,3.9826726194
10765,1.3940784614211896,,0.0,1.3940784614211896,3.9594021303
10770,1.394064634198889,,0.0,1.394064634198889,3.9284837991
10775,1.3940578876435876,,0.0,1.3940578876435876,3.9479024115
10780,1.3940595491302477,,0.0,1.3940595491302477,3.9595648701
10785,1.3940700475587047,,0.0,1.3940700475587047,3.9831793847
10790,1.3940888708138242,,0.0,1.3940888708138242,3.9975236967
10795,1.3941149403252933,,0.0,1.3941149403252933,3.9983166598
10800,1.3941468705811233,,0.0,1.3941468705811233,3.9692052522
10805,1.3941829998900261,,0.0,1.3941829998900261,3.9041993809
10810,1.3942215482403821,,0.0,1.3942215482403821,3.8715653292
10815,1.3942608366384865,,0.0,1.3942608366384865,3.8616610741
10820,1.3942994994667193,,0.0,1.3942994994667193,3.8696666533
10825,1.3943365418020581,,0.0,1.3943365418020581,3.8680914137
10830,1.3943712156844792,,0.0,1.3943712156844792,3.8286966333
10835,1.3944028319503428,,0.0,1.3944028319503428,3.7651614017
10840,1.394430584570808,,0.0,1.394430584570808,3.7016275487
10845,1.3944535720468043,,0.0,1.3944535720468043,3.6847716309
10850,1.3944710034464736,,0.0,1.3944710034464736,3.683263403
10855,1.3944823894365754,,0.0,1.3944823894365754,3.6602227418
10860,1.3944876167897353,,0.0,1.3944876167897353,3.6590533838
10865,1.3944872173790375,,0.0,1.3944872173790375,3.6553494371
10870,1.3944825549122433,,0.0,1.3944825549122433,3.6515533998
10875,1.3944757164108577,,0.0,1.3944757164108577,3.6506655322
10880,1.3944690316531472,,0.0,1.3944690316531472,3.6510337859
10885,1.3944643956060736,,0.0,1.3944643956060736,3.6654688376
10890,1.3944627575606627,,0.0,1.3944627575606627,3.6644323724
10895,1.394464062676669,,0.0,1.394464062676669,3.6678925095
10900,1.3944676284294868,,0.0,1.3944676284294868,3.6428515483
10905,1.3944726559522476,,0.0,1.3944726559522476,3.6094393105
10910,1.3944785204481178,,0.0,1.3944785204481178,3.6115910212
10915,1.394484689612022,,0.0,1.394484689612022,3.5995737312
10920,1.3944903825843364,,0.0,1.3944903825843364,3.5902532031
10925,1.3944942192643404,,0.0,1.3944942192643404,3.5810887819
10930,1.3944940712729796,,0.0,1.3944940712729796,3.5967146136
10935,1.394487201395334,,0.0,1.394487201395334,3.5957767296
10940,1.394470646075417,,0.0,1.394470646075417,3.586639658
10945,1.394441696837144,,0.0,1.394441696837144,3.5913920435
10950,1.3943983206807444,,0.0,1.3943983206807444,3.6149545246
10955,1.3943394315101505,,0.0,1.3943394315101505,3.6237474535
10960,1.394265036737435,,0.0,1.394265036737435,3.6209228321
10965,1.3941763058785925,,0.0,1.3941763058785925,3.6488907167
10970,1.394075589379296,,0.0,1.394075589379296,3.6822029774
10975,1.3939662688046208,,0.0,1.3939662688046208,3.6880743503
10980,1.393851573817618,,0.0,1.393851573817618,3.6818966249
10985,1.3937347030688612,,0.0,1.3937347030688612,3.645590622
10990,1.3936187815656575,,0.0,1.3936187815656575,3.5986579884
10995,1.3935070195086827,,0.0,1.3935070195086827,3.5763047513
11000,1.393403112180141,,0.0,1.393403112180141,3.5475165646
11005,1.3933108096115387,,0.0,1.3933108096115387,3.5172070555
11010,1.393233979881876,,0.0,1.393233979881876,3.5056681735
11015,1.393176129811169,,0.0,1.393176129811169,3.4894192098
11020,1.3931399613274138,,0.0,1.3931399613274138,3.5197878841
11025,1.3931270732329593,,0.0,1.3931270732329593,3.5389048906
11030,1.3931377985936284,,0.0,1.3931377985936284,3.5315643532
11035,1.3931711801833846,,0.0,1.3931711801833846,3.5277051111
11040,1.3932250535632107,,0.0,1.3932250535632107,3.5636812395
11045,1.3932961907752874,,0.0,1.3932961907752874,3.5889438066
11050,1.393380462430934,,0.0,1.393380462430934,3.5769452885
11055,1.3934730238082103,,0.0,1.3934730238082103,3.5314517793
11060,1.3935685161147093,,0.0,1.3935685161147093,3.4917113633
11065,1.3936613715421111,,0.0,1.3936613715421111,3.463559635
11070,1.3937465631588017,,0.0,1.3937465631588017,3.4764902976
11075,1.3938201964660604,,0.0,1.3938201964660604,3.4881337726
11080,1.3938799446640915,,0.0,1.3938799446640915,3.4992051238
11085,1.3939251541944897,,0.0,1.3939251541944897,3.5121442803
11090,1.3939565728581234,,0.0,1.3939565728581234,3.540629495
11095,1.3939758449529187,,0.0,1.3939758449529187,3.5662605467
11100,1.3939849852895099,,0.0,1.3939849852895099,3.5999699595
11105,1.3939859403783235,,0.0,1.3939859403783235,3.6247557402
11110,1.3939804146323813,,0.0,1.3939804146323813,3.6298085141
11115,1.3939698530421485,,0.0,1.3939698530421485,3.6194790818
11120,1.3939553384978576,,0.0,1.3939553384978576,3.6209183383
11125,1.3939377192498825,,0.0,1.3939377192498825,3.6141495487
11130,1.393917852461274,,0.0,1.393917852461274,3.5943596881
11135,1.3938966820799996,,0.0,1.3938966820799996,3.5642095127
11140,1.3938753285568586,,0.0,1.3938753285568586,3.5109253979
11145,1.3938550080175072,,0.0,1.3938550080175072,3.4624787176
11150,1.3938367658598212,,0.0,1.3938367658598212,3.4272639043
11155,1.393821113062114,,0.0,1.393821113062114,3.4194850564
11160,1.3938077775376414,,0.0,1.3938077775376414,3.3769060082
11165,1.3937957528587532,,0.0,1.3937957528587532,3.3751494859
11170,1.3937835392629476,,0.0,1.3937835392629476,3.3703297718
11175,1.393769627915891,,0.0,1.393769627915891,3.3626905648
11180,1.3937529506378148,,0.0,1.3937529506378148,3.3392542395
11185,1.393733084576772,,0.0,1.393733084576772,3.3260629395
11190,1.3937103637307784,,0.0,1.3937103637307784,3.3236435998
11195,1.3936854285165885,,0.0,1.3936854285165885,3.3219052883
11200,1.393659098559423,,0.0,1.393659098559423,3.2777813368
11205,1.3936325528791007,,0.0,1.3936325528791007,3.2213129812
11210,1.3936071579344895,,0.0,1.3936071579344895,3.1704760456
11215,1.3935839494150137,,0.0,1.3935839494150137,3.1511319889
11220,1.393563553095173,,0.0,1.393563553095173,3.1346995153
11225,1.3935464327752083,,0.0,1.3935464327752083,3.1274802767
11230,1.393532953624768,,0.0,1.393532953624768,3.140043474
11235,1.393523398894178,,0.0,1.393523398894178,3.1609144037
11240,1.3935179280566914,,0.0,1.3935179280566914,3.2028749849
11245,1.3935165058481198,,0.0,1.3935165058481198,3.2536895538
11250,1.3935188401736702,,0.0,1.3935188401736702,3.2927677249
11255,1.3935243440017029,,0.0,1.3935243440017029,3.3296826289
11260,1.3935323293963449,,0.0,1.3935323293963449,3.3462714281
11265,1.3935414894454123,,0.0,1.3935414894454123,3.3614309559
11270,1.3935500958853786,,0.0,1.3935500958853786,3.4109343059
11275,1.393556447418111,,0.0,1.393556447418111,3.4221781221
11280,1.3935589640897532,,0.0,1.3935589640897532,3.4231677993
11285,1.3935564368456757,,0.0,1.3935564368456757,3.3931258574
11290,1.3935482869757683,,0.0,1.3935482869757683,3.3398148447
11295,1.3935347261333693,,0.0,1.3935347261333693,3.2855420763
11300,1.393516735963431,,0.0,1.393516735963431,3.2565552412
11305,1.3934958200027014,,0.0,1.3934958200027014,3.2542478456
11310,1.3934736075203322,,0.0,1.3934736075203322,3.2620190285
11315,1.3934514456037626,,0.0,1.3934514456037626,3.2926827606
11320,1.393430192598336,,0.0,1.393430192598336,3.3224249569
11325,1.3934103144415173,,0.0,1.3934103144415173,3.3352636676
11330,1.393392038838557,,0.0,1.393392038838557,3.3356682683
11335,1.3933754683079749,,0.0,1.3933754683079749,3.3545248874
11340,1.393360625358827,,0.0,1.393360625358827,3.3566249244
11345,1.3933475124011745,,0.0,1.3933475124011745,3.3673355711
11350,1.3933362155833138,,0.0,1.3933362155833138,3.3608176787
11355,1.3933270246354508,,0.0,1.3933270246354508,3.3158061033
11360,1.3933204711805685,,0.0,1.3933204711805685,3.3081476023
11365,1.3933170837722324,,0.0,1.3933170837722324,3.305115069
11370,1.3933171157396396,,0.0,1.3933171157396396,3.3000163155
11375,1.3933204034942446,,0.0,1.3933204034942446,3.3098424815
11380,1.3933264516549193,,0.0,1.3933264516549193,3.3316636789
11385,1.39333465168137,,0.0,1.39333465168137,3.3417461329
11390,1.3933444436892437,,0.0,1.3933444436892437,3.3567293444
11395,1.3933553087652168,,0.0,1.3933553087652168,3.3922139024
11400,1.393366604582675,,0.0,1.393366604582675,3.4177930156
11405,1.39337739774335,,0.0,1.39337739774335,3.4152435393
11410,1.3933863839270102,,0.0,1.3933863839270102,3.4103488988
11415,1.3933919613983088,,0.0,1.3933919613983088,3.4149041856
11420,1.3933924455703823,,0.0,1.3933924455703823,3.4493573827
11425,1.3933863609632258,,0.0,1.3933863609632258,3.4673946916
11430,1.3933727326391308,,0.0,1.3933727326391308,3.4695244981
11435,1.3933513159996864,,0.0,1.3933513159996864,3.4365845946
11440,1.3933226846393076,,0.0,1.3933226846393076,3.3976048845
11445,1.3932881793929168,,0.0,1.3932881793929168,3.360198444
11450,1.3932497275814024,,0.0,1.3932497275814024,3.3294885824
11455,1.3932095640357385,,0.0,1.3932095640357385,3.2936838906
11460,1.3931699747438455,,0.0,1.3931699747438455,3.2946756462
11465,1.39313299984473,,0.0,1.39313299984473,3.3227002179
11470,1.3931003736498069,,0.0,1.3931003736498069,3.3610056568
11475,1.3930735414451139,,0.0,1.3930735414451139,3.352255243
11480,1.3930537376591263,,0.0,1.3930537376591263,3.3255358885
11485,1.3930420206949523,,0.0,1.3930420206949523,3.3375464514
11490,1.3930392181810323,,0.0,1.3930392181810323,3.3499972858
11495,1.3930458612174113,,0.0,1.3930458612174113,3.3571245941
11500,1.3930621585016925,,0.0,1.3930621585016925,3.3594503608
11505,1.393087921139695,,0.0,1.393087921139695,3.3430718276
11510,1.3931225348388112,,0.0,1.3931225348388112,3.3462900062
11515,1.393164941241406,,0.0,1.393164941241406,3.3610954529
11520,1.3932137402387088,,0.0,1.3932137402387088,3.3658068495
11525,1.3932673589024167,,0.0,1.3932673589024167,3.3794321806
11530,1.3933242518607687,,0.0,1.3933242518607687,3.3915070109
11535,1.393383039763346,,0.0,1.393383039763346,3.4273720006
11540,1.393442513873829,,0.0,1.393442513873829,3.448849535
11545,1.3935015069043915,,0.0,1.3935015069043915,3.48248076
11550,1.393558736884704,,0.0,1.393558736884704,3.4920380151
11555,1.3936127783094134,,0.0,1.3936127783094134,3.5085902786
11560,1.3936621521061614,,0.0,1.3936621521061614,3.4939011644
11565,1.3937054744909265,,0.0,1.3937054744909265,3.4958960855
11570,1.39374158924852,,0.0,1.39374158924852,3.5359401164
11575,1.3937696587237407,,0.0,1.3937696587237407,3.5688796117
11580,1.3937892324398897,,0.0,1.3937892324398897,3.5870772436
11585,1.3938003062589388,,0.0,1.3938003062589388,3.5754521468
11590,1.3938033667630214,,0.0,1.3938033667630214,3.5314892954
11595,1.3937994001898477,,0.0,1.3937994001898477,3.5044340233
11600,1.3937898441860181,,0.0,1.3937898441860181,3.5120192504
11605,1.3937764597782418,,0.0,1.3937764597782418,3.5052001492
11610,1.3937611423654723,,0.0,1.3937611423654723,3.4930058139
11615,1.3937457432152713,,0.0,1.3937457432152713,3.537582178
11620,1.3937319031014201,,0.0,1.3937319031014201,3.5504255195
11625,1.39372091249767,,0.0,1.39372091249767,3.5639849884
11630,1.393713572135276,,0.0,1.393713572135276,3.5475227732
11635,1.3937100838454426,,0.0,1.3937100838454426,3.5529074023
11640,1.3937100298237077,,0.0,1.3937100298237077,3.5609109103
11645,1.393712489995345,,0.0,1.393712489995345,3.550900978
11650,1.3937162885918448,,0.0,1.3937162885918448,3.5115436376
11655,1.393720260439868,,0.0,1.393720260439868,3.4495000652
11660,1.3937233801950626,,0.0,1.3937233801950626,3.4049749793
11665,1.3937247347173103,,0.0,1.3937247347173103,3.3843199074
11670,1.3937234838504033,,0.0,1.3937234838504033,3.3452024429
11675,1.3937189165127923,,0.0,1.3937189165127923,3.3294814408
11680,1.3937105363229458,,0.0,1.3937105363229458,3.3117527118
11685,1.393698255063553,,0.0,1.393698255063553,3.3060507878
11690,1.3936825492217766,,0.0,1.3936825492217766,3.3033323553
11695,1.3936644290449864,,0.0,1.3936644290449864,3.3316637074
11700,1.3936452161330934,,0.0,1.3936452161330934,3.3446302398
11705,1.3936262652811824,,0.0,1.3936262652811824,3.3686796624
11710,1.3936087649674227,,0.0,1.3936087649674227,3.3593922467
11715,1.393593646430123,,0.0,1.393593646430123,3.3361583175
11720,1.3935815075007218,,0.0,1.3935815075007218,3.3716377096
11725,1.3935725009452287,,0.0,1.3935725009452287,3.4304189678
11730,1.3935662466561665,,0.0,1.3935662466561665,3.4539933527
11735,1.3935618475225937,,0.0,1.3935618475225937,3.4263953973
11740,1.393558044151446,,0.0,1.393558044151446,3.3679953073
11745,1.3935534602617206,,0.0,1.3935534602617206,3.3128729407
11750,1.393546839370615,,0.0,1.393546839370615,3.3190310732
11755,1.3935371887150674,,0.0,1.3935371887150674,3.3311936949
11760,1.393523823565039,,0.0,1.393523823565039,3.3232029942
11765,1.3935063599023891,,0.0,1.3935063599023891,3.3317622422
11770,1.3934847178995453,,0.0,1.3934847178995453,3.3658434722
11775,1.393459136425341,,0.0,1.393459136425341,3.4002532776
11780,1.3934301529914916,,0.0,1.3934301529914916,3.4116737298
11785,1.3933985452972584,,0.0,1.3933985452972584,3.4441530228
11790,1.3933652771167675,,0.0,1.3933652771167675,3.4845332781
11795,1.393331490363999,,0.0,1.393331490363999,3.4939743334
11800,1.3932985294207576,,0.0,1.3932985294207576,3.4828585272
11805,1.3932679157400896,,0.0,1.3932679157400896,3.441454336
11810,1.3932412004460706,,0.0,1.3932412004460706,3.4048281398
11815,1.3932197124370027,,0.0,1.3932197124370027,3.4029763808
11820,1.3932043327491774,,0.0,1.3932043327491774,3.3879099694
11825,1.3931954253244774,,0.0,1.3931954253244774,3.354554877
11830,1.393192932980805,,0.0,1.393192932980805,3.3289348754
11835,1.3931965251078706,,0.0,1.3931965251078706,3.3107056688
11840,1.3932056591692097,,0.0,1.3932056591692097,3.2967777381
11845,1.3932195039440272,,0.0,1.3932195039440272,3.3065294851
11850,1.3932368655883585,,0.0,1.3932368655883585,3.2975896674
11855,1.393256169923398,,0.0,1.393256169923398,3.2983412855
11860,1.3932755078628671,,0.0,1.3932755078628671,3.2664161023
11865,1.3932927557796233,,0.0,1.3932927557796233,3.2368365091
11870,1.3933058990221883,,0.0,1.3933058990221883,3.2502572492
11875,1.3933133148012886,,0.0,1.3933133148012886,3.3096502758
11880,1.393313947260296,,0.0,1.393313947260296,3.3382848972
11885,1.3933074069925375,,0.0,1.3933074069925375,3.3109478927
11890,1.3932940227666526,,0.0,1.3932940227666526,3.2599030383
11895,1.3932748518261917,,0.0,1.3932748518261917,3.1987034116
11900,1.3932515402652585,,0.0,1.3932515402652585,3.1906013038
11905,1.393226050441565,,0.0,1.393226050441565,3.1791282664
11910,1.3932003623790215,,0.0,1.3932003623790215,3.1505891949
11915,1.3931762899665145,,0.0,1.3931762899665145,3.1141214451
11920,1.3931554139082027,,0.0,1.3931554139082027,3.1408631151
11925,1.3931391073929347,,0.0,1.3931391073929347,3.1589667207
11930,1.3931285315242299,,0.0,1.3931285315242299,3.1472777791
11935,1.3931245385540718,,0.0,1.3931245385540718,3.1555889758
11940,1.39312754408149,,0.0,1.39312754408149,3.1968114058
11945,1.393137483034849,,0.0,1.393137483034849,3.2115106731
11950,1.3931539148732666,,0.0,1.3931539148732666,3.215810731
11955,1.3931762224620823,,0.0,1.3931762224620823,3.2087829469
11960,1.3932037698636168,,0.0,1.3932037698636168,3.1968495773
11965,1.3932359161609138,,0.0,1.3932359161609138,3.2242984657
11970,1.3932719098243322,,0.0,1.3932719098243322,3.2370565083
11975,1.3933107869660641,,0.0,1.3933107869660641,3.2373713228
11980,1.393351383504119,,0.0,1.393351383504119,3.2191301653
11985,1.3933924606673656,,0.0,1.3933924606673656,3.225114134
11990,1.3934328513043968,,0.0,1.3934328513043968,3.250741781
11995,1.393471546441083,,0.0,1.393471546441083,3.2742813373
12000,1.3935077271570324,,0.0,1.3935077271570324,3.2806968225
12005,1.3935407790232193,,0.0,1.3935407790232193,3.2960200706
12010,1.3935703573327731,,0.0,1.3935703573327731,3.2933225349
12015,1.3935964353021906,,0.0,1.3935964353021906,3.2740366376
12020,1.3936191596268568,,0.0,1.3936191596268568,3.292599127
12025,1.3936386163186496,,0.0,1.3936386163186496,3.3468126575
12030,1.393654733803318,,0.0,1.393654733803318,3.3685905834
12035,1.393667389486083,,0.0,1.393667389486083,3.3356172691
12040,1.3936766297719783,,0.0,1.3936766297719783,3.2892329982
12045,1.3936828575276379,,0.0,1.3936828575276379,3.2297459309
12050,1.3936868550905526,,0.0,1.3936868550905526,3.2145004979
12055,1.393689622476703,,0.0,1.393689622476703,3.1899561035
12060,1.3936921418767159,,0.0,1.3936921418767159,3.1582074952
12065,1.3936951995614826,,0.0,1.3936951995614826,3.1218597826
12070,1.3936992963688728,,0.0,1.3936992963688728,3.1454032047
12075,1.3937046784661105,,0.0,1.3937046784661105,3.1803655241
12080,1.3937113596996757,,0.0,1.3937113596996757,3.1810235575
12085,1.3937190469288998,,0.0,1.3937190469288998,3.1958584009
12090,1.3937271086042324,,0.0,1.3937271086042324,3.2130584276
12095,1.3937346283569836,,0.0,1.3937346283569836,3.2154495138
12100,1.39374064157178,,0.0,1.39374064157178,3.2118605097
12105,1.3937444018119383,,0.0,1.3937444018119383,3.1897174751
12110,1.3937455171697795,,0.0,1.3937455171697795,3.1531315494
12115,1.39374389963262,,0.0,1.39374389963262,3.1547833222
12120,1.3937396615638495,,0.0,1.3937396615638495,3.1584099441
12125,1.393733022233507,,0.0,1.393733022233507,3.1496645248
12130,1.3937242503406093,,0.0,1.3937242503406093,3.1315750197
12135,1.39371397252364,,0.0,1.39371397252364,3.1442052108
12140,1.393703018593736,,0.0,1.393703018593736,3.1649631911
12145,1.3936922579688786,,0.0,1.3936922579688786,3.1925585366
12150,1.3936824739414884,,0.0,1.3936824739414884,3.2175895786
12155,1.3936742897623227,,0.0,1.3936742897623227,3.2406244978
12160,1.3936681374233697,,0.0,1.3936681374233697,3.2600117538
12165,1.3936642979467861,,0.0,1.3936642979467861,3.2599258356
12170,1.3936628042321724,,0.0,1.3936628042321724,3.2964298708
12175,1.393663169015302,,0.0,1.393663169015302,3.3619174341
12180,1.393664440595088,,0.0,1.393664440595088,3.4007845299
12185,1.3936652521716157,,0.0,1.3936652521716157,3.3957283397
12190,1.393664075311757,,0.0,1.393664075311757,3.3731492803
12195,1.3936594728463765,,0.0,1.3936594728463765,3.332224216
12200,1.3936503517675336,,0.0,1.3936503517675336,3.3123539194
12205,1.393636056902537,,0.0,1.393636056902537,3.3085973828
12210,1.3936163379006612,,0.0,1.3936163379006612,3.2942126515
12215,1.3935912727478288,,0.0,1.3935912727478288,3.270519076
12220,1.3935614146438848,,0.0,1.3935614146438848,3.2998834598
12225,1.393527816762561,,0.0,1.393527816762561,3.3335545253
12230,1.3934919441023723,,0.0,1.3934919441023723,3.344256645
12235,1.393455459764264,,0.0,1.393455459764264,3.3730202176
12240,1.3934199662111497,,0.0,1.3934199662111497,3.4068495981
12245,1.3933868819455637,,0.0,1.3933868819455637,3.4206000326
12250,1.393357358203419,,0.0,1.393357358203419,3.4148762266
12255,1.3933324022308773,,0.0,1.3933324022308773,3.3935686898
12260,1.393312830174487,,0.0,1.393312830174487,3.3702448475
12265,1.393299048311345,,0.0,1.393299048311345,3.3606700068
12270,1.3932909339784627,,0.0,1.3932909339784627,3.3588871142
12275,1.3932878410977172,,0.0,1.3932878410977172,3.3374263605
12280,1.3932887592853203,,0.0,1.3932887592853203,3.3273332381
12285,1.3932925578818198,,0.0,1.3932925578818198,3.3307108223
12290,1.3932981763923573,,0.0,1.3932981763923573,3.3365891514
12295,1.3933047192748043,,0.0,1.3933047192748043,3.3434302803
12300,1.393311472014412,,0.0,1.393311472014412,3.3668257184
12305,1.3933178762274305,,0.0,1.3933178762274305,3.3798026965
12310,1.3933234800729768,,0.0,1.3933234800729768,3.3833370048
12315,1.3933279484844228,,0.0,1.3933279484844228,3.3817513399
12320,1.3933310514374024,,0.0,1.3933310514374024,3.404625111
12325,1.393332448567702,,0.0,1.393332448567702,3.438983836
12330,1.3933315791269845,,0.0,1.3933315791269845,3.4688231147
12335,1.3933276605276577,,0.0,1.3933276605276577,3.457287911
12340,1.3933198200776964,,0.0,1.3933198200776964,3.4190729892
12345,1.3933073268921283,,0.0,1.3933073268921283,3.3808830614
12350,1.3932897397025061,,0.0,1.3932897397025061,3.3701874478
12355,1.3932668937834638,,0.0,1.3932668937834638,3.3741681445
12360,1.3932388424973794,,0.0,1.3932388424973794,3.3778391852
12365,1.3932058058873307,,0.0,1.3932058058873307,3.3512531019
12370,1.3931683747364663,,0.0,1.3931683747364663,3.3782857734
12375,1.393127549811068,,0.0,1.393127549811068,3.4261902352
12380,1.3930847128943522,,0.0,1.3930847128943522,3.4494903956
12385,1.3930414956655315,,0.0,1.3930414956655315,3.4658927985
12390,1.3929995573376244,,0.0,1.3929995573376244,3.5118884685
12395,1.3929603602717204,,0.0,1.3929603602717204,3.5369120604
12400,1.392925030739143,,0.0,1.392925030739143,3.5297966099
12405,1.3928943134940799,,0.0,1.3928943134940799,3.518880975
12410,1.392868536827706,,0.0,1.392868536827706,3.4893356136
12415,1.392847531240007,,0.0,1.392847531240007,3.4751264342
12420,1.3928305742584866,,0.0,1.3928305742584866,3.4841727782
12425,1.3928164365021554,,0.0,1.3928164365021554,3.4713204957
12430,1.3928036894871896,,0.0,1.3928036894871896,3.4687071278
12435,1.392791043217303,,0.0,1.392791043217303,3.5033544505
12440,1.3927775367376853,,0.0,1.3927775367376853,3.533335421
12445,1.3927626155979875,,0.0,1.3927626155979875,3.5472091118
12450,1.392746097179281,,0.0,1.392746097179281,3.5752488661
12455,1.3927281135801686,,0.0,1.3927281135801686,3.6173674421
12460,1.392709083741933,,0.0,1.392709083741933,3.6397832634
12465,1.3926896861420968,,0.0,1.3926896861420968,3.6456425156
12470,1.392670767962422,,0.0,1.392670767962422,3.6571412127
12475,1.3926531667444284,,0.0,1.3926531667444284,3.6815847431
12480,1.3926374855489319,,0.0,1.3926374855489319,3.7233024861
12485,1.3926238777558246,,0.0,1.3926238777558246,3.7114881433
12490,1.3926120302618608,,0.0,1.3926120302618608,3.6862932154
12495,1.3926011936746228,,0.0,1.3926011936746228,3.6593063142
12500,1.3925902776918044,,0.0,1.3925902776918044,3.6430808548
12505,1.392577966329391,,0.0,1.392577966329391,3.623157
12510,1.3925628301486288,,0.0,1.3925628301486288,3.6193480424
12515,1.3925434852745513,,0.0,1.3925434852745513,3.5959257609
12520,1.3925188269672262,,0.0,1.3925188269672262,3.6015741072
12525,1.392488283087369,,0.0,1.392488283087369,3.6261254726
12530,1.392451957790522,,0.0,1.392451957790522,3.64097913
12535,1.3924105703433456,,0.0,1.3924105703433456,3.6617431945
12540,1.3923652005439198,,0.0,1.3923652005439198,3.6714929199
12545,1.392317036142848,,0.0,1.392317036142848,3.6961357595
12550,1.3922671722170845,,0.0,1.3922671722170845,3.7199669693
12555,1.3922165221341116,,0.0,1.3922165221341116,3.7134132716
12560,1.3921658259416783,,0.0,1.3921658259416783,3.6851514676
12565,1.3921156681931537,,0.0,1.3921156681931537,3.6660637663
12570,1.3920664764241877,,0.0,1.3920664764241877,3.6568435915
12575,1.3920185369545235,,0.0,1.3920185369545235,3.6365738903
12580,1.3919720702592298,,0.0,1.3919720702592298,3.6316228636
12585,1.3919273334872218,,0.0,1.3919273334872218,3.6525365132
12590,1.3918846806445657,,0.0,1.3918846806445657,3.6778942759
12595,1.3918445308771725,,0.0,1.3918445308771725,3.6911125027
12600,1.391807266884471,,0.0,1.391807266884471,3.7071913781
12605,1.391773142268495,,0.0,1.391773142268495,3.7198787747
12610,1.3917422496346847,,0.0,1.3917422496346847,3.7380683615
12615,1.3917145300729747,,0.0,1.3917145300729747,3.7472592905
12620,1.3916897737262044,,0.0,1.3916897737262044,3.7625626795
12625,1.391667588959532,,0.0,1.391667588959532,3.7656253967
12630,1.3916473771912161,,0.0,1.3916473771912161,3.7977606895
12635,1.3916283760008703,,0.0,1.3916283760008703,3.8073807701
12640,1.3916097936608618,,0.0,1.3916097936608618,3.7716938321
12645,1.391590985525462,,0.0,1.391590985525462,3.7360405959
12650,1.3915715764664698,,0.0,1.3915715764664698,3.6943599574
12655,1.3915514571217031,,0.0,1.3915514571217031,3.6667755759
12660,1.3915306721454914,,0.0,1.3915306721454914,3.64034597
12665,1.3915092943171168,,0.0,1.3915092943171168,3.6165312835
12670,1.3914873701552954,,0.0,1.3914873701552954,3.6193005293
12675,1.3914649448600311,,0.0,1.3914649448600311,3.6204230481
12680,1.39144210248787,,0.0,1.39144210248787,3.6324626023
12685,1.3914189614046173,,0.0,1.3914189614046173,3.6423526898
12690,1.3913956296764791,,0.0,1.3913956296764791,3.6636300571
12695,1.3913721750125156,,0.0,1.3913721750125156,3.6824528988
12700,1.391348647592007,,0.0,1.391348647592007,3.6923959793
12705,1.3913251367236121,,0.0,1.3913251367236121,3.6875964317
12710,1.3913017970377268,,0.0,1.3913017970377268,3.661889871
12715,1.3912788059466397,,0.0,1.3912788059466397,3.6432076211
12720,1.3912562672648465,,0.0,1.3912562672648465,3.620904272
12725,1.3912341533675967,,0.0,1.3912341533675967,3.5988804124
12730,1.3912123794935143,,0.0,1.3912123794935143,3.5767623076
12735,1.3911909224741872,,0.0,1.3911909224741872,3.5765778438
12740,1.3911698880567072,,0.0,1.3911698880567072,3.5951011545
12745,1.3911494993990403,,0.0,1.3911494993990403,3.6037951454
12750,1.3911299922323936,,0.0,1.3911299922323936,3.6376341048
12755,1.391111422579308,,0.0,1.391111422579308,3.6578969934
12760,1.3910934551912633,,0.0,1.3910934551912633,3.6796637242
12765,1.3910752332689915,,0.0,1.3910752332689915,3.6766841881
12770,1.3910553733695183,,0.0,1.3910553733695183,3.6849415919
12775,1.3910320626953054,,0.0,1.3910320626953054,3.7101833421
12780,1.3910032163620716,,0.0,1.3910032163620716,3.7578092481
12785,1.390966642942668,,0.0,1.390966642942668,3.7811223671
12790,1.3909202313604574,,0.0,1.3909202313604574,3.7786649388
12795,1.3908622060374216,,0.0,1.3908622060374216,3.7417725632
12800,1.3907914199438858,,0.0,1.3907914199438858,3.7084162027
12805,1.3907075714812327,,0.0,1.3907075714812327,3.6820403581
12810,1.3906112819448875,,0.0,1.3906112819448875,3.6354383213
12815,1.3905040303844725,,0.0,1.3905040303844725,3.627952582
12820,1.3903880161166735,,0.0,1.3903880161166735,3.6273413578
12825,1.3902660269904197,,0.0,1.3902660269904197,3.6345532478
12830,1.3901413059240948,,0.0,1.3901413059240948,3.6528512507
12835,1.3900173673089429,,0.0,1.3900173673089429,3.686440739
12840,1.389897746453715,,0.0,1.389897746453715,3.7251693222
12845,1.3897857362287107,,0.0,1.3897857362287107,3.7424382482
12850,1.389684193260531,,0.0,1.389684193260531,3.7563256636
12855,1.389595449260038,,0.0,1.389595449260038,3.7475822969
12860,1.3895212904913663,,0.0,1.3895212904913663,3.7041603025
12865,1.389462937968504,,0.0,1.389462937968504,3.6730575202
12870,1.389421004619873,,0.0,1.389421004619873,3.6571232715
12875,1.3893954609335994,,0.0,1.3893954609335994,3.6251730305
12880,1.389385659490111,,0.0,1.389385659490111,3.5929041344
12885,1.389390430523313,,0.0,1.389390430523313,3.5841237994
12890,1.3894082036059088,,0.0,1.3894082036059088,3.5849692993
12895,1.3894370937976979,,0.0,1.3894370937976979,3.5823398676
12900,1.389474938569523,,0.0,1.389474938569523,3.6089405012
12905,1.389519343617157,,0.0,1.389519343617157,3.6475604392
12910,1.3895678101625197,,0.0,1.3895678101625197,3.6565138693
12915,1.3896179550422305,,0.0,1.3896179550422305,3.6499090585
12920,1.3896677552378074,,0.0,1.3896677552378074,3.6667026853
12925,1.3897157229915786,,0.0,1.3897157229915786,3.6648463852
12930,1.3897609381151363,,0.0,1.3897609381151363,3.6766566149
12935,1.3898029512913397,,0.0,1.3898029512913397,3.722146451
12940,1.3898416549541834,,0.0,1.3898416549541834,3.7277988855
12945,1.3898772043252101,,0.0,1.3898772043252101,3.6934154897
12950,1.389909982717732,,0.0,1.389909982717732,3.6907178563
12955,1.3899405759356214,,0.0,1.3899405759356214,3.676943478
12960,1.3899697294833686,,0.0,1.3899697294833686,3.6468745955
12965,1.3899982758322713,,0.0,1.3899982758322713,3.6477924154
12970,1.390027046862481,,0.0,1.390027046862481,3.6513782485
12975,1.390056847329599,,0.0,1.390056847329599,3.6480443043
12980,1.3900884496125643,,0.0,1.3900884496125643,3.6349135893
12985,1.3901225601319598,,0.0,1.3901225601319598,3.6716490222
12990,1.3901597824715388,,0.0,1.3901597824715388,3.7128529609
12995,1.3902005945735958,,0.0,1.3902005945735958,3.7418833552
13000,1.3902454410033598,,0.0,1.3902454410033598,3.7494792573
13005,1.3902948992659094,,0.0,1.3902948992659094,3.7411898627
13010,1.3903498639029712,,0.0,1.3903498639029712,3.7005976156
13015,1.3904115717076073,,0.0,1.3904115717076073,3.6673627614
13020,1.390481381317358,,0.0,1.390481381317358,3.6578587486
13025,1.3905603537272833,,0.0,1.3905603537272833,3.651801842
13030,1.3906488994434538,,0.0,1.3906488994434538,3.6435142992
13035,1.390746345854344,,0.0,1.390746345854344,3.6334866754
13040,1.3908506378376466,,0.0,1.3908506378376466,3.6429818582
13045,1.390958250657046,,0.0,1.390958250657046,3.6355531948
13050,1.3910643885875877,,0.0,1.3910643885875877,3.6491044527
13055,1.3911635323177367,,0.0,1.3911635323177367,3.7021308037
13060,1.3912501701981317,,0.0,1.3912501701981317,3.7355206358
13065,1.391320026394808,,0.0,1.391320026394808,3.7701623183
13070,1.3913712907703883,,0.0,1.3913712907703883,3.7924119295
13075,1.3914050169533327,,0.0,1.3914050169533327,3.8134696046
13080,1.3914252484113887,,0.0,1.3914252484113887,3.8623726524
13085,1.3914385907567872,,0.0,1.3914385907567872,3.9343937731
13090,1.39145295367189,,0.0,1.39145295367189,3.9574786526
13095,1.3914764533312296,,0.0,1.3914764533312296,3.9273251893
13100,1.3915159607947454,,0.0,1.3915159607947454,3.9075076401
13105,1.3915749015542773,,0.0,1.3915749015542773,3.8862682281
13110,1.3916539501994203,,0.0,1.3916539501994203,3.8614369303
13115,1.391750173368154,,0.0,1.391750173368154,3.8780120911
13120,1.3918577215479104,,0.0,1.3918577215479104,3.9030223648
13125,1.391969473259814,,0.0,1.391969473259814,3.9177791602
13130,1.3920787536137615,,0.0,1.3920787536137615,3.9225285981
13135,1.3921805861757284,,0.0,1.3921805861757284,3.9363324636
13140,1.39227231289901,,0.0,1.39227231289901,3.9703174318
13145,1.3923534143473453,,0.0,1.3923534143473453,3.9940965083
13150,1.3924249949423573,,0.0,1.3924249949423573,3.9925607047
13155,1.392489085910375,,0.0,1.392489085910375,3.9811463067
13160,1.392548037219606,,0.0,1.392548037219606,3.9408653757
13165,1.3926041309245702,,0.0,1.3926041309245702,3.8874109352
13170,1.392659297756619,,0.0,1.392659297756619,3.8541933573
13175,1.3927147499534804,,0.0,1.3927147499534804,3.8493501877
13180,1.3927709747793815,,0.0,1.3927709747793815,3.8655875862
13185,1.3928278304727404,,0.0,1.3928278304727404,3.8403679642
13190,1.3928848883156135,,0.0,1.3928848883156135,3.8698860489
13195,1.3929415139163979,,0.0,1.3929415139163979,3.8822865143
13200,1.3929971441849043,,0.0,1.3929971441849043,3.8815630976
13205,1.3930515472096445,,0.0,1.3930515472096445,3.903197144
13210,1.3931047542304604,,0.0,1.3931047542304604,3.9445034469
13215,1.393156971898677,,0.0,1.393156971898677,3.954615473
13220,1.3932083936102868,,0.0,1.3932083936102868,3.9528849334
13225,1.393259140277574,,0.0,1.393259140277574,3.9793977198
13230,1.393309190983031,,0.0,1.393309190983031,4.0199651689
13235,1.3933583863443513,,0.0,1.3933583863443513,4.0632542088
13240,1.3934064779206683,,0.0,1.3934064779206683,4.1192775589
13245,1.3934532013556218,,0.0,1.3934532013556218,4.139505495
13250,1.3934983434952697,,0.0,1.3934983434952697,4.1402474526
13255,1.3935417241989534,,0.0,1.3935417241989534,4.0929444408
13260,1.3935831574827533,,0.0,1.3935831574827533,4.0618807504
13265,1.393622454361543,,0.0,1.393622454361543,4.0668984971
13270,1.3936595169322956,,0.0,1.3936595169322956,4.0651480646
13275,1.3936944877296313,,0.0,1.3936944877296313,4.0552677454
13280,1.393727929911948,,0.0,1.393727929911948,4.0708402562
13285,1.393760888558811,,0.0,1.393760888558811,4.1160385446
13290,1.393794848244793,,0.0,1.393794848244793,4.1292606482
13295,1.3938315143151099,,0.0,1.3938315143151099,4.1818229874
13300,1.3938724514902159,,0.0,1.3938724514902159,4.2386016166
13305,1.3939187619863012,,0.0,1.3939187619863012,4.2820220556
13310,1.3939709207899251,,0.0,1.3939709207899251,4.2933067882
13315,1.394028769928439,,0.0,1.394028769928439,4.270757888
13320,1.3940915280192812,,0.0,1.3940915280192812,4.2629802181
13325,1.3941581000764431,,0.0,1.3941581000764431,4.2535019576
13330,1.3942273835881611,,0.0,1.3942273835881611,4.2622831569
13335,1.394298333202033,,0.0,1.394298333202033,4.2653994621
13340,1.394369962975922,,0.0,1.394369962975922,4.2536017753
13345,1.394441469109157,,0.0,1.394441469109157,4.2617075131
13350,1.3945123997835904,,0.0,1.3945123997835904,4.2787843141
13355,1.3945826774452923,,0.0,1.3945826774452923,4.2784406623
13360,1.3946525529906622,,0.0,1.3946525529906622,4.2504703945
13365,1.3947224269217464,,0.0,1.3947224269217464,4.257597171
13370,1.3947926177303223,,0.0,1.3947926177303223,4.2571610389
13375,1.3948631905334978,,0.0,1.3948631905334978,4.2544803245
13380,1.39493396096164,,0.0,1.39493396096164,4.2406159707
13385,1.3950046890545673,,0.0,1.3950046890545673,4.2297649375
13390,1.3950753473466841,,0.0,1.3950753473466841,4.2121206557
13395,1.3951462958237346,,0.0,1.3951462958237346,4.2009273415
13400,1.3952182390646526,,0.0,1.3952182390646526,4.1835417592
13405,1.395291935692842,,0.0,1.395291935692842,4.1469056745
13410,1.3953678066049182,,0.0,1.3953678066049182,4.1020812207
13415,1.395445629415953,,0.0,1.395445629415953,4.0883041391
13420,1.3955244002902474,,0.0,1.3955244002902474,4.1030895021
13425,1.3956026326069506,,0.0,1.3956026326069506,4.1010252557
13430,1.3956787465031522,,0.0,1.3956787465031522,4.0825406288
13435,1.395751334344326,,0.0,1.395751334344326,4.0754053875
13440,1.3958193236989926,,0.0,1.3958193236989926,4.0737448782
13445,1.3958819573306693,,0.0,1.3958819573306693,4.0864945613
13450,1.3959387087320676,,0.0,1.3959387087320676,4.0835218148
13455,1.395989262139781,,0.0,1.395989262139781,4.086017782
13460,1.396033597977751,,0.0,1.396033597977751,4.0736384305
13465,1.396072116657078,,0.0,1.396072116657078,4.0352954315
13470,1.3961057327730109,,0.0,1.3961057327730109,3.9953283924
13475,1.396135821265103,,0.0,1.396135821265103,3.9669645315
13480,1.396163995941741,,0.0,1.396163995941741,3.9569878008
13485,1.396191797604665,,0.0,1.396191797604665,3.9487134633
13490,1.396220458545127,,0.0,1.396220458545127,3.9326827458
13495,1.396250748368222,,0.0,1.396250748368222,3.9387149535
13500,1.396282938842384,,0.0,1.396282938842384,3.925544043
13505,1.3963169480255535,,0.0,1.3963169480255535,3.9094755386
13510,1.3963526106694268,,0.0,1.3963526106694268,3.9017942917
13515,1.3963899061293341,,0.0,1.3963899061293341,3.9151874601
13520,1.396429017547142,,0.0,1.396429017547142,3.9343102824
13525,1.396470247226297,,0.0,1.396470247226297,3.9343175154
13530,1.3965139263909718,,0.0,1.3965139263909718,3.9238773275
13535,1.3965604158681588,,0.0,1.3965604158681588,3.9045168927
13540,1.3966101829140347,,0.0,1.3966101829140347,3.8907387898
13545,1.3966638472779476,,0.0,1.3966638472779476,3.8706020421
13550,1.3967221157897365,,0.0,1.3967221157897365,3.8419478788
13555,1.396785635323299,,0.0,1.396785635323299,3.7969621734
13560,1.3968547648185052,,0.0,1.3968547648185052,3.7429601641
13565,1.396929342164677,,0.0,1.396929342164677,3.6793853535
13570,1.3970085430983639,,0.0,1.3970085430983639,3.6646028819
13575,1.3970908023989101,,0.0,1.3970908023989101,3.6696678098
13580,1.3971736984101746,,0.0,1.3971736984101746,3.6554051916
13585,1.3972537967276402,,0.0,1.3972537967276402,3.6327980865
13590,1.3973266136155134,,0.0,1.3973266136155134,3.6374024692
13595,1.39738689380031,,0.0,1.39738689380031,3.6574705845
13600,1.3974292980202085,,0.0,1.3974292980202085,3.683976005
13605,1.3974494453989816,,0.0,1.3974494453989816,3.7239818953
13610,1.3974450588613858,,0.0,1.3974450588613858,3.7587869058
13615,1.397416814315728,,0.0,1.397416814315728,3.7526050541
13620,1.3973683531134238,,0.0,1.3973683531134238,3.7497866406
13625,1.3973061986972808,,0.0,1.3973061986972808,3.7444806842
13630,1.397238492092739,,0.0,1.397238492092739,3.743943032
13635,1.3971732394755279,,0.0,1.3971732394755279,3.7090818875
13640,1.397117038863915,,0.0,1.397117038863915,3.6835923576
13645,1.397074202060881,,0.0,1.397074202060881,3.6888599024
13650,1.3970460907279103,,0.0,1.3970460907279103,3.6982198894
13655,1.39703121356045,,0.0,1.39703121356045,3.6891829131
13660,1.3970268673345276,,0.0,1.3970268673345276,3.6929339343
13665,1.3970292427902624,,0.0,1.3970292427902624,3.7013611152
13670,1.3970335724413343,,0.0,1.3970335724413343,3.709003903
13675,1.3970347140142683,,0.0,1.3970347140142683,3.6965371052
13680,1.3970277425048232,,0.0,1.3970277425048232,3.692630104
13685,1.3970082231741918,,0.0,1.3970082231741918,3.6943179055
13690,1.3969743613684997,,0.0,1.3969743613684997,3.6739211596
13695,1.3969271841373305,,0.0,1.3969271841373305,3.6642341174
13700,1.3968705752023427,,0.0,1.3968705752023427,3.6690446448
13705,1.3968106942008798,,0.0,1.3968106942008798,3.6612237898
13710,1.3967543813395589,,0.0,1.3967543813395589,3.6385732431
13715,1.3967074087589102,,0.0,1.3967074087589102,3.6173942444
13720,1.3966730747632383,,0.0,1.3966730747632383,3.6401194631
13725,1.3966516861123275,,0.0,1.3966516861123275,3.6653870031
13730,1.396641089826317,,0.0,1.396641089826317,3.6673254193
13735,1.3966374833753066,,0.0,1.3966374833753066,3.6705146339
13740,1.3966362598375768,,0.0,1.3966362598375768,3.6931956884
13745,1.3966328898680755,,0.0,1.3966328898680755,3.7107415197
13750,1.396623714403715,,0.0,1.396623714403715,3.7258067696
13755,1.396606791572298,,0.0,1.396606791572298,3.7191930028
13760,1.3965821064132602,,0.0,1.3965821064132602,3.7314429685
13765,1.3965511638502706,,0.0,1.3965511638502706,3.7521389616
13770,1.3965162051941833,,0.0,1.3965162051941833,3.7426397534
13775,1.3964793744894464,,0.0,1.3964793744894464,3.7273951138
13780,1.3964421639045965,,0.0,1.3964421639045965,3.7115886246
13785,1.3964053151016687,,0.0,1.3964053151016687,3.6866135013
13790,1.3963689421720207,,0.0,1.3963689421720207,3.6821906771
13795,1.3963328685900847,,0.0,1.3963328685900847,3.6661667958
13800,1.3962967969634803,,0.0,1.3962967969634803,3.6725649094
13805,1.3962603386585737,,0.0,1.3962603386585737,3.6868034809
13810,1.396223058977742,,0.0,1.396223058977742,3.6981047302
13815,1.3961845709471097,,0.0,1.3961845709471097,3.7149955621
13820,1.3961445655787228,,0.0,1.3961445655787228,3.7575966314
13825,1.3961026303884416,,0.0,1.3961026303884416,3.8031540386
13830,1.3960578186317187,,0.0,1.3960578186317187,3.8276737229
13835,1.3960086218380041,,0.0,1.3960086218380041,3.8417956178
13840,1.3959535801244773,,0.0,1.3959535801244773,3.8615500656
13845,1.3958921569116158,,0.0,1.3958921569116158,3.8863174056
13850,1.3958253299791807,,0.0,1.3958253299791807,3.8989959733
13855,1.3957552100400274,,0.0,1.3957552100400274,3.873084447
13860,1.395684323178676,,0.0,1.395684323178676,3.8310053996
13865,1.3956147605091878,,0.0,1.3956147605091878,3.8018759219
13870,1.3955479438990874,,0.0,1.3955479438990874,3.7853184778
13875,1.3954847962424175,,0.0,1.3954847962424175,3.764931319
13880,1.395425843500792,,0.0,1.395425843500792,3.7828573715
13885,1.3953711933993709,,0.0,1.3953711933993709,3.8070632623
13890,1.395320514554826,,0.0,1.395320514554826,3.8019435428
13895,1.3952731390620707,,0.0,1.3952731390620707,3.8177068321
13900,1.395228206120227,,0.0,1.395228206120227,3.860668178
13905,1.3951848848950195,,0.0,1.3951848848950195,3.9135422051
13910,1.395142625710747,,0.0,1.395142625710747,3.9210923147
13915,1.3951010169017812,,0.0,1.3951010169017812,3.9304697707
13920,1.3950594102073026,,0.0,1.3950594102073026,3.9209855903
13925,1.3950169673809623,,0.0,1.3950169673809623,3.91519672
13930,1.3949730071031852,,0.0,1.3949730071031852,3.885367962
13935,1.394926864151782,,0.0,1.394926864151782,3.8526016321
13940,1.3948775653397487,,0.0,1.3948775653397487,3.831143021
13945,1.394823879512655,,0.0,1.394823879512655,3.8348946075
13950,1.394764758680673,,0.0,1.394764758680673,3.8575856194
13955,1.3946999337355308,,0.0,1.3946999337355308,3.8633399914
13960,1.3946302513587887,,0.0,1.3946302513587887,3.8783072898
13965,1.3945573828819775,,0.0,1.3945573828819775,3.8869304377
13970,1.39448313942014,,0.0,1.39448313942014,3.9282732412
13975,1.394408973762333,,0.0,1.394408973762333,3.9489345259
13980,1.3943360035627768,,0.0,1.3943360035627768,3.9645081034
13985,1.3942651911177295,,0.0,1.3942651911177295,3.9939712253
13990,1.3941966765517508,,0.0,1.3941966765517508,3.9917522119
13995,1.394130530734263,,0.0,1.394130530734263,3.9780511522
14000,1.3940667428427298,,0.0,1.3940667428427298,3.9929628909
14005,1.3940052611745315,,0.0,1.3940052611745315,3.9874377085
14010,1.393946087594054,,0.0,1.393946087594054,3.9604548879
14015,1.3938893457646886,,0.0,1.3938893457646886,3.9503109255
14020,1.393834818667302,,0.0,1.393834818667302,3.9204514031
14025,1.3937824600105422,,0.0,1.3937824600105422,3.898086102
14030,1.3937322800030616,,0.0,1.3937322800030616,3.8853974807
14035,1.3936845222428698,,0.0,1.3936845222428698,3.8981874929
14040,1.3936399712046803,,0.0,1.3936399712046803,3.9064127092
14045,1.3935998556328633,,0.0,1.3935998556328633,3.9258900692
14050,1.3935651256369566,,0.0,1.3935651256369566,3.9677392467
14055,1.3935354039742718,,0.0,1.3935354039742718,4.0124716878
14060,1.3935083749176507,,0.0,1.3935083749176507,4.0152388958
14065,1.3934801483110286,,0.0,1.3934801483110286,4.035359982
14070,1.393446439407764,,0.0,1.393446439407764,4.0210158869
14075,1.3934038370172248,,0.0,1.3934038370172248,3.9682555021
14080,1.3933510969797485,,0.0,1.3933510969797485,3.9113235414
14085,1.3932891717012508,,0.0,1.3932891717012508,3.8546644134
14090,1.3932203188628085,,0.0,1.3932203188628085,3.7979052913
14095,1.393147291708519,,0.0,1.393147291708519,3.7403641661
14100,1.3930728902967686,,0.0,1.3930728902967686,3.7422854916
14105,1.3929996549905501,,0.0,1.3929996549905501,3.7510708293
14110,1.3929296471192132,,0.0,1.3929296471192132,3.7575209703
14115,1.3928644954289726,,0.0,1.3928644954289726,3.7534151951
14120,1.3928052234452675,,0.0,1.3928052234452675,3.7843122227
14125,1.3927518009741318,,0.0,1.3927518009741318,3.8081464638
14130,1.392703087897762,,0.0,1.392703087897762,3.7870614535
14135,1.3926574426466023,,0.0,1.3926574426466023,3.7812029868
14140,1.392613627768234,,0.0,1.392613627768234,3.7811784243
14145,1.3925709857026412,,0.0,1.3925709857026412,3.8068731459
14150,1.3925290673600474,,0.0,1.3925290673600474,3.8286052134
14155,1.392487433745647,,0.0,1.392487433745647,3.8281943182
14160,1.3924457477237975,,0.0,1.3924457477237975,3.7979947493
14165,1.392404142552659,,0.0,1.392404142552659,3.7883816387
14170,1.3923633344976847,,0.0,1.3923633344976847,3.7840836229
14175,1.3923240952329845,,0.0,1.3923240952329845,3.7813573246
14180,1.392286692911901,,0.0,1.392286692911901,3.7886936108
14185,1.3922505460732182,,0.0,1.3922505460732182,3.7600958059
14190,1.3922143750429838,,0.0,1.3922143750429838,3.7741988617
14195,1.392176739900955,,0.0,1.392176739900955,3.7865407482
14200,1.3921367349418237,,0.0,1.3921367349418237,3.8103817038
14205,1.3920944162108662,,0.0,1.3920944162108662,3.8306628316
14210,1.392050625637731,,0.0,1.392050625637731,3.8228943561
14215,1.3920064042549016,,0.0,1.3920064042549016,3.8253788552
14220,1.3919623629445221,,0.0,1.3919623629445221,3.8122228451
14225,1.391918442637372,,0.0,1.391918442637372,3.7751023134
14230,1.3918741367887408,,0.0,1.3918741367887408,3.7381986506
14235,1.391829005903621,,0.0,1.391829005903621,3.6978529592
14240,1.3917831234888596,,0.0,1.3917831234888596,3.6436997901
14245,1.3917371571539705,,0.0,1.3917371571539705,3.6003602624
14250,1.3916920786535631,,0.0,1.3916920786535631,3.5711649918
14255,1.3916487301673874,,0.0,1.3916487301673874,3.5553133947
14260,1.3916075978001121,,0.0,1.3916075978001121,3.5534452066
14265,1.3915685758046457,,0.0,1.3915685758046457,3.5639604188
14270,1.3915309730392795,,0.0,1.3915309730392795,3.5697655826
14275,1.3914935550073295,,0.0,1.3914935550073295,3.6067523289
14280,1.391454852936035,,0.0,1.391454852936035,3.6207128063
14285,1.3914135938586887,,0.0,1.3914135938586887,3.6245790514
14290,1.391369304425753,,0.0,1.391369304425753,3.6123191297
14295,1.3913226880111307,,0.0,1.3913226880111307,3.6550986267
14300,1.3912755844232274,,0.0,1.3912755844232274,3.6982479046
14305,1.3912303736650624,,0.0,1.3912303736650624,3.7070615782
14310,1.391189063658134,,0.0,1.391189063658134,3.6928188704
14315,1.391152674176372,,0.0,1.391152674176372,3.6789665764
14320,1.3911211776404984,,0.0,1.3911211776404984,3.6820025188
14325,1.391093716319052,,0.0,1.391093716319052,3.6916053443
14330,1.3910688577720718,,0.0,1.3910688577720718,3.6988371146
14335,1.391044740364189,,0.0,1.391044740364189,3.6902072926
14340,1.3910194794507764,,0.0,1.3910194794507764,3.6969417874
14345,1.390991628995494,,0.0,1.390991628995494,3.7324971779
14350,1.3909604056149754,,0.0,1.3909604056149754,3.7562897898
14355,1.3909256269858654,,0.0,1.3909256269858654,3.7549004936
14360,1.3908874730669314,,0.0,1.3908874730669314,3.7712796919
14365,1.3908461950046738,,0.0,1.3908461950046738,3.803040105
14370,1.3908020086814046,,0.0,1.3908020086814046,3.8045391334
14375,1.3907551978703876,,0.0,1.3907551978703876,3.773990209
14380,1.3907062670927919,,0.0,1.3907062670927919,3.726521735
14385,1.3906559759042159,,0.0,1.3906559759042159,3.7036308339
14390,1.3906051747149926,,0.0,1.3906051747149926,3.6804634024
14395,1.3905545303615976,,0.0,1.3905545303615976,3.6656217714
14400,1.390504287988116,,0.0,1.390504287988116,3.6537073869
14405,1.390454266976424,,0.0,1.390454266976424,3.6410196848
14410,1.3904040364940904,,0.0,1.3904040364940904,3.627982551
14415,1.3903529760187283,,0.0,1.3903529760187283,3.6310799999
14420,1.3903003631915245,,0.0,1.3903003631915245,3.6347485962
14425,1.3902453386667313,,0.0,1.3902453386667313,3.6565776556
14430,1.3901871639881496,,0.0,1.3901871639881496,3.6693562288
14435,1.3901254708030317,,0.0,1.3901254708030317,3.6646027468
14440,1.3900604765852393,,0.0,1.3900604765852393,3.6514734787
14445,1.389992987363613,,0.0,1.389992987363613,3.7040087101
14450,1.3899246006445265,,0.0,1.3899246006445265,3.7505808821
14455,1.3898577007054453,,0.0,1.3898577007054453,3.756218979
14460,1.3897952068800181,,0.0,1.3897952068800181,3.7167857083
14465,1.389740161051199,,0.0,1.389740161051199,3.6767980656
14470,1.3896948799465492,,0.0,1.3896948799465492,3.676620586
14475,1.3896604884959427,,0.0,1.3896604884959427,3.6537218296
14480,1.3896364500061753,,0.0,1.3896364500061753,3.6233590839
14485,1.3896204618690027,,0.0,1.3896204618690027,3.6032164355
14490,1.3896093546274157,,0.0,1.3896093546274157,3.5939189829
14495,1.3895992036341995,,0.0,1.3895992036341995,3.5983533947
14500,1.3895858647902097,,0.0,1.3895858647902097,3.5886951969
14505,1.3895654300230824,,0.0,1.3895654300230824,3.5783185988
14510,1.3895348641571066,,0.0,1.3895348641571066,3.5885884418
14515,1.3894927283406513,,0.0,1.3894927283406513,3.5948656602
14520,1.3894393414292772,,0.0,1.3894393414292772,3.5968730038
14525,1.3893768294829227,,0.0,1.3893768294829227,3.570339118
14530,1.3893085935745129,,0.0,1.3893085935745129,3.5228657774
14535,1.3892388529243254,,0.0,1.3892388529243254,3.5150058162
14540,1.3891715960461797,,0.0,1.3891715960461797,3.4978219903
14545,1.3891102745787998,,0.0,1.3891102745787998,3.4806373447
14550,1.389057000076288,,0.0,1.389057000076288,3.4493912546
14555,1.3890123209183693,,0.0,1.3890123209183693,3.4259241746
14560,1.3889754575413962,,0.0,1.3889754575413962,3.4196335635
14565,1.3889448676657603,,0.0,1.3889448676657603,3.4129641191
14570,1.3889189712921328,,0.0,1.3889189712921328,3.4201978907
14575,1.3888967560813934,,0.0,1.3888967560813934,3.4343376379
14580,1.388877965066518,,0.0,1.388877965066518,3.4365918685
14585,1.3888629702608182,,0.0,1.3888629702608182,3.4079520544
14590,1.3888524835188816,,0.0,1.3888524835188816,3.3712313847
14595,1.388847160695492,,0.0,1.388847160695492,3.4076631809
14600,1.3888474432409887,,0.0,1.3888474432409887,3.4427653158
14605,1.3888534543185616,,0.0,1.3888534543185616,3.4351570951
14610,1.3888649847076693,,0.0,1.3888649847076693,3.3981166824
14615,1.3888819211354655,,0.0,1.3888819211354655,3.3375020252
14620,1.3889043253768047,,0.0,1.3889043253768047,3.2688018605
14625,1.3889325119900633,,0.0,1.3889325119900633,3.26549354
14630,1.3889671210964225,,0.0,1.3889671210964225,3.2419586923
14635,1.3890090367561185,,0.0,1.3890090367561185,3.1903684121
14640,1.3890587641724135,,0.0,1.3890587641724135,3.1968945381
14645,1.3891152587886795,,0.0,1.3891152587886795,3.2117859277
14650,1.389175685509706,,0.0,1.389175685509706,3.1993971441
14655,1.3892357979906653,,0.0,1.3892357979906653,3.1996661524
14660,1.389290571187067,,0.0,1.389290571187067,3.217518321
14665,1.389334848728855,,0.0,1.389334848728855,3.2427142765
14670,1.389364176142009,,0.0,1.389364176142009,3.2509518557
14675,1.3893753561174054,,0.0,1.3893753561174054,3.2477417026
14680,1.3893668462844895,,0.0,1.3893668462844895,3.2313418075
14685,1.389339718028866,,0.0,1.389339718028866,3.2421024486
14690,1.3892980296879016,,0.0,1.3892980296879016,3.2319227506
14695,1.3892481539846724,,0.0,1.3892481539846724,3.2198344452
14700,1.3891980719256913,,0.0,1.3891980719256913,3.1990493193
14705,1.3891558305212997,,0.0,1.3891558305212997,3.1691123793
14710,1.3891288588286672,,0.0,1.3891288588286672,3.1441383322
14715,1.3891220817156171,,0.0,1.3891220817156171,3.1642208267
14720,1.3891362417536404,,0.0,1.3891362417536404,3.1773254799
14725,1.3891686164837536,,0.0,1.3891686164837536,3.2058812014
14730,1.3892142842894424,,0.0,1.3892142842894424,3.227646127
14735,1.3892669227633285,,0.0,1.3892669227633285,3.2040238075
14740,1.389320434111132,,0.0,1.389320434111132,3.196490503
14745,1.3893701464759165,,0.0,1.3893701464759165,3.2451988764
14750,1.3894129593602362,,0.0,1.3894129593602362,3.2903271744
14755,1.389448026105266,,0.0,1.389448026105266,3.3015637486
14760,1.389475968370214,,0.0,1.389475968370214,3.2943463164
14765,1.389498077060824,,0.0,1.389498077060824,3.2447026781
14770,1.3895158327955308,,0.0,1.3895158327955308,3.2087678677
14775,1.3895306179486977,,0.0,1.3895306179486977,3.2064450246
14780,1.3895435967614698,,0.0,1.3895435967614698,3.2192236032
14785,1.3895556095719466,,0.0,1.3895556095719466,3.2063075959
14790,1.3895672583268592,,0.0,1.3895672583268592,3.1978660293
14795,1.3895791222137823,,0.0,1.3895791222137823,3.2210022197
14800,1.3895918420132525,,0.0,1.3895918420132525,3.2269000319
14805,1.389606119075632,,0.0,1.389606119075632,3.2603687984
14810,1.3896225739687795,,0.0,1.3896225739687795,3.2761472752
14815,1.3896416049893092,,0.0,1.3896416049893092,3.3200487387
14820,1.3896632792551336,,0.0,1.3896632792551336,3.3523186597
14825,1.3896872892106933,,0.0,1.3896872892106933,3.3252259154
14830,1.3897129937344053,,0.0,1.3897129937344053,3.3106304465
14835,1.3897394998306198,,0.0,1.3897394998306198,3.2947989402
14840,1.3897657608736946,,0.0,1.3897657608736946,3.2724839659
14845,1.3897907309882898,,0.0,1.3897907309882898,3.2669102737
14850,1.389813590344557,,0.0,1.389813590344557,3.2783675323
14855,1.3898339876647998,,0.0,1.3898339876647998,3.2915488698
14860,1.3898521817122202,,0.0,1.3898521817122202,3.284276068
14865,1.3898689866098242,,0.0,1.3898689866098242,3.2812861505
14870,1.389885537768976,,0.0,1.389885537768976,3.2800283278
14875,1.3899029618702545,,0.0,1.3899029618702545,3.291844322
14880,1.3899221788974396,,0.0,1.3899221788974396,3.3056122588
14885,1.389943745551786,,0.0,1.389943745551786,3.3019621795
14890,1.3899677128310846,,0.0,1.3899677128310846,3.3193404526
14895,1.3899936440369083,,0.0,1.3899936440369083,3.3481591095
14900,1.3900208426617529,,0.0,1.3900208426617529,3.37956166
14905,1.390048569362699,,0.0,1.390048569362699,3.4077671167
14910,1.3900761713771153,,0.0,1.3900761713771153,3.4206578046
14915,1.3901032548419905,,0.0,1.3901032548419905,3.378947342
14920,1.3901297475009804,,0.0,1.3901297475009804,3.3238016531
14925,1.390155874194547,,0.0,1.390155874194547,3.3339305389
14930,1.3901820512265484,,0.0,1.3901820512265484,3.3519848069
14935,1.390208691535853,,0.0,1.390208691535853,3.3364664552
14940,1.3902360115504464,,0.0,1.3902360115504464,3.3322158585
14945,1.3902639489498005,,0.0,1.3902639489498005,3.357579281
14950,1.390292215481577,,0.0,1.390292215481577,3.3687380733
14955,1.390320406278337,,0.0,1.390320406278337,3.4055821525
14960,1.3903481259764654,,0.0,1.3903481259764654,3.4412148886
14965,1.3903750094063136,,0.0,1.3903750094063136,3.4820119331
14970,1.3904006819171455,,0.0,1.3904006819171455,3.4973588619
14975,1.390424961003714,,0.0,1.390424961003714,3.4840636041
14980,1.390448089445517,,0.0,1.390448089445517,3.4653586698
14985,1.3904707182317444,,0.0,1.3904707182317444,3.4601382852
14990,1.3904937431091522,,0.0,1.3904937431091522,3.4706164981
14995,1.3905180759218825,,0.0,1.3905180759218825,3.458866883
15000,1.390544411085688,,0.0,1.390544411085688,3.4397525102
15005,1.3905731358472821,,0.0,1.3905731358472821,3.4459181294
15010,1.39060419707165,,0.0,1.39060419707165,3.4680237943
15015,1.390637513544298,,0.0,1.390637513544298,3.4810949409
15020,1.3906727770048375,,0.0,1.3906727770048375,3.4618820357
15025,1.3907095674206376,,0.0,1.3907095674206376,3.4814442624
15030,1.390747378565297,,0.0,1.390747378565297,3.5007203009
15035,1.3907857094872642,,0.0,1.3907857094872642,3.4958301276
15040,1.3908241846036096,,0.0,1.3908241846036096,3.5149179934
15045,1.3908626431223683,,0.0,1.3908626431223683,3.5399823676
15050,1.3909011330401235,,0.0,1.3909011330401235,3.5534276163
15055,1.390939872535566,,0.0,1.390939872535566,3.5519091923
15060,1.390979180305101,,0.0,1.390979180305101,3.5451869017
15065,1.3910193969175702,,0.0,1.3910193969175702,3.5145691679
15070,1.3910608172416106,,0.0,1.3910608172416106,3.4713573457
15075,1.3911036614112444,,0.0,1.3911036614112444,3.4585965047
15080,1.3911480654584758,,0.0,1.3911480654584758,3.4626826141
15085,1.3911940659434683,,0.0,1.3911940659434683,3.4642040752
15090,1.3912415783094745,,0.0,1.3912415783094745,3.4527267287
15095,1.3912903783981254,,0.0,1.3912903783981254,3.4402111504
15100,1.3913401077242797,,0.0,1.3913401077242797,3.4528791434
15105,1.3913902999639542,,0.0,1.3913902999639542,3.4692030457
15110,1.3914404251311885,,0.0,1.3914404251311885,3.4913933003
15115,1.3914899479424359,,0.0,1.3914899479424359,3.5057536546
15120,1.3915383912057042,,0.0,1.3915383912057042,3.5215883476
15125,1.3915853765187483,,0.0,1.3915853765187483,3.5096807662
15130,1.3916306274749046,,0.0,1.3916306274749046,3.4687685751
15135,1.3916739562258675,,0.0,1.3916739562258675,3.457591036
15140,1.3917152648004012,,0.0,1.3917152648004012,3.4429374293
15145,1.3917545399886457,,0.0,1.3917545399886457,3.4332973707
15150,1.3917918412690766,,0.0,1.3917918412690766,3.4126259099
15155,1.3918273595366801,,0.0,1.3918273595366801,3.4078454673
15160,1.3918613506443955,,0.0,1.3918613506443955,3.4097096434
15165,1.3918940803809776,,0.0,1.3918940803809776,3.4162798004
15170,1.3919258573705975,,0.0,1.3919258573705975,3.4161522901
15175,1.3919571032146991,,0.0,1.3919571032146991,3.441214359
15180,1.3919883479901893,,0.0,1.3919883479901893,3.4776818029
15185,1.3920201195912776,,0.0,1.3920201195912776,3.4658884577
15190,1.3920528148821827,,0.0,1.3920528148821827,3.4388163653
15195,1.3920866345345513,,0.0,1.3920866345345513,3.4409637406
15200,1.3921216485083496,,0.0,1.3921216485083496,3.4335912536
15205,1.3921579022991544,,0.0,1.3921579022991544,3.4638457216
15210,1.3921954487236705,,0.0,1.3921954487236705,3.4725392975
15215,1.3922342927384377,,0.0,1.3922342927384377,3.452475923
15220,1.3922743388050172,,0.0,1.3922743388050172,3.4183199652
15225,1.3923154181054873,,0.0,1.3923154181054873,3.386141815
15230,1.3923573768279636,,0.0,1.3923573768279636,3.3856559181
15235,1.3924001536523203,,0.0,1.3924001536523203,3.3814995312
15240,1.3924438065791658,,0.0,1.3924438065791658,3.3807901264
15245,1.3924885170678718,,0.0,1.3924885170678718,3.3896025925
15250,1.392534630234564,,0.0,1.392534630234564,3.3956848009
15255,1.3925826887975985,,0.0,1.3925826887975985,3.4168393059
15260,1.3926333442236305,,0.0,1.3926333442236305,3.4487162168
15265,1.3926871619219627,,0.0,1.3926871619219627,3.4810567642
15270,1.3927443218741,,0.0,1.3927443218741,3.5058949074
15275,1.3928044263518395,,0.0,1.3928044263518395,3.5210944056
15280,1.3928666191925332,,0.0,1.3928666191925332,3.5110007261
15285,1.3929299221616913,,0.0,1.3929299221616913,3.4884902627
15290,1.3929935579465715,,0.0,1.3929935579465715,3.4647383792
15295,1.3930570670441174,,0.0,1.3930570670441174,3.4572365422
15300,1.3931201810281486,,0.0,1.3931201810281486,3.4273316141
15305,1.3931825963674525,,0.0,1.3931825963674525,3.4102158255
15310,1.3932438101096725,,0.0,1.3932438101096725,3.4169751754
15315,1.3933031312267823,,0.0,1.3933031312267823,3.4106625978
15320,1.3933598528207334,,0.0,1.3933598528207334,3.4193095489
15325,1.3934134558190476,,0.0,1.3934134558190476,3.4283561259
15330,1.393463762695754,,0.0,1.393463762695754,3.444726274
15335,1.3935109888556998,,0.0,1.3935109888556998,3.4346723874
15340,1.3935557277194583,,0.0,1.3935557277194583,3.4447652484
15345,1.393598882764169,,0.0,1.393598882764169,3.4472997243
15350,1.3936415400404272,,0.0,1.3936415400404272,3.4323987612
15355,1.3936847761177402,,0.0,1.3936847761177402,3.4256442861
15360,1.3937294179879294,,0.0,1.3937294179879294,3.4205949891
15365,1.39377582988845,,0.0,1.39377582988845,3.3759423807
15370,1.3938238301325658,,0.0,1.3938238301325658,3.3362611406
15375,1.393872811339542,,0.0,1.393872811339542,3.2907224475
15380,1.3939220167730966,,0.0,1.3939220167730966,3.2758119965
15385,1.3939708209543031,,0.0,1.3939708209543031,3.2744080531
15390,1.3940188910674391,,0.0,1.3940188910674391,3.2811282346
15395,1.3940661956680356,,0.0,1.3940661956680356,3.2855657395
15400,1.3941129498426295,,0.0,1.3941129498426295,3.3002917392
15405,1.3941595885844165,,0.0,1.3941595885844165,3.3261472485
15410,1.394206759995062,,0.0,1.394206759995062,3.3580557223
15415,1.3942552284275476,,0.0,1.3942552284275476,3.3826350399
15420,1.394305617655569,,0.0,1.394305617655569,3.4094499233
15425,1.3943581050914142,,0.0,1.3943581050914142,3.4298514245
15430,1.394412222455768,,0.0,1.394412222455768,3.4253847041
15435,1.3944669108680576,,0.0,1.3944669108680576,3.409825998
15440,1.3945208384742465,,0.0,1.3945208384742465,3.3880811466
15445,1.394572818410451,,0.0,1.394572818410451,3.356708899
15450,1.3946221006931065,,0.0,1.3946221006931065,3.3312758794
15455,1.394668451705493,,0.0,1.394668451705493,3.3026997643
15460,1.3947120566130187,,0.0,1.3947120566130187,3.3094169246
15465,1.39475334201914,,0.0,1.39475334201914,3.3175476577
15470,1.3947927976663537,,0.0,1.3947927976663537,3.3384170761
15475,1.39483081869091,,0.0,1.39483081869091,3.3455376978
15480,1.3948674300801358,,0.0,1.3948674300801358,3.3647193225
15485,1.3949022992229354,,0.0,1.3949022992229354,3.3775652253
15490,1.3949348711232867,,0.0,1.3949348711232867,3.3808717628
15495,1.3949644823097047,,0.0,1.3949644823097047,3.3892353854
15500,1.3949906643891914,,0.0,1.3949906643891914,3.3893725838
15505,1.39501337186617,,0.0,1.39501337186617,3.391995218
15510,1.3950329204585743,,0.0,1.3950329204585743,3.3988649468
15515,1.395049736201451,,0.0,1.395049736201451,3.3723479607
15520,1.3950640951604165,,0.0,1.3950640951604165,3.3057392135
15525,1.3950760335318528,,0.0,1.3950760335318528,3.2691969441
15530,1.3950854738300387,,0.0,1.3950854738300387,3.2485442146
15535,1.3950924890843568,,0.0,1.3950924890843568,3.2341758588
15540,1.3950974557417204,,0.0,1.3950974557417204,3.2353472463
15545,1.3951009738390008,,0.0,1.3951009738390008,3.2439408878
15550,1.3951036992309829,,0.0,1.3951036992309829,3.2263019974
15555,1.3951062027155012,,0.0,1.3951062027155012,3.2233208333
15560,1.395108943454567,,0.0,1.395108943454567,3.2335810824
15565,1.3951122840486132,,0.0,1.3951122840486132,3.2577589321
15570,1.39511647380249,,0.0,1.39511647380249,3.2855779362
15575,1.3951215685568463,,0.0,1.3951215685568463,3.3069224894
15580,1.3951274280279675,,0.0,1.3951274280279675,3.3051540949
15585,1.3951338580468233,,0.0,1.3951338580468233,3.2858413611
15590,1.3951406787910645,,0.0,1.3951406787910645,3.2507356917
15595,1.395147774168528,,0.0,1.395147774168528,3.2171150842
15600,1.3951550726049629,,0.0,1.3951550726049629,3.203551328
15605,1.3951624736281265,,0.0,1.3951624736281265,3.1987310544
15610,1.3951697749748229,,0.0,1.3951697749748229,3.1959723831
15615,1.3951767092192748,,0.0,1.3951767092192748,3.2189438128
15620,1.3951831690683143,,0.0,1.3951831690683143,3.2375616996
15625,1.3951891318764666,,0.0,1.3951891318764666,3.2444399013
15630,1.3951946549622474,,0.0,1.3951946549622474,3.2511066055
15635,1.3951998958435778,,0.0,1.3951998958435778,3.2903374948
15640,1.395205089887882,,0.0,1.395205089887882,3.30172205
15645,1.3952104870366302,,0.0,1.3952104870366302,3.3107587561
15650,1.3952163540789795,,0.0,1.3952163540789795,3.3379569151
15655,1.395223023330451,,0.0,1.395223023330451,3.3452131989
15660,1.3952308974530512,,0.0,1.3952308974530512,3.3621874586
15665,1.3952404008902768,,0.0,1.3952404008902768,3.3665415851
15670,1.3952518042510036,,0.0,1.3952518042510036,3.3112926311
15675,1.395265091210482,,0.0,1.395265091210482,3.2711004095
15680,1.3952799377292477,,0.0,1.3952799377292477,3.2511727449
15685,1.3952957859010158,,0.0,1.3952957859010158,3.2357821756
15690,1.395311962363959,,0.0,1.395311962363959,3.2164149395
15695,1.3953277815467913,,0.0,1.3953277815467913,3.2363266483
15700,1.3953425289802366,,0.0,1.3953425289802366,3.2313899538
15705,1.3953556139266192,,0.0,1.3953556139266192,3.2371778729
15710,1.3953667813287747,,0.0,1.3953667813287747,3.2498553722
15715,1.3953762140329962,,0.0,1.3953762140329962,3.2785243202
15720,1.3953845104163969,,0.0,1.3953845104163969,3.2939827519
15725,1.3953925035186854,,0.0,1.3953925035186854,3.3079422812
15730,1.395400999823431,,0.0,1.395400999823431,3.3230380922
15735,1.395410548437924,,0.0,1.395410548437924,3.312410239
15740,1.3954213131326005,,0.0,1.3954213131326005,3.2784729426
15745,1.3954331003523135,,0.0,1.3954331003523135,3.2594715312
15750,1.3954455176437102,,0.0,1.3954455176437102,3.2234371599
15755,1.3954579973465806,,0.0,1.3954579973465806,3.2140756852
15760,1.395469930852423,,0.0,1.395469930852423,3.209375909
15765,1.3954808180964058,,0.0,1.3954808180964058,3.2169312673
15770,1.3954905097002468,,0.0,1.3954905097002468,3.2357116935
15775,1.3954993121508938,,0.0,1.3954993121508938,3.2386194638
15780,1.3955079466476028,,0.0,1.3955079466476028,3.2365137129
15785,1.3955173272854213,,0.0,1.3955173272854213,3.2420817691
15790,1.3955282621167322,,0.0,1.3955282621167322,3.2497717532
15795,1.3955411867031415,,0.0,1.3955411867031415,3.2573601664
15800,1.3955560041420254,,0.0,1.3955560041420254,3.2795649673
15805,1.3955720472331261,,0.0,1.3955720472331261,3.2944069029
15810,1.3955882243554254,,0.0,1.3955882243554254,3.317213613
15815,1.3956033871832723,,0.0,1.3956033871832723,3.3320293121
15820,1.3956165280157764,,0.0,1.3956165280157764,3.3196684103
15825,1.3956269283138427,,0.0,1.3956269283138427,3.278278011
15830,1.3956342794078271,,0.0,1.3956342794078271,3.2565711382
15835,1.3956387255148444,,0.0,1.3956387255148444,3.2441731884
15840,1.3956409219440047,,0.0,1.3956409219440047,3.2388105524
15845,1.3956417971597732,,0.0,1.3956417971597732,3.2486494049
15850,1.3956423263272226,,0.0,1.3956423263272226,3.2582831691
15855,1.3956434077623245,,0.0,1.3956434077623245,3.2673743356
15860,1.3956457174188588,,0.0,1.3956457174188588,3.2742620691
15865,1.3956496545711046,,0.0,1.3956496545711046,3.297807397
15870,1.395655307368164,,0.0,1.395655307368164,3.3260520771
15875,1.3956625612866875,,0.0,1.3956625612866875,3.3404548478
15880,1.3956710492699032,,0.0,1.3956710492699032,3.3534478688
15885,1.395680081290187,,0.0,1.395680081290187,3.3525932221
15890,1.3956887169009806,,0.0,1.3956887169009806,3.3284769019
15895,1.3956961165144863,,0.0,1.3956961165144863,3.2986021991
15900,1.395701435177111,,0.0,1.395701435177111,3.2787682527
15905,1.395703793444112,,0.0,1.395703793444112,3.2325720322
15910,1.3957024032938934,,0.0,1.3957024032938934,3.2187585659
15915,1.39569656123887,,0.0,1.39569656123887,3.2247042354
15920,1.3956856694021305,,0.0,1.3956856694021305,3.2362995733
15925,1.395669245089468,,0.0,1.395669245089468,3.2448140406
15930,1.3956469908630313,,0.0,1.3956469908630313,3.2326837606
15935,1.3956188013849837,,0.0,1.3956188013849837,3.2335337821
15940,1.3955846385263484,,0.0,1.3955846385263484,3.2359081278
15945,1.3955444487428552,,0.0,1.3955444487428552,3.2236774311
15950,1.395498197043153,,0.0,1.395498197043153,3.2344670672
15955,1.3954458913849894,,0.0,1.3954458913849894,3.242988459
15960,1.3953878395058146,,0.0,1.3953878395058146,3.2637979696
15965,1.395324723566451,,0.0,1.395324723566451,3.2861555077
15970,1.395257619977252,,0.0,1.395257619977252,3.2789118212
15975,1.3951880282506184,,0.0,1.3951880282506184,3.2022274123
15980,1.395117941779476,,0.0,1.395117941779476,3.1729630078
15985,1.3950499443761164,,0.0,1.3950499443761164,3.167014354
15990,1.3949870656685641,,0.0,1.3949870656685641,3.1619207952
15995,1.3949321488461945,,0.0,1.3949321488461945,3.187053898
16000,1.3948874029114091,,0.0,1.3948874029114091,3.2098106043
16005,1.3948537655596596,,0.0,1.3948537655596596,3.2176918311
16010,1.394830845565359,,0.0,1.394830845565359,3.2465477505
16015,1.3948171026497052,,0.0,1.3948171026497052,3.2794323252
16020,1.3948101375519306,,0.0,1.3948101375519306,3.3241512432
16025,1.3948070348490516,,0.0,1.3948070348490516,3.32947825
16030,1.394804778600369,,0.0,1.394804778600369,3.3314578139
16035,1.3948005571746585,,0.0,1.3948005571746585,3.3162702203
16040,1.3947919990495856,,0.0,1.3947919990495856,3.2900551266
16045,1.3947772221952122,,0.0,1.3947772221952122,3.2665663449
16050,1.3947551868750312,,0.0,1.3947551868750312,3.2457755907
16055,1.394725835133907,,0.0,1.394725835133907,3.2296281021
16060,1.3946894254622035,,0.0,1.3946894254622035,3.2322991864
16065,1.3946464912336083,,0.0,1.3946464912336083,3.2296282073
16070,1.394598154354051,,0.0,1.394598154354051,3.2332698192
16075,1.3945459024902582,,0.0,1.3945459024902582,3.2611490837
16080,1.3944913013403502,,0.0,1.3944913013403502,3.2630299728
16085,1.3944358287489194,,0.0,1.3944358287489194,3.2794193686
16090,1.3943805024663543,,0.0,1.3943805024663543,3.2984128891
16095,1.3943258521148325,,0.0,1.3943258521148325,3.2908581545
16100,1.3942720617229407,,0.0,1.3942720617229407,3.3144885725
16105,1.3942192605927028,,0.0,1.3942192605927028,3.3439588978
16110,1.394167714171827,,0.0,1.394167714171827,3.3698437857
16115,1.3941177484096363,,0.0,1.3941177484096363,3.4012804394
16120,1.394069672885232,,0.0,1.394069672885232,3.4141639958
16125,1.3940236644424926,,0.0,1.3940236644424926,3.3771298888
16130,1.393979721558077,,0.0,1.393979721558077,3.3441868035
16135,1.3939376597259339,,0.0,1.3939376597259339,3.3468979028
16140,1.393897178961732,,0.0,1.393897178961732,3.3447555403
16145,1.393857931807494,,0.0,1.393857931807494,3.315771584
16150,1.3938196024316034,,0.0,1.3938196024316034,3.3260545991
16155,1.3937819892302203,,0.0,1.3937819892302203,3.3473779447
16160,1.3937451129844332,,0.0,1.3937451129844332,3.3742971783
16165,1.3937092382779663,,0.0,1.3937092382779663,3.3852179519
16170,1.3936748293430525,,0.0,1.3936748293430525,3.413570421
16175,1.3936423918604188,,0.0,1.3936423918604188,3.4532464548
16180,1.3936123044824116,,0.0,1.3936123044824116,3.4744954762
16185,1.393584690508638,,0.0,1.393584690508638,3.4943444555
16190,1.3935591789943993,,0.0,1.3935591789943993,3.4897137411
16195,1.3935351384356174,,0.0,1.3935351384356174,3.4754990549
16200,1.3935118580917896,,0.0,1.3935118580917896,3.4546701513
16205,1.3934887689385211,,0.0,1.3934887689385211,3.4498651405
16210,1.3934653035429672,,0.0,1.3934653035429672,3.4315442254
16215,1.3934409129342564,,0.0,1.3934409129342564,3.4201300324
16220,1.3934150054652554,,0.0,1.3934150054652554,3.441052664
16225,1.3933869618186088,,0.0,1.3933869618186088,3.4610762372
16230,1.3933561525592522,,0.0,1.3933561525592522,3.4724107811
16235,1.3933220438587703,,0.0,1.3933220438587703,3.4788256134
16240,1.3932842671825245,,0.0,1.3932842671825245,3.4923419406
16245,1.3932424911471863,,0.0,1.3932424911471863,3.4895059562
16250,1.3931966253300119,,0.0,1.3931966253300119,3.5042558888
16255,1.3931469937249927,,0.0,1.3931469937249927,3.5192700172
16260,1.3930942128756418,,0.0,1.3930942128756418,3.5305614679
16265,1.3930392362110136,,0.0,1.3930392362110136,3.5544071284
16270,1.3929831745416656,,0.0,1.3929831745416656,3.5767587802
16275,1.3929272005212188,,0.0,1.3929272005212188,3.5637708905
16280,1.392872491623414,,0.0,1.392872491623414,3.5343421483
16285,1.3928201521107202,,0.0,1.3928201521107202,3.5060238868
16290,1.3927711520325152,,0.0,1.3927711520325152,3.5017048186
16295,1.3927261815983143,,0.0,1.3927261815983143,3.4574017731
16300,1.3926855202614612,,0.0,1.3926855202614612,3.4386321921
16305,1.3926490144146995,,0.0,1.3926490144146995,3.4764301672
16310,1.3926160998537556,,0.0,1.3926160998537556,3.5155168698
16315,1.3925859179604483,,0.0,1.3925859179604483,3.5312246215
16320,1.3925574513026993,,0.0,1.3925574513026993,3.5232950424
16325,1.3925296495033566,,0.0,1.3925296495033566,3.5758944823
16330,1.3925011940091896,,0.0,1.3925011940091896,3.5959323581
16335,1.3924703897291093,,0.0,1.3924703897291093,3.6162885528
16340,1.3924356755122782,,0.0,1.3924356755122782,3.6070971954
16345,1.3923959227682587,,0.0,1.3923959227682587,3.5918434123
16350,1.3923507190356479,,0.0,1.3923507190356479,3.562539384
16355,1.3923003867396233,,0.0,1.3923003867396233,3.5545801346
16360,1.3922457215184827,,0.0,1.3922457215184827,3.5322644514
16365,1.3921877495578254,,0.0,1.3921877495578254,3.5241004466
16370,1.3921274192846946,,0.0,1.3921274192846946,3.531443767
16375,1.3920655004633402,,0.0,1.3920655004633402,3.5415717933
16380,1.3920027381662603,,0.0,1.3920027381662603,3.5642901096
16385,1.391939765329927,,0.0,1.391939765329927,3.5814922403
16390,1.3918770816099164,,0.0,1.3918770816099164,3.5938134906
16395,1.3918150727296008,,0.0,1.3918150727296008,3.606323248
16400,1.3917537462374716,,0.0,1.3917537462374716,3.6108448721
16405,1.3916927335306812,,0.0,1.3916927335306812,3.6135422401
16410,1.391631488571356,,0.0,1.391631488571356,3.6208391192
16415,1.3915695652936633,,0.0,1.3915695652936633,3.6442363448
16420,1.3915065420279495,,0.0,1.3915065420279495,3.6639710004
16425,1.3914420732488333,,0.0,1.3914420732488333,3.6495539745
16430,1.3913759529643457,,0.0,1.3913759529643457,3.6182085038
16435,1.391308086477295,,0.0,1.391308086477295,3.5834343587
16440,1.3912387667009865,,0.0,1.3912387667009865,3.5667372576
16445,1.3911688598930383,,0.0,1.3911688598930383,3.5138469818
16450,1.391099804859609,,0.0,1.391099804859609,3.4631737658
16455,1.391033426494013,,0.0,1.391033426494013,3.4947742867
16460,1.3909716548000353,,0.0,1.3909716548000353,3.524419506
16465,1.390916307690909,,0.0,1.390916307690909,3.5288613105
16470,1.3908687321176538,,0.0,1.3908687321176538,3.5074469526
16475,1.390829430782526,,0.0,1.390829430782526,3.5364980754
16480,1.3907978723126428,,0.0,1.3907978723126428,3.5601404638
16485,1.3907724874175296,,0.0,1.3907724874175296,3.5783238253
16490,1.3907511273008266,,0.0,1.3907511273008266,3.5738085913
16495,1.3907316115625499,,0.0,1.3907316115625499,3.5622438066
16500,1.3907121557802136,,0.0,1.3907121557802136,3.5377395588
16505,1.3906915614943602,,0.0,1.3906915614943602,3.5328486977
16510,1.3906691848322992,,0.0,1.3906691848322992,3.5029638269
16515,1.390644811025803,,0.0,1.390644811025803,3.4899493144
16520,1.3906186346304212,,0.0,1.3906186346304212,3.4947485172
16525,1.3905912549327242,,0.0,1.3905912549327242,3.4884209042
16530,1.390563456566581,,0.0,1.390563456566581,3.5008055574
16535,1.3905357633791187,,0.0,1.3905357633791187,3.5256346128
16540,1.3905084200369577,,0.0,1.3905084200369577,3.5325329095
16545,1.3904811541123085,,0.0,1.3904811541123085,3.5535088398
16550,1.3904531094652592,,0.0,1.3904531094652592,3.5389701088
16555,1.3904231437725738,,0.0,1.3904231437725738,3.5331397086
16560,1.390390098340794,,0.0,1.390390098340794,3.5469612038
16565,1.3903531682096903,,0.0,1.3903531682096903,3.5830920539
16570,1.3903120906826612,,0.0,1.3903120906826612,3.6216480274
16575,1.3902671449402126,,0.0,1.3902671449402126,3.6050800491
16580,1.390219079920035,,0.0,1.390219079920035,3.5759628918
16585,1.3901691064729342,,0.0,1.3901691064729342,3.5259741762
16590,1.3901187894785207,,0.0,1.3901187894785207,3.5181271022
16595,1.3900700207433938,,0.0,1.3900700207433938,3.4972067723
16600,1.390024685457854,,0.0,1.390024685457854,3.4768748415
16605,1.3899843982715356,,0.0,1.3899843982715356,3.4814292946
16610,1.3899501217307981,,0.0,1.3899501217307981,3.505461835
16615,1.3899222438099197,,0.0,1.3899222438099197,3.5094624868
16620,1.3899005746825266,,0.0,1.3899005746825266,3.4902159504
16625,1.3898843786889983,,0.0,1.3898843786889983,3.507709734
16630,1.3898720086893566,,0.0,1.3898720086893566,3.5357901178
16635,1.3898610410266545,,0.0,1.3898610410266545,3.5451715999
16640,1.389848445822768,,0.0,1.389848445822768,3.5384637886
16645,1.3898313546736307,,0.0,1.3898313546736307,3.5124944829
16650,1.389807476884883,,0.0,1.389807476884883,3.4867016828
16655,1.389775187234455,,0.0,1.389775187234455,3.4850294486
16660,1.3897338239333572,,0.0,1.3897338239333572,3.4598666516
16665,1.3896838560112068,,0.0,1.3896838560112068,3.4608260921
16670,1.3896265730550348,,0.0,1.3896265730550348,3.4730538178
16675,1.389564162763216,,0.0,1.389564162763216,3.4767680451
16680,1.3894993505277329,,0.0,1.3894993505277329,3.4896522492
16685,1.3894352179748022,,0.0,1.3894352179748022,3.5168466852
16690,1.3893750393308593,,0.0,1.3893750393308593,3.5263722846
16695,1.3893216184057997,,0.0,1.3893216184057997,3.5509268589
16700,1.3892768301812726,,0.0,1.3892768301812726,3.539628018
16705,1.3892413527710163,,0.0,1.3892413527710163,3.5315637261
16710,1.3892146228120061,,0.0,1.3892146228120061,3.5415182961
16715,1.3891950226306637,,0.0,1.3891950226306637,3.5830305514
16720,1.3891802108986215,,0.0,1.3891802108986215,3.6179412059
16725,1.3891675395277265,,0.0,1.3891675395277265,3.5933400474
16730,1.3891545684680737,,0.0,1.3891545684680737,3.5411006761
16735,1.3891397085120836,,0.0,1.3891397085120836,3.4839948238
16740,1.3891223019405854,,0.0,1.3891223019405854,3.4658806445
16745,1.3891024546598256,,0.0,1.3891024546598256,3.4560093806
16750,1.3890807016805138,,0.0,1.3890807016805138,3.4432818206
16755,1.3890576148236238,,0.0,1.3890576148236238,3.4276930468
16760,1.389033598706494,,0.0,1.389033598706494,3.4593263554
16765,1.389008851295137,,0.0,1.389008851295137,3.4703922951
16770,1.3889834281118916,,0.0,1.3889834281118916,3.4679740479
16775,1.3889572810464925,,0.0,1.3889572810464925,3.4813467334
16780,1.3889302647450033,,0.0,1.3889302647450033,3.5102928014
16785,1.3889021483645474,,0.0,1.3889021483645474,3.515910644
16790,1.388872809378555,,0.0,1.388872809378555,3.5199723536
16795,1.3888424478675263,,0.0,1.3888424478675263,3.4916549905
16800,1.3888116515679294,,0.0,1.3888116515679294,3.4732245127
16805,1.3887812565434168,,0.0,1.3887812565434168,3.4774111387
16810,1.3887520727334939,,0.0,1.3887520727334939,3.4491641547
16815,1.3887247073597417,,0.0,1.3887247073597417,3.42888664
16820,1.388699544417565,,0.0,1.388699544417565,3.4098138767
16825,1.3886768413514519,,0.0,1.3886768413514519,3.3978279258
16830,1.3886568303002558,,0.0,1.3886568303002558,3.406031622
16835,1.3886397501782823,,0.0,1.3886397501782823,3.4279047569
16840,1.3886257017988197,,0.0,1.3886257017988197,3.4477580363
16845,1.3886145331461612,,0.0,1.3886145331461612,3.4846140989
16850,1.3886059383245055,,0.0,1.3886059383245055,3.4726478365
16855,1.3885994919581637,,0.0,1.3885994919581637,3.4791823862
16860,1.3885947902028346,,0.0,1.3885947902028346,3.4966660173
16865,1.3885915344156368,,0.0,1.3885915344156368,3.5580694252
16870,1.3885895659190914,,0.0,1.3885895659190914,3.6158203258
16875,1.3885883901960538,,0.0,1.3885883901960538,3.6093567778
16880,1.3885872645613506,,0.0,1.3885872645613506,3.5892858777
16885,1.388585379166422,,0.0,1.388585379166422,3.5461765024
16890,1.3885820078554716,,0.0,1.3885820078554716,3.5275013474
16895,1.3885767343473778,,0.0,1.3885767343473778,3.5113743626
16900,1.3885694453920305,,0.0,1.3885694453920305,3.5036863469
16905,1.38856025239789,,0.0,1.38856025239789,3.4815007527
16910,1.3885493311174857,,0.0,1.3885493311174857,3.5286438392
16915,1.3885369101427891,,0.0,1.3885369101427891,3.5505424591
16920,1.3885233936591466,,0.0,1.3885233936591466,3.5537000428
16925,1.388509459325569,,0.0,1.388509459325569,3.5569705963
16930,1.3884960922884177,,0.0,1.3884960922884177,3.5853448501
16935,1.388484451104733,,0.0,1.388484451104733,3.5959038167
16940,1.3884757564019827,,0.0,1.3884757564019827,3.6050846221
16945,1.3884713804595588,,0.0,1.3884713804595588,3.5851900134
16950,1.3884728163781916,,0.0,1.3884728163781916,3.5535806548
16955,1.3884812453603965,,0.0,1.3884812453603965,3.561773321
16960,1.3884972438199037,,0.0,1.3884972438199037,3.5443324797
16965,1.388520642279436,,0.0,1.388520642279436,3.5370380186
16970,1.3885506265932495,,0.0,1.3885506265932495,3.5214808675
16975,1.3885859133131475,,0.0,1.3885859133131475,3.513099307
16980,1.3886249479500636,,0.0,1.3886249479500636,3.5403266767
16985,1.388665986870651,,0.0,1.388665986870651,3.5544762068
16990,1.388707302266111,,0.0,1.388707302266111,3.5780919254
16995,1.3887467007994363,,0.0,1.3887467007994363,3.6038609314
17000,1.3887814834983656,,0.0,1.3887814834983656,3.6075863954
17005,1.388808966328466,,0.0,1.388808966328466,3.6131439152
17010,1.3888266082219156,,0.0,1.3888266082219156,3.6234831494
17015,1.388832368630453,,0.0,1.388832368630453,3.6541431159
17020,1.388824796811299,,0.0,1.388824796811299,3.6829448429
17025,1.3888031143830997,,0.0,1.3888031143830997,3.68248546
17030,1.3887672551828718,,0.0,1.3887672551828718,3.6699383734
17035,1.3887176567957626,,0.0,1.3887176567957626,3.6325159468
17040,1.388655796134172,,0.0,1.388655796134172,3.5981755799
17045,1.3885842266345332,,0.0,1.3885842266345332,3.5783718675
17050,1.3885062275252944,,0.0,1.3885062275252944,3.5614373964
17055,1.3884255622524488,,0.0,1.3884255622524488,3.5250765229
17060,1.388345842337229,,0.0,1.388345842337229,3.5366474524
17065,1.3882705620718827,,0.0,1.3882705620718827,3.5646992077
17070,1.3882031248029774,,0.0,1.3882031248029774,3.5799181213
17075,1.3881470018362398,,0.0,1.3881470018362398,3.5871846807
17080,1.3881055786019378,,0.0,1.3881055786019378,3.6060944181
17085,1.3880817603826114,,0.0,1.3880817603826114,3.6322412127
17090,1.3880776243094233,,0.0,1.3880776243094233,3.6449258174
17095,1.3880943378520898,,0.0,1.3880943378520898,3.6320030068
17100,1.3881317235073773,,0.0,1.3881317235073773,3.6111672435
17105,1.3881878622986632,,0.0,1.3881878622986632,3.6127465435
17110,1.3882592660725332,,0.0,1.3882592660725332,3.5951368845
17115,1.3883419752358945,,0.0,1.3883419752358945,3.5802208097
17120,1.3884317060197713,,0.0,1.3884317060197713,3.5528905925
17125,1.388523780291976,,0.0,1.388523780291976,3.5543229391
17130,1.3886122598451631,,0.0,1.3886122598451631,3.5681371358
17135,1.388691510889921,,0.0,1.388691510889921,3.5584734471
17140,1.3887576635055987,,0.0,1.3887576635055987,3.5699467159
17145,1.3888092004681236,,0.0,1.3888092004681236,3.580769913
17150,1.3888471147679224,,0.0,1.3888471147679224,3.5945509189
17155,1.388874895740704,,0.0,1.388874895740704,3.5796242123
17160,1.3888972410037683,,0.0,1.3888972410037683,3.5874092233
17165,1.3889183934005342,,0.0,1.3889183934005342,3.6119431211
17170,1.388941246572495,,0.0,1.388941246572495,3.6473687038
17175,1.38896763382544,,0.0,1.38896763382544,3.6552030295
17180,1.3889986466212323,,0.0,1.3889986466212323,3.6245595909
17185,1.389034408464108,,0.0,1.389034408464108,3.5822342541
17190,1.3890744314986936,,0.0,1.3890744314986936,3.5384230917
17195,1.389118241897987,,0.0,1.389118241897987,3.5214948693
17200,1.3891658430724516,,0.0,1.3891658430724516,3.4989282804
17205,1.3892171951424057,,0.0,1.3892171951424057,3.4915212948
17210,1.389272308248293,,0.0,1.389272308248293,3.5036154043
17215,1.389331072232156,,0.0,1.389331072232156,3.5259163659
17220,1.3893925197275145,,0.0,1.3893925197275145,3.552298032
17225,1.3894551126609984,,0.0,1.3894551126609984,3.5814750458
17230,1.3895169896700756,,0.0,1.3895169896700756,3.600672079
17235,1.3895762667922118,,0.0,1.3895762667922118,3.6196515995
17240,1.3896315591065647,,0.0,1.3896315591065647,3.6141481375
17245,1.389682400925771,,0.0,1.389682400925771,3.5940281176
17250,1.389729465338822,,0.0,1.389729465338822,3.5598671887
17255,1.3897745387235347,,0.0,1.3897745387235347,3.5309007973
17260,1.3898202171471317,,0.0,1.3898202171471317,3.5334297623
17265,1.3898692082899236,,0.0,1.3898692082899236,3.522562445
17270,1.3899236741353935,,0.0,1.3899236741353935,3.502401343
17275,1.3899850935512728,,0.0,1.3899850935512728,3.5419554477
17280,1.3900542965760625,,0.0,1.3900542965760625,3.5783014273
17285,1.3901315926524451,,0.0,1.3901315926524451,3.5939047763
17290,1.390216604628678,,0.0,1.390216604628678,3.5875926604
17295,1.3903083343986398,,0.0,1.3903083343986398,3.6400608418
17300,1.3904052281553585,,0.0,1.3904052281553585,3.6615689272
17305,1.3905052596745164,,0.0,1.3905052596745164,3.6687014896
17310,1.3906059046677708,,0.0,1.3906059046677708,3.6889309614
17315,1.3907041485813445,,0.0,1.3907041485813445,3.6970297489
17320,1.3907965757910037,,0.0,1.3907965757910037,3.7241920558
17325,1.3908796980069151,,0.0,1.3908796980069151,3.7416120359
17330,1.3909504807581972,,0.0,1.3909504807581972,3.7304844529
17335,1.3910069890845247,,0.0,1.3910069890845247,3.6991707451
17340,1.3910488006796242,,0.0,1.3910488006796242,3.649723899
17345,1.3910773774953304,,0.0,1.3910773774953304,3.6191906979
17350,1.391095902243986,,0.0,1.391095902243986,3.6055864018
17355,1.3911088806020298,,0.0,1.3911088806020298,3.601742741
17360,1.3911214630280477,,0.0,1.3911214630280477,3.6111851283
17365,1.39113827886187,,0.0,1.39113827886187,3.6270586785
17370,1.3911622202443858,,0.0,1.3911622202443858,3.6539541864
17375,1.3911940529837088,,0.0,1.3911940529837088,3.663964051
17380,1.3912324670755019,,0.0,1.3912324670755019,3.6915880354
17385,1.3912746637800908,,0.0,1.3912746637800908,3.7386069757
17390,1.391318020178541,,0.0,1.391318020178541,3.7506495162
17395,1.39136044097329,,0.0,1.39136044097329,3.7356166126
17400,1.3914007911622293,,0.0,1.3914007911622293,3.7086026844
17405,1.3914389497648658,,0.0,1.3914389497648658,3.67395253
17410,1.3914757076448483,,0.0,1.3914757076448483,3.6418629837
17415,1.3915123074612357,,0.0,1.3915123074612357,3.6146997251
17420,1.39154992580105,,0.0,1.39154992580105,3.5876922472
17425,1.391590063995605,,0.0,1.391590063995605,3.5845547951
17430,1.3916337289045442,,0.0,1.3916337289045442,3.6084511515
17435,1.3916814610862631,,0.0,1.3916814610862631,3.6087357496
17440,1.3917335686419958,,0.0,1.3917335686419958,3.5956272146
17445,1.3917902737747787,,0.0,1.3917902737747787,3.6081476602
17450,1.3918518649415779,,0.0,1.3918518649415779,3.6313955485
17455,1.3919185969949306,,0.0,1.3919185969949306,3.6328403254
17460,1.391990355161386,,0.0,1.391990355161386,3.6257090254
17465,1.392066575509508,,0.0,1.392066575509508,3.6217308215
17470,1.392146477929975,,0.0,1.392146477929975,3.6344331794
17475,1.3922290065434215,,0.0,1.3922290065434215,3.6582599331
17480,1.3923128667380675,,0.0,1.3923128667380675,3.6510170601
17485,1.3923967434393547,,0.0,1.3923967434393547,3.6225586257
17490,1.3924794084713237,,0.0,1.3924794084713237,3.584492825
17495,1.3925598033853939,,0.0,1.3925598033853939,3.5564130443
17500,1.392637278283723,,0.0,1.392637278283723,3.5683223437
17505,1.392711725600306,,0.0,1.392711725600306,3.5683923625
17510,1.392783478878431,,0.0,1.392783478878431,3.5593099828
17515,1.3928529549221578,,0.0,1.3928529549221578,3.5632467211
17520,1.3929203339630905,,0.0,1.3929203339630905,3.5770895171
17525,1.3929855557042423,,0.0,1.3929855557042423,3.604007203
17530,1.393048618986056,,0.0,1.393048618986056,3.6490588868
17535,1.3931097041538183,,0.0,1.3931097041538183,3.6700963172
17540,1.3931692785091787,,0.0,1.3931692785091787,3.6905273053
17545,1.3932281650196117,,0.0,1.3932281650196117,3.6917994093
17550,1.3932875072361195,,0.0,1.3932875072361195,3.688392013
17555,1.3933487252527863,,0.0,1.3933487252527863,3.6649952314
17560,1.3934130104353075,,0.0,1.3934130104353075,3.6427736418
17565,1.3934807597161107,,0.0,1.3934807597161107,3.6169196149
17570,1.393551330768582,,0.0,1.393551330768582,3.5978434395
17575,1.3936232260811254,,0.0,1.3936232260811254,3.6108451731
17580,1.3936944620374763,,0.0,1.3936944620374763,3.6516612369
17585,1.3937631676348596,,0.0,1.3937631676348596,3.6652717349
17590,1.3938279736860364,,0.0,1.3938279736860364,3.6710732573
17595,1.3938881287068388,,0.0,1.3938881287068388,3.6661521527
17600,1.3939433974662603,,0.0,1.3939433974662603,3.6835370081
17605,1.393993972314418,,0.0,1.393993972314418,3.6836752954
17610,1.3940404774115256,,0.0,1.3940404774115256,3.7007060683
17615,1.3940839958069715,,0.0,1.3940839958069715,3.7100907136
17620,1.3941259960234151,,0.0,1.3941259960234151,3.6980047184
17625,1.394168142525988,,0.0,1.394168142525988,3.6957798132
17630,1.3942120521697567,,0.0,1.3942120521697567,3.6771881617
17635,1.3942589872807845,,0.0,1.3942589872807845,3.6760298273
17640,1.3943095400746142,,0.0,1.3943095400746142,3.6590088887
17645,1.3943633607741543,,0.0,1.3943633607741543,3.6256755174
17650,1.3944191112955884,,0.0,1.3944191112955884,3.6052916936
17655,1.3944746869284765,,0.0,1.3944746869284765,3.5929749433
17660,1.39452768454686,,0.0,1.39452768454686,3.5907067947
17665,1.3945758255066822,,0.0,1.3945758255066822,3.6091114653
17670,1.3946172931906862,,0.0,1.3946172931906862,3.6073844099
17675,1.394651018850693,,0.0,1.394651018850693,3.6127316155
17680,1.3946769270699955,,0.0,1.3946769270699955,3.6297241991
17685,1.3946959741197014,,0.0,1.3946959741197014,3.6392830857
17690,1.3947098978126342,,0.0,1.3947098978126342,3.6685318751
17695,1.3947208355996796,,0.0,1.3947208355996796,3.6691497315
17700,1.3947308148874487,,0.0,1.3947308148874487,3.6561756593
17705,1.3947414313634003,,0.0,1.3947414313634003,3.6267367766
17710,1.3947536818831527,,0.0,1.3947536818831527,3.6083287352
17715,1.3947683322548194,,0.0,1.3947683322548194,3.5704427958
17720,1.3947862252038237,,0.0,1.3947862252038237,3.5422001293
17725,1.3948082361732985,,0.0,1.3948082361732985,3.5325750997
17730,1.3948349921882464,,0.0,1.3948349921882464,3.5357539804
17735,1.3948665309683894,,0.0,1.3948665309683894,3.5554501865
17740,1.3949021047355952,,0.0,1.3949021047355952,3.573595902
17745,1.3949402660438657,,0.0,1.3949402660438657,3.5824579494
17750,1.394979166467692,,0.0,1.394979166467692,3.6017018286
17755,1.3950168167521768,,0.0,1.3950168167521768,3.6398650694
17760,1.3950512396927255,,0.0,1.3950512396927255,3.666514554
17765,1.3950805995052789,,0.0,1.3950805995052789,3.6809326481
17770,1.3951040559199468,,0.0,1.3951040559199468,3.6913447083
17775,1.3951215182411478,,0.0,1.3951215182411478,3.711877948
17780,1.3951335309834154,,0.0,1.3951335309834154,3.7191611976
17785,1.3951413491744213,,0.0,1.3951413491744213,3.7057690248
17790,1.3951464402000044,,0.0,1.3951464402000044,3.6499556076
17795,1.3951503210796097,,0.0,1.3951503210796097,3.563826329
17800,1.3951546977268625,,0.0,1.3951546977268625,3.5201001961
17805,1.3951610289332352,,0.0,1.3951610289332352,3.4857054642
17810,1.3951702832020292,,0.0,1.3951702832020292,3.4657884412
17815,1.3951828322964548,,0.0,1.3951828322964548,3.4644634995
17820,1.395198501964586,,0.0,1.395198501964586,3.4231794583
17825,1.3952166536085822,,0.0,1.3952166536085822,3.4164538654
17830,1.3952362512889183,,0.0,1.3952362512889183,3.4338938637
17835,1.3952561478395011,,0.0,1.3952561478395011,3.4602860493
17840,1.3952753148238248,,0.0,1.3952753148238248,3.4588744479
17845,1.3952929694724066,,0.0,1.3952929694724066,3.4579360588
17850,1.395308563269103,,0.0,1.395308563269103,3.4462044246
17855,1.3953218299704306,,0.0,1.3953218299704306,3.4261639114
17860,1.3953328846226773,,0.0,1.3953328846226773,3.391802667
17865,1.395342203235541,,0.0,1.395342203235541,3.3783450494
17870,1.395350367474866,,0.0,1.395350367474866,3.3330292726
17875,1.3953579854944262,,0.0,1.3953579854944262,3.3149539531
17880,1.3953655656123738,,0.0,1.3953655656123738,3.330459927
17885,1.3953735852253284,,0.0,1.3953735852253284,3.3501670263
17890,1.3953825195926868,,0.0,1.3953825195926868,3.3712894388
17895,1.3953928109605624,,0.0,1.3953928109605624,3.3758451826
17900,1.3954048217929709,,0.0,1.3954048217929709,3.3756220719
17905,1.3954188269277616,,0.0,1.3954188269277616,3.3863168923
17910,1.395435013462939,,0.0,1.395435013462939,3.40434239
17915,1.3954534658415683,,0.0,1.3954534658415683,3.4264251339
17920,1.3954742384264305,,0.0,1.3954742384264305,3.4440720802
17925,1.3954972332235542,,0.0,1.3954972332235542,3.4460604842
17930,1.3955218576308765,,0.0,1.3955218576308765,3.4375614209
17935,1.3955470434686288,,0.0,1.3955470434686288,3.4365883316
17940,1.3955715633793628,,0.0,1.3955715633793628,3.4018535377
17945,1.3955944059561516,,0.0,1.3955944059561516,3.3595753858
17950,1.395614888788072,,0.0,1.395614888788072,3.3237960878
17955,1.3956325198135127,,0.0,1.3956325198135127,3.2992359627
17960,1.3956468599921952,,0.0,1.3956468599921952,3.2760559658
17965,1.3956574299266942,,0.0,1.3956574299266942,3.2846485688
17970,1.3956639075556145,,0.0,1.3956639075556145,3.2885021083
17975,1.3956665642381338,,0.0,1.3956665642381338,3.2963024467
17980,1.3956664494874198,,0.0,1.3956664494874198,3.3128605743
17985,1.3956651486231244,,0.0,1.3956651486231244,3.3473237191
17990,1.3956641352153925,,0.0,1.3956641352153925,3.3573319873
17995,1.3956640706894312,,0.0,1.3956640706894312,3.3671517468
18000,1.3956644309707495,,0.0,1.3956644309707495,3.3889936817
18005,1.395663659364849,,0.0,1.395663659364849,3.3831339889
18010,1.3956597947417844,,0.0,1.3956597947417844,3.365639753
18015,1.3956511238440663,,0.0,1.3956511238440663,3.3327892848
18020,1.3956365668054056,,0.0,1.3956365668054056,3.3148931296
18025,1.3956157528629942,,0.0,1.3956157528629942,3.3077161607
18030,1.3955888586788194,,0.0,1.3955888586788194,3.3182835465
18035,1.3955564800835147,,0.0,1.3955564800835147,3.3404023093
18040,1.3955196776401482,,0.0,1.3955196776401482,3.3669143534
18045,1.3954800465359782,,0.0,1.3954800465359782,3.3810210516
18050,1.3954395109542665,,0.0,1.3954395109542665,3.3940802962
18055,1.395400227876484,,0.0,1.395400227876484,3.4261538009
18060,1.3953644082376278,,0.0,1.3953644082376278,3.4422931508
18065,1.3953340587541654,,0.0,1.3953340587541654,3.4637915697
18070,1.3953107069725041,,0.0,1.3953107069725041,3.5103363448
18075,1.3952949749838446,,0.0,1.3952949749838446,3.536827053
18080,1.3952861868571425,,0.0,1.3952861868571425,3.5578728095
18085,1.3952822934497697,,0.0,1.3952822934497697,3.5749738894
18090,1.395280278479981,,0.0,1.395280278479981,3.5560206823
18095,1.3952770149396634,,0.0,1.3952770149396634,3.4918934656
18100,1.3952702568342605,,0.0,1.3952702568342605,3.4752697412
18105,1.3952592512472095,,0.0,1.3952592512472095,3.4681783904
18110,1.395244636685405,,0.0,1.395244636685405,3.4555215867
18115,1.3952275229362656,,0.0,1.3952275229362656,3.4735388903
18120,1.395208472044105,,0.0,1.395208472044105,3.4840674293
18125,1.3951870204587822,,0.0,1.3951870204587822,3.4585666253
18130,1.3951620800379523,,0.0,1.3951620800379523,3.4664745622
18135,1.3951328489590114,,0.0,1.3951328489590114,3.4955644459
18140,1.3950991215937731,,0.0,1.3950991215937731,3.5140697479
18145,1.3950613165879475,,0.0,1.3950613165879475,3.5093648151
18150,1.3950202875349664,,0.0,1.3950202875349664,3.5220706556
18155,1.3949769081499952,,0.0,1.3949769081499952,3.5104596141
18160,1.3949316253855866,,0.0,1.3949316253855866,3.4782457186
18165,1.394884150580147,,0.0,1.394884150580147,3.4352225108
18170,1.394833934580913,,0.0,1.394833934580913,3.4171352581
18175,1.3947803773737497,,0.0,1.3947803773737497,3.3941330938
18180,1.3947228417932103,,0.0,1.3947228417932103,3.351260199
18185,1.3946609826094867,,0.0,1.3946609826094867,3.3482337722
18190,1.394595495670727,,0.0,1.394595495670727,3.3390103647
18195,1.3945286389990539,,0.0,1.3945286389990539,3.3376878128
18200,1.3944635296440282,,0.0,1.3944635296440282,3.3508521617
18205,1.3944028666233839,,0.0,1.3944028666233839,3.3674653001
18210,1.3943477988993922,,0.0,1.3943477988993922,3.3723576224
18215,1.3942979221502878,,0.0,1.3942979221502878,3.3784174931
18220,1.394251989260673,,0.0,1.394251989260673,3.4123709848
18225,1.3942086289515585,,0.0,1.3942086289515585,3.4303594977
18230,1.39416661657113,,0.0,1.39416661657113,3.4476288775
18235,1.3941249485110525,,0.0,1.3941249485110525,3.4720016609
18240,1.3940830093873706,,0.0,1.3940830093873706,3.4807571803
18245,1.3940407548868008,,0.0,1.3940407548868008,3.4134275487
18250,1.3939987550568762,,0.0,1.3939987550568762,3.3851259775
18255,1.3939580148928536,,0.0,1.3939580148928536,3.3805000648
18260,1.3939195622628278,,0.0,1.3939195622628278,3.351124218
18265,1.3938840562046821,,0.0,1.3938840562046821,3.3486804366
18270,1.3938515201596657,,0.0,1.3938515201596657,3.3610769357
18275,1.3938212415910987,,0.0,1.3938212415910987,3.3541726341
18280,1.3937920545526041,,0.0,1.3937920545526041,3.3633200387
18285,1.393762723728987,,0.0,1.393762723728987,3.3894211651
18290,1.3937324020294302,,0.0,1.3937324020294302,3.4197305078
18295,1.3937006816762338,,0.0,1.3937006816762338,3.4292729465
18300,1.3936673437404048,,0.0,1.3936673437404048,3.4281568245
18305,1.3936317822281297,,0.0,1.3936317822281297,3.4155452698
18310,1.393592767417372,,0.0,1.393592767417372,3.380339001
18315,1.3935487988862745,,0.0,1.3935487988862745,3.3402605363
18320,1.3934985164284837,,0.0,1.3934985164284837,3.3205838054
18325,1.39344095076766,,0.0,1.39344095076766,3.3151602829
18330,1.3933757317321422,,0.0,1.3933757317321422,3.2980155473
18335,1.3933031337959976,,0.0,1.3933031337959976,3.3069762472
18340,1.3932241614997547,,0.0,1.3932241614997547,3.3404339374
18345,1.3931406057003053,,0.0,1.3931406057003053,3.3607222111
18350,1.3930548826425233,,0.0,1.3930548826425233,3.3713281442
18355,1.3929697008707027,,0.0,1.3929697008707027,3.392215533
18360,1.3928876047949188,,0.0,1.3928876047949188,3.4208801504
18365,1.39281063587289,,0.0,1.39281063587289,3.4313115912
18370,1.392740294822048,,0.0,1.392740294822048,3.4465962056
18375,1.3926773189390345,,0.0,1.3926773189390345,3.4539101996
18380,1.3926216227803816,,0.0,1.3926216227803816,3.4706808994
18385,1.3925724798719832,,0.0,1.3925724798719832,3.4998304033
18390,1.3925287568260172,,0.0,1.3925287568260172,3.5088211228
18395,1.3924890846826081,,0.0,1.3924890846826081,3.4679284318
18400,1.3924518578866905,,0.0,1.3924518578866905,3.4372906004
18405,1.392415420453818,,0.0,1.392415420453818,3.4306545676
18410,1.3923783005872856,,0.0,1.3923783005872856,3.4125504025
18415,1.3923393915690925,,0.0,1.3923393915690925,3.3741724498
18420,1.3922979818402241,,0.0,1.3922979818402241,3.3635057423
18425,1.3922537535455228,,0.0,1.3922537535455228,3.3693542701
18430,1.3922067969485779,,0.0,1.3922067969485779,3.376375412
18435,1.3921578235174574,,0.0,1.3921578235174574,3.3753305997
18440,1.3921079740975304,,0.0,1.3921079740975304,3.3753201974
18445,1.3920585907287495,,0.0,1.3920585907287495,3.4012080305
18450,1.3920107879277086,,0.0,1.3920107879277086,3.4046310251
18455,1.391965244785813,,0.0,1.391965244785813,3.4117179016
18460,1.391922076849552,,0.0,1.391922076849552,3.3763112652
18465,1.3918810989080441,,0.0,1.3918810989080441,3.3467843975
18470,1.3918421420751588,,0.0,1.3918421420751588,3.3093291286
18475,1.391805270126555,,0.0,1.391805270126555,3.2893236632
18480,1.391770802940932,,0.0,1.391770802940932,3.2655626809
18485,1.3917391389285854,,0.0,1.3917391389285854,3.2643189266
18490,1.3917104958134772,,0.0,1.3917104958134772,3.2688727479
18495,1.3916847902211535,,0.0,1.3916847902211535,3.2733870072
18500,1.3916615700378943,,0.0,1.3916615700378943,3.2942854369
18505,1.3916402781304524,,0.0,1.3916402781304524,3.3169671598
18510,1.3916199385379808,,0.0,1.3916199385379808,3.3235881361
18515,1.3915990708466717,,0.0,1.3915990708466717,3.3515700355
18520,1.3915763924950477,,0.0,1.3915763924950477,3.3587141877
18525,1.3915508484677277,,0.0,1.3915508484677277,3.3675516532
18530,1.391521832679952,,0.0,1.391521832679952,3.3837886842
18535,1.3914893061842324,,0.0,1.3914893061842324,3.4041895878
18540,1.3914539598721767,,0.0,1.3914539598721767,3.4304504112
18545,1.391416718138431,,0.0,1.391416718138431,3.4271847001
18550,1.391378185089686,,0.0,1.391378185089686,3.4060259252
18555,1.3913386911998133,,0.0,1.3913386911998133,3.3747912273
18560,1.3912982580456756,,0.0,1.3912982580456756,3.3474316894
18565,1.3912568320830032,,0.0,1.3912568320830032,3.3043669651
18570,1.3912143146584675,,0.0,1.3912143146584675,3.3135995699
18575,1.3911707563378672,,0.0,1.3911707563378672,3.348287431
18580,1.3911265621023239,,0.0,1.3911265621023239,3.369224305
18585,1.3910825371621671,,0.0,1.3910825371621671,3.346611035
18590,1.3910396145746189,,0.0,1.3910396145746189,3.3302376963
18595,1.3909987472457965,,0.0,1.3909987472457965,3.3677780522
18600,1.390960597192054,,0.0,1.390960597192054,3.3918406266
18605,1.390925310676784,,0.0,1.390925310676784,3.4027227886
18610,1.3908926803210957,,0.0,1.3908926803210957,3.3818155899
18615,1.3908623258128845,,0.0,1.3908623258128845,3.3477006466
18620,1.390833715506431,,0.0,1.390833715506431,3.3258477276
18625,1.3908060561507625,,0.0,1.3908060561507625,3.3143785162
18630,1.3907781252994973,,0.0,1.3907781252994973,3.2975019048
18635,1.3907484744152894,,0.0,1.3907484744152894,3.27852256
18640,1.390716049642315,,0.0,1.390716049642315,3.2878374958
18645,1.390680360260411,,0.0,1.390680360260411,3.296235193
18650,1.3906415644695915,,0.0,1.3906415644695915,3.3211803884
18655,1.3906002408890203,,0.0,1.3906002408890203,3.3427782632
18660,1.3905571636938132,,0.0,1.3905571636938132,3.3569370783
18665,1.3905131026027477,,0.0,1.3905131026027477,3.3662237336
18670,1.3904687440738304,,0.0,1.3904687440738304,3.3506062365
18675,1.3904246227085144,,0.0,1.3904246227085144,3.3484766931
18680,1.3903813859945813,,0.0,1.3903813859945813,3.3847666225
18685,1.3903393899389025,,0.0,1.3903393899389025,3.4230558161
18690,1.3902987217129141,,0.0,1.3902987217129141,3.4458589454
18695,1.3902593814075617,,0.0,1.3902593814075617,3.4347136074
18700,1.3902211793328891,,0.0,1.3902211793328891,3.4092071101
18705,1.3901837518198519,,0.0,1.3901837518198519,3.3765626298
18710,1.3901466783356173,,0.0,1.3901466783356173,3.3431876186
18715,1.3901096362049066,,0.0,1.3901096362049066,3.300785048
18720,1.3900724398757922,,0.0,1.3900724398757922,3.2719994698
18725,1.390035064611049,,0.0,1.390035064611049,3.3222018946
18730,1.389997567774666,,0.0,1.389997567774666,3.3546814572
18735,1.3899601342137409,,0.0,1.3899601342137409,3.3733113131
18740,1.389923076122063,,0.0,1.389923076122063,3.370562024
18745,1.389886806643128,,0.0,1.389886806643128,3.4065378704
18750,1.3898517742300929,,0.0,1.3898517742300929,3.4398993223
18755,1.3898184096017066,,0.0,1.3898184096017066,3.4422646459
18760,1.3897871399525725,,0.0,1.3897871399525725,3.4367767071
18765,1.3897582415529355,,0.0,1.3897582415529355,3.4093422008
18770,1.3897317935255389,,0.0,1.3897317935255389,3.3769993283
18775,1.3897075800562795,,0.0,1.3897075800562795,3.358240665
18780,1.3896851329340516,,0.0,1.3896851329340516,3.3374885746
18785,1.3896638391622234,,0.0,1.3896638391622234,3.3150474536
18790,1.3896430953844054,,0.0,1.3896430953844054,3.3115349955
18795,1.3896224818180678,,0.0,1.3896224818180678,3.3087378923
18800,1.3896018173448843,,0.0,1.3896018173448843,3.3184660444
18805,1.389581114356205,,0.0,1.389581114356205,3.3462037845
18810,1.389560444335335,,0.0,1.389560444335335,3.3637298114
18815,1.3895398115339854,,0.0,1.3895398115339854,3.3752812207
18820,1.3895191727756937,,0.0,1.3895191727756937,3.3718414725
18825,1.3894984874532128,,0.0,1.3894984874532128,3.3668617665
18830,1.3894777618872678,,0.0,1.3894777618872678,3.3855572285
18835,1.389457042005428,,0.0,1.389457042005428,3.4420765939
18840,1.3894363325141323,,0.0,1.3894363325141323,3.4672359569
18845,1.3894155890773607,,0.0,1.3894155890773607,3.4582793036
18850,1.3893946665685417,,0.0,1.3893946665685417,3.4346826008
18855,1.3893733917816247,,0.0,1.3893733917816247,3.3916352125
18860,1.3893517574409546,,0.0,1.3893517574409546,3.3834259375
18865,1.3893299931616419,,0.0,1.3893299931616419,3.338304597
18870,1.3893084046121225,,0.0,1.3893084046121225,3.2977513515
18875,1.3892873651016842,,0.0,1.3892873651016842,3.3241951156
18880,1.389267267470199,,0.0,1.389267267470199,3.3517155218
18885,1.3892484108607506,,0.0,1.3892484108607506,3.368805052
18890,1.3892310310045464,,0.0,1.3892310310045464,3.3540548519
18895,1.3892152924905339,,0.0,1.3892152924905339,3.3690394866
18900,1.3892012758511143,,0.0,1.3892012758511143,3.3940479017
18905,1.3891889253820575,,0.0,1.3891889253820575,3.3913052072
18910,1.389178139497037,,0.0,1.389178139497037,3.3847510734
18915,1.3891687679537865,,0.0,1.3891687679537865,3.3601914833
18920,1.3891606854291567,,0.0,1.3891606854291567,3.3311787246
18925,1.389153756073035,,0.0,1.389153756073035,3.3282107318
18930,1.3891478752069422,,0.0,1.3891478752069422,3.2939810704
18935,1.3891430294391263,,0.0,1.3891430294391263,3.2811396449
18940,1.3891393893382136,,0.0,1.3891393893382136,3.274115688
18945,1.3891372824223405,,0.0,1.3891372824223405,3.2750910992
18950,1.3891370519432464,,0.0,1.3891370519432464,3.2964038035
18955,1.3891389920420025,,0.0,1.3891389920420025,3.3128418724
18960,1.3891431569677086,,0.0,1.3891431569677086,3.3306372359
18965,1.3891492566491117,,0.0,1.3891492566491117,3.3600255546
18970,1.3891567339757025,,0.0,1.3891567339757025,3.3569335138
18975,1.3891649475985326,,0.0,1.3891649475985326,3.3511270859
18980,1.3891732212227765,,0.0,1.3891732212227765,3.3689993958
18985,1.3891809697039172,,0.0,1.3891809697039172,3.4100385705
18990,1.3891877203517742,,0.0,1.3891877203517742,3.4456371501
18995,1.3891931040632977,,0.0,1.3891931040632977,3.4175415701
19000,1.3891968145334317,,0.0,1.3891968145334317,3.374359327
19005,1.3891985847456543,,0.0,1.3891985847456543,3.3187034167
19010,1.3891981529355575,,0.0,1.3891981529355575,3.2997175329
19015,1.3891951983149846,,0.0,1.3891951983149846,3.2754444748
19020,1.3891892102466692,,0.0,1.3891892102466692,3.25804704
19025,1.3891796954412337,,0.0,1.3891796954412337,3.259821664
19030,1.3891664057306483,,0.0,1.3891664057306483,3.2916661507
19035,1.3891494613223685,,0.0,1.3891494613223685,3.3139951215
19040,1.3891292915027484,,0.0,1.3891292915027484,3.3237082057
19045,1.3891064391265624,,0.0,1.3891064391265624,3.3177581221
19050,1.3890813990292652,,0.0,1.3890813990292652,3.3431801847
19055,1.3890546580658274,,0.0,1.3890546580658274,3.3532559715
19060,1.3890268130900225,,0.0,1.3890268130900225,3.3471430561
19065,1.3889987259940761,,0.0,1.3889987259940761,3.3320944076
19070,1.388971470187134,,0.0,1.388971470187134,3.3252363113
19075,1.3889461816944433,,0.0,1.3889461816944433,3.3162257749
19080,1.388923807556125,,0.0,1.388923807556125,3.2884973519
19085,1.388904895106028,,0.0,1.388904895106028,3.2719958959
19090,1.3888895449982859,,0.0,1.3888895449982859,3.261669442
19095,1.3888774394232137,,0.0,1.3888774394232137,3.272246551
19100,1.3888679723187882,,0.0,1.3888679723187882,3.2837986526
19105,1.3888602155615903,,0.0,1.3888602155615903,3.3085447673
19110,1.3888529645760652,,0.0,1.3888529645760652,3.3435994907
19115,1.3888450662619136,,0.0,1.3888450662619136,3.369847176
19120,1.3888355666216703,,0.0,1.3888355666216703,3.3820651693
19125,1.3888238711888863,,0.0,1.3888238711888863,3.3851463347
19130,1.3888099152102367,,0.0,1.3888099152102367,3.4106666365
19135,1.3887941332469247,,0.0,1.3887941332469247,3.4556827048
19140,1.3887775012825345,,0.0,1.3887775012825345,3.4964875216
19145,1.3887613366197937,,0.0,1.3887613366197937,3.4802318196
19150,1.3887469065867777,,0.0,1.3887469065867777,3.4516491116
19155,1.3887351866896056,,0.0,1.3887351866896056,3.4122402464
19160,1.3887269777959506,,0.0,1.3887269777959506,3.3872156387
19165,1.3887228268531433,,0.0,1.3887228268531433,3.3724446033
19170,1.388722785836641,,0.0,1.388722785836641,3.3736965073
19175,1.388726553420663,,0.0,1.388726553420663,3.3693062554
19180,1.3887335315918794,,0.0,1.3887335315918794,3.4136716505
19185,1.3887430243429872,,0.0,1.3887430243429872,3.4624466403
19190,1.3887544925707216,,0.0,1.3887544925707216,3.4699507969
19195,1.3887676083476905,,0.0,1.3887676083476905,3.4778652615
19200,1.3887820637318153,,0.0,1.3887820637318153,3.5068312183
19205,1.3887975150166283,,0.0,1.3887975150166283,3.5107803031
19210,1.3888136129252386,,0.0,1.3888136129252386,3.5005920595
19215,1.3888301050379068,,0.0,1.3888301050379068,3.4677233015
19220,1.3888468921556298,,0.0,1.3888468921556298,3.4486450229
19225,1.3888640173411888,,0.0,1.3888640173411888,3.4263335219
19230,1.3888814886205396,,0.0,1.3888814886205396,3.4074409963
19235,1.3888991445196242,,0.0,1.3888991445196242,3.3840222477
19240,1.3889167296629685,,0.0,1.3889167296629685,3.3492219232
19245,1.388934104289796,,0.0,1.388934104289796,3.3600333085
19250,1.3889514518375468,,0.0,1.3889514518375468,3.3702862839
19255,1.3889693450821243,,0.0,1.3889693450821243,3.37206781
19260,1.3889885860052875,,0.0,1.3889885860052875,3.3934653848
19265,1.3890100836545978,,0.0,1.3890100836545978,3.4377006738
19270,1.389034555386857,,0.0,1.389034555386857,3.435281796
19275,1.389062375761855,,0.0,1.389062375761855,3.4520882896
19280,1.3890935546926715,,0.0,1.3890935546926715,3.4609144841
19285,1.3891277220758544,,0.0,1.3891277220758544,3.4914631268
19290,1.3891642747596424,,0.0,1.3891642747596424,3.5024595323
19295,1.3892024111715326,,0.0,1.3892024111715326,3.481879168
19300,1.3892412821062217,,0.0,1.3892412821062217,3.4488713662
19305,1.3892801241429202,,0.0,1.3892801241429202,3.3981978057
19310,1.3893184184137777,,0.0,1.3893184184137777,3.362533512
19315,1.3893560374584208,,0.0,1.3893560374584208,3.3399919994
19320,1.3893932310136916,,0.0,1.3893932310136916,3.3262036178
19325,1.3894305661941255,,0.0,1.3894305661941255,3.3181670305
19330,1.3894686940571217,,0.0,1.3894686940571217,3.3394774313
19335,1.3895082000200336,,0.0,1.3895082000200336,3.3732998694
19340,1.3895496518340162,,0.0,1.3895496518340162,3.3981299175
19345,1.389593506205547,,0.0,1.389593506205547,3.4311925884
19350,1.3896400036632173,,0.0,1.3896400036632173,3.4396546733
19355,1.389689074178853,,0.0,1.389689074178853,3.4405228186
19360,1.3897403561751591,,0.0,1.3897403561751591,3.4391052872
19365,1.3897932498198922,,0.0,1.3897932498198922,3.4093252686
19370,1.3898471028278854,,0.0,1.3898471028278854,3.3738241107
19375,1.3899015300669135,,0.0,1.3899015300669135,3.3579037897
19380,1.389955908445374,,0.0,1.389955908445374,3.3236149042
19385,1.3900100427028883,,0.0,1.3900100427028883,3.3103699937
19390,1.3900641399682465,,0.0,1.3900641399682465,3.3040664946
19395,1.3901187257483343,,0.0,1.3901187257483343,3.3257299421
19400,1.3901744183373692,,0.0,1.3901744183373692,3.3314990605
19405,1.390231629196352,,0.0,1.390231629196352,3.3287753749
19410,1.3902903800613002,,0.0,1.3902903800613002,3.3534133358
19415,1.3903503648317863,,0.0,1.3903503648317863,3.3899841211
19420,1.3904111373510313,,0.0,1.3904111373510313,3.4087521418
19425,1.3904723582779601,,0.0,1.3904723582779601,3.4172728051
19430,1.3905340006699147,,0.0,1.3905340006699147,3.4211551365
19435,1.3905963361816465,,0.0,1.3905963361816465,3.4369768922
19440,1.3906595782171978,,0.0,1.3906595782171978,3.4630953793
19445,1.3907235145775565,,0.0,1.3907235145775565,3.4657188095
19450,1.3907871842169668,,0.0,1.3907871842169668,3.4425739113
19455,1.3908489548423326,,0.0,1.3908489548423326,3.4043020885
19460,1.3909068973820615,,0.0,1.3909068973820615,3.3733986668
19465,1.3909590389060063,,0.0,1.3909590389060063,3.356063254
19470,1.3910039104595147,,0.0,1.3910039104595147,3.3599572138
19475,1.3910408535049053,,0.0,1.3910408535049053,3.3523239763
19480,1.3910699720158284,,0.0,1.3910699720158284,3.3643223526
19485,1.3910923580452947,,0.0,1.3910923580452947,3.4051928851
19490,1.3911102110918812,,0.0,1.3911102110918812,3.4483097021
19495,1.3911269534870654,,0.0,1.3911269534870654,3.4841140275
19500,1.3911468165696372,,0.0,1.3911468165696372,3.498603788
19505,1.391173831438732,,0.0,1.391173831438732,3.5115396655
19510,1.3912107960155127,,0.0,1.3912107960155127,3.506317127
19515,1.3912591243916486,,0.0,1.3912591243916486,3.4875472562
19520,1.3913184333447732,,0.0,1.3913184333447732,3.4510728232
19525,1.3913864784264063,,0.0,1.3913864784264063,3.4253973422
19530,1.3914599549433095,,0.0,1.3914599549433095,3.3974468447
19535,1.3915354811485154,,0.0,1.3915354811485154,3.3772625581
19540,1.3916101538057617,,0.0,1.3916101538057617,3.3684722139
19545,1.3916818102039992,,0.0,1.3916818102039992,3.3950540218
19550,1.3917495127841948,,0.0,1.3917495127841948,3.3991961877
19555,1.391813206637893,,0.0,1.391813206637893,3.3845464514
19560,1.3918731831095854,,0.0,1.3918731831095854,3.3735038018
19565,1.3919297902029233,,0.0,1.3919297902029233,3.4113255125
19570,1.3919832146976006,,0.0,1.3919832146976006,3.4165642519
19575,1.3920335095922134,,0.0,1.3920335095922134,3.4008192407
19580,1.392080795344317,,0.0,1.392080795344317,3.3963669532
19585,1.3921254275515276,,0.0,1.3921254275515276,3.3984871376
19590,1.392168102152938,,0.0,1.392168102152938,3.409484808
19595,1.3922096572584786,,0.0,1.3922096572584786,3.4242998254
19600,1.3922507023406359,,0.0,1.3922507023406359,3.394798422
19605,1.3922914200865482,,0.0,1.3922914200865482,3.3618128459
19610,1.392331606505051,,0.0,1.392331606505051,3.3201766781
19615,1.3923708297178383,,0.0,1.3923708297178383,3.3112611328
19620,1.392408809271164,,0.0,1.392408809271164,3.3044697843
19625,1.392445473681722,,0.0,1.392445473681722,3.3128302233
19630,1.3924808182658095,,0.0,1.3924808182658095,3.3139537776
19635,1.3925149424270573,,0.0,1.3925149424270573,3.3445609894
19640,1.3925481658850092,,0.0,1.3925481658850092,3.3842973453
19645,1.3925808970994586,,0.0,1.3925808970994586,3.4265292428
19650,1.3926139016284182,,0.0,1.3926139016284182,3.4491362869
19655,1.3926479619457972,,0.0,1.3926479619457972,3.4787069694
19660,1.39268363170617,,0.0,1.39268363170617,3.4937655816
19665,1.3927211002129734,,0.0,1.3927211002129734,3.4978989707
19670,1.3927602003535169,,0.0,1.3927602003535169,3.4826752078
19675,1.3928004694871174,,0.0,1.3928004694871174,3.4701371588
19680,1.392841174818944,,0.0,1.392841174818944,3.4579408518
19685,1.3928814290829257,,0.0,1.3928814290829257,3.4391319521
19690,1.3929203687952865,,0.0,1.3929203687952865,3.4425966784
19695,1.392957425522779,,0.0,1.392957425522779,3.4795036179
19700,1.392992619227981,,0.0,1.392992619227981,3.5198219851
19705,1.3930266963703108,,0.0,1.3930266963703108,3.5358417972
19710,1.393060843540816,,0.0,1.393060843540816,3.5346570641
19715,1.3930963650369916,,0.0,1.3930963650369916,3.5700132982
19720,1.393134291273411,,0.0,1.393134291273411,3.5931046499
19725,1.3931750306416593,,0.0,1.3931750306416593,3.5756131421
19730,1.3932182420272199,,0.0,1.3932182420272199,3.5689229557
19735,1.3932629982161309,,0.0,1.3932629982161309,3.566500402
19740,1.393308050319554,,0.0,1.393308050319554,3.5837530984
19745,1.3933519926355589,,0.0,1.3933519926355589,3.5763019842
19750,1.3933933317905782,,0.0,1.3933933317905782,3.5525132576
19755,1.3934305941462575,,0.0,1.3934305941462575,3.5092313598
19760,1.3934625677604413,,0.0,1.3934625677604413,3.4627475878
19765,1.3934886698304645,,0.0,1.3934886698304645,3.4353623083
19770,1.3935091599380394,,0.0,1.3935091599380394,3.4161156811
19775,1.3935251334102208,,0.0,1.3935251334102208,3.4095169286
19780,1.393538141757603,,0.0,1.393538141757603,3.4092905681
19785,1.3935495867941885,,0.0,1.3935495867941885,3.4063790281
19790,1.3935603784542596,,0.0,1.3935603784542596,3.4079813041
19795,1.3935709538455,,0.0,1.3935709538455,3.4317099878
19800,1.3935813303612703,,0.0,1.3935813303612703,3.441239681
19805,1.393591197012812,,0.0,1.393591197012812,3.4573841494
19810,1.3935998983091247,,0.0,1.3935998983091247,3.4797461656
19815,1.3936066023473195,,0.0,1.3936066023473195,3.477954241
19820,1.3936106597070201,,0.0,1.3936106597070201,3.4664797459
19825,1.3936119512493834,,0.0,1.3936119512493834,3.445559056
19830,1.3936109683311915,,0.0,1.3936109683311915,3.4126908022
19835,1.3936089037505333,,0.0,1.3936089037505333,3.3833359968
19840,1.3936077779339386,,0.0,1.3936077779339386,3.3694113013
19845,1.3936098485397481,,0.0,1.3936098485397481,3.3829562909
19850,1.393617160026888,,0.0,1.393617160026888,3.4034148538
19855,1.3936311256230438,,0.0,1.3936311256230438,3.4142579613
19860,1.3936523914972843,,0.0,1.3936523914972843,3.4077467452
19865,1.3936808696823986,,0.0,1.3936808696823986,3.4199221617
19870,1.3937155686430913,,0.0,1.3937155686430913,3.4482909283
19875,1.393754823823286,,0.0,1.393754823823286,3.4575452059
19880,1.3937966826874038,,0.0,1.3937966826874038,3.4669450545
19885,1.3938391937684782,,0.0,1.3938391937684782,3.4798524721
19890,1.393881085668615,,0.0,1.393881085668615,3.4891459466
19895,1.3939215864181305,,0.0,1.3939215864181305,3.4847484743
19900,1.3939603438526085,,0.0,1.3939603438526085,3.489348121
19905,1.3939972627746569,,0.0,1.3939972627746569,3.4657168106
19910,1.3940324252627534,,0.0,1.3940324252627534,3.4224852166
19915,1.394066068071244,,0.0,1.394066068071244,3.3811772915
19920,1.3940985666921122,,0.0,1.3940985666921122,3.3603347319
19925,1.3941305610419115,,0.0,1.3941305610419115,3.3468595342
19930,1.3941624804979418,,0.0,1.3941624804979418,3.3783513528
19935,1.3941945658616322,,0.0,1.3941945658616322,3.3753077001
19940,1.3942268648112561,,0.0,1.3942268648112561,3.3845725765
19945,1.3942593406729673,,0.0,1.3942593406729673,3.3783223429
19950,1.3942919528167828,,0.0,1.3942919528167828,3.3941349836
19955,1.3943247034026625,,0.0,1.3943247034026625,3.3922814187
19960,1.3943576120066639,,0.0,1.3943576120066639,3.3896718401
19965,1.3943906660328107,,0.0,1.3943906660328107,3.3815887729
19970,1.3944239044968,,0.0,1.3944239044968,3.3557977968
19975,1.3944575083578026,,0.0,1.3944575083578026,3.3134097195
19980,1.3944918115228884,,0.0,1.3944918115228884,3.2856205894
19985,1.3945271965778046,,0.0,1.3945271965778046,3.2458791023
19990,1.3945638575324266,,0.0,1.3945638575324266,3.2261477123
19995,1.3946014656863241,,0.0,1.3946014656863241,3.2263581371
20000,1.394639112128354,,0.0,1.394639112128354,3.2153922465
20005,1.3946756033555974,,0.0,1.3946756033555974,3.2204000694
20010,1.3947094235763766,,0.0,1.3947094235763766,3.2239916766
20015,1.3947396078570082,,0.0,1.3947396078570082,3.2338268447
20020,1.3947657616296514,,0.0,1.3947657616296514,3.2604410596
20025,1.3947880699460327,,0.0,1.3947880699460327,3.2827864884
20030,1.3948072013705948,,0.0,1.3948072013705948,3.298100964
20035,1.3948240448519043,,0.0,1.3948240448519043,3.3245828085
20040,1.394839554683,,0.0,1.394839554683,3.3305740811
20045,1.394854676789918,,0.0,1.394854676789918,3.3526405309
20050,1.3948703307471826,,0.0,1.3948703307471826,3.3811458559
20055,1.394887327426493,,0.0,1.394887327426493,3.356896176
20060,1.3949062509492267,,0.0,1.3949062509492267,3.3050317589
20065,1.3949273268606746,,0.0,1.3949273268606746,3.2576117286
20070,1.3949504457531807,,0.0,1.3949504457531807,3.2310135102
20075,1.394975294455291,,0.0,1.394975294455291,3.2000931155
20080,1.3950013933649514,,0.0,1.3950013933649514,3.2172550807
20085,1.3950280273762674,,0.0,1.3950280273762674,3.2192492474
20090,1.3950542719354377,,0.0,1.3950542719354377,3.2161783984
20095,1.3950791779787999,,0.0,1.3950791779787999,3.2357638405
20100,1.3951020547739015,,0.0,1.3951020547739015,3.2604957136
20105,1.3951225940830903,,0.0,1.3951225940830903,3.2721420291
20110,1.3951408254637128,,0.0,1.3951408254637128,3.2697808337
20115,1.3951569037507923,,0.0,1.3951569037507923,3.2779700431
20120,1.395170953267076,,0.0,1.395170953267076,3.2623774845
20125,1.3951830360602548,,0.0,1.3951830360602548,3.2282914681
20130,1.3951931264154376,,0.0,1.3951931264154376,3.1864576712
20135,1.3952010875730554,,0.0,1.3952010875730554,3.1546872388
20140,1.3952067253413407,,0.0,1.3952067253413407,3.1247630243
20145,1.3952099214681715,,0.0,1.3952099214681715,3.1247164951
20150,1.3952106857302082,,0.0,1.3952106857302082,3.1325612055
20155,1.3952091266711222,,0.0,1.3952091266711222,3.1516009989
20160,1.3952053048607373,,0.0,1.3952053048607373,3.1710350073
20165,1.3951990369752956,,0.0,1.3951990369752956,3.1750818427
20170,1.3951898276109322,,0.0,1.3951898276109322,3.1936422936
20175,1.3951770109088377,,0.0,1.3951770109088377,3.2209362109
20180,1.3951601110866783,,0.0,1.3951601110866783,3.2359189577
20185,1.3951391288265464,,0.0,1.3951391288265464,3.2729784672
20190,1.3951148010158287,,0.0,1.3951148010158287,3.2998724632
20195,1.395088654677995,,0.0,1.395088654677995,3.3232251999
20200,1.3950627170832373,,0.0,1.3950627170832373,3.3500072883
20205,1.395038924010392,,0.0,1.395038924010392,3.358156276
20210,1.3950186421911646,,0.0,1.3950186421911646,3.3357891368
20215,1.395002457361219,,0.0,1.395002457361219,3.3122184282
20220,1.3949901108937721,,0.0,1.3949901108937721,3.3031693137
20225,1.3949809404996332,,0.0,1.3949809404996332,3.2867328646
20230,1.3949740331523666,,0.0,1.3949740331523666,3.2933323819
20235,1.3949682258158576,,0.0,1.3949682258158576,3.3193440938
20240,1.3949621190634276,,0.0,1.3949621190634276,3.3174113718
20245,1.3949542005820712,,0.0,1.3949542005820712,3.3372985226
20250,1.394943287850561,,0.0,1.394943287850561,3.3485353303
20255,1.3949290397089082,,0.0,1.3949290397089082,3.3605485441
20260,1.3949120633332215,,0.0,1.3949120633332215,3.363103184
20265,1.3948934064177538,,0.0,1.3948934064177538,3.360272118
20270,1.3948736587452522,,0.0,1.3948736587452522,3.3483595608
20275,1.3948524789510997,,0.0,1.3948524789510997,3.3277229931
20280,1.3948288207507002,,0.0,1.3948288207507002,3.288461941
20285,1.3948011314966389,,0.0,1.3948011314966389,3.2682574382
20290,1.394767807998437,,0.0,1.394767807998437,3.2476679493
20295,1.3947275928865714,,0.0,1.3947275928865714,3.2529043995
20300,1.3946798429931808,,0.0,1.3946798429931808,3.2679258369
20305,1.394624742119488,,0.0,1.394624742119488,3.2742923949
20310,1.3945634295193117,,0.0,1.3945634295193117,3.3062643164
20315,1.3944979154787387,,0.0,1.3944979154787387,3.2951953476
20320,1.3944307184428517,,0.0,1.3944307184428517,3.3026785666
20325,1.3943644470066408,,0.0,1.3943644470066408,3.3352950863
20330,1.3943014066886117,,0.0,1.3943014066886117,3.3510689956
20335,1.3942432497671744,,0.0,1.3942432497671744,3.3549496329
20340,1.3941905765747742,,0.0,1.3941905765747742,3.3832669248
20345,1.3941426531797592,,0.0,1.3941426531797592,3.4111679581
20350,1.3940976024405212,,0.0,1.3940976024405212,3.4339678463
20355,1.3940530735930783,,0.0,1.3940530735930783,3.4604986415
20360,1.3940068495408633,,0.0,1.3940068495408633,3.4468619072
20365,1.3939571864686384,,0.0,1.3939571864686384,3.4128329847
20370,1.3939031409286367,,0.0,1.3939031409286367,3.386618348
20375,1.3938445463311058,,0.0,1.3938445463311058,3.3847221206
20380,1.3937818579501287,,0.0,1.3937818579501287,3.3529042057
20385,1.393715922876522,,0.0,1.393715922876522,3.3713635166
20390,1.3936476645500016,,0.0,1.3936476645500016,3.3875210432
20395,1.3935778194941713,,0.0,1.3935778194941713,3.4177127394
20400,1.3935067245718367,,0.0,1.3935067245718367,3.446223587
20405,1.3934344242554357,,0.0,1.3934344242554357,3.480542556
20410,1.393360669035491,,0.0,1.393360669035491,3.5127322195
20415,1.3932850227592486,,0.0,1.3932850227592486,3.5271384461
20420,1.3932070065976943,,0.0,1.3932070065976943,3.5320076067
20425,1.393126432566104,,0.0,1.393126432566104,3.522299242
20430,1.3930440902548866,,0.0,1.3930440902548866,3.501878683
20435,1.392961641832795,,0.0,1.392961641832795,3.4729073708
20440,1.3928813850197428,,0.0,1.3928813850197428,3.4711476923
20445,1.392805472431808,,0.0,1.392805472431808,3.4608403389
20450,1.3927354264997032,,0.0,1.3927354264997032,3.4581982496
20455,1.3926717174353396,,0.0,1.3926717174353396,3.4634593335
20460,1.3926138602936058,,0.0,1.3926138602936058,3.478304876
20465,1.3925605982733888,,0.0,1.3925605982733888,3.4753223956
20470,1.392510400008563,,0.0,1.392510400008563,3.4727268085
20475,1.3924621486634197,,0.0,1.3924621486634197,3.5104299601
20480,1.3924154069256478,,0.0,1.3924154069256478,3.5163245756
20485,1.3923693278863225,,0.0,1.3923693278863225,3.5075931191
20490,1.3923227177924251,,0.0,1.3923227177924251,3.5193830301
20495,1.392274470971829,,0.0,1.392274470971829,3.5186712861
20500,1.392224620733391,,0.0,1.392224620733391,3.5294566501
20505,1.3921741026808114,,0.0,1.3921741026808114,3.5239779168
20510,1.3921237483986686,,0.0,1.3921237483986686,3.5100471033
20515,1.392073507753155,,0.0,1.392073507753155,3.4686467446
20520,1.3920226720500455,,0.0,1.3920226720500455,3.41834301
20525,1.391970572929525,,0.0,1.391970572929525,3.4015246058
20530,1.3919169945774907,,0.0,1.3919169945774907,3.3725830135
20535,1.3918622182434632,,0.0,1.3918622182434632,3.3727838056
20540,1.3918065307701228,,0.0,1.3918065307701228,3.3933621276
20545,1.3917501726860617,,0.0,1.3917501726860617,3.4067080188
20550,1.3916936455794509,,0.0,1.3916936455794509,3.428338078
20555,1.391637656166447,,0.0,1.391637656166447,3.440417182
20560,1.3915830702044678,,0.0,1.3915830702044678,3.4683942341
20565,1.391530796445502,,0.0,1.391530796445502,3.4681076054
20570,1.391481710810147,,0.0,1.391481710810147,3.4694217976
20575,1.3914366937435476,,0.0,1.3914366937435476,3.4561835921
20580,1.3913963428725156,,0.0,1.3913963428725156,3.4385538424
20585,1.391360589146542,,0.0,1.391360589146542,3.3991026764
20590,1.3913288649508904,,0.0,1.3913288649508904,3.3840926223
20595,1.3912999944033684,,0.0,1.3912999944033684,3.3712397137
20600,1.3912723660829138,,0.0,1.3912723660829138,3.3367322138
20605,1.391244407015751,,0.0,1.391244407015751,3.349264424
20610,1.3912149425701907,,0.0,1.3912149425701907,3.3631553296
20615,1.3911835048534367,,0.0,1.3911835048534367,3.36428687
20620,1.3911504370262826,,0.0,1.3911504370262826,3.375217371
20625,1.391116255000845,,0.0,1.391116255000845,3.4030755136
20630,1.3910810831680798,,0.0,1.3910810831680798,3.4319456322
20635,1.391044627727962,,0.0,1.391044627727962,3.4205050449
20640,1.3910063735868867,,0.0,1.3910063735868867,3.4366508204
20645,1.390966219999775,,0.0,1.390966219999775,3.4425067886
20650,1.3909247889668808,,0.0,1.3909247889668808,3.4538076111
20655,1.3908832332019838,,0.0,1.3908832332019838,3.4835069917
20660,1.390843055878049,,0.0,1.390843055878049,3.4975669685
20665,1.3908058381539632,,0.0,1.3908058381539632,3.4648462149
20670,1.3907727441799258,,0.0,1.3907727441799258,3.4295953914
20675,1.3907440971996259,,0.0,1.3907440971996259,3.357055887
20680,1.39071953347581,,0.0,1.39071953347581,3.3018321358
20685,1.3906979492007376,,0.0,1.3906979492007376,3.3009418165
20690,1.3906777638294059,,0.0,1.3906777638294059,3.3491472879
20695,1.390657266855432,,0.0,1.390657266855432,3.3749753156
20700,1.3906345873897235,,0.0,1.3906345873897235,3.3875827805
20705,1.3906084924816726,,0.0,1.3906084924816726,3.3956069926
20710,1.390578340304867,,0.0,1.390578340304867,3.4092624323
20715,1.390544203797743,,0.0,1.390544203797743,3.4008121495
20720,1.390507089251533,,0.0,1.390507089251533,3.4229113827
20725,1.390468613680459,,0.0,1.390468613680459,3.4058896195
20730,1.3904305957253194,,0.0,1.3904305957253194,3.3791914972
20735,1.3903950564037904,,0.0,1.3903950564037904,3.3300439008
20740,1.3903629346163546,,0.0,1.3903629346163546,3.3177947746
20745,1.3903337227951618,,0.0,1.3903337227951618,3.2914357044
20750,1.3903058807296187,,0.0,1.3903058807296187,3.2699540223
20755,1.3902777523215963,,0.0,1.3902777523215963,3.2508778371
20760,1.3902478572709693,,0.0,1.3902478572709693,3.2649790976
20765,1.390215360923743,,0.0,1.390215360923743,3.2600202019
20770,1.3901804447620258,,0.0,1.3901804447620258,3.2630914826
20775,1.3901440727418348,,0.0,1.3901440727418348,3.2870372893
20780,1.3901074359560277,,0.0,1.3901074359560277,3.307648261
20785,1.3900713417294215,,0.0,1.3900713417294215,3.2985058776
20790,1.3900362670266444,,0.0,1.3900362670266444,3.2906433364
20795,1.3900022642778818,,0.0,1.3900022642778818,3.2914844314
20800,1.3899691072330138,,0.0,1.3899691072330138,3.3294909423
20805,1.3899363393901911,,0.0,1.3899363393901911,3.3641472508
20810,1.3899032040813415,,0.0,1.3899032040813415,3.3666389094
20815,1.3898691284850877,,0.0,1.3898691284850877,3.3297414718
20820,1.3898340329102765,,0.0,1.3898340329102765,3.3053542162
20825,1.3897986259601876,,0.0,1.3897986259601876,3.3040199659
20830,1.3897643346180404,,0.0,1.3897643346180404,3.2426759791
20835,1.3897323839676414,,0.0,1.3897323839676414,3.2124904704
20840,1.3897037069297937,,0.0,1.3897037069297937,3.2175047336
20845,1.3896786799741474,,0.0,1.3896786799741474,3.2617610155
20850,1.3896572008322834,,0.0,1.3896572008322834,3.2821003347
20855,1.389638240226448,,0.0,1.389638240226448,3.3022973352
20860,1.3896204795352014,,0.0,1.3896204795352014,3.310110599
20865,1.3896029902940785,,0.0,1.3896029902940785,3.3110937854
20870,1.389585887299266,,0.0,1.389585887299266,3.3244124444
20875,1.3895696574284715,,0.0,1.3895696574284715,3.3119596659
20880,1.3895548793690677,,0.0,1.3895548793690677,3.2703972609
20885,1.3895419760866843,,0.0,1.3895419760866843,3.2346530381
20890,1.38953115484653,,0.0,1.38953115484653,3.2205882707
20895,1.3895221113443537,,0.0,1.3895221113443537,3.2067861602
20900,1.3895138808056267,,0.0,1.3895138808056267,3.1819025455
20905,1.389505599200899,,0.0,1.389505599200899,3.1779104848
20910,1.3894967088285146,,0.0,1.3894967088285146,3.1639734327
20915,1.389487293153872,,0.0,1.389487293153872,3.1770587143
20920,1.3894778544017627,,0.0,1.3894778544017627,3.1944427846
20925,1.3894687917100474,,0.0,1.3894687917100474,3.1992628438
20930,1.3894602678032875,,0.0,1.3894602678032875,3.2265860973
20935,1.3894523249257518,,0.0,1.3894523249257518,3.2296968076
20940,1.38944465870498,,0.0,1.38944465870498,3.222895214
20945,1.389436830873732,,0.0,1.389436830873732,3.2379874662
20950,1.3894284668722168,,0.0,1.3894284668722168,3.2655910964
20955,1.3894194029299984,,0.0,1.3894194029299984,3.3172360315
20960,1.3894097335623765,,0.0,1.3894097335623765,3.3290413653
20965,1.3893998786428274,,0.0,1.3893998786428274,3.3044840985
20970,1.3893904818621503,,0.0,1.3893904818621503,3.2579642999
20975,1.3893821432572169,,0.0,1.3893821432572169,3.2371053345
20980,1.389375316078569,,0.0,1.389375316078569,3.2356795611
20985,1.3893700386825472,,0.0,1.3893700386825472,3.2079523931
20990,1.3893657771270544,,0.0,1.3893657771270544,3.1855181657
20995,1.389361578028509,,0.0,1.389361578028509,3.2462059817
21000,1.3893561663284517,,0.0,1.3893561663284517,3.261466834
21005,1.3893482789732547,,0.0,1.3893482789732547,3.2500267602
21010,1.38933696776324,,0.0,1.38933696776324,3.24760676
21015,1.3893217257444408,,0.0,1.3893217257444408,3.2740284633
21020,1.3893023193228735,,0.0,1.3893023193228735,3.2827248436
21025,1.3892788822568993,,0.0,1.3892788822568993,3.2736097264
21030,1.38925191149646,,0.0,1.38925191149646,3.2568300708
21035,1.389222234419896,,0.0,1.389222234419896,3.2414488082
21040,1.3891908387882563,,0.0,1.3891908387882563,3.2307826291
21045,1.3891586427891442,,0.0,1.3891586427891442,3.2209861171
21050,1.3891263322666823,,0.0,1.3891263322666823,3.2142988496
21055,1.3890943770462625,,0.0,1.3890943770462625,3.1974421845
21060,1.3890631982518644,,0.0,1.3890631982518644,3.1922117029
21065,1.3890333288251833,,0.0,1.3890333288251833,3.2117698288
21070,1.3890054999922368,,0.0,1.3890054999922368,3.2494284025
21075,1.388980487224117,,0.0,1.388980487224117,3.2886925504
21080,1.3889588504733863,,0.0,1.3889588504733863,3.3264969321
21085,1.3889408555287999,,0.0,1.3889408555287999,3.3444039127
21090,1.38892640798874,,0.0,1.38892640798874,3.3362691687
21095,1.3889151256539791,,0.0,1.3889151256539791,3.3414418659
21100,1.3889064624639076,,0.0,1.3889064624639076,3.3937095363
21105,1.3888997984872853,,0.0,1.3888997984872853,3.4408932562
21110,1.3888944838490072,,0.0,1.3888944838490072,3.436719565
21115,1.3888898815427813,,0.0,1.3888898815427813,3.4183448216
21120,1.3888854663572958,,0.0,1.3888854663572958,3.3657722706
21125,1.3888809306915182,,0.0,1.3888809306915182,3.3209155712
21130,1.3888762157945385,,0.0,1.3888762157945385,3.3131143132
21135,1.3888714334613357,,0.0,1.3888714334613357,3.297828643
21140,1.3888667454842776,,0.0,1.3888667454842776,3.281175231
21145,1.388862284280277,,0.0,1.388862284280277,3.3114111167
21150,1.3888581606439108,,0.0,1.3888581606439108,3.3523440249
21155,1.3888544852560736,,0.0,1.3888544852560736,3.3734071055
21160,1.3888513349658664,,0.0,1.3888513349658664,3.3702369464
21165,1.3888487504487455,,0.0,1.3888487504487455,3.3930889553
21170,1.3888467235195996,,0.0,1.3888467235195996,3.4120382789
21175,1.3888452514273217,,0.0,1.3888452514273217,3.4094722889
21180,1.3888444429656837,,0.0,1.3888444429656837,3.4092697195
21185,1.3888445530099585,,0.0,1.3888445530099585,3.4027607574
21190,1.3888458805440753,,0.0,1.3888458805440753,3.3896402527
21195,1.3888485795163368,,0.0,1.3888485795163368,3.3795511667
21200,1.3888525105070124,,0.0,1.3888525105070124,3.3570852321
21205,1.388857226472604,,0.0,1.388857226472604,3.332115067
21210,1.3888620490265347,,0.0,1.3888620490265347,3.3049677143
21215,1.3888662071995237,,0.0,1.3888662071995237,3.327178278
21220,1.3888689622397978,,0.0,1.3888689622397978,3.3391514847
21225,1.3888697426219565,,0.0,1.3888697426219565,3.3586719804
21230,1.3888681458431489,,0.0,1.3888681458431489,3.3882096228
21235,1.388864023457286,,0.0,1.388864023457286,3.4035872222
21240,1.3888575480337984,,0.0,1.3888575480337984,3.4107393046
21245,1.388849253992249,,0.0,1.388849253992249,3.4220847426
21250,1.3888401470327234,,0.0,1.3888401470327234,3.4577666984
21255,1.3888315496645887,,0.0,1.3888315496645887,3.4773869325
21260,1.3888248355541595,,0.0,1.3888248355541595,3.48923616
21265,1.388821269824078,,0.0,1.388821269824078,3.4738049241
21270,1.388821739103796,,0.0,1.388821739103796,3.4243108103
21275,1.3888265250520897,,0.0,1.3888265250520897,3.3769902892
21280,1.3888351813984987,,0.0,1.3888351813984987,3.3562954406
21285,1.388846911777161,,0.0,1.388846911777161,3.3195050811
21290,1.3888606000799328,,0.0,1.3888606000799328,3.3100437453
21295,1.388874969179342,,0.0,1.388874969179342,3.3074090914
21300,1.3888887731650212,,0.0,1.3888887731650212,3.3450961566
21305,1.3889010890292461,,0.0,1.3889010890292461,3.364540773
21310,1.3889113912878674,,0.0,1.3889113912878674,3.3745537409
21315,1.3889194551458963,,0.0,1.3889194551458963,3.3759538469
21320,1.3889253650691344,,0.0,1.3889253650691344,3.3889545453
21325,1.3889295149205934,,0.0,1.3889295149205934,3.3994571997
21330,1.3889325450033456,,0.0,1.3889325450033456,3.3840754695
21335,1.3889353045681676,,0.0,1.3889353045681676,3.3770920418
21340,1.388938767597838,,0.0,1.388938767597838,3.3684296761
21345,1.3889438698779493,,0.0,1.3889438698779493,3.3503394514
21350,1.3889514341486116,,0.0,1.3889514341486116,3.34671042
21355,1.388962134635637,,0.0,1.388962134635637,3.3313631478
21360,1.3889764992559714,,0.0,1.3889764992559714,3.3291702811
21365,1.3889949642987869,,0.0,1.3889949642987869,3.3644547267
21370,1.3890178500747745,,0.0,1.3890178500747745,3.3704088999
21375,1.3890452234517467,,0.0,1.3890452234517467,3.3751114607
21380,1.389076786423441,,0.0,1.389076786423441,3.4110613912
21385,1.3891118568290344,,0.0,1.3891118568290344,3.4387086936
21390,1.3891493801078747,,0.0,1.3891493801078747,3.4310922415
21395,1.3891880816107585,,0.0,1.3891880816107585,3.4191057125
21400,1.3892267264544826,,0.0,1.3892267264544826,3.4314236856
21405,1.3892643761478205,,0.0,1.3892643761478205,3.437951041
21410,1.3893004105549045,,0.0,1.3893004105549045,3.4549831666
21415,1.3893346118608267,,0.0,1.3893346118608267,3.4426561491
21420,1.3893671517710344,,0.0,1.3893671517710344,3.4016586038
21425,1.389398420738076,,0.0,1.389398420738076,3.34310424
21430,1.3894290386477182,,0.0,1.3894290386477182,3.3052718676
21435,1.3894599756857575,,0.0,1.3894599756857575,3.2734817167
21440,1.3894924208533013,,0.0,1.3894924208533013,3.2610129119
21445,1.3895274791858556,,0.0,1.3895274791858556,3.2483292365
21450,1.3895658835009879,,0.0,1.3895658835009879,3.2598329888
21455,1.3896078723264849,,0.0,1.3896078723264849,3.2930748148
21460,1.3896533681538894,,0.0,1.3896533681538894,3.307615069
21465,1.3897021185179887,,0.0,1.3897021185179887,3.3181156536
21470,1.389753672191783,,0.0,1.389753672191783,3.3390978252
21475,1.3898073435585134,,0.0,1.3898073435585134,3.3455126402
21480,1.3898623832257626,,0.0,1.3898623832257626,3.3418992247
21485,1.389918284421455,,0.0,1.389918284421455,3.3054117223
21490,1.3899749854844186,,0.0,1.3899749854844186,3.2798165802
21495,1.3900327828066301,,0.0,1.3900327828066301,3.2665252617
21500,1.390091604268164,,0.0,1.390091604268164,3.2520204729
21505,1.3901514011448715,,0.0,1.3901514011448715,3.2504406546
21510,1.3902119139459856,,0.0,1.3902119139459856,3.2647423344
21515,1.3902726070923868,,0.0,1.3902726070923868,3.2972539858
21520,1.3903325687171968,,0.0,1.3903325687171968,3.3178734986
21525,1.3903905069142695,,0.0,1.3903905069142695,3.3227212945
21530,1.3904448610329692,,0.0,1.3904448610329692,3.3614958006
21535,1.3904936716940557,,0.0,1.3904936716940557,3.3893559433
21540,1.3905347799379888,,0.0,1.3905347799379888,3.3995113582
21545,1.3905662441426727,,0.0,1.3905662441426727,3.4225263988
21550,1.390586973664755,,0.0,1.390586973664755,3.4409040047
21555,1.3905972823350468,,0.0,1.3905972823350468,3.4769930279
21560,1.3905990776937505,,0.0,1.3905990776937505,3.5204187144
21565,1.3905959361570652,,0.0,1.3905959361570652,3.5188435676
21570,1.3905927695193718,,0.0,1.3905927695193718,3.4820944325
21575,1.3905949543302214,,0.0,1.3905949543302214,3.4378782554
21580,1.3906077563673245,,0.0,1.3906077563673245,3.4140863995
21585,1.3906358155656828,,0.0,1.3906358155656828,3.3957397223
21590,1.390680830836105,,0.0,1.390680830836105,3.3799824235
21595,1.3907418657791146,,0.0,1.3907418657791146,3.3837114685
21600,1.390816055651209,,0.0,1.390816055651209,3.4049857173
21605,1.3908989351103596,,0.0,1.3908989351103596,3.4339983664
21610,1.3909856047990066,,0.0,1.3909856047990066,3.4694733404
21615,1.3910722021176276,,0.0,1.3910722021176276,3.4860634933
21620,1.391155891243446,,0.0,1.391155891243446,3.4954401545
21625,1.3912339524685855,,0.0,1.3912339524685855,3.5045755375
21630,1.3913056498151162,,0.0,1.3913056498151162,3.494303142
21635,1.3913720198137098,,0.0,1.3913720198137098,3.4722343054
21640,1.3914351035128292,,0.0,1.3914351035128292,3.431055416
21645,1.3914971802386233,,0.0,1.3914971802386233,3.3914520195
21650,1.391560078090242,,0.0,1.391560078090242,3.3541196133
21655,1.391624830824513,,0.0,1.391624830824513,3.3262832264
21660,1.3916917665052468,,0.0,1.3916917665052468,3.3185321834
21665,1.3917606709326271,,0.0,1.3917606709326271,3.3474748903
21670,1.3918309149444268,,0.0,1.3918309149444268,3.3536500875
21675,1.3919015042315073,,0.0,1.3919015042315073,3.3422724803
21680,1.3919711369291705,,0.0,1.3919711369291705,3.3560168445
21685,1.392038376595846,,0.0,1.392038376595846,3.3897915111
21690,1.3921018923324264,,0.0,1.3921018923324264,3.403430987
21695,1.392160789006039,,0.0,1.392160789006039,3.3924697446
21700,1.3922147943253131,,0.0,1.3922147943253131,3.3944625158
21705,1.3922642702995343,,0.0,1.3922642702995343,3.3835770534
21710,1.3923100436931595,,0.0,1.3923100436931595,3.3944082538
21715,1.392353118410097,,0.0,1.392353118410097,3.412197741
21720,1.3923942404550376,,0.0,1.3923942404550376,3.3744921543
21725,1.3924336691823291,,0.0,1.3924336691823291,3.3395645971
21730,1.3924712432543327,,0.0,1.3924712432543327,3.3102273783
21735,1.3925068054032275,,0.0,1.3925068054032275,3.2982298373
21740,1.3925402465396688,,0.0,1.3925402465396688,3.3007902289
21745,1.3925714608256192,,0.0,1.3925714608256192,3.3100469071
21750,1.3926004648586654,,0.0,1.3926004648586654,3.3095749999
21755,1.392627334896762,,0.0,1.392627334896762,3.3303552589
21760,1.3926522724300667,,0.0,1.3926522724300667,3.3659614932
21765,1.392675734824413,,0.0,1.392675734824413,3.407478977
21770,1.3926985956812836,,0.0,1.3926985956812836,3.4366301699
21775,1.3927220453204983,,0.0,1.3927220453204983,3.4537561442
21780,1.3927474102757709,,0.0,1.3927474102757709,3.4620551162
21785,1.3927760042802109,,0.0,1.3927760042802109,3.4507758524
21790,1.3928089531276768,,0.0,1.3928089531276768,3.4224521042
21795,1.3928469425486087,,0.0,1.3928469425486087,3.4130821142
21800,1.392889910608998,,0.0,1.392889910608998,3.3931090846
21805,1.3929369192723455,,0.0,1.3929369192723455,3.3812413863
21810,1.3929862320445412,,0.0,1.3929862320445412,3.3897087827
21815,1.3930355730098978,,0.0,1.3930355730098978,3.4162473523
21820,1.3930826273734507,,0.0,1.3930826273734507,3.4309574057
21825,1.3931255238823246,,0.0,1.3931255238823246,3.4401966868
21830,1.3931631270114735,,0.0,1.3931631270114735,3.4413241947
21835,1.3931951130170062,,0.0,1.3931951130170062,3.4800529462
21840,1.39322181310036,,0.0,1.39322181310036,3.5073479641
21845,1.393244004483331,,0.0,1.393244004483331,3.4978739185
21850,1.3932627916102782,,0.0,1.3932627916102782,3.5044186815
21855,1.393279617084343,,0.0,1.393279617084343,3.5088902547
21860,1.3932962631907864,,0.0,1.3932962631907864,3.5192204721
21865,1.3933146304897306,,0.0,1.3933146304897306,3.5310072623
21870,1.3933363536843315,,0.0,1.3933363536843315,3.5205894357
21875,1.3933623814972056,,0.0,1.3933623814972056,3.4762074273
21880,1.3933928643525104,,0.0,1.3933928643525104,3.4266913938
21885,1.3934271285928443,,0.0,1.3934271285928443,3.4046176943
21890,1.3934638407498854,,0.0,1.3934638407498854,3.3838442025
21895,1.3935012289516515,,0.0,1.3935012289516515,3.3755575007
21900,1.3935372334376062,,0.0,1.3935372334376062,3.3750266513
21905,1.3935696839709453,,0.0,1.3935696839709453,3.3735378897
21910,1.393596743448897,,0.0,1.393596743448897,3.3764559493
21915,1.3936172937170401,,0.0,1.3936172937170401,3.3937043839
21920,1.393630949825041,,0.0,1.393630949825041,3.4113421219
21925,1.3936381109789688,,0.0,1.3936381109789688,3.429872928
21930,1.3936399217984385,,0.0,1.3936399217984385,3.4378211486
21935,1.3936383742439813,,0.0,1.3936383742439813,3.4357129543
21940,1.3936358139184117,,0.0,1.3936358139184117,3.4192607845
21945,1.3936346573849132,,0.0,1.3936346573849132,3.4022546406
21950,1.393637058691958,,0.0,1.393637058691958,3.3715795868
21955,1.3936447577441207,,0.0,1.3936447577441207,3.3484016065
21960,1.3936588549159417,,0.0,1.3936588549159417,3.346102354
21965,1.393679726722543,,0.0,1.393679726722543,3.3663221444
21970,1.3937073690941055,,0.0,1.3937073690941055,3.3861637797
21975,1.3937415391829224,,0.0,1.3937415391829224,3.3952335982
21980,1.3937816835163113,,0.0,1.3937816835163113,3.3865144075
21985,1.3938268196308077,,0.0,1.3938268196308077,3.412180902
21990,1.3938755307745818,,0.0,1.3938755307745818,3.4396043528
21995,1.3939261206742497,,0.0,1.3939261206742497,3.4437883254
22000,1.3939769512844011,,0.0,1.3939769512844011,3.4538308107
22005,1.3940268908087623,,0.0,1.3940268908087623,3.4526420313
22010,1.394075239875041,,0.0,1.394075239875041,3.4630418759
22015,1.3941218859379556,,0.0,1.3941218859379556,3.4565875783
22020,1.3941668967293026,,0.0,1.3941668967293026,3.4581539681
22025,1.394210016555298,,0.0,1.394210016555298,3.4392958853
22030,1.3942510947871565,,0.0,1.3942510947871565,3.3712671328
22035,1.3942902759603024,,0.0,1.3942902759603024,3.3100952227
22040,1.3943275843344964,,0.0,1.3943275843344964,3.2933134007
22045,1.3943627887258159,,0.0,1.3943627887258159,3.2711796878
22050,1.3943953683338135,,0.0,1.3943953683338135,3.2931720063
22055,1.3944246455449516,,0.0,1.3944246455449516,3.3031792305
22060,1.3944501463730727,,0.0,1.3944501463730727,3.3112491385
22065,1.3944719970735198,,0.0,1.3944719970735198,3.3191449549
22070,1.3944909602258342,,0.0,1.3944909602258342,3.3486338482
22075,1.394508289834549,,0.0,1.394508289834549,3.3612595446
22080,1.3945252825577226,,0.0,1.3945252825577226,3.3552997437
22085,1.3945428883684732,,0.0,1.3945428883684732,3.3585242726
22090,1.3945615611766984,,0.0,1.3945615611766984,3.3324790655
22095,1.3945812765180103,,0.0,1.3945812765180103,3.2921137538
22100,1.3946016341631997,,0.0,1.3946016341631997,3.2539359257
22105,1.3946221072639322,,0.0,1.3946221072639322,3.2043729596
22110,1.3946424313274286,,0.0,1.3946424313274286,3.1855489754
22115,1.3946625970999658,,0.0,1.3946625970999658,3.1848696578
22120,1.394682998694656,,0.0,1.394682998694656,3.1871517594
22125,1.39470417587412,,0.0,1.39470417587412,3.2086030113
22130,1.3947266739941393,,0.0,1.3947266739941393,3.2040628135
22135,1.3947507590708323,,0.0,1.3947507590708323,3.2075482727
22140,1.3947761605180595,,0.0,1.3947761605180595,3.231498151
22145,1.3948019960262896,,0.0,1.3948019960262896,3.2492907916
22150,1.3948269322636182,,0.0,1.3948269322636182,3.254412418
22155,1.3948495135534633,,0.0,1.3948495135534633,3.269278887
22160,1.394868606598948,,0.0,1.394868606598948,3.273511235
22165,1.3948838301103008,,0.0,1.3948838301103008,3.285382392
22170,1.3948955666960057,,0.0,1.3948955666960057,3.3147175029
22175,1.394904666061567,,0.0,1.394904666061567,3.301643251
22180,1.394912054716118,,0.0,1.394912054716118,3.2519040133
22185,1.3949185890951437,,0.0,1.3949185890951437,3.2033290743
22190,1.3949250412365366,,0.0,1.3949250412365366,3.1781004208
22195,1.3949321430711437,,0.0,1.3949321430711437,3.1661121597
22200,1.3949405001380504,,0.0,1.3949405001380504,3.1848046005
22205,1.3949503759751065,,0.0,1.3949503759751065,3.1844982995
22210,1.394961545969214,,0.0,1.394961545969214,3.1988790445
22215,1.3949733929175037,,0.0,1.3949733929175037,3.2137272949
22220,1.394985377693974,,0.0,1.394985377693974,3.2384867947
22225,1.3949970801750482,,0.0,1.3949970801750482,3.230019722
22230,1.3950079634856303,,0.0,1.3950079634856303,3.2212022918
22235,1.3950172630226372,,0.0,1.3950172630226372,3.2211785866
22240,1.395024197903709,,0.0,1.395024197903709,3.1943350327
22245,1.3950283236090895,,0.0,1.3950283236090895,3.1600181578
22250,1.3950297711915063,,0.0,1.3950297711915063,3.1274863784
22255,1.3950291943230468,,0.0,1.3950291943230468,3.1187852488
22260,1.3950274465289345,,0.0,1.3950274465289345,3.1091602956
22265,1.3950252176776388,,0.0,1.3950252176776388,3.1199095258
22270,1.3950228826699955,,0.0,1.3950228826699955,3.1415836383
22275,1.395020530428146,,0.0,1.395020530428146,3.1616685691
22280,1.3950181538355901,,0.0,1.3950181538355901,3.181579893
22285,1.39501582655833,,0.0,1.39501582655833,3.186929556
22290,1.3950137358080519,,0.0,1.3950137358080519,3.2169366258
22295,1.395012051243925,,0.0,1.395012051243925,3.2365145541
22300,1.3950107631120248,,0.0,1.3950107631120248,3.2489004958
22305,1.395009561196631,,0.0,1.395009561196631,3.2776298771
22310,1.3950078608989012,,0.0,1.3950078608989012,3.2860184107
22315,1.395004893864243,,0.0,1.395004893864243,3.3035373794
22320,1.3949998639996306,,0.0,1.3949998639996306,3.320879367
22325,1.394992010999165,,0.0,1.394992010999165,3.2963897416
22330,1.394980727686738,,0.0,1.394980727686738,3.2490475505
22335,1.3949657495923073,,0.0,1.3949657495923073,3.2170210861
22340,1.3949474265157011,,0.0,1.3949474265157011,3.2069799197
22345,1.3949269623731182,,0.0,1.3949269623731182,3.1805476139
22350,1.3949061079144058,,0.0,1.3949061079144058,3.1883010383
22355,1.3948865512733086,,0.0,1.3948865512733086,3.2060442424
22360,1.3948693638354306,,0.0,1.3948693638354306,3.2177745463
22365,1.3948545701788424,,0.0,1.3948545701788424,3.2500045188
22370,1.3948411627163357,,0.0,1.3948411627163357,3.2752507814
22375,1.3948274652735226,,0.0,1.3948274652735226,3.2933581487
22380,1.394811560033339,,0.0,1.394811560033339,3.3009688324
22385,1.394791654592816,,0.0,1.394791654592816,3.3064108455
22390,1.3947663676234656,,0.0,1.3947663676234656,3.2975869187
22395,1.3947349653755274,,0.0,1.3947349653755274,3.273900674
22400,1.3946974699488022,,0.0,1.3946974699488022,3.2358651221
22405,1.3946544054859906,,0.0,1.3946544054859906,3.2152418126
22410,1.3946065316108993,,0.0,1.3946065316108993,3.1996359661
22415,1.394554804776527,,0.0,1.394554804776527,3.192873527
22420,1.3945004893097421,,0.0,1.3945004893097421,3.1992294614
22425,1.394445321977492,,0.0,1.394445321977492,3.2146355795
22430,1.39439142297372,,0.0,1.39439142297372,3.2522210742
22435,1.3943409584426745,,0.0,1.3943409584426745,3.2418211769
22440,1.3942957564380314,,0.0,1.3942957564380314,3.2700928366
22445,1.3942566699620766,,0.0,1.3942566699620766,3.3070802273
22450,1.3942232363968634,,0.0,1.3942232363968634,3.3237019771
22455,1.394193834999397,,0.0,1.394193834999397,3.3480353852
22460,1.3941658730219724,,0.0,1.3941658730219724,3.3844021636
22465,1.39413656204725,,0.0,1.39413656204725,3.4301437154
22470,1.3941034625482625,,0.0,1.3941034625482625,3.4547021852
22475,1.394064762045781,,0.0,1.394064762045781,3.4678378204
22480,1.3940195398057236,,0.0,1.3940195398057236,3.4320684304
22485,1.393967229395648,,0.0,1.393967229395648,3.4117079928
22490,1.3939077934596151,,0.0,1.3939077934596151,3.3943385766
22495,1.393842309385644,,0.0,1.393842309385644,3.3735097821
22500,1.3937722554503194,,0.0,1.3937722554503194,3.3354521289
22505,1.3936988287943863,,0.0,1.3936988287943863,3.3309890261
22510,1.3936228985175163,,0.0,1.3936228985175163,3.3433163882
22515,1.393545011862613,,0.0,1.393545011862613,3.3708322992
22520,1.3934656637788128,,0.0,1.3934656637788128,3.3821370824
22525,1.393385584537204,,0.0,1.393385584537204,3.4101359852
22530,1.3933058906779219,,0.0,1.3933058906779219,3.4193206059
22535,1.3932277470332581,,0.0,1.3932277470332581,3.4246179083
22540,1.3931522599801682,,0.0,1.3931522599801682,3.4276044144
22545,1.393080667243908,,0.0,1.393080667243908,3.4231837014
22550,1.3930141692392675,,0.0,1.3930141692392675,3.3798429022
22555,1.3929535882516284,,0.0,1.3929535882516284,3.3569049157
22560,1.3928990235709386,,0.0,1.3928990235709386,3.3585579741
22565,1.3928499200420206,,0.0,1.3928499200420206,3.3382727414
22570,1.392804856502178,,0.0,1.392804856502178,3.333780121
22575,1.3927614456272646,,0.0,1.3927614456272646,3.3440677199
22580,1.3927172258587208,,0.0,1.3927172258587208,3.3521997944
22585,1.3926705416440928,,0.0,1.3926705416440928,3.3582278259
22590,1.3926209518286143,,0.0,1.3926209518286143,3.3716980938
22595,1.3925694385119665,,0.0,1.3925694385119665,3.3839967085
22600,1.3925178170836394,,0.0,1.3925178170836394,3.3835815507
22605,1.3924678054393524,,0.0,1.3924678054393524,3.380211338
22610,1.3924204995882532,,0.0,1.3924204995882532,3.389629471
22615,1.3923762749995883,,0.0,1.3923762749995883,3.3718903362
22620,1.3923348504465738,,0.0,1.3923348504465738,3.3886961725
22625,1.3922954564832692,,0.0,1.3922954564832692,3.4012869099
22630,1.3922571244472175,,0.0,1.3922571244472175,3.3924094528
22635,1.3922188626439684,,0.0,1.3922188626439684,3.3628074739
22640,1.3921798632485038,,0.0,1.3921798632485038,3.3307193869
22645,1.3921397981515404,,0.0,1.3921397981515404,3.3150598858
22650,1.3920987624822612,,0.0,1.3920987624822612,3.276412974
22655,1.3920572015334605,,0.0,1.3920572015334605,3.2996996949
22660,1.3920154051944988,,0.0,1.3920154051944988,3.315597592
22665,1.3919739013141135,,0.0,1.3919739013141135,3.3363439412
22670,1.3919334184126881,,0.0,1.3919334184126881,3.3405025582
22675,1.391894599385247,,0.0,1.391894599385247,3.3543485257
22680,1.3918582409386988,,0.0,1.3918582409386988,3.378659669
22685,1.3918249571155505,,0.0,1.3918249571155505,3.3709962912
22690,1.3917948058027287,,0.0,1.3917948058027287,3.3717936927
22695,1.3917672758172928,,0.0,1.3917672758172928,3.3615955807
22700,1.3917413070963751,,0.0,1.3917413070963751,3.3372796023
22705,1.3917155623519357,,0.0,1.3917155623519357,3.3005694425
22710,1.3916884830023526,,0.0,1.3916884830023526,3.296930889
22715,1.3916583949877253,,0.0,1.3916583949877253,3.2654575086
22720,1.391623972229068,,0.0,1.391623972229068,3.2497332803
22725,1.391584571672201,,0.0,1.391584571672201,3.2635545205
22730,1.3915402139390582,,0.0,1.3915402139390582,3.27547816
22735,1.3914916820719592,,0.0,1.3914916820719592,3.2753033698
22740,1.3914401525897167,,0.0,1.3914401525897167,3.280551733
22745,1.3913868326825733,,0.0,1.3913868326825733,3.3132994582
22750,1.3913329985230725,,0.0,1.3913329985230725,3.324792838
22755,1.3912800799364864,,0.0,1.3912800799364864,3.3044966059
22760,1.391229741319737,,0.0,1.391229741319737,3.3122900473
22765,1.3911836967488254,,0.0,1.3911836967488254,3.3266501615
22770,1.391143734079436,,0.0,1.391143734079436,3.358080456
22775,1.391111079077468,,0.0,1.391111079077468,3.4037427907
22780,1.3910859747952558,,0.0,1.3910859747952558,3.403216877
22785,1.3910675976514417,,0.0,1.3910675976514417,3.3769367184
22790,1.3910541131124696,,0.0,1.3910541131124696,3.3196520643
22795,1.391043213067882,,0.0,1.391043213067882,3.2721675406
22800,1.39103251567301,,0.0,1.39103251567301,3.2405922836
22805,1.39102035634904,,0.0,1.39102035634904,3.249599489
22810,1.3910047173978126,,0.0,1.3910047173978126,3.3028440134
22815,1.3909839804636575,,0.0,1.3909839804636575,3.3251126747
22820,1.39095720500907,,0.0,1.39095720500907,3.3276179216
22825,1.3909246391793428,,0.0,1.3909246391793428,3.3325062351
22830,1.3908878379864795,,0.0,1.3908878379864795,3.3583868272
22835,1.3908489338566166,,0.0,1.3908489338566166,3.3707489536
22840,1.3908097836050024,,0.0,1.3908097836050024,3.373275793
22845,1.390771635438383,,0.0,1.390771635438383,3.3515305281
22850,1.3907350042002624,,0.0,1.3907350042002624,3.3266564071
22855,1.3906993942594115,,0.0,1.3906993942594115,3.2922119469
22860,1.390663265018718,,0.0,1.390663265018718,3.2827767098
22865,1.390624740018666,,0.0,1.390624740018666,3.2662077968
22870,1.3905822237082146,,0.0,1.3905822237082146,3.2480864393
22875,1.3905354970901624,,0.0,1.3905354970901624,3.2438619465
22880,1.3904857254287935,,0.0,1.3904857254287935,3.2529771354
22885,1.3904343615813735,,0.0,1.3904343615813735,3.250354212
22890,1.390383172963546,,0.0,1.390383172963546,3.271742316
22895,1.3903338100575435,,0.0,1.3903338100575435,3.2841652314
22900,1.390286655881105,,0.0,1.390286655881105,3.3057972987
22905,1.390241354222731,,0.0,1.390241354222731,3.2856793834
22910,1.3901977462003159,,0.0,1.3901977462003159,3.2897152843
22915,1.390155850616879,,0.0,1.390155850616879,3.3063724081
22920,1.390115999083113,,0.0,1.390115999083113,3.3462152983
22925,1.3900791802467873,,0.0,1.3900791802467873,3.3618659797
22930,1.390045906905129,,0.0,1.390045906905129,3.3617622565
22935,1.3900161636201083,,0.0,1.3900161636201083,3.3285297434
22940,1.3899893753194432,,0.0,1.3899893753194432,3.2781976648
22945,1.3899646515767,,0.0,1.3899646515767,3.2530952337
22950,1.3899412052115299,,0.0,1.3899412052115299,3.2194582531
22955,1.3899179709544263,,0.0,1.3899179709544263,3.2166227714
22960,1.3898939844628522,,0.0,1.3898939844628522,3.2503397446
22965,1.3898686740067794,,0.0,1.3898686740067794,3.2811378884
22970,1.389842066892649,,0.0,1.389842066892649,3.2897515893
22975,1.3898146880361995,,0.0,1.3898146880361995,3.2953602304
22980,1.3897870708793272,,0.0,1.3897870708793272,3.3028732421
22985,1.3897596318395726,,0.0,1.3897596318395726,3.3136985542
22990,1.389732568314538,,0.0,1.389732568314538,3.3136942818
22995,1.389705974410268,,0.0,1.389705974410268,3.2865620303
23000,1.389680094247708,,0.0,1.389680094247708,3.2672209057
23005,1.3896551458918676,,0.0,1.3896551458918676,3.228753896
23010,1.3896312201974816,,0.0,1.3896312201974816,3.2188570257
23015,1.389608449172208,,0.0,1.389608449172208,3.2032352309
23020,1.3895871260931338,,0.0,1.3895871260931338,3.186282196
23025,1.3895675965538499,,0.0,1.3895675965538499,3.1644608525
23030,1.3895500042257964,,0.0,1.3895500042257964,3.1746005302
23035,1.3895342842647032,,0.0,1.3895342842647032,3.1794340368
23040,1.3895203578206634,,0.0,1.3895203578206634,3.2122237932
23045,1.3895078208902227,,0.0,1.3895078208902227,3.2254678968
23050,1.3894959683487738,,0.0,1.3894959683487738,3.2366329752
23055,1.389484207389626,,0.0,1.389484207389626,3.2122887754
23060,1.3894720099821518,,0.0,1.3894720099821518,3.2088862839
23065,1.3894590671838696,,0.0,1.3894590671838696,3.2175783009
23070,1.3894454777163172,,0.0,1.3894454777163172,3.2714243218
23075,1.38943165167631,,0.0,1.38943165167631,3.3057301888
23080,1.3894177578590339,,0.0,1.3894177578590339,3.3013504378
23085,1.3894037340349052,,0.0,1.3894037340349052,3.2745345449
23090,1.3893893174391139,,0.0,1.3893893174391139,3.2294784524
23095,1.3893742646782785,,0.0,1.3893742646782785,3.2186277855
23100,1.3893582480751074,,0.0,1.3893582480751074,3.1779395912
23105,1.3893409333360114,,0.0,1.3893409333360114,3.1557811102
23110,1.3893222350857315,,0.0,1.3893222350857315,3.201236419
23115,1.3893024513305305,,0.0,1.3893024513305305,3.2346685331
23120,1.3892823796867737,,0.0,1.3892823796867737,3.2466529612
23125,1.389262963624964,,0.0,1.389262963624964,3.2414884826
23130,1.3892451257663065,,0.0,1.3892451257663065,3.2747121749
23135,1.3892295401774581,,0.0,1.3892295401774581,3.2878414179
23140,1.389216512822428,,0.0,1.389216512822428,3.2785564294
23145,1.3892060161446758,,0.0,1.3892060161446758,3.2760756553
23150,1.389197877074568,,0.0,1.389197877074568,3.2543439207
23155,1.3891918063593647,,0.0,1.3891918063593647,3.2242371004
23160,1.389187351794399,,0.0,1.389187351794399,3.2152697701
23165,1.3891838810798185,,0.0,1.3891838810798185,3.205575661
23170,1.3891806073990576,,0.0,1.3891806073990576,3.192844345
23175,1.3891767262466153,,0.0,1.3891767262466153,3.1939582807
23180,1.3891714878208183,,0.0,1.3891714878208183,3.2042418761
23185,1.389164308318599,,0.0,1.389164308318599,3.2425385019
23190,1.3891547737324776,,0.0,1.3891547737324776,3.2869804402
23195,1.3891425316934098,,0.0,1.3891425316934098,3.3102043343
23200,1.3891272553198792,,0.0,1.3891272553198792,3.3409704256
23205,1.3891085727122565,,0.0,1.3891085727122565,3.3446707601
23210,1.3890863186222382,,0.0,1.3890863186222382,3.354774479
23215,1.389060720345819,,0.0,1.389060720345819,3.3713430628
23220,1.3890324405587096,,0.0,1.3890324405587096,3.4119906602
23225,1.3890024479006293,,0.0,1.3890024479006293,3.4455404604
23230,1.3889716835229668,,0.0,1.3889716835229668,3.4470760359
23235,1.3889409898328355,,0.0,1.3889409898328355,3.4136851531
23240,1.3889110017220396,,0.0,1.3889110017220396,3.3564951193
23245,1.3888821172825647,,0.0,1.3888821172825647,3.3303400529
23250,1.3888545021264973,,0.0,1.3888545021264973,3.3000851967
23255,1.388828205637343,,0.0,1.388828205637343,3.289603169
23260,1.3888032466408573,,0.0,1.3888032466408573,3.2940907106
23265,1.3887797124448953,,0.0,1.3887797124448953,3.3280675563
23270,1.3887578461700003,,0.0,1.3887578461700003,3.3483288397
23275,1.388737960964891,,0.0,1.388737960964891,3.3475119933
23280,1.3887202950617814,,0.0,1.3887202950617814,3.3416861873
23285,1.3887048357964848,,0.0,1.3887048357964848,3.3610051625
23290,1.3886912628810466,,0.0,1.3886912628810466,3.365364543
23295,1.3886790800248814,,0.0,1.3886790800248814,3.3593064852
23300,1.3886678570549142,,0.0,1.3886678570549142,3.3494238182
23305,1.3886574367487983,,0.0,1.3886574367487983,3.3303204373
23310,1.3886479753057412,,0.0,1.3886479753057412,3.3114035437
23315,1.3886398152044446,,0.0,1.3886398152044446,3.2846170619
23320,1.3886333153165686,,0.0,1.3886333153165686,3.2677987669
23325,1.3886287444548124,,0.0,1.3886287444548124,3.2361695963
23330,1.3886262838284467,,0.0,1.3886262838284467,3.2488790902
23335,1.3886260937747081,,0.0,1.3886260937747081,3.2899100021
23340,1.3886283594362687,,0.0,1.3886283594362687,3.3037372236
23345,1.3886332708668667,,0.0,1.3886332708668667,3.3286788589
23350,1.3886408690147958,,0.0,1.3886408690147958,3.3514320697
23355,1.3886508915245,,0.0,1.3886508915245,3.3578106419
23360,1.388662731947437,,0.0,1.388662731947437,3.3588589114
23365,1.3886754207571663,,0.0,1.3886754207571663,3.3703408532
23370,1.3886877333473466,,0.0,1.3886877333473466,3.3941299837
23375,1.3886982938462311,,0.0,1.3886982938462311,3.4159058524
23380,1.3887057574854969,,0.0,1.3887057574854969,3.410931709
23385,1.3887091418926252,,0.0,1.3887091418926252,3.3786290844
23390,1.3887080049124483,,0.0,1.3887080049124483,3.3215630715
23395,1.388702558380195,,0.0,1.388702558380195,3.2855511354
23400,1.3886935625108194,,0.0,1.3886935625108194,3.2556628653
23405,1.3886821490323855,,0.0,1.3886821490323855,3.2543688256
23410,1.388669612670355,,0.0,1.388669612670355,3.2575856331
23415,1.3886571587505856,,0.0,1.3886571587505856,3.2969052284
23420,1.3886459423969166,,0.0,1.3886459423969166,3.335093424
23425,1.388637049273425,,0.0,1.388637049273425,3.354754118
23430,1.3886312885238414,,0.0,1.3886312885238414,3.368580853
23435,1.3886290657431697,,0.0,1.3886290657431697,3.3813507832
23440,1.3886303247724516,,0.0,1.3886303247724516,3.3987922219
23445,1.3886346215693959,,0.0,1.3886346215693959,3.4116407127
23450,1.3886413093965233,,0.0,1.3886413093965233,3.3942900899
23455,1.3886499186558057,,0.0,1.3886499186558057,3.3850551571
23460,1.3886602115015487,,0.0,1.3886602115015487,3.3768485655
23465,1.3886719915138166,,0.0,1.3886719915138166,3.3654563328
23470,1.388684915713707,,0.0,1.388684915713707,3.3644792601
23475,1.3886985587710021,,0.0,1.3886985587710021,3.3444713397
23480,1.3887125178872781,,0.0,1.3887125178872781,3.3841739399
23485,1.3887265338900778,,0.0,1.3887265338900778,3.412789713
23490,1.3887406658940948,,0.0,1.3887406658940948,3.4053246396
23495,1.3887553204037897,,0.0,1.3887553204037897,3.4264124978
23500,1.3887711134852114,,0.0,1.3887711134852114,3.4629547595
23505,1.388788658680665,,0.0,1.388788658680665,3.4602055444
23510,1.388808473903072,,0.0,1.388808473903072,3.4489430193
23515,1.3888308746430023,,0.0,1.3888308746430023,3.4408426357
23520,1.3888558896620278,,0.0,1.3888558896620278,3.4552259864
23525,1.388883260719885,,0.0,1.388883260719885,3.4736562263
23530,1.3889125139668361,,0.0,1.3889125139668361,3.4867277567
23535,1.3889430530038356,,0.0,1.3889430530038356,3.4524358618
23540,1.3889741200941998,,0.0,1.3889741200941998,3.4044047047
23545,1.3890051259326477,,0.0,1.3890051259326477,3.3476745963
23550,1.38903582107791,,0.0,1.38903582107791,3.3003992299
23555,1.3890663359460946,,0.0,1.3890663359460946,3.2691022943
23560,1.3890970484619822,,0.0,1.3890970484619822,3.2762610044
23565,1.389128304401055,,0.0,1.389128304401055,3.2734545863
23570,1.3891603497031724,,0.0,1.3891603497031724,3.3188110971
23575,1.3891933263118077,,0.0,1.3891933263118077,3.3084671811
23580,1.3892271539673962,,0.0,1.3892271539673962,3.3212286088
23585,1.3892616010540235,,0.0,1.3892616010540235,3.3150340273
23590,1.3892964071942024,,0.0,1.3892964071942024,3.3354093998
23595,1.3893311595400104,,0.0,1.3893311595400104,3.3353542636
23600,1.3893657653268525,,0.0,1.3893657653268525,3.3033638642
23605,1.3894002725058388,,0.0,1.3894002725058388,3.25664026
23610,1.3894348420053537,,0.0,1.3894348420053537,3.2407304014
23615,1.3894697211521787,,0.0,1.3894697211521787,3.2219592438
23620,1.3895053618554063,,0.0,1.3895053618554063,3.2116150805
23625,1.3895424869740516,,0.0,1.3895424869740516,3.2115578952
23630,1.3895820209027605,,0.0,1.3895820209027605,3.2270966463
23635,1.3896249247782348,,0.0,1.3896249247782348,3.2533020895
23640,1.389671912865122,,0.0,1.389671912865122,3.2563475307
23645,1.3897233543801542,,0.0,1.3897233543801542,3.2645963649
23650,1.3897794981052434,,0.0,1.3897794981052434,3.3014816501
23655,1.3898405656750166,,0.0,1.3898405656750166,3.3162388865
23660,1.3899066575844516,,0.0,1.3899066575844516,3.320201173
23665,1.389977330677978,,0.0,1.389977330677978,3.3264288941
23670,1.390051302917056,,0.0,1.390051302917056,3.3302107686
23675,1.3901262578242255,,0.0,1.3901262578242255,3.3686582383
23680,1.3901988493486994,,0.0,1.3901988493486994,3.397937414
23685,1.390265477587556,,0.0,1.390265477587556,3.3872671692
23690,1.3903230219216174,,0.0,1.3903230219216174,3.3710465125
23695,1.390369346923539,,0.0,1.390369346923539,3.3391157431
23700,1.3904039058278819,,0.0,1.3904039058278819,3.3261098475
23705,1.390428409527548,,0.0,1.390428409527548,3.3151793169
23710,1.3904463971282708,,0.0,1.3904463971282708,3.3142876944
23715,1.3904626535324682,,0.0,1.3904626535324682,3.3297523863
23720,1.3904822041711502,,0.0,1.3904822041711502,3.3534293918
23725,1.390509745865843,,0.0,1.390509745865843,3.3953919339
23730,1.390548705586254,,0.0,1.390548705586254,3.4383895626
23735,1.3906005969641007,,0.0,1.3906005969641007,3.4624691585
23740,1.390664944830933,,0.0,1.390664944830933,3.4775173042
23745,1.3907397026815467,,0.0,1.3907397026815467,3.4779021746
23750,1.3908216831198963,,0.0,1.3908216831198963,3.4671375346
23755,1.390907368025965,,0.0,1.390907368025965,3.4409366295
23760,1.390993840817211,,0.0,1.390993840817211,3.4038244709
23765,1.391078267421563,,0.0,1.391078267421563,3.37489772
23770,1.3911584309243457,,0.0,1.3911584309243457,3.3506221253
23775,1.3912332451158091,,0.0,1.3912332451158091,3.3313195399
23780,1.39130263119152,,0.0,1.39130263119152,3.3422159812
23785,1.3913673271756855,,0.0,1.3913673271756855,3.3682484385
23790,1.3914284563838946,,0.0,1.3914284563838946,3.3742291898
23795,1.3914872872128337,,0.0,1.3914872872128337,3.3692589989
23800,1.391544984540268,,0.0,1.391544984540268,3.391906372
23805,1.3916024533894136,,0.0,1.3916024533894136,3.4126387994
23810,1.3916604416748204,,0.0,1.3916604416748204,3.4051962091
23815,1.3917195172840622,,0.0,1.3917195172840622,3.4033542252
23820,1.3917800597334686,,0.0,1.3917800597334686,3.4133894367
23825,1.3918421654027262,,0.0,1.3918421654027262,3.4295157669
23830,1.391905459390998,,0.0,1.391905459390998,3.452105209
23835,1.3919689762416632,,0.0,1.3919689762416632,3.4558990083
23840,1.3920312397471513,,0.0,1.3920312397471513,3.406766489
23845,1.3920905631151665,,0.0,1.3920905631151665,3.3683547518
23850,1.3921455756123933,,0.0,1.3921455756123933,3.337320712
23855,1.3921956504184563,,0.0,1.3921956504184563,3.3224086812
23860,1.3922410592335797,,0.0,1.3922410592335797,3.3167182502
23865,1.3922828153290772,,0.0,1.3922828153290772,3.3318303665
23870,1.3923220146231499,,0.0,1.3923220146231499,3.3390594573
23875,1.3923596258009916,,0.0,1.3923596258009916,3.3693345504
23880,1.3923965575009083,,0.0,1.3923965575009083,3.4045867896
23885,1.392433062529159,,0.0,1.392433062529159,3.4213426112
23890,1.3924692907869636,,0.0,1.3924692907869636,3.4316950471
23895,1.3925055669276696,,0.0,1.3925055669276696,3.4569590727
23900,1.392542309392359,,0.0,1.392542309392359,3.4672281241
23905,1.3925800343432484,,0.0,1.3925800343432484,3.4607436472
23910,1.392619394974961,,0.0,1.392619394974961,3.4265552374
23915,1.3926611623704594,,0.0,1.3926611623704594,3.4028907845
23920,1.3927060457014335,,0.0,1.3927060457014335,3.3750455876
23925,1.3927544205962858,,0.0,1.3927544205962858,3.3657402601
23930,1.3928061102566105,,0.0,1.3928061102566105,3.3795487067
23935,1.3928602968988373,,0.0,1.3928602968988373,3.4081644355
23940,1.3929156262735558,,0.0,1.3929156262735558,3.4322135047
23945,1.3929704009478245,,0.0,1.3929704009478245,3.4404813452
23950,1.3930227974152518,,0.0,1.3930227974152518,3.4562531283
23955,1.393070980778498,,0.0,1.393070980778498,3.4988923258
23960,1.3931132676102578,,0.0,1.3931132676102578,3.5051627258
23965,1.3931483770770217,,0.0,1.3931483770770217,3.4988493181
23970,1.393175724011537,,0.0,1.393175724011537,3.5107819573
23975,1.3931956349997467,,0.0,1.3931956349997467,3.4997811066
23980,1.39320932132445,,0.0,1.39320932132445,3.5064309875
23985,1.3932188255801867,,0.0,1.3932188255801867,3.5045174777
23990,1.3932266367456387,,0.0,1.3932266367456387,3.4637916995
23995,1.3932352041471712,,0.0,1.3932352041471712,3.4076021635
24000,1.393246577609505,,0.0,1.393246577609505,3.3665113797
24005,1.39326216754101,,0.0,1.39326216754101,3.3582263306
24010,1.3932825654069272,,0.0,1.3932825654069272,3.349559619
24015,1.3933074519197044,,0.0,1.3933074519197044,3.3603712789
24020,1.3933356770484593,,0.0,1.3933356770484593,3.3490178847
24025,1.3933655104833866,,0.0,1.3933655104833866,3.3602035572
24030,1.3933949440074154,,0.0,1.3933949440074154,3.3735250175
24035,1.393422013603074,,0.0,1.393422013603074,3.3904044755
24040,1.3934452691869401,,0.0,1.3934452691869401,3.3946848729
24045,1.3934639073448607,,0.0,1.3934639073448607,3.4160881213
24050,1.393477714672794,,0.0,1.393477714672794,3.4296625396
24055,1.393486996225292,,0.0,1.393486996225292,3.413817291
24060,1.3934925271778744,,0.0,1.3934925271778744,3.3824562753
24065,1.3934955101962365,,0.0,1.3934955101962365,3.3640785847
24070,1.3934974432921752,,0.0,1.3934974432921752,3.336297726
24075,1.3935003166755178,,0.0,1.3935003166755178,3.3220192653
24080,1.393506360061544,,0.0,1.393506360061544,3.3323925434
24085,1.3935176259806095,,0.0,1.3935176259806095,3.3419087917
24090,1.3935356203795217,,0.0,1.3935356203795217,3.3604042397
24095,1.3935613217428708,,0.0,1.3935613217428708,3.3586027577
24100,1.393595087168877,,0.0,1.393595087168877,3.356494284
24105,1.3936364770943233,,0.0,1.3936364770943233,3.3931544576
24110,1.3936841997040093,,0.0,1.3936841997040093,3.411362187
24115,1.393736267039014,,0.0,1.393736267039014,3.4003454553
24120,1.39379039067862,,0.0,1.39379039067862,3.38778329
24125,1.3938444512019226,,0.0,1.3938444512019226,3.383093709
24130,1.3938967866675336,,0.0,1.3938967866675336,3.4010767966
24135,1.3939463359439743,,0.0,1.3939463359439743,3.3997660495
24140,1.3939924949245541,,0.0,1.3939924949245541,3.381089108
24145,1.394035177506448,,0.0,1.394035177506448,3.3312930382
24150,1.3940746636659376,,0.0,1.3940746636659376,3.2678580126
24155,1.3941116784447345,,0.0,1.3941116784447345,3.2473792865
24160,1.3941468170368532,,0.0,1.3941468170368532,3.225733001
24165,1.394180026216333,,0.0,1.394180026216333,3.2078642826
24170,1.394210971280329,,0.0,1.394210971280329,3.2202694987
24175,1.3942394022191615,,0.0,1.3942394022191615,3.2144848474
24180,1.3942652064193406,,0.0,1.3942652064193406,3.199644644
24185,1.394288621544669,,0.0,1.394288621544669,3.2336467909
24190,1.3943102139821162,,0.0,1.3943102139821162,3.2604519822
24195,1.3943306234436077,,0.0,1.3943306234436077,3.2579916198
24200,1.394350272008053,,0.0,1.394350272008053,3.2611182536
24205,1.3943693229456866,,0.0,1.3943693229456866,3.2590526356
24210,1.3943877221665648,,0.0,1.3943877221665648,3.2457444185
24215,1.3944051666851487,,0.0,1.3944051666851487,3.2250496876
24220,1.3944215044175219,,0.0,1.3944215044175219,3.1900673764
24225,1.3944368597319043,,0.0,1.3944368597319043,3.1639966597
24230,1.394451705159322,,0.0,1.394451705159322,3.1579201475
24235,1.394466876763427,,0.0,1.394466876763427,3.1637787657
24240,1.394483483899646,,0.0,1.394483483899646,3.1717916489
24245,1.3945026956065087,,0.0,1.3945026956065087,3.1726516655
24250,1.3945254217728247,,0.0,1.3945254217728247,3.1599363734
24255,1.394552124038875,,0.0,1.394552124038875,3.1914381621
24260,1.3945827108678304,,0.0,1.3945827108678304,3.2009941676
24265,1.3946166171914338,,0.0,1.3946166171914338,3.2015201601
24270,1.3946529008806314,,0.0,1.3946529008806314,3.2182148986
24275,1.3946904316624904,,0.0,1.3946904316624904,3.2280525666
24280,1.3947280902002956,,0.0,1.3947280902002956,3.2442001137
24285,1.3947648867549294,,0.0,1.3947648867549294,3.2554647037
24290,1.394800025847249,,0.0,1.394800025847249,3.2676077318
24295,1.3948328827941034,,0.0,1.3948328827941034,3.2350086609
24300,1.3948629136948425,,0.0,1.3948629136948425,3.1781622713
24305,1.3948895896775908,,0.0,1.3948895896775908,3.1491516331
24310,1.394912324733847,,0.0,1.394912324733847,3.1415368467
24315,1.3949305035478659,,0.0,1.3949305035478659,3.1389135037
24320,1.3949435646664796,,0.0,1.3949435646664796,3.1686447923
24325,1.3949511379407646,,0.0,1.3949511379407646,3.171484392
24330,1.3949534240196308,,0.0,1.3949534240196308,3.1787884995
24335,1.3949515159110182,,0.0,1.3949515159110182,3.1986681936
24340,1.394947080740219,,0.0,1.394947080740219,3.2189880501
24345,1.3949418156218643,,0.0,1.3949418156218643,3.2078708341
24350,1.3949370409508353,,0.0,1.3949370409508353,3.212291648
24355,1.3949335698042629,,0.0,1.3949335698042629,3.1958108169
24360,1.3949318208278567,,0.0,1.3949318208278567,3.1704760357
24365,1.3949319393528166,,0.0,1.3949319393528166,3.1295347586
24370,1.3949337833447237,,0.0,1.3949337833447237,3.1010462774
24375,1.3949368614240596,,0.0,1.3949368614240596,3.0902699501
24380,1.3949403974376393,,0.0,1.3949403974376393,3.0893919456
24385,1.3949435282427343,,0.0,1.3949435282427343,3.1086136936
24390,1.3949454717519536,,0.0,1.3949454717519536,3.1148025623
24395,1.3949457219435242,,0.0,1.3949457219435242,3.1450488532
24400,1.394944091992279,,0.0,1.394944091992279,3.1411122079
24405,1.394940783411113,,0.0,1.394940783411113,3.1510984107
24410,1.3949364010115455,,0.0,1.3949364010115455,3.1844834898
24415,1.3949316973918302,,0.0,1.3949316973918302,3.196319516
24420,1.394927322290654,,0.0,1.394927322290654,3.2173519328
24425,1.3949237260710325,,0.0,1.3949237260710325,3.2283995263
24430,1.3949211224553186,,0.0,1.3949211224553186,3.2366090848
24435,1.3949194430750955,,0.0,1.3949194430750955,3.2502067765
24440,1.3949183014339523,,0.0,1.3949183014339523,3.273859975
24445,1.3949170211688537,,0.0,1.3949170211688537,3.2449225012
24450,1.394914776493009,,0.0,1.394914776493009,3.2049978486
24455,1.394910781726674,,0.0,1.394910781726674,3.1824847399
24460,1.3949044894677896,,0.0,1.3949044894677896,3.1733856696
24465,1.3948955596704518,,0.0,1.3948955596704518,3.1671874194
24470,1.3948836775716562,,0.0,1.3948836775716562,3.2044631595
24475,1.3948684518776067,,0.0,1.3948684518776067,3.2089382064
24480,1.3948495318790182,,0.0,1.3948495318790182,3.2377732198
24485,1.3948270257330426,,0.0,1.3948270257330426,3.2583548001
24490,1.3948016916310928,,0.0,1.3948016916310928,3.2906061996
24495,1.394774876410506,,0.0,1.394774876410506,3.2988831645
24500,1.39474807649153,,0.0,1.39474807649153,3.306281802
24505,1.39472235118673,,0.0,1.39472235118673,3.3172769678
24510,1.3946978955518565,,0.0,1.3946978955518565,3.2944131517
24515,1.3946740013246768,,0.0,1.3946740013246768,3.2646514911
24520,1.394649371119567,,0.0,1.394649371119567,3.2366964155
24525,1.3946226883841022,,0.0,1.3946226883841022,3.2155683237
24530,1.3945929456447557,,0.0,1.3945929456447557,3.1970381441
24535,1.394559571762646,,0.0,1.394559571762646,3.1990159987
24540,1.3945225199462203,,0.0,1.3945225199462203,3.2169659137
24545,1.3944822282353542,,0.0,1.3944822282353542,3.2304888059
24550,1.3944394829236764,,0.0,1.3944394829236764,3.2284155012
24555,1.394395258244066,,0.0,1.394395258244066,3.2210489077
24560,1.394350729783142,,0.0,1.394350729783142,3.2514798513
24565,1.394307043683859,,0.0,1.394307043683859,3.2711611095
24570,1.3942649279663994,,0.0,1.3942649279663994,3.265868763
24575,1.3942243659194944,,0.0,1.3942243659194944,3.2825012324
24580,1.3941845691122923,,0.0,1.3941845691122923,3.3108441451
24585,1.3941443470203456,,0.0,1.3941443470203456,3.3462733248
24590,1.3941025424735365,,0.0,1.3941025424735365,3.3732312637
24595,1.3940583261836652,,0.0,1.3940583261836652,3.3535180425
24600,1.3940113160651861,,0.0,1.3940113160651861,3.3097899616
24605,1.3939615969931576,,0.0,1.3939615969931576,3.2800750423
24610,1.3939096358599727,,0.0,1.3939096358599727,3.2719928888
24615,1.3938562234383347,,0.0,1.3938562234383347,3.249882545
24620,1.393802373340603,,0.0,1.393802373340603,3.2359509491
24625,1.3937492732491727,,0.0,1.3937492732491727,3.2356090696
24630,1.3936981209414085,,0.0,1.3936981209414085,3.2457483242
24635,1.3936499418526094,,0.0,1.3936499418526094,3.2683369844
24640,1.393605335655864,,0.0,1.393605335655864,3.2938279871
24645,1.3935642316181684,,0.0,1.3935642316181684,3.3252358756
24650,1.3935258336464973,,0.0,1.3935258336464973,3.3455370604
24655,1.3934888476292724,,0.0,1.3934888476292724,3.3509029676
24660,1.3934517365389982,,0.0,1.3934517365389982,3.3420122961
24665,1.393413109088636,,0.0,1.393413109088636,3.3321085084
24670,1.393371501530173,,0.0,1.393371501530173,3.297345431
24675,1.3933257133124017,,0.0,1.3933257133124017,3.2878151811
24680,1.39327509237752,,0.0,1.39327509237752,3.2800888458
24685,1.3932190202948913,,0.0,1.3932190202948913,3.2478171548
24690,1.3931571623844075,,0.0,1.3931571623844075,3.2571595192
24695,1.3930897589927687,,0.0,1.3930897589927687,3.283399958
24700,1.3930179356864687,,0.0,1.3930179356864687,3.3087264151
24705,1.3929427556660003,,0.0,1.3929427556660003,3.3108555376
24710,1.392865255507508,,0.0,1.392865255507508,3.3368494716
24715,1.3927867039714616,,0.0,1.3927867039714616,3.3714015289
24720,1.3927087189588032,,0.0,1.3927087189588032,3.3713615775
24725,1.3926329941964377,,0.0,1.3926329941964377,3.3970788795
24730,1.3925609974112498,,0.0,1.3925609974112498,3.4066210434
24735,1.392493752378779,,0.0,1.392493752378779,3.4169797737
24740,1.3924313736678484,,0.0,1.3924313736678484,3.4241944618
24745,1.3923734625953255,,0.0,1.3923734625953255,3.4300961543
24750,1.3923194427702155,,0.0,1.3923194427702155,3.3866795517
24755,1.3922689956325314,,0.0,1.3922689956325314,3.3519828271
24760,1.3922216179570797,,0.0,1.3922216179570797,3.3298166959
24765,1.392176885414046,,0.0,1.392176885414046,3.3076084608
24770,1.3921345312370086,,0.0,1.3921345312370086,3.2915818036
24775,1.392094141554907,,0.0,1.392094141554907,3.304068709
24780,1.3920549355763265,,0.0,1.3920549355763265,3.3043427191
24785,1.392015895346251,,0.0,1.392015895346251,3.3049131224
24790,1.39197572504787,,0.0,1.39197572504787,3.2981332074
24795,1.3919332657830976,,0.0,1.3919332657830976,3.3137710578
24800,1.3918880721454574,,0.0,1.3918880721454574,3.3114542704
24805,1.3918408028999947,,0.0,1.3918408028999947,3.3084417161
24810,1.3917924544021267,,0.0,1.3917924544021267,3.2975996115
24815,1.3917444306712885,,0.0,1.3917444306712885,3.2733816917
24820,1.3916980742476337,,0.0,1.3916980742476337,3.2404081094
24825,1.3916546144666797,,0.0,1.3916546144666797,3.2164757627
24830,1.3916147721866365,,0.0,1.3916147721866365,3.2139427713
24835,1.391578473354983,,0.0,1.391578473354983,3.1803674507
24840,1.391545242757795,,0.0,1.391545242757795,3.1767666388
24845,1.3915143691543688,,0.0,1.3915143691543688,3.1992566664
24850,1.3914854939458805,,0.0,1.3914854939458805,3.2149167047
24855,1.3914588617534782,,0.0,1.3914588617534782,3.230365428
24860,1.3914353597068148,,0.0,1.3914353597068148,3.2631269443
24865,1.391415648980996,,0.0,1.391415648980996,3.2903007598
24870,1.3913994187236822,,0.0,1.3913994187236822,3.2956823866
24875,1.3913856589148679,,0.0,1.3913856589148679,3.311249765
24880,1.3913727370795654,,0.0,1.3913727370795654,3.3392103563
24885,1.3913588165469952,,0.0,1.3913588165469952,3.3478451212
24890,1.3913425212862554,,0.0,1.3913425212862554,3.3757684127
24895,1.3913228459837799,,0.0,1.3913228459837799,3.3867373293
24900,1.3912992459886169,,0.0,1.3912992459886169,3.3492549052
24905,1.3912715160590994,,0.0,1.3912715160590994,3.3201973665
24910,1.3912398629374978,,0.0,1.3912398629374978,3.2772560118
24915,1.3912050048218618,,0.0,1.3912050048218618,3.2236719924
24920,1.3911675857440366,,0.0,1.3911675857440366,3.218487084
24925,1.3911280696634176,,0.0,1.3911280696634176,3.2620646264
24930,1.3910870734190914,,0.0,1.3910870734190914,3.2922555494
24935,1.391045489551979,,0.0,1.391045489551979,3.2925107112
24940,1.3910046508710463,,0.0,1.3910046508710463,3.2703716813
24945,1.390966146447455,,0.0,1.390966146447455,3.2836154626
24950,1.3909314937553776,,0.0,1.3909314937553776,3.2704586021
24955,1.3909017857800179,,0.0,1.3909017857800179,3.2758959127
24960,1.3908774255471645,,0.0,1.3908774255471645,3.2733724144
24965,1.390857543161372,,0.0,1.390857543161372,3.2578509955
24970,1.3908403309180593,,0.0,1.3908403309180593,3.2199840862
24975,1.390823932138397,,0.0,1.390823932138397,3.1996877117
24980,1.3908068437403667,,0.0,1.3908068437403667,3.1945128663
24985,1.3907874294974705,,0.0,1.3907874294974705,3.182646227
24990,1.3907637875990848,,0.0,1.3907637875990848,3.1617070245
24995,1.3907346272986205,,0.0,1.3907346272986205,3.1819871897
25000,1.390699747446967,,0.0,1.390699747446967,3.198307174
25005,1.3906606173625575,,0.0,1.3906606173625575,3.2093818806
25010,1.390619881814028,,0.0,1.390619881814028,3.2294998352
25015,1.3905796075192602,,0.0,1.3905796075192602,3.2467532038
25020,1.3905411819910476,,0.0,1.3905411819910476,3.2482403638
25025,1.3905050174406932,,0.0,1.3905050174406932,3.25049942
25030,1.3904705791303242,,0.0,1.3904705791303242,3.2649035183
25035,1.3904370507997106,,0.0,1.3904370507997106,3.2866223713
25040,1.390403439844945,,0.0,1.390403439844945,3.316734374
25045,1.390369123106216,,0.0,1.390369123106216,3.3400828671
25050,1.3903344157103112,,0.0,1.3903344157103112,3.3247752918
25055,1.3903000430172519,,0.0,1.3903000430172519,3.2958838909
25060,1.390266895498944,,0.0,1.390266895498944,3.2410426611
25065,1.3902358131979144,,0.0,1.3902358131979144,3.1965161976
25070,1.3902075119248876,,0.0,1.3902075119248876,3.1711063874
25075,1.3901817439665625,,0.0,1.3901817439665625,3.2052539988
25080,1.3901575687854353,,0.0,1.3901575687854353,3.2432765813
25085,1.39013392193051,,0.0,1.39013392193051,3.2459283774
25090,1.3901102293981158,,0.0,1.3901102293981158,3.2362911125
25095,1.3900861775393332,,0.0,1.3900861775393332,3.2278672665
25100,1.3900620912348733,,0.0,1.3900620912348733,3.2246342534
25105,1.3900384631602312,,0.0,1.3900384631602312,3.2352164646
25110,1.3900158024065967,,0.0,1.3900158024065967,3.2146861666
25115,1.389994456045428,,0.0,1.389994456045428,3.1905550495
25120,1.3899745263678807,,0.0,1.3899745263678807,3.1534300004
25125,1.389955958465499,,0.0,1.389955958465499,3.1307414525
25130,1.3899383264851286,,0.0,1.3899383264851286,3.1164286672
25135,1.389920919390693,,0.0,1.389920919390693,3.1105666554
25140,1.3899031348489412,,0.0,1.3899031348489412,3.0976805462
25145,1.3898847941743455,,0.0,1.3898847941743455,3.1048025818
25150,1.389866138873164,,0.0,1.389866138873164,3.1167999994
25155,1.389847640612438,,0.0,1.389847640612438,3.1465777039
25160,1.3898297601229923,,0.0,1.3898297601229923,3.1716029956
25165,1.389812680387538,,0.0,1.389812680387538,3.1862507012
25170,1.3897962289048533,,0.0,1.3897962289048533,3.1973136676
25175,1.3897799915083036,,0.0,1.3897799915083036,3.1791896752
25180,1.3897635531445334,,0.0,1.3897635531445334,3.1829827988
25185,1.3897466364519502,,0.0,1.3897466364519502,3.2061809388
25190,1.3897292269019808,,0.0,1.3897292269019808,3.2541085606
25195,1.3897116931884197,,0.0,1.3897116931884197,3.2673596941
25200,1.389694591375901,,0.0,1.389694591375901,3.2522118375
25205,1.3896784287139652,,0.0,1.3896784287139652,3.2097578042
25210,1.3896633597193253,,0.0,1.3896633597193253,3.1629018939
25215,1.389649364338459,,0.0,1.389649364338459,3.137896054
25220,1.3896362930794013,,0.0,1.3896362930794013,3.0988086886
25225,1.3896236514932172,,0.0,1.3896236514932172,3.0816405463
25230,1.3896108049382028,,0.0,1.3896108049382028,3.1366869613
25235,1.389597184458173,,0.0,1.389597184458173,3.1620679787
25240,1.38958246203479,,0.0,1.38958246203479,3.1704200115
25245,1.3895666577897863,,0.0,1.3895666577897863,3.1583510806
25250,1.3895500803700687,,0.0,1.3895500803700687,3.1868070389
25255,1.3895330231209342,,0.0,1.3895330231209342,3.2034350684
25260,1.3895158259746045,,0.0,1.3895158259746045,3.192347844
25265,1.3894988760186382,,0.0,1.3894988760186382,3.1736184652
25270,1.3894826572886896,,0.0,1.3894826572886896,3.1488748427
25275,1.389467722257039,,0.0,1.389467722257039,3.1244424653
25280,1.3894544661281467,,0.0,1.3894544661281467,3.1142585662
25285,1.3894429667060435,,0.0,1.3894429667060435,3.1019074335
25290,1.3894331806551121,,0.0,1.3894331806551121,3.0930310433
25295,1.3894250573186073,,0.0,1.3894250573186073,3.0833313512
25300,1.389418524371976,,0.0,1.389418524371976,3.0982010361
25305,1.3894135646719574,,0.0,1.3894135646719574,3.1348832513
25310,1.389410089410093,,0.0,1.389410089410093,3.1748057196
25315,1.3894078253400817,,0.0,1.3894078253400817,3.1936025246
25320,1.3894062223087587,,0.0,1.3894062223087587,3.2184585983
25325,1.389404551568375,,0.0,1.389404551568375,3.2043882371
25330,1.3894020477200741,,0.0,1.3894020477200741,3.2089110028
25335,1.3893980541132964,,0.0,1.3893980541132964,3.2297842279
25340,1.3893920633620833,,0.0,1.3893920633620833,3.2786890473
25345,1.3893836570253535,,0.0,1.3893836570253535,3.2957538857
25350,1.3893724290761105,,0.0,1.3893724290761105,3.2826780981
25355,1.3893579772388671,,0.0,1.3893579772388671,3.249574912
25360,1.3893399784972984,,0.0,1.3893399784972984,3.1947677081
25365,1.3893182840642693,,0.0,1.3893182840642693,3.1969855488
25370,1.3892930077355636,,0.0,1.3892930077355636,3.1815277494
25375,1.389264644346636,,0.0,1.389264644346636,3.1609657889
25380,1.3892340203208968,,0.0,1.3892340203208968,3.1800226374
25385,1.3892022248465672,,0.0,1.3892022248465672,3.2181762864
25390,1.3891706432310083,,0.0,1.3891706432310083,3.2503255525
25395,1.3891407180318875,,0.0,1.3891407180318875,3.2597230736
25400,1.3891136112849178,,0.0,1.3891136112849178,3.26366962
25405,1.389089978731201,,0.0,1.389089978731201,3.2911494734
25410,1.3890699853007304,,0.0,1.3890699853007304,3.2869419058
25415,1.3890535027600954,,0.0,1.3890535027600954,3.2779710864
25420,1.389040252292572,,0.0,1.389040252292572,3.2648193111
25425,1.3890298939432015,,0.0,1.3890298939432015,3.2499775008
25430,1.389021993514563,,0.0,1.389021993514563,3.2347391705
25435,1.3890159801178752,,0.0,1.3890159801178752,3.2122051584
25440,1.3890112074249146,,0.0,1.3890112074249146,3.1911801731
25445,1.3890070907004202,,0.0,1.3890070907004202,3.1793620984
25450,1.3890031727377132,,0.0,1.3890031727377132,3.206685441
25455,1.3889991498691625,,0.0,1.3889991498691625,3.2151888874
25460,1.3889948318364014,,0.0,1.3889948318364014,3.2306034713
25465,1.388990093930164,,0.0,1.388990093930164,3.2476805569
25470,1.3889848848798223,,0.0,1.3889848848798223,3.2584915076
25475,1.3889792853996688,,0.0,1.3889792853996688,3.2590648001
25480,1.3889735646434487,,0.0,1.3889735646434487,3.2677764428
25485,1.3889681867979216,,0.0,1.3889681867979216,3.2847711234
25490,1.388963723206597,,0.0,1.388963723206597,3.3019340703
25495,1.3889606700918506,,0.0,1.3889606700918506,3.3227310201
25500,1.388959321640227,,0.0,1.388959321640227,3.3071129403
25505,1.3889597913064642,,0.0,1.3889597913064642,3.2715315163
25510,1.3889620378694316,,0.0,1.3889620378694316,3.2174062448
25515,1.3889658678876642,,0.0,1.3889658678876642,3.1856734089
25520,1.3889708689452318,,0.0,1.3889708689452318,3.1473850409
25525,1.3889763212980084,,0.0,1.3889763212980084,3.1505429471
25530,1.3889811637008342,,0.0,1.3889811637008342,3.1595416588
25535,1.3889841964210112,,0.0,1.3889841964210112,3.2016411325
25540,1.388984346754223,,0.0,1.388984346754223,3.2367821045
25545,1.3889809101897463,,0.0,1.3889809101897463,3.2450384856
25550,1.3889736306018043,,0.0,1.3889736306018043,3.2502537492
25555,1.38896270900309,,0.0,1.38896270900309,3.2794737166
25560,1.3889487737600557,,0.0,1.3889487737600557,3.2947673745
25565,1.3889328235927054,,0.0,1.3889328235927054,3.2931547586
25570,1.38891618810417,,0.0,1.38891618810417,3.2703631594
25575,1.3889004310827113,,0.0,1.3889004310827113,3.267250689
25580,1.3888871172033113,,0.0,1.3888871172033113,3.2564937962
25585,1.3888774744600376,,0.0,1.3888774744600376,3.2513448714
25590,1.3888722623857521,,0.0,1.3888722623857521,3.2412373782
25595,1.3888717729388291,,0.0,1.3888717729388291,3.2311342792
25600,1.3888758319582886,,0.0,1.3888758319582886,3.267915562
25605,1.388883953612298,,0.0,1.388883953612298,3.2837452824
25610,1.388895539705636,,0.0,1.388895539705636,3.2930047884
25615,1.3889098793386443,,0.0,1.3889098793386443,3.3197907336
25620,1.3889262348736349,,0.0,1.3889262348736349,3.359975483
25625,1.3889439037324791,,0.0,1.3889439037324791,3.3548323914
25630,1.3889622074376553,,0.0,1.3889622074376553,3.3438882758
25635,1.3889806275305674,,0.0,1.3889806275305674,3.3628926497
25640,1.3889988328325158,,0.0,1.3889988328325158,3.3700642176
25645,1.3890167187787024,,0.0,1.3890167187787024,3.3957824099
25650,1.3890344134206476,,0.0,1.3890344134206476,3.3977929178
25655,1.3890523071654268,,0.0,1.3890523071654268,3.3610671985
25660,1.389070969264798,,0.0,1.389070969264798,3.2995307972
25665,1.3890911860351263,,0.0,1.3890911860351263,3.262319403
25670,1.389113729014103,,0.0,1.389113729014103,3.2253830313
25675,1.3891390322172577,,0.0,1.3891390322172577,3.2227438435
25680,1.389166967297497,,0.0,1.389166967297497,3.2169304047
25685,1.389196753008678,,0.0,1.389196753008678,3.2383161476
25690,1.3892272003269575,,0.0,1.3892272003269575,3.2516821821
25695,1.3892571354846304,,0.0,1.3892571354846304,3.2655847241
25700,1.389285676308583,,0.0,1.389285676308583,3.2705045581
25705,1.389312419409244,,0.0,1.389312419409244,3.2799946624
25710,1.389337438770926,,0.0,1.389337438770926,3.2774353834
25715,1.389361171910567,,0.0,1.389361171910567,3.2781325487
25720,1.3893842104980363,,0.0,1.3893842104980363,3.2335881137
25725,1.389407245584097,,0.0,1.389407245584097,3.2016297231
25730,1.3894308277311698,,0.0,1.3894308277311698,3.1825906235
25735,1.389455102088563,,0.0,1.389455102088563,3.1593359217
25740,1.3894799042037476,,0.0,1.3894799042037476,3.161329014
25745,1.3895045603283762,,0.0,1.3895045603283762,3.1621607781
25750,1.389528492298014,,0.0,1.389528492298014,3.1865314814
25755,1.3895515090812562,,0.0,1.3895515090812562,3.1969990045
25760,1.389573900817564,,0.0,1.389573900817564,3.1835384386
25765,1.3895965204637506,,0.0,1.3895965204637506,3.1991573177
25770,1.389620588533601,,0.0,1.389620588533601,3.2275886285
25775,1.3896473162871785,,0.0,1.3896473162871785,3.2214392674
25780,1.3896775152328011,,0.0,1.3896775152328011,3.228073254
25785,1.3897115971043068,,0.0,1.3897115971043068,3.2214724132
25790,1.389749654893655,,0.0,1.389749654893655,3.2422476664
25795,1.3897915078463035,,0.0,1.3897915078463035,3.2944436672
25800,1.3898368504529706,,0.0,1.3898368504529706,3.3060977366
25805,1.3898854041015605,,0.0,1.3898854041015605,3.2886584037
25810,1.3899369285817906,,0.0,1.3899369285817906,3.2613381384
25815,1.3899913681894314,,0.0,1.3899913681894314,3.2236524499
25820,1.3900490091078066,,0.0,1.3900490091078066,3.198047076
25825,1.3901103056333337,,0.0,1.3901103056333337,3.190853243
25830,1.390175307786137,,0.0,1.390175307786137,3.1900336857
25835,1.390243714058545,,0.0,1.390243714058545,3.2166084549
25840,1.390315046758365,,0.0,1.390315046758365,3.2526655565
25845,1.390388914478118,,0.0,1.390388914478118,3.2923368977
25850,1.3904646312827367,,0.0,1.3904646312827367,3.3196891761
25855,1.3905405926630299,,0.0,1.3905405926630299,3.3314557252
25860,1.3906144926002908,,0.0,1.3906144926002908,3.3466692762
25865,1.3906834039168063,,0.0,1.3906834039168063,3.3443573677
25870,1.3907442442815297,,0.0,1.3907442442815297,3.3366374036
25875,1.3907949699631006,,0.0,1.3907949699631006,3.297778269
25880,1.3908357469828612,,0.0,1.3908357469828612,3.270596528
25885,1.390869128413462,,0.0,1.390869128413462,3.2461893615
25890,1.3908994239206625,,0.0,1.3908994239206625,3.2333448671
25895,1.3909319296580303,,0.0,1.3909319296580303,3.2318670316
25900,1.3909714431466975,,0.0,1.3909714431466975,3.2516221532
25905,1.3910209604784676,,0.0,1.3910209604784676,3.265897824
25910,1.391081191393441,,0.0,1.391081191393441,3.2692071128
25915,1.3911504613542527,,0.0,1.3911504613542527,3.268152669
25920,1.3912252362117088,,0.0,1.3912252362117088,3.2970663153
25925,1.3913013389215914,,0.0,1.3913013389215914,3.3127284154
25930,1.3913755057162192,,0.0,1.3913755057162192,3.2965520621
25935,1.3914451148362144,,0.0,1.3914451148362144,3.2844892204
25940,1.3915082316850345,,0.0,1.3915082316850345,3.2884169691
25945,1.391564520332068,,0.0,1.391564520332068,3.3201129976
25950,1.3916148667246728,,0.0,1.3916148667246728,3.3383392807
25955,1.3916606729269527,,0.0,1.3916606729269527,3.3063571636
25960,1.3917033524166937,,0.0,1.3917033524166937,3.2769371101
25965,1.391744115817338,,0.0,1.391744115817338,3.2372846478
25970,1.3917837964641682,,0.0,1.3917837964641682,3.2202422841
25975,1.3918231370196215,,0.0,1.3918231370196215,3.2223970578
25980,1.3918628077078994,,0.0,1.3918628077078994,3.2256775303
25985,1.3919032599833665,,0.0,1.3919032599833665,3.2470639471
25990,1.3919447156625406,,0.0,1.3919447156625406,3.260905399
25995,1.3919870860733818,,0.0,1.3919870860733818,3.2975306732
26000,1.3920302325237257,,0.0,1.3920302325237257,3.3397183044
26005,1.3920740694336855,,0.0,1.3920740694336855,3.3554173471
26010,1.3921183933122985,,0.0,1.3921183933122985,3.3775358214
26015,1.3921627482943344,,0.0,1.3921627482943344,3.3876842638
26020,1.3922065417549947,,0.0,1.3922065417549947,3.3912016352
26025,1.3922492530984605,,0.0,1.3922492530984605,3.3745363563
26030,1.3922907519768335,,0.0,1.3922907519768335,3.34247531
26035,1.3923314126543302,,0.0,1.3923314126543302,3.3143954083
26040,1.3923719754515373,,0.0,1.3923719754515373,3.2901575863
26045,1.3924132968039393,,0.0,1.3924132968039393,3.2896296563
26050,1.3924560985019399,,0.0,1.3924560985019399,3.3104746609
26055,1.3925008385025197,,0.0,1.3925008385025197,3.3330185821
26060,1.3925477155902024,,0.0,1.3925477155902024,3.3504914873
26065,1.3925964449458492,,0.0,1.3925964449458492,3.3397965786
26070,1.3926461345287406,,0.0,1.3926461345287406,3.3745431987
26075,1.3926953536723568,,0.0,1.3926953536723568,3.4051097681
26080,1.392742300924633,,0.0,1.392742300924633,3.4118922042
26085,1.3927851385234413,,0.0,1.3927851385234413,3.426237327
26090,1.39282241015558,,0.0,1.39282241015558,3.4336166341
26095,1.392853417790205,,0.0,1.392853417790205,3.4364213867
26100,1.3928784026380006,,0.0,1.3928784026380006,3.4435726516
26105,1.3928985376026881,,0.0,1.3928985376026881,3.4422757398
26110,1.3929157136041466,,0.0,1.3929157136041466,3.3964124535
26115,1.3929321832077584,,0.0,1.3929321832077584,3.3405210647
26120,1.3929501243807105,,0.0,1.3929501243807105,3.3112033731
26125,1.3929712082044323,,0.0,1.3929712082044323,3.2896544251
26130,1.3929964147550635,,0.0,1.3929964147550635,3.2702330775
26135,1.3930258330684269,,0.0,1.3930258330684269,3.2753482212
26140,1.3930586531368074,,0.0,1.3930586531368074,3.2729235083
26145,1.3930934032771825,,0.0,1.3930934032771825,3.2940151776
26150,1.3931283628654632,,0.0,1.3931283628654632,3.3053340427
26155,1.3931619627248553,,0.0,1.3931619627248553,3.3246836306
26160,1.3931929974840298,,0.0,1.3931929974840298,3.3511845677
26165,1.3932207388727034,,0.0,1.3932207388727034,3.3670753811
26170,1.3932449775111801,,0.0,1.3932449775111801,3.3760255732
26175,1.3932658696214049,,0.0,1.3932658696214049,3.3541205022
26180,1.3932835678557045,,0.0,1.3932835678557045,3.3384456305
26185,1.3932983030342192,,0.0,1.3932983030342192,3.3201226381
26190,1.393310327463007,,0.0,1.393310327463007,3.2932600185
26195,1.3933197252895595,,0.0,1.3933197252895595,3.2819052666
26200,1.393326494422126,,0.0,1.393326494422126,3.3030830193
26205,1.3933305818848474,,0.0,1.3933305818848474,3.3342756313
26210,1.3933320640493596,,0.0,1.3933320640493596,3.3687205144
26215,1.3933315223996154,,0.0,1.3933315223996154,3.3612791323
26220,1.3933302144415567,,0.0,1.3933302144415567,3.3868243169
26225,1.3933299324417339,,0.0,1.3933299324417339,3.428074623
26230,1.3933325732314956,,0.0,1.3933325732314956,3.4287614005
26235,1.3933399569295066,,0.0,1.3933399569295066,3.4322747048
26240,1.3933537983848068,,0.0,1.3933537983848068,3.4306316297
26245,1.3933754915445966,,0.0,1.3933754915445966,3.4389503728
26250,1.3934060067310912,,0.0,1.3934060067310912,3.4393129817
26255,1.393445541137265,,0.0,1.393445541137265,3.4373636076
26260,1.3934933178368953,,0.0,1.3934933178368953,3.4135691693
26265,1.3935474237648298,,0.0,1.3935474237648298,3.3509419166
26270,1.3936052820888574,,0.0,1.3936052820888574,3.2848635205
26275,1.3936640500061213,,0.0,1.3936640500061213,3.2782603449
26280,1.3937209603805716,,0.0,1.3937209603805716,3.2512644141
26285,1.3937737162880692,,0.0,1.3937737162880692,3.2453304875
26290,1.393820780973957,,0.0,1.393820780973957,3.2524058709
26295,1.3938616502353751,,0.0,1.3938616502353751,3.2628452586
26300,1.3938970547299308,,0.0,1.3938970547299308,3.2599161808
26305,1.393928717969239,,0.0,1.393928717969239,3.2779393957
26310,1.3939585187319306,,0.0,1.3939585187319306,3.2804892884
26315,1.3939879668527408,,0.0,1.3939879668527408,3.2675250487
26320,1.3940173286206263,,0.0,1.3940173286206263,3.2705749958
26325,1.3940460105468044,,0.0,1.3940460105468044,3.2536402806
26330,1.394073161788949,,0.0,1.394073161788949,3.2264462348
26335,1.3940979325506098,,0.0,1.3940979325506098,3.206630258
26340,1.3941196049293112,,0.0,1.3941196049293112,3.1761955255
26345,1.3941377977944374,,0.0,1.3941377977944374,3.1475847554
26350,1.3941524685152002,,0.0,1.3941524685152002,3.1517788977
26355,1.3941638975680821,,0.0,1.3941638975680821,3.1602439593
26360,1.3941727456734614,,0.0,1.3941727456734614,3.1842707043
26365,1.3941800447465156,,0.0,1.3941800447465156,3.1940896666
26370,1.3941869404299987,,0.0,1.3941869404299987,3.1977726061
26375,1.3941945257545865,,0.0,1.3941945257545865,3.2198790328
26380,1.3942036149797041,,0.0,1.3942036149797041,3.2290050526
26385,1.3942144945160406,,0.0,1.3942144945160406,3.2299920032
26390,1.3942270869006108,,0.0,1.3942270869006108,3.2407400836
26395,1.394241269856946,,0.0,1.394241269856946,3.2516863806
26400,1.394257180462925,,0.0,1.394257180462925,3.2563153631
26405,1.3942753381093358,,0.0,1.3942753381093358,3.2760899839
26410,1.394296441577325,,0.0,1.394296441577325,3.2550341769
26415,1.3943210412474218,,0.0,1.3943210412474218,3.2127520437
26420,1.3943492881121946,,0.0,1.3943492881121946,3.1787326341
26425,1.3943808499925407,,0.0,1.3943808499925407,3.1657216492
26430,1.3944150463419234,,0.0,1.3944150463419234,3.1441943806
26435,1.3944509621331018,,0.0,1.3944509621331018,3.1469038421
26440,1.394487433284086,,0.0,1.394487433284086,3.1490989476
26445,1.39452323991771,,0.0,1.39452323991771,3.1543328911
26450,1.3945573316340858,,0.0,1.3945573316340858,3.1600229619
26455,1.3945889078156402,,0.0,1.3945889078156402,3.1822836826
26460,1.3946173964367716,,0.0,1.3946173964367716,3.1735075006
26465,1.394642381284567,,0.0,1.394642381284567,3.1732194478
26470,1.3946635914091046,,0.0,1.3946635914091046,3.1725963842
26475,1.3946809285890476,,0.0,1.3946809285890476,3.1506871943
26480,1.3946945407930205,,0.0,1.3946945407930205,3.1190880704
26485,1.3947049465933004,,0.0,1.3947049465933004,3.0828202078
26490,1.3947130464430828,,0.0,1.3947130464430828,3.0601907456
26495,1.3947198234651874,,0.0,1.3947198234651874,3.0350398018
26500,1.394725824152216,,0.0,1.394725824152216,3.0378898413
26505,1.3947309065834321,,0.0,1.3947309065834321,3.0521135604
26510,1.3947343973060626,,0.0,1.3947343973060626,3.0671143608
26515,1.3947355631614935,,0.0,1.3947355631614935,3.0819716376
26520,1.3947340719024133,,0.0,1.3947340719024133,3.0879469108
26525,1.394730198525827,,0.0,1.394730198525827,3.1111091151
26530,1.3947246338096602,,0.0,1.3947246338096602,3.1342167693
26535,1.3947180920412978,,0.0,1.3947180920412978,3.1458802839
26540,1.394711035270276,,0.0,1.394711035270276,3.1692449046
26545,1.3947035995285983,,0.0,1.3947035995285983,3.1767638905
26550,1.3946956730440219,,0.0,1.3946956730440219,3.1917416716
26555,1.394687052552948,,0.0,1.394687052552948,3.2105688032
26560,1.394677710089579,,0.0,1.394677710089579,3.2064220172
26565,1.394667975923159,,0.0,1.394667975923159,3.1705378002
26570,1.3946586308451019,,0.0,1.3946586308451019,3.1395284573
26575,1.3946508262050026,,0.0,1.3946508262050026,3.1288551622
26580,1.3946457857452184,,0.0,1.3946457857452184,3.1218817117
26585,1.3946445366744886,,0.0,1.3946445366744886,3.1519195716
26590,1.3946475140542183,,0.0,1.3946475140542183,3.1917213855
26595,1.394654125600655,,0.0,1.394654125600655,3.2061933753
26600,1.394662575204793,,0.0,1.394662575204793,3.2412483217
26605,1.3946700679012038,,0.0,1.3946700679012038,3.2688679139
26610,1.3946735975031133,,0.0,1.3946735975031133,3.2902239992
26615,1.3946708840022792,,0.0,1.3946708840022792,3.280094627
26620,1.394661195581537,,0.0,1.394661195581537,3.2656087314
26625,1.3946459356009655,,0.0,1.3946459356009655,3.2531345331
26630,1.394628087033454,,0.0,1.394628087033454,3.2347302935
26635,1.394610955777271,,0.0,1.394610955777271,3.1855815776
26640,1.394597049273072,,0.0,1.394597049273072,3.1658954161
26645,1.3945873654223504,,0.0,1.3945873654223504,3.1457287487
26650,1.3945812351149889,,0.0,1.3945812351149889,3.1517853087
26655,1.3945766221908544,,0.0,1.3945766221908544,3.1690138026
26660,1.394570954842486,,0.0,1.394570954842486,3.1720187325
26665,1.3945618423807464,,0.0,1.3945618423807464,3.1796025888
26670,1.3945476662453375,,0.0,1.3945476662453375,3.1686860212
26675,1.3945279000881257,,0.0,1.3945279000881257,3.1943024444
26680,1.3945028551707075,,0.0,1.3945028551707075,3.2246956663
26685,1.3944729013464334,,0.0,1.3944729013464334,3.2239632472
26690,1.3944378302132745,,0.0,1.3944378302132745,3.230526732
26695,1.3943972462484602,,0.0,1.3943972462484602,3.2516050404
26700,1.3943513428479828,,0.0,1.3943513428479828,3.251928198
26705,1.3943011104785261,,0.0,1.3943011104785261,3.2736178085
26710,1.3942482475961702,,0.0,1.3942482475961702,3.292387837
26715,1.394194818895255,,0.0,1.394194818895255,3.2629837782
26720,1.3941425924735167,,0.0,1.3941425924735167,3.2196502174
26725,1.394092599450358,,0.0,1.394092599450358,3.1964135684
26730,1.3940450502058777,,0.0,1.3940450502058777,3.183311479
26735,1.3939994452663915,,0.0,1.3939994452663915,3.1654842175
26740,1.3939548839740765,,0.0,1.3939548839740765,3.1832768877
26745,1.3939104467998806,,0.0,1.3939104467998806,3.1824625751
26750,1.3938655884562325,,0.0,1.3938655884562325,3.2157890837
26755,1.3938204271725185,,0.0,1.3938204271725185,3.2337607804
26760,1.3937758985069668,,0.0,1.3937758985069668,3.2679742942
26765,1.3937335501049806,,0.0,1.3937335501049806,3.2831859301
26770,1.3936950221946667,,0.0,1.3936950221946667,3.3029963146
26775,1.393661577193034,,0.0,1.393661577193034,3.3123981534
26780,1.3936337952198499,,0.0,1.3936337952198499,3.2948254387
26785,1.3936111422420714,,0.0,1.3936111422420714,3.2615790594
26790,1.3935922386137056,,0.0,1.3935922386137056,3.2506322294
26795,1.393575027348059,,0.0,1.393575027348059,3.262013534
26800,1.3935569761080957,,0.0,1.3935569761080957,3.2390453622
26805,1.393535306048509,,0.0,1.393535306048509,3.2441080486
26810,1.3935070233966103,,0.0,1.3935070233966103,3.2667083545
26815,1.3934697069282505,,0.0,1.3934697069282505,3.2857927702
26820,1.393421663121153,,0.0,1.393421663121153,3.2806691051
26825,1.3933624081442904,,0.0,1.3933624081442904,3.3008799442
26830,1.3932927690576928,,0.0,1.3932927690576928,3.3269984946
26835,1.3932142251383475,,0.0,1.3932142251383475,3.3432051449
26840,1.3931292010436027,,0.0,1.3931292010436027,3.3492149358
26845,1.393040146031614,,0.0,1.393040146031614,3.3744809004
26850,1.3929490641814253,,0.0,1.3929490641814253,3.3808198124
26855,1.3928574251752537,,0.0,1.3928574251752537,3.3986648369
26860,1.3927664199240652,,0.0,1.3927664199240652,3.4131601541
26865,1.3926771164939469,,0.0,1.3926771164939469,3.3921993815
26870,1.3925907489268545,,0.0,1.3925907489268545,3.3577029754
26875,1.3925088532726166,,0.0,1.3925088532726166,3.3317351601
26880,1.3924332766152938,,0.0,1.3924332766152938,3.3226734713
26885,1.392365507667487,,0.0,1.392365507667487,3.2895041196
26890,1.392306389427457,,0.0,1.392306389427457,3.2788246836
26895,1.3922555652971855,,0.0,1.3922555652971855,3.2734683024
26900,1.3922113031479544,,0.0,1.3922113031479544,3.2988698936
26905,1.3921716534908652,,0.0,1.3921716534908652,3.3186304712
26910,1.3921349756430828,,0.0,1.3921349756430828,3.3313004185
26915,1.3920994500316153,,0.0,1.3920994500316153,3.349434833
26920,1.3920632180905106,,0.0,1.3920632180905106,3.3425863877
26925,1.3920248424232682,,0.0,1.3920248424232682,3.3229492383
26930,1.391983534053362,,0.0,1.391983534053362,3.2820310778
26935,1.3919397220625191,,0.0,1.3919397220625191,3.2403099706
26940,1.3918943070403529,,0.0,1.3918943070403529,3.1947199077
26945,1.3918482575129014,,0.0,1.3918482575129014,3.1880742486
26950,1.3918023950152445,,0.0,1.3918023950152445,3.1568288916
26955,1.3917578321086437,,0.0,1.3917578321086437,3.115255951
26960,1.3917150732233226,,0.0,1.3917150732233226,3.1259028641
26965,1.391674635794738,,0.0,1.391674635794738,3.1350458263
26970,1.3916371173360191,,0.0,1.3916371173360191,3.130090085
26975,1.3916031959836415,,0.0,1.3916031959836415,3.1464694532
26980,1.3915734941698519,,0.0,1.3915734941698519,3.1694149995
26985,1.3915480620511933,,0.0,1.3915480620511933,3.2005083211
26990,1.39152647511596,,0.0,1.39152647511596,3.1995677285
26995,1.3915084400870643,,0.0,1.3915084400870643,3.2382396598
27000,1.3914934738837814,,0.0,1.3914934738837814,3.2636240285
27005,1.3914805373834878,,0.0,1.3914805373834878,3.2940521395
27010,1.391468408730949,,0.0,1.391468408730949,3.3198404966
27015,1.39145629576654,,0.0,1.39145629576654,3.3208877058
27020,1.3914432790066822,,0.0,1.3914432790066822,3.294991956
27025,1.3914284383993858,,0.0,1.3914284383993858,3.2597750055
27030,1.3914112365011446,,0.0,1.3914112365011446,3.2123749459
27035,1.3913910311672355,,0.0,1.3913910311672355,3.1678453976
27040,1.3913671806621921,,0.0,1.3913671806621921,3.2004848414
27045,1.3913392237549893,,0.0,1.3913392237549893,3.2274274985
27050,1.391306893474578,,0.0,1.391306893474578,3.2381366984
27055,1.3912700086798968,,0.0,1.3912700086798968,3.2306769626
27060,1.3912288224500413,,0.0,1.3912288224500413,3.2266026282
27065,1.3911840484812494,,0.0,1.3911840484812494,3.2289361401
27070,1.391136910106623,,0.0,1.391136910106623,3.2090101578
27075,1.3910889937371618,,0.0,1.3910889937371618,3.2154887979
27080,1.3910416821110119,,0.0,1.3910416821110119,3.1996996706
27085,1.3909963448701397,,0.0,1.3909963448701397,3.1659934321
27090,1.3909540418500488,,0.0,1.3909540418500488,3.1147127506
27095,1.3909152817554096,,0.0,1.3909152817554096,3.1078513256
27100,1.3908803047965037,,0.0,1.3908803047965037,3.1061124036
27105,1.3908494319433793,,0.0,1.3908494319433793,3.0976422072
27110,1.3908225385549788,,0.0,1.3908225385549788,3.099282363
27115,1.3907994270518091,,0.0,1.3907994270518091,3.1247400279
27120,1.3907806757801968,,0.0,1.3907806757801968,3.1219908858
27125,1.3907656123105072,,0.0,1.3907656123105072,3.1528414931
27130,1.3907525894345523,,0.0,1.3907525894345523,3.1709988181
27135,1.3907395570547736,,0.0,1.3907395570547736,3.1867006908
27140,1.3907242892301372,,0.0,1.3907242892301372,3.1700771579
27145,1.3907050355063695,,0.0,1.3907050355063695,3.183338464
27150,1.3906810795725446,,0.0,1.3906810795725446,3.1994120481
27155,1.3906527497425736,,0.0,1.3906527497425736,3.2259726915
27160,1.3906207212654071,,0.0,1.3906207212654071,3.2579293231
27165,1.390586140988829,,0.0,1.390586140988829,3.2576593345
27170,1.3905497096038442,,0.0,1.3905497096038442,3.2232945689
27175,1.3905114766985855,,0.0,1.3905114766985855,3.1819514444
27180,1.3904715100275862,,0.0,1.3904715100275862,3.1376915439
27185,1.3904303221607084,,0.0,1.3904303221607084,3.1212863529
27190,1.3903891095338692,,0.0,1.3903891095338692,3.1597313995
27195,1.3903495806071724,,0.0,1.3903495806071724,3.214368991
27200,1.3903132939167673,,0.0,1.3903132939167673,3.2373449417
27205,1.3902810245472264,,0.0,1.3902810245472264,3.2347012526
27210,1.390252738871384,,0.0,1.390252738871384,3.2305447526
27215,1.390227407634223,,0.0,1.390227407634223,3.2452351929
27220,1.3902033484997856,,0.0,1.3902033484997856,3.2278788091
27225,1.3901790495415853,,0.0,1.3901790495415853,3.2233746699
27230,1.390153576974835,,0.0,1.390153576974835,3.1940059303
27235,1.3901266270182204,,0.0,1.3901266270182204,3.1578123557
27240,1.3900990304150724,,0.0,1.3900990304150724,3.118546757
27245,1.3900723806019444,,0.0,1.3900723806019444,3.1034808484
27250,1.3900478563258174,,0.0,1.3900478563258174,3.0947078856
27255,1.390026042367426,,0.0,1.390026042367426,3.0835000097
27260,1.3900069614177173,,0.0,1.3900069614177173,3.067845333
27265,1.3899904028919652,,0.0,1.3899904028919652,3.0954657564
27270,1.3899759973688102,,0.0,1.3899759973688102,3.1111487429
27275,1.389963090198499,,0.0,1.389963090198499,3.1464602873
27280,1.3899511207691124,,0.0,1.3899511207691124,3.1697012904
27285,1.3899396699347397,,0.0,1.3899396699347397,3.1940867824
27290,1.389928607438428,,0.0,1.389928607438428,3.183772285
27295,1.3899179179330938,,0.0,1.3899179179330938,3.1788450334
27300,1.3899074810293908,,0.0,1.3899074810293908,3.202943756
27305,1.3898971124258948,,0.0,1.3898971124258948,3.2354453211
27310,1.3898865262121183,,0.0,1.3898865262121183,3.2720119748
27315,1.3898753187029171,,0.0,1.3898753187029171,3.2746165836
27320,1.3898631465783424,,0.0,1.3898631465783424,3.2138890888
27325,1.389849504430504,,0.0,1.389849504430504,3.1594842442
27330,1.3898341283577698,,0.0,1.3898341283577698,3.1271163122
27335,1.3898172329237395,,0.0,1.3898172329237395,3.0775219089
27340,1.389799538850205,,0.0,1.389799538850205,3.0496274767
27345,1.389781712064184,,0.0,1.389781712064184,3.0902091254
27350,1.3897642157747707,,0.0,1.3897642157747707,3.1304119142
27355,1.3897472234381165,,0.0,1.3897472234381165,3.1414202787
27360,1.3897306813735328,,0.0,1.3897306813735328,3.120547804
27365,1.3897143962077636,,0.0,1.3897143962077636,3.1328679886
27370,1.3896981428957196,,0.0,1.3896981428957196,3.127776744
27375,1.3896817860647532,,0.0,1.3896817860647532,3.1271962686
27380,1.389665346291325,,0.0,1.389665346291325,3.1203064057
27385,1.3896490207229368,,0.0,1.3896490207229368,3.0923390223
27390,1.3896331960606272,,0.0,1.3896331960606272,3.0563740782
27395,1.3896183892851246,,0.0,1.3896183892851246,3.0445288612
27400,1.389604824304697,,0.0,1.389604824304697,3.0267712547
27405,1.38959250985013,,0.0,1.38959250985013,3.0109283946
27410,1.3895813679127658,,0.0,1.3895813679127658,3.0088151187
27415,1.3895713972648365,,0.0,1.3895713972648365,3.0151584814
27420,1.3895625010946646,,0.0,1.3895625010946646,3.0312491891
27425,1.3895545705630052,,0.0,1.3895545705630052,3.0727491261
27430,1.3895474843255826,,0.0,1.3895474843255826,3.0969750631
27435,1.3895410751560242,,0.0,1.3895410751560242,3.1082948625
27440,1.3895351552969704,,0.0,1.3895351552969704,3.1142169085
27445,1.3895293625117702,,0.0,1.3895293625117702,3.1204732327
27450,1.389523316806629,,0.0,1.389523316806629,3.1356134058
27455,1.3895165967847303,,0.0,1.3895165967847303,3.170450182
27460,1.3895087429202808,,0.0,1.3895087429202808,3.2051191267
27465,1.389499237300359,,0.0,1.389499237300359,3.215755412
27470,1.389487582861341,,0.0,1.389487582861341,3.1963535355
27475,1.389473429962554,,0.0,1.389473429962554,3.1479049391
27480,1.389456677040407,,0.0,1.389456677040407,3.1201503504
27485,1.3894375149444136,,0.0,1.3894375149444136,3.1072126688
27490,1.3894163945605276,,0.0,1.3894163945605276,3.0919207427
27495,1.3893939534179784,,0.0,1.3893939534179784,3.090682047
27500,1.389370925857673,,0.0,1.389370925857673,3.136460918
27505,1.3893480819394355,,0.0,1.3893480819394355,3.1713679985
27510,1.3893261520707723,,0.0,1.3893261520707723,3.1863070493
27515,1.3893057171899628,,0.0,1.3893057171899628,3.1831097165
27520,1.389287136077721,,0.0,1.389287136077721,3.2090069805
27525,1.3892705348757075,,0.0,1.3892705348757075,3.2263890576
27530,1.3892559427092774,,0.0,1.3892559427092774,3.2135899236
27535,1.3892433810416112,,0.0,1.3892433810416112,3.2004485353
27540,1.3892328314334719,,0.0,1.3892328314334719,3.1881957401
27545,1.3892241412552693,,0.0,1.3892241412552693,3.1747615929
27550,1.389216871716825,,0.0,1.389216871716825,3.1550253041
27555,1.3892103412257273,,0.0,1.3892103412257273,3.1417346141
27560,1.389203789362394,,0.0,1.389203789362394,3.1236099098
27565,1.3891965416054408,,0.0,1.3891965416054408,3.1239524438
27570,1.3891881381107634,,0.0,1.3891881381107634,3.1568121964
27575,1.3891784119248267,,0.0,1.3891784119248267,3.1684033542
27580,1.3891674433754044,,0.0,1.3891674433754044,3.1906938774
27585,1.3891554531421932,,0.0,1.3891554531421932,3.216372151
27590,1.3891427090829622,,0.0,1.3891427090829622,3.2229366506
27595,1.389129484534958,,0.0,1.389129484534958,3.2138432569
27600,1.3891160525853263,,0.0,1.3891160525853263,3.2217866385
27605,1.389102669314371,,0.0,1.389102669314371,3.2478189229
27610,1.38908960976457,,0.0,1.38908960976457,3.2797046806
27615,1.3890771082574722,,0.0,1.3890771082574722,3.277214947
27620,1.3890652445297043,,0.0,1.3890652445297043,3.2506182327
27625,1.3890540901782542,,0.0,1.3890540901782542,3.199800498
27630,1.3890438185001182,,0.0,1.3890438185001182,3.149225105
27635,1.3890347237045775,,0.0,1.3890347237045775,3.1284638488
27640,1.3890271783733532,,0.0,1.3890271783733532,3.1164141906
27645,1.3890215283956098,,0.0,1.3890215283956098,3.1141311447
27650,1.38901796036915,,0.0,1.38901796036915,3.1316641338
27655,1.3890165535303987,,0.0,1.3890165535303987,3.1798017129
27660,1.3890173570127609,,0.0,1.3890173570127609,3.2063392294
27665,1.3890201949500238,,0.0,1.3890201949500238,3.2206080754
27670,1.3890245417898295,,0.0,1.3890245417898295,3.2299714829
27675,1.3890295660158094,,0.0,1.3890295660158094,3.2556651977
27680,1.3890343123572588,,0.0,1.3890343123572588,3.2615170748
27685,1.3890379957710526,,0.0,1.3890379957710526,3.2479371824
27690,1.389040170532404,,0.0,1.389040170532404,3.2359274908
27695,1.38904073141716,,0.0,1.38904073141716,3.2230947681
27700,1.3890397392225082,,0.0,1.3890397392225082,3.207107403
27705,1.3890373452593272,,0.0,1.3890373452593272,3.2039320261
27710,1.3890338511489702,,0.0,1.3890338511489702,3.1777545737
27715,1.3890298801194578,,0.0,1.3890298801194578,3.175955918
27720,1.3890263597030623,,0.0,1.3890263597030623,3.2285229037
27725,1.3890244194906238,,0.0,1.3890244194906238,3.2392123177
27730,1.389025168792096,,0.0,1.389025168792096,3.251735447
27735,1.3890294034958763,,0.0,1.3890294034958763,3.288369045
27740,1.3890373496019834,,0.0,1.3890373496019834,3.3093105959
27745,1.389048671657271,,0.0,1.389048671657271,3.3036806434
27750,1.3890627464791903,,0.0,1.3890627464791903,3.2978851097
27755,1.3890788248799522,,0.0,1.3890788248799522,3.3278967111
27760,1.389096176020057,,0.0,1.389096176020057,3.3400610086
27765,1.3891140922966287,,0.0,1.3891140922966287,3.3483909826
27770,1.3891319366579027,,0.0,1.3891319366579027,3.3227602505
27775,1.3891491895766714,,0.0,1.3891491895766714,3.27443717
27780,1.3891655527283626,,0.0,1.3891655527283626,3.2268733989
27785,1.3891809062693041,,0.0,1.3891809062693041,3.1993480335
27790,1.3891953965538344,,0.0,1.3891953965538344,3.1827671251
27795,1.3892093782701123,,0.0,1.3892093782701123,3.1919987957
27800,1.3892231864392928,,0.0,1.3892231864392928,3.1857781577
27805,1.389237079392585,,0.0,1.389237079392585,3.218703065
27810,1.3892513328772964,,0.0,1.3892513328772964,3.2380687182
27815,1.389266314041144,,0.0,1.389266314041144,3.2537299366
27820,1.3892824736791358,,0.0,1.3892824736791358,3.2542133329
27825,1.389300250126722,,0.0,1.389300250126722,3.2773972446
27830,1.3893198251388468,,0.0,1.3893198251388468,3.2773194191
27835,1.3893409816281683,,0.0,1.3893409816281683,3.2589995852
27840,1.389363282396058,,0.0,1.389363282396058,3.232685231
27845,1.3893863270086788,,0.0,1.3893863270086788,3.2058827819
27850,1.3894098864420679,,0.0,1.3894098864420679,3.185122486
27855,1.3894340160139356,,0.0,1.3894340160139356,3.1761491111
27860,1.3894589164414022,,0.0,1.3894589164414022,3.1612752515
27865,1.3894847189363495,,0.0,1.3894847189363495,3.177906381
27870,1.3895114149726204,,0.0,1.3895114149726204,3.2005392263
27875,1.3895389041007091,,0.0,1.3895389041007091,3.2015909906
27880,1.3895669858081239,,0.0,1.3895669858081239,3.202164084
27885,1.389595440074524,,0.0,1.389595440074524,3.2238064696
27890,1.389623923761852,,0.0,1.389623923761852,3.234393364
27895,1.3896523316232179,,0.0,1.3896523316232179,3.22062879
27900,1.3896807519668788,,0.0,1.3896807519668788,3.2178531483
27905,1.389709414544363,,0.0,1.389709414544363,3.2280053832
27910,1.3897387977299565,,0.0,1.3897387977299565,3.2413124003
27915,1.3897694870092225,,0.0,1.3897694870092225,3.2688028847
27920,1.3898020376964935,,0.0,1.3898020376964935,3.2684137176
27925,1.3898368792372788,,0.0,1.3898368792372788,3.2236000811
27930,1.3898742907438764,,0.0,1.3898742907438764,3.1763420563
27935,1.3899144219356139,,0.0,1.3899144219356139,3.141499171
27940,1.389957486421162,,0.0,1.389957486421162,3.1046638304
27945,1.3900038807009565,,0.0,1.3900038807009565,3.1058885442
27950,1.3900540204194998,,0.0,1.3900540204194998,3.1204025858
27955,1.390108198421887,,0.0,1.390108198421887,3.1414026342
27960,1.3901665403041046,,0.0,1.3901665403041046,3.1774518481
27965,1.3902289866331496,,0.0,1.3902289866331496,3.2224743396
27970,1.3902951432504373,,0.0,1.3902951432504373,3.2442916429
27975,1.3903640120725829,,0.0,1.3903640120725829,3.2564816524
27980,1.3904338006738812,,0.0,1.3904338006738812,3.2658653378
27985,1.3905020668217303,,0.0,1.3905020668217303,3.2620852242
27990,1.3905660169376233,,0.0,1.3905660169376233,3.2513194282
27995,1.3906231690229591,,0.0,1.3906231690229591,3.2314775952
28000,1.3906717350856344,,0.0,1.3906717350856344,3.205579515
28005,1.3907107488277801,,0.0,1.3907107488277801,3.1700519997
28010,1.3907400682377145,,0.0,1.3907400682377145,3.1687412569
28015,1.390761047451166,,0.0,1.390761047451166,3.1814064407
28020,1.3907765137420165,,0.0,1.3907765137420165,3.202496813
28025,1.390790582288684,,0.0,1.390790582288684,3.2076409673
28030,1.390808197375894,,0.0,1.390808197375894,3.2060680268
28035,1.3908344328404958,,0.0,1.3908344328404958,3.2266495719
28040,1.3908734462643317,,0.0,1.3908734462643317,3.2468680367
28045,1.3909270669515812,,0.0,1.3909270669515812,3.2555385823
28050,1.3909945758856839,,0.0,1.3909945758856839,3.2678942078
28055,1.3910730633504975,,0.0,1.3910730633504975,3.2776454166
28060,1.3911583316116614,,0.0,1.3911583316116614,3.2950124486
28065,1.3912459723273527,,0.0,1.3912459723273527,3.3317248338
28070,1.3913321620046915,,0.0,1.3913321620046915,3.3374984632
28075,1.3914142307285615,,0.0,1.3914142307285615,3.2995890915
28080,1.391491007391419,,0.0,1.391491007391419,3.2577492663
28085,1.391562031057812,,0.0,1.391562031057812,3.2115090452
28090,1.3916276610768659,,0.0,1.3916276610768659,3.1871198698
28095,1.3916890503669883,,0.0,1.3916890503669883,3.1794516495
28100,1.3917475788470082,,0.0,1.3917475788470082,3.1825195195
28105,1.3918043040333141,,0.0,1.3918043040333141,3.2052537424
28110,1.3918598901022192,,0.0,1.3918598901022192,3.2401776975
28115,1.3919146823290045,,0.0,1.3919146823290045,3.2759753764
28120,1.3919685015052043,,0.0,1.3919685015052043,3.3045863873
28125,1.3920208657096507,,0.0,1.3920208657096507,3.332746223
28130,1.3920710929634128,,0.0,1.3920710929634128,3.3487775957
28135,1.392118442127393,,0.0,1.392118442127393,3.3488684406
28140,1.3921623930150284,,0.0,1.3921623930150284,3.335729707
28145,1.3922025532184386,,0.0,1.3922025532184386,3.3042898709
28150,1.3922390009963828,,0.0,1.3922390009963828,3.2975709679
28155,1.392272522233233,,0.0,1.392272522233233,3.2774161524
28160,1.3923041664421576,,0.0,1.3923041664421576,3.2553902192
28165,1.3923349716316948,,0.0,1.3923349716316948,3.2530182062
28170,1.3923658981427716,,0.0,1.3923658981427716,3.2794625906
28175,1.3923975748647772,,0.0,1.3923975748647772,3.3052654813
28180,1.3924304011174642,,0.0,1.3924304011174642,3.301491559
28185,1.392464776970886,,0.0,1.392464776970886,3.3007731314
28190,1.3925010698228613,,0.0,1.3925010698228613,3.3476465433
28195,1.3925392331546733,,0.0,1.3925392331546733,3.3641054918
28200,1.3925786892338787,,0.0,1.3925786892338787,3.3449238098
28205,1.3926184383855438,,0.0,1.3926184383855438,3.3504068716
28210,1.392657393854244,,0.0,1.392657393854244,3.3621235046
28215,1.3926945907517687,,0.0,1.3926945907517687,3.3876590079
28220,1.3927291878987709,,0.0,1.3927291878987709,3.3969520152
28225,1.392760419373455,,0.0,1.392760419373455,3.3766661687
28230,1.392787589077573,,0.0,1.392787589077573,3.3344520102
28235,1.392810268566018,,0.0,1.392810268566018,3.2850356329
28240,1.3928286086494666,,0.0,1.3928286086494666,3.2656558754
28245,1.3928434651495207,,0.0,1.3928434651495207,3.2533503935
28250,1.3928563538123857,,0.0,1.3928563538123857,3.2480655396
28255,1.3928692032321892,,0.0,1.3928692032321892,3.261420522
28260,1.392883962738674,,0.0,1.392883962738674,3.2804198646
28265,1.392902244116685,,0.0,1.392902244116685,3.3093816792
28270,1.3929250502242554,,0.0,1.3929250502242554,3.344354136
28275,1.392952671678311,,0.0,1.392952671678311,3.3463817944
28280,1.3929846959492396,,0.0,1.3929846959492396,3.3661389958
28285,1.3930201048546609,,0.0,1.3930201048546609,3.3604025995
28290,1.393057493533892,,0.0,1.393057493533892,3.3501640127
28295,1.3930953623381135,,0.0,1.3930953623381135,3.3201098841
28300,1.3931323896446783,,0.0,1.3931323896446783,3.2967181918
28305,1.3931675328295539,,0.0,1.3931675328295539,3.2855627065
28310,1.393199925839749,,0.0,1.393199925839749,3.2540970232
28315,1.393228764328918,,0.0,1.393228764328918,3.248734972
28320,1.3932535322712627,,0.0,1.3932535322712627,3.2644758014
28325,1.393274029336182,,0.0,1.393274029336182,3.2974635415
28330,1.3932902278079802,,0.0,1.3932902278079802,3.3270240869
28335,1.393302229432138,,0.0,1.393302229432138,3.3316538481
28340,1.3933102454754749,,0.0,1.3933102454754749,3.3758308022
28345,1.3933146016826856,,0.0,1.3933146016826856,3.4094602883
28350,1.3933158248793691,,0.0,1.3933158248793691,3.4200664701
28355,1.3933147259144871,,0.0,1.3933147259144871,3.4372783441
28360,1.3933125429907605,,0.0,1.3933125429907605,3.4508402983
28365,1.3933110255620602,,0.0,1.3933110255620602,3.4599475731
28370,1.3933123589621734,,0.0,1.3933123589621734,3.4618554408
28375,1.3933187968705671,,0.0,1.3933187968705671,3.456013916
28380,1.3933321196399076,,0.0,1.3933321196399076,3.4186578411
28385,1.393353372918171,,0.0,1.393353372918171,3.3604903603
28390,1.3933831151118434,,0.0,1.3933831151118434,3.3122693031
28395,1.393421357634608,,0.0,1.393421357634608,3.2784268539
28400,1.393467516114986,,0.0,1.393467516114986,3.2478561353
28405,1.3935201661617105,,0.0,1.3935201661617105,3.2577386414
28410,1.3935770188765981,,0.0,1.3935770188765981,3.2667576399
28415,1.393635310966055,,0.0,1.393635310966055,3.2901784563
28420,1.3936920667783192,,0.0,1.3936920667783192,3.3025000392
28425,1.3937446288578328,,0.0,1.3937446288578328,3.3097408964
28430,1.3937911585102747,,0.0,1.3937911585102747,3.3137194887
28435,1.3938311623098487,,0.0,1.3938311623098487,3.3211817206
28440,1.3938652389519777,,0.0,1.3938652389519777,3.3179286254
28445,1.393894922372003,,0.0,1.393894922372003,3.2908422861
28450,1.3939218740565853,,0.0,1.3939218740565853,3.262792654
28455,1.3939477139074716,,0.0,1.3939477139074716,3.2241360476
28460,1.3939736508201368,,0.0,1.3939736508201368,3.1872209829
28465,1.3940002691660591,,0.0,1.3940002691660591,3.164854459
28470,1.3940272838987355,,0.0,1.3940272838987355,3.1696257068
28475,1.3940538138227185,,0.0,1.3940538138227185,3.1789162529
28480,1.3940787247771478,,0.0,1.3940787247771478,3.1925945789
28485,1.3941009522655543,,0.0,1.3941009522655543,3.1785411106
28490,1.3941197565812353,,0.0,1.3941197565812353,3.1836712691
28495,1.3941348136165181,,0.0,1.3941348136165181,3.2085259693
28500,1.3941461755287503,,0.0,1.3941461755287503,3.2224189931
28505,1.3941543589121415,,0.0,1.3941543589121415,3.2369997457
28510,1.3941602291375896,,0.0,1.3941602291375896,3.2410379405
28515,1.394164870959714,,0.0,1.394164870959714,3.2515808207
28520,1.3941693703381648,,0.0,1.3941693703381648,3.2576020681
28525,1.3941743579812442,,0.0,1.3941743579812442,3.2553422835
28530,1.394179834070844,,0.0,1.394179834070844,3.2174270416
28535,1.3941854291173954,,0.0,1.3941854291173954,3.1770587128
28540,1.3941909470192724,,0.0,1.3941909470192724,3.16493568
28545,1.394196892866055,,0.0,1.394196892866055,3.1407021101
28550,1.3942044891041248,,0.0,1.3942044891041248,3.1319596941
28555,1.3942151844754553,,0.0,1.3942151844754553,3.1573528282
28560,1.3942300356551873,,0.0,1.3942300356551873,3.1492683184
28565,1.3942493903059252,,0.0,1.3942493903059252,3.1626028987
28570,1.3942728660920232,,0.0,1.3942728660920232,3.1843415955
28575,1.3942993873761667,,0.0,1.3942993873761667,3.1955615783
28580,1.3943278269775754,,0.0,1.3943278269775754,3.1864878108
28585,1.3943575352257722,,0.0,1.3943575352257722,3.1925646215
28590,1.3943881302853118,,0.0,1.3943881302853118,3.1755334596
28595,1.3944192698593845,,0.0,1.3944192698593845,3.1525698491
28600,1.3944502799040701,,0.0,1.3944502799040701,3.0975263866
28605,1.3944800731864793,,0.0,1.3944800731864793,3.0678526057
28610,1.3945073869030842,,0.0,1.3945073869030842,3.0340379029
28615,1.394531009020784,,0.0,1.394531009020784,3.0116497486
28620,1.3945501626133563,,0.0,1.3945501626133563,3.0127082463
28625,1.3945647805856236,,0.0,1.3945647805856236,3.0247287615
28630,1.3945756003251741,,0.0,1.3945756003251741,3.0343280597
28635,1.394583982584035,,0.0,1.394583982584035,3.0325271258
28640,1.3945913752401957,,0.0,1.3945913752401957,3.0657529305
28645,1.3945988866941534,,0.0,1.3945988866941534,3.0979855209
28650,1.3946068078356713,,0.0,1.3946068078356713,3.0946501683
28655,1.3946144774896425,,0.0,1.3946144774896425,3.1098385695
28660,1.3946206497684361,,0.0,1.3946206497684361,3.1220495007
28665,1.3946240707812014,,0.0,1.3946240707812014,3.1230345589
28670,1.3946238953015084,,0.0,1.3946238953015084,3.1397094154
28675,1.3946198890078083,,0.0,1.3946198890078083,3.1492745235
28680,1.3946124077932895,,0.0,1.3946124077932895,3.1220574683
28685,1.3946022333815604,,0.0,1.3946022333815604,3.0810534751
28690,1.3945904045996707,,0.0,1.3945904045996707,3.0551746751
28695,1.3945779952432849,,0.0,1.3945779952432849,3.0336855597
28700,1.3945658858257577,,0.0,1.3945658858257577,3.0258598689
28705,1.3945546831366777,,0.0,1.3945546831366777,3.0561021047
28710,1.3945447897698415,,0.0,1.3945447897698415,3.0672315951
28715,1.3945366198691478,,0.0,1.3945366198691478,3.0909332486
28720,1.3945308196946111,,0.0,1.3945308196946111,3.1300890558
28725,1.3945280972583638,,0.0,1.3945280972583638,3.1755188938
28730,1.3945289528980744,,0.0,1.3945289528980744,3.1963195818
28735,1.3945333806340638,,0.0,1.3945333806340638,3.2086214375
28740,1.3945405798487598,,0.0,1.3945405798487598,3.2153451544
28745,1.3945489099275357,,0.0,1.3945489099275357,3.1992968107
28750,1.3945560689442402,,0.0,1.3945560689442402,3.1677198749
28755,1.3945594814763205,,0.0,1.3945594814763205,3.1384094103
28760,1.3945570434499566,,0.0,1.3945570434499566,3.1111542052
28765,1.3945479087747343,,0.0,1.3945479087747343,3.1060031649
28770,1.3945329631706485,,0.0,1.3945329631706485,3.1121528515
28775,1.3945147625524026,,0.0,1.3945147625524026,3.1072612959
28780,1.3944968074874977,,0.0,1.3944968074874977,3.1199544834
28785,1.3944819931180306,,0.0,1.3944819931180306,3.1263131228
28790,1.3944713181640054,,0.0,1.3944713181640054,3.1389968336
28795,1.3944637373412287,,0.0,1.3944637373412287,3.1644696376
28800,1.3944568856072466,,0.0,1.3944568856072466,3.1685313063
28805,1.3944480618071011,,0.0,1.3944480618071011,3.1752155254
28810,1.394435002643819,,0.0,1.394435002643819,3.1812216617
28815,1.3944162824756299,,0.0,1.3944162824756299,3.1894956932
28820,1.3943912554290379,,0.0,1.3943912554290379,3.216127961
28825,1.394359792133811,,0.0,1.394359792133811,3.2318012627
28830,1.394322076573063,,0.0,1.394322076573063,3.2305492346
28835,1.3942784178939032,,0.0,1.3942784178939032,3.1906334149
28840,1.3942292764178994,,0.0,1.3942292764178994,3.1608443902
28845,1.3941760584381289,,0.0,1.3941760584381289,3.1554092509
28850,1.3941212590266348,,0.0,1.3941212590266348,3.1383226356
28855,1.394067965812049,,0.0,1.394067965812049,3.1518830698
28860,1.3940191542187692,,0.0,1.3940191542187692,3.1656606921
28865,1.3939768980357043,,0.0,1.3939768980357043,3.1695782473
28870,1.3939417769961024,,0.0,1.3939417769961024,3.1784765492
28875,1.3939128482206076,,0.0,1.3939128482206076,3.1979888712
28880,1.3938880895319863,,0.0,1.3938880895319863,3.2329706981
28885,1.3938649569976276,,0.0,1.3938649569976276,3.2606367435
28890,1.3938409684825122,,0.0,1.3938409684825122,3.2697506088
28895,1.3938142339534816,,0.0,1.3938142339534816,3.2627111634
28900,1.3937839007720327,,0.0,1.3937839007720327,3.2375267536
28905,1.3937502801088155,,0.0,1.3937502801088155,3.2159087816
28910,1.393714589862928,,0.0,1.393714589862928,3.1964950227
28915,1.3936784060093523,,0.0,1.3936784060093523,3.1965611047
28920,1.3936431097856308,,0.0,1.3936431097856308,3.1895773309
28925,1.3936095101308663,,0.0,1.3936095101308663,3.2028363635
28930,1.3935778268607715,,0.0,1.3935778268607715,3.2107937928
28935,1.3935473342970153,,0.0,1.3935473342970153,3.2368211771
28940,1.3935165340640174,,0.0,1.3935165340640174,3.2556181603
28945,1.3934833769282042,,0.0,1.3934833769282042,3.2913787303
28950,1.3934453449219566,,0.0,1.3934453449219566,3.315958526
28955,1.393400009863781,,0.0,1.393400009863781,3.3265474518
28960,1.3933458414788997,,0.0,1.3933458414788997,3.3384921527
28965,1.393282407820797,,0.0,1.393282407820797,3.3604075878
28970,1.393210507938233,,0.0,1.393210507938233,3.3764097165
28975,1.393132260706438,,0.0,1.393132260706438,3.3912863285
28980,1.3930503616417371,,0.0,1.3930503616417371,3.4016619096
28985,1.3929673197081263,,0.0,1.3929673197081263,3.3558495199
28990,1.3928849219427795,,0.0,1.3928849219427795,3.2981128085
28995,1.3928042147439745,,0.0,1.3928042147439745,3.2679343412
29000,1.3927256435409245,,0.0,1.3927256435409245,3.2421514684
29005,1.3926494042533644,,0.0,1.3926494042533644,3.2328922799
29010,1.3925758738966174,,0.0,1.3925758738966174,3.2763962573
29015,1.3925057656439843,,0.0,1.3925057656439843,3.2915434977
29020,1.3924400187142567,,0.0,1.3924400187142567,3.3104833431
29025,1.3923791374239762,,0.0,1.3923791374239762,3.3049179896
29030,1.3923231270252565,,0.0,1.3923231270252565,3.3232763072
29035,1.392271391846618,,0.0,1.392271391846618,3.3299019565
29040,1.392222977094821,,0.0,1.392222977094821,3.3332681281
29045,1.3921768232754088,,0.0,1.3921768232754088,3.330883312
29050,1.392132279512874,,0.0,1.392132279512874,3.318890582
29055,1.3920891599369791,,0.0,1.3920891599369791,3.2747802739
29060,1.392047436832028,,0.0,1.392047436832028,3.2520810288
29065,1.3920070233903667,,0.0,1.3920070233903667,3.2366431871
29070,1.391967640567908,,0.0,1.391967640567908,3.1916319505
29075,1.3919288482330243,,0.0,1.3919288482330243,3.1648602959
29080,1.3918901435925144,,0.0,1.3918901435925144,3.1630721203
29085,1.3918512075407174,,0.0,1.3918512075407174,3.1619271434
29090,1.3918121459838793,,0.0,1.3918121459838793,3.159587347
29095,1.3917735144182248,,0.0,1.3917735144182248,3.1934157623
29100,1.3917361597072058,,0.0,1.3917361597072058,3.2229426009
29105,1.3917011139478919,,0.0,1.3917011139478919,3.2195179065
29110,1.3916694206055629,,0.0,1.3916694206055629,3.2297760036
29115,1.3916419214052398,,0.0,1.3916419214052398,3.2665451679
29120,1.391618940545542,,0.0,1.391618940545542,3.3061786519
29125,1.3916000047224049,,0.0,1.3916000047224049,3.3452864015
29130,1.3915838436974912,,0.0,1.3915838436974912,3.3573457201
29135,1.3915688188115072,,0.0,1.3915688188115072,3.3255760829
29140,1.3915535038087985,,0.0,1.3915535038087985,3.2713998384
29145,1.3915370705607228,,0.0,1.3915370705607228,3.2399613129
29150,1.391519274969071,,0.0,1.391519274969071,3.2069247249
29155,1.3915001830604077,,0.0,1.3915001830604077,3.1836013843
29160,1.3914796197415589,,0.0,1.3914796197415589,3.2125954355
29165,1.3914569065350024,,0.0,1.3914569065350024,3.2317071265
29170,1.391431070685726,,0.0,1.391431070685726,3.2548384322
29175,1.3914013406560386,,0.0,1.3914013406560386,3.2667314504
29180,1.3913676094028726,,0.0,1.3913676094028726,3.2674861203
29185,1.3913303520946787,,0.0,1.3913303520946787,3.2493905541
29190,1.3912904994695643,,0.0,1.3912904994695643,3.2403840821
29195,1.3912490650034706,,0.0,1.3912490650034706,3.229300292
29200,1.3912069634735373,,0.0,1.3912069634735373,3.2100439823
29205,1.3911649457045772,,0.0,1.3911649457045772,3.1789680394
29210,1.3911237092954418,,0.0,1.3911237092954418,3.1280644111
29215,1.391083815562879,,0.0,1.391083815562879,3.1122275561
29220,1.3910457788047197,,0.0,1.3910457788047197,3.0862533564
29225,1.3910102515789666,,0.0,1.3910102515789666,3.0830941412
29230,1.3909777573917002,,0.0,1.3909777573917002,3.0916839791
29235,1.3909486495668948,,0.0,1.3909486495668948,3.1132601279
29240,1.3909231687922965,,0.0,1.3909231687922965,3.1126667847
29245,1.3909017991490331,,0.0,1.3909017991490331,3.1344326472
29250,1.3908847917381322,,0.0,1.3908847917381322,3.1594042966
29255,1.390871281825315,,0.0,1.390871281825315,3.1732905013
29260,1.390859644415876,,0.0,1.390859644415876,3.1669138102
29265,1.3908478745895245,,0.0,1.3908478745895245,3.1912413717
29270,1.3908339841827113,,0.0,1.3908339841827113,3.2061632775
29275,1.3908166739454264,,0.0,1.3908166739454264,3.2300885724
29280,1.3907954908772295,,0.0,1.3907954908772295,3.2564614513
29285,1.390769997756755,,0.0,1.390769997756755,3.2414456163
29290,1.3907398944632532,,0.0,1.3907398944632532,3.2064127233
29295,1.3907053827369826,,0.0,1.3907053827369826,3.1686666235
29300,1.3906666224377153,,0.0,1.3906666224377153,3.1314813644
29305,1.3906236679054964,,0.0,1.3906236679054964,3.1096256587
29310,1.3905771553281063,,0.0,1.3905771553281063,3.1360603361
29315,1.3905285040948,,0.0,1.3905285040948,3.1882789174
29320,1.3904797712832173,,0.0,1.3904797712832173,3.2120442045
29325,1.3904332445637737,,0.0,1.3904332445637737,3.2159830225
29330,1.390390679892956,,0.0,1.390390679892956,3.2236939798
29335,1.390352831710668,,0.0,1.390352831710668,3.2320790919
29340,1.3903197400330087,,0.0,1.3903197400330087,3.2308466218
29345,1.390290184005147,,0.0,1.390290184005147,3.2254497452
29350,1.3902623056750132,,0.0,1.3902623056750132,3.1972974536
29355,1.3902345491211472,,0.0,1.3902345491211472,3.1592448583
29360,1.3902059722372317,,0.0,1.3902059722372317,3.1170136807
29365,1.3901764991518315,,0.0,1.3901764991518315,3.1057367735
29370,1.3901470393445012,,0.0,1.3901470393445012,3.0870115372
29375,1.3901187092416931,,0.0,1.3901187092416931,3.0615249934
29380,1.390092286338041,,0.0,1.390092286338041,3.0551148302
29385,1.390068326084296,,0.0,1.390068326084296,3.0764350332
29390,1.3900472135899482,,0.0,1.3900472135899482,3.089971246
29395,1.3900291554835857,,0.0,1.3900291554835857,3.1243468894
29400,1.3900136637961535,,0.0,1.3900136637961535,3.1503784696
29405,1.3899999638978071,,0.0,1.3899999638978071,3.1753613165
29410,1.389987380607805,,0.0,1.389987380607805,3.1620229674
29415,1.3899756480919196,,0.0,1.3899756480919196,3.1652798004
29420,1.3899650535111405,,0.0,1.3899650535111405,3.1875342138
29425,1.389955909468513,,0.0,1.389955909468513,3.2371549312
29430,1.3899483439928202,,0.0,1.3899483439928202,3.2595444049
29435,1.3899420201757844,,0.0,1.3899420201757844,3.2512642809
29440,1.3899361976740827,,0.0,1.3899361976740827,3.2106910229
29445,1.3899299835148025,,0.0,1.3899299835148025,3.1547482808
29450,1.3899222019749062,,0.0,1.3899222019749062,3.1268806567
29455,1.3899119645150833,,0.0,1.3899119645150833,3.0786058221
29460,1.3898989659898346,,0.0,1.3898989659898346,3.061819265
29465,1.389883525663976,,0.0,1.389883525663976,3.0989682646
29470,1.3898664195542743,,0.0,1.3898664195542743,3.1277208851
29475,1.3898485298793146,,0.0,1.3898485298793146,3.1370849188
29480,1.389830677742185,,0.0,1.389830677742185,3.1264188825
29485,1.3898133971986653,,0.0,1.3898133971986653,3.1509224254
29490,1.3897968123441382,,0.0,1.3897968123441382,3.1550922884
29495,1.389780689675566,,0.0,1.389780689675566,3.1441227931
29500,1.3897646623180682,,0.0,1.3897646623180682,3.1232113409
29505,1.3897484141217187,,0.0,1.3897484141217187,3.0873354662
29510,1.3897317711301647,,0.0,1.3897317711301647,3.04688579
29515,1.389714949544028,,0.0,1.389714949544028,3.0350254589
29520,1.389698384311032,,0.0,1.389698384311032,3.0070805953
29525,1.3896826530954105,,0.0,1.3896826530954105,2.9889096354
29530,1.3896681738607806,,0.0,1.3896681738607806,2.9864647353
29535,1.389655270464715,,0.0,1.389655270464715,2.9933833634
29540,1.3896441523323826,,0.0,1.3896441523323826,3.0104291215
29545,1.3896346557160832,,0.0,1.3896346557160832,3.054566496
29550,1.3896263121318737,,0.0,1.3896263121318737,3.0776396382
29555,1.3896184639515292,,0.0,1.3896184639515292,3.093464519
29560,1.3896104641647333,,0.0,1.3896104641647333,3.0792225203
29565,1.3896019642448967,,0.0,1.3896019642448967,3.0848962748
29570,1.3895928828865804,,0.0,1.3895928828865804,3.1040841737
29575,1.3895832996445192,,0.0,1.3895832996445192,3.1582028168
29580,1.3895732890941723,,0.0,1.3895732890941723,3.1912449075
29585,1.3895627399407613,,0.0,1.3895627399407613,3.1858890093
29590,1.3895513305094103,,0.0,1.3895513305094103,3.163143309
29595,1.389538719094456,,0.0,1.389538719094456,3.1163552936
29600,1.3895246282660965,,0.0,1.3895246282660965,3.1126501871
29605,1.389508854328741,,0.0,1.389508854328741,3.0822036705
29610,1.3894913388270524,,0.0,1.3894913388270524,3.0636244876
29615,1.3894721218453403,,0.0,1.3894721218453403,3.0758432315
29620,1.3894513424168153,,0.0,1.3894513424168153,3.1076674622
29625,1.3894293192606193,,0.0,1.3894293192606193,3.1317817587
29630,1.3894066211283096,,0.0,1.3894066211283096,3.1366721646
29635,1.3893840513658298,,0.0,1.3893840513658298,3.1522097492
29640,1.389362516815309,,0.0,1.389362516815309,3.1791063384
29645,1.3893429182482524,,0.0,1.3893429182482524,3.1812816026
29650,1.3893261729428064,,0.0,1.3893261729428064,3.1748120995
29655,1.3893131480660463,,0.0,1.3893131480660463,3.1596465198
29660,1.3893044244653057,,0.0,1.3893044244653057,3.1295755056
29665,1.389300072646224,,0.0,1.389300072646224,3.1217359752
29670,1.389299557347991,,0.0,1.389299557347991,3.1052107999
29675,1.3893017899735327,,0.0,1.3893017899735327,3.0905221774
29680,1.3893053963563338,,0.0,1.3893053963563338,3.0708029585
29685,1.3893089876876248,,0.0,1.3893089876876248,3.0788251526
29690,1.3893113663719314,,0.0,1.3893113663719314,3.1092650757
29695,1.3893116526007283,,0.0,1.3893116526007283,3.1194418914
29700,1.3893092692099827,,0.0,1.3893092692099827,3.1367741477
29705,1.3893038333411105,,0.0,1.3893038333411105,3.1568017225
29710,1.389295213577602,,0.0,1.389295213577602,3.1547747585
29715,1.3892835582746001,,0.0,1.3892835582746001,3.1472515748
29720,1.38926931392993,,0.0,1.38926931392993,3.159117318
29725,1.389253182030371,,0.0,1.389253182030371,3.1863112568
29730,1.3892359624886674,,0.0,1.3892359624886674,3.2149392638
29735,1.3892183201177528,,0.0,1.3892183201177528,3.1997595056
29740,1.3892007579609296,,0.0,1.3892007579609296,3.1628362938
29745,1.3891836552844268,,0.0,1.3891836552844268,3.1078925024
29750,1.3891672590512438,,0.0,1.3891672590512438,3.0723285384
29755,1.3891516821022352,,0.0,1.3891516821022352,3.0479020044
29760,1.3891369110683853,,0.0,1.3891369110683853,3.0509641892
29765,1.3891228269927427,,0.0,1.3891228269927427,3.0606616745
29770,1.3891093269020591,,0.0,1.3891093269020591,3.0893424511
29775,1.3890966935919322,,0.0,1.3890966935919322,3.1229328057
29780,1.3890855530414892,,0.0,1.3890855530414892,3.1415750903
29785,1.3890766286781557,,0.0,1.3890766286781557,3.1444534285
29790,1.3890704722011744,,0.0,1.3890704722011744,3.1647103387
29795,1.389067237740739,,0.0,1.389067237740739,3.1860957098
29800,1.3890666547789186,,0.0,1.3890666547789186,3.1867030088
29805,1.3890682488066193,,0.0,1.3890682488066193,3.1696918647
29810,1.389071583534669,,0.0,1.389071583534669,3.1492122597
29815,1.3890762237425078,,0.0,1.3890762237425078,3.1309545733
29820,1.3890816517445783,,0.0,1.3890816517445783,3.1206905155
29825,1.3890872125046079,,0.0,1.3890872125046079,3.1117949318
29830,1.3890921797758546,,0.0,1.3890921797758546,3.0954281701
29835,1.3890959971981103,,0.0,1.3890959971981103,3.1210719864
29840,1.389098511073173,,0.0,1.389098511073173,3.1717794928
29845,1.3891000708598245,,0.0,1.3891000708598245,3.1783932771
29850,1.3891013998263357,,0.0,1.3891013998263357,3.2085249995
29855,1.389103307207383,,0.0,1.389103307207383,3.2540046175
29860,1.3891064178907457,,0.0,1.3891064178907457,3.2648825076
29865,1.3891110761285659,,0.0,1.3891110761285659,3.2567452224
29870,1.3891174091083793,,0.0,1.3891174091083793,3.2645039187
29875,1.389125409099803,,0.0,1.389125409099803,3.2833914446
29880,1.3891350691454925,,0.0,1.3891350691454925,3.2969696051
29885,1.3891462922291418,,0.0,1.3891462922291418,3.2996781679
29890,1.3891588491221596,,0.0,1.3891588491221596,3.2658635528
29895,1.3891723847043955,,0.0,1.3891723847043955,3.2022805141
29900,1.3891865240295398,,0.0,1.3891865240295398,3.1610190601
29905,1.3892009675225168,,0.0,1.3892009675225168,3.1386830725
29910,1.3892154857046348,,0.0,1.3892154857046348,3.1256039844
29915,1.3892297961895523,,0.0,1.3892297961895523,3.1264120016
29920,1.38924344024725,,0.0,1.38924344024725,3.1311980749
29925,1.3892558306187248,,0.0,1.3892558306187248,3.1632313467
29930,1.389266556365913,,0.0,1.389266556365913,3.1771391254
29935,1.3892756774674924,,0.0,1.3892756774674924,3.1969295197
29940,1.389283620390501,,0.0,1.389283620390501,3.2050903986
29945,1.3892911625840991,,0.0,1.3892911625840991,3.2187521527
29950,1.3892992556356918,,0.0,1.3892992556356918,3.2168733552
29955,1.389308868776146,,0.0,1.389308868776146,3.1984388754
29960,1.3893209183968873,,0.0,1.3893209183968873,3.1673321444
29965,1.3893361989311828,,0.0,1.3893361989311828,3.1528935202
29970,1.389355131252911,,0.0,1.389355131252911,3.1426440248
29975,1.3893776033852017,,0.0,1.3893776033852017,3.1290235258
29980,1.3894029836875579,,0.0,1.3894029836875579,3.1173769596
29985,1.3894302309683426,,0.0,1.3894302309683426,3.1430515761
29990,1.3894581490872122,,0.0,1.3894581490872122,3.1629542308
29995,1.389485754261991,,0.0,1.389485754261991,3.1579275749
30000,1.3895125795775483,,0.0,1.3895125795775483,3.1723644501
30005,1.389538588337302,,0.0,1.389538588337302,3.2042986294
30010,1.3895637784722379,,0.0,1.3895637784722379,3.2050102289
30015,1.3895882514095272,,0.0,1.3895882514095272,3.2053389096
30020,1.3896121087354967,,0.0,1.3896121087354967,3.1961971261
30025,1.389635805542338,,0.0,1.389635805542338,3.2119956013
30030,1.3896598963713453,,0.0,1.3896598963713453,3.237454083
30035,1.389684850843283,,0.0,1.389684850843283,3.2454249736
30040,1.3897109306316142,,0.0,1.3897109306316142,3.2189640543
30045,1.389738329496114,,0.0,1.389738329496114,3.1679430061
30050,1.3897672725955534,,0.0,1.3897672725955534,3.1141085296
30055,1.3897981135722166,,0.0,1.3897981135722166,3.0765554632
30060,1.3898312685025973,,0.0,1.3898312685025973,3.0460265533
30065,1.389867201118727,,0.0,1.389867201118727,3.0524588505
30070,1.3899063395019295,,0.0,1.3899063395019295,3.0654947358
30075,1.3899490126709455,,0.0,1.3899490126709455,3.0902998432
30080,1.389995514766846,,0.0,1.389995514766846,3.1246063703
30085,1.3900461725119924,,0.0,1.3900461725119924,3.1518802945
30090,1.3901013026929314,,0.0,1.3901013026929314,3.1681086174
30095,1.3901609865241562,,0.0,1.3901609865241562,3.1939656908
30100,1.3902248220257538,,0.0,1.3902248220257538,3.2025376721
30105,1.3902917733036722,,0.0,1.3902917733036722,3.1961981946
30110,1.3903603988915922,,0.0,1.3903603988915922,3.1682841158
30115,1.3904291834980365,,0.0,1.3904291834980365,3.1560215981
30120,1.3904965784771997,,0.0,1.3904965784771997,3.1309028584
30125,1.3905608696393994,,0.0,1.3905608696393994,3.1060007214
30130,1.3906202571241204,,0.0,1.3906202571241204,3.0973252713
30135,1.3906729802911728,,0.0,1.3906729802911728,3.1111399326
30140,1.3907175741193054,,0.0,1.3907175741193054,3.1361137044
30145,1.390753391598202,,0.0,1.390753391598202,3.1440935335
30150,1.3907812838884979,,0.0,1.3907812838884979,3.1419645211
30155,1.390803312183125,,0.0,1.390803312183125,3.168958187
30160,1.3908226400048869,,0.0,1.3908226400048869,3.1856244601
30165,1.3908429658190877,,0.0,1.3908429658190877,3.1961870598
30170,1.3908680185805713,,0.0,1.3908680185805713,3.2054315496
30175,1.3909011502061208,,0.0,1.3909011502061208,3.2115066445
30180,1.390944128225062,,0.0,1.390944128225062,3.2336777112
30185,1.3909966862347563,,0.0,1.3909966862347563,3.2679804944
30190,1.3910568401187375,,0.0,1.3910568401187375,3.2583140243
30195,1.3911216630858112,,0.0,1.3911216630858112,3.2329989019
30200,1.391187984542147,,0.0,1.391187984542147,3.1902460566
30205,1.3912531395973777,,0.0,1.3912531395973777,3.1606219009
30210,1.3913156603199905,,0.0,1.3913156603199905,3.1424518834
30215,1.3913750846831854,,0.0,1.3913750846831854,3.1306064964
30220,1.3914315810956284,,0.0,1.3914315810956284,3.1457292621
30225,1.3914856300688296,,0.0,1.3914856300688296,3.1674702466
30230,1.3915378393927802,,0.0,1.3915378393927802,3.2047960266
30235,1.391588912736956,,0.0,1.391588912736956,3.2262848118
30240,1.391639501613485,,0.0,1.391639501613485,3.2442662415
30245,1.3916900337853815,,0.0,1.3916900337853815,3.2721101523
30250,1.391740702876002,,0.0,1.391740702876002,3.2836975542
30255,1.3917913638497204,,0.0,1.3917913638497204,3.2774078053
30260,1.3918415532700787,,0.0,1.3918415532700787,3.2601339327
30265,1.3918908578116898,,0.0,1.3918908578116898,3.2287451961
30270,1.3919390571586396,,0.0,1.3919390571586396,3.207465884
30275,1.3919860857618283,,0.0,1.3919860857618283,3.1952368379
30280,1.392031912495096,,0.0,1.392031912495096,3.1851873164
30285,1.3920763857974638,,0.0,1.3920763857974638,3.1939483326
30290,1.392119310772336,,0.0,1.392119310772336,3.2245522233
30295,1.3921606528603536,,0.0,1.3921606528603536,3.2375832212
30300,1.3922006065715933,,0.0,1.3922006065715933,3.2266525344
30305,1.3922394487901832,,0.0,1.3922394487901832,3.2458863187
30310,1.3922774302078955,,0.0,1.3922774302078955,3.2907515654
30315,1.3923148772969907,,0.0,1.3923148772969907,3.2916340867
30320,1.3923521833520698,,0.0,1.3923521833520698,3.2822137547
30325,1.3923898138331323,,0.0,1.3923898138331323,3.2807929281
30330,1.3924281947524881,,0.0,1.3924281947524881,3.3014264408
30335,1.3924675823723316,,0.0,1.3924675823723316,3.3262103553
30340,1.3925077732017002,,0.0,1.3925077732017002,3.3279429977
30345,1.3925479108505812,,0.0,1.3925479108505812,3.2835620785
30350,1.3925865658574854,,0.0,1.3925865658574854,3.2385736943
30355,1.392622183324091,,0.0,1.392622183324091,3.2052057546
30360,1.3926535597434555,,0.0,1.3926535597434555,3.1811004522
30365,1.3926800701141173,,0.0,1.3926800701141173,3.1773511291
30370,1.3927016915177641,,0.0,1.3927016915177641,3.1873277985
30375,1.3927189701741607,,0.0,1.3927189701741607,3.193202003
30380,1.3927330047298796,,0.0,1.3927330047298796,3.2198101794
30385,1.3927454858424084,,0.0,1.3927454858424084,3.2530086713
30390,1.3927584930529695,,0.0,1.3927584930529695,3.2820181898
30395,1.3927740540182747,,0.0,1.3927740540182747,3.2929824173
30400,1.392793748601235,,0.0,1.392793748601235,3.315782322
30405,1.3928183319920548,,0.0,1.3928183319920548,3.3208591847
30410,1.3928477216575281,,0.0,1.3928477216575281,3.3153620829
30415,1.3928811612251564,,0.0,1.3928811612251564,3.279696264
30420,1.39291746469504,,0.0,1.39291746469504,3.2542149681
30425,1.3929552269791317,,0.0,1.3929552269791317,3.2365017226
30430,1.3929931987111288,,0.0,1.3929931987111288,3.2105837218
30435,1.3930305189082612,,0.0,1.3930305189082612,3.2139546985
30440,1.3930667496443359,,0.0,1.3930667496443359,3.2448095969
30445,1.393101721487547,,0.0,1.393101721487547,3.2746501156
30450,1.3931353279405012,,0.0,1.3931353279405012,3.2768286142
30455,1.3931674508420218,,0.0,1.3931674508420218,3.2822823484
30460,1.393197469374148,,0.0,1.393197469374148,3.318519466
30465,1.393224288982864,,0.0,1.393224288982864,3.3302497333
30470,1.3932465359336463,,0.0,1.3932465359336463,3.3423609434
30475,1.3932629061108917,,0.0,1.3932629061108917,3.3618186787
30480,1.3932726061044718,,0.0,1.3932726061044718,3.3736845395
30485,1.3932757666715412,,0.0,1.3932757666715412,3.3854816643
30490,1.3932734319594715,,0.0,1.3932734319594715,3.3952645608
30495,1.3932673274352108,,0.0,1.3932673274352108,3.3671739963
30500,1.3932597498182695,,0.0,1.3932597498182695,3.3248443753
30505,1.3932534120865443,,0.0,1.3932534120865443,3.2703932446
30510,1.393251118709287,,0.0,1.393251118709287,3.2455632034
30515,1.3932553823110576,,0.0,1.3932553823110576,3.2147775326
30520,1.3932679310644371,,0.0,1.3932679310644371,3.2004258287
30525,1.393289454269484,,0.0,1.393289454269484,3.2110616257
30530,1.3933194218265557,,0.0,1.3933194218265557,3.2212220625
30535,1.3933563022558444,,0.0,1.3933563022558444,3.2285448698
30540,1.3933980343871546,,0.0,1.3933980343871546,3.2451308314
30545,1.3934425472054213,,0.0,1.3934425472054213,3.2427295688
30550,1.3934881082863524,,0.0,1.3934881082863524,3.2541551735
30555,1.3935334789042895,,0.0,1.3935334789042895,3.2641964784
30560,1.393577982195996,,0.0,1.393577982195996,3.2501602797
30565,1.3936214379980765,,0.0,1.3936214379980765,3.2246320799
30570,1.3936641084159853,,0.0,1.3936641084159853,3.1981002178
30575,1.3937063980443247,,0.0,1.3937063980443247,3.1598597171
30580,1.3937483320750486,,0.0,1.3937483320750486,3.1321042596
30585,1.3937894094883956,,0.0,1.3937894094883956,3.130265231
30590,1.3938284404420118,,0.0,1.3938284404420118,3.1305624702
30595,1.3938642578299627,,0.0,1.3938642578299627,3.145103536
30600,1.3938960896598285,,0.0,1.3938960896598285,3.1478355324
30605,1.3939237322132825,,0.0,1.3939237322132825,3.1421237847
30610,1.393947426018916,,0.0,1.393947426018916,3.1605504287
30615,1.3939677632013272,,0.0,1.3939677632013272,3.1926694409
30620,1.393985396886929,,0.0,1.393985396886929,3.1979412272
30625,1.3940008231844159,,0.0,1.3940008231844159,3.2039291887
30630,1.3940142611819355,,0.0,1.3940142611819355,3.1966242546
30635,1.3940259156209533,,0.0,1.3940259156209533,3.2112805544
30640,1.3940360718208096,,0.0,1.3940360718208096,3.2299456267
30645,1.3940451126173519,,0.0,1.3940451126173519,3.21528157
30650,1.3940534820073986,,0.0,1.3940534820073986,3.168185037
30655,1.3940617305306342,,0.0,1.3940617305306342,3.1125172196
30660,1.394070617674447,,0.0,1.394070617674447,3.0892997382
30665,1.3940809233435316,,0.0,1.3940809233435316,3.0711120641
30670,1.3940932145614766,,0.0,1.3940932145614766,3.0606812076
30675,1.3941076889987218,,0.0,1.3941076889987218,3.0804749497
30680,1.3941242359743724,,0.0,1.3941242359743724,3.0862301961
30685,1.3941427007443508,,0.0,1.3941427007443508,3.1039704044
30690,1.3941629530289679,,0.0,1.3941629530289679,3.1398846533
30695,1.394184864299239,,0.0,1.394184864299239,3.166613786
30700,1.3942082299273797,,0.0,1.3942082299273797,3.1621844571
30705,1.3942327238049124,,0.0,1.3942327238049124,3.1590197442
30710,1.3942578764702271,,0.0,1.3942578764702271,3.1407539542
30715,1.394282983594492,,0.0,1.394282983594492,3.1112061649
30720,1.3943071544102266,,0.0,1.3943071544102266,3.0612683294
30725,1.3943296241324565,,0.0,1.3943296241324565,3.0222535852
30730,1.394349922344643,,0.0,1.394349922344643,2.9751197553
30735,1.3943680553902469,,0.0,1.3943680553902469,2.9673162259
30740,1.3943842605010799,,0.0,1.3943842605010799,2.9732185785
30745,1.394398890364495,,0.0,1.394398890364495,2.9726011548
30750,1.3944122309364528,,0.0,1.3944122309364528,2.9845533488
30755,1.3944243523815465,,0.0,1.3944243523815465,2.9799006882
30760,1.3944351664369918,,0.0,1.3944351664369918,3.0066615762
30765,1.394444479229332,,0.0,1.394444479229332,3.0280558749
30770,1.3944521270108667,,0.0,1.3944521270108667,3.0276395648
30775,1.3944580667188158,,0.0,1.3944580667188158,3.0422728763
30780,1.3944624802445427,,0.0,1.3944624802445427,3.0479119714
30785,1.3944658549886924,,0.0,1.3944658549886924,3.0680893093
30790,1.3944686871281682,,0.0,1.3944686871281682,3.0879564958
30795,1.3944711685583588,,0.0,1.3944711685583588,3.0887430755
30800,1.3944730775309555,,0.0,1.3944730775309555,3.0542586539
30805,1.3944738631652274,,0.0,1.3944738631652274,3.0165709354
30810,1.3944729753534821,,0.0,1.3944729753534821,2.9957185669
30815,1.3944700576795923,,0.0,1.3944700576795923,2.9826965729
30820,1.3944649870031056,,0.0,1.3944649870031056,2.9887395734
30825,1.3944578191874064,,0.0,1.3944578191874064,3.0144881827
30830,1.39444884523594,,0.0,1.39444884523594,3.0273780802
30835,1.3944387570634538,,0.0,1.3944387570634538,3.0629783541
30840,1.394428783073271,,0.0,1.394428783073271,3.095023628
30845,1.3944205747025535,,0.0,1.3944205747025535,3.1293886582
30850,1.3944157725659285,,0.0,1.3944157725659285,3.1424503063
30855,1.3944154172638863,,0.0,1.3944154172638863,3.160491836
30860,1.3944194912439103,,0.0,1.3944194912439103,3.1540032519
30865,1.3944268137127414,,0.0,1.3944268137127414,3.1523382866
30870,1.3944352709108438,,0.0,1.3944352709108438,3.1140336403
30875,1.394442386228148,,0.0,1.394442386228148,3.0837659942
30880,1.3944459350423328,,0.0,1.3944459350423328,3.0527667514
30885,1.3944445994595231,,0.0,1.3944445994595231,3.0521739277
30890,1.394438454146124,,0.0,1.394438454146124,3.0672590973
30895,1.3944286394245664,,0.0,1.3944286394245664,3.0758735301
30900,1.3944167090108772,,0.0,1.3944167090108772,3.1077120427
30905,1.3944041865180636,,0.0,1.3944041865180636,3.0940739199
30910,1.394392184325495,,0.0,1.394392184325495,3.1103776729
30915,1.3943812669102824,,0.0,1.3943812669102824,3.1351595795
30920,1.3943712783233173,,0.0,1.3943712783233173,3.1449300497
30925,1.3943613246594944,,0.0,1.3943613246594944,3.1597341218
30930,1.3943500927768506,,0.0,1.3943500927768506,3.1756230622
30935,1.3943362381116902,,0.0,1.3943362381116902,3.1972348053
30940,1.3943187773365655,,0.0,1.3943187773365655,3.2156863462
30945,1.394297472833147,,0.0,1.394297472833147,3.2214218235
30950,1.394272735107505,,0.0,1.394272735107505,3.2008373538
30955,1.3942450723868463,,0.0,1.3942450723868463,3.1575193073
30960,1.394214677908008,,0.0,1.394214677908008,3.1278940239
30965,1.3941815714516754,,0.0,1.3941815714516754,3.1236718012
30970,1.3941457437641263,,0.0,1.3941457437641263,3.1073734011
30975,1.3941073173719298,,0.0,1.3941073173719298,3.1358629342
30980,1.3940667195378988,,0.0,1.3940667195378988,3.1547935323
30985,1.3940247563590842,,0.0,1.3940247563590842,3.1617573518
30990,1.3939824732560973,,0.0,1.3939824732560973,3.1741059068
30995,1.3939410035712883,,0.0,1.3939410035712883,3.188820845
31000,1.3939015109091824,,0.0,1.3939015109091824,3.2021830641
31005,1.3938648047318198,,0.0,1.3938648047318198,3.2137745797
31010,1.3938311922082416,,0.0,1.3938311922082416,3.2096637801
31015,1.393800405889933,,0.0,1.393800405889933,3.1928076475
31020,1.3937717729380048,,0.0,1.3937717729380048,3.1567486327
31025,1.3937444002658614,,0.0,1.3937444002658614,3.1221986526
31030,1.3937173501098423,,0.0,1.3937173501098423,3.1018336683
31035,1.3936898666431223,,0.0,1.3936898666431223,3.0889151453
31040,1.3936615522284443,,0.0,1.3936615522284443,3.0918716312
31045,1.3936323817193275,,0.0,1.3936323817193275,3.1024021067
31050,1.3936026314314893,,0.0,1.3936026314314893,3.1128346211
31055,1.3935727369265365,,0.0,1.3935727369265365,3.12048597
31060,1.39354319242604,,0.0,1.39354319242604,3.1372033554
31065,1.3935143681016608,,0.0,1.3935143681016608,3.166413448
31070,1.393486381296065,,0.0,1.393486381296065,3.1916502755
31075,1.393458984796153,,0.0,1.393458984796153,3.2072761704
31080,1.3934315534867814,,0.0,1.3934315534867814,3.235487665
31085,1.3934030463809401,,0.0,1.3934030463809401,3.2739573192
31090,1.3933719170837295,,0.0,1.3933719170837295,3.2905914968
31095,1.3933363995891646,,0.0,1.3933363995891646,3.2969143268
31100,1.3932951957613195,,0.0,1.3932951957613195,3.2957994114
31105,1.393247938134168,,0.0,1.393247938134168,3.2497029048
31110,1.3931949783037152,,0.0,1.3931949783037152,3.1999256691
31115,1.393136980764585,,0.0,1.393136980764585,3.1758505948
31120,1.3930746733550692,,0.0,1.3930746733550692,3.1452938739
31125,1.3930085982933216,,0.0,1.3930085982933216,3.1521719456
31130,1.392939015502101,,0.0,1.392939015502101,3.1931940997
31135,1.3928658989936793,,0.0,1.3928658989936793,3.2063517891
31140,1.3927892422654395,,0.0,1.3927892422654395,3.2287377958
31145,1.3927094607345203,,0.0,1.3927094607345203,3.2387642611
31150,1.3926278360756779,,0.0,1.3926278360756779,3.2748418497
31155,1.392546348153668,,0.0,1.392546348153668,3.2836571154
31160,1.3924672938016833,,0.0,1.3924672938016833,3.2943243526
31165,1.3923927317116498,,0.0,1.3923927317116498,3.2841025297
31170,1.39232404393962,,0.0,1.39232404393962,3.2620726603
31175,1.3922617798884578,,0.0,1.3922617798884578,3.2309679133
31180,1.39220584963562,,0.0,1.39220584963562,3.2102986691
31185,1.3921557472502792,,0.0,1.3921557472502792,3.1917740261
31190,1.3921106018365865,,0.0,1.3921106018365865,3.1546548145
31195,1.3920695580049323,,0.0,1.3920695580049323,3.1468991561
31200,1.392031943871356,,0.0,1.392031943871356,3.1433986291
31205,1.3919969811909225,,0.0,1.3919969811909225,3.1366336496
31210,1.3919638763261395,,0.0,1.3919638763261395,3.1275655824
31215,1.391931797124019,,0.0,1.391931797124019,3.1549149939
31220,1.3918996467114302,,0.0,1.3918996467114302,3.1718144443
31225,1.3918663063655405,,0.0,1.3918663063655405,3.1487624734
31230,1.3918310710526896,,0.0,1.3918310710526896,3.1525352241
31235,1.3917938893430937,,0.0,1.3917938893430937,3.1810919425
31240,1.3917556144891394,,0.0,1.3917556144891394,3.2143495195
31245,1.3917178390406602,,0.0,1.3917178390406602,3.2346526052
31250,1.3916823232513265,,0.0,1.3916823232513265,3.2381285921
31255,1.3916504337391618,,0.0,1.3916504337391618,3.1910673634
31260,1.3916226616790572,,0.0,1.3916226616790572,3.1399028825
31265,1.3915986519053887,,0.0,1.3915986519053887,3.1051944599
31270,1.3915775355913218,,0.0,1.3915775355913218,3.0798936248
31275,1.3915582594039708,,0.0,1.3915582594039708,3.0745319058
31280,1.3915398694822885,,0.0,1.3915398694822885,3.1101180615
31285,1.391521679800261,,0.0,1.391521679800261,3.141845309
31290,1.3915033473335132,,0.0,1.3915033473335132,3.1691151068
31295,1.391484761105577,,0.0,1.391484761105577,3.185645172
31300,1.391465649598119,,0.0,1.391465649598119,3.2020917198
31305,1.3914454838937909,,0.0,1.3914454838937909,3.2142551652
31310,1.391423317702774,,0.0,1.391423317702774,3.2161213958
31315,1.3913980748420791,,0.0,1.3913980748420791,3.2011807504
31320,1.3913689391424222,,0.0,1.3913689391424222,3.1839158661
31325,1.391335695289901,,0.0,1.391335695289901,3.1481054304
31330,1.3912986599801165,,0.0,1.3912986599801165,3.1232374477
31335,1.3912586371046858,,0.0,1.3912586371046858,3.102687262
31340,1.3912168851926896,,0.0,1.3912168851926896,3.0568680125
31345,1.3911748435050153,,0.0,1.3911748435050153,3.0505820091
31350,1.39113386656391,,0.0,1.39113386656391,3.0613858055
31355,1.3910951994384937,,0.0,1.3910951994384937,3.0618807276
31360,1.3910598378475636,,0.0,1.3910598378475636,3.0557010788
31365,1.3910286126026585,,0.0,1.3910286126026585,3.0714594598
31370,1.3910018459698021,,0.0,1.3910018459698021,3.0896695769
31375,1.3909795319693157,,0.0,1.3909795319693157,3.0959671714
31380,1.3909614210917216,,0.0,1.3909614210917216,3.1092138684
31385,1.3909469787583022,,0.0,1.3909469787583022,3.1301443495
31390,1.390934982477203,,0.0,1.390934982477203,3.1544189215
31395,1.3909240317986071,,0.0,1.3909240317986071,3.189369374
31400,1.3909129453835813,,0.0,1.3909129453835813,3.212413583
31405,1.3909005108807144,,0.0,1.3909005108807144,3.1802761653
31410,1.390885459847847,,0.0,1.390885459847847,3.1466517714
31415,1.390866452655086,,0.0,1.390866452655086,3.1239918199
31420,1.3908426553077937,,0.0,1.3908426553077937,3.0875341031
31425,1.3908139178820136,,0.0,1.3908139178820136,3.0729044018
31430,1.390780849259085,,0.0,1.390780849259085,3.084677673
31435,1.3907441723207592,,0.0,1.3907441723207592,3.1323900859
31440,1.390704748118015,,0.0,1.390704748118015,3.1452642375
31445,1.3906634274022327,,0.0,1.3906634274022327,3.1494843213
31450,1.3906210799097034,,0.0,1.3906210799097034,3.1622610989
31455,1.3905784783376753,,0.0,1.3905784783376753,3.1616815202
31460,1.390536067797052,,0.0,1.390536067797052,3.1707507201
31465,1.3904944330458306,,0.0,1.3904944330458306,3.1616879465
31470,1.3904544287687919,,0.0,1.3904544287687919,3.135759738
31475,1.3904168939171135,,0.0,1.3904168939171135,3.1034658186
31480,1.3903824523099637,,0.0,1.3903824523099637,3.0752097707
31485,1.390351376170504,,0.0,1.390351376170504,3.0646454892
31490,1.3903232598809938,,0.0,1.3903232598809938,3.0371108465
31495,1.390297137780184,,0.0,1.390297137780184,3.0078210215
31500,1.3902721382446608,,0.0,1.3902721382446608,3.0064573901
31505,1.3902473993139888,,0.0,1.3902473993139888,3.0105283293
31510,1.390222555386527,,0.0,1.390222555386527,3.0239568609
31515,1.3901978860747743,,0.0,1.3901978860747743,3.0429705537
31520,1.3901738276679025,,0.0,1.3901738276679025,3.0724773952
31525,1.3901508484679632,,0.0,1.3901508484679632,3.0793454773
31530,1.3901295420774218,,0.0,1.3901295420774218,3.0676924059
31535,1.3901104684715766,,0.0,1.3901104684715766,3.0781645477
31540,1.3900940558454347,,0.0,1.3900940558454347,3.102442954
31545,1.3900804932523314,,0.0,1.3900804932523314,3.147544388
31550,1.390069624311167,,0.0,1.390069624311167,3.167647588
31555,1.3900609935659671,,0.0,1.3900609935659671,3.1506988676
31560,1.3900537998307487,,0.0,1.3900537998307487,3.1076930614
31565,1.3900471483818941,,0.0,1.3900471483818941,3.072382987
31570,1.3900403240907715,,0.0,1.3900403240907715,3.0508705502
31575,1.3900329086754537,,0.0,1.3900329086754537,3.0222588021
31580,1.3900247352733512,,0.0,1.3900247352733512,3.0151016593
31585,1.3900157518862706,,0.0,1.3900157518862706,3.0759561001
31590,1.390005911222457,,0.0,1.390005911222457,3.0958435423
31595,1.3899949952623751,,0.0,1.3899949952623751,3.1033775004
31600,1.3899827247118361,,0.0,1.3899827247118361,3.1107793416
31605,1.3899687887639727,,0.0,1.3899687887639727,3.1296302376
31610,1.3899528027640238,,0.0,1.3899528027640238,3.1399448694
31615,1.3899346335675111,,0.0,1.3899346335675111,3.1334470873
31620,1.3899147448155207,,0.0,1.3899147448155207,3.1138977832
31625,1.3898940564690958,,0.0,1.3898940564690958,3.0797599061
31630,1.389873634184263,,0.0,1.389873634184263,3.0458873526
31635,1.389854402332932,,0.0,1.389854402332932,3.0289291176
31640,1.389836863821986,,0.0,1.389836863821986,3.0071178471
31645,1.3898210575534404,,0.0,1.3898210575534404,2.9896037768
31650,1.3898067036192236,,0.0,1.3898067036192236,2.9768525868
31655,1.389793439464375,,0.0,1.389793439464375,2.9842194117
31660,1.3897810135558752,,0.0,1.3897810135558752,3.0090759106
31665,1.3897693212607174,,0.0,1.3897693212607174,3.0354433552
31670,1.3897583721281983,,0.0,1.3897583721281983,3.0498585725
31675,1.389748223886089,,0.0,1.389748223886089,3.0535735306
31680,1.389738922348277,,0.0,1.389738922348277,3.0299090177
31685,1.389730465332066,,0.0,1.389730465332066,3.0342592527
31690,1.389722779035035,,0.0,1.389722779035035,3.066262393
31695,1.3897156767911722,,0.0,1.3897156767911722,3.119236627
31700,1.3897088270579951,,0.0,1.3897088270579951,3.1390276909
31705,1.3897017553264086,,0.0,1.3897017553264086,3.1356718111
31710,1.3896939445247394,,0.0,1.3896939445247394,3.0824676145
31715,1.3896849905585869,,0.0,1.3896849905585869,3.0456041347
31720,1.3896747591466514,,0.0,1.3896747591466514,3.0507185194
31725,1.3896632843026189,,0.0,1.3896632843026189,3.0125055072
31730,1.389650645376596,,0.0,1.389650645376596,2.9996927908
31735,1.3896368929116454,,0.0,1.3896368929116454,3.0361066864
31740,1.3896220708345317,,0.0,1.3896220708345317,3.0554307199
31745,1.3896061793498826,,0.0,1.3896061793498826,3.0738494445
31750,1.3895892631120277,,0.0,1.3895892631120277,3.0788625033
31755,1.389571472886171,,0.0,1.389571472886171,3.1000035405
31760,1.389553034967905,,0.0,1.389553034967905,3.1107511525
31765,1.3895342341991055,,0.0,1.3895342341991055,3.1064808841
31770,1.389515417810385,,0.0,1.389515417810385,3.1040571344
31775,1.389497004015461,,0.0,1.389497004015461,3.0905713631
31780,1.3894794126423375,,0.0,1.3894794126423375,3.0604734652
31785,1.389462973073537,,0.0,1.389462973073537,3.0568990262
31790,1.3894479149014336,,0.0,1.3894479149014336,3.0387616044
31795,1.3894344915006962,,0.0,1.3894344915006962,3.0314212292
31800,1.389422995102537,,0.0,1.389422995102537,3.0159804736
31805,1.3894137301703617,,0.0,1.3894137301703617,3.0438106908
31810,1.3894069763621424,,0.0,1.3894069763621424,3.0696523084
31815,1.3894029066338291,,0.0,1.3894029066338291,3.0970929868
31820,1.3894014242192163,,0.0,1.3894014242192163,3.1204673557
31825,1.389402045446432,,0.0,1.389402045446432,3.1272813553
31830,1.389403938207961,,0.0,1.389403938207961,3.1299946156
31835,1.3894060670417434,,0.0,1.3894060670417434,3.1349861321
31840,1.3894073559466817,,0.0,1.3894073559466817,3.1582028722
31845,1.3894068774814499,,0.0,1.3894068774814499,3.1735550083
31850,1.3894040291763792,,0.0,1.3894040291763792,3.1951359354
31855,1.3893985255302377,,0.0,1.3893985255302377,3.1791555846
31860,1.3893903454208913,,0.0,1.3893903454208913,3.1344916738
31865,1.3893796783791403,,0.0,1.3893796783791403,3.0837166435
31870,1.3893668884605495,,0.0,1.3893668884605495,3.0459015466
31875,1.389352426505599,,0.0,1.389352426505599,3.0200318114
31880,1.3893367486068833,,0.0,1.3893367486068833,3.0286338185
31885,1.3893202179787192,,0.0,1.3893202179787192,3.0421682122
31890,1.3893032597921686,,0.0,1.3893032597921686,3.0728036948
31895,1.3892863938927484,,0.0,1.3892863938927484,3.0991634943
31900,1.389270209449322,,0.0,1.389270209449322,3.1145011309
31905,1.3892553006327641,,0.0,1.3892553006327641,3.1113965501
31910,1.3892420805410983,,0.0,1.3892420805410983,3.1351490251
31915,1.3892307858604611,,0.0,1.3892307858604611,3.1507938254
31920,1.3892218309166426,,0.0,1.3892218309166426,3.1425736436
31925,1.389215871132434,,0.0,1.389215871132434,3.1270136837
31930,1.3892135398990368,,0.0,1.3892135398990368,3.1103229643
31935,1.3892151799225163,,0.0,1.3892151799225163,3.0841007863
31940,1.389220642483946,,0.0,1.389220642483946,3.0718227915
31945,1.3892292237546946,,0.0,1.3892292237546946,3.056633958
31950,1.3892398094455334,,0.0,1.3892398094455334,3.0451315478
31955,1.3892510467621815,,0.0,1.3892510467621815,3.0802634932
31960,1.3892616808815959,,0.0,1.3892616808815959,3.1096254538
31965,1.3892707388441354,,0.0,1.3892707388441354,3.1194075294
31970,1.3892775206408885,,0.0,1.3892775206408885,3.142403006
31975,1.3892815168168817,,0.0,1.3892815168168817,3.1760464766
31980,1.38928238987269,,0.0,1.38928238987269,3.185955124
31985,1.3892800818531783,,0.0,1.3892800818531783,3.1867188027
31990,1.3892749699782976,,0.0,1.3892749699782976,3.2059050965
31995,1.3892678727819203,,0.0,1.3892678727819203,3.2208918821
32000,1.3892599237428147,,0.0,1.3892599237428147,3.2478104015
32005,1.3892523357580657,,0.0,1.3892523357580657,3.2472258095
32010,1.3892461512243415,,0.0,1.3892461512243415,3.2069181942
32015,1.3892420920229909,,0.0,1.3892420920229909,3.1479088954
32020,1.389240550789258,,0.0,1.389240550789258,3.1101208435
32025,1.3892417086187328,,0.0,1.3892417086187328,3.08491204
32030,1.3892455371363617,,0.0,1.3892455371363617,3.0834911994
32035,1.3892518379214038,,0.0,1.3892518379214038,3.0773187652
32040,1.3892602744748366,,0.0,1.3892602744748366,3.1008750614
32045,1.3892704568897856,,0.0,1.3892704568897856,3.1354724537
32050,1.3892820194736646,,0.0,1.3892820194736646,3.1419619783
32055,1.3892945197302593,,0.0,1.3892945197302593,3.1447347412
32060,1.3893074572764283,,0.0,1.3893074572764283,3.1577495938
32065,1.3893200498201534,,0.0,1.3893200498201534,3.160904967
32070,1.3893312638092346,,0.0,1.3893312638092346,3.1639915311
32075,1.389340309198534,,0.0,1.389340309198534,3.1411129436
32080,1.389346869610761,,0.0,1.389346869610761,3.125150278
32085,1.3893512275914126,,0.0,1.3893512275914126,3.1101892191
32090,1.389354193921242,,0.0,1.389354193921242,3.1012905323
32095,1.3893569764953215,,0.0,1.3893569764953215,3.0878336286
32100,1.3893610152111573,,0.0,1.3893610152111573,3.0862174487
32105,1.3893678065117339,,0.0,1.3893678065117339,3.1275841327
32110,1.389378739842441,,0.0,1.389378739842441,3.1443524562
32115,1.3893948433214744,,0.0,1.3893948433214744,3.1330816254
32120,1.3894166907024041,,0.0,1.3894166907024041,3.1536022155
32125,1.3894443195685329,,0.0,1.3894443195685329,3.1858663306
32130,1.389477143683996,,0.0,1.389477143683996,3.1840356191
32135,1.389513882556331,,0.0,1.389513882556331,3.1848797285
32140,1.3895529771946606,,0.0,1.3895529771946606,3.1781609768
32145,1.389592912057408,,0.0,1.389592912057408,3.1999271018
32150,1.3896323773221273,,0.0,1.3896323773221273,3.2354341862
32155,1.3896703993016133,,0.0,1.3896703993016133,3.2427190022
32160,1.3897064026962198,,0.0,1.3897064026962198,3.2168229294
32165,1.389740204909754,,0.0,1.389740204909754,3.1670803414
32170,1.3897721012428448,,0.0,1.3897721012428448,3.1145280732
32175,1.3898029363989843,,0.0,1.3898029363989843,3.07433175
32180,1.389833906654934,,0.0,1.389833906654934,3.0509709447
32185,1.389866187756468,,0.0,1.389866187756468,3.0452257195
32190,1.3899006500764968,,0.0,1.3899006500764968,3.0554713234
32195,1.3899376808389972,,0.0,1.3899376808389972,3.0821929037
32200,1.3899771250043185,,0.0,1.3899771250043185,3.1028828693
32205,1.3900185035615544,,0.0,1.3900185035615544,3.1208542895
32210,1.3900612670396324,,0.0,1.3900612670396324,3.1310214714
32215,1.3901049893352968,,0.0,1.3901049893352968,3.1554321043
32220,1.3901495594266065,,0.0,1.3901495594266065,3.1544190857
32225,1.3901952183196182,,0.0,1.3901952183196182,3.1361066744
32230,1.3902425074821851,,0.0,1.3902425074821851,3.1004561948
32235,1.3902921503872052,,0.0,1.3902921503872052,3.0952126679
32240,1.390344844156066,,0.0,1.390344844156066,3.0725296305
32245,1.3904008688332579,,0.0,1.3904008688332579,3.0655703674
32250,1.3904598171867544,,0.0,1.3904598171867544,3.0654680756
32255,1.390520618353889,,0.0,1.390520618353889,3.0805207803
32260,1.3905815679443763,,0.0,1.3905815679443763,3.1138517167
32265,1.3906405207542112,,0.0,1.3906405207542112,3.1186101122
32270,1.3906949762773462,,0.0,1.3906949762773462,3.1187822528
32275,1.39074251413088,,0.0,1.39074251413088,3.1489482201
32280,1.3907811770955312,,0.0,1.3907811770955312,3.1567968313
32285,1.3908100370251448,,0.0,1.3908100370251448,3.1537923843
32290,1.3908292788805008,,0.0,1.3908292788805008,3.1535905925
32295,1.3908399876435833,,0.0,1.3908399876435833,3.1694056501
32300,1.3908441774884057,,0.0,1.3908441774884057,3.2020224214
32305,1.3908445495699264,,0.0,1.3908445495699264,3.2208905755
32310,1.390844622553836,,0.0,1.390844622553836,3.1974359673
32315,1.390848390137858,,0.0,1.390848390137858,3.1758040854
32320,1.3908594409931225,,0.0,1.3908594409931225,3.1295597828
32325,1.3908801187216389,,0.0,1.3908801187216389,3.1116259601
32330,1.390911949914885,,0.0,1.390911949914885,3.0993746434
32335,1.3909549795227643,,0.0,1.3909549795227643,3.0903899744
32340,1.3910075964652602,,0.0,1.3910075964652602,3.1091118869
32345,1.3910670633682978,,0.0,1.3910670633682978,3.1262239489
32350,1.391130497753966,,0.0,1.391130497753966,3.162789646
32355,1.391195575278003,,0.0,1.391195575278003,3.1916416054
32360,1.3912607780569803,,0.0,1.3912607780569803,3.2057014314
32365,1.391325260296057,,0.0,1.391325260296057,3.2268995147
32370,1.391388499125773,,0.0,1.391388499125773,3.232819715
32375,1.3914499990967901,,0.0,1.3914499990967901,3.2186734212
32380,1.3915092754458878,,0.0,1.3915092754458878,3.1950066764
32385,1.3915659970171028,,0.0,1.3915659970171028,3.1499458527
32390,1.3916205029241455,,0.0,1.3916205029241455,3.1172742383
32395,1.3916735341242221,,0.0,1.3916735341242221,3.0998985678
32400,1.391725708229457,,0.0,1.391725708229457,3.0991042389
32405,1.391777325656174,,0.0,1.391777325656174,3.10918154
32410,1.3918283597118155,,0.0,1.3918283597118155,3.1341101646
32415,1.3918785661617528,,0.0,1.3918785661617528,3.1509339477
32420,1.391927634494692,,0.0,1.391927634494692,3.150792355
32425,1.3919752885995431,,0.0,1.3919752885995431,3.1841313368
32430,1.3920213223706552,,0.0,1.3920213223706552,3.2322573895
32435,1.3920656391327686,,0.0,1.3920656391327686,3.2360538463
32440,1.3921081849550936,,0.0,1.3921081849550936,3.2362941769
32445,1.3921490384146993,,0.0,1.3921490384146993,3.2341786066
32450,1.3921885610206712,,0.0,1.3921885610206712,3.2466857838
32455,1.3922272809400553,,0.0,1.3922272809400553,3.2675485587
32460,1.3922656019716797,,0.0,1.3922656019716797,3.2669592679
32465,1.3923035146344565,,0.0,1.3923035146344565,3.2329371583
32470,1.392340527071402,,0.0,1.392340527071402,3.1886045996
32475,1.3923758191798314,,0.0,1.3923758191798314,3.1549446967
32480,1.3924086561641087,,0.0,1.3924086561641087,3.1417943906
32485,1.3924385561940118,,0.0,1.3924385561940118,3.1447880246
32490,1.3924653294431666,,0.0,1.3924653294431666,3.1513867904
32495,1.39248914945867,,0.0,1.39248914945867,3.1402633507
32500,1.392510421107961,,0.0,1.392510421107961,3.1612002706
32505,1.3925297002965198,,0.0,1.3925297002965198,3.1897610978
32510,1.392547577671076,,0.0,1.392547577671076,3.2184388698
32515,1.3925645979280545,,0.0,1.3925645979280545,3.2354099914
32520,1.3925815464970992,,0.0,1.3925815464970992,3.2513003026
32525,1.392599506313916,,0.0,1.392599506313916,3.2591797574
32530,1.3926197382949097,,0.0,1.3926197382949097,3.2425693116
32535,1.392643413479415,,0.0,1.392643413479415,3.2093978538
32540,1.3926712242141708,,0.0,1.3926712242141708,3.1844094776
32545,1.392703109269997,,0.0,1.392703109269997,3.1575822241
32550,1.3927382002747877,,0.0,1.3927382002747877,3.148660924
32555,1.3927751371586081,,0.0,1.3927751371586081,3.1578753014
32560,1.3928125370923674,,0.0,1.3928125370923674,3.1741900116
32565,1.3928494018107895,,0.0,1.3928494018107895,3.1880033763
32570,1.3928853652802418,,0.0,1.3928853652802418,3.1908793359
32575,1.392920576105968,,0.0,1.392920576105968,3.1902542669
32580,1.3929553349543922,,0.0,1.3929553349543922,3.2402577268
32585,1.3929896927550964,,0.0,1.3929896927550964,3.2600521435
32590,1.3930233996802925,,0.0,1.3930233996802925,3.2531821331
32595,1.3930561049070134,,0.0,1.3930561049070134,3.2576759761
32600,1.39308718379758,,0.0,1.39308718379758,3.2526801209
32605,1.3931156966102627,,0.0,1.3931156966102627,3.2760972555
32610,1.393140492813978,,0.0,1.393140492813978,3.2826085521
32615,1.3931603833848822,,0.0,1.3931603833848822,3.2591275661
32620,1.3931744792379905,,0.0,1.3931744792379905,3.2147840489
32625,1.3931825368207673,,0.0,1.3931825368207673,3.1751908947
32630,1.3931851233614296,,0.0,1.3931851233614296,3.1679064958
32635,1.3931835382691422,,0.0,1.3931835382691422,3.1606791317
32640,1.393179497165982,,0.0,1.393179497165982,3.1587940165
32645,1.3931748605050251,,0.0,1.3931748605050251,3.1666832349
32650,1.393171491808763,,0.0,1.393171491808763,3.1635737636
32655,1.393171232886407,,0.0,1.393171232886407,3.1775552204
32660,1.3931758294403187,,0.0,1.3931758294403187,3.211201325
32665,1.3931868819326052,,0.0,1.3931868819326052,3.2257402309
32670,1.3932053916524867,,0.0,1.3932053916524867,3.2335932415
32675,1.3932314208068097,,0.0,1.3932314208068097,3.2376564497
32680,1.393264092429101,,0.0,1.393264092429101,3.2232666707
32685,1.3933019041194343,,0.0,1.3933019041194343,3.196904909
32690,1.393343141460763,,0.0,1.393343141460763,3.1669095501
32695,1.393386210584541,,0.0,1.393386210584541,3.117036664
32700,1.3934297942562497,,0.0,1.3934297942562497,3.0992555467
32705,1.3934728457365655,,0.0,1.3934728457365655,3.103186635
32710,1.3935145282570063,,0.0,1.3935145282570063,3.1142097669
32715,1.3935542794549491,,0.0,1.3935542794549491,3.1339064818
32720,1.393592013841453,,0.0,1.393592013841453,3.1504950728
32725,1.3936276436539352,,0.0,1.3936276436539352,3.1690770114
32730,1.3936611056169375,,0.0,1.3936611056169375,3.1952238069
32735,1.3936921038386845,,0.0,1.3936921038386845,3.2225007323
32740,1.3937201772927785,,0.0,1.3937201772927785,3.2209002963
32745,1.3937452300769984,,0.0,1.3937452300769984,3.2345643059
32750,1.3937677049376593,,0.0,1.3937677049376593,3.2349699762
32755,1.3937882820802516,,0.0,1.3937882820802516,3.247679062
32760,1.3938078362658155,,0.0,1.3938078362658155,3.2613438257
32765,1.393827153674297,,0.0,1.393827153674297,3.2502223964
32770,1.3938467393952758,,0.0,1.3938467393952758,3.1886784386
32775,1.3938666080937436,,0.0,1.3938666080937436,3.1284568623
32780,1.3938865661463438,,0.0,1.3938865661463438,3.1001509134
32785,1.3939062229186368,,0.0,1.3939062229186368,3.0740617197
32790,1.3939249951304922,,0.0,1.3939249951304922,3.0601651983
32795,1.3939423093693872,,0.0,1.3939423093693872,3.0620331275
32800,1.393957914829867,,0.0,1.393957914829867,3.0762966041
32805,1.3939720776189972,,0.0,1.3939720776189972,3.080727332
32810,1.3939857104676396,,0.0,1.3939857104676396,3.1001444268
32815,1.3939999930777056,,0.0,1.3939999930777056,3.104214076
32820,1.3940157692432305,,0.0,1.3940157692432305,3.1060078885
32825,1.394033116518144,,0.0,1.394033116518144,3.1073963263
32830,1.3940513834357917,,0.0,1.3940513834357917,3.0970749256
32835,1.3940695838494097,,0.0,1.3940695838494097,3.0766107702
32840,1.3940867536892982,,0.0,1.3940867536892982,3.0551235879
32845,1.3941021330133405,,0.0,1.3941021330133405,3.0225979977
32850,1.3941152808259258,,0.0,1.3941152808259258,2.9879608894
32855,1.3941261228016955,,0.0,1.3941261228016955,2.979924238
32860,1.3941349666098912,,0.0,1.3941349666098912,2.983181879
32865,1.3941422935350607,,0.0,1.3941422935350607,2.9961006967
32870,1.394148640793346,,0.0,1.394148640793346,3.0028592456
32875,1.3941547198982889,,0.0,1.3941547198982889,2.9903677688
32880,1.394161411727026,,0.0,1.394161411727026,2.9920110284
32885,1.3941695049377736,,0.0,1.3941695049377736,3.0005347602
32890,1.3941795447953667,,0.0,1.3941795447953667,3.0061531329
32895,1.3941916704466981,,0.0,1.3941916704466981,3.0140650119
32900,1.39420570072797,,0.0,1.39420570072797,3.0195119557
32905,1.3942212931377447,,0.0,1.3942212931377447,3.0348545298
32910,1.3942380197765896,,0.0,1.3942380197765896,3.0469529943
32915,1.3942553861046234,,0.0,1.3942553861046234,3.043507628
32920,1.3942726955461335,,0.0,1.3942726955461335,3.0126248208
32925,1.3942890423958114,,0.0,1.3942890423958114,2.966432917
32930,1.3943035676716926,,0.0,1.3943035676716926,2.9434083275
32935,1.3943157228576342,,0.0,1.3943157228576342,2.9304408568
32940,1.3943253214467795,,0.0,1.3943253214467795,2.9389122137
32945,1.3943324127998966,,0.0,1.3943324127998966,2.9604868897
32950,1.394337092046169,,0.0,1.394337092046169,2.9697715473
32955,1.3943394626590464,,0.0,1.3943394626590464,2.9969038971
32960,1.3943397474099761,,0.0,1.3943397474099761,3.017583638
32965,1.3943382960305772,,0.0,1.3943382960305772,3.0384160921
32970,1.3943354763961324,,0.0,1.3943354763961324,3.0313863593
32975,1.394331647423775,,0.0,1.394331647423775,3.0224973075
32980,1.394327229237082,,0.0,1.394327229237082,3.0178374391
32985,1.3943227771958588,,0.0,1.3943227771958588,3.0050954702
32990,1.3943189522705843,,0.0,1.3943189522705843,2.9633642537
32995,1.394316295792693,,0.0,1.394316295792693,2.9449065996
33000,1.3943148830879453,,0.0,1.3943148830879453,2.9350350181
33005,1.3943142487418148,,0.0,1.3943142487418148,2.9461779136
33010,1.3943136243315004,,0.0,1.3943136243315004,2.9699817724
33015,1.3943122594414448,,0.0,1.3943122594414448,2.9905812718
33020,1.394309642547661,,0.0,1.394309642547661,3.024095163
33025,1.3943054885581736,,0.0,1.3943054885581736,3.0280628669
33030,1.394299730127705,,0.0,1.394299730127705,3.046984505
33035,1.3942924075679282,,0.0,1.3942924075679282,3.0807075311
33040,1.3942835768104378,,0.0,1.3942835768104378,3.0877662268
33045,1.3942733701357282,,0.0,1.3942733701357282,3.099396029
33050,1.3942620984188756,,0.0,1.3942620984188756,3.1197022029
33055,1.3942503450991652,,0.0,1.3942503450991652,3.1442017628
33060,1.3942387608929503,,0.0,1.3942387608929503,3.1562930379
33065,1.394227682344726,,0.0,1.394227682344726,3.1717556247
33070,1.3942168494407878,,0.0,1.3942168494407878,3.1535697618
33075,1.3942054354621527,,0.0,1.3942054354621527,3.1118691842
33080,1.3941923506067155,,0.0,1.3941923506067155,3.0652329
33085,1.3941766298498475,,0.0,1.3941766298498475,3.0437644414
33090,1.3941577239933127,,0.0,1.3941577239933127,3.0186877446
33095,1.3941355388401209,,0.0,1.3941355388401209,3.0495707305
33100,1.39411015278545,,0.0,1.39411015278545,3.0614709272
33105,1.394081544388856,,0.0,1.394081544388856,3.0802672497
33110,1.3940495164801001,,0.0,1.3940495164801001,3.0996774134
33115,1.3940139695646068,,0.0,1.3940139695646068,3.1226419544
33120,1.3939752011257012,,0.0,1.3939752011257012,3.1423078727
33125,1.3939338883449297,,0.0,1.3939338883449297,3.1448122779
33130,1.3938911392817424,,0.0,1.3938911392817424,3.1488798803
33135,1.393848372870666,,0.0,1.393848372870666,3.1335655321
33140,1.3938070427192695,,0.0,1.3938070427192695,3.1137427072
33145,1.3937685374771667,,0.0,1.3937685374771667,3.0919942075
33150,1.3937338875134597,,0.0,1.3937338875134597,3.0731991555
33155,1.3937033420647895,,0.0,1.3937033420647895,3.0653355305
33160,1.3936761870029264,,0.0,1.3936761870029264,3.0723815071
33165,1.3936509249754294,,0.0,1.3936509249754294,3.0876403762
33170,1.3936257517791266,,0.0,1.3936257517791266,3.0995225572
33175,1.393599131455136,,0.0,1.393599131455136,3.1101314405
33180,1.3935702190726003,,0.0,1.3935702190726003,3.1111020145
33185,1.3935389875524433,,0.0,1.3935389875524433,3.142308392
33190,1.3935061166226905,,0.0,1.3935061166226905,3.1770210528
33195,1.3934728162019554,,0.0,1.3934728162019554,3.1889001071
33200,1.3934406300477131,,0.0,1.3934406300477131,3.207579785
33205,1.393411183609398,,0.0,1.393411183609398,3.2185863626
33210,1.393385883430187,,0.0,1.393385883430187,3.2412827081
33215,1.393365537698882,,0.0,1.393365537698882,3.2669330859
33220,1.393349992853699,,0.0,1.393349992853699,3.2747300044
33225,1.3933379781560993,,0.0,1.3933379781560993,3.2501101248
33230,1.3933273592928233,,0.0,1.3933273592928233,3.2104094036
33235,1.3933155810312599,,0.0,1.3933155810312599,3.1835067195
33240,1.3932999919410025,,0.0,1.3932999919410025,3.139833568
33245,1.3932786426013626,,0.0,1.3932786426013626,3.1147586447
33250,1.3932503810488621,,0.0,1.3932503810488621,3.1147139356
33255,1.3932143599653208,,0.0,1.3932143599653208,3.1262492669
33260,1.3931697843945337,,0.0,1.3931697843945337,3.1408699238
33265,1.3931157351712318,,0.0,1.3931157351712318,3.1498202607
33270,1.3930517182557354,,0.0,1.3930517182557354,3.1822123463
33275,1.3929777776430183,,0.0,1.3929777776430183,3.1992873977
33280,1.3928942721365312,,0.0,1.3928942721365312,3.2193887561
33285,1.3928024181347678,,0.0,1.3928024181347678,3.1960911425
33290,1.3927046063723374,,0.0,1.3927046063723374,3.1845241402
33295,1.3926043089507423,,0.0,1.3926043089507423,3.1452690367
33300,1.3925055693832031,,0.0,1.3925055693832031,3.1274787043
33305,1.3924121492513268,,0.0,1.3924121492513268,3.1156217021
33310,1.392326833789354,,0.0,1.392326833789354,3.0846536637
33315,1.3922512154106994,,0.0,1.3922512154106994,3.0880903851
33320,1.3921858841936832,,0.0,1.3921858841936832,3.0871336938
33325,1.3921307179300453,,0.0,1.3921307179300453,3.0950397404
33330,1.392085165443481,,0.0,1.392085165443481,3.0895669454
33335,1.3920481291332938,,0.0,1.3920481291332938,3.0943434805
33340,1.3920177032327223,,0.0,1.3920177032327223,3.1231533695
33345,1.3919915051467955,,0.0,1.3919915051467955,3.1029773391
33350,1.391967322485386,,0.0,1.391967322485386,3.1120193552
33355,1.3919433195326434,,0.0,1.3919433195326434,3.1166387511
33360,1.3919180272429705,,0.0,1.3919180272429705,3.1324579638
33365,1.3918905798362133,,0.0,1.3918905798362133,3.144849502
33370,1.391860955258044,,0.0,1.391860955258044,3.150576439
33375,1.391829962424829,,0.0,1.391829962424829,3.1065396577
33380,1.3917983831283847,,0.0,1.3917983831283847,3.0587762956
33385,1.3917665683280975,,0.0,1.3917665683280975,3.0214472541
33390,1.3917345148408689,,0.0,1.3917345148408689,2.9972978217
33395,1.3917021444306754,,0.0,1.3917021444306754,2.9678536122
33400,1.3916695071858518,,0.0,1.3916695071858518,2.9834010036
33405,1.3916366434408078,,0.0,1.3916366434408078,2.9911030396
33410,1.3916037709877145,,0.0,1.3916037709877145,3.004568304
33415,1.391571529061033,,0.0,1.391571529061033,3.0150462309
33420,1.3915409456880137,,0.0,1.3915409456880137,3.0479833519
33425,1.3915127563463847,,0.0,1.3915127563463847,3.0732374975
33430,1.3914867989027317,,0.0,1.3914867989027317,3.086572271
33435,1.391462414250963,,0.0,1.391462414250963,3.0867823278
33440,1.391438601238277,,0.0,1.391438601238277,3.0780356487
33445,1.3914144223738496,,0.0,1.3914144223738496,3.0514642713
33450,1.391389369385002,,0.0,1.391389369385002,3.0357492585
33455,1.3913633449825908,,0.0,1.3913633449825908,3.0319459912
33460,1.3913363666736602,,0.0,1.3913363666736602,3.0002943185
33465,1.3913084578539865,,0.0,1.3913084578539865,2.988812703
33470,1.3912797118338394,,0.0,1.3912797118338394,3.0072067935
33475,1.3912503407440213,,0.0,1.3912503407440213,3.0163779172
33480,1.3912204634278025,,0.0,1.3912204634278025,3.0164747017
33485,1.391190123721001,,0.0,1.391190123721001,3.0330276518
33490,1.3911595132234318,,0.0,1.3911595132234318,3.0491670301
33495,1.3911289585665112,,0.0,1.3911289585665112,3.0418653554
33500,1.3910989118639598,,0.0,1.3910989118639598,3.0417261708
33505,1.3910701461995454,,0.0,1.3910701461995454,3.0601435568
33510,1.3910433893433498,,0.0,1.3910433893433498,3.0793621667
33515,1.3910191639602063,,0.0,1.3910191639602063,3.1219704623
33520,1.3909977362935981,,0.0,1.3909977362935981,3.147719595
33525,1.3909790754447298,,0.0,1.3909790754447298,3.1102792812
33530,1.390962518010326,,0.0,1.390962518010326,3.0743167937
33535,1.3909471308876913,,0.0,1.3909471308876913,3.0444866372
33540,1.390931994206728,,0.0,1.390931994206728,3.0028377215
33545,1.390916688184905,,0.0,1.390916688184905,2.9943203334
33550,1.3909004996261862,,0.0,1.3909004996261862,3.0359591085
33555,1.3908820241928268,,0.0,1.3908820241928268,3.0690806631
33560,1.3908602157139125,,0.0,1.3908602157139125,3.0821235019
33565,1.3908347971688972,,0.0,1.3908347971688972,3.083437388
33570,1.3908061127644493,,0.0,1.3908061127644493,3.1033634331
33575,1.3907748828813145,,0.0,1.3907748828813145,3.0947021272
33580,1.3907418713040647,,0.0,1.3907418713040647,3.0947189693
33585,1.3907075708900858,,0.0,1.3907075708900858,3.0908917509
33590,1.390672316387696,,0.0,1.390672316387696,3.0691956355
33595,1.3906362195464013,,0.0,1.3906362195464013,3.0345512665
33600,1.3905993409814992,,0.0,1.3905993409814992,3.0122335882
33605,1.3905616739175362,,0.0,1.3905616739175362,3.0101140254
33610,1.3905233228965734,,0.0,1.3905233228965734,2.9916172135
33615,1.390484779320866,,0.0,1.390484779320866,2.9694691109
33620,1.390447140768374,,0.0,1.390447140768374,2.9786960417
33625,1.3904115699341666,,0.0,1.3904115699341666,2.9944272025
33630,1.3903790664022315,,0.0,1.3903790664022315,3.0003089198
33635,1.3903499743337653,,0.0,1.3903499743337653,3.0253308733
33640,1.3903237670395883,,0.0,1.3903237670395883,3.045229551
33645,1.39029928259767,,0.0,1.39029928259767,3.0388689023
33650,1.3902753399419145,,0.0,1.3902753399419145,3.0390815188
33655,1.3902511194471014,,0.0,1.3902511194471014,3.0503866468
33660,1.3902263231979135,,0.0,1.3902263231979135,3.0579929012
33665,1.3902013803670228,,0.0,1.3902013803670228,3.1055246262
33670,1.3901771712858926,,0.0,1.3901771712858926,3.129807572
33675,1.3901545572783387,,0.0,1.3901545572783387,3.1173442079
33680,1.390134278574001,,0.0,1.390134278574001,3.0779798714
33685,1.3901168928063274,,0.0,1.3901168928063274,3.0599959941
33690,1.3901027383842,,0.0,1.3901027383842,3.0303209791
33695,1.390091485243003,,0.0,1.390091485243003,2.9913123695
33700,1.3900824171627562,,0.0,1.3900824171627562,3.0110553204
33705,1.3900747079701499,,0.0,1.3900747079701499,3.0545298449
33710,1.3900676775051666,,0.0,1.3900676775051666,3.0659923693
33715,1.390060967646448,,0.0,1.390060967646448,3.0654845854
33720,1.3900544112358308,,0.0,1.3900544112358308,3.0709308528
33725,1.3900478612368843,,0.0,1.3900478612368843,3.0823153799
33730,1.3900411428974808,,0.0,1.3900411428974808,3.0786743468
33735,1.3900340626852097,,0.0,1.3900340626852097,3.0740140589
33740,1.3900262258048661,,0.0,1.3900262258048661,3.0527380095
33745,1.3900170650964425,,0.0,1.3900170650964425,3.0231409298
33750,1.3900061211250905,,0.0,1.3900061211250905,2.991553711
33755,1.389993132876704,,0.0,1.389993132876704,2.9826846696
33760,1.389978127475832,,0.0,1.389978127475832,2.966890792
33765,1.3899614425583187,,0.0,1.3899614425583187,2.955495355
33770,1.3899435474038817,,0.0,1.3899435474038817,2.9464360132
33775,1.3899252660258707,,0.0,1.3899252660258707,2.9537510086
33780,1.3899075910281926,,0.0,1.3899075910281926,2.9681103217
33785,1.3898913750266146,,0.0,1.3898913750266146,2.99328426
33790,1.3898771414590076,,0.0,1.3898771414590076,3.0012287615
33795,1.3898649584891603,,0.0,1.3898649584891603,3.0051201066
33800,1.3898544614930979,,0.0,1.3898544614930979,2.9877476119
33805,1.389845003142194,,0.0,1.389845003142194,2.9908031402
33810,1.389836093398379,,0.0,1.389836093398379,3.0050575415
33815,1.3898274583105232,,0.0,1.3898274583105232,3.0455405884
33820,1.3898191129074,,0.0,1.3898191129074,3.0632847752
33825,1.3898111835580347,,0.0,1.3898111835580347,3.0474010388
33830,1.3898036937946219,,0.0,1.3898036937946219,2.9988951187
33835,1.3897965301169513,,0.0,1.3897965301169513,2.9479572414
33840,1.3897894398097093,,0.0,1.3897894398097093,2.9399102927
33845,1.389782023166625,,0.0,1.389782023166625,2.9096473988
33850,1.3897737580458023,,0.0,1.3897737580458023,2.9063916253
33855,1.3897640849039348,,0.0,1.3897640849039348,2.9488509538
33860,1.3897525289363537,,0.0,1.3897525289363537,2.9748290835
33865,1.3897388351313682,,0.0,1.3897388351313682,2.9935275466
33870,1.3897229581525552,,0.0,1.3897229581525552,2.9857116667
33875,1.3897050757305136,,0.0,1.3897050757305136,3.0133194252
33880,1.3896854115234112,,0.0,1.3896854115234112,3.0325216434
33885,1.389664180799677,,0.0,1.389664180799677,3.0273287133
33890,1.3896417660541116,,0.0,1.3896417660541116,3.024953349
33895,1.389618794243509,,0.0,1.389618794243509,3.0093752116
33900,1.3895960755574752,,0.0,1.3895960755574752,2.9869364838
33905,1.3895744187759582,,0.0,1.3895744187759582,2.9847097024
33910,1.3895544411018275,,0.0,1.3895544411018275,2.9788005427
33915,1.3895364962910481,,0.0,1.3895364962910481,2.969505921
33920,1.389520786788708,,0.0,1.389520786788708,2.9538538858
33925,1.389507460427013,,0.0,1.389507460427013,2.9820386354
33930,1.3894966741554735,,0.0,1.3894966741554735,3.0233024031
33935,1.3894885033225863,,0.0,1.3894885033225863,3.0620866449
33940,1.3894827983227056,,0.0,1.3894827983227056,3.0946104173
33945,1.3894791077014668,,0.0,1.3894791077014668,3.1177252678
33950,1.3894767403626338,,0.0,1.3894767403626338,3.108961283
33955,1.3894751008848285,,0.0,1.3894751008848285,3.1182987443
33960,1.3894738963092736,,0.0,1.3894738963092736,3.1334871265
33965,1.389473138049652,,0.0,1.389473138049652,3.1656442533
33970,1.3894729464725732,,0.0,1.3894729464725732,3.1840968184
33975,1.3894733263299497,,0.0,1.3894733263299497,3.1750881135
33980,1.3894740498255844,,0.0,1.3894740498255844,3.1288164995
33985,1.3894746188954517,,0.0,1.3894746188954517,3.0677610666
33990,1.3894743911219918,,0.0,1.3894743911219918,3.0401758634
33995,1.389472720790864,,0.0,1.389472720790864,3.0115017856
34000,1.3894691006525284,,0.0,1.3894691006525284,3.0061423863
34005,1.3894632465926753,,0.0,1.3894632465926753,3.0129052658
34010,1.3894551545869578,,0.0,1.3894551545869578,3.0448231432
34015,1.3894451359424451,,0.0,1.3894451359424451,3.0816075944
34020,1.3894337543632092,,0.0,1.3894337543632092,3.0919483739
34025,1.38942166020182,,0.0,1.38942166020182,3.0976590088
34030,1.3894095570368084,,0.0,1.3894095570368084,3.1055348091
34035,1.3893980866718505,,0.0,1.3893980866718505,3.1109790161
34040,1.3893877457840507,,0.0,1.3893877457840507,3.108221735
34045,1.389378896450905,,0.0,1.389378896450905,3.0978978139
34050,1.3893717762680067,,0.0,1.3893717762680067,3.0776548713
34055,1.3893662951763943,,0.0,1.3893662951763943,3.0553227263
34060,1.389362212533794,,0.0,1.389362212533794,3.0370809849
34065,1.3893593273502494,,0.0,1.3893593273502494,3.017530541
34070,1.3893574978641785,,0.0,1.3893574978641785,3.0027557979
34075,1.389356653251632,,0.0,1.389356653251632,3.0374855105
34080,1.3893567253715577,,0.0,1.3893567253715577,3.0625267784
34085,1.3893574997058287,,0.0,1.3893574997058287,3.063451917
34090,1.3893584454954462,,0.0,1.3893584454954462,3.0832493262
34095,1.3893587011892303,,0.0,1.3893587011892303,3.1029683853
34100,1.389357264656714,,0.0,1.389357264656714,3.1083892883
34105,1.3893533204789144,,0.0,1.3893533204789144,3.1131792897
34110,1.389346468358413,,0.0,1.389346468358413,3.1254974143
34115,1.3893368309809346,,0.0,1.3893368309809346,3.1440590401
34120,1.389325028436874,,0.0,1.389325028436874,3.1736325677
34125,1.3893120871619322,,0.0,1.3893120871619322,3.1807971616
34130,1.3892992159833746,,0.0,1.3892992159833746,3.1540318072
34135,1.3892876145656892,,0.0,1.3892876145656892,3.1144902131
34140,1.3892783708011214,,0.0,1.3892783708011214,3.0774561331
34145,1.3892723766849182,,0.0,1.3892723766849182,3.0455699879
34150,1.3892701931927813,,0.0,1.3892701931927813,3.0351318353
34155,1.3892719255033912,,0.0,1.3892719255033912,3.0434061825
34160,1.389277143966611,,0.0,1.389277143966611,3.0672076207
34165,1.389284991805909,,0.0,1.389284991805909,3.0978682509
34170,1.3892945516976667,,0.0,1.3892945516976667,3.1117704509
34175,1.389305041668175,,0.0,1.389305041668175,3.1215048871
34180,1.389315942986002,,0.0,1.389315942986002,3.1314306683
34185,1.3893268962792862,,0.0,1.3893268962792862,3.1432858777
34190,1.3893375374242543,,0.0,1.3893375374242543,3.1501000299
34195,1.3893474831985395,,0.0,1.3893474831985395,3.1265159143
34200,1.3893563142288667,,0.0,1.3893563142288667,3.1016801347
34205,1.3893636397898508,,0.0,1.3893636397898508,3.0895149239
34210,1.3893690907557061,,0.0,1.3893690907557061,3.0730205918
34215,1.389372598257815,,0.0,1.389372598257815,3.0636089748
34220,1.389374602814323,,0.0,1.389374602814323,3.0573464788
34225,1.3893759365100098,,0.0,1.3893759365100098,3.087831335
34230,1.3893777886870282,,0.0,1.3893777886870282,3.1158925853
34235,1.3893816024714567,,0.0,1.3893816024714567,3.1005776169
34240,1.389388816260198,,0.0,1.389388816260198,3.1113082788
34245,1.3894006850354514,,0.0,1.3894006850354514,3.1460193038
34250,1.389418076282602,,0.0,1.389418076282602,3.1491396512
34255,1.3894412936920184,,0.0,1.3894412936920184,3.1404240327
34260,1.3894700451689064,,0.0,1.3894700451689064,3.1312535274
34265,1.3895034745278818,,0.0,1.3895034745278818,3.1429266307
34270,1.3895402418207423,,0.0,1.3895402418207423,3.1642162608
34275,1.3895787597042946,,0.0,1.3895787597042946,3.1784734289
34280,1.3896173734218593,,0.0,1.3896173734218593,3.150693616
34285,1.3896545408302468,,0.0,1.3896545408302468,3.100128847
34290,1.3896891057142682,,0.0,1.3896891057142682,3.0373475996
34295,1.3897206167332417,,0.0,1.3897206167332417,3.0005921288
34300,1.3897493268980539,,0.0,1.3897493268980539,2.9785459755
34305,1.3897759879884464,,0.0,1.3897759879884464,2.9810067072
34310,1.38980155200108,,0.0,1.38980155200108,2.9854974708
34315,1.3898269404658112,,0.0,1.3898269404658112,3.0077565539
34320,1.3898529650728502,,0.0,1.3898529650728502,3.0283804303
34325,1.3898803486357387,,0.0,1.3898803486357387,3.0505424299
34330,1.389909576326953,,0.0,1.389909576326953,3.0621678719
34335,1.3899408636650221,,0.0,1.3899408636650221,3.0893199111
34340,1.3899740702752863,,0.0,1.3899740702752863,3.0952490507
34345,1.390008859203995,,0.0,1.390008859203995,3.0768835516
34350,1.3900448894048412,,0.0,1.3900448894048412,3.0488731041
34355,1.3900820623836516,,0.0,1.3900820623836516,3.0354028848
34360,1.3901205704678068,,0.0,1.3901205704678068,3.0114081525
34365,1.3901607408798697,,0.0,1.3901607408798697,3.0004872142
34370,1.390202865510006,,0.0,1.390202865510006,3.0083356064
34375,1.3902471566481736,,0.0,1.3902471566481736,3.0234917295
34380,1.3902937340470984,,0.0,1.3902937340470984,3.0636710705
34385,1.3903425800633185,,0.0,1.3903425800633185,3.076303763
34390,1.3903935036654294,,0.0,1.3903935036654294,3.076554775
34395,1.39044600751697,,0.0,1.39044600751697,3.1117350249
34400,1.3904991864355702,,0.0,1.3904991864355702,3.1241214448
34405,1.3905515871547078,,0.0,1.3905515871547078,3.1276361006
34410,1.3906012236480574,,0.0,1.3906012236480574,3.1393721305
34415,1.3906459543039684,,0.0,1.3906459543039684,3.146682903
34420,1.3906840501540847,,0.0,1.3906840501540847,3.1798645312
34425,1.3907146421669438,,0.0,1.3907146421669438,3.2010877341
34430,1.3907377354809771,,0.0,1.3907377354809771,3.1825917566
34435,1.3907540381310537,,0.0,1.3907540381310537,3.163321541
34440,1.3907649173036072,,0.0,1.3907649173036072,3.123693314
34445,1.390772935734268,,0.0,1.390772935734268,3.1053766503
34450,1.3907818154432714,,0.0,1.3907818154432714,3.0933591309
34455,1.390795626272613,,0.0,1.390795626272613,3.0909458935
34460,1.3908178114712777,,0.0,1.3908178114712777,3.1108136175
34465,1.3908504664505092,,0.0,1.3908504664505092,3.122409399
34470,1.3908937427940231,,0.0,1.3908937427940231,3.1570776579
34475,1.3909466102236632,,0.0,1.3909466102236632,3.1882975338
34480,1.3910067124732335,,0.0,1.3910067124732335,3.2040652687
34485,1.3910709306287872,,0.0,1.3910709306287872,3.2201774585
34490,1.3911363615677435,,0.0,1.3911363615677435,3.2242653885
34495,1.391200815181667,,0.0,1.391200815181667,3.2132114662
34500,1.3912628911571596,,0.0,1.3912628911571596,3.1893090774
34505,1.3913219119488915,,0.0,1.3913219119488915,3.1411491364
34510,1.3913777502101723,,0.0,1.3913777502101723,3.1038173906
34515,1.3914306031567125,,0.0,1.3914306031567125,3.0777926422
34520,1.3914809170135,,0.0,1.3914809170135,3.0669338378
34525,1.39152941984619,,0.0,1.39152941984619,3.0727788636
34530,1.391577240927313,,0.0,1.391577240927313,3.0993977516
34535,1.391625531560991,,0.0,1.391625531560991,3.1144793963
34540,1.391674985026156,,0.0,1.391674985026156,3.1117488866
34545,1.3917255886131492,,0.0,1.3917255886131492,3.1354753561
34550,1.3917767324174921,,0.0,1.3917767324174921,3.1763714146
34555,1.3918273142684672,,0.0,1.3918273142684672,3.1884958309
34560,1.3918761307728134,,0.0,1.3918761307728134,3.1929083558
34565,1.3919222958694901,,0.0,1.3919222958694901,3.1957509945
34570,1.3919653828868308,,0.0,1.3919653828868308,3.1980992026
34575,1.3920055573005037,,0.0,1.3920055573005037,3.2253961759
34580,1.3920431606570167,,0.0,1.3920431606570167,3.2316154699
34585,1.3920785279547885,,0.0,1.3920785279547885,3.1989932888
34590,1.3921119057020896,,0.0,1.3921119057020896,3.1545285345
34595,1.3921435223544725,,0.0,1.3921435223544725,3.1163201991
34600,1.3921736468610546,,0.0,1.3921736468610546,3.1013755381
34605,1.3922025565152196,,0.0,1.3922025565152196,3.0958750309
34610,1.3922305932045218,,0.0,1.3922305932045218,3.097118227
34615,1.392258139992173,,0.0,1.392258139992173,3.0971279948
34620,1.392285515028904,,0.0,1.392285515028904,3.1257741941
34625,1.3923128996149314,,0.0,1.3923128996149314,3.1593961236
34630,1.3923404172544913,,0.0,1.3923404172544913,3.1859351409
34635,1.3923680628546256,,0.0,1.3923680628546256,3.2032206942
34640,1.3923955367038396,,0.0,1.3923955367038396,3.2218609879
34645,1.3924222422666708,,0.0,1.3924222422666708,3.2168615312
34650,1.3924475433326018,,0.0,1.3924475433326018,3.1999764485
34655,1.3924712314541303,,0.0,1.3924712314541303,3.169202767
34660,1.39249389141199,,0.0,1.39249389141199,3.1475500248
34665,1.392516831982751,,0.0,1.392516831982751,3.1239915954
34670,1.3925414235814186,,0.0,1.3925414235814186,3.1152838979
34675,1.392568641714112,,0.0,1.392568641714112,3.1208599295
34680,1.3925988306329733,,0.0,1.3925988306329733,3.1300478001
34685,1.3926318392999613,,0.0,1.3926318392999613,3.1437014745
34690,1.3926673327848667,,0.0,1.3926673327848667,3.1416636039
34695,1.3927049386423858,,0.0,1.3927049386423858,3.145668538
34700,1.3927441310927964,,0.0,1.3927441310927964,3.1934379034
34705,1.3927840885555454,,0.0,1.3927840885555454,3.2026819846
34710,1.3928237254347662,,0.0,1.3928237254347662,3.1838332615
34715,1.3928619281687948,,0.0,1.3928619281687948,3.1788833261
34720,1.392897858056554,,0.0,1.392897858056554,3.1853500252
34725,1.3929311093893573,,0.0,1.3929311093893573,3.2148843767
34730,1.3929618869314073,,0.0,1.3929618869314073,3.2325169484
34735,1.3929904923495307,,0.0,1.3929904923495307,3.2157655888
34740,1.3930170294354862,,0.0,1.3930170294354862,3.1696404689
34745,1.3930413914190438,,0.0,1.3930413914190438,3.1227259578
34750,1.393063463413071,,0.0,1.393063463413071,3.1157653806
34755,1.3930831610427112,,0.0,1.3930831610427112,3.1056110459
34760,1.3931004153938746,,0.0,1.3931004153938746,3.1003297258
34765,1.393115132224098,,0.0,1.393115132224098,3.1017781434
34770,1.393127174023511,,0.0,1.393127174023511,3.1129733668
34775,1.3931364256321437,,0.0,1.3931364256321437,3.1367436214
34780,1.3931429893184153,,0.0,1.3931429893184153,3.1734915831
34785,1.3931473961596346,,0.0,1.3931473961596346,3.1780712467
34790,1.3931506720458282,,0.0,1.3931506720458282,3.1842299577
34795,1.3931542680380853,,0.0,1.3931542680380853,3.1814164294
34800,1.3931597724572649,,0.0,1.3931597724572649,3.1721795143
34805,1.3931686683318634,,0.0,1.3931686683318634,3.145692672
34810,1.393182144958561,,0.0,1.393182144958561,3.1280173955
34815,1.3932007840714113,,0.0,1.3932007840714113,3.0969515551
34820,1.393224434450482,,0.0,1.393224434450482,3.082710754
34825,1.393252244707773,,0.0,1.393252244707773,3.0928758557
34830,1.3932829212546436,,0.0,1.3932829212546436,3.0982791601
34835,1.3933151067495293,,0.0,1.3933151067495293,3.1170750208
34840,1.3933477060017945,,0.0,1.3933477060017945,3.1168899803
34845,1.3933800149554434,,0.0,1.3933800149554434,3.1265601929
34850,1.3934116096444442,,0.0,1.3934116096444442,3.1679103487
34855,1.3934421018444176,,0.0,1.3934421018444176,3.1992594858
34860,1.3934712661237552,,0.0,1.3934712661237552,3.1924645256
34865,1.3934990020784244,,0.0,1.3934990020784244,3.2129253784
34870,1.393525371596961,,0.0,1.393525371596961,3.218150533
34875,1.3935508215864463,,0.0,1.3935508215864463,3.2401637117
34880,1.3935756883640105,,0.0,1.3935756883640105,3.2520276029
34885,1.3936002509737422,,0.0,1.3936002509737422,3.2427413514
34890,1.3936247445784378,,0.0,1.3936247445784378,3.1895098465
34895,1.3936492371372577,,0.0,1.3936492371372577,3.1290116722
34900,1.3936739504894569,,0.0,1.3936739504894569,3.1207742823
34905,1.3936992936405022,,0.0,1.3936992936405022,3.1021748356
34910,1.3937255457709004,,0.0,1.3937255457709004,3.0800188932
34915,1.393752578056093,,0.0,1.393752578056093,3.0967862221
34920,1.3937796476744884,,0.0,1.3937796476744884,3.1062644884
34925,1.3938055064875492,,0.0,1.3938055064875492,3.1203943211
34930,1.3938288752533163,,0.0,1.3938288752533163,3.1397313494
34935,1.3938489998501964,,0.0,1.3938489998501964,3.1461894095
34940,1.3938659781812153,,0.0,1.3938659781812153,3.1414842827
34945,1.3938807408935352,,0.0,1.3938807408935352,3.1289677874
34950,1.3938947201315433,,0.0,1.3938947201315433,3.1185676927
34955,1.3939093675474752,,0.0,1.3939093675474752,3.092183193
34960,1.3939257224458457,,0.0,1.3939257224458457,3.061938208
34965,1.3939440901995181,,0.0,1.3939440901995181,3.024733073
34970,1.39396380185753,,0.0,1.39396380185753,2.9913596518
34975,1.3939830848430708,,0.0,1.3939830848430708,2.9807021565
34980,1.3939997803330195,,0.0,1.3939997803330195,2.9899272447
34985,1.3940121241403054,,0.0,1.3940121241403054,3.0016373044
34990,1.3940193528441382,,0.0,1.3940193528441382,3.0208218819
34995,1.3940219333369128,,0.0,1.3940219333369128,3.0156862595
35000,1.3940215046644417,,0.0,1.3940215046644417,3.0239402032
35005,1.394020378188491,,0.0,1.394020378188491,3.0369345767
35010,1.3940205749267371,,0.0,1.3940205749267371,3.0394847164
35015,1.3940231369575382,,0.0,1.3940231369575382,3.0478342504
35020,1.3940281624340212,,0.0,1.3940281624340212,3.0416618676
35025,1.3940353177219527,,0.0,1.3940353177219527,3.0493869421
35030,1.3940443422392181,,0.0,1.3940443422392181,3.0502229666
35035,1.3940551015226266,,0.0,1.3940551015226266,3.0483690827
35040,1.394067310230102,,0.0,1.394067310230102,3.0150298038
35045,1.3940806237911922,,0.0,1.3940806237911922,2.9613087745
35050,1.3940946906098919,,0.0,1.3940946906098919,2.9225592969
35055,1.3941090545936063,,0.0,1.3941090545936063,2.919211511
35060,1.3941229831066604,,0.0,1.3941229831066604,2.9196458334
35065,1.3941358189982935,,0.0,1.3941358189982935,2.9383586909
35070,1.3941473602554104,,0.0,1.3941473602554104,2.957516503
35075,1.394157576979618,,0.0,1.394157576979618,2.990718325
35080,1.3941664948630714,,0.0,1.3941664948630714,3.0223965367
35085,1.394174098786051,,0.0,1.394174098786051,3.0461227405
35090,1.3941801993541747,,0.0,1.3941801993541747,3.0379348744
35095,1.3941843569132804,,0.0,1.3941843569132804,3.0288438327
35100,1.3941862038609218,,0.0,1.3941862038609218,3.0142841323
35105,1.3941859187916825,,0.0,1.3941859187916825,2.9999233407
35110,1.3941841664048136,,0.0,1.3941841664048136,2.9503946847
35115,1.3941818937631718,,0.0,1.3941818937631718,2.9389857088
35120,1.3941801288712714,,0.0,1.3941801288712714,2.9242569472
35125,1.3941796984708323,,0.0,1.3941796984708323,2.9175928373
35130,1.3941808951113766,,0.0,1.3941808951113766,2.938413818
35135,1.3941833747908627,,0.0,1.3941833747908627,2.9567443748
35140,1.3941863508064072,,0.0,1.3941863508064072,2.9957727061
35145,1.3941889347096448,,0.0,1.3941889347096448,3.0006667641
35150,1.394190369286829,,0.0,1.394190369286829,3.0183730168
35155,1.3941900033214056,,0.0,1.3941900033214056,3.0456713557
35160,1.394187247235256,,0.0,1.394187247235256,3.049914559
35165,1.3941817589816714,,0.0,1.3941817589816714,3.0623146652
35170,1.3941735491558234,,0.0,1.3941735491558234,3.0792785761
35175,1.394163071258354,,0.0,1.394163071258354,3.0998041218
35180,1.3941510697024053,,0.0,1.3941510697024053,3.1211781274
35185,1.3941384378701458,,0.0,1.3941384378701458,3.1281278022
35190,1.3941259036680753,,0.0,1.3941259036680753,3.0790718393
35195,1.394113763192598,,0.0,1.394113763192598,3.0477412805
35200,1.394101876000844,,0.0,1.394101876000844,3.0234097456
35205,1.3940897797249676,,0.0,1.3940897797249676,3.0100079754
35210,1.3940768417013338,,0.0,1.3940768417013338,2.9885532255
35215,1.3940624179208334,,0.0,1.3940624179208334,3.0027936701
35220,1.3940459707125958,,0.0,1.3940459707125958,3.0111747593
35225,1.3940272525224753,,0.0,1.3940272525224753,3.0320693803
35230,1.394006433282478,,0.0,1.394006433282478,3.054246986
35235,1.3939839506914342,,0.0,1.3939839506914342,3.0794549947
35240,1.3939602908312763,,0.0,1.3939602908312763,3.0887953771
35245,1.39393571910424,,0.0,1.39393571910424,3.0897063965
35250,1.3939102477425198,,0.0,1.3939102477425198,3.0994562639
35255,1.393883714385337,,0.0,1.393883714385337,3.0888872687
35260,1.3938559691542085,,0.0,1.3938559691542085,3.06460439
35265,1.393827001613117,,0.0,1.393827001613117,3.0362602141
35270,1.3937969278542253,,0.0,1.3937969278542253,3.0154809786
35275,1.3937662227504108,,0.0,1.3937662227504108,3.0045487805
35280,1.3937356908526473,,0.0,1.3937356908526473,3.0145203475
35285,1.3937062183356577,,0.0,1.3937062183356577,3.0385152968
35290,1.393678438818007,,0.0,1.393678438818007,3.0481809856
35295,1.393652448429281,,0.0,1.393652448429281,3.0528698625
35300,1.3936277344404622,,0.0,1.3936277344404622,3.0566985327
35305,1.3936033028834578,,0.0,1.3936033028834578,3.0840267674
35310,1.393577994473663,,0.0,1.393577994473663,3.1026799778
35315,1.3935508205860436,,0.0,1.3935508205860436,3.1209781853
35320,1.3935212812239781,,0.0,1.3935212812239781,3.1416091926
35325,1.3934894809067908,,0.0,1.3934894809067908,3.1533285432
35330,1.3934561434938997,,0.0,1.3934561434938997,3.176145885
35335,1.3934224373872146,,0.0,1.3934224373872146,3.1916411736
35340,1.3933897538510391,,0.0,1.3933897538510391,3.1871419316
35345,1.3933595038848887,,0.0,1.3933595038848887,3.1483098764
35350,1.3933329063655278,,0.0,1.3933329063655278,3.121571733
35355,1.3933108178193865,,0.0,1.3933108178193865,3.1180049421
35360,1.3932934644738486,,0.0,1.3932934644738486,3.0848634849
35365,1.3932799567437277,,0.0,1.3932799567437277,3.0718629464
35370,1.3932685190282696,,0.0,1.3932685190282696,3.0628061919
35375,1.393256939005556,,0.0,1.393256939005556,3.0803444532
35380,1.3932429829359605,,0.0,1.3932429829359605,3.0867560345
35385,1.3932249216692356,,0.0,1.3932249216692356,3.0882402706
35390,1.3932013048263852,,0.0,1.3932013048263852,3.1138590455
35395,1.3931709863099273,,0.0,1.3931709863099273,3.1238795273
35400,1.3931331492457488,,0.0,1.3931331492457488,3.1364090652
35405,1.3930871066756418,,0.0,1.3930871066756418,3.1231128981
35410,1.393032106819865,,0.0,1.393032106819865,3.0967953424
35415,1.392967661140952,,0.0,1.392967661140952,3.0594971619
35420,1.3928940753073393,,0.0,1.3928940753073393,3.0548031478
35425,1.3928126038692343,,0.0,1.3928126038692343,3.0549424874
35430,1.3927254499857773,,0.0,1.3927254499857773,3.0401692856
35435,1.3926356603373078,,0.0,1.3926356603373078,3.0575172523
35440,1.3925466076671709,,0.0,1.3925466076671709,3.0583163222
35445,1.3924612733112325,,0.0,1.3924612733112325,3.0566364576
35450,1.392381759456191,,0.0,1.392381759456191,3.0482738735
35455,1.3923091076802028,,0.0,1.3923091076802028,3.0522191021
35460,1.3922433801901146,,0.0,1.3922433801901146,3.0735938909
35465,1.3921840756933286,,0.0,1.3921840756933286,3.069327858
35470,1.3921303356626082,,0.0,1.3921303356626082,3.084508002
35475,1.3920813183956693,,0.0,1.3920813183956693,3.0931577652
35480,1.392036509571945,,0.0,1.392036509571945,3.1255703732
35485,1.3919956472223987,,0.0,1.3919956472223987,3.1429905639
35490,1.391958529447617,,0.0,1.391958529447617,3.1596506847
35495,1.3919249807679073,,0.0,1.3919249807679073,3.1174415205
35500,1.3918949558923195,,0.0,1.3918949558923195,3.0653161483
35505,1.3918680086186026,,0.0,1.3918680086186026,3.0247544633
35510,1.3918431537776592,,0.0,1.3918431537776592,2.9866753667
35515,1.391818933010009,,0.0,1.391818933010009,2.9583189187
35520,1.3917937416018336,,0.0,1.3917937416018336,2.975330295
35525,1.3917663207284792,,0.0,1.3917663207284792,2.9813805812
35530,1.3917361908333654,,0.0,1.3917361908333654,2.9920380757
35535,1.3917037447108918,,0.0,1.3917037447108918,2.9925821339
35540,1.391670144396771,,0.0,1.391670144396771,3.010371835
35545,1.3916367811098336,,0.0,1.3916367811098336,3.013218967
35550,1.3916048692932403,,0.0,1.3916048692932403,3.022341594
35555,1.3915749230856673,,0.0,1.3915749230856673,3.0169450318
35560,1.391546652233971,,0.0,1.391546652233971,3.0092687362
35565,1.3915194156165678,,0.0,1.3915194156165678,2.9808617559
35570,1.3914926154020184,,0.0,1.3914926154020184,2.9796059469
35575,1.3914658362868673,,0.0,1.3914658362868673,2.9803045243
35580,1.391438927983375,,0.0,1.391438927983375,2.9599092218
35585,1.391411976207847,,0.0,1.391411976207847,2.9582697164
35590,1.3913852848552788,,0.0,1.3913852848552788,2.9807422231
35595,1.3913591645506462,,0.0,1.3913591645506462,2.9799539783
35600,1.3913337317953682,,0.0,1.3913337317953682,2.9914115511
35605,1.391308895302716,,0.0,1.391308895302716,3.0178442279
35610,1.39128432325737,,0.0,1.39128432325737,3.0471704324
35615,1.3912592255005103,,0.0,1.3912592255005103,3.0353101208
35620,1.3912327998912242,,0.0,1.3912327998912242,3.0378703828
35625,1.3912047927592686,,0.0,1.3912047927592686,3.0522355701
35630,1.3911756400300324,,0.0,1.3911756400300324,3.0703689027
35635,1.3911462481591264,,0.0,1.3911462481591264,3.1175018841
35640,1.3911175755094078,,0.0,1.3911175755094078,3.1266153312
35645,1.3910901664589919,,0.0,1.3910901664589919,3.0717961667
35650,1.3910641320298194,,0.0,1.3910641320298194,3.020191321
35655,1.3910394642868797,,0.0,1.3910394642868797,2.9799993608
35660,1.3910161197354005,,0.0,1.3910161197354005,2.9386830296
35665,1.390994173178205,,0.0,1.390994173178205,2.928033039
35670,1.3909736193177071,,0.0,1.3909736193177071,2.9757388038
35675,1.3909543590913231,,0.0,1.3909543590913231,3.0031801735
35680,1.3909361125000355,,0.0,1.3909361125000355,3.0170496262
35685,1.390918598749051,,0.0,1.390918598749051,3.0276184111
35690,1.3909017071347396,,0.0,1.3909017071347396,3.0500543759
35695,1.390885282094512,,0.0,1.390885282094512,3.0397781749
35700,1.3908686047254901,,0.0,1.3908686047254901,3.0425584252
35705,1.3908507705501327,,0.0,1.3908507705501327,3.0342317443
35710,1.390830945983057,,0.0,1.390830945983057,3.0115596615
35715,1.3908085450839718,,0.0,1.3908085450839718,2.9732929566
35720,1.3907834105623205,,0.0,1.3907834105623205,2.9612610241
35725,1.3907559243444936,,0.0,1.3907559243444936,2.9559541238
35730,1.3907262928089794,,0.0,1.3907262928089794,2.9327076016
35735,1.3906946805901983,,0.0,1.3906946805901983,2.9174286297
35740,1.390661430598844,,0.0,1.390661430598844,2.9412323558
35745,1.3906266199113808,,0.0,1.3906266199113808,2.9564099687
35750,1.3905903358129277,,0.0,1.3905903358129277,2.9680269002
35755,1.3905529936524128,,0.0,1.3905529936524128,2.9998633418
35760,1.3905152459878392,,0.0,1.3905152459878392,3.0218816435
35765,1.3904780028444352,,0.0,1.3904780028444352,3.0110720655
35770,1.390442143894308,,0.0,1.390442143894308,3.0225023049
35775,1.3904082010787497,,0.0,1.3904082010787497,3.0330477062
35780,1.3903766359925682,,0.0,1.3903766359925682,3.0537608912
35785,1.3903474717587037,,0.0,1.3903474717587037,3.0907917223
35790,1.3903204210570104,,0.0,1.3903204210570104,3.1133432226
35795,1.390294844357454,,0.0,1.390294844357454,3.0886125767
35800,1.390270283339272,,0.0,1.390270283339272,3.0532047228
35805,1.3902465135257847,,0.0,1.3902465135257847,3.0294061473
35810,1.3902237588934703,,0.0,1.3902237588934703,2.9913818166
35815,1.3902025604099801,,0.0,1.3902025604099801,2.9629347502
35820,1.3901832590988845,,0.0,1.3901832590988845,3.0071039084
35825,1.390166089213523,,0.0,1.390166089213523,3.036888002
35830,1.3901513437354098,,0.0,1.3901513437354098,3.0442539657
35835,1.3901391834565102,,0.0,1.3901391834565102,3.0468918368
35840,1.3901292940685475,,0.0,1.3901292940685475,3.0470247115
35845,1.3901210832195605,,0.0,1.3901210832195605,3.0408187873
35850,1.3901139001931961,,0.0,1.3901139001931961,3.0329750901
35855,1.3901072377399142,,0.0,1.3901072377399142,3.0246764392
35860,1.390100883956276,,0.0,1.390100883956276,3.0074212734
35865,1.3900948059654177,,0.0,1.3900948059654177,2.9685453704
35870,1.3900888389965007,,0.0,1.3900888389965007,2.9467856313
35875,1.3900827443625827,,0.0,1.3900827443625827,2.9431193664
35880,1.3900762232161537,,0.0,1.3900762232161537,2.9301435006
35885,1.3900686409609828,,0.0,1.3900686409609828,2.9195864098
35890,1.3900592501599842,,0.0,1.3900592501599842,2.9183200059
35895,1.3900475816243858,,0.0,1.3900475816243858,2.9344613186
35900,1.3900336159145479,,0.0,1.3900336159145479,2.9513748304
35905,1.390017874126491,,0.0,1.390017874126491,2.9828926897
35910,1.390001274948019,,0.0,1.390001274948019,2.9890095105
35915,1.3899847291546623,,0.0,1.3899847291546623,2.9942432898
35920,1.3899691324704406,,0.0,1.3899691324704406,2.9812258405
35925,1.3899551624861557,,0.0,1.3899551624861557,2.9823674686
35930,1.389943169956566,,0.0,1.389943169956566,3.0076196238
35935,1.3899332092217163,,0.0,1.3899332092217163,3.0380704042
35940,1.389924948170713,,0.0,1.389924948170713,3.0518445911
35945,1.389917607262645,,0.0,1.389917607262645,3.0342183125
35950,1.3899102970032715,,0.0,1.3899102970032715,2.9755696738
35955,1.389902434544455,,0.0,1.389902434544455,2.9239060752
35960,1.3898936864338531,,0.0,1.3898936864338531,2.9034334516
35965,1.389883933987351,,0.0,1.389883933987351,2.8659103992
35970,1.389873156446597,,0.0,1.389873156446597,2.8841389903
35975,1.3898613857107884,,0.0,1.3898613857107884,2.9256418431
35980,1.389848691762628,,0.0,1.389848691762628,2.9481375744
35985,1.3898351953097716,,0.0,1.3898351953097716,2.9514169791
35990,1.3898210226075622,,0.0,1.3898210226075622,2.937860621
35995,1.3898062104890005,,0.0,1.3898062104890005,2.9622334113
36000,1.3897906855381854,,0.0,1.3897906855381854,2.9632118203
36005,1.3897742590200903,,0.0,1.3897742590200903,2.9633766626
36010,1.3897567646860092,,0.0,1.3897567646860092,2.9502716507
36015,1.3897380922415665,,0.0,1.3897380922415665,2.9321883113
36020,1.3897183441143364,,0.0,1.3897183441143364,2.9011243612
36025,1.3896978403876457,,0.0,1.3896978403876457,2.891652738
36030,1.3896770579806497,,0.0,1.3896770579806497,2.8815214345
36035,1.389656584425189,,0.0,1.389656584425189,2.8766910435
36040,1.3896370465416383,,0.0,1.3896370465416383,2.8722076463
36045,1.3896190584407146,,0.0,1.3896190584407146,2.909358555
36050,1.3896031714351402,,0.0,1.3896031714351402,2.9435465298
36055,1.3895897795470815,,0.0,1.3895897795470815,2.9725555758
36060,1.3895790107598491,,0.0,1.3895790107598491,2.9997449517
36065,1.389570676497572,,0.0,1.389570676497572,3.0226001571
36070,1.3895644108402996,,0.0,1.3895644108402996,3.0192356137
36075,1.3895598341580195,,0.0,1.3895598341580195,3.0269981147
36080,1.3895566662243501,,0.0,1.3895566662243501,3.0520387174
36085,1.3895547351519528,,0.0,1.3895547351519528,3.0901679478
36090,1.3895538009124369,,0.0,1.3895538009124369,3.1160903545
36095,1.3895534905602978,,0.0,1.3895534905602978,3.1051924527
36100,1.3895532816353302,,0.0,1.3895532816353302,3.0562784242
36105,1.389552550659413,,0.0,1.389552550659413,3.0006594138
36110,1.3895507692153988,,0.0,1.3895507692153988,2.9808860375
36115,1.3895476705823389,,0.0,1.3895476705823389,2.9603246952
36120,1.3895432547374973,,0.0,1.3895432547374973,2.9538639831
36125,1.389537726513285,,0.0,1.389537726513285,2.9678254969
36130,1.3895314301618453,,0.0,1.3895314301618453,3.006053199
36135,1.3895247726651028,,0.0,1.3895247726651028,3.0389868769
36140,1.389518287646846,,0.0,1.389518287646846,3.0448093094
36145,1.3895125303304616,,0.0,1.3895125303304616,3.0538127413
36150,1.38950789623872,,0.0,1.38950789623872,3.0659128883
36155,1.3895045273378304,,0.0,1.3895045273378304,3.0624958138
36160,1.3895023768135029,,0.0,1.3895023768135029,3.0604471683
36165,1.3895013637013445,,0.0,1.3895013637013445,3.0533754169
36170,1.3895014247713697,,0.0,1.3895014247713697,3.0323725571
36175,1.3895024499110946,,0.0,1.3895024499110946,3.0147653369
36180,1.3895042422458543,,0.0,1.3895042422458543,2.9964686483
36185,1.389506586052492,,0.0,1.389506586052492,2.9775070807
36190,1.3895092500106658,,0.0,1.3895092500106658,2.9664854327
36195,1.3895120463402797,,0.0,1.3895120463402797,3.0053150963
36200,1.389514952964269,,0.0,1.389514952964269,3.0261133218
36205,1.3895179913912876,,0.0,1.3895179913912876,3.0355045254
36210,1.3895210259076418,,0.0,1.3895210259076418,3.0540998343
36215,1.389523618609874,,0.0,1.389523618609874,3.0690036003
36220,1.3895250653510431,,0.0,1.3895250653510431,3.0710485078
36225,1.3895244476024997,,0.0,1.3895244476024997,3.0795470069
36230,1.3895207895170785,,0.0,1.3895207895170785,3.0891262498
36235,1.3895132386154312,,0.0,1.3895132386154312,3.0968834312
36240,1.3895012479729643,,0.0,1.3895012479729643,3.1163684001
36245,1.3894847161852428,,0.0,1.3894847161852428,3.1132127118
36250,1.3894641257645808,,0.0,1.3894641257645808,3.0776735684
36255,1.389440540866401,,0.0,1.389440540866401,3.0377508673
36260,1.3894154889006922,,0.0,1.3894154889006922,3.0035989595
36265,1.3893907746617729,,0.0,1.3893907746617729,2.9716515979
36270,1.389368188733698,,0.0,1.389368188733698,2.9735798049
36275,1.3893491863383218,,0.0,1.3893491863383218,2.9870698055
36280,1.3893346996006732,,0.0,1.3893346996006732,3.0197650393
36285,1.389325153396241,,0.0,1.389325153396241,3.0558175119
36290,1.3893205954487715,,0.0,1.3893205954487715,3.0688063401
36295,1.3893207243642753,,0.0,1.3893207243642753,3.0721943702
36300,1.38932477426643,,0.0,1.38932477426643,3.0887822301
36305,1.389331698393175,,0.0,1.389331698393175,3.0970659513
36310,1.3893402775494366,,0.0,1.3893402775494366,3.1008922027
36315,1.3893494821164154,,0.0,1.3893494821164154,3.0812039783
36320,1.3893588229427618,,0.0,1.3893588229427618,3.0669277508
36325,1.3893683435459847,,0.0,1.3893683435459847,3.0549530605
36330,1.3893783996373819,,0.0,1.3893783996373819,3.0376931792
36335,1.389389326692837,,0.0,1.389389326692837,3.0273045703
36340,1.3894012200688972,,0.0,1.3894012200688972,3.0154127161
36345,1.389413787557087,,0.0,1.389413787557087,3.0410131704
36350,1.389426260734605,,0.0,1.389426260734605,3.0631581556
36355,1.3894377475607314,,0.0,1.3894377475607314,3.0562416546
36360,1.3894477062720396,,0.0,1.3894477062720396,3.0740906625
36365,1.38945620273594,,0.0,1.38945620273594,3.1147623557
36370,1.3894637130758132,,0.0,1.3894637130758132,3.1178957517
36375,1.3894709842740163,,0.0,1.3894709842740163,3.1047374491
36380,1.3894789520479323,,0.0,1.3894789520479323,3.100123184
36385,1.3894885936771213,,0.0,1.3894885936771213,3.1123336075
36390,1.3895007875149776,,0.0,1.3895007875149776,3.1317058834
36395,1.3895162652877204,,0.0,1.3895162652877204,3.1425840195
36400,1.3895355720555571,,0.0,1.3895355720555571,3.1104050601
36405,1.3895588974629702,,0.0,1.3895588974629702,3.0571317026
36410,1.3895860701228229,,0.0,1.3895860701228229,2.9917482632
36415,1.389616499729431,,0.0,1.389616499729431,2.9547301336
36420,1.3896492308301982,,0.0,1.3896492308301982,2.9353422617
36425,1.3896830544614405,,0.0,1.3896830544614405,2.9378387574
36430,1.3897167249856275,,0.0,1.3897167249856275,2.9429908173
36435,1.3897491746549826,,0.0,1.3897491746549826,2.9654895851
36440,1.389779670265419,,0.0,1.389779670265419,2.9807481774
36445,1.389808039838653,,0.0,1.389808039838653,3.0003672908
36450,1.3898346977232103,,0.0,1.3898346977232103,3.0064716213
36455,1.3898603885368608,,0.0,1.3898603885368608,3.0227997959
36460,1.3898858638092453,,0.0,1.3898858638092453,3.0291253497
36465,1.3899117223494692,,0.0,1.3899117223494692,2.9972208502
36470,1.3899383413320112,,0.0,1.3899383413320112,2.9604445039
36475,1.3899659990279212,,0.0,1.3899659990279212,2.9460837254
36480,1.3899948661877162,,0.0,1.3899948661877162,2.9225549153
36485,1.3900250240486272,,0.0,1.3900250240486272,2.9210927683
36490,1.3900565298154877,,0.0,1.3900565298154877,2.9309217507
36495,1.3900894114540945,,0.0,1.3900894114540945,2.9482942956
36500,1.3901237866936331,,0.0,1.3901237866936331,2.9780972997
36505,1.390159959747409,,0.0,1.390159959747409,2.9732907333
36510,1.3901983848208932,,0.0,1.3901983848208932,2.9790271255
36515,1.3902395688453157,,0.0,1.3902395688453157,3.0139202869
36520,1.3902838920190996,,0.0,1.3902838920190996,3.0334623521
36525,1.3903313687116623,,0.0,1.3903313687116623,3.0391594956
36530,1.3903814980623979,,0.0,1.3903814980623979,3.0431438304
36535,1.3904333919412508,,0.0,1.3904333919412508,3.0521380403
36540,1.3904859795537645,,0.0,1.3904859795537645,3.0784211509
36545,1.3905380233111013,,0.0,1.3905380233111013,3.0990420922
36550,1.390588096525615,,0.0,1.390588096525615,3.084409602
36555,1.3906346230404307,,0.0,1.3906346230404307,3.0595706061
36560,1.390676086518197,,0.0,1.390676086518197,3.0239216111
36565,1.3907113485236058,,0.0,1.3907113485236058,3.0095614703
36570,1.3907398948270357,,0.0,1.3907398948270357,2.9990087433
36575,1.390761991058087,,0.0,1.390761991058087,3.0015358196
36580,1.3907786519659404,,0.0,1.3907786519659404,3.0279151674
36585,1.3907918374755108,,0.0,1.3907918374755108,3.0489417026
36590,1.3908048162655464,,0.0,1.3908048162655464,3.0838855166
36595,1.3908215195768239,,0.0,1.3908215195768239,3.1167551593
36600,1.3908455741412409,,0.0,1.3908455741412409,3.1380810832
36605,1.3908795070209832,,0.0,1.3908795070209832,3.1558450516
36610,1.3909240136322072,,0.0,1.3909240136322072,3.163245142
36615,1.3909775920979237,,0.0,1.3909775920979237,3.1509429558
36620,1.3910372845007792,,0.0,1.3910372845007792,3.1226201151
36625,1.3910994302770823,,0.0,1.3910994302770823,3.0894344321
36630,1.3911602956973412,,0.0,1.3911602956973412,3.0594563079
36635,1.3912171575067973,,0.0,1.3912171575067973,3.0272241647
36640,1.3912686815322992,,0.0,1.3912686815322992,3.0106312759
36645,1.3913148502895396,,0.0,1.3913148502895396,3.0127809283
36650,1.391356611273367,,0.0,1.391356611273367,3.0402688572
36655,1.3913953531561338,,0.0,1.3913953531561338,3.0460212563
36660,1.3914326675782158,,0.0,1.3914326675782158,3.0395659206
36665,1.3914702034302966,,0.0,1.3914702034302966,3.0681502852
36670,1.3915092198780763,,0.0,1.3915092198780763,3.1070828071
36675,1.3915504458284582,,0.0,1.3915504458284582,3.1122005749
36680,1.391593848018059,,0.0,1.391593848018059,3.1157119534
36685,1.391638763452859,,0.0,1.391638763452859,3.1143164619
36690,1.3916842830398228,,0.0,1.3916842830398228,3.1313522684
36695,1.3917293920070335,,0.0,1.3917293920070335,3.1584350191
36700,1.3917731344016935,,0.0,1.3917731344016935,3.1618351785
36705,1.3918147094925477,,0.0,1.3918147094925477,3.1278687751
36710,1.3918535610785427,,0.0,1.3918535610785427,3.0818513815
36715,1.39188952686711,,0.0,1.39188952686711,3.0560098578
36720,1.3919229165510316,,0.0,1.3919229165510316,3.0336494913
36725,1.3919543594744261,,0.0,1.3919543594744261,3.0263110661
36730,1.391984560989264,,0.0,1.391984560989264,3.0266276452
36735,1.392014106353745,,0.0,1.392014106353745,3.0339960923
36740,1.3920434300608626,,0.0,1.3920434300608626,3.062910526
36745,1.392073020739029,,0.0,1.392073020739029,3.1094694865
36750,1.3921032687271107,,0.0,1.3921032687271107,3.1317491541
36755,1.3921342135182695,,0.0,1.3921342135182695,3.1490366039
36760,1.3921653718498892,,0.0,1.3921653718498892,3.1688191837
36765,1.392195744774601,,0.0,1.392195744774601,3.169562002
36770,1.392224525240425,,0.0,1.392224525240425,3.1493489156
36775,1.3922515073008652,,0.0,1.3922515073008652,3.1156039155
36780,1.3922770911396574,,0.0,1.3922770911396574,3.0866394302
36785,1.3923019592586703,,0.0,1.3923019592586703,3.05755883
36790,1.3923268161458917,,0.0,1.3923268161458917,3.0532529453
36795,1.3923524309062156,,0.0,1.3923524309062156,3.0652897847
36800,1.3923794904296403,,0.0,1.3923794904296403,3.0809694432
36805,1.3924086146246686,,0.0,1.3924086146246686,3.103602174
36810,1.392440232777655,,0.0,1.392440232777655,3.0997767221
36815,1.3924746215681003,,0.0,1.3924746215681003,3.1110870736
36820,1.3925117231318143,,0.0,1.3925117231318143,3.1583059962
36825,1.3925510582077902,,0.0,1.3925510582077902,3.1657821429
36830,1.392591726729352,,0.0,1.392591726729352,3.1642191159
36835,1.3926327202225715,,0.0,1.3926327202225715,3.1731198898
36840,1.3926731987813405,,0.0,1.3926731987813405,3.1725525563
36845,1.392712549568183,,0.0,1.392712549568183,3.1910214325
36850,1.3927502511687686,,0.0,1.3927502511687686,3.2013170344
36855,1.3927857574542788,,0.0,1.3927857574542788,3.1834399289
36860,1.3928186242232667,,0.0,1.3928186242232667,3.1358860203
36865,1.3928486051493536,,0.0,1.3928486051493536,3.0896735287
36870,1.3928758145285252,,0.0,1.3928758145285252,3.0851135737
36875,1.392900706907299,,0.0,1.392900706907299,3.0696638024
36880,1.3929238503778758,,0.0,1.3929238503778758,3.0640070052
36885,1.3929456662915995,,0.0,1.3929456662915995,3.0661640546
36890,1.3929662743557236,,0.0,1.3929662743557236,3.0865943655
36895,1.3929855852843251,,0.0,1.3929855852843251,3.0910106635
36900,1.3930034908520428,,0.0,1.3930034908520428,3.1218749002
36905,1.3930198943836167,,0.0,1.3930198943836167,3.1365713088
36910,1.3930345942979434,,0.0,1.3930345942979434,3.1563184698
36915,1.3930472662145126,,0.0,1.3930472662145126,3.1594601074
36920,1.3930575464188057,,0.0,1.3930575464188057,3.1347216894
36925,1.3930653566293283,,0.0,1.3930653566293283,3.1048663419
36930,1.3930711473455142,,0.0,1.3930711473455142,3.0875523868
36935,1.393075955962019,,0.0,1.393075955962019,3.0563807015
36940,1.393081164330268,,0.0,1.393081164330268,3.0466906595
36945,1.393088046758418,,0.0,1.393088046758418,3.0616468822
36950,1.3930976352298559,,0.0,1.3930976352298559,3.0768115818
36955,1.393110709058129,,0.0,1.393110709058129,3.0964175004
36960,1.393127747686135,,0.0,1.393127747686135,3.0949676214
36965,1.3931488793927584,,0.0,1.3931488793927584,3.0856134484
36970,1.3931738674463894,,0.0,1.3931738674463894,3.1130895343
36975,1.393202144914384,,0.0,1.393202144914384,3.1261396561
36980,1.3932328695260474,,0.0,1.3932328695260474,3.1157930317
36985,1.3932650069561403,,0.0,1.3932650069561403,3.1247280992
36990,1.3932975397043756,,0.0,1.3932975397043756,3.1387200522
36995,1.3933296053555895,,0.0,1.3933296053555895,3.1705589817
37000,1.3933606537338799,,0.0,1.3933606537338799,3.1885960916
37005,1.393390384718497,,0.0,1.393390384718497,3.1704376078
37010,1.3934183106814317,,0.0,1.3934183106814317,3.1223755195
37015,1.3934441610138077,,0.0,1.3934441610138077,3.0528287056
37020,1.3934678589347336,,0.0,1.3934678589347336,3.0475235223
37025,1.3934896723701875,,0.0,1.3934896723701875,3.033395722
37030,1.3935104097818076,,0.0,1.3935104097818076,3.0220464492
37035,1.3935310863507664,,0.0,1.3935310863507664,3.0526954851
37040,1.3935527133930454,,0.0,1.3935527133930454,3.0896179605
37045,1.3935760424155497,,0.0,1.3935760424155497,3.111040743
37050,1.393601460574046,,0.0,1.393601460574046,3.1363332012
37055,1.3936287223834032,,0.0,1.3936287223834032,3.1520323523
37060,1.393656866343137,,0.0,1.393656866343137,3.1442478464
37065,1.3936844377543314,,0.0,1.3936844377543314,3.1342044096
37070,1.3937097882947134,,0.0,1.3937097882947134,3.1294107893
37075,1.393731713229573,,0.0,1.393731713229573,3.0999888541
37080,1.3937500273480297,,0.0,1.3937500273480297,3.0699587503
37085,1.393765558142105,,0.0,1.393765558142105,3.0330152809
37090,1.393779682370266,,0.0,1.393779682370266,2.9892180296
37095,1.3937937321139138,,0.0,1.3937937321139138,2.9753680846
37100,1.3938085535998805,,0.0,1.3938085535998805,2.973405595
37105,1.393824431897406,,0.0,1.393824431897406,2.9841117985
37110,1.3938412112165368,,0.0,1.3938412112165368,3.0054821625
37115,1.393858013522189,,0.0,1.393858013522189,3.001584116
37120,1.3938732938973295,,0.0,1.3938732938973295,3.0163495361
37125,1.3938853620027807,,0.0,1.3938853620027807,3.0353801803
37130,1.3938928836199185,,0.0,1.3938928836199185,3.0321406943
37135,1.393895513541671,,0.0,1.393895513541671,3.0506912567
37140,1.3938939146711127,,0.0,1.3938939146711127,3.0560796695
37145,1.3938897853279049,,0.0,1.3938897853279049,3.0670604994
37150,1.3938854196623431,,0.0,1.3938854196623431,3.0769079603
37155,1.3938829601273255,,0.0,1.3938829601273255,3.066901067
37160,1.3938837694074746,,0.0,1.3938837694074746,3.0254056717
37165,1.3938883418607804,,0.0,1.3938883418607804,2.9721355893
37170,1.3938965603719409,,0.0,1.3938965603719409,2.9428624502
37175,1.393908014639513,,0.0,1.393908014639513,2.932232077
37180,1.3939219529064915,,0.0,1.3939219529064915,2.9399318834
37185,1.3939372432629207,,0.0,1.3939372432629207,2.9410722913
37190,1.3939526696513533,,0.0,1.3939526696513533,2.9556023248
37195,1.3939671334024808,,0.0,1.3939671334024808,2.9759052585
37200,1.393979968157293,,0.0,1.393979968157293,2.99776087
37205,1.393990700361625,,0.0,1.393990700361625,3.0114420958
37210,1.3939993362452556,,0.0,1.3939993362452556,3.0147603701
37215,1.394006338062349,,0.0,1.394006338062349,3.0236456235
37220,1.39401232437996,,0.0,1.39401232437996,3.0145525168
37225,1.3940177201417863,,0.0,1.3940177201417863,3.0069321072
37230,1.3940227475053923,,0.0,1.3940227475053923,2.9659119283
37235,1.3940273521534694,,0.0,1.3940273521534694,2.9398905725
37240,1.3940314089220234,,0.0,1.3940314089220234,2.9207276771
37245,1.3940351175050343,,0.0,1.3940351175050343,2.9180940337
37250,1.394038955685642,,0.0,1.394038955685642,2.9242491936
37255,1.3940433498172022,,0.0,1.3940433498172022,2.9363499228
37260,1.39404861802771,,0.0,1.39404861802771,2.9688199591
37265,1.3940549483018891,,0.0,1.3940549483018891,2.960575146
37270,1.3940622579246427,,0.0,1.3940622579246427,2.9869301601
37275,1.3940699981297267,,0.0,1.3940699981297267,3.0193613766
37280,1.394077081706988,,0.0,1.394077081706988,3.014426836
37285,1.3940820057108265,,0.0,1.3940820057108265,3.0142370403
37290,1.3940832424129437,,0.0,1.3940832424129437,3.0127244876
37295,1.3940798523444466,,0.0,1.3940798523444466,3.0371402281
37300,1.3940719041465888,,0.0,1.3940719041465888,3.0546304932
37305,1.3940605655391871,,0.0,1.3940605655391871,3.0482707464
37310,1.3940475936837597,,0.0,1.3940475936837597,3.0031627812
37315,1.394034470335563,,0.0,1.394034470335563,2.9549174443
37320,1.3940217925984701,,0.0,1.3940217925984701,2.9245921961
37325,1.3940093521841341,,0.0,1.3940093521841341,2.9210431463
37330,1.3939964928512516,,0.0,1.3939964928512516,2.9109486579
37335,1.3939825154321572,,0.0,1.3939825154321572,2.9322107066
37340,1.3939669752706767,,0.0,1.3939669752706767,2.9499261374
37345,1.393949726035208,,0.0,1.393949726035208,2.9652421419
37350,1.3939308187008057,,0.0,1.3939308187008057,2.9908234683
37355,1.3939103815918268,,0.0,1.3939103815918268,3.0207052759
37360,1.3938885590390684,,0.0,1.3938885590390684,3.0320735353
37365,1.3938654621554172,,0.0,1.3938654621554172,3.0397597374
37370,1.3938413733044783,,0.0,1.3938413733044783,3.0295543537
37375,1.3938168861114533,,0.0,1.3938168861114533,3.0274172885
37380,1.3937927843917006,,0.0,1.3937927843917006,3.001723156
37385,1.3937698660344222,,0.0,1.3937698660344222,2.967908405
37390,1.39374869544852,,0.0,1.39374869544852,2.9408846987
37395,1.393729289208844,,0.0,1.393729289208844,2.9356861697
37400,1.393711287738905,,0.0,1.393711287738905,2.9451461432
37405,1.3936941921789021,,0.0,1.3936941921789021,2.9607161693
37410,1.393677529338453,,0.0,1.393677529338453,2.9865066355
37415,1.3936607465633861,,0.0,1.3936607465633861,2.9896557205
37420,1.3936432723055643,,0.0,1.3936432723055643,3.0041572117
37425,1.3936245476355638,,0.0,1.3936245476355638,3.0303592365
37430,1.3936040434768808,,0.0,1.3936040434768808,3.0450287876
37435,1.393581592125679,,0.0,1.393581592125679,3.0544087563
37440,1.3935574082365025,,0.0,1.3935574082365025,3.073823942
37445,1.3935319305085847,,0.0,1.3935319305085847,3.0958370626
37450,1.393505614170535,,0.0,1.393505614170535,3.107717771
37455,1.3934786878825343,,0.0,1.3934786878825343,3.1160877095
37460,1.3934510801385402,,0.0,1.3934510801385402,3.1180214885
37465,1.3934224634431527,,0.0,1.3934224634431527,3.0683809131
37470,1.3933924326560954,,0.0,1.3933924326560954,3.0327689662
37475,1.3933608584526096,,0.0,1.3933608584526096,3.0203087036
37480,1.3933281227818217,,0.0,1.3933281227818217,2.9848134271
37485,1.393295077895716,,0.0,1.393295077895716,2.9930264439
37490,1.3932629618605945,,0.0,1.3932629618605945,2.9978971959
37495,1.3932331793097759,,0.0,1.3932331793097759,3.0167076133
37500,1.3932067521089402,,0.0,1.3932067521089402,3.0262388081
37505,1.3931839787872884,,0.0,1.3931839787872884,3.03796247
37510,1.3931642736773655,,0.0,1.3931642736773655,3.0642745083
37515,1.3931463508299684,,0.0,1.3931463508299684,3.0773654068
37520,1.3931287389485936,,0.0,1.3931287389485936,3.0820638507
37525,1.3931101269148198,,0.0,1.3931101269148198,3.0856963285
37530,1.3930894650108523,,0.0,1.3930894650108523,3.0637197577
37535,1.3930659619865224,,0.0,1.3930659619865224,3.0281232986
37540,1.3930389909759828,,0.0,1.3930389909759828,3.0119529273
37545,1.393008019856049,,0.0,1.393008019856049,2.9996748015
37550,1.3929721895083387,,0.0,1.3929721895083387,2.9872640456
37555,1.3929305480271366,,0.0,1.3929305480271366,3.000648896
37560,1.3928823754409536,,0.0,1.3928823754409536,3.0020693415
37565,1.3928275174831768,,0.0,1.3928275174831768,3.011325221
37570,1.3927666116602986,,0.0,1.3927666116602986,3.0041375827
37575,1.392700973206033,,0.0,1.392700973206033,3.0329325903
37580,1.392632322744469,,0.0,1.392632322744469,3.0593374371
37585,1.3925622290658815,,0.0,1.3925622290658815,3.0580891816
37590,1.3924917558027545,,0.0,1.3924917558027545,3.0693849141
37595,1.3924214520169056,,0.0,1.3924214520169056,3.0837120361
37600,1.3923515459137865,,0.0,1.3923515459137865,3.1099200528
37605,1.3922822157924062,,0.0,1.3922822157924062,3.1226241008
37610,1.3922138388499805,,0.0,1.3922138388499805,3.1321971807
37615,1.392147076625398,,0.0,1.392147076625398,3.0900085962
37620,1.3920829333181406,,0.0,1.3920829333181406,3.0519122447
37625,1.3920225838782072,,0.0,1.3920225838782072,3.0243157698
37630,1.391967194320184,,0.0,1.391967194320184,3.000314785
37635,1.391917707705318,,0.0,1.391917707705318,2.9825523946
37640,1.3918746512002533,,0.0,1.3918746512002533,2.9958230419
37645,1.3918378928882789,,0.0,1.3918378928882789,3.0001688677
37650,1.3918067374441847,,0.0,1.3918067374441847,3.0195672384
37655,1.3917797662517537,,0.0,1.3917797662517537,3.0254264594
37660,1.3917552269695894,,0.0,1.3917552269695894,3.0338559098
37665,1.3917315375975579,,0.0,1.3917315375975579,3.031211911
37670,1.391707391814622,,0.0,1.391707391814622,3.032464385
37675,1.3916821227843075,,0.0,1.3916821227843075,3.00296914
37680,1.3916559719673987,,0.0,1.3916559719673987,2.9822137972
37685,1.3916298053714142,,0.0,1.3916298053714142,2.9384533016
37690,1.3916043788004424,,0.0,1.3916043788004424,2.9254306447
37695,1.391579984440222,,0.0,1.391579984440222,2.9160388646
37700,1.3915563171452545,,0.0,1.3915563171452545,2.8880082785
37705,1.3915327115569323,,0.0,1.3915327115569323,2.8888775874
37710,1.3915083332940976,,0.0,1.3915083332940976,2.9100100189
37715,1.3914827415885038,,0.0,1.3914827415885038,2.918109168
37720,1.3914561129657197,,0.0,1.3914561129657197,2.9276329175
37725,1.391429004490782,,0.0,1.391429004490782,2.9513018206
37730,1.391402101598558,,0.0,1.391402101598558,2.98643315
37735,1.3913760257663639,,0.0,1.3913760257663639,2.9823946864
37740,1.3913511604666668,,0.0,1.3913511604666668,2.9998749762
37745,1.391327624770101,,0.0,1.391327624770101,3.0173012907
37750,1.3913052876694116,,0.0,1.3913052876694116,3.0421047992
37755,1.3912838363796625,,0.0,1.3912838363796625,3.0789276377
37760,1.3912629206690332,,0.0,1.3912629206690332,3.0911617325
37765,1.3912421125926184,,0.0,1.3912421125926184,3.0418041864
37770,1.3912210044181903,,0.0,1.3912210044181903,3.0049106591
37775,1.3911993408157473,,0.0,1.3911993408157473,2.9834566506
37780,1.3911769643583138,,0.0,1.3911769643583138,2.9463770773
37785,1.3911537076830998,,0.0,1.3911537076830998,2.9298422819
37790,1.3911294143635318,,0.0,1.3911294143635318,2.9567176017
37795,1.3911039463440653,,0.0,1.3911039463440653,2.9722315171
37800,1.391077358328528,,0.0,1.391077358328528,2.9761406607
37805,1.3910500356537734,,0.0,1.3910500356537734,2.9750206565
37810,1.3910226909701637,,0.0,1.3910226909701637,2.9975577506
37815,1.3909962505594677,,0.0,1.3909962505594677,2.9840804697
37820,1.3909713941724478,,0.0,1.3909713941724478,2.9874334717
37825,1.3909485676475717,,0.0,1.3909485676475717,2.9813055994
37830,1.3909280468458294,,0.0,1.3909280468458294,2.9617407364
37835,1.3909100161368535,,0.0,1.3909100161368535,2.9290565562
37840,1.3908943205719395,,0.0,1.3908943205719395,2.9100032972
37845,1.3908803951510387,,0.0,1.3908803951510387,2.9039646674
37850,1.3908667350641644,,0.0,1.3908667350641644,2.8779219253
37855,1.3908514408198074,,0.0,1.3908514408198074,2.8717318453
37860,1.3908330389615042,,0.0,1.3908330389615042,2.8928502655
37865,1.3908108202720926,,0.0,1.3908108202720926,2.9080567008
37870,1.3907852044431568,,0.0,1.3907852044431568,2.9214929782
37875,1.390757546519883,,0.0,1.390757546519883,2.9468220903
37880,1.390728960268562,,0.0,1.390728960268562,2.9753055192
37885,1.3907001343526335,,0.0,1.3907001343526335,2.9693476772
37890,1.3906712412505824,,0.0,1.3906712412505824,2.9856330853
37895,1.390641874776258,,0.0,1.390641874776258,3.0022302423
37900,1.3906115152887704,,0.0,1.3906115152887704,3.0174785233
37905,1.390579682253874,,0.0,1.390579682253874,3.0617559375
37910,1.3905463716244864,,0.0,1.3905463716244864,3.0880689872
37915,1.3905120367875667,,0.0,1.3905120367875667,3.0583045972
37920,1.3904774113109846,,0.0,1.3904774113109846,3.0327953812
37925,1.3904435359998588,,0.0,1.3904435359998588,3.0003160288
37930,1.390411451522889,,0.0,1.390411451522889,2.9644761021
37935,1.3903821067391093,,0.0,1.3903821067391093,2.9456036484
37940,1.3903561237169835,,0.0,1.3903561237169835,2.9924623458
37945,1.390333556341828,,0.0,1.390333556341828,3.0202093147
37950,1.3903140714114008,,0.0,1.3903140714114008,3.0203580626
37955,1.3902972182216395,,0.0,1.3902972182216395,3.0171751543
37960,1.390282513987393,,0.0,1.390282513987393,3.0290624483
37965,1.390269491111438,,0.0,1.390269491111438,3.0232646699
37970,1.390257462271785,,0.0,1.390257462271785,3.0170195652
37975,1.3902459311778481,,0.0,1.3902459311778481,3.0013751377
37980,1.3902347283523495,,0.0,1.3902347283523495,2.9837211584
37985,1.3902240656759914,,0.0,1.3902240656759914,2.9435623919
37990,1.3902141534606627,,0.0,1.3902141534606627,2.9254070626
37995,1.3902050853576795,,0.0,1.3902050853576795,2.9170396765
38000,1.3901965411927688,,0.0,1.3901965411927688,2.906200583
38005,1.3901880343837971,,0.0,1.3901880343837971,2.9003459861
38010,1.390179218836972,,0.0,1.390179218836972,2.9053600895
38015,1.390170018794541,,0.0,1.390170018794541,2.9330349657
38020,1.3901604674062045,,0.0,1.3901604674062045,2.9561412291
38025,1.3901505456870524,,0.0,1.3901505456870524,2.9836019903
38030,1.3901399888714678,,0.0,1.3901399888714678,3.0009934907
38035,1.3901283143334544,,0.0,1.3901283143334544,3.0074924456
38040,1.390115040038162,,0.0,1.390115040038162,2.9994949318
38045,1.3901000101956384,,0.0,1.3901000101956384,3.0048279397
38050,1.3900835636694935,,0.0,1.3900835636694935,3.0232616001
38055,1.3900665071706608,,0.0,1.3900665071706608,3.0629515023
38060,1.3900499629688534,,0.0,1.3900499629688534,3.0706667437
38065,1.3900349598643602,,0.0,1.3900349598643602,3.0496342716
38070,1.3900222720550335,,0.0,1.3900222720550335,3.0035979369
38075,1.3900121912718835,,0.0,1.3900121912718835,2.9487222376
38080,1.390004464981489,,0.0,1.390004464981489,2.9211617935
38085,1.3899983732578332,,0.0,1.3899983732578332,2.884169965
38090,1.389992867201631,,0.0,1.389992867201631,2.8989703642
38095,1.3899867810938706,,0.0,1.3899867810938706,2.9341302916
38100,1.3899791553666638,,0.0,1.3899791553666638,2.9538040269
38105,1.3899694954346566,,0.0,1.3899694954346566,2.947895535
38110,1.389957739773095,,0.0,1.389957739773095,2.9379505027
38115,1.3899441483956834,,0.0,1.3899441483956834,2.95342026
38120,1.3899291067529576,,0.0,1.3899291067529576,2.9497669201
38125,1.3899130496789582,,0.0,1.3899130496789582,2.9395922291
38130,1.3898964019582285,,0.0,1.3898964019582285,2.9191563988
38135,1.389879510821382,,0.0,1.389879510821382,2.8890397844
38140,1.3898625164611864,,0.0,1.3898625164611864,2.8565408629
38145,1.3898453640601323,,0.0,1.3898453640601323,2.8417896359
38150,1.3898277224395197,,0.0,1.3898277224395197,2.820941764
38155,1.3898091431461914,,0.0,1.3898091431461914,2.8117403321
38160,1.389789351910708,,0.0,1.389789351910708,2.8029763922
38165,1.3897685276686982,,0.0,1.3897685276686982,2.8336126563
38170,1.3897472046805697,,0.0,1.3897472046805697,2.8665309505
38175,1.389726143957051,,0.0,1.389726143957051,2.8877265805
38180,1.3897061920887572,,0.0,1.3897061920887572,2.9084186421
38185,1.389688069320015,,0.0,1.389688069320015,2.9174972409
38190,1.3896722783530808,,0.0,1.3896722783530808,2.9129042393
38195,1.3896590549873704,,0.0,1.3896590549873704,2.9173775717
38200,1.3896483859902873,,0.0,1.3896483859902873,2.9472777139
38205,1.3896401540646386,,0.0,1.3896401540646386,2.9918284821
38210,1.3896341726580945,,0.0,1.3896341726580945,3.0065574365
38215,1.3896301225740484,,0.0,1.3896301225740484,2.987139975
38220,1.389627623045667,,0.0,1.389627623045667,2.942190725
38225,1.3896262251650655,,0.0,1.3896262251650655,2.8939077415
38230,1.389625409586928,,0.0,1.389625409586928,2.879151158
38235,1.3896246297277066,,0.0,1.3896246297277066,2.8659607549
38240,1.3896233910020483,,0.0,1.3896233910020483,2.8635468335
38245,1.3896212661926124,,0.0,1.3896212661926124,2.8829997236
38250,1.3896179673881068,,0.0,1.3896179673881068,2.9201352826
38255,1.3896134263337976,,0.0,1.3896134263337976,2.9517618681
38260,1.3896077558023303,,0.0,1.3896077558023303,2.9518554841
38265,1.3896011244752078,,0.0,1.3896011244752078,2.9592163555
38270,1.3895936632460029,,0.0,1.3895936632460029,2.9769289111
38275,1.3895854591724692,,0.0,1.3895854591724692,2.9805852168
38280,1.38957682683572,,0.0,1.38957682683572,2.9743664869
38285,1.3895684697460768,,0.0,1.3895684697460768,2.9638105398
38290,1.3895613389225336,,0.0,1.3895613389225336,2.9490123554
38295,1.389556331089513,,0.0,1.389556331089513,2.9295397001
38300,1.3895540181816708,,0.0,1.3895540181816708,2.9137572845
38305,1.389554563196405,,0.0,1.389554563196405,2.8963894114
38310,1.389557790904124,,0.0,1.389557790904124,2.8941185052
38315,1.3895633684891044,,0.0,1.3895633684891044,2.935152346
38320,1.3895710467374425,,0.0,1.3895710467374425,2.9530134029
38325,1.3895806056060611,,0.0,1.3895806056060611,2.9675958981
38330,1.3895916556200778,,0.0,1.3895916556200778,2.9883361812
38335,1.3896035604552939,,0.0,1.3896035604552939,3.0013702673
38340,1.3896155311124472,,0.0,1.3896155311124472,2.9945904675
38345,1.3896268546683384,,0.0,1.3896268546683384,3.0061425083
38350,1.389637118547882,,0.0,1.389637118547882,3.0257385363
38355,1.389646242878033,,0.0,1.389646242878033,3.0421571397
38360,1.3896542147445046,,0.0,1.3896542147445046,3.0620218248
38365,1.3896606894176904,,0.0,1.3896606894176904,3.0457918378
38370,1.3896650078824433,,0.0,1.3896650078824433,2.9963089544
38375,1.3896662912624316,,0.0,1.3896662912624316,2.9445982592
38380,1.3896635870153204,,0.0,1.3896635870153204,2.9171109233
38385,1.3896561003667975,,0.0,1.3896561003667975,2.892453053
38390,1.3896432738880424,,0.0,1.3896432738880424,2.8981863851
38395,1.3896248796691768,,0.0,1.3896248796691768,2.9075160717
38400,1.3896011272035782,,0.0,1.3896011272035782,2.948356614
38405,1.389572707428328,,0.0,1.389572707428328,2.9791137054
38410,1.389540924686394,,0.0,1.389540924686394,2.9927544003
38415,1.3895076979771337,,0.0,1.3895076979771337,2.9930977034
38420,1.3894753349335407,,0.0,1.3894753349335407,3.0116958717
38425,1.3894461797715076,,0.0,1.3894461797715076,3.0236434093
38430,1.3894222815427177,,0.0,1.3894222815427177,3.028082378
38435,1.3894051551976014,,0.0,1.3894051551976014,3.0068996972
38440,1.3893955684768682,,0.0,1.3893955684768682,2.9861800101
38445,1.3893934689048588,,0.0,1.3893934689048588,2.9654236091
38450,1.3893980138243593,,0.0,1.3893980138243593,2.9574798087
38455,1.3894077225714614,,0.0,1.3894077225714614,2.9408764581
38460,1.3894208707478295,,0.0,1.3894208707478295,2.9399791494
38465,1.3894360148408658,,0.0,1.3894360148408658,2.9737459555
38470,1.389452196715077,,0.0,1.389452196715077,2.9896853977
38475,1.3894689159191123,,0.0,1.3894689159191123,2.9933034907
38480,1.3894859808304205,,0.0,1.3894859808304205,3.0165479627
38485,1.3895032078069336,,0.0,1.3895032078069336,3.0483877976
38490,1.3895202106250775,,0.0,1.3895202106250775,3.0457121251
38495,1.3895363912487857,,0.0,1.3895363912487857,3.0428477353
38500,1.389550966226482,,0.0,1.389550966226482,3.0599864378
38505,1.3895631802315431,,0.0,1.3895631802315431,3.0697041507
38510,1.389572717659717,,0.0,1.389572717659717,3.0972841443
38515,1.389579730685866,,0.0,1.389579730685866,3.102214041
38520,1.3895846776080165,,0.0,1.3895846776080165,3.0616243471
38525,1.3895884080407275,,0.0,1.3895884080407275,3.0035254736
38530,1.3895921317889313,,0.0,1.3895921317889313,2.9563736589
38535,1.389597234159988,,0.0,1.389597234159988,2.9209598635
38540,1.3896051453884264,,0.0,1.3896051453884264,2.9133313172
38545,1.389617073392055,,0.0,1.389617073392055,2.9205698579
38550,1.389633806783617,,0.0,1.389633806783617,2.9348443381
38555,1.3896555216112152,,0.0,1.3896555216112152,2.9518890532
38560,1.3896817992291408,,0.0,1.3896817992291408,2.9679795175
38565,1.389711641622218,,0.0,1.389711641622218,2.9785843284
38570,1.3897435113991696,,0.0,1.3897435113991696,2.9943506911
38575,1.3897755700475658,,0.0,1.3897755700475658,3.0088943843
38580,1.3898062448892048,,0.0,1.3898062448892048,2.9991218137
38585,1.3898346711215983,,0.0,1.3898346711215983,2.9647104406
38590,1.3898608076827716,,0.0,1.3898608076827716,2.9285107249
38595,1.389885282302556,,0.0,1.389885282302556,2.9118450308
38600,1.3899090655987405,,0.0,1.3899090655987405,2.8928427757
38605,1.3899331240738217,,0.0,1.3899331240738217,2.8826541664
38610,1.3899581942286667,,0.0,1.3899581942286667,2.8798653993
38615,1.3899845128403583,,0.0,1.3899845128403583,2.9146958623
38620,1.3900119671589874,,0.0,1.3900119671589874,2.9440216179
38625,1.3900402371466998,,0.0,1.3900402371466998,2.931264919
38630,1.3900689827121184,,0.0,1.3900689827121184,2.9573782954
38635,1.3900980323089513,,0.0,1.3900980323089513,2.988651063
38640,1.3901273998973604,,0.0,1.3901273998973604,2.9831791343
38645,1.3901573508568454,,0.0,1.3901573508568454,2.9892959338
38650,1.3901884306113959,,0.0,1.3901884306113959,2.9898737546
38655,1.3902214034230491,,0.0,1.3902214034230491,3.0125934829
38660,1.3902571252043519,,0.0,1.3902571252043519,3.041054628
38665,1.3902962726821229,,0.0,1.3902962726821229,3.050010608
38670,1.3903390271793146,,0.0,1.3903390271793146,3.0239066584
38675,1.3903849425618855,,0.0,1.3903849425618855,2.9794770727
38680,1.3904330683337787,,0.0,1.3904330683337787,2.9421655756
38685,1.3904821345749674,,0.0,1.3904821345749674,2.9215692381
38690,1.3905306697615836,,0.0,1.3905306697615836,2.907794042
38695,1.390577218967347,,0.0,1.390577218967347,2.9175488004
38700,1.3906205237313864,,0.0,1.3906205237313864,2.9437570848
38705,1.3906595639387258,,0.0,1.3906595639387258,2.9655913226
38710,1.3906938086484746,,0.0,1.3906938086484746,3.0140902474
38715,1.390723452802702,,0.0,1.390723452802702,3.0499198277
38720,1.3907492490678703,,0.0,1.3907492490678703,3.0603222198
38725,1.3907722241070446,,0.0,1.3907722241070446,3.0794724286
38730,1.3907938480799067,,0.0,1.3907938480799067,3.0926618645
38735,1.3908160861180126,,0.0,1.3908160861180126,3.0735523593
38740,1.3908410277893457,,0.0,1.3908410277893457,3.0378385823
38745,1.3908706696244582,,0.0,1.3908706696244582,3.022119535
38750,1.3909064544083822,,0.0,1.3909064544083822,2.9875348006
38755,1.3909488368922627,,0.0,1.3909488368922627,2.9732320037
38760,1.3909972011237337,,0.0,1.3909972011237337,2.9678209221
38765,1.3910497096589771,,0.0,1.3910497096589771,2.9818300338
38770,1.391103756244854,,0.0,1.391103756244854,2.9911610894
38775,1.391156467429813,,0.0,1.391156467429813,2.9850564131
38780,1.391205834587526,,0.0,1.391205834587526,2.979730997
38785,1.391250941303831,,0.0,1.391250941303831,3.0127407035
38790,1.3912918137483479,,0.0,1.3912918137483479,3.0252047594
38795,1.3913290103048264,,0.0,1.3913290103048264,3.0261222799
38800,1.3913635256234513,,0.0,1.3913635256234513,3.0374904833
38805,1.391396461920413,,0.0,1.391396461920413,3.04014954
38810,1.3914289114533496,,0.0,1.3914289114533496,3.0451413683
38815,1.391461924894986,,0.0,1.391461924894986,3.067775559
38820,1.3914964114747754,,0.0,1.3914964114747754,3.0578524202
38825,1.3915328635726392,,0.0,1.3915328635726392,3.0225449059
38830,1.3915713456690657,,0.0,1.3915713456690657,2.9822163956
38835,1.391611630354378,,0.0,1.391611630354378,2.9585860436
38840,1.3916531226846618,,0.0,1.3916531226846618,2.9376306326
38845,1.391694776238903,,0.0,1.391694776238903,2.9482563026
38850,1.3917353324425479,,0.0,1.3917353324425479,2.9547096466
38855,1.3917736867602917,,0.0,1.3917736867602917,2.9685730526
38860,1.391809208051839,,0.0,1.391809208051839,2.9981934911
38865,1.3918419088904308,,0.0,1.3918419088904308,3.0475293167
38870,1.3918724055240062,,0.0,1.3918724055240062,3.0672267811
38875,1.3919015971097848,,0.0,1.3919015971097848,3.0842443177
38880,1.3919303343536737,,0.0,1.3919303343536737,3.1018825101
38885,1.3919593950458797,,0.0,1.3919593950458797,3.0983821717
38890,1.391989352303353,,0.0,1.391989352303353,3.0795954201
38895,1.3920204627293349,,0.0,1.3920204627293349,3.0651467674
38900,1.3920524783604238,,0.0,1.3920524783604238,3.0391851396
38905,1.392084581685886,,0.0,1.392084581685886,3.0226467649
38910,1.392115884416512,,0.0,1.392115884416512,3.0212175433
38915,1.3921456172200428,,0.0,1.3921456172200428,3.0306086013
38920,1.3921734655835742,,0.0,1.3921734655835742,3.0472265493
38925,1.3921996770612528,,0.0,1.3921996770612528,3.0653532637
38930,1.3922251313706577,,0.0,1.3922251313706577,3.0582124667
38935,1.3922510916790993,,0.0,1.3922510916790993,3.0945191126
38940,1.3922787360287305,,0.0,1.3922787360287305,3.1338537008
38945,1.3923088382081479,,0.0,1.3923088382081479,3.1213776015
38950,1.392341608665659,,0.0,1.392341608665659,3.1245017789
38955,1.3923769371523609,,0.0,1.3923769371523609,3.1371405956
38960,1.3924146527813182,,0.0,1.3924146527813182,3.1546006754
38965,1.3924544192808717,,0.0,1.3924544192808717,3.1782264924
38970,1.392495517998245,,0.0,1.392495517998245,3.1735150152
38975,1.392536854538576,,0.0,1.392536854538576,3.1220510036
38980,1.392577246721684,,0.0,1.392577246721684,3.0724740045
38985,1.3926157718808907,,0.0,1.3926157718808907,3.0567093744
38990,1.392652022829643,,0.0,1.392652022829643,3.0407785059
38995,1.392686136463928,,0.0,1.392686136463928,3.0381846853
39000,1.3927185213799576,,0.0,1.3927185213799576,3.0425369431
39005,1.3927495758288722,,0.0,1.3927495758288722,3.0636842818
39010,1.392779556845905,,0.0,1.392779556845905,3.0811130456
39015,1.3928085979393166,,0.0,1.3928085979393166,3.0882832937
39020,1.392836805470082,,0.0,1.392836805470082,3.1005981802
39025,1.392864185258725,,0.0,1.392864185258725,3.1087976888
39030,1.3928905106686063,,0.0,1.3928905106686063,3.1177455687
39035,1.3929152823169872,,0.0,1.3929152823169872,3.1152851401
39040,1.392937855580876,,0.0,1.392937855580876,3.0905959067
39045,1.3929576743046916,,0.0,1.3929576743046916,3.0756625544
39050,1.3929744382994753,,0.0,1.3929744382994753,3.0526326857
39055,1.3929880721939931,,0.0,1.3929880721939931,3.0302583427
39060,1.3929986398093772,,0.0,1.3929986398093772,3.0269446785
39065,1.3930061674061938,,0.0,1.3930061674061938,3.0459204554
39070,1.3930108101605114,,0.0,1.3930108101605114,3.068686542
39075,1.3930129972222667,,0.0,1.3930129972222667,3.0893883713
39080,1.3930135420778458,,0.0,1.3930135420778458,3.0837319331
39085,1.393013653759143,,0.0,1.393013653759143,3.1058113976
39090,1.3930147253266387,,0.0,1.3930147253266387,3.1413384469
39095,1.3930180870882922,,0.0,1.3930180870882922,3.1398835649
39100,1.3930249206104017,,0.0,1.3930249206104017,3.1470401777
39105,1.3930361032459588,,0.0,1.3930361032459588,3.1553252306
39110,1.3930521566139218,,0.0,1.3930521566139218,3.1457249356
39115,1.393073227750721,,0.0,1.393073227750721,3.1456979825
39120,1.3930990572337996,,0.0,1.3930990572337996,3.1620090895
39125,1.3931289286612856,,0.0,1.3931289286612856,3.1320505153
39130,1.3931617157618565,,0.0,1.3931617157618565,3.0808861215
39135,1.3931960347742274,,0.0,1.3931960347742274,3.0245013854
39140,1.3932304300672889,,0.0,1.3932304300672889,3.0161308237
39145,1.3932636461586405,,0.0,1.3932636461586405,2.9953406283
39150,1.3932948601262811,,0.0,1.3932948601262811,3.0042645998
39155,1.3933233095043507,,0.0,1.3933233095043507,3.0298518839
39160,1.3933486085694768,,0.0,1.3933486085694768,3.06362512
39165,1.3933709750683578,,0.0,1.3933709750683578,3.068646075
39170,1.3933910188145266,,0.0,1.3933910188145266,3.1021795152
39175,1.3934098716497292,,0.0,1.3934098716497292,3.117085886
39180,1.3934287518595818,,0.0,1.3934287518595818,3.1327926979
39185,1.3934487383781804,,0.0,1.3934487383781804,3.139073236
39190,1.3934706644271246,,0.0,1.3934706644271246,3.1355627502
39195,1.393494972911885,,0.0,1.393494972911885,3.1056935806
39200,1.393521491035666,,0.0,1.393521491035666,3.0821095591
39205,1.3935494021289816,,0.0,1.3935494021289816,3.0427671484
39210,1.3935773480772298,,0.0,1.3935773480772298,3.0183531474
39215,1.3936036294921377,,0.0,1.3936036294921377,3.0195450916
39220,1.3936267208053659,,0.0,1.3936267208053659,3.0057575892
39225,1.3936458739432096,,0.0,1.3936458739432096,3.0252815187
39230,1.3936613095853654,,0.0,1.3936613095853654,3.0138034949
39235,1.3936740069894618,,0.0,1.3936740069894618,3.0094539583
39240,1.393685302920602,,0.0,1.393685302920602,3.0416368018
39245,1.393696417733417,,0.0,1.393696417733417,3.0429125529
39250,1.3937080911346094,,0.0,1.3937080911346094,3.0292068925
39255,1.3937205210219827,,0.0,1.3937205210219827,3.0294115412
39260,1.3937333015049593,,0.0,1.3937333015049593,3.0508566429
39265,1.3937453950069922,,0.0,1.3937453950069922,3.0554882143
39270,1.3937551873559124,,0.0,1.3937551873559124,3.0531921219
39275,1.3937610898216048,,0.0,1.3937610898216048,3.0190196981
39280,1.3937622574504764,,0.0,1.3937622574504764,2.9727761806
39285,1.39375908371902,,0.0,1.39375908371902,2.9353641562
39290,1.3937531463756585,,0.0,1.3937531463756585,2.9158300504
39295,1.3937467264517733,,0.0,1.3937467264517733,2.906949463
39300,1.39374221750129,,0.0,1.39374221750129,2.917905948
39305,1.3937414454633974,,0.0,1.3937414454633974,2.9260692322
39310,1.393745167324478,,0.0,1.393745167324478,2.922549356
39315,1.393753159426364,,0.0,1.393753159426364,2.9415307202
39320,1.3937646059408169,,0.0,1.3937646059408169,2.9705345311
39325,1.3937784091989305,,0.0,1.3937784091989305,2.9821970585
39330,1.3937934329253572,,0.0,1.3937934329253572,2.9925723307
39335,1.393808387510329,,0.0,1.393808387510329,2.9769972064
39340,1.3938222214853468,,0.0,1.3938222214853468,2.9587957099
39345,1.3938344941276364,,0.0,1.3938344941276364,2.9269629289
39350,1.3938455312728393,,0.0,1.3938455312728393,2.8877425849
39355,1.3938557984491637,,0.0,1.3938557984491637,2.8602392078
39360,1.3938656153761544,,0.0,1.3938656153761544,2.8532705841
39365,1.3938751417316917,,0.0,1.3938751417316917,2.8651840045
39370,1.3938844528188001,,0.0,1.3938844528188001,2.8818307104
39375,1.393893476221981,,0.0,1.393893476221981,2.9000772167
39380,1.393902026298361,,0.0,1.393902026298361,2.9173478882
39385,1.3939098663163305,,0.0,1.3939098663163305,2.9149553248
39390,1.3939169669231708,,0.0,1.3939169669231708,2.9370321181
39395,1.3939236050257464,,0.0,1.3939236050257464,2.9627338894
39400,1.393930080562916,,0.0,1.393930080562916,2.9635648721
39405,1.3939365210632617,,0.0,1.3939365210632617,2.9757940291
39410,1.3939427645070515,,0.0,1.3939427645070515,2.9785830135
39415,1.3939482348670733,,0.0,1.3939482348670733,2.9827015251
39420,1.3939520232321836,,0.0,1.3939520232321836,2.9806112842
39425,1.3939532893779654,,0.0,1.3939532893779654,2.967676163
39430,1.39395171176596,,0.0,1.39395171176596,2.9252897178
39435,1.3939476298054525,,0.0,1.3939476298054525,2.8758319838
39440,1.3939418710794103,,0.0,1.3939418710794103,2.8446082121
39445,1.3939354023859032,,0.0,1.3939354023859032,2.8389185106
39450,1.3939289477662404,,0.0,1.3939289477662404,2.8409908934
39455,1.3939226164916585,,0.0,1.3939226164916585,2.8725139839
39460,1.3939157783313194,,0.0,1.3939157783313194,2.8829886737
39465,1.3939073807026385,,0.0,1.3939073807026385,2.9043442439
39470,1.3938966090733536,,0.0,1.3938966090733536,2.9430157663
39475,1.3938832133428398,,0.0,1.3938832133428398,2.9779518364
39480,1.3938675125940219,,0.0,1.3938675125940219,2.9874613487
39485,1.3938501882601564,,0.0,1.3938501882601564,2.998258396
39490,1.3938319304143403,,0.0,1.3938319304143403,2.984588445
39495,1.393813222137299,,0.0,1.393813222137299,2.9654415959
39500,1.3937943854222188,,0.0,1.3937943854222188,2.9235534613
39505,1.3937756484972876,,0.0,1.3937756484972876,2.9059060154
39510,1.39375720150719,,0.0,1.39375720150719,2.8941864778
39515,1.393739137466622,,0.0,1.393739137466622,2.8935708974
39520,1.3937213616783923,,0.0,1.3937213616783923,2.9065619725
39525,1.3937036506207514,,0.0,1.3937036506207514,2.9180181327
39530,1.3936858414554565,,0.0,1.3936858414554565,2.9513314434
39535,1.3936679327728492,,0.0,1.3936679327728492,2.9553360833
39540,1.3936499264373163,,0.0,1.3936499264373163,2.9792505249
39545,1.3936316836657472,,0.0,1.3936316836657472,3.0018284773
39550,1.3936128976528843,,0.0,1.3936128976528843,3.0147341556
39555,1.3935931758316924,,0.0,1.3935931758316924,3.0304965404
39560,1.3935722990230788,,0.0,1.3935722990230788,3.0637932942
39565,1.3935503791811772,,0.0,1.3935503791811772,3.1028279067
39570,1.3935277506450505,,0.0,1.3935277506450505,3.11063621
39575,1.3935048734406934,,0.0,1.3935048734406934,3.0967654875
39580,1.3934821457055644,,0.0,1.3934821457055644,3.0457454633
39585,1.3934598460517593,,0.0,1.3934598460517593,3.004801552
39590,1.3934380601955836,,0.0,1.3934380601955836,2.9823795608
39595,1.3934166916891413,,0.0,1.3934166916891413,2.9657924037
39600,1.3933953672004091,,0.0,1.3933953672004091,2.9454230439
39605,1.3933734333528724,,0.0,1.3933734333528724,2.9629680609
39610,1.3933500208194962,,0.0,1.3933500208194962,2.9739329496
39615,1.393324269663386,,0.0,1.393324269663386,2.9889353508
39620,1.3932958133734445,,0.0,1.3932958133734445,2.9965417096
39625,1.3932650312159012,,0.0,1.3932650312159012,3.006351985
39630,1.3932327257636608,,0.0,1.3932327257636608,3.007269689
39635,1.393199589090626,,0.0,1.393199589090626,3.0199929918
39640,1.3931659421441067,,0.0,1.3931659421441067,3.0138492104
39645,1.3931317860381882,,0.0,1.3931317860381882,3.0076990892
39650,1.3930969666426765,,0.0,1.3930969666426765,2.9718840401
39655,1.3930614082907637,,0.0,1.3930614082907637,2.9560968722
39660,1.3930251448597166,,0.0,1.3930251448597166,2.9417239266
39665,1.392988435317364,,0.0,1.392988435317364,2.9298979301
39670,1.392951796326124,,0.0,1.392951796326124,2.9447211291
39675,1.3929159881918964,,0.0,1.3929159881918964,2.9519959761
39680,1.392881776222593,,0.0,1.392881776222593,2.9787323116
39685,1.3928496654850573,,0.0,1.3928496654850573,2.9645875942
39690,1.3928197229153116,,0.0,1.3928197229153116,2.9742660214
39695,1.392791558470063,,0.0,1.392791558470063,2.9936322817
39700,1.3927643814220811,,0.0,1.3927643814220811,3.0054489128
39705,1.392737164767255,,0.0,1.392737164767255,3.0194467464
39710,1.3927088868445319,,0.0,1.3927088868445319,3.0327532249
39715,1.3926784184268541,,0.0,1.3926784184268541,3.0222367138
39720,1.3926447239157436,,0.0,1.3926447239157436,3.0273010616
39725,1.3926071093501753,,0.0,1.3926071093501753,3.0359727913
39730,1.3925649259009194,,0.0,1.3925649259009194,3.0262304361
39735,1.3925175483391499,,0.0,1.3925175483391499,2.9947406487
39740,1.3924644880364552,,0.0,1.3924644880364552,2.97823559
39745,1.3924059201542185,,0.0,1.3924059201542185,2.9627871151
39750,1.3923426501756064,,0.0,1.3923426501756064,2.9320840791
39755,1.3922759757136067,,0.0,1.3922759757136067,2.9459683474
39760,1.3922075437490435,,0.0,1.3922075437490435,2.9443130462
39765,1.3921391870647684,,0.0,1.3921391870647684,2.9607253412
39770,1.3920726519315532,,0.0,1.3920726519315532,2.9544502754
39775,1.3920093366392554,,0.0,1.3920093366392554,2.9730336735
39780,1.3919500193646006,,0.0,1.3919500193646006,2.9887263876
39785,1.391894875018872,,0.0,1.391894875018872,2.9885898384
39790,1.3918437522911908,,0.0,1.3918437522911908,2.9819676295
39795,1.3917965130578034,,0.0,1.3917965130578034,2.9605106064
39800,1.3917532980116791,,0.0,1.3917532980116791,2.9291776113
39805,1.3917145507858537,,0.0,1.3917145507858537,2.8936372772
39810,1.3916807947727259,,0.0,1.3916807947727259,2.8787194162
39815,1.3916523678809758,,0.0,1.3916523678809758,2.8669140451
39820,1.3916289062824043,,0.0,1.3916289062824043,2.854507801
39825,1.3916091486740867,,0.0,1.3916091486740867,2.8741462629
39830,1.3915912441067717,,0.0,1.3915912441067717,2.8862897614
39835,1.3915733390619918,,0.0,1.3915733390619918,2.8859783863
39840,1.3915540583955657,,0.0,1.3915540583955657,2.8928245219
39845,1.3915327046905333,,0.0,1.3915327046905333,2.9123393131
39850,1.3915093761227575,,0.0,1.3915093761227575,2.9175421403
39855,1.391484854620474,,0.0,1.391484854620474,2.9046125044
39860,1.391460314860845,,0.0,1.391460314860845,2.9241935145
39865,1.3914369123769665,,0.0,1.3914369123769665,2.9533758685
39870,1.39141532787453,,0.0,1.39141532787453,2.990562209
39875,1.3913956235149092,,0.0,1.3913956235149092,3.0247665204
39880,1.391377244188399,,0.0,1.391377244188399,3.0213838709
39885,1.3913594099675686,,0.0,1.3913594099675686,2.9596622003
39890,1.3913414512875728,,0.0,1.3913414512875728,2.9257078985
39895,1.3913229990680986,,0.0,1.3913229990680986,2.9022879457
39900,1.3913039832127616,,0.0,1.3913039832127616,2.8752683919
39905,1.391284401470656,,0.0,1.391284401470656,2.9057036944
39910,1.3912641371812091,,0.0,1.3912641371812091,2.9395105125
39915,1.391242942653856,,0.0,1.391242942653856,2.9618521896
39920,1.3912205971179545,,0.0,1.3912205971179545,2.9713971632
39925,1.3911968863282147,,0.0,1.3911968863282147,2.9858894581
39930,1.391171866102549,,0.0,1.391171866102549,3.0053601662
39935,1.391145678975577,,0.0,1.391145678975577,3.0015638727
39940,1.3911185374646202,,0.0,1.3911185374646202,2.9957328605
39945,1.3910907209320773,,0.0,1.3910907209320773,2.983273447
39950,1.3910625757218402,,0.0,1.3910625757218402,2.959292435
39955,1.3910346380951217,,0.0,1.3910346380951217,2.9235570471
39960,1.3910076701767353,,0.0,1.3910076701767353,2.9171034427
39965,1.3909826189840648,,0.0,1.3909826189840648,2.9004925836
39970,1.3909602822244218,,0.0,1.3909602822244218,2.8792853979
39975,1.3909409173877674,,0.0,1.3909409173877674,2.8866240101
39980,1.3909243908294222,,0.0,1.3909243908294222,2.9088833816
39985,1.3909099304660215,,0.0,1.3909099304660215,2.9099488644
39990,1.390896559313578,,0.0,1.390896559313578,2.9260098199
39995,1.390883301297563,,0.0,1.390883301297563,2.9501224081
40000,1.3908690086152629,,0.0,1.3908690086152629,2.9682599738
40005,1.3908528020038262,,0.0,1.3908528020038262,2.9621137764
40010,1.3908342157986262,,0.0,1.3908342157986262,2.9866194119
40015,1.3908131148543799,,0.0,1.3908131148543799,3.0071905983
40020,1.3907897834218153,,0.0,1.3907897834218153,3.0474820587
40025,1.3907644386564841,,0.0,1.3907644386564841,3.0837358219
40030,1.3907369823143136,,0.0,1.3907369823143136,3.0853721812
40035,1.390707400503351,,0.0,1.390707400503351,3.0431084514
40040,1.3906757902171658,,0.0,1.3906757902171658,3.0079189587
40045,1.3906423769101033,,0.0,1.3906423769101033,2.9850549408
40050,1.3906076424123852,,0.0,1.3906076424123852,2.9541863167
40055,1.3905723679246815,,0.0,1.3905723679246815,2.9512794574
40060,1.3905374288446526,,0.0,1.3905374288446526,2.9927385395
40065,1.3905034606552489,,0.0,1.3905034606552489,3.0141790647
40070,1.390470936956109,,0.0,1.390470936956109,3.0245407359
40075,1.3904402508372056,,0.0,1.3904402508372056,3.0205769583
40080,1.39041176198871,,0.0,1.39041176198871,3.0309193769
40085,1.3903859021525102,,0.0,1.3903859021525102,3.0227889441
40090,1.3903629488948268,,0.0,1.3903629488948268,3.0152349876
40095,1.3903429196317578,,0.0,1.3903429196317578,2.9983130318
40100,1.3903257357862342,,0.0,1.3903257357862342,2.9747976268
40105,1.3903113667550342,,0.0,1.3903113667550342,2.9256734465
40110,1.3902994648528162,,0.0,1.3902994648528162,2.9169699073
40115,1.3902894733101168,,0.0,1.3902894733101168,2.905085228
40120,1.3902805031556327,,0.0,1.3902805031556327,2.8874975993
40125,1.3902717017053885,,0.0,1.3902717017053885,2.8746674781
40130,1.3902625020040036,,0.0,1.3902625020040036,2.8953793693
40135,1.390252816311632,,0.0,1.390252816311632,2.9031734331
40140,1.3902428825649131,,0.0,1.3902428825649131,2.9391747011
40145,1.3902328909540045,,0.0,1.3902328909540045,2.9682456734
40150,1.3902228043048581,,0.0,1.3902228043048581,2.9895002836
40155,1.3902125271699814,,0.0,1.3902125271699814,2.9776600605
40160,1.39020201746426,,0.0,1.39020201746426,2.9981646143
40165,1.3901912185285341,,0.0,1.3901912185285341,3.012819344
40170,1.3901801484155216,,0.0,1.3901801484155216,3.0453793277
40175,1.3901688820417282,,0.0,1.3901688820417282,3.07723351
40180,1.3901575047596755,,0.0,1.3901575047596755,3.0791152714
40185,1.3901460110898867,,0.0,1.3901460110898867,3.0338448033
40190,1.3901345636205042,,0.0,1.3901345636205042,2.9847444631
40195,1.3901232720092838,,0.0,1.3901232720092838,2.9684339054
40200,1.3901122944789752,,0.0,1.3901122944789752,2.925794143
40205,1.3901018138986085,,0.0,1.3901018138986085,2.8946492362
40210,1.3900920491971758,,0.0,1.3900920491971758,2.9276227991
40215,1.3900830643322277,,0.0,1.3900830643322277,2.9602050041
40220,1.390074768971966,,0.0,1.390074768971966,2.9612687259
40225,1.3900670158071224,,0.0,1.3900670158071224,2.9375201797
40230,1.3900595206779145,,0.0,1.3900595206779145,2.9597997224
40235,1.3900517874301754,,0.0,1.3900517874301754,2.9527790108
40240,1.3900431376545919,,0.0,1.3900431376545919,2.9538864323
40245,1.390032904742053,,0.0,1.390032904742053,2.9477473499
40250,1.3900205661414078,,0.0,1.3900205661414078,2.9267418963
40255,1.3900059143373467,,0.0,1.3900059143373467,2.8900675172
40260,1.3899890911369241,,0.0,1.3899890911369241,2.871973235
40265,1.3899705029309193,,0.0,1.3899705029309193,2.8483955129
40270,1.3899507087851741,,0.0,1.3899507087851741,2.8174938074
40275,1.389930339589883,,0.0,1.389930339589883,2.8055605809
40280,1.3899100492672345,,0.0,1.3899100492672345,2.8125772014
40285,1.3898904198695918,,0.0,1.3898904198695918,2.8327851786
40290,1.389871693880879,,0.0,1.389871693880879,2.8562085685
40295,1.389853729084786,,0.0,1.389853729084786,2.8786678506
40300,1.3898361556052254,,0.0,1.3898361556052254,2.888576292
40305,1.3898186537908621,,0.0,1.3898186537908621,2.8881828121
40310,1.3898012146380734,,0.0,1.3898012146380734,2.8881431281
40315,1.3897842710255681,,0.0,1.3897842710255681,2.9057633396
40320,1.3897686106338965,,0.0,1.3897686106338965,2.9379127805
40325,1.3897550969013606,,0.0,1.3897550969013606,2.9721055628
40330,1.3897443265680518,,0.0,1.3897443265680518,2.9877514589
40335,1.3897365422543122,,0.0,1.3897365422543122,2.9494858178
40340,1.389731629891521,,0.0,1.389731629891521,2.9047839325
40345,1.3897291350695786,,0.0,1.3897291350695786,2.8703456989
40350,1.3897283504129727,,0.0,1.3897283504129727,2.8522947092
40355,1.389728422782999,,0.0,1.389728422782999,2.8441788919
40360,1.3897284251703232,,0.0,1.3897284251703232,2.8532052269
40365,1.3897275209656188,,0.0,1.3897275209656188,2.8865884111
40370,1.3897252428217632,,0.0,1.3897252428217632,2.9149583218
40375,1.3897215067731563,,0.0,1.3897215067731563,2.9260346882
40380,1.3897164622208165,,0.0,1.3897164622208165,2.9281558095
40385,1.3897102912834716,,0.0,1.3897102912834716,2.9484565195
40390,1.389703062988894,,0.0,1.389703062988894,2.963031666
40395,1.3896947430732982,,0.0,1.3896947430732982,2.9569732776
40400,1.3896853326507688,,0.0,1.3896853326507688,2.94004008
40405,1.38967500922454,,0.0,1.38967500922454,2.9244833701
40410,1.389664156471707,,0.0,1.389664156471707,2.9126034133
40415,1.3896532264605173,,0.0,1.3896532264605173,2.8974462733
40420,1.3896426473632406,,0.0,1.3896426473632406,2.884953132
40425,1.3896329258382705,,0.0,1.3896329258382705,2.868902969
40430,1.3896246344341459,,0.0,1.3896246344341459,2.8930337719
40435,1.3896183649116818,,0.0,1.3896183649116818,2.940305685
40440,1.3896145929850034,,0.0,1.3896145929850034,2.9573596418
40445,1.3896135481100655,,0.0,1.3896135481100655,2.9799130669
40450,1.3896151305876647,,0.0,1.3896151305876647,2.9991115826
40455,1.38961886092943,,0.0,1.38961886092943,3.0044356914
40460,1.3896240446968724,,0.0,1.3896240446968724,3.0048545362
40465,1.3896301825527255,,0.0,1.3896301825527255,3.0122790288
40470,1.389637034286708,,0.0,1.389637034286708,3.0376618286
40475,1.389644562360989,,0.0,1.389644562360989,3.0635933098
40480,1.3896527754836179,,0.0,1.3896527754836179,3.0605022733
40485,1.3896615513781256,,0.0,1.3896615513781256,3.0240742073
40490,1.3896706039066609,,0.0,1.3896706039066609,2.978443712
40495,1.3896796233991773,,0.0,1.3896796233991773,2.9381450542
40500,1.3896884267365444,,0.0,1.3896884267365444,2.9163169069
40505,1.389696958942098,,0.0,1.389696958942098,2.9061089668
40510,1.389705126796514,,0.0,1.389705126796514,2.9056298619
40515,1.3897125910269263,,0.0,1.3897125910269263,2.9183415373
40520,1.3897186823413268,,0.0,1.3897186823413268,2.957223935
40525,1.3897224749808843,,0.0,1.3897224749808843,2.984509488
40530,1.389722951331629,,0.0,1.389722951331629,2.9827413567
40535,1.3897192167836256,,0.0,1.3897192167836256,2.9799936295
40540,1.389710686510668,,0.0,1.389710686510668,2.9978359822
40545,1.3896972502183802,,0.0,1.3896972502183802,3.0050333876
40550,1.3896794692007737,,0.0,1.3896794692007737,2.9970062225
40555,1.3896585571734448,,0.0,1.3896585571734448,2.9803881882
40560,1.3896362250520313,,0.0,1.3896362250520313,2.9627132068
40565,1.3896143916994732,,0.0,1.3896143916994732,2.9432104611
40570,1.3895948563624019,,0.0,1.3895948563624019,2.933133457
40575,1.3895790507759491,,0.0,1.3895790507759491,2.9149962662
40580,1.3895678947192673,,0.0,1.3895678947192673,2.9261719309
40585,1.3895617544306174,,0.0,1.3895617544306174,2.9708999978
40590,1.3895604890351376,,0.0,1.3895604890351376,2.9620128157
40595,1.3895635517446532,,0.0,1.3895635517446532,2.9770871455
40600,1.3895700864647251,,0.0,1.3895700864647251,2.9968439
40605,1.3895791080262558,,0.0,1.3895791080262558,3.0069157129
40610,1.3895897187044204,,0.0,1.3895897187044204,3.0005696781
40615,1.3896012638722015,,0.0,1.3896012638722015,3.0059790711
40620,1.3896134112368144,,0.0,1.3896134112368144,3.0317256874
40625,1.3896260366574036,,0.0,1.3896260366574036,3.05089309
40630,1.3896389089955188,,0.0,1.3896389089955188,3.0622531876
40635,1.3896515691573585,,0.0,1.3896515691573585,3.0379348847
40640,1.3896632928287764,,0.0,1.3896632928287764,2.9976074403
40645,1.3896729450986103,,0.0,1.3896729450986103,2.946507555
40650,1.3896795289748232,,0.0,1.3896795289748232,2.9152604084
40655,1.389682640317542,,0.0,1.389682640317542,2.8864254586
40660,1.3896824783887558,,0.0,1.3896824783887558,2.8894304096
40665,1.389679675124534,,0.0,1.389679675124534,2.8865987977
40670,1.3896752356565512,,0.0,1.3896752356565512,2.908606122
40675,1.389670491588744,,0.0,1.389670491588744,2.9215562193
40680,1.389666827137125,,0.0,1.389666827137125,2.9331236795
40685,1.3896656362943678,,0.0,1.3896656362943678,2.9246752178
40690,1.3896685046074886,,0.0,1.3896685046074886,2.9510232454
40695,1.3896767612930991,,0.0,1.3896767612930991,2.9616624941
40700,1.3896912885015764,,0.0,1.3896912885015764,2.9497504317
40705,1.3897124645896923,,0.0,1.3897124645896923,2.9152735527
40710,1.3897400093538017,,0.0,1.3897400093538017,2.8883703852
40715,1.3897728627765111,,0.0,1.3897728627765111,2.8676059527
40720,1.3898092886365458,,0.0,1.3898092886365458,2.8530170933
40725,1.389847163852438,,0.0,1.389847163852438,2.8407487789
40730,1.3898844875509795,,0.0,1.3898844875509795,2.8460903838
40735,1.3899198407976434,,0.0,1.3899198407976434,2.8669213267
40740,1.3899526240557591,,0.0,1.3899526240557591,2.8721250297
40745,1.3899830377696094,,0.0,1.3899830377696094,2.8732549852
40750,1.3900117033255646,,0.0,1.3900117033255646,2.9003361919
40755,1.3900393593617157,,0.0,1.3900393593617157,2.9137918351
40760,1.3900666883344588,,0.0,1.3900666883344588,2.9056960933
40765,1.3900939511896915,,0.0,1.3900939511896915,2.910213655
40770,1.3901211150732857,,0.0,1.3901211150732857,2.9210453999
40775,1.3901481306017365,,0.0,1.3901481306017365,2.9352745508
40780,1.390175098133604,,0.0,1.390175098133604,2.9634264805
40785,1.390202351985214,,0.0,1.390202351985214,2.9617747682
40790,1.3902304036123445,,0.0,1.3902304036123445,2.9184273903
40795,1.390259725204975,,0.0,1.390259725204975,2.8680422295
40800,1.390290891244241,,0.0,1.390290891244241,2.8327574921
40805,1.3903244655706335,,0.0,1.3903244655706335,2.8148184381
40810,1.390360639533866,,0.0,1.390360639533866,2.8222669373
40815,1.3903991424341173,,0.0,1.3903991424341173,2.8297874497
40820,1.3904393369695223,,0.0,1.3904393369695223,2.847565835
40825,1.3904803871219014,,0.0,1.3904803871219014,2.8807617578
40830,1.3905214159020454,,0.0,1.3905214159020454,2.9186590244
40835,1.3905616577292048,,0.0,1.3905616577292048,2.9385528108
40840,1.3906004835775723,,0.0,1.3906004835775723,2.9488531115
40845,1.3906371888000049,,0.0,1.3906371888000049,2.9575118038
40850,1.3906710812316554,,0.0,1.3906710812316554,2.947485406
40855,1.3907017172167517,,0.0,1.3907017172167517,2.9394318796
40860,1.3907290428245045,,0.0,1.3907290428245045,2.9255279673
40865,1.3907533507863272,,0.0,1.3907533507863272,2.9107293373
40870,1.3907751209089,,0.0,1.3907751209089,2.8975650813
40875,1.3907951285041604,,0.0,1.3907951285041604,2.8942662898
40880,1.3908143507607222,,0.0,1.3908143507607222,2.89662975
40885,1.390834163550332,,0.0,1.390834163550332,2.9136584446
40890,1.3908564446284817,,0.0,1.3908564446284817,2.9327925281
40895,1.3908830364182647,,0.0,1.3908830364182647,2.9283424221
40900,1.3909151607976526,,0.0,1.3909151607976526,2.9414854109
40905,1.3909528061710705,,0.0,1.3909528061710705,2.9761885191
40910,1.3909944772323555,,0.0,1.3909944772323555,2.9749926244
40915,1.3910380448521515,,0.0,1.3910380448521515,2.9775503888
40920,1.391081445768513,,0.0,1.391081445768513,2.9735473482
40925,1.3911232451541549,,0.0,1.3911232451541549,3.0010692063
40930,1.3911628318313594,,0.0,1.3911628318313594,3.0247204807
40935,1.3912001984335263,,0.0,1.3912001984335263,3.0333421326
40940,1.3912356645665178,,0.0,1.3912356645665178,2.9993710644
40945,1.3912697142659884,,0.0,1.3912697142659884,2.9429172223
40950,1.3913030231674084,,0.0,1.3913030231674084,2.9091503824
40955,1.391336506457173,,0.0,1.391336506457173,2.8906859618
40960,1.391371172268165,,0.0,1.391371172268165,2.8824971573
40965,1.3914078455231906,,0.0,1.3914078455231906,2.8968504931
40970,1.3914469788816441,,0.0,1.3914469788816441,2.9117781197
40975,1.391488473849353,,0.0,1.391488473849353,2.9340556635
40980,1.3915318057379418,,0.0,1.3915318057379418,2.9710681698
40985,1.3915761736115282,,0.0,1.3915761736115282,3.0031206001
40990,1.391620718124365,,0.0,1.391620718124365,3.0287093861
40995,1.391664630109985,,0.0,1.391664630109985,3.0400123783
41000,1.3917072604890577,,0.0,1.3917072604890577,3.0428270794
41005,1.391748237589318,,0.0,1.391748237589318,3.0320721991
41010,1.3917876765025259,,0.0,1.3917876765025259,2.9987808389
41015,1.3918261495271207,,0.0,1.3918261495271207,2.9788969014
41020,1.3918643280013887,,0.0,1.3918643280013887,2.9606264727
41025,1.3919026123364304,,0.0,1.3919026123364304,2.9612694488
41030,1.3919409739753015,,0.0,1.3919409739753015,2.970636893
41035,1.3919789186054854,,0.0,1.3919789186054854,2.9970095648
41040,1.3920156228047789,,0.0,1.3920156228047789,3.0307583933
41045,1.392050389429059,,0.0,1.392050389429059,3.0332319653
41050,1.3920827056128897,,0.0,1.3920827056128897,3.0450432569
41055,1.3921122427467862,,0.0,1.3921122427467862,3.0829702408
41060,1.3921389473546877,,0.0,1.3921389473546877,3.0825819202
41065,1.3921629332551146,,0.0,1.3921629332551146,3.0823651627
41070,1.3921847575131046,,0.0,1.3921847575131046,3.086859142
41075,1.3922053916786394,,0.0,1.3922053916786394,3.0964709928
41080,1.3922259885791812,,0.0,1.3922259885791812,3.117645909
41085,1.3922476703025515,,0.0,1.3922476703025515,3.143885157
41090,1.392271150499515,,0.0,1.392271150499515,3.1173436595
41095,1.3922966018531853,,0.0,1.3922966018531853,3.0602119974
41100,1.3923238088222964,,0.0,1.3923238088222964,3.0076824748
41105,1.3923524664205045,,0.0,1.3923524664205045,2.9901219956
41110,1.392382423041358,,0.0,1.392382423041358,2.9685436678
41115,1.3924136674758019,,0.0,1.3924136674758019,2.9766383473
41120,1.3924461278540108,,0.0,1.3924461278540108,2.990789025
41125,1.392479569740754,,0.0,1.392479569740754,3.0133624528
41130,1.3925136546589398,,0.0,1.3925136546589398,3.0389066045
41135,1.39254802792041,,0.0,1.39254802792041,3.0539347812
41140,1.3925823574824798,,0.0,1.3925823574824798,3.0568597524
41145,1.392616296933048,,0.0,1.392616296933048,3.0774868864
41150,1.392649472326207,,0.0,1.392649472326207,3.0815209245
41155,1.3926815456168582,,0.0,1.3926815456168582,3.0742832792
41160,1.3927123877076057,,0.0,1.3927123877076057,3.0337098644
41165,1.392742206523015,,0.0,1.392742206523015,3.0133190523
41170,1.3927714567687584,,0.0,1.3927714567687584,2.9906700493
41175,1.3928005185295762,,0.0,1.3928005185295762,2.9686317946
41180,1.3928293929877626,,0.0,1.3928293929877626,2.9672417838
41185,1.3928576878263825,,0.0,1.3928576878263825,2.9874642583
41190,1.392884780067516,,0.0,1.392884780067516,3.0201766973
41195,1.392909974545108,,0.0,1.392909974545108,3.0374930394
41200,1.3929325980337492,,0.0,1.3929325980337492,3.0359549578
41205,1.3929519548671838,,0.0,1.3929519548671838,3.0766201775
41210,1.3929672831252258,,0.0,1.3929672831252258,3.090941522
41215,1.3929778884375952,,0.0,1.3929778884375952,3.0852944841
41220,1.3929833309682385,,0.0,1.3929833309682385,3.0946781466
41225,1.3929838270087231,,0.0,1.3929838270087231,3.0858359349
41230,1.3929804645877133,,0.0,1.3929804645877133,3.0937253884
41235,1.3929750883337355,,0.0,1.3929750883337355,3.11002157
41240,1.3929698345835912,,0.0,1.3929698345835912,3.1012622451
41245,1.3929667792179397,,0.0,1.3929667792179397,3.055259979
41250,1.3929675870202214,,0.0,1.3929675870202214,2.9890582517
41255,1.3929733216911309,,0.0,1.3929733216911309,2.9568277466
41260,1.3929844353443885,,0.0,1.3929844353443885,2.9351265238
41265,1.3930007679383307,,0.0,1.3930007679383307,2.9156526209
41270,1.3930215211744992,,0.0,1.3930215211744992,2.923662554
41275,1.3930454493016822,,0.0,1.3930454493016822,2.9462433867
41280,1.3930711875435056,,0.0,1.3930711875435056,2.949270825
41285,1.3930974983566047,,0.0,1.3930974983566047,2.9683103191
41290,1.3931234670093129,,0.0,1.3931234670093129,2.9904815102
41295,1.3931486097160757,,0.0,1.3931486097160757,3.0079629758
41300,1.3931724617899321,,0.0,1.3931724617899321,3.0251703596
41305,1.3931947809288494,,0.0,1.3931947809288494,3.0148409033
41310,1.3932156770634205,,0.0,1.3932156770634205,2.9940202179
41315,1.39323549144458,,0.0,1.39323549144458,2.9774557201
41320,1.3932549709182662,,0.0,1.3932549709182662,2.9556940687
41325,1.393274916147525,,0.0,1.393274916147525,2.9435643317
41330,1.3932959752340215,,0.0,1.3932959752340215,2.9425537925
41335,1.3933184007566501,,0.0,1.3933184007566501,2.9443102961
41340,1.3933421209365315,,0.0,1.3933421209365315,2.9522157048
41345,1.3933669345790811,,0.0,1.3933669345790811,2.965451887
41350,1.3933924362484498,,0.0,1.3933924362484498,2.9587392042
41355,1.393417883691456,,0.0,1.393417883691456,2.9777598486
41360,1.3934422542921168,,0.0,1.3934422542921168,3.0071287435
41365,1.3934645624720794,,0.0,1.3934645624720794,3.000312057
41370,1.3934842541447776,,0.0,1.3934842541447776,2.9915628969
41375,1.3935014711627385,,0.0,1.3935014711627385,2.9838596359
41380,1.3935171149113508,,0.0,1.3935171149113508,3.0054952677
41385,1.3935325742448563,,0.0,1.3935325742448563,3.0130640929
41390,1.3935491301786567,,0.0,1.3935491301786567,2.9999200722
41395,1.3935674846542596,,0.0,1.3935674846542596,2.9523096888
41400,1.3935875128487167,,0.0,1.3935875128487167,2.886452259
41405,1.3936083578490783,,0.0,1.3936083578490783,2.8575343294
41410,1.3936288091001108,,0.0,1.3936288091001108,2.8455426871
41415,1.393647560258041,,0.0,1.393647560258041,2.8427829813
41420,1.3936634545165334,,0.0,1.3936634545165334,2.8664782282
41425,1.3936756686580132,,0.0,1.3936756686580132,2.8675432446
41430,1.3936840279303528,,0.0,1.3936840279303528,2.8748132285
41435,1.3936891272547296,,0.0,1.3936891272547296,2.8851776367
41440,1.3936920847628276,,0.0,1.3936920847628276,2.9293265141
41445,1.3936941174215516,,0.0,1.3936941174215516,2.9329028262
41450,1.3936961294128694,,0.0,1.3936961294128694,2.9328326494
41455,1.3936985827181079,,0.0,1.3936985827181079,2.9215507507
41460,1.3937016256696741,,0.0,1.3937016256696741,2.9086541237
41465,1.3937052217528767,,0.0,1.3937052217528767,2.8709133054
41470,1.3937093141948742,,0.0,1.3937093141948742,2.8502312589
41475,1.3937138472232269,,0.0,1.3937138472232269,2.8226130705
41480,1.3937186917632762,,0.0,1.3937186917632762,2.8170587037
41485,1.393723724742778,,0.0,1.393723724742778,2.8320421921
41490,1.393728880544423,,0.0,1.393728880544423,2.8422753988
41495,1.393734381575876,,0.0,1.393734381575876,2.8703477683
41500,1.393740760074003,,0.0,1.393740760074003,2.8760641591
41505,1.393748608277084,,0.0,1.393748608277084,2.895530939
41510,1.3937581206951957,,0.0,1.3937581206951957,2.9330504548
41515,1.3937691388100146,,0.0,1.3937691388100146,2.9494560651
41520,1.393781059788089,,0.0,1.393781059788089,2.9708504497
41525,1.3937929806070088,,0.0,1.3937929806070088,2.9831513825
41530,1.3938040137051289,,0.0,1.3938040137051289,2.992007301
41535,1.3938136080425632,,0.0,1.3938136080425632,2.9928463094
41540,1.393821776533599,,0.0,1.393821776533599,2.9922184213
41545,1.3938288774814855,,0.0,1.3938288774814855,2.9490408678
41550,1.3938349761170135,,0.0,1.3938349761170135,2.8854164441
41555,1.3938396183029207,,0.0,1.3938396183029207,2.8370088484
41560,1.393842170125069,,0.0,1.393842170125069,2.8240536035
41565,1.3938422613208514,,0.0,1.3938422613208514,2.8074830663
41570,1.3938399918168356,,0.0,1.3938399918168356,2.8263207353
41575,1.3938358403965638,,0.0,1.3938358403965638,2.8560935766
41580,1.3938304207160228,,0.0,1.3938304207160228,2.8773671221
41585,1.393824157468811,,0.0,1.393824157468811,2.8979777621
41590,1.3938171075187156,,0.0,1.3938171075187156,2.9307144581
41595,1.3938091537731707,,0.0,1.3938091537731707,2.9419744437
41600,1.3938001800945417,,0.0,1.3938001800945417,2.9487873885
41605,1.3937901018806076,,0.0,1.3937901018806076,2.9375358187
41610,1.3937788565607392,,0.0,1.3937788565607392,2.9198462026
41615,1.3937665393550656,,0.0,1.3937665393550656,2.8961972585
41620,1.3937533669189368,,0.0,1.3937533669189368,2.8769010944
41625,1.3937395609097163,,0.0,1.3937395609097163,2.8528197056
41630,1.3937252199125227,,0.0,1.3937252199125227,2.8366352493
41635,1.3937102255842877,,0.0,1.3937102255842877,2.8375638015
41640,1.3936943438308265,,0.0,1.3936943438308265,2.8558329537
41645,1.3936774597877428,,0.0,1.3936774597877428,2.8810722891
41650,1.3936597518449916,,0.0,1.3936597518449916,2.8776583126
41655,1.3936416925563355,,0.0,1.3936416925563355,2.8954490795
41660,1.3936239209970798,,0.0,1.3936239209970798,2.9295783509
41665,1.3936069154050927,,0.0,1.3936069154050927,2.9460166058
41670,1.3935906786451626,,0.0,1.3935906786451626,2.9617248618
41675,1.3935747859782195,,0.0,1.3935747859782195,2.9758200197
41680,1.3935586690392252,,0.0,1.3935586690392252,3.0083709261
41685,1.393541931191325,,0.0,1.393541931191325,3.0365811341
41690,1.393524528462282,,0.0,1.393524528462282,3.0401815883
41695,1.3935065740794697,,0.0,1.3935065740794697,3.0079732044
41700,1.3934883140964303,,0.0,1.3934883140964303,2.9598956018
41705,1.3934701127278828,,0.0,1.3934701127278828,2.9362250245
41710,1.3934523896654119,,0.0,1.3934523896654119,2.9250065882
41715,1.3934355242207204,,0.0,1.3934355242207204,2.8996669821
41720,1.3934195903553834,,0.0,1.3934195903553834,2.902466607
41725,1.3934042319261115,,0.0,1.3934042319261115,2.9089655591
41730,1.3933887097946123,,0.0,1.3933887097946123,2.9402370632
41735,1.3933720862654342,,0.0,1.3933720862654342,2.9731704403
41740,1.3933533820354758,,0.0,1.3933533820354758,2.9952864751
41745,1.3933316761432906,,0.0,1.3933316761432906,2.9969500371
41750,1.3933062241530005,,0.0,1.3933062241530005,2.9953793374
41755,1.3932768474927597,,0.0,1.3932768474927597,2.991252714
41760,1.3932441701408904,,0.0,1.3932441701408904,2.9744312237
41765,1.3932094723397548,,0.0,1.3932094723397548,2.9500694964
41770,1.3931742198154333,,0.0,1.3931742198154333,2.9179811991
41775,1.3931395697380444,,0.0,1.3931395697380444,2.8948619177
41780,1.3931060715559245,,0.0,1.3931060715559245,2.8750643015
41785,1.3930736016056824,,0.0,1.3930736016056824,2.8723112457
41790,1.39304148347881,,0.0,1.39304148347881,2.879025295
41795,1.39300881604002,,0.0,1.39300881604002,2.9153488635
41800,1.392974791032302,,0.0,1.392974791032302,2.9272662533
41805,1.3929389064582287,,0.0,1.3929389064582287,2.917838102
41810,1.392901070417189,,0.0,1.392901070417189,2.934326803
41815,1.39286161836233,,0.0,1.39286161836233,2.9428127993
41820,1.3928214164375883,,0.0,1.3928214164375883,2.9475813283
41825,1.3927818487680312,,0.0,1.3927818487680312,2.9565383634
41830,1.3927445959843852,,0.0,1.3927445959843852,2.9684096452
41835,1.392711314821398,,0.0,1.392711314821398,2.9841727872
41840,1.39268338208301,,0.0,1.39268338208301,2.992455146
41845,1.3926614290231982,,0.0,1.3926614290231982,2.9989728948
41850,1.39264522502645,,0.0,1.39264522502645,2.9712503232
41855,1.3926336738107812,,0.0,1.3926336738107812,2.9455539941
41860,1.3926248786357889,,0.0,1.3926248786357889,2.9384709757
41865,1.392616285246528,,0.0,1.392616285246528,2.9058572329
41870,1.3926050281264573,,0.0,1.3926050281264573,2.9157667723
41875,1.3925884161473807,,0.0,1.3925884161473807,2.9281817406
41880,1.3925644119213987,,0.0,1.3925644119213987,2.9310778469
41885,1.392532108697328,,0.0,1.392532108697328,2.9328763648
41890,1.392491699370959,,0.0,1.392491699370959,2.9440888637
41895,1.3924440331021226,,0.0,1.3924440331021226,2.9696616685
41900,1.3923898691963161,,0.0,1.3923898691963161,2.9676141037
41905,1.3923296821398978,,0.0,1.3923296821398978,2.9670423169
41910,1.3922639123828038,,0.0,1.3922639123828038,2.9521459306
41915,1.3921933987170576,,0.0,1.3921933987170576,2.9283516804
41920,1.39211983057238,,0.0,1.39211983057238,2.8890506553
41925,1.3920457321461688,,0.0,1.3920457321461688,2.869273578
41930,1.3919739353050622,,0.0,1.3919739353050622,2.8713730084
41935,1.3919068078198853,,0.0,1.3919068078198853,2.8594884182
41940,1.3918459293943939,,0.0,1.3918459293943939,2.8737434849
41945,1.3917919916477615,,0.0,1.3917919916477615,2.8916611971
41950,1.3917448941304826,,0.0,1.3917448941304826,2.9056022454
41955,1.39170397021071,,0.0,1.39170397021071,2.9106103574
41960,1.3916682479746785,,0.0,1.3916682479746785,2.9290364753
41965,1.3916367939104382,,0.0,1.3916367939104382,2.9346875503
41970,1.3916086344444656,,0.0,1.3916086344444656,2.9123366601
41975,1.3915828810147135,,0.0,1.3915828810147135,2.9314111713
41980,1.391559024007054,,0.0,1.391559024007054,2.948227336
41985,1.3915365123133918,,0.0,1.3915365123133918,2.9671605604
41990,1.3915149775582432,,0.0,1.3915149775582432,2.9988527548
41995,1.3914942112258963,,0.0,1.3914942112258963,3.0127988583
42000,1.3914740818316318,,0.0,1.3914740818316318,2.9594642889
42005,1.3914544625971692,,0.0,1.3914544625971692,2.9019968879
42010,1.3914351400502567,,0.0,1.3914351400502567,2.8645180494
42015,1.3914158299629027,,0.0,1.3914158299629027,2.8273118171
42020,1.3913963050391118,,0.0,1.3913963050391118,2.8271411593
42025,1.3913762423762415,,0.0,1.3913762423762415,2.8601844986
42030,1.3913552379253633,,0.0,1.3913552379253633,2.8902890971
42035,1.3913329613262886,,0.0,1.3913329613262886,2.9029479595
42040,1.3913093192687478,,0.0,1.3913093192687478,2.9077856104
42045,1.391284537366241,,0.0,1.391284537366241,2.9454705653
42050,1.391259024692445,,0.0,1.391259024692445,2.951722868
42055,1.391233298205351,,0.0,1.391233298205351,2.9562818928
42060,1.3912076702124303,,0.0,1.3912076702124303,2.9528812912
42065,1.3911823446821108,,0.0,1.3911823446821108,2.9380468122
42070,1.3911575071208468,,0.0,1.3911575071208468,2.8936084108
42075,1.391133291878147,,0.0,1.391133291878147,2.880125874
42080,1.3911097190984791,,0.0,1.3911097190984791,2.8689800181
42085,1.3910867342371713,,0.0,1.3910867342371713,2.8464969238
42090,1.391064240368863,,0.0,1.391064240368863,2.8337926697
42095,1.3910421704211136,,0.0,1.3910421704211136,2.8585173385
42100,1.391020571026322,,0.0,1.391020571026322,2.8616266916
42105,1.3909996465166978,,0.0,1.3909996465166978,2.8659828156
42110,1.3909796791421654,,0.0,1.3909796791421654,2.886015327
42115,1.3909608847395636,,0.0,1.3909608847395636,2.909520288
42120,1.3909434277841575,,0.0,1.3909434277841575,2.9006574494
42125,1.3909274423753555,,0.0,1.3909274423753555,2.9067324072
42130,1.3909129791699022,,0.0,1.3909129791699022,2.9221502681
42135,1.3909002831754638,,0.0,1.3909002831754638,2.9455710374
42140,1.3908889891996556,,0.0,1.3908889891996556,2.9849335282
42145,1.3908782771397923,,0.0,1.3908782771397923,3.0079944429
42150,1.3908671179227483,,0.0,1.3908671179227483,2.9695733395
42155,1.390854563235163,,0.0,1.390854563235163,2.9286260488
42160,1.3908398726427689,,0.0,1.3908398726427689,2.8980156031
42165,1.3908226015803362,,0.0,1.3908226015803362,2.8743783431
42170,1.3908025890967457,,0.0,1.3908025890967457,2.8633263993
42175,1.3907798343052762,,0.0,1.3907798343052762,2.8924171362
42180,1.390754332658644,,0.0,1.390754332658644,2.9231278811
42185,1.3907261588232538,,0.0,1.3907261588232538,2.933827412
42190,1.3906955586025467,,0.0,1.3906955586025467,2.9472719444
42195,1.3906629410247267,,0.0,1.3906629410247267,2.9584916954
42200,1.390628952054235,,0.0,1.390628952054235,2.9700949174
42205,1.3905942372007842,,0.0,1.3905942372007842,2.9687295128
42210,1.3905595373761073,,0.0,1.3905595373761073,2.9524637001
42215,1.3905257652655936,,0.0,1.3905257652655936,2.9317041676
42220,1.3904938433767664,,0.0,1.3904938433767664,2.8996160257
42225,1.390464583490781,,0.0,1.390464583490781,2.8725673419
42230,1.390438497449934,,0.0,1.390438497449934,2.8599226328
42235,1.3904157080991055,,0.0,1.3904157080991055,2.8341015054
42240,1.390396021610311,,0.0,1.390396021610311,2.8188892704
42245,1.3903790108571563,,0.0,1.3903790108571563,2.8249813992
42250,1.3903642806579175,,0.0,1.3903642806579175,2.8357246096
42255,1.3903515551970786,,0.0,1.3903515551970786,2.8517453285
42260,1.390340627686895,,0.0,1.390340627686895,2.8714182727
42265,1.3903312520965618,,0.0,1.3903312520965618,2.9054797127
42270,1.390323079808544,,0.0,1.390323079808544,2.9030242649
42275,1.3903156725328647,,0.0,1.3903156725328647,2.8995956793
42280,1.3903086612801567,,0.0,1.3903086612801567,2.9185723765
42285,1.3903018504035218,,0.0,1.3903018504035218,2.9423830944
42290,1.390295196021669,,0.0,1.390295196021669,2.9787868401
42295,1.3902886526162845,,0.0,1.3902886526162845,3.0019137592
42300,1.390282028905863,,0.0,1.390282028905863,2.977093587
42305,1.3902749141342328,,0.0,1.3902749141342328,2.9348413725
42310,1.390266751872976,,0.0,1.390266751872976,2.9049257575
42315,1.3902570491055526,,0.0,1.3902570491055526,2.9000790862
42320,1.3902455680544772,,0.0,1.3902455680544772,2.8541021859
42325,1.3902324146942053,,0.0,1.3902324146942053,2.8462591986
42330,1.3902180097621974,,0.0,1.3902180097621974,2.888093311
42335,1.390202994539192,,0.0,1.390202994539192,2.9060941957
42340,1.39018819169709,,0.0,1.39018819169709,2.9063853638
42345,1.3901743579267,,0.0,1.3901743579267,2.905699737
42350,1.3901620282387315,,0.0,1.3901620282387315,2.9251126907
42355,1.390151381114085,,0.0,1.390151381114085,2.9186885766
42360,1.390142352504264,,0.0,1.390142352504264,2.9077709182
42365,1.3901348053541263,,0.0,1.3901348053541263,2.8855002314
42370,1.3901286083835798,,0.0,1.3901286083835798,2.8606342148
42375,1.3901235486433112,,0.0,1.3901235486433112,2.8258116207
42380,1.3901191454171828,,0.0,1.3901191454171828,2.8119230102
42385,1.3901144533248326,,0.0,1.3901144533248326,2.7826659979
42390,1.3901082855933231,,0.0,1.3901082855933231,2.7667436993
42395,1.3900995143143087,,0.0,1.3900995143143087,2.756695475
42400,1.3900873690641826,,0.0,1.3900873690641826,2.7658630956
42405,1.390071661471702,,0.0,1.390071661471702,2.7898320517
42410,1.3900527896515886,,0.0,1.3900527896515886,2.8091515519
42415,1.390031581641538,,0.0,1.390031581641538,2.8323397623
42420,1.3900090344108509,,0.0,1.3900090344108509,2.8423547515
42425,1.389986034088777,,0.0,1.389986034088777,2.8311141186
42430,1.3899631961047454,,0.0,1.3899631961047454,2.8314484186
42435,1.3899409554064786,,0.0,1.3899409554064786,2.8527595233
42440,1.389919706448135,,0.0,1.389919706448135,2.8889228977
42445,1.3898997756565028,,0.0,1.3898997756565028,2.9105595444
42450,1.3898814850475052,,0.0,1.3898814850475052,2.8945817034
42455,1.3898651614117128,,0.0,1.3898651614117128,2.8523872698
42460,1.389851098594623,,0.0,1.389851098594623,2.8067252923
42465,1.3898394215556034,,0.0,1.3898394215556034,2.7973749972
42470,1.3898299794385038,,0.0,1.3898299794385038,2.770409946
42475,1.389822459867644,,0.0,1.389822459867644,2.7776773884
42480,1.389816407455259,,0.0,1.389816407455259,2.8063412557
42485,1.389811323045974,,0.0,1.389811323045974,2.839153375
42490,1.3898067756482035,,0.0,1.3898067756482035,2.8664041717
42495,1.389802482352668,,0.0,1.389802482352668,2.8674076813
42500,1.3897983101285714,,0.0,1.3897983101285714,2.8949584655
42505,1.3897942053406975,,0.0,1.3897942053406975,2.9167471409
42510,1.3897901373176158,,0.0,1.3897901373176158,2.9199071425
42515,1.3897860909396063,,0.0,1.3897860909396063,2.908537385
42520,1.3897820797575753,,0.0,1.3897820797575753,2.88856447
42525,1.3897780867192082,,0.0,1.3897780867192082,2.866654284
42530,1.3897739505550744,,0.0,1.3897739505550744,2.8515047082
42535,1.3897692998657458,,0.0,1.3897692998657458,2.8346684335
42540,1.3897636458409195,,0.0,1.3897636458409195,2.8209601397
42545,1.3897565668109422,,0.0,1.3897565668109422,2.8166575889
42550,1.3897479382711753,,0.0,1.3897479382711753,2.8509817388
42555,1.3897381746383544,,0.0,1.3897381746383544,2.8796551602
42560,1.3897281090431333,,0.0,1.3897281090431333,2.8999579677
42565,1.3897187184922355,,0.0,1.3897187184922355,2.913941299
42570,1.3897108353432763,,0.0,1.3897108353432763,2.9335509364
42575,1.389705018753044,,0.0,1.389705018753044,2.9287430211
42580,1.3897015306678384,,0.0,1.3897015306678384,2.9339143188
42585,1.389700346850635,,0.0,1.389700346850635,2.949975927
42590,1.389701125504826,,0.0,1.389701125504826,2.9738925292
42595,1.3897033522643711,,0.0,1.3897033522643711,3.003124134
42600,1.389706475816548,,0.0,1.389706475816548,2.9895233748
42605,1.38970994759974,,0.0,1.38970994759974,2.9504130765
42610,1.389713323799021,,0.0,1.389713323799021,2.9050930434
42615,1.3897163533133625,,0.0,1.3897163533133625,2.8798722525
42620,1.3897190300266682,,0.0,1.3897190300266682,2.8552775486
42625,1.3897215122981066,,0.0,1.3897215122981066,2.8644539085
42630,1.389723948141774,,0.0,1.389723948141774,2.8750318749
42635,1.389726413474579,,0.0,1.389726413474579,2.9046734475
42640,1.3897289962637318,,0.0,1.3897289962637318,2.9443413425
42645,1.389731896453314,,0.0,1.389731896453314,2.9549576756
42650,1.3897353918369106,,0.0,1.3897353918369106,2.9595447997
42655,1.3897396591901905,,0.0,1.3897396591901905,2.9750443361
42660,1.3897445914018771,,0.0,1.3897445914018771,2.9865994258
42665,1.3897497477264598,,0.0,1.3897497477264598,2.9811456727
42670,1.3897544513689115,,0.0,1.3897544513689115,2.958516882
42675,1.3897579372486843,,0.0,1.3897579372486843,2.9309932161
42680,1.3897594579286927,,0.0,1.3897594579286927,2.9084868269
42685,1.3897583546438907,,0.0,1.3897583546438907,2.8929501677
42690,1.3897541755079224,,0.0,1.3897541755079224,2.8765789084
42695,1.389746943439099,,0.0,1.389746943439099,2.8616465967
42700,1.389737396984566,,0.0,1.389737396984566,2.8877655255
42705,1.389726949440218,,0.0,1.389726949440218,2.923844183
42710,1.3897173673122414,,0.0,1.3897173673122414,2.9226620562
42715,1.389710289737395,,0.0,1.389710289737395,2.9387163686
42720,1.3897067166179768,,0.0,1.3897067166179768,2.96941469
42725,1.3897067273268309,,0.0,1.3897067273268309,2.973874976
42730,1.3897096771272825,,0.0,1.3897096771272825,2.9812143067
42735,1.389714556181218,,0.0,1.389714556181218,2.989415994
42740,1.3897204984356462,,0.0,1.3897204984356462,3.0070318873
42745,1.389726943164966,,0.0,1.389726943164966,3.0309316475
42750,1.3897335352944995,,0.0,1.3897335352944995,3.0261463086
42755,1.3897399094727068,,0.0,1.3897399094727068,2.9781556187
42760,1.3897454681864585,,0.0,1.3897454681864585,2.931588884
42765,1.3897496686946624,,0.0,1.3897496686946624,2.8875449456
42770,1.3897522008952798,,0.0,1.3897522008952798,2.8485186672
42775,1.3897530320933382,,0.0,1.3897530320933382,2.8335558861
42780,1.3897523515013288,,0.0,1.3897523515013288,2.837765016
42785,1.3897504202470399,,0.0,1.3897504202470399,2.8451861154
42790,1.389747540088244,,0.0,1.389747540088244,2.8691138193
42795,1.3897441789177374,,0.0,1.3897441789177374,2.885603164
42800,1.389741006232156,,0.0,1.389741006232156,2.9011927157
42805,1.3897387347955446,,0.0,1.3897387347955446,2.9094016934
42810,1.389737956255036,,0.0,1.389737956255036,2.9187254488
42815,1.3897389742327886,,0.0,1.3897389742327886,2.9260855511
42820,1.3897418546644213,,0.0,1.3897418546644213,2.9046228061
42825,1.3897466371340428,,0.0,1.3897466371340428,2.8685402234
42830,1.3897534236827076,,0.0,1.3897534236827076,2.8486405048
42835,1.38976258389093,,0.0,1.38976258389093,2.8233497373
42840,1.38977473984991,,0.0,1.38977473984991,2.8093541484
42845,1.389790496234749,,0.0,1.389790496234749,2.8051391911
42850,1.3898101862476884,,0.0,1.3898101862476884,2.8308462709
42855,1.3898337875160907,,0.0,1.3898337875160907,2.8528806303
42860,1.389860992052405,,0.0,1.389860992052405,2.8477687507
42865,1.3898912460656379,,0.0,1.3898912460656379,2.8651214864
42870,1.3899238229452653,,0.0,1.3899238229452653,2.8986881414
42875,1.3899578671197859,,0.0,1.3899578671197859,2.899898259
42880,1.3899925330899328,,0.0,1.3899925330899328,2.9026159416
42885,1.3900269818817914,,0.0,1.3900269818817914,2.909105081
42890,1.390060433363304,,0.0,1.390060433363304,2.923771647
42895,1.390092254438843,,0.0,1.390092254438843,2.9547935627
42900,1.3901220777560634,,0.0,1.3901220777560634,2.9726502602
42905,1.3901497652139478,,0.0,1.3901497652139478,2.9404561352
42910,1.3901754161933895,,0.0,1.3901754161933895,2.8896627239
42915,1.3901993789936133,,0.0,1.3901993789936133,2.8394432582
42920,1.3902222758422378,,0.0,1.3902222758422378,2.8135829755
42925,1.3902450469357206,,0.0,1.3902450469357206,2.7941483987
42930,1.3902686164186073,,0.0,1.3902686164186073,2.7979328975
42935,1.3902935718227385,,0.0,1.3902935718227385,2.8084442666
42940,1.390320041199634,,0.0,1.390320041199634,2.836332449
42945,1.3903478242414296,,0.0,1.3903478242414296,2.8732967526
42950,1.3903765352702258,,0.0,1.3903765352702258,2.904496646
42955,1.39040578360611,,0.0,1.39040578360611,2.9136116306
42960,1.3904352942520763,,0.0,1.3904352942520763,2.9375527108
42965,1.3904650460177819,,0.0,1.3904650460177819,2.9423946966
42970,1.3904952414165228,,0.0,1.3904952414165228,2.9199413557
42975,1.3905263304247968,,0.0,1.3905263304247968,2.8904694236
42980,1.390558827749689,,0.0,1.390558827749689,2.8781743906
42985,1.3905930629783505,,0.0,1.3905930629783505,2.8470314026
42990,1.3906290300856299,,0.0,1.3906290300856299,2.8367685674
42995,1.3906661519757038,,0.0,1.3906661519757038,2.8379487089
43000,1.3907033594456637,,0.0,1.3907033594456637,2.8451782179
43005,1.3907394082221654,,0.0,1.3907394082221654,2.8708956229
43010,1.3907732563177961,,0.0,1.3907732563177961,2.8749179889
43015,1.3908041987216309,,0.0,1.3908041987216309,2.8875360015
43020,1.390831662293983,,0.0,1.390831662293983,2.9169867737
43025,1.3908552413489026,,0.0,1.3908552413489026,2.935063464
43030,1.3908749040554012,,0.0,1.3908749040554012,2.942454873
43035,1.390891298765244,,0.0,1.390891298765244,2.9569916758
43040,1.3909057756352863,,0.0,1.3909057756352863,2.972638149
43045,1.3909203111198203,,0.0,1.3909203111198203,2.9897705072
43050,1.3909371144713478,,0.0,1.3909371144713478,3.0065165061
43055,1.3909579551517897,,0.0,1.3909579551517897,3.0049880409
43060,1.3909838275612298,,0.0,1.3909838275612298,2.9647426255
43065,1.3910147980445438,,0.0,1.3910147980445438,2.9210326873
43070,1.3910501304191738,,0.0,1.3910501304191738,2.9057527505
43075,1.3910885791157988,,0.0,1.3910885791157988,2.886307263
43080,1.3911286923002915,,0.0,1.3911286923002915,2.8830284812
43085,1.3911692086015184,,0.0,1.3911692086015184,2.9018771789
43090,1.39120943765081,,0.0,1.39120943765081,2.9249520099
43095,1.3912493400232122,,0.0,1.3912493400232122,2.9450964991
43100,1.3912893113551776,,0.0,1.3912893113551776,2.9605568841
43105,1.3913298254737083,,0.0,1.3913298254737083,2.9834835732
43110,1.3913710926679572,,0.0,1.3913710926679572,3.0126193737
43115,1.3914129122435404,,0.0,1.3914129122435404,3.0213697242
43120,1.3914546893247537,,0.0,1.3914546893247537,3.0089399697
43125,1.3914957423873946,,0.0,1.3914957423873946,2.9840570598
43130,1.3915356342783072,,0.0,1.3915356342783072,2.9552376575
43135,1.3915745211739634,,0.0,1.3915745211739634,2.9376139769
43140,1.3916131479422331,,0.0,1.3916131479422331,2.92030524
43145,1.3916524435250468,,0.0,1.3916524435250468,2.9203732443
43150,1.3916931335552625,,0.0,1.3916931335552625,2.9323414313
43155,1.3917354804339086,,0.0,1.3917354804339086,2.9664074818
43160,1.3917791725810793,,0.0,1.3917791725810793,2.9882656574
43165,1.3918236471794234,,0.0,1.3918236471794234,2.9723655563
43170,1.3918683228586697,,0.0,1.3918683228586697,3.0044268885
43175,1.3919124765551754,,0.0,1.3919124765551754,3.0496186288
43180,1.3919550849481295,,0.0,1.3919550849481295,3.0463817766
43185,1.3919947529989827,,0.0,1.3919947529989827,3.0438910629
43190,1.3920299464313475,,0.0,1.3920299464313475,3.0417464599
43195,1.3920594363416985,,0.0,1.3920594363416985,3.0623401722
43200,1.3920828273436847,,0.0,1.3920828273436847,3.0824963107
43205,1.392100792867343,,0.0,1.392100792867343,3.0948408041
43210,1.3921147664894553,,0.0,1.3921147664894553,3.0536415939
43215,1.3921266946295021,,0.0,1.3921266946295021,3.0022698413
43220,1.39213858636854,,0.0,1.39213858636854,2.9739693804
43225,1.3921522433632612,,0.0,1.3921522433632612,2.9588061419
43230,1.3921689447874157,,0.0,1.3921689447874157,2.9458098126
43235,1.392189279491557,,0.0,1.392189279491557,2.9576377729
43240,1.3922131990471092,,0.0,1.3922131990471092,2.9713005125
43245,1.392240219009162,,0.0,1.392240219009162,2.9929137176
43250,1.3922697447748484,,0.0,1.3922697447748484,3.0244682352
43255,1.3923013091562007,,0.0,1.3923013091562007,3.0414484794
43260,1.3923346177393108,,0.0,1.3923346177393108,3.0514086435
43265,1.392369378156548,,0.0,1.392369378156548,3.0602663094
43270,1.3924051485710542,,0.0,1.3924051485710542,3.059137275
43275,1.392441360231272,,0.0,1.392441360231272,3.0438193148
43280,1.3924774571862486,,0.0,1.3924774571862486,3.0055071472
43285,1.392513008921863,,0.0,1.392513008921863,2.9722511173
43290,1.3925477064501615,,0.0,1.3925477064501615,2.9452943856
43295,1.392581283936916,,0.0,1.392581283936916,2.9359864781
43300,1.3926135696539432,,0.0,1.3926135696539432,2.9424341978
43305,1.3926446770105083,,0.0,1.3926446770105083,2.9629656612
43310,1.3926750583249592,,0.0,1.3926750583249592,2.984008761
43315,1.3927053852311562,,0.0,1.3927053852311562,2.9890183683
43320,1.3927362757277428,,0.0,1.3927362757277428,3.0012229333
43325,1.3927679569060871,,0.0,1.3927679569060871,3.0424709379
43330,1.3928000961778302,,0.0,1.3928000961778302,3.0448293669
43335,1.392831787451145,,0.0,1.392831787451145,3.0589975453
43340,1.39286170607944,,0.0,1.39286170607944,3.073088166
43345,1.392888402615912,,0.0,1.392888402615912,3.0687458026
43350,1.3929105522775513,,0.0,1.3929105522775513,3.0844447041
43355,1.3929270820417317,,0.0,1.3929270820417317,3.0906705969
43360,1.392937216346415,,0.0,1.392937216346415,3.0566013628
43365,1.3929406204887567,,0.0,1.3929406204887567,3.0051519589
43370,1.3929376010011763,,0.0,1.3929376010011763,2.952398497
43375,1.3929293088467498,,0.0,1.3929293088467498,2.9331282496
43380,1.3929177520606577,,0.0,1.3929177520606577,2.9080854722
43385,1.392905417279731,,0.0,1.392905417279731,2.9069868236
43390,1.3928947248641352,,0.0,1.3928947248641352,2.9112109903
43395,1.392887723456297,,0.0,1.392887723456297,2.931477892
43400,1.3928858141199176,,0.0,1.3928858141199176,2.942070272
43405,1.3928896000749673,,0.0,1.3928896000749673,2.9739085721
43410,1.3928989082063412,,0.0,1.3928989082063412,2.9903424262
43415,1.3929129332127637,,0.0,1.3929129332127637,3.0003210031
43420,1.392930557462751,,0.0,1.392930557462751,3.0044173338
43425,1.3929506164195853,,0.0,1.3929506164195853,2.9772428744
43430,1.392972076235492,,0.0,1.392972076235492,2.9323377175
43435,1.3929941638267036,,0.0,1.3929941638267036,2.9088601703
43440,1.3930165720241798,,0.0,1.3930165720241798,2.8714957206
43445,1.3930391572474254,,0.0,1.3930391572474254,2.8647402688
43450,1.3930618988290346,,0.0,1.3930618988290346,2.8745991838
43455,1.3930849047215312,,0.0,1.3930849047215312,2.8839311489
43460,1.3931081932049978,,0.0,1.3931081932049978,2.9025672533
43465,1.3931320762458588,,0.0,1.3931320762458588,2.9155010569
43470,1.3931570200998884,,0.0,1.3931570200998884,2.9268736675
43475,1.3931833951433754,,0.0,1.3931833951433754,2.9535137824
43480,1.3932112033998616,,0.0,1.3932112033998616,2.9734594691
43485,1.3932400012363109,,0.0,1.3932400012363109,2.9703609
43490,1.3932690157508472,,0.0,1.3932690157508472,2.9777007787
43495,1.3932973615190487,,0.0,1.3932973615190487,2.9802207537
43500,1.3933242098438636,,0.0,1.3933242098438636,2.9874675123
43505,1.3933489835385229,,0.0,1.3933489835385229,3.0019436626
43510,1.3933715023032116,,0.0,1.3933715023032116,2.9791109496
43515,1.393392006825677,,0.0,1.393392006825677,2.9214761841
43520,1.3934111084427918,,0.0,1.3934111084427918,2.8649925274
43525,1.3934296026791713,,0.0,1.3934296026791713,2.8526058697
43530,1.393448252478139,,0.0,1.393448252478139,2.8276280925
43535,1.3934675306662951,,0.0,1.3934675306662951,2.8223710351
43540,1.3934875052028002,,0.0,1.3934875052028002,2.829167622
43545,1.3935078424534204,,0.0,1.3935078424534204,2.837711108
43550,1.3935279679597572,,0.0,1.3935279679597572,2.8491507615
43555,1.3935472953495271,,0.0,1.3935472953495271,2.8737609237
43560,1.3935652397965237,,0.0,1.3935652397965237,2.8880384776
43565,1.3935812204306774,,0.0,1.3935812204306774,2.8879429026
43570,1.3935947417571777,,0.0,1.3935947417571777,2.8939309806
43575,1.3936053133969082,,0.0,1.3936053133969082,2.8829496774
43580,1.3936126622854599,,0.0,1.3936126622854599,2.8578112935
43585,1.3936167728029116,,0.0,1.3936167728029116,2.8337793178
43590,1.3936180339239443,,0.0,1.3936180339239443,2.802079798
43595,1.3936170573037405,,0.0,1.3936170573037405,2.7813541458
43600,1.3936145308554375,,0.0,1.3936145308554375,2.7723324516
43605,1.3936111027716453,,0.0,1.3936111027716453,2.7812651905
43610,1.3936072924886256,,0.0,1.3936072924886256,2.7956471302
43615,1.3936035142412224,,0.0,1.3936035142412224,2.7978045707
43620,1.3936002593634813,,0.0,1.3936002593634813,2.8109419166
43625,1.3935980209856251,,0.0,1.3935980209856251,2.827548355
43630,1.393597301969065,,0.0,1.393597301969065,2.8484866838
43635,1.3935985393760113,,0.0,1.3935985393760113,2.8537154546
43640,1.3936019591610098,,0.0,1.3936019591610098,2.8730755116
43645,1.3936078075140215,,0.0,1.3936078075140215,2.8876181311
43650,1.3936163630244058,,0.0,1.3936163630244058,2.9131489404
43655,1.3936276575686246,,0.0,1.3936276575686246,2.9340449162
43660,1.393641284028333,,0.0,1.393641284028333,2.9116305615
43665,1.3936563362662309,,0.0,1.3936563362662309,2.8646650018
43670,1.393671645607571,,0.0,1.393671645607571,2.8044779536
43675,1.393686024642796,,0.0,1.393686024642796,2.7750676621
43680,1.393698402213666,,0.0,1.393698402213666,2.7485703069
43685,1.3937078210941438,,0.0,1.3937078210941438,2.7403747473
43690,1.393713415253975,,0.0,1.393713415253975,2.7412119791
43695,1.393714624740597,,0.0,1.393714624740597,2.7572483411
43700,1.3937115723534161,,0.0,1.3937115723534161,2.7809766431
43705,1.393705293304392,,0.0,1.393705293304392,2.8068543843
43710,1.3936975314997087,,0.0,1.3936975314997087,2.8241552353
43715,1.3936900739538038,,0.0,1.3936900739538038,2.8346546497
43720,1.3936841228321717,,0.0,1.3936841228321717,2.8388113448
43725,1.393679964022563,,0.0,1.393679964022563,2.8205827843
43730,1.3936770592174874,,0.0,1.3936770592174874,2.8015768615
43735,1.3936744583074074,,0.0,1.3936744583074074,2.7824431895
43740,1.3936712566101537,,0.0,1.3936712566101537,2.7698878906
43745,1.3936668511103831,,0.0,1.3936668511103831,2.7470786381
43750,1.3936609575801042,,0.0,1.3936609575801042,2.7430685098
43755,1.393653524248487,,0.0,1.393653524248487,2.7508697816
43760,1.393644597793403,,0.0,1.393644597793403,2.7780218711
43765,1.3936341762822566,,0.0,1.3936341762822566,2.8100738667
43770,1.3936221577649384,,0.0,1.3936221577649384,2.8040080319
43775,1.3936084541378189,,0.0,1.3936084541378189,2.8265807992
43780,1.3935931387713272,,0.0,1.3935931387713272,2.8477981687
43785,1.393576493392449,,0.0,1.393576493392449,2.854322789
43790,1.393558963430397,,0.0,1.393558963430397,2.8736100227
43795,1.3935410341940657,,0.0,1.3935410341940657,2.8785215657
43800,1.393523100660551,,0.0,1.393523100660551,2.9073512173
43805,1.393505390285003,,0.0,1.393505390285003,2.92195893
43810,1.3934879073418684,,0.0,1.3934879073418684,2.9204131154
43815,1.3934704661200656,,0.0,1.3934704661200656,2.8882121361
43820,1.3934528362087093,,0.0,1.3934528362087093,2.8446744803
43825,1.3934349223876712,,0.0,1.3934349223876712,2.8314896544
43830,1.3934168498209454,,0.0,1.3934168498209454,2.8176870228
43835,1.39339886217475,,0.0,1.39339886217475,2.7995252272
43840,1.3933812115505149,,0.0,1.3933812115505149,2.8233272157
43845,1.393364027409418,,0.0,1.393364027409418,2.8314845409
43850,1.3933473132983407,,0.0,1.3933473132983407,2.8581010114
43855,1.3933310863832806,,0.0,1.3933310863832806,2.8852884878
43860,1.393315253649542,,0.0,1.393315253649542,2.919165749
43865,1.3932993530703244,,0.0,1.3932993530703244,2.93371948
43870,1.393282487307323,,0.0,1.393282487307323,2.9425355277
43875,1.3932634785230127,,0.0,1.3932634785230127,2.9444855912
43880,1.3932413078529207,,0.0,1.3932413078529207,2.9370833859
43885,1.393215523729001,,0.0,1.393215523729001,2.903558369
43890,1.3931865780148731,,0.0,1.3931865780148731,2.8772817545
43895,1.3931558051337893,,0.0,1.3931558051337893,2.8655330367
43900,1.3931248931512852,,0.0,1.3931248931512852,2.8609910144
43905,1.3930953246866011,,0.0,1.3930953246866011,2.8758519717
43910,1.3930679921442402,,0.0,1.3930679921442402,2.8854522692
43915,1.3930431673835808,,0.0,1.3930431673835808,2.9148281989
43920,1.3930205503748192,,0.0,1.3930205503748192,2.907554782
43925,1.392999302621506,,0.0,1.392999302621506,2.9311745254
43930,1.3929781632754454,,0.0,1.3929781632754454,2.943397894
43935,1.3929557210642844,,0.0,1.3929557210642844,2.9419938843
43940,1.3929308121788695,,0.0,1.3929308121788695,2.9384754626
43945,1.3929028548851474,,0.0,1.3929028548851474,2.9477249545
43950,1.3928721315239871,,0.0,1.3928721315239871,2.9700871183
43955,1.3928396280829978,,0.0,1.3928396280829978,2.9798972343
43960,1.3928066488596742,,0.0,1.3928066488596742,2.9936524691
43965,1.392774426463578,,0.0,1.392774426463578,2.956778094
43970,1.3927438576418676,,0.0,1.3927438576418676,2.9134813859
43975,1.3927153980551452,,0.0,1.3927153980551452,2.8930029264
43980,1.392689057025343,,0.0,1.392689057025343,2.8787913419
43985,1.3926644506025292,,0.0,1.3926644506025292,2.8372084065
43990,1.3926408949661226,,0.0,1.3926408949661226,2.8640153658
43995,1.3926177080007736,,0.0,1.3926177080007736,2.8767456911
44000,1.3925944683551381,,0.0,1.3925944683551381,2.8898984269
44005,1.392571278684155,,0.0,1.392571278684155,2.9058379716
44010,1.39254877246997,,0.0,1.39254877246997,2.9286732916
44015,1.392527412830732,,0.0,1.392527412830732,2.944640749
44020,1.3925070187617972,,0.0,1.3925070187617972,2.948781217
44025,1.3924865379761546,,0.0,1.3924865379761546,2.9509121453
44030,1.392464296095594,,0.0,1.392464296095594,2.9365182497
44035,1.3924384703640247,,0.0,1.3924384703640247,2.8920881307
44040,1.3924074826237676,,0.0,1.3924074826237676,2.8585703772
44045,1.3923705718186212,,0.0,1.3923705718186212,2.851370709
44050,1.3923279273657045,,0.0,1.3923279273657045,2.8363336414
44055,1.392280527317615,,0.0,1.392280527317615,2.8359237675
44060,1.3922297800137085,,0.0,1.3922297800137085,2.8519250082
44065,1.3921771395617537,,0.0,1.3921771395617537,2.8735962842
44070,1.3921236966278392,,0.0,1.3921236966278392,2.880143075
44075,1.392069878565724,,0.0,1.392069878565724,2.8965011389
44080,1.3920155812880752,,0.0,1.3920155812880752,2.9296987957
44085,1.3919604946473816,,0.0,1.3919604946473816,2.9400724018
44090,1.3919044933659663,,0.0,1.3919044933659663,2.9404853163
44095,1.3918480660722412,,0.0,1.3918480660722412,2.9537285734
44100,1.39179233960594,,0.0,1.39179233960594,2.9565814113
44105,1.3917387454293568,,0.0,1.3917387454293568,2.9752695798
44110,1.391688698748246,,0.0,1.391688698748246,3.0034713859
44115,1.3916433230600873,,0.0,1.3916433230600873,3.0022653824
44120,1.3916032112852526,,0.0,1.3916032112852526,2.958429308
44125,1.39156852305615,,0.0,1.39156852305615,2.9000316213
44130,1.391538981284024,,0.0,1.391538981284024,2.8724834402
44135,1.3915138278911436,,0.0,1.3915138278911436,2.8315017311
44140,1.3914920557222927,,0.0,1.3914920557222927,2.848928299
44145,1.3914721696986727,,0.0,1.3914721696986727,2.8576962296
44150,1.3914525905030464,,0.0,1.3914525905030464,2.8629418571
44155,1.3914321122638829,,0.0,1.3914321122638829,2.8612426771
44160,1.391409977335444,,0.0,1.391409977335444,2.8735170829
44165,1.3913857933780585,,0.0,1.3913857933780585,2.8989269891
44170,1.3913596427430412,,0.0,1.3913596427430412,2.9023820852
44175,1.3913320318386844,,0.0,1.3913320318386844,2.8986840864
44180,1.3913038339026886,,0.0,1.3913038339026886,2.8804112904
44185,1.3912760219629023,,0.0,1.3912760219629023,2.8594749864
44190,1.3912494687568249,,0.0,1.3912494687568249,2.8144566924
44195,1.39122485103401,,0.0,1.39122485103401,2.8144019314
44200,1.3912024305816033,,0.0,1.3912024305816033,2.807563121
44205,1.3911820984921501,,0.0,1.3911820984921501,2.7924738724
44210,1.391163396649516,,0.0,1.391163396649516,2.8105672064
44215,1.3911458351065762,,0.0,1.3911458351065762,2.8334445488
44220,1.3911289742773776,,0.0,1.3911289742773776,2.8351025235
44225,1.391112306912381,,0.0,1.391112306912381,2.8421863255
44230,1.3910953599348856,,0.0,1.3910953599348856,2.8724204894
44235,1.3910776605637651,,0.0,1.3910776605637651,2.8923638255
44240,1.3910588152770542,,0.0,1.3910588152770542,2.8694950521
44245,1.3910387256033159,,0.0,1.3910387256033159,2.883499068
44250,1.3910178489083844,,0.0,1.3910178489083844,2.907799498
44255,1.39099697769293,,0.0,1.39099697769293,2.931299708
44260,1.3909769176674842,,0.0,1.3909769176674842,2.9614688332
44265,1.3909582075260563,,0.0,1.3909582075260563,2.9641973235
44270,1.3909411015755093,,0.0,1.3909411015755093,2.9063750809
44275,1.3909255874927031,,0.0,1.3909255874927031,2.8533812305
44280,1.3909115595305461,,0.0,1.3909115595305461,2.8216800277
44285,1.3908988623310774,,0.0,1.3908988623310774,2.7864854357
44290,1.3908871194246477,,0.0,1.3908871194246477,2.7919301964
44295,1.3908756243906737,,0.0,1.3908756243906737,2.8296668711
44300,1.3908634724333038,,0.0,1.3908634724333038,2.853879522
44305,1.3908497994776157,,0.0,1.3908497994776157,2.8671394699
44310,1.3908340415694365,,0.0,1.3908340415694365,2.8761469881
44315,1.3908157728328752,,0.0,1.3908157728328752,2.8977609585
44320,1.3907947534214324,,0.0,1.3907947534214324,2.9037454245
44325,1.3907708873646776,,0.0,1.3907708873646776,2.8979857659
44330,1.3907442439632198,,0.0,1.3907442439632198,2.8925915456
44335,1.390715287267401,,0.0,1.390715287267401,2.8671566509
44340,1.3906849620436992,,0.0,1.3906849620436992,2.8368248194
44345,1.3906545590387032,,0.0,1.3906545590387032,2.8303465128
44350,1.3906250983446522,,0.0,1.3906250983446522,2.8258104914
44355,1.3905970855740641,,0.0,1.3905970855740641,2.803867108
44360,1.3905705270704005,,0.0,1.3905705270704005,2.7992334301
44365,1.3905452260726787,,0.0,1.3905452260726787,2.8169680338
44370,1.3905212029527314,,0.0,1.3905212029527314,2.8287939698
44375,1.390498772359881,,0.0,1.390498772359881,2.8587169927
44380,1.3904782935295705,,0.0,1.3904782935295705,2.886191654
44385,1.390459988914938,,0.0,1.390459988914938,2.9122568498
44390,1.3904437748232192,,0.0,1.3904437748232192,2.8925396259
44395,1.3904291926380774,,0.0,1.3904291926380774,2.9077675267
44400,1.390415784766315,,0.0,1.390415784766315,2.9184430997
44405,1.3904030163336414,,0.0,1.3904030163336414,2.9363838123
44410,1.390390370359328,,0.0,1.390390370359328,2.9653931841
44415,1.3903774439767416,,0.0,1.3903774439767416,2.9767657566
44420,1.39036396464441,,0.0,1.39036396464441,2.9378758328
44425,1.3903499307025744,,0.0,1.3903499307025744,2.8964532105
44430,1.3903355904329464,,0.0,1.3903355904329464,2.9005144979
44435,1.3903215945518785,,0.0,1.3903215945518785,2.8602202057
44440,1.390308531068677,,0.0,1.390308531068677,2.8336916088
44445,1.3902967309801497,,0.0,1.3902967309801497,2.863396297
44450,1.3902860749428263,,0.0,1.3902860749428263,2.8929653824
44455,1.3902761344433905,,0.0,1.3902761344433905,2.9049916864
44460,1.3902666725228687,,0.0,1.3902666725228687,2.89608045
44465,1.390257641821297,,0.0,1.390257641821297,2.917620857
44470,1.390249170640296,,0.0,1.390249170640296,2.91060248
44475,1.3902414868897444,,0.0,1.3902414868897444,2.8937298543
44480,1.3902347874443062,,0.0,1.3902347874443062,2.8792585157
44485,1.3902292802285467,,0.0,1.3902292802285467,2.8621991302
44490,1.3902249742233521,,0.0,1.3902249742233521,2.8240029781
44495,1.3902215308152128,,0.0,1.3902215308152128,2.8003238808
44500,1.3902182466756983,,0.0,1.3902182466756983,2.783874695
44505,1.3902141986606664,,0.0,1.3902141986606664,2.7601341503
44510,1.390208549819744,,0.0,1.390208549819744,2.7513042873
44515,1.390200833874421,,0.0,1.390200833874421,2.7556478776
44520,1.3901911599140422,,0.0,1.3901911599140422,2.7761002482
44525,1.3901800662460981,,0.0,1.3901800662460981,2.7958162866
44530,1.3901681807823123,,0.0,1.3901681807823123,2.8259155073
44535,1.3901558403172807,,0.0,1.3901558403172807,2.8297745767
44540,1.3901429522455626,,0.0,1.3901429522455626,2.8319273549
44545,1.390129078436336,,0.0,1.390129078436336,2.8321367389
44550,1.39011364374911,,0.0,1.39011364374911,2.8337848215
44555,1.390096381576618,,0.0,1.390096381576618,2.856372828
44560,1.3900773859112223,,0.0,1.3900773859112223,2.8892325759
44565,1.3900570031650248,,0.0,1.3900570031650248,2.9078253002
44570,1.3900357638014507,,0.0,1.3900357638014507,2.8797856202
44575,1.3900143152855449,,0.0,1.3900143152855449,2.8305205094
44580,1.389993304036477,,0.0,1.389993304036477,2.779237721
44585,1.3899733862728139,,0.0,1.3899733862728139,2.7547738094
44590,1.3899551291318268,,0.0,1.3899551291318268,2.7314227755
44595,1.3899389018757207,,0.0,1.3899389018757207,2.7555934351
44600,1.3899248413322733,,0.0,1.3899248413322733,2.779713547
44605,1.3899128479841725,,0.0,1.3899128479841725,2.8002343119
44610,1.3899027916426745,,0.0,1.3899027916426745,2.8117614681
44615,1.3898945815439894,,0.0,1.3898945815439894,2.8165153138
44620,1.3898880361150634,,0.0,1.3898880361150634,2.8410324361
44625,1.3898827866848391,,0.0,1.3898827866848391,2.8516963211
44630,1.38987830349472,,0.0,1.38987830349472,2.8530115367
44635,1.389874035482084,,0.0,1.389874035482084,2.8386388997
44640,1.3898695390821045,,0.0,1.3898695390821045,2.8189152896
44645,1.3898646945647917,,0.0,1.3898646945647917,2.8032056715
44650,1.3898595340794442,,0.0,1.3898595340794442,2.7916960736
44655,1.389854110169929,,0.0,1.389854110169929,2.7765045573
44660,1.3898484706054666,,0.0,1.3898484706054666,2.7647851964
44665,1.3898427165858631,,0.0,1.3898427165858631,2.7737861712
44670,1.389837049805905,,0.0,1.389837049805905,2.8130569766
44675,1.3898317280511272,,0.0,1.3898317280511272,2.8364585877
44680,1.3898268964708376,,0.0,1.3898268964708376,2.8573454204
44685,1.3898224472944036,,0.0,1.3898224472944036,2.876945075
44690,1.389818028698455,,0.0,1.389818028698455,2.8892254633
44695,1.3898132491618318,,0.0,1.3898132491618318,2.8862946533
44700,1.3898078571969876,,0.0,1.3898078571969876,2.8934442092
44705,1.3898018959349119,,0.0,1.3898018959349119,2.9125203059
44710,1.3897957182448502,,0.0,1.3897957182448502,2.9381397835
44715,1.3897898113455558,,0.0,1.3897898113455558,2.9539645557
44720,1.3897845853793174,,0.0,1.3897845853793174,2.9227246398
44725,1.3897802514537985,,0.0,1.3897802514537985,2.8762743285
44730,1.3897768232790608,,0.0,1.3897768232790608,2.8201825326
44735,1.3897741845583134,,0.0,1.3897741845583134,2.7960156708
44740,1.389772076278255,,0.0,1.389772076278255,2.7741665789
44745,1.3897701952714554,,0.0,1.3897701952714554,2.7694379672
44750,1.3897684113036983,,0.0,1.3897684113036983,2.7804655369
44755,1.389766738607983,,0.0,1.389766738607983,2.8152078369
44760,1.3897653063953865,,0.0,1.3897653063953865,2.8497217703
44765,1.3897643260691463,,0.0,1.3897643260691463,2.8563241145
44770,1.3897640003471872,,0.0,1.3897640003471872,2.8648236149
44775,1.3897644346128175,,0.0,1.3897644346128175,2.8903672336
44780,1.3897656674042702,,0.0,1.3897656674042702,2.8985065716
44785,1.389767816859986,,0.0,1.389767816859986,2.8800207933
44790,1.3897711684584597,,0.0,1.3897711684584597,2.8620463094
44795,1.3897760677250728,,0.0,1.3897760677250728,2.8527654155
44800,1.3897826553982682,,0.0,1.3897826553982682,2.8349903869
44805,1.3897906306979393,,0.0,1.3897906306979393,2.8158039006
44810,1.3897992246101378,,0.0,1.3897992246101378,2.7968912508
44815,1.3898073989899065,,0.0,1.3898073989899065,2.7981624309
44820,1.3898141156695512,,0.0,1.3898141156695512,2.8378290421
44825,1.3898185411546353,,0.0,1.3898185411546353,2.8447830025
44830,1.3898201483921961,,0.0,1.3898201483921961,2.8508456595
44835,1.3898187291848323,,0.0,1.3898187291848323,2.8662594022
44840,1.3898143827770184,,0.0,1.3898143827770184,2.8902122533
44845,1.3898075548025959,,0.0,1.3898075548025959,2.8862232485
44850,1.389799092125016,,0.0,1.389799092125016,2.9007197582
44855,1.3897901841546418,,0.0,1.3897901841546418,2.9180053375
44860,1.3897821771831371,,0.0,1.3897821771831371,2.9415115168
44865,1.3897762902691564,,0.0,1.3897762902691564,2.9598674309
44870,1.3897733474260492,,0.0,1.3897733474260492,2.9486063683
44875,1.3897736581874438,,0.0,1.3897736581874438,2.9109601217
44880,1.3897770955931683,,0.0,1.3897770955931683,2.8618466878
44885,1.3897832227401674,,0.0,1.3897832227401674,2.8315495687
44890,1.3897912975798874,,0.0,1.3897912975798874,2.8019266813
44895,1.3898003250301507,,0.0,1.3898003250301507,2.7960063596
44900,1.389809114998503,,0.0,1.389809114998503,2.7977047042
44905,1.3898164039538503,,0.0,1.3898164039538503,2.8118208022
44910,1.3898212415365547,,0.0,1.3898212415365547,2.8403337787
44915,1.3898234903276911,,0.0,1.3898234903276911,2.8489667822
44920,1.3898239643820574,,0.0,1.3898239643820574,2.852275712
44925,1.3898241870170864,,0.0,1.3898241870170864,2.8714795946
44930,1.3898258842453997,,0.0,1.3898258842453997,2.8694329462
44935,1.3898304485818034,,0.0,1.3898304485818034,2.8691202172
44940,1.3898386079100615,,0.0,1.3898386079100615,2.8422626965
44945,1.3898501810209034,,0.0,1.3898501810209034,2.8166670241
44950,1.389864204526722,,0.0,1.389864204526722,2.7984792216
44955,1.3898792843666343,,0.0,1.3898792843666343,2.7830819935
44960,1.3898937983425146,,0.0,1.3898937983425146,2.7680759291
44965,1.3899062666317021,,0.0,1.3899062666317021,2.7705867626
44970,1.3899157113407534,,0.0,1.3899157113407534,2.8047852506
44975,1.3899218960108963,,0.0,1.3899218960108963,2.8162232265
44980,1.389925316114205,,0.0,1.389925316114205,2.8058855541
44985,1.3899268365441126,,0.0,1.3899268365441126,2.8296144437
44990,1.3899275787518215,,0.0,1.3899275787518215,2.858646815
44995,1.3899288596762764,,0.0,1.3899288596762764,2.8533276444
45000,1.389932297082001,,0.0,1.389932297082001,2.8545074803
45005,1.389939799214026,,0.0,1.389939799214026,2.854542681
45010,1.3899531860318632,,0.0,1.3899531860318632,2.8735439717
45015,1.38997361502394,,0.0,1.38997361502394,2.9104467666
45020,1.390001121136135,,0.0,1.390001121136135,2.9125701749
45025,1.3900343157188328,,0.0,1.3900343157188328,2.8698961885
45030,1.390070668504012,,0.0,1.390070668504012,2.8166520163
45035,1.3901072404910209,,0.0,1.3901072404910209,2.7778274456
45040,1.3901414279049904,,0.0,1.3901414279049904,2.7503515257
45045,1.390171507666297,,0.0,1.390171507666297,2.7419406354
45050,1.3901967324970104,,0.0,1.3901967324970104,2.7477251304
45055,1.3902171998454285,,0.0,1.3902171998454285,2.7596591957
45060,1.390233679180228,,0.0,1.390233679180228,2.7836229385
45065,1.39024745367677,,0.0,1.39024745367677,2.8181682903
45070,1.3902600042717996,,0.0,1.3902600042717996,2.8368699258
45075,1.390272730664832,,0.0,1.390272730664832,2.8394700992
45080,1.390286738459784,,0.0,1.390286738459784,2.8506860293
45085,1.390302800331168,,0.0,1.390302800331168,2.8526370228
45090,1.3903215597196825,,0.0,1.3903215597196825,2.8376696661
45095,1.3903435277627951,,0.0,1.3903435277627951,2.8063708082
45100,1.3903691061903194,,0.0,1.3903691061903194,2.7860223366
45105,1.39039855551616,,0.0,1.39039855551616,2.7547698921
45110,1.3904317642863844,,0.0,1.3904317642863844,2.7464650692
45115,1.3904683009409957,,0.0,1.3904683009409957,2.7468622414
45120,1.3905074379827496,,0.0,1.3905074379827496,2.7572591319
45125,1.3905483452594627,,0.0,1.3905483452594627,2.7854339695
45130,1.3905903174419,,0.0,1.3905903174419,2.7777260706
45135,1.3906327837549626,,0.0,1.3906327837549626,2.806588567
45140,1.3906751129446737,,0.0,1.3906751129446737,2.8354531283
45145,1.3907163240027003,,0.0,1.3907163240027003,2.8351728406
45150,1.3907550881898953,,0.0,1.3907550881898953,2.8463941089
45155,1.3907900465958818,,0.0,1.3907900465958818,2.8606289072
45160,1.3908200576931988,,0.0,1.3908200576931988,2.8854738268
45165,1.3908444090815846,,0.0,1.3908444090815846,2.9149844808
45170,1.3908628824231932,,0.0,1.3908628824231932,2.92495757
45175,1.3908758303144337,,0.0,1.3908758303144337,2.9060403085
45180,1.3908842045928107,,0.0,1.3908842045928107,2.8787735208
45185,1.3908896187256647,,0.0,1.3908896187256647,2.8468122507
45190,1.390894387758062,,0.0,1.390894387758062,2.842995316
45195,1.3909010835656725,,0.0,1.3909010835656725,2.8298514223
45200,1.3909118044700035,,0.0,1.3909118044700035,2.837313383
45205,1.390928045208807,,0.0,1.390928045208807,2.8451964984
45210,1.3909505031535712,,0.0,1.3909505031535712,2.8688100962
45215,1.3909790392710848,,0.0,1.3909790392710848,2.9001421323
45220,1.391012807084415,,0.0,1.391012807084415,2.9233144001
45225,1.3910504150791576,,0.0,1.3910504150791576,2.9296442868
45230,1.3910902753891823,,0.0,1.3910902753891823,2.9442617531
45235,1.391130877224823,,0.0,1.391130877224823,2.9398499862
45240,1.3911710161014708,,0.0,1.3911710161014708,2.9144066692
45245,1.391209988872587,,0.0,1.391209988872587,2.8727339845
45250,1.3912478593593036,,0.0,1.3912478593593036,2.8476683099
45255,1.391285262589844,,0.0,1.391285262589844,2.8265924152
45260,1.3913230585011016,,0.0,1.3913230585011016,2.8149290761
45265,1.391362002351491,,0.0,1.391362002351491,2.810141961
45270,1.391402490141247,,0.0,1.391402490141247,2.8168135428
45275,1.3914445945132325,,0.0,1.3914445945132325,2.8437490931
45280,1.3914881616783004,,0.0,1.3914881616783004,2.8564351461
45285,1.3915331026688367,,0.0,1.3915331026688367,2.8454447962
45290,1.391579308259078,,0.0,1.391579308259078,2.8910727143
45295,1.39162641750835,,0.0,1.39162641750835,2.9161503412
45300,1.3916737119002933,,0.0,1.3916737119002933,2.9085918661
45305,1.3917202142690308,,0.0,1.3917202142690308,2.9149274538
45310,1.3917649453341974,,0.0,1.3917649453341974,2.9284104167
45315,1.3918071397651444,,0.0,1.3918071397651444,2.9481983733
45320,1.3918462659388893,,0.0,1.3918462659388893,2.9741636924
45325,1.3918818747201824,,0.0,1.3918818747201824,2.9674103404
45330,1.3919134613150175,,0.0,1.3919134613150175,2.9253895988
45335,1.3919406112157133,,0.0,1.3919406112157133,2.8797509288
45340,1.3919632426393653,,0.0,1.3919632426393653,2.8683509342
45345,1.3919819264747548,,0.0,1.3919819264747548,2.8525550738
45350,1.3919977932903878,,0.0,1.3919977932903878,2.8443515546
45355,1.392012331275928,,0.0,1.392012331275928,2.8585069966
45360,1.39202718677558,,0.0,1.39202718677558,2.8711145597
45365,1.3920439032967178,,0.0,1.3920439032967178,2.8903117052
45370,1.3920636932134884,,0.0,1.3920636932134884,2.9212994286
45375,1.3920873159223355,,0.0,1.3920873159223355,2.9337087044
45380,1.392114986032331,,0.0,1.392114986032331,2.9384797944
45385,1.3921463770030045,,0.0,1.3921463770030045,2.940943017
45390,1.3921807049280521,,0.0,1.3921807049280521,2.9316454587
45395,1.3922169417574874,,0.0,1.3922169417574874,2.9105414316
45400,1.3922540774485683,,0.0,1.3922540774485683,2.8858572509
45405,1.3922912743915659,,0.0,1.3922912743915659,2.8531184608
45410,1.3923278530630825,,0.0,1.3923278530630825,2.8464969088
45415,1.3923632354805737,,0.0,1.3923632354805737,2.8534761369
45420,1.3923969786021513,,0.0,1.3923969786021513,2.8701113803
45425,1.3924289156334346,,0.0,1.3924289156334346,2.8799702279
45430,1.3924592862617682,,0.0,1.3924592862617682,2.9009535752
45435,1.3924886789966582,,0.0,1.3924886789966582,2.8964705301
45440,1.3925177966890703,,0.0,1.3925177966890703,2.9322204683
45445,1.3925472245062573,,0.0,1.3925472245062573,2.9588770986
45450,1.3925772848733973,,0.0,1.3925772848733973,2.9515166763
45455,1.392608024491098,,0.0,1.392608024491098,2.9613811822
45460,1.3926393031211182,,0.0,1.3926393031211182,2.9691835362
45465,1.3926709440787346,,0.0,1.3926709440787346,2.9817281992
45470,1.3927027245924997,,0.0,1.3927027245924997,2.9999201235
45475,1.3927342571201269,,0.0,1.3927342571201269,3.007433752
45480,1.3927648746887227,,0.0,1.3927648746887227,2.967578342
45485,1.3927935670963905,,0.0,1.3927935670963905,2.9107149846
45490,1.3928191703520858,,0.0,1.3928191703520858,2.8736395858
45495,1.3928406332601455,,0.0,1.3928406332601455,2.8617718023
45500,1.3928572253675906,,0.0,1.3928572253675906,2.8393400885
45505,1.3928686805673562,,0.0,1.3928686805673562,2.8509271851
45510,1.3928751968254547,,0.0,1.3928751968254547,2.8691989837
45515,1.3928774618503956,,0.0,1.3928774618503956,2.8839843865
45520,1.3928766077567616,,0.0,1.3928766077567616,2.904213398
45525,1.3928740913579563,,0.0,1.3928740913579563,2.9185900911
45530,1.3928715206645792,,0.0,1.3928715206645792,2.9246663522
45535,1.392870424882796,,0.0,1.392870424882796,2.9240994435
45540,1.3928719662984197,,0.0,1.3928719662984197,2.917131873
45545,1.392876931318761,,0.0,1.392876931318761,2.8875417582
45550,1.3928857339058263,,0.0,1.3928857339058263,2.8630258437
45555,1.39289834195579,,0.0,1.39289834195579,2.8369555322
45560,1.3929141660951623,,0.0,1.3929141660951623,2.8157783426
45565,1.3929321659053424,,0.0,1.3929321659053424,2.8114980465
45570,1.3929510540956787,,0.0,1.3929510540956787,2.8206082121
45575,1.3929695851195862,,0.0,1.3929695851195862,2.8331177415
45580,1.3929869009272942,,0.0,1.3929869009272942,2.8591115335
45585,1.393002792025424,,0.0,1.393002792025424,2.8479642194
45590,1.393017742881623,,0.0,1.393017742881623,2.8763792465
45595,1.3930322996701832,,0.0,1.3930322996701832,2.9168466182
45600,1.3930469177333964,,0.0,1.3930469177333964,2.9256101754
45605,1.3930617046372675,,0.0,1.3930617046372675,2.9216871423
45610,1.3930764497970711,,0.0,1.3930764497970711,2.9178194324
45615,1.3930912122820267,,0.0,1.3930912122820267,2.9453595718
45620,1.3931061939233391,,0.0,1.3931061939233391,2.9616505317
45625,1.393121657690447,,0.0,1.393121657690447,2.9695456189
45630,1.39313762206806,,0.0,1.39313762206806,2.9349369929
45635,1.3931537803418668,,0.0,1.3931537803418668,2.8731638462
45640,1.3931697105921128,,0.0,1.3931697105921128,2.8172182167
45645,1.3931851124706842,,0.0,1.3931851124706842,2.8113317126
45650,1.3931999576252647,,0.0,1.3931999576252647,2.7970810696
45655,1.393214439588265,,0.0,1.393214439588265,2.8183763464
45660,1.393228837221882,,0.0,1.393228837221882,2.8232829628
45665,1.3932434475774484,,0.0,1.3932434475774484,2.8271442258
45670,1.3932586350743117,,0.0,1.3932586350743117,2.8331343778
45675,1.3932748002827267,,0.0,1.3932748002827267,2.8584794097
45680,1.3932922814751567,,0.0,1.3932922814751567,2.8580719736
45685,1.3933110902699126,,0.0,1.3933110902699126,2.8528007162
45690,1.393330788695328,,0.0,1.393330788695328,2.8466047367
45695,1.3933506165364482,,0.0,1.3933506165364482,2.8257854256
45700,1.393369787749746,,0.0,1.393369787749746,2.7895740944
45705,1.3933877425872867,,0.0,1.3933877425872867,2.7646938722
45710,1.3934041988900927,,0.0,1.3934041988900927,2.7325192901
45715,1.393419079308861,,0.0,1.393419079308861,2.7137569149
45720,1.3934324204037565,,0.0,1.3934324204037565,2.7203971357
45725,1.393444346838572,,0.0,1.393444346838572,2.7124477325
45730,1.3934549796620102,,0.0,1.3934549796620102,2.7357519031
45735,1.3934645006517523,,0.0,1.3934645006517523,2.7422513805
45740,1.3934731796891089,,0.0,1.3934731796891089,2.74107899
45745,1.3934812538694725,,0.0,1.3934812538694725,2.7795194673
45750,1.3934887585707134,,0.0,1.3934887585707134,2.7986812571
45755,1.3934955943664649,,0.0,1.3934955943664649,2.79904076
45760,1.3935016534406213,,0.0,1.3935016534406213,2.8082506454
45765,1.393506976104856,,0.0,1.393506976104856,2.8229060607
45770,1.3935118551133185,,0.0,1.3935118551133185,2.8411582615
45775,1.3935165781954095,,0.0,1.3935165781954095,2.8624351358
45780,1.393521412685961,,0.0,1.393521412685961,2.8399803678
45785,1.3935265683511875,,0.0,1.3935265683511875,2.7927900693
45790,1.3935321599418031,,0.0,1.3935321599418031,2.7394218975
45795,1.393538335471905,,0.0,1.393538335471905,2.7249430879
45800,1.3935451546473332,,0.0,1.3935451546473332,2.7028516112
45805,1.3935525548974588,,0.0,1.3935525548974588,2.7080109005
45810,1.3935602809377525,,0.0,1.3935602809377525,2.7311355838
45815,1.3935678588502671,,0.0,1.3935678588502671,2.7387132655
45820,1.3935746570172427,,0.0,1.3935746570172427,2.7497332513
45825,1.3935799755889218,,0.0,1.3935799755889218,2.7846570457
45830,1.3935831303809403,,0.0,1.3935831303809403,2.8010376694
45835,1.3935835958409395,,0.0,1.3935835958409395,2.8084315306
45840,1.3935812601739404,,0.0,1.3935812601739404,2.8053605514
45845,1.3935766304930643,,0.0,1.3935766304930643,2.7977519614
45850,1.3935708893877479,,0.0,1.3935708893877479,2.7707200347
45855,1.3935655811384038,,0.0,1.3935655811384038,2.7440084359
45860,1.3935620199556062,,0.0,1.3935620199556062,2.7117594381
45865,1.3935607271400035,,0.0,1.3935607271400035,2.6978320417
45870,1.3935612453484982,,0.0,1.3935612453484982,2.6984034132
45875,1.3935624283017176,,0.0,1.3935624283017176,2.7090864072
45880,1.39356301226394,,0.0,1.39356301226394,2.7324364418
45885,1.393562105762857,,0.0,1.393562105762857,2.7556107572
45890,1.3935593467664458,,0.0,1.3935593467664458,2.7527238949
45895,1.3935547412543845,,0.0,1.3935547412543845,2.7809522393
45900,1.3935483655755738,,0.0,1.3935483655755738,2.806678361
45905,1.393540120508274,,0.0,1.393540120508274,2.8146509247
45910,1.3935297121842514,,0.0,1.3935297121842514,2.8348488065
45915,1.3935168791119343,,0.0,1.3935168791119343,2.8501322864
45920,1.3935016804287523,,0.0,1.3935016804287523,2.8718941473
45925,1.393484569544402,,0.0,1.393484569544402,2.8836233599
45930,1.393466193969401,,0.0,1.393466193969401,2.881551125
45935,1.3934471416903182,,0.0,1.3934471416903182,2.8452593913
45940,1.3934278103671478,,0.0,1.3934278103671478,2.8044151971
45945,1.3934084162232474,,0.0,1.3934084162232474,2.7821615792
45950,1.3933891233928366,,0.0,1.3933891233928366,2.7690803913
45955,1.3933701522600384,,0.0,1.3933701522600384,2.7727882171
45960,1.3933517142053542,,0.0,1.3933517142053542,2.7960959141
45965,1.3933339751364433,,0.0,1.3933339751364433,2.8097951715
45970,1.3933170700394346,,0.0,1.3933170700394346,2.8373073807
45975,1.3933011698012634,,0.0,1.3933011698012634,2.8614081852
45980,1.3932865148368399,,0.0,1.3932865148368399,2.8958356733
45985,1.3932732726453734,,0.0,1.3932732726453734,2.9002293272
45990,1.3932613253612602,,0.0,1.3932613253612602,2.8943913346
45995,1.3932502928542874,,0.0,1.3932502928542874,2.8800094098
46000,1.3932394990342563,,0.0,1.3932394990342563,2.8672557704
46005,1.3932280169373052,,0.0,1.3932280169373052,2.8401883298
46010,1.3932148070315558,,0.0,1.3932148070315558,2.8319742942
46015,1.3931988450867396,,0.0,1.3931988450867396,2.825695804
46020,1.3931793639987675,,0.0,1.3931793639987675,2.8370358927
46025,1.3931560881112781,,0.0,1.3931560881112781,2.8536421458
46030,1.3931293589480427,,0.0,1.3931293589480427,2.8651638475
46035,1.3931003805844149,,0.0,1.3931003805844149,2.9013271576
46040,1.3930710133143156,,0.0,1.3930710133143156,2.8894881651
46045,1.3930431532870002,,0.0,1.3930431532870002,2.9131230422
46050,1.3930180489365789,,0.0,1.3930180489365789,2.9401093994
46055,1.3929959499544207,,0.0,1.3929959499544207,2.9475798295
46060,1.392976256258181,,0.0,1.392976256258181,2.9459282418
46065,1.3929577818706969,,0.0,1.3929577818706969,2.9630973456
46070,1.3929391533757547,,0.0,1.3929391533757547,2.9869399865
46075,1.3929191702448829,,0.0,1.3929191702448829,2.9999314147
46080,1.3928970642144343,,0.0,1.3928970642144343,3.0126405847
46085,1.3928725622199996,,0.0,1.3928725622199996,2.9674284801
46090,1.3928459448744799,,0.0,1.3928459448744799,2.921539718
46095,1.3928179273292436,,0.0,1.3928179273292436,2.8972175144
46100,1.3927894330012707,,0.0,1.3927894330012707,2.8759868694
46105,1.3927614027009028,,0.0,1.3927614027009028,2.8454087279
46110,1.3927344529716525,,0.0,1.3927344529716525,2.861251624
46115,1.3927086006384712,,0.0,1.3927086006384712,2.8626906679
46120,1.3926832452324953,,0.0,1.3926832452324953,2.8697438011
46125,1.3926574540830217,,0.0,1.3926574540830217,2.8784305751
46130,1.39263039892499,,0.0,1.39263039892499,2.9063457432
46135,1.3926017253658147,,0.0,1.3926017253658147,2.9111122088
46140,1.3925717120175922,,0.0,1.3925717120175922,2.9131386152
46145,1.3925411773914582,,0.0,1.3925411773914582,2.9126470659
46150,1.3925111913042036,,0.0,1.3925111913042036,2.9042037593
46155,1.3924826803104344,,0.0,1.3924826803104344,2.8578344534
46160,1.3924560189699413,,0.0,1.3924560189699413,2.8252075821
46165,1.3924308432271597,,0.0,1.3924308432271597,2.8118405965
46170,1.3924061668898529,,0.0,1.3924061668898529,2.7879206696
46175,1.3923807200152576,,0.0,1.3923807200152576,2.7903259716
46180,1.392353487922402,,0.0,1.392353487922402,2.7990367082
46185,1.3923242845818942,,0.0,1.3923242845818942,2.8260720666
46190,1.3922937449992203,,0.0,1.3922937449992203,2.8325148737
46195,1.3922629427426811,,0.0,1.3922629427426811,2.8486280519
46200,1.392232957633093,,0.0,1.392232957633093,2.8677643501
46205,1.3922043501004826,,0.0,1.3922043501004826,2.8847157584
46210,1.3921768271178638,,0.0,1.3921768271178638,2.8974163372
46215,1.3921493361481252,,0.0,1.3921493361481252,2.9213205798
46220,1.392120418922732,,0.0,1.392120418922732,2.9210740491
46225,1.3920886629415645,,0.0,1.3920886629415645,2.9435705777
46230,1.3920530873327086,,0.0,1.3920530873327086,2.9636297964
46235,1.392013355597142,,0.0,1.392013355597142,2.9627916082
46240,1.3919697204729133,,0.0,1.3919697204729133,2.9302491797
46245,1.391922935763307,,0.0,1.391922935763307,2.8883543171
46250,1.391873920224336,,0.0,1.391873920224336,2.8713218864
46255,1.3918236613214767,,0.0,1.3918236613214767,2.8350793813
46260,1.3917730701485693,,0.0,1.3917730701485693,2.864738683
46265,1.391722842917544,,0.0,1.391722842917544,2.8673624836
46270,1.3916734218745141,,0.0,1.3916734218745141,2.8712810175
46275,1.3916251511124678,,0.0,1.3916251511124678,2.8567328669
46280,1.3915784262223836,,0.0,1.3915784262223836,2.8747943476
46285,1.3915337203719071,,0.0,1.3915337203719071,2.8925093438
46290,1.3914914886532308,,0.0,1.3914914886532308,2.8915720607
46295,1.3914520664285552,,0.0,1.3914520664285552,2.8881799885
46300,1.3914155862739483,,0.0,1.3914155862739483,2.8584175198
46305,1.3913820274765316,,0.0,1.3913820274765316,2.8255602519
46310,1.3913512052346788,,0.0,1.3913512052346788,2.7865515331
46315,1.3913229185584337,,0.0,1.3913229185584337,2.7740771297
46320,1.3912968451363004,,0.0,1.3912968451363004,2.7578938905
46325,1.3912723889330165,,0.0,1.3912723889330165,2.7493095586
46330,1.3912490887857663,,0.0,1.3912490887857663,2.7630130887
46335,1.3912267785367893,,0.0,1.3912267785367893,2.7740984738
46340,1.3912056221838862,,0.0,1.3912056221838862,2.7765246734
46345,1.3911859002490123,,0.0,1.3911859002490123,2.7767056741
46350,1.3911678001030086,,0.0,1.3911678001030086,2.8070831275
46355,1.3911513268388331,,0.0,1.3911513268388331,2.8200196993
46360,1.3911362734868506,,0.0,1.3911362734868506,2.800438519
46365,1.3911222169222768,,0.0,1.3911222169222768,2.8248283266
46370,1.3911086298193123,,0.0,1.3911086298193123,2.8504025018
46375,1.3910949791680525,,0.0,1.3910949791680525,2.8783598148
46380,1.3910806525857493,,0.0,1.3910806525857493,2.9089830209
46385,1.391065245887057,,0.0,1.391065245887057,2.911242198
46390,1.3910486336124068,,0.0,1.3910486336124068,2.8640752082
46395,1.391030936173882,,0.0,1.391030936173882,2.8182110176
46400,1.3910124769743266,,0.0,1.3910124769743266,2.7951539479
46405,1.3909937706980902,,0.0,1.3909937706980902,2.7624622631
46410,1.390975300084852,,0.0,1.390975300084852,2.7753476097
46415,1.39095745831553,,0.0,1.39095745831553,2.8095767455
46420,1.3909405565380384,,0.0,1.3909405565380384,2.8321981736
46425,1.390924795082978,,0.0,1.390924795082978,2.8380044719
46430,1.3909102506175577,,0.0,1.3909102506175577,2.8418619534
46435,1.3908968575017322,,0.0,1.3908968575017322,2.8697835626
46440,1.3908843812547977,,0.0,1.3908843812547977,2.8714315031
46445,1.390872421397444,,0.0,1.390872421397444,2.8641663861
46450,1.3908605993910075,,0.0,1.3908605993910075,2.841920311
46455,1.3908485717563848,,0.0,1.3908485717563848,2.8185134179
46460,1.3908361597171015,,0.0,1.3908361597171015,2.7721617129
46465,1.3908226677660562,,0.0,1.3908226677660562,2.7618215261
46470,1.3908071103021598,,0.0,1.3908071103021598,2.7491781109
46475,1.3907887175611613,,0.0,1.3907887175611613,2.7279760095
46480,1.3907673690172961,,0.0,1.3907673690172961,2.7315565369
46485,1.3907437667712277,,0.0,1.3907437667712277,2.7628309724
46490,1.3907191952488194,,0.0,1.3907191952488194,2.7752707369
46495,1.390695014815579,,0.0,1.390695014815579,2.7956904835
46500,1.3906721790142436,,0.0,1.3906721790142436,2.8214935042
46505,1.390650927668576,,0.0,1.390650927668576,2.8497653058
46510,1.3906306714278216,,0.0,1.3906306714278216,2.8353630606
46515,1.3906104287152374,,0.0,1.3906104287152374,2.862093406
46520,1.390589498657927,,0.0,1.390589498657927,2.8846291502
46525,1.3905679390973438,,0.0,1.3905679390973438,2.9206133264
46530,1.3905463648262968,,0.0,1.3905463648262968,2.9568935951
46535,1.3905256530840953,,0.0,1.3905256530840953,2.9677987955
46540,1.3905063688025785,,0.0,1.3905063688025785,2.9187261894
46545,1.3904885849201831,,0.0,1.3904885849201831,2.8712553404
46550,1.390472110655605,,0.0,1.390472110655605,2.8594027551
46555,1.390456549326517,,0.0,1.390456549326517,2.8169516639
46560,1.3904414093715094,,0.0,1.3904414093715094,2.8015660861
46565,1.3904262667336036,,0.0,1.3904262667336036,2.8393890113
46570,1.390410853168512,,0.0,1.390410853168512,2.8648242034
46575,1.3903952210609474,,0.0,1.3903952210609474,2.8743935015
46580,1.3903798569475703,,0.0,1.3903798569475703,2.8636153162
46585,1.3903652646674578,,0.0,1.3903652646674578,2.8883001679
46590,1.3903518166659137,,0.0,1.3903518166659137,2.8889214212
46595,1.3903396819427505,,0.0,1.3903396819427505,2.8811804544
46600,1.390329011626955,,0.0,1.390329011626955,2.8633391249
46605,1.3903197351219418,,0.0,1.3903197351219418,2.8455191741
46610,1.3903117761470207,,0.0,1.3903117761470207,2.8080304731
46615,1.3903051048720074,,0.0,1.3903051048720074,2.7950751501
46620,1.3902997427600834,,0.0,1.3902997427600834,2.7910112954
46625,1.3902958641086476,,0.0,1.3902958641086476,2.7631549032
46630,1.390293527236618,,0.0,1.390293527236618,2.7481290018
46635,1.390292602887445,,0.0,1.390292602887445,2.7549216525
46640,1.390292793350439,,0.0,1.390292793350439,2.7819236353
46645,1.3902935895116735,,0.0,1.3902935895116735,2.8018985726
46650,1.3902942916350733,,0.0,1.3902942916350733,2.825894127
46655,1.3902940092487313,,0.0,1.3902940092487313,2.840392205
46660,1.3902916674883716,,0.0,1.3902916674883716,2.8377570503
46665,1.390286320814477,,0.0,1.390286320814477,2.8450668326
46670,1.3902773948595941,,0.0,1.3902773948595941,2.8475208084
46675,1.3902647916524877,,0.0,1.3902647916524877,2.8681471013
46680,1.3902485760601653,,0.0,1.3902485760601653,2.8993761002
46685,1.39022893950055,,0.0,1.39022893950055,2.9170422701
46690,1.3902061084965993,,0.0,1.3902061084965993,2.8808895798
46695,1.3901804437843597,,0.0,1.3901804437843597,2.8290559598
46700,1.390152530212774,,0.0,1.390152530212774,2.7978219933
46705,1.390123084979489,,0.0,1.390123084979489,2.770900104
46710,1.3900928802815522,,0.0,1.3900928802815522,2.7392968945
46715,1.3900626955689286,,0.0,1.3900626955689286,2.7652236762
46720,1.3900333264344429,,0.0,1.3900333264344429,2.7917803141
46725,1.3900056541417511,,0.0,1.3900056541417511,2.8102773049
46730,1.389980682299188,,0.0,1.389980682299188,2.8101546215
46735,1.3899593890730337,,0.0,1.3899593890730337,2.8162816746
46740,1.3899424299315535,,0.0,1.3899424299315535,2.821537433
46745,1.3899300176876423,,0.0,1.3899300176876423,2.8150119518
46750,1.3899218451495239,,0.0,1.3899218451495239,2.8149878715
46755,1.3899173565254004,,0.0,1.3899173565254004,2.7973833498
46760,1.3899158872069655,,0.0,1.3899158872069655,2.7648787621
46765,1.3899167892062374,,0.0,1.3899167892062374,2.7499175577
46770,1.389919371222352,,0.0,1.389919371222352,2.7305046424
46775,1.3899228227246572,,0.0,1.3899228227246572,2.7061876759
46780,1.3899262325965767,,0.0,1.3899262325965767,2.7015461683
46785,1.3899287245309933,,0.0,1.3899287245309933,2.7150225787
46790,1.389929636420608,,0.0,1.389929636420608,2.7504237426
46795,1.3899286481366206,,0.0,1.3899286481366206,2.7802286541
46800,1.3899257597927135,,0.0,1.3899257597927135,2.8053302145
46805,1.3899211435490617,,0.0,1.3899211435490617,2.8205213166
46810,1.389915114350562,,0.0,1.389915114350562,2.8273024804
46815,1.3899080360708866,,0.0,1.3899080360708866,2.8381738256
46820,1.3899002939786798,,0.0,1.3899002939786798,2.8571460505
46825,1.389892307560899,,0.0,1.389892307560899,2.87718288
46830,1.389884486982569,,0.0,1.389884486982569,2.9087337409
46835,1.3898771531682643,,0.0,1.3898771531682643,2.9251121978
46840,1.3898705209544213,,0.0,1.3898705209544213,2.9016401574
46845,1.3898647382869282,,0.0,1.3898647382869282,2.8629682205
46850,1.3898599234406441,,0.0,1.3898599234406441,2.8125277925
46855,1.3898561435334822,,0.0,1.3898561435334822,2.7960326721
46860,1.3898533672573912,,0.0,1.3898533672573912,2.7702717918
46865,1.3898513473537992,,0.0,1.3898513473537992,2.7689172446
46870,1.3898497616476284,,0.0,1.3898497616476284,2.7878446879
46875,1.3898483649265843,,0.0,1.3898483649265843,2.8170041507
46880,1.3898470348914613,,0.0,1.3898470348914613,2.8309980554
46885,1.3898457381197213,,0.0,1.3898457381197213,2.8250203584
46890,1.3898444298206163,,0.0,1.3898444298206163,2.8299024139
46895,1.389843018866573,,0.0,1.389843018866573,2.8444773148
46900,1.389841412606678,,0.0,1.389841412606678,2.8448729104
46905,1.3898396733387235,,0.0,1.3898396733387235,2.8228528019
46910,1.389838154932357,,0.0,1.389838154932357,2.8001042495
46915,1.3898373755506006,,0.0,1.3898373755506006,2.7809653757
46920,1.3898377703458054,,0.0,1.3898377703458054,2.764747809
46925,1.3898395587016914,,0.0,1.3898395587016914,2.7533749889
46930,1.3898427654009577,,0.0,1.3898427654009577,2.7385128608
46935,1.3898473278047658,,0.0,1.3898473278047658,2.7439085142
46940,1.3898531864346395,,0.0,1.3898531864346395,2.7825831626
46945,1.3898603027068737,,0.0,1.3898603027068737,2.78891472
46950,1.3898685882904744,,0.0,1.3898685882904744,2.8031191885
46955,1.3898777812618788,,0.0,1.3898777812618788,2.8260150635
46960,1.3898873152113806,,0.0,1.3898873152113806,2.8452542766
46965,1.3898962896175753,,0.0,1.3898962896175753,2.8374524987
46970,1.3899036480781597,,0.0,1.3899036480781597,2.8382846862
46975,1.3899084172469753,,0.0,1.3899084172469753,2.8544263329
46980,1.389909842775064,,0.0,1.389909842775064,2.8777641857
46985,1.3899074768458894,,0.0,1.3899074768458894,2.8867363892
46990,1.3899012281954595,,0.0,1.3899012281954595,2.8630946694
46995,1.3898913749584054,,0.0,1.3898913749584054,2.8176273824
47000,1.3898786332410256,,0.0,1.3898786332410256,2.7635567847
47005,1.3898642742593235,,0.0,1.3898642742593235,2.7389759917
47010,1.389850020547248,,0.0,1.389850020547248,2.7331999443
47015,1.389837747995904,,0.0,1.389837747995904,2.7411211151
47020,1.389829070504624,,0.0,1.389829070504624,2.7515055433
47025,1.3898249648072933,,0.0,1.3898249648072933,2.7782992481
47030,1.3898254635079392,,0.0,1.3898254635079392,2.8086395408
47035,1.3898297248133313,,0.0,1.3898297248133313,2.8229497894
47040,1.3898364585680278,,0.0,1.3898364585680278,2.8260059507
47045,1.389844331235497,,0.0,1.389844331235497,2.847807889
47050,1.3898523263840634,,0.0,1.3898523263840634,2.8435874498
47055,1.3898600314613778,,0.0,1.3898600314613778,2.8257574388
47060,1.3898676683976399,,0.0,1.3898676683976399,2.7972095088
47065,1.3898759373154446,,0.0,1.3898759373154446,2.7700213412
47070,1.3898856010216978,,0.0,1.3898856010216978,2.747641016
47075,1.3898970645657296,,0.0,1.3898970645657296,2.7329984548
47080,1.389910314760416,,0.0,1.389910314760416,2.7198602505
47085,1.389925023451001,,0.0,1.389925023451001,2.7220383297
47090,1.389940671633215,,0.0,1.389940671633215,2.7602069587
47095,1.3899567755215039,,0.0,1.3899567755215039,2.7638405682
47100,1.389973066030332,,0.0,1.389973066030332,2.7633822423
47105,1.3899892552711433,,0.0,1.3899892552711433,2.7870252344
47110,1.390004802480914,,0.0,1.390004802480914,2.8116027806
47115,1.3900189538563612,,0.0,1.3900189538563612,2.7986068957
47120,1.3900307986901639,,0.0,1.3900307986901639,2.798376716
47125,1.3900395463005646,,0.0,1.3900395463005646,2.8149806496
47130,1.3900449042744603,,0.0,1.3900449042744603,2.8345919393
47135,1.3900472348939739,,0.0,1.3900472348939739,2.8598045689
47140,1.3900475330593918,,0.0,1.3900475330593918,2.8560725559
47145,1.3900471520651942,,0.0,1.3900471520651942,2.8077297778
47150,1.3900475124829312,,0.0,1.3900475124829312,2.7517918691
47155,1.3900498806175388,,0.0,1.3900498806175388,2.7172768711
47160,1.3900551357546047,,0.0,1.3900551357546047,2.6859962281
47165,1.3900638208625857,,0.0,1.3900638208625857,2.6882545684
47170,1.3900761148998468,,0.0,1.3900761148998468,2.7040818376
47175,1.3900919100730191,,0.0,1.3900919100730191,2.7242375025
47180,1.3901107661367933,,0.0,1.3901107661367933,2.7496223635
47185,1.3901320998565123,,0.0,1.3901320998565123,2.7731584943
47190,1.3901552524216574,,0.0,1.3901552524216574,2.7906309191
47195,1.3901795190031947,,0.0,1.3901795190031947,2.8054665276
47200,1.3902043002463451,,0.0,1.3902043002463451,2.81993849
47205,1.3902291238929199,,0.0,1.3902291238929199,2.8205872768
47210,1.3902537505511479,,0.0,1.3902537505511479,2.8066826768
47215,1.3902783763681283,,0.0,1.3902783763681283,2.7778574513
47220,1.390303426719551,,0.0,1.390303426719551,2.759133216
47225,1.3903291952235501,,0.0,1.3903291952235501,2.7409396806
47230,1.3903557514990446,,0.0,1.3903557514990446,2.7344095059
47235,1.3903829258186557,,0.0,1.3903829258186557,2.7340026171
47240,1.3904103712473443,,0.0,1.3904103712473443,2.7551250639
47245,1.3904377897106384,,0.0,1.3904377897106384,2.7725665853
47250,1.3904651439208082,,0.0,1.3904651439208082,2.7588213868
47255,1.3904925694551291,,0.0,1.3904925694551291,2.786133033
47260,1.3905203884432056,,0.0,1.3905203884432056,2.8133832423
47265,1.3905490570685775,,0.0,1.3905490570685775,2.8165009873
47270,1.390578927813971,,0.0,1.390578927813971,2.8274387311
47275,1.3906100692296939,,0.0,1.3906100692296939,2.8392405292
47280,1.3906423579479286,,0.0,1.3906423579479286,2.8659632608
47285,1.390675580564633,,0.0,1.390675580564633,2.8968879068
47290,1.390709263252805,,0.0,1.390709263252805,2.9103693916
47295,1.3907427195544386,,0.0,1.3907427195544386,2.8769470356
47300,1.3907750968765038,,0.0,1.3907750968765038,2.8349827472
47305,1.3908055472187273,,0.0,1.3908055472187273,2.8122890956
47310,1.3908333734369855,,0.0,1.3908333734369855,2.806613157
47315,1.3908580196030622,,0.0,1.3908580196030622,2.802537334
47320,1.3908792024666314,,0.0,1.3908792024666314,2.8223498868
47325,1.3908969911918845,,0.0,1.3908969911918845,2.844269644
47330,1.3909118249782546,,0.0,1.3909118249782546,2.8718455284
47335,1.3909244097461242,,0.0,1.3909244097461242,2.9133990596
47340,1.3909358188591654,,0.0,1.3909358188591654,2.9319364949
47345,1.3909474419446592,,0.0,1.3909474419446592,2.9329280171
47350,1.390960534621425,,0.0,1.390960534621425,2.9419788376
47355,1.3909760006621747,,0.0,1.3909760006621747,2.9338474391
47360,1.3909943273993448,,0.0,1.3909943273993448,2.9071683655
47365,1.3910157028631318,,0.0,1.3910157028631318,2.8649617372
47370,1.391040052227976,,0.0,1.391040052227976,2.839735755
47375,1.3910671429002963,,0.0,1.3910671429002963,2.8109222736
47380,1.3910968555138858,,0.0,1.3910968555138858,2.7999658383
47385,1.3911291071717553,,0.0,1.3911291071717553,2.7890552627
47390,1.3911637803948202,,0.0,1.3911637803948202,2.7951172265
47395,1.3912007232128465,,0.0,1.3912007232128465,2.8162089935
47400,1.3912397250183717,,0.0,1.3912397250183717,2.8094673066
47405,1.3912804022252463,,0.0,1.3912804022252463,2.8149501896
47410,1.3913220066688192,,0.0,1.3913220066688192,2.8464936866
47415,1.3913636459900611,,0.0,1.3913636459900611,2.8574337407
47420,1.3914046196571217,,0.0,1.3914046196571217,2.859369216
47425,1.3914445265540718,,0.0,1.3914445265540718,2.875959893
47430,1.3914832802597772,,0.0,1.3914832802597772,2.9020858393
47435,1.3915211190746601,,0.0,1.3915211190746601,2.9267439816
47440,1.3915584688291396,,0.0,1.3915584688291396,2.9477019516
47445,1.3915957309119817,,0.0,1.3915957309119817,2.9290829596
47450,1.3916331062676703,,0.0,1.3916331062676703,2.8907328421
47455,1.3916705388054564,,0.0,1.3916705388054564,2.8478809942
47460,1.3917077398182736,,0.0,1.3917077398182736,2.8345965189
47465,1.3917442207913913,,0.0,1.3917442207913913,2.8202189967
47470,1.3917793025879315,,0.0,1.3917793025879315,2.8276388148
47475,1.3918121559879044,,0.0,1.3918121559879044,2.8475294852
47480,1.3918419667546207,,0.0,1.3918419667546207,2.8748328915
47485,1.3918683807683325,,0.0,1.3918683807683325,2.9093186924
47490,1.3918917904823929,,0.0,1.3918917904823929,2.9422950297
47495,1.3919133649353312,,0.0,1.3919133649353312,2.9536347074
47500,1.3919348744985258,,0.0,1.3919348744985258,2.9715466751
47505,1.3919582534502093,,0.0,1.3919582534502093,2.9692072621
47510,1.3919852000418336,,0.0,1.3919852000418336,2.9563487771
47515,1.3920169186897986,,0.0,1.3920169186897986,2.9204513153
47520,1.3920539830567285,,0.0,1.3920539830567285,2.9001062679
47525,1.3920962674102184,,0.0,1.3920962674102184,2.8812930691
47530,1.3921429462363148,,0.0,1.3921429462363148,2.8693613136
47535,1.3921925166348903,,0.0,1.3921925166348903,2.8818653357
47540,1.3922430272299238,,0.0,1.3922430272299238,2.9026533769
47545,1.3922923572363257,,0.0,1.3922923572363257,2.9361488501
47550,1.3923386456780835,,0.0,1.3923386456780835,2.9596094213
47555,1.3923805410341559,,0.0,1.3923805410341559,2.947304824
47560,1.3924171919165436,,0.0,1.3924171919165436,2.9863332359
47565,1.392448181521187,,0.0,1.392448181521187,3.0031522962
47570,1.3924734884985877,,0.0,1.3924734884985877,2.9917716856
47575,1.3924935496153816,,0.0,1.3924935496153816,3.0035577455
47580,1.3925093519505265,,0.0,1.3925093519505265,3.0108867268
47585,1.3925223959713522,,0.0,1.3925223959713522,3.0178587764
47590,1.3925344423407855,,0.0,1.3925344423407855,3.0272330694
47595,1.3925470783565466,,0.0,1.3925470783565466,3.0115110604
47600,1.3925613649454862,,0.0,1.3925613649454862,2.9535303268
47605,1.3925777715010041,,0.0,1.3925777715010041,2.8986576315
47610,1.392596302001974,,0.0,1.392596302001974,2.8695297161
47615,1.392616704528857,,0.0,1.392616704528857,2.8508601254
47620,1.3926385750327266,,0.0,1.3926385750327266,2.8493621035
47625,1.3926613129765084,,0.0,1.3926613129765084,2.8744054986
47630,1.3926840317762244,,0.0,1.3926840317762244,2.8923638543
47635,1.3927056355136724,,0.0,1.3927056355136724,2.9024889729
47640,1.3927249871859393,,0.0,1.3927249871859393,2.9277383278
47645,1.3927411502116578,,0.0,1.3927411502116578,2.9334007409
47650,1.3927534470909717,,0.0,1.3927534470909717,2.9379157032
47655,1.3927615800677187,,0.0,1.3927615800677187,2.9382558266
47660,1.3927657523600245,,0.0,1.3927657523600245,2.9177770351
47665,1.3927667094041702,,0.0,1.3927667094041702,2.8964164351
47670,1.392765663255993,,0.0,1.392765663255993,2.8632412249
47675,1.39276405247155,,0.0,1.39276405247155,2.8303665416
47680,1.3927632841396944,,0.0,1.3927632841396944,2.8121066019
47685,1.3927645140436216,,0.0,1.3927645140436216,2.8047186523
47690,1.3927686730578581,,0.0,1.3927686730578581,2.8079392102
47695,1.3927764525514765,,0.0,1.3927764525514765,2.8190244087
47700,1.3927883486786434,,0.0,1.3927883486786434,2.83938187
47705,1.3928045029053673,,0.0,1.3928045029053673,2.8382805986
47710,1.3928245183901655,,0.0,1.3928245183901655,2.8737281124
47715,1.392847455755091,,0.0,1.392847455755091,2.9000148067
47720,1.3928720228438973,,0.0,1.3928720228438973,2.9031881921
47725,1.3928969129490292,,0.0,1.3928969129490292,2.9041655745
47730,1.3929211364223135,,0.0,1.3929211364223135,2.8990663657
47735,1.3929442109105907,,0.0,1.3929442109105907,2.9166480028
47740,1.392966190230968,,0.0,1.392966190230968,2.9229044207
47745,1.392987087593306,,0.0,1.392987087593306,2.9342719895
47750,1.3930067957726453,,0.0,1.3930067957726453,2.8905363907
47755,1.3930248828906802,,0.0,1.3930248828906802,2.8328189272
47760,1.3930408804407308,,0.0,1.3930408804407308,2.8023973676
47765,1.3930547987906048,,0.0,1.3930547987906048,2.7866374312
47770,1.3930669009324774,,0.0,1.3930669009324774,2.7722988106
47775,1.393077515021105,,0.0,1.393077515021105,2.775694962
47780,1.393086825585276,,0.0,1.393086825585276,2.7865934711
47785,1.3930949109974315,,0.0,1.3930949109974315,2.7981803423
47790,1.393101921795411,,0.0,1.393101921795411,2.8219591527
47795,1.3931081731742114,,0.0,1.3931081731742114,2.8479211201
47800,1.3931140418763195,,0.0,1.3931140418763195,2.8505882673
47805,1.3931198206558846,,0.0,1.3931198206558846,2.8434995317
47810,1.3931256597324366,,0.0,1.3931256597324366,2.8327054786
47815,1.3931317141228903,,0.0,1.3931317141228903,2.8085624804
47820,1.3931383050473938,,0.0,1.3931383050473938,2.7852082133
47825,1.3931459854329555,,0.0,1.3931459854329555,2.7562669855
47830,1.393155452105389,,0.0,1.393155452105389,2.7264342649
47835,1.3931673468456345,,0.0,1.3931673468456345,2.7175648724
47840,1.3931821111267673,,0.0,1.3931821111267673,2.7257025466
47845,1.3931999086510152,,0.0,1.3931999086510152,2.7201619144
47850,1.3932206174602182,,0.0,1.3932206174602182,2.7446674172
47855,1.3932438426000173,,0.0,1.3932438426000173,2.7410004643
47860,1.3932687741081706,,0.0,1.3932687741081706,2.7546318402
47865,1.3932941337885936,,0.0,1.3932941337885936,2.7755377435
47870,1.393318325203525,,0.0,1.393318325203525,2.7778129045
47875,1.3933399062954985,,0.0,1.3933399062954985,2.7685773195
47880,1.3933581206920147,,0.0,1.3933581206920147,2.7654443421
47885,1.393372954478385,,0.0,1.393372954478385,2.7881500637
47890,1.393385100319658,,0.0,1.393385100319658,2.8057773974
47895,1.393395532676077,,0.0,1.393395532676077,2.8168539914
47900,1.3934049838650082,,0.0,1.3934049838650082,2.7840289047
47905,1.3934136596283204,,0.0,1.3934136596283204,2.7272870675
47910,1.3934213360804812,,0.0,1.3934213360804812,2.6847831758
47915,1.3934277110089905,,0.0,1.3934277110089905,2.6827985205
47920,1.3934326939228945,,0.0,1.3934326939228945,2.663164952
47925,1.3934363254749131,,0.0,1.3934363254749131,2.6867545295
47930,1.3934387718682797,,0.0,1.3934387718682797,2.6990043977
47935,1.3934405755939863,,0.0,1.3934405755939863,2.7064969727
47940,1.393442496457731,,0.0,1.393442496457731,2.7298397863
47945,1.3934453522658203,,0.0,1.3934453522658203,2.7681728298
47950,1.3934496032034047,,0.0,1.3934496032034047,2.777738171
47955,1.393455147570475,,0.0,1.393455147570475,2.7782771816
47960,1.393461462179261,,0.0,1.393461462179261,2.7830517198
47965,1.3934678452474085,,0.0,1.3934678452474085,2.7741691039
47970,1.393473608839045,,0.0,1.393473608839045,2.748298607
47975,1.3934781805875214,,0.0,1.3934781805875214,2.7323296871
47980,1.393481101285355,,0.0,1.393481101285355,2.7096080599
47985,1.3934820723351358,,0.0,1.3934820723351358,2.7006807578
47990,1.3934811061736854,,0.0,1.3934811061736854,2.7066801985
47995,1.3934786834261959,,0.0,1.3934786834261959,2.7103741575
48000,1.3934757256679973,,0.0,1.3934757256679973,2.7480109548
48005,1.3934733234742318,,0.0,1.3934733234742318,2.7575909332
48010,1.3934723104075462,,0.0,1.3934723104075462,2.7633108252
48015,1.3934729010542763,,0.0,1.3934729010542763,2.7831703365
48020,1.3934746156077418,,0.0,1.3934746156077418,2.8000150206
48025,1.393476495341302,,0.0,1.393476495341302,2.8093078746
48030,1.3934774347647219,,0.0,1.3934774347647219,2.824509582
48035,1.393476455484357,,0.0,1.393476455484357,2.8453074437
48040,1.3934728483285175,,0.0,1.3934728483285175,2.8534667304
48045,1.3934661796909291,,0.0,1.3934661796909291,2.861800015
48050,1.3934562134766018,,0.0,1.3934562134766018,2.8449623025
48055,1.3934428891384483,,0.0,1.3934428891384483,2.8074223788
48060,1.3934264535939942,,0.0,1.3934264535939942,2.7579993003
48065,1.393407534732227,,0.0,1.393407534732227,2.7473381023
48070,1.3933870417371266,,0.0,1.3933870417371266,2.7299658342
48075,1.3933658566681244,,0.0,1.3933658566681244,2.7560342009
48080,1.393344581699316,,0.0,1.393344581699316,2.7718355849
48085,1.3933235357999434,,0.0,1.3933235357999434,2.795427373
48090,1.3933030072678179,,0.0,1.3933030072678179,2.8136381314
48095,1.3932834860500636,,0.0,1.3932834860500636,2.8388610428
48100,1.3932656000356676,,0.0,1.3932656000356676,2.8563543669
48105,1.3932498330783931,,0.0,1.3932498330783931,2.8643938535
48110,1.3932363169585333,,0.0,1.3932363169585333,2.8596387564
48115,1.393224847866815,,0.0,1.393224847866815,2.8455284012
48120,1.3932150428764452,,0.0,1.3932150428764452,2.8248139853
48125,1.3932065368859845,,0.0,1.3932065368859845,2.7974968091
48130,1.3931990485549661,,0.0,1.3931990485549661,2.7669420142
48135,1.3931922258781293,,0.0,1.3931922258781293,2.7423517785
48140,1.3931853214183882,,0.0,1.3931853214183882,2.7392124003
48145,1.3931772311179025,,0.0,1.3931772311179025,2.747747816
48150,1.3931666920367258,,0.0,1.3931666920367258,2.7784703994
48155,1.3931525827691293,,0.0,1.3931525827691293,2.8105605048
48160,1.3931342347961428,,0.0,1.3931342347961428,2.8185555842
48165,1.3931116128763144,,0.0,1.3931116128763144,2.8624259825
48170,1.3930853685217721,,0.0,1.3930853685217721,2.8888452735
48175,1.3930566849813082,,0.0,1.3930566849813082,2.8934897022
48180,1.393027144391476,,0.0,1.393027144391476,2.8992195632
48185,1.3929984823596657,,0.0,1.3929984823596657,2.9118098343
48190,1.3929720284207996,,0.0,1.3929720284207996,2.9328833661
48195,1.3929483319095322,,0.0,1.3929483319095322,2.9442648761
48200,1.3929269975077205,,0.0,1.3929269975077205,2.9357244004
48205,1.3929069643339873,,0.0,1.3929069643339873,2.896436804
48210,1.3928869624455684,,0.0,1.3928869624455684,2.8502289733
48215,1.3928659897347333,,0.0,1.3928659897347333,2.8451108517
48220,1.3928436073658306,,0.0,1.3928436073658306,2.8247912031
48225,1.3928199810873658,,0.0,1.3928199810873658,2.8261404079
48230,1.3927956980673963,,0.0,1.3927956980673963,2.8481814797
48235,1.3927715076528673,,0.0,1.3927715076528673,2.8419862611
48240,1.392748119879453,,0.0,1.392748119879453,2.8558199609
48245,1.3927259468675097,,0.0,1.3927259468675097,2.8751797206
48250,1.392705049573381,,0.0,1.392705049573381,2.905702651
48255,1.392685142359417,,0.0,1.392685142359417,2.9121411397
48260,1.3926655792157037,,0.0,1.3926655792157037,2.9147903112
48265,1.3926454551644978,,0.0,1.3926454551644978,2.9048072205
48270,1.3926238617493845,,0.0,1.3926238617493845,2.8921362664
48275,1.3926001818357039,,0.0,1.3926001818357039,2.8435240319
48280,1.3925742950341093,,0.0,1.3925742950341093,2.8110030678
48285,1.3925465900237084,,0.0,1.3925465900237084,2.7977909573
48290,1.3925177415532508,,0.0,1.3925177415532508,2.7790438712
48295,1.3924883517286224,,0.0,1.3924883517286224,2.7802701955
48300,1.3924586540301247,,0.0,1.3924586540301247,2.7868045942
48305,1.3924284827547257,,0.0,1.3924284827547257,2.8102500014
48310,1.3923974446532974,,0.0,1.3923974446532974,2.8002586201
48315,1.3923651198068907,,0.0,1.3923651198068907,2.8242923805
48320,1.3923313707511074,,0.0,1.3923313707511074,2.8430721027
48325,1.3922965343942257,,0.0,1.3922965343942257,2.8440018612
48330,1.3922615227850155,,0.0,1.3922615227850155,2.8541619804
48335,1.3922276082763005,,0.0,1.3922276082763005,2.8697511896
48340,1.392196055172213,,0.0,1.392196055172213,2.890666348
48345,1.3921676715478712,,0.0,1.3921676715478712,2.9112495945
48350,1.3921426302228073,,0.0,1.3921426302228073,2.9253317048
48355,1.392120355442646,,0.0,1.392120355442646,2.8900264095
48360,1.392099786212328,,0.0,1.392099786212328,2.8539412512
48365,1.3920796299208782,,0.0,1.3920796299208782,2.8269266006
48370,1.3920588227539201,,0.0,1.3920588227539201,2.8019676934
48375,1.3920367194063692,,0.0,1.3920367194063692,2.7812444431
48380,1.3920129839021405,,0.0,1.3920129839021405,2.8128376286
48385,1.391987323850867,,0.0,1.391987323850867,2.828457761
48390,1.3919594834905553,,0.0,1.3919594834905553,2.847574662
48395,1.3919294148246217,,0.0,1.3919294148246217,2.8450516263
48400,1.3918971254925037,,0.0,1.3918971254925037,2.8687284104
48405,1.391862542487555,,0.0,1.391862542487555,2.8802273044
48410,1.3918253845602548,,0.0,1.3918253845602548,2.874229997
48415,1.3917852284494003,,0.0,1.3917852284494003,2.8675722515
48420,1.3917418199845475,,0.0,1.3917418199845475,2.8484735722
48425,1.3916953312576625,,0.0,1.3916953312576625,2.8001535527
48430,1.39164647776116,,0.0,1.39164647776116,2.767907989
48435,1.391596433194536,,0.0,1.391596433194536,2.7529848915
48440,1.3915464424450197,,0.0,1.3915464424450197,2.7261400733
48445,1.3914974242913605,,0.0,1.3914974242913605,2.721105998
48450,1.3914499603994024,,0.0,1.3914499603994024,2.7315010956
48455,1.3914044612297443,,0.0,1.3914044612297443,2.7491831515
48460,1.391361280197305,,0.0,1.391361280197305,2.7458186512
48465,1.3913207844952749,,0.0,1.3913207844952749,2.7603774069
48470,1.3912833112365595,,0.0,1.3912833112365595,2.7883035313
48475,1.3912493143992661,,0.0,1.3912493143992661,2.7914108323
48480,1.3912191469208495,,0.0,1.3912191469208495,2.7934037907
48485,1.3911929231200313,,0.0,1.3911929231200313,2.8057978254
48490,1.3911705357263797,,0.0,1.3911705357263797,2.8228105179
48495,1.3911517234529513,,0.0,1.3911517234529513,2.857423117
48500,1.3911361732192364,,0.0,1.3911361732192364,2.8798632213
48505,1.3911233553575848,,0.0,1.3911233553575848,2.8672694913
48510,1.391112643820659,,0.0,1.391112643820659,2.826551186
48515,1.3911031911538605,,0.0,1.3911031911538605,2.7880289202
48520,1.3910940285355773,,0.0,1.3910940285355773,2.7644639847
48525,1.391084371945824,,0.0,1.391084371945824,2.7486274526
48530,1.3910736206656353,,0.0,1.3910736206656353,2.7883541865
48535,1.3910612611020101,,0.0,1.3910612611020101,2.8049609175
48540,1.391047033309454,,0.0,1.391047033309454,2.8183256984
48545,1.391031050924596,,0.0,1.391031050924596,2.8188613859
48550,1.3910137870013994,,0.0,1.3910137870013994,2.8365008606
48555,1.3909958717707032,,0.0,1.3909958717707032,2.8501583526
48560,1.3909778978345695,,0.0,1.3909778978345695,2.8457008738
48565,1.3909602667636558,,0.0,1.3909602667636558,2.8369996196
48570,1.3909432748362571,,0.0,1.3909432748362571,2.8209382593
48575,1.3909272145109497,,0.0,1.3909272145109497,2.7798808242
48580,1.390912460029214,,0.0,1.390912460029214,2.7422496616
48585,1.390899193691669,,0.0,1.390899193691669,2.7388189865
48590,1.3908873624315095,,0.0,1.3908873624315095,2.7212026938
48595,1.3908767252881515,,0.0,1.3908767252881515,2.699472378
48600,1.3908669937364198,,0.0,1.3908669937364198,2.7162860547
48605,1.3908577436966,,0.0,1.3908577436966,2.7344905497
48610,1.3908485480195618,,0.0,1.3908485480195618,2.735246723
48615,1.3908390431272053,,0.0,1.3908390431272053,2.7457632351
48620,1.390828793162351,,0.0,1.390828793162351,2.7764649632
48625,1.3908174145615861,,0.0,1.3908174145615861,2.785382331
48630,1.3908047892092061,,0.0,1.3908047892092061,2.7717672547
48635,1.3907911206643835,,0.0,1.3907911206643835,2.7998093495
48640,1.3907766043921248,,0.0,1.3907766043921248,2.8308047155
48645,1.390761220020597,,0.0,1.390761220020597,2.8694810431
48650,1.3907447243155746,,0.0,1.3907447243155746,2.8987253682
48655,1.3907267054295376,,0.0,1.3907267054295376,2.882833081
48660,1.3907069132618608,,0.0,1.3907069132618608,2.8334372118
48665,1.3906853634324656,,0.0,1.3906853634324656,2.801457437
48670,1.3906623991021456,,0.0,1.3906623991021456,2.7765987912
48675,1.3906385958661203,,0.0,1.3906385958661203,2.7515026104
48680,1.3906145410743391,,0.0,1.3906145410743391,2.7795348838
48685,1.3905906758815683,,0.0,1.3905906758815683,2.8188095169
48690,1.3905672184437616,,0.0,1.3905672184437616,2.8455119481
48695,1.3905443034969465,,0.0,1.3905443034969465,2.8537246253
48700,1.3905221196852036,,0.0,1.3905221196852036,2.8407534909
48705,1.3905009215882325,,0.0,1.3905009215882325,2.8674286522
48710,1.3904808320054403,,0.0,1.3904808320054403,2.8559595612
48715,1.3904618450935664,,0.0,1.3904618450935664,2.8539717365
48720,1.390443979564685,,0.0,1.390443979564685,2.8327285623
48725,1.3904273707687074,,0.0,1.3904273707687074,2.8008458118
48730,1.390412259120543,,0.0,1.390412259120543,2.7664069324
48735,1.3903988304449562,,0.0,1.3903988304449562,2.7547013816
48740,1.3903870563441574,,0.0,1.3903870563441574,2.742515287
48745,1.3903767730931837,,0.0,1.3903767730931837,2.7157182804
48750,1.390367726976319,,0.0,1.390367726976319,2.7125020051
48755,1.3903597142297632,,0.0,1.3903597142297632,2.73336537
48760,1.390352672351097,,0.0,1.390352672351097,2.7551685856
48765,1.3903467514006949,,0.0,1.3903467514006949,2.7795726776
48770,1.3903421432739451,,0.0,1.3903421432739451,2.7930761567
48775,1.3903388357386544,,0.0,1.3903388357386544,2.8150723361
48780,1.390336494910488,,0.0,1.390336494910488,2.7978274425
48785,1.3903344919000562,,0.0,1.3903344919000562,2.8103174636
48790,1.3903320223610134,,0.0,1.3903320223610134,2.8253164514
48795,1.3903282373154204,,0.0,1.3903282373154204,2.8521570487
48800,1.3903223378054628,,0.0,1.3903223378054628,2.8766102217
48805,1.3903136066107575,,0.0,1.3903136066107575,2.8749393023
48810,1.3903015711320696,,0.0,1.3903015711320696,2.8263165388
48815,1.3902860847422234,,0.0,1.3902860847422234,2.7714652143
48820,1.390267381376249,,0.0,1.390267381376249,2.7527943467
48825,1.3902460215323829,,0.0,1.3902460215323829,2.712312545
48830,1.3902226773446864,,0.0,1.3902226773446864,2.6997013597
48835,1.390197982363515,,0.0,1.390197982363515,2.7332025417
48840,1.3901725122522979,,0.0,1.3901725122522979,2.7741222003
48845,1.3901467711684221,,0.0,1.3901467711684221,2.7877998902
48850,1.3901212401008616,,0.0,1.3901212401008616,2.7808388173
48855,1.3900964103609263,,0.0,1.3900964103609263,2.8093292331
48860,1.3900727511373883,,0.0,1.3900727511373883,2.8136441527
48865,1.390050680985011,,0.0,1.390050680985011,2.8107480312
48870,1.3900305754185152,,0.0,1.3900305754185152,2.8084099216
48875,1.390012805609964,,0.0,1.390012805609964,2.7878285356
48880,1.389997741253554,,0.0,1.389997741253554,2.7569822017
48885,1.3899856804010209,,0.0,1.3899856804010209,2.7464282402
48890,1.3899767614716922,,0.0,1.3899767614716922,2.7247719301
48895,1.3899709249643555,,0.0,1.3899709249643555,2.6966027517
48900,1.3899679425598768,,0.0,1.3899679425598768,2.6883278442
48905,1.3899675033604433,,0.0,1.3899675033604433,2.6993474188
48910,1.389969276391982,,0.0,1.389969276391982,2.7388399128
48915,1.38997277780073,,0.0,1.38997277780073,2.7613755267
48920,1.3899772934584576,,0.0,1.3899772934584576,2.7881547548
48925,1.3899820593532284,,0.0,1.3899820593532284,2.7937943488
48930,1.3899863654038958,,0.0,1.3899863654038958,2.7910299251
48935,1.3899896460420014,,0.0,1.3899896460420014,2.8019637938
48940,1.389991544578581,,0.0,1.389991544578581,2.8244525971
48945,1.3899918906723732,,0.0,1.3899918906723732,2.8592440917
48950,1.389990698965632,,0.0,1.389990698965632,2.8946571049
48955,1.3899881194505237,,0.0,1.3899881194505237,2.9044987349
48960,1.3899844119361244,,0.0,1.3899844119361244,2.8731205401
48965,1.3899799557341364,,0.0,1.3899799557341364,2.8324911629
48970,1.389975277420057,,0.0,1.389975277420057,2.8001734294
48975,1.3899709492923251,,0.0,1.3899709492923251,2.7723407584
48980,1.3899674120964514,,0.0,1.3899674120964514,2.7627834162
48985,1.3899647695105128,,0.0,1.3899647695105128,2.7746324931
48990,1.38996270997734,,0.0,1.38996270997734,2.8040265141
48995,1.3899605871914456,,0.0,1.3899605871914456,2.8354549291
49000,1.3899576693811373,,0.0,1.3899576693811373,2.8425161353
49005,1.389953429470717,,0.0,1.389953429470717,2.8452461342
49010,1.3899476181325978,,0.0,1.3899476181325978,2.8612068559
49015,1.3899404249203169,,0.0,1.3899404249203169,2.8694245519
49020,1.3899325273109941,,0.0,1.3899325273109941,2.860586718
49025,1.3899249444874129,,0.0,1.3899249444874129,2.8455224109
49030,1.3899185878162492,,0.0,1.3899185878162492,2.8108902769
49035,1.3899139046138396,,0.0,1.3899139046138396,2.7850118435
49040,1.3899107361117595,,0.0,1.3899107361117595,2.7638156852
49045,1.3899085204248511,,0.0,1.3899085204248511,2.7447431973
49050,1.3899067538731922,,0.0,1.3899067538731922,2.7286535557
49055,1.3899053807298158,,0.0,1.3899053807298158,2.7426132261
49060,1.3899048326229284,,0.0,1.3899048326229284,2.766056724
49065,1.389905693469279,,0.0,1.389905693469279,2.7720100294
49070,1.3899084803860149,,0.0,1.3899084803860149,2.7912144235
49075,1.3899132531244482,,0.0,1.3899132531244482,2.80382661
49080,1.3899195602529515,,0.0,1.3899195602529515,2.8109631671
49085,1.389926633485142,,0.0,1.389926633485142,2.8079434062
49090,1.3899336974408725,,0.0,1.3899336974408725,2.8149762507
49095,1.3899402163818686,,0.0,1.3899402163818686,2.8334190613
49100,1.3899459536902028,,0.0,1.3899459536902028,2.8561907447
49105,1.3899508701000771,,0.0,1.3899508701000771,2.8538851123
49110,1.3899549234354314,,0.0,1.3899549234354314,2.809485859
49115,1.3899578947672733,,0.0,1.3899578947672733,2.7711754838
49120,1.389959238694349,,0.0,1.389959238694349,2.724737192
49125,1.3899581629888251,,0.0,1.3899581629888251,2.6993303824
49130,1.3899538154441902,,0.0,1.3899538154441902,2.6901137731
49135,1.3899454036507193,,0.0,1.3899454036507193,2.6960352239
49140,1.3899324870447938,,0.0,1.3899324870447938,2.7076186817
49145,1.3899154043536048,,0.0,1.3899154043536048,2.7404535225
49150,1.3898954350919492,,0.0,1.3898954350919492,2.7650376252
49155,1.389874631199036,,0.0,1.389874631199036,2.7722037112
49160,1.389855235509059,,0.0,1.389855235509059,2.7787334394
49165,1.389839094696823,,0.0,1.389839094696823,2.7986683802
49170,1.3898274551728973,,0.0,1.3898274551728973,2.8014685708
49175,1.3898209788854257,,0.0,1.3898209788854257,2.7856720722
49180,1.3898198611857333,,0.0,1.3898198611857333,2.748498183
49185,1.3898239277536841,,0.0,1.3898239277536841,2.7207790929
49190,1.3898327579427638,,0.0,1.3898327579427638,2.7054037909
49195,1.3898455910832903,,0.0,1.3898455910832903,2.6960329728
49200,1.3898611811057409,,0.0,1.3898611811057409,2.6854427868
49205,1.3898780000089799,,0.0,1.3898780000089799,2.7055187304
49210,1.3898945899337287,,0.0,1.3898945899337287,2.742797101
49215,1.3899097580136888,,0.0,1.3899097580136888,2.7313385007
49220,1.3899229127381458,,0.0,1.3899229127381458,2.7426912503
49225,1.3899341129716924,,0.0,1.3899341129716924,2.7753406945
49230,1.3899439364695083,,0.0,1.3899439364695083,2.7807078167
49235,1.3899532129063124,,0.0,1.3899532129063124,2.7642011959
49240,1.3899628005365026,,0.0,1.3899628005365026,2.7612086643
49245,1.3899735039337897,,0.0,1.3899735039337897,2.7810036599
49250,1.3899858593366496,,0.0,1.3899858593366496,2.8001869434
49255,1.3899999268374417,,0.0,1.3899999268374417,2.8180513302
49260,1.3900153980166225,,0.0,1.3900153980166225,2.7889009141
49265,1.3900317123759556,,0.0,1.3900317123759556,2.7379253744
49270,1.390048367213185,,0.0,1.390048367213185,2.7014158703
49275,1.3900651530804051,,0.0,1.3900651530804051,2.6844571882
49280,1.39008205083355,,0.0,1.39008205083355,2.6557725629
49285,1.390098795866159,,0.0,1.390098795866159,2.6567794913
49290,1.3901147985546407,,0.0,1.3901147985546407,2.6612503174
49295,1.3901292467313202,,0.0,1.3901292467313202,2.6863117975
49300,1.3901413974154506,,0.0,1.3901413974154506,2.7097633965
49305,1.3901509098335623,,0.0,1.3901509098335623,2.7371037566
49310,1.3901579505981438,,0.0,1.3901579505981438,2.7338539706
49315,1.39016315923923,,0.0,1.39016315923923,2.7512414009
49320,1.3901674631754104,,0.0,1.3901674631754104,2.7605424566
49325,1.3901719072134135,,0.0,1.3901719072134135,2.7422600613
49330,1.390177649773861,,0.0,1.390177649773861,2.7149583862
49335,1.3901860874641145,,0.0,1.3901860874641145,2.6989534925
49340,1.3901985188975645,,0.0,1.3901985188975645,2.67777568
49345,1.3902158266565796,,0.0,1.3902158266565796,2.6734766199
49350,1.390238301812814,,0.0,1.390238301812814,2.6737262896
49355,1.3902656378565839,,0.0,1.3902656378565839,2.6842691873
49360,1.3902969987924458,,0.0,1.3902969987924458,2.7113816842
49365,1.3903311939595349,,0.0,1.3903311939595349,2.7147461943
49370,1.3903667860977682,,0.0,1.3903667860977682,2.7276125236
49375,1.3904021992776363,,0.0,1.3904021992776363,2.7609701367
49380,1.390435896653536,,0.0,1.390435896653536,2.7822026575
49385,1.3904666557563492,,0.0,1.3904666557563492,2.785906473
49390,1.3904939478733547,,0.0,1.3904939478733547,2.793530056
49395,1.3905180050979327,,0.0,1.3905180050979327,2.8051394383
49400,1.3905395845983568,,0.0,1.3905395845983568,2.8279745523
49405,1.3905598442723104,,0.0,1.3905598442723104,2.8505464479
49410,1.3905799693011822,,0.0,1.3905799693011822,2.8511363381
49415,1.3906008803735816,,0.0,1.3906008803735816,2.8162311634
49420,1.3906230333092655,,0.0,1.3906230333092655,2.7709877258
49425,1.3906465073446592,,0.0,1.3906465073446592,2.7563288137
49430,1.3906712525051106,,0.0,1.3906712525051106,2.7405849278
49435,1.3906971195714921,,0.0,1.3906971195714921,2.7426064964
49440,1.390723830909374,,0.0,1.390723830909374,2.7561829549
49445,1.3907508730621732,,0.0,1.3907508730621732,2.7770996352
49450,1.3907774566213722,,0.0,1.3907774566213722,2.8083850408
49455,1.3908029232993897,,0.0,1.3908029232993897,2.846485773
49460,1.390827030384938,,0.0,1.390827030384938,2.8615540793
49465,1.3908498195311385,,0.0,1.3908498195311385,2.8751001632
49470,1.3908714233140593,,0.0,1.3908714233140593,2.8823304568
49475,1.3908919190602667,,0.0,1.3908919190602667,2.8711516316
49480,1.3909115710124382,,0.0,1.3909115710124382,2.850725617
49485,1.390930924549092,,0.0,1.390930924549092,2.8256243094
49490,1.3909506656052952,,0.0,1.3909506656052952,2.8078963078
49495,1.3909714230704382,,0.0,1.3909714230704382,2.7867461717
49500,1.3909934166692874,,0.0,1.3909934166692874,2.7721549035
49505,1.3910164776748675,,0.0,1.3910164776748675,2.7664026361
49510,1.3910402576060616,,0.0,1.3910402576060616,2.7784142539
49515,1.3910644440417173,,0.0,1.3910644440417173,2.79541963
49520,1.3910891522100124,,0.0,1.3910891522100124,2.7806867995
49525,1.3911148221061558,,0.0,1.3911148221061558,2.8122993271
49530,1.391141866464388,,0.0,1.391141866464388,2.833617658
49535,1.391170404218924,,0.0,1.391170404218924,2.8139477355
49540,1.3912002247395647,,0.0,1.3912002247395647,2.8247052384
49545,1.3912308934196338,,0.0,1.3912308934196338,2.8404400473
49550,1.391261881341782,,0.0,1.391261881341782,2.8510410285
49555,1.391292957322087,,0.0,1.391292957322087,2.8690336859
49560,1.3913242313138774,,0.0,1.3913242313138774,2.8746082467
49565,1.3913559525765307,,0.0,1.3913559525765307,2.8272181582
49570,1.3913884348726488,,0.0,1.3913884348726488,2.7858074123
49575,1.3914220916867746,,0.0,1.3914220916867746,2.7641869643
49580,1.391457357784739,,0.0,1.391457357784739,2.7556076761
49585,1.391494464009419,,0.0,1.391494464009419,2.7583870904
49590,1.391533102623364,,0.0,1.391533102623364,2.7833631149
49595,1.3915724322198624,,0.0,1.3915724322198624,2.8031227571
49600,1.391611285238252,,0.0,1.391611285238252,2.8312935222
49605,1.3916485221064039,,0.0,1.3916485221064039,2.8662045953
49610,1.3916832957107652,,0.0,1.3916832957107652,2.8860662548
49615,1.3917151263810736,,0.0,1.3917151263810736,2.9006425025
49620,1.391743818015703,,0.0,1.391743818015703,2.9203720332
49625,1.3917693708192813,,0.0,1.3917693708192813,2.9289675397
49630,1.3917921689236317,,0.0,1.3917921689236317,2.9181238454
49635,1.3918131385423136,,0.0,1.3918131385423136,2.8818684884
49640,1.3918336956086468,,0.0,1.3918336956086468,2.8665008857
49645,1.391855637504876,,0.0,1.391855637504876,2.8541775608
49650,1.3918807796659647,,0.0,1.3918807796659647,2.8533256672
49655,1.3919105298855936,,0.0,1.3919105298855936,2.8565723994
49660,1.391945665112722,,0.0,1.391945665112722,2.8774241241
49665,1.3919862638562097,,0.0,1.3919862638562097,2.908134066
49670,1.3920317276252612,,0.0,1.3920317276252612,2.8968575185
49675,1.392080890905492,,0.0,1.392080890905492,2.9193832447
49680,1.3921321088987748,,0.0,1.3921321088987748,2.9732884118
49685,1.3921833232087575,,0.0,1.3921833232087575,2.973775782
49690,1.3922325085205798,,0.0,1.3922325085205798,2.9739058558
49695,1.3922780497753524,,0.0,1.3922780497753524,2.9767084905
49700,1.3923189887011627,,0.0,1.3923189887011627,2.9853445898
49705,1.3923550534613678,,0.0,1.3923550534613678,2.9964235361
49710,1.3923864623483408,,0.0,1.3923864623483408,3.0052548354
49715,1.3924136519013537,,0.0,1.3924136519013537,2.9692747795
49720,1.3924371413975134,,0.0,1.3924371413975134,2.9105478761
49725,1.3924575941946224,,0.0,1.3924575941946224,2.8771468407
49730,1.392475865545872,,0.0,1.392475865545872,2.8554605645
49735,1.3924928880082832,,0.0,1.3924928880082832,2.8274462926
49740,1.3925094517861485,,0.0,1.3925094517861485,2.822225721
49745,1.3925259834374517,,0.0,1.3925259834374517,2.8294328233
49750,1.3925425310724584,,0.0,1.3925425310724584,2.8460627941
49755,1.39255899731108,,0.0,1.39255899731108,2.8697825761
49760,1.39257539718209,,0.0,1.39257539718209,2.9006403168
49765,1.3925918963430484,,0.0,1.3925918963430484,2.9051015526
49770,1.392608677526566,,0.0,1.392608677526566,2.9169910898
49775,1.3926257839773144,,0.0,1.3926257839773144,2.9215677139
49780,1.392643046286225,,0.0,1.392643046286225,2.9054723738
49785,1.392660078752661,,0.0,1.392660078752661,2.8725970989
49790,1.3926762631278784,,0.0,1.3926762631278784,2.8439719577
49795,1.3926907741252876,,0.0,1.3926907741252876,2.8154506155
49800,1.3927027264796226,,0.0,1.3927027264796226,2.8020914105
49805,1.392711472248373,,0.0,1.392711472248373,2.7979500173
49810,1.3927168629627142,,0.0,1.3927168629627142,2.7965113166
49815,1.392719358739586,,0.0,1.392719358739586,2.8285460901
49820,1.3927199175325913,,0.0,1.3927199175325913,2.8332281692
49825,1.3927197546261387,,0.0,1.3927197546261387,2.8575904869
49830,1.3927200872372336,,0.0,1.3927200872372336,2.8806018756
49835,1.3927219447345742,,0.0,1.3927219447345742,2.8868592817
49840,1.3927260795345229,,0.0,1.3927260795345229,2.8909526211
49845,1.3927329207415426,,0.0,1.3927329207415426,2.9011178035
49850,1.3927425504568471,,0.0,1.3927425504568471,2.9151647764
49855,1.3927548776892822,,0.0,1.3927548776892822,2.9211322426
49860,1.3927696747108607,,0.0,1.3927696747108607,2.9422083197
49865,1.3927865717819132,,0.0,1.3927865717819132,2.9156232016
49870,1.3928050990770477,,0.0,1.3928050990770477,2.8561525897
49875,1.392824771719362,,0.0,1.392824771719362,2.7990546166
49880,1.392845127454692,,0.0,1.392845127454692,2.7851000722
49885,1.3928657036650913,,0.0,1.3928657036650913,2.7553121451
49890,1.3928861109893593,,0.0,1.3928861109893593,2.7614396812
49895,1.392905770603705,,0.0,1.392905770603705,2.778613607
49900,1.3929241765545635,,0.0,1.3929241765545635,2.7938802428
49905,1.3929409266573942,,0.0,1.3929409266573942,2.8107020091
49910,1.3929557948212323,,0.0,1.3929557948212323,2.8399640275
49915,1.3929689903803004,,0.0,1.3929689903803004,2.8522020377
49920,1.3929808054976014,,0.0,1.3929808054976014,2.8491432153
49925,1.3929914607846228,,0.0,1.3929914607846228,2.8573423488
49930,1.3930011192614993,,0.0,1.3930011192614993,2.8389581208
49935,1.393009995082575,,0.0,1.393009995082575,2.8152253121
49940,1.3930184586696115,,0.0,1.3930184586696115,2.7949390655
49945,1.3930269423783803,,0.0,1.3930269423783803,2.7576572236
49950,1.3930357198189645,,0.0,1.3930357198189645,2.7438896067
49955,1.393044791173256,,0.0,1.393044791173256,2.7424501921
49960,1.3930540097913426,,0.0,1.3930540097913426,2.7438916614
49965,1.3930633418414309,,0.0,1.3930633418414309,2.7622732698
49970,1.393073048178472,,0.0,1.393073048178472,2.7622794989
49975,1.3930837318860194,,0.0,1.3930837318860194,2.7627343399
49980,1.3930961321251005,,0.0,1.3930961321251005,2.7750407317
49985,1.393110814623329,,0.0,1.393110814623329,2.7987823543
49990,1.3931279106835333,,0.0,1.3931279106835333,2.8005289512
49995,1.3931470466553795,,0.0,1.3931470466553795,2.8131033988
50000,1.3931674550937323,,0.0,1.3931674550937323,2.8266019681
50005,1.3931883258089852,,0.0,1.3931883258089852,2.8329342388
50010,1.3932088416996609,,0.0,1.3932088416996609,2.8404648873
50015,1.393228225543963,,0.0,1.393228225543963,2.8450337945
50020,1.39324560696898,,0.0,1.39324560696898,2.7956886483
50025,1.393260408878889,,0.0,1.393260408878889,2.730704878
50030,1.3932726561245967,,0.0,1.3932726561245967,2.7100192302
50035,1.3932829911009272,,0.0,1.3932829911009272,2.6978021227
50040,1.3932922897966864,,0.0,1.3932922897966864,2.6962290198
50045,1.3933011642990498,,0.0,1.3933011642990498,2.7244304416
50050,1.393309749048471,,0.0,1.393309749048471,2.7318795067
50055,1.3933178508990582,,0.0,1.3933178508990582,2.7388897586
50060,1.3933252609258442,,0.0,1.3933252609258442,2.7511470143
50065,1.393331990587985,,0.0,1.393331990587985,2.7710341284
50070,1.3933382888492847,,0.0,1.3933382888492847,2.7768874762
50075,1.3933444671077568,,0.0,1.3933444671077568,2.7791119587
50080,1.3933506822219668,,0.0,1.3933506822219668,2.7718650514
50085,1.3933569934657621,,0.0,1.3933569934657621,2.758005695
50090,1.3933634452433725,,0.0,1.3933634452433725,2.7322317382
50095,1.3933700068378934,,0.0,1.3933700068378934,2.7136780425
50100,1.393376484103031,,0.0,1.393376484103031,2.6921895656
50105,1.3933823711534303,,0.0,1.3933823711534303,2.6860122939
50110,1.3933869440387279,,0.0,1.3933869440387279,2.6957807973
50115,1.3933895548618873,,0.0,1.3933895548618873,2.7186568447
50120,1.3933899933337555,,0.0,1.3933899933337555,2.7338943245
50125,1.3933886999952152,,0.0,1.3933886999952152,2.7335922183
50130,1.3933866493519826,,0.0,1.3933866493519826,2.7634178488
50135,1.393384942415218,,0.0,1.393384942415218,2.7860552355
50140,1.3933843205059098,,0.0,1.3933843205059098,2.7833901913
50145,1.3933848754109868,,0.0,1.3933848754109868,2.8007088006
50150,1.3933861258686384,,0.0,1.3933861258686384,2.8071429941
50155,1.3933873380381578,,0.0,1.3933873380381578,2.8395080933
50160,1.3933877993146557,,0.0,1.3933877993146557,2.8555113716
50165,1.3933868763524044,,0.0,1.3933868763524044,2.8408773778
50170,1.393383977936263,,0.0,1.393383977936263,2.7941197179
50175,1.3933785692146767,,0.0,1.3933785692146767,2.7435949563
50180,1.3933702748093448,,0.0,1.3933702748093448,2.711686418
50185,1.3933590085947059,,0.0,1.3933590085947059,2.6905853884
50190,1.393345040656699,,0.0,1.393345040656699,2.6920648013
50195,1.393328951751711,,0.0,1.393328951751711,2.7149615662
50200,1.3933114824731654,,0.0,1.3933114824731654,2.7155513433
50205,1.3932933884887315,,0.0,1.3932933884887315,2.7448032502
50210,1.3932753427509819,,0.0,1.3932753427509819,2.7713655053
50215,1.3932578737907462,,0.0,1.3932578737907462,2.798149133
50220,1.39324124205372,,0.0,1.39324124205372,2.8081999604
50225,1.3932255073821627,,0.0,1.3932255073821627,2.8090652048
50230,1.3932106806213462,,0.0,1.3932106806213462,2.7984533598
50235,1.3931968783408988,,0.0,1.3931968783408988,2.7827837539
50240,1.3931844021394368,,0.0,1.3931844021394368,2.749363751
50245,1.393173618505322,,0.0,1.393173618505322,2.7329798374
50250,1.3931647464584922,,0.0,1.3931647464584922,2.7123552898
50255,1.3931576549007472,,0.0,1.3931576549007472,2.6980397153
50260,1.393151922889999,,0.0,1.393151922889999,2.70166678
50265,1.3931469543682489,,0.0,1.3931469543682489,2.7069604389
50270,1.3931420792022415,,0.0,1.3931420792022415,2.7395735116
50275,1.3931366157086187,,0.0,1.3931366157086187,2.7377468884
50280,1.3931298042863096,,0.0,1.3931298042863096,2.7639187202
50285,1.393120759579103,,0.0,1.393120759579103,2.8007475598
50290,1.3931084213195042,,0.0,1.3931084213195042,2.8191234745
50295,1.3930918160021988,,0.0,1.3930918160021988,2.8410464376
50300,1.3930704731197023,,0.0,1.3930704731197023,2.862797392
50305,1.393044749747498,,0.0,1.393044749747498,2.8803271775
50310,1.3930160528607554,,0.0,1.3930160528607554,2.8837563346
50315,1.3929864737326902,,0.0,1.3929864737326902,2.8865929335
50320,1.392957951257029,,0.0,1.392957951257029,2.8570712935
50325,1.392931722817981,,0.0,1.392931722817981,2.8182624859
50330,1.3929080995634597,,0.0,1.3929080995634597,2.7908963618
50335,1.3928867579996758,,0.0,1.3928867579996758,2.7719035447
50340,1.3928670655994122,,0.0,1.3928670655994122,2.7529928828
50345,1.392848245936647,,0.0,1.392848245936647,2.7878891792
50350,1.3928294478280085,,0.0,1.3928294478280085,2.7954389139
50355,1.392809951847681,,0.0,1.392809951847681,2.8072073834
50360,1.392789421655797,,0.0,1.392789421655797,2.8236790352
50365,1.392768099122397,,0.0,1.392768099122397,2.8599758866
50370,1.3927466973980445,,0.0,1.3927466973980445,2.869652428
50375,1.392725880636317,,0.0,1.392725880636317,2.8794157919
50380,1.3927060892416787,,0.0,1.3927060892416787,2.8836978787
50385,1.392687528410324,,0.0,1.392687528410324,2.8833824747
50390,1.3926702274949716,,0.0,1.3926702274949716,2.8524789093
50395,1.392654052191586,,0.0,1.392654052191586,2.8155848742
50400,1.3926386352160314,,0.0,1.3926386352160314,2.7946812529
50405,1.392623330853967,,0.0,1.392623330853967,2.7772051301
50410,1.3926072831019003,,0.0,1.3926072831019003,2.7778121315
50415,1.3925896565782707,,0.0,1.3925896565782707,2.7837238641
50420,1.3925699358029544,,0.0,1.3925699358029544,2.8103167966
50425,1.3925480599105535,,0.0,1.3925480599105535,2.7969204193
50430,1.392524281639118,,0.0,1.392524281639118,2.7990884619
50435,1.3924988377657301,,0.0,1.3924988377657301,2.8216140322
50440,1.3924716981418963,,0.0,1.3924716981418963,2.8342532461
50445,1.3924425676716161,,0.0,1.3924425676716161,2.8273285182
50450,1.3924110948270925,,0.0,1.3924110948270925,2.8421048605
50455,1.3923772748791503,,0.0,1.3923772748791503,2.8654072375
50460,1.3923416424974526,,0.0,1.3923416424974526,2.8848339758
50465,1.3923051793724246,,0.0,1.3923051793724246,2.901351127
50470,1.3922690188464166,,0.0,1.3922690188464166,2.8708553705
50475,1.3922341057995888,,0.0,1.3922341057995888,2.8153002312
50480,1.3922010216476848,,0.0,1.3922010216476848,2.7702949125
50485,1.3921699585589304,,0.0,1.3921699585589304,2.7528883162
50490,1.3921407526719436,,0.0,1.3921407526719436,2.7194580585
50495,1.3921130811977627,,0.0,1.3921130811977627,2.7355256619
50500,1.3920865484089906,,0.0,1.3920865484089906,2.7461379285
50505,1.3920608738746174,,0.0,1.3920608738746174,2.7621269159
50510,1.3920360310612403,,0.0,1.3920360310612403,2.7827238911
50515,1.3920122600881957,,0.0,1.3920122600881957,2.7863051897
50520,1.3919897132212913,,0.0,1.3919897132212913,2.8111922738
50525,1.391968221415241,,0.0,1.391968221415241,2.8181451727
50530,1.3919474342335967,,0.0,1.3919474342335967,2.816287258
50535,1.3919269495372897,,0.0,1.3919269495372897,2.8094296453
50540,1.391906479187664,,0.0,1.391906479187664,2.7878438594
50545,1.3918858981344073,,0.0,1.3918858981344073,2.7514770977
50550,1.391865068708494,,0.0,1.391865068708494,2.7375684775
50555,1.3918435650112957,,0.0,1.3918435650112957,2.724215782
50560,1.391820580331879,,0.0,1.391820580331879,2.7073237476
50565,1.3917951271592954,,0.0,1.3917951271592954,2.7181374574
50570,1.3917664921156163,,0.0,1.3917664921156163,2.7427827115
50575,1.3917344126179225,,0.0,1.3917344126179225,2.7516177024
50580,1.391699068534036,,0.0,1.391699068534036,2.7525323954
50585,1.3916608553185177,,0.0,1.3916608553185177,2.7734312025
50590,1.3916202520732188,,0.0,1.3916202520732188,2.7909091823
50595,1.3915775565088286,,0.0,1.3915775565088286,2.7900749725
50600,1.3915329244153003,,0.0,1.3915329244153003,2.8042523581
50605,1.3914865502572378,,0.0,1.3914865502572378,2.8182191334
50610,1.3914388492016783,,0.0,1.3914388492016783,2.8366346975
50615,1.3913905570219236,,0.0,1.3913905570219236,2.8512232715
50620,1.3913427217078014,,0.0,1.3913427217078014,2.8516451713
50625,1.3912966039483523,,0.0,1.3912966039483523,2.8149522132
50630,1.3912535879141161,,0.0,1.3912535879141161,2.7827997501
50635,1.3912147886900972,,0.0,1.3912147886900972,2.7548040331
50640,1.391180802720813,,0.0,1.391180802720813,2.7243650043
50645,1.3911517187010394,,0.0,1.3911517187010394,2.7544953849
50650,1.3911272536760244,,0.0,1.3911272536760244,2.7802577841
50655,1.3911070124640441,,0.0,1.3911070124640441,2.7911097813
50660,1.3910905415644563,,0.0,1.3910905415644563,2.7944653365
50665,1.3910773111504557,,0.0,1.3910773111504557,2.794716777
50670,1.3910666860574004,,0.0,1.3910666860574004,2.8142427317
50675,1.391057786294874,,0.0,1.391057786294874,2.8042962782
50680,1.3910494874104673,,0.0,1.3910494874104673,2.8039324652
50685,1.3910408105103342,,0.0,1.3910408105103342,2.8034945548
50690,1.3910313524322673,,0.0,1.3910313524322673,2.7799573703
50695,1.3910212148762757,,0.0,1.3910212148762757,2.7261563555
50700,1.391010725656069,,0.0,1.391010725656069,2.7072440155
50705,1.3910001393286109,,0.0,1.3910001393286109,2.708752176
50710,1.3909894339305189,,0.0,1.3909894339305189,2.6817201473
50715,1.3909783638175064,,0.0,1.3909783638175064,2.68574657
50720,1.3909667221563569,,0.0,1.3909667221563569,2.7038208351
50725,1.3909544492184938,,0.0,1.3909544492184938,2.7149568917
50730,1.3909417296009148,,0.0,1.3909417296009148,2.725489264
50735,1.3909288125857333,,0.0,1.3909288125857333,2.7449894206
50740,1.390915924604961,,0.0,1.390915924604961,2.7597386624
50745,1.390903260691612,,0.0,1.390903260691612,2.7493066502
50750,1.3908909343913702,,0.0,1.3908909343913702,2.7674695414
50755,1.390879032307261,,0.0,1.390879032307261,2.7975768055
50760,1.3908677295097216,,0.0,1.3908677295097216,2.8152069437
50765,1.3908568541568866,,0.0,1.3908568541568866,2.8523631236
50770,1.3908462118523612,,0.0,1.3908462118523612,2.8703223151
50775,1.3908355176178517,,0.0,1.3908355176178517,2.822353355
50780,1.3908246449479145,,0.0,1.3908246449479145,2.7869027489
50785,1.3908136580047277,,0.0,1.3908136580047277,2.7457060449
50790,1.3908028017732226,,0.0,1.3908028017732226,2.7090855671
50795,1.3907919555912152,,0.0,1.3907919555912152,2.7003765273
50800,1.3907804573968785,,0.0,1.3907804573968785,2.7551555316
50805,1.3907673568987842,,0.0,1.3907673568987842,2.7851101905
50810,1.3907517174246191,,0.0,1.3907517174246191,2.7965921786
50815,1.3907328634071228,,0.0,1.3907328634071228,2.7865092862
50820,1.3907107620149042,,0.0,1.3907107620149042,2.797390467
50825,1.3906858410791862,,0.0,1.3906858410791862,2.804334497
50830,1.3906590106934071,,0.0,1.3906590106934071,2.8080392622
50835,1.3906315255669284,,0.0,1.3906315255669284,2.7991305333
50840,1.390604667761026,,0.0,1.390604667761026,2.7775365807
50845,1.3905795027953076,,0.0,1.3905795027953076,2.7396819293
50850,1.390556697324357,,0.0,1.390556697324357,2.7199630294
50855,1.3905364206890336,,0.0,1.3905364206890336,2.7075849129
50860,1.3905183415287459,,0.0,1.3905183415287459,2.6897001
50865,1.39050176028931,,0.0,1.39050176028931,2.6743446681
50870,1.3904860624052806,,0.0,1.3904860624052806,2.6886414063
50875,1.3904710312667812,,0.0,1.3904710312667812,2.7102978597
50880,1.39045687070582,,0.0,1.39045687070582,2.7310210701
50885,1.3904440078260558,,0.0,1.3904440078260558,2.7450716741
50890,1.3904328522695752,,0.0,1.3904328522695752,2.7694829696
50895,1.3904236344017906,,0.0,1.3904236344017906,2.7774908269
50900,1.3904163014287332,,0.0,1.3904163014287332,2.7758901251
50905,1.3904105561399156,,0.0,1.3904105561399156,2.7840845576
50910,1.3904060050361084,,0.0,1.3904060050361084,2.8118553853
50915,1.390402199414055,,0.0,1.390402199414055,2.8487397245
50920,1.3903985390549918,,0.0,1.3903985390549918,2.8657318017
50925,1.3903942253648869,,0.0,1.3903942253648869,2.837118581
50930,1.390388428805441,,0.0,1.390388428805441,2.787258721
50935,1.3903805000926954,,0.0,1.3903805000926954,2.745021701
50940,1.3903700312215852,,0.0,1.3903700312215852,2.7251449592
50945,1.3903569299049796,,0.0,1.3903569299049796,2.6890054891
50950,1.3903413342211604,,0.0,1.3903413342211604,2.7087663103
50955,1.3903235184623035,,0.0,1.3903235184623035,2.737846773
50960,1.3903038590298495,,0.0,1.3903038590298495,2.7677237675
50965,1.3902828439837993,,0.0,1.3902828439837993,2.7700576433
50970,1.390261056149555,,0.0,1.390261056149555,2.7681580541
50975,1.3902390946090584,,0.0,1.3902390946090584,2.788306754
50980,1.390217489734789,,0.0,1.390217489734789,2.7970356614
50985,1.3901967205376533,,0.0,1.3901967205376533,2.7924820099
50990,1.3901772982460645,,0.0,1.3901772982460645,2.7754315583
50995,1.390159772649405,,0.0,1.390159772649405,2.7607016018
51000,1.3901448129032659,,0.0,1.3901448129032659,2.7278561158
51005,1.3901329199137247,,0.0,1.3901329199137247,2.7158270896
51010,1.3901242263477953,,0.0,1.3901242263477953,2.6944273175
51015,1.3901184777621967,,0.0,1.3901184777621967,2.6785071888
51020,1.3901151110667396,,0.0,1.3901151110667396,2.6773398743
51025,1.3901135936380393,,0.0,1.3901135936380393,2.7054729825
51030,1.3901134808881304,,0.0,1.3901134808881304,2.7362961204
51035,1.3901144525745308,,0.0,1.3901144525745308,2.7590104334
51040,1.3901161367294022,,0.0,1.3901161367294022,2.7768162848
51045,1.3901181225283634,,0.0,1.3901181225283634,2.770470945
51050,1.3901199899615202,,0.0,1.3901199899615202,2.7664062516
51055,1.3901213274314526,,0.0,1.3901213274314526,2.7675082541
51060,1.3901218381824014,,0.0,1.3901218381824014,2.7983735989
51065,1.3901213026714907,,0.0,1.3901213026714907,2.8393496258
51070,1.3901194978771725,,0.0,1.3901194978771725,2.8608719959
51075,1.3901160755911677,,0.0,1.3901160755911677,2.8476129451
51080,1.390110688742018,,0.0,1.390110688742018,2.8051360565
51085,1.3901032536142237,,0.0,1.3901032536142237,2.7613852459
51090,1.3900938995552805,,0.0,1.3900938995552805,2.7540397611
51095,1.390082872755149,,0.0,1.390082872755149,2.7246854339
51100,1.3900703984635465,,0.0,1.3900703984635465,2.729916648
51105,1.3900566239670047,,0.0,1.3900566239670047,2.7545825116
51110,1.3900417503691622,,0.0,1.3900417503691622,2.7774792763
51115,1.3900262479046668,,0.0,1.3900262479046668,2.8015871068
51120,1.3900109424967273,,0.0,1.3900109424967273,2.8082788142
51125,1.3899968207923088,,0.0,1.3899968207923088,2.8298091589
51130,1.3899847223337363,,0.0,1.3899847223337363,2.8434106739
51135,1.3899751917492247,,0.0,1.3899751917492247,2.8466704172
51140,1.3899684516510669,,0.0,1.3899684516510669,2.8415520368
51145,1.3899644865102876,,0.0,1.3899644865102876,2.8276226305
51150,1.3899631474260692,,0.0,1.3899631474260692,2.8003676831
51155,1.3899642205396412,,0.0,1.3899642205396412,2.7893626694
51160,1.3899673780145572,,0.0,1.3899673780145572,2.766541345
51165,1.3899720961173725,,0.0,1.3899720961173725,2.7471262412
51170,1.389977616815829,,0.0,1.389977616815829,2.741895434
51175,1.389983075216494,,0.0,1.389983075216494,2.7722135912
51180,1.3899877086261427,,0.0,1.3899877086261427,2.7902632147
51185,1.389990883471684,,0.0,1.389990883471684,2.8045389885
51190,1.3899921793567034,,0.0,1.3899921793567034,2.8151617561
51195,1.3899915004244527,,0.0,1.3899915004244527,2.8193130329
51200,1.3899891042103658,,0.0,1.3899891042103658,2.8162484742
51205,1.3899855055124748,,0.0,1.3899855055124748,2.8179152457
51210,1.389981316781737,,0.0,1.389981316781737,2.8335701451
51215,1.3899770911043157,,0.0,1.3899770911043157,2.8494726177
51220,1.3899732526281345,,0.0,1.3899732526281345,2.8717081241
51225,1.3899701444685144,,0.0,1.3899701444685144,2.8529538714
51230,1.3899681167663303,,0.0,1.3899681167663303,2.8070101308
51235,1.3899675509250347,,0.0,1.3899675509250347,2.7511047146
51240,1.3899688090903328,,0.0,1.3899688090903328,2.7140850132
51245,1.3899720595117355,,0.0,1.3899720595117355,2.6804578092
51250,1.3899771001306744,,0.0,1.3899771001306744,2.6783202424
51255,1.3899833028307989,,0.0,1.3899833028307989,2.6865991778
51260,1.389989724482652,,0.0,1.389989724482652,2.7175623687
51265,1.3899952980887589,,0.0,1.3899952980887589,2.7522182176
51270,1.3899989792743834,,0.0,1.3899989792743834,2.7555385328
51275,1.389999808357955,,0.0,1.389999808357955,2.7562334134
51280,1.3899969759229056,,0.0,1.3899969759229056,2.7704914919
51285,1.389989953233778,,0.0,1.389989953233778,2.7802341907
51290,1.3899787574793063,,0.0,1.3899787574793063,2.787653521
51295,1.3899641654947674,,0.0,1.3899641654947674,2.770089693
51300,1.389947565156738,,0.0,1.389947565156738,2.741342226
51305,1.3899307151273392,,0.0,1.3899307151273392,2.7193616895
51310,1.3899153438974627,,0.0,1.3899153438974627,2.7082132832
51315,1.3899027673374411,,0.0,1.3899027673374411,2.6887707552
51320,1.3898938445201845,,0.0,1.3898938445201845,2.7006920471
51325,1.3898891207105277,,0.0,1.3898891207105277,2.7377443583
51330,1.3898889744243987,,0.0,1.3898889744243987,2.7457021599
51335,1.3898935612925951,,0.0,1.3898935612925951,2.7400453273
51340,1.3899026173680118,,0.0,1.3899026173680118,2.7618703159
51345,1.3899152981972578,,0.0,1.3899152981972578,2.7928771771
51350,1.3899302018981208,,0.0,1.3899302018981208,2.7852714476
51355,1.389945725007286,,0.0,1.389945725007286,2.7742676825
51360,1.3899605048173942,,0.0,1.3899605048173942,2.7829159019
51365,1.389973843934221,,0.0,1.389973843934221,2.7950074905
51370,1.3899856412034322,,0.0,1.3899856412034322,2.8212712518
51375,1.3899961833312888,,0.0,1.3899961833312888,2.8200095527
51380,1.3900058736618903,,0.0,1.3900058736618903,2.7719542904
51385,1.3900150263898305,,0.0,1.3900150263898305,2.7195803001
51390,1.3900238583068782,,0.0,1.3900238583068782,2.6786499832
51395,1.3900327527263459,,0.0,1.3900327527263459,2.6508301346
51400,1.3900421770863012,,0.0,1.3900421770863012,2.6391576745
51405,1.3900523576823365,,0.0,1.3900523576823365,2.6382455114
51410,1.3900632829870871,,0.0,1.3900632829870871,2.6587869002
51415,1.3900748895659398,,0.0,1.3900748895659398,2.6882027306
51420,1.3900874152873255,,0.0,1.3900874152873255,2.7079276289
51425,1.3901014012780502,,0.0,1.3901014012780502,2.7209544423
51430,1.3901173326196445,,0.0,1.3901173326196445,2.7276556055
51435,1.3901352709960169,,0.0,1.3901352709960169,2.7410148564
51440,1.3901546295119465,,0.0,1.3901546295119465,2.7403237457
51445,1.3901744312061832,,0.0,1.3901744312061832,2.7182843224
51450,1.3901937053927291,,0.0,1.3901937053927291,2.6893513017
51455,1.3902116288312734,,0.0,1.3902116288312734,2.6666777136
51460,1.3902274399654126,,0.0,1.3902274399654126,2.6488340675
51465,1.3902405347566653,,0.0,1.3902405347566653,2.6479598656
51470,1.3902506417094351,,0.0,1.3902506417094351,2.6521287855
51475,1.3902579714539207,,0.0,1.3902579714539207,2.6657779831
51480,1.3902634041851667,,0.0,1.3902634041851667,2.6879453917
51485,1.3902685219715167,,0.0,1.3902685219715167,2.6720073955
51490,1.3902752285334545,,0.0,1.3902752285334545,2.6985007863
51495,1.3902853509242536,,0.0,1.3902853509242536,2.7197031946
51500,1.3903002336394006,,0.0,1.3903002336394006,2.7284984904
51505,1.3903204906077204,,0.0,1.3903204906077204,2.7408311352
51510,1.390345921816922,,0.0,1.390345921816922,2.7508590344
51515,1.3903753811695243,,0.0,1.3903753811695243,2.7800784481
51520,1.3904073006937638,,0.0,1.3904073006937638,2.8123244578
51525,1.3904400430490593,,0.0,1.3904400430490593,2.8275807911
51530,1.3904721001968516,,0.0,1.3904721001968516,2.7971143276
51535,1.3905024674829314,,0.0,1.3905024674829314,2.7525180449
51540,1.3905307697563607,,0.0,1.3905307697563607,2.7169266842
51545,1.3905573068195798,,0.0,1.3905573068195798,2.7066966422
51550,1.3905828150143014,,0.0,1.3905828150143014,2.703466235
51555,1.3906080221788157,,0.0,1.3906080221788157,2.7210400618
51560,1.3906333272008842,,0.0,1.3906333272008842,2.7255847481
51565,1.3906587797368481,,0.0,1.3906587797368481,2.7497791922
51570,1.3906841886416215,,0.0,1.3906841886416215,2.7849837702
51575,1.3907092281250353,,0.0,1.3907092281250353,2.8069762876
51580,1.3907335270377625,,0.0,1.3907335270377625,2.818208058
51585,1.3907565345445452,,0.0,1.3907565345445452,2.8336521944
51590,1.3907776256893947,,0.0,1.3907776256893947,2.8366756619
51595,1.3907965681970393,,0.0,1.3907965681970393,2.8232412581
51600,1.3908136014137773,,0.0,1.3908136014137773,2.7937369717
51605,1.3908293456801042,,0.0,1.3908293456801042,2.7798922085
51610,1.3908444628304824,,0.0,1.3908444628304824,2.7640733125
51615,1.3908595684989684,,0.0,1.3908595684989684,2.7558574527
51620,1.3908752842992966,,0.0,1.3908752842992966,2.7515281038
51625,1.3908921741856404,,0.0,1.3908921741856404,2.7599166736
51630,1.3909106983658854,,0.0,1.3909106983658854,2.7963292488
51635,1.3909311954080685,,0.0,1.3909311954080685,2.7964409374
51640,1.3909538595266933,,0.0,1.3909538595266933,2.8040275
51645,1.3909785859068613,,0.0,1.3909785859068613,2.8407401889
51650,1.3910047445450984,,0.0,1.3910047445450984,2.8390056078
51655,1.3910314934662835,,0.0,1.3910314934662835,2.8314445909
51660,1.391058060996306,,0.0,1.391058060996306,2.8335463779
51665,1.3910839757409612,,0.0,1.3910839757409612,2.852236779
51670,1.391109204164029,,0.0,1.391109204164029,2.8698118149
51675,1.3911340769894809,,0.0,1.3911340769894809,2.8759775281
51680,1.3911590383505543,,0.0,1.3911590383505543,2.8533396115
51685,1.3911843401667872,,0.0,1.3911843401667872,2.8141356175
51690,1.391209835992896,,0.0,1.391209835992896,2.7740605158
51695,1.3912353544872158,,0.0,1.3912353544872158,2.7567638592
51700,1.3912609099054825,,0.0,1.3912609099054825,2.7417795949
51705,1.3912867127642126,,0.0,1.3912867127642126,2.7477270374
51710,1.3913131936230003,,0.0,1.3913131936230003,2.7646910148
51715,1.3913409574297844,,0.0,1.3913409574297844,2.7851576616
51720,1.391370643987436,,0.0,1.391370643987436,2.8234216226
51725,1.3914027223255725,,0.0,1.3914027223255725,2.8528948539
51730,1.3914372892558717,,0.0,1.3914372892558717,2.8624340827
51735,1.39147392533685,,0.0,1.39147392533685,2.8857722497
51740,1.3915117346625956,,0.0,1.3915117346625956,2.8959769223
51745,1.391549544238442,,0.0,1.391549544238442,2.8871839817
51750,1.391586363256659,,0.0,1.391586363256659,2.868927952
51755,1.3916216929483913,,0.0,1.3916216929483913,2.8374870456
51760,1.3916555151699757,,0.0,1.3916555151699757,2.8161544017
51765,1.3916880246588528,,0.0,1.3916880246588528,2.8057667121
51770,1.39171942361001,,0.0,1.39171942361001,2.8136912716
51775,1.3917499100121962,,0.0,1.3917499100121962,2.8212356528
51780,1.3917798187956212,,0.0,1.3917798187956212,2.8498406454
51785,1.3918098727510906,,0.0,1.3918098727510906,2.8722001438
51790,1.3918409982967919,,0.0,1.3918409982967919,2.8707025752
51795,1.391874055687929,,0.0,1.391874055687929,2.8945761118
51800,1.3919096724269695,,0.0,1.3919096724269695,2.9293282644
51805,1.3919480944310367,,0.0,1.3919480944310367,2.9228629248
51810,1.3919890790570524,,0.0,1.3919890790570524,2.921916966
51815,1.3920319268190406,,0.0,1.3920319268190406,2.918629224
51820,1.3920756889716501,,0.0,1.3920756889716501,2.9324665491
51825,1.392119394214999,,0.0,1.392119394214999,2.9637852217
51830,1.3921621665148083,,0.0,1.3921621665148083,2.9651639007
51835,1.3922032758955625,,0.0,1.3922032758955625,2.9188915786
51840,1.3922422066725102,,0.0,1.3922422066725102,2.8681312312
51845,1.3922787461237014,,0.0,1.3922787461237014,2.8447361859
51850,1.3923129422457197,,0.0,1.3923129422457197,2.8188061724
51855,1.3923449997345585,,0.0,1.3923449997345585,2.8081688628
51860,1.3923750620115578,,0.0,1.3923750620115578,2.8212865897
51865,1.392403081443917,,0.0,1.392403081443917,2.8237153746
51870,1.3924288660453015,,0.0,1.3924288660453015,2.8387835369
51875,1.3924522095736418,,0.0,1.3924522095736418,2.8694583998
51880,1.392473078560927,,0.0,1.392473078560927,2.8913882099
51885,1.3924916514880574,,0.0,1.3924916514880574,2.8909495185
51890,1.392508219654052,,0.0,1.392508219654052,2.8885834644
51895,1.3925230907736244,,0.0,1.3925230907736244,2.8877963011
51900,1.3925365975260793,,0.0,1.3925365975260793,2.8770094951
51905,1.3925491374577275,,0.0,1.3925491374577275,2.8515076287
51910,1.3925610991339947,,0.0,1.3925610991339947,2.825279002
51915,1.3925728002963564,,0.0,1.3925728002963564,2.8110952064
51920,1.3925844517114305,,0.0,1.3925844517114305,2.8024230258
51925,1.3925961480309348,,0.0,1.3925961480309348,2.8093023339
51930,1.3926078902325354,,0.0,1.3926078902325354,2.8253019682
51935,1.3926195766389604,,0.0,1.3926195766389604,2.8383109503
51940,1.392630951874735,,0.0,1.392630951874735,2.8154225098
51945,1.3926415684643692,,0.0,1.3926415684643692,2.8389369219
51950,1.3926508670237099,,0.0,1.3926508670237099,2.8640294572
51955,1.3926582826891283,,0.0,1.3926582826891283,2.8736739773
51960,1.3926633880386563,,0.0,1.3926633880386563,2.8787646606
51965,1.3926660589541748,,0.0,1.3926660589541748,2.8944179427
51970,1.3926665823693098,,0.0,1.3926665823693098,2.9197860259
51975,1.392665647970639,,0.0,1.392665647970639,2.9314229021
51980,1.392664210915185,,0.0,1.392664210915185,2.9466404269
51985,1.392663320056759,,0.0,1.392663320056759,2.9017258357
51990,1.3926640266592336,,0.0,1.3926640266592336,2.838267785
51995,1.3926673438575032,,0.0,1.3926673438575032,2.7913041561
52000,1.392674137909187,,0.0,1.392674137909187,2.7726638596
52005,1.3926850030078963,,0.0,1.3926850030078963,2.74218973
52010,1.3927000919423767,,0.0,1.3927000919423767,2.7693396467
52015,1.3927189109685219,,0.0,1.3927189109685219,2.7799453972
52020,1.392740333928691,,0.0,1.392740333928691,2.7938300493
52025,1.392762893255154,,0.0,1.392762893255154,2.8110322985
52030,1.3927851904988986,,0.0,1.3927851904988986,2.8325102008
52035,1.3928062080459547,,0.0,1.3928062080459547,2.8391917904
52040,1.392825506901517,,0.0,1.392825506901517,2.8442875467
52045,1.3928429959607487,,0.0,1.3928429959607487,2.8516345408
52050,1.3928589828928908,,0.0,1.3928589828928908,2.8288692327
52055,1.3928738364599467,,0.0,1.3928738364599467,2.8047513725
52060,1.392887915374422,,0.0,1.392887915374422,2.7839349677
52065,1.3929016898709639,,0.0,1.3929016898709639,2.7634599521
52070,1.3929153887461714,,0.0,1.3929153887461714,2.7601215815
52075,1.3929289510437013,,0.0,1.3929289510437013,2.766272088
52080,1.3929421285727879,,0.0,1.3929421285727879,2.7774785385
52085,1.3929546790996084,,0.0,1.3929546790996084,2.8074322143
52090,1.3929664942623823,,0.0,1.3929664942623823,2.8049469369
52095,1.392977552234146,,0.0,1.392977552234146,2.8113222154
52100,1.3929878129988,,0.0,1.3929878129988,2.8211146743
52105,1.392997208688129,,0.0,1.392997208688129,2.8227380361
52110,1.3930057811826198,,0.0,1.3930057811826198,2.8289797522
52115,1.3930138421303866,,0.0,1.3930138421303866,2.834654007
52120,1.3930220072791686,,0.0,1.3930220072791686,2.8578292293
52125,1.3930311087137441,,0.0,1.3930311087137441,2.8640278478
52130,1.3930419489842822,,0.0,1.3930419489842822,2.8768166792
52135,1.3930549942101385,,0.0,1.3930549942101385,2.8557428789
52140,1.393070178364748,,0.0,1.393070178364748,2.8124738068
52145,1.3930870481293594,,0.0,1.3930870481293594,2.7538053796
52150,1.3931050389586535,,0.0,1.3931050389586535,2.7335861384
52155,1.3931234800600183,,0.0,1.3931234800600183,2.7175858979
52160,1.3931415552869053,,0.0,1.3931415552869053,2.7381719302
52165,1.3931583999505086,,0.0,1.3931583999505086,2.7417252203
52170,1.3931734144004757,,0.0,1.3931734144004757,2.7674110927
52175,1.3931865857907288,,0.0,1.3931865857907288,2.7676566711
52180,1.3931983867887128,,0.0,1.3931983867887128,2.7801368939
52185,1.3932094400313013,,0.0,1.3932094400313013,2.7774309625
52190,1.3932201751231585,,0.0,1.3932201751231585,2.7786019486
52195,1.3932307124763672,,0.0,1.3932307124763672,2.7679571765
52200,1.3932409281092266,,0.0,1.3932409281092266,2.7463898949
52205,1.3932506475651827,,0.0,1.3932506475651827,2.7109217332
52210,1.3932598204375912,,0.0,1.3932598204375912,2.6885256248
52215,1.3932684838322906,,0.0,1.3932684838322906,2.6596545546
52220,1.3932766305190993,,0.0,1.3932766305190993,2.6433799904
52225,1.393284063395988,,0.0,1.393284063395988,2.6433065038
52230,1.3932903772999445,,0.0,1.3932903772999445,2.652725086
52235,1.3932951119776102,,0.0,1.3932951119776102,2.6806258076
52240,1.3932978747710039,,0.0,1.3932978747710039,2.6753277999
52245,1.3932985579094925,,0.0,1.3932985579094925,2.6683703859
52250,1.393297476883646,,0.0,1.393297476883646,2.7024490303
52255,1.3932952906631384,,0.0,1.3932952906631384,2.7238620916
52260,1.3932928075277164,,0.0,1.3932928075277164,2.7243197309
52265,1.3932907324883048,,0.0,1.3932907324883048,2.7444655727
52270,1.3932894956270327,,0.0,1.3932894956270327,2.7627383645
52275,1.3932891914137273,,0.0,1.3932891914137273,2.7809123359
52280,1.3932895813433377,,0.0,1.3932895813433377,2.79771657
52285,1.3932901163540472,,0.0,1.3932901163540472,2.7739483921
52290,1.3932900041498122,,0.0,1.3932900041498122,2.7299497305
52295,1.3932884010275435,,0.0,1.3932884010275435,2.6706920493
52300,1.393284671936281,,0.0,1.393284671936281,2.6505014145
52305,1.3932785191425996,,0.0,1.3932785191425996,2.6288067133
52310,1.3932699230477048,,0.0,1.3932699230477048,2.6435429262
52315,1.3932590525832003,,0.0,1.3932590525832003,2.6647523853
52320,1.3932462767384532,,0.0,1.3932462767384532,2.6776602149
52325,1.3932322032579827,,0.0,1.3932322032579827,2.7033067583
52330,1.3932176155933638,,0.0,1.3932176155933638,2.7299495876
52335,1.393203279575446,,0.0,1.393203279575446,2.760149722
52340,1.393189733056992,,0.0,1.393189733056992,2.7653637216
52345,1.393177209359148,,0.0,1.393177209359148,2.7707886248
52350,1.393165752022159,,0.0,1.393165752022159,2.7632245347
52355,1.3931554382816456,,0.0,1.3931554382816456,2.7415093512
52360,1.3931465001627779,,0.0,1.3931465001627779,2.713885364
52365,1.3931392376271512,,0.0,1.3931392376271512,2.691243067
52370,1.3931338049641144,,0.0,1.3931338049641144,2.6718111729
52375,1.3931300311275765,,0.0,1.3931300311275765,2.6726228961
52380,1.3931274568873178,,0.0,1.3931274568873178,2.6896855802
52385,1.3931254542406688,,0.0,1.3931254542406688,2.7025602027
52390,1.3931233726759045,,0.0,1.3931233726759045,2.7237011142
52395,1.39312069614449,,0.0,1.39312069614449,2.7233174586
52400,1.393117005455042,,0.0,1.393117005455042,2.7537289459
52405,1.3931118749590328,,0.0,1.3931118749590328,2.7795856678
52410,1.3931047648028958,,0.0,1.3931047648028958,2.7854879414
52415,1.3930950160851667,,0.0,1.3930950160851667,2.8115323094
52420,1.3930819704500548,,0.0,1.3930819704500548,2.8353325363
52425,1.3930651103711584,,0.0,1.3930651103711584,2.8642276998
52430,1.3930441117635404,,0.0,1.3930441117635404,2.8717766397
52435,1.393019351892625,,0.0,1.393019351892625,2.8646620646
52440,1.3929920362661607,,0.0,1.3929920362661607,2.8177491731
52445,1.3929639149973745,,0.0,1.3929639149973745,2.7663867395
52450,1.3929368239612712,,0.0,1.3929368239612712,2.7460106289
52455,1.3929121360056538,,0.0,1.3929121360056538,2.7290417159
52460,1.3928906287615739,,0.0,1.3928906287615739,2.7331586537
52465,1.3928722826757103,,0.0,1.3928722826757103,2.759508478
52470,1.392856313364294,,0.0,1.392856313364294,2.7720971725
52475,1.392841492628629,,0.0,1.392841492628629,2.7923969846
52480,1.392826639720929,,0.0,1.392826639720929,2.8007216934
52485,1.3928110396262443,,0.0,1.3928110396262443,2.8261932142
52490,1.392794566589433,,0.0,1.392794566589433,2.8347785597
52495,1.3927775170706815,,0.0,1.3927775170706815,2.8480295487
52500,1.3927603372722408,,0.0,1.3927603372722408,2.8409500548
52505,1.3927434417245284,,0.0,1.3927434417245284,2.8354352983
52510,1.3927271135869248,,0.0,1.3927271135869248,2.7957604663
52515,1.3927115003960617,,0.0,1.3927115003960617,2.7743315901
52520,1.3926966368249807,,0.0,1.3926966368249807,2.7534771103
52525,1.3926824390217631,,0.0,1.3926824390217631,2.7379956051
52530,1.3926686813046993,,0.0,1.3926686813046993,2.7437129096
52535,1.3926550100315063,,0.0,1.3926550100315063,2.7534216693
52540,1.3926409575594882,,0.0,1.3926409575594882,2.7750211915
52545,1.392626034714559,,0.0,1.392626034714559,2.754999665
52550,1.3926098711886392,,0.0,1.3926098711886392,2.7647231433
52555,1.392592251667827,,0.0,1.392592251667827,2.7941882339
52560,1.3925730119496946,,0.0,1.3925730119496946,2.7940973383
52565,1.392551906253536,,0.0,1.392551906253536,2.7928858715
52570,1.3925284652086887,,0.0,1.3925284652086887,2.8099163408
52575,1.3925021890231575,,0.0,1.3925021890231575,2.8343256454
52580,1.392472779986254,,0.0,1.392472779986254,2.8509130629
52585,1.3924402935293705,,0.0,1.3924402935293705,2.8607067537
52590,1.3924052337644217,,0.0,1.3924052337644217,2.8145434268
52595,1.3923685120353477,,0.0,1.3923685120353477,2.7630347321
52600,1.39233128803601,,0.0,1.39233128803601,2.7339857407
52605,1.3922947179361238,,0.0,1.3922947179361238,2.7159407024
52610,1.392259602580627,,0.0,1.392259602580627,2.6881153627
52615,1.3922261332737609,,0.0,1.3922261332737609,2.7061269284
52620,1.3921939540995998,,0.0,1.3921939540995998,2.7078992353
52625,1.3921624516522568,,0.0,1.3921624516522568,2.7171137928
52630,1.3921311561290763,,0.0,1.3921311561290763,2.7340799334
52635,1.392100028196051,,0.0,1.392100028196051,2.7564402803
52640,1.3920694232006954,,0.0,1.3920694232006954,2.7716721471
52645,1.3920398349780623,,0.0,1.3920398349780623,2.776163445
52650,1.3920116704873406,,0.0,1.3920116704873406,2.7654378058
52655,1.3919852076585344,,0.0,1.3919852076585344,2.7609885351
52660,1.3919606123310937,,0.0,1.3919606123310937,2.7255470271
52665,1.3919379772696143,,0.0,1.3919379772696143,2.6965233315
52670,1.3919172097322372,,0.0,1.3919172097322372,2.6900174286
52675,1.3918980553893634,,0.0,1.3918980553893634,2.6653464401
52680,1.391880062877574,,0.0,1.391880062877574,2.6613505226
52685,1.3918627722390835,,0.0,1.3918627722390835,2.6717641059
52690,1.3918457597806972,,0.0,1.3918457597806972,2.7029164668
52695,1.3918286469864878,,0.0,1.3918286469864878,2.7027491521
52700,1.3918110535898227,,0.0,1.3918110535898227,2.7199180156
52705,1.391792525044185,,0.0,1.391792525044185,2.7456975295
52710,1.3917727694821456,,0.0,1.3917727694821456,2.7502914076
52715,1.3917516387759246,,0.0,1.3917516387759246,2.7564799088
52720,1.3917290411385932,,0.0,1.3917290411385932,2.7802614539
52725,1.3917049494910747,,0.0,1.3917049494910747,2.8057857861
52730,1.3916793374591212,,0.0,1.3916793374591212,2.8238755113
52735,1.3916520845624407,,0.0,1.3916520845624407,2.8336495838
52740,1.3916228907712296,,0.0,1.3916228907712296,2.8139484637
52745,1.391591342168953,,0.0,1.391591342168953,2.7717643893
52750,1.39155711692158,,0.0,1.39155711692158,2.7450867732
52755,1.3915202130283055,,0.0,1.3915202130283055,2.7213879674
52760,1.3914809998877524,,0.0,1.3914809998877524,2.6871448627
52765,1.3914400902464517,,0.0,1.3914400902464517,2.7334503993
52770,1.3913981770650254,,0.0,1.3913981770650254,2.7511966441
52775,1.3913556894934096,,0.0,1.3913556894934096,2.7668803289
52780,1.3913130808276186,,0.0,1.3913130808276186,2.7641219977
52785,1.3912710319324986,,0.0,1.3912710319324986,2.7687418132
52790,1.391230407928848,,0.0,1.391230407928848,2.7788504501
52795,1.3911921363716746,,0.0,1.3911921363716746,2.7705076175
52800,1.391156960673718,,0.0,1.391156960673718,2.7671492739
52805,1.391125323945076,,0.0,1.391125323945076,2.767010572
52810,1.391097466918968,,0.0,1.391097466918968,2.7368737147
52815,1.3910733295485078,,0.0,1.3910733295485078,2.6907186349
52820,1.3910526733968545,,0.0,1.3910526733968545,2.6827496804
52825,1.3910352464307874,,0.0,1.3910352464307874,2.6744923289
52830,1.3910207704474653,,0.0,1.3910207704474653,2.6514892623
52835,1.391008974292339,,0.0,1.391008974292339,2.669216951
52840,1.390999619164784,,0.0,1.390999619164784,2.6878539567
52845,1.3909924246792635,,0.0,1.3909924246792635,2.7003301434
52850,1.3909868792435816,,0.0,1.3909868792435816,2.7153232607
52855,1.390982361153057,,0.0,1.390982361153057,2.7369708799
52860,1.3909782375394273,,0.0,1.3909782375394273,2.7408634053
52865,1.3909738498195376,,0.0,1.3909738498195376,2.7315098023
52870,1.3909685778802567,,0.0,1.3909685778802567,2.7566962913
52875,1.3909620739225617,,0.0,1.3909620739225617,2.7775692939
52880,1.390954254003588,,0.0,1.390954254003588,2.805394287
52885,1.390945176419517,,0.0,1.390945176419517,2.8335729948
52890,1.3909348977613003,,0.0,1.3909348977613003,2.8304199756
52895,1.3909234141410094,,0.0,1.3909234141410094,2.7809372192
52900,1.3909107568894317,,0.0,1.3909107568894317,2.746151153
52905,1.390897157667955,,0.0,1.390897157667955,2.7084727602
52910,1.3908831314565024,,0.0,1.3908831314565024,2.6716327427
52915,1.3908694483148978,,0.0,1.3908694483148978,2.7138609706
52920,1.3908568839643338,,0.0,1.3908568839643338,2.7560134767
52925,1.3908460010857437,,0.0,1.3908460010857437,2.7836984305
52930,1.39083699891838,,0.0,1.39083699891838,2.7857093897
52935,1.3908294480622054,,0.0,1.3908294480622054,2.7691650408
52940,1.3908224477229794,,0.0,1.3908224477229794,2.7851416787
52945,1.3908147712253454,,0.0,1.3908147712253454,2.7729615794
52950,1.3908051514231203,,0.0,1.3908051514231203,2.7695794064
52955,1.3907926832930875,,0.0,1.3907926832930875,2.7479789674
52960,1.39077708499458,,0.0,1.39077708499458,2.7223196982
52965,1.3907587300642488,,0.0,1.3907587300642488,2.6815124639
52970,1.3907385798206868,,0.0,1.3907385798206868,2.6651127799
52975,1.390717652400801,,0.0,1.390717652400801,2.6552842719
52980,1.3906967802531536,,0.0,1.3906967802531536,2.638162575
52985,1.3906761899916464,,0.0,1.3906761899916464,2.6397437334
52990,1.3906556272639448,,0.0,1.3906556272639448,2.6661084579
52995,1.3906348436746547,,0.0,1.3906348436746547,2.6813663665
53000,1.390613929555575,,0.0,1.390613929555575,2.7051765295
53005,1.3905934035017193,,0.0,1.3905934035017193,2.7278107364
53010,1.3905739442861837,,0.0,1.3905739442861837,2.7484030231
53015,1.3905561765466468,,0.0,1.3905561765466468,2.7423416946
53020,1.390540393878506,,0.0,1.390540393878506,2.7538786279
53025,1.3905264080696722,,0.0,1.3905264080696722,2.7697387486
53030,1.390513692430967,,0.0,1.390513692430967,2.800915591
53035,1.3905014941595084,,0.0,1.3905014941595084,2.8379431364
53040,1.3904891993037363,,0.0,1.3904891993037363,2.8435177834
53045,1.390476503468453,,0.0,1.390476503468453,2.8062649466
53050,1.390463489732539,,0.0,1.390463489732539,2.760504422
53055,1.390450555528624,,0.0,1.390450555528624,2.738548118
53060,1.390437908326544,,0.0,1.390437908326544,2.7004100962
53065,1.3904253405882534,,0.0,1.3904253405882534,2.6838105533
53070,1.3904120778430626,,0.0,1.3904120778430626,2.7139469625
53075,1.3903970598007414,,0.0,1.3903970598007414,2.7469370387
53080,1.3903795051014638,,0.0,1.3903795051014638,2.7673462287
53085,1.39035922421443,,0.0,1.39035922421443,2.7511233648
53090,1.3903369930881961,,0.0,1.3903369930881961,2.7741096959
53095,1.390314360050258,,0.0,1.390314360050258,2.7844314128
53100,1.3902931340102265,,0.0,1.3902931340102265,2.7830286327
53105,1.3902745988482903,,0.0,1.3902745988482903,2.7737450599
53110,1.3902592456711316,,0.0,1.3902592456711316,2.7428306743
53115,1.3902467434364683,,0.0,1.3902467434364683,2.7101631836
53120,1.3902362556486563,,0.0,1.3902362556486563,2.688548424
53125,1.39022688585611,,0.0,1.39022688585611,2.6665219214
53130,1.3902180817457046,,0.0,1.3902180817457046,2.6490298455
53135,1.390209571435324,,0.0,1.390209571435324,2.6420843223
53140,1.3902014130165226,,0.0,1.3902014130165226,2.6520446788
53145,1.39019393093802,,0.0,1.39019393093802,2.6728131533
53150,1.3901876467505647,,0.0,1.3901876467505647,2.6925534717
53155,1.3901828137606171,,0.0,1.3901828137606171,2.7103874028
53160,1.3901793310184705,,0.0,1.3901793310184705,2.7272321279
53165,1.3901767869039687,,0.0,1.3901767869039687,2.721927751
53170,1.3901745959770222,,0.0,1.3901745959770222,2.7234837241
53175,1.390172240301973,,0.0,1.390172240301973,2.7298677901
53180,1.3901694499747743,,0.0,1.3901694499747743,2.7560878733
53185,1.3901662650797353,,0.0,1.3901662650797353,2.7912515713
53190,1.3901629263273392,,0.0,1.3901629263273392,2.7949583957
53195,1.3901596499636806,,0.0,1.3901596499636806,2.7596799037
53200,1.390156511450939,,0.0,1.390156511450939,2.7134878657
53205,1.3901533886718007,,0.0,1.3901533886718007,2.6785799547
53210,1.3901499632709062,,0.0,1.3901499632709062,2.6623969333
53215,1.3901458118506342,,0.0,1.3901458118506342,2.641888125
53220,1.39014045590028,,0.0,1.39014045590028,2.6606515715
53225,1.390133494349387,,0.0,1.390133494349387,2.6810846992
53230,1.390124822314848,,0.0,1.390124822314848,2.6983325151
53235,1.390114799759671,,0.0,1.390114799759671,2.7091786074
53240,1.390104169118929,,0.0,1.390104169118929,2.7274492285
53245,1.39009375492891,,0.0,1.39009375492891,2.7566952985
53250,1.3900841688675327,,0.0,1.3900841688675327,2.7706635954
53255,1.3900757017108782,,0.0,1.3900757017108782,2.7699205931
53260,1.3900683658502955,,0.0,1.3900683658502955,2.7571763099
53265,1.3900620402825552,,0.0,1.3900620402825552,2.7354018869
53270,1.3900568139525338,,0.0,1.3900568139525338,2.7233260376
53275,1.3900527719626534,,0.0,1.3900527719626534,2.7183019018
53280,1.3900498222531474,,0.0,1.3900498222531474,2.7049589423
53285,1.3900476820284182,,0.0,1.3900476820284182,2.6910172146
53290,1.3900459876421578,,0.0,1.3900459876421578,2.6991082496
53295,1.3900445254174862,,0.0,1.3900445254174862,2.7367186913
53300,1.3900433530594392,,0.0,1.3900433530594392,2.7566913935
53305,1.3900426975911742,,0.0,1.3900426975911742,2.7758114584
53310,1.3900426431374473,,0.0,1.3900426431374473,2.7992383208
53315,1.3900428943748933,,0.0,1.3900428943748933,2.8032919046
53320,1.3900429514887813,,0.0,1.3900429514887813,2.7973262477
53325,1.3900421436637629,,0.0,1.3900421436637629,2.802535164
53330,1.390039915608242,,0.0,1.390039915608242,2.8238585335
53335,1.3900361469783442,,0.0,1.3900361469783442,2.8507614498
53340,1.3900311403958265,,0.0,1.3900311403958265,2.8562039417
53345,1.3900253685281334,,0.0,1.3900253685281334,2.8211866873
53350,1.3900193216406984,,0.0,1.3900193216406984,2.7749572774
53355,1.3900134266098154,,0.0,1.3900134266098154,2.7261068977
53360,1.390008087620831,,0.0,1.390008087620831,2.6997908633
53365,1.3900037126106004,,0.0,1.3900037126106004,2.6807592057
53370,1.390000658199878,,0.0,1.390000658199878,2.6741684062
53375,1.3899993148639493,,0.0,1.3899993148639493,2.6829021783
53380,1.3900000587314167,,0.0,1.3900000587314167,2.7193687351
53385,1.3900031065258407,,0.0,1.3900031065258407,2.7418904486
53390,1.3900084209822277,,0.0,1.3900084209822277,2.7495248698
53395,1.3900156891564865,,0.0,1.3900156891564865,2.7491969055
53400,1.390024356189013,,0.0,1.390024356189013,2.7655116162
53405,1.3900336567718954,,0.0,1.3900336567718954,2.7715563468
53410,1.3900426251756752,,0.0,1.3900426251756752,2.7503026646
53415,1.3900504072612454,,0.0,1.3900504072612454,2.7189241945
53420,1.3900563780044084,,0.0,1.3900563780044084,2.6974998937
53425,1.390060069262267,,0.0,1.390060069262267,2.6730890114
53430,1.390061093879054,,0.0,1.390061093879054,2.6608273249
53435,1.3900591544623904,,0.0,1.3900591544623904,2.6520433983
53440,1.3900541501307786,,0.0,1.3900541501307786,2.6636361172
53445,1.390046289513612,,0.0,1.390046289513612,2.7022414096
53450,1.3900360891368908,,0.0,1.3900360891368908,2.7084025374
53455,1.3900245283719252,,0.0,1.3900245283719252,2.7119399637
53460,1.3900129377085666,,0.0,1.3900129377085666,2.7411448582
53465,1.3900026958833511,,0.0,1.3900026958833511,2.76527398
53470,1.389994940422129,,0.0,1.389994940422129,2.7527254387
53475,1.389990384771038,,0.0,1.389990384771038,2.7493213734
53480,1.3899892798264775,,0.0,1.3899892798264775,2.7671691839
53485,1.3899914842588577,,0.0,1.3899914842588577,2.7808963591
53490,1.3899966041369585,,0.0,1.3899966041369585,2.7992528347
53495,1.3900041303695896,,0.0,1.3900041303695896,2.7906067142
53500,1.3900135222391998,,0.0,1.3900135222391998,2.7418380077
53505,1.390024212176526,,0.0,1.390024212176526,2.6891888671
53510,1.3900356149915787,,0.0,1.3900356149915787,2.6587652578
53515,1.3900471990159025,,0.0,1.3900471990159025,2.6367076482
53520,1.390058397521481,,0.0,1.390058397521481,2.6279312205
53525,1.3900686532841227,,0.0,1.3900686532841227,2.6331122909
53530,1.3900775756239145,,0.0,1.3900775756239145,2.6528447968
53535,1.3900850470390358,,0.0,1.3900850470390358,2.6673997576
53540,1.3900914845609105,,0.0,1.3900914845609105,2.6846331401
53545,1.390097651360227,,0.0,1.390097651360227,2.6865050571
53550,1.3901042422619938,,0.0,1.3901042422619938,2.703488183
53555,1.390111809329236,,0.0,1.390111809329236,2.7148794598
53560,1.3901206979736527,,0.0,1.3901206979736527,2.7135076733
53565,1.3901309935022934,,0.0,1.3901309935022934,2.6845921575
53570,1.3901428171457522,,0.0,1.3901428171457522,2.6610261296
53575,1.3901564215283964,,0.0,1.3901564215283964,2.6374959736
53580,1.3901720047753936,,0.0,1.3901720047753936,2.6216519847
53585,1.3901895232782895,,0.0,1.3901895232782895,2.6230076236
53590,1.3902086200070742,,0.0,1.3902086200070742,2.63643137
53595,1.3902287102492228,,0.0,1.3902287102492228,2.6652551837
53600,1.3902491832135366,,0.0,1.3902491832135366,2.6782740232
53605,1.3902693445979448,,0.0,1.3902693445979448,2.6746234901
53610,1.3902884704975567,,0.0,1.3902884704975567,2.7007199685
53615,1.3903058705209659,,0.0,1.3903058705209659,2.7138200531
53620,1.3903209746661116,,0.0,1.3903209746661116,2.7129119001
53625,1.3903334724217,,0.0,1.3903334724217,2.7249149957
53630,1.3903434533237549,,0.0,1.3903434533237549,2.7476272759
53635,1.3903514911940549,,0.0,1.3903514911940549,2.7602903411
53640,1.3903585791594455,,0.0,1.3903585791594455,2.7848819806
53645,1.390365807067504,,0.0,1.390365807067504,2.7933727651
53650,1.3903740606836978,,0.0,1.3903740606836978,2.7547327779
53655,1.3903841120913922,,0.0,1.3903841120913922,2.7089819299
53660,1.3903965183101519,,0.0,1.3903965183101519,2.6813656375
53665,1.3904115518587123,,0.0,1.3904115518587123,2.6695815793
53670,1.3904291846803303,,0.0,1.3904291846803303,2.6727176971
53675,1.3904489736421717,,0.0,1.3904489736421717,2.6885060918
53680,1.3904702409033336,,0.0,1.3904702409033336,2.7042781749
53685,1.390492338225733,,0.0,1.390492338225733,2.7330437184
53690,1.3905147923962515,,0.0,1.3905147923962515,2.7569575115
53695,1.3905373019299536,,0.0,1.3905373019299536,2.779697009
53700,1.3905597885226073,,0.0,1.3905597885226073,2.7906390181
53705,1.3905823767243244,,0.0,1.3905823767243244,2.8003013758
53710,1.390605323456655,,0.0,1.390605323456655,2.7971355135
53715,1.3906290900870435,,0.0,1.3906290900870435,2.7822068315
53720,1.3906541714282075,,0.0,1.3906541714282075,2.75504719
53725,1.3906809833292768,,0.0,1.3906809833292768,2.7450822015
53730,1.3907098147701555,,0.0,1.3907098147701555,2.726841897
53735,1.3907404866560598,,0.0,1.3907404866560598,2.7252584756
53740,1.3907722826078543,,0.0,1.3907722826078543,2.7286735725
53745,1.3908041939242461,,0.0,1.3908041939242461,2.7527131218
53750,1.3908351558814025,,0.0,1.3908351558814025,2.7804578696
53755,1.3908641839013722,,0.0,1.3908641839013722,2.7665953447
53760,1.3908905972557277,,0.0,1.3908905972557277,2.785933189
53765,1.390914024977033,,0.0,1.390914024977033,2.8262344821
53770,1.3909343152314724,,0.0,1.3909343152314724,2.8300411114
53775,1.3909514956665328,,0.0,1.3909514956665328,2.8341160174
53780,1.3909658493279127,,0.0,1.3909658493279127,2.8434615614
53785,1.390978017905606,,0.0,1.390978017905606,2.8752276007
53790,1.390988918427658,,0.0,1.390988918427658,2.8961399006
53795,1.3909995927905363,,0.0,1.3909995927905363,2.8918252012
53800,1.3910111035126405,,0.0,1.3910111035126405,2.8485994428
53805,1.3910243446582315,,0.0,1.3910243446582315,2.7997992473
53810,1.3910400045951752,,0.0,1.3910400045951752,2.7627683155
53815,1.3910586395245241,,0.0,1.3910586395245241,2.7541156174
53820,1.391080707994406,,0.0,1.391080707994406,2.7322023358
53825,1.391106368773245,,0.0,1.391106368773245,2.733991073
53830,1.3911351780915866,,0.0,1.3911351780915866,2.745680623
53835,1.3911662934968445,,0.0,1.3911662934968445,2.7595435131
53840,1.3911988979784864,,0.0,1.3911988979784864,2.796272447
53845,1.391232394409902,,0.0,1.391232394409902,2.8253819465
53850,1.3912664322409614,,0.0,1.3912664322409614,2.8293992888
53855,1.3913008442907646,,0.0,1.3913008442907646,2.8453238754
53860,1.3913356029345612,,0.0,1.3913356029345612,2.8515557085
53865,1.3913708254013346,,0.0,1.3913708254013346,2.8455152586
53870,1.3914066659349615,,0.0,1.3914066659349615,2.8156400783
53875,1.3914431478402727,,0.0,1.3914431478402727,2.7965052839
53880,1.391479996506782,,0.0,1.391479996506782,2.7784931493
53885,1.3915165814762869,,0.0,1.3915165814762869,2.7702753729
53890,1.3915521005851381,,0.0,1.3915521005851381,2.7780863854
53895,1.391585899592837,,0.0,1.391585899592837,2.7931633597
53900,1.3916178397390098,,0.0,1.3916178397390098,2.8124359673
53905,1.3916483897349643,,0.0,1.3916483897349643,2.8173828068
53910,1.3916784389157855,,0.0,1.3916784389157855,2.8299500289
53915,1.3917088180475399,,0.0,1.3917088180475399,2.8710583701
53920,1.3917401510403413,,0.0,1.3917401510403413,2.8940866864
53925,1.3917728919177694,,0.0,1.3917728919177694,2.9015145846
53930,1.3918072746830632,,0.0,1.3918072746830632,2.9151313212
53935,1.3918433850752643,,0.0,1.3918433850752643,2.9182738231
53940,1.3918811396062367,,0.0,1.3918811396062367,2.92515924
53945,1.3919202563443671,,0.0,1.3919202563443671,2.9532674567
53950,1.3919602198322678,,0.0,1.3919602198322678,2.9380773427
53955,1.3920002727197733,,0.0,1.3920002727197733,2.886608708
53960,1.392039549158521,,0.0,1.392039549158521,2.8339327653
53965,1.3920772836359707,,0.0,1.3920772836359707,2.8223856664
53970,1.3921130477070156,,0.0,1.3921130477070156,2.7978094657
53975,1.392146812678293,,0.0,1.392146812678293,2.8051597215
53980,1.3921787893618935,,0.0,1.3921787893618935,2.8271124362
53985,1.3922092839719278,,0.0,1.3922092839719278,2.8422962254
53990,1.3922386185470543,,0.0,1.3922386185470543,2.8490617287
53995,1.3922670983464547,,0.0,1.3922670983464547,2.8846422337
54000,1.3922949345687379,,0.0,1.3922949345687379,2.8951444788
54005,1.3923221258724552,,0.0,1.3923221258724552,2.9081157834
54010,1.3923483989203602,,0.0,1.3923483989203602,2.9132387833
54015,1.3923732930043653,,0.0,1.3923732930043653,2.8988843144
54020,1.392396372380973,,0.0,1.392396372380973,2.8787787914
54025,1.3924174142787356,,0.0,1.3924174142787356,2.859567558
54030,1.3924365215572194,,0.0,1.3924365215572194,2.8197109188
54035,1.3924539674854612,,0.0,1.3924539674854612,2.8025966693
54040,1.3924699422081457,,0.0,1.3924699422081457,2.7900033146
54045,1.3924844450204437,,0.0,1.3924844450204437,2.7974169454
54050,1.3924973642637941,,0.0,1.3924973642637941,2.828059479
54055,1.3925087335426267,,0.0,1.3925087335426267,2.8370605697
54060,1.3925189624308192,,0.0,1.3925189624308192,2.8358856821
54065,1.3925288626867907,,0.0,1.3925288626867907,2.8557500384
54070,1.3925392590287198,,0.0,1.3925392590287198,2.8906564207
54075,1.3925506530447778,,0.0,1.3925506530447778,2.871467449
54080,1.392563067084866,,0.0,1.392563067084866,2.8534539528
54085,1.3925761804745107,,0.0,1.3925761804745107,2.8699127662
54090,1.392589523115483,,0.0,1.392589523115483,2.9047670083
54095,1.392602503110549,,0.0,1.392602503110549,2.9257612556
54100,1.3926142721411257,,0.0,1.3926142721411257,2.9259987857
54105,1.3926236917946417,,0.0,1.3926236917946417,2.8761966927
54110,1.3926296506693931,,0.0,1.3926296506693931,2.8162686541
54115,1.3926315667357532,,0.0,1.3926315667357532,2.7891027423
54120,1.3926297643060226,,0.0,1.3926297643060226,2.7711587644
54125,1.3926255364004323,,0.0,1.3926255364004323,2.7559134834
54130,1.392620804928602,,0.0,1.392620804928602,2.7716811849
54135,1.392617708728339,,0.0,1.392617708728339,2.7892160573
54140,1.3926182137042369,,0.0,1.3926182137042369,2.806576636
54145,1.392623749681568,,0.0,1.392623749681568,2.8209546705
54150,1.3926348413714436,,0.0,1.3926348413714436,2.8257605316
54155,1.3926509986221114,,0.0,1.3926509986221114,2.8368395391
54160,1.3926708509503565,,0.0,1.3926708509503565,2.839500675
54165,1.3926925752590422,,0.0,1.3926925752590422,2.8224870842
54170,1.3927144609053674,,0.0,1.3927144609053674,2.8093757416
54175,1.392735315750599,,0.0,1.392735315750599,2.7742829275
54180,1.3927545882546501,,0.0,1.3927545882546501,2.758168143
54185,1.392772315273258,,0.0,1.392772315273258,2.7314644062
54190,1.3927889036064571,,0.0,1.3927889036064571,2.7291247977
54195,1.392804811938794,,0.0,1.392804811938794,2.7313400592
54200,1.392820456642336,,0.0,1.392820456642336,2.7601147559
54205,1.3928359771140761,,0.0,1.3928359771140761,2.7886441128
54210,1.3928514750994967,,0.0,1.3928514750994967,2.780732342
54215,1.3928670765583668,,0.0,1.3928670765583668,2.8116467385
54220,1.3928826249959045,,0.0,1.3928826249959045,2.8401615419
54225,1.3928977912569507,,0.0,1.3928977912569507,2.8313344452
54230,1.3929120681374387,,0.0,1.3929120681374387,2.8289980751
54235,1.3929248572829915,,0.0,1.3929248572829915,2.8299836986
54240,1.392935631595174,,0.0,1.392935631595174,2.8445040125
54245,1.392944040160073,,0.0,1.392944040160073,2.8484581912
54250,1.3929499880986063,,0.0,1.3929499880986063,2.836917501
54255,1.392953722623873,,0.0,1.392953722623873,2.7996502329
54260,1.3929558678733511,,0.0,1.3929558678733511,2.7490630303
54265,1.392957359541687,,0.0,1.392957359541687,2.7224185425
54270,1.392959251984906,,0.0,1.392959251984906,2.707159657
54275,1.3929625501527916,,0.0,1.3929625501527916,2.6897501552
54280,1.3929679906371573,,0.0,1.3929679906371573,2.7206090482
54285,1.3929759034798812,,0.0,1.3929759034798812,2.7278912573
54290,1.392986256918185,,0.0,1.392986256918185,2.7405641924
54295,1.3929988870224768,,0.0,1.3929988870224768,2.747189012
54300,1.3930134955818663,,0.0,1.3930134955818663,2.7721047424
54305,1.3930295943771969,,0.0,1.3930295943771969,2.7654026063
54310,1.3930466023565085,,0.0,1.3930466023565085,2.7577631761
54315,1.3930640447833416,,0.0,1.3930640447833416,2.7541675624
54320,1.3930817601836387,,0.0,1.3930817601836387,2.7315107807
54325,1.3930998524855773,,0.0,1.3930998524855773,2.6844259907
54330,1.3931184016531484,,0.0,1.3931184016531484,2.6662061346
54335,1.3931371615646007,,0.0,1.3931371615646007,2.6450871621
54340,1.3931554890748086,,0.0,1.3931554890748086,2.6375474988
54345,1.3931725154024113,,0.0,1.3931725154024113,2.6343341677
54350,1.3931873925016627,,0.0,1.3931873925016627,2.6338625228
54355,1.3931994975992699,,0.0,1.3931994975992699,2.6562028691
54360,1.3932084747565714,,0.0,1.3932084747565714,2.6467552169
54365,1.3932141591799918,,0.0,1.3932141591799918,2.6635580288
54370,1.393216622693883,,0.0,1.393216622693883,2.6852245334
54375,1.393216363930682,,0.0,1.393216363930682,2.6880843103
54380,1.393214316993486,,0.0,1.393214316993486,2.6961762728
54385,1.3932115750493899,,0.0,1.3932115750493899,2.7034166797
54390,1.3932091075111523,,0.0,1.3932091075111523,2.7176872417
54395,1.393207461803568,,0.0,1.393207461803568,2.7202978249
54400,1.393206690447768,,0.0,1.393206690447768,2.7387590632
54405,1.3932064331624343,,0.0,1.3932064331624343,2.7120206126
54410,1.393206092889166,,0.0,1.393206092889166,2.6691228811
54415,1.3932050124317301,,0.0,1.3932050124317301,2.6286217944
54420,1.393202632951649,,0.0,1.393202632951649,2.6167732719
54425,1.3931985842772607,,0.0,1.3931985842772607,2.5978723541
54430,1.3931926744222318,,0.0,1.3931926744222318,2.6221059745
54435,1.3931848526161352,,0.0,1.3931848526161352,2.6374766259
54440,1.3931752656225644,,0.0,1.3931752656225644,2.6597626568
54445,1.3931643539369296,,0.0,1.3931643539369296,2.67935685
54450,1.3931528508315263,,0.0,1.3931528508315263,2.7132856432
54455,1.393141581774835,,0.0,1.393141581774835,2.7344628279
54460,1.3931312329292882,,0.0,1.3931312329292882,2.7437602355
54465,1.3931222035691653,,0.0,1.3931222035691653,2.744046075
54470,1.3931146679463926,,0.0,1.3931146679463926,2.7275712438
54475,1.393108735877881,,0.0,1.393108735877881,2.7033395093
54480,1.3931044919885869,,0.0,1.3931044919885869,2.6859435712
54485,1.3931019109274019,,0.0,1.3931019109274019,2.662064842
54490,1.3931007619423952,,0.0,1.3931007619423952,2.6488772855
54495,1.3931006274337319,,0.0,1.3931006274337319,2.6611014425
54500,1.3931010521728018,,0.0,1.3931010521728018,2.6747975676
54505,1.3931016965911664,,0.0,1.3931016965911664,2.6940635704
54510,1.3931023927121513,,0.0,1.3931023927121513,2.6992885039
54515,1.3931030769419879,,0.0,1.3931030769419879,2.713749558
54520,1.3931035519967565,,0.0,1.3931035519967565,2.7503188268
54525,1.393103370196339,,0.0,1.393103370196339,2.7760344968
54530,1.3931018488115015,,0.0,1.3931018488115015,2.772667581
54535,1.3930982259902682,,0.0,1.3930982259902682,2.7909756664
54540,1.3930919285247434,,0.0,1.3930919285247434,2.8185651372
54545,1.3930827384181281,,0.0,1.3930827384181281,2.8297310231
54550,1.3930706341162955,,0.0,1.3930706341162955,2.8420240578
54555,1.3930556192343364,,0.0,1.3930556192343364,2.8141489663
54560,1.3930377393587738,,0.0,1.3930377393587738,2.7638011065
54565,1.3930170471926306,,0.0,1.3930170471926306,2.7100799803
54570,1.392993692568917,,0.0,1.392993692568917,2.6997313018
54575,1.3929682026770143,,0.0,1.3929682026770143,2.6882343991
54580,1.3929415876733457,,0.0,1.3929415876733457,2.6955456676
54585,1.3929152936851976,,0.0,1.3929152936851976,2.7127442139
54590,1.3928907998531377,,0.0,1.3928907998531377,2.7318676552
54595,1.3928692471134807,,0.0,1.3928692471134807,2.7508340521
54600,1.3928511090431275,,0.0,1.3928511090431275,2.7621603443
54605,1.3928360574418495,,0.0,1.3928360574418495,2.7816520208
54610,1.392823065623845,,0.0,1.392823065623845,2.7892530109
54615,1.3928107921403077,,0.0,1.3928107921403077,2.8036340374
54620,1.3927980418058246,,0.0,1.3927980418058246,2.7942199717
54625,1.392784154354746,,0.0,1.392784154354746,2.781358966
54630,1.3927691072552792,,0.0,1.3927691072552792,2.7478576942
54635,1.3927533170841195,,0.0,1.3927533170841195,2.7274937107
54640,1.3927372917728997,,0.0,1.3927372917728997,2.7126638752
54645,1.3927213681844246,,0.0,1.3927213681844246,2.7014684772
54650,1.392705665025546,,0.0,1.392705665025546,2.7118172643
54655,1.3926902131495862,,0.0,1.3926902131495862,2.7281422627
54660,1.3926751132788875,,0.0,1.3926751132788875,2.7410723022
54665,1.3926605502378118,,0.0,1.3926605502378118,2.7253936372
54670,1.392646654010475,,0.0,1.392646654010475,2.7431507757
54675,1.3926332712851937,,0.0,1.3926332712851937,2.7670092561
54680,1.3926198294452192,,0.0,1.3926198294452192,2.7628429933
54685,1.3926054875385687,,0.0,1.3926054875385687,2.769821528
54690,1.3925894948086395,,0.0,1.3925894948086395,2.7859188874
54695,1.3925714379755165,,0.0,1.3925714379755165,2.8051420401
54700,1.3925511920116243,,0.0,1.3925511920116243,2.816856914
54705,1.3925286356636326,,0.0,1.3925286356636326,2.8116691316
54710,1.3925034425956986,,0.0,1.3925034425956986,2.7629707781
54715,1.3924751606258927,,0.0,1.3924751606258927,2.7136986559
54720,1.392443550748963,,0.0,1.392443550748963,2.6945150382
54725,1.3924089999842584,,0.0,1.3924089999842584,2.6628827957
54730,1.39237256925863,,0.0,1.39237256925863,2.6507887681
54735,1.392335591199152,,0.0,1.392335591199152,2.6641151223
54740,1.392299354119616,,0.0,1.392299354119616,2.6735607544
54745,1.3922647771170824,,0.0,1.3922647771170824,2.6792492327
54750,1.3922322549412827,,0.0,1.3922322549412827,2.6962471595
54755,1.39220167616102,,0.0,1.39220167616102,2.7234721399
54760,1.3921725238183034,,0.0,1.3921725238183034,2.7394042696
54765,1.3921440864905366,,0.0,1.3921440864905366,2.7479727282
54770,1.392115760480284,,0.0,1.392115760480284,2.7314026094
54775,1.392087311943462,,0.0,1.392087311943462,2.7221652949
54780,1.392058936799805,,0.0,1.392058936799805,2.6911773532
54785,1.3920310094954216,,0.0,1.3920310094954216,2.6670579085
54790,1.3920038498862743,,0.0,1.3920038498862743,2.6558455337
54795,1.3919775372769976,,0.0,1.3919775372769976,2.6344566583
54800,1.3919520688710123,,0.0,1.3919520688710123,2.6413515739
54805,1.3919274596743552,,0.0,1.3919274596743552,2.6575730467
54810,1.3919038736848273,,0.0,1.3919038736848273,2.6881267453
54815,1.3918816326682504,,0.0,1.3918816326682504,2.6850256675
54820,1.3918610540477907,,0.0,1.3918610540477907,2.7013601604
54825,1.391842227154844,,0.0,1.391842227154844,2.7301364181
54830,1.3918248928169537,,0.0,1.3918248928169537,2.7250298449
54835,1.3918085161370923,,0.0,1.3918085161370923,2.7284556335
54840,1.3917924891888502,,0.0,1.3917924891888502,2.7558764503
54845,1.3917761554353505,,0.0,1.3917761554353505,2.7930528071
54850,1.3917592273972932,,0.0,1.3917592273972932,2.8103621645
54855,1.3917414771420635,,0.0,1.3917414771420635,2.8246239491
54860,1.391722558052932,,0.0,1.391722558052932,2.7722246625
54865,1.3917021108489824,,0.0,1.3917021108489824,2.7278742446
54870,1.3916798735611788,,0.0,1.3916798735611788,2.7081113646
54875,1.3916557575402175,,0.0,1.3916557575402175,2.6823041819
54880,1.3916298096685977,,0.0,1.3916298096685977,2.657586257
54885,1.3916021183455218,,0.0,1.3916021183455218,2.6940730517
54890,1.3915727866124479,,0.0,1.3915727866124479,2.7061090731
54895,1.3915420282144637,,0.0,1.3915420282144637,2.7294797085
54900,1.3915102670948654,,0.0,1.3915102670948654,2.7397672062
54905,1.3914781019263394,,0.0,1.3914781019263394,2.7602152209
54910,1.3914460575564152,,0.0,1.3914460575564152,2.766398768
54915,1.3914145235963933,,0.0,1.3914145235963933,2.7605083923
54920,1.3913837006497116,,0.0,1.3913837006497116,2.7511407839
54925,1.3913536482403188,,0.0,1.3913536482403188,2.7468890543
54930,1.3913245586501224,,0.0,1.3913245586501224,2.7094992146
54935,1.39129678975038,,0.0,1.39129678975038,2.6780712106
54940,1.3912706518704947,,0.0,1.3912706518704947,2.667689653
54945,1.3912460947629768,,0.0,1.3912460947629768,2.6493124348
54950,1.3912225654553452,,0.0,1.3912225654553452,2.644535778
54955,1.3911993013907942,,0.0,1.3911993013907942,2.6649151185
54960,1.3911757209716893,,0.0,1.3911757209716893,2.6894642001
54965,1.3911516954416814,,0.0,1.3911516954416814,2.7042736206
54970,1.3911275913800774,,0.0,1.3911275913800774,2.7239136796
54975,1.3911040366076546,,0.0,1.3911040366076546,2.739597622
54980,1.3910816247496145,,0.0,1.3910816247496145,2.7324749142
54985,1.3910607298655466,,0.0,1.3910607298655466,2.7365340785
54990,1.3910415873456112,,0.0,1.3910415873456112,2.7571598581
54995,1.3910243776942506,,0.0,1.3910243776942506,2.7722816791
55000,1.3910092117287778,,0.0,1.3910092117287778,2.8041703721
