iteration,cd_fore,cd_aft,cd_viscous,cd_total,mean_abs_drho_dtau_kg_m3_s
5,0.011333279403778545,,0.0,0.011333279403778545,51.425351814
10,0.026299630611212967,,0.0,0.026299630611212967,51.385105483
15,0.04606079546014108,,0.0,0.04606079546014108,51.332399443
20,0.0721340927713585,,0.0,0.0721340927713585,51.267436732
25,0.10648991956098472,,0.0,0.10648991956098472,51.190388425
30,0.15166616607698377,,0.0,0.15166616607698377,51.101403316
35,0.21089573964474145,,0.0,0.21089573964474145,51.000614626
40,0.28823596223264125,,0.0,0.28823596223264125,50.888145061
45,0.3886238846492668,,0.0,0.3886238846492668,50.764111193
50,0.5177082750031617,,0.0,0.5177082750031617,50.628628073
55,0.6818538353072815,,0.0,0.6818538353072815,50.481815014
60,0.8877621463756395,,0.0,0.8877621463756395,50.323803519
65,1.1418184308660897,,0.0,1.1418184308660897,50.154748404
70,1.4491126624343853,,0.0,1.4491126624343853,49.974843151
75,1.8121481373158779,,0.0,1.8121481373158779,49.784340469
80,2.229239360156097,,0.0,2.229239360156097,49.583578673
85,2.6930716027192374,,0.0,2.6930716027192374,49.37301472
90,3.186647620468072,,0.0,3.186647620468072,49.153271534
95,3.6582847902779094,,0.0,3.6582847902779094,52.284473449
100,4.0289392724398505,,0.0,4.0289392724398505,69.165087492
105,4.235369717028056,,0.0,4.235369717028056,102.10571913
110,4.2719216351699,,0.0,4.2719216351699,130.65234833
115,4.158928693200599,,0.0,4.158928693200599,151.0903052
120,3.925787431686678,,0.0,3.925787431686678,165.63699263
125,3.615263037273442,,0.0,3.615263037273442,171.94159028
130,3.2717103379421473,,0.0,3.2717103379421473,169.72298436
135,2.93458324192173,,0.0,2.93458324192173,162.01007106
140,2.6323391480215848,,0.0,2.6323391480215848,154.03391707
145,2.374831897897069,,0.0,2.374831897897069,148.05923672
150,2.1640167853967363,,0.0,2.1640167853967363,141.02942028
155,2.000022348849108,,0.0,2.000022348849108,131.94805746
160,1.8776489713759,,0.0,1.8776489713759,122.83285384
165,1.789233557647511,,0.0,1.789233557647511,115.14857155
170,1.7284562191921145,,0.0,1.7284562191921145,108.31440945
175,1.689627176062618,,0.0,1.689627176062618,101.46976194
180,1.6676092112244179,,0.0,1.6676092112244179,95.200624114
185,1.6578578114195732,,0.0,1.6578578114195732,89.451287285
190,1.6567715298103178,,0.0,1.6567715298103178,84.629226588
195,1.6615471819638181,,0.0,1.6615471819638181,80.438843111
200,1.6698797733601554,,0.0,1.6698797733601554,76.571938731
205,1.6801569319191008,,0.0,1.6801569319191008,73.279934721
210,1.6911259343497322,,0.0,1.6911259343497322,69.792392104
215,1.7019290210091254,,0.0,1.7019290210091254,66.266209058
220,1.712058216967748,,0.0,1.712058216967748,62.958207738
225,1.721151293645004,,0.0,1.721151293645004,60.48204129
230,1.7290657136358187,,0.0,1.7290657136358187,59.138413905
235,1.735960443797679,,0.0,1.735960443797679,58.029445539
240,1.7420637082625987,,0.0,1.7420637082625987,56.960342305
245,1.747538237974364,,0.0,1.747538237974364,55.909062251
250,1.752458986463203,,0.0,1.752458986463203,54.901675359
255,1.756827616100356,,0.0,1.756827616100356,54.132143555
260,1.7606267472602244,,0.0,1.7606267472602244,53.596847348
265,1.7638519560103274,,0.0,1.7638519560103274,53.214757216
270,1.7665716191437741,,0.0,1.7665716191437741,52.793389395
275,1.7689367561982978,,0.0,1.7689367561982978,52.322656525
280,1.7711129548158282,,0.0,1.7711129548158282,51.829372834
285,1.7732180697561548,,0.0,1.7732180697561548,51.396601231
290,1.775284266394673,,0.0,1.775284266394673,51.028425711
295,1.7772560711466472,,0.0,1.7772560711466472,50.743241394
300,1.7790208633764906,,0.0,1.7790208633764906,50.532444127
305,1.7804538889057697,,0.0,1.7804538889057697,50.42629037
310,1.781456044843838,,0.0,1.781456044843838,50.363051172
315,1.78201111061428,,0.0,1.78201111061428,50.260008345
320,1.7821903522621771,,0.0,1.7821903522621771,50.089463495
325,1.7821217525085582,,0.0,1.7821217525085582,49.92294685
330,1.781942172699458,,0.0,1.781942172699458,49.831288273
335,1.7817553634157504,,0.0,1.7817553634157504,49.800295103
340,1.7815960287664327,,0.0,1.7815960287664327,49.846996543
345,1.7814269472349842,,0.0,1.7814269472349842,49.919187959
350,1.7811613932951407,,0.0,1.7811613932951407,49.964088307
355,1.780698771429981,,0.0,1.780698771429981,49.974192924
360,1.7799635124432907,,0.0,1.7799635124432907,49.962565613
365,1.7789345033167834,,0.0,1.7789345033167834,50.018740048
370,1.7776542062683838,,0.0,1.7776542062683838,50.173320003
375,1.7762092785941892,,0.0,1.7762092785941892,50.42509589
380,1.7747057145646865,,0.0,1.7747057145646865,50.565282584
385,1.7732303014919797,,0.0,1.7732303014919797,50.615270273
390,1.7718198273951724,,0.0,1.7718198273951724,50.58128046
395,1.7704631660398968,,0.0,1.7704631660398968,50.526291946
400,1.7691097007398229,,0.0,1.7691097007398229,50.468373852
405,1.7676883490136024,,0.0,1.7676883490136024,50.599229707
410,1.766137753072264,,0.0,1.766137753072264,50.902299774
415,1.7644316694805158,,0.0,1.7644316694805158,51.178867842
420,1.7625852766936292,,0.0,1.7625852766936292,51.337995289
425,1.7606497630830313,,0.0,1.7606497630830313,51.40021342
430,1.7586994363508472,,0.0,1.7586994363508472,51.35580968
435,1.7567926945450685,,0.0,1.7567926945450685,51.24223998
440,1.7549634022180882,,0.0,1.7549634022180882,51.094325237
445,1.753207885902838,,0.0,1.753207885902838,51.020604885
450,1.7514913797709175,,0.0,1.7514913797709175,51.229916709
455,1.749761026502457,,0.0,1.749761026502457,51.572905323
460,1.7479674099166138,,0.0,1.7479674099166138,51.813275648
465,1.746083398257184,,0.0,1.746083398257184,51.882932768
470,1.7441104945809558,,0.0,1.7441104945809558,51.852014671
475,1.742081323338748,,0.0,1.742081323338748,51.755614632
480,1.7400501120344478,,0.0,1.7400501120344478,51.589433389
485,1.738062412045038,,0.0,1.738062412045038,51.391990677
490,1.7361487197974712,,0.0,1.7361487197974712,51.23908284
495,1.734313292203154,,0.0,1.734313292203154,51.363404825
500,1.7325349195788584,,0.0,1.7325349195788584,51.704020941
505,1.7307725312167548,,0.0,1.7307725312167548,51.964489864
510,1.7289848200283544,,0.0,1.7289848200283544,52.043109935
515,1.7271424010009993,,0.0,1.7271424010009993,51.96305401
520,1.7252364321161306,,0.0,1.7252364321161306,51.812032127
525,1.7232844921756312,,0.0,1.7232844921756312,51.635542277
530,1.7213260742224816,,0.0,1.7213260742224816,51.413407973
535,1.719400076826884,,0.0,1.719400076826884,51.191496188
540,1.7175377920579447,,0.0,1.7175377920579447,51.082651995
545,1.7157538138636141,,0.0,1.7157538138636141,51.296756142
550,1.7140386395154799,,0.0,1.7140386395154799,51.612540262
555,1.7123644654526056,,0.0,1.7123644654526056,51.798835881
560,1.710695618392001,,0.0,1.710695618392001,51.808437148
565,1.7089990692188222,,0.0,1.7089990692188222,51.667991794
570,1.7072550687209054,,0.0,1.7072550687209054,51.443136453
575,1.7054678636448903,,0.0,1.7054678636448903,51.245474739
580,1.7036556933696423,,0.0,1.7036556933696423,51.003872727
585,1.701850607538372,,0.0,1.701850607538372,50.774029642
590,1.7000855875645984,,0.0,1.7000855875645984,50.601803238
595,1.6983846258859976,,0.0,1.6983846258859976,50.753337894
600,1.6967553106007867,,0.0,1.6967553106007867,51.036049589
605,1.6951870657671786,,0.0,1.6951870657671786,51.22898599
610,1.6936550578628564,,0.0,1.6936550578628564,51.257450745
615,1.6921283285951156,,0.0,1.6921283285951156,51.142774901
620,1.6905790690216735,,0.0,1.6905790690216735,50.901193631
625,1.688991259536181,,0.0,1.688991259536181,50.668629951
630,1.6873654258497568,,0.0,1.6873654258497568,50.450179016
635,1.685717067836906,,0.0,1.685717067836906,50.197556167
640,1.6840723249599778,,0.0,1.6840723249599778,49.963410496
645,1.682459747458444,,0.0,1.682459747458444,49.828723575
650,1.6809017256565424,,0.0,1.6809017256565424,50.032828221
655,1.6794082990886814,,0.0,1.6794082990886814,50.256759705
660,1.6779747608698148,,0.0,1.6779747608698148,50.396698502
665,1.6765835104069249,,0.0,1.6765835104069249,50.379878738
670,1.6752094581318648,,0.0,1.6752094581318648,50.238145489
675,1.673827090878093,,0.0,1.673827090878093,49.988871718
680,1.672417637974969,,0.0,1.672417637974969,49.73868803
685,1.6709742300330948,,0.0,1.6709742300330948,49.532736493
690,1.669503065567246,,0.0,1.669503065567246,49.287508614
695,1.6680212860950168,,0.0,1.6680212860950168,49.047012164
700,1.6665521293367411,,0.0,1.6665521293367411,48.84236542
705,1.6651184925927145,,0.0,1.6651184925927145,48.88797906
710,1.6637368697586432,,0.0,1.6637368697586432,49.069816545
715,1.6624132783101524,,0.0,1.6624132783101524,49.21368241
720,1.6611420685634475,,0.0,1.6611420685634475,49.248302158
725,1.6599077721348703,,0.0,1.6599077721348703,49.151922495
730,1.658689335666008,,0.0,1.658689335666008,48.96993265
735,1.657465494464305,,0.0,1.657465494464305,48.712683627
740,1.6562200749238696,,0.0,1.6562200749238696,48.488491449
745,1.6549458363423455,,0.0,1.6549458363423455,48.295561452
750,1.6536458243629573,,0.0,1.6536458243629573,48.051213172
755,1.652332161765857,,0.0,1.652332161765857,47.817901151
760,1.6510227328274292,,0.0,1.6510227328274292,47.607599744
765,1.6497366508307543,,0.0,1.6497366508307543,47.58478516
770,1.6484896384115377,,0.0,1.6484896384115377,47.692025145
775,1.647290445573945,,0.0,1.647290445573945,47.785394348
780,1.6461390707235026,,0.0,1.6461390707235026,47.81675231
785,1.6450270762399302,,0.0,1.6450270762399302,47.742259205
790,1.6439397971547818,,0.0,1.6439397971547818,47.595530655
795,1.6428598234810294,,0.0,1.6428598234810294,47.379799317
800,1.641770957894993,,0.0,1.641770957894993,47.146658567
805,1.6406617654988562,,0.0,1.6406617654988562,46.984753698
810,1.639527898894855,,0.0,1.639527898894855,46.77965546
815,1.638372756968476,,0.0,1.638372756968476,46.555401006
820,1.6372064087518845,,0.0,1.6372064087518845,46.325690373
825,1.636043112556411,,0.0,1.636043112556411,46.110686067
830,1.6348980672332967,,0.0,1.6348980672332967,46.051924502
835,1.633784139849522,,0.0,1.633784139849522,46.092988219
840,1.632709263441018,,0.0,1.632709263441018,46.128658768
845,1.6316749962732093,,0.0,1.6316749962732093,46.127567918
850,1.6306764494917885,,0.0,1.6306764494917885,46.057503697
855,1.6297034978594092,,0.0,1.6297034978594092,45.927815895
860,1.6287429670408076,,0.0,1.6287429670408076,45.752199312
865,1.6277813258044578,,0.0,1.6277813258044578,45.572406092
870,1.62680733616999,,0.0,1.62680733616999,45.419309982
875,1.6258141452242298,,0.0,1.6258141452242298,45.254669518
880,1.6248004476915106,,0.0,1.6248004476915106,45.072927455
885,1.6237705230716095,,0.0,1.6237705230716095,44.860906716
890,1.6227331842175128,,0.0,1.6227331842175128,44.646252878
895,1.6216998989794826,,0.0,1.6216998989794826,44.420193161
900,1.620682501338704,,0.0,1.620682501338704,44.292996861
905,1.6196909601412715,,0.0,1.6196909601412715,44.264303372
910,1.6187316221879733,,0.0,1.6187316221879733,44.245610526
915,1.6178062186781461,,0.0,1.6178062186781461,44.214819374
920,1.6169117522678167,,0.0,1.6169117522678167,44.151414702
925,1.616041213718996,,0.0,1.616041213718996,44.03732035
930,1.6151849439784547,,0.0,1.6151849439784547,43.906203982
935,1.6143323740137914,,0.0,1.6143323740137914,43.782111555
940,1.6134738367329735,,0.0,1.6134738367329735,43.67666527
945,1.6126021551461387,,0.0,1.6126021551461387,43.545250596
950,1.611713757633197,,0.0,1.611713757633197,43.410757725
955,1.6108091528975528,,0.0,1.6108091528975528,43.242994979
960,1.6098926987010473,,0.0,1.6098926987010473,43.046260453
965,1.6089717262323933,,0.0,1.6089717262323933,42.838038897
970,1.6080551970956445,,0.0,1.6080551970956445,42.596633142
975,1.6071521469049872,,0.0,1.6071521469049872,42.364863447
980,1.6062701957145398,,0.0,1.6062701957145398,42.253515172
985,1.6054143750839653,,0.0,1.6054143750839653,42.189011701
990,1.6045864419234812,,0.0,1.6045864419234812,42.125639286
995,1.6037847509359977,,0.0,1.6037847509359977,42.068520113
1000,1.6030046544312877,,0.0,1.6030046544312877,41.981243423
1005,1.6022393222174216,,0.0,1.6022393222174216,41.888059845
1010,1.6014808285000337,,0.0,1.6014808285000337,41.803941215
1015,1.6007213352472247,,0.0,1.6007213352472247,41.767815789
1020,1.599954204733273,,0.0,1.599954204733273,41.700923858
1025,1.5991748962969696,,0.0,1.5991748962969696,41.600466417
1030,1.5983815382924582,,0.0,1.5983815382924582,41.49024009
1035,1.597575108530463,,0.0,1.597575108530463,41.349624019
1040,1.5967592048070092,,0.0,1.5967592048070092,41.167072087
1045,1.5959394433883896,,0.0,1.5959394433883896,40.967248593
1050,1.5951225824494921,,0.0,1.5951225824494921,40.71967366
1055,1.594315507789502,,0.0,1.594315507789502,40.435940097
1060,1.5935242425975735,,0.0,1.5935242425975735,40.176536981
1065,1.592753128092887,,0.0,1.592753128092887,40.02083555
1070,1.5920042889774904,,0.0,1.5920042889774904,39.922354721
1075,1.5912774417008897,,0.0,1.5912774417008897,39.844816673
1080,1.5905700433439898,,0.0,1.5905700433439898,39.786855939
1085,1.5898777290362576,,0.0,1.5898777290362576,39.721585699
1090,1.5891949506751315,,0.0,1.5891949506751315,39.663839474
1095,1.5885157162965584,,0.0,1.5885157162965584,39.662070458
1100,1.587834333431712,,0.0,1.587834333431712,39.673054142
1105,1.587146073537283,,0.0,1.587146073537283,39.648218415
1110,1.5864476926574367,,0.0,1.5864476926574367,39.600489346
1115,1.585737761878391,,0.0,1.585737761878391,39.514684051
1120,1.5850167816654384,,0.0,1.5850167816654384,39.411997714
1125,1.5842870713792367,,0.0,1.5842870713792367,39.268023826
1130,1.5835524469264655,,0.0,1.5835524469264655,39.082245648
1135,1.5828177236827887,,0.0,1.5828177236827887,38.858703497
1140,1.5820881047466175,,0.0,1.5820881047466175,38.600790614
1145,1.5813685339815855,,0.0,1.5813685339815855,38.309272438
1150,1.5806630998164257,,0.0,1.5806630998164257,37.996852775
1155,1.5799745672670706,,0.0,1.5799745672670706,37.73873389
1160,1.5793040953827029,,0.0,1.5793040953827029,37.578079097
1165,1.578651165893079,,0.0,1.578651165893079,37.476091971
1170,1.5780137162806076,,0.0,1.5780137162806076,37.405942511
1175,1.577388443394634,,0.0,1.577388443394634,37.36260456
1180,1.5767712236615763,,0.0,1.5767712236615763,37.343724942
1185,1.5761575892345037,,0.0,1.5761575892345037,37.373601145
1190,1.5755432014852548,,0.0,1.5755432014852548,37.431110242
1195,1.574924275134324,,0.0,1.574924275134324,37.469278981
1200,1.574297919866756,,0.0,1.574297919866756,37.487563627
1205,1.5736623789052067,,0.0,1.5736623789052067,37.469646661
1210,1.5730171552390748,,0.0,1.5730171552390748,37.407824515
1215,1.572363021457089,,0.0,1.572363021457089,37.316974676
1220,1.5717019208899643,,0.0,1.5717019208899643,37.199234024
1225,1.5710367617240437,,0.0,1.5710367617240437,37.035891602
1230,1.5703711151807984,,0.0,1.5703711151807984,36.821926116
1235,1.5697088523091076,,0.0,1.5697088523091076,36.578589616
1240,1.56905374749291,,0.0,1.56905374749291,36.316449633
1245,1.568409100295296,,0.0,1.568409100295296,36.030146801
1250,1.5677774065984,,0.0,1.5677774065984,35.729717614
1255,1.5671601222891756,,0.0,1.5671601222891756,35.42411909
1260,1.5665575473279036,,0.0,1.5665575473279036,35.173816935
1265,1.5659688373745602,,0.0,1.5659688373745602,35.017002589
1270,1.5653921316124206,,0.0,1.5653921316124206,34.91803762
1275,1.5648247754428255,,0.0,1.5648247754428255,34.868002239
1280,1.56426360357062,,0.0,1.56426360357062,34.864899116
1285,1.5637052479367999,,0.0,1.5637052479367999,34.929072799
1290,1.5631464385424663,,0.0,1.5631464385424663,35.023979204
1295,1.5625842687957492,,0.0,1.5625842687957492,35.106895936
1300,1.5620164079753696,,0.0,1.5620164079753696,35.183277671
1305,1.5614412511775597,,0.0,1.5614412511775597,35.223982835
1310,1.5608580022286758,,0.0,1.5608580022286758,35.227552155
1315,1.5602667057075315,,0.0,1.5602667057075315,35.198114933
1320,1.5596682119334269,,0.0,1.5596682119334269,35.12793784
1325,1.5590640936549178,,0.0,1.5590640936549178,35.020013145
1330,1.5584565190898845,,0.0,1.5584565190898845,34.874552229
1335,1.5578480847051488,,0.0,1.5578480847051488,34.694521352
1340,1.557241613781353,,0.0,1.557241613781353,34.4806377
1345,1.5566399333195766,,0.0,1.5566399333195766,34.237414573
1350,1.5560456441050072,,0.0,1.5560456441050072,33.986882286
1355,1.5554609059845397,,0.0,1.5554609059845397,33.722201237
1360,1.5548872590864655,,0.0,1.5548872590864655,33.451121161
1365,1.5543255026405034,,0.0,1.5543255026405034,33.178638952
1370,1.5537756474093474,,0.0,1.5537756474093474,32.903728811
1375,1.5532369312347822,,0.0,1.5532369312347822,32.637895418
1380,1.5527079079960024,,0.0,1.5527079079960024,32.448256065
1385,1.5521865912450792,,0.0,1.5521865912450792,32.338501418
1390,1.5516706337845088,,0.0,1.5516706337845088,32.284053508
1395,1.5511575225915701,,0.0,1.5511575225915701,32.309918245
1400,1.550644770553732,,0.0,1.550644770553732,32.409874267
1405,1.55013008913682,,0.0,1.55013008913682,32.529296966
1410,1.549611529894517,,0.0,1.549611529894517,32.637413016
1415,1.5490875871125802,,0.0,1.5490875871125802,32.737235743
1420,1.5485572689622087,,0.0,1.5485572689622087,32.811470421
1425,1.5480201263334363,,0.0,1.5480201263334363,32.854374345
1430,1.5474762463243643,,0.0,1.5474762463243643,32.859756672
1435,1.5469262223447888,,0.0,1.5469262223447888,32.827336986
1440,1.5463711020300746,,0.0,1.5463711020300746,32.76203728
1445,1.5458123186788042,,0.0,1.5458123186788042,32.657380165
1450,1.5452516074764961,,0.0,1.5452516074764961,32.520052041
1455,1.5446909086977925,,0.0,1.5446909086977925,32.351029992
1460,1.5441322586179116,,0.0,1.5441322586179116,32.161841482
1465,1.543577669993591,,0.0,1.543577669993591,31.954351315
1470,1.5430290079599205,,0.0,1.5430290079599205,31.734420314
1475,1.5424878675880813,,0.0,1.5424878675880813,31.502242197
1480,1.5419554652618574,,0.0,1.5419554652618574,31.267594659
1485,1.54143255310757,,0.0,1.54143255310757,31.028007449
1490,1.5409193683695528,,0.0,1.5409193683695528,30.789314349
1495,1.5404156214516,,0.0,1.5404156214516,30.55549687
1500,1.5399205248167975,,0.0,1.5399205248167975,30.323124189
1505,1.5400192971864255,,0.0,1.5400192971864255,50.20809498
1510,1.538571582705164,,0.0,1.538571582705164,46.047400701
1515,1.5364041054577164,,0.0,1.5364041054577164,41.461485647
1520,1.5341242162513689,,0.0,1.5341242162513689,37.403216363
1525,1.5319508606460872,,0.0,1.5319508606460872,35.223033647
1530,1.5299320079046719,,0.0,1.5299320079046719,34.409107815
1535,1.528081027552487,,0.0,1.528081027552487,33.973891122
1540,1.526418133391341,,0.0,1.526418133391341,33.898006829
1545,1.5249534214930072,,0.0,1.5249534214930072,34.252622631
1550,1.523675132417926,,0.0,1.523675132417926,34.730628429
1555,1.522551448385872,,0.0,1.522551448385872,35.334028087
1560,1.5215504066524266,,0.0,1.5215504066524266,36.007414536
1565,1.5206268890722772,,0.0,1.5206268890722772,36.740534068
1570,1.5197408263332344,,0.0,1.5197408263332344,37.804411791
1575,1.5188655180505461,,0.0,1.5188655180505461,39.000719483
1580,1.5179877656396683,,0.0,1.5179877656396683,40.168434515
1585,1.517103395766167,,0.0,1.517103395766167,41.250140663
1590,1.5162133163496876,,0.0,1.5162133163496876,42.16741744
1595,1.5153218767810859,,0.0,1.5153218767810859,42.85315176
1600,1.514436303346023,,0.0,1.514436303346023,43.820948481
1605,1.513557851160696,,0.0,1.513557851160696,44.824807271
1610,1.5126828242361008,,0.0,1.5126828242361008,45.95337653
1615,1.511805556545092,,0.0,1.511805556545092,46.976879411
1620,1.5109194744066248,,0.0,1.5109194744066248,48.181252459
1625,1.510018105920196,,0.0,1.510018105920196,48.992447137
1630,1.509096955269156,,0.0,1.509096955269156,49.690770523
1635,1.508156304675271,,0.0,1.508156304675271,50.20326432
1640,1.507203306879123,,0.0,1.507203306879123,50.564168136
1645,1.5062530224778359,,0.0,1.5062530224778359,50.849124003
1650,1.5053263745480698,,0.0,1.5053263745480698,50.985880418
1655,1.5044457359412926,,0.0,1.5044457359412926,51.122658699
1660,1.5036294670834636,,0.0,1.5036294670834636,51.146040987
1665,1.502885630960084,,0.0,1.502885630960084,50.890209979
1670,1.5022047341438345,,0.0,1.5022047341438345,50.491592713
1675,1.501551705663996,,0.0,1.501551705663996,50.091455806
1680,1.5008522312412425,,0.0,1.5008522312412425,49.895942661
1685,1.499994328095725,,0.0,1.499994328095725,49.769276786
1690,1.4988664665437452,,0.0,1.4988664665437452,49.649829155
1695,1.497367663279198,,0.0,1.497367663279198,49.441036928
1700,1.4954521607729963,,0.0,1.4954521607729963,49.120304095
1705,1.493212833305328,,0.0,1.493212833305328,48.801434074
1710,1.4909372544252415,,0.0,1.4909372544252415,48.401403961
1715,1.489118643341719,,0.0,1.489118643341719,48.090978018
1720,1.4884496254176502,,0.0,1.4884496254176502,47.961442691
1725,1.489557049210766,,0.0,1.489557049210766,48.090023073
1730,1.4927500876027453,,0.0,1.4927500876027453,48.205109065
1735,1.4976734918860983,,0.0,1.4976734918860983,48.469786397
1740,1.5036309686786509,,0.0,1.5036309686786509,48.665647978
1745,1.5098984193099463,,0.0,1.5098984193099463,48.688601226
1750,1.51592786046043,,0.0,1.51592786046043,48.985009485
1755,1.5213512796642112,,0.0,1.5213512796642112,49.757244583
1760,1.5259647183469331,,0.0,1.5259647183469331,50.653093564
1765,1.5297794361472257,,0.0,1.5297794361472257,51.367718061
1770,1.5328108545446593,,0.0,1.5328108545446593,51.813105746
1775,1.535158829619183,,0.0,1.535158829619183,52.029352598
1780,1.5369543343271048,,0.0,1.5369543343271048,52.262697443
1785,1.5382297378706504,,0.0,1.5382297378706504,52.362291366
1790,1.5390250813929813,,0.0,1.5390250813929813,52.390251075
1795,1.5395188202009353,,0.0,1.5395188202009353,52.265416434
1800,1.5397732736837282,,0.0,1.5397732736837282,52.098479637
1805,1.539763238135502,,0.0,1.539763238135502,52.2248213
1810,1.5393614195812386,,0.0,1.5393614195812386,52.573325223
1815,1.5384166617571233,,0.0,1.5384166617571233,52.736309196
1820,1.5368930007874149,,0.0,1.5368930007874149,52.564201394
1825,1.534966346070218,,0.0,1.534966346070218,52.216117537
1830,1.532892344551557,,0.0,1.532892344551557,52.070020278
1835,1.5307203875650648,,0.0,1.5307203875650648,51.820749234
1840,1.5283917982956754,,0.0,1.5283917982956754,51.431764529
1845,1.5257579934279155,,0.0,1.5257579934279155,50.958148469
1850,1.5227137667597035,,0.0,1.5227137667597035,50.28194593
1855,1.5193258538396779,,0.0,1.5193258538396779,49.610372139
1860,1.515739522209744,,0.0,1.515739522209744,48.997672084
1865,1.5121066476397722,,0.0,1.5121066476397722,48.497541958
1870,1.508584273720323,,0.0,1.508584273720323,48.247755796
1875,1.5052067901169812,,0.0,1.5052067901169812,48.035454394
1880,1.5019548275672718,,0.0,1.5019548275672718,47.772346171
1885,1.498865978037002,,0.0,1.498865978037002,47.32172184
1890,1.4959863730256728,,0.0,1.4959863730256728,46.919135991
1895,1.4933446606335539,,0.0,1.4933446606335539,46.845938294
1900,1.4909689265104733,,0.0,1.4909689265104733,47.166560733
1905,1.4888701266143427,,0.0,1.4888701266143427,47.605516338
1910,1.487029971805445,,0.0,1.487029971805445,48.011743084
1915,1.485470875195697,,0.0,1.485470875195697,48.498298009
1920,1.4841980790145406,,0.0,1.4841980790145406,48.837576443
1925,1.4832007287524245,,0.0,1.4832007287524245,49.018411651
1930,1.4824510379225644,,0.0,1.4824510379225644,49.469420839
1935,1.4819402908019705,,0.0,1.4819402908019705,49.96190233
1940,1.4816241195114335,,0.0,1.4816241195114335,50.529408546
1945,1.48143162380461,,0.0,1.48143162380461,50.906532405
1950,1.481350905987822,,0.0,1.481350905987822,51.284520532
1955,1.481399034232893,,0.0,1.481399034232893,51.530298005
1960,1.481554309751924,,0.0,1.481554309751924,51.516387795
1965,1.4817887607670506,,0.0,1.4817887607670506,51.166461964
1970,1.4820848228930867,,0.0,1.4820848228930867,50.754738334
1975,1.482444784199152,,0.0,1.482444784199152,50.236226181
1980,1.4828379678835066,,0.0,1.4828379678835066,49.898996864
1985,1.483250508207423,,0.0,1.483250508207423,49.687305815
1990,1.4836520803491322,,0.0,1.4836520803491322,49.54141926
1995,1.4840153551699289,,0.0,1.4840153551699289,49.472709458
2000,1.484314566712824,,0.0,1.484314566712824,49.301894417
2005,1.4844852196641007,,0.0,1.4844852196641007,49.165389383
2010,1.4844716516932528,,0.0,1.4844716516932528,49.188435791
2015,1.4842693793407977,,0.0,1.4842693793407977,49.222616612
2020,1.4838699772771875,,0.0,1.4838699772771875,49.065703245
2025,1.483266071860858,,0.0,1.483266071860858,48.857282212
2030,1.482501646636528,,0.0,1.482501646636528,48.602826061
2035,1.4816614526410818,,0.0,1.4816614526410818,48.433295566
2040,1.480795397352434,,0.0,1.480795397352434,48.206721694
2045,1.4799067344261316,,0.0,1.4799067344261316,47.892960729
2050,1.4790039485858528,,0.0,1.4790039485858528,47.516256335
2055,1.4780496273104675,,0.0,1.4780496273104675,47.092368781
2060,1.4770057491893727,,0.0,1.4770057491893727,46.573193132
2065,1.4758926001078554,,0.0,1.4758926001078554,46.074787673
2070,1.4747440294708125,,0.0,1.4747440294708125,45.604078597
2075,1.4735733456821332,,0.0,1.4735733456821332,45.028713338
2080,1.472371255487328,,0.0,1.472371255487328,44.535763844
2085,1.4711654453199847,,0.0,1.4711654453199847,44.110111869
2090,1.4699968947372104,,0.0,1.4699968947372104,43.70720312
2095,1.4688763735421657,,0.0,1.4688763735421657,43.516074607
2100,1.4678299649920166,,0.0,1.4678299649920166,43.550378789
2105,1.466871180719556,,0.0,1.466871180719556,43.801833222
2110,1.466044195074803,,0.0,1.466044195074803,44.062325377
2115,1.4653592978580312,,0.0,1.4653592978580312,44.378517096
2120,1.4648037075723253,,0.0,1.4648037075723253,44.675398058
2125,1.464340019137431,,0.0,1.464340019137431,45.017932118
2130,1.4639966016207975,,0.0,1.4639966016207975,45.382155058
2135,1.4637936120211237,,0.0,1.4637936120211237,45.68134025
2140,1.4637153527492213,,0.0,1.4637153527492213,46.043293308
2145,1.4637246088657714,,0.0,1.4637246088657714,46.371497755
2150,1.4637922221055006,,0.0,1.4637922221055006,46.733976553
2155,1.463918499138765,,0.0,1.463918499138765,47.03642118
2160,1.464074179255384,,0.0,1.464074179255384,47.204574729
2165,1.4642412317531799,,0.0,1.4642412317531799,47.33321993
2170,1.4644082718273717,,0.0,1.4644082718273717,47.301811735
2175,1.4645797354354255,,0.0,1.4645797354354255,47.214193024
2180,1.4647760756830106,,0.0,1.4647760756830106,47.051005996
2185,1.4649984980583435,,0.0,1.4649984980583435,47.060798286
2190,1.465215803769004,,0.0,1.465215803769004,47.041216555
2195,1.465371356792817,,0.0,1.465371356792817,47.215497304
2200,1.4654457862728354,,0.0,1.4654457862728354,47.27150082
2205,1.4654660732875409,,0.0,1.4654660732875409,47.383207065
2210,1.4654713895271163,,0.0,1.4654713895271163,47.513363042
2215,1.465417751712588,,0.0,1.465417751712588,47.581141472
2220,1.4652657068621158,,0.0,1.4652657068621158,47.611741559
2225,1.465010495074418,,0.0,1.465010495074418,47.604858251
2230,1.4646726645256312,,0.0,1.4646726645256312,47.470743288
2235,1.4642690753088188,,0.0,1.4642690753088188,47.32427647
2240,1.4638052809078896,,0.0,1.4638052809078896,47.12394222
2245,1.4633093758087106,,0.0,1.4633093758087106,46.945883738
2250,1.462785010092743,,0.0,1.462785010092743,46.857721345
2255,1.4622167739067846,,0.0,1.4622167739067846,46.701111975
2260,1.4615861212016141,,0.0,1.4615861212016141,46.52052962
2265,1.4608831654458192,,0.0,1.4608831654458192,46.328761561
2270,1.460069648117336,,0.0,1.460069648117336,45.919647592
2275,1.459149013809885,,0.0,1.459149013809885,45.463890652
2280,1.4581923202240425,,0.0,1.4581923202240425,44.844896943
2285,1.4572471334201857,,0.0,1.4572471334201857,44.030385869
2290,1.4563443066550932,,0.0,1.4563443066550932,43.333571656
2295,1.4554606818656561,,0.0,1.4554606818656561,42.613484343
2300,1.4545562195696229,,0.0,1.4545562195696229,42.112854464
2305,1.4536598421830982,,0.0,1.4536598421830982,41.752927227
2310,1.452801214681669,,0.0,1.452801214681669,41.312008498
2315,1.4519820884613317,,0.0,1.4519820884613317,41.019100142
2320,1.4512098242749927,,0.0,1.4512098242749927,40.965279113
2325,1.4504823121030448,,0.0,1.4504823121030448,41.04397968
2330,1.449816783484384,,0.0,1.449816783484384,41.04348705
2335,1.449236883660134,,0.0,1.449236883660134,41.140953139
2340,1.4487519601633116,,0.0,1.4487519601633116,41.223928465
2345,1.4483490448107585,,0.0,1.4483490448107585,41.280690179
2350,1.4479939045274508,,0.0,1.4479939045274508,41.327372377
2355,1.4476828817910516,,0.0,1.4476828817910516,41.420016827
2360,1.4474242545752067,,0.0,1.4474242545752067,41.325905435
2365,1.4472221639262663,,0.0,1.4472221639262663,41.040740703
2370,1.4470644402264266,,0.0,1.4470644402264266,40.755781889
2375,1.4469288760508199,,0.0,1.4469288760508199,40.514604948
2380,1.4468333496301193,,0.0,1.4468333496301193,40.324465179
2385,1.4468279481526614,,0.0,1.4468279481526614,40.125295933
2390,1.4469234154449788,,0.0,1.4469234154449788,39.852366406
2395,1.447053838042268,,0.0,1.447053838042268,39.545821084
2400,1.4471677975703334,,0.0,1.4471677975703334,39.411024127
2405,1.447242642609944,,0.0,1.447242642609944,39.405600427
2410,1.4472841978383333,,0.0,1.4472841978383333,39.354197333
2415,1.4472861377143564,,0.0,1.4472861377143564,39.455889818
2420,1.4472298456333508,,0.0,1.4472298456333508,39.573614943
2425,1.4471250543929335,,0.0,1.4471250543929335,39.791856526
2430,1.4469808109014763,,0.0,1.4469808109014763,39.994326692
2435,1.4468386170389513,,0.0,1.4468386170389513,40.214444813
2440,1.4467159638447755,,0.0,1.4467159638447755,40.530292892
2445,1.4466022392357694,,0.0,1.4466022392357694,40.77924857
2450,1.4464947635003191,,0.0,1.4464947635003191,41.053271117
2455,1.4463799643492121,,0.0,1.4463799643492121,41.219398645
2460,1.4462137977141818,,0.0,1.4462137977141818,41.347179934
2465,1.445975395129276,,0.0,1.445975395129276,41.482793563
2470,1.4456629262056355,,0.0,1.4456629262056355,41.606942463
2475,1.4452752739483088,,0.0,1.4452752739483088,41.622208345
2480,1.4448370930992998,,0.0,1.4448370930992998,41.704672944
2485,1.4443904452651284,,0.0,1.4443904452651284,41.877914228
2490,1.443983827080624,,0.0,1.443983827080624,42.03738655
2495,1.4435875935675522,,0.0,1.4435875935675522,42.068307828
2500,1.4431478550510466,,0.0,1.4431478550510466,41.975743729
2505,1.442628029531234,,0.0,1.442628029531234,41.786796488
2510,1.4420037982349136,,0.0,1.4420037982349136,41.592058923
2515,1.4412726488701637,,0.0,1.4412726488701637,41.4043786
2520,1.4404645801889722,,0.0,1.4404645801889722,41.183602814
2525,1.4396210186660134,,0.0,1.4396210186660134,40.893600051
2530,1.438820394713319,,0.0,1.438820394713319,40.408610633
2535,1.4380879799347326,,0.0,1.4380879799347326,39.859436497
2540,1.437393616529559,,0.0,1.437393616529559,39.212944661
2545,1.436701262426432,,0.0,1.436701262426432,38.529372692
2550,1.435954111127411,,0.0,1.435954111127411,37.853900178
2555,1.4351222428069355,,0.0,1.4351222428069355,37.359364701
2560,1.4342565114621035,,0.0,1.4342565114621035,36.83222889
2565,1.4333777246367019,,0.0,1.4333777246367019,36.390055226
2570,1.4325298434199516,,0.0,1.4325298434199516,36.095403873
2575,1.4317651004303893,,0.0,1.4317651004303893,35.874817253
2580,1.4311054346234477,,0.0,1.4311054346234477,35.786489896
2585,1.43053426812783,,0.0,1.43053426812783,35.739352292
2590,1.4299921437002472,,0.0,1.4299921437002472,35.753626288
2595,1.429456579002069,,0.0,1.429456579002069,35.829857628
2600,1.4289307203940809,,0.0,1.4289307203940809,35.84251116
2605,1.4284554594716161,,0.0,1.4284554594716161,35.796602794
2610,1.4280697904732722,,0.0,1.4280697904732722,35.719079235
2615,1.4277863626875575,,0.0,1.4277863626875575,35.630686124
2620,1.4276039770705846,,0.0,1.4276039770705846,35.59228522
2625,1.4275219469358722,,0.0,1.4275219469358722,35.508283871
2630,1.427532817057974,,0.0,1.427532817057974,35.443400381
2635,1.4276238600856292,,0.0,1.4276238600856292,35.402272857
2640,1.427770712401076,,0.0,1.427770712401076,35.273229699
2645,1.42795637459415,,0.0,1.42795637459415,34.915283846
2650,1.4281823695861184,,0.0,1.4281823695861184,34.53457662
2655,1.4284482632152011,,0.0,1.4284482632152011,34.233845352
2660,1.428730226809414,,0.0,1.428730226809414,34.052669477
2665,1.4290140296949616,,0.0,1.4290140296949616,33.921555878
2670,1.4292701267474976,,0.0,1.4292701267474976,33.785080072
2675,1.4294834418237843,,0.0,1.4294834418237843,33.637115105
2680,1.4296545117962534,,0.0,1.4296545117962534,33.459571642
2685,1.4298091240144102,,0.0,1.4298091240144102,33.162991847
2690,1.4299578143589007,,0.0,1.4299578143589007,32.823984782
2695,1.4301155914735946,,0.0,1.4301155914735946,32.467657163
2700,1.4302799436644982,,0.0,1.4302799436644982,32.28777831
2705,1.4304297773791845,,0.0,1.4304297773791845,32.091021781
2710,1.4305493436067036,,0.0,1.4305493436067036,31.906062759
2715,1.4306024616893873,,0.0,1.4306024616893873,31.796969401
2720,1.430577562660794,,0.0,1.430577562660794,31.659509673
2725,1.430490482297794,,0.0,1.430490482297794,31.570247626
2730,1.4303655367161336,,0.0,1.4303655367161336,31.49932076
2735,1.4302369500219243,,0.0,1.4302369500219243,31.644459224
2740,1.43011094630795,,0.0,1.43011094630795,31.99086127
2745,1.429974943917944,,0.0,1.429974943917944,32.34856278
2750,1.4297932546207286,,0.0,1.4297932546207286,32.660585543
2755,1.4295068446385375,,0.0,1.4295068446385375,33.072734
2760,1.4290913608505573,,0.0,1.4290913608505573,33.188508546
2765,1.4285546610867315,,0.0,1.4285546610867315,33.238249415
2770,1.4279403186470974,,0.0,1.4279403186470974,33.221206487
2775,1.4273180528048084,,0.0,1.4273180528048084,33.300385407
2780,1.4267605779181523,,0.0,1.4267605779181523,33.473347639
2785,1.4263136305887547,,0.0,1.4263136305887547,33.750179529
2790,1.425968567110668,,0.0,1.425968567110668,33.954411729
2795,1.425664021323937,,0.0,1.425664021323937,34.129375519
2800,1.4253256096560856,,0.0,1.4253256096560856,34.253366653
2805,1.4248948738013192,,0.0,1.4248948738013192,34.200730255
2810,1.4243380265391974,,0.0,1.4243380265391974,34.177171252
2815,1.4236884186031078,,0.0,1.4236884186031078,34.283037721
2820,1.4230087711895256,,0.0,1.4230087711895256,34.411739842
2825,1.4223519289954085,,0.0,1.4223519289954085,34.442597721
2830,1.4217738925789016,,0.0,1.4217738925789016,34.448192858
2835,1.4213021001008195,,0.0,1.4213021001008195,34.489633596
2840,1.42090226294532,,0.0,1.42090226294532,34.636609494
2845,1.4205187040330194,,0.0,1.4205187040330194,34.495118824
2850,1.4200753391528422,,0.0,1.4200753391528422,34.190751385
2855,1.4195405554808131,,0.0,1.4195405554808131,33.771984262
2860,1.4189016301169086,,0.0,1.4189016301169086,33.331045019
2865,1.4181728031688898,,0.0,1.4181728031688898,33.046195965
2870,1.4174380455111657,,0.0,1.4174380455111657,32.708916687
2875,1.4167883327384594,,0.0,1.4167883327384594,32.438510107
2880,1.4162744138119445,,0.0,1.4162744138119445,32.24381785
2885,1.4159103194983318,,0.0,1.4159103194983318,32.072906471
2890,1.4156713869503779,,0.0,1.4156713869503779,31.904930895
2895,1.4155045905648485,,0.0,1.4155045905648485,31.72581463
2900,1.4153415037877817,,0.0,1.4153415037877817,31.491961523
2905,1.4151159031621978,,0.0,1.4151159031621978,31.262065147
2910,1.4147872786369267,,0.0,1.4147872786369267,31.051297293
2915,1.4143646445000744,,0.0,1.4143646445000744,30.897465918
2920,1.4138864526035864,,0.0,1.4138864526035864,30.830135315
2925,1.4134340446683478,,0.0,1.4134340446683478,30.694977453
2930,1.4130961106781084,,0.0,1.4130961106781084,30.47839146
2935,1.4129252942268866,,0.0,1.4129252942268866,30.312292205
2940,1.4129253790661511,,0.0,1.4129253790661511,30.11659924
2945,1.4130368012557784,,0.0,1.4130368012557784,30.118780094
2950,1.4131561142942317,,0.0,1.4131561142942317,30.060997273
2955,1.4131705810829405,,0.0,1.4131705810829405,29.937979699
2960,1.4130005467872864,,0.0,1.4130005467872864,29.85210097
2965,1.412653956136004,,0.0,1.412653956136004,29.72045293
2970,1.4122282291196566,,0.0,1.4122282291196566,29.55998905
2975,1.4118663899891528,,0.0,1.4118663899891528,29.401938234
2980,1.4116613926154697,,0.0,1.4116613926154697,29.236311603
2985,1.411630610777805,,0.0,1.411630610777805,29.021160726
2990,1.4117354758290468,,0.0,1.4117354758290468,28.712926637
2995,1.411909356127063,,0.0,1.411909356127063,28.436548866
3000,1.4120797338988307,,0.0,1.4120797338988307,28.158305531
3005,1.4121690520386068,,0.0,1.4121690520386068,27.886600703
3010,1.4121352017700368,,0.0,1.4121352017700368,27.613473543
3015,1.4120055056546241,,0.0,1.4120055056546241,27.314243491
3020,1.411853059661256,,0.0,1.411853059661256,27.009693439
3025,1.4117700867942318,,0.0,1.4117700867942318,26.785874907
3030,1.4118140321380295,,0.0,1.4118140321380295,26.62459571
3035,1.4119888529759563,,0.0,1.4119888529759563,26.538087104
3040,1.4122440005196695,,0.0,1.4122440005196695,26.441641212
3045,1.4125006073385922,,0.0,1.4125006073385922,26.296961074
3050,1.4126700806454062,,0.0,1.4126700806454062,26.16990734
3055,1.4126881145365304,,0.0,1.4126881145365304,26.052767385
3060,1.4125655621927882,,0.0,1.4125655621927882,25.834986589
3065,1.412358171049696,,0.0,1.412358171049696,25.678068322
3070,1.4121566813178634,,0.0,1.4121566813178634,25.533902866
3075,1.4120554237623593,,0.0,1.4120554237623593,25.338906303
3080,1.4121143020789835,,0.0,1.4121143020789835,25.140907775
3085,1.412331638217508,,0.0,1.412331638217508,24.965482978
3090,1.4126618821961148,,0.0,1.4126618821961148,24.865168708
3095,1.4130459462242553,,0.0,1.4130459462242553,24.806097493
3100,1.4134060240597406,,0.0,1.4134060240597406,24.794113529
3105,1.413658456082629,,0.0,1.413658456082629,24.727164393
3110,1.4137383120201865,,0.0,1.4137383120201865,24.628428167
3115,1.4136511688083657,,0.0,1.4136511688083657,24.49663657
3120,1.4134283417690081,,0.0,1.4134283417690081,24.337054118
3125,1.4131303309309098,,0.0,1.4131303309309098,24.167921037
3130,1.4128550621977098,,0.0,1.4128550621977098,24.009526937
3135,1.4126922487399334,,0.0,1.4126922487399334,23.894061776
3140,1.4126939847226887,,0.0,1.4126939847226887,23.905307572
3145,1.4128542071614272,,0.0,1.4128542071614272,23.942359259
3150,1.413134665440015,,0.0,1.413134665440015,24.047379915
3155,1.4134531941592587,,0.0,1.4134531941592587,24.118346722
3160,1.4136811864947234,,0.0,1.4136811864947234,24.126079007
3165,1.413722786833419,,0.0,1.413722786833419,24.062415516
3170,1.4135254331652076,,0.0,1.4135254331652076,24.022728412
3175,1.4130908398145843,,0.0,1.4130908398145843,24.018086751
3180,1.4124853804511954,,0.0,1.4124853804511954,24.05378839
3185,1.411810808245982,,0.0,1.411810808245982,24.077651355
3190,1.4111708147178699,,0.0,1.4111708147178699,24.036972479
3195,1.4106339359744209,,0.0,1.4106339359744209,24.083630241
3200,1.4102266186133947,,0.0,1.4102266186133947,24.222656847
3205,1.4099345895745827,,0.0,1.4099345895745827,24.268338665
3210,1.4097179730085505,,0.0,1.4097179730085505,24.305900505
3215,1.4095187332777885,,0.0,1.4095187332777885,24.477365863
3220,1.4092572823162468,,0.0,1.4092572823162468,24.576113661
3225,1.4088657221378464,,0.0,1.4088657221378464,24.633282289
3230,1.4083286415606584,,0.0,1.4083286415606584,24.590494175
3235,1.4076745399338833,,0.0,1.4076745399338833,24.458148453
3240,1.4069373202765814,,0.0,1.4069373202765814,24.3307107
3245,1.406159020145302,,0.0,1.406159020145302,24.274187739
3250,1.4053811774949736,,0.0,1.4053811774949736,24.24616277
3255,1.4046263482757424,,0.0,1.4046263482757424,24.25860825
3260,1.4039112611695015,,0.0,1.4039112611695015,24.286898708
3265,1.4032505156384212,,0.0,1.4032505156384212,24.352964647
3270,1.4026557542604592,,0.0,1.4026557542604592,24.368998526
3275,1.402139797995744,,0.0,1.402139797995744,24.317147171
3280,1.4016925588777411,,0.0,1.4016925588777411,24.33275584
3285,1.4012981786076453,,0.0,1.4012981786076453,24.354288083
3290,1.400946955612941,,0.0,1.400946955612941,24.402264948
3295,1.4006207704324394,,0.0,1.4006207704324394,24.500512842
3300,1.400279832720335,,0.0,1.400279832720335,24.593421762
3305,1.3998821194696467,,0.0,1.3998821194696467,24.621419205
3310,1.3994063802052055,,0.0,1.3994063802052055,24.588305536
3315,1.3988547195652712,,0.0,1.3988547195652712,24.488468899
3320,1.3982643410621032,,0.0,1.3982643410621032,24.388059448
3325,1.3976848021202997,,0.0,1.3976848021202997,24.338432995
3330,1.397169347051677,,0.0,1.397169347051677,24.194802473
3335,1.3967608431368042,,0.0,1.3967608431368042,24.076985272
3340,1.3964863248690162,,0.0,1.3964863248690162,23.95559319
3345,1.3963635556104748,,0.0,1.3963635556104748,23.808633229
3350,1.3963702216380962,,0.0,1.3963702216380962,23.637203395
3355,1.3964703404075147,,0.0,1.3964703404075147,23.426983499
3360,1.3966075340019144,,0.0,1.3966075340019144,23.226459396
3365,1.39671556547773,,0.0,1.39671556547773,23.008085866
3370,1.3967428167529916,,0.0,1.3967428167529916,22.760882944
3375,1.3966732298875555,,0.0,1.3966732298875555,22.50446282
3380,1.396511832521338,,0.0,1.396511832521338,22.226222199
3385,1.3962848205211786,,0.0,1.3962848205211786,22.00361944
3390,1.3960457366311385,,0.0,1.3960457366311385,21.85460189
3395,1.3958366304991887,,0.0,1.3958366304991887,21.773030362
3400,1.395688168430119,,0.0,1.395688168430119,21.671646986
3405,1.395601911479682,,0.0,1.395601911479682,21.640683484
3410,1.3955885923130982,,0.0,1.3955885923130982,21.60899655
3415,1.395657327131889,,0.0,1.395657327131889,21.515429969
3420,1.3958031112166918,,0.0,1.3958031112166918,21.411686011
3425,1.3960165368431239,,0.0,1.3960165368431239,21.274601125
3430,1.3962694484702796,,0.0,1.3962694484702796,21.153591385
3435,1.396535908801732,,0.0,1.396535908801732,20.98684291
3440,1.3967794968129696,,0.0,1.3967794968129696,20.804355428
3445,1.3969618958500924,,0.0,1.3969618958500924,20.587295849
3450,1.3970477202332228,,0.0,1.3970477202332228,20.368274404
3455,1.397016406572291,,0.0,1.397016406572291,20.246683952
3460,1.3968809977249539,,0.0,1.3968809977249539,20.162641071
3465,1.396674660927301,,0.0,1.396674660927301,20.094105971
3470,1.3964418609892288,,0.0,1.3964418609892288,20.028645633
3475,1.3962234697744647,,0.0,1.3962234697744647,19.927475562
3480,1.3960735237158501,,0.0,1.3960735237158501,19.823723133
3485,1.3960301786247964,,0.0,1.3960301786247964,19.720055592
3490,1.3961114933060725,,0.0,1.3961114933060725,19.613802524
3495,1.3963114801804264,,0.0,1.3963114801804264,19.485081082
3500,1.3966039056451514,,0.0,1.3966039056451514,19.305864654
3505,1.396948620730832,,0.0,1.396948620730832,19.083212098
3510,1.3972901152462842,,0.0,1.3972901152462842,18.88991677
3515,1.3975767103866823,,0.0,1.3975767103866823,18.731987432
3520,1.397767143575915,,0.0,1.397767143575915,18.640102314
3525,1.3978294296140656,,0.0,1.3978294296140656,18.580603459
3530,1.397756416225606,,0.0,1.397756416225606,18.507608944
3535,1.3975728245889254,,0.0,1.3975728245889254,18.4621401
3540,1.3973381399834668,,0.0,1.3973381399834668,18.409429072
3545,1.3971312631908717,,0.0,1.3971312631908717,18.388881057
3550,1.3970300334057768,,0.0,1.3970300334057768,18.441414092
3555,1.3970880627318292,,0.0,1.3970880627318292,18.488027899
3560,1.3973042525105206,,0.0,1.3973042525105206,18.444253769
3565,1.3976379024833074,,0.0,1.3976379024833074,18.430817736
3570,1.3980322541193213,,0.0,1.3980322541193213,18.404386069
3575,1.3984351213719313,,0.0,1.3984351213719313,18.331147339
3580,1.3987774049523352,,0.0,1.3987774049523352,18.238829375
3585,1.3989817627429337,,0.0,1.3989817627429337,18.17224182
3590,1.3990063180296681,,0.0,1.3990063180296681,18.121461954
3595,1.3988471800320517,,0.0,1.3988471800320517,18.128258653
3600,1.3985251784171875,,0.0,1.3985251784171875,18.154809848
3605,1.3980985911160833,,0.0,1.3980985911160833,18.180230204
3610,1.3976642176698961,,0.0,1.3976642176698961,18.172478446
3615,1.397323970497583,,0.0,1.397323970497583,18.110029139
3620,1.3971490499386412,,0.0,1.3971490499386412,18.064247986
3625,1.3971767088011287,,0.0,1.3971767088011287,18.031947994
3630,1.397404943297219,,0.0,1.397404943297219,18.012320636
3635,1.3978019440841083,,0.0,1.3978019440841083,17.987354951
3640,1.3982970187284673,,0.0,1.3982970187284673,17.972871902
3645,1.39882676612385,,0.0,1.39882676612385,17.967480789
3650,1.3993197622394493,,0.0,1.3993197622394493,17.988642573
3655,1.3997008368959838,,0.0,1.3997008368959838,18.010557156
3660,1.3999005137117262,,0.0,1.3999005137117262,17.980474226
3665,1.3998711122228447,,0.0,1.3998711122228447,17.899413531
3670,1.399608349939924,,0.0,1.399608349939924,17.785000674
3675,1.3991264816531663,,0.0,1.3991264816531663,17.676814787
3680,1.3984734292562289,,0.0,1.3984734292562289,17.540568244
3685,1.3977245512755465,,0.0,1.3977245512755465,17.356399997
3690,1.3969686182157688,,0.0,1.3969686182157688,17.18331349
3695,1.3963151472031659,,0.0,1.3963151472031659,17.054065159
3700,1.3958722955440677,,0.0,1.3958722955440677,16.97271619
3705,1.3957210412201477,,0.0,1.3957210412201477,16.889826442
3710,1.3958949081644505,,0.0,1.3958949081644505,16.836791905
3715,1.3963601175275204,,0.0,1.3963601175275204,16.783288794
3720,1.3970066339792793,,0.0,1.3970066339792793,16.708164394
3725,1.3976900569726545,,0.0,1.3976900569726545,16.603771503
3730,1.398293682558928,,0.0,1.398293682558928,16.514050252
3735,1.3987450487716409,,0.0,1.3987450487716409,16.409764749
3740,1.399005853705769,,0.0,1.399005853705769,16.250071133
3745,1.3990676538946316,,0.0,1.3990676538946316,15.99509489
3750,1.3989411975495627,,0.0,1.3989411975495627,15.738340194
3755,1.3986357344756557,,0.0,1.3986357344756557,15.568492992
3760,1.398173777040788,,0.0,1.398173777040788,15.467504309
3765,1.3975729811130497,,0.0,1.3975729811130497,15.40806613
3770,1.3968625072165517,,0.0,1.3968625072165517,15.372929116
3775,1.3960897937873729,,0.0,1.3960897937873729,15.285110339
3780,1.395327982967689,,0.0,1.395327982967689,15.158181908
3785,1.3946651536593746,,0.0,1.3946651536593746,15.063966284
3790,1.394193622940652,,0.0,1.394193622940652,14.921293962
3795,1.3939824701694072,,0.0,1.3939824701694072,14.750737861
3800,1.3940534764482215,,0.0,1.3940534764482215,14.655355939
3805,1.3943822327168458,,0.0,1.3943822327168458,14.653791955
3810,1.3948999268245352,,0.0,1.3948999268245352,14.668946768
3815,1.3955110448406307,,0.0,1.3955110448406307,14.666467596
3820,1.396119188831925,,0.0,1.396119188831925,14.656844078
3825,1.3966456134114822,,0.0,1.3966456134114822,14.61931322
3830,1.3970359348834729,,0.0,1.3970359348834729,14.594937114
3835,1.3972476630602533,,0.0,1.3972476630602533,14.612589679
3840,1.3972527321564738,,0.0,1.3972527321564738,14.553689701
3845,1.397061604906321,,0.0,1.397061604906321,14.436599963
3850,1.3966967508262023,,0.0,1.3966967508262023,14.269631675
3855,1.396183636444317,,0.0,1.396183636444317,14.119316181
3860,1.3955509616813149,,0.0,1.3955509616813149,13.995923233
3865,1.3948392213079983,,0.0,1.3948392213079983,13.910834162
3870,1.39409239089672,,0.0,1.39409239089672,13.833960474
3875,1.3933544316031377,,0.0,1.3933544316031377,13.760507458
3880,1.3926798189381648,,0.0,1.3926798189381648,13.619448834
3885,1.392122404043565,,0.0,1.392122404043565,13.488018918
3890,1.3917291553179885,,0.0,1.3917291553179885,13.413990906
3895,1.391534933195249,,0.0,1.391534933195249,13.376405569
3900,1.3915505201014189,,0.0,1.3915505201014189,13.397736958
3905,1.3917693323235587,,0.0,1.3917693323235587,13.430837995
3910,1.3921633820726362,,0.0,1.3921633820726362,13.516501385
3915,1.3926862706420065,,0.0,1.3926862706420065,13.598128337
3920,1.3932845388645818,,0.0,1.3932845388645818,13.662761768
3925,1.393894800847849,,0.0,1.393894800847849,13.73354138
3930,1.3944616255927955,,0.0,1.3944616255927955,13.774460766
3935,1.3949362516491595,,0.0,1.3949362516491595,13.766302397
3940,1.3952775986093995,,0.0,1.3952775986093995,13.727887227
3945,1.3954583777281324,,0.0,1.3954583777281324,13.631664267
3950,1.395466144208045,,0.0,1.395466144208045,13.514126776
3955,1.3952853989718685,,0.0,1.3952853989718685,13.398756063
3960,1.3949158801938082,,0.0,1.3949158801938082,13.270285542
3965,1.3943982228254397,,0.0,1.3943982228254397,13.129132036
3970,1.3937867667810144,,0.0,1.3937867667810144,12.988980552
3975,1.3931387842775347,,0.0,1.3931387842775347,12.84714315
3980,1.392506105129731,,0.0,1.392506105129731,12.734241162
3985,1.3919330199512971,,0.0,1.3919330199512971,12.680872245
3990,1.3914503520362023,,0.0,1.3914503520362023,12.66228567
3995,1.3910705938830847,,0.0,1.3910705938830847,12.636611258
4000,1.3907996882266362,,0.0,1.3907996882266362,12.592259383
4005,1.390633649282339,,0.0,1.390633649282339,12.556338508
4010,1.3905646199510506,,0.0,1.3905646199510506,12.540594125
4015,1.3905826284634757,,0.0,1.3905826284634757,12.553325207
4020,1.3906788381159654,,0.0,1.3906788381159654,12.616462605
4025,1.3908388432412866,,0.0,1.3908388432412866,12.697121803
4030,1.3910424135614072,,0.0,1.3910424135614072,12.780956335
4035,1.3912631695793165,,0.0,1.3912631695793165,12.838594406
4040,1.3914727413638932,,0.0,1.3914727413638932,12.857505859
4045,1.3916472904105668,,0.0,1.3916472904105668,12.834519002
4050,1.3917670299041796,,0.0,1.3917670299041796,12.760455617
4055,1.3918217841821678,,0.0,1.3918217841821678,12.698220509
4060,1.391811442827259,,0.0,1.391811442827259,12.642687447
4065,1.391743014878133,,0.0,1.391743014878133,12.568644353
4070,1.3916259449313664,,0.0,1.3916259449313664,12.504822589
4075,1.3914688564962456,,0.0,1.3914688564962456,12.441887289
4080,1.3912761441403687,,0.0,1.3912761441403687,12.422101153
4085,1.3910454378785522,,0.0,1.3910454378785522,12.405145953
4090,1.3907709152923988,,0.0,1.3907709152923988,12.405753477
4095,1.3904520206415434,,0.0,1.3904520206415434,12.44477025
4100,1.3901035924927083,,0.0,1.3901035924927083,12.468569405
4105,1.3897451401562695,,0.0,1.3897451401562695,12.479834847
4110,1.3893970254543015,,0.0,1.3893970254543015,12.446927729
4115,1.3890756082803215,,0.0,1.3890756082803215,12.404532103
4120,1.3887945355316034,,0.0,1.3887945355316034,12.357661825
4125,1.3885614383571423,,0.0,1.3885614383571423,12.296690795
4130,1.3883771981684654,,0.0,1.3883771981684654,12.255132581
4135,1.3882389585331745,,0.0,1.3882389585331745,12.227957062
4140,1.3881418618885004,,0.0,1.3881418618885004,12.257673576
4145,1.3880798649814998,,0.0,1.3880798649814998,12.267873958
4150,1.3880505351110424,,0.0,1.3880505351110424,12.243869262
4155,1.3880500017597388,,0.0,1.3880500017597388,12.21631454
4160,1.388073905770585,,0.0,1.388073905770585,12.209779723
4165,1.3881156541295472,,0.0,1.3881156541295472,12.194491582
4170,1.3881623759827715,,0.0,1.3881623759827715,12.159279162
4175,1.3881945988256401,,0.0,1.3881945988256401,12.100606292
4180,1.3881881734970436,,0.0,1.3881881734970436,12.029362885
4185,1.3881209064573197,,0.0,1.3881209064573197,11.981176158
4190,1.3879729897645394,,0.0,1.3879729897645394,11.938121913
4195,1.3877323577074057,,0.0,1.3877323577074057,11.874631865
4200,1.3873986282767017,,0.0,1.3873986282767017,11.832108887
4205,1.3869846982364717,,0.0,1.3869846982364717,11.792003961
4210,1.3865163066369683,,0.0,1.3865163066369683,11.730299071
4215,1.3860324726304336,,0.0,1.3860324726304336,11.615875817
4220,1.38557370513862,,0.0,1.38557370513862,11.505094541
4225,1.3851742008958492,,0.0,1.3851742008958492,11.406190623
4230,1.3848594804431007,,0.0,1.3848594804431007,11.338180908
4235,1.3846475764092077,,0.0,1.3846475764092077,11.313300547
4240,1.3845484728541975,,0.0,1.3845484728541975,11.260900846
4245,1.3845638886866747,,0.0,1.3845638886866747,11.194821804
4250,1.3846887174067328,,0.0,1.3846887174067328,11.101944528
4255,1.3849107083441778,,0.0,1.3849107083441778,11.036930091
4260,1.3852114755614782,,0.0,1.3852114755614782,11.003967766
4265,1.3855695894045326,,0.0,1.3855695894045326,10.965009099
4270,1.3859591992763973,,0.0,1.3859591992763973,10.909327607
4275,1.386350433119271,,0.0,1.386350433119271,10.838879529
4280,1.3867151807018636,,0.0,1.3867151807018636,10.765171603
4285,1.3870282756555659,,0.0,1.3870282756555659,10.685542895
4290,1.3872722687958832,,0.0,1.3872722687958832,10.620073815
4295,1.387435673603928,,0.0,1.387435673603928,10.551599918
4300,1.3875131231491626,,0.0,1.3875131231491626,10.432057398
4305,1.3875066064705361,,0.0,1.3875066064705361,10.338925425
4310,1.3874275007326449,,0.0,1.3874275007326449,10.291642665
4315,1.387291178982933,,0.0,1.387291178982933,10.255719449
4320,1.3871145437008792,,0.0,1.3871145437008792,10.216955492
4325,1.3869143395131076,,0.0,1.3869143395131076,10.148624801
4330,1.3867045700138476,,0.0,1.3867045700138476,10.06138166
4335,1.3864957300924945,,0.0,1.3864957300924945,10.000974633
4340,1.3862981951193873,,0.0,1.3862981951193873,9.9518495773
4345,1.3861223152190374,,0.0,1.3861223152190374,9.9193833613
4350,1.3859784831016797,,0.0,1.3859784831016797,9.8936458356
4355,1.3858758819367138,,0.0,1.3858758819367138,9.8286129144
4360,1.385822744587478,,0.0,1.385822744587478,9.7206451208
4365,1.3858241475246327,,0.0,1.3858241475246327,9.6350394002
4370,1.3858806436317783,,0.0,1.3858806436317783,9.5298705186
4375,1.3859874226488527,,0.0,1.3859874226488527,9.4590607171
4380,1.3861359366047397,,0.0,1.3861359366047397,9.3928525171
4385,1.3863195639841956,,0.0,1.3863195639841956,9.3325403803
4390,1.386534624875823,,0.0,1.386534624875823,9.2655009682
4395,1.3867825425463098,,0.0,1.3867825425463098,9.1780974922
4400,1.3870677198013663,,0.0,1.3870677198013663,9.089526676
4405,1.3873937051412202,,0.0,1.3873937051412202,9.0437486357
4410,1.3877610616806748,,0.0,1.3877610616806748,9.010534418
4415,1.388161915312874,,0.0,1.388161915312874,8.9438028713
4420,1.3885762521430929,,0.0,1.3885762521430929,8.8901884027
4425,1.3889755747487857,,0.0,1.3889755747487857,8.8339198304
4430,1.3893287297135832,,0.0,1.3893287297135832,8.7582081513
4435,1.3896073260460284,,0.0,1.3896073260460284,8.6780606573
4440,1.389794281622657,,0.0,1.389794281622657,8.6369767063
4445,1.3898855473450769,,0.0,1.3898855473450769,8.6168534541
4450,1.389888600495613,,0.0,1.389888600495613,8.5770295067
4455,1.3898193866704822,,0.0,1.3898193866704822,8.5518896624
4460,1.3896973532613477,,0.0,1.3896973532613477,8.4810744162
4465,1.3895389541692118,,0.0,1.3895389541692118,8.4022816103
4470,1.3893495386525336,,0.0,1.3893495386525336,8.3203727781
4475,1.389134006660496,,0.0,1.389134006660496,8.2389782765
4480,1.3888942113696392,,0.0,1.3888942113696392,8.1498645465
4485,1.388627613049814,,0.0,1.388627613049814,8.0720407491
4490,1.3883345403618208,,0.0,1.3883345403618208,8.00174471
4495,1.388025755269325,,0.0,1.388025755269325,7.9387015451
4500,1.3877226488268877,,0.0,1.3877226488268877,7.8722528758
4505,1.387454153881127,,0.0,1.387454153881127,7.7871049315
4510,1.3872527736364575,,0.0,1.3872527736364575,7.7457716061
4515,1.387146576402812,,0.0,1.387146576402812,7.7175681568
4520,1.3871528963633006,,0.0,1.3871528963633006,7.6668698779
4525,1.387275811715454,,0.0,1.387275811715454,7.6497554781
4530,1.3875028609864255,,0.0,1.3875028609864255,7.6452405303
4535,1.3878074806504173,,0.0,1.3878074806504173,7.6256963809
4540,1.3881540313734317,,0.0,1.3881540313734317,7.5849771668
4545,1.388506482311851,,0.0,1.388506482311851,7.5465301779
4550,1.3888338818166082,,0.0,1.3888338818166082,7.5284658543
4555,1.3891160673083487,,0.0,1.3891160673083487,7.5014649283
4560,1.389346520979027,,0.0,1.389346520979027,7.4517523643
4565,1.3895293134524254,,0.0,1.3895293134524254,7.4138523935
4570,1.3896776807832092,,0.0,1.3896776807832092,7.3743745666
4575,1.3898080140235596,,0.0,1.3898080140235596,7.3523693755
4580,1.3899370625835215,,0.0,1.3899370625835215,7.2988268198
4585,1.3900812946479204,,0.0,1.3900812946479204,7.2330692584
4590,1.3902518559169852,,0.0,1.3902518559169852,7.1872388522
4595,1.3904492966168613,,0.0,1.3904492966168613,7.1621632119
4600,1.390664203907565,,0.0,1.390664203907565,7.1501601253
4605,1.390878503039595,,0.0,1.390878503039595,7.1370243096
4610,1.3910735726248693,,0.0,1.3910735726248693,7.124829171
4615,1.3912324105293319,,0.0,1.3912324105293319,7.1120107109
4620,1.3913415160157572,,0.0,1.3913415160157572,7.0659490975
4625,1.3913950807502613,,0.0,1.3913950807502613,6.9929063617
4630,1.391391133033793,,0.0,1.391391133033793,6.9296441397
4635,1.3913280378669022,,0.0,1.3913280378669022,6.8260489899
4640,1.3912056651671467,,0.0,1.3912056651671467,6.7380266845
4645,1.3910272242770048,,0.0,1.3910272242770048,6.6932194096
4650,1.3908002232388492,,0.0,1.3908002232388492,6.6925174321
4655,1.390535236001375,,0.0,1.390535236001375,6.6984877232
4660,1.39024545942178,,0.0,1.39024545942178,6.7220487422
4665,1.3899379264558436,,0.0,1.3899379264558436,6.7180701472
4670,1.3896220116761913,,0.0,1.3896220116761913,6.7025205632
4675,1.3893076032087095,,0.0,1.3893076032087095,6.7061521506
4680,1.3889988840875447,,0.0,1.3889988840875447,6.720156996
4685,1.3886943363741584,,0.0,1.3886943363741584,6.7461979753
4690,1.3883884030635143,,0.0,1.3883884030635143,6.762633464
4695,1.3880715351874742,,0.0,1.3880715351874742,6.7602028928
4700,1.3877414755034012,,0.0,1.3877414755034012,6.7656438626
4705,1.3874080866920462,,0.0,1.3874080866920462,6.7398630779
4710,1.3870931751018163,,0.0,1.3870931751018163,6.7041803654
4715,1.3868256421549185,,0.0,1.3868256421549185,6.7028512749
4720,1.3866371960115427,,0.0,1.3866371960115427,6.757223135
4725,1.3865554225870242,,0.0,1.3865554225870242,6.8341286194
4730,1.386598624706976,,0.0,1.386598624706976,6.8874470776
4735,1.386768581604241,,0.0,1.386768581604241,6.9653536059
4740,1.387052084197326,,0.0,1.387052084197326,7.0286514998
4745,1.3874298123866813,,0.0,1.3874298123866813,7.0975808906
4750,1.3878777565940448,,0.0,1.3878777565940448,7.1629693119
4755,1.388376301675878,,0.0,1.388376301675878,7.2286888142
4760,1.3889139397872141,,0.0,1.3889139397872141,7.2859907568
4765,1.3894835382512596,,0.0,1.3894835382512596,7.316603242
4770,1.3900772189749733,,0.0,1.3900772189749733,7.3109440659
4775,1.390683351338948,,0.0,1.390683351338948,7.2401036617
4780,1.3912895972427062,,0.0,1.3912895972427062,7.1754809612
4785,1.3918737179034055,,0.0,1.3918737179034055,7.1290566265
4790,1.3924047980126832,,0.0,1.3924047980126832,7.0713157484
4795,1.3928515031814552,,0.0,1.3928515031814552,6.9806876995
4800,1.3931822088265053,,0.0,1.3931822088265053,6.8888702224
4805,1.393376424372043,,0.0,1.393376424372043,6.8240959833
4810,1.393420557132884,,0.0,1.393420557132884,6.7889252576
4815,1.3933111752710947,,0.0,1.3933111752710947,6.7984171279
4820,1.3930497059066742,,0.0,1.3930497059066742,6.8289273798
4825,1.392660740999241,,0.0,1.392660740999241,6.8703997241
4830,1.392172874702719,,0.0,1.392172874702719,6.8912772263
4835,1.391616760964731,,0.0,1.391616760964731,6.9422155909
4840,1.391021953081299,,0.0,1.391021953081299,6.9851938876
4845,1.3904156376186454,,0.0,1.3904156376186454,6.9938293982
4850,1.389820878233775,,0.0,1.389820878233775,6.9712284528
4855,1.3892562836918567,,0.0,1.3892562836918567,6.9794861002
4860,1.3887370752996298,,0.0,1.3887370752996298,7.0102634189
4865,1.3882766648360008,,0.0,1.3882766648360008,7.0392964088
4870,1.3878846977347388,,0.0,1.3878846977347388,7.0583782748
4875,1.3875685387349332,,0.0,1.3875685387349332,7.0830994106
4880,1.3873345921048457,,0.0,1.3873345921048457,7.1208124746
4885,1.387187243908217,,0.0,1.387187243908217,7.1276465253
4890,1.3871306995018189,,0.0,1.3871306995018189,7.086861202
4895,1.387166811663573,,0.0,1.387166811663573,7.0775001355
4900,1.3872948640763694,,0.0,1.3872948640763694,7.1512027196
4905,1.38750915988658,,0.0,1.38750915988658,7.1968265838
4910,1.3877966417534167,,0.0,1.3877966417534167,7.1800283568
4915,1.3881379299174552,,0.0,1.3881379299174552,7.187563628
4920,1.3885091024300258,,0.0,1.3885091024300258,7.2249738695
4925,1.3888835258078165,,0.0,1.3888835258078165,7.1985828778
4930,1.3892339163546092,,0.0,1.3892339163546092,7.2260127346
4935,1.3895381560689117,,0.0,1.3895381560689117,7.2461449824
4940,1.3897811889377116,,0.0,1.3897811889377116,7.2305050846
4945,1.3899565158880243,,0.0,1.3899565158880243,7.2816452209
4950,1.3900629777377937,,0.0,1.3900629777377937,7.3299281084
4955,1.3901078743841966,,0.0,1.3901078743841966,7.3992418903
4960,1.3901061930785863,,0.0,1.3901061930785863,7.4597279389
4965,1.3900728988825637,,0.0,1.3900728988825637,7.4625315072
4970,1.3900220767749296,,0.0,1.3900220767749296,7.4883748072
4975,1.3899655843217849,,0.0,1.3899655843217849,7.5020250737
4980,1.389911092666829,,0.0,1.389911092666829,7.4327439522
4985,1.3898643783873526,,0.0,1.3898643783873526,7.411675122
4990,1.3898287582534705,,0.0,1.3898287582534705,7.3802588319
4995,1.3898057004428677,,0.0,1.3898057004428677,7.387559935
5000,1.3897959839886014,,0.0,1.3897959839886014,7.3307498671
5005,1.3898004910330002,,0.0,1.3898004910330002,7.3462667326
5010,1.389822249015719,,0.0,1.389822249015719,7.335325637
5015,1.3898688235794765,,0.0,1.3898688235794765,7.3097608541
5020,1.3899496401871698,,0.0,1.3899496401871698,7.3334157961
5025,1.3900744362205262,,0.0,1.3900744362205262,7.3904526412
5030,1.3902551277096666,,0.0,1.3902551277096666,7.5019372963
5035,1.3905033066080217,,0.0,1.3905033066080217,7.6524071076
5040,1.3908242704865428,,0.0,1.3908242704865428,7.703777819
5045,1.3912143248178273,,0.0,1.3912143248178273,7.740357253
5050,1.3916601746181345,,0.0,1.3916601746181345,7.8191445974
5055,1.3921362106539101,,0.0,1.3921362106539101,7.9261326536
5060,1.392611612222203,,0.0,1.392611612222203,8.0042827015
5065,1.3930534134556087,,0.0,1.3930534134556087,8.0458943123
5070,1.3934275613881446,,0.0,1.3934275613881446,8.0512619671
5075,1.3937077839504364,,0.0,1.3937077839504364,7.952711299
5080,1.393877759582762,,0.0,1.393877759582762,7.8226816574
5085,1.3939323943416926,,0.0,1.3939323943416926,7.7142726479
5090,1.3938804085343284,,0.0,1.3938804085343284,7.7185588044
5095,1.3937395915658948,,0.0,1.3937395915658948,7.7619745391
5100,1.3935317772230262,,0.0,1.3935317772230262,7.8308608491
5105,1.3932789477776797,,0.0,1.3932789477776797,7.8419556834
5110,1.3929992250163166,,0.0,1.3929992250163166,7.9179167514
5115,1.3927058495112774,,0.0,1.3927058495112774,7.9721926202
5120,1.392407782268688,,0.0,1.392407782268688,7.9643334625
5125,1.392110318202043,,0.0,1.392110318202043,7.9186123844
5130,1.3918152344182213,,0.0,1.3918152344182213,7.8861517371
5135,1.3915218539968897,,0.0,1.3915218539968897,7.8441421618
5140,1.3912300789443797,,0.0,1.3912300789443797,7.8193177202
5145,1.3909414327798855,,0.0,1.3909414327798855,7.8401442278
5150,1.39066156485502,,0.0,1.39066156485502,7.9298069956
5155,1.3904002692217476,,0.0,1.3904002692217476,7.9820408653
5160,1.3901693417932037,,0.0,1.3901693417932037,7.9929141938
5165,1.389982305762112,,0.0,1.389982305762112,8.0395968099
5170,1.3898529459476832,,0.0,1.3898529459476832,8.133796038
5175,1.3897928349703605,,0.0,1.3897928349703605,8.1928960294
5180,1.3898079545629944,,0.0,1.3898079545629944,8.2084887793
5185,1.3898970901355827,,0.0,1.3898970901355827,8.1970993071
5190,1.3900525737333733,,0.0,1.3900525737333733,8.1537713083
5195,1.390261012179648,,0.0,1.390261012179648,8.1837015937
5200,1.3905066342737036,,0.0,1.3905066342737036,8.2028048692
5205,1.3907738157721212,,0.0,1.3907738157721212,8.2039107075
5210,1.3910473060032786,,0.0,1.3910473060032786,8.1997983158
5215,1.3913160809119685,,0.0,1.3913160809119685,8.216675336
5220,1.39157092391129,,0.0,1.39157092391129,8.2435847714
5225,1.3918026134980497,,0.0,1.3918026134980497,8.3166527548
5230,1.3920056262175857,,0.0,1.3920056262175857,8.4201661002
5235,1.3921753252088016,,0.0,1.3921753252088016,8.5099294513
5240,1.3923081530025585,,0.0,1.3923081530025585,8.5110050264
5245,1.3923989496840958,,0.0,1.3923989496840958,8.5002466748
5250,1.392442820021214,,0.0,1.392442820021214,8.4875960635
5255,1.3924352721170101,,0.0,1.3924352721170101,8.5030423547
5260,1.392373469935056,,0.0,1.392373469935056,8.5037058288
5265,1.392260000707516,,0.0,1.392260000707516,8.5337021609
5270,1.3921010448120323,,0.0,1.3921010448120323,8.4740980006
5275,1.391907591158965,,0.0,1.391907591158965,8.4628878482
5280,1.3916945559127345,,0.0,1.3916945559127345,8.4486517935
5285,1.3914776220465246,,0.0,1.3914776220465246,8.3916126306
5290,1.3912709080230745,,0.0,1.3912709080230745,8.2955715697
5295,1.3910848462815775,,0.0,1.3910848462815775,8.1526688223
5300,1.3909243953681087,,0.0,1.3909243953681087,8.0063931761
5305,1.3907898757053565,,0.0,1.3907898757053565,7.8783270729
5310,1.3906793221050346,,0.0,1.3906793221050346,7.7542765737
5315,1.3905897113794166,,0.0,1.3905897113794166,7.6745491052
5320,1.390517636869958,,0.0,1.390517636869958,7.5803570938
5325,1.3904595361247911,,0.0,1.3904595361247911,7.4292098521
5330,1.3904102916155694,,0.0,1.3904102916155694,7.2820795748
5335,1.3903639470545788,,0.0,1.3903639470545788,7.2019232556
5340,1.3903120848853283,,0.0,1.3903120848853283,7.1477805893
5345,1.3902465293133337,,0.0,1.3902465293133337,7.1735318097
5350,1.3901593083709418,,0.0,1.3901593083709418,7.1806422152
5355,1.3900459641102432,,0.0,1.3900459641102432,7.1938090442
5360,1.3899076843473754,,0.0,1.3899076843473754,7.1889810178
5365,1.389751859266563,,0.0,1.389751859266563,7.1610753157
5370,1.3895919200461362,,0.0,1.3895919200461362,7.0950815032
5375,1.3894457530884434,,0.0,1.3894457530884434,7.0808882317
5380,1.3893339362666859,,0.0,1.3893339362666859,7.0008810424
5385,1.3892756419923276,,0.0,1.3892756419923276,6.8873260246
5390,1.3892888104811891,,0.0,1.3892888104811891,6.8008507779
5395,1.3893837856127618,,0.0,1.3893837856127618,6.7011005941
5400,1.3895615709086508,,0.0,1.3895615709086508,6.6390976374
5405,1.3898142444278005,,0.0,1.3898142444278005,6.5148785379
5410,1.3901230115160361,,0.0,1.3901230115160361,6.4741890914
5415,1.390460444110873,,0.0,1.390460444110873,6.5323032645
5420,1.3907942557898223,,0.0,1.3907942557898223,6.6500076172
5425,1.3910925283872801,,0.0,1.3910925283872801,6.7374229995
5430,1.3913290078381322,,0.0,1.3913290078381322,6.8191050354
5435,1.391484697455154,,0.0,1.391484697455154,6.9240837408
5440,1.3915508980580165,,0.0,1.3915508980580165,7.0105796507
5445,1.3915288914703428,,0.0,1.3915288914703428,7.1073988068
5450,1.3914319077675241,,0.0,1.3914319077675241,7.1477931305
5455,1.3912827659213571,,0.0,1.3912827659213571,7.1681877921
5460,1.3911113341363321,,0.0,1.3911113341363321,7.1372832028
5465,1.3909505051998294,,0.0,1.3909505051998294,7.0332629383
5470,1.390830922163905,,0.0,1.390830922163905,6.9069335234
5475,1.3907754639259748,,0.0,1.3907754639259748,6.8160289592
5480,1.3907948805575927,,0.0,1.3907948805575927,6.7816191325
5485,1.3908859726153002,,0.0,1.3908859726153002,6.7354992932
5490,1.3910325495519285,,0.0,1.3910325495519285,6.6941845848
5495,1.391210598600268,,0.0,1.391210598600268,6.6422743128
5500,1.3913947246512346,,0.0,1.3913947246512346,6.6277752974
5505,1.3915624987146142,,0.0,1.3915624987146142,6.6200283354
5510,1.3916981936370278,,0.0,1.3916981936370278,6.6049722601
5515,1.3917929242162654,,0.0,1.3917929242162654,6.6159478176
5520,1.3918447295159697,,0.0,1.3918447295159697,6.6121093612
5525,1.3918548344237824,,0.0,1.3918548344237824,6.5708784743
5530,1.391825984954829,,0.0,1.391825984954829,6.5173851623
5535,1.391758901611711,,0.0,1.391758901611711,6.4633965128
5540,1.3916493839539497,,0.0,1.3916493839539497,6.3576373004
5545,1.3914890059211964,,0.0,1.3914890059211964,6.3219703378
5550,1.3912655010978325,,0.0,1.3912655010978325,6.3281909604
5555,1.3909670752316337,,0.0,1.3909670752316337,6.3708462192
5560,1.3905863962702119,,0.0,1.3905863962702119,6.4794491957
5565,1.3901258248312205,,0.0,1.3901258248312205,6.5696188918
5570,1.3895979244337935,,0.0,1.3895979244337935,6.6643233199
5575,1.389027299859773,,0.0,1.389027299859773,6.7234274415
5580,1.3884472850341394,,0.0,1.3884472850341394,6.7232968027
5585,1.3878911835868828,,0.0,1.3878911835868828,6.6740509933
5590,1.387393439129932,,0.0,1.387393439129932,6.6202572833
5595,1.3869864211312593,,0.0,1.3869864211312593,6.5522622325
5600,1.3866955970491726,,0.0,1.3866955970491726,6.4621054239
5605,1.3865349160000644,,0.0,1.3865349160000644,6.398902346
5610,1.386506190036352,,0.0,1.386506190036352,6.3249476752
5615,1.3866012281496185,,0.0,1.3866012281496185,6.250007363
5620,1.3868047801997327,,0.0,1.3868047801997327,6.1969782467
5625,1.3870979941979182,,0.0,1.3870979941979182,6.1246710796
5630,1.3874568418972881,,0.0,1.3874568418972881,6.0252007864
5635,1.3878525489020042,,0.0,1.3878525489020042,5.986999888
5640,1.3882537234219454,,0.0,1.3882537234219454,5.9613222292
5645,1.3886276283966192,,0.0,1.3886276283966192,5.922939661
5650,1.3889432521849028,,0.0,1.3889432521849028,5.89462893
5655,1.3891762829894148,,0.0,1.3891762829894148,5.905699751
5660,1.3893122783371639,,0.0,1.3893122783371639,5.8966596732
5665,1.3893477843333355,,0.0,1.3893477843333355,5.8878204122
5670,1.389293391602158,,0.0,1.389293391602158,5.8369130205
5675,1.3891693309531532,,0.0,1.3891693309531532,5.7772107794
5680,1.3890038159261928,,0.0,1.3890038159261928,5.7331640224
5685,1.3888286363982199,,0.0,1.3888286363982199,5.6912177048
5690,1.3886741428354477,,0.0,1.3886741428354477,5.6638644769
5695,1.3885627522031037,,0.0,1.3885627522031037,5.6165184275
5700,1.388508118108537,,0.0,1.388508118108537,5.5932880068
5705,1.3885145377236043,,0.0,1.3885145377236043,5.621509471
5710,1.3885819101314358,,0.0,1.3885819101314358,5.6951545477
5715,1.3887049497860664,,0.0,1.3887049497860664,5.7604912049
5720,1.3888745070020356,,0.0,1.3888745070020356,5.8244869412
5725,1.3890774055174246,,0.0,1.3890774055174246,5.8568936867
5730,1.389296495576529,,0.0,1.389296495576529,5.9128083121
5735,1.3895134839870118,,0.0,1.3895134839870118,5.9853099183
5740,1.3897085339071158,,0.0,1.3897085339071158,6.0577930669
5745,1.3898627773368963,,0.0,1.3898627773368963,6.1174794076
5750,1.3899589592854136,,0.0,1.3899589592854136,6.1376259112
5755,1.389984341638712,,0.0,1.389984341638712,6.1244238713
5760,1.389930891174791,,0.0,1.389930891174791,6.0755228025
5765,1.3897958201564748,,0.0,1.3897958201564748,6.0339616412
5770,1.3895829583756472,,0.0,1.3895829583756472,5.997609717
5775,1.3892999709967324,,0.0,1.3892999709967324,5.9839312257
5780,1.388956145826437,,0.0,1.388956145826437,6.012013739
5785,1.3885614382242695,,0.0,1.3885614382242695,6.0423637855
5790,1.3881299341655762,,0.0,1.3881299341655762,6.0563089653
5795,1.3876778520343724,,0.0,1.3876778520343724,6.049652017
5800,1.3872215753090915,,0.0,1.3872215753090915,6.0268781015
5805,1.3867768134710343,,0.0,1.3867768134710343,5.9682253486
5810,1.386358204648349,,0.0,1.386358204648349,5.9100210016
5815,1.3859784641008737,,0.0,1.3859784641008737,5.8346039806
5820,1.385648569511219,,0.0,1.385648569511219,5.7817688191
5825,1.3853790703130533,,0.0,1.3853790703130533,5.7462373218
5830,1.3851779721572774,,0.0,1.3851779721572774,5.7195031429
5835,1.3850502482059712,,0.0,1.3850502482059712,5.6890104317
5840,1.384999460313076,,0.0,1.384999460313076,5.6702427888
5845,1.3850252117869324,,0.0,1.3850252117869324,5.6626498502
5850,1.3851204144631262,,0.0,1.3851204144631262,5.667162898
5855,1.3852718108944748,,0.0,1.3852718108944748,5.6510646334
5860,1.3854622435522164,,0.0,1.3854622435522164,5.6443234023
5865,1.3856729000436607,,0.0,1.3856729000436607,5.6542203071
5870,1.3858851591800345,,0.0,1.3858851591800345,5.6342678226
5875,1.3860852761368314,,0.0,1.3860852761368314,5.6308510121
5880,1.3862678847807508,,0.0,1.3862678847807508,5.631939573
5885,1.3864328772855388,,0.0,1.3864328772855388,5.60924626
5890,1.3865842116653033,,0.0,1.3865842116653033,5.612947334
5895,1.3867280441812788,,0.0,1.3867280441812788,5.6122323922
5900,1.3868702626252667,,0.0,1.3868702626252667,5.5873761273
5905,1.38701548791363,,0.0,1.38701548791363,5.5455919741
5910,1.3871661914134767,,0.0,1.3871661914134767,5.5001951354
5915,1.3873222981181277,,0.0,1.3873222981181277,5.4479825059
5920,1.387482423692616,,0.0,1.387482423692616,5.3846098632
5925,1.387644666063222,,0.0,1.387644666063222,5.3151164613
5930,1.3878067457975563,,0.0,1.3878067457975563,5.2846885386
5935,1.3879659194715115,,0.0,1.3879659194715115,5.280424861
5940,1.3881185163419114,,0.0,1.3881185163419114,5.2810400804
5945,1.388259337960892,,0.0,1.388259337960892,5.2693023253
5950,1.388380987567027,,0.0,1.388380987567027,5.2236580224
5955,1.3884732198059841,,0.0,1.3884732198059841,5.166366508
5960,1.3885225171321325,,0.0,1.3885225171321325,5.1309325267
5965,1.3885132853312996,,0.0,1.3885132853312996,5.0839561227
5970,1.3884331770019127,,0.0,1.3884331770019127,5.0185834777
5975,1.3882758123243006,,0.0,1.3882758123243006,4.9663185621
5980,1.388041440634218,,0.0,1.388041440634218,4.933587118
5985,1.387737984204902,,0.0,1.387737984204902,4.9290855516
5990,1.3873766972271988,,0.0,1.3873766972271988,4.9120852249
5995,1.386973774566643,,0.0,1.386973774566643,4.8785998307
6000,1.3865494305565345,,0.0,1.3865494305565345,4.8245387284
6005,1.3861266121251485,,0.0,1.3861266121251485,4.759959998
6010,1.3857282031526303,,0.0,1.3857282031526303,4.712041728
6015,1.385373764371118,,0.0,1.385373764371118,4.6581878288
6020,1.3850806729480636,,0.0,1.3850806729480636,4.6108546854
6025,1.3848573601922909,,0.0,1.3848573601922909,4.5955535126
6030,1.384702113573088,,0.0,1.384702113573088,4.5805619033
6035,1.3846072993504408,,0.0,1.3846072993504408,4.5570530811
6040,1.384559990398877,,0.0,1.384559990398877,4.5540362383
6045,1.3845405756939146,,0.0,1.3845405756939146,4.5822785389
6050,1.3845259837390553,,0.0,1.3845259837390553,4.6244571887
6055,1.384496787007114,,0.0,1.384496787007114,4.6922902813
6060,1.3844380992964807,,0.0,1.3844380992964807,4.7725417887
6065,1.3843434901629559,,0.0,1.3843434901629559,4.8216554668
6070,1.384213605168899,,0.0,1.384213605168899,4.8464634709
6075,1.3840576698701232,,0.0,1.3840576698701232,4.8262709673
6080,1.3838895052936686,,0.0,1.3838895052936686,4.8350213669
6085,1.3837227820545996,,0.0,1.3837227820545996,4.8369959308
6090,1.383567806828032,,0.0,1.383567806828032,4.8342811804
6095,1.3834296712321208,,0.0,1.3834296712321208,4.8342612742
6100,1.3833087861094753,,0.0,1.3833087861094753,4.8517771549
6105,1.3832041029610573,,0.0,1.3832041029610573,4.8678117393
6110,1.3831147769153513,,0.0,1.3831147769153513,4.8794204503
6115,1.383039729643383,,0.0,1.383039729643383,4.8866564746
6120,1.382976290933943,,0.0,1.382976290933943,4.9320934567
6125,1.3829195109441212,,0.0,1.3829195109441212,4.973857919
6130,1.3828626995963258,,0.0,1.3828626995963258,5.022357993
6135,1.3827974750104042,,0.0,1.3827974750104042,5.0663630235
6140,1.3827193052947495,,0.0,1.3827193052947495,5.1283942066
6145,1.3826303490339658,,0.0,1.3826303490339658,5.1896890337
6150,1.3825404234663163,,0.0,1.3825404234663163,5.2324136126
6155,1.382464488471364,,0.0,1.382464488471364,5.2980246437
6160,1.3824197896725174,,0.0,1.3824197896725174,5.3639254413
6165,1.3824208689980377,,0.0,1.3824208689980377,5.3865555537
6170,1.3824735328551532,,0.0,1.3824735328551532,5.397557948
6175,1.3825733332614119,,0.0,1.3825733332614119,5.4378891597
6180,1.3827068602981272,,0.0,1.3827068602981272,5.4452827167
6185,1.382855804828229,,0.0,1.382855804828229,5.4371887523
6190,1.3830028078213978,,0.0,1.3830028078213978,5.4097090498
6195,1.3831349436137623,,0.0,1.3831349436137623,5.4059707347
6200,1.3832459546950355,,0.0,1.3832459546950355,5.3712259371
6205,1.383335435404647,,0.0,1.383335435404647,5.3269819256
6210,1.3834074568978698,,0.0,1.3834074568978698,5.3032137749
6215,1.38346768334163,,0.0,1.38346768334163,5.2764929088
6220,1.3835212339251841,,0.0,1.3835212339251841,5.2271782193
6225,1.3835714850785203,,0.0,1.3835714850785203,5.1823425371
6230,1.3836202696486446,,0.0,1.3836202696486446,5.1356189009
6235,1.3836679631340083,,0.0,1.3836679631340083,5.1061968521
6240,1.3837147292338654,,0.0,1.3837147292338654,5.0842601804
6245,1.383760392356849,,0.0,1.383760392356849,5.0709827835
6250,1.3838045003369182,,0.0,1.3838045003369182,5.0452509749
6255,1.3838461642552344,,0.0,1.3838461642552344,5.0348620033
6260,1.3838838946744687,,0.0,1.3838838946744687,5.0065179173
6265,1.383915277362805,,0.0,1.383915277362805,4.9892612823
6270,1.3839379905014393,,0.0,1.3839379905014393,4.9968509824
6275,1.3839506134147026,,0.0,1.3839506134147026,5.0196258928
6280,1.3839530550183095,,0.0,1.3839530550183095,5.0367561063
6285,1.3839470031286363,,0.0,1.3839470031286363,5.0583187624
6290,1.3839358330462534,,0.0,1.3839358330462534,5.0701009183
6295,1.3839237822831432,,0.0,1.3839237822831432,5.0689704251
6300,1.3839151496056354,,0.0,1.3839151496056354,5.0637686738
6305,1.3839135409149947,,0.0,1.3839135409149947,5.0248320562
6310,1.3839199060522258,,0.0,1.3839199060522258,4.9793550056
6315,1.3839328099249635,,0.0,1.3839328099249635,4.9447413115
6320,1.383948919818361,,0.0,1.383948919818361,4.9291951952
6325,1.3839633557805868,,0.0,1.3839633557805868,4.9235308618
6330,1.3839714371025305,,0.0,1.3839714371025305,4.9457850046
6335,1.3839690742260404,,0.0,1.3839690742260404,4.9705395239
6340,1.3839526577287236,,0.0,1.3839526577287236,5.0043319211
6345,1.3839195938676498,,0.0,1.3839195938676498,5.0541787724
6350,1.383869289033714,,0.0,1.383869289033714,5.0866326695
6355,1.38380206849946,,0.0,1.38380206849946,5.111545735
6360,1.3837193390553528,,0.0,1.3837193390553528,5.1320394399
6365,1.3836231173114404,,0.0,1.3836231173114404,5.1337049019
6370,1.383517164763003,,0.0,1.383517164763003,5.1460823957
6375,1.3834070349603846,,0.0,1.3834070349603846,5.152009826
6380,1.3832990537769132,,0.0,1.3832990537769132,5.1381957633
6385,1.38320035980222,,0.0,1.38320035980222,5.0745241151
6390,1.3831182499438448,,0.0,1.3831182499438448,5.0432647788
6395,1.383057807382522,,0.0,1.383057807382522,5.0346432905
6400,1.38302160493372,,0.0,1.38302160493372,5.0183096088
6405,1.3830101133656671,,0.0,1.3830101133656671,5.0061514781
6410,1.3830207897592686,,0.0,1.3830207897592686,4.9950180157
6415,1.3830467546267962,,0.0,1.3830467546267962,4.9781875697
6420,1.38307792119757,,0.0,1.38307792119757,4.9235362269
6425,1.383103296774357,,0.0,1.383103296774357,4.8502302864
6430,1.3831129124446262,,0.0,1.3831129124446262,4.7881140639
6435,1.383097104105983,,0.0,1.383097104105983,4.7423939311
6440,1.3830484720073635,,0.0,1.3830484720073635,4.7139845635
6445,1.3829618947006752,,0.0,1.3829618947006752,4.6711897152
6450,1.3828352021078192,,0.0,1.3828352021078192,4.6392847554
6455,1.382670265542468,,0.0,1.382670265542468,4.5857906529
6460,1.3824727439230744,,0.0,1.3824727439230744,4.5074619522
6465,1.3822507373730786,,0.0,1.3822507373730786,4.4364896577
6470,1.3820127987134534,,0.0,1.3820127987134534,4.4144057528
6475,1.3817662482373456,,0.0,1.3817662482373456,4.433863506
6480,1.381516624746222,,0.0,1.381516624746222,4.429071605
6485,1.3812678213458423,,0.0,1.3812678213458423,4.4648146928
6490,1.3810231208573276,,0.0,1.3810231208573276,4.4947790728
6495,1.3807858812413518,,0.0,1.3807858812413518,4.4957085066
6500,1.3805597812134576,,0.0,1.3805597812134576,4.498602043
6505,1.380349210092769,,0.0,1.380349210092769,4.5012058066
6510,1.3801589280463133,,0.0,1.3801589280463133,4.4961252954
6515,1.3799940763202267,,0.0,1.3799940763202267,4.4676814465
6520,1.3798604201976143,,0.0,1.3798604201976143,4.416323228
6525,1.379763475625827,,0.0,1.379763475625827,4.3856652677
6530,1.3797085096150776,,0.0,1.3797085096150776,4.3335142889
6535,1.379697711177836,,0.0,1.379697711177836,4.287345963
6540,1.3797298067950259,,0.0,1.3797298067950259,4.2640699754
6545,1.3798012940068358,,0.0,1.3798012940068358,4.2529597348
6550,1.3799045684381337,,0.0,1.3799045684381337,4.2355797201
6555,1.3800304097151448,,0.0,1.3800304097151448,4.2528510724
6560,1.3801714280522632,,0.0,1.3801714280522632,4.2898432667
6565,1.3803235380103929,,0.0,1.3803235380103929,4.3228263637
6570,1.380487098478889,,0.0,1.380487098478889,4.3288129359
6575,1.3806658393957483,,0.0,1.3806658393957483,4.3523053087
6580,1.380861651341195,,0.0,1.380861651341195,4.3571240304
6585,1.3810707075129833,,0.0,1.3810707075129833,4.3773092738
6590,1.3812830071755524,,0.0,1.3812830071755524,4.386459865
6595,1.3814853306840242,,0.0,1.3814853306840242,4.3821896555
6600,1.3816653451863954,,0.0,1.3816653451863954,4.3828232321
6605,1.3818157016225638,,0.0,1.3818157016225638,4.3917372907
6610,1.3819352994073657,,0.0,1.3819352994073657,4.4083876835
6615,1.3820281596694761,,0.0,1.3820281596694761,4.4141287479
6620,1.3821008000176305,,0.0,1.3821008000176305,4.4287189674
6625,1.3821593882729952,,0.0,1.3821593882729952,4.479396131
6630,1.38220731867051,,0.0,1.38220731867051,4.5688612404
6635,1.3822440474283584,,0.0,1.3822440474283584,4.6323841886
6640,1.382266215788631,,0.0,1.382266215788631,4.6719447714
6645,1.3822697248920817,,0.0,1.3822697248920817,4.7084563358
6650,1.3822519772089066,,0.0,1.3822519772089066,4.7293977681
6655,1.3822136911157432,,0.0,1.3822136911157432,4.7765817518
6660,1.3821592478929123,,0.0,1.3821592478929123,4.8264535497
6665,1.3820963713017302,,0.0,1.3820963713017302,4.822572134
6670,1.3820342409904678,,0.0,1.3820342409904678,4.8218993461
6675,1.3819810193998954,,0.0,1.3819810193998954,4.8054463169
6680,1.3819420678798937,,0.0,1.3819420678798937,4.7032980901
6685,1.381918506282179,,0.0,1.381918506282179,4.621131275
6690,1.3819069377143554,,0.0,1.3819069377143554,4.6221780625
6695,1.381902460234148,,0.0,1.381902460234148,4.6335320442
6700,1.3819019739198057,,0.0,1.3819019739198057,4.6860347681
6705,1.381906216613826,,0.0,1.381906216613826,4.7496750675
6710,1.3819199847575039,,0.0,1.3819199847575039,4.8269536121
6715,1.381950355553251,,0.0,1.381950355553251,4.8315549831
6720,1.3820040893019203,,0.0,1.3820040893019203,4.7937896014
6725,1.3820846587662592,,0.0,1.3820846587662592,4.7544051869
6730,1.382189673565114,,0.0,1.382189673565114,4.7385414937
6735,1.3823106718289246,,0.0,1.3823106718289246,4.7668889366
6740,1.3824351348166801,,0.0,1.3824351348166801,4.8023901739
6745,1.3825500988628963,,0.0,1.3825500988628963,4.8437957658
6750,1.382645014201722,,0.0,1.382645014201722,4.8645124933
6755,1.3827139624806197,,0.0,1.3827139624806197,4.8944956198
6760,1.3827565052858812,,0.0,1.3827565052858812,4.9533223236
6765,1.382776720881472,,0.0,1.382776720881472,5.0025028681
6770,1.382781405443893,,0.0,1.382781405443893,4.9989166827
6775,1.3827763596668436,,0.0,1.3827763596668436,4.9904382475
6780,1.38276636763445,,0.0,1.38276636763445,4.9636212782
6785,1.3827528003279657,,0.0,1.3827528003279657,4.9631189435
6790,1.3827354840162422,,0.0,1.3827354840162422,4.9504235864
6795,1.3827115421366563,,0.0,1.3827115421366563,4.9336497073
6800,1.382679581584638,,0.0,1.382679581584638,4.968007642
6805,1.3826390370529829,,0.0,1.3826390370529829,4.987429107
6810,1.382589996370592,,0.0,1.382589996370592,4.977266419
6815,1.3825328879857166,,0.0,1.3825328879857166,4.9973561043
6820,1.3824682316966375,,0.0,1.3824682316966375,5.0399403578
6825,1.382396108954363,,0.0,1.382396108954363,5.0599722599
6830,1.3823157520200218,,0.0,1.3823157520200218,5.0749952659
6835,1.3822255887429848,,0.0,1.3822255887429848,5.1487430117
6840,1.3821240045197727,,0.0,1.3821240045197727,5.1901063413
6845,1.3820106248484805,,0.0,1.3820106248484805,5.2184111175
6850,1.3818871671761117,,0.0,1.3818871671761117,5.1837667138
6855,1.3817576962136098,,0.0,1.3817576962136098,5.1494573523
6860,1.3816287447836433,,0.0,1.3816287447836433,5.1552564074
6865,1.3815072692408388,,0.0,1.3815072692408388,5.1949181446
6870,1.38139881542892,,0.0,1.38139881542892,5.2209309235
6875,1.381306234996866,,0.0,1.381306234996866,5.2657219319
6880,1.3812304721385884,,0.0,1.3812304721385884,5.3044369341
6885,1.3811718605640524,,0.0,1.3811718605640524,5.3258767442
6890,1.3811312117937082,,0.0,1.3811312117937082,5.3337762864
6895,1.3811091730508243,,0.0,1.3811091730508243,5.3180865103
6900,1.3811110577182106,,0.0,1.3811110577182106,5.3118254357
6905,1.381141894100148,,0.0,1.381141894100148,5.3386986851
6910,1.3812015553695765,,0.0,1.3812015553695765,5.3503056229
6915,1.3812827403005914,,0.0,1.3812827403005914,5.4209199131
6920,1.381371104081688,,0.0,1.381371104081688,5.5016994072
6925,1.3814497501462277,,0.0,1.3814497501462277,5.5709863759
6930,1.3815051114534713,,0.0,1.3815051114534713,5.6497481597
6935,1.3815312351703968,,0.0,1.3815312351703968,5.6599196012
6940,1.3815310229061444,,0.0,1.3815310229061444,5.6117020765
6945,1.3815145735892533,,0.0,1.3815145735892533,5.5576455558
6950,1.3814942640526133,,0.0,1.3814942640526133,5.4926659488
6955,1.3814803603122723,,0.0,1.3814803603122723,5.44608193
6960,1.3814774878022684,,0.0,1.3814774878022684,5.4108344094
6965,1.381482745378515,,0.0,1.381482745378515,5.4193452121
6970,1.3814879870100296,,0.0,1.3814879870100296,5.4467889139
6975,1.3814829805633202,,0.0,1.3814829805633202,5.4913584111
6980,1.3814578507347233,,0.0,1.3814578507347233,5.5253327636
6985,1.3814048802072518,,0.0,1.3814048802072518,5.579954096
6990,1.3813198571798049,,0.0,1.3813198571798049,5.6490830079
6995,1.3812018431719988,,0.0,1.3812018431719988,5.6993403506
7000,1.3810539545153733,,0.0,1.3810539545153733,5.6824826772
7005,1.380883349198985,,0.0,1.380883349198985,5.5868726265
7010,1.3806996608973634,,0.0,1.3806996608973634,5.483339433
7015,1.3805142380745865,,0.0,1.3805142380745865,5.4208718712
7020,1.3803380069915026,,0.0,1.3803380069915026,5.421988
7025,1.3801799736316693,,0.0,1.3801799736316693,5.4822558055
7030,1.3800458537166491,,0.0,1.3800458537166491,5.5259519545
7035,1.379937667111873,,0.0,1.379937667111873,5.5613825389
7040,1.3798548074524501,,0.0,1.3798548074524501,5.5805644205
7045,1.3797959101350197,,0.0,1.3797959101350197,5.5722950752
7050,1.3797608554412153,,0.0,1.3797608554412153,5.5626543234
7055,1.3797442667407869,,0.0,1.3797442667407869,5.6202577347
7060,1.3797395999833173,,0.0,1.3797395999833173,5.6570078942
7065,1.3797458793511748,,0.0,1.3797458793511748,5.6810282446
7070,1.3797616561325345,,0.0,1.3797616561325345,5.7232645115
7075,1.3797858681424644,,0.0,1.3797858681424644,5.7248211539
7080,1.3798151503115972,,0.0,1.3798151503115972,5.7013017908
7085,1.3798440662833729,,0.0,1.3798440662833729,5.6949120688
7090,1.379867158308714,,0.0,1.379867158308714,5.7182383436
7095,1.3798810196626412,,0.0,1.3798810196626412,5.7442855194
7100,1.3798861696119433,,0.0,1.3798861696119433,5.761611014
7105,1.3798798056041306,,0.0,1.3798798056041306,5.7760440851
7110,1.3798604784623245,,0.0,1.3798604784623245,5.8089515615
7115,1.37982910088959,,0.0,1.37982910088959,5.7873335286
7120,1.3797848996328352,,0.0,1.3797848996328352,5.7728977767
7125,1.3797269567405204,,0.0,1.3797269567405204,5.8105791364
7130,1.3796541982684722,,0.0,1.3796541982684722,5.8146349335
7135,1.3795659875568078,,0.0,1.3795659875568078,5.7746509597
7140,1.3794630936731267,,0.0,1.3794630936731267,5.7424123792
7145,1.379347809602841,,0.0,1.379347809602841,5.6593606073
7150,1.3792244113910375,,0.0,1.3792244113910375,5.578430382
7155,1.3790992291629713,,0.0,1.3790992291629713,5.5640836072
7160,1.3789798411178387,,0.0,1.3789798411178387,5.5729469251
7165,1.3788742188246739,,0.0,1.3788742188246739,5.5941104541
7170,1.378789218917089,,0.0,1.378789218917089,5.6305791937
7175,1.378730342327811,,0.0,1.378730342327811,5.6670310867
7180,1.3787020419555844,,0.0,1.3787020419555844,5.6815611844
7185,1.3787076541692573,,0.0,1.3787076541692573,5.6594320138
7190,1.37874852078451,,0.0,1.37874852078451,5.638810753
7195,1.378822877782432,,0.0,1.378822877782432,5.6028148729
7200,1.378925221705713,,0.0,1.378925221705713,5.5955705199
7205,1.3790468029488072,,0.0,1.3790468029488072,5.5647842415
7210,1.379177186747247,,0.0,1.379177186747247,5.6013264938
7215,1.3793065945951823,,0.0,1.3793065945951823,5.6142914193
7220,1.3794245565832983,,0.0,1.3794245565832983,5.5930338398
7225,1.3795224495344904,,0.0,1.3795224495344904,5.5851921096
7230,1.3795945591223604,,0.0,1.3795945591223604,5.5764063306
7235,1.3796376722175554,,0.0,1.3796376722175554,5.5913502618
7240,1.379652138939828,,0.0,1.379652138939828,5.6304621818
7245,1.379640794794115,,0.0,1.379640794794115,5.6944393753
7250,1.3796096191879925,,0.0,1.3796096191879925,5.7123124587
7255,1.379566663879213,,0.0,1.379566663879213,5.7146622835
7260,1.3795210684549066,,0.0,1.3795210684549066,5.6969246238
7265,1.3794829220110258,,0.0,1.3794829220110258,5.6500233209
7270,1.3794584327620587,,0.0,1.3794584327620587,5.5973566933
7275,1.3794492005626073,,0.0,1.3794492005626073,5.574661345
7280,1.3794567832130409,,0.0,1.3794567832130409,5.5804331238
7285,1.3794796635056215,,0.0,1.3794796635056215,5.5900224116
7290,1.3795136015366567,,0.0,1.3795136015366567,5.670779918
7295,1.3795521206222243,,0.0,1.3795521206222243,5.6981381151
7300,1.3795879930150627,,0.0,1.3795879930150627,5.6923558874
7305,1.379614324677875,,0.0,1.379614324677875,5.7256428107
7310,1.37962849064263,,0.0,1.37962849064263,5.6991082987
7315,1.379634455367765,,0.0,1.379634455367765,5.6219100665
7320,1.379639823959212,,0.0,1.379639823959212,5.5678978055
7325,1.3796489549760482,,0.0,1.3796489549760482,5.538924841
7330,1.379667223121868,,0.0,1.379667223121868,5.5330125631
7335,1.3796971776936595,,0.0,1.3796971776936595,5.5190409721
7340,1.3797361985732475,,0.0,1.3797361985732475,5.4406644127
7345,1.3797780369535124,,0.0,1.3797780369535124,5.359016312
7350,1.3798157351510998,,0.0,1.3798157351510998,5.2979724068
7355,1.3798443647156169,,0.0,1.3798443647156169,5.1930417016
7360,1.3798630645650702,,0.0,1.3798630645650702,5.1185096513
7365,1.3798764950790365,,0.0,1.3798764950790365,5.0515234572
7370,1.379895261431312,,0.0,1.379895261431312,5.0083960308
7375,1.3799245032071223,,0.0,1.3799245032071223,4.954996556
7380,1.379965199213737,,0.0,1.379965199213737,4.8530320069
7385,1.3800186689442095,,0.0,1.3800186689442095,4.7583313718
7390,1.3800857749421347,,0.0,1.3800857749421347,4.7197277518
7395,1.3801665427190846,,0.0,1.3801665427190846,4.6829267058
7400,1.380261617505236,,0.0,1.380261617505236,4.7064600264
7405,1.3803712475069254,,0.0,1.3803712475069254,4.711070989
7410,1.3804939545810098,,0.0,1.3804939545810098,4.7029958564
7415,1.3806272029170872,,0.0,1.3806272029170872,4.7200465387
7420,1.3807692932717235,,0.0,1.3807692932717235,4.7298841461
7425,1.380921304970439,,0.0,1.380921304970439,4.7559859159
7430,1.381077647059204,,0.0,1.381077647059204,4.7671675746
7435,1.3812298581335127,,0.0,1.3812298581335127,4.7654792073
7440,1.3813708778657954,,0.0,1.3813708778657954,4.7932585088
7445,1.3814916226083584,,0.0,1.3814916226083584,4.7835479153
7450,1.381583000143215,,0.0,1.381583000143215,4.7915901688
7455,1.3816398124211198,,0.0,1.3816398124211198,4.781226369
7460,1.3816631298651174,,0.0,1.3816631298651174,4.7866365385
7465,1.3816609329467189,,0.0,1.3816609329467189,4.7792028075
7470,1.3816449672867146,,0.0,1.3816449672867146,4.7940263452
7475,1.3816261513728954,,0.0,1.3816261513728954,4.8441545202
7480,1.3816105956918265,,0.0,1.3816105956918265,4.910742111
7485,1.381597020014358,,0.0,1.381597020014358,4.9852219209
7490,1.3815786530111962,,0.0,1.3815786530111962,5.068800714
7495,1.3815468091214713,,0.0,1.3815468091214713,5.1620557074
7500,1.3814945077412757,,0.0,1.3814945077412757,5.2232187654
7505,1.3814191399137468,,0.0,1.3814191399137468,5.2802442889
7510,1.3813246577401552,,0.0,1.3813246577401552,5.3572826822
7515,1.3812209050333173,,0.0,1.3812209050333173,5.4160159968
7520,1.3811199091042998,,0.0,1.3811199091042998,5.4457980712
7525,1.381031616011517,,0.0,1.381031616011517,5.4725939877
7530,1.3809600905323494,,0.0,1.3809600905323494,5.488458616
7535,1.3809036418607832,,0.0,1.3809036418607832,5.5112327054
7540,1.380857384397894,,0.0,1.380857384397894,5.5359073579
7545,1.3808149060359267,,0.0,1.3808149060359267,5.5430484979
7550,1.3807724523218585,,0.0,1.3807724523218585,5.5833764107
7555,1.3807312746514486,,0.0,1.3807312746514486,5.6447317378
7560,1.3806961353841254,,0.0,1.3806961353841254,5.7159738609
7565,1.380674255158457,,0.0,1.380674255158457,5.7463182843
7570,1.3806707590765381,,0.0,1.3806707590765381,5.7068475177
7575,1.3806874625790406,,0.0,1.3806874625790406,5.6596367841
7580,1.3807210385317745,,0.0,1.3807210385317745,5.6281701379
7585,1.380765598279266,,0.0,1.380765598279266,5.6259343317
7590,1.3808137763516262,,0.0,1.3808137763516262,5.5964272082
7595,1.3808584738881813,,0.0,1.3808584738881813,5.5341663433
7600,1.3808948038948436,,0.0,1.3808948038948436,5.5276861965
7605,1.3809207413241438,,0.0,1.3809207413241438,5.5566909136
7610,1.3809369664846702,,0.0,1.3809369664846702,5.5713436914
7615,1.3809477368193208,,0.0,1.3809477368193208,5.572690671
7620,1.380956935867016,,0.0,1.380956935867016,5.5537775565
7625,1.3809688260533823,,0.0,1.3809688260533823,5.5585533304
7630,1.380987070414976,,0.0,1.380987070414976,5.5827114262
7635,1.3810127359201496,,0.0,1.3810127359201496,5.6254949832
7640,1.381044791609072,,0.0,1.381044791609072,5.6401475372
7645,1.3810800304645374,,0.0,1.3810800304645374,5.6086462719
7650,1.381113452351293,,0.0,1.381113452351293,5.5732782724
7655,1.3811390101630858,,0.0,1.3811390101630858,5.5524909957
7660,1.3811507086140435,,0.0,1.3811507086140435,5.4951948592
7665,1.3811445142183232,,0.0,1.3811445142183232,5.442585721
7670,1.3811175992440454,,0.0,1.3811175992440454,5.4279371701
7675,1.3810686704405282,,0.0,1.3810686704405282,5.4506292854
7680,1.3809994800010048,,0.0,1.3809994800010048,5.4721400238
7685,1.3809155771574553,,0.0,1.3809155771574553,5.4489012613
7690,1.380824020177921,,0.0,1.380824020177921,5.4497747885
7695,1.38073297376201,,0.0,1.38073297376201,5.4478392679
7700,1.3806511382194708,,0.0,1.3806511382194708,5.4791823486
7705,1.3805865696264208,,0.0,1.3805865696264208,5.4595336427
7710,1.3805452988786346,,0.0,1.3805452988786346,5.427016958
7715,1.3805308847739794,,0.0,1.3805308847739794,5.4560159662
7720,1.3805414268332095,,0.0,1.3805414268332095,5.4670331434
7725,1.3805697730465418,,0.0,1.3805697730465418,5.4779543367
7730,1.3806055730901565,,0.0,1.3806055730901565,5.5214764977
7735,1.3806378904055652,,0.0,1.3806378904055652,5.4843314285
7740,1.380658504685906,,0.0,1.380658504685906,5.41557057
7745,1.3806617656494564,,0.0,1.3806617656494564,5.3391442615
7750,1.380645948674083,,0.0,1.380645948674083,5.2758219981
7755,1.380612668496138,,0.0,1.380612668496138,5.2270226814
7760,1.3805647768974725,,0.0,1.3805647768974725,5.1719887056
7765,1.3805044019019537,,0.0,1.3805044019019537,5.1207273245
7770,1.3804339220650588,,0.0,1.3804339220650588,5.0630364869
7775,1.3803541258538117,,0.0,1.3803541258538117,5.0280543868
7780,1.3802649358698238,,0.0,1.3802649358698238,5.0701549783
7785,1.3801666872182232,,0.0,1.3801666872182232,5.1442447752
7790,1.3800603541221692,,0.0,1.3800603541221692,5.2212066402
7795,1.3799469741851311,,0.0,1.3799469741851311,5.2717549115
7800,1.3798275139900837,,0.0,1.3798275139900837,5.3340754822
7805,1.379703540970672,,0.0,1.379703540970672,5.3903708347
7810,1.379576491946607,,0.0,1.379576491946607,5.4274243812
7815,1.379447957670706,,0.0,1.379447957670706,5.4159324459
7820,1.3793197406949822,,0.0,1.3793197406949822,5.4065777719
7825,1.3791947765111334,,0.0,1.3791947765111334,5.4585871515
7830,1.3790749304535583,,0.0,1.3790749304535583,5.4731714641
7835,1.3789603077574917,,0.0,1.3789603077574917,5.4810804264
7840,1.3788499292170457,,0.0,1.3788499292170457,5.4629518766
7845,1.3787432866603073,,0.0,1.3787432866603073,5.4314224315
7850,1.3786392229647488,,0.0,1.3786392229647488,5.4888901953
7855,1.3785356168165774,,0.0,1.3785356168165774,5.5807699403
7860,1.3784303911486349,,0.0,1.3784303911486349,5.5578752541
7865,1.3783223180172055,,0.0,1.3783223180172055,5.5686018874
7870,1.3782117384402568,,0.0,1.3782117384402568,5.611462975
7875,1.3781010702371697,,0.0,1.3781010702371697,5.5699756667
7880,1.3779941220730576,,0.0,1.3779941220730576,5.5457597547
7885,1.3778954201924347,,0.0,1.3778954201924347,5.6083379433
7890,1.3778086842356576,,0.0,1.3778086842356576,5.6704543108
7895,1.3777346545698075,,0.0,1.3777346545698075,5.7290187052
7900,1.3776711957301424,,0.0,1.3776711957301424,5.7574215714
7905,1.3776150250948496,,0.0,1.3776150250948496,5.7158500034
7910,1.3775631528937047,,0.0,1.3775631528937047,5.6895584542
7915,1.3775138186953626,,0.0,1.3775138186953626,5.7514729242
7920,1.3774665587074149,,0.0,1.3774665587074149,5.8768323544
7925,1.3774216384760953,,0.0,1.3774216384760953,5.9595408907
7930,1.3773782823566016,,0.0,1.3773782823566016,5.9323168488
7935,1.377333615978711,,0.0,1.377333615978711,5.9488836485
7940,1.3772825339055004,,0.0,1.3772825339055004,5.9613472914
7945,1.377220229464471,,0.0,1.377220229464471,5.9624040324
7950,1.3771426938176805,,0.0,1.3771426938176805,5.9609131671
7955,1.377047064885637,,0.0,1.377047064885637,5.9933247021
7960,1.3769347071388276,,0.0,1.3769347071388276,5.9384121453
7965,1.376811236378491,,0.0,1.376811236378491,5.888339977
7970,1.376687896697143,,0.0,1.376687896697143,5.9703137782
7975,1.3765765766866769,,0.0,1.3765765766866769,5.9259142932
7980,1.3764860987669176,,0.0,1.3764860987669176,5.8679824021
7985,1.3764200516985425,,0.0,1.3764200516985425,5.9213062078
7990,1.3763768766846358,,0.0,1.3763768766846358,5.8835117166
7995,1.3763521290645653,,0.0,1.3763521290645653,5.7830422937
8000,1.3763404024445804,,0.0,1.3763404024445804,5.6912692284
8005,1.3763358924105444,,0.0,1.3763358924105444,5.6567579409
8010,1.376337156163471,,0.0,1.376337156163471,5.6536556866
8015,1.3763464949933213,,0.0,1.3763464949933213,5.6216688176
8020,1.3763691043583215,,0.0,1.3763691043583215,5.7924893931
8025,1.3764114776179264,,0.0,1.3764114776179264,5.9225028585
8030,1.3764762788047629,,0.0,1.3764762788047629,5.958897282
8035,1.376560143513827,,0.0,1.376560143513827,5.8898467709
8040,1.3766559611916422,,0.0,1.3766559611916422,5.8061869939
8045,1.3767560050872543,,0.0,1.3767560050872543,5.7596727464
8050,1.3768549536461767,,0.0,1.3768549536461767,5.6252420088
8055,1.3769493230107859,,0.0,1.3769493230107859,5.5713539628
8060,1.3770383458408277,,0.0,1.3770383458408277,5.5623844225
8065,1.3771235633275758,,0.0,1.3771235633275758,5.5592000656
8070,1.377206967698924,,0.0,1.377206967698924,5.4947758925
8075,1.3772906635266964,,0.0,1.3772906635266964,5.4560220385
8080,1.377373745748011,,0.0,1.377373745748011,5.4635025737
8085,1.377452847034665,,0.0,1.377452847034665,5.4474157713
8090,1.3775238386974744,,0.0,1.3775238386974744,5.4483217689
8095,1.377581647853345,,0.0,1.377581647853345,5.4536909949
8100,1.3776210787118688,,0.0,1.3776210787118688,5.3824730871
8105,1.377639979464952,,0.0,1.377639979464952,5.3893649088
8110,1.3776396670146307,,0.0,1.3776396670146307,5.365105775
8115,1.3776259456421682,,0.0,1.3776259456421682,5.3639046938
8120,1.3776095025702972,,0.0,1.3776095025702972,5.3568080902
8125,1.37760089175036,,0.0,1.37760089175036,5.3790277842
8130,1.3776088160166882,,0.0,1.3776088160166882,5.3872496872
8135,1.3776405839696244,,0.0,1.3776405839696244,5.4473561662
8140,1.3776976045920346,,0.0,1.3776976045920346,5.3991334699
8145,1.377778229464319,,0.0,1.377778229464319,5.2525693389
8150,1.377879689982981,,0.0,1.377879689982981,5.2442441602
8155,1.3779996474543748,,0.0,1.3779996474543748,5.1956416526
8160,1.378138570653637,,0.0,1.378138570653637,5.1920186933
8165,1.3782987632624382,,0.0,1.3782987632624382,5.1867193231
8170,1.3784819542877138,,0.0,1.3784819542877138,5.2131557685
8175,1.3786856449241285,,0.0,1.3786856449241285,5.1865648404
8180,1.3789041013794232,,0.0,1.3789041013794232,5.1495626006
8185,1.3791258869620004,,0.0,1.3791258869620004,5.1395664553
8190,1.3793373895208152,,0.0,1.3793373895208152,5.1596375766
8195,1.3795252980609591,,0.0,1.3795252980609591,5.1661633655
8200,1.3796794380492872,,0.0,1.3796794380492872,5.2042703512
8205,1.3797959869354817,,0.0,1.3797959869354817,5.1525547418
8210,1.3798773805431837,,0.0,1.3798773805431837,5.0374276024
8215,1.3799298147297143,,0.0,1.3799298147297143,4.975687338
8220,1.3799599423682902,,0.0,1.3799599423682902,4.9039816042
8225,1.3799736303896872,,0.0,1.3799736303896872,4.8222864064
8230,1.3799739838312586,,0.0,1.3799739838312586,4.8012513523
8235,1.3799607095092346,,0.0,1.3799607095092346,4.7438076365
8240,1.3799316655809803,,0.0,1.3799316655809803,4.7375957958
8245,1.3798835168735026,,0.0,1.3798835168735026,4.7150683642
8250,1.379813458309729,,0.0,1.379813458309729,4.6991351643
8255,1.379721923586384,,0.0,1.379721923586384,4.6813940124
8260,1.3796148570990692,,0.0,1.3796148570990692,4.7123337068
8265,1.3795011107653647,,0.0,1.3795011107653647,4.7454461016
8270,1.3793899179141407,,0.0,1.3793899179141407,4.7331903519
8275,1.3792911225575233,,0.0,1.3792911225575233,4.7242354769
8280,1.3792081934720772,,0.0,1.3792081934720772,4.6911814402
8285,1.3791384848287462,,0.0,1.3791384848287462,4.6708428307
8290,1.379075702444359,,0.0,1.379075702444359,4.7310252676
8295,1.3790128868417793,,0.0,1.3790128868417793,4.8179579292
8300,1.378947483143362,,0.0,1.378947483143362,4.8897565476
8305,1.3788827291927959,,0.0,1.3788827291927959,4.9718002745
8310,1.3788274733200963,,0.0,1.3788274733200963,5.0324910167
8315,1.378790611224422,,0.0,1.378790611224422,5.0428893034
8320,1.3787809574196674,,0.0,1.3787809574196674,5.0536457812
8325,1.378804539014734,,0.0,1.378804539014734,5.0834048216
8330,1.378861845778657,,0.0,1.378861845778657,5.147400645
8335,1.3789477635713454,,0.0,1.3789477635713454,5.1931471356
8340,1.3790531431059574,,0.0,1.3790531431059574,5.216646315
8345,1.3791659993249676,,0.0,1.3791659993249676,5.252317818
8350,1.3792745889328586,,0.0,1.3792745889328586,5.2721239202
8355,1.3793699788932232,,0.0,1.3793699788932232,5.2517472775
8360,1.3794468104471993,,0.0,1.3794468104471993,5.203905246
8365,1.3795015106459696,,0.0,1.3795015106459696,5.2062005424
8370,1.3795331417399515,,0.0,1.3795331417399515,5.1981468619
8375,1.3795440030260142,,0.0,1.3795440030260142,5.1848986792
8380,1.3795365836097802,,0.0,1.3795365836097802,5.1893445912
8385,1.3795145665251576,,0.0,1.3795145665251576,5.1776154094
8390,1.3794819417421562,,0.0,1.3794819417421562,5.1102090673
8395,1.3794434102329844,,0.0,1.3794434102329844,5.0571805725
8400,1.3794051490534656,,0.0,1.3794051490534656,4.9996507693
8405,1.3793725139063884,,0.0,1.3793725139063884,4.9238788685
8410,1.379348344216436,,0.0,1.379348344216436,4.8427625481
8415,1.379332703031739,,0.0,1.379332703031739,4.7824502245
8420,1.3793250585290304,,0.0,1.3793250585290304,4.7031242724
8425,1.3793215161409507,,0.0,1.3793215161409507,4.6239383671
8430,1.3793159568770768,,0.0,1.3793159568770768,4.5722880496
8435,1.3793018292461166,,0.0,1.3793018292461166,4.5561948357
8440,1.3792740438223146,,0.0,1.3792740438223146,4.576787044
8445,1.3792306509634997,,0.0,1.3792306509634997,4.60339486
8450,1.3791739081116179,,0.0,1.3791739081116179,4.6607194745
8455,1.3791102431862847,,0.0,1.3791102431862847,4.7165328983
8460,1.379048948844062,,0.0,1.379048948844062,4.734245153
8465,1.3789996824772695,,0.0,1.3789996824772695,4.7323081654
8470,1.3789692822502033,,0.0,1.3789692822502033,4.7340161468
8475,1.3789595971539113,,0.0,1.3789595971539113,4.7847537791
8480,1.3789670153742903,,0.0,1.3789670153742903,4.8069298986
8485,1.3789832750817375,,0.0,1.3789832750817375,4.7884576446
8490,1.3789980545200768,,0.0,1.3789980545200768,4.752865133
8495,1.379002237952841,,0.0,1.379002237952841,4.7243654514
8500,1.3789907916944035,,0.0,1.3789907916944035,4.7692699967
8505,1.3789640712458628,,0.0,1.3789640712458628,4.8254124694
8510,1.3789272470853644,,0.0,1.3789272470853644,4.8452214438
8515,1.3788882182334101,,0.0,1.3788882182334101,4.8540083288
8520,1.3788524965847306,,0.0,1.3788524965847306,4.8463387762
8525,1.3788222573994633,,0.0,1.3788222573994633,4.8128641938
8530,1.3787970695719018,,0.0,1.3787970695719018,4.8213860413
8535,1.3787740440493823,,0.0,1.3787740440493823,4.852513607
8540,1.378748707205008,,0.0,1.378748707205008,4.8527482346
8545,1.3787169563926591,,0.0,1.3787169563926591,4.7943255308
8550,1.3786757276326689,,0.0,1.3786757276326689,4.730997227
8555,1.3786239055909952,,0.0,1.3786239055909952,4.6898099552
8560,1.3785640568380866,,0.0,1.3785640568380866,4.6782218644
8565,1.3785018716503694,,0.0,1.3785018716503694,4.7465091561
8570,1.3784425513324723,,0.0,1.3784425513324723,4.7899419641
8575,1.378391164914179,,0.0,1.378391164914179,4.8046167524
8580,1.3783518865935966,,0.0,1.3783518865935966,4.7628944615
8585,1.3783281682060118,,0.0,1.3783281682060118,4.7422828682
8590,1.3783200977131989,,0.0,1.3783200977131989,4.6964056572
8595,1.3783247853316936,,0.0,1.3783247853316936,4.6126769414
8600,1.3783382848066281,,0.0,1.3783382848066281,4.5656046294
8605,1.3783567189105392,,0.0,1.3783567189105392,4.5644336345
8610,1.3783771344796505,,0.0,1.3783771344796505,4.6007422787
8615,1.3783976342236623,,0.0,1.3783976342236623,4.673753016
8620,1.3784143115502292,,0.0,1.3784143115502292,4.7481648266
8625,1.3784224644241605,,0.0,1.3784224644241605,4.7788598608
8630,1.3784173045758368,,0.0,1.3784173045758368,4.8174974481
8635,1.378394801243308,,0.0,1.378394801243308,4.8766408856
8640,1.378352860085955,,0.0,1.378352860085955,4.8497679035
8645,1.3782911686534554,,0.0,1.3782911686534554,4.7785701529
8650,1.3782115209275303,,0.0,1.3782115209275303,4.6909999283
8655,1.3781191813938105,,0.0,1.3781191813938105,4.6464947513
8660,1.3780234444362036,,0.0,1.3780234444362036,4.6113171614
8665,1.377936766411955,,0.0,1.377936766411955,4.5552642478
8670,1.3778702810627441,,0.0,1.3778702810627441,4.5793082785
8675,1.3778315776826426,,0.0,1.3778315776826426,4.6324451488
8680,1.3778233350531546,,0.0,1.3778233350531546,4.6707597703
8685,1.37784260798287,,0.0,1.37784260798287,4.7170687984
8690,1.377881996853598,,0.0,1.377881996853598,4.7534398455
8695,1.3779318771590299,,0.0,1.3779318771590299,4.7786284217
8700,1.3779832793227467,,0.0,1.3779832793227467,4.7672721076
8705,1.3780295467510935,,0.0,1.3780295467510935,4.7000120191
8710,1.3780670009278364,,0.0,1.3780670009278364,4.6857436825
8715,1.378094544722504,,0.0,1.378094544722504,4.6691640211
8720,1.3781125180900808,,0.0,1.3781125180900808,4.6539832099
8725,1.3781214531195796,,0.0,1.3781214531195796,4.6131568813
8730,1.3781213494788178,,0.0,1.3781213494788178,4.576443711
8735,1.378111581735662,,0.0,1.378111581735662,4.6029090608
8740,1.3780917066265475,,0.0,1.3780917066265475,4.6239739835
8745,1.3780621563865987,,0.0,1.3780621563865987,4.6601072244
8750,1.378024640889072,,0.0,1.378024640889072,4.6882762973
8755,1.3779824715891706,,0.0,1.3779824715891706,4.686158575
8760,1.3779404519040097,,0.0,1.3779404519040097,4.7241990033
8765,1.3779041079457062,,0.0,1.3779041079457062,4.7953783212
8770,1.3778784255656904,,0.0,1.3778784255656904,4.8119415007
8775,1.3778665878640688,,0.0,1.3778665878640688,4.8220544286
8780,1.3778691712429225,,0.0,1.3778691712429225,4.8601324719
8785,1.3778847629989488,,0.0,1.3778847629989488,4.8815501499
8790,1.3779112390280268,,0.0,1.3779112390280268,4.8118940173
8795,1.37794682899979,,0.0,1.37794682899979,4.7911303178
8800,1.377990595231092,,0.0,1.377990595231092,4.8608130722
8805,1.3780419287660222,,0.0,1.3780419287660222,4.9586137336
8810,1.3780995698378373,,0.0,1.3780995698378373,4.9600028537
8815,1.3781608697607164,,0.0,1.3781608697607164,4.9514306989
8820,1.3782217619634969,,0.0,1.3782217619634969,4.8902543502
8825,1.3782772839139208,,0.0,1.3782772839139208,4.8299036031
8830,1.3783223848522093,,0.0,1.3783223848522093,4.7792455775
8835,1.378353157189471,,0.0,1.378353157189471,4.7050431954
8840,1.378367714265228,,0.0,1.378367714265228,4.6531879679
8845,1.3783655162838468,,0.0,1.3783655162838468,4.6574328386
8850,1.3783485937405808,,0.0,1.3783485937405808,4.6372183243
8855,1.3783212909771205,,0.0,1.3783212909771205,4.5723987413
8860,1.3782882995981436,,0.0,1.3782882995981436,4.5653990438
8865,1.3782530491163105,,0.0,1.3782530491163105,4.527101535
8870,1.3782162911928888,,0.0,1.3782162911928888,4.5083067387
8875,1.3781756985612903,,0.0,1.3781756985612903,4.4787092661
8880,1.3781273958542706,,0.0,1.3781273958542706,4.5146888977
8885,1.3780654020033443,,0.0,1.3780654020033443,4.5430060139
8890,1.3779835400191236,,0.0,1.3779835400191236,4.5451879778
8895,1.3778789411120427,,0.0,1.3778789411120427,4.550857369
8900,1.3777545560541675,,0.0,1.3777545560541675,4.6327848752
8905,1.3776190344642838,,0.0,1.3776190344642838,4.6852525081
8910,1.3774813431949198,,0.0,1.3774813431949198,4.6953004728
8915,1.3773491609635218,,0.0,1.3773491609635218,4.7268042674
8920,1.3772276403104113,,0.0,1.3772276403104113,4.7126637528
8925,1.3771192559909522,,0.0,1.3771192559909522,4.7009516149
8930,1.3770248025843153,,0.0,1.3770248025843153,4.697627576
8935,1.3769420291593206,,0.0,1.3769420291593206,4.8234238397
8940,1.3768670541037034,,0.0,1.3768670541037034,4.9792895693
8945,1.3767959825843585,,0.0,1.3767959825843585,5.0446186516
8950,1.3767270436065546,,0.0,1.3767270436065546,5.0985950879
8955,1.3766597976936013,,0.0,1.3766597976936013,5.1265764711
8960,1.3765942884942035,,0.0,1.3765942884942035,5.0905260712
8965,1.3765307905899435,,0.0,1.3765307905899435,5.0821723135
8970,1.3764692700982644,,0.0,1.3764692700982644,5.0309432129
8975,1.3764084246666992,,0.0,1.3764084246666992,4.9161607697
8980,1.3763437565519434,,0.0,1.3763437565519434,4.9019969057
8985,1.3762701717441315,,0.0,1.3762701717441315,4.8444472855
8990,1.3761850750387326,,0.0,1.3761850750387326,4.7677556334
8995,1.3760906610288721,,0.0,1.3760906610288721,4.7251720214
9000,1.3759902179834558,,0.0,1.3759902179834558,4.7462828671
9005,1.3758869054841087,,0.0,1.3758869054841087,4.7083683931
9010,1.3757829716052477,,0.0,1.3757829716052477,4.6301349688
9015,1.3756802910488006,,0.0,1.3756802910488006,4.5832117315
9020,1.375579400155709,,0.0,1.375579400155709,4.638053295
9025,1.3754777363417068,,0.0,1.3754777363417068,4.6698092322
9030,1.3753702985414331,,0.0,1.3753702985414331,4.6548372105
9035,1.375250713180235,,0.0,1.375250713180235,4.6793318865
9040,1.3751154334187952,,0.0,1.3751154334187952,4.6833415882
9045,1.3749674701541086,,0.0,1.3749674701541086,4.6958213045
9050,1.3748141808836982,,0.0,1.3748141808836982,4.659554314
9055,1.3746644767864,,0.0,1.3746644767864,4.551357044
9060,1.3745278859028904,,0.0,1.3745278859028904,4.5089556724
9065,1.374413838080868,,0.0,1.374413838080868,4.4981187325
9070,1.3743275474471837,,0.0,1.3743275474471837,4.44648914
9075,1.3742691563085754,,0.0,1.3742691563085754,4.4921700983
9080,1.3742361689822176,,0.0,1.3742361689822176,4.4898598085
9085,1.3742261701068763,,0.0,1.3742261701068763,4.4625316891
9090,1.3742395297996557,,0.0,1.3742395297996557,4.4695801505
9095,1.3742786919229997,,0.0,1.3742786919229997,4.4865974935
9100,1.37434565408615,,0.0,1.37434565408615,4.530705047
9105,1.374437717111633,,0.0,1.374437717111633,4.5575531446
9110,1.374548150395661,,0.0,1.374548150395661,4.6182925379
9115,1.374667828302744,,0.0,1.374667828302744,4.6656370876
9120,1.3747860836739387,,0.0,1.3747860836739387,4.7300932251
9125,1.3748938877380066,,0.0,1.3748938877380066,4.7815138146
9130,1.3749858853236496,,0.0,1.3749858853236496,4.8315499606
9135,1.3750609493375872,,0.0,1.3750609493375872,4.8456188694
9140,1.375120739759349,,0.0,1.375120739759349,4.8764240437
9145,1.3751678263483305,,0.0,1.3751678263483305,4.9229567476
9150,1.3752045329828624,,0.0,1.3752045329828624,4.9351194849
9155,1.375232630923422,,0.0,1.375232630923422,4.9572346431
9160,1.375254121233943,,0.0,1.375254121233943,5.0060836311
9165,1.3752722219600715,,0.0,1.3752722219600715,5.0247928756
9170,1.3752916326124143,,0.0,1.3752916326124143,4.9817473019
9175,1.375317693480519,,0.0,1.375317693480519,4.9551545721
9180,1.3753546238063614,,0.0,1.3753546238063614,4.9497533431
9185,1.3754037013609461,,0.0,1.3754037013609461,4.9743583841
9190,1.3754623309397425,,0.0,1.3754623309397425,5.0114409831
9195,1.375524537586412,,0.0,1.375524537586412,5.0151457917
9200,1.3755829026819573,,0.0,1.3755829026819573,5.0326832285
9205,1.375630566536693,,0.0,1.375630566536693,5.0344407096
9210,1.375663228989125,,0.0,1.375663228989125,4.9772079065
9215,1.3756801763131628,,0.0,1.3756801763131628,4.8414736708
9220,1.37568416522019,,0.0,1.37568416522019,4.7420059009
9225,1.3756804768713713,,0.0,1.3756804768713713,4.7571880819
9230,1.3756755523407254,,0.0,1.3756755523407254,4.7204345006
9235,1.3756754718862625,,0.0,1.3756754718862625,4.6388152258
9240,1.3756843219436237,,0.0,1.3756843219436237,4.6163303836
9245,1.3757035075759287,,0.0,1.3757035075759287,4.5676691154
9250,1.3757310590772167,,0.0,1.3757310590772167,4.5915405818
9255,1.3757619054246122,,0.0,1.3757619054246122,4.6106563985
9260,1.3757891863305018,,0.0,1.3757891863305018,4.5738874858
9265,1.375806801340215,,0.0,1.375806801340215,4.5724877038
9270,1.3758121262165202,,0.0,1.3758121262165202,4.5682999893
9275,1.375806082897141,,0.0,1.375806082897141,4.5284360139
9280,1.3757917255955958,,0.0,1.3757917255955958,4.539067067
9285,1.3757730404285835,,0.0,1.3757730404285835,4.5688680147
9290,1.375753275603869,,0.0,1.375753275603869,4.6123054354
9295,1.3757339091317224,,0.0,1.3757339091317224,4.6592938104
9300,1.3757144434700526,,0.0,1.3757144434700526,4.6726026953
9305,1.375692593738685,,0.0,1.375692593738685,4.6983691129
9310,1.375665561504187,,0.0,1.375665561504187,4.7328646881
9315,1.375632082216394,,0.0,1.375632082216394,4.7854811726
9320,1.3755933935187339,,0.0,1.3755933935187339,4.848053387
9325,1.3755523336400355,,0.0,1.3755523336400355,4.9184859397
9330,1.375511769576083,,0.0,1.375511769576083,4.9485625718
9335,1.3754732266398528,,0.0,1.3754732266398528,4.978039159
9340,1.3754358474033528,,0.0,1.3754358474033528,4.9834782382
9345,1.3753967095292896,,0.0,1.3753967095292896,4.994771
9350,1.3753521932311943,,0.0,1.3753521932311943,4.9531194116
9355,1.3752990543539219,,0.0,1.3752990543539219,4.9209298847
9360,1.375235826978624,,0.0,1.375235826978624,4.9084933723
9365,1.3751607995711352,,0.0,1.3751607995711352,4.8718846824
9370,1.3750742085785514,,0.0,1.3750742085785514,4.8317743147
9375,1.3749783631967636,,0.0,1.3749783631967636,4.8454114815
9380,1.3748764394836213,,0.0,1.3748764394836213,4.8764792011
9385,1.3747716439912752,,0.0,1.3747716439912752,4.8721317048
9390,1.3746669198516073,,0.0,1.3746669198516073,4.7800269184
9395,1.37456494770634,,0.0,1.37456494770634,4.6949564673
9400,1.374468196397998,,0.0,1.374468196397998,4.6698837922
9405,1.3743788610511984,,0.0,1.3743788610511984,4.6774801544
9410,1.3742987602291235,,0.0,1.3742987602291235,4.7070483483
9415,1.3742296513070453,,0.0,1.3742296513070453,4.6956175051
9420,1.374172255916984,,0.0,1.374172255916984,4.6603293292
9425,1.374126334290024,,0.0,1.374126334290024,4.5655021134
9430,1.3740901392820977,,0.0,1.3740901392820977,4.480955088
9435,1.3740612585216065,,0.0,1.3740612585216065,4.4173866034
9440,1.3740379198179653,,0.0,1.3740379198179653,4.3362530603
9445,1.3740187238215842,,0.0,1.3740187238215842,4.2520798231
9450,1.374002453019261,,0.0,1.374002453019261,4.1838256307
9455,1.3739880879446584,,0.0,1.3739880879446584,4.0994127785
9460,1.3739744819057613,,0.0,1.3739744819057613,4.0046197142
9465,1.3739600942427879,,0.0,1.3739600942427879,3.990973707
9470,1.3739427791933558,,0.0,1.3739427791933558,4.0076599774
9475,1.3739200511065346,,0.0,1.3739200511065346,4.0059177534
9480,1.3738899335662893,,0.0,1.3738899335662893,3.9948082657
9485,1.373850941918711,,0.0,1.373850941918711,4.0271264697
9490,1.373801474648288,,0.0,1.373801474648288,4.0505075906
9495,1.3737414203412028,,0.0,1.3737414203412028,4.0437604348
9500,1.3736723550013934,,0.0,1.3736723550013934,4.0029198665
9505,1.3735977367756034,,0.0,1.3735977367756034,3.9784507479
9510,1.3735227087701871,,0.0,1.3735227087701871,4.0052733072
9515,1.373452891038311,,0.0,1.373452891038311,4.0267252273
9520,1.3733935960326764,,0.0,1.3733935960326764,4.024772589
9525,1.3733489042096503,,0.0,1.3733489042096503,4.0462545446
9530,1.3733206594446787,,0.0,1.3733206594446787,4.1111455576
9535,1.3733083462578453,,0.0,1.3733083462578453,4.1382477623
9540,1.3733088816022403,,0.0,1.3733088816022403,4.1234379645
9545,1.3733171194483087,,0.0,1.3733171194483087,4.111288281
9550,1.3733281365941319,,0.0,1.3733281365941319,4.0846747815
9555,1.3733382720626817,,0.0,1.3733382720626817,4.0675751275
9560,1.3733463223588334,,0.0,1.3733463223588334,4.0976300936
9565,1.3733518564433171,,0.0,1.3733518564433171,4.087308635
9570,1.3733551446457857,,0.0,1.3733551446457857,4.0584640756
9575,1.3733570818643535,,0.0,1.3733570818643535,4.0276982417
9580,1.3733585706373181,,0.0,1.3733585706373181,3.980134908
9585,1.3733601959370552,,0.0,1.3733601959370552,3.9699032559
9590,1.3733618597034596,,0.0,1.3733618597034596,3.9360186036
9595,1.3733630932278311,,0.0,1.3733630932278311,3.9194334092
9600,1.3733627063023213,,0.0,1.3733627063023213,3.8746112223
9605,1.3733586328882113,,0.0,1.3733586328882113,3.8271081555
9610,1.3733504891825015,,0.0,1.3733504891825015,3.7887365131
9615,1.37333927624865,,0.0,1.37333927624865,3.7507182137
9620,1.373326809793075,,0.0,1.373326809793075,3.6865180629
9625,1.3733135064383508,,0.0,1.3733135064383508,3.6317433791
9630,1.3732990053020306,,0.0,1.3732990053020306,3.5887661818
9635,1.3732827644625174,,0.0,1.3732827644625174,3.5606381967
9640,1.3732649886103145,,0.0,1.3732649886103145,3.5378990319
9645,1.3732461386810662,,0.0,1.3732461386810662,3.5333249189
9650,1.3732275590150345,,0.0,1.3732275590150345,3.5852162923
9655,1.3732113542504782,,0.0,1.3732113542504782,3.5921297217
9660,1.3731995034608886,,0.0,1.3731995034608886,3.5757447285
9665,1.3731930344171503,,0.0,1.3731930344171503,3.5469484027
9670,1.373191658187423,,0.0,1.373191658187423,3.5094501943
9675,1.3731943098628812,,0.0,1.3731943098628812,3.5202486332
9680,1.3731996210532913,,0.0,1.3731996210532913,3.5148198607
9685,1.373206345744241,,0.0,1.373206345744241,3.5496179215
9690,1.373213477557362,,0.0,1.373213477557362,3.5658701093
9695,1.3732202889477951,,0.0,1.3732202889477951,3.5647389178
9700,1.373226391661303,,0.0,1.373226391661303,3.5499736022
9705,1.373231754871403,,0.0,1.373231754871403,3.5379208054
9710,1.3732365230772334,,0.0,1.3732365230772334,3.5194526985
9715,1.3732406067225469,,0.0,1.3732406067225469,3.4726045892
9720,1.3732432321556327,,0.0,1.3732432321556327,3.4443154293
9725,1.3732427207283364,,0.0,1.3732427207283364,3.4405660189
9730,1.3732367360058493,,0.0,1.3732367360058493,3.4659257593
9735,1.3732231027280342,,0.0,1.3732231027280342,3.4795567925
9740,1.3732009974158916,,0.0,1.3732009974158916,3.4897643213
9745,1.3731720162700218,,0.0,1.3731720162700218,3.5069991757
9750,1.3731410201750134,,0.0,1.3731410201750134,3.4602116442
9755,1.3731145960991888,,0.0,1.3731145960991888,3.4290188769
9760,1.3731004148540653,,0.0,1.3731004148540653,3.4210710727
9765,1.3731058155342868,,0.0,1.3731058155342868,3.4278919111
9770,1.3731366726443763,,0.0,1.3731366726443763,3.4269785384
9775,1.3731952892680777,,0.0,1.3731952892680777,3.4560233549
9780,1.3732795333289038,,0.0,1.3732795333289038,3.4938395334
9785,1.3733833627033307,,0.0,1.3733833627033307,3.5340527491
9790,1.3734976812536241,,0.0,1.3734976812536241,3.5711175282
9795,1.373612423003694,,0.0,1.373612423003694,3.5846340581
9800,1.373717282939334,,0.0,1.373717282939334,3.6306467986
9805,1.3738049042938218,,0.0,1.3738049042938218,3.6593257799
9810,1.3738715134804558,,0.0,1.3738715134804558,3.6501976385
9815,1.373917058612418,,0.0,1.373917058612418,3.6255663746
9820,1.3739441087847406,,0.0,1.3739441087847406,3.6822929348
9825,1.373956980701577,,0.0,1.373956980701577,3.6642087805
9830,1.3739610675358367,,0.0,1.3739610675358367,3.6153752661
9835,1.373961707849721,,0.0,1.373961707849721,3.5780647119
9840,1.3739633339466948,,0.0,1.3739633339466948,3.6299343019
9845,1.3739689708747036,,0.0,1.3739689708747036,3.6581805057
9850,1.3739800182490822,,0.0,1.3739800182490822,3.620823364
9855,1.3739962048765049,,0.0,1.3739962048765049,3.6026282719
9860,1.374015942728047,,0.0,1.374015942728047,3.6291034042
9865,1.374036911512941,,0.0,1.374036911512941,3.6220651569
9870,1.3740568437573473,,0.0,1.3740568437573473,3.5815571273
9875,1.374074303505227,,0.0,1.374074303505227,3.5219244266
9880,1.374089514447891,,0.0,1.374089514447891,3.4949695304
9885,1.3741044501446094,,0.0,1.3741044501446094,3.4949075822
9890,1.3741218483059598,,0.0,1.3741218483059598,3.5055333301
9895,1.3741436471470556,,0.0,1.3741436471470556,3.5560259504
9900,1.3741705322913962,,0.0,1.3741705322913962,3.611348638
9905,1.3742010712376351,,0.0,1.3742010712376351,3.6434887414
9910,1.374232818395983,,0.0,1.374232818395983,3.6348920217
9915,1.3742640809008977,,0.0,1.3742640809008977,3.5490884729
9920,1.3742946322707408,,0.0,1.3742946322707408,3.4554649943
9925,1.3743259391551612,,0.0,1.3743259391551612,3.4070156389
9930,1.374360663593693,,0.0,1.374360663593693,3.4384799514
9935,1.3744011408252894,,0.0,1.3744011408252894,3.4896334719
9940,1.3744477180465025,,0.0,1.3744477180465025,3.5088950027
9945,1.3744979596994353,,0.0,1.3744979596994353,3.5612113178
9950,1.3745471669378448,,0.0,1.3745471669378448,3.6629805588
9955,1.3745904511731692,,0.0,1.3745904511731692,3.7146738747
9960,1.374625019685504,,0.0,1.374625019685504,3.7453854611
9965,1.374652046007164,,0.0,1.374652046007164,3.7115662068
9970,1.374675855744779,,0.0,1.374675855744779,3.672615383
9975,1.374701890835566,,0.0,1.374701890835566,3.6187754547
9980,1.3747345640506923,,0.0,1.3747345640506923,3.5898285172
9985,1.3747759713916876,,0.0,1.3747759713916876,3.5975882197
9990,1.3748257106526727,,0.0,1.3748257106526727,3.6334982462
9995,1.3748814493850228,,0.0,1.3748814493850228,3.6487719469
10000,1.3749397459846544,,0.0,1.3749397459846544,3.6567569007
10005,1.3749967185735577,,0.0,1.3749967185735577,3.6677902046
10010,1.3750484973651442,,0.0,1.3750484973651442,3.680961912
10015,1.3750923098361705,,0.0,1.3750923098361705,3.6842978587
10020,1.375127372635214,,0.0,1.375127372635214,3.6446579924
10025,1.3751556328798635,,0.0,1.3751556328798635,3.5760749087
10030,1.3751811420602222,,0.0,1.3751811420602222,3.5432073776
10035,1.3752081284536146,,0.0,1.3752081284536146,3.5421023793
10040,1.3752393904270381,,0.0,1.3752393904270381,3.5438182169
10045,1.3752757775025557,,0.0,1.3752757775025557,3.5567973442
10050,1.3753158104076055,,0.0,1.3753158104076055,3.574313793
10055,1.3753558959967092,,0.0,1.3753558959967092,3.5871768868
10060,1.3753915954556357,,0.0,1.3753915954556357,3.5910835442
10065,1.3754189587426435,,0.0,1.3754189587426435,3.5653734247
10070,1.3754355067840038,,0.0,1.3754355067840038,3.5564556956
10075,1.3754414519768416,,0.0,1.3754414519768416,3.5505336225
10080,1.375439528909224,,0.0,1.375439528909224,3.5940720881
10085,1.3754344789466824,,0.0,1.3754344789466824,3.6149500839
10090,1.375431964728106,,0.0,1.375431964728106,3.6535683488
10095,1.3754378863360266,,0.0,1.3754378863360266,3.7061087831
10100,1.3754565218750587,,0.0,1.3754565218750587,3.7056921438
10105,1.3754883526103796,,0.0,1.3754883526103796,3.731078709
10110,1.3755297989495328,,0.0,1.3755297989495328,3.7736857464
10115,1.3755746383277714,,0.0,1.3755746383277714,3.7941179933
10120,1.375618143663387,,0.0,1.375618143663387,3.783747873
10125,1.3756596078074919,,0.0,1.3756596078074919,3.762220066
10130,1.3757018822761917,,0.0,1.3757018822761917,3.7490488754
10135,1.3757492811826213,,0.0,1.3757492811826213,3.6908808118
10140,1.3758049068402431,,0.0,1.3758049068402431,3.6105800762
10145,1.3758687981807787,,0.0,1.3758687981807787,3.6119490565
10150,1.3759375541927767,,0.0,1.3759375541927767,3.6496038926
10155,1.3760054457345252,,0.0,1.3760054457345252,3.668430829
10160,1.376066387233104,,0.0,1.376066387233104,3.7336654656
10165,1.3761160064435403,,0.0,1.3761160064435403,3.792891398
10170,1.3761532206520584,,0.0,1.3761532206520584,3.7911407296
10175,1.3761805288633027,,0.0,1.3761805288633027,3.738924264
10180,1.376202632780281,,0.0,1.376202632780281,3.6843676872
10185,1.3762239856339205,,0.0,1.3762239856339205,3.6025474605
10190,1.3762465165375493,,0.0,1.3762465165375493,3.6207459873
10195,1.376268752463626,,0.0,1.376268752463626,3.6355641633
10200,1.3762864076673522,,0.0,1.3762864076673522,3.6474811812
10205,1.3762937039769638,,0.0,1.3762937039769638,3.6411785731
10210,1.3762850133004914,,0.0,1.3762850133004914,3.6414754336
10215,1.3762569513684526,,0.0,1.3762569513684526,3.5933611229
10220,1.3762095797009408,,0.0,1.3762095797009408,3.5368963641
10225,1.3761468562456276,,0.0,1.3761468562456276,3.5136029034
10230,1.3760756780294474,,0.0,1.3760756780294474,3.5401613942
10235,1.3760035202087615,,0.0,1.3760035202087615,3.5480439042
10240,1.3759365058930484,,0.0,1.3759365058930484,3.6053365183
10245,1.375878873923018,,0.0,1.375878873923018,3.6343880967
10250,1.375833107159273,,0.0,1.375833107159273,3.6507482639
10255,1.375799218822654,,0.0,1.375799218822654,3.6388568338
10260,1.3757749552580891,,0.0,1.3757749552580891,3.6617583128
10265,1.3757563458285564,,0.0,1.3757563458285564,3.6706627432
10270,1.375740608111791,,0.0,1.375740608111791,3.6423144915
10275,1.37572915640557,,0.0,1.37572915640557,3.662782463
10280,1.3757257733319426,,0.0,1.3757257733319426,3.6705093567
10285,1.3757334256741445,,0.0,1.3757334256741445,3.6753238713
10290,1.3757532042511909,,0.0,1.3757532042511909,3.6557286422
10295,1.3757844749942174,,0.0,1.3757844749942174,3.6869452394
10300,1.37582481922017,,0.0,1.37582481922017,3.6677597007
10305,1.3758707185245043,,0.0,1.3758707185245043,3.6574089133
10310,1.3759177655838362,,0.0,1.3759177655838362,3.6921373824
10315,1.3759597259413048,,0.0,1.3759597259413048,3.7183662342
10320,1.3759936077007215,,0.0,1.3759936077007215,3.6996438904
10325,1.376021265234481,,0.0,1.376021265234481,3.6651905005
10330,1.3760462262482223,,0.0,1.3760462262482223,3.6413427257
10335,1.3760735484775437,,0.0,1.3760735484775437,3.5822978394
10340,1.3761085779919577,,0.0,1.3761085779919577,3.5698788117
10345,1.3761542050399838,,0.0,1.3761542050399838,3.6216139745
10350,1.376208709450726,,0.0,1.376208709450726,3.6851316711
10355,1.3762658874609337,,0.0,1.3762658874609337,3.7208384161
10360,1.3763177350806155,,0.0,1.3763177350806155,3.7687624963
10365,1.376357241543746,,0.0,1.376357241543746,3.7784164684
10370,1.3763810392563753,,0.0,1.3763810392563753,3.7110433032
10375,1.3763912775020137,,0.0,1.3763912775020137,3.6670989589
10380,1.3763953467970678,,0.0,1.3763953467970678,3.7000052901
10385,1.3764027935186562,,0.0,1.3764027935186562,3.7765397389
10390,1.3764211168066762,,0.0,1.3764211168066762,3.825598618
10395,1.37645267654798,,0.0,1.37645267654798,3.8681562163
10400,1.376494450352078,,0.0,1.376494450352078,3.8654455735
10405,1.3765403621464525,,0.0,1.3765403621464525,3.8656505863
10410,1.376584412924794,,0.0,1.376584412924794,3.8919469257
10415,1.376621947157382,,0.0,1.376621947157382,3.8261022779
10420,1.3766495577206166,,0.0,1.3766495577206166,3.7273133615
10425,1.376667247404827,,0.0,1.376667247404827,3.7084448576
10430,1.3766805114956475,,0.0,1.3766805114956475,3.738992204
10435,1.3766978730505495,,0.0,1.3766978730505495,3.793258145
10440,1.376727077090493,,0.0,1.376727077090493,3.7741415381
10445,1.3767732887122759,,0.0,1.3767732887122759,3.8662479675
10450,1.3768381965959473,,0.0,1.3768381965959473,3.9542420014
10455,1.3769195223056634,,0.0,1.3769195223056634,3.9374214415
10460,1.37701092980333,,0.0,1.37701092980333,3.9556789938
10465,1.3771029303786106,,0.0,1.3771029303786106,3.9540639882
10470,1.3771867075909552,,0.0,1.3771867075909552,3.9426798692
10475,1.3772599028822385,,0.0,1.3772599028822385,3.9867020129
10480,1.377327886106199,,0.0,1.377327886106199,3.9641712226
10485,1.3773990473811013,,0.0,1.3773990473811013,3.9810136427
10490,1.377480333228986,,0.0,1.377480333228986,4.0048823132
10495,1.377575020159518,,0.0,1.377575020159518,4.0504384345
10500,1.3776814788203413,,0.0,1.3776814788203413,4.0996311569
10505,1.3777928658651202,,0.0,1.3777928658651202,4.0794864076
10510,1.3778985363911012,,0.0,1.3778985363911012,4.0171754181
10515,1.3779872382669642,,0.0,1.3779872382669642,3.9944591442
10520,1.378050903458043,,0.0,1.378050903458043,3.9874565483
10525,1.3780894028120043,,0.0,1.3780894028120043,4.0077530408
10530,1.3781101260480173,,0.0,1.3781101260480173,4.0419444874
10535,1.3781219705261503,,0.0,1.3781219705261503,3.9920203976
10540,1.3781308829008416,,0.0,1.3781308829008416,3.9665164914
10545,1.3781390227532408,,0.0,1.3781390227532408,3.9503629827
10550,1.378144792288275,,0.0,1.378144792288275,3.9432047369
10555,1.3781448241777403,,0.0,1.3781448241777403,3.9557263313
10560,1.3781346596764898,,0.0,1.3781346596764898,3.9175628336
10565,1.3781058961762194,,0.0,1.3781058961762194,3.8767118196
10570,1.3780465328739804,,0.0,1.3780465328739804,3.8793766105
10575,1.3779576573998418,,0.0,1.3779576573998418,3.8840395548
10580,1.3778518012505996,,0.0,1.3778518012505996,3.8204657958
10585,1.3777410231617309,,0.0,1.3777410231617309,3.8866315207
10590,1.377632787327593,,0.0,1.377632787327593,3.9323571371
10595,1.3775305561468583,,0.0,1.3775305561468583,3.9620806226
10600,1.377434816664669,,0.0,1.377434816664669,3.9681090293
10605,1.3773448721626498,,0.0,1.3773448721626498,3.9028964274
10610,1.3772587113456627,,0.0,1.3772587113456627,3.8909482669
10615,1.377171328232054,,0.0,1.377171328232054,3.8743599027
10620,1.3770771652852947,,0.0,1.3770771652852947,3.7934713133
10625,1.3769807516731007,,0.0,1.3769807516731007,3.805443416
10630,1.3768934665531607,,0.0,1.3768934665531607,3.8738235299
10635,1.3768245289040844,,0.0,1.3768245289040844,3.8196418434
10640,1.3767773572765296,,0.0,1.3767773572765296,3.7856834219
10645,1.3767488238454624,,0.0,1.3767488238454624,3.7971601126
10650,1.3767308553277415,,0.0,1.3767308553277415,3.7963321495
10655,1.3767141558114222,,0.0,1.3767141558114222,3.7953543051
10660,1.3766907536610327,,0.0,1.3766907536610327,3.7261901372
10665,1.3766541864764739,,0.0,1.3766541864764739,3.7222727797
10670,1.3766028646343471,,0.0,1.3766028646343471,3.7346234316
10675,1.3765457985694494,,0.0,1.3765457985694494,3.6396613657
10680,1.376496987756953,,0.0,1.376496987756953,3.6823318395
10685,1.3764666568230373,,0.0,1.3764666568230373,3.762529386
10690,1.376457796468036,,0.0,1.376457796468036,3.774113557
10695,1.3764676272593215,,0.0,1.3764676272593215,3.8660421504
10700,1.376490095579875,,0.0,1.376490095579875,3.9403011753
10705,1.3765170496851837,,0.0,1.3765170496851837,3.9294163379
10710,1.3765389432645654,,0.0,1.3765389432645654,3.9678174137
10715,1.3765480170132374,,0.0,1.3765480170132374,3.9395999284
10720,1.3765438782921602,,0.0,1.3765438782921602,3.943471641
10725,1.3765333830705824,,0.0,1.3765333830705824,4.029691676
10730,1.3765256154612513,,0.0,1.3765256154612513,4.0751150378
10735,1.376527659708836,,0.0,1.376527659708836,4.0597645472
10740,1.376543260765956,,0.0,1.376543260765956,4.0521740191
10745,1.3765729690580664,,0.0,1.3765729690580664,4.0389081288
10750,1.3766139527342303,,0.0,1.3766139527342303,4.0141075133
10755,1.3766593520383266,,0.0,1.3766593520383266,4.0227928471
10760,1.3766988034921297,,0.0,1.3766988034921297,3.9967656947
10765,1.376725178737211,,0.0,1.376725178737211,3.9056497935
10770,1.3767416503767278,,0.0,1.3767416503767278,3.8503832612
10775,1.3767579399141119,,0.0,1.3767579399141119,3.8613454997
10780,1.3767833830567031,,0.0,1.3767833830567031,3.841373479
10785,1.3768230209974406,,0.0,1.3768230209974406,3.8519528013
10790,1.3768771040021888,,0.0,1.3768771040021888,3.8537643421
10795,1.3769422850058415,,0.0,1.3769422850058415,3.884891836
10800,1.3770133303492507,,0.0,1.3770133303492507,3.9216574393
10805,1.3770847639468973,,0.0,1.3770847639468973,3.9229109868
10810,1.3771517217916824,,0.0,1.3771517217916824,3.9650312139
10815,1.3772107787557473,,0.0,1.3772107787557473,3.9028026943
10820,1.377263467260762,,0.0,1.377263467260762,3.9078562284
10825,1.3773164450297994,,0.0,1.3773164450297994,3.9352592127
10830,1.3773758260705533,,0.0,1.3773758260705533,3.8974308834
10835,1.377442864436238,,0.0,1.377442864436238,3.8642237104
10840,1.3775141823681372,,0.0,1.3775141823681372,3.8991324053
10845,1.377584859122479,,0.0,1.377584859122479,3.8922735608
10850,1.3776511955877502,,0.0,1.3776511955877502,3.7792021221
10855,1.3777110819436527,,0.0,1.3777110819436527,3.7248551514
10860,1.3777617504503634,,0.0,1.3777617504503634,3.662483244
10865,1.3777994129716116,,0.0,1.3777994129716116,3.5977028227
10870,1.3778252741983772,,0.0,1.3778252741983772,3.5547017891
10875,1.3778453549945415,,0.0,1.3778453549945415,3.5251277525
10880,1.377864384434904,,0.0,1.377864384434904,3.4939627296
10885,1.3778829639016268,,0.0,1.3778829639016268,3.4670398891
10890,1.3778990421713044,,0.0,1.3778990421713044,3.4233503509
10895,1.3779101046267428,,0.0,1.3779101046267428,3.4373922741
10900,1.377913475476075,,0.0,1.377913475476075,3.5131094075
10905,1.3779058532295556,,0.0,1.3779058532295556,3.5444094689
10910,1.3778849894805874,,0.0,1.3778849894805874,3.5307955601
10915,1.3778531883094582,,0.0,1.3778531883094582,3.502027392
10920,1.377817232937574,,0.0,1.377817232937574,3.4935867493
10925,1.3777846611043723,,0.0,1.3777846611043723,3.4985395902
10930,1.3777607087278372,,0.0,1.3777607087278372,3.4971660309
10935,1.3777475684080032,,0.0,1.3777475684080032,3.5256305157
10940,1.3777446269370308,,0.0,1.3777446269370308,3.5321651839
10945,1.3777484173985748,,0.0,1.3777484173985748,3.5029798913
10950,1.3777527720379048,,0.0,1.3777527720379048,3.4943484629
10955,1.377750987623024,,0.0,1.377750987623024,3.4685424429
10960,1.3777399623055255,,0.0,1.3777399623055255,3.4741182651
10965,1.3777216892434134,,0.0,1.3777216892434134,3.4909853132
10970,1.377700358114472,,0.0,1.377700358114472,3.5270477121
10975,1.3776789233447693,,0.0,1.3776789233447693,3.5852377662
10980,1.377657288136491,,0.0,1.377657288136491,3.6160055924
10985,1.3776329386696793,,0.0,1.3776329386696793,3.6353430609
10990,1.377602471341864,,0.0,1.377602471341864,3.6541009594
10995,1.377562620007456,,0.0,1.377562620007456,3.6254844735
11000,1.3775114255238807,,0.0,1.3775114255238807,3.5202835164
11005,1.3774490402962067,,0.0,1.3774490402962067,3.4602328057
11010,1.3773785287027194,,0.0,1.3773785287027194,3.4289252626
11015,1.377305548133834,,0.0,1.377305548133834,3.3940058806
11020,1.3772357199050091,,0.0,1.3772357199050091,3.3732263044
11025,1.3771721623408748,,0.0,1.3771721623408748,3.3028688993
11030,1.3771150799990626,,0.0,1.3771150799990626,3.2555220998
11035,1.3770632297883616,,0.0,1.3770632297883616,3.2685257353
11040,1.3770159751153248,,0.0,1.3770159751153248,3.3292844733
11045,1.3769744568920022,,0.0,1.3769744568920022,3.381818245
11050,1.3769402484648774,,0.0,1.3769402484648774,3.4205331941
11055,1.3769131770993481,,0.0,1.3769131770993481,3.4121623907
11060,1.3768925346499796,,0.0,1.3768925346499796,3.4019033695
11065,1.3768790349092996,,0.0,1.3768790349092996,3.4054508464
11070,1.3768730675931455,,0.0,1.3768730675931455,3.379982971
11075,1.3768728560596937,,0.0,1.3768728560596937,3.3278367893
11080,1.376874617819767,,0.0,1.376874617819767,3.2846214552
11085,1.376874229631966,,0.0,1.376874229631966,3.2898170262
11090,1.3768686886380983,,0.0,1.3768686886380983,3.2861828727
11095,1.376856439429504,,0.0,1.376856439429504,3.2784844813
11100,1.3768360706316083,,0.0,1.3768360706316083,3.2424993148
11105,1.3768068320447444,,0.0,1.3768068320447444,3.1866809812
11110,1.3767726817494572,,0.0,1.3767726817494572,3.1484030891
11115,1.3767411689786777,,0.0,1.3767411689786777,3.0924660664
11120,1.376718243509355,,0.0,1.376718243509355,3.0632186486
11125,1.3767055394108287,,0.0,1.3767055394108287,3.0528119093
11130,1.3767007676174334,,0.0,1.3767007676174334,3.0115248832
11135,1.3766994068009475,,0.0,1.3766994068009475,3.0078374678
11140,1.3766964261325076,,0.0,1.3766964261325076,3.0157739864
11145,1.3766875415282256,,0.0,1.3766875415282256,3.0471533806
11150,1.3766699168852368,,0.0,1.3766699168852368,3.0420252619
11155,1.3766431951744045,,0.0,1.3766431951744045,3.031676107
11160,1.3766103462350383,,0.0,1.3766103462350383,3.0376331951
11165,1.3765766467770635,,0.0,1.3765766467770635,3.096404315
11170,1.3765473295959556,,0.0,1.3765473295959556,3.1836329624
11175,1.3765256376510042,,0.0,1.3765256376510042,3.2558719533
11180,1.3765122928399753,,0.0,1.3765122928399753,3.2777221685
11185,1.376506126347537,,0.0,1.376506126347537,3.2907924168
11190,1.3765048893684737,,0.0,1.3765048893684737,3.297663492
11195,1.3765055109472975,,0.0,1.3765055109472975,3.2841355923
11200,1.3765041385044436,,0.0,1.3765041385044436,3.3376398012
11205,1.3764968718918964,,0.0,1.3764968718918964,3.3295645172
11210,1.376481135171677,,0.0,1.376481135171677,3.2370043755
11215,1.3764564356515496,,0.0,1.3764564356515496,3.2129297657
11220,1.3764238393697579,,0.0,1.3764238393697579,3.1740235811
11225,1.3763848568904007,,0.0,1.3763848568904007,3.1353180328
11230,1.376340654105609,,0.0,1.376340654105609,3.1540384619
11235,1.3762921209307677,,0.0,1.3762921209307677,3.1781981611
11240,1.3762406685411435,,0.0,1.3762406685411435,3.1652933429
11245,1.3761888199249157,,0.0,1.3761888199249157,3.1773700454
11250,1.3761398276082137,,0.0,1.3761398276082137,3.1513761544
11255,1.3760964893601078,,0.0,1.3760964893601078,3.1257490544
11260,1.3760602312376147,,0.0,1.3760602312376147,3.0979893048
11265,1.3760310011546082,,0.0,1.3760310011546082,3.0834753383
11270,1.376007932979929,,0.0,1.376007932979929,3.0542371716
11275,1.3759902899340615,,0.0,1.3759902899340615,3.062498341
11280,1.375977649747338,,0.0,1.375977649747338,3.0906733776
11285,1.3759692371735759,,0.0,1.3759692371735759,3.1244327897
11290,1.3759639087097055,,0.0,1.3759639087097055,3.1199803723
11295,1.3759615626416208,,0.0,1.3759615626416208,3.123621107
11300,1.375964091409766,,0.0,1.375964091409766,3.0840591363
11305,1.3759738165007618,,0.0,1.3759738165007618,3.0441542578
11310,1.3759910485711484,,0.0,1.3759910485711484,3.0508832818
11315,1.3760135911011446,,0.0,1.3760135911011446,3.0721034744
11320,1.3760381854524737,,0.0,1.3760381854524737,3.0866826389
11325,1.3760617053945745,,0.0,1.3760617053945745,3.0689419549
11330,1.3760813169505475,,0.0,1.3760813169505475,3.0654706086
11335,1.3760946211689449,,0.0,1.3760946211689449,3.0558934116
11340,1.3760997220217581,,0.0,1.3760997220217581,3.0461239343
11345,1.3760954415918705,,0.0,1.3760954415918705,3.0466454819
11350,1.376081567880776,,0.0,1.376081567880776,3.0537379912
11355,1.3760590767725422,,0.0,1.3760590767725422,3.0602254654
11360,1.376030163591095,,0.0,1.376030163591095,3.0902612299
11365,1.3759976180667015,,0.0,1.3759976180667015,3.0984168402
11370,1.3759637260096453,,0.0,1.3759637260096453,3.0990149171
11375,1.3759294450339874,,0.0,1.3759294450339874,3.1248553701
11380,1.375894482354577,,0.0,1.375894482354577,3.1541758419
11385,1.375858259576241,,0.0,1.375858259576241,3.1564583256
11390,1.3758204388699586,,0.0,1.3758204388699586,3.1496342036
11395,1.3757803468365257,,0.0,1.3757803468365257,3.1589330042
11400,1.3757368558511691,,0.0,1.3757368558511691,3.124257393
11405,1.3756898110506743,,0.0,1.3756898110506743,3.1186024292
11410,1.3756412826592532,,0.0,1.3756412826592532,3.1302211518
11415,1.3755946467747118,,0.0,1.3755946467747118,3.0901979984
11420,1.3755523814077968,,0.0,1.3755523814077968,3.0595492864
11425,1.3755152851902994,,0.0,1.3755152851902994,2.9952561222
11430,1.3754839451541228,,0.0,1.3754839451541228,2.9553291048
11435,1.375460102729806,,0.0,1.375460102729806,2.9969962853
11440,1.3754461568023604,,0.0,1.3754461568023604,3.0202117556
11445,1.3754438222277705,,0.0,1.3754438222277705,2.9975577713
11450,1.375453167435514,,0.0,1.375453167435514,2.9989667739
11455,1.375472138611166,,0.0,1.375472138611166,2.9833639581
11460,1.3754966946951366,,0.0,1.3754966946951366,2.9636316683
11465,1.3755212546324178,,0.0,1.3755212546324178,3.0112686259
11470,1.3755396969744407,,0.0,1.3755396969744407,3.0827555916
11475,1.3755472135206706,,0.0,1.3755472135206706,3.0951497898
11480,1.3755419806587592,,0.0,1.3755419806587592,3.079663669
11485,1.3755251404966113,,0.0,1.3755251404966113,3.0305581162
11490,1.3754994894745696,,0.0,1.3754994894745696,2.9887793847
11495,1.3754683286837615,,0.0,1.3754683286837615,2.9792718
11500,1.3754350379424305,,0.0,1.3754350379424305,2.9493959267
11505,1.3754029097714118,,0.0,1.3754029097714118,2.9607881364
11510,1.3753748738159999,,0.0,1.3753748738159999,3.01963102
11515,1.375353206452511,,0.0,1.375353206452511,3.0414472897
11520,1.3753392880961655,,0.0,1.3753392880961655,3.0533826577
11525,1.3753333039051694,,0.0,1.3753333039051694,3.083226656
11530,1.3753342399938424,,0.0,1.3753342399938424,3.0976368697
11535,1.375340296334753,,0.0,1.375340296334753,3.0742564248
11540,1.3753494850183718,,0.0,1.3753494850183718,3.09050376
11545,1.3753601682549212,,0.0,1.3753601682549212,3.1247926615
11550,1.3753713257808273,,0.0,1.3753713257808273,3.172844375
11555,1.3753824155416197,,0.0,1.3753824155416197,3.2493966754
11560,1.3753929261764393,,0.0,1.3753929261764393,3.2174658012
11565,1.3754019641158992,,0.0,1.3754019641158992,3.1782874025
11570,1.375407971360321,,0.0,1.375407971360321,3.197333057
11575,1.375409042647039,,0.0,1.375409042647039,3.1782822971
11580,1.3754040270985446,,0.0,1.3754040270985446,3.2303796679
11585,1.3753935392514054,,0.0,1.3753935392514054,3.2379446514
11590,1.375380217095184,,0.0,1.375380217095184,3.2524455701
11595,1.3753682659866522,,0.0,1.3753682659866522,3.2776463165
11600,1.375362404437224,,0.0,1.375362404437224,3.2596883513
11605,1.375366492533775,,0.0,1.375366492533775,3.2003272
11610,1.3753820674813957,,0.0,1.3753820674813957,3.151024057
11615,1.3754073632016472,,0.0,1.3754073632016472,3.2054297689
11620,1.3754378513240515,,0.0,1.3754378513240515,3.1991377074
11625,1.3754684565738033,,0.0,1.3754684565738033,3.188204786
11630,1.3754959054973124,,0.0,1.3754959054973124,3.1953509641
11635,1.37551923084724,,0.0,1.37551923084724,3.2027348292
11640,1.375538695977419,,0.0,1.375538695977419,3.2569102712
11645,1.3755549643215959,,0.0,1.3755549643215959,3.2697983046
11650,1.3755691855614236,,0.0,1.3755691855614236,3.2512421485
11655,1.37558272084557,,0.0,1.37558272084557,3.2315226084
11660,1.3755958453535444,,0.0,1.3755958453535444,3.2328058967
11665,1.3756069883298818,,0.0,1.3756069883298818,3.20034727
11670,1.375613596092793,,0.0,1.375613596092793,3.1994043286
11675,1.3756135240093148,,0.0,1.3756135240093148,3.2028604856
11680,1.3756060034104656,,0.0,1.3756060034104656,3.1520022974
11685,1.3755917095556682,,0.0,1.3755917095556682,3.1387899859
11690,1.375572292458996,,0.0,1.375572292458996,3.1266095898
11695,1.3755500397245137,,0.0,1.3755500397245137,3.0830553271
11700,1.3755280031740305,,0.0,1.3755280031740305,3.071578525
11705,1.3755098384032265,,0.0,1.3755098384032265,3.1179774607
11710,1.3754985779009228,,0.0,1.3754985779009228,3.1567039676
11715,1.3754952119014465,,0.0,1.3754952119014465,3.1546861726
11720,1.3754983193969466,,0.0,1.3754983193969466,3.1572148522
11725,1.3755051175665387,,0.0,1.3755051175665387,3.1561538691
11730,1.3755127341659654,,0.0,1.3755127341659654,3.1738715517
11735,1.3755184931376143,,0.0,1.3755184931376143,3.2407584243
11740,1.3755199199918677,,0.0,1.3755199199918677,3.2764879908
11745,1.37551530704787,,0.0,1.37551530704787,3.2466238543
11750,1.3755044612414855,,0.0,1.3755044612414855,3.1990727195
11755,1.3754885925121678,,0.0,1.3754885925121678,3.0947869318
11760,1.3754693133374323,,0.0,1.3754693133374323,3.084416348
11765,1.3754480901676176,,0.0,1.3754480901676176,3.1471998435
11770,1.3754266065007348,,0.0,1.3754266065007348,3.1528608709
11775,1.375407126422369,,0.0,1.375407126422369,3.1419814064
11780,1.3753924890914584,,0.0,1.3753924890914584,3.1734808192
11785,1.3753844704854628,,0.0,1.3753844704854628,3.1422114466
11790,1.37538300722407,,0.0,1.37538300722407,3.1628023761
11795,1.3753866927825609,,0.0,1.3753866927825609,3.2495679227
11800,1.3753936278111074,,0.0,1.3753936278111074,3.2145785928
11805,1.3754015860928652,,0.0,1.3754015860928652,3.1507680274
11810,1.3754076692740758,,0.0,1.3754076692740758,3.2111290278
11815,1.375408327990839,,0.0,1.375408327990839,3.1871299946
11820,1.3754000621750524,,0.0,1.3754000621750524,3.1544112126
11825,1.375380367507161,,0.0,1.375380367507161,3.190236911
11830,1.375348460901488,,0.0,1.375348460901488,3.1549362583
11835,1.375305373317865,,0.0,1.375305373317865,3.1045408431
11840,1.3752534387993904,,0.0,1.3752534387993904,3.0798758022
11845,1.3751951541583083,,0.0,1.3751951541583083,3.0785194305
11850,1.3751325007269455,,0.0,1.3751325007269455,3.091375029
11855,1.375066738604228,,0.0,1.375066738604228,3.1073561329
11860,1.374998359618718,,0.0,1.374998359618718,3.1346425503
11865,1.374927525675888,,0.0,1.374927525675888,3.1802453655
11870,1.3748547187052784,,0.0,1.3748547187052784,3.1608998922
11875,1.3747812747426038,,0.0,1.3747812747426038,3.1193073201
11880,1.3747097957689058,,0.0,1.3747097957689058,3.1643731532
11885,1.3746441029393388,,0.0,1.3746441029393388,3.1780622289
11890,1.3745887702661772,,0.0,1.3745887702661772,3.1252081093
11895,1.3745473308364082,,0.0,1.3745473308364082,3.1538131216
11900,1.3745215618233455,,0.0,1.3745215618233455,3.2092937655
11905,1.3745110030885828,,0.0,1.3745110030885828,3.21598022
11910,1.3745130004320796,,0.0,1.3745130004320796,3.2532150798
11915,1.3745224733969923,,0.0,1.3745224733969923,3.2810876191
11920,1.3745325074836177,,0.0,1.3745325074836177,3.3152704358
11925,1.3745363375412474,,0.0,1.3745363375412474,3.2922634485
11930,1.3745281273991519,,0.0,1.3745281273991519,3.2723816647
11935,1.3745046006141033,,0.0,1.3745046006141033,3.256053421
11940,1.3744666330834088,,0.0,1.3744666330834088,3.2667954696
11945,1.3744192863295415,,0.0,1.3744192863295415,3.2191307347
11950,1.3743699561838187,,0.0,1.3743699561838187,3.1322994524
11955,1.3743258466757124,,0.0,1.3743258466757124,3.0647397543
11960,1.3742924385412887,,0.0,1.3742924385412887,3.059257603
11965,1.374272881463152,,0.0,1.374272881463152,3.0832618876
11970,1.3742676818194333,,0.0,1.3742676818194333,3.1263791986
11975,1.3742751850783859,,0.0,1.3742751850783859,3.1506217906
11980,1.374292783412566,,0.0,1.374292783412566,3.1363696247
11985,1.3743181103579192,,0.0,1.3743181103579192,3.101884354
11990,1.37435023095519,,0.0,1.37435023095519,3.0613204507
11995,1.3743898254465314,,0.0,1.3743898254465314,3.1318269378
12000,1.374437708674212,,0.0,1.374437708674212,3.1455243247
12005,1.374493588849627,,0.0,1.374493588849627,3.1310331526
12010,1.3745564570698248,,0.0,1.3745564570698248,3.105441117
12015,1.3746251643839518,,0.0,1.3746251643839518,3.0756329156
12020,1.374697789983229,,0.0,1.374697789983229,3.0606168448
12025,1.3747711600686425,,0.0,1.3747711600686425,3.0563399166
12030,1.3748412163071428,,0.0,1.3748412163071428,3.053111432
12035,1.37490358273332,,0.0,1.37490358273332,3.0355714567
12040,1.3749547257286963,,0.0,1.3749547257286963,3.0524014614
12045,1.3749939147587766,,0.0,1.3749939147587766,3.0601480803
12050,1.3750242397134178,,0.0,1.3750242397134178,3.0762968573
12055,1.3750513747250044,,0.0,1.3750513747250044,3.0936087348
12060,1.375081086006752,,0.0,1.375081086006752,3.0824840826
12065,1.3751175115489365,,0.0,1.3751175115489365,3.0548625549
12070,1.3751627469544696,,0.0,1.3751627469544696,3.0637363555
12075,1.3752169605067155,,0.0,1.3752169605067155,3.115711396
12080,1.375278662303291,,0.0,1.375278662303291,3.0975289406
12085,1.375345221596199,,0.0,1.375345221596199,3.0616392247
12090,1.3754136450940873,,0.0,1.3754136450940873,3.0498855004
12095,1.3754812150837294,,0.0,1.3754812150837294,2.9980409214
12100,1.3755454857760268,,0.0,1.3755454857760268,2.9838827867
12105,1.3756039378368008,,0.0,1.3756039378368008,3.0270669721
12110,1.3756544403189839,,0.0,1.3756544403189839,3.0533590343
12115,1.3756955468360248,,0.0,1.3756955468360248,3.0760048571
12120,1.3757273699311614,,0.0,1.3757273699311614,3.0804522753
12125,1.375751963352381,,0.0,1.375751963352381,3.118536743
12130,1.3757720497292014,,0.0,1.3757720497292014,3.1554486673
12135,1.3757913204000798,,0.0,1.3757913204000798,3.1649241563
12140,1.375813578117291,,0.0,1.375813578117291,3.2022361282
12145,1.375841951303796,,0.0,1.375841951303796,3.1839846155
12150,1.3758786485043617,,0.0,1.3758786485043617,3.1937406951
12155,1.3759241801497382,,0.0,1.3759241801497382,3.1987475831
12160,1.3759767125292466,,0.0,1.3759767125292466,3.1855133161
12165,1.3760328640308601,,0.0,1.3760328640308601,3.2229637692
12170,1.3760886456811154,,0.0,1.3760886456811154,3.1890592024
12175,1.376140864879502,,0.0,1.376140864879502,3.1171507421
12180,1.3761855133860046,,0.0,1.3761855133860046,3.1542937546
12185,1.3762185676138023,,0.0,1.3762185676138023,3.2451959449
12190,1.3762368644601406,,0.0,1.3762368644601406,3.277505692
12195,1.37623915897359,,0.0,1.37623915897359,3.335615547
12200,1.3762267695842225,,0.0,1.3762267695842225,3.3464580927
12205,1.376203243197792,,0.0,1.376203243197792,3.3551674284
12210,1.3761716778093953,,0.0,1.3761716778093953,3.3276959659
12215,1.3761334490508328,,0.0,1.3761334490508328,3.3732998055
12220,1.3760890450302292,,0.0,1.3760890450302292,3.4828762206
12225,1.3760376728957586,,0.0,1.3760376728957586,3.5170542695
12230,1.3759782650811416,,0.0,1.3759782650811416,3.5071083092
12235,1.375910481232774,,0.0,1.375910481232774,3.5429095134
12240,1.37583440160581,,0.0,1.37583440160581,3.493941817
12245,1.3757501904309948,,0.0,1.3757501904309948,3.454212842
12250,1.3756588911582004,,0.0,1.3756588911582004,3.4630895788
12255,1.3755627632224647,,0.0,1.3755627632224647,3.4418339636
12260,1.3754654614886683,,0.0,1.3754654614886683,3.3957588031
12265,1.375371197757912,,0.0,1.375371197757912,3.4384365486
12270,1.3752839063265152,,0.0,1.3752839063265152,3.4599953153
12275,1.3752069226996524,,0.0,1.3752069226996524,3.4513327259
12280,1.375142382674248,,0.0,1.375142382674248,3.4356123597
12285,1.3750908726842774,,0.0,1.3750908726842774,3.4051683139
12290,1.375051672559321,,0.0,1.375051672559321,3.4424960864
12295,1.375023296981106,,0.0,1.375023296981106,3.4512477093
12300,1.3750043957629678,,0.0,1.3750043957629678,3.3599702698
12305,1.3749937327895163,,0.0,1.3749937327895163,3.2878024089
12310,1.374989382601424,,0.0,1.374989382601424,3.2260623037
12315,1.3749892240177717,,0.0,1.3749892240177717,3.1520229172
12320,1.374991493949758,,0.0,1.374991493949758,3.1307065474
12325,1.3749958232768256,,0.0,1.3749958232768256,3.1686556888
12330,1.3750034697726257,,0.0,1.3750034697726257,3.1633491151
12335,1.3750168169753643,,0.0,1.3750168169753643,3.1776729496
12340,1.3750384658695376,,0.0,1.3750384658695376,3.2280239564
12345,1.3750698280954672,,0.0,1.3750698280954672,3.2519537686
12350,1.375110997793511,,0.0,1.375110997793511,3.2648498547
12355,1.375160820099978,,0.0,1.375160820099978,3.2913225456
12360,1.37521747711605,,0.0,1.37521747711605,3.3255166666
12365,1.3752791486176335,,0.0,1.3752791486176335,3.3236027118
12370,1.3753436410081494,,0.0,1.3753436410081494,3.3438222474
12375,1.375408497868677,,0.0,1.375408497868677,3.3692766092
12380,1.3754710820733258,,0.0,1.3754710820733258,3.3516746866
12385,1.3755293502381847,,0.0,1.3755293502381847,3.3753289018
12390,1.3755816876933378,,0.0,1.3755816876933378,3.3416552322
12395,1.3756270270053779,,0.0,1.3756270270053779,3.3408353484
12400,1.3756661470744895,,0.0,1.3756661470744895,3.3443408619
12405,1.3757013705831498,,0.0,1.3757013705831498,3.3641189256
12410,1.3757354177691665,,0.0,1.3757354177691665,3.3923155688
12415,1.3757703823087957,,0.0,1.3757703823087957,3.3908243118
12420,1.375807482645349,,0.0,1.375807482645349,3.3875985859
12425,1.3758470632514856,,0.0,1.3758470632514856,3.4583688372
12430,1.3758884429549443,,0.0,1.3758884429549443,3.4759978555
12435,1.3759298642475803,,0.0,1.3759298642475803,3.5380009336
12440,1.3759686449596347,,0.0,1.3759686449596347,3.5954767274
12445,1.376001464799864,,0.0,1.376001464799864,3.5734770493
12450,1.3760251948802529,,0.0,1.3760251948802529,3.5370833783
12455,1.376038157814937,,0.0,1.376038157814937,3.5134257062
12460,1.3760410415526902,,0.0,1.3760410415526902,3.438359877
12465,1.3760367775325901,,0.0,1.3760367775325901,3.4491755193
12470,1.376029505605132,,0.0,1.376029505605132,3.3887672566
12475,1.3760237079675066,,0.0,1.3760237079675066,3.3896756656
12480,1.3760233984403862,,0.0,1.3760233984403862,3.4669404578
12485,1.376030748364161,,0.0,1.376030748364161,3.5085168832
12490,1.3760456510419956,,0.0,1.3760456510419956,3.5110862692
12495,1.376065418922784,,0.0,1.376065418922784,3.5317804553
12500,1.3760860763203386,,0.0,1.3760860763203386,3.4434702075
12505,1.3761044332916061,,0.0,1.3761044332916061,3.352815951
12510,1.3761208374981917,,0.0,1.3761208374981917,3.3654569388
12515,1.376139002534741,,0.0,1.376139002534741,3.3696021183
12520,1.3761642759323671,,0.0,1.3761642759323671,3.3638146856
12525,1.376201233364255,,0.0,1.376201233364255,3.3528311251
12530,1.3762521144673994,,0.0,1.3762521144673994,3.3308933945
12535,1.3763151637931839,,0.0,1.3763151637931839,3.373160269
12540,1.376385599383446,,0.0,1.376385599383446,3.4312823398
12545,1.3764574450859925,,0.0,1.3764574450859925,3.478008378
12550,1.3765251902683835,,0.0,1.3765251902683835,3.4717227466
12555,1.3765852816469721,,0.0,1.3765852816469721,3.4854629772
12560,1.3766367570900222,,0.0,1.3766367570900222,3.4240693788
12565,1.3766803277990414,,0.0,1.3766803277990414,3.3356267135
12570,1.376716822036449,,0.0,1.376716822036449,3.3374921458
12575,1.37674655603944,,0.0,1.37674655603944,3.3598595672
12580,1.3767697659229297,,0.0,1.3767697659229297,3.3985515031
12585,1.3767868227341309,,0.0,1.3767868227341309,3.4406553952
12590,1.3767978008817958,,0.0,1.3767978008817958,3.5148862279
12595,1.3768021421009762,,0.0,1.3768021421009762,3.5118708393
12600,1.3767986789715043,,0.0,1.3767986789715043,3.4671488637
12605,1.3767859880273823,,0.0,1.3767859880273823,3.4087914505
12610,1.3767633696270338,,0.0,1.3767633696270338,3.4072188101
12615,1.3767316532951692,,0.0,1.3767316532951692,3.4212580682
12620,1.3766944056027126,,0.0,1.3766944056027126,3.4184664943
12625,1.3766576667465333,,0.0,1.3766576667465333,3.5149789979
12630,1.3766275262192984,,0.0,1.3766275262192984,3.5828180767
12635,1.3766072647826015,,0.0,1.3766072647826015,3.6003263276
12640,1.3765966040679871,,0.0,1.3765966040679871,3.673322853
12645,1.3765914234915113,,0.0,1.3765914234915113,3.7437500874
12650,1.3765849143866327,,0.0,1.3765849143866327,3.7288559545
12655,1.3765704745710963,,0.0,1.3765704745710963,3.8315088718
12660,1.3765454573521732,,0.0,1.3765454573521732,3.8536472191
12665,1.3765137458037284,,0.0,1.3765137458037284,3.8449371654
12670,1.376484234628374,,0.0,1.376484234628374,3.8211496197
12675,1.3764672148222397,,0.0,1.3764672148222397,3.7962792569
12680,1.3764709365885606,,0.0,1.3764709365885606,3.8321162162
12685,1.3764985351932464,,0.0,1.3764985351932464,3.9049409478
12690,1.3765466104220814,,0.0,1.3765466104220814,3.8972925298
12695,1.3766062873040603,,0.0,1.3766062873040603,3.9900341588
12700,1.3766656516692815,,0.0,1.3766656516692815,4.0196677452
12705,1.376713466799667,,0.0,1.376713466799667,4.0450864907
12710,1.3767448296899603,,0.0,1.3767448296899603,4.0778865857
12715,1.3767658446481426,,0.0,1.3767658446481426,3.9954955603
12720,1.3767876764416858,,0.0,1.3767876764416858,3.9378933098
12725,1.3768194558216802,,0.0,1.3768194558216802,3.9737887633
12730,1.3768642424494286,,0.0,1.3768642424494286,3.9891360896
12735,1.376918469156079,,0.0,1.376918469156079,3.9934807332
12740,1.3769739746967153,,0.0,1.3769739746967153,4.0323577809
12745,1.3770228075660922,,0.0,1.3770228075660922,4.0843143755
12750,1.3770585545934708,,0.0,1.3770585545934708,4.0373771323
12755,1.3770758772830873,,0.0,1.3770758772830873,3.9568579578
12760,1.377064827583435,,0.0,1.377064827583435,3.8474154595
12765,1.3770318926753857,,0.0,1.3770318926753857,3.8346760467
12770,1.3769995444670577,,0.0,1.3769995444670577,3.7918263227
12775,1.3769813108681583,,0.0,1.3769813108681583,3.769034576
12780,1.3769783403644857,,0.0,1.3769783403644857,3.7312646256
12785,1.3769844022196167,,0.0,1.3769844022196167,3.7196290965
12790,1.3769942509487263,,0.0,1.3769942509487263,3.7788564341
12795,1.377007364295388,,0.0,1.377007364295388,3.7789310685
12800,1.3770009729822208,,0.0,1.3770009729822208,3.713507737
12805,1.3769711032496936,,0.0,1.3769711032496936,3.7368880455
12810,1.376920294296464,,0.0,1.376920294296464,3.7384968347
12815,1.376845296851785,,0.0,1.376845296851785,3.7199400273
12820,1.3767755123381016,,0.0,1.3767755123381016,3.7567786263
12825,1.3767257326173576,,0.0,1.3767257326173576,3.7115544967
12830,1.3766962133367646,,0.0,1.3766962133367646,3.7267137436
12835,1.376681719043392,,0.0,1.376681719043392,3.778591996
12840,1.3766828925092707,,0.0,1.3766828925092707,3.8733038674
12845,1.3766883244145933,,0.0,1.3766883244145933,3.9502936407
12850,1.3766814790751671,,0.0,1.3766814790751671,3.9003987536
12855,1.3766629366135112,,0.0,1.3766629366135112,3.8582534784
12860,1.376620978581316,,0.0,1.376620978581316,3.8171889403
12865,1.376579905481777,,0.0,1.376579905481777,3.7896402723
12870,1.376566152086977,,0.0,1.376566152086977,3.8041793243
12875,1.3765868393809053,,0.0,1.3765868393809053,3.8673235865
12880,1.376637796354402,,0.0,1.376637796354402,3.8398181209
12885,1.37671395457561,,0.0,1.37671395457561,3.8363908384
12890,1.3768108340397396,,0.0,1.3768108340397396,3.8785639003
12895,1.3768942965429258,,0.0,1.3768942965429258,3.8253389225
12900,1.3769528075992103,,0.0,1.3769528075992103,3.8775528251
12905,1.3769805410033222,,0.0,1.3769805410033222,3.8724849605
12910,1.3769615339520216,,0.0,1.3769615339520216,3.82955359
12915,1.3769250789120817,,0.0,1.3769250789120817,3.7907378158
12920,1.3768946970878946,,0.0,1.3768946970878946,3.8128784599
12925,1.376879914194863,,0.0,1.376879914194863,3.8737404343
12930,1.376882029795126,,0.0,1.376882029795126,3.9024186694
12935,1.3769011655337053,,0.0,1.3769011655337053,3.8847791236
12940,1.3769354808569745,,0.0,1.3769354808569745,3.8939652403
12945,1.376953243820518,,0.0,1.376953243820518,3.8890898368
12950,1.3769436834917583,,0.0,1.3769436834917583,3.8593568041
12955,1.3769043726837835,,0.0,1.3769043726837835,3.8889450561
12960,1.376826585176655,,0.0,1.376826585176655,3.8805721199
12965,1.3767324081453822,,0.0,1.3767324081453822,3.8734478644
12970,1.3766495482202135,,0.0,1.3766495482202135,3.8777073413
12975,1.3765903183222368,,0.0,1.3765903183222368,3.8130302195
12980,1.3765553213616515,,0.0,1.3765553213616515,3.7880694369
12985,1.3765392734534019,,0.0,1.3765392734534019,3.7778641116
12990,1.3765358818759175,,0.0,1.3765358818759175,3.7688746235
12995,1.376540968179162,,0.0,1.376540968179162,3.7459696127
13000,1.376532353904533,,0.0,1.376532353904533,3.6423259899
13005,1.3765103889724732,,0.0,1.3765103889724732,3.5657718761
13010,1.3764808654399514,,0.0,1.3764808654399514,3.6161633295
13015,1.3764432724111626,,0.0,1.3764432724111626,3.5632302639
13020,1.376398353575007,,0.0,1.376398353575007,3.5063997545
13025,1.3763650308777753,,0.0,1.3763650308777753,3.6067395441
13030,1.3763486901843742,,0.0,1.3763486901843742,3.5596800065
13035,1.3763459516101235,,0.0,1.3763459516101235,3.5404724294
13040,1.3763553042587422,,0.0,1.3763553042587422,3.5663564897
13045,1.3763747588255357,,0.0,1.3763747588255357,3.6029712388
13050,1.3763847234861384,,0.0,1.3763847234861384,3.5832571704
13055,1.3763852394975453,,0.0,1.3763852394975453,3.5440540307
13060,1.3763783628665816,,0.0,1.3763783628665816,3.6328063067
13065,1.376356254431929,,0.0,1.376356254431929,3.7239346653
13070,1.3763307483740805,,0.0,1.3763307483740805,3.7090526149
13075,1.3763140052090557,,0.0,1.3763140052090557,3.684318898
13080,1.3763084965032713,,0.0,1.3763084965032713,3.6704784239
13085,1.376310720129097,,0.0,1.376310720129097,3.6541347441
13090,1.3763167770679354,,0.0,1.3763167770679354,3.5927786462
13095,1.3763177810545943,,0.0,1.3763177810545943,3.6523320125
13100,1.3763010420086255,,0.0,1.3763010420086255,3.6904734753
13105,1.3762690368113562,,0.0,1.3762690368113562,3.6826599536
13110,1.3762256521242167,,0.0,1.3762256521242167,3.700759473
13115,1.3761761738917904,,0.0,1.3761761738917904,3.7018030305
13120,1.376134097137774,,0.0,1.376134097137774,3.7691240978
13125,1.3760979138226512,,0.0,1.3760979138226512,3.7402876532
13130,1.376064328701696,,0.0,1.376064328701696,3.769399957
13135,1.376028683720606,,0.0,1.376028683720606,3.7539779026
13140,1.3759860631847733,,0.0,1.3759860631847733,3.7337663922
13145,1.375933938126745,,0.0,1.375933938126745,3.765132495
13150,1.3758728456846983,,0.0,1.3758728456846983,3.7397736028
13155,1.375799830103838,,0.0,1.375799830103838,3.6995503985
13160,1.3757225393415644,,0.0,1.3757225393415644,3.7578706333
13165,1.3756522066612635,,0.0,1.3756522066612635,3.7206703913
13170,1.3755950529667733,,0.0,1.3755950529667733,3.6793158209
13175,1.3755511463553887,,0.0,1.3755511463553887,3.6989454881
13180,1.3755185095474016,,0.0,1.3755185095474016,3.7364453525
13185,1.3754961853938046,,0.0,1.3754961853938046,3.7043489832
13190,1.3754699604278278,,0.0,1.3754699604278278,3.684978263
13195,1.3754403672699738,,0.0,1.3754403672699738,3.6988216494
13200,1.375412957743242,,0.0,1.375412957743242,3.5924495153
13205,1.3753941389062219,,0.0,1.3753941389062219,3.5891168848
13210,1.3753884263071703,,0.0,1.3753884263071703,3.6091025201
13215,1.3753976884694312,,0.0,1.3753976884694312,3.6155666006
13220,1.375420264284057,,0.0,1.375420264284057,3.6107679373
13225,1.3754519947668715,,0.0,1.3754519947668715,3.5677192372
13230,1.3754879158575808,,0.0,1.3754879158575808,3.6184113033
13235,1.375523687267113,,0.0,1.375523687267113,3.647279419
13240,1.3755561769185058,,0.0,1.3755561769185058,3.587212253
13245,1.3755835119036135,,0.0,1.3755835119036135,3.6139161995
13250,1.3756050082598454,,0.0,1.3756050082598454,3.7023522772
13255,1.3756200229494264,,0.0,1.3756200229494264,3.7227925013
13260,1.375624110248741,,0.0,1.375624110248741,3.7406599803
13265,1.3756215982890017,,0.0,1.3756215982890017,3.7244021469
13270,1.3756200404886323,,0.0,1.3756200404886323,3.6888387884
13275,1.3756259861465245,,0.0,1.3756259861465245,3.6910296499
13280,1.3756280831445995,,0.0,1.3756280831445995,3.6603546063
13285,1.3756207988599738,,0.0,1.3756207988599738,3.6538566474
13290,1.3756038578473926,,0.0,1.3756038578473926,3.6661173684
13295,1.375579221508268,,0.0,1.375579221508268,3.6586692958
13300,1.3755481826946634,,0.0,1.3755481826946634,3.674589245
13305,1.3755060363817517,,0.0,1.3755060363817517,3.6559875398
13310,1.3754648457562464,,0.0,1.3754648457562464,3.6592629636
13315,1.3754374814726928,,0.0,1.3754374814726928,3.6319034738
13320,1.375430255054159,,0.0,1.375430255054159,3.6364760496
13325,1.3754443641493677,,0.0,1.3754443641493677,3.6249103836
13330,1.3754778062327846,,0.0,1.3754778062327846,3.6105770063
13335,1.37550912846401,,0.0,1.37550912846401,3.6181848749
13340,1.375533055528282,,0.0,1.375533055528282,3.5710089453
13345,1.3755484851795272,,0.0,1.3755484851795272,3.5720492371
13350,1.3755576506768474,,0.0,1.3755576506768474,3.6488302463
13355,1.3755616421084575,,0.0,1.3755616421084575,3.6167026403
13360,1.3755619408064474,,0.0,1.3755619408064474,3.6099229164
13365,1.375568598463084,,0.0,1.375568598463084,3.6768608402
13370,1.375589388666974,,0.0,1.375589388666974,3.686141011
13375,1.3756276311778683,,0.0,1.3756276311778683,3.6629280254
13380,1.3756847024912404,,0.0,1.3756847024912404,3.6965039569
13385,1.3757423259574135,,0.0,1.3757423259574135,3.6285674125
13390,1.3757924392552496,,0.0,1.3757924392552496,3.5410918416
13395,1.3758319270497557,,0.0,1.3758319270497557,3.508616499
13400,1.3758607381184784,,0.0,1.3758607381184784,3.4519558131
13405,1.3758808098128579,,0.0,1.3758808098128579,3.4520768934
13410,1.3758866474451874,,0.0,1.3758866474451874,3.4678640905
13415,1.3758823313389608,,0.0,1.3758823313389608,3.4471234509
13420,1.3758772666939778,,0.0,1.3758772666939778,3.3776329072
13425,1.375875399897979,,0.0,1.375875399897979,3.3258613368
13430,1.3758758191115719,,0.0,1.3758758191115719,3.3442057489
13435,1.3758764580302922,,0.0,1.3758764580302922,3.3524236325
13440,1.3758754748382218,,0.0,1.3758754748382218,3.3570594333
13445,1.3758538095342612,,0.0,1.3758538095342612,3.3930689956
13450,1.3758084566691982,,0.0,1.3758084566691982,3.3363960601
13455,1.3757415968180817,,0.0,1.3757415968180817,3.2466188971
13460,1.37565774805375,,0.0,1.37565774805375,3.2458956554
13465,1.375555299758907,,0.0,1.375555299758907,3.2738567871
13470,1.3754404286571942,,0.0,1.3754404286571942,3.3117162566
13475,1.3753296739539331,,0.0,1.3753296739539331,3.4212088624
13480,1.3752337226725466,,0.0,1.3752337226725466,3.4119896306
13485,1.3751558122581047,,0.0,1.3751558122581047,3.3158878635
13490,1.3750938797279622,,0.0,1.3750938797279622,3.261867928
13495,1.3750441081124574,,0.0,1.3750441081124574,3.2999657465
13500,1.3750006804409762,,0.0,1.3750006804409762,3.3054861932
13505,1.3749467816643253,,0.0,1.3749467816643253,3.295197369
13510,1.3748809140406275,,0.0,1.3748809140406275,3.3735316134
13515,1.374806511799527,,0.0,1.374806511799527,3.3903669932
13520,1.3747285426553204,,0.0,1.3747285426553204,3.3887102559
13525,1.374649011658125,,0.0,1.374649011658125,3.4441361119
13530,1.374577320087993,,0.0,1.374577320087993,3.405765059
13535,1.3745231073329836,,0.0,1.3745231073329836,3.3509684806
13540,1.374490752680326,,0.0,1.374490752680326,3.3512951837
13545,1.3744792011866536,,0.0,1.3744792011866536,3.3485196842
13550,1.3744842374633,,0.0,1.3744842374633,3.2863564561
13555,1.3745013286221126,,0.0,1.3745013286221126,3.2449141784
13560,1.3745275357831384,,0.0,1.3745275357831384,3.1746999623
13565,1.3745627844711885,,0.0,1.3745627844711885,3.1609337661
13570,1.3745969508440812,,0.0,1.3745969508440812,3.1985383228
13575,1.3746285433385232,,0.0,1.3746285433385232,3.2533889786
13580,1.3746582883699545,,0.0,1.3746582883699545,3.2640684496
13585,1.374681078906978,,0.0,1.374681078906978,3.3331598738
13590,1.374708752518343,,0.0,1.374708752518343,3.3074041126
13595,1.3747506467051716,,0.0,1.3747506467051716,3.3009789674
13600,1.3748077643247045,,0.0,1.3748077643247045,3.2554817299
13605,1.3748753773651248,,0.0,1.3748753773651248,3.2058473814
13610,1.3749465072820528,,0.0,1.3749465072820528,3.2448475176
13615,1.3750136476275896,,0.0,1.3750136476275896,3.248077753
13620,1.3750686865854902,,0.0,1.3750686865854902,3.2193217813
13625,1.375106007092225,,0.0,1.375106007092225,3.2786590506
13630,1.3751279925531281,,0.0,1.3751279925531281,3.2543233476
13635,1.3751428917098345,,0.0,1.3751428917098345,3.2185291651
13640,1.3751592853530348,,0.0,1.3751592853530348,3.2584907859
13645,1.3751830843279553,,0.0,1.3751830843279553,3.2830136922
13650,1.3752167670439606,,0.0,1.3752167670439606,3.2454912647
13655,1.3752600425761188,,0.0,1.3752600425761188,3.254728867
13660,1.3753105496424123,,0.0,1.3753105496424123,3.2273209149
13665,1.375364348631612,,0.0,1.375364348631612,3.2240286921
13670,1.3754163497193448,,0.0,1.3754163497193448,3.2635408339
13675,1.3754611728206687,,0.0,1.3754611728206687,3.2846346031
13680,1.3754952845828523,,0.0,1.3754952845828523,3.2711186914
13685,1.3755195071561677,,0.0,1.3755195071561677,3.2676088859
13690,1.3755379784644546,,0.0,1.3755379784644546,3.2701919471
13695,1.375554926785038,,0.0,1.375554926785038,3.2526794502
13700,1.3755725747471985,,0.0,1.3755725747471985,3.2462776439
13705,1.3755909039480567,,0.0,1.3755909039480567,3.2298998824
13710,1.3756082284978917,,0.0,1.3756082284978917,3.2124336218
13715,1.3756221982095633,,0.0,1.3756221982095633,3.2171908381
13720,1.3756308136800475,,0.0,1.3756308136800475,3.2254598897
13725,1.3756333442419748,,0.0,1.3756333442419748,3.2543685189
13730,1.3756314767151756,,0.0,1.3756314767151756,3.2074150703
13735,1.3756308061062994,,0.0,1.3756308061062994,3.2120735416
13740,1.375639174632738,,0.0,1.375639174632738,3.1950863369
13745,1.3756634359384663,,0.0,1.3756634359384663,3.1611604776
13750,1.3757068557704537,,0.0,1.3757068557704537,3.1613101138
13755,1.3757684556536136,,0.0,1.3757684556536136,3.193499147
13760,1.375843769003306,,0.0,1.375843769003306,3.1990191132
13765,1.3759264534035438,,0.0,1.3759264534035438,3.1880638086
13770,1.3760099450723033,,0.0,1.3760099450723033,3.2100588486
13775,1.3760882032812236,,0.0,1.3760882032812236,3.1302956527
13780,1.376155652821699,,0.0,1.376155652821699,3.1524619765
13785,1.376207622750767,,0.0,1.376207622750767,3.1227129791
13790,1.3762419209334482,,0.0,1.3762419209334482,3.0255628658
13795,1.3762600830467968,,0.0,1.3762600830467968,3.0200790244
13800,1.3762666346709622,,0.0,1.3762666346709622,3.0106520702
13805,1.3762668612190372,,0.0,1.3762668612190372,3.0003974004
13810,1.376265023655048,,0.0,1.376265023655048,3.0523572727
13815,1.376263219508561,,0.0,1.376263219508561,3.0103354769
13820,1.376260778303572,,0.0,1.376260778303572,2.9395729508
13825,1.3762544476468253,,0.0,1.3762544476468253,2.8799261383
13830,1.376239830579012,,0.0,1.376239830579012,2.8771666087
13835,1.3762134393891985,,0.0,1.3762134393891985,3.0039556011
13840,1.3761742292987842,,0.0,1.3761742292987842,3.0530783137
13845,1.3761237399710056,,0.0,1.3761237399710056,3.0412719228
13850,1.3760648292998616,,0.0,1.3760648292998616,3.0795950964
13855,1.3760000537574704,,0.0,1.3760000537574704,3.0884471858
13860,1.375931075914381,,0.0,1.375931075914381,3.0428293462
13865,1.375859027514422,,0.0,1.375859027514422,3.0864786477
13870,1.3757849353319331,,0.0,1.3757849353319331,3.0998196754
13875,1.375709546576943,,0.0,1.375709546576943,3.0659895688
13880,1.3756342819251213,,0.0,1.3756342819251213,3.0697382575
13885,1.3755621274262544,,0.0,1.3755621274262544,3.0504873844
13890,1.375497469742011,,0.0,1.375497469742011,3.0761527549
13895,1.3754445450556458,,0.0,1.3754445450556458,3.1209618883
13900,1.3754056807666186,,0.0,1.3754056807666186,3.0927421887
13905,1.3753805088837896,,0.0,1.3753805088837896,3.1403173954
13910,1.3753671319175502,,0.0,1.3753671319175502,3.1620434544
13915,1.3753630030954944,,0.0,1.3753630030954944,3.1901508876
13920,1.375365884308665,,0.0,1.375365884308665,3.2572363116
13925,1.3753744948628563,,0.0,1.3753744948628563,3.2913658153
13930,1.3753884199957136,,0.0,1.3753884199957136,3.2713908901
13935,1.375407498931183,,0.0,1.375407498931183,3.2629002543
13940,1.3754314253310913,,0.0,1.3754314253310913,3.2367462949
13945,1.3754600040717735,,0.0,1.3754600040717735,3.1717238439
13950,1.3754937043269848,,0.0,1.3754937043269848,3.1497905443
13955,1.3755335633680135,,0.0,1.3755335633680135,3.1397537394
13960,1.3755803525877328,,0.0,1.3755803525877328,3.1798879329
13965,1.3756324186502507,,0.0,1.3756324186502507,3.1845796386
13970,1.3756845925390222,,0.0,1.3756845925390222,3.2048878644
13975,1.3757299700519843,,0.0,1.3757299700519843,3.2627211258
13980,1.3757616950870155,,0.0,1.3757616950870155,3.296066122
13985,1.3757749058294184,,0.0,1.3757749058294184,3.2554193066
13990,1.3757688545376727,,0.0,1.3757688545376727,3.2456807998
13995,1.3757470876524782,,0.0,1.3757470876524782,3.2359612105
14000,1.3757163567715212,,0.0,1.3757163567715212,3.2392839056
14005,1.37568389502341,,0.0,1.37568389502341,3.2796128589
14010,1.3756554284937832,,0.0,1.3756554284937832,3.2319796601
14015,1.3756334679465247,,0.0,1.3756334679465247,3.2280866759
14020,1.3756169713933633,,0.0,1.3756169713933633,3.2317870402
14025,1.3756029993564178,,0.0,1.3756029993564178,3.1916981069
14030,1.3755866130876564,,0.0,1.3755866130876564,3.2122344106
14035,1.375563419414645,,0.0,1.375563419414645,3.1822171758
14040,1.3755323766148577,,0.0,1.3755323766148577,3.1670245387
14045,1.3754964419046893,,0.0,1.3754964419046893,3.1830896652
14050,1.3754606469102404,,0.0,1.3754606469102404,3.1989539932
14055,1.3754310459793295,,0.0,1.3754310459793295,3.2522446267
14060,1.3754121823641856,,0.0,1.3754121823641856,3.2932476755
14065,1.3754057435490028,,0.0,1.3754057435490028,3.25048256
14070,1.3754113425418353,,0.0,1.3754113425418353,3.2580721769
14075,1.3754277894005804,,0.0,1.3754277894005804,3.2893416836
14080,1.37545237803838,,0.0,1.37545237803838,3.2621182149
14085,1.375481041684763,,0.0,1.375481041684763,3.2280239478
14090,1.3755100128651752,,0.0,1.3755100128651752,3.1801163186
14095,1.3755377627455105,,0.0,1.3755377627455105,3.174656499
14100,1.3755648964283695,,0.0,1.3755648964283695,3.176082026
14105,1.3755932470265035,,0.0,1.3755932470265035,3.1668609229
14110,1.3756246960183527,,0.0,1.3756246960183527,3.2124839463
14115,1.3756607329741184,,0.0,1.3756607329741184,3.26918365
14120,1.375701777240266,,0.0,1.375701777240266,3.2631174527
14125,1.3757463445615055,,0.0,1.3757463445615055,3.3367870064
14130,1.3757907071258044,,0.0,1.3757907071258044,3.3401455344
14135,1.3758297557758017,,0.0,1.3758297557758017,3.3298831569
14140,1.3758590415989358,,0.0,1.3758590415989358,3.38992884
14145,1.375876819112048,,0.0,1.375876819112048,3.3346527091
14150,1.3758848330010605,,0.0,1.3758848330010605,3.2710876946
14155,1.3758871887024207,,0.0,1.3758871887024207,3.3305506643
14160,1.3758879478709989,,0.0,1.3758879478709989,3.3597368647
14165,1.3758889442839102,,0.0,1.3758889442839102,3.3750955434
14170,1.3758891649855831,,0.0,1.3758891649855831,3.4124650866
14175,1.3758856659140264,,0.0,1.3758856659140264,3.3948679855
14180,1.3758748900651558,,0.0,1.3758748900651558,3.4065936868
14185,1.3758535883675334,,0.0,1.3758535883675334,3.4186708699
14190,1.3758206159893627,,0.0,1.3758206159893627,3.4197714951
14195,1.3757796084625362,,0.0,1.3757796084625362,3.442262294
14200,1.3757392747999686,,0.0,1.3757392747999686,3.4521236334
14205,1.3757095368772307,,0.0,1.3757095368772307,3.4476760172
14210,1.375696389714449,,0.0,1.375696389714449,3.5128261665
14215,1.375699558929351,,0.0,1.375699558929351,3.5495504846
14220,1.375713707886391,,0.0,1.375713707886391,3.5679841641
14225,1.375730544062356,,0.0,1.375730544062356,3.5651490583
14230,1.3757398401071739,,0.0,1.3757398401071739,3.5685712819
14235,1.375730593690336,,0.0,1.375730593690336,3.5672288004
14240,1.3756971727336897,,0.0,1.3756971727336897,3.522552963
14245,1.3756463241179375,,0.0,1.3756463241179375,3.4999958247
14250,1.3755927078952346,,0.0,1.3755927078952346,3.5828592688
14255,1.3755503515769079,,0.0,1.3755503515769079,3.5431871362
14260,1.3755276107343006,,0.0,1.3755276107343006,3.5945646214
14265,1.3755267425436135,,0.0,1.3755267425436135,3.6294666486
14270,1.3755458163634815,,0.0,1.3755458163634815,3.5934835308
14275,1.375580254594064,,0.0,1.375580254594064,3.6488725585
14280,1.3756220291953984,,0.0,1.3756220291953984,3.6261867959
14285,1.3756559932694972,,0.0,1.3756559932694972,3.4985340982
14290,1.3756702956281517,,0.0,1.3756702956281517,3.4365912542
14295,1.3756700911369568,,0.0,1.3756700911369568,3.4440319957
14300,1.375666768786186,,0.0,1.375666768786186,3.3801024063
14305,1.375669779284563,,0.0,1.375669779284563,3.4178330642
14310,1.375684022647707,,0.0,1.375684022647707,3.4671744768
14315,1.3757101730720593,,0.0,1.3757101730720593,3.5043851444
14320,1.3757453940561366,,0.0,1.3757453940561366,3.4928575006
14325,1.3757830446188355,,0.0,1.3757830446188355,3.4553419123
14330,1.3758127901153214,,0.0,1.3758127901153214,3.4531579088
14335,1.3758236633599334,,0.0,1.3758236633599334,3.4644937575
14340,1.3758110618391866,,0.0,1.3758110618391866,3.4205824875
14345,1.375780517644473,,0.0,1.375780517644473,3.4015545742
14350,1.3757428873448718,,0.0,1.3757428873448718,3.3620061528
14355,1.3757078378331054,,0.0,1.3757078378331054,3.4010241113
14360,1.3756805730712576,,0.0,1.3756805730712576,3.4982301203
14365,1.3756614532109745,,0.0,1.3756614532109745,3.5111912852
14370,1.3756473352797263,,0.0,1.3756473352797263,3.4934856784
14375,1.3756334140001798,,0.0,1.3756334140001798,3.5304722878
14380,1.3756147652403068,,0.0,1.3756147652403068,3.5433547583
14385,1.3755867867523683,,0.0,1.3755867867523683,3.470790964
14390,1.3755452802882862,,0.0,1.3755452802882862,3.4444468433
14395,1.3754909419020718,,0.0,1.3754909419020718,3.3850659095
14400,1.3754329732988755,,0.0,1.3754329732988755,3.3806559349
14405,1.3753835286832605,,0.0,1.3753835286832605,3.3512438034
14410,1.3753519260240517,,0.0,1.3753519260240517,3.400445676
14415,1.3753424161205083,,0.0,1.3753424161205083,3.4779256965
14420,1.3753543762643887,,0.0,1.3753543762643887,3.5537078559
14425,1.3753834558025455,,0.0,1.3753834558025455,3.5400569385
14430,1.3754223704503528,,0.0,1.3754223704503528,3.6058308114
14435,1.3754597981854144,,0.0,1.3754597981854144,3.6615636544
14440,1.375479453788711,,0.0,1.375479453788711,3.6669358422
14445,1.375479875726196,,0.0,1.375479875726196,3.7220972755
14450,1.3754781006788457,,0.0,1.3754781006788457,3.7755611793
14455,1.37548945472358,,0.0,1.37548945472358,3.7636019877
14460,1.3755198378100586,,0.0,1.3755198378100586,3.7207842398
14465,1.3755676598498285,,0.0,1.3755676598498285,3.6897469225
14470,1.3756280238833436,,0.0,1.3756280238833436,3.8118269415
14475,1.375697443129779,,0.0,1.375697443129779,3.8186416811
14480,1.3757605982887255,,0.0,1.3757605982887255,3.7578240512
14485,1.3757971781626344,,0.0,1.3757971781626344,3.8152591886
14490,1.3758012308485918,,0.0,1.3758012308485918,3.739439286
14495,1.3757604436248199,,0.0,1.3757604436248199,3.6723010282
14500,1.3757024040011276,,0.0,1.3757024040011276,3.7094578674
14505,1.3756527620694472,,0.0,1.3756527620694472,3.6825582243
14510,1.3756227778670278,,0.0,1.3756227778670278,3.6819279185
14515,1.3756132897546192,,0.0,1.3756132897546192,3.6841353652
14520,1.3756200124524776,,0.0,1.3756200124524776,3.7337716351
14525,1.3756370386365049,,0.0,1.3756370386365049,3.7774498963
14530,1.3756613035297975,,0.0,1.3756613035297975,3.7981399983
14535,1.3756752729757238,,0.0,1.3756752729757238,3.8375141478
14540,1.375671747661795,,0.0,1.375671747661795,3.803621655
14545,1.3756452863151583,,0.0,1.3756452863151583,3.7035803375
14550,1.3756020404136282,,0.0,1.3756020404136282,3.6983482371
14555,1.3755695868371927,,0.0,1.3755695868371927,3.6882366825
14560,1.3755602418951949,,0.0,1.3755602418951949,3.657033091
14565,1.375573004723486,,0.0,1.375573004723486,3.6515276546
14570,1.3756010036073945,,0.0,1.3756010036073945,3.6551807374
14575,1.3756378282993842,,0.0,1.3756378282993842,3.5449052776
14580,1.3756822727797466,,0.0,1.3756822727797466,3.4705266933
14585,1.375717519009651,,0.0,1.375717519009651,3.4587099753
14590,1.3757365274561153,,0.0,1.3757365274561153,3.4032737915
14595,1.3757354732435487,,0.0,1.3757354732435487,3.4454178013
14600,1.3757140655798912,,0.0,1.3757140655798912,3.488395127
14605,1.37569945675019,,0.0,1.37569945675019,3.3941855659
14610,1.37570538167993,,0.0,1.37570538167993,3.4368890734
14615,1.375732697464922,,0.0,1.375732697464922,3.4552904449
14620,1.3757754965153224,,0.0,1.3757754965153224,3.4663539815
14625,1.3758284562800993,,0.0,1.3758284562800993,3.4799490126
14630,1.3758815384206986,,0.0,1.3758815384206986,3.5088328886
14635,1.375912751098324,,0.0,1.375912751098324,3.5413555795
14640,1.3759200118644694,,0.0,1.3759200118644694,3.5612043752
14645,1.3758904685339048,,0.0,1.3758904685339048,3.5915761262
14650,1.3758497009088666,,0.0,1.3758497009088666,3.663697034
14655,1.3758199429223403,,0.0,1.3758199429223403,3.6689510356
14660,1.375807656310061,,0.0,1.375807656310061,3.7179843426
14665,1.3758102723756167,,0.0,1.3758102723756167,3.7717260387
14670,1.3758244491030658,,0.0,1.3758244491030658,3.7926257587
14675,1.3758465487016793,,0.0,1.3758465487016793,3.752896842
14680,1.3758507205080766,,0.0,1.3758507205080766,3.749036446
14685,1.3758303135756953,,0.0,1.3758303135756953,3.7290049613
14690,1.375776588264447,,0.0,1.375776588264447,3.682300849
14695,1.3756860033156706,,0.0,1.3756860033156706,3.7225355571
14700,1.3755890732270153,,0.0,1.3755890732270153,3.6801306241
14705,1.3755042680444765,,0.0,1.3755042680444765,3.6769120346
14710,1.3754376821770138,,0.0,1.3754376821770138,3.732658953
14715,1.375388482113734,,0.0,1.375388482113734,3.7283494572
14720,1.3753540480022075,,0.0,1.3753540480022075,3.774547017
14725,1.3753337221886528,,0.0,1.3753337221886528,3.8498259131
14730,1.3753064250722855,,0.0,1.3753064250722855,3.804999095
14735,1.3752649792646232,,0.0,1.3752649792646232,3.8147535516
14740,1.375208317398695,,0.0,1.375208317398695,3.7996921406
14745,1.3751314876385015,,0.0,1.3751314876385015,3.7851106284
14750,1.3750621144324813,,0.0,1.3750621144324813,3.7882872493
14755,1.3750192207102314,,0.0,1.3750192207102314,3.8009537898
14760,1.3750064277862577,,0.0,1.3750064277862577,3.7843060401
14765,1.375016919951762,,0.0,1.375016919951762,3.7589379514
14770,1.3750409615523627,,0.0,1.3750409615523627,3.7223635036
14775,1.3750726915036866,,0.0,1.3750726915036866,3.6918798754
14780,1.3751048667116663,,0.0,1.3751048667116663,3.6817684417
14785,1.375121667742783,,0.0,1.375121667742783,3.6043120051
14790,1.3751270189943334,,0.0,1.3751270189943334,3.5594282754
14795,1.3751183524342692,,0.0,1.3751183524342692,3.4668966566
14800,1.3751043529590967,,0.0,1.3751043529590967,3.3389406194
14805,1.3751076160486115,,0.0,1.3751076160486115,3.2858045709
14810,1.375135455684504,,0.0,1.375135455684504,3.3870587259
14815,1.3751830851251916,,0.0,1.3751830851251916,3.3984850502
14820,1.3752404148761042,,0.0,1.3752404148761042,3.3874142181
14825,1.3752976309543605,,0.0,1.3752976309543605,3.3784457084
14830,1.3753475710525394,,0.0,1.3753475710525394,3.2868448907
14835,1.3753710667453596,,0.0,1.3753710667453596,3.3518099215
14840,1.3753672014100093,,0.0,1.3753672014100093,3.38844968
14845,1.3753315363651304,,0.0,1.3753315363651304,3.3887691137
14850,1.3752879853212814,,0.0,1.3752879853212814,3.4143257258
14855,1.3752593101149673,,0.0,1.3752593101149673,3.4399038556
14860,1.3752533445925958,,0.0,1.3752533445925958,3.4231006794
14865,1.3752672929781877,,0.0,1.3752672929781877,3.4113176652
14870,1.375294065247109,,0.0,1.375294065247109,3.433538788
14875,1.3753274548457814,,0.0,1.3753274548457814,3.4893934324
14880,1.3753584902046938,,0.0,1.3753584902046938,3.5069987252
14885,1.3753679385217075,,0.0,1.3753679385217075,3.4740377561
14890,1.3753534727295444,,0.0,1.3753534727295444,3.5303799274
14895,1.375305039940082,,0.0,1.375305039940082,3.6003670915
14900,1.3752436868016582,,0.0,1.3752436868016582,3.6058325394
14905,1.3751922108935535,,0.0,1.3751922108935535,3.5990915071
14910,1.3751619209508876,,0.0,1.3751619209508876,3.5400317634
14915,1.3751556642378377,,0.0,1.3751556642378377,3.542657702
14920,1.375171569042113,,0.0,1.375171569042113,3.7019199133
14925,1.375204879714359,,0.0,1.375204879714359,3.7350696755
14930,1.3752501908573715,,0.0,1.3752501908573715,3.6807068748
14935,1.3752924348982067,,0.0,1.3752924348982067,3.7137317389
14940,1.375325798320943,,0.0,1.375325798320943,3.6701161829
14945,1.37534285061447,,0.0,1.37534285061447,3.5799116137
14950,1.3753539632293794,,0.0,1.3753539632293794,3.6357131341
14955,1.3753786101983256,,0.0,1.3753786101983256,3.6508773468
14960,1.3754266059028073,,0.0,1.3754266059028073,3.675611056
14965,1.3754976186923875,,0.0,1.3754976186923875,3.7274830215
14970,1.3755844400863564,,0.0,1.3755844400863564,3.7605467716
14975,1.375675923587248,,0.0,1.375675923587248,3.7789299029
14980,1.375758787299291,,0.0,1.375758787299291,3.7837223914
14985,1.3758196824917088,,0.0,1.3758196824917088,3.7727534559
14990,1.3758521397221455,,0.0,1.3758521397221455,3.7562191065
14995,1.3758619120494118,,0.0,1.3758619120494118,3.7272031693
15000,1.3758602624339575,,0.0,1.3758602624339575,3.7060656468
15005,1.375856611754569,,0.0,1.375856611754569,3.6701109763
15010,1.3758562153286562,,0.0,1.3758562153286562,3.6025114668
15015,1.3758602061623388,,0.0,1.3758602061623388,3.5710987501
15020,1.3758651366722594,,0.0,1.3758651366722594,3.568085998
15025,1.3758629788848917,,0.0,1.3758629788848917,3.5594606369
15030,1.3758423824759387,,0.0,1.3758423824759387,3.6122882752
15035,1.3757935848178464,,0.0,1.3757935848178464,3.7004240276
15040,1.3757194092576936,,0.0,1.3757194092576936,3.6244413039
15045,1.3756340458766432,,0.0,1.3756340458766432,3.5870628291
15050,1.3755521235681845,,0.0,1.3755521235681845,3.5791172274
15055,1.3754828474921599,,0.0,1.3754828474921599,3.5574695773
15060,1.375429475954665,,0.0,1.375429475954665,3.5830180726
15065,1.3753912133799822,,0.0,1.3753912133799822,3.673034833
15070,1.3753670780376415,,0.0,1.3753670780376415,3.6456156374
15075,1.3753457091063965,,0.0,1.3753457091063965,3.6294745809
15080,1.3753074075335554,,0.0,1.3753074075335554,3.6474224494
15085,1.3752488626611508,,0.0,1.3752488626611508,3.5877333178
15090,1.375156125904281,,0.0,1.375156125904281,3.5632950662
15095,1.3750520275289293,,0.0,1.3750520275289293,3.522948023
15100,1.3749612838636276,,0.0,1.3749612838636276,3.5843159786
15105,1.3748930733607918,,0.0,1.3748930733607918,3.6014157652
15110,1.3748470150077503,,0.0,1.3748470150077503,3.566386175
15115,1.3748207279901894,,0.0,1.3748207279901894,3.6309037943
15120,1.3748158832496427,,0.0,1.3748158832496427,3.654423591
15125,1.3748136909817907,,0.0,1.3748136909817907,3.5641245757
15130,1.374802270567107,,0.0,1.374802270567107,3.5781521554
15135,1.3747801560203068,,0.0,1.3747801560203068,3.5611207307
15140,1.37473808883313,,0.0,1.37473808883313,3.5406406135
15145,1.3746815696725585,,0.0,1.3746815696725585,3.5631781163
15150,1.3746375175654895,,0.0,1.3746375175654895,3.5505187758
15155,1.374618809610797,,0.0,1.374618809610797,3.5126119491
15160,1.3746266597341186,,0.0,1.3746266597341186,3.5417477981
15165,1.3746557254535074,,0.0,1.3746557254535074,3.576066104
15170,1.3746998620012225,,0.0,1.3746998620012225,3.527636266
15175,1.3747544537093752,,0.0,1.3747544537093752,3.6104267034
15180,1.3747920781625746,,0.0,1.3747920781625746,3.6443163103
15185,1.3748066519803006,,0.0,1.3748066519803006,3.6876488492
15190,1.3747934502732464,,0.0,1.3747934502732464,3.700631799
15195,1.3747488182429672,,0.0,1.3747488182429672,3.6577324352
15200,1.3747069554805489,,0.0,1.3747069554805489,3.6418387758
15205,1.3746892479249506,,0.0,1.3746892479249506,3.6582093228
15210,1.374700307257879,,0.0,1.374700307257879,3.6421148826
15215,1.3747339770187892,,0.0,1.3747339770187892,3.6653520579
15220,1.3747808856246935,,0.0,1.3747808856246935,3.6667240618
15225,1.374834001913595,,0.0,1.374834001913595,3.6564352106
15230,1.3748649010114802,,0.0,1.3748649010114802,3.6740703138
15235,1.3748645016623664,,0.0,1.3748645016623664,3.6095144372
15240,1.374832337748572,,0.0,1.374832337748572,3.5488049458
15245,1.3747650934965283,,0.0,1.3747650934965283,3.5708339833
15250,1.374696581571811,,0.0,1.374696581571811,3.5530491985
15255,1.3746507063838849,,0.0,1.3746507063838849,3.5367853417
15260,1.3746339324588135,,0.0,1.3746339324588135,3.5785078629
15265,1.3746417495632517,,0.0,1.3746417495632517,3.4862885043
15270,1.3746667200773959,,0.0,1.3746667200773959,3.4436731808
15275,1.3747061995673537,,0.0,1.3747061995673537,3.4217384663
15280,1.3747466548749432,,0.0,1.3747466548749432,3.365975539
15285,1.3747736303727682,,0.0,1.3747736303727682,3.4385964661
15290,1.3747861696426218,,0.0,1.3747861696426218,3.4494175547
15295,1.3747708195821664,,0.0,1.3747708195821664,3.3260319034
15300,1.3747501701569778,,0.0,1.3747501701569778,3.2799834164
15305,1.3747462131394155,,0.0,1.3747462131394155,3.3259346451
15310,1.3747666397369667,,0.0,1.3747666397369667,3.3086041593
15315,1.3748100386414928,,0.0,1.3748100386414928,3.3047138078
15320,1.374872390318792,,0.0,1.374872390318792,3.3333556106
15325,1.3749498163455465,,0.0,1.3749498163455465,3.3507051621
15330,1.3750394882590755,,0.0,1.3750394882590755,3.3304877514
15335,1.375121955943824,,0.0,1.375121955943824,3.3161223883
15340,1.3751897518836134,,0.0,1.3751897518836134,3.2980787389
15345,1.37523246755635,,0.0,1.37523246755635,3.2293927785
15350,1.375254079312584,,0.0,1.375254079312584,3.1399743567
15355,1.3752760658364693,,0.0,1.3752760658364693,3.1364726259
15360,1.3753085467182593,,0.0,1.3753085467182593,3.119934082
15365,1.375351146127321,,0.0,1.375351146127321,3.1067958415
15370,1.375397824996204,,0.0,1.375397824996204,3.1523225368
15375,1.3754413425561147,,0.0,1.3754413425561147,3.1424404637
15380,1.3754754119983208,,0.0,1.3754754119983208,3.1147990612
15385,1.3754941626051724,,0.0,1.3754941626051724,3.1496615064
15390,1.3754898486913467,,0.0,1.3754898486913467,3.1658557712
15395,1.3754624687952428,,0.0,1.3754624687952428,3.1615410102
15400,1.3754270377393136,,0.0,1.3754270377393136,3.2211287205
15405,1.3753994489672132,,0.0,1.3753994489672132,3.2525965218
15410,1.3753874132851625,,0.0,1.3753874132851625,3.2499785608
15415,1.3753893035332054,,0.0,1.3753893035332054,3.2714371358
15420,1.3753975878183071,,0.0,1.3753975878183071,3.3320992089
15425,1.375403275437278,,0.0,1.375403275437278,3.3731797143
15430,1.3753983893732995,,0.0,1.3753983893732995,3.4275902812
15435,1.375376543428806,,0.0,1.375376543428806,3.4925646097
15440,1.3753361069891505,,0.0,1.3753361069891505,3.5305182092
15445,1.3752843083995208,,0.0,1.3752843083995208,3.5444053721
15450,1.3752331596906153,,0.0,1.3752331596906153,3.5800396279
15455,1.3751924083424916,,0.0,1.3751924083424916,3.6106486535
15460,1.3751660103097303,,0.0,1.3751660103097303,3.5605373918
15465,1.375152754390585,,0.0,1.375152754390585,3.5218217337
15470,1.375149146828411,,0.0,1.375149146828411,3.545049361
15475,1.3751518076056541,,0.0,1.3751518076056541,3.4940623643
15480,1.3751575722243958,,0.0,1.3751575722243958,3.504287163
15485,1.3751614929676914,,0.0,1.3751614929676914,3.4761591839
15490,1.3751585210024184,,0.0,1.3751585210024184,3.3970367489
15495,1.3751497790370562,,0.0,1.3751497790370562,3.362688227
15500,1.3751415999207528,,0.0,1.3751415999207528,3.2929303974
15505,1.3751402153200407,,0.0,1.3751402153200407,3.2927272896
15510,1.3751486021829218,,0.0,1.3751486021829218,3.3651239425
15515,1.3751667329382964,,0.0,1.3751667329382964,3.3611420449
15520,1.3751929204341518,,0.0,1.3751929204341518,3.380390405
15525,1.3752236708474062,,0.0,1.3752236708474062,3.4013421127
15530,1.3752528808001878,,0.0,1.3752528808001878,3.3966448969
15535,1.3752733585537562,,0.0,1.3752733585537562,3.3497895401
15540,1.3752822406334557,,0.0,1.3752822406334557,3.3371946421
15545,1.3752828742372651,,0.0,1.3752828742372651,3.2939884188
15550,1.3752808500534688,,0.0,1.3752808500534688,3.2668444217
15555,1.3752809730272184,,0.0,1.3752809730272184,3.2813241772
15560,1.3752866353339264,,0.0,1.3752866353339264,3.2332069532
15565,1.3752994068653839,,0.0,1.3752994068653839,3.2159582843
15570,1.3753181498984879,,0.0,1.3753181498984879,3.1718062856
15575,1.375338756472208,,0.0,1.375338756472208,3.1381381944
15580,1.3753552390737285,,0.0,1.3753552390737285,3.1565751345
15585,1.3753619006501119,,0.0,1.3753619006501119,3.1165268125
15590,1.3753559922630316,,0.0,1.3753559922630316,3.1355359714
15595,1.3753393766558675,,0.0,1.3753393766558675,3.2314365084
15600,1.3753176715565114,,0.0,1.3753176715565114,3.1753060778
15605,1.3752977444941437,,0.0,1.3752977444941437,3.1044777403
15610,1.375285091153016,,0.0,1.375285091153016,3.0864401181
15615,1.375281822217099,,0.0,1.375281822217099,3.0118551319
15620,1.375285825142204,,0.0,1.375285825142204,3.0765103498
15625,1.3752916013208765,,0.0,1.3752916013208765,3.1901651479
15630,1.3752924325064968,,0.0,1.3752924325064968,3.2157304689
15635,1.3752827048244816,,0.0,1.3752827048244816,3.208238733
15640,1.3752592434792728,,0.0,1.3752592434792728,3.1822403006
15645,1.3752230052876953,,0.0,1.3752230052876953,3.1699431468
15650,1.3751809826793333,,0.0,1.3751809826793333,3.1775935656
15655,1.3751434210085183,,0.0,1.3751434210085183,3.2325607261
15660,1.375118649471349,,0.0,1.375118649471349,3.3101463126
15665,1.375110580971628,,0.0,1.375110580971628,3.3195279155
15670,1.3751191117357202,,0.0,1.3751191117357202,3.3366616235
15675,1.3751417432240367,,0.0,1.3751417432240367,3.4094147137
15680,1.3751746776005946,,0.0,1.3751746776005946,3.4498340363
15685,1.3752124331992193,,0.0,1.3752124331992193,3.3913448489
15690,1.3752465079563359,,0.0,1.3752465079563359,3.4043567899
15695,1.3752694068511047,,0.0,1.3752694068511047,3.4094786112
15700,1.3752825192012204,,0.0,1.3752825192012204,3.3384350026
15705,1.3752924921663712,,0.0,1.3752924921663712,3.4103624588
15710,1.375304850596383,,0.0,1.375304850596383,3.3646652496
15715,1.3753218231662474,,0.0,1.3753218231662474,3.3408734604
15720,1.3753427016640936,,0.0,1.3753427016640936,3.3548035685
15725,1.3753648526180329,,0.0,1.3753648526180329,3.3559550122
15730,1.3753849187317564,,0.0,1.3753849187317564,3.3867642428
15735,1.3754001484759173,,0.0,1.3754001484759173,3.4311882291
15740,1.375409320949058,,0.0,1.375409320949058,3.4172535225
15745,1.3754127777670733,,0.0,1.3754127777670733,3.3900480438
15750,1.3754116315401126,,0.0,1.3754116315401126,3.3654623436
15755,1.3754071349926629,,0.0,1.3754071349926629,3.3667540616
15760,1.3754007630789205,,0.0,1.3754007630789205,3.3529443593
15765,1.375394677173818,,0.0,1.375394677173818,3.3810893304
15770,1.37539167404988,,0.0,1.37539167404988,3.3712069298
15775,1.3753942432113473,,0.0,1.3753942432113473,3.3766924922
15780,1.375403293175793,,0.0,1.375403293175793,3.3654521053
15785,1.3754176688137807,,0.0,1.3754176688137807,3.3607705912
15790,1.3754347723961975,,0.0,1.3754347723961975,3.3539278484
15795,1.375451727626165,,0.0,1.375451727626165,3.2836407808
15800,1.3754659695941451,,0.0,1.3754659695941451,3.2711406903
15805,1.3754755881876153,,0.0,1.3754755881876153,3.200248478
15810,1.375479897118712,,0.0,1.375479897118712,3.1471665832
15815,1.3754795598876188,,0.0,1.3754795598876188,3.2092359093
15820,1.375476239264194,,0.0,1.375476239264194,3.1999354845
15825,1.375471795600107,,0.0,1.375471795600107,3.0929373476
15830,1.375467680463947,,0.0,1.375467680463947,3.0764917072
15835,1.3754647046453634,,0.0,1.3754647046453634,3.0610652128
15840,1.375463098612178,,0.0,1.375463098612178,3.0500393792
15845,1.3754628165897211,,0.0,1.3754628165897211,3.1999590061
15850,1.3754638856176018,,0.0,1.3754638856176018,3.2142848244
15855,1.3754665890470044,,0.0,1.3754665890470044,3.2011795736
15860,1.3754717464371817,,0.0,1.3754717464371817,3.1976180392
15865,1.375480877985509,,0.0,1.375480877985509,3.1803431939
15870,1.3754956622072683,,0.0,1.3754956622072683,3.1611425678
15875,1.3755167500461656,,0.0,1.3755167500461656,3.1669548478
15880,1.3755428715042535,,0.0,1.3755428715042535,3.2096069724
15885,1.3755710059848252,,0.0,1.3755710059848252,3.2580694358
15890,1.3755974205602468,,0.0,1.3755974205602468,3.2013185762
15895,1.375619034442445,,0.0,1.375619034442445,3.2522523355
15900,1.3756346220794151,,0.0,1.3756346220794151,3.3030710377
15905,1.3756447968783057,,0.0,1.3756447968783057,3.2081045172
15910,1.3756507648588234,,0.0,1.3756507648588234,3.1973910034
15915,1.375652740477622,,0.0,1.375652740477622,3.2218593177
15920,1.3756495089453904,,0.0,1.3756495089453904,3.2060679148
15925,1.3756395111330313,,0.0,1.3756395111330313,3.2985324995
15930,1.3756224040294862,,0.0,1.3756224040294862,3.3198230117
15935,1.3756002575267843,,0.0,1.3756002575267843,3.323667307
15940,1.375577617468174,,0.0,1.375577617468174,3.3295472689
15945,1.3755600782623771,,0.0,1.3755600782623771,3.334687926
15950,1.3755522396325501,,0.0,1.3755522396325501,3.2924402222
15955,1.3755560667005422,,0.0,1.3755560667005422,3.34933984
15960,1.375570441674166,,0.0,1.375570441674166,3.3178170069
15965,1.375592033964539,,0.0,1.375592033964539,3.3503375467
15970,1.3756167366736127,,0.0,1.3756167366736127,3.3944078306
15975,1.3756407420663836,,0.0,1.3756407420663836,3.4202480371
15980,1.37566104064102,,0.0,1.37566104064102,3.4386941194
15985,1.3756762051446503,,0.0,1.3756762051446503,3.4664649799
15990,1.3756865031830356,,0.0,1.3756865031830356,3.4562081577
15995,1.3756926235686224,,0.0,1.3756926235686224,3.4878691034
16000,1.3756942428226484,,0.0,1.3756942428226484,3.46905946
16005,1.3756902125257526,,0.0,1.3756902125257526,3.4029532206
16010,1.3756802461378042,,0.0,1.3756802461378042,3.4396164103
16015,1.3756659077041922,,0.0,1.3756659077041922,3.3840046742
16020,1.3756497688445306,,0.0,1.3756497688445306,3.3797457999
16025,1.3756342806628297,,0.0,1.3756342806628297,3.3747975081
16030,1.3756215401571643,,0.0,1.3756215401571643,3.3417045868
16035,1.3756133794437397,,0.0,1.3756133794437397,3.4132795355
16040,1.3756111323658697,,0.0,1.3756111323658697,3.4637825466
16045,1.3756147711531452,,0.0,1.3756147711531452,3.3548836469
16050,1.375622925887295,,0.0,1.375622925887295,3.310171034
16055,1.3756342297061221,,0.0,1.3756342297061221,3.2893056633
16060,1.3756486974249402,,0.0,1.3756486974249402,3.2472249139
16065,1.3756679443115927,,0.0,1.3756679443115927,3.3889791633
16070,1.3756936050333468,,0.0,1.3756936050333468,3.414449407
16075,1.3757257130077043,,0.0,1.3757257130077043,3.3562605211
16080,1.3757624316007862,,0.0,1.3757624316007862,3.4052168502
16085,1.3758002054029803,,0.0,1.3758002054029803,3.3824308311
16090,1.375833703160088,,0.0,1.375833703160088,3.3687630138
16095,1.3758573377049546,,0.0,1.3758573377049546,3.3757721128
16100,1.3758698416306507,,0.0,1.3758698416306507,3.4062918187
16105,1.3758761383384048,,0.0,1.3758761383384048,3.383428231
16110,1.3758836550175073,,0.0,1.3758836550175073,3.3624759772
16115,1.3758980774267107,,0.0,1.3758980774267107,3.4348751377
16120,1.375921216156831,,0.0,1.375921216156831,3.4873162883
16125,1.375951594327017,,0.0,1.375951594327017,3.4597078808
16130,1.375985440077913,,0.0,1.375985440077913,3.4922856383
16135,1.3760168578446608,,0.0,1.3760168578446608,3.530733184
16140,1.3760384411661217,,0.0,1.3760384411661217,3.5499895437
16145,1.3760437664410454,,0.0,1.3760437664410454,3.6273125277
16150,1.3760325496538837,,0.0,1.3760325496538837,3.6528628658
16155,1.3760128360516224,,0.0,1.3760128360516224,3.5765515161
16160,1.3759958218925807,,0.0,1.3759958218925807,3.5222561202
16165,1.375990703766307,,0.0,1.375990703766307,3.5406161477
16170,1.376002388863551,,0.0,1.376002388863551,3.512671844
16175,1.376031461027269,,0.0,1.376031461027269,3.582640746
16180,1.376075158829094,,0.0,1.376075158829094,3.5961484759
16185,1.3761287872760921,,0.0,1.3761287872760921,3.6305346078
16190,1.3761865969634537,,0.0,1.3761865969634537,3.6962634851
16195,1.3762411118047084,,0.0,1.3762411118047084,3.6772546371
16200,1.376282530639198,,0.0,1.376282530639198,3.7107110016
16205,1.3763022177997777,,0.0,1.3763022177997777,3.6933395317
16210,1.3763033060277738,,0.0,1.3763033060277738,3.643404836
16215,1.376298078082155,,0.0,1.376298078082155,3.6545259384
16220,1.3762977385922246,,0.0,1.3762977385922246,3.7304678436
16225,1.376308403093713,,0.0,1.376308403093713,3.7584580184
16230,1.3763316919036286,,0.0,1.3763316919036286,3.8038208507
16235,1.376366044829892,,0.0,1.376366044829892,3.8184844787
16240,1.3764079968828125,,0.0,1.3764079968828125,3.824903145
16245,1.376450558024516,,0.0,1.376450558024516,3.7781167151
16250,1.3764702649831386,,0.0,1.3764702649831386,3.6771926065
16255,1.37645689406261,,0.0,1.37645689406261,3.6816002815
16260,1.3763991189886056,,0.0,1.3763991189886056,3.7127250581
16265,1.3763237795958498,,0.0,1.3763237795958498,3.617927162
16270,1.3762565787932024,,0.0,1.3762565787932024,3.6341491192
16275,1.376211509943688,,0.0,1.376211509943688,3.5665229841
16280,1.3761923015901392,,0.0,1.3761923015901392,3.469664885
16285,1.37619650714622,,0.0,1.37619650714622,3.5486962271
16290,1.3762205152628826,,0.0,1.3762205152628826,3.5358483559
16295,1.3762372466022308,,0.0,1.3762372466022308,3.4413224926
16300,1.376230194047718,,0.0,1.376230194047718,3.4550662504
16305,1.3761932115693127,,0.0,1.3761932115693127,3.4619251307
16310,1.3761172927184018,,0.0,1.3761172927184018,3.4476681036
16315,1.376030801446833,,0.0,1.376030801446833,3.442063161
16320,1.3759568575503567,,0.0,1.3759568575503567,3.4462517718
16325,1.375904232093472,,0.0,1.375904232093472,3.4647278887
16330,1.375871927467413,,0.0,1.375871927467413,3.4870837646
16335,1.3758541459016813,,0.0,1.3758541459016813,3.5586361805
16340,1.3758451866893384,,0.0,1.3758451866893384,3.6462451511
16345,1.3758389566172793,,0.0,1.3758389566172793,3.6050063296
16350,1.3758138662518955,,0.0,1.3758138662518955,3.5395930783
16355,1.3757712179456538,,0.0,1.3757712179456538,3.4781551247
16360,1.375710285216678,,0.0,1.375710285216678,3.433078342
16365,1.375633077234141,,0.0,1.375633077234141,3.441863746
16370,1.3755703650730136,,0.0,1.3755703650730136,3.5110794419
16375,1.3755371896652484,,0.0,1.3755371896652484,3.5006580806
16380,1.375534844660146,,0.0,1.375534844660146,3.5456973368
16385,1.3755577466774245,,0.0,1.3755577466774245,3.6173370193
16390,1.3756008278167184,,0.0,1.3756008278167184,3.5457525892
16395,1.3756537078578328,,0.0,1.3756537078578328,3.5132403866
16400,1.3756909379446471,,0.0,1.3756909379446471,3.4929075485
16405,1.3757092331965122,,0.0,1.3757092331965122,3.4733420371
16410,1.3757007821560827,,0.0,1.3757007821560827,3.4856763116
16415,1.3756728572158707,,0.0,1.3756728572158707,3.437683411
16420,1.3756546521846174,,0.0,1.3756546521846174,3.4994710661
16425,1.3756596537150343,,0.0,1.3756596537150343,3.5016944606
16430,1.3756874008050417,,0.0,1.3756874008050417,3.534337346
16435,1.3757290338968746,,0.0,1.3757290338968746,3.5564268706
16440,1.3757732339577746,,0.0,1.3757732339577746,3.5907510706
16445,1.3758099841745757,,0.0,1.3758099841745757,3.5903703395
16450,1.3758169609251727,,0.0,1.3758169609251727,3.5903721792
16455,1.3757941380336294,,0.0,1.3757941380336294,3.5518984358
16460,1.3757364852690104,,0.0,1.3757364852690104,3.5625945383
16465,1.3756662386902652,,0.0,1.3756662386902652,3.5314862565
16470,1.375610619144791,,0.0,1.375610619144791,3.4661077643
16475,1.3755819511136065,,0.0,1.3755819511136065,3.5076228069
16480,1.3755794075301477,,0.0,1.3755794075301477,3.6414414401
16485,1.3755951861717264,,0.0,1.3755951861717264,3.6041404944
16490,1.3756209672762112,,0.0,1.3756209672762112,3.5845115543
16495,1.3756478461090953,,0.0,1.3756478461090953,3.5523600924
16500,1.3756573645164958,,0.0,1.3756573645164958,3.4523658572
16505,1.3756493530856295,,0.0,1.3756493530856295,3.5303481244
16510,1.3756170115873767,,0.0,1.3756170115873767,3.523209345
16515,1.3755835558180642,,0.0,1.3755835558180642,3.4807716376
16520,1.3755716449035456,,0.0,1.3755716449035456,3.5355634816
16525,1.3755888555149796,,0.0,1.3755888555149796,3.596359128
16530,1.3756319377836919,,0.0,1.3756319377836919,3.6456454824
16535,1.375694543247984,,0.0,1.375694543247984,3.6480263761
16540,1.3757746380243479,,0.0,1.3757746380243479,3.6858781692
16545,1.3758529135731647,,0.0,1.3758529135731647,3.6569131104
16550,1.375918543288166,,0.0,1.375918543288166,3.5755075895
16555,1.3759704770094037,,0.0,1.3759704770094037,3.5723958034
16560,1.3759966574630023,,0.0,1.3759966574630023,3.5336187062
16565,1.3760175920995943,,0.0,1.3760175920995943,3.4745376066
16570,1.376051504154003,,0.0,1.376051504154003,3.4340869518
16575,1.3761015558653096,,0.0,1.3761015558653096,3.4380863336
16580,1.3761618232338837,,0.0,1.3761618232338837,3.3790296785
16585,1.3762241550467038,,0.0,1.3762241550467038,3.2876744508
16590,1.376283952045668,,0.0,1.376283952045668,3.330853055
16595,1.3763255585629468,,0.0,1.3763255585629468,3.3149944179
16600,1.3763369384514352,,0.0,1.3763369384514352,3.26324294
16605,1.376321303378886,,0.0,1.376321303378886,3.2626640267
16610,1.3762736042464296,,0.0,1.3762736042464296,3.1385126644
16615,1.3762112164277365,,0.0,1.3762112164277365,3.1028640126
16620,1.3761551694969936,,0.0,1.3761551694969936,3.1301228433
16625,1.3761135991875446,,0.0,1.3761135991875446,3.1720204652
16630,1.3760858598705947,,0.0,1.3760858598705947,3.23637119
16635,1.3760676426814826,,0.0,1.3760676426814826,3.2171611676
16640,1.3760541778863413,,0.0,1.3760541778863413,3.2640283033
16645,1.3760432815883035,,0.0,1.3760432815883035,3.2934151929
16650,1.3760214720509496,,0.0,1.3760214720509496,3.3172043553
16655,1.3759827875387818,,0.0,1.3759827875387818,3.3429199482
16660,1.3759286493918335,,0.0,1.3759286493918335,3.4198383642
16665,1.3758563984273349,,0.0,1.3758563984273349,3.4498516253
16670,1.3757835302023778,,0.0,1.3757835302023778,3.4980099694
16675,1.3757240847183299,,0.0,1.3757240847183299,3.5172164893
16680,1.375681926513305,,0.0,1.375681926513305,3.4779720124
16685,1.3756536589606527,,0.0,1.3756536589606527,3.4340006147
16690,1.375631923699178,,0.0,1.375631923699178,3.3772253292
16695,1.37560737565401,,0.0,1.37560737565401,3.3555424121
16700,1.3755715280419434,,0.0,1.3755715280419434,3.4203899945
16705,1.3755227768893212,,0.0,1.3755227768893212,3.4458524192
16710,1.3754693382510768,,0.0,1.3754693382510768,3.4069158662
16715,1.375423273985197,,0.0,1.375423273985197,3.4396076476
16720,1.3753937634077706,,0.0,1.3753937634077706,3.4050177875
16725,1.3753846557765421,,0.0,1.3753846557765421,3.3892818374
16730,1.3753949000014551,,0.0,1.3753949000014551,3.5232219863
16735,1.3754206918021983,,0.0,1.3754206918021983,3.4725206335
16740,1.3754565225394226,,0.0,1.3754565225394226,3.4717843044
16745,1.3754937914250862,,0.0,1.3754937914250862,3.5145405495
16750,1.3755154910766583,,0.0,1.3755154910766583,3.4818222085
16755,1.3755140620964408,,0.0,1.3755140620964408,3.4645442246
16760,1.3754871114458238,,0.0,1.3754871114458238,3.5004743641
16765,1.3754526973980856,,0.0,1.3754526973980856,3.47230927
16770,1.3754209784087656,,0.0,1.3754209784087656,3.4348083522
16775,1.3753941015025366,,0.0,1.3753941015025366,3.4056800118
16780,1.3753720868096242,,0.0,1.3753720868096242,3.4258133642
16785,1.375355034981152,,0.0,1.375355034981152,3.435547576
16790,1.3753421938907986,,0.0,1.3753421938907986,3.3792895348
16795,1.375329322771199,,0.0,1.375329322771199,3.2725742723
16800,1.3753014606133716,,0.0,1.3753014606133716,3.2647803048
16805,1.3752542796182867,,0.0,1.3752542796182867,3.1868641432
16810,1.3751822699507406,,0.0,1.3751822699507406,3.0686976698
16815,1.3751069566674845,,0.0,1.3751069566674845,3.1531201915
16820,1.3750464151823834,,0.0,1.3750464151823834,3.1870900287
16825,1.3750060302973628,,0.0,1.3750060302973628,3.08300411
16830,1.374982024173792,,0.0,1.374982024173792,3.0894414933
16835,1.3749667448680871,,0.0,1.3749667448680871,3.1160458195
16840,1.3749534154038632,,0.0,1.3749534154038632,3.0921341588
16845,1.3749378811817472,,0.0,1.3749378811817472,3.1820551176
16850,1.3749178623042941,,0.0,1.3749178623042941,3.197601039
16855,1.374894942814246,,0.0,1.374894942814246,3.2525463149
16860,1.3748773461409756,,0.0,1.3748773461409756,3.2728521723
16865,1.3748742135989582,,0.0,1.3748742135989582,3.2734916052
16870,1.37488944865803,,0.0,1.37488944865803,3.2646372792
16875,1.3749210080671521,,0.0,1.3749210080671521,3.312802534
16880,1.3749634033836373,,0.0,1.3749634033836373,3.3600235757
16885,1.3750100394674878,,0.0,1.3750100394674878,3.3703921838
16890,1.3750531936868056,,0.0,1.3750531936868056,3.2936193758
16895,1.3750850851449827,,0.0,1.3750850851449827,3.2847312741
16900,1.375101659694461,,0.0,1.375101659694461,3.3436249511
16905,1.3751064428484783,,0.0,1.3751064428484783,3.3370229603
16910,1.3751090124750003,,0.0,1.3751090124750003,3.2829847078
16915,1.3751193170241518,,0.0,1.3751193170241518,3.3152894698
16920,1.3751429344284303,,0.0,1.3751429344284303,3.2985155511
16925,1.3751786049210928,,0.0,1.3751786049210928,3.3369341421
16930,1.375220768507465,,0.0,1.375220768507465,3.4346311167
16935,1.3752618230048161,,0.0,1.3752618230048161,3.4005834477
16940,1.3752934552282168,,0.0,1.3752934552282168,3.335679436
16945,1.3753085885067458,,0.0,1.3753085885067458,3.3630660362
16950,1.3753081439808899,,0.0,1.3753081439808899,3.3628798884
16955,1.375301201378595,,0.0,1.375301201378595,3.3654739665
16960,1.3752976790543037,,0.0,1.3752976790543037,3.4216155602
16965,1.3753038461446692,,0.0,1.3753038461446692,3.4366774411
16970,1.3753211412631858,,0.0,1.3753211412631858,3.4273480515
16975,1.375346554110785,,0.0,1.375346554110785,3.3992645238
16980,1.3753743537519734,,0.0,1.3753743537519734,3.4098020322
16985,1.3753989895596068,,0.0,1.3753989895596068,3.460232191
16990,1.3754111436977334,,0.0,1.3754111436977334,3.465720279
16995,1.3754022297285688,,0.0,1.3754022297285688,3.4399020317
17000,1.3753665610296886,,0.0,1.3753665610296886,3.4472221036
17005,1.3753167160019777,,0.0,1.3753167160019777,3.4254360625
17010,1.375273043578852,,0.0,1.375273043578852,3.403292003
17015,1.3752455680807891,,0.0,1.3752455680807891,3.338391989
17020,1.3752342576847598,,0.0,1.3752342576847598,3.2185679217
17025,1.3752328851090334,,0.0,1.3752328851090334,3.1543838253
17030,1.3752333669057017,,0.0,1.3752333669057017,3.1617014321
17035,1.3752289130104116,,0.0,1.3752289130104116,3.1392906095
17040,1.3752142005399488,,0.0,1.3752142005399488,3.1503946298
17045,1.3751849124579776,,0.0,1.3751849124579776,3.1698703519
17050,1.3751459982087884,,0.0,1.3751459982087884,3.1173576415
17055,1.3751114928774564,,0.0,1.3751114928774564,3.0968058864
17060,1.3750924553318549,,0.0,1.3750924553318549,3.0842461282
17065,1.3750928023290971,,0.0,1.3750928023290971,3.0912737184
17070,1.3751116786335904,,0.0,1.3751116786335904,3.1452904455
17075,1.3751461534041853,,0.0,1.3751461534041853,3.2745498418
17080,1.3751922521505489,,0.0,1.3751922521505489,3.2830540531
17085,1.3752458009403206,,0.0,1.3752458009403206,3.2570785959
17090,1.3752897904643147,,0.0,1.3752897904643147,3.2234009485
17095,1.3753143691366565,,0.0,1.3753143691366565,3.1616192724
17100,1.375306661386509,,0.0,1.375306661386509,3.177815008
17105,1.3752807250866272,,0.0,1.3752807250866272,3.1622567325
17110,1.3752532453366355,,0.0,1.3752532453366355,3.1751858508
17115,1.375233459252278,,0.0,1.375233459252278,3.2353883671
17120,1.3752249946588255,,0.0,1.3752249946588255,3.1889096318
17125,1.3752280171821882,,0.0,1.3752280171821882,3.1897998323
17130,1.3752405215065029,,0.0,1.3752405215065029,3.2078182171
17135,1.3752600191905109,,0.0,1.3752600191905109,3.1498502468
17140,1.375272347325531,,0.0,1.375272347325531,3.1715222584
17145,1.3752676331989184,,0.0,1.3752676331989184,3.1404868685
17150,1.3752353048550694,,0.0,1.3752353048550694,3.151810859
17155,1.3751810827989666,,0.0,1.3751810827989666,3.1502708191
17160,1.375126920136992,,0.0,1.375126920136992,3.1461609292
17165,1.3750871992172087,,0.0,1.3750871992172087,3.1427858405
17170,1.3750669084820657,,0.0,1.3750669084820657,3.1661183541
17175,1.3750644184463339,,0.0,1.3750644184463339,3.1984395265
17180,1.3750744345951351,,0.0,1.3750744345951351,3.1709463941
17185,1.375090066611611,,0.0,1.375090066611611,3.2531449104
17190,1.375103910426332,,0.0,1.375103910426332,3.2843576478
17195,1.3751077690516076,,0.0,1.3751077690516076,3.3286267039
17200,1.3750961318549975,,0.0,1.3750961318549975,3.3222965984
17205,1.3750751756930166,,0.0,1.3750751756930166,3.2570153529
17210,1.3750581131018498,,0.0,1.3750581131018498,3.1960526028
17215,1.3750545598846389,,0.0,1.3750545598846389,3.2374108083
17220,1.375066599951491,,0.0,1.375066599951491,3.2073383334
17225,1.3750900215677415,,0.0,1.3750900215677415,3.2361525554
17230,1.3751176456175627,,0.0,1.3751176456175627,3.1814345449
17235,1.3751431511439203,,0.0,1.3751431511439203,3.1380401699
17240,1.3751650861796063,,0.0,1.3751650861796063,3.1226840356
17245,1.3751754681271469,,0.0,1.3751754681271469,3.09242282
17250,1.3751738177808923,,0.0,1.3751738177808923,3.0013441812
17255,1.3751631649722078,,0.0,1.3751631649722078,3.0257118363
17260,1.3751393327790944,,0.0,1.3751393327790944,3.0728615047
17265,1.375116618976096,,0.0,1.375116618976096,3.0678315048
17270,1.3751061541159464,,0.0,1.3751061541159464,3.067491603
17275,1.375111144285741,,0.0,1.375111144285741,3.011880258
17280,1.375129665022699,,0.0,1.375129665022699,3.0170322278
17285,1.375157639657327,,0.0,1.375157639657327,3.0723485351
17290,1.3751909972336616,,0.0,1.3751909972336616,3.0380325052
17295,1.3752155050848165,,0.0,1.3752155050848165,3.0730741429
17300,1.3752226791514783,,0.0,1.3752226791514783,3.1045205599
17305,1.375206579821466,,0.0,1.375206579821466,3.0213062969
17310,1.375165905871732,,0.0,1.375165905871732,3.0337347709
17315,1.3751177613497463,,0.0,1.3751177613497463,3.0294628306
17320,1.3750759658209506,,0.0,1.3750759658209506,3.0443252605
17325,1.37504751902293,,0.0,1.37504751902293,3.0947067443
17330,1.3750338072173072,,0.0,1.3750338072173072,3.1015823962
17335,1.3750329959626024,,0.0,1.3750329959626024,3.0584316585
17340,1.3750416783345267,,0.0,1.3750416783345267,3.0820892822
17345,1.3750552538126868,,0.0,1.3750552538126868,3.0523398004
17350,1.3750669980383137,,0.0,1.3750669980383137,2.9784586409
17355,1.3750702063842468,,0.0,1.3750702063842468,2.9342939078
17360,1.3750663184605254,,0.0,1.3750663184605254,2.8769425139
17365,1.3750637759400486,,0.0,1.3750637759400486,2.8766572432
17370,1.3750699385791767,,0.0,1.3750699385791767,2.8833464641
17375,1.375087475260391,,0.0,1.375087475260391,2.8576167529
17380,1.375114482647681,,0.0,1.375114482647681,2.9001917584
17385,1.3751462635557123,,0.0,1.3751462635557123,2.951432745
17390,1.375177645446812,,0.0,1.375177645446812,2.9466152461
17395,1.3752048260337593,,0.0,1.3752048260337593,2.9658788272
17400,1.375226233365235,,0.0,1.375226233365235,3.0042384704
17405,1.375242594454606,,0.0,1.375242594454606,2.9832361196
17410,1.3752564444479112,,0.0,1.3752564444479112,3.0646990068
17415,1.3752710526132488,,0.0,1.3752710526132488,3.0838992225
17420,1.375289059331891,,0.0,1.375289059331891,3.0838236973
17425,1.375311320105176,,0.0,1.375311320105176,3.073769689
17430,1.3753363447649745,,0.0,1.3753363447649745,3.080548882
17435,1.375360658754756,,0.0,1.375360658754756,3.0599743215
17440,1.3753800496090562,,0.0,1.3753800496090562,3.1393229634
17445,1.3753908538262634,,0.0,1.3753908538262634,3.1499067146
17450,1.3753906407647747,,0.0,1.3753906407647747,3.1747171397
17455,1.3753786993559551,,0.0,1.3753786993559551,3.1313552135
17460,1.3753576247378987,,0.0,1.3753576247378987,3.1398755063
17465,1.3753338231055228,,0.0,1.3753338231055228,3.1755334666
17470,1.3753146079090264,,0.0,1.3753146079090264,3.1289502007
17475,1.3753044532403609,,0.0,1.3753044532403609,3.0515083045
17480,1.3753035813956727,,0.0,1.3753035813956727,3.1170869225
17485,1.3753089012228128,,0.0,1.3753089012228128,3.1096329998
17490,1.3753156305643097,,0.0,1.3753156305643097,3.1248206207
17495,1.375318556688477,,0.0,1.375318556688477,3.1627716358
17500,1.3753136372069963,,0.0,1.3753136372069963,3.0941411262
17505,1.3753007282186571,,0.0,1.3753007282186571,3.032732572
17510,1.3752842242246204,,0.0,1.3752842242246204,3.0045568494
17515,1.375269998932173,,0.0,1.375269998932173,2.9764499638
17520,1.375261612268601,,0.0,1.375261612268601,3.0632982317
17525,1.3752584486343555,,0.0,1.3752584486343555,3.1010446802
17530,1.3752569803237975,,0.0,1.3752569803237975,3.1246052894
17535,1.3752534970641006,,0.0,1.3752534970641006,3.124449074
17540,1.3752455712697353,,0.0,1.3752455712697353,3.139076676
17545,1.3752320230304942,,0.0,1.3752320230304942,3.1408496217
17550,1.3752132704969866,,0.0,1.3752132704969866,3.1207853014
17555,1.3751920867239489,,0.0,1.3751920867239489,3.0987677035
17560,1.375172453974769,,0.0,1.375172453974769,3.0699200526
17565,1.3751573060137985,,0.0,1.3751573060137985,3.0765469886
17570,1.3751476269632175,,0.0,1.3751476269632175,2.9825737639
17575,1.3751431609100688,,0.0,1.3751431609100688,2.9834019172
17580,1.375143371845593,,0.0,1.375143371845593,2.9739666188
17585,1.3751475833809488,,0.0,1.3751475833809488,2.9679437697
17590,1.3751542660176668,,0.0,1.3751542660176668,2.9899723576
17595,1.3751611502888146,,0.0,1.3751611502888146,2.9676032631
17600,1.3751660766132427,,0.0,1.3751660766132427,2.9920353446
17605,1.3751680845201248,,0.0,1.3751680845201248,3.0735802873
17610,1.3751681653067698,,0.0,1.3751681653067698,2.9981121959
17615,1.375169584587275,,0.0,1.375169584587275,2.9761011425
17620,1.3751769491270547,,0.0,1.3751769491270547,2.9802924213
17625,1.3751934604290936,,0.0,1.3751934604290936,2.984605428
17630,1.3752182598031084,,0.0,1.3752182598031084,3.0807594269
17635,1.3752462103213285,,0.0,1.3752462103213285,3.1170443431
17640,1.3752699085786886,,0.0,1.3752699085786886,3.1281663375
17645,1.375282227744797,,0.0,1.375282227744797,3.1078578855
17650,1.3752786740625313,,0.0,1.3752786740625313,3.1191245118
17655,1.375259544502536,,0.0,1.375259544502536,3.1013883636
17660,1.3752307715682985,,0.0,1.3752307715682985,3.101393398
17665,1.3752016652562784,,0.0,1.3752016652562784,3.1314767251
17670,1.375180638538856,,0.0,1.375180638538856,3.2091612571
17675,1.3751722609770687,,0.0,1.3751722609770687,3.1816469498
17680,1.3751769883245222,,0.0,1.3751769883245222,3.1873840612
17685,1.37519246388331,,0.0,1.37519246388331,3.273156875
17690,1.375214470936038,,0.0,1.375214470936038,3.2881697527
17695,1.375236837143867,,0.0,1.375236837143867,3.246177612
17700,1.3752516351843944,,0.0,1.3752516351843944,3.3090418255
17705,1.3752536196392322,,0.0,1.3752536196392322,3.2848154252
17710,1.3752450033715116,,0.0,1.3752450033715116,3.2215754472
17715,1.3752320902641162,,0.0,1.3752320902641162,3.2762055725
17720,1.3752209177235872,,0.0,1.3752209177235872,3.2376577214
17725,1.3752160970330118,,0.0,1.3752160970330118,3.1720010111
17730,1.375220740737056,,0.0,1.375220740737056,3.1854367308
17735,1.3752363432557766,,0.0,1.3752363432557766,3.2118092897
17740,1.375262089680468,,0.0,1.375262089680468,3.2696434186
17745,1.375294029770079,,0.0,1.375294029770079,3.315506965
17750,1.3753260853261289,,0.0,1.3753260853261289,3.3021048864
17755,1.375353488873586,,0.0,1.375353488873586,3.2890633903
17760,1.3753760219696156,,0.0,1.3753760219696156,3.2921455172
17765,1.3753976791019011,,0.0,1.3753976791019011,3.2400366073
17770,1.3754237741847442,,0.0,1.3754237741847442,3.2275259332
17775,1.3754579002307508,,0.0,1.3754579002307508,3.2769102428
17780,1.3755010432887558,,0.0,1.3755010432887558,3.2712563504
17785,1.3755519053246577,,0.0,1.3755519053246577,3.3014525817
17790,1.375607584131388,,0.0,1.375607584131388,3.302645989
17795,1.3756641515247754,,0.0,1.3756641515247754,3.2874781345
17800,1.3757173235538045,,0.0,1.3757173235538045,3.2592789509
17805,1.3757635337139866,,0.0,1.3757635337139866,3.2128099954
17810,1.3758011490654012,,0.0,1.3758011490654012,3.1655753518
17815,1.3758317543815897,,0.0,1.3758317543815897,3.0773299176
17820,1.3758595183464386,,0.0,1.3758595183464386,3.0751144433
17825,1.3758883382512006,,0.0,1.3758883382512006,3.1636466532
17830,1.3759196492546768,,0.0,1.3759196492546768,3.122593729
17835,1.3759521892648503,,0.0,1.3759521892648503,3.1103667326
17840,1.375983034682136,,0.0,1.375983034682136,3.1276790591
17845,1.3760085305752174,,0.0,1.3760085305752174,3.1029335295
17850,1.3760243953847884,,0.0,1.3760243953847884,3.1566701314
17855,1.37602581160922,,0.0,1.37602581160922,3.2140050893
17860,1.3760093573095997,,0.0,1.3760093573095997,3.1813686852
17865,1.3759765086359792,,0.0,1.3759765086359792,3.183288272
17870,1.3759340715310073,,0.0,1.3759340715310073,3.248084204
17875,1.3758906875746681,,0.0,1.3758906875746681,3.2491016649
17880,1.375853591224298,,0.0,1.375853591224298,3.2314818198
17885,1.375827226675475,,0.0,1.375827226675475,3.2624343755
17890,1.3758126272797404,,0.0,1.3758126272797404,3.3893755139
17895,1.3758067091265116,,0.0,1.3758067091265116,3.3988571966
17900,1.3758020122733592,,0.0,1.3758020122733592,3.4457010062
17905,1.3757877204780902,,0.0,1.3757877204780902,3.5426654531
17910,1.3757525469960283,,0.0,1.3757525469960283,3.5074561425
17915,1.375693854236229,,0.0,1.375693854236229,3.4019145223
17920,1.3756234838200612,,0.0,1.3756234838200612,3.3926226428
17925,1.3755577945780586,,0.0,1.3755577945780586,3.351154696
17930,1.3755078416576574,,0.0,1.3755078416576574,3.3260670228
17935,1.3754759622909025,,0.0,1.3754759622909025,3.4301441894
17940,1.3754579588940794,,0.0,1.3754579588940794,3.4379195576
17945,1.3754468980995507,,0.0,1.3754468980995507,3.4571723896
17950,1.3754364708423952,,0.0,1.3754364708423952,3.5249805315
17955,1.3754234307086306,,0.0,1.3754234307086306,3.4528858404
17960,1.3754098604125091,,0.0,1.3754098604125091,3.4755899405
17965,1.3754024761411228,,0.0,1.3754024761411228,3.4727482021
17970,1.3754068811392335,,0.0,1.3754068811392335,3.4481648168
17975,1.3754228370995254,,0.0,1.3754228370995254,3.4787469343
17980,1.375444949985416,,0.0,1.375444949985416,3.5375142504
17985,1.3754669987601946,,0.0,1.3754669987601946,3.5709474264
17990,1.375485180870895,,0.0,1.375485180870895,3.5271525847
17995,1.375498600821476,,0.0,1.375498600821476,3.5286204864
18000,1.3755076915778623,,0.0,1.3755076915778623,3.5159323996
18005,1.3755120550532318,,0.0,1.3755120550532318,3.5355721261
18010,1.3755099476910806,,0.0,1.3755099476910806,3.5110127999
18015,1.3754999876145886,,0.0,1.3754999876145886,3.5214230901
18020,1.3754831620020096,,0.0,1.3754831620020096,3.459852093
18025,1.375463555030147,,0.0,1.375463555030147,3.4336029601
18030,1.3754474781556334,,0.0,1.3754474781556334,3.3908670179
18035,1.375440968917882,,0.0,1.375440968917882,3.3294732827
18040,1.375446376773233,,0.0,1.375446376773233,3.4174892684
18045,1.3754602356025771,,0.0,1.3754602356025771,3.523969685
18050,1.3754737117583404,,0.0,1.3754737117583404,3.4301932167
18055,1.375469528857067,,0.0,1.375469528857067,3.417276132
18060,1.3754404395527615,,0.0,1.3754404395527615,3.4217457497
18065,1.3753864420516415,,0.0,1.3753864420516415,3.4244926379
18070,1.3753321212046328,,0.0,1.3753321212046328,3.4930835281
18075,1.375299075746438,,0.0,1.375299075746438,3.5375532044
18080,1.375295934966309,,0.0,1.375295934966309,3.4375680437
18085,1.3753194582302293,,0.0,1.3753194582302293,3.4247464222
18090,1.375362672042985,,0.0,1.375362672042985,3.5103098647
18095,1.3754068972832751,,0.0,1.3754068972832751,3.5102444387
18100,1.375431883609279,,0.0,1.375431883609279,3.508040695
18105,1.3754380821904915,,0.0,1.3754380821904915,3.4937356798
18110,1.3754298210916884,,0.0,1.3754298210916884,3.5181600362
18115,1.375404524441327,,0.0,1.375404524441327,3.4469744091
18120,1.375388605087484,,0.0,1.375388605087484,3.4895072644
18125,1.3753970255007397,,0.0,1.3753970255007397,3.5900504474
18130,1.3754304884451816,,0.0,1.3754304884451816,3.5959982929
18135,1.3754847766054887,,0.0,1.3754847766054887,3.5576000722
18140,1.3755601446323265,,0.0,1.3755601446323265,3.6034638863
18145,1.3756491320517747,,0.0,1.3756491320517747,3.6434404027
18150,1.375735238656671,,0.0,1.375735238656671,3.6754988672
18155,1.37581507067713,,0.0,1.37581507067713,3.7200452474
18160,1.3758826980678092,,0.0,1.3758826980678092,3.6804121316
18165,1.3759236924402314,,0.0,1.3759236924402314,3.6481547617
18170,1.375954917408588,,0.0,1.375954917408588,3.6440585384
18175,1.3759916371975247,,0.0,1.3759916371975247,3.5817060896
18180,1.3760399650174981,,0.0,1.3760399650174981,3.5843508344
18185,1.3760995722077083,,0.0,1.3760995722077083,3.6035567667
18190,1.3761670237412753,,0.0,1.3761670237412753,3.6194810935
18195,1.3762400357345708,,0.0,1.3762400357345708,3.6807028421
18200,1.3762948288778447,,0.0,1.3762948288778447,3.6897283635
18205,1.3763184443554684,,0.0,1.3763184443554684,3.7410466946
18210,1.376309655685327,,0.0,1.376309655685327,3.7252824981
18215,1.376269948385003,,0.0,1.376269948385003,3.701621077
18220,1.3762032848534058,,0.0,1.3762032848534058,3.6648036333
18225,1.376144492372592,,0.0,1.376144492372592,3.6649987255
18230,1.3761137797616407,,0.0,1.3761137797616407,3.7027387212
18235,1.376111684025857,,0.0,1.376111684025857,3.7287043006
18240,1.3761267250242466,,0.0,1.3761267250242466,3.7156911109
18245,1.3761484070701768,,0.0,1.3761484070701768,3.7287080494
18250,1.376148865946292,,0.0,1.376148865946292,3.7115510274
18255,1.3761159094464173,,0.0,1.3761159094464173,3.5933743248
18260,1.3760543865630284,,0.0,1.3760543865630284,3.5649273306
18265,1.3759665350064643,,0.0,1.3759665350064643,3.6881753506
18270,1.3758694170357106,,0.0,1.3758694170357106,3.6918526223
18275,1.3757947703751474,,0.0,1.3757947703751474,3.661905758
18280,1.3757559440212965,,0.0,1.3757559440212965,3.6429983448
18285,1.3757527712188293,,0.0,1.3757527712188293,3.601432533
18290,1.375780538173316,,0.0,1.375780538173316,3.5687282127
18295,1.375835997607101,,0.0,1.375835997607101,3.6246633422
18300,1.3758917968629982,,0.0,1.3758917968629982,3.6020154638
18305,1.3759364625100885,,0.0,1.3759364625100885,3.5321390505
18310,1.3759632435486129,,0.0,1.3759632435486129,3.5468605971
18315,1.3759626038990924,,0.0,1.3759626038990924,3.4882329585
18320,1.37592848861578,,0.0,1.37592848861578,3.4963124867
18325,1.3758881625269608,,0.0,1.3758881625269608,3.4793127988
18330,1.3758617219749127,,0.0,1.3758617219749127,3.5362267671
18335,1.375858771269283,,0.0,1.375858771269283,3.5272891724
18340,1.375880544200188,,0.0,1.375880544200188,3.5211220441
18345,1.375925931213553,,0.0,1.375925931213553,3.6030431196
18350,1.3759736916667935,,0.0,1.3759736916667935,3.600587372
18355,1.3759998638822801,,0.0,1.3759998638822801,3.5416459914
18360,1.3759978778994055,,0.0,1.3759978778994055,3.4810745507
18365,1.3759694273809477,,0.0,1.3759694273809477,3.4272425263
18370,1.3759096805414548,,0.0,1.3759096805414548,3.4074369078
18375,1.3758477682079735,,0.0,1.3758477682079735,3.4447675962
18380,1.375807921125494,,0.0,1.375807921125494,3.4455844264
18385,1.3757962509764368,,0.0,1.3757962509764368,3.4300060257
18390,1.3758062286585708,,0.0,1.3758062286585708,3.4689367152
18395,1.3758300997169701,,0.0,1.3758300997169701,3.4152347129
18400,1.3758541958618433,,0.0,1.3758541958618433,3.3634807954
18405,1.3758546141453272,,0.0,1.3758546141453272,3.3962797347
18410,1.3758306110778298,,0.0,1.3758306110778298,3.4233559625
18415,1.3757872515036442,,0.0,1.3757872515036442,3.4378591439
18420,1.375720481142339,,0.0,1.375720481142339,3.4478482722
18425,1.3756442181509507,,0.0,1.3756442181509507,3.4602623315
18430,1.375583369663312,,0.0,1.375583369663312,3.4881808481
18435,1.3755449484385402,,0.0,1.3755449484385402,3.5194121422
18440,1.3755261694633514,,0.0,1.3755261694633514,3.5161547995
18445,1.375526733840447,,0.0,1.375526733840447,3.5238143767
18450,1.3755334282364051,,0.0,1.3755334282364051,3.5641364314
18455,1.3755296016999041,,0.0,1.3755296016999041,3.5658254302
18460,1.3755138683015038,,0.0,1.3755138683015038,3.5685974889
18465,1.3754876230059931,,0.0,1.3754876230059931,3.557379936
18470,1.3754443322599026,,0.0,1.3754443322599026,3.5365292625
18475,1.3754086378501413,,0.0,1.3754086378501413,3.5133655595
18480,1.3754011206395478,,0.0,1.3754011206395478,3.473617664
18485,1.3754282070861366,,0.0,1.3754282070861366,3.5071522148
18490,1.3754867494339589,,0.0,1.3754867494339589,3.5749329659
18495,1.375572509373795,,0.0,1.375572509373795,3.5369985276
18500,1.3756652519106298,,0.0,1.3756652519106298,3.5870297285
18505,1.3757392027164903,,0.0,1.3757392027164903,3.5268658932
18510,1.3757848182710217,,0.0,1.3757848182710217,3.4465407966
18515,1.3757995904677953,,0.0,1.3757995904677953,3.5009369084
18520,1.3757755676686916,,0.0,1.3757755676686916,3.5015379395
18525,1.3757369586946941,,0.0,1.3757369586946941,3.3764559868
18530,1.3757072585742596,,0.0,1.3757072585742596,3.3725326729
18535,1.3756958814096627,,0.0,1.3756958814096627,3.4495559015
18540,1.3757033161062655,,0.0,1.3757033161062655,3.4653658356
18545,1.3757287982470152,,0.0,1.3757287982470152,3.4604120809
18550,1.3757607004678867,,0.0,1.3757607004678867,3.4880817139
18555,1.3757791456002377,,0.0,1.3757791456002377,3.5120617717
18560,1.3757822767470909,,0.0,1.3757822767470909,3.4175736569
18565,1.3757723680259248,,0.0,1.3757723680259248,3.3817042618
18570,1.3757417437089303,,0.0,1.3757417437089303,3.3734513965
18575,1.3757059657886321,,0.0,1.3757059657886321,3.343880663
18580,1.3756808503102949,,0.0,1.3756808503102949,3.3202218954
18585,1.37566964993292,,0.0,1.37566964993292,3.3434254599
18590,1.3756685955874806,,0.0,1.3756685955874806,3.3026538761
18595,1.375676519521627,,0.0,1.375676519521627,3.2020559077
18600,1.3756806285456395,,0.0,1.3756806285456395,3.2641219232
18605,1.3756688643226602,,0.0,1.3756688643226602,3.2620484303
18610,1.375643954929991,,0.0,1.375643954929991,3.2066960061
18615,1.375611570048778,,0.0,1.375611570048778,3.2012917329
18620,1.3755686082292329,,0.0,1.3755686082292329,3.1111360849
18625,1.375531653189055,,0.0,1.375531653189055,3.0887556923
18630,1.375518313560064,,0.0,1.375518313560064,3.1543040762
18635,1.3755344097011295,,0.0,1.3755344097011295,3.1963432543
18640,1.37557681006678,,0.0,1.37557681006678,3.2367440158
18645,1.3756389585816122,,0.0,1.3756389585816122,3.2356042005
18650,1.3756929626599343,,0.0,1.3756929626599343,3.2977170319
18655,1.3757255655189282,,0.0,1.3757255655189282,3.3293953174
18660,1.3757345344309837,,0.0,1.3757345344309837,3.3363642298
18665,1.3757240972083702,,0.0,1.3757240972083702,3.3771119219
18670,1.3756968644688603,,0.0,1.3756968644688603,3.4298096733
18675,1.37567029675757,,0.0,1.37567029675757,3.4556194003
18680,1.375659827911237,,0.0,1.375659827911237,3.4959959931
18685,1.375671789649591,,0.0,1.375671789649591,3.5434633736
18690,1.375707640982095,,0.0,1.375707640982095,3.5080663753
18695,1.3757500442709465,,0.0,1.3757500442709465,3.4706312576
18700,1.375782245056935,,0.0,1.375782245056935,3.4701380486
18705,1.3757978573418042,,0.0,1.3757978573418042,3.4037843226
18710,1.3757952109148204,,0.0,1.3757952109148204,3.457600875
18715,1.3757690890581138,,0.0,1.3757690890581138,3.4746835169
18720,1.3757221914806497,,0.0,1.3757221914806497,3.4169310716
18725,1.3756743127042066,,0.0,1.3756743127042066,3.4452622472
18730,1.375637996117694,,0.0,1.375637996117694,3.3871347578
18735,1.375618495444049,,0.0,1.375618495444049,3.3610590536
18740,1.3756182643118633,,0.0,1.3756182643118633,3.4610598023
18745,1.375632960372539,,0.0,1.375632960372539,3.4757408677
18750,1.3756400015664296,,0.0,1.3756400015664296,3.4864761577
18755,1.3756346564270268,,0.0,1.3756346564270268,3.5230210193
18760,1.3756163730008382,,0.0,1.3756163730008382,3.5277512631
18765,1.3755819901117647,,0.0,1.3755819901117647,3.5483451617
18770,1.375532789317685,,0.0,1.375532789317685,3.5372493818
18775,1.375489512589672,,0.0,1.375489512589672,3.4994773482
18780,1.375465522676579,,0.0,1.375465522676579,3.5154315543
18785,1.3754649483340258,,0.0,1.3754649483340258,3.5085535435
18790,1.3754862421921545,,0.0,1.3754862421921545,3.5079118613
18795,1.3755258685729612,,0.0,1.3755258685729612,3.5279079933
18800,1.3755572825528348,,0.0,1.3755572825528348,3.4824908619
18805,1.37557065114809,,0.0,1.37557065114809,3.4380103036
18810,1.3755642832869668,,0.0,1.3755642832869668,3.3686194941
18815,1.375536242681008,,0.0,1.375536242681008,3.265155579
18820,1.3754898312185773,,0.0,1.3754898312185773,3.2417758204
18825,1.3754515300443544,,0.0,1.3754515300443544,3.3225847899
18830,1.3754372156607142,,0.0,1.3754372156607142,3.2716314139
18835,1.3754511195339276,,0.0,1.3754511195339276,3.2189255858
18840,1.3754890806202928,,0.0,1.3754890806202928,3.2553917392
18845,1.37554466721332,,0.0,1.37554466721332,3.1655608477
18850,1.3755920874458296,,0.0,1.3755920874458296,3.1585395959
18855,1.3756183433047258,,0.0,1.3756183433047258,3.2042000773
18860,1.3756196495105029,,0.0,1.3756196495105029,3.201722566
18865,1.3755916721519832,,0.0,1.3755916721519832,3.2032833534
18870,1.375543597454639,,0.0,1.375543597454639,3.2270925079
18875,1.3754980974994184,,0.0,1.3754980974994184,3.2399910459
18880,1.3754679291353384,,0.0,1.3754679291353384,3.2169368625
18885,1.3754558943169606,,0.0,1.3754558943169606,3.2404117235
18890,1.375460642724748,,0.0,1.375460642724748,3.3643892427
18895,1.375478549390194,,0.0,1.375478549390194,3.4088158975
18900,1.3754885840083106,,0.0,1.3754885840083106,3.3962158665
18905,1.3754850149128035,,0.0,1.3754850149128035,3.450837136
18910,1.3754658957168842,,0.0,1.3754658957168842,3.4931815773
18915,1.3754285433871203,,0.0,1.3754285433871203,3.4392021656
18920,1.3753685992315623,,0.0,1.3753685992315623,3.4681096906
18925,1.3753037838273396,,0.0,1.3753037838273396,3.4649835159
18930,1.375248916474623,,0.0,1.375248916474623,3.3876633767
18935,1.3752108052420264,,0.0,1.3752108052420264,3.525186253
18940,1.3751906940844338,,0.0,1.3751906940844338,3.5346688481
18945,1.375190497632042,,0.0,1.375190497632042,3.5173272822
18950,1.375192009192687,,0.0,1.375192009192687,3.5264767014
18955,1.375190476638144,,0.0,1.375190476638144,3.4622385211
18960,1.37518544215528,,0.0,1.37518544215528,3.446115396
18965,1.3751705316379517,,0.0,1.3751705316379517,3.4770023605
18970,1.3751502420986637,,0.0,1.3751502420986637,3.4231062625
18975,1.3751459341641126,,0.0,1.3751459341641126,3.4509309706
18980,1.3751665456541253,,0.0,1.3751665456541253,3.4363293187
18985,1.375210276009779,,0.0,1.375210276009779,3.4564979511
18990,1.3752721103469436,,0.0,1.3752721103469436,3.4841575677
18995,1.3753443270302672,,0.0,1.3753443270302672,3.5120917532
19000,1.3754034205343442,,0.0,1.3754034205343442,3.5306896463
19005,1.3754445708329635,,0.0,1.3754445708329635,3.5166131445
19010,1.3754664551112512,,0.0,1.3754664551112512,3.5202815365
19015,1.3754664394322642,,0.0,1.3754664394322642,3.4818566004
19020,1.3754546340187257,,0.0,1.3754546340187257,3.4496933269
19025,1.3754521534833968,,0.0,1.3754521534833968,3.384091257
19030,1.3754677753351057,,0.0,1.3754677753351057,3.351487385
19035,1.3755006335091293,,0.0,1.3755006335091293,3.328557597
19040,1.3755448721695693,,0.0,1.3755448721695693,3.2637356081
19045,1.3755938982359552,,0.0,1.3755938982359552,3.306371902
19050,1.375624713092504,,0.0,1.375624713092504,3.3784855871
19055,1.3756290687283799,,0.0,1.3756290687283799,3.3007849828
19060,1.3756085714425144,,0.0,1.3756085714425144,3.2422559981
19065,1.3755617263497946,,0.0,1.3755617263497946,3.2521697686
19070,1.375505524090782,,0.0,1.375505524090782,3.2269329635
19075,1.3754609653398364,,0.0,1.3754609653398364,3.2808859068
19080,1.3754364832659993,,0.0,1.3754364832659993,3.3439235046
19085,1.3754307401726464,,0.0,1.3754307401726464,3.2648324895
19090,1.3754388497300543,,0.0,1.3754388497300543,3.2529459366
19095,1.3754556324247287,,0.0,1.3754556324247287,3.3044093643
19100,1.3754577538713932,,0.0,1.3754577538713932,3.3215512042
19105,1.3754408853409088,,0.0,1.3754408853409088,3.3023346801
19110,1.3754055984519367,,0.0,1.3754055984519367,3.2785218071
19115,1.375339202061046,,0.0,1.375339202061046,3.2862227087
19120,1.3752547441414946,,0.0,1.3752547441414946,3.2790310415
19125,1.3751786546819456,,0.0,1.3751786546819456,3.266225695
19130,1.3751218810700172,,0.0,1.3751218810700172,3.3425290566
19135,1.375085446492484,,0.0,1.375085446492484,3.3679591811
19140,1.3750701376225878,,0.0,1.3750701376225878,3.2880262726
19145,1.3750696325067482,,0.0,1.3750696325067482,3.3398341909
19150,1.3750654695363902,,0.0,1.3750654695363902,3.3426127718
19155,1.3750561330982498,,0.0,1.3750561330982498,3.3232574832
19160,1.3750418817627394,,0.0,1.3750418817627394,3.4005267728
19165,1.3750112620298556,,0.0,1.3750112620298556,3.3855829672
19170,1.3749814571392407,,0.0,1.3749814571392407,3.2842375204
19175,1.3749709068418992,,0.0,1.3749709068418992,3.3015011558
19180,1.3749858424057448,,0.0,1.3749858424057448,3.3259923144
19185,1.3750231187987199,,0.0,1.3750231187987199,3.3184142763
19190,1.3750753940029798,,0.0,1.3750753940029798,3.3958748255
19195,1.3751374778752086,,0.0,1.3751374778752086,3.4146014184
19200,1.3751908468881209,,0.0,1.3751908468881209,3.4389993077
19205,1.375222056243927,,0.0,1.375222056243927,3.4531726404
19210,1.3752300830880344,,0.0,1.3752300830880344,3.4556336207
19215,1.3752145821505477,,0.0,1.3752145821505477,3.4630529937
19220,1.3751721942085011,,0.0,1.3751721942085011,3.4592782947
19225,1.3751264651806232,,0.0,1.3751264651806232,3.4238599093
19230,1.3750957802736448,,0.0,1.3750957802736448,3.420669446
19235,1.375085217486263,,0.0,1.375085217486263,3.4014636554
19240,1.375090115043736,,0.0,1.375090115043736,3.4016937065
19245,1.3751027483210754,,0.0,1.3751027483210754,3.3925006264
19250,1.3751163273868,,0.0,1.3751163273868,3.3185676551
19255,1.3751093281142681,,0.0,1.3751093281142681,3.2872187178
19260,1.375079350887669,,0.0,1.375079350887669,3.2984573126
19265,1.3750268996269877,,0.0,1.3750268996269877,3.3020771964
19270,1.3749513221262262,,0.0,1.3749513221262262,3.3194796986
19275,1.3748790482411744,,0.0,1.3748790482411744,3.3678778231
19280,1.3748274010600676,,0.0,1.3748274010600676,3.2906832203
19285,1.3748006952939682,,0.0,1.3748006952939682,3.2736900139
19290,1.3747961014836498,,0.0,1.3747961014836498,3.2830109792
19295,1.3748104020485221,,0.0,1.3748104020485221,3.2583385905
19300,1.3748361337243358,,0.0,1.3748361337243358,3.3508037353
19305,1.3748546539962387,,0.0,1.3748546539962387,3.4341497029
19310,1.3748616516742973,,0.0,1.3748616516742973,3.3591875896
19315,1.3748534282449247,,0.0,1.3748534282449247,3.2555337646
19320,1.374821913015999,,0.0,1.374821913015999,3.2050282467
19325,1.3747903748665207,,0.0,1.3747903748665207,3.1547397914
19330,1.3747775567631568,,0.0,1.3747775567631568,3.1655674318
19335,1.374788583010765,,0.0,1.374788583010765,3.1885825901
19340,1.3748224139463467,,0.0,1.3748224139463467,3.2110700451
19345,1.3748766285615746,,0.0,1.3748766285615746,3.2154456691
19350,1.374950789439286,,0.0,1.374950789439286,3.1809569887
19355,1.3750269435414386,,0.0,1.3750269435414386,3.2283467135
19360,1.3750982216115064,,0.0,1.3750982216115064,3.2092999027
19365,1.375164754064115,,0.0,1.375164754064115,3.1546118384
19370,1.3752172481762652,,0.0,1.3752172481762652,3.1595063347
19375,1.375256197038811,,0.0,1.375256197038811,3.1181566093
19380,1.3752987587120058,,0.0,1.3752987587120058,3.0476531083
19385,1.375353251762126,,0.0,1.375353251762126,3.0498529733
19390,1.3754193265344743,,0.0,1.3754193265344743,3.0635643154
19395,1.3754915329201578,,0.0,1.3754915329201578,3.0758899564
19400,1.375562696985388,,0.0,1.375562696985388,3.079200724
19405,1.375628747774201,,0.0,1.375628747774201,3.0870303339
19410,1.3756754680329522,,0.0,1.3756754680329522,3.0734041136
19415,1.3756979255243746,,0.0,1.3756979255243746,3.1830021168
19420,1.3756996651611315,,0.0,1.3756996651611315,3.2192747336
19425,1.3756792649388252,,0.0,1.3756792649388252,3.2327429435
19430,1.3756444037077755,,0.0,1.3756444037077755,3.2103346048
19435,1.3756156695059512,,0.0,1.3756156695059512,3.2025014313
19440,1.3756029835445582,,0.0,1.3756029835445582,3.1968764067
19445,1.3756036580731812,,0.0,1.3756036580731812,3.2324626856
19450,1.3756083470204037,,0.0,1.3756083470204037,3.2597321355
19455,1.3756078325370336,,0.0,1.3756078325370336,3.3423268196
19460,1.3755968522634046,,0.0,1.3755968522634046,3.3467271333
19465,1.3755730995946447,,0.0,1.3755730995946447,3.3321062467
19470,1.37553217989672,,0.0,1.37553217989672,3.3756649588
19475,1.375475595694927,,0.0,1.375475595694927,3.3178512682
19480,1.3754080466327459,,0.0,1.3754080466327459,3.2790158661
19485,1.3753477809250816,,0.0,1.3753477809250816,3.2712326052
19490,1.3753074175654496,,0.0,1.3753074175654496,3.2554760145
19495,1.3752900219286819,,0.0,1.3752900219286819,3.313587686
19500,1.3752924076592887,,0.0,1.3752924076592887,3.3052722256
19505,1.3753099175666397,,0.0,1.3753099175666397,3.2512145122
19510,1.3753363182568565,,0.0,1.3753363182568565,3.2753700109
19515,1.3753547582736059,,0.0,1.3753547582736059,3.2761995281
19520,1.3753600454804806,,0.0,1.3753600454804806,3.2199127809
19525,1.3753467280412424,,0.0,1.3753467280412424,3.2470656623
19530,1.3753151225917055,,0.0,1.3753151225917055,3.2310330248
19535,1.375283792919605,,0.0,1.375283792919605,3.2366647355
19540,1.37526532433521,,0.0,1.37526532433521,3.2555802679
19545,1.375264065033521,,0.0,1.375264065033521,3.2642673674
19550,1.3752785411233237,,0.0,1.3752785411233237,3.278132252
19555,1.3753037779145014,,0.0,1.3753037779145014,3.3001263127
19560,1.3753328035727495,,0.0,1.3753328035727495,3.2666798749
19565,1.375356812619521,,0.0,1.375356812619521,3.2570381046
19570,1.3753662560866788,,0.0,1.3753662560866788,3.2437271582
19575,1.3753585685331926,,0.0,1.3753585685331926,3.1543450604
19580,1.375341407616175,,0.0,1.375341407616175,3.097915339
19585,1.3753245125775726,,0.0,1.3753245125775726,3.0347143574
19590,1.3753140423360757,,0.0,1.3753140423360757,3.0244124952
19595,1.375311463275587,,0.0,1.375311463275587,3.016477262
19600,1.3753147096895688,,0.0,1.3753147096895688,2.9842877389
19605,1.375319671291718,,0.0,1.375319671291718,2.9948264873
19610,1.375320759519714,,0.0,1.375320759519714,3.085390357
19615,1.375312048912326,,0.0,1.375312048912326,3.0600306205
19620,1.3752901062364553,,0.0,1.3752901062364553,3.0319118255
19625,1.3752568480489538,,0.0,1.3752568480489538,3.0873530607
19630,1.3752188041828521,,0.0,1.3752188041828521,3.0663028939
19635,1.375182740386787,,0.0,1.375182740386787,3.1057244026
19640,1.3751520177439416,,0.0,1.3751520177439416,3.1397472859
19645,1.3751264381410144,,0.0,1.3751264381410144,3.1380871781
19650,1.3751038304369239,,0.0,1.3751038304369239,3.1466667381
19655,1.3750806725731244,,0.0,1.3750806725731244,3.1475451454
19660,1.3750539783669558,,0.0,1.3750539783669558,3.1739533964
19665,1.375022334317879,,0.0,1.375022334317879,3.1586850272
19670,1.3749867395626958,,0.0,1.3749867395626958,3.1869613413
19675,1.3749515840848943,,0.0,1.3749515840848943,3.2517928806
19680,1.3749241991396248,,0.0,1.3749241991396248,3.2648123651
19685,1.3749113012461618,,0.0,1.3749113012461618,3.2666245439
19690,1.3749165952295481,,0.0,1.3749165952295481,3.3157941199
19695,1.3749412111062658,,0.0,1.3749412111062658,3.3063661861
19700,1.3749850441061353,,0.0,1.3749850441061353,3.271632125
19705,1.3750469501945968,,0.0,1.3750469501945968,3.2880208887
19710,1.3751250417146255,,0.0,1.3751250417146255,3.3512978989
19715,1.3752038759934453,,0.0,1.3752038759934453,3.340199294
19720,1.3752730492259446,,0.0,1.3752730492259446,3.4083753974
19725,1.3753238888727848,,0.0,1.3753238888727848,3.3486996352
19730,1.3753522987321747,,0.0,1.3753522987321747,3.2810271561
19735,1.3753713198679889,,0.0,1.3753713198679889,3.2795474028
19740,1.3753924355437317,,0.0,1.3753924355437317,3.2857564056
19745,1.3754216797776884,,0.0,1.3754216797776884,3.3156339074
19750,1.3754601724215747,,0.0,1.3754601724215747,3.3812071729
19755,1.375504639490308,,0.0,1.375504639490308,3.3727510376
19760,1.3755504111039092,,0.0,1.3755504111039092,3.4057145175
19765,1.3755922704116357,,0.0,1.3755922704116357,3.3910216931
19770,1.3756216475847998,,0.0,1.3756216475847998,3.3727161817
19775,1.3756310781632983,,0.0,1.3756310781632983,3.3423684476
19780,1.3756265488627106,,0.0,1.3756265488627106,3.3260431173
19785,1.375620143265721,,0.0,1.375620143265721,3.3148695962
19790,1.3756201210095316,,0.0,1.3756201210095316,3.3063386586
19795,1.3756289161904385,,0.0,1.3756289161904385,3.3153999184
19800,1.3756456595547726,,0.0,1.3756456595547726,3.2700514484
19805,1.3756676646808457,,0.0,1.3756676646808457,3.248260521
19810,1.3756912088722273,,0.0,1.3756912088722273,3.2273232516
19815,1.3757122551883836,,0.0,1.3757122551883836,3.2279339366
19820,1.375727365612796,,0.0,1.375727365612796,3.158400138
19825,1.3757322209831646,,0.0,1.3757322209831646,3.1023918245
19830,1.3757262686151972,,0.0,1.3757262686151972,3.1542905556
19835,1.3757153825483626,,0.0,1.3757153825483626,3.1908367378
19840,1.3757069586804147,,0.0,1.3757069586804147,3.0979628506
19845,1.3757053126525254,,0.0,1.3757053126525254,3.1201915943
19850,1.3757102757827113,,0.0,1.3757102757827113,3.1346708577
19855,1.3757190677082354,,0.0,1.3757190677082354,3.1342893002
19860,1.3757290350262934,,0.0,1.3757290350262934,3.2298029724
19865,1.375739359772106,,0.0,1.375739359772106,3.2311341385
19870,1.375738199726377,,0.0,1.375738199726377,3.2453005125
19875,1.3757231577978781,,0.0,1.3757231577978781,3.2127373906
19880,1.3756995116930808,,0.0,1.3756995116930808,3.2252537131
19885,1.375664871828068,,0.0,1.375664871828068,3.2414446473
19890,1.3756310889924293,,0.0,1.3756310889924293,3.2540634057
19895,1.375614972189648,,0.0,1.375614972189648,3.2922592387
19900,1.375624177283054,,0.0,1.375624177283054,3.3497090539
19905,1.375657080766693,,0.0,1.375657080766693,3.3041899041
19910,1.3757089885777403,,0.0,1.3757089885777403,3.3575172656
19915,1.375773576171597,,0.0,1.375773576171597,3.4060317725
19920,1.3758288699794727,,0.0,1.3758288699794727,3.3371432596
19925,1.3758667613076327,,0.0,1.3758667613076327,3.2967794303
19930,1.3758816800630727,,0.0,1.3758816800630727,3.2653998969
19935,1.375865867140319,,0.0,1.375865867140319,3.1724238046
19940,1.3758363125820052,,0.0,1.3758363125820052,3.2399122085
19945,1.3758098019395701,,0.0,1.3758098019395701,3.2482773329
19950,1.37579456409017,,0.0,1.37579456409017,3.1983334642
19955,1.3757916332490197,,0.0,1.3757916332490197,3.2464067982
19960,1.375798004631271,,0.0,1.375798004631271,3.3039585395
19965,1.3758107911109154,,0.0,1.3758107911109154,3.3258595227
19970,1.3758231064237132,,0.0,1.3758231064237132,3.3948417382
19975,1.3758195358666057,,0.0,1.3758195358666057,3.3409309992
19980,1.375799816351506,,0.0,1.375799816351506,3.3670497979
19985,1.3757683185289136,,0.0,1.3757683185289136,3.3123139159
19990,1.3757242438334734,,0.0,1.3757242438334734,3.3595128471
19995,1.3756772064074176,,0.0,1.3756772064074176,3.3625639494
20000,1.3756419983784351,,0.0,1.3756419983784351,3.3654415394
20005,1.3756248050404614,,0.0,1.3756248050404614,3.3452809001
20010,1.375623693825476,,0.0,1.375623693825476,3.3399598518
20015,1.3756320668031525,,0.0,1.3756320668031525,3.3694789195
20020,1.3756415116654743,,0.0,1.3756415116654743,3.3450827322
20025,1.3756447301761745,,0.0,1.3756447301761745,3.3078930562
20030,1.3756379505423337,,0.0,1.3756379505423337,3.2415372624
20035,1.3756217878320096,,0.0,1.3756217878320096,3.2135759132
20040,1.3756027323485844,,0.0,1.3756027323485844,3.1425724629
20045,1.3755906079075224,,0.0,1.3755906079075224,3.1160378306
20050,1.3755928472787715,,0.0,1.3755928472787715,3.2391921646
20055,1.3756110232773244,,0.0,1.3756110232773244,3.3216401418
20060,1.3756407665814099,,0.0,1.3756407665814099,3.2458011167
20065,1.3756740041071953,,0.0,1.3756740041071953,3.2661200876
20070,1.3757020057814324,,0.0,1.3757020057814324,3.2343903125
20075,1.3757179114493805,,0.0,1.3757179114493805,3.1738784352
20080,1.3757180671762683,,0.0,1.3757180671762683,3.2755689115
20085,1.375702860153351,,0.0,1.375702860153351,3.2846223202
20090,1.3756782622808938,,0.0,1.3756782622808938,3.2514745952
20095,1.3756544081637732,,0.0,1.3756544081637732,3.2786016589
20100,1.37564033315043,,0.0,1.37564033315043,3.2911933152
20105,1.3756409574531456,,0.0,1.3756409574531456,3.3272150083
20110,1.375657609733195,,0.0,1.375657609733195,3.3448672085
20115,1.375688345596881,,0.0,1.375688345596881,3.3886618064
20120,1.375714650153648,,0.0,1.375714650153648,3.4356593393
20125,1.375728522203833,,0.0,1.375728522203833,3.4051807966
20130,1.3757236819809606,,0.0,1.3757236819809606,3.4794766691
20135,1.375691323873611,,0.0,1.375691323873611,3.584927855
20140,1.3756488292347293,,0.0,1.3756488292347293,3.5159539225
20145,1.3756150129151525,,0.0,1.3756150129151525,3.4915130234
20150,1.37559985910778,,0.0,1.37559985910778,3.473626069
20155,1.3756049297984743,,0.0,1.3756049297984743,3.4609315499
20160,1.3756291586168095,,0.0,1.3756291586168095,3.5215684614
20165,1.3756609538751003,,0.0,1.3756609538751003,3.5790496404
20170,1.3756788738278232,,0.0,1.3756788738278232,3.5260005493
20175,1.375678007497355,,0.0,1.375678007497355,3.4891767831
20180,1.3756584487583086,,0.0,1.3756584487583086,3.5113354807
20185,1.375616635025943,,0.0,1.375616635025943,3.4248133134
20190,1.3755678001634748,,0.0,1.3755678001634748,3.4652094272
20195,1.3755293022046777,,0.0,1.3755293022046777,3.5029260773
20200,1.3755093286368398,,0.0,1.3755093286368398,3.5238596039
20205,1.3755088068454673,,0.0,1.3755088068454673,3.5755426741
20210,1.3755281145214124,,0.0,1.3755281145214124,3.6333931206
20215,1.375549768265442,,0.0,1.375549768265442,3.6331784572
20220,1.3755633820773963,,0.0,1.3755633820773963,3.6698642953
20225,1.375567713530428,,0.0,1.375567713530428,3.6469856384
20230,1.375559983856273,,0.0,1.375559983856273,3.6276726041
20235,1.375539808321823,,0.0,1.375539808321823,3.6263014649
20240,1.3755285589143957,,0.0,1.3755285589143957,3.6270608914
20245,1.3755406876073863,,0.0,1.3755406876073863,3.667170422
20250,1.375578047311589,,0.0,1.375578047311589,3.6267694236
20255,1.3756355971662468,,0.0,1.3756355971662468,3.6705494347
20260,1.3757092136642146,,0.0,1.3757092136642146,3.6213520001
20265,1.375780987681901,,0.0,1.375780987681901,3.5585244153
20270,1.3758336865509917,,0.0,1.3758336865509917,3.6374409095
20275,1.3758605218680433,,0.0,1.3758605218680433,3.6467150998
20280,1.3758513554406135,,0.0,1.3758513554406135,3.5871101811
20285,1.375810021246079,,0.0,1.375810021246079,3.638130315
20290,1.3757634072191085,,0.0,1.3757634072191085,3.5977652128
20295,1.3757284246087826,,0.0,1.3757284246087826,3.5236676115
20300,1.3757117686082956,,0.0,1.3757117686082956,3.5875598439
20305,1.3757154629363892,,0.0,1.3757154629363892,3.5644538643
20310,1.375739353394213,,0.0,1.375739353394213,3.5365466301
20315,1.3757588005201313,,0.0,1.3757588005201313,3.5521645748
20320,1.3757644916602305,,0.0,1.3757644916602305,3.5366289313
20325,1.3757507891557017,,0.0,1.3757507891557017,3.5445992064
20330,1.3757070312953843,,0.0,1.3757070312953843,3.5433295526
20335,1.3756357833874355,,0.0,1.3756357833874355,3.5746971396
20340,1.3755649913659647,,0.0,1.3755649913659647,3.610902418
20345,1.375510861390692,,0.0,1.375510861390692,3.5636026737
20350,1.3754796463213566,,0.0,1.3754796463213566,3.6402356878
20355,1.3754702081691095,,0.0,1.3754702081691095,3.7276487361
20360,1.3754825905826567,,0.0,1.3754825905826567,3.674101271
20365,1.3754924553893721,,0.0,1.3754924553893721,3.6270270873
20370,1.375491150578759,,0.0,1.375491150578759,3.5858175795
20375,1.3754775973567883,,0.0,1.3754775973567883,3.5469028233
20380,1.375451928861977,,0.0,1.375451928861977,3.5896058497
20385,1.3754101866151625,,0.0,1.3754101866151625,3.617198258
20390,1.3753792220110006,,0.0,1.3753792220110006,3.5343864946
20395,1.3753749718761048,,0.0,1.3753749718761048,3.5647536096
20400,1.3754001658822501,,0.0,1.3754001658822501,3.5767561206
20405,1.375448590433601,,0.0,1.375448590433601,3.493404711
20410,1.375514637834158,,0.0,1.375514637834158,3.5516124016
20415,1.375570587236287,,0.0,1.375570587236287,3.5611079372
20420,1.3756065752948725,,0.0,1.3756065752948725,3.5786554373
20425,1.3756196408737729,,0.0,1.3756196408737729,3.6116831525
20430,1.3756079032917843,,0.0,1.3756079032917843,3.5848206787
20435,1.3755633856649612,,0.0,1.3755633856649612,3.611619586
20440,1.3755184815112467,,0.0,1.3755184815112467,3.6187094753
20445,1.3754944856853155,,0.0,1.3754944856853155,3.6049272583
20450,1.3754975939116159,,0.0,1.3754975939116159,3.5971747397
20455,1.375522582363584,,0.0,1.375522582363584,3.6121773178
20460,1.3755619978088662,,0.0,1.3755619978088662,3.6536679965
20465,1.3756022126831762,,0.0,1.3756022126831762,3.6601716848
20470,1.3756177360761614,,0.0,1.3756177360761614,3.6072308319
20475,1.375605820710405,,0.0,1.375605820710405,3.5636623042
20480,1.375569212003105,,0.0,1.375569212003105,3.5598390504
20485,1.375503891017988,,0.0,1.375503891017988,3.5589150093
20490,1.375434534354628,,0.0,1.375434534354628,3.5210410034
20495,1.375384570804405,,0.0,1.375384570804405,3.6094465319
20500,1.3753632920273355,,0.0,1.3753632920273355,3.5820454767
20505,1.3753678415910209,,0.0,1.3753678415910209,3.578671627
20510,1.3753936199051775,,0.0,1.3753936199051775,3.5712100995
20515,1.375417003121197,,0.0,1.375417003121197,3.4828678584
20520,1.3754219687759657,,0.0,1.3754219687759657,3.4491199711
20525,1.37540594910318,,0.0,1.37540594910318,3.4984884954
20530,1.3753667068575552,,0.0,1.3753667068575552,3.4462416946
20535,1.3752939012156733,,0.0,1.3752939012156733,3.3889454225
20540,1.3752123384609332,,0.0,1.3752123384609332,3.3830698194
20545,1.3751468595565277,,0.0,1.3751468595565277,3.38710525
20550,1.3751081994265133,,0.0,1.3751081994265133,3.394080323
20555,1.3750983755446118,,0.0,1.3750983755446118,3.4468026809
20560,1.3751163689095407,,0.0,1.3751163689095407,3.4905454423
20565,1.3751577019746568,,0.0,1.3751577019746568,3.4671394562
20570,1.3751997884283853,,0.0,1.3751997884283853,3.406446376
20575,1.3752395364542136,,0.0,1.3752395364542136,3.4252414495
20580,1.3752790722822266,,0.0,1.3752790722822266,3.4203799836
20585,1.3753119903818702,,0.0,1.3753119903818702,3.2870380762
20590,1.375342695551946,,0.0,1.375342695551946,3.2561457054
20595,1.3753893984708003,,0.0,1.3753893984708003,3.2507998268
20600,1.3754569947692514,,0.0,1.3754569947692514,3.2057306738
20605,1.37553963724813,,0.0,1.37553963724813,3.2495293999
20610,1.3756295876629878,,0.0,1.3756295876629878,3.2905691026
20615,1.3757170236599596,,0.0,1.3757170236599596,3.2458266134
20620,1.3757775302659583,,0.0,1.3757775302659583,3.2520239905
20625,1.3758103829257622,,0.0,1.3758103829257622,3.2095281234
20630,1.3758199686332215,,0.0,1.3758199686332215,3.1281468669
20635,1.3758029973256485,,0.0,1.3758029973256485,3.1691467961
20640,1.3757694330657186,,0.0,1.3757694330657186,3.1886464796
20645,1.3757428502733686,,0.0,1.3757428502733686,3.1913161603
20650,1.3757331437845606,,0.0,1.3757331437845606,3.2433570895
20655,1.375739175610445,,0.0,1.375739175610445,3.2573199947
20660,1.3757539422929985,,0.0,1.3757539422929985,3.292103651
20665,1.3757709632949877,,0.0,1.3757709632949877,3.307963091
20670,1.3757673538725947,,0.0,1.3757673538725947,3.3421908893
20675,1.3757396450499457,,0.0,1.3757396450499457,3.3688861135
20680,1.3756935550067484,,0.0,1.3756935550067484,3.4129207242
20685,1.3756284276172588,,0.0,1.3756284276172588,3.4612502265
20690,1.375561445257447,,0.0,1.375561445257447,3.5155136346
20695,1.375511436862664,,0.0,1.375511436862664,3.5403121522
20700,1.3754835515849746,,0.0,1.3754835515849746,3.4872397021
20705,1.3754739724547174,,0.0,1.3754739724547174,3.4800104292
20710,1.375479274809088,,0.0,1.375479274809088,3.474521954
20715,1.375479221726416,,0.0,1.375479221726416,3.4562272008
20720,1.3754645859235424,,0.0,1.3754645859235424,3.5006717421
20725,1.375435330528273,,0.0,1.375435330528273,3.4262540123
20730,1.3753923451902472,,0.0,1.3753923451902472,3.4050600249
20735,1.3753301494391448,,0.0,1.3753301494391448,3.4037923182
20740,1.3752674754789391,,0.0,1.3752674754789391,3.3340396456
20745,1.3752226205545863,,0.0,1.3752226205545863,3.3600086
20750,1.37520398362039,,0.0,1.37520398362039,3.4302098299
20755,1.3752135204971059,,0.0,1.3752135204971059,3.415710329
20760,1.3752481539177892,,0.0,1.3752481539177892,3.4789158084
20765,1.3752845666377518,,0.0,1.3752845666377518,3.5016925958
20770,1.375316435108939,,0.0,1.375316435108939,3.5087126116
20775,1.3753407851072421,,0.0,1.3753407851072421,3.4945483252
20780,1.3753481338351616,,0.0,1.3753481338351616,3.4920123192
20785,1.3753404004405696,,0.0,1.3753404004405696,3.4540353068
20790,1.375337291616342,,0.0,1.375337291616342,3.4307032765
20795,1.3753497957413474,,0.0,1.3753497957413474,3.4343585393
20800,1.3753787463264797,,0.0,1.3753787463264797,3.4654081378
20805,1.3754187747138553,,0.0,1.3754187747138553,3.4508120689
20810,1.3754645721712107,,0.0,1.3754645721712107,3.345297866
20815,1.3754915150487703,,0.0,1.3754915150487703,3.3300216281
20820,1.375492386162658,,0.0,1.375492386162658,3.3025207047
20825,1.3754693233028898,,0.0,1.3754693233028898,3.2252468704
20830,1.3754266490864582,,0.0,1.3754266490864582,3.2152451857
20835,1.3753639680839953,,0.0,1.3753639680839953,3.2740004598
20840,1.375302574884431,,0.0,1.375302574884431,3.1565029864
20845,1.3752573378844246,,0.0,1.3752573378844246,3.1069043236
20850,1.3752299806431278,,0.0,1.3752299806431278,3.0888342321
20855,1.375214332216865,,0.0,1.375214332216865,3.0194976022
20860,1.3752055490609436,,0.0,1.3752055490609436,3.1295127269
20865,1.37518626470417,,0.0,1.37518626470417,3.172089833
20870,1.3751461568588774,,0.0,1.3751461568588774,3.1717629187
20875,1.375085810763186,,0.0,1.375085810763186,3.1605348301
20880,1.3750102447559194,,0.0,1.3750102447559194,3.1546802385
20885,1.374922444488245,,0.0,1.374922444488245,3.1734619864
20890,1.374846125358111,,0.0,1.374846125358111,3.1788078074
20895,1.3747978510858645,,0.0,1.3747978510858645,3.2222577649
20900,1.3747826585460794,,0.0,1.3747826585460794,3.3229997457
20905,1.3747982031322719,,0.0,1.3747982031322719,3.3264608128
20910,1.374841852435535,,0.0,1.374841852435535,3.3386846015
20915,1.3748970221402423,,0.0,1.3748970221402423,3.4283375905
20920,1.3749486287287174,,0.0,1.3749486287287174,3.4477932047
20925,1.3749908985468704,,0.0,1.3749908985468704,3.3621220008
20930,1.3750196789219828,,0.0,1.3750196789219828,3.3471003722
20935,1.3750253256825764,,0.0,1.3750253256825764,3.3306204314
20940,1.3750255997991034,,0.0,1.3750255997991034,3.2888807374
20945,1.3750384041501356,,0.0,1.3750384041501356,3.4316451493
20950,1.3750705543115982,,0.0,1.3750705543115982,3.3720597223
20955,1.3751224738154495,,0.0,1.3751224738154495,3.3816940196
20960,1.3751944792975033,,0.0,1.3751944792975033,3.3846213123
20965,1.3752681375839577,,0.0,1.3752681375839577,3.3651852765
20970,1.375331263710204,,0.0,1.375331263710204,3.3843952045
20975,1.3753778631876061,,0.0,1.3753778631876061,3.4403517358
20980,1.3754023271907463,,0.0,1.3754023271907463,3.3961765472
20985,1.3754035128144837,,0.0,1.3754035128144837,3.3672368303
20990,1.3753992392939804,,0.0,1.3753992392939804,3.3455235577
20995,1.3754021589738181,,0.0,1.3754021589738181,3.331148043
21000,1.3754172804266707,,0.0,1.3754172804266707,3.3407218779
21005,1.3754440617309405,,0.0,1.3754440617309405,3.3649516175
21010,1.3754785893184616,,0.0,1.3754785893184616,3.3312450828
21015,1.3755149880203466,,0.0,1.3755149880203466,3.3354068047
21020,1.375547253382502,,0.0,1.375547253382502,3.3177196129
21025,1.3755715225941598,,0.0,1.3755715225941598,3.2841161261
21030,1.3755815004756031,,0.0,1.3755815004756031,3.313700942
21035,1.3755793482024552,,0.0,1.3755793482024552,3.235951693
21040,1.3755704146345573,,0.0,1.3755704146345573,3.1976865724
21045,1.3755601569894942,,0.0,1.3755601569894942,3.1307015768
21050,1.3755527922504052,,0.0,1.3755527922504052,3.0489063942
21055,1.3755497671360237,,0.0,1.3755497671360237,3.1423237047
21060,1.3755486045657122,,0.0,1.3755486045657122,3.1872818866
21065,1.37554408729011,,0.0,1.37554408729011,3.0810299594
21070,1.3755315491496751,,0.0,1.3755315491496751,3.05023013
21075,1.3755093892268235,,0.0,1.3755093892268235,3.0149382559
21080,1.375479696879446,,0.0,1.375479696879446,2.9688158234
21085,1.3754460817956808,,0.0,1.3754460817956808,3.1020260228
21090,1.3754073549635355,,0.0,1.3754073549635355,3.1932878017
21095,1.3753740608339493,,0.0,1.3753740608339493,3.1543996126
21100,1.375357881713838,,0.0,1.375357881713838,3.1202800339
21105,1.3753636006243464,,0.0,1.3753636006243464,3.1528425303
21110,1.3753898343599262,,0.0,1.3753898343599262,3.1783355935
21115,1.37543312430878,,0.0,1.37543312430878,3.1797613458
21120,1.3754756821951009,,0.0,1.3754756821951009,3.1974532763
21125,1.3755079823034857,,0.0,1.3755079823034857,3.2474596794
21130,1.3755249577301145,,0.0,1.3755249577301145,3.1704334118
21135,1.3755176373705316,,0.0,1.3755176373705316,3.2087054367
21140,1.3754979451607865,,0.0,1.3754979451607865,3.2699257963
21145,1.3754795588246367,,0.0,1.3754795588246367,3.2403598423
21150,1.3754687068396683,,0.0,1.3754687068396683,3.2140518949
21155,1.3754649372391494,,0.0,1.3754649372391494,3.2790173833
21160,1.3754665802774015,,0.0,1.3754665802774015,3.2901181421
21165,1.3754699561094628,,0.0,1.3754699561094628,3.346485524
21170,1.3754617604504995,,0.0,1.3754617604504995,3.4371995842
21175,1.3754430095114654,,0.0,1.3754430095114654,3.3534127324
21180,1.3754095775263793,,0.0,1.3754095775263793,3.3262559807
21185,1.3753603253105366,,0.0,1.3753603253105366,3.3331786134
21190,1.3753111818510575,,0.0,1.3753111818510575,3.2773235278
21195,1.3752725648382575,,0.0,1.3752725648382575,3.3151642072
21200,1.3752480835616567,,0.0,1.3752480835616567,3.3588085863
21205,1.3752376180371433,,0.0,1.3752376180371433,3.4052028685
21210,1.375239602624854,,0.0,1.375239602624854,3.435894371
21215,1.3752514952029298,,0.0,1.3752514952029298,3.408844471
21220,1.3752682765688764,,0.0,1.3752682765688764,3.4269347989
21225,1.3752762903250162,,0.0,1.3752762903250162,3.435866452
21230,1.3752709385419746,,0.0,1.3752709385419746,3.4562061546
21235,1.3752435707372925,,0.0,1.3752435707372925,3.4596688233
21240,1.3752022895589937,,0.0,1.3752022895589937,3.4289020985
21245,1.3751643846113746,,0.0,1.3751643846113746,3.4415390207
21250,1.3751418572953107,,0.0,1.3751418572953107,3.4128054454
21255,1.3751384359543253,,0.0,1.3751384359543253,3.3789013445
21260,1.3751514360269494,,0.0,1.3751514360269494,3.3562760093
21265,1.3751764220207714,,0.0,1.3751764220207714,3.3716339885
21270,1.375193402430129,,0.0,1.375193402430129,3.3240098482
21275,1.3751952385989543,,0.0,1.3751952385989543,3.3086511148
21280,1.3751820360946632,,0.0,1.3751820360946632,3.3634051213
21285,1.375153649620881,,0.0,1.375153649620881,3.3215820766
21290,1.375115887910109,,0.0,1.375115887910109,3.2745026903
21295,1.375089937924332,,0.0,1.375089937924332,3.3052328034
21300,1.3750880474105436,,0.0,1.3750880474105436,3.2837656666
21305,1.3751119456414242,,0.0,1.3751119456414242,3.2957892006
21310,1.3751570061863905,,0.0,1.3751570061863905,3.4154359711
21315,1.3752194503431383,,0.0,1.3752194503431383,3.4147509952
21320,1.3752818441411063,,0.0,1.3752818441411063,3.4240581846
21325,1.3753334794965364,,0.0,1.3753334794965364,3.441707871
21330,1.3753725963102654,,0.0,1.3753725963102654,3.3758935695
21335,1.3753895148009117,,0.0,1.3753895148009117,3.316925757
21340,1.3753784640382773,,0.0,1.3753784640382773,3.2791592514
21345,1.3753611495203364,,0.0,1.3753611495203364,3.2968388035
21350,1.3753520563058037,,0.0,1.3753520563058037,3.3081120831
21355,1.375353152173984,,0.0,1.375353152173984,3.3137694451
21360,1.375362594644596,,0.0,1.375362594644596,3.3772710013
21365,1.3753809391258227,,0.0,1.3753809391258227,3.400678777
21370,1.3754033494474116,,0.0,1.3754033494474116,3.31944567
21375,1.3754149631255412,,0.0,1.3754149631255412,3.2901192336
21380,1.3754189572146067,,0.0,1.3754189572146067,3.2676425438
21385,1.3754156872157077,,0.0,1.3754156872157077,3.2572250663
21390,1.3753944958024855,,0.0,1.3753944958024855,3.3013759785
21395,1.3753675198396058,,0.0,1.3753675198396058,3.2831687893
21400,1.3753548967270335,,0.0,1.3753548967270335,3.2409536982
21405,1.3753645222298874,,0.0,1.3753645222298874,3.2601580975
21410,1.3753944936100846,,0.0,1.3753944936100846,3.3090343261
21415,1.375438288541905,,0.0,1.375438288541905,3.2919455474
21420,1.3754898998473637,,0.0,1.3754898998473637,3.3611125907
21425,1.3755433539652857,,0.0,1.3755433539652857,3.3489375639
21430,1.3755785398709517,,0.0,1.3755785398709517,3.4269460502
21435,1.3755971011341048,,0.0,1.3755971011341048,3.4541438449
21440,1.3755984332500724,,0.0,1.3755984332500724,3.4524015239
21445,1.3755744117796966,,0.0,1.3755744117796966,3.471128818
21450,1.3755471890056443,,0.0,1.3755471890056443,3.4378703918
21455,1.3755395710110536,,0.0,1.3755395710110536,3.4300206496
21460,1.375556275975157,,0.0,1.375556275975157,3.4797068455
21465,1.3755913274135785,,0.0,1.3755913274135785,3.5202676936
21470,1.3756360131908931,,0.0,1.3756360131908931,3.5335597513
21475,1.3756834801946185,,0.0,1.3756834801946185,3.5668366612
21480,1.375711123112373,,0.0,1.375711123112373,3.5337327094
21485,1.3757174977500073,,0.0,1.3757174977500073,3.4443387796
21490,1.3757040580678197,,0.0,1.3757040580678197,3.4139355126
21495,1.375663217296321,,0.0,1.375663217296321,3.3781063872
21500,1.3756171453238208,,0.0,1.3756171453238208,3.3931460098
21505,1.3755883919218808,,0.0,1.3755883919218808,3.4223434739
21510,1.3755838461450691,,0.0,1.3755838461450691,3.3432119763
21515,1.375601332201758,,0.0,1.375601332201758,3.3448367189
21520,1.3756361343044243,,0.0,1.3756361343044243,3.312149794
21525,1.3756839045238132,,0.0,1.3756839045238132,3.3207353822
21530,1.3757217959184096,,0.0,1.3757217959184096,3.4157310211
21535,1.3757425969514305,,0.0,1.3757425969514305,3.42073559
21540,1.3757423883411797,,0.0,1.3757423883411797,3.3182956487
21545,1.3757118292647155,,0.0,1.3757118292647155,3.2402077385
21550,1.3756737244100121,,0.0,1.3756737244100121,3.2614492521
21555,1.3756477260585465,,0.0,1.3756477260585465,3.2311888823
21560,1.3756398730120234,,0.0,1.3756398730120234,3.2283755436
21565,1.3756476285299322,,0.0,1.3756476285299322,3.2688863275
21570,1.375665735899699,,0.0,1.375665735899699,3.27285145
21575,1.3756907030255874,,0.0,1.3756907030255874,3.2723170192
21580,1.3757045816529747,,0.0,1.3757045816529747,3.2688647831
21585,1.3757004346937858,,0.0,1.3757004346937858,3.2446790031
21590,1.3756808151654465,,0.0,1.3756808151654465,3.175118664
21595,1.3756497183528777,,0.0,1.3756497183528777,3.0959015603
21600,1.3756078876127973,,0.0,1.3756078876127973,3.0637178261
21605,1.3755709093198845,,0.0,1.3755709093198845,3.0262477209
21610,1.3755506151964856,,0.0,1.3755506151964856,3.0437124173
21615,1.3755502094030425,,0.0,1.3755502094030425,3.1264567056
21620,1.3755665320921828,,0.0,1.3755665320921828,3.1172348203
21625,1.3755931803243724,,0.0,1.3755931803243724,3.1155037166
21630,1.375623187115163,,0.0,1.375623187115163,3.1558561058
21635,1.3756516663341398,,0.0,1.3756516663341398,3.1192626081
21640,1.3756696267466213,,0.0,1.3756696267466213,3.1392422593
21645,1.3756737900491613,,0.0,1.3756737900491613,3.1875560323
21650,1.3756650061624396,,0.0,1.3756650061624396,3.2339309087
21655,1.3756500603009545,,0.0,1.3756500603009545,3.2582324709
21660,1.3756451760971946,,0.0,1.3756451760971946,3.2635409188
21665,1.3756592460613721,,0.0,1.3756592460613721,3.3478415977
21670,1.375690502520576,,0.0,1.375690502520576,3.4080776829
21675,1.3757298872058115,,0.0,1.3757298872058115,3.4192165427
21680,1.3757649478124543,,0.0,1.3757649478124543,3.5016638672
21685,1.3757842465859238,,0.0,1.3757842465859238,3.5343158923
21690,1.3757803736768253,,0.0,1.3757803736768253,3.546726399
21695,1.3757514056853601,,0.0,1.3757514056853601,3.6268615723
21700,1.37570617592692,,0.0,1.37570617592692,3.6630318817
21705,1.3756608744171832,,0.0,1.3756608744171832,3.5903013097
21710,1.3756278513480502,,0.0,1.3756278513480502,3.5447195678
21715,1.3756115940987497,,0.0,1.3756115940987497,3.5410242849
21720,1.375610606787623,,0.0,1.375610606787623,3.4945364811
21725,1.375622269097187,,0.0,1.375622269097187,3.5828390838
21730,1.375632260863835,,0.0,1.375632260863835,3.5544533387
21735,1.37562818000885,,0.0,1.37562818000885,3.5502613395
21740,1.3756097901515716,,0.0,1.3756097901515716,3.5508769535
21745,1.375569225622564,,0.0,1.375569225622564,3.4473622669
21750,1.3755149543370992,,0.0,1.3755149543370992,3.453157485
21755,1.3754675689172555,,0.0,1.3754675689172555,3.4861764653
21760,1.3754380045927932,,0.0,1.3754380045927932,3.3781697794
21765,1.375428508308709,,0.0,1.375428508308709,3.437091655
21770,1.375437125838721,,0.0,1.375437125838721,3.4944973233
21775,1.3754621671740521,,0.0,1.3754621671740521,3.5317898913
21780,1.3754855531139634,,0.0,1.3754855531139634,3.5191083273
21785,1.3754989473536632,,0.0,1.3754989473536632,3.5011145635
21790,1.375499425828512,,0.0,1.375499425828512,3.4555856843
21795,1.3754817583340544,,0.0,1.3754817583340544,3.4094402808
21800,1.3754571898929162,,0.0,1.3754571898929162,3.3871018888
21805,1.3754423897264243,,0.0,1.3754423897264243,3.3707476567
21810,1.375446062196947,,0.0,1.375446062196947,3.3831351659
21815,1.3754701320330116,,0.0,1.3754701320330116,3.3612924792
21820,1.3755122765521413,,0.0,1.3755122765521413,3.3949430035
21825,1.3755691233105305,,0.0,1.3755691233105305,3.367347888
21830,1.3756277878348655,,0.0,1.3756277878348655,3.2984930825
21835,1.3756719546111362,,0.0,1.3756719546111362,3.3508298788
21840,1.3756981949903546,,0.0,1.3756981949903546,3.3724941595
21845,1.3757013754994423,,0.0,1.3757013754994423,3.2923460209
21850,1.3756829122963945,,0.0,1.3756829122963945,3.3070520589
21855,1.3756691317291125,,0.0,1.3756691317291125,3.2849976905
21860,1.3756756488063573,,0.0,1.3756756488063573,3.19044048
21865,1.3757049777467056,,0.0,1.3757049777467056,3.2649250101
21870,1.375751470660145,,0.0,1.375751470660145,3.2871120668
21875,1.3758090284207327,,0.0,1.3758090284207327,3.3104140848
21880,1.375857748879745,,0.0,1.375857748879745,3.3439269706
21885,1.3758811477747515,,0.0,1.3758811477747515,3.3874927973
21890,1.3758725144328798,,0.0,1.3758725144328798,3.4293077586
21895,1.3758238346993719,,0.0,1.3758238346993719,3.4587088261
21900,1.3757506150259349,,0.0,1.3757506150259349,3.5180092623
21905,1.375686565433929,,0.0,1.375686565433929,3.5940647337
21910,1.3756452150953529,,0.0,1.3756452150953529,3.6163459525
21915,1.3756265263407759,,0.0,1.3756265263407759,3.6667192414
21920,1.3756264649535555,,0.0,1.3756264649535555,3.745514448
21925,1.3756424027767142,,0.0,1.3756424027767142,3.7301669307
21930,1.3756509921376987,,0.0,1.3756509921376987,3.6643818426
21935,1.375646662212704,,0.0,1.375646662212704,3.666454722
21940,1.3756230913138952,,0.0,1.3756230913138952,3.6503160734
21945,1.3755673105273132,,0.0,1.3755673105273132,3.5965471431
21950,1.3754839552524534,,0.0,1.3754839552524534,3.6019504738
21955,1.3754045960597507,,0.0,1.3754045960597507,3.5306183443
21960,1.3753458649661572,,0.0,1.3753458649661572,3.4894115137
21965,1.3753136443821259,,0.0,1.3753136443821259,3.4702009806
21970,1.3753091393308188,,0.0,1.3753091393308188,3.4593475145
21975,1.375334137615372,,0.0,1.375334137615372,3.5332394567
21980,1.375369935134404,,0.0,1.375369935134404,3.5628961236
21985,1.3754019116311544,,0.0,1.3754019116311544,3.535590851
21990,1.3754259654560503,,0.0,1.3754259654560503,3.527024143
21995,1.3754373919164449,,0.0,1.3754373919164449,3.5331116933
22000,1.3754352762497457,,0.0,1.3754352762497457,3.5119912336
22005,1.375439981806065,,0.0,1.375439981806065,3.5204856156
22010,1.3754621025978853,,0.0,1.3754621025978853,3.5162337932
22015,1.3755015074133456,,0.0,1.3755015074133456,3.5170416062
22020,1.3755520847028986,,0.0,1.3755520847028986,3.5245943648
22025,1.3756059171760369,,0.0,1.3756059171760369,3.508864771
22030,1.3756582912376383,,0.0,1.3756582912376383,3.5212767477
22035,1.3756934499708227,,0.0,1.3756934499708227,3.457696895
22040,1.375701713992827,,0.0,1.375701713992827,3.433546947
22045,1.3756870209217886,,0.0,1.3756870209217886,3.3857981936
22050,1.375648389691602,,0.0,1.375648389691602,3.2756961668
22055,1.3755927516768127,,0.0,1.3755927516768127,3.2368036751
22060,1.3755418771508705,,0.0,1.3755418771508705,3.3064583696
22065,1.3755059555286704,,0.0,1.3755059555286704,3.2804953777
22070,1.3754852026620292,,0.0,1.3754852026620292,3.2356699679
22075,1.3754755796173215,,0.0,1.3754755796173215,3.2697426591
22080,1.37547418139715,,0.0,1.37547418139715,3.2038839907
22085,1.3754650916373095,,0.0,1.3754650916373095,3.2216610856
22090,1.375438597404662,,0.0,1.375438597404662,3.2590255948
22095,1.3753965336721772,,0.0,1.3753965336721772,3.247068031
22100,1.375334846624479,,0.0,1.375334846624479,3.2759962808
22105,1.3752680822424486,,0.0,1.3752680822424486,3.3008334163
22110,1.3752146517094435,,0.0,1.3752146517094435,3.3302897954
22115,1.3751825876495365,,0.0,1.3751825876495365,3.314530574
22120,1.3751721469722311,,0.0,1.3751721469722311,3.3436385965
22125,1.3751828850187984,,0.0,1.3751828850187984,3.446180133
22130,1.3752013065662325,,0.0,1.3752013065662325,3.4731314031
22135,1.375211433198743,,0.0,1.375211433198743,3.456084705
22140,1.3752099261557722,,0.0,1.3752099261557722,3.5161838441
22145,1.375195000956003,,0.0,1.375195000956003,3.5855905285
22150,1.3751619384236569,,0.0,1.3751619384236569,3.4968416443
22155,1.3751328335732371,,0.0,1.3751328335732371,3.4964158252
22160,1.3751263194856296,,0.0,1.3751263194856296,3.4763436733
22165,1.3751482338596,,0.0,1.3751482338596,3.4310040809
22170,1.3751975360356046,,0.0,1.3751975360356046,3.5324772338
22175,1.3752727537169016,,0.0,1.3752727537169016,3.6068837447
22180,1.3753513570628453,,0.0,1.3753513570628453,3.6099241803
22185,1.3754230488987227,,0.0,1.3754230488987227,3.5978522624
22190,1.3754846563556304,,0.0,1.3754846563556304,3.5633067615
22195,1.3755270311432728,,0.0,1.3755270311432728,3.5214982082
22200,1.3755540597237697,,0.0,1.3755540597237697,3.510250786
22205,1.3755852699432487,,0.0,1.3755852699432487,3.4568716127
22210,1.375628976381804,,0.0,1.375628976381804,3.5008111039
22215,1.375683757300783,,0.0,1.375683757300783,3.5342549818
22220,1.375743758325887,,0.0,1.375743758325887,3.5559998939
22225,1.3758049930082352,,0.0,1.3758049930082352,3.5781638829
22230,1.375851115339516,,0.0,1.375851115339516,3.5763165636
22235,1.3758726512253976,,0.0,1.3758726512253976,3.5615561735
22240,1.3758717684851423,,0.0,1.3758717684851423,3.5664688341
22245,1.3758488103291175,,0.0,1.3758488103291175,3.5650311239
22250,1.3758063502371565,,0.0,1.3758063502371565,3.4837442905
22255,1.3757687372110157,,0.0,1.3757687372110157,3.4651508152
22260,1.3757497932742817,,0.0,1.3757497932742817,3.3904646531
22265,1.3757501721609886,,0.0,1.3757501721609886,3.407834711
22270,1.375763474120549,,0.0,1.375763474120549,3.390960638
22275,1.3757831501862523,,0.0,1.3757831501862523,3.3567366706
22280,1.3757950570481514,,0.0,1.3757950570481514,3.4708116348
22285,1.3757809433023955,,0.0,1.3757809433023955,3.528060963
22290,1.3757398377819001,,0.0,1.3757398377819001,3.3870053448
22295,1.3756730308805827,,0.0,1.3756730308805827,3.3726646405
22300,1.3755848701290803,,0.0,1.3755848701290803,3.3615837987
22305,1.3755049110822526,,0.0,1.3755049110822526,3.3277994612
22310,1.3754532964549746,,0.0,1.3754532964549746,3.406911949
22315,1.3754356274989163,,0.0,1.3754356274989163,3.4121477708
22320,1.3754486456422375,,0.0,1.3754486456422375,3.3837331928
22325,1.3754889955817193,,0.0,1.3754889955817193,3.3747718431
22330,1.3755344450452869,,0.0,1.3755344450452869,3.4105096053
22335,1.375572087237001,,0.0,1.375572087237001,3.4036228867
22340,1.3755974556386583,,0.0,1.3755974556386583,3.361788706
22345,1.3756052635748752,,0.0,1.3756052635748752,3.3494824781
22350,1.3755837763868646,,0.0,1.3755837763868646,3.4093661816
22355,1.3755562311305964,,0.0,1.3755562311305964,3.4150092387
22360,1.3755419477727484,,0.0,1.3755419477727484,3.4382880841
22365,1.3755466681443813,,0.0,1.3755466681443813,3.4717454168
22370,1.3755691653647624,,0.0,1.3755691653647624,3.4732600007
22375,1.3756103478850288,,0.0,1.3756103478850288,3.4528411729
22380,1.3756485347222318,,0.0,1.3756485347222318,3.4799832912
22385,1.3756724653076324,,0.0,1.3756724653076324,3.4639473879
22390,1.3756780123472112,,0.0,1.3756780123472112,3.4399652187
22395,1.3756577956886382,,0.0,1.3756577956886382,3.5053551592
22400,1.3756108116774364,,0.0,1.3756108116774364,3.4297895294
22405,1.3755645576692395,,0.0,1.3755645576692395,3.38626052
22410,1.375534218032157,,0.0,1.375534218032157,3.4082154414
22415,1.3755229017232895,,0.0,1.3755229017232895,3.3753536053
22420,1.3755270781137974,,0.0,1.3755270781137974,3.3821158094
22425,1.3755443625360555,,0.0,1.3755443625360555,3.4401530022
22430,1.3755581003847417,,0.0,1.3755581003847417,3.4573440348
22435,1.3755524159547174,,0.0,1.3755524159547174,3.4996968754
22440,1.3755265236357233,,0.0,1.3755265236357233,3.4749630722
22445,1.375479228237182,,0.0,1.375479228237182,3.5149716411
22450,1.3754023182882709,,0.0,1.3754023182882709,3.5371321939
22455,1.3753216724220887,,0.0,1.3753216724220887,3.5600662036
22460,1.3752581399044717,,0.0,1.3752581399044717,3.5271970624
22465,1.3752165672033128,,0.0,1.3752165672033128,3.4931012648
22470,1.3751934052204575,,0.0,1.3751934052204575,3.5511010041
22475,1.3751849210282714,,0.0,1.3751849210282714,3.5399493131
22480,1.3751834385003268,,0.0,1.3751834385003268,3.5198190079
22485,1.3751689173666546,,0.0,1.3751689173666546,3.4550018329
22490,1.3751417331257059,,0.0,1.3751417331257059,3.4459826726
22495,1.3751024629103628,,0.0,1.3751024629103628,3.4003005983
22500,1.3750458529976883,,0.0,1.3750458529976883,3.4071602923
22505,1.37499726242181,,0.0,1.37499726242181,3.4351266708
22510,1.3749793959503778,,0.0,1.3749793959503778,3.4375950861
22515,1.3749976998389728,,0.0,1.3749976998389728,3.3542477185
22520,1.3750473907342693,,0.0,1.3750473907342693,3.3899533636
22525,1.3751225829704312,,0.0,1.3751225829704312,3.3563480941
22530,1.3752131212144285,,0.0,1.3752131212144285,3.3403549038
22535,1.3752935180106012,,0.0,1.3752935180106012,3.477339862
22540,1.375358116699334,,0.0,1.375358116699334,3.4793363228
22545,1.3753991436920214,,0.0,1.3753991436920214,3.3604704928
22550,1.3753992548400946,,0.0,1.3753992548400946,3.3404656579
22555,1.3753756208267194,,0.0,1.3753756208267194,3.301524853
22560,1.3753561545006854,,0.0,1.3753561545006854,3.2693963578
22565,1.3753529830269462,,0.0,1.3753529830269462,3.2665339168
22570,1.3753685184449176,,0.0,1.3753685184449176,3.306399799
22575,1.3754026896676663,,0.0,1.3754026896676663,3.3337473287
22580,1.3754549101283442,,0.0,1.3754549101283442,3.3039178467
22585,1.3755019258961383,,0.0,1.3755019258961383,3.3018217363
22590,1.3755367721790013,,0.0,1.3755367721790013,3.2407374391
22595,1.3755597030296713,,0.0,1.3755597030296713,3.1648543098
22600,1.3755604943534603,,0.0,1.3755604943534603,3.1391119284
22605,1.3755440953289126,,0.0,1.3755440953289126,3.1305666454
22610,1.3755314309593452,,0.0,1.3755314309593452,3.0990003179
22615,1.3755317378954466,,0.0,1.3755317378954466,3.1147106912
22620,1.3755442351110678,,0.0,1.3755442351110678,3.1755305795
22625,1.375563635133589,,0.0,1.375563635133589,3.1637043086
22630,1.3755868873370563,,0.0,1.3755868873370563,3.128676723
22635,1.3756023260900863,,0.0,1.3756023260900863,3.1513366904
22640,1.3755972321466572,,0.0,1.3755972321466572,3.1404846698
22645,1.3755780385419862,,0.0,1.3755780385419862,3.1873082315
22650,1.3755480857639772,,0.0,1.3755480857639772,3.2448506897
22655,1.375500363578095,,0.0,1.375500363578095,3.2602539433
22660,1.3754539962958605,,0.0,1.3754539962958605,3.2652857377
22665,1.3754303513204817,,0.0,1.3754303513204817,3.25932739
22670,1.3754343774983215,,0.0,1.3754343774983215,3.2670105778
22675,1.3754605997404068,,0.0,1.3754605997404068,3.2984112745
22680,1.3755006738360156,,0.0,1.3755006738360156,3.347881181
22685,1.3755475653677685,,0.0,1.3755475653677685,3.3916545359
22690,1.3755797203126512,,0.0,1.3755797203126512,3.4170416355
22695,1.375594984670169,,0.0,1.375594984670169,3.4119491666
22700,1.3755938574440145,,0.0,1.3755938574440145,3.4445609201
22705,1.3755716335429238,,0.0,1.3755716335429238,3.4848290985
22710,1.3755447225548292,,0.0,1.3755447225548292,3.4108292767
22715,1.3755336023661717,,0.0,1.3755336023661717,3.3646655274
22720,1.3755450325470042,,0.0,1.3755450325470042,3.3675981266
22725,1.3755758953706232,,0.0,1.3755758953706232,3.3569917161
22730,1.3756211139677506,,0.0,1.3756211139677506,3.4128374931
22735,1.375667648935422,,0.0,1.375667648935422,3.3660155691
22740,1.3756954647870885,,0.0,1.3756954647870885,3.28480118
22745,1.3757040352801395,,0.0,1.3757040352801395,3.2926949305
22750,1.3756910662997441,,0.0,1.3756910662997441,3.2176562314
22755,1.375645328834445,,0.0,1.375645328834445,3.2311754818
22760,1.3755881519536561,,0.0,1.3755881519536561,3.311265256
22765,1.3755430704147922,,0.0,1.3755430704147922,3.2371069472
22770,1.3755180831586789,,0.0,1.3755180831586789,3.2597688087
22775,1.375511540636298,,0.0,1.375511540636298,3.3140191246
22780,1.3755188334247814,,0.0,1.3755188334247814,3.3165315792
22785,1.3755334541465956,,0.0,1.3755334541465956,3.31136122
22790,1.3755340897434964,,0.0,1.3755340897434964,3.3408127056
22795,1.3755178706286812,,0.0,1.3755178706286812,3.3331039495
22800,1.3754865086020611,,0.0,1.3754865086020611,3.3138609742
22805,1.375436095676126,,0.0,1.375436095676126,3.288825045
22810,1.3753764487569566,,0.0,1.3753764487569566,3.2130225517
22815,1.375327005735815,,0.0,1.375327005735815,3.1677923911
22820,1.375299291598255,,0.0,1.375299291598255,3.1074049187
22825,1.3752942888055468,,0.0,1.3752942888055468,3.1217629397
22830,1.3753064301214506,,0.0,1.3753064301214506,3.1165710007
22835,1.3753305574914254,,0.0,1.3753305574914254,3.0761540235
22840,1.3753462227260937,,0.0,1.3753462227260937,3.0845925651
22845,1.3753456698424928,,0.0,1.3753456698424928,3.1307809763
22850,1.3753309885971312,,0.0,1.3753309885971312,3.060010419
22855,1.375297990109461,,0.0,1.375297990109461,3.0563002053
22860,1.3752622953675178,,0.0,1.3752622953675178,3.1046321754
22865,1.3752457543019778,,0.0,1.3752457543019778,3.0510102534
22870,1.3752576775072278,,0.0,1.3752576775072278,3.1588454344
22875,1.3752957701376365,,0.0,1.3752957701376365,3.2003781735
22880,1.375351355468372,,0.0,1.375351355468372,3.2049400109
22885,1.375412383334252,,0.0,1.375412383334252,3.2336827018
22890,1.3754539141140514,,0.0,1.3754539141140514,3.2404707214
22895,1.3754684881310868,,0.0,1.3754684881310868,3.2557138461
22900,1.3754543834871158,,0.0,1.3754543834871158,3.2663691493
22905,1.375414008766862,,0.0,1.375414008766862,3.3077036499
22910,1.3753696167712441,,0.0,1.3753696167712441,3.3854735987
22915,1.3753386774129088,,0.0,1.3753386774129088,3.3992985779
22920,1.375328075361623,,0.0,1.375328075361623,3.394085818
22925,1.3753368704096574,,0.0,1.3753368704096574,3.4415339292
22930,1.3753622408044062,,0.0,1.3753622408044062,3.4543346496
22935,1.3753953786756135,,0.0,1.3753953786756135,3.366304944
22940,1.3754153217491505,,0.0,1.3754153217491505,3.3693787128
22945,1.3754181953885731,,0.0,1.3754181953885731,3.3819918648
22950,1.3753974424554956,,0.0,1.3753974424554956,3.3091143576
22955,1.3753447423905498,,0.0,1.3753447423905498,3.3492854959
22960,1.3752811555279694,,0.0,1.3752811555279694,3.2867341723
22965,1.3752242453892687,,0.0,1.3752242453892687,3.2636572795
22970,1.3751830337034292,,0.0,1.3751830337034292,3.2634073356
22975,1.3751613246843268,,0.0,1.3751613246843268,3.2565187436
22980,1.3751605275805725,,0.0,1.3751605275805725,3.3397804694
22985,1.3751799699895078,,0.0,1.3751799699895078,3.4013458265
22990,1.3751993171951022,,0.0,1.3751993171951022,3.3703307643
22995,1.3752106923001712,,0.0,1.3752106923001712,3.3747022989
23000,1.3752108472298223,,0.0,1.3752108472298223,3.3440579844
23005,1.3751921931550386,,0.0,1.3751921931550386,3.3058748691
23010,1.375169344884796,,0.0,1.375169344884796,3.2782838359
23015,1.375159909987932,,0.0,1.375159909987932,3.3159726628
23020,1.375171766158869,,0.0,1.375171766158869,3.3023005909
23025,1.3752042917523464,,0.0,1.3752042917523464,3.3239249902
23030,1.375252338612845,,0.0,1.375252338612845,3.3335334222
23035,1.3753096297642171,,0.0,1.3753096297642171,3.3166202284
23040,1.3753707943561786,,0.0,1.3753707943561786,3.2422705731
23045,1.37541941575854,,0.0,1.37541941575854,3.1933634312
23050,1.3754515750217873,,0.0,1.3754515750217873,3.215320877
23055,1.3754708074253077,,0.0,1.3754708074253077,3.1654025423
23060,1.3754815911801084,,0.0,1.3754815911801084,3.1107325325
23065,1.3754848249711773,,0.0,1.3754848249711773,3.1876223642
23070,1.3754908426461117,,0.0,1.3754908426461117,3.1821533675
23075,1.375507431678722,,0.0,1.375507431678722,3.0766862704
23080,1.3755345625712527,,0.0,1.3755345625712527,3.0971369514
23085,1.3755665438514233,,0.0,1.3755665438514233,3.0822585459
23090,1.3755962508148059,,0.0,1.3755962508148059,3.0908127105
23095,1.3756178900092668,,0.0,1.3756178900092668,3.195827197
23100,1.3756281246009041,,0.0,1.3756281246009041,3.1718298309
23105,1.3756228310825729,,0.0,1.3756228310825729,3.1485068556
23110,1.3756000269925266,,0.0,1.3756000269925266,3.187674791
23115,1.3755601299498852,,0.0,1.3755601299498852,3.2289069351
23120,1.3755135387770312,,0.0,1.3755135387770312,3.2351022893
23125,1.3754729371765206,,0.0,1.3754729371765206,3.2935424616
23130,1.3754455792044238,,0.0,1.3754455792044238,3.3771252705
23135,1.3754333497938727,,0.0,1.3754333497938727,3.4321054885
23140,1.375435879492127,,0.0,1.375435879492127,3.3915366768
23145,1.3754435142951233,,0.0,1.3754435142951233,3.4686421646
23150,1.3754429765590184,,0.0,1.3754429765590184,3.4977525078
23155,1.3754308056789226,,0.0,1.3754308056789226,3.4107190034
23160,1.3753957363691136,,0.0,1.3753957363691136,3.353448878
23165,1.3753472784666974,,0.0,1.3753472784666974,3.3370495671
23170,1.3753031860327418,,0.0,1.3753031860327418,3.300115392
23175,1.3752722993584607,,0.0,1.3752722993584607,3.371750241
23180,1.3752571372465403,,0.0,1.3752571372465403,3.3662623724
23185,1.3752582262717727,,0.0,1.3752582262717727,3.3367479626
23190,1.375274834039444,,0.0,1.375274834039444,3.358453192
23195,1.3752928567028189,,0.0,1.3752928567028189,3.3721257591
23200,1.3753084534415738,,0.0,1.3753084534415738,3.3582741218
23205,1.3753184198295225,,0.0,1.3753184198295225,3.3904060341
23210,1.3753218674128802,,0.0,1.3753218674128802,3.3357209501
23215,1.3753308662877455,,0.0,1.3753308662877455,3.3346010421
23220,1.3753531694474443,,0.0,1.3753531694474443,3.3553684793
23225,1.375389194378224,,0.0,1.375389194378224,3.394239916
23230,1.3754340322948617,,0.0,1.3754340322948617,3.4000503482
23235,1.3754803726703602,,0.0,1.3754803726703602,3.4103081902
23240,1.3755213308349523,,0.0,1.3755213308349523,3.424414333
23245,1.3755490606514993,,0.0,1.3755490606514993,3.4153392464
23250,1.3755590142172256,,0.0,1.3755590142172256,3.4411697068
23255,1.3755547971676498,,0.0,1.3755547971676498,3.4182026087
23260,1.375543751121999,,0.0,1.375543751121999,3.3666013344
23265,1.3755331152545927,,0.0,1.3755331152545927,3.2635226847
23270,1.3755277770245737,,0.0,1.3755277770245737,3.2307305473
23275,1.3755289916810116,,0.0,1.3755289916810116,3.223470413
23280,1.375534296427092,,0.0,1.375534296427092,3.182715066
23285,1.3755386263520868,,0.0,1.3755386263520868,3.2646933055
23290,1.3755357282640746,,0.0,1.3755357282640746,3.3361593969
23295,1.3755196915835741,,0.0,1.3755196915835741,3.2327412881
23300,1.3754875533806608,,0.0,1.3754875533806608,3.1922702735
23305,1.3754422395137564,,0.0,1.3754422395137564,3.1850730154
23310,1.375392574262905,,0.0,1.375392574262905,3.1687584199
23315,1.3753487932827253,,0.0,1.3753487932827253,3.2759644718
23320,1.3753175416069412,,0.0,1.3753175416069412,3.3689792405
23325,1.3753006351412806,,0.0,1.3753006351412806,3.3190454171
23330,1.3752971909461786,,0.0,1.3752971909461786,3.3023143878
23335,1.3753070641903147,,0.0,1.3753070641903147,3.3560689773
23340,1.375313119933298,,0.0,1.375313119933298,3.3301681031
23345,1.3753105801367131,,0.0,1.3753105801367131,3.3335635467
23350,1.3752973659396186,,0.0,1.3752973659396186,3.3542861442
23355,1.3752626223674076,,0.0,1.3752626223674076,3.3739838793
23360,1.375212409348557,,0.0,1.375212409348557,3.3007245875
23365,1.3751715308411911,,0.0,1.3751715308411911,3.296264146
23370,1.3751535985977368,,0.0,1.3751535985977368,3.3854909494
23375,1.3751591519487725,,0.0,1.3751591519487725,3.3755722227
23380,1.3751845096541717,,0.0,1.3751845096541717,3.3183880812
23385,1.3752276758984754,,0.0,1.3752276758984754,3.3958557167
23390,1.3752683123780884,,0.0,1.3752683123780884,3.4129802191
23395,1.3753007200469816,,0.0,1.3753007200469816,3.4591248453
23400,1.3753264664052365,,0.0,1.3753264664052365,3.5097487123
23405,1.3753373051693645,,0.0,1.3753373051693645,3.4425985233
23410,1.3753404923220907,,0.0,1.3753404923220907,3.3950086029
23415,1.3753551050051023,,0.0,1.3753551050051023,3.4048510997
23420,1.375389403852148,,0.0,1.375389403852148,3.3782953019
23425,1.3754416556043636,,0.0,1.3754416556043636,3.4026834739
23430,1.3755051804817962,,0.0,1.3755051804817962,3.483747981
23435,1.3755741485587367,,0.0,1.3755741485587367,3.4779545639
23440,1.3756422335632403,,0.0,1.3756422335632403,3.4894131563
23445,1.3756891385815795,,0.0,1.3756891385815795,3.4459998096
23450,1.375712416363055,,0.0,1.375712416363055,3.4626463109
23455,1.3757134711071128,,0.0,1.3757134711071128,3.4800744517
23460,1.3756834124959416,,0.0,1.3756834124959416,3.5313172936
23465,1.3756390668064844,,0.0,1.3756390668064844,3.4751888221
23470,1.3756062532112754,,0.0,1.3756062532112754,3.4740424817
23475,1.3755965202807856,,0.0,1.3755965202807856,3.5017713779
23480,1.3756084136560984,,0.0,1.3756084136560984,3.4564772084
23485,1.3756339832935678,,0.0,1.3756339832935678,3.4447284735
23490,1.375664918865029,,0.0,1.375664918865029,3.4122319435
23495,1.3756867697258146,,0.0,1.3756867697258146,3.4126549721
23500,1.3756812638103586,,0.0,1.3756812638103586,3.3779441557
23505,1.375648914671921,,0.0,1.375648914671921,3.3669488033
23510,1.3755907316120723,,0.0,1.3755907316120723,3.4077514617
23515,1.3755134227126657,,0.0,1.3755134227126657,3.3881080662
23520,1.3754437721347357,,0.0,1.3754437721347357,3.3078444716
23525,1.3753985369285118,,0.0,1.3753985369285118,3.3116244176
23530,1.3753817594158757,,0.0,1.3753817594158757,3.2483986076
23535,1.3753897570279734,,0.0,1.3753897570279734,3.267735178
23540,1.3754193855299848,,0.0,1.3754193855299848,3.4087782449
23545,1.375453514499192,,0.0,1.375453514499192,3.4312632598
23550,1.375479436382378,,0.0,1.375479436382378,3.3916359836
23555,1.3754936960224367,,0.0,1.3754936960224367,3.3477088368
23560,1.3754925231544854,,0.0,1.3754925231544854,3.2776143789
23565,1.3754656936173995,,0.0,1.3754656936173995,3.2431392758
23570,1.3754333450768894,,0.0,1.3754333450768894,3.2730529612
23575,1.3754144655834495,,0.0,1.3754144655834495,3.2889595018
23580,1.3754158921055208,,0.0,1.3754158921055208,3.319382952
23585,1.3754368799576577,,0.0,1.3754368799576577,3.3371752343
23590,1.3754750527767836,,0.0,1.3754750527767836,3.3603664875
23595,1.3755275539976273,,0.0,1.3755275539976273,3.3810420034
23600,1.3755700156840618,,0.0,1.3755700156840618,3.30466399
23605,1.3755958579100211,,0.0,1.3755958579100211,3.2578853305
23610,1.3756052212548977,,0.0,1.3756052212548977,3.2321978653
23615,1.3755879611483566,,0.0,1.3755879611483566,3.204358408
23620,1.3755591052350737,,0.0,1.3755591052350737,3.1932975123
23625,1.375541442391163,,0.0,1.375541442391163,3.2206160412
23630,1.3755442642766411,,0.0,1.3755442642766411,3.2021382937
23635,1.3755660045872813,,0.0,1.3755660045872813,3.2001384714
23640,1.375599455772483,,0.0,1.375599455772483,3.2551336066
23645,1.375638250569051,,0.0,1.375638250569051,3.224478398
23650,1.3756681094724472,,0.0,1.3756681094724472,3.2765580967
23655,1.375671051009856,,0.0,1.375671051009856,3.307809961
23660,1.3756497660542026,,0.0,1.3756497660542026,3.3591662942
23665,1.3756076852475667,,0.0,1.3756076852475667,3.3642512706
23670,1.3755416792368778,,0.0,1.3755416792368778,3.358325137
23675,1.3754662393258705,,0.0,1.3754662393258705,3.3814752741
23680,1.375401446842201,,0.0,1.375401446842201,3.3775165531
23685,1.375354328895246,,0.0,1.375354328895246,3.4081080926
23690,1.3753234964994914,,0.0,1.3753234964994914,3.4835463216
23695,1.3753034482571558,,0.0,1.3753034482571558,3.4950085306
23700,1.3752886760603826,,0.0,1.3752886760603826,3.4849094523
23705,1.3752755079037031,,0.0,1.3752755079037031,3.4832922916
23710,1.3752498437936933,,0.0,1.3752498437936933,3.4619082217
23715,1.3752146343695468,,0.0,1.3752146343695468,3.4074606596
23720,1.3751743317992078,,0.0,1.3751743317992078,3.3989336063
23725,1.3751291755858464,,0.0,1.3751291755858464,3.3820943889
23730,1.3750989096931518,,0.0,1.3750989096931518,3.3541296857
23735,1.3750978617256056,,0.0,1.3750978617256056,3.3854586103
23740,1.375129779093973,,0.0,1.375129779093973,3.3463182063
23745,1.3751917062427685,,0.0,1.3751917062427685,3.323002618
23750,1.375274750329598,,0.0,1.375274750329598,3.3382469524
23755,1.3753533849670792,,0.0,1.3753533849670792,3.3019191491
23760,1.3754185962657237,,0.0,1.3754185962657237,3.3403551355
23765,1.3754606332907813,,0.0,1.3754606332907813,3.3580170235
23770,1.3754700865240876,,0.0,1.3754700865240876,3.2694940877
23775,1.3754681989999364,,0.0,1.3754681989999364,3.2615560458
23780,1.3754728726667904,,0.0,1.3754728726667904,3.2807964866
23785,1.375492436255693,,0.0,1.375492436255693,3.2866413923
23790,1.3755276373752912,,0.0,1.3755276373752912,3.3116094599
23795,1.3755747953169504,,0.0,1.3755747953169504,3.3603417624
23800,1.3756280899211109,,0.0,1.3756280899211109,3.3761057027
23805,1.3756690524705042,,0.0,1.3756690524705042,3.3287845728
23810,1.3756945877603626,,0.0,1.3756945877603626,3.2939895413
23815,1.3757061591185142,,0.0,1.3757061591185142,3.2631822127
23820,1.3757027721251402,,0.0,1.3757027721251402,3.2044284631
23825,1.3756958891162836,,0.0,1.3756958891162836,3.1634114556
23830,1.3756959411359733,,0.0,1.3756959411359733,3.1800759357
23835,1.375707120984505,,0.0,1.375707120984505,3.1730691483
23840,1.3757282027112545,,0.0,1.3757282027112545,3.1602281841
23845,1.375754719798019,,0.0,1.375754719798019,3.2319618777
23850,1.3757817787399444,,0.0,1.3757817787399444,3.2577821736
23855,1.3758054712837753,,0.0,1.3758054712837753,3.1986617777
23860,1.3758134653083083,,0.0,1.3758134653083083,3.2253967091
23865,1.3758060144012274,,0.0,1.3758060144012274,3.2250600842
23870,1.3757857210750655,,0.0,1.3757857210750655,3.1869350022
23875,1.375753004410543,,0.0,1.375753004410543,3.2887553041
23880,1.3757197451600591,,0.0,1.3757197451600591,3.3132409957
23885,1.3756975253780244,,0.0,1.3756975253780244,3.3037386367
23890,1.3756927893274045,,0.0,1.3756927893274045,3.326384898
23895,1.3757052540556332,,0.0,1.3757052540556332,3.3872967095
23900,1.375716104844747,,0.0,1.375716104844747,3.4315521237
23905,1.3757194619417474,,0.0,1.3757194619417474,3.4645306591
23910,1.3757106194581339,,0.0,1.3757106194581339,3.5043277277
23915,1.375685376754118,,0.0,1.375685376754118,3.5048784203
23920,1.3756484908742175,,0.0,1.3756484908742175,3.5361780817
23925,1.3756214337260744,,0.0,1.3756214337260744,3.5873682754
23930,1.3756171896368898,,0.0,1.3756171896368898,3.6308012262
23935,1.3756385854748707,,0.0,1.3756385854748707,3.5979464985
23940,1.3756834758762535,,0.0,1.3756834758762535,3.5897534527
23945,1.3757461744843584,,0.0,1.3757461744843584,3.6284707694
23950,1.375802523102728,,0.0,1.375802523102728,3.5769287563
23955,1.375845680643865,,0.0,1.375845680643865,3.6181809129
23960,1.3758732249700236,,0.0,1.3758732249700236,3.6174933032
23965,1.3758767585885008,,0.0,1.3758767585885008,3.552045923
23970,1.3758505402661625,,0.0,1.3758505402661625,3.5026487174
23975,1.3758170597825146,,0.0,1.3758170597825146,3.4437330494
23980,1.375791721343667,,0.0,1.375791721343667,3.432465254
23985,1.3757804463582315,,0.0,1.3757804463582315,3.4861420618
23990,1.3757834681507937,,0.0,1.3757834681507937,3.4628944999
23995,1.375801328244333,,0.0,1.375801328244333,3.521454097
24000,1.3758157651366685,,0.0,1.3758157651366685,3.5514459633
24005,1.3758144729489687,,0.0,1.3758144729489687,3.5380897382
24010,1.3757968693663138,,0.0,1.3757968693663138,3.5060420392
24015,1.3757629616967066,,0.0,1.3757629616967066,3.5035438069
24020,1.3757048109913776,,0.0,1.3757048109913776,3.4872946327
24025,1.3756330909200365,,0.0,1.3756330909200365,3.474300197
24030,1.3755700370101414,,0.0,1.3755700370101414,3.513620463
24035,1.3755273828574979,,0.0,1.3755273828574979,3.4978857713
24040,1.3755054872850248,,0.0,1.3755054872850248,3.4904358099
24045,1.3754986331759955,,0.0,1.3754986331759955,3.400534024
24050,1.375502271099598,,0.0,1.375502271099598,3.3749493191
24055,1.3754926255329554,,0.0,1.3754926255329554,3.3652440667
24060,1.375466182323452,,0.0,1.375466182323452,3.2783875848
24065,1.3754254552910452,,0.0,1.3754254552910452,3.3324711382
24070,1.3753646398887265,,0.0,1.3753646398887265,3.344805692
24075,1.375296240972301,,0.0,1.375296240972301,3.2170260674
24080,1.3752510028428764,,0.0,1.3752510028428764,3.184142991
24085,1.3752429489591596,,0.0,1.3752429489591596,3.195523393
24090,1.375272092674865,,0.0,1.375272092674865,3.1357379108
24095,1.3753305818071424,,0.0,1.3753305818071424,3.2105679974
24100,1.3754090024530254,,0.0,1.3754090024530254,3.2471343428
24105,1.3754769493362833,,0.0,1.3754769493362833,3.2697587872
24110,1.3755220195145252,,0.0,1.3755220195145252,3.2848476426
24115,1.3755392363709793,,0.0,1.3755392363709793,3.3108000466
24120,1.3755274092991796,,0.0,1.3755274092991796,3.3835331813
24125,1.3754904379820871,,0.0,1.3754904379820871,3.3852681593
24130,1.375455514832326,,0.0,1.375455514832326,3.4271026107
24135,1.3754409676555908,,0.0,1.3754409676555908,3.5239383685
24140,1.3754518826886892,,0.0,1.3754518826886892,3.5340766169
24145,1.3754851141687638,,0.0,1.3754851141687638,3.5699970034
24150,1.3755373793411292,,0.0,1.3755373793411292,3.6444357726
24155,1.3755859953621432,,0.0,1.3755859953621432,3.6429398995
24160,1.3756171766153582,,0.0,1.3756171766153582,3.6091002751
24165,1.3756270076723895,,0.0,1.3756270076723895,3.6181824412
24170,1.375604171161387,,0.0,1.375604171161387,3.5865829959
24175,1.3755510625791065,,0.0,1.3755510625791065,3.5078572055
24180,1.3754986018180217,,0.0,1.3754986018180217,3.5958828934
24185,1.3754638133348143,,0.0,1.3754638133348143,3.559412923
24190,1.3754519286626679,,0.0,1.3754519286626679,3.5379096785
24195,1.3754629236187383,,0.0,1.3754629236187383,3.5355089232
24200,1.3754958278996139,,0.0,1.3754958278996139,3.5079405354
24205,1.375526349107338,,0.0,1.375526349107338,3.5695394841
24210,1.3755445697511421,,0.0,1.3755445697511421,3.577608946
24215,1.3755473389525665,,0.0,1.3755473389525665,3.5483281226
24220,1.3755319789266534,,0.0,1.3755319789266534,3.5305141125
24225,1.3754970391013597,,0.0,1.3754970391013597,3.5057191279
24230,1.3754622402540762,,0.0,1.3754622402540762,3.5244130803
24235,1.3754424489212438,,0.0,1.3754424489212438,3.5312474908
24240,1.3754428735161843,,0.0,1.3754428735161843,3.5453542481
24245,1.3754615600783606,,0.0,1.3754615600783606,3.5630827403
24250,1.3754961740331828,,0.0,1.3754961740331828,3.5759178092
24255,1.3755297489229343,,0.0,1.3755297489229343,3.5862074333
24260,1.375552116459491,,0.0,1.375552116459491,3.5966518022
24265,1.3755642785699835,,0.0,1.3755642785699835,3.4895009349
24270,1.3755696784529683,,0.0,1.3755696784529683,3.4570926759
24275,1.3755660673032295,,0.0,1.3755660673032295,3.4241318335
24280,1.3755680441843192,,0.0,1.3755680441843192,3.3164187714
24285,1.3755891558074422,,0.0,1.3755891558074422,3.3467324952
24290,1.3756328061736878,,0.0,1.3756328061736878,3.4716096907
24295,1.3756938655968511,,0.0,1.3756938655968511,3.436597565
24300,1.375764584405425,,0.0,1.375764584405425,3.3652026569
24305,1.3758256311392383,,0.0,1.3758256311392383,3.3843551318
24310,1.3758630916938746,,0.0,1.3758630916938746,3.3001148367
24315,1.3758761318940753,,0.0,1.3758761318940753,3.2640638717
24320,1.3758623361792977,,0.0,1.3758623361792977,3.3249684235
24325,1.3758290118875922,,0.0,1.3758290118875922,3.3148537603
24330,1.3757960373170206,,0.0,1.3757960373170206,3.309771758
24335,1.3757755120614366,,0.0,1.3757755120614366,3.3491943186
24340,1.3757705659389656,,0.0,1.3757705659389656,3.3654529803
24345,1.3757826980202117,,0.0,1.3757826980202117,3.3662951681
24350,1.375795462243667,,0.0,1.375795462243667,3.3925002425
24355,1.3758007222116235,,0.0,1.3758007222116235,3.4823907163
24360,1.3757924017186918,,0.0,1.3757924017186918,3.4986753923
24365,1.3757638940649421,,0.0,1.3757638940649421,3.4894028576
24370,1.3757036356652803,,0.0,1.3757036356652803,3.6023992699
24375,1.3756328983209547,,0.0,1.3756328983209547,3.6484541
24380,1.3755697428962623,,0.0,1.3755697428962623,3.5504327771
24385,1.3755206963010334,,0.0,1.3755206963010334,3.5486408897
24390,1.3754866920329216,,0.0,1.3754866920329216,3.5867423704
24395,1.3754711194105746,,0.0,1.3754711194105746,3.5620921326
24400,1.3754607171999362,,0.0,1.3754607171999362,3.646482461
24405,1.375445615744436,,0.0,1.375445615744436,3.667507803
24410,1.3754273768306258,,0.0,1.3754273768306258,3.6148338443
24415,1.3754033192852926,,0.0,1.3754033192852926,3.6014134858
24420,1.3753645537207344,,0.0,1.3753645537207344,3.5636046228
24425,1.37533464864405,,0.0,1.37533464864405,3.4889499615
24430,1.3753312562028923,,0.0,1.3753312562028923,3.5066128837
24435,1.3753580493992754,,0.0,1.3753580493992754,3.5045560175
24440,1.3754095525462982,,0.0,1.3754095525462982,3.5857400464
24445,1.3754790643386188,,0.0,1.3754790643386188,3.6244904044
24450,1.375552612473546,,0.0,1.375552612473546,3.6070085458
24455,1.3756083565872432,,0.0,1.3756083565872432,3.625331425
24460,1.3756437687752385,,0.0,1.3756437687752385,3.6479537597
24465,1.3756558277100241,,0.0,1.3756558277100241,3.6379095613
24470,1.3756348530122917,,0.0,1.3756348530122917,3.6150525723
24475,1.375596093427008,,0.0,1.375596093427008,3.5738612069
24480,1.3755673565677282,,0.0,1.3755673565677282,3.5407364311
24485,1.3755587282085855,,0.0,1.3755587282085855,3.5207358469
24490,1.3755690153514037,,0.0,1.3755690153514037,3.4637729781
24495,1.3755931918843036,,0.0,1.3755931918843036,3.4607450334
24500,1.3756248433078195,,0.0,1.3756248433078195,3.4415082556
24505,1.3756387947494855,,0.0,1.3756387947494855,3.4134198654
24510,1.375630224721489,,0.0,1.375630224721489,3.4558236066
24515,1.3756006360148731,,0.0,1.3756006360148731,3.5037927738
24520,1.3755434202687986,,0.0,1.3755434202687986,3.4371851299
24525,1.3754772942739972,,0.0,1.3754772942739972,3.4324007199
24530,1.3754261200535194,,0.0,1.3754261200535194,3.4130014173
24535,1.375399416346948,,0.0,1.375399416346948,3.3481644056
24540,1.3753955633023291,,0.0,1.3753955633023291,3.3881873331
24545,1.375409199104727,,0.0,1.375409199104727,3.4631810876
24550,1.375431816574966,,0.0,1.375431816574966,3.4238698849
24555,1.3754375424612948,,0.0,1.3754375424612948,3.4512777291
24560,1.375423115467981,,0.0,1.375423115467981,3.4580073079
24565,1.3753882735034832,,0.0,1.3753882735034832,3.4020579693
24570,1.3753246417963425,,0.0,1.3753246417963425,3.3475255723
24575,1.3752423159532778,,0.0,1.3752423159532778,3.3103135732
24580,1.3751696536146798,,0.0,1.3751696536146798,3.3772706779
24585,1.3751220486890179,,0.0,1.3751220486890179,3.3561291612
24590,1.3751027607446795,,0.0,1.3751027607446795,3.371207215
24595,1.3751111624893109,,0.0,1.3751111624893109,3.4350764009
24600,1.3751427992968221,,0.0,1.3751427992968221,3.435673417
24605,1.3751734909803117,,0.0,1.3751734909803117,3.3383488797
24610,1.375198308890078,,0.0,1.375198308890078,3.3702718212
24615,1.3752164379181067,,0.0,1.3752164379181067,3.3471727736
24620,1.3752193517515423,,0.0,1.3752193517515423,3.3077216243
24625,1.3752164532649116,,0.0,1.3752164532649116,3.358700484
24630,1.3752299836992017,,0.0,1.3752299836992017,3.3083038435
24635,1.3752689085782126,,0.0,1.3752689085782126,3.2919287558
24640,1.3753312368034678,,0.0,1.3753312368034678,3.3389529628
24645,1.3754092900561388,,0.0,1.3754092900561388,3.3172200817
24650,1.3754969523354401,,0.0,1.3754969523354401,3.3191989376
24655,1.3755715740159222,,0.0,1.3755715740159222,3.3772091861
24660,1.3756200642728584,,0.0,1.3756200642728584,3.4207203388
24665,1.375640201606387,,0.0,1.375640201606387,3.4514946349
24670,1.3756331544332212,,0.0,1.3756331544332212,3.4501693176
24675,1.3755957122814642,,0.0,1.3755957122814642,3.4487503747
24680,1.3755514083804934,,0.0,1.3755514083804934,3.4444887419
24685,1.3755198595347569,,0.0,1.3755198595347569,3.4547338194
24690,1.3755082504407379,,0.0,1.3755082504407379,3.4149491773
24695,1.3755140436271254,,0.0,1.3755140436271254,3.4452607294
24700,1.375530649069523,,0.0,1.375530649069523,3.4922142174
24705,1.3755483730349083,,0.0,1.3755483730349083,3.4928737078
24710,1.3755435378612013,,0.0,1.3755435378612013,3.4944248194
24715,1.3755134423778357,,0.0,1.3755134423778357,3.4294770064
24720,1.3754587179962212,,0.0,1.3754587179962212,3.4221316047
24725,1.375377318342808,,0.0,1.375377318342808,3.4301609311
24730,1.3752959810067242,,0.0,1.3752959810067242,3.4084717236
24735,1.3752364213185295,,0.0,1.3752364213185295,3.4338364018
24740,1.375205759664286,,0.0,1.375205759664286,3.4668527951
24745,1.3752016673822427,,0.0,1.3752016673822427,3.428071874
24750,1.3752217457202607,,0.0,1.3752217457202607,3.4218690895
24755,1.375250481250813,,0.0,1.375250481250813,3.3662880345
24760,1.3752726050987072,,0.0,1.3752726050987072,3.3256306076
24765,1.375283805675391,,0.0,1.375283805675391,3.3890222136
24770,1.37527802597559,,0.0,1.37527802597559,3.3987237113
24775,1.3752444440435814,,0.0,1.3752444440435814,3.2592706214
24780,1.3752066457927974,,0.0,1.3752066457927974,3.2171155756
24785,1.3751850152350662,,0.0,1.3751850152350662,3.2546027053
24790,1.3751848624313794,,0.0,1.3751848624313794,3.228249416
24795,1.3752050089995653,,0.0,1.3752050089995653,3.2304711839
24800,1.375244584091482,,0.0,1.375244584091482,3.2558528284
24805,1.37529979937155,,0.0,1.37529979937155,3.2769505535
24810,1.3753489387784097,,0.0,1.3753489387784097,3.2702862763
24815,1.3753878279810816,,0.0,1.3753878279810816,3.2674347893
24820,1.375414040988509,,0.0,1.375414040988509,3.3084714488
24825,1.3754199108424856,,0.0,1.3754199108424856,3.2717859554
24830,1.3754103752944973,,0.0,1.3754103752944973,3.2228251368
24835,1.3754038806063147,,0.0,1.3754038806063147,3.1852593571
24840,1.3754098909732464,,0.0,1.3754098909732464,3.1481289608
24845,1.3754296154710748,,0.0,1.3754296154710748,3.0861873423
24850,1.3754593190462014,,0.0,1.3754593190462014,3.1247280177
24855,1.3754929543266277,,0.0,1.3754929543266277,3.1298776421
24860,1.3755255680147527,,0.0,1.3755255680147527,3.1301564335
24865,1.375536746135938,,0.0,1.375536746135938,3.1447554607
24870,1.3755243786705778,,0.0,1.3755243786705778,3.1620492838
24875,1.3754927287750986,,0.0,1.3754927287750986,3.1630091837
24880,1.3754415743526638,,0.0,1.3754415743526638,3.2463801664
24885,1.3753791733795664,,0.0,1.3753791733795664,3.2651954248
24890,1.3753254458759174,,0.0,1.3753254458759174,3.2585288774
24895,1.3752883832752312,,0.0,1.3752883832752312,3.2935058894
24900,1.3752663643968264,,0.0,1.3752663643968264,3.3658334186
24905,1.3752532319829223,,0.0,1.3752532319829223,3.393761737
24910,1.3752445074903294,,0.0,1.3752445074903294,3.4156986867
24915,1.3752268136870633,,0.0,1.3752268136870633,3.4497147504
24920,1.3751927486296585,,0.0,1.3751927486296585,3.4695641631
24925,1.3751455723515567,,0.0,1.3751455723515567,3.4776233089
24930,1.3750809472875787,,0.0,1.3750809472875787,3.5181376425
24935,1.3750143907185624,,0.0,1.3750143907185624,3.536782541
24940,1.3749661139881697,,0.0,1.3749661139881697,3.4788474326
24945,1.3749444704089069,,0.0,1.3749444704089069,3.4078845514
24950,1.374949900520447,,0.0,1.374949900520447,3.4331356865
24955,1.3749815935995768,,0.0,1.3749815935995768,3.3859533547
24960,1.375030694871951,,0.0,1.375030694871951,3.416448072
24965,1.375078997645407,,0.0,1.375078997645407,3.4102373341
24970,1.3751211647529078,,0.0,1.3751211647529078,3.3501960924
24975,1.3751480720205647,,0.0,1.3751480720205647,3.348659546
24980,1.3751520880336376,,0.0,1.3751520880336376,3.2954778481
24985,1.3751527317357775,,0.0,1.3751527317357775,3.292011338
24990,1.3751649859935369,,0.0,1.3751649859935369,3.379067099
24995,1.3751935178301309,,0.0,1.3751935178301309,3.3459021465
25000,1.3752365947174958,,0.0,1.3752365947174958,3.3806669656
