FoamFile
{
    version     2.0;
    format      ascii;
    class       dictionary;
    object      blockMeshDict;
}
// Generated by aether.cfd - do not edit by hand. Regenerate from the run config.

scale 1;

vertices
(
    (0 0 -0.03)
    (-0.173612451147 8.73340817652e-17 -0.03)
    (0 0 0)
    (-0.173612451147 8.73340817652e-17 0)
    (0.00303730436416 0.0534182430651 -0.03)
    (-0.170053270933 0.0706529421233 -0.03)
    (0.00303730436416 0.0534182430651 0)
    (-0.170053270933 0.0706529421233 0)
    (0.0121093905989 0.106148025852 -0.03)
    (-0.15959600566 0.140705607546 -0.03)
    (0.0121093905989 0.106148025852 0)
    (-0.15959600566 0.140705607546 0)
    (0.0270994825602 0.157509789889 -0.03)
    (-0.142817087599 0.209738945781 -0.03)
    (0.0270994825602 0.157509789889 0)
    (-0.142817087599 0.209738945781 0)
    (0.0478147611666 0.206841429467 -0.03)
    (-0.120449740949 0.277623175822 -0.03)
    (0.0478147611666 0.206841429467 0)
    (-0.120449740949 0.277623175822 0)
    (0.0739877408824 0.253507348482 -0.03)
    (-0.093176460375 0.344536375872 -0.03)
    (0.0739877408824 0.253507348482 0)
    (-0.093176460375 0.344536375872 0)
    (0.1052813587 0.296906000831 -0.03)
    (-0.0614838233038 0.410928733232 -0.03)
    (0.1052813587 0.296906000831 0)
    (-0.0614838233038 0.410928733232 0)
    (0.141292376196 0.336477956743 -0.03)
    (-0.0255863778267 0.477478711143 -0.03)
    (0.141292376196 0.336477956743 0)
    (-0.0255863778267 0.477478711143 0)
    (0.181556388167 0.371713484998 -0.03)
    (0.014609148432 0.545071244293 -0.03)
    (0.181556388167 0.371713484998 0)
    (0.014609148432 0.545071244293 0)
    (0.225000367824 0.402982920125 -0.03)
    (0.0595962535637 0.614906387127 -0.03)
    (0.225000367824 0.402982920125 0)
    (0.0595962535637 0.614906387127 0)
    (0.268772818886 0.433801530297 -0.03)
    (0.110036820953 0.688130265881 -0.03)
    (0.268772818886 0.433801530297 0)
    (0.110036820953 0.688130265881 0)
    (0.312545269949 0.464620140468 -0.03)
    (0.165912590957 0.764773208649 -0.03)
    (0.312545269949 0.464620140468 0)
    (0.165912590957 0.764773208649 0)
    (0.356317721011 0.495438750639 -0.03)
    (0.227125878982 0.84480717605 -0.03)
    (0.356317721011 0.495438750639 0)
    (0.227125878982 0.84480717605 0)
    (0.400090172074 0.52625736081 -0.03)
    (0.29358191498 0.928244282424 -0.03)
    (0.400090172074 0.52625736081 0)
    (0.29358191498 0.928244282424 0)
    (0.443862623136 0.557075970982 -0.03)
    (0.365204129028 1.01513495383 -0.03)
    (0.443862623136 0.557075970982 0)
    (0.365204129028 1.01513495383 0)
    (0.488096851387 0.587177010234 -0.03)
    (0.442624746681 1.10635693743 -0.03)
    (0.488096851387 0.587177010234 0)
    (0.442624746681 1.10635693743 0)
    (0.539524445352 0.6 -0.03)
    (0.539524445352 1.21751315286 -0.03)
    (0.539524445352 0.6 0)
    (0.539524445352 1.21751315286 0)
);

blocks
(
    hex (0 4 5 1 2 6 7 3) (4 48 1) simpleGrading (1 4 1)
    hex (4 8 9 5 6 10 11 7) (4 48 1) simpleGrading (1 4 1)
    hex (8 12 13 9 10 14 15 11) (4 48 1) simpleGrading (1 4 1)
    hex (12 16 17 13 14 18 19 15) (4 48 1) simpleGrading (1 4 1)
    hex (16 20 21 17 18 22 23 19) (4 48 1) simpleGrading (1 4 1)
    hex (20 24 25 21 22 26 27 23) (4 48 1) simpleGrading (1 4 1)
    hex (24 28 29 25 26 30 31 27) (4 48 1) simpleGrading (1 4 1)
    hex (28 32 33 29 30 34 35 31) (4 48 1) simpleGrading (1 4 1)
    hex (32 36 37 33 34 38 39 35) (4 48 1) simpleGrading (1 4 1)
    hex (36 40 41 37 38 42 43 39) (4 48 1) simpleGrading (1 4 1)
    hex (40 44 45 41 42 46 47 43) (4 48 1) simpleGrading (1 4 1)
    hex (44 48 49 45 46 50 51 47) (4 48 1) simpleGrading (1 4 1)
    hex (48 52 53 49 50 54 55 51) (4 48 1) simpleGrading (1 4 1)
    hex (52 56 57 53 54 58 59 55) (4 48 1) simpleGrading (1 4 1)
    hex (56 60 61 57 58 62 63 59) (4 48 1) simpleGrading (1 4 1)
    hex (60 64 65 61 62 66 67 63) (4 48 1) simpleGrading (1 4 1)
);

edges
(
    polyLine 0 4 ((9.5723028477e-07 0.000949882865461 -0.03) (3.8289172508e-06 0.00189976187239 -0.03) (8.61504923289e-06 0.00284963316226 -0.03) (1.53156067892e-05 0.0037994928766 -0.03) (2.39305627014e-05 0.00474933715695 -0.03) (3.44598819744e-05 0.00569916214495 -0.03) (4.69035218369e-05 0.00664896398229 -0.03) (6.12614317415e-05 0.00759873881077 -0.03) (7.75335533647e-05 0.00854848277229 -0.03) (9.57198206072e-05 0.00949819200888 -0.03) (0.000115820159594 0.0104478626627 -0.03) (0.000137834488676 0.0113974908761 -0.03) (0.000161762718428 0.0123470727916 -0.03) (0.00018760475165 0.0132966045518 -0.03) (0.00021536048337 0.0142460822997 -0.03) (0.00024502980084 0.0151955021784 -0.03) (0.00027661258354 0.0161448603312 -0.03) (0.000310108703177 0.0170941529016 -0.03) (0.000345518023687 0.0180433760337 -0.03) (0.000382840401232 0.0189925258714 -0.03) (0.000422075684204 0.0199415985594 -0.03) (0.000463223713226 0.0208905902422 -0.03) (0.000506284321149 0.021839497065 -0.03) (0.000551257333056 0.0227883151733 -0.03) (0.000598142566261 0.0237370407128 -0.03) (0.000646939830312 0.0246856698297 -0.03) (0.000697648926987 0.0256341986705 -0.03) (0.000750269650302 0.0265826233823 -0.03) (0.000804801786504 0.0275309401123 -0.03) (0.000861245114077 0.0284791450085 -0.03) (0.000919599403742 0.0294272342191 -0.03) (0.000979864418458 0.0303752038929 -0.03) (0.00104203991342 0.0313230501791 -0.03) (0.00110612563607 0.0322707692274 -0.03) (0.00117212132607 0.0332183571881 -0.03) (0.00124002671535 0.034165810212 -0.03) (0.00130984152807 0.0351131244504 -0.03) (0.00138156548063 0.0360602960553 -0.03) (0.00145519828168 0.037007321179 -0.03) (0.00153073963212 0.0379541959747 -0.03) (0.00160818922508 0.0389009165961 -0.03) (0.00168754674597 0.0398474791975 -0.03) (0.00176881187241 0.0407938799337 -0.03) (0.0018519842743 0.0417401149605 -0.03) (0.00193706361379 0.0426861804341 -0.03) (0.00202404954527 0.0436320725116 -0.03) (0.0021129417154 0.0445777873504 -0.03) (0.00220373976308 0.0455233211092 -0.03) (0.00229644331949 0.0464686699469 -0.03) (0.00239105200804 0.0474138300235 -0.03) (0.00248756544444 0.0483587974997 -0.03) (0.00258598323663 0.0493035685368 -0.03) (0.00268630498482 0.0502481392971 -0.03) (0.0027885302815 0.0511925059437 -0.03) (0.00289265871142 0.0521366646403 -0.03) (0.00299868985159 0.0530806115518 -0.03))
    polyLine 2 6 ((9.5723028477e-07 0.000949882865461 0) (3.8289172508e-06 0.00189976187239 0) (8.61504923289e-06 0.00284963316226 0) (1.53156067892e-05 0.0037994928766 0) (2.39305627014e-05 0.00474933715695 0) (3.44598819744e-05 0.00569916214495 0) (4.69035218369e-05 0.00664896398229 0) (6.12614317415e-05 0.00759873881077 0) (7.75335533647e-05 0.00854848277229 0) (9.57198206072e-05 0.00949819200888 0) (0.000115820159594 0.0104478626627 0) (0.000137834488676 0.0113974908761 0) (0.000161762718428 0.0123470727916 0) (0.00018760475165 0.0132966045518 0) (0.00021536048337 0.0142460822997 0) (0.00024502980084 0.0151955021784 0) (0.00027661258354 0.0161448603312 0) (0.000310108703177 0.0170941529016 0) (0.000345518023687 0.0180433760337 0) (0.000382840401232 0.0189925258714 0) (0.000422075684204 0.0199415985594 0) (0.000463223713226 0.0208905902422 0) (0.000506284321149 0.021839497065 0) (0.000551257333056 0.0227883151733 0) (0.000598142566261 0.0237370407128 0) (0.000646939830312 0.0246856698297 0) (0.000697648926987 0.0256341986705 0) (0.000750269650302 0.0265826233823 0) (0.000804801786504 0.0275309401123 0) (0.000861245114077 0.0284791450085 0) (0.000919599403742 0.0294272342191 0) (0.000979864418458 0.0303752038929 0) (0.00104203991342 0.0313230501791 0) (0.00110612563607 0.0322707692274 0) (0.00117212132607 0.0332183571881 0) (0.00124002671535 0.034165810212 0) (0.00130984152807 0.0351131244504 0) (0.00138156548063 0.0360602960553 0) (0.00145519828168 0.037007321179 0) (0.00153073963212 0.0379541959747 0) (0.00160818922508 0.0389009165961 0) (0.00168754674597 0.0398474791975 0) (0.00176881187241 0.0407938799337 0) (0.0018519842743 0.0417401149605 0) (0.00193706361379 0.0426861804341 0) (0.00202404954527 0.0436320725116 0) (0.0021129417154 0.0445777873504 0) (0.00220373976308 0.0455233211092 0) (0.00229644331949 0.0464686699469 0) (0.00239105200804 0.0474138300235 0) (0.00248756544444 0.0483587974997 0) (0.00258598323663 0.0493035685368 0) (0.00268630498482 0.0502481392971 0) (0.0027885302815 0.0511925059437 0) (0.00289265871142 0.0521366646403 0) (0.00299868985159 0.0530806115518 0))
    polyLine 1 5 ((-0.173606235848 0.00294891008127 -0.03) (-0.173587590714 0.00589776681047 -0.03) (-0.173556518043 0.00884651686342 -0.03) (-0.173513021658 0.0117951069716 -0.03) (-0.17345710691 0.01474348395 -0.03) (-0.173388780671 0.0176915947249 -0.03) (-0.173308051329 0.0206393863612 -0.03) (-0.173214928785 0.0235868060901 -0.03) (-0.17310942444 0.0265338013365 -0.03) (-0.172991551192 0.029480319746 -0.03) (-0.172861323424 0.0324263092117 -0.03) (-0.172718756994 0.0353717179012 -0.03) (-0.172563869223 0.0383164942828 -0.03) (-0.172396678884 0.0412605871518 -0.03) (-0.172217206183 0.0442039456564 -0.03) (-0.172025472754 0.0471465193229 -0.03) (-0.171821501633 0.0500882580815 -0.03) (-0.171605317249 0.0530291122905 -0.03) (-0.171376945402 0.0559690327611 -0.03) (-0.171136413247 0.0589079707816 -0.03) (-0.170883749273 0.0618458781404 -0.03) (-0.170618983286 0.0647827071498 -0.03) (-0.170342146382 0.0677184106684 -0.03))
    polyLine 3 7 ((-0.173606235848 0.00294891008127 0) (-0.173587590714 0.00589776681047 0) (-0.173556518043 0.00884651686342 0) (-0.173513021658 0.0117951069716 0) (-0.17345710691 0.01474348395 0) (-0.173388780671 0.0176915947249 0) (-0.173308051329 0.0206393863612 0) (-0.173214928785 0.0235868060901 0) (-0.17310942444 0.0265338013365 0) (-0.172991551192 0.029480319746 0) (-0.172861323424 0.0324263092117 0) (-0.172718756994 0.0353717179012 0) (-0.172563869223 0.0383164942828 0) (-0.172396678884 0.0412605871518 0) (-0.172217206183 0.0442039456564 0) (-0.172025472754 0.0471465193229 0) (-0.171821501633 0.0500882580815 0) (-0.171605317249 0.0530291122905 0) (-0.171376945402 0.0559690327611 0) (-0.171136413247 0.0589079707816 0) (-0.170883749273 0.0618458781404 0) (-0.170618983286 0.0647827071498 0) (-0.170342146382 0.0677184106684 0))
    polyLine 4 8 ((0.0031066232713 0.0540243428437 -0.03) (0.00321645853212 0.0549678546824 -0.03) (0.00332819518789 0.0559111432354 -0.03) (0.00344183278471 0.0568542046708 -0.03) (0.00355737086097 0.0577970351579 -0.03) (0.00367480894736 0.0587396308667 -0.03) (0.00379414656681 0.0596819879683 -0.03) (0.00391538323457 0.0606241026348 -0.03) (0.00403851845816 0.0615659710391 -0.03) (0.00416355173739 0.0625075893553 -0.03) (0.00429048256435 0.0634489537585 -0.03) (0.00441931042345 0.0643900604247 -0.03) (0.00455003479137 0.065330905531 -0.03) (0.0046826551371 0.0662714852555 -0.03) (0.0048171709219 0.0672117957777 -0.03) (0.00495358159936 0.0681518332777 -0.03) (0.00509188661538 0.0690915939371 -0.03) (0.00523208540813 0.0700310739384 -0.03) (0.00537417740811 0.0709702694654 -0.03) (0.00551816203813 0.071909176703 -0.03) (0.00566403871331 0.0728477918371 -0.03) (0.00581180684107 0.0737861110551 -0.03) (0.00596146582118 0.0747241305453 -0.03) (0.00611301504568 0.0756618464975 -0.03) (0.00626645389899 0.0765992551024 -0.03) (0.0064217817578 0.0775363525524 -0.03) (0.00657899799115 0.0784731350406 -0.03) (0.00673810196043 0.079409598762 -0.03) (0.00689909301932 0.0803457399123 -0.03) (0.00706197051387 0.0812815546889 -0.03) (0.00722673378245 0.0822170392905 -0.03) (0.00739338215576 0.0831521899169 -0.03) (0.00756191495687 0.0840870027694 -0.03) (0.00773233150118 0.0850214740509 -0.03) (0.00790463109643 0.0859555999652 -0.03) (0.00807881304272 0.086889376718 -0.03) (0.00825487663251 0.087822800516 -0.03) (0.0084328211506 0.0887558675676 -0.03) (0.00861264587417 0.0896885740827 -0.03) (0.00879435007273 0.0906209162723 -0.03) (0.0089779330082 0.0915528903493 -0.03) (0.00916339393484 0.0924844925279 -0.03) (0.00935073209928 0.0934157190237 -0.03) (0.00953994674053 0.0943465660541 -0.03) (0.00973103708998 0.0952770298377 -0.03) (0.0099240023714 0.0962071065951 -0.03) (0.0101188418009 0.097136792548 -0.03) (0.0103155545872 0.09806608392 -0.03) (0.0105141399309 0.0989949769363 -0.03) (0.0107145970257 0.0999234678235 -0.03) (0.010916925057 0.10085155281 -0.03) (0.0111211232031 0.101779228126 -0.03) (0.0113271906345 0.102706490002 -0.03) (0.0115351265141 0.103633334674 -0.03) (0.0117449299972 0.104559758374 -0.03) (0.0119566002317 0.105485757341 -0.03))
    polyLine 6 10 ((0.0031066232713 0.0540243428437 0) (0.00321645853212 0.0549678546824 0) (0.00332819518789 0.0559111432354 0) (0.00344183278471 0.0568542046708 0) (0.00355737086097 0.0577970351579 0) (0.00367480894736 0.0587396308667 0) (0.00379414656681 0.0596819879683 0) (0.00391538323457 0.0606241026348 0) (0.00403851845816 0.0615659710391 0) (0.00416355173739 0.0625075893553 0) (0.00429048256435 0.0634489537585 0) (0.00441931042345 0.0643900604247 0) (0.00455003479137 0.065330905531 0) (0.0046826551371 0.0662714852555 0) (0.0048171709219 0.0672117957777 0) (0.00495358159936 0.0681518332777 0) (0.00509188661538 0.0690915939371 0) (0.00523208540813 0.0700310739384 0) (0.00537417740811 0.0709702694654 0) (0.00551816203813 0.071909176703 0) (0.00566403871331 0.0728477918371 0) (0.00581180684107 0.0737861110551 0) (0.00596146582118 0.0747241305453 0) (0.00611301504568 0.0756618464975 0) (0.00626645389899 0.0765992551024 0) (0.0064217817578 0.0775363525524 0) (0.00657899799115 0.0784731350406 0) (0.00673810196043 0.079409598762 0) (0.00689909301932 0.0803457399123 0) (0.00706197051387 0.0812815546889 0) (0.00722673378245 0.0822170392905 0) (0.00739338215576 0.0831521899169 0) (0.00756191495687 0.0840870027694 0) (0.00773233150118 0.0850214740509 0) (0.00790463109643 0.0859555999652 0) (0.00807881304272 0.086889376718 0) (0.00825487663251 0.087822800516 0) (0.0084328211506 0.0887558675676 0) (0.00861264587417 0.0896885740827 0) (0.00879435007273 0.0906209162723 0) (0.0089779330082 0.0915528903493 0) (0.00916339393484 0.0924844925279 0) (0.00935073209928 0.0934157190237 0) (0.00953994674053 0.0943465660541 0) (0.00973103708998 0.0952770298377 0) (0.0099240023714 0.0962071065951 0) (0.0101188418009 0.097136792548 0) (0.0103155545872 0.09806608392 0) (0.0105141399309 0.0989949769363 0) (0.0107145970257 0.0999234678235 0) (0.010916925057 0.10085155281 0) (0.0111211232031 0.101779228126 0) (0.0113271906345 0.102706490002 0) (0.0115351265141 0.103633334674 0) (0.0117449299972 0.104559758374 0) (0.0119566002317 0.105485757341 0))
    polyLine 5 9 ((-0.169752016173 0.0735898333354 -0.03) (-0.169438762152 0.0765254579908 -0.03) (-0.169113545051 0.0794597711878 -0.03) (-0.168776402234 0.0823927286806 -0.03) (-0.168427372224 0.0853242868986 -0.03) (-0.168066494673 0.0882544029658 -0.03) (-0.167693810341 0.0911830347193 -0.03) (-0.167309361063 0.0941101407274 -0.03) (-0.166913189722 0.097035680307 -0.03) (-0.166505340226 0.0999596135402 -0.03) (-0.166085857472 0.102881901291 -0.03) (-0.165654787322 0.10580250522 -0.03) (-0.165212176573 0.108721387801 -0.03) (-0.164758072922 0.111638512333 -0.03) (-0.164292524943 0.114553842957 -0.03) (-0.163815582051 0.117467344666 -0.03) (-0.163327294476 0.120378983319 -0.03) (-0.162827713226 0.123288725654 -0.03) (-0.162316890061 0.126196539296 -0.03) (-0.16179487746 0.129102392771 -0.03) (-0.161261728589 0.132006255515 -0.03) (-0.160717497269 0.134908097882 -0.03) (-0.160162237946 0.137807891152 -0.03))
    polyLine 7 11 ((-0.169752016173 0.0735898333354 0) (-0.169438762152 0.0765254579908 0) (-0.169113545051 0.0794597711878 0) (-0.168776402234 0.0823927286806 0) (-0.168427372224 0.0853242868986 0) (-0.168066494673 0.0882544029658 0) (-0.167693810341 0.0911830347193 0) (-0.167309361063 0.0941101407274 0) (-0.166913189722 0.097035680307 0) (-0.166505340226 0.0999596135402 0) (-0.166085857472 0.102881901291 0) (-0.165654787322 0.10580250522 0) (-0.165212176573 0.108721387801 0) (-0.164758072922 0.111638512333 0) (-0.164292524943 0.114553842957 0) (-0.163815582051 0.117467344666 0) (-0.163327294476 0.120378983319 0) (-0.162827713226 0.123288725654 0) (-0.162316890061 0.126196539296 0) (-0.16179487746 0.129102392771 0) (-0.161261728589 0.132006255515 0) (-0.160717497269 0.134908097882 0) (-0.160162237946 0.137807891152 0))
    polyLine 8 12 ((0.0121701363576 0.106411327812 -0.03) (0.0123855375076 0.107336466028 -0.03) (0.0126028028066 0.108261168231 -0.03) (0.0128219313722 0.109185430665 -0.03) (0.0130429223142 0.110109249574 -0.03) (0.0132657747349 0.111032621208 -0.03) (0.0134904877291 0.111955541813 -0.03) (0.0137170603839 0.112878007643 -0.03) (0.013945491779 0.113800014949 -0.03) (0.0141757809864 0.114721559986 -0.03) (0.0144079270708 0.115642639011 -0.03) (0.014641929089 0.116563248282 -0.03) (0.0148777860906 0.117483384059 -0.03) (0.0151154971175 0.118403042606 -0.03) (0.0153550612041 0.119322220185 -0.03) (0.0155964773772 0.120240913064 -0.03) (0.0158397446561 0.121159117511 -0.03) (0.0160848620528 0.122076829795 -0.03) (0.0163318285714 0.122994046188 -0.03) (0.0165806432089 0.123910762966 -0.03) (0.0168313049544 0.124826976404 -0.03) (0.0170838127898 0.12574268278 -0.03) (0.0173381656893 0.126657878375 -0.03) (0.0175943626198 0.127572559471 -0.03) (0.0178524025404 0.128486722352 -0.03) (0.0181122844032 0.129400363306 -0.03) (0.0183740071523 0.13031347862 -0.03) (0.0186375697246 0.131226064586 -0.03) (0.0189029710495 0.132138117496 -0.03) (0.019170210049 0.133049633646 -0.03) (0.0194392856374 0.133960609333 -0.03) (0.0197101967217 0.134871040856 -0.03) (0.0199829422015 0.135780924518 -0.03) (0.0202575209688 0.136690256622 -0.03) (0.0205339319084 0.137599033474 -0.03) (0.0208121738972 0.138507251383 -0.03) (0.0210922458052 0.139414906659 -0.03) (0.0213741464946 0.140321995616 -0.03) (0.0216578748203 0.141228514568 -0.03) (0.0219434296298 0.142134459835 -0.03) (0.0222308097631 0.143039827734 -0.03) (0.0225200140529 0.143944614589 -0.03) (0.0228110413243 0.144848816725 -0.03) (0.0231038903952 0.145752430467 -0.03) (0.023398560076 0.146655452147 -0.03) (0.0236950491697 0.147557878095 -0.03) (0.0239933564719 0.148459704646 -0.03) (0.0242934807709 0.149360928136 -0.03) (0.0245954208476 0.150261544905 -0.03) (0.0248991754753 0.151161551294 -0.03) (0.0252047434203 0.152060943648 -0.03) (0.0255121234413 0.152959718312 -0.03) (0.0258213142897 0.153857871636 -0.03) (0.0261323147094 0.154755399972 -0.03) (0.0264451234372 0.155652299673 -0.03) (0.0267597392025 0.156548567096 -0.03) (0.0270761607271 0.157444198602 -0.03))
    polyLine 10 14 ((0.0121701363576 0.106411327812 0) (0.0123855375076 0.107336466028 0) (0.0126028028066 0.108261168231 0) (0.0128219313722 0.109185430665 0) (0.0130429223142 0.110109249574 0) (0.0132657747349 0.111032621208 0) (0.0134904877291 0.111955541813 0) (0.0137170603839 0.112878007643 0) (0.013945491779 0.113800014949 0) (0.0141757809864 0.114721559986 0) (0.0144079270708 0.115642639011 0) (0.014641929089 0.116563248282 0) (0.0148777860906 0.117483384059 0) (0.0151154971175 0.118403042606 0) (0.0153550612041 0.119322220185 0) (0.0155964773772 0.120240913064 0) (0.0158397446561 0.121159117511 0) (0.0160848620528 0.122076829795 0) (0.0163318285714 0.122994046188 0) (0.0165806432089 0.123910762966 0) (0.0168313049544 0.124826976404 0) (0.0170838127898 0.12574268278 0) (0.0173381656893 0.126657878375 0) (0.0175943626198 0.127572559471 0) (0.0178524025404 0.128486722352 0) (0.0181122844032 0.129400363306 0) (0.0183740071523 0.13031347862 0) (0.0186375697246 0.131226064586 0) (0.0189029710495 0.132138117496 0) (0.019170210049 0.133049633646 0) (0.0194392856374 0.133960609333 0) (0.0197101967217 0.134871040856 0) (0.0199829422015 0.135780924518 0) (0.0202575209688 0.136690256622 0) (0.0205339319084 0.137599033474 0) (0.0208121738972 0.138507251383 0) (0.0210922458052 0.139414906659 0) (0.0213741464946 0.140321995616 0) (0.0216578748203 0.141228514568 0) (0.0219434296298 0.142134459835 0) (0.0222308097631 0.143039827734 0) (0.0225200140529 0.143944614589 0) (0.0228110413243 0.144848816725 0) (0.0231038903952 0.145752430467 0) (0.023398560076 0.146655452147 0) (0.0236950491697 0.147557878095 0) (0.0239933564719 0.148459704646 0) (0.0242934807709 0.149360928136 0) (0.0245954208476 0.150261544905 0) (0.0248991754753 0.151161551294 0) (0.0252047434203 0.152060943648 0) (0.0255121234413 0.152959718312 0) (0.0258213142897 0.153857871636 0) (0.0261323147094 0.154755399972 0) (0.0264451234372 0.155652299673 0) (0.0267597392025 0.156548567096 0) (0.0270761607271 0.157444198602 0))
    polyLine 9 13 ((-0.159017433255 0.143608288901 -0.03) (-0.158427946641 0.146508830174 -0.03) (-0.157827602863 0.149407206255 -0.03) (-0.157216459436 0.152303393002 -0.03) (-0.156594574316 0.155197367254 -0.03) (-0.155962005864 0.158089106829 -0.03) (-0.155318812819 0.160978590531 -0.03) (-0.154665054265 0.163865798156 -0.03) (-0.154000789599 0.166750710488 -0.03) (-0.153326078502 0.169633309309 -0.03) (-0.152640980908 0.172513577396 -0.03) (-0.151945556972 0.175391498525 -0.03) (-0.151239867042 0.17826705747 -0.03) (-0.150523971631 0.181140240003 -0.03) (-0.149797931383 0.184011032898 -0.03) (-0.149061807049 0.186879423927 -0.03) (-0.148315659454 0.189745401856 -0.03) (-0.147559549473 0.192608956452 -0.03) (-0.146793538 0.195470078472 -0.03) (-0.146017685924 0.198328759669 -0.03) (-0.145232054098 0.201184992781 -0.03) (-0.144436703316 0.204038771535 -0.03) (-0.143631694284 0.206890090639 -0.03))
    polyLine 11 15 ((-0.159017433255 0.143608288901 0) (-0.158427946641 0.146508830174 0) (-0.157827602863 0.149407206255 0) (-0.157216459436 0.152303393002 0) (-0.156594574316 0.155197367254 0) (-0.155962005864 0.158089106829 0) (-0.155318812819 0.160978590531 0) (-0.154665054265 0.163865798156 0) (-0.154000789599 0.166750710488 0) (-0.153326078502 0.169633309309 0) (-0.152640980908 0.172513577396 0) (-0.151945556972 0.175391498525 0) (-0.151239867042 0.17826705747 0) (-0.150523971631 0.181140240003 0) (-0.149797931383 0.184011032898 0) (-0.149061807049 0.186879423927 0) (-0.148315659454 0.189745401856 0) (-0.147559549473 0.192608956452 0) (-0.146793538 0.195470078472 0) (-0.146017685924 0.198328759669 0) (-0.145232054098 0.201184992781 0) (-0.144436703316 0.204038771535 0) (-0.143631694284 0.206890090639 0))
    polyLine 12 16 ((0.0273943867259 0.15833919055 -0.03) (0.027714415906 0.159233539307 -0.03) (0.0280362469675 0.160127241238 -0.03) (0.0283598786031 0.161020292714 -0.03) (0.0286853094982 0.161912690107 -0.03) (0.0290125383308 0.162804429792 -0.03) (0.0293415637716 0.163695508146 -0.03) (0.0296723844842 0.164585921551 -0.03) (0.0300049991247 0.165475666388 -0.03) (0.030339406342 0.166364739044 -0.03) (0.0306756047777 0.167253135907 -0.03) (0.0310135930661 0.168140853368 -0.03) (0.0313533698343 0.169027887822 -0.03) (0.031694933702 0.169914235665 -0.03) (0.0320382832818 0.170799893297 -0.03) (0.0323834171789 0.171684857119 -0.03) (0.0327303339914 0.172569123538 -0.03) (0.0330790323101 0.173452688961 -0.03) (0.0334295107185 0.174335549799 -0.03) (0.0337817677929 0.175217702466 -0.03) (0.0341358021024 0.176099143379 -0.03) (0.0344916122089 0.176979868956 -0.03) (0.0348491966671 0.177859875621 -0.03) (0.0352085540243 0.178739159798 -0.03) (0.0355696828209 0.179617717916 -0.03) (0.0359325815899 0.180495546406 -0.03) (0.0362972488571 0.181372641702 -0.03) (0.0366636831413 0.182249000241 -0.03) (0.037031882954 0.183124618464 -0.03) (0.0374018467994 0.183999492814 -0.03) (0.0377735731747 0.184873619736 -0.03) (0.03814706057 0.18574699568 -0.03) (0.0385223074681 0.186619617099 -0.03) (0.0388993123447 0.187491480447 -0.03) (0.0392780736683 0.188362582183 -0.03) (0.0396585899004 0.189232918768 -0.03) (0.0400408594953 0.190102486667 -0.03) (0.0404248809001 0.190971282348 -0.03) (0.040810652555 0.191839302281 -0.03) (0.0411981728929 0.192706542941 -0.03) (0.0415874403395 0.193573000805 -0.03) (0.0419784533138 0.194438672352 -0.03) (0.0423712102272 0.195303554067 -0.03) (0.0427657094845 0.196167642437 -0.03) (0.0431619494831 0.197030933951 -0.03) (0.0435599286134 0.197893425102 -0.03) (0.0439596452588 0.198755112388 -0.03) (0.0443610977956 0.199615992307 -0.03) (0.044764284593 0.200476061362 -0.03) (0.0451692040133 0.201335316061 -0.03) (0.0455758544117 0.202193752913 -0.03) (0.0459842341362 0.20305136843 -0.03) (0.046394341528 0.203908159129 -0.03) (0.0468061749211 0.204764121529 -0.03) (0.0472197326428 0.205619252153 -0.03) (0.047635013013 0.206473547529 -0.03))
    polyLine 14 18 ((0.0273943867259 0.15833919055 0) (0.027714415906 0.159233539307 0) (0.0280362469675 0.160127241238 0) (0.0283598786031 0.161020292714 0) (0.0286853094982 0.161912690107 0) (0.0290125383308 0.162804429792 0) (0.0293415637716 0.163695508146 0) (0.0296723844842 0.164585921551 0) (0.0300049991247 0.165475666388 0) (0.030339406342 0.166364739044 0) (0.0306756047777 0.167253135907 0) (0.0310135930661 0.168140853368 0) (0.0313533698343 0.169027887822 0) (0.031694933702 0.169914235665 0) (0.0320382832818 0.170799893297 0) (0.0323834171789 0.171684857119 0) (0.0327303339914 0.172569123538 0) (0.0330790323101 0.173452688961 0) (0.0334295107185 0.174335549799 0) (0.0337817677929 0.175217702466 0) (0.0341358021024 0.176099143379 0) (0.0344916122089 0.176979868956 0) (0.0348491966671 0.177859875621 0) (0.0352085540243 0.178739159798 0) (0.0355696828209 0.179617717916 0) (0.0359325815899 0.180495546406 0) (0.0362972488571 0.181372641702 0) (0.0366636831413 0.182249000241 0) (0.037031882954 0.183124618464 0) (0.0374018467994 0.183999492814 0) (0.0377735731747 0.184873619736 0) (0.03814706057 0.18574699568 0) (0.0385223074681 0.186619617099 0) (0.0388993123447 0.187491480447 0) (0.0392780736683 0.188362582183 0) (0.0396585899004 0.189232918768 0) (0.0400408594953 0.190102486667 0) (0.0404248809001 0.190971282348 0) (0.040810652555 0.191839302281 0) (0.0411981728929 0.192706542941 0) (0.0415874403395 0.193573000805 0) (0.0419784533138 0.194438672352 0) (0.0423712102272 0.195303554067 0) (0.0427657094845 0.196167642437 0) (0.0431619494831 0.197030933951 0) (0.0435599286134 0.197893425102 0) (0.0439596452588 0.198755112388 0) (0.0443610977956 0.199615992307 0) (0.044764284593 0.200476061362 0) (0.0451692040133 0.201335316061 0) (0.0455758544117 0.202193752913 0) (0.0459842341362 0.20305136843 0) (0.046394341528 0.203908159129 0) (0.0468061749211 0.204764121529 0) (0.0472197326428 0.205619252153 0) (0.047635013013 0.206473547529 0))
    polyLine 13 17 ((-0.141989904876 0.212595764142 -0.03) (-0.141153175863 0.215450094689 -0.03) (-0.140306961333 0.218301936007 -0.03) (-0.139451321848 0.221151287658 -0.03) (-0.138586317732 0.223998150173 -0.03) (-0.137712009051 0.226842525046 -0.03) (-0.136828455589 0.229684414726 -0.03) (-0.135935716825 0.232523822615 -0.03) (-0.135033851914 0.235360753057 -0.03) (-0.134122919664 0.238195211336 -0.03) (-0.133202978519 0.241027203664 -0.03) (-0.132274086532 0.243856737176 -0.03) (-0.131336301353 0.246683819924 -0.03) (-0.130389680207 0.249508460869 -0.03) (-0.129434279875 0.25233066987 -0.03) (-0.128470156677 0.25515045768 -0.03) (-0.127497366454 0.257967835938 -0.03) (-0.126515964554 0.260782817157 -0.03) (-0.125526005812 0.26359541472 -0.03) (-0.124527544535 0.266405642869 -0.03) (-0.123520634489 0.2692135167 -0.03) (-0.122505328883 0.27201905215 -0.03) (-0.121481680352 0.274822265991 -0.03))
    polyLine 15 19 ((-0.141989904876 0.212595764142 0) (-0.141153175863 0.215450094689 0) (-0.140306961333 0.218301936007 0) (-0.139451321848 0.221151287658 0) (-0.138586317732 0.223998150173 0) (-0.137712009051 0.226842525046 0) (-0.136828455589 0.229684414726 0) (-0.135935716825 0.232523822615 0) (-0.135033851914 0.235360753057 0) (-0.134122919664 0.238195211336 0) (-0.133202978519 0.241027203664 0) (-0.132274086532 0.243856737176 0) (-0.131336301353 0.246683819924 0) (-0.130389680207 0.249508460869 0) (-0.129434279875 0.25233066987 0) (-0.128470156677 0.25515045768 0) (-0.127497366454 0.257967835938 0) (-0.126515964554 0.260782817157 0) (-0.125526005812 0.26359541472 0) (-0.124527544535 0.266405642869 0) (-0.123520634489 0.2692135167 0) (-0.122505328883 0.27201905215 0) (-0.121481680352 0.274822265991 0))
    polyLine 16 20 ((0.0480520143448 0.207327004185 -0.03) (0.0484707349443 0.208179618655 -0.03) (0.0488911731107 0.209031387475 -0.03) (0.049313327136 0.209882307185 -0.03) (0.0497371953054 0.210732374329 -0.03) (0.0501627758972 0.211581585453 -0.03) (0.0505900671825 0.212429937109 -0.03) (0.0510190674257 0.21327742585 -0.03) (0.0514497748841 0.214124048233 -0.03) (0.0518821878082 0.21496980082 -0.03) (0.0523163044413 0.215814680174 -0.03) (0.0527521230201 0.216658682864 -0.03) (0.0531896417743 0.217501805461 -0.03) (0.0536288589265 0.218344044541 -0.03) (0.0540697726927 0.219185396682 -0.03) (0.0545123812817 0.220025858467 -0.03) (0.0549566828957 0.220865426481 -0.03) (0.0554026757299 0.221704097314 -0.03) (0.0558503579726 0.222541867559 -0.03) (0.0562997278052 0.223378733814 -0.03) (0.0567507834023 0.224214692678 -0.03) (0.0572035229318 0.225049740756 -0.03) (0.0576579445545 0.225883874656 -0.03) (0.0581140464245 0.22671709099 -0.03) (0.0585718266891 0.227549386372 -0.03) (0.0590312834888 0.228380757423 -0.03) (0.0594924149571 0.229211200764 -0.03) (0.0599552192208 0.230040713023 -0.03) (0.0604196944001 0.23086929083 -0.03) (0.0608858386082 0.231696930819 -0.03) (0.0613536499515 0.232523629629 -0.03) (0.0618231265298 0.2333493839 -0.03) (0.0622942664359 0.234174190279 -0.03) (0.0627670677561 0.234998045416 -0.03) (0.0632415285697 0.235820945963 -0.03) (0.0637176469495 0.236642888578 -0.03) (0.0641954209614 0.237463869923 -0.03) (0.0646748486646 0.238283886662 -0.03) (0.0651559281117 0.239102935464 -0.03) (0.0656386573484 0.239921013002 -0.03) (0.0661230344138 0.240738115953 -0.03) (0.0666090573404 0.241554240998 -0.03) (0.0670967241539 0.242369384822 -0.03) (0.0675860328733 0.243183544113 -0.03) (0.0680769815109 0.243996715565 -0.03) (0.0685695680725 0.244808895873 -0.03) (0.0690637905572 0.24562008174 -0.03) (0.0695596469573 0.246430269869 -0.03) (0.0700571352587 0.24723945697 -0.03) (0.0705562534404 0.248047639756 -0.03) (0.071056999475 0.248854814943 -0.03) (0.0715593713284 0.249660979253 -0.03) (0.0720633669599 0.250466129412 -0.03) (0.0725689843223 0.251270262148 -0.03) (0.0730762213616 0.252073374195 -0.03) (0.0735850760174 0.252875462291 -0.03))
    polyLine 18 22 ((0.0480520143448 0.207327004185 0) (0.0484707349443 0.208179618655 0) (0.0488911731107 0.209031387475 0) (0.049313327136 0.209882307185 0) (0.0497371953054 0.210732374329 0) (0.0501627758972 0.211581585453 0) (0.0505900671825 0.212429937109 0) (0.0510190674257 0.21327742585 0) (0.0514497748841 0.214124048233 0) (0.0518821878082 0.21496980082 0) (0.0523163044413 0.215814680174 0) (0.0527521230201 0.216658682864 0) (0.0531896417743 0.217501805461 0) (0.0536288589265 0.218344044541 0) (0.0540697726927 0.219185396682 0) (0.0545123812817 0.220025858467 0) (0.0549566828957 0.220865426481 0) (0.0554026757299 0.221704097314 0) (0.0558503579726 0.222541867559 0) (0.0562997278052 0.223378733814 0) (0.0567507834023 0.224214692678 0) (0.0572035229318 0.225049740756 0) (0.0576579445545 0.225883874656 0) (0.0581140464245 0.22671709099 0) (0.0585718266891 0.227549386372 0) (0.0590312834888 0.228380757423 0) (0.0594924149571 0.229211200764 0) (0.0599552192208 0.230040713023 0) (0.0604196944001 0.23086929083 0) (0.0608858386082 0.231696930819 0) (0.0613536499515 0.232523629629 0) (0.0618231265298 0.2333493839 0) (0.0622942664359 0.234174190279 0) (0.0627670677561 0.234998045416 0) (0.0632415285697 0.235820945963 0) (0.0637176469495 0.236642888578 0) (0.0641954209614 0.237463869923 0) (0.0646748486646 0.238283886662 0) (0.0651559281117 0.239102935464 0) (0.0656386573484 0.239921013002 0) (0.0661230344138 0.240738115953 0) (0.0666090573404 0.241554240998 0) (0.0670967241539 0.242369384822 0) (0.0675860328733 0.243183544113 0) (0.0680769815109 0.243996715565 0) (0.0685695680725 0.244808895873 0) (0.0690637905572 0.24562008174 0) (0.0695596469573 0.246430269869 0) (0.0700571352587 0.24723945697 0) (0.0705562534404 0.248047639756 0) (0.071056999475 0.248854814943 0) (0.0715593713284 0.249660979253 0) (0.0720633669599 0.250466129412 0) (0.0725689843223 0.251270262148 0) (0.0730762213616 0.252073374195 0) (0.0735850760174 0.252875462291 0))
    polyLine 17 21 ((-0.119404452448 0.280435487893 -0.03) (-0.118350895288 0.28324551146 -0.03) (-0.117289120421 0.286053266847 -0.03) (-0.116219178152 0.288858775188 -0.03) (-0.115141118124 0.291662058413 -0.03) (-0.114054989309 0.294463139243 -0.03) (-0.112960839995 0.297262041177 -0.03) (-0.11185871778 0.300058788487 -0.03) (-0.110748669557 0.302853406206 -0.03) (-0.109630741505 0.305645920121 -0.03) (-0.108504979083 0.308436356764 -0.03) (-0.10737142702 0.311224743404 -0.03) (-0.106230129305 0.314011108035 -0.03) (-0.105081129179 0.316795479373 -0.03) (-0.103924469131 0.319577886841 -0.03) (-0.102760190886 0.322358360566 -0.03) (-0.101588335401 0.325136931368 -0.03) (-0.100408942858 0.327913630752 -0.03) (-0.0992220526576 0.330688490901 -0.03) (-0.098027703412 0.333461544664 -0.03) (-0.0968259329413 0.336232825556 -0.03) (-0.0956167782673 0.339002367741 -0.03) (-0.0944002756083 0.34177020603 -0.03))
    polyLine 19 23 ((-0.119404452448 0.280435487893 0) (-0.118350895288 0.28324551146 0) (-0.117289120421 0.286053266847 0) (-0.116219178152 0.288858775188 0) (-0.115141118124 0.291662058413 0) (-0.114054989309 0.294463139243 0) (-0.112960839995 0.297262041177 0) (-0.11185871778 0.300058788487 0) (-0.110748669557 0.302853406206 0) (-0.109630741505 0.305645920121 0) (-0.108504979083 0.308436356764 0) (-0.10737142702 0.311224743404 0) (-0.106230129305 0.314011108035 0) (-0.105081129179 0.316795479373 0) (-0.103924469131 0.319577886841 0) (-0.102760190886 0.322358360566 0) (-0.101588335401 0.325136931368 0) (-0.100408942858 0.327913630752 0) (-0.0992220526576 0.330688490901 0) (-0.098027703412 0.333461544664 0) (-0.0968259329413 0.336232825556 0) (-0.0956167782673 0.339002367741 0) (-0.0944002756083 0.34177020603 0))
    polyLine 20 24 ((0.0740955462227 0.253676523178 -0.03) (0.0746076299038 0.254476553601 -0.03) (0.0751213249807 0.255275550311 -0.03) (0.0756366293666 0.256073510062 -0.03) (0.0761535409684 0.256870429612 -0.03) (0.0766720576862 0.257666305726 -0.03) (0.0771921774138 0.258461135169 -0.03) (0.0777138980384 0.259254914713 -0.03) (0.0782372174407 0.260047641133 -0.03) (0.078762133495 0.26083931121 -0.03) (0.0792886440689 0.261629921727 -0.03) (0.0798167470237 0.262419469473 -0.03) (0.0803464402142 0.263207951241 -0.03) (0.0808777214887 0.263995363828 -0.03) (0.0814105886892 0.264781704035 -0.03) (0.081945039651 0.265566968668 -0.03) (0.082481072203 0.266351154537 -0.03) (0.083018684168 0.267134258457 -0.03) (0.0835578733621 0.267916277246 -0.03) (0.0840986375949 0.268697207729 -0.03) (0.08464097467 0.269477046733 -0.03) (0.0851848823841 0.270255791089 -0.03) (0.085730358528 0.271033437636 -0.03) (0.0862774008857 0.271809983213 -0.03) (0.0868260072353 0.272585424666 -0.03) (0.0873761753481 0.273359758846 -0.03) (0.0879279029894 0.274132982607 -0.03) (0.0884811879179 0.274905092807 -0.03) (0.0890360278861 0.275676086312 -0.03) (0.0895924206402 0.276445959988 -0.03) (0.0901503639201 0.277214710709 -0.03) (0.0907098554594 0.277982335352 -0.03) (0.0912708929853 0.278748830798 -0.03) (0.0918334742188 0.279514193934 -0.03) (0.0923975968747 0.280278421651 -0.03) (0.0929632586614 0.281041510845 -0.03) (0.0935304572812 0.281803458415 -0.03) (0.0940991904299 0.282564261267 -0.03) (0.0946694557975 0.283323916311 -0.03) (0.0952412510673 0.28408242046 -0.03) (0.0958145739166 0.284839770633 -0.03) (0.0963894220167 0.285595963754 -0.03) (0.0969657930323 0.286350996751 -0.03) (0.0975436846222 0.287104866557 -0.03) (0.098123094439 0.28785757011 -0.03) (0.0987040201289 0.288609104352 -0.03) (0.0992864593322 0.289359466231 -0.03) (0.099870409683 0.290108652698 -0.03) (0.100455868809 0.29085666071 -0.03) (0.101042834333 0.291603487228 -0.03) (0.101631303869 0.292349129219 -0.03) (0.102221275028 0.293093583655 -0.03) (0.102812745412 0.29383684751 -0.03) (0.10340571262 0.294578917766 -0.03) (0.104000174243 0.295319791408 -0.03) (0.104596127865 0.296059465427 -0.03) (0.105193571066 0.296797936818 -0.03))
    polyLine 22 26 ((0.0740955462227 0.253676523178 0) (0.0746076299038 0.254476553601 0) (0.0751213249807 0.255275550311 0) (0.0756366293666 0.256073510062 0) (0.0761535409684 0.256870429612 0) (0.0766720576862 0.257666305726 0) (0.0771921774138 0.258461135169 0) (0.0777138980384 0.259254914713 0) (0.0782372174407 0.260047641133 0) (0.078762133495 0.26083931121 0) (0.0792886440689 0.261629921727 0) (0.0798167470237 0.262419469473 0) (0.0803464402142 0.263207951241 0) (0.0808777214887 0.263995363828 0) (0.0814105886892 0.264781704035 0) (0.081945039651 0.265566968668 0) (0.082481072203 0.266351154537 0) (0.083018684168 0.267134258457 0) (0.0835578733621 0.267916277246 0) (0.0840986375949 0.268697207729 0) (0.08464097467 0.269477046733 0) (0.0851848823841 0.270255791089 0) (0.085730358528 0.271033437636 0) (0.0862774008857 0.271809983213 0) (0.0868260072353 0.272585424666 0) (0.0873761753481 0.273359758846 0) (0.0879279029894 0.274132982607 0) (0.0884811879179 0.274905092807 0) (0.0890360278861 0.275676086312 0) (0.0895924206402 0.276445959988 0) (0.0901503639201 0.277214710709 0) (0.0907098554594 0.277982335352 0) (0.0912708929853 0.278748830798 0) (0.0918334742188 0.279514193934 0) (0.0923975968747 0.280278421651 0) (0.0929632586614 0.281041510845 0) (0.0935304572812 0.281803458415 0) (0.0940991904299 0.282564261267 0) (0.0946694557975 0.283323916311 0) (0.0952412510673 0.28408242046 0) (0.0958145739166 0.284839770633 0) (0.0963894220167 0.285595963754 0) (0.0969657930323 0.286350996751 0) (0.0975436846222 0.287104866557 0) (0.098123094439 0.28785757011 0) (0.0987040201289 0.288609104352 0) (0.0992864593322 0.289359466231 0) (0.099870409683 0.290108652698 0) (0.100455868809 0.29085666071 0) (0.101042834333 0.291603487228 0) (0.101631303869 0.292349129219 0) (0.102221275028 0.293093583655 0) (0.102812745412 0.29383684751 0) (0.10340571262 0.294578917766 0) (0.104000174243 0.295319791408 0) (0.104596127865 0.296059465427 0) (0.105193571066 0.296797936818 0))
    polyLine 21 25 ((-0.0919378108202 0.347317826734 -0.03) (-0.09069182834 0.350097662572 -0.03) (-0.0894385464973 0.352875921397 -0.03) (-0.0881779980104 0.355652641847 -0.03) (-0.0869102147499 0.358427863175 -0.03) (-0.0856352277352 0.361201625245 -0.03) (-0.0843530671317 0.363973968522 -0.03) (-0.0830637622478 0.366744934068 -0.03) (-0.0817673415326 0.369514563535 -0.03) (-0.0804638325731 0.372282899157 -0.03) (-0.0791532620924 0.375049983746 -0.03) (-0.0778356559473 0.377815860683 -0.03) (-0.0765110391269 0.380580573917 -0.03) (-0.0751794357506 0.383344167954 -0.03) (-0.0738408690667 0.386106687853 -0.03) (-0.072495361451 0.388868179225 -0.03) (-0.0711429344057 0.39162868822 -0.03) (-0.0697836085579 0.394388261529 -0.03) (-0.0684174036593 0.397146946375 -0.03) (-0.0670443385848 0.39990479051 -0.03) (-0.0656644313318 0.40266184221 -0.03) (-0.0642776990198 0.40541815027 -0.03) (-0.0628841578899 0.408173764003 -0.03))
    polyLine 23 27 ((-0.0919378108202 0.347317826734 0) (-0.09069182834 0.350097662572 0) (-0.0894385464973 0.352875921397 0) (-0.0881779980104 0.355652641847 0) (-0.0869102147499 0.358427863175 0) (-0.0856352277352 0.361201625245 0) (-0.0843530671317 0.363973968522 0) (-0.0830637622478 0.366744934068 0) (-0.0817673415326 0.369514563535 0) (-0.0804638325731 0.372282899157 0) (-0.0791532620924 0.375049983746 0) (-0.0778356559473 0.377815860683 0) (-0.0765110391269 0.380580573917 0) (-0.0751794357506 0.383344167954 0) (-0.0738408690667 0.386106687853 0) (-0.072495361451 0.388868179225 0) (-0.0711429344057 0.39162868822 0) (-0.0697836085579 0.394388261529 0) (-0.0684174036593 0.397146946375 0) (-0.0670443385848 0.39990479051 0) (-0.0656644313318 0.40266184221 0) (-0.0642776990198 0.40541815027 0) (-0.0628841578899 0.408173764003 0))
    polyLine 24 28 ((0.10579250142 0.297535202582 -0.03) (0.106392916492 0.298271259723 -0.03) (0.106994813845 0.299006105252 -0.03) (0.107598191033 0.299739736183 -0.03) (0.108203045605 0.300472149537 -0.03) (0.108809375105 0.301203342338 -0.03) (0.109417177069 0.301933311616 -0.03) (0.110026449028 0.302662054406 -0.03) (0.110637188507 0.303389567748 -0.03) (0.111249393026 0.304115848686 -0.03) (0.111863060098 0.304840894271 -0.03) (0.11247818723 0.305564701556 -0.03) (0.113094771922 0.306287267603 -0.03) (0.113712811671 0.307008589474 -0.03) (0.114332303967 0.307728664242 -0.03) (0.114953246291 0.30844748898 -0.03) (0.115575636123 0.309165060768 -0.03) (0.116199470934 0.309881376692 -0.03) (0.116824748189 0.310596433843 -0.03) (0.11745146535 0.311310229314 -0.03) (0.11807961987 0.312022760207 -0.03) (0.118709209197 0.312734023628 -0.03) (0.119340230774 0.313444016687 -0.03) (0.119972682038 0.3141527365 -0.03) (0.120606560419 0.314860180188 -0.03) (0.121241863344 0.315566344877 -0.03) (0.12187858823 0.3162712277 -0.03) (0.122516732492 0.316974825792 -0.03) (0.123156293537 0.317677136296 -0.03) (0.123797268768 0.318378156358 -0.03) (0.124439655581 0.319077883132 -0.03) (0.125083451365 0.319776313774 -0.03) (0.125728653507 0.320473445447 -0.03) (0.126375259385 0.321169275321 -0.03) (0.127023266373 0.321863800567 -0.03) (0.127672671838 0.322557018366 -0.03) (0.128323473143 0.323248925901 -0.03) (0.128975667643 0.323939520361 -0.03) (0.12962925269 0.324628798941 -0.03) (0.130284225628 0.325316758841 -0.03) (0.130940583797 0.326003397267 -0.03) (0.131598324531 0.32668871143 -0.03) (0.132257445158 0.327372698545 -0.03) (0.132917943 0.328055355834 -0.03) (0.133579815375 0.328736680525 -0.03) (0.134243059594 0.329416669849 -0.03) (0.134907672962 0.330095321044 -0.03) (0.135573652781 0.330772631354 -0.03) (0.136240996344 0.331448598027 -0.03) (0.136909700941 0.332123218317 -0.03) (0.137579763856 0.332796489485 -0.03) (0.138251182366 0.333468408794 -0.03) (0.138923953744 0.334138973517 -0.03) (0.139598075258 0.334808180928 -0.03) (0.140273544169 0.335476028309 -0.03) (0.140950357733 0.336142512948 -0.03))
    polyLine 26 30 ((0.10579250142 0.297535202582 0) (0.106392916492 0.298271259723 0) (0.106994813845 0.299006105252 0) (0.107598191033 0.299739736183 0) (0.108203045605 0.300472149537 0) (0.108809375105 0.301203342338 0) (0.109417177069 0.301933311616 0) (0.110026449028 0.302662054406 0) (0.110637188507 0.303389567748 0) (0.111249393026 0.304115848686 0) (0.111863060098 0.304840894271 0) (0.11247818723 0.305564701556 0) (0.113094771922 0.306287267603 0) (0.113712811671 0.307008589474 0) (0.114332303967 0.307728664242 0) (0.114953246291 0.30844748898 0) (0.115575636123 0.309165060768 0) (0.116199470934 0.309881376692 0) (0.116824748189 0.310596433843 0) (0.11745146535 0.311310229314 0) (0.11807961987 0.312022760207 0) (0.118709209197 0.312734023628 0) (0.119340230774 0.313444016687 0) (0.119972682038 0.3141527365 0) (0.120606560419 0.314860180188 0) (0.121241863344 0.315566344877 0) (0.12187858823 0.3162712277 0) (0.122516732492 0.316974825792 0) (0.123156293537 0.317677136296 0) (0.123797268768 0.318378156358 0) (0.124439655581 0.319077883132 0) (0.125083451365 0.319776313774 0) (0.125728653507 0.320473445447 0) (0.126375259385 0.321169275321 0) (0.127023266373 0.321863800567 0) (0.127672671838 0.322557018366 0) (0.128323473143 0.323248925901 0) (0.128975667643 0.323939520361 0) (0.12962925269 0.324628798941 0) (0.130284225628 0.325316758841 0) (0.130940583797 0.326003397267 0) (0.131598324531 0.32668871143 0) (0.132257445158 0.327372698545 0) (0.132917943 0.328055355834 0) (0.133579815375 0.328736680525 0) (0.134243059594 0.329416669849 0) (0.134907672962 0.330095321044 0) (0.135573652781 0.330772631354 0) (0.136240996344 0.331448598027 0) (0.136909700941 0.332123218317 0) (0.137579763856 0.332796489485 0) (0.138251182366 0.333468408794 0) (0.138923953744 0.334138973517 0) (0.139598075258 0.334808180928 0) (0.140273544169 0.335476028309 0) (0.140950357733 0.336142512948 0))
    polyLine 25 29 ((-0.0600663496368 0.413703336736 -0.03) (-0.0586420109493 0.416477389274 -0.03) (-0.0572108202364 0.419250943326 -0.03) (-0.0557727895867 0.422024051888 -0.03) (-0.0543279301824 0.424796768463 -0.03) (-0.0528762522993 0.427569147061 -0.03) (-0.0514177653061 0.430341242195 -0.03) (-0.0499524776649 0.433113108881 -0.03) (-0.0484803969312 0.43588480263 -0.03) (-0.0470015297534 0.438656379454 -0.03) (-0.0455158818734 0.441427895856 -0.03) (-0.0440234581263 0.444199408833 -0.03) (-0.0425242624406 0.446970975873 -0.03) (-0.0410182978379 0.449742654953 -0.03) (-0.0395055664333 0.452514504538 -0.03) (-0.0379860694352 0.455286583582 -0.03) (-0.0364598071452 0.458058951525 -0.03) (-0.0349267789583 0.460831668292 -0.03) (-0.0333869833623 0.463604794293 -0.03) (-0.0318404179383 0.466378390424 -0.03) (-0.0302870793602 0.469152518066 -0.03) (-0.0287269633944 0.471927239084 -0.03) (-0.0271600648996 0.474702615831 -0.03))
    polyLine 27 31 ((-0.0600663496368 0.413703336736 0) (-0.0586420109493 0.416477389274 0) (-0.0572108202364 0.419250943326 0) (-0.0557727895867 0.422024051888 0) (-0.0543279301824 0.424796768463 0) (-0.0528762522993 0.427569147061 0) (-0.0514177653061 0.430341242195 0) (-0.0499524776649 0.433113108881 0) (-0.0484803969312 0.43588480263 0) (-0.0470015297534 0.438656379454 0) (-0.0455158818734 0.441427895856 0) (-0.0440234581263 0.444199408833 0) (-0.0425242624406 0.446970975873 0) (-0.0410182978379 0.449742654953 0) (-0.0395055664333 0.452514504538 0) (-0.0379860694352 0.455286583582 0) (-0.0364598071452 0.458058951525 0) (-0.0349267789583 0.460831668292 0) (-0.0333869833623 0.463604794293 0) (-0.0318404179383 0.466378390424 0) (-0.0302870793602 0.469152518066 0) (-0.0287269633944 0.471927239084 0) (-0.0271600648996 0.474702615831 0))
    polyLine 28 32 ((0.1416285132 0.336807632137 -0.03) (0.142308007817 0.337471383175 -0.03) (0.142988838823 0.338133763365 -0.03) (0.143671003453 0.338794770016 -0.03) (0.144354498934 0.339454400443 -0.03) (0.145039322492 0.340112651968 -0.03) (0.145725471343 0.340769521916 -0.03) (0.146412942702 0.341425007618 -0.03) (0.147101733774 0.342079106412 -0.03) (0.147791841763 0.342731815641 -0.03) (0.148483263865 0.343383132654 -0.03) (0.149175997271 0.344033054805 -0.03) (0.149870039168 0.344681579454 -0.03) (0.150565386735 0.345328703967 -0.03) (0.15126203715 0.345974425714 -0.03) (0.151959987581 0.346618742073 -0.03) (0.152659235193 0.347261650426 -0.03) (0.153359777146 0.347903148163 -0.03) (0.154061610595 0.348543232676 -0.03) (0.154764732689 0.349181901367 -0.03) (0.15546914057 0.34981915164 -0.03) (0.156174831379 0.350454980907 -0.03) (0.156881802248 0.351089386586 -0.03) (0.157590050305 0.351722366098 -0.03) (0.158299572674 0.352353916874 -0.03) (0.159010366472 0.352984036348 -0.03) (0.159722428812 0.353612721959 -0.03) (0.160435756802 0.354239971155 -0.03) (0.161150347544 0.354865781386 -0.03) (0.161866198135 0.355490150112 -0.03) (0.162583305667 0.356113074796 -0.03) (0.163301667228 0.356734552907 -0.03) (0.164021279899 0.357354581921 -0.03) (0.164742140757 0.357973159319 -0.03) (0.165464246874 0.358590282589 -0.03) (0.166187595317 0.359205949224 -0.03) (0.166912183146 0.359820156722 -0.03) (0.16763800742 0.360432902589 -0.03) (0.16836506519 0.361044184336 -0.03) (0.169093353501 0.36165399948 -0.03) (0.169822869397 0.362262345543 -0.03) (0.170553609913 0.362869220055 -0.03) (0.17128557208 0.36347462055 -0.03) (0.172018752927 0.364078544569 -0.03) (0.172753149474 0.364680989659 -0.03) (0.173488758738 0.365281953372 -0.03) (0.174225577732 0.365881433267 -0.03) (0.174963603461 0.36647942691 -0.03) (0.175702832929 0.367075931871 -0.03) (0.176443263132 0.367670945727 -0.03) (0.177184891063 0.368264466061 -0.03) (0.177927713708 0.368856490463 -0.03) (0.178671728051 0.369447016526 -0.03) (0.17941693107 0.370036041853 -0.03) (0.180163319737 0.37062356405 -0.03) (0.18091089102 0.371209580732 -0.03))
    polyLine 30 34 ((0.1416285132 0.336807632137 0) (0.142308007817 0.337471383175 0) (0.142988838823 0.338133763365 0) (0.143671003453 0.338794770016 0) (0.144354498934 0.339454400443 0) (0.145039322492 0.340112651968 0) (0.145725471343 0.340769521916 0) (0.146412942702 0.341425007618 0) (0.147101733774 0.342079106412 0) (0.147791841763 0.342731815641 0) (0.148483263865 0.343383132654 0) (0.149175997271 0.344033054805 0) (0.149870039168 0.344681579454 0) (0.150565386735 0.345328703967 0) (0.15126203715 0.345974425714 0) (0.151959987581 0.346618742073 0) (0.152659235193 0.347261650426 0) (0.153359777146 0.347903148163 0) (0.154061610595 0.348543232676 0) (0.154764732689 0.349181901367 0) (0.15546914057 0.34981915164 0) (0.156174831379 0.350454980907 0) (0.156881802248 0.351089386586 0) (0.157590050305 0.351722366098 0) (0.158299572674 0.352353916874 0) (0.159010366472 0.352984036348 0) (0.159722428812 0.353612721959 0) (0.160435756802 0.354239971155 0) (0.161150347544 0.354865781386 0) (0.161866198135 0.355490150112 0) (0.162583305667 0.356113074796 0) (0.163301667228 0.356734552907 0) (0.164021279899 0.357354581921 0) (0.164742140757 0.357973159319 0) (0.165464246874 0.358590282589 0) (0.166187595317 0.359205949224 0) (0.166912183146 0.359820156722 0) (0.16763800742 0.360432902589 0) (0.16836506519 0.361044184336 0) (0.169093353501 0.36165399948 0) (0.169822869397 0.362262345543 0) (0.170553609913 0.362869220055 0) (0.17128557208 0.36347462055 0) (0.172018752927 0.364078544569 0) (0.172753149474 0.364680989659 0) (0.173488758738 0.365281953372 0) (0.174225577732 0.365881433267 0) (0.174963603461 0.36647942691 0) (0.175702832929 0.367075931871 0) (0.176443263132 0.367670945727 0) (0.177184891063 0.368264466061 0) (0.177927713708 0.368856490463 0) (0.178671728051 0.369447016526 0) (0.17941693107 0.370036041853 0) (0.180163319737 0.37062356405 0) (0.18091089102 0.371209580732 0))
    polyLine 29 33 ((-0.0239923291809 0.48027937556 -0.03) (-0.022391360019 0.483080900785 -0.03) (-0.0207834613258 0.485883352789 -0.03) (-0.0191686231444 0.488686798053 -0.03) (-0.0175468345756 0.491491303563 -0.03) (-0.0159180837771 0.494296936816 -0.03) (-0.0142823579626 0.497103765823 -0.03) (-0.0126396434007 0.499911859106 -0.03) (-0.0109899254139 0.502721285706 -0.03) (-0.00933318837752 0.50553211518 -0.03) (-0.007669415718 0.508344417609 -0.03) (-0.00599858991183 0.511158263597 -0.03) (-0.00432069248385 0.513973724277 -0.03) (-0.00263570400559 0.516790871311 -0.03) (-0.00094360409344 0.519609776898 -0.03) (0.00075562859321 0.522430513772 -0.03) (0.00246201635409 0.525253155212 -0.03) (0.00417558245025 0.528077775041 -0.03) (0.00589635110635 0.530904447634 -0.03) (0.00762434751324 0.53373324792 -0.03) (0.00935959783051 0.53656425139 -0.03) (0.0111021291893 0.539397534096 -0.03) (0.0128519696954 0.542233172664 -0.03))
    polyLine 31 35 ((-0.0239923291809 0.48027937556 0) (-0.022391360019 0.483080900785 0) (-0.0207834613258 0.485883352789 0) (-0.0191686231444 0.488686798053 0) (-0.0175468345756 0.491491303563 0) (-0.0159180837771 0.494296936816 0) (-0.0142823579626 0.497103765823 0) (-0.0126396434007 0.499911859106 0) (-0.0109899254139 0.502721285706 0) (-0.00933318837752 0.50553211518 0) (-0.007669415718 0.508344417609 0) (-0.00599858991183 0.511158263597 0) (-0.00432069248385 0.513973724277 0) (-0.00263570400559 0.516790871311 0) (-0.00094360409344 0.519609776898 0) (0.00075562859321 0.522430513772 0) (0.00246201635409 0.525253155212 0) (0.00417558245025 0.528077775041 0) (0.00589635110635 0.530904447634 0) (0.00762434751324 0.53373324792 0) (0.00935959783051 0.53656425139 0) (0.0111021291893 0.539397534096 0) (0.0128519696954 0.542233172664 0))
    polyLine 32 36 ((0.181659641882 0.371794089517 -0.03) (0.182409569283 0.372377088032 -0.03) (0.183160670175 0.372958573908 -0.03) (0.183912941508 0.373538544783 -0.03) (0.184666380226 0.374116998301 -0.03) (0.185420983269 0.374693932112 -0.03) (0.18617674757 0.375269343874 -0.03) (0.186933670061 0.375843231247 -0.03) (0.187691747666 0.376415591902 -0.03) (0.188450977305 0.376986423514 -0.03) (0.189211355896 0.377555723763 -0.03) (0.189972880349 0.378123490336 -0.03) (0.19073554757 0.378689720928 -0.03) (0.191499354463 0.379254413239 -0.03) (0.192264297923 0.379817564975 -0.03) (0.193030374844 0.380379173847 -0.03) (0.193797582113 0.380939237575 -0.03) (0.194565916615 0.381497753884 -0.03) (0.195335375229 0.382054720505 -0.03) (0.196105954828 0.382610135175 -0.03) (0.196877652282 0.383163995639 -0.03) (0.197650464457 0.383716299646 -0.03) (0.198424388214 0.384267044953 -0.03) (0.199199420409 0.384816229323 -0.03) (0.199975557892 0.385363850524 -0.03) (0.200752197115 0.385910654299 -0.03) (0.201528836338 0.386457458073 -0.03) (0.20230547556 0.387004261847 -0.03) (0.203082114783 0.387551065621 -0.03) (0.203858754006 0.388097869395 -0.03) (0.204635393228 0.38864467317 -0.03) (0.205412032451 0.389191476944 -0.03) (0.206188671674 0.389738280718 -0.03) (0.206965310896 0.390285084492 -0.03) (0.207741950119 0.390831888266 -0.03) (0.208518589342 0.39137869204 -0.03) (0.209295228564 0.391925495815 -0.03) (0.210071867787 0.392472299589 -0.03) (0.210848507009 0.393019103363 -0.03) (0.211625146232 0.393565907137 -0.03) (0.212401785455 0.394112710911 -0.03) (0.213178424677 0.394659514686 -0.03) (0.2139550639 0.39520631846 -0.03) (0.214731703123 0.395753122234 -0.03) (0.215508342345 0.396299926008 -0.03) (0.216284981568 0.396846729782 -0.03) (0.217061620791 0.397393533556 -0.03) (0.217838260013 0.397940337331 -0.03) (0.218614899236 0.398487141105 -0.03) (0.219391538458 0.399033944879 -0.03) (0.220168177681 0.399580748653 -0.03) (0.220944816904 0.400127552427 -0.03) (0.221721456126 0.400674356202 -0.03) (0.222498095349 0.401221159976 -0.03) (0.223274734572 0.40176796375 -0.03) (0.224051373794 0.402314767524 -0.03) (0.224828013017 0.402861571298 -0.03))
    polyLine 34 38 ((0.181659641882 0.371794089517 0) (0.182409569283 0.372377088032 0) (0.183160670175 0.372958573908 0) (0.183912941508 0.373538544783 0) (0.184666380226 0.374116998301 0) (0.185420983269 0.374693932112 0) (0.18617674757 0.375269343874 0) (0.186933670061 0.375843231247 0) (0.187691747666 0.376415591902 0) (0.188450977305 0.376986423514 0) (0.189211355896 0.377555723763 0) (0.189972880349 0.378123490336 0) (0.19073554757 0.378689720928 0) (0.191499354463 0.379254413239 0) (0.192264297923 0.379817564975 0) (0.193030374844 0.380379173847 0) (0.193797582113 0.380939237575 0) (0.194565916615 0.381497753884 0) (0.195335375229 0.382054720505 0) (0.196105954828 0.382610135175 0) (0.196877652282 0.383163995639 0) (0.197650464457 0.383716299646 0) (0.198424388214 0.384267044953 0) (0.199199420409 0.384816229323 0) (0.199975557892 0.385363850524 0) (0.200752197115 0.385910654299 0) (0.201528836338 0.386457458073 0) (0.20230547556 0.387004261847 0) (0.203082114783 0.387551065621 0) (0.203858754006 0.388097869395 0) (0.204635393228 0.38864467317 0) (0.205412032451 0.389191476944 0) (0.206188671674 0.389738280718 0) (0.206965310896 0.390285084492 0) (0.207741950119 0.390831888266 0) (0.208518589342 0.39137869204 0) (0.209295228564 0.391925495815 0) (0.210071867787 0.392472299589 0) (0.210848507009 0.393019103363 0) (0.211625146232 0.393565907137 0) (0.212401785455 0.394112710911 0) (0.213178424677 0.394659514686 0) (0.2139550639 0.39520631846 0) (0.214731703123 0.395753122234 0) (0.215508342345 0.396299926008 0) (0.216284981568 0.396846729782 0) (0.217061620791 0.397393533556 0) (0.217838260013 0.397940337331 0) (0.218614899236 0.398487141105 0) (0.219391538458 0.399033944879 0) (0.220168177681 0.399580748653 0) (0.220944816904 0.400127552427 0) (0.221721456126 0.400674356202 0) (0.222498095349 0.401221159976 0) (0.223274734572 0.40176796375 0) (0.224051373794 0.402314767524 0) (0.224828013017 0.402861571298 0))
    polyLine 33 37 ((0.0163933505432 0.547943415235 -0.03) (0.0181851177649 0.550818234161 -0.03) (0.0199844832307 0.553695782702 -0.03) (0.0217914811113 0.556576143117 -0.03) (0.0236061466177 0.559459398297 -0.03) (0.0254285160065 0.562345631773 -0.03) (0.027258626584 0.565234927724 -0.03) (0.0290965167112 0.568127370984 -0.03) (0.0309422258086 0.571023047046 -0.03) (0.0327957943614 0.573922042077 -0.03) (0.0346572639253 0.576824442922 -0.03) (0.0365266771316 0.579730337111 -0.03) (0.0384040776936 0.582639812872 -0.03) (0.0402895104121 0.585552959134 -0.03) (0.0421830211823 0.588469865545 -0.03) (0.0440846569998 0.591390622471 -0.03) (0.0459944659679 0.594315321013 -0.03) (0.0479124973043 0.597244053016 -0.03) (0.0498388013484 0.600176911075 -0.03) (0.0517734295692 0.60311398855 -0.03) (0.0537164345725 0.606055379575 -0.03) (0.0556678701093 0.609001179068 -0.03) (0.0576277910842 0.611951482745 -0.03))
    polyLine 35 39 ((0.0163933505432 0.547943415235 0) (0.0181851177649 0.550818234161 0) (0.0199844832307 0.553695782702 0) (0.0217914811113 0.556576143117 0) (0.0236061466177 0.559459398297 0) (0.0254285160065 0.562345631773 0) (0.027258626584 0.565234927724 0) (0.0290965167112 0.568127370984 0) (0.0309422258086 0.571023047046 0) (0.0327957943614 0.573922042077 0) (0.0346572639253 0.576824442922 0) (0.0365266771316 0.579730337111 0) (0.0384040776936 0.582639812872 0) (0.0402895104121 0.585552959134 0) (0.0421830211823 0.588469865545 0) (0.0440846569998 0.591390622471 0) (0.0459944659679 0.594315321013 0) (0.0479124973043 0.597244053016 0) (0.0498388013484 0.600176911075 0) (0.0517734295692 0.60311398855 0) (0.0537164345725 0.606055379575 0) (0.0556678701093 0.609001179068 0) (0.0576277910842 0.611951482745 0))
    polyLine 36 40 ((0.22560465224 0.403408375072 -0.03) (0.226381291462 0.403955178847 -0.03) (0.227157930685 0.404501982621 -0.03) (0.227934569908 0.405048786395 -0.03) (0.22871120913 0.405595590169 -0.03) (0.229487848353 0.406142393943 -0.03) (0.230264487575 0.406689197718 -0.03) (0.231041126798 0.407236001492 -0.03) (0.231817766021 0.407782805266 -0.03) (0.232594405243 0.40832960904 -0.03) (0.233371044466 0.408876412814 -0.03) (0.234147683689 0.409423216588 -0.03) (0.234924322911 0.409970020363 -0.03) (0.235700962134 0.410516824137 -0.03) (0.236477601357 0.411063627911 -0.03) (0.237254240579 0.411610431685 -0.03) (0.238030879802 0.412157235459 -0.03) (0.238807519024 0.412704039234 -0.03) (0.239584158247 0.413250843008 -0.03) (0.24036079747 0.413797646782 -0.03) (0.241137436692 0.414344450556 -0.03) (0.241914075915 0.41489125433 -0.03) (0.242690715138 0.415438058104 -0.03) (0.24346735436 0.415984861879 -0.03) (0.244243993583 0.416531665653 -0.03) (0.245020632806 0.417078469427 -0.03) (0.245797272028 0.417625273201 -0.03) (0.246573911251 0.418172076975 -0.03) (0.247350550474 0.41871888075 -0.03) (0.248127189696 0.419265684524 -0.03) (0.248903828919 0.419812488298 -0.03) (0.249680468141 0.420359292072 -0.03) (0.250457107364 0.420906095846 -0.03) (0.251233746587 0.42145289962 -0.03) (0.252010385809 0.421999703395 -0.03) (0.252787025032 0.422546507169 -0.03) (0.253563664255 0.423093310943 -0.03) (0.254340303477 0.423640114717 -0.03) (0.2551169427 0.424186918491 -0.03) (0.255893581923 0.424733722266 -0.03) (0.256670221145 0.42528052604 -0.03) (0.257446860368 0.425827329814 -0.03) (0.25822349959 0.426374133588 -0.03) (0.259000138813 0.426920937362 -0.03) (0.259776778036 0.427467741137 -0.03) (0.260553417258 0.428014544911 -0.03) (0.261330056481 0.428561348685 -0.03) (0.262106695704 0.429108152459 -0.03) (0.262883334926 0.429654956233 -0.03) (0.263659974149 0.430201760007 -0.03) (0.264436613372 0.430748563782 -0.03) (0.265213252594 0.431295367556 -0.03) (0.265989891817 0.43184217133 -0.03) (0.266766531039 0.432388975104 -0.03) (0.267543170262 0.432935778878 -0.03) (0.268319809485 0.433482582653 -0.03))
    polyLine 38 42 ((0.22560465224 0.403408375072 0) (0.226381291462 0.403955178847 0) (0.227157930685 0.404501982621 0) (0.227934569908 0.405048786395 0) (0.22871120913 0.405595590169 0) (0.229487848353 0.406142393943 0) (0.230264487575 0.406689197718 0) (0.231041126798 0.407236001492 0) (0.231817766021 0.407782805266 0) (0.232594405243 0.40832960904 0) (0.233371044466 0.408876412814 0) (0.234147683689 0.409423216588 0) (0.234924322911 0.409970020363 0) (0.235700962134 0.410516824137 0) (0.236477601357 0.411063627911 0) (0.237254240579 0.411610431685 0) (0.238030879802 0.412157235459 0) (0.238807519024 0.412704039234 0) (0.239584158247 0.413250843008 0) (0.24036079747 0.413797646782 0) (0.241137436692 0.414344450556 0) (0.241914075915 0.41489125433 0) (0.242690715138 0.415438058104 0) (0.24346735436 0.415984861879 0) (0.244243993583 0.416531665653 0) (0.245020632806 0.417078469427 0) (0.245797272028 0.417625273201 0) (0.246573911251 0.418172076975 0) (0.247350550474 0.41871888075 0) (0.248127189696 0.419265684524 0) (0.248903828919 0.419812488298 0) (0.249680468141 0.420359292072 0) (0.250457107364 0.420906095846 0) (0.251233746587 0.42145289962 0) (0.252010385809 0.421999703395 0) (0.252787025032 0.422546507169 0) (0.253563664255 0.423093310943 0) (0.254340303477 0.423640114717 0) (0.2551169427 0.424186918491 0) (0.255893581923 0.424733722266 0) (0.256670221145 0.42528052604 0) (0.257446860368 0.425827329814 0) (0.25822349959 0.426374133588 0) (0.259000138813 0.426920937362 0) (0.259776778036 0.427467741137 0) (0.260553417258 0.428014544911 0) (0.261330056481 0.428561348685 0) (0.262106695704 0.429108152459 0) (0.262883334926 0.429654956233 0) (0.263659974149 0.430201760007 0) (0.264436613372 0.430748563782 0) (0.265213252594 0.431295367556 0) (0.265989891817 0.43184217133 0) (0.266766531039 0.432388975104 0) (0.267543170262 0.432935778878 0) (0.268319809485 0.433482582653 0))
    polyLine 37 41 ((0.0615908744152 0.617892239298 -0.03) (0.0635943070824 0.620882973966 -0.03) (0.0656066127878 0.623878692817 -0.03) (0.0676278539958 0.626879498423 -0.03) (0.0696580944241 0.629885494257 -0.03) (0.0716973990541 0.632896784707 -0.03) (0.0737458341417 0.635913475089 -0.03) (0.0758034672294 0.638935671665 -0.03) (0.0778703671576 0.641963481651 -0.03) (0.0799466040769 0.64499701324 -0.03) (0.0820322494605 0.648036375611 -0.03) (0.0841273761168 0.651081678949 -0.03) (0.0862320582031 0.654133034459 -0.03) (0.0883463712385 0.657190554383 -0.03) (0.0904703921185 0.660254352017 -0.03) (0.0926041991285 0.663324541727 -0.03) (0.0947478719592 0.666401238969 -0.03) (0.0969014917211 0.669484560305 -0.03) (0.0990651409603 0.672574623422 -0.03) (0.101238903674 0.675671547149 -0.03) (0.103422865329 0.678775451481 -0.03) (0.105617112873 0.681886457591 -0.03) (0.107821734757 0.685004687858 -0.03))
    polyLine 39 43 ((0.0615908744152 0.617892239298 0) (0.0635943070824 0.620882973966 0) (0.0656066127878 0.623878692817 0) (0.0676278539958 0.626879498423 0) (0.0696580944241 0.629885494257 0) (0.0716973990541 0.632896784707 0) (0.0737458341417 0.635913475089 0) (0.0758034672294 0.638935671665 0) (0.0778703671576 0.641963481651 0) (0.0799466040769 0.64499701324 0) (0.0820322494605 0.648036375611 0) (0.0841273761168 0.651081678949 0) (0.0862320582031 0.654133034459 0) (0.0883463712385 0.657190554383 0) (0.0904703921185 0.660254352017 0) (0.0926041991285 0.663324541727 0) (0.0947478719592 0.666401238969 0) (0.0969014917211 0.669484560305 0) (0.0990651409603 0.672574623422 0) (0.101238903674 0.675671547149 0) (0.103422865329 0.678775451481 0) (0.105617112873 0.681886457591 0) (0.107821734757 0.685004687858 0))
    polyLine 40 44 ((0.269096448707 0.434029386427 -0.03) (0.26987308793 0.434576190201 -0.03) (0.270649727153 0.435122993975 -0.03) (0.271426366375 0.435669797749 -0.03) (0.272203005598 0.436216601523 -0.03) (0.272979644821 0.436763405298 -0.03) (0.273756284043 0.437310209072 -0.03) (0.274532923266 0.437857012846 -0.03) (0.275309562489 0.43840381662 -0.03) (0.276086201711 0.438950620394 -0.03) (0.276862840934 0.439497424169 -0.03) (0.277639480156 0.440044227943 -0.03) (0.278416119379 0.440591031717 -0.03) (0.279192758602 0.441137835491 -0.03) (0.279969397824 0.441684639265 -0.03) (0.280746037047 0.442231443039 -0.03) (0.28152267627 0.442778246814 -0.03) (0.282299315492 0.443325050588 -0.03) (0.283075954715 0.443871854362 -0.03) (0.283852593938 0.444418658136 -0.03) (0.28462923316 0.44496546191 -0.03) (0.285405872383 0.445512265685 -0.03) (0.286182511605 0.446059069459 -0.03) (0.286959150828 0.446605873233 -0.03) (0.287735790051 0.447152677007 -0.03) (0.288512429273 0.447699480781 -0.03) (0.289289068496 0.448246284555 -0.03) (0.290065707719 0.44879308833 -0.03) (0.290842346941 0.449339892104 -0.03) (0.291618986164 0.449886695878 -0.03) (0.292395625387 0.450433499652 -0.03) (0.293172264609 0.450980303426 -0.03) (0.293948903832 0.451527107201 -0.03) (0.294725543055 0.452073910975 -0.03) (0.295502182277 0.452620714749 -0.03) (0.2962788215 0.453167518523 -0.03) (0.297055460722 0.453714322297 -0.03) (0.297832099945 0.454261126071 -0.03) (0.298608739168 0.454807929846 -0.03) (0.29938537839 0.45535473362 -0.03) (0.300162017613 0.455901537394 -0.03) (0.300938656836 0.456448341168 -0.03) (0.301715296058 0.456995144942 -0.03) (0.302491935281 0.457541948717 -0.03) (0.303268574504 0.458088752491 -0.03) (0.304045213726 0.458635556265 -0.03) (0.304821852949 0.459182360039 -0.03) (0.305598492171 0.459729163813 -0.03) (0.306375131394 0.460275967587 -0.03) (0.307151770617 0.460822771362 -0.03) (0.307928409839 0.461369575136 -0.03) (0.308705049062 0.46191637891 -0.03) (0.309481688285 0.462463182684 -0.03) (0.310258327507 0.463009986458 -0.03) (0.31103496673 0.463556790233 -0.03) (0.311811605953 0.464103594007 -0.03))
    polyLine 42 46 ((0.269096448707 0.434029386427 0) (0.26987308793 0.434576190201 0) (0.270649727153 0.435122993975 0) (0.271426366375 0.435669797749 0) (0.272203005598 0.436216601523 0) (0.272979644821 0.436763405298 0) (0.273756284043 0.437310209072 0) (0.274532923266 0.437857012846 0) (0.275309562489 0.43840381662 0) (0.276086201711 0.438950620394 0) (0.276862840934 0.439497424169 0) (0.277639480156 0.440044227943 0) (0.278416119379 0.440591031717 0) (0.279192758602 0.441137835491 0) (0.279969397824 0.441684639265 0) (0.280746037047 0.442231443039 0) (0.28152267627 0.442778246814 0) (0.282299315492 0.443325050588 0) (0.283075954715 0.443871854362 0) (0.283852593938 0.444418658136 0) (0.28462923316 0.44496546191 0) (0.285405872383 0.445512265685 0) (0.286182511605 0.446059069459 0) (0.286959150828 0.446605873233 0) (0.287735790051 0.447152677007 0) (0.288512429273 0.447699480781 0) (0.289289068496 0.448246284555 0) (0.290065707719 0.44879308833 0) (0.290842346941 0.449339892104 0) (0.291618986164 0.449886695878 0) (0.292395625387 0.450433499652 0) (0.293172264609 0.450980303426 0) (0.293948903832 0.451527107201 0) (0.294725543055 0.452073910975 0) (0.295502182277 0.452620714749 0) (0.2962788215 0.453167518523 0) (0.297055460722 0.453714322297 0) (0.297832099945 0.454261126071 0) (0.298608739168 0.454807929846 0) (0.29938537839 0.45535473362 0) (0.300162017613 0.455901537394 0) (0.300938656836 0.456448341168 0) (0.301715296058 0.456995144942 0) (0.302491935281 0.457541948717 0) (0.303268574504 0.458088752491 0) (0.304045213726 0.458635556265 0) (0.304821852949 0.459182360039 0) (0.305598492171 0.459729163813 0) (0.306375131394 0.460275967587 0) (0.307151770617 0.460822771362 0) (0.307928409839 0.461369575136 0) (0.308705049062 0.46191637891 0) (0.309481688285 0.462463182684 0) (0.310258327507 0.463009986458 0) (0.31103496673 0.463556790233 0) (0.311811605953 0.464103594007 0))
    polyLine 41 45 ((0.112236900807 0.691227374337 -0.03) (0.114447385851 0.69433190694 -0.03) (0.116668367481 0.697443986731 -0.03) (0.118899938615 0.700563738003 -0.03) (0.12114219371 0.703691286317 -0.03) (0.123395228784 0.706826758526 -0.03) (0.125659141436 0.709970282797 -0.03) (0.127934030862 0.713121988635 -0.03) (0.13021999788 0.716282006903 -0.03) (0.132517144951 0.719450469847 -0.03) (0.134825576199 0.722627511124 -0.03) (0.137145397432 0.725813265817 -0.03) (0.139476716168 0.729007870472 -0.03) (0.141819641659 0.732211463114 -0.03) (0.144174284909 0.735424183278 -0.03) (0.146540758704 0.738646172035 -0.03) (0.148919177637 0.741877572016 -0.03) (0.15130965813 0.745118527447 -0.03) (0.153712318462 0.748369184168 -0.03) (0.156127278798 0.751629689671 -0.03) (0.158554661212 0.754900193123 -0.03) (0.160994589722 0.7581808454 -0.03) (0.163447190309 0.761471799114 -0.03))
    polyLine 43 47 ((0.112236900807 0.691227374337 0) (0.114447385851 0.69433190694 0) (0.116668367481 0.697443986731 0) (0.118899938615 0.700563738003 0) (0.12114219371 0.703691286317 0) (0.123395228784 0.706826758526 0) (0.125659141436 0.709970282797 0) (0.127934030862 0.713121988635 0) (0.13021999788 0.716282006903 0) (0.132517144951 0.719450469847 0) (0.134825576199 0.722627511124 0) (0.137145397432 0.725813265817 0) (0.139476716168 0.729007870472 0) (0.141819641659 0.732211463114 0) (0.144174284909 0.735424183278 0) (0.146540758704 0.738646172035 0) (0.148919177637 0.741877572016 0) (0.15130965813 0.745118527447 0) (0.153712318462 0.748369184168 0) (0.156127278798 0.751629689671 0) (0.158554661212 0.754900193123 0) (0.160994589722 0.7581808454 0) (0.163447190309 0.761471799114 0))
    polyLine 44 48 ((0.312588245175 0.464650397781 -0.03) (0.313364884398 0.465197201555 -0.03) (0.31414152362 0.465744005329 -0.03) (0.314918162843 0.466290809103 -0.03) (0.315694802066 0.466837612878 -0.03) (0.316471441288 0.467384416652 -0.03) (0.317248080511 0.467931220426 -0.03) (0.318024719734 0.4684780242 -0.03) (0.318801358956 0.469024827974 -0.03) (0.319577998179 0.469571631749 -0.03) (0.320354637402 0.470118435523 -0.03) (0.321131276624 0.470665239297 -0.03) (0.321907915847 0.471212043071 -0.03) (0.32268455507 0.471758846845 -0.03) (0.323461194292 0.472305650619 -0.03) (0.324237833515 0.472852454394 -0.03) (0.325014472737 0.473399258168 -0.03) (0.32579111196 0.473946061942 -0.03) (0.326567751183 0.474492865716 -0.03) (0.327344390405 0.47503966949 -0.03) (0.328121029628 0.475586473265 -0.03) (0.328897668851 0.476133277039 -0.03) (0.329674308073 0.476680080813 -0.03) (0.330450947296 0.477226884587 -0.03) (0.331227586519 0.477773688361 -0.03) (0.332004225741 0.478320492135 -0.03) (0.332780864964 0.47886729591 -0.03) (0.333557504186 0.479414099684 -0.03) (0.334334143409 0.479960903458 -0.03) (0.335110782632 0.480507707232 -0.03) (0.335887421854 0.481054511006 -0.03) (0.336664061077 0.481601314781 -0.03) (0.3374407003 0.482148118555 -0.03) (0.338217339522 0.482694922329 -0.03) (0.338993978745 0.483241726103 -0.03) (0.339770617968 0.483788529877 -0.03) (0.34054725719 0.484335333651 -0.03) (0.341323896413 0.484882137426 -0.03) (0.342100535636 0.4854289412 -0.03) (0.342877174858 0.485975744974 -0.03) (0.343653814081 0.486522548748 -0.03) (0.344430453303 0.487069352522 -0.03) (0.345207092526 0.487616156297 -0.03) (0.345983731749 0.488162960071 -0.03) (0.346760370971 0.488709763845 -0.03) (0.347537010194 0.489256567619 -0.03) (0.348313649417 0.489803371393 -0.03) (0.349090288639 0.490350175167 -0.03) (0.349866927862 0.490896978942 -0.03) (0.350643567085 0.491443782716 -0.03) (0.351420206307 0.49199058649 -0.03) (0.35219684553 0.492537390264 -0.03) (0.352973484752 0.493084194038 -0.03) (0.353750123975 0.493630997813 -0.03) (0.354526763198 0.494177801587 -0.03) (0.35530340242 0.494724605361 -0.03) (0.356080041643 0.495271409135 -0.03))
    polyLine 46 50 ((0.312588245175 0.464650397781 0) (0.313364884398 0.465197201555 0) (0.31414152362 0.465744005329 0) (0.314918162843 0.466290809103 0) (0.315694802066 0.466837612878 0) (0.316471441288 0.467384416652 0) (0.317248080511 0.467931220426 0) (0.318024719734 0.4684780242 0) (0.318801358956 0.469024827974 0) (0.319577998179 0.469571631749 0) (0.320354637402 0.470118435523 0) (0.321131276624 0.470665239297 0) (0.321907915847 0.471212043071 0) (0.32268455507 0.471758846845 0) (0.323461194292 0.472305650619 0) (0.324237833515 0.472852454394 0) (0.325014472737 0.473399258168 0) (0.32579111196 0.473946061942 0) (0.326567751183 0.474492865716 0) (0.327344390405 0.47503966949 0) (0.328121029628 0.475586473265 0) (0.328897668851 0.476133277039 0) (0.329674308073 0.476680080813 0) (0.330450947296 0.477226884587 0) (0.331227586519 0.477773688361 0) (0.332004225741 0.478320492135 0) (0.332780864964 0.47886729591 0) (0.333557504186 0.479414099684 0) (0.334334143409 0.479960903458 0) (0.335110782632 0.480507707232 0) (0.335887421854 0.481054511006 0) (0.336664061077 0.481601314781 0) (0.3374407003 0.482148118555 0) (0.338217339522 0.482694922329 0) (0.338993978745 0.483241726103 0) (0.339770617968 0.483788529877 0) (0.34054725719 0.484335333651 0) (0.341323896413 0.484882137426 0) (0.342100535636 0.4854289412 0) (0.342877174858 0.485975744974 0) (0.343653814081 0.486522548748 0) (0.344430453303 0.487069352522 0) (0.345207092526 0.487616156297 0) (0.345983731749 0.488162960071 0) (0.346760370971 0.488709763845 0) (0.347537010194 0.489256567619 0) (0.348313649417 0.489803371393 0) (0.349090288639 0.490350175167 0) (0.349866927862 0.490896978942 0) (0.350643567085 0.491443782716 0) (0.351420206307 0.49199058649 0) (0.35219684553 0.492537390264 0) (0.352973484752 0.493084194038 0) (0.353750123975 0.493630997813 0) (0.354526763198 0.494177801587 0) (0.35530340242 0.494724605361 0) (0.356080041643 0.495271409135 0))
    polyLine 45 49 ((0.16831131607 0.767978949468 -0.03) (0.170722275726 0.771194776463 -0.03) (0.173145591505 0.774420834561 -0.03) (0.175581386851 0.777657270354 -0.03) (0.178029787098 0.780904232134 -0.03) (0.180490919499 0.784161869921 -0.03) (0.182964913254 0.787430335493 -0.03) (0.185451899543 0.79070978242 -0.03) (0.187952011553 0.794000366093 -0.03) (0.190465384512 0.79730224376 -0.03) (0.192992155722 0.800615574557 -0.03) (0.195532464588 0.803940519545 -0.03) (0.198086452656 0.807277241741 -0.03) (0.200654263644 0.810625906157 -0.03) (0.203236043479 0.813986679836 -0.03) (0.205831940332 0.817359731888 -0.03) (0.208442104656 0.820745233527 -0.03) (0.211066689223 0.824143358115 -0.03) (0.213705849162 0.827554281194 -0.03) (0.216359741997 0.830978180532 -0.03) (0.219028527692 0.834415236165 -0.03) (0.221712368686 0.837865630435 -0.03) (0.224411429942 0.841329548033 -0.03))
    polyLine 47 51 ((0.16831131607 0.767978949468 0) (0.170722275726 0.771194776463 0) (0.173145591505 0.774420834561 0) (0.175581386851 0.777657270354 0) (0.178029787098 0.780904232134 0) (0.180490919499 0.784161869921 0) (0.182964913254 0.787430335493 0) (0.185451899543 0.79070978242 0) (0.187952011553 0.794000366093 0) (0.190465384512 0.79730224376 0) (0.192992155722 0.800615574557 0) (0.195532464588 0.803940519545 0) (0.198086452656 0.807277241741 0) (0.200654263644 0.810625906157 0) (0.203236043479 0.813986679836 0) (0.205831940332 0.817359731888 0) (0.208442104656 0.820745233527 0) (0.211066689223 0.824143358115 0) (0.213705849162 0.827554281194 0) (0.216359741997 0.830978180532 0) (0.219028527692 0.834415236165 0) (0.221712368686 0.837865630435 0) (0.224411429942 0.841329548033 0))
    polyLine 48 52 ((0.356856680866 0.495818212909 -0.03) (0.357633320088 0.496365016683 -0.03) (0.358409959311 0.496911820458 -0.03) (0.359186598534 0.497458624232 -0.03) (0.359963237756 0.498005428006 -0.03) (0.360739876979 0.49855223178 -0.03) (0.361516516201 0.499099035554 -0.03) (0.362293155424 0.499645839329 -0.03) (0.363069794647 0.500192643103 -0.03) (0.363846433869 0.500739446877 -0.03) (0.364623073092 0.501286250651 -0.03) (0.365399712315 0.501833054425 -0.03) (0.366176351537 0.502379858199 -0.03) (0.36695299076 0.502926661974 -0.03) (0.367729629983 0.503473465748 -0.03) (0.368506269205 0.504020269522 -0.03) (0.369282908428 0.504567073296 -0.03) (0.370059547651 0.50511387707 -0.03) (0.370836186873 0.505660680845 -0.03) (0.371612826096 0.506207484619 -0.03) (0.372389465318 0.506754288393 -0.03) (0.373166104541 0.507301092167 -0.03) (0.373942743764 0.507847895941 -0.03) (0.374719382986 0.508394699715 -0.03) (0.375496022209 0.50894150349 -0.03) (0.376272661432 0.509488307264 -0.03) (0.377049300654 0.510035111038 -0.03) (0.377825939877 0.510581914812 -0.03) (0.3786025791 0.511128718586 -0.03) (0.379379218322 0.511675522361 -0.03) (0.380155857545 0.512222326135 -0.03) (0.380932496767 0.512769129909 -0.03) (0.38170913599 0.513315933683 -0.03) (0.382485775213 0.513862737457 -0.03) (0.383262414435 0.514409541232 -0.03) (0.384039053658 0.514956345006 -0.03) (0.384815692881 0.51550314878 -0.03) (0.385592332103 0.516049952554 -0.03) (0.386368971326 0.516596756328 -0.03) (0.387145610549 0.517143560102 -0.03) (0.387922249771 0.517690363877 -0.03) (0.388698888994 0.518237167651 -0.03) (0.389475528217 0.518783971425 -0.03) (0.390252167439 0.519330775199 -0.03) (0.391028806662 0.519877578973 -0.03) (0.391805445884 0.520424382748 -0.03) (0.392582085107 0.520971186522 -0.03) (0.39335872433 0.521517990296 -0.03) (0.394135363552 0.52206479407 -0.03) (0.394912002775 0.522611597844 -0.03) (0.395688641998 0.523158401618 -0.03) (0.39646528122 0.523705205393 -0.03) (0.397241920443 0.524252009167 -0.03) (0.398018559666 0.524798812941 -0.03) (0.398795198888 0.525345616715 -0.03) (0.399571838111 0.525892420489 -0.03))
    polyLine 50 54 ((0.356856680866 0.495818212909 0) (0.357633320088 0.496365016683 0) (0.358409959311 0.496911820458 0) (0.359186598534 0.497458624232 0) (0.359963237756 0.498005428006 0) (0.360739876979 0.49855223178 0) (0.361516516201 0.499099035554 0) (0.362293155424 0.499645839329 0) (0.363069794647 0.500192643103 0) (0.363846433869 0.500739446877 0) (0.364623073092 0.501286250651 0) (0.365399712315 0.501833054425 0) (0.366176351537 0.502379858199 0) (0.36695299076 0.502926661974 0) (0.367729629983 0.503473465748 0) (0.368506269205 0.504020269522 0) (0.369282908428 0.504567073296 0) (0.370059547651 0.50511387707 0) (0.370836186873 0.505660680845 0) (0.371612826096 0.506207484619 0) (0.372389465318 0.506754288393 0) (0.373166104541 0.507301092167 0) (0.373942743764 0.507847895941 0) (0.374719382986 0.508394699715 0) (0.375496022209 0.50894150349 0) (0.376272661432 0.509488307264 0) (0.377049300654 0.510035111038 0) (0.377825939877 0.510581914812 0) (0.3786025791 0.511128718586 0) (0.379379218322 0.511675522361 0) (0.380155857545 0.512222326135 0) (0.380932496767 0.512769129909 0) (0.38170913599 0.513315933683 0) (0.382485775213 0.513862737457 0) (0.383262414435 0.514409541232 0) (0.384039053658 0.514956345006 0) (0.384815692881 0.51550314878 0) (0.385592332103 0.516049952554 0) (0.386368971326 0.516596756328 0) (0.387145610549 0.517143560102 0) (0.387922249771 0.517690363877 0) (0.388698888994 0.518237167651 0) (0.389475528217 0.518783971425 0) (0.390252167439 0.519330775199 0) (0.391028806662 0.519877578973 0) (0.391805445884 0.520424382748 0) (0.392582085107 0.520971186522 0) (0.39335872433 0.521517990296 0) (0.394135363552 0.52206479407 0) (0.394912002775 0.522611597844 0) (0.395688641998 0.523158401618 0) (0.39646528122 0.523705205393 0) (0.397241920443 0.524252009167 0) (0.398018559666 0.524798812941 0) (0.398795198888 0.525345616715 0) (0.399571838111 0.525892420489 0))
    polyLine 49 53 ((0.229718102824 0.848122630818 -0.03) (0.23232450576 0.851450785888 -0.03) (0.234945237911 0.854791807718 -0.03) (0.237580451626 0.858145864867 -0.03) (0.240230301522 0.861513128022 -0.03) (0.24289494452 0.864893770048 -0.03) (0.245574539884 0.868287966017 -0.03) (0.248269249264 0.871695893255 -0.03) (0.250979236731 0.875117731381 -0.03) (0.253704668822 0.87855366235 -0.03) (0.256445714585 0.882003870494 -0.03) (0.259202545615 0.885468542568 -0.03) (0.261975336105 0.888947867793 -0.03) (0.264764262891 0.892442037902 -0.03) (0.267569505492 0.89595124719 -0.03) (0.270391246167 0.899475692557 -0.03) (0.273229669954 0.903015573558 -0.03) (0.276084964727 0.906571092457 -0.03) (0.278957321244 0.910142454273 -0.03) (0.281846933196 0.913729866834 -0.03) (0.284753997266 0.917333540831 -0.03) (0.287678713178 0.92095368987 -0.03) (0.290621283756 0.924590530531 -0.03))
    polyLine 51 55 ((0.229718102824 0.848122630818 0) (0.23232450576 0.851450785888 0) (0.234945237911 0.854791807718 0) (0.237580451626 0.858145864867 0) (0.240230301522 0.861513128022 0) (0.24289494452 0.864893770048 0) (0.245574539884 0.868287966017 0) (0.248269249264 0.871695893255 0) (0.250979236731 0.875117731381 0) (0.253704668822 0.87855366235 0) (0.256445714585 0.882003870494 0) (0.259202545615 0.885468542568 0) (0.261975336105 0.888947867793 0) (0.264764262891 0.892442037902 0) (0.267569505492 0.89595124719 0) (0.270391246167 0.899475692557 0) (0.273229669954 0.903015573558 0) (0.276084964727 0.906571092457 0) (0.278957321244 0.910142454273 0) (0.281846933196 0.913729866834 0) (0.284753997266 0.917333540831 0) (0.287678713178 0.92095368987 0) (0.290621283756 0.924590530531 0))
    polyLine 52 56 ((0.400348477333 0.526439224264 -0.03) (0.401125116556 0.526986028038 -0.03) (0.401901755779 0.527532831812 -0.03) (0.402678395001 0.528079635586 -0.03) (0.403455034224 0.52862643936 -0.03) (0.404231673447 0.529173243134 -0.03) (0.405008312669 0.529720046909 -0.03) (0.405784951892 0.530266850683 -0.03) (0.406561591115 0.530813654457 -0.03) (0.407338230337 0.531360458231 -0.03) (0.40811486956 0.531907262005 -0.03) (0.408891508782 0.53245406578 -0.03) (0.409668148005 0.533000869554 -0.03) (0.410444787228 0.533547673328 -0.03) (0.41122142645 0.534094477102 -0.03) (0.411998065673 0.534641280876 -0.03) (0.412774704896 0.53518808465 -0.03) (0.413551344118 0.535734888425 -0.03) (0.414327983341 0.536281692199 -0.03) (0.415104622564 0.536828495973 -0.03) (0.415881261786 0.537375299747 -0.03) (0.416657901009 0.537922103521 -0.03) (0.417434540232 0.538468907296 -0.03) (0.418211179454 0.53901571107 -0.03) (0.418987818677 0.539562514844 -0.03) (0.419764457899 0.540109318618 -0.03) (0.420541097122 0.540656122392 -0.03) (0.421317736345 0.541202926166 -0.03) (0.422094375567 0.541749729941 -0.03) (0.42287101479 0.542296533715 -0.03) (0.423647654013 0.542843337489 -0.03) (0.424424293235 0.543390141263 -0.03) (0.425200932458 0.543936945037 -0.03) (0.425977571681 0.544483748812 -0.03) (0.426754210903 0.545030552586 -0.03) (0.427530850126 0.54557735636 -0.03) (0.428307489348 0.546124160134 -0.03) (0.429084128571 0.546670963908 -0.03) (0.429860767794 0.547217767682 -0.03) (0.430637407016 0.547764571457 -0.03) (0.431414046239 0.548311375231 -0.03) (0.432190685462 0.548858179005 -0.03) (0.432967324684 0.549404982779 -0.03) (0.433743963907 0.549951786553 -0.03) (0.43452060313 0.550498590328 -0.03) (0.435297242352 0.551045394102 -0.03) (0.436073881575 0.551592197876 -0.03) (0.436850520798 0.55213900165 -0.03) (0.43762716002 0.552685805424 -0.03) (0.438403799243 0.553232609198 -0.03) (0.439180438465 0.553779412973 -0.03) (0.439957077688 0.554326216747 -0.03) (0.440733716911 0.554873020521 -0.03) (0.441510356133 0.555419824295 -0.03) (0.442286995356 0.555966628069 -0.03) (0.443063634579 0.556513431844 -0.03) (0.443840273801 0.557060235618 -0.03))
    polyLine 54 58 ((0.400348477333 0.526439224264 0) (0.401125116556 0.526986028038 0) (0.401901755779 0.527532831812 0) (0.402678395001 0.528079635586 0) (0.403455034224 0.52862643936 0) (0.404231673447 0.529173243134 0) (0.405008312669 0.529720046909 0) (0.405784951892 0.530266850683 0) (0.406561591115 0.530813654457 0) (0.407338230337 0.531360458231 0) (0.40811486956 0.531907262005 0) (0.408891508782 0.53245406578 0) (0.409668148005 0.533000869554 0) (0.410444787228 0.533547673328 0) (0.41122142645 0.534094477102 0) (0.411998065673 0.534641280876 0) (0.412774704896 0.53518808465 0) (0.413551344118 0.535734888425 0) (0.414327983341 0.536281692199 0) (0.415104622564 0.536828495973 0) (0.415881261786 0.537375299747 0) (0.416657901009 0.537922103521 0) (0.417434540232 0.538468907296 0) (0.418211179454 0.53901571107 0) (0.418987818677 0.539562514844 0) (0.419764457899 0.540109318618 0) (0.420541097122 0.540656122392 0) (0.421317736345 0.541202926166 0) (0.422094375567 0.541749729941 0) (0.42287101479 0.542296533715 0) (0.423647654013 0.542843337489 0) (0.424424293235 0.543390141263 0) (0.425200932458 0.543936945037 0) (0.425977571681 0.544483748812 0) (0.426754210903 0.545030552586 0) (0.427530850126 0.54557735636 0) (0.428307489348 0.546124160134 0) (0.429084128571 0.546670963908 0) (0.429860767794 0.547217767682 0) (0.430637407016 0.547764571457 0) (0.431414046239 0.548311375231 0) (0.432190685462 0.548858179005 0) (0.432967324684 0.549404982779 0) (0.433743963907 0.549951786553 0) (0.43452060313 0.550498590328 0) (0.435297242352 0.551045394102 0) (0.436073881575 0.551592197876 0) (0.436850520798 0.55213900165 0) (0.43762716002 0.552685805424 0) (0.438403799243 0.553232609198 0) (0.439180438465 0.553779412973 0) (0.439957077688 0.554326216747 0) (0.440733716911 0.554873020521 0) (0.441510356133 0.555419824295 0) (0.442286995356 0.555966628069 0) (0.443063634579 0.556513431844 0) (0.443840273801 0.557060235618 0))
    polyLine 53 57 ((0.296364705628 0.931673667994 -0.03) (0.299163619435 0.935118195965 -0.03) (0.301978832163 0.938578052917 -0.03) (0.304810522153 0.942053427917 -0.03) (0.307658870378 0.94554451256 -0.03) (0.31052406048 0.949051501023 -0.03) (0.313406278827 0.952574590105 -0.03) (0.316305714554 0.956113979277 -0.03) (0.319222559615 0.959669870735 -0.03) (0.322157008832 0.963242469443 -0.03) (0.325109259951 0.966831983194 -0.03) (0.32807951369 0.970438622651 -0.03) (0.331067973795 0.974062601413 -0.03) (0.334074847093 0.977704136058 -0.03) (0.337100343553 0.981363446208 -0.03) (0.34014467634 0.985040754582 -0.03) (0.343208061872 0.988736287056 -0.03) (0.346290719887 0.99245027272 -0.03) (0.349392873499 0.996182943945 -0.03) (0.352514749263 0.999934536439 -0.03) (0.355656577239 1.00370528932 -0.03) (0.35881859106 1.00749544516 -0.03) (0.362001027996 1.01130525009 -0.03))
    polyLine 55 59 ((0.296364705628 0.931673667994 0) (0.299163619435 0.935118195965 0) (0.301978832163 0.938578052917 0) (0.304810522153 0.942053427917 0) (0.307658870378 0.94554451256 0) (0.31052406048 0.949051501023 0) (0.313406278827 0.952574590105 0) (0.316305714554 0.956113979277 0) (0.319222559615 0.959669870735 0) (0.322157008832 0.963242469443 0) (0.325109259951 0.966831983194 0) (0.32807951369 0.970438622651 0) (0.331067973795 0.974062601413 0) (0.334074847093 0.977704136058 0) (0.337100343553 0.981363446208 0) (0.34014467634 0.985040754582 0) (0.343208061872 0.988736287056 0) (0.346290719887 0.99245027272 0) (0.349392873499 0.996182943945 0) (0.352514749263 0.999934536439 0) (0.355656577239 1.00370528932 0) (0.35881859106 1.00749544516 0) (0.362001027996 1.01130525009 0))
    polyLine 56 60 ((0.444616913024 0.557607039392 -0.03) (0.445393552247 0.558153843166 -0.03) (0.446170191469 0.55870064694 -0.03) (0.446946830692 0.559247450714 -0.03) (0.447723469914 0.559794254489 -0.03) (0.448500109137 0.560341058263 -0.03) (0.44927674836 0.560887862037 -0.03) (0.450053387582 0.561434665811 -0.03) (0.450830026805 0.561981469585 -0.03) (0.451606666028 0.56252827336 -0.03) (0.45238330525 0.563075077134 -0.03) (0.453159944473 0.563621880908 -0.03) (0.453936583696 0.564168684682 -0.03) (0.454713222918 0.564715488456 -0.03) (0.455489862141 0.56526229223 -0.03) (0.456266501363 0.565809096005 -0.03) (0.457043140586 0.566355899779 -0.03) (0.457819779809 0.566902703553 -0.03) (0.458596419031 0.567449507327 -0.03) (0.459373058254 0.567996311101 -0.03) (0.460149697477 0.568543114876 -0.03) (0.460926336699 0.56908991865 -0.03) (0.461702975922 0.569636722424 -0.03) (0.462479615145 0.570183526198 -0.03) (0.463256254367 0.570730329972 -0.03) (0.46403289359 0.571277133746 -0.03) (0.464809532813 0.571823937521 -0.03) (0.465586172035 0.572370741295 -0.03) (0.466362811258 0.572917545069 -0.03) (0.46713945048 0.573464348843 -0.03) (0.467916089703 0.574011152617 -0.03) (0.468692728926 0.574557956392 -0.03) (0.469469368148 0.575104760166 -0.03) (0.470246007371 0.57565156394 -0.03) (0.471022646594 0.576198367714 -0.03) (0.471799285816 0.576745171488 -0.03) (0.472575925039 0.577291975262 -0.03) (0.473352564262 0.577838779037 -0.03) (0.474129203484 0.578385582811 -0.03) (0.474905842707 0.578932386585 -0.03) (0.475682481929 0.579479190359 -0.03) (0.476459121152 0.580025994133 -0.03) (0.477235389065 0.580567535776 -0.03) (0.478016306928 0.581102350242 -0.03) (0.478801816445 0.581630397608 -0.03) (0.479591858977 0.582151638455 -0.03) (0.480386375546 0.582666033871 -0.03) (0.481185306841 0.583173545456 -0.03) (0.48198859322 0.583674135323 -0.03) (0.482796174718 0.584167766104 -0.03) (0.483607991046 0.584654400947 -0.03) (0.484423981603 0.585134003526 -0.03) (0.485244085474 0.585606538037 -0.03) (0.486068241437 0.586071969204 -0.03) (0.486896387967 0.586530262284 -0.03) (0.487728463243 0.586981383063 -0.03))
    polyLine 58 62 ((0.444616913024 0.557607039392 0) (0.445393552247 0.558153843166 0) (0.446170191469 0.55870064694 0) (0.446946830692 0.559247450714 0) (0.447723469914 0.559794254489 0) (0.448500109137 0.560341058263 0) (0.44927674836 0.560887862037 0) (0.450053387582 0.561434665811 0) (0.450830026805 0.561981469585 0) (0.451606666028 0.56252827336 0) (0.45238330525 0.563075077134 0) (0.453159944473 0.563621880908 0) (0.453936583696 0.564168684682 0) (0.454713222918 0.564715488456 0) (0.455489862141 0.56526229223 0) (0.456266501363 0.565809096005 0) (0.457043140586 0.566355899779 0) (0.457819779809 0.566902703553 0) (0.458596419031 0.567449507327 0) (0.459373058254 0.567996311101 0) (0.460149697477 0.568543114876 0) (0.460926336699 0.56908991865 0) (0.461702975922 0.569636722424 0) (0.462479615145 0.570183526198 0) (0.463256254367 0.570730329972 0) (0.46403289359 0.571277133746 0) (0.464809532813 0.571823937521 0) (0.465586172035 0.572370741295 0) (0.466362811258 0.572917545069 0) (0.46713945048 0.573464348843 0) (0.467916089703 0.574011152617 0) (0.468692728926 0.574557956392 0) (0.469469368148 0.575104760166 0) (0.470246007371 0.57565156394 0) (0.471022646594 0.576198367714 0) (0.471799285816 0.576745171488 0) (0.472575925039 0.577291975262 0) (0.473352564262 0.577838779037 0) (0.474129203484 0.578385582811 0) (0.474905842707 0.578932386585 0) (0.475682481929 0.579479190359 0) (0.476459121152 0.580025994133 0) (0.477235389065 0.580567535776 0) (0.478016306928 0.581102350242 0) (0.478801816445 0.581630397608 0) (0.479591858977 0.582151638455 0) (0.480386375546 0.582666033871 0) (0.481185306841 0.583173545456 0) (0.48198859322 0.583674135323 0) (0.482796174718 0.584167766104 0) (0.483607991046 0.584654400947 0) (0.484423981603 0.585134003526 0) (0.485244085474 0.585606538037 0) (0.486068241437 0.586071969204 0) (0.486896387967 0.586530262284 0) (0.487728463243 0.586981383063 0))
    polyLine 57 61 ((0.36820127624 1.01871406632 -0.03) (0.371216701275 1.0223108093 -0.03) (0.374250606825 1.02592539225 -0.03) (0.377303198566 1.02955802754 -0.03) (0.380374685211 1.03320893052 -0.03) (0.383465278564 1.03687831954 -0.03) (0.386575193578 1.04056641602 -0.03) (0.389704648411 1.0442734445 -0.03) (0.392853864486 1.04799963271 -0.03) (0.396023066549 1.05174521161 -0.03) (0.399212482733 1.05551041546 -0.03) (0.402422344618 1.0592954819 -0.03) (0.405652887299 1.06310065198 -0.03) (0.408904349446 1.06692617025 -0.03) (0.412176973375 1.07077228482 -0.03) (0.415471005119 1.07463924742 -0.03) (0.41878669449 1.07852731346 -0.03) (0.422124295159 1.08243674215 -0.03) (0.425484064725 1.08636779651 -0.03) (0.428866264794 1.09032074347 -0.03) (0.432271161049 1.09429585397 -0.03) (0.435699023338 1.09829340301 -0.03) (0.439150125745 1.1023136697 -0.03))
    polyLine 59 63 ((0.36820127624 1.01871406632 0) (0.371216701275 1.0223108093 0) (0.374250606825 1.02592539225 0) (0.377303198566 1.02955802754 0) (0.380374685211 1.03320893052 0) (0.383465278564 1.03687831954 0) (0.386575193578 1.04056641602 0) (0.389704648411 1.0442734445 0) (0.392853864486 1.04799963271 0) (0.396023066549 1.05174521161 0) (0.399212482733 1.05551041546 0) (0.402422344618 1.0592954819 0) (0.405652887299 1.06310065198 0) (0.408904349446 1.06692617025 0) (0.412176973375 1.07077228482 0) (0.415471005119 1.07463924742 0) (0.41878669449 1.07852731346 0) (0.422124295159 1.08243674215 0) (0.425484064725 1.08636779651 0) (0.428866264794 1.09032074347 0) (0.432271161049 1.09429585397 0) (0.435699023338 1.09829340301 0) (0.439150125745 1.1023136697 0))
    polyLine 60 64 ((0.488564405149 0.587425297866 -0.03) (0.489404151282 0.587861973553 -0.03) (0.490247638952 0.588291377526 -0.03) (0.491094805194 0.588713477729 -0.03) (0.491945586764 0.589128242653 -0.03) (0.492799920151 0.589535641335 -0.03) (0.493657741579 0.589935643361 -0.03) (0.494518987009 0.590328218871 -0.03) (0.495383592149 0.59071333856 -0.03) (0.496251492455 0.591090973676 -0.03) (0.497122623137 0.59146109603 -0.03) (0.497996919165 0.591823677992 -0.03) (0.49887431527 0.592178692494 -0.03) (0.499754745955 0.592526113033 -0.03) (0.500638145495 0.592865913676 -0.03) (0.501524447941 0.593198069054 -0.03) (0.502413587132 0.593522554373 -0.03) (0.503305496692 0.593839345408 -0.03) (0.504200110038 0.594148418513 -0.03) (0.505097360386 0.594449750612 -0.03) (0.505997180757 0.594743319213 -0.03) (0.506899503977 0.595029102399 -0.03) (0.507804262686 0.595307078837 -0.03) (0.508711389344 0.595577227775 -0.03) (0.509620816233 0.595839529046 -0.03) (0.510532475462 0.59609396307 -0.03) (0.511446298975 0.596340510852 -0.03) (0.512362218555 0.596579153987 -0.03) (0.513280165826 0.596809874661 -0.03) (0.514200072264 0.59703265565 -0.03) (0.515121869195 0.597247480322 -0.03) (0.516045487807 0.597454332642 -0.03) (0.516970859151 0.597653197167 -0.03) (0.517897914145 0.597844059052 -0.03) (0.518826583586 0.598026904049 -0.03) (0.519756798146 0.598201718507 -0.03) (0.520688488384 0.598368489378 -0.03) (0.521621584747 0.598527204211 -0.03) (0.522556017581 0.598677851159 -0.03) (0.523491717127 0.598820418975 -0.03) (0.524428613534 0.598954897016 -0.03) (0.525366636864 0.599081275243 -0.03) (0.52630571709 0.599199544223 -0.03) (0.527245784109 0.599309695126 -0.03) (0.528186767745 0.599411719729 -0.03) (0.529128597752 0.599505610416 -0.03) (0.53007120382 0.599591360178 -0.03) (0.531014515584 0.599668962614 -0.03) (0.531958462625 0.599738411931 -0.03) (0.532902974474 0.599799702943 -0.03) (0.533847980625 0.599852831077 -0.03) (0.53479341053 0.599897792365 -0.03) (0.535739193612 0.599934583451 -0.03) (0.536685259267 0.599963201589 -0.03) (0.537631536871 0.599983644642 -0.03) (0.538577955783 0.599995911084 -0.03))
    polyLine 62 66 ((0.488564405149 0.587425297866 0) (0.489404151282 0.587861973553 0) (0.490247638952 0.588291377526 0) (0.491094805194 0.588713477729 0) (0.491945586764 0.589128242653 0) (0.492799920151 0.589535641335 0) (0.493657741579 0.589935643361 0) (0.494518987009 0.590328218871 0) (0.495383592149 0.59071333856 0) (0.496251492455 0.591090973676 0) (0.497122623137 0.59146109603 0) (0.497996919165 0.591823677992 0) (0.49887431527 0.592178692494 0) (0.499754745955 0.592526113033 0) (0.500638145495 0.592865913676 0) (0.501524447941 0.593198069054 0) (0.502413587132 0.593522554373 0) (0.503305496692 0.593839345408 0) (0.504200110038 0.594148418513 0) (0.505097360386 0.594449750612 0) (0.505997180757 0.594743319213 0) (0.506899503977 0.595029102399 0) (0.507804262686 0.595307078837 0) (0.508711389344 0.595577227775 0) (0.509620816233 0.595839529046 0) (0.510532475462 0.59609396307 0) (0.511446298975 0.596340510852 0) (0.512362218555 0.596579153987 0) (0.513280165826 0.596809874661 0) (0.514200072264 0.59703265565 0) (0.515121869195 0.597247480322 0) (0.516045487807 0.597454332642 0) (0.516970859151 0.597653197167 0) (0.517897914145 0.597844059052 0) (0.518826583586 0.598026904049 0) (0.519756798146 0.598201718507 0) (0.520688488384 0.598368489378 0) (0.521621584747 0.598527204211 0) (0.522556017581 0.598677851159 0) (0.523491717127 0.598820418975 0) (0.524428613534 0.598954897016 0) (0.525366636864 0.599081275243 0) (0.52630571709 0.599199544223 0) (0.527245784109 0.599309695126 0) (0.528186767745 0.599411719729 0) (0.529128597752 0.599505610416 0) (0.53007120382 0.599591360178 0) (0.531014515584 0.599668962614 0) (0.531958462625 0.599738411931 0) (0.532902974474 0.599799702943 0) (0.533847980625 0.599852831077 0) (0.53479341053 0.599897792365 0) (0.535739193612 0.599934583451 0) (0.536685259267 0.599963201589 0) (0.537631536871 0.599983644642 0) (0.538577955783 0.599995911084 0))
    polyLine 61 65 ((0.446321029636 1.1106533554 -0.03) (0.450044210945 1.11497610527 -0.03) (0.453794635145 1.11932553706 -0.03) (0.457572652603 1.12370200646 -0.03) (0.46137861964 1.12810587503 -0.03) (0.465212898658 1.13253751024 -0.03) (0.469075858267 1.13699728565 -0.03) (0.472967873414 1.14148558102 -0.03) (0.476889325526 1.14600278244 -0.03) (0.480840602641 1.15054928248 -0.03) (0.484822099555 1.15512548033 -0.03) (0.488834217968 1.15973178193 -0.03) (0.492877366631 1.1643686001 -0.03) (0.496951961505 1.16903635475 -0.03) (0.501058425912 1.173735473 -0.03) (0.505197190706 1.1784663893 -0.03) (0.509368694431 1.18322954568 -0.03) (0.513573383499 1.18802539184 -0.03) (0.517811712361 1.19285438537 -0.03) (0.522084143689 1.1977169919 -0.03) (0.526391148562 1.20261368531 -0.03) (0.530733206653 1.20754494787 -0.03) (0.53511080643 1.21251127049 -0.03))
    polyLine 63 67 ((0.446321029636 1.1106533554 0) (0.450044210945 1.11497610527 0) (0.453794635145 1.11932553706 0) (0.457572652603 1.12370200646 0) (0.46137861964 1.12810587503 0) (0.465212898658 1.13253751024 0) (0.469075858267 1.13699728565 0) (0.472967873414 1.14148558102 0) (0.476889325526 1.14600278244 0) (0.480840602641 1.15054928248 0) (0.484822099555 1.15512548033 0) (0.488834217968 1.15973178193 0) (0.492877366631 1.1643686001 0) (0.496951961505 1.16903635475 0) (0.501058425912 1.173735473 0) (0.505197190706 1.1784663893 0) (0.509368694431 1.18322954568 0) (0.513573383499 1.18802539184 0) (0.517811712361 1.19285438537 0) (0.522084143689 1.1977169919 0) (0.526391148562 1.20261368531 0) (0.530733206653 1.20754494787 0) (0.53511080643 1.21251127049 0))
);

boundary
(
    body_fore
    {
        type wall;
        faces
        (
            (0 2 6 4)
            (4 6 10 8)
            (8 10 14 12)
            (12 14 18 16)
            (16 18 22 20)
            (20 22 26 24)
            (24 26 30 28)
            (28 30 34 32)
            (32 34 38 36)
            (36 38 42 40)
            (40 42 46 44)
            (44 46 50 48)
            (48 50 54 52)
            (52 54 58 56)
            (56 58 62 60)
            (60 62 66 64)
        );
    }
    freestream
    {
        type patch;
        faces
        (
            (1 5 7 3)
            (5 9 11 7)
            (9 13 15 11)
            (13 17 19 15)
            (17 21 23 19)
            (21 25 27 23)
            (25 29 31 27)
            (29 33 35 31)
            (33 37 39 35)
            (37 41 43 39)
            (41 45 47 43)
            (45 49 51 47)
            (49 53 55 51)
            (53 57 59 55)
            (57 61 63 59)
            (61 65 67 63)
        );
    }
    outlet
    {
        type patch;
        faces
        (
            (64 66 67 65)
        );
    }
    axis
    {
        type patch;
        faces
        (
            (0 1 3 2)
        );
    }
    front
    {
        type patch;
        faces
        (
            (2 6 7 3)
            (6 10 11 7)
            (10 14 15 11)
            (14 18 19 15)
            (18 22 23 19)
            (22 26 27 23)
            (26 30 31 27)
            (30 34 35 31)
            (34 38 39 35)
            (38 42 43 39)
            (42 46 47 43)
            (46 50 51 47)
            (50 54 55 51)
            (54 58 59 55)
            (58 62 63 59)
            (62 66 67 63)
        );
    }
    back
    {
        type patch;
        faces
        (
            (0 1 5 4)
            (4 5 9 8)
            (8 9 13 12)
            (12 13 17 16)
            (16 17 21 20)
            (20 21 25 24)
            (24 25 29 28)
            (28 29 33 32)
            (32 33 37 36)
            (36 37 41 40)
            (40 41 45 44)
            (44 45 49 48)
            (48 49 53 52)
            (52 53 57 56)
            (56 57 61 60)
            (60 61 65 64)
        );
    }
);
