iteration,cd_fore,cd_aft,cd_viscous,cd_total,mean_abs_drho_dtau_kg_m3_s
5,0.004479100747898258,,0.0,0.004479100747898258,139.25949375
10,0.01067796144311336,,0.0,0.01067796144311336,139.07115932
15,0.019283391774934662,,0.0,0.019283391774934662,138.81777716
20,0.03125814975291629,,0.0,0.03125814975291629,138.5020905
25,0.047948002229066665,,0.0,0.047948002229066665,138.1278065
30,0.07122491676362311,,0.0,0.07122491676362311,137.6995902
35,0.10367339073087375,,0.0,0.10367339073087375,137.22284838
40,0.14882241930516668,,0.0,0.14882241930516668,136.7034428
45,0.21141352699550037,,0.0,0.21141352699550037,136.1474662
50,0.29766921785083406,,0.0,0.29766921785083406,135.5610423
55,0.4154760457956931,,0.0,0.4154760457956931,134.94990027
60,0.5743128803324076,,0.0,0.5743128803324076,134.31943142
65,0.7846358456699724,,0.0,0.7846358456699724,133.67462483
70,1.0563093354874582,,0.0,1.0563093354874582,133.02004075
75,1.3953691339571437,,0.0,1.3953691339571437,132.35981577
80,1.799076775928186,,0.0,1.799076775928186,131.69768962
85,2.251219254550037,,0.0,2.251219254550037,131.03704566
90,2.703792169011455,,0.0,2.703792169011455,130.3809465
95,2.994650877375332,,0.0,2.994650877375332,248.69694082
100,3.069410760624877,,0.0,3.069410760624877,346.70785111
105,2.953369358954474,,0.0,2.953369358954474,421.96624069
110,2.698281893839332,,0.0,2.698281893839332,464.99277995
115,2.3703617601835645,,0.0,2.3703617601835645,469.94887222
120,2.05876419755103,,0.0,2.05876419755103,447.9742586
125,1.7902559368375264,,0.0,1.7902559368375264,436.08765099
130,1.564607885734266,,0.0,1.564607885734266,422.97212016
135,1.3943906524591678,,0.0,1.3943906524591678,403.74905841
140,1.270398931440837,,0.0,1.270398931440837,393.49066309
145,1.1794830863375392,,0.0,1.1794830863375392,380.76466835
150,1.1163244979739078,,0.0,1.1163244979739078,362.3764987
155,1.076451211546672,,0.0,1.076451211546672,345.12640679
160,1.0518179964988383,,0.0,1.0518179964988383,329.40623768
165,1.0378163715746977,,0.0,1.0378163715746977,312.51377272
170,1.0318054115491946,,0.0,1.0318054115491946,294.59343807
175,1.0311834004044256,,0.0,1.0311834004044256,277.13522788
180,1.0336817911234142,,0.0,1.0336817911234142,261.12964143
185,1.0379179223414698,,0.0,1.0379179223414698,245.76187571
190,1.0429982880903674,,0.0,1.0429982880903674,231.0237089
195,1.0481684578344155,,0.0,1.0481684578344155,217.86549444
200,1.0529755747132292,,0.0,1.0529755747132292,205.78404021
205,1.0573177761982393,,0.0,1.0573177761982393,194.9847853
210,1.0611950649723434,,0.0,1.0611950649723434,186.1398813
215,1.0646532773181057,,0.0,1.0646532773181057,179.26091284
220,1.0677917614115675,,0.0,1.0677917614115675,173.11774694
225,1.0706792119138944,,0.0,1.0706792119138944,167.91570479
230,1.0733723510329207,,0.0,1.0733723510329207,163.635858
235,1.075913452822538,,0.0,1.075913452822538,160.05951079
240,1.0782804967639752,,0.0,1.0782804967639752,156.95256453
245,1.0804427760254494,,0.0,1.0804427760254494,154.22600098
250,1.0823847497406514,,0.0,1.0823847497406514,151.93996222
255,1.0841352034910996,,0.0,1.0841352034910996,149.92989619
260,1.0857325551428332,,0.0,1.0857325551428332,148.32587958
265,1.0872266393143695,,0.0,1.0872266393143695,147.24456535
270,1.0886200446608576,,0.0,1.0886200446608576,146.56567304
275,1.0898551321965182,,0.0,1.0898551321965182,146.00409403
280,1.0908512242571564,,0.0,1.0908512242571564,145.44121045
285,1.0915450720545041,,0.0,1.0915450720545041,144.940679
290,1.0919224912225682,,0.0,1.0919224912225682,144.68024346
295,1.0920251845172038,,0.0,1.0920251845172038,145.18374498
300,1.0919341594398568,,0.0,1.0919341594398568,145.91074822
305,1.0917352745573752,,0.0,1.0917352745573752,146.57363903
310,1.0914832664377871,,0.0,1.0914832664377871,146.97891706
315,1.09118185569167,,0.0,1.09118185569167,147.25684912
320,1.0907884615962937,,0.0,1.0907884615962937,147.43439915
325,1.0902402979358639,,0.0,1.0902402979358639,148.28364997
330,1.0894890551600007,,0.0,1.0894890551600007,149.63658938
335,1.0885264196510966,,0.0,1.0885264196510966,150.90351134
340,1.087387581931255,,0.0,1.087387581931255,151.94369101
345,1.0861354070661757,,0.0,1.0861354070661757,152.58495878
350,1.0848348055581514,,0.0,1.0848348055581514,152.96081667
355,1.0835290568883218,,0.0,1.0835290568883218,153.13356096
360,1.0822276673132285,,0.0,1.0822276673132285,153.54828326
365,1.080910103867144,,0.0,1.080910103867144,154.93409016
370,1.0795407204128364,,0.0,1.0795407204128364,156.28492931
375,1.0780882982762263,,0.0,1.0780882982762263,157.46832165
380,1.0765420166718875,,0.0,1.0765420166718875,158.21351134
385,1.0749165602807456,,0.0,1.0749165602807456,158.47559844
390,1.073245367419925,,0.0,1.073245367419925,158.47634053
395,1.0715665330073487,,0.0,1.0715665330073487,158.4215034
400,1.0699082695530586,,0.0,1.0699082695530586,159.04066278
405,1.0682804647852584,,0.0,1.0682804647852584,160.19355925
410,1.066675110277312,,0.0,1.066675110277312,161.30384455
415,1.0650738736534175,,0.0,1.0650738736534175,162.1736485
420,1.0634591536955813,,0.0,1.0634591536955813,162.63042523
425,1.061823643600366,,0.0,1.061823643600366,162.54280984
430,1.0601736818043264,,0.0,1.0601736818043264,162.14290521
435,1.0585256976221364,,0.0,1.0585256976221364,161.89526539
440,1.0568981560966118,,0.0,1.0568981560966118,162.46254502
445,1.055303111100205,,0.0,1.055303111100205,163.38654007
450,1.0537415241106631,,0.0,1.0537415241106631,164.28081748
455,1.0522042609302291,,0.0,1.0522042609302291,164.84399562
460,1.0506775419011933,,0.0,1.0506775419011933,165.04746747
465,1.0491499235557835,,0.0,1.0491499235557835,164.71147844
470,1.0476176142321083,,0.0,1.0476176142321083,164.07748853
475,1.046085985909698,,0.0,1.046085985909698,163.53475433
480,1.044567114742697,,0.0,1.044567114742697,163.76510708
485,1.0430746680481608,,0.0,1.0430746680481608,164.54976182
490,1.0416181771154305,,0.0,1.0416181771154305,165.25991997
495,1.0401990916641461,,0.0,1.0401990916641461,165.79641956
500,1.0388102734814275,,0.0,1.0388102734814275,165.83088525
505,1.037439063655939,,0.0,1.037439063655939,165.3503553
510,1.036072574138698,,0.0,1.036072574138698,164.61859234
515,1.0347029219626371,,0.0,1.0347029219626371,163.79529963
520,1.0333301688571381,,0.0,1.0333301688571381,163.35179355
525,1.0319618953494036,,0.0,1.0319618953494036,163.85417356
530,1.0306098563506936,,0.0,1.0306098563506936,164.50600055
535,1.0292852538679955,,0.0,1.0292852538679955,165.17134165
540,1.0279945792630274,,0.0,1.0279945792630274,165.31808178
545,1.0267375610856657,,0.0,1.0267375610856657,164.95302878
550,1.025507746967153,,0.0,1.025507746967153,164.23438773
555,1.024295278486532,,0.0,1.024295278486532,163.22640788
560,1.0230906942007452,,0.0,1.0230906942007452,162.2871359
565,1.0218882768549815,,0.0,1.0218882768549815,162.0113385
570,1.0206877353321135,,0.0,1.0206877353321135,162.40543639
575,1.0194937495150338,,0.0,1.0194937495150338,163.03845746
580,1.0183137479152378,,0.0,1.0183137479152378,163.37146635
585,1.0171548876168348,,0.0,1.0171548876168348,163.39188778
590,1.0160213945473464,,0.0,1.0160213945473464,163.0400923
595,1.0149131731683336,,0.0,1.0149131731683336,162.26567664
600,1.0138260773798475,,0.0,1.0138260773798475,161.19937598
605,1.0127536532670534,,0.0,1.0127536532670534,160.2118282
610,1.0116896367869654,,0.0,1.0116896367869654,159.55061707
615,1.0106302427803082,,0.0,1.0106302427803082,159.80407135
620,1.0095754208404377,,0.0,1.0095754208404377,160.12094665
625,1.0085286713984356,,0.0,1.0085286713984356,160.38388776
630,1.007495554964231,,0.0,1.007495554964231,160.41435088
635,1.0064814866256078,,0.0,1.0064814866256078,160.16480375
640,1.0054896508001396,,0.0,1.0054896508001396,159.55934017
645,1.0045197884745256,,0.0,1.0045197884745256,158.77364599
650,1.0035682493164635,,0.0,1.0035682493164635,157.76916944
655,1.0026292188729442,,0.0,1.0026292188729442,156.87535451
660,1.0016966317263505,,0.0,1.0016966317263505,156.14948065
665,1.0007661027714805,,0.0,1.0007661027714805,156.08011319
670,0.9998362709607345,,0.0,0.9998362709607345,156.27830127
675,0.9989091696804011,,0.0,0.9989091696804011,156.39686661
680,0.9979895402699176,,0.0,0.9979895402699176,156.32702307
685,0.99708332086842,,0.0,0.99708332086842,156.03398887
690,0.9961957803912448,,0.0,0.9961957803912448,155.56641259
695,0.9953298595215393,,0.0,0.9953298595215393,154.94759336
700,0.9944852097781871,,0.0,0.9944852097781871,154.1211009
705,0.9936582113184265,,0.0,0.9936582113184265,152.9870936
710,0.9928429537642905,,0.0,0.9928429537642905,151.80509547
715,0.9920328757486225,,0.0,0.9920328757486225,151.25405944
720,0.9912225676403795,,0.0,0.9912225676403795,151.18161649
725,0.9904092066902277,,0.0,0.9904092066902277,151.25911584
730,0.9895932415559512,,0.0,0.9895932415559512,151.29328178
735,0.9887781494547466,,0.0,0.9887781494547466,151.25622032
740,0.9879693833305382,,0.0,0.9879693833305382,151.10149489
745,0.9871728353266831,,0.0,0.9871728353266831,150.71049308
750,0.9863932472146101,,0.0,0.9863932472146101,149.9237895
755,0.9856329870379813,,0.0,0.9856329870379813,148.83980054
760,0.9848914926615374,,0.0,0.9848914926615374,147.56917724
765,0.9841654937695078,,0.0,0.9841654937695078,146.26523794
770,0.983449916888826,,0.0,0.983449916888826,145.45399416
775,0.982739207284614,,0.0,0.982739207284614,145.21716984
780,0.9820287106751885,,0.0,0.9820287106751885,145.25322502
785,0.9813157610788344,,0.0,0.9813157610788344,145.44383918
790,0.980600215256103,,0.0,0.980600215256103,145.58781875
795,0.9798843286826384,,0.0,0.9798843286826384,145.50944262
800,0.979172042762397,,0.0,0.979172042762397,145.15495599
805,0.9784678960259453,,0.0,0.9784678960259453,144.5193336
810,0.977775852704606,,0.0,0.977775852704606,143.5635937
815,0.9770983408434543,,0.0,0.9770983408434543,142.33125352
820,0.9764357194733053,,0.0,0.9764357194733053,140.92465403
825,0.9757862767008549,,0.0,0.9757862767008549,139.52047474
830,0.9751467284320616,,0.0,0.9751467284320616,138.74412716
835,0.9745130742164851,,0.0,0.9745130742164851,138.66507574
840,0.9738815901695033,,0.0,0.9738815901695033,138.75311287
845,0.9732497170341584,,0.0,0.9732497170341584,138.87022563
850,0.9726166343439825,,0.0,0.9726166343439825,138.92184702
855,0.9719833941586222,,0.0,0.9719833941586222,138.83380924
860,0.9713525972744754,,0.0,0.9713525972744754,138.55451129
865,0.9707277056753373,,0.0,0.9707277056753373,138.00922105
870,0.9701121727961083,,0.0,0.9701121727961083,137.20885391
875,0.9695086000015971,,0.0,0.9695086000015971,136.13383476
880,0.9689181170190626,,0.0,0.9689181170190626,134.86574705
885,0.9683401197418138,,0.0,0.9683401197418138,133.51369898
890,0.9677724098535672,,0.0,0.9677724098535672,132.2069681
895,0.9672116882542441,,0.0,0.9672116882542441,131.40888649
900,0.9666542794877977,,0.0,0.9666542794877977,131.21196886
905,0.9660969206277942,,0.0,0.9660969206277942,131.22257301
910,0.9655374450979934,,0.0,0.9655374450979934,131.36882827
915,0.9649752230995488,,0.0,0.9649752230995488,131.49812558
920,0.964411278930938,,0.0,0.964411278930938,131.42663584
925,0.963848073241263,,0.0,0.963848073241263,131.16476228
930,0.963289003511094,,0.0,0.963289003511094,130.66712929
935,0.9627377276894341,,0.0,0.9627377276894341,129.95519571
940,0.9621974449270577,,0.0,0.9621974449270577,129.10849237
945,0.9616702710752513,,0.0,0.9616702710752513,128.04826173
950,0.9611568254286346,,0.0,0.9611568254286346,126.76315546
955,0.9606561030374243,,0.0,0.9606561030374243,125.3229639
960,0.9601656505281725,,0.0,0.9601656505281725,123.93110253
965,0.9596820061217122,,0.0,0.9596820061217122,123.08864433
970,0.9592013154036314,,0.0,0.9592013154036314,122.88707382
975,0.95872000514083,,0.0,0.95872000514083,122.97966134
980,0.958235391207929,,0.0,0.958235391207929,123.18485571
985,0.9577461154221173,,0.0,0.9577461154221173,123.36665436
990,0.9572523420312958,,0.0,0.9572523420312958,123.36168766
995,0.9567556910736302,,0.0,0.9567556910736302,123.18057442
1000,0.9562589325954327,,0.0,0.9562589325954327,122.83315611
1005,0.9557655039342179,,0.0,0.9557655039342179,122.2642047
1010,0.9552789383979321,,0.0,0.9552789383979321,121.43177229
1015,0.9548023012653062,,0.0,0.9548023012653062,120.41333397
1020,0.9543377217793781,,0.0,0.9543377217793781,119.20840793
1025,0.953886088479459,,0.0,0.953886088479459,117.90347974
1030,0.9534469451820087,,0.0,0.9534469451820087,116.52429119
1035,0.9530185927261186,,0.0,0.9530185927261186,115.20596466
1040,0.9525983706550234,,0.0,0.9525983706550234,114.35785883
1045,0.9521830682451108,,0.0,0.9521830682451108,114.06855442
1050,0.951769398810387,,0.0,0.951769398810387,114.11065734
1055,0.9513544657308879,,0.0,0.9513544657308879,114.29551345
1060,0.9509361541329933,,0.0,0.9509361541329933,114.50662575
1065,0.9505133961097715,,0.0,0.9505133961097715,114.63964719
1070,0.9500862779686743,,0.0,0.9500862779686743,114.61946647
1075,0.9496559817307278,,0.0,0.9496559817307278,114.41017618
1080,0.9492245769331298,,0.0,0.9492245769331298,113.95007558
1085,0.9487946985223819,,0.0,0.9487946985223819,113.29443431
1090,0.9483691610399702,,0.0,0.9483691610399702,112.45390255
1095,0.94795056491851,,0.0,0.94795056491851,111.48889572
1100,0.947540948682722,,0.0,0.947540948682722,110.40685638
1105,0.9471415318687255,,0.0,0.9471415318687255,109.22585445
1110,0.9467525790375092,,0.0,0.9467525790375092,107.97385415
1115,0.9463733975240237,,0.0,0.9463733975240237,106.67178016
1120,0.9460024634196892,,0.0,0.9460024634196892,105.45886567
1125,0.9456376521424341,,0.0,0.9456376521424341,104.87026254
1130,0.9452765401035214,,0.0,0.9452765401035214,104.72475545
1135,0.9449167326804134,,0.0,0.9449167326804134,104.79281649
1140,0.944556174955431,,0.0,0.944556174955431,104.97730255
1145,0.944193404840321,,0.0,0.944193404840321,105.17255611
1150,0.9438277194841184,,0.0,0.9438277194841184,105.25518675
1155,0.9434592350244587,,0.0,0.9434592350244587,105.21036747
1160,0.9430888389093048,,0.0,0.9430888389093048,105.01423277
1165,0.9427180431333525,,0.0,0.9427180431333525,104.69300332
1170,0.9423487623533033,,0.0,0.9423487623533033,104.2095199
1175,0.9419830486447843,,0.0,0.9419830486447843,103.60898025
1180,0.9416228184834112,,0.0,0.9416228184834112,102.89245589
1185,0.9412696060546258,,0.0,0.9412696060546258,102.03816304
1190,0.9409243732909044,,0.0,0.9409243732909044,101.09957154
1195,0.9405873991908623,,0.0,0.9405873991908623,100.01572367
1200,0.940258257196515,,0.0,0.940258257196515,98.797121765
1205,0.9399358803785978,,0.0,0.9399358803785978,97.547491584
1210,0.9396187030844618,,0.0,0.9396187030844618,96.305119283
1215,0.9393048597680738,,0.0,0.9393048597680738,95.315112665
1220,0.9389924154691083,,0.0,0.9389924154691083,94.895864195
1225,0.9386796008393268,,0.0,0.9386796008393268,94.820444012
1230,0.9383650244780073,,0.0,0.9383650244780073,94.910476083
1235,0.9380478389987601,,0.0,0.9380478389987601,95.07509706
1240,0.9377278425021716,,0.0,0.9377278425021716,95.216234733
1245,0.9374055051546799,,0.0,0.9374055051546799,95.295589352
1250,0.9370819182135209,,0.0,0.9370819182135209,95.273644566
1255,0.936758671704785,,0.0,0.936758671704785,95.184254807
1260,0.9364376749875885,,0.0,0.9364376749875885,94.97426862
1265,0.9361209400305123,,0.0,0.9361209400305123,94.653078021
1270,0.9358103512053462,,0.0,0.9358103512053462,94.246859957
1275,0.9355074472902895,,0.0,0.9355074472902895,93.711779591
1280,0.9352132388964944,,0.0,0.9352132388964944,93.096783191
1285,0.9349280823264055,,0.0,0.9349280823264055,92.343801574
1290,0.9346516240286848,,0.0,0.9346516240286848,91.469197517
1295,0.9343828218112924,,0.0,0.9343828218112924,90.539152227
1300,0.9341200408573892,,0.0,0.9341200408573892,89.488754227
1305,0.9338612139034194,,0.0,0.9338612139034194,88.361634904
1310,0.9336040480723269,,0.0,0.9336040480723269,87.207686404
1315,0.9333462558528514,,0.0,0.9333462558528514,86.056651898
1320,0.9330857851693655,,0.0,0.9330857851693655,85.060493706
1325,0.9328210245780708,,0.0,0.9328210245780708,84.581308875
1330,0.9325509628994046,,0.0,0.9325509628994046,84.450833384
1335,0.9322752886671429,,0.0,0.9322752886671429,84.520824504
1340,0.9319944207998327,,0.0,0.9319944207998327,84.680000313
1345,0.9317094703353951,,0.0,0.9317094703353951,84.851270804
1350,0.9314221388447995,,0.0,0.9314221388447995,84.980864402
1355,0.9311345650066984,,0.0,0.9311345650066984,85.078844991
1360,0.9308491345309524,,0.0,0.9308491345309524,85.127651187
1365,0.930568271529236,,0.0,0.930568271529236,85.070845169
1370,0.9302942293172337,,0.0,0.9302942293172337,84.928482689
1375,0.9300288979963132,,0.0,0.9300288979963132,84.660016967
1380,0.9297736447301719,,0.0,0.9297736447301719,84.319050103
1385,0.9295291986303407,,0.0,0.9295291986303407,83.868917628
1390,0.9292955886175461,,0.0,0.9292955886175461,83.301199368
1395,0.9290721385106446,,0.0,0.9290721385106446,82.663818903
1400,0.9288575180471488,,0.0,0.9288575180471488,81.939083381
1405,0.9286498453108023,,0.0,0.9286498453108023,81.139689869
1410,0.9284468306076481,,0.0,0.9284468306076481,80.262360937
1415,0.9282459519457216,,0.0,0.9282459519457216,79.380586784
1420,0.9280446461574005,,0.0,0.9280446461574005,78.468504309
1425,0.9278405014768868,,0.0,0.9278405014768868,77.522323173
1430,0.9276314375444462,,0.0,0.9276314375444462,76.545567749
1435,0.9274158587635652,,0.0,0.9274158587635652,75.561331729
1440,0.9271927703931129,,0.0,0.9271927703931129,74.63690369
1445,0.9269618489392993,,0.0,0.9269618489392993,74.122387686
1450,0.9267234619363608,,0.0,0.9267234619363608,73.912056347
1455,0.9264786368431372,,0.0,0.9264786368431372,73.883749964
1460,0.9262289813519179,,0.0,0.9262289813519179,73.996495279
1465,0.925976562953623,,0.0,0.925976562953623,74.189651236
1470,0.9257237564901039,,0.0,0.9257237564901039,74.391436289
1475,0.9254730724259603,,0.0,0.9254730724259603,74.588061729
1480,0.9252269786404761,,0.0,0.9252269786404761,74.748057605
1485,0.9249877292223737,,0.0,0.9249877292223737,74.828543413
1490,0.9247572124768441,,0.0,0.9247572124768441,74.816536349
1495,0.9245368288991767,,0.0,0.9245368288991767,74.694925853
1500,0.9243274061405488,,0.0,0.9243274061405488,74.501325102
1505,0.9231081134597506,,0.0,0.9231081134597506,132.72821944
1510,0.9214100677723037,,0.0,0.9214100677723037,120.33631682
1515,0.9198304972973316,,0.0,0.9198304972973316,109.9192747
1520,0.9186630449056435,,0.0,0.9186630449056435,103.26753221
1525,0.9179450743800905,,0.0,0.9179450743800905,99.322315855
1530,0.9175478425133621,,0.0,0.9175478425133621,94.111958225
1535,0.9172709361717403,,0.0,0.9172709361717403,91.695419494
1540,0.9169806781627876,,0.0,0.9169806781627876,91.018060778
1545,0.9166520337095291,,0.0,0.9166520337095291,91.384957767
1550,0.9163105550926053,,0.0,0.9163105550926053,91.387270487
1555,0.9159771949238558,,0.0,0.9159771949238558,92.853518085
1560,0.9156684688936165,,0.0,0.9156684688936165,95.137238381
1565,0.9153694229853261,,0.0,0.9153694229853261,97.588305818
1570,0.9150600001292732,,0.0,0.9150600001292732,99.777897466
1575,0.9147214685844307,,0.0,0.9147214685844307,100.45396115
1580,0.9143376787395681,,0.0,0.9143376787395681,100.67146065
1585,0.9139165923661863,,0.0,0.9139165923661863,100.31511385
1590,0.9134774330850325,,0.0,0.9134774330850325,99.695716997
1595,0.9130406342763125,,0.0,0.9130406342763125,98.448537938
1600,0.9126130530398039,,0.0,0.9126130530398039,97.58185078
1605,0.9121843391657745,,0.0,0.9121843391657745,97.328638375
1610,0.9117458263719994,,0.0,0.9117458263719994,97.202820209
1615,0.9112903261299007,,0.0,0.9112903261299007,96.240190959
1620,0.9108134632700927,,0.0,0.9108134632700927,95.261105023
1625,0.910317547585528,,0.0,0.910317547585528,94.383859666
1630,0.9098111106451402,,0.0,0.9098111106451402,93.066486072
1635,0.9093100613042039,,0.0,0.9093100613042039,93.122530647
1640,0.9088304529079454,,0.0,0.9088304529079454,93.371772618
1645,0.9083898502051398,,0.0,0.9083898502051398,94.286781046
1650,0.9080068058647671,,0.0,0.9080068058647671,94.854599972
1655,0.9076907445650921,,0.0,0.9076907445650921,95.31976203
1660,0.907425745627902,,0.0,0.907425745627902,95.069561051
1665,0.9071488055681687,,0.0,0.9071488055681687,94.535964457
1670,0.9067573163073605,,0.0,0.9067573163073605,94.695530913
1675,0.9061500353163573,,0.0,0.9061500353163573,95.68760425
1680,0.9052487304830839,,0.0,0.9052487304830839,96.946379736
1685,0.9040240754402609,,0.0,0.9040240754402609,99.396530665
1690,0.9025403348848947,,0.0,0.9025403348848947,101.7047107
1695,0.901062990471118,,0.0,0.901062990471118,103.44165751
1700,0.9000241955704353,,0.0,0.9000241955704353,104.60819167
1705,0.9000568583482591,,0.0,0.9000568583482591,105.43607734
1710,0.901812641674814,,0.0,0.901812641674814,105.91047626
1715,0.90564295811837,,0.0,0.90564295811837,105.49961371
1720,0.9113881000134546,,0.0,0.9113881000134546,104.6548875
1725,0.9184563407635442,,0.0,0.9184563407635442,104.35774977
1730,0.9259123276775447,,0.0,0.9259123276775447,103.48280064
1735,0.9327520482126564,,0.0,0.9327520482126564,102.09073495
1740,0.9381969965331559,,0.0,0.9381969965331559,99.947338752
1745,0.9418781919342709,,0.0,0.9418781919342709,98.17388552
1750,0.943688154832026,,0.0,0.943688154832026,97.165175638
1755,0.9436157063878459,,0.0,0.9436157063878459,96.537094588
1760,0.9418195894472023,,0.0,0.9418195894472023,96.355358385
1765,0.9385362513690056,,0.0,0.9385362513690056,96.567686137
1770,0.9340847790111355,,0.0,0.9340847790111355,96.543707608
1775,0.9289269347942907,,0.0,0.9289269347942907,96.160326394
1780,0.9235216423151867,,0.0,0.9235216423151867,95.889338151
1785,0.9184332494730523,,0.0,0.9184332494730523,95.861523821
1790,0.9141311059002968,,0.0,0.9141311059002968,96.472766465
1795,0.9109017792574712,,0.0,0.9109017792574712,97.556227419
1800,0.9088189181761813,,0.0,0.9088189181761813,98.371179675
1805,0.9077558330480838,,0.0,0.9077558330480838,98.927991224
1810,0.907443569071669,,0.0,0.907443569071669,99.303956098
1815,0.9075989408108179,,0.0,0.9075989408108179,99.413342793
1820,0.9079480552044463,,0.0,0.9079480552044463,100.02715568
1825,0.9083462020756791,,0.0,0.9083462020756791,99.594500873
1830,0.9086640953851675,,0.0,0.9086640953851675,98.802277496
1835,0.9088018796618572,,0.0,0.9088018796618572,98.319279803
1840,0.9087013278651902,,0.0,0.9087013278651902,97.958376231
1845,0.9083188301311013,,0.0,0.9083188301311013,98.296078981
1850,0.9076494429933758,,0.0,0.9076494429933758,98.991200762
1855,0.9067483093880846,,0.0,0.9067483093880846,99.571507956
1860,0.9057358480141852,,0.0,0.9057358480141852,100.16662161
1865,0.9047240566598598,,0.0,0.9047240566598598,100.37294574
1870,0.9037520539503617,,0.0,0.9037520539503617,100.37833251
1875,0.9028516009598164,,0.0,0.9028516009598164,99.740865948
1880,0.9021191675471198,,0.0,0.9021191675471198,99.60766767
1885,0.9016807795535566,,0.0,0.9016807795535566,99.215895515
1890,0.9016233172070275,,0.0,0.9016233172070275,98.405166615
1895,0.9019472475363445,,0.0,0.9019472475363445,97.732886002
1900,0.9025691232857297,,0.0,0.9025691232857297,96.588759757
1905,0.9033549650047723,,0.0,0.9033549650047723,95.791148618
1910,0.9042004224367242,,0.0,0.9042004224367242,95.62052185
1915,0.9050958454035023,,0.0,0.9050958454035023,94.996893591
1920,0.9059732102866545,,0.0,0.9059732102866545,93.511616396
1925,0.9067612388400879,,0.0,0.9067612388400879,91.615093908
1930,0.9074376281586897,,0.0,0.9074376281586897,90.41672393
1935,0.9079489580677021,,0.0,0.9079489580677021,89.643000157
1940,0.9082355742250378,,0.0,0.9082355742250378,88.252553357
1945,0.9082770185814744,,0.0,0.9082770185814744,86.859546193
1950,0.9081127173405612,,0.0,0.9081127173405612,85.957446338
1955,0.9078140211866265,,0.0,0.9078140211866265,85.51602107
1960,0.9074566410128191,,0.0,0.9074566410128191,85.685241569
1965,0.9070798809508471,,0.0,0.9070798809508471,85.723231821
1970,0.9067143688461684,,0.0,0.9067143688461684,86.198965773
1975,0.9063566902795793,,0.0,0.9063566902795793,86.687372001
1980,0.9060019468711872,,0.0,0.9060019468711872,86.416052561
1985,0.9056671730200239,,0.0,0.9056671730200239,86.614411441
1990,0.9053802595839908,,0.0,0.9053802595839908,87.123994873
1995,0.9051570132863622,,0.0,0.9051570132863622,87.264604126
2000,0.905000278885327,,0.0,0.905000278885327,86.749151
2005,0.9048706174449407,,0.0,0.9048706174449407,86.946131777
2010,0.9047005970393568,,0.0,0.9047005970393568,86.963181882
2015,0.9044468060433597,,0.0,0.9044468060433597,86.546137955
2020,0.9041527210628547,,0.0,0.9041527210628547,85.547238128
2025,0.9038867001008293,,0.0,0.9038867001008293,84.996535886
2030,0.9037243185413668,,0.0,0.9037243185413668,84.278629288
2035,0.9037172782769862,,0.0,0.9037172782769862,83.716009909
2040,0.9038412535659843,,0.0,0.9038412535659843,83.762040882
2045,0.9040049262585543,,0.0,0.9040049262585543,83.436155602
2050,0.9041284916098918,,0.0,0.9041284916098918,83.759137176
2055,0.9041625827351206,,0.0,0.9041625827351206,84.137612886
2060,0.9040851722035977,,0.0,0.9040851722035977,84.902229881
2065,0.9039090299940735,,0.0,0.9039090299940735,85.792920866
2070,0.9037180430392242,,0.0,0.9037180430392242,86.721038877
2075,0.9035995339722196,,0.0,0.9035995339722196,86.958067832
2080,0.9036175849848187,,0.0,0.9036175849848187,87.144640119
2085,0.9037937119382049,,0.0,0.9037937119382049,87.044684882
2090,0.9041102037747374,,0.0,0.9041102037747374,86.48089019
2095,0.904505385475698,,0.0,0.904505385475698,85.509155649
2100,0.9048972150097747,,0.0,0.9048972150097747,84.974250879
2105,0.9051955392186074,,0.0,0.9051955392186074,84.413426368
2110,0.9053943887004824,,0.0,0.9053943887004824,84.554226854
2115,0.9054953003010029,,0.0,0.9054953003010029,84.247760993
2120,0.9055059929212268,,0.0,0.9055059929212268,83.480681228
2125,0.9054158617489859,,0.0,0.9054158617489859,83.503813743
2130,0.9051856976226007,,0.0,0.9051856976226007,83.1421242
2135,0.9048510610084712,,0.0,0.9048510610084712,82.167887722
2140,0.9044840850875715,,0.0,0.9044840850875715,81.456835508
2145,0.9041410423413399,,0.0,0.9041410423413399,80.934877444
2150,0.9038790843549109,,0.0,0.9038790843549109,80.43993641
2155,0.9037458575936987,,0.0,0.9037458575936987,79.790660053
2160,0.9037376056372637,,0.0,0.9037376056372637,78.850760438
2165,0.9038660539986737,,0.0,0.9038660539986737,78.461272095
2170,0.9041071848555675,,0.0,0.9041071848555675,78.470604455
2175,0.9044148203334001,,0.0,0.9044148203334001,78.487053335
2180,0.9047291582124056,,0.0,0.9047291582124056,77.869306142
2185,0.90496057916264,,0.0,0.90496057916264,77.29725381
2190,0.9050196374239928,,0.0,0.9050196374239928,76.593650657
2195,0.9048621138190677,,0.0,0.9048621138190677,76.278779518
2200,0.9044958702837432,,0.0,0.9044958702837432,76.35380683
2205,0.9039812585543313,,0.0,0.9039812585543313,76.238015285
2210,0.9034071399512549,,0.0,0.9034071399512549,75.872620572
2215,0.9028745980078456,,0.0,0.9028745980078456,75.472674905
2220,0.9024872580073495,,0.0,0.9024872580073495,74.791655554
2225,0.9023293726887116,,0.0,0.9023293726887116,73.992339657
2230,0.90238821775065,,0.0,0.90238821775065,73.307705058
2235,0.9026147838157639,,0.0,0.9026147838157639,73.168448056
2240,0.9029513788542044,,0.0,0.9029513788542044,73.359018431
2245,0.9033388435639667,,0.0,0.9033388435639667,73.314469016
2250,0.9037120938274515,,0.0,0.9037120938274515,72.970202801
2255,0.9040197770062942,,0.0,0.9040197770062942,72.660765658
2260,0.9042600003162297,,0.0,0.9042600003162297,72.658948325
2265,0.9044450456077977,,0.0,0.9044450456077977,72.722142981
2270,0.9045944711363814,,0.0,0.9045944711363814,72.174471899
2275,0.9047061586178974,,0.0,0.9047061586178974,71.3073191
2280,0.904761079237249,,0.0,0.904761079237249,71.003494254
2285,0.9047184830764892,,0.0,0.9047184830764892,70.332654557
2290,0.9045106945890262,,0.0,0.9045106945890262,69.506224537
2295,0.9040913471880255,,0.0,0.9040913471880255,68.781059646
2300,0.9034803632981164,,0.0,0.9034803632981164,68.512930313
2305,0.9027569448079157,,0.0,0.9027569448079157,67.944813774
2310,0.9020155155713163,,0.0,0.9020155155713163,67.606668656
2315,0.9013312817101974,,0.0,0.9013312817101974,66.927731953
2320,0.9007528825667173,,0.0,0.9007528825667173,67.25357872
2325,0.9002749655327754,,0.0,0.9002749655327754,66.371734602
2330,0.8998362607071935,,0.0,0.8998362607071935,66.126650994
2335,0.8993576665826507,,0.0,0.8993576665826507,65.871085029
2340,0.898798455227319,,0.0,0.898798455227319,65.105026921
2345,0.8981911358572382,,0.0,0.8981911358572382,64.345366288
2350,0.8976208141454298,,0.0,0.8976208141454298,64.342292372
2355,0.8971715381121091,,0.0,0.8971715381121091,64.695079728
2360,0.8968753022434939,,0.0,0.8968753022434939,64.613008993
2365,0.8967323617331672,,0.0,0.8967323617331672,65.010688143
2370,0.8967330518290003,,0.0,0.8967330518290003,64.807137195
2375,0.8968579369385988,,0.0,0.8968579369385988,64.623522543
2380,0.8970618811520935,,0.0,0.8970618811520935,64.401562271
2385,0.8973316196325433,,0.0,0.8973316196325433,64.434062204
2390,0.8976840448355072,,0.0,0.8976840448355072,64.357723281
2395,0.8981370921588866,,0.0,0.8981370921588866,63.969232382
2400,0.8986937329799961,,0.0,0.8986937329799961,64.442086968
2405,0.899315961462208,,0.0,0.899315961462208,65.1325253
2410,0.8999233673216321,,0.0,0.8999233673216321,65.636662329
2415,0.9004529869301856,,0.0,0.9004529869301856,65.57184288
2420,0.9008601524526871,,0.0,0.9008601524526871,65.649439955
2425,0.9011352281032078,,0.0,0.9011352281032078,66.061984772
2430,0.9012878271358838,,0.0,0.9012878271358838,66.263373226
2435,0.9013621228914883,,0.0,0.9013621228914883,65.877581317
2440,0.9014020482504117,,0.0,0.9014020482504117,65.543370754
2445,0.9014165290765911,,0.0,0.9014165290765911,65.152789233
2450,0.9013854686252615,,0.0,0.9013854686252615,64.358739853
2455,0.9013110164203478,,0.0,0.9013110164203478,63.35740011
2460,0.9012348356790703,,0.0,0.9012348356790703,62.334279408
2465,0.9011712595318206,,0.0,0.9011712595318206,62.130675008
2470,0.9010993110387897,,0.0,0.9010993110387897,61.796653732
2475,0.9009922173828148,,0.0,0.9009922173828148,61.026296984
2480,0.9008463283225394,,0.0,0.9008463283225394,60.741907844
2485,0.9006759302422755,,0.0,0.9006759302422755,60.912753679
2490,0.9004944730306903,,0.0,0.9004944730306903,60.968112869
2495,0.9003478765721658,,0.0,0.9003478765721658,60.47635173
2500,0.9002636034841245,,0.0,0.9002636034841245,59.498756516
2505,0.900251061324307,,0.0,0.900251061324307,58.979231877
2510,0.9002967901545481,,0.0,0.9002967901545481,59.064565597
2515,0.9003633550952105,,0.0,0.9003633550952105,58.788199879
2520,0.9004073707816442,,0.0,0.9004073707816442,58.304125117
2525,0.9004041415278489,,0.0,0.9004041415278489,57.662561256
2530,0.9003446899946316,,0.0,0.9003446899946316,57.354394688
2535,0.9002166654400986,,0.0,0.9002166654400986,57.533237202
2540,0.8999994749425817,,0.0,0.8999994749425817,57.622304939
2545,0.8996819236798023,,0.0,0.8996819236798023,57.265250378
2550,0.8992834174367083,,0.0,0.8992834174367083,57.220694223
2555,0.8988651815056208,,0.0,0.8988651815056208,57.338918606
2560,0.8985005432070523,,0.0,0.8985005432070523,57.065698343
2565,0.8982425177801123,,0.0,0.8982425177801123,56.442564547
2570,0.8981220099089138,,0.0,0.8981220099089138,55.979354964
2575,0.8981248552127771,,0.0,0.8981248552127771,55.829985898
2580,0.898204300676666,,0.0,0.898204300676666,55.65193874
2585,0.898323486811535,,0.0,0.898323486811535,55.279484259
2590,0.8984691694251127,,0.0,0.8984691694251127,55.298075096
2595,0.8986298163775868,,0.0,0.8986298163775868,55.338924059
2600,0.8988090935302344,,0.0,0.8988090935302344,55.318599226
2605,0.8990254749294935,,0.0,0.8990254749294935,54.820180311
2610,0.8992912218494433,,0.0,0.8992912218494433,54.134771522
2615,0.8995888121948336,,0.0,0.8995888121948336,53.872884418
2620,0.8998667868981155,,0.0,0.8998667868981155,54.311567099
2625,0.9000699095992668,,0.0,0.9000699095992668,54.541474574
2630,0.9001498962809078,,0.0,0.9001498962809078,55.443776037
2635,0.900092514375834,,0.0,0.900092514375834,54.799169337
2640,0.8998935864533086,,0.0,0.8998935864533086,54.557258403
2645,0.8995611518614989,,0.0,0.8995611518614989,54.511029957
2650,0.8991570599619948,,0.0,0.8991570599619948,54.484840375
2655,0.8987575636614725,,0.0,0.8987575636614725,54.492062806
2660,0.8984214861266975,,0.0,0.8984214861266975,54.308839217
2665,0.8981775978194689,,0.0,0.8981775978194689,54.243218083
2670,0.8980514868984988,,0.0,0.8980514868984988,54.287075905
2675,0.8980540872629047,,0.0,0.8980540872629047,54.319878393
2680,0.8981660597909238,,0.0,0.8981660597909238,54.061030783
2685,0.8983625299291359,,0.0,0.8983625299291359,53.46775246
2690,0.8985907425203453,,0.0,0.8985907425203453,53.02192457
2695,0.8988039599648086,,0.0,0.8988039599648086,52.974682696
2700,0.8989639965126031,,0.0,0.8989639965126031,52.41705323
2705,0.8990544070699784,,0.0,0.8990544070699784,51.720515661
2710,0.899058777214615,,0.0,0.899058777214615,51.08495868
2715,0.8989780044439736,,0.0,0.8989780044439736,50.722496256
2720,0.8988011107502809,,0.0,0.8988011107502809,50.958999484
2725,0.8985471125800208,,0.0,0.8985471125800208,50.835171504
2730,0.8982675317305261,,0.0,0.8982675317305261,50.627228512
2735,0.8980434133547549,,0.0,0.8980434133547549,50.449135201
2740,0.8979443632077124,,0.0,0.8979443632077124,50.246131734
2745,0.898005617056978,,0.0,0.898005617056978,49.822857045
2750,0.89820378781123,,0.0,0.89820378781123,49.681630281
2755,0.8984760837979332,,0.0,0.8984760837979332,49.548284662
2760,0.8987419842114575,,0.0,0.8987419842114575,49.376714594
2765,0.8989360726186826,,0.0,0.8989360726186826,49.172954244
2770,0.899005152321128,,0.0,0.899005152321128,48.937262389
2775,0.8989089192393146,,0.0,0.8989089192393146,49.67229027
2780,0.8986557033383362,,0.0,0.8986557033383362,49.66928704
2785,0.8982886612317166,,0.0,0.8982886612317166,49.317601781
2790,0.8978368053422413,,0.0,0.8978368053422413,49.271841616
2795,0.8973264829749643,,0.0,0.8973264829749643,49.335140231
2800,0.8967889121218724,,0.0,0.8967889121218724,49.026868252
2805,0.8962609228510833,,0.0,0.8962609228510833,48.388166674
2810,0.895774507306963,,0.0,0.895774507306963,48.170363249
2815,0.8953552499649237,,0.0,0.8953552499649237,47.979709386
2820,0.8950444536244484,,0.0,0.8950444536244484,47.923903593
2825,0.8948761952005029,,0.0,0.8948761952005029,47.457335824
2830,0.8948559198838919,,0.0,0.8948559198838919,46.978888136
2835,0.8949749689636185,,0.0,0.8949749689636185,46.793173217
2840,0.895192640563792,,0.0,0.895192640563792,47.387345273
2845,0.8954443313284236,,0.0,0.8954443313284236,48.045419434
2850,0.8956681579277112,,0.0,0.8956681579277112,48.393192059
2855,0.8958353588125325,,0.0,0.8958353588125325,48.769805377
2860,0.8959456477540907,,0.0,0.8959456477540907,48.918521604
2865,0.8960258625957109,,0.0,0.8960258625957109,48.607217073
2870,0.8960803173685441,,0.0,0.8960803173685441,48.443704455
2875,0.8960885295589799,,0.0,0.8960885295589799,48.407309603
2880,0.8960428607074159,,0.0,0.8960428607074159,48.4081055
2885,0.8959357135981164,,0.0,0.8959357135981164,48.200809508
2890,0.8957638156416688,,0.0,0.8957638156416688,48.307747504
2895,0.8955212837892838,,0.0,0.8955212837892838,48.891352035
2900,0.8951976284114992,,0.0,0.8951976284114992,49.113158754
2905,0.894822379207402,,0.0,0.894822379207402,49.118082352
2910,0.8944562948042842,,0.0,0.8944562948042842,49.046001463
2915,0.89417010452284,,0.0,0.89417010452284,49.277328936
2920,0.894028268206772,,0.0,0.894028268206772,49.416513216
2925,0.8940665813715947,,0.0,0.8940665813715947,49.402042676
2930,0.8942632219192781,,0.0,0.8942632219192781,49.315904455
2935,0.8945547813382004,,0.0,0.8945547813382004,49.145612253
2940,0.8948751073537304,,0.0,0.8948751073537304,48.706544662
2945,0.89514520013582,,0.0,0.89514520013582,48.206932811
2950,0.8953272839631526,,0.0,0.8953272839631526,47.800090271
2955,0.8954494988393251,,0.0,0.8954494988393251,47.187448456
2960,0.895547898451906,,0.0,0.895547898451906,45.862654425
2965,0.8956522539835036,,0.0,0.8956522539835036,45.448835178
2970,0.8957610363416341,,0.0,0.8957610363416341,45.662015943
2975,0.8958791436788259,,0.0,0.8958791436788259,45.835054133
2980,0.8959805039143947,,0.0,0.8959805039143947,45.27264604
2985,0.8960454555241352,,0.0,0.8960454555241352,44.791492227
2990,0.8960988889087529,,0.0,0.8960988889087529,45.150215265
2995,0.8961612433599229,,0.0,0.8961612433599229,45.617125639
3000,0.8962493652464801,,0.0,0.8962493652464801,45.69552429
3005,0.8963755060885795,,0.0,0.8963755060885795,45.340622434
3010,0.8965422559965015,,0.0,0.8965422559965015,44.806002205
3015,0.896738457663061,,0.0,0.896738457663061,44.477451195
3020,0.8969467953942326,,0.0,0.8969467953942326,43.927980647
3025,0.8971560686154233,,0.0,0.8971560686154233,43.234720423
3030,0.8973445169807209,,0.0,0.8973445169807209,42.748189035
3035,0.8974934002684134,,0.0,0.8974934002684134,43.131581688
3040,0.8975936930290423,,0.0,0.8975936930290423,42.378428056
3045,0.8976548358563671,,0.0,0.8976548358563671,41.983718377
3050,0.8976862412191948,,0.0,0.8976862412191948,41.47540715
3055,0.8976435683002795,,0.0,0.8976435683002795,41.17620496
3060,0.8975245247909759,,0.0,0.8975245247909759,41.042023986
3065,0.8973715950798009,,0.0,0.8973715950798009,40.900440726
3070,0.8972195242369081,,0.0,0.8972195242369081,40.714006648
3075,0.8970792314054783,,0.0,0.8970792314054783,40.383766255
3080,0.896945135771959,,0.0,0.896945135771959,40.167126349
3085,0.8968323281579534,,0.0,0.8968323281579534,40.333473439
3090,0.8967549801970596,,0.0,0.8967549801970596,40.851373383
3095,0.8966997469746633,,0.0,0.8966997469746633,41.267476773
3100,0.8966659497631415,,0.0,0.8966659497631415,41.710695179
3105,0.8966587628261128,,0.0,0.8966587628261128,42.084221791
3110,0.896685170382681,,0.0,0.896685170382681,42.133899425
3115,0.896726649957833,,0.0,0.896726649957833,42.084600843
3120,0.8967334471016697,,0.0,0.8967334471016697,42.148432576
3125,0.8966681423725833,,0.0,0.8966681423725833,41.93100511
3130,0.8965289631710266,,0.0,0.8965289631710266,41.843843146
3135,0.8963328271899857,,0.0,0.8963328271899857,41.677204177
3140,0.896109835221956,,0.0,0.896109835221956,41.975400571
3145,0.8959038326575822,,0.0,0.8959038326575822,41.89831608
3150,0.8957639640422851,,0.0,0.8957639640422851,41.732782076
3155,0.8957192439133368,,0.0,0.8957192439133368,41.559942484
3160,0.8957136327466632,,0.0,0.8957136327466632,40.894071298
3165,0.8957006458169889,,0.0,0.8957006458169889,40.704482322
3170,0.8956779343838733,,0.0,0.8956779343838733,40.172532563
3175,0.8956525274571686,,0.0,0.8956525274571686,39.653911227
3180,0.8956391536445641,,0.0,0.8956391536445641,39.392721639
3185,0.8956389752091365,,0.0,0.8956389752091365,39.670752617
3190,0.8956559301671155,,0.0,0.8956559301671155,39.484163876
3195,0.8956803398062103,,0.0,0.8956803398062103,39.412286123
3200,0.8956958804451557,,0.0,0.8956958804451557,39.068992858
3205,0.8956849159655527,,0.0,0.8956849159655527,38.763522387
3210,0.8956318557310673,,0.0,0.8956318557310673,38.765355326
3215,0.8955289137454648,,0.0,0.8955289137454648,38.919080657
3220,0.895377310454322,,0.0,0.895377310454322,38.945852853
3225,0.8951764711264029,,0.0,0.8951764711264029,39.190494726
3230,0.8949668539941166,,0.0,0.8949668539941166,39.636372899
3235,0.894798087229283,,0.0,0.894798087229283,39.580200281
3240,0.8946706290617196,,0.0,0.8946706290617196,39.280845807
3245,0.8945839387284027,,0.0,0.8945839387284027,39.321586071
3250,0.8945522754890942,,0.0,0.8945522754890942,39.823285078
3255,0.8945960472819459,,0.0,0.8945960472819459,39.390969408
3260,0.8946704781600971,,0.0,0.8946704781600971,38.486722867
3265,0.8946705846120176,,0.0,0.8946705846120176,37.525823884
3270,0.8945582134690754,,0.0,0.8945582134690754,37.188121426
3275,0.8943622669278896,,0.0,0.8943622669278896,37.110388202
3280,0.8941326938802266,,0.0,0.8941326938802266,37.33669915
3285,0.8939101900858802,,0.0,0.8939101900858802,37.450377629
3290,0.8937297665174412,,0.0,0.8937297665174412,37.13637327
3295,0.8936056860952349,,0.0,0.8936056860952349,36.936746827
3300,0.8935404722663574,,0.0,0.8935404722663574,36.930662428
3305,0.8935391332048755,,0.0,0.8935391332048755,37.002408659
3310,0.8936171728531521,,0.0,0.8936171728531521,36.843023926
3315,0.8937591684378453,,0.0,0.8937591684378453,36.463306997
3320,0.8939468394904008,,0.0,0.8939468394904008,36.77853179
3325,0.8941461588431406,,0.0,0.8941461588431406,36.811895207
3330,0.8942920150038156,,0.0,0.8942920150038156,36.72187272
3335,0.8943462820420252,,0.0,0.8943462820420252,36.795354034
3340,0.8942991722243427,,0.0,0.8942991722243427,36.908622806
3345,0.8941689728175125,,0.0,0.8941689728175125,37.265382869
3350,0.8940045232669288,,0.0,0.8940045232669288,37.331217557
3355,0.8938618769204096,,0.0,0.8938618769204096,37.21204594
3360,0.8937907804747348,,0.0,0.8937907804747348,36.985306092
3365,0.8938150446234752,,0.0,0.8938150446234752,36.802540041
3370,0.8939160981674685,,0.0,0.8939160981674685,36.598516712
3375,0.89403976626469,,0.0,0.89403976626469,36.591363477
3380,0.8941364734690788,,0.0,0.8941364734690788,36.565003905
3385,0.8941883565253959,,0.0,0.8941883565253959,36.823099791
3390,0.894178660988154,,0.0,0.894178660988154,37.0919582
3395,0.8940883741623787,,0.0,0.8940883741623787,36.929981554
3400,0.8939066330638479,,0.0,0.8939066330638479,36.526278687
3405,0.8936263668704318,,0.0,0.8936263668704318,36.263522252
3410,0.8932617634495322,,0.0,0.8932617634495322,36.380208647
3415,0.8928678646056221,,0.0,0.8928678646056221,36.616486496
3420,0.8924894867109172,,0.0,0.8924894867109172,36.739075568
3425,0.8921678309558376,,0.0,0.8921678309558376,36.800930071
3430,0.8919403817626811,,0.0,0.8919403817626811,37.2321538
3435,0.8918011808933157,,0.0,0.8918011808933157,37.479644655
3440,0.8917127405831903,,0.0,0.8917127405831903,37.755880045
3445,0.8916814136155402,,0.0,0.8916814136155402,37.745704601
3450,0.8917536706872693,,0.0,0.8917536706872693,37.878957917
3455,0.8919544045409341,,0.0,0.8919544045409341,37.079831998
3460,0.8922569446960001,,0.0,0.8922569446960001,36.537755514
3465,0.8925840112871529,,0.0,0.8925840112871529,36.147349775
3470,0.8928482036953007,,0.0,0.8928482036953007,35.841666097
3475,0.8930088994401332,,0.0,0.8930088994401332,35.403121224
3480,0.8930929623527039,,0.0,0.8930929623527039,35.22184657
3485,0.8931604178107456,,0.0,0.8931604178107456,34.505984866
3490,0.8932510430226662,,0.0,0.8932510430226662,34.724515799
3495,0.8933674451737978,,0.0,0.8933674451737978,33.616040846
3500,0.8934740309208766,,0.0,0.8934740309208766,33.071611503
3505,0.893534987218608,,0.0,0.893534987218608,32.824578815
3510,0.893562908384158,,0.0,0.893562908384158,32.795880694
3515,0.8935830788858706,,0.0,0.8935830788858706,33.080356448
3520,0.89361215435675,,0.0,0.89361215435675,33.201122038
3525,0.8936371934309084,,0.0,0.8936371934309084,33.611059351
3530,0.8936423341583067,,0.0,0.8936423341583067,33.567857426
3535,0.8936081069328652,,0.0,0.8936081069328652,33.899024869
3540,0.8935386274332028,,0.0,0.8935386274332028,34.27801421
3545,0.8934544550902405,,0.0,0.8934544550902405,34.316525089
3550,0.89337554966181,,0.0,0.89337554966181,34.734665089
3555,0.8933235206604101,,0.0,0.8933235206604101,34.858465132
3560,0.8932977074566085,,0.0,0.8932977074566085,34.89916713
3565,0.8932758808795037,,0.0,0.8932758808795037,35.368096332
3570,0.8932260891646118,,0.0,0.8932260891646118,35.74027024
3575,0.893131837675522,,0.0,0.893131837675522,35.68216751
3580,0.8930139453339218,,0.0,0.8930139453339218,35.384003465
3585,0.8928951048835891,,0.0,0.8928951048835891,35.497129169
3590,0.8927873830657902,,0.0,0.8927873830657902,35.630785496
3595,0.8926983843491786,,0.0,0.8926983843491786,35.415303868
3600,0.8926398769685566,,0.0,0.8926398769685566,34.811118476
3605,0.8926338486340407,,0.0,0.8926338486340407,35.342688344
3610,0.892692868357161,,0.0,0.892692868357161,35.051311649
3615,0.8928012188597215,,0.0,0.8928012188597215,35.129554383
3620,0.8929256692716975,,0.0,0.8929256692716975,34.611389226
3625,0.8930332640383791,,0.0,0.8930332640383791,34.433182914
3630,0.8931080749103251,,0.0,0.8931080749103251,33.690192431
3635,0.8931642851394442,,0.0,0.8931642851394442,33.165298777
3640,0.8931983503906266,,0.0,0.8931983503906266,32.552392456
3645,0.8932104099244473,,0.0,0.8932104099244473,32.719349162
3650,0.8932061440262984,,0.0,0.8932061440262984,32.096487539
3655,0.893205455385596,,0.0,0.893205455385596,31.795568118
3660,0.8932305091247456,,0.0,0.8932305091247456,31.553374447
3665,0.8933024912676788,,0.0,0.8933024912676788,31.440524816
3670,0.8934285274995077,,0.0,0.8934285274995077,31.790213042
3675,0.893604024290265,,0.0,0.893604024290265,32.177227116
3680,0.8938074002751399,,0.0,0.8938074002751399,32.063339898
3685,0.8940044839783942,,0.0,0.8940044839783942,32.271765646
3690,0.8941586038957064,,0.0,0.8941586038957064,32.619567786
3695,0.8942579451598763,,0.0,0.8942579451598763,32.716951579
3700,0.8943143615628559,,0.0,0.8943143615628559,32.35493512
3705,0.8943416465406255,,0.0,0.8943416465406255,32.31656019
3710,0.8943505645150246,,0.0,0.8943505645150246,32.312515488
3715,0.8943497344310507,,0.0,0.8943497344310507,32.114372464
3720,0.8943552852097917,,0.0,0.8943552852097917,31.743990989
3725,0.894395133719614,,0.0,0.894395133719614,31.493002148
3730,0.8944940575658409,,0.0,0.8944940575658409,31.353737954
3735,0.8946604230918389,,0.0,0.8946604230918389,31.224501032
3740,0.894887698237697,,0.0,0.894887698237697,31.204884144
3745,0.8951573038237692,,0.0,0.8951573038237692,31.145826232
3750,0.8954354492320958,,0.0,0.8954354492320958,30.973384523
3755,0.8956830483050319,,0.0,0.8956830483050319,31.250974021
3760,0.8958793794782424,,0.0,0.8958793794782424,31.266244012
3765,0.896011663155471,,0.0,0.896011663155471,31.131295093
3770,0.8960734889166565,,0.0,0.8960734889166565,30.986027196
3775,0.8960600028770808,,0.0,0.8960600028770808,30.735884998
3780,0.8959623598870993,,0.0,0.8959623598870993,30.596896351
3785,0.8957778906227433,,0.0,0.8957778906227433,30.072493066
3790,0.8955177795157468,,0.0,0.8955177795157468,30.393313335
3795,0.8952007355479803,,0.0,0.8952007355479803,30.391359113
3800,0.8948488680694098,,0.0,0.8948488680694098,29.917369759
3805,0.8944823194113231,,0.0,0.8944823194113231,29.623846103
3810,0.8941202825002995,,0.0,0.8941202825002995,29.568253216
3815,0.8937758947356438,,0.0,0.8937758947356438,29.292832879
3820,0.8934628229114742,,0.0,0.8934628229114742,29.133267746
3825,0.8931921005351663,,0.0,0.8931921005351663,29.222935128
3830,0.8929789983870912,,0.0,0.8929789983870912,29.153968391
3835,0.8928288743047258,,0.0,0.8928288743047258,28.896739335
3840,0.8927409342867958,,0.0,0.8927409342867958,28.506901942
3845,0.892706314721683,,0.0,0.892706314721683,28.537109843
3850,0.8927156217162359,,0.0,0.8927156217162359,28.471010916
3855,0.8927513146904941,,0.0,0.8927513146904941,28.355783833
3860,0.8927957457940656,,0.0,0.8927957457940656,28.09434273
3865,0.8928352911819306,,0.0,0.8928352911819306,27.834066488
3870,0.8928643670393291,,0.0,0.8928643670393291,28.069797024
3875,0.8928903997177973,,0.0,0.8928903997177973,28.402325154
3880,0.8929260532216295,,0.0,0.8929260532216295,28.367324502
3885,0.8929879973258834,,0.0,0.8929879973258834,27.756995019
3890,0.8930741621295782,,0.0,0.8930741621295782,27.401780111
3895,0.8931803481021764,,0.0,0.8931803481021764,27.492585126
3900,0.893300699910585,,0.0,0.893300699910585,27.844895103
3905,0.8934265279222756,,0.0,0.8934265279222756,27.973678655
3910,0.893543270642249,,0.0,0.893543270642249,27.778971726
3915,0.8936461767952527,,0.0,0.8936461767952527,27.797079225
3920,0.8937113310319723,,0.0,0.8937113310319723,28.397516618
3925,0.8937199417918584,,0.0,0.8937199417918584,28.95911396
3930,0.8936691609972044,,0.0,0.8936691609972044,29.052950682
3935,0.8935664177733896,,0.0,0.8935664177733896,28.542705734
3940,0.8934143484538369,,0.0,0.8934143484538369,29.254257329
3945,0.8932166362931854,,0.0,0.8932166362931854,29.362952897
3950,0.8929816502267529,,0.0,0.8929816502267529,29.443187939
3955,0.892730845341271,,0.0,0.892730845341271,29.227178923
3960,0.8924980888991728,,0.0,0.8924980888991728,29.052499569
3965,0.8923026597479705,,0.0,0.8923026597479705,28.890169827
3970,0.8921548199482942,,0.0,0.8921548199482942,28.537686243
3975,0.8920717226060269,,0.0,0.8920717226060269,28.390671781
3980,0.8920681772705146,,0.0,0.8920681772705146,28.11717254
3985,0.8921406304666064,,0.0,0.8921406304666064,27.947851947
3990,0.8922644211813433,,0.0,0.8922644211813433,27.693992482
3995,0.892412810588511,,0.0,0.892412810588511,27.45836982
4000,0.8925558262199709,,0.0,0.8925558262199709,27.640438682
4005,0.8926762851396562,,0.0,0.8926762851396562,27.519092191
4010,0.8927651980262806,,0.0,0.8927651980262806,27.428178834
4015,0.892817545792295,,0.0,0.892817545792295,27.442394813
4020,0.8928337760041359,,0.0,0.8928337760041359,27.588524453
4025,0.892812947692307,,0.0,0.892812947692307,27.660853312
4030,0.8927712996175432,,0.0,0.8927712996175432,27.345822156
4035,0.8927386990010928,,0.0,0.8927386990010928,27.381939917
4040,0.8927448337875292,,0.0,0.8927448337875292,27.654304458
4045,0.8928019225291978,,0.0,0.8928019225291978,27.636952989
4050,0.892912418531337,,0.0,0.892912418531337,27.313659539
4055,0.8930615548071797,,0.0,0.8930615548071797,27.225801885
4060,0.8932282798414577,,0.0,0.8932282798414577,27.261388209
4065,0.893403927943093,,0.0,0.893403927943093,27.041246569
4070,0.8935741443820939,,0.0,0.8935741443820939,26.916437925
4075,0.8937131555387672,,0.0,0.8937131555387672,26.973664441
4080,0.8937967091555199,,0.0,0.8937967091555199,27.306777536
4085,0.8938133644474774,,0.0,0.8938133644474774,27.946524452
4090,0.8937731604537215,,0.0,0.8937731604537215,27.785390772
4095,0.8936892155659093,,0.0,0.8936892155659093,27.944348127
4100,0.8935800116063346,,0.0,0.8935800116063346,28.002949449
4105,0.89345467461038,,0.0,0.89345467461038,28.190992374
4110,0.8933217862125767,,0.0,0.8933217862125767,28.137888617
4115,0.8931822164902626,,0.0,0.8931822164902626,27.979986523
4120,0.8930336355969619,,0.0,0.8930336355969619,27.797693858
4125,0.8928833009298706,,0.0,0.8928833009298706,27.664775225
4130,0.892745620922405,,0.0,0.892745620922405,27.607823061
4135,0.8926443434928795,,0.0,0.8926443434928795,27.539696994
4140,0.8925880208321614,,0.0,0.8925880208321614,27.35388716
4145,0.8925712462422057,,0.0,0.8925712462422057,27.259877631
4150,0.8925792719485212,,0.0,0.8925792719485212,27.242271727
4155,0.8925970216353402,,0.0,0.8925970216353402,26.969030006
4160,0.8926094710078258,,0.0,0.8926094710078258,26.794887408
4165,0.8926124768990268,,0.0,0.8926124768990268,26.720516033
4170,0.8926020854454281,,0.0,0.8926020854454281,26.69790542
4175,0.8925750807849862,,0.0,0.8925750807849862,26.992215416
4180,0.8925330803184418,,0.0,0.8925330803184418,26.880198768
4185,0.8924722389987887,,0.0,0.8924722389987887,27.208976641
4190,0.892396765542078,,0.0,0.892396765542078,27.578037025
4195,0.8923114800239711,,0.0,0.8923114800239711,27.711676587
4200,0.892226351660002,,0.0,0.892226351660002,27.880006665
4205,0.8921465681510141,,0.0,0.8921465681510141,27.786784335
4210,0.8920855381645441,,0.0,0.8920855381645441,28.094813191
4215,0.8920583687787359,,0.0,0.8920583687787359,28.095606269
4220,0.892068365596285,,0.0,0.892068365596285,27.945123836
4225,0.8920979310142886,,0.0,0.8920979310142886,27.40972655
4230,0.8921370354065425,,0.0,0.8921370354065425,27.085448024
4235,0.8921765894569839,,0.0,0.8921765894569839,26.893797254
4240,0.8922050564785157,,0.0,0.8922050564785157,26.983075062
4245,0.8922066043058101,,0.0,0.8922066043058101,26.787413645
4250,0.8921644546201385,,0.0,0.8921644546201385,26.447454395
4255,0.8920642086510628,,0.0,0.8920642086510628,26.362796224
4260,0.8919077597739955,,0.0,0.8919077597739955,26.470518125
4265,0.8917113413384034,,0.0,0.8917113413384034,26.709390775
4270,0.8915033840784915,,0.0,0.8915033840784915,26.797985634
4275,0.8913026245099351,,0.0,0.8913026245099351,26.582626793
4280,0.8911258764657518,,0.0,0.8911258764657518,26.174301847
4285,0.8909806426918501,,0.0,0.8909806426918501,26.314942597
4290,0.8908622385079529,,0.0,0.8908622385079529,26.755811771
4295,0.8907675683731535,,0.0,0.8907675683731535,27.102615411
4300,0.8906878708078347,,0.0,0.8906878708078347,27.339270118
4305,0.8906239252619622,,0.0,0.8906239252619622,27.461332619
4310,0.890583618931578,,0.0,0.890583618931578,27.544781847
4315,0.890568661754654,,0.0,0.890568661754654,27.885834396
4320,0.8905745968925824,,0.0,0.8905745968925824,28.179013873
4325,0.8906084357572265,,0.0,0.8906084357572265,27.781520111
4330,0.8906836743921867,,0.0,0.8906836743921867,27.561809632
4335,0.8908053062610662,,0.0,0.8908053062610662,27.746254824
4340,0.8909642804268791,,0.0,0.8909642804268791,28.181750731
4345,0.8911377517436213,,0.0,0.8911377517436213,28.171696299
4350,0.8913045525356522,,0.0,0.8913045525356522,27.97006631
4355,0.8914454691635134,,0.0,0.8914454691635134,28.0425387
4360,0.891553726492223,,0.0,0.891553726492223,28.494641899
4365,0.8916331729792507,,0.0,0.8916331729792507,28.718795145
4370,0.8916935003193834,,0.0,0.8916935003193834,28.692716676
4375,0.8917419017249018,,0.0,0.8917419017249018,28.733486697
4380,0.8917893978343674,,0.0,0.8917893978343674,28.812050699
4385,0.8918353040768973,,0.0,0.8918353040768973,29.288773509
4390,0.8918726055619561,,0.0,0.8918726055619561,29.138756339
4395,0.8918974591296601,,0.0,0.8918974591296601,28.506791729
4400,0.8919038583634026,,0.0,0.8919038583634026,28.074290156
4405,0.8918800999635985,,0.0,0.8918800999635985,27.953865903
4410,0.8918345822182847,,0.0,0.8918345822182847,27.890460987
4415,0.8917848873378074,,0.0,0.8917848873378074,27.265368015
4420,0.8917409408155648,,0.0,0.8917409408155648,27.152332608
4425,0.8916989033113916,,0.0,0.8916989033113916,27.305841754
4430,0.8916579950115395,,0.0,0.8916579950115395,27.75277294
4435,0.8916367008759286,,0.0,0.8916367008759286,27.648944476
4440,0.891648141797222,,0.0,0.891648141797222,27.297580386
4445,0.8916883868756896,,0.0,0.8916883868756896,27.605282091
4450,0.8917447583742389,,0.0,0.8917447583742389,28.181159556
4455,0.8917972579968055,,0.0,0.8917972579968055,28.387842436
4460,0.8918350351277798,,0.0,0.8918350351277798,27.891793229
4465,0.8918560950327875,,0.0,0.8918560950327875,27.704856146
4470,0.8918522453020783,,0.0,0.8918522453020783,28.134655611
4475,0.8918133348514905,,0.0,0.8918133348514905,28.352823554
4480,0.8917372024478428,,0.0,0.8917372024478428,28.076487151
4485,0.8916238585498885,,0.0,0.8916238585498885,27.680649097
4490,0.8914721230919335,,0.0,0.8914721230919335,27.9103177
4495,0.8912760172821226,,0.0,0.8912760172821226,28.175482841
4500,0.89104037622489,,0.0,0.89104037622489,27.906260712
4505,0.8907789734618483,,0.0,0.8907789734618483,27.463125021
4510,0.8905155386994388,,0.0,0.8905155386994388,27.673710941
4515,0.8902861983817756,,0.0,0.8902861983817756,28.190575501
4520,0.8901146158249524,,0.0,0.8901146158249524,28.020445498
4525,0.8900105523881481,,0.0,0.8900105523881481,27.563016455
4530,0.8899827697783443,,0.0,0.8899827697783443,27.713232879
4535,0.8900305349506096,,0.0,0.8900305349506096,27.778110227
4540,0.8901402787637512,,0.0,0.8901402787637512,27.979781825
4545,0.8902833009205637,,0.0,0.8902833009205637,27.570036263
4550,0.8904248187448542,,0.0,0.8904248187448542,26.810472685
4555,0.8905382562486516,,0.0,0.8905382562486516,26.620824286
4560,0.8906090521415847,,0.0,0.8906090521415847,27.258732602
4565,0.8906443809920694,,0.0,0.8906443809920694,27.770422716
4570,0.8906499667394251,,0.0,0.8906499667394251,27.472525843
4575,0.8906358961010069,,0.0,0.8906358961010069,26.809300427
4580,0.8906171202513241,,0.0,0.8906171202513241,27.040728728
4585,0.8906050595806823,,0.0,0.8906050595806823,27.12400473
4590,0.8906028494641968,,0.0,0.8906028494641968,26.954716762
4595,0.8906107397069192,,0.0,0.8906107397069192,26.816721007
4600,0.8906270854652487,,0.0,0.8906270854652487,26.460801992
4605,0.890654093718045,,0.0,0.890654093718045,26.935425562
4610,0.8906844163952679,,0.0,0.8906844163952679,26.738547035
4615,0.8907120467165275,,0.0,0.8907120467165275,26.600531099
4620,0.8907298665906764,,0.0,0.8907298665906764,26.1100056
4625,0.8907354478134845,,0.0,0.8907354478134845,26.611844711
4630,0.8907342775471878,,0.0,0.8907342775471878,26.935555152
4635,0.8907351908009876,,0.0,0.8907351908009876,27.103062949
4640,0.890746328395696,,0.0,0.890746328395696,26.755124994
4645,0.8907729082943313,,0.0,0.8907729082943313,26.969493572
4650,0.8908193572779535,,0.0,0.8908193572779535,27.48992445
4655,0.8908805041296246,,0.0,0.8908805041296246,27.649929815
4660,0.8909476502359298,,0.0,0.8909476502359298,27.474847287
4665,0.8910033415289887,,0.0,0.8910033415289887,27.074792857
4670,0.8910359883685819,,0.0,0.8910359883685819,26.996786074
4675,0.8910414479742768,,0.0,0.8910414479742768,26.742841981
4680,0.8910156717171586,,0.0,0.8910156717171586,26.398866837
4685,0.8909653817790854,,0.0,0.8909653817790854,26.143934729
4690,0.8908942669396464,,0.0,0.8908942669396464,26.592534931
4695,0.8908022975505492,,0.0,0.8908022975505492,27.446919064
4700,0.8906963140685115,,0.0,0.8906963140685115,27.51730687
4705,0.8905917377207986,,0.0,0.8905917377207986,27.350602932
4710,0.8905065029503819,,0.0,0.8905065029503819,26.729196395
4715,0.8904596835677343,,0.0,0.8904596835677343,26.505940984
4720,0.8904652970307864,,0.0,0.8904652970307864,26.599607482
4725,0.8905220465905348,,0.0,0.8905220465905348,26.304367777
4730,0.8906105135704814,,0.0,0.8906105135704814,25.910834605
4735,0.890712559445545,,0.0,0.890712559445545,26.325604855
4740,0.8908147298252467,,0.0,0.8908147298252467,26.860277058
4745,0.8909178749607657,,0.0,0.8909178749607657,26.890208826
4750,0.8910275939002634,,0.0,0.8910275939002634,26.575238278
4755,0.8911435029893813,,0.0,0.8911435029893813,26.318713592
4760,0.8912582669814201,,0.0,0.8912582669814201,26.466007677
4765,0.8913602088373601,,0.0,0.8913602088373601,26.358513717
4770,0.8914369720175201,,0.0,0.8914369720175201,25.98281308
4775,0.8914805601910403,,0.0,0.8914805601910403,25.92392817
4780,0.8914865112444632,,0.0,0.8914865112444632,25.537228476
4785,0.8914541045924157,,0.0,0.8914541045924157,25.665714629
4790,0.8913857361988838,,0.0,0.8913857361988838,25.819372411
4795,0.8912854163364418,,0.0,0.8912854163364418,26.21243218
4800,0.8911598731438901,,0.0,0.8911598731438901,26.128862578
4805,0.8910158791187858,,0.0,0.8910158791187858,26.437107413
4810,0.8908702381583303,,0.0,0.8908702381583303,26.850451093
4815,0.8907342155904422,,0.0,0.8907342155904422,26.726401167
4820,0.890620696440159,,0.0,0.890620696440159,26.323065424
4825,0.8905374039284585,,0.0,0.8905374039284585,26.411910983
4830,0.8904926025850164,,0.0,0.8904926025850164,26.685774872
4835,0.8904880350882503,,0.0,0.8904880350882503,26.771257873
4840,0.8905182404455435,,0.0,0.8905182404455435,26.795128198
4845,0.8905722763907757,,0.0,0.8905722763907757,26.665859815
4850,0.8906436902823529,,0.0,0.8906436902823529,26.416684507
4855,0.8907247246127751,,0.0,0.8907247246127751,26.147218158
4860,0.8908026476914239,,0.0,0.8908026476914239,25.849776691
4865,0.8908634782567504,,0.0,0.8908634782567504,25.483546228
4870,0.8908984364581091,,0.0,0.8908984364581091,25.403306618
4875,0.8909063229265856,,0.0,0.8909063229265856,25.477796096
4880,0.8908905444192096,,0.0,0.8908905444192096,25.478083689
4885,0.8908511992482631,,0.0,0.8908511992482631,25.345867906
4890,0.8907806578213474,,0.0,0.8907806578213474,25.351579852
4895,0.8906757792838704,,0.0,0.8906757792838704,25.849920853
4900,0.8905433556639739,,0.0,0.8905433556639739,26.051918809
4905,0.8903913830651539,,0.0,0.8903913830651539,25.89014035
4910,0.8902223787047268,,0.0,0.8902223787047268,25.426761531
4915,0.8900430282271231,,0.0,0.8900430282271231,25.094245789
4920,0.8898641034435195,,0.0,0.8898641034435195,25.26467536
4925,0.8896967901953082,,0.0,0.8896967901953082,25.198892947
4930,0.8895507988893503,,0.0,0.8895507988893503,25.103529478
4935,0.8894366613993767,,0.0,0.8894366613993767,24.748452762
4940,0.8893609903176997,,0.0,0.8893609903176997,24.603616374
4945,0.8893298195947309,,0.0,0.8893298195947309,24.583750387
4950,0.8893460682458089,,0.0,0.8893460682458089,24.677377583
4955,0.8894081118219022,,0.0,0.8894081118219022,24.787473236
4960,0.8895092766379372,,0.0,0.8895092766379372,24.736339354
4965,0.8896471688898876,,0.0,0.8896471688898876,24.690040074
4970,0.8898168002298449,,0.0,0.8898168002298449,24.63055737
4975,0.8900139145135846,,0.0,0.8900139145135846,25.042213115
4980,0.8902224349318945,,0.0,0.8902224349318945,24.778535575
4985,0.890430892711366,,0.0,0.890430892711366,24.72704974
4990,0.8906303936144231,,0.0,0.8906303936144231,24.653646112
4995,0.8908117150668419,,0.0,0.8908117150668419,24.451512333
5000,0.8909619755677298,,0.0,0.8909619755677298,24.688068082
5005,0.8910732899900592,,0.0,0.8910732899900592,24.673662704
5010,0.891144814835368,,0.0,0.891144814835368,24.602495154
5015,0.8911749974335044,,0.0,0.8911749974335044,24.400147754
5020,0.891159299754103,,0.0,0.891159299754103,24.655171183
5025,0.8910961460495452,,0.0,0.8910961460495452,24.991098799
5030,0.8909903949337244,,0.0,0.8909903949337244,24.682816403
5035,0.890852761444975,,0.0,0.890852761444975,24.216923204
5040,0.8906932649781117,,0.0,0.8906932649781117,24.08983395
5045,0.8905209118157904,,0.0,0.8905209118157904,24.220272032
5050,0.8903454238012916,,0.0,0.8903454238012916,24.084175442
5055,0.8901773081620666,,0.0,0.8901773081620666,23.649059255
5060,0.8900266618241237,,0.0,0.8900266618241237,23.74426672
5065,0.8899025476610697,,0.0,0.8899025476610697,24.197855541
5070,0.8898103671643086,,0.0,0.8898103671643086,24.316095447
5075,0.8897508611773645,,0.0,0.8897508611773645,24.128919655
5080,0.889724193447937,,0.0,0.889724193447937,23.870683884
5085,0.8897312397147326,,0.0,0.8897312397147326,23.964298287
5090,0.8897723040546379,,0.0,0.8897723040546379,23.997725228
5095,0.8898406162664748,,0.0,0.8898406162664748,23.758766503
5100,0.8899255871352594,,0.0,0.8899255871352594,23.696447372
5105,0.8900217107639448,,0.0,0.8900217107639448,23.857510194
5110,0.8901242880118904,,0.0,0.8901242880118904,24.435879274
5115,0.8902256754402178,,0.0,0.8902256754402178,24.594671418
5120,0.8903181437118525,,0.0,0.8903181437118525,24.53231116
5125,0.890394951046141,,0.0,0.890394951046141,24.525709448
5130,0.8904501732641098,,0.0,0.8904501732641098,24.69697816
5135,0.8904778083145449,,0.0,0.8904778083145449,24.293502902
5140,0.8904760002007093,,0.0,0.8904760002007093,23.958903831
5145,0.8904449203097401,,0.0,0.8904449203097401,23.856170081
5150,0.89038555276486,,0.0,0.89038555276486,24.400757866
5155,0.8903018236684143,,0.0,0.8903018236684143,24.558575316
5160,0.8902063918407938,,0.0,0.8902063918407938,24.547930143
5165,0.8901072980852969,,0.0,0.8901072980852969,24.588681054
5170,0.8900088739401183,,0.0,0.8900088739401183,24.950582838
5175,0.8899121540715433,,0.0,0.8899121540715433,25.199026049
5180,0.8898238920831634,,0.0,0.8898238920831634,25.117251016
5185,0.8897533330127856,,0.0,0.8897533330127856,24.88091257
5190,0.8897055110222057,,0.0,0.8897055110222057,24.923789385
5195,0.8896801869015443,,0.0,0.8896801869015443,24.855804461
5200,0.8896795817262414,,0.0,0.8896795817262414,24.844716564
5205,0.8897075272879704,,0.0,0.8897075272879704,24.870983326
5210,0.8897670560568081,,0.0,0.8897670560568081,24.951984502
5215,0.8898594005968424,,0.0,0.8898594005968424,24.736143572
5220,0.8899830243125713,,0.0,0.8899830243125713,24.390538805
5225,0.8901307372202851,,0.0,0.8901307372202851,24.42491705
5230,0.8902898306158868,,0.0,0.8902898306158868,24.021853631
5235,0.8904517522630366,,0.0,0.8904517522630366,23.655831342
5240,0.8906101327127025,,0.0,0.8906101327127025,23.385032692
5245,0.8907559838258922,,0.0,0.8907559838258922,23.578592187
5250,0.8908811022111643,,0.0,0.8908811022111643,23.697411901
5255,0.890980524144154,,0.0,0.890980524144154,23.254561614
5260,0.891056733737949,,0.0,0.891056733737949,22.97872387
5265,0.8911118660106386,,0.0,0.8911118660106386,23.097529318
5270,0.8911503890098856,,0.0,0.8911503890098856,23.473625286
5275,0.8911741373147191,,0.0,0.8911741373147191,23.848999319
5280,0.891186036624985,,0.0,0.891186036624985,23.902300368
5285,0.8911885058002449,,0.0,0.8911885058002449,24.023705668
5290,0.8911861527171477,,0.0,0.8911861527171477,24.129728823
5295,0.891179271857811,,0.0,0.891179271857811,24.526886799
5300,0.8911635251586871,,0.0,0.8911635251586871,24.735311125
5305,0.8911371922230507,,0.0,0.8911371922230507,24.674209131
5310,0.8911029853694419,,0.0,0.8911029853694419,24.596156243
5315,0.8910686563530459,,0.0,0.8910686563530459,24.619497693
5320,0.8910447957757685,,0.0,0.8910447957757685,24.636077768
5325,0.8910367241191474,,0.0,0.8910367241191474,24.513001774
5330,0.8910409811046195,,0.0,0.8910409811046195,24.748997586
5335,0.8910482244961802,,0.0,0.8910482244961802,24.798492725
5340,0.8910518730550414,,0.0,0.8910518730550414,25.004551824
5345,0.8910506186639892,,0.0,0.8910506186639892,25.16548593
5350,0.8910458297599608,,0.0,0.8910458297599608,25.286845287
5355,0.8910372100646614,,0.0,0.8910372100646614,25.582764693
5360,0.8910257788290831,,0.0,0.8910257788290831,25.58581888
5365,0.8910133197936188,,0.0,0.8910133197936188,25.60354354
5370,0.8910049295770109,,0.0,0.8910049295770109,25.327689336
5375,0.891011112473713,,0.0,0.891011112473713,25.252218145
5380,0.8910423096164023,,0.0,0.8910423096164023,25.512269185
5385,0.891096001491384,,0.0,0.891096001491384,25.830806653
5390,0.891160176515948,,0.0,0.891160176515948,25.637842174
5395,0.8912242005706804,,0.0,0.8912242005706804,25.39977047
5400,0.8912815951172038,,0.0,0.8912815951172038,25.266185665
5405,0.8913329680364555,,0.0,0.8913329680364555,25.343754933
5410,0.891368184341659,,0.0,0.891368184341659,24.946092769
5415,0.8913799893639894,,0.0,0.8913799893639894,24.523425695
5420,0.8913685331410851,,0.0,0.8913685331410851,24.748323602
5425,0.8913429938429406,,0.0,0.8913429938429406,24.857051626
5430,0.8913022106843467,,0.0,0.8913022106843467,25.085279539
5435,0.8912528210857866,,0.0,0.8912528210857866,24.987008925
5440,0.8912009962574424,,0.0,0.8912009962574424,25.196902129
5445,0.8911501953637927,,0.0,0.8911501953637927,25.44976757
5450,0.8911120244607527,,0.0,0.8911120244607527,25.533060224
5455,0.8910919865578439,,0.0,0.8910919865578439,25.650625481
5460,0.8911041128685315,,0.0,0.8911041128685315,25.45059255
5465,0.8911499963064318,,0.0,0.8911499963064318,26.042887825
5470,0.8911972892432443,,0.0,0.8911972892432443,25.967980808
5475,0.8912228530967229,,0.0,0.8912228530967229,25.988226764
5480,0.8912352697969723,,0.0,0.8912352697969723,25.88512326
5485,0.8912445129249202,,0.0,0.8912445129249202,25.579372092
5490,0.8912571253857497,,0.0,0.8912571253857497,25.34015435
5495,0.891265984313665,,0.0,0.891265984313665,25.038649043
5500,0.8912614478748492,,0.0,0.8912614478748492,25.291180092
5505,0.8912409471038931,,0.0,0.8912409471038931,25.387854352
5510,0.8911966928441997,,0.0,0.8911966928441997,25.559601657
5515,0.891133857608683,,0.0,0.891133857608683,25.045477736
5520,0.8910626894296017,,0.0,0.8910626894296017,24.291594533
5525,0.890986620142257,,0.0,0.890986620142257,24.16129248
5530,0.8909223890724166,,0.0,0.8909223890724166,24.371015142
5535,0.8908899941068892,,0.0,0.8908899941068892,24.286910623
5540,0.8908946344511464,,0.0,0.8908946344511464,23.68796152
5545,0.890937273106276,,0.0,0.890937273106276,23.231756523
5550,0.8910089499900284,,0.0,0.8910089499900284,23.716564532
5555,0.8911007966024552,,0.0,0.8911007966024552,24.271289929
5560,0.8911950313802759,,0.0,0.8911950313802759,24.422272381
5565,0.8912782973131008,,0.0,0.8912782973131008,23.879457918
5570,0.891348830122913,,0.0,0.891348830122913,23.766427997
5575,0.8914093584075296,,0.0,0.8914093584075296,24.135705082
5580,0.8914680929704646,,0.0,0.8914680929704646,24.256088844
5585,0.8915290941271535,,0.0,0.8915290941271535,24.012525247
5590,0.8915927261832609,,0.0,0.8915927261832609,23.482902309
5595,0.8916541962104122,,0.0,0.8916541962104122,23.476433081
5600,0.8917126169880087,,0.0,0.8917126169880087,23.636236171
5605,0.8917671472230213,,0.0,0.8917671472230213,23.637969589
5610,0.8918129905766122,,0.0,0.8918129905766122,23.157036697
5615,0.8918460850963238,,0.0,0.8918460850963238,23.291826995
5620,0.8918643569932476,,0.0,0.8918643569932476,23.535780444
5625,0.8918698966766154,,0.0,0.8918698966766154,23.441173494
5630,0.8918655717774554,,0.0,0.8918655717774554,23.541026997
5635,0.8918498800777326,,0.0,0.8918498800777326,23.617572315
5640,0.8918180072995735,,0.0,0.8918180072995735,23.57914502
5645,0.8917647484397191,,0.0,0.8917647484397191,24.205876495
5650,0.8916852723498718,,0.0,0.8916852723498718,24.677852722
5655,0.8915761932359818,,0.0,0.8915761932359818,24.023367065
5660,0.8914363209828573,,0.0,0.8914363209828573,23.649827845
5665,0.8912702734939085,,0.0,0.8912702734939085,23.587299176
5670,0.8910895322522029,,0.0,0.8910895322522029,23.844128598
5675,0.8909103739882978,,0.0,0.8909103739882978,23.806591398
5680,0.8907516707724072,,0.0,0.8907516707724072,23.539276856
5685,0.890630632096737,,0.0,0.890630632096737,23.581899591
5690,0.8905629424763011,,0.0,0.8905629424763011,24.114100239
5695,0.8905552112975762,,0.0,0.8905552112975762,24.13542949
5700,0.8906046941381964,,0.0,0.8906046941381964,23.914135436
5705,0.8907062979490373,,0.0,0.8907062979490373,23.72190263
5710,0.8908540449841184,,0.0,0.8908540449841184,23.549472587
5715,0.8910382293838628,,0.0,0.8910382293838628,24.089548447
5720,0.8912412934477857,,0.0,0.8912412934477857,24.012376969
5725,0.8914458590703875,,0.0,0.8914458590703875,23.806933523
5730,0.8916379493327751,,0.0,0.8916379493327751,24.226902191
5735,0.8918056219301114,,0.0,0.8918056219301114,24.503081696
5740,0.8919411787424267,,0.0,0.8919411787424267,25.540389731
5745,0.8920391751473274,,0.0,0.8920391751473274,25.843218671
5750,0.8920959823893745,,0.0,0.8920959823893745,25.328495329
5755,0.8921107510131638,,0.0,0.8921107510131638,25.819300859
5760,0.8920886324094748,,0.0,0.8920886324094748,26.162582279
5765,0.8920373304278549,,0.0,0.8920373304278549,26.371618486
5770,0.8919637997527983,,0.0,0.8919637997527983,26.038505061
5775,0.891876654281817,,0.0,0.891876654281817,25.822678023
5780,0.8917878745396708,,0.0,0.8917878745396708,25.50228227
5785,0.8917085594236802,,0.0,0.8917085594236802,26.132528568
5790,0.8916404299671908,,0.0,0.8916404299671908,26.501115065
5795,0.8915820738747106,,0.0,0.8915820738747106,26.189407621
5800,0.891531129036783,,0.0,0.891531129036783,25.653969972
5805,0.8914842413766648,,0.0,0.8914842413766648,25.221061885
5810,0.8914372865076877,,0.0,0.8914372865076877,25.742412269
5815,0.8913912706983478,,0.0,0.8913912706983478,25.961471434
5820,0.8913537971667955,,0.0,0.8913537971667955,25.558676212
5825,0.8913283113219755,,0.0,0.8913283113219755,25.21672519
5830,0.8913237767702826,,0.0,0.8913237767702826,25.713572593
5835,0.8913427736634449,,0.0,0.8913427736634449,26.836091902
5840,0.8913883655522258,,0.0,0.8913883655522258,27.007624424
5845,0.8914601293345771,,0.0,0.8914601293345771,26.631886421
5850,0.8915544423938934,,0.0,0.8915544423938934,25.637708407
5855,0.8916707551454198,,0.0,0.8916707551454198,26.054229591
5860,0.8917970086010096,,0.0,0.8917970086010096,26.953702152
5865,0.8919176861995869,,0.0,0.8919176861995869,27.194650638
5870,0.892010790727211,,0.0,0.892010790727211,26.713537657
5875,0.8920608562568144,,0.0,0.8920608562568144,26.570162205
5880,0.8920638088765822,,0.0,0.8920638088765822,26.455500743
5885,0.8920155922272163,,0.0,0.8920155922272163,26.783323694
5890,0.8919219460271116,,0.0,0.8919219460271116,25.893490126
5895,0.8917885265974725,,0.0,0.8917885265974725,25.500115206
5900,0.8916240464209305,,0.0,0.8916240464209305,25.002828058
5905,0.8914438392804775,,0.0,0.8914438392804775,24.94197089
5910,0.8912671595137648,,0.0,0.8912671595137648,24.355205565
5915,0.8911098849863255,,0.0,0.8911098849863255,23.977632531
5920,0.8909800825346597,,0.0,0.8909800825346597,24.281373718
5925,0.8908788270912528,,0.0,0.8908788270912528,24.430732549
5930,0.8908058036429998,,0.0,0.8908058036429998,24.825032828
5935,0.890758672930547,,0.0,0.890758672930547,23.952041688
5940,0.8907341094568315,,0.0,0.8907341094568315,24.326379682
5945,0.890725456384467,,0.0,0.890725456384467,24.01839584
5950,0.890723670961579,,0.0,0.890723670961579,24.234315231
5955,0.8907175040258439,,0.0,0.8907175040258439,24.009897417
5960,0.8907001070945881,,0.0,0.8907001070945881,23.860037714
5965,0.8906750390087572,,0.0,0.8906750390087572,23.649175244
5970,0.8906517467510451,,0.0,0.8906517467510451,23.469345531
5975,0.8906316857706696,,0.0,0.8906316857706696,23.740866414
5980,0.8906082349264247,,0.0,0.8906082349264247,23.787770599
5985,0.8905775666101384,,0.0,0.8905775666101384,23.612022838
5990,0.8905399567510093,,0.0,0.8905399567510093,23.817111177
5995,0.8904999215751751,,0.0,0.8904999215751751,24.515616759
6000,0.8904585629123071,,0.0,0.8904585629123071,24.495199044
6005,0.8904156782718446,,0.0,0.8904156782718446,24.410172689
6010,0.890368034693956,,0.0,0.890368034693956,24.375857318
6015,0.8903136557698214,,0.0,0.8903136557698214,24.583745341
6020,0.8902522387412661,,0.0,0.8902522387412661,25.108343225
6025,0.8901862878885836,,0.0,0.8901862878885836,24.9709674
6030,0.8901161658122068,,0.0,0.8901161658122068,24.616363677
6035,0.8900430713126398,,0.0,0.8900430713126398,24.212328184
6040,0.8899643452290937,,0.0,0.8899643452290937,24.647083361
6045,0.8898786211709091,,0.0,0.8898786211709091,23.861861955
6050,0.8897884905898152,,0.0,0.8897884905898152,23.304668595
6055,0.8897089706186766,,0.0,0.8897089706186766,22.854852535
6060,0.8896495853848614,,0.0,0.8896495853848614,23.26739387
6065,0.8896110345107628,,0.0,0.8896110345107628,23.444833426
6070,0.8895973945456207,,0.0,0.8895973945456207,23.210338543
6075,0.8896124090865336,,0.0,0.8896124090865336,22.754501265
6080,0.8896497469953378,,0.0,0.8896497469953378,22.507191704
6085,0.8897059040212331,,0.0,0.8897059040212331,22.3782745
6090,0.8897723574397531,,0.0,0.8897723574397531,22.217548849
6095,0.8898432024660908,,0.0,0.8898432024660908,22.166811148
6100,0.8899173960214853,,0.0,0.8899173960214853,22.655559459
6105,0.8899925280453702,,0.0,0.8899925280453702,23.201784874
6110,0.8900616296884611,,0.0,0.8900616296884611,23.727292882
6115,0.8901196966873557,,0.0,0.8901196966873557,23.686167339
6120,0.8901673771437183,,0.0,0.8901673771437183,23.324573651
6125,0.890206099086644,,0.0,0.890206099086644,22.70631397
6130,0.8902355553243566,,0.0,0.8902355553243566,22.271226641
6135,0.8902564452746213,,0.0,0.8902564452746213,22.331920994
6140,0.8902703447532664,,0.0,0.8902703447532664,22.613581993
6145,0.890280557521337,,0.0,0.890280557521337,22.254719612
6150,0.8902955268622458,,0.0,0.8902955268622458,22.076621663
6155,0.8903205410400238,,0.0,0.8903205410400238,21.909084643
6160,0.890351344819903,,0.0,0.890351344819903,22.108562176
6165,0.8903842813442289,,0.0,0.8903842813442289,22.445532398
6170,0.8904190393514058,,0.0,0.8904190393514058,22.180996788
6175,0.890453959946725,,0.0,0.890453959946725,22.04164342
6180,0.8904863146460519,,0.0,0.8904863146460519,22.215693823
6185,0.8905190914470242,,0.0,0.8905190914470242,22.656433945
6190,0.8905521633667339,,0.0,0.8905521633667339,23.157948057
6195,0.8905726213477467,,0.0,0.8905726213477467,23.002729351
6200,0.8905760001389793,,0.0,0.8905760001389793,23.561983113
6205,0.8905673635732559,,0.0,0.8905673635732559,23.606620215
6210,0.890546715015567,,0.0,0.890546715015567,23.427012863
6215,0.8905040939356904,,0.0,0.8905040939356904,22.980250002
6220,0.8904444093769,,0.0,0.8904444093769,23.416427921
6225,0.8903768055409784,,0.0,0.8903768055409784,23.601733193
6230,0.890304965932665,,0.0,0.890304965932665,23.784452267
6235,0.8902340916672907,,0.0,0.8902340916672907,23.785172783
6240,0.8901725187123641,,0.0,0.8901725187123641,23.536792472
6245,0.8901313933706426,,0.0,0.8901313933706426,23.71239068
6250,0.8901181967202263,,0.0,0.8901181967202263,23.487867843
6255,0.8901406185595547,,0.0,0.8901406185595547,23.313625141
6260,0.8901975787040293,,0.0,0.8901975787040293,23.072265185
6265,0.8902794343649034,,0.0,0.8902794343649034,23.331657415
6270,0.8903845506571291,,0.0,0.8903845506571291,23.604968145
6275,0.8905086152547866,,0.0,0.8905086152547866,24.027630725
6280,0.8906362815515427,,0.0,0.8906362815515427,24.072667182
6285,0.8907488948373626,,0.0,0.8907488948373626,24.335488355
6290,0.8908304724772877,,0.0,0.8908304724772877,24.158416829
6295,0.8908731810696466,,0.0,0.8908731810696466,23.739840549
6300,0.8908718174755671,,0.0,0.8908718174755671,23.195602883
6305,0.8908295160470254,,0.0,0.8908295160470254,23.413739483
6310,0.890758811418084,,0.0,0.890758811418084,23.662655329
6315,0.8906784219834912,,0.0,0.8906784219834912,23.44542398
6320,0.8905994816319188,,0.0,0.8905994816319188,23.356711947
6325,0.8905263893150484,,0.0,0.8905263893150484,23.333187086
6330,0.890467469200186,,0.0,0.890467469200186,23.814837105
6335,0.890435929919842,,0.0,0.890435929919842,24.206670912
6340,0.8904461108569237,,0.0,0.8904461108569237,23.861484968
6345,0.8905014037851601,,0.0,0.8905014037851601,23.211896527
6350,0.8905933894535343,,0.0,0.8905933894535343,23.211473628
6355,0.8907068965989875,,0.0,0.8907068965989875,23.212196324
6360,0.8908309785672702,,0.0,0.8908309785672702,23.123025505
6365,0.8909575488321426,,0.0,0.8909575488321426,22.677752781
6370,0.8910775312419283,,0.0,0.8910775312419283,22.96071596
6375,0.8911861769314355,,0.0,0.8911861769314355,22.649423144
6380,0.8912779967376226,,0.0,0.8912779967376226,22.075766358
6385,0.8913537484426465,,0.0,0.8913537484426465,20.987006428
6390,0.8914151655394109,,0.0,0.8914151655394109,21.14579042
6395,0.89146246650218,,0.0,0.89146246650218,21.319219966
6400,0.891495342138372,,0.0,0.891495342138372,21.046231597
6405,0.891513548508932,,0.0,0.891513548508932,21.234012078
6410,0.8915154066201563,,0.0,0.8915154066201563,21.52515413
6415,0.8915079016006054,,0.0,0.8915079016006054,21.298431281
6420,0.891499878213405,,0.0,0.891499878213405,21.215899609
6425,0.8914873694306528,,0.0,0.8914873694306528,21.783844743
6430,0.8914659566109271,,0.0,0.8914659566109271,22.309961329
6435,0.8914411784144568,,0.0,0.8914411784144568,22.482945135
6440,0.8914199068788478,,0.0,0.8914199068788478,22.678671644
6445,0.8914034774050181,,0.0,0.8914034774050181,23.050720134
6450,0.8913844620726188,,0.0,0.8913844620726188,23.195330256
6455,0.891365142049449,,0.0,0.891365142049449,23.097966872
6460,0.8913451497103269,,0.0,0.8913451497103269,22.936716279
6465,0.891323201084117,,0.0,0.891323201084117,23.183140398
6470,0.8912911334775712,,0.0,0.8912911334775712,23.038927657
6475,0.8912485588027286,,0.0,0.8912485588027286,23.302593859
6480,0.8912062445735822,,0.0,0.8912062445735822,23.143695758
6485,0.8911717045632046,,0.0,0.8911717045632046,23.382931602
6490,0.8911477498116736,,0.0,0.8911477498116736,23.202982239
6495,0.8911289836022329,,0.0,0.8911289836022329,23.019878098
6500,0.8911123568899559,,0.0,0.8911123568899559,23.178254058
6505,0.891084592764862,,0.0,0.891084592764862,23.156493565
6510,0.8910494469652981,,0.0,0.8910494469652981,23.208870174
6515,0.8910130309046607,,0.0,0.8910130309046607,22.509118487
6520,0.8909830048467791,,0.0,0.8909830048467791,22.310730362
6525,0.8909617324699224,,0.0,0.8909617324699224,22.274775243
6530,0.8909444934203701,,0.0,0.8909444934203701,22.610368109
6535,0.8909211728558143,,0.0,0.8909211728558143,22.584097888
6540,0.8908903701672833,,0.0,0.8908903701672833,22.624293573
6545,0.890854027772648,,0.0,0.890854027772648,22.636813542
6550,0.8908118978221894,,0.0,0.8908118978221894,22.47190141
6555,0.890770357927314,,0.0,0.890770357927314,22.7619408
6560,0.8907328916714162,,0.0,0.8907328916714162,23.010206865
6565,0.8907060768373485,,0.0,0.8907060768373485,22.860614724
6570,0.8906929592187297,,0.0,0.8906929592187297,22.619373638
6575,0.8906913045529956,,0.0,0.8906913045529956,22.40407363
6580,0.8907047336378381,,0.0,0.8907047336378381,22.594975616
6585,0.8907318996131831,,0.0,0.8907318996131831,22.904240635
6590,0.8907701488431915,,0.0,0.8907701488431915,22.784685362
6595,0.8908131433233012,,0.0,0.8908131433233012,22.794365023
6600,0.8908460688204631,,0.0,0.8908460688204631,23.419019697
6605,0.8908690342876044,,0.0,0.8908690342876044,23.719581878
6610,0.8908861778896637,,0.0,0.8908861778896637,23.694882624
6615,0.8909004258721612,,0.0,0.8909004258721612,23.972909979
6620,0.8909134937207558,,0.0,0.8909134937207558,23.314683267
6625,0.8909281094193813,,0.0,0.8909281094193813,23.331827423
6630,0.890941895102242,,0.0,0.890941895102242,23.064871277
6635,0.8909527189116118,,0.0,0.8909527189116118,23.739370189
6640,0.8909613951296523,,0.0,0.8909613951296523,23.670230979
6645,0.890963541606897,,0.0,0.890963541606897,23.621186892
6650,0.8909576414830559,,0.0,0.8909576414830559,23.400500087
6655,0.8909420850650347,,0.0,0.8909420850650347,23.89140218
6660,0.8909159767652323,,0.0,0.8909159767652323,23.560558576
6665,0.8908812936518244,,0.0,0.8908812936518244,23.076959298
6670,0.8908469942155115,,0.0,0.8908469942155115,22.780605807
6675,0.8908175202206546,,0.0,0.8908175202206546,23.241856295
6680,0.8907945768533141,,0.0,0.8907945768533141,23.414839341
6685,0.890779505675978,,0.0,0.890779505675978,23.512931343
6690,0.8907823158293353,,0.0,0.8907823158293353,23.086278562
6695,0.8908101107395426,,0.0,0.8908101107395426,23.104540483
6700,0.890853394472393,,0.0,0.890853394472393,23.588803043
6705,0.890894154985512,,0.0,0.890894154985512,23.289649087
6710,0.8909258020592254,,0.0,0.8909258020592254,23.294155918
6715,0.8909474383324913,,0.0,0.8909474383324913,23.128864191
6720,0.8909618143892453,,0.0,0.8909618143892453,23.212685044
6725,0.8909668277472161,,0.0,0.8909668277472161,23.261265061
6730,0.8909562240491328,,0.0,0.8909562240491328,23.079921862
6735,0.8909342185591353,,0.0,0.8909342185591353,23.458976261
6740,0.8909085699670178,,0.0,0.8909085699670178,23.390864453
6745,0.8908794052556882,,0.0,0.8908794052556882,23.094372503
6750,0.8908447332376536,,0.0,0.8908447332376536,22.582676581
6755,0.8908062236983675,,0.0,0.8908062236983675,22.505160388
6760,0.8907651900981024,,0.0,0.8907651900981024,22.466626635
6765,0.8907205874482387,,0.0,0.8907205874482387,22.704190028
6770,0.8906782158551034,,0.0,0.8906782158551034,22.491802479
6775,0.8906493918717706,,0.0,0.8906493918717706,22.496662983
6780,0.8906401283947265,,0.0,0.8906401283947265,22.414504451
6785,0.8906420365260757,,0.0,0.8906420365260757,22.282893073
6790,0.8906529751543687,,0.0,0.8906529751543687,21.817133781
6795,0.8906718861038618,,0.0,0.8906718861038618,22.144938868
6800,0.8906933324370713,,0.0,0.8906933324370713,22.028633257
6805,0.8907043579412267,,0.0,0.8907043579412267,22.322746929
6810,0.8907040157126263,,0.0,0.8907040157126263,22.083454504
6815,0.890681083554341,,0.0,0.890681083554341,22.088015755
6820,0.8906322176210165,,0.0,0.8906322176210165,22.044810058
6825,0.8905602794503205,,0.0,0.8905602794503205,22.491185606
6830,0.8904794050251432,,0.0,0.8904794050251432,22.774633077
6835,0.890397241604082,,0.0,0.890397241604082,22.409792282
6840,0.8903250372581117,,0.0,0.8903250372581117,21.852411386
6845,0.89026924988094,,0.0,0.89026924988094,21.567978391
6850,0.8902303644631513,,0.0,0.8902303644631513,21.498993795
6855,0.8901953762724539,,0.0,0.8901953762724539,21.241315356
6860,0.8901614852959342,,0.0,0.8901614852959342,21.364488382
6865,0.8901263668255478,,0.0,0.8901263668255478,21.303984279
6870,0.8900920631147878,,0.0,0.8900920631147878,20.952325814
6875,0.8900556437573695,,0.0,0.8900556437573695,21.131966264
6880,0.8900064528296512,,0.0,0.8900064528296512,21.645325429
6885,0.8899507371631495,,0.0,0.8899507371631495,21.5922028
6890,0.889897408161438,,0.0,0.889897408161438,21.585848738
6895,0.8898470009716447,,0.0,0.8898470009716447,21.385144159
6900,0.8897992914808732,,0.0,0.8897992914808732,21.744769693
6905,0.8897642937408793,,0.0,0.8897642937408793,21.947255474
6910,0.889737031226693,,0.0,0.889737031226693,21.722682688
6915,0.889721165547881,,0.0,0.889721165547881,21.561163583
6920,0.8897122102857525,,0.0,0.8897122102857525,21.658706103
6925,0.8897101976123422,,0.0,0.8897101976123422,22.335408423
6930,0.8897152635596536,,0.0,0.8897152635596536,22.576161987
6935,0.8897256457140563,,0.0,0.8897256457140563,22.170602408
6940,0.889743743427263,,0.0,0.889743743427263,21.936406519
6945,0.8897683778840833,,0.0,0.8897683778840833,21.957650942
6950,0.8897935299809876,,0.0,0.8897935299809876,22.108154105
6955,0.8898125484964858,,0.0,0.8898125484964858,21.746892715
6960,0.889821374161018,,0.0,0.889821374161018,21.359575778
6965,0.889818518011882,,0.0,0.889818518011882,21.646056616
6970,0.8898081063683421,,0.0,0.8898081063683421,22.054591665
6975,0.8897947820756613,,0.0,0.8897947820756613,21.417637886
6980,0.8897762323851527,,0.0,0.8897762323851527,21.100596523
6985,0.8897483726306742,,0.0,0.8897483726306742,21.576948715
6990,0.8897082687226412,,0.0,0.8897082687226412,22.108096828
6995,0.889663529244999,,0.0,0.889663529244999,21.957473444
7000,0.8896237698164721,,0.0,0.8896237698164721,21.743294139
7005,0.8896002816617613,,0.0,0.8896002816617613,21.609330826
7010,0.8895986449577994,,0.0,0.8895986449577994,21.796292691
7015,0.8896169670112666,,0.0,0.8896169670112666,21.51255424
7020,0.8896506662288163,,0.0,0.8896506662288163,21.146789412
7025,0.8896940869713363,,0.0,0.8896940869713363,20.636743948
7030,0.8897481535879997,,0.0,0.8897481535879997,20.561670079
7035,0.8898085821052033,,0.0,0.8898085821052033,20.24399273
7040,0.8898670402614751,,0.0,0.8898670402614751,20.622136466
7045,0.8899109618418647,,0.0,0.8899109618418647,20.84635164
7050,0.8899368897054344,,0.0,0.8899368897054344,20.850194141
7055,0.8899510299855083,,0.0,0.8899510299855083,21.034451
7060,0.8899573284059628,,0.0,0.8899573284059628,21.11783972
7065,0.8899595382723475,,0.0,0.8899595382723475,21.429228565
7070,0.8899629837495013,,0.0,0.8899629837495013,21.444548597
7075,0.889976430091287,,0.0,0.889976430091287,21.530136687
7080,0.8899994761590386,,0.0,0.8899994761590386,21.300464561
7085,0.8900255703622605,,0.0,0.8900255703622605,21.374595144
7090,0.8900458529317895,,0.0,0.8900458529317895,21.474335238
7095,0.8900607920787321,,0.0,0.8900607920787321,21.621569737
7100,0.8900788112830791,,0.0,0.8900788112830791,22.186419277
7105,0.8900989665286537,,0.0,0.8900989665286537,22.117315024
7110,0.8901158743085603,,0.0,0.8901158743085603,21.969294721
7115,0.8901279583977152,,0.0,0.8901279583977152,21.690139549
7120,0.8901380927933443,,0.0,0.8901380927933443,21.496323983
7125,0.8901498537752283,,0.0,0.8901498537752283,21.464087871
7130,0.8901599255320191,,0.0,0.8901599255320191,21.122705323
7135,0.890164499076673,,0.0,0.890164499076673,20.815187923
7140,0.8901572889257591,,0.0,0.8901572889257591,20.543465685
7145,0.8901322159515977,,0.0,0.8901322159515977,20.449782734
7150,0.8900932667808861,,0.0,0.8900932667808861,20.456135864
7155,0.8900440633936094,,0.0,0.8900440633936094,20.561543896
7160,0.8899923207119521,,0.0,0.8899923207119521,20.586859888
7165,0.8899463293897371,,0.0,0.8899463293897371,20.342760596
7170,0.8899191596856191,,0.0,0.8899191596856191,20.446161091
7175,0.889917941263584,,0.0,0.889917941263584,20.650488241
7180,0.8899345787074515,,0.0,0.8899345787074515,20.772281609
7185,0.8899561366764853,,0.0,0.8899561366764853,20.590677656
7190,0.8899752612119121,,0.0,0.8899752612119121,20.234013519
7195,0.8899945205743119,,0.0,0.8899945205743119,20.006608145
7200,0.8900127600718366,,0.0,0.8900127600718366,19.796366122
7205,0.8900239804043789,,0.0,0.8900239804043789,19.882485208
7210,0.890024824721352,,0.0,0.890024824721352,19.994206017
7215,0.8900155486938038,,0.0,0.8900155486938038,20.122789163
7220,0.890003283554533,,0.0,0.890003283554533,20.604094496
7225,0.8899957339943346,,0.0,0.8899957339943346,20.73610078
7230,0.8899999895019394,,0.0,0.8899999895019394,20.745377167
7235,0.8900153035497186,,0.0,0.8900153035497186,20.817220121
7240,0.8900405768999532,,0.0,0.8900405768999532,20.887405505
7245,0.8900702129372786,,0.0,0.8900702129372786,20.922775635
7250,0.8900963186451291,,0.0,0.8900963186451291,20.428427752
7255,0.8901140686047851,,0.0,0.8901140686047851,20.510192636
7260,0.89012555740898,,0.0,0.89012555740898,21.147393495
7265,0.8901287255018044,,0.0,0.8901287255018044,21.043841064
7270,0.8901258890878815,,0.0,0.8901258890878815,20.859223971
7275,0.8901249773801582,,0.0,0.8901249773801582,20.522307471
7280,0.8901260067261207,,0.0,0.8901260067261207,20.373858816
7285,0.8901271027125317,,0.0,0.8901271027125317,20.308191044
7290,0.8901257452800222,,0.0,0.8901257452800222,20.123303884
7295,0.8901214413438417,,0.0,0.8901214413438417,19.987614066
7300,0.890118381271751,,0.0,0.890118381271751,20.18724385
7305,0.8901161616059688,,0.0,0.8901161616059688,20.172982098
7310,0.8901102861284076,,0.0,0.8901102861284076,20.256848403
7315,0.890097609528136,,0.0,0.890097609528136,20.425172849
7320,0.8900834226611366,,0.0,0.8900834226611366,20.441761729
7325,0.8900701899052846,,0.0,0.8900701899052846,20.466630294
7330,0.8900618086922993,,0.0,0.8900618086922993,20.460714257
7335,0.890066152667316,,0.0,0.890066152667316,20.927693042
7340,0.8900936899966161,,0.0,0.8900936899966161,21.059288635
7345,0.8901446889472243,,0.0,0.8901446889472243,21.09179977
7350,0.8902042055066041,,0.0,0.8902042055066041,20.830744701
7355,0.8902571305958064,,0.0,0.8902571305958064,20.779802506
7360,0.8902947186279719,,0.0,0.8902947186279719,20.71231022
7365,0.8903156569613394,,0.0,0.8903156569613394,20.621183067
7370,0.8903283161682494,,0.0,0.8903283161682494,20.355611922
7375,0.890330277480086,,0.0,0.890330277480086,20.012530895
7380,0.8903181865472685,,0.0,0.8903181865472685,20.100660294
7385,0.8902917146011575,,0.0,0.8902917146011575,20.512035554
7390,0.8902598714712906,,0.0,0.8902598714712906,21.06572626
7395,0.8902278920593195,,0.0,0.8902278920593195,20.680199722
7400,0.8901939748677071,,0.0,0.8901939748677071,20.411062754
7405,0.890157089868398,,0.0,0.890157089868398,20.510752249
7410,0.89012382573499,,0.0,0.89012382573499,21.233061194
7415,0.8901005778815068,,0.0,0.8901005778815068,21.307554131
7420,0.8900915411775202,,0.0,0.8900915411775202,21.0877259
7425,0.8901007513149221,,0.0,0.8901007513149221,21.035844236
7430,0.8901287317315836,,0.0,0.8901287317315836,21.473897128
7435,0.8901671302944015,,0.0,0.8901671302944015,21.876046525
7440,0.8902123712237965,,0.0,0.8902123712237965,21.771293617
7445,0.8902645102239984,,0.0,0.8902645102239984,21.76816878
7450,0.8903184425593627,,0.0,0.8903184425593627,21.717993492
7455,0.8903665316346734,,0.0,0.8903665316346734,21.509218426
7460,0.8904036319024112,,0.0,0.8904036319024112,20.92770128
7465,0.8904269860941327,,0.0,0.8904269860941327,20.884816243
7470,0.8904403174578404,,0.0,0.8904403174578404,21.089346532
7475,0.8904373548795202,,0.0,0.8904373548795202,21.27910802
7480,0.8904132213515153,,0.0,0.8904132213515153,20.839977294
7485,0.8903671877622945,,0.0,0.8903671877622945,20.486967895
7490,0.8903092424714587,,0.0,0.8903092424714587,20.520699471
7495,0.8902508822182135,,0.0,0.8902508822182135,21.100533403
7500,0.8902016734651416,,0.0,0.8902016734651416,21.757865835
7505,0.8901726743886349,,0.0,0.8901726743886349,21.710769242
7510,0.890162735116966,,0.0,0.890162735116966,21.723251796
7515,0.8901673895578037,,0.0,0.8901673895578037,22.350626908
7520,0.8901792005143399,,0.0,0.8901792005143399,22.567159417
7525,0.8901923375953347,,0.0,0.8901923375953347,22.773951585
7530,0.8902111724460287,,0.0,0.8902111724460287,22.477780732
7535,0.8902398131738127,,0.0,0.8902398131738127,22.148345603
7540,0.8902736140004254,,0.0,0.8902736140004254,21.928821849
7545,0.8903124966671072,,0.0,0.8903124966671072,21.613311315
7550,0.8903506814848366,,0.0,0.8903506814848366,21.602314584
7555,0.8903773836144682,,0.0,0.8903773836144682,21.221290403
7560,0.8903889865100209,,0.0,0.8903889865100209,21.584549348
7565,0.8903911711617154,,0.0,0.8903911711617154,21.54145769
7570,0.8903861184924735,,0.0,0.8903861184924735,21.689211344
7575,0.8903766280150076,,0.0,0.8903766280150076,21.372328108
7580,0.8903756190408777,,0.0,0.8903756190408777,21.21553159
7585,0.8903896853366395,,0.0,0.8903896853366395,21.289562211
7590,0.8904077651108105,,0.0,0.8904077651108105,21.843358025
7595,0.890428565706943,,0.0,0.890428565706943,21.848594845
7600,0.8904469654734953,,0.0,0.8904469654734953,21.915427529
7605,0.8904629690714337,,0.0,0.8904629690714337,22.078914228
7610,0.8904724526597642,,0.0,0.8904724526597642,22.479701689
7615,0.8904705159032617,,0.0,0.8904705159032617,22.500337393
7620,0.8904621320528516,,0.0,0.8904621320528516,22.455468632
7625,0.8904429016793877,,0.0,0.8904429016793877,22.104583299
7630,0.8904118826083434,,0.0,0.8904118826083434,21.753450947
7635,0.8903715751866108,,0.0,0.8903715751866108,21.589059769
7640,0.8903325088551245,,0.0,0.8903325088551245,21.705258328
7645,0.8903043794921726,,0.0,0.8903043794921726,21.839357683
7650,0.8902882757630385,,0.0,0.8902882757630385,21.710479668
7655,0.8902858402604172,,0.0,0.8902858402604172,21.636730826
7660,0.8902953232576007,,0.0,0.8902953232576007,21.510537255
7665,0.890309844691027,,0.0,0.890309844691027,22.28435032
7670,0.8903191396125406,,0.0,0.8903191396125406,22.319255237
7675,0.8903164630583897,,0.0,0.8903164630583897,22.493721401
7680,0.8903012968882891,,0.0,0.8903012968882891,22.453810005
7685,0.890288888168523,,0.0,0.890288888168523,23.008684219
7690,0.8902893148174527,,0.0,0.8902893148174527,23.320627382
7695,0.8902969204229274,,0.0,0.8902969204229274,23.636496806
7700,0.8903138873857365,,0.0,0.8903138873857365,23.526904955
7705,0.890342932207921,,0.0,0.890342932207921,23.251312164
7710,0.8903767828955037,,0.0,0.8903767828955037,22.911740568
7715,0.8904016901666327,,0.0,0.8904016901666327,22.575876847
7720,0.8904178734732383,,0.0,0.8904178734732383,22.41574755
7725,0.8904286043588577,,0.0,0.8904286043588577,22.58790596
7730,0.8904358773759744,,0.0,0.8904358773759744,22.812926099
7735,0.890433316845777,,0.0,0.890433316845777,22.56717227
7740,0.8904187054443351,,0.0,0.8904187054443351,22.30597093
7745,0.8903976537017025,,0.0,0.8903976537017025,22.097863477
7750,0.890377901390971,,0.0,0.890377901390971,21.984311071
7755,0.8903616666545823,,0.0,0.8903616666545823,21.740075849
7760,0.8903434821791951,,0.0,0.8903434821791951,21.744245639
7765,0.8903262836914168,,0.0,0.8903262836914168,21.488149878
7770,0.8903104383617011,,0.0,0.8903104383617011,21.680397072
7775,0.8902896870126553,,0.0,0.8902896870126553,21.780252667
7780,0.8902688788907677,,0.0,0.8902688788907677,21.970053285
7785,0.8902484425093543,,0.0,0.8902484425093543,21.843599618
7790,0.890227738020071,,0.0,0.890227738020071,21.962128481
7795,0.8902097682447022,,0.0,0.8902097682447022,22.05769152
7800,0.8902015568045683,,0.0,0.8902015568045683,21.858434215
7805,0.8901996452854924,,0.0,0.8901996452854924,21.591711528
7810,0.8902042727381992,,0.0,0.8902042727381992,21.496665436
7815,0.8902099450431075,,0.0,0.8902099450431075,21.686421273
7820,0.8902164090301755,,0.0,0.8902164090301755,22.207168336
7825,0.8902282803291715,,0.0,0.8902282803291715,21.959736589
7830,0.8902405509933924,,0.0,0.8902405509933924,21.552949651
7835,0.8902413783262595,,0.0,0.8902413783262595,21.436893431
7840,0.8902262204549523,,0.0,0.8902262204549523,21.896619024
7845,0.890202124714878,,0.0,0.890202124714878,22.278286753
7850,0.8901727365500083,,0.0,0.8901727365500083,22.384728748
7855,0.8901421229148133,,0.0,0.8901421229148133,22.547903212
7860,0.8901181431759562,,0.0,0.8901181431759562,23.301385474
7865,0.8901119996814707,,0.0,0.8901119996814707,23.395201458
7870,0.890125428970941,,0.0,0.890125428970941,23.525372275
7875,0.8901457179294043,,0.0,0.8901457179294043,23.552348664
7880,0.8901635997148261,,0.0,0.8901635997148261,23.698803133
7885,0.8901735107478609,,0.0,0.8901735107478609,23.378951521
7890,0.8901748729322823,,0.0,0.8901748729322823,22.735184117
7895,0.8901697005557868,,0.0,0.8901697005557868,22.859933979
7900,0.8901635068138122,,0.0,0.8901635068138122,22.841212467
7905,0.8901539648156176,,0.0,0.8901539648156176,23.057149857
7910,0.8901406292684088,,0.0,0.8901406292684088,22.639509441
7915,0.890124697358404,,0.0,0.890124697358404,22.296574966
7920,0.8901050035712186,,0.0,0.8901050035712186,21.742143381
7925,0.89008426850145,,0.0,0.89008426850145,21.652826145
7930,0.8900660308683117,,0.0,0.8900660308683117,21.698471041
7935,0.8900511960360662,,0.0,0.8900511960360662,21.649300778
7940,0.8900426140377519,,0.0,0.8900426140377519,21.566654627
7945,0.8900393651624258,,0.0,0.8900393651624258,21.418060071
7950,0.8900382484631357,,0.0,0.8900382484631357,21.515662306
7955,0.8900324244380939,,0.0,0.8900324244380939,21.499792455
7960,0.8900248225159193,,0.0,0.8900248225159193,21.416207119
7965,0.8900129536269838,,0.0,0.8900129536269838,21.345661772
7970,0.8899991202203766,,0.0,0.8899991202203766,21.279210352
7975,0.8899881019009299,,0.0,0.8899881019009299,21.195663173
7980,0.8899810471989223,,0.0,0.8899810471989223,21.084244154
7985,0.889984221248689,,0.0,0.889984221248689,20.857298942
7990,0.8899950009039302,,0.0,0.8899950009039302,20.944114177
7995,0.8900080677975951,,0.0,0.8900080677975951,21.221698758
8000,0.890015222562589,,0.0,0.890015222562589,21.433140936
8005,0.890009211689644,,0.0,0.890009211689644,21.412033492
8010,0.8899927287397533,,0.0,0.8899927287397533,20.94662248
8015,0.889958990438297,,0.0,0.889958990438297,20.998139313
8020,0.8899130916078402,,0.0,0.8899130916078402,21.410760994
8025,0.8898672024403621,,0.0,0.8898672024403621,21.997102006
8030,0.8898284370936096,,0.0,0.8898284370936096,22.103548117
8035,0.8897997313851359,,0.0,0.8897997313851359,22.251299012
8040,0.8897900432372308,,0.0,0.8897900432372308,22.762679022
8045,0.8897989640082096,,0.0,0.8897989640082096,22.88127381
8050,0.8898237941346641,,0.0,0.8898237941346641,22.927957565
8055,0.8898543119813198,,0.0,0.8898543119813198,23.00411673
8060,0.8898793969603112,,0.0,0.8898793969603112,23.210840691
8065,0.8898925741938244,,0.0,0.8898925741938244,22.765460573
8070,0.8898882773514072,,0.0,0.8898882773514072,22.693704274
8075,0.8898741342520171,,0.0,0.8898741342520171,22.466420105
8080,0.8898541465965976,,0.0,0.8898541465965976,22.696025273
8085,0.8898311694201998,,0.0,0.8898311694201998,22.291631566
8090,0.8898143248020692,,0.0,0.8898143248020692,22.032896683
8095,0.8898047056137273,,0.0,0.8898047056137273,21.419058513
8100,0.8897964666170519,,0.0,0.8897964666170519,21.334233063
8105,0.8897851555889285,,0.0,0.8897851555889285,21.141743064
8110,0.8897722377097631,,0.0,0.8897722377097631,21.168928076
8115,0.889755981260093,,0.0,0.889755981260093,21.240680128
8120,0.8897394399458111,,0.0,0.8897394399458111,21.026382078
8125,0.8897219350165582,,0.0,0.8897219350165582,21.022785801
8130,0.8897001455907642,,0.0,0.8897001455907642,20.906659343
8135,0.8896754956504417,,0.0,0.8896754956504417,20.991590936
8140,0.8896523680726227,,0.0,0.8896523680726227,21.012783486
8145,0.8896322629153823,,0.0,0.8896322629153823,20.722747826
8150,0.889619543934423,,0.0,0.889619543934423,20.436382384
8155,0.8896155386638617,,0.0,0.8896155386638617,20.429253609
8160,0.8896196304692392,,0.0,0.8896196304692392,20.497983708
8165,0.8896327515437941,,0.0,0.8896327515437941,20.290842458
8170,0.8896568928476549,,0.0,0.8896568928476549,20.046531412
8175,0.8896837788921914,,0.0,0.8896837788921914,20.16234441
8180,0.889697726913094,,0.0,0.889697726913094,20.075722612
8185,0.8896945724848584,,0.0,0.8896945724848584,19.885507407
8190,0.8896863278495507,,0.0,0.8896863278495507,19.676522357
8195,0.8896696574378736,,0.0,0.8896696574378736,19.797038052
8200,0.8896523376285558,,0.0,0.8896523376285558,20.348189733
8205,0.8896472717267172,,0.0,0.8896472717267172,20.739700821
8210,0.8896654974232346,,0.0,0.8896654974232346,20.926015873
8215,0.8897057190377164,,0.0,0.8897057190377164,20.946200675
8220,0.8897565886635651,,0.0,0.8897565886635651,21.083449106
8225,0.889800473388217,,0.0,0.889800473388217,21.409737634
8230,0.8898335101574207,,0.0,0.8898335101574207,21.575712977
8235,0.8898496685903823,,0.0,0.8898496685903823,21.641744549
8240,0.8898417145720007,,0.0,0.8898417145720007,21.968271235
8245,0.8898213330763062,,0.0,0.8898213330763062,21.688096552
8250,0.8898015408631568,,0.0,0.8898015408631568,21.232733763
8255,0.8897859581618336,,0.0,0.8897859581618336,20.958181829
8260,0.8897769129771621,,0.0,0.8897769129771621,20.895400288
8265,0.8897760373521381,,0.0,0.8897760373521381,20.652361375
8270,0.8897895003142471,,0.0,0.8897895003142471,20.561614459
8275,0.8898135714080415,,0.0,0.8898135714080415,20.33184459
8280,0.8898359060077247,,0.0,0.8898359060077247,20.308057552
8285,0.8898535136828618,,0.0,0.8898535136828618,20.463768231
8290,0.8898673177367501,,0.0,0.8898673177367501,20.292380025
8295,0.8898739702769529,,0.0,0.8898739702769529,19.990367276
8300,0.8898769391305249,,0.0,0.8898769391305249,20.068382187
8305,0.8898763279755434,,0.0,0.8898763279755434,20.292892055
8310,0.8898743795325209,,0.0,0.8898743795325209,20.493892006
8315,0.8898755746042522,,0.0,0.8898755746042522,20.383943548
8320,0.8898810611071325,,0.0,0.8898810611071325,20.356425652
8325,0.8898911940021579,,0.0,0.8898911940021579,20.484422671
8330,0.8899081684225127,,0.0,0.8899081684225127,20.329861517
8335,0.8899287781918684,,0.0,0.8899287781918684,20.328783007
8340,0.8899473849507924,,0.0,0.8899473849507924,20.116144189
8345,0.8899645994677472,,0.0,0.8899645994677472,19.722723691
8350,0.8899809921313121,,0.0,0.8899809921313121,19.371511082
8355,0.8899932546558946,,0.0,0.8899932546558946,19.445112997
8360,0.8899948231278588,,0.0,0.8899948231278588,19.632123077
8365,0.8899871049998392,,0.0,0.8899871049998392,19.728647207
8370,0.8899785549916686,,0.0,0.8899785549916686,19.501004231
8375,0.889974595193948,,0.0,0.889974595193948,19.688289877
8380,0.8899763763651254,,0.0,0.8899763763651254,20.050049992
8385,0.8899845019070629,,0.0,0.8899845019070629,20.419733513
8390,0.8900010421072602,,0.0,0.8900010421072602,20.29055709
8395,0.8900266585955521,,0.0,0.8900266585955521,20.248904751
8400,0.8900516412833878,,0.0,0.8900516412833878,20.513102608
8405,0.8900659839858128,,0.0,0.8900659839858128,20.589798839
8410,0.8900676415618086,,0.0,0.8900676415618086,20.804106252
8415,0.8900580045253768,,0.0,0.8900580045253768,20.753312282
8420,0.890038990852736,,0.0,0.890038990852736,21.234594294
8425,0.890015327582115,,0.0,0.890015327582115,21.787331883
8430,0.8899950544936732,,0.0,0.8899950544936732,21.79165032
8435,0.8899789150456227,,0.0,0.8899789150456227,21.21286086
8440,0.8899722198518952,,0.0,0.8899722198518952,21.120296062
8445,0.889971667652452,,0.0,0.889971667652452,21.214348019
8450,0.8899800441135255,,0.0,0.8899800441135255,21.161894705
8455,0.8899916111992159,,0.0,0.8899916111992159,20.917642694
8460,0.8899929587413826,,0.0,0.8899929587413826,20.819071744
8465,0.8899841517434516,,0.0,0.8899841517434516,20.917014607
8470,0.8899663995328899,,0.0,0.8899663995328899,20.766074456
8475,0.889941893036644,,0.0,0.889941893036644,20.647081027
8480,0.8899176121993709,,0.0,0.8899176121993709,20.6234302
8485,0.8899056539563033,,0.0,0.8899056539563033,20.685402736
8490,0.8899161050702692,,0.0,0.8899161050702692,20.910094581
8495,0.8899489796151129,,0.0,0.8899489796151129,20.69262712
8500,0.8899946718169808,,0.0,0.8899946718169808,20.63102379
8505,0.8900406118913042,,0.0,0.8900406118913042,20.824396301
8510,0.8900805579176339,,0.0,0.8900805579176339,20.765064834
8515,0.8901047551076161,,0.0,0.8901047551076161,20.79686518
8520,0.8901121889166981,,0.0,0.8901121889166981,20.76887396
8525,0.8901111319232481,,0.0,0.8901111319232481,20.822522275
8530,0.8901041611868412,,0.0,0.8901041611868412,20.403671498
8535,0.8900963779871864,,0.0,0.8900963779871864,19.996861999
8540,0.890093122450089,,0.0,0.890093122450089,20.036287165
8545,0.8900974527832536,,0.0,0.8900974527832536,20.399530669
8550,0.8901030783875542,,0.0,0.8901030783875542,20.633069311
8555,0.890097878772827,,0.0,0.890097878772827,20.376667814
8560,0.8900924201675345,,0.0,0.8900924201675345,20.515676704
8565,0.890085670247243,,0.0,0.890085670247243,20.967974512
8570,0.8900771745109078,,0.0,0.8900771745109078,21.189061721
8575,0.8900664018584841,,0.0,0.8900664018584841,21.216595254
8580,0.8900629839606085,,0.0,0.8900629839606085,21.088772393
8585,0.8900615318763805,,0.0,0.8900615318763805,21.400646535
8590,0.8900494787314939,,0.0,0.8900494787314939,21.868061749
8595,0.8900256920248463,,0.0,0.8900256920248463,22.258320709
8600,0.8899915705010233,,0.0,0.8899915705010233,22.327568295
8605,0.8899583751452871,,0.0,0.8899583751452871,22.207452527
8610,0.8899350187026599,,0.0,0.8899350187026599,22.437529333
8615,0.8899226684382309,,0.0,0.8899226684382309,22.219993012
8620,0.8899198981418186,,0.0,0.8899198981418186,21.734589111
8625,0.8899237266594475,,0.0,0.8899237266594475,21.458197104
8630,0.8899286434785773,,0.0,0.8899286434785773,20.926357847
8635,0.8899302248648282,,0.0,0.8899302248648282,20.803175554
8640,0.8899259006250244,,0.0,0.8899259006250244,20.788637716
8645,0.889918645842517,,0.0,0.889918645842517,20.796060862
8650,0.8899109214619818,,0.0,0.8899109214619818,20.597148414
8655,0.8899041546030572,,0.0,0.8899041546030572,20.572916204
8660,0.8899005265751838,,0.0,0.8899005265751838,20.329139357
8665,0.8899066394891837,,0.0,0.8899066394891837,20.521588242
8670,0.889927509840654,,0.0,0.889927509840654,20.729781532
8675,0.8899582452293806,,0.0,0.8899582452293806,20.79765139
8680,0.8899945839634522,,0.0,0.8899945839634522,20.87160578
8685,0.8900317371388404,,0.0,0.8900317371388404,20.889432704
8690,0.8900655673636446,,0.0,0.8900655673636446,20.804057471
8695,0.8900914321563842,,0.0,0.8900914321563842,21.09370014
8700,0.8901064707069569,,0.0,0.8901064707069569,21.210499168
8705,0.8901138945347503,,0.0,0.8901138945347503,21.048960377
8710,0.8901147318943787,,0.0,0.8901147318943787,20.8576774
8715,0.8901150175547652,,0.0,0.8901150175547652,20.469233615
8720,0.8901151649549789,,0.0,0.8901151649549789,20.278496709
8725,0.8901128523881829,,0.0,0.8901128523881829,20.412498864
8730,0.8901143062913245,,0.0,0.8901143062913245,20.600235842
8735,0.8901172374024385,,0.0,0.8901172374024385,20.455916294
8740,0.8901068607502497,,0.0,0.8901068607502497,20.33863051
8745,0.8900868956266227,,0.0,0.8900868956266227,20.308187128
8750,0.8900690200255073,,0.0,0.8900690200255073,20.641639527
8755,0.8900596190385922,,0.0,0.8900596190385922,20.518753472
8760,0.8900591179960949,,0.0,0.8900591179960949,20.126621774
8765,0.8900602282382415,,0.0,0.8900602282382415,20.297345156
8770,0.8900555447857311,,0.0,0.8900555447857311,20.616586707
8775,0.8900477524232989,,0.0,0.8900477524232989,20.861894528
8780,0.8900356823170426,,0.0,0.8900356823170426,20.974232734
8785,0.8900225045378551,,0.0,0.8900225045378551,20.889614025
8790,0.8900168141574928,,0.0,0.8900168141574928,20.885354943
8795,0.8900184425171883,,0.0,0.8900184425171883,21.086174146
8800,0.8900237919194535,,0.0,0.8900237919194535,21.119535434
8805,0.8900319273517338,,0.0,0.8900319273517338,20.794833672
8810,0.8900362581396266,,0.0,0.8900362581396266,20.704184248
8815,0.8900294318704354,,0.0,0.8900294318704354,20.509423064
8820,0.8900131404066778,,0.0,0.8900131404066778,20.507524371
8825,0.8899892188275841,,0.0,0.8899892188275841,20.414070098
8830,0.8899690824532385,,0.0,0.8899690824532385,20.271905758
8835,0.8899558825287776,,0.0,0.8899558825287776,20.702968716
8840,0.8899506936683772,,0.0,0.8899506936683772,20.629004235
8845,0.88995948941178,,0.0,0.88995948941178,20.124306232
8850,0.8899814041607235,,0.0,0.8899814041607235,20.149277082
8855,0.8900126371360113,,0.0,0.8900126371360113,20.508661374
8860,0.8900470334067389,,0.0,0.8900470334067389,20.587723947
8865,0.8900781398765835,,0.0,0.8900781398765835,20.49786799
8870,0.8901042993788048,,0.0,0.8901042993788048,20.394761324
8875,0.8901229090479906,,0.0,0.8901229090479906,20.341109525
8880,0.8901356242319677,,0.0,0.8901356242319677,20.70534798
8885,0.8901415320861916,,0.0,0.8901415320861916,20.739708883
8890,0.8901446700077861,,0.0,0.8901446700077861,20.13652502
8895,0.8901409063799012,,0.0,0.8901409063799012,19.999044201
8900,0.8901312291682142,,0.0,0.8901312291682142,19.716664545
8905,0.8901251647737355,,0.0,0.8901251647737355,19.770026817
8910,0.8901204575844022,,0.0,0.8901204575844022,19.868275894
8915,0.8901183593993145,,0.0,0.8901183593993145,19.929417214
8920,0.8901175581905946,,0.0,0.8901175581905946,20.058943131
8925,0.8901115897665466,,0.0,0.8901115897665466,19.753930823
8930,0.8900995755464116,,0.0,0.8900995755464116,19.87299068
8935,0.8900825484912435,,0.0,0.8900825484912435,19.74653697
8940,0.8900697519108813,,0.0,0.8900697519108813,19.570218902
8945,0.8900638930309068,,0.0,0.8900638930309068,19.574922366
8950,0.8900597833319663,,0.0,0.8900597833319663,19.851174059
8955,0.8900533037249775,,0.0,0.8900533037249775,20.12655354
8960,0.8900506081631793,,0.0,0.8900506081631793,20.181787891
8965,0.8900448924089716,,0.0,0.8900448924089716,20.479195557
8970,0.8900360196118399,,0.0,0.8900360196118399,20.479612142
8975,0.890029129453307,,0.0,0.890029129453307,20.666456167
8980,0.8900246509014177,,0.0,0.8900246509014177,20.509720353
8985,0.8900270800605777,,0.0,0.8900270800605777,20.188252698
8990,0.8900358755993528,,0.0,0.8900358755993528,20.126936588
8995,0.8900429684303374,,0.0,0.8900429684303374,20.03648523
9000,0.8900460042426676,,0.0,0.8900460042426676,19.874298975
9005,0.8900439585332384,,0.0,0.8900439585332384,19.730535084
9010,0.8900391998231763,,0.0,0.8900391998231763,19.998640225
9015,0.8900330541232581,,0.0,0.8900330541232581,20.113176584
9020,0.8900317582155022,,0.0,0.8900317582155022,19.882216492
9025,0.8900409655108514,,0.0,0.8900409655108514,19.809062449
9030,0.8900607610207818,,0.0,0.8900607610207818,20.18317938
9035,0.890085636392713,,0.0,0.890085636392713,20.353175919
9040,0.8901123524142974,,0.0,0.8901123524142974,20.411065605
9045,0.8901351711405812,,0.0,0.8901351711405812,20.331211448
9050,0.8901491486278847,,0.0,0.8901491486278847,20.365953889
9055,0.8901475086726147,,0.0,0.8901475086726147,20.5912172
9060,0.890136762144338,,0.0,0.890136762144338,20.761574451
9065,0.8901268652078839,,0.0,0.8901268652078839,20.813792337
9070,0.8901225102511761,,0.0,0.8901225102511761,20.27829671
9075,0.8901232274488224,,0.0,0.8901232274488224,20.018893733
9080,0.8901271321107234,,0.0,0.8901271321107234,20.032343215
9085,0.8901305433695644,,0.0,0.8901305433695644,19.98261535
9090,0.8901339816165365,,0.0,0.8901339816165365,20.153383158
9095,0.890134252520986,,0.0,0.890134252520986,20.174581538
9100,0.8901194853523277,,0.0,0.8901194853523277,20.276092383
9105,0.8901029966273862,,0.0,0.8901029966273862,20.264343261
9110,0.8900948868417882,,0.0,0.8900948868417882,20.432620156
9115,0.8900972490194535,,0.0,0.8900972490194535,20.405673767
9120,0.8901013703139685,,0.0,0.8901013703139685,20.274038001
9125,0.8901059718244195,,0.0,0.8901059718244195,20.269855387
9130,0.8901026279335924,,0.0,0.8901026279335924,20.454286339
9135,0.8900921995787833,,0.0,0.8900921995787833,20.881680651
9140,0.8900778150868174,,0.0,0.8900778150868174,20.943570146
9145,0.8900658250354975,,0.0,0.8900658250354975,20.80335283
9150,0.8900566717846197,,0.0,0.8900566717846197,20.592364401
9155,0.8900502563170729,,0.0,0.8900502563170729,20.422582273
9160,0.8900446868035216,,0.0,0.8900446868035216,20.330711299
9165,0.8900430794068055,,0.0,0.8900430794068055,20.29795942
9170,0.8900473678594836,,0.0,0.8900473678594836,19.951851442
9175,0.8900516130220171,,0.0,0.8900516130220171,19.643636044
9180,0.890050236854697,,0.0,0.890050236854697,19.813769258
9185,0.8900423018439628,,0.0,0.8900423018439628,20.284930232
9190,0.8900317265664048,,0.0,0.8900317265664048,20.27546145
9195,0.8900227535471319,,0.0,0.8900227535471319,20.059144193
9200,0.8900214296508424,,0.0,0.8900214296508424,20.215437172
9205,0.8900385121374037,,0.0,0.8900385121374037,20.733512082
9210,0.8900699906205595,,0.0,0.8900699906205595,20.814332553
9215,0.8901082478310515,,0.0,0.8901082478310515,20.817522004
9220,0.8901352188643277,,0.0,0.8901352188643277,20.611099836
9225,0.8901458637835413,,0.0,0.8901458637835413,20.97155486
9230,0.8901489347918504,,0.0,0.8901489347918504,21.235487241
9235,0.8901444712005258,,0.0,0.8901444712005258,21.211496027
9240,0.8901341047342531,,0.0,0.8901341047342531,20.750794339
9245,0.8901247515847667,,0.0,0.8901247515847667,20.768953163
9250,0.8901201216765265,,0.0,0.8901201216765265,20.817607426
9255,0.8901207956067648,,0.0,0.8901207956067648,20.756684525
9260,0.8901237948816675,,0.0,0.8901237948816675,20.450830209
9265,0.8901235166560905,,0.0,0.8901235166560905,20.519741568
9270,0.8901177783700901,,0.0,0.8901177783700901,20.86964854
9275,0.89010527554428,,0.0,0.89010527554428,20.92552709
9280,0.8900944902504064,,0.0,0.8900944902504064,20.979493891
9285,0.8900846023630477,,0.0,0.8900846023630477,20.999466289
9290,0.8900771615966211,,0.0,0.8900771615966211,21.113662034
9295,0.8900780364713432,,0.0,0.8900780364713432,20.880239937
9300,0.8900717617195025,,0.0,0.8900717617195025,20.982296646
9305,0.8900505333376195,,0.0,0.8900505333376195,21.102557788
9310,0.8900259432395556,,0.0,0.8900259432395556,21.324737198
9315,0.8899971164369066,,0.0,0.8899971164369066,21.445072382
9320,0.889974910843673,,0.0,0.889974910843673,21.158378898
9325,0.8899685164073151,,0.0,0.8899685164073151,20.984759786
9330,0.889971874394723,,0.0,0.889971874394723,20.821688826
9335,0.8899785132703371,,0.0,0.8899785132703371,20.727898526
9340,0.8899862209168667,,0.0,0.8899862209168667,20.807301487
9345,0.8899898511047002,,0.0,0.8899898511047002,20.512217305
9350,0.8899880249836196,,0.0,0.8899880249836196,20.381714391
9355,0.8899801541123276,,0.0,0.8899801541123276,20.365503727
9360,0.8899670884464294,,0.0,0.8899670884464294,20.442062977
9365,0.8899565769445307,,0.0,0.8899565769445307,20.621230724
9370,0.8899491462958112,,0.0,0.8899491462958112,20.658444793
9375,0.8899493050414987,,0.0,0.8899493050414987,20.600893768
9380,0.8899589517181731,,0.0,0.8899589517181731,20.823792076
9385,0.8899767187756172,,0.0,0.8899767187756172,21.039952839
9390,0.8899979810575033,,0.0,0.8899979810575033,21.185479705
9395,0.8900224872354392,,0.0,0.8900224872354392,21.152213634
9400,0.8900469556936538,,0.0,0.8900469556936538,21.168721648
9405,0.8900658081650735,,0.0,0.8900658081650735,21.489759302
9410,0.8900740629180883,,0.0,0.8900740629180883,21.12605161
9415,0.8900737062745974,,0.0,0.8900737062745974,20.599677747
9420,0.8900721511716484,,0.0,0.8900721511716484,20.484853928
9425,0.8900646499263434,,0.0,0.8900646499263434,20.790835481
9430,0.8900530850233493,,0.0,0.8900530850233493,20.606386027
9435,0.8900425013560522,,0.0,0.8900425013560522,20.455554357
9440,0.8900277132471506,,0.0,0.8900277132471506,20.552567118
9445,0.8900067171632752,,0.0,0.8900067171632752,20.757529711
9450,0.8899830638057336,,0.0,0.8899830638057336,21.011365604
9455,0.8899560155141008,,0.0,0.8899560155141008,20.888710361
9460,0.8899243217852525,,0.0,0.8899243217852525,20.85461343
9465,0.8899009017033847,,0.0,0.8899009017033847,20.846613901
9470,0.8898897660640084,,0.0,0.8898897660640084,20.747624241
9475,0.8898764606198203,,0.0,0.8898764606198203,20.61833296
9480,0.8898621704839992,,0.0,0.8898621704839992,20.689201456
9485,0.8898464400641525,,0.0,0.8898464400641525,21.141894593
9490,0.8898362678805926,,0.0,0.8898362678805926,21.273647231
9495,0.8898377833539606,,0.0,0.8898377833539606,21.426839903
9500,0.8898487109778261,,0.0,0.8898487109778261,21.229961267
9505,0.8898618232533863,,0.0,0.8898618232533863,20.797950677
9510,0.8898720727180393,,0.0,0.8898720727180393,20.80158351
9515,0.889876254082177,,0.0,0.889876254082177,20.761043847
9520,0.8898718312572541,,0.0,0.8898718312572541,20.6461331
9525,0.8898595102318618,,0.0,0.8898595102318618,20.473081379
9530,0.8898408971749493,,0.0,0.8898408971749493,20.247744188
9535,0.8898238584332611,,0.0,0.8898238584332611,20.157111371
9540,0.88980774858803,,0.0,0.88980774858803,20.390867737
9545,0.8897962428224654,,0.0,0.8897962428224654,20.504088878
9550,0.8897961521268843,,0.0,0.8897961521268843,20.457431514
9555,0.8898025838737081,,0.0,0.8898025838737081,20.395261371
9560,0.8898139085891567,,0.0,0.8898139085891567,20.707239293
9565,0.8898293452771877,,0.0,0.8898293452771877,20.937704267
9570,0.8898488301166693,,0.0,0.8898488301166693,20.959710088
9575,0.8898647618902554,,0.0,0.8898647618902554,20.903659329
9580,0.8898769708705678,,0.0,0.8898769708705678,21.100864048
9585,0.8898877141702729,,0.0,0.8898877141702729,21.321348291
9590,0.8898938882679802,,0.0,0.8898938882679802,20.626763192
9595,0.8898917728259496,,0.0,0.8898917728259496,20.270588611
9600,0.8898865934011636,,0.0,0.8898865934011636,20.315354876
9605,0.8898828755189565,,0.0,0.8898828755189565,20.44113189
9610,0.8898779050873473,,0.0,0.8898779050873473,20.09027414
9615,0.8898627059494371,,0.0,0.8898627059494371,19.960529229
9620,0.8898335006308605,,0.0,0.8898335006308605,20.250712926
9625,0.8897968208732188,,0.0,0.8897968208732188,20.393356991
9630,0.8897630980552648,,0.0,0.8897630980552648,20.641329864
9635,0.8897343812514178,,0.0,0.8897343812514178,20.47293818
9640,0.889709713826788,,0.0,0.889709713826788,20.455893903
9645,0.8897012068131884,,0.0,0.8897012068131884,20.520018659
9650,0.8897181226417877,,0.0,0.8897181226417877,20.238151741
9655,0.8897393072105886,,0.0,0.8897393072105886,20.170929865
9660,0.8897478805463266,,0.0,0.8897478805463266,20.366290493
9665,0.8897506018002801,,0.0,0.8897506018002801,20.840278597
9670,0.8897438012914531,,0.0,0.8897438012914531,20.947097032
9675,0.8897394657516483,,0.0,0.8897394657516483,20.998442695
9680,0.8897382161352445,,0.0,0.8897382161352445,20.429957903
9685,0.8897378115179062,,0.0,0.8897378115179062,20.114733396
9690,0.8897380171688292,,0.0,0.8897380171688292,20.409651464
9695,0.8897359509284123,,0.0,0.8897359509284123,20.314225499
9700,0.8897291455085184,,0.0,0.8897291455085184,20.100756471
9705,0.8897167947666246,,0.0,0.8897167947666246,19.960391979
9710,0.8897016877566899,,0.0,0.8897016877566899,19.795625194
9715,0.8896852712198835,,0.0,0.8896852712198835,19.761069681
9720,0.8896719811000426,,0.0,0.8896719811000426,19.921277629
9725,0.8896606506777527,,0.0,0.8896606506777527,20.269835815
9730,0.8896553341296151,,0.0,0.8896553341296151,20.375634776
9735,0.8896621247253627,,0.0,0.8896621247253627,20.208924407
9740,0.8896820910085471,,0.0,0.8896820910085471,20.579562437
9745,0.889716661644883,,0.0,0.889716661644883,20.905711088
9750,0.8897575539610313,,0.0,0.8897575539610313,20.904211435
9755,0.8897926543787,,0.0,0.8897926543787,21.021991993
9760,0.8898202164452255,,0.0,0.8898202164452255,21.231433266
9765,0.8898408979025149,,0.0,0.8898408979025149,21.075159133
9770,0.889847251254161,,0.0,0.889847251254161,20.30092903
9775,0.8898407731250394,,0.0,0.8898407731250394,20.285344201
9780,0.8898393172210929,,0.0,0.8898393172210929,20.482743014
9785,0.8898482817824175,,0.0,0.8898482817824175,20.537725053
9790,0.8898518236619939,,0.0,0.8898518236619939,19.9992557
9795,0.889837740222971,,0.0,0.889837740222971,19.900999392
9800,0.8898017834834993,,0.0,0.8898017834834993,20.187765648
9805,0.8897553504608442,,0.0,0.8897553504608442,20.334780263
9810,0.8897172748688787,,0.0,0.8897172748688787,20.510850371
9815,0.8896919620482182,,0.0,0.8896919620482182,20.516043436
9820,0.8896717485974073,,0.0,0.8896717485974073,20.60923803
9825,0.8896632342626802,,0.0,0.8896632342626802,20.486728768
9830,0.8896684694144327,,0.0,0.8896684694144327,20.356984301
9835,0.8896750476520133,,0.0,0.8896750476520133,20.218094375
9840,0.8896717387298008,,0.0,0.8896717387298008,20.5970724
9845,0.8896622802197421,,0.0,0.8896622802197421,21.02399583
9850,0.8896577879577912,,0.0,0.8896577879577912,21.189199957
9855,0.8896615464017723,,0.0,0.8896615464017723,20.880883878
9860,0.8896664133599321,,0.0,0.8896664133599321,20.432143313
9865,0.8896714378587491,,0.0,0.8896714378587491,20.284910915
9870,0.889674875173528,,0.0,0.889674875173528,20.548343872
9875,0.8896709425685662,,0.0,0.8896709425685662,20.348498546
9880,0.8896620315742481,,0.0,0.8896620315742481,20.120061933
9885,0.889650137766196,,0.0,0.889650137766196,20.031529218
9890,0.8896377125397887,,0.0,0.8896377125397887,19.991923561
9895,0.8896258384669494,,0.0,0.8896258384669494,19.747544166
9900,0.889614449020912,,0.0,0.889614449020912,19.997706771
9905,0.8896053670487122,,0.0,0.8896053670487122,20.40247089
9910,0.8896051754716335,,0.0,0.8896051754716335,20.439069213
9915,0.8896201966743175,,0.0,0.8896201966743175,20.201966616
9920,0.8896524642249448,,0.0,0.8896524642249448,20.464237871
9925,0.889698505840122,,0.0,0.889698505840122,20.828162368
9930,0.8897425672267607,,0.0,0.8897425672267607,21.087908396
9935,0.8897784664430888,,0.0,0.8897784664430888,21.32021122
9940,0.8898082295997408,,0.0,0.8898082295997408,21.05344135
9945,0.8898237418181606,,0.0,0.8898237418181606,20.97579307
9950,0.8898256883967968,,0.0,0.8898256883967968,20.493561121
9955,0.8898296879605166,,0.0,0.8898296879605166,20.50951735
9960,0.8898437180144243,,0.0,0.8898437180144243,20.643119602
9965,0.8898551969282762,,0.0,0.8898551969282762,20.648760248
9970,0.8898552613860282,,0.0,0.8898552613860282,20.143361566
9975,0.8898377963591931,,0.0,0.8898377963591931,20.247002487
9980,0.8898079611053519,,0.0,0.8898079611053519,20.559249802
9985,0.8897773738444045,,0.0,0.8897773738444045,20.536739285
9990,0.8897510166944803,,0.0,0.8897510166944803,20.515108709
9995,0.8897360428517601,,0.0,0.8897360428517601,20.689643904
10000,0.8897346521103946,,0.0,0.8897346521103946,20.942411462
