FoamFile
{
    version     2.0;
    format      ascii;
    class       dictionary;
    object      blockMeshDict;
}
// Generated by aether.cfd - do not edit by hand. Regenerate from the run config.

scale 1;

vertices
(
    (0 0 -0.03)
    (-0.172364363995 8.42223175329e-17 -0.03)
    (0 0 0)
    (-0.172364363995 8.42223175329e-17 0)
    (0.00240367319704 0.0536509206537 -0.03)
    (-0.168675287186 0.071544235714 -0.03)
    (0.00240367319704 0.0536509206537 0)
    (-0.168675287186 0.071544235714 0)
    (0.00959489456393 0.106872011746 -0.03)
    (-0.157811195104 0.142245977891 -0.03)
    (0.00959489456393 0.106872011746 0)
    (-0.157811195104 0.142245977891 0)
    (0.0215161668027 0.159236904969 -0.03)
    (-0.140320918288 0.211419954927 -0.03)
    (0.0215161668027 0.159236904969 0)
    (-0.140320918288 0.211419954927 0)
    (0.0380722832449 0.210325980471 -0.03)
    (-0.116949454325 0.278638843971 -0.03)
    (0.0380722832449 0.210325980471 0)
    (-0.116949454325 0.278638843971 0)
    (0.059130193332 0.259730056262 -0.03)
    (-0.0884689929446 0.343757202615 -0.03)
    (0.059130193332 0.259730056262 0)
    (-0.0884689929446 0.343757202615 0)
    (0.0845214037967 0.307053254914 -0.03)
    (-0.0555468826811 0.406877456511 -0.03)
    (0.0845214037967 0.307053254914 0)
    (-0.0555468826811 0.406877456511 0)
    (0.114042558 0.351916378496 -0.03)
    (-0.0186696170411 0.468291168818 -0.03)
    (0.114042558 0.351916378496 0)
    (-0.0186696170411 0.468291168818 0)
    (0.147456884588 0.393960179718 -0.03)
    (0.0218871340649 0.528422404692 -0.03)
    (0.147456884588 0.393960179718 0)
    (0.0218871340649 0.528422404692 0)
    (0.18449694782 0.432847612441 -0.03)
    (0.0660625699566 0.587786536272 -0.03)
    (0.18449694782 0.432847612441 0)
    (0.0660625699566 0.587786536272 0)
    (0.22486588261 0.468267202543 -0.03)
    (0.114006431749 0.646967206844 -0.03)
    (0.22486588261 0.468267202543 0)
    (0.114006431749 0.646967206844 0)
    (0.268240151839 0.499935348245 -0.03)
    (0.166078700487 0.706610331794 -0.03)
    (0.268240151839 0.499935348245 0)
    (0.166078700487 0.706610331794 0)
    (0.314272514275 0.52759796577 -0.03)
    (0.222861046072 0.767432748024 -0.03)
    (0.314272514275 0.52759796577 0)
    (0.222861046072 0.767432748024 0)
    (0.362593970355 0.551033730692 -0.03)
    (0.285185478251 0.830243964184 -0.03)
    (0.362593970355 0.551033730692 0)
    (0.285185478251 0.830243964184 0)
    (0.412716660943 0.570341102695 -0.03)
    (0.354120841927 0.895921033748 -0.03)
    (0.412716660943 0.570341102695 0)
    (0.354120841927 0.895921033748 0)
    (0.463199471118 0.588715342941 -0.03)
    (0.429906217456 0.96446121671 -0.03)
    (0.463199471118 0.588715342941 0)
    (0.429906217456 0.96446121671 0)
    (0.51536304926 0.6 -0.03)
    (0.51536304926 1.03806659732 -0.03)
    (0.51536304926 0.6 0)
    (0.51536304926 1.03806659732 0)
);

blocks
(
    hex (0 4 5 1 2 6 7 3) (4 48 1) simpleGrading (1 4 1)
    hex (4 8 9 5 6 10 11 7) (4 48 1) simpleGrading (1 4 1)
    hex (8 12 13 9 10 14 15 11) (4 48 1) simpleGrading (1 4 1)
    hex (12 16 17 13 14 18 19 15) (4 48 1) simpleGrading (1 4 1)
    hex (16 20 21 17 18 22 23 19) (4 48 1) simpleGrading (1 4 1)
    hex (20 24 25 21 22 26 27 23) (4 48 1) simpleGrading (1 4 1)
    hex (24 28 29 25 26 30 31 27) (4 48 1) simpleGrading (1 4 1)
    hex (28 32 33 29 30 34 35 31) (4 48 1) simpleGrading (1 4 1)
    hex (32 36 37 33 34 38 39 35) (4 48 1) simpleGrading (1 4 1)
    hex (36 40 41 37 38 42 43 39) (4 48 1) simpleGrading (1 4 1)
    hex (40 44 45 41 42 46 47 43) (4 48 1) simpleGrading (1 4 1)
    hex (44 48 49 45 46 50 51 47) (4 48 1) simpleGrading (1 4 1)
    hex (48 52 53 49 50 54 55 51) (4 48 1) simpleGrading (1 4 1)
    hex (52 56 57 53 54 58 59 55) (4 48 1) simpleGrading (1 4 1)
    hex (56 60 61 57 58 62 63 59) (4 48 1) simpleGrading (1 4 1)
    hex (60 64 65 61 62 66 67 63) (4 48 1) simpleGrading (1 4 1)
);

edges
(
    polyLine 0 4 ((7.57215157776e-07 0.000953235341309 -0.03) (3.02885871977e-06 0.0019064682766 -0.03) (6.81492495223e-06 0.00285969639988 -0.03) (1.2115404299e-05 0.00381291730513 -0.03) (1.89302833814e-05 0.00476612858639 -0.03) (2.72595449982e-05 0.0057193278377 -0.03) (3.71031681261e-05 0.00667251265314 -0.03) (4.84611279192e-05 0.00762568062681 -0.03) (6.13333957095e-05 0.00857882935289 -0.03) (7.57199390066e-05 0.00953195642556 -0.03) (9.16207214984e-05 0.0104850594391 -0.03) (0.00010903570305 0.0114381359878 -0.03) (0.000127964839706 0.0123911836661 -0.03) (0.000148408083687 0.0133442000684 -0.03) (0.000170365383395 0.0142971827893 -0.03) (0.000193836683407 0.0152501294233 -0.03) (0.000218821924481 0.0162030375653 -0.03) (0.000245321043553 0.01715590481 -0.03) (0.000273333973738 0.0181087287523 -0.03) (0.000302860644329 0.0190615069873 -0.03) (0.000333900980801 0.02001423711 -0.03) (0.000366454904805 0.0209669167158 -0.03) (0.000400522334174 0.0219195434001 -0.03) (0.000436103182919 0.0228721147583 -0.03) (0.000473197361234 0.0238246283861 -0.03) (0.00051180477549 0.0247770818794 -0.03) (0.00055192532824 0.0257294728341 -0.03) (0.000593558918219 0.0266817988463 -0.03) (0.00063670544034 0.0276340575123 -0.03) (0.0006813647857 0.0285862464285 -0.03) (0.000727536841577 0.0295383631916 -0.03) (0.000775221491429 0.0304904053983 -0.03) (0.000824418614899 0.0314423706458 -0.03) (0.000875128087809 0.0323942565311 -0.03) (0.000927349782168 0.0333460606516 -0.03) (0.000981083566165 0.0342977806051 -0.03) (0.00103632930417 0.0352494139892 -0.03) (0.00109308685675 0.036200958402 -0.03) (0.00115135608063 0.0371524114417 -0.03) (0.00121113682875 0.0381037707069 -0.03) (0.00127242895022 0.0390550337962 -0.03) (0.00133523229032 0.0400061983087 -0.03) (0.00139954669055 0.0409572618435 -0.03) (0.00146537198856 0.0419082220001 -0.03) (0.00153270801822 0.0428590763782 -0.03) (0.00160155460956 0.0438098225779 -0.03) (0.00167191158881 0.0447604581993 -0.03) (0.00174377877839 0.0457109808431 -0.03) (0.0018171559969 0.0466613881101 -0.03) (0.00189204305913 0.0476116776013 -0.03) (0.00196843977606 0.0485618469183 -0.03) (0.00204634595487 0.0495118936628 -0.03) (0.00212576139891 0.0504618154367 -0.03) (0.00220668590774 0.0514116098424 -0.03) (0.00228911927709 0.0523612744826 -0.03) (0.00237306129891 0.0533108069604 -0.03))
    polyLine 2 6 ((7.57215157776e-07 0.000953235341309 0) (3.02885871977e-06 0.0019064682766 0) (6.81492495223e-06 0.00285969639988 0) (1.2115404299e-05 0.00381291730513 0) (1.89302833814e-05 0.00476612858639 0) (2.72595449982e-05 0.0057193278377 0) (3.71031681261e-05 0.00667251265314 0) (4.84611279192e-05 0.00762568062681 0) (6.13333957095e-05 0.00857882935289 0) (7.57199390066e-05 0.00953195642556 0) (9.16207214984e-05 0.0104850594391 0) (0.00010903570305 0.0114381359878 0) (0.000127964839706 0.0123911836661 0) (0.000148408083687 0.0133442000684 0) (0.000170365383395 0.0142971827893 0) (0.000193836683407 0.0152501294233 0) (0.000218821924481 0.0162030375653 0) (0.000245321043553 0.01715590481 0) (0.000273333973738 0.0181087287523 0) (0.000302860644329 0.0190615069873 0) (0.000333900980801 0.02001423711 0) (0.000366454904805 0.0209669167158 0) (0.000400522334174 0.0219195434001 0) (0.000436103182919 0.0228721147583 0) (0.000473197361234 0.0238246283861 0) (0.00051180477549 0.0247770818794 0) (0.00055192532824 0.0257294728341 0) (0.000593558918219 0.0266817988463 0) (0.00063670544034 0.0276340575123 0) (0.0006813647857 0.0285862464285 0) (0.000727536841577 0.0295383631916 0) (0.000775221491429 0.0304904053983 0) (0.000824418614899 0.0314423706458 0) (0.000875128087809 0.0323942565311 0) (0.000927349782168 0.0333460606516 0) (0.000981083566165 0.0342977806051 0) (0.00103632930417 0.0352494139892 0) (0.00109308685675 0.036200958402 0) (0.00115135608063 0.0371524114417 0) (0.00121113682875 0.0381037707069 0) (0.00127242895022 0.0390550337962 0) (0.00133523229032 0.0400061983087 0) (0.00139954669055 0.0409572618435 0) (0.00146537198856 0.0419082220001 0) (0.00153270801822 0.0428590763782 0) (0.00160155460956 0.0438098225779 0) (0.00167191158881 0.0447604581993 0) (0.00174377877839 0.0457109808431 0) (0.0018171559969 0.0466613881101 0) (0.00189204305913 0.0476116776013 0) (0.00196843977606 0.0485618469183 0) (0.00204634595487 0.0495118936628 0) (0.00212576139891 0.0504618154367 0) (0.00220668590774 0.0514116098424 0) (0.00228911927709 0.0523612744826 0) (0.00237306129891 0.0533108069604 0))
    polyLine 1 5 ((-0.172357932464 0.00298622002805 -0.03) (-0.172338638437 0.00597238510655 -0.03) (-0.172306483616 0.00895844030651 -0.03) (-0.172261470837 0.01194433074 -0.03) (-0.172203604064 0.0149300015807 -0.03) (-0.172132888393 0.0179153980845 -0.03) (-0.172049330047 0.0209004656094 -0.03) (-0.171952936369 0.0238851496365 -0.03) (-0.171843715824 0.0268693957899 -0.03) (-0.171721677986 0.0298531498569 -0.03) (-0.171586833542 0.0328363578078 -0.03) (-0.171439194278 0.0358189658163 -0.03) (-0.171278773075 0.0388009202788 -0.03) (-0.171105583903 0.0417821678343 -0.03) (-0.170919641811 0.0447626553834 -0.03) (-0.17072096292 0.0477423301081 -0.03) (-0.170509564413 0.0507211394906 -0.03) (-0.170285464524 0.0536990313319 -0.03) (-0.17004868253 0.0566759537707 -0.03) (-0.169799238739 0.0596518553019 -0.03) (-0.169537154478 0.0626266847943 -0.03) (-0.169262452082 0.0656003915089 -0.03) (-0.16897515488 0.0685729251163 -0.03))
    polyLine 3 7 ((-0.172357932464 0.00298622002805 0) (-0.172338638437 0.00597238510655 0) (-0.172306483616 0.00895844030651 0) (-0.172261470837 0.01194433074 0) (-0.172203604064 0.0149300015807 0) (-0.172132888393 0.0179153980845 0) (-0.172049330047 0.0209004656094 0) (-0.171952936369 0.0238851496365 0) (-0.171843715824 0.0268693957899 0) (-0.171721677986 0.0298531498569 0) (-0.171586833542 0.0328363578078 0) (-0.171439194278 0.0358189658163 0) (-0.171278773075 0.0388009202788 0) (-0.171105583903 0.0417821678343 0) (-0.170919641811 0.0447626553834 0) (-0.17072096292 0.0477423301081 0) (-0.170509564413 0.0507211394906 0) (-0.170285464524 0.0536990313319 0) (-0.17004868253 0.0566759537707 0) (-0.169799238739 0.0596518553019 0) (-0.169537154478 0.0626266847943 0) (-0.169262452082 0.0656003915089 0) (-0.16897515488 0.0685729251163 0))
    polyLine 4 8 ((0.00245851176132 0.0542602048789 -0.03) (0.00254547044864 0.055209465842 -0.03) (0.00263393714137 0.0561585874536 -0.03) (0.00272391161623 0.057107567318 -0.03) (0.00281539364612 0.0580564030401 -0.03) (0.00290838300012 0.0590050922249 -0.03) (0.00300287944354 0.0599536324779 -0.03) (0.00309888273785 0.0609020214048 -0.03) (0.00319639264074 0.061850256612 -0.03) (0.00329540890609 0.062798335706 -0.03) (0.00339593128397 0.0637462562938 -0.03) (0.00349795952067 0.0646940159829 -0.03) (0.00360149335866 0.065641612381 -0.03) (0.00370653253661 0.0665890430964 -0.03) (0.0038130767894 0.0675363057376 -0.03) (0.00392112584811 0.0684833979138 -0.03) (0.00403067944002 0.0694303172344 -0.03) (0.0041417372886 0.0703770613094 -0.03) (0.00425429911354 0.0713236277492 -0.03) (0.00436836463074 0.0722700141645 -0.03) (0.00448393355227 0.0732162181666 -0.03) (0.00460100558645 0.0741622373673 -0.03) (0.00471958043777 0.0751080693788 -0.03) (0.00483965780695 0.0760537118137 -0.03) (0.0049612373909 0.0769991622852 -0.03) (0.00508431888275 0.077944418407 -0.03) (0.00520890197184 0.078889477793 -0.03) (0.00533498634372 0.0798343380581 -0.03) (0.00546257168013 0.0807789968172 -0.03) (0.00559165765906 0.0817234516861 -0.03) (0.00572224395467 0.0826677002809 -0.03) (0.00585433023736 0.0836117402182 -0.03) (0.00598791617375 0.0845555691152 -0.03) (0.00612300142665 0.0854991845897 -0.03) (0.0062595856551 0.08644258426 -0.03) (0.00639766851435 0.0873857657448 -0.03) (0.00653724965588 0.0883287266635 -0.03) (0.00667832872738 0.089271464636 -0.03) (0.00682090537275 0.0902139772829 -0.03) (0.00696497923213 0.0911562622251 -0.03) (0.00711054994187 0.0920983170843 -0.03) (0.00725761713453 0.0930401394827 -0.03) (0.00740618043892 0.0939817270431 -0.03) (0.00755623948005 0.0949230773889 -0.03) (0.00770779387916 0.095864188144 -0.03) (0.00786084325373 0.0968050569331 -0.03) (0.00801538721745 0.0977456813813 -0.03) (0.00817142538024 0.0986860591145 -0.03) (0.00832895734826 0.099626187759 -0.03) (0.00848798272388 0.100566064942 -0.03) (0.00864850110572 0.101505688291 -0.03) (0.00881051208862 0.102445055435 -0.03) (0.00897401526366 0.103384164002 -0.03) (0.00913901021815 0.104323011623 -0.03) (0.00930549653563 0.105261595926 -0.03) (0.00947347379588 0.106199914545 -0.03))
    polyLine 6 10 ((0.00245851176132 0.0542602048789 0) (0.00254547044864 0.055209465842 0) (0.00263393714137 0.0561585874536 0) (0.00272391161623 0.057107567318 0) (0.00281539364612 0.0580564030401 0) (0.00290838300012 0.0590050922249 0) (0.00300287944354 0.0599536324779 0) (0.00309888273785 0.0609020214048 0) (0.00319639264074 0.061850256612 0) (0.00329540890609 0.062798335706 0) (0.00339593128397 0.0637462562938 0) (0.00349795952067 0.0646940159829 0) (0.00360149335866 0.065641612381 0) (0.00370653253661 0.0665890430964 0) (0.0038130767894 0.0675363057376 0) (0.00392112584811 0.0684833979138 0) (0.00403067944002 0.0694303172344 0) (0.0041417372886 0.0703770613094 0) (0.00425429911354 0.0713236277492 0) (0.00436836463074 0.0722700141645 0) (0.00448393355227 0.0732162181666 0) (0.00460100558645 0.0741622373673 0) (0.00471958043777 0.0751080693788 0) (0.00483965780695 0.0760537118137 0) (0.0049612373909 0.0769991622852 0) (0.00508431888275 0.077944418407 0) (0.00520890197184 0.078889477793 0) (0.00533498634372 0.0798343380581 0) (0.00546257168013 0.0807789968172 0) (0.00559165765906 0.0817234516861 0) (0.00572224395467 0.0826677002809 0) (0.00585433023736 0.0836117402182 0) (0.00598791617375 0.0845555691152 0) (0.00612300142665 0.0854991845897 0) (0.0062595856551 0.08644258426 0) (0.00639766851435 0.0873857657448 0) (0.00653724965588 0.0883287266635 0) (0.00667832872738 0.089271464636 0) (0.00682090537275 0.0902139772829 0) (0.00696497923213 0.0911562622251 0) (0.00711054994187 0.0920983170843 0) (0.00725761713453 0.0930401394827 0) (0.00740618043892 0.0939817270431 0) (0.00755623948005 0.0949230773889 0) (0.00770779387916 0.095864188144 0) (0.00786084325373 0.0968050569331 0) (0.00801538721745 0.0977456813813 0) (0.00817142538024 0.0986860591145 0) (0.00832895734826 0.099626187759 0) (0.00848798272388 0.100566064942 0) (0.00864850110572 0.101505688291 0) (0.00881051208862 0.102445055435 0) (0.00897401526366 0.103384164002 0) (0.00913901021815 0.104323011623 0) (0.00930549653563 0.105261595926 0) (0.00947347379588 0.106199914545 0))
    polyLine 5 9 ((-0.168363428155 0.0745091127309 -0.03) (-0.168039093581 0.0774726729563 -0.03) (-0.167702310495 0.0804348681209 -0.03) (-0.167353106848 0.0833956504457 -0.03) (-0.166991511492 0.0863549726569 -0.03) (-0.16661755417 0.0893127880019 -0.03) (-0.166231265495 0.0922690502638 -0.03) (-0.165832676934 0.0952237137763 -0.03) (-0.165421820797 0.0981767334379 -0.03) (-0.164998730209 0.101128064726 -0.03) (-0.164563439104 0.104077663711 -0.03) (-0.164115982199 0.107025487067 -0.03) (-0.16365639498 0.109971492089 -0.03) (-0.16318471368 0.112915636702 -0.03) (-0.162700975265 0.115857879472 -0.03) (-0.162205217411 0.118798179624 -0.03) (-0.161697478485 0.121736497044 -0.03) (-0.161177797528 0.1246727923 -0.03) (-0.160646214233 0.127607026643 -0.03) (-0.160102768926 0.130539162024 -0.03) (-0.159547502545 0.133469161101 -0.03) (-0.15898045662 0.136396987249 -0.03) (-0.158401673255 0.139322604568 -0.03))
    polyLine 7 11 ((-0.168363428155 0.0745091127309 0) (-0.168039093581 0.0774726729563 0) (-0.167702310495 0.0804348681209 0) (-0.167353106848 0.0833956504457 0) (-0.166991511492 0.0863549726569 0) (-0.16661755417 0.0893127880019 0) (-0.166231265495 0.0922690502638 0) (-0.165832676934 0.0952237137763 0) (-0.165421820797 0.0981767334379 0) (-0.164998730209 0.101128064726 0) (-0.164563439104 0.104077663711 0) (-0.164115982199 0.107025487067 0) (-0.16365639498 0.109971492089 0) (-0.16318471368 0.112915636702 0) (-0.162700975265 0.115857879472 0) (-0.162205217411 0.118798179624 0) (-0.161697478485 0.121736497044 0) (-0.161177797528 0.1246727923 0) (-0.160646214233 0.127607026643 0) (-0.160102768926 0.130539162024 0) (-0.159547502545 0.133469161101 0) (-0.15898045662 0.136396987249 0) (-0.158401673255 0.139322604568 0))
    polyLine 8 12 ((0.00964294157492 0.107137965109 -0.03) (0.00981389944501 0.108075745252 -0.03) (0.00998634697463 0.109013252606 -0.03) (0.0101602837285 0.109950484805 -0.03) (0.0103357092677 0.110887439483 -0.03) (0.0105126231493 0.111824114276 -0.03) (0.0106910249268 0.112760506819 -0.03) (0.0108709141499 0.113696614749 -0.03) (0.0110522903647 0.114632435703 -0.03) (0.0112351531132 0.115567967319 -0.03) (0.0114195019339 0.116503207236 -0.03) (0.0116053363616 0.117438153093 -0.03) (0.0117926559271 0.118372802529 -0.03) (0.0119814601576 0.119307153187 -0.03) (0.0121717485767 0.120241202708 -0.03) (0.012363520704 0.121174948734 -0.03) (0.0125567760554 0.122108388908 -0.03) (0.0127515141432 0.123041520874 -0.03) (0.0129477344759 0.123974342277 -0.03) (0.0131454365582 0.124906850763 -0.03) (0.013344619891 0.125839043977 -0.03) (0.0135452839716 0.126770919568 -0.03) (0.0137474282936 0.127702475182 -0.03) (0.0139510523467 0.128633708469 -0.03) (0.0141561556169 0.129564617077 -0.03) (0.0143627375866 0.130495198659 -0.03) (0.0145707977343 0.131425450863 -0.03) (0.014780335535 0.132355371343 -0.03) (0.0149913504596 0.133284957752 -0.03) (0.0152038419756 0.134214207742 -0.03) (0.0154178095467 0.135143118969 -0.03) (0.0156332526327 0.136071689088 -0.03) (0.01585017069 0.136999915756 -0.03) (0.0160685631709 0.137927796628 -0.03) (0.0162884295243 0.138855329364 -0.03) (0.0165097691952 0.139782511622 -0.03) (0.0167325816249 0.140709341062 -0.03) (0.016956866251 0.141635815344 -0.03) (0.0171826225075 0.14256193213 -0.03) (0.0174098498245 0.143487689083 -0.03) (0.0176385476284 0.144413083866 -0.03) (0.0178687153421 0.145338114143 -0.03) (0.0181003523845 0.146262777579 -0.03) (0.0183334581711 0.14718707184 -0.03) (0.0185680321134 0.148110994594 -0.03) (0.0188040736194 0.149034543508 -0.03) (0.0190415820932 0.149957716251 -0.03) (0.0192805569355 0.150880510494 -0.03) (0.019520997543 0.151802923906 -0.03) (0.0197629033088 0.15272495416 -0.03) (0.0200062736223 0.153646598929 -0.03) (0.0202511078693 0.154567855886 -0.03) (0.0204974054318 0.155488722706 -0.03) (0.0207451656882 0.156409197065 -0.03) (0.020994388013 0.157329276638 -0.03) (0.0212450717772 0.158248959105 -0.03) (0.0214972163482 0.159168242144 -0.03))
    polyLine 10 14 ((0.00964294157492 0.107137965109 0) (0.00981389944501 0.108075745252 0) (0.00998634697463 0.109013252606 0) (0.0101602837285 0.109950484805 0) (0.0103357092677 0.110887439483 0) (0.0105126231493 0.111824114276 0) (0.0106910249268 0.112760506819 0) (0.0108709141499 0.113696614749 0) (0.0110522903647 0.114632435703 0) (0.0112351531132 0.115567967319 0) (0.0114195019339 0.116503207236 0) (0.0116053363616 0.117438153093 0) (0.0117926559271 0.118372802529 0) (0.0119814601576 0.119307153187 0) (0.0121717485767 0.120241202708 0) (0.012363520704 0.121174948734 0) (0.0125567760554 0.122108388908 0) (0.0127515141432 0.123041520874 0) (0.0129477344759 0.123974342277 0) (0.0131454365582 0.124906850763 0) (0.013344619891 0.125839043977 0) (0.0135452839716 0.126770919568 0) (0.0137474282936 0.127702475182 0) (0.0139510523467 0.128633708469 0) (0.0141561556169 0.129564617077 0) (0.0143627375866 0.130495198659 0) (0.0145707977343 0.131425450863 0) (0.014780335535 0.132355371343 0) (0.0149913504596 0.133284957752 0) (0.0152038419756 0.134214207742 0) (0.0154178095467 0.135143118969 0) (0.0156332526327 0.136071689088 0) (0.01585017069 0.136999915756 0) (0.0160685631709 0.137927796628 0) (0.0162884295243 0.138855329364 0) (0.0165097691952 0.139782511622 0) (0.0167325816249 0.140709341062 0) (0.016956866251 0.141635815344 0) (0.0171826225075 0.14256193213 0) (0.0174098498245 0.143487689083 0) (0.0176385476284 0.144413083866 0) (0.0178687153421 0.145338114143 0) (0.0181003523845 0.146262777579 0) (0.0183334581711 0.14718707184 0) (0.0185680321134 0.148110994594 0) (0.0188040736194 0.149034543508 0) (0.0190415820932 0.149957716251 0) (0.0192805569355 0.150880510494 0) (0.019520997543 0.151802923906 0) (0.0197629033088 0.15272495416 0) (0.0200062736223 0.153646598929 0) (0.0202511078693 0.154567855886 0) (0.0204974054318 0.155488722706 0) (0.0207451656882 0.156409197065 0) (0.020994388013 0.157329276638 0) (0.0212450717772 0.158248959105 0) (0.0214972163482 0.159168242144 0))
    polyLine 9 13 ((-0.157211154765 0.14515703698 -0.03) (-0.156599586023 0.148065799955 -0.03) (-0.155976532606 0.150972234235 -0.03) (-0.1553420387 0.153876307992 -0.03) (-0.154696148937 0.156777990157 -0.03) (-0.154038908365 0.159677250428 -0.03) (-0.153370362434 0.162574059276 -0.03) (-0.152690556973 0.165468387948 -0.03) (-0.151999538168 0.168360208473 -0.03) (-0.151297352543 0.171249493667 -0.03) (-0.150584046939 0.174136217137 -0.03) (-0.149859668493 0.177020353285 -0.03) (-0.149124264618 0.179901877309 -0.03) (-0.14837788298 0.182780765212 -0.03) (-0.147620571482 0.185656993796 -0.03) (-0.146852378241 0.188530540673 -0.03) (-0.146073351567 0.191401384263 -0.03) (-0.145283539943 0.194269503794 -0.03) (-0.144482992009 0.197134879307 -0.03) (-0.143671756536 0.199997491655 -0.03) (-0.14284988241 0.202857322504 -0.03) (-0.142017418613 0.205714354334 -0.03) (-0.141174414202 0.20856857044 -0.03))
    polyLine 11 15 ((-0.157211154765 0.14515703698 0) (-0.156599586023 0.148065799955 0) (-0.155976532606 0.150972234235 0) (-0.1553420387 0.153876307992 0) (-0.154696148937 0.156777990157 0) (-0.154038908365 0.159677250428 0) (-0.153370362434 0.162574059276 0) (-0.152690556973 0.165468387948 0) (-0.151999538168 0.168360208473 0) (-0.151297352543 0.171249493667 0) (-0.150584046939 0.174136217137 0) (-0.149859668493 0.177020353285 0) (-0.149124264618 0.179901877309 0) (-0.14837788298 0.182780765212 0) (-0.147620571482 0.185656993796 0) (-0.146852378241 0.188530540673 0) (-0.146073351567 0.191401384263 0) (-0.145283539943 0.194269503794 0) (-0.144482992009 0.197134879307 0) (-0.143671756536 0.199997491655 0) (-0.14284988241 0.202857322504 0) (-0.142017418613 0.205714354334 0) (-0.141174414202 0.20856857044 0))
    polyLine 12 16 ((0.0217508210893 0.160087123433 -0.03) (0.0220058853606 0.161005600655 -0.03) (0.0222624085183 0.16192367149 -0.03) (0.0225203899148 0.162841333622 -0.03) (0.0227798288991 0.163758584734 -0.03) (0.0230407248162 0.164675422512 -0.03) (0.0233030770077 0.16559184464 -0.03) (0.0235668848114 0.166507848806 -0.03) (0.0238321475613 0.167423432697 -0.03) (0.0240988645881 0.168338594004 -0.03) (0.0243670352184 0.169253330415 -0.03) (0.0246366587753 0.170167639623 -0.03) (0.0249077345785 0.171081519319 -0.03) (0.0251802619435 0.171994967196 -0.03) (0.0254542401827 0.172907980949 -0.03) (0.0257296686043 0.173820558274 -0.03) (0.0260065465133 0.174732696867 -0.03) (0.0262848732108 0.175644394426 -0.03) (0.0265646479942 0.176555648649 -0.03) (0.0268458701574 0.177466457237 -0.03) (0.0271285389907 0.178376817891 -0.03) (0.0274126537804 0.179286728313 -0.03) (0.0276982138095 0.180196186206 -0.03) (0.0279852183573 0.181105189275 -0.03) (0.0282736666992 0.182013735225 -0.03) (0.0285635581073 0.182921821763 -0.03) (0.0288548918499 0.183829446597 -0.03) (0.0291476671916 0.184736607437 -0.03) (0.0294418833934 0.185643301991 -0.03) (0.0297375397127 0.186549527973 -0.03) (0.0300346354033 0.187455283095 -0.03) (0.0303331697152 0.188360565069 -0.03) (0.030633141895 0.189265371613 -0.03) (0.0309345511856 0.190169700441 -0.03) (0.0312373968261 0.19107354927 -0.03) (0.0315416780521 0.191976915821 -0.03) (0.0318473940956 0.192879797812 -0.03) (0.0321545441851 0.193782192965 -0.03) (0.0324631275451 0.194684099002 -0.03) (0.0327731433969 0.195585513646 -0.03) (0.033084590958 0.196486434623 -0.03) (0.0333974694422 0.197386859658 -0.03) (0.0337117780598 0.198286786478 -0.03) (0.0340275160175 0.199186212813 -0.03) (0.0343446825183 0.200085136391 -0.03) (0.0346632767617 0.200983554945 -0.03) (0.0349832979436 0.201881466206 -0.03) (0.0353047452562 0.202778867907 -0.03) (0.0356276178881 0.203675757785 -0.03) (0.0359519150245 0.204572133575 -0.03) (0.0362776358467 0.205467993015 -0.03) (0.0366047795327 0.206363333842 -0.03) (0.0369333452566 0.207258153799 -0.03) (0.0372633321892 0.208152450625 -0.03) (0.0375947394977 0.209046222064 -0.03) (0.0379275663454 0.20993946586 -0.03))
    polyLine 14 18 ((0.0217508210893 0.160087123433 0) (0.0220058853606 0.161005600655 0) (0.0222624085183 0.16192367149 0) (0.0225203899148 0.162841333622 0) (0.0227798288991 0.163758584734 0) (0.0230407248162 0.164675422512 0) (0.0233030770077 0.16559184464 0) (0.0235668848114 0.166507848806 0) (0.0238321475613 0.167423432697 0) (0.0240988645881 0.168338594004 0) (0.0243670352184 0.169253330415 0) (0.0246366587753 0.170167639623 0) (0.0249077345785 0.171081519319 0) (0.0251802619435 0.171994967196 0) (0.0254542401827 0.172907980949 0) (0.0257296686043 0.173820558274 0) (0.0260065465133 0.174732696867 0) (0.0262848732108 0.175644394426 0) (0.0265646479942 0.176555648649 0) (0.0268458701574 0.177466457237 0) (0.0271285389907 0.178376817891 0) (0.0274126537804 0.179286728313 0) (0.0276982138095 0.180196186206 0) (0.0279852183573 0.181105189275 0) (0.0282736666992 0.182013735225 0) (0.0285635581073 0.182921821763 0) (0.0288548918499 0.183829446597 0) (0.0291476671916 0.184736607437 0) (0.0294418833934 0.185643301991 0) (0.0297375397127 0.186549527973 0) (0.0300346354033 0.187455283095 0) (0.0303331697152 0.188360565069 0) (0.030633141895 0.189265371613 0) (0.0309345511856 0.190169700441 0) (0.0312373968261 0.19107354927 0) (0.0315416780521 0.191976915821 0) (0.0318473940956 0.192879797812 0) (0.0321545441851 0.193782192965 0) (0.0324631275451 0.194684099002 0) (0.0327731433969 0.195585513646 0) (0.033084590958 0.196486434623 0) (0.0333974694422 0.197386859658 0) (0.0337117780598 0.198286786478 0) (0.0340275160175 0.199186212813 0) (0.0343446825183 0.200085136391 0) (0.0346632767617 0.200983554945 0) (0.0349832979436 0.201881466206 0) (0.0353047452562 0.202778867907 0) (0.0356276178881 0.203675757785 0) (0.0359519150245 0.204572133575 0) (0.0362776358467 0.205467993015 0) (0.0366047795327 0.206363333842 0) (0.0369333452566 0.207258153799 0) (0.0372633321892 0.208152450625 0) (0.0375947394977 0.209046222064 0) (0.0379275663454 0.20993946586 0))
    polyLine 13 17 ((-0.139461379449 0.214254080743 -0.03) (-0.138591552133 0.217085374555 -0.03) (-0.137711484762 0.219913823102 -0.03) (-0.136821225742 0.222739413922 -0.03) (-0.135920823444 0.22556213534 -0.03) (-0.135010326183 0.228381976474 -0.03) (-0.134089782204 0.231198927232 -0.03) (-0.133159239662 0.234012978305 -0.03) (-0.132218746608 0.236824121169 -0.03) (-0.131268350972 0.239632348081 -0.03) (-0.130308100545 0.242437652077 -0.03) (-0.12933804296 0.245240026967 -0.03) (-0.128358225685 0.248039467331 -0.03) (-0.127368695998 0.250835968521 -0.03) (-0.126369500975 0.253629526649 -0.03) (-0.125360687477 0.256420138591 -0.03) (-0.124342302131 0.259207801977 -0.03) (-0.12331439132 0.261992515191 -0.03) (-0.122277001161 0.264774277365 -0.03) (-0.121230177501 0.267553088371 -0.03) (-0.120173965895 0.270328948824 -0.03) (-0.119108411594 0.273101860071 -0.03) (-0.118033559536 0.275871824186 -0.03))
    polyLine 15 19 ((-0.139461379449 0.214254080743 0) (-0.138591552133 0.217085374555 0) (-0.137711484762 0.219913823102 0) (-0.136821225742 0.222739413922 0) (-0.135920823444 0.22556213534 0) (-0.135010326183 0.228381976474 0) (-0.134089782204 0.231198927232 0) (-0.133159239662 0.234012978305 0) (-0.132218746608 0.236824121169 0) (-0.131268350972 0.239632348081 0) (-0.130308100545 0.242437652077 0) (-0.12933804296 0.245240026967 0) (-0.128358225685 0.248039467331 0) (-0.127368695998 0.250835968521 0) (-0.126369500975 0.253629526649 0) (-0.125360687477 0.256420138591 0) (-0.124342302131 0.259207801977 0) (-0.12331439132 0.261992515191 0) (-0.122277001161 0.264774277365 0) (-0.121230177501 0.267553088371 0) (-0.120173965895 0.270328948824 0) (-0.119108411594 0.273101860071 0) (-0.118033559536 0.275871824186 0))
    polyLine 16 20 ((0.0382618118923 0.210832179758 -0.03) (0.0385974752948 0.211724361505 -0.03) (0.0389345557056 0.212616008849 -0.03) (0.039273052274 0.213507119539 -0.03) (0.0396129641455 0.214397691327 -0.03) (0.0399542904622 0.215287721964 -0.03) (0.0402970303626 0.216177209204 -0.03) (0.0406411829816 0.217066150801 -0.03) (0.0409867474504 0.217954544513 -0.03) (0.041333722897 0.218842388097 -0.03) (0.0416821084455 0.219729679311 -0.03) (0.0420319032165 0.220616415916 -0.03) (0.0423831063272 0.221502595675 -0.03) (0.0427357168911 0.22238821635 -0.03) (0.0430897340183 0.223273275705 -0.03) (0.0434451568151 0.224157771508 -0.03) (0.0438019843844 0.225041701525 -0.03) (0.0441602158256 0.225925063525 -0.03) (0.0445198502345 0.22680785528 -0.03) (0.0448808867034 0.227690074559 -0.03) (0.045243324321 0.228571719138 -0.03) (0.0456071621724 0.22945278679 -0.03) (0.0459723993394 0.230333275291 -0.03) (0.0463390349 0.23121318242 -0.03) (0.0467070679289 0.232092505954 -0.03) (0.0470764974971 0.232971243676 -0.03) (0.0474473226722 0.233849393366 -0.03) (0.0478195425181 0.234726952809 -0.03) (0.0481931560954 0.235603919789 -0.03) (0.0485681624611 0.236480292093 -0.03) (0.0489445606686 0.237356067509 -0.03) (0.0493223497679 0.238231243826 -0.03) (0.0497015288053 0.239105818835 -0.03) (0.0500820968239 0.239979790329 -0.03) (0.0504640528631 0.240853156102 -0.03) (0.0508473959588 0.24172591395 -0.03) (0.0512321251434 0.242598061669 -0.03) (0.0516182394459 0.243469597058 -0.03) (0.0520057378916 0.244340517918 -0.03) (0.0523946195025 0.24521082205 -0.03) (0.0527848832971 0.246080507257 -0.03) (0.0531765282903 0.246949571345 -0.03) (0.0535695534935 0.247818012119 -0.03) (0.0539639579148 0.248685827389 -0.03) (0.0543597405587 0.249553014962 -0.03) (0.0547569004261 0.250419572652 -0.03) (0.0551554365147 0.251285498269 -0.03) (0.0555553478185 0.25215078963 -0.03) (0.0559566333281 0.253015444549 -0.03) (0.0563592920306 0.253879460844 -0.03) (0.0567633229098 0.254742836335 -0.03) (0.0571687249457 0.255605568842 -0.03) (0.0575754971153 0.256467656187 -0.03) (0.0579836383917 0.257329096196 -0.03) (0.0583931477448 0.258189886692 -0.03) (0.0588040241409 0.259050025505 -0.03))
    polyLine 18 22 ((0.0382618118923 0.210832179758 0) (0.0385974752948 0.211724361505 0) (0.0389345557056 0.212616008849 0) (0.039273052274 0.213507119539 0) (0.0396129641455 0.214397691327 0) (0.0399542904622 0.215287721964 0) (0.0402970303626 0.216177209204 0) (0.0406411829816 0.217066150801 0) (0.0409867474504 0.217954544513 0) (0.041333722897 0.218842388097 0) (0.0416821084455 0.219729679311 0) (0.0420319032165 0.220616415916 0) (0.0423831063272 0.221502595675 0) (0.0427357168911 0.22238821635 0) (0.0430897340183 0.223273275705 0) (0.0434451568151 0.224157771508 0) (0.0438019843844 0.225041701525 0) (0.0441602158256 0.225925063525 0) (0.0445198502345 0.22680785528 0) (0.0448808867034 0.227690074559 0) (0.045243324321 0.228571719138 0) (0.0456071621724 0.22945278679 0) (0.0459723993394 0.230333275291 0) (0.0463390349 0.23121318242 0) (0.0467070679289 0.232092505954 0) (0.0470764974971 0.232971243676 0) (0.0474473226722 0.233849393366 0) (0.0478195425181 0.234726952809 0) (0.0481931560954 0.235603919789 0) (0.0485681624611 0.236480292093 0) (0.0489445606686 0.237356067509 0) (0.0493223497679 0.238231243826 0) (0.0497015288053 0.239105818835 0) (0.0500820968239 0.239979790329 0) (0.0504640528631 0.240853156102 0) (0.0508473959588 0.24172591395 0) (0.0512321251434 0.242598061669 0) (0.0516182394459 0.243469597058 0) (0.0520057378916 0.244340517918 0) (0.0523946195025 0.24521082205 0) (0.0527848832971 0.246080507257 0) (0.0531765282903 0.246949571345 0) (0.0535695534935 0.247818012119 0) (0.0539639579148 0.248685827389 0) (0.0543597405587 0.249553014962 0) (0.0547569004261 0.250419572652 0) (0.0551554365147 0.251285498269 0) (0.0555553478185 0.25215078963 0) (0.0559566333281 0.253015444549 0) (0.0563592920306 0.253879460844 0) (0.0567633229098 0.254742836335 0) (0.0571687249457 0.255605568842 0) (0.0575754971153 0.256467656187 0) (0.0579836383917 0.257329096196 0) (0.0583931477448 0.258189886692 0) (0.0588040241409 0.259050025505 0))
    polyLine 17 21 ((-0.115863367851 0.281384735811 -0.03) (-0.11476823639 0.284127729576 -0.03) (-0.113664102632 0.286867830105 -0.03) (-0.1125510089 0.289605042916 -0.03) (-0.111428997135 0.29233937421 -0.03) (-0.110298108887 0.295070830859 -0.03) (-0.109158385301 0.297799420405 -0.03) (-0.108009867111 0.30052515105 -0.03) (-0.106852594625 0.303248031655 -0.03) (-0.10568660772 0.305968071731 -0.03) (-0.104511945825 0.308685281433 -0.03) (-0.103328647919 0.311399671558 -0.03) (-0.102136752514 0.314111253535 -0.03) (-0.100936297652 0.31682003942 -0.03) (-0.0997273208929 0.319526041892 -0.03) (-0.0985098593074 0.322229274246 -0.03) (-0.0972839494662 0.324929750385 -0.03) (-0.0960496274335 0.327627484817 -0.03) (-0.0948069287586 0.33032249265 -0.03) (-0.0935558884676 0.33301478958 -0.03) (-0.0922965410563 0.335704391891 -0.03) (-0.0910289204824 0.338391316448 -0.03) (-0.0897530601583 0.341075580687 -0.03))
    polyLine 19 23 ((-0.115863367851 0.281384735811 0) (-0.11476823639 0.284127729576 0) (-0.113664102632 0.286867830105 0) (-0.1125510089 0.289605042916 0) (-0.111428997135 0.29233937421 0) (-0.110298108887 0.295070830859 0) (-0.109158385301 0.297799420405 0) (-0.108009867111 0.30052515105 0) (-0.106852594625 0.303248031655 0) (-0.10568660772 0.305968071731 0) (-0.104511945825 0.308685281433 0) (-0.103328647919 0.311399671558 0) (-0.102136752514 0.314111253535 0) (-0.100936297652 0.31682003942 0) (-0.0997273208929 0.319526041892 0) (-0.0985098593074 0.322229274246 0) (-0.0972839494662 0.324929750385 0) (-0.0960496274335 0.327627484817 0) (-0.0948069287586 0.33032249265 0) (-0.0935558884676 0.33301478958 0) (-0.0922965410563 0.335704391891 0) (-0.0910289204824 0.338391316448 0) (-0.0897530601583 0.341075580687 0))
    polyLine 20 24 ((0.059216266543 0.259909510461 -0.03) (0.0596298739106 0.260768339394 -0.03) (0.0600448451997 0.261626510133 -0.03) (0.0604611793629 0.262484020515 -0.03) (0.0608788753493 0.263340868373 -0.03) (0.0612979321047 0.264197051545 -0.03) (0.0617183485713 0.265052567871 -0.03) (0.062140123688 0.265907415191 -0.03) (0.0625632563902 0.266761591347 -0.03) (0.06298774561 0.267615094184 -0.03) (0.0634135902757 0.268467921546 -0.03) (0.0638407893127 0.269320071282 -0.03) (0.0642693416426 0.27017154124 -0.03) (0.0646992461838 0.271022329272 -0.03) (0.0651305018511 0.271872433229 -0.03) (0.0655631075561 0.272721850967 -0.03) (0.0659970622067 0.273570580341 -0.03) (0.0664323647078 0.274418619209 -0.03) (0.0668690139605 0.275265965431 -0.03) (0.0673070088628 0.276112616867 -0.03) (0.0677463483091 0.276958571382 -0.03) (0.0681870311906 0.277803826838 -0.03) (0.0686290563948 0.278648381104 -0.03) (0.0690724228061 0.279492232048 -0.03) (0.0695171293055 0.280335377539 -0.03) (0.0699631747704 0.281177815449 -0.03) (0.0704105580751 0.282019543652 -0.03) (0.0708592780903 0.282860560024 -0.03) (0.0713093336833 0.283700862441 -0.03) (0.0717607237184 0.284540448783 -0.03) (0.072213447056 0.28537931693 -0.03) (0.0726675025536 0.286217464766 -0.03) (0.0731228890651 0.287054890174 -0.03) (0.073579605441 0.287891591041 -0.03) (0.0740376505286 0.288727565256 -0.03) (0.0744970231717 0.289562810707 -0.03) (0.0749577222109 0.290397325287 -0.03) (0.0754197464833 0.29123110689 -0.03) (0.0758830948228 0.292064153411 -0.03) (0.0763477660599 0.292896462747 -0.03) (0.0768137590216 0.293728032797 -0.03) (0.0772810725318 0.294558861463 -0.03) (0.0777497054111 0.295388946648 -0.03) (0.0782196564764 0.296218286256 -0.03) (0.0786909245417 0.297046878194 -0.03) (0.0791635084175 0.297874720371 -0.03) (0.0796374069109 0.298701810697 -0.03) (0.0801126188257 0.299528147084 -0.03) (0.0805891429626 0.300353727448 -0.03) (0.0810669781187 0.301178549703 -0.03) (0.081546123088 0.302002611768 -0.03) (0.0820265766611 0.302825911564 -0.03) (0.0825083376252 0.303648447012 -0.03) (0.0829914047645 0.304470216035 -0.03) (0.0834757768596 0.305291216561 -0.03) (0.0839614526879 0.306111446516 -0.03) (0.0844484310236 0.30693090383 -0.03))
    polyLine 22 26 ((0.059216266543 0.259909510461 0) (0.0596298739106 0.260768339394 0) (0.0600448451997 0.261626510133 0) (0.0604611793629 0.262484020515 0) (0.0608788753493 0.263340868373 0) (0.0612979321047 0.264197051545 0) (0.0617183485713 0.265052567871 0) (0.062140123688 0.265907415191 0) (0.0625632563902 0.266761591347 0) (0.06298774561 0.267615094184 0) (0.0634135902757 0.268467921546 0) (0.0638407893127 0.269320071282 0) (0.0642693416426 0.27017154124 0) (0.0646992461838 0.271022329272 0) (0.0651305018511 0.271872433229 0) (0.0655631075561 0.272721850967 0) (0.0659970622067 0.273570580341 0) (0.0664323647078 0.274418619209 0) (0.0668690139605 0.275265965431 0) (0.0673070088628 0.276112616867 0) (0.0677463483091 0.276958571382 0) (0.0681870311906 0.277803826838 0) (0.0686290563948 0.278648381104 0) (0.0690724228061 0.279492232048 0) (0.0695171293055 0.280335377539 0) (0.0699631747704 0.281177815449 0) (0.0704105580751 0.282019543652 0) (0.0708592780903 0.282860560024 0) (0.0713093336833 0.283700862441 0) (0.0717607237184 0.284540448783 0) (0.072213447056 0.28537931693 0) (0.0726675025536 0.286217464766 0) (0.0731228890651 0.287054890174 0) (0.073579605441 0.287891591041 0) (0.0740376505286 0.288727565256 0) (0.0744970231717 0.289562810707 0) (0.0749577222109 0.290397325287 0) (0.0754197464833 0.29123110689 0) (0.0758830948228 0.292064153411 0) (0.0763477660599 0.292896462747 0) (0.0768137590216 0.293728032797 0) (0.0772810725318 0.294558861463 0) (0.0777497054111 0.295388946648 0) (0.0782196564764 0.296218286256 0) (0.0786909245417 0.297046878194 0) (0.0791635084175 0.297874720371 0) (0.0796374069109 0.298701810697 0) (0.0801126188257 0.299528147084 0) (0.0805891429626 0.300353727448 0) (0.0810669781187 0.301178549703 0) (0.081546123088 0.302002611768 0) (0.0820265766611 0.302825911564 0) (0.0825083376252 0.303648447012 0) (0.0829914047645 0.304470216035 0) (0.0834757768596 0.305291216561 0) (0.0839614526879 0.306111446516 0) (0.0844484310236 0.30693090383 0))
    polyLine 21 25 ((-0.087187087465 0.346414849337 -0.03) (-0.085897168228 0.349069932657 -0.03) (-0.0845992656644 0.351722471777 -0.03) (-0.0832934096452 0.354372486425 -0.03) (-0.0819796294759 0.35701999685 -0.03) (-0.0806579538902 0.359665023818 -0.03) (-0.0793284110455 0.362307588604 -0.03) (-0.0779910285169 0.364947712991 -0.03) (-0.0766458332922 0.367585419259 -0.03) (-0.0752928517673 0.370220730182 -0.03) (-0.0739321097409 0.372853669023 -0.03) (-0.0725636324103 0.37548425953 -0.03) (-0.0711874443664 0.378112525928 -0.03) (-0.0698035695899 0.380738492913 -0.03) (-0.0684120314465 0.383362185651 -0.03) (-0.0670128526833 0.385983629771 -0.03) (-0.0656060554246 0.388602851357 -0.03) (-0.064191661168 0.391219876948 -0.03) (-0.0627696907809 0.393834733529 -0.03) (-0.0613401644967 0.396447448528 -0.03) (-0.0599031019116 0.399058049813 -0.03) (-0.0584585219809 0.401666565682 -0.03) (-0.057006443016 0.404273024864 -0.03))
    polyLine 23 27 ((-0.087187087465 0.346414849337 0) (-0.085897168228 0.349069932657 0) (-0.0845992656644 0.351722471777 0) (-0.0832934096452 0.354372486425 0) (-0.0819796294759 0.35701999685 0) (-0.0806579538902 0.359665023818 0) (-0.0793284110455 0.362307588604 0) (-0.0779910285169 0.364947712991 0) (-0.0766458332922 0.367585419259 0) (-0.0752928517673 0.370220730182 0) (-0.0739321097409 0.372853669023 0) (-0.0725636324103 0.37548425953 0) (-0.0711874443664 0.378112525928 0) (-0.0698035695899 0.380738492913 0) (-0.0684120314465 0.383362185651 0) (-0.0670128526833 0.385983629771 0) (-0.0656060554246 0.388602851357 0) (-0.064191661168 0.391219876948 0) (-0.0627696907809 0.393834733529 0) (-0.0613401644967 0.396447448528 0) (-0.0599031019116 0.399058049813 0) (-0.0584585219809 0.401666565682 0) (-0.057006443016 0.404273024864 0))
    polyLine 24 28 ((0.0849367106374 0.307749586435 -0.03) (0.0854262902971 0.308567492265 -0.03) (0.0859171687668 0.309384619255 -0.03) (0.0864093448075 0.310200965342 -0.03) (0.086902817177 0.311016528466 -0.03) (0.0873975846298 0.311831306569 -0.03) (0.0878936459169 0.312645297594 -0.03) (0.0883909997863 0.313458499487 -0.03) (0.0888896449827 0.314270910194 -0.03) (0.0893895802474 0.315082527666 -0.03) (0.0898908043187 0.315893349853 -0.03) (0.0903933159313 0.31670337471 -0.03) (0.090897113817 0.317512600191 -0.03) (0.091402196704 0.318321024255 -0.03) (0.0919085633176 0.31912864486 -0.03) (0.0924162123797 0.319935459968 -0.03) (0.0929251426089 0.320741467543 -0.03) (0.0934353527207 0.321546665551 -0.03) (0.0939468414272 0.322351051958 -0.03) (0.0944596074374 0.323154624735 -0.03) (0.0949736494572 0.323957381854 -0.03) (0.095488966189 0.324759321287 -0.03) (0.0960055563321 0.325560441012 -0.03) (0.0965234185827 0.326360739006 -0.03) (0.0970425516335 0.327160213248 -0.03) (0.0975629541745 0.327958861722 -0.03) (0.0980846248918 0.328756682411 -0.03) (0.098607562469 0.329553673302 -0.03) (0.099131765586 0.330349832382 -0.03) (0.0996572329197 0.331145157643 -0.03) (0.100183963144 0.331939647077 -0.03) (0.100711954929 0.332733298678 -0.03) (0.101241206942 0.333526110444 -0.03) (0.101771717848 0.334318080372 -0.03) (0.102303486307 0.335109206466 -0.03) (0.102836510977 0.335899486726 -0.03) (0.103370790513 0.336688919159 -0.03) (0.103906323567 0.337477501773 -0.03) (0.104443108785 0.338265232576 -0.03) (0.104981144815 0.339052109581 -0.03) (0.105520430297 0.339838130801 -0.03) (0.10606096387 0.340623294252 -0.03) (0.106602744171 0.341407597953 -0.03) (0.107145769831 0.342191039924 -0.03) (0.10769003948 0.342973618187 -0.03) (0.108235551744 0.343755330768 -0.03) (0.108782305247 0.344536175693 -0.03) (0.109330298607 0.345316150991 -0.03) (0.109879530443 0.346095254694 -0.03) (0.110429999368 0.346873484835 -0.03) (0.110981703992 0.347650839449 -0.03) (0.111534642923 0.348427316576 -0.03) (0.112088814766 0.349202914254 -0.03) (0.112644218121 0.349977630526 -0.03) (0.113200851586 0.350751463437 -0.03) (0.113758713757 0.351524411034 -0.03))
    polyLine 26 30 ((0.0849367106374 0.307749586435 0) (0.0854262902971 0.308567492265 0) (0.0859171687668 0.309384619255 0) (0.0864093448075 0.310200965342 0) (0.086902817177 0.311016528466 0) (0.0873975846298 0.311831306569 0) (0.0878936459169 0.312645297594 0) (0.0883909997863 0.313458499487 0) (0.0888896449827 0.314270910194 0) (0.0893895802474 0.315082527666 0) (0.0898908043187 0.315893349853 0) (0.0903933159313 0.31670337471 0) (0.090897113817 0.317512600191 0) (0.091402196704 0.318321024255 0) (0.0919085633176 0.31912864486 0) (0.0924162123797 0.319935459968 0) (0.0929251426089 0.320741467543 0) (0.0934353527207 0.321546665551 0) (0.0939468414272 0.322351051958 0) (0.0944596074374 0.323154624735 0) (0.0949736494572 0.323957381854 0) (0.095488966189 0.324759321287 0) (0.0960055563321 0.325560441012 0) (0.0965234185827 0.326360739006 0) (0.0970425516335 0.327160213248 0) (0.0975629541745 0.327958861722 0) (0.0980846248918 0.328756682411 0) (0.098607562469 0.329553673302 0) (0.099131765586 0.330349832382 0) (0.0996572329197 0.331145157643 0) (0.100183963144 0.331939647077 0) (0.100711954929 0.332733298678 0) (0.101241206942 0.333526110444 0) (0.101771717848 0.334318080372 0) (0.102303486307 0.335109206466 0) (0.102836510977 0.335899486726 0) (0.103370790513 0.336688919159 0) (0.103906323567 0.337477501773 0) (0.104443108785 0.338265232576 0) (0.104981144815 0.339052109581 0) (0.105520430297 0.339838130801 0) (0.10606096387 0.340623294252 0) (0.106602744171 0.341407597953 0) (0.107145769831 0.342191039924 0) (0.10769003948 0.342973618187 0) (0.108235551744 0.343755330768 0) (0.108782305247 0.344536175693 0) (0.109330298607 0.345316150991 0) (0.109879530443 0.346095254694 0) (0.110429999368 0.346873484835 0) (0.110981703992 0.347650839449 0) (0.111534642923 0.348427316576 0) (0.112088814766 0.349202914254 0) (0.112644218121 0.349977630526 0) (0.113200851586 0.350751463437 0) (0.113758713757 0.351524411034 0))
    polyLine 25 29 ((-0.0540934087767 0.40945592111 -0.03) (-0.0526326233486 0.412032453557 -0.03) (-0.0511645416805 0.414607083414 -0.03) (-0.0496891784212 0.417179840631 -0.03) (-0.0482065475823 0.419750755549 -0.03) (-0.0467166625355 0.422319858891 -0.03) (-0.04521953601 0.424887181763 -0.03) (-0.0437151800908 0.427452755644 -0.03) (-0.0422036062157 0.430016612388 -0.03) (-0.0406848251733 0.432578784218 -0.03) (-0.039158847101 0.435139303721 -0.03) (-0.0376256814829 0.437698203849 -0.03) (-0.0360853371474 0.440255517911 -0.03) (-0.0345378222654 0.442811279573 -0.03) (-0.0329831443483 0.445365522852 -0.03) (-0.0314213102463 0.447918282116 -0.03) (-0.029852326146 0.450469592079 -0.03) (-0.0282761975691 0.453019487798 -0.03) (-0.0266929293702 0.455568004672 -0.03) (-0.0251025257349 0.458115178436 -0.03) (-0.0235049901787 0.460661045164 -0.03) (-0.0219003255443 0.463205641258 -0.03) (-0.0202885340007 0.465749003455 -0.03))
    polyLine 27 31 ((-0.0540934087767 0.40945592111 0) (-0.0526326233486 0.412032453557 0) (-0.0511645416805 0.414607083414 0) (-0.0496891784212 0.417179840631 0) (-0.0482065475823 0.419750755549 0) (-0.0467166625355 0.422319858891 0) (-0.04521953601 0.424887181763 0) (-0.0437151800908 0.427452755644 0) (-0.0422036062157 0.430016612388 0) (-0.0406848251733 0.432578784218 0) (-0.039158847101 0.435139303721 0) (-0.0376256814829 0.437698203849 0) (-0.0360853371474 0.440255517911 0) (-0.0345378222654 0.442811279573 0) (-0.0329831443483 0.445365522852 0) (-0.0314213102463 0.447918282116 0) (-0.029852326146 0.450469592079 0) (-0.0282761975691 0.453019487798 0) (-0.0266929293702 0.455568004672 0) (-0.0251025257349 0.458115178436 0) (-0.0235049901787 0.460661045164 0) (-0.0219003255443 0.463205641258 0) (-0.0202885340007 0.465749003455 0))
    polyLine 28 32 ((0.114317803226 0.352296471366 -0.03) (0.114878118581 0.353067642483 -0.03) (0.115439658408 0.35383792244 -0.03) (0.11600242129 0.354607309292 -0.03) (0.116566405807 0.355375801097 -0.03) (0.117131610534 0.356143395915 -0.03) (0.117698034045 0.35691009181 -0.03) (0.118265674911 0.357675886846 -0.03) (0.118834531699 0.35844077909 -0.03) (0.119404602972 0.359204766611 -0.03) (0.119975887293 0.359967847481 -0.03) (0.120548383219 0.360730019774 -0.03) (0.121122089305 0.361491281566 -0.03) (0.121697004103 0.362251630936 -0.03) (0.122273126162 0.363011065964 -0.03) (0.122850454027 0.363769584735 -0.03) (0.123428986242 0.364527185332 -0.03) (0.124008721347 0.365283865844 -0.03) (0.124589657878 0.366039624362 -0.03) (0.125171794368 0.366794458977 -0.03) (0.125755129348 0.367548367784 -0.03) (0.126339661347 0.368301348881 -0.03) (0.126925388889 0.369053400366 -0.03) (0.127512310494 0.369804520342 -0.03) (0.128100424682 0.370554706913 -0.03) (0.128689729969 0.371303958184 -0.03) (0.129280224867 0.372052272266 -0.03) (0.129871907885 0.372799647269 -0.03) (0.13046477753 0.373546081307 -0.03) (0.131058832306 0.374291572496 -0.03) (0.131654070713 0.375036118954 -0.03) (0.132250491249 0.375779718802 -0.03) (0.132848092408 0.376522370163 -0.03) (0.133446872682 0.377264071162 -0.03) (0.13404683056 0.378004819928 -0.03) (0.134647964527 0.378744614591 -0.03) (0.135250273067 0.379483453283 -0.03) (0.135853754658 0.380221334139 -0.03) (0.136458407777 0.380958255298 -0.03) (0.137064230899 0.381694214899 -0.03) (0.137671222495 0.382429211084 -0.03) (0.138279381031 0.383163241999 -0.03) (0.138888704974 0.38389630579 -0.03) (0.139499192785 0.384628400608 -0.03) (0.140110842923 0.385359524604 -0.03) (0.140723653845 0.386089675933 -0.03) (0.141337624003 0.386818852753 -0.03) (0.141952751849 0.387547053222 -0.03) (0.142569035828 0.388274275502 -0.03) (0.143186474387 0.389000517759 -0.03) (0.143805065966 0.389725778159 -0.03) (0.144424809004 0.390450054871 -0.03) (0.145045701937 0.391173346068 -0.03) (0.145667743198 0.391895649923 -0.03) (0.146290931216 0.392616964614 -0.03) (0.146915264419 0.39333728832 -0.03))
    polyLine 30 34 ((0.114317803226 0.352296471366 0) (0.114878118581 0.353067642483 0) (0.115439658408 0.35383792244 0) (0.11600242129 0.354607309292 0) (0.116566405807 0.355375801097 0) (0.117131610534 0.356143395915 0) (0.117698034045 0.35691009181 0) (0.118265674911 0.357675886846 0) (0.118834531699 0.35844077909 0) (0.119404602972 0.359204766611 0) (0.119975887293 0.359967847481 0) (0.120548383219 0.360730019774 0) (0.121122089305 0.361491281566 0) (0.121697004103 0.362251630936 0) (0.122273126162 0.363011065964 0) (0.122850454027 0.363769584735 0) (0.123428986242 0.364527185332 0) (0.124008721347 0.365283865844 0) (0.124589657878 0.366039624362 0) (0.125171794368 0.366794458977 0) (0.125755129348 0.367548367784 0) (0.126339661347 0.368301348881 0) (0.126925388889 0.369053400366 0) (0.127512310494 0.369804520342 0) (0.128100424682 0.370554706913 0) (0.128689729969 0.371303958184 0) (0.129280224867 0.372052272266 0) (0.129871907885 0.372799647269 0) (0.13046477753 0.373546081307 0) (0.131058832306 0.374291572496 0) (0.131654070713 0.375036118954 0) (0.132250491249 0.375779718802 0) (0.132848092408 0.376522370163 0) (0.133446872682 0.377264071162 0) (0.13404683056 0.378004819928 0) (0.134647964527 0.378744614591 0) (0.135250273067 0.379483453283 0) (0.135853754658 0.380221334139 0) (0.136458407777 0.380958255298 0) (0.137064230899 0.381694214899 0) (0.137671222495 0.382429211084 0) (0.138279381031 0.383163241999 0) (0.138888704974 0.38389630579 0) (0.139499192785 0.384628400608 0) (0.140110842923 0.385359524604 0) (0.140723653845 0.386089675933 0) (0.141337624003 0.386818852753 0) (0.141952751849 0.387547053222 0) (0.142569035828 0.388274275502 0) (0.143186474387 0.389000517759 0) (0.143805065966 0.389725778159 0) (0.144424809004 0.390450054871 0) (0.145045701937 0.391173346068 0) (0.145667743198 0.391895649923 0) (0.146290931216 0.392616964614 0) (0.146915264419 0.39333728832 0))
    polyLine 29 33 ((-0.0170603427784 0.47080603504 -0.03) (-0.0154440899139 0.473319802112 -0.03) (-0.0138208579299 0.475832506902 -0.03) (-0.0121906456543 0.478344186584 -0.03) (-0.0105534512581 0.480854878636 -0.03) (-0.00890927225458 0.483364620841 -0.03) (-0.00725810549735 0.48587345128 -0.03) (-0.0055999471787 0.488381408339 -0.03) (-0.00393479282812 0.490888530697 -0.03) (-0.00226263731058 0.493394857334 -0.03) (-0.00058347482491 0.495900427523 -0.03) (0.00110270109784 0.498405280833 -0.03) (0.00279589759612 0.500909457126 -0.03) (0.00449612247956 0.503412996557 -0.03) (0.00620338423071 0.50591593957 -0.03) (0.00791769200678 0.508418326902 -0.03) (0.00963905564145 0.510920199579 -0.03) (0.0113674856467 0.513421598916 -0.03) (0.0131029932145 0.515922566515 -0.03) (0.014845590219 0.518423144268 -0.03) (0.0165952892183 0.520923374353 -0.03) (0.0183521034561 0.523423299236 -0.03) (0.0201160468644 0.525922961669 -0.03))
    polyLine 31 35 ((-0.0170603427784 0.47080603504 0) (-0.0154440899139 0.473319802112 0) (-0.0138208579299 0.475832506902 0) (-0.0121906456543 0.478344186584 0) (-0.0105534512581 0.480854878636 0) (-0.00890927225458 0.483364620841 0) (-0.00725810549735 0.48587345128 0) (-0.0055999471787 0.488381408339 0) (-0.00393479282812 0.490888530697 0) (-0.00226263731058 0.493394857334 0) (-0.00058347482491 0.495900427523 0) (0.00110270109784 0.498405280833 0) (0.00279589759612 0.500909457126 0) (0.00449612247956 0.503412996557 0) (0.00620338423071 0.50591593957 0) (0.00791769200678 0.508418326902 0) (0.00963905564145 0.510920199579 0) (0.0113674856467 0.513421598916 0) (0.0131029932145 0.515922566515 0) (0.014845590219 0.518423144268 0) (0.0165952892183 0.520923374353 0) (0.0183521034561 0.523423299236 0) (0.0201160468644 0.525922961669 0))
    polyLine 32 36 ((0.14754074123 0.394056619223 -0.03) (0.148167360072 0.394774955507 -0.03) (0.148795119362 0.395492295359 -0.03) (0.149424017515 0.396208636968 -0.03) (0.150054052946 0.396923978527 -0.03) (0.150685224063 0.397638318229 -0.03) (0.151317529273 0.398351654273 -0.03) (0.15195096698 0.399063984857 -0.03) (0.152585535585 0.399775308183 -0.03) (0.153221233487 0.400485622455 -0.03) (0.153858059082 0.401194925882 -0.03) (0.154496010761 0.401903216673 -0.03) (0.155135086915 0.40261049304 -0.03) (0.15577528593 0.403316753197 -0.03) (0.156416606191 0.404021995363 -0.03) (0.157059046079 0.404726217757 -0.03) (0.157702603972 0.405429418601 -0.03) (0.158347278247 0.406131596121 -0.03) (0.158993067275 0.406832748544 -0.03) (0.159639969426 0.407532874101 -0.03) (0.160287983069 0.408231971024 -0.03) (0.160937106567 0.40893003755 -0.03) (0.161587338282 0.409627071915 -0.03) (0.162238676573 0.41032307236 -0.03) (0.162891119795 0.41101803713 -0.03) (0.163544666302 0.411711964469 -0.03) (0.164199314445 0.412404852626 -0.03) (0.164855062571 0.413096699853 -0.03) (0.165511909024 0.413787504403 -0.03) (0.166169852147 0.414477264532 -0.03) (0.16682889028 0.4151659785 -0.03) (0.167489021758 0.415853644568 -0.03) (0.168150244916 0.416540261 -0.03) (0.168812558084 0.417225826063 -0.03) (0.169475959591 0.417910338028 -0.03) (0.170140447763 0.418593795165 -0.03) (0.170806020922 0.419276195751 -0.03) (0.171472677388 0.419957538062 -0.03) (0.172140415479 0.42063782038 -0.03) (0.172809233509 0.421317040986 -0.03) (0.17347912979 0.421995198167 -0.03) (0.174150102632 0.42267229021 -0.03) (0.17482215034 0.423348315407 -0.03) (0.175495271218 0.424023272052 -0.03) (0.176169463568 0.424697158441 -0.03) (0.176844725687 0.425369972872 -0.03) (0.177521055872 0.426041713649 -0.03) (0.178198452415 0.426712379074 -0.03) (0.178876913607 0.427381967456 -0.03) (0.179556437734 0.428050477104 -0.03) (0.180237023082 0.428717906331 -0.03) (0.180918667933 0.429384253453 -0.03) (0.181601370567 0.430049516787 -0.03) (0.18228512926 0.430713694654 -0.03) (0.182969942286 0.431376785378 -0.03) (0.183655807917 0.432038787285 -0.03) (0.184342724422 0.432699698705 -0.03))
    polyLine 34 38 ((0.14754074123 0.394056619223 0) (0.148167360072 0.394774955507 0) (0.148795119362 0.395492295359 0) (0.149424017515 0.396208636968 0) (0.150054052946 0.396923978527 0) (0.150685224063 0.397638318229 0) (0.151317529273 0.398351654273 0) (0.15195096698 0.399063984857 0) (0.152585535585 0.399775308183 0) (0.153221233487 0.400485622455 0) (0.153858059082 0.401194925882 0) (0.154496010761 0.401903216673 0) (0.155135086915 0.40261049304 0) (0.15577528593 0.403316753197 0) (0.156416606191 0.404021995363 0) (0.157059046079 0.404726217757 0) (0.157702603972 0.405429418601 0) (0.158347278247 0.406131596121 0) (0.158993067275 0.406832748544 0) (0.159639969426 0.407532874101 0) (0.160287983069 0.408231971024 0) (0.160937106567 0.40893003755 0) (0.161587338282 0.409627071915 0) (0.162238676573 0.41032307236 0) (0.162891119795 0.41101803713 0) (0.163544666302 0.411711964469 0) (0.164199314445 0.412404852626 0) (0.164855062571 0.413096699853 0) (0.165511909024 0.413787504403 0) (0.166169852147 0.414477264532 0) (0.16682889028 0.4151659785 0) (0.167489021758 0.415853644568 0) (0.168150244916 0.416540261 0) (0.168812558084 0.417225826063 0) (0.169475959591 0.417910338028 0) (0.170140447763 0.418593795165 0) (0.170806020922 0.419276195751 0) (0.171472677388 0.419957538062 0) (0.172140415479 0.42063782038 0) (0.172809233509 0.421317040986 0) (0.17347912979 0.421995198167 0) (0.174150102632 0.42267229021 0) (0.17482215034 0.423348315407 0) (0.175495271218 0.424023272052 0) (0.176169463568 0.424697158441 0) (0.176844725687 0.425369972872 0) (0.177521055872 0.426041713649 0) (0.178198452415 0.426712379074 0) (0.178876913607 0.427381967456 0) (0.179556437734 0.428050477104 0) (0.180237023082 0.428717906331 0) (0.180918667933 0.429384253453 0) (0.181601370567 0.430049516787 0) (0.18228512926 0.430713694654 0) (0.182969942286 0.431376785378 0) (0.183655807917 0.432038787285 0) (0.184342724422 0.432699698705 0))
    polyLine 33 37 ((0.0236454409957 0.530893704056 -0.03) (0.0254107631707 0.533364873417 -0.03) (0.0271831167286 0.535835955211 -0.03) (0.0289625184759 0.53830699215 -0.03) (0.030748985889 0.540778027219 -0.03) (0.0325425371168 0.54324910368 -0.03) (0.0343431909827 0.545720265067 -0.03) (0.036150966987 0.548191555192 -0.03) (0.0379658853094 0.550663018143 -0.03) (0.0397879668115 0.553134698284 -0.03) (0.0416172330391 0.555606640257 -0.03) (0.043453706225 0.558078888984 -0.03) (0.0452974092919 0.560551489663 -0.03) (0.0471483658545 0.563024487776 -0.03) (0.0490066002231 0.565497929085 -0.03) (0.0508721374059 0.567971859633 -0.03) (0.052745003112 0.57044632575 -0.03) (0.054625223755 0.572921374047 -0.03) (0.0565128264554 0.575397051426 -0.03) (0.0584078390443 0.577873405073 -0.03) (0.0603102900663 0.580350482466 -0.03) (0.0622202087835 0.582828331374 -0.03) (0.0641376251781 0.585306999857 -0.03))
    polyLine 35 39 ((0.0236454409957 0.530893704056 0) (0.0254107631707 0.533364873417 0) (0.0271831167286 0.535835955211 0) (0.0289625184759 0.53830699215 0) (0.030748985889 0.540778027219 0) (0.0325425371168 0.54324910368 0) (0.0343431909827 0.545720265067 0) (0.036150966987 0.548191555192 0) (0.0379658853094 0.550663018143 0) (0.0397879668115 0.553134698284 0) (0.0416172330391 0.555606640257 0) (0.043453706225 0.558078888984 0) (0.0452974092919 0.560551489663 0) (0.0471483658545 0.563024487776 0) (0.0490066002231 0.565497929085 0) (0.0508721374059 0.567971859633 0) (0.052745003112 0.57044632575 0) (0.054625223755 0.572921374047 0) (0.0565128264554 0.575397051426 0) (0.0584078390443 0.577873405073 0) (0.0603102900663 0.580350482466 0) (0.0622202087835 0.582828331374 0) (0.0641376251781 0.585306999857 0))
    polyLine 36 40 ((0.185030690067 0.433359517968 -0.03) (0.185719703115 0.434018243411 -0.03) (0.186409761828 0.434675873369 -0.03) (0.187100864464 0.435332406183 -0.03) (0.187793009278 0.435987840197 -0.03) (0.188486194523 0.436642173755 -0.03) (0.189180418449 0.437295405206 -0.03) (0.189875679305 0.437947532902 -0.03) (0.190571975336 0.438598555196 -0.03) (0.191269304784 0.439248470445 -0.03) (0.191967665888 0.439897277008 -0.03) (0.192667056887 0.440544973249 -0.03) (0.193367476015 0.441191557532 -0.03) (0.194068921503 0.441837028225 -0.03) (0.194771391583 0.442481383699 -0.03) (0.195474884479 0.443124622328 -0.03) (0.196179398418 0.443766742487 -0.03) (0.19688493162 0.444407742558 -0.03) (0.197591482305 0.44504762092 -0.03) (0.19829904869 0.44568637596 -0.03) (0.199007628988 0.446324006065 -0.03) (0.19971722141 0.446960509625 -0.03) (0.200427824167 0.447595885035 -0.03) (0.201139435465 0.44823013069 -0.03) (0.201852053506 0.44886324499 -0.03) (0.202565676493 0.449495226336 -0.03) (0.203280302624 0.450126073133 -0.03) (0.203995930096 0.450755783789 -0.03) (0.204712557102 0.451384356715 -0.03) (0.205430181834 0.452011790325 -0.03) (0.20614880248 0.452638083033 -0.03) (0.206868417226 0.45326323326 -0.03) (0.207589024256 0.453887239428 -0.03) (0.208310621751 0.454510099962 -0.03) (0.20903320789 0.455131813289 -0.03) (0.209756780849 0.45575237784 -0.03) (0.210481338802 0.456371792049 -0.03) (0.211206879919 0.456990054353 -0.03) (0.21193340237 0.457607163191 -0.03) (0.21266090432 0.458223117005 -0.03) (0.213389383934 0.458837914241 -0.03) (0.214118839373 0.459451553347 -0.03) (0.214849268795 0.460064032774 -0.03) (0.215580670357 0.460675350976 -0.03) (0.216313042213 0.46128550641 -0.03) (0.217046382514 0.461894497537 -0.03) (0.21778068941 0.462502322818 -0.03) (0.218515961046 0.46310898072 -0.03) (0.219252195568 0.463714469712 -0.03) (0.219989391116 0.464318788264 -0.03) (0.22072754583 0.464921934853 -0.03) (0.221466657846 0.465523907955 -0.03) (0.222206725301 0.466124706052 -0.03) (0.222947746324 0.466724327626 -0.03) (0.223689719046 0.467322771164 -0.03) (0.224432641595 0.467920035156 -0.03))
    polyLine 38 42 ((0.185030690067 0.433359517968 0) (0.185719703115 0.434018243411 0) (0.186409761828 0.434675873369 0) (0.187100864464 0.435332406183 0) (0.187793009278 0.435987840197 0) (0.188486194523 0.436642173755 0) (0.189180418449 0.437295405206 0) (0.189875679305 0.437947532902 0) (0.190571975336 0.438598555196 0) (0.191269304784 0.439248470445 0) (0.191967665888 0.439897277008 0) (0.192667056887 0.440544973249 0) (0.193367476015 0.441191557532 0) (0.194068921503 0.441837028225 0) (0.194771391583 0.442481383699 0) (0.195474884479 0.443124622328 0) (0.196179398418 0.443766742487 0) (0.19688493162 0.444407742558 0) (0.197591482305 0.44504762092 0) (0.19829904869 0.44568637596 0) (0.199007628988 0.446324006065 0) (0.19971722141 0.446960509625 0) (0.200427824167 0.447595885035 0) (0.201139435465 0.44823013069 0) (0.201852053506 0.44886324499 0) (0.202565676493 0.449495226336 0) (0.203280302624 0.450126073133 0) (0.203995930096 0.450755783789 0) (0.204712557102 0.451384356715 0) (0.205430181834 0.452011790325 0) (0.20614880248 0.452638083033 0) (0.206868417226 0.45326323326 0) (0.207589024256 0.453887239428 0) (0.208310621751 0.454510099962 0) (0.20903320789 0.455131813289 0) (0.209756780849 0.45575237784 0) (0.210481338802 0.456371792049 0) (0.211206879919 0.456990054353 0) (0.21193340237 0.457607163191 0) (0.21266090432 0.458223117005 0) (0.213389383934 0.458837914241 0) (0.214118839373 0.459451553347 0) (0.214849268795 0.460064032774 0) (0.215580670357 0.460675350976 0) (0.216313042213 0.46128550641 0) (0.217046382514 0.461894497537 0) (0.21778068941 0.462502322818 0) (0.218515961046 0.46310898072 0) (0.219252195568 0.463714469712 0) (0.219989391116 0.464318788264 0) (0.22072754583 0.464921934853 0) (0.221466657846 0.465523907955 0) (0.222206725301 0.466124706052 0) (0.222947746324 0.466724327626 0) (0.223689719046 0.467322771164 0) (0.224432641595 0.467920035156 0))
    polyLine 37 41 ((0.0679720011026 0.590237425202 -0.03) (0.0698888439899 0.592689256221 -0.03) (0.0718131303445 0.595142076835 -0.03) (0.0737448925969 0.597595934841 -0.03) (0.075684163886 0.600050878323 -0.03) (0.0776309780628 0.602506955661 -0.03) (0.0795853696944 0.604964215529 -0.03) (0.0815473740681 0.607422706898 -0.03) (0.0835170271957 0.609882479038 -0.03) (0.0854943658177 0.612343581524 -0.03) (0.0874794274074 0.614806064233 -0.03) (0.0894722501757 0.617269977352 -0.03) (0.0914728730759 0.619735371376 -0.03) (0.0934813358076 0.622202297116 -0.03) (0.0954976788224 0.624670805696 -0.03) (0.0975219433282 0.62714094856 -0.03) (0.0995541712945 0.629612777476 -0.03) (0.101594405457 0.632086344534 -0.03) (0.103642689325 0.634561702156 -0.03) (0.105699067183 0.637038903093 -0.03) (0.1077635841 0.639518000432 -0.03) (0.109836285933 0.641999047601 -0.03) (0.111917219332 0.644482098366 -0.03))
    polyLine 39 43 ((0.0679720011026 0.590237425202 0) (0.0698888439899 0.592689256221 0) (0.0718131303445 0.595142076835 0) (0.0737448925969 0.597595934841 0) (0.075684163886 0.600050878323 0) (0.0776309780628 0.602506955661 0) (0.0795853696944 0.604964215529 0) (0.0815473740681 0.607422706898 0) (0.0835170271957 0.609882479038 0) (0.0854943658177 0.612343581524 0) (0.0874794274074 0.614806064233 0) (0.0894722501757 0.617269977352 0) (0.0914728730759 0.619735371376 0) (0.0934813358076 0.622202297116 0) (0.0954976788224 0.624670805696 0) (0.0975219433282 0.62714094856 0) (0.0995541712945 0.629612777476 0) (0.101594405457 0.632086344534 0) (0.103642689325 0.634561702156 0) (0.105699067183 0.637038903093 0) (0.1077635841 0.639518000432 0) (0.109836285933 0.641999047601 0) (0.111917219332 0.644482098366 0))
    polyLine 40 44 ((0.225176512094 0.468516118094 -0.03) (0.225921328667 0.469111018474 -0.03) (0.226667089434 0.469704734794 -0.03) (0.227413792511 0.470297265556 -0.03) (0.228161436015 0.470888609263 -0.03) (0.228910018059 0.471478764424 -0.03) (0.229659536752 0.472067729548 -0.03) (0.230409990203 0.47265550315 -0.03) (0.231161376518 0.473242083746 -0.03) (0.2319136938 0.473827469854 -0.03) (0.232666940151 0.474411659998 -0.03) (0.233421113669 0.474994652703 -0.03) (0.234176212451 0.475576446497 -0.03) (0.23493223459 0.476157039913 -0.03) (0.235689178179 0.476736431484 -0.03) (0.236447041307 0.477314619748 -0.03) (0.23720582206 0.477891603246 -0.03) (0.237965518525 0.478467380522 -0.03) (0.238726128783 0.479041950121 -0.03) (0.239487650915 0.479615310595 -0.03) (0.240250082997 0.480187460495 -0.03) (0.241013423107 0.480758398378 -0.03) (0.241777669317 0.481328122802 -0.03) (0.242542819699 0.48189663233 -0.03) (0.24330887232 0.482463925526 -0.03) (0.244075825248 0.483030000959 -0.03) (0.244843676546 0.4835948572 -0.03) (0.245612424277 0.484158492823 -0.03) (0.2463820665 0.484720906406 -0.03) (0.247152601272 0.485282096529 -0.03) (0.24792402665 0.485842061775 -0.03) (0.248696340684 0.486400800731 -0.03) (0.249469541427 0.486958311987 -0.03) (0.250243626927 0.487514594135 -0.03) (0.251018595229 0.488069645772 -0.03) (0.251794444378 0.488623465497 -0.03) (0.252571172415 0.489176051911 -0.03) (0.253348777381 0.48972740362 -0.03) (0.254127257311 0.490277519233 -0.03) (0.254906610242 0.49082639736 -0.03) (0.255686834206 0.491374036617 -0.03) (0.256467927234 0.49192043562 -0.03) (0.257249887354 0.492465592992 -0.03) (0.258032712592 0.493009507356 -0.03) (0.258816400974 0.493552177338 -0.03) (0.25960095052 0.494093601571 -0.03) (0.26038635925 0.494633778685 -0.03) (0.261172625183 0.49517270732 -0.03) (0.261959746332 0.495710386113 -0.03) (0.262747720713 0.496246813708 -0.03) (0.263536546335 0.496781988752 -0.03) (0.264326221208 0.497315909892 -0.03) (0.265116743339 0.497848575782 -0.03) (0.265908110732 0.498379985077 -0.03) (0.266700321389 0.498910136436 -0.03) (0.267493373312 0.49943902852 -0.03))
    polyLine 42 46 ((0.225176512094 0.468516118094 0) (0.225921328667 0.469111018474 0) (0.226667089434 0.469704734794 0) (0.227413792511 0.470297265556 0) (0.228161436015 0.470888609263 0) (0.228910018059 0.471478764424 0) (0.229659536752 0.472067729548 0) (0.230409990203 0.47265550315 0) (0.231161376518 0.473242083746 0) (0.2319136938 0.473827469854 0) (0.232666940151 0.474411659998 0) (0.233421113669 0.474994652703 0) (0.234176212451 0.475576446497 0) (0.23493223459 0.476157039913 0) (0.235689178179 0.476736431484 0) (0.236447041307 0.477314619748 0) (0.23720582206 0.477891603246 0) (0.237965518525 0.478467380522 0) (0.238726128783 0.479041950121 0) (0.239487650915 0.479615310595 0) (0.240250082997 0.480187460495 0) (0.241013423107 0.480758398378 0) (0.241777669317 0.481328122802 0) (0.242542819699 0.48189663233 0) (0.24330887232 0.482463925526 0) (0.244075825248 0.483030000959 0) (0.244843676546 0.4835948572 0) (0.245612424277 0.484158492823 0) (0.2463820665 0.484720906406 0) (0.247152601272 0.485282096529 0) (0.24792402665 0.485842061775 0) (0.248696340684 0.486400800731 0) (0.249469541427 0.486958311987 0) (0.250243626927 0.487514594135 0) (0.251018595229 0.488069645772 0) (0.251794444378 0.488623465497 0) (0.252571172415 0.489176051911 0) (0.253348777381 0.48972740362 0) (0.254127257311 0.490277519233 0) (0.254906610242 0.49082639736 0) (0.255686834206 0.491374036617 0) (0.256467927234 0.49192043562 0) (0.257249887354 0.492465592992 0) (0.258032712592 0.493009507356 0) (0.258816400974 0.493552177338 0) (0.25960095052 0.494093601571 0) (0.26038635925 0.494633778685 0) (0.261172625183 0.49517270732 0) (0.261959746332 0.495710386113 0) (0.262747720713 0.496246813708 0) (0.263536546335 0.496781988752 0) (0.264326221208 0.497315909892 0) (0.265116743339 0.497848575782 0) (0.265908110732 0.498379985077 0) (0.266700321389 0.498910136436 0) (0.267493373312 0.49943902852 0))
    polyLine 41 45 ((0.116077766182 0.649423401626 -0.03) (0.118157268773 0.651881709029 -0.03) (0.120244987553 0.654342182185 -0.03) (0.122340971337 0.656804874568 -0.03) (0.12444526973 0.65926984 -0.03) (0.126557933136 0.661737132655 -0.03) (0.12867901276 0.664206807062 -0.03) (0.130808560619 0.666678918112 -0.03) (0.132946629545 0.669153521057 -0.03) (0.135093273195 0.67163067152 -0.03) (0.137248546055 0.674110425495 -0.03) (0.139412503449 0.676592839354 -0.03) (0.141585201548 0.67907796985 -0.03) (0.143766697373 0.681565874126 -0.03) (0.145957048806 0.684056609711 -0.03) (0.148156314596 0.686550234534 -0.03) (0.150364554368 0.689046806924 -0.03) (0.152581828632 0.691546385616 -0.03) (0.154808198788 0.694049029757 -0.03) (0.157043727137 0.69655479891 -0.03) (0.15928847689 0.699063753061 -0.03) (0.161542512174 0.701575952621 -0.03) (0.163805898042 0.704091458437 -0.03))
    polyLine 43 47 ((0.116077766182 0.649423401626 0) (0.118157268773 0.651881709029 0) (0.120244987553 0.654342182185 0) (0.122340971337 0.656804874568 0) (0.12444526973 0.65926984 0) (0.126557933136 0.661737132655 0) (0.12867901276 0.664206807062 0) (0.130808560619 0.666678918112 0) (0.132946629545 0.669153521057 0) (0.135093273195 0.67163067152 0) (0.137248546055 0.674110425495 0) (0.139412503449 0.676592839354 0) (0.141585201548 0.67907796985 0) (0.143766697373 0.681565874126 0) (0.145957048806 0.684056609711 0) (0.148156314596 0.686550234534 0) (0.150364554368 0.689046806924 0) (0.152581828632 0.691546385616 0) (0.154808198788 0.694049029757 0) (0.157043727137 0.69655479891 0) (0.15928847689 0.699063753061 0) (0.161542512174 0.701575952621 0) (0.163805898042 0.704091458437 0))
    polyLine 44 48 ((0.268287264499 0.499966659995 -0.03) (0.269081992945 0.500493029529 -0.03) (0.269877556645 0.501018135793 -0.03) (0.270673953591 0.501541977462 -0.03) (0.271471181772 0.502064553214 -0.03) (0.272269239176 0.502585861729 -0.03) (0.27306812379 0.503105901692 -0.03) (0.273867833596 0.503624671791 -0.03) (0.274668366576 0.504142170716 -0.03) (0.27546972071 0.50465839716 -0.03) (0.276271893974 0.505173349821 -0.03) (0.277074884345 0.505687027399 -0.03) (0.277878689795 0.506199428597 -0.03) (0.278683308295 0.506710552122 -0.03) (0.279488737815 0.507220396685 -0.03) (0.280294976322 0.507728960997 -0.03) (0.28110202178 0.508236243776 -0.03) (0.281909872153 0.508742243741 -0.03) (0.282718525401 0.509246959614 -0.03) (0.283527979484 0.509750390123 -0.03) (0.284338232358 0.510252533996 -0.03) (0.285149281979 0.510753389966 -0.03) (0.285961126298 0.511252956768 -0.03) (0.286773763268 0.511751233142 -0.03) (0.287587190836 0.51224821783 -0.03) (0.28840140695 0.512743909578 -0.03) (0.289216409555 0.513238307134 -0.03) (0.290032196593 0.513731409251 -0.03) (0.290848766006 0.514223214684 -0.03) (0.291666115732 0.514713722191 -0.03) (0.292484243708 0.515202930535 -0.03) (0.29330314787 0.515690838481 -0.03) (0.29412282615 0.516177444797 -0.03) (0.294943276479 0.516662748255 -0.03) (0.295764496787 0.51714674763 -0.03) (0.296586485 0.517629441701 -0.03) (0.297409239045 0.518110829249 -0.03) (0.298232756844 0.518590909059 -0.03) (0.299057036319 0.519069679919 -0.03) (0.299882075389 0.519547140621 -0.03) (0.300707871972 0.52002328996 -0.03) (0.301534423984 0.520498126734 -0.03) (0.302361729337 0.520971649744 -0.03) (0.303189785945 0.521443857795 -0.03) (0.304018591716 0.521914749696 -0.03) (0.30484814456 0.522384324258 -0.03) (0.305678442382 0.522852580295 -0.03) (0.306509483086 0.523319516626 -0.03) (0.307341264575 0.523785132072 -0.03) (0.30817378475 0.524249425458 -0.03) (0.309007041509 0.524712395612 -0.03) (0.309841032748 0.525174041365 -0.03) (0.310675756364 0.525634361552 -0.03) (0.311511210248 0.526093355012 -0.03) (0.312347392293 0.526551020585 -0.03) (0.313184300388 0.527007357118 -0.03) (0.31402193242 0.527462363456 -0.03))
    polyLine 46 50 ((0.268287264499 0.499966659995 0) (0.269081992945 0.500493029529 0) (0.269877556645 0.501018135793 0) (0.270673953591 0.501541977462 0) (0.271471181772 0.502064553214 0) (0.272269239176 0.502585861729 0) (0.27306812379 0.503105901692 0) (0.273867833596 0.503624671791 0) (0.274668366576 0.504142170716 0) (0.27546972071 0.50465839716 0) (0.276271893974 0.505173349821 0) (0.277074884345 0.505687027399 0) (0.277878689795 0.506199428597 0) (0.278683308295 0.506710552122 0) (0.279488737815 0.507220396685 0) (0.280294976322 0.507728960997 0) (0.28110202178 0.508236243776 0) (0.281909872153 0.508742243741 0) (0.282718525401 0.509246959614 0) (0.283527979484 0.509750390123 0) (0.284338232358 0.510252533996 0) (0.285149281979 0.510753389966 0) (0.285961126298 0.511252956768 0) (0.286773763268 0.511751233142 0) (0.287587190836 0.51224821783 0) (0.28840140695 0.512743909578 0) (0.289216409555 0.513238307134 0) (0.290032196593 0.513731409251 0) (0.290848766006 0.514223214684 0) (0.291666115732 0.514713722191 0) (0.292484243708 0.515202930535 0) (0.29330314787 0.515690838481 0) (0.29412282615 0.516177444797 0) (0.294943276479 0.516662748255 0) (0.295764496787 0.51714674763 0) (0.296586485 0.517629441701 0) (0.297409239045 0.518110829249 0) (0.298232756844 0.518590909059 0) (0.299057036319 0.519069679919 0) (0.299882075389 0.519547140621 0) (0.300707871972 0.52002328996 0) (0.301534423984 0.520498126734 0) (0.302361729337 0.520971649744 0) (0.303189785945 0.521443857795 0) (0.304018591716 0.521914749696 0) (0.30484814456 0.522384324258 0) (0.305678442382 0.522852580295 0) (0.306509483086 0.523319516626 0) (0.307341264575 0.523785132072 0) (0.30817378475 0.524249425458 0) (0.309007041509 0.524712395612 0) (0.309841032748 0.525174041365 0) (0.310675756364 0.525634361552 0) (0.311511210248 0.526093355012 0) (0.312347392293 0.526551020585 0) (0.313184300388 0.527007357118 0) (0.31402193242 0.527462363456 0))
    polyLine 45 49 ((0.168331594362 0.709100196105 -0.03) (0.170593794849 0.711593461916 -0.03) (0.172865368163 0.714090189469 -0.03) (0.175146381443 0.716590439447 -0.03) (0.177436902762 0.719094272976 -0.03) (0.179737001136 0.721601751635 -0.03) (0.182046746536 0.724112937456 -0.03) (0.184366209895 0.726627892939 -0.03) (0.186695463119 0.729146681049 -0.03) (0.189034579098 0.731669365228 -0.03) (0.191383631717 0.7341960094 -0.03) (0.193742695865 0.736726677979 -0.03) (0.196111847447 0.739261435871 -0.03) (0.198491163397 0.741800348488 -0.03) (0.200880721686 0.744343481748 -0.03) (0.203280601333 0.746890902087 -0.03) (0.205690882423 0.749442676464 -0.03) (0.208111646113 0.751998872368 -0.03) (0.210542974644 0.754559557825 -0.03) (0.21298495136 0.757124801411 -0.03) (0.215437660713 0.75969467225 -0.03) (0.217901188281 0.762269240032 -0.03) (0.220375620779 0.764848575011 -0.03))
    polyLine 47 51 ((0.168331594362 0.709100196105 0) (0.170593794849 0.711593461916 0) (0.172865368163 0.714090189469 0) (0.175146381443 0.716590439447 0) (0.177436902762 0.719094272976 0) (0.179737001136 0.721601751635 0) (0.182046746536 0.724112937456 0) (0.184366209895 0.726627892939 0) (0.186695463119 0.729146681049 0) (0.189034579098 0.731669365228 0) (0.191383631717 0.7341960094 0) (0.193742695865 0.736726677979 0) (0.196111847447 0.739261435871 0) (0.198491163397 0.741800348488 0) (0.200880721686 0.744343481748 0) (0.203280601333 0.746890902087 0) (0.205690882423 0.749442676464 0) (0.208111646113 0.751998872368 0) (0.210542974644 0.754559557825 0) (0.21298495136 0.757124801411 0) (0.215437660713 0.75969467225 0) (0.217901188281 0.762269240032 0) (0.220375620779 0.764848575011 0))
    polyLine 48 52 ((0.314860286275 0.527916038454 -0.03) (0.315699359837 0.528368380964 -0.03) (0.316539150988 0.528819389846 -0.03) (0.317379657609 0.529269063961 -0.03) (0.318220877577 0.529717402175 -0.03) (0.319062808771 0.530164403355 -0.03) (0.319905449064 0.530610066373 -0.03) (0.32074879633 0.531054390104 -0.03) (0.32159284844 0.531497373427 -0.03) (0.322437603264 0.531939015225 -0.03) (0.323283058669 0.532379314381 -0.03) (0.324129212522 0.532818269785 -0.03) (0.324976062687 0.533255880328 -0.03) (0.325823607026 0.533692144907 -0.03) (0.3266718434 0.53412706242 -0.03) (0.327520769668 0.534560631769 -0.03) (0.328370383687 0.53499285186 -0.03) (0.329220683314 0.535423721603 -0.03) (0.330071666401 0.535853239908 -0.03) (0.3309233308 0.536281405693 -0.03) (0.331775674363 0.536708217877 -0.03) (0.332628694938 0.537133675382 -0.03) (0.333482390371 0.537557777134 -0.03) (0.334336758508 0.537980522064 -0.03) (0.335191797193 0.538401909103 -0.03) (0.336047504267 0.538821937189 -0.03) (0.33690387757 0.539240605261 -0.03) (0.337760914942 0.539657912263 -0.03) (0.338618614218 0.54007385714 -0.03) (0.339476973234 0.540488438844 -0.03) (0.340335989823 0.540901656328 -0.03) (0.341195661817 0.541313508549 -0.03) (0.342055987046 0.541723994467 -0.03) (0.342916963339 0.542133113046 -0.03) (0.343778588523 0.542540863254 -0.03) (0.344640860423 0.542947244062 -0.03) (0.345503776861 0.543352254443 -0.03) (0.346367335662 0.543755893375 -0.03) (0.347231534643 0.544158159841 -0.03) (0.348096371626 0.544559052823 -0.03) (0.348961844425 0.544958571311 -0.03) (0.349827950858 0.545356714296 -0.03) (0.350694688738 0.545753480773 -0.03) (0.351562055876 0.546148869741 -0.03) (0.352430050085 0.546542880202 -0.03) (0.353298669173 0.54693551116 -0.03) (0.354167910947 0.547326761626 -0.03) (0.355037773214 0.547716630611 -0.03) (0.355908253778 0.548105117132 -0.03) (0.356779350442 0.548492220208 -0.03) (0.357651061008 0.548877938862 -0.03) (0.358523383274 0.54926227212 -0.03) (0.359396315039 0.549645219012 -0.03) (0.3602698541 0.550026778572 -0.03) (0.361143998252 0.550406949837 -0.03) (0.362018745289 0.550785731847 -0.03))
    polyLine 50 54 ((0.314860286275 0.527916038454 0) (0.315699359837 0.528368380964 0) (0.316539150988 0.528819389846 0) (0.317379657609 0.529269063961 0) (0.318220877577 0.529717402175 0) (0.319062808771 0.530164403355 0) (0.319905449064 0.530610066373 0) (0.32074879633 0.531054390104 0) (0.32159284844 0.531497373427 0) (0.322437603264 0.531939015225 0) (0.323283058669 0.532379314381 0) (0.324129212522 0.532818269785 0) (0.324976062687 0.533255880328 0) (0.325823607026 0.533692144907 0) (0.3266718434 0.53412706242 0) (0.327520769668 0.534560631769 0) (0.328370383687 0.53499285186 0) (0.329220683314 0.535423721603 0) (0.330071666401 0.535853239908 0) (0.3309233308 0.536281405693 0) (0.331775674363 0.536708217877 0) (0.332628694938 0.537133675382 0) (0.333482390371 0.537557777134 0) (0.334336758508 0.537980522064 0) (0.335191797193 0.538401909103 0) (0.336047504267 0.538821937189 0) (0.33690387757 0.539240605261 0) (0.337760914942 0.539657912263 0) (0.338618614218 0.54007385714 0) (0.339476973234 0.540488438844 0) (0.340335989823 0.540901656328 0) (0.341195661817 0.541313508549 0) (0.342055987046 0.541723994467 0) (0.342916963339 0.542133113046 0) (0.343778588523 0.542540863254 0) (0.344640860423 0.542947244062 0) (0.345503776861 0.543352254443 0) (0.346367335662 0.543755893375 0) (0.347231534643 0.544158159841 0) (0.348096371626 0.544559052823 0) (0.348961844425 0.544958571311 0) (0.349827950858 0.545356714296 0) (0.350694688738 0.545753480773 0) (0.351562055876 0.546148869741 0) (0.352430050085 0.546542880202 0) (0.353298669173 0.54693551116 0) (0.354167910947 0.547326761626 0) (0.355037773214 0.547716630611 0) (0.355908253778 0.548105117132 0) (0.356779350442 0.548492220208 0) (0.357651061008 0.548877938862 0) (0.358523383274 0.54926227212 0) (0.359396315039 0.549645219012 0) (0.3602698541 0.550026778572 0) (0.361143998252 0.550406949837 0) (0.362018745289 0.550785731847 0))
    polyLine 49 53 ((0.22532483012 0.76998793656 -0.03) (0.227799494723 0.772547976188 -0.03) (0.230285127723 0.775112936703 -0.03) (0.232781818104 0.777682888475 -0.03) (0.235289656012 0.780257902465 -0.03) (0.237808732763 0.782838050228 -0.03) (0.240339140864 0.785423403927 -0.03) (0.24288097402 0.788014036334 -0.03) (0.245434327157 0.790610020847 -0.03) (0.247999296429 0.793211431494 -0.03) (0.250575979242 0.795818342943 -0.03) (0.253164474261 0.798430830513 -0.03) (0.255764881434 0.801048970181 -0.03) (0.258377302002 0.803672838594 -0.03) (0.261001838519 0.806302513076 -0.03) (0.263638594869 0.808938071641 -0.03) (0.266287676282 0.811579593001 -0.03) (0.268949189351 0.814227156577 -0.03) (0.271623242052 0.816880842511 -0.03) (0.274309943761 0.819540731673 -0.03) (0.277009405273 0.822206905674 -0.03) (0.27972173882 0.824879446879 -0.03) (0.282447058091 0.827558438416 -0.03))
    polyLine 51 55 ((0.22532483012 0.76998793656 0) (0.227799494723 0.772547976188 0) (0.230285127723 0.775112936703 0) (0.232781818104 0.777682888475 0) (0.235289656012 0.780257902465 0) (0.237808732763 0.782838050228 0) (0.240339140864 0.785423403927 0) (0.24288097402 0.788014036334 0) (0.245434327157 0.790610020847 0) (0.247999296429 0.793211431494 0) (0.250575979242 0.795818342943 0) (0.253164474261 0.798430830513 0) (0.255764881434 0.801048970181 0) (0.258377302002 0.803672838594 0) (0.261001838519 0.806302513076 0) (0.263638594869 0.808938071641 0) (0.266287676282 0.811579593001 0) (0.268949189351 0.814227156577 0) (0.271623242052 0.816880842511 0) (0.274309943761 0.819540731673 0) (0.277009405273 0.822206905674 0) (0.27972173882 0.824879446879 0) (0.282447058091 0.827558438416 0))
    polyLine 52 56 ((0.362894093003 0.551163123646 -0.03) (0.363770039183 0.551539124281 -0.03) (0.364646581621 0.551913732804 -0.03) (0.365523718102 0.552286948268 -0.03) (0.366401446413 0.552658769732 -0.03) (0.367279764338 0.553029196258 -0.03) (0.368158669661 0.55339822691 -0.03) (0.369038160164 0.553765860757 -0.03) (0.369918233626 0.554132096871 -0.03) (0.370798887826 0.554496934327 -0.03) (0.371680120541 0.554860372205 -0.03) (0.372561929546 0.555222409588 -0.03) (0.373444312618 0.555583045561 -0.03) (0.374327267527 0.555942279214 -0.03) (0.375210792045 0.556300109641 -0.03) (0.376094883943 0.556656535939 -0.03) (0.376979540989 0.557011557207 -0.03) (0.377864760949 0.55736517255 -0.03) (0.37875054159 0.557717381075 -0.03) (0.379636880676 0.558068181893 -0.03) (0.38052377597 0.558417574119 -0.03) (0.381411225232 0.558765556871 -0.03) (0.382299226224 0.55911212927 -0.03) (0.383187776704 0.559457290442 -0.03) (0.384076874428 0.559801039516 -0.03) (0.384966517153 0.560143375624 -0.03) (0.385856702634 0.560484297901 -0.03) (0.386747428624 0.560823805487 -0.03) (0.387638692873 0.561161897526 -0.03) (0.388530493133 0.561498573164 -0.03) (0.389422827153 0.561833831551 -0.03) (0.39031569268 0.562167671842 -0.03) (0.391209087462 0.562500093192 -0.03) (0.392103009242 0.562831094764 -0.03) (0.392997455764 0.563160675722 -0.03) (0.393892424771 0.563488835234 -0.03) (0.394787914005 0.563815572472 -0.03) (0.39568154005 0.564140825753 -0.03) (0.396575166096 0.564466079034 -0.03) (0.397468792141 0.564791332315 -0.03) (0.398362418187 0.565116585596 -0.03) (0.399256044232 0.565441838877 -0.03) (0.400149670278 0.565767092158 -0.03) (0.401043296324 0.56609234544 -0.03) (0.401936922369 0.566417598721 -0.03) (0.402830548415 0.566742852002 -0.03) (0.40372417446 0.567068105283 -0.03) (0.404617800506 0.567393358564 -0.03) (0.405511426552 0.567718611845 -0.03) (0.406405052597 0.568043865127 -0.03) (0.407298678643 0.568369118408 -0.03) (0.408192304688 0.568694371689 -0.03) (0.409085930734 0.56901962497 -0.03) (0.409979556779 0.569344878251 -0.03) (0.410873182825 0.569670131532 -0.03) (0.411766808871 0.569995384813 -0.03) (0.412660434916 0.570320638095 -0.03))
    polyLine 54 58 ((0.362894093003 0.551163123646 0) (0.363770039183 0.551539124281 0) (0.364646581621 0.551913732804 0) (0.365523718102 0.552286948268 0) (0.366401446413 0.552658769732 0) (0.367279764338 0.553029196258 0) (0.368158669661 0.55339822691 0) (0.369038160164 0.553765860757 0) (0.369918233626 0.554132096871 0) (0.370798887826 0.554496934327 0) (0.371680120541 0.554860372205 0) (0.372561929546 0.555222409588 0) (0.373444312618 0.555583045561 0) (0.374327267527 0.555942279214 0) (0.375210792045 0.556300109641 0) (0.376094883943 0.556656535939 0) (0.376979540989 0.557011557207 0) (0.377864760949 0.55736517255 0) (0.37875054159 0.557717381075 0) (0.379636880676 0.558068181893 0) (0.38052377597 0.558417574119 0) (0.381411225232 0.558765556871 0) (0.382299226224 0.55911212927 0) (0.383187776704 0.559457290442 0) (0.384076874428 0.559801039516 0) (0.384966517153 0.560143375624 0) (0.385856702634 0.560484297901 0) (0.386747428624 0.560823805487 0) (0.387638692873 0.561161897526 0) (0.388530493133 0.561498573164 0) (0.389422827153 0.561833831551 0) (0.39031569268 0.562167671842 0) (0.391209087462 0.562500093192 0) (0.392103009242 0.562831094764 0) (0.392997455764 0.563160675722 0) (0.393892424771 0.563488835234 0) (0.394787914005 0.563815572472 0) (0.39568154005 0.564140825753 0) (0.396575166096 0.564466079034 0) (0.397468792141 0.564791332315 0) (0.398362418187 0.565116585596 0) (0.399256044232 0.565441838877 0) (0.400149670278 0.565767092158 0) (0.401043296324 0.56609234544 0) (0.401936922369 0.566417598721 0) (0.402830548415 0.566742852002 0) (0.40372417446 0.567068105283 0) (0.404617800506 0.567393358564 0) (0.405511426552 0.567718611845 0) (0.406405052597 0.568043865127 0) (0.407298678643 0.568369118408 0) (0.408192304688 0.568694371689 0) (0.409085930734 0.56901962497 0) (0.409979556779 0.569344878251 0) (0.410873182825 0.569670131532 0) (0.411766808871 0.569995384813 0) (0.412660434916 0.570320638095 0))
    polyLine 53 57 ((0.287898359102 0.83289823384 -0.03) (0.290624201914 0.835559019636 -0.03) (0.293363121395 0.838226404265 -0.03) (0.296115233728 0.840900471196 -0.03) (0.298880656585 0.843581304687 -0.03) (0.301659509155 0.846268989795 -0.03) (0.304451912157 0.848963612389 -0.03) (0.307257987868 0.851665259164 -0.03) (0.310077860139 0.85437401765 -0.03) (0.312911654421 0.857089976227 -0.03) (0.315759497784 0.859813224135 -0.03) (0.318621518945 0.862543851492 -0.03) (0.321497848284 0.865281949303 -0.03) (0.324388617874 0.868027609475 -0.03) (0.327293961502 0.87078092483 -0.03) (0.330214014695 0.873541989122 -0.03) (0.333148914742 0.876310897046 -0.03) (0.336098800725 0.879087744256 -0.03) (0.339063813539 0.881872627382 -0.03) (0.342044095923 0.884665644039 -0.03) (0.345039792484 0.887466892846 -0.03) (0.348051049727 0.890276473443 -0.03) (0.351078016081 0.893094486502 -0.03))
    polyLine 55 59 ((0.287898359102 0.83289823384 0) (0.290624201914 0.835559019636 0) (0.293363121395 0.838226404265 0) (0.296115233728 0.840900471196 0) (0.298880656585 0.843581304687 0) (0.301659509155 0.846268989795 0) (0.304451912157 0.848963612389 0) (0.307257987868 0.851665259164 0) (0.310077860139 0.85437401765 0) (0.312911654421 0.857089976227 0) (0.315759497784 0.859813224135 0) (0.318621518945 0.862543851492 0) (0.321497848284 0.865281949303 0) (0.324388617874 0.868027609475 0) (0.327293961502 0.87078092483 0) (0.330214014695 0.873541989122 0) (0.333148914742 0.876310897046 0) (0.336098800725 0.879087744256 0) (0.339063813539 0.881872627382 0) (0.342044095923 0.884665644039 0) (0.345039792484 0.887466892846 0) (0.348051049727 0.890276473443 0) (0.351078016081 0.893094486502 0))
    polyLine 56 60 ((0.413554060962 0.570645891376 -0.03) (0.414447687007 0.570971144657 -0.03) (0.415341313053 0.571296397938 -0.03) (0.416234939098 0.571621651219 -0.03) (0.417128565144 0.5719469045 -0.03) (0.41802219119 0.572272157782 -0.03) (0.418915817235 0.572597411063 -0.03) (0.419809443281 0.572922664344 -0.03) (0.420703069326 0.573247917625 -0.03) (0.421596695372 0.573573170906 -0.03) (0.422490321417 0.573898424187 -0.03) (0.423383947463 0.574223677468 -0.03) (0.424277573509 0.57454893075 -0.03) (0.425171199554 0.574874184031 -0.03) (0.4260648256 0.575199437312 -0.03) (0.426958451645 0.575524690593 -0.03) (0.427852077691 0.575849943874 -0.03) (0.428745703736 0.576175197155 -0.03) (0.429639329782 0.576500450437 -0.03) (0.430532955828 0.576825703718 -0.03) (0.431426581873 0.577150956999 -0.03) (0.432320207919 0.57747621028 -0.03) (0.433213833964 0.577801463561 -0.03) (0.43410746001 0.578126716842 -0.03) (0.435001086056 0.578451970124 -0.03) (0.435894712101 0.578777223405 -0.03) (0.436788338147 0.579102476686 -0.03) (0.437681964192 0.579427729967 -0.03) (0.438575590238 0.579752983248 -0.03) (0.439469216283 0.580078236529 -0.03) (0.440362842329 0.58040348981 -0.03) (0.441256468375 0.580728743092 -0.03) (0.44215009442 0.581053996373 -0.03) (0.443043720466 0.581379249654 -0.03) (0.443937346511 0.581704502935 -0.03) (0.444830972557 0.582029756216 -0.03) (0.445724598602 0.582355009497 -0.03) (0.446618224648 0.582680262779 -0.03) (0.447511850694 0.58300551606 -0.03) (0.448405476739 0.583330769341 -0.03) (0.449299102785 0.583656022622 -0.03) (0.45019272883 0.583981275903 -0.03) (0.451086354876 0.584306529184 -0.03) (0.451979980921 0.584631782465 -0.03) (0.452873606967 0.584957035747 -0.03) (0.453767233013 0.585282289028 -0.03) (0.454660859058 0.585607542309 -0.03) (0.455554485104 0.58593279559 -0.03) (0.456448111149 0.586258048871 -0.03) (0.457341737195 0.586583302152 -0.03) (0.45823536324 0.586908555434 -0.03) (0.459128989286 0.587233808715 -0.03) (0.460022615332 0.587559061996 -0.03) (0.460916241377 0.587884315277 -0.03) (0.461809867423 0.588209568558 -0.03) (0.462703493468 0.588534821839 -0.03))
    polyLine 58 62 ((0.413554060962 0.570645891376 0) (0.414447687007 0.570971144657 0) (0.415341313053 0.571296397938 0) (0.416234939098 0.571621651219 0) (0.417128565144 0.5719469045 0) (0.41802219119 0.572272157782 0) (0.418915817235 0.572597411063 0) (0.419809443281 0.572922664344 0) (0.420703069326 0.573247917625 0) (0.421596695372 0.573573170906 0) (0.422490321417 0.573898424187 0) (0.423383947463 0.574223677468 0) (0.424277573509 0.57454893075 0) (0.425171199554 0.574874184031 0) (0.4260648256 0.575199437312 0) (0.426958451645 0.575524690593 0) (0.427852077691 0.575849943874 0) (0.428745703736 0.576175197155 0) (0.429639329782 0.576500450437 0) (0.430532955828 0.576825703718 0) (0.431426581873 0.577150956999 0) (0.432320207919 0.57747621028 0) (0.433213833964 0.577801463561 0) (0.43410746001 0.578126716842 0) (0.435001086056 0.578451970124 0) (0.435894712101 0.578777223405 0) (0.436788338147 0.579102476686 0) (0.437681964192 0.579427729967 0) (0.438575590238 0.579752983248 0) (0.439469216283 0.580078236529 0) (0.440362842329 0.58040348981 0) (0.441256468375 0.580728743092 0) (0.44215009442 0.581053996373 0) (0.443043720466 0.581379249654 0) (0.443937346511 0.581704502935 0) (0.444830972557 0.582029756216 0) (0.445724598602 0.582355009497 0) (0.446618224648 0.582680262779 0) (0.447511850694 0.58300551606 0) (0.448405476739 0.583330769341 0) (0.449299102785 0.583656022622 0) (0.45019272883 0.583981275903 0) (0.451086354876 0.584306529184 0) (0.451979980921 0.584631782465 0) (0.452873606967 0.584957035747 0) (0.453767233013 0.585282289028 0) (0.454660859058 0.585607542309 0) (0.455554485104 0.58593279559 0) (0.456448111149 0.586258048871 0) (0.457341737195 0.586583302152 0) (0.45823536324 0.586908555434 0) (0.459128989286 0.587233808715 0) (0.460022615332 0.587559061996 0) (0.460916241377 0.587884315277 0) (0.461809867423 0.588209568558 0) (0.462703493468 0.588534821839 0))
    polyLine 57 61 ((0.357090434871 0.898673586543 -0.03) (0.360075262542 0.901434375981 -0.03) (0.363075468014 0.904203498093 -0.03) (0.366091196203 0.906981049903 -0.03) (0.36912259389 0.909767129444 -0.03) (0.372169809752 0.912561835772 -0.03) (0.37523299439 0.915365268983 -0.03) (0.378312300354 0.918177530228 -0.03) (0.381407882179 0.920998721728 -0.03) (0.384519896408 0.923828946796 -0.03) (0.387648501623 0.926668309845 -0.03) (0.390793858482 0.929516916415 -0.03) (0.393956129742 0.932374873183 -0.03) (0.397135480298 0.935242287985 -0.03) (0.400332077211 0.938119269831 -0.03) (0.403546089742 0.941005928928 -0.03) (0.406777689389 0.943902376694 -0.03) (0.410027049918 0.946808725779 -0.03) (0.413294347399 0.949725090087 -0.03) (0.416579760244 0.952651584791 -0.03) (0.41988346924 0.955588326358 -0.03) (0.42320565759 0.958535432567 -0.03) (0.426546510946 0.961493022528 -0.03))
    polyLine 59 63 ((0.357090434871 0.898673586543 0) (0.360075262542 0.901434375981 0) (0.363075468014 0.904203498093 0) (0.366091196203 0.906981049903 0) (0.36912259389 0.909767129444 0) (0.372169809752 0.912561835772 0) (0.37523299439 0.915365268983 0) (0.378312300354 0.918177530228 0) (0.381407882179 0.920998721728 0) (0.384519896408 0.923828946796 0) (0.387648501623 0.926668309845 0) (0.390793858482 0.929516916415 0) (0.393956129742 0.932374873183 0) (0.397135480298 0.935242287985 0) (0.400332077211 0.938119269831 0) (0.403546089742 0.941005928928 0) (0.406777689389 0.943902376694 0) (0.410027049918 0.946808725779 0) (0.413294347399 0.949725090087 0) (0.416579760244 0.952651584791 0) (0.41988346924 0.955588326358 0) (0.42320565759 0.958535432567 0) (0.426546510946 0.961493022528 0))
    polyLine 60 64 ((0.463597119514 0.58886007512 -0.03) (0.46449074556 0.589185328402 -0.03) (0.465384371605 0.589510581683 -0.03) (0.466277997651 0.589835834964 -0.03) (0.467171623696 0.590161088245 -0.03) (0.468065249742 0.590486341526 -0.03) (0.468958875787 0.590811594807 -0.03) (0.469852501833 0.591136848089 -0.03) (0.470746127879 0.59146210137 -0.03) (0.471639753924 0.591787354651 -0.03) (0.47253337997 0.592112607932 -0.03) (0.473427006015 0.592437861213 -0.03) (0.474320632061 0.592763114494 -0.03) (0.475216499507 0.593085164999 -0.03) (0.476114893662 0.593400098246 -0.03) (0.477015757984 0.593707894413 -0.03) (0.477919035776 0.594008534129 -0.03) (0.478824670188 0.594301998472 -0.03) (0.479732604221 0.594588268973 -0.03) (0.480642780732 0.594867327615 -0.03) (0.481555142439 0.595139156834 -0.03) (0.482469631919 0.595403739522 -0.03) (0.483386191617 0.595661059027 -0.03) (0.484304763848 0.595911099155 -0.03) (0.485225290798 0.596153844168 -0.03) (0.486147714534 0.596389278788 -0.03) (0.487071976999 0.596617388199 -0.03) (0.487998020024 0.596838158043 -0.03) (0.488925785326 0.597051574426 -0.03) (0.489855214514 0.597257623917 -0.03) (0.490786249092 0.597456293546 -0.03) (0.491718830464 0.59764757081 -0.03) (0.492652899937 0.597831443672 -0.03) (0.493588398721 0.598007900557 -0.03) (0.49452526794 0.598176930361 -0.03) (0.495463448629 0.598338522446 -0.03) (0.496402881743 0.598492666641 -0.03) (0.497343508156 0.598639353245 -0.03) (0.498285268667 0.598778573026 -0.03) (0.499228104005 0.598910317221 -0.03) (0.500171954831 0.59903457754 -0.03) (0.501116761741 0.599151346161 -0.03) (0.502062465272 0.599260615735 -0.03) (0.503009005903 0.599362379386 -0.03) (0.503956324063 0.599456630709 -0.03) (0.50490436013 0.599543363771 -0.03) (0.505853054437 0.599622573114 -0.03) (0.506802347276 0.599694253753 -0.03) (0.507752178901 0.599758401177 -0.03) (0.508702489533 0.599815011347 -0.03) (0.509653219361 0.599864080702 -0.03) (0.51060430855 0.599905606153 -0.03) (0.51155569724 0.599939585086 -0.03) (0.512507325554 0.599966015363 -0.03) (0.5134591336 0.599984895321 -0.03) (0.514411061472 0.599996223771 -0.03))
    polyLine 62 66 ((0.463597119514 0.58886007512 0) (0.46449074556 0.589185328402 0) (0.465384371605 0.589510581683 0) (0.466277997651 0.589835834964 0) (0.467171623696 0.590161088245 0) (0.468065249742 0.590486341526 0) (0.468958875787 0.590811594807 0) (0.469852501833 0.591136848089 0) (0.470746127879 0.59146210137 0) (0.471639753924 0.591787354651 0) (0.47253337997 0.592112607932 0) (0.473427006015 0.592437861213 0) (0.474320632061 0.592763114494 0) (0.475216499507 0.593085164999 0) (0.476114893662 0.593400098246 0) (0.477015757984 0.593707894413 0) (0.477919035776 0.594008534129 0) (0.478824670188 0.594301998472 0) (0.479732604221 0.594588268973 0) (0.480642780732 0.594867327615 0) (0.481555142439 0.595139156834 0) (0.482469631919 0.595403739522 0) (0.483386191617 0.595661059027 0) (0.484304763848 0.595911099155 0) (0.485225290798 0.596153844168 0) (0.486147714534 0.596389278788 0) (0.487071976999 0.596617388199 0) (0.487998020024 0.596838158043 0) (0.488925785326 0.597051574426 0) (0.489855214514 0.597257623917 0) (0.490786249092 0.597456293546 0) (0.491718830464 0.59764757081 0) (0.492652899937 0.597831443672 0) (0.493588398721 0.598007900557 0) (0.49452526794 0.598176930361 0) (0.495463448629 0.598338522446 0) (0.496402881743 0.598492666641 0) (0.497343508156 0.598639353245 0) (0.498285268667 0.598778573026 0) (0.499228104005 0.598910317221 0) (0.500171954831 0.59903457754 0) (0.501116761741 0.599151346161 0) (0.502062465272 0.599260615735 0) (0.503009005903 0.599362379386 0) (0.503956324063 0.599456630709 0) (0.50490436013 0.599543363771 0) (0.505853054437 0.599622573114 0) (0.506802347276 0.599694253753 0) (0.507752178901 0.599758401177 0) (0.508702489533 0.599815011347 0) (0.509653219361 0.599864080702 0) (0.51060430855 0.599905606153 0) (0.51155569724 0.599939585086 0) (0.512507325554 0.599966015363 0) (0.5134591336 0.599984895321 0) (0.514411061472 0.599996223771 0))
    polyLine 61 65 ((0.433235198731 0.967396301509 -0.03) (0.436582853307 0.970341917454 -0.03) (0.439949368479 0.973298183767 -0.03) (0.443334934047 0.97626522103 -0.03) (0.446739742347 0.979243151205 -0.03) (0.450163988297 0.982232097663 -0.03) (0.453607869435 0.985232185201 -0.03) (0.457071585963 0.988243540066 -0.03) (0.460555340789 0.991266289979 -0.03) (0.46405933957 0.994300564161 -0.03) (0.467583790759 0.997346493353 -0.03) (0.471128905646 1.00040420984 -0.03) (0.474694898411 1.0034738475 -0.03) (0.478281986163 1.00655554177 -0.03) (0.481890388995 1.00964942976 -0.03) (0.485520330031 1.01275565019 -0.03) (0.489172035474 1.01587434348 -0.03) (0.492845734661 1.01900565175 -0.03) (0.496541660113 1.02214971887 -0.03) (0.500260047587 1.02530669045 -0.03) (0.504001136134 1.02847671392 -0.03) (0.50776516815 1.03165993851 -0.03) (0.511552389438 1.03485651531 -0.03))
    polyLine 63 67 ((0.433235198731 0.967396301509 0) (0.436582853307 0.970341917454 0) (0.439949368479 0.973298183767 0) (0.443334934047 0.97626522103 0) (0.446739742347 0.979243151205 0) (0.450163988297 0.982232097663 0) (0.453607869435 0.985232185201 0) (0.457071585963 0.988243540066 0) (0.460555340789 0.991266289979 0) (0.46405933957 0.994300564161 0) (0.467583790759 0.997346493353 0) (0.471128905646 1.00040420984 0) (0.474694898411 1.0034738475 0) (0.478281986163 1.00655554177 0) (0.481890388995 1.00964942976 0) (0.485520330031 1.01275565019 0) (0.489172035474 1.01587434348 0) (0.492845734661 1.01900565175 0) (0.496541660113 1.02214971887 0) (0.500260047587 1.02530669045 0) (0.504001136134 1.02847671392 0) (0.50776516815 1.03165993851 0) (0.511552389438 1.03485651531 0))
);

boundary
(
    body_fore
    {
        type wall;
        faces
        (
            (0 2 6 4)
            (4 6 10 8)
            (8 10 14 12)
            (12 14 18 16)
            (16 18 22 20)
            (20 22 26 24)
            (24 26 30 28)
            (28 30 34 32)
            (32 34 38 36)
            (36 38 42 40)
            (40 42 46 44)
            (44 46 50 48)
            (48 50 54 52)
            (52 54 58 56)
            (56 58 62 60)
            (60 62 66 64)
        );
    }
    freestream
    {
        type patch;
        faces
        (
            (1 5 7 3)
            (5 9 11 7)
            (9 13 15 11)
            (13 17 19 15)
            (17 21 23 19)
            (21 25 27 23)
            (25 29 31 27)
            (29 33 35 31)
            (33 37 39 35)
            (37 41 43 39)
            (41 45 47 43)
            (45 49 51 47)
            (49 53 55 51)
            (53 57 59 55)
            (57 61 63 59)
            (61 65 67 63)
        );
    }
    outlet
    {
        type patch;
        faces
        (
            (64 66 67 65)
        );
    }
    axis
    {
        type patch;
        faces
        (
            (0 1 3 2)
        );
    }
    front
    {
        type patch;
        faces
        (
            (2 6 7 3)
            (6 10 11 7)
            (10 14 15 11)
            (14 18 19 15)
            (18 22 23 19)
            (22 26 27 23)
            (26 30 31 27)
            (30 34 35 31)
            (34 38 39 35)
            (38 42 43 39)
            (42 46 47 43)
            (46 50 51 47)
            (50 54 55 51)
            (54 58 59 55)
            (58 62 63 59)
            (62 66 67 63)
        );
    }
    back
    {
        type patch;
        faces
        (
            (0 1 5 4)
            (4 5 9 8)
            (8 9 13 12)
            (12 13 17 16)
            (16 17 21 20)
            (20 21 25 24)
            (24 25 29 28)
            (28 29 33 32)
            (32 33 37 36)
            (36 37 41 40)
            (40 41 45 44)
            (44 45 49 48)
            (48 49 53 52)
            (52 53 57 56)
            (56 57 61 60)
            (60 61 65 64)
        );
    }
);
