FoamFile
{
    version     2.0;
    format      ascii;
    class       dictionary;
    object      blockMeshDict;
}
// Generated by aether.cfd - do not edit by hand. Regenerate from the run config.

scale 1;

vertices
(
    (0 0 -0.03)
    (-0.174616678191 1.11380493876e-16 -0.03)
    (0 0 0)
    (-0.174616678191 1.11380493876e-16 0)
    (0.00449231377261 0.0638338075365 -0.03)
    (-0.170175378178 0.0790993911463 -0.03)
    (0.00449231377261 0.0638338075365 0)
    (-0.170175378178 0.0790993911463 0)
    (0.017879772905 0.126409440516 -0.03)
    (-0.157112667131 0.157261424137 -0.03)
    (0.017879772905 0.126409440516 0)
    (-0.157112667131 0.157261424137 0)
    (0.039898891316 0.186493494277 -0.03)
    (-0.136131730319 0.233730527393 -0.03)
    (0.039898891316 0.186493494277 0)
    (-0.136131730319 0.233730527393 0)
    (0.0701158066906 0.242901581369 -0.03)
    (-0.108179709792 0.308050470855 -0.03)
    (0.0701158066906 0.242901581369 0)
    (-0.108179709792 0.308050470855 0)
    (0.107934459256 0.294522163797 -0.03)
    (-0.0742238887188 0.380096068398 -0.03)
    (0.107934459256 0.294522163797 0)
    (-0.0742238887188 0.380096068398 0)
    (0.152610036139 0.340337316505 -0.03)
    (-0.0350755529137 0.450040828229 -0.03)
    (0.152610036139 0.340337316505 0)
    (-0.0350755529137 0.450040828229 0)
    (0.203261503812 0.379444382242 -0.03)
    (0.00871755820141 0.518302286237 -0.03)
    (0.203261503812 0.379444382242 0)
    (0.00871755820141 0.518302286237 0)
    (0.25889057891 0.41107255498 -0.03)
    (0.0569261587967 0.585494632665 -0.03)
    (0.25889057891 0.41107255498 0)
    (0.0569261587967 0.585494632665 0)
    (0.317977937289 0.435739453767 -0.03)
    (0.110138401562 0.652973142813 -0.03)
    (0.317977937289 0.435739453767 0)
    (0.110138401562 0.652973142813 0)
    (0.377470447804 0.459452776128 -0.03)
    (0.171371145409 0.724399434896 -0.03)
    (0.377470447804 0.459452776128 0)
    (0.171371145409 0.724399434896 0)
    (0.436962958319 0.483166098489 -0.03)
    (0.241486864737 0.800198315319 -0.03)
    (0.436962958319 0.483166098489 0)
    (0.241486864737 0.800198315319 0)
    (0.496455468834 0.50687942085 -0.03)
    (0.320834085466 0.880251561653 -0.03)
    (0.496455468834 0.50687942085 0)
    (0.320834085466 0.880251561653 0)
    (0.555947979349 0.530592743212 -0.03)
    (0.409647649486 0.964436076249 -0.03)
    (0.555947979349 0.530592743212 0)
    (0.409647649486 0.964436076249 0)
    (0.615440489865 0.554306065573 -0.03)
    (0.508067020977 1.05263964084 -0.03)
    (0.615440489865 0.554306065573 0)
    (0.508067020977 1.05263964084 0)
    (0.67493300038 0.578019387934 -0.03)
    (0.616160216191 1.14477281063 -0.03)
    (0.67493300038 0.578019387934 0)
    (0.616160216191 1.14477281063 0)
    (0.734874074194 0.6 -0.03)
    (0.734874074194 1.24151509872 -0.03)
    (0.734874074194 0.6 0)
    (0.734874074194 1.24151509872 0)
);

blocks
(
    hex (0 4 5 1 2 6 7 3) (4 48 1) simpleGrading (1 4 1)
    hex (4 8 9 5 6 10 11 7) (4 48 1) simpleGrading (1 4 1)
    hex (8 12 13 9 10 14 15 11) (4 48 1) simpleGrading (1 4 1)
    hex (12 16 17 13 14 18 19 15) (4 48 1) simpleGrading (1 4 1)
    hex (16 20 21 17 18 22 23 19) (4 48 1) simpleGrading (1 4 1)
    hex (20 24 25 21 22 26 27 23) (4 48 1) simpleGrading (1 4 1)
    hex (24 28 29 25 26 30 31 27) (4 48 1) simpleGrading (1 4 1)
    hex (28 32 33 29 30 34 35 31) (4 48 1) simpleGrading (1 4 1)
    hex (32 36 37 33 34 38 39 35) (4 48 1) simpleGrading (1 4 1)
    hex (36 40 41 37 38 42 43 39) (4 48 1) simpleGrading (1 4 1)
    hex (40 44 45 41 42 46 47 43) (4 48 1) simpleGrading (1 4 1)
    hex (44 48 49 45 46 50 51 47) (4 48 1) simpleGrading (1 4 1)
    hex (48 52 53 49 50 54 55 51) (4 48 1) simpleGrading (1 4 1)
    hex (52 56 57 53 54 58 59 55) (4 48 1) simpleGrading (1 4 1)
    hex (56 60 61 57 58 62 63 59) (4 48 1) simpleGrading (1 4 1)
    hex (60 64 65 61 62 66 67 63) (4 48 1) simpleGrading (1 4 1)
);

edges
(
    polyLine 0 4 ((1.22464163991e-06 0.00105659063909 -0.03) (4.89855997885e-06 0.0021131756005 -0.03) (1.10217352748e-05 0.00316974920659 -0.03) (1.95941346243e-05 0.00422630577976 -0.03) (3.0615711963e-05 0.00528283964254 -0.03) (4.40864080653e-05 0.00633934511754 -0.03) (6.00061505455e-05 0.00739581652754 -0.03) (7.83748538575e-05 0.00845224819551 -0.03) (9.91924192955e-05 0.00950863444463 -0.03) (0.000122458734995 0.0105649695983 -0.03) (0.000148173675931 0.0116212479803 -0.03) (0.000176337103925 0.0126774639145 -0.03) (0.000206948867635 0.0137336117253 -0.03) (0.000240008802569 0.0147896857374 -0.03) (0.000275516731076 0.0158456802759 -0.03) (0.00031347246235 0.0169015896663 -0.03) (0.000353875792434 0.0179574082347 -0.03) (0.000396726504217 0.0190131303074 -0.03) (0.000442024367437 0.0200687502115 -0.03) (0.000489769138682 0.0211242622746 -0.03) (0.000539960561392 0.0221796608246 -0.03) (0.00059259836586 0.0232349401904 -0.03) (0.00064768226923 0.0242900947013 -0.03) (0.000705211975507 0.0253451186874 -0.03) (0.000765187175548 0.0264000064795 -0.03) (0.000827607547072 0.0274547524088 -0.03) (0.000892472754659 0.0285093508079 -0.03) (0.000959782449749 0.0295637960095 -0.03) (0.00102953627065 0.0306180823477 -0.03) (0.00110173384253 0.031672204157 -0.03) (0.00117637477743 0.0327261557732 -0.03) (0.00125345867427 0.0337799315326 -0.03) (0.00133298511882 0.0348335257728 -0.03) (0.00141495368375 0.0358869328322 -0.03) (0.00149936392858 0.0369401470502 -0.03) (0.00158621539974 0.0379931627672 -0.03) (0.00167550763052 0.0390459743248 -0.03) (0.0017672401411 0.0400985760657 -0.03) (0.00186141243855 0.0411509623335 -0.03) (0.00195802401683 0.0422031274733 -0.03) (0.00205707435678 0.043255065831 -0.03) (0.00215856292615 0.0443067717541 -0.03) (0.00226248917958 0.0453582395911 -0.03) (0.00236885255863 0.0464094636918 -0.03) (0.00247765249172 0.0474604384075 -0.03) (0.00258888839423 0.0485111580905 -0.03) (0.00270255966841 0.0495616170948 -0.03) (0.00281866570344 0.0506118097757 -0.03) (0.00293720587542 0.0516617304899 -0.03) (0.00305817954736 0.0527113735954 -0.03) (0.0031815860692 0.0537607334521 -0.03) (0.0033074247778 0.054809804421 -0.03) (0.00343569499697 0.0558585808648 -0.03) (0.00356639603742 0.056907057148 -0.03) (0.00369952719682 0.0579552276364 -0.03) (0.0038350877598 0.0590030866976 -0.03) (0.00397307699789 0.0600506287008 -0.03) (0.0041134941696 0.061097848017 -0.03) (0.00425633852039 0.0621447390189 -0.03) (0.00440160928267 0.0631912960809 -0.03))
    polyLine 2 6 ((1.22464163991e-06 0.00105659063909 0) (4.89855997885e-06 0.0021131756005 0) (1.10217352748e-05 0.00316974920659 0) (1.95941346243e-05 0.00422630577976 0) (3.0615711963e-05 0.00528283964254 0) (4.40864080653e-05 0.00633934511754 0) (6.00061505455e-05 0.00739581652754 0) (7.83748538575e-05 0.00845224819551 0) (9.91924192955e-05 0.00950863444463 0) (0.000122458734995 0.0105649695983 0) (0.000148173675931 0.0116212479803 0) (0.000176337103925 0.0126774639145 0) (0.000206948867635 0.0137336117253 0) (0.000240008802569 0.0147896857374 0) (0.000275516731076 0.0158456802759 0) (0.00031347246235 0.0169015896663 0) (0.000353875792434 0.0179574082347 0) (0.000396726504217 0.0190131303074 0) (0.000442024367437 0.0200687502115 0) (0.000489769138682 0.0211242622746 0) (0.000539960561392 0.0221796608246 0) (0.00059259836586 0.0232349401904 0) (0.00064768226923 0.0242900947013 0) (0.000705211975507 0.0253451186874 0) (0.000765187175548 0.0264000064795 0) (0.000827607547072 0.0274547524088 0) (0.000892472754659 0.0285093508079 0) (0.000959782449749 0.0295637960095 0) (0.00102953627065 0.0306180823477 0) (0.00110173384253 0.031672204157 0) (0.00117637477743 0.0327261557732 0) (0.00125345867427 0.0337799315326 0) (0.00133298511882 0.0348335257728 0) (0.00141495368375 0.0358869328322 0) (0.00149936392858 0.0369401470502 0) (0.00158621539974 0.0379931627672 0) (0.00167550763052 0.0390459743248 0) (0.0017672401411 0.0400985760657 0) (0.00186141243855 0.0411509623335 0) (0.00195802401683 0.0422031274733 0) (0.00205707435678 0.043255065831 0) (0.00215856292615 0.0443067717541 0) (0.00226248917958 0.0453582395911 0) (0.00236885255863 0.0464094636918 0) (0.00247765249172 0.0474604384075 0) (0.00258888839423 0.0485111580905 0) (0.00270255966841 0.0495616170948 0) (0.00281866570344 0.0506118097757 0) (0.00293720587542 0.0516617304899 0) (0.00305817954736 0.0527113735954 0) (0.0031815860692 0.0537607334521 0) (0.0033074247778 0.054809804421 0) (0.00343569499697 0.0558585808648 0) (0.00356639603742 0.056907057148 0) (0.00369952719682 0.0579552276364 0) (0.0038350877598 0.0590030866976 0) (0.00397307699789 0.0600506287008 0) (0.0041134941696 0.061097848017 0) (0.00425633852039 0.0621447390189 0) (0.00440160928267 0.0631912960809 0))
    polyLine 1 5 ((-0.174608923512 0.00330357337136 -0.03) (-0.174585660403 0.00660706491663 -0.03) (-0.174546891656 0.00991039283784 -0.03) (-0.17449262192 0.0132134753933 -0.03) (-0.174422857699 0.0165162309254 -0.03) (-0.174337607349 0.0198185778891 -0.03) (-0.174236881074 0.0231204348794 -0.03) (-0.17412069092 0.026421720659 -0.03) (-0.173989050766 0.0297223541867 -0.03) (-0.173841976316 0.0330222546441 -0.03) (-0.173679485094 0.0363213414632 -0.03) (-0.17350159643 0.0396195343537 -0.03) (-0.173308331448 0.0429167533296 -0.03) (-0.173099713059 0.0462129187362 -0.03) (-0.172875765943 0.0495079512762 -0.03) (-0.172636516536 0.0528017720361 -0.03) (-0.172381993017 0.0560943025116 -0.03) (-0.17211222529 0.0593854646336 -0.03) (-0.171827244968 0.0626751807933 -0.03) (-0.171527085355 0.0659633738664 -0.03) (-0.171211781427 0.0692499672385 -0.03) (-0.170881369813 0.0725348848285 -0.03) (-0.170535888772 0.0758180511123 -0.03))
    polyLine 3 7 ((-0.174608923512 0.00330357337136 0) (-0.174585660403 0.00660706491663 0) (-0.174546891656 0.00991039283784 0) (-0.17449262192 0.0132134753933 0) (-0.174422857699 0.0165162309254 0) (-0.174337607349 0.0198185778891 0) (-0.174236881074 0.0231204348794 0) (-0.17412069092 0.026421720659 0) (-0.173989050766 0.0297223541867 0) (-0.173841976316 0.0330222546441 0) (-0.173679485094 0.0363213414632 0) (-0.17350159643 0.0396195343537 0) (-0.173308331448 0.0429167533296 0) (-0.173099713059 0.0462129187362 0) (-0.172875765943 0.0495079512762 0) (-0.172636516536 0.0528017720361 0) (-0.172381993017 0.0560943025116 0) (-0.17211222529 0.0593854646336 0) (-0.171827244968 0.0626751807933 0) (-0.171527085355 0.0659633738664 0) (-0.171211781427 0.0692499672385 0) (-0.170881369813 0.0725348848285 0) (-0.170535888772 0.0758180511123 0))
    polyLine 4 8 ((0.00454930567583 0.0642375135792 -0.03) (0.00469942690619 0.065283385892 -0.03) (0.00485197216707 0.066328907399 -0.03) (0.00500694063876 0.0673740724822 -0.03) (0.00516433148852 0.0684188755253 -0.03) (0.0053241438706 0.0694633109138 -0.03) (0.00548637692623 0.0705073730356 -0.03) (0.00565102978364 0.0715510562801 -0.03) (0.00581810155805 0.0725943550391 -0.03) (0.0059875913517 0.0736372637063 -0.03) (0.0061594982538 0.0746797766777 -0.03) (0.00633382134062 0.075721888351 -0.03) (0.0065105596754 0.0767635931266 -0.03) (0.00668971230843 0.0778048854066 -0.03) (0.00687127827701 0.0788457595956 -0.03) (0.0070552566055 0.0798862101005 -0.03) (0.00724164630526 0.0809262313301 -0.03) (0.00743044637471 0.081965817696 -0.03) (0.00762165579933 0.0830049636118 -0.03) (0.00781527355163 0.0840436634935 -0.03) (0.00801129859119 0.0850819117597 -0.03) (0.00820972986466 0.0861197028312 -0.03) (0.00841056630574 0.0871570311314 -0.03) (0.00861380683523 0.088193891086 -0.03) (0.00881945036099 0.0892302771235 -0.03) (0.00902749577799 0.0902661836747 -0.03) (0.00923794196828 0.0913016051731 -0.03) (0.009450787801 0.0923365360548 -0.03) (0.00966603213241 0.0933709707584 -0.03) (0.00988367380588 0.0944049037255 -0.03) (0.0101037116519 0.0954383293999 -0.03) (0.010326144488 0.0964712422287 -0.03) (0.0105509711191 0.0975036366612 -0.03) (0.0107781903369 0.0985355071499 -0.03) (0.0110078009205 0.0995668481499 -0.03) (0.011239801636 0.100597654119 -0.03) (0.0114741912369 0.101627919519 -0.03) (0.0117109684635 0.102657638812 -0.03) (0.0119501320435 0.103686806466 -0.03) (0.0121916806917 0.104715416951 -0.03) (0.0124356131103 0.105743464738 -0.03) (0.0126819279883 0.106770944305 -0.03) (0.0129306240022 0.107797850129 -0.03) (0.0131816998156 0.108824176692 -0.03) (0.0134351540794 0.109849918479 -0.03) (0.0136909854315 0.110875069979 -0.03) (0.0139491924973 0.111899625682 -0.03) (0.0142097738892 0.112923580084 -0.03) (0.0144727282069 0.113946927682 -0.03) (0.0147380540376 0.114969662976 -0.03) (0.0150057499554 0.115991780471 -0.03) (0.0152758145218 0.117013274675 -0.03) (0.0155482462857 0.118034140098 -0.03) (0.015823043783 0.119054371255 -0.03) (0.0161002055372 0.120073962663 -0.03) (0.0163797300589 0.121092908845 -0.03) (0.016661615846 0.122111204323 -0.03) (0.0169458613839 0.123128843627 -0.03) (0.017232465145 0.124145821288 -0.03) (0.0175214255894 0.12516213184 -0.03) (0.0178127411641 0.126177769824 -0.03))
    polyLine 6 10 ((0.00454930567583 0.0642375135792 0) (0.00469942690619 0.065283385892 0) (0.00485197216707 0.066328907399 0) (0.00500694063876 0.0673740724822 0) (0.00516433148852 0.0684188755253 0) (0.0053241438706 0.0694633109138 0) (0.00548637692623 0.0705073730356 0) (0.00565102978364 0.0715510562801 0) (0.00581810155805 0.0725943550391 0) (0.0059875913517 0.0736372637063 0) (0.0061594982538 0.0746797766777 0) (0.00633382134062 0.075721888351 0) (0.0065105596754 0.0767635931266 0) (0.00668971230843 0.0778048854066 0) (0.00687127827701 0.0788457595956 0) (0.0070552566055 0.0798862101005 0) (0.00724164630526 0.0809262313301 0) (0.00743044637471 0.081965817696 0) (0.00762165579933 0.0830049636118 0) (0.00781527355163 0.0840436634935 0) (0.00801129859119 0.0850819117597 0) (0.00820972986466 0.0861197028312 0) (0.00841056630574 0.0871570311314 0) (0.00861380683523 0.088193891086 0) (0.00881945036099 0.0892302771235 0) (0.00902749577799 0.0902661836747 0) (0.00923794196828 0.0913016051731 0) (0.009450787801 0.0923365360548 0) (0.00966603213241 0.0933709707584 0) (0.00988367380588 0.0944049037255 0) (0.0101037116519 0.0954383293999 0) (0.010326144488 0.0964712422287 0) (0.0105509711191 0.0975036366612 0) (0.0107781903369 0.0985355071499 0) (0.0110078009205 0.0995668481499 0) (0.011239801636 0.100597654119 0) (0.0114741912369 0.101627919519 0) (0.0117109684635 0.102657638812 0) (0.0119501320435 0.103686806466 0) (0.0121916806917 0.104715416951 0) (0.0124356131103 0.105743464738 0) (0.0126819279883 0.106770944305 0) (0.0129306240022 0.107797850129 0) (0.0131816998156 0.108824176692 0) (0.0134351540794 0.109849918479 0) (0.0136909854315 0.110875069979 0) (0.0139491924973 0.111899625682 0) (0.0142097738892 0.112923580084 0) (0.0144727282069 0.113946927682 0) (0.0147380540376 0.114969662976 0) (0.0150057499554 0.115991780471 0) (0.0152758145218 0.117013274675 0) (0.0155482462857 0.118034140098 0) (0.015823043783 0.119054371255 0) (0.0161002055372 0.120073962663 0) (0.0163797300589 0.121092908845 0) (0.016661615846 0.122111204323 0) (0.0169458613839 0.123128843627 0) (0.017232465145 0.124145821288 0) (0.0175214255894 0.12516213184 0) (0.0178127411641 0.126177769824 0))
    polyLine 5 9 ((-0.169799182827 0.0823847941175 -0.03) (-0.169407988072 0.0856682154607 -0.03) (-0.169001838731 0.0889495817106 -0.03) (-0.168580781149 0.0922288200757 -0.03) (-0.168144863179 0.0955058584594 -0.03) (-0.167694134152 0.0987806254805 -0.03) (-0.167228644848 0.102053050493 -0.03) (-0.166748447476 0.105323063607 -0.03) (-0.166253595638 0.108590595706 -0.03) (-0.16574414431 0.111855578465 -0.03) (-0.165220149802 0.115117944372 -0.03) (-0.164681669741 0.11837762674 -0.03) (-0.164128763031 0.121634559729 -0.03) (-0.163561489828 0.124888678357 -0.03) (-0.162979911509 0.128139918522 -0.03) (-0.162384090639 0.131388217011 -0.03) (-0.161774090943 0.134633511516 -0.03) (-0.161149977271 0.137875740652 -0.03) (-0.160511815566 0.141114843965 -0.03) (-0.159859672835 0.144350761945 -0.03) (-0.159193617115 0.147583436043 -0.03) (-0.158513717438 0.150812808677 -0.03) (-0.1578200438 0.154038823245 -0.03))
    polyLine 7 11 ((-0.169799182827 0.0823847941175 0) (-0.169407988072 0.0856682154607 0) (-0.169001838731 0.0889495817106 0) (-0.168580781149 0.0922288200757 0) (-0.168144863179 0.0955058584594 0) (-0.167694134152 0.0987806254805 0) (-0.167228644848 0.102053050493 0) (-0.166748447476 0.105323063607 0) (-0.166253595638 0.108590595706 0) (-0.16574414431 0.111855578465 0) (-0.165220149802 0.115117944372 0) (-0.164681669741 0.11837762674 0) (-0.164128763031 0.121634559729 0) (-0.163561489828 0.124888678357 0) (-0.162979911509 0.128139918522 0) (-0.162384090639 0.131388217011 0) (-0.161774090943 0.134633511516 0) (-0.161149977271 0.137875740652 0) (-0.160511815566 0.141114843965 0) (-0.159859672835 0.144350761945 0) (-0.159193617115 0.147583436043 0) (-0.158513717438 0.150812808677 0) (-0.1578200438 0.154038823245 0))
    polyLine 8 12 ((0.018106410304 0.127192729781 -0.03) (0.0184024314308 0.128207006258 -0.03) (0.0187008029539 0.129220593804 -0.03) (0.01900152327 0.130233486972 -0.03) (0.0193045907631 0.131245680319 -0.03) (0.0196100038047 0.132257168407 -0.03) (0.0199177607536 0.133267945801 -0.03) (0.020227859956 0.134278007068 -0.03) (0.0205402997456 0.135287346781 -0.03) (0.0208550784435 0.136295959516 -0.03) (0.0211721943582 0.137303839853 -0.03) (0.0214916457856 0.138310982378 -0.03) (0.0218134310092 0.139317381676 -0.03) (0.0221375482998 0.140323032341 -0.03) (0.0224639959157 0.141327928969 -0.03) (0.0227927721028 0.142332066159 -0.03) (0.0231238750943 0.143335438517 -0.03) (0.023457303111 0.144338040649 -0.03) (0.0237930543613 0.145339867169 -0.03) (0.0241311270409 0.146340912694 -0.03) (0.0244715193331 0.147341171843 -0.03) (0.0248142294089 0.148340639242 -0.03) (0.0251592554267 0.149339309521 -0.03) (0.0255065955324 0.150337177312 -0.03) (0.0258562478596 0.151334237255 -0.03) (0.0262082105294 0.15233048399 -0.03) (0.0265624816505 0.153325912165 -0.03) (0.0269190593191 0.15432051643 -0.03) (0.0272779416193 0.155314291441 -0.03) (0.0276391266224 0.156307231858 -0.03) (0.0280026123878 0.157299332345 -0.03) (0.028368396962 0.158290587572 -0.03) (0.0287364783796 0.15928099221 -0.03) (0.0291068546626 0.16027054094 -0.03) (0.0294795238208 0.161259228442 -0.03) (0.0298544838517 0.162247049404 -0.03) (0.0302317327402 0.163233998518 -0.03) (0.0306112684594 0.164220070481 -0.03) (0.0309930889696 0.165205259994 -0.03) (0.0313771922192 0.166189561763 -0.03) (0.0317635761442 0.167172970498 -0.03) (0.0321522386682 0.168155480916 -0.03) (0.0325431777028 0.169137087736 -0.03) (0.0329363911472 0.170117785685 -0.03) (0.0333318768885 0.171097569491 -0.03) (0.0337296328014 0.17207643389 -0.03) (0.0341296567487 0.173054373622 -0.03) (0.0345319465807 0.174031383433 -0.03) (0.0349365001357 0.175007458071 -0.03) (0.0353433152399 0.175982592292 -0.03) (0.035752389707 0.176956780856 -0.03) (0.0361637213391 0.177930018529 -0.03) (0.0365773079257 0.178902300079 -0.03) (0.0369931472443 0.179873620284 -0.03) (0.0374112370605 0.180843973922 -0.03) (0.0378315751277 0.181813355781 -0.03) (0.038254159187 0.18278176065 -0.03) (0.0386789869676 0.183749183327 -0.03) (0.0391060561869 0.184715618612 -0.03) (0.0395353645498 0.185681061312 -0.03))
    polyLine 10 14 ((0.018106410304 0.127192729781 0) (0.0184024314308 0.128207006258 0) (0.0187008029539 0.129220593804 0) (0.01900152327 0.130233486972 0) (0.0193045907631 0.131245680319 0) (0.0196100038047 0.132257168407 0) (0.0199177607536 0.133267945801 0) (0.020227859956 0.134278007068 0) (0.0205402997456 0.135287346781 0) (0.0208550784435 0.136295959516 0) (0.0211721943582 0.137303839853 0) (0.0214916457856 0.138310982378 0) (0.0218134310092 0.139317381676 0) (0.0221375482998 0.140323032341 0) (0.0224639959157 0.141327928969 0) (0.0227927721028 0.142332066159 0) (0.0231238750943 0.143335438517 0) (0.023457303111 0.144338040649 0) (0.0237930543613 0.145339867169 0) (0.0241311270409 0.146340912694 0) (0.0244715193331 0.147341171843 0) (0.0248142294089 0.148340639242 0) (0.0251592554267 0.149339309521 0) (0.0255065955324 0.150337177312 0) (0.0258562478596 0.151334237255 0) (0.0262082105294 0.15233048399 0) (0.0265624816505 0.153325912165 0) (0.0269190593191 0.15432051643 0) (0.0272779416193 0.155314291441 0) (0.0276391266224 0.156307231858 0) (0.0280026123878 0.157299332345 0) (0.028368396962 0.158290587572 0) (0.0287364783796 0.15928099221 0) (0.0291068546626 0.16027054094 0) (0.0294795238208 0.161259228442 0) (0.0298544838517 0.162247049404 0) (0.0302317327402 0.163233998518 0) (0.0306112684594 0.164220070481 0) (0.0309930889696 0.165205259994 0) (0.0313771922192 0.166189561763 0) (0.0317635761442 0.167172970498 0) (0.0321522386682 0.168155480916 0) (0.0325431777028 0.169137087736 0) (0.0329363911472 0.170117785685 0) (0.0333318768885 0.171097569491 0) (0.0337296328014 0.17207643389 0) (0.0341296567487 0.173054373622 0) (0.0345319465807 0.174031383433 0) (0.0349365001357 0.175007458071 0) (0.0353433152399 0.175982592292 0) (0.035752389707 0.176956780856 0) (0.0361637213391 0.177930018529 0) (0.0365773079257 0.178902300079 0) (0.0369931472443 0.179873620284 0) (0.0374112370605 0.180843973922 0) (0.0378315751277 0.181813355781 0) (0.038254159187 0.18278176065 0) (0.0386789869676 0.183749183327 0) (0.0391060561869 0.184715618612 0) (0.0395353645498 0.185681061312 0))
    polyLine 9 13 ((-0.15638896795 0.160492453756 -0.03) (-0.155651610069 0.163719935194 -0.03) (-0.154900667833 0.166943815286 -0.03) (-0.154136216398 0.170164041907 -0.03) (-0.153358331694 0.173380563982 -0.03) (-0.152567090392 0.17659333149 -0.03) (-0.151762569873 0.17980229547 -0.03) (-0.150944848192 0.18300740803 -0.03) (-0.150114004042 0.186208622348 -0.03) (-0.149270116725 0.189405892681 -0.03) (-0.148413266113 0.192599174362 -0.03) (-0.147543532621 0.195788423812 -0.03) (-0.14666099717 0.198973598537 -0.03) (-0.145765741152 0.202154657132 -0.03) (-0.144857846402 0.205331559281 -0.03) (-0.143937395164 0.208504265764 -0.03) (-0.143004470056 0.211672738449 -0.03) (-0.142059154042 0.214836940301 -0.03) (-0.141101530397 0.217996835374 -0.03) (-0.140131682678 0.221152388818 -0.03) (-0.139149694692 0.224303566871 -0.03) (-0.138155650466 0.22745033686 -0.03) (-0.137149634217 0.230592667201 -0.03))
    polyLine 11 15 ((-0.15638896795 0.160492453756 0) (-0.155651610069 0.163719935194 0) (-0.154900667833 0.166943815286 0) (-0.154136216398 0.170164041907 0) (-0.153358331694 0.173380563982 0) (-0.152567090392 0.17659333149 0) (-0.151762569873 0.17980229547 0) (-0.150944848192 0.18300740803 0) (-0.150114004042 0.186208622348 0) (-0.149270116725 0.189405892681 0) (-0.148413266113 0.192599174362 0) (-0.147543532621 0.195788423812 0) (-0.14666099717 0.198973598537 0) (-0.145765741152 0.202154657132 0) (-0.144857846402 0.205331559281 0) (-0.143937395164 0.208504265764 0) (-0.143004470056 0.211672738449 0) (-0.142059154042 0.214836940301 0) (-0.141101530397 0.217996835374 0) (-0.140131682678 0.221152388818 0) (-0.139149694692 0.224303566871 0) (-0.138155650466 0.22745033686 0) (-0.137149634217 0.230592667201 0))
    polyLine 12 16 ((0.0399669097494 0.18664550624 -0.03) (0.0404006894668 0.187608948213 -0.03) (0.040836701371 0.188571382054 -0.03) (0.0412749431192 0.189532802591 -0.03) (0.0417154123563 0.190493204657 -0.03) (0.0421581067154 0.191452583093 -0.03) (0.0426030238178 0.192410932742 -0.03) (0.0430501612726 0.193368248455 -0.03) (0.043499516677 0.194324525088 -0.03) (0.0439510876165 0.195279757503 -0.03) (0.0444048716645 0.196233940565 -0.03) (0.0448608663825 0.197187069148 -0.03) (0.0453190693202 0.19813913813 -0.03) (0.0457794780154 0.199090142394 -0.03) (0.0462420899941 0.200040076832 -0.03) (0.0467069027703 0.200988936337 -0.03) (0.0471739138465 0.201936715812 -0.03) (0.047643120713 0.202883410164 -0.03) (0.0481145208485 0.203829014304 -0.03) (0.0485881117199 0.204773523153 -0.03) (0.0490638907824 0.205716931634 -0.03) (0.0495418554794 0.206659234678 -0.03) (0.0500220032423 0.207600427221 -0.03) (0.0505043314911 0.208540504207 -0.03) (0.050988837634 0.209479460583 -0.03) (0.0514755190675 0.210417291303 -0.03) (0.0519643731763 0.211353991329 -0.03) (0.0524553973335 0.212289555627 -0.03) (0.0529485889006 0.21322397917 -0.03) (0.0534439452273 0.214157256935 -0.03) (0.0539414636519 0.215089383909 -0.03) (0.0544411415008 0.216020355083 -0.03) (0.054942976089 0.216950165453 -0.03) (0.0554469647199 0.217878810023 -0.03) (0.0559531046852 0.218806283804 -0.03) (0.0564613932652 0.219732581811 -0.03) (0.0569718277285 0.220657699067 -0.03) (0.0574844053322 0.2215816306 -0.03) (0.057999123322 0.222504371447 -0.03) (0.058515978932 0.223425916647 -0.03) (0.0590349693849 0.22434626125 -0.03) (0.0595560918917 0.22526540031 -0.03) (0.0600793436522 0.226183328887 -0.03) (0.0606047218547 0.22710004205 -0.03) (0.061132223676 0.228015534872 -0.03) (0.0616618462815 0.228929802434 -0.03) (0.0621935868252 0.229842839822 -0.03) (0.0627274424499 0.230754642131 -0.03) (0.0632634102867 0.23166520446 -0.03) (0.0638014874557 0.232574521918 -0.03) (0.0643416710653 0.233482589617 -0.03) (0.064883958213 0.234389402678 -0.03) (0.0654283459846 0.235294956229 -0.03) (0.0659748314549 0.236199245402 -0.03) (0.0665234116872 0.237102265339 -0.03) (0.0670740837338 0.238004011188 -0.03) (0.0676268446355 0.238904478102 -0.03) (0.068181691422 0.239803661244 -0.03) (0.0687386211119 0.24070155578 -0.03) (0.0692976307124 0.241598156887 -0.03) (0.0698587172196 0.242493459746 -0.03))
    polyLine 14 18 ((0.0399669097494 0.18664550624 0) (0.0404006894668 0.187608948213 0) (0.040836701371 0.188571382054 0) (0.0412749431192 0.189532802591 0) (0.0417154123563 0.190493204657 0) (0.0421581067154 0.191452583093 0) (0.0426030238178 0.192410932742 0) (0.0430501612726 0.193368248455 0) (0.043499516677 0.194324525088 0) (0.0439510876165 0.195279757503 0) (0.0444048716645 0.196233940565 0) (0.0448608663825 0.197187069148 0) (0.0453190693202 0.19813913813 0) (0.0457794780154 0.199090142394 0) (0.0462420899941 0.200040076832 0) (0.0467069027703 0.200988936337 0) (0.0471739138465 0.201936715812 0) (0.047643120713 0.202883410164 0) (0.0481145208485 0.203829014304 0) (0.0485881117199 0.204773523153 0) (0.0490638907824 0.205716931634 0) (0.0495418554794 0.206659234678 0) (0.0500220032423 0.207600427221 0) (0.0505043314911 0.208540504207 0) (0.050988837634 0.209479460583 0) (0.0514755190675 0.210417291303 0) (0.0519643731763 0.211353991329 0) (0.0524553973335 0.212289555627 0) (0.0529485889006 0.21322397917 0) (0.0534439452273 0.214157256935 0) (0.0539414636519 0.215089383909 0) (0.0544411415008 0.216020355083 0) (0.054942976089 0.216950165453 0) (0.0554469647199 0.217878810023 0) (0.0559531046852 0.218806283804 0) (0.0564613932652 0.219732581811 0) (0.0569718277285 0.220657699067 0) (0.0574844053322 0.2215816306 0) (0.057999123322 0.222504371447 0) (0.058515978932 0.223425916647 0) (0.0590349693849 0.22434626125 0) (0.0595560918917 0.22526540031 0) (0.0600793436522 0.226183328887 0) (0.0606047218547 0.22710004205 0) (0.061132223676 0.228015534872 0) (0.0616618462815 0.228929802434 0) (0.0621935868252 0.229842839822 0) (0.0627274424499 0.230754642131 0) (0.0632634102867 0.23166520446 0) (0.0638014874557 0.232574521918 0) (0.0643416710653 0.233482589617 0) (0.064883958213 0.234389402678 0) (0.0654283459846 0.235294956229 0) (0.0659748314549 0.236199245402 0) (0.0665234116872 0.237102265339 0) (0.0670740837338 0.238004011188 0) (0.0676268446355 0.238904478102 0) (0.068181691422 0.239803661244 0) (0.0687386211119 0.24070155578 0) (0.0692976307124 0.241598156887 0) (0.0698587172196 0.242493459746 0))
    polyLine 13 17 ((-0.135096124232 0.236881723266 -0.03) (-0.134048666214 0.240028339341 -0.03) (-0.132989442399 0.24317034789 -0.03) (-0.131918538965 0.246307722281 -0.03) (-0.130836042107 0.249440436974 -0.03) (-0.129742038007 0.252568467512 -0.03) (-0.128636612808 0.255691790517 -0.03) (-0.127519852585 0.258810383686 -0.03) (-0.126391843321 0.261924225782 -0.03) (-0.125252670877 0.26503329663 -0.03) (-0.124102420969 0.268137577108 -0.03) (-0.122941179145 0.271237049144 -0.03) (-0.121769030753 0.274331695702 -0.03) (-0.120586060925 0.27742150078 -0.03) (-0.119392354548 0.2805064494 -0.03) (-0.118187996244 0.283586527598 -0.03) (-0.116973070346 0.286661722421 -0.03) (-0.115747660876 0.289732021911 -0.03) (-0.114511851523 0.292797415101 -0.03) (-0.113265725623 0.295857892007 -0.03) (-0.112009366139 0.298913443612 -0.03) (-0.110742855641 0.301964061866 -0.03) (-0.109466276284 0.305009739666 -0.03))
    polyLine 15 19 ((-0.135096124232 0.236881723266 0) (-0.134048666214 0.240028339341 0) (-0.132989442399 0.24317034789 0) (-0.131918538965 0.246307722281 0) (-0.130836042107 0.249440436974 0) (-0.129742038007 0.252568467512 0) (-0.128636612808 0.255691790517 0) (-0.127519852585 0.258810383686 0) (-0.126391843321 0.261924225782 0) (-0.125252670877 0.26503329663 0) (-0.124102420969 0.268137577108 0) (-0.122941179145 0.271237049144 0) (-0.121769030753 0.274331695702 0) (-0.120586060925 0.27742150078 0) (-0.119392354548 0.2805064494 0) (-0.118187996244 0.283586527598 0) (-0.116973070346 0.286661722421 0) (-0.115747660876 0.289732021911 0) (-0.114511851523 0.292797415101 0) (-0.113265725623 0.295857892007 0) (-0.112009366139 0.298913443612 0) (-0.110742855641 0.301964061866 0) (-0.109466276284 0.305009739666 0))
    polyLine 16 20 ((0.0704218776185 0.243387459547 -0.03) (0.070987108883 0.244280151485 -0.03) (0.0715544079755 0.245171530763 -0.03) (0.0721237718479 0.246061592592 -0.03) (0.0726951974405 0.246950332189 -0.03) (0.0732686816827 0.247837744777 -0.03) (0.0738442214928 0.248723825589 -0.03) (0.0744218137783 0.249608569863 -0.03) (0.0750014554352 0.250491972845 -0.03) (0.0755831433489 0.251374029787 -0.03) (0.0761668743936 0.25225473595 -0.03) (0.0767526454325 0.253134086602 -0.03) (0.0773404533181 0.254012077016 -0.03) (0.0779302948917 0.254888702476 -0.03) (0.0785221669836 0.25576395827 -0.03) (0.0791160664134 0.256637839695 -0.03) (0.0797119899899 0.257510342056 -0.03) (0.0803099345106 0.258381460664 -0.03) (0.0809098967625 0.259251190837 -0.03) (0.0815118735217 0.260119527903 -0.03) (0.0821158615534 0.260986467195 -0.03) (0.082721857612 0.261852004054 -0.03) (0.0833298584411 0.262716133831 -0.03) (0.0839398607736 0.26357885188 -0.03) (0.0845518613317 0.264440153566 -0.03) (0.0851658568265 0.265300034262 -0.03) (0.0857818439589 0.266158489346 -0.03) (0.0863998194188 0.267015514205 -0.03) (0.0870197798853 0.267871104235 -0.03) (0.0876417220272 0.268725254836 -0.03) (0.0882656425023 0.269577961421 -0.03) (0.0888915379579 0.270429219406 -0.03) (0.0895194050308 0.271279024217 -0.03) (0.0901492403471 0.272127371288 -0.03) (0.0907810405222 0.27297425606 -0.03) (0.0914148021612 0.273819673982 -0.03) (0.0920505218585 0.274663620512 -0.03) (0.0926881961979 0.275506091114 -0.03) (0.093327821753 0.276347081261 -0.03) (0.0939693950866 0.277186586434 -0.03) (0.0946129127511 0.278024602122 -0.03) (0.0952583712886 0.278861123823 -0.03) (0.0959057672307 0.279696147039 -0.03) (0.0965550970985 0.280529667286 -0.03) (0.0972063574027 0.281361680083 -0.03) (0.0978595446439 0.28219218096 -0.03) (0.0985146553119 0.283021165453 -0.03) (0.0991716858866 0.28384862911 -0.03) (0.0998306328373 0.284674567482 -0.03) (0.100491492623 0.285498976131 -0.03) (0.101154261693 0.286321850629 -0.03) (0.101818936485 0.287143186552 -0.03) (0.102485513428 0.287962979488 -0.03) (0.10315398894 0.28878122503 -0.03) (0.103824359429 0.289597918783 -0.03) (0.104496621292 0.290413056358 -0.03) (0.105170770918 0.291226633374 -0.03) (0.105846804682 0.29203864546 -0.03) (0.106524718954 0.292849088252 -0.03) (0.107204510089 0.293657957395 -0.03) (0.107886174436 0.294465248542 -0.03))
    polyLine 18 22 ((0.0704218776185 0.243387459547 0) (0.070987108883 0.244280151485 0) (0.0715544079755 0.245171530763 0) (0.0721237718479 0.246061592592 0) (0.0726951974405 0.246950332189 0) (0.0732686816827 0.247837744777 0) (0.0738442214928 0.248723825589 0) (0.0744218137783 0.249608569863 0) (0.0750014554352 0.250491972845 0) (0.0755831433489 0.251374029787 0) (0.0761668743936 0.25225473595 0) (0.0767526454325 0.253134086602 0) (0.0773404533181 0.254012077016 0) (0.0779302948917 0.254888702476 0) (0.0785221669836 0.25576395827 0) (0.0791160664134 0.256637839695 0) (0.0797119899899 0.257510342056 0) (0.0803099345106 0.258381460664 0) (0.0809098967625 0.259251190837 0) (0.0815118735217 0.260119527903 0) (0.0821158615534 0.260986467195 0) (0.082721857612 0.261852004054 0) (0.0833298584411 0.262716133831 0) (0.0839398607736 0.26357885188 0) (0.0845518613317 0.264440153566 0) (0.0851658568265 0.265300034262 0) (0.0857818439589 0.266158489346 0) (0.0863998194188 0.267015514205 0) (0.0870197798853 0.267871104235 0) (0.0876417220272 0.268725254836 0) (0.0882656425023 0.269577961421 0) (0.0888915379579 0.270429219406 0) (0.0895194050308 0.271279024217 0) (0.0901492403471 0.272127371288 0) (0.0907810405222 0.27297425606 0) (0.0914148021612 0.273819673982 0) (0.0920505218585 0.274663620512 0) (0.0926881961979 0.275506091114 0) (0.093327821753 0.276347081261 0) (0.0939693950866 0.277186586434 0) (0.0946129127511 0.278024602122 0) (0.0952583712886 0.278861123823 0) (0.0959057672307 0.279696147039 0) (0.0965550970985 0.280529667286 0) (0.0972063574027 0.281361680083 0) (0.0978595446439 0.28219218096 0) (0.0985146553119 0.283021165453 0) (0.0991716858866 0.28384862911 0) (0.0998306328373 0.284674567482 0) (0.100491492623 0.285498976131 0) (0.101154261693 0.286321850629 0) (0.101818936485 0.287143186552 0) (0.102485513428 0.287962979488 0) (0.10315398894 0.28878122503 0) (0.103824359429 0.289597918783 0) (0.104496621292 0.290413056358 0) (0.105170770918 0.291226633374 0) (0.105846804682 0.29203864546 0) (0.106524718954 0.292849088252 0) (0.107204510089 0.293657957395 0) (0.107886174436 0.294465248542 0))
    polyLine 17 21 ((-0.106872975077 0.311110168881 -0.03) (-0.105556260393 0.314164832267 -0.03) (-0.10422964797 0.317214457552 -0.03) (-0.102893219521 0.320259042205 -0.03) (-0.101547056224 0.323298584615 -0.03) (-0.100191238704 0.326333084078 -0.03) (-0.0988258470207 0.329362540789 -0.03) (-0.0974509606505 0.332386955827 -0.03) (-0.0960666584734 0.335406331149 -0.03) (-0.0946730187578 0.338420669572 -0.03) (-0.0932701191474 0.341429974766 -0.03) (-0.0918580366478 0.344434251244 -0.03) (-0.0904368476135 0.347433504346 -0.03) (-0.0890066277364 0.350427740229 -0.03) (-0.0875674520333 0.353416965858 -0.03) (-0.0861193948355 0.356401188992 -0.03) (-0.0846625297774 0.359380418173 -0.03) (-0.0831969297863 0.362354662715 -0.03) (-0.0817226670728 0.36532393269 -0.03) (-0.0802398131214 0.368288238921 -0.03) (-0.0787484386814 0.371247592967 -0.03) (-0.0772486137582 0.374202007112 -0.03) (-0.0757404076059 0.377151494355 -0.03))
    polyLine 19 23 ((-0.106872975077 0.311110168881 0) (-0.105556260393 0.314164832267 0) (-0.10422964797 0.317214457552 0) (-0.102893219521 0.320259042205 0) (-0.101547056224 0.323298584615 0) (-0.100191238704 0.326333084078 0) (-0.0988258470207 0.329362540789 0) (-0.0974509606505 0.332386955827 0) (-0.0960666584734 0.335406331149 0) (-0.0946730187578 0.338420669572 0) (-0.0932701191474 0.341429974766 0) (-0.0918580366478 0.344434251244 0) (-0.0904368476135 0.347433504346 0) (-0.0890066277364 0.350427740229 0) (-0.0875674520333 0.353416965858 0) (-0.0861193948355 0.356401188992 0) (-0.0846625297774 0.359380418173 0) (-0.0831969297863 0.362354662715 0) (-0.0817226670728 0.36532393269 0) (-0.0802398131214 0.368288238921 0) (-0.0787484386814 0.371247592967 0) (-0.0772486137582 0.374202007112 0) (-0.0757404076059 0.377151494355 0))
    polyLine 20 24 ((0.10856970833 0.295270957357 -0.03) (0.109255108099 0.296075079508 -0.03) (0.109942370061 0.296877610676 -0.03) (0.110631490521 0.297678546547 -0.03) (0.111322465777 0.298477882818 -0.03) (0.112015292116 0.299275615193 -0.03) (0.112709965814 0.300071739386 -0.03) (0.11340648314 0.300866251119 -0.03) (0.11410484035 0.301659146122 -0.03) (0.114805033691 0.302450420135 -0.03) (0.115507059401 0.303240068905 -0.03) (0.116210913708 0.30402808819 -0.03) (0.116916592829 0.304814473755 -0.03) (0.117624092972 0.305599221374 -0.03) (0.118333410336 0.30638232683 -0.03) (0.119044541109 0.307163785916 -0.03) (0.119757481469 0.307943594431 -0.03) (0.120472227586 0.308721748187 -0.03) (0.121188775619 0.309498243 -0.03) (0.121907121717 0.310273074699 -0.03) (0.12262726202 0.31104623912 -0.03) (0.123349192659 0.311817732108 -0.03) (0.124072909754 0.312587549518 -0.03) (0.124798409417 0.313355687213 -0.03) (0.125525687748 0.314122141065 -0.03) (0.126254740839 0.314886906956 -0.03) (0.126985564774 0.315649980776 -0.03) (0.127718155625 0.316411358425 -0.03) (0.128452509454 0.317171035811 -0.03) (0.129188622317 0.317929008852 -0.03) (0.129926490257 0.318685273476 -0.03) (0.13066610931 0.319439825618 -0.03) (0.131407475501 0.320192661224 -0.03) (0.132150584847 0.320943776247 -0.03) (0.132895433353 0.321693166653 -0.03) (0.133642017019 0.322440828415 -0.03) (0.134390331831 0.323186757513 -0.03) (0.135140373769 0.323930949941 -0.03) (0.135892138802 0.324673401699 -0.03) (0.136645622891 0.325414108798 -0.03) (0.137400821986 0.326153067258 -0.03) (0.13815773203 0.326890273106 -0.03) (0.138916348956 0.327625722383 -0.03) (0.139676668686 0.328359411136 -0.03) (0.140438687135 0.329091335423 -0.03) (0.141202400209 0.32982149131 -0.03) (0.141967803803 0.330549874874 -0.03) (0.142734893805 0.3312764822 -0.03) (0.143503666093 0.332001309386 -0.03) (0.144274116534 0.332724352535 -0.03) (0.145046240991 0.333445607762 -0.03) (0.145820035312 0.334165071191 -0.03) (0.146595495341 0.334882738957 -0.03) (0.14737261691 0.335598607203 -0.03) (0.148151395843 0.336312672082 -0.03) (0.148931827956 0.337024929757 -0.03) (0.149713909055 0.3377353764 -0.03) (0.150497634937 0.338444008195 -0.03) (0.15128300139 0.339150821333 -0.03) (0.152070004196 0.339855812015 -0.03))
    polyLine 22 26 ((0.10856970833 0.295270957357 0) (0.109255108099 0.296075079508 0) (0.109942370061 0.296877610676 0) (0.110631490521 0.297678546547 0) (0.111322465777 0.298477882818 0) (0.112015292116 0.299275615193 0) (0.112709965814 0.300071739386 0) (0.11340648314 0.300866251119 0) (0.11410484035 0.301659146122 0) (0.114805033691 0.302450420135 0) (0.115507059401 0.303240068905 0) (0.116210913708 0.30402808819 0) (0.116916592829 0.304814473755 0) (0.117624092972 0.305599221374 0) (0.118333410336 0.30638232683 0) (0.119044541109 0.307163785916 0) (0.119757481469 0.307943594431 0) (0.120472227586 0.308721748187 0) (0.121188775619 0.309498243 0) (0.121907121717 0.310273074699 0) (0.12262726202 0.31104623912 0) (0.123349192659 0.311817732108 0) (0.124072909754 0.312587549518 0) (0.124798409417 0.313355687213 0) (0.125525687748 0.314122141065 0) (0.126254740839 0.314886906956 0) (0.126985564774 0.315649980776 0) (0.127718155625 0.316411358425 0) (0.128452509454 0.317171035811 0) (0.129188622317 0.317929008852 0) (0.129926490257 0.318685273476 0) (0.13066610931 0.319439825618 0) (0.131407475501 0.320192661224 0) (0.132150584847 0.320943776247 0) (0.132895433353 0.321693166653 0) (0.133642017019 0.322440828415 0) (0.134390331831 0.323186757513 0) (0.135140373769 0.323930949941 0) (0.135892138802 0.324673401699 0) (0.136645622891 0.325414108798 0) (0.137400821986 0.326153067258 0) (0.13815773203 0.326890273106 0) (0.138916348956 0.327625722383 0) (0.139676668686 0.328359411136 0) (0.140438687135 0.329091335423 0) (0.141202400209 0.32982149131 0) (0.141967803803 0.330549874874 0) (0.142734893805 0.3312764822 0) (0.143503666093 0.332001309386 0) (0.144274116534 0.332724352535 0) (0.145046240991 0.333445607762 0) (0.145820035312 0.334165071191 0) (0.146595495341 0.334882738957 0) (0.14737261691 0.335598607203 0) (0.148151395843 0.336312672082 0) (0.148931827956 0.337024929757 0) (0.149713909055 0.3377353764 0) (0.150497634937 0.338444008195 0) (0.15128300139 0.339150821333 0) (0.152070004196 0.339855812015 0))
    polyLine 21 25 ((-0.0726833190055 0.383066108437 -0.03) (-0.0711344019771 0.386031163407 -0.03) (-0.0695772058688 0.388991249553 -0.03) (-0.0680117980966 0.391946383808 -0.03) (-0.0664382452513 0.394896583774 -0.03) (-0.0648566130926 0.397841867719 -0.03) (-0.0632669665442 0.400782254558 -0.03) (-0.0616693696888 0.403717763847 -0.03) (-0.0600638857636 0.40664841577 -0.03) (-0.0584505771561 0.409574231126 -0.03) (-0.0568295054003 0.41249523132 -0.03) (-0.0552007311731 0.415411438351 -0.03) (-0.0535643142915 0.418322874802 -0.03) (-0.0519203137092 0.421229563828 -0.03) (-0.0502687875146 0.424131529145 -0.03) (-0.0486097929282 0.427028795024 -0.03) (-0.0469433863006 0.429921386272 -0.03) (-0.0452696231113 0.432809328229 -0.03) (-0.0435885579666 0.435692646757 -0.03) (-0.041900244599 0.438571368226 -0.03) (-0.040204735866 0.441445519506 -0.03) (-0.0385020837495 0.444315127959 -0.03) (-0.0367923393555 0.447180221429 -0.03))
    polyLine 23 27 ((-0.0726833190055 0.383066108437 0) (-0.0711344019771 0.386031163407 0) (-0.0695772058688 0.388991249553 0) (-0.0680117980966 0.391946383808 0) (-0.0664382452513 0.394896583774 0) (-0.0648566130926 0.397841867719 0) (-0.0632669665442 0.400782254558 0) (-0.0616693696888 0.403717763847 0) (-0.0600638857636 0.40664841577 0) (-0.0584505771561 0.409574231126 0) (-0.0568295054003 0.41249523132 0) (-0.0552007311731 0.415411438351 0) (-0.0535643142915 0.418322874802 0) (-0.0519203137092 0.421229563828 0) (-0.0502687875146 0.424131529145 0) (-0.0486097929282 0.427028795024 0) (-0.0469433863006 0.429921386272 0) (-0.0452696231113 0.432809328229 0) (-0.0435885579666 0.435692646757 0) (-0.041900244599 0.438571368226 0) (-0.040204735866 0.441445519506 0) (-0.0385020837495 0.444315127959 0) (-0.0367923393555 0.447180221429 0))
    polyLine 24 28 ((0.152858639123 0.340558976455 -0.03) (0.153648901936 0.341260310873 -0.03) (0.154440788387 0.3419598115 -0.03) (0.15523429422 0.342657474578 -0.03) (0.156029415173 0.343353296358 -0.03) (0.156826146972 0.3440472731 -0.03) (0.157624485336 0.344739401076 -0.03) (0.158424425975 0.345429676566 -0.03) (0.159225964591 0.346118095861 -0.03) (0.160029096876 0.346804655262 -0.03) (0.160833818514 0.34748935108 -0.03) (0.161640125182 0.348172179635 -0.03) (0.162448012547 0.348853137257 -0.03) (0.163257476268 0.349532220289 -0.03) (0.164068511994 0.35020942508 -0.03) (0.164881115367 0.350884747993 -0.03) (0.165695282022 0.351558185396 -0.03) (0.166511007582 0.352229733673 -0.03) (0.167328287665 0.352899389215 -0.03) (0.16814711788 0.353567148422 -0.03) (0.168967493824 0.354233007707 -0.03) (0.169789411092 0.354896963491 -0.03) (0.170612865265 0.355559012208 -0.03) (0.171437851919 0.356219150299 -0.03) (0.172264366621 0.356877374216 -0.03) (0.17309240493 0.357533680424 -0.03) (0.173921962395 0.358188065395 -0.03) (0.17475303456 0.358840525612 -0.03) (0.175585616958 0.359491057571 -0.03) (0.176419705115 0.360139657774 -0.03) (0.17725529455 0.360786322737 -0.03) (0.178092380772 0.361431048985 -0.03) (0.178930959284 0.362073833054 -0.03) (0.179771025578 0.362714671489 -0.03) (0.180612575141 0.363353560846 -0.03) (0.181455603451 0.363990497693 -0.03) (0.182300105977 0.364625478607 -0.03) (0.183146078182 0.365258500176 -0.03) (0.18399351552 0.365889558999 -0.03) (0.184842413436 0.366518651683 -0.03) (0.18569276737 0.367145774849 -0.03) (0.186544572752 0.367770925127 -0.03) (0.187397825004 0.368394099158 -0.03) (0.188252519542 0.369015293592 -0.03) (0.189108651773 0.369634505092 -0.03) (0.189966217096 0.370251730331 -0.03) (0.190825210903 0.370866965991 -0.03) (0.191685628578 0.371480208767 -0.03) (0.192547465498 0.372091455363 -0.03) (0.193410717032 0.372700702496 -0.03) (0.19427537854 0.37330794689 -0.03) (0.195141445377 0.373913185283 -0.03) (0.196008912889 0.374516414422 -0.03) (0.196877776413 0.375117631067 -0.03) (0.197748031282 0.375716831986 -0.03) (0.198619672819 0.37631401396 -0.03) (0.19949269634 0.376909173779 -0.03) (0.200367097154 0.377502308246 -0.03) (0.201242870561 0.378093414172 -0.03) (0.202120011857 0.378682488383 -0.03) (0.202998516328 0.379269527712 -0.03))
    polyLine 26 30 ((0.152858639123 0.340558976455 0) (0.153648901936 0.341260310873 0) (0.154440788387 0.3419598115 0) (0.15523429422 0.342657474578 0) (0.156029415173 0.343353296358 0) (0.156826146972 0.3440472731 0) (0.157624485336 0.344739401076 0) (0.158424425975 0.345429676566 0) (0.159225964591 0.346118095861 0) (0.160029096876 0.346804655262 0) (0.160833818514 0.34748935108 0) (0.161640125182 0.348172179635 0) (0.162448012547 0.348853137257 0) (0.163257476268 0.349532220289 0) (0.164068511994 0.35020942508 0) (0.164881115367 0.350884747993 0) (0.165695282022 0.351558185396 0) (0.166511007582 0.352229733673 0) (0.167328287665 0.352899389215 0) (0.16814711788 0.353567148422 0) (0.168967493824 0.354233007707 0) (0.169789411092 0.354896963491 0) (0.170612865265 0.355559012208 0) (0.171437851919 0.356219150299 0) (0.172264366621 0.356877374216 0) (0.17309240493 0.357533680424 0) (0.173921962395 0.358188065395 0) (0.17475303456 0.358840525612 0) (0.175585616958 0.359491057571 0) (0.176419705115 0.360139657774 0) (0.17725529455 0.360786322737 0) (0.178092380772 0.361431048985 0) (0.178930959284 0.362073833054 0) (0.179771025578 0.362714671489 0) (0.180612575141 0.363353560846 0) (0.181455603451 0.363990497693 0) (0.182300105977 0.364625478607 0) (0.183146078182 0.365258500176 0) (0.18399351552 0.365889558999 0) (0.184842413436 0.366518651683 0) (0.18569276737 0.367145774849 0) (0.186544572752 0.367770925127 0) (0.187397825004 0.368394099158 0) (0.188252519542 0.369015293592 0) (0.189108651773 0.369634505092 0) (0.189966217096 0.370251730331 0) (0.190825210903 0.370866965991 0) (0.191685628578 0.371480208767 0) (0.192547465498 0.372091455363 0) (0.193410717032 0.372700702496 0) (0.19427537854 0.37330794689 0) (0.195141445377 0.373913185283 0) (0.196008912889 0.374516414422 0) (0.196877776413 0.375117631067 0) (0.197748031282 0.375716831986 0) (0.198619672819 0.37631401396 0) (0.19949269634 0.376909173779 0) (0.200367097154 0.377502308246 0) (0.201242870561 0.378093414172 0) (0.202120011857 0.378682488383 0) (0.202998516328 0.379269527712 0))
    polyLine 25 29 ((-0.0333290390721 0.452934540038 -0.03) (-0.0315753976591 0.455823706234 -0.03) (-0.0298146781635 0.458708357687 -0.03) (-0.028046929152 0.461588525722 -0.03) (-0.0262721982706 0.464464242114 -0.03) (-0.0244905322453 0.467335539077 -0.03) (-0.0227019768837 0.470202449256 -0.03) (-0.0209065770761 0.473065005716 -0.03) (-0.0191043767972 0.475923241934 -0.03) (-0.0172954191081 0.478777191791 -0.03) (-0.0154797461579 0.481626889564 -0.03) (-0.013657399186 0.484472369915 -0.03) (-0.0118284185243 0.487313667886 -0.03) (-0.00999284359936 0.49015081889 -0.03) (-0.00815071293511 0.492983858701 -0.03) (-0.00630206415531 0.495812823452 -0.03) (-0.0044469339863 0.498637749618 -0.03) (-0.00258535825976 0.501458674019 -0.03) (-0.000717371915717 0.504275633805 -0.03) (0.00115699099456 0.507088666453 -0.03) (0.00303769730538 0.50989780976 -0.03) (0.00492471473352 0.512703101834 -0.03) (0.00681801187489 0.515504581089 -0.03))
    polyLine 27 31 ((-0.0333290390721 0.452934540038 0) (-0.0315753976591 0.455823706234 0) (-0.0298146781635 0.458708357687 0) (-0.028046929152 0.461588525722 0) (-0.0262721982706 0.464464242114 0) (-0.0244905322453 0.467335539077 0) (-0.0227019768837 0.470202449256 0) (-0.0209065770761 0.473065005716 0) (-0.0191043767972 0.475923241934 0) (-0.0172954191081 0.478777191791 0) (-0.0154797461579 0.481626889564 0) (-0.013657399186 0.484472369915 0) (-0.0118284185243 0.487313667886 0) (-0.00999284359936 0.49015081889 0) (-0.00815071293511 0.492983858701 0) (-0.00630206415531 0.495812823452 0) (-0.0044469339863 0.498637749618 0) (-0.00258535825976 0.501458674019 0) (-0.000717371915717 0.504275633805 0) (0.00115699099456 0.507088666453 0) (0.00303769730538 0.50989780976 0) (0.00492471473352 0.512703101834 0) (0.00681801187489 0.515504581089 0))
    polyLine 28 32 ((0.203878379252 0.379854529004 -0.03) (0.204759595903 0.380437489117 -0.03) (0.205642161544 0.381018404918 -0.03) (0.206526071433 0.381597273285 -0.03) (0.207411320821 0.382174091107 -0.03) (0.20829790495 0.382748855285 -0.03) (0.209185819056 0.383321562731 -0.03) (0.210075058368 0.383892210367 -0.03) (0.210965618108 0.384460795126 -0.03) (0.21185749349 0.385027313953 -0.03) (0.212750679721 0.385591763804 -0.03) (0.213645172003 0.386154141645 -0.03) (0.214540965527 0.386714444456 -0.03) (0.215438055482 0.387272669224 -0.03) (0.216336437045 0.387828812951 -0.03) (0.21723610539 0.388382872648 -0.03) (0.218137055682 0.388934845337 -0.03) (0.21903928308 0.389484728053 -0.03) (0.219942782735 0.39003251784 -0.03) (0.220847549793 0.390578211755 -0.03) (0.221753579392 0.391121806866 -0.03) (0.222660866663 0.391663300252 -0.03) (0.22356940673 0.392202689002 -0.03) (0.224479194712 0.392739970219 -0.03) (0.22539022572 0.393275141015 -0.03) (0.226302494858 0.393808198515 -0.03) (0.227215997225 0.394339139854 -0.03) (0.22813072791 0.394867962179 -0.03) (0.229046682 0.395394662648 -0.03) (0.229963854571 0.395919238431 -0.03) (0.230882240696 0.39644168671 -0.03) (0.23180183544 0.396962004676 -0.03) (0.23272263386 0.397480189534 -0.03) (0.233644631009 0.3979962385 -0.03) (0.234567821933 0.3985101488 -0.03) (0.235492201671 0.399021917672 -0.03) (0.236417765255 0.399531542368 -0.03) (0.237344507712 0.400039020147 -0.03) (0.238272424062 0.400544348284 -0.03) (0.239201509319 0.401047524063 -0.03) (0.24013175849 0.40154854478 -0.03) (0.241063166576 0.402047407742 -0.03) (0.241995728572 0.402544110269 -0.03) (0.242929439468 0.403038649693 -0.03) (0.243864294246 0.403531023354 -0.03) (0.244800287882 0.404021228609 -0.03) (0.245737415347 0.404509262822 -0.03) (0.246675671605 0.404995123371 -0.03) (0.247615051614 0.405478807645 -0.03) (0.248555550326 0.405960313046 -0.03) (0.249497162688 0.406439636985 -0.03) (0.250439883639 0.406916776887 -0.03) (0.251383708114 0.407391730188 -0.03) (0.252328631042 0.407864494336 -0.03) (0.253274647344 0.408335066791 -0.03) (0.254221751937 0.408803445023 -0.03) (0.255169939731 0.409269626516 -0.03) (0.256119205632 0.409733608765 -0.03) (0.257069544539 0.410195389276 -0.03) (0.258020951344 0.410654965569 -0.03))
    polyLine 30 34 ((0.203878379252 0.379854529004 0) (0.204759595903 0.380437489117 0) (0.205642161544 0.381018404918 0) (0.206526071433 0.381597273285 0) (0.207411320821 0.382174091107 0) (0.20829790495 0.382748855285 0) (0.209185819056 0.383321562731 0) (0.210075058368 0.383892210367 0) (0.210965618108 0.384460795126 0) (0.21185749349 0.385027313953 0) (0.212750679721 0.385591763804 0) (0.213645172003 0.386154141645 0) (0.214540965527 0.386714444456 0) (0.215438055482 0.387272669224 0) (0.216336437045 0.387828812951 0) (0.21723610539 0.388382872648 0) (0.218137055682 0.388934845337 0) (0.21903928308 0.389484728053 0) (0.219942782735 0.39003251784 0) (0.220847549793 0.390578211755 0) (0.221753579392 0.391121806866 0) (0.222660866663 0.391663300252 0) (0.22356940673 0.392202689002 0) (0.224479194712 0.392739970219 0) (0.22539022572 0.393275141015 0) (0.226302494858 0.393808198515 0) (0.227215997225 0.394339139854 0) (0.22813072791 0.394867962179 0) (0.229046682 0.395394662648 0) (0.229963854571 0.395919238431 0) (0.230882240696 0.39644168671 0) (0.23180183544 0.396962004676 0) (0.23272263386 0.397480189534 0) (0.233644631009 0.3979962385 0) (0.234567821933 0.3985101488 0) (0.235492201671 0.399021917672 0) (0.236417765255 0.399531542368 0) (0.237344507712 0.400039020147 0) (0.238272424062 0.400544348284 0) (0.239201509319 0.401047524063 0) (0.24013175849 0.40154854478 0) (0.241063166576 0.402047407742 0) (0.241995728572 0.402544110269 0) (0.242929439468 0.403038649693 0) (0.243864294246 0.403531023354 0) (0.244800287882 0.404021228609 0) (0.245737415347 0.404509262822 0) (0.246675671605 0.404995123371 0) (0.247615051614 0.405478807645 0) (0.248555550326 0.405960313046 0) (0.249497162688 0.406439636985 0) (0.250439883639 0.406916776887 0) (0.251383708114 0.407391730188 0) (0.252328631042 0.407864494336 0) (0.253274647344 0.408335066791 0) (0.254221751937 0.408803445023 0) (0.255169939731 0.409269626516 0) (0.256119205632 0.409733608765 0) (0.257069544539 0.410195389276 0) (0.258020951344 0.410654965569 0))
    polyLine 29 33 ((0.0106547679014 0.521142247751 -0.03) (0.0125983734929 0.523978391372 -0.03) (0.0145483456746 0.526810758667 -0.03) (0.0165046560653 0.529639391498 -0.03) (0.0184672772 0.532464332014 -0.03) (0.0204361825262 0.535285622645 -0.03) (0.0224113463993 0.538103306096 -0.03) (0.0243927440792 0.54091742534 -0.03) (0.0263803517262 0.543728023617 -0.03) (0.0283741463966 0.546535144423 -0.03) (0.0303741060388 0.549338831507 -0.03) (0.0323802094895 0.552139128869 -0.03) (0.0343924364692 0.55493608075 -0.03) (0.0364107675783 0.557729731629 -0.03) (0.0384351842928 0.560520126221 -0.03) (0.0404656689607 0.563307309469 -0.03) (0.0425022047973 0.566091326541 -0.03) (0.0445447758817 0.568872222827 -0.03) (0.0465933671521 0.571650043932 -0.03) (0.0486479644025 0.574424835676 -0.03) (0.0507085542781 0.577196644087 -0.03) (0.0527751242716 0.579965515398 -0.03) (0.0548476627193 0.582731496046 -0.03))
    polyLine 31 35 ((0.0106547679014 0.521142247751 0) (0.0125983734929 0.523978391372 0) (0.0145483456746 0.526810758667 0) (0.0165046560653 0.529639391498 0) (0.0184672772 0.532464332014 0) (0.0204361825262 0.535285622645 0) (0.0224113463993 0.538103306096 0) (0.0243927440792 0.54091742534 0) (0.0263803517262 0.543728023617 0) (0.0283741463966 0.546535144423 0) (0.0303741060388 0.549338831507 0) (0.0323802094895 0.552139128869 0) (0.0343924364692 0.55493608075 0) (0.0364107675783 0.557729731629 0) (0.0384351842928 0.560520126221 0) (0.0404656689607 0.563307309469 0) (0.0425022047973 0.566091326541 0) (0.0445447758817 0.568872222827 0) (0.0465933671521 0.571650043932 0) (0.0486479644025 0.574424835676 0) (0.0507085542781 0.577196644087 0) (0.0527751242716 0.579965515398 0) (0.0548476627193 0.582731496046 0))
    polyLine 32 36 ((0.258973420936 0.411112335173 -0.03) (0.259926948196 0.411567495631 -0.03) (0.260881528001 0.412020444498 -0.03) (0.26183715522 0.412471179338 -0.03) (0.262793824719 0.41291969773 -0.03) (0.263751531357 0.413365997264 -0.03) (0.264710269987 0.413810075542 -0.03) (0.265670035459 0.414251930177 -0.03) (0.266630822613 0.414691558795 -0.03) (0.267592626288 0.415128959034 -0.03) (0.268555441316 0.415564128543 -0.03) (0.269519262521 0.415997064984 -0.03) (0.270484084726 0.41642776603 -0.03) (0.271449902746 0.416856229367 -0.03) (0.27241671139 0.417282452693 -0.03) (0.273384505464 0.417706433717 -0.03) (0.274353279767 0.418128170161 -0.03) (0.275323029094 0.418547659758 -0.03) (0.276293748232 0.418964900256 -0.03) (0.277265431967 0.41937988941 -0.03) (0.278238075076 0.419792624992 -0.03) (0.279211672333 0.420203104784 -0.03) (0.280186218506 0.42061132658 -0.03) (0.281161708359 0.421017288186 -0.03) (0.282138136649 0.421420987421 -0.03) (0.28311549813 0.421822422115 -0.03) (0.28409378755 0.422221590111 -0.03) (0.285072999652 0.422618489265 -0.03) (0.286053129173 0.423013117444 -0.03) (0.287034170848 0.423405472526 -0.03) (0.288015355398 0.423796566218 -0.03) (0.288996539949 0.424187659909 -0.03) (0.289977724499 0.4245787536 -0.03) (0.29095890905 0.424969847292 -0.03) (0.2919400936 0.425360940983 -0.03) (0.292921278151 0.425752034674 -0.03) (0.293902462701 0.426143128365 -0.03) (0.294883647252 0.426534222057 -0.03) (0.295864831802 0.426925315748 -0.03) (0.296846016353 0.427316409439 -0.03) (0.297827200903 0.427707503131 -0.03) (0.298808385454 0.428098596822 -0.03) (0.299789570004 0.428489690513 -0.03) (0.300770754555 0.428880784204 -0.03) (0.301751939105 0.429271877896 -0.03) (0.302733123656 0.429662971587 -0.03) (0.303714308206 0.430054065278 -0.03) (0.304695492757 0.43044515897 -0.03) (0.305676677307 0.430836252661 -0.03) (0.306657861858 0.431227346352 -0.03) (0.307639046408 0.431618440043 -0.03) (0.308620230958 0.432009533735 -0.03) (0.309601415509 0.432400627426 -0.03) (0.310582600059 0.432791721117 -0.03) (0.31156378461 0.433182814808 -0.03) (0.31254496916 0.4335739085 -0.03) (0.313526153711 0.433965002191 -0.03) (0.314507338261 0.434356095882 -0.03) (0.315488522812 0.434747189574 -0.03) (0.316469707362 0.435138283265 -0.03) (0.317450891913 0.435529376956 -0.03))
    polyLine 34 38 ((0.258973420936 0.411112335173 0) (0.259926948196 0.411567495631 0) (0.260881528001 0.412020444498 0) (0.26183715522 0.412471179338 0) (0.262793824719 0.41291969773 0) (0.263751531357 0.413365997264 0) (0.264710269987 0.413810075542 0) (0.265670035459 0.414251930177 0) (0.266630822613 0.414691558795 0) (0.267592626288 0.415128959034 0) (0.268555441316 0.415564128543 0) (0.269519262521 0.415997064984 0) (0.270484084726 0.41642776603 0) (0.271449902746 0.416856229367 0) (0.27241671139 0.417282452693 0) (0.273384505464 0.417706433717 0) (0.274353279767 0.418128170161 0) (0.275323029094 0.418547659758 0) (0.276293748232 0.418964900256 0) (0.277265431967 0.41937988941 0) (0.278238075076 0.419792624992 0) (0.279211672333 0.420203104784 0) (0.280186218506 0.42061132658 0) (0.281161708359 0.421017288186 0) (0.282138136649 0.421420987421 0) (0.28311549813 0.421822422115 0) (0.28409378755 0.422221590111 0) (0.285072999652 0.422618489265 0) (0.286053129173 0.423013117444 0) (0.287034170848 0.423405472526 0) (0.288015355398 0.423796566218 0) (0.288996539949 0.424187659909 0) (0.289977724499 0.4245787536 0) (0.29095890905 0.424969847292 0) (0.2919400936 0.425360940983 0) (0.292921278151 0.425752034674 0) (0.293902462701 0.426143128365 0) (0.294883647252 0.426534222057 0) (0.295864831802 0.426925315748 0) (0.296846016353 0.427316409439 0) (0.297827200903 0.427707503131 0) (0.298808385454 0.428098596822 0) (0.299789570004 0.428489690513 0) (0.300770754555 0.428880784204 0) (0.301751939105 0.429271877896 0) (0.302733123656 0.429662971587 0) (0.303714308206 0.430054065278 0) (0.304695492757 0.43044515897 0) (0.305676677307 0.430836252661 0) (0.306657861858 0.431227346352 0) (0.307639046408 0.431618440043 0) (0.308620230958 0.432009533735 0) (0.309601415509 0.432400627426 0) (0.310582600059 0.432791721117 0) (0.31156378461 0.433182814808 0) (0.31254496916 0.4335739085 0) (0.313526153711 0.433965002191 0) (0.314507338261 0.434356095882 0) (0.315488522812 0.434747189574 0) (0.316469707362 0.435138283265 0) (0.317450891913 0.435529376956 0))
    polyLine 33 37 ((0.0590713722411 0.588335287547 -0.03) (0.061222874691 0.591173031254 -0.03) (0.063380657108 0.594007915252 -0.03) (0.0655447113783 0.596839991214 -0.03) (0.0677150303077 0.599669311022 -0.03) (0.0698916076181 0.602495926759 -0.03) (0.0720744379426 0.60531989071 -0.03) (0.074263516822 0.608141255357 -0.03) (0.0764588407007 0.610960073376 -0.03) (0.0786604069223 0.613776397639 -0.03) (0.0808682137262 0.616590281206 -0.03) (0.0830822602436 0.619401777327 -0.03) (0.0853025464937 0.622210939437 -0.03) (0.0875290733802 0.625017821158 -0.03) (0.0897618426876 0.627822476293 -0.03) (0.092000857078 0.630624958829 -0.03) (0.0942461200872 0.633425322932 -0.03) (0.0964976361219 0.636223622947 -0.03) (0.0987554104564 0.639019913397 -0.03) (0.101019449229 0.641814248982 -0.03) (0.10328975944 0.644606684578 -0.03) (0.105566348948 0.647397275235 -0.03) (0.107849226466 0.65018607618 -0.03))
    polyLine 35 39 ((0.0590713722411 0.588335287547 0) (0.061222874691 0.591173031254 0) (0.063380657108 0.594007915252 0) (0.0655447113783 0.596839991214 0) (0.0677150303077 0.599669311022 0) (0.0698916076181 0.602495926759 0) (0.0720744379426 0.60531989071 0) (0.074263516822 0.608141255357 0) (0.0764588407007 0.610960073376 0) (0.0786604069223 0.613776397639 0) (0.0808682137262 0.616590281206 0) (0.0830822602436 0.619401777327 0) (0.0853025464937 0.622210939437 0) (0.0875290733802 0.625017821158 0) (0.0897618426876 0.627822476293 0) (0.092000857078 0.630624958829 0) (0.0942461200872 0.633425322932 0) (0.0964976361219 0.636223622947 0) (0.0987554104564 0.639019913397 0) (0.101019449229 0.641814248982 0) (0.10328975944 0.644606684578 0) (0.105566348948 0.647397275235 0) (0.107849226466 0.65018607618 0))
    polyLine 36 40 ((0.318432076463 0.435920470647 -0.03) (0.319413261014 0.436311564339 -0.03) (0.320394445564 0.43670265803 -0.03) (0.321375630115 0.437093751721 -0.03) (0.322356814665 0.437484845413 -0.03) (0.323337999216 0.437875939104 -0.03) (0.324319183766 0.438267032795 -0.03) (0.325300368317 0.438658126486 -0.03) (0.326281552867 0.439049220178 -0.03) (0.327262737418 0.439440313869 -0.03) (0.328243921968 0.43983140756 -0.03) (0.329225106519 0.440222501252 -0.03) (0.330206291069 0.440613594943 -0.03) (0.33118747562 0.441004688634 -0.03) (0.33216866017 0.441395782325 -0.03) (0.33314984472 0.441786876017 -0.03) (0.334131029271 0.442177969708 -0.03) (0.335112213821 0.442569063399 -0.03) (0.336093398372 0.442960157091 -0.03) (0.337074582922 0.443351250782 -0.03) (0.338055767473 0.443742344473 -0.03) (0.339036952023 0.444133438164 -0.03) (0.340018136574 0.444524531856 -0.03) (0.340999321124 0.444915625547 -0.03) (0.341980505675 0.445306719238 -0.03) (0.342961690225 0.44569781293 -0.03) (0.343942874776 0.446088906621 -0.03) (0.344924059326 0.446480000312 -0.03) (0.345905243877 0.446871094003 -0.03) (0.346886428427 0.447262187695 -0.03) (0.347867612978 0.447653281386 -0.03) (0.348848797528 0.448044375077 -0.03) (0.349829982079 0.448435468769 -0.03) (0.350811166629 0.44882656246 -0.03) (0.35179235118 0.449217656151 -0.03) (0.35277353573 0.449608749842 -0.03) (0.353754720281 0.449999843534 -0.03) (0.354735904831 0.450390937225 -0.03) (0.355717089382 0.450782030916 -0.03) (0.356698273932 0.451173124608 -0.03) (0.357679458482 0.451564218299 -0.03) (0.358660643033 0.45195531199 -0.03) (0.359641827583 0.452346405681 -0.03) (0.360623012134 0.452737499373 -0.03) (0.361604196684 0.453128593064 -0.03) (0.362585381235 0.453519686755 -0.03) (0.363566565785 0.453910780447 -0.03) (0.364547750336 0.454301874138 -0.03) (0.365528934886 0.454692967829 -0.03) (0.366510119437 0.45508406152 -0.03) (0.367491303987 0.455475155212 -0.03) (0.368472488538 0.455866248903 -0.03) (0.369453673088 0.456257342594 -0.03) (0.370434857639 0.456648436286 -0.03) (0.371416042189 0.457039529977 -0.03) (0.37239722674 0.457430623668 -0.03) (0.37337841129 0.457821717359 -0.03) (0.374359595841 0.458212811051 -0.03) (0.375340780391 0.458603904742 -0.03) (0.376321964942 0.458994998433 -0.03) (0.377303149492 0.459386092125 -0.03))
    polyLine 38 42 ((0.318432076463 0.435920470647 0) (0.319413261014 0.436311564339 0) (0.320394445564 0.43670265803 0) (0.321375630115 0.437093751721 0) (0.322356814665 0.437484845413 0) (0.323337999216 0.437875939104 0) (0.324319183766 0.438267032795 0) (0.325300368317 0.438658126486 0) (0.326281552867 0.439049220178 0) (0.327262737418 0.439440313869 0) (0.328243921968 0.43983140756 0) (0.329225106519 0.440222501252 0) (0.330206291069 0.440613594943 0) (0.33118747562 0.441004688634 0) (0.33216866017 0.441395782325 0) (0.33314984472 0.441786876017 0) (0.334131029271 0.442177969708 0) (0.335112213821 0.442569063399 0) (0.336093398372 0.442960157091 0) (0.337074582922 0.443351250782 0) (0.338055767473 0.443742344473 0) (0.339036952023 0.444133438164 0) (0.340018136574 0.444524531856 0) (0.340999321124 0.444915625547 0) (0.341980505675 0.445306719238 0) (0.342961690225 0.44569781293 0) (0.343942874776 0.446088906621 0) (0.344924059326 0.446480000312 0) (0.345905243877 0.446871094003 0) (0.346886428427 0.447262187695 0) (0.347867612978 0.447653281386 0) (0.348848797528 0.448044375077 0) (0.349829982079 0.448435468769 0) (0.350811166629 0.44882656246 0) (0.35179235118 0.449217656151 0) (0.35277353573 0.449608749842 0) (0.353754720281 0.449999843534 0) (0.354735904831 0.450390937225 0) (0.355717089382 0.450782030916 0) (0.356698273932 0.451173124608 0) (0.357679458482 0.451564218299 0) (0.358660643033 0.45195531199 0) (0.359641827583 0.452346405681 0) (0.360623012134 0.452737499373 0) (0.361604196684 0.453128593064 0) (0.362585381235 0.453519686755 0) (0.363566565785 0.453910780447 0) (0.364547750336 0.454301874138 0) (0.365528934886 0.454692967829 0) (0.366510119437 0.45508406152 0) (0.367491303987 0.455475155212 0) (0.368472488538 0.455866248903 0) (0.369453673088 0.456257342594 0) (0.370434857639 0.456648436286 0) (0.371416042189 0.457039529977 0) (0.37239722674 0.457430623668 0) (0.37337841129 0.457821717359 0) (0.374359595841 0.458212811051 0) (0.375340780391 0.458603904742 0) (0.376321964942 0.458994998433 0) (0.377303149492 0.459386092125 0))
    polyLine 37 41 ((0.112604151804 0.655964766418 -0.03) (0.115077193063 0.658954522486 -0.03) (0.117557540461 0.66194248033 -0.03) (0.120045210241 0.66492870949 -0.03) (0.122540219764 0.667913279742 -0.03) (0.12504258751 0.67089626109 -0.03) (0.127552333067 0.673877723768 -0.03) (0.130069477137 0.676857738245 -0.03) (0.132594041528 0.679836375221 -0.03) (0.135126049155 0.682813705632 -0.03) (0.137665524035 0.685789800647 -0.03) (0.14021249129 0.688764731671 -0.03) (0.142766977137 0.691738570349 -0.03) (0.145329008897 0.694711388564 -0.03) (0.147898614986 0.69768325844 -0.03) (0.150475824915 0.700654252346 -0.03) (0.153060669294 0.703624442895 -0.03) (0.155653179824 0.706593902948 -0.03) (0.158253389304 0.709562705616 -0.03) (0.160861331623 0.712530924261 -0.03) (0.163477041767 0.715498632504 -0.03) (0.166100555814 0.718465904221 -0.03) (0.168731910939 0.721432813551 -0.03))
    polyLine 39 43 ((0.112604151804 0.655964766418 0) (0.115077193063 0.658954522486 0) (0.117557540461 0.66194248033 0) (0.120045210241 0.66492870949 0) (0.122540219764 0.667913279742 0) (0.12504258751 0.67089626109 0) (0.127552333067 0.673877723768 0) (0.130069477137 0.676857738245 0) (0.132594041528 0.679836375221 0) (0.135126049155 0.682813705632 0) (0.137665524035 0.685789800647 0) (0.14021249129 0.688764731671 0) (0.142766977137 0.691738570349 0) (0.145329008897 0.694711388564 0) (0.147898614986 0.69768325844 0) (0.150475824915 0.700654252346 0) (0.153060669294 0.703624442895 0) (0.155653179824 0.706593902948 0) (0.158253389304 0.709562705616 0) (0.160861331623 0.712530924261 0) (0.163477041767 0.715498632504 0) (0.166100555814 0.718465904221 0) (0.168731910939 0.721432813551 0))
    polyLine 40 44 ((0.378284334043 0.459777185816 -0.03) (0.379265518593 0.460168279507 -0.03) (0.380246703144 0.460559373198 -0.03) (0.381227887694 0.46095046689 -0.03) (0.382209072244 0.461341560581 -0.03) (0.383190256795 0.461732654272 -0.03) (0.384171441345 0.462123747964 -0.03) (0.385152625896 0.462514841655 -0.03) (0.386133810446 0.462905935346 -0.03) (0.387114994997 0.463297029037 -0.03) (0.388096179547 0.463688122729 -0.03) (0.389077364098 0.46407921642 -0.03) (0.390058548648 0.464470310111 -0.03) (0.391039733199 0.464861403803 -0.03) (0.392020917749 0.465252497494 -0.03) (0.3930021023 0.465643591185 -0.03) (0.39398328685 0.466034684876 -0.03) (0.394964471401 0.466425778568 -0.03) (0.395945655951 0.466816872259 -0.03) (0.396926840502 0.46720796595 -0.03) (0.397908025052 0.467599059642 -0.03) (0.398889209603 0.467990153333 -0.03) (0.399870394153 0.468381247024 -0.03) (0.400851578704 0.468772340715 -0.03) (0.401832763254 0.469163434407 -0.03) (0.402813947805 0.469554528098 -0.03) (0.403795132355 0.469945621789 -0.03) (0.404776316906 0.470336715481 -0.03) (0.405757501456 0.470727809172 -0.03) (0.406738686006 0.471118902863 -0.03) (0.407719870557 0.471509996554 -0.03) (0.408701055107 0.471901090246 -0.03) (0.409682239658 0.472292183937 -0.03) (0.410663424208 0.472683277628 -0.03) (0.411644608759 0.47307437132 -0.03) (0.412625793309 0.473465465011 -0.03) (0.41360697786 0.473856558702 -0.03) (0.41458816241 0.474247652393 -0.03) (0.415569346961 0.474638746085 -0.03) (0.416550531511 0.475029839776 -0.03) (0.417531716062 0.475420933467 -0.03) (0.418512900612 0.475812027159 -0.03) (0.419494085163 0.47620312085 -0.03) (0.420475269713 0.476594214541 -0.03) (0.421456454264 0.476985308232 -0.03) (0.422437638814 0.477376401924 -0.03) (0.423418823365 0.477767495615 -0.03) (0.424400007915 0.478158589306 -0.03) (0.425381192466 0.478549682998 -0.03) (0.426362377016 0.478940776689 -0.03) (0.427343561567 0.47933187038 -0.03) (0.428324746117 0.479722964071 -0.03) (0.429305930668 0.480114057763 -0.03) (0.430287115218 0.480505151454 -0.03) (0.431268299769 0.480896245145 -0.03) (0.432249484319 0.481287338837 -0.03) (0.433230668869 0.481678432528 -0.03) (0.43421185342 0.482069526219 -0.03) (0.43519303797 0.48246061991 -0.03) (0.436174222521 0.482851713602 -0.03))
    polyLine 42 46 ((0.378284334043 0.459777185816 0) (0.379265518593 0.460168279507 0) (0.380246703144 0.460559373198 0) (0.381227887694 0.46095046689 0) (0.382209072244 0.461341560581 0) (0.383190256795 0.461732654272 0) (0.384171441345 0.462123747964 0) (0.385152625896 0.462514841655 0) (0.386133810446 0.462905935346 0) (0.387114994997 0.463297029037 0) (0.388096179547 0.463688122729 0) (0.389077364098 0.46407921642 0) (0.390058548648 0.464470310111 0) (0.391039733199 0.464861403803 0) (0.392020917749 0.465252497494 0) (0.3930021023 0.465643591185 0) (0.39398328685 0.466034684876 0) (0.394964471401 0.466425778568 0) (0.395945655951 0.466816872259 0) (0.396926840502 0.46720796595 0) (0.397908025052 0.467599059642 0) (0.398889209603 0.467990153333 0) (0.399870394153 0.468381247024 0) (0.400851578704 0.468772340715 0) (0.401832763254 0.469163434407 0) (0.402813947805 0.469554528098 0) (0.403795132355 0.469945621789 0) (0.404776316906 0.470336715481 0) (0.405757501456 0.470727809172 0) (0.406738686006 0.471118902863 0) (0.407719870557 0.471509996554 0) (0.408701055107 0.471901090246 0) (0.409682239658 0.472292183937 0) (0.410663424208 0.472683277628 0) (0.411644608759 0.47307437132 0) (0.412625793309 0.473465465011 0) (0.41360697786 0.473856558702 0) (0.41458816241 0.474247652393 0) (0.415569346961 0.474638746085 0) (0.416550531511 0.475029839776 0) (0.417531716062 0.475420933467 0) (0.418512900612 0.475812027159 0) (0.419494085163 0.47620312085 0) (0.420475269713 0.476594214541 0) (0.421456454264 0.476985308232 0) (0.422437638814 0.477376401924 0) (0.423418823365 0.477767495615 0) (0.424400007915 0.478158589306 0) (0.425381192466 0.478549682998 0) (0.426362377016 0.478940776689 0) (0.427343561567 0.47933187038 0) (0.428324746117 0.479722964071 0) (0.429305930668 0.480114057763 0) (0.430287115218 0.480505151454 0) (0.431268299769 0.480896245145 0) (0.432249484319 0.481287338837 0) (0.433230668869 0.481678432528 0) (0.43421185342 0.482069526219 0) (0.43519303797 0.48246061991 0) (0.436174222521 0.482851713602 0))
    polyLine 41 45 ((0.17418439995 0.727551674838 -0.03) (0.177006645053 0.730703763844 -0.03) (0.179837930712 0.7338557922 -0.03) (0.18267830832 0.737007850553 -0.03) (0.185527830673 0.740160029907 -0.03) (0.188386551976 0.743312421635 -0.03) (0.191254527842 0.746465117482 -0.03) (0.194131815296 0.749618209571 -0.03) (0.197018472781 0.752771790411 -0.03) (0.199914560156 0.7559259529 -0.03) (0.202820138706 0.759080790336 -0.03) (0.205735271146 0.762236396419 -0.03) (0.208660021621 0.765392865262 -0.03) (0.211594455716 0.768550291396 -0.03) (0.214538640459 0.771708769778 -0.03) (0.217492644327 0.774868395799 -0.03) (0.220456537256 0.778029265291 -0.03) (0.22343039064 0.781191474535 -0.03) (0.226414277344 0.784355120271 -0.03) (0.229408271711 0.787520299704 -0.03) (0.232412449564 0.790687110514 -0.03) (0.235426888223 0.793855650865 -0.03) (0.238451666505 0.797026019414 -0.03))
    polyLine 43 47 ((0.17418439995 0.727551674838 0) (0.177006645053 0.730703763844 0) (0.179837930712 0.7338557922 0) (0.18267830832 0.737007850553 0) (0.185527830673 0.740160029907 0) (0.188386551976 0.743312421635 0) (0.191254527842 0.746465117482 0) (0.194131815296 0.749618209571 0) (0.197018472781 0.752771790411 0) (0.199914560156 0.7559259529 0) (0.202820138706 0.759080790336 0) (0.205735271146 0.762236396419 0) (0.208660021621 0.765392865262 0) (0.211594455716 0.768550291396 0) (0.214538640459 0.771708769778 0) (0.217492644327 0.774868395799 0) (0.220456537256 0.778029265291 0) (0.22343039064 0.781191474535 0) (0.226414277344 0.784355120271 0) (0.229408271711 0.787520299704 0) (0.232412449564 0.790687110514 0) (0.235426888223 0.793855650865 0) (0.238451666505 0.797026019414 0))
    polyLine 44 48 ((0.437155407071 0.483242807293 -0.03) (0.438136591622 0.483633900984 -0.03) (0.439117776172 0.484024994676 -0.03) (0.440098960723 0.484416088367 -0.03) (0.441080145273 0.484807182058 -0.03) (0.442061329824 0.485198275749 -0.03) (0.443042514374 0.485589369441 -0.03) (0.444023698925 0.485980463132 -0.03) (0.445004883475 0.486371556823 -0.03) (0.445986068026 0.486762650515 -0.03) (0.446967252576 0.487153744206 -0.03) (0.447948437127 0.487544837897 -0.03) (0.448929621677 0.487935931588 -0.03) (0.449910806228 0.48832702528 -0.03) (0.450891990778 0.488718118971 -0.03) (0.451873175329 0.489109212662 -0.03) (0.452854359879 0.489500306354 -0.03) (0.45383554443 0.489891400045 -0.03) (0.45481672898 0.490282493736 -0.03) (0.455797913531 0.490673587427 -0.03) (0.456779098081 0.491064681119 -0.03) (0.457760282631 0.49145577481 -0.03) (0.458741467182 0.491846868501 -0.03) (0.459722651732 0.492237962193 -0.03) (0.460703836283 0.492629055884 -0.03) (0.461685020833 0.493020149575 -0.03) (0.462666205384 0.493411243266 -0.03) (0.463647389934 0.493802336958 -0.03) (0.464628574485 0.494193430649 -0.03) (0.465609759035 0.49458452434 -0.03) (0.466590943586 0.494975618032 -0.03) (0.467572128136 0.495366711723 -0.03) (0.468553312687 0.495757805414 -0.03) (0.469534497237 0.496148899105 -0.03) (0.470515681788 0.496539992797 -0.03) (0.471496866338 0.496931086488 -0.03) (0.472478050889 0.497322180179 -0.03) (0.473459235439 0.497713273871 -0.03) (0.47444041999 0.498104367562 -0.03) (0.47542160454 0.498495461253 -0.03) (0.476402789091 0.498886554944 -0.03) (0.477383973641 0.499277648636 -0.03) (0.478365158192 0.499668742327 -0.03) (0.479346342742 0.500059836018 -0.03) (0.480327527293 0.50045092971 -0.03) (0.481308711843 0.500842023401 -0.03) (0.482289896393 0.501233117092 -0.03) (0.483271080944 0.501624210783 -0.03) (0.484252265494 0.502015304475 -0.03) (0.485233450045 0.502406398166 -0.03) (0.486214634595 0.502797491857 -0.03) (0.487195819146 0.503188585549 -0.03) (0.488177003696 0.50357967924 -0.03) (0.489158188247 0.503970772931 -0.03) (0.490139372797 0.504361866622 -0.03) (0.491120557348 0.504752960314 -0.03) (0.492101741898 0.505144054005 -0.03) (0.493082926449 0.505535147696 -0.03) (0.494064110999 0.505926241388 -0.03) (0.49504529555 0.506317335079 -0.03) (0.4960264801 0.50670842877 -0.03))
    polyLine 46 50 ((0.437155407071 0.483242807293 0) (0.438136591622 0.483633900984 0) (0.439117776172 0.484024994676 0) (0.440098960723 0.484416088367 0) (0.441080145273 0.484807182058 0) (0.442061329824 0.485198275749 0) (0.443042514374 0.485589369441 0) (0.444023698925 0.485980463132 0) (0.445004883475 0.486371556823 0) (0.445986068026 0.486762650515 0) (0.446967252576 0.487153744206 0) (0.447948437127 0.487544837897 0) (0.448929621677 0.487935931588 0) (0.449910806228 0.48832702528 0) (0.450891990778 0.488718118971 0) (0.451873175329 0.489109212662 0) (0.452854359879 0.489500306354 0) (0.45383554443 0.489891400045 0) (0.45481672898 0.490282493736 0) (0.455797913531 0.490673587427 0) (0.456779098081 0.491064681119 0) (0.457760282631 0.49145577481 0) (0.458741467182 0.491846868501 0) (0.459722651732 0.492237962193 0) (0.460703836283 0.492629055884 0) (0.461685020833 0.493020149575 0) (0.462666205384 0.493411243266 0) (0.463647389934 0.493802336958 0) (0.464628574485 0.494193430649 0) (0.465609759035 0.49458452434 0) (0.466590943586 0.494975618032 0) (0.467572128136 0.495366711723 0) (0.468553312687 0.495757805414 0) (0.469534497237 0.496148899105 0) (0.470515681788 0.496539992797 0) (0.471496866338 0.496931086488 0) (0.472478050889 0.497322180179 0) (0.473459235439 0.497713273871 0) (0.47444041999 0.498104367562 0) (0.47542160454 0.498495461253 0) (0.476402789091 0.498886554944 0) (0.477383973641 0.499277648636 0) (0.478365158192 0.499668742327 0) (0.479346342742 0.500059836018 0) (0.480327527293 0.50045092971 0) (0.481308711843 0.500842023401 0) (0.482289896393 0.501233117092 0) (0.483271080944 0.501624210783 0) (0.484252265494 0.502015304475 0) (0.485233450045 0.502406398166 0) (0.486214634595 0.502797491857 0) (0.487195819146 0.503188585549 0) (0.488177003696 0.50357967924 0) (0.489158188247 0.503970772931 0) (0.490139372797 0.504361866622 0) (0.491120557348 0.504752960314 0) (0.492101741898 0.505144054005 0) (0.493082926449 0.505535147696 0) (0.494064110999 0.505926241388 0) (0.49504529555 0.506317335079 0) (0.4960264801 0.50670842877 0))
    polyLine 45 49 ((0.244652588782 0.803497548882 -0.03) (0.247829750737 0.806799084583 -0.03) (0.251018446033 0.810103035541 -0.03) (0.25421877191 0.813409515507 -0.03) (0.257430827428 0.816718638878 -0.03) (0.26065471348 0.820030520708 -0.03) (0.263890532808 0.823345276724 -0.03) (0.267138390014 0.826663023336 -0.03) (0.270398391579 0.829983877654 -0.03) (0.273670645876 0.833307957502 -0.03) (0.276955263187 0.836635381427 -0.03) (0.280252355719 0.839966268723 -0.03) (0.283562037625 0.843300739436 -0.03) (0.286884425014 0.846638914388 -0.03) (0.290219635977 0.849980915186 -0.03) (0.293567790603 0.853326864242 -0.03) (0.296929010997 0.856676884786 -0.03) (0.300303421304 0.860031100887 -0.03) (0.303691147725 0.863389637464 -0.03) (0.307092318543 0.86675262031 -0.03) (0.310507064141 0.870120176103 -0.03) (0.313935517029 0.873492432427 -0.03) (0.317377811861 0.876869517794 -0.03))
    polyLine 47 51 ((0.244652588782 0.803497548882 0) (0.247829750737 0.806799084583 0) (0.251018446033 0.810103035541 0) (0.25421877191 0.813409515507 0) (0.257430827428 0.816718638878 0) (0.26065471348 0.820030520708 0) (0.263890532808 0.823345276724 0) (0.267138390014 0.826663023336 0) (0.270398391579 0.829983877654 0) (0.273670645876 0.833307957502 0) (0.276955263187 0.836635381427 0) (0.280252355719 0.839966268723 0) (0.283562037625 0.843300739436 0) (0.286884425014 0.846638914388 0) (0.290219635977 0.849980915186 0) (0.293567790603 0.853326864242 0) (0.296929010997 0.856676884786 0) (0.300303421304 0.860031100887 0) (0.303691147725 0.863389637464 0) (0.307092318543 0.86675262031 0) (0.310507064141 0.870120176103 0) (0.313935517029 0.873492432427 0) (0.317377811861 0.876869517794 0))
    polyLine 48 52 ((0.497007664651 0.507099522461 -0.03) (0.497988849201 0.507490616153 -0.03) (0.498970033752 0.507881709844 -0.03) (0.499951218302 0.508272803535 -0.03) (0.500932402853 0.508663897227 -0.03) (0.501913587403 0.509054990918 -0.03) (0.502894771954 0.509446084609 -0.03) (0.503875956504 0.5098371783 -0.03) (0.504857141055 0.510228271992 -0.03) (0.505838325605 0.510619365683 -0.03) (0.506819510155 0.511010459374 -0.03) (0.507800694706 0.511401553066 -0.03) (0.508781879256 0.511792646757 -0.03) (0.509763063807 0.512183740448 -0.03) (0.510744248357 0.512574834139 -0.03) (0.511725432908 0.512965927831 -0.03) (0.512706617458 0.513357021522 -0.03) (0.513687802009 0.513748115213 -0.03) (0.514668986559 0.514139208905 -0.03) (0.51565017111 0.514530302596 -0.03) (0.51663135566 0.514921396287 -0.03) (0.517612540211 0.515312489978 -0.03) (0.518593724761 0.51570358367 -0.03) (0.519574909312 0.516094677361 -0.03) (0.520556093862 0.516485771052 -0.03) (0.521537278413 0.516876864744 -0.03) (0.522518462963 0.517267958435 -0.03) (0.523499647514 0.517659052126 -0.03) (0.524480832064 0.518050145817 -0.03) (0.525462016615 0.518441239509 -0.03) (0.526443201165 0.5188323332 -0.03) (0.527424385716 0.519223426891 -0.03) (0.528405570266 0.519614520583 -0.03) (0.529386754817 0.520005614274 -0.03) (0.530367939367 0.520396707965 -0.03) (0.531349123917 0.520787801656 -0.03) (0.532330308468 0.521178895348 -0.03) (0.533311493018 0.521569989039 -0.03) (0.534292677569 0.52196108273 -0.03) (0.535273862119 0.522352176422 -0.03) (0.53625504667 0.522743270113 -0.03) (0.53723623122 0.523134363804 -0.03) (0.538217415771 0.523525457495 -0.03) (0.539198600321 0.523916551187 -0.03) (0.540179784872 0.524307644878 -0.03) (0.541160969422 0.524698738569 -0.03) (0.542142153973 0.525089832261 -0.03) (0.543123338523 0.525480925952 -0.03) (0.544104523074 0.525872019643 -0.03) (0.545085707624 0.526263113334 -0.03) (0.546066892175 0.526654207026 -0.03) (0.547048076725 0.527045300717 -0.03) (0.548029261276 0.527436394408 -0.03) (0.549010445826 0.5278274881 -0.03) (0.549991630377 0.528218581791 -0.03) (0.550972814927 0.528609675482 -0.03) (0.551953999478 0.529000769173 -0.03) (0.552935184028 0.529391862865 -0.03) (0.553916368579 0.529782956556 -0.03) (0.554897553129 0.530174050247 -0.03) (0.555878737679 0.530565143939 -0.03))
    polyLine 50 54 ((0.497007664651 0.507099522461 0) (0.497988849201 0.507490616153 0) (0.498970033752 0.507881709844 0) (0.499951218302 0.508272803535 0) (0.500932402853 0.508663897227 0) (0.501913587403 0.509054990918 0) (0.502894771954 0.509446084609 0) (0.503875956504 0.5098371783 0) (0.504857141055 0.510228271992 0) (0.505838325605 0.510619365683 0) (0.506819510155 0.511010459374 0) (0.507800694706 0.511401553066 0) (0.508781879256 0.511792646757 0) (0.509763063807 0.512183740448 0) (0.510744248357 0.512574834139 0) (0.511725432908 0.512965927831 0) (0.512706617458 0.513357021522 0) (0.513687802009 0.513748115213 0) (0.514668986559 0.514139208905 0) (0.51565017111 0.514530302596 0) (0.51663135566 0.514921396287 0) (0.517612540211 0.515312489978 0) (0.518593724761 0.51570358367 0) (0.519574909312 0.516094677361 0) (0.520556093862 0.516485771052 0) (0.521537278413 0.516876864744 0) (0.522518462963 0.517267958435 0) (0.523499647514 0.517659052126 0) (0.524480832064 0.518050145817 0) (0.525462016615 0.518441239509 0) (0.526443201165 0.5188323332 0) (0.527424385716 0.519223426891 0) (0.528405570266 0.519614520583 0) (0.529386754817 0.520005614274 0) (0.530367939367 0.520396707965 0) (0.531349123917 0.520787801656 0) (0.532330308468 0.521178895348 0) (0.533311493018 0.521569989039 0) (0.534292677569 0.52196108273 0) (0.535273862119 0.522352176422 0) (0.53625504667 0.522743270113 0) (0.53723623122 0.523134363804 0) (0.538217415771 0.523525457495 0) (0.539198600321 0.523916551187 0) (0.540179784872 0.524307644878 0) (0.541160969422 0.524698738569 0) (0.542142153973 0.525089832261 0) (0.543123338523 0.525480925952 0) (0.544104523074 0.525872019643 0) (0.545085707624 0.526263113334 0) (0.546066892175 0.526654207026 0) (0.547048076725 0.527045300717 0) (0.548029261276 0.527436394408 0) (0.549010445826 0.5278274881 0) (0.549991630377 0.528218581791 0) (0.550972814927 0.528609675482 0) (0.551953999478 0.529000769173 0) (0.552935184028 0.529391862865 0) (0.553916368579 0.529782956556 0) (0.554897553129 0.530174050247 0) (0.555878737679 0.530565143939 0))
    polyLine 49 53 ((0.324352367994 0.883685375891 -0.03) (0.327885307021 0.887124557072 -0.03) (0.331433052102 0.890569243157 -0.03) (0.33499575519 0.894019573189 -0.03) (0.338573570675 0.897475687311 -0.03) (0.342166655408 0.90093772679 -0.03) (0.345775168731 0.904405834037 -0.03) (0.349399272515 0.907880152634 -0.03) (0.353039131186 0.911360827356 -0.03) (0.356694911765 0.914848004196 -0.03) (0.360366783894 0.918341830388 -0.03) (0.36405491988 0.921842454433 -0.03) (0.367759494726 0.925350026127 -0.03) (0.371480686168 0.928864696583 -0.03) (0.375218674716 0.932386618261 -0.03) (0.37897364369 0.935915944992 -0.03) (0.382745779261 0.939452832011 -0.03) (0.386535270492 0.942997435979 -0.03) (0.390342309381 0.946549915016 -0.03) (0.394167090903 0.950110428729 -0.03) (0.398009813052 0.953679138244 -0.03) (0.40187067689 0.957256206233 -0.03) (0.40574988659 0.960841796947 -0.03))
    polyLine 51 55 ((0.324352367994 0.883685375891 0) (0.327885307021 0.887124557072 0) (0.331433052102 0.890569243157 0) (0.33499575519 0.894019573189 0) (0.338573570675 0.897475687311 0) (0.342166655408 0.90093772679 0) (0.345775168731 0.904405834037 0) (0.349399272515 0.907880152634 0) (0.353039131186 0.911360827356 0) (0.356694911765 0.914848004196 0) (0.360366783894 0.918341830388 0) (0.36405491988 0.921842454433 0) (0.367759494726 0.925350026127 0) (0.371480686168 0.928864696583 0) (0.375218674716 0.932386618261 0) (0.37897364369 0.935915944992 0) (0.382745779261 0.939452832011 0) (0.386535270492 0.942997435979 0) (0.390342309381 0.946549915016 0) (0.394167090903 0.950110428729 0) (0.398009813052 0.953679138244 0) (0.40187067689 0.957256206233 0) (0.40574988659 0.960841796947 0))
    polyLine 52 56 ((0.55685992223 0.53095623763 -0.03) (0.55784110678 0.531347331321 -0.03) (0.558822291331 0.531738425012 -0.03) (0.559803475881 0.532129518704 -0.03) (0.560784660432 0.532520612395 -0.03) (0.561765844982 0.532911706086 -0.03) (0.562747029533 0.533302799777 -0.03) (0.563728214083 0.533693893469 -0.03) (0.564709398634 0.53408498716 -0.03) (0.565690583184 0.534476080851 -0.03) (0.566671767735 0.534867174543 -0.03) (0.567652952285 0.535258268234 -0.03) (0.568634136836 0.535649361925 -0.03) (0.569615321386 0.536040455616 -0.03) (0.570596505937 0.536431549308 -0.03) (0.571577690487 0.536822642999 -0.03) (0.572558875038 0.53721373669 -0.03) (0.573540059588 0.537604830382 -0.03) (0.574521244139 0.537995924073 -0.03) (0.575502428689 0.538387017764 -0.03) (0.57648361324 0.538778111455 -0.03) (0.57746479779 0.539169205147 -0.03) (0.578445982341 0.539560298838 -0.03) (0.579427166891 0.539951392529 -0.03) (0.580408351442 0.540342486221 -0.03) (0.581389535992 0.540733579912 -0.03) (0.582370720542 0.541124673603 -0.03) (0.583351905093 0.541515767294 -0.03) (0.584333089643 0.541906860986 -0.03) (0.585314274194 0.542297954677 -0.03) (0.586295458744 0.542689048368 -0.03) (0.587276643295 0.54308014206 -0.03) (0.588257827845 0.543471235751 -0.03) (0.589239012396 0.543862329442 -0.03) (0.590220196946 0.544253423133 -0.03) (0.591201381497 0.544644516825 -0.03) (0.592182566047 0.545035610516 -0.03) (0.593163750598 0.545426704207 -0.03) (0.594144935148 0.545817797899 -0.03) (0.595126119699 0.54620889159 -0.03) (0.596107304249 0.546599985281 -0.03) (0.5970884888 0.546991078972 -0.03) (0.59806967335 0.547382172664 -0.03) (0.599050857901 0.547773266355 -0.03) (0.600032042451 0.548164360046 -0.03) (0.601013227002 0.548555453738 -0.03) (0.601994411552 0.548946547429 -0.03) (0.602975596103 0.54933764112 -0.03) (0.603956780653 0.549728734811 -0.03) (0.604937965204 0.550119828503 -0.03) (0.605919149754 0.550510922194 -0.03) (0.606900334304 0.550902015885 -0.03) (0.607881518855 0.551293109577 -0.03) (0.608862703405 0.551684203268 -0.03) (0.609843887956 0.552075296959 -0.03) (0.610825072506 0.55246639065 -0.03) (0.611806257057 0.552857484342 -0.03) (0.612787441607 0.553248578033 -0.03) (0.613768626158 0.553639671724 -0.03) (0.614749810708 0.554030765416 -0.03))
    polyLine 54 58 ((0.55685992223 0.53095623763 0) (0.55784110678 0.531347331321 0) (0.558822291331 0.531738425012 0) (0.559803475881 0.532129518704 0) (0.560784660432 0.532520612395 0) (0.561765844982 0.532911706086 0) (0.562747029533 0.533302799777 0) (0.563728214083 0.533693893469 0) (0.564709398634 0.53408498716 0) (0.565690583184 0.534476080851 0) (0.566671767735 0.534867174543 0) (0.567652952285 0.535258268234 0) (0.568634136836 0.535649361925 0) (0.569615321386 0.536040455616 0) (0.570596505937 0.536431549308 0) (0.571577690487 0.536822642999 0) (0.572558875038 0.53721373669 0) (0.573540059588 0.537604830382 0) (0.574521244139 0.537995924073 0) (0.575502428689 0.538387017764 0) (0.57648361324 0.538778111455 0) (0.57746479779 0.539169205147 0) (0.578445982341 0.539560298838 0) (0.579427166891 0.539951392529 0) (0.580408351442 0.540342486221 0) (0.581389535992 0.540733579912 0) (0.582370720542 0.541124673603 0) (0.583351905093 0.541515767294 0) (0.584333089643 0.541906860986 0) (0.585314274194 0.542297954677 0) (0.586295458744 0.542689048368 0) (0.587276643295 0.54308014206 0) (0.588257827845 0.543471235751 0) (0.589239012396 0.543862329442 0) (0.590220196946 0.544253423133 0) (0.591201381497 0.544644516825 0) (0.592182566047 0.545035610516 0) (0.593163750598 0.545426704207 0) (0.594144935148 0.545817797899 0) (0.595126119699 0.54620889159 0) (0.596107304249 0.546599985281 0) (0.5970884888 0.546991078972 0) (0.59806967335 0.547382172664 0) (0.599050857901 0.547773266355 0) (0.600032042451 0.548164360046 0) (0.601013227002 0.548555453738 0) (0.601994411552 0.548946547429 0) (0.602975596103 0.54933764112 0) (0.603956780653 0.549728734811 0) (0.604937965204 0.550119828503 0) (0.605919149754 0.550510922194 0) (0.606900334304 0.550902015885 0) (0.607881518855 0.551293109577 0) (0.608862703405 0.551684203268 0) (0.609843887956 0.552075296959 0) (0.610825072506 0.55246639065 0) (0.611806257057 0.552857484342 0) (0.612787441607 0.553248578033 0) (0.613768626158 0.553639671724 0) (0.614749810708 0.554030765416 0))
    polyLine 53 57 ((0.413516371045 0.967995282486 -0.03) (0.417403608212 0.971563293514 -0.03) (0.4213095702 0.975140274029 -0.03) (0.425234469424 0.978726390387 -0.03) (0.429178521547 0.982321810638 -0.03) (0.43314194553 0.985926704559 -0.03) (0.437124963692 0.989541243691 -0.03) (0.441127801754 0.993165601369 -0.03) (0.445150688903 0.996799952765 -0.03) (0.449193857843 1.00044447492 -0.03) (0.453257544853 1.00409934677 -0.03) (0.45734198985 1.00776474922 -0.03) (0.461447436446 1.01144086513 -0.03) (0.46557413201 1.01512787942 -0.03) (0.469722327734 1.01882597903 -0.03) (0.473892278696 1.02253535305 -0.03) (0.478084243926 1.02625619268 -0.03) (0.482298486477 1.02998869133 -0.03) (0.48653527349 1.03373304464 -0.03) (0.490794876272 1.03748945054 -0.03) (0.49507757036 1.04125810928 -0.03) (0.499383635606 1.04503922347 -0.03) (0.503713356244 1.04883299815 -0.03))
    polyLine 55 59 ((0.413516371045 0.967995282486 0) (0.417403608212 0.971563293514 0) (0.4213095702 0.975140274029 0) (0.425234469424 0.978726390387 0) (0.429178521547 0.982321810638 0) (0.43314194553 0.985926704559 0) (0.437124963692 0.989541243691 0) (0.441127801754 0.993165601369 0) (0.445150688903 0.996799952765 0) (0.449193857843 1.00044447492 0) (0.453257544853 1.00409934677 0) (0.45734198985 1.00776474922 0) (0.461447436446 1.01144086513 0) (0.46557413201 1.01512787942 0) (0.469722327734 1.01882597903 0) (0.473892278696 1.02253535305 0) (0.478084243926 1.02625619268 0) (0.482298486477 1.02998869133 0) (0.48653527349 1.03373304464 0) (0.490794876272 1.03748945054 0) (0.49507757036 1.04125810928 0) (0.499383635606 1.04503922347 0) (0.503713356244 1.04883299815 0))
    polyLine 56 60 ((0.615730995259 0.554421859107 -0.03) (0.616712179809 0.554812952798 -0.03) (0.61769336436 0.555204046489 -0.03) (0.61867454891 0.555595140181 -0.03) (0.619655733461 0.555986233872 -0.03) (0.620636918011 0.556377327563 -0.03) (0.621618102562 0.556768421255 -0.03) (0.622599287112 0.557159514946 -0.03) (0.623580471663 0.557550608637 -0.03) (0.624561656213 0.557941702328 -0.03) (0.625542840764 0.55833279602 -0.03) (0.626524025314 0.558723889711 -0.03) (0.627505209865 0.559114983402 -0.03) (0.628486394415 0.559506077094 -0.03) (0.629467578966 0.559897170785 -0.03) (0.630448763516 0.560288264476 -0.03) (0.631429948066 0.560679358167 -0.03) (0.632411132617 0.561070451859 -0.03) (0.633392317167 0.56146154555 -0.03) (0.634373501718 0.561852639241 -0.03) (0.635354686268 0.562243732933 -0.03) (0.636335870819 0.562634826624 -0.03) (0.637317055369 0.563025920315 -0.03) (0.63829823992 0.563417014006 -0.03) (0.63927942447 0.563808107698 -0.03) (0.640260609021 0.564199201389 -0.03) (0.641241793571 0.56459029508 -0.03) (0.642222978122 0.564981388772 -0.03) (0.643204162672 0.565372482463 -0.03) (0.644185347223 0.565763576154 -0.03) (0.645166531773 0.566154669845 -0.03) (0.646147716324 0.566545763537 -0.03) (0.647128900874 0.566936857228 -0.03) (0.648110085425 0.567327950919 -0.03) (0.649091269975 0.567719044611 -0.03) (0.650072454526 0.568110138302 -0.03) (0.651053639076 0.568501231993 -0.03) (0.652034823627 0.568892325684 -0.03) (0.653016008177 0.569283419376 -0.03) (0.653997192728 0.569674513067 -0.03) (0.654978377278 0.570065606758 -0.03) (0.655959561828 0.57045670045 -0.03) (0.656940746379 0.570847794141 -0.03) (0.657921930929 0.571238887832 -0.03) (0.65890311548 0.571629981523 -0.03) (0.65988430003 0.572021075215 -0.03) (0.660865484581 0.572412168906 -0.03) (0.661846669131 0.572803262597 -0.03) (0.662827853682 0.573194356289 -0.03) (0.663809038232 0.57358544998 -0.03) (0.664790222783 0.573976543671 -0.03) (0.665771407333 0.574367637362 -0.03) (0.666752591884 0.574758731054 -0.03) (0.667733776434 0.575149824745 -0.03) (0.668714960985 0.575540918436 -0.03) (0.669696145535 0.575932012128 -0.03) (0.670677330086 0.576323105819 -0.03) (0.671658514636 0.57671419951 -0.03) (0.672639699187 0.577105293201 -0.03) (0.673620883737 0.577496386893 -0.03) (0.674602068288 0.577887480584 -0.03))
    polyLine 58 62 ((0.615730995259 0.554421859107 0) (0.616712179809 0.554812952798 0) (0.61769336436 0.555204046489 0) (0.61867454891 0.555595140181 0) (0.619655733461 0.555986233872 0) (0.620636918011 0.556377327563 0) (0.621618102562 0.556768421255 0) (0.622599287112 0.557159514946 0) (0.623580471663 0.557550608637 0) (0.624561656213 0.557941702328 0) (0.625542840764 0.55833279602 0) (0.626524025314 0.558723889711 0) (0.627505209865 0.559114983402 0) (0.628486394415 0.559506077094 0) (0.629467578966 0.559897170785 0) (0.630448763516 0.560288264476 0) (0.631429948066 0.560679358167 0) (0.632411132617 0.561070451859 0) (0.633392317167 0.56146154555 0) (0.634373501718 0.561852639241 0) (0.635354686268 0.562243732933 0) (0.636335870819 0.562634826624 0) (0.637317055369 0.563025920315 0) (0.63829823992 0.563417014006 0) (0.63927942447 0.563808107698 0) (0.640260609021 0.564199201389 0) (0.641241793571 0.56459029508 0) (0.642222978122 0.564981388772 0) (0.643204162672 0.565372482463 0) (0.644185347223 0.565763576154 0) (0.645166531773 0.566154669845 0) (0.646147716324 0.566545763537 0) (0.647128900874 0.566936857228 0) (0.648110085425 0.567327950919 0) (0.649091269975 0.567719044611 0) (0.650072454526 0.568110138302 0) (0.651053639076 0.568501231993 0) (0.652034823627 0.568892325684 0) (0.653016008177 0.569283419376 0) (0.653997192728 0.569674513067 0) (0.654978377278 0.570065606758 0) (0.655959561828 0.57045670045 0) (0.656940746379 0.570847794141 0) (0.657921930929 0.571238887832 0) (0.65890311548 0.571629981523 0) (0.65988430003 0.572021075215 0) (0.660865484581 0.572412168906 0) (0.661846669131 0.572803262597 0) (0.662827853682 0.573194356289 0) (0.663809038232 0.57358544998 0) (0.664790222783 0.573976543671 0) (0.665771407333 0.574367637362 0) (0.666752591884 0.574758731054 0) (0.667733776434 0.575149824745 0) (0.668714960985 0.575540918436 0) (0.669696145535 0.575932012128 0) (0.670677330086 0.576323105819 0) (0.671658514636 0.57671419951 0) (0.672639699187 0.577105293201 0) (0.673620883737 0.577496386893 0) (0.674602068288 0.577887480584 0))
    polyLine 57 61 ((0.512284363232 1.05631941579 -0.03) (0.516524468473 1.06001151963 -0.03) (0.52078760705 1.06371614469 -0.03) (0.525074053438 1.0674334856 -0.03) (0.529384086314 1.07116373933 -0.03) (0.533717988631 1.07490710527 -0.03) (0.538076047692 1.07866378523 -0.03) (0.542458555234 1.0824339835 -0.03) (0.546865807501 1.08621790694 -0.03) (0.551298105333 1.09001576496 -0.03) (0.555755754243 1.09382776964 -0.03) (0.56023906451 1.09765413574 -0.03) (0.56474835126 1.10149508077 -0.03) (0.569283934561 1.10535082502 -0.03) (0.573846139514 1.10922159167 -0.03) (0.578435296344 1.11310760678 -0.03) (0.583051740502 1.11700909941 -0.03) (0.58769581276 1.12092630164 -0.03) (0.592367859312 1.12485944863 -0.03) (0.59706823188 1.12880877872 -0.03) (0.601797287819 1.13277453345 -0.03) (0.606555390223 1.13675695765 -0.03) (0.611342908042 1.14075629951 -0.03))
    polyLine 59 63 ((0.512284363232 1.05631941579 0) (0.516524468473 1.06001151963 0) (0.52078760705 1.06371614469 0) (0.525074053438 1.0674334856 0) (0.529384086314 1.07116373933 0) (0.533717988631 1.07490710527 0) (0.538076047692 1.07866378523 0) (0.542458555234 1.0824339835 0) (0.546865807501 1.08621790694 0) (0.551298105333 1.09001576496 0) (0.555755754243 1.09382776964 0) (0.56023906451 1.09765413574 0) (0.56474835126 1.10149508077 0) (0.569283934561 1.10535082502 0) (0.573846139514 1.10922159167 0) (0.578435296344 1.11310760678 0) (0.583051740502 1.11700909941 0) (0.58769581276 1.12092630164 0) (0.592367859312 1.12485944863 0) (0.59706823188 1.12880877872 0) (0.601797287819 1.13277453345 0) (0.606555390223 1.13675695765 0) (0.611342908042 1.14075629951 0))
    polyLine 60 64 ((0.675583252838 0.578278574275 -0.03) (0.676564437389 0.578669667967 -0.03) (0.677545621939 0.579060761658 -0.03) (0.67852680649 0.579451855349 -0.03) (0.67950799104 0.57984294904 -0.03) (0.68048917559 0.580234042732 -0.03) (0.681470360141 0.580625136423 -0.03) (0.682451544691 0.581016230114 -0.03) (0.683432729242 0.581407323806 -0.03) (0.684413913792 0.581798417497 -0.03) (0.685395098343 0.582189511188 -0.03) (0.686376282893 0.582580604879 -0.03) (0.687357467444 0.582971698571 -0.03) (0.688338651994 0.583362792262 -0.03) (0.689319836545 0.583753885953 -0.03) (0.690301021095 0.584144979645 -0.03) (0.691282205646 0.584536073336 -0.03) (0.692263390196 0.584927167027 -0.03) (0.693244574747 0.585318260718 -0.03) (0.694225759297 0.58570935441 -0.03) (0.695206943848 0.586100448101 -0.03) (0.696188128398 0.586491541792 -0.03) (0.697169312949 0.586882635484 -0.03) (0.698150497499 0.587273729175 -0.03) (0.69913168205 0.587664822866 -0.03) (0.7001128666 0.588055916557 -0.03) (0.701094051151 0.588447010249 -0.03) (0.702075235701 0.58883810394 -0.03) (0.703056420252 0.589229197631 -0.03) (0.704037604802 0.589620291323 -0.03) (0.705018789352 0.590011385014 -0.03) (0.705999973903 0.590402478705 -0.03) (0.706981158453 0.590793572396 -0.03) (0.707962343004 0.591184666088 -0.03) (0.708943527554 0.591575759779 -0.03) (0.709924712105 0.59196685347 -0.03) (0.710905896655 0.592357947162 -0.03) (0.711887081206 0.592749040853 -0.03) (0.712868265756 0.593140134544 -0.03) (0.713849450307 0.593531228235 -0.03) (0.714830634857 0.593922321927 -0.03) (0.715811819408 0.594313415618 -0.03) (0.716793003958 0.594704509309 -0.03) (0.717774188509 0.595095603001 -0.03) (0.718755373059 0.595486696692 -0.03) (0.71973655761 0.595877790383 -0.03) (0.72071774216 0.596268884074 -0.03) (0.721698926711 0.596659977766 -0.03) (0.722680111261 0.597051071457 -0.03) (0.723661295812 0.597442165148 -0.03) (0.724642480362 0.59783325884 -0.03) (0.725623664913 0.598224352531 -0.03) (0.726609644251 0.598593477141 -0.03) (0.727610299793 0.598920733492 -0.03) (0.728623854547 0.599205540433 -0.03) (0.729648508615 0.599447392196 -0.03) (0.730682442386 0.599645859294 -0.03) (0.731723819774 0.599800589283 -0.03) (0.732770791471 0.599911307391 -0.03) (0.733821498236 0.599977816999 -0.03))
    polyLine 62 66 ((0.675583252838 0.578278574275 0) (0.676564437389 0.578669667967 0) (0.677545621939 0.579060761658 0) (0.67852680649 0.579451855349 0) (0.67950799104 0.57984294904 0) (0.68048917559 0.580234042732 0) (0.681470360141 0.580625136423 0) (0.682451544691 0.581016230114 0) (0.683432729242 0.581407323806 0) (0.684413913792 0.581798417497 0) (0.685395098343 0.582189511188 0) (0.686376282893 0.582580604879 0) (0.687357467444 0.582971698571 0) (0.688338651994 0.583362792262 0) (0.689319836545 0.583753885953 0) (0.690301021095 0.584144979645 0) (0.691282205646 0.584536073336 0) (0.692263390196 0.584927167027 0) (0.693244574747 0.585318260718 0) (0.694225759297 0.58570935441 0) (0.695206943848 0.586100448101 0) (0.696188128398 0.586491541792 0) (0.697169312949 0.586882635484 0) (0.698150497499 0.587273729175 0) (0.69913168205 0.587664822866 0) (0.7001128666 0.588055916557 0) (0.701094051151 0.588447010249 0) (0.702075235701 0.58883810394 0) (0.703056420252 0.589229197631 0) (0.704037604802 0.589620291323 0) (0.705018789352 0.590011385014 0) (0.705999973903 0.590402478705 0) (0.706981158453 0.590793572396 0) (0.707962343004 0.591184666088 0) (0.708943527554 0.591575759779 0) (0.709924712105 0.59196685347 0) (0.710905896655 0.592357947162 0) (0.711887081206 0.592749040853 0) (0.712868265756 0.593140134544 0) (0.713849450307 0.593531228235 0) (0.714830634857 0.593922321927 0) (0.715811819408 0.594313415618 0) (0.716793003958 0.594704509309 0) (0.717774188509 0.595095603001 0) (0.718755373059 0.595486696692 0) (0.71973655761 0.595877790383 0) (0.72071774216 0.596268884074 0) (0.721698926711 0.596659977766 0) (0.722680111261 0.597051071457 0) (0.723661295812 0.597442165148 0) (0.724642480362 0.59783325884 0) (0.725623664913 0.598224352531 0) (0.726609644251 0.598593477141 0) (0.727610299793 0.598920733492 0) (0.728623854547 0.599205540433 0) (0.729648508615 0.599447392196 0) (0.730682442386 0.599645859294 0) (0.731723819774 0.599800589283 0) (0.732770791471 0.599911307391 0) (0.733821498236 0.599977816999 0))
    polyLine 61 65 ((0.620759543137 1.14860042764 -0.03) (0.625386370819 1.15244395665 -0.03) (0.63004103511 1.15630362155 -0.03) (0.634723877106 1.16017964925 -0.03) (0.639435243219 1.16407226971 -0.03) (0.644175485285 1.16798171602 -0.03) (0.64894496066 1.17190822445 -0.03) (0.653744032332 1.17585203451 -0.03) (0.658573069024 1.17981338903 -0.03) (0.663432445311 1.1837925342 -0.03) (0.668322541725 1.18778971967 -0.03) (0.673243744878 1.1918051986 -0.03) (0.67819644758 1.19583922772 -0.03) (0.683181048956 1.19989206742 -0.03) (0.688197954577 1.20396398183 -0.03) (0.693247576582 1.20805523887 -0.03) (0.698330333815 1.21216611034 -0.03) (0.703446651951 1.21629687201 -0.03) (0.70859696364 1.22044780368 -0.03) (0.713781708645 1.22461918928 -0.03) (0.719001333985 1.22881131695 -0.03) (0.724256294085 1.23302447913 -0.03) (0.729547050924 1.23725897262 -0.03))
    polyLine 63 67 ((0.620759543137 1.14860042764 0) (0.625386370819 1.15244395665 0) (0.63004103511 1.15630362155 0) (0.634723877106 1.16017964925 0) (0.639435243219 1.16407226971 0) (0.644175485285 1.16798171602 0) (0.64894496066 1.17190822445 0) (0.653744032332 1.17585203451 0) (0.658573069024 1.17981338903 0) (0.663432445311 1.1837925342 0) (0.668322541725 1.18778971967 0) (0.673243744878 1.1918051986 0) (0.67819644758 1.19583922772 0) (0.683181048956 1.19989206742 0) (0.688197954577 1.20396398183 0) (0.693247576582 1.20805523887 0) (0.698330333815 1.21216611034 0) (0.703446651951 1.21629687201 0) (0.70859696364 1.22044780368 0) (0.713781708645 1.22461918928 0) (0.719001333985 1.22881131695 0) (0.724256294085 1.23302447913 0) (0.729547050924 1.23725897262 0))
);

boundary
(
    body_fore
    {
        type wall;
        faces
        (
            (0 2 6 4)
            (4 6 10 8)
            (8 10 14 12)
            (12 14 18 16)
            (16 18 22 20)
            (20 22 26 24)
            (24 26 30 28)
            (28 30 34 32)
            (32 34 38 36)
            (36 38 42 40)
            (40 42 46 44)
            (44 46 50 48)
            (48 50 54 52)
            (52 54 58 56)
            (56 58 62 60)
            (60 62 66 64)
        );
    }
    freestream
    {
        type patch;
        faces
        (
            (1 5 7 3)
            (5 9 11 7)
            (9 13 15 11)
            (13 17 19 15)
            (17 21 23 19)
            (21 25 27 23)
            (25 29 31 27)
            (29 33 35 31)
            (33 37 39 35)
            (37 41 43 39)
            (41 45 47 43)
            (45 49 51 47)
            (49 53 55 51)
            (53 57 59 55)
            (57 61 63 59)
            (61 65 67 63)
        );
    }
    outlet
    {
        type patch;
        faces
        (
            (64 66 67 65)
        );
    }
    axis
    {
        type patch;
        faces
        (
            (0 1 3 2)
        );
    }
    front
    {
        type patch;
        faces
        (
            (2 6 7 3)
            (6 10 11 7)
            (10 14 15 11)
            (14 18 19 15)
            (18 22 23 19)
            (22 26 27 23)
            (26 30 31 27)
            (30 34 35 31)
            (34 38 39 35)
            (38 42 43 39)
            (42 46 47 43)
            (46 50 51 47)
            (50 54 55 51)
            (54 58 59 55)
            (58 62 63 59)
            (62 66 67 63)
        );
    }
    back
    {
        type patch;
        faces
        (
            (0 1 5 4)
            (4 5 9 8)
            (8 9 13 12)
            (12 13 17 16)
            (16 17 21 20)
            (20 21 25 24)
            (24 25 29 28)
            (28 29 33 32)
            (32 33 37 36)
            (36 37 41 40)
            (40 41 45 44)
            (44 45 49 48)
            (48 49 53 52)
            (52 53 57 56)
            (56 57 61 60)
            (60 61 65 64)
        );
    }
);
