FoamFile
{
    version     2.0;
    format      ascii;
    class       dictionary;
    object      blockMeshDict;
}
// Generated by aether.cfd - do not edit by hand. Regenerate from the run config.

scale 1;

vertices
(
    (0 0 -0.03)
    (-0.172995604568 1.37054080885e-16 -0.03)
    (0 0 0)
    (-0.172995604568 1.37054080885e-16 0)
    (0.00834861245886 0.073658032689 -0.03)
    (-0.167511715666 0.0874708941322 -0.03)
    (0.00834861245886 0.073658032689 0)
    (-0.167511715666 0.0874708941322 0)
    (0.0329706607922 0.143579105463 -0.03)
    (-0.151718038078 0.17261814153 -0.03)
    (0.0329706607922 0.143579105463 0)
    (-0.151718038078 0.17261814153 0)
    (0.0726169800415 0.206215900268 -0.03)
    (-0.127391581117 0.253432903577 -0.03)
    (0.0726169800415 0.206215900268 0)
    (-0.127391581117 0.253432903577 0)
    (0.125276177653 0.258390655186 -0.03)
    (-0.0969823089809 0.328353298941 -0.03)
    (0.125276177653 0.258390655186 0)
    (-0.0969823089809 0.328353298941 0)
    (0.188276677941 0.297456381811 -0.03)
    (-0.0632046567017 0.396161690403 -0.03)
    (0.188276677941 0.297456381811 0)
    (-0.0632046567017 0.396161690403 0)
    (0.256800342177 0.326129673934 -0.03)
    (-0.0262045914097 0.460021370548 -0.03)
    (0.256800342177 0.326129673934 0)
    (-0.0262045914097 0.460021370548 0)
    (0.325499583908 0.354396375071 -0.03)
    (0.0193008238594 0.529242301199 -0.03)
    (0.325499583908 0.354396375071 0)
    (0.0193008238594 0.529242301199 0)
    (0.39419882564 0.382663076208 -0.03)
    (0.0745857551537 0.60425377472 -0.03)
    (0.39419882564 0.382663076208 0)
    (0.0745857551537 0.60425377472 0)
    (0.462898067372 0.410929777345 -0.03)
    (0.140580848701 0.685017887408 -0.03)
    (0.462898067372 0.410929777345 0)
    (0.140580848701 0.685017887408 0)
    (0.531597309104 0.439196478481 -0.03)
    (0.218024810667 0.771421129519 -0.03)
    (0.531597309104 0.439196478481 0)
    (0.218024810667 0.771421129519 0)
    (0.600296550835 0.467463179618 -0.03)
    (0.307444661884 0.863304420504 -0.03)
    (0.600296550835 0.467463179618 0)
    (0.307444661884 0.863304420504 0)
    (0.668995792567 0.495729880755 -0.03)
    (0.409166396471 0.960495515116 -0.03)
    (0.668995792567 0.495729880755 0)
    (0.409166396471 0.960495515116 0)
    (0.737695034299 0.523996581892 -0.03)
    (0.523349208004 1.06283757453 -0.03)
    (0.737695034299 0.523996581892 0)
    (0.523349208004 1.06283757453 0)
    (0.80639427603 0.552263283029 -0.03)
    (0.650032423544 1.17021025253 -0.03)
    (0.80639427603 0.552263283029 0)
    (0.650032423544 1.17021025253 0)
    (0.875093517762 0.580529984166 -0.03)
    (0.789184710359 1.28254250819 -0.03)
    (0.875093517762 0.580529984166 0)
    (0.789184710359 1.28254250819 0)
    (0.946135895063 0.6 -0.03)
    (0.946135895063 1.40390582285 -0.03)
    (0.946135895063 0.6 0)
    (0.946135895063 1.40390582285 0)
);

blocks
(
    hex (0 4 5 1 2 6 7 3) (4 48 1) simpleGrading (1 4 1)
    hex (4 8 9 5 6 10 11 7) (4 48 1) simpleGrading (1 4 1)
    hex (8 12 13 9 10 14 15 11) (4 48 1) simpleGrading (1 4 1)
    hex (12 16 17 13 14 18 19 15) (4 48 1) simpleGrading (1 4 1)
    hex (16 20 21 17 18 22 23 19) (4 48 1) simpleGrading (1 4 1)
    hex (20 24 25 21 22 26 27 23) (4 48 1) simpleGrading (1 4 1)
    hex (24 28 29 25 26 30 31 27) (4 48 1) simpleGrading (1 4 1)
    hex (28 32 33 29 30 34 35 31) (4 48 1) simpleGrading (1 4 1)
    hex (32 36 37 33 34 38 39 35) (4 48 1) simpleGrading (1 4 1)
    hex (36 40 41 37 38 42 43 39) (4 48 1) simpleGrading (1 4 1)
    hex (40 44 45 41 42 46 47 43) (4 48 1) simpleGrading (1 4 1)
    hex (44 48 49 45 46 50 51 47) (4 48 1) simpleGrading (1 4 1)
    hex (48 52 53 49 50 54 55 51) (4 48 1) simpleGrading (1 4 1)
    hex (52 56 57 53 54 58 59 55) (4 48 1) simpleGrading (1 4 1)
    hex (56 60 61 57 58 62 63 59) (4 48 1) simpleGrading (1 4 1)
    hex (60 64 65 61 62 66 67 63) (4 48 1) simpleGrading (1 4 1)
);

edges
(
    polyLine 0 4 ((2.04325686157e-06 0.0011597074775 -0.03) (8.17300207573e-06 0.00231940055521 -0.03) (1.8389159531e-05 0.00347906483353 -0.03) (3.26916023759e-05 0.00463868591319 -0.03) (5.10801530208e-05 0.00579824939549 -0.03) (7.35545831398e-05 0.00695774088242 -0.03) (0.000100114613674 0.00811714597688 -0.03) (0.000130759914833 0.00927645028282 -0.03) (0.000165490106104 0.0104356394055 -0.03) (0.00020430475625 0.0115946989515 -0.03) (0.000247203383319 0.0127536145291 -0.03) (0.000294185454651 0.0139123717484 -0.03) (0.000345250386882 0.0150709562214 -0.03) (0.00040039754595 0.0162293535621 -0.03) (0.000459626247109 0.0173875493872 -0.03) (0.00052293575493 0.0185455293156 -0.03) (0.000590325283316 0.0197032789689 -0.03) (0.000661793995508 0.0208607839717 -0.03) (0.000737341004098 0.0220180299515 -0.03) (0.000816965371038 0.0231750025391 -0.03) (0.000900666107653 0.0243316873686 -0.03) (0.000988442174653 0.0254880700779 -0.03) (0.00108029248214 0.0266441363084 -0.03) (0.00117621588964 0.0277998717055 -0.03) (0.0012762112061 0.0289552619188 -0.03) (0.00138027718989 0.0301102926021 -0.03) (0.00148841254886 0.0312649494136 -0.03) (0.00160061594032 0.0324192180163 -0.03) (0.00171688597107 0.033573084078 -0.03) (0.00183722119741 0.0347265332713 -0.03) (0.00196162012517 0.0358795512742 -0.03) (0.00209008120972 0.03703212377 -0.03) (0.00222260285599 0.0381842364475 -0.03) (0.00235918341851 0.0393358750011 -0.03) (0.00249982120137 0.0404870251313 -0.03) (0.00264451445832 0.0416376725446 -0.03) (0.00279326139274 0.0427878029536 -0.03) (0.00294606015768 0.0439374020775 -0.03) (0.00310290885587 0.045086455642 -0.03) (0.00326380553977 0.0462349493797 -0.03) (0.00342874821156 0.0473828690299 -0.03) (0.00359773482319 0.0485302003392 -0.03) (0.00377076327639 0.0496769290615 -0.03) (0.00394783142273 0.0508230409583 -0.03) (0.00412893706358 0.0519685217984 -0.03) (0.00431407795021 0.0531133573588 -0.03) (0.00450325178377 0.0542575334244 -0.03) (0.00469645621534 0.0554010357881 -0.03) (0.00489368884594 0.0565438502515 -0.03) (0.00509494722659 0.0576859626245 -0.03) (0.00530022885833 0.0588273587257 -0.03) (0.00550953119221 0.0599680243828 -0.03) (0.00572285162938 0.0611079454324 -0.03) (0.00594018752111 0.0622471077204 -0.03) (0.00616153616878 0.0633854971022 -0.03) (0.00638689482398 0.0645230994425 -0.03) (0.00661626068846 0.0656599006162 -0.03) (0.00684963091427 0.0667958865078 -0.03) (0.0070870026037 0.0679310430122 -0.03) (0.00732837280938 0.0690653560343 -0.03) (0.00757373853426 0.0701988114896 -0.03) (0.0078230967317 0.0713313953045 -0.03) (0.00807644430549 0.0724630934158 -0.03) (0.00833377810988 0.0735938917716 -0.03))
    polyLine 2 6 ((2.04325686157e-06 0.0011597074775 0) (8.17300207573e-06 0.00231940055521 0) (1.8389159531e-05 0.00347906483353 0) (3.26916023759e-05 0.00463868591319 0) (5.10801530208e-05 0.00579824939549 0) (7.35545831398e-05 0.00695774088242 0) (0.000100114613674 0.00811714597688 0) (0.000130759914833 0.00927645028282 0) (0.000165490106104 0.0104356394055 0) (0.00020430475625 0.0115946989515 0) (0.000247203383319 0.0127536145291 0) (0.000294185454651 0.0139123717484 0) (0.000345250386882 0.0150709562214 0) (0.00040039754595 0.0162293535621 0) (0.000459626247109 0.0173875493872 0) (0.00052293575493 0.0185455293156 0) (0.000590325283316 0.0197032789689 0) (0.000661793995508 0.0208607839717 0) (0.000737341004098 0.0220180299515 0) (0.000816965371038 0.0231750025391 0) (0.000900666107653 0.0243316873686 0) (0.000988442174653 0.0254880700779 0) (0.00108029248214 0.0266441363084 0) (0.00117621588964 0.0277998717055 0) (0.0012762112061 0.0289552619188 0) (0.00138027718989 0.0301102926021 0) (0.00148841254886 0.0312649494136 0) (0.00160061594032 0.0324192180163 0) (0.00171688597107 0.033573084078 0) (0.00183722119741 0.0347265332713 0) (0.00196162012517 0.0358795512742 0) (0.00209008120972 0.03703212377 0) (0.00222260285599 0.0381842364475 0) (0.00235918341851 0.0393358750011 0) (0.00249982120137 0.0404870251313 0) (0.00264451445832 0.0416376725446 0) (0.00279326139274 0.0427878029536 0) (0.00294606015768 0.0439374020775 0) (0.00310290885587 0.045086455642 0) (0.00326380553977 0.0462349493797 0) (0.00342874821156 0.0473828690299 0) (0.00359773482319 0.0485302003392 0) (0.00377076327639 0.0496769290615 0) (0.00394783142273 0.0508230409583 0) (0.00412893706358 0.0519685217984 0) (0.00431407795021 0.0531133573588 0) (0.00450325178377 0.0542575334244 0) (0.00469645621534 0.0554010357881 0) (0.00489368884594 0.0565438502515 0) (0.00509494722659 0.0576859626245 0) (0.00530022885833 0.0588273587257 0) (0.00550953119221 0.0599680243828 0) (0.00572285162938 0.0611079454324 0) (0.00594018752111 0.0622471077204 0) (0.00616153616878 0.0633854971022 0) (0.00638689482398 0.0645230994425 0) (0.00661626068846 0.0656599006162 0) (0.00684963091427 0.0667958865078 0) (0.0070870026037 0.0679310430122 0) (0.00732837280938 0.0690653560343 0) (0.00757373853426 0.0701988114896 0) (0.0078230967317 0.0713313953045 0) (0.00807644430549 0.0724630934158 0) (0.00833377810988 0.0735938917716 0))
    polyLine 1 5 ((-0.172986017025 0.00365504533218 -0.03) (-0.172957255808 0.00730998076993 -0.03) (-0.172909325156 0.0109646964583 -0.03) (-0.17284223213 0.014619082621 -0.03) (-0.172755986609 0.0182730296003 -0.03) (-0.172650601286 0.0219264278954 -0.03) (-0.172526091655 0.0255791682024 -0.03) (-0.172382476005 0.0292311414526 -0.03) (-0.172219775409 0.0328822388514 -0.03) (-0.172038013707 0.0365323519168 -0.03) (-0.171837217494 0.0401813725175 -0.03) (-0.171617416103 0.043829192911 -0.03) (-0.171378641585 0.0474757057806 -0.03) (-0.171120928691 0.0511208042732 -0.03) (-0.170844314848 0.0547643820355 -0.03) (-0.170548840137 0.0584063332506 -0.03) (-0.170234547269 0.0620465526738 -0.03) (-0.169901481556 0.0656849356678 -0.03) (-0.169549690887 0.0693213782377 -0.03) (-0.169179225694 0.0729557770652 -0.03) (-0.168790138925 0.0765880295421 -0.03) (-0.168382486009 0.0802180338036 -0.03) (-0.167956324825 0.0838456887608 -0.03))
    polyLine 3 7 ((-0.172986017025 0.00365504533218 0) (-0.172957255808 0.00730998076993 0) (-0.172909325156 0.0109646964583 0) (-0.17284223213 0.014619082621 0) (-0.172755986609 0.0182730296003 0) (-0.172650601286 0.0219264278954 0) (-0.172526091655 0.0255791682024 0) (-0.172382476005 0.0292311414526 0) (-0.172219775409 0.0328822388514 0) (-0.172038013707 0.0365323519168 0) (-0.171837217494 0.0401813725175 0) (-0.171617416103 0.043829192911 0) (-0.171378641585 0.0474757057806 0) (-0.171120928691 0.0511208042732 0) (-0.170844314848 0.0547643820355 0) (-0.170548840137 0.0584063332506 0) (-0.170234547269 0.0620465526738 0) (-0.169901481556 0.0656849356678 0) (-0.169549690887 0.0693213782377 0) (-0.169179225694 0.0729557770652 0) (-0.168790138925 0.0765880295421 0) (-0.168382486009 0.0802180338036 0) (-0.167956324825 0.0838456887608 0))
    polyLine 4 8 ((0.00859509494962 0.0747237763309 -0.03) (0.00886039158001 0.0758527330645 -0.03) (0.00912966470692 0.0769807479542 -0.03) (0.00940291098687 0.0781078069938 -0.03) (0.00968012702701 0.0792338961889 -0.03) (0.00996130938524 0.0803590015572 -0.03) (0.0102464545702 0.0814831091284 -0.03) (0.0105355590413 0.0826062049449 -0.03) (0.0108286192087 0.0837282750615 -0.03) (0.0111256314338 0.0848493055457 -0.03) (0.0114265920284 0.0859692824779 -0.03) (0.0117314972558 0.0870881919517 -0.03) (0.0120403433299 0.0882060200739 -0.03) (0.0123531264158 0.0893227529648 -0.03) (0.01266984263 0.090438376758 -0.03) (0.0129904880396 0.0915528776012 -0.03) (0.0133150586635 0.0926662416559 -0.03) (0.0136435504714 0.0937784550979 -0.03) (0.0139759593846 0.0948895041169 -0.03) (0.0143122812756 0.0959993749174 -0.03) (0.0146525119685 0.0971080537185 -0.03) (0.0149966472386 0.0982155267539 -0.03) (0.015344682813 0.0993217802724 -0.03) (0.01569661437 0.100426800538 -0.03) (0.0160524375401 0.10153057383 -0.03) (0.0164121479048 0.102633086443 -0.03) (0.0167757409979 0.103734324687 -0.03) (0.0171432123046 0.104834274889 -0.03) (0.0175145572622 0.105932923391 -0.03) (0.0178897712598 0.107030256551 -0.03) (0.0182688496385 0.108126260744 -0.03) (0.0186517876913 0.109220922362 -0.03) (0.0190385806633 0.110314227811 -0.03) (0.019429223752 0.111406163516 -0.03) (0.0198237121067 0.112496715921 -0.03) (0.0202220408292 0.113585871482 -0.03) (0.0206242049735 0.114673616677 -0.03) (0.0210301995462 0.115759937999 -0.03) (0.021440019506 0.11684482196 -0.03) (0.0218536597643 0.117928255089 -0.03) (0.0222711151852 0.119010223934 -0.03) (0.022692380585 0.120090715059 -0.03) (0.0231174507331 0.121169715048 -0.03) (0.0235463203515 0.122247210505 -0.03) (0.0239789841151 0.123323188049 -0.03) (0.0244154366515 0.124397634321 -0.03) (0.0248556725415 0.12547053598 -0.03) (0.0252996863187 0.126541879703 -0.03) (0.02574747247 0.127611652189 -0.03) (0.0261990254352 0.128679840154 -0.03) (0.0266543396076 0.129746430334 -0.03) (0.0271134093337 0.130811409486 -0.03) (0.0275762289134 0.131874764387 -0.03) (0.0280427925998 0.132936481833 -0.03) (0.0285130945998 0.133996548641 -0.03) (0.0289871290738 0.135054951648 -0.03) (0.0294648901358 0.136111677713 -0.03) (0.0299463718536 0.137166713714 -0.03) (0.0304315682487 0.138220046551 -0.03) (0.0309204732966 0.139271663146 -0.03) (0.0314130809267 0.14032155044 -0.03) (0.0319093850225 0.141369695398 -0.03) (0.0324093794213 0.142416085005 -0.03) (0.0329130579149 0.143460706268 -0.03))
    polyLine 6 10 ((0.00859509494962 0.0747237763309 0) (0.00886039158001 0.0758527330645 0) (0.00912966470692 0.0769807479542 0) (0.00940291098687 0.0781078069938 0) (0.00968012702701 0.0792338961889 0) (0.00996130938524 0.0803590015572 0) (0.0102464545702 0.0814831091284 0) (0.0105355590413 0.0826062049449 0) (0.0108286192087 0.0837282750615 0) (0.0111256314338 0.0848493055457 0) (0.0114265920284 0.0859692824779 0) (0.0117314972558 0.0870881919517 0) (0.0120403433299 0.0882060200739 0) (0.0123531264158 0.0893227529648 0) (0.01266984263 0.090438376758 0) (0.0129904880396 0.0915528776012 0) (0.0133150586635 0.0926662416559 0) (0.0136435504714 0.0937784550979 0) (0.0139759593846 0.0948895041169 0) (0.0143122812756 0.0959993749174 0) (0.0146525119685 0.0971080537185 0) (0.0149966472386 0.0982155267539 0) (0.015344682813 0.0993217802724 0) (0.01569661437 0.100426800538 0) (0.0160524375401 0.10153057383 0) (0.0164121479048 0.102633086443 0) (0.0167757409979 0.103734324687 0) (0.0171432123046 0.104834274889 0) (0.0175145572622 0.105932923391 0) (0.0178897712598 0.107030256551 0) (0.0182688496385 0.108126260744 0) (0.0186517876913 0.109220922362 0) (0.0190385806633 0.110314227811 0) (0.019429223752 0.111406163516 0) (0.0198237121067 0.112496715921 0) (0.0202220408292 0.113585871482 0) (0.0206242049735 0.114673616677 0) (0.0210301995462 0.115759937999 0) (0.021440019506 0.11684482196 0) (0.0218536597643 0.117928255089 0) (0.0222711151852 0.119010223934 0) (0.022692380585 0.120090715059 0) (0.0231174507331 0.121169715048 0) (0.0235463203515 0.122247210505 0) (0.0239789841151 0.123323188049 0) (0.0244154366515 0.124397634321 0) (0.0248556725415 0.12547053598 0) (0.0252996863187 0.126541879703 0) (0.02574747247 0.127611652189 0) (0.0261990254352 0.128679840154 0) (0.0266543396076 0.129746430334 0) (0.0271134093337 0.130811409486 0) (0.0275762289134 0.131874764387 0) (0.0280427925998 0.132936481833 0) (0.0285130945998 0.133996548641 0) (0.0289871290738 0.135054951648 0) (0.0294648901358 0.136111677713 0) (0.0299463718536 0.137166713714 0) (0.0304315682487 0.138220046551 0) (0.0309204732966 0.139271663146 0) (0.0314130809267 0.14032155044 0) (0.0319093850225 0.141369695398 0) (0.0324093794213 0.142416085005 0) (0.0329130579149 0.143460706268 0))
    polyLine 5 9 ((-0.167053609266 0.0910560530113 -0.03) (-0.166577559328 0.0946386198273 -0.03) (-0.16608363106 0.0982184998943 -0.03) (-0.165571891842 0.101795599416 -0.03) (-0.165042411185 0.105369825511 -0.03) (-0.164495260694 0.108941086243 -0.03) (-0.163930514025 0.112509290641 -0.03) (-0.163348246845 0.116074348726 -0.03) (-0.162748536789 0.119636171536 -0.03) (-0.162131463417 0.123194671147 -0.03) (-0.161497108172 0.126749760699 -0.03) (-0.160845554333 0.130301354411 -0.03) (-0.160176886971 0.133849367609 -0.03) (-0.159491192904 0.137393716738 -0.03) (-0.158788560649 0.14093431939 -0.03) (-0.158069080378 0.144471094315 -0.03) (-0.157332843868 0.14800396144 -0.03) (-0.156579944454 0.151532841888 -0.03) (-0.155810476985 0.155057657993 -0.03) (-0.155024537768 0.158578333312 -0.03) (-0.154222224527 0.162094792642 -0.03) (-0.15340363635 0.165606962033 -0.03) (-0.152568873643 0.169114768799 -0.03))
    polyLine 7 11 ((-0.167053609266 0.0910560530113 0) (-0.166577559328 0.0946386198273 0) (-0.16608363106 0.0982184998943 0) (-0.165571891842 0.101795599416 0) (-0.165042411185 0.105369825511 0) (-0.164495260694 0.108941086243 0) (-0.163930514025 0.112509290641 0) (-0.163348246845 0.116074348726 0) (-0.162748536789 0.119636171536 0) (-0.162131463417 0.123194671147 0) (-0.161497108172 0.126749760699 0) (-0.160845554333 0.130301354411 0) (-0.160176886971 0.133849367609 0) (-0.159491192904 0.137393716738 0) (-0.158788560649 0.14093431939 0) (-0.158069080378 0.144471094315 0) (-0.157332843868 0.14800396144 0) (-0.156579944454 0.151532841888 0) (-0.155810476985 0.155057657993 0) (-0.155024537768 0.158578333312 0) (-0.154222224527 0.162094792642 0) (-0.15340363635 0.165606962033 0) (-0.152568873643 0.169114768799 0))
    polyLine 8 12 ((0.0334204142493 0.144503546217 -0.03) (0.0339314421248 0.145544591902 -0.03) (0.034446135196 0.146583830398 -0.03) (0.0349644870722 0.1476212488 -0.03) (0.0354864913171 0.148656834227 -0.03) (0.0360121414491 0.14969057382 -0.03) (0.0365414309413 0.150722454744 -0.03) (0.0370743532218 0.151752464187 -0.03) (0.0376109016733 0.152780589358 -0.03) (0.0381510696336 0.153806817492 -0.03) (0.0386948503957 0.154831135846 -0.03) (0.0392422372075 0.155853531702 -0.03) (0.0397932232723 0.156873992365 -0.03) (0.0403478017487 0.157892505164 -0.03) (0.0409059657505 0.158909057453 -0.03) (0.0414677083472 0.159923636608 -0.03) (0.0420330225638 0.160936230034 -0.03) (0.0426019013809 0.161946825155 -0.03) (0.0431743377349 0.162955409425 -0.03) (0.043750324518 0.163961970319 -0.03) (0.0443298545784 0.16496649534 -0.03) (0.0449129207201 0.165968972014 -0.03) (0.0454995157034 0.166969387895 -0.03) (0.0460896322446 0.167967730559 -0.03) (0.0466832630165 0.168963987612 -0.03) (0.0472804006481 0.169958146682 -0.03) (0.0478810377248 0.170950195426 -0.03) (0.0484851667888 0.171940121526 -0.03) (0.0490927803387 0.172927912689 -0.03) (0.04970387083 0.173913556651 -0.03) (0.0503184306748 0.174897041173 -0.03) (0.0509364522423 0.175878354044 -0.03) (0.0515579278588 0.176857483079 -0.03) (0.0521828498075 0.177834416119 -0.03) (0.052811210329 0.178809141036 -0.03) (0.053443001621 0.179781645726 -0.03) (0.0540782158387 0.180751918113 -0.03) (0.0547168450949 0.181719946151 -0.03) (0.0553588814599 0.182685717819 -0.03) (0.0560043169617 0.183649221125 -0.03) (0.056653143586 0.184610444106 -0.03) (0.0573053532766 0.185569374827 -0.03) (0.0579609379351 0.186526001381 -0.03) (0.0586198894213 0.18748031189 -0.03) (0.0592821995532 0.188432294504 -0.03) (0.059947860107 0.189381937403 -0.03) (0.0606168628174 0.190329228795 -0.03) (0.0612891993776 0.191274156918 -0.03) (0.0619648614394 0.19221671004 -0.03) (0.0626438406131 0.193156876456 -0.03) (0.0633261284682 0.194094644493 -0.03) (0.0640117165328 0.195030002507 -0.03) (0.0647005962941 0.195962938883 -0.03) (0.0653927591986 0.196893442038 -0.03) (0.0660881966517 0.197821500419 -0.03) (0.0667869000185 0.1987471025 -0.03) (0.0674888606233 0.19967023679 -0.03) (0.06819406975 0.200590891827 -0.03) (0.0689025186423 0.201509056178 -0.03) (0.0696141985035 0.202424718443 -0.03) (0.0703291004968 0.203337867252 -0.03) (0.0710472157456 0.204248491268 -0.03) (0.0717685353332 0.205156579182 -0.03) (0.0724930503031 0.206062119721 -0.03))
    polyLine 10 14 ((0.0334204142493 0.144503546217 0) (0.0339314421248 0.145544591902 0) (0.034446135196 0.146583830398 0) (0.0349644870722 0.1476212488 0) (0.0354864913171 0.148656834227 0) (0.0360121414491 0.14969057382 0) (0.0365414309413 0.150722454744 0) (0.0370743532218 0.151752464187 0) (0.0376109016733 0.152780589358 0) (0.0381510696336 0.153806817492 0) (0.0386948503957 0.154831135846 0) (0.0392422372075 0.155853531702 0) (0.0397932232723 0.156873992365 0) (0.0403478017487 0.157892505164 0) (0.0409059657505 0.158909057453 0) (0.0414677083472 0.159923636608 0) (0.0420330225638 0.160936230034 0) (0.0426019013809 0.161946825155 0) (0.0431743377349 0.162955409425 0) (0.043750324518 0.163961970319 0) (0.0443298545784 0.16496649534 0) (0.0449129207201 0.165968972014 0) (0.0454995157034 0.166969387895 0) (0.0460896322446 0.167967730559 0) (0.0466832630165 0.168963987612 0) (0.0472804006481 0.169958146682 0) (0.0478810377248 0.170950195426 0) (0.0484851667888 0.171940121526 0) (0.0490927803387 0.172927912689 0) (0.04970387083 0.173913556651 0) (0.0503184306748 0.174897041173 0) (0.0509364522423 0.175878354044 0) (0.0515579278588 0.176857483079 0) (0.0521828498075 0.177834416119 0) (0.052811210329 0.178809141036 0) (0.053443001621 0.179781645726 0) (0.0540782158387 0.180751918113 0) (0.0547168450949 0.181719946151 0) (0.0553588814599 0.182685717819 0) (0.0560043169617 0.183649221125 0) (0.056653143586 0.184610444106 0) (0.0573053532766 0.185569374827 0) (0.0579609379351 0.186526001381 0) (0.0586198894213 0.18748031189 0) (0.0592821995532 0.188432294504 0) (0.059947860107 0.189381937403 0) (0.0606168628174 0.190329228795 0) (0.0612891993776 0.191274156918 0) (0.0619648614394 0.19221671004 0) (0.0626438406131 0.193156876456 0) (0.0633261284682 0.194094644493 0) (0.0640117165328 0.195030002507 0) (0.0647005962941 0.195962938883 0) (0.0653927591986 0.196893442038 0) (0.0660881966517 0.197821500419 0) (0.0667869000185 0.1987471025 0) (0.0674888606233 0.19967023679 0) (0.06819406975 0.200590891827 0) (0.0689025186423 0.201509056178 0) (0.0696141985035 0.202424718443 0) (0.0703291004968 0.203337867252 0) (0.0710472157456 0.204248491268 0) (0.0717685353332 0.205156579182 0) (0.0724930503031 0.206062119721 0))
    polyLine 9 13 ((-0.150870366486 0.176040511225 -0.03) (-0.150007513422 0.179458507267 -0.03) (-0.149129577277 0.18287206643 -0.03) (-0.148236657428 0.186281126696 -0.03) (-0.147328854189 0.189685627251 -0.03) (-0.146406268768 0.193085508503 -0.03) (-0.145469003226 0.196480712076 -0.03) (-0.144517160429 0.199871180824 -0.03) (-0.14355084401 0.203256858829 -0.03) (-0.142570158322 0.206637691407 -0.03) (-0.141575208399 0.210013625111 -0.03) (-0.140566099908 0.213384607733 -0.03) (-0.139542939112 0.216750588304 -0.03) (-0.138505832828 0.220111517098 -0.03) (-0.137454888383 0.223467345627 -0.03) (-0.136390213573 0.226818026648 -0.03) (-0.135311916625 0.230163514157 -0.03) (-0.134220106156 0.233503763387 -0.03) (-0.133114891131 0.236838730811 -0.03) (-0.131996380829 0.240168374135 -0.03) (-0.130864684799 0.243492652296 -0.03) (-0.129719912823 0.246811525461 -0.03) (-0.128562174883 0.250124955018 -0.03))
    polyLine 11 15 ((-0.150870366486 0.176040511225 0) (-0.150007513422 0.179458507267 0) (-0.149129577277 0.18287206643 0) (-0.148236657428 0.186281126696 0) (-0.147328854189 0.189685627251 0) (-0.146406268768 0.193085508503 0) (-0.145469003226 0.196480712076 0) (-0.144517160429 0.199871180824 0) (-0.14355084401 0.203256858829 0) (-0.142570158322 0.206637691407 0) (-0.141575208399 0.210013625111 0) (-0.140566099908 0.213384607733 0) (-0.139542939112 0.216750588304 0) (-0.138505832828 0.220111517098 0) (-0.137454888383 0.223467345627 0) (-0.136390213573 0.226818026648 0) (-0.135311916625 0.230163514157 0) (-0.134220106156 0.233503763387 0) (-0.133114891131 0.236838730811 0) (-0.131996380829 0.240168374135 0) (-0.130864684799 0.243492652296 0) (-0.129719912823 0.246811525461 0) (-0.128562174883 0.250124955018 0))
    polyLine 12 16 ((0.0732207516592 0.206965101639 -0.03) (0.0739516303658 0.207865513725 -0.03) (0.0746856773478 0.208763344798 -0.03) (0.0754228834908 0.209658583711 -0.03) (0.076163239641 0.210551219347 -0.03) (0.0769067366056 0.211441240623 -0.03) (0.0776533651529 0.212328636488 -0.03) (0.078403116012 0.213213395923 -0.03) (0.0791559798736 0.214095507942 -0.03) (0.0799119473895 0.214974961592 -0.03) (0.0806710091732 0.215851745954 -0.03) (0.0814331557994 0.21672585014 -0.03) (0.0821983778048 0.217597263298 -0.03) (0.082966665688 0.218465974606 -0.03) (0.0837380099091 0.219331973278 -0.03) (0.0845124008907 0.220195248562 -0.03) (0.0852898290174 0.221055789738 -0.03) (0.0860702846359 0.221913586122 -0.03) (0.0868537580557 0.222768627062 -0.03) (0.0876402395484 0.223620901941 -0.03) (0.0884297193487 0.224470400177 -0.03) (0.0892221876536 0.225317111223 -0.03) (0.0900176346234 0.226161024563 -0.03) (0.0908160503811 0.227002129721 -0.03) (0.0916174250131 0.227840416251 -0.03) (0.0924217485689 0.228675873746 -0.03) (0.0932290110613 0.229508491832 -0.03) (0.094039202467 0.23033826017 -0.03) (0.0948523127258 0.231165168457 -0.03) (0.0956683317416 0.231989206426 -0.03) (0.0964872493822 0.232810363844 -0.03) (0.0973090554792 0.233628630517 -0.03) (0.0981337398284 0.234443996283 -0.03) (0.0989612921901 0.235256451018 -0.03) (0.0997917022886 0.236065984635 -0.03) (0.100624959813 0.236872587081 -0.03) (0.101461054417 0.237676248342 -0.03) (0.102299975719 0.238476958437 -0.03) (0.103141713302 0.239274707426 -0.03) (0.103986256715 0.240069485403 -0.03) (0.104833595471 0.240861282498 -0.03) (0.105683719049 0.241650088881 -0.03) (0.106536616894 0.242435894758 -0.03) (0.107392278414 0.24321869037 -0.03) (0.108250692986 0.243998465999 -0.03) (0.109111849951 0.244775211961 -0.03) (0.109975738616 0.245548918613 -0.03) (0.110842348254 0.246319576348 -0.03) (0.111711668104 0.247087175595 -0.03) (0.112583687374 0.247851706825 -0.03) (0.113458395235 0.248613160545 -0.03) (0.114335780826 0.249371527298 -0.03) (0.115215833253 0.25012679767 -0.03) (0.116098541588 0.250878962282 -0.03) (0.116983894871 0.251628011795 -0.03) (0.117871882109 0.252373936907 -0.03) (0.118762492276 0.253116728357 -0.03) (0.119655714314 0.253856376922 -0.03) (0.120551537131 0.254592873418 -0.03) (0.121449949604 0.2553262087 -0.03) (0.122350940579 0.256056373663 -0.03) (0.123254498867 0.256783359239 -0.03) (0.124160613249 0.257507156402 -0.03) (0.125069272475 0.258227756166 -0.03))
    polyLine 14 18 ((0.0732207516592 0.206965101639 0) (0.0739516303658 0.207865513725 0) (0.0746856773478 0.208763344798 0) (0.0754228834908 0.209658583711 0) (0.076163239641 0.210551219347 0) (0.0769067366056 0.211441240623 0) (0.0776533651529 0.212328636488 0) (0.078403116012 0.213213395923 0) (0.0791559798736 0.214095507942 0) (0.0799119473895 0.214974961592 0) (0.0806710091732 0.215851745954 0) (0.0814331557994 0.21672585014 0) (0.0821983778048 0.217597263298 0) (0.082966665688 0.218465974606 0) (0.0837380099091 0.219331973278 0) (0.0845124008907 0.220195248562 0) (0.0852898290174 0.221055789738 0) (0.0860702846359 0.221913586122 0) (0.0868537580557 0.222768627062 0) (0.0876402395484 0.223620901941 0) (0.0884297193487 0.224470400177 0) (0.0892221876536 0.225317111223 0) (0.0900176346234 0.226161024563 0) (0.0908160503811 0.227002129721 0) (0.0916174250131 0.227840416251 0) (0.0924217485689 0.228675873746 0) (0.0932290110613 0.229508491832 0) (0.094039202467 0.23033826017 0) (0.0948523127258 0.231165168457 0) (0.0956683317416 0.231989206426 0) (0.0964872493822 0.232810363844 0) (0.0973090554792 0.233628630517 0) (0.0981337398284 0.234443996283 0) (0.0989612921901 0.235256451018 0) (0.0997917022886 0.236065984635 0) (0.100624959813 0.236872587081 0) (0.101461054417 0.237676248342 0) (0.102299975719 0.238476958437 0) (0.103141713302 0.239274707426 0) (0.103986256715 0.240069485403 0) (0.104833595471 0.240861282498 0) (0.105683719049 0.241650088881 0) (0.106536616894 0.242435894758 0) (0.107392278414 0.24321869037 0) (0.108250692986 0.243998465999 0) (0.109111849951 0.244775211961 0) (0.109975738616 0.245548918613 0) (0.110842348254 0.246319576348 0) (0.111711668104 0.247087175595 0) (0.112583687374 0.247851706825 0) (0.113458395235 0.248613160545 0) (0.114335780826 0.249371527298 0) (0.115215833253 0.25012679767 0) (0.116098541588 0.250878962282 0) (0.116983894871 0.251628011795 0) (0.117871882109 0.252373936907 0) (0.118762492276 0.253116728357 0) (0.119655714314 0.253856376922 0) (0.120551537131 0.254592873418 0) (0.121449949604 0.2553262087 0) (0.122350940579 0.256056373663 0) (0.123254498867 0.256783359239 0) (0.124160613249 0.257507156402 0) (0.125069272475 0.258227756166 0))
    polyLine 13 17 ((-0.126251258975 0.256615996751 -0.03) (-0.125099195307 0.259793933264 -0.03) (-0.123935488964 0.262966682825 -0.03) (-0.122760238812 0.266134216179 -0.03) (-0.121573543708 0.269296505095 -0.03) (-0.120375502468 0.272453522367 -0.03) (-0.119166213843 0.275605241803 -0.03) (-0.117945776489 0.278751638222 -0.03) (-0.116714288946 0.281892687443 -0.03) (-0.115471849605 0.285028366282 -0.03) (-0.114218556689 0.288158652543 -0.03) (-0.112954508226 0.29128352501 -0.03) (-0.111679802024 0.294402963441 -0.03) (-0.110394535649 0.297516948558 -0.03) (-0.1090988064 0.300625462039 -0.03) (-0.107792711291 0.30372848651 -0.03) (-0.106476347023 0.306826005538 -0.03) (-0.105149809967 0.309918003618 -0.03) (-0.103813196141 0.313004466169 -0.03) (-0.102466601193 0.316085379521 -0.03) (-0.101110120377 0.319160730907 -0.03) (-0.0997438485348 0.322230508453 -0.03) (-0.098367880081 0.32529470117 -0.03))
    polyLine 15 19 ((-0.126251258975 0.256615996751 0) (-0.125099195307 0.259793933264 0) (-0.123935488964 0.262966682825 0) (-0.122760238812 0.266134216179 0) (-0.121573543708 0.269296505095 0) (-0.120375502468 0.272453522367 0) (-0.119166213843 0.275605241803 0) (-0.117945776489 0.278751638222 0) (-0.116714288946 0.281892687443 0) (-0.115471849605 0.285028366282 0) (-0.114218556689 0.288158652543 0) (-0.112954508226 0.29128352501 0) (-0.111679802024 0.294402963441 0) (-0.110394535649 0.297516948558 0) (-0.1090988064 0.300625462039 0) (-0.107792711291 0.30372848651 0) (-0.106476347023 0.306826005538 0) (-0.105149809967 0.309918003618 0) (-0.103813196141 0.313004466169 0) (-0.102466601193 0.316085379521 0) (-0.101110120377 0.319160730907 0) (-0.0997438485348 0.322230508453 0) (-0.098367880081 0.32529470117 0))
    polyLine 16 20 ((0.125980465262 0.258945149582 -0.03) (0.126894180296 0.259659327743 -0.03) (0.127810406231 0.260370281781 -0.03) (0.128729131691 0.261078002869 -0.03) (0.129650345268 0.261782482218 -0.03) (0.130574035524 0.262483711082 -0.03) (0.131500190989 0.263181680753 -0.03) (0.132428800165 0.263876382565 -0.03) (0.133359851519 0.264567807892 -0.03) (0.134293333493 0.265255948149 -0.03) (0.135229234495 0.265940794791 -0.03) (0.136167542904 0.266622339315 -0.03) (0.137108247069 0.267300573258 -0.03) (0.13805133531 0.267975488199 -0.03) (0.138996795918 0.268647075757 -0.03) (0.139944617151 0.269315327594 -0.03) (0.140894787242 0.269980235412 -0.03) (0.141847294393 0.270641790955 -0.03) (0.142802126776 0.271299986009 -0.03) (0.143759272535 0.2719548124 -0.03) (0.144718719787 0.272606261999 -0.03) (0.145680456617 0.273254326716 -0.03) (0.146644471084 0.273898998505 -0.03) (0.147610751219 0.274540269361 -0.03) (0.148579285022 0.275178131321 -0.03) (0.149550060469 0.275812576464 -0.03) (0.150523065505 0.276443596915 -0.03) (0.151498288048 0.277071184836 -0.03) (0.15247571599 0.277695332436 -0.03) (0.153455337194 0.278316031965 -0.03) (0.154437139496 0.278933275715 -0.03) (0.155421110706 0.279547056023 -0.03) (0.156407238606 0.280157365267 -0.03) (0.157395510951 0.280764195869 -0.03) (0.158385915471 0.281367540295 -0.03) (0.159378439867 0.281967391052 -0.03) (0.160373071816 0.282563740693 -0.03) (0.161369798968 0.283156581814 -0.03) (0.162368608946 0.283745907051 -0.03) (0.163369489348 0.284331709089 -0.03) (0.164372427748 0.284913980654 -0.03) (0.165377411691 0.285492714515 -0.03) (0.1663844287 0.286067903487 -0.03) (0.167393466269 0.286639540427 -0.03) (0.168404511871 0.287207618238 -0.03) (0.169417552951 0.287772129866 -0.03) (0.170432576931 0.288333068302 -0.03) (0.171449571207 0.288890426581 -0.03) (0.172468523152 0.289444197781 -0.03) (0.173489420113 0.289994375028 -0.03) (0.174512249414 0.290540951489 -0.03) (0.175536998356 0.291083920378 -0.03) (0.176563654214 0.291623274954 -0.03) (0.17759220424 0.292159008518 -0.03) (0.178622635664 0.292691114419 -0.03) (0.179654935689 0.29321958605 -0.03) (0.1806890915 0.293744416849 -0.03) (0.181725090254 0.2942656003 -0.03) (0.182762919089 0.29478312993 -0.03) (0.183802565117 0.295296999315 -0.03) (0.18484401543 0.295807202072 -0.03) (0.185887257097 0.296313731868 -0.03) (0.186932277162 0.296816582413 -0.03) (0.187979062652 0.297315747463 -0.03))
    polyLine 18 22 ((0.125980465262 0.258945149582 0) (0.126894180296 0.259659327743 0) (0.127810406231 0.260370281781 0) (0.128729131691 0.261078002869 0) (0.129650345268 0.261782482218 0) (0.130574035524 0.262483711082 0) (0.131500190989 0.263181680753 0) (0.132428800165 0.263876382565 0) (0.133359851519 0.264567807892 0) (0.134293333493 0.265255948149 0) (0.135229234495 0.265940794791 0) (0.136167542904 0.266622339315 0) (0.137108247069 0.267300573258 0) (0.13805133531 0.267975488199 0) (0.138996795918 0.268647075757 0) (0.139944617151 0.269315327594 0) (0.140894787242 0.269980235412 0) (0.141847294393 0.270641790955 0) (0.142802126776 0.271299986009 0) (0.143759272535 0.2719548124 0) (0.144718719787 0.272606261999 0) (0.145680456617 0.273254326716 0) (0.146644471084 0.273898998505 0) (0.147610751219 0.274540269361 0) (0.148579285022 0.275178131321 0) (0.149550060469 0.275812576464 0) (0.150523065505 0.276443596915 0) (0.151498288048 0.277071184836 0) (0.15247571599 0.277695332436 0) (0.153455337194 0.278316031965 0) (0.154437139496 0.278933275715 0) (0.155421110706 0.279547056023 0) (0.156407238606 0.280157365267 0) (0.157395510951 0.280764195869 0) (0.158385915471 0.281367540295 0) (0.159378439867 0.281967391052 0) (0.160373071816 0.282563740693 0) (0.161369798968 0.283156581814 0) (0.162368608946 0.283745907051 0) (0.163369489348 0.284331709089 0) (0.164372427748 0.284913980654 0) (0.165377411691 0.285492714515 0) (0.1663844287 0.286067903487 0) (0.167393466269 0.286639540427 0) (0.168404511871 0.287207618238 0) (0.169417552951 0.287772129866 0) (0.170432576931 0.288333068302 0) (0.171449571207 0.288890426581 0) (0.172468523152 0.289444197781 0) (0.173489420113 0.289994375028 0) (0.174512249414 0.290540951489 0) (0.175536998356 0.291083920378 0) (0.176563654214 0.291623274954 0) (0.17759220424 0.292159008518 0) (0.178622635664 0.292691114419 0) (0.179654935689 0.29321958605 0) (0.1806890915 0.293744416849 0) (0.181725090254 0.2942656003 0) (0.182762919089 0.29478312993 0) (0.183802565117 0.295296999315 0) (0.18484401543 0.295807202072 0) (0.185887257097 0.296313731868 0) (0.186932277162 0.296816582413 0) (0.187979062652 0.297315747463 0))
    polyLine 17 21 ((-0.0956651488054 0.331236463276 -0.03) (-0.0943395872053 0.334114622975 -0.03) (-0.093005702127 0.33698777162 -0.03) (-0.0916635711087 0.339855903454 -0.03) (-0.0903132712695 0.342719013377 -0.03) (-0.0889548792976 0.345577096938 -0.03) (-0.0875884714399 0.348430150326 -0.03) (-0.0862141234911 0.351278170362 -0.03) (-0.0848319107836 0.354121154494 -0.03) (-0.0834419081782 0.356959100785 -0.03) (-0.0820441900541 0.359792007906 -0.03) (-0.0806388303001 0.362619875132 -0.03) (-0.0792259023057 0.365442702328 -0.03) (-0.0778054789531 0.368260489945 -0.03) (-0.0763776326086 0.37107323901 -0.03) (-0.0749424351153 0.373880951119 -0.03) (-0.0734999577855 0.376683628429 -0.03) (-0.0720502713937 0.379481273649 -0.03) (-0.0705934461696 0.382273890034 -0.03) (-0.0691295517922 0.385061481373 -0.03) (-0.0676586573829 0.387844051984 -0.03) (-0.0661808315004 0.390621606708 -0.03) (-0.0646961421347 0.393394150896 -0.03))
    polyLine 19 23 ((-0.0956651488054 0.331236463276 0) (-0.0943395872053 0.334114622975 0) (-0.093005702127 0.33698777162 0) (-0.0916635711087 0.339855903454 0) (-0.0903132712695 0.342719013377 0) (-0.0889548792976 0.345577096938 0) (-0.0875884714399 0.348430150326 0) (-0.0862141234911 0.351278170362 0) (-0.0848319107836 0.354121154494 0) (-0.0834419081782 0.356959100785 0) (-0.0820441900541 0.359792007906 0) (-0.0806388303001 0.362619875132 0) (-0.0792259023057 0.365442702328 0) (-0.0778054789531 0.368260489945 0) (-0.0763776326086 0.37107323901 0) (-0.0749424351153 0.373880951119 0) (-0.0734999577855 0.376683628429 0) (-0.0720502713937 0.379481273649 0) (-0.0705934461696 0.382273890034 0) (-0.0691295517922 0.385061481373 0) (-0.0676586573829 0.387844051984 0) (-0.0661808315004 0.390621606708 0) (-0.0646961421347 0.393394150896 0))
    polyLine 20 24 ((0.189027600568 0.297811220819 -0.03) (0.19007787789 0.298302996331 -0.03) (0.191129881579 0.298791067891 -0.03) (0.19218359857 0.29927542944 -0.03) (0.193239015782 0.299756074963 -0.03) (0.194296120107 0.300232998492 -0.03) (0.195354898422 0.300706194105 -0.03) (0.196415337579 0.301175655927 -0.03) (0.197477424412 0.301641378129 -0.03) (0.198541145731 0.302103354927 -0.03) (0.199606488331 0.302561580586 -0.03) (0.200673438981 0.303016049416 -0.03) (0.201741984435 0.303466755774 -0.03) (0.202812111425 0.303913694063 -0.03) (0.203883806663 0.304356858734 -0.03) (0.204955485777 0.304797807317 -0.03) (0.206027164892 0.305238755899 -0.03) (0.207098844007 0.305679704481 -0.03) (0.208170523121 0.306120653064 -0.03) (0.209242202236 0.306561601646 -0.03) (0.210313881351 0.307002550228 -0.03) (0.211385560465 0.307443498811 -0.03) (0.21245723958 0.307884447393 -0.03) (0.213528918694 0.308325395975 -0.03) (0.214600597809 0.308766344558 -0.03) (0.215672276924 0.30920729314 -0.03) (0.216743956038 0.309648241722 -0.03) (0.217815635153 0.310089190305 -0.03) (0.218887314268 0.310530138887 -0.03) (0.219958993382 0.310971087469 -0.03) (0.221030672497 0.311412036052 -0.03) (0.222102351612 0.311852984634 -0.03) (0.223174030726 0.312293933216 -0.03) (0.224245709841 0.312734881799 -0.03) (0.225317388956 0.313175830381 -0.03) (0.22638906807 0.313616778963 -0.03) (0.227460747185 0.314057727546 -0.03) (0.2285324263 0.314498676128 -0.03) (0.229604105414 0.31493962471 -0.03) (0.230675784529 0.315380573293 -0.03) (0.231747463644 0.315821521875 -0.03) (0.232819142758 0.316262470457 -0.03) (0.233890821873 0.316703419039 -0.03) (0.234962500988 0.317144367622 -0.03) (0.236034180102 0.317585316204 -0.03) (0.237105859217 0.318026264786 -0.03) (0.238177538332 0.318467213369 -0.03) (0.239249217446 0.318908161951 -0.03) (0.240320896561 0.319349110533 -0.03) (0.241392575676 0.319790059116 -0.03) (0.24246425479 0.320231007698 -0.03) (0.243535933905 0.32067195628 -0.03) (0.24460761302 0.321112904863 -0.03) (0.245679292134 0.321553853445 -0.03) (0.246750971249 0.321994802027 -0.03) (0.247822650364 0.32243575061 -0.03) (0.248894329478 0.322876699192 -0.03) (0.249966008593 0.323317647774 -0.03) (0.251037687708 0.323758596357 -0.03) (0.252109366822 0.324199544939 -0.03) (0.253181045937 0.324640493521 -0.03) (0.254252725052 0.325081442104 -0.03) (0.255324404166 0.325522390686 -0.03) (0.256396083281 0.325963339268 -0.03))
    polyLine 22 26 ((0.189027600568 0.297811220819 0) (0.19007787789 0.298302996331 0) (0.191129881579 0.298791067891 0) (0.19218359857 0.29927542944 0) (0.193239015782 0.299756074963 0) (0.194296120107 0.300232998492 0) (0.195354898422 0.300706194105 0) (0.196415337579 0.301175655927 0) (0.197477424412 0.301641378129 0) (0.198541145731 0.302103354927 0) (0.199606488331 0.302561580586 0) (0.200673438981 0.303016049416 0) (0.201741984435 0.303466755774 0) (0.202812111425 0.303913694063 0) (0.203883806663 0.304356858734 0) (0.204955485777 0.304797807317 0) (0.206027164892 0.305238755899 0) (0.207098844007 0.305679704481 0) (0.208170523121 0.306120653064 0) (0.209242202236 0.306561601646 0) (0.210313881351 0.307002550228 0) (0.211385560465 0.307443498811 0) (0.21245723958 0.307884447393 0) (0.213528918694 0.308325395975 0) (0.214600597809 0.308766344558 0) (0.215672276924 0.30920729314 0) (0.216743956038 0.309648241722 0) (0.217815635153 0.310089190305 0) (0.218887314268 0.310530138887 0) (0.219958993382 0.310971087469 0) (0.221030672497 0.311412036052 0) (0.222102351612 0.311852984634 0) (0.223174030726 0.312293933216 0) (0.224245709841 0.312734881799 0) (0.225317388956 0.313175830381 0) (0.22638906807 0.313616778963 0) (0.227460747185 0.314057727546 0) (0.2285324263 0.314498676128 0) (0.229604105414 0.31493962471 0) (0.230675784529 0.315380573293 0) (0.231747463644 0.315821521875 0) (0.232819142758 0.316262470457 0) (0.233890821873 0.316703419039 0) (0.234962500988 0.317144367622 0) (0.236034180102 0.317585316204 0) (0.237105859217 0.318026264786 0) (0.238177538332 0.318467213369 0) (0.239249217446 0.318908161951 0) (0.240320896561 0.319349110533 0) (0.241392575676 0.319790059116 0) (0.24246425479 0.320231007698 0) (0.243535933905 0.32067195628 0) (0.24460761302 0.321112904863 0) (0.245679292134 0.321553853445 0) (0.246750971249 0.321994802027 0) (0.247822650364 0.32243575061 0) (0.248894329478 0.322876699192 0) (0.249966008593 0.323317647774 0) (0.251037687708 0.323758596357 0) (0.252109366822 0.324199544939 0) (0.253181045937 0.324640493521 0) (0.254252725052 0.325081442104 0) (0.255324404166 0.325522390686 0) (0.256396083281 0.325963339268 0))
    polyLine 21 25 ((-0.0617320242559 0.398877205861 -0.03) (-0.06025295286 0.401587898354 -0.03) (-0.0587675048945 0.404293774823 -0.03) (-0.0572757421874 0.406994842654 -0.03) (-0.0557777260104 0.409691109665 -0.03) (-0.0542735170758 0.412382584103 -0.03) (-0.0527631755331 0.415069274634 -0.03) (-0.0512467609661 0.41775119034 -0.03) (-0.0497243323906 0.420428340705 -0.03) (-0.0481959482517 0.423100735617 -0.03) (-0.0466616664212 0.425768385355 -0.03) (-0.0451215441964 0.428431300581 -0.03) (-0.0435756382972 0.431089492341 -0.03) (-0.0420240048656 0.433742972048 -0.03) (-0.040466699463 0.436391751485 -0.03) (-0.0389037770701 0.43903584279 -0.03) (-0.037335292085 0.441675258456 -0.03) (-0.0357612983225 0.44431001132 -0.03) (-0.0341818490134 0.44694011456 -0.03) (-0.0325969968042 0.449565581686 -0.03) (-0.0310067937559 0.452186426534 -0.03) (-0.0294112913445 0.454802663262 -0.03) (-0.0278105404607 0.45741430634 -0.03))
    polyLine 23 27 ((-0.0617320242559 0.398877205861 0) (-0.06025295286 0.401587898354 0) (-0.0587675048945 0.404293774823 0) (-0.0572757421874 0.406994842654 0) (-0.0557777260104 0.409691109665 0) (-0.0542735170758 0.412382584103 0) (-0.0527631755331 0.415069274634 0) (-0.0512467609661 0.41775119034 0) (-0.0497243323906 0.420428340705 0) (-0.0481959482517 0.423100735617 0) (-0.0466616664212 0.425768385355 0) (-0.0451215441964 0.428431300581 0) (-0.0435756382972 0.431089492341 0) (-0.0420240048656 0.433742972048 0) (-0.040466699463 0.436391751485 0) (-0.0389037770701 0.43903584279 0) (-0.037335292085 0.441675258456 0) (-0.0357612983225 0.44431001132 0) (-0.0341818490134 0.44694011456 0) (-0.0325969968042 0.449565581686 0) (-0.0310067937559 0.452186426534 0) (-0.0294112913445 0.454802663262 0) (-0.0278105404607 0.45741430634 0))
    polyLine 24 28 ((0.257467762396 0.326404287851 -0.03) (0.25853944151 0.326845236433 -0.03) (0.259611120625 0.327286185015 -0.03) (0.26068279974 0.327727133598 -0.03) (0.261754478854 0.32816808218 -0.03) (0.262826157969 0.328609030762 -0.03) (0.263897837084 0.329049979345 -0.03) (0.264969516198 0.329490927927 -0.03) (0.266041195313 0.329931876509 -0.03) (0.267112874428 0.330372825092 -0.03) (0.268184553542 0.330813773674 -0.03) (0.269256232657 0.331254722256 -0.03) (0.270327911772 0.331695670839 -0.03) (0.271399590886 0.332136619421 -0.03) (0.272471270001 0.332577568003 -0.03) (0.273542949116 0.333018516586 -0.03) (0.27461462823 0.333459465168 -0.03) (0.275686307345 0.33390041375 -0.03) (0.27675798646 0.334341362333 -0.03) (0.277829665574 0.334782310915 -0.03) (0.278901344689 0.335223259497 -0.03) (0.279973023804 0.33566420808 -0.03) (0.281044702918 0.336105156662 -0.03) (0.282116382033 0.336546105244 -0.03) (0.283188061148 0.336987053827 -0.03) (0.284259740262 0.337428002409 -0.03) (0.285331419377 0.337868950991 -0.03) (0.286403098491 0.338309899574 -0.03) (0.287474777606 0.338750848156 -0.03) (0.288546456721 0.339191796738 -0.03) (0.289618135835 0.339632745321 -0.03) (0.29068981495 0.340073693903 -0.03) (0.291761494065 0.340514642485 -0.03) (0.292833173179 0.340955591068 -0.03) (0.293904852294 0.34139653965 -0.03) (0.294976531409 0.341837488232 -0.03) (0.296048210523 0.342278436815 -0.03) (0.297119889638 0.342719385397 -0.03) (0.298191568753 0.343160333979 -0.03) (0.299263247867 0.343601282562 -0.03) (0.300334926982 0.344042231144 -0.03) (0.301406606097 0.344483179726 -0.03) (0.302478285211 0.344924128309 -0.03) (0.303549964326 0.345365076891 -0.03) (0.304621643441 0.345806025473 -0.03) (0.305693322555 0.346246974056 -0.03) (0.30676500167 0.346687922638 -0.03) (0.307836680785 0.34712887122 -0.03) (0.308908359899 0.347569819803 -0.03) (0.309980039014 0.348010768385 -0.03) (0.311051718129 0.348451716967 -0.03) (0.312123397243 0.34889266555 -0.03) (0.313195076358 0.349333614132 -0.03) (0.314266755473 0.349774562714 -0.03) (0.315338434587 0.350215511297 -0.03) (0.316410113702 0.350656459879 -0.03) (0.317481792817 0.351097408461 -0.03) (0.318553471931 0.351538357044 -0.03) (0.319625151046 0.351979305626 -0.03) (0.320696830161 0.352420254208 -0.03) (0.321768509275 0.352861202791 -0.03) (0.32284018839 0.353302151373 -0.03) (0.323911867505 0.353743099955 -0.03) (0.324983546619 0.354184048538 -0.03))
    polyLine 26 30 ((0.257467762396 0.326404287851 0) (0.25853944151 0.326845236433 0) (0.259611120625 0.327286185015 0) (0.26068279974 0.327727133598 0) (0.261754478854 0.32816808218 0) (0.262826157969 0.328609030762 0) (0.263897837084 0.329049979345 0) (0.264969516198 0.329490927927 0) (0.266041195313 0.329931876509 0) (0.267112874428 0.330372825092 0) (0.268184553542 0.330813773674 0) (0.269256232657 0.331254722256 0) (0.270327911772 0.331695670839 0) (0.271399590886 0.332136619421 0) (0.272471270001 0.332577568003 0) (0.273542949116 0.333018516586 0) (0.27461462823 0.333459465168 0) (0.275686307345 0.33390041375 0) (0.27675798646 0.334341362333 0) (0.277829665574 0.334782310915 0) (0.278901344689 0.335223259497 0) (0.279973023804 0.33566420808 0) (0.281044702918 0.336105156662 0) (0.282116382033 0.336546105244 0) (0.283188061148 0.336987053827 0) (0.284259740262 0.337428002409 0) (0.285331419377 0.337868950991 0) (0.286403098491 0.338309899574 0) (0.287474777606 0.338750848156 0) (0.288546456721 0.339191796738 0) (0.289618135835 0.339632745321 0) (0.29068981495 0.340073693903 0) (0.291761494065 0.340514642485 0) (0.292833173179 0.340955591068 0) (0.293904852294 0.34139653965 0) (0.294976531409 0.341837488232 0) (0.296048210523 0.342278436815 0) (0.297119889638 0.342719385397 0) (0.298191568753 0.343160333979 0) (0.299263247867 0.343601282562 0) (0.300334926982 0.344042231144 0) (0.301406606097 0.344483179726 0) (0.302478285211 0.344924128309 0) (0.303549964326 0.345365076891 0) (0.304621643441 0.345806025473 0) (0.305693322555 0.346246974056 0) (0.30676500167 0.346687922638 0) (0.307836680785 0.34712887122 0) (0.308908359899 0.347569819803 0) (0.309980039014 0.348010768385 0) (0.311051718129 0.348451716967 0) (0.312123397243 0.34889266555 0) (0.313195076358 0.349333614132 0) (0.314266755473 0.349774562714 0) (0.315338434587 0.350215511297 0) (0.316410113702 0.350656459879 0) (0.317481792817 0.351097408461 0) (0.318553471931 0.351538357044 0) (0.319625151046 0.351979305626 0) (0.320696830161 0.352420254208 0) (0.321768509275 0.352861202791 0) (0.32284018839 0.353302151373 0) (0.323911867505 0.353743099955 0) (0.324983546619 0.354184048538 0))
    polyLine 25 29 ((-0.0243782395068 0.462970615687 -0.03) (-0.0225453457697 0.465914020963 -0.03) (-0.0207059807106 0.468851609268 -0.03) (-0.0188602138785 0.47178340396 -0.03) (-0.017008113861 0.474709428852 -0.03) (-0.0151497482859 0.477629708204 -0.03) (-0.013285183823 0.480544266707 -0.03) (-0.0114144861865 0.483453129478 -0.03) (-0.00953772013726 0.486356322049 -0.03) (-0.00765494948558 0.489253870354 -0.03) (-0.00576623709384 0.492145800722 -0.03) (-0.00387164487966 0.495032139864 -0.03) (-0.00197123381916 0.497912914868 -0.03) (-6.5063950348e-05 0.500788153187 -0.03) (0.00184680562327 0.503657882629 -0.03) (0.00376431672887 0.506522131349 -0.03) (0.00568741212042 0.50938092784 -0.03) (0.00761603547452 0.512234300924 -0.03) (0.00955013138621 0.515082279743 -0.03) (0.0114896453645 0.51792489375 -0.03) (0.013434523828 0.520762172704 -0.03) (0.0153847141002 0.523594146657 -0.03) (0.0173401644044 0.526420845949 -0.03))
    polyLine 27 31 ((-0.0243782395068 0.462970615687 0) (-0.0225453457697 0.465914020963 0) (-0.0207059807106 0.468851609268 0) (-0.0188602138785 0.47178340396 0) (-0.017008113861 0.474709428852 0) (-0.0151497482859 0.477629708204 0) (-0.013285183823 0.480544266707 0) (-0.0114144861865 0.483453129478 0) (-0.00953772013726 0.486356322049 0) (-0.00765494948558 0.489253870354 0) (-0.00576623709384 0.492145800722 0) (-0.00387164487966 0.495032139864 0) (-0.00197123381916 0.497912914868 0) (-6.5063950348e-05 0.500788153187 0) (0.00184680562327 0.503657882629 0) (0.00376431672887 0.506522131349 0) (0.00568741212042 0.50938092784 0) (0.00761603547452 0.512234300924 0) (0.00955013138621 0.515082279743 0) (0.0114896453645 0.51792489375 0) (0.013434523828 0.520762172704 0) (0.0153847141002 0.523594146657 0) (0.0173401644044 0.526420845949 0))
    polyLine 28 32 ((0.326055225734 0.35462499712 -0.03) (0.327126904849 0.355065945702 -0.03) (0.328198583963 0.355506894285 -0.03) (0.329270263078 0.355947842867 -0.03) (0.330341942193 0.356388791449 -0.03) (0.331413621307 0.356829740032 -0.03) (0.332485300422 0.357270688614 -0.03) (0.333556979537 0.357711637196 -0.03) (0.334628658651 0.358152585779 -0.03) (0.335700337766 0.358593534361 -0.03) (0.336772016881 0.359034482943 -0.03) (0.337843695995 0.359475431526 -0.03) (0.33891537511 0.359916380108 -0.03) (0.339987054225 0.36035732869 -0.03) (0.341058733339 0.360798277273 -0.03) (0.342130412454 0.361239225855 -0.03) (0.343202091569 0.361680174437 -0.03) (0.344273770683 0.36212112302 -0.03) (0.345345449798 0.362562071602 -0.03) (0.346417128913 0.363003020184 -0.03) (0.347488808027 0.363443968767 -0.03) (0.348560487142 0.363884917349 -0.03) (0.349632166257 0.364325865931 -0.03) (0.350703845371 0.364766814514 -0.03) (0.351775524486 0.365207763096 -0.03) (0.352847203601 0.365648711678 -0.03) (0.353918882715 0.366089660261 -0.03) (0.35499056183 0.366530608843 -0.03) (0.356062240944 0.366971557425 -0.03) (0.357133920059 0.367412506008 -0.03) (0.358205599174 0.36785345459 -0.03) (0.359277278288 0.368294403172 -0.03) (0.360348957403 0.368735351755 -0.03) (0.361420636518 0.369176300337 -0.03) (0.362492315632 0.369617248919 -0.03) (0.363563994747 0.370058197502 -0.03) (0.364635673862 0.370499146084 -0.03) (0.365707352976 0.370940094666 -0.03) (0.366779032091 0.371381043249 -0.03) (0.367850711206 0.371821991831 -0.03) (0.36892239032 0.372262940413 -0.03) (0.369994069435 0.372703888996 -0.03) (0.37106574855 0.373144837578 -0.03) (0.372137427664 0.37358578616 -0.03) (0.373209106779 0.374026734743 -0.03) (0.374280785894 0.374467683325 -0.03) (0.375352465008 0.374908631907 -0.03) (0.376424144123 0.375349580489 -0.03) (0.377495823238 0.375790529072 -0.03) (0.378567502352 0.376231477654 -0.03) (0.379639181467 0.376672426236 -0.03) (0.380710860582 0.377113374819 -0.03) (0.381782539696 0.377554323401 -0.03) (0.382854218811 0.377995271983 -0.03) (0.383925897926 0.378436220566 -0.03) (0.38499757704 0.378877169148 -0.03) (0.386069256155 0.37931811773 -0.03) (0.38714093527 0.379759066313 -0.03) (0.388212614384 0.380200014895 -0.03) (0.389284293499 0.380640963477 -0.03) (0.390355972614 0.38108191206 -0.03) (0.391427651728 0.381522860642 -0.03) (0.392499330843 0.381963809224 -0.03) (0.393571009958 0.382404757807 -0.03))
    polyLine 30 34 ((0.326055225734 0.35462499712 0) (0.327126904849 0.355065945702 0) (0.328198583963 0.355506894285 0) (0.329270263078 0.355947842867 0) (0.330341942193 0.356388791449 0) (0.331413621307 0.356829740032 0) (0.332485300422 0.357270688614 0) (0.333556979537 0.357711637196 0) (0.334628658651 0.358152585779 0) (0.335700337766 0.358593534361 0) (0.336772016881 0.359034482943 0) (0.337843695995 0.359475431526 0) (0.33891537511 0.359916380108 0) (0.339987054225 0.36035732869 0) (0.341058733339 0.360798277273 0) (0.342130412454 0.361239225855 0) (0.343202091569 0.361680174437 0) (0.344273770683 0.36212112302 0) (0.345345449798 0.362562071602 0) (0.346417128913 0.363003020184 0) (0.347488808027 0.363443968767 0) (0.348560487142 0.363884917349 0) (0.349632166257 0.364325865931 0) (0.350703845371 0.364766814514 0) (0.351775524486 0.365207763096 0) (0.352847203601 0.365648711678 0) (0.353918882715 0.366089660261 0) (0.35499056183 0.366530608843 0) (0.356062240944 0.366971557425 0) (0.357133920059 0.367412506008 0) (0.358205599174 0.36785345459 0) (0.359277278288 0.368294403172 0) (0.360348957403 0.368735351755 0) (0.361420636518 0.369176300337 0) (0.362492315632 0.369617248919 0) (0.363563994747 0.370058197502 0) (0.364635673862 0.370499146084 0) (0.365707352976 0.370940094666 0) (0.366779032091 0.371381043249 0) (0.367850711206 0.371821991831 0) (0.36892239032 0.372262940413 0) (0.369994069435 0.372703888996 0) (0.37106574855 0.373144837578 0) (0.372137427664 0.37358578616 0) (0.373209106779 0.374026734743 0) (0.374280785894 0.374467683325 0) (0.375352465008 0.374908631907 0) (0.376424144123 0.375349580489 0) (0.377495823238 0.375790529072 0) (0.378567502352 0.376231477654 0) (0.379639181467 0.376672426236 0) (0.380710860582 0.377113374819 0) (0.381782539696 0.377554323401 0) (0.382854218811 0.377995271983 0) (0.383925897926 0.378436220566 0) (0.38499757704 0.378877169148 0) (0.386069256155 0.37931811773 0) (0.38714093527 0.379759066313 0) (0.388212614384 0.380200014895 0) (0.389284293499 0.380640963477 0) (0.390355972614 0.38108191206 0) (0.391427651728 0.381522860642 0) (0.392499330843 0.381963809224 0) (0.393571009958 0.382404757807 0))
    polyLine 29 33 ((0.0215339645233 0.532440543939 -0.03) (0.0237736886984 0.535632107365 -0.03) (0.0260199259868 0.538817037575 -0.03) (0.0282726074438 0.541995381076 -0.03) (0.0305316655676 0.545167184775 -0.03) (0.032797034289 0.548332495963 -0.03) (0.0350686489612 0.551491362302 -0.03) (0.0373464463485 0.554643831814 -0.03) (0.0396303646164 0.557789952867 -0.03) (0.0419203433204 0.560929774166 -0.03) (0.0442163233947 0.564063344737 -0.03) (0.0465182471419 0.56719071392 -0.03) (0.0488260582213 0.570311931353 -0.03) (0.0511397016381 0.573427046968 -0.03) (0.0534591237318 0.576536110973 -0.03) (0.0557842721656 0.579639173846 -0.03) (0.0581150959144 0.582736286326 -0.03) (0.0604515452537 0.5858274994 -0.03) (0.0627935717487 0.588912864295 -0.03) (0.0651411282421 0.59199243247 -0.03) (0.0674941688436 0.595066255605 -0.03) (0.0698526489181 0.598134385593 -0.03) (0.0722165250743 0.601196874533 -0.03))
    polyLine 31 35 ((0.0215339645233 0.532440543939 0) (0.0237736886984 0.535632107365 0) (0.0260199259868 0.538817037575 0) (0.0282726074438 0.541995381076 0) (0.0305316655676 0.545167184775 0) (0.032797034289 0.548332495963 0) (0.0350686489612 0.551491362302 0) (0.0373464463485 0.554643831814 0) (0.0396303646164 0.557789952867 0) (0.0419203433204 0.560929774166 0) (0.0442163233947 0.564063344737 0) (0.0465182471419 0.56719071392 0) (0.0488260582213 0.570311931353 0) (0.0511397016381 0.573427046968 0) (0.0534591237318 0.576536110973 0) (0.0557842721656 0.579639173846 0) (0.0581150959144 0.582736286326 0) (0.0604515452537 0.5858274994 0) (0.0627935717487 0.588912864295 0) (0.0651411282421 0.59199243247 0) (0.0674941688436 0.595066255605 0) (0.0698526489181 0.598134385593 0) (0.0722165250743 0.601196874533 0))
    polyLine 32 36 ((0.394642689072 0.382845706389 -0.03) (0.395714368187 0.383286654971 -0.03) (0.396786047302 0.383727603554 -0.03) (0.397857726416 0.384168552136 -0.03) (0.398929405531 0.384609500718 -0.03) (0.400001084646 0.385050449301 -0.03) (0.40107276376 0.385491397883 -0.03) (0.402144442875 0.385932346465 -0.03) (0.40321612199 0.386373295048 -0.03) (0.404287801104 0.38681424363 -0.03) (0.405359480219 0.387255192212 -0.03) (0.406431159334 0.387696140795 -0.03) (0.407502838448 0.388137089377 -0.03) (0.408574517563 0.388578037959 -0.03) (0.409646196678 0.389018986542 -0.03) (0.410717875792 0.389459935124 -0.03) (0.411789554907 0.389900883706 -0.03) (0.412861234022 0.390341832289 -0.03) (0.413932913136 0.390782780871 -0.03) (0.415004592251 0.391223729453 -0.03) (0.416076271366 0.391664678036 -0.03) (0.41714795048 0.392105626618 -0.03) (0.418219629595 0.3925465752 -0.03) (0.41929130871 0.392987523783 -0.03) (0.420362987824 0.393428472365 -0.03) (0.421434666939 0.393869420947 -0.03) (0.422506346054 0.39431036953 -0.03) (0.423578025168 0.394751318112 -0.03) (0.424649704283 0.395192266694 -0.03) (0.425721383398 0.395633215277 -0.03) (0.426793062512 0.396074163859 -0.03) (0.427864741627 0.396515112441 -0.03) (0.428936420741 0.396956061024 -0.03) (0.430008099856 0.397397009606 -0.03) (0.431079778971 0.397837958188 -0.03) (0.432151458085 0.398278906771 -0.03) (0.4332231372 0.398719855353 -0.03) (0.434294816315 0.399160803935 -0.03) (0.435366495429 0.399601752518 -0.03) (0.436438174544 0.4000427011 -0.03) (0.437509853659 0.400483649682 -0.03) (0.438581532773 0.400924598265 -0.03) (0.439653211888 0.401365546847 -0.03) (0.440724891003 0.401806495429 -0.03) (0.441796570117 0.402247444012 -0.03) (0.442868249232 0.402688392594 -0.03) (0.443939928347 0.403129341176 -0.03) (0.445011607461 0.403570289759 -0.03) (0.446083286576 0.404011238341 -0.03) (0.447154965691 0.404452186923 -0.03) (0.448226644805 0.404893135506 -0.03) (0.44929832392 0.405334084088 -0.03) (0.450370003035 0.40577503267 -0.03) (0.451441682149 0.406215981253 -0.03) (0.452513361264 0.406656929835 -0.03) (0.453585040379 0.407097878417 -0.03) (0.454656719493 0.407538827 -0.03) (0.455728398608 0.407979775582 -0.03) (0.456800077723 0.408420724164 -0.03) (0.457871756837 0.408861672747 -0.03) (0.458943435952 0.409302621329 -0.03) (0.460015115067 0.409743569911 -0.03) (0.461086794181 0.410184518494 -0.03) (0.462158473296 0.410625467076 -0.03))
    polyLine 34 38 ((0.394642689072 0.382845706389 0) (0.395714368187 0.383286654971 0) (0.396786047302 0.383727603554 0) (0.397857726416 0.384168552136 0) (0.398929405531 0.384609500718 0) (0.400001084646 0.385050449301 0) (0.40107276376 0.385491397883 0) (0.402144442875 0.385932346465 0) (0.40321612199 0.386373295048 0) (0.404287801104 0.38681424363 0) (0.405359480219 0.387255192212 0) (0.406431159334 0.387696140795 0) (0.407502838448 0.388137089377 0) (0.408574517563 0.388578037959 0) (0.409646196678 0.389018986542 0) (0.410717875792 0.389459935124 0) (0.411789554907 0.389900883706 0) (0.412861234022 0.390341832289 0) (0.413932913136 0.390782780871 0) (0.415004592251 0.391223729453 0) (0.416076271366 0.391664678036 0) (0.41714795048 0.392105626618 0) (0.418219629595 0.3925465752 0) (0.41929130871 0.392987523783 0) (0.420362987824 0.393428472365 0) (0.421434666939 0.393869420947 0) (0.422506346054 0.39431036953 0) (0.423578025168 0.394751318112 0) (0.424649704283 0.395192266694 0) (0.425721383398 0.395633215277 0) (0.426793062512 0.396074163859 0) (0.427864741627 0.396515112441 0) (0.428936420741 0.396956061024 0) (0.430008099856 0.397397009606 0) (0.431079778971 0.397837958188 0) (0.432151458085 0.398278906771 0) (0.4332231372 0.398719855353 0) (0.434294816315 0.399160803935 0) (0.435366495429 0.399601752518 0) (0.436438174544 0.4000427011 0) (0.437509853659 0.400483649682 0) (0.438581532773 0.400924598265 0) (0.439653211888 0.401365546847 0) (0.440724891003 0.401806495429 0) (0.441796570117 0.402247444012 0) (0.442868249232 0.402688392594 0) (0.443939928347 0.403129341176 0) (0.445011607461 0.403570289759 0) (0.446083286576 0.404011238341 0) (0.447154965691 0.404452186923 0) (0.448226644805 0.404893135506 0) (0.44929832392 0.405334084088 0) (0.450370003035 0.40577503267 0) (0.451441682149 0.406215981253 0) (0.452513361264 0.406656929835 0) (0.453585040379 0.407097878417 0) (0.454656719493 0.407538827 0) (0.455728398608 0.407979775582 0) (0.456800077723 0.408420724164 0) (0.457871756837 0.408861672747 0) (0.458943435952 0.409302621329 0) (0.460015115067 0.409743569911 0) (0.461086794181 0.410184518494 0) (0.462158473296 0.410625467076 0))
    polyLine 33 37 ((0.0772624027274 0.607692472576 -0.03) (0.0799457425479 0.611124213239 -0.03) (0.0826357197794 0.614549072405 -0.03) (0.0853322814984 0.617967126034 -0.03) (0.0880353766728 0.621378450338 -0.03) (0.0907449561425 0.62478312177 -0.03) (0.0934609725992 0.628181217013 -0.03) (0.0961833805666 0.631572812966 -0.03) (0.0989121363807 0.634957986738 -0.03) (0.101647198171 0.638336815632 -0.03) (0.10438852584 0.641709377138 -0.03) (0.107136081044 0.645075748924 -0.03) (0.109889827179 0.648436008823 -0.03) (0.112649729352 0.651790234831 -0.03) (0.115415754373 0.655138505091 -0.03) (0.11818787073 0.658480897891 -0.03) (0.120966048574 0.661817491652 -0.03) (0.123750259701 0.665148364924 -0.03) (0.126540477531 0.668473596376 -0.03) (0.129336677096 0.671793264792 -0.03) (0.13213883502 0.675107449063 -0.03) (0.1349469295 0.678416228181 -0.03) (0.137760940294 0.681719681236 -0.03))
    polyLine 35 39 ((0.0772624027274 0.607692472576 0) (0.0799457425479 0.611124213239 0) (0.0826357197794 0.614549072405 0) (0.0853322814984 0.617967126034 0) (0.0880353766728 0.621378450338 0) (0.0907449561425 0.62478312177 0) (0.0934609725992 0.628181217013 0) (0.0961833805666 0.631572812966 0) (0.0989121363807 0.634957986738 0) (0.101647198171 0.638336815632 0) (0.10438852584 0.641709377138 0) (0.107136081044 0.645075748924 0) (0.109889827179 0.648436008823 0) (0.112649729352 0.651790234831 0) (0.115415754373 0.655138505091 0) (0.11818787073 0.658480897891 0) (0.120966048574 0.661817491652 0) (0.123750259701 0.665148364924 0) (0.126540477531 0.668473596376 0) (0.129336677096 0.671793264792 0) (0.13213883502 0.675107449063 0) (0.1349469295 0.678416228181 0) (0.137760940294 0.681719681236 0))
    polyLine 36 40 ((0.463230152411 0.411066415658 -0.03) (0.464301831525 0.411507364241 -0.03) (0.46537351064 0.411948312823 -0.03) (0.466445189755 0.412389261405 -0.03) (0.467516868869 0.412830209988 -0.03) (0.468588547984 0.41327115857 -0.03) (0.469660227099 0.413712107152 -0.03) (0.470731906213 0.414153055735 -0.03) (0.471803585328 0.414594004317 -0.03) (0.472875264443 0.415034952899 -0.03) (0.473946943557 0.415475901482 -0.03) (0.475018622672 0.415916850064 -0.03) (0.476090301787 0.416357798646 -0.03) (0.477161980901 0.416798747229 -0.03) (0.478233660016 0.417239695811 -0.03) (0.479305339131 0.417680644393 -0.03) (0.480377018245 0.418121592976 -0.03) (0.48144869736 0.418562541558 -0.03) (0.482520376475 0.41900349014 -0.03) (0.483592055589 0.419444438723 -0.03) (0.484663734704 0.419885387305 -0.03) (0.485735413819 0.420326335887 -0.03) (0.486807092933 0.42076728447 -0.03) (0.487878772048 0.421208233052 -0.03) (0.488950451163 0.421649181634 -0.03) (0.490022130277 0.422090130217 -0.03) (0.491093809392 0.422531078799 -0.03) (0.492165488507 0.422972027381 -0.03) (0.493237167621 0.423412975964 -0.03) (0.494308846736 0.423853924546 -0.03) (0.495380525851 0.424294873128 -0.03) (0.496452204965 0.424735821711 -0.03) (0.49752388408 0.425176770293 -0.03) (0.498595563195 0.425617718875 -0.03) (0.499667242309 0.426058667458 -0.03) (0.500738921424 0.42649961604 -0.03) (0.501810600538 0.426940564622 -0.03) (0.502882279653 0.427381513205 -0.03) (0.503953958768 0.427822461787 -0.03) (0.505025637882 0.428263410369 -0.03) (0.506097316997 0.428704358952 -0.03) (0.507168996112 0.429145307534 -0.03) (0.508240675226 0.429586256116 -0.03) (0.509312354341 0.430027204699 -0.03) (0.510384033456 0.430468153281 -0.03) (0.51145571257 0.430909101863 -0.03) (0.512527391685 0.431350050446 -0.03) (0.5135990708 0.431790999028 -0.03) (0.514670749914 0.43223194761 -0.03) (0.515742429029 0.432672896193 -0.03) (0.516814108144 0.433113844775 -0.03) (0.517885787258 0.433554793357 -0.03) (0.518957466373 0.433995741939 -0.03) (0.520029145488 0.434436690522 -0.03) (0.521100824602 0.434877639104 -0.03) (0.522172503717 0.435318587686 -0.03) (0.523244182832 0.435759536269 -0.03) (0.524315861946 0.436200484851 -0.03) (0.525387541061 0.436641433433 -0.03) (0.526459220176 0.437082382016 -0.03) (0.52753089929 0.437523330598 -0.03) (0.528602578405 0.43796427918 -0.03) (0.52967425752 0.438405227763 -0.03) (0.530745936634 0.438846176345 -0.03))
    polyLine 38 42 ((0.463230152411 0.411066415658 0) (0.464301831525 0.411507364241 0) (0.46537351064 0.411948312823 0) (0.466445189755 0.412389261405 0) (0.467516868869 0.412830209988 0) (0.468588547984 0.41327115857 0) (0.469660227099 0.413712107152 0) (0.470731906213 0.414153055735 0) (0.471803585328 0.414594004317 0) (0.472875264443 0.415034952899 0) (0.473946943557 0.415475901482 0) (0.475018622672 0.415916850064 0) (0.476090301787 0.416357798646 0) (0.477161980901 0.416798747229 0) (0.478233660016 0.417239695811 0) (0.479305339131 0.417680644393 0) (0.480377018245 0.418121592976 0) (0.48144869736 0.418562541558 0) (0.482520376475 0.41900349014 0) (0.483592055589 0.419444438723 0) (0.484663734704 0.419885387305 0) (0.485735413819 0.420326335887 0) (0.486807092933 0.42076728447 0) (0.487878772048 0.421208233052 0) (0.488950451163 0.421649181634 0) (0.490022130277 0.422090130217 0) (0.491093809392 0.422531078799 0) (0.492165488507 0.422972027381 0) (0.493237167621 0.423412975964 0) (0.494308846736 0.423853924546 0) (0.495380525851 0.424294873128 0) (0.496452204965 0.424735821711 0) (0.49752388408 0.425176770293 0) (0.498595563195 0.425617718875 0) (0.499667242309 0.426058667458 0) (0.500738921424 0.42649961604 0) (0.501810600538 0.426940564622 0) (0.502882279653 0.427381513205 0) (0.503953958768 0.427822461787 0) (0.505025637882 0.428263410369 0) (0.506097316997 0.428704358952 0) (0.507168996112 0.429145307534 0) (0.508240675226 0.429586256116 0) (0.509312354341 0.430027204699 0) (0.510384033456 0.430468153281 0) (0.51145571257 0.430909101863 0) (0.512527391685 0.431350050446 0) (0.5135990708 0.431790999028 0) (0.514670749914 0.43223194761 0) (0.515742429029 0.432672896193 0) (0.516814108144 0.433113844775 0) (0.517885787258 0.433554793357 0) (0.518957466373 0.433995741939 0) (0.520029145488 0.434436690522 0) (0.521100824602 0.434877639104 0) (0.522172503717 0.435318587686 0) (0.523244182832 0.435759536269 0) (0.524315861946 0.436200484851 0) (0.525387541061 0.436641433433 0) (0.526459220176 0.437082382016 0) (0.52753089929 0.437523330598 0) (0.528602578405 0.43796427918 0) (0.52967425752 0.438405227763 0) (0.530745936634 0.438846176345 0))
    polyLine 37 41 ((0.1437248886 0.688681052596 -0.03) (0.146876184965 0.692337931377 -0.03) (0.150034718632 0.695988633123 -0.03) (0.153200472695 0.699633267313 -0.03) (0.156373432485 0.703271943534 -0.03) (0.159553585546 0.706904771466 -0.03) (0.162740921602 0.710531860883 -0.03) (0.165935432545 0.714153321646 -0.03) (0.169137112401 0.717769263697 -0.03) (0.172345957314 0.721379797059 -0.03) (0.17556196552 0.724985031829 -0.03) (0.178785137327 0.728585078175 -0.03) (0.182015475093 0.732180046337 -0.03) (0.185252983204 0.735770046621 -0.03) (0.188497668058 0.739355189398 -0.03) (0.19174953804 0.742935585106 -0.03) (0.195008603505 0.746511344244 -0.03) (0.198274876763 0.750082577376 -0.03) (0.201548372054 0.753649395126 -0.03) (0.204829105536 0.757211908184 -0.03) (0.208117095267 0.760770227302 -0.03) (0.211412361186 0.764324463297 -0.03) (0.2147149251 0.767874727053 -0.03))
    polyLine 39 43 ((0.1437248886 0.688681052596 0) (0.146876184965 0.692337931377 0) (0.150034718632 0.695988633123 0) (0.153200472695 0.699633267313 0) (0.156373432485 0.703271943534 0) (0.159553585546 0.706904771466 0) (0.162740921602 0.710531860883 0) (0.165935432545 0.714153321646 0) (0.169137112401 0.717769263697 0) (0.172345957314 0.721379797059 0) (0.17556196552 0.724985031829 0) (0.178785137327 0.728585078175 0) (0.182015475093 0.732180046337 0) (0.185252983204 0.735770046621 0) (0.188497668058 0.739355189398 0) (0.19174953804 0.742935585106 0) (0.195008603505 0.746511344244 0) (0.198274876763 0.750082577376 0) (0.201548372054 0.753649395126 0) (0.204829105536 0.757211908184 0) (0.208117095267 0.760770227302 0) (0.211412361186 0.764324463297 0) (0.2147149251 0.767874727053 0))
    polyLine 40 44 ((0.531817615749 0.439287124927 -0.03) (0.532889294864 0.43972807351 -0.03) (0.533960973978 0.440169022092 -0.03) (0.535032653093 0.440609970674 -0.03) (0.536104332208 0.441050919257 -0.03) (0.537176011322 0.441491867839 -0.03) (0.538247690437 0.441932816421 -0.03) (0.539319369552 0.442373765004 -0.03) (0.540391048666 0.442814713586 -0.03) (0.541462727781 0.443255662168 -0.03) (0.542534406896 0.443696610751 -0.03) (0.54360608601 0.444137559333 -0.03) (0.544677765125 0.444578507915 -0.03) (0.54574944424 0.445019456498 -0.03) (0.546821123354 0.44546040508 -0.03) (0.547892802469 0.445901353662 -0.03) (0.548964481584 0.446342302245 -0.03) (0.550036160698 0.446783250827 -0.03) (0.551107839813 0.447224199409 -0.03) (0.552179518928 0.447665147992 -0.03) (0.553251198042 0.448106096574 -0.03) (0.554322877157 0.448547045156 -0.03) (0.555394556272 0.448987993739 -0.03) (0.556466235386 0.449428942321 -0.03) (0.557537914501 0.449869890903 -0.03) (0.558609593616 0.450310839486 -0.03) (0.55968127273 0.450751788068 -0.03) (0.560752951845 0.45119273665 -0.03) (0.56182463096 0.451633685233 -0.03) (0.562896310074 0.452074633815 -0.03) (0.563967989189 0.452515582397 -0.03) (0.565039668304 0.45295653098 -0.03) (0.566111347418 0.453397479562 -0.03) (0.567183026533 0.453838428144 -0.03) (0.568254705648 0.454279376727 -0.03) (0.569326384762 0.454720325309 -0.03) (0.570398063877 0.455161273891 -0.03) (0.571469742992 0.455602222474 -0.03) (0.572541422106 0.456043171056 -0.03) (0.573613101221 0.456484119638 -0.03) (0.574684780335 0.456925068221 -0.03) (0.57575645945 0.457366016803 -0.03) (0.576828138565 0.457806965385 -0.03) (0.577899817679 0.458247913968 -0.03) (0.578971496794 0.45868886255 -0.03) (0.580043175909 0.459129811132 -0.03) (0.581114855023 0.459570759715 -0.03) (0.582186534138 0.460011708297 -0.03) (0.583258213253 0.460452656879 -0.03) (0.584329892367 0.460893605462 -0.03) (0.585401571482 0.461334554044 -0.03) (0.586473250597 0.461775502626 -0.03) (0.587544929711 0.462216451209 -0.03) (0.588616608826 0.462657399791 -0.03) (0.589688287941 0.463098348373 -0.03) (0.590759967055 0.463539296956 -0.03) (0.59183164617 0.463980245538 -0.03) (0.592903325285 0.46442119412 -0.03) (0.593975004399 0.464862142703 -0.03) (0.595046683514 0.465303091285 -0.03) (0.596118362629 0.465744039867 -0.03) (0.597190041743 0.46618498845 -0.03) (0.598261720858 0.466625937032 -0.03) (0.599333399973 0.467066885614 -0.03))
    polyLine 42 46 ((0.531817615749 0.439287124927 0) (0.532889294864 0.43972807351 0) (0.533960973978 0.440169022092 0) (0.535032653093 0.440609970674 0) (0.536104332208 0.441050919257 0) (0.537176011322 0.441491867839 0) (0.538247690437 0.441932816421 0) (0.539319369552 0.442373765004 0) (0.540391048666 0.442814713586 0) (0.541462727781 0.443255662168 0) (0.542534406896 0.443696610751 0) (0.54360608601 0.444137559333 0) (0.544677765125 0.444578507915 0) (0.54574944424 0.445019456498 0) (0.546821123354 0.44546040508 0) (0.547892802469 0.445901353662 0) (0.548964481584 0.446342302245 0) (0.550036160698 0.446783250827 0) (0.551107839813 0.447224199409 0) (0.552179518928 0.447665147992 0) (0.553251198042 0.448106096574 0) (0.554322877157 0.448547045156 0) (0.555394556272 0.448987993739 0) (0.556466235386 0.449428942321 0) (0.557537914501 0.449869890903 0) (0.558609593616 0.450310839486 0) (0.55968127273 0.450751788068 0) (0.560752951845 0.45119273665 0) (0.56182463096 0.451633685233 0) (0.562896310074 0.452074633815 0) (0.563967989189 0.452515582397 0) (0.565039668304 0.45295653098 0) (0.566111347418 0.453397479562 0) (0.567183026533 0.453838428144 0) (0.568254705648 0.454279376727 0) (0.569326384762 0.454720325309 0) (0.570398063877 0.455161273891 0) (0.571469742992 0.455602222474 0) (0.572541422106 0.456043171056 0) (0.573613101221 0.456484119638 0) (0.574684780335 0.456925068221 0) (0.57575645945 0.457366016803 0) (0.576828138565 0.457806965385 0) (0.577899817679 0.458247913968 0) (0.578971496794 0.45868886255 0) (0.580043175909 0.459129811132 0) (0.581114855023 0.459570759715 0) (0.582186534138 0.460011708297 0) (0.583258213253 0.460452656879 0) (0.584329892367 0.460893605462 0) (0.585401571482 0.461334554044 0) (0.586473250597 0.461775502626 0) (0.587544929711 0.462216451209 0) (0.588616608826 0.462657399791 0) (0.589688287941 0.463098348373 0) (0.590759967055 0.463539296956 0) (0.59183164617 0.463980245538 0) (0.592903325285 0.46442119412 0) (0.593975004399 0.464862142703 0) (0.595046683514 0.465303091285 0) (0.596118362629 0.465744039867 0) (0.597190041743 0.46618498845 0) (0.598261720858 0.466625937032 0) (0.599333399973 0.467066885614 0))
    polyLine 41 45 ((0.221645286223 0.775287056255 -0.03) (0.225274547468 0.77914866102 -0.03) (0.228912632576 0.783006088308 -0.03) (0.232559582267 0.786859482725 -0.03) (0.236215439783 0.79070898899 -0.03) (0.239880250873 0.794554751946 -0.03) (0.243554063774 0.798396916562 -0.03) (0.247236929192 0.802235627941 -0.03) (0.25092890029 0.806071031327 -0.03) (0.254630032672 0.809903272113 -0.03) (0.258340384366 0.813732495849 -0.03) (0.262060015816 0.817558848248 -0.03) (0.265788989863 0.821382475201 -0.03) (0.26952737174 0.825203522778 -0.03) (0.273275229058 0.829022137244 -0.03) (0.277032631796 0.832838465068 -0.03) (0.280799652294 0.836652652931 -0.03) (0.284576365243 0.84046484774 -0.03) (0.288362847681 0.844275196637 -0.03) (0.292159178981 0.848083847014 -0.03) (0.295965440852 0.851890946522 -0.03) (0.299781717332 0.855696643083 -0.03) (0.303608094781 0.859501084908 -0.03))
    polyLine 43 47 ((0.221645286223 0.775287056255 0) (0.225274547468 0.77914866102 0) (0.228912632576 0.783006088308 0) (0.232559582267 0.786859482725 0) (0.236215439783 0.79070898899 0) (0.239880250873 0.794554751946 0) (0.243554063774 0.798396916562 0) (0.247236929192 0.802235627941 0) (0.25092890029 0.806071031327 0) (0.254630032672 0.809903272113 0) (0.258340384366 0.813732495849 0) (0.262060015816 0.817558848248 0) (0.265788989863 0.821382475201 0) (0.26952737174 0.825203522778 0) (0.273275229058 0.829022137244 0) (0.277032631796 0.832838465068 0) (0.280799652294 0.836652652931 0) (0.284576365243 0.84046484774 0) (0.288362847681 0.844275196637 0) (0.292159178981 0.848083847014 0) (0.295965440852 0.851890946522 0) (0.299781717332 0.855696643083 0) (0.303608094781 0.859501084908 0))
    polyLine 44 48 ((0.600405079087 0.467507834197 -0.03) (0.601476758202 0.467948782779 -0.03) (0.602548437317 0.468389731361 -0.03) (0.603620116431 0.468830679944 -0.03) (0.604691795546 0.469271628526 -0.03) (0.605763474661 0.469712577108 -0.03) (0.606835153775 0.470153525691 -0.03) (0.60790683289 0.470594474273 -0.03) (0.608978512005 0.471035422855 -0.03) (0.610050191119 0.471476371438 -0.03) (0.611121870234 0.47191732002 -0.03) (0.612193549349 0.472358268602 -0.03) (0.613265228463 0.472799217185 -0.03) (0.614336907578 0.473240165767 -0.03) (0.615408586693 0.473681114349 -0.03) (0.616480265807 0.474122062932 -0.03) (0.617551944922 0.474563011514 -0.03) (0.618623624037 0.475003960096 -0.03) (0.619695303151 0.475444908679 -0.03) (0.620766982266 0.475885857261 -0.03) (0.621838661381 0.476326805843 -0.03) (0.622910340495 0.476767754426 -0.03) (0.62398201961 0.477208703008 -0.03) (0.625053698725 0.47764965159 -0.03) (0.626125377839 0.478090600173 -0.03) (0.627197056954 0.478531548755 -0.03) (0.628268736069 0.478972497337 -0.03) (0.629340415183 0.47941344592 -0.03) (0.630412094298 0.479854394502 -0.03) (0.631483773413 0.480295343084 -0.03) (0.632555452527 0.480736291667 -0.03) (0.633627131642 0.481177240249 -0.03) (0.634698810757 0.481618188831 -0.03) (0.635770489871 0.482059137414 -0.03) (0.636842168986 0.482500085996 -0.03) (0.637913848101 0.482941034578 -0.03) (0.638985527215 0.483381983161 -0.03) (0.64005720633 0.483822931743 -0.03) (0.641128885445 0.484263880325 -0.03) (0.642200564559 0.484704828908 -0.03) (0.643272243674 0.48514577749 -0.03) (0.644343922789 0.485586726072 -0.03) (0.645415601903 0.486027674655 -0.03) (0.646487281018 0.486468623237 -0.03) (0.647558960132 0.486909571819 -0.03) (0.648630639247 0.487350520402 -0.03) (0.649702318362 0.487791468984 -0.03) (0.650773997476 0.488232417566 -0.03) (0.651845676591 0.488673366149 -0.03) (0.652917355706 0.489114314731 -0.03) (0.65398903482 0.489555263313 -0.03) (0.655060713935 0.489996211896 -0.03) (0.65613239305 0.490437160478 -0.03) (0.657204072164 0.49087810906 -0.03) (0.658275751279 0.491319057643 -0.03) (0.659347430394 0.491760006225 -0.03) (0.660419109508 0.492200954807 -0.03) (0.661490788623 0.492641903389 -0.03) (0.662562467738 0.493082851972 -0.03) (0.663634146852 0.493523800554 -0.03) (0.664705825967 0.493964749136 -0.03) (0.665777505082 0.494405697719 -0.03) (0.666849184196 0.494846646301 -0.03) (0.667920863311 0.495287594883 -0.03) (0.668992542426 0.495728543466 -0.03))
    polyLine 46 50 ((0.600405079087 0.467507834197 0) (0.601476758202 0.467948782779 0) (0.602548437317 0.468389731361 0) (0.603620116431 0.468830679944 0) (0.604691795546 0.469271628526 0) (0.605763474661 0.469712577108 0) (0.606835153775 0.470153525691 0) (0.60790683289 0.470594474273 0) (0.608978512005 0.471035422855 0) (0.610050191119 0.471476371438 0) (0.611121870234 0.47191732002 0) (0.612193549349 0.472358268602 0) (0.613265228463 0.472799217185 0) (0.614336907578 0.473240165767 0) (0.615408586693 0.473681114349 0) (0.616480265807 0.474122062932 0) (0.617551944922 0.474563011514 0) (0.618623624037 0.475003960096 0) (0.619695303151 0.475444908679 0) (0.620766982266 0.475885857261 0) (0.621838661381 0.476326805843 0) (0.622910340495 0.476767754426 0) (0.62398201961 0.477208703008 0) (0.625053698725 0.47764965159 0) (0.626125377839 0.478090600173 0) (0.627197056954 0.478531548755 0) (0.628268736069 0.478972497337 0) (0.629340415183 0.47941344592 0) (0.630412094298 0.479854394502 0) (0.631483773413 0.480295343084 0) (0.632555452527 0.480736291667 0) (0.633627131642 0.481177240249 0) (0.634698810757 0.481618188831 0) (0.635770489871 0.482059137414 0) (0.636842168986 0.482500085996 0) (0.637913848101 0.482941034578 0) (0.638985527215 0.483381983161 0) (0.64005720633 0.483822931743 0) (0.641128885445 0.484263880325 0) (0.642200564559 0.484704828908 0) (0.643272243674 0.48514577749 0) (0.644343922789 0.485586726072 0) (0.645415601903 0.486027674655 0) (0.646487281018 0.486468623237 0) (0.647558960132 0.486909571819 0) (0.648630639247 0.487350520402 0) (0.649702318362 0.487791468984 0) (0.650773997476 0.488232417566 0) (0.651845676591 0.488673366149 0) (0.652917355706 0.489114314731 0) (0.65398903482 0.489555263313 0) (0.655060713935 0.489996211896 0) (0.65613239305 0.490437160478 0) (0.657204072164 0.49087810906 0) (0.658275751279 0.491319057643 0) (0.659347430394 0.491760006225 0) (0.660419109508 0.492200954807 0) (0.661490788623 0.492641903389 0) (0.662562467738 0.493082851972 0) (0.663634146852 0.493523800554 0) (0.664705825967 0.493964749136 0) (0.665777505082 0.494405697719 0) (0.666849184196 0.494846646301 0) (0.667920863311 0.495287594883 0) (0.668992542426 0.495728543466 0))
    polyLine 45 49 ((0.311536946828 0.867349023183 -0.03) (0.315640976579 0.871392722101 -0.03) (0.319756866516 0.875435697219 -0.03) (0.323884734986 0.879478128957 -0.03) (0.328024703306 0.883520198212 -0.03) (0.332176895768 0.887562086386 -0.03) (0.336341439645 0.891603975398 -0.03) (0.340518465193 0.895646047717 -0.03) (0.344708105659 0.899688486376 -0.03) (0.348910497293 0.903731475001 -0.03) (0.353125779352 0.907775197833 -0.03) (0.357354094114 0.911819839752 -0.03) (0.361595586891 0.915865586303 -0.03) (0.365850406037 0.919912623722 -0.03) (0.370118702969 0.923961138961 -0.03) (0.374400632179 0.928011319716 -0.03) (0.378696351251 0.932063354453 -0.03) (0.383006020879 0.936117432435 -0.03) (0.38732980489 0.940173743753 -0.03) (0.391667870262 0.944232479354 -0.03) (0.396020387144 0.948293831068 -0.03) (0.400387528886 0.952357991643 -0.03) (0.404769472055 0.956425154769 -0.03))
    polyLine 47 51 ((0.311536946828 0.867349023183 0) (0.315640976579 0.871392722101 0) (0.319756866516 0.875435697219 0) (0.323884734986 0.879478128957 0) (0.328024703306 0.883520198212 0) (0.332176895768 0.887562086386 0) (0.336341439645 0.891603975398 0) (0.340518465193 0.895646047717 0) (0.344708105659 0.899688486376 0) (0.348910497293 0.903731475001 0) (0.353125779352 0.907775197833 0) (0.357354094114 0.911819839752 0) (0.361595586891 0.915865586303 0) (0.365850406037 0.919912623722 0) (0.370118702969 0.923961138961 0) (0.374400632179 0.928011319716 0) (0.378696351251 0.932063354453 0) (0.383006020879 0.936117432435 0) (0.38732980489 0.940173743753 0) (0.391667870262 0.944232479354 0) (0.396020387144 0.948293831068 0) (0.400387528886 0.952357991643 0) (0.404769472055 0.956425154769 0))
    polyLine 48 52 ((0.67006422154 0.496169492048 -0.03) (0.671135900655 0.49661044063 -0.03) (0.67220757977 0.497051389213 -0.03) (0.673279258884 0.497492337795 -0.03) (0.674350937999 0.497933286377 -0.03) (0.675422617114 0.49837423496 -0.03) (0.676494296228 0.498815183542 -0.03) (0.677565975343 0.499256132124 -0.03) (0.678637654458 0.499697080707 -0.03) (0.679709333572 0.500138029289 -0.03) (0.680781012687 0.500578977871 -0.03) (0.681852691802 0.501019926454 -0.03) (0.682924370916 0.501460875036 -0.03) (0.683996050031 0.501901823618 -0.03) (0.685067729146 0.502342772201 -0.03) (0.68613940826 0.502783720783 -0.03) (0.687211087375 0.503224669365 -0.03) (0.68828276649 0.503665617948 -0.03) (0.689354445604 0.50410656653 -0.03) (0.690426124719 0.504547515112 -0.03) (0.691497803834 0.504988463695 -0.03) (0.692569482948 0.505429412277 -0.03) (0.693641162063 0.505870360859 -0.03) (0.694712841178 0.506311309442 -0.03) (0.695784520292 0.506752258024 -0.03) (0.696856199407 0.507193206606 -0.03) (0.697927878522 0.507634155189 -0.03) (0.698999557636 0.508075103771 -0.03) (0.700071236751 0.508516052353 -0.03) (0.701142915866 0.508957000936 -0.03) (0.70221459498 0.509397949518 -0.03) (0.703286274095 0.5098388981 -0.03) (0.70435795321 0.510279846683 -0.03) (0.705429632324 0.510720795265 -0.03) (0.706501311439 0.511161743847 -0.03) (0.707572990554 0.51160269243 -0.03) (0.708644669668 0.512043641012 -0.03) (0.709716348783 0.512484589594 -0.03) (0.710788027898 0.512925538177 -0.03) (0.711859707012 0.513366486759 -0.03) (0.712931386127 0.513807435341 -0.03) (0.714003065242 0.514248383924 -0.03) (0.715074744356 0.514689332506 -0.03) (0.716146423471 0.515130281088 -0.03) (0.717218102586 0.515571229671 -0.03) (0.7182897817 0.516012178253 -0.03) (0.719361460815 0.516453126835 -0.03) (0.720433139929 0.516894075418 -0.03) (0.721504819044 0.517335024 -0.03) (0.722576498159 0.517775972582 -0.03) (0.723648177273 0.518216921165 -0.03) (0.724719856388 0.518657869747 -0.03) (0.725791535503 0.519098818329 -0.03) (0.726863214617 0.519539766912 -0.03) (0.727934893732 0.519980715494 -0.03) (0.729006572847 0.520421664076 -0.03) (0.730078251961 0.520862612659 -0.03) (0.731149931076 0.521303561241 -0.03) (0.732221610191 0.521744509823 -0.03) (0.733293289305 0.522185458406 -0.03) (0.73436496842 0.522626406988 -0.03) (0.735436647535 0.52306735557 -0.03) (0.736508326649 0.523508304153 -0.03) (0.737580005764 0.523949252735 -0.03))
    polyLine 50 54 ((0.67006422154 0.496169492048 0) (0.671135900655 0.49661044063 0) (0.67220757977 0.497051389213 0) (0.673279258884 0.497492337795 0) (0.674350937999 0.497933286377 0) (0.675422617114 0.49837423496 0) (0.676494296228 0.498815183542 0) (0.677565975343 0.499256132124 0) (0.678637654458 0.499697080707 0) (0.679709333572 0.500138029289 0) (0.680781012687 0.500578977871 0) (0.681852691802 0.501019926454 0) (0.682924370916 0.501460875036 0) (0.683996050031 0.501901823618 0) (0.685067729146 0.502342772201 0) (0.68613940826 0.502783720783 0) (0.687211087375 0.503224669365 0) (0.68828276649 0.503665617948 0) (0.689354445604 0.50410656653 0) (0.690426124719 0.504547515112 0) (0.691497803834 0.504988463695 0) (0.692569482948 0.505429412277 0) (0.693641162063 0.505870360859 0) (0.694712841178 0.506311309442 0) (0.695784520292 0.506752258024 0) (0.696856199407 0.507193206606 0) (0.697927878522 0.507634155189 0) (0.698999557636 0.508075103771 0) (0.700071236751 0.508516052353 0) (0.701142915866 0.508957000936 0) (0.70221459498 0.509397949518 0) (0.703286274095 0.5098388981 0) (0.70435795321 0.510279846683 0) (0.705429632324 0.510720795265 0) (0.706501311439 0.511161743847 0) (0.707572990554 0.51160269243 0) (0.708644669668 0.512043641012 0) (0.709716348783 0.512484589594 0) (0.710788027898 0.512925538177 0) (0.711859707012 0.513366486759 0) (0.712931386127 0.513807435341 0) (0.714003065242 0.514248383924 0) (0.715074744356 0.514689332506 0) (0.716146423471 0.515130281088 0) (0.717218102586 0.515571229671 0) (0.7182897817 0.516012178253 0) (0.719361460815 0.516453126835 0) (0.720433139929 0.516894075418 0) (0.721504819044 0.517335024 0) (0.722576498159 0.517775972582 0) (0.723648177273 0.518216921165 0) (0.724719856388 0.518657869747 0) (0.725791535503 0.519098818329 0) (0.726863214617 0.519539766912 0) (0.727934893732 0.519980715494 0) (0.729006572847 0.520421664076 0) (0.730078251961 0.520862612659 0) (0.731149931076 0.521303561241 0) (0.732221610191 0.521744509823 0) (0.733293289305 0.522185458406 0) (0.73436496842 0.522626406988 0) (0.735436647535 0.52306735557 0) (0.736508326649 0.523508304153 0) (0.737580005764 0.523949252735 0))
    polyLine 49 53 ((0.41371685154 0.964696853256 -0.03) (0.418283639774 0.968902015849 -0.03) (0.422866969461 0.97311121991 -0.03) (0.427467052695 0.977324683706 -0.03) (0.432084105424 0.981542626803 -0.03) (0.436718347481 0.985765270103 -0.03) (0.441370002632 0.989992835885 -0.03) (0.446039298616 0.994225547851 -0.03) (0.450726467195 0.998463631166 -0.03) (0.455431744197 1.0027073125 -0.03) (0.460155369565 1.00695682009 -0.03) (0.464897587414 1.01121238376 -0.03) (0.469658646077 1.01547423498 -0.03) (0.474438798162 1.01974260692 -0.03) (0.479238300613 1.02401773449 -0.03) (0.48405741476 1.0282998544 -0.03) (0.48889640639 1.03258920518 -0.03) (0.493755545799 1.03688602729 -0.03) (0.498635107868 1.0411905631 -0.03) (0.50353537212 1.04550305701 -0.03) (0.508456622795 1.04982375546 -0.03) (0.51339914892 1.05415290701 -0.03) (0.518363244382 1.05849076238 -0.03))
    polyLine 51 55 ((0.41371685154 0.964696853256 0) (0.418283639774 0.968902015849 0) (0.422866969461 0.97311121991 0) (0.427467052695 0.977324683706 0) (0.432084105424 0.981542626803 0) (0.436718347481 0.985765270103 0) (0.441370002632 0.989992835885 0) (0.446039298616 0.994225547851 0) (0.450726467195 0.998463631166 0) (0.455431744197 1.0027073125 0) (0.460155369565 1.00695682009 0) (0.464897587414 1.01121238376 0) (0.469658646077 1.01547423498 0) (0.474438798162 1.01974260692 0) (0.479238300613 1.02401773449 0) (0.48405741476 1.0282998544 0) (0.48889640639 1.03258920518 0) (0.493755545799 1.03688602729 0) (0.498635107868 1.0411905631 0) (0.50353537212 1.04550305701 0) (0.508456622795 1.04982375546 0) (0.51339914892 1.05415290701 0) (0.518363244382 1.05849076238 0))
    polyLine 52 56 ((0.738651684879 0.524390201317 -0.03) (0.739723363993 0.5248311499 -0.03) (0.740795043108 0.525272098482 -0.03) (0.741866722223 0.525713047064 -0.03) (0.742938401337 0.526153995647 -0.03) (0.744010080452 0.526594944229 -0.03) (0.745081759567 0.527035892811 -0.03) (0.746153438681 0.527476841394 -0.03) (0.747225117796 0.527917789976 -0.03) (0.748296796911 0.528358738558 -0.03) (0.749368476025 0.528799687141 -0.03) (0.75044015514 0.529240635723 -0.03) (0.751511834255 0.529681584305 -0.03) (0.752583513369 0.530122532888 -0.03) (0.753655192484 0.53056348147 -0.03) (0.754726871599 0.531004430052 -0.03) (0.755798550713 0.531445378635 -0.03) (0.756870229828 0.531886327217 -0.03) (0.757941908943 0.532327275799 -0.03) (0.759013588057 0.532768224382 -0.03) (0.760085267172 0.533209172964 -0.03) (0.761156946287 0.533650121546 -0.03) (0.762228625401 0.534091070129 -0.03) (0.763300304516 0.534532018711 -0.03) (0.764371983631 0.534972967293 -0.03) (0.765443662745 0.535413915876 -0.03) (0.76651534186 0.535854864458 -0.03) (0.767587020975 0.53629581304 -0.03) (0.768658700089 0.536736761623 -0.03) (0.769730379204 0.537177710205 -0.03) (0.770802058319 0.537618658787 -0.03) (0.771873737433 0.53805960737 -0.03) (0.772945416548 0.538500555952 -0.03) (0.774017095663 0.538941504534 -0.03) (0.775088774777 0.539382453117 -0.03) (0.776160453892 0.539823401699 -0.03) (0.777232133007 0.540264350281 -0.03) (0.778303812121 0.540705298864 -0.03) (0.779375491236 0.541146247446 -0.03) (0.780447170351 0.541587196028 -0.03) (0.781518849465 0.542028144611 -0.03) (0.78259052858 0.542469093193 -0.03) (0.783662207695 0.542910041775 -0.03) (0.784733886809 0.543350990358 -0.03) (0.785805565924 0.54379193894 -0.03) (0.786877245039 0.544232887522 -0.03) (0.787948924153 0.544673836105 -0.03) (0.789020603268 0.545114784687 -0.03) (0.790092282383 0.545555733269 -0.03) (0.791163961497 0.545996681852 -0.03) (0.792235640612 0.546437630434 -0.03) (0.793307319726 0.546878579016 -0.03) (0.794378998841 0.547319527599 -0.03) (0.795450677956 0.547760476181 -0.03) (0.79652235707 0.548201424763 -0.03) (0.797594036185 0.548642373346 -0.03) (0.7986657153 0.549083321928 -0.03) (0.799737394414 0.54952427051 -0.03) (0.800809073529 0.549965219093 -0.03) (0.801880752644 0.550406167675 -0.03) (0.802952431758 0.550847116257 -0.03) (0.804024110873 0.551288064839 -0.03) (0.805095789988 0.551729013422 -0.03) (0.806167469102 0.552169962004 -0.03))
    polyLine 54 58 ((0.738651684879 0.524390201317 0) (0.739723363993 0.5248311499 0) (0.740795043108 0.525272098482 0) (0.741866722223 0.525713047064 0) (0.742938401337 0.526153995647 0) (0.744010080452 0.526594944229 0) (0.745081759567 0.527035892811 0) (0.746153438681 0.527476841394 0) (0.747225117796 0.527917789976 0) (0.748296796911 0.528358738558 0) (0.749368476025 0.528799687141 0) (0.75044015514 0.529240635723 0) (0.751511834255 0.529681584305 0) (0.752583513369 0.530122532888 0) (0.753655192484 0.53056348147 0) (0.754726871599 0.531004430052 0) (0.755798550713 0.531445378635 0) (0.756870229828 0.531886327217 0) (0.757941908943 0.532327275799 0) (0.759013588057 0.532768224382 0) (0.760085267172 0.533209172964 0) (0.761156946287 0.533650121546 0) (0.762228625401 0.534091070129 0) (0.763300304516 0.534532018711 0) (0.764371983631 0.534972967293 0) (0.765443662745 0.535413915876 0) (0.76651534186 0.535854864458 0) (0.767587020975 0.53629581304 0) (0.768658700089 0.536736761623 0) (0.769730379204 0.537177710205 0) (0.770802058319 0.537618658787 0) (0.771873737433 0.53805960737 0) (0.772945416548 0.538500555952 0) (0.774017095663 0.538941504534 0) (0.775088774777 0.539382453117 0) (0.776160453892 0.539823401699 0) (0.777232133007 0.540264350281 0) (0.778303812121 0.540705298864 0) (0.779375491236 0.541146247446 0) (0.780447170351 0.541587196028 0) (0.781518849465 0.542028144611 0) (0.78259052858 0.542469093193 0) (0.783662207695 0.542910041775 0) (0.784733886809 0.543350990358 0) (0.785805565924 0.54379193894 0) (0.786877245039 0.544232887522 0) (0.787948924153 0.544673836105 0) (0.789020603268 0.545114784687 0) (0.790092282383 0.545555733269 0) (0.791163961497 0.545996681852 0) (0.792235640612 0.546437630434 0) (0.793307319726 0.546878579016 0) (0.794378998841 0.547319527599 0) (0.795450677956 0.547760476181 0) (0.79652235707 0.548201424763 0) (0.797594036185 0.548642373346 0) (0.7986657153 0.549083321928 0) (0.799737394414 0.54952427051 0) (0.800809073529 0.549965219093 0) (0.801880752644 0.550406167675 0) (0.802952431758 0.550847116257 0) (0.804024110873 0.551288064839 0) (0.805095789988 0.551729013422 0) (0.806167469102 0.552169962004 0))
    polyLine 53 57 ((0.528342015953 1.0671802822 -0.03) (0.53335716679 1.07153240093 -0.03) (0.538394971732 1.07589418834 -0.03) (0.543455747194 1.08026590448 -0.03) (0.548539814876 1.0846478119 -0.03) (0.553647501855 1.08904017574 -0.03) (0.558779140669 1.09344326375 -0.03) (0.563935069422 1.0978573464 -0.03) (0.569115631871 1.10228269692 -0.03) (0.574321177535 1.10671959141 -0.03) (0.579552061788 1.11116830886 -0.03) (0.584808645975 1.11562913126 -0.03) (0.590091297512 1.12010234366 -0.03) (0.595400390004 1.12458823426 -0.03) (0.600736303356 1.12908709446 -0.03) (0.606099423893 1.13359921898 -0.03) (0.611490144479 1.13812490593 -0.03) (0.616908864647 1.14266445686 -0.03) (0.62235599072 1.14721817688 -0.03) (0.62783193595 1.15178637477 -0.03) (0.633337120648 1.156369363 -0.03) (0.638871972328 1.16096745788 -0.03) (0.644436925844 1.16558097964 -0.03))
    polyLine 55 59 ((0.528342015953 1.0671802822 0) (0.53335716679 1.07153240093 0) (0.538394971732 1.07589418834 0) (0.543455747194 1.08026590448 0) (0.548539814876 1.0846478119 0) (0.553647501855 1.08904017574 0) (0.558779140669 1.09344326375 0) (0.563935069422 1.0978573464 0) (0.569115631871 1.10228269692 0) (0.574321177535 1.10671959141 0) (0.579552061788 1.11116830886 0) (0.584808645975 1.11562913126 0) (0.590091297512 1.12010234366 0) (0.595400390004 1.12458823426 0) (0.600736303356 1.12908709446 0) (0.606099423893 1.13359921898 0) (0.611490144479 1.13812490593 0) (0.616908864647 1.14266445686 0) (0.62235599072 1.14721817688 0) (0.62783193595 1.15178637477 0) (0.633337120648 1.156369363 0) (0.638871972328 1.16096745788 0) (0.644436925844 1.16558097964 0))
    polyLine 56 60 ((0.807239148217 0.552610910586 -0.03) (0.808310827332 0.553051859169 -0.03) (0.809382506446 0.553492807751 -0.03) (0.810454185561 0.553933756333 -0.03) (0.811525864676 0.554374704916 -0.03) (0.81259754379 0.554815653498 -0.03) (0.813669222905 0.55525660208 -0.03) (0.81474090202 0.555697550663 -0.03) (0.815812581134 0.556138499245 -0.03) (0.816884260249 0.556579447827 -0.03) (0.817955939364 0.55702039641 -0.03) (0.819027618478 0.557461344992 -0.03) (0.820099297593 0.557902293574 -0.03) (0.821170976708 0.558343242157 -0.03) (0.822242655822 0.558784190739 -0.03) (0.823314334937 0.559225139321 -0.03) (0.824386014052 0.559666087904 -0.03) (0.825457693166 0.560107036486 -0.03) (0.826529372281 0.560547985068 -0.03) (0.827601051396 0.560988933651 -0.03) (0.82867273051 0.561429882233 -0.03) (0.829744409625 0.561870830815 -0.03) (0.83081608874 0.562311779398 -0.03) (0.831887767854 0.56275272798 -0.03) (0.832959446969 0.563193676562 -0.03) (0.834031126084 0.563634625145 -0.03) (0.835102805198 0.564075573727 -0.03) (0.836174484313 0.564516522309 -0.03) (0.837246163428 0.564957470892 -0.03) (0.838317842542 0.565398419474 -0.03) (0.839389521657 0.565839368056 -0.03) (0.840461200772 0.566280316639 -0.03) (0.841532879886 0.566721265221 -0.03) (0.842604559001 0.567162213803 -0.03) (0.843676238116 0.567603162386 -0.03) (0.84474791723 0.568044110968 -0.03) (0.845819596345 0.56848505955 -0.03) (0.84689127546 0.568926008133 -0.03) (0.847962954574 0.569366956715 -0.03) (0.849034633689 0.569807905297 -0.03) (0.850106312804 0.57024885388 -0.03) (0.851177991918 0.570689802462 -0.03) (0.852249671033 0.571130751044 -0.03) (0.853321350148 0.571571699627 -0.03) (0.854393029262 0.572012648209 -0.03) (0.855464708377 0.572453596791 -0.03) (0.856536387492 0.572894545374 -0.03) (0.857608066606 0.573335493956 -0.03) (0.858679745721 0.573776442538 -0.03) (0.859751424836 0.574217391121 -0.03) (0.86082310395 0.574658339703 -0.03) (0.861894783065 0.575099288285 -0.03) (0.86296646218 0.575540236868 -0.03) (0.864038141294 0.57598118545 -0.03) (0.865109820409 0.576422134032 -0.03) (0.866181499523 0.576863082615 -0.03) (0.867253178638 0.577304031197 -0.03) (0.868324857753 0.577744979779 -0.03) (0.869396536867 0.578185928362 -0.03) (0.870468215982 0.578626876944 -0.03) (0.871539895097 0.579067825526 -0.03) (0.872611574211 0.579508774109 -0.03) (0.873683253326 0.579949722691 -0.03) (0.874754932441 0.580390671273 -0.03))
    polyLine 58 62 ((0.807239148217 0.552610910586 0) (0.808310827332 0.553051859169 0) (0.809382506446 0.553492807751 0) (0.810454185561 0.553933756333 0) (0.811525864676 0.554374704916 0) (0.81259754379 0.554815653498 0) (0.813669222905 0.55525660208 0) (0.81474090202 0.555697550663 0) (0.815812581134 0.556138499245 0) (0.816884260249 0.556579447827 0) (0.817955939364 0.55702039641 0) (0.819027618478 0.557461344992 0) (0.820099297593 0.557902293574 0) (0.821170976708 0.558343242157 0) (0.822242655822 0.558784190739 0) (0.823314334937 0.559225139321 0) (0.824386014052 0.559666087904 0) (0.825457693166 0.560107036486 0) (0.826529372281 0.560547985068 0) (0.827601051396 0.560988933651 0) (0.82867273051 0.561429882233 0) (0.829744409625 0.561870830815 0) (0.83081608874 0.562311779398 0) (0.831887767854 0.56275272798 0) (0.832959446969 0.563193676562 0) (0.834031126084 0.563634625145 0) (0.835102805198 0.564075573727 0) (0.836174484313 0.564516522309 0) (0.837246163428 0.564957470892 0) (0.838317842542 0.565398419474 0) (0.839389521657 0.565839368056 0) (0.840461200772 0.566280316639 0) (0.841532879886 0.566721265221 0) (0.842604559001 0.567162213803 0) (0.843676238116 0.567603162386 0) (0.84474791723 0.568044110968 0) (0.845819596345 0.56848505955 0) (0.84689127546 0.568926008133 0) (0.847962954574 0.569366956715 0) (0.849034633689 0.569807905297 0) (0.850106312804 0.57024885388 0) (0.851177991918 0.570689802462 0) (0.852249671033 0.571130751044 0) (0.853321350148 0.571571699627 0) (0.854393029262 0.572012648209 0) (0.855464708377 0.572453596791 0) (0.856536387492 0.572894545374 0) (0.857608066606 0.573335493956 0) (0.858679745721 0.573776442538 0) (0.859751424836 0.574217391121 0) (0.86082310395 0.574658339703 0) (0.861894783065 0.575099288285 0) (0.86296646218 0.575540236868 0) (0.864038141294 0.57598118545 0) (0.865109820409 0.576422134032 0) (0.866181499523 0.576863082615 0) (0.867253178638 0.577304031197 0) (0.868324857753 0.577744979779 0) (0.869396536867 0.578185928362 0) (0.870468215982 0.578626876944 0) (0.871539895097 0.579067825526 0) (0.872611574211 0.579508774109 0) (0.873683253326 0.579949722691 0) (0.874754932441 0.580390671273 0))
    polyLine 57 61 ((0.655455946012 1.17468819443 -0.03) (0.660908682551 1.17918137747 -0.03) (0.666391050032 1.18369010327 -0.03) (0.671903472329 1.18821467722 -0.03) (0.677446380461 1.19275540865 -0.03) (0.683020212733 1.19731261088 -0.03) (0.688625414887 1.20188660129 -0.03) (0.694262440251 1.20647770149 -0.03) (0.699931749893 1.21108623735 -0.03) (0.705633812788 1.21571253912 -0.03) (0.711369105973 1.22035694155 -0.03) (0.717138114724 1.225019784 -0.03) (0.722941332722 1.2297014105 -0.03) (0.728779262237 1.23440216994 -0.03) (0.734652414305 1.2391224161 -0.03) (0.740561308923 1.24386250784 -0.03) (0.746506475233 1.24862280918 -0.03) (0.752488451728 1.25340368942 -0.03) (0.758507786449 1.25820552328 -0.03) (0.7645650372 1.26302869104 -0.03) (0.770660771758 1.26787357865 -0.03) (0.776795568097 1.27274057788 -0.03) (0.782970014613 1.27763008645 -0.03))
    polyLine 59 63 ((0.655455946012 1.17468819443 0) (0.660908682551 1.17918137747 0) (0.666391050032 1.18369010327 0) (0.671903472329 1.18821467722 0) (0.677446380461 1.19275540865 0) (0.683020212733 1.19731261088 0) (0.688625414887 1.20188660129 0) (0.694262440251 1.20647770149 0) (0.699931749893 1.21108623735 0) (0.705633812788 1.21571253912 0) (0.711369105973 1.22035694155 0) (0.717138114724 1.225019784 0) (0.722941332722 1.2297014105 0) (0.728779262237 1.23440216994 0) (0.734652414305 1.2391224161 0) (0.740561308923 1.24386250784 0) (0.746506475233 1.24862280918 0) (0.752488451728 1.25340368942 0) (0.758507786449 1.25820552328 0) (0.7645650372 1.26302869104 0) (0.770660771758 1.26787357865 0) (0.776795568097 1.27274057788 0) (0.782970014613 1.27763008645 0))
    polyLine 60 64 ((0.875826611555 0.580831619856 -0.03) (0.87689829067 0.581272568438 -0.03) (0.877969969785 0.58171351702 -0.03) (0.879041648899 0.582154465603 -0.03) (0.880113328014 0.582595414185 -0.03) (0.881185007129 0.583036362767 -0.03) (0.882256686243 0.58347731135 -0.03) (0.883328365358 0.583918259932 -0.03) (0.884400044473 0.584359208514 -0.03) (0.885471723587 0.584800157097 -0.03) (0.886543402702 0.585241105679 -0.03) (0.887615081817 0.585682054261 -0.03) (0.888686760931 0.586123002844 -0.03) (0.889758440046 0.586563951426 -0.03) (0.890830119161 0.587004900008 -0.03) (0.891901798275 0.587445848591 -0.03) (0.89297347739 0.587886797173 -0.03) (0.894045156505 0.588327745755 -0.03) (0.895116835619 0.588768694338 -0.03) (0.896188514734 0.58920964292 -0.03) (0.897260193849 0.589650591502 -0.03) (0.898331872963 0.590091540085 -0.03) (0.899403552078 0.590532488667 -0.03) (0.900475231193 0.590973437249 -0.03) (0.901533813652 0.591403116356 -0.03) (0.902596438859 0.591822697846 -0.03) (0.903663010497 0.592232143687 -0.03) (0.904733431893 0.592631416769 -0.03) (0.905807606021 0.593020480901 -0.03) (0.90688543552 0.593399300817 -0.03) (0.907966822694 0.593767842181 -0.03) (0.909051669526 0.594126071589 -0.03) (0.910139877685 0.594473956571 -0.03) (0.911231348535 0.594811465593 -0.03) (0.912325983146 0.595138568065 -0.03) (0.913423682298 0.595455234338 -0.03) (0.914524346497 0.595761435708 -0.03) (0.915627875977 0.596057144422 -0.03) (0.916734170714 0.596342333677 -0.03) (0.917843130435 0.596616977622 -0.03) (0.91895465462 0.596881051364 -0.03) (0.920068642523 0.597134530968 -0.03) (0.921184993171 0.597377393457 -0.03) (0.922303605377 0.597609616819 -0.03) (0.92342437775 0.597831180005 -0.03) (0.924547208703 0.598042062932 -0.03) (0.925671996462 0.598242246486 -0.03) (0.926798639075 0.598431712522 -0.03) (0.927927034424 0.598610443867 -0.03) (0.929057080231 0.59877842432 -0.03) (0.930188674067 0.598935638656 -0.03) (0.931321713364 0.599082072625 -0.03) (0.932456095425 0.599217712953 -0.03) (0.933591717427 0.599342547348 -0.03) (0.934728476437 0.599456564492 -0.03) (0.93586626942 0.599559754053 -0.03) (0.937004993245 0.599652106676 -0.03) (0.938144544699 0.599733613991 -0.03) (0.939284820491 0.59980426861 -0.03) (0.940425717267 0.599864064129 -0.03) (0.941567131615 0.599912995128 -0.03) (0.942708960078 0.599951057172 -0.03) (0.943851099159 0.59997824681 -0.03) (0.944993445335 0.599994561579 -0.03))
    polyLine 62 66 ((0.875826611555 0.580831619856 0) (0.87689829067 0.581272568438 0) (0.877969969785 0.58171351702 0) (0.879041648899 0.582154465603 0) (0.880113328014 0.582595414185 0) (0.881185007129 0.583036362767 0) (0.882256686243 0.58347731135 0) (0.883328365358 0.583918259932 0) (0.884400044473 0.584359208514 0) (0.885471723587 0.584800157097 0) (0.886543402702 0.585241105679 0) (0.887615081817 0.585682054261 0) (0.888686760931 0.586123002844 0) (0.889758440046 0.586563951426 0) (0.890830119161 0.587004900008 0) (0.891901798275 0.587445848591 0) (0.89297347739 0.587886797173 0) (0.894045156505 0.588327745755 0) (0.895116835619 0.588768694338 0) (0.896188514734 0.58920964292 0) (0.897260193849 0.589650591502 0) (0.898331872963 0.590091540085 0) (0.899403552078 0.590532488667 0) (0.900475231193 0.590973437249 0) (0.901533813652 0.591403116356 0) (0.902596438859 0.591822697846 0) (0.903663010497 0.592232143687 0) (0.904733431893 0.592631416769 0) (0.905807606021 0.593020480901 0) (0.90688543552 0.593399300817 0) (0.907966822694 0.593767842181 0) (0.909051669526 0.594126071589 0) (0.910139877685 0.594473956571 0) (0.911231348535 0.594811465593 0) (0.912325983146 0.595138568065 0) (0.913423682298 0.595455234338 0) (0.914524346497 0.595761435708 0) (0.915627875977 0.596057144422 0) (0.916734170714 0.596342333677 0) (0.917843130435 0.596616977622 0) (0.91895465462 0.596881051364 0) (0.920068642523 0.597134530968 0) (0.921184993171 0.597377393457 0) (0.922303605377 0.597609616819 0) (0.92342437775 0.597831180005 0) (0.924547208703 0.598042062932 0) (0.925671996462 0.598242246486 0) (0.926798639075 0.598431712522 0) (0.927927034424 0.598610443867 0) (0.929057080231 0.59877842432 0) (0.930188674067 0.598935638656 0) (0.931321713364 0.599082072625 0) (0.932456095425 0.599217712953 0) (0.933591717427 0.599342547348 0) (0.934728476437 0.599456564492 0) (0.93586626942 0.599559754053 0) (0.937004993245 0.599652106676 0) (0.938144544699 0.599733613991 0) (0.939284820491 0.59980426861 0) (0.940425717267 0.599864064129 0) (0.941567131615 0.599912995128 0) (0.942708960078 0.599951057172 0) (0.943851099159 0.59997824681 0) (0.944993445335 0.599994561579 0))
    polyLine 61 65 ((0.795226538785 1.28730976655 -0.03) (0.801307050205 1.29209916176 -0.03) (0.807426814128 1.29691107475 -0.03) (0.813586410191 1.30174589231 -0.03) (0.819786428391 1.30660400717 -0.03) (0.82602746931 1.3114858182 -0.03) (0.832310144356 1.3163917305 -0.03) (0.838635076006 1.32132215559 -0.03) (0.845002898055 1.32627751153 -0.03) (0.851414255875 1.3312582231 -0.03) (0.857869806679 1.33626472194 -0.03) (0.864370219794 1.34129744673 -0.03) (0.870916176938 1.34635684334 -0.03) (0.877508372512 1.35144336504 -0.03) (0.884147513893 1.35655747263 -0.03) (0.890834321739 1.36169963465 -0.03) (0.897569530299 1.36687032759 -0.03) (0.904353887742 1.37207003602 -0.03) (0.911188156478 1.37729925285 -0.03) (0.91807311351 1.3825584795 -0.03) (0.925009550774 1.38784822612 -0.03) (0.931998275508 1.39316901181 -0.03) (0.939040110618 1.39852136484 -0.03))
    polyLine 63 67 ((0.795226538785 1.28730976655 0) (0.801307050205 1.29209916176 0) (0.807426814128 1.29691107475 0) (0.813586410191 1.30174589231 0) (0.819786428391 1.30660400717 0) (0.82602746931 1.3114858182 0) (0.832310144356 1.3163917305 0) (0.838635076006 1.32132215559 0) (0.845002898055 1.32627751153 0) (0.851414255875 1.3312582231 0) (0.857869806679 1.33626472194 0) (0.864370219794 1.34129744673 0) (0.870916176938 1.34635684334 0) (0.877508372512 1.35144336504 0) (0.884147513893 1.35655747263 0) (0.890834321739 1.36169963465 0) (0.897569530299 1.36687032759 0) (0.904353887742 1.37207003602 0) (0.911188156478 1.37729925285 0) (0.91807311351 1.3825584795 0) (0.925009550774 1.38784822612 0) (0.931998275508 1.39316901181 0) (0.939040110618 1.39852136484 0))
);

boundary
(
    body_fore
    {
        type wall;
        faces
        (
            (0 2 6 4)
            (4 6 10 8)
            (8 10 14 12)
            (12 14 18 16)
            (16 18 22 20)
            (20 22 26 24)
            (24 26 30 28)
            (28 30 34 32)
            (32 34 38 36)
            (36 38 42 40)
            (40 42 46 44)
            (44 46 50 48)
            (48 50 54 52)
            (52 54 58 56)
            (56 58 62 60)
            (60 62 66 64)
        );
    }
    freestream
    {
        type patch;
        faces
        (
            (1 5 7 3)
            (5 9 11 7)
            (9 13 15 11)
            (13 17 19 15)
            (17 21 23 19)
            (21 25 27 23)
            (25 29 31 27)
            (29 33 35 31)
            (33 37 39 35)
            (37 41 43 39)
            (41 45 47 43)
            (45 49 51 47)
            (49 53 55 51)
            (53 57 59 55)
            (57 61 63 59)
            (61 65 67 63)
        );
    }
    outlet
    {
        type patch;
        faces
        (
            (64 66 67 65)
        );
    }
    axis
    {
        type patch;
        faces
        (
            (0 1 3 2)
        );
    }
    front
    {
        type patch;
        faces
        (
            (2 6 7 3)
            (6 10 11 7)
            (10 14 15 11)
            (14 18 19 15)
            (18 22 23 19)
            (22 26 27 23)
            (26 30 31 27)
            (30 34 35 31)
            (34 38 39 35)
            (38 42 43 39)
            (42 46 47 43)
            (46 50 51 47)
            (50 54 55 51)
            (54 58 59 55)
            (58 62 63 59)
            (62 66 67 63)
        );
    }
    back
    {
        type patch;
        faces
        (
            (0 1 5 4)
            (4 5 9 8)
            (8 9 13 12)
            (12 13 17 16)
            (16 17 21 20)
            (20 21 25 24)
            (24 25 29 28)
            (28 29 33 32)
            (32 33 37 36)
            (36 37 41 40)
            (40 41 45 44)
            (44 45 49 48)
            (48 49 53 52)
            (52 53 57 56)
            (56 57 61 60)
            (60 61 65 64)
        );
    }
);
