iteration,cd_fore,cd_aft,cd_viscous,cd_total,mean_abs_drho_dtau_kg_m3_s
5,0.03785267606285319,,0.0,0.03785267606285319,19.635099963
10,0.08689037190351469,,0.0,0.08689037190351469,19.620666872
15,0.15020819552247092,,0.0,0.15020819552247092,19.601637574
20,0.23156502744937746,,0.0,0.23156502744937746,19.578125851
25,0.3354157509992888,,0.0,0.3354157509992888,19.550238319
30,0.46686225154737665,,0.0,0.46686225154737665,19.518079549
35,0.6304801294691512,,0.0,0.6304801294691512,19.481755733
40,0.8303118280542194,,0.0,0.8303118280542194,19.441377508
45,1.0696662915886992,,0.0,1.0696662915886992,19.397062384
50,1.3501770031711735,,0.0,1.3501770031711735,19.348937123
55,1.6708236172584094,,0.0,1.6708236172584094,19.297140399
60,2.0271861190897087,,0.0,2.0271861190897087,19.24182721
65,2.4107107538311747,,0.0,2.4107107538311747,19.183176377
70,2.7903371886255393,,0.0,2.7903371886255393,19.121390372
75,3.1041178277229458,,0.0,3.1041178277229458,19.935807099
80,3.316538857761478,,0.0,3.316538857761478,26.208169268
85,3.4213775700626217,,0.0,3.4213775700626217,32.962265585
90,3.4281956882006934,,0.0,3.4281956882006934,38.506573253
95,3.3499704137289226,,0.0,3.3499704137289226,43.261845073
100,3.2089366860152904,,0.0,3.2089366860152904,46.352161871
105,3.030305857139091,,0.0,3.030305857139091,47.651407092
110,2.8336418678190833,,0.0,2.8336418678190833,47.49551846
115,2.639669695834797,,0.0,2.639669695834797,46.371339577
120,2.4599359464772386,,0.0,2.4599359464772386,44.687303193
125,2.300014089587509,,0.0,2.300014089587509,43.653497669
130,2.1623058274307017,,0.0,2.1623058274307017,42.177219678
135,2.049021550891827,,0.0,2.049021550891827,40.375627781
140,1.9581242302890471,,0.0,1.9581242302890471,38.405042275
145,1.8865141128907204,,0.0,1.8865141128907204,36.381265458
150,1.8311786509457884,,0.0,1.8311786509457884,34.718189218
155,1.7895839818513792,,0.0,1.7895839818513792,33.111880393
160,1.7596389400966201,,0.0,1.7596389400966201,31.701216573
165,1.7389558547320378,,0.0,1.7389558547320378,30.54971845
170,1.725383712245944,,0.0,1.725383712245944,29.31798758
175,1.7171099313415572,,0.0,1.7171099313415572,28.027067633
180,1.7126455007187633,,0.0,1.7126455007187633,26.800265569
185,1.71095287215586,,0.0,1.71095287215586,25.788891535
190,1.7112583618708974,,0.0,1.7112583618708974,25.129805747
195,1.7129380196358235,,0.0,1.7129380196358235,24.481955463
200,1.7154716134087376,,0.0,1.7154716134087376,23.807132434
205,1.718444811799466,,0.0,1.718444811799466,23.205507713
210,1.721543089938539,,0.0,1.721543089938539,22.648228861
215,1.7246077609522352,,0.0,1.7246077609522352,22.144013238
220,1.727598247985201,,0.0,1.727598247985201,21.758064242
225,1.7305170465705089,,0.0,1.7305170465705089,21.485163887
230,1.7333581934787052,,0.0,1.7333581934787052,21.199882526
235,1.736087342609904,,0.0,1.736087342609904,20.909522528
240,1.7386326880889709,,0.0,1.7386326880889709,20.63766479
245,1.7409120997678496,,0.0,1.7409120997678496,20.38936475
250,1.7428732255174384,,0.0,1.7428732255174384,20.200448454
255,1.7445139790018687,,0.0,1.7445139790018687,20.050413466
260,1.745874222852789,,0.0,1.745874222852789,19.919420115
265,1.7470137073234473,,0.0,1.7470137073234473,19.802528037
270,1.74798690695462,,0.0,1.74798690695462,19.702848527
275,1.748811311244342,,0.0,1.748811311244342,19.613234585
280,1.749467087529874,,0.0,1.749467087529874,19.534934998
285,1.7499120383456213,,0.0,1.7499120383456213,19.462962747
290,1.7501074798019105,,0.0,1.7501074798019105,19.427576293
295,1.7500416224989248,,0.0,1.7500416224989248,19.392332903
300,1.7497296007930188,,0.0,1.7497296007930188,19.380529001
305,1.7492179616267833,,0.0,1.7492179616267833,19.384255848
310,1.7485721574524828,,0.0,1.7485721574524828,19.392099255
315,1.7478450487445247,,0.0,1.7478450487445247,19.401098846
320,1.7470571916618491,,0.0,1.7470571916618491,19.401719106
325,1.7462030513933193,,0.0,1.7462030513933193,19.38896309
330,1.7452592029806424,,0.0,1.7452592029806424,19.378767772
335,1.7442065541119744,,0.0,1.7442065541119744,19.408270359
340,1.7430327731396276,,0.0,1.7430327731396276,19.45263491
345,1.7417438876934417,,0.0,1.7417438876934417,19.485237218
350,1.740365653170878,,0.0,1.740365653170878,19.507303249
355,1.7389426858793304,,0.0,1.7389426858793304,19.515839318
360,1.7374940295949184,,0.0,1.7374940295949184,19.516405248
365,1.736024633560964,,0.0,1.736024633560964,19.525489468
370,1.7345229133867526,,0.0,1.7345229133867526,19.548719147
375,1.732971001647574,,0.0,1.732971001647574,19.583134847
380,1.7313537358556708,,0.0,1.7313537358556708,19.631821173
385,1.7296640503686809,,0.0,1.7296640503686809,19.66210546
390,1.727906640039949,,0.0,1.727906640039949,19.676840131
395,1.7261108133234102,,0.0,1.7261108133234102,19.682580847
400,1.7243082173221917,,0.0,1.7243082173221917,19.674879507
405,1.7225148666519945,,0.0,1.7225148666519945,19.677205984
410,1.7207353013589357,,0.0,1.7207353013589357,19.698969547
415,1.718962877844129,,0.0,1.718962877844129,19.740615442
420,1.7171827931705288,,0.0,1.7171827931705288,19.772435294
425,1.7153807112374841,,0.0,1.7153807112374841,19.794966319
430,1.713547269214057,,0.0,1.713547269214057,19.790349258
435,1.7116853907860174,,0.0,1.7116853907860174,19.79141238
440,1.7098135963888155,,0.0,1.7098135963888155,19.774377364
445,1.7079425538848354,,0.0,1.7079425538848354,19.761806882
450,1.7060824382936122,,0.0,1.7060824382936122,19.763045555
455,1.7042353464550137,,0.0,1.7042353464550137,19.790798508
460,1.7023953261989708,,0.0,1.7023953261989708,19.825711498
465,1.7005517341482848,,0.0,1.7005517341482848,19.838668834
470,1.6986944372994204,,0.0,1.6986944372994204,19.838484378
475,1.696818381610528,,0.0,1.696818381610528,19.821333777
480,1.6949264659441319,,0.0,1.6949264659441319,19.797482189
485,1.6930291344394905,,0.0,1.6930291344394905,19.769199134
490,1.6911392479527145,,0.0,1.6911392479527145,19.750068288
495,1.6892689764664806,,0.0,1.6892689764664806,19.742880608
500,1.6874254771166126,,0.0,1.6874254771166126,19.764184287
505,1.6856089743265035,,0.0,1.6856089743265035,19.789261946
510,1.683813740615095,,0.0,1.683813740615095,19.793418821
515,1.6820311800641834,,0.0,1.6820311800641834,19.778477767
520,1.6802536644758022,,0.0,1.6802536644758022,19.758233131
525,1.6784776825921548,,0.0,1.6784776825921548,19.726164609
530,1.6767052529198307,,0.0,1.6767052529198307,19.68529124
535,1.6749421065619576,,0.0,1.6749421065619576,19.647662306
540,1.6731951133035559,,0.0,1.6731951133035559,19.623684035
545,1.6714696333237438,,0.0,1.6714696333237438,19.622386279
550,1.6697673280172591,,0.0,1.6697673280172591,19.628574511
555,1.6680854289885019,,0.0,1.6680854289885019,19.627218744
560,1.6664178097251492,,0.0,1.6664178097251492,19.605810663
565,1.6647573666738507,,0.0,1.6647573666738507,19.567854775
570,1.6630987633438183,,0.0,1.6630987633438183,19.535587904
575,1.661440622527845,,0.0,1.661440622527845,19.490226405
580,1.6597862527444553,,0.0,1.6597862527444553,19.439924858
585,1.6581425490124153,,0.0,1.6581425490124153,19.396760514
590,1.6565178001709229,,0.0,1.6565178001709229,19.369297023
595,1.6549191838567126,,0.0,1.6549191838567126,19.363398677
600,1.653350748649438,,0.0,1.653350748649438,19.364456399
605,1.6518124291828287,,0.0,1.6518124291828287,19.355120406
610,1.650300359743418,,0.0,1.650300359743418,19.322523247
615,1.6488083326120984,,0.0,1.6488083326120984,19.274166302
620,1.6473298803674168,,0.0,1.6473298803674168,19.228963596
625,1.6458603175975544,,0.0,1.6458603175975544,19.178565267
630,1.644398045086624,,0.0,1.644398045086624,19.112177502
635,1.6429447221044167,,0.0,1.6429447221044167,19.052513826
640,1.6415043903003608,,0.0,1.6415043903003608,19.000119858
645,1.64008189066621,,0.0,1.64008189066621,18.966009215
650,1.638681107170658,,0.0,1.638681107170658,18.952467276
655,1.6373036023742544,,0.0,1.6373036023742544,18.942162804
660,1.6359480526039711,,0.0,1.6359480526039711,18.912252795
665,1.6346106066104709,,0.0,1.6346106066104709,18.86775199
670,1.6332860200725474,,0.0,1.6332860200725474,18.815767217
675,1.6319692163224933,,0.0,1.6319692163224933,18.767373745
680,1.630656792185049,,0.0,1.630656792185049,18.717021569
685,1.6293480287761144,,0.0,1.6293480287761144,18.655642571
690,1.6280451541510426,,0.0,1.6280451541510426,18.590475984
695,1.6267528091460568,,0.0,1.6267528091460568,18.532584832
700,1.6254768765323855,,0.0,1.6254768765323855,18.483846278
705,1.624222999372733,,0.0,1.624222999372733,18.461244433
710,1.6229951896638568,,0.0,1.6229951896638568,18.442269544
715,1.6217948844012495,,0.0,1.6217948844012495,18.411946428
720,1.6206206697465124,,0.0,1.6206206697465124,18.362493775
725,1.6194687061858124,,0.0,1.6194687061858124,18.311372702
730,1.6183337055467617,,0.0,1.6183337055467617,18.260823581
735,1.6172101873251106,,0.0,1.6172101873251106,18.205267002
740,1.6160936980904836,,0.0,1.6160936980904836,18.14807885
745,1.6149817103148667,,0.0,1.6149817103148667,18.087704847
750,1.613874013435317,,0.0,1.613874013435317,18.015372833
755,1.6127725378938549,,0.0,1.6127725378938549,17.947487817
760,1.6116806840888203,,0.0,1.6116806840888203,17.887054414
765,1.6106023405768606,,0.0,1.6106023405768606,17.840806368
770,1.6095408420519848,,0.0,1.6095408420519848,17.809829632
775,1.6084981198738038,,0.0,1.6084981198738038,17.773170637
780,1.6074742364384924,,0.0,1.6074742364384924,17.72733092
785,1.606467393050752,,0.0,1.606467393050752,17.675690857
790,1.6054743812336032,,0.0,1.6054743812336032,17.637316608
795,1.6044913450773133,,0.0,1.6044913450773133,17.597562064
800,1.6035146626578054,,0.0,1.6035146626578054,17.545867712
805,1.602541748493961,,0.0,1.602541748493961,17.499133789
810,1.6015716127709219,,0.0,1.6015716127709219,17.442776554
815,1.6006050741970086,,0.0,1.6006050741970086,17.379782089
820,1.5996445958274084,,0.0,1.5996445958274084,17.311262223
825,1.5986937861845436,,0.0,1.5986937861845436,17.238139192
830,1.5977566717051537,,0.0,1.5977566717051537,17.166766365
835,1.5968368901538303,,0.0,1.5968368901538303,17.103738316
840,1.595936966547288,,0.0,1.595936966547288,17.052508878
845,1.5950578125361368,,0.0,1.5950578125361368,17.00168345
850,1.5941985393370945,,0.0,1.5941985393370945,16.955895313
855,1.593356607928115,,0.0,1.593356607928115,16.918690441
860,1.5925282721723022,,0.0,1.5925282721723022,16.89292547
865,1.5917092174611105,,0.0,1.5917092174611105,16.859528764
870,1.5908952684907665,,0.0,1.5908952684907665,16.820671021
875,1.5900830401480615,,0.0,1.5900830401480615,16.775288348
880,1.5892704262723363,,0.0,1.5892704262723363,16.726890683
885,1.5884568571121436,,0.0,1.5884568571121436,16.668080768
890,1.5876432968863876,,0.0,1.5876432968863876,16.603034147
895,1.5868319935476536,,0.0,1.5868319935476536,16.530156722
900,1.5860260315774268,,0.0,1.5860260315774268,16.44106556
905,1.585228768271427,,0.0,1.585228768271427,16.344903295
910,1.5844432509970054,,0.0,1.5844432509970054,16.257155122
915,1.583671714739741,,0.0,1.583671714739741,16.190562287
920,1.5829152399628041,,0.0,1.5829152399628041,16.139351395
925,1.5821736204014414,,0.0,1.5821736204014414,16.110854991
930,1.581445448954303,,0.0,1.581445448954303,16.097981965
935,1.5807283925743303,,0.0,1.5807283925743303,16.080214606
940,1.5800195970711828,,0.0,1.5800195970711828,16.065000003
945,1.5793161471622892,,0.0,1.5793161471622892,16.044041905
950,1.578615506843994,,0.0,1.578615506843994,16.013691564
955,1.5779158769380561,,0.0,1.5779158769380561,15.970114178
960,1.5772164259623247,,0.0,1.5772164259623247,15.922006193
965,1.5765173718687628,,0.0,1.5765173718687628,15.864183346
970,1.5758199121375163,,0.0,1.5758199121375163,15.792523966
975,1.5751260174638642,,0.0,1.5751260174638642,15.707849504
980,1.5744381198256427,,0.0,1.5744381198256427,15.610773777
985,1.5737587375749584,,0.0,1.5737587375749584,15.502916243
990,1.5730900905571417,,0.0,1.5730900905571417,15.396387546
995,1.5724337594672335,,0.0,1.5724337594672335,15.303471964
1000,1.5717904395492972,,0.0,1.5717904395492972,15.242446337
1005,1.5711598240382396,,0.0,1.5711598240382396,15.221668956
1010,1.5705406322670643,,0.0,1.5705406322670643,15.214691378
1015,1.5699307734085377,,0.0,1.5699307734085377,15.211785354
1020,1.569327616053707,,0.0,1.569327616053707,15.210948866
1025,1.5687283191724162,,0.0,1.5687283191724162,15.20269947
1030,1.5681301750024979,,0.0,1.5681301750024979,15.19226972
1035,1.5675309185193491,,0.0,1.5675309185193491,15.16954904
1040,1.5669289680861904,,0.0,1.5669289680861904,15.134812654
1045,1.5663235757216345,,0.0,1.5663235757216345,15.085379653
1050,1.5657148787020947,,0.0,1.5657148787020947,15.020130518
1055,1.5651038560486639,,0.0,1.5651038560486639,14.94552136
1060,1.5644922000644021,,0.0,1.5644922000644021,14.863308935
1065,1.563882120090639,,0.0,1.563882120090639,14.775044225
1070,1.5632760982587917,,0.0,1.5632760982587917,14.679397453
1075,1.5626766213365262,,0.0,1.5626766213365262,14.582459871
1080,1.5620859150127764,,0.0,1.5620859150127764,14.486665919
1085,1.5615057087288833,,0.0,1.5615057087288833,14.401803688
1090,1.56093705754524,,0.0,1.56093705754524,14.340660473
1095,1.5603802408440994,,0.0,1.5603802408440994,14.306165719
1100,1.559834749096947,,0.0,1.559834749096947,14.293563359
1105,1.5592993578995915,,0.0,1.5592993578995915,14.295438667
1110,1.5587722763079621,,0.0,1.5587722763079621,14.298897581
1115,1.5582513482009952,,0.0,1.5582513482009952,14.304706794
1120,1.5577342796258298,,0.0,1.5577342796258298,14.302047606
1125,1.5572188642836733,,0.0,1.5572188642836733,14.295379058
1130,1.556703183298979,,0.0,1.556703183298979,14.273215945
1135,1.5561857605820577,,0.0,1.5561857605820577,14.238469953
1140,1.555665664295301,,0.0,1.555665664295301,14.187112
1145,1.5551425506319232,,0.0,1.5551425506319232,14.1197181
1150,1.5546166536258739,,0.0,1.5546166536258739,14.04302148
1155,1.5540887278024111,,0.0,1.5540887278024111,13.959631485
1160,1.5535599522415704,,0.0,1.5535599522415704,13.8800678
1165,1.5530318059548438,,0.0,1.5530318059548438,13.799854148
1170,1.5525059236060998,,0.0,1.5525059236060998,13.720519124
1175,1.5519839420565968,,0.0,1.5519839420565968,13.63958373
1180,1.5514673485519959,,0.0,1.5514673485519959,13.564655808
1185,1.5509573433010684,,0.0,1.5509573433010684,13.508293054
1190,1.550454728785266,,0.0,1.550454728785266,13.465898644
1195,1.5499598376312549,,0.0,1.5499598376312549,13.430106849
1200,1.5494725062422532,,0.0,1.5494725062422532,13.400409393
1205,1.5489920975446259,,0.0,1.5489920975446259,13.371966351
1210,1.5485175691069255,,0.0,1.5485175691069255,13.356479533
1215,1.5480475781316003,,0.0,1.5480475781316003,13.350408028
1220,1.5475806103282066,,0.0,1.5475806103282066,13.345898417
1225,1.547115118324737,,0.0,1.547115118324737,13.339432382
1230,1.5466496548390238,,0.0,1.5466496548390238,13.32672361
1235,1.54618298887471,,0.0,1.54618298887471,13.306000879
1240,1.545714195331236,,0.0,1.545714195331236,13.271551801
1245,1.5452427136572096,,0.0,1.5452427136572096,13.224830919
1250,1.5447683738327136,,0.0,1.5447683738327136,13.167731575
1255,1.5442913916123227,,0.0,1.5442913916123227,13.104640522
1260,1.5438123375443393,,0.0,1.5438123375443393,13.039671548
1265,1.5433320848371481,,0.0,1.5433320848371481,12.97172328
1270,1.5428517416265275,,0.0,1.5428517416265275,12.904712716
1275,1.5423725724491928,,0.0,1.5423725724491928,12.836933452
1280,1.541895913100029,,0.0,1.541895913100029,12.775154869
1285,1.5414230818189607,,0.0,1.5414230818189607,12.716514187
1290,1.5409552909366164,,0.0,1.5409552909366164,12.666693081
1295,1.5404935627698861,,0.0,1.5404935627698861,12.634516887
1300,1.5400386551521854,,0.0,1.5400386551521854,12.605740303
1305,1.5395910023937291,,0.0,1.5395910023937291,12.583485322
1310,1.5391506781432533,,0.0,1.5391506781432533,12.563154278
1315,1.5387173838939814,,0.0,1.5387173838939814,12.541503868
1320,1.5382904664661436,,0.0,1.5382904664661436,12.519612875
1325,1.5378689617374248,,0.0,1.5378689617374248,12.490238783
1330,1.5374516627137111,,0.0,1.5374516627137111,12.451944796
1335,1.5370372048650376,,0.0,1.5370372048650376,12.407623897
1340,1.5366241604684077,,0.0,1.5366241604684077,12.369533648
1345,1.5362111335784443,,0.0,1.5362111335784443,12.33389077
1350,1.5357968475365749,,0.0,1.5357968475365749,12.298157171
1355,1.5353802187163548,,0.0,1.5353802187163548,12.260988949
1360,1.534960411772093,,0.0,1.534960411772093,12.221489107
1365,1.5345368741450964,,0.0,1.5345368741450964,12.180059557
1370,1.5341093499241196,,0.0,1.5341093499241196,12.133926215
1375,1.5336778744847022,,0.0,1.5336778744847022,12.084186746
1380,1.5332427534328765,,0.0,1.5332427534328765,12.032280104
1385,1.532804529282131,,0.0,1.532804529282131,11.981074649
1390,1.5323639402584142,,0.0,1.5323639402584142,11.928557482
1395,1.531921874468888,,0.0,1.531921874468888,11.879217729
1400,1.5314793223562364,,0.0,1.5314793223562364,11.829839888
1405,1.5310373293220019,,0.0,1.5310373293220019,11.782399073
1410,1.5305969497504597,,0.0,1.5305969497504597,11.739439539
1415,1.530159202746932,,0.0,1.530159202746932,11.71111041
1420,1.5297250297595828,,0.0,1.5297250297595828,11.699414867
1425,1.529295254640071,,0.0,1.529295254640071,11.696101145
1430,1.528870546432828,,0.0,1.528870546432828,11.696076708
1435,1.5284513869213197,,0.0,1.5284513869213197,11.693796294
1440,1.5280380447423267,,0.0,1.5280380447423267,11.685176546
1445,1.527630558917606,,0.0,1.527630558917606,11.672362478
1450,1.527228734652289,,0.0,1.527228734652289,11.65256442
1455,1.5268321529695847,,0.0,1.5268321529695847,11.626386614
1460,1.5264401951718212,,0.0,1.5264401951718212,11.591109817
1465,1.5260520807272842,,0.0,1.5260520807272842,11.543394193
1470,1.5256669157093545,,0.0,1.5256669157093545,11.485157425
1475,1.525283747755367,,0.0,1.525283747755367,11.416236811
1480,1.5249016221120903,,0.0,1.5249016221120903,11.340463816
1485,1.5245196341798755,,0.0,1.5245196341798755,11.265285652
1490,1.5241369744987514,,0.0,1.5241369744987514,11.205171327
1495,1.5237529633271094,,0.0,1.5237529633271094,11.156486111
1500,1.5233670736780636,,0.0,1.5233670736780636,11.112067243
1505,1.5236142585143986,,0.0,1.5236142585143986,20.655825378
1510,1.5223080537591245,,0.0,1.5223080537591245,19.359425169
1515,1.5201374323702965,,0.0,1.5201374323702965,17.347353797
1520,1.5178384963391882,,0.0,1.5178384963391882,15.185622653
1525,1.5157331559821743,,0.0,1.5157331559821743,13.660794167
1530,1.5138423676002273,,0.0,1.5138423676002273,13.052908017
1535,1.5120933610993088,,0.0,1.5120933610993088,12.793273463
1540,1.510429334010774,,0.0,1.510429334010774,12.808995409
1545,1.5088423314501835,,0.0,1.5088423314501835,12.965082902
1550,1.5073525983441665,,0.0,1.5073525983441665,13.335292037
1555,1.5059845111202366,,0.0,1.5059845111202366,13.736287294
1560,1.5047492741657802,,0.0,1.5047492741657802,14.101087867
1565,1.5036406959402642,,0.0,1.5036406959402642,14.449018388
1570,1.5026410982600074,,0.0,1.5026410982600074,14.65879009
1575,1.5017291037947422,,0.0,1.5017291037947422,14.834487015
1580,1.5008834667677449,,0.0,1.5008834667677449,14.960139398
1585,1.500085285605323,,0.0,1.500085285605323,15.063013694
1590,1.4993192057293288,,0.0,1.4993192057293288,15.210386943
1595,1.4985731509686715,,0.0,1.4985731509686715,15.220426417
1600,1.4978378438525042,,0.0,1.4978378438525042,15.338697144
1605,1.4971073910090102,,0.0,1.4971073910090102,15.563287947
1610,1.496379428724281,,0.0,1.496379428724281,15.796841317
1615,1.4956536426751714,,0.0,1.4956536426751714,16.008590743
1620,1.494930505952182,,0.0,1.494930505952182,16.218660547
1625,1.4942100621408765,,0.0,1.4942100621408765,16.396239203
1630,1.4934917739676916,,0.0,1.4934917739676916,16.495420688
1635,1.4927757561556254,,0.0,1.4927757561556254,16.432550614
1640,1.4920639475257509,,0.0,1.4920639475257509,16.324301762
1645,1.4913608688789262,,0.0,1.4913608688789262,16.236557027
1650,1.4906713376876033,,0.0,1.4906713376876033,16.242025599
1655,1.489996874496333,,0.0,1.489996874496333,16.308206457
1660,1.4893334311359612,,0.0,1.4893334311359612,16.405602721
1665,1.4886723474086347,,0.0,1.4886723474086347,16.483039858
1670,1.4880031129395266,,0.0,1.4880031129395266,16.592887551
1675,1.487312292219213,,0.0,1.487312292219213,16.735346173
1680,1.486576140243387,,0.0,1.486576140243387,16.853922073
1685,1.48575399264751,,0.0,1.48575399264751,16.990413409
1690,1.484785398066519,,0.0,1.484785398066519,17.126248679
1695,1.4835994360762588,,0.0,1.4835994360762588,17.176737574
1700,1.4821283629277873,,0.0,1.4821283629277873,17.186271878
1705,1.480343301603877,,0.0,1.480343301603877,17.17066647
1710,1.4782954937072863,,0.0,1.4782954937072863,17.116817288
1715,1.4761468058294887,,0.0,1.4761468058294887,16.955732661
1720,1.4741629993360428,,0.0,1.4741629993360428,16.754481096
1725,1.4726511517604297,,0.0,1.4726511517604297,16.520546464
1730,1.4719840725189415,,0.0,1.4719840725189415,16.341728522
1735,1.4726256432431881,,0.0,1.4726256432431881,16.133714942
1740,1.474959632039837,,0.0,1.474959632039837,15.932173508
1745,1.479231336043616,,0.0,1.479231336043616,15.824919506
1750,1.4855101245397222,,0.0,1.4855101245397222,15.783817734
1755,1.493638999262984,,0.0,1.493638999262984,15.797050542
1760,1.503294977354112,,0.0,1.503294977354112,15.783377451
1765,1.5139397343918666,,0.0,1.5139397343918666,15.779659823
1770,1.5247585649971693,,0.0,1.5247585649971693,15.661421621
1775,1.5349288505361476,,0.0,1.5349288505361476,15.446930056
1780,1.5436808230214567,,0.0,1.5436808230214567,15.194228185
1785,1.5504118836937413,,0.0,1.5504118836937413,15.101463146
1790,1.5547927505777313,,0.0,1.5547927505777313,14.998353092
1795,1.5567466199951006,,0.0,1.5567466199951006,14.865631523
1800,1.556393906783285,,0.0,1.556393906783285,14.681584628
1805,1.5539877730858482,,0.0,1.5539877730858482,14.526064081
1810,1.5498581761041548,,0.0,1.5498581761041548,14.719568284
1815,1.5444038488849887,,0.0,1.5444038488849887,15.003095434
1820,1.5380807727963206,,0.0,1.5380807727963206,15.316891036
1825,1.5312941685899732,,0.0,1.5312941685899732,15.668782051
1830,1.5243919963332542,,0.0,1.5243919963332542,15.94807335
1835,1.5175860200464564,,0.0,1.5175860200464564,16.130547011
1840,1.5109671399449167,,0.0,1.5109671399449167,16.245793898
1845,1.5047338763642757,,0.0,1.5047338763642757,16.281580119
1850,1.4989400631979009,,0.0,1.4989400631979009,16.298179352
1855,1.4934972667145343,,0.0,1.4934972667145343,16.378778836
1860,1.488441635476313,,0.0,1.488441635476313,16.355621997
1865,1.483890537243087,,0.0,1.483890537243087,16.236009279
1870,1.4800486834080884,,0.0,1.4800486834080884,16.08095886
1875,1.4770683361639998,,0.0,1.4770683361639998,15.854279098
1880,1.4749952263288342,,0.0,1.4749952263288342,15.553514596
1885,1.4737505455781246,,0.0,1.4737505455781246,15.306590707
1890,1.4731941718318708,,0.0,1.4731941718318708,15.214885553
1895,1.473123866748937,,0.0,1.473123866748937,15.255882879
1900,1.4733319924975488,,0.0,1.4733319924975488,15.414012269
1905,1.4736646675787262,,0.0,1.4736646675787262,15.574904236
1910,1.4739909837073428,,0.0,1.4739909837073428,15.674219997
1915,1.4742342288675634,,0.0,1.4742342288675634,15.711449729
1920,1.4744599607931246,,0.0,1.4744599607931246,15.671794284
1925,1.4747321672681912,,0.0,1.4747321672681912,15.527110332
1930,1.4750647005332955,,0.0,1.4750647005332955,15.36915219
1935,1.4754729095403047,,0.0,1.4754729095403047,15.272021179
1940,1.4759622918413398,,0.0,1.4759622918413398,15.211794141
1945,1.4765120783480998,,0.0,1.4765120783480998,15.156114608
1950,1.477065022888492,,0.0,1.477065022888492,15.052256852
1955,1.4775214707306505,,0.0,1.4775214707306505,14.826138729
1960,1.4777576141968491,,0.0,1.4777576141968491,14.538518958
1965,1.4776605547739818,,0.0,1.4776605547739818,14.260904694
1970,1.4771267364238516,,0.0,1.4771267364238516,14.061031217
1975,1.47616182601823,,0.0,1.47616182601823,14.021535694
1980,1.474827713994325,,0.0,1.474827713994325,14.044696162
1985,1.4732429401169134,,0.0,1.4732429401169134,14.148406275
1990,1.471558646900573,,0.0,1.471558646900573,14.199679873
1995,1.4699308395116093,,0.0,1.4699308395116093,14.096723461
2000,1.4685163359327484,,0.0,1.4685163359327484,13.935467586
2005,1.4674682113904187,,0.0,1.4674682113904187,13.728111185
2010,1.4669028501803065,,0.0,1.4669028501803065,13.578442316
2015,1.4668627897353987,,0.0,1.4668627897353987,13.526577235
2020,1.4672913965686407,,0.0,1.4672913965686407,13.600603837
2025,1.4680561874951747,,0.0,1.4680561874951747,13.703784153
2030,1.4689330909941456,,0.0,1.4689330909941456,13.721987695
2035,1.4696983140576536,,0.0,1.4696983140576536,13.688684704
2040,1.470120012567062,,0.0,1.470120012567062,13.606479435
2045,1.470037935663419,,0.0,1.470037935663419,13.562021201
2050,1.4693860352089985,,0.0,1.4693860352089985,13.571525564
2055,1.4682177938047725,,0.0,1.4682177938047725,13.704849013
2060,1.4667013834847429,,0.0,1.4667013834847429,13.895460607
2065,1.4650678790401,,0.0,1.4650678790401,14.039973954
2070,1.4635401805180084,,0.0,1.4635401805180084,14.071324851
2075,1.462319087115017,,0.0,1.462319087115017,14.020676398
2080,1.4615442593629526,,0.0,1.4615442593629526,13.911741525
2085,1.4612581572549679,,0.0,1.4612581572549679,13.802460016
2090,1.4614160054989895,,0.0,1.4614160054989895,13.695787656
2095,1.4619138187933554,,0.0,1.4619138187933554,13.584862409
2100,1.4625703271473183,,0.0,1.4625703271473183,13.408638126
2105,1.4631476825248801,,0.0,1.4631476825248801,13.252642636
2110,1.463444129237668,,0.0,1.463444129237668,13.163045272
2115,1.4633241399933348,,0.0,1.4633241399933348,13.109035506
2120,1.4627396180867165,,0.0,1.4627396180867165,13.20034586
2125,1.4617288895953677,,0.0,1.4617288895953677,13.338588063
2130,1.4603887108474256,,0.0,1.4603887108474256,13.471946559
2135,1.458885419226522,,0.0,1.458885419226522,13.567161206
2140,1.457440462668229,,0.0,1.457440462668229,13.573773459
2145,1.4561973357368092,,0.0,1.4561973357368092,13.515041758
2150,1.4552401077394528,,0.0,1.4552401077394528,13.408509446
2155,1.4546087092578213,,0.0,1.4546087092578213,13.28408638
2160,1.4542944420864843,,0.0,1.4542944420864843,13.194306321
2165,1.4542369206130035,,0.0,1.4542369206130035,13.169540205
2170,1.4543484195103697,,0.0,1.4543484195103697,13.180667612
2175,1.4545424843631303,,0.0,1.4545424843631303,13.186949254
2180,1.4547188660579022,,0.0,1.4547188660579022,13.204524883
2185,1.454788094855118,,0.0,1.454788094855118,13.154985535
2190,1.4546814783135331,,0.0,1.4546814783135331,13.029097199
2195,1.4543562560980368,,0.0,1.4543562560980368,12.830215897
2200,1.4538176618326584,,0.0,1.4538176618326584,12.695158659
2205,1.4531221198903377,,0.0,1.4531221198903377,12.567588268
2210,1.4523584305074158,,0.0,1.4523584305074158,12.461792372
2215,1.4516310093839362,,0.0,1.4516310093839362,12.380279452
2220,1.451039386725034,,0.0,1.451039386725034,12.283414321
2225,1.4506339387004574,,0.0,1.4506339387004574,12.191693178
2230,1.4504170862045114,,0.0,1.4504170862045114,12.144652241
2235,1.4503553029081035,,0.0,1.4503553029081035,12.106115809
2240,1.4503756480453065,,0.0,1.4503756480453065,12.077016231
2245,1.4503881098218587,,0.0,1.4503881098218587,12.085551194
2250,1.4503133600015152,,0.0,1.4503133600015152,12.076026558
2255,1.4500991005930324,,0.0,1.4500991005930324,12.008543196
2260,1.4497196962826069,,0.0,1.4497196962826069,11.936319107
2265,1.449175718198073,,0.0,1.449175718198073,11.841072646
2270,1.4485094504207678,,0.0,1.4485094504207678,11.746805987
2275,1.4477966860476301,,0.0,1.4477966860476301,11.67112959
2280,1.447129356400441,,0.0,1.447129356400441,11.630637461
2285,1.4465999941610175,,0.0,1.4465999941610175,11.693502381
2290,1.446282304206954,,0.0,1.446282304206954,11.744913078
2295,1.4462119215151563,,0.0,1.4462119215151563,11.833399052
2300,1.4463810237206145,,0.0,1.4463810237206145,11.889235309
2305,1.4467346035727964,,0.0,1.4467346035727964,11.953589297
2310,1.4471723485238186,,0.0,1.4471723485238186,11.947237665
2315,1.4475707024124234,,0.0,1.4475707024124234,11.846289675
2320,1.4478019403898938,,0.0,1.4478019403898938,11.685208859
2325,1.4477562441747136,,0.0,1.4477562441747136,11.477160283
2330,1.4473564970210624,,0.0,1.4473564970210624,11.311578012
2335,1.4465794738605595,,0.0,1.4465794738605595,11.228832866
2340,1.4454622725513224,,0.0,1.4454622725513224,11.30432212
2345,1.444100220225517,,0.0,1.444100220225517,11.399249735
2350,1.4426239228221012,,0.0,1.4426239228221012,11.502597107
2355,1.4411919917791733,,0.0,1.4411919917791733,11.585303939
2360,1.4399802410201226,,0.0,1.4399802410201226,11.550907441
2365,1.4391016865338255,,0.0,1.4391016865338255,11.468307005
2370,1.4386137042348848,,0.0,1.4386137042348848,11.358192093
2375,1.4385041911971936,,0.0,1.4385041911971936,11.332988675
2380,1.4387211532727993,,0.0,1.4387211532727993,11.412718609
2385,1.4391828644158053,,0.0,1.4391828644158053,11.476104817
2390,1.4397696025456848,,0.0,1.4397696025456848,11.556611675
2395,1.440331284820354,,0.0,1.440331284820354,11.559846857
2400,1.4407110599099053,,0.0,1.4407110599099053,11.505426435
2405,1.440792950156261,,0.0,1.440792950156261,11.385059275
2410,1.440488498526188,,0.0,1.440488498526188,11.237939056
2415,1.4397522840575994,,0.0,1.4397522840575994,11.130911787
2420,1.438619795033607,,0.0,1.438619795033607,11.095942607
2425,1.4371783078136997,,0.0,1.4371783078136997,11.123780282
2430,1.4355554040058416,,0.0,1.4355554040058416,11.207369171
2435,1.4339269853082257,,0.0,1.4339269853082257,11.269133778
2440,1.4324581671874472,,0.0,1.4324581671874472,11.31197251
2445,1.4313026772045547,,0.0,1.4313026772045547,11.323388016
2450,1.4305690336322197,,0.0,1.4305690336322197,11.292918364
2455,1.4303228473761502,,0.0,1.4303228473761502,11.209688896
2460,1.4305703599855786,,0.0,1.4305703599855786,11.119801555
2465,1.4312456718517537,,0.0,1.4312456718517537,11.070730919
2470,1.4322142407643492,,0.0,1.4322142407643492,11.106064497
2475,1.433298458378719,,0.0,1.433298458378719,11.130688226
2480,1.434341407346711,,0.0,1.434341407346711,11.114623088
2485,1.4351924486937742,,0.0,1.4351924486937742,11.063128564
2490,1.4357353198015923,,0.0,1.4357353198015923,10.943616747
2495,1.4358859979186358,,0.0,1.4358859979186358,10.779413694
2500,1.4356126284938144,,0.0,1.4356126284938144,10.568602263
2505,1.4349200318730895,,0.0,1.4349200318730895,10.404180571
2510,1.4338489465768252,,0.0,1.4338489465768252,10.36737904
2515,1.432470813399751,,0.0,1.432470813399751,10.384226621
2520,1.430888995541112,,0.0,1.430888995541112,10.39997674
2525,1.4292308679094698,,0.0,1.4292308679094698,10.383106638
2530,1.4276216274391738,,0.0,1.4276216274391738,10.316277023
2535,1.4261936526131413,,0.0,1.4261936526131413,10.163042113
2540,1.4250682449512906,,0.0,1.4250682449512906,9.9734409134
2545,1.4243223155625133,,0.0,1.4243223155625133,9.8388386779
2550,1.4239832511033954,,0.0,1.4239832511033954,9.7755781312
2555,1.424008567989042,,0.0,1.424008567989042,9.8321891343
2560,1.4242988101459955,,0.0,1.4242988101459955,9.9095735051
2565,1.4247255053719756,,0.0,1.4247255053719756,9.9076384568
2570,1.4251368772420425,,0.0,1.4251368772420425,9.8498177627
2575,1.4253850910115804,,0.0,1.4253850910115804,9.7456101567
2580,1.4253343347902094,,0.0,1.4253343347902094,9.6113672416
2585,1.424902074327713,,0.0,1.424902074327713,9.5051423382
2590,1.4240515294214215,,0.0,1.4240515294214215,9.4616491285
2595,1.4228141100979752,,0.0,1.4228141100979752,9.4366318174
2600,1.4212854016947636,,0.0,1.4212854016947636,9.4148536715
2605,1.4196038992101159,,0.0,1.4196038992101159,9.3678214767
2610,1.4179402667097736,,0.0,1.4179402667097736,9.3066242614
2615,1.4164737137101875,,0.0,1.4164737137101875,9.2096299546
2620,1.4153697140937496,,0.0,1.4153697140937496,9.0914648617
2625,1.414705198069729,,0.0,1.414705198069729,8.9994860316
2630,1.414491425056813,,0.0,1.414491425056813,8.8879796079
2635,1.4146764801579175,,0.0,1.4146764801579175,8.8306767277
2640,1.4151591452837715,,0.0,1.4151591452837715,8.7782628596
2645,1.4158009173467578,,0.0,1.4158009173467578,8.7098094366
2650,1.4164589410536383,,0.0,1.4164589410536383,8.7284027692
2655,1.4170041031200742,,0.0,1.4170041031200742,8.7708190763
2660,1.4173082282809983,,0.0,1.4173082282809983,8.8083052879
2665,1.4172969154730146,,0.0,1.4172969154730146,8.8340733615
2670,1.4169500609094483,,0.0,1.4169500609094483,8.850520839
2675,1.4162982118159657,,0.0,1.4162982118159657,8.9040106395
2680,1.4154012408234513,,0.0,1.4154012408234513,8.9446475568
2685,1.4143387719463012,,0.0,1.4143387719463012,8.921709527
2690,1.4132120983230545,,0.0,1.4132120983230545,8.8313346147
2695,1.4121328504770638,,0.0,1.4121328504770638,8.7511418698
2700,1.4112245938903771,,0.0,1.4112245938903771,8.7345193241
2705,1.4106015598043018,,0.0,1.4106015598043018,8.6910231438
2710,1.410345021361231,,0.0,1.410345021361231,8.6811626593
2715,1.4104782529138307,,0.0,1.4104782529138307,8.7516632094
2720,1.410968183306341,,0.0,1.410968183306341,8.7885009131
2725,1.411727149052543,,0.0,1.411727149052543,8.8261197631
2730,1.4126304173017104,,0.0,1.4126304173017104,8.8793055356
2735,1.4135605932009174,,0.0,1.4135605932009174,8.9072155888
2740,1.414394364595619,,0.0,1.414394364595619,8.8523140316
2745,1.4150068363663992,,0.0,1.4150068363663992,8.7530286427
2750,1.4153120551506784,,0.0,1.4153120551506784,8.6484974944
2755,1.4152656246696784,,0.0,1.4152656246696784,8.5588458739
2760,1.4148509974772072,,0.0,1.4148509974772072,8.5506382854
2765,1.4140517468144098,,0.0,1.4140517468144098,8.6538975992
2770,1.4129023196920143,,0.0,1.4129023196920143,8.8060282996
2775,1.4114709859765522,,0.0,1.4114709859765522,8.963792756
2780,1.409850460515762,,0.0,1.409850460515762,9.0634967046
2785,1.4081531481106035,,0.0,1.4081531481106035,9.1389226339
2790,1.4065319001919383,,0.0,1.4065319001919383,9.1798273324
2795,1.4051249660369378,,0.0,1.4051249660369378,9.1780795749
2800,1.404046513573144,,0.0,1.404046513573144,9.1261175076
2805,1.4033852841903507,,0.0,1.4033852841903507,9.0665293131
2810,1.4031864977292292,,0.0,1.4031864977292292,9.0233131923
2815,1.403450801670827,,0.0,1.403450801670827,8.9756968015
2820,1.4041048362241313,,0.0,1.4041048362241313,8.9621429597
2825,1.4050328261081322,,0.0,1.4050328261081322,8.9655425536
2830,1.4061069562363002,,0.0,1.4061069562363002,8.9394721636
2835,1.4071957130033437,,0.0,1.4071957130033437,8.9114537622
2840,1.4081575479343582,,0.0,1.4081575479343582,8.8369361441
2845,1.4088808298298712,,0.0,1.4088808298298712,8.752620275
2850,1.4092861971788986,,0.0,1.4092861971788986,8.6800454934
2855,1.4093199166608548,,0.0,1.4093199166608548,8.6386341994
2860,1.4089802608627586,,0.0,1.4089802608627586,8.6615056034
2865,1.408299788731524,,0.0,1.408299788731524,8.7314303167
2870,1.4073334369356336,,0.0,1.4073334369356336,8.8149419373
2875,1.40614886089384,,0.0,1.40614886089384,8.93415659
2880,1.4048141102025888,,0.0,1.4048141102025888,9.051020464
2885,1.403399336175912,,0.0,1.403399336175912,9.1281398722
2890,1.4019917615666782,,0.0,1.4019917615666782,9.1608210209
2895,1.4006772542083448,,0.0,1.4006772542083448,9.1249955706
2900,1.399532230000536,,0.0,1.399532230000536,9.0475824709
2905,1.3986298727983009,,0.0,1.3986298727983009,8.9849751106
2910,1.3980240070776258,,0.0,1.3980240070776258,8.9094811212
2915,1.3977469281712467,,0.0,1.3977469281712467,8.8386378091
2920,1.3977996638774512,,0.0,1.3977996638774512,8.7610555837
2925,1.3981433156386132,,0.0,1.3981433156386132,8.6899108592
2930,1.398725573921161,,0.0,1.398725573921161,8.5988591756
2935,1.3994856152286674,,0.0,1.3994856152286674,8.5300515698
2940,1.4003550501663249,,0.0,1.4003550501663249,8.4755915038
2945,1.4012566216935085,,0.0,1.4012566216935085,8.3780337138
2950,1.402110555793873,,0.0,1.402110555793873,8.2959821634
2955,1.4028500481865767,,0.0,1.4028500481865767,8.2000887645
2960,1.4034136962305122,,0.0,1.4034136962305122,8.1265035034
2965,1.4037531647676431,,0.0,1.4037531647676431,8.0610558223
2970,1.4038348665698248,,0.0,1.4038348665698248,8.0036262672
2975,1.403640492923612,,0.0,1.403640492923612,8.00078852
2980,1.403179801151547,,0.0,1.403179801151547,8.0250198033
2985,1.4024822596098356,,0.0,1.4024822596098356,8.0664704797
2990,1.4016169832178462,,0.0,1.4016169832178462,8.1139830286
2995,1.4006561889555382,,0.0,1.4006561889555382,8.1371419832
3000,1.3996510608589219,,0.0,1.3996510608589219,8.1429673146
3005,1.3986292529657132,,0.0,1.3986292529657132,8.1075495033
3010,1.3976140401839616,,0.0,1.3976140401839616,8.0511219931
3015,1.396639281131366,,0.0,1.396639281131366,8.0254104121
3020,1.3957553753762395,,0.0,1.3957553753762395,8.0005542486
3025,1.3950185095147687,,0.0,1.3950185095147687,7.9823348979
3030,1.3944822485379205,,0.0,1.3944822485379205,7.9613918929
3035,1.3941903446964636,,0.0,1.3941903446964636,7.9402360911
3040,1.3941628762777079,,0.0,1.3941628762777079,7.8887524045
3045,1.394381463599803,,0.0,1.394381463599803,7.7826354953
3050,1.3948212826682476,,0.0,1.3948212826682476,7.6900088932
3055,1.3954361856200082,,0.0,1.3954361856200082,7.6445520973
3060,1.3961672359599977,,0.0,1.3961672359599977,7.6287327689
3065,1.3969553860197579,,0.0,1.3969553860197579,7.6076051145
3070,1.3977507016426893,,0.0,1.3977507016426893,7.6098857512
3075,1.3985094145684784,,0.0,1.3985094145684784,7.5988524197
3080,1.3991794187272402,,0.0,1.3991794187272402,7.5652293125
3085,1.3997107719213833,,0.0,1.3997107719213833,7.4942634504
3090,1.4000703069137312,,0.0,1.4000703069137312,7.4014985788
3095,1.4002361057681507,,0.0,1.4002361057681507,7.3071358765
3100,1.4002012425092583,,0.0,1.4002012425092583,7.2260562998
3105,1.399965689078093,,0.0,1.399965689078093,7.1738213194
3110,1.3995355551322832,,0.0,1.3995355551322832,7.171909842
3115,1.3989227493101561,,0.0,1.3989227493101561,7.2260622706
3120,1.3981504307584376,,0.0,1.3981504307584376,7.2973980432
3125,1.3972461974693633,,0.0,1.3972461974693633,7.3461813094
3130,1.3962335482431394,,0.0,1.3962335482431394,7.3858337374
3135,1.395138834162688,,0.0,1.395138834162688,7.3956613052
3140,1.3939938654449757,,0.0,1.3939938654449757,7.3989209915
3145,1.3928435520264526,,0.0,1.3928435520264526,7.4006060387
3150,1.3917266295440842,,0.0,1.3917266295440842,7.3930465115
3155,1.390685051601635,,0.0,1.390685051601635,7.3658643419
3160,1.3897711073766483,,0.0,1.3897711073766483,7.3058752721
3165,1.389038947138141,,0.0,1.389038947138141,7.2511423025
3170,1.3885311097679276,,0.0,1.3885311097679276,7.1703555125
3175,1.3882553008072203,,0.0,1.3882553008072203,7.0936459999
3180,1.3881813035079242,,0.0,1.3881813035079242,7.0445017918
3185,1.3882880133540056,,0.0,1.3882880133540056,7.0309683482
3190,1.3885545692807582,,0.0,1.3885545692807582,7.0491640768
3195,1.3889507189230768,,0.0,1.3889507189230768,7.0799246552
3200,1.3894500213948748,,0.0,1.3894500213948748,7.1035316141
3205,1.39000248197856,,0.0,1.39000248197856,7.0807018443
3210,1.3905629424086332,,0.0,1.3905629424086332,7.0122370752
3215,1.3910922248659514,,0.0,1.3910922248659514,6.9415387484
3220,1.3915615110832453,,0.0,1.3915615110832453,6.8764305236
3225,1.3919488393697879,,0.0,1.3919488393697879,6.8192161907
3230,1.3922357038749944,,0.0,1.3922357038749944,6.7947930521
3235,1.3923777458447217,,0.0,1.3923777458447217,6.7814856097
3240,1.3923191848374492,,0.0,1.3923191848374492,6.7755460285
3245,1.3919956856160105,,0.0,1.3919956856160105,6.7616084865
3250,1.3913379306183526,,0.0,1.3913379306183526,6.7235737799
3255,1.3903116442783459,,0.0,1.3903116442783459,6.6719678923
3260,1.3889290098112919,,0.0,1.3889290098112919,6.6295057583
3265,1.3872218683183315,,0.0,1.3872218683183315,6.5923548101
3270,1.3852760877053645,,0.0,1.3852760877053645,6.5979884789
3275,1.3832191158294216,,0.0,1.3832191158294216,6.5961467896
3280,1.3811680415510426,,0.0,1.3811680415510426,6.5865414483
3285,1.3792397144810389,,0.0,1.3792397144810389,6.590476445
3290,1.377548259637509,,0.0,1.377548259637509,6.5652223289
3295,1.3761988424404765,,0.0,1.3761988424404765,6.487591991
3300,1.375258731109523,,0.0,1.375258731109523,6.3922898631
3305,1.3747694644973703,,0.0,1.3747694644973703,6.306500492
3310,1.3747110816475967,,0.0,1.3747110816475967,6.2432343646
3315,1.375046451282462,,0.0,1.375046451282462,6.2447939635
3320,1.3757154079147338,,0.0,1.3757154079147338,6.2889737331
3325,1.3766506734245083,,0.0,1.3766506734245083,6.419206786
3330,1.3777796051662803,,0.0,1.3777796051662803,6.5476845794
3335,1.3790129170635255,,0.0,1.3790129170635255,6.6412176217
3340,1.3802445886223271,,0.0,1.3802445886223271,6.70675547
3345,1.3813673204686598,,0.0,1.3813673204686598,6.6917533599
3350,1.3822851385446937,,0.0,1.3822851385446937,6.6330208049
3355,1.382922445490096,,0.0,1.382922445490096,6.5463469577
3360,1.383223469773636,,0.0,1.383223469773636,6.4461425483
3365,1.3831693507268539,,0.0,1.3831693507268539,6.3644445902
3370,1.3827696713300393,,0.0,1.3827696713300393,6.3072489844
3375,1.3820460198869038,,0.0,1.3820460198869038,6.2777320463
3380,1.3810124282201581,,0.0,1.3810124282201581,6.3109942059
3385,1.3796868736480843,,0.0,1.3796868736480843,6.3512724059
3390,1.378095242904365,,0.0,1.378095242904365,6.3731199735
3395,1.3762809593317609,,0.0,1.3762809593317609,6.3621622675
3400,1.3743195321052992,,0.0,1.3743195321052992,6.3460880828
3405,1.3722974922834117,,0.0,1.3722974922834117,6.3481963187
3410,1.3703181222449112,,0.0,1.3703181222449112,6.3494486085
3415,1.368484539805944,,0.0,1.368484539805944,6.3655523437
3420,1.3668955188594991,,0.0,1.3668955188594991,6.3430540351
3425,1.365646337784695,,0.0,1.365646337784695,6.3244691107
3430,1.364808252554156,,0.0,1.364808252554156,6.2666695982
3435,1.36445073949729,,0.0,1.36445073949729,6.2001965852
3440,1.3646189315009658,,0.0,1.3646189315009658,6.1729912918
3445,1.3653212576508906,,0.0,1.3653212576508906,6.1812110455
3450,1.3665033327265084,,0.0,1.3665033327265084,6.238206936
3455,1.3680417920049797,,0.0,1.3680417920049797,6.3265115241
3460,1.369754985033435,,0.0,1.369754985033435,6.4004899631
3465,1.3714513227156888,,0.0,1.3714513227156888,6.4585261074
3470,1.3729436008563876,,0.0,1.3729436008563876,6.4983360009
3475,1.3740870140645112,,0.0,1.3740870140645112,6.4664298784
3480,1.3748246806688404,,0.0,1.3748246806688404,6.3810313292
3485,1.37517337497782,,0.0,1.37517337497782,6.2374996645
3490,1.3751742521704808,,0.0,1.3751742521704808,6.0935121893
3495,1.374884278288102,,0.0,1.374884278288102,5.9522581616
3500,1.3743529811635866,,0.0,1.3743529811635866,5.8662671836
3505,1.3735927313214966,,0.0,1.3735927313214966,5.8229351987
3510,1.3726471234767488,,0.0,1.3726471234767488,5.8695166632
3515,1.3716054511431823,,0.0,1.3716054511431823,5.956697953
3520,1.370516608026015,,0.0,1.370516608026015,6.059134604
3525,1.3694159360284779,,0.0,1.3694159360284779,6.1541295396
3530,1.3683250189387708,,0.0,1.3683250189387708,6.2330556121
3535,1.3672555380017315,,0.0,1.3672555380017315,6.2871450631
3540,1.3662218964711699,,0.0,1.3662218964711699,6.3172420583
3545,1.3652496392540463,,0.0,1.3652496392540463,6.3376495421
3550,1.3643721385241983,,0.0,1.3643721385241983,6.3462734091
3555,1.3636213069307017,,0.0,1.3636213069307017,6.3599205007
3560,1.3630471335165744,,0.0,1.3630471335165744,6.3752996146
3565,1.362708238377107,,0.0,1.362708238377107,6.3966640364
3570,1.3626624618485843,,0.0,1.3626624618485843,6.4347694304
3575,1.3629436614379369,,0.0,1.3629436614379369,6.4852224065
3580,1.363567903025215,,0.0,1.363567903025215,6.5341970321
3585,1.3645017774190376,,0.0,1.3645017774190376,6.5406071721
3590,1.365660104278781,,0.0,1.365660104278781,6.523142651
3595,1.3669093681299345,,0.0,1.3669093681299345,6.4747620116
3600,1.368122444976726,,0.0,1.368122444976726,6.4463742458
3605,1.369190915308231,,0.0,1.369190915308231,6.4059465185
3610,1.3700370383927354,,0.0,1.3700370383927354,6.3715650521
3615,1.3706167505298341,,0.0,1.3706167505298341,6.3391840843
3620,1.3709111536230207,,0.0,1.3709111536230207,6.3052244706
3625,1.3709162991341857,,0.0,1.3709162991341857,6.2730157758
3630,1.3706588049961461,,0.0,1.3706588049961461,6.2547134681
3635,1.370176812295321,,0.0,1.370176812295321,6.2130648792
3640,1.3695123457246154,,0.0,1.3695123457246154,6.1556930899
3645,1.3686995208271526,,0.0,1.3686995208271526,6.0821984428
3650,1.3677688516263005,,0.0,1.3677688516263005,5.9971911411
3655,1.366775037013787,,0.0,1.366775037013787,5.9374190603
3660,1.3657660672059484,,0.0,1.3657660672059484,5.9222760516
3665,1.3647909720736473,,0.0,1.3647909720736473,5.9383991465
3670,1.3638946648614907,,0.0,1.3638946648614907,5.9803668586
3675,1.3631145741224913,,0.0,1.3631145741224913,6.0295901003
3680,1.3624689916188113,,0.0,1.3624689916188113,6.0724526643
3685,1.3619575565923825,,0.0,1.3619575565923825,6.1091647132
3690,1.3615730620677118,,0.0,1.3615730620677118,6.1104321974
3695,1.3612980241006032,,0.0,1.3612980241006032,6.1061176525
3700,1.3611071530916634,,0.0,1.3611071530916634,6.0893019737
3705,1.3609758321804404,,0.0,1.3609758321804404,6.0619240725
3710,1.3608924466957233,,0.0,1.3608924466957233,6.045631414
3715,1.3608565105317108,,0.0,1.3608565105317108,6.0436291001
3720,1.3608755262247223,,0.0,1.3608755262247223,6.019323449
3725,1.3609588112090996,,0.0,1.3609588112090996,5.9794459024
3730,1.3611180311789306,,0.0,1.3611180311789306,5.9560086079
3735,1.3613621731392789,,0.0,1.3613621731392789,5.9383739157
3740,1.3616940875859744,,0.0,1.3616940875859744,5.9074491694
3745,1.3621042480912984,,0.0,1.3621042480912984,5.8803706975
3750,1.362570034110179,,0.0,1.362570034110179,5.8560494347
3755,1.3630632517475951,,0.0,1.3630632517475951,5.8314759999
3760,1.3635566679226843,,0.0,1.3635566679226843,5.7973017753
3765,1.364020860351958,,0.0,1.364020860351958,5.7497541502
3770,1.3644292915849714,,0.0,1.3644292915849714,5.6776944194
3775,1.3647574688775026,,0.0,1.3647574688775026,5.6002486262
3780,1.3649868756817891,,0.0,1.3649868756817891,5.5350124998
3785,1.3651009369756208,,0.0,1.3651009369756208,5.4827300372
3790,1.3650887408174588,,0.0,1.3650887408174588,5.4302254928
3795,1.3649481597005853,,0.0,1.3649481597005853,5.3933270777
3800,1.3646873003707158,,0.0,1.3646873003707158,5.3737488956
3805,1.3643153438550755,,0.0,1.3643153438550755,5.3527840168
3810,1.363843537667817,,0.0,1.363843537667817,5.3152714109
3815,1.3632878503760724,,0.0,1.3632878503760724,5.2557748544
3820,1.3626676055245677,,0.0,1.3626676055245677,5.2056679351
3825,1.361992225539349,,0.0,1.361992225539349,5.1702181361
3830,1.3612735222529142,,0.0,1.3612735222529142,5.1681809774
3835,1.3605281526669684,,0.0,1.3605281526669684,5.1834917433
3840,1.3597741900846212,,0.0,1.3597741900846212,5.2164410718
3845,1.3590305100248152,,0.0,1.3590305100248152,5.2590557623
3850,1.358317813142896,,0.0,1.358317813142896,5.2882257073
3855,1.3576547162213473,,0.0,1.3576547162213473,5.3206442459
3860,1.357058771033642,,0.0,1.357058771033642,5.3365266781
3865,1.3565405862334112,,0.0,1.3565405862334112,5.3479747528
3870,1.3561135014901349,,0.0,1.3561135014901349,5.3347579455
3875,1.355789315959069,,0.0,1.355789315959069,5.3207790333
3880,1.3555823492966723,,0.0,1.3555823492966723,5.2868502832
3885,1.355500360433452,,0.0,1.355500360433452,5.2593326974
3890,1.3555471362666538,,0.0,1.3555471362666538,5.2217211738
3895,1.3557206888358022,,0.0,1.3557206888358022,5.1812502295
3900,1.3560162692462836,,0.0,1.3560162692462836,5.1312914509
3905,1.3564249816242897,,0.0,1.3564249816242897,5.1045106689
3910,1.3569282933883673,,0.0,1.3569282933883673,5.0855561263
3915,1.357487040700558,,0.0,1.357487040700558,5.073853594
3920,1.3580707939317012,,0.0,1.3580707939317012,5.0850926501
3925,1.3586496763010956,,0.0,1.3586496763010956,5.0956025066
3930,1.3591933522326365,,0.0,1.3591933522326365,5.1071164442
3935,1.3596713802409248,,0.0,1.3596713802409248,5.0875860848
3940,1.360071383692176,,0.0,1.360071383692176,5.0532076064
3945,1.3603931961885416,,0.0,1.3603931961885416,5.0292932362
3950,1.3606421745768367,,0.0,1.3606421745768367,5.0166027278
3955,1.360817413726176,,0.0,1.360817413726176,5.0135983424
3960,1.3609148715041877,,0.0,1.3609148715041877,5.0074518823
3965,1.3609266391715915,,0.0,1.3609266391715915,4.9835989669
3970,1.3608257050042332,,0.0,1.3608257050042332,4.9561639957
3975,1.3606072440440502,,0.0,1.3606072440440502,4.911198806
3980,1.3602746081536587,,0.0,1.3602746081536587,4.8651376286
3985,1.3598344083816196,,0.0,1.3598344083816196,4.8274340837
3990,1.359305379686453,,0.0,1.359305379686453,4.7879814278
3995,1.3587161872426459,,0.0,1.3587161872426459,4.7479619368
4000,1.3581002219139118,,0.0,1.3581002219139118,4.7176838416
4005,1.3574963961183284,,0.0,1.3574963961183284,4.6792575225
4010,1.356946235282815,,0.0,1.356946235282815,4.6472857642
4015,1.3564839152217225,,0.0,1.3564839152217225,4.6182259813
4020,1.35612691480835,,0.0,1.35612691480835,4.6262988129
4025,1.3558707277542628,,0.0,1.3558707277542628,4.6456470957
4030,1.3556947726909199,,0.0,1.3556947726909199,4.6470116215
4035,1.3555650182279337,,0.0,1.3555650182279337,4.6325605173
4040,1.3554395865110749,,0.0,1.3554395865110749,4.6109969925
4045,1.3552715739688426,,0.0,1.3552715739688426,4.5788787636
4050,1.3550249417636429,,0.0,1.3550249417636429,4.5496521311
4055,1.354671418705502,,0.0,1.354671418705502,4.5069572943
4060,1.3541871054899768,,0.0,1.3541871054899768,4.4734601538
4065,1.3535612674878776,,0.0,1.3535612674878776,4.4509270334
4070,1.3527988126750874,,0.0,1.3527988126750874,4.4405999386
4075,1.351926584639319,,0.0,1.351926584639319,4.4183752762
4080,1.3509749098049155,,0.0,1.3509749098049155,4.3858368587
4085,1.3499860493617375,,0.0,1.3499860493617375,4.3612524064
4090,1.3490002529957232,,0.0,1.3490002529957232,4.3518865617
4095,1.3480573007070542,,0.0,1.3480573007070542,4.3429740523
4100,1.3471918094539337,,0.0,1.3471918094539337,4.3337208237
4105,1.3464317699574617,,0.0,1.3464317699574617,4.2970816306
4110,1.3457978035979674,,0.0,1.3457978035979674,4.2429307198
4115,1.345309408165841,,0.0,1.345309408165841,4.2120742742
4120,1.34498431052537,,0.0,1.34498431052537,4.1934741337
4125,1.344823540720525,,0.0,1.344823540720525,4.1788714765
4130,1.344838618500163,,0.0,1.344838618500163,4.1739427419
4135,1.345037129007924,,0.0,1.345037129007924,4.1733640992
4140,1.3454138529873185,,0.0,1.3454138529873185,4.1959268258
4145,1.3459545042015124,,0.0,1.3459545042015124,4.2230887755
4150,1.3466322626545348,,0.0,1.3466322626545348,4.2392143459
4155,1.3474120020045508,,0.0,1.3474120020045508,4.2532150876
4160,1.3482507909065005,,0.0,1.3482507909065005,4.2767718512
4165,1.3490957833018113,,0.0,1.3490957833018113,4.2942050663
4170,1.3498903092895622,,0.0,1.3498903092895622,4.2777874987
4175,1.3505890991894143,,0.0,1.3505890991894143,4.2326749201
4180,1.3511536492009624,,0.0,1.3511536492009624,4.1827521547
4185,1.3515535854266134,,0.0,1.3515535854266134,4.1157434228
4190,1.3517673807756212,,0.0,1.3517673807756212,4.040884577
4195,1.3517895910127202,,0.0,1.3517895910127202,3.9752681438
4200,1.3516258246460773,,0.0,1.3516258246460773,3.9248451612
4205,1.3512845445432295,,0.0,1.3512845445432295,3.8870798924
4210,1.3507833716591673,,0.0,1.3507833716591673,3.8826561523
4215,1.3501485635791408,,0.0,1.3501485635791408,3.8976704268
4220,1.349410010847714,,0.0,1.349410010847714,3.9081702992
4225,1.3485908879450375,,0.0,1.3485908879450375,3.9222861092
4230,1.3477025573255863,,0.0,1.3477025573255863,3.9323670073
4235,1.3467639965782077,,0.0,1.3467639965782077,3.9305943178
4240,1.3457935653426356,,0.0,1.3457935653426356,3.9211860886
4245,1.3448077996193246,,0.0,1.3448077996193246,3.8933806898
4250,1.3438269472084112,,0.0,1.3438269472084112,3.859782247
4255,1.3428747324442611,,0.0,1.3428747324442611,3.8048929101
4260,1.341977522660814,,0.0,1.341977522660814,3.7535321632
4265,1.3411639904698716,,0.0,1.3411639904698716,3.7355790447
4270,1.340466838517898,,0.0,1.340466838517898,3.7198233264
4275,1.3399107314042136,,0.0,1.3399107314042136,3.7105603058
4280,1.339528683876891,,0.0,1.339528683876891,3.7035007656
4285,1.3393442835975602,,0.0,1.3393442835975602,3.7142410933
4290,1.3393646924107356,,0.0,1.3393646924107356,3.7375370307
4295,1.33957622483594,,0.0,1.33957622483594,3.7498922921
4300,1.339951441068762,,0.0,1.339951441068762,3.7561089976
4305,1.3404524399727782,,0.0,1.3404524399727782,3.750849731
4310,1.341031215901639,,0.0,1.341031215901639,3.7295819031
4315,1.3416283775732785,,0.0,1.3416283775732785,3.7055934772
4320,1.3421868931213499,,0.0,1.3421868931213499,3.6843638426
4325,1.3426522841173896,,0.0,1.3426522841173896,3.6784712688
4330,1.342989355641724,,0.0,1.342989355641724,3.6864115755
4335,1.3431845694389057,,0.0,1.3431845694389057,3.6954815035
4340,1.34323808176499,,0.0,1.34323808176499,3.7131692364
4345,1.343162489547995,,0.0,1.343162489547995,3.7368997346
4350,1.3429805653633,,0.0,1.3429805653633,3.7529362812
4355,1.342722706820976,,0.0,1.342722706820976,3.7407536314
4360,1.3424240979261957,,0.0,1.3424240979261957,3.7169543965
4365,1.3421166930059747,,0.0,1.3421166930059747,3.6842020563
4370,1.3418262990601848,,0.0,1.3418262990601848,3.6546382087
4375,1.3415675277081889,,0.0,1.3415675277081889,3.6250734967
4380,1.3413455320674958,,0.0,1.3413455320674958,3.5890830755
4385,1.341155916491805,,0.0,1.341155916491805,3.558162764
4390,1.3409860218500995,,0.0,1.3409860218500995,3.5389866081
4395,1.34082147673863,,0.0,1.34082147673863,3.5374383716
4400,1.34064690371192,,0.0,1.34064690371192,3.5335967552
4405,1.340450912594592,,0.0,1.340450912594592,3.5225573661
4410,1.3402241240149269,,0.0,1.3402241240149269,3.506358408
4415,1.3399605482782202,,0.0,1.3399605482782202,3.4795259223
4420,1.3396579410298088,,0.0,1.3396579410298088,3.4473389702
4425,1.339318648645965,,0.0,1.339318648645965,3.4082728029
4430,1.3389448996408373,,0.0,1.3389448996408373,3.3780486935
4435,1.3385403966623466,,0.0,1.3385403966623466,3.3499428094
4440,1.3381076454819474,,0.0,1.3381076454819474,3.315541932
4445,1.3376534924860937,,0.0,1.3376534924860937,3.2851813958
4450,1.337183547269573,,0.0,1.337183547269573,3.2739197195
4455,1.3366989077539286,,0.0,1.3366989077539286,3.2709112275
4460,1.3361980452087352,,0.0,1.3361980452087352,3.2727883704
4465,1.3356832579574835,,0.0,1.3356832579574835,3.2816875229
4470,1.3351587970051884,,0.0,1.3351587970051884,3.2867159427
4475,1.3346303095195657,,0.0,1.3346303095195657,3.2950918222
4480,1.334106108873293,,0.0,1.334106108873293,3.2976499848
4485,1.3336037567160188,,0.0,1.3336037567160188,3.3010234971
4490,1.333145738827702,,0.0,1.333145738827702,3.2950995543
4495,1.3327592310846614,,0.0,1.3327592310846614,3.2779152228
4500,1.3324697746993484,,0.0,1.3324697746993484,3.2512969429
4505,1.3322973665349613,,0.0,1.3322973665349613,3.2274793648
4510,1.3322504107090796,,0.0,1.3322504107090796,3.215639329
4515,1.332328183508177,,0.0,1.332328183508177,3.1977141491
4520,1.3325235298730826,,0.0,1.3325235298730826,3.1855539503
4525,1.3328196918429565,,0.0,1.3328196918429565,3.1746579346
4530,1.3331898549998134,,0.0,1.3331898549998134,3.1712030711
4535,1.3335989922223614,,0.0,1.3335989922223614,3.1712629466
4540,1.3340120523629178,,0.0,1.3340120523629178,3.1829128554
4545,1.3343958990201874,,0.0,1.3343958990201874,3.2109682953
4550,1.3347246109059496,,0.0,1.3347246109059496,3.2289465372
4555,1.33498276022797,,0.0,1.33498276022797,3.2287589498
4560,1.3351562119828657,,0.0,1.3351562119828657,3.2223508104
4565,1.3352422729933353,,0.0,1.3352422729933353,3.2178151813
4570,1.3352504328144363,,0.0,1.3352504328144363,3.2161974173
4575,1.3351973381611975,,0.0,1.3351973381611975,3.2057020726
4580,1.335103814384725,,0.0,1.335103814384725,3.1902281846
4585,1.3349912448762153,,0.0,1.3349912448762153,3.1703918654
4590,1.334878505782437,,0.0,1.334878505782437,3.1565491433
4595,1.3347801881011068,,0.0,1.3347801881011068,3.1473130664
4600,1.3347045722923694,,0.0,1.3347045722923694,3.1311365693
4605,1.334651686101273,,0.0,1.334651686101273,3.1106868645
4610,1.3346166856867026,,0.0,1.3346166856867026,3.0676259523
4615,1.3345911405382702,,0.0,1.3345911405382702,3.0234977963
4620,1.334566133701727,,0.0,1.334566133701727,2.9864683199
4625,1.3345348496747924,,0.0,1.3345348496747924,2.9457827526
4630,1.3344931840496568,,0.0,1.3344931840496568,2.9425751372
4635,1.334439550094497,,0.0,1.334439550094497,2.9270777223
4640,1.3343730285282112,,0.0,1.3343730285282112,2.8887883515
4645,1.334296951098858,,0.0,1.334296951098858,2.8672472249
4650,1.3342148208542128,,0.0,1.3342148208542128,2.8572609843
4655,1.3341354269619317,,0.0,1.3341354269619317,2.848351533
4660,1.3340730925315105,,0.0,1.3340730925315105,2.843234104
4665,1.3340401741063257,,0.0,1.3340401741063257,2.8426634651
4670,1.3340430801163996,,0.0,1.3340430801163996,2.8357832701
4675,1.3340808026606765,,0.0,1.3340808026606765,2.8249494642
4680,1.3341454474640044,,0.0,1.3341454474640044,2.8133937888
4685,1.334226869980522,,0.0,1.334226869980522,2.8059732133
4690,1.3343142124065481,,0.0,1.3343142124065481,2.7886747004
4695,1.3343954303969052,,0.0,1.3343954303969052,2.7870730703
4700,1.3344622723955588,,0.0,1.3344622723955588,2.7920601667
4705,1.3345096459425803,,0.0,1.3345096459425803,2.7823189201
4710,1.334534179447152,,0.0,1.334534179447152,2.7514333601
4715,1.3345369512233503,,0.0,1.3345369512233503,2.7009844646
4720,1.3345211090422788,,0.0,1.3345211090422788,2.6528163235
4725,1.3344921336979527,,0.0,1.3344921336979527,2.6210548349
4730,1.3344562914179674,,0.0,1.3344562914179674,2.6011213673
4735,1.3344204861313795,,0.0,1.3344204861313795,2.5974001279
4740,1.3343973454813531,,0.0,1.3343973454813531,2.5949498946
4745,1.334398873728836,,0.0,1.334398873728836,2.6023949329
4750,1.3344364608318806,,0.0,1.3344364608318806,2.6081901499
4755,1.3345183419747704,,0.0,1.3345183419747704,2.6102753519
4760,1.3346482888662066,,0.0,1.3346482888662066,2.6111572885
4765,1.3348252817730422,,0.0,1.3348252817730422,2.6097797892
4770,1.3350433935899244,,0.0,1.3350433935899244,2.6175396824
4775,1.3352934391121767,,0.0,1.3352934391121767,2.6226638086
4780,1.3355640998330938,,0.0,1.3355640998330938,2.6201021764
4785,1.3358432333943113,,0.0,1.3358432333943113,2.6170695594
4790,1.3361184082273323,,0.0,1.3361184082273323,2.6138551717
4795,1.3363802994122072,,0.0,1.3363802994122072,2.6025791773
4800,1.3366224086674547,,0.0,1.3366224086674547,2.5996094587
4805,1.3368399073405033,,0.0,1.3368399073405033,2.5939345742
4810,1.3370279358463115,,0.0,1.3370279358463115,2.5755040804
4815,1.3371835784918076,,0.0,1.3371835784918076,2.5508949238
4820,1.3373053250191178,,0.0,1.3373053250191178,2.5507633492
4825,1.337394168937611,,0.0,1.337394168937611,2.5100097904
4830,1.3374527149736648,,0.0,1.3374527149736648,2.4783644806
4835,1.3374836095074505,,0.0,1.3374836095074505,2.4566096144
4840,1.3374881624722805,,0.0,1.3374881624722805,2.4383954695
4845,1.3374670147087433,,0.0,1.3374670147087433,2.4195275561
4850,1.3374195155966642,,0.0,1.3374195155966642,2.4076656447
4855,1.3373446003202107,,0.0,1.3373446003202107,2.3992555902
4860,1.3372450480446023,,0.0,1.3372450480446023,2.377373998
4865,1.3371265692271723,,0.0,1.3371265692271723,2.352755543
4870,1.3369987920999258,,0.0,1.3369987920999258,2.3517167889
4875,1.3368740101822383,,0.0,1.3368740101822383,2.3603842474
4880,1.3367663310946503,,0.0,1.3367663310946503,2.3716994107
4885,1.3366909186530114,,0.0,1.3366909186530114,2.3685560782
4890,1.3366622413566664,,0.0,1.3366622413566664,2.3537335659
4895,1.3366923491046325,,0.0,1.3366923491046325,2.3382580358
4900,1.336789633602865,,0.0,1.336789633602865,2.3330779421
4905,1.3369580436309452,,0.0,1.3369580436309452,2.3263909802
4910,1.3371961622596424,,0.0,1.3371961622596424,2.3353875634
4915,1.3374954626798288,,0.0,1.3374954626798288,2.3486826075
4920,1.3378452141741495,,0.0,1.3378452141741495,2.3554901246
4925,1.3382343587109518,,0.0,1.3382343587109518,2.3495098916
4930,1.3386489924472942,,0.0,1.3386489924472942,2.3446876547
4935,1.3390770273317003,,0.0,1.3390770273317003,2.3378509501
4940,1.3395088284192642,,0.0,1.3395088284192642,2.3192853695
4945,1.3399363541132159,,0.0,1.3399363541132159,2.2895910313
4950,1.340352957892866,,0.0,1.340352957892866,2.2786453018
4955,1.3407529238919238,,0.0,1.3407529238919238,2.2548728942
4960,1.3411302317246878,,0.0,1.3411302317246878,2.2247103905
4965,1.3414790197969595,,0.0,1.3414790197969595,2.2085165872
4970,1.3417970413876568,,0.0,1.3417970413876568,2.1929356405
4975,1.3420832805064364,,0.0,1.3420832805064364,2.1788409935
4980,1.34233854064893,,0.0,1.34233854064893,2.1677974232
4985,1.342562707816553,,0.0,1.342562707816553,2.1701990678
4990,1.3427571332100576,,0.0,1.3427571332100576,2.1660192774
4995,1.342925563787342,,0.0,1.342925563787342,2.1604414068
5000,1.3430707332928808,,0.0,1.3430707332928808,2.1433898385
5005,1.3431963121140338,,0.0,1.3431963121140338,2.1356337276
5010,1.3433078068339472,,0.0,1.3433078068339472,2.1301467524
5015,1.3434099952754925,,0.0,1.3434099952754925,2.1181240061
5020,1.3435062956575887,,0.0,1.3435062956575887,2.1188016882
5025,1.3435984285354334,,0.0,1.3435984285354334,2.1085716637
5030,1.3436861412576433,,0.0,1.3436861412576433,2.1063511961
5035,1.3437700691351133,,0.0,1.3437700691351133,2.0828584038
5040,1.3438510933930754,,0.0,1.3438510933930754,2.0556146658
5045,1.3439300262442724,,0.0,1.3439300262442724,2.031381803
5050,1.3440079134524547,,0.0,1.3440079134524547,1.9995037802
5055,1.34408611928197,,0.0,1.34408611928197,1.990494745
5060,1.3441664233277397,,0.0,1.3441664233277397,1.9835402078
5065,1.344250628583251,,0.0,1.344250628583251,1.9990170902
5070,1.344339742200999,,0.0,1.344339742200999,2.0036139512
5075,1.344433694540671,,0.0,1.344433694540671,2.0123231047
5080,1.3445312981673263,,0.0,1.3445312981673263,2.0295740573
5085,1.3446304449402413,,0.0,1.3446304449402413,2.0329712867
5090,1.3447282228850022,,0.0,1.3447282228850022,2.0074661288
5095,1.3448221612193407,,0.0,1.3448221612193407,1.9872756928
5100,1.3449106418684642,,0.0,1.3449106418684642,1.9833292399
5105,1.3449931817208147,,0.0,1.3449931817208147,1.9680184313
5110,1.3450706659858986,,0.0,1.3450706659858986,1.9463728548
5115,1.345145277298325,,0.0,1.345145277298325,1.9479790416
5120,1.3452200299438821,,0.0,1.3452200299438821,1.9320891736
5125,1.3452989323455526,,0.0,1.3452989323455526,1.9018976648
5130,1.3453861847269446,,0.0,1.3453861847269446,1.889812372
5135,1.3454854768414135,,0.0,1.3454854768414135,1.8992914464
5140,1.3455995591673922,,0.0,1.3455995591673922,1.9039168289
5145,1.345730009864474,,0.0,1.345730009864474,1.9054135398
5150,1.3458771735121524,,0.0,1.3458771735121524,1.9028902822
5155,1.3460404268248007,,0.0,1.3460404268248007,1.8946126116
5160,1.3462183055931154,,0.0,1.3462183055931154,1.8807934209
5165,1.3464088332299176,,0.0,1.3464088332299176,1.8854674128
5170,1.346609866267238,,0.0,1.346609866267238,1.8911974992
5175,1.3468192998000685,,0.0,1.3468192998000685,1.8932333944
5180,1.3470351453366964,,0.0,1.3470351453366964,1.8981438394
5185,1.3472554780855297,,0.0,1.3472554780855297,1.9037175968
5190,1.3474783365271958,,0.0,1.3474783365271958,1.8925859488
5195,1.3477016264538635,,0.0,1.3477016264538635,1.8731230407
5200,1.347923035512562,,0.0,1.347923035512562,1.8587369774
5205,1.3481397639405726,,0.0,1.3481397639405726,1.8487521022
5210,1.3483484750396753,,0.0,1.3483484750396753,1.8303671646
5215,1.3485462687882832,,0.0,1.3485462687882832,1.8167688585
5220,1.348730541329315,,0.0,1.348730541329315,1.8066756147
5225,1.3488990967955374,,0.0,1.3488990967955374,1.7918154183
5230,1.3490503726022534,,0.0,1.3490503726022534,1.7754541584
5235,1.3491835701074049,,0.0,1.3491835701074049,1.7810958877
5240,1.3492987470226232,,0.0,1.3492987470226232,1.7769150156
5245,1.349396734492,,0.0,1.349396734492,1.7782193693
5250,1.3494789589345852,,0.0,1.3494789589345852,1.7776179839
5255,1.349547163628023,,0.0,1.349547163628023,1.7859128164
5260,1.3496031780310505,,0.0,1.3496031780310505,1.7887574145
5265,1.3496486814314266,,0.0,1.3496486814314266,1.787436043
5270,1.3496850600190893,,0.0,1.3496850600190893,1.7880841254
5275,1.3497133859023038,,0.0,1.3497133859023038,1.7704215581
5280,1.349734489862954,,0.0,1.349734489862954,1.7641115758
5285,1.3497489586762113,,0.0,1.3497489586762113,1.7719169286
5290,1.3497574098082452,,0.0,1.3497574098082452,1.7745143299
5295,1.3497608358508335,,0.0,1.3497608358508335,1.763347833
5300,1.3497605943795692,,0.0,1.3497605943795692,1.7462849176
5305,1.3497585161088412,,0.0,1.3497585161088412,1.7327917043
5310,1.3497568943636848,,0.0,1.3497568943636848,1.7306666901
5315,1.3497583129349198,,0.0,1.3497583129349198,1.726530882
5320,1.3497654298899255,,0.0,1.3497654298899255,1.7186074534
5325,1.3497805624352466,,0.0,1.3497805624352466,1.7080165771
5330,1.3498058145582998,,0.0,1.3498058145582998,1.7065162356
5335,1.3498427792208674,,0.0,1.3498427792208674,1.7068762127
5340,1.3498923206968974,,0.0,1.3498923206968974,1.6915890652
5345,1.3499546322116955,,0.0,1.3499546322116955,1.6805617158
5350,1.3500293792068248,,0.0,1.3500293792068248,1.6732339385
5355,1.3501158743584798,,0.0,1.3501158743584798,1.671288782
5360,1.350213198844354,,0.0,1.350213198844354,1.6664597491
5365,1.3503203026025081,,0.0,1.3503203026025081,1.6472991349
5370,1.3504361487794823,,0.0,1.3504361487794823,1.6377228697
5375,1.3505595972445554,,0.0,1.3505595972445554,1.6313926032
5380,1.3506894157215736,,0.0,1.3506894157215736,1.6320288579
5385,1.3508242095208098,,0.0,1.3508242095208098,1.6315083068
5390,1.3509623095928878,,0.0,1.3509623095928878,1.6257468381
5395,1.3511017392540392,,0.0,1.3511017392540392,1.6206308966
5400,1.3512402744814815,,0.0,1.3512402744814815,1.6164311483
5405,1.3513755947605148,,0.0,1.3513755947605148,1.6209164707
5410,1.3515054901461305,,0.0,1.3515054901461305,1.6201028899
5415,1.351628048041035,,0.0,1.351628048041035,1.6162634414
5420,1.3517417858599614,,0.0,1.3517417858599614,1.6089404146
5425,1.351845735351435,,0.0,1.351845735351435,1.5994478528
5430,1.3519394268297005,,0.0,1.3519394268297005,1.5905170735
5435,1.3520228242913925,,0.0,1.3520228242913925,1.5812028757
5440,1.352096184444611,,0.0,1.352096184444611,1.5721136149
5445,1.352159944956023,,0.0,1.352159944956023,1.5679210514
5450,1.3522146803340593,,0.0,1.3522146803340593,1.5581115939
5455,1.3522610644525765,,0.0,1.3522610644525765,1.5458617002
5460,1.3522998454619923,,0.0,1.3522998454619923,1.5315800654
5465,1.3523318022520152,,0.0,1.3523318022520152,1.5189898586
5470,1.3523576611682082,,0.0,1.3523576611682082,1.5206310768
5475,1.3523780238362249,,0.0,1.3523780238362249,1.5237958591
5480,1.3523933183363224,,0.0,1.3523933183363224,1.5160844458
5485,1.352403798020151,,0.0,1.352403798020151,1.494569026
5490,1.3524096503901473,,0.0,1.3524096503901473,1.4844787275
5495,1.3524111193081405,,0.0,1.3524111193081405,1.4794292844
5500,1.3524085241198776,,0.0,1.3524085241198776,1.4754008369
5505,1.3524023054862682,,0.0,1.3524023054862682,1.4741342704
5510,1.352393018356571,,0.0,1.352393018356571,1.467665841
5515,1.3523811546077513,,0.0,1.3523811546077513,1.4581133546
5520,1.35236717388036,,0.0,1.35236717388036,1.4592456295
5525,1.352351602461017,,0.0,1.352351602461017,1.4604455584
5530,1.3523351243170774,,0.0,1.3523351243170774,1.4526776739
5535,1.3523185171791885,,0.0,1.3523185171791885,1.4452700317
5540,1.3523028158724524,,0.0,1.3523028158724524,1.4391386336
5545,1.3522891992837272,,0.0,1.3522891992837272,1.431492796
5550,1.3522788177579674,,0.0,1.3522788177579674,1.4283223569
5555,1.352272656232312,,0.0,1.352272656232312,1.4192181898
5560,1.3522713416386032,,0.0,1.3522713416386032,1.4141335773
5565,1.352274816482534,,0.0,1.352274816482534,1.4043321603
5570,1.3522824650365275,,0.0,1.3522824650365275,1.3960985742
5575,1.3522930903516754,,0.0,1.3522930903516754,1.3845526575
5580,1.3523048519822978,,0.0,1.3523048519822978,1.3703953414
5585,1.3523154095889032,,0.0,1.3523154095889032,1.3691008681
5590,1.3523225237911367,,0.0,1.3523225237911367,1.3541209848
5595,1.3523242221551253,,0.0,1.3523242221551253,1.3382872452
5600,1.352319104147537,,0.0,1.352319104147537,1.3297739009
5605,1.352306757069835,,0.0,1.352306757069835,1.3305407215
5610,1.3522879962255956,,0.0,1.3522879962255956,1.3310293172
5615,1.3522649398490403,,0.0,1.3522649398490403,1.3300712636
5620,1.3522408241621966,,0.0,1.3522408241621966,1.3276506692
5625,1.3522197593681855,,0.0,1.3522197593681855,1.3215785079
5630,1.3522063136445266,,0.0,1.3522063136445266,1.3118348339
5635,1.3522048564137426,,0.0,1.3522048564137426,1.3028755436
5640,1.3522189520331611,,0.0,1.3522189520331611,1.297292087
5645,1.352250853550412,,0.0,1.352250853550412,1.3028738594
5650,1.352301158558579,,0.0,1.352301158558579,1.3065291524
5655,1.3523687797367072,,0.0,1.3523687797367072,1.3068082207
5660,1.3524513171743449,,0.0,1.3524513171743449,1.3077682615
5665,1.3525454031683615,,0.0,1.3525454031683615,1.3107490724
5670,1.3526472863419348,,0.0,1.3526472863419348,1.3147801389
5675,1.35275334911747,,0.0,1.35275334911747,1.3139161218
5680,1.3528605412058126,,0.0,1.3528605412058126,1.3131929159
5685,1.3529663860776788,,0.0,1.3529663860776788,1.313719187
5690,1.3530687957793432,,0.0,1.3530687957793432,1.3216126916
5695,1.3531657294198294,,0.0,1.3531657294198294,1.3286382134
5700,1.3532548342238762,,0.0,1.3532548342238762,1.3343529181
5705,1.3533332044953224,,0.0,1.3533332044953224,1.3442534146
5710,1.353397304998274,,0.0,1.353397304998274,1.3523163425
5715,1.3534430706364429,,0.0,1.3534430706364429,1.3583223284
5720,1.3534662528436738,,0.0,1.3534662528436738,1.3681232771
5725,1.3534630793317335,,0.0,1.3534630793317335,1.3807029695
5730,1.3534309093467314,,0.0,1.3534309093467314,1.3904273961
5735,1.3533686195402002,,0.0,1.3533686195402002,1.3959829276
5740,1.3532774964468874,,0.0,1.3532774964468874,1.3952812016
5745,1.353161462936507,,0.0,1.353161462936507,1.4017896456
5750,1.3530266915699511,,0.0,1.3530266915699511,1.4057800468
5755,1.352881097195723,,0.0,1.352881097195723,1.4096763889
5760,1.3527334397876043,,0.0,1.3527334397876043,1.4067900062
5765,1.3525925490804227,,0.0,1.3525925490804227,1.4019326505
5770,1.3524664249205667,,0.0,1.3524664249205667,1.3961309635
5775,1.352361550400975,,0.0,1.352361550400975,1.3902933043
5780,1.35228241963993,,0.0,1.35228241963993,1.3851151389
5785,1.3522312826183758,,0.0,1.3522312826183758,1.3814636906
5790,1.352208140157315,,0.0,1.352208140157315,1.3802799889
5795,1.352211051528051,,0.0,1.352211051528051,1.3780664672
5800,1.352236355905486,,0.0,1.352236355905486,1.3775593945
5805,1.3522796996110233,,0.0,1.3522796996110233,1.3677101059
5810,1.3523364478935167,,0.0,1.3523364478935167,1.3650546627
5815,1.352401631250205,,0.0,1.352401631250205,1.3630158051
5820,1.3524703605158166,,0.0,1.3524703605158166,1.3593249021
5825,1.3525383728532454,,0.0,1.3525383728532454,1.3615410716
5830,1.3526023989589002,,0.0,1.3526023989589002,1.3635587865
5835,1.352660636394679,,0.0,1.352660636394679,1.3582106976
5840,1.352712381271846,,0.0,1.352712381271846,1.34659871
5845,1.3527577794148982,,0.0,1.3527577794148982,1.3389880965
5850,1.352797442663724,,0.0,1.352797442663724,1.3390233635
5855,1.352832542999103,,0.0,1.352832542999103,1.338603991
5860,1.352864598478432,,0.0,1.352864598478432,1.3387136773
5865,1.3528953287876107,,0.0,1.3528953287876107,1.3339758954
5870,1.3529267836313172,,0.0,1.3529267836313172,1.328290331
5875,1.3529612233496127,,0.0,1.3529612233496127,1.3248199373
5880,1.35300090103842,,0.0,1.35300090103842,1.3203268543
5885,1.3530479789038792,,0.0,1.3530479789038792,1.3148154958
5890,1.3531044223289013,,0.0,1.3531044223289013,1.313125155
5895,1.3531718061890712,,0.0,1.3531718061890712,1.3102292004
5900,1.3532505660261076,,0.0,1.3532505660261076,1.3052974083
5905,1.353340096592287,,0.0,1.353340096592287,1.2999644523
5910,1.3534392982274734,,0.0,1.3534392982274734,1.3007711673
5915,1.3535470396629417,,0.0,1.3535470396629417,1.303890705
5920,1.3536604843599005,,0.0,1.3536604843599005,1.3003651956
5925,1.3537757147127099,,0.0,1.3537757147127099,1.2966637493
5930,1.3538884945185434,,0.0,1.3538884945185434,1.2914850943
5935,1.3539943135046903,,0.0,1.3539943135046903,1.2812118065
5940,1.3540892472560206,,0.0,1.3540892472560206,1.2759848652
5945,1.354169936931399,,0.0,1.354169936931399,1.2702736561
5950,1.3542338763971646,,0.0,1.3542338763971646,1.2617426003
5955,1.3542796270882622,,0.0,1.3542796270882622,1.2578160812
5960,1.3543067955755612,,0.0,1.3543067955755612,1.2600036593
5965,1.354315955618932,,0.0,1.354315955618932,1.2597135152
5970,1.3543084054644785,,0.0,1.3543084054644785,1.2550227768
5975,1.3542858124954256,,0.0,1.3542858124954256,1.2515382354
5980,1.3542494777106504,,0.0,1.3542494777106504,1.2531740993
5985,1.3542006177872632,,0.0,1.3542006177872632,1.2559743695
5990,1.354140221743267,,0.0,1.354140221743267,1.2572136341
5995,1.3540691009945507,,0.0,1.3540691009945507,1.2616208222
6000,1.3539873262439004,,0.0,1.3539873262439004,1.2632568501
6005,1.3538945915230771,,0.0,1.3538945915230771,1.2629660879
6010,1.3537897909902805,,0.0,1.3537897909902805,1.2642112279
6015,1.3536720134054014,,0.0,1.3536720134054014,1.268310045
6020,1.3535419339220938,,0.0,1.3535419339220938,1.279687456
6025,1.353399659560422,,0.0,1.353399659560422,1.284159168
6030,1.353245121211311,,0.0,1.353245121211311,1.2862736756
6035,1.3530774804382366,,0.0,1.3530774804382366,1.2881397925
6040,1.352897146486698,,0.0,1.352897146486698,1.2875261249
6045,1.3527049674037737,,0.0,1.3527049674037737,1.2815941142
6050,1.3525033975275391,,0.0,1.3525033975275391,1.2741198243
6055,1.352297109809895,,0.0,1.352297109809895,1.2715251018
6060,1.3520927603337929,,0.0,1.3520927603337929,1.2659491191
6065,1.351897608715462,,0.0,1.351897608715462,1.2600042643
6070,1.351718150459462,,0.0,1.351718150459462,1.2626009268
6075,1.3515593962394048,,0.0,1.3515593962394048,1.2636556092
6080,1.351423922819296,,0.0,1.351423922819296,1.2637263521
6085,1.351311213595513,,0.0,1.351311213595513,1.2654196688
6090,1.351218250611904,,0.0,1.351218250611904,1.272577774
6095,1.3511404684437214,,0.0,1.3511404684437214,1.2838101576
6100,1.3510724228074054,,0.0,1.3510724228074054,1.2974445656
6105,1.3510089656804893,,0.0,1.3510089656804893,1.3106379677
6110,1.350946292224414,,0.0,1.350946292224414,1.3217662618
6115,1.350882764974243,,0.0,1.350882764974243,1.3339777353
6120,1.350818909443889,,0.0,1.350818909443889,1.3441708366
6125,1.350756775434617,,0.0,1.350756775434617,1.3476983293
6130,1.350699734537246,,0.0,1.350699734537246,1.352567034
6135,1.350651244716865,,0.0,1.350651244716865,1.3601079153
6140,1.3506137680869235,,0.0,1.3506137680869235,1.3654277243
6145,1.350588921466564,,0.0,1.350588921466564,1.3661379354
6150,1.350577899414129,,0.0,1.350577899414129,1.3632670269
6155,1.3505815901092226,,0.0,1.3505815901092226,1.3591277296
6160,1.3505997845584656,,0.0,1.3505997845584656,1.3495590791
6165,1.3506310770610415,,0.0,1.3506310770610415,1.3400434544
6170,1.3506735025238035,,0.0,1.3506735025238035,1.3333708431
6175,1.3507246705985623,,0.0,1.3507246705985623,1.3217270282
6180,1.3507820506423234,,0.0,1.3507820506423234,1.312933305
6185,1.3508425176305767,,0.0,1.3508425176305767,1.3024555358
6190,1.3509030785028577,,0.0,1.3509030785028577,1.2878051447
6195,1.3509609515102043,,0.0,1.3509609515102043,1.2773066124
6200,1.3510137251273975,,0.0,1.3510137251273975,1.2713836172
6205,1.3510597173622003,,0.0,1.3510597173622003,1.2763417937
6210,1.3510978705704768,,0.0,1.3510978705704768,1.2861637831
6215,1.3511278712500843,,0.0,1.3511278712500843,1.2962786088
6220,1.3511500867995512,,0.0,1.3511500867995512,1.3028425319
6225,1.3511652156745089,,0.0,1.3511652156745089,1.3029975013
6230,1.3511742504667348,,0.0,1.3511742504667348,1.3033502845
6235,1.3511782306858742,,0.0,1.3511782306858742,1.3043532177
6240,1.3511778739362288,,0.0,1.3511778739362288,1.3030738038
6245,1.3511735296267176,,0.0,1.3511735296267176,1.3013222463
6250,1.3511666223653573,,0.0,1.3511666223653573,1.3015758556
6255,1.3511586129325597,,0.0,1.3511586129325597,1.2990119402
6260,1.3511484233523077,,0.0,1.3511484233523077,1.294610158
6265,1.3511360704310011,,0.0,1.3511360704310011,1.2919344589
6270,1.3511222143752235,,0.0,1.3511222143752235,1.2897023691
6275,1.3511073764248447,,0.0,1.3511073764248447,1.2854431397
6280,1.3510919038396898,,0.0,1.3510919038396898,1.28258616
6285,1.3510763720699281,,0.0,1.3510763720699281,1.278672663
6290,1.351061095945794,,0.0,1.351061095945794,1.2810595758
6295,1.351046111615535,,0.0,1.351046111615535,1.2776765518
6300,1.35103120506317,,0.0,1.35103120506317,1.2733889368
6305,1.351015916744737,,0.0,1.351015916744737,1.2712988682
6310,1.350999657832558,,0.0,1.350999657832558,1.2676011317
6315,1.3509817959616872,,0.0,1.3509817959616872,1.2700523254
6320,1.350961826746948,,0.0,1.350961826746948,1.2722096945
6325,1.3509397793822164,,0.0,1.3509397793822164,1.2717701807
6330,1.3509159291447335,,0.0,1.3509159291447335,1.2667889564
6335,1.350890808068135,,0.0,1.350890808068135,1.2623842004
6340,1.3508651148012294,,0.0,1.3508651148012294,1.2564915258
6345,1.3508397133523464,,0.0,1.3508397133523464,1.2517811216
6350,1.3508155441554706,,0.0,1.3508155441554706,1.2471291054
6355,1.3507932805773692,,0.0,1.3507932805773692,1.2469164576
6360,1.3507733545618394,,0.0,1.3507733545618394,1.2426741642
6365,1.3507558023295703,,0.0,1.3507558023295703,1.2382436701
6370,1.350740731407716,,0.0,1.350740731407716,1.2338571063
6375,1.3507286107334715,,0.0,1.3507286107334715,1.2272535181
6380,1.350720249259718,,0.0,1.350720249259718,1.2232470947
6385,1.3507167679685046,,0.0,1.3507167679685046,1.2245223734
6390,1.3507193459640134,,0.0,1.3507193459640134,1.2249296801
6395,1.3507288589659305,,0.0,1.3507288589659305,1.2290237125
6400,1.3507457504362328,,0.0,1.3507457504362328,1.2294265303
6405,1.350770073691775,,0.0,1.350770073691775,1.2256778615
6410,1.3508015846051091,,0.0,1.3508015846051091,1.2229218558
6415,1.3508398261194265,,0.0,1.3508398261194265,1.2229852315
6420,1.3508842906138363,,0.0,1.3508842906138363,1.22496789
6425,1.3509345531955022,,0.0,1.3509345531955022,1.2272186378
6430,1.3509903420885163,,0.0,1.3509903420885163,1.2276561064
6435,1.3510515791286304,,0.0,1.3510515791286304,1.2284187914
6440,1.3511182710045992,,0.0,1.3511182710045992,1.2297276294
6445,1.3511903498147027,,0.0,1.3511903498147027,1.2301414122
6450,1.351267602605433,,0.0,1.351267602605433,1.2333248703
6455,1.3513495101411317,,0.0,1.3513495101411317,1.2329741953
6460,1.3514351163887695,,0.0,1.3514351163887695,1.2351487559
6465,1.351523049525949,,0.0,1.351523049525949,1.2317267017
6470,1.3516118403690582,,0.0,1.3516118403690582,1.2194886623
6475,1.3517001955255659,,0.0,1.3517001955255659,1.2112155009
6480,1.3517872346153905,,0.0,1.3517872346153905,1.2027573883
6485,1.3518725361745876,,0.0,1.3518725361745876,1.199516857
6490,1.3519560401492539,,0.0,1.3519560401492539,1.1954936762
6495,1.3520378914221478,,0.0,1.3520378914221478,1.1887544205
6500,1.3521181843119452,,0.0,1.3521181843119452,1.1835564517
6505,1.3521969091356483,,0.0,1.3521969091356483,1.1771474934
6510,1.3522739578348661,,0.0,1.3522739578348661,1.1693960242
6515,1.3523489092595677,,0.0,1.3523489092595677,1.1675647914
6520,1.3524208393475197,,0.0,1.3524208393475197,1.1685497517
6525,1.3524883416493447,,0.0,1.3524883416493447,1.1669243079
6530,1.352549771649146,,0.0,1.352549771649146,1.1600796896
6535,1.3526033073255013,,0.0,1.3526033073255013,1.1537271977
6540,1.3526472246460268,,0.0,1.3526472246460268,1.1475991878
6545,1.3526801447615104,,0.0,1.3526801447615104,1.1370086647
6550,1.3527012005969377,,0.0,1.3527012005969377,1.1292085551
6555,1.3527101134703228,,0.0,1.3527101134703228,1.1241968947
6560,1.3527071238870443,,0.0,1.3527071238870443,1.1139794603
6565,1.3526931330178598,,0.0,1.3526931330178598,1.1082262341
6570,1.3526696289294338,,0.0,1.3526696289294338,1.1077302179
6575,1.3526385413152255,,0.0,1.3526385413152255,1.1032303955
6580,1.3526020388528044,,0.0,1.3526020388528044,1.0950974705
6585,1.3525623609225257,,0.0,1.3525623609225257,1.0928941961
6590,1.3525216228609567,,0.0,1.3525216228609567,1.0918307223
6595,1.352481748542099,,0.0,1.352481748542099,1.0789699888
6600,1.3524443822162306,,0.0,1.3524443822162306,1.0731215634
6605,1.352411014509612,,0.0,1.352411014509612,1.0783707284
6610,1.352382992687013,,0.0,1.352382992687013,1.0776981526
6615,1.3523614463993017,,0.0,1.3523614463993017,1.0776098369
6620,1.3523473226484803,,0.0,1.3523473226484803,1.074528205
6625,1.3523412919036615,,0.0,1.3523412919036615,1.0756892028
6630,1.352343744261672,,0.0,1.352343744261672,1.0827322719
6635,1.3523547800538214,,0.0,1.3523547800538214,1.0897061947
6640,1.352374273859936,,0.0,1.352374273859936,1.0930692671
6645,1.3524020298709676,,0.0,1.3524020298709676,1.0928262311
6650,1.3524379337985664,,0.0,1.3524379337985664,1.0844686667
6655,1.3524820048638457,,0.0,1.3524820048638457,1.0813738734
6660,1.3525343302620785,,0.0,1.3525343302620785,1.085324059
6665,1.352594993083527,,0.0,1.352594993083527,1.0834075338
6670,1.3526639795643292,,0.0,1.3526639795643292,1.0803938417
6675,1.3527411240069036,,0.0,1.3527411240069036,1.0802665499
6680,1.3528260612584047,,0.0,1.3528260612584047,1.0863799343
6685,1.3529181643628425,,0.0,1.3529181643628425,1.0932753171
6690,1.3530164643201816,,0.0,1.3530164643201816,1.0995935405
6695,1.3531196998777164,,0.0,1.3531196998777164,1.1087341116
6700,1.3532262272439635,,0.0,1.3532262272439635,1.1166164075
6705,1.353334255329969,,0.0,1.353334255329969,1.120515772
6710,1.3534417212950194,,0.0,1.3534417212950194,1.1242718297
6715,1.3535463700872736,,0.0,1.3535463700872736,1.1210782088
6720,1.3536459787705697,,0.0,1.3536459787705697,1.1160547444
6725,1.3537385809478162,,0.0,1.3537385809478162,1.1063143765
6730,1.3538226225582517,,0.0,1.3538226225582517,1.1076684878
6735,1.3538970144940348,,0.0,1.3538970144940348,1.1058830942
6740,1.3539611542602137,,0.0,1.3539611542602137,1.1013935475
6745,1.3540148554409734,,0.0,1.3540148554409734,1.105041174
6750,1.3540582255151732,,0.0,1.3540582255151732,1.1000009859
6755,1.3540916017215805,,0.0,1.3540916017215805,1.0925094133
6760,1.3541154250833118,,0.0,1.3541154250833118,1.0839635889
6765,1.3541301032763022,,0.0,1.3541301032763022,1.0758163009
6770,1.354135913557857,,0.0,1.354135913557857,1.0696661156
6775,1.3541333734733365,,0.0,1.3541333734733365,1.0714608449
6780,1.3541228046383174,,0.0,1.3541228046383174,1.0634834968
6785,1.3541044123033734,,0.0,1.3541044123033734,1.0446150659
6790,1.354078702978629,,0.0,1.354078702978629,1.0336030093
6795,1.3540466870039989,,0.0,1.3540466870039989,1.0376955608
6800,1.354009779376944,,0.0,1.354009779376944,1.045259404
6805,1.3539694926251675,,0.0,1.3539694926251675,1.0570158876
6810,1.3539273583043083,,0.0,1.3539273583043083,1.0696025153
6815,1.3538847434556338,,0.0,1.3538847434556338,1.0818758055
6820,1.3538427071479608,,0.0,1.3538427071479608,1.0897634638
6825,1.3538019336867044,,0.0,1.3538019336867044,1.1003516797
6830,1.3537627240175012,,0.0,1.3537627240175012,1.1047836626
6835,1.3537250445758449,,0.0,1.3537250445758449,1.0984791098
6840,1.3536886022156212,,0.0,1.3536886022156212,1.0994568165
6845,1.353652938600224,,0.0,1.353652938600224,1.1150757855
6850,1.3536174769996867,,0.0,1.3536174769996867,1.135437772
6855,1.353581579060575,,0.0,1.353581579060575,1.1475665019
6860,1.3535445924724165,,0.0,1.3535445924724165,1.1607027505
6865,1.3535058046535113,,0.0,1.3535058046535113,1.1705859376
6870,1.353464489620504,,0.0,1.353464489620504,1.1736185483
6875,1.3534199081332667,,0.0,1.3534199081332667,1.1733802914
6880,1.3533714396347987,,0.0,1.3533714396347987,1.177470429
6885,1.3533187348852096,,0.0,1.3533187348852096,1.1871859249
6890,1.353261684498018,,0.0,1.353261684498018,1.1879116602
6895,1.3532004137485154,,0.0,1.3532004137485154,1.1974460518
6900,1.3531352998631099,,0.0,1.3531352998631099,1.2064843158
6905,1.3530668927926057,,0.0,1.3530668927926057,1.2054160233
6910,1.3529958329912368,,0.0,1.3529958329912368,1.1942742712
6915,1.3529228612928403,,0.0,1.3529228612928403,1.1928318495
6920,1.3528488253098476,,0.0,1.3528488253098476,1.1896346099
6925,1.352774774065871,,0.0,1.352774774065871,1.182833349
6930,1.3527019982972583,,0.0,1.3527019982972583,1.1716873349
6935,1.3526319847184347,,0.0,1.3526319847184347,1.1675718693
6940,1.3525663777004142,,0.0,1.3525663777004142,1.1624050356
6945,1.3525067349984676,,0.0,1.3525067349984676,1.1551593446
6950,1.3524543810341842,,0.0,1.3524543810341842,1.1594987612
6955,1.3524104331192497,,0.0,1.3524104331192497,1.1553552476
6960,1.352375910817782,,0.0,1.352375910817782,1.1577473171
6965,1.35235172974052,,0.0,1.35235172974052,1.1652498723
6970,1.352338497912107,,0.0,1.352338497912107,1.161393492
6975,1.3523362266575447,,0.0,1.3523362266575447,1.1606959731
6980,1.3523441386808346,,0.0,1.3523441386808346,1.1652143023
6985,1.3523606581888015,,0.0,1.3523606581888015,1.1641240864
6990,1.3523835406577527,,0.0,1.3523835406577527,1.1720971977
6995,1.3524100576072868,,0.0,1.3524100576072868,1.1866248938
7000,1.3524372617840386,,0.0,1.3524372617840386,1.1855854194
7005,1.3524623369569497,,0.0,1.3524623369569497,1.1862879458
7010,1.352483146781453,,0.0,1.352483146781453,1.1922046303
7015,1.3524984115564382,,0.0,1.3524984115564382,1.1992043442
7020,1.352507551895754,,0.0,1.352507551895754,1.1905570019
7025,1.3525104446732026,,0.0,1.3525104446732026,1.1907141109
7030,1.3525072917346141,,0.0,1.3525072917346141,1.1970410902
7035,1.352498354762397,,0.0,1.352498354762397,1.2035822943
7040,1.3524837766109512,,0.0,1.3524837766109512,1.2097414241
7045,1.3524635279415183,,0.0,1.3524635279415183,1.2125246136
7050,1.3524374474995877,,0.0,1.3524374474995877,1.2138220129
7055,1.3524054644616383,,0.0,1.3524054644616383,1.2141230615
7060,1.3523679645538669,,0.0,1.3523679645538669,1.2155693641
7065,1.3523256824284473,,0.0,1.3523256824284473,1.2204712748
7070,1.3522796169554099,,0.0,1.3522796169554099,1.2202789519
7075,1.352230990921089,,0.0,1.352230990921089,1.2135265022
7080,1.3521807583784484,,0.0,1.3521807583784484,1.2094875105
7085,1.3521294990034047,,0.0,1.3521294990034047,1.209457195
7090,1.3520776540363986,,0.0,1.3520776540363986,1.2153159315
7095,1.3520256824660088,,0.0,1.3520256824660088,1.2266196412
7100,1.3519740882427635,,0.0,1.3519740882427635,1.2440909553
7105,1.3519233492141467,,0.0,1.3519233492141467,1.2556792853
7110,1.351873725251533,,0.0,1.351873725251533,1.2503991733
7115,1.3518249802926143,,0.0,1.3518249802926143,1.2353369673
7120,1.351776278919259,,0.0,1.351776278919259,1.2171871755
7125,1.351726469241096,,0.0,1.351726469241096,1.2016581015
7130,1.3516746235496764,,0.0,1.3516746235496764,1.2064127986
7135,1.351620354283621,,0.0,1.351620354283621,1.2187343303
7140,1.3515639241878123,,0.0,1.3515639241878123,1.2243995927
7145,1.3515060163844563,,0.0,1.3515060163844563,1.2287901818
7150,1.351447273283704,,0.0,1.351447273283704,1.2291615688
7155,1.3513884077087261,,0.0,1.3513884077087261,1.2328345901
7160,1.351329930540277,,0.0,1.351329930540277,1.2309214664
7165,1.3512718480807557,,0.0,1.3512718480807557,1.2231452683
7170,1.3512136421086829,,0.0,1.3512136421086829,1.2155614263
7175,1.3511544890138714,,0.0,1.3511544890138714,1.2118526119
7180,1.3510938405116688,,0.0,1.3510938405116688,1.2012555699
7185,1.3510318019318408,,0.0,1.3510318019318408,1.1960573486
7190,1.3509690669005927,,0.0,1.3509690669005927,1.1901851355
7195,1.3509066925066777,,0.0,1.3509066925066777,1.1838915447
7200,1.3508459716355372,,0.0,1.3508459716355372,1.1940014167
7205,1.3507881450389676,,0.0,1.3507881450389676,1.1975917064
7210,1.3507342997240102,,0.0,1.3507342997240102,1.1932604356
7215,1.350685252587952,,0.0,1.350685252587952,1.2006498137
7220,1.35064147657641,,0.0,1.35064147657641,1.2085051251
7225,1.3506033332443088,,0.0,1.3506033332443088,1.2229411391
7230,1.3505715749436646,,0.0,1.3505715749436646,1.2349376508
7235,1.350547568884775,,0.0,1.350547568884775,1.2397960235
7240,1.350533042866975,,0.0,1.350533042866975,1.2351404946
7245,1.3505296799208282,,0.0,1.3505296799208282,1.2366943943
7250,1.3505386637867647,,0.0,1.3505386637867647,1.2296833907
7255,1.3505601810496304,,0.0,1.3505601810496304,1.2297119901
7260,1.3505930525810959,,0.0,1.3505930525810959,1.2318092133
7265,1.3506344997230317,,0.0,1.3506344997230317,1.2351534625
7270,1.3506803599454946,,0.0,1.3506803599454946,1.2433154975
7275,1.3507263113475068,,0.0,1.3507263113475068,1.2546791605
7280,1.3507690869436018,,0.0,1.3507690869436018,1.2515474098
7285,1.3508067028058741,,0.0,1.3508067028058741,1.2343988392
7290,1.3508381644349234,,0.0,1.3508381644349234,1.2307473925
7295,1.3508634242367628,,0.0,1.3508634242367628,1.2302618383
7300,1.3508828824258658,,0.0,1.3508828824258658,1.2294167339
7305,1.3508969554677215,,0.0,1.3508969554677215,1.2286562067
7310,1.3509059310753408,,0.0,1.3509059310753408,1.2337349415
7315,1.350909339925175,,0.0,1.350909339925175,1.2372077501
7320,1.350905646284132,,0.0,1.350905646284132,1.2415630499
7325,1.3508933426229635,,0.0,1.3508933426229635,1.2332458089
7330,1.350871863947206,,0.0,1.350871863947206,1.2132509272
7335,1.350841983133934,,0.0,1.350841983133934,1.1961470221
7340,1.3508054710126622,,0.0,1.3508054710126622,1.1778826564
7345,1.3507644394186247,,0.0,1.3507644394186247,1.1727555755
7350,1.3507210328339696,,0.0,1.3507210328339696,1.1864100717
7355,1.3506768706374352,,0.0,1.3506768706374352,1.2021203806
7360,1.3506327145742711,,0.0,1.3506327145742711,1.1960668808
7365,1.3505884847174887,,0.0,1.3505884847174887,1.1939090584
7370,1.350543649226629,,0.0,1.350543649226629,1.1907404721
7375,1.3504976828292512,,0.0,1.3504976828292512,1.1842800548
7380,1.3504504446510202,,0.0,1.3504504446510202,1.1692683355
7385,1.3504020280930207,,0.0,1.3504020280930207,1.1484857231
7390,1.3503531238596564,,0.0,1.3503531238596564,1.1353952492
7395,1.3503047612221903,,0.0,1.3503047612221903,1.1219374008
7400,1.3502583424766936,,0.0,1.3502583424766936,1.1102824445
7405,1.350215656490585,,0.0,1.350215656490585,1.0953440353
7410,1.3501786856946472,,0.0,1.3501786856946472,1.0904267905
7415,1.350149377361448,,0.0,1.350149377361448,1.091324862
7420,1.3501290808565576,,0.0,1.3501290808565576,1.0939066253
7425,1.350118498957943,,0.0,1.350118498957943,1.1027212802
7430,1.3501174671029375,,0.0,1.3501174671029375,1.1170416569
7435,1.3501248175123612,,0.0,1.3501248175123612,1.1157704214
7440,1.3501384373609486,,0.0,1.3501384373609486,1.1100412599
7445,1.3501554606021196,,0.0,1.3501554606021196,1.1092721238
7450,1.3501726266011018,,0.0,1.3501726266011018,1.0965725893
7455,1.350186608801468,,0.0,1.350186608801468,1.0884590782
7460,1.3501943857215855,,0.0,1.3501943857215855,1.0834312503
7465,1.3501935728810166,,0.0,1.3501935728810166,1.0847647054
7470,1.350182749173078,,0.0,1.350182749173078,1.0670448647
7475,1.3501617800016876,,0.0,1.3501617800016876,1.0539717946
7480,1.3501316930202503,,0.0,1.3501316930202503,1.0523638086
7485,1.3500945436804601,,0.0,1.3500945436804601,1.0456892473
7490,1.3500531811017606,,0.0,1.3500531811017606,1.045022651
7495,1.350010873380387,,0.0,1.350010873380387,1.0449404007
7500,1.349970745492555,,0.0,1.349970745492555,1.04150346
7505,1.3499352107262244,,0.0,1.3499352107262244,1.0472612917
7510,1.3499060821683813,,0.0,1.3499060821683813,1.0491716893
7515,1.3498844345593273,,0.0,1.3498844345593273,1.0462431203
7520,1.3498705756541884,,0.0,1.3498705756541884,1.0511804526
7525,1.3498638757200554,,0.0,1.3498638757200554,1.0513753801
7530,1.349862650277538,,0.0,1.349862650277538,1.0535199626
7535,1.349864567945728,,0.0,1.349864567945728,1.0446705276
7540,1.3498673716685745,,0.0,1.3498673716685745,1.031291996
7545,1.3498694697640934,,0.0,1.3498694697640934,1.0323106889
7550,1.3498702004802856,,0.0,1.3498702004802856,1.0365094386
7555,1.3498696283382725,,0.0,1.3498696283382725,1.0397442463
7560,1.3498678962166013,,0.0,1.3498678962166013,1.0574731615
7565,1.3498652557766238,,0.0,1.3498652557766238,1.0755552114
7570,1.349862176607506,,0.0,1.349862176607506,1.0878010144
7575,1.3498588396919615,,0.0,1.3498588396919615,1.0845995243
7580,1.3498547867899722,,0.0,1.3498547867899722,1.0699671637
7585,1.349848944585916,,0.0,1.349848944585916,1.0558022139
7590,1.3498400398501127,,0.0,1.3498400398501127,1.0532641887
7595,1.3498272681693402,,0.0,1.3498272681693402,1.0442173602
7600,1.3498104230373738,,0.0,1.3498104230373738,1.0449644676
7605,1.3497898874759318,,0.0,1.3497898874759318,1.0626844577
7610,1.349766451240931,,0.0,1.349766451240931,1.0736909866
7615,1.349740936880085,,0.0,1.349740936880085,1.0805226383
7620,1.3497136412340185,,0.0,1.3497136412340185,1.094797606
7625,1.349684871188561,,0.0,1.349684871188561,1.1014697152
7630,1.3496549923312062,,0.0,1.3496549923312062,1.1068669684
7635,1.3496243050039123,,0.0,1.3496243050039123,1.096495703
7640,1.3495928125631298,,0.0,1.3495928125631298,1.0805787454
7645,1.3495600838377697,,0.0,1.3495600838377697,1.0821365253
7650,1.3495255124693413,,0.0,1.3495255124693413,1.0811712373
7655,1.3494888171679689,,0.0,1.3494888171679689,1.0744911099
7660,1.3494503890205112,,0.0,1.3494503890205112,1.0709725815
7665,1.3494113249101858,,0.0,1.3494113249101858,1.0773808166
7670,1.349373164916567,,0.0,1.349373164916567,1.0827713463
7675,1.3493376667814272,,0.0,1.3493376667814272,1.0689917273
7680,1.3493065066292511,,0.0,1.3493065066292511,1.0636058552
7685,1.3492807739542354,,0.0,1.3492807739542354,1.0622657377
7690,1.349260500413262,,0.0,1.349260500413262,1.0584667387
7695,1.349244699185717,,0.0,1.349244699185717,1.0596403834
7700,1.3492319232791976,,0.0,1.3492319232791976,1.0588017187
7705,1.3492214760008123,,0.0,1.3492214760008123,1.058729946
7710,1.3492133081870128,,0.0,1.3492133081870128,1.0560840986
7715,1.3492077260233608,,0.0,1.3492077260233608,1.0605215123
7720,1.3492051620814793,,0.0,1.3492051620814793,1.0580113074
7725,1.3492062337309494,,0.0,1.3492062337309494,1.0504620792
7730,1.3492116811053414,,0.0,1.3492116811053414,1.0381006218
7735,1.349221825747791,,0.0,1.349221825747791,1.0212674658
7740,1.3492359352518077,,0.0,1.3492359352518077,1.0069665755
7745,1.349252254580097,,0.0,1.349252254580097,0.99816454051
7750,1.3492688332002294,,0.0,1.3492688332002294,0.9939637726
7755,1.3492844653737428,,0.0,1.3492844653737428,0.98636179699
7760,1.3492990997638459,,0.0,1.3492990997638459,0.98747834178
7765,1.3493134520672183,,0.0,1.3493134520672183,0.98652456179
7770,1.349328188358195,,0.0,1.349328188358195,0.99540984837
7775,1.3493435914720668,,0.0,1.3493435914720668,1.007127705
7780,1.3493593879909225,,0.0,1.3493593879909225,1.0120773514
7785,1.3493754163463385,,0.0,1.3493754163463385,1.0114987981
7790,1.349391409422803,,0.0,1.349391409422803,1.0063750578
7795,1.3494064709514249,,0.0,1.3494064709514249,0.99258703802
7800,1.3494192287475997,,0.0,1.3494192287475997,0.98515037206
7805,1.3494283995364416,,0.0,1.3494283995364416,0.9808300015
7810,1.3494334149428895,,0.0,1.3494334149428895,0.9737360337
7815,1.3494348719804967,,0.0,1.3494348719804967,0.97272659788
7820,1.349434367474585,,0.0,1.349434367474585,0.97298492268
7825,1.3494335820892986,,0.0,1.3494335820892986,0.96594057633
7830,1.3494338431921764,,0.0,1.3494338431921764,0.95909151791
7835,1.3494365295358415,,0.0,1.3494365295358415,0.94949051204
7840,1.3494428885125498,,0.0,1.3494428885125498,0.95051919126
7845,1.3494531825049763,,0.0,1.3494531825049763,0.95628226126
7850,1.3494670054791909,,0.0,1.3494670054791909,0.94894667619
7855,1.349483189728455,,0.0,1.349483189728455,0.94857751356
7860,1.3494997689281185,,0.0,1.3494997689281185,0.94365204909
7865,1.3495154099877742,,0.0,1.3495154099877742,0.94307627236
7870,1.3495307984684877,,0.0,1.3495307984684877,0.94153420403
7875,1.3495486457303472,,0.0,1.3495486457303472,0.93939668219
7880,1.349570579989939,,0.0,1.349570579989939,0.95039146815
7885,1.349595797944808,,0.0,1.349595797944808,0.95538676705
7890,1.3496245628710748,,0.0,1.3496245628710748,0.9497494461
7895,1.3496569709225963,,0.0,1.3496569709225963,0.95020684262
7900,1.3496919328466475,,0.0,1.3496919328466475,0.95213466161
7905,1.3497275581405546,,0.0,1.3497275581405546,0.95399598904
7910,1.3497620329446247,,0.0,1.3497620329446247,0.94715249153
7915,1.3497946201195297,,0.0,1.3497946201195297,0.93224996224
7920,1.3498258663562113,,0.0,1.3498258663562113,0.91887312144
7925,1.3498568493409209,,0.0,1.3498568493409209,0.91047263877
7930,1.3498880256716714,,0.0,1.3498880256716714,0.90197527841
7935,1.3499191335211715,,0.0,1.3499191335211715,0.89368634353
7940,1.3499484295151891,,0.0,1.3499484295151891,0.90125291511
7945,1.349975590106378,,0.0,1.349975590106378,0.90694581914
7950,1.3500003471167514,,0.0,1.3500003471167514,0.91142091158
7955,1.3500213482106431,,0.0,1.3500213482106431,0.92120264292
7960,1.3500366997221063,,0.0,1.3500366997221063,0.93238173401
7965,1.3500458626872793,,0.0,1.3500458626872793,0.93542785985
7970,1.3500499142128826,,0.0,1.3500499142128826,0.93858528215
7975,1.3500511097854049,,0.0,1.3500511097854049,0.94465774458
7980,1.3500517326122365,,0.0,1.3500517326122365,0.94161366127
7985,1.350052865957614,,0.0,1.350052865957614,0.93882864924
7990,1.3500546226369126,,0.0,1.3500546226369126,0.9461779073
7995,1.3500572435418654,,0.0,1.3500572435418654,0.94721701082
8000,1.3500607357475798,,0.0,1.3500607357475798,0.95131541034
8005,1.3500641737188486,,0.0,1.3500641737188486,0.95412968994
8010,1.3500655689881063,,0.0,1.3500655689881063,0.95471230345
8015,1.3500630197276775,,0.0,1.3500630197276775,0.95195744703
8020,1.3500559093648372,,0.0,1.3500559093648372,0.95085214582
8025,1.3500453321990593,,0.0,1.3500453321990593,0.94505418485
8030,1.350034295923967,,0.0,1.350034295923967,0.9377163406
8035,1.3500251502964309,,0.0,1.3500251502964309,0.94349476104
8040,1.3500190334912534,,0.0,1.3500190334912534,0.9559000676
8045,1.3500166078399651,,0.0,1.3500166078399651,0.95695523888
8050,1.3500183360256546,,0.0,1.3500183360256546,0.95396531493
8055,1.3500240135704553,,0.0,1.3500240135704553,0.94834784879
8060,1.350032408512126,,0.0,1.350032408512126,0.93939427417
8065,1.350041671542991,,0.0,1.350041671542991,0.93822672696
8070,1.3500502152068132,,0.0,1.3500502152068132,0.93355251875
8075,1.3500573419172581,,0.0,1.3500573419172581,0.93029723426
8080,1.3500633290040727,,0.0,1.3500633290040727,0.93303931541
8085,1.3500687427415174,,0.0,1.3500687427415174,0.94688285179
8090,1.3500735228583658,,0.0,1.3500735228583658,0.9586051795
8095,1.3500769989579473,,0.0,1.3500769989579473,0.94708967055
8100,1.350078998460749,,0.0,1.350078998460749,0.93438349239
8105,1.3500795754804815,,0.0,1.3500795754804815,0.91101077909
8110,1.3500786458885563,,0.0,1.3500786458885563,0.89314785684
8115,1.3500759556089095,,0.0,1.3500759556089095,0.89472769631
8120,1.3500712704627094,,0.0,1.3500712704627094,0.89179676531
8125,1.3500645886872156,,0.0,1.3500645886872156,0.89142967884
8130,1.3500563012244047,,0.0,1.3500563012244047,0.89681820613
8135,1.3500470442786157,,0.0,1.3500470442786157,0.91460587216
8140,1.3500373579969192,,0.0,1.3500373579969192,0.93992463369
8145,1.3500275963520412,,0.0,1.3500275963520412,0.97315145359
8150,1.3500180130578388,,0.0,1.3500180130578388,0.98810653303
8155,1.3500086720559028,,0.0,1.3500086720559028,0.99407114941
8160,1.3499993173625462,,0.0,1.3499993173625462,0.96204694709
8165,1.3499894907618981,,0.0,1.3499894907618981,0.92832353586
8170,1.3499788845471272,,0.0,1.3499788845471272,0.9029077117
8175,1.3499676189467755,,0.0,1.3499676189467755,0.90930751017
8180,1.3499561555090174,,0.0,1.3499561555090174,0.91114656716
8185,1.3499449500591576,,0.0,1.3499449500591576,0.92406111815
8190,1.3499339773151549,,0.0,1.3499339773151549,0.92009838704
8195,1.3499231977723107,,0.0,1.3499231977723107,0.91700674828
8200,1.3499123490238019,,0.0,1.3499123490238019,0.90333828906
8205,1.3499005709248395,,0.0,1.3499005709248395,0.89480385864
8210,1.3498865034609702,,0.0,1.3498865034609702,0.90411255007
8215,1.34986873284209,,0.0,1.34986873284209,0.89549955476
8220,1.3498463455099656,,0.0,1.3498463455099656,0.91746928134
8225,1.3498191217498945,,0.0,1.3498191217498945,0.92596448546
8230,1.349787354973609,,0.0,1.349787354973609,0.92754508249
8235,1.3497515626057341,,0.0,1.3497515626057341,0.94475595554
8240,1.349712068749,,0.0,1.349712068749,0.94944786181
8245,1.3496691188830938,,0.0,1.3496691188830938,0.93655305394
8250,1.3496230270172473,,0.0,1.3496230270172473,0.93019868442
8255,1.3495739241737683,,0.0,1.3495739241737683,0.91819146097
8260,1.3495214861291909,,0.0,1.3495214861291909,0.91321871838
8265,1.3494648576647388,,0.0,1.3494648576647388,0.93245598819
8270,1.3494032863559537,,0.0,1.3494032863559537,0.95063480017
8275,1.3493372071167289,,0.0,1.3493372071167289,0.94433234425
8280,1.3492683921288187,,0.0,1.3492683921288187,0.92728323203
8285,1.3491996049101036,,0.0,1.3491996049101036,0.90231238579
8290,1.3491337236773155,,0.0,1.3491337236773155,0.87625447669
8295,1.3490736211416408,,0.0,1.3490736211416408,0.89072005381
8300,1.3490218326064691,,0.0,1.3490218326064691,0.91461974624
8305,1.3489803811180507,,0.0,1.3489803811180507,0.93239789896
8310,1.3489503699827374,,0.0,1.3489503699827374,0.95705798868
8315,1.3489316827147917,,0.0,1.3489316827147917,0.96930403816
8320,1.3489231241280453,,0.0,1.3489231241280453,0.98052239074
8325,1.3489229822878248,,0.0,1.3489229822878248,0.98273853781
8330,1.3489297297193554,,0.0,1.3489297297193554,0.97633702759
8335,1.3489424634891394,,0.0,1.3489424634891394,0.97498146866
8340,1.3489606605221247,,0.0,1.3489606605221247,0.96789036242
8345,1.348983473688823,,0.0,1.348983473688823,0.96594831677
8350,1.3490092358474803,,0.0,1.3490092358474803,0.96732087333
8355,1.3490357829326285,,0.0,1.3490357829326285,0.96521784118
8360,1.349060865084059,,0.0,1.349060865084059,0.96372023827
8365,1.3490819735119275,,0.0,1.3490819735119275,0.97026515041
8370,1.349096513341884,,0.0,1.349096513341884,0.97044684406
8375,1.3491022756189512,,0.0,1.3491022756189512,0.97004869369
8380,1.3490980429657529,,0.0,1.3490980429657529,0.97667857131
8385,1.3490840156585546,,0.0,1.3490840156585546,0.98859499871
8390,1.3490619221003703,,0.0,1.3490619221003703,0.99731181662
8395,1.3490345664486945,,0.0,1.3490345664486945,0.99405875129
8400,1.3490048825793854,,0.0,1.3490048825793854,0.98321965521
8405,1.3489754231817634,,0.0,1.3489754231817634,0.97304250249
8410,1.3489484998360917,,0.0,1.3489484998360917,0.9630476034
8415,1.3489261960530248,,0.0,1.3489261960530248,0.96623100834
8420,1.3489097857866577,,0.0,1.3489097857866577,0.97275890582
8425,1.3488990650903603,,0.0,1.3488990650903603,0.97970328573
8430,1.348892479299694,,0.0,1.348892479299694,0.98094108467
8435,1.3488881186184312,,0.0,1.3488881186184312,0.97853931609
8440,1.3488848525505555,,0.0,1.3488848525505555,0.97231292832
8445,1.3488826919381265,,0.0,1.3488826919381265,0.96588802979
8450,1.3488822412561592,,0.0,1.3488822412561592,0.96774205461
8455,1.3488841373126714,,0.0,1.3488841373126714,0.96804927461
8460,1.3488888350636716,,0.0,1.3488888350636716,0.96935187736
8465,1.3488968306360187,,0.0,1.3488968306360187,0.97415048004
8470,1.3489082047777037,,0.0,1.3489082047777037,0.98910912848
8475,1.3489225132057476,,0.0,1.3489225132057476,1.0033706245
8480,1.3489393660165003,,0.0,1.3489393660165003,1.0004758595
8485,1.3489591509645178,,0.0,1.3489591509645178,0.99564508224
8490,1.3489832011643546,,0.0,1.3489832011643546,1.0009132956
8495,1.349012964381121,,0.0,1.349012964381121,0.99597611879
8500,1.3490491905279747,,0.0,1.3490491905279747,0.98421772524
8505,1.3490921233701567,,0.0,1.3490921233701567,0.97633879644
8510,1.3491416231199524,,0.0,1.3491416231199524,0.97852803863
8515,1.34919698989705,,0.0,1.34919698989705,0.99606005154
8520,1.3492565013593643,,0.0,1.3492565013593643,1.0150499859
8525,1.3493165043847313,,0.0,1.3493165043847313,1.0189389474
8530,1.3493730433357856,,0.0,1.3493730433357856,1.0268029663
8535,1.3494240748343975,,0.0,1.3494240748343975,1.0242953694
8540,1.3494702504183311,,0.0,1.3494702504183311,1.0074303171
8545,1.3495133275637405,,0.0,1.3495133275637405,0.98871433135
8550,1.349554265708399,,0.0,1.349554265708399,0.98953724381
8555,1.3495929481009503,,0.0,1.3495929481009503,0.99025334648
8560,1.3496290704634548,,0.0,1.3496290704634548,0.98126536651
8565,1.349662402697945,,0.0,1.349662402697945,0.97217315448
8570,1.3496916871496363,,0.0,1.3496916871496363,0.97070687785
8575,1.3497149082337407,,0.0,1.3497149082337407,0.95828261101
8580,1.3497302315896544,,0.0,1.3497302315896544,0.95695666017
8585,1.3497370152660215,,0.0,1.3497370152660215,0.95996366195
8590,1.3497363718416915,,0.0,1.3497363718416915,0.952777192
8595,1.3497309941800533,,0.0,1.3497309941800533,0.94941320417
8600,1.3497236382892315,,0.0,1.3497236382892315,0.95560640333
8605,1.3497157908836521,,0.0,1.3497157908836521,0.96938118297
8610,1.3497080977540632,,0.0,1.3497080977540632,0.96646420661
8615,1.3497013147055212,,0.0,1.3497013147055212,0.95241961982
8620,1.3496959434911657,,0.0,1.3496959434911657,0.9538657819
8625,1.3496920752422517,,0.0,1.3496920752422517,0.96367190361
8630,1.3496898512919102,,0.0,1.3496898512919102,0.95954448544
8635,1.3496901081448935,,0.0,1.3496901081448935,0.97056181817
8640,1.3496941526919775,,0.0,1.3496941526919775,0.98460043012
8645,1.3497036970610121,,0.0,1.3497036970610121,0.99319046181
8650,1.349720707528353,,0.0,1.349720707528353,0.99761788821
8655,1.3497468240219432,,0.0,1.3497468240219432,1.0164435747
8660,1.3497829418206406,,0.0,1.3497829418206406,1.0178042615
8665,1.3498288993801701,,0.0,1.3498288993801701,1.0102126902
8670,1.3498838063235397,,0.0,1.3498838063235397,0.99613237671
8675,1.3499462089937395,,0.0,1.3499462089937395,0.99004818735
8680,1.3500145367167864,,0.0,1.3500145367167864,0.99005716921
8685,1.3500872123231187,,0.0,1.3500872123231187,0.98936883234
8690,1.3501625391631944,,0.0,1.3501625391631944,1.0060911517
8695,1.3502385683224418,,0.0,1.3502385683224418,1.0093538574
8700,1.3503130671575532,,0.0,1.3503130671575532,1.0113537927
8705,1.3503836260992264,,0.0,1.3503836260992264,1.0144029721
8710,1.3504478207518238,,0.0,1.3504478207518238,1.0255287679
8715,1.35050350627099,,0.0,1.35050350627099,1.0313612886
8720,1.3505497651625098,,0.0,1.3505497651625098,1.0282683856
8725,1.3505869251511826,,0.0,1.3505869251511826,1.0213355733
8730,1.3506159151286676,,0.0,1.3506159151286676,1.003751993
8735,1.3506375878507333,,0.0,1.3506375878507333,1.012688751
8740,1.3506525110163208,,0.0,1.3506525110163208,1.0223058009
8745,1.3506610834393706,,0.0,1.3506610834393706,1.0189273626
8750,1.3506634409474685,,0.0,1.3506634409474685,0.99940758122
8755,1.3506591253247435,,0.0,1.3506591253247435,0.99917223002
8760,1.3506470061234737,,0.0,1.3506470061234737,0.99623968866
8765,1.3506256734412423,,0.0,1.3506256734412423,0.99695119467
8770,1.3505941742634116,,0.0,1.3505941742634116,1.0051068921
8775,1.3505531496478933,,0.0,1.3505531496478933,1.0173232876
8780,1.350507328109127,,0.0,1.350507328109127,1.0243310685
8785,1.35046261444052,,0.0,1.35046261444052,1.0290130448
8790,1.3504229492357769,,0.0,1.3504229492357769,1.035977756
8795,1.3503914307160978,,0.0,1.3503914307160978,1.0419375202
8800,1.350371661173947,,0.0,1.350371661173947,1.0316388509
8805,1.3503655252925397,,0.0,1.3503655252925397,1.0348276385
8810,1.3503731040130438,,0.0,1.3503731040130438,1.0432709536
8815,1.3503919473438675,,0.0,1.3503919473438675,1.0718989704
8820,1.3504176185161525,,0.0,1.3504176185161525,1.0902945515
8825,1.3504461087205621,,0.0,1.3504461087205621,1.0817666355
8830,1.350476252182128,,0.0,1.350476252182128,1.0611078247
8835,1.3505080430813927,,0.0,1.3505080430813927,1.0410262444
8840,1.350542355785803,,0.0,1.350542355785803,1.0222614611
8845,1.3505783084423033,,0.0,1.3505783084423033,1.0016716974
8850,1.3506144605782144,,0.0,1.3506144605782144,0.98867352847
8855,1.3506509796055644,,0.0,1.3506509796055644,0.9904932917
8860,1.3506870554365562,,0.0,1.3506870554365562,0.98649152194
8865,1.3507206791268622,,0.0,1.3507206791268622,0.9975288498
8870,1.3507491295609546,,0.0,1.3507491295609546,1.0159157293
8875,1.3507718659397907,,0.0,1.3507718659397907,1.0086579352
8880,1.3507894461585794,,0.0,1.3507894461585794,0.99864085592
8885,1.3508038752981082,,0.0,1.3508038752981082,0.98727997483
8890,1.3508182762579402,,0.0,1.3508182762579402,0.98275396182
8895,1.3508351600736033,,0.0,1.3508351600736033,0.98391510071
8900,1.3508554940065396,,0.0,1.3508554940065396,0.97453513384
8905,1.3508789843793978,,0.0,1.3508789843793978,0.97107317676
8910,1.3509042340877386,,0.0,1.3509042340877386,0.95005939567
8915,1.3509288254729725,,0.0,1.3509288254729725,0.92437629597
8920,1.3509500053280408,,0.0,1.3509500053280408,0.91633597708
8925,1.3509657744640549,,0.0,1.3509657744640549,0.92523019372
8930,1.3509755188678847,,0.0,1.3509755188678847,0.93292825253
8935,1.3509799354980392,,0.0,1.3509799354980392,0.93645358554
8940,1.3509802505938915,,0.0,1.3509802505938915,0.93272264365
8945,1.350977511995845,,0.0,1.350977511995845,0.91657400723
8950,1.3509723020118525,,0.0,1.3509723020118525,0.92031538798
8955,1.3509647448788793,,0.0,1.3509647448788793,0.92613236501
8960,1.3509545234485676,,0.0,1.3509545234485676,0.92918439025
8965,1.3509409936204675,,0.0,1.3509409936204675,0.94299057101
8970,1.3509237303810073,,0.0,1.3509237303810073,0.9761203967
8975,1.350903141985653,,0.0,1.350903141985653,1.0020171977
8980,1.3508804294883245,,0.0,1.3508804294883245,0.99293521956
8985,1.350857072214427,,0.0,1.350857072214427,0.96765350482
8990,1.3508342763612184,,0.0,1.3508342763612184,0.93729915715
8995,1.3508127221291022,,0.0,1.3508127221291022,0.9160958707
9000,1.3507924949989063,,0.0,1.3507924949989063,0.92232342668
9005,1.350773061029371,,0.0,1.350773061029371,0.9669121323
9010,1.3507534392193392,,0.0,1.3507534392193392,0.96889118161
9015,1.350732687396233,,0.0,1.350732687396233,0.97001842396
9020,1.350710479791171,,0.0,1.350710479791171,0.95280683279
9025,1.350687380891526,,0.0,1.350687380891526,0.94241654099
9030,1.3506646605222346,,0.0,1.3506646605222346,0.9316087932
9035,1.3506437455369955,,0.0,1.3506437455369955,0.92907814231
9040,1.3506257256231824,,0.0,1.3506257256231824,0.93287630777
9045,1.3506108666648038,,0.0,1.3506108666648038,0.92147373489
9050,1.3505985132122604,,0.0,1.3505985132122604,0.90878761952
9055,1.3505875515034944,,0.0,1.3505875515034944,0.92262606046
9060,1.3505771161054958,,0.0,1.3505771161054958,0.94823523796
9065,1.3505670325552757,,0.0,1.3505670325552757,0.97160303402
9070,1.3505577171492937,,0.0,1.3505577171492937,1.0045474126
9075,1.3505496461654707,,0.0,1.3505496461654707,1.0223149543
9080,1.3505427378174901,,0.0,1.3505427378174901,1.0257964856
9085,1.3505360189278628,,0.0,1.3505360189278628,1.0223267998
9090,1.350527780024923,,0.0,1.350527780024923,1.0018370453
9095,1.3505161452633028,,0.0,1.3505161452633028,0.99140274948
9100,1.3504997068655333,,0.0,1.3504997068655333,0.98451791378
9105,1.3504779051736657,,0.0,1.3504779051736657,0.97682449098
9110,1.3504510373905318,,0.0,1.3504510373905318,0.96092840802
9115,1.3504199862143376,,0.0,1.3504199862143376,0.94927625318
9120,1.3503858704055955,,0.0,1.3503858704055955,0.93851433514
9125,1.3503497450971418,,0.0,1.3503497450971418,0.92978121835
9130,1.350312460412708,,0.0,1.350312460412708,0.93429960848
9135,1.3502746154907945,,0.0,1.3502746154907945,0.93460142662
9140,1.3502365484394654,,0.0,1.3502365484394654,0.94405131912
9145,1.350198471415373,,0.0,1.350198471415373,0.94150127207
9150,1.350160642865211,,0.0,1.350160642865211,0.94990172195
9155,1.350123486933255,,0.0,1.350123486933255,0.96524386198
9160,1.350087566368286,,0.0,1.350087566368286,0.98066138991
9165,1.3500534110306985,,0.0,1.3500534110306985,0.99334303789
9170,1.350021240272988,,0.0,1.350021240272988,1.0216589265
9175,1.3499908538913308,,0.0,1.3499908538913308,1.0512125901
9180,1.3499618452481172,,0.0,1.3499618452481172,1.0523866134
9185,1.3499339274996331,,0.0,1.3499339274996331,1.0334053226
9190,1.349906997151295,,0.0,1.349906997151295,1.0197057807
9195,1.3498809408564907,,0.0,1.3498809408564907,0.99516636164
9200,1.3498555230841502,,0.0,1.3498555230841502,1.0086028149
9205,1.3498305054538413,,0.0,1.3498305054538413,1.0156362274
9210,1.3498057913770585,,0.0,1.3498057913770585,1.0144616929
9215,1.3497814775147485,,0.0,1.3497814775147485,1.0010430292
9220,1.3497578079702124,,0.0,1.3497578079702124,0.98789800784
9225,1.3497350554128014,,0.0,1.3497350554128014,0.98311682633
9230,1.349713343186037,,0.0,1.349713343186037,0.98104885083
9235,1.3496925026463888,,0.0,1.3496925026463888,0.97776555936
9240,1.3496721142375354,,0.0,1.3496721142375354,0.97800745601
9245,1.349651738481776,,0.0,1.349651738481776,0.95996937923
9250,1.349631184278753,,0.0,1.349631184278753,0.95311605557
9255,1.349610651397642,,0.0,1.349610651397642,0.96740831085
9260,1.3495906827141397,,0.0,1.3495906827141397,0.97746092671
9265,1.3495718079437575,,0.0,1.3495718079437575,0.99429025014
9270,1.3495540216292452,,0.0,1.3495540216292452,1.0228508744
9275,1.3495365185363783,,0.0,1.3495365185363783,1.0324713599
9280,1.3495180819638992,,0.0,1.3495180819638992,1.0290623004
9285,1.3494979099857396,,0.0,1.3494979099857396,1.0451996717
9290,1.3494761049132744,,0.0,1.3494761049132744,1.0438051609
9295,1.3494535458950816,,0.0,1.3494535458950816,1.0303413943
9300,1.3494316040532923,,0.0,1.3494316040532923,1.021054351
9305,1.3494120447118767,,0.0,1.3494120447118767,1.0054641587
9310,1.349394877336508,,0.0,1.349394877336508,0.97676819956
9315,1.3493812150855669,,0.0,1.3493812150855669,0.96776324844
9320,1.349371291848119,,0.0,1.349371291848119,0.96976234614
9325,1.3493633769754685,,0.0,1.3493633769754685,0.97113888054
9330,1.349353704626664,,0.0,1.349353704626664,0.97015864613
9335,1.3493408496865995,,0.0,1.3493408496865995,0.97842927815
9340,1.3493248998576386,,0.0,1.3493248998576386,0.99179661053
9345,1.3493069861911815,,0.0,1.3493069861911815,0.99506396019
9350,1.3492886216495803,,0.0,1.3492886216495803,1.002260644
9355,1.349271189742442,,0.0,1.349271189742442,1.005290694
9360,1.3492557366440183,,0.0,1.3492557366440183,1.0050071673
9365,1.349242168180516,,0.0,1.349242168180516,1.0133563975
9370,1.3492292691960932,,0.0,1.3492292691960932,1.0213674098
9375,1.3492166791500055,,0.0,1.3492166791500055,1.0398639644
9380,1.3492026486312396,,0.0,1.3492026486312396,1.0378155301
9385,1.349184423490999,,0.0,1.349184423490999,1.0188861108
9390,1.3491614628577997,,0.0,1.3491614628577997,0.99897680831
9395,1.3491343621273375,,0.0,1.3491343621273375,0.98486992582
9400,1.3491043419127047,,0.0,1.3491043419127047,0.98146414692
9405,1.3490725814871134,,0.0,1.3490725814871134,0.99765396725
9410,1.3490400150787372,,0.0,1.3490400150787372,0.99041425069
9415,1.3490073146779569,,0.0,1.3490073146779569,0.97496795501
9420,1.3489738179773887,,0.0,1.3489738179773887,0.96103437131
9425,1.34894100613762,,0.0,1.34894100613762,0.93689070132
9430,1.3489097449055727,,0.0,1.3489097449055727,0.91027315291
9435,1.3488792240968626,,0.0,1.3488792240968626,0.88386376539
9440,1.3488478035903697,,0.0,1.3488478035903697,0.87058314693
9445,1.3488158184757673,,0.0,1.3488158184757673,0.86743970507
9450,1.348784012967491,,0.0,1.348784012967491,0.87739592129
9455,1.3487532671558573,,0.0,1.3487532671558573,0.90839380714
9460,1.348724378548009,,0.0,1.348724378548009,0.92028775956
9465,1.348697990061187,,0.0,1.348697990061187,0.90757222031
9470,1.348673830136808,,0.0,1.348673830136808,0.90857449138
9475,1.3486512961108907,,0.0,1.3486512961108907,0.89734935911
9480,1.3486298371150411,,0.0,1.3486298371150411,0.89406048392
9485,1.3486079737031187,,0.0,1.3486079737031187,0.89953447017
9490,1.3485859569086491,,0.0,1.3485859569086491,0.89947984795
9495,1.3485648052574244,,0.0,1.3485648052574244,0.89591351809
9500,1.3485458985162466,,0.0,1.3485458985162466,0.88721898701
9505,1.3485305551665125,,0.0,1.3485305551665125,0.88551036115
9510,1.3485192962066206,,0.0,1.3485192962066206,0.88558511799
9515,1.3485115196004156,,0.0,1.3485115196004156,0.88858748988
9520,1.3485072296702334,,0.0,1.3485072296702334,0.89648285845
9525,1.3485054062965718,,0.0,1.3485054062965718,0.89988415093
9530,1.3485037191127027,,0.0,1.3485037191127027,0.90649885478
9535,1.3485012241350145,,0.0,1.3485012241350145,0.91771634559
9540,1.3484980132674695,,0.0,1.3484980132674695,0.91866381833
9545,1.3484949885984165,,0.0,1.3484949885984165,0.91729256827
9550,1.3484935612617748,,0.0,1.3484935612617748,0.91032371549
9555,1.348495186822177,,0.0,1.348495186822177,0.90925774558
9560,1.3485008005944175,,0.0,1.3485008005944175,0.91462128911
9565,1.3485103140792774,,0.0,1.3485103140792774,0.92834733277
9570,1.3485223588108093,,0.0,1.3485223588108093,0.94221628613
9575,1.3485344016347185,,0.0,1.3485344016347185,0.93899859527
9580,1.3485439187416473,,0.0,1.3485439187416473,0.91929888605
9585,1.3485490521309549,,0.0,1.3485490521309549,0.90329593577
9590,1.3485486216118385,,0.0,1.3485486216118385,0.89021030708
9595,1.348542025148142,,0.0,1.348542025148142,0.88866789964
9600,1.3485289746887952,,0.0,1.3485289746887952,0.89915520937
9605,1.3485092954086026,,0.0,1.3485092954086026,0.91635113414
9610,1.3484829173774866,,0.0,1.3484829173774866,0.92380075094
9615,1.3484504285296806,,0.0,1.3484504285296806,0.92276784976
9620,1.3484130678059456,,0.0,1.3484130678059456,0.93044432708
9625,1.348372254743402,,0.0,1.348372254743402,0.94009882011
9630,1.3483304579752229,,0.0,1.3483304579752229,0.92967459981
9635,1.3482898988197132,,0.0,1.3482898988197132,0.90995817288
9640,1.3482518557947747,,0.0,1.3482518557947747,0.88931792851
9645,1.348217825780773,,0.0,1.348217825780773,0.87485120431
9650,1.3481889786335408,,0.0,1.3481889786335408,0.85902228599
9655,1.3481660997383647,,0.0,1.3481660997383647,0.85575569337
9660,1.3481495078373125,,0.0,1.3481495078373125,0.85100837468
9665,1.3481389753437185,,0.0,1.3481389753437185,0.84661199702
9670,1.3481338246892156,,0.0,1.3481338246892156,0.85498164642
9675,1.3481332869568579,,0.0,1.3481332869568579,0.87406393665
9680,1.3481368973869032,,0.0,1.3481368973869032,0.88449566814
9685,1.3481446171749196,,0.0,1.3481446171749196,0.88897166144
9690,1.3481566377834724,,0.0,1.3481566377834724,0.89207688747
9695,1.3481730051162488,,0.0,1.3481730051162488,0.88794172882
9700,1.3481921456740513,,0.0,1.3481921456740513,0.89048012099
9705,1.3482132087536165,,0.0,1.3482132087536165,0.88813950017
9710,1.3482348726861277,,0.0,1.3482348726861277,0.88159930521
9715,1.3482551413976758,,0.0,1.3482551413976758,0.87654146271
9720,1.3482711061495611,,0.0,1.3482711061495611,0.87017347854
9725,1.348281004974264,,0.0,1.348281004974264,0.85503209897
9730,1.3482852889884005,,0.0,1.3482852889884005,0.84173502479
9735,1.3482856508330896,,0.0,1.3482856508330896,0.828087495
9740,1.3482844604280522,,0.0,1.3482844604280522,0.82212143754
9745,1.3482842175321077,,0.0,1.3482842175321077,0.82509422354
9750,1.3482869524839383,,0.0,1.3482869524839383,0.81689610995
9755,1.3482927929976953,,0.0,1.3482927929976953,0.82055039474
9760,1.348302743690426,,0.0,1.348302743690426,0.82390114204
9765,1.3483165146758773,,0.0,1.3483165146758773,0.81464907728
9770,1.3483325021260613,,0.0,1.3483325021260613,0.81090762347
9775,1.3483482705135146,,0.0,1.3483482705135146,0.81150603525
9780,1.348363822904922,,0.0,1.348363822904922,0.81581678667
9785,1.348380240004926,,0.0,1.348380240004926,0.82095050198
9790,1.3483989696510785,,0.0,1.3483989696510785,0.82202096464
9795,1.3484210994299524,,0.0,1.3484210994299524,0.82255598766
9800,1.348446909955304,,0.0,1.348446909955304,0.82773190973
9805,1.3484756308855064,,0.0,1.3484756308855064,0.84174375144
9810,1.348505263248995,,0.0,1.348505263248995,0.84583740404
9815,1.348534767536125,,0.0,1.348534767536125,0.83422931748
9820,1.3485631788035783,,0.0,1.3485631788035783,0.817947739
9825,1.348589848024892,,0.0,1.348589848024892,0.79879752162
9830,1.3486145368437803,,0.0,1.3486145368437803,0.78878611745
9835,1.348637220944088,,0.0,1.348637220944088,0.7806586588
9840,1.3486576495579072,,0.0,1.3486576495579072,0.77797031049
9845,1.3486753843424515,,0.0,1.3486753843424515,0.782260134
9850,1.3486901359668535,,0.0,1.3486901359668535,0.79058147956
9855,1.3487013731218904,,0.0,1.3487013731218904,0.79011194621
9860,1.3487084342487399,,0.0,1.3487084342487399,0.79489197959
9865,1.3487107898492146,,0.0,1.3487107898492146,0.80714298148
9870,1.348708368930763,,0.0,1.348708368930763,0.80508168208
9875,1.3487017189328874,,0.0,1.3487017189328874,0.80852882918
9880,1.3486920446040185,,0.0,1.3486920446040185,0.81227037764
9885,1.348681094171961,,0.0,1.348681094171961,0.81054592128
9890,1.348669725559968,,0.0,1.348669725559968,0.80567874252
9895,1.3486600655020506,,0.0,1.3486600655020506,0.805862357
9900,1.3486537825887908,,0.0,1.3486537825887908,0.79906730413
9905,1.3486512456192497,,0.0,1.3486512456192497,0.79373218015
9910,1.348651366209999,,0.0,1.348651366209999,0.78953425076
9915,1.3486512372643438,,0.0,1.3486512372643438,0.7904300065
9920,1.348649594776806,,0.0,1.348649594776806,0.79923921737
9925,1.348646291957004,,0.0,1.348646291957004,0.80889040055
9930,1.348641919636826,,0.0,1.348641919636826,0.8073341208
9935,1.3486371688828838,,0.0,1.3486371688828838,0.81070996196
9940,1.3486325659817961,,0.0,1.3486325659817961,0.81398822573
9945,1.3486276035541434,,0.0,1.3486276035541434,0.80797461872
9950,1.3486216391414807,,0.0,1.3486216391414807,0.80966857003
9955,1.3486160445903528,,0.0,1.3486160445903528,0.81739570866
9960,1.3486114833189111,,0.0,1.3486114833189111,0.82762724676
9965,1.3486078198859233,,0.0,1.3486078198859233,0.83416398797
9970,1.3486033508082105,,0.0,1.3486033508082105,0.83507913069
9975,1.3485949602371694,,0.0,1.3485949602371694,0.83626799458
9980,1.348582689826594,,0.0,1.348582689826594,0.8354940216
9985,1.3485677355836545,,0.0,1.3485677355836545,0.84080986936
9990,1.3485513834394207,,0.0,1.3485513834394207,0.84130456681
9995,1.3485345935802262,,0.0,1.3485345935802262,0.82976823276
10000,1.3485176971597632,,0.0,1.3485176971597632,0.80596437902
10005,1.3485005971790245,,0.0,1.3485005971790245,0.79616970476
10010,1.3484862105625854,,0.0,1.3484862105625854,0.78314689465
10015,1.3484754147928721,,0.0,1.3484754147928721,0.76558057048
10020,1.3484671690321484,,0.0,1.3484671690321484,0.75562711906
10025,1.3484590362075346,,0.0,1.3484590362075346,0.75849218281
10030,1.348447510204572,,0.0,1.348447510204572,0.75027687802
10035,1.3484332771397096,,0.0,1.3484332771397096,0.75027901449
10040,1.3484181370846327,,0.0,1.3484181370846327,0.75341348962
10045,1.3484037792032737,,0.0,1.3484037792032737,0.75610937285
10050,1.348391388540009,,0.0,1.348391388540009,0.75818163353
10055,1.3483803715101765,,0.0,1.3483803715101765,0.76002631509
10060,1.3483703641682874,,0.0,1.3483703641682874,0.75891915074
10065,1.3483619301807135,,0.0,1.3483619301807135,0.74618592479
10070,1.3483544938316663,,0.0,1.3483544938316663,0.7490313764
10075,1.3483468191504822,,0.0,1.3483468191504822,0.74880748343
10080,1.348336400896943,,0.0,1.348336400896943,0.7438533057
10085,1.348323406362341,,0.0,1.348323406362341,0.7412814248
10090,1.3483092748844394,,0.0,1.3483092748844394,0.7359335076
10095,1.3482957718596495,,0.0,1.3482957718596495,0.72604454281
10100,1.3482846120961531,,0.0,1.3482846120961531,0.72214247558
10105,1.3482769731527158,,0.0,1.3482769731527158,0.73065973674
10110,1.348272748830276,,0.0,1.348272748830276,0.74197634836
10115,1.348273740504463,,0.0,1.348273740504463,0.7512458998
10120,1.348280456520582,,0.0,1.348280456520582,0.74627449879
10125,1.3482918947245932,,0.0,1.3482918947245932,0.75849641423
10130,1.3483059035350926,,0.0,1.3483059035350926,0.76133417775
10135,1.3483192745475423,,0.0,1.3483192745475423,0.75662697268
10140,1.348331073292298,,0.0,1.348331073292298,0.76031725227
10145,1.3483412805482464,,0.0,1.3483412805482464,0.76922632225
10150,1.348350217641199,,0.0,1.348350217641199,0.77584940333
10155,1.3483582364430817,,0.0,1.3483582364430817,0.78304946927
10160,1.348364782849785,,0.0,1.348364782849785,0.79781002119
10165,1.348369449040491,,0.0,1.348369449040491,0.80961756548
10170,1.3483726929171576,,0.0,1.3483726929171576,0.80915809113
10175,1.3483749083918577,,0.0,1.3483749083918577,0.79944586674
10180,1.348376608421998,,0.0,1.348376608421998,0.78551422804
10185,1.3483783702687817,,0.0,1.3483783702687817,0.78077638512
10190,1.3483805826767967,,0.0,1.3483805826767967,0.77423616022
10195,1.3483831812939517,,0.0,1.3483831812939517,0.77624416015
10200,1.3483852450522569,,0.0,1.3483852450522569,0.78006100993
10205,1.348385901322858,,0.0,1.348385901322858,0.78229157733
10210,1.3483846407221243,,0.0,1.3483846407221243,0.78311095879
10215,1.3483803413262685,,0.0,1.3483803413262685,0.78741626965
10220,1.3483727598046977,,0.0,1.3483727598046977,0.78592813358
10225,1.3483625967862847,,0.0,1.3483625967862847,0.79820505464
10230,1.3483507776855017,,0.0,1.3483507776855017,0.82397215034
10235,1.348337975796674,,0.0,1.348337975796674,0.82566421176
10240,1.3483243734547534,,0.0,1.3483243734547534,0.82666084961
10245,1.348309824762802,,0.0,1.348309824762802,0.82161494783
10250,1.3482935187637264,,0.0,1.3482935187637264,0.82960352286
10255,1.3482757135903085,,0.0,1.3482757135903085,0.83753496855
10260,1.3482581900448254,,0.0,1.3482581900448254,0.81725100636
10265,1.348243052428608,,0.0,1.348243052428608,0.80196170064
10270,1.3482322611744075,,0.0,1.3482322611744075,0.80263743191
10275,1.3482267596138637,,0.0,1.3482267596138637,0.80969446545
10280,1.3482263932295147,,0.0,1.3482263932295147,0.81392963302
10285,1.348232033128946,,0.0,1.348232033128946,0.82891729872
10290,1.3482436039489751,,0.0,1.3482436039489751,0.83147978845
10295,1.3482600474659354,,0.0,1.3482600474659354,0.83283692251
10300,1.348279552162404,,0.0,1.348279552162404,0.8400351402
10305,1.3482999179695472,,0.0,1.3482999179695472,0.82906273741
10310,1.3483188076387063,,0.0,1.3483188076387063,0.81242215381
10315,1.3483343226503621,,0.0,1.3483343226503621,0.82086515503
10320,1.3483469316760912,,0.0,1.3483469316760912,0.83248917907
10325,1.348357865857133,,0.0,1.348357865857133,0.84589365933
10330,1.3483675479372295,,0.0,1.3483675479372295,0.85990464489
10335,1.3483770667827513,,0.0,1.3483770667827513,0.8815011035
10340,1.3483881107849238,,0.0,1.3483881107849238,0.91341198076
10345,1.3484015618209506,,0.0,1.3484015618209506,0.92264148675
10350,1.348417292369857,,0.0,1.348417292369857,0.91061568412
10355,1.348434378127938,,0.0,1.348434378127938,0.87809619808
10360,1.3484515493426994,,0.0,1.3484515493426994,0.84871026425
10365,1.3484676246401293,,0.0,1.3484676246401293,0.84304873387
10370,1.3484817151645045,,0.0,1.3484817151645045,0.85778047429
10375,1.3484933057610304,,0.0,1.3484933057610304,0.86526663633
10380,1.348502370109339,,0.0,1.348502370109339,0.87122160327
10385,1.348509109354994,,0.0,1.348509109354994,0.86915775861
10390,1.3485137905410653,,0.0,1.3485137905410653,0.86530490128
10395,1.348516590448666,,0.0,1.348516590448666,0.8478147112
10400,1.3485175339734827,,0.0,1.3485175339734827,0.83657036961
10405,1.3485165833494106,,0.0,1.3485165833494106,0.83442722495
10410,1.3485137891646792,,0.0,1.3485137891646792,0.83171133895
10415,1.348509401245458,,0.0,1.348509401245458,0.85566724298
10420,1.3485039187128496,,0.0,1.3485039187128496,0.85721493368
10425,1.348498112657042,,0.0,1.348498112657042,0.87042325956
10430,1.348493000034263,,0.0,1.348493000034263,0.8825318201
10435,1.3484896801665898,,0.0,1.3484896801665898,0.8729113756
10440,1.3484890513029768,,0.0,1.3484890513029768,0.86677278581
10445,1.3484915497337042,,0.0,1.3484915497337042,0.84951457445
10450,1.3484970696702112,,0.0,1.3484970696702112,0.83976095195
10455,1.3485051251274318,,0.0,1.3485051251274318,0.83431094047
10460,1.3485151415486405,,0.0,1.3485151415486405,0.8242724735
10465,1.3485267378680352,,0.0,1.3485267378680352,0.84134587828
10470,1.3485398830082644,,0.0,1.3485398830082644,0.86918427965
10475,1.3485548536712502,,0.0,1.3485548536712502,0.8633652542
10480,1.3485719884479976,,0.0,1.3485719884479976,0.8530177198
10485,1.348591355119492,,0.0,1.348591355119492,0.84870441087
10490,1.3486125407698706,,0.0,1.3486125407698706,0.84487398986
10495,1.3486347174424642,,0.0,1.3486347174424642,0.85587367892
10500,1.348656944993053,,0.0,1.348656944993053,0.87246034531
10505,1.3486785012776747,,0.0,1.3486785012776747,0.87408215177
10510,1.3486990347383165,,0.0,1.3486990347383165,0.89760168857
10515,1.3487184982156404,,0.0,1.3487184982156404,0.92982642291
10520,1.348736934691531,,0.0,1.348736934691531,0.96788923465
10525,1.348754323375313,,0.0,1.348754323375313,0.97187558384
10530,1.3487706150068484,,0.0,1.3487706150068484,0.94655247946
10535,1.3487859276172907,,0.0,1.3487859276172907,0.90213154004
10540,1.3488007132891409,,0.0,1.3488007132891409,0.88589473556
10545,1.3488157664628568,,0.0,1.3488157664628568,0.89439826374
10550,1.3488319358857856,,0.0,1.3488319358857856,0.91036198315
10555,1.3488495500554338,,0.0,1.3488495500554338,0.91901537824
10560,1.3488679257530074,,0.0,1.3488679257530074,0.92377192321
10565,1.3488852684123664,,0.0,1.3488852684123664,0.91176144554
10570,1.3488992156959878,,0.0,1.3488992156959878,0.88583459832
10575,1.3489078374516168,,0.0,1.3489078374516168,0.88969586436
10580,1.3489099172436139,,0.0,1.3489099172436139,0.89870752584
10585,1.3489052413216158,,0.0,1.3489052413216158,0.91543514831
10590,1.3488948759502837,,0.0,1.3488948759502837,0.92749791535
10595,1.348880906861807,,0.0,1.348880906861807,0.94099186933
10600,1.3488656702182245,,0.0,1.3488656702182245,0.95988385314
10605,1.3488511268869348,,0.0,1.3488511268869348,0.96105383669
10610,1.3488383845690683,,0.0,1.3488383845690683,0.96511024405
10615,1.3488276629793272,,0.0,1.3488276629793272,0.97388732043
10620,1.3488186438827334,,0.0,1.3488186438827334,0.96374785829
10625,1.3488106774559678,,0.0,1.3488106774559678,0.95689698098
10630,1.3488031627012016,,0.0,1.3488031627012016,0.9538993755
10635,1.3487956357279893,,0.0,1.3487956357279893,0.95463805391
10640,1.3487867338173998,,0.0,1.3487867338173998,0.96840324897
10645,1.348775844863926,,0.0,1.348775844863926,0.98667635828
10650,1.3487634892139941,,0.0,1.3487634892139941,0.99601171174
10655,1.348751392711023,,0.0,1.348751392711023,1.0050741104
10660,1.3487416039730693,,0.0,1.3487416039730693,0.99761920161
10665,1.3487352466142188,,0.0,1.3487352466142188,0.98442857079
10670,1.348731773871088,,0.0,1.348731773871088,0.97716415511
10675,1.3487293486061536,,0.0,1.3487293486061536,0.97475573315
10680,1.348725659625506,,0.0,1.348725659625506,0.96600281097
10685,1.3487191609576716,,0.0,1.3487191609576716,0.99836675142
10690,1.3487098388870826,,0.0,1.3487098388870826,1.0163482466
10695,1.348699173705029,,0.0,1.348699173705029,1.0060212273
10700,1.3486894130743305,,0.0,1.3486894130743305,0.99805377911
10705,1.3486824752668554,,0.0,1.3486824752668554,0.9783121588
10710,1.34867903835806,,0.0,1.34867903835806,0.95475193024
10715,1.3486782914391464,,0.0,1.3486782914391464,0.93142956574
10720,1.348678435766521,,0.0,1.348678435766521,0.92947994592
10725,1.348677572096251,,0.0,1.348677572096251,0.94287434091
10730,1.3486744013853773,,0.0,1.3486744013853773,0.9297999289
10735,1.3486683868674272,,0.0,1.3486683868674272,0.93528705408
10740,1.348659458998677,,0.0,1.348659458998677,0.93750645468
10745,1.3486476257235307,,0.0,1.3486476257235307,0.93763673413
10750,1.3486328147454922,,0.0,1.3486328147454922,0.93461043478
10755,1.3486149843383268,,0.0,1.3486149843383268,0.92950699753
10760,1.3485942577489682,,0.0,1.3485942577489682,0.9258714058
10765,1.3485708422804963,,0.0,1.3485708422804963,0.92310956276
10770,1.348544785430308,,0.0,1.348544785430308,0.92698688487
10775,1.3485158571970257,,0.0,1.3485158571970257,0.91913336739
10780,1.348483385469532,,0.0,1.348483385469532,0.89545643958
10785,1.3484480803665204,,0.0,1.3484480803665204,0.88997397447
10790,1.3484102850186577,,0.0,1.3484102850186577,0.89621554166
10795,1.3483717214299682,,0.0,1.3483717214299682,0.89140883759
10800,1.3483350399166047,,0.0,1.3483350399166047,0.88987879898
10805,1.3483024733633457,,0.0,1.3483024733633457,0.89258872906
10810,1.3482747656465672,,0.0,1.3482747656465672,0.89833332645
10815,1.3482508829311992,,0.0,1.3482508829311992,0.89768618934
10820,1.348228604285291,,0.0,1.348228604285291,0.89972178611
10825,1.3482055985694068,,0.0,1.3482055985694068,0.90758529557
10830,1.348180187075319,,0.0,1.348180187075319,0.93670694174
10835,1.348153217246429,,0.0,1.348153217246429,0.96093894712
10840,1.3481256283093652,,0.0,1.3481256283093652,0.96531068978
10845,1.3480987762218635,,0.0,1.3480987762218635,0.96926195294
10850,1.3480738674226533,,0.0,1.3480738674226533,0.96491580271
10855,1.3480512296365343,,0.0,1.3480512296365343,0.95190035037
10860,1.348030534655764,,0.0,1.348030534655764,0.95532723805
10865,1.348011394822375,,0.0,1.348011394822375,0.96955460397
10870,1.347993808784129,,0.0,1.347993808784129,0.99485641664
10875,1.3479781455815585,,0.0,1.3479781455815585,0.9967489523
10880,1.347964771574865,,0.0,1.347964771574865,0.98081246623
10885,1.3479536700542374,,0.0,1.3479536700542374,0.96624992509
10890,1.3479435603526795,,0.0,1.3479435603526795,0.95893048455
10895,1.347934110205732,,0.0,1.347934110205732,0.95147240234
10900,1.3479255434814044,,0.0,1.3479255434814044,0.94127428094
10905,1.347917058446805,,0.0,1.347917058446805,0.9286795015
10910,1.3479070454786353,,0.0,1.3479070454786353,0.91394019348
10915,1.3478959627686191,,0.0,1.3478959627686191,0.91779453987
10920,1.3478841794538774,,0.0,1.3478841794538774,0.92729667532
10925,1.3478714159348337,,0.0,1.3478714159348337,0.9411390734
10930,1.3478567043463674,,0.0,1.3478567043463674,0.95890365295
10935,1.3478388081382828,,0.0,1.3478388081382828,0.97270020465
10940,1.3478167641058547,,0.0,1.3478167641058547,0.9745457244
10945,1.347789932277792,,0.0,1.347789932277792,0.96453752344
10950,1.3477581452420675,,0.0,1.3477581452420675,0.96262244183
10955,1.3477233714965728,,0.0,1.3477233714965728,0.97571909152
10960,1.3476876431427298,,0.0,1.3476876431427298,0.98492599922
10965,1.3476513062571545,,0.0,1.3476513062571545,0.97970556783
10970,1.3476156973108515,,0.0,1.3476156973108515,0.96816686985
10975,1.347582565618246,,0.0,1.347582565618246,0.97284191768
10980,1.3475528791651945,,0.0,1.3475528791651945,0.98609478675
10985,1.3475265372823264,,0.0,1.3475265372823264,0.98026493579
10990,1.3475028933578914,,0.0,1.3475028933578914,0.97094452825
10995,1.3474808197210864,,0.0,1.3474808197210864,0.97259986793
11000,1.347458805413771,,0.0,1.347458805413771,0.97176018691
11005,1.3474351216465774,,0.0,1.3474351216465774,0.96912802147
11010,1.3474103317236703,,0.0,1.3474103317236703,0.9675239048
11015,1.3473857451678621,,0.0,1.3473857451678621,0.97128308368
11020,1.3473630658728324,,0.0,1.3473630658728324,0.97494929796
11025,1.3473426116872067,,0.0,1.3473426116872067,0.969210611
11030,1.3473257687526288,,0.0,1.3473257687526288,0.96338216505
11035,1.3473138010745769,,0.0,1.3473138010745769,0.96940214471
11040,1.347306706697134,,0.0,1.347306706697134,0.97489930383
11045,1.34730334020136,,0.0,1.34730334020136,0.96622189806
11050,1.347302029181426,,0.0,1.347302029181426,0.95811258719
11055,1.3473012687159742,,0.0,1.3473012687159742,0.95008488076
11060,1.3473001815640493,,0.0,1.3473001815640493,0.95302366662
11065,1.3472984334086864,,0.0,1.3472984334086864,0.97942789591
11070,1.3472958378823636,,0.0,1.3472958378823636,0.96653595625
11075,1.347293905653456,,0.0,1.347293905653456,0.93481148969
11080,1.3472941785401316,,0.0,1.3472941785401316,0.91945467759
11085,1.3472977530875472,,0.0,1.3472977530875472,0.90321272571
11090,1.3473038655945357,,0.0,1.3473038655945357,0.89409563875
11095,1.347311472760355,,0.0,1.347311472760355,0.90336816779
11100,1.347320423641317,,0.0,1.347320423641317,0.91207503427
11105,1.3473300014299743,,0.0,1.3473300014299743,0.92763725708
11110,1.3473388148413457,,0.0,1.3473388148413457,0.93528517678
11115,1.3473449961193507,,0.0,1.3473449961193507,0.94138490687
11120,1.3473466380032102,,0.0,1.3473466380032102,0.9507794615
11125,1.347341843422233,,0.0,1.347341843422233,0.95535060322
11130,1.3473298245764207,,0.0,1.3473298245764207,0.96544149236
11135,1.3473126428335118,,0.0,1.3473126428335118,0.96587503481
11140,1.347292616728143,,0.0,1.347292616728143,0.96369478388
11145,1.3472716723799982,,0.0,1.3472716723799982,0.95911604555
11150,1.3472497242116621,,0.0,1.3472497242116621,0.94050796295
11155,1.347228484254396,,0.0,1.347228484254396,0.9356102454
11160,1.3472100785419443,,0.0,1.3472100785419443,0.94071263541
11165,1.3471957789517486,,0.0,1.3471957789517486,0.95540125893
11170,1.347185761975156,,0.0,1.347185761975156,0.97915463281
11175,1.3471793117706043,,0.0,1.3471793117706043,1.0021462643
11180,1.3471746315021238,,0.0,1.3471746315021238,1.0134567797
11185,1.3471703731080884,,0.0,1.3471703731080884,1.0109954357
11190,1.3471675013627868,,0.0,1.3471675013627868,1.0200731966
11195,1.3471671171095645,,0.0,1.3471671171095645,1.0167881187
11200,1.347169802728816,,0.0,1.347169802728816,0.99559448712
11205,1.347175425821847,,0.0,1.347175425821847,0.98128302937
11210,1.3471819744259386,,0.0,1.3471819744259386,0.98585750345
11215,1.3471885351035935,,0.0,1.3471885351035935,0.998830965
11220,1.3471954654496066,,0.0,1.3471954654496066,1.0049341722
11225,1.3472030487339175,,0.0,1.3472030487339175,1.0029263467
11230,1.3472114500262826,,0.0,1.3472114500262826,0.98922945205
11235,1.3472206503953543,,0.0,1.3472206503953543,0.96312931584
11240,1.3472304109777586,,0.0,1.3472304109777586,0.940923465
11245,1.3472402761655147,,0.0,1.3472402761655147,0.93189817898
11250,1.3472489524695022,,0.0,1.3472489524695022,0.94290378726
11255,1.3472562884147974,,0.0,1.3472562884147974,0.952024263
11260,1.3472626226165538,,0.0,1.3472626226165538,0.96754374306
11265,1.3472683370098697,,0.0,1.3472683370098697,0.99945435966
11270,1.3472740676059076,,0.0,1.3472740676059076,1.0147354949
11275,1.347279750414782,,0.0,1.347279750414782,1.0181404149
11280,1.3472862536705705,,0.0,1.3472862536705705,0.9914255622
11285,1.3472953301165895,,0.0,1.3472953301165895,0.956898928
11290,1.3473078069126543,,0.0,1.3473078069126543,0.92560177489
11295,1.3473230788110417,,0.0,1.3473230788110417,0.91639583322
11300,1.3473392558161679,,0.0,1.3473392558161679,0.92225469332
11305,1.3473538554827034,,0.0,1.3473538554827034,0.93426028793
11310,1.3473638011045372,,0.0,1.3473638011045372,0.94824878743
11315,1.3473687352317578,,0.0,1.3473687352317578,0.96299670327
11320,1.3473700472900179,,0.0,1.3473700472900179,0.95812320476
11325,1.3473696330702116,,0.0,1.3473696330702116,0.94694981001
11330,1.3473692070666077,,0.0,1.3473692070666077,0.93917699919
11335,1.3473684900418361,,0.0,1.3473684900418361,0.92567396436
11340,1.3473685247654041,,0.0,1.3473685247654041,0.92075661528
11345,1.347371196379322,,0.0,1.347371196379322,0.91638021902
11350,1.3473773468214465,,0.0,1.3473773468214465,0.9225674828
11355,1.3473864414261048,,0.0,1.3473864414261048,0.93273052468
11360,1.3473967886870923,,0.0,1.3473967886870923,0.92540945664
11365,1.347404813042814,,0.0,1.347404813042814,0.93456570686
11370,1.3474103077455741,,0.0,1.3474103077455741,0.93745609332
11375,1.3474147030055217,,0.0,1.3474147030055217,0.92738468499
11380,1.3474194900525953,,0.0,1.3474194900525953,0.91021644035
11385,1.3474257016110966,,0.0,1.3474257016110966,0.90000236255
11390,1.3474326754219372,,0.0,1.3474326754219372,0.90050718839
11395,1.3474402888660089,,0.0,1.3474402888660089,0.9060263128
11400,1.3474497892872737,,0.0,1.3474497892872737,0.91245470613
11405,1.3474609717007746,,0.0,1.3474609717007746,0.92676586586
11410,1.3474726030817972,,0.0,1.3474726030817972,0.93237290011
11415,1.3474822595417926,,0.0,1.3474822595417926,0.92497004468
11420,1.3474892924889457,,0.0,1.3474892924889457,0.90899259483
11425,1.3474948477526987,,0.0,1.3474948477526987,0.89316217549
11430,1.3475004463363962,,0.0,1.3475004463363962,0.8991454631
11435,1.3475062028423006,,0.0,1.3475062028423006,0.904611294
11440,1.3475135570911176,,0.0,1.3475135570911176,0.91809163025
11445,1.347524007822542,,0.0,1.347524007822542,0.92583051085
11450,1.3475373939993869,,0.0,1.3475373939993869,0.92767123614
11455,1.3475519994612324,,0.0,1.3475519994612324,0.93055863835
11460,1.3475643474082308,,0.0,1.3475643474082308,0.93471566707
11465,1.3475734189765305,,0.0,1.3475734189765305,0.92803484168
11470,1.3475802595676747,,0.0,1.3475802595676747,0.91598317744
11475,1.3475866490422033,,0.0,1.3475866490422033,0.89837522809
11480,1.3475941897551307,,0.0,1.3475941897551307,0.89253681954
11485,1.3476033214980692,,0.0,1.3476033214980692,0.88627654981
11490,1.3476159934270624,,0.0,1.3476159934270624,0.86372292448
11495,1.347632343591232,,0.0,1.347632343591232,0.85307672114
11500,1.3476507767589667,,0.0,1.3476507767589667,0.84223031594
11505,1.3476686616179019,,0.0,1.3476686616179019,0.83895317753
11510,1.3476830124482995,,0.0,1.3476830124482995,0.83212863564
11515,1.347693790614758,,0.0,1.347693790614758,0.84313750088
11520,1.3477019202036564,,0.0,1.3477019202036564,0.84953851506
11525,1.347708361256447,,0.0,1.347708361256447,0.8583567669
11530,1.3477138538825542,,0.0,1.3477138538825542,0.85399028656
11535,1.3477176342600752,,0.0,1.3477176342600752,0.84229064008
11540,1.3477209838770083,,0.0,1.3477209838770083,0.83551111741
11545,1.3477265359050463,,0.0,1.3477265359050463,0.83900903942
11550,1.3477360834132073,,0.0,1.3477360834132073,0.82691518725
11555,1.347749930051606,,0.0,1.347749930051606,0.81395374622
11560,1.3477664263783316,,0.0,1.3477664263783316,0.80857191884
11565,1.3477818326554774,,0.0,1.3477818326554774,0.80288159792
11570,1.3477953265768003,,0.0,1.3477953265768003,0.79400526566
11575,1.3478070475436617,,0.0,1.3478070475436617,0.79293738588
11580,1.3478171858595644,,0.0,1.3478171858595644,0.80030613501
11585,1.3478260240458875,,0.0,1.3478260240458875,0.80380907355
11590,1.3478324212957908,,0.0,1.3478324212957908,0.79672690927
11595,1.347838079788509,,0.0,1.347838079788509,0.79294066632
11600,1.3478453981788434,,0.0,1.3478453981788434,0.79020232661
11605,1.3478548657358689,,0.0,1.3478548657358689,0.78677413804
11610,1.347865412548709,,0.0,1.347865412548709,0.77167177836
11615,1.3478748691912332,,0.0,1.3478748691912332,0.78226839887
11620,1.34788141279687,,0.0,1.34788141279687,0.78589882724
11625,1.3478859387893598,,0.0,1.3478859387893598,0.79420435082
11630,1.3478896762332901,,0.0,1.3478896762332901,0.80905392039
11635,1.3478935931386637,,0.0,1.3478935931386637,0.81937283401
11640,1.347898168029085,,0.0,1.347898168029085,0.82325680664
11645,1.3479023156602514,,0.0,1.3479023156602514,0.83115010641
11650,1.347906054504715,,0.0,1.347906054504715,0.82654645021
11655,1.3479098793370956,,0.0,1.3479098793370956,0.82227327179
11660,1.3479142536614848,,0.0,1.3479142536614848,0.81011750232
11665,1.34791957496373,,0.0,1.34791957496373,0.79443658515
11670,1.347925999837946,,0.0,1.347925999837946,0.80114057879
11675,1.3479332778784323,,0.0,1.3479332778784323,0.79914094837
11680,1.3479401894138336,,0.0,1.3479401894138336,0.80544007995
11685,1.3479463968914709,,0.0,1.3479463968914709,0.80139070297
11690,1.3479519762299088,,0.0,1.3479519762299088,0.79609361693
11695,1.347957063691382,,0.0,1.347957063691382,0.78246009666
11700,1.3479618213031086,,0.0,1.3479618213031086,0.76777584898
11705,1.3479655048747996,,0.0,1.3479655048747996,0.77838444846
11710,1.3479684594688919,,0.0,1.3479684594688919,0.79479547732
11715,1.3479711864521708,,0.0,1.3479711864521708,0.81077175124
11720,1.3479739517810865,,0.0,1.3479739517810865,0.81768833896
11725,1.3479769303774225,,0.0,1.3479769303774225,0.82953570193
11730,1.347980411692783,,0.0,1.347980411692783,0.82152253798
11735,1.3479848877973097,,0.0,1.3479848877973097,0.8074128605
11740,1.3479909301327495,,0.0,1.3479909301327495,0.79941395637
11745,1.3479989811951931,,0.0,1.3479989811951931,0.79506231017
11750,1.3480091562871692,,0.0,1.3480091562871692,0.79866567732
11755,1.3480211557911337,,0.0,1.3480211557911337,0.81275171639
11760,1.3480342803097172,,0.0,1.3480342803097172,0.82343247726
11765,1.3480474866387648,,0.0,1.3480474866387648,0.81779305598
11770,1.3480595131392166,,0.0,1.3480595131392166,0.80813596707
11775,1.3480691142298509,,0.0,1.3480691142298509,0.8017842349
11780,1.348075355127111,,0.0,1.348075355127111,0.80162977699
11785,1.3480778994132314,,0.0,1.3480778994132314,0.82850882296
11790,1.3480772055938486,,0.0,1.3480772055938486,0.84956043317
11795,1.3480744982421833,,0.0,1.3480744982421833,0.85236807825
11800,1.3480714008661328,,0.0,1.3480714008661328,0.85800479365
11805,1.3480693273765356,,0.0,1.3480693273765356,0.87063974448
11810,1.3480689281038005,,0.0,1.3480689281038005,0.89572540136
11815,1.3480698104397995,,0.0,1.3480698104397995,0.91701795283
11820,1.348070674037628,,0.0,1.348070674037628,0.90544971263
11825,1.3480693521514875,,0.0,1.3480693521514875,0.88227494383
11830,1.3480652277257092,,0.0,1.3480652277257092,0.8601710594
11835,1.3480589684766335,,0.0,1.3480589684766335,0.84990687112
11840,1.348051369858897,,0.0,1.348051369858897,0.85169125432
11845,1.3480433508155432,,0.0,1.3480433508155432,0.86022083753
11850,1.348037041871681,,0.0,1.348037041871681,0.86844722497
11855,1.348033729562058,,0.0,1.348033729562058,0.8874460471
11860,1.348033304307015,,0.0,1.348033304307015,0.87765145212
11865,1.348034329618149,,0.0,1.348034329618149,0.86813274792
11870,1.3480345014491006,,0.0,1.3480345014491006,0.85399650407
11875,1.3480312053421997,,0.0,1.3480312053421997,0.84538852859
11880,1.3480244304795335,,0.0,1.3480244304795335,0.85617463492
11885,1.3480152986400062,,0.0,1.3480152986400062,0.8603330389
11890,1.3480052997979057,,0.0,1.3480052997979057,0.8643643985
11895,1.3479945070948778,,0.0,1.3479945070948778,0.86292423747
11900,1.3479840989348375,,0.0,1.3479840989348375,0.86308188157
11905,1.3479751338070711,,0.0,1.3479751338070711,0.86846214893
11910,1.3479679936225297,,0.0,1.3479679936225297,0.86061107441
11915,1.3479625133838984,,0.0,1.3479625133838984,0.85106176145
11920,1.3479581372001805,,0.0,1.3479581372001805,0.84566144233
11925,1.3479539044020992,,0.0,1.3479539044020992,0.84386456178
11930,1.3479482626916337,,0.0,1.3479482626916337,0.84315579143
11935,1.347941458707533,,0.0,1.347941458707533,0.84760679226
11940,1.3479342314001594,,0.0,1.3479342314001594,0.86367264356
11945,1.3479265413131085,,0.0,1.3479265413131085,0.8883596035
11950,1.3479184073294328,,0.0,1.3479184073294328,0.88750802292
11955,1.3479111013024272,,0.0,1.3479111013024272,0.87583697826
11960,1.347905325189056,,0.0,1.347905325189056,0.85616700688
11965,1.3479009652563545,,0.0,1.3479009652563545,0.84877961023
11970,1.3478973184607366,,0.0,1.3478973184607366,0.83093199711
11975,1.3478935332779374,,0.0,1.3478935332779374,0.83458456486
11980,1.3478889571077188,,0.0,1.3478889571077188,0.8760974972
11985,1.3478832542808765,,0.0,1.3478832542808765,0.87795584522
11990,1.3478763694521967,,0.0,1.3478763694521967,0.86061007005
11995,1.3478685072202814,,0.0,1.3478685072202814,0.84201992704
12000,1.3478600708904362,,0.0,1.3478600708904362,0.82052745028
12005,1.3478515306072119,,0.0,1.3478515306072119,0.81287097662
12010,1.3478433723556738,,0.0,1.3478433723556738,0.8101368448
12015,1.3478361343511234,,0.0,1.3478361343511234,0.79655026159
12020,1.347830387528217,,0.0,1.347830387528217,0.79669916153
12025,1.3478265148845257,,0.0,1.3478265148845257,0.80410053245
12030,1.3478243587876093,,0.0,1.3478243587876093,0.80731425608
12035,1.3478230099532758,,0.0,1.3478230099532758,0.81453547714
12040,1.3478209719599545,,0.0,1.3478209719599545,0.8329143549
12045,1.3478167013957674,,0.0,1.3478167013957674,0.83403409583
12050,1.3478092523453322,,0.0,1.3478092523453322,0.83108740828
12055,1.3477986522156369,,0.0,1.3477986522156369,0.84483014679
12060,1.347785784888097,,0.0,1.347785784888097,0.85159572325
12065,1.347771878171648,,0.0,1.347771878171648,0.85474727342
12070,1.347757949891815,,0.0,1.347757949891815,0.84035514917
12075,1.3477445381914572,,0.0,1.3477445381914572,0.82660062068
12080,1.347731783751733,,0.0,1.347731783751733,0.82411352432
12085,1.3477196769862332,,0.0,1.3477196769862332,0.83242176059
12090,1.3477082258635094,,0.0,1.3477082258635094,0.8341867611
12095,1.3476974461033409,,0.0,1.3476974461033409,0.84139421974
12100,1.3476872682827394,,0.0,1.3476872682827394,0.85024561262
12105,1.3476775109843444,,0.0,1.3476775109843444,0.84530976359
12110,1.34766789518811,,0.0,1.34766789518811,0.83591498607
12115,1.347658431977567,,0.0,1.347658431977567,0.84681017399
12120,1.347649077815447,,0.0,1.347649077815447,0.85735714692
12125,1.3476403192663473,,0.0,1.3476403192663473,0.85715681043
12130,1.347633014108638,,0.0,1.347633014108638,0.87903772443
12135,1.3476279019446546,,0.0,1.3476279019446546,0.88674586776
12140,1.3476251120581115,,0.0,1.3476251120581115,0.88605565415
12145,1.3476240611510235,,0.0,1.3476240611510235,0.89268143543
12150,1.3476237921761824,,0.0,1.3476237921761824,0.88883556599
12155,1.3476234594046335,,0.0,1.3476234594046335,0.87740707211
12160,1.3476226426039357,,0.0,1.3476226426039357,0.85541412964
12165,1.3476213621301167,,0.0,1.3476213621301167,0.87265230017
12170,1.347619848588234,,0.0,1.347619848588234,0.90996192594
12175,1.3476182275916386,,0.0,1.3476182275916386,0.91259836572
12180,1.3476163750723953,,0.0,1.3476163750723953,0.90398323923
12185,1.3476140826890972,,0.0,1.3476140826890972,0.88121934484
12190,1.3476113589898278,,0.0,1.3476113589898278,0.85773109407
12195,1.3476085451493351,,0.0,1.3476085451493351,0.84610713277
12200,1.3476061220093478,,0.0,1.3476061220093478,0.84265488334
12205,1.3476043869417274,,0.0,1.3476043869417274,0.86143349809
12210,1.347603193470005,,0.0,1.347603193470005,0.87279845355
12215,1.3476018244486736,,0.0,1.3476018244486736,0.88062706403
12220,1.3475990638284476,,0.0,1.3475990638284476,0.88279878069
12225,1.347593568763481,,0.0,1.347593568763481,0.88747790866
12230,1.3475844020313563,,0.0,1.3475844020313563,0.89700093905
12235,1.34757146996537,,0.0,1.34757146996537,0.8886843092
12240,1.3475556132960227,,0.0,1.3475556132960227,0.8922967798
12245,1.3475382756351189,,0.0,1.3475382756351189,0.90114725173
12250,1.3475210239138378,,0.0,1.3475210239138378,0.90201961932
12255,1.3475052306789916,,0.0,1.3475052306789916,0.91036068116
12260,1.3474918610912223,,0.0,1.3474918610912223,0.90767024812
12265,1.3474811861537295,,0.0,1.3474811861537295,0.91149157335
12270,1.3474725588442615,,0.0,1.3474725588442615,0.91898840789
12275,1.3474645781706913,,0.0,1.3474645781706913,0.91236442662
12280,1.3474557137605891,,0.0,1.3474557137605891,0.90715568227
12285,1.3474450430005493,,0.0,1.3474450430005493,0.91281157994
12290,1.3474326409156938,,0.0,1.3474326409156938,0.91722053006
12295,1.3474194061171838,,0.0,1.3474194061171838,0.9097023157
12300,1.347406574213478,,0.0,1.347406574213478,0.9109023815
12305,1.347395286180446,,0.0,1.347395286180446,0.9133141543
12310,1.347386281741158,,0.0,1.347386281741158,0.91487450626
12315,1.3473797026392453,,0.0,1.3473797026392453,0.91713031713
12320,1.3473750952467922,,0.0,1.3473750952467922,0.92122285133
12325,1.3473716571306409,,0.0,1.3473716571306409,0.9361501774
12330,1.3473685906629118,,0.0,1.3473685906629118,0.93234824506
12335,1.3473653711024016,,0.0,1.3473653711024016,0.92372479529
12340,1.3473618787276573,,0.0,1.3473618787276573,0.928996479
12345,1.3473584296004162,,0.0,1.3473584296004162,0.92536943707
12350,1.3473556882254503,,0.0,1.3473556882254503,0.91969445865
12355,1.3473543699613784,,0.0,1.3473543699613784,0.94145590772
12360,1.3473548102600812,,0.0,1.3473548102600812,0.96459563362
12365,1.3473567011491085,,0.0,1.3473567011491085,0.96718850489
12370,1.3473592202014817,,0.0,1.3473592202014817,0.95338713332
12375,1.347361522195336,,0.0,1.347361522195336,0.91644957478
12380,1.347363171419922,,0.0,1.347363171419922,0.90055172371
12385,1.3473641492336585,,0.0,1.3473641492336585,0.88259255802
12390,1.3473646936306234,,0.0,1.3473646936306234,0.88462158666
12395,1.3473652138080203,,0.0,1.3473652138080203,0.90623131314
12400,1.3473660279766813,,0.0,1.3473660279766813,0.90904344426
12405,1.347366925597811,,0.0,1.347366925597811,0.90876163835
12410,1.3473670165117417,,0.0,1.3473670165117417,0.89931315726
12415,1.3473650845725997,,0.0,1.3473650845725997,0.89804362391
12420,1.3473601442637149,,0.0,1.3473601442637149,0.90105314472
12425,1.347351869429851,,0.0,1.347351869429851,0.90029823803
12430,1.3473407135298945,,0.0,1.3473407135298945,0.89464324496
12435,1.347327627018888,,0.0,1.347327627018888,0.88421737282
12440,1.3473137151108068,,0.0,1.3473137151108068,0.88413103013
12445,1.347300153384353,,0.0,1.347300153384353,0.89175364173
12450,1.347288059851478,,0.0,1.347288059851478,0.90944342282
12455,1.3472781094968076,,0.0,1.3472781094968076,0.92593112867
12460,1.3472701776487268,,0.0,1.3472701776487268,0.94477083996
12465,1.3472634573585665,,0.0,1.3472634573585665,0.95732014305
12470,1.3472569955151,,0.0,1.3472569955151,0.95792618726
12475,1.347250248421629,,0.0,1.347250248421629,0.96066607505
12480,1.3472432997238,,0.0,1.3472432997238,0.9599068198
12485,1.347236638352628,,0.0,1.347236638352628,0.95255611523
12490,1.3472307081081492,,0.0,1.3472307081081492,0.94183055824
12495,1.3472255810453886,,0.0,1.3472255810453886,0.93670142412
12500,1.3472209355970641,,0.0,1.3472209355970641,0.94169413441
12505,1.3472162744289604,,0.0,1.3472162744289604,0.94797719328
12510,1.3472112053434506,,0.0,1.3472112053434506,0.94534020648
12515,1.3472055921990358,,0.0,1.3472055921990358,0.93089237828
12520,1.3471995485113568,,0.0,1.3471995485113568,0.9148821751
12525,1.3471933546526993,,0.0,1.3471933546526993,0.91085387977
12530,1.3471873833098111,,0.0,1.3471873833098111,0.89917297342
12535,1.3471820187359156,,0.0,1.3471820187359156,0.89490017543
12540,1.3471775489096416,,0.0,1.3471775489096416,0.90426735759
12545,1.347174018092672,,0.0,1.347174018092672,0.91525090605
12550,1.3471711259430483,,0.0,1.3471711259430483,0.9284446031
12555,1.3471683113057007,,0.0,1.3471683113057007,0.95076523887
12560,1.3471650478698618,,0.0,1.3471650478698618,0.94568673969
12565,1.3471612476192556,,0.0,1.3471612476192556,0.91782201093
12570,1.3471572255289994,,0.0,1.3471572255289994,0.88631975521
12575,1.3471534746351197,,0.0,1.3471534746351197,0.84718268445
12580,1.3471507052977814,,0.0,1.3471507052977814,0.82521857924
12585,1.34714959576147,,0.0,1.34714959576147,0.83330294346
12590,1.347150279463207,,0.0,1.347150279463207,0.84889470689
12595,1.3471520359251814,,0.0,1.3471520359251814,0.86588966312
12600,1.3471535659595517,,0.0,1.3471535659595517,0.87745462544
12605,1.3471535269619428,,0.0,1.3471535269619428,0.87096865586
12610,1.3471509614263508,,0.0,1.3471509614263508,0.87044624677
12615,1.3471454843751403,,0.0,1.3471454843751403,0.86066672454
12620,1.3471372095171292,,0.0,1.3471372095171292,0.84293608942
12625,1.347126522264602,,0.0,1.347126522264602,0.844420151
12630,1.3471140989302752,,0.0,1.3471140989302752,0.83793696396
12635,1.347101156867379,,0.0,1.347101156867379,0.86396740195
12640,1.347089287009336,,0.0,1.347089287009336,0.86601467386
12645,1.34707973416466,,0.0,1.34707973416466,0.86124217086
12650,1.3470727826174702,,0.0,1.3470727826174702,0.86428710575
12655,1.347067752891776,,0.0,1.347067752891776,0.86745351961
12660,1.347063480758026,,0.0,1.347063480758026,0.85181380883
12665,1.3470588945667499,,0.0,1.3470588945667499,0.84634265614
12670,1.3470534098850473,,0.0,1.3470534098850473,0.84725854631
12675,1.347046994911153,,0.0,1.347046994911153,0.84578596584
12680,1.3470400184441285,,0.0,1.3470400184441285,0.85596365236
12685,1.3470330233838168,,0.0,1.3470330233838168,0.86368642912
12690,1.347026486998171,,0.0,1.347026486998171,0.8736597167
12695,1.3470206311509887,,0.0,1.3470206311509887,0.87087435932
12700,1.3470153894859662,,0.0,1.3470153894859662,0.86005426213
12705,1.3470105338127594,,0.0,1.3470105338127594,0.84030088567
12710,1.3470058988442881,,0.0,1.3470058988442881,0.82725200651
12715,1.347001605750832,,0.0,1.347001605750832,0.83594971002
12720,1.3469981452261472,,0.0,1.3469981452261472,0.84671276109
12725,1.3469961718263894,,0.0,1.3469961718263894,0.8622615897
12730,1.346996172599097,,0.0,1.346996172599097,0.87629321521
12735,1.3469981702667175,,0.0,1.3469981702667175,0.89202277934
12740,1.3470015986515769,,0.0,1.3470015986515769,0.90027389961
12745,1.3470055394384586,,0.0,1.3470055394384586,0.89353209196
12750,1.3470090295433732,,0.0,1.3470090295433732,0.86483382773
12755,1.3470112309885929,,0.0,1.3470112309885929,0.82246796391
12760,1.3470116650573372,,0.0,1.3470116650573372,0.79306995802
12765,1.347010609562295,,0.0,1.347010609562295,0.77969076942
12770,1.3470090779342145,,0.0,1.3470090779342145,0.77190407588
12775,1.3470079939697102,,0.0,1.3470079939697102,0.77026299192
12780,1.3470072732504286,,0.0,1.3470072732504286,0.78808109212
12785,1.3470057758871203,,0.0,1.3470057758871203,0.80447294174
12790,1.3470020587509233,,0.0,1.3470020587509233,0.8041274853
12795,1.346995242813995,,0.0,1.346995242813995,0.81633986483
12800,1.3469854163823771,,0.0,1.3469854163823771,0.80747609224
12805,1.3469733645998843,,0.0,1.3469733645998843,0.79766747301
12810,1.3469599894341286,,0.0,1.3469599894341286,0.79778870321
12815,1.346946040798268,,0.0,1.346946040798268,0.7949951633
12820,1.3469322609508212,,0.0,1.3469322609508212,0.79610282386
12825,1.3469195378782144,,0.0,1.3469195378782144,0.80430723782
12830,1.3469087227907999,,0.0,1.3469087227907999,0.81321983241
12835,1.3469002433100397,,0.0,1.3469002433100397,0.82351352388
12840,1.3468938245450468,,0.0,1.3468938245450468,0.80815309809
12845,1.3468885509816704,,0.0,1.3468885509816704,0.78361923005
12850,1.346883267687002,,0.0,1.346883267687002,0.78987159103
12855,1.3468770882924728,,0.0,1.3468770882924728,0.79080905522
12860,1.3468696779740283,,0.0,1.3468696779740283,0.78534430326
12865,1.3468613179008082,,0.0,1.3468613179008082,0.79456041707
12870,1.3468528912781075,,0.0,1.3468528912781075,0.80481284762
12875,1.3468456423107618,,0.0,1.3468456423107618,0.80561745125
12880,1.3468406006080933,,0.0,1.3468406006080933,0.79779151329
12885,1.3468380449728232,,0.0,1.3468380449728232,0.78498243327
12890,1.3468374270961527,,0.0,1.3468374270961527,0.78540505553
12895,1.3468377244921617,,0.0,1.3468377244921617,0.78538055481
12900,1.3468379123809522,,0.0,1.3468379123809522,0.78706674089
12905,1.3468372986575874,,0.0,1.3468372986575874,0.79299158698
12910,1.3468356304292128,,0.0,1.3468356304292128,0.81351279232
12915,1.3468330375590742,,0.0,1.3468330375590742,0.83702068405
12920,1.346829928254343,,0.0,1.346829928254343,0.85514584989
12925,1.3468268743431195,,0.0,1.3468268743431195,0.84129193362
12930,1.3468244706657162,,0.0,1.3468244706657162,0.81578346365
12935,1.3468231750999433,,0.0,1.3468231750999433,0.79426538098
12940,1.3468231617465827,,0.0,1.3468231617465827,0.78047157191
12945,1.3468242284458913,,0.0,1.3468242284458913,0.77233253172
12950,1.346825790282027,,0.0,1.346825790282027,0.75907741279
12955,1.3468269241344946,,0.0,1.3468269241344946,0.7533656596
12960,1.34682652191581,,0.0,1.34682652191581,0.76618563172
12965,1.3468235787433085,,0.0,1.3468235787433085,0.77705809389
12970,1.3468175449318045,,0.0,1.3468175449318045,0.76047136435
12975,1.3468085721493988,,0.0,1.3468085721493988,0.74997650948
12980,1.3467975094573503,,0.0,1.3467975094573503,0.7282890821
12985,1.3467856156695055,,0.0,1.3467856156695055,0.71641716269
12990,1.3467740821809335,,0.0,1.3467740821809335,0.73358172928
12995,1.3467635890954497,,0.0,1.3467635890954497,0.74896564426
13000,1.3467541575417896,,0.0,1.3467541575417896,0.75394476045
13005,1.3467454177067126,,0.0,1.3467454177067126,0.76602094357
13010,1.3467371281431015,,0.0,1.3467371281431015,0.75814337311
13015,1.346729556401117,,0.0,1.346729556401117,0.74479066802
13020,1.3467234239003074,,0.0,1.3467234239003074,0.73245949807
13025,1.3467194041764694,,0.0,1.3467194041764694,0.71847937615
13030,1.346717680771911,,0.0,1.346717680771911,0.71796167334
13035,1.346717894353244,,0.0,1.346717894353244,0.70682308447
13040,1.3467194235907591,,0.0,1.3467194235907591,0.73295776192
13045,1.346721708174535,,0.0,1.346721708174535,0.75044407527
13050,1.3467244218768943,,0.0,1.3467244218768943,0.74504511478
13055,1.3467274383842187,,0.0,1.3467274383842187,0.74435363612
13060,1.3467306801359384,,0.0,1.3467306801359384,0.7250013163
13065,1.3467340043983889,,0.0,1.3467340043983889,0.71434489741
13070,1.3467372184050599,,0.0,1.3467372184050599,0.72830399667
13075,1.3467401976050741,,0.0,1.3467401976050741,0.73034175952
13080,1.3467429992995619,,0.0,1.3467429992995619,0.74124106736
13085,1.346745867302059,,0.0,1.346745867302059,0.76028214406
13090,1.3467491107440774,,0.0,1.3467491107440774,0.7717724014
13095,1.3467529407680903,,0.0,1.3467529407680903,0.77796505831
13100,1.3467573691578953,,0.0,1.3467573691578953,0.79222612792
13105,1.3467622488816402,,0.0,1.3467622488816402,0.79467731856
13110,1.3467674266050715,,0.0,1.3467674266050715,0.76036103427
13115,1.3467729043565488,,0.0,1.3467729043565488,0.743567698
13120,1.3467788815188944,,0.0,1.3467788815188944,0.73629515822
13125,1.3467856139550596,,0.0,1.3467856139550596,0.72187439219
13130,1.3467931407350944,,0.0,1.3467931407350944,0.720038253
13135,1.3468010379320488,,0.0,1.3468010379320488,0.72484146343
13140,1.34680837559179,,0.0,1.34680837559179,0.7276212527
13145,1.3468139510666877,,0.0,1.3468139510666877,0.73373133465
13150,1.346816718810316,,0.0,1.346816718810316,0.75160198628
13155,1.3468162457439625,,0.0,1.3468162457439625,0.75326610821
13160,1.3468129561326385,,0.0,1.3468129561326385,0.75953582075
13165,1.3468079617583377,,0.0,1.3468079617583377,0.758917332
13170,1.3468025002337294,,0.0,1.3468025002337294,0.75489014358
13175,1.3467973686554564,,0.0,1.3467973686554564,0.74671574354
13180,1.3467927523044194,,0.0,1.3467927523044194,0.74636714502
13185,1.3467885048248853,,0.0,1.3467885048248853,0.75709568209
13190,1.346784577898454,,0.0,1.346784577898454,0.7609618205
13195,1.3467812437839761,,0.0,1.3467812437839761,0.75063049415
13200,1.346778960359262,,0.0,1.346778960359262,0.74058356223
13205,1.3467780432272543,,0.0,1.3467780432272543,0.73047389566
13210,1.3467784847091662,,0.0,1.3467784847091662,0.73279415946
13215,1.3467800751113523,,0.0,1.3467800751113523,0.73344341428
13220,1.3467826957023923,,0.0,1.3467826957023923,0.73946019365
13225,1.3467865234565752,,0.0,1.3467865234565752,0.75721013746
13230,1.3467919676193996,,0.0,1.3467919676193996,0.76449256713
13235,1.346799350772327,,0.0,1.346799350772327,0.76658451212
13240,1.3468085589409207,,0.0,1.3468085589409207,0.75547951944
13245,1.3468189377622024,,0.0,1.3468189377622024,0.74656851512
13250,1.3468295373606607,,0.0,1.3468295373606607,0.7513954661
13255,1.346839552212306,,0.0,1.346839552212306,0.75400162029
13260,1.3468486667383437,,0.0,1.3468486667383437,0.75391594756
13265,1.346857113765366,,0.0,1.346857113765366,0.76000797115
13270,1.3468654808654,,0.0,1.3468654808654,0.77328711653
13275,1.3468744236329273,,0.0,1.3468744236329273,0.79429546752
13280,1.3468844568363887,,0.0,1.3468844568363887,0.80129737331
13285,1.3468958487745057,,0.0,1.3468958487745057,0.78334815512
13290,1.3469085258226898,,0.0,1.3469085258226898,0.76621693898
13295,1.3469219952105327,,0.0,1.3469219952105327,0.74733456875
13300,1.3469353851784767,,0.0,1.3469353851784767,0.74332905881
13305,1.3469476671313785,,0.0,1.3469476671313785,0.72708278491
13310,1.3469579778094694,,0.0,1.3469579778094694,0.72239272273
13315,1.3469658984532835,,0.0,1.3469658984532835,0.71273551009
13320,1.346971576698351,,0.0,1.346971576698351,0.72180483569
13325,1.3469755892987867,,0.0,1.3469755892987867,0.74181406944
13330,1.3469786467113432,,0.0,1.3469786467113432,0.73335508119
13335,1.3469813133509532,,0.0,1.3469813133509532,0.73647993808
13340,1.346983867851308,,0.0,1.346983867851308,0.72918953721
13345,1.3469862631013645,,0.0,1.3469862631013645,0.71326770305
13350,1.3469881865890123,,0.0,1.3469881865890123,0.70806825389
13355,1.3469891954559532,,0.0,1.3469891954559532,0.72507914026
13360,1.3469889079361193,,0.0,1.3469889079361193,0.73752008022
13365,1.3469872293969218,,0.0,1.3469872293969218,0.73195227368
13370,1.3469845605599233,,0.0,1.3469845605599233,0.72808866659
13375,1.3469818810740422,,0.0,1.3469818810740422,0.71961406545
13380,1.3469805531269725,,0.0,1.3469805531269725,0.70982359779
13385,1.3469818015334076,,0.0,1.3469818015334076,0.7109580946
13390,1.346986149175222,,0.0,1.346986149175222,0.71930771227
13395,1.346993225828674,,0.0,1.346993225828674,0.73060756703
13400,1.347001988941581,,0.0,1.347001988941581,0.73166839253
13405,1.3470111518343126,,0.0,1.3470111518343126,0.73826410156
13410,1.3470195952392658,,0.0,1.3470195952392658,0.73473607793
13415,1.3470266344163777,,0.0,1.3470266344163777,0.72048184256
13420,1.3470321250141262,,0.0,1.3470321250141262,0.7297761595
13425,1.3470365051338258,,0.0,1.3470365051338258,0.7383109057
13430,1.3470407528306838,,0.0,1.3470407528306838,0.74693159088
13435,1.3470460863030809,,0.0,1.3470460863030809,0.75746344707
13440,1.3470534259670333,,0.0,1.3470534259670333,0.76927636897
13445,1.3470629031829096,,0.0,1.3470629031829096,0.78473128424
13450,1.3470736899698919,,0.0,1.3470736899698919,0.79819841354
13455,1.3470842850528375,,0.0,1.3470842850528375,0.81612613641
13460,1.3470931440781304,,0.0,1.3470931440781304,0.8041330658
13465,1.347099340737855,,0.0,1.347099340737855,0.79115037265
13470,1.347102875853013,,0.0,1.347102875853013,0.77116638324
13475,1.3471046228251669,,0.0,1.3471046228251669,0.76764707993
13480,1.3471060736811096,,0.0,1.3471060736811096,0.7514351957
13485,1.347108755074614,,0.0,1.347108755074614,0.73597567862
13490,1.3471134168946899,,0.0,1.3471134168946899,0.72431154439
13495,1.3471195180766764,,0.0,1.3471195180766764,0.72409346543
13500,1.3471253592424062,,0.0,1.3471253592424062,0.74267782539
13505,1.3471287831359,,0.0,1.3471287831359,0.75281845063
13510,1.3471280820723792,,0.0,1.3471280820723792,0.76138468235
13515,1.3471226836925065,,0.0,1.3471226836925065,0.7690669021
13520,1.347113318519297,,0.0,1.347113318519297,0.75468434834
13525,1.347101730192601,,0.0,1.347101730192601,0.74130909906
13530,1.347090072322181,,0.0,1.347090072322181,0.74013121622
13535,1.3470801684507285,,0.0,1.3470801684507285,0.75731380814
13540,1.3470729080617918,,0.0,1.3470729080617918,0.76390242558
13545,1.3470681235984607,,0.0,1.3470681235984607,0.75442936464
13550,1.3470649394617848,,0.0,1.3470649394617848,0.74840126033
13555,1.347062310853899,,0.0,1.347062310853899,0.74566796233
13560,1.3470594392776272,,0.0,1.3470594392776272,0.73580809611
13565,1.3470559447296413,,0.0,1.3470559447296413,0.73472242346
13570,1.3470518811304748,,0.0,1.3470518811304748,0.75548923066
13575,1.347047753299952,,0.0,1.347047753299952,0.77418799773
13580,1.3470444744582464,,0.0,1.3470444744582464,0.76905577768
13585,1.3470431060405932,,0.0,1.3470431060405932,0.76505092698
13590,1.3470443936619614,,0.0,1.3470443936619614,0.75189779428
13595,1.3470483574610546,,0.0,1.3470483574610546,0.74981857586
13600,1.3470541922277957,,0.0,1.3470541922277957,0.74372187119
13605,1.3470605587867015,,0.0,1.3470605587867015,0.74087925222
13610,1.3470660947810473,,0.0,1.3470660947810473,0.75368865898
13615,1.3470698754966282,,0.0,1.3470698754966282,0.77559402648
13620,1.347071622613665,,0.0,1.347071622613665,0.80304537399
13625,1.3470716719703912,,0.0,1.3470716719703912,0.83172460845
13630,1.3470708620999188,,0.0,1.3470708620999188,0.81789866542
13635,1.3470703509776942,,0.0,1.3470703509776942,0.79331628177
13640,1.3470713419516147,,0.0,1.3470713419516147,0.76546516665
13645,1.3470747288034168,,0.0,1.3470747288034168,0.74665387444
13650,1.347080737477762,,0.0,1.347080737477762,0.76493283696
13655,1.3470887569316174,,0.0,1.3470887569316174,0.76845937917
13660,1.3470974435464278,,0.0,1.3470974435464278,0.75984436879
13665,1.3471050708750971,,0.0,1.3471050708750971,0.77142808666
13670,1.3471099964783821,,0.0,1.3471099964783821,0.76322995837
13675,1.3471110644091944,,0.0,1.3471110644091944,0.75668132502
13680,1.3471078874683622,,0.0,1.3471078874683622,0.74936692515
13685,1.347101005996133,,0.0,1.347101005996133,0.73903363514
13690,1.3470917493401093,,0.0,1.3470917493401093,0.74855422215
13695,1.3470817767459353,,0.0,1.3470817767459353,0.7603891246
13700,1.3470725236636865,,0.0,1.3470725236636865,0.7781231712
13705,1.3470648229760471,,0.0,1.3470648229760471,0.80012051711
13710,1.347058736040865,,0.0,1.347058736040865,0.8056593808
13715,1.3470536045350332,,0.0,1.3470536045350332,0.79215904998
13720,1.3470483572195835,,0.0,1.3470483572195835,0.7799763219
13725,1.3470420143248614,,0.0,1.3470420143248614,0.77010375233
13730,1.3470341289599992,,0.0,1.3470341289599992,0.76215810418
13735,1.3470250209536856,,0.0,1.3470250209536856,0.75074322715
13740,1.3470158143788025,,0.0,1.3470158143788025,0.75247186397
13745,1.3470080927797516,,0.0,1.3470080927797516,0.76710092939
13750,1.3470032456304804,,0.0,1.3470032456304804,0.78182898256
13755,1.347001934538105,,0.0,1.347001934538105,0.7818424091
13760,1.3470039309259274,,0.0,1.3470039309259274,0.77562737273
13765,1.3470082182723673,,0.0,1.3470082182723673,0.76517821137
13770,1.3470132972823463,,0.0,1.3470132972823463,0.75312162901
13775,1.3470176523856228,,0.0,1.3470176523856228,0.75516925968
13780,1.347020242068341,,0.0,1.347020242068341,0.76078243279
13785,1.347020777917223,,0.0,1.347020777917223,0.76100529056
13790,1.3470197348338038,,0.0,1.3470197348338038,0.7973521004
13795,1.3470181194151947,,0.0,1.3470181194151947,0.81893779283
13800,1.3470169889191779,,0.0,1.3470169889191779,0.83322952235
13805,1.3470169920341573,,0.0,1.3470169920341573,0.81701721863
13810,1.3470182074797645,,0.0,1.3470182074797645,0.77346965434
13815,1.3470202801483593,,0.0,1.3470202801483593,0.76058376885
13820,1.347022731612926,,0.0,1.347022731612926,0.75920558897
13825,1.3470252581750555,,0.0,1.3470252581750555,0.75016824179
13830,1.347027823469176,,0.0,1.347027823469176,0.76746453148
13835,1.3470304735680043,,0.0,1.3470304735680043,0.78604757294
13840,1.3470329636196792,,0.0,1.3470329636196792,0.80655579663
13845,1.3470345165938193,,0.0,1.3470345165938193,0.81871617778
13850,1.3470339603164683,,0.0,1.3470339603164683,0.80284618828
13855,1.3470301986288231,,0.0,1.3470301986288231,0.79796429913
13860,1.3470227108222501,,0.0,1.3470227108222501,0.7773501663
13865,1.3470117798044816,,0.0,1.3470117798044816,0.78054300858
13870,1.346998358904069,,0.0,1.346998358904069,0.78525375717
13875,1.346983695706444,,0.0,1.346983695706444,0.78260401762
13880,1.3469689241123686,,0.0,1.3469689241123686,0.78733015801
13885,1.3469548169506234,,0.0,1.3469548169506234,0.79742360254
13890,1.346941772334881,,0.0,1.346941772334881,0.8040886278
13895,1.346929941377859,,0.0,1.346929941377859,0.80644828618
13900,1.3469193125372307,,0.0,1.3469193125372307,0.81087524745
13905,1.3469097088387065,,0.0,1.3469097088387065,0.82190453255
13910,1.3469007763095606,,0.0,1.3469007763095606,0.82952512294
13915,1.3468920595108422,,0.0,1.3468920595108422,0.83428130606
13920,1.3468832009684917,,0.0,1.3468832009684917,0.83269366626
13925,1.3468741944284035,,0.0,1.3468741944284035,0.85118294337
13930,1.346865533602724,,0.0,1.346865533602724,0.86210192289
13935,1.3468581046668449,,0.0,1.3468581046668449,0.86793015002
13940,1.3468527792595884,,0.0,1.3468527792595884,0.8817606866
13945,1.3468498854921074,,0.0,1.3468498854921074,0.88935154003
13950,1.34684890289724,,0.0,1.34684890289724,0.87082018573
13955,1.3468486042938745,,0.0,1.3468486042938745,0.8525274392
13960,1.3468475791759176,,0.0,1.3468475791759176,0.8442632187
13965,1.3468448387426895,,0.0,1.3468448387426895,0.83768286981
13970,1.3468402189144661,,0.0,1.3468402189144661,0.85611558178
13975,1.3468344652096282,,0.0,1.3468344652096282,0.89245089203
13980,1.3468289170692778,,0.0,1.3468289170692778,0.88086754767
13985,1.3468249142242812,,0.0,1.3468249142242812,0.85950959065
13990,1.3468233266714558,,0.0,1.3468233266714558,0.82478605805
13995,1.3468244029330267,,0.0,1.3468244029330267,0.80305936459
14000,1.3468277977050862,,0.0,1.3468277977050862,0.81302546051
14005,1.3468326922068723,,0.0,1.3468326922068723,0.83141177422
14010,1.3468379923320877,,0.0,1.3468379923320877,0.84064973024
14015,1.3468425268485131,,0.0,1.3468425268485131,0.8479112513
14020,1.3468452109706428,,0.0,1.3468452109706428,0.8427025993
14025,1.346845199742229,,0.0,1.346845199742229,0.84696731496
14030,1.346842010800275,,0.0,1.346842010800275,0.84562667435
14035,1.3468355701821324,,0.0,1.3468355701821324,0.83281941553
14040,1.346826159926238,,0.0,1.346826159926238,0.83293556922
14045,1.346814285649271,,0.0,1.346814285649271,0.83440726206
14050,1.3468005064779438,,0.0,1.3468005064779438,0.83351273568
14055,1.3467853213160346,,0.0,1.3467853213160346,0.83928632522
14060,1.3467691977967933,,0.0,1.3467691977967933,0.82899265145
14065,1.3467527192906468,,0.0,1.3467527192906468,0.8064702804
14070,1.3467367485502744,,0.0,1.3467367485502744,0.81381981305
14075,1.3467223967539914,,0.0,1.3467223967539914,0.82162807013
14080,1.3467106347128683,,0.0,1.3467106347128683,0.82767268293
14085,1.3467017841390694,,0.0,1.3467017841390694,0.84296807215
14090,1.3466953347313728,,0.0,1.3466953347313728,0.85067315941
14095,1.3466902133673342,,0.0,1.3466902133673342,0.83368695225
14100,1.346685263423746,,0.0,1.346685263423746,0.83639424854
14105,1.3466797224309448,,0.0,1.3466797224309448,0.84355216571
14110,1.346673526060986,,0.0,1.346673526060986,0.8419205194
14115,1.3466673336028614,,0.0,1.3466673336028614,0.84621058894
14120,1.346662242084671,,0.0,1.346662242084671,0.859662185
14125,1.346659283337273,,0.0,1.346659283337273,0.87221247993
14130,1.3466589592586895,,0.0,1.3466589592586895,0.87596630714
14135,1.3466609705452888,,0.0,1.3466609705452888,0.86409318326
14140,1.3466644663489253,,0.0,1.3466644663489253,0.85889928105
14145,1.3466684583760093,,0.0,1.3466684583760093,0.83962809387
14150,1.3466721959889694,,0.0,1.3466721959889694,0.83209954001
14155,1.3466754082329004,,0.0,1.3466754082329004,0.85990489461
14160,1.346678273675802,,0.0,1.346678273675802,0.89562910653
14165,1.3466811730695634,,0.0,1.3466811730695634,0.91881614817
14170,1.3466844564509288,,0.0,1.3466844564509288,0.91218680829
14175,1.3466883657258106,,0.0,1.3466883657258106,0.87499798848
14180,1.3466930435071371,,0.0,1.3466930435071371,0.86676476662
14185,1.3466985449469455,,0.0,1.3466985449469455,0.8491290517
14190,1.3467047350145043,,0.0,1.3467047350145043,0.84708061244
14195,1.3467112072895293,,0.0,1.3467112072895293,0.84206738977
14200,1.3467172592113783,,0.0,1.3467172592113783,0.86503659688
14205,1.3467219096340106,,0.0,1.3467219096340106,0.89235054033
14210,1.3467240796396718,,0.0,1.3467240796396718,0.90515180519
14215,1.3467228920839955,,0.0,1.3467228920839955,0.90962147846
14220,1.3467179473803337,,0.0,1.3467179473803337,0.90060843484
14225,1.3467094515519689,,0.0,1.3467094515519689,0.87828570289
14230,1.34669818802827,,0.0,1.34669818802827,0.87557930993
14235,1.3466852602846195,,0.0,1.3466852602846195,0.8789641722
14240,1.3466717878542391,,0.0,1.3466717878542391,0.88992178312
14245,1.3466588700592046,,0.0,1.3466588700592046,0.8958176925
14250,1.3466476394721862,,0.0,1.3466476394721862,0.89878908116
14255,1.3466390498080882,,0.0,1.3466390498080882,0.89255564951
14260,1.34663346484337,,0.0,1.34663346484337,0.90409545423
14265,1.346630102500901,,0.0,1.346630102500901,0.89955684887
14270,1.346627579657429,,0.0,1.346627579657429,0.89845022056
14275,1.3466246299893505,,0.0,1.3466246299893505,0.88231283214
14280,1.346620593579848,,0.0,1.346620593579848,0.87111337817
14285,1.3466155829786783,,0.0,1.3466155829786783,0.87746601971
14290,1.3466102667714768,,0.0,1.3466102667714768,0.88047806779
14295,1.3466055389573042,,0.0,1.3466055389573042,0.87046992808
14300,1.346602426223681,,0.0,1.346602426223681,0.87473263038
14305,1.3466017496694935,,0.0,1.3466017496694935,0.87076943911
14310,1.3466035852133071,,0.0,1.3466035852133071,0.88380718937
14315,1.3466072476804096,,0.0,1.3466072476804096,0.90100268152
14320,1.3466117017627572,,0.0,1.3466117017627572,0.88849767947
14325,1.3466159278479375,,0.0,1.3466159278479375,0.88555528616
14330,1.3466193213401993,,0.0,1.3466193213401993,0.88189002919
14335,1.346621931596269,,0.0,1.346621931596269,0.86879037127
14340,1.3466244478958702,,0.0,1.3466244478958702,0.87298459654
14345,1.3466279638140628,,0.0,1.3466279638140628,0.89659738409
14350,1.346633267513053,,0.0,1.346633267513053,0.91393239747
14355,1.3466405338421825,,0.0,1.3466405338421825,0.92438569417
14360,1.3466493143410205,,0.0,1.3466493143410205,0.91420442994
14365,1.3466592022753696,,0.0,1.3466592022753696,0.8835155831
14370,1.346669710525249,,0.0,1.346669710525249,0.8774949812
14375,1.3466800749789902,,0.0,1.3466800749789902,0.862665901
14380,1.34668982551619,,0.0,1.34668982551619,0.85707093138
14385,1.3466988956839563,,0.0,1.3466988956839563,0.8498360396
14390,1.3467072694727442,,0.0,1.3467072694727442,0.85237034854
14395,1.3467146012164395,,0.0,1.3467146012164395,0.84264161303
14400,1.3467200593845972,,0.0,1.3467200593845972,0.83996862999
14405,1.346722721412106,,0.0,1.346722721412106,0.83434437816
14410,1.3467221751558127,,0.0,1.3467221751558127,0.83195613573
14415,1.3467186595515326,,0.0,1.3467186595515326,0.82980507812
14420,1.3467127956150629,,0.0,1.3467127956150629,0.82766477844
14425,1.3467052141900808,,0.0,1.3467052141900808,0.82802951007
14430,1.3466965044181758,,0.0,1.3466965044181758,0.83584241532
14435,1.3466875763803956,,0.0,1.3466875763803956,0.85265701117
14440,1.346679905707634,,0.0,1.346679905707634,0.87243817076
14445,1.3466749581787585,,0.0,1.3466749581787585,0.87630115554
14450,1.3466732459784667,,0.0,1.3466732459784667,0.87996509005
14455,1.346674114043514,,0.0,1.346674114043514,0.88819014592
14460,1.3466762280036946,,0.0,1.3466762280036946,0.87843599182
14465,1.3466784189449146,,0.0,1.3466784189449146,0.85986608741
14470,1.346680041486926,,0.0,1.346680041486926,0.85299951034
14475,1.346680994574005,,0.0,1.346680994574005,0.85368347653
14480,1.3466815272596135,,0.0,1.3466815272596135,0.85277984139
14485,1.346682070256045,,0.0,1.346682070256045,0.86722372516
14490,1.3466834141643647,,0.0,1.3466834141643647,0.88723237755
14495,1.3466865784279556,,0.0,1.3466865784279556,0.87904147035
14500,1.3466921886747152,,0.0,1.3466921886747152,0.87936539951
14505,1.346700134262511,,0.0,1.346700134262511,0.89118635643
14510,1.3467096990358673,,0.0,1.3467096990358673,0.87432190436
14515,1.3467200112352273,,0.0,1.3467200112352273,0.86561999914
14520,1.3467302435800401,,0.0,1.3467302435800401,0.8712041626
14525,1.346739816442684,,0.0,1.346739816442684,0.87592435065
14530,1.3467485569780275,,0.0,1.3467485569780275,0.89336358328
14535,1.3467566875569583,,0.0,1.3467566875569583,0.91896081698
14540,1.346764669075678,,0.0,1.346764669075678,0.93515826222
14545,1.3467729403599142,,0.0,1.3467729403599142,0.92160381307
14550,1.3467817679456489,,0.0,1.3467817679456489,0.89750108433
14555,1.3467910916340953,,0.0,1.3467910916340953,0.85953290446
14560,1.3468006043703944,,0.0,1.3468006043703944,0.82325653884
14565,1.3468099338058566,,0.0,1.3468099338058566,0.81585907404
14570,1.3468186811748373,,0.0,1.3468186811748373,0.81050773947
14575,1.3468262778608033,,0.0,1.3468262778608033,0.80022486078
14580,1.3468319222274527,,0.0,1.3468319222274527,0.80291573335
14585,1.3468348545096003,,0.0,1.3468348545096003,0.80873951717
14590,1.3468348181440277,,0.0,1.3468348181440277,0.81988642729
14595,1.3468322120171166,,0.0,1.3468322120171166,0.82996897741
14600,1.346827876231541,,0.0,1.346827876231541,0.82900791742
14605,1.3468227635846153,,0.0,1.3468227635846153,0.81793302638
14610,1.3468175760574503,,0.0,1.3468175760574503,0.80553029462
14615,1.3468126395155173,,0.0,1.3468126395155173,0.7967814561
14620,1.3468081342654088,,0.0,1.3468081342654088,0.81394660523
14625,1.3468043884182785,,0.0,1.3468043884182785,0.82191554989
14630,1.3468020237867784,,0.0,1.3468020237867784,0.811170128
14635,1.3468017160799466,,0.0,1.3468017160799466,0.79938804088
14640,1.346803649202298,,0.0,1.346803649202298,0.78929964867
14645,1.346807342674311,,0.0,1.346807342674311,0.78361012122
14650,1.3468119908995548,,0.0,1.3468119908995548,0.77643194514
14655,1.3468169443444764,,0.0,1.3468169443444764,0.77926173075
14660,1.3468218388221156,,0.0,1.3468218388221156,0.79358128567
14665,1.3468266110670004,,0.0,1.3468266110670004,0.8097586679
14670,1.3468314445731453,,0.0,1.3468314445731453,0.82740871186
14675,1.3468366416625723,,0.0,1.3468366416625723,0.83346418901
14680,1.3468423635897917,,0.0,1.3468423635897917,0.82649953309
14685,1.3468483775282107,,0.0,1.3468483775282107,0.82847465433
14690,1.346854238760202,,0.0,1.346854238760202,0.83320369859
14695,1.3468596039136291,,0.0,1.3468596039136291,0.83049135354
14700,1.3468645083157371,,0.0,1.3468645083157371,0.83103314186
14705,1.3468695020863597,,0.0,1.3468695020863597,0.83983568787
14710,1.346875310194673,,0.0,1.346875310194673,0.84642374802
14715,1.3468827664892464,,0.0,1.3468827664892464,0.8548280996
14720,1.3468919149661436,,0.0,1.3468919149661436,0.86532503703
14725,1.346901739586727,,0.0,1.346901739586727,0.85886258055
14730,1.3469112326914123,,0.0,1.3469112326914123,0.84758315887
14735,1.3469202954218638,,0.0,1.3469202954218638,0.82409709034
14740,1.3469288174981549,,0.0,1.3469288174981549,0.81122600483
14745,1.3469363041215188,,0.0,1.3469363041215188,0.79758075096
14750,1.346942643756379,,0.0,1.346942643756379,0.79405393824
14755,1.346948025981824,,0.0,1.346948025981824,0.7788132999
14760,1.346952425515813,,0.0,1.346952425515813,0.76281206059
14765,1.3469551108935929,,0.0,1.3469551108935929,0.74891633251
14770,1.3469550451168208,,0.0,1.3469550451168208,0.72702427257
14775,1.346951631558297,,0.0,1.346951631558297,0.72694048203
14780,1.346945039006435,,0.0,1.346945039006435,0.73387934215
14785,1.3469361579106687,,0.0,1.3469361579106687,0.75377153979
14790,1.3469262168767884,,0.0,1.3469262168767884,0.77554971984
14795,1.3469163230022465,,0.0,1.3469163230022465,0.77570107325
14800,1.3469071986000345,,0.0,1.3469071986000345,0.77851715359
14805,1.346899200154179,,0.0,1.346899200154179,0.78070346024
14810,1.3468925153361473,,0.0,1.3468925153361473,0.7696151356
14815,1.346887274250656,,0.0,1.346887274250656,0.75763951279
14820,1.3468835057535213,,0.0,1.3468835057535213,0.74519113119
14825,1.3468809553581778,,0.0,1.3468809553581778,0.74083928514
14830,1.346879012045739,,0.0,1.346879012045739,0.73218168028
14835,1.3468770173240683,,0.0,1.3468770173240683,0.73462589801
14840,1.3468745145227112,,0.0,1.3468745145227112,0.7522890657
14845,1.346871372426182,,0.0,1.346871372426182,0.75351816393
14850,1.3468678566528725,,0.0,1.3468678566528725,0.75141797317
14855,1.3468648213107894,,0.0,1.3468648213107894,0.74943078484
14860,1.3468635851228001,,0.0,1.3468635851228001,0.74860588718
14865,1.3468651554104303,,0.0,1.3468651554104303,0.73982121131
14870,1.3468696363926767,,0.0,1.3468696363926767,0.73784408201
14875,1.3468762536470489,,0.0,1.3468762536470489,0.74193242442
14880,1.3468836631444912,,0.0,1.3468836631444912,0.75942143173
14885,1.3468902644376126,,0.0,1.3468902644376126,0.77367599937
14890,1.3468950976298448,,0.0,1.3468950976298448,0.80510922124
14895,1.3468981575054082,,0.0,1.3468981575054082,0.82646106955
14900,1.3468998772154563,,0.0,1.3468998772154563,0.80886521443
14905,1.3469012204718038,,0.0,1.3469012204718038,0.77480319286
14910,1.3469035147144304,,0.0,1.3469035147144304,0.76028499552
14915,1.3469083280818719,,0.0,1.3469083280818719,0.74535547601
14920,1.3469163144541636,,0.0,1.3469163144541636,0.74181003307
14925,1.3469268556165763,,0.0,1.3469268556165763,0.73806368322
14930,1.346938359307594,,0.0,1.346938359307594,0.7372741996
14935,1.346948560888968,,0.0,1.346948560888968,0.75679835509
14940,1.346955411549464,,0.0,1.346955411549464,0.76723211537
14945,1.3469577839080442,,0.0,1.3469577839080442,0.78221545718
14950,1.3469549772633957,,0.0,1.3469549772633957,0.78315976471
14955,1.3469474256359675,,0.0,1.3469474256359675,0.77235399983
14960,1.3469366421571416,,0.0,1.3469366421571416,0.75494532538
14965,1.3469246721609653,,0.0,1.3469246721609653,0.74705224094
14970,1.3469132298519428,,0.0,1.3469132298519428,0.75346419861
14975,1.3469032591412444,,0.0,1.3469032591412444,0.76893441534
14980,1.3468949920827553,,0.0,1.3468949920827553,0.77253512018
14985,1.3468882535615143,,0.0,1.3468882535615143,0.76393613328
14990,1.3468826379299452,,0.0,1.3468826379299452,0.75790984719
14995,1.3468777066762327,,0.0,1.3468777066762327,0.74522216432
15000,1.346873060551789,,0.0,1.346873060551789,0.73573248051
