iteration,cd_fore,cd_aft,cd_viscous,cd_total,mean_abs_drho_dtau_kg_m3_s
95005,1.3187093864071273,,0.0,1.3187093864071273,5.6997773003
95010,1.3187153683624644,,0.0,1.3187153683624644,5.6847195169
95015,1.3187213528128818,,0.0,1.3187213528128818,5.6432110611
95020,1.318727335142481,,0.0,1.318727335142481,5.6389792105
95025,1.3187333117333953,,0.0,1.3187333117333953,5.6328538568
95030,1.3187392784687415,,0.0,1.3187392784687415,5.6220210994
95035,1.3187452311068835,,0.0,1.3187452311068835,5.5998835076
95040,1.3187511647824142,,0.0,1.3187511647824142,5.5772495758
95045,1.3187570745051729,,0.0,1.3187570745051729,5.5551249218
95050,1.3187629557840144,,0.0,1.3187629557840144,5.5444774525
95055,1.318768803254516,,0.0,1.318768803254516,5.5406689125
95060,1.3187746118017631,,0.0,1.3187746118017631,5.5420612815
95065,1.3187803761860866,,0.0,1.3187803761860866,5.5411356315
95070,1.3187860909183091,,0.0,1.3187860909183091,5.5431408927
95075,1.3187917506340086,,0.0,1.3187917506340086,5.5487300889
95080,1.318797349844007,,0.0,1.318797349844007,5.5570534069
95085,1.3188028831838825,,0.0,1.3188028831838825,5.5582016928
95090,1.3188083451644574,,0.0,1.3188083451644574,5.5522169158
95095,1.318813730795571,,0.0,1.318813730795571,5.5468324418
95100,1.3188190349623086,,0.0,1.3188190349623086,5.5354443223
95105,1.3188242530487713,,0.0,1.3188242530487713,5.512482207
95110,1.31882938043906,,0.0,1.31882938043906,5.494121836
95115,1.3188344131410465,,0.0,1.3188344131410465,5.473385374
95120,1.31883934803588,,0.0,1.31883934803588,5.4554535889
95125,1.3188441817552021,,0.0,1.3188441817552021,5.4668325264
95130,1.31884891142967,,0.0,1.31884891142967,5.483557708
95135,1.3188535346889576,,0.0,1.3188535346889576,5.4920581605
95140,1.3188580497865083,,0.0,1.3188580497865083,5.4956271151
95145,1.3188624557242903,,0.0,1.3188624557242903,5.4903825558
95150,1.318866752377549,,0.0,1.318866752377549,5.4981318732
95155,1.3188709403700551,,0.0,1.3188709403700551,5.4989300155
95160,1.3188750206998405,,0.0,1.3188750206998405,5.4956009
95165,1.3188789958619858,,0.0,1.3188789958619858,5.4924437225
95170,1.3188828687258332,,0.0,1.3188828687258332,5.502721371
95175,1.3188866427844954,,0.0,1.3188866427844954,5.5230173955
95180,1.3188903225291173,,0.0,1.3188903225291173,5.5441436776
95185,1.3188939128251058,,0.0,1.3188939128251058,5.5564296984
95190,1.3188974190368836,,0.0,1.3188974190368836,5.5726579945
95195,1.3189008470278898,,0.0,1.3189008470278898,5.586457959
95200,1.318904203659596,,0.0,1.318904203659596,5.5960584846
95205,1.3189074950449484,,0.0,1.3189074950449484,5.6106868429
95210,1.318910727296895,,0.0,1.318910727296895,5.6416675678
95215,1.3189139060293658,,0.0,1.3189139060293658,5.6669284296
95220,1.3189170364820304,,0.0,1.3189170364820304,5.6804819881
95225,1.3189201233955417,,0.0,1.3189201233955417,5.694745544
95230,1.31892317051252,,0.0,1.31892317051252,5.6986731045
95235,1.3189261804527999,,0.0,1.3189261804527999,5.6939314193
95240,1.3189291548381834,,0.0,1.3189291548381834,5.6913853262
95245,1.3189320937934248,,0.0,1.3189320937934248,5.6962373242
95250,1.3189349963204922,,0.0,1.3189349963204922,5.6981215648
95255,1.3189378596747967,,0.0,1.3189378596747967,5.6924778988
95260,1.3189406796147014,,0.0,1.3189406796147014,5.6970975375
95265,1.3189434501520139,,0.0,1.3189434501520139,5.6946315474
95270,1.3189461641757543,,0.0,1.3189461641757543,5.6993218336
95275,1.3189488127036335,,0.0,1.3189488127036335,5.7127246951
95280,1.3189513861295914,,0.0,1.3189513861295914,5.7329540024
95285,1.3189538738495368,,0.0,1.3189538738495368,5.7498610338
95290,1.3189562636375751,,0.0,1.3189562636375751,5.769861751
95295,1.3189585425192882,,0.0,1.3189585425192882,5.7889125703
95300,1.31896069727075,,0.0,1.31896069727075,5.7975321995
95305,1.3189627140442635,,0.0,1.3189627140442635,5.8021765067
95310,1.3189645793663947,,0.0,1.3189645793663947,5.8083616852
95315,1.3189662797637096,,0.0,1.3189662797637096,5.7925636324
95320,1.3189678023865437,,0.0,1.3189678023865437,5.7831818968
95325,1.3189691352585107,,0.0,1.3189691352585107,5.7717509446
95330,1.318970267151749,,0.0,1.318970267151749,5.7572316671
95335,1.3189711882106905,,0.0,1.3189711882106905,5.7425099345
95340,1.3189718899520622,,0.0,1.3189718899520622,5.7222886465
95345,1.3189723653896386,,0.0,1.3189723653896386,5.7175268687
95350,1.3189726089094889,,0.0,1.3189726089094889,5.7193577637
95355,1.3189726172680083,,0.0,1.3189726172680083,5.7370568679
95360,1.318972389716673,,0.0,1.318972389716673,5.7594640071
95365,1.3189719266297446,,0.0,1.3189719266297446,5.7815868273
95370,1.3189712303775498,,0.0,1.3189712303775498,5.7925538771
95375,1.3189703047027095,,0.0,1.3189703047027095,5.8054283224
95380,1.3189691550944,,0.0,1.3189691550944,5.8228394723
95385,1.3189677886636013,,0.0,1.3189677886636013,5.843427079
95390,1.3189662141430945,,0.0,1.3189662141430945,5.8519152727
95395,1.318964441637955,,0.0,1.318964441637955,5.8513095516
95400,1.3189624826255533,,0.0,1.3189624826255533,5.8553538179
95405,1.3189603502050617,,0.0,1.3189603502050617,5.8556076537
95410,1.3189580587231924,,0.0,1.3189580587231924,5.8499527506
95415,1.318955623275182,,0.0,1.318955623275182,5.8353259311
95420,1.3189530600790538,,0.0,1.3189530600790538,5.8092160437
95425,1.3189503867251242,,0.0,1.3189503867251242,5.7777376638
95430,1.3189476210532187,,0.0,1.3189476210532187,5.7466043698
95435,1.3189447802793923,,0.0,1.3189447802793923,5.7247720098
95440,1.3189418812454377,,0.0,1.3189418812454377,5.704038895
95445,1.3189389412921642,,0.0,1.3189389412921642,5.6835935214
95450,1.3189359771366103,,0.0,1.3189359771366103,5.6709318807
95455,1.3189330049967989,,0.0,1.3189330049967989,5.6652807311
95460,1.3189300410907532,,0.0,1.3189300410907532,5.6310481498
95465,1.3189271005137095,,0.0,1.3189271005137095,5.6159664687
95470,1.3189241968638559,,0.0,1.3189241968638559,5.588048949
95475,1.3189213429908573,,0.0,1.3189213429908573,5.5676421118
95480,1.3189185559860142,,0.0,1.3189185559860142,5.5551938338
95485,1.318915856808002,,0.0,1.318915856808002,5.5319774583
95490,1.3189132534410788,,0.0,1.3189132534410788,5.5086940406
95495,1.3189107532457314,,0.0,1.3189107532457314,5.4801227972
95500,1.3189083615863826,,0.0,1.3189083615863826,5.4675550194
95505,1.3189060814571292,,0.0,1.3189060814571292,5.4720307619
95510,1.3189039141055117,,0.0,1.3189039141055117,5.4643372665
95515,1.3189018595315294,,0.0,1.3189018595315294,5.4608575392
95520,1.3188999161133805,,0.0,1.3188999161133805,5.4613559976
95525,1.3188980816054925,,0.0,1.3188980816054925,5.4632539754
95530,1.3188963528890147,,0.0,1.3188963528890147,5.463777204
95535,1.3188947264708348,,0.0,1.3188947264708348,5.4604910454
95540,1.3188931977350538,,0.0,1.3188931977350538,5.4525237898
95545,1.318891761941019,,0.0,1.318891761941019,5.4516396453
95550,1.3188904143480773,,0.0,1.3188904143480773,5.4401458047
95555,1.3188891509641003,,0.0,1.3188891509641003,5.4181438602
95560,1.3188879667989268,,0.0,1.3188879667989268,5.40891947
95565,1.3188868567376424,,0.0,1.3188868567376424,5.4153461079
95570,1.3188858150415617,,0.0,1.3188858150415617,5.4262783613
95575,1.3188848373442943,,0.0,1.3188848373442943,5.4373824645
95580,1.318883919029941,,0.0,1.318883919029941,5.4467590587
95585,1.3188830564806358,,0.0,1.3188830564806358,5.458741755
95590,1.318882245953757,,0.0,1.318882245953757,5.4577319429
95595,1.3188814849542252,,0.0,1.3188814849542252,5.4509891942
95600,1.3188807713612216,,0.0,1.3188807713612216,5.4208298581
95605,1.3188801043014677,,0.0,1.3188801043014677,5.3981633808
95610,1.318879483275948,,0.0,1.318879483275948,5.3813966519
95615,1.3188789086589245,,0.0,1.3188789086589245,5.3677021351
95620,1.318878381074167,,0.0,1.318878381074167,5.3597594138
95625,1.318877901769216,,0.0,1.318877901769216,5.3595522281
95630,1.3188774727401356,,0.0,1.3188774727401356,5.3587542556
95635,1.3188770964820062,,0.0,1.3188770964820062,5.353575454
95640,1.3188767759889248,,0.0,1.3188767759889248,5.3406793011
95645,1.3188765146292494,,0.0,1.3188765146292494,5.3394268552
95650,1.3188763158960932,,0.0,1.3188763158960932,5.351799391
95655,1.318876182908306,,0.0,1.318876182908306,5.3677995773
95660,1.3188761190342468,,0.0,1.3188761190342468,5.3819767072
95665,1.3188761275175205,,0.0,1.3188761275175205,5.3977992907
95670,1.318876211601731,,0.0,1.318876211601731,5.4109878103
95675,1.3188763742809753,,0.0,1.3188763742809753,5.4197845511
95680,1.3188766184245955,,0.0,1.3188766184245955,5.4185511667
95685,1.3188769472761965,,0.0,1.3188769472761965,5.4048671949
95690,1.3188773632061046,,0.0,1.3188773632061046,5.3874878059
95695,1.318877868210384,,0.0,1.318877868210384,5.3712282462
95700,1.3188784640355915,,0.0,1.3188784640355915,5.3592107888
95705,1.3188791519292669,,0.0,1.3188791519292669,5.363224759
95710,1.3188799328894423,,0.0,1.3188799328894423,5.3651818455
95715,1.3188808076646419,,0.0,1.3188808076646419,5.3735641438
95720,1.3188817766291276,,0.0,1.3188817766291276,5.3837068812
95725,1.3188828397829,,0.0,1.3188828397829,5.3982320971
95730,1.3188839971259587,,0.0,1.3188839971259587,5.4225205973
95735,1.3188852481592876,,0.0,1.3188852481592876,5.4509893132
95740,1.3188865925086248,,0.0,1.3188865925086248,5.484043233
95745,1.3188880295502,,0.0,1.3188880295502,5.5056573401
95750,1.3188895587849967,,0.0,1.3188895587849967,5.5116204559
95755,1.318891179464492,,0.0,1.318891179464492,5.5045257786
95760,1.3188928908401607,,0.0,1.3188928908401607,5.48402539
95765,1.3188946919139708,,0.0,1.3188946919139708,5.4644108823
95770,1.3188965813136284,,0.0,1.3188965813136284,5.444566932
95775,1.3188985582906092,,0.0,1.3188985582906092,5.427055981
95780,1.3189006215973729,,0.0,1.3189006215973729,5.4119564502
95785,1.3189027697368712,,0.0,1.3189027697368712,5.3820457892
95790,1.318905001586318,,0.0,1.318905001586318,5.3798979522
95795,1.3189073153991573,,0.0,1.3189073153991573,5.3935434031
95800,1.3189097098030944,,0.0,1.3189097098030944,5.4126649844
95805,1.318912183051573,,0.0,1.318912183051573,5.4184221063
95810,1.3189147332732831,,0.0,1.3189147332732831,5.4343359145
95815,1.3189173583474063,,0.0,1.3189173583474063,5.4500258309
95820,1.31892005602837,,0.0,1.31892005602837,5.4590400631
95825,1.31892282369634,,0.0,1.31892282369634,5.4764240599
95830,1.3189256586067275,,0.0,1.3189256586067275,5.4943699147
95835,1.318928557640682,,0.0,1.318928557640682,5.507647485
95840,1.318931517429845,,0.0,1.318931517429845,5.5139264426
95845,1.318934534605858,,0.0,1.318934534605858,5.5222950403
95850,1.3189376051765924,,0.0,1.3189376051765924,5.5274233267
95855,1.3189407253994272,,0.0,1.3189407253994272,5.5215276401
95860,1.318943890783218,,0.0,1.318943890783218,5.5009431259
95865,1.318947096961574,,0.0,1.318947096961574,5.4762514086
95870,1.3189503395681041,,0.0,1.3189503395681041,5.4482051601
95875,1.3189536136126476,,0.0,1.3189536136126476,5.4138639017
95880,1.318956914479306,,0.0,1.318956914479306,5.3828492095
95885,1.318960237427426,,0.0,1.318960237427426,5.3703864647
95890,1.3189635777163553,,0.0,1.3189635777163553,5.362951751
95895,1.3189669306054406,,0.0,1.3189669306054406,5.3534123102
95900,1.318970291853045,,0.0,1.318970291853045,5.3600042979
95905,1.3189736570927786,,0.0,1.3189736570927786,5.3453523785
95910,1.318977022457266,,0.0,1.318977022457266,5.3403411695
95915,1.318980384453395,,0.0,1.318980384453395,5.3361669275
95920,1.3189837400870688,,0.0,1.3189837400870688,5.323325206
95925,1.3189870868632068,,0.0,1.3189870868632068,5.3125529667
95930,1.3189904226609912,,0.0,1.3189904226609912,5.3002725931
95935,1.3189937458586194,,0.0,1.3189937458586194,5.2838193892
95940,1.318997055208551,,0.0,1.318997055208551,5.2788335242
95945,1.3190003499622622,,0.0,1.3190003499622622,5.2790525228
95950,1.3190036296207368,,0.0,1.3190036296207368,5.2791199826
95955,1.3190068944334827,,0.0,1.3190068944334827,5.2849743541
95960,1.3190101448995162,,0.0,1.3190101448995162,5.2956539635
95965,1.3190133821416237,,0.0,1.3190133821416237,5.2974288258
95970,1.3190166072825906,,0.0,1.3190166072825906,5.3069718804
95975,1.319019822193728,,0.0,1.319019822193728,5.3081946851
95980,1.319023028746346,,0.0,1.319023028746346,5.3086629633
95985,1.319026228936509,,0.0,1.319026228936509,5.3051506416
95990,1.3190294251345427,,0.0,1.3190294251345427,5.2940386744
95995,1.3190326197107747,,0.0,1.3190326197107747,5.2915451415
96000,1.3190358150355306,,0.0,1.3190358150355306,5.2860480452
96005,1.319039013479137,,0.0,1.319039013479137,5.2830189793
96010,1.3190422172871665,,0.0,1.3190422172871665,5.296126688
96015,1.3190454284556832,,0.0,1.3190454284556832,5.313113341
96020,1.3190486491055056,,0.0,1.3190486491055056,5.3097607764
96025,1.3190518807336817,,0.0,1.3190518807336817,5.3109744184
96030,1.3190551253362763,,0.0,1.3190551253362763,5.3012651987
96035,1.3190583837865673,,0.0,1.3190583837865673,5.2926283861
96040,1.3190616572073408,,0.0,1.3190616572073408,5.2839431488
96045,1.319064946222367,,0.0,1.319064946222367,5.279711975
96050,1.319068251455416,,0.0,1.319068251455416,5.2690741086
96055,1.3190715727817337,,0.0,1.3190715727817337,5.2537590598
96060,1.3190749104508284,,0.0,1.3190749104508284,5.2389252636
96065,1.319078264337946,,0.0,1.319078264337946,5.2323572683
96070,1.319081633819316,,0.0,1.319081633819316,5.2309948906
96075,1.3190850186454308,,0.0,1.3190850186454308,5.2240826836
96080,1.3190884180677662,,0.0,1.3190884180677662,5.2113585469
96085,1.319091831462552,,0.0,1.319091831462552,5.203477243
96090,1.3190952578317559,,0.0,1.3190952578317559,5.2011551378
96095,1.319098696676362,,0.0,1.319098696676362,5.2097789894
96100,1.3191021471230922,,0.0,1.3191021471230922,5.2151130595
96105,1.3191056084234225,,0.0,1.3191056084234225,5.2205597952
96110,1.3191090800783363,,0.0,1.3191090800783363,5.2240976399
96115,1.3191125613393098,,0.0,1.3191125613393098,5.2300672307
96120,1.319116051956835,,0.0,1.319116051956835,5.2290251574
96125,1.3191195514318956,,0.0,1.3191195514318956,5.2233615747
96130,1.3191230600139998,,0.0,1.3191230600139998,5.2195717099
96135,1.3191265775783936,,0.0,1.3191265775783936,5.2189899335
96140,1.3191301046240933,,0.0,1.3191301046240933,5.2151099049
96145,1.3191336418996225,,0.0,1.3191336418996225,5.2034049078
96150,1.3191371901535054,,0.0,1.3191371901535054,5.1875750398
96155,1.3191407506332828,,0.0,1.3191407506332828,5.1825778339
96160,1.3191443249607564,,0.0,1.3191443249607564,5.1849195078
96165,1.3191479151319907,,0.0,1.3191479151319907,5.1952637034
96170,1.3191515233925584,,0.0,1.3191515233925584,5.2067753053
96175,1.3191551523622935,,0.0,1.3191551523622935,5.2180404178
96180,1.3191588054095549,,0.0,1.3191588054095549,5.2281451497
96185,1.319162486027455,,0.0,1.319162486027455,5.2356652564
96190,1.3191661982081224,,0.0,1.3191661982081224,5.2454987158
96195,1.3191699465674562,,0.0,1.3191699465674562,5.2441436381
96200,1.3191737360956173,,0.0,1.3191737360956173,5.2262731254
96205,1.3191775720322743,,0.0,1.3191775720322743,5.1954660882
96210,1.3191814603656202,,0.0,1.3191814603656202,5.1626352134
96215,1.3191854072086027,,0.0,1.3191854072086027,5.1299684683
96220,1.3191894189236761,,0.0,1.3191894189236761,5.1112848236
96225,1.319193502372312,,0.0,1.319193502372312,5.0941386947
96230,1.3191976641664735,,0.0,1.3191976641664735,5.0734030054
96235,1.3192019112923858,,0.0,1.3192019112923858,5.0492251378
96240,1.3192062504867663,,0.0,1.3192062504867663,5.0295976294
96245,1.3192106881120695,,0.0,1.3192106881120695,5.019740681
96250,1.3192152307802592,,0.0,1.3192152307802592,5.0162632437
96255,1.3192198841052658,,0.0,1.3192198841052658,5.0225155163
96260,1.3192246535762666,,0.0,1.3192246535762666,5.0352833461
96265,1.3192295440586685,,0.0,1.3192295440586685,5.0504431056
96270,1.3192345590455838,,0.0,1.3192345590455838,5.0596527078
96275,1.3192397011568473,,0.0,1.3192397011568473,5.0639454985
96280,1.3192449718895072,,0.0,1.3192449718895072,5.0635854741
96285,1.3192503712435633,,0.0,1.3192503712435633,5.0742988936
96290,1.3192558979714752,,0.0,1.3192558979714752,5.0838032617
96295,1.319261549203901,,0.0,1.319261549203901,5.0962207592
96300,1.3192673206992036,,0.0,1.3192673206992036,5.1031959994
96305,1.319273206219682,,0.0,1.319273206219682,5.0971018766
96310,1.3192791982800947,,0.0,1.3192791982800947,5.0880373727
96315,1.3192852872743823,,0.0,1.3192852872743823,5.0751999198
96320,1.319291462598453,,0.0,1.319291462598453,5.047281067
96325,1.319297711402642,,0.0,1.319297711402642,5.0071031399
96330,1.319304019964008,,0.0,1.319304019964008,4.9671254073
96335,1.3193103728130513,,0.0,1.3193103728130513,4.9395268548
96340,1.3193167534822414,,0.0,1.3193167534822414,4.9263050705
96345,1.3193231441317534,,0.0,1.3193231441317534,4.9261600203
96350,1.3193295265475,,0.0,1.3193295265475,4.9063074835
96355,1.3193358812678535,,0.0,1.3193358812678535,4.8920020238
96360,1.3193421887064332,,0.0,1.3193421887064332,4.8821430001
96365,1.319348429276857,,0.0,1.319348429276857,4.8664838681
96370,1.3193545830184819,,0.0,1.3193545830184819,4.8493846605
96375,1.3193606304696803,,0.0,1.3193606304696803,4.8436274027
96380,1.319366552044071,,0.0,1.319366552044071,4.8413545851
96385,1.3193723287790424,,0.0,1.3193723287790424,4.8372525483
96390,1.319377946452636,,0.0,1.319377946452636,4.8381147748
96395,1.3193833913419102,,0.0,1.3193833913419102,4.8541294866
96400,1.319388644983269,,0.0,1.319388644983269,4.8658095675
96405,1.3193936900359036,,0.0,1.3193936900359036,4.8697247533
96410,1.3193985101570374,,0.0,1.3193985101570374,4.8685931354
96415,1.3194030911247114,,0.0,1.3194030911247114,4.8819198382
96420,1.319407420089262,,0.0,1.319407420089262,4.8925155121
96425,1.3194114859475807,,0.0,1.3194114859475807,4.8959424548
96430,1.3194152800916406,,0.0,1.3194152800916406,4.8989639281
96435,1.3194187956599701,,0.0,1.3194187956599701,4.8865690097
96440,1.3194220282861786,,0.0,1.3194220282861786,4.8515796441
96445,1.3194249760989556,,0.0,1.3194249760989556,4.8349503029
96450,1.3194276395973172,,0.0,1.3194276395973172,4.8301380811
96455,1.3194300215258523,,0.0,1.3194300215258523,4.8229019576
96460,1.3194321272489833,,0.0,1.3194321272489833,4.8170017273
96465,1.3194339645014599,,0.0,1.3194339645014599,4.8199271591
96470,1.3194355435131115,,0.0,1.3194355435131115,4.8365184858
96475,1.3194368762603246,,0.0,1.3194368762603246,4.8408630894
96480,1.3194379773393194,,0.0,1.3194379773393194,4.8474347577
96485,1.3194388627186109,,0.0,1.3194388627186109,4.849101113
96490,1.319439550487532,,0.0,1.319439550487532,4.8522632372
96495,1.3194400601077105,,0.0,1.3194400601077105,4.8493840407
96500,1.3194404122883137,,0.0,1.3194404122883137,4.8392919789
96505,1.3194406287365412,,0.0,1.3194406287365412,4.833766727
96510,1.319440731908117,,0.0,1.319440731908117,4.827166073
96515,1.3194407446330272,,0.0,1.3194407446330272,4.8240069882
96520,1.3194406899907656,,0.0,1.3194406899907656,4.8259904879
96525,1.3194405911855807,,0.0,1.3194405911855807,4.8237670562
96530,1.3194404705484417,,0.0,1.3194404705484417,4.8263763162
96535,1.319440350036057,,0.0,1.319440350036057,4.8381859188
96540,1.3194402506071017,,0.0,1.3194402506071017,4.8530302285
96545,1.3194401920974654,,0.0,1.3194401920974654,4.8680119019
96550,1.3194401927212356,,0.0,1.3194401927212356,4.8774024778
96555,1.3194402693202048,,0.0,1.3194402693202048,4.8785113622
96560,1.3194404364905938,,0.0,1.3194404364905938,4.8793467345
96565,1.3194407073315748,,0.0,1.3194407073315748,4.8730709598
96570,1.3194410925719935,,0.0,1.3194410925719935,4.8593387032
96575,1.3194416006951237,,0.0,1.3194416006951237,4.8553412905
96580,1.31944223806342,,0.0,1.31944223806342,4.8551249319
96585,1.3194430086690117,,0.0,1.3194430086690117,4.8532079357
96590,1.3194439142584546,,0.0,1.3194439142584546,4.8498895
96595,1.319444954083225,,0.0,1.319444954083225,4.8488337837
96600,1.3194461255234882,,0.0,1.3194461255234882,4.8521370106
96605,1.319447423464329,,0.0,1.319447423464329,4.869625913
96610,1.3194488412937848,,0.0,1.3194488412937848,4.8934539456
96615,1.319450369904812,,0.0,1.319450369904812,4.9242234503
96620,1.3194519989428262,,0.0,1.3194519989428262,4.94755954
96625,1.319453716431442,,0.0,1.319453716431442,4.9659597276
96630,1.3194555088972248,,0.0,1.3194555088972248,4.9762506822
96635,1.3194573618687082,,0.0,1.3194573618687082,4.9771874992
96640,1.3194592600011472,,0.0,1.3194592600011472,4.9671055006
96645,1.3194611870765192,,0.0,1.3194611870765192,4.9474017653
96650,1.3194631265025394,,0.0,1.3194631265025394,4.9217065257
96655,1.3194650615621688,,0.0,1.3194650615621688,4.9029681745
96660,1.3194669754136148,,0.0,1.3194669754136148,4.8902230874
96665,1.3194688513398378,,0.0,1.3194688513398378,4.8775403639
96670,1.3194706731228159,,0.0,1.3194706731228159,4.8815437798
96675,1.3194724251682954,,0.0,1.3194724251682954,4.8828660288
96680,1.3194740925057946,,0.0,1.3194740925057946,4.8765253421
96685,1.3194756610381086,,0.0,1.3194756610381086,4.8660110108
96690,1.319477117915573,,0.0,1.319477117915573,4.8584948909
96695,1.3194784512865563,,0.0,1.3194784512865563,4.8597530398
96700,1.319479650297458,,0.0,1.319479650297458,4.8615829091
96705,1.319480705965989,,0.0,1.319480705965989,4.8614998637
96710,1.319481610931662,,0.0,1.319481610931662,4.8742905635
96715,1.3194823594557918,,0.0,1.3194823594557918,4.8837492681
96720,1.3194829472967418,,0.0,1.3194829472967418,4.892800736
96725,1.3194833774486083,,0.0,1.3194833774486083,4.8911769546
96730,1.319483648164835,,0.0,1.319483648164835,4.8941432967
96735,1.319483756700834,,0.0,1.319483756700834,4.9038367077
96740,1.3194837011852945,,0.0,1.3194837011852945,4.9194865929
96745,1.3194834814934624,,0.0,1.3194834814934624,4.931168823
96750,1.319483098124354,,0.0,1.319483098124354,4.9430727171
96755,1.3194825530740335,,0.0,1.3194825530740335,4.9495165293
96760,1.3194818493365974,,0.0,1.3194818493365974,4.9516848721
96765,1.3194809912784367,,0.0,1.3194809912784367,4.9419385826
96770,1.3194799836402038,,0.0,1.3194799836402038,4.9201672138
96775,1.3194788326596003,,0.0,1.3194788326596003,4.9024311287
96780,1.3194775449485892,,0.0,1.3194775449485892,4.898104211
96785,1.3194761282419196,,0.0,1.3194761282419196,4.8896424678
96790,1.319474590399095,,0.0,1.319474590399095,4.8849156254
96795,1.3194729401528968,,0.0,1.3194729401528968,4.8712956756
96800,1.319471187109385,,0.0,1.319471187109385,4.840465516
96805,1.3194693402508486,,0.0,1.3194693402508486,4.8206128541
96810,1.3194674089338398,,0.0,1.3194674089338398,4.8034491654
96815,1.319465402639664,,0.0,1.319465402639664,4.7787406361
96820,1.3194633308496269,,0.0,1.3194633308496269,4.7587597204
96825,1.319461203045034,,0.0,1.319461203045034,4.7434348692
96830,1.319459028707191,,0.0,1.319459028707191,4.7404487538
96835,1.3194568174421577,,0.0,1.3194568174421577,4.7426863041
96840,1.3194545786064855,,0.0,1.3194545786064855,4.7509887199
96845,1.3194523215567262,,0.0,1.3194523215567262,4.7446199876
96850,1.3194500552751693,,0.0,1.3194500552751693,4.7522376869
96855,1.3194477888688585,,0.0,1.3194477888688585,4.7555931872
96860,1.319445530821067,,0.0,1.319445530821067,4.7727726603
96865,1.3194432894903143,,0.0,1.3194432894903143,4.7863043793
96870,1.3194410726113501,,0.0,1.3194410726113501,4.7916487491
96875,1.3194388874199074,,0.0,1.3194388874199074,4.7937016985
96880,1.319436740527949,,0.0,1.319436740527949,4.7950188278
96885,1.3194346377989143,,0.0,1.3194346377989143,4.7912481519
96890,1.3194325844724726,,0.0,1.3194325844724726,4.7848141496
96895,1.319430584665506,,0.0,1.319430584665506,4.769483859
96900,1.319428641871127,,0.0,1.319428641871127,4.7716601938
96905,1.3194267583349084,,0.0,1.3194267583349084,4.7809563703
96910,1.3194249356786525,,0.0,1.3194249356786525,4.7967202712
96915,1.319423174027113,,0.0,1.319423174027113,4.8154260239
96920,1.319421472881274,,0.0,1.319421472881274,4.8308496911
96925,1.3194198304945794,,0.0,1.3194198304945794,4.8310279003
96930,1.3194182442471944,,0.0,1.3194182442471944,4.8325718846
96935,1.3194167110202686,,0.0,1.3194167110202686,4.8355659708
96940,1.3194152264474113,,0.0,1.3194152264474113,4.833829344
96945,1.3194137860374777,,0.0,1.3194137860374777,4.8281058729
96950,1.3194123850498147,,0.0,1.3194123850498147,4.8262820416
96955,1.3194110187437698,,0.0,1.3194110187437698,4.8229363145
96960,1.319409682004428,,0.0,1.319409682004428,4.8204385118
96965,1.3194083703406447,,0.0,1.3194083703406447,4.815532853
96970,1.3194070791365207,,0.0,1.3194070791365207,4.816751982
96975,1.3194058080177946,,0.0,1.3194058080177946,4.8410659549
96980,1.3194045551131552,,0.0,1.3194045551131552,4.8649862397
96985,1.3194033153076883,,0.0,1.3194033153076883,4.885011127
96990,1.319402084609265,,0.0,1.319402084609265,4.9015271539
96995,1.3194008596495266,,0.0,1.3194008596495266,4.9166845204
97000,1.3193996381829007,,0.0,1.3193996381829007,4.9321695651
97005,1.3193984188370935,,0.0,1.3193984188370935,4.9451023637
97010,1.3193972013625963,,0.0,1.3193972013625963,4.9482306391
97015,1.3193959867574419,,0.0,1.3193959867574419,4.9442708032
97020,1.31939477689294,,0.0,1.31939477689294,4.939315608
97025,1.3193935743889256,,0.0,1.3193935743889256,4.9383548925
97030,1.319392382988019,,0.0,1.319392382988019,4.9280137728
97035,1.319391206557595,,0.0,1.319391206557595,4.923031275
97040,1.3193900499630606,,0.0,1.3193900499630606,4.9258674665
97045,1.3193889176955602,,0.0,1.3193889176955602,4.9329650878
97050,1.319387814370993,,0.0,1.319387814370993,4.953094169
97055,1.3193867424844392,,0.0,1.3193867424844392,4.9900644151
97060,1.3193857032834388,,0.0,1.3193857032834388,5.0224540367
97065,1.319384699637335,,0.0,1.319384699637335,5.050733045
97070,1.3193837352887476,,0.0,1.3193837352887476,5.0759570052
97075,1.3193828148535762,,0.0,1.3193828148535762,5.0895619677
97080,1.3193819430724731,,0.0,1.3193819430724731,5.0900708044
97085,1.3193811244365832,,0.0,1.3193811244365832,5.0811455185
97090,1.319380362314265,,0.0,1.319380362314265,5.0646235178
97095,1.319379659200599,,0.0,1.319379659200599,5.0390285222
97100,1.3193790162183716,,0.0,1.3193790162183716,5.0148403622
97105,1.3193784327438125,,0.0,1.3193784327438125,5.0012598324
97110,1.3193779067808573,,0.0,1.3193779067808573,4.9971904868
97115,1.3193774345868856,,0.0,1.3193774345868856,4.9962303743
97120,1.319377010922228,,0.0,1.319377010922228,5.0034955883
97125,1.3193766289254139,,0.0,1.3193766289254139,5.0118768632
97130,1.3193762804874314,,0.0,1.3193762804874314,5.0139285147
97135,1.3193759560022211,,0.0,1.3193759560022211,5.0164781628
97140,1.3193756453647072,,0.0,1.3193756453647072,5.0268111856
97145,1.3193753374717818,,0.0,1.3193753374717818,5.0407999545
97150,1.3193750203470591,,0.0,1.3193750203470591,5.047912825
97155,1.319374681265628,,0.0,1.319374681265628,5.0566813087
97160,1.3193743077520874,,0.0,1.3193743077520874,5.0655296891
97165,1.3193738870815264,,0.0,1.3193738870815264,5.0830029772
97170,1.3193734067785432,,0.0,1.3193734067785432,5.0943034566
97175,1.3193728549915056,,0.0,1.3193728549915056,5.096283347
97180,1.3193722211163217,,0.0,1.3193722211163217,5.1008613364
97185,1.3193714954221778,,0.0,1.3193714954221778,5.1141941407
97190,1.3193706700495706,,0.0,1.3193706700495706,5.1202981407
97195,1.3193697386360452,,0.0,1.3193697386360452,5.1170158432
97200,1.3193686973142267,,0.0,1.3193686973142267,5.1158949023
97205,1.319367544212805,,0.0,1.319367544212805,5.1138202521
97210,1.3193662800803039,,0.0,1.3193662800803039,5.1073697706
97215,1.3193649082850818,,0.0,1.3193649082850818,5.0933535468
97220,1.3193634345658245,,0.0,1.3193634345658245,5.0754315022
97225,1.3193618677800667,,0.0,1.3193618677800667,5.0727813055
97230,1.3193602150387884,,0.0,1.3193602150387884,5.0718785089
97235,1.3193584913124714,,0.0,1.3193584913124714,5.0656062611
97240,1.3193567151894656,,0.0,1.3193567151894656,5.0455208332
97245,1.31935490712943,,0.0,1.31935490712943,5.0253755359
97250,1.3193530888395648,,0.0,1.3193530888395648,5.0049551246
97255,1.3193512827755938,,0.0,1.3193512827755938,4.9815172371
97260,1.3193495112684865,,0.0,1.3193495112684865,4.9540401442
97265,1.3193477986452777,,0.0,1.3193477986452777,4.9293769595
97270,1.3193461664884127,,0.0,1.3193461664884127,4.9205965188
97275,1.3193446313901767,,0.0,1.3193446313901767,4.9280746061
97280,1.3193432068240036,,0.0,1.3193432068240036,4.9330630141
97285,1.3193419025207076,,0.0,1.3193419025207076,4.9378507421
97290,1.3193407243437272,,0.0,1.3193407243437272,4.9459936607
97295,1.3193396726673248,,0.0,1.3193396726673248,4.9584161822
97300,1.3193387436241257,,0.0,1.3193387436241257,4.9575777422
97305,1.3193379278575783,,0.0,1.3193379278575783,4.9588345854
97310,1.3193372115199862,,0.0,1.3193372115199862,4.9633752743
97315,1.319336576147754,,0.0,1.319336576147754,4.9626121194
97320,1.319335999409912,,0.0,1.319335999409912,4.9607975106
97325,1.319335455482378,,0.0,1.319335455482378,4.9604715525
97330,1.3193349162954964,,0.0,1.3193349162954964,4.9632102891
97335,1.3193343545281369,,0.0,1.3193343545281369,4.9644213126
97340,1.3193337371204839,,0.0,1.3193337371204839,4.9772659853
97345,1.3193330302641975,,0.0,1.3193330302641975,4.9960399257
97350,1.3193322060143764,,0.0,1.3193322060143764,5.0217541363
97355,1.3193312381726765,,0.0,1.3193312381726765,5.0522160541
97360,1.3193301021625556,,0.0,1.3193301021625556,5.079748183
97365,1.31932877677583,,0.0,1.31932877677583,5.0984260514
97370,1.3193272441726742,,0.0,1.3193272441726742,5.1008889541
97375,1.3193254902558842,,0.0,1.3193254902558842,5.1053889231
97380,1.319323505294646,,0.0,1.319323505294646,5.1097918016
97385,1.319321284049291,,0.0,1.319321284049291,5.1024350157
97390,1.3193188255217867,,0.0,1.3193188255217867,5.0815557071
97395,1.319316127716069,,0.0,1.319316127716069,5.063671303
97400,1.319313197493609,,0.0,1.319313197493609,5.0529871649
97405,1.3193100499496433,,0.0,1.3193100499496433,5.0394137653
97410,1.3193067035477672,,0.0,1.3193067035477672,5.032489141
97415,1.3193031802446884,,0.0,1.3193031802446884,5.0430002985
97420,1.3192995048664573,,0.0,1.3192995048664573,5.0637791121
97425,1.3192957044846962,,0.0,1.3192957044846962,5.0956275857
97430,1.3192918079175846,,0.0,1.3192918079175846,5.1203937096
97435,1.3192878452308419,,0.0,1.3192878452308419,5.1381025109
97440,1.3192838478624809,,0.0,1.3192838478624809,5.151166766
97445,1.3192798466267452,,0.0,1.3192798466267452,5.1598890575
97450,1.3192758714646,,0.0,1.3192758714646,5.1698285277
97455,1.3192719503209462,,0.0,1.3192719503209462,5.1793116358
97460,1.3192681086456042,,0.0,1.3192681086456042,5.187907984
97465,1.31926436926856,,0.0,1.31926436926856,5.1862162508
97470,1.3192607533979972,,0.0,1.3192607533979972,5.1753329525
97475,1.319257280246035,,0.0,1.319257280246035,5.1593589566
97480,1.3192539629118458,,0.0,1.3192539629118458,5.1368502254
97485,1.3192508101282112,,0.0,1.3192508101282112,5.1229859775
97490,1.319247826885292,,0.0,1.319247826885292,5.1106789042
97495,1.3192450138068583,,0.0,1.3192450138068583,5.1151706236
97500,1.3192423678988137,,0.0,1.3192423678988137,5.13918699
97505,1.3192398822996867,,0.0,1.3192398822996867,5.1724935712
97510,1.319237547029156,,0.0,1.319237547029156,5.2077417852
97515,1.3192353486137867,,0.0,1.3192353486137867,5.2400395426
97520,1.3192332717088349,,0.0,1.3192332717088349,5.2675845881
97525,1.3192312987239827,,0.0,1.3192312987239827,5.2828048001
97530,1.3192294106966194,,0.0,1.3192294106966194,5.287083223
97535,1.319227587167085,,0.0,1.319227587167085,5.2792024163
97540,1.3192258079252286,,0.0,1.3192258079252286,5.2623223465
97545,1.3192240523866363,,0.0,1.3192240523866363,5.2387135634
97550,1.3192223005906647,,0.0,1.3192223005906647,5.2119521531
97555,1.3192205340737184,,0.0,1.3192205340737184,5.1923297376
97560,1.319218737491053,,0.0,1.319218737491053,5.1846156222
97565,1.3192168943751374,,0.0,1.3192168943751374,5.1890501683
97570,1.3192149898802432,,0.0,1.3192149898802432,5.1867588898
97575,1.3192130112814602,,0.0,1.3192130112814602,5.1737673616
97580,1.3192109479746965,,0.0,1.3192109479746965,5.1686539771
97585,1.3192087914766786,,0.0,1.3192087914766786,5.1704337533
97590,1.3192065355497056,,0.0,1.3192065355497056,5.1723942796
97595,1.3192041759521407,,0.0,1.3192041759521407,5.1686774435
97600,1.319201710313657,,0.0,1.319201710313657,5.1660401952
97605,1.3191991385095012,,0.0,1.3191991385095012,5.1782776028
97610,1.3191964616624592,,0.0,1.3191964616624592,5.196508109
97615,1.3191936827666275,,0.0,1.3191936827666275,5.202919137
97620,1.3191908063131508,,0.0,1.3191908063131508,5.2029569002
97625,1.31918783729219,,0.0,1.31918783729219,5.2091906405
97630,1.319184780943414,,0.0,1.319184780943414,5.2261189191
97635,1.319181643504524,,0.0,1.319181643504524,5.2466359709
97640,1.3191784322112534,,0.0,1.3191784322112534,5.2572806963
97645,1.3191751550478592,,0.0,1.3191751550478592,5.2599446204
97650,1.3191718209966314,,0.0,1.3191718209966314,5.2574360064
97655,1.3191684400378911,,0.0,1.3191684400378911,5.2638917761
97660,1.3191650220272066,,0.0,1.3191650220272066,5.2669405143
97665,1.3191615778181776,,0.0,1.3191615778181776,5.2633503751
97670,1.3191581178901415,,0.0,1.3191581178901415,5.2535259327
97675,1.3191546532214529,,0.0,1.3191546532214529,5.2421603616
97680,1.3191511941666954,,0.0,1.3191511941666954,5.2378179946
97685,1.3191477509556984,,0.0,1.3191477509556984,5.2222433501
97690,1.3191443330697679,,0.0,1.3191443330697679,5.1948449747
97695,1.3191409492416852,,0.0,1.3191409492416852,5.1700638387
97700,1.319137607705216,,0.0,1.319137607705216,5.1514283889
97705,1.319134314947569,,0.0,1.319134314947569,5.1297397371
97710,1.3191310769569378,,0.0,1.3191310769569378,5.0958841932
97715,1.3191278980997125,,0.0,1.3191278980997125,5.0685082436
97720,1.3191247816194984,,0.0,1.3191247816194984,5.0585299051
97725,1.319121729262851,,0.0,1.319121729262851,5.0564768427
97730,1.319118741279279,,0.0,1.319118741279279,5.0553571309
97735,1.3191158170450121,,0.0,1.3191158170450121,5.0688905068
97740,1.3191129540649698,,0.0,1.3191129540649698,5.0766885777
97745,1.3191101490955475,,0.0,1.3191101490955475,5.0888775417
97750,1.3191073977703545,,0.0,1.3191073977703545,5.0937571173
97755,1.319104694225952,,0.0,1.319104694225952,5.0981284898
97760,1.3191020322246383,,0.0,1.3191020322246383,5.1050447211
97765,1.319099404780189,,0.0,1.319099404780189,5.1189178559
97770,1.319096804157854,,0.0,1.319096804157854,5.1298141641
97775,1.3190942227476383,,0.0,1.3190942227476383,5.1342105763
97780,1.319091652440531,,0.0,1.319091652440531,5.1548396277
97785,1.3190890853770278,,0.0,1.3190890853770278,5.178563758
97790,1.3190865141966421,,0.0,1.3190865141966421,5.2019514933
97795,1.3190839316636405,,0.0,1.3190839316636405,5.2193098573
97800,1.3190813314155676,,0.0,1.3190813314155676,5.241074804
97805,1.3190787073394767,,0.0,1.3190787073394767,5.260682134
97810,1.3190760541956987,,0.0,1.3190760541956987,5.2585133714
97815,1.319073367617843,,0.0,1.319073367617843,5.258158464
97820,1.3190706442375506,,0.0,1.3190706442375506,5.2580862008
97825,1.3190678811854797,,0.0,1.3190678811854797,5.2567990935
97830,1.3190650768398275,,0.0,1.3190650768398275,5.2460058153
97835,1.3190622308263322,,0.0,1.3190622308263322,5.2243826313
97840,1.3190593432697477,,0.0,1.3190593432697477,5.2014318732
97845,1.3190564154176139,,0.0,1.3190564154176139,5.1879702623
97850,1.3190534501392739,,0.0,1.3190534501392739,5.1752806962
97855,1.3190504498050537,,0.0,1.3190504498050537,5.1615102382
97860,1.3190474169100341,,0.0,1.3190474169100341,5.163483086
97865,1.3190443549473272,,0.0,1.3190443549473272,5.1704565127
97870,1.3190412675348,,0.0,1.3190412675348,5.1905051404
97875,1.319038159038843,,0.0,1.319038159038843,5.2037090193
97880,1.319035033701093,,0.0,1.319035033701093,5.2146053074
97885,1.3190318962622032,,0.0,1.3190318962622032,5.2332382366
97890,1.3190287525856124,,0.0,1.3190287525856124,5.2497143448
97895,1.319025607536727,,0.0,1.319025607536727,5.261519216
97900,1.3190224658562002,,0.0,1.3190224658562002,5.2679086587
97905,1.319019331785669,,0.0,1.319019331785669,5.2748361894
97910,1.3190162096915239,,0.0,1.3190162096915239,5.2703489862
97915,1.3190131038154014,,0.0,1.3190131038154014,5.2581588946
97920,1.3190100177751682,,0.0,1.3190100177751682,5.2424941297
97925,1.3190069551886914,,0.0,1.3190069551886914,5.2235079937
97930,1.319003919299575,,0.0,1.319003919299575,5.2180046637
97935,1.3190009127276539,,0.0,1.3190009127276539,5.2159470273
97940,1.318997937843254,,0.0,1.318997937843254,5.2324349287
97945,1.3189949965176861,,0.0,1.3189949965176861,5.2570380288
97950,1.3189920901232441,,0.0,1.3189920901232441,5.2880701204
97955,1.3189892196579605,,0.0,1.3189892196579605,5.3287406178
97960,1.3189863857456052,,0.0,1.3189863857456052,5.3621374478
97965,1.3189835885109324,,0.0,1.3189835885109324,5.3847942098
97970,1.3189808274549257,,0.0,1.3189808274549257,5.399181054
97975,1.3189781019538152,,0.0,1.3189781019538152,5.4053056361
97980,1.3189754100115365,,0.0,1.3189754100115365,5.4028469264
97985,1.3189727498815333,,0.0,1.3189727498815333,5.3848604554
97990,1.3189701193182333,,0.0,1.3189701193182333,5.363425665
97995,1.318967515701802,,0.0,1.318967515701802,5.3398733877
98000,1.318964936537159,,0.0,1.318964936537159,5.3176148793
98005,1.3189623795787315,,0.0,1.3189623795787315,5.3010356577
98010,1.3189598415829153,,0.0,1.3189598415829153,5.3012699154
98015,1.3189573195556143,,0.0,1.3189573195556143,5.3062389359
98020,1.3189548105027313,,0.0,1.3189548105027313,5.3028661501
98025,1.3189523111806618,,0.0,1.3189523111806618,5.3049818174
98030,1.31894981859531,,0.0,1.31894981859531,5.3042488353
98035,1.3189473297525784,,0.0,1.3189473297525784,5.3090904086
98040,1.318944842032633,,0.0,1.318944842032633,5.3101876322
98045,1.3189423528156397,,0.0,1.3189423528156397,5.3070180297
98050,1.3189398596065174,,0.0,1.3189398596065174,5.3197140455
98055,1.318937360284448,,0.0,1.318937360284448,5.3321855903
98060,1.3189348529781213,,0.0,1.3189348529781213,5.3365738869
98065,1.318932335940981,,0.0,1.318932335940981,5.3346069043
98070,1.3189298079254868,,0.0,1.3189298079254868,5.3418126204
98075,1.3189272676840982,,0.0,1.3189272676840982,5.3584374848
98080,1.3189247143435376,,0.0,1.3189247143435376,5.3826386967
98085,1.3189221474047887,,0.0,1.3189221474047887,5.4050374772
98090,1.3189195663688351,,0.0,1.3189195663688351,5.4195325909
98095,1.3189169713604314,,0.0,1.3189169713604314,5.4277857208
98100,1.318914362753839,,0.0,1.318914362753839,5.4416831682
98105,1.3189117419213527,,0.0,1.3189117419213527,5.4462322221
98110,1.3189091097362504,,0.0,1.3189091097362504,5.4371658118
98115,1.3189064670718103,,0.0,1.3189064670718103,5.4173501361
98120,1.3189038150508186,,0.0,1.3189038150508186,5.3895081771
98125,1.3189011550455694,,0.0,1.3189011550455694,5.3654217889
98130,1.318898488428357,,0.0,1.318898488428357,5.3426364741
98135,1.3188958170704919,,0.0,1.3188958170704919,5.3153879746
98140,1.3188931427185302,,0.0,1.3188931427185302,5.2913101975
98145,1.3188904674932904,,0.0,1.3188904674932904,5.2743457258
98150,1.318887793515591,,0.0,1.318887793515591,5.2597122384
98155,1.3188851234052659,,0.0,1.3188851234052659,5.2310919842
98160,1.3188824594078883,,0.0,1.3188824594078883,5.2044373848
98165,1.3188798042680459,,0.0,1.3188798042680459,5.1769266728
98170,1.3188771604808196,,0.0,1.3188771604808196,5.1613559676
98175,1.3188745309155516,,0.0,1.3188745309155516,5.1561731089
98180,1.3188719180673225,,0.0,1.3188719180673225,5.1611361003
98185,1.318869324555967,,0.0,1.318869324555967,5.1696991507
98190,1.3188667530013192,,0.0,1.3188667530013192,5.1836470601
98195,1.3188642057737057,,0.0,1.3188642057737057,5.1948195269
98200,1.3188616851186985,,0.0,1.3188616851186985,5.2103486803
98205,1.3188591930323625,,0.0,1.3188591930323625,5.227309723
98210,1.3188567311364998,,0.0,1.3188567311364998,5.2369117297
98215,1.3188543010529123,,0.0,1.3188543010529123,5.2406564875
98220,1.318851903904387,,0.0,1.318851903904387,5.2440105783
98225,1.3188495404394471,,0.0,1.3188495404394471,5.2568974286
98230,1.3188472111571092,,0.0,1.3188472111571092,5.284336965
98235,1.3188449161821274,,0.0,1.3188449161821274,5.3029046167
98240,1.3188426552649937,,0.0,1.3188426552649937,5.313223607
98245,1.3188404280314452,,0.0,1.3188404280314452,5.3223370016
98250,1.3188382333586968,,0.0,1.3188382333586968,5.3326119117
98255,1.3188360701239619,,0.0,1.3188360701239619,5.3291584388
98260,1.318833936830192,,0.0,1.318833936830192,5.3215355653
98265,1.318831831481323,,0.0,1.318831831481323,5.3162000667
98270,1.3188297520812906,,0.0,1.3188297520812906,5.3043770096
98275,1.31882769663403,,0.0,1.31882769663403,5.2900715365
98280,1.3188256628939694,,0.0,1.3188256628939694,5.276676115
98285,1.3188236488650444,,0.0,1.3188236488650444,5.261174962
98290,1.3188216523016825,,0.0,1.3188216523016825,5.2506777555
98295,1.3188196715820808,,0.0,1.3188196715820808,5.2368100176
98300,1.3188177049596839,,0.0,1.3188177049596839,5.2257653639
98305,1.3188157513117054,,0.0,1.3188157513117054,5.2150817268
98310,1.3188138097648665,,0.0,1.3188138097648665,5.2216457581
98315,1.318811879820152,,0.0,1.318811879820152,5.2341255286
98320,1.3188099616023155,,0.0,1.3188099616023155,5.2547457638
98325,1.3188080557351272,,0.0,1.3188080557351272,5.270922156
98330,1.318806163216619,,0.0,1.318806163216619,5.2887771906
98335,1.3188042856685935,,0.0,1.3188042856685935,5.3011692771
98340,1.318802425211869,,0.0,1.318802425211869,5.3037818533
98345,1.3188005844662798,,0.0,1.3188005844662798,5.3111964017
98350,1.3187987665506766,,0.0,1.3187987665506766,5.3060267854
98355,1.318796974833418,,0.0,1.318796974833418,5.2917019446
98360,1.3187952130571245,,0.0,1.3187952130571245,5.2774577634
98365,1.3187934858376953,,0.0,1.3187934858376953,5.2613663742
98370,1.3187917970425045,,0.0,1.3187917970425045,5.2402769617
98375,1.318790151037943,,0.0,1.318790151037943,5.2296882376
98380,1.3187885516913858,,0.0,1.3187885516913858,5.22490213
98385,1.3187870029949613,,0.0,1.3187870029949613,5.2344448132
98390,1.3187855086912903,,0.0,1.3187855086912903,5.2566340246
98395,1.3187840720239772,,0.0,1.3187840720239772,5.2723812364
98400,1.3187826958623645,,0.0,1.3187826958623645,5.3016410656
98405,1.318781382077763,,0.0,1.318781382077763,5.3290792145
98410,1.3187801321672203,,0.0,1.3187801321672203,5.3540859981
98415,1.3187789466297526,,0.0,1.3187789466297526,5.3703780922
98420,1.3187778248415902,,0.0,1.3187778248415902,5.3736771729
98425,1.3187767650561766,,0.0,1.3187767650561766,5.3699044924
98430,1.318775764778431,,0.0,1.318775764778431,5.3516816053
98435,1.3187748197667173,,0.0,1.3187748197667173,5.3296490196
98440,1.31877392490612,,0.0,1.31877392490612,5.3106775952
98445,1.3187730735846765,,0.0,1.3187730735846765,5.2906221463
98450,1.3187722580676369,,0.0,1.3187722580676369,5.2802339068
98455,1.3187714691232042,,0.0,1.3187714691232042,5.2738490346
98460,1.3187706966463024,,0.0,1.3187706966463024,5.268957162
98465,1.3187699292843154,,0.0,1.3187699292843154,5.2785724808
98470,1.3187691550608571,,0.0,1.3187691550608571,5.2838690353
98475,1.3187683610015095,,0.0,1.3187683610015095,5.2916531523
98480,1.318767533632838,,0.0,1.318767533632838,5.3002362488
98485,1.3187666592319005,,0.0,1.3187666592319005,5.3009336308
98490,1.3187657237014923,,0.0,1.3187657237014923,5.2995287325
98495,1.318764713193917,,0.0,1.318764713193917,5.3160522752
98500,1.3187636142357406,,0.0,1.3187636142357406,5.3336791074
98505,1.3187624139772984,,0.0,1.3187624139772984,5.3452864689
98510,1.3187611006917126,,0.0,1.3187611006917126,5.3516425767
98515,1.3187596638996457,,0.0,1.3187596638996457,5.361790371
98520,1.3187580952425777,,0.0,1.3187580952425777,5.3840166289
98525,1.3187563872352677,,0.0,1.3187563872352677,5.4140302946
98530,1.3187545338895224,,0.0,1.3187545338895224,5.4453913597
98535,1.3187525324607534,,0.0,1.3187525324607534,5.4678610447
98540,1.3187503804538803,,0.0,1.3187503804538803,5.4861610715
98545,1.318748077245133,,0.0,1.318748077245133,5.4956659619
98550,1.3187456242068059,,0.0,1.3187456242068059,5.4970070123
98555,1.318743024956765,,0.0,1.318743024956765,5.4906350615
98560,1.318740284360418,,0.0,1.318740284360418,5.4787819446
98565,1.3187374094039896,,0.0,1.3187374094039896,5.4577172504
98570,1.3187344081964911,,0.0,1.3187344081964911,5.4333555356
98575,1.3187312904687367,,0.0,1.3187312904687367,5.4105513503
98580,1.3187280665753098,,0.0,1.3187280665753098,5.3820659438
98585,1.3187247479935804,,0.0,1.3187247479935804,5.3671512748
98590,1.3187213468246888,,0.0,1.3187213468246888,5.348799892
98595,1.318717875419283,,0.0,1.318717875419283,5.3257717084
98600,1.3187143465022733,,0.0,1.3187143465022733,5.2994850111
98605,1.3187107729233236,,0.0,1.3187107729233236,5.2887350097
98610,1.3187071670330826,,0.0,1.3187071670330826,5.2731961987
98615,1.318703541431706,,0.0,1.318703541431706,5.2737405409
98620,1.318699907596564,,0.0,1.318699907596564,5.2703487082
98625,1.3186962765060104,,0.0,1.3186962765060104,5.2752560683
98630,1.318692658015613,,0.0,1.318692658015613,5.2828385819
98635,1.3186890608581536,,0.0,1.3186890608581536,5.2919862663
98640,1.318685492394119,,0.0,1.318685492394119,5.3020307686
98645,1.3186819579879323,,0.0,1.3186819579879323,5.3200197358
98650,1.318678461506968,,0.0,1.318678461506968,5.337527227
98655,1.3186750045730287,,0.0,1.3186750045730287,5.3445932425
98660,1.3186715869366064,,0.0,1.3186715869366064,5.3478874026
98665,1.318668206227374,,0.0,1.318668206227374,5.3524180201
98670,1.3186648578294335,,0.0,1.3186648578294335,5.3598773962
98675,1.3186615352555755,,0.0,1.3186615352555755,5.3862958871
98680,1.3186582303967886,,0.0,1.3186582303967886,5.4051557769
98685,1.318654933397505,,0.0,1.318654933397505,5.4039573438
98690,1.318651633029863,,0.0,1.318651633029863,5.3849295624
98695,1.318648317566984,,0.0,1.318648317566984,5.3868946714
98700,1.3186449744087125,,0.0,1.3186449744087125,5.3723959647
98705,1.318641590954892,,0.0,1.318641590954892,5.3515211759
98710,1.3186381551043822,,0.0,1.3186381551043822,5.3441315016
98715,1.3186346556293216,,0.0,1.3186346556293216,5.3412164275
98720,1.3186310827988963,,0.0,1.3186310827988963,5.3312686474
98725,1.3186274285040946,,0.0,1.3186274285040946,5.3181959302
98730,1.318623686756724,,0.0,1.318623686756724,5.3036685417
98735,1.3186198544379337,,0.0,1.3186198544379337,5.2830103591
98740,1.3186159306744454,,0.0,1.3186159306744454,5.2614786561
98745,1.3186119180860938,,0.0,1.3186119180860938,5.238130419
98750,1.3186078219125474,,0.0,1.3186078219125474,5.2163655745
98755,1.3186036503875724,,0.0,1.3186036503875724,5.2102576635
98760,1.3185994144895221,,0.0,1.3185994144895221,5.2153126859
98765,1.3185951286898632,,0.0,1.3185951286898632,5.2221323759
98770,1.3185908092066183,,0.0,1.3185908092066183,5.2306747778
98775,1.3185864736301045,,0.0,1.3185864736301045,5.2397429798
98780,1.3185821410476875,,0.0,1.3185821410476875,5.2339923378
98785,1.3185778317942725,,0.0,1.3185778317942725,5.2271591774
98790,1.318573566454273,,0.0,1.318573566454273,5.2252202807
98795,1.3185693657368567,,0.0,1.3185693657368567,5.2138015175
98800,1.318565250351191,,0.0,1.318565250351191,5.2041618798
98805,1.318561239509396,,0.0,1.318561239509396,5.1896152633
98810,1.318557351550312,,0.0,1.318557351550312,5.1840606296
98815,1.3185536028167157,,0.0,1.3185536028167157,5.1769564713
98820,1.3185500080295827,,0.0,1.3185500080295827,5.1770284791
98825,1.3185465789157902,,0.0,1.3185465789157902,5.1773229245
98830,1.3185433252061523,,0.0,1.3185433252061523,5.1872498313
98835,1.3185402533878774,,0.0,1.3185402533878774,5.2113263212
98840,1.3185373674530954,,0.0,1.3185373674530954,5.230467822
98845,1.3185346682750831,,0.0,1.3185346682750831,5.2573096953
98850,1.3185321534835153,,0.0,1.3185321534835153,5.2900147081
98855,1.3185298179634763,,0.0,1.3185298179634763,5.3160137004
98860,1.3185276537307093,,0.0,1.3185276537307093,5.3288891636
98865,1.3185256496821058,,0.0,1.3185256496821058,5.3328092258
98870,1.318523792219478,,0.0,1.318523792219478,5.3324011933
98875,1.3185220651248024,,0.0,1.3185220651248024,5.3272571702
98880,1.3185204495602223,,0.0,1.3185204495602223,5.3119533005
98885,1.3185189248165698,,0.0,1.3185189248165698,5.2924420246
98890,1.3185174679391052,,0.0,1.3185174679391052,5.2769161682
98895,1.318516052978992,,0.0,1.318516052978992,5.2641187287
98900,1.318514650494281,,0.0,1.318514650494281,5.2477561036
98905,1.3185132305440068,,0.0,1.3185132305440068,5.2343694128
98910,1.3185117633119585,,0.0,1.3185117633119585,5.2184406785
98915,1.3185102189819247,,0.0,1.3185102189819247,5.1949996581
98920,1.3185085678624484,,0.0,1.3185085678624484,5.2011351946
98925,1.3185067806363346,,0.0,1.3185067806363346,5.215875567
98930,1.3185048288596664,,0.0,1.3185048288596664,5.2331623961
98935,1.3185026870826229,,0.0,1.3185026870826229,5.2508514591
98940,1.3185003318514488,,0.0,1.3185003318514488,5.2904005382
98945,1.3184977423322217,,0.0,1.3184977423322217,5.3124941843
98950,1.318494900560363,,0.0,1.318494900560363,5.3268869348
98955,1.318491791191128,,0.0,1.318491791191128,5.3360417286
98960,1.3184884018738683,,0.0,1.3184884018738683,5.3576232116
98965,1.3184847231272785,,0.0,1.3184847231272785,5.3808911099
98970,1.3184807488384116,,0.0,1.3184807488384116,5.4119183835
98975,1.3184764753894007,,0.0,1.3184764753894007,5.4393132793
98980,1.3184719024059839,,0.0,1.3184719024059839,5.4564332222
98985,1.3184670321337335,,0.0,1.3184670321337335,5.4662340043
98990,1.3184618694380565,,0.0,1.3184618694380565,5.473118974
98995,1.31845642167944,,0.0,1.31845642167944,5.4689832175
99000,1.3184506987134519,,0.0,1.3184506987134519,5.4583344692
99005,1.318444712142216,,0.0,1.318444712142216,5.4419761197
99010,1.3184384758134289,,0.0,1.3184384758134289,5.4294125088
99015,1.3184320053213432,,0.0,1.3184320053213432,5.4215875248
99020,1.3184253177572598,,0.0,1.3184253177572598,5.4126311303
99025,1.318418431584774,,0.0,1.318418431584774,5.399704694
99030,1.318411366764529,,0.0,1.318411366764529,5.3865879808
99035,1.318404143880939,,0.0,1.318404143880939,5.3700868928
99040,1.3183967850154652,,0.0,1.3183967850154652,5.3573352887
99045,1.3183893124990778,,0.0,1.3183893124990778,5.3338064123
99050,1.3183817494112706,,0.0,1.3183817494112706,5.312477383
99055,1.3183741193305536,,0.0,1.3183741193305536,5.2942896344
99060,1.3183664455859294,,0.0,1.3183664455859294,5.2885649328
99065,1.3183587517559074,,0.0,1.3183587517559074,5.2847672867
99070,1.31835106054572,,0.0,1.31835106054572,5.2868928158
99075,1.3183433945358451,,0.0,1.3183433945358451,5.2864740443
99080,1.318335774560204,,0.0,1.318335774560204,5.2836611185
99085,1.3183282208289484,,0.0,1.3183282208289484,5.284755982
99090,1.3183207514314115,,0.0,1.3183207514314115,5.291519196
99095,1.3183133828351241,,0.0,1.3183133828351241,5.3011115627
99100,1.3183061291372906,,0.0,1.3183061291372906,5.3058599741
99105,1.318299002439051,,0.0,1.318299002439051,5.3101458825
99110,1.3182920120969572,,0.0,1.3182920120969572,5.3141239117
99115,1.3182851653467422,,0.0,1.3182851653467422,5.325249795
99120,1.318278466929059,,0.0,1.318278466929059,5.337208981
99125,1.3182719190894798,,0.0,1.3182719190894798,5.3411938234
99130,1.3182655220775128,,0.0,1.3182655220775128,5.3373386259
99135,1.3182592741466015,,0.0,1.3182592741466015,5.3467392283
99140,1.3182531716788797,,0.0,1.3182531716788797,5.3575547924
99145,1.3182472088109078,,0.0,1.3182472088109078,5.35824183
99150,1.318241376310889,,0.0,1.318241376310889,5.3635635871
99155,1.3182356641985005,,0.0,1.3182356641985005,5.3601835623
99160,1.3182300628676833,,0.0,1.3182300628676833,5.3640480617
99165,1.3182245630866398,,0.0,1.3182245630866398,5.3653925141
99170,1.3182191566216048,,0.0,1.3182191566216048,5.3535181942
99175,1.318213835987336,,0.0,1.318213835987336,5.3362824247
99180,1.3182085949461337,,0.0,1.3182085949461337,5.3225520509
99185,1.3182034280088197,,0.0,1.3182034280088197,5.2939932663
99190,1.31819833130802,,0.0,1.31819833130802,5.2514112749
99195,1.3181933019743923,,0.0,1.3181933019743923,5.2298969968
99200,1.3181883378871178,,0.0,1.3181883378871178,5.2081725224
99205,1.3181834379234103,,0.0,1.3181834379234103,5.1933444629
99210,1.318178601833762,,0.0,1.318178601833762,5.1844193279
99215,1.3181738297429266,,0.0,1.3181738297429266,5.1693747795
99220,1.3181691215261504,,0.0,1.3181691215261504,5.1539162594
99225,1.3181644778072032,,0.0,1.3181644778072032,5.1503621575
99230,1.3181598997088715,,0.0,1.3181598997088715,5.1575945112
99235,1.3181553882291874,,0.0,1.3181553882291874,5.1653169547
99240,1.3181509452394613,,0.0,1.3181509452394613,5.1707887271
99245,1.3181465719872332,,0.0,1.3181465719872332,5.174172321
99250,1.318142270094305,,0.0,1.318142270094305,5.1688894836
99255,1.318138041057726,,0.0,1.318138041057726,5.1653441462
99260,1.3181338861250358,,0.0,1.3181338861250358,5.1561920601
99265,1.3181298062942663,,0.0,1.3181298062942663,5.1498882356
99270,1.3181258025634504,,0.0,1.3181258025634504,5.1564092364
99275,1.3181218755563575,,0.0,1.3181218755563575,5.1670330977
99280,1.318118026021512,,0.0,1.318118026021512,5.1773440073
99285,1.3181142540836683,,0.0,1.3181142540836683,5.1998875371
99290,1.3181105601170877,,0.0,1.3181105601170877,5.2245779393
99295,1.318106944371279,,0.0,1.318106944371279,5.2509329657
99300,1.3181034070957496,,0.0,1.3181034070957496,5.282943392
99305,1.3180999482905,,0.0,1.3180999482905,5.3083478301
99310,1.3180965684545463,,0.0,1.3180965684545463,5.3236009011
99315,1.318093267837396,,0.0,1.318093267837396,5.327277569
99320,1.3180900466885574,,0.0,1.3180900466885574,5.3156740417
99325,1.318086905507047,,0.0,1.318086905507047,5.287352489
99330,1.3180838449166343,,0.0,1.3180838449166343,5.2518207663
99335,1.3180808654163358,,0.0,1.3180808654163358,5.2201381244
99340,1.3180779680041834,,0.0,1.3180779680041834,5.1938013787
99345,1.3180751536782096,,0.0,1.3180751536782096,5.1635959557
99350,1.318072423062184,,0.0,1.318072423062184,5.1426830514
99355,1.3180697771541396,,0.0,1.3180697771541396,5.1325645971
99360,1.3180672169521077,,0.0,1.3180672169521077,5.1233839973
99365,1.3180647433293666,,0.0,1.3180647433293666,5.1330556036
99370,1.318062356909687,,0.0,1.318062356909687,5.1512116556
99375,1.3180600581920845,,0.0,1.3180600581920845,5.1698421037
99380,1.3180578473013131,,0.0,1.3180578473013131,5.1966931247
99385,1.318055724112619,,0.0,1.318055724112619,5.2417558539
99390,1.3180536876279703,,0.0,1.3180536876279703,5.289681542
99395,1.318051737847366,,0.0,1.318051737847366,5.3304412594
99400,1.318049875145069,,0.0,1.318049875145069,5.3567606636
99405,1.3180480964022288,,0.0,1.3180480964022288,5.3644985254
99410,1.318046397377208,,0.0,1.318046397377208,5.3763210489
99415,1.3180447730798468,,0.0,1.3180447730798468,5.4000756009
99420,1.3180432178962131,,0.0,1.3180432178962131,5.4099766183
99425,1.3180417254638523,,0.0,1.3180417254638523,5.4064234151
99430,1.3180402890460472,,0.0,1.3180402890460472,5.4083835103
99435,1.3180389007832947,,0.0,1.3180389007832947,5.4108413496
99440,1.3180375528160908,,0.0,1.3180375528160908,5.4101274537
99445,1.318036237783949,,0.0,1.318036237783949,5.4079000835
99450,1.318034947203595,,0.0,1.318034947203595,5.3946349946
99455,1.31803367146897,,0.0,1.31803367146897,5.3867026812
99460,1.3180324009740139,,0.0,1.3180324009740139,5.3869883228
99465,1.318031126112667,,0.0,1.318031126112667,5.387838811
99470,1.3180298372788692,,0.0,1.3180298372788692,5.3873626265
99475,1.318028525490332,,0.0,1.318028525490332,5.3810330274
99480,1.3180271813905027,,0.0,1.3180271813905027,5.3647794731
99485,1.3180257968703708,,0.0,1.3180257968703708,5.3358818998
99490,1.3180243640704323,,0.0,1.3180243640704323,5.2954525302
99495,1.3180228763787245,,0.0,1.3180228763787245,5.2715550007
99500,1.3180213275575459,,0.0,1.3180213275575459,5.2639607233
99505,1.318019712242474,,0.0,1.318019712242474,5.2530846035
99510,1.3180180259423637,,0.0,1.3180180259423637,5.2434162384
99515,1.3180162647898404,,0.0,1.3180162647898404,5.2395771499
99520,1.3180144256660535,,0.0,1.3180144256660535,5.2423871298
99525,1.3180125064501849,,0.0,1.3180125064501849,5.2410379576
99530,1.3180105056451858,,0.0,1.3180105056451858,5.2406730404
99535,1.3180084228767948,,0.0,1.3180084228767948,5.2460924664
99540,1.3180062582697656,,0.0,1.3180062582697656,5.2428660826
99545,1.318004012572622,,0.0,1.318004012572622,5.2408921392
99550,1.3180016875319212,,0.0,1.3180016875319212,5.2449653734
99555,1.3179992853932345,,0.0,1.3179992853932345,5.2579954182
99560,1.3179968087763974,,0.0,1.3179968087763974,5.2674603362
99565,1.3179942606755057,,0.0,1.3179942606755057,5.2696039233
99570,1.3179916447084261,,0.0,1.3179916447084261,5.2641054818
99575,1.3179889646177794,,0.0,1.3179889646177794,5.253949593
99580,1.3179862246452023,,0.0,1.3179862246452023,5.2637848737
99585,1.3179834292818398,,0.0,1.3179834292818398,5.279649914
99590,1.3179805836426064,,0.0,1.3179805836426064,5.2893455673
99595,1.3179776927176632,,0.0,1.3179776927176632,5.2923915675
99600,1.3179747624952034,,0.0,1.3179747624952034,5.3046242504
99605,1.3179717988386654,,0.0,1.3179717988386654,5.3080007859
99610,1.3179688087342751,,0.0,1.3179688087342751,5.2962201385
99615,1.3179657990435032,,0.0,1.3179657990435032,5.2861076064
99620,1.3179627777506076,,0.0,1.3179627777506076,5.2790872533
99625,1.317959752964599,,0.0,1.317959752964599,5.2683454401
99630,1.3179567332935056,,0.0,1.3179567332935056,5.2500776567
99635,1.3179537282186327,,0.0,1.3179537282186327,5.23810939
99640,1.3179507470965317,,0.0,1.3179507470965317,5.2258194618
99645,1.317947799658017,,0.0,1.317947799658017,5.2140199827
99650,1.3179448960081634,,0.0,1.3179448960081634,5.2111758107
99655,1.3179420463768012,,0.0,1.3179420463768012,5.203574946
99660,1.3179392613680225,,0.0,1.3179392613680225,5.1888929302
99665,1.317936551585919,,0.0,1.317936551585919,5.1802933122
99670,1.3179339276345818,,0.0,1.3179339276345818,5.185822882
99675,1.3179313999933497,,0.0,1.3179313999933497,5.1891374277
99680,1.3179289787672979,,0.0,1.3179289787672979,5.190868803
99685,1.3179266739367486,,0.0,1.3179266739367486,5.1883986934
99690,1.3179244946087447,,0.0,1.3179244946087447,5.1835156421
99695,1.3179224491418058,,0.0,1.3179224491418058,5.1711512904
99700,1.3179205448964197,,0.0,1.3179205448964197,5.1618177621
99705,1.3179187879855332,,0.0,1.3179187879855332,5.1535743033
99710,1.317917183274553,,0.0,1.317917183274553,5.1440978356
99715,1.3179157341318377,,0.0,1.3179157341318377,5.1465001015
99720,1.317914442553452,,0.0,1.317914442553452,5.1598394189
99725,1.3179133089136574,,0.0,1.3179133089136574,5.1846974729
99730,1.317912331715406,,0.0,1.317912331715406,5.2198735877
99735,1.317911508089355,,0.0,1.317911508089355,5.2608237279
99740,1.3179108334196061,,0.0,1.3179108334196061,5.3062145101
99745,1.3179103015932119,,0.0,1.3179103015932119,5.3440018672
99750,1.3179099052496854,,0.0,1.3179099052496854,5.3757725748
99755,1.3179096357809987,,0.0,1.3179096357809987,5.3988193077
99760,1.317909483331584,,0.0,1.317909483331584,5.404326198
99765,1.3179094374221043,,0.0,1.3179094374221043,5.3987611283
99770,1.3179094866999428,,0.0,1.3179094866999428,5.377657888
99775,1.3179096198124838,,0.0,1.3179096198124838,5.3476013689
99780,1.3179098250328494,,0.0,1.3179098250328494,5.333400382
99785,1.3179100907589154,,0.0,1.3179100907589154,5.308061161
99790,1.3179104060123281,,0.0,1.3179104060123281,5.2763507606
99795,1.3179107600642415,,0.0,1.3179107600642415,5.2539794038
99800,1.317911143183842,,0.0,1.317911143183842,5.2473275784
99805,1.3179115456403157,,0.0,1.3179115456403157,5.2480225104
99810,1.3179119591998973,,0.0,1.3179119591998973,5.2696586543
99815,1.31791237774964,,0.0,1.31791237774964,5.2913766367
99820,1.3179127972974145,,0.0,1.3179127972974145,5.3105097039
99825,1.3179132152233872,,0.0,1.3179132152233872,5.3431621695
99830,1.3179136312780493,,0.0,1.3179136312780493,5.3794230287
99835,1.3179140464594332,,0.0,1.3179140464594332,5.4138425371
99840,1.3179144635121274,,0.0,1.3179144635121274,5.4319806926
99845,1.3179148863035068,,0.0,1.3179148863035068,5.4281175536
99850,1.317915319948486,,0.0,1.317915319948486,5.4266931414
99855,1.31791577018575,,0.0,1.31791577018575,5.4386505795
99860,1.317916243377754,,0.0,1.317916243377754,5.4489879319
99865,1.3179167462612154,,0.0,1.3179167462612154,5.4578529092
99870,1.3179172850738345,,0.0,1.3179172850738345,5.4497797423
99875,1.3179178659285595,,0.0,1.3179178659285595,5.4329195161
99880,1.3179184939403044,,0.0,1.3179184939403044,5.4302936402
99885,1.317919173101198,,0.0,1.317919173101198,5.4198222273
99890,1.317919905906321,,0.0,1.317919905906321,5.4020616689
99895,1.3179206929794434,,0.0,1.3179206929794434,5.3730471193
99900,1.3179215336967953,,0.0,1.3179215336967953,5.3528509274
99905,1.317922425812804,,0.0,1.317922425812804,5.3424382261
99910,1.3179233655848488,,0.0,1.3179233655848488,5.3211585587
99915,1.3179243478980152,,0.0,1.3179243478980152,5.3087883515
99920,1.3179253663898476,,0.0,1.3179253663898476,5.2950163728
99925,1.3179264140741214,,0.0,1.3179264140741214,5.2722662204
99930,1.3179274827170706,,0.0,1.3179274827170706,5.2378946705
99935,1.31792856408493,,0.0,1.31792856408493,5.2122628583
99940,1.3179296494449184,,0.0,1.3179296494449184,5.19128422
99945,1.3179307306880237,,0.0,1.3179307306880237,5.170850068
99950,1.3179317999547429,,0.0,1.3179317999547429,5.1498871062
99955,1.3179328502588512,,0.0,1.3179328502588512,5.1369794901
99960,1.317933875986417,,0.0,1.317933875986417,5.136832898
99965,1.3179348727710496,,0.0,1.3179348727710496,5.1390919087
99970,1.3179358377434072,,0.0,1.3179358377434072,5.139483246
99975,1.317936770279719,,0.0,1.317936770279719,5.1340751575
99980,1.317937671128509,,0.0,1.317937671128509,5.1336474009
99985,1.3179385431591202,,0.0,1.3179385431591202,5.1316022869
99990,1.317939390862697,,0.0,1.317939390862697,5.1201301184
99995,1.3179402206016948,,0.0,1.3179402206016948,5.1013497833
100000,1.317941039861355,,0.0,1.317941039861355,5.0862499657
100005,1.3179418568754426,,0.0,1.3179418568754426,5.0758305854
100010,1.3179426832460817,,0.0,1.3179426832460817,5.0602922612
100015,1.3179435279555622,,0.0,1.3179435279555622,5.0537480901
100020,1.3179444008594516,,0.0,1.3179444008594516,5.047103867
100025,1.3179453119380715,,0.0,1.3179453119380715,5.0526794598
100030,1.3179462700489575,,0.0,1.3179462700489575,5.0611873387
100035,1.3179472833011214,,0.0,1.3179472833011214,5.0743382769
100040,1.3179483585560339,,0.0,1.3179483585560339,5.0893978883
100045,1.3179495005543478,,0.0,1.3179495005543478,5.0997564644
100050,1.317950712539668,,0.0,1.317950712539668,5.108360872
100055,1.317951995260518,,0.0,1.317951995260518,5.1137639944
100060,1.3179533475941128,,0.0,1.3179533475941128,5.1126875024
100065,1.3179547657978306,,0.0,1.3179547657978306,5.1024517486
100070,1.3179562441329868,,0.0,1.3179562441329868,5.0882170004
100075,1.3179577747400781,,0.0,1.3179577747400781,5.080921982
100080,1.317959347888291,,0.0,1.317959347888291,5.079941236
100085,1.3179609521002549,,0.0,1.3179609521002549,5.0712629801
100090,1.3179625745263064,,0.0,1.3179625745263064,5.068295386
100095,1.3179642011939943,,0.0,1.3179642011939943,5.0558005229
100100,1.3179658177566067,,0.0,1.3179658177566067,5.0448293076
100105,1.3179674094931686,,0.0,1.3179674094931686,5.0443524362
100110,1.3179689619322137,,0.0,1.3179689619322137,5.0448097819
100115,1.3179704611012915,,0.0,1.3179704611012915,5.0549977613
100120,1.3179718942754919,,0.0,1.3179718942754919,5.0691699507
100125,1.317973249977445,,0.0,1.317973249977445,5.0956482173
100130,1.317974518476337,,0.0,1.317974518476337,5.112877691
100135,1.3179756919126644,,0.0,1.3179756919126644,5.1256989041
100140,1.3179767646724965,,0.0,1.3179767646724965,5.1315148818
100145,1.3179777336369822,,0.0,1.3179777336369822,5.1381545671
100150,1.3179785978080902,,0.0,1.3179785978080902,5.145293238
100155,1.317979358308606,,0.0,1.317979358308606,5.1502382452
100160,1.3179800186316424,,0.0,1.3179800186316424,5.1475575005
100165,1.3179805843911305,,0.0,1.3179805843911305,5.1518541292
100170,1.3179810624485415,,0.0,1.3179810624485415,5.1626312354
100175,1.3179814617861647,,0.0,1.3179814617861647,5.1832781968
100180,1.3179817921348138,,0.0,1.3179817921348138,5.2259958091
100185,1.3179820638490731,,0.0,1.3179820638490731,5.2797935959
100190,1.317982287907296,,0.0,1.317982287907296,5.333333096
100195,1.3179824752878364,,0.0,1.3179824752878364,5.383192645
100200,1.3179826365947864,,0.0,1.3179826365947864,5.4108717973
100205,1.3179827813094516,,0.0,1.3179827813094516,5.4268377651
100210,1.3179829206596936,,0.0,1.3179829206596936,5.4351128219
100215,1.3179830627545241,,0.0,1.3179830627545241,5.4297237313
100220,1.317983211461318,,0.0,1.317983211461318,5.4174424975
100225,1.3179833700236796,,0.0,1.3179833700236796,5.4094911728
100230,1.317983541061443,,0.0,1.317983541061443,5.4028880301
100235,1.3179837266954273,,0.0,1.3179837266954273,5.3892072274
100240,1.3179839282979264,,0.0,1.3179839282979264,5.3878441447
100245,1.3179841468669722,,0.0,1.3179841468669722,5.3941531553
100250,1.317984382028303,,0.0,1.317984382028303,5.4063090956
100255,1.3179846329086404,,0.0,1.3179846329086404,5.4207264607
100260,1.3179848983851983,,0.0,1.3179848983851983,5.429772703
100265,1.3179851753391263,,0.0,1.3179851753391263,5.4587103821
100270,1.3179854597782958,,0.0,1.3179854597782958,5.4928668545
100275,1.3179857472115615,,0.0,1.3179857472115615,5.5389813333
100280,1.3179860336467952,,0.0,1.3179860336467952,5.5626491433
100285,1.317986314592852,,0.0,1.317986314592852,5.5748342751
100290,1.317986585808095,,0.0,1.317986585808095,5.5878411176
100295,1.317986844298428,,0.0,1.317986844298428,5.5956206232
100300,1.3179870881925402,,0.0,1.3179870881925402,5.605471451
100305,1.3179873171161698,,0.0,1.3179873171161698,5.6203489513
100310,1.317987531942595,,0.0,1.317987531942595,5.6286408167
100315,1.3179877352916503,,0.0,1.3179877352916503,5.6172280254
100320,1.3179879306564481,,0.0,1.3179879306564481,5.5956851374
100325,1.3179881226528873,,0.0,1.3179881226528873,5.5667134261
100330,1.317988316271129,,0.0,1.317988316271129,5.5400178951
100335,1.3179885174993657,,0.0,1.3179885174993657,5.510972953
100340,1.3179887319515289,,0.0,1.3179887319515289,5.4706607306
100345,1.3179889654910575,,0.0,1.3179889654910575,5.4533162556
100350,1.3179892232328663,,0.0,1.3179892232328663,5.4314234167
100355,1.3179895094185918,,0.0,1.3179895094185918,5.4008520516
100360,1.3179898264185608,,0.0,1.3179898264185608,5.3717270182
100365,1.3179901749812972,,0.0,1.3179901749812972,5.3516852566
100370,1.317990553859261,,0.0,1.317990553859261,5.3161150803
100375,1.3179909599336015,,0.0,1.3179909599336015,5.282093755
100380,1.3179913880894036,,0.0,1.3179913880894036,5.2676667544
100385,1.3179918315899504,,0.0,1.3179918315899504,5.253405588
100390,1.3179922818272145,,0.0,1.3179922818272145,5.2486094458
100395,1.3179927289456281,,0.0,1.3179927289456281,5.2423414385
100400,1.317993161592575,,0.0,1.317993161592575,5.2358628623
100405,1.3179935674174075,,0.0,1.3179935674174075,5.2294188968
100410,1.317993933570461,,0.0,1.317993933570461,5.2269012046
100415,1.3179942472020714,,0.0,1.3179942472020714,5.2245347673
100420,1.3179944950883122,,0.0,1.3179944950883122,5.220457284
100425,1.3179946646290277,,0.0,1.3179946646290277,5.225691793
100430,1.3179947442220934,,0.0,1.3179947442220934,5.226232868
100435,1.3179947233881717,,0.0,1.3179947233881717,5.225426117
100440,1.3179945937687434,,0.0,1.3179945937687434,5.2186022103
100445,1.3179943485023369,,0.0,1.3179943485023369,5.2047522303
100450,1.3179939837215775,,0.0,1.3179939837215775,5.1857187418
100455,1.3179934974304013,,0.0,1.3179934974304013,5.1704168377
100460,1.317992890876348,,0.0,1.317992890876348,5.1526994592
100465,1.3179921678020388,,0.0,1.3179921678020388,5.1339511753
100470,1.3179913346946823,,0.0,1.3179913346946823,5.1396857291
100475,1.3179904006613223,,0.0,1.3179904006613223,5.1455470739
100480,1.3179893774288371,,0.0,1.3179893774288371,5.1490762293
100485,1.3179882792191846,,0.0,1.3179882792191846,5.1495980316
100490,1.3179871229989122,,0.0,1.3179871229989122,5.1532469633
100495,1.317985927605877,,0.0,1.317985927605877,5.1577911734
100500,1.3179847122521982,,0.0,1.3179847122521982,5.1367447964
100505,1.3179834971480275,,0.0,1.3179834971480275,5.1288212744
100510,1.3179823035015488,,0.0,1.3179823035015488,5.12760623
100515,1.317981152271437,,0.0,1.317981152271437,5.1270637908
100520,1.3179800644163684,,0.0,1.3179800644163684,5.1283281989
100525,1.3179790601464942,,0.0,1.3179790601464942,5.1330875628
100530,1.3179781585491799,,0.0,1.3179781585491799,5.1245885382
100535,1.3179773775890045,,0.0,1.3179773775890045,5.1133053225
100540,1.3179767364780874,,0.0,1.3179767364780874,5.1009827499
100545,1.3179762505611734,,0.0,1.3179762505611734,5.1029643577
100550,1.3179759303175997,,0.0,1.3179759303175997,5.1066368815
100555,1.3179757838563784,,0.0,1.3179757838563784,5.1139406318
100560,1.3179758169161941,,0.0,1.3179758169161941,5.1249659431
100565,1.3179760334891755,,0.0,1.3179760334891755,5.1477905826
100570,1.3179764351971253,,0.0,1.3179764351971253,5.1696424946
100575,1.3179770204182406,,0.0,1.3179770204182406,5.1842014648
100580,1.3179777847861314,,0.0,1.3179777847861314,5.1909960558
100585,1.3179787218135877,,0.0,1.3179787218135877,5.2070813293
100590,1.3179798223935664,,0.0,1.3179798223935664,5.2210391076
100595,1.3179810760467299,,0.0,1.3179810760467299,5.2244226224
100600,1.3179824702976755,,0.0,1.3179824702976755,5.2255668203
100605,1.3179839919224774,,0.0,1.3179839919224774,5.2335941171
100610,1.317985626948685,,0.0,1.317985626948685,5.2464091866
100615,1.3179873607800774,,0.0,1.3179873607800774,5.2631313491
100620,1.3179891793194507,,0.0,1.3179891793194507,5.2949638698
100625,1.3179910683448461,,0.0,1.3179910683448461,5.3216285794
100630,1.3179930147570915,,0.0,1.3179930147570915,5.3494838216
100635,1.3179950063302928,,0.0,1.3179950063302928,5.3800176057
100640,1.3179970317118341,,0.0,1.3179970317118341,5.4101394207
100645,1.3179990814204094,,0.0,1.3179990814204094,5.4402191965
100650,1.3180011469727453,,0.0,1.3180011469727453,5.4593378015
100655,1.318003221507371,,0.0,1.318003221507371,5.4672877822
100660,1.3180052996598632,,0.0,1.3180052996598632,5.4686858588
100665,1.3180073774380936,,0.0,1.3180073774380936,5.4662052518
100670,1.3180094522222272,,0.0,1.3180094522222272,5.4638659871
100675,1.3180115226399702,,0.0,1.3180115226399702,5.4563227798
100680,1.3180135883170603,,0.0,1.3180135883170603,5.4542895962
100685,1.3180156500020217,,0.0,1.3180156500020217,5.437332296
100690,1.3180177089423948,,0.0,1.3180177089423948,5.4313843687
100695,1.3180197673837515,,0.0,1.3180197673837515,5.4333756525
100700,1.3180218278211728,,0.0,1.3180218278211728,5.4396162764
100705,1.318023893373509,,0.0,1.318023893373509,5.4530595055
100710,1.3180259671596104,,0.0,1.3180259671596104,5.4817065119
100715,1.3180280529220978,,0.0,1.3180280529220978,5.4975947329
100720,1.3180301540293302,,0.0,1.3180301540293302,5.5127033284
100725,1.3180322738496657,,0.0,1.3180322738496657,5.5375616295
100730,1.3180344148781848,,0.0,1.3180344148781848,5.561710286
100735,1.3180365811070165,,0.0,1.3180365811070165,5.5766834677
100740,1.318038776403535,,0.0,1.318038776403535,5.5908218859
100745,1.3180410047598692,,0.0,1.3180410047598692,5.6129086544
100750,1.318043269793886,,0.0,1.318043269793886,5.6306416598
100755,1.3180455751234517,,0.0,1.3180455751234517,5.633986471
100760,1.3180479273605294,,0.0,1.3180479273605294,5.6233297989
100765,1.3180503306220022,,0.0,1.3180503306220022,5.6132934879
100770,1.318052787153442,,0.0,1.318052787153442,5.5872058357
100775,1.3180552990756675,,0.0,1.3180552990756675,5.5601696262
100780,1.3180578681352348,,0.0,1.3180578681352348,5.5345337237
100785,1.3180604972014867,,0.0,1.3180604972014867,5.5125465762
100790,1.3180631885199954,,0.0,1.3180631885199954,5.4863451516
100795,1.318065943962071,,0.0,1.318065943962071,5.451519778
100800,1.3180687646504998,,0.0,1.3180687646504998,5.4295018415
100805,1.3180716505852823,,0.0,1.3180716505852823,5.4071638074
100810,1.3180746001446157,,0.0,1.3180746001446157,5.3745843535
100815,1.3180776109581736,,0.0,1.3180776109581736,5.3556207608
100820,1.3180806799071056,,0.0,1.3180806799071056,5.3341266162
100825,1.318083803124037,,0.0,1.318083803124037,5.3190414945
100830,1.3180869762425773,,0.0,1.3180869762425773,5.3088680813
100835,1.318090194023057,,0.0,1.318090194023057,5.2949857208
100840,1.3180934508515456,,0.0,1.3180934508515456,5.282001512
100845,1.318096740615096,,0.0,1.318096740615096,5.2668990849
100850,1.318100056701745,,0.0,1.318100056701745,5.2639846616
100855,1.3181033924995291,,0.0,1.3181033924995291,5.2573221756
100860,1.3181067410222238,,0.0,1.3181067410222238,5.2491462455
100865,1.3181100956578653,,0.0,1.3181100956578653,5.2447795356
100870,1.3181134494202287,,0.0,1.3181134494202287,5.2392135878
100875,1.318116796196367,,0.0,1.318116796196367,5.2364750965
100880,1.318120131120873,,0.0,1.318120131120873,5.2277870132
100885,1.3181234479560462,,0.0,1.3181234479560462,5.215529847
100890,1.3181267412127091,,0.0,1.3181267412127091,5.1930474911
100895,1.3181300055264389,,0.0,1.3181300055264389,5.1793432694
100900,1.3181332366555991,,0.0,1.3181332366555991,5.1648319943
100905,1.318136430982323,,0.0,1.318136430982323,5.1548303456
100910,1.318139586136284,,0.0,1.318139586136284,5.1613032835
100915,1.3181427032402682,,0.0,1.3181427032402682,5.1723213258
100920,1.3181457817952602,,0.0,1.3181457817952602,5.1849403251
100925,1.318148821426997,,0.0,1.318148821426997,5.1911447661
100930,1.3181518225097413,,0.0,1.3181518225097413,5.1903322232
100935,1.318154786415787,,0.0,1.318154786415787,5.1814768511
100940,1.3181577161392308,,0.0,1.3181577161392308,5.1753705785
100945,1.3181606161712178,,0.0,1.3181606161712178,5.1594654597
100950,1.3181634924999404,,0.0,1.3181634924999404,5.1389824598
100955,1.318166351487854,,0.0,1.318166351487854,5.1319540879
100960,1.318169200370692,,0.0,1.318169200370692,5.136670584
100965,1.3181720471327114,,0.0,1.3181720471327114,5.1455004356
100970,1.3181749002571863,,0.0,1.3181749002571863,5.1531808578
100975,1.3181777687264054,,0.0,1.3181777687264054,5.1561559509
100980,1.318180661896921,,0.0,1.318180661896921,5.1596441407
100985,1.3181835893747926,,0.0,1.3181835893747926,5.1634773004
100990,1.3181865608908336,,0.0,1.3181865608908336,5.1638794159
100995,1.318189586425366,,0.0,1.318189586425366,5.1719182038
101000,1.3181926757092037,,0.0,1.3181926757092037,5.1867062137
101005,1.318195838098898,,0.0,1.318195838098898,5.1953621617
101010,1.3181990823272305,,0.0,1.3181990823272305,5.20573167
101015,1.3182024170022284,,0.0,1.3182024170022284,5.2140874091
101020,1.318205850232904,,0.0,1.318205850232904,5.2145572816
101025,1.3182093890054811,,0.0,1.3182093890054811,5.2107952754
101030,1.3182130399319243,,0.0,1.3182130399319243,5.2046815221
101035,1.3182168088756716,,0.0,1.3182168088756716,5.2039425913
101040,1.3182207007021303,,0.0,1.3182207007021303,5.204122146
101045,1.3182247194034291,,0.0,1.3182247194034291,5.2067066912
101050,1.3182288680984182,,0.0,1.3182288680984182,5.2087236049
101055,1.3182331492821784,,0.0,1.3182331492821784,5.2088513939
101060,1.318237564327004,,0.0,1.318237564327004,5.2074034024
101065,1.3182421139814187,,0.0,1.3182421139814187,5.2240858568
101070,1.3182467987444388,,0.0,1.3182467987444388,5.2532349601
101075,1.3182516182418023,,0.0,1.3182516182418023,5.2873954994
101080,1.3182565712259688,,0.0,1.3182565712259688,5.31802488
101085,1.3182616560751366,,0.0,1.3182616560751366,5.3455537674
101090,1.3182668707932406,,0.0,1.3182668707932406,5.3691830631
101095,1.3182722130099547,,0.0,1.3182722130099547,5.3895656243
101100,1.3182776804797067,,0.0,1.3182776804797067,5.4039908412
101105,1.3182832705826617,,0.0,1.3182832705826617,5.4092298788
101110,1.3182889810732477,,0.0,1.3182889810732477,5.4142396186
101115,1.3182948095811382,,0.0,1.3182948095811382,5.4136353748
101120,1.3183007537360065,,0.0,1.3183007537360065,5.4052775818
101125,1.3183068115417889,,0.0,1.3183068115417889,5.3908666467
101130,1.3183129811271745,,0.0,1.3183129811271745,5.3741692304
101135,1.3183192607456071,,0.0,1.3183192607456071,5.3742714389
101140,1.3183256485257766,,0.0,1.3183256485257766,5.3817380208
101145,1.3183321424716186,,0.0,1.3183321424716186,5.3716425681
101150,1.3183387407118223,,0.0,1.3183387407118223,5.3815283471
101155,1.31834544112557,,0.0,1.31834544112557,5.4006590938
101160,1.3183522409682729,,0.0,1.3183522409682729,5.4279401977
101165,1.3183591378696045,,0.0,1.3183591378696045,5.452330523
101170,1.3183661285859605,,0.0,1.3183661285859605,5.4755949562
101175,1.318373209499474,,0.0,1.318373209499474,5.4881715392
101180,1.3183803766180167,,0.0,1.3183803766180167,5.4984900219
101185,1.3183876252009352,,0.0,1.3183876252009352,5.5181693787
101190,1.318394949634299,,0.0,1.318394949634299,5.53740979
101195,1.3184023439299148,,0.0,1.3184023439299148,5.5606427592
101200,1.3184098014758199,,0.0,1.3184098014758199,5.570157787
101205,1.3184173147867724,,0.0,1.3184173147867724,5.5651566421
101210,1.318424875753761,,0.0,1.318424875753761,5.5467082838
101215,1.3184324755192507,,0.0,1.3184324755192507,5.5328744512
101220,1.3184401048514434,,0.0,1.3184401048514434,5.5108447566
101225,1.3184477535205095,,0.0,1.3184477535205095,5.4886978962
101230,1.318455411047111,,0.0,1.318455411047111,5.465708022
101235,1.318463066452894,,0.0,1.318463066452894,5.4521695576
101240,1.318470708634751,,0.0,1.318470708634751,5.4436420144
101245,1.3184783259905577,,0.0,1.3184783259905577,5.4141037079
101250,1.3184859074172057,,0.0,1.3184859074172057,5.4052727258
101255,1.318493441437326,,0.0,1.318493441437326,5.4022278457
101260,1.3185009175715803,,0.0,1.3185009175715803,5.3964644736
101265,1.3185083253406304,,0.0,1.3185083253406304,5.3873001779
101270,1.3185156552631712,,0.0,1.3185156552631712,5.384384836
101275,1.318522898606421,,0.0,1.318522898606421,5.3683058819
101280,1.3185300476356303,,0.0,1.3185300476356303,5.3624170624
101285,1.318537095614082,,0.0,1.318537095614082,5.3520907838
101290,1.3185440368030914,,0.0,1.3185440368030914,5.34244582
101295,1.3185508670857755,,0.0,1.3185508670857755,5.3442980193
101300,1.318557582719514,,0.0,1.318557582719514,5.342752638
101305,1.3185641815834879,,0.0,1.3185641815834879,5.3370780417
101310,1.3185706624301574,,0.0,1.3185706624301574,5.3322911398
101315,1.3185770250100144,,0.0,1.3185770250100144,5.338373097
101320,1.3185832700715832,,0.0,1.3185832700715832,5.3444080262
101325,1.3185893992366657,,0.0,1.3185893992366657,5.3464749787
101330,1.3185954147508347,,0.0,1.3185954147508347,5.3433852642
101335,1.3186013187349082,,0.0,1.3186013187349082,5.335067496
101340,1.3186071148067529,,0.0,1.3186071148067529,5.3190574508
101345,1.3186128059604656,,0.0,1.3186128059604656,5.302225624
101350,1.3186183951901427,,0.0,1.3186183951901427,5.2914866171
101355,1.3186238858641426,,0.0,1.3186238858641426,5.2773435158
101360,1.3186292809765618,,0.0,1.3186292809765618,5.2756004241
101365,1.3186345838957592,,0.0,1.3186345838957592,5.285636342
101370,1.318639797740585,,0.0,1.318639797740585,5.2910428281
101375,1.3186449258793982,,0.0,1.3186449258793982,5.297062806
101380,1.318649971181541,,0.0,1.318649971181541,5.3035099735
101385,1.3186549366411096,,0.0,1.3186549366411096,5.3022510279
101390,1.318659825252201,,0.0,1.318659825252201,5.3001002545
101395,1.3186646400089117,,0.0,1.3186646400089117,5.2994785256
101400,1.3186693846538624,,0.0,1.3186693846538624,5.3030413821
101405,1.3186740625554114,,0.0,1.3186740625554114,5.3059000965
101410,1.3186786774561794,,0.0,1.3186786774561794,5.3243385547
101415,1.3186832333482952,,0.0,1.3186832333482952,5.3444343333
101420,1.3186877343486416,,0.0,1.3186877343486416,5.3601819427
101425,1.3186921858216414,,0.0,1.3186921858216414,5.3770203682
101430,1.3186965928822094,,0.0,1.3186965928822094,5.3880592776
101435,1.3187009607700146,,0.0,1.3187009607700146,5.3973624871
101440,1.3187052952237421,,0.0,1.3187052952237421,5.3969904131
101445,1.3187096021068307,,0.0,1.3187096021068307,5.4048022765
101450,1.3187138870332116,,0.0,1.3187138870332116,5.4176631004
101455,1.3187181563653396,,0.0,1.3187181563653396,5.4276070885
101460,1.3187224164656703,,0.0,1.3187224164656703,5.430445013
101465,1.3187266733223961,,0.0,1.3187266733223961,5.4334565969
101470,1.3187309325494487,,0.0,1.3187309325494487,5.434640287
101475,1.3187351995112506,,0.0,1.3187351995112506,5.433490173
101480,1.3187394790732083,,0.0,1.3187394790732083,5.4275809181
101485,1.3187437758512213,,0.0,1.3187437758512213,5.4190725298
101490,1.3187480938374176,,0.0,1.3187480938374176,5.4127918824
101495,1.3187524362754026,,0.0,1.3187524362754026,5.4095527476
101500,1.318756805660256,,0.0,1.318756805660256,5.4147683809
101505,1.3187612039880425,,0.0,1.3187612039880425,5.4140917902
101510,1.3187656323815484,,0.0,1.3187656323815484,5.4186594324
101515,1.3187700914645435,,0.0,1.3187700914645435,5.4226533163
101520,1.3187745811122737,,0.0,1.3187745811122737,5.4369840651
101525,1.3187791005762155,,0.0,1.3187791005762155,5.4562356083
101530,1.3187836482345656,,0.0,1.3187836482345656,5.4795932646
101535,1.3187882224655227,,0.0,1.3187882224655227,5.4959121009
101540,1.3187928205244979,,0.0,1.3187928205244979,5.5021000032
101545,1.3187974395421487,,0.0,1.3187974395421487,5.5085078031
101550,1.3188020766491326,,0.0,1.3188020766491326,5.5120296187
101555,1.318806728726599,,0.0,1.318806728726599,5.5135876752
101560,1.3188113922814357,,0.0,1.3188113922814357,5.5196905037
101565,1.3188160633215134,,0.0,1.3188160633215134,5.5195185502
101570,1.3188207377299497,,0.0,1.3188207377299497,5.5204233727
101575,1.318825411265108,,0.0,1.318825411265108,5.5112554595
101580,1.3188300798101054,,0.0,1.3188300798101054,5.5097636096
101585,1.318834739248059,,0.0,1.318834739248059,5.5043565098
101590,1.3188393855868406,,0.0,1.3188393855868406,5.4975471783
101595,1.3188440152085832,,0.0,1.3188440152085832,5.5166955381
101600,1.3188486244954205,,0.0,1.3188486244954205,5.5409656867
101605,1.3188532100789934,,0.0,1.3188532100789934,5.5625217627
101610,1.3188577688404517,,0.0,1.3188577688404517,5.579478024
101615,1.318862298159961,,0.0,1.318862298159961,5.5939033133
101620,1.3188667950434245,,0.0,1.3188667950434245,5.6161290598
101625,1.318871257494778,,0.0,1.318871257494778,5.6344383912
101630,1.3188756840169735,,0.0,1.3188756840169735,5.6407693854
101635,1.3188800728634544,,0.0,1.3188800728634544,5.6470974854
101640,1.3188844220381564,,0.0,1.3188844220381564,5.6591975043
101645,1.3188887295450153,,0.0,1.3188887295450153,5.671220228
101650,1.3188929933879665,,0.0,1.3188929933879665,5.6707361402
101655,1.3188972113214374,,0.0,1.3188972113214374,5.6580560183
101660,1.3189013810998567,,0.0,1.3189013810998567,5.6378158103
101665,1.3189054998538805,,0.0,1.3189054998538805,5.6078940849
101670,1.3189095647141673,,0.0,1.3189095647141673,5.5774766954
101675,1.31891357206285,,0.0,1.31891357206285,5.5543111349
101680,1.3189175176582921,,0.0,1.3189175176582921,5.5327449943
101685,1.3189213967598405,,0.0,1.3189213967598405,5.5211057366
101690,1.3189252037535644,,0.0,1.3189252037535644,5.5110431418
101695,1.3189289320275008,,0.0,1.3189289320275008,5.4971599797
101700,1.3189325750944403,,0.0,1.3189325750944403,5.4773952773
101705,1.318936124970126,,0.0,1.318936124970126,5.4390153529
101710,1.3189395725475135,,0.0,1.3189395725475135,5.4233344858
101715,1.3189429077215278,,0.0,1.3189429077215278,5.4126934526
101720,1.3189461195138146,,0.0,1.3189461195138146,5.4015599938
101725,1.31894919632225,,0.0,1.31894919632225,5.3931924801
101730,1.3189521259209398,,0.0,1.3189521259209398,5.3850145165
101735,1.318954895335466,,0.0,1.318954895335466,5.3737552269
101740,1.3189574913419022,,0.0,1.3189574913419022,5.3728432394
101745,1.3189599007163217,,0.0,1.3189599007163217,5.3787298949
101750,1.3189621098605366,,0.0,1.3189621098605366,5.3841151162
101755,1.3189641056753747,,0.0,1.3189641056753747,5.3920691312
101760,1.3189658751864175,,0.0,1.3189658751864175,5.3976236203
101765,1.3189674065420331,,0.0,1.3189674065420331,5.4023917919
101770,1.3189686885143592,,0.0,1.3189686885143592,5.4022844789
101775,1.3189697103745504,,0.0,1.3189697103745504,5.3962532451
101780,1.318970463514579,,0.0,1.318970463514579,5.3854919955
101785,1.3189709401996956,,0.0,1.3189709401996956,5.3708145137
101790,1.3189711346912154,,0.0,1.3189711346912154,5.3617808846
101795,1.3189710428722554,,0.0,1.3189710428722554,5.3454379573
101800,1.3189706621229813,,0.0,1.3189706621229813,5.3328714834
101805,1.3189699920691313,,0.0,1.3189699920691313,5.335798617
101810,1.318969033708737,,0.0,1.318969033708737,5.3539024809
101815,1.3189677910339277,,0.0,1.3189677910339277,5.3658022931
101820,1.31896626953388,,0.0,1.31896626953388,5.3722990881
101825,1.318964477068097,,0.0,1.318964477068097,5.3743260117
101830,1.3189624239911633,,0.0,1.3189624239911633,5.3852683432
101835,1.3189601222794642,,0.0,1.3189601222794642,5.392798754
101840,1.3189575859054503,,0.0,1.3189575859054503,5.3983240549
101845,1.3189548308376369,,0.0,1.3189548308376369,5.4031089272
101850,1.318951874167324,,0.0,1.318951874167324,5.4104121289
101855,1.318948734981878,,0.0,1.318948734981878,5.4273225361
101860,1.3189454336162036,,0.0,1.3189454336162036,5.4320346322
101865,1.318941991527993,,0.0,1.318941991527993,5.4242463653
101870,1.3189384309234615,,0.0,1.3189384309234615,5.4217955016
101875,1.3189347742583337,,0.0,1.3189347742583337,5.4096947094
101880,1.318931044362595,,0.0,1.318931044362595,5.4014113128
101885,1.3189272643157397,,0.0,1.3189272643157397,5.4099645112
101890,1.3189234561992296,,0.0,1.3189234561992296,5.4287515285
101895,1.3189196417202642,,0.0,1.3189196417202642,5.450340018
101900,1.3189158410889954,,0.0,1.3189158410889954,5.4650060149
101905,1.3189120736422961,,0.0,1.3189120736422961,5.4718002604
101910,1.318908357968516,,0.0,1.318908357968516,5.4728059132
101915,1.318904711782726,,0.0,1.318904711782726,5.4829041285
101920,1.3189011503049164,,0.0,1.3189011503049164,5.4845332377
101925,1.3188976873827842,,0.0,1.3188976873827842,5.4799445174
101930,1.3188943359907472,,0.0,1.3188943359907472,5.4760295354
101935,1.3188911139686303,,0.0,1.3188911139686303,5.4679664741
101940,1.318888030672986,,0.0,1.318888030672986,5.4623907646
101945,1.3188850914682364,,0.0,1.3188850914682364,5.4611918099
101950,1.318882301843559,,0.0,1.318882301843559,5.4603120615
101955,1.3188796656663277,,0.0,1.3188796656663277,5.463730038
101960,1.3188771849326077,,0.0,1.3188771849326077,5.4749143177
101965,1.3188748602661686,,0.0,1.3188748602661686,5.4905197283
101970,1.3188726907937327,,0.0,1.3188726907937327,5.5124529174
101975,1.318870674893497,,0.0,1.318870674893497,5.5342675486
101980,1.3188688095713657,,0.0,1.3188688095713657,5.5536998009
101985,1.318867091583734,,0.0,1.318867091583734,5.5709331162
101990,1.3188655169384729,,0.0,1.3188655169384729,5.5808463302
101995,1.3188640827662401,,0.0,1.3188640827662401,5.577376112
102000,1.318862783952121,,0.0,1.318862783952121,5.568130299
102005,1.3188616160049704,,0.0,1.3188616160049704,5.5530699837
102010,1.3188605741841362,,0.0,1.3188605741841362,5.5387738628
102015,1.3188596538737185,,0.0,1.3188596538737185,5.5278213055
102020,1.318858850956835,,0.0,1.318858850956835,5.5172884975
102025,1.3188581613166037,,0.0,1.3188581613166037,5.4987341248
102030,1.3188575817094192,,0.0,1.3188575817094192,5.4931543609
102035,1.3188571093906931,,0.0,1.3188571093906931,5.5104102687
102040,1.3188567419900996,,0.0,1.3188567419900996,5.5280703932
102045,1.3188564773868197,,0.0,1.3188564773868197,5.5379302702
102050,1.3188563140838054,,0.0,1.3188563140838054,5.5445374409
102055,1.3188562510830246,,0.0,1.3188562510830246,5.5581486029
102060,1.3188562872616907,,0.0,1.3188562872616907,5.5697914234
102065,1.318856421746526,,0.0,1.318856421746526,5.5845414097
102070,1.3188566539137603,,0.0,1.3188566539137603,5.6002575143
102075,1.3188569831396235,,0.0,1.3188569831396235,5.6116387134
102080,1.3188574092993612,,0.0,1.3188574092993612,5.616498552
102085,1.3188579318939577,,0.0,1.3188579318939577,5.6272837084
102090,1.3188585505491512,,0.0,1.3188585505491512,5.6270343842
102095,1.318859264391663,,0.0,1.318859264391663,5.6114987755
102100,1.318860072423461,,0.0,1.318860072423461,5.5853378093
102105,1.3188609732722512,,0.0,1.3188609732722512,5.551155716
102110,1.3188619654409852,,0.0,1.3188619654409852,5.5098586794
102115,1.3188630471831067,,0.0,1.3188630471831067,5.4747819146
102120,1.3188642163777975,,0.0,1.3188642163777975,5.4550252701
102125,1.3188654710289929,,0.0,1.3188654710289929,5.4436702208
102130,1.3188668087663669,,0.0,1.3188668087663669,5.4334615229
102135,1.3188682272195928,,0.0,1.3188682272195928,5.43052149
102140,1.3188697238935903,,0.0,1.3188697238935903,5.4052479767
102145,1.3188712960437707,,0.0,1.3188712960437707,5.400509196
102150,1.318872941175054,,0.0,1.318872941175054,5.3861981534
102155,1.3188746565428513,,0.0,1.3188746565428513,5.3735288841
102160,1.3188764391530665,,0.0,1.3188764391530665,5.3572869767
102165,1.3188782861363566,,0.0,1.3188782861363566,5.3482846542
102170,1.3188801947481334,,0.0,1.3188801947481334,5.3383118159
102175,1.3188821623685627,,0.0,1.3188821623685627,5.3195387589
102180,1.3188841858787934,,0.0,1.3188841858787934,5.3102207722
102185,1.3188862624094835,,0.0,1.3188862624094835,5.3045695314
102190,1.3188883892160441,,0.0,1.3188883892160441,5.3105083458
102195,1.3188905629301169,,0.0,1.3188905629301169,5.312097066
102200,1.3188927806823594,,0.0,1.3188927806823594,5.3094622014
102205,1.318895039353921,,0.0,1.318895039353921,5.31870025
102210,1.318897335825951,,0.0,1.318897335825951,5.3247863098
102215,1.3188996671043534,,0.0,1.3188996671043534,5.3224807981
102220,1.318902029945523,,0.0,1.318902029945523,5.3137449675
102225,1.3189044212306096,,0.0,1.3189044212306096,5.3098722653
102230,1.3189068375912543,,0.0,1.3189068375912543,5.3166809689
102235,1.3189092754095912,,0.0,1.3189092754095912,5.3122685101
102240,1.318911731442015,,0.0,1.318911731442015,5.3031620306
102245,1.3189142020706592,,0.0,1.3189142020706592,5.3088411841
102250,1.3189166838024113,,0.0,1.3189166838024113,5.3310596786
102255,1.318919173393667,,0.0,1.318919173393667,5.3535812172
102260,1.3189216674760675,,0.0,1.3189216674760675,5.3653919647
102265,1.318924162681254,,0.0,1.318924162681254,5.3533454053
102270,1.3189266558903763,,0.0,1.3189266558903763,5.3442075034
102275,1.3189291439845836,,0.0,1.3189291439845836,5.3425971283
102280,1.3189316242192877,,0.0,1.3189316242192877,5.3394671563
102285,1.3189340939746537,,0.0,1.3189340939746537,5.3304285963
102290,1.3189365508803557,,0.0,1.3189365508803557,5.3195518671
102295,1.318938992940329,,0.0,1.318938992940329,5.2996849476
102300,1.3189414184080177,,0.0,1.3189414184080177,5.2917764252
102305,1.318943826160635,,0.0,1.318943826160635,5.2881375679
102310,1.3189462154496572,,0.0,1.3189462154496572,5.2858371614
102315,1.318948585776068,,0.0,1.318948585776068,5.2801111184
102320,1.3189509372646218,,0.0,1.3189509372646218,5.269145273
102325,1.3189532702895803,,0.0,1.3189532702895803,5.2619864051
102330,1.3189555852252055,,0.0,1.3189555852252055,5.2678429156
102335,1.318957883319038,,0.0,1.318957883319038,5.2800532386
102340,1.3189601658186179,,0.0,1.3189601658186179,5.2876327587
102345,1.318962434096239,,0.0,1.318962434096239,5.2961258801
102350,1.318964690147966,,0.0,1.318964690147966,5.3093181636
102355,1.3189669358451095,,0.0,1.3189669358451095,5.3231146026
102360,1.3189691735579954,,0.0,1.3189691735579954,5.327343514
102365,1.3189714056569504,,0.0,1.3189714056569504,5.3220548153
102370,1.3189736347618086,,0.0,1.3189736347618086,5.3075512405
102375,1.3189758636171591,,0.0,1.3189758636171591,5.2924591657
102380,1.31897809496759,,0.0,1.31897809496759,5.2777496391
102385,1.3189803320567057,,0.0,1.3189803320567057,5.2577751737
102390,1.3189825778786033,,0.0,1.3189825778786033,5.2477066376
102395,1.3189848356768865,,0.0,1.3189848356768865,5.2487997598
102400,1.3189871090694227,,0.0,1.3189871090694227,5.2605222015
102405,1.3189894014245702,,0.0,1.3189894014245702,5.2686792813
102410,1.3189917166097034,,0.0,1.3189917166097034,5.2801803635
102415,1.3189940583674435,,0.0,1.3189940583674435,5.2980230202
102420,1.3189964310641809,,0.0,1.3189964310641809,5.3278258552
102425,1.3189988386920442,,0.0,1.3189988386920442,5.3549347211
102430,1.3190012857421785,,0.0,1.3190012857421785,5.3702026903
102435,1.3190037767057283,,0.0,1.3190037767057283,5.3697513898
102440,1.3190063161985925,,0.0,1.3190063161985925,5.3573601536
102445,1.3190089088366699,,0.0,1.3190089088366699,5.3330008122
102450,1.3190115593606135,,0.0,1.3190115593606135,5.3080440563
102455,1.3190142720120597,,0.0,1.3190142720120597,5.2776134783
102460,1.3190170514069077,,0.0,1.3190170514069077,5.2597053616
102465,1.3190199017867938,,0.0,1.3190199017867938,5.2304694021
102470,1.3190228272686009,,0.0,1.3190228272686009,5.2065799893
102475,1.319025831719704,,0.0,1.319025831719704,5.2052668465
102480,1.319028918633215,,0.0,1.319028918633215,5.2054644589
102485,1.319032091127985,,0.0,1.319032091127985,5.2077016626
102490,1.3190353520733562,,0.0,1.3190353520733562,5.2155387445
102495,1.3190387034653934,,0.0,1.3190387034653934,5.2268607229
102500,1.3190421471754064,,0.0,1.3190421471754064,5.2358099184
102505,1.3190456842014278,,0.0,1.3190456842014278,5.2453332084
102510,1.3190493150424731,,0.0,1.3190493150424731,5.2601260603
102515,1.3190530395737887,,0.0,1.3190530395737887,5.2757495357
102520,1.3190568571716046,,0.0,1.3190568571716046,5.2865110348
102525,1.3190607660893643,,0.0,1.3190607660893643,5.2954753385
102530,1.3190647645805114,,0.0,1.3190647645805114,5.3040457946
102535,1.3190688497757035,,0.0,1.3190688497757035,5.3009899816
102540,1.3190730183065824,,0.0,1.3190730183065824,5.289073484
102545,1.3190772663057728,,0.0,1.3190772663057728,5.2708446768
102550,1.3190815894068844,,0.0,1.3190815894068844,5.2510957801
102555,1.3190859824950019,,0.0,1.3190859824950019,5.2211406355
102560,1.3190904405799648,,0.0,1.3190904405799648,5.1792852546
102565,1.319094957798334,,0.0,1.319094957798334,5.138036887
102570,1.3190995285361784,,0.0,1.3190995285361784,5.115696334
102575,1.3191041468053049,,0.0,1.3191041468053049,5.108885756
102580,1.3191088068670287,,0.0,1.3191088068670287,5.1002284947
102585,1.319113502733157,,0.0,1.319113502733157,5.0864599268
102590,1.3191182287897583,,0.0,1.3191182287897583,5.0618033015
102595,1.319122979547656,,0.0,1.319122979547656,5.0619719143
102600,1.319127750141443,,0.0,1.319127750141443,5.0575047464
102605,1.3191325358304666,,0.0,1.3191325358304666,5.0408174113
102610,1.3191373326225984,,0.0,1.3191373326225984,5.0339919319
102615,1.3191421367752172,,0.0,1.3191421367752172,5.028886287
102620,1.3191469455437348,,0.0,1.3191469455437348,5.0191922928
102625,1.319151756557825,,0.0,1.319151756557825,5.0131113576
102630,1.319156568195685,,0.0,1.319156568195685,5.0188763996
102635,1.3191613794592831,,0.0,1.3191613794592831,5.0296784176
102640,1.319166189974357,,0.0,1.319166189974357,5.0418851463
102645,1.319171000364677,,0.0,1.319171000364677,5.0461763135
102650,1.3191758115035213,,0.0,1.3191758115035213,5.0495474213
102655,1.3191806251374456,,0.0,1.3191806251374456,5.061361109
102660,1.319185443512023,,0.0,1.319185443512023,5.072103742
102665,1.3191902694965956,,0.0,1.3191902694965956,5.0774519812
102670,1.3191951063347682,,0.0,1.3191951063347682,5.07792001
102675,1.3191999576444073,,0.0,1.3191999576444073,5.0708881865
102680,1.3192048277919035,,0.0,1.3192048277919035,5.0621523752
102685,1.3192097207693858,,0.0,1.3192097207693858,5.0595738394
102690,1.3192146410679988,,0.0,1.3192146410679988,5.0260857801
102695,1.3192195934283952,,0.0,1.3192195934283952,5.011358632
102700,1.3192245820922122,,0.0,1.3192245820922122,5.0122630453
102705,1.3192296111763322,,0.0,1.3192296111763322,5.0127878981
102710,1.3192346847976377,,0.0,1.3192346847976377,5.0124624141
102715,1.3192398061997335,,0.0,1.3192398061997335,5.0026475853
102720,1.3192449783767162,,0.0,1.3192449783767162,4.9982668706
102725,1.3192502036989122,,0.0,1.3192502036989122,4.9922769648
102730,1.3192554841623854,,0.0,1.3192554841623854,4.9889856795
102735,1.3192608206404146,,0.0,1.3192608206404146,4.9811908323
102740,1.3192662131329997,,0.0,1.3192662131329997,4.9690963653
102745,1.319271660642108,,0.0,1.319271660642108,4.961818678
102750,1.3192771609221674,,0.0,1.3192771609221674,4.961832514
102755,1.3192827107295737,,0.0,1.3192827107295737,4.9590452424
102760,1.3192883055731814,,0.0,1.3192883055731814,4.9550162343
102765,1.3192939399638144,,0.0,1.3192939399638144,4.9516682681
102770,1.3192996074142629,,0.0,1.3192996074142629,4.9492740714
102775,1.319305300813548,,0.0,1.319305300813548,4.9582431824
102780,1.319311010929872,,0.0,1.319311010929872,4.97341492
102785,1.319316727658159,,0.0,1.319316727658159,4.9843349038
102790,1.3193224398953014,,0.0,1.3193224398953014,4.9861331975
102795,1.3193281355401587,,0.0,1.3193281355401587,4.9774944758
102800,1.3193338018678211,,0.0,1.3193338018678211,4.9751668533
102805,1.319339425404854,,0.0,1.319339425404854,4.9667562897
102810,1.3193449926778233,,0.0,1.3193449926778233,4.9475351459
102815,1.3193504897142783,,0.0,1.3193504897142783,4.9360374372
102820,1.3193559020427525,,0.0,1.3193559020427525,4.925202574
102825,1.3193612151917795,,0.0,1.3193612151917795,4.924065331
102830,1.3193664148146471,,0.0,1.3193664148146471,4.9218668818
102835,1.3193714881864447,,0.0,1.3193714881864447,4.9182896095
102840,1.3193764269486528,,0.0,1.3193764269486528,4.9276716605
102845,1.3193812160060352,,0.0,1.3193812160060352,4.9476573688
102850,1.3193858400138465,,0.0,1.3193858400138465,4.9696822603
102855,1.3193902845006211,,0.0,1.3193902845006211,4.9919340942
102860,1.319394535369154,,0.0,1.319394535369154,5.0129676169
102865,1.3193985801440433,,0.0,1.3193985801440433,5.0248049794
102870,1.3194024069736567,,0.0,1.3194024069736567,5.0266907171
102875,1.3194060058776726,,0.0,1.3194060058776726,5.0253784543
102880,1.3194093681233094,,0.0,1.3194093681233094,5.0129524823
102885,1.3194124868490964,,0.0,1.3194124868490964,4.9952479469
102890,1.319415356940118,,0.0,1.319415356940118,4.9719456955
102895,1.319417975402278,,0.0,1.319417975402278,4.9481117279
102900,1.3194203412375438,,0.0,1.3194203412375438,4.9199472216
102905,1.3194224554439484,,0.0,1.3194224554439484,4.9081402986
102910,1.319424321140342,,0.0,1.319424321140342,4.9040074935
102915,1.3194259439406553,,0.0,1.3194259439406553,4.8916460822
102920,1.319427331205376,,0.0,1.319427331205376,4.8775451336
102925,1.319428492540563,,0.0,1.319428492540563,4.8636970588
102930,1.3194294395483412,,0.0,1.3194294395483412,4.8555644018
102935,1.3194301858268986,,0.0,1.3194301858268986,4.8463334545
102940,1.3194307465962258,,0.0,1.3194307465962258,4.8468199837
102945,1.319431138698116,,0.0,1.319431138698116,4.8571547765
102950,1.31943138047141,,0.0,1.31943138047141,4.866495169
102955,1.3194314916272432,,0.0,1.3194314916272432,4.8779074263
102960,1.3194314925005213,,0.0,1.3194314925005213,4.883096902
102965,1.319431404548936,,0.0,1.319431404548936,4.8823740491
102970,1.3194312496044411,,0.0,1.3194312496044411,4.8842066798
102975,1.3194310494989903,,0.0,1.3194310494989903,4.8926871095
102980,1.3194308263140457,,0.0,1.3194308263140457,4.9150006502
102985,1.3194306011330366,,0.0,1.3194306011330366,4.9380856699
102990,1.3194303947898849,,0.0,1.3194303947898849,4.9449397255
102995,1.319430227619496,,0.0,1.319430227619496,4.9517229639
103000,1.319430118584481,,0.0,1.319430118584481,4.9470123885
103005,1.3194300852751573,,0.0,1.3194300852751573,4.928741506
103010,1.3194301437847935,,0.0,1.3194301437847935,4.8999920694
103015,1.3194303083353478,,0.0,1.3194303083353478,4.8780883587
103020,1.3194305911527149,,0.0,1.3194305911527149,4.862597505
103025,1.3194310027162324,,0.0,1.3194310027162324,4.8474288695
103030,1.3194315510101573,,0.0,1.3194315510101573,4.8328550129
103035,1.3194322416484212,,0.0,1.3194322416484212,4.8169131668
103040,1.3194330783736443,,0.0,1.3194330783736443,4.7848662951
103045,1.3194340621838587,,0.0,1.3194340621838587,4.7691315937
103050,1.3194351919562788,,0.0,1.3194351919562788,4.7500504596
103055,1.3194364643225451,,0.0,1.3194364643225451,4.7341169211
103060,1.3194378735439733,,0.0,1.3194378735439733,4.7282666063
103065,1.3194394118858142,,0.0,1.3194394118858142,4.7303753224
103070,1.3194410692429916,,0.0,1.3194410692429916,4.7378575452
103075,1.3194428335143655,,0.0,1.3194428335143655,4.7529920078
103080,1.3194446913512554,,0.0,1.3194446913512554,4.7754401852
103085,1.3194466276584251,,0.0,1.3194466276584251,4.7898615746
103090,1.3194486265921137,,0.0,1.3194486265921137,4.7927009849
103095,1.3194506715600363,,0.0,1.3194506715600363,4.7737572066
103100,1.3194527452213838,,0.0,1.3194527452213838,4.7829723996
103105,1.3194548302353473,,0.0,1.3194548302353473,4.7885107844
103110,1.3194569095106257,,0.0,1.3194569095106257,4.7917160394
103115,1.3194589660806724,,0.0,1.3194589660806724,4.7897692741
103120,1.3194609832284478,,0.0,1.3194609832284478,4.7817509019
103125,1.319462944985438,,0.0,1.319462944985438,4.7711620592
103130,1.3194648362564059,,0.0,1.3194648362564059,4.7555216747
103135,1.3194666424451311,,0.0,1.3194666424451311,4.7415687641
103140,1.319468349579163,,0.0,1.319468349579163,4.740867144
103145,1.3194699448088374,,0.0,1.3194699448088374,4.7400579014
103150,1.3194714160330145,,0.0,1.3194714160330145,4.7574741761
103155,1.3194727522733403,,0.0,1.3194727522733403,4.7736800149
103160,1.3194739434247387,,0.0,1.3194739434247387,4.7819292324
103165,1.3194749806296746,,0.0,1.3194749806296746,4.7868218334
103170,1.3194758552801202,,0.0,1.3194758552801202,4.7903321988
103175,1.3194765598908345,,0.0,1.3194765598908345,4.7941765548
103180,1.3194770877250999,,0.0,1.3194770877250999,4.7940790174
103185,1.3194774332937398,,0.0,1.3194774332937398,4.7859242574
103190,1.3194775927293794,,0.0,1.3194775927293794,4.7840898207
103195,1.3194775636616922,,0.0,1.3194775636616922,4.7805321929
103200,1.3194773462154328,,0.0,1.3194773462154328,4.7806651435
103205,1.3194769418876486,,0.0,1.3194769418876486,4.7814612018
103210,1.3194763539219447,,0.0,1.3194763539219447,4.7874282486
103215,1.3194755931719209,,0.0,1.3194755931719209,4.8051379355
103220,1.3194746674970803,,0.0,1.3194746674970803,4.8295923879
103225,1.3194735821370922,,0.0,1.3194735821370922,4.8566405857
103230,1.3194723434544113,,0.0,1.3194723434544113,4.8785399679
103235,1.3194709588095253,,0.0,1.3194709588095253,4.8893344659
103240,1.3194694361866914,,0.0,1.3194694361866914,4.9002465872
103245,1.319467784568199,,0.0,1.319467784568199,4.9100979734
103250,1.319466013061092,,0.0,1.319466013061092,4.9140849595
103255,1.3194641311466755,,0.0,1.3194641311466755,4.9089175501
103260,1.319462148680518,,0.0,1.319462148680518,4.9054715125
103265,1.3194600757676946,,0.0,1.3194600757676946,4.9022689017
103270,1.3194579223885274,,0.0,1.3194579223885274,4.9051527882
103275,1.3194556983985837,,0.0,1.3194556983985837,4.9069813862
103280,1.3194534141524477,,0.0,1.3194534141524477,4.9058148449
103285,1.319451079131425,,0.0,1.319451079131425,4.9117930806
103290,1.319448703440591,,0.0,1.319448703440591,4.9370208332
103295,1.319446296436498,,0.0,1.319446296436498,4.9712367315
103300,1.3194438676004507,,0.0,1.3194438676004507,4.9993554271
103305,1.3194414260394933,,0.0,1.3194414260394933,5.0209104565
103310,1.3194389806111615,,0.0,1.3194389806111615,5.0433577889
103315,1.3194365397987282,,0.0,1.3194365397987282,5.0524644729
103320,1.3194341114616974,,0.0,1.3194341114616974,5.0501716912
103325,1.3194317032100638,,0.0,1.3194317032100638,5.041302972
103330,1.319429321905299,,0.0,1.319429321905299,5.0195684938
103335,1.3194269739098579,,0.0,1.3194269739098579,4.9873271566
103340,1.3194246642139014,,0.0,1.3194246642139014,4.9626495033
103345,1.3194223978075905,,0.0,1.3194223978075905,4.9479714494
103350,1.3194201779345296,,0.0,1.3194201779345296,4.9485799757
103355,1.3194180074640613,,0.0,1.3194180074640613,4.9523419298
103360,1.3194158878932338,,0.0,1.3194158878932338,4.9604498341
103365,1.3194138198458174,,0.0,1.3194138198458174,4.9588629816
103370,1.3194118030723039,,0.0,1.3194118030723039,4.9550302318
103375,1.3194098363251527,,0.0,1.3194098363251527,4.9514736654
103380,1.3194079174835462,,0.0,1.3194079174835462,4.9610559479
103385,1.3194060439276494,,0.0,1.3194060439276494,4.9699086306
103390,1.3194042121643497,,0.0,1.3194042121643497,4.9758636575
103395,1.3194024190747968,,0.0,1.3194024190747968,4.98952265
103400,1.3194006611658782,,0.0,1.3194006611658782,4.9988541655
103405,1.319398935318743,,0.0,1.319398935318743,5.0112361099
103410,1.3193972381650327,,0.0,1.3193972381650327,5.0177481129
103415,1.319395567209667,,0.0,1.319395567209667,5.0211753481
103420,1.3193939214546138,,0.0,1.3193939214546138,5.0305172878
103425,1.319392303270199,,0.0,1.319392303270199,5.0393319163
103430,1.319390710161343,,0.0,1.319390710161343,5.0420683574
103435,1.3193891401319808,,0.0,1.3193891401319808,5.038411263
103440,1.3193875920593265,,0.0,1.3193875920593265,5.040164731
103445,1.3193860659433798,,0.0,1.3193860659433798,5.0383344305
103450,1.3193845625326652,,0.0,1.3193845625326652,5.0238573959
103455,1.3193830831994768,,0.0,1.3193830831994768,5.0004282462
103460,1.3193816305636488,,0.0,1.3193816305636488,4.9926906229
103465,1.3193802079935402,,0.0,1.3193802079935402,4.9956261874
103470,1.3193788192317715,,0.0,1.3193788192317715,4.9925125695
103475,1.3193774668981773,,0.0,1.3193774668981773,4.9883423127
103480,1.3193761512422648,,0.0,1.3193761512422648,4.969331941
103485,1.3193748752581318,,0.0,1.3193748752581318,4.9396334469
103490,1.3193736444349544,,0.0,1.3193736444349544,4.9224063888
103495,1.3193724661332202,,0.0,1.3193724661332202,4.9012399596
103500,1.3193713488362024,,0.0,1.3193713488362024,4.8740543535
103505,1.319370301775699,,0.0,1.319370301775699,4.8510648683
103510,1.3193693338092451,,0.0,1.3193693338092451,4.82804128
103515,1.3193684526715903,,0.0,1.3193684526715903,4.8208347655
103520,1.3193676650994517,,0.0,1.3193676650994517,4.826774092
103525,1.3193669755839743,,0.0,1.3193669755839743,4.83503754
103530,1.319366386495484,,0.0,1.319366386495484,4.8445349404
103535,1.3193658977092273,,0.0,1.3193658977092273,4.8556950841
103540,1.3193655068548775,,0.0,1.3193655068548775,4.8580205668
103545,1.3193652089422738,,0.0,1.3193652089422738,4.8646093579
103550,1.3193649968604373,,0.0,1.3193649968604373,4.8675880953
103555,1.3193648612528157,,0.0,1.3193648612528157,4.8651775623
103560,1.3193647913905635,,0.0,1.3193647913905635,4.8633926196
103565,1.3193647746735246,,0.0,1.3193647746735246,4.8596052671
103570,1.3193647978777727,,0.0,1.3193647978777727,4.8521842853
103575,1.3193648467813492,,0.0,1.3193648467813492,4.8530814288
103580,1.3193649066632795,,0.0,1.3193649066632795,4.8571149642
103585,1.3193649625530812,,0.0,1.3193649625530812,4.8743128544
103590,1.3193649997297798,,0.0,1.3193649997297798,4.8929272621
103595,1.3193650032228923,,0.0,1.3193650032228923,4.9097945583
103600,1.3193649586857066,,0.0,1.3193649586857066,4.9258825157
103605,1.3193648522705261,,0.0,1.3193648522705261,4.9403804668
103610,1.3193646706286708,,0.0,1.3193646706286708,4.9419202676
103615,1.319364401659,,0.0,1.319364401659,4.9444448805
103620,1.3193640337593904,,0.0,1.3193640337593904,4.9468735534
103625,1.3193635571990276,,0.0,1.3193635571990276,4.9401826971
103630,1.3193629632451307,,0.0,1.3193629632451307,4.9315576347
103635,1.3193622452857363,,0.0,1.3193622452857363,4.9253355395
103640,1.3193613983306833,,0.0,1.3193613983306833,4.9238094357
103645,1.3193604198848918,,0.0,1.3193604198848918,4.9187362766
103650,1.3193593094493454,,0.0,1.3193593094493454,4.9139286329
103655,1.3193580691448623,,0.0,1.3193580691448623,4.9191705994
103660,1.3193567037120955,,0.0,1.3193567037120955,4.9486324169
103665,1.3193552203867784,,0.0,1.3193552203867784,4.9793995141
103670,1.3193536293987405,,0.0,1.3193536293987405,4.9964603984
103675,1.3193519382332233,,0.0,1.3193519382332233,5.0123521377
103680,1.3193501628587416,,0.0,1.3193501628587416,5.0213012733
103685,1.3193483224874145,,0.0,1.3193483224874145,5.031081444
103690,1.3193464375789017,,0.0,1.3193464375789017,5.0415240473
103695,1.319344529590895,,0.0,1.319344529590895,5.0476109807
103700,1.3193426206048557,,0.0,1.3193426206048557,5.0437474926
103705,1.3193407333260168,,0.0,1.3193407333260168,5.0364863376
103710,1.3193388928299357,,0.0,1.3193388928299357,5.0334546363
103715,1.3193371184534861,,0.0,1.3193371184534861,5.0270325939
103720,1.3193354267889528,,0.0,1.3193354267889528,5.0180690946
103725,1.3193338310602623,,0.0,1.3193338310602623,5.0099318195
103730,1.3193323411229818,,0.0,1.3193323411229818,5.0071993467
103735,1.319330962840551,,0.0,1.319330962840551,5.0284839532
103740,1.3193296973357556,,0.0,1.3193296973357556,5.0621584965
103745,1.3193285413649911,,0.0,1.3193285413649911,5.0954671785
103750,1.3193274873182623,,0.0,1.3193274873182623,5.1283566971
103755,1.3193265232191833,,0.0,1.3193265232191833,5.1579500805
103760,1.3193256334735008,,0.0,1.3193256334735008,5.1802664659
103765,1.319324798245326,,0.0,1.319324798245326,5.1902060781
103770,1.319323995453197,,0.0,1.319323995453197,5.1976666595
103775,1.3193232016433574,,0.0,1.3193232016433574,5.1909288146
103780,1.3193223903679547,,0.0,1.3193223903679547,5.1725873579
103785,1.3193215299394676,,0.0,1.3193215299394676,5.1480174569
103790,1.3193205964051238,,0.0,1.3193205964051238,5.1262565889
103795,1.319319565812151,,0.0,1.319319565812151,5.1033213147
103800,1.3193184149563015,,0.0,1.3193184149563015,5.0984387081
103805,1.3193171226293914,,0.0,1.3193171226293914,5.1090603812
103810,1.3193156703678257,,0.0,1.3193156703678257,5.1155288707
103815,1.3193140429516137,,0.0,1.3193140429516137,5.1182455901
103820,1.319312228653877,,0.0,1.319312228653877,5.1196850805
103825,1.319310220238883,,0.0,1.319310220238883,5.1286106963
103830,1.3193080139640105,,0.0,1.3193080139640105,5.1366414283
103835,1.3193056100787677,,0.0,1.3193056100787677,5.1405294748
103840,1.3193030069613523,,0.0,1.3193030069613523,5.1453400617
103845,1.319300213219792,,0.0,1.319300213219792,5.1569110215
103850,1.319297244198831,,0.0,1.319297244198831,5.1741767467
103855,1.3192941192353433,,0.0,1.3192941192353433,5.1824455397
103860,1.3192908597870205,,0.0,1.3192908597870205,5.1798639778
103865,1.3192874888086021,,0.0,1.3192874888086021,5.1874678486
103870,1.3192840308766307,,0.0,1.3192840308766307,5.1916564129
103875,1.3192805119399424,,0.0,1.3192805119399424,5.2010214032
103880,1.3192769588206525,,0.0,1.3192769588206525,5.198383729
103885,1.3192733990893992,,0.0,1.3192733990893992,5.1878415884
103890,1.3192698591940357,,0.0,1.3192698591940357,5.182545598
103895,1.3192663643348739,,0.0,1.3192663643348739,5.1770035693
103900,1.319262939337964,,0.0,1.319262939337964,5.1672849567
103905,1.3192596076570624,,0.0,1.3192596076570624,5.1503684753
103910,1.3192563903755985,,0.0,1.3192563903755985,5.139191057
103915,1.31925330633143,,0.0,1.31925330633143,5.1359381135
103920,1.3192503712435633,,0.0,1.3192503712435633,5.1310409581
103925,1.3192475993339565,,0.0,1.3192475993339565,5.1163997789
103930,1.3192449992106379,,0.0,1.3192449992106379,5.0954644382
103935,1.3192425739924574,,0.0,1.3192425739924574,5.0711383547
103940,1.319240323055645,,0.0,1.319240323055645,5.0467179066
103945,1.3192382419090563,,0.0,1.3192382419090563,5.0252295178
103950,1.3192363220694174,,0.0,1.3192363220694174,4.9995810997
103955,1.3192345516850965,,0.0,1.3192345516850965,4.9928430722
103960,1.319232916035119,,0.0,1.319232916035119,4.9948688222
103965,1.3192313974044139,,0.0,1.3192313974044139,4.9860687168
103970,1.3192299758323374,,0.0,1.3192299758323374,4.9770601678
103975,1.319228629985952,,0.0,1.319228629985952,4.98560772
103980,1.3192273370352718,,0.0,1.3192273370352718,4.9917872792
103985,1.319226073900803,,0.0,1.319226073900803,4.9899322046
103990,1.319224818501083,,0.0,1.319224818501083,4.9841827265
103995,1.3192235496279292,,0.0,1.3192235496279292,4.9983379802
104000,1.319222244825617,,0.0,1.319222244825617,5.0075384946
104005,1.319220882885963,,0.0,1.319220882885963,5.0213993782
104010,1.3192194444720937,,0.0,1.3192194444720937,5.0312853987
104015,1.319217911993692,,0.0,1.319217911993692,5.0325297538
104020,1.3192162704802755,,0.0,1.3192162704802755,5.0397762438
104025,1.3192145068326715,,0.0,1.3192145068326715,5.0645976745
104030,1.3192126108210507,,0.0,1.3192126108210507,5.0877567253
104035,1.3192105740868938,,0.0,1.3192105740868938,5.1124350408
104040,1.3192083912657773,,0.0,1.3192083912657773,5.1377538532
104045,1.319206058864589,,0.0,1.319206058864589,5.1598772944
104050,1.3192035758852965,,0.0,1.3192035758852965,5.1564763827
104055,1.31920094295167,,0.0,1.31920094295167,5.1599291872
104060,1.3191981626835438,,0.0,1.3191981626835438,5.1667520935
104065,1.319195238823539,,0.0,1.319195238823539,5.1693594411
104070,1.3191921762370622,,0.0,1.3191921762370622,5.1580563733
104075,1.3191889816608304,,0.0,1.3191889816608304,5.1315224808
104080,1.3191856625800849,,0.0,1.3191856625800849,5.1093540351
104085,1.3191822277276075,,0.0,1.3191822277276075,5.0923427166
104090,1.3191786873332276,,0.0,1.3191786873332276,5.0798377739
104095,1.3191750522505454,,0.0,1.3191750522505454,5.0738979009
104100,1.319171334455947,,0.0,1.319171334455947,5.0802158118
104105,1.3191675464248342,,0.0,1.3191675464248342,5.1128714824
104110,1.3191637011316255,,0.0,1.3191637011316255,5.1477915943
104115,1.3191598115507392,,0.0,1.3191598115507392,5.1757124853
104120,1.3191558910308556,,0.0,1.3191558910308556,5.2020958824
104125,1.3191519524216386,,0.0,1.3191519524216386,5.2210676379
104130,1.319148008323245,,0.0,1.319148008323245,5.2317434907
104135,1.3191440705873063,,0.0,1.3191440705873063,5.2380013141
104140,1.3191401506911928,,0.0,1.3191401506911928,5.2465652082
104145,1.319136258864734,,0.0,1.319136258864734,5.2491113506
104150,1.3191324047139898,,0.0,1.3191324047139898,5.2441395447
104155,1.3191285967222337,,0.0,1.3191285967222337,5.2341821771
104160,1.3191248415014287,,0.0,1.3191248415014287,5.2224706504
104165,1.319121145164522,,0.0,1.319121145164522,5.209932708
104170,1.3191175120779042,,0.0,1.3191175120779042,5.2011455842
104175,1.3191139454851797,,0.0,1.3191139454851797,5.1993271498
104180,1.319110447631921,,0.0,1.319110447631921,5.2148370851
104185,1.319107019391407,,0.0,1.319107019391407,5.2389696567
104190,1.3191036607636366,,0.0,1.3191036607636366,5.2676020115
104195,1.3191003706258244,,0.0,1.3191003706258244,5.302849135
104200,1.3190971469819055,,0.0,1.3190971469819055,5.3323515588
104205,1.3190939877110617,,0.0,1.3190939877110617,5.3570592773
104210,1.3190908894449347,,0.0,1.3190908894449347,5.3693299263
104215,1.3190878483161494,,0.0,1.3190878483161494,5.3693667453
104220,1.3190848599583154,,0.0,1.3190848599583154,5.3597204172
104225,1.3190819198802877,,0.0,1.3190819198802877,5.3397568064
104230,1.3190790229671514,,0.0,1.3190790229671514,5.3084018554
104235,1.3190761641039919,,0.0,1.3190761641039919,5.2707222648
104240,1.31907333805114,,0.0,1.31907333805114,5.2576701807
104245,1.3190705399431888,,0.0,1.3190705399431888,5.2580467569
104250,1.3190677647899776,,0.0,1.3190677647899776,5.2617396158
104255,1.3190650081003616,,0.0,1.3190650081003616,5.2644764736
104260,1.3190622655079502,,0.0,1.3190622655079502,5.2703502803
104265,1.3190595330206145,,0.0,1.3190595330206145,5.2696248328
104270,1.319056807269996,,0.0,1.319056807269996,5.2687647029
104275,1.319054084638228,,0.0,1.319054084638228,5.2779920288
104280,1.319051362255968,,0.0,1.319051362255968,5.2771875792
104285,1.3190486378776436,,0.0,1.3190486378776436,5.2818625304
104290,1.3190459093824367,,0.0,1.3190459093824367,5.2978789815
104295,1.3190431751485447,,0.0,1.3190431751485447,5.3053334925
104300,1.3190404338036732,,0.0,1.3190404338036732,5.3036162156
104305,1.3190376848488068,,0.0,1.3190376848488068,5.3003791498
104310,1.3190349277849287,,0.0,1.3190349277849287,5.3156801109
104315,1.3190321638595797,,0.0,1.3190321638595797,5.3448745444
104320,1.3190293931975132,,0.0,1.3190293931975132,5.3687047967
104325,1.3190266161729918,,0.0,1.3190266161729918,5.3846374937
104330,1.3190238335345394,,0.0,1.3190238335345394,5.3998129838
104335,1.3190210462801881,,0.0,1.3190210462801881,5.418769511
104340,1.3190182559069865,,0.0,1.3190182559069865,5.4323179539
104345,1.3190154637872282,,0.0,1.3190154637872282,5.4314082778
104350,1.3190126717922246,,0.0,1.3190126717922246,5.4196715425
104355,1.319009881918039,,0.0,1.319009881918039,5.3990298224
104360,1.3190070960359819,,0.0,1.3190070960359819,5.3843304738
104365,1.3190043163916259,,0.0,1.3190043163916259,5.371604573
104370,1.3190015451057895,,0.0,1.3190015451057895,5.3524573184
104375,1.3189987842992907,,0.0,1.3189987842992907,5.3247166802
104380,1.3189960362177024,,0.0,1.3189960362177024,5.3048486941
104385,1.3189933027323344,,0.0,1.3189933027323344,5.2888332388
104390,1.3189905858392514,,0.0,1.3189905858392514,5.2735088558
104395,1.3189878874097638,,0.0,1.3189878874097638,5.2502622561
104400,1.3189852090656733,,0.0,1.3189852090656733,5.2249928836
104405,1.3189825520545206,,0.0,1.3189825520545206,5.2003136413
104410,1.318979917374338,,0.0,1.318979917374338,5.1940293998
104415,1.318977306023157,,0.0,1.318977306023157,5.1984160141
104420,1.3189747182504865,,0.0,1.3189747182504865,5.2043346677
104425,1.31897215418108,,0.0,1.31897215418108,5.211853651
104430,1.3189696134406754,,0.0,1.3189696134406754,5.21610249
104435,1.3189670950312409,,0.0,1.3189670950312409,5.2112383993
104440,1.318964597705236,,0.0,1.318964597705236,5.221484183
104445,1.3189621204646287,,0.0,1.3189621204646287,5.2314568131
104450,1.3189596618123705,,0.0,1.3189596618123705,5.2370990078
104455,1.3189572198771509,,0.0,1.3189572198771509,5.2403632827
104460,1.31895479216389,,0.0,1.31895479216389,5.258686674
104465,1.3189523764270152,,0.0,1.3189523764270152,5.285422823
104470,1.318949970046692,,0.0,1.318949970046692,5.3088307644
104475,1.3189475704030862,,0.0,1.3189475704030862,5.3267791842
104480,1.318945175500133,,0.0,1.318945175500133,5.3375887027
104485,1.318942782842752,,0.0,1.318942782842752,5.3524689112
104490,1.3189403905596333,,0.0,1.3189403905596333,5.3707532397
104495,1.3189379969042203,,0.0,1.3189379969042203,5.3655001446
104500,1.3189356002547108,,0.0,1.3189356002547108,5.3648543459
104505,1.3189331994883187,,0.0,1.3189331994883187,5.3637283538
104510,1.3189307941060275,,0.0,1.3189307941060275,5.3519220578
104515,1.3189283836088217,,0.0,1.3189283836088217,5.3380065395
104520,1.318925968495717,,0.0,1.318925968495717,5.3197722658
104525,1.3189235487667135,,0.0,1.3189235487667135,5.2946404733
104530,1.3189211245465653,,0.0,1.3189211245465653,5.2715223895
104535,1.3189186962095343,,0.0,1.3189186962095343,5.2647806693
104540,1.3189162648784067,,0.0,1.3189162648784067,5.2602740909
104545,1.318913831800723,,0.0,1.318913831800723,5.2690194886
104550,1.318911398473531,,0.0,1.318911398473531,5.2768328758
104555,1.3189089670176497,,0.0,1.3189089670176497,5.2960519935
104560,1.318906539803405,,0.0,1.318906539803405,5.3174427432
104565,1.318904119450631,,0.0,1.318904119450631,5.3424959274
104570,1.3189017088286714,,0.0,1.3189017088286714,5.3669267497
104575,1.3188993111811298,,0.0,1.3188993111811298,5.3812149681
104580,1.3188969298763649,,0.0,1.3188969298763649,5.3833035448
104585,1.3188945690312595,,0.0,1.3188945690312595,5.3818927378
104590,1.3188922318894185,,0.0,1.3188922318894185,5.3725106855
104595,1.3188899219439538,,0.0,1.3188899219439538,5.3615484032
104600,1.3188876426879788,,0.0,1.3188876426879788,5.342176066
104605,1.3188853973650976,,0.0,1.3188853973650976,5.321449232
104610,1.3188831889694066,,0.0,1.3188831889694066,5.3018936442
104615,1.3188810204950026,,0.0,1.3188810204950026,5.2930788306
104620,1.318878894187458,,0.0,1.318878894187458,5.2911416834
104625,1.3188768125418533,,0.0,1.3188768125418533,5.3183328161
104630,1.3188747770552363,,0.0,1.3188747770552363,5.3488311557
104635,1.3188727892246557,,0.0,1.3188727892246557,5.3789514616
104640,1.3188708499233894,,0.0,1.3188708499233894,5.4131487903
104645,1.3188689594009457,,0.0,1.3188689594009457,5.4451103672
104650,1.3188671172830622,,0.0,1.3188671172830622,5.4721689952
104655,1.3188653229459693,,0.0,1.3188653229459693,5.4886675291
104660,1.31886357464311,,0.0,1.31886357464311,5.4962271151
104665,1.318861870627929,,0.0,1.318861870627929,5.493643849
104670,1.3188602081558367,,0.0,1.3188602081558367,5.4795350881
104675,1.318858583983229,,0.0,1.318858583983229,5.4605632606
104680,1.3188569943674853,,0.0,1.3188569943674853,5.436988104
104685,1.318855435191723,,0.0,1.318855435191723,5.4114614678
104690,1.3188539014657812,,0.0,1.3188539014657812,5.3978153107
104695,1.3188523883242529,,0.0,1.3188523883242529,5.3917625515
104700,1.318850890277961,,0.0,1.318850890277961,5.3933088474
104705,1.318849401588221,,0.0,1.318849401588221,5.3911682906
104710,1.3188479162668396,,0.0,1.3188479162668396,5.3891016015
104715,1.3188464285751316,,0.0,1.3188464285751316,5.3902149622
104720,1.3188449324001503,,0.0,1.3188449324001503,5.3983388854
104725,1.3188434222527183,,0.0,1.3188434222527183,5.3984573313
104730,1.3188418922693972,,0.0,1.3188418922693972,5.3920512773
104735,1.3188403374600255,,0.0,1.3188403374600255,5.4032603119
104740,1.318838752959197,,0.0,1.318838752959197,5.4145333048
104745,1.3188371347747823,,0.0,1.3188371347747823,5.415075744
104750,1.3188354792889154,,0.0,1.3188354792889154,5.4109817951
104755,1.3188337837570074,,0.0,1.3188337837570074,5.4169760221
104760,1.318832046307748,,0.0,1.318832046307748,5.441361986
104765,1.3188302658183517,,0.0,1.3188302658183517,5.4692691792
104770,1.3188284422888175,,0.0,1.3188284422888175,5.4956008455
104775,1.3188265763429161,,0.0,1.3188265763429161,5.5242013542
104780,1.3188246698519575,,0.0,1.3188246698519575,5.5399237554
104785,1.3188227255605303,,0.0,1.3188227255605303,5.5569008218
104790,1.3188207469617472,,0.0,1.3188207469617472,5.5647026669
104795,1.3188187384219991,,0.0,1.3188187384219991,5.5611799122
104800,1.3188167059294789,,0.0,1.3188167059294789,5.5460850368
104805,1.318814654973363,,0.0,1.318814654973363,5.5225251065
104810,1.3188125920408615,,0.0,1.3188125920408615,5.4956498461
104815,1.3188105236191832,,0.0,1.3188105236191832,5.4656369138
104820,1.3188084566945526,,0.0,1.3188084566945526,5.4402995969
104825,1.3188063985027039,,0.0,1.3188063985027039,5.4232638433
104830,1.318804356029862,,0.0,1.318804356029862,5.4038298846
104835,1.3188023361374976,,0.0,1.3188023361374976,5.3771008517
104840,1.3188003454375745,,0.0,1.3188003454375745,5.3534178487
104845,1.3187983897935314,,0.0,1.3187983897935314,5.3328630381
104850,1.3187964743202834,,0.0,1.3187964743202834,5.3107012008
104855,1.3187946032594668,,0.0,1.3187946032594668,5.3045955533
104860,1.3187927799794408,,0.0,1.3187927799794408,5.3016543276
104865,1.3187910062267614,,0.0,1.3187910062267614,5.3083873569
104870,1.3187892831242147,,0.0,1.3187892831242147,5.3138983173
104875,1.3187876099232765,,0.0,1.3187876099232765,5.320898006
104880,1.3187859846278829,,0.0,1.3187859846278829,5.3272913418
104885,1.3187844037449208,,0.0,1.3187844037449208,5.3369398913
104890,1.3187828625337374,,0.0,1.3187828625337374,5.3438511093
104895,1.31878135500614,,0.0,1.31878135500614,5.3313752137
104900,1.3187798736768872,,0.0,1.3187798736768872,5.3100864989
104905,1.3187784100627056,,0.0,1.3187784100627056,5.308828974
104910,1.3187769545575352,,0.0,1.3187769545575352,5.3225185567
104915,1.3187754966820386,,0.0,1.3187754966820386,5.3343709563
104920,1.3187740255826157,,0.0,1.3187740255826157,5.3405520111
104925,1.3187725297818962,,0.0,1.3187725297818962,5.3373759978
104930,1.3187709978025104,,0.0,1.3187709978025104,5.3371377502
104935,1.3187694182918428,,0.0,1.3187694182918428,5.3490557689
104940,1.318767780271539,,0.0,1.318767780271539,5.3425682164
104945,1.3187660737612767,,0.0,1.3187660737612767,5.326836654
104950,1.3187642895292595,,0.0,1.3187642895292595,5.3146076283
104955,1.3187624194664753,,0.0,1.3187624194664753,5.3000936914
104960,1.3187604587075175,,0.0,1.3187604587075175,5.2863711841
104965,1.3187584025117332,,0.0,1.3187584025117332,5.2728654713
104970,1.3187562463879772,,0.0,1.3187562463879772,5.2619582545
104975,1.3187539875916616,,0.0,1.3187539875916616,5.2462948231
104980,1.318751625,,0.0,1.318751625,5.2252240981
104985,1.3187491593615166,,0.0,1.3187491593615166,5.2113723906
104990,1.3187465926722757,,0.0,1.3187465926722757,5.2001330254
104995,1.3187439287996519,,0.0,1.3187439287996519,5.1974477185
105000,1.3187411727338059,,0.0,1.3187411727338059,5.2115326611
105005,1.318738329963915,,0.0,1.318738329963915,5.2259846338
105010,1.318735409721777,,0.0,1.318735409721777,5.2367173523
105015,1.3187324191183702,,0.0,1.3187324191183702,5.2433218045
105020,1.3187293675102474,,0.0,1.3187293675102474,5.2424915893
105025,1.3187262645034674,,0.0,1.3187262645034674,5.2461637605
105030,1.3187231202031062,,0.0,1.3187231202031062,5.2463839036
105035,1.3187199450885019,,0.0,1.3187199450885019,5.2320151906
105040,1.318716750013254,,0.0,1.318716750013254,5.2185106807
105045,1.3187135455814545,,0.0,1.3187135455814545,5.2044287536
105050,1.3187103422724409,,0.0,1.3187103422724409,5.1812083151
105055,1.3187071501912895,,0.0,1.3187071501912895,5.160307694
105060,1.3187039785697978,,0.0,1.3187039785697978,5.1474724945
105065,1.3187008358912389,,0.0,1.3187008358912389,5.1469054621
105070,1.3186977296408544,,0.0,1.3186977296408544,5.1612831422
105075,1.3186946659315915,,0.0,1.3186946659315915,5.1795075988
105080,1.3186916498783643,,0.0,1.3186916498783643,5.199373393
105085,1.3186886844752703,,0.0,1.3186886844752703,5.2320136804
105090,1.3186857709698494,,0.0,1.3186857709698494,5.2657594601
105095,1.3186829087383312,,0.0,1.3186829087383312,5.2898355157
105100,1.3186800950361273,,0.0,1.3186800950361273,5.3031197112
105105,1.318677324873077,,0.0,1.318677324873077,5.3051919287
105110,1.3186745916372171,,0.0,1.3186745916372171,5.2988959696
105115,1.3186718867205203,,0.0,1.3186718867205203,5.2824310245
105120,1.3186692001426643,,0.0,1.3186692001426643,5.2669875224
105125,1.3186665203015258,,0.0,1.3186665203015258,5.2516053722
105130,1.3186638343474402,,0.0,1.3186638343474402,5.2425477135
105135,1.3186611290564811,,0.0,1.3186611290564811,5.235582741
105140,1.3186583909552145,,0.0,1.3186583909552145,5.2278928285
105145,1.3186556063206978,,0.0,1.3186556063206978,5.2160091079
105150,1.3186527624280207,,0.0,1.3186527624280207,5.2163758037
105155,1.3186498474255512,,0.0,1.3186498474255512,5.2191580428
105160,1.318646850958706,,0.0,1.318646850958706,5.2291248375
105165,1.3186437646689648,,0.0,1.3186437646689648,5.2335921352
105170,1.3186405820691192,,0.0,1.3186405820691192,5.2327616472
105175,1.3186372992917939,,0.0,1.3186372992917939,5.2466042308
105180,1.3186339152142033,,0.0,1.3186339152142033,5.2799108195
105185,1.3186304310838872,,0.0,1.3186304310838872,5.3022777165
105190,1.3186268508929744,,0.0,1.3186268508929744,5.315986096
105195,1.3186231816276903,,0.0,1.3186231816276903,5.3260304111
105200,1.3186194330188485,,0.0,1.3186194330188485,5.3469663605
105205,1.3186156165438188,,0.0,1.3186156165438188,5.3836636772
105210,1.3186117453017736,,0.0,1.3186117453017736,5.4256583003
105215,1.3186078337641798,,0.0,1.3186078337641798,5.4579078597
105220,1.3186038978995511,,0.0,1.3186038978995511,5.4765882544
105225,1.3185999544249276,,0.0,1.3185999544249276,5.4886928273
105230,1.3185960203068554,,0.0,1.3185960203068554,5.4956134328
105235,1.3185921127613902,,0.0,1.3185921127613902,5.4958711264
105240,1.3185882485055702,,0.0,1.3185882485055702,5.4918007033
105245,1.3185844437574188,,0.0,1.3185844437574188,5.4734709672
105250,1.31858071323791,,0.0,1.31858071323791,5.4486058456
105255,1.3185770709194946,,0.0,1.3185770709194946,5.4315643539
105260,1.3185735286538043,,0.0,1.3185735286538043,5.4106566826
105265,1.3185700969201775,,0.0,1.3185700969201775,5.3966750851
105270,1.318566783952379,,0.0,1.318566783952379,5.388089598
105275,1.3185635958633564,,0.0,1.3185635958633564,5.36237401
105280,1.318560536645238,,0.0,1.318560536645238,5.3418744598
105285,1.3185576079198262,,0.0,1.3185576079198262,5.3257195825
105290,1.3185548086890888,,0.0,1.3185548086890888,5.3147291958
105295,1.3185521358341756,,0.0,1.3185521358341756,5.3059762379
105300,1.3185495837411552,,0.0,1.3185495837411552,5.3039936919
105305,1.3185471443010162,,0.0,1.3185471443010162,5.310017354
105310,1.3185448072839292,,0.0,1.3185448072839292,5.3154737558
105315,1.3185425602144916,,0.0,1.3185425602144916,5.3172361154
105320,1.318540388621237,,0.0,1.318540388621237,5.3150879254
105325,1.3185382759118807,,0.0,1.3185382759118807,5.327246786
105330,1.3185362028743033,,0.0,1.3185362028743033,5.3413444283
105335,1.318534146553765,,0.0,1.318534146553765,5.3487884748
105340,1.318532082872739,,0.0,1.318532082872739,5.3484727122
105345,1.3185299873794376,,0.0,1.3185299873794376,5.3553647368
105350,1.3185278353725647,,0.0,1.3185278353725647,5.364702135
105355,1.3185256027745937,,0.0,1.3185256027745937,5.3762127569
105360,1.3185232655079984,,0.0,1.3185232655079984,5.396899336
105365,1.3185208002437772,,0.0,1.3185208002437772,5.410695424
105370,1.3185181836529276,,0.0,1.3185181836529276,5.4190591839
105375,1.3185153939034957,,0.0,1.3185153939034957,5.4305960295
105380,1.3185124105358226,,0.0,1.3185124105358226,5.4375863484
105385,1.3185092154605746,,0.0,1.3185092154605746,5.4225458266
105390,1.3185057922102212,,0.0,1.3185057922102212,5.3866302417
105395,1.3185021265628036,,0.0,1.3185021265628036,5.3778862608
105400,1.3184982065419362,,0.0,1.3184982065419362,5.3701279009
105405,1.3184940222920507,,0.0,1.3184940222920507,5.3567377927
105410,1.3184895665774143,,0.0,1.3184895665774143,5.3324421981
105415,1.318484834407866,,0.0,1.318484834407866,5.3086966425
105420,1.318479823038817,,0.0,1.318479823038817,5.2841308953
105425,1.3184745320960056,,0.0,1.3184745320960056,5.2546016814
105430,1.3184689635754965,,0.0,1.3184689635754965,5.2231761223
105435,1.3184631214694176,,0.0,1.3184631214694176,5.1949219576
105440,1.3184570123897326,,0.0,1.3184570123897326,5.1885832744
105445,1.3184506448197146,,0.0,1.3184506448197146,5.1914732863
105450,1.3184440294882096,,0.0,1.3184440294882096,5.1944724769
105455,1.3184371793696361,,0.0,1.3184371793696361,5.1934346283
105460,1.3184301094344766,,0.0,1.3184301094344766,5.1891437183
105465,1.3184228365245236,,0.0,1.3184228365245236,5.1832279606
105470,1.3184153796023887,,0.0,1.3184153796023887,5.1667903078
105475,1.3184077595019938,,0.0,1.3184077595019938,5.1517016389
105480,1.3183999985543082,,0.0,1.3183999985543082,5.1494734651
105485,1.3183921209616125,,0.0,1.3183921209616125,5.1449069583
105490,1.3183841517994652,,0.0,1.3183841517994652,5.1429424266
105495,1.318376117515718,,0.0,1.318376117515718,5.1393579439
105500,1.3183680450572406,,0.0,1.3183680450572406,5.1354942412
105505,1.3183599618699173,,0.0,1.3183599618699173,5.134007656
105510,1.3183518950253708,,0.0,1.3183518950253708,5.1350711933
105515,1.3183438714704698,,0.0,1.3183438714704698,5.1503014338
105520,1.3183359170292968,,0.0,1.3183359170292968,5.1652457294
105525,1.3183280561536401,,0.0,1.3183280561536401,5.1868369786
105530,1.3183203117982394,,0.0,1.3183203117982394,5.2168070654
105535,1.3183127044227545,,0.0,1.3183127044227545,5.246358342
105540,1.3183052523660266,,0.0,1.3183052523660266,5.2698627971
105545,1.3182979714718164,,0.0,1.3182979714718164,5.2869165568
105550,1.3182908744650341,,0.0,1.3182908744650341,5.3005009516
105555,1.3182839714507553,,0.0,1.3182839714507553,5.3050223284
105560,1.3182772696647134,,0.0,1.3182772696647134,5.2926150546
105565,1.318270773348545,,0.0,1.318270773348545,5.2735159274
105570,1.318264483999299,,0.0,1.318264483999299,5.2506026355
105575,1.3182584007436962,,0.0,1.3182584007436962,5.2265808713
105580,1.3182525200886246,,0.0,1.3182525200886246,5.2069943441
105585,1.318246834798351,,0.0,1.318246834798351,5.1822564343
105590,1.3182413343935375,,0.0,1.3182413343935375,5.1547680234
105595,1.318236007521568,,0.0,1.318236007521568,5.1495423216
105600,1.3182308422060565,,0.0,1.3182308422060565,5.1513961636
105605,1.318225826595371,,0.0,1.318225826595371,5.1687843169
105610,1.3182209485883711,,0.0,1.3182209485883711,5.1822063181
105615,1.3182161967076873,,0.0,1.3182161967076873,5.1958038892
105620,1.3182115598502118,,0.0,1.3182115598502118,5.2294981185
105625,1.31820702766136,,0.0,1.31820702766136,5.2698381763
105630,1.3182025904103187,,0.0,1.3182025904103187,5.3090038684
105635,1.3181982391147982,,0.0,1.3181982391147982,5.336290001
105640,1.3181939655410333,,0.0,1.3181939655410333,5.3417599888
105645,1.3181897619542748,,0.0,1.3181897619542748,5.3584738761
105650,1.3181856216178047,,0.0,1.3181856216178047,5.3718991966
105655,1.3181815380444148,,0.0,1.3181815380444148,5.3923581006
105660,1.3181775053706657,,0.0,1.3181775053706657,5.4059939916
105665,1.3181735182321344,,0.0,1.3181735182321344,5.4120079434
105670,1.3181695713891521,,0.0,1.3181695713891521,5.4141041348
105675,1.3181656599763123,,0.0,1.3181656599763123,5.4050462266
105680,1.3181617788786995,,0.0,1.3181617788786995,5.3936064786
105685,1.318157923979431,,0.0,1.318157923979431,5.3866487017
105690,1.3181540911616245,,0.0,1.3181540911616245,5.3753028253
105695,1.3181502768074134,,0.0,1.3181502768074134,5.3776874861
105700,1.3181464776731926,,0.0,1.3181464776731926,5.3737073564
105705,1.3181426906401121,,0.0,1.3181426906401121,5.3698567307
105710,1.3181389130883372,,0.0,1.3181389130883372,5.3581139024
105715,1.3181351428970496,,0.0,1.3181351428970496,5.3594295549
105720,1.3181313781949389,,0.0,1.3181313781949389,5.3453779355
105725,1.318127617484957,,0.0,1.318127617484957,5.3251217218
105730,1.3181238601433336,,0.0,1.3181238601433336,5.2979128902
105735,1.3181201057958067,,0.0,1.3181201057958067,5.2763111528
105740,1.3181163545671304,,0.0,1.3181163545671304,5.2671536769
105745,1.3181126072058287,,0.0,1.3181126072058287,5.2569683336
105750,1.318108865333704,,0.0,1.318108865333704,5.2500858331
105755,1.3181051305725584,,0.0,1.3181051305725584,5.2429566778
105760,1.3181014055422267,,0.0,1.3181014055422267,5.2404834429
105765,1.3180976932368051,,0.0,1.3180976932368051,5.2450423526
105770,1.3180939973989143,,0.0,1.3180939973989143,5.2580015066
105775,1.3180903218959292,,0.0,1.3180903218959292,5.2749778713
105780,1.3180866712189945,,0.0,1.3180866712189945,5.2825476657
105785,1.3180830502335164,,0.0,1.3180830502335164,5.2803743032
105790,1.3180794640544107,,0.0,1.3180794640544107,5.2812344465
105795,1.3180759180461,,0.0,1.3180759180461,5.2962501288
105800,1.3180724178225152,,0.0,1.3180724178225152,5.3038021065
105805,1.3180689691223413,,0.0,1.3180689691223413,5.3086692024
105810,1.3180655774347554,,0.0,1.3180655774347554,5.3101177462
105815,1.3180622481241802,,0.0,1.3180622481241802,5.3118706147
105820,1.3180589865550387,,0.0,1.3180589865550387,5.3175683807
105825,1.318055797717492,,0.0,1.318055797717492,5.3415661853
105830,1.3180526859779305,,0.0,1.3180526859779305,5.3552006228
105835,1.3180496567007773,,0.0,1.3180496567007773,5.3636606513
105840,1.3180467148761934,,0.0,1.3180467148761934,5.3547294535
105845,1.318043862125981,,0.0,1.318043862125981,5.3448868202
105850,1.3180410993234177,,0.0,1.3180410993234177,5.3342999008
105855,1.3180384263437503,,0.0,1.3180384263437503,5.3183525055
105860,1.3180358424384544,,0.0,1.3180358424384544,5.3038749723
105865,1.3180333461104816,,0.0,1.3180333461104816,5.2867994475
105870,1.3180309351142596,,0.0,1.3180309351142596,5.2679046982
105875,1.3180286063309379,,0.0,1.3180286063309379,5.2515078854
105880,1.318026356516912,,0.0,1.318026356516912,5.2347132062
105885,1.318024181430545,,0.0,1.318024181430545,5.2240955964
105890,1.3180220780777403,,0.0,1.3180220780777403,5.220468489
105895,1.318020041218829,,0.0,1.318020041218829,5.2168754965
105900,1.3180180651151263,,0.0,1.3180180651151263,5.2106444544
105905,1.3180161440279472,,0.0,1.3180161440279472,5.2076694541
105910,1.3180142719690988,,0.0,1.3180142719690988,5.2285677976
105915,1.3180124430751416,,0.0,1.3180124430751416,5.2409885558
105920,1.318010651482637,,0.0,1.318010651482637,5.2487226991
105925,1.3180088914529,,0.0,1.3180088914529,5.2489738542
105930,1.3180071579957695,,0.0,1.3180071579957695,5.249716661
105935,1.3180054464953468,,0.0,1.3180054464953468,5.2506952516
105940,1.3180037528347492,,0.0,1.3180037528347492,5.2429736607
105945,1.318002073146602,,0.0,1.318002073146602,5.240234004
105950,1.3180004043120546,,0.0,1.3180004043120546,5.2335201893
105955,1.3179987432122566,,0.0,1.3179987432122566,5.2407378377
105960,1.3179970871026196,,0.0,1.3179970871026196,5.2617641222
105965,1.3179954338623248,,0.0,1.3179954338623248,5.2840011601
105970,1.3179937813705545,,0.0,1.3179937813705545,5.3105253612
105975,1.3179921281302598,,0.0,1.3179921281302598,5.332912931
105980,1.3179904727691467,,0.0,1.3179904727691467,5.3600286674
105985,1.3179888141644294,,0.0,1.3179888141644294,5.3875653801
105990,1.317987151193321,,0.0,1.317987151193321,5.4023803466
105995,1.3179854831072977,,0.0,1.3179854831072977,5.4064985765
106000,1.3179838087835736,,0.0,1.3179838087835736,5.4007817287
106005,1.3179821270993621,,0.0,1.3179821270993621,5.3790756498
106010,1.317980436931877,,0.0,1.317980436931877,5.3467088732
106015,1.3179787367840703,,0.0,1.3179787367840703,5.3099385889
106020,1.3179770254084016,,0.0,1.3179770254084016,5.2882053006
106025,1.3179753011830686,,0.0,1.3179753011830686,5.2610505919
106030,1.3179735623615152,,0.0,1.3179735623615152,5.2428755608
106035,1.3179718074466928,,0.0,1.3179718074466928,5.2351646107
106040,1.3179700348167995,,0.0,1.3179700348167995,5.2367499267
106045,1.317968243099541,,0.0,1.317968243099541,5.2516163253
106050,1.3179664312968848,,0.0,1.3179664312968848,5.2702446928
106055,1.3179645986603072,,0.0,1.3179645986603072,5.287483697
106060,1.3179627449403,,0.0,1.3179627449403,5.3001780166
106065,1.317960870635879,,0.0,1.317960870635879,5.3273530553
106070,1.3179589767450766,,0.0,1.3179589767450766,5.3649893009
106075,1.3179570651392032,,0.0,1.3179570651392032,5.3683813162
106080,1.3179551386876012,,0.0,1.3179551386876012,5.3765066963
106085,1.3179532008833832,,0.0,1.3179532008833832,5.3872308861
106090,1.3179512563424483,,0.0,1.3179512563424483,5.4017736437
106095,1.3179493104292188,,0.0,1.3179493104292188,5.4145888245
106100,1.31794736950615,,0.0,1.31794736950615,5.4244074458
106105,1.317945440808976,,0.0,1.317945440808976,5.4352422981
106110,1.317943532321953,,0.0,1.317943532321953,5.438593537
106115,1.3179416524036012,,0.0,1.3179416524036012,5.4410048973
106120,1.3179398099114557,,0.0,1.3179398099114557,5.4452784448
106125,1.3179380140773143,,0.0,1.3179380140773143,5.4412282119
106130,1.3179362740082208,,0.0,1.3179362740082208,5.4342583265
106135,1.3179345985617101,,0.0,1.3179345985617101,5.4147920479
106140,1.3179329957220405,,0.0,1.3179329957220405,5.3905105466
106145,1.3179314726001903,,0.0,1.3179314726001903,5.3929265013
106150,1.3179300353091072,,0.0,1.3179300353091072,5.3966006948
106155,1.3179286892132138,,0.0,1.3179286892132138,5.3842570565
106160,1.3179274384293929,,0.0,1.3179274384293929,5.3631191173
106165,1.3179262858269871,,0.0,1.3179262858269871,5.3343248431
106170,1.3179252330277986,,0.0,1.3179252330277986,5.2961676512
106175,1.3179242804060893,,0.0,1.3179242804060893,5.2690510788
106180,1.3179234267143194,,0.0,1.3179234267143194,5.2576047188
106185,1.317922669582162,,0.0,1.317922669582162,5.2424246007
106190,1.3179220051422431,,0.0,1.3179220051422431,5.2329632216
106195,1.317921428279647,,0.0,1.317921428279647,5.2381980279
106200,1.317920932756673,,0.0,1.317920932756673,5.2376683501
106205,1.317920511587096,,0.0,1.317920511587096,5.2305728019
106210,1.3179201566619045,,0.0,1.3179201566619045,5.2204075299
106215,1.3179198589988088,,0.0,1.3179198589988088,5.2085021697
106220,1.3179196093660117,,0.0,1.3179196093660117,5.2038019465
106225,1.317919398157453,,0.0,1.317919398157453,5.1957137719
106230,1.3179192166403517,,0.0,1.3179192166403517,5.1795319923
106235,1.317919056955204,,0.0,1.317919056955204,5.1771317963
106240,1.3179189116167687,,0.0,1.3179189116167687,5.1807627346
106245,1.3179187746368528,,0.0,1.3179187746368528,5.1826222274
106250,1.3179186410252957,,0.0,1.3179186410252957,5.1751752944
106255,1.3179185069147223,,0.0,1.3179185069147223,5.1581175525
106260,1.317918370059561,,0.0,1.317918370059561,5.1482764134
106265,1.3179182293370242,,0.0,1.3179182293370242,5.1476348253
106270,1.3179180854956374,,0.0,1.3179180854956374,5.1627449646
106275,1.3179179401572023,,0.0,1.3179179401572023,5.1742757117
106280,1.3179177965653233,,0.0,1.3179177965653233,5.1819510268
106285,1.3179176588368835,,0.0,1.3179176588368835,5.189666063
106290,1.3179175323363055,,0.0,1.3179175323363055,5.1950959441
106295,1.3179174233012907,,0.0,1.3179174233012907,5.1927528136
106300,1.3179173383438019,,0.0,1.3179173383438019,5.1823949881
106305,1.3179172844500646,,0.0,1.3179172844500646,5.1690066125
106310,1.3179172689805658,,0.0,1.3179172689805658,5.1576666176
106315,1.317917298796777,,0.0,1.317917298796777,5.1460226743
106320,1.3179173807601692,,0.0,1.3179173807601692,5.126377197
106325,1.3179175209836895,,0.0,1.3179175209836895,5.1095718823
106330,1.3179177247070069,,0.0,1.3179177247070069,5.09695247
106335,1.317917996296512,,0.0,1.317917996296512,5.0808265513
106340,1.3179183392453175,,0.0,1.3179183392453175,5.0746559366
106345,1.3179187556742415,,0.0,1.3179187556742415,5.0668678314
106350,1.3179192465813168,,0.0,1.3179192465813168,5.0596136695
106355,1.3179198118417887,,0.0,1.3179198118417887,5.0669292758
106360,1.3179204500833634,,0.0,1.3179204500833634,5.0715057122
106365,1.3179211593099762,,0.0,1.3179211593099762,5.0701862473
106370,1.317921936527531,,0.0,1.317921936527531,5.0736106887
106375,1.3179227778686529,,0.0,1.3179227778686529,5.0784185406
106380,1.3179236798402292,,0.0,1.3179236798402292,5.0787802499
106385,1.3179246382006236,,0.0,1.3179246382006236,5.073144121
106390,1.3179256492072147,,0.0,1.3179256492072147,5.0585473148
106395,1.3179267097411524,,0.0,1.3179267097411524,5.0476291812
106400,1.3179278170578486,,0.0,1.3179278170578486,5.037766771
106405,1.3179289695355003,,0.0,1.3179289695355003,5.0487704541
106410,1.3179301664255838,,0.0,1.3179301664255838,5.0662089095
106415,1.3179314084766232,,0.0,1.3179314084766232,5.1017272586
106420,1.3179326971856666,,0.0,1.3179326971856666,5.1477705909
106425,1.3179340359210727,,0.0,1.3179340359210727,5.1960163553
106430,1.31793542867497,,0.0,1.31793542867497,5.2401648847
106435,1.317936880811782,,0.0,1.317936880811782,5.2707982907
106440,1.317938398569209,,0.0,1.317938398569209,5.2905243068
106445,1.3179399888087227,,0.0,1.3179399888087227,5.2944889043
106450,1.3179416585165482,,0.0,1.3179416585165482,5.2887602716
106455,1.3179434149284188,,0.0,1.3179434149284188,5.2730598416
106460,1.3179452649058054,,0.0,1.3179452649058054,5.2451818813
106465,1.3179472143121473,,0.0,1.3179472143121473,5.2308030467
106470,1.3179492681376055,,0.0,1.3179492681376055,5.2124433292
106475,1.3179514297505381,,0.0,1.3179514297505381,5.1921808519
106480,1.3179537011470102,,0.0,1.3179537011470102,5.1761809013
106485,1.3179560818280047,,0.0,1.3179560818280047,5.1670273774
106490,1.317958569423196,,0.0,1.317958569423196,5.179150383
106495,1.317961158942423,,0.0,1.317961158942423,5.1952712466
106500,1.3179638429004443,,0.0,1.3179638429004443,5.2197414916
106505,1.317966610693168,,0.0,1.317966610693168,5.2483707409
106510,1.317969449221422,,0.0,1.317969449221422,5.2944806404
106515,1.3179723430157078,,0.0,1.3179723430157078,5.3473978277
106520,1.317975274610462,,0.0,1.317975274610462,5.3742718572
106525,1.3179782244193035,,0.0,1.3179782244193035,5.3878423754
106530,1.3179811714835563,,0.0,1.3179811714835563,5.3964661931
106535,1.317984093971267,,0.0,1.317984093971267,5.3942029374
106540,1.3179869691772035,,0.0,1.3179869691772035,5.3937127566
106545,1.3179897743961337,,0.0,1.3179897743961337,5.4050901872
106550,1.3179924875465963,,0.0,1.3179924875465963,5.4068762089
106555,1.317995087046145,,0.0,1.317995087046145,5.3960084781
106560,1.3179975529341363,,0.0,1.3179975529341363,5.3731077557
106565,1.3179998669964834,,0.0,1.3179998669964834,5.3533322105
106570,1.3180020131399175,,0.0,1.3180020131399175,5.3160926053
106575,1.3180039778910042,,0.0,1.3180039778910042,5.276525084
106580,1.3180057502713896,,0.0,1.3180057502713896,5.2386032327
106585,1.31800732242157,,0.0,1.31800732242157,5.2178331947
106590,1.318008689850401,,0.0,1.318008689850401,5.2023146871
106595,1.3180098505618183,,0.0,1.3180098505618183,5.1903080938
106600,1.3180108060528701,,0.0,1.3180108060528701,5.1777442338
106605,1.3180115603156846,,0.0,1.3180115603156846,5.1490846433
106610,1.3180121200869797,,0.0,1.3180121200869797,5.1330745306
106615,1.3180124944737988,,0.0,1.3180124944737988,5.1126734341
106620,1.3180126944544952,,0.0,1.3180126944544952,5.106840853
106625,1.318012732379718,,0.0,1.318012732379718,5.0962585426
106630,1.3180126218476549,,0.0,1.3180126218476549,5.0774498386
106635,1.3180123769555103,,0.0,1.3180123769555103,5.054914861
106640,1.318012011925243,,0.0,1.318012011925243,5.0431086078
106645,1.3180115408540571,,0.0,1.3180115408540571,5.0485156951
106650,1.3180109774648956,,0.0,1.3180109774648956,5.0503753707
106655,1.3180103364787326,,0.0,1.3180103364787326,5.0543958961
106660,1.3180096291234298,,0.0,1.3180096291234298,5.0514449844
106665,1.3180088640070153,,0.0,1.3180088640070153,5.0475431611
106670,1.318008048365222,,0.0,1.318008048365222,5.0407949289
106675,1.3180071874377186,,0.0,1.3180071874377186,5.03274448
106680,1.318006284842372,,0.0,1.318006284842372,5.0256366482
106685,1.318005343573279,,0.0,1.318005343573279,5.0114277186
106690,1.3180043648779793,,0.0,1.3180043648779793,5.002686814
106695,1.3180033492554892,,0.0,1.3180033492554892,4.9922727918
106700,1.3180022957077766,,0.0,1.3180022957077766,4.9805536661
106705,1.3180012029873012,,0.0,1.3180012029873012,4.9681192957
106710,1.3180000704702928,,0.0,1.3180000704702928,4.9611889701
106715,1.3179988974082273,,0.0,1.3179988974082273,4.9662697383
106720,1.3179976820545487,,0.0,1.3179976820545487,4.9798449506
106725,1.3179964237854866,,0.0,1.3179964237854866,4.9886976843
106730,1.317995122975303,,0.0,1.317995122975303,4.9927454184
106735,1.3179937812458005,,0.0,1.3179937812458005,5.0025795998
106740,1.3179924022148453,,0.0,1.3179924022148453,4.9942858818
106745,1.3179909912468608,,0.0,1.3179909912468608,4.9932546156
106750,1.31798955557758,,0.0,1.31798955557758,4.9874949503
106755,1.3179881044388004,,0.0,1.3179881044388004,4.9876675008
106760,1.317986649432646,,0.0,1.317986649432646,5.0043056373
106765,1.3179852036582893,,0.0,1.3179852036582893,5.0157761162
106770,1.3179837814624429,,0.0,1.3179837814624429,5.0154635916
106775,1.317982398813621,,0.0,1.317982398813621,5.0127033157
106780,1.3179810720546012,,0.0,1.3179810720546012,5.0027337797
106785,1.3179798185261917,,0.0,1.3179798185261917,5.0002091245
106790,1.3179786555692021,,0.0,1.3179786555692021,4.9960730951
106795,1.317977600025425,,0.0,1.317977600025425,5.0090740118
106800,1.3179766684871457,,0.0,1.3179766684871457,5.0300265034
106805,1.3179758755505842,,0.0,1.3179758755505842,5.0529004891
106810,1.317975234689175,,0.0,1.317975234689175,5.0693032594
106815,1.3179747568812723,,0.0,1.3179747568812723,5.0833555919
106820,1.3179744507349034,,0.0,1.3179744507349034,5.1009718441
106825,1.317974321988753,,0.0,1.317974321988753,5.110641373
106830,1.3179743733874099,,0.0,1.3179743733874099,5.1115590938
106835,1.3179746045566119,,0.0,1.3179746045566119,5.1168690218
106840,1.3179750123775087,,0.0,1.3179750123775087,5.1237633843
106845,1.317975590238137,,0.0,1.317975590238137,5.133167503
106850,1.3179763291562068,,0.0,1.3179763291562068,5.1399989877
106855,1.317977217529595,,0.0,1.317977217529595,5.1455222846
106860,1.3179782412610963,,0.0,1.3179782412610963,5.1831847193
106865,1.3179793847564587,,0.0,1.3179793847564587,5.2201321702
106870,1.3179806299263483,,0.0,1.3179806299263483,5.2687860844
106875,1.3179819576834007,,0.0,1.3179819576834007,5.3162983462
106880,1.3179833486907417,,0.0,1.3179833486907417,5.3591540386
106885,1.3179847828629745,,0.0,1.3179847828629745,5.3898291411
106890,1.3179862412374872,,0.0,1.3179862412374872,5.4078357795
106895,1.3179877056001932,,0.0,1.3179877056001932,5.4148039048
106900,1.317989159608315,,0.0,1.317989159608315,5.4208146675
106905,1.317990587917109,,0.0,1.317990587917109,5.4154288017
106910,1.3179919775521558,,0.0,1.3179919775521558,5.4181962302
106915,1.3179933177846102,,0.0,1.3179933177846102,5.4166981105
106920,1.3179946001311984,,0.0,1.3179946001311984,5.4003294882
106925,1.3179958183542198,,0.0,1.3179958183542198,5.3783575672
106930,1.3179969697090852,,0.0,1.3179969697090852,5.3714912688
106935,1.317998053073009,,0.0,1.317998053073009,5.3874161381
106940,1.3179990691945151,,0.0,1.3179990691945151,5.4000683731
106945,1.318000020942946,,0.0,1.318000020942946,5.415760222
106950,1.318000912809447,,0.0,1.318000912809447,5.4430935369
106955,1.318001751281226,,0.0,1.318001751281226,5.4669360828
106960,1.3180025435940175,,0.0,1.3180025435940175,5.4856619652
106965,1.3180032983558485,,0.0,1.3180032983558485,5.5153348056
106970,1.3180040246737623,,0.0,1.3180040246737623,5.5343953025
106975,1.3180047319043109,,0.0,1.3180047319043109,5.5415631218
106980,1.3180054295287997,,0.0,1.3180054295287997,5.5490915063
106985,1.3180061274027968,,0.0,1.3180061274027968,5.5641142282
106990,1.3180068383759662,,0.0,1.3180068383759662,5.5798845602
106995,1.3180075695592868,,0.0,1.3180075695592868,5.577854932
107000,1.3180083269409522,,0.0,1.3180083269409522,5.5657902746
107005,1.3180091146378448,,0.0,1.3180091146378448,5.5489350792
107010,1.318009936267831,,0.0,1.318009936267831,5.5238566656
107015,1.318010794825008,,0.0,1.318010794825008,5.499399413
107020,1.3180116911826534,,0.0,1.3180116911826534,5.4780234478
107025,1.3180126250912594,,0.0,1.3180126250912594,5.4536316551
107030,1.3180135949290235,,0.0,1.3180135949290235,5.42113052
107035,1.3180145973275872,,0.0,1.3180145973275872,5.3944875278
107040,1.3180156285443299,,0.0,1.3180156285443299,5.3633892244
107045,1.3180166835890907,,0.0,1.3180166835890907,5.3273522711
107050,1.3180177572222012,,0.0,1.3180177572222012,5.3061590018
107055,1.3180188437049754,,0.0,1.3180188437049754,5.2976767197
107060,1.3180199371739751,,0.0,1.3180199371739751,5.2834770397
107065,1.3180210317657608,,0.0,1.3180210317657608,5.2697910111
107070,1.3180221222406638,,0.0,1.3180221222406638,5.2563938979
107075,1.3180232034837693,,0.0,1.3180232034837693,5.2414876884
107080,1.3180242698811462,,0.0,1.3180242698811462,5.2355835523
107085,1.3180253175654197,,0.0,1.3180253175654197,5.2272187649
107090,1.3180263446652798,,0.0,1.3180263446652798,5.2195425591
107095,1.318027349184662,,0.0,1.318027349184662,5.2108551758
107100,1.318028330375042,,0.0,1.318028330375042,5.215016469
107105,1.318029287737404,,0.0,1.318029287737404,5.2157751759
107110,1.3180302212717478,,0.0,1.3180302212717478,5.2057870481
107115,1.3180311314770898,,0.0,1.3180311314770898,5.1972023289
107120,1.3180320192267074,,0.0,1.3180320192267074,5.1821415629
107125,1.3180328856433878,,0.0,1.3180328856433878,5.1610333005
107130,1.3180337324736866,,0.0,1.3180337324736866,5.13316804
107135,1.3180345610898982,,0.0,1.3180345610898982,5.1201852055
107140,1.3180353736128412,,0.0,1.3180353736128412,5.1065716851
107145,1.3180361720385796,,0.0,1.3180361720385796,5.0960455015
107150,1.3180369586126859,,0.0,1.3180369586126859,5.1039474315
107155,1.3180377359549946,,0.0,1.3180377359549946,5.1116815719
107160,1.3180385066853402,,0.0,1.3180385066853402,5.1176212308
107165,1.3180392739225733,,0.0,1.3180392739225733,5.1168772706
107170,1.3180400406607902,,0.0,1.3180400406607902,5.1159728126
107175,1.3180408106426118,,0.0,1.3180408106426118,5.1162901675
107180,1.3180415878601663,,0.0,1.3180415878601663,5.1140925099
107185,1.3180423766798453,,0.0,1.3180423766798453,5.09039116
107190,1.3180431818423006,,0.0,1.3180431818423006,5.0883257058
107195,1.318044008587202,,0.0,1.318044008587202,5.0900038201
107200,1.3180448630274961,,0.0,1.3180448630274961,5.0909968088
107205,1.3180457542702269,,0.0,1.3180457542702269,5.0986183365
107210,1.318046689426373,,0.0,1.318046689426373,5.1024180253
107215,1.3180476744841276,,0.0,1.3180476744841276,5.0994957017
107220,1.3180487159307002,,0.0,1.3180487159307002,5.0888911608
107225,1.3180498201285455,,0.0,1.3180498201285455,5.074601431
107230,1.3180509948124133,,0.0,1.3180509948124133,5.0676175486
107235,1.3180522475922984,,0.0,1.3180522475922984,5.0719981903
107240,1.3180535860781966,,0.0,1.3180535860781966,5.0771700179
107245,1.3180550168820704,,0.0,1.3180550168820704,5.0963827305
107250,1.3180565464911298,,0.0,1.3180565464911298,5.1132146991
107255,1.318058180644059,,0.0,1.318058180644059,5.1215493198
107260,1.3180599240815114,,0.0,1.3180599240815114,5.1241276261
107265,1.3180617810451234,,0.0,1.3180617810451234,5.1271235756
107270,1.3180637547784995,,0.0,1.3180637547784995,5.1312609843
107275,1.318065847277704,,0.0,1.318065847277704,5.1401746816
107280,1.3180680592912615,,0.0,1.3180680592912615,5.1412291166
107285,1.318070390943926,,0.0,1.318070390943926,5.1475978127
107290,1.3180728412376648,,0.0,1.3180728412376648,5.1506959324
107295,1.3180754084259219,,0.0,1.3180754084259219,5.1600216587
107300,1.3180780901383706,,0.0,1.3180780901383706,5.1790383489
107305,1.3180808832561608,,0.0,1.3180808832561608,5.2154551359
107310,1.3180837844109339,,0.0,1.3180837844109339,5.2501797951
107315,1.3180867896105608,,0.0,1.3180867896105608,5.2838236018
107320,1.3180898949876672,,0.0,1.3180898949876672,5.3059509093
107325,1.3180930959263542,,0.0,1.3180930959263542,5.3206307319
107330,1.3180963876859688,,0.0,1.3180963876859688,5.3343537328
107335,1.3180997654011044,,0.0,1.3180997654011044,5.3504178306
107340,1.318103224331108,,0.0,1.318103224331108,5.3505822576
107345,1.3181067593610647,,0.0,1.3181067593610647,5.3420015456
107350,1.3181103658750761,,0.0,1.3181103658750761,5.3469152342
107355,1.3181140418770774,,0.0,1.3181140418770774,5.3436115047
107360,1.31811778337494,,0.0,1.31811778337494,5.3383078258
107365,1.3181215857527653,,0.0,1.3181215857527653,5.3274276999
107370,1.3181254466402266,,0.0,1.3181254466402266,5.3162673327
107375,1.3181293616709335,,0.0,1.3181293616709335,5.3228427102
107380,1.3181333267280027,,0.0,1.3181333267280027,5.3294734834
107385,1.3181373389420923,,0.0,1.3181373389420923,5.341869951
107390,1.3181413959428756,,0.0,1.3181413959428756,5.3502557069
107395,1.3181454958590424,,0.0,1.3181454958590424,5.3710336983
107400,1.3181496369440362,,0.0,1.3181496369440362,5.3991902671
107405,1.3181538180750714,,0.0,1.3181538180750714,5.422622499
107410,1.3181580386283769,,0.0,1.3181580386283769,5.4382062717
107415,1.3181622982296914,,0.0,1.3181622982296914,5.4455676939
107420,1.3181665971285228,,0.0,1.3181665971285228,5.4609186171
107425,1.3181709359486409,,0.0,1.3181709359486409,5.4791861775
107430,1.3181753156880782,,0.0,1.3181753156880782,5.5034491415
107435,1.3181797377191289,,0.0,1.3181797377191289,5.5197464899
107440,1.318184204037857,,0.0,1.318184204037857,5.5265291947
107445,1.3181887165155735,,0.0,1.3181887165155735,5.5183501524
107450,1.3181932776473582,,0.0,1.3181932776473582,5.5063811458
107455,1.3181978896787836,,0.0,1.3181978896787836,5.4863218808
107460,1.3182025549801764,,0.0,1.3182025549801764,5.4679478809
107465,1.3182072760466168,,0.0,1.3182072760466168,5.45522848
107470,1.3182120551236776,,0.0,1.3182120551236776,5.4452169782
107475,1.3182168943321766,,0.0,1.3182168943321766,5.4179966428
107480,1.318221795169162,,0.0,1.318221795169162,5.3924179071
107485,1.3182267588821746,,0.0,1.3182267588821746,5.3898140972
107490,1.3182317862197381,,0.0,1.3182317862197381,5.3797676029
107495,1.3182368773066067,,0.0,1.3182368773066067,5.3667390955
107500,1.3182420326417965,,0.0,1.3182420326417965,5.3546972058
107505,1.3182472518510453,,0.0,1.3182472518510453,5.3379231002
107510,1.318252533811567,,0.0,1.318252533811567,5.3326822966
107515,1.3182578767768054,,0.0,1.3182578767768054,5.3198377152
107520,1.3182632786259418,,0.0,1.3182632786259418,5.3093227412
107525,1.3182687372381583,,0.0,1.3182687372381583,5.2999392996
107530,1.318274249868866,,0.0,1.318274249868866,5.2925122089
107535,1.3182798136487226,,0.0,1.3182798136487226,5.2906933398
107540,1.3182854255836314,,0.0,1.3182854255836314,5.2810098954
107545,1.3182910828042502,,0.0,1.3182910828042502,5.2720917503
107550,1.3182967820669742,,0.0,1.3182967820669742,5.2724097064
107555,1.318302520502461,,0.0,1.318302520502461,5.279718419
107560,1.3183082952413683,,0.0,1.3183082952413683,5.2782907939
107565,1.318314103913369,,0.0,1.318314103913369,5.270185346
107570,1.3183199437738755,,0.0,1.3183199437738755,5.2589308867
107575,1.3183258122030528,,0.0,1.3183258122030528,5.24893153
107580,1.3183317070800828,,0.0,1.3183317070800828,5.2378762923
107585,1.318337626284147,,0.0,1.318337626284147,5.2242676936
107590,1.3183435678191813,,0.0,1.3183435678191813,5.2100764719
107595,1.3183495300633827,,0.0,1.3183495300633827,5.2198742417
107600,1.3183555113949497,,0.0,1.3183555113949497,5.2287145918
107605,1.318361510566342,,0.0,1.318361510566342,5.2304217215
107610,1.3183675262052648,,0.0,1.3183675262052648,5.2388270213
107615,1.3183735573136863,,0.0,1.3183735573136863,5.2427715206
107620,1.3183796030183286,,0.0,1.3183796030183286,5.2406035384
107625,1.318385662445913,,0.0,1.318385662445913,5.2270648981
107630,1.3183917354716859,,0.0,1.3183917354716859,5.2205103229
107635,1.318397821846139,,0.0,1.318397821846139,5.2196978688
107640,1.3184039211950103,,0.0,1.3184039211950103,5.2164656825
107645,1.318410033144038,,0.0,1.318410033144038,5.23238057
107650,1.3184161565704355,,0.0,1.3184161565704355,5.2511732972
107655,1.3184222906009249,,0.0,1.3184222906009249,5.2688606513
107660,1.31842843348895,,0.0,1.31842843348895,5.2760692538
107665,1.318434583238446,,0.0,1.318434583238446,5.2808883315
107670,1.318440737229579,,0.0,1.318440737229579,5.2913340915
107675,1.3184468925930062,,0.0,1.3184468925930062,5.2926132509
107680,1.3184530457108607,,0.0,1.3184530457108607,5.304176725
107685,1.3184591923415065,,0.0,1.3184591923415065,5.3114725032
107690,1.3184653283680603,,0.0,1.3184653283680603,5.3147443886
107695,1.3184714492993772,,0.0,1.3184714492993772,5.3193312722
107700,1.3184775503948052,,0.0,1.3184775503948052,5.3237332801
107705,1.3184836266641826,,0.0,1.3184836266641826,5.327469411
107710,1.3184896732421028,,0.0,1.3184896732421028,5.3296297973
107715,1.3184956857621752,,0.0,1.3184956857621752,5.3283592283
107720,1.3185016597332548,,0.0,1.3185016597332548,5.325258652
107725,1.318507591662229,,0.0,1.318507591662229,5.3147492941
107730,1.3185134784302477,,0.0,1.3185134784302477,5.3124518113
107735,1.318519318041246,,0.0,1.318519318041246,5.3154084894
107740,1.318525108998176,,0.0,1.318525108998176,5.3059728611
107745,1.3185308506772675,,0.0,1.3185308506772675,5.3006783866
107750,1.3185365433280283,,0.0,1.3185365433280283,5.3083191631
107755,1.3185421880732449,,0.0,1.3185421880732449,5.3208067712
107760,1.3185477869089817,,0.0,1.3185477869089817,5.3402382305
107765,1.3185533425798266,,0.0,1.3185533425798266,5.3668018069
107770,1.3185588588284012,,0.0,1.3185588588284012,5.3946491166
107775,1.3185643396468334,,0.0,1.3185643396468334,5.4110894776
107780,1.318569789152006,,0.0,1.318569789152006,5.423901836
107785,1.3185752122093264,,0.0,1.3185752122093264,5.4315003951
107790,1.3185806145574788,,0.0,1.3185806145574788,5.4262076055
107795,1.3185860014361328,,0.0,1.3185860014361328,5.4261122891
107800,1.3185913780849567,,0.0,1.3185913780849567,5.4258160453
107805,1.318596749369358,,0.0,1.318596749369358,5.422113295
107810,1.318602120029989,,0.0,1.318602120029989,5.4156105444
107815,1.3186074946827488,,0.0,1.3186074946827488,5.406452657
107820,1.318612877694028,,0.0,1.318612877694028,5.4034467994
107825,1.3186182734302176,,0.0,1.3186182734302176,5.3983119391
107830,1.318623685883446,,0.0,1.318623685883446,5.4073100954
107835,1.3186291186715797,,0.0,1.3186291186715797,5.430643321
107840,1.3186345747887156,,0.0,1.3186345747887156,5.4544159321
107845,1.318640057104196,,0.0,1.318640057104196,5.480026613
107850,1.3186455679883475,,0.0,1.3186455679883475,5.497616884
107855,1.3186511093124802,,0.0,1.3186511093124802,5.5208465168
107860,1.3186566830726585,,0.0,1.3186566830726585,5.5466711756
107865,1.3186622906411765,,0.0,1.3186622906411765,5.5606672157
107870,1.3186679326418047,,0.0,1.3186679326418047,5.5697054158
107875,1.318673609448805,,0.0,1.318673609448805,5.5753607421
107880,1.318679320812669,,0.0,1.318679320812669,5.5930027913
107885,1.318685066234381,,0.0,1.318685066234381,5.5935653713
107890,1.318690844840663,,0.0,1.318690844840663,5.5774460344
107895,1.3186966550097121,,0.0,1.3186966550097121,5.5468583151
107900,1.3187024948702184,,0.0,1.3187024948702184,5.5188488926
107905,1.3187083618023476,,0.0,1.3187083618023476,5.483720166
107910,1.318714253061511,,0.0,1.318714253061511,5.4499289532
107915,1.318720165404104,,0.0,1.318720165404104,5.4190287653
107920,1.3187260952122601,,0.0,1.3187260952122601,5.4037160124
107925,1.3187320386186043,,0.0,1.3187320386186043,5.391134466
107930,1.3187379910072383,,0.0,1.3187379910072383,5.3812639135
107935,1.318743947263247,,0.0,1.318743947263247,5.3701144092
107940,1.3187499013984372,,0.0,1.3187499013984372,5.3302979603
107945,1.318755847299862,,0.0,1.318755847299862,5.3272926555
107950,1.318761778355558,,0.0,1.318761778355558,5.3275914484
107955,1.3187676875793009,,0.0,1.3187676875793009,5.3190030411
107960,1.318773567485848,,0.0,1.318773567485848,5.3006922911
107965,1.318779410589959,,0.0,1.318779410589959,5.2856775582
107970,1.3187852094063923,,0.0,1.3187852094063923,5.2731069864
107975,1.3187909563251528,,0.0,1.3187909563251528,5.2711007913
107980,1.3187966436114906,,0.0,1.3187966436114906,5.2778450124
107985,1.318802264029673,,0.0,1.318802264029673,5.2774373042
107990,1.3188078100944587,,0.0,1.3188078100944587,5.2820539393
107995,1.318813274570114,,0.0,1.318813274570114,5.2902731295
108000,1.3188186507199218,,0.0,1.3188186507199218,5.3064294685
108005,1.3188239319319195,,0.0,1.3188239319319195,5.3207903536
108010,1.3188291124674216,,0.0,1.3188291124674216,5.3230426214
108015,1.3188341875857754,,0.0,1.3188341875857754,5.3204714776
108020,1.318839152546328,,0.0,1.318839152546328,5.3146264631
108025,1.318844003356951,,0.0,1.318844003356951,5.2946134439
108030,1.3188487362750239,,0.0,1.3188487362750239,5.2790687899
108035,1.3188533484312033,,0.0,1.3188533484312033,5.2576720055
108040,1.3188578377046716,,0.0,1.3188578377046716,5.2448603493
108045,1.318862202473626,,0.0,1.318862202473626,5.25369451
108050,1.3188664422390513,,0.0,1.3188664422390513,5.267595015
108055,1.3188705566266845,,0.0,1.3188705566266845,5.2780689957
108060,1.3188745466345584,,0.0,1.3188745466345584,5.279913128
108065,1.3188784133854587,,0.0,1.3188784133854587,5.27871861
108070,1.31888215887545,,0.0,1.31888215887545,5.2866191288
108075,1.3188857858491208,,0.0,1.3188857858491208,5.2895794749
108080,1.3188892973005677,,0.0,1.3188892973005677,5.2965113827
108085,1.3188926968476569,,0.0,1.3188926968476569,5.2994435543
108090,1.3188959881082556,,0.0,1.3188959881082556,5.3135562808
108095,1.3188991761972781,,0.0,1.3188991761972781,5.3375299375
108100,1.3189022654811158,,0.0,1.3189022654811158,5.3599100784
108105,1.318905259951897,,0.0,1.318905259951897,5.3758454155
108110,1.3189081641007663,,0.0,1.3189081641007663,5.3912708952
108115,1.3189109815455908,,0.0,1.3189109815455908,5.4045773747
108120,1.318913716153745,,0.0,1.318913716153745,5.4140907041
108125,1.3189163706698173,,0.0,1.3189163706698173,5.430458116
108130,1.3189189477136418,,0.0,1.3189189477136418,5.4579050142
108135,1.3189214489070216,,0.0,1.3189214489070216,5.4823479322
108140,1.3189238748737262,,0.0,1.3189238748737262,5.4998857094
108145,1.3189262253642475,,0.0,1.3189262253642475,5.5108281661
108150,1.318928499380554,,0.0,1.318928499380554,5.5135429795
108155,1.3189306945523185,,0.0,1.3189306945523185,5.5058507907
108160,1.3189328072616746,,0.0,1.3189328072616746,5.5087487426
108165,1.318934833266986,,0.0,1.318934833266986,5.5131333667
108170,1.3189367669543213,,0.0,1.3189367669543213,5.5139894055
108175,1.3189386020859792,,0.0,1.3189386020859792,5.5050651606
108180,1.3189403318004893,,0.0,1.3189403318004893,5.5045614167
108185,1.3189419484878555,,0.0,1.3189419484878555,5.5110022269
108190,1.3189434435400504,,0.0,1.3189434435400504,5.5133864547
108195,1.3189448082242934,,0.0,1.3189448082242934,5.5221518307
108200,1.3189460334335397,,0.0,1.3189460334335397,5.5363584878
108205,1.3189471103102544,,0.0,1.3189471103102544,5.5572094077
108210,1.3189480301216558,,0.0,1.3189480301216558,5.5742651328
108215,1.3189487846339785,,0.0,1.3189487846339785,5.5867234437
108220,1.3189493664867353,,0.0,1.3189493664867353,5.6000907973
108225,1.3189497685689473,,0.0,1.3189497685689473,5.6070662435
108230,1.3189499856409448,,0.0,1.3189499856409448,5.6094934373
108235,1.3189500128373215,,0.0,1.3189500128373215,5.6009573385
108240,1.318949847039227,,0.0,1.318949847039227,5.5949294328
108245,1.3189494863753504,,0.0,1.3189494863753504,5.5933958588
108250,1.318948930720938,,0.0,1.318948930720938,5.5864643424
108255,1.3189481818225461,,0.0,1.3189481818225461,5.5753447162
108260,1.3189472427990254,,0.0,1.3189472427990254,5.5650078359
108265,1.3189461182662743,,0.0,1.3189461182662743,5.5645204077
108270,1.3189448139629782,,0.0,1.3189448139629782,5.5706977187
108275,1.318943337000116,,0.0,1.318943337000116,5.579245222
108280,1.3189416956114537,,0.0,1.3189416956114537,5.5926913688
108285,1.3189398991535422,,0.0,1.3189398991535422,5.6073194452
108290,1.3189379582304737,,0.0,1.3189379582304737,5.6151794959
108295,1.318935883820602,,0.0,1.318935883820602,5.6227916578
108300,1.3189336880250673,,0.0,1.3189336880250673,5.6361500419
108305,1.31893138356878,,0.0,1.31893138356878,5.6522593311
108310,1.3189289836756657,,0.0,1.3189289836756657,5.6640230648
108315,1.3189265024429297,,0.0,1.3189265024429297,5.6643529647
108320,1.3189239538430217,,0.0,1.3189239538430217,5.6798254579
108325,1.3189213520979006,,0.0,1.3189213520979006,5.6884805171
108330,1.3189187109305087,,0.0,1.3189187109305087,5.6861475403
108335,1.3189160443132966,,0.0,1.3189160443132966,5.6687537759
108340,1.3189133654701901,,0.0,1.3189133654701901,5.6428943689
108345,1.3189106873756078,,0.0,1.3189106873756078,5.6102178111
108350,1.3189080221306897,,0.0,1.3189080221306897,5.580687582
108355,1.318905381212806,,0.0,1.318905381212806,5.5625775149
108360,1.3189027752260483,,0.0,1.3189027752260483,5.5412575962
108365,1.318900213651722,,0.0,1.318900213651722,5.5220088309
108370,1.3188977062206415,,0.0,1.3188977062206415,5.5161943185
108375,1.3188952711468933,,0.0,1.3188952711468933,5.5082672348
108380,1.318892916913751,,0.0,1.318892916913751,5.4859096005
108385,1.3188906477628517,,0.0,1.3188906477628517,5.4636781294
108390,1.3188884689338638,,0.0,1.3188884689338638,5.4406781219
108395,1.3188863835456384,,0.0,1.3188863835456384,5.422299905
108400,1.3188843934694854,,0.0,1.3188843934694854,5.4113502457
108405,1.3188824994539292,,0.0,1.3188824994539292,5.3933358805
108410,1.3188807011247075,,0.0,1.3188807011247075,5.3713039795
108415,1.318878997109526,,0.0,1.318878997109526,5.3444796551
108420,1.3188773860360905,,0.0,1.3188773860360905,5.3291372001
108425,1.318875865783583,,0.0,1.318875865783583,5.3302602769
108430,1.3188744337321687,,0.0,1.3188744337321687,5.3244734653
108435,1.3188730868877514,,0.0,1.3188730868877514,5.3182973181
108440,1.3188718223809879,,0.0,1.3188718223809879,5.3176776233
108445,1.3188706372177825,,0.0,1.3188706372177825,5.3204201927
108450,1.3188695292773165,,0.0,1.3188695292773165,5.321982469
108455,1.3188684950664773,,0.0,1.3188684950664773,5.315898137
108460,1.3188675308426439,,0.0,1.3188675308426439,5.3088636065
108465,1.3188666334869665,,0.0,1.3188666334869665,5.3120194057
108470,1.318865799631086,,0.0,1.318865799631086,5.3063509267
108475,1.3188650260313977,,0.0,1.3188650260313977,5.284688552
108480,1.3188643098185597,,0.0,1.3188643098185597,5.2753802384
108485,1.318863648622245,,0.0,1.318863648622245,5.2868069469
108490,1.3188630399473735,,0.0,1.3188630399473735,5.3052700874
108495,1.3188624820473887,,0.0,1.3188624820473887,5.317744552
108500,1.3188619736747507,,0.0,1.3188619736747507,5.3273039533
108505,1.3188615133324109,,0.0,1.3188615133324109,5.3401211255
108510,1.3188611001470911,,0.0,1.3188611001470911,5.3274194658
108515,1.3188607336197757,,0.0,1.3188607336197757,5.310207312
108520,1.31886041362571,,0.0,1.31886041362571,5.2971283101
108525,1.318860140539157,,0.0,1.318860140539157,5.2775149613
108530,1.3188599153581477,,0.0,1.3188599153581477,5.2592575789
108535,1.3188597394549773,,0.0,1.3188597394549773,5.2476534374
108540,1.3188596142019395,,0.0,1.3188596142019395,5.2467806396
108545,1.3188595410960828,,0.0,1.3188595410960828,5.2505097926
108550,1.3188595221334716,,0.0,1.3188595221334716,5.2493247651
108555,1.318859558561646,,0.0,1.318859558561646,5.2435977397
108560,1.3188596528756862,,0.0,1.3188596528756862,5.2324985203
108565,1.318859807196411,,0.0,1.318859807196411,5.2294566115
108570,1.3188600238941466,,0.0,1.3188600238941466,5.2411047708
108575,1.3188603052144654,,0.0,1.3188603052144654,5.2575634811
108580,1.318860654525726,,0.0,1.318860654525726,5.2766104719
108585,1.3188610740735007,,0.0,1.3188610740735007,5.2940547565
108590,1.318861566602378,,0.0,1.318861566602378,5.3102201123
108595,1.3188621344826845,,0.0,1.3188621344826845,5.3174947291
108600,1.3188627800847466,,0.0,1.3188627800847466,5.3210344446
108605,1.3188635057788902,,0.0,1.3188635057788902,5.3115967078
108610,1.3188643135611802,,0.0,1.3188643135611802,5.2970598941
108615,1.318865205427681,,0.0,1.318865205427681,5.2791760163
108620,1.3188661830001942,,0.0,1.3188661830001942,5.2634767079
108625,1.3188672472767529,,0.0,1.3188672472767529,5.2635548733
108630,1.3188683993801427,,0.0,1.3188683993801427,5.2649505564
108635,1.3188696398093795,,0.0,1.3188696398093795,5.2729454302
108640,1.3188709686892182,,0.0,1.3188709686892182,5.2876871068
108645,1.3188723860196576,,0.0,1.3188723860196576,5.3022625188
108650,1.3188738915511906,,0.0,1.3188738915511906,5.3257479195
108655,1.318875484535293,,0.0,1.318875484535293,5.351268777
108660,1.3188771643481942,,0.0,1.3188771643481942,5.3823751899
108665,1.3188789298671082,,0.0,1.3188789298671082,5.4040030078
108670,1.318880779969249,,0.0,1.318880779969249,5.4091782162
108675,1.318882713032814,,0.0,1.318882713032814,5.4029812862
108680,1.3188847271864932,,0.0,1.3188847271864932,5.3850061198
108685,1.31888682068373,,0.0,1.31888682068373,5.3645396546
108690,1.3188889914037065,,0.0,1.3188889914037065,5.3434464858
108695,1.318891237225604,,0.0,1.318891237225604,5.331238561
108700,1.318893556028604,,0.0,1.318893556028604,5.3086956817
108705,1.3188959454423803,,0.0,1.3188959454423803,5.2895714678
108710,1.3188984030966062,,0.0,1.3188984030966062,5.2857898495
108715,1.3189009268704637,,0.0,1.3189009268704637,5.297966291
108720,1.3189035140193643,,0.0,1.3189035140193643,5.3039600495
108725,1.3189061621729814,,0.0,1.3189061621729814,5.3124424979
108730,1.3189088690857427,,0.0,1.3189088690857427,5.3324174225
108735,1.3189116321378138,,0.0,1.3189116321378138,5.3510890428
108740,1.318914449208376,,0.0,1.318914449208376,5.3641532413
108745,1.3189173179271032,,0.0,1.3189173179271032,5.377002711
108750,1.3189202357989154,,0.0,1.3189202357989154,5.3961651802
108755,1.3189232007029932,,0.0,1.3189232007029932,5.4073473814
108760,1.3189262102690111,,0.0,1.3189262102690111,5.4135176058
108765,1.3189292622513962,,0.0,1.3189292622513962,5.4264081658
108770,1.3189323542798221,,0.0,1.3189323542798221,5.4357171457
108775,1.3189354842334706,,0.0,1.3189354842334706,5.4318008646
108780,1.3189386498667697,,0.0,1.3189386498667697,5.4146036438
108785,1.3189418488093922,,0.0,1.3189418488093922,5.3887427975
108790,1.3189450788157662,,0.0,1.3189450788157662,5.363060038
108795,1.318948337515565,,0.0,1.318948337515565,5.3274889365
108800,1.3189516229127245,,0.0,1.3189516229127245,5.2957672807
108805,1.3189549326369185,,0.0,1.3189549326369185,5.2778633983
108810,1.318958264692082,,0.0,1.318958264692082,5.2695991151
108815,1.3189616167078893,,0.0,1.3189616167078893,5.2618307187
108820,1.3189649870625375,,0.0,1.3189649870625375,5.2610724152
108825,1.3189683740094706,,0.0,1.3189683740094706,5.2496531967
108830,1.3189717758021327,,0.0,1.3189717758021327,5.2437242876
108835,1.3189751913177366,,0.0,1.3189751913177366,5.2463183442
108840,1.3189786191839887,,0.0,1.3189786191839887,5.2396597513
108845,1.318982058402857,,0.0,1.318982058402857,5.2291470886
108850,1.318985507976309,,0.0,1.318985507976309,5.2195831405
108855,1.3189889671558208,,0.0,1.3189889671558208,5.2053871126
108860,1.3189924355671303,,0.0,1.3189924355671303,5.20122153
108865,1.318995912711221,,0.0,1.318995912711221,5.2016667469
108870,1.3189993985880932,,0.0,1.3189993985880932,5.2051412878
108875,1.3190028929482391,,0.0,1.3190028929482391,5.2068111381
108880,1.3190063960411664,,0.0,1.3190063960411664,5.21777559
108885,1.3190099082411373,,0.0,1.3190099082411373,5.2199419397
108890,1.3190134296729057,,0.0,1.3190134296729057,5.231891572
108895,1.31901696120975,,0.0,1.31901696120975,5.2350205393
108900,1.3190205029764241,,0.0,1.3190205029764241,5.2365105775
108905,1.3190240555966979,,0.0,1.3190240555966979,5.2353667262
108910,1.3190276194448338,,0.0,1.3190276194448338,5.2244060843
108915,1.3190311946455857,,0.0,1.3190311946455857,5.2224803575
108920,1.3190347814484615,,0.0,1.3190347814484615,5.2168122678
108925,1.3190383799782153,,0.0,1.3190383799782153,5.2176230341
108930,1.3190419902348471,,0.0,1.3190419902348471,5.2287337559
108935,1.3190456118440952,,0.0,1.3190456118440952,5.2245097495
108940,1.3190492444316968,,0.0,1.3190492444316968,5.2317781753
108945,1.3190528874986365,,0.0,1.3190528874986365,5.2334885676
108950,1.3190565400468817,,0.0,1.3190565400468817,5.2245250891
108955,1.3190602014526622,,0.0,1.3190602014526622,5.2147473859
108960,1.3190638702189303,,0.0,1.3190638702189303,5.2049828114
108965,1.3190675453476535,,0.0,1.3190675453476535,5.2004686121
108970,1.3190712252170296,,0.0,1.3190712252170296,5.1924568094
108975,1.3190749087042721,,0.0,1.3190749087042721,5.177291172
108980,1.319078593813317,,0.0,1.319078593813317,5.1596122417
108985,1.319082279421378,,0.0,1.319082279421378,5.1562960208
108990,1.3190859639066526,,0.0,1.3190859639066526,5.1555442456
108995,1.319089645647339,,0.0,1.319089645647339,5.1531656129
109000,1.3190933236454048,,0.0,1.3190933236454048,5.1431840386
109005,1.3190969965285553,,0.0,1.3190969965285553,5.134439847
109010,1.3191006635482672,,0.0,1.3191006635482672,5.1314880897
109015,1.3191043239560156,,0.0,1.3191043239560156,5.1413025331
109020,1.319107977252785,,0.0,1.319107977252785,5.1472487733
109025,1.319111623688083,,0.0,1.319111623688083,5.1530468749
109030,1.319115263386664,,0.0,1.319115263386664,5.1566298914
109035,1.3191188972218062,,0.0,1.3191188972218062,5.1619856533
109040,1.3191225263162953,,0.0,1.3191225263162953,5.1606175686
109045,1.31912615216718,,0.0,1.31912615216718,5.149208382
109050,1.319129776895278,,0.0,1.319129776895278,5.1465594352
109055,1.319133402995671,,0.0,1.319133402995671,5.1477761631
109060,1.3191370333377004,,0.0,1.3191370333377004,5.1465120142
109065,1.319140671414479,,0.0,1.319140671414479,5.1352326904
109070,1.3191443207191198,,0.0,1.3191443207191198,5.1211409081
109075,1.319147985618013,,0.0,1.319147985618013,5.1139470404
109080,1.3191516706023039,,0.0,1.3191516706023039,5.1174632986
109085,1.319155380412645,,0.0,1.319155380412645,5.1266597437
109090,1.3191591206629676,,0.0,1.3191591206629676,5.1389674834
109095,1.319162896717694,,0.0,1.319162896717694,5.1515593708
109100,1.3191667144402641,,0.0,1.3191667144402641,5.161477125
109105,1.3191705803178864,,0.0,1.3191705803178864,5.1696824569
109110,1.3191745004635078,,0.0,1.3191745004635078,5.1766595536
109115,1.3191784817386,,0.0,1.3191784817386,5.1731961415
109120,1.319182530630372,,0.0,1.319182530630372,5.1599272958
109125,1.3191866541250488,,0.0,1.3191866541250488,5.1339952358
109130,1.3191908587098398,,0.0,1.3191908587098398,5.1056264898
109135,1.319195151121462,,0.0,1.319195151121462,5.0772308297
109140,1.3191995375976162,,0.0,1.3191995375976162,5.0558614879
109145,1.3192040241264962,,0.0,1.3192040241264962,5.041763603
109150,1.3192086161972785,,0.0,1.3192086161972785,5.0260231208
109155,1.3192133189248776,,0.0,1.3192133189248776,5.0072012477
109160,1.3192181368004388,,0.0,1.3192181368004388,4.9898610632
109165,1.3192230735665829,,0.0,1.3192230735665829,4.9773981003
109170,1.3192281318431436,,0.0,1.3192281318431436,4.9721847967
109175,1.3192333131271698,,0.0,1.3192333131271698,4.9742678525
109180,1.3192386179176776,,0.0,1.3192386179176776,4.9853944244
109185,1.3192440449671266,,0.0,1.3192440449671266,5.001184383
109190,1.3192495920299439,,0.0,1.3192495920299439,5.0127814736
109195,1.319255255488264,,0.0,1.319255255488264,5.0213440563
109200,1.3192610297281548,,0.0,1.3192610297281548,5.0238418821
109205,1.319266908137654,,0.0,1.319266908137654,5.0310801688
109210,1.3192728823582418,,0.0,1.3192728823582418,5.0432300737
109215,1.3192789425343503,,0.0,1.3192789425343503,5.0571050324
109220,1.319285077313364,,0.0,1.319285077313364,5.0696214451
109225,1.3192912742198803,,0.0,1.3192912742198803,5.0693819428
109230,1.319297518907187,,0.0,1.319297518907187,5.0615015783
109235,1.3193037964048013,,0.0,1.3193037964048013,5.0493028871
109240,1.3193100903699464,,0.0,1.3193100903699464,5.0264951423
109245,1.3193163837113215,,0.0,1.3193163837113215,4.9902383681
109250,1.3193226588386093,,0.0,1.3193226588386093,4.9503433358
109255,1.319328897163461,,0.0,1.319328897163461,4.9237035539
109260,1.3193350803470347,,0.0,1.3193350803470347,4.896525379
109265,1.319341189925736,,0.0,1.319341189925736,4.8933743829
109270,1.3193472068121992,,0.0,1.3193472068121992,4.8860232764
109275,1.3193531119190587,,0.0,1.3193531119190587,4.8554074918
109280,1.3193588881550142,,0.0,1.3193588881550142,4.8474129667
109285,1.319364522545647,,0.0,1.319364522545647,4.8325028213
109290,1.3193699957540839,,0.0,1.3193699957540839,4.8166779917
109295,1.3193752889424675,,0.0,1.3193752889424675,4.8108886541
109300,1.3193803840214648,,0.0,1.3193803840214648,4.8125105561
109305,1.319385264149283,,0.0,1.319385264149283,4.8108768298
109310,1.319389913981177,,0.0,1.319389913981177,4.8117706506
109315,1.3193943200437128,,0.0,1.3193943200437128,4.8316176486
109320,1.3193984701109962,,0.0,1.3193984701109962,4.8440571054
109325,1.3194023545769675,,0.0,1.3194023545769675,4.8521437924
109330,1.3194059655821238,,0.0,1.3194059655821238,4.8535123103
109335,1.3194092977620413,,0.0,1.3194092977620413,4.8667453701
109340,1.3194123478731161,,0.0,1.3194123478731161,4.8791351434
109345,1.319415115291578,,0.0,1.319415115291578,4.8825360299
109350,1.3194176015144752,,0.0,1.3194176015144752,4.8779175821
109355,1.3194198105339359,,0.0,1.3194198105339359,4.8507678305
109360,1.31942174883717,,0.0,1.31942174883717,4.8310830012
109365,1.3194234250322046,,0.0,1.3194234250322046,4.8102317599
109370,1.3194248497231316,,0.0,1.3194248497231316,4.804097813
109375,1.3194260360091232,,0.0,1.3194260360091232,4.8028242724
109380,1.3194269984864002,,0.0,1.3194269984864002,4.798099881
109385,1.319427753372985,,0.0,1.319427753372985,4.8007587444
109390,1.319428318882965,,0.0,1.319428318882965,4.8120834175
109395,1.3194287141037055,,0.0,1.3194287141037055,4.8201526819
109400,1.319428959370112,,0.0,1.319428959370112,4.8295146623
109405,1.3194290757656142,,0.0,1.3194290757656142,4.8319072911
109410,1.31942908524692,,0.0,1.31942908524692,4.8340645067
109415,1.3194290096459829,,0.0,1.3194290096459829,4.831690649
109420,1.3194288711690187,,0.0,1.3194288711690187,4.8236205145
109425,1.3194286917727358,,0.0,1.3194286917727358,4.8179132583
109430,1.3194284930395792,,0.0,1.3194284930395792,4.8100067344
109435,1.3194282956787171,,0.0,1.3194282956787171,4.8044943234
109440,1.3194281195260384,,0.0,1.3194281195260384,4.808756034
109445,1.319427983294647,,0.0,1.319427983294647,4.8055173057
109450,1.3194279042005972,,0.0,1.3194279042005972,4.8105212065
109455,1.3194278982124041,,0.0,1.3194278982124041,4.8227610301
109460,1.3194279790530101,,0.0,1.3194279790530101,4.8398852106
109465,1.3194281590730632,,0.0,1.3194281590730632,4.8560703709
109470,1.3194284482528855,,0.0,1.3194284482528855,4.8667788053
109475,1.319428854701488,,0.0,1.319428854701488,4.8694361669
109480,1.3194293841575557,,0.0,1.3194293841575557,4.8728714728
109485,1.3194300403637096,,0.0,1.3194300403637096,4.8702709283
109490,1.3194308248169975,,0.0,1.3194308248169975,4.8616778393
109495,1.3194317368936497,,0.0,1.3194317368936497,4.8534390279
109500,1.3194327735995692,,0.0,1.3194327735995692,4.8566488861
109505,1.3194339300693498,,0.0,1.3194339300693498,4.8560095007
109510,1.3194351996910278,,0.0,1.3194351996910278,4.8537935893
109515,1.3194365736070681,,0.0,1.3194365736070681,4.8488221576
109520,1.3194380417123945,,0.0,1.3194380417123945,4.8512369534
109525,1.3194395920306212,,0.0,1.3194395920306212,4.8673979725
109530,1.3194412114625762,,0.0,1.3194412114625762,4.8905294888
109535,1.3194428857863005,,0.0,1.3194428857863005,4.9221025362
109540,1.3194445997818036,,0.0,1.3194445997818036,4.9468003562
109545,1.3194463376053247,,0.0,1.3194463376053247,4.9667156686
109550,1.3194480830388413,,0.0,1.3194480830388413,4.9804908102
109555,1.3194498194900686,,0.0,1.3194498194900686,4.9807286024
109560,1.319451530366721,,0.0,1.319451530366721,4.9689332904
109565,1.3194531992012684,,0.0,1.3194531992012684,4.9480312591
109570,1.3194548102747037,,0.0,1.3194548102747037,4.9218950513
109575,1.3194563478680204,,0.0,1.3194563478680204,4.8996090342
109580,1.3194577973849975,,0.0,1.3194577973849975,4.8895893218
109585,1.3194591451026934,,0.0,1.3194591451026934,4.8818492505
109590,1.319460378171443,,0.0,1.319460378171443,4.8846358298
109595,1.319461485113877,,0.0,1.319461485113877,4.889030352
109600,1.319462455575411,,0.0,1.319462455575411,4.8866127322
109605,1.319463280573756,,0.0,1.319463280573756,4.8784114367
109610,1.3194639527484247,,0.0,1.3194639527484247,4.8700822032
109615,1.319464466734994,,0.0,1.319464466734994,4.8753715827
109620,1.319464818666089,,0.0,1.319464818666089,4.8789560742
109625,1.3194650070446616,,0.0,1.3194650070446616,4.8811969015
109630,1.3194650372351346,,0.0,1.3194650372351346,4.8898040682
109635,1.3194649097365247,,0.0,1.3194649097365247,4.9014533244
109640,1.3194646241745691,,0.0,1.3194646241745691,4.912070146
109645,1.3194641814225463,,0.0,1.3194641814225463,4.9113136492
109650,1.3194635837260287,,0.0,1.3194635837260287,4.9106188902
109655,1.3194628342038668,,0.0,1.3194628342038668,4.9184484908
109660,1.3194619372224512,,0.0,1.3194619372224512,4.9365149522
109665,1.3194608987699752,,0.0,1.3194608987699752,4.9482844369
109670,1.3194597252088938,,0.0,1.3194597252088938,4.954810767
109675,1.319458423525432,,0.0,1.319458423525432,4.9604869579
109680,1.3194570010800775,,0.0,1.3194570010800775,4.9659066208
109685,1.3194554659818414,,0.0,1.3194554659818414,4.9579992382
109690,1.3194538269635052,,0.0,1.3194538269635052,4.9363760952
109695,1.3194520927578506,,0.0,1.3194520927578506,4.9204332172
109700,1.319450272471921,,0.0,1.319450272471921,4.9184132247
109705,1.31944837521276,,0.0,1.31944837521276,4.9103850995
109710,1.3194464102121655,,0.0,1.3194464102121655,4.9087917675
109715,1.3194443870761967,,0.0,1.3194443870761967,4.8986309915
109720,1.3194423147871435,,0.0,1.3194423147871435,4.8715257945
109725,1.3194402030758194,,0.0,1.3194402030758194,4.8443413332
109730,1.319438061049268,,0.0,1.319438061049268,4.8274540189
109735,1.319435898064041,,0.0,1.319435898064041,4.7994822756
109740,1.319433723351936,,0.0,1.319433723351936,4.7800715366
109745,1.3194315458952426,,0.0,1.3194315458952426,4.7584763455
109750,1.319429374551496,,0.0,1.319429374551496,4.7531958342
109755,1.3194272176792161,,0.0,1.3194272176792161,4.7479999852
109760,1.319425083013152,,0.0,1.319425083013152,4.7558573429
109765,1.3194229781632993,,0.0,1.3194229781632993,4.7568508102
109770,1.3194209101158827,,0.0,1.3194209101158827,4.7669511619
109775,1.3194188854828657,,0.0,1.3194188854828657,4.7710174278
109780,1.3194169097534252,,0.0,1.3194169097534252,4.788194491
109785,1.31941498816723,,0.0,1.31941498816723,4.8029772504
109790,1.319413124841163,,0.0,1.319413124841163,4.8078501129
109795,1.3194113232683367,,0.0,1.3194113232683367,4.8104320239
109800,1.3194095859438313,,0.0,1.3194095859438313,4.8092514354
109805,1.3194079144894497,,0.0,1.3194079144894497,4.8073756498
109810,1.3194063089051913,,0.0,1.3194063089051913,4.8009720894
109815,1.3194047690663022,,0.0,1.3194047690663022,4.7887695315
109820,1.3194032942242586,,0.0,1.3194032942242586,4.7872821474
109825,1.3194018832562742,,0.0,1.3194018832562742,4.7955155967
109830,1.319400534166284,,0.0,1.319400534166284,4.8148595047
109835,1.3193992440849465,,0.0,1.3193992440849465,4.8328219925
109840,1.3193980088953783,,0.0,1.3193980088953783,4.8503754575
109845,1.319396823482665,,0.0,1.319396823482665,4.8535992151
109850,1.3193956826071371,,0.0,1.3193956826071371,4.8552684407
109855,1.31939458053011,,0.0,1.31939458053011,4.8589955652
109860,1.3193935115128987,,0.0,1.3193935115128987,4.8552310643
109865,1.3193924704405882,,0.0,1.3193924704405882,4.8478570449
109870,1.3193914564399005,,0.0,1.3193914564399005,4.8470734475
109875,1.3193904637721503,,0.0,1.3193904637721503,4.8457232957
109880,1.3193894864491449,,0.0,1.3193894864491449,4.8411009649
109885,1.319388518732199,,0.0,1.319388518732199,4.837712328
109890,1.3193875566291844,,0.0,1.3193875566291844,4.8343085759
109895,1.319386596896496,,0.0,1.319386596896496,4.8565571393
109900,1.3193856375380695,,0.0,1.3193856375380695,4.8829108949
109905,1.3193846780548892,,0.0,1.3193846780548892,4.902656634
109910,1.319383719320233,,0.0,1.319383719320233,4.9180126923
109915,1.3193827634549193,,0.0,1.3193827634549193,4.9357148902
109920,1.3193818134530446,,0.0,1.3193818134530446,4.9507358278
109925,1.3193808735562458,,0.0,1.3193808735562458,4.9668990678
109930,1.3193799482556672,,0.0,1.3193799482556672,4.9741932105
109935,1.3193790427909784,,0.0,1.3193790427909784,4.9742070509
109940,1.3193781622770935,,0.0,1.3193781622770935,4.9712722914
109945,1.3193773118289283,,0.0,1.3193773118289283,4.9686990207
109950,1.3193764961871348,,0.0,1.3193764961871348,4.9596077277
109955,1.3193757172230238,,0.0,1.3193757172230238,4.9475878568
109960,1.3193749763088893,,0.0,1.3193749763088893,4.943083311
109965,1.3193742745675177,,0.0,1.3193742745675177,4.9448538243
109970,1.319373613620711,,0.0,1.319373613620711,4.9618513139
109975,1.3193729943417476,,0.0,1.3193729943417476,4.9950472345
109980,1.3193724173543977,,0.0,1.3193724173543977,5.0284554121
109985,1.319371882658661,,0.0,1.319371882658661,5.0558909409
109990,1.3193713895060135,,0.0,1.3193713895060135,5.0823801223
109995,1.3193709362746529,,0.0,1.3193709362746529,5.1008641072
110000,1.319370520469499,,0.0,1.319370520469499,5.1044997462
110005,1.3193701410925192,,0.0,1.3193701410925192,5.0977048514
110010,1.3193697895356862,,0.0,1.3193697895356862,5.0856686576
110015,1.3193694634286737,,0.0,1.3193694634286737,5.0650057701
110020,1.3193691567832884,,0.0,1.3193691567832884,5.0392867441
110025,1.3193688633618297,,0.0,1.3193688633618297,5.0190213464
110030,1.3193685760533176,,0.0,1.3193685760533176,5.0137080906
110035,1.3193682869982497,,0.0,1.3193682869982497,5.0121585906
110040,1.3193679878381057,,0.0,1.3193679878381057,5.0203316351
110045,1.3193676694658425,,0.0,1.3193676694658425,5.0282526195
110050,1.3193673225249083,,0.0,1.3193673225249083,5.029723509
110055,1.3193669374092436,,0.0,1.3193669374092436,5.0342437644
110060,1.3193665045127887,,0.0,1.3193665045127887,5.0451170263
110065,1.3193660142294836,,0.0,1.3193660142294836,5.0586667384
110070,1.3193654569532691,,0.0,1.3193654569532691,5.067206473
110075,1.3193648237018551,,0.0,1.3193648237018551,5.0741117477
110080,1.319364106116723,,0.0,1.319364106116723,5.0823817246
110085,1.3193632972116465,,0.0,1.3193632972116465,5.0955400427
110090,1.3193623916222035,,0.0,1.3193623916222035,5.1068375817
110095,1.319361385605773,,0.0,1.319361385605773,5.1093758745
110100,1.319360277665307,,0.0,1.319360277665307,5.1118781743
110105,1.3193590710444099,,0.0,1.3193590710444099,5.1224791395
110110,1.3193577697352104,,0.0,1.3193577697352104,5.1316997545
110115,1.319356377480329,,0.0,1.319356377480329,5.1331410495
110120,1.3193548949035359,,0.0,1.3193548949035359,5.13171376
110125,1.3193533347297415,,0.0,1.3193533347297415,5.1302894134
110130,1.3193517125531982,,0.0,1.3193517125531982,5.1295017715
110135,1.3193500463384855,,0.0,1.3193500463384855,5.1191637469
110140,1.319348355297722,,0.0,1.319348355297722,5.1014708105
110145,1.3193466593915522,,0.0,1.3193466593915522,5.0938850203
110150,1.319344980826191,,0.0,1.319344980826191,5.0966364094
110155,1.319343342556379,,0.0,1.319343342556379,5.0869472249
110160,1.3193417626714492,,0.0,1.3193417626714492,5.0714285498
110165,1.3193402571399162,,0.0,1.3193402571399162,5.0485269993
110170,1.3193388391857064,,0.0,1.3193388391857064,5.0294788524
110175,1.3193375190386496,,0.0,1.3193375190386496,5.0055184537
110180,1.3193363028116927,,0.0,1.3193363028116927,4.9753035716
110185,1.319335192376146,,0.0,1.319335192376146,4.9413116664
110190,1.3193341851121756,,0.0,1.3193341851121756,4.927379009
110195,1.3193332740335555,,0.0,1.3193332740335555,4.9297917814
110200,1.3193324472886543,,0.0,1.3193324472886543,4.9292723404
110205,1.319331689033711,,0.0,1.319331689033711,4.9303469395
110210,1.3193309793080816,,0.0,1.3193309793080816,4.9413501331
110215,1.3193302947827652,,0.0,1.3193302947827652,4.950570331
110220,1.319329612877283,,0.0,1.319329612877283,4.9498172014
110225,1.3193289065200124,,0.0,1.3193289065200124,4.945534567
110230,1.3193281400313035,,0.0,1.3193281400313035,4.9495355297
110235,1.3193272855910094,,0.0,1.3193272855910094,4.9488993622
110240,1.3193263173750476,,0.0,1.3193263173750476,4.9492483534
110245,1.3193252103078597,,0.0,1.3193252103078597,4.9520658284
110250,1.3193239413099516,,0.0,1.3193239413099516,4.9593058718
110255,1.319322489921664,,0.0,1.319322489921664,4.9623093809
110260,1.3193208390516957,,0.0,1.3193208390516957,4.9768315166
110265,1.3193189757256287,,0.0,1.3193189757256287,4.9973426356
110270,1.3193168913354354,,0.0,1.3193168913354354,5.0218536868
110275,1.3193145812652167,,0.0,1.3193145812652167,5.0534749625
110280,1.3193120450159572,,0.0,1.3193120450159572,5.0809264032
110285,1.3193092832114264,,0.0,1.3193092832114264,5.0991914694
110290,1.3193062997189993,,0.0,1.3193062997189993,5.0989568112
110295,1.319303109010142,,0.0,1.319303109010142,5.1036015811
110300,1.3192997301722202,,0.0,1.3192997301722202,5.1067712808
110305,1.31929618603522,,0.0,1.31929618603522,5.0992992542
110310,1.3192925011756829,,0.0,1.3192925011756829,5.0787140978
110315,1.3192887027899864,,0.0,1.3192887027899864,5.060704473
110320,1.3192848198210634,,0.0,1.3192848198210634,5.0482291808
110325,1.3192808823346327,,0.0,1.3192808823346327,5.0353682163
110330,1.319276920770676,,0.0,1.319276920770676,5.0224260448
110335,1.31927296419688,,0.0,1.31927296419688,5.0260303147
110340,1.319269041181916,,0.0,1.319269041181916,5.0414163809
110345,1.3192651791716683,,0.0,1.3192651791716683,5.0722260541
110350,1.319261404239728,,0.0,1.319261404239728,5.0989521507
110355,1.3192577402141128,,0.0,1.3192577402141128,5.119762929
110360,1.3192542079287441,,0.0,1.3192542079287441,5.1352846437
110365,1.3192508248491857,,0.0,1.3192508248491857,5.1450441414
110370,1.3192476046983794,,0.0,1.3192476046983794,5.1574944574
110375,1.3192445579556633,,0.0,1.3192445579556633,5.1727012447
110380,1.3192416914825085,,0.0,1.3192416914825085,5.1864926064
110385,1.3192390050294065,,0.0,1.3192390050294065,5.1882990688
110390,1.3192364942299672,,0.0,1.3192364942299672,5.1789111934
110395,1.319234150476163,,0.0,1.319234150476163,5.1643115155
110400,1.3192319615420995,,0.0,1.3192319615420995,5.1407307244
110405,1.3192299123325402,,0.0,1.3192299123325402,5.1237744717
110410,1.319227984633398,,0.0,1.319227984633398,5.1075304016
110415,1.3192261586087835,,0.0,1.3192261586087835,5.1105581448
110420,1.319224412676251,,0.0,1.319224412676251,5.1332001605
110425,1.319222724380076,,0.0,1.319222724380076,5.1611234201
110430,1.3192210711397816,,0.0,1.3192210711397816,5.1932429592
110435,1.3192194303748892,,0.0,1.3192194303748892,5.2271274675
110440,1.319217780502953,,0.0,1.319217780502953,5.2546791475
110445,1.319216101937592,,0.0,1.319216101937592,5.271406714
110450,1.3192143777122591,,0.0,1.3192143777122591,5.277387409
110455,1.3192125904861454,,0.0,1.3192125904861454,5.2723891135
110460,1.319210724914506,,0.0,1.319210724914506,5.260142166
110465,1.3192087680229225,,0.0,1.3192087680229225,5.2390962088
110470,1.3192067093320576,,0.0,1.3192067093320576,5.2117204184
110475,1.3192045406081458,,0.0,1.3192045406081458,5.1861314075
110480,1.3192022562372556,,0.0,1.3192022562372556,5.175723971
110485,1.319199852601521,,0.0,1.319199852601521,5.1789017713
110490,1.3191973285781555,,0.0,1.3191973285781555,5.178486206
110495,1.319194684541421,,0.0,1.319194684541421,5.1716999572
110500,1.3191919229863982,,0.0,1.3191919229863982,5.171111811
110505,1.3191890475309538,,0.0,1.3191890475309538,5.1706982269
110510,1.3191860632900025,,0.0,1.3191860632900025,5.1745615772
110515,1.3191829765012453,,0.0,1.3191829765012453,5.1698811389
110520,1.3191797941509076,,0.0,1.3191797941509076,5.1748613813
110525,1.3191765238489845,,0.0,1.3191765238489845,5.1821936657
110530,1.3191731727064555,,0.0,1.3191731727064555,5.1982031766
110535,1.3191697479590538,,0.0,1.3191697479590538,5.2069942694
110540,1.319166257965299,,0.0,1.319166257965299,5.2072434961
110545,1.319162710834202,,0.0,1.319162710834202,5.2164651478
110550,1.3191591159223148,,0.0,1.3191591159223148,5.2368666165
110555,1.3191554829604508,,0.0,1.3191554829604508,5.2566930343
110560,1.319151821305162,,0.0,1.319151821305162,5.267923663
110565,1.3191481403129999,,0.0,1.3191481403129999,5.2716428448
110570,1.319144449340516,,0.0,1.319144449340516,5.2699763643
110575,1.319140757744262,,0.0,1.319140757744262,5.2749289906
110580,1.3191370747560354,,0.0,1.3191370747560354,5.2788880808
110585,1.3191334087343558,,0.0,1.3191334087343558,5.2760399192
110590,1.3191297676634806,,0.0,1.3191297676634806,5.2649587814
110595,1.3191261591534051,,0.0,1.3191261591534051,5.248993207
110600,1.3191225896913383,,0.0,1.3191225896913383,5.2409265617
110605,1.3191190648912112,,0.0,1.3191190648912112,5.2300087879
110610,1.3191155896184308,,0.0,1.3191155896184308,5.2041005041
110615,1.3191121676156177,,0.0,1.3191121676156177,5.1766789307
110620,1.3191088015026058,,0.0,1.3191088015026058,5.1625414035
110625,1.3191054927764443,,0.0,1.3191054927764443,5.145306823
110630,1.3191022420609029,,0.0,1.3191022420609029,5.115201734
110635,1.3190990486074572,,0.0,1.3190990486074572,5.0845296601
110640,1.3190959109190592,,0.0,1.3190959109190592,5.0659645617
110645,1.3190928266253825,,0.0,1.3190928266253825,5.0597875966
110650,1.3190897923580684,,0.0,1.3190897923580684,5.059058689
110655,1.3190868042497423,,0.0,1.3190868042497423,5.0682770104
110660,1.3190838578092596,,0.0,1.3190838578092596,5.0732149111
110665,1.3190809479217052,,0.0,1.3190809479217052,5.0753565041
110670,1.319078069222656,,0.0,1.319078069222656,5.0794603601
110675,1.3190752164724433,,0.0,1.3190752164724433,5.0818802471
110680,1.3190723835581204,,0.0,1.3190723835581204,5.0931656677
110685,1.3190695652400177,,0.0,1.3190695652400177,5.1026664446
110690,1.3190667557794507,,0.0,1.3190667557794507,5.1120422906
110695,1.3190639501862582,,0.0,1.3190639501862582,5.1176676626
110700,1.3190611432207715,,0.0,1.3190611432207715,5.1422562798
110705,1.3190583307661081,,0.0,1.3190583307661081,5.1710842867
110710,1.3190555085806308,,0.0,1.3190555085806308,5.1985423136
110715,1.3190526730464731,,0.0,1.3190526730464731,5.2161217313
110720,1.319049821668555,,0.0,1.319049821668555,5.2325534745
110725,1.3190469522013035,,0.0,1.3190469522013035,5.2577587194
110730,1.3190440625239004,,0.0,1.3190440625239004,5.2572900176
110735,1.3190411507650357,,0.0,1.3190411507650357,5.2545918345
110740,1.3190382161761849,,0.0,1.3190382161761849,5.250839579
110745,1.3190352581335782,,0.0,1.3190352581335782,5.2475433158
110750,1.319032276761969,,0.0,1.319032276761969,5.2385870051
110755,1.3190292726851285,,0.0,1.3190292726851285,5.2217684539
110760,1.319026247649612,,0.0,1.319026247649612,5.2016814802
110765,1.3190232039009921,,0.0,1.3190232039009921,5.1852894924
110770,1.3190201426868096,,0.0,1.3190201426868096,5.176146507
110775,1.3190170662526364,,0.0,1.3190170662526364,5.1655830056
110780,1.3190139768440448,,0.0,1.3190139768440448,5.1656152932
110785,1.319010876956115,,0.0,1.319010876956115,5.1750488218
110790,1.3190077695829445,,0.0,1.3190077695829445,5.1892815407
110795,1.319004657718629,,0.0,1.319004657718629,5.204501512
110800,1.3190015447315273,,0.0,1.3190015447315273,5.2194482124
110805,1.318998433865244,,0.0,1.318998433865244,5.2401532332
110810,1.3189953284881377,,0.0,1.3189953284881377,5.2606246312
110815,1.318992232218075,,0.0,1.318992232218075,5.2749564298
110820,1.3189891481739062,,0.0,1.3189891481739062,5.283516061
110825,1.3189860800982522,,0.0,1.3189860800982522,5.2895851041
110830,1.3189830309852097,,0.0,1.3189830309852097,5.2859922237
110835,1.3189800039536288,,0.0,1.3189800039536288,5.2735775783
110840,1.3189770019976066,,0.0,1.3189770019976066,5.2582789529
110845,1.318974027861731,,0.0,1.318974027861731,5.2360887798
110850,1.3189710841658364,,0.0,1.3189710841658364,5.2263943845
110855,1.3189681732802498,,0.0,1.3189681732802498,5.219949632
110860,1.3189652972010353,,0.0,1.3189652972010353,5.2390866843
110865,1.318962457549995,,0.0,1.318962457549995,5.265192792
110870,1.3189596558241772,,0.0,1.3189596558241772,5.2938048725
110875,1.3189568932711224,,0.0,1.3189568932711224,5.3357359425
110880,1.3189541702650922,,0.0,1.3189541702650922,5.3666123296
110885,1.318951486681333,,0.0,1.318951486681333,5.3905386741
110890,1.3189488423950906,,0.0,1.3189488423950906,5.40751497
110895,1.318946236657841,,0.0,1.318946236657841,5.4125902313
110900,1.3189436682220435,,0.0,1.3189436682220435,5.4126863905
110905,1.3189411353411424,,0.0,1.3189411353411424,5.3987663638
110910,1.3189386360190731,,0.0,1.3189386360190731,5.3750730661
110915,1.3189361680102631,,0.0,1.3189361680102631,5.3526377418
110920,1.3189337290691405,,0.0,1.3189337290691405,5.3304694102
110925,1.3189313164511163,,0.0,1.3189313164511163,5.3130607153
110930,1.3189289272868479,,0.0,1.3189289272868479,5.3099313249
110935,1.3189265585822394,,0.0,1.3189265585822394,5.3135588131
110940,1.3189242072184397,,0.0,1.3189242072184397,5.3102682777
110945,1.3189218702013525,,0.0,1.3189218702013525,5.3111868343
110950,1.3189195441626191,,0.0,1.3189195441626191,5.3106994484
110955,1.3189172259833895,,0.0,1.3189172259833895,5.316866917
110960,1.3189149125448123,,0.0,1.3189149125448123,5.3186676961
110965,1.3189126007280376,,0.0,1.3189126007280376,5.3175338199
110970,1.3189102875389687,,0.0,1.3189102875389687,5.329022894
110975,1.3189079701082629,,0.0,1.3189079701082629,5.3448945332
110980,1.3189056458160857,,0.0,1.3189056458160857,5.3498576574
110985,1.3189033124168652,,0.0,1.3189033124168652,5.3478835127
110990,1.3189009677897827,,0.0,1.3189009677897827,5.3499642969
110995,1.318898610188282,,0.0,1.318898610188282,5.3614067421
111000,1.3188962394876091,,0.0,1.3188962394876091,5.3819489872
111005,1.3188938548144857,,0.0,1.3188938548144857,5.4026433455
111010,1.3188914551708797,,0.0,1.3188914551708797,5.4182760121
111015,1.318889039683513,,0.0,1.318889039683513,5.4291810294
111020,1.3188866086018936,,0.0,1.3188866086018936,5.4411950644
111025,1.3188841637973316,,0.0,1.3188841637973316,5.4440389669
111030,1.3188817055193354,,0.0,1.3188817055193354,5.439716983
111035,1.318879234641183,,0.0,1.318879234641183,5.4223882751
111040,1.3188767521609068,,0.0,1.3188767521609068,5.3986073464
111045,1.3188742594508005,,0.0,1.3188742594508005,5.3773152116
111050,1.318871758631683,,0.0,1.318871758631683,5.3603069392
111055,1.3188692519491265,,0.0,1.3188692519491265,5.3366349666
111060,1.3188667423972273,,0.0,1.3188667423972273,5.3192027385
111065,1.3188642329700822,,0.0,1.3188642329700822,5.3036072317
111070,1.3188617274103118,,0.0,1.3188617274103118,5.2863064243
111075,1.3188592293357828,,0.0,1.3188592293357828,5.2625283555
111080,1.3188567427386237,,0.0,1.3188567427386237,5.241734039
111085,1.3188542718604714,,0.0,1.3188542718604714,5.2192099253
111090,1.3188518208182085,,0.0,1.3188518208182085,5.2061203295
111095,1.3188493939782258,,0.0,1.3188493939782258,5.1982132468
111100,1.3188469952078978,,0.0,1.3188469952078978,5.1956775835
111105,1.3188446284993536,,0.0,1.3188446284993536,5.1963244063
111110,1.3188422973457055,,0.0,1.3188422973457055,5.2067465459
111115,1.318840004865804,,0.0,1.318840004865804,5.2162122713
111120,1.318837753928992,,0.0,1.318837753928992,5.2312179856
111125,1.318835546656087,,0.0,1.318835546656087,5.2486454687
111130,1.3188333847936464,,0.0,1.3188333847936464,5.2606480055
111135,1.3188312694644555,,0.0,1.3188312694644555,5.2674654694
111140,1.318829200793269,,0.0,1.318829200793269,5.2695878888
111145,1.3188271785305783,,0.0,1.3188271785305783,5.2727085937
111150,1.3188252014288437,,0.0,1.3188252014288437,5.2992689928
111155,1.3188232678662624,,0.0,1.3188232678662624,5.3176084325
111160,1.3188213753477545,,0.0,1.3188213753477545,5.3314861321
111165,1.3188195210039768,,0.0,1.3188195210039768,5.3425773766
111170,1.3188177014665712,,0.0,1.3188177014665712,5.355839969
111175,1.3188159129929173,,0.0,1.3188159129929173,5.3542966491
111180,1.31881415171564,,0.0,1.31881415171564,5.3427011043
111185,1.3188124135178565,,0.0,1.3188124135178565,5.334554377
111190,1.3188106944074387,,0.0,1.3188106944074387,5.3238233904
111195,1.318808990766519,,0.0,1.318808990766519,5.3091638688
111200,1.318807298977232,,0.0,1.318807298977232,5.2927298222
111205,1.3188056160454802,,0.0,1.3188056160454802,5.2760889096
111210,1.3188039394761835,,0.0,1.3188039394761835,5.2596041499
111215,1.3188022672732778,,0.0,1.3188022672732778,5.241712276
111220,1.3188005984387303,,0.0,1.3188005984387303,5.228823832
111225,1.3187989324735256,,0.0,1.3187989324735256,5.2178777992
111230,1.3187972698766792,,0.0,1.3187972698766792,5.2212286411
111235,1.3187956118957318,,0.0,1.3187956118957318,5.2350122413
111240,1.3187939606515016,,0.0,1.3187939606515016,5.259231151
111245,1.318792319013331,,0.0,1.318792319013331,5.2795075823
111250,1.3187906912228566,,0.0,1.3187906912228566,5.2975580035
111255,1.3187890813969616,,0.0,1.3187890813969616,5.3148389183
111260,1.3187874942762985,,0.0,1.3187874942762985,5.3218292038
111265,1.3187859351005362,,0.0,1.3187859351005362,5.327815051
111270,1.3187844093588517,,0.0,1.3187844093588517,5.3209600346
111275,1.318782922914684,,0.0,1.318782922914684,5.3033688216
111280,1.3187814815067183,,0.0,1.3187814815067183,5.2875810281
111285,1.318780090873639,,0.0,1.318780090873639,5.2720504743
111290,1.3187787565046236,,0.0,1.3187787565046236,5.2463044481
111295,1.318777482890817,,0.0,1.318777482890817,5.22963169
111300,1.3187762743986093,,0.0,1.3187762743986093,5.2232920007
111305,1.3187751340220977,,0.0,1.3187751340220977,5.2308971123
111310,1.3187740638821,,0.0,1.3187740638821,5.2510784148
111315,1.318773064727141,,0.0,1.318773064727141,5.2681854119
111320,1.3187721360582039,,0.0,1.3187721360582039,5.2969727907
111325,1.3187712756297167,,0.0,1.3187712756297167,5.3280567796
111330,1.3187704796990587,,0.0,1.3187704796990587,5.3504448024
111335,1.318769743151315,,0.0,1.318769743151315,5.3650992573
111340,1.3187690588755063,,0.0,1.3187690588755063,5.3747611582
111345,1.3187684181388515,,0.0,1.3187684181388515,5.3766474827
111350,1.3187678108362741,,0.0,1.3187678108362741,5.3627737056
111355,1.3187672252408966,,0.0,1.3187672252408966,5.3365665563
111360,1.3187666486278087,,0.0,1.3187666486278087,5.311905631
111365,1.3187660672740678,,0.0,1.3187660672740678,5.2936064348
111370,1.3187654660844377,,0.0,1.3187654660844377,5.286727153
111375,1.3187648300884354,,0.0,1.3187648300884354,5.2788808132
111380,1.3187641436918085,,0.0,1.3187641436918085,5.2687372682
111385,1.3187633913003038,,0.0,1.3187633913003038,5.2786961105
111390,1.3187625576939315,,0.0,1.3187625576939315,5.2870131382
111395,1.3187616287754862,,0.0,1.3187616287754862,5.2980440338
111400,1.3187605909467806,,0.0,1.3187605909467806,5.3080484824
111405,1.3187594329799517,,0.0,1.3187594329799517,5.3094573675
111410,1.3187581443956624,,0.0,1.3187581443956624,5.3071006197
111415,1.3187567163363767,,0.0,1.3187567163363767,5.3179017405
111420,1.318755142689148,,0.0,1.318755142689148,5.3306800907
111425,1.3187534183390608,,0.0,1.3187534183390608,5.3419240853
111430,1.3187515395434952,,0.0,1.3187515395434952,5.3505480138
111435,1.3187495049301563,,0.0,1.3187495049301563,5.3606405623
111440,1.3187473151228148,,0.0,1.3187473151228148,5.3788315382
111445,1.3187449727413045,,0.0,1.3187449727413045,5.4082133747
111450,1.318742482526279,,0.0,1.318742482526279,5.437197493
111455,1.3187398508401929,,0.0,1.3187398508401929,5.4635475125
111460,1.3187370857920573,,0.0,1.3187370857920573,5.4863766526
111465,1.3187341967384245,,0.0,1.3187341967384245,5.4984992333
111470,1.318731194657648,,0.0,1.318731194657648,5.5042372497
111475,1.3187280914013602,,0.0,1.3187280914013602,5.4988641974
111480,1.3187248996944707,,0.0,1.3187248996944707,5.4917363757
111485,1.3187216332599225,,0.0,1.3187216332599225,5.4750406916
111490,1.3187183058206575,,0.0,1.3187183058206575,5.4504028324
111495,1.3187149313491267,,0.0,1.3187149313491267,5.4267619337
111500,1.3187115240672878,,0.0,1.3187115240672878,5.3996277986
111505,1.3187080974485759,,0.0,1.3187080974485759,5.3836848959
111510,1.3187046644674087,,0.0,1.3187046644674087,5.3639402571
111515,1.3187012369754185,,0.0,1.3187012369754185,5.3449708723
111520,1.318697825576697,,0.0,1.318697825576697,5.3177823805
111525,1.318694439378288,,0.0,1.318694439378288,5.3082140071
111530,1.3186910853664164,,0.0,1.3186910853664164,5.2935377936
111535,1.3186877687807514,,0.0,1.3186877687807514,5.2949663654
111540,1.3186844923658816,,0.0,1.3186844923658816,5.294420348
111545,1.3186812567455766,,0.0,1.3186812567455766,5.3004572118
111550,1.3186780600485264,,0.0,1.3186780600485264,5.3066991538
111555,1.3186748979083402,,0.0,1.3186748979083402,5.3129627688
111560,1.318671764087317,,0.0,1.318671764087317,5.3210281695
111565,1.318668649977429,,0.0,1.318668649977429,5.334392937
111570,1.318665545348847,,0.0,1.318665545348847,5.3506286414
111575,1.3186624384746923,,0.0,1.3186624384746923,5.3584405906
111580,1.3186593165053009,,0.0,1.3186593165053009,5.36002053
111585,1.3186561658424847,,0.0,1.3186561658424847,5.3618361319
111590,1.3186529727633012,,0.0,1.3186529727633012,5.3676783663
111595,1.31864972391907,,0.0,1.31864972391907,5.3884747222
111600,1.3186464064601269,,0.0,1.3186464064601269,5.4118384671
111605,1.3186430091586099,,0.0,1.3186430091586099,5.4198054737
111610,1.3186395220341973,,0.0,1.3186395220341973,5.4049900781
111615,1.31863593735214,,0.0,1.31863593735214,5.4094971006
111620,1.3186322497480145,,0.0,1.3186322497480145,5.3996555486
111625,1.318628456726741,,0.0,1.318628456726741,5.3768353289
111630,1.3186245582883191,,0.0,1.3186245582883191,5.3671394809
111635,1.3186205575515995,,0.0,1.3186205575515995,5.3689145618
111640,1.3186164603800212,,0.0,1.3186164603800212,5.3637115738
111645,1.3186122758806278,,0.0,1.3186122758806278,5.3517729283
111650,1.3186080151565271,,0.0,1.3186080151565271,5.3370251879
111655,1.318603693178202,,0.0,1.318603693178202,5.3142587586
111660,1.3185993257894126,,0.0,1.3185993257894126,5.2869486573
111665,1.3185949304557225,,0.0,1.3185949304557225,5.2632599423
111670,1.318590525890235,,0.0,1.318590525890235,5.2372051719
111675,1.3185861315545773,,0.0,1.3185861315545773,5.2245791234
111680,1.3185817676589007,,0.0,1.3185817676589007,5.2261699436
111685,1.3185774539143407,,0.0,1.3185774539143407,5.2339588846
111690,1.318573210032033,,0.0,1.318573210032033,5.240998706
111695,1.3185690546003268,,0.0,1.3185690546003268,5.2495704325
111700,1.3185650052095388,,0.0,1.3185650052095388,5.246235788
111705,1.318561077952938,,0.0,1.318561077952938,5.2414949718
111710,1.3185572869277287,,0.0,1.3185572869277287,5.237735807
111715,1.3185536443598052,,0.0,1.3185536443598052,5.2289838649
111720,1.318550160104735,,0.0,1.318550160104735,5.215967598
111725,1.3185468416477597,,0.0,1.3185468416477597,5.1973252955
111730,1.3185436939790403,,0.0,1.3185436939790403,5.1860797826
111735,1.3185407193441483,,0.0,1.3185407193441483,5.1768674261
111740,1.3185379173688225,,0.0,1.3185379173688225,5.1769782488
111745,1.3185352848094583,,0.0,1.3185352848094583,5.1777619448
111750,1.3185328160521244,,0.0,1.3185328160521244,5.1865519946
111755,1.318530502239285,,0.0,1.318530502239285,5.2100327012
111760,1.3185283323925867,,0.0,1.3185283323925867,5.2295431174
111765,1.3185262927890873,,0.0,1.3185262927890873,5.2537702684
111770,1.3185243672107636,,0.0,1.3185243672107636,5.2865617756
111775,1.3185225370692661,,0.0,1.3185225370692661,5.3136320117
111780,1.3185207792851013,,0.0,1.3185207792851013,5.3286741368
111785,1.318519068408449,,0.0,1.318519068408449,5.3316276684
111790,1.3185173778667019,,0.0,1.3185173778667019,5.327017025
111795,1.3185156804634834,,0.0,1.3185156804634834,5.3180689608
111800,1.3185139485034012,,0.0,1.3185139485034012,5.3025825573
111805,1.3185121545405702,,0.0,1.3185121545405702,5.2801340727
111810,1.3185102700063194,,0.0,1.3185102700063194,5.2647592177
111815,1.3185082669557484,,0.0,1.3185082669557484,5.2537580674
111820,1.318506118941004,,0.0,1.318506118941004,5.2366871766
111825,1.318503801011282,,0.0,1.318503801011282,5.2257414484
111830,1.3185012904613507,,0.0,1.3185012904613507,5.2100090226
111835,1.3184985664572886,,0.0,1.3184985664572886,5.1811653721
111840,1.318495610410746,,0.0,1.318495610410746,5.1887457733
111845,1.3184924058541925,,0.0,1.3184924058541925,5.2003137629
111850,1.3184889388151775,,0.0,1.3184889388151775,5.2157632287
111855,1.3184851981905927,,0.0,1.3184851981905927,5.2284966467
111860,1.3184811749981493,,0.0,1.3184811749981493,5.2733537129
111865,1.318476863249654,,0.0,1.318476863249654,5.2877844378
111870,1.3184722592024858,,0.0,1.3184722592024858,5.3005317753
111875,1.3184673619833667,,0.0,1.3184673619833667,5.311115151
111880,1.3184621732140993,,0.0,1.3184621732140993,5.3282407354
111885,1.3184566971363199,,0.0,1.3184566971363199,5.351994447
111890,1.3184509403619917,,0.0,1.3184509403619917,5.3861570274
111895,1.3184449121229127,,0.0,1.3184449121229127,5.4132468457
111900,1.3184386241459607,,0.0,1.3184386241459607,5.4315190579
111905,1.3184320900293238,,0.0,1.3184320900293238,5.4416792586
111910,1.3184253262405332,,0.0,1.3184253262405332,5.45118497
111915,1.318418350993676,,0.0,1.318418350993676,5.4497233743
111920,1.3184111844989035,,0.0,1.3184111844989035,5.4431139062
111925,1.3184038487129237,,0.0,1.3184038487129237,5.4310117356
111930,1.3183963673390007,,0.0,1.3183963673390007,5.4164115485
111935,1.3183887652031847,,0.0,1.3183887652031847,5.4098602595
111940,1.3183810681295585,,0.0,1.3183810681295585,5.3986691094
111945,1.3183733025659743,,0.0,1.3183733025659743,5.3874017292
111950,1.3183654950850385,,0.0,1.3183654950850385,5.3709302601
111955,1.3183576725088664,,0.0,1.3183576725088664,5.3558199996
111960,1.3183498604120323,,0.0,1.3183498604120323,5.3408896268
111965,1.3183420838700939,,0.0,1.3183420838700939,5.3201801733
111970,1.318334366336808,,0.0,1.318334366336808,5.2983916216
111975,1.318326729269866,,0.0,1.318326729269866,5.2803362978
111980,1.3183191922556492,,0.0,1.3183191922556492,5.2751257735
111985,1.318311772135951,,0.0,1.318311772135951,5.2714342427
111990,1.3183044833822373,,0.0,1.3183044833822373,5.2718384741
111995,1.3182973374718785,,0.0,1.3182973374718785,5.2711139767
112000,1.3182903432624098,,0.0,1.3182903432624098,5.2684668488
112005,1.3182835066172707,,0.0,1.3182835066172707,5.2700829894
112010,1.3182768311543274,,0.0,1.3182768311543274,5.2762813523
112015,1.31827031749735,,0.0,1.31827031749735,5.2834034996
112020,1.3182639641492906,,0.0,1.3182639641492906,5.2892445953
112025,1.3182577679912986,,0.0,1.3182577679912986,5.29197437
112030,1.3182517232846886,,0.0,1.3182517232846886,5.2951464889
112035,1.3182458207976633,,0.0,1.3182458207976633,5.3081974488
112040,1.3182400500508848,,0.0,1.3182400500508848,5.3159758066
112045,1.3182344001907533,,0.0,1.3182344001907533,5.3231448261
112050,1.318228860862685,,0.0,1.318228860862685,5.3205741359
112055,1.3182234224606202,,0.0,1.3182234224606202,5.3234644038
112060,1.318218075628007,,0.0,1.318218075628007,5.3385029024
112065,1.3182128123805887,,0.0,1.3182128123805887,5.3409383517
112070,1.3182076252331236,,0.0,1.3182076252331236,5.3438592738
112075,1.3182025079479105,,0.0,1.3182025079479105,5.3415643015
112080,1.3181974550357725,,0.0,1.3181974550357725,5.3431365935
112085,1.3181924617560568,,0.0,1.3181924617560568,5.3451660915
112090,1.3181875242413887,,0.0,1.3181875242413887,5.3367743139
112095,1.3181826392481637,,0.0,1.3181826392481637,5.3207112907
112100,1.3181778039070395,,0.0,1.3181778039070395,5.3032553414
112105,1.3181730155981812,,0.0,1.3181730155981812,5.2734869935
112110,1.318168272325525,,0.0,1.318168272325525,5.2354968964
112115,1.3181635715939901,,0.0,1.3181635715939901,5.2131271518
112120,1.3181589112827583,,0.0,1.3181589112827583,5.1919449111
112125,1.318154290144289,,0.0,1.318154290144289,5.1780774091
112130,1.3181497068062884,,0.0,1.3181497068062884,5.1704286339
112135,1.3181451605202321,,0.0,1.3181451605202321,5.1587212583
112140,1.3181406512861205,,0.0,1.3181406512861205,5.14417381
112145,1.318136178854445,,0.0,1.318136178854445,5.1329938813
112150,1.3181317440984843,,0.0,1.3181317440984843,5.1383137992
112155,1.318127348141024,,0.0,1.318127348141024,5.1447288092
112160,1.3181229926038671,,0.0,1.3181229926038671,5.1506539366
112165,1.3181186798573394,,0.0,1.3181186798573394,5.1543663953
112170,1.3181144125212756,,0.0,1.3181144125212756,5.1509973196
112175,1.3181101942135423,,0.0,1.3181101942135423,5.1462671739
112180,1.31810602867676,,0.0,1.31810602867676,5.1366193427
112185,1.318101920526828,,0.0,1.318101920526828,5.1296252086
112190,1.3180978747539067,,0.0,1.3180978747539067,5.1318014902
112195,1.318093896722419,,0.0,1.318093896722419,5.1415082451
112200,1.31808999217105,,0.0,1.31808999217105,5.1528822247
112205,1.3180861673375008,,0.0,1.3180861673375008,5.1733103808
112210,1.3180824283347188,,0.0,1.3180824283347188,5.2008959288
112215,1.3180787815251587,,0.0,1.3180787815251587,5.2302582077
112220,1.3180752332712753,,0.0,1.3180752332712753,5.2628588863
112225,1.3180717898107703,,0.0,1.3180717898107703,5.2879701214
112230,1.3180684568823284,,0.0,1.3180684568823284,5.3037775973
112235,1.318065240224635,,0.0,1.318065240224635,5.3093370565
112240,1.3180621445783423,,0.0,1.3180621445783423,5.300050693
112245,1.3180591741850873,,0.0,1.3180591741850873,5.2736112767
112250,1.3180563329122446,,0.0,1.3180563329122446,5.2392468472
112255,1.318053623254895,,0.0,1.318053623254895,5.2065667261
112260,1.3180510472091025,,0.0,1.3180510472091025,5.1782453095
112265,1.318048605024375,,0.0,1.318048605024375,5.1446831927
112270,1.3180462962016966,,0.0,1.3180462962016966,5.1227456813
112275,1.3180441189945111,,0.0,1.3180441189945111,5.1127138968
112280,1.318042069909706,,0.0,1.318042069909706,5.1006127935
112285,1.31804014458089,,0.0,1.31804014458089,5.11007004
112290,1.3180383401387212,,0.0,1.3180383401387212,5.1265887654
112295,1.3180366500959906,,0.0,1.3180366500959906,5.1454757327
112300,1.3180350659694238,,0.0,1.3180350659694238,5.1712923299
112305,1.3180335777786998,,0.0,1.3180335777786998,5.2159025052
112310,1.3180321749197266,,0.0,1.3180321749197266,5.2685461192
112315,1.3180308461646422,,0.0,1.3180308461646422,5.3154500878
112320,1.3180295799113226,,0.0,1.3180295799113226,5.346936046
112325,1.3180283640586279,,0.0,1.3180283640586279,5.3522991173
112330,1.3180271866301718,,0.0,1.3180271866301718,5.3626708267
112335,1.3180260366476004,,0.0,1.3180260366476004,5.3861676393
112340,1.318024903257314,,0.0,1.318024903257314,5.3982359672
112345,1.3180237747324344,,0.0,1.3180237747324344,5.3961955953
112350,1.3180226400946076,,0.0,1.3180226400946076,5.3939966689
112355,1.3180214889892499,,0.0,1.3180214889892499,5.3995756673
112360,1.3180203115607938,,0.0,1.3180203115607938,5.3996488551
112365,1.3180190988269496,,0.0,1.3180190988269496,5.3984486978
112370,1.31801784280346,,0.0,1.31801784280346,5.3862418705
112375,1.3180165365040994,,0.0,1.3180165365040994,5.374215293
112380,1.3180151736911672,,0.0,1.3180151736911672,5.3723690091
112385,1.3180137497487643,,0.0,1.3180137497487643,5.3759496258
112390,1.3180122609342702,,0.0,1.3180122609342702,5.3751672369
112395,1.3180107042535882,,0.0,1.3180107042535882,5.3727452518
112400,1.3180090777106543,,0.0,1.3180090777106543,5.360972167
112405,1.3180073800579282,,0.0,1.3180073800579282,5.3360175876
112410,1.3180056109211473,,0.0,1.3180056109211473,5.2952204095
112415,1.3180037701755583,,0.0,1.3180037701755583,5.2695902136
112420,1.3180018589439468,,0.0,1.3180018589439468,5.2605795667
112425,1.3179998783490994,,0.0,1.3179998783490994,5.2470988123
112430,1.3179978302623263,,0.0,1.3179978302623263,5.2363382301
112435,1.317995717303462,,0.0,1.317995717303462,5.2332296738
112440,1.3179935417180788,,0.0,1.3179935417180788,5.2362556956
112445,1.3179913065002735,,0.0,1.3179913065002735,5.2347721727
112450,1.317989014519388,,0.0,1.317989014519388,5.2328392323
112455,1.3179866685200115,,0.0,1.3179866685200115,5.237756097
112460,1.3179842714962398,,0.0,1.3179842714962398,5.2372615353
112465,1.3179818264421699,,0.0,1.3179818264421699,5.2354259915
112470,1.3179793362271441,,0.0,1.3179793362271441,5.2397301234
112475,1.317976803845259,,0.0,1.317976803845259,5.2522254372
112480,1.3179742325401194,,0.0,1.3179742325401194,5.262982853
112485,1.3179716253058213,,0.0,1.3179716253058213,5.2691755909
112490,1.3179689857602317,,0.0,1.3179689857602317,5.2658582863
112495,1.3179663175212173,,0.0,1.3179663175212173,5.2547811741
112500,1.3179636245809063,,0.0,1.3179636245809063,5.2573170046
112505,1.317960911555198,,0.0,1.317960911555198,5.2758614817
112510,1.317958183434253,,0.0,1.317958183434253,5.286765342
112515,1.3179554459567566,,0.0,1.3179554459567566,5.2884294142
112520,1.3179527053604092,,0.0,1.3179527053604092,5.2961015287
112525,1.3179499688809448,,0.0,1.3179499688809448,5.3005456055
112530,1.3179472438788506,,0.0,1.3179472438788506,5.2898814431
112535,1.3179445385878916,,0.0,1.3179445385878916,5.278728702
112540,1.3179418609923252,,0.0,1.3179418609923252,5.2688197815
112545,1.3179392197001794,,0.0,1.3179392197001794,5.2604702513
112550,1.3179366238184973,,0.0,1.3179366238184973,5.242564827
112555,1.3179340824543226,,0.0,1.3179340824543226,5.2294102467
112560,1.3179316053384693,,0.0,1.3179316053384693,5.2124866112
112565,1.3179292024512586,,0.0,1.3179292024512586,5.1966503154
112570,1.3179268836482587,,0.0,1.3179268836482587,5.1909143544
112575,1.317924659034545,,0.0,1.317924659034545,5.1825739086
112580,1.3179225379666695,,0.0,1.3179225379666695,5.1656521321
112585,1.3179205298011833,,0.0,1.3179205298011833,5.1573995195
112590,1.317918643270868,,0.0,1.317918643270868,5.1615980847
112595,1.3179168861104735,,0.0,1.3179168861104735,5.1682402703
112600,1.3179152649319625,,0.0,1.3179152649319625,5.1708763074
112605,1.317913785349266,,0.0,1.317913785349266,5.167923864
112610,1.3179124512297586,,0.0,1.3179124512297586,5.1647890201
112615,1.3179112655675371,,0.0,1.3179112655675371,5.1546264479
112620,1.3179102293606335,,0.0,1.3179102293606335,5.1421412205
112625,1.3179093424842936,,0.0,1.3179093424842936,5.1330967349
112630,1.3179086029424534,,0.0,1.3179086029424534,5.1240739421
112635,1.3179080074915084,,0.0,1.3179080074915084,5.1218687772
112640,1.3179075512660512,,0.0,1.3179075512660512,5.1309895493
112645,1.3179072282778892,,0.0,1.3179072282778892,5.1535264176
112650,1.317907031291289,,0.0,1.317907031291289,5.1863501523
112655,1.3179069520724853,,0.0,1.3179069520724853,5.2260271962
112660,1.3179069817639424,,0.0,1.3179069817639424,5.2749294722
112665,1.3179071105100928,,0.0,1.3179071105100928,5.3158206901
112670,1.3179073284553686,,0.0,1.3179073284553686,5.3495220906
112675,1.3179076254946942,,0.0,1.3179076254946942,5.3734306846
112680,1.3179079915229936,,0.0,1.3179079915229936,5.3814777933
112685,1.3179084169342072,,0.0,1.3179084169342072,5.3737354882
112690,1.3179088922470297,,0.0,1.3179088922470297,5.3535835172
112695,1.3179094092276953,,0.0,1.3179094092276953,5.3219476418
112700,1.3179099601414548,,0.0,1.3179099601414548,5.3062730819
112705,1.3179105377525748,,0.0,1.3179105377525748,5.2833372776
112710,1.3179111355738464,,0.0,1.3179111355738464,5.2548811884
112715,1.3179117487398628,,0.0,1.3179117487398628,5.2291349123
112720,1.3179123737575111,,0.0,1.3179123737575111,5.2214412657
112725,1.3179130090049893,,0.0,1.3179130090049893,5.2194938021
112730,1.3179136539832812,,0.0,1.3179136539832812,5.2450827174
112735,1.3179143095656647,,0.0,1.3179143095656647,5.2667106903
112740,1.3179149778729586,,0.0,1.3179149778729586,5.2835155316
112745,1.3179156614002432,,0.0,1.3179156614002432,5.3111913458
112750,1.317916363640631,,0.0,1.317916363640631,5.3491044985
112755,1.3179170883367426,,0.0,1.3179170883367426,5.3842925569
112760,1.3179178393559527,,0.0,1.3179178393559527,5.4036075527
112765,1.3179186203161282,,0.0,1.3179186203161282,5.3995140739
112770,1.3179194347103813,,0.0,1.3179194347103813,5.3991342641
112775,1.317920285158547,,0.0,1.317920285158547,5.4075105672
112780,1.317921173781443,,0.0,1.317921173781443,5.4193927343
112785,1.3179221010780857,,0.0,1.3179221010780857,5.4247728831
112790,1.317923066299951,,0.0,1.317923066299951,5.4185088552
112795,1.3179240674509745,,0.0,1.3179240674509745,5.4011982391
112800,1.317925101412306,,0.0,1.317925101412306,5.3965382108
112805,1.3179261638175541,,0.0,1.3179261638175541,5.3846634922
112810,1.317927249302296,,0.0,1.317927249302296,5.3659425402
112815,1.3179283521278473,,0.0,1.3179283521278473,5.3459473608
112820,1.3179294654327363,,0.0,1.3179294654327363,5.3116615526
112825,1.317930582355492,,0.0,1.317930582355492,5.3046927461
112830,1.317931695909889,,0.0,1.317931695909889,5.2896411473
112835,1.3179327992344563,,0.0,1.3179327992344563,5.2777868086
112840,1.3179338859667387,,0.0,1.3179338859667387,5.2661702407
112845,1.317934950492805,,0.0,1.317934950492805,5.2466126908
112850,1.3179359884462651,,0.0,1.3179359884462651,5.2166723915
112855,1.3179369962092518,,0.0,1.3179369962092518,5.1870381137
112860,1.3179379720352091,,0.0,1.3179379720352091,5.1650815642
112865,1.3179389155498746,,0.0,1.3179389155498746,5.1427006434
112870,1.3179398280007888,,0.0,1.3179398280007888,5.1193046311
112875,1.3179407122572941,,0.0,1.3179407122572941,5.1086258597
112880,1.3179415730600434,,0.0,1.3179415730600434,5.1082148696
112885,1.3179424161477216,,0.0,1.3179424161477216,5.115171933
112890,1.317943248880816,,0.0,1.317943248880816,5.1176398331
112895,1.3179440796178459,,0.0,1.3179440796178459,5.1123286469
112900,1.317944917341101,,0.0,1.317944917341101,5.111365032
112905,1.3179457715318872,,0.0,1.3179457715318872,5.1102925232
112910,1.3179466516715097,,0.0,1.3179466516715097,5.1011265026
112915,1.3179475671165204,,0.0,1.3179475671165204,5.0846194329
112920,1.3179485263501927,,0.0,1.3179485263501927,5.0693814545
112925,1.317949536982522,,0.0,1.317949536982522,5.0593984833
112930,1.3179506056254715,,0.0,1.3179506056254715,5.0441232075
112935,1.3179517367701854,,0.0,1.3179517367701854,5.036816888
112940,1.3179529337850229,,0.0,1.3179529337850229,5.0307501138
112945,1.317954197668016,,0.0,1.317954197668016,5.0326854918
112950,1.3179555269221166,,0.0,1.3179555269221166,5.0418965964
112955,1.3179569181789657,,0.0,1.3179569181789657,5.0540485974
112960,1.3179583659493865,,0.0,1.3179583659493865,5.0688781321
112965,1.3179598623738762,,0.0,1.3179598623738762,5.0791686931
112970,1.3179613978463742,,0.0,1.3179613978463742,5.0921428968
112975,1.3179629610142651,,0.0,1.3179629610142651,5.1012725342
112980,1.3179645392773929,,0.0,1.3179645392773929,5.1015644568
112985,1.3179661187880607,,0.0,1.3179661187880607,5.0886032444
112990,1.3179676851995563,,0.0,1.3179676851995563,5.0738107776
112995,1.317969223915659,,0.0,1.317969223915659,5.0670915321
113000,1.3179707203401485,,0.0,1.3179707203401485,5.0674028309
113005,1.3179721608748363,,0.0,1.3179721608748363,5.0630145707
113010,1.317973532295796,,0.0,1.317973532295796,5.0578958634
113015,1.3179748231256578,,0.0,1.3179748231256578,5.04513634
113020,1.3179760235088538,,0.0,1.3179760235088538,5.0344168026
113025,1.317977125710635,,0.0,1.317977125710635,5.0324595052
113030,1.317978123992316,,0.0,1.317978123992316,5.0328825834
113035,1.3179790152350466,,0.0,1.3179790152350466,5.0392989335
113040,1.3179797988150563,,0.0,1.3179797988150563,5.0520771331
113045,1.3179804764789018,,0.0,1.3179804764789018,5.0765963348
113050,1.3179810520939577,,0.0,1.3179810520939577,5.0970351386
113055,1.3179815321474329,,0.0,1.3179815321474329,5.1129041677
113060,1.317981924748339,,0.0,1.317981924748339,5.1232349132
113065,1.3179822396274896,,0.0,1.3179822396274896,5.1313061062
113070,1.3179824878879927,,0.0,1.3179824878879927,5.1354494597
113075,1.3179826812567261,,0.0,1.3179826812567261,5.1411036804
113080,1.3179828320843383,,0.0,1.3179828320843383,5.139194061
113085,1.317982952471969,,0.0,1.317982952471969,5.1461779017
113090,1.317983054645513,,0.0,1.317983054645513,5.1509885413
113095,1.3179831495833232,,0.0,1.3179831495833232,5.1757549127
113100,1.3179832481390004,,0.0,1.3179832481390004,5.214038448
113105,1.3179833604176199,,0.0,1.3179833604176199,5.2649540898
113110,1.3179834924073748,,0.0,1.3179834924073748,5.3177138983
113115,1.3179836487241638,,0.0,1.3179836487241638,5.3686996493
113120,1.3179838322373296,,0.0,1.3179838322373296,5.4047306027
113125,1.3179840448181825,,0.0,1.3179840448181825,5.4264252736
113130,1.3179842867162304,,0.0,1.3179842867162304,5.434419767
113135,1.3179845576819655,,0.0,1.3179845576819655,5.4303361809
113140,1.317984855719323,,0.0,1.317984855719323,5.4172642553
113145,1.3179851780837148,,0.0,1.3179851780837148,5.4081283736
113150,1.3179855205335043,,0.0,1.3179855205335043,5.4069633838
113155,1.3179858790765624,,0.0,1.3179858790765624,5.4002259491
113160,1.3179862493464987,,0.0,1.3179862493464987,5.3936758709
113165,1.317986625604628,,0.0,1.317986625604628,5.3981738339
113170,1.3179870026112812,,0.0,1.3179870026112812,5.4088442552
113175,1.3179873751267899,,0.0,1.3179873751267899,5.4218181188
113180,1.3179877394085329,,0.0,1.3179877394085329,5.4302328471
113185,1.3179880919633982,,0.0,1.3179880919633982,5.4564791803
113190,1.3179884304210587,,0.0,1.3179884304210587,5.4889644732
113195,1.317988754032991,,0.0,1.317988754032991,5.5351376634
113200,1.3179890635477185,,0.0,1.3179890635477185,5.5562652382
113205,1.3179893617098302,,0.0,1.3179893617098302,5.5753127201
113210,1.3179896527609627,,0.0,1.3179896527609627,5.5907105238
113215,1.317989941816031,,0.0,1.317989941816031,5.59888028
113220,1.3179902351127357,,0.0,1.3179902351127357,5.603460027
113225,1.3179905395125484,,0.0,1.3179905395125484,5.6149110365
113230,1.3179908622512022,,0.0,1.3179908622512022,5.6262035518
113235,1.317991210564431,,0.0,1.317991210564431,5.6178876623
113240,1.3179915909394426,,0.0,1.3179915909394426,5.5968858341
113245,1.3179920096139393,,0.0,1.3179920096139393,5.5672705895
113250,1.3179924712038193,,0.0,1.3179924712038193,5.538629531
113255,1.3179929795764576,,0.0,1.3179929795764576,5.5107279222
113260,1.31799353585464,,0.0,1.31799353585464,5.469391858
113265,1.3179941391650885,,0.0,1.3179941391650885,5.4479439956
113270,1.3179947863889527,,0.0,1.3179947863889527,5.4270634466
113275,1.3179954717875475,,0.0,1.3179954717875475,5.3975415281
113280,1.3179961877508777,,0.0,1.3179961877508777,5.3654928441
113285,1.3179969246728833,,0.0,1.3179969246728833,5.3404213262
113290,1.317997671200949,,0.0,1.317997671200949,5.3090778893
113295,1.3179984144854098,,0.0,1.3179984144854098,5.2697124617
113300,1.3179991405538156,,0.0,1.3179991405538156,5.2505685838
113305,1.3179998346851918,,0.0,1.3179998346851918,5.2410972399
113310,1.318000481659548,,0.0,1.318000481659548,5.2376775004
113315,1.3180010666311555,,0.0,1.3180010666311555,5.2305098932
113320,1.3180015748790397,,0.0,1.3180015748790397,5.2215391317
113325,1.318001992929766,,0.0,1.318001992929766,5.2185579841
113330,1.3180023084326868,,0.0,1.3180023084326868,5.2167606273
113335,1.3180025110332179,,0.0,1.3180025110332179,5.2171892235
113340,1.3180025922480858,,0.0,1.3180025922480858,5.2140232124
113345,1.3180025459643439,,0.0,1.3180025459643439,5.2162958819
113350,1.3180023690631413,,0.0,1.3180023690631413,5.2179892094
113355,1.318002061170216,,0.0,1.318002061170216,5.2174725675
113360,1.3180016244063861,,0.0,1.3180016244063861,5.2107187356
113365,1.318001063886567,,0.0,1.318001063886567,5.1981786602
113370,1.3180003884682938,,0.0,1.3180003884682938,5.1778324878
113375,1.3179996086309047,,0.0,1.3179996086309047,5.160201671
113380,1.3179987372240636,,0.0,1.3179987372240636,5.1419472748
113385,1.3179977890934993,,0.0,1.3179977890934993,5.1236866829
113390,1.3179967809562505,,0.0,1.3179967809562505,5.1242801083
113395,1.3179957311511585,,0.0,1.3179957311511585,5.1299994157
113400,1.3179946591398506,,0.0,1.3179946591398506,5.1350267716
113405,1.3179935848829705,,0.0,1.3179935848829705,5.1342644922
113410,1.3179925289649312,,0.0,1.3179925289649312,5.1370101296
113415,1.317991511471131,,0.0,1.317991511471131,5.1419597665
113420,1.3179905522374586,,0.0,1.3179905522374586,5.1229457398
113425,1.3179896701017717,,0.0,1.3179896701017717,5.1146506612
113430,1.3179888829038953,,0.0,1.3179888829038953,5.1158110168
113435,1.3179882103549647,,0.0,1.3179882103549647,5.1155180847
113440,1.3179876684234946,,0.0,1.3179876684234946,5.1144599044
113445,1.317987267963085,,0.0,1.317987267963085,5.1227221903
113450,1.317987017831272,,0.0,1.317987017831272,5.1192707619
113455,1.3179869247647718,,0.0,1.3179869247647718,5.106812363
113460,1.3179869936289919,,0.0,1.3179869936289919,5.0939010068
113465,1.3179872270437663,,0.0,1.3179872270437663,5.0937961708
113470,1.3179876251338494,,0.0,1.3179876251338494,5.0986427428
113475,1.3179881854041604,,0.0,1.3179881854041604,5.1033413628
113480,1.317988903488309,,0.0,1.317988903488309,5.1130032082
113485,1.3179897725248235,,0.0,1.3179897725248235,5.1307488736
113490,1.317990784654201,,0.0,1.317990784654201,5.1496419238
113495,1.3179919298961196,,0.0,1.3179919298961196,5.1651670901
113500,1.3179931978959953,,0.0,1.3179931978959953,5.1722622598
113505,1.3179945773012125,,0.0,1.3179945773012125,5.1866800283
113510,1.3179960565096467,,0.0,1.3179960565096467,5.200760773
113515,1.3179976237944204,,0.0,1.3179976237944204,5.2052481012
113520,1.3179992680524255,,0.0,1.3179992680524255,5.20491384
113525,1.3180009784300621,,0.0,1.3180009784300621,5.2115431381
113530,1.3180027449470084,,0.0,1.3180027449470084,5.2224956187
113535,1.318004558620975,,0.0,1.318004558620975,5.2393881838
113540,1.318006411592458,,0.0,1.318006411592458,5.2649982934
113545,1.318008297124741,,0.0,1.318008297124741,5.2927940322
113550,1.3180102094791386,,0.0,1.3180102094791386,5.3175525803
113555,1.3180121442892598,,0.0,1.3180121442892598,5.3492829482
113560,1.3180140983115007,,0.0,1.3180140983115007,5.378704064
113565,1.3180160691755345,,0.0,1.3180160691755345,5.4086666549
113570,1.3180180555090668,,0.0,1.3180180555090668,5.430215353
113575,1.3180200565635736,,0.0,1.3180200565635736,5.4404233629
113580,1.3180220725885632,,0.0,1.3180220725885632,5.4416540441
113585,1.3180241040830514,,0.0,1.3180241040830514,5.443086109
113590,1.3180261522945784,,0.0,1.3180261522945784,5.4425200817
113595,1.3180282187201928,,0.0,1.3180282187201928,5.4362485023
113600,1.3180303048569424,,0.0,1.3180303048569424,5.4303919194
113605,1.3180324128256458,,0.0,1.3180324128256458,5.4152850397
113610,1.3180345444976134,,0.0,1.3180345444976134,5.4062294118
113615,1.3180367019936634,,0.0,1.3180367019936634,5.4124900601
113620,1.3180388858128118,,0.0,1.3180388858128118,5.4168295141
113625,1.3180410983253856,,0.0,1.3180410983253856,5.4307699102
113630,1.3180433420264643,,0.0,1.3180433420264643,5.4617934286
113635,1.3180456192863752,,0.0,1.3180456192863752,5.4768357818
113640,1.3180479327249524,,0.0,1.3180479327249524,5.4922429659
113645,1.318050284463014,,0.0,1.318050284463014,5.516658522
113650,1.3180526774946568,,0.0,1.3180526774946568,5.536214099
113655,1.3180551181823361,,0.0,1.3180551181823361,5.5507919143
113660,1.3180576090211318,,0.0,1.3180576090211318,5.5607404442
113665,1.318060152007109,,0.0,1.318060152007109,5.580486325
113670,1.3180627490115768,,0.0,1.3180627490115768,5.6007247962
113675,1.3180654026543712,,0.0,1.3180654026543712,5.6052560971
113680,1.3180681160543415,,0.0,1.3180681160543415,5.5947874379
113685,1.3180708924550928,,0.0,1.3180708924550928,5.5810338627
113690,1.3180737344764595,,0.0,1.3180737344764595,5.5591918441
113695,1.3180766444887682,,0.0,1.3180766444887682,5.5344329482
113700,1.3180796241138206,,0.0,1.3180796241138206,5.5114441421
113705,1.3180826739753875,,0.0,1.3180826739753875,5.4874964554
113710,1.318085793948714,,0.0,1.318085793948714,5.4617531735
113715,1.3180889817882289,,0.0,1.3180889817882289,5.4263545463
113720,1.318092234624589,,0.0,1.318092234624589,5.4044438353
113725,1.3180955483409111,,0.0,1.3180955483409111,5.3849332183
113730,1.3180989175727733,,0.0,1.3180989175727733,5.357055415
113735,1.3181023363319821,,0.0,1.3181023363319821,5.3349287823
113740,1.3181057980065742,,0.0,1.3181057980065742,5.3134308829
113745,1.3181092951113087,,0.0,1.3181092951113087,5.295581576
113750,1.3181128199114356,,0.0,1.3181128199114356,5.2857654338
113755,1.3181163641731901,,0.0,1.3181163641731901,5.2739227144
113760,1.3181199196628064,,0.0,1.3181199196628064,5.2637645534
113765,1.3181234780217652,,0.0,1.3181234780217652,5.2493195081
113770,1.3181270308915474,,0.0,1.3181270308915474,5.2479584122
113775,1.318130570163141,,0.0,1.318130570163141,5.243307744
113780,1.3181340883513046,,0.0,1.3181340883513046,5.2362718843
113785,1.3181375782203058,,0.0,1.3181375782203058,5.2319041008
113790,1.3181410330334267,,0.0,1.3181410330334267,5.2279400863
113795,1.3181444468024746,,0.0,1.3181444468024746,5.2255922619
113800,1.3181478141630265,,0.0,1.3181478141630265,5.2187053822
113805,1.3181511317467234,,0.0,1.3181511317467234,5.2069472126
113810,1.318154398680288,,0.0,1.318154398680288,5.1885266869
113815,1.3181576122191312,,0.0,1.3181576122191312,5.1706712087
113820,1.3181607698681725,,0.0,1.3181607698681725,5.159721406
113825,1.31816387062938,,0.0,1.31816387062938,5.1494674061
113830,1.318166916124556,,0.0,1.318166916124556,5.1560217627
113835,1.3181699071022246,,0.0,1.3181699071022246,5.166786815
113840,1.318172846057466,,0.0,1.318172846057466,5.1792831009
113845,1.318175736608147,,0.0,1.318175736608147,5.1892610856
113850,1.3181785828711505,,0.0,1.3181785828711505,5.191715981
113855,1.318181389836637,,0.0,1.318181389836637,5.1846907222
113860,1.318184163368046,,0.0,1.318184163368046,5.1796803096
113865,1.3181869100773402,,0.0,1.3181869100773402,5.1674001758
113870,1.318189637449761,,0.0,1.318189637449761,5.1486690156
113875,1.3181923537190738,,0.0,1.3181923537190738,5.1432585639
113880,1.3181950677428145,,0.0,1.3181950677428145,5.1444400322
113885,1.3181977891270422,,0.0,1.3181977891270422,5.1550897194
113890,1.318200527727325,,0.0,1.318200527727325,5.1622982309
113895,1.3182032935239847,,0.0,1.3182032935239847,5.1705239389
113900,1.3182060967468505,,0.0,1.3182060967468505,5.1741609587
113905,1.3182089475009988,,0.0,1.3182089475009988,5.1765314595
113910,1.318211855891505,,0.0,1.318211855891505,5.1775783812
113915,1.3182148320234448,,0.0,1.3182148320234448,5.1859108641
113920,1.3182178858771403,,0.0,1.3182178858771403,5.1980618681
113925,1.3182210275576671,,0.0,1.3182210275576671,5.2033752655
113930,1.3182242666710844,,0.0,1.3182242666710844,5.2079906658
113935,1.3182276123244365,,0.0,1.3182276123244365,5.2153166429
113940,1.3182310728762425,,0.0,1.3182310728762425,5.2213059865
113945,1.3182346560612517,,0.0,1.3182346560612517,5.2197155829
113950,1.3182383688656893,,0.0,1.3182383688656893,5.2125501082
113955,1.3182422179015187,,0.0,1.3182422179015187,5.2079976558
113960,1.3182462077846384,,0.0,1.3182462077846384,5.2062905319
113965,1.318250342132915,,0.0,1.318250342132915,5.2106185057
113970,1.3182546234414294,,0.0,1.3182546234414294,5.2107912471
113975,1.3182590533319831,,0.0,1.3182590533319831,5.212943723
113980,1.3182636325531012,,0.0,1.3182636325531012,5.2093850688
113985,1.3182683607305208,,0.0,1.3182683607305208,5.2229634931
113990,1.3182732368662102,,0.0,1.3182732368662102,5.2483298749
113995,1.318278259587875,,0.0,1.318278259587875,5.2740567717
114000,1.3182834266499428,,0.0,1.3182834266499428,5.3064311812
114005,1.3182887355573334,,0.0,1.3182887355573334,5.3354011978
114010,1.3182941840644737,,0.0,1.3182941840644737,5.3588457711
114015,1.318299769177268,,0.0,1.318299769177268,5.3742686913
114020,1.3183054880263736,,0.0,1.3183054880263736,5.3870060183
114025,1.3183113374929396,,0.0,1.3183113374929396,5.3928901705
114030,1.318317314458116,,0.0,1.318317314458116,5.3940125557
114035,1.3183234159278054,,0.0,1.3183234159278054,5.4026237485
114040,1.3183296386584042,,0.0,1.3183296386584042,5.3995229482
114045,1.3183359794063076,,0.0,1.3183359794063076,5.3896287586
114050,1.3183424348031567,,0.0,1.3183424348031567,5.3753511355
114055,1.318349001231085,,0.0,1.318349001231085,5.3722031376
114060,1.318355674947472,,0.0,1.318355674947472,5.3653363113
114065,1.3183624518354349,,0.0,1.3183624518354349,5.3643093602
114070,1.318369327653337,,0.0,1.318369327653337,5.3762444751
114075,1.3183762979100333,,0.0,1.3183762979100333,5.399043348
114080,1.3183833576153632,,0.0,1.3183833576153632,5.4199167079
114085,1.318390501654412,,0.0,1.318390501654412,5.4421547593
114090,1.318397724288494,,0.0,1.318397724288494,5.4609221017
114095,1.3184050191551546,,0.0,1.3184050191551546,5.4747781956
114100,1.3184123796424307,,0.0,1.3184123796424307,5.4856722383
114105,1.3184197980155727,,0.0,1.3184197980155727,5.5060747855
114110,1.3184272660408154,,0.0,1.3184272660408154,5.5269481244
114115,1.3184347751101313,,0.0,1.3184347751101313,5.5495099778
114120,1.3184423154927065,,0.0,1.3184423154927065,5.5612360777
114125,1.3184498768339574,,0.0,1.3184498768339574,5.5651164025
114130,1.318457448529792,,0.0,1.318457448529792,5.5511241151
114135,1.3184650197266106,,0.0,1.3184650197266106,5.5327876695
114140,1.3184725790717973,,0.0,1.3184725790717973,5.5082763697
114145,1.3184801154622439,,0.0,1.3184801154622439,5.4863200561
114150,1.3184876176700884,,0.0,1.3184876176700884,5.4609878013
114155,1.3184950749664852,,0.0,1.3184950749664852,5.4494285982
114160,1.3185024768720965,,0.0,1.3185024768720965,5.4383702498
114165,1.3185098136561084,,0.0,1.3185098136561084,5.4300075595
114170,1.3185170758372153,,0.0,1.3185170758372153,5.3990568383
114175,1.318524255306406,,0.0,1.318524255306406,5.3888782721
114180,1.318531344453685,,0.0,1.318531344453685,5.3842755867
114185,1.3185383372908595,,0.0,1.3185383372908595,5.3785359268
114190,1.318545228203998,,0.0,1.318545228203998,5.3748227924
114195,1.3185520132009725,,0.0,1.3185520132009725,5.3631762715
114200,1.3185586894124397,,0.0,1.3185586894124397,5.3562498168
114205,1.31856525434332,,0.0,1.31856525434332,5.3470617317
114210,1.3185717069955805,,0.0,1.3185717069955805,5.3304955598
114215,1.3185780468702057,,0.0,1.3185780468702057,5.3294553875
114220,1.3185842745909653,,0.0,1.3185842745909653,5.3309336532
114225,1.3185903914053998,,0.0,1.3185903914053998,5.3234961451
114230,1.3185963989353113,,0.0,1.3185963989353113,5.3185975482
114235,1.31860229905201,,0.0,1.31860229905201,5.3223028507
114240,1.3186080945000849,,0.0,1.3186080945000849,5.3295575867
114245,1.3186137877746158,,0.0,1.3186137877746158,5.330857451
114250,1.3186193812459297,,0.0,1.3186193812459297,5.3250155972
114255,1.3186248774091065,,0.0,1.3186248774091065,5.3195061776
114260,1.3186302788839808,,0.0,1.3186302788839808,5.3097191965
114265,1.3186355881656333,,0.0,1.3186355881656333,5.2974488583
114270,1.3186408079986522,,0.0,1.3186408079986522,5.2856374598
114275,1.318645941501888,,0.0,1.318645941501888,5.2707609458
114280,1.3186509912951756,,0.0,1.3186509912951756,5.2637685813
114285,1.3186559599983492,,0.0,1.3186559599983492,5.2739132733
114290,1.318660850355997,,0.0,1.318660850355997,5.2826121202
114295,1.3186656654869697,,0.0,1.3186656654869697,5.2891024442
114300,1.3186704082606098,,0.0,1.3186704082606098,5.2946429944
114305,1.3186750824195381,,0.0,1.3186750824195381,5.2967307134
114310,1.3186796917063754,,0.0,1.3186796917063754,5.2976006425
114315,1.3186842397389877,,0.0,1.3186842397389877,5.2931751826
114320,1.3186887306342583,,0.0,1.3186887306342583,5.2980178883
114325,1.3186931688833317,,0.0,1.3186931688833317,5.3018144882
114330,1.3186975589773529,,0.0,1.3186975589773529,5.3213412733
114335,1.3187019059064824,,0.0,1.3187019059064824,5.3425426684
114340,1.3187062146608814,,0.0,1.3187062146608814,5.3562303738
114345,1.3187104908544809,,0.0,1.3187104908544809,5.3713223596
114350,1.3187147402259654,,0.0,1.3187147402259654,5.3835464515
114355,1.3187189685140204,,0.0,1.3187189685140204,5.3942107418
114360,1.3187231815820848,,0.0,1.3187231815820848,5.3934030982
114365,1.3187273849193357,,0.0,1.3187273849193357,5.3996511406
114370,1.3187315835159334,,0.0,1.3187315835159334,5.4138178713
114375,1.3187357822372854,,0.0,1.3187357822372854,5.4240873183
114380,1.318739985824044,,0.0,1.318739985824044,5.4318433652
114385,1.3187441981435843,,0.0,1.3187441981435843,5.4377613815
114390,1.318748422689019,,0.0,1.318748422689019,5.4420272947
114395,1.318752662454444,,0.0,1.318752662454444,5.4395737197
114400,1.3187569194359239,,0.0,1.3187569194359239,5.4369016804
114405,1.3187611952552611,,0.0,1.3187611952552611,5.4316837531
114410,1.318765490910488,,0.0,1.318765490910488,5.4221404301
114415,1.3187698069006202,,0.0,1.3187698069006202,5.4162165973
114420,1.318774142851396,,0.0,1.318774142851396,5.4201429343
114425,1.318778497889537,,0.0,1.318778497889537,5.4218620032
114430,1.318782870642749,,0.0,1.318782870642749,5.4242655134
114435,1.3187872596139838,,0.0,1.3187872596139838,5.4314888914
114440,1.3187916628071772,,0.0,1.3187916628071772,5.4432839057
114445,1.3187960781015107,,0.0,1.3187960781015107,5.4597292487
114450,1.3188005030019039,,0.0,1.3188005030019039,5.4811482094
114455,1.318804936011308,,0.0,1.318804936011308,5.4997977714
114460,1.3188093742603817,,0.0,1.3188093742603817,5.5110633866
114465,1.3188138156283056,,0.0,1.3188138156283056,5.5207896719
114470,1.3188182573704916,,0.0,1.3188182573704916,5.5293723898
114475,1.3188226972413675,,0.0,1.3188226972413675,5.5304840093
114480,1.3188271331201145,,0.0,1.3188271331201145,5.5372661487
114485,1.3188315632601766,,0.0,1.3188315632601766,5.5398080264
114490,1.3188359857902432,,0.0,1.3188359857902432,5.5436448686
114495,1.3188403997122826,,0.0,1.3188403997122826,5.5378426499
114500,1.318844803529246,,0.0,1.318844803529246,5.535497679
114505,1.3188491963678555,,0.0,1.3188491963678555,5.5314194675
114510,1.318853577354833,,0.0,1.318853577354833,5.5240804411
114515,1.3188579458664085,,0.0,1.3188579458664085,5.5466524209
114520,1.3188623010293032,,0.0,1.3188623010293032,5.5757408192
114525,1.318866642219748,,0.0,1.318866642219748,5.6058825648
114530,1.318870968314956,,0.0,1.318870968314956,5.6290494947
114535,1.3188752786911573,,0.0,1.3188752786911573,5.6417038384
114540,1.3188795722255657,,0.0,1.3188795722255657,5.6649263312
114545,1.3188838474211328,,0.0,1.3188838474211328,5.6870866943
114550,1.3188881017827783,,0.0,1.3188881017827783,5.6978578704
114555,1.3188923325659136,,0.0,1.3188923325659136,5.6986312508
114560,1.3188965362774265,,0.0,1.3188965362774265,5.7056547864
114565,1.318900708550926,,0.0,1.318900708550926,5.7184317059
114570,1.318904844521005,,0.0,1.318904844521005,5.7205959511
114575,1.3189089380747165,,0.0,1.3189089380747165,5.7094499488
114580,1.3189129824753436,,0.0,1.3189129824753436,5.6879890535
114585,1.3189169698633831,,0.0,1.3189169698633831,5.6550195492
114590,1.3189208912565449,,0.0,1.3189208912565449,5.624321128
114595,1.3189247369240156,,0.0,1.3189247369240156,5.6003097683
114600,1.3189284957626872,,0.0,1.3189284957626872,5.5762385675
114605,1.3189321559209277,,0.0,1.3189321559209277,5.5629008099
114610,1.318935704549073,,0.0,1.318935704549073,5.5472622902
114615,1.3189391281736884,,0.0,1.3189391281736884,5.5392233175
114620,1.31894241269757,,0.0,1.31894241269757,5.5292222568
114625,1.3189455438987587,,0.0,1.3189455438987587,5.4910239452
114630,1.3189485069315265,,0.0,1.3189485069315265,5.4676779764
114635,1.3189512864511284,,0.0,1.3189512864511284,5.4531946464
114640,1.318953867611836,,0.0,1.318953867611836,5.4391279993
114645,1.318956235318412,,0.0,1.318956235318412,5.4252390481
114650,1.3189583753488994,,0.0,1.3189583753488994,5.4148651829
114655,1.3189602739803543,,0.0,1.3189602739803543,5.3979756968
114660,1.3189619188621295,,0.0,1.3189619188621295,5.3870675096
114665,1.3189632986416089,,0.0,1.3189632986416089,5.3900793581
114670,1.3189644034632244,,0.0,1.3189644034632244,5.393411363
114675,1.3189652252179649,,0.0,1.3189652252179649,5.3986753066
114680,1.318965757044359,,0.0,1.318965757044359,5.3984143794
114685,1.318965994326508,,0.0,1.318965994326508,5.3985617753
114690,1.3189659339455617,,0.0,1.3189659339455617,5.3969686035
114695,1.3189655750282414,,0.0,1.3189655750282414,5.3908891709
114700,1.3189649186973336,,0.0,1.3189649186973336,5.3768847478
114705,1.3189639686954588,,0.0,1.3189639686954588,5.3723242854
114710,1.3189627305117944,,0.0,1.3189627305117944,5.3654037505
114715,1.318961211881089,,0.0,1.318961211881089,5.3504312628
114720,1.3189594226589108,,0.0,1.3189594226589108,5.3438722192
114725,1.3189573749463999,,0.0,1.3189573749463999,5.3486492541
114730,1.3189550827160066,,0.0,1.3189550827160066,5.3630939974
114735,1.3189525616867375,,0.0,1.3189525616867375,5.3765486632
114740,1.3189498293241557,,0.0,1.3189498293241557,5.3862781755
114745,1.3189469045908726,,0.0,1.3189469045908726,5.3909336395
114750,1.3189438071980237,,0.0,1.3189438071980237,5.3953043141
114755,1.3189405581042843,,0.0,1.3189405581042843,5.3996351378
114760,1.3189371792663627,,0.0,1.3189371792663627,5.401032333
114765,1.3189336930152282,,0.0,1.3189336930152282,5.399991623
114770,1.318930121681851,,0.0,1.318930121681851,5.3996556055
114775,1.3189264878467093,,0.0,1.3189264878467093,5.3940097779
114780,1.3189228137160183,,0.0,1.3189228137160183,5.3974803622
114785,1.318919120996978,,0.0,1.318919120996978,5.3931654847
114790,1.3189154302740023,,0.0,1.3189154302740023,5.3914087705
114795,1.3189117606344558,,0.0,1.3189117606344558,5.379542408
114800,1.3189081302924266,,0.0,1.3189081302924266,5.3732117683
114805,1.3189045559649528,,0.0,1.3189045559649528,5.3810373706
114810,1.3189010533710415,,0.0,1.3189010533710415,5.3987898943
114815,1.3188976364831433,,0.0,1.3188976364831433,5.4211957569
114820,1.3188943220182967,,0.0,1.3188943220182967,5.437716339
114825,1.3188911215786259,,0.0,1.3188911215786259,5.4474506106
114830,1.3188880441464204,,0.0,1.3188880441464204,5.4581919208
114835,1.3188850959593812,,0.0,1.3188850959593812,5.4657664688
114840,1.3188822832552094,,0.0,1.3188822832552094,5.4645989685
114845,1.3188796112735743,,0.0,1.3188796112735743,5.4596795802
114850,1.3188770833828343,,0.0,1.3188770833828343,5.4538092301
114855,1.3188747017038072,,0.0,1.3188747017038072,5.4422375471
114860,1.3188724664860016,,0.0,1.3188724664860016,5.4339099563
114865,1.3188703773551556,,0.0,1.3188703773551556,5.4317508225
114870,1.3188684324399582,,0.0,1.3188684324399582,5.4299493808
114875,1.3188666292453297,,0.0,1.3188666292453297,5.4305893027
114880,1.318864964901927,,0.0,1.318864964901927,5.4389970856
114885,1.3188634361661462,,0.0,1.3188634361661462,5.4551894341
114890,1.3188620407924143,,0.0,1.3188620407924143,5.4755943725
114895,1.3188607746638488,,0.0,1.3188607746638488,5.4992012915
114900,1.3188596330397968,,0.0,1.3188596330397968,5.520553282
114905,1.3188586116786216,,0.0,1.3188586116786216,5.5411894226
114910,1.3188577064634408,,0.0,1.3188577064634408,5.5485369543
114915,1.3188569139011415,,0.0,1.3188569139011415,5.5438190723
114920,1.3188562304986111,,0.0,1.3188562304986111,5.5305283662
114925,1.318855653261753,,0.0,1.318855653261753,5.5127182949
114930,1.3188551795707326,,0.0,1.3188551795707326,5.4883911652
114935,1.3188548075542401,,0.0,1.3188548075542401,5.4789307207
114940,1.3188545358399812,,0.0,1.3188545358399812,5.4703474125
114945,1.3188543635546772,,0.0,1.3188543635546772,5.453613667
114950,1.3188542901993126,,0.0,1.3188542901993126,5.4471144922
114955,1.3188543155243788,,0.0,1.3188543155243788,5.4646034568
114960,1.3188544396546305,,0.0,1.3188544396546305,5.4890523115
114965,1.3188546627148212,,0.0,1.3188546627148212,5.497712866
114970,1.318854985328721,,0.0,1.318854985328721,5.5029902283
114975,1.3188554083696085,,0.0,1.3188554083696085,5.5181850675
114980,1.3188559329602694,,0.0,1.3188559329602694,5.528474415
114985,1.318856559849228,,0.0,1.318856559849228,5.547867763
114990,1.3188572899097626,,0.0,1.3188572899097626,5.5681204517
114995,1.318858123141873,,0.0,1.318858123141873,5.5805741423
115000,1.3188590594208054,,0.0,1.3188590594208054,5.5852272645
115005,1.3188600988713137,,0.0,1.3188600988713137,5.5947021312
115010,1.3188612407448734,,0.0,1.3188612407448734,5.5968289677
115015,1.318862483918699,,0.0,1.318862483918699,5.5856947431
115020,1.31886382714525,,0.0,1.31886382714525,5.5582731381
115025,1.3188652691769858,,0.0,1.3188652691769858,5.5271110635
115030,1.318866808142597,,0.0,1.318866808142597,5.4847436071
115035,1.318868441547002,,0.0,1.318868441547002,5.4482856858
115040,1.318870166770367,,0.0,1.318870166770367,5.4270726415
115045,1.3188719810681033,,0.0,1.3188719810681033,5.4132868777
115050,1.318873881071853,,0.0,1.318873881071853,5.4058864427
115055,1.3188758635380105,,0.0,1.3188758635380105,5.400078992
115060,1.31887792484871,,0.0,1.31887792484871,5.3831241989
115065,1.3188800612613303,,0.0,1.3188800612613303,5.377547189
115070,1.318882268658989,,0.0,1.318882268658989,5.3676285579
115075,1.3188845429248033,,0.0,1.3188845429248033,5.3574265999
115080,1.3188868800666447,,0.0,1.3188868800666447,5.3428879723
115085,1.3188892755933679,,0.0,1.3188892755933679,5.3334516744
115090,1.3188917250138286,,0.0,1.3188917250138286,5.3218033525
115095,1.3188942240863897,,0.0,1.3188942240863897,5.3067559013
115100,1.3188967683199069,,0.0,1.3188967683199069,5.2993457627
115105,1.318899353098481,,0.0,1.318899353098481,5.2938753159
115110,1.3189019735567054,,0.0,1.3189019735567054,5.298027745
115115,1.3189046245796647,,0.0,1.3189046245796647,5.3037549945
115120,1.3189073015514607,,0.0,1.3189073015514607,5.3056910109
115125,1.3189099996066866,,0.0,1.3189099996066866,5.3114045292
115130,1.3189127140046892,,0.0,1.3189127140046892,5.3197419332
115135,1.3189154398800618,,0.0,1.3189154398800618,5.3218855056
115140,1.3189181724921517,,0.0,1.3189181724921517,5.3169063318
115145,1.3189209074745676,,0.0,1.3189209074745676,5.3090139916
115150,1.3189236404609195,,0.0,1.3189236404609195,5.3153978555
115155,1.3189263670848161,,0.0,1.3189263670848161,5.3139872556
115160,1.3189290837283911,,0.0,1.3189290837283911,5.3048540332
115165,1.3189317863995158,,0.0,1.3189317863995158,5.30427789
115170,1.3189344719793394,,0.0,1.3189344719793394,5.3255584709
115175,1.3189371373490113,,0.0,1.3189371373490113,5.3475276473
115180,1.3189397800134515,,0.0,1.3189397800134515,5.3451786905
115185,1.3189423974775794,,0.0,1.3189423974775794,5.3390134343
115190,1.3189449877453303,,0.0,1.3189449877453303,5.3288481097
115195,1.3189475491949025,,0.0,1.3189475491949025,5.3213681727
115200,1.3189500805787553,,0.0,1.3189500805787553,5.3188293622
115205,1.3189525811483649,,0.0,1.3189525811483649,5.3135147042
115210,1.318955050404715,,0.0,1.318955050404715,5.3055117055
115215,1.3189574882230515,,0.0,1.3189574882230515,5.288508534
115220,1.3189598951023909,,0.0,1.3189598951023909,5.274593727
115225,1.3189622717912568,,0.0,1.3189622717912568,5.2700123372
115230,1.3189646192876818,,0.0,1.3189646192876818,5.2697222957
115235,1.318966939338222,,0.0,1.318966939338222,5.2640493606
115240,1.3189692338141878,,0.0,1.3189692338141878,5.2530037069
115245,1.3189715047116435,,0.0,1.3189715047116435,5.2449214738
115250,1.3189737547751774,,0.0,1.3189737547751774,5.2486882361
115255,1.3189759866246245,,0.0,1.3189759866246245,5.2593867009
115260,1.3189782032540809,,0.0,1.3189782032540809,5.2649399405
115265,1.318980408156659,,0.0,1.318980408156659,5.2722900871
115270,1.3189826045759638,,0.0,1.3189826045759638,5.2842763566
115275,1.3189847963793697,,0.0,1.3189847963793697,5.2942654404
115280,1.3189869871847437,,0.0,1.3189869871847437,5.3000484758
115285,1.3189891807347058,,0.0,1.3189891807347058,5.2942427009
115290,1.3189913808966314,,0.0,1.3189913808966314,5.2814576704
115295,1.3189935916626485,,0.0,1.3189935916626485,5.2694856036
115300,1.3189958169001323,,0.0,1.3189958169001323,5.2589609099
115305,1.318998060351703,,0.0,1.318998060351703,5.2393012663
115310,1.319000326134244,,0.0,1.319000326134244,5.2266439148
115315,1.3190026179903753,,0.0,1.3190026179903753,5.2277787805
115320,1.3190049400369799,,0.0,1.3190049400369799,5.2406095422
115325,1.3190072960166783,,0.0,1.3190072960166783,5.2486396605
115330,1.3190096901711075,,0.0,1.3190096901711075,5.2562578796
115335,1.3190121259933798,,0.0,1.3190121259933798,5.2718451663
115340,1.319014607725132,,0.0,1.319014607725132,5.2938828902
115345,1.319017138734723,,0.0,1.319017138734723,5.3200679822
115350,1.3190197230142808,,0.0,1.3190197230142808,5.3374860592
115355,1.3190223638074108,,0.0,1.3190223638074108,5.3374380792
115360,1.3190250644824708,,0.0,1.3190250644824708,5.3235215946
115365,1.319027828283066,,0.0,1.319027828283066,5.2970430229
115370,1.3190306579537845,,0.0,1.3190306579537845,5.269484769
115375,1.319033556488723,,0.0,1.319033556488723,5.2403630709
115380,1.319036526133454,,0.0,1.319036526133454,5.2252840095
115385,1.3190395691335495,,0.0,1.3190395691335495,5.2056369616
115390,1.319042686986058,,0.0,1.319042686986058,5.1783971637
115395,1.3190458810632737,,0.0,1.3190458810632737,5.1591310416
115400,1.3190491522384749,,0.0,1.3190491522384749,5.1512731067
115405,1.3190525010106773,,0.0,1.3190525010106773,5.152669005
115410,1.3190559272551274,,0.0,1.3190559272551274,5.1590218137
115415,1.3190594304728085,,0.0,1.3190594304728085,5.1717099477
115420,1.3190630096656892,,0.0,1.3190630096656892,5.1823207021
115425,1.3190666633367205,,0.0,1.3190666633367205,5.1916569386
115430,1.3190703893650846,,0.0,1.3190703893650846,5.2031658134
115435,1.3190741853804548,,0.0,1.3190741853804548,5.2159705134
115440,1.3190780483887345,,0.0,1.3190780483887345,5.2304875037
115445,1.3190819752710732,,0.0,1.3190819752710732,5.2442210137
115450,1.3190859624096043,,0.0,1.3190859624096043,5.2529153229
115455,1.3190900060617075,,0.0,1.3190900060617075,5.254468497
115460,1.3190941022352536,,0.0,1.3190941022352536,5.2473126746
115465,1.319098246688606,,0.0,1.319098246688606,5.2335070129
115470,1.3191024350553742,,0.0,1.3191024350553742,5.2144911146
115475,1.319106663093921,,0.0,1.319106663093921,5.1877820559
115480,1.3191109265626104,,0.0,1.3191109265626104,5.1537389506
115485,1.3191152212198047,,0.0,1.3191152212198047,5.1125587147
115490,1.3191195434476382,,0.0,1.3191195434476382,5.0828864121
115495,1.3191238893787356,,0.0,1.3191238893787356,5.0706182522
115500,1.3191282558942468,,0.0,1.3191282558942468,5.0633168346
115505,1.3191326400000747,,0.0,1.3191326400000747,5.0540708905
115510,1.3191370395754014,,0.0,1.3191370395754014,5.022613053
115515,1.3191414526241625,,0.0,1.3191414526241625,5.0133603256
115520,1.3191458777740637,,0.0,1.3191458777740637,5.0096866849
115525,1.3191503145260888,,0.0,1.3191503145260888,4.9989202796
115530,1.31915476263073,,0.0,1.31915476263073,4.9884181325
115535,1.3191592227117572,,0.0,1.3191592227117572,4.9883864577
115540,1.3191636958919566,,0.0,1.3191636958919566,4.9790056422
115545,1.3191681839178848,,0.0,1.3191681839178848,4.973639741
115550,1.3191726891598679,,0.0,1.3191726891598679,4.9758119908
115555,1.3191772144872485,,0.0,1.3191772144872485,4.9879979965
115560,1.3191817633931389,,0.0,1.3191817633931389,5.0021629763
115565,1.3191863397449142,,0.0,1.3191863397449142,5.0055298285
115570,1.3191909479089654,,0.0,1.3191909479089654,5.0098781756
115575,1.3191955922516825,,0.0,1.3191955922516825,5.0180801268
115580,1.3192002775137186,,0.0,1.3192002775137186,5.0294140034
115585,1.3192050085604807,,0.0,1.3192050085604807,5.0362615639
115590,1.3192097900078676,,0.0,1.3192097900078676,5.0401522273
115595,1.3192146265965323,,0.0,1.3192146265965323,5.0362033161
115600,1.319219522443357,,0.0,1.319219522443357,5.0242515259
115605,1.3192244814157168,,0.0,1.3192244814157168,5.0127537526
115610,1.3192295071314781,,0.0,1.3192295071314781,4.9862740184
115615,1.3192346022104755,,0.0,1.3192346022104755,4.9741867155
115620,1.319239768898281,,0.0,1.319239768898281,4.9703270712
115625,1.3192450084424354,,0.0,1.3192450084424354,4.9759903
115630,1.3192503212172006,,0.0,1.3192503212172006,4.9787454118
115635,1.319255706349298,,0.0,1.319255706349298,4.9710823322
115640,1.3192611618426637,,0.0,1.3192611618426637,4.9675846761
115645,1.319266684453693,,0.0,1.319266684453693,4.9636875162
115650,1.3192722698159955,,0.0,1.3192722698159955,4.9622578106
115655,1.3192779120661318,,0.0,1.3192779120661318,4.9588015421
115660,1.3192836043426306,,0.0,1.3192836043426306,4.9473279482
115665,1.3192893382869728,,0.0,1.3192893382869728,4.9382163028
115670,1.3192951046673602,,0.0,1.3192951046673602,4.9346127779
115675,1.3193008930044559,,0.0,1.3193008930044559,4.9347916727
115680,1.3193066914466272,,0.0,1.3193066914466272,4.9335490626
115685,1.319312487643226,,0.0,1.319312487643226,4.9316008006
115690,1.319318268120818,,0.0,1.319318268120818,4.930011926
115695,1.319324018906953,,0.0,1.319324018906953,4.9365971445
115700,1.3193297255301644,,0.0,1.3193297255301644,4.954175702
115705,1.3193353727704615,,0.0,1.3193353727704615,4.9689984275
115710,1.3193409451583455,,0.0,1.3193409451583455,4.9722160761
115715,1.3193464268500559,,0.0,1.3193464268500559,4.9660814095
115720,1.3193518021265858,,0.0,1.3193518021265858,4.9575163507
115725,1.3193570561422066,,0.0,1.3193570561422066,4.9487178927
115730,1.3193621790413508,,0.0,1.3193621790413508,4.9318986517
115735,1.3193671544812413,,0.0,1.3193671544812413,4.9195720553
115740,1.3193719656200855,,0.0,1.3193719656200855,4.9079536995
115745,1.3193765964893682,,0.0,1.3193765964893682,4.9000530775
115750,1.319381031869099,,0.0,1.319381031869099,4.8996970312
115755,1.3193852576620737,,0.0,1.3193852576620737,4.8965065849
115760,1.3193892610186277,,0.0,1.3193892610186277,4.9025483537
115765,1.3193930304613912,,0.0,1.3193930304613912,4.9223419257
115770,1.3193965563843044,,0.0,1.3193965563843044,4.9469943849
115775,1.3193998306783563,,0.0,1.3193998306783563,4.9730252708
115780,1.3194028477296154,,0.0,1.3194028477296154,4.9958583406
115785,1.319405603171691,,0.0,1.319405603171691,5.0094900483
115790,1.3194080955075351,,0.0,1.3194080955075351,5.0130796027
115795,1.3194103251114095,,0.0,1.3194103251114095,5.0101821525
115800,1.319412294353641,,0.0,1.319412294353641,4.9994868725
115805,1.31941400822439,,0.0,1.31941400822439,4.9791811509
115810,1.319415473460374,,0.0,1.319415473460374,4.9550217709
115815,1.3194166994181447,,0.0,1.3194166994181447,4.9329753924
115820,1.3194176969513016,,0.0,1.3194176969513016,4.9087054692
115825,1.3194184790342631,,0.0,1.3194184790342631,4.8918853262
115830,1.319419060637512,,0.0,1.319419060637512,4.8917556393
115835,1.3194194579790708,,0.0,1.3194194579790708,4.8857485694
115840,1.319419688898765,,0.0,1.319419688898765,4.874386901
115845,1.3194197723592054,,0.0,1.3194197723592054,4.8607778474
115850,1.3194197285705438,,0.0,1.3194197285705438,4.8531515889
115855,1.3194195783667015,,0.0,1.3194195783667015,4.8473005906
115860,1.319419343080617,,0.0,1.319419343080617,4.8450574533
115865,1.319419044419489,,0.0,1.319419044419489,4.850631485
115870,1.3194187040905183,,0.0,1.3194187040905183,4.8594572485
115875,1.3194183435513958,,0.0,1.3194183435513958,4.8685892349
115880,1.3194179838855513,,0.0,1.3194179838855513,4.8759304031
115885,1.3194176454278905,,0.0,1.3194176454278905,4.8773302491
115890,1.319417347515287,,0.0,1.319417347515287,4.8775265362
115895,1.3194171083618274,,0.0,1.3194171083618274,4.8805141658
115900,1.3194169448093052,,0.0,1.3194169448093052,4.8964572245
115905,1.3194168720777106,,0.0,1.3194168720777106,4.9191177638
115910,1.3194169036404781,,0.0,1.3194169036404781,4.9301352551
115915,1.3194170513492396,,0.0,1.3194170513492396,4.9387564702
115920,1.3194173246853012,,0.0,1.3194173246853012,4.9384611056
115925,1.3194177315081657,,0.0,1.3194177315081657,4.9242690611
115930,1.3194182770575023,,0.0,1.3194182770575023,4.8989711019
115935,1.3194189647016694,,0.0,1.3194189647016694,4.8757696261
115940,1.3194197955634532,,0.0,1.3194197955634532,4.8656247576
115945,1.319420768520068,,0.0,1.319420768520068,4.8504699642
115950,1.3194218804526627,,0.0,1.3194218804526627,4.8373367021
115955,1.319423126246323,,0.0,1.319423126246323,4.8188802971
115960,1.3194244987900687,,0.0,1.3194244987900687,4.7899361047
115965,1.3194259892263653,,0.0,1.3194259892263653,4.7668165408
115970,1.319427586826366,,0.0,1.319427586826366,4.7486128097
115975,1.3194292792394235,,0.0,1.3194292792394235,4.7241616783
115980,1.319431052617841,,0.0,1.319431052617841,4.711672259
115985,1.31943289211589,,0.0,1.31943289211589,4.7122950429
115990,1.3194347818898093,,0.0,1.3194347818898093,4.7187332928
115995,1.319436705721577,,0.0,1.319436705721577,4.7309979158
116000,1.3194386467693997,,0.0,1.3194386467693997,4.7518127106
116005,1.3194405885657463,,0.0,1.3194405885657463,4.7606266956
116010,1.3194425148925941,,0.0,1.3194425148925941,4.753520987
116015,1.3194444099061826,,0.0,1.3194444099061826,4.7456513082
116020,1.3194462585112752,,0.0,1.3194462585112752,4.7595572037
116025,1.3194480466106673,,0.0,1.3194480466106673,4.7693958891
116030,1.3194497609804323,,0.0,1.3194497609804323,4.7732460755
116035,1.3194513892699227,,0.0,1.3194513892699227,4.7750265164
116040,1.319452920126522,,0.0,1.319452920126522,4.7709284186
116045,1.3194543434451549,,0.0,1.3194543434451549,4.7630576394
116050,1.3194556496197611,,0.0,1.3194556496197611,4.7486604019
116055,1.319456830291822,,0.0,1.319456830291822,4.7322562918
116060,1.3194578782256037,,0.0,1.3194578782256037,4.7342999874
116065,1.319458786684389,,0.0,1.319458786684389,4.7329650312
116070,1.3194595501790014,,0.0,1.3194595501790014,4.7499112815
116075,1.31946016434305,,0.0,1.31946016434305,4.7682381081
116080,1.3194606251844059,,0.0,1.3194606251844059,4.7774424503
116085,1.3194609294594646,,0.0,1.3194609294594646,4.7882458937
116090,1.3194610744236377,,0.0,1.3194610744236377,4.7899329762
116095,1.319461058455123,,0.0,1.319461058455123,4.7923474773
116100,1.319460880805396,,0.0,1.319460880805396,4.7924346242
116105,1.3194605429715056,,0.0,1.3194605429715056,4.7858186601
116110,1.3194600471990237,,0.0,1.3194600471990237,4.7820097143
116115,1.319459397105817,,0.0,1.319459397105817,4.7767570521
116120,1.319458602422699,,0.0,1.319458602422699,4.773051172
116125,1.3194576715081898,,0.0,1.3194576715081898,4.7727435679
116130,1.3194566094772036,,0.0,1.3194566094772036,4.7777692446
116135,1.3194554220684258,,0.0,1.3194554220684258,4.7971851201
116140,1.3194541163928355,,0.0,1.3194541163928355,4.8229875977
116145,1.319452699935674,,0.0,1.319452699935674,4.8486136892
116150,1.3194511805564444,,0.0,1.3194511805564444,4.8724848643
116155,1.3194495671126827,,0.0,1.3194495671126827,4.8859994867
116160,1.3194478682124162,,0.0,1.3194478682124162,4.8996273741
116165,1.3194460930874425,,0.0,1.3194460930874425,4.9108615258
116170,1.319444250844805,,0.0,1.319444250844805,4.9159248079
116175,1.3194423507163018,,0.0,1.3194423507163018,4.9150966182
116180,1.3194404019337298,,0.0,1.3194404019337298,4.9113054292
116185,1.319438413604133,,0.0,1.319438413604133,4.9101643643
116190,1.3194363947098011,,0.0,1.3194363947098011,4.9046134046
116195,1.3194343538587614,,0.0,1.3194343538587614,4.9068940901
116200,1.3194322995342873,,0.0,1.3194322995342873,4.9056373659
116205,1.319430240094898,,0.0,1.319430240094898,4.9094854629
116210,1.3194281830258356,,0.0,1.3194281830258356,4.9308345984
116215,1.3194261358123407,,0.0,1.3194261358123407,4.9655045558
116220,1.3194241051911304,,0.0,1.3194241051911304,4.9968319237
116225,1.3194220975246604,,0.0,1.3194220975246604,5.0197408444
116230,1.3194201184268615,,0.0,1.3194201184268615,5.0449446043
116235,1.3194181726383862,,0.0,1.3194181726383862,5.0565236021
116240,1.3194162644008711,,0.0,1.3194162644008711,5.0565945397
116245,1.3194143969579215,,0.0,1.3194143969579215,5.0487725811
116250,1.319412572929371,,0.0,1.319412572929371,5.0300440238
116255,1.3194107936875148,,0.0,1.3194107936875148,4.998866871
116260,1.3194090602303843,,0.0,1.3194090602303843,4.9712442895
116265,1.3194073723084716,,0.0,1.3194073723084716,4.9532170292
116270,1.3194057291732528,,0.0,1.3194057291732528,4.9516906682
116275,1.3194041292029255,,0.0,1.3194041292029255,4.9509537316
116280,1.3194025705261792,,0.0,1.3194025705261792,4.9580856577
116285,1.3194010510221956,,0.0,1.3194010510221956,4.9605595193
116290,1.3193995679463868,,0.0,1.3193995679463868,4.9579363796
116295,1.3193981184294092,,0.0,1.3193981184294092,4.9560050283
116300,1.3193966993524133,,0.0,1.3193966993524133,4.9656192988
116305,1.319395307846056,,0.0,1.319395307846056,4.9772150743
116310,1.3193939421637813,,0.0,1.3193939421637813,4.9821626854
116315,1.3193926041768993,,0.0,1.3193926041768993,4.9930638846
116320,1.3193912908913137,,0.0,1.3193912908913137,4.9993517442
116325,1.3193899993129277,,0.0,1.3193899993129277,5.0141497673
116330,1.319388726821907,,0.0,1.319388726821907,5.0232371157
116335,1.3193874724202197,,0.0,1.3193874724202197,5.0270154481
116340,1.3193862353593413,,0.0,1.3193862353593413,5.0351043978
116345,1.31938501651255,,0.0,1.31938501651255,5.0444039715
116350,1.3193838173768941,,0.0,1.3193838173768941,5.0525085591
116355,1.319382640821716,,0.0,1.319382640821716,5.0491893402
116360,1.3193814899658665,,0.0,1.3193814899658665,5.0470670223
116365,1.3193803690509822,,0.0,1.3193803690509822,5.0487298251
116370,1.3193792821939458,,0.0,1.3193792821939458,5.0376020114
116375,1.319378234260164,,0.0,1.319378234260164,5.0133011236
116380,1.3193772297407818,,0.0,1.3193772297407818,5.00062631
116385,1.319376273376452,,0.0,1.319376273376452,5.0033884844
116390,1.319375366040453,,0.0,1.319375366040453,5.0013259203
116395,1.3193745073585221,,0.0,1.3193745073585221,4.9974400694
116400,1.3193736982039377,,0.0,1.3193736982039377,4.987233251
116405,1.3193729414460424,,0.0,1.3193729414460424,4.9482658915
116410,1.3193722407027029,,0.0,1.3193722407027029,4.930146858
116415,1.319371599966048,,0.0,1.319371599966048,4.9120708069
116420,1.319371023228206,,0.0,1.319371023228206,4.8886287155
116425,1.3193705137327818,,0.0,1.3193705137327818,4.8728879674
116430,1.3193700738501015,,0.0,1.3193700738501015,4.8578088107
116435,1.3193697043286894,,0.0,1.3193697043286894,4.8487060741
116440,1.3193694046695292,,0.0,1.3193694046695292,4.8510820309
116445,1.3193691723775411,,0.0,1.3193691723775411,4.8561191892
116450,1.3193690032110879,,0.0,1.3193690032110879,4.8626927107
116455,1.3193688915562385,,0.0,1.3193688915562385,4.8714998155
116460,1.3193688298029977,,0.0,1.3193688298029977,4.8701807219
116465,1.3193688090938303,,0.0,1.3193688090938303,4.8741013951
116470,1.31936881932366,,0.0,1.31936881932366,4.8757450329
116475,1.319368848890363,,0.0,1.319368848890363,4.8730917654
116480,1.3193688856927994,,0.0,1.3193688856927994,4.86833095
116485,1.3193689167565508,,0.0,1.3193689167565508,4.8655079155
116490,1.3193689287329369,,0.0,1.3193689287329369,4.860507846
116495,1.3193689076495072,,0.0,1.3193689076495072,4.860653018
116500,1.3193688397833194,,0.0,1.3193688397833194,4.8667691614
116505,1.3193687111619232,,0.0,1.3193687111619232,4.8846127167
116510,1.3193685088109002,,0.0,1.3193685088109002,4.904723366
116515,1.3193682196310779,,0.0,1.3193682196310779,4.9258906371
116520,1.3193678320203326,,0.0,1.3193678320203326,4.9437314597
116525,1.3193673351250648,,0.0,1.3193673351250648,4.9618084357
116530,1.319366719588722,,0.0,1.319366719588722,4.962386075
116535,1.3193659776765554,,0.0,1.3193659776765554,4.9662261642
116540,1.31936510364988,,0.0,1.31936510364988,4.9709475719
116545,1.3193640940155829,,0.0,1.3193640940155829,4.9638545811
116550,1.3193629480251399,,0.0,1.3193629480251399,4.9494774937
116555,1.3193616700449424,,0.0,1.3193616700449424,4.9394589563
116560,1.3193602649403968,,0.0,1.3193602649403968,4.9349661195
116565,1.3193587383254344,,0.0,1.3193587383254344,4.9312939549
116570,1.319357092570381,,0.0,1.319357092570381,4.9282029377
116575,1.3193553406496552,,0.0,1.3193553406496552,4.9345406444
116580,1.319353500153574,,0.0,1.319353500153574,4.9597502263
116585,1.3193515905437652,,0.0,1.3193515905437652,4.9933727185
116590,1.3193496325293956,,0.0,1.3193496325293956,5.0141664321
116595,1.3193476479424195,,0.0,1.3193476479424195,5.0304945369
116600,1.3193456619831492,,0.0,1.3193456619831492,5.0422141767
116605,1.3193436974815707,,0.0,1.3193436974815707,5.0555828509
116610,1.319341773525049,,0.0,1.319341773525049,5.0663657106
116615,1.3193399077039016,,0.0,1.3193399077039016,5.0784929872
116620,1.3193381144895948,,0.0,1.3193381144895948,5.0791662598
116625,1.3193364059832686,,0.0,1.3193364059832686,5.0741413932
116630,1.3193347907929505,,0.0,1.3193347907929505,5.0717237571
116635,1.3193332721622453,,0.0,1.3193332721622453,5.0624782
116640,1.3193318495921367,,0.0,1.3193318495921367,5.0470457597
116645,1.3193305180924637,,0.0,1.3193305180924637,5.0386272138
116650,1.319329268556183,,0.0,1.319329268556183,5.0310921071
116655,1.3193280877593685,,0.0,1.3193280877593685,5.0479556673
116660,1.3193269591097347,,0.0,1.3193269591097347,5.0781684476
116665,1.3193258625218847,,0.0,1.3193258625218847,5.112223555
116670,1.319324779282715,,0.0,1.319324779282715,5.1443328917
116675,1.3193236860632234,,0.0,1.3193236860632234,5.1762043763
116680,1.3193225514253966,,0.0,1.3193225514253966,5.2039401195
116685,1.3193213491708902,,0.0,1.3193213491708902,5.2191407848
116690,1.3193200569687342,,0.0,1.3193200569687342,5.2281731736
116695,1.3193186537354988,,0.0,1.3193186537354988,5.2250537394
116700,1.3193171203838192,,0.0,1.3193171203838192,5.2102147939
116705,1.3193154399471476,,0.0,1.3193154399471476,5.1867652855
116710,1.3193135993263125,,0.0,1.3193135993263125,5.1620371392
116715,1.3193115882914839,,0.0,1.3193115882914839,5.1363133847
116720,1.319309400979223,,0.0,1.319309400979223,5.1288659254
116725,1.3193070352687108,,0.0,1.3193070352687108,5.1395334842
116730,1.3193044931560118,,0.0,1.3193044931560118,5.1457505423
116735,1.3193017750153888,,0.0,1.3193017750153888,5.1433146484
116740,1.3192988892053603,,0.0,1.3192988892053603,5.1405755989
116745,1.3192958506964096,,0.0,1.3192958506964096,5.1494134903
116750,1.3192926774531155,,0.0,1.3192926774531155,5.1564795785
116755,1.3192893901846456,,0.0,1.3192893901846456,5.1591380746
116760,1.31928601184574,,0.0,1.31928601184574,5.1588198768
116765,1.3192825667634327,,0.0,1.3192825667634327,5.1664249266
116770,1.3192790810113144,,0.0,1.3192790810113144,5.1840610036
116775,1.3192755797896973,,0.0,1.3192755797896973,5.1940789669
116780,1.319272088049386,,0.0,1.319272088049386,5.1917644664
116785,1.3192686297431524,,0.0,1.3192686297431524,5.195975962
116790,1.3192652281999988,,0.0,1.3192652281999988,5.2024302403
116795,1.3192619058756487,,0.0,1.3192619058756487,5.2135880708
116800,1.3192586837287783,,0.0,1.3192586837287783,5.2137298215
116805,1.3192555803477362,,0.0,1.3192555803477362,5.203393142
116810,1.3192526125743156,,0.0,1.3192526125743156,5.1987280784
116815,1.319249793507689,,0.0,1.319249793507689,5.195081294
116820,1.3192471335024398,,0.0,1.3192471335024398,5.1879959038
116825,1.3192446409170877,,0.0,1.3192446409170877,5.1748129257
116830,1.3192423188704832,,0.0,1.3192423188704832,5.1583003144
116835,1.3192401653665617,,0.0,1.3192401653665617,5.1517800087
116840,1.3192381739181145,,0.0,1.3192381739181145,5.1473155901
116845,1.3192363350438359,,0.0,1.3192363350438359,5.1316949361
116850,1.3192346357693072,,0.0,1.3192346357693072,5.111219819
116855,1.3192330600012598,,0.0,1.3192330600012598,5.0894971237
116860,1.3192315897751152,,0.0,1.3192315897751152,5.0659033367
116865,1.3192302045064588,,0.0,1.3192302045064588,5.0456833153
116870,1.3192288827375998,,0.0,1.3192288827375998,5.0191952907
116875,1.319227602137568,,0.0,1.319227602137568,5.00668858
116880,1.319226340250639,,0.0,1.319226340250639,5.0083397761
116885,1.3192250746210896,,0.0,1.3192250746210896,5.0026871759
116890,1.3192237859120461,,0.0,1.3192237859120461,4.9955133281
116895,1.3192224535390953,,0.0,1.3192224535390953,5.0050451938
116900,1.3192210580406092,,0.0,1.3192210580406092,5.012958852
116905,1.3192195815767633,,0.0,1.3192195815767633,5.0121340111
116910,1.3192180085533047,,0.0,1.3192180085533047,5.0057270718
116915,1.3192163256215528,,0.0,1.3192163256215528,5.0163794792
116920,1.3192145216784001,,0.0,1.3192145216784001,5.0251103599
116925,1.3192125879910648,,0.0,1.3192125879910648,5.0394869372
116930,1.319210518072338,,0.0,1.319210518072338,5.051582297
116935,1.319208307805337,,0.0,1.319208307805337,5.0539312996
116940,1.319205954819735,,0.0,1.319205954819735,5.061257375
116945,1.3192034591155322,,0.0,1.3192034591155322,5.0836452682
116950,1.3192008219402689,,0.0,1.3192008219402689,5.1103231858
116955,1.3191980467870579,,0.0,1.3191980467870579,5.134798711
116960,1.3191951380222897,,0.0,1.3191951380222897,5.1592816608
116965,1.3191921015094032,,0.0,1.3191921015094032,5.1813496601
116970,1.3191889431118375,,0.0,1.3191889431118375,5.183092388
116975,1.319185669316802,,0.0,1.319185669316802,5.1828316898
116980,1.3191822874847838,,0.0,1.3191822874847838,5.189776398
116985,1.3191788059743021,,0.0,1.3191788059743021,5.1935588182
116990,1.3191752337676468,,0.0,1.3191752337676468,5.1856604252
116995,1.3191715808451396,,0.0,1.3191715808451396,5.1593812727
117000,1.3191678573118562,,0.0,1.3191678573118562,5.1353487832
117005,1.3191640741461503,,0.0,1.3191640741461503,5.118578501
117010,1.319160242326376,,0.0,1.319160242326376,5.1049347258
117015,1.319156372706133,,0.0,1.319156372706133,5.0988475803
117020,1.3191524765132836,,0.0,1.3191524765132836,5.103932791
117025,1.3191485643519194,,0.0,1.3191485643519194,5.1281178368
117030,1.319144646701378,,0.0,1.319144646701378,5.1638010866
117035,1.3191407335419818,,0.0,1.3191407335419818,5.1929968192
117040,1.3191368343550358,,0.0,1.3191368343550358,5.2195312033
117045,1.3191329577485678,,0.0,1.3191329577485678,5.2395770762
117050,1.319129111457327,,0.0,1.319129111457327,5.2506014534
117055,1.3191253028418006,,0.0,1.3191253028418006,5.2584424271
117060,1.3191215375159198,,0.0,1.3191215375159198,5.2714036413
117065,1.3191178204698455,,0.0,1.3191178204698455,5.274380108
117070,1.319114155321444,,0.0,1.319114155321444,5.2710126839
117075,1.3191105449400582,,0.0,1.3191105449400582,5.2603693072
117080,1.3191069911969981,,0.0,1.3191069911969981,5.2454664156
117085,1.31910349521505,,0.0,1.31910349521505,5.2290959194
117090,1.319100056994214,,0.0,1.319100056994214,5.216935653
117095,1.3190966761602279,,0.0,1.3190966761602279,5.2078212789
117100,1.3190933512160432,,0.0,1.3190933512160432,5.2214793913
117105,1.3190900804151044,,0.0,1.3190900804151044,5.2401117235
117110,1.31908686126233,,0.0,1.31908686126233,5.2668497552
117115,1.3190836911378867,,0.0,1.3190836911378867,5.3023665385
117120,1.319080566798169,,0.0,1.319080566798169,5.3305937908
117125,1.3190774848748186,,0.0,1.3190774848748186,5.3525792723
117130,1.3190744421242313,,0.0,1.3190744421242313,5.368291041
117135,1.31907143492854,,0.0,1.31907143492854,5.3717342841
117140,1.319068459919386,,0.0,1.319068459919386,5.3652769684
117145,1.3190655139779195,,0.0,1.3190655139779195,5.3502160091
117150,1.3190625938605351,,0.0,1.3190625938605351,5.3232098243
117155,1.3190596966978907,,0.0,1.3190596966978907,5.2908679214
117160,1.319056819870152,,0.0,1.319056819870152,5.273610697
117165,1.3190539607574843,,0.0,1.3190539607574843,5.2699213698
117170,1.3190511168648074,,0.0,1.3190511168648074,5.275331645
117175,1.3190482860713026,,0.0,1.3190482860713026,5.2812815732
117180,1.319045466380906,,0.0,1.319045466380906,5.2876436281
117185,1.3190426559223065,,0.0,1.3190426559223065,5.2891448665
117190,1.3190398530737026,,0.0,1.3190398530737026,5.2841909101
117195,1.3190370560885376,,0.0,1.3190370560885376,5.2913316795
117200,1.3190342634697636,,0.0,1.3190342634697636,5.292169259
117205,1.319031473720332,,0.0,1.319031473720332,5.2944329152
117210,1.3190286852184405,,0.0,1.3190286852184405,5.3072902194
117215,1.3190258964670412,,0.0,1.3190258964670412,5.3162492774
117220,1.3190231062185933,,0.0,1.3190231062185933,5.3141958582
117225,1.3190203137245733,,0.0,1.3190203137245733,5.3111911774
117230,1.3190175196087508,,0.0,1.3190175196087508,5.3204807518
117235,1.319014722249324,,0.0,1.319014722249324,5.3521224214
117240,1.319011920149244,,0.0,1.319011920149244,5.3765562453
117245,1.319009111936217,,0.0,1.319009111936217,5.3974807994
117250,1.3190062967369651,,0.0,1.3190062967369651,5.4170819284
117255,1.3190034740524719,,0.0,1.3190034740524719,5.4337120145
117260,1.3190006435084751,,0.0,1.3190006435084751,5.4497809836
117265,1.318997805603991,,0.0,1.318997805603991,5.4497859562
117270,1.31899496096279,,0.0,1.31899496096279,5.438833566
117275,1.3189921105829037,,0.0,1.3189921105829037,5.4190688493
117280,1.318989255961381,,0.0,1.318989255961381,5.4018268999
117285,1.3189863987200237,,0.0,1.3189863987200237,5.3866659591
117290,1.3189835411044042,,0.0,1.3189835411044042,5.3667986313
117295,1.3189806854848491,,0.0,1.3189806854848491,5.3372885774
117300,1.3189778343564387,,0.0,1.3189778343564387,5.3166875632
117305,1.318974990588516,,0.0,1.318974990588516,5.3015881296
117310,1.3189721568009145,,0.0,1.3189721568009145,5.2831889882
117315,1.3189693357382235,,0.0,1.3189693357382235,5.2638137082
117320,1.318966530145031,,0.0,1.318966530145031,5.2390161431
117325,1.3189637426411718,,0.0,1.3189637426411718,5.2118753099
117330,1.31896097584648,,0.0,1.31896097584648,5.1993552304
117335,1.3189582318817745,,0.0,1.3189582318817745,5.2010827224
117340,1.318955511869841,,0.0,1.318955511869841,5.2079122319
117345,1.3189528168087117,,0.0,1.3189528168087117,5.2152411331
117350,1.3189501470726488,,0.0,1.3189501470726488,5.2220694556
117355,1.3189475027864064,,0.0,1.3189475027864064,5.2203453052
117360,1.3189448837004762,,0.0,1.3189448837004762,5.2230632529
117365,1.3189422890663345,,0.0,1.3189422890663345,5.234239128
117370,1.3189397176364408,,0.0,1.3189397176364408,5.238759689
117375,1.3189371682880087,,0.0,1.3189371682880087,5.2414031587
117380,1.3189346391497283,,0.0,1.3189346391497283,5.2550404028
117385,1.318932128475043,,0.0,1.318932128475043,5.2812661068
117390,1.3189296341431347,,0.0,1.3189296341431347,5.3047320858
117395,1.3189271539084306,,0.0,1.3189271539084306,5.3221954406
117400,1.3189246855253587,,0.0,1.3189246855253587,5.3348508469
117405,1.3189222266235925,,0.0,1.3189222266235925,5.3479410317
117410,1.3189197749575594,,0.0,1.3189197749575594,5.3691990325
117415,1.318917328156933,,0.0,1.318917328156933,5.3689362672
117420,1.3189148843504035,,0.0,1.3189148843504035,5.3661441187
117425,1.31891244166666,,0.0,1.31891244166666,5.361627611
117430,1.3189099992324247,,0.0,1.3189099992324247,5.3507487808
117435,1.3189075556754029,,0.0,1.3189075556754029,5.3379185068
117440,1.3189051097480549,,0.0,1.3189051097480549,5.3180468105
117445,1.3189026609513643,,0.0,1.3189026609513643,5.2937211024
117450,1.318900208786315,,0.0,1.318900208786315,5.2722555874
117455,1.3188977532529076,,0.0,1.3188977532529076,5.2614586371
117460,1.3188952948501573,,0.0,1.3188952948501573,5.2540684155
117465,1.3188928343265889,,0.0,1.3188928343265889,5.2580968285
117470,1.318890373054496,,0.0,1.318890373054496,5.2633342366
117475,1.3188879125309274,,0.0,1.3188879125309274,5.275862717
117480,1.3188854547519475,,0.0,1.3188854547519475,5.2969453051
117485,1.3188830018383741,,0.0,1.3188830018383741,5.3182051145
117490,1.318880556410042,,0.0,1.318880556410042,5.3429053469
117495,1.318878121336294,,0.0,1.318878121336294,5.3582613522
117500,1.3188756993617181,,0.0,1.3188756993617181,5.3596328832
117505,1.3188732939794272,,0.0,1.3188732939794272,5.362988493
117510,1.3188709083082717,,0.0,1.3188709083082717,5.3595231167
117515,1.318868545841364,,0.0,1.318868545841364,5.3513920677
117520,1.3188662101965711,,0.0,1.3188662101965711,5.3359446596
117525,1.3188639047422515,,0.0,1.3188639047422515,5.3166656214
117530,1.3188616332210257,,0.0,1.3188616332210257,5.299600157
117535,1.318859398751744,,0.0,1.318859398751744,5.292445839
117540,1.3188572048275198,,0.0,1.3188572048275198,5.29065724
117545,1.318855054567203,,0.0,1.318855054567203,5.3109487701
117550,1.3188529507153826,,0.0,1.3188529507153826,5.3416317816
117555,1.318850896016646,,0.0,1.318850896016646,5.3717753655
117560,1.318848892591813,,0.0,1.318848892591813,5.4055330929
117565,1.3188469423121927,,0.0,1.3188469423121927,5.4366564131
117570,1.31884504655008,,0.0,1.31884504655008,5.4635519364
117575,1.318843206178753,,0.0,1.318843206178753,5.4790933567
117580,1.3188414210734576,,0.0,1.3188414210734576,5.487152185
117585,1.3188396908599316,,0.0,1.3188396908599316,5.4864121864
117590,1.3188380141658809,,0.0,1.3188380141658809,5.4726145614
117595,1.318836388620979,,0.0,1.318836388620979,5.4542844881
117600,1.3188348116053916,,0.0,1.3188348116053916,5.4296129848
117605,1.318833279251744,,0.0,1.318833279251744,5.404244452
117610,1.3188317871936452,,0.0,1.3188317871936452,5.3903449388
117615,1.3188303301914268,,0.0,1.3188303301914268,5.3789933384
117620,1.3188289026311573,,0.0,1.3188289026311573,5.3809654615
117625,1.3188274980256278,,0.0,1.3188274980256278,5.3781499162
117630,1.318826109762875,,0.0,1.318826109762875,5.3768708014
117635,1.31882473073192,,0.0,1.31882473073192,5.3787231222
117640,1.318823353697029,,0.0,1.318823353697029,5.3866535006
117645,1.3188219711729616,,0.0,1.3188219711729616,5.3877820329
117650,1.3188205761734917,,0.0,1.3188205761734917,5.3804177197
117655,1.3188191618371485,,0.0,1.3188191618371485,5.3920644874
117660,1.3188177216767227,,0.0,1.3188177216767227,5.4072108538
117665,1.3188162502030378,,0.0,1.3188162502030378,5.4119540423
117670,1.3188147423011782,,0.0,1.3188147423011782,5.4080240254
117675,1.3188131937295078,,0.0,1.3188131937295078,5.4106265544
117680,1.3188116009949136,,0.0,1.3188116009949136,5.4386350912
117685,1.3188099621013316,,0.0,1.3188099621013316,5.4680732821
117690,1.3188082755517132,,0.0,1.3188082755517132,5.4993697025
117695,1.3188065415955665,,0.0,1.3188065415955665,5.5267281334
117700,1.318804761230924,,0.0,1.318804761230924,5.5444125405
117705,1.3188029368281118,,0.0,1.3188029368281118,5.5615470444
117710,1.3188010717554883,,0.0,1.3188010717554883,5.5703526541
117715,1.3187991707537068,,0.0,1.3187991707537068,5.5673913123
117720,1.3187972390624358,,0.0,1.3187972390624358,5.5532567852
117725,1.318795283168885,,0.0,1.318795283168885,5.5281146594
117730,1.3187933098097708,,0.0,1.3187933098097708,5.4973873574
117735,1.3187913267198428,,0.0,1.3187913267198428,5.4630754437
117740,1.3187893416338508,,0.0,1.3187893416338508,5.435612812
117745,1.3187873622865436,,0.0,1.3187873622865436,5.4154661532
117750,1.318785396662179,,0.0,1.318785396662179,5.3990714827
117755,1.3187834522459978,,0.0,1.3187834522459978,5.3687430461
117760,1.3187815362737336,,0.0,1.3187815362737336,5.3432941465
117765,1.3187796549830872,,0.0,1.3187796549830872,5.3268388128
117770,1.3187778138632362,,0.0,1.3187778138632362,5.3044264583
117775,1.3187760172805707,,0.0,1.3187760172805707,5.2958079451
117780,1.3187742683539414,,0.0,1.3187742683539414,5.2924160759
117785,1.318772568954659,,0.0,1.318772568954659,5.3004243662
117790,1.318770919082723,,0.0,1.318770919082723,5.3060177118
117795,1.3187693172410853,,0.0,1.3187693172410853,5.3120172399
117800,1.3187677604356494,,0.0,1.3187677604356494,5.3196901531
117805,1.3187662438010084,,0.0,1.3187662438010084,5.328610758
117810,1.3187647609747073,,0.0,1.3187647609747073,5.3378077691
117815,1.3187633040972426,,0.0,1.3187633040972426,5.3331699841
117820,1.318761863812063,,0.0,1.318761863812063,5.3154979222
117825,1.3187604295150765,,0.0,1.3187604295150765,5.3053801987
117830,1.318758989604159,,0.0,1.318758989604159,5.3140053506
117835,1.318757531603908,,0.0,1.318757531603908,5.3293048585
117840,1.3187560425399059,,0.0,1.3187560425399059,5.3373096134
117845,1.318754508938718,,0.0,1.318754508938718,5.3350632759
117850,1.318752917701172,,0.0,1.318752917701172,5.3330357496
117855,1.3187512561023582,,0.0,1.3187512561023582,5.340053004
117860,1.3187495120411359,,0.0,1.3187495120411359,5.3359509747
117865,1.318747674414397,,0.0,1.318747674414397,5.3208466302
117870,1.3187457337408366,,0.0,1.3187457337408366,5.3080630239
117875,1.3187436835332453,,0.0,1.3187436835332453,5.2965442539
117880,1.3187415170549057,,0.0,1.3187415170549057,5.2817828456
117885,1.3187392285671329,,0.0,1.3187392285671329,5.267706998
117890,1.3187368147015683,,0.0,1.3187368147015683,5.2577208894
117895,1.3187342738364098,,0.0,1.3187342738364098,5.2439709458
117900,1.3187316073439515,,0.0,1.3187316073439515,5.222882967
117905,1.3187288178440282,,0.0,1.3187288178440282,5.2076284609
117910,1.318725910576308,,0.0,1.318725910576308,5.1961458769
117915,1.3187228920280007,,0.0,1.3187228920280007,5.1918379456
117920,1.3187197700586095,,0.0,1.3187197700586095,5.2022920635
117925,1.318716553775178,,0.0,1.318716553775178,5.2196331852
117930,1.3187132536570438,,0.0,1.3187132536570438,5.2327804697
117935,1.318709881680593,,0.0,1.318709881680593,5.242210535
117940,1.3187064504459822,,0.0,1.3187064504459822,5.2414356741
117945,1.3187029728028754,,0.0,1.3187029728028754,5.2416758173
117950,1.3186994624742148,,0.0,1.3186994624742148,5.2457616508
117955,1.318695933307697,,0.0,1.318695933307697,5.2358758865
117960,1.3186923994005264,,0.0,1.3186923994005264,5.2231402387
117965,1.3186888744756453,,0.0,1.3186888744756453,5.2103605607
117970,1.3186853720064882,,0.0,1.3186853720064882,5.1907901412
117975,1.318681904967473,,0.0,1.318681904967473,5.1710527656
117980,1.31867848483597,,0.0,1.31867848483597,5.1583005617
117985,1.318675122216071,,0.0,1.318675122216071,5.1558229728
117990,1.3186718262148198,,0.0,1.3186718262148198,5.1671974145
117995,1.3186686039431952,,0.0,1.3186686039431952,5.1882264651
118000,1.318665460640866,,0.0,1.318665460640866,5.2056044631
118005,1.3186623990524216,,0.0,1.3186623990524216,5.2362934819
118010,1.3186594199263848,,0.0,1.3186594199263848,5.2691974704
118015,1.3186565213914463,,0.0,1.3186565213914463,5.2963401377
118020,1.3186536993307232,,0.0,1.3186536993307232,5.3115510647
118025,1.318650947132252,,0.0,1.318650947132252,5.3135500007
118030,1.3186482563127595,,0.0,1.3186482563127595,5.3099240393
118035,1.3186456165176619,,0.0,1.3186456165176619,5.2957549942
118040,1.318643015146803,,0.0,1.318643015146803,5.2806644464
118045,1.3186404383524861,,0.0,1.3186404383524861,5.2649549317
118050,1.3186378714137372,,0.0,1.3186378714137372,5.2548460166
118055,1.3186352992353192,,0.0,1.3186352992353192,5.2491688826
118060,1.3186327067219958,,0.0,1.3186327067219958,5.2401731914
118065,1.3186300792775463,,0.0,1.3186300792775463,5.2267436722
118070,1.3186274036780445,,0.0,1.3186274036780445,5.2267789928
118075,1.318624668071858,,0.0,1.318624668071858,5.2274300404
118080,1.3186218631024358,,0.0,1.3186218631024358,5.237050886
118085,1.3186189811597824,,0.0,1.3186189811597824,5.2417792944
118090,1.3186160172537362,,0.0,1.3186160172537362,5.242164712
118095,1.318612969138726,,0.0,1.318612969138726,5.254938024
118100,1.3186098374385211,,0.0,1.3186098374385211,5.2880928898
118105,1.318606625646234,,0.0,1.318606625646234,5.3119854616
118110,1.3186033398748125,,0.0,1.3186033398748125,5.3264148709
118115,1.3185999892312996,,0.0,1.3185999892312996,5.3358041809
118120,1.3185965848188035,,0.0,1.3185965848188035,5.3556826394
118125,1.3185931402355122,,0.0,1.3185931402355122,5.3917109847
118130,1.3185896700776467,,0.0,1.3185896700776467,5.4328064933
118135,1.3185861909374914,,0.0,1.3185861909374914,5.4666081775
118140,1.3185827195320856,,0.0,1.3185827195320856,5.4854856364
118145,1.3185792732022381,,0.0,1.3185792732022381,5.4980649064
118150,1.3185758690392502,,0.0,1.3185758690392502,5.5059681311
118155,1.3185725236354062,,0.0,1.3185725236354062,5.5046665633
118160,1.318569252335451,,0.0,1.318569252335451,5.4995785527
118165,1.318566068987081,,0.0,1.318566068987081,5.4828101479
118170,1.3185629858161905,,0.0,1.3185629858161905,5.4587904196
118175,1.3185600125535932,,0.0,1.3185600125535932,5.4440635376
118180,1.31855715668453,,0.0,1.31855715668453,5.4255183394
118185,1.3185544228249,,0.0,1.3185544228249,5.4108920451
118190,1.3185518132202756,,0.0,1.3185518132202756,5.4047798648
118195,1.3185493269973787,,0.0,1.3185493269973787,5.3825955153
118200,1.3185469605383422,,0.0,1.3185469605383422,5.3578132033
118205,1.3185447072312038,,0.0,1.3185447072312038,5.3403217264
118210,1.318542557345149,,0.0,1.318542557345149,5.3296576606
118215,1.318540498903792,,0.0,1.318540498903792,5.320750131
118220,1.3185385168118966,,0.0,1.3185385168118966,5.3161937144
118225,1.3185365931048831,,0.0,1.3185365931048831,5.319811589
118230,1.3185347048280116,,0.0,1.3185347048280116,5.3269010236
118235,1.318532826905724,,0.0,1.318532826905724,5.3288186972
118240,1.3185309333891837,,0.0,1.3185309333891837,5.3268788677
118245,1.3185289974562762,,0.0,1.3185289974562762,5.3357199385
118250,1.3185269916611166,,0.0,1.3185269916611166,5.3499537045
118255,1.3185248880588039,,0.0,1.3185248880588039,5.3584683307
118260,1.3185226588291912,,0.0,1.3185226588291912,5.3583335159
118265,1.3185202771501643,,0.0,1.3185202771501643,5.3639068338
118270,1.3185177184451808,,0.0,1.3185177184451808,5.3725063402
118275,1.3185149592604846,,0.0,1.3185149592604846,5.3820543375
118280,1.3185119787621538,,0.0,1.3185119787621538,5.4032419727
118285,1.3185087577380694,,0.0,1.3185087577380694,5.4168309473
118290,1.3185052799702084,,0.0,1.3185052799702084,5.4237923363
118295,1.3185015313613666,,0.0,1.3185015313613666,5.4320783799
118300,1.3184975009331898,,0.0,1.3184975009331898,5.4417145294
118305,1.318493180202405,,0.0,1.318493180202405,5.4368032169
118310,1.3184885635550805,,0.0,1.3184885635550805,5.4097405276
118315,1.3184836484961362,,0.0,1.3184836484961362,5.3893668182
118320,1.3184784351503265,,0.0,1.3184784351503265,5.3817513738
118325,1.3184729261374852,,0.0,1.3184729261374852,5.36863144
118330,1.31846712694679,,0.0,1.31846712694679,5.3464572877
118335,1.3184610458120058,,0.0,1.3184610458120058,5.3200657668
118340,1.3184546925887004,,0.0,1.3184546925887004,5.2954758873
118345,1.318448080126538,,0.0,1.318448080126538,5.2667480071
118350,1.318441222772231,,0.0,1.318441222772231,5.2367694369
118355,1.3184341371180648,,0.0,1.3184341371180648,5.2058987448
118360,1.318426841253372,,0.0,1.318426841253372,5.1948913401
118365,1.3184193552635501,,0.0,1.3184193552635501,5.1946742967
118370,1.318411700356783,,0.0,1.318411700356783,5.1974976089
118375,1.3184038996125647,,0.0,1.3184038996125647,5.1971379653
118380,1.318395976858913,,0.0,1.318395976858913,5.1935163867
118385,1.3183879574208948,,0.0,1.3183879574208948,5.1848638386
118390,1.3183798674968543,,0.0,1.3183798674968543,5.167595002
118395,1.3183717339089063,,0.0,1.3183717339089063,5.1518723104
118400,1.3183635838534273,,0.0,1.3183635838534273,5.1507186106
118405,1.3183554450258101,,0.0,1.3183554450258101,5.1482049047
118410,1.3183473448719398,,0.0,1.3183473448719398,5.1455414238
118415,1.3183393100891772,,0.0,1.3183393100891772,5.1439636376
118420,1.31833136700062,,0.0,1.31833136700062,5.1403009215
118425,1.318323540058057,,0.0,1.318323540058057,5.1370879752
118430,1.3183158527152443,,0.0,1.3183158527152443,5.1353207322
118435,1.3183083256813493,,0.0,1.3183083256813493,5.1482205269
118440,1.3183009779189836,,0.0,1.3183009779189836,5.1624336621
118445,1.3182938252719076,,0.0,1.3182938252719076,5.183762121
118450,1.3182868809640476,,0.0,1.3182868809640476,5.2121557746
118455,1.3182801549757255,,0.0,1.3182801549757255,5.2402631895
118460,1.3182736544179205,,0.0,1.3182736544179205,5.2665187194
118465,1.3182673829084994,,0.0,1.3182673829084994,5.2840524459
118470,1.31826134132074,,0.0,1.31826134132074,5.297631019
118475,1.318255526535792,,0.0,1.318255526535792,5.3021199439
118480,1.3182499304446438,,0.0,1.3182499304446438,5.2921119937
118485,1.3182445428174658,,0.0,1.3182445428174658,5.2740339179
118490,1.3182393516778717,,0.0,1.3182393516778717,5.2493200112
118495,1.3182343440514437,,0.0,1.3182343440514437,5.2245364781
118500,1.318229506464747,,0.0,1.318229506464747,5.2054322752
118505,1.3182248246958232,,0.0,1.3182248246958232,5.1806287943
118510,1.3182202846474682,,0.0,1.3182202846474682,5.151031908
118515,1.3182158723472313,,0.0,1.3182158723472313,5.1406635854
118520,1.3182115744464322,,0.0,1.3182115744464322,5.1412083168
118525,1.3182073777211447,,0.0,1.3182073777211447,5.1585456762
118530,1.3182032700702286,,0.0,1.3182032700702286,5.1719145638
118535,1.3181992398915598,,0.0,1.3181992398915598,5.1839630582
118540,1.3181952765810467,,0.0,1.3181952765810467,5.2127321237
118545,1.3181913702831214,,0.0,1.3181913702831214,5.2527785566
118550,1.3181875121402487,,0.0,1.3181875121402487,5.2907695569
118555,1.3181836944176786,,0.0,1.3181836944176786,5.3266165847
118560,1.3181799097549245,,0.0,1.3181799097549245,5.3299154193
118565,1.318176151914285,,0.0,1.318176151914285,5.3465937459
118570,1.3181724152818293,,0.0,1.3181724152818293,5.3612417349
118575,1.318168694617888,,0.0,1.318168694617888,5.3818976108
118580,1.3181649859303333,,0.0,1.3181649859303333,5.397923076
118585,1.3181612854765439,,0.0,1.3181612854765439,5.4049133788
118590,1.3181575900129152,,0.0,1.3181575900129152,5.4051849174
118595,1.318153897169121,,0.0,1.318153897169121,5.3986382896
118600,1.318150205073851,,0.0,1.318150205073851,5.3891265711
118605,1.3181465123548108,,0.0,1.3181465123548108,5.381690261
118610,1.3181428181387222,,0.0,1.3181428181387222,5.3724288783
118615,1.3181391224255854,,0.0,1.3181391224255854,5.3716543625
118620,1.3181354255896625,,0.0,1.3181354255896625,5.3692247883
118625,1.3181317287537397,,0.0,1.3181317287537397,5.365785783
118630,1.318128033290111,,0.0,1.318128033290111,5.3533816607
118635,1.318124341569103,,0.0,1.318124341569103,5.3546591935
118640,1.318120656085796,,0.0,1.318120656085796,5.3411226843
118645,1.3181169800837949,,0.0,1.3181169800837949,5.3234806942
118650,1.3181133169314578,,0.0,1.3181133169314578,5.2951550021
118655,1.3181096706209134,,0.0,1.3181096706209134,5.2725746577
118660,1.3181060453937992,,0.0,1.3181060453937992,5.2607423102
118665,1.318102445491751,,0.0,1.318102445491751,5.2516377626
118670,1.3180988757801761,,0.0,1.3180988757801761,5.2417293914
118675,1.3180953411244816,,0.0,1.3180953411244816,5.2333169635
118680,1.3180918465148275,,0.0,1.3180918465148275,5.2294898329
118685,1.3180883969413755,,0.0,1.3180883969413755,5.2341905087
118690,1.3180849971447781,,0.0,1.3180849971447781,5.2455272041
118695,1.3180816521151961,,0.0,1.3180816521151961,5.2634538537
118700,1.3180783664685285,,0.0,1.3180783664685285,5.272651755
118705,1.3180751450701822,,0.0,1.3180751450701822,5.2716911491
118710,1.3180719925360556,,0.0,1.3180719925360556,5.2682511864
118715,1.3180689133572936,,0.0,1.3180689133572936,5.281994791
118720,1.3180659115260254,,0.0,1.3180659115260254,5.2901359129
118725,1.318062990784871,,0.0,1.318062990784871,5.2946688358
118730,1.3180601545021893,,0.0,1.3180601545021893,5.2965366224
118735,1.3180574051730607,,0.0,1.3180574051730607,5.2985946635
118740,1.3180547477876459,,0.0,1.3180547477876459,5.3044473376
118745,1.3180521833439773,,0.0,1.3180521833439773,5.3261812091
118750,1.3180497108440226,,0.0,1.3180497108440226,5.342566066
118755,1.3180473287907337,,0.0,1.3180473287907337,5.3498309226
118760,1.3180450341900138,,0.0,1.3180450341900138,5.3501635996
118765,1.3180428235487507,,0.0,1.3180428235487507,5.3356599206
118770,1.318040691876783,,0.0,1.318040691876783,5.3258864331
118775,1.3180386341839505,,0.0,1.3180386341839505,5.3137552363
118780,1.3180366448563214,,0.0,1.3180366448563214,5.2991582737
118785,1.3180347165334092,,0.0,1.3180347165334092,5.2851385378
118790,1.3180328407319402,,0.0,1.3180328407319402,5.2676539306
118795,1.3180310084696243,,0.0,1.3180310084696243,5.2495340066
118800,1.3180292107641727,,0.0,1.3180292107641727,5.2341214873
118805,1.3180274380095254,,0.0,1.3180274380095254,5.2208326889
118810,1.3180256810986388,,0.0,1.3180256810986388,5.2173224895
118815,1.3180239307997155,,0.0,1.3180239307997155,5.2150426642
118820,1.3180221788789894,,0.0,1.3180221788789894,5.2086652306
118825,1.3180204177264663,,0.0,1.3180204177264663,5.2034470006
118830,1.3180186409796901,,0.0,1.3180186409796901,5.222077589
118835,1.3180168428999766,,0.0,1.3180168428999766,5.2381935099
118840,1.3180150189961803,,0.0,1.3180150189961803,5.2469363445
118845,1.3180131656504348,,0.0,1.3180131656504348,5.2490570799
118850,1.3180112807419222,,0.0,1.3180112807419222,5.2459346703
118855,1.3180093630231018,,0.0,1.3180093630231018,5.24599612
118860,1.3180074124939736,,0.0,1.3180074124939736,5.239576289
118865,1.3180054302773239,,0.0,1.3180054302773239,5.2350668494
118870,1.318003418244463,,0.0,1.318003418244463,5.228406362
118875,1.3180013793894878,,0.0,1.3180013793894878,5.2378720201
118880,1.317999317080756,,0.0,1.317999317080756,5.2566213137
118885,1.3179972356846592,,0.0,1.3179972356846592,5.27627925
118890,1.317995139442834,,0.0,1.317995139442834,5.3025021385
118895,1.3179930330959329,,0.0,1.3179930330959329,5.3251202802
118900,1.3179909211351006,,0.0,1.3179909211351006,5.3504272248
118905,1.3179888078019741,,0.0,1.3179888078019741,5.3800782912
118910,1.3179866970886822,,0.0,1.3179866970886822,5.3970794926
118915,1.3179845923635833,,0.0,1.3179845923635833,5.4027482406
118920,1.3179824966207743,,0.0,1.3179824966207743,5.399539482
118925,1.3179804122305807,,0.0,1.3179804122305807,5.381764035
118930,1.3179783409395596,,0.0,1.3179783409395596,5.3517788094
118935,1.3179762841200051,,0.0,1.3179762841200051,5.3138971464
118940,1.3179742427699492,,0.0,1.3179742427699492,5.2911806591
118945,1.317972217263654,,0.0,1.317972217263654,5.2633887048
118950,1.3179702079753817,,0.0,1.3179702079753817,5.2401796575
118955,1.317968214905132,,0.0,1.317968214905132,5.2339605482
118960,1.3179662381776593,,0.0,1.3179662381776593,5.2378080903
118965,1.3179642776682094,,0.0,1.3179642776682094,5.2505317318
118970,1.3179623340005526,,0.0,1.3179623340005526,5.2663124814
118975,1.3179604075489506,,0.0,1.3179604075489506,5.2829956783
118980,1.317958499560944,,0.0,1.317958499560944,5.2953656598
118985,1.3179566112840724,,0.0,1.3179566112840724,5.314925031
118990,1.317954745213417,,0.0,1.317954745213417,5.3586957377
118995,1.3179529039688118,,0.0,1.3179529039688118,5.3608574642
119000,1.3179510907938614,,0.0,1.3179510907938614,5.3663366698
119005,1.3179493094311865,,0.0,1.3179493094311865,5.3725629895
119010,1.317947564496686,,0.0,1.317947564496686,5.3848216699
119015,1.3179458608557668,,0.0,1.3179458608557668,5.3987493261
119020,1.3179442037480975,,0.0,1.3179442037480975,5.408178471
119025,1.3179425989123632,,0.0,1.3179425989123632,5.4204176587
119030,1.317941051962495,,0.0,1.317941051962495,5.4247200833
119035,1.317939568637178,,0.0,1.317939568637178,5.4254991197
119040,1.3179381545503426,,0.0,1.3179381545503426,5.4310882947
119045,1.3179368148169044,,0.0,1.3179368148169044,5.4287447246
119050,1.3179355535537458,,0.0,1.3179355535537458,5.4230591794
119055,1.317934374004471,,0.0,1.317934374004471,5.4062516515
119060,1.3179332787889153,,0.0,1.3179332787889153,5.3776686449
119065,1.3179322692793725,,0.0,1.3179322692793725,5.3811177794
119070,1.3179313459748585,,0.0,1.3179313459748585,5.388176744
119075,1.317930508251603,,0.0,1.317930508251603,5.3764277175
119080,1.3179297547373126,,0.0,1.3179297547373126,5.3567447194
119085,1.3179290830616601,,0.0,1.3179290830616601,5.3283788086
119090,1.3179284894820251,,0.0,1.3179284894820251,5.2903977663
119095,1.3179279700062791,,0.0,1.3179279700062791,5.2607386451
119100,1.3179275192699988,,0.0,1.3179275192699988,5.2465391599
119105,1.3179271314097456,,0.0,1.3179271314097456,5.2362717023
119110,1.3179268001878182,,0.0,1.3179268001878182,5.2265698391
119115,1.3179265183684834,,0.0,1.3179265183684834,5.2285820838
119120,1.3179262777179757,,0.0,1.3179262777179757,5.2293174712
119125,1.3179260702520377,,0.0,1.3179260702520377,5.22339109
119130,1.3179258889844443,,0.0,1.3179258889844443,5.2117510769
119135,1.3179257270537241,,0.0,1.3179257270537241,5.1996916839
119140,1.3179255787211923,,0.0,1.3179255787211923,5.1948365571
119145,1.3179254392461965,,0.0,1.3179254392461965,5.1876977609
119150,1.317925305010869,,0.0,1.317925305010869,5.1706785829
119155,1.317925173145868,,0.0,1.317925173145868,5.1637961434
119160,1.3179250421541455,,0.0,1.3179250421541455,5.1672419499
119165,1.3179249116614389,,0.0,1.3179249116614389,5.1698638047
119170,1.3179247822915185,,0.0,1.3179247822915185,5.1654334684
119175,1.3179246557909405,,0.0,1.3179246557909405,5.1506595579
119180,1.3179245347795396,,0.0,1.3179245347795396,5.137752974
119185,1.317924422625674,,0.0,1.317924422625674,5.1391499683
119190,1.317924323570981,,0.0,1.317924323570981,5.1504935307
119195,1.317924241857097,,0.0,1.317924241857097,5.1627256454
119200,1.3179241822246746,,0.0,1.3179241822246746,5.1698872185
119205,1.3179241494143668,,0.0,1.3179241494143668,5.1748651484
119210,1.3179241479173185,,0.0,1.3179241479173185,5.1821098039
119215,1.3179241817256584,,0.0,1.3179241817256584,5.1820840289
119220,1.317924254457253,,0.0,1.317924254457253,5.1746910183
119225,1.3179243686071829,,0.0,1.3179243686071829,5.1587049753
119230,1.317924526171512,,0.0,1.317924526171512,5.1446075372
119235,1.317924728273027,,0.0,1.317924728273027,5.1357147065
119240,1.3179249750364819,,0.0,1.3179249750364819,5.1180434764
119245,1.3179252657133522,,0.0,1.3179252657133522,5.0991587039
119250,1.3179255989313439,,0.0,1.3179255989313439,5.0867849089
119255,1.3179259726943928,,0.0,1.3179259726943928,5.0690151748
119260,1.317926384133156,,0.0,1.317926384133156,5.059192381
119265,1.3179268306277996,,0.0,1.3179268306277996,5.0536944606
119270,1.3179273091842265,,0.0,1.3179273091842265,5.0450369146
119275,1.3179278169330944,,0.0,1.3179278169330944,5.0488309442
119280,1.3179283513793232,,0.0,1.3179283513793232,5.0552719943
119285,1.3179289107763563,,0.0,1.3179289107763563,5.0582169836
119290,1.3179294942509152,,0.0,1.3179294942509152,5.0605568542
119295,1.3179301018030007,,0.0,1.3179301018030007,5.0685348365
119300,1.3179307348049063,,0.0,1.3179307348049063,5.0709470824
119305,1.317931395876467,,0.0,1.317931395876467,5.0664520666
119310,1.3179320886355492,,0.0,1.3179320886355492,5.0530123787
119315,1.3179328184465757,,0.0,1.3179328184465757,5.0435773136
119320,1.3179335917967556,,0.0,1.3179335917967556,5.0362760265
119325,1.3179344167951008,,0.0,1.3179344167951008,5.0449544622
119330,1.3179353022991462,,0.0,1.3179353022991462,5.0594192725
119335,1.3179362582892138,,0.0,1.3179362582892138,5.0949942575
119340,1.3179372953693957,,0.0,1.3179372953693957,5.1380603636
119345,1.3179384242685375,,0.0,1.3179384242685375,5.1908078937
119350,1.317939655590731,,0.0,1.317939655590731,5.2373294207
119355,1.3179409991915438,,0.0,1.3179409991915438,5.2744702211
119360,1.317942463928512,,0.0,1.317942463928512,5.2972991113
119365,1.3179440571621222,,0.0,1.3179440571621222,5.3060853085
119370,1.3179457845063056,,0.0,1.3179457845063056,5.3032247829
119375,1.3179476494541749,,0.0,1.3179476494541749,5.2903294698
119380,1.3179496530037622,,0.0,1.3179496530037622,5.2647403496
119385,1.3179517931590032,,0.0,1.3179517931590032,5.2479532236
119390,1.3179540654287532,,0.0,1.3179540654287532,5.2303482271
119395,1.3179564619535087,,0.0,1.3179564619535087,5.2101485193
119400,1.3179589722539318,,0.0,1.3179589722539318,5.1961682972
119405,1.3179615826070803,,0.0,1.3179615826070803,5.1843121665
119410,1.3179642769196853,,0.0,1.3179642769196853,5.1934045909
119415,1.317967036728152,,0.0,1.317967036728152,5.2090201083
119420,1.3179698410738039,,0.0,1.3179698410738039,5.2335700361
119425,1.31797266787518,,0.0,1.31797266787518,5.2658181419
119430,1.31797549355377,,0.0,1.31797549355377,5.3069349144
119435,1.3179782941568015,,0.0,1.3179782941568015,5.359650226
119440,1.3179810453572405,,0.0,1.3179810453572405,5.3888303497
119445,1.3179837234518228,,0.0,1.3179837234518228,5.4043439349
119450,1.3179863056105623,,0.0,1.3179863056105623,5.4162385032
119455,1.31798877075003,,0.0,1.31798877075003,5.4195689143
119460,1.3179910991590895,,0.0,1.3179910991590895,5.4188324317
119465,1.3179932741207026,,0.0,1.3179932741207026,5.4259767654
119470,1.3179952812881566,,0.0,1.3179952812881566,5.4283015068
119475,1.3179971091840814,,0.0,1.3179971091840814,5.4188405647
119480,1.3179987493252037,,0.0,1.3179987493252037,5.3972731755
119485,1.3180001968461168,,0.0,1.3180001968461168,5.379394081
119490,1.318001449626002,,0.0,1.318001449626002,5.3430794251
119495,1.3180025087876455,,0.0,1.3180025087876455,5.3062540944
119500,1.31800337782416,,0.0,1.31800337782416,5.2700927421
119505,1.318004063472263,,0.0,1.318004063472263,5.2390437823
119510,1.3180045738409656,,0.0,1.3180045738409656,5.2214934495
119515,1.3180049194096053,,0.0,1.3180049194096053,5.2071750788
119520,1.318005111655553,,0.0,1.318005111655553,5.1913521047
119525,1.3180051631789638,,0.0,1.3180051631789638,5.174864794
119530,1.3180050867047484,,0.0,1.3180050867047484,5.1396880814
119535,1.3180048950825711,,0.0,1.3180048950825711,5.1233614038
119540,1.3180046005383261,,0.0,1.3180046005383261,5.1150498384
119545,1.3180042150483993,,0.0,1.3180042150483993,5.1084874602
119550,1.318003751337701,,0.0,1.318003751337701,5.0914736001
119555,1.3180032188875366,,0.0,1.3180032188875366,5.0707596121
119560,1.3180026240603615,,0.0,1.3180026240603615,5.0532260375
119565,1.3180019720958442,,0.0,1.3180019720958442,5.0523270318
119570,1.31800126623759,,0.0,1.31800126623759,5.0543975736
119575,1.3180005083569086,,0.0,1.3180005083569086,5.0595418308
119580,1.3179996994518326,,0.0,1.3179996994518326,5.0581020043
119585,1.3179988395223614,,0.0,1.3179988395223614,5.0557373264
119590,1.3179979274457092,,0.0,1.3179979274457092,5.0532067259
119595,1.317996962847614,,0.0,1.317996962847614,5.0466527089
119600,1.3179959433577493,,0.0,1.3179959433577493,5.0381182368
119605,1.3179948664810346,,0.0,1.3179948664810346,5.0264307215
119610,1.3179937298471434,,0.0,1.3179937298471434,5.0142965775
119615,1.3179925319590278,,0.0,1.3179925319590278,5.0052798171
119620,1.3179912720681635,,0.0,1.3179912720681635,4.9924725178
119625,1.3179899509230744,,0.0,1.3179899509230744,4.9781031922
119630,1.3179885708940873,,0.0,1.3179885708940873,4.9694657811
119635,1.3179871357238224,,0.0,1.3179871357238224,4.9747493357
119640,1.317985651649981,,0.0,1.317985651649981,4.9886546655
119645,1.3179841265320666,,0.0,1.3179841265320666,4.9986319711
119650,1.3179825698513847,,0.0,1.3179825698513847,5.0029901912
119655,1.3179809934595674,,0.0,1.3179809934595674,5.0089205202
119660,1.3179794103310332,,0.0,1.3179794103310332,4.9970977138
119665,1.317977835062002,,0.0,1.317977835062002,4.9970997789
119670,1.3179762834962347,,0.0,1.3179762834962347,4.992058403
119675,1.317974772475525,,0.0,1.317974772475525,4.9935378474
119680,1.317973318966419,,0.0,1.317973318966419,5.0062718304
119685,1.3179719405592338,,0.0,1.3179719405592338,5.0192035656
119690,1.317970654345271,,0.0,1.317970654345271,5.0208652842
119695,1.3179694765425527,,0.0,1.3179694765425527,5.0165035376
119700,1.317968422745332,,0.0,1.317968422745332,5.0075564943
119705,1.3179675068013055,,0.0,1.3179675068013055,5.0019899018
119710,1.3179667405621045,,0.0,1.3179667405621045,4.9969721089
119715,1.3179661342575593,,0.0,1.3179661342575593,5.0105729435
119720,1.3179656952481573,,0.0,1.3179656952481573,5.02926671
119725,1.3179654288983211,,0.0,1.3179654288983211,5.0511639699
119730,1.3179653374536233,,0.0,1.3179653374536233,5.0690833843
119735,1.3179654209140639,,0.0,1.3179654209140639,5.0816610495
119740,1.317965676160792,,0.0,1.317965676160792,5.0963319264
119745,1.3179660979541392,,0.0,1.3179660979541392,5.1056378852
119750,1.3179666784346018,,0.0,1.3179666784346018,5.1066580006
119755,1.31796740799612,,0.0,1.31796740799612,5.1131471558
119760,1.3179682750365707,,0.0,1.3179682750365707,5.1173162322
119765,1.3179692658330104,,0.0,1.3179692658330104,5.1281044415
119770,1.317970365165449,,0.0,1.317970365165449,5.1354792953
119775,1.3179715575643878,,0.0,1.3179715575643878,5.1366613704
119780,1.3179728266870496,,0.0,1.3179728266870496,5.1737670278
119785,1.3179741568144283,,0.0,1.3179741568144283,5.2101127991
119790,1.3179755324770248,,0.0,1.3179755324770248,5.2560428501
119795,1.3179769397023888,,0.0,1.3179769397023888,5.2999785284
119800,1.317978365391348,,0.0,1.317978365391348,5.3428972306
119805,1.3179797983160404,,0.0,1.3179797983160404,5.3767442263
119810,1.3179812293694224,,0.0,1.3179812293694224,5.400243256
119815,1.3179826516900228,,0.0,1.3179826516900228,5.4087054521
119820,1.3179840597886652,,0.0,1.3179840597886652,5.4163092446
119825,1.3179854497979742,,0.0,1.3179854497979742,5.4128231876
119830,1.3179868198466396,,0.0,1.3179868198466396,5.4077736288
119835,1.3179881699346616,,0.0,1.3179881699346616,5.406244949
119840,1.3179895015590883,,0.0,1.3179895015590883,5.3912176838
119845,1.3179908179635247,,0.0,1.3179908179635247,5.3702877377
119850,1.317992123389607,,0.0,1.317992123389607,5.3600688452
119855,1.3179934233265125,,0.0,1.3179934233265125,5.3723504589
119860,1.3179947235129257,,0.0,1.3179947235129257,5.3855915991
119865,1.3179960305608103,,0.0,1.3179960305608103,5.4010338229
119870,1.3179973505831133,,0.0,1.3179973505831133,5.4257616358
119875,1.3179986898175353,,0.0,1.3179986898175353,5.4527683657
119880,1.3180000540027619,,0.0,1.3180000540027619,5.4701147789
119885,1.3180014518715741,,0.0,1.3180014518715741,5.5014552124
119890,1.3180028887883954,,0.0,1.3180028887883954,5.5250442107
119895,1.3180043663750276,,0.0,1.3180043663750276,5.5352029653
119900,1.3180058848809788,,0.0,1.3180058848809788,5.5410725871
119905,1.318007443557725,,0.0,1.318007443557725,5.5533120702
119910,1.318009041157726,,0.0,1.318009041157726,5.5699311176
119915,1.3180106751859013,,0.0,1.3180106751859013,5.5718961684
119920,1.318012342024384,,0.0,1.318012342024384,5.5622855988
119925,1.31801403655826,,0.0,1.31801403655826,5.5460887318
119930,1.3180157530488437,,0.0,1.3180157530488437,5.5230461727
119935,1.3180174845099097,,0.0,1.3180174845099097,5.4956225517
119940,1.3180192242047413,,0.0,1.3180192242047413,5.4757322401
119945,1.3180209647728511,,0.0,1.3180209647728511,5.4503450786
119950,1.3180226987289978,,0.0,1.3180226987289978,5.4183341161
119955,1.318024419336464,,0.0,1.318024419336464,5.3911145624
119960,1.3180261199832868,,0.0,1.3180261199832868,5.3629287484
119965,1.318027794806027,,0.0,1.318027794806027,5.3256554183
119970,1.3180294385650162,,0.0,1.3180294385650162,5.3085582432
119975,1.318031046893863,,0.0,1.318031046893863,5.2973088838
119980,1.3180326149271608,,0.0,1.3180326149271608,5.2833873955
119985,1.3180341402945832,,0.0,1.3180341402945832,5.2688716829
119990,1.318035621499082,,0.0,1.318035621499082,5.254571442
119995,1.318037057792133,,0.0,1.318037057792133,5.2375705176
120000,1.318038448799474,,0.0,1.318038448799474,5.2275504888
120005,1.3180397940220894,,0.0,1.3180397940220894,5.2200559175
120010,1.3180410957055513,,0.0,1.3180410957055513,5.2089154119
120015,1.3180423539746131,,0.0,1.3180423539746131,5.2006534087
120020,1.318043569702554,,0.0,1.318043569702554,5.2012217681
120025,1.3180447445111756,,0.0,1.3180447445111756,5.2045549369
120030,1.3180458797727725,,0.0,1.3180458797727725,5.198352547
120035,1.3180469771091465,,0.0,1.3180469771091465,5.1878634555
120040,1.3180480382668547,,0.0,1.3180480382668547,5.1740005904
120045,1.3180490648676988,,0.0,1.3180490648676988,5.1521352916
120050,1.318050059032497,,0.0,1.318050059032497,5.1265766434
120055,1.3180510227573141,,0.0,1.3180510227573141,5.1120887819
120060,1.3180519582877221,,0.0,1.3180519582877221,5.1014226559
120065,1.318052868118802,,0.0,1.318052868118802,5.0902583405
120070,1.3180537549951419,,0.0,1.3180537549951419,5.0976957048
120075,1.3180546220355922,,0.0,1.3180546220355922,5.1089589397
120080,1.3180554726085116,,0.0,1.3180554726085116,5.1135388272
120085,1.3180563107060288,,0.0,1.3180563107060288,5.1153387089
120090,1.3180571405697807,,0.0,1.3180571405697807,5.1133087321
120095,1.3180579673146822,,0.0,1.3180579673146822,5.1155677033
120100,1.3180587968041717,,0.0,1.3180587968041717,5.1133717987
120105,1.3180596385195558,,0.0,1.3180596385195558,5.0915181357
120110,1.318060498698535,,0.0,1.318060498698535,5.0793315693
120115,1.3180613833293022,,0.0,1.3180613833293022,5.0785045222
120120,1.318062298649559,,0.0,1.318062298649559,5.0816536218
120125,1.3180632522693003,,0.0,1.3180632522693003,5.0888002248
120130,1.3180642524222919,,0.0,1.3180642524222919,5.0947038412
120135,1.3180653077165605,,0.0,1.3180653077165605,5.0914051011
120140,1.3180664265106266,,0.0,1.3180664265106266,5.0836213216
120145,1.318067617163009,,0.0,1.318067617163009,5.0711462799
120150,1.3180688875332114,,0.0,1.3180688875332114,5.0628927064
120155,1.3180702452312285,,0.0,1.3180702452312285,5.0634954487
120160,1.3180716973680404,,0.0,1.3180716973680404,5.070901055
120165,1.3180732496823315,,0.0,1.3180732496823315,5.0833314459
120170,1.3180749074137708,,0.0,1.3180749074137708,5.0982122116
120175,1.3180766751782573,,0.0,1.3180766751782573,5.1070099293
120180,1.3180785565936575,,0.0,1.3180785565936575,5.1083892734
120185,1.3180805546540677,,0.0,1.3180805546540677,5.1049343959
120190,1.3180826717298149,,0.0,1.3180826717298149,5.1066930484
120195,1.318084909442701,,0.0,1.318084909442701,5.110518032
120200,1.318087268666004,,0.0,1.318087268666004,5.1115651315
120205,1.318089749399724,,0.0,1.318089749399724,5.1152677328
120210,1.3180923508953368,,0.0,1.3180923508953368,5.1172539014
120215,1.3180950715310407,,0.0,1.3180950715310407,5.1222932591
120220,1.3180979103088029,,0.0,1.3180979103088029,5.1372522322
120225,1.318100864858297,,0.0,1.318100864858297,5.1671161939
120230,1.3181039318111647,,0.0,1.3181039318111647,5.2051468616
120235,1.3181071069257693,,0.0,1.3181071069257693,5.2381980044
120240,1.3181103863347359,,0.0,1.3181103863347359,5.2636362148
120245,1.3181137655469195,,0.0,1.3181137655469195,5.2818806776
120250,1.31811724019593,,0.0,1.31811724019593,5.2966406803
120255,1.3181208089094727,,0.0,1.3181208089094727,5.3170295307
120260,1.318124467820173,,0.0,1.318124467820173,5.3266167217
120265,1.318128212312132,,0.0,1.318128212312132,5.3184736517
120270,1.3181320381437134,,0.0,1.3181320381437134,5.3263339744
120275,1.318135941322788,,0.0,1.318135941322788,5.3263379393
120280,1.3181399188552596,,0.0,1.3181399188552596,5.316803835
120285,1.3181439687450636,,0.0,1.3181439687450636,5.3084782983
120290,1.3181480896199063,,0.0,1.3181480896199063,5.2973087849
120295,1.3181522803570007,,0.0,1.3181522803570007,5.3003041686
120300,1.318156540083069,,0.0,1.318156540083069,5.3095196722
120305,1.3181608676753254,,0.0,1.3181608676753254,5.3135881033
120310,1.3181652627595073,,0.0,1.3181652627595073,5.3266555683
120315,1.318169725335615,,0.0,1.318169725335615,5.3477060614
120320,1.3181742556531564,,0.0,1.3181742556531564,5.378254531
120325,1.3181788542111477,,0.0,1.3181788542111477,5.4049552685
120330,1.3181835222571288,,0.0,1.3181835222571288,5.4243590504
120335,1.3181882610386404,,0.0,1.3181882610386404,5.436182479
120340,1.3181930724269926,,0.0,1.3181930724269926,5.4475131455
120345,1.3181979584182497,,0.0,1.3181979584182497,5.461353458
120350,1.3182029206342138,,0.0,1.3182029206342138,5.4816444717
120355,1.3182079609461959,,0.0,1.3182079609461959,5.4992479603
120360,1.3182130807264894,,0.0,1.3182130807264894,5.5056849354
120365,1.3182182813473888,,0.0,1.3182182813473888,5.4961818057
120370,1.3182235634326644,,0.0,1.3182235634326644,5.4852753841
120375,1.3182289274813326,,0.0,1.3182289274813326,5.4713377934
120380,1.3182343729943766,,0.0,1.3182343729943766,5.4507376748
120385,1.3182398992232727,,0.0,1.3182398992232727,5.4399277821
120390,1.3182455050452344,,0.0,1.3182455050452344,5.4281843632
120395,1.3182511883394439,,0.0,1.3182511883394439,5.4023658797
120400,1.3182569468603282,,0.0,1.3182569468603282,5.3692263856
120405,1.318262777863299,,0.0,1.318262777863299,5.3670553434
120410,1.31826867835426,,0.0,1.31826867835426,5.3648503526
120415,1.3182746445905904,,0.0,1.3182746445905904,5.350592928
120420,1.3182806722058993,,0.0,1.3182806722058993,5.3478992546
120425,1.3182867567090422,,0.0,1.3182867567090422,5.3357068342
120430,1.318292893608874,,0.0,1.318292893608874,5.3301514284
120435,1.3182990781647421,,0.0,1.3182990781647421,5.3209725243
120440,1.3183053058855019,,0.0,1.3183053058855019,5.3072061816
120445,1.3183115724047623,,0.0,1.3183115724047623,5.3000973359
120450,1.3183178733561327,,0.0,1.3183178733561327,5.2924904124
120455,1.3183242044979764,,0.0,1.3183242044979764,5.2891585396
120460,1.3183305619629184,,0.0,1.3183305619629184,5.2804976169
120465,1.3183369421330924,,0.0,1.3183369421330924,5.2728309859
120470,1.318343341390632,,0.0,1.318343341390632,5.2718134726
120475,1.318349756616686,,0.0,1.318349756616686,5.2762033068
120480,1.3183561849419125,,0.0,1.3183561849419125,5.279382872
120485,1.3183626236217227,,0.0,1.3183626236217227,5.2780706594
120490,1.3183690697867743,,0.0,1.3183690697867743,5.2685693332
120495,1.3183755210667407,,0.0,1.3183755210667407,5.2588600832
120500,1.3183819749665415,,0.0,1.3183819749665415,5.2418355452
120505,1.3183884292406045,,0.0,1.3183884292406045,5.2304355627
120510,1.3183948817681113,,0.0,1.3183948817681113,5.2149798561
120515,1.3184013301787352,,0.0,1.3184013301787352,5.2156803163
120520,1.318407772226904,,0.0,1.318407772226904,5.2286397596
120525,1.3184142055422912,,0.0,1.3184142055422912,5.2318216003
120530,1.3184206273803085,,0.0,1.3184206273803085,5.2345998211
120535,1.3184270346221054,,0.0,1.3184270346221054,5.2402380184
120540,1.3184334242735851,,0.0,1.3184334242735851,5.241881593
120545,1.3184397929663891,,0.0,1.3184397929663891,5.2315496516
120550,1.318446137082651,,0.0,1.318446137082651,5.2224431096
120555,1.31845245287975,,0.0,1.31845245287975,5.2170139912
120560,1.3184587363655573,,0.0,1.3184587363655573,5.2100228388
120565,1.3184649832984365,,0.0,1.3184649832984365,5.2222393382
120570,1.318471189187242,,0.0,1.318471189187242,5.2414822936
120575,1.3184773497903384,,0.0,1.3184773497903384,5.2616775253
120580,1.3184834603670716,,0.0,1.3184834603670716,5.2715968736
120585,1.3184895166758057,,0.0,1.3184895166758057,5.2794235898
120590,1.3184955142253953,,0.0,1.3184955142253953,5.29311652
120595,1.3185014492732203,,0.0,1.3185014492732203,5.2974798513
120600,1.3185073179519056,,0.0,1.3185073179519056,5.3047910772
120605,1.318513117516863,,0.0,1.318513117516863,5.3171502408
120610,1.3185188454730121,,0.0,1.3185188454730121,5.3243015433
120615,1.3185245001985504,,0.0,1.3185245001985504,5.328621741
120620,1.3185300806954459,,0.0,1.3185300806954459,5.3352760957
120625,1.3185355870884528,,0.0,1.3185355870884528,5.3374432222
120630,1.3185410202508485,,0.0,1.3185410202508485,5.3320951051
120635,1.31854638192919,,0.0,1.31854638192919,5.3287632605
120640,1.3185516743690495,,0.0,1.3185516743690495,5.3278501812
120645,1.3185569010635398,,0.0,1.3185569010635398,5.3187613312
120650,1.318562066129543,,0.0,1.318562066129543,5.3132069396
120655,1.3185671741829588,,0.0,1.3185671741829588,5.3186500033
120660,1.3185722305882093,,0.0,1.3185722305882093,5.3148199507
120665,1.318577241458242,,0.0,1.318577241458242,5.3075813403
120670,1.3185822125317417,,0.0,1.3185822125317417,5.3125963223
120675,1.3185871500464097,,0.0,1.3185871500464097,5.3200659299
120680,1.3185920606142092,,0.0,1.3185920606142092,5.3402829385
120685,1.3185969503480868,,0.0,1.3185969503480868,5.362671979
120690,1.318601825236236,,0.0,1.318601825236236,5.3916043112
120695,1.3186066907678335,,0.0,1.3186066907678335,5.4102298423
120700,1.3186115526815645,,0.0,1.3186115526815645,5.4215603831
120705,1.3186164163418517,,0.0,1.3186164163418517,5.4325281064
120710,1.3186212866141018,,0.0,1.3186212866141018,5.4306156904
120715,1.3186261686132301,,0.0,1.3186261686132301,5.4279955099
120720,1.3186310662066114,,0.0,1.3186310662066114,5.429137117
120725,1.318635983136866,,0.0,1.318635983136866,5.4243429507
120730,1.318640922897106,,0.0,1.318640922897106,5.419739654
120735,1.318645888231921,,0.0,1.318645888231921,5.4075146782
120740,1.3186508825096688,,0.0,1.3186508825096688,5.40307898
120745,1.3186559081006761,,0.0,1.3186559081006761,5.3960619892
120750,1.3186609672505152,,0.0,1.3186609672505152,5.4002409562
120755,1.3186660615809884,,0.0,1.3186660615809884,5.4184466753
120760,1.3186711927138979,,0.0,1.3186711927138979,5.4388685244
120765,1.31867636177203,,0.0,1.31867636177203,5.460460024
120770,1.318681570127679,,0.0,1.318681570127679,5.475637709
120775,1.318686818529369,,0.0,1.318686818529369,5.4980233455
120780,1.3186921069770996,,0.0,1.3186921069770996,5.5247564772
120785,1.3186974358451335,,0.0,1.3186974358451335,5.5421647546
120790,1.3187028048839624,,0.0,1.3187028048839624,5.5471476181
120795,1.318708213719324,,0.0,1.318708213719324,5.5517508889
120800,1.3187136612284325,,0.0,1.3187136612284325,5.5710148824
120805,1.3187191456647311,,0.0,1.3187191456647311,5.5788703036
120810,1.318724664907402,,0.0,1.318724664907402,5.5687488295
120815,1.3187302158375944,,0.0,1.3187302158375944,5.5394004745
120820,1.3187357952117038,,0.0,1.3187357952117038,5.5126792116
120825,1.3187413989128471,,0.0,1.3187413989128471,5.4793819835
120830,1.31874702244988,,0.0,1.31874702244988,5.4496253469
120835,1.3187526605831337,,0.0,1.3187526605831337,5.4185358034
120840,1.3187583071996605,,0.0,1.3187583071996605,5.39953825
120845,1.318763955937006,,0.0,1.318763955937006,5.3883271369
120850,1.3187695996841902,,0.0,1.3187695996841902,5.3753135745
120855,1.3187752309559724,,0.0,1.3187752309559724,5.3682695633
120860,1.3187808418928493,,0.0,1.3187808418928493,5.3320147027
120865,1.318786424261055,,0.0,1.318786424261055,5.3171386545
120870,1.3187919693278085,,0.0,1.3187919693278085,5.3147054378
120875,1.3187974688593438,,0.0,1.3187974688593438,5.3118588761
120880,1.3188029138733717,,0.0,1.3188029138733717,5.2966407338
120885,1.3188082958866187,,0.0,1.3188082958866187,5.2846540647
120890,1.3188136069148275,,0.0,1.3188136069148275,5.268153553
120895,1.3188188394727567,,0.0,1.3188188394727567,5.263622938
120900,1.318823985950411,,0.0,1.318823985950411,5.271367958
120905,1.3188290388625488,,0.0,1.3188290388625488,5.2754543356
120910,1.3188339918467156,,0.0,1.3188339918467156,5.280235275
120915,1.318838838540456,,0.0,1.318838838540456,5.2914967193
120920,1.3188435738288546,,0.0,1.3188435738288546,5.3069648487
120925,1.3188481930960134,,0.0,1.3188481930960134,5.3235239308
120930,1.3188526925993116,,0.0,1.3188526925993116,5.3281609477
120935,1.3188570690951444,,0.0,1.3188570690951444,5.3264995608
120940,1.3188613205874473,,0.0,1.3188613205874473,5.3202246974
120945,1.3188654455791724,,0.0,1.3188654455791724,5.3048106231
120950,1.3188694434465495,,0.0,1.3188694434465495,5.288139227
120955,1.3188733140648248,,0.0,1.3188733140648248,5.2683500539
120960,1.3188770583072758,,0.0,1.3188770583072758,5.2539223193
120965,1.3188806772966892,,0.0,1.3188806772966892,5.2595523429
120970,1.3188841737776533,,0.0,1.3188841737776533,5.2687031453
120975,1.3188875498709864,,0.0,1.3188875498709864,5.2762167978
120980,1.3188908080717696,,0.0,1.3188908080717696,5.2802329791
120985,1.3188939509998363,,0.0,1.3188939509998363,5.2796185598
120990,1.3188969815245297,,0.0,1.3188969815245297,5.2895966394
120995,1.3188999023904382,,0.0,1.3188999023904382,5.2952877914
121000,1.3189027164669038,,0.0,1.3189027164669038,5.304075514
121005,1.3189054264985158,,0.0,1.3189054264985158,5.3090252311
121010,1.318908034730846,,0.0,1.318908034730846,5.3211763585
121015,1.3189105431599588,,0.0,1.3189105431599588,5.3434084706
121020,1.3189129531581487,,0.0,1.3189129531581487,5.3639133487
121025,1.3189152654739396,,0.0,1.3189152654739396,5.3838163201
121030,1.3189174803568395,,0.0,1.3189174803568395,5.3969159362
121035,1.3189195970583243,,0.0,1.3189195970583243,5.4059914216
121040,1.3189216149546243,,0.0,1.3189216149546243,5.4119293394
121045,1.3189235320496746,,0.0,1.3189235320496746,5.4204924652
121050,1.3189253454741332,,0.0,1.3189253454741332,5.4416769823
121055,1.3189270514853788,,0.0,1.3189270514853788,5.4674287366
121060,1.3189286452180051,,0.0,1.3189286452180051,5.4800498622
121065,1.3189301215570972,,0.0,1.3189301215570972,5.4838049623
121070,1.3189314743897076,,0.0,1.3189314743897076,5.4829379072
121075,1.3189326973533817,,0.0,1.3189326973533817,5.4825636589
121080,1.3189337835866481,,0.0,1.3189337835866481,5.4851453851
121085,1.3189347259785273,,0.0,1.3189347259785273,5.4872516434
121090,1.3189355174180406,,0.0,1.3189355174180406,5.4883717255
121095,1.3189361509189623,,0.0,1.3189361509189623,5.4859170636
121100,1.3189366194950676,,0.0,1.3189366194950676,5.4850920539
121105,1.3189369172829173,,0.0,1.3189369172829173,5.4936141502
121110,1.3189370390428423,,0.0,1.3189370390428423,5.4988305902
121115,1.3189369801589441,,0.0,1.3189369801589441,5.5088947852
121120,1.318936736763848,,0.0,1.318936736763848,5.5221348643
121125,1.3189363067367352,,0.0,1.3189363067367352,5.5430672537
121130,1.3189356892043285,,0.0,1.3189356892043285,5.562611478
121135,1.3189348845408888,,0.0,1.3189348845408888,5.5814704588
121140,1.3189338947424813,,0.0,1.3189338947424813,5.6076105833
121145,1.318932723551726,,0.0,1.318932723551726,5.6253727724
121150,1.3189313759587844,,0.0,1.3189313759587844,5.6332614909
121155,1.3189298584508655,,0.0,1.3189298584508655,5.6270454942
121160,1.3189281795112424,,0.0,1.3189281795112424,5.6215846502
121165,1.318926348870729,,0.0,1.318926348870729,5.6354935904
121170,1.3189243771334171,,0.0,1.3189243771334171,5.6368031607
121175,1.318922276649955,,0.0,1.318922276649955,5.6283558022
121180,1.3189200602700066,,0.0,1.3189200602700066,5.6172360899
121185,1.3189177413422528,,0.0,1.3189177413422528,5.6075497447
121190,1.3189153337143895,,0.0,1.3189153337143895,5.6186100765
121195,1.318912851483621,,0.0,1.318912851483621,5.6072726288
121200,1.3189103089966603,,0.0,1.3189103089966603,5.6119121584
121205,1.3189077210992355,,0.0,1.3189077210992355,5.6242514804
121210,1.3189051023875675,,0.0,1.3189051023875675,5.6331460508
121215,1.3189024670836147,,0.0,1.3189024670836147,5.6418806641
121220,1.3188998290350733,,0.0,1.3188998290350733,5.6569990222
121225,1.3188972017153777,,0.0,1.3188972017153777,5.6748381442
121230,1.3188945979741926,,0.0,1.3188945979741926,5.6876858448
121235,1.3188920299126574,,0.0,1.3188920299126574,5.6910816761
121240,1.3188895081348642,,0.0,1.3188895081348642,5.6986800476
121245,1.3188870423716268,,0.0,1.3188870423716268,5.7059023164
121250,1.3188846416052344,,0.0,1.3188846416052344,5.7031772288
121255,1.3188823145684692,,0.0,1.3188823145684692,5.6891990302
121260,1.3188800683723096,,0.0,1.3188800683723096,5.6683685811
121265,1.3188779095039653,,0.0,1.3188779095039653,5.6374512819
121270,1.318875842329827,,0.0,1.318875842329827,5.6030473235
121275,1.3188738763312,,0.0,1.3188738763312,5.5819388922
121280,1.3188720202408664,,0.0,1.3188720202408664,5.5614900382
121285,1.3188702746825958,,0.0,1.3188702746825958,5.5408828458
121290,1.3188686401554044,,0.0,1.3188686401554044,5.5333364467
121295,1.3188671172830622,,0.0,1.3188671172830622,5.5290208681
121300,1.3188657054417996,,0.0,1.3188657054417996,5.5126477512
121305,1.3188644033840757,,0.0,1.3188644033840757,5.4879744423
121310,1.3188632088643186,,0.0,1.3188632088643186,5.469084116
121315,1.3188621187636778,,0.0,1.3188621187636778,5.4446174677
121320,1.3188611297137944,,0.0,1.3188611297137944,5.428620806
121325,1.3188602379720478,,0.0,1.3188602379720478,5.4133717462
121330,1.3188594392968014,,0.0,1.3188594392968014,5.3932828446
121335,1.318858729571172,,0.0,1.318858729571172,5.3687524565
121340,1.3188581049277859,,0.0,1.3188581049277859,5.3484642233
121345,1.3188575613745137,,0.0,1.3188575613745137,5.3454109401
121350,1.318857096166767,,0.0,1.318857096166767,5.3416712321
121355,1.3188567059361873,,0.0,1.3188567059361873,5.3335099197
121360,1.3188563866906462,,0.0,1.3188563866906462,5.3298027133
121365,1.3188561346875225,,0.0,1.3188561346875225,5.3304656319
121370,1.3188559465584577,,0.0,1.3188559465584577,5.326670909
121375,1.3188558194341098,,0.0,1.3188558194341098,5.319556482
121380,1.3188557504451357,,0.0,1.3188557504451357,5.3063725462
121385,1.3188557372212095,,0.0,1.3188557372212095,5.3007934614
121390,1.3188557775167584,,0.0,1.3188557775167584,5.2984507763
121395,1.3188558698347346,,0.0,1.3188558698347346,5.2809398158
121400,1.318856012303827,,0.0,1.318856012303827,5.2604783556
121405,1.3188562035517424,,0.0,1.3188562035517424,5.2694273883
121410,1.3188564414576616,,0.0,1.3188564414576616,5.2893638438
121415,1.3188567245245366,,0.0,1.3188567245245366,5.3036498033
121420,1.3188570516295814,,0.0,1.3188570516295814,5.3154627475
121425,1.3188574216500095,,0.0,1.3188574216500095,5.3306260233
121430,1.318857833712543,,0.0,1.318857833712543,5.3220104047
121435,1.3188582875676735,,0.0,1.3188582875676735,5.3083208866
121440,1.3188587829658935,,0.0,1.3188587829658935,5.300724583
121445,1.3188593199072025,,0.0,1.3188593199072025,5.284022927
121450,1.318859898266847,,0.0,1.318859898266847,5.2691266119
121455,1.3188605182943343,,0.0,1.3188605182943343,5.2522499582
121460,1.318861179989665,,0.0,1.318861179989665,5.2462155942
121465,1.318861884101363,,0.0,1.318861884101363,5.2473009286
121470,1.3188626311284446,,0.0,1.3188626311284446,5.2394632592
121475,1.3188634223184499,,0.0,1.3188634223184499,5.2321399286
121480,1.3188642584199026,,0.0,1.3188642584199026,5.2202909722
121485,1.3188651410546057,,0.0,1.3188651410546057,5.2122069182
121490,1.318866071719607,,0.0,1.318866071719607,5.223924992
121495,1.3188670521614632,,0.0,1.3188670521614632,5.2403938712
121500,1.3188680843762381,,0.0,1.3188680843762381,5.257300268
121505,1.3188691701104882,,0.0,1.3188691701104882,5.278599967
121510,1.318870311485032,,0.0,1.318870311485032,5.2997970406
121515,1.3188715104959339,,0.0,1.3188715104959339,5.3105409608
121520,1.318872769388766,,0.0,1.318872769388766,5.3182224254
121525,1.3188740897853313,,0.0,1.3188740897853313,5.3157352062
121530,1.318875473307431,,0.0,1.318875473307431,5.303181351
121535,1.318876921701622,,0.0,1.318876921701622,5.2882476962
121540,1.3188784354669205,,0.0,1.3188784354669205,5.2744512903
121545,1.3188800157261125,,0.0,1.3188800157261125,5.2698762462
121550,1.318881662978214,,0.0,1.318881662978214,5.2675991327
121555,1.3188833772232251,,0.0,1.3188833772232251,5.2699609089
121560,1.3188851585859,,0.0,1.3188851585859,5.281702331
121565,1.3188870064424685,,0.0,1.3188870064424685,5.2960436085
121570,1.3188889199196523,,0.0,1.3188889199196523,5.3136912819
121575,1.3188908978946652,,0.0,1.3188908978946652,5.3385646382
121580,1.3188929389952129,,0.0,1.3188929389952129,5.3663913065
121585,1.3188950415994933,,0.0,1.3188950415994933,5.3896928528
121590,1.3188972039609503,,0.0,1.3188972039609503,5.3973593409
121595,1.3188994245825352,,0.0,1.3188994245825352,5.390689829
121600,1.31890170134343,,0.0,1.31890170134343,5.3734905302
121605,1.3189040326218322,,0.0,1.3189040326218322,5.3507210952
121610,1.3189064166711855,,0.0,1.3189064166711855,5.3324568635
121615,1.3189088517449337,,0.0,1.3189088517449337,5.3008197118
121620,1.3189113360965203,,0.0,1.3189113360965203,5.2721911565
121625,1.3189138683536514,,0.0,1.3189138683536514,5.2521898673
121630,1.3189164472687864,,0.0,1.3189164472687864,5.2402300407
121635,1.3189190714696315,,0.0,1.3189190714696315,5.2438865227
121640,1.3189217400829079,,0.0,1.3189217400829079,5.2616385097
121645,1.318924452235338,,0.0,1.318924452235338,5.2744736641
121650,1.31892720755266,,0.0,1.31892720755266,5.2865865126
121655,1.318930005411103,,0.0,1.318930005411103,5.2988713371
121660,1.3189328454364053,,0.0,1.3189328454364053,5.3116285018
121665,1.318935727379059,,0.0,1.318935727379059,5.3241252311
121670,1.3189386509895558,,0.0,1.3189386509895558,5.3417980115
121675,1.3189416158936338,,0.0,1.3189416158936338,5.3545964486
121680,1.3189446220912928,,0.0,1.3189446220912928,5.3623556181
121685,1.318947669333025,,0.0,1.318947669333025,5.3732740616
121690,1.3189507574940766,,0.0,1.3189507574940766,5.3848670965
121695,1.318953886075431,,0.0,1.318953886075431,5.3845383469
121700,1.3189570548275804,,0.0,1.3189570548275804,5.371342154
121705,1.3189602632515085,,0.0,1.3189602632515085,5.3482881159
121710,1.3189635107234456,,0.0,1.3189635107234456,5.322748608
121715,1.3189667964948673,,0.0,1.3189667964948673,5.2847789006
121720,1.3189701196924952,,0.0,1.3189701196924952,5.2437823758
121725,1.3189734796925598,,0.0,1.3189734796925598,5.2166907341
121730,1.3189768751227664,,0.0,1.3189768751227664,5.2124489316
121735,1.3189803052345912,,0.0,1.3189803052345912,5.2095282656
121740,1.3189837690300017,,0.0,1.3189837690300017,5.2055641545
121745,1.3189872653862118,,0.0,1.3189872653862118,5.188044664
121750,1.3189907934299434,,0.0,1.3189907934299434,5.1910902755
121755,1.3189943522879184,,0.0,1.3189943522879184,5.1928540039
121760,1.3189979408373507,,0.0,1.3189979408373507,5.1825950199
121765,1.3190015583297157,,0.0,1.3190015583297157,5.1681617861
121770,1.3190052035174737,,0.0,1.3190052035174737,5.1609443914
121775,1.3190088756521003,,0.0,1.3190088756521003,5.1484711851
121780,1.3190125738603176,,0.0,1.3190125738603176,5.1384855666
121785,1.3190162971440929,,0.0,1.3190162971440929,5.1390257456
121790,1.3190200450044107,,0.0,1.3190200450044107,5.1449467802
121795,1.3190238163184844,,0.0,1.3190238163184844,5.1495788901
121800,1.3190276104625442,,0.0,1.3190276104625442,5.1598948488
121805,1.3190314266880658,,0.0,1.3190314266880658,5.1679027472
121810,1.319035263747509,,0.0,1.319035263747509,5.1744414996
121815,1.3190391207675958,,0.0,1.3190391207675958,5.179071235
121820,1.3190429967502937,,0.0,1.3190429967502937,5.1804577797
121825,1.3190468901985546,,0.0,1.3190468901985546,5.1770394749
121830,1.3190507998648384,,0.0,1.3190507998648384,5.168050775
121835,1.319054724127343,,0.0,1.319054724127343,5.1560720414
121840,1.3190586611147572,,0.0,1.3190586611147572,5.1556110661
121845,1.319062609080526,,0.0,1.319062609080526,5.1548399905
121850,1.3190665656543217,,0.0,1.3190665656543217,5.1564044523
121855,1.3190705285905728,,0.0,1.3190705285905728,5.1590423399
121860,1.3190744955189524,,0.0,1.3190744955189524,5.1587106973
121865,1.3190784636948725,,0.0,1.3190784636948725,5.1606535136
121870,1.3190824303737443,,0.0,1.3190824303737443,5.1561943909
121875,1.319086392561471,,0.0,1.319086392561471,5.1445224356
121880,1.3190903473887108,,0.0,1.3190903473887108,5.1325914584
121885,1.3190942917366124,,0.0,1.3190942917366124,5.1268920372
121890,1.31909822261108,,0.0,1.31909822261108,5.1174243498
121895,1.3191021368932625,,0.0,1.3191021368932625,5.1039382375
121900,1.3191060319633259,,0.0,1.3191060319633259,5.0875397941
121905,1.3191099052014352,,0.0,1.3191099052014352,5.076170368
121910,1.3191137542372646,,0.0,1.3191137542372646,5.0695111504
121915,1.3191175774490114,,0.0,1.3191175774490114,5.0667405364
121920,1.3191213732148732,,0.0,1.3191213732148732,5.0582716024
121925,1.3191251407863267,,0.0,1.3191251407863267,5.0539958447
121930,1.319128879913863,,0.0,1.319128879913863,5.0523626065
121935,1.3191325905974822,,0.0,1.3191325905974822,5.0624924886
121940,1.3191362742094788,,0.0,1.3191362742094788,5.070488871
121945,1.3191399321221469,,0.0,1.3191399321221469,5.0698779288
121950,1.3191435668305669,,0.0,1.3191435668305669,5.0722236068
121955,1.3191471815783438,,0.0,1.3191471815783438,5.0737577503
121960,1.3191507802328515,,0.0,1.3191507802328515,5.0727416244
121965,1.3191543674099895,,0.0,1.3191543674099895,5.0611210779
121970,1.3191579483494262,,0.0,1.3191579483494262,5.0504575497
121975,1.319161528789847,,0.0,1.319161528789847,5.0452500987
121980,1.3191651153432147,,0.0,1.3191651153432147,5.0437815835
121985,1.3191687146214928,,0.0,1.3191687146214928,5.038291001
121990,1.3191723339851682,,0.0,1.3191723339851682,5.0274494236
121995,1.3191759812937445,,0.0,1.3191759812937445,5.0184771959
122000,1.319179664281971,,0.0,1.319179664281971,5.0250034401
122005,1.319183391183613,,0.0,1.319183391183613,5.0374516463
122010,1.3191871702324363,,0.0,1.3191871702324363,5.0492401001
122015,1.319191009662206,,0.0,1.319191009662206,5.0653953894
122020,1.3191949177066873,,0.0,1.3191949177066873,5.0817029677
122025,1.3191989024748922,,0.0,1.3191989024748922,5.0900593507
122030,1.319202971452062,,0.0,1.319202971452062,5.0933720504
122035,1.3192071322481909,,0.0,1.3192071322481909,5.0959707015
122040,1.3192113914752435,,0.0,1.3192113914752435,5.0873282118
122045,1.319215755495674,,0.0,1.319215755495674,5.0654804318
122050,1.3192202297986597,,0.0,1.3192202297986597,5.0366794887
122055,1.3192248188753453,,0.0,1.3192248188753453,5.0105063208
122060,1.3192295267178595,,0.0,1.3192295267178595,4.9811094923
122065,1.3192343563202988,,0.0,1.3192343563202988,4.9664252411
122070,1.3192393090549575,,0.0,1.3192393090549575,4.9534496362
122075,1.3192443855456055,,0.0,1.3192443855456055,4.9369568995
122080,1.3192495846694567,,0.0,1.3192495846694567,4.9201703651
122085,1.319254904305693,,0.0,1.319254904305693,4.9077138306
122090,1.3192603405869394,,0.0,1.3192603405869394,4.8966999275
122095,1.3192658885230353,,0.0,1.3192658885230353,4.9030414422
122100,1.3192715413772633,,0.0,1.3192715413772633,4.9112725539
122105,1.319277291165366,,0.0,1.319277291165366,4.9197113819
122110,1.319283128281284,,0.0,1.319283128281284,4.9298236811
122115,1.3192890422456793,,0.0,1.3192890422456793,4.9420183077
122120,1.319295020707904,,0.0,1.319295020707904,4.9470686955
122125,1.319301050319277,,0.0,1.319301050319277,4.9516409703
122130,1.3193071168578407,,0.0,1.3193071168578407,4.961884488
122135,1.3193132047293423,,0.0,1.3193132047293423,4.9750922665
122140,1.3193192979652666,,0.0,1.3193192979652666,4.9905323715
122145,1.319325379723821,,0.0,1.319325379723821,4.9963595179
122150,1.3193314325394423,,0.0,1.3193314325394423,4.9897547613
122155,1.3193374385723056,,0.0,1.3193374385723056,4.9803415673
122160,1.3193433794835694,,0.0,1.3193433794835694,4.9623433298
122165,1.319349236809639,,0.0,1.319349236809639,4.9323540583
122170,1.3193549920869188,,0.0,1.3193549920869188,4.894588167
122175,1.3193606314677124,,0.0,1.3193606314677124,4.8697697091
122180,1.3193661391082592,,0.0,1.3193661391082592,4.8441265541
122185,1.319371495671686,,0.0,1.319371495671686,4.8314601366
122190,1.319376682320135,,0.0,1.319376682320135,4.8279147476
122195,1.3193816809642736,,0.0,1.3193816809642736,4.8040381415
122200,1.3193864747623085,,0.0,1.3193864747623085,4.7944871173
122205,1.3193910477457254,,0.0,1.3193910477457254,4.7856126866
122210,1.3193953859420735,,0.0,1.3193953859420735,4.768942287
122215,1.3193994766264427,,0.0,1.3193994766264427,4.7634335865
122220,1.3194033091947412,,0.0,1.3194033091947412,4.7646768563
122225,1.3194068747894334,,0.0,1.3194068747894334,4.7685089333
122230,1.3194101670480642,,0.0,1.3194101670480642,4.7685372719
122235,1.319413181479489,,0.0,1.319413181479489,4.7865820162
122240,1.3194159160876429,,0.0,1.3194159160876429,4.80357618
122245,1.3194183717458046,,0.0,1.3194183717458046,4.8179223925
122250,1.3194205505747922,,0.0,1.3194205505747922,4.8230244286
122255,1.3194224574400129,,0.0,1.3194224574400129,4.8341604629
122260,1.3194240989534296,,0.0,1.3194240989534296,4.8469124495
122265,1.3194254840973316,,0.0,1.3194254840973316,4.8499051864
122270,1.3194266237253192,,0.0,1.3194266237253192,4.8213054745
122275,1.3194275306870564,,0.0,1.3194275306870564,4.8115886249
122280,1.3194282194540097,,0.0,1.3194282194540097,4.7984745575
122285,1.319428706244202,,0.0,1.319428706244202,4.7794752162
122290,1.3194290083984426,,0.0,1.3194290083984426,4.7625405501
122295,1.3194291447545883,,0.0,1.3194291447545883,4.7599809847
122300,1.3194291346495124,,0.0,1.3194291346495124,4.7574124526
122305,1.3194289985428749,,0.0,1.3194289985428749,4.7595901347
122310,1.319428757268597,,0.0,1.319428757268597,4.770605231
122315,1.3194284319101086,,0.0,1.3194284319101086,4.7755078521
122320,1.3194280434260852,,0.0,1.3194280434260852,4.785248532
122325,1.3194276127752025,,0.0,1.3194276127752025,4.792374629
122330,1.3194271602923664,,0.0,1.3194271602923664,4.7970746209
122335,1.3194267058134654,,0.0,1.3194267058134654,4.7990762977
122340,1.3194262680516036,,0.0,1.3194262680516036,4.7964547294
122345,1.3194258647218515,,0.0,1.3194258647218515,4.7915305629
122350,1.3194255122917404,,0.0,1.3194255122917404,4.7869553165
122355,1.319425225606999,,0.0,1.319425225606999,4.7800615582
122360,1.3194250181410607,,0.0,1.3194250181410607,4.7797030278
122365,1.3194249014960506,,0.0,1.3194249014960506,4.7801139789
122370,1.3194248852780277,,0.0,1.3194248852780277,4.7860141521
122375,1.3194249772217417,,0.0,1.3194249772217417,4.7994810174
122380,1.3194251833153854,,0.0,1.3194251833153854,4.8187063946
122385,1.3194255071768257,,0.0,1.3194255071768257,4.8381862371
122390,1.3194259503031105,,0.0,1.3194259503031105,4.8516898718
122395,1.319426512444732,,0.0,1.319426512444732,4.8572542243
122400,1.3194271911066096,,0.0,1.3194271911066096,4.8590807117
122405,1.3194279817975987,,0.0,1.3194279817975987,4.8606837184
122410,1.319428878529506,,0.0,1.319428878529506,4.8563053841
122415,1.3194298729438125,,0.0,1.3194298729438125,4.8444093362
122420,1.31943095580872,,0.0,1.31943095580872,4.8413771084
122425,1.3194321157716133,,0.0,1.3194321157716133,4.8442368243
122430,1.3194333406065977,,0.0,1.3194333406065977,4.8435805854
122435,1.3194346169649929,,0.0,1.3194346169649929,4.8405918305
122440,1.3194359305000867,,0.0,1.3194359305000867,4.8372724027
122445,1.3194372663661502,,0.0,1.3194372663661502,4.8524087974
122450,1.319438609093685,,0.0,1.319438609093685,4.8760518848
122455,1.3194399433379462,,0.0,1.3194399433379462,4.9036671464
122460,1.3194412533799273,,0.0,1.3194412533799273,4.9334721767
122465,1.3194425237501297,,0.0,1.3194425237501297,4.9547465735
122470,1.3194437394780705,,0.0,1.3194437394780705,4.9724269159
122475,1.3194448860922834,,0.0,1.3194448860922834,4.9778807873
122480,1.3194459498698257,,0.0,1.3194459498698257,4.9709509653
122485,1.3194469178362795,,0.0,1.3194469178362795,4.9527439745
122490,1.3194477781400125,,0.0,1.3194477781400125,4.9251999061
122495,1.319448520052179,,0.0,1.319448520052179,4.8971639604
122500,1.3194491340914736,,0.0,1.3194491340914736,4.8798854954
122505,1.3194496120241304,,0.0,1.3194496120241304,4.8713710524
122510,1.3194499469886787,,0.0,1.3194499469886787,4.8722230338
122515,1.319450133745449,,0.0,1.319450133745449,4.8816990322
122520,1.319450168551821,,0.0,1.319450168551821,4.8816549258
122525,1.3194500496612382,,0.0,1.3194500496612382,4.8765612311
122530,1.319449776948947,,0.0,1.319449776948947,4.8679246581
122535,1.3194493526605195,,0.0,1.3194493526605195,4.8698479528
122540,1.3194487859029993,,0.0,1.3194487859029993,4.8766930912
122545,1.3194480796704828,,0.0,1.3194480796704828,4.8815574703
122550,1.319447236957067,,0.0,1.319447236957067,4.8872706234
122555,1.3194462616301257,,0.0,1.3194462616301257,4.9000460134
122560,1.3194451584303124,,0.0,1.3194451584303124,4.9106331223
122565,1.319443932971558,,0.0,1.319443932971558,4.9152060869
122570,1.3194425917410713,,0.0,1.3194425917410713,4.9127606425
122575,1.31944114147557,,0.0,1.31944114147557,4.9191314208
122580,1.319439589660295,,0.0,1.319439589660295,4.9367798646
122585,1.3194379440299957,,0.0,1.3194379440299957,4.948430812
122590,1.3194362126936836,,0.0,1.3194362126936836,4.9557643837
122595,1.3194344037603698,,0.0,1.3194344037603698,4.955345772
122600,1.3194325257133284,,0.0,1.3194325257133284,4.9618981591
122605,1.3194305870358323,,0.0,1.3194305870358323,4.9577581235
122610,1.3194285963359091,,0.0,1.3194285963359091,4.9391408252
122615,1.3194265620968324,,0.0,1.3194265620968324,4.9197069532
122620,1.3194244929266299,,0.0,1.3194244929266299,4.9165073697
122625,1.3194223976828365,,0.0,1.3194223976828365,4.9086520217
122630,1.3194202847239722,,0.0,1.3194202847239722,4.9051357907
122635,1.3194181629075723,,0.0,1.3194181629075723,4.8990103644
122640,1.3194160405921564,,0.0,1.3194160405921564,4.8820058221
122645,1.3194139263857518,,0.0,1.3194139263857518,4.8483979333
122650,1.3194118286468783,,0.0,1.3194118286468783,4.8316933266
122655,1.3194097553597928,,0.0,1.3194097553597928,4.803877282
122660,1.3194077141344909,,0.0,1.3194077141344909,4.7807825466
122665,1.3194057119571978,,0.0,1.3194057119571978,4.7555903363
122670,1.3194037550656146,,0.0,1.3194037550656146,4.7428670399
122675,1.319401848948918,,0.0,1.319401848948918,4.7384739563
122680,1.3193999983477613,,0.0,1.3193999983477613,4.7420153309
122685,1.3193982073790267,,0.0,1.3193982073790267,4.7471937455
122690,1.3193964790368111,,0.0,1.3193964790368111,4.7592287839
122695,1.3193948146934087,,0.0,1.3193948146934087,4.7664514621
122700,1.3193932131012789,,0.0,1.3193932131012789,4.7770533669
122705,1.31939167388616,,0.0,1.31939167388616,4.7920245891
122710,1.3193901974223141,,0.0,1.3193901974223141,4.797137164
122715,1.3193887845830192,,0.0,1.3193887845830192,4.797134154
122720,1.3193874359920452,,0.0,1.3193874359920452,4.7937714567
122725,1.3193861518989007,,0.0,1.3193861518989007,4.789945344
122730,1.3193849323035853,,0.0,1.3193849323035853,4.7858059636
122735,1.319383776582329,,0.0,1.319383776582329,4.7777330322
122740,1.3193826834875915,,0.0,1.3193826834875915,4.7744387895
122745,1.3193816505242923,,0.0,1.3193816505242923,4.7810825931
122750,1.319380674573581,,0.0,1.319380674573581,4.7972138248
122755,1.3193797523918533,,0.0,1.3193797523918533,4.8157852327
122760,1.3193788838543548,,0.0,1.3193788838543548,4.8313736344
122765,1.3193780635966625,,0.0,1.3193780635966625,4.8377945134
122770,1.3193772840087814,,0.0,1.3193772840087814,4.8430031887
122775,1.31937653760547,,0.0,1.31937653760547,4.8476555736
122780,1.319375817026241,,0.0,1.319375817026241,4.8444283079
122785,1.3193751157838856,,0.0,1.3193751157838856,4.8371556707
122790,1.3193744292625045,,0.0,1.3193744292625045,4.8356903293
122795,1.3193737538442314,,0.0,1.3193737538442314,4.8376062039
122800,1.319373087033986,,0.0,1.319373087033986,4.834404985
122805,1.3193724282079977,,0.0,1.3193724282079977,4.8302760429
122810,1.3193717776157747,,0.0,1.3193717776157747,4.8252305502
122815,1.3193711370038737,,0.0,1.3193711370038737,4.8347674772
122820,1.3193705088673748,,0.0,1.3193705088673748,4.8632634293
122825,1.3193698976974229,,0.0,1.3193698976974229,4.8852859474
122830,1.3193693077356545,,0.0,1.3193693077356545,4.9018763155
122835,1.3193687429741985,,0.0,1.3193687429741985,4.9195365478
122840,1.3193682074051838,,0.0,1.3193682074051838,4.9348081175
122845,1.3193677046464767,,0.0,1.3193677046464767,4.9517753811
122850,1.3193672378169279,,0.0,1.3193672378169279,4.9600412195
122855,1.3193668090373554,,0.0,1.3193668090373554,4.9622287336
122860,1.3193664183077596,,0.0,1.3193664183077596,4.960629557
122865,1.3193660641310923,,0.0,1.3193660641310923,4.9592638371
122870,1.3193657437627648,,0.0,1.3193657437627648,4.9538629254
122875,1.3193654547076967,,0.0,1.3193654547076967,4.940392426
122880,1.3193651933480213,,0.0,1.3193651933480213,4.9288641868
122885,1.3193649561906262,,0.0,1.3193649561906262,4.9222338546
122890,1.3193647389938745,,0.0,1.3193647389938745,4.9341593901
122895,1.3193645375161296,,0.0,1.3193645375161296,4.9642794533
122900,1.3193643471414926,,0.0,1.3193643471414926,5.0020420203
122905,1.3193641630045567,,0.0,1.3193641630045567,5.0340690097
122910,1.3193639799904069,,0.0,1.3193639799904069,5.0622277474
122915,1.3193637929841286,,0.0,1.3193637929841286,5.0857879625
122920,1.3193635966212984,,0.0,1.3193635966212984,5.0927527445
122925,1.3193633852879858,,0.0,1.3193633852879858,5.0910662321
122930,1.3193631533702597,,0.0,1.3193631533702597,5.0819008791
122935,1.3193628945056648,,0.0,1.3193628945056648,5.0681770199
122940,1.3193626025812542,,0.0,1.3193626025812542,5.0432351831
122945,1.3193622709850645,,0.0,1.3193622709850645,5.0234446384
122950,1.3193618931051332,,0.0,1.3193618931051332,5.0071093807
122955,1.3193614619552343,,0.0,1.3193614619552343,5.002205636
122960,1.3193609707986511,,0.0,1.3193609707986511,5.0095185963
122965,1.3193604126491585,,0.0,1.3193604126491585,5.0199439113
122970,1.3193597807700388,,0.0,1.3193597807700388,5.0242335832
122975,1.3193590691730996,,0.0,1.3193590691730996,5.0264078796
122980,1.3193582724939175,,0.0,1.3193582724939175,5.0343944139
122985,1.319357386989872,,0.0,1.319357386989872,5.0465636256
122990,1.319356412536209,,0.0,1.319356412536209,5.0580955694
122995,1.3193553477606346,,0.0,1.3193553477606346,5.0636811788
123000,1.31935419241364,,0.0,1.31935419241364,5.0722412865
123005,1.3193529487407987,,0.0,1.3193529487407987,5.0823808975
123010,1.3193516166173556,,0.0,1.3193516166173556,5.0974570094
123015,1.319350199162162,,0.0,1.319350199162162,5.1021964341
123020,1.3193487082268494,,0.0,1.3193487082268494,5.1023875342
123025,1.3193471576591145,,0.0,1.3193471576591145,5.1115669336
123030,1.319345562803702,,0.0,1.319345562803702,5.1242829104
123035,1.3193439422489612,,0.0,1.3193439422489612,5.1303294855
123040,1.319342315955535,,0.0,1.319342315955535,5.1301861627
123045,1.3193407006404632,,0.0,1.3193407006404632,5.1318511028
123050,1.3193391118979978,,0.0,1.3193391118979978,5.1274671701
123055,1.3193375646986214,,0.0,1.3193375646986214,5.1213942997
123060,1.3193360718919986,,0.0,1.3193360718919986,5.109117548
123065,1.3193346444564833,,0.0,1.3193346444564833,5.09642217
123070,1.3193332900020702,,0.0,1.3193332900020702,5.1029603888
123075,1.319332012895151,,0.0,1.319332012895151,5.0943762845
123080,1.3193308140090032,,0.0,1.3193308140090032,5.0780236712
123085,1.3193296902247762,,0.0,1.3193296902247762,5.0548386984
123090,1.3193286341819832,,0.0,1.3193286341819832,5.0327983893
123095,1.31932763490227,,0.0,1.31932763490227,5.0111631185
123100,1.319326677539908,,0.0,1.319326677539908,4.9841273895
123105,1.3193257445045803,,0.0,1.3193257445045803,4.95282737
123110,1.3193248185802318,,0.0,1.3193248185802318,4.9329150011
123115,1.3193238775606466,,0.0,1.3193238775606466,4.9314419786
123120,1.3193228943742021,,0.0,1.3193228943742021,4.9327441797
123125,1.3193218380819012,,0.0,1.3193218380819012,4.9286815186
123130,1.3193206863527733,,0.0,1.3193206863527733,4.9352822207
123135,1.3193194183528973,,0.0,1.3193194183528973,4.9448577932
123140,1.3193180148701542,,0.0,1.3193180148701542,4.9464856807
123145,1.3193164586884885,,0.0,1.3193164586884885,4.9394801794
123150,1.3193147357106956,,0.0,1.3193147357106956,4.9399283218
123155,1.319312834708914,,0.0,1.319312834708914,4.9409654897
123160,1.3193107479483943,,0.0,1.3193107479483943,4.9445505784
123165,1.3193084718112698,,0.0,1.3193084718112698,4.947457446
123170,1.3193060062975404,,0.0,1.3193060062975404,4.955818242
123175,1.3193033547755646,,0.0,1.3193033547755646,4.9613803546
123180,1.319300518742391,,0.0,1.319300518742391,4.9686790798
123185,1.3192975096753892,,0.0,1.3192975096753892,4.9889608058
123190,1.3192943450401229,,0.0,1.3192943450401229,5.011237824
123195,1.3192910454210047,,0.0,1.3192910454210047,5.0405006079
123200,1.3192876330242511,,0.0,1.3192876330242511,5.0684658007
123205,1.319284131178864,,0.0,1.319284131178864,5.0885583625
123210,1.3192805642118774,,0.0,1.3192805642118774,5.0885067539
123215,1.3192769575731123,,0.0,1.3192769575731123,5.0933181428
123220,1.3192733377104207,,0.0,1.3192733377104207,5.0963364887
123225,1.3192697313211634,,0.0,1.3192697313211634,5.0936827896
123230,1.3192661651027011,,0.0,1.3192661651027011,5.0779777022
123235,1.3192626648791164,,0.0,1.3192626648791164,5.0580468286
123240,1.3192592553517053,,0.0,1.3192592553517053,5.0436518066
123245,1.3192559592257,,0.0,1.3192559592257,5.0304221976
123250,1.3192527968360055,,0.0,1.3192527968360055,5.0127535172
123255,1.3192497850244156,,0.0,1.3192497850244156,5.0086976376
123260,1.3192469371396098,,0.0,1.3192469371396098,5.0189042421
123265,1.3192442622886322,,0.0,1.3192442622886322,5.0489940075
123270,1.3192417652121353,,0.0,1.3192417652121353,5.0796566174
123275,1.3192394466586432,,0.0,1.3192394466586432,5.1013138219
123280,1.3192373031350435,,0.0,1.3192373031350435,5.1209541336
123285,1.3192353290274053,,0.0,1.3192353290274053,5.1338566538
123290,1.3192335116108183,,0.0,1.3192335116108183,5.1476929926
123295,1.3192318346672594,,0.0,1.3192318346672594,5.1636358208
123300,1.3192302786103478,,0.0,1.3192302786103478,5.1779256183
123305,1.3192288218576371,,0.0,1.3192288218576371,5.1815019072
123310,1.319227440705864,,0.0,1.319227440705864,5.1723031931
123315,1.3192261122002873,,0.0,1.3192261122002873,5.1579972896
123320,1.3192248116396121,,0.0,1.3192248116396121,5.1364767924
123325,1.319223513574017,,0.0,1.319223513574017,5.1147421455
123330,1.319222192927944,,0.0,1.319222192927944,5.099193396
123335,1.319220826372391,,0.0,1.319220826372391,5.09818958
123340,1.3192193920754045,,0.0,1.3192193920754045,5.1162499236
123345,1.3192178707001105,,0.0,1.3192178707001105,5.1428820969
123350,1.319216245404717,,0.0,1.319216245404717,5.1740468544
123355,1.3192145022167727,,0.0,1.3192145022167727,5.2086409384
123360,1.3192126299084161,,0.0,1.3192126299084161,5.2390394187
123365,1.3192106202458818,,0.0,1.3192106202458818,5.2589037333
123370,1.3192084681142544,,0.0,1.3192084681142544,5.266252409
123375,1.3192061712679624,,0.0,1.3192061712679624,5.2670032612
123380,1.3192037298317592,,0.0,1.3192037298317592,5.2564695555
123385,1.3192011458017092,,0.0,1.3192011458017092,5.2400553468
123390,1.3191984235442031,,0.0,1.3191984235442031,5.2149392887
123395,1.3191955689226804,,0.0,1.3191955689226804,5.1878933947
123400,1.319192589547136,,0.0,1.319192589547136,5.167924463
123405,1.3191894943998592,,0.0,1.3191894943998592,5.1706403588
123410,1.3191862930869103,,0.0,1.3191862930869103,5.1756943841
123415,1.3191829960876265,,0.0,1.3191829960876265,5.1737824658
123420,1.3191796145051164,,0.0,1.3191796145051164,5.1740702585
123425,1.3191761591929794,,0.0,1.3191761591929794,5.172920093
123430,1.3191726403810453,,0.0,1.3191726403810453,5.1804843595
123435,1.319169067924882,,0.0,1.319169067924882,5.1808174936
123440,1.3191654513057949,,0.0,1.3191654513057949,5.1884909283
123445,1.319161800254598,,0.0,1.319161800254598,5.1903791813
123450,1.3191581240030885,,0.0,1.3191581240030885,5.2067581233
123455,1.3191544315335566,,0.0,1.3191544315335566,5.2170092448
123460,1.3191507318282911,,0.0,1.3191507318282911,5.221389878
123465,1.3191470328715498,,0.0,1.3191470328715498,5.2271156844
123470,1.319143342772344,,0.0,1.319143342772344,5.243818661
123475,1.3191396685168992,,0.0,1.3191396685168992,5.2655185917
123480,1.3191360168419322,,0.0,1.3191360168419322,5.2781166367
123485,1.319132393735636,,0.0,1.319132393735636,5.2821357492
123490,1.3191288045624336,,0.0,1.3191288045624336,5.2823157509
123495,1.3191252538134701,,0.0,1.3191252538134701,5.2892199779
123500,1.3191217452313657,,0.0,1.3191217452313657,5.2967450148
123505,1.3191182819349714,,0.0,1.3191182819349714,5.2959723234
123510,1.3191148661698593,,0.0,1.3191148661698593,5.2896796287
123515,1.3191114993083237,,0.0,1.3191114993083237,5.2759750624
123520,1.3191081823483966,,0.0,1.3191081823483966,5.2646811221
123525,1.3191049152900782,,0.0,1.3191049152900782,5.2538986715
123530,1.3191016976343524,,0.0,1.3191016976343524,5.23175181
123535,1.3190985282584329,,0.0,1.3190985282584329,5.1975396424
123540,1.3190954052910095,,0.0,1.3190954052910095,5.1718819548
123545,1.319092326860772,,0.0,1.319092326860772,5.1590850946
123550,1.3190892902231315,,0.0,1.3190892902231315,5.1316716337
123555,1.3190862927582536,,0.0,1.3190862927582536,5.098166158
123560,1.3190833312225343,,0.0,1.3190833312225343,5.0763934033
123565,1.3190804023723686,,0.0,1.3190804023723686,5.0634969689
123570,1.319077502839398,,0.0,1.319077502839398,5.0595762223
123575,1.3190746292552635,,0.0,1.3190746292552635,5.0667271495
123580,1.3190717780020993,,0.0,1.3190717780020993,5.0721022832
123585,1.3190689457115463,,0.0,1.3190689457115463,5.0757839634
123590,1.319066129015246,,0.0,1.319066129015246,5.0838040615
123595,1.3190633246695938,,0.0,1.3190633246695938,5.0859516437
123600,1.3190605295557394,,0.0,1.3190605295557394,5.0988243423
123605,1.3190577410538478,,0.0,1.3190577410538478,5.1078667932
123610,1.3190549565440852,,0.0,1.3190549565440852,5.1152751847
123615,1.3190521736561245,,0.0,1.3190521736561245,5.1223449866
123620,1.319049390269148,,0.0,1.319049390269148,5.1416371433
123625,1.319046604137583,,0.0,1.319046604137583,5.1703508718
123630,1.3190438133901194,,0.0,1.3190438133901194,5.2023051008
123635,1.3190410164049544,,0.0,1.3190410164049544,5.2238618572
123640,1.319038211809794,,0.0,1.319038211809794,5.2375822248
123645,1.3190353981075904,,0.0,1.3190353981075904,5.2608500043
123650,1.3190325744250648,,0.0,1.3190325744250648,5.269483338
123655,1.3190297398889395,,0.0,1.3190297398889395,5.2660709813
123660,1.319026894000198,,0.0,1.319026894000198,5.2616498888
123665,1.3190240363845787,,0.0,1.3190240363845787,5.2552796071
123670,1.319021167042081,,0.0,1.319021167042081,5.2462508439
123675,1.3190182862222137,,0.0,1.3190182862222137,5.2319900716
123680,1.3190153952972707,,0.0,1.3190153952972707,5.2136846759
123685,1.3190124948910216,,0.0,1.3190124948910216,5.1933454306
123690,1.3190095857519912,,0.0,1.3190095857519912,5.1835119666
123695,1.3190066687534576,,0.0,1.3190066687534576,5.1740043877
123700,1.3190037448934528,,0.0,1.3190037448934528,5.171677855
123705,1.319000815669025,,0.0,1.319000815669025,5.1823752002
123710,1.3189978828267304,,0.0,1.3189978828267304,5.1949392371
123715,1.3189949484873877,,0.0,1.3189949484873877,5.2139500366
123720,1.3189920146470613,,0.0,1.3189920146470613,5.2330834147
123725,1.318989084050339,,0.0,1.318989084050339,5.2549323208
123730,1.3189861594418102,,0.0,1.3189861594418102,5.2779626725
123735,1.3189832435660627,,0.0,1.3189832435660627,5.2953978321
123740,1.3189803396667013,,0.0,1.3189803396667013,5.303383798
123745,1.3189774509873302,,0.0,1.3189774509873302,5.3100096006
123750,1.3189745806468007,,0.0,1.3189745806468007,5.3065111861
123755,1.3189717318887169,,0.0,1.3189717318887169,5.2956089313
123760,1.3189689079566833,,0.0,1.3189689079566833,5.2820620357
123765,1.3189661120943046,,0.0,1.3189661120943046,5.2593490734
123770,1.3189633474204312,,0.0,1.3189633474204312,5.2431972022
123775,1.3189606161806358,,0.0,1.3189606161806358,5.2362679614
123780,1.3189579206204904,,0.0,1.3189579206204904,5.2440372666
123785,1.3189552617380276,,0.0,1.3189552617380276,5.2711738878
123790,1.318952640406525,,0.0,1.318952640406525,5.296711909
123795,1.318950056875491,,0.0,1.318950056875491,5.3315900769
123800,1.318947511519188,,0.0,1.318947511519188,5.3669784404
123805,1.3189450042128612,,0.0,1.3189450042128612,5.3929634834
123810,1.3189425339584788,,0.0,1.3189425339584788,5.4127525654
123815,1.318940099758009,,0.0,1.318940099758009,5.4225995502
123820,1.3189377002391571,,0.0,1.3189377002391571,5.4255764074
123825,1.3189353335306127,,0.0,1.3189353335306127,5.416312102
123830,1.3189329977610658,,0.0,1.3189329977610658,5.3953237335
123835,1.3189306906849438,,0.0,1.3189306906849438,5.3724451435
123840,1.3189284099319203,,0.0,1.3189284099319203,5.3444403938
123845,1.3189261531316692,,0.0,1.3189261531316692,5.3265930384
123850,1.3189239172900933,,0.0,1.3189239172900933,5.314234989
123855,1.318921699038835,,0.0,1.318921699038835,5.3206650362
123860,1.3189194946352727,,0.0,1.3189194946352727,5.3175928669
123865,1.3189173000872783,,0.0,1.3189173000872783,5.3160195177
123870,1.3189151114027227,,0.0,1.3189151114027227,5.3149073767
123875,1.3189129244647237,,0.0,1.3189129244647237,5.3209527611
123880,1.3189107352811522,,0.0,1.3189107352811522,5.3245037778
123885,1.3189085398598797,,0.0,1.3189085398598797,5.3208626653
123890,1.318906334208777,,0.0,1.318906334208777,5.3238572376
123895,1.3189041149594865,,0.0,1.3189041149594865,5.3412526211
123900,1.3189018786188946,,0.0,1.3189018786188946,5.3495211556
123905,1.3188996226919216,,0.0,1.3188996226919216,5.3478155843
123910,1.3188973451825028,,0.0,1.3188973451825028,5.3429715108
123915,1.3188950447183438,,0.0,1.3188950447183438,5.3514322002
123920,1.318892720176659,,0.0,1.318892720176659,5.3696816683
123925,1.3188903704346617,,0.0,1.3188903704346617,5.3874691906
123930,1.3188879951180899,,0.0,1.3188879951180899,5.4046826453
123935,1.3188855944764517,,0.0,1.3188855944764517,5.4191816672
123940,1.3188831693830252,,0.0,1.3188831693830252,5.4350931988
123945,1.3188807212101048,,0.0,1.3188807212101048,5.4450325245
123950,1.3188782522032627,,0.0,1.3188782522032627,5.4446716731
123955,1.3188757649823335,,0.0,1.3188757649823335,5.4309934545
123960,1.3188732629156756,,0.0,1.3188732629156756,5.4114659596
123965,1.318870749496402,,0.0,1.318870749496402,5.3885252711
123970,1.318868229090903,,0.0,1.318868229090903,5.3737399393
123975,1.3188657061903237,,0.0,1.3188657061903237,5.3575141949
123980,1.3188631855353168,,0.0,1.3188631855353168,5.3388606192
123985,1.318860672116043,,0.0,1.318860672116043,5.3276988195
123990,1.3188581706731553,,0.0,1.3188581706731553,5.3141998243
123995,1.3188556861968146,,0.0,1.3188556861968146,5.2948478646
124000,1.3188532234276737,,0.0,1.3188532234276737,5.269342701
124005,1.3188507867321233,,0.0,1.3188507867321233,5.2496834738
124010,1.318848380227046,,0.0,1.318848380227046,5.234080707
124015,1.3188460072808006,,0.0,1.3188460072808006,5.2270085015
124020,1.3188436710122375,,0.0,1.3188436710122375,5.2250860331
124025,1.3188413740411913,,0.0,1.3188413740411913,5.2220194915
124030,1.3188391178647103,,0.0,1.3188391178647103,5.21342658
124035,1.3188369037303345,,0.0,1.3188369037303345,5.2140638231
124040,1.318834731887572,,0.0,1.318834731887572,5.2250788423
124045,1.3188326022116685,,0.0,1.3188326022116685,5.2426440611
124050,1.3188305135798386,,0.0,1.3188305135798386,5.2581245089
124055,1.3188284644950332,,0.0,1.3188284644950332,5.267113406
124060,1.3188264527116804,,0.0,1.3188264527116804,5.2710393086
124065,1.3188244754851919,,0.0,1.3188244754851919,5.2712448294
124070,1.3188225299462244,,0.0,1.3188225299462244,5.2880895955
124075,1.3188206126016662,,0.0,1.3188206126016662,5.3077001738
124080,1.318818720083158,,0.0,1.318818720083158,5.3238580671
124085,1.3188168487728336,,0.0,1.3188168487728336,5.3335042846
124090,1.3188149953023343,,0.0,1.3188149953023343,5.3466129403
124095,1.3188131561785472,,0.0,1.3188131561785472,5.3535378092
124100,1.3188113284073766,,0.0,1.3188113284073766,5.3418546073
124105,1.318809509618495,,0.0,1.318809509618495,5.3309505386
124110,1.318807697815839,,0.0,1.318807697815839,5.322196402
124115,1.318805891377606,,0.0,1.318805891377606,5.3089415066
124120,1.3188040894305175,,0.0,1.3188040894305175,5.2905582905
124125,1.3188022916003117,,0.0,1.3188022916003117,5.2756553987
124130,1.318800498136497,,0.0,1.318800498136497,5.2571154125
124135,1.318798710286613,,0.0,1.318798710286613,5.2368978283
124140,1.3187969299219702,,0.0,1.3187969299219702,5.2208788803
124145,1.3187951594128953,,0.0,1.3187951594128953,5.2072542689
124150,1.3187934022525007,,0.0,1.3187934022525007,5.2032259945
124155,1.318791662183407,,0.0,1.318791662183407,5.2145010844
124160,1.318789943696759,,0.0,1.318789943696759,5.2405684372
124165,1.3187882515332099,,0.0,1.3187882515332099,5.2629624373
124170,1.318786590932428,,0.0,1.318786590932428,5.2823069925
124175,1.3187849671340826,,0.0,1.3187849671340826,5.2971859717
124180,1.318783385502596,,0.0,1.318783385502596,5.3062688801
124185,1.3187818512776381,,0.0,1.3187818512776381,5.315089018
124190,1.3187803694493694,,0.0,1.3187803694493694,5.3122221401
124195,1.3187789447584424,,0.0,1.3187789447584424,5.2958838238
124200,1.318777581196986,,0.0,1.318777581196986,5.2749746575
124205,1.3187762821333586,,0.0,1.3187762821333586,5.2588776108
124210,1.318775049937887,,0.0,1.318775049937887,5.2338901635
124215,1.3187738861076195,,0.0,1.3187738861076195,5.2091693467
124220,1.3187727908920635,,0.0,1.3187727908920635,5.1993467969
124225,1.3187717630436793,,0.0,1.3187717630436793,5.1966757614
124230,1.3187708004416483,,0.0,1.3187708004416483,5.2182055821
124235,1.318769899218596,,0.0,1.318769899218596,5.2390006405
124240,1.3187690541348536,,0.0,1.3187690541348536,5.2619618985
124245,1.3187682583289495,,0.0,1.3187682583289495,5.2947934039
124250,1.3187675035671187,,0.0,1.3187675035671187,5.3227065962
124255,1.3187667798690395,,0.0,1.3187667798690395,5.3392139518
124260,1.3187660762563573,,0.0,1.3187660762563573,5.3485862967
124265,1.3187653802536707,,0.0,1.3187653802536707,5.3536406594
124270,1.318764678512299,,0.0,1.318764678512299,5.3457000235
124275,1.3187639565607758,,0.0,1.3187639565607758,5.3220592249
124280,1.3187631996781266,,0.0,1.3187631996781266,5.2944774345
124285,1.3187623925196066,,0.0,1.3187623925196066,5.2739011195
124290,1.3187615203642415,,0.0,1.3187615203642415,5.265195546
124295,1.3187605694890887,,0.0,1.3187605694890887,5.2586674829
124300,1.3187595245494037,,0.0,1.3187595245494037,5.2490066601
124305,1.3187583706994574,,0.0,1.3187583706994574,5.2493738515
124310,1.3187570948400782,,0.0,1.3187570948400782,5.2561220705
124315,1.3187556851196338,,0.0,1.3187556851196338,5.265410025
124320,1.3187541318073106,,0.0,1.3187541318073106,5.280153225
124325,1.318752427168359,,0.0,1.318752427168359,5.282564514
124330,1.3187505650898323,,0.0,1.3187505650898323,5.2803881031
124335,1.3187485420786176,,0.0,1.3187485420786176,5.285207747
124340,1.3187463563881585,,0.0,1.3187463563881585,5.2976756408
124345,1.3187440082679636,,0.0,1.3187440082679636,5.3078131537
124350,1.3187415000883587,,0.0,1.3187415000883587,5.3166486868
124355,1.3187388360909809,,0.0,1.3187388360909809,5.3253974381
124360,1.318736021765007,,0.0,1.318736021765007,5.3415057072
124365,1.3187330644709243,,0.0,1.3187330644709243,5.3692834223
124370,1.3187299729415143,,0.0,1.3187299729415143,5.4005383272
124375,1.3187267562838205,,0.0,1.3187267562838205,5.4291289193
124380,1.318723424353411,,0.0,1.318723424353411,5.4568120575
124385,1.318719988128639,,0.0,1.318719988128639,5.4710306511
124390,1.3187164592116296,,0.0,1.3187164592116296,5.4787539971
124395,1.3187128503272918,,0.0,1.3187128503272918,5.4795938574
124400,1.3187091746995525,,0.0,1.3187091746995525,5.4760860686
124405,1.318705446176108,,0.0,1.318705446176108,5.463965749
124410,1.3187016783551468,,0.0,1.3187016783551468,5.4425412944
124415,1.3186978852091193,,0.0,1.3186978852091193,5.4216184499
124420,1.3186940798371976,,0.0,1.3186940798371976,5.3962091826
124425,1.3186902748395382,,0.0,1.3186902748395382,5.3765099783
124430,1.3186864814440025,,0.0,1.3186864814440025,5.3577517441
124435,1.3186827098804206,,0.0,1.3186827098804206,5.3383247924
124440,1.318678968257804,,0.0,1.318678968257804,5.3133831897
124445,1.3186752631881153,,0.0,1.3186752631881153,5.2966267188
124450,1.3186715989129922,,0.0,1.3186715989129922,5.2851148656
124455,1.3186679775532524,,0.0,1.3186679775532524,5.2805240895
124460,1.318664398859388,,0.0,1.318664398859388,5.2804102282
124465,1.3186608604610726,,0.0,1.3186608604610726,5.2853551539
124470,1.3186573574928995,,0.0,1.3186573574928995,5.292484978
124475,1.3186538834676589,,0.0,1.3186538834676589,5.2980556415
124480,1.3186504296525703,,0.0,1.3186504296525703,5.3054840921
124485,1.3186469864415735,,0.0,1.3186469864415735,5.3133359478
124490,1.3186435424820522,,0.0,1.3186435424820522,5.3291935487
124495,1.318640086047129,,0.0,1.318640086047129,5.3369190257
124500,1.3186366052851717,,0.0,1.3186366052851717,5.339358937
124505,1.3186330884693018,,0.0,1.3186330884693018,5.3391498712
124510,1.3186295246211661,,0.0,1.3186295246211661,5.344413163
124515,1.3186259037604422,,0.0,1.3186259037604422,5.3606405801
124520,1.3186222176533653,,0.0,1.3186222176533653,5.3852066327
124525,1.3186184599374797,,0.0,1.3186184599374797,5.4022692393
124530,1.3186146266206573,,0.0,1.3186146266206573,5.4076224665
124535,1.3186107159563414,,0.0,1.3186107159563414,5.39821693
124540,1.318606728693056,,0.0,1.318606728693056,5.3946966093
124545,1.3186026686981762,,0.0,1.3186026686981762,5.3691327232
124550,1.3185985417103867,,0.0,1.3185985417103867,5.3550271411
124555,1.3185943565872231,,0.0,1.3185943565872231,5.3564366893
124560,1.3185901239327773,,0.0,1.3185901239327773,5.3539222529
124565,1.3185858564719595,,0.0,1.3185858564719595,5.3451141898
124570,1.3185815688009903,,0.0,1.3185815688009903,5.333094683
124575,1.3185772765141222,,0.0,1.3185772765141222,5.3124568067
124580,1.3185729963283939,,0.0,1.3185729963283939,5.283822608
124585,1.3185687454598611,,0.0,1.3185687454598611,5.2559325097
124590,1.3185645409998241,,0.0,1.3185645409998241,5.2272009897
124595,1.3185604001643383,,0.0,1.3185604001643383,5.2052873757
124600,1.3185563392961803,,0.0,1.3185563392961803,5.2022436153
124605,1.3185523737400948,,0.0,1.3185523737400948,5.2059820125
124610,1.3185485170942701,,0.0,1.3185485170942701,5.2124702449
124615,1.3185447815846005,,0.0,1.3185447815846005,5.2178643008
124620,1.3185411773161617,,0.0,1.3185411773161617,5.2175616539
124625,1.318537712148457,,0.0,1.318537712148457,5.214249738
124630,1.3185343916954173,,0.0,1.3185343916954173,5.212298737
124635,1.3185312192006473,,0.0,1.3185312192006473,5.2079410454
124640,1.3185281949136551,,0.0,1.3185281949136551,5.1940135478
124645,1.3185253170878841,,0.0,1.3185253170878841,5.1779165301
124650,1.3185225808579277,,0.0,1.3185225808579277,5.1656548878
124655,1.3185199788632986,,0.0,1.3185199788632986,5.1546383776
124660,1.3185175011236752,,0.0,1.3185175011236752,5.1536985228
124665,1.3185151332923446,,0.0,1.3185151332923446,5.1575552547
124670,1.318512857279974,,0.0,1.318512857279974,5.1591660809
124675,1.318510653375428,,0.0,1.318510653375428,5.1804571319
124680,1.3185085001210146,,0.0,1.3185085001210146,5.1980880532
124685,1.31850637443724,,0.0,1.31850637443724,5.2193543159
124690,1.3185042527455944,,0.0,1.3185042527455944,5.25151074
124695,1.318502110095273,,0.0,1.318502110095273,5.2802666071
124700,1.3184999206621932,,0.0,1.3184999206621932,5.2990740589
124705,1.318497658123257,,0.0,1.318497658123257,5.3048311967
124710,1.3184952972781516,,0.0,1.3184952972781516,5.3019229502
124715,1.3184928134255811,,0.0,1.3184928134255811,5.2965498287
124720,1.3184901832365432,,0.0,1.3184901832365432,5.2844911149
124725,1.3184873846295762,,0.0,1.3184873846295762,5.2650685772
124730,1.3184843975192821,,0.0,1.3184843975192821,5.24650728
124735,1.3184812033173123,,0.0,1.3184812033173123,5.2346264674
124740,1.3184777859303978,,0.0,1.3184777859303978,5.2174399361
124745,1.3184741311365804,,0.0,1.3184741311365804,5.2017514937
124750,1.3184702275832436,,0.0,1.3184702275832436,5.188870169
124755,1.3184660656643281,,0.0,1.3184660656643281,5.1683402752
124760,1.3184616387678705,,0.0,1.3184616387678705,5.1588772493
124765,1.3184569425274804,,0.0,1.3184569425274804,5.1757236236
124770,1.3184519751966013,,0.0,1.3184519751966013,5.1927179859
124775,1.318446737399003,,0.0,1.318446737399003,5.2052758991
124780,1.3184412325030448,,0.0,1.3184412325030448,5.238129742
124785,1.3184354658731492,,0.0,1.3184354658731492,5.2736907035
124790,1.3184294457430814,,0.0,1.3184294457430814,5.2856099227
124795,1.3184231823426718,,0.0,1.3184231823426718,5.2980414024
124800,1.3184166885215838,,0.0,1.3184166885215838,5.3093099766
124805,1.3184099792503006,,0.0,1.3184099792503006,5.3330027852
124810,1.318403071744877,,0.0,1.318403071744877,5.3622566744
124815,1.3183959850926785,,0.0,1.3183959850926785,5.3882831222
124820,1.3183887406266426,,0.0,1.3183887406266426,5.407510018
124825,1.3183813609272472,,0.0,1.3183813609272472,5.4187371876
124830,1.3183738703215266,,0.0,1.3183738703215266,5.4287309643
124835,1.3183662945088093,,0.0,1.3183662945088093,5.4299066725
124840,1.3183586598121935,,0.0,1.3183586598121935,5.423786327
124845,1.3183509930537944,,0.0,1.3183509930537944,5.4160549604
124850,1.3183433211804805,,0.0,1.3183433211804805,5.3999606649
124855,1.318335670640104,,0.0,1.318335670640104,5.3954010459
124860,1.318328067506256,,0.0,1.318328067506256,5.3847534662
124865,1.3183205359812162,,0.0,1.3183205359812162,5.3778103463
124870,1.318313099144479,,0.0,1.318313099144479,5.3619029873
124875,1.3183057777052118,,0.0,1.3183057777052118,5.3490550881
124880,1.3182985898775017,,0.0,1.3182985898775017,5.338469486
124885,1.3182915513803555,,0.0,1.3182915513803555,5.317187615
124890,1.3182846751881914,,0.0,1.3182846751881914,5.2931649727
124895,1.3182779710318229,,0.0,1.3182779710318229,5.2735370603
124900,1.3182714456479676,,0.0,1.3182714456479676,5.2640298871
124905,1.3182651027792462,,0.0,1.3182651027792462,5.2581155746
124910,1.3182589434236902,,0.0,1.3182589434236902,5.2602843063
124915,1.318252965834744,,0.0,1.318252965834744,5.2592273764
124920,1.3182471642737221,,0.0,1.3182471642737221,5.2553654253
124925,1.3182415292593193,,0.0,1.3182415292593193,5.2565276765
124930,1.3182360500626893,,0.0,1.3182360500626893,5.2604131127
124935,1.3182307150817083,,0.0,1.3182307150817083,5.2673804641
124940,1.3182255124647446,,0.0,1.3182255124647446,5.2747127889
124945,1.3182204302354115,,0.0,1.3182204302354115,5.2781217522
124950,1.3182154570410933,,0.0,1.3182154570410933,5.2788666606
124955,1.318210581653928,,0.0,1.318210581653928,5.2929711166
124960,1.3182057939688399,,0.0,1.3182057939688399,5.3018529545
124965,1.3182010845045236,,0.0,1.3182010845045236,5.309567873
124970,1.318196444403443,,0.0,1.318196444403443,5.3095198216
124975,1.3181918660556036,,0.0,1.3181918660556036,5.3074711892
124980,1.318187342225271,,0.0,1.318187342225271,5.3202944231
124985,1.3181828666747453,,0.0,1.3181828666747453,5.327432772
124990,1.3181784329168167,,0.0,1.3181784329168167,5.3351241885
124995,1.3181740359613243,,0.0,1.3181740359613243,5.3327042736
125000,1.3181696709428616,,0.0,1.3181696709428616,5.3349051403
125005,1.3181653308752033,,0.0,1.3181653308752033,5.3334020157
125010,1.3181610187524457,,0.0,1.3181610187524457,5.3268815392
125015,1.3181567278378716,,0.0,1.3181567278378716,5.3121683501
125020,1.3181524555116468,,0.0,1.3181524555116468,5.2987650143
125025,1.3181481994034452,,0.0,1.3181481994034452,5.2834945814
125030,1.3181439573924476,,0.0,1.3181439573924476,5.2524227848
125035,1.3181397279816065,,0.0,1.3181397279816065,5.2175547478
125040,1.3181355099233811,,0.0,1.3181355099233811,5.1967391145
125045,1.31813130284351,,0.0,1.31813130284351,5.1811037671
125050,1.3181271066172384,,0.0,1.3181271066172384,5.1678443837
125055,1.318122921993091,,0.0,1.318122921993091,5.1554392957
125060,1.3181187502186076,,0.0,1.3181187502186076,5.140243003
125065,1.3181145937888692,,0.0,1.3181145937888692,5.1273396923
125070,1.3181104555732177,,0.0,1.3181104555732177,5.1355770988
125075,1.3181063395637822,,0.0,1.3181063395637822,5.1432815614
125080,1.3181022506259692,,0.0,1.3181022506259692,5.1528232579
125085,1.318098194248956,,0.0,1.318098194248956,5.157263667
125090,1.3180941767951975,,0.0,1.3180941767951975,5.1559511679
125095,1.318090205625181,,0.0,1.318090205625181,5.1506780591
125100,1.318086288473656,,0.0,1.318086288473656,5.1421665715
125105,1.3180824336991417,,0.0,1.3180824336991417,5.1321172099
125110,1.3180786500344197,,0.0,1.3180786500344197,5.1254924324
125115,1.3180749467112878,,0.0,1.3180749467112878,5.1347336778
125120,1.3180713330862972,,0.0,1.3180713330862972,5.1471151786
125125,1.318067818391246,,0.0,1.318067818391246,5.1650913212
125130,1.3180644121074392,,0.0,1.3180644121074392,5.1934043458
125135,1.3180611233419213,,0.0,1.3180611233419213,5.2208000087
125140,1.318057960827473,,0.0,1.318057960827473,5.2530920498
125145,1.318054932673106,,0.0,1.318054932673106,5.2797853194
125150,1.3180520458650455,,0.0,1.3180520458650455,5.2978465138
125155,1.3180493066409926,,0.0,1.3180493066409926,5.3054313587
125160,1.3180467202406163,,0.0,1.3180467202406163,5.3005554891
125165,1.3180442905312908,,0.0,1.3180442905312908,5.2786296536
125170,1.3180420206318675,,0.0,1.3180420206318675,5.2439443676
125175,1.3180399136611962,,0.0,1.3180399136611962,5.2096979109
125180,1.318037967997475,,0.0,1.318037967997475,5.1798082859
125185,1.318036180272345,,0.0,1.318036180272345,5.1480188525
125190,1.3180345449966293,,0.0,1.3180345449966293,5.1176874417
125195,1.318033055433611,,0.0,1.318033055433611,5.1059899868
125200,1.3180317029752628,,0.0,1.3180317029752628,5.0951310245
125205,1.3180304778907705,,0.0,1.3180304778907705,5.0997928404
125210,1.31802936857801,,0.0,1.31802936857801,5.1184054877
125215,1.3180283628110876,,0.0,1.3180283628110876,5.1410575708
125220,1.318027447490831,,0.0,1.318027447490831,5.1644290336
125225,1.3180266093933137,,0.0,1.3180266093933137,5.207598264
125230,1.318025833298545,,0.0,1.318025833298545,5.2619585415
125235,1.3180251038617807,,0.0,1.3180251038617807,5.3123388443
125240,1.3180244052392596,,0.0,1.3180244052392596,5.3608560714
125245,1.3180237220862372,,0.0,1.3180237220862372,5.3608069435
125250,1.3180230393074768,,0.0,1.3180230393074768,5.3706219785
125255,1.3180223424315118,,0.0,1.3180223424315118,5.3910293026
125260,1.3180216174858923,,0.0,1.3180216174858923,5.4063582767
125265,1.3180208518704615,,0.0,1.3180208518704615,5.4049233691
125270,1.3180200343573578,,0.0,1.3180200343573578,5.3992042587
125275,1.3180191550910134,,0.0,1.3180191550910134,5.4024014267
125280,1.3180182054634006,,0.0,1.3180182054634006,5.4028266536
125285,1.3180171784882948,,0.0,1.3180171784882948,5.4029392336
125290,1.3180160685517643,,0.0,1.3180160685517643,5.3941202676
125295,1.3180148714121729,,0.0,1.3180148714121729,5.3791262981
125300,1.3180135844496856,,0.0,1.3180135844496856,5.3719255175
125305,1.3180122061672548,,0.0,1.3180122061672548,5.3752111061
125310,1.3180107365648799,,0.0,1.3180107365648799,5.3755513892
125315,1.3180091770148556,,0.0,1.3180091770148556,5.3742105614
125320,1.3180075297627538,,0.0,1.3180075297627538,5.364305732
125325,1.3180057980521798,,0.0,1.3180057980521798,5.3422996647
125330,1.3180039858752615,,0.0,1.3180039858752615,5.3038832171
125335,1.318002098097406,,0.0,1.318002098097406,5.2708954262
125340,1.3180001398335288,,0.0,1.3180001398335288,5.2584528278
125345,1.3179981161985441,,0.0,1.3179981161985441,5.2473512201
125350,1.3179960326816287,,0.0,1.3179960326816287,5.2334692582
125355,1.317993894397698,,0.0,1.317993894397698,5.2298118319
125360,1.3179917064616666,,0.0,1.3179917064616666,5.2338116569
125365,1.3179894739884497,,0.0,1.3179894739884497,5.2347011001
125370,1.3179872014691918,,0.0,1.3179872014691918,5.2302462979
125375,1.3179848930207754,,0.0,1.3179848930207754,5.2290549033
125380,1.317982552884838,,0.0,1.317982552884838,5.2315916194
125385,1.3179801848039991,,0.0,1.3179801848039991,5.2291321152
125390,1.3179777921466185,,0.0,1.3179777921466185,5.2279553949
125395,1.3179753786553159,,0.0,1.3179753786553159,5.2391976891
125400,1.3179729478232047,,0.0,1.3179729478232047,5.2504578798
125405,1.3179705030186428,,0.0,1.3179705030186428,5.2587214847
125410,1.3179680481090053,,0.0,1.3179680481090053,5.2584900893
125415,1.3179655874606826,,0.0,1.3179655874606826,5.2460203268
125420,1.3179631256895739,,0.0,1.3179631256895739,5.2391731979
125425,1.3179606679105937,,0.0,1.3179606679105937,5.2557191918
125430,1.3179582201119353,,0.0,1.3179582201119353,5.2673938628
125435,1.3179557884065458,,0.0,1.3179557884065458,5.2711216448
125440,1.3179533799054044,,0.0,1.3179533799054044,5.2776728213
125445,1.317951001594736,,0.0,1.317951001594736,5.2855321816
125450,1.317948660460766,,0.0,1.317948660460766,5.2820352523
125455,1.3179463641134899,,0.0,1.3179463641134899,5.2672587198
125460,1.317944120162903,,0.0,1.317944120162903,5.2545689927
125465,1.3179419364685083,,0.0,1.3179419364685083,5.2465911706
125470,1.3179398211393176,,0.0,1.3179398211393176,5.2307868249
125475,1.3179377822843423,,0.0,1.3179377822843423,5.2186534012
125480,1.3179358277630855,,0.0,1.3179358277630855,5.1989844383
125485,1.3179339651855424,,0.0,1.3179339651855424,5.1793933825
125490,1.3179322017874466,,0.0,1.3179322017874466,5.1707628172
125495,1.3179305440560074,,0.0,1.3179305440560074,5.1629418421
125500,1.317928997979417,,0.0,1.317928997979417,5.1458535906
125505,1.3179275682983294,,0.0,1.3179275682983294,5.1357420244
125510,1.3179262590048726,,0.0,1.3179262590048726,5.1394192146
125515,1.317925072968389,,0.0,1.317925072968389,5.14381884
125520,1.3179240114364188,,0.0,1.3179240114364188,5.1491686473
125525,1.3179230751574864,,0.0,1.3179230751574864,5.1494443506
125530,1.3179222630088057,,0.0,1.3179222630088057,5.1438786705
125535,1.317921573119066,,0.0,1.317921573119066,5.1386680207
125540,1.3179210023694172,,0.0,1.3179210023694172,5.1242476962
125545,1.317920546642976,,0.0,1.317920546642976,5.114218975
125550,1.3179202011990903,,0.0,1.3179202011990903,5.1043873873
125555,1.3179199602990743,,0.0,1.3179199602990743,5.0966376873
125560,1.3179198178299818,,0.0,1.3179198178299818,5.1037198418
125565,1.317919767304603,,0.0,1.317919767304603,5.1212274331
125570,1.317919802110975,,0.0,1.317919802110975,5.1485109813
125575,1.3179199155123806,,0.0,1.3179199155123806,5.1830767605
125580,1.3179201011463648,,0.0,1.3179201011463648,5.2292618428
125585,1.3179203527752266,,0.0,1.3179203527752266,5.2785007246
125590,1.3179206649097885,,0.0,1.3179206649097885,5.314006889
125595,1.3179210325598905,,0.0,1.3179210325598905,5.3412602604
125600,1.317921451483895,,0.0,1.317921451483895,5.3565221878
125605,1.3179219181886899,,0.0,1.3179219181886899,5.3557083892
125610,1.3179224290564084,,0.0,1.3179224290564084,5.3406257477
125615,1.3179229814672162,,0.0,1.3179229814672162,5.3127678564
125620,1.3179235733002947,,0.0,1.3179235733002947,5.2865795728
125625,1.3179242039318741,,0.0,1.3179242039318741,5.2698886682
125630,1.3179248727381843,,0.0,1.3179248727381843,5.2447478176
125635,1.3179255803429948,,0.0,1.3179255803429948,5.2196520486
125640,1.3179263272453223,,0.0,1.3179263272453223,5.2039758308
125645,1.3179271141936908,,0.0,1.3179271141936908,5.1976008612
125650,1.3179279420613783,,0.0,1.3179279420613783,5.2113906028
125655,1.3179288112226468,,0.0,1.3179288112226468,5.2359281018
125660,1.3179297216774968,,0.0,1.3179297216774968,5.2533654498
125665,1.3179306730516658,,0.0,1.3179306730516658,5.2812406851
125670,1.3179316640976135,,0.0,1.3179316640976135,5.3195131614
125675,1.3179326929440298,,0.0,1.3179326929440298,5.3573957923
125680,1.3179337569710803,,0.0,1.3179337569710803,5.3959941287
125685,1.317934852061882,,0.0,1.317934852061882,5.3911060684
125690,1.3179359732262745,,0.0,1.3179359732262745,5.3883338352
125695,1.3179371146008185,,0.0,1.3179371146008185,5.3843534836
125700,1.3179382695735506,,0.0,1.3179382695735506,5.3981737951
125705,1.317939430908738,,0.0,1.317939430908738,5.4025983495
125710,1.3179405914954012,,0.0,1.3179405914954012,5.402394307
125715,1.3179417439730532,,0.0,1.3179417439730532,5.3870659649
125720,1.317942881604976,,0.0,1.317942881604976,5.3730343327
125725,1.3179439977792076,,0.0,1.3179439977792076,5.3630973744
125730,1.3179450871313245,,0.0,1.3179450871313245,5.3471777419
125735,1.3179461451701822,,0.0,1.3179461451701822,5.321740428
125740,1.3179471685274213,,0.0,1.3179471685274213,5.2898123981
125745,1.3179481550822243,,0.0,1.3179481550822243,5.2771204211
125750,1.317949104585083,,0.0,1.317949104585083,5.2660656206
125755,1.3179500177845214,,0.0,1.3179500177845214,5.2558160328
125760,1.3179508977993901,,0.0,1.3179508977993901,5.2497470074
125765,1.3179517487465715,,0.0,1.3179517487465715,5.2341036815
125770,1.317952576364751,,0.0,1.317952576364751,5.2090775388
125775,1.3179533880144156,,0.0,1.3179533880144156,5.1825591192
125780,1.317954191929331,,0.0,1.317954191929331,5.1589153409
125785,1.3179549972165407,,0.0,1.3179549972165407,5.1350750653
125790,1.317955813482104,,0.0,1.317955813482104,5.1171589586
125795,1.3179566509558513,,0.0,1.3179566509558513,5.1009578075
125800,1.317957519243842,,0.0,1.317957519243842,5.0960600848
125805,1.3179584277026273,,0.0,1.3179584277026273,5.1020650598
125810,1.3179593851897433,,0.0,1.3179593851897433,5.1074137194
125815,1.3179603989409232,,0.0,1.3179603989409232,5.102067406
125820,1.3179614751938677,,0.0,1.3179614751938677,5.0990963129
125825,1.3179626180654598,,0.0,1.3179626180654598,5.0981166721
125830,1.3179638300507799,,0.0,1.3179638300507799,5.0943437066
125835,1.3179651112745823,,0.0,1.3179651112745823,5.0808479552
125840,1.3179664599903098,,0.0,1.3179664599903098,5.061837423
125845,1.3179678717068186,,0.0,1.3179678717068186,5.0495090709
125850,1.317969339687391,,0.0,1.317969339687391,5.035624144
125855,1.317970855199246,,0.0,1.317970855199246,5.0235207528
125860,1.317972407638291,,0.0,1.317972407638291,5.0142785422
125865,1.3179739844043703,,0.0,1.3179739844043703,5.0113106317
125870,1.3179755715250336,,0.0,1.3179755715250336,5.0188390188
125875,1.3179771542793057,,0.0,1.3179771542793057,5.0315629889
125880,1.3179787169481807,,0.0,1.3179787169481807,5.0473332712
125885,1.3179802436878976,,0.0,1.3179802436878976,5.0580669709
125890,1.3179817190289573,,0.0,1.3179817190289573,5.0673405107
125895,1.3179831281256316,,0.0,1.3179831281256316,5.0801391075
125900,1.317984456880716,,0.0,1.317984456880716,5.0837089638
125905,1.3179856929435623,,0.0,1.3179856929435623,5.0734960142
125910,1.3179868258348326,,0.0,1.3179868258348326,5.0563239241
125915,1.3179878470712538,,0.0,1.3179878470712538,5.0492367134
125920,1.3179887501656162,,0.0,1.3179887501656162,5.0518996404
125925,1.3179895316248076,,0.0,1.3179895316248076,5.0506635949
125930,1.3179901898270259,,0.0,1.3179901898270259,5.0458862145
125935,1.3179907258950567,,0.0,1.3179907258950567,5.0364261744
125940,1.317991143446767,,0.0,1.317991143446767,5.025344255
125945,1.317991448220842,,0.0,1.317991448220842,5.0218561376
125950,1.3179916480767846,,0.0,1.3179916480767846,5.0216387563
125955,1.3179917526206548,,0.0,1.3179917526206548,5.0267558691
125960,1.3179917725812982,,0.0,1.3179917725812982,5.0372195018
125965,1.3179917200598552,,0.0,1.3179917200598552,5.0548518565
125970,1.3179916076564815,,0.0,1.3179916076564815,5.0791355258
125975,1.31799144784658,,0.0,1.31799144784658,5.0990398452
125980,1.3179912532303062,,0.0,1.3179912532303062,5.1153398449
125985,1.3179910356592925,,0.0,1.3179910356592925,5.126104437
125990,1.3179908066109087,,0.0,1.3179908066109087,5.1326586977
125995,1.317990578061541,,0.0,1.317990578061541,5.1391824801
126000,1.317990358244955,,0.0,1.317990358244955,5.1435682845
126005,1.3179901526503273,,0.0,1.3179901526503273,5.1500685394
126010,1.3179899655192948,,0.0,1.3179899655192948,5.1551744903
126015,1.317989797725136,,0.0,1.317989797725136,5.1703525105
126020,1.3179896497668662,,0.0,1.3179896497668662,5.2020838756
126025,1.317989521394978,,0.0,1.317989521394978,5.2474134355
126030,1.317989412359963,,0.0,1.317989412359963,5.2981990766
126035,1.317989321164773,,0.0,1.317989321164773,5.3510648351
126040,1.3179892460628522,,0.0,1.3179892460628522,5.3951621307
126045,1.3179891855571517,,0.0,1.3179891855571517,5.4252329355
126050,1.3179891379011155,,0.0,1.3179891379011155,5.4384392754
126055,1.317989100474909,,0.0,1.317989100474909,5.4359860898
126060,1.3179890706586976,,0.0,1.3179890706586976,5.4254449243
126065,1.3179890464564175,,0.0,1.3179890464564175,5.4205093754
126070,1.3179890263710201,,0.0,1.3179890263710201,5.4182763701
126075,1.3179890100282434,,0.0,1.3179890100282434,5.414370664
126080,1.3179889979271033,,0.0,1.3179889979271033,5.4057685154
126085,1.317988991439894,,0.0,1.317988991439894,5.4069154552
126090,1.3179889934359583,,0.0,1.3179889934359583,5.4113050042
126095,1.3179890076579168,,0.0,1.3179890076579168,5.4230556419
126100,1.3179890387216684,,0.0,1.3179890387216684,5.4364180218
126105,1.3179890914926193,,0.0,1.3179890914926193,5.4508141498
126110,1.3179891708361773,,0.0,1.3179891708361773,5.480967644
126115,1.3179892827405346,,0.0,1.3179892827405346,5.5176712417
126120,1.3179894333186386,,0.0,1.3179894333186386,5.5465495333
126125,1.3179896288081905,,0.0,1.3179896288081905,5.5689663497
126130,1.3179898751973833,,0.0,1.3179898751973833,5.5879580212
126135,1.3179901777258858,,0.0,1.3179901777258858,5.5989532121
126140,1.3179905408848427,,0.0,1.3179905408848427,5.6021174919
126145,1.3179909674188428,,0.0,1.3179909674188428,5.6081254922
126150,1.317991459074442,,0.0,1.317991459074442,5.6218323981
126155,1.3179920156021323,,0.0,1.3179920156021323,5.6198834155
126160,1.317992635130604,,0.0,1.317992635130604,5.6037242382
126165,1.3179933135429733,,0.0,1.3179933135429733,5.5755749011
126170,1.317994044227278,,0.0,1.317994044227278,5.545605946
126175,1.3179948184507362,,0.0,1.3179948184507362,5.5188074569
126180,1.3179956252349943,,0.0,1.3179956252349943,5.480672983
126185,1.3179964521046494,,0.0,1.3179964521046494,5.4538762291
126190,1.317997284962498,,0.0,1.317997284962498,5.4334699984
126195,1.3179981089628108,,0.0,1.3179981089628108,5.4068047242
126200,1.3179989086360895,,0.0,1.3179989086360895,5.3733243665
126205,1.317999668013819,,0.0,1.317999668013819,5.3431241111
126210,1.318000371501747,,0.0,1.318000371501747,5.3091097154
126215,1.3180010043788986,,0.0,1.3180010043788986,5.2729302865
126220,1.3180015525480697,,0.0,1.3180015525480697,5.2474862815
126225,1.3180020032843498,,0.0,1.3180020032843498,5.2402813358
126230,1.3180023462331552,,0.0,1.3180023462331552,5.2378270321
126235,1.3180025727864586,,0.0,1.3180025727864586,5.2312045743
126240,1.3180026763322965,,0.0,1.3180026763322965,5.2215896778
126245,1.3180026528785405,,0.0,1.3180026528785405,5.2204199525
126250,1.3180025013024042,,0.0,1.3180025013024042,5.2175912118
126255,1.3180022229761819,,0.0,1.3180022229761819,5.2195451556
126260,1.3180018228900345,,0.0,1.3180018228900345,5.2152693528
126265,1.3180013076559254,,0.0,1.3180013076559254,5.2159121813
126270,1.3180006862561435,,0.0,1.3180006862561435,5.2141040649
126275,1.3179999695442892,,0.0,1.3179999695442892,5.2143664559
126280,1.3179991711185508,,0.0,1.3179991711185508,5.2071559926
126285,1.317998305824657,,0.0,1.317998305824657,5.1939752382
126290,1.317997390005384,,0.0,1.317997390005384,5.1761024672
126295,1.3179964412510494,,0.0,1.3179964412510494,5.1580650486
126300,1.3179954776509866,,0.0,1.3179954776509866,5.1418625016
126305,1.317994517544036,,0.0,1.317994517544036,5.120629036
126310,1.3179935793937934,,0.0,1.3179935793937934,5.1177752016
126315,1.3179926811648377,,0.0,1.3179926811648377,5.1222670286
126320,1.31799183994847,,0.0,1.31799183994847,5.1275655031
126325,1.3179910718379588,,0.0,1.3179910718379588,5.1282744243
126330,1.3179903956711614,,0.0,1.3179903956711614,5.1288845844
126335,1.3179898255452827,,0.0,1.3179898255452827,5.1352008403
126340,1.317989371191136,,0.0,1.317989371191136,5.1241265122
126345,1.3179890403434704,,0.0,1.3179890403434704,5.1077574656
126350,1.3179888391152337,,0.0,1.3179888391152337,5.1091500984
126355,1.317988771872816,,0.0,1.317988771872816,5.1106788157
126360,1.31798884086179,,0.0,1.31798884086179,5.1062092677
126365,1.3179890464564175,,0.0,1.3179890464564175,5.1146721352
126370,1.3179893865358805,,0.0,1.3179893865358805,5.1171639562
126375,1.3179898572328042,,0.0,1.3179898572328042,5.1061023277
126380,1.3179904534322735,,0.0,1.3179904534322735,5.0937615918
126385,1.3179911686470793,,0.0,1.3179911686470793,5.0831855544
126390,1.3179919948929648,,0.0,1.3179919948929648,5.0890837633
126395,1.3179929241856718,,0.0,1.3179929241856718,5.0933766948
126400,1.3179939477924192,,0.0,1.3179939477924192,5.1031233887
126405,1.3179950568556715,,0.0,1.3179950568556715,5.1174588637
126410,1.3179962430169092,,0.0,1.3179962430169092,5.1353955011
126415,1.3179974980423668,,0.0,1.3179974980423668,5.1513952913
126420,1.317998814696311,,0.0,1.317998814696311,5.1620521604
126425,1.3180001857430086,,0.0,1.3180001857430086,5.1731790976
126430,1.3180016056932828,,0.0,1.3180016056932828,5.1879690906
126435,1.3180030696817266,,0.0,1.3180030696817266,5.1963561715
126440,1.3180045739657196,,0.0,1.3180045739657196,5.1945686848
126445,1.3180061154264107,,0.0,1.3180061154264107,5.2006732837
126450,1.3180076911944578,,0.0,1.3180076911944578,5.2105366249
126455,1.3180092996480588,,0.0,1.3180092996480588,5.2238474512
126460,1.318010939789181,,0.0,1.318010939789181,5.2430125249
126465,1.318012611243563,,0.0,1.318012611243563,5.2751250783
126470,1.3180143137616962,,0.0,1.3180143137616962,5.2974084649
126475,1.3180160478425968,,0.0,1.3180160478425968,5.3280471053
126480,1.318017813985281,,0.0,1.318017813985281,5.3563531745
126485,1.3180196129382726,,0.0,1.3180196129382726,5.3818549219
126490,1.3180214453253425,,0.0,1.3180214453253425,5.4045713816
126495,1.3180233121445222,,0.0,1.3180233121445222,5.4190435553
126500,1.3180252142690898,,0.0,1.3180252142690898,5.4237956739
126505,1.3180271513247837,,0.0,1.3180271513247837,5.4276988724
126510,1.3180291241848816,,0.0,1.3180291241848816,5.4278980016
126515,1.318031133847416,,0.0,1.318031133847416,5.4248953598
126520,1.318033181435173,,0.0,1.318033181435173,5.4205938663
126525,1.3180352679461849,,0.0,1.3180352679461849,5.407110901
126530,1.3180373942537293,,0.0,1.3180373942537293,5.3924923225
126535,1.318039561355839,,0.0,1.318039561355839,5.3985598378
126540,1.318041770250546,,0.0,1.318041770250546,5.4024995713
126545,1.3180440231834225,,0.0,1.3180440231834225,5.4140373952
126550,1.3180463252693837,,0.0,1.3180463252693837,5.4434928764
126555,1.3180486783797396,,0.0,1.3180486783797396,5.4568119603
126560,1.3180510838867847,,0.0,1.3180510838867847,5.4711302532
126565,1.3180535439113372,,0.0,1.3180535439113372,5.493647309
126570,1.3180560610732317,,0.0,1.3180560610732317,5.5138080244
126575,1.3180586394893505,,0.0,1.3180586394893505,5.5242393969
126580,1.3180612831518228,,0.0,1.3180612831518228,5.5340207906
126585,1.3180639959280231,,0.0,1.3180639959280231,5.5565564316
126590,1.318066781685326,,0.0,1.318066781685326,5.5784315481
126595,1.3180696437920905,,0.0,1.3180696437920905,5.5886758826
126600,1.3180725852424122,,0.0,1.3180725852424122,5.5827962594
126605,1.3180756074085862,,0.0,1.3180756074085862,5.5676692803
126610,1.3180787114133983,,0.0,1.3180787114133983,5.5516465525
126615,1.3180818967578325,,0.0,1.3180818967578325,5.5262128955
126620,1.3180851616953326,,0.0,1.3180851616953326,5.5039014098
126625,1.318088503231802,,0.0,1.318088503231802,5.4757005941
126630,1.3180919172503578,,0.0,1.3180919172503578,5.4563465097
126635,1.3180953987608395,,0.0,1.3180953987608395,5.4229880926
126640,1.3180989417750535,,0.0,1.3180989417750535,5.3968509838
126645,1.3181025400552995,,0.0,1.3181025400552995,5.3775474418
126650,1.3181061868648596,,0.0,1.3181061868648596,5.3528022805
126655,1.318109874968001,,0.0,1.318109874968001,5.3261035335
126660,1.3181135966299742,,0.0,1.3181135966299742,5.3042967239
126665,1.318117344615046,,0.0,1.318117344615046,5.285128114
126670,1.3181211109389588,,0.0,1.3181211109389588,5.2690112076
126675,1.3181248879917178,,0.0,1.3181248879917178,5.2637382025
126680,1.318128668662343,,0.0,1.318128668662343,5.2542960306
126685,1.318132445590348,,0.0,1.318132445590348,5.2419331394
126690,1.318136212039015,,0.0,1.318136212039015,5.2376532614
126695,1.318139961895397,,0.0,1.318139961895397,5.2363217988
126700,1.3181436917911356,,0.0,1.3181436917911356,5.2292636586
126705,1.3181473991063966,,0.0,1.3181473991063966,5.2252356636
126710,1.3181510789757724,,0.0,1.3181510789757724,5.2216077794
126715,1.3181547270328728,,0.0,1.3181547270328728,5.2207925826
126720,1.318158339160815,,0.0,1.318158339160815,5.2164081981
126725,1.3181619123655024,,0.0,1.3181619123655024,5.2054741767
126730,1.318165445274641,,0.0,1.318165445274641,5.1902867778
126735,1.3181689380129844,,0.0,1.3181689380129844,5.1746833896
126740,1.318172391079549,,0.0,1.318172391079549,5.16227713
126745,1.3181758063456452,,0.0,1.3181758063456452,5.1526641629
126750,1.318179186056845,,0.0,1.318179186056845,5.1553246039
126755,1.3181825333319994,,0.0,1.3181825333319994,5.1639087799
126760,1.3181858520384826,,0.0,1.3181858520384826,5.1755608523
126765,1.3181891466674398,,0.0,1.3181891466674398,5.1879249142
126770,1.318192422708048,,0.0,1.318192422708048,5.1930199629
126775,1.3181956863980078,,0.0,1.3181956863980078,5.1871490507
126780,1.3181989445987907,,0.0,1.3181989445987907,5.1825018138
126785,1.3182022047956379,,0.0,1.3182022047956379,5.177540101
126790,1.3182054748480527,,0.0,1.3182054748480527,5.160262132
126795,1.318208763239309,,0.0,1.318208763239309,5.1542503163
126800,1.3182120783279254,,0.0,1.3182120783279254,5.149933371
126805,1.3182154283476684,,0.0,1.3182154283476684,5.1594134601
126810,1.3182188217818105,,0.0,1.3182188217818105,5.1667064987
126815,1.318222266739364,,0.0,1.318222266739364,5.1753617792
126820,1.3182257710798313,,0.0,1.3182257710798313,5.1800577628
126825,1.3182293427874707,,0.0,1.3182293427874707,5.183738405
126830,1.3182329898465388,,0.0,1.3182329898465388,5.1842546946
126835,1.3182367196175235,,0.0,1.3182367196175235,5.1896633713
126840,1.318240540458944,,0.0,1.318240540458944,5.1986788018
126845,1.3182444593570253,,0.0,1.3182444593570253,5.2053042596
126850,1.3182484831732388,,0.0,1.3182484831732388,5.2057293136
126855,1.3182526178957776,,0.0,1.3182526178957776,5.2125029806
126860,1.3182568690138186,,0.0,1.3182568690138186,5.2236396118
126865,1.3182612413927686,,0.0,1.3182612413927686,5.2280287563
126870,1.3182657390247565,,0.0,1.3182657390247565,5.2242123806
126875,1.3182703647791245,,0.0,1.3182703647791245,5.2180592343
126880,1.318275121026199,,0.0,1.318275121026199,5.2158894356
126885,1.3182800095125362,,0.0,1.3182800095125362,5.2183438087
126890,1.318285030986661,,0.0,1.318285030986661,5.2196949496
126895,1.3182901856980807,,0.0,1.3182901856980807,5.2192321374
126900,1.3182954733972874,,0.0,1.3182954733972874,5.2193610736
126905,1.318300893335757,,0.0,1.318300893335757,5.2204805236
126910,1.3183064441411951,,0.0,1.3183064441411951,5.2408488762
126915,1.318312124067046,,0.0,1.318312124067046,5.267456034
126920,1.3183179309924906,,0.0,1.3183179309924906,5.2922524818
126925,1.318323862796711,,0.0,1.318323862796711,5.3241628807
126930,1.3183299168598726,,0.0,1.3183299168598726,5.3513934746
126935,1.3183360904373869,,0.0,1.3183360904373869,5.3679007244
126940,1.3183423801608953,,0.0,1.3183423801608953,5.3812321998
126945,1.3183487830363014,,0.0,1.3183487830363014,5.3890152726
126950,1.3183552951962303,,0.0,1.3183552951962303,5.3883732081
126955,1.3183619127733075,,0.0,1.3183619127733075,5.3962152844
126960,1.3183686315258962,,0.0,1.3183686315258962,5.397540195
126965,1.318375447586622,,0.0,1.318375447586622,5.3920204616
126970,1.3183823563395858,,0.0,1.3183823563395858,5.3816291184
126975,1.3183893527946269,,0.0,1.3183893527946269,5.3726119821
126980,1.318396431337814,,0.0,1.318396431337814,5.3633726553
126985,1.3184035862304624,,0.0,1.3184035862304624,5.3627073687
126990,1.318410810985363,,0.0,1.318410810985363,5.3738340335
126995,1.318418098741044,,0.0,1.318418098741044,5.3940374432
127000,1.3184254423865274,,0.0,1.3184254423865274,5.4173815141
127005,1.3184328340623088,,0.0,1.3184328340623088,5.4377967369
127010,1.3184402654098692,,0.0,1.3184402654098692,5.4577248608
127015,1.3184477275716728,,0.0,1.3184477275716728,5.4734159381
127020,1.3184552113159222,,0.0,1.3184552113159222,5.4857816767
127025,1.3184627072860657,,0.0,1.3184627072860657,5.5083110723
127030,1.3184702060007978,,0.0,1.3184702060007978,5.5248091573
127035,1.3184776981035666,,0.0,1.3184776981035666,5.5435923335
127040,1.3184851737388048,,0.0,1.3184851737388048,5.563228816
127045,1.3184926234252061,,0.0,1.3184926234252061,5.5701118481
127050,1.3185000378062195,,0.0,1.3185000378062195,5.5610886032
127055,1.3185074080243093,,0.0,1.3185074080243093,5.5367206463
127060,1.318514725970464,,0.0,1.318514725970464,5.5164581192
127065,1.3185219840346882,,0.0,1.3185219840346882,5.4894316759
127070,1.318529175230757,,0.0,1.318529175230757,5.4647064844
127075,1.3185362936952312,,0.0,1.3185362936952312,5.4474619458
127080,1.3185433339389336,,0.0,1.3185433339389336,5.4342989148
127085,1.3185502917202279,,0.0,1.3185502917202279,5.4234920898
127090,1.3185571632964932,,0.0,1.3185571632964932,5.4086938396
127095,1.318563946172649,,0.0,1.318563946172649,5.3776116497
127100,1.3185706386021394,,0.0,1.3185706386021394,5.3709409089
127105,1.3185772397116857,,0.0,1.3185772397116857,5.366981067
127110,1.3185837497507964,,0.0,1.3185837497507964,5.3634454007
127115,1.3185901687194712,,0.0,1.3185901687194712,5.3560118657
127120,1.3185964972414803,,0.0,1.3185964972414803,5.3449146284
127125,1.318602736689118,,0.0,1.318602736689118,5.3319416256
127130,1.3186088889336947,,0.0,1.3186088889336947,5.3137068819
127135,1.3186149555970124,,0.0,1.3186149555970124,5.3076838335
127140,1.3186209383008736,,0.0,1.3186209383008736,5.3089490588
127145,1.3186268387918343,,0.0,1.3186268387918343,5.3013977671
127150,1.3186326586916974,,0.0,1.3186326586916974,5.2954676218
127155,1.3186383998717728,,0.0,1.3186383998717728,5.2978320274
127160,1.3186440637043546,,0.0,1.3186440637043546,5.3071366547
127165,1.3186496525597695,,0.0,1.3186496525597695,5.3112230431
127170,1.3186551676855578,,0.0,1.3186551676855578,5.3053304392
127175,1.3186606107035213,,0.0,1.3186606107035213,5.3010807033
127180,1.3186659828612006,,0.0,1.3186659828612006,5.2964051526
127185,1.31867128553089,,0.0,1.31867128553089,5.2848036345
127190,1.3186765202096373,,0.0,1.3186765202096373,5.2747418218
127195,1.3186816885192454,,0.0,1.3186816885192454,5.2602655713
127200,1.3186867925805323,,0.0,1.3186867925805323,5.2455083488
127205,1.3186918341400542,,0.0,1.3186918341400542,5.2575406902
127210,1.3186968148196139,,0.0,1.3186968148196139,5.2689035564
127215,1.318701736989537,,0.0,1.318701736989537,5.2758349525
127220,1.3187066028953969,,0.0,1.3187066028953969,5.2798839379
127225,1.3187114152817812,,0.0,1.3187114152817812,5.2826903198
127230,1.3187161766437705,,0.0,1.3187161766437705,5.2851751512
127235,1.3187208901002156,,0.0,1.3187208901002156,5.2834428311
127240,1.318725558894721,,0.0,1.318725558894721,5.2857800524
127245,1.3187301862708911,,0.0,1.3187301862708911,5.2924000109
127250,1.3187347759713468,,0.0,1.3187347759713468,5.3102277527
127255,1.3187393312396927,,0.0,1.3187393312396927,5.3320396212
127260,1.3187438559433031,,0.0,1.3187438559433031,5.3474912583
127265,1.318748354074307,,0.0,1.318748354074307,5.3632616016
127270,1.3187528288763086,,0.0,1.3187528288763086,5.3755431425
127275,1.318757283218651,,0.0,1.318757283218651,5.3893619939
127280,1.318761719970676,,0.0,1.318761719970676,5.3926010222
127285,1.3187661415027105,,0.0,1.3187661415027105,5.396092864
127290,1.3187705496860649,,0.0,1.3187705496860649,5.4112894883
127295,1.3187749458930331,,0.0,1.3187749458930331,5.4251489289
127300,1.3187793313711553,,0.0,1.3187793313711553,5.4316134221
127305,1.3187837067442019,,0.0,1.3187837067442019,5.4409138425
127310,1.3187880721369265,,0.0,1.3187880721369265,5.444503544
127315,1.3187924271750675,,0.0,1.3187924271750675,5.4432705887
127320,1.318796771359609,,0.0,1.318796771359609,5.4403326203
127325,1.3188011033182558,,0.0,1.3188011033182558,5.4391394372
127330,1.3188054213044522,,0.0,1.3188054213044522,5.428303986
127335,1.3188097238211505,,0.0,1.3188097238211505,5.4203200346
127340,1.318814008498023,,0.0,1.318814008498023,5.4205024392
127345,1.3188182734637606,,0.0,1.3188182734637606,5.4191694091
127350,1.318822516597544,,0.0,1.318822516597544,5.4198539681
127355,1.3188267367765878,,0.0,1.3188267367765878,5.4282054207
127360,1.318830932254335,,0.0,1.318830932254335,5.4433274561
127365,1.3188351014089839,,0.0,1.3188351014089839,5.4603786274
127370,1.3188392428682398,,0.0,1.3188392428682398,5.4791852113
127375,1.3188433556340708,,0.0,1.3188433556340708,5.503464899
127380,1.3188474389579528,,0.0,1.3188474389579528,5.5218162557
127385,1.3188514927151316,,0.0,1.3188514927151316,5.5339667285
127390,1.3188555170303613,,0.0,1.3188555170303613,5.5456381643
127395,1.318859512402658,,0.0,1.318859512402658,5.5478841295
127400,1.3188634795805456,,0.0,1.3188634795805456,5.5565885268
127405,1.3188674199363188,,0.0,1.3188674199363188,5.5611633182
127410,1.3188713344680094,,0.0,1.3188713344680094,5.567550154
127415,1.318875224672666,,0.0,1.318875224672666,5.5653109765
127420,1.3188790919225823,,0.0,1.3188790919225823,5.5604064176
127425,1.318882937215791,,0.0,1.318882937215791,5.5632675787
127430,1.318886761924586,,0.0,1.318886761924586,5.5584719431
127435,1.3188905672965077,,0.0,1.3188905672965077,5.568959529
127440,1.3188943534563102,,0.0,1.3188943534563102,5.6025544121
127445,1.3188981201544852,,0.0,1.3188981201544852,5.6417322225
127450,1.3189018662682466,,0.0,1.3189018662682466,5.6750326068
127455,1.31890558980153,,0.0,1.31890558980153,5.6921554089
127460,1.3189092880097473,,0.0,1.3189092880097473,5.7140260569
127465,1.3189129572750313,,0.0,1.3189129572750313,5.7370659657
127470,1.3189165924824677,,0.0,1.3189165924824677,5.7500716519
127475,1.318920187893371,,0.0,1.318920187893371,5.7546875716
127480,1.318923736272008,,0.0,1.318923736272008,5.7524358008
127485,1.3189272295093677,,0.0,1.3189272295093677,5.7641612137
127490,1.31893065799939,,0.0,1.31893065799939,5.7665341477
127495,1.3189340113874914,,0.0,1.3189340113874914,5.7584715932
127500,1.3189372778220398,,0.0,1.3189372778220398,5.7369884499
127505,1.3189404447028787,,0.0,1.3189404447028787,5.7049939278
127510,1.318943498556574,,0.0,1.318943498556574,5.671821726
127515,1.3189464250364136,,0.0,1.3189464250364136,5.6506375198
127520,1.3189492102947002,,0.0,1.3189492102947002,5.6227237658
127525,1.3189518388619361,,0.0,1.3189518388619361,5.6054697652
127530,1.318954295393376,,0.0,1.318954295393376,5.5880313975
127535,1.3189565645442753,,0.0,1.3189565645442753,5.5834187285
127540,1.3189586313441517,,0.0,1.3189586313441517,5.5769982767
127545,1.3189604810720303,,0.0,1.3189604810720303,5.5488229638
127550,1.318962100129723,,0.0,1.318962100129723,5.5134643618
127555,1.3189634755428115,,0.0,1.3189634755428115,5.5003057451
127560,1.3189645959586798,,0.0,1.3189645959586798,5.4828119642
127565,1.31896545152176,,0.0,1.31896545152176,5.4636969567
127570,1.3189660338735332,,0.0,1.3189660338735332,5.4462104712
127575,1.3189663361525275,,0.0,1.3189663361525275,5.4261996565
127580,1.3189663533685825,,0.0,1.3189663533685825,5.4068756875
127585,1.3189660826523555,,0.0,1.3189660826523555,5.4054964651
127590,1.3189655231305684,,0.0,1.3189655231305684,5.4080536401
127595,1.3189646760507616,,0.0,1.3189646760507616,5.4087577656
127600,1.3189635447812935,,0.0,1.3189635447812935,5.4086381197
127605,1.3189621350608491,,0.0,1.3189621350608491,5.4107865907
127610,1.3189604543746696,,0.0,1.3189604543746696,5.4111386618
127615,1.3189585127030772,,0.0,1.3189585127030772,5.4095451873
127620,1.3189563221472114,,0.0,1.3189563221472114,5.4013340715
127625,1.3189538965547687,,0.0,1.3189538965547687,5.3981089665
127630,1.3189512513952482,,0.0,1.3189512513952482,5.3871581183
127635,1.3189484035104424,,0.0,1.3189484035104424,5.3688687379
127640,1.318945371239193,,0.0,1.318945371239193,5.3634871623
127645,1.3189421741678806,,0.0,1.3189421741678806,5.3673031096
127650,1.3189388326314113,,0.0,1.3189388326314113,5.3781702825
127655,1.3189353679627227,,0.0,1.3189353679627227,5.3932387679
127660,1.3189318014947522,,0.0,1.3189318014947522,5.4049239024
127665,1.318928154560438,,0.0,1.318928154560438,5.4173816648
127670,1.3189244478689475,,0.0,1.3189244478689475,5.4135975683
127675,1.31892070187994,,0.0,1.31892070187994,5.4197327589
127680,1.3189169366788132,,0.0,1.3189169366788132,5.4187120424
127685,1.3189131716024405,,0.0,1.3189131716024405,5.4129572625
127690,1.3189094248649091,,0.0,1.3189094248649091,5.3901245079
127695,1.3189057174248942,,0.0,1.3189057174248942,5.3933576214
127700,1.3189020673717295,,0.0,1.3189020673717295,5.3945059265
127705,1.3188984874303247,,0.0,1.3188984874303247,5.3881052412
127710,1.3188949892028043,,0.0,1.3188949892028043,5.3846092287
127715,1.3188915839170299,,0.0,1.3188915839170299,5.3768062056
127720,1.3188882818028316,,0.0,1.3188882818028316,5.3723132394
127725,1.3188850917177446,,0.0,1.3188850917177446,5.3741892167
127730,1.3188820210222563,,0.0,1.3188820210222563,5.3904683347
127735,1.3188790752055433,,0.0,1.3188790752055433,5.4124616349
127740,1.3188762591330132,,0.0,1.3188762591330132,5.4308049726
127745,1.3188735760482702,,0.0,1.3188735760482702,5.4402183854
127750,1.3188710280721323,,0.0,1.3188710280721323,5.4551520434
127755,1.3188686167016483,,0.0,1.3188686167016483,5.4614324728
127760,1.3188663428100962,,0.0,1.3188663428100962,5.4621601858
127765,1.3188642058984597,,0.0,1.3188642058984597,5.45593257
127770,1.3188622054677228,,0.0,1.3188622054677228,5.4501866002
127775,1.3188603398960834,,0.0,1.3188603398960834,5.4386881163
127780,1.3188586085597713,,0.0,1.3188586085597713,5.4272261925
127785,1.31885700908846,,0.0,1.31885700908846,5.4242179891
127790,1.318855538113791,,0.0,1.318855538113791,5.4233194713
127795,1.3188541918931436,,0.0,1.3188541918931436,5.4237016675
127800,1.3188529670581592,,0.0,1.3188529670581592,5.430380571
127805,1.3188518603652333,,0.0,1.3188518603652333,5.4450651439
127810,1.3188508684460074,,0.0,1.3188508684460074,5.4594480838
127815,1.3188499885558929,,0.0,1.3188499885558929,5.4828486276
127820,1.318849217825547,,0.0,1.318849217825547,5.5061800006
127825,1.3188485542589061,,0.0,1.3188485542589061,5.528546651
127830,1.3188479958599053,,0.0,1.3188479958599053,5.538860367
127835,1.3188475415057586,,0.0,1.3188475415057586,5.5358721096
127840,1.3188471903231878,,0.0,1.3188471903231878,5.5222510034
127845,1.3188469414389146,,0.0,1.3188469414389146,5.505574718
127850,1.318846794353923,,0.0,1.318846794353923,5.4821444512
127855,1.3188467491929672,,0.0,1.3188467491929672,5.4642812542
127860,1.3188468063303092,,0.0,1.3188468063303092,5.4538674403
127865,1.3188469662649647,,0.0,1.3188469662649647,5.4393547626
127870,1.3188472299949665,,0.0,1.3188472299949665,5.4269178834
127875,1.3188475978945764,,0.0,1.3188475978945764,5.4430104871
127880,1.3188480708370722,,0.0,1.3188480708370722,5.46451901
127885,1.3188486495709786,,0.0,1.3188486495709786,5.4769946662
127890,1.3188493344705574,,0.0,1.3188493344705574,5.48707117
127895,1.3188501256605625,,0.0,1.3188501256605625,5.5003069432
127900,1.3188510232657482,,0.0,1.3188510232657482,5.5113103019
127905,1.3188520274108684,,0.0,1.3188520274108684,5.5322683813
127910,1.3188531375969068,,0.0,1.3188531375969068,5.5557447258
127915,1.3188543530753394,,0.0,1.3188543530753394,5.5741590022
127920,1.3188556734719044,,0.0,1.3188556734719044,5.5796830382
127925,1.3188570972895532,,0.0,1.3188570972895532,5.5883795894
127930,1.3188586229064838,,0.0,1.3188586229064838,5.5938966166
127935,1.3188602485761394,,0.0,1.3188602485761394,5.58785816
127940,1.3188619718034404,,0.0,1.3188619718034404,5.5655515458
127945,1.3188637903428135,,0.0,1.3188637903428135,5.5366594995
127950,1.3188657012001628,,0.0,1.3188657012001628,5.4990954105
127955,1.3188677013813916,,0.0,1.3188677013813916,5.4588836487
127960,1.3188697875181412,,0.0,1.3188697875181412,5.4342876758
127965,1.3188719559925453,,0.0,1.3188719559925453,5.41665251
127970,1.3188742028124747,,0.0,1.3188742028124747,5.4110796619
127975,1.3188765236115392,,0.0,1.3188765236115392,5.4043813951
127980,1.3188789141481014,,0.0,1.3188789141481014,5.3976684059
127985,1.3188813695567552,,0.0,1.3188813695567552,5.3889046269
127990,1.3188838850968474,,0.0,1.3188838850968474,5.3806243753
127995,1.318886455902971,,0.0,1.318886455902971,5.3718687872
128000,1.3188890772344735,,0.0,1.3188890772344735,5.3557911322
128005,1.3188917437269316,,0.0,1.3188917437269316,5.3460316952
128010,1.318894450390185,,0.0,1.318894450390185,5.3319666247
128015,1.3188971916103023,,0.0,1.3188971916103023,5.3181732344
128020,1.3188999618981065,,0.0,1.3188999618981065,5.3095242421
128025,1.3189027558891748,,0.0,1.3189027558891748,5.3024341888
128030,1.3189055682190844,,0.0,1.3189055682190844,5.3039063999
128035,1.318908393523412,,0.0,1.318908393523412,5.312100476
128040,1.3189112265624894,,0.0,1.3189112265624894,5.3164477711
128045,1.318914062470909,,0.0,1.318914062470909,5.3185562129
128050,1.3189168966327722,,0.0,1.3189168966327722,5.3270646157
128055,1.3189197244321804,,0.0,1.3189197244321804,5.3313607095
128060,1.318922541627497,,0.0,1.318922541627497,5.3280177039
128065,1.3189253443513467,,0.0,1.3189253443513467,5.320825574
128070,1.3189281289858636,,0.0,1.3189281289858636,5.3177481017
128075,1.3189308924121967,,0.0,1.3189308924121967,5.3184286552
128080,1.3189336320105118,,0.0,1.3189336320105118,5.3114636284
128085,1.318936345410482,,0.0,1.318936345410482,5.3014651535
128090,1.3189390304912896,,0.0,1.3189390304912896,5.3161736552
128095,1.3189416860053937,,0.0,1.3189416860053937,5.3381690698
128100,1.318944310705255,,0.0,1.318944310705255,5.3403512532
128105,1.3189469038423485,,0.0,1.3189469038423485,5.3314884909
128110,1.3189494654166747,,0.0,1.3189494654166747,5.3251275381
128115,1.3189519953034792,,0.0,1.3189519953034792,5.315081412
128120,1.3189544941265325,,0.0,1.3189544941265325,5.3088260478
128125,1.3189569627591125,,0.0,1.3189569627591125,5.304681409
128130,1.3189594025735134,,0.0,1.3189594025735134,5.3004107784
128135,1.3189618149420295,,0.0,1.3189618149420295,5.2865776408
128140,1.3189642019854793,,0.0,1.3189642019854793,5.2685896469
128145,1.3189665660741894,,0.0,1.3189665660741894,5.2615892468
128150,1.3189689097032395,,0.0,1.3189689097032395,5.2599661495
128155,1.3189712357419727,,0.0,1.3189712357419727,5.2567929308
128160,1.3189735474339936,,0.0,1.3189735474339936,5.2462206001
128165,1.3189758480229063,,0.0,1.3189758480229063,5.2365791252
128170,1.3189781411265782,,0.0,1.3189781411265782,5.2357291084
128175,1.318980430612383,,0.0,1.318980430612383,5.2445586071
128180,1.3189827203476958,,0.0,1.3189827203476958,5.250806596
128185,1.3189850143246455,,0.0,1.3189850143246455,5.2572824038
128190,1.3189873166601147,,0.0,1.3189873166601147,5.2643892747
128195,1.318989631221478,,0.0,1.318989631221478,5.2724195475
128200,1.318991962250372,,0.0,1.318991962250372,5.2768836032
128205,1.3189943136141717,,0.0,1.3189943136141717,5.2733863865
128210,1.3189966895545135,,0.0,1.3189966895545135,5.2624050751
128215,1.3189990939387723,,0.0,1.3189990939387723,5.253189825
128220,1.3190015303848148,,0.0,1.3190015303848148,5.2476293224
128225,1.3190040028847694,,0.0,1.3190040028847694,5.2311811913
128230,1.319006514806995,,0.0,1.319006514806995,5.2145614675
128235,1.319009069894112,,0.0,1.319009069894112,5.2111782347
128240,1.319011671514479,,0.0,1.319011671514479,5.220959644
128245,1.3190143229117006,,0.0,1.3190143229117006,5.2317569265
128250,1.3190170268303656,,0.0,1.3190170268303656,5.2396392023
128255,1.3190197862645698,,0.0,1.3190197862645698,5.2505883034
128260,1.3190226035846402,,0.0,1.3190226035846402,5.2664079253
128265,1.319025481160903,,0.0,1.319025481160903,5.287795201
128270,1.3190284211141767,,0.0,1.3190284211141767,5.3070965167
128275,1.3190314251910176,,0.0,1.3190314251910176,5.3098657875
128280,1.3190344950132278,,0.0,1.3190344950132278,5.2961975222
128285,1.3190376318283474,,0.0,1.3190376318283474,5.2694797869
128290,1.319040836759163,,0.0,1.319040836759163,5.2380154575
128295,1.3190441104294446,,0.0,1.3190441104294446,5.2079291261
128300,1.3190474532134544,,0.0,1.3190474532134544,5.1867217001
128305,1.3190508652359456,,0.0,1.3190508652359456,5.1714466046
128310,1.3190543464969193,,0.0,1.3190543464969193,5.1461730807
128315,1.3190578962478507,,0.0,1.3190578962478507,5.125003444
128320,1.319061513615462,,0.0,1.319061513615462,5.1051318955
128325,1.3190651976017205,,0.0,1.3190651976017205,5.1010951214
128330,1.3190689467095784,,0.0,1.3190689467095784,5.1052402742
128335,1.3190727591924793,,0.0,1.3190727591924793,5.1138949609
128340,1.319076633054359,,0.0,1.319076633054359,5.1277016391
128345,1.3190805658001368,,0.0,1.3190805658001368,5.1382394695
128350,1.3190845548099783,,0.0,1.3190845548099783,5.1464998392
128355,1.3190885975888031,,0.0,1.3190885975888031,5.1555466896
128360,1.319092691017761,,0.0,1.319092691017761,5.1667789381
128365,1.319096832102755,,0.0,1.319096832102755,5.1837461195
128370,1.3191010179744425,,0.0,1.3191010179744425,5.1938913055
128375,1.3191052453892194,,0.0,1.3191052453892194,5.1994690215
128380,1.319109511477743,,0.0,1.319109511477743,5.1975570542
128385,1.3191138136201788,,0.0,1.3191138136201788,5.1903628187
128390,1.3191181493214466,,0.0,1.3191181493214466,5.1743365847
128395,1.3191225160864655,,0.0,1.3191225160864655,5.153630049
128400,1.3191269120439255,,0.0,1.3191269120439255,5.1228877661
128405,1.3191313356967787,,0.0,1.3191313356967787,5.0847533478
128410,1.3191357859222381,,0.0,1.3191357859222381,5.0471497309
128415,1.3191402619717802,,0.0,1.3191402619717802,5.0250614618
128420,1.3191447637206506,,0.0,1.3191447637206506,5.0165356513
128425,1.3191492911688494,,0.0,1.3191492911688494,5.0123488995
128430,1.319153845314409,,0.0,1.319153845314409,4.9926732542
128435,1.3191584274048693,,0.0,1.3191584274048693,4.9675606923
128440,1.3191630391867868,,0.0,1.3191630391867868,4.9620470395
128445,1.3191676827809797,,0.0,1.3191676827809797,4.9553201232
128450,1.319172361056791,,0.0,1.319172361056791,4.9378542415
128455,1.3191770771330704,,0.0,1.3191770771330704,4.9375364119
128460,1.3191818343781772,,0.0,1.3191818343781772,4.9320748783
128465,1.3191866366594858,,0.0,1.3191866366594858,4.92646876
128470,1.319191487844371,,0.0,1.319191487844371,4.9245200824
128475,1.3191963920497152,,0.0,1.3191963920497152,4.9352690665
128480,1.3192013535171552,,0.0,1.3192013535171552,4.9481602532
128485,1.319206375989312,,0.0,1.319206375989312,4.9549389452
128490,1.3192114634583139,,0.0,1.3192114634583139,4.9575429252
128495,1.3192166194172739,,0.0,1.3192166194172739,4.9698519004
128500,1.319221846735534,,0.0,1.319221846735534,4.9791803777
128505,1.319227147908175,,0.0,1.319227147908175,4.9866915304
128510,1.3192325246817531,,0.0,1.3192325246817531,4.9927860972
128515,1.3192379783038086,,0.0,1.3192379783038086,4.9902594815
128520,1.3192435090238495,,0.0,1.3192435090238495,4.9758182693
128525,1.3192491158438435,,0.0,1.3192491158438435,4.9505290183
128530,1.3192547970172344,,0.0,1.3192547970172344,4.9398676177
128535,1.3192605491756635,,0.0,1.3192605491756635,4.9286743341
128540,1.3192663679527405,,0.0,1.3192663679527405,4.9205253999
128545,1.3192722478592878,,0.0,1.3192722478592878,4.9274933291
128550,1.3192781815348185,,0.0,1.3192781815348185,4.9366271751
128555,1.319284160995075,,0.0,1.319284160995075,4.9312516131
128560,1.3192901767587522,,0.0,1.3192901767587522,4.9264296685
128565,1.3192962179722492,,0.0,1.3192962179722492,4.9224755831
128570,1.319302273033443,,0.0,1.319302273033443,4.9253319464
128575,1.319308329092669,,0.0,1.319308329092669,4.9219650793
128580,1.3193143728012466,,0.0,1.3193143728012466,4.9116207403
128585,1.31932038968771,,0.0,1.31932038968771,4.9013160965
128590,1.3193263649063298,,0.0,1.3193263649063298,4.8931899442
128595,1.3193322831123617,,0.0,1.3193322831123617,4.8946310276
128600,1.3193381283372911,,0.0,1.3193381283372911,4.8952804305
128605,1.319343884612603,,0.0,1.319343884612603,4.8931080046
128610,1.3193495355955207,,0.0,1.3193495355955207,4.8919408684
128615,1.3193550650680212,,0.0,1.3193550650680212,4.8924280632
128620,1.3193604600556867,,0.0,1.3193604600556867,4.908929595
128625,1.3193657084573764,,0.0,1.3193657084573764,4.9257798464
128630,1.3193707933065442,,0.0,1.3193707933065442,4.9337837108
128635,1.3193756980109046,,0.0,1.3193756980109046,4.9307600221
128640,1.319380406976205,,0.0,1.319380406976205,4.922968873
128645,1.3193849056062246,,0.0,1.3193849056062246,4.9127038315
128650,1.3193891801780218,,0.0,1.3193891801780218,4.8998881386
128655,1.31939321871521,,0.0,1.31939321871521,4.8893822724
128660,1.3193970103641892,,0.0,1.3193970103641892,4.8803755726
128665,1.3194005462674243,,0.0,1.3194005462674243,4.8748352489
128670,1.3194038191891817,,0.0,1.3194038191891817,4.8694605772
128675,1.3194068240145467,,0.0,1.3194068240145467,4.8673172807
128680,1.3194095576246685,,0.0,1.3194095576246685,4.8681016987
128685,1.3194120190215153,,0.0,1.3194120190215153,4.8841554892
128690,1.319414209203119,,0.0,1.319414209203119,4.9060675699
128695,1.3194161314130841,,0.0,1.3194161314130841,4.9349212221
128700,1.319417791015834,,0.0,1.319417791015834,4.9592201398
128705,1.3194191953718555,,0.0,1.3194191953718555,4.9777509658
128710,1.3194203540872083,,0.0,1.3194203540872083,4.9855306906
128715,1.3194212782650006,,0.0,1.3194212782650006,4.982972558
128720,1.3194219811291583,,0.0,1.3194219811291583,4.9716261386
128725,1.3194224774006564,,0.0,1.3194224774006564,4.9539067304
128730,1.3194227836717796,,0.0,1.3194227836717796,4.9295276054
128735,1.3194229175328447,,0.0,1.3194229175328447,4.9071670418
128740,1.3194228970731852,,0.0,1.3194228970731852,4.890003006
128745,1.3194227420039362,,0.0,1.3194227420039362,4.8667289257
128750,1.3194224721609873,,0.0,1.3194224721609873,4.8677229226
128755,1.3194221083782602,,0.0,1.3194221083782602,4.8669781261
128760,1.3194216712401685,,0.0,1.3194216712401685,4.8587761756
128765,1.3194211817053878,,0.0,1.3194211817053878,4.8452854938
128770,1.3194206606078394,,0.0,1.3194206606078394,4.8349771389
128775,1.319420128157675,,0.0,1.319420128157675,4.8326865181
128780,1.319419603941276,,0.0,1.319419603941276,4.829932485
128785,1.3194191070460082,,0.0,1.3194191070460082,4.8299167554
128790,1.3194186550621878,,0.0,1.3194186550621878,4.8425068072
128795,1.3194182649563622,,0.0,1.3194182649563622,4.8518915093
128800,1.3194179516990137,,0.0,1.3194179516990137,4.8589709974
128805,1.3194177292625933,,0.0,1.3194177292625933,4.8599439845
128810,1.3194176096234864,,0.0,1.3194176096234864,4.8610869498
128815,1.3194176030115232,,0.0,1.3194176030115232,4.8639655799
128820,1.3194177179099773,,0.0,1.3194177179099773,4.8758199442
128825,1.3194179608060574,,0.0,1.3194179608060574,4.8943795125
128830,1.3194183359414005,,0.0,1.3194183359414005,4.9104150597
128835,1.3194188456863325,,0.0,1.3194188456863325,4.9190172735
128840,1.3194194905398704,,0.0,1.3194194905398704,4.9233364855
128845,1.3194202685059495,,0.0,1.3194202685059495,4.9134172613
128850,1.3194211759667027,,0.0,1.3194211759667027,4.8936556281
128855,1.3194222073081996,,0.0,1.3194222073081996,4.866635651
128860,1.3194233550451984,,0.0,1.3194233550451984,4.8591926207
128865,1.3194246100706561,,0.0,1.3194246100706561,4.8448373345
128870,1.3194259615309725,,0.0,1.3194259615309725,4.833273827
128875,1.3194273976992692,,0.0,1.3194273976992692,4.8173541154
128880,1.3194289051021129,,0.0,1.3194289051021129,4.7920947745
128885,1.3194304693927899,,0.0,1.3194304693927899,4.7649927026
128890,1.319432075101802,,0.0,1.319432075101802,4.7460480464
128895,1.3194337063853891,,0.0,1.3194337063853891,4.7191724041
128900,1.3194353467760196,,0.0,1.3194353467760196,4.7080867649
128905,1.3194369798061625,,0.0,1.3194369798061625,4.6966673466
128910,1.3194385895073035,,0.0,1.3194385895073035,4.7019033023
128915,1.3194401597861738,,0.0,1.3194401597861738,4.7081189936
128920,1.3194416759217988,,0.0,1.3194416759217988,4.7262374134
128925,1.3194431236922197,,0.0,1.3194431236922197,4.73444789
128930,1.3194444901230185,,0.0,1.3194444901230185,4.7247945522
128935,1.3194457637368253,,0.0,1.3194457637368253,4.7253764329
128940,1.3194469340543022,,0.0,1.3194469340543022,4.7401928063
128945,1.3194479920931597,,0.0,1.3194479920931597,4.7515100983
128950,1.3194489302434023,,0.0,1.3194489302434023,4.7583255113
128955,1.3194497423920832,,0.0,1.3194497423920832,4.7598628025
128960,1.3194504235490414,,0.0,1.3194504235490414,4.7594701581
128965,1.319450969722148,,0.0,1.319450969722148,4.754511288
128970,1.3194513782915687,,0.0,1.3194513782915687,4.7430558485
128975,1.3194516475107474,,0.0,1.3194516475107474,4.7270961798
128980,1.3194517766311598,,0.0,1.3194517766311598,4.7278413552
128985,1.31945176577756,,0.0,1.31945176577756,4.7319329906
128990,1.319451616072734,,0.0,1.319451616072734,4.7454121334
128995,1.3194513293879921,,0.0,1.3194513293879921,4.7672492045
129000,1.3194509074698912,,0.0,1.3194509074698912,4.7825834163
129005,1.3194503526887569,,0.0,1.3194503526887569,4.7909078843
129010,1.3194496682881942,,0.0,1.3194496682881942,4.7928448238
129015,1.3194488583850859,,0.0,1.3194488583850859,4.7939565187
129020,1.3194479274705764,,0.0,1.3194479274705764,4.7931951164
129025,1.3194468816576133,,0.0,1.3194468816576133,4.7892759457
129030,1.319445733047336,,0.0,1.319445733047336,4.7842145525
129035,1.3194444878774463,,0.0,1.3194444878774463,4.7807842832
129040,1.3194431518866285,,0.0,1.3194431518866285,4.7752666272
129045,1.3194417308135682,,0.0,1.3194417308135682,4.7716597442
129050,1.3194402313949822,,0.0,1.3194402313949822,4.7752227065
129055,1.319438660617096,,0.0,1.319438660617096,4.7892913562
129060,1.3194370259651507,,0.0,1.3194370259651507,4.815785568
129065,1.3194353351738954,,0.0,1.3194353351738954,4.8412992855
129070,1.3194335962275878,,0.0,1.3194335962275878,4.8669500296
129075,1.3194318173599935,,0.0,1.3194318173599935,4.884294531
129080,1.3194300069296316,,0.0,1.3194300069296316,4.8975205525
129085,1.3194281731702677,,0.0,1.3194281731702677,4.9123120617
129090,1.3194263244404212,,0.0,1.3194263244404212,4.9169245927
129095,1.3194244687243495,,0.0,1.3194244687243495,4.9179559782
129100,1.319422613881556,,0.0,1.319422613881556,4.9134923539
129105,1.319420767397282,,0.0,1.319420767397282,4.9137733293
129110,1.3194189361329984,,0.0,1.3194189361329984,4.9056822487
129115,1.3194171265759147,,0.0,1.3194171265759147,4.904420087
129120,1.3194153444647159,,0.0,1.3194153444647159,4.9035657951
129125,1.3194135949143164,,0.0,1.3194135949143164,4.9039831455
129130,1.3194118819168454,,0.0,1.3194118819168454,4.9190646055
129135,1.3194102089654154,,0.0,1.3194102089654154,4.9537525524
129140,1.3194085784303529,,0.0,1.3194085784303529,4.9887348222
129145,1.3194069916839517,,0.0,1.3194069916839517,5.0138513424
129150,1.3194054494747363,,0.0,1.3194054494747363,5.0415433295
129155,1.3194039513036904,,0.0,1.3194039513036904,5.0583560582
129160,1.3194024961727822,,0.0,1.3194024961727822,5.0642886144
129165,1.3194010820859472,,0.0,1.3194010820859472,5.0586391575
129170,1.3193997065481047,,0.0,1.3193997065481047,5.0449893301
129175,1.3193983663156503,,0.0,1.3193983663156503,5.0190475081
129180,1.3193970581449797,,0.0,1.3193970581449797,4.9875273728
129185,1.3193957786677337,,0.0,1.3193957786677337,4.9659642466
129190,1.3193945246403083,,0.0,1.3193945246403083,4.9591998413
129195,1.3193932925695906,,0.0,1.3193932925695906,4.9590850976
129200,1.3193920797109924,,0.0,1.3193920797109924,4.9646040285
129205,1.3193908874368079,,0.0,1.3193908874368079,4.9688205659
129210,1.3193897152480205,,0.0,1.3193897152480205,4.9656293222
129215,1.3193885597762722,,0.0,1.3193885597762722,4.9623143418
129220,1.3193874187759904,,0.0,1.3193874187759904,4.9693428134
129225,1.3193862907501268,,0.0,1.3193862907501268,4.9821310788
129230,1.3193851749501575,,0.0,1.3193851749501575,4.9885364937
129235,1.3193840721246062,,0.0,1.3193840721246062,4.9983689162
129240,1.3193829836457676,,0.0,1.3193829836457676,5.0084834141
129245,1.3193819117592138,,0.0,1.3193819117592138,5.0226141613
129250,1.3193808599580574,,0.0,1.3193808599580574,5.0358008008
129255,1.319379831984919,,0.0,1.319379831984919,5.0387873058
129260,1.3193788325804519,,0.0,1.3193788325804519,5.044582983
129265,1.3193778666100624,,0.0,1.3193778666100624,5.0573092586
129270,1.3193769390639116,,0.0,1.3193769390639116,5.0694656059
129275,1.3193760549321603,,0.0,1.3193760549321603,5.0685871899
129280,1.3193752190802155,,0.0,1.3193752190802155,5.0629347375
129285,1.3193744352506973,,0.0,1.3193744352506973,5.0645556247
129290,1.3193737069367193,,0.0,1.3193737069367193,5.0570793478
129295,1.3193730351363127,,0.0,1.3193730351363127,5.0368948418
129300,1.3193724176039057,,0.0,1.3193724176039057,5.0185571324
129305,1.3193718522186797,,0.0,1.3193718522186797,5.0147771861
129310,1.3193713382321106,,0.0,1.3193713382321106,5.0142081029
129315,1.319370874521412,,0.0,1.319370874521412,5.0112531074
129320,1.3193704599637983,,0.0,1.3193704599637983,5.0042621568
129325,1.3193700933117287,,0.0,1.3193700933117287,4.9743382529
129330,1.3193697734424172,,0.0,1.3193697734424172,4.9498142524
129335,1.3193694981102917,,0.0,1.3193694981102917,4.9362238239
129340,1.3193692649450253,,0.0,1.3193692649450253,4.9141829137
129345,1.3193690707030135,,0.0,1.3193690707030135,4.8947119977
129350,1.3193689112673739,,0.0,1.3193689112673739,4.8815518728
129355,1.3193687817726993,,0.0,1.3193687817726993,4.8731350111
129360,1.3193686763555512,,0.0,1.3193686763555512,4.8735170882
129365,1.3193685884039659,,0.0,1.3193685884039659,4.8767406706
129370,1.3193685103079482,,0.0,1.3193685103079482,4.879775306
129375,1.319368433584225,,0.0,1.319368433584225,4.8920200334
129380,1.3193683492505064,,0.0,1.3193683492505064,4.8919615252
129385,1.3193682472017167,,0.0,1.3193682472017167,4.8935453837
129390,1.3193681165842561,,0.0,1.3193681165842561,4.8992317601
129395,1.3193679465445245,,0.0,1.3193679465445245,4.8997159001
129400,1.3193677256051524,,0.0,1.3193677256051524,4.8944977937
129405,1.3193674420392612,,0.0,1.3193674420392612,4.8883157069
129410,1.3193670843694811,,0.0,1.3193670843694811,4.8820130153
129415,1.3193666411184424,,0.0,1.3193666411184424,4.8807291925
129420,1.3193661018068066,,0.0,1.3193661018068066,4.880532804
129425,1.319365456703761,,0.0,1.319365456703761,4.8971354957
129430,1.3193646975755393,,0.0,1.3193646975755393,4.9167653693
129435,1.3193638178101788,,0.0,1.3193638178101788,4.9428157576
129440,1.319362815411615,,0.0,1.319362815411615,4.9616722373
129445,1.3193616888827997,,0.0,1.3193616888827997,4.9770597052
129450,1.3193604377247168,,0.0,1.3193604377247168,4.982706631
129455,1.3193590645572009,,0.0,1.3193590645572009,4.992331696
129460,1.3193575710020538,,0.0,1.3193575710020538,4.9984008754
129465,1.3193559606771426,,0.0,1.3193559606771426,4.99638995
129470,1.3193542470559017,,0.0,1.3193542470559017,4.9817710278
129475,1.3193524462315993,,0.0,1.3193524462315993,4.967191228
129480,1.3193505756697992,,0.0,1.3193505756697992,4.9566072172
129485,1.3193486555806522,,0.0,1.3193486555806522,4.9517992582
129490,1.319346709417915,,0.0,1.319346709417915,4.94860985
129495,1.319344755769936,,0.0,1.319344755769936,4.9547725355
129500,1.3193428127260494,,0.0,1.3193428127260494,4.9731020859
129505,1.319340896629031,,0.0,1.319340896629031,5.0092891019
129510,1.319339021950348,,0.0,1.319339021950348,5.0367107058
129515,1.3193372002921244,,0.0,1.3193372002921244,5.0562056742
129520,1.3193354401376332,,0.0,1.3193354401376332,5.0716737508
129525,1.3193337461027734,,0.0,1.3193337461027734,5.087109464
129530,1.3193321190608234,,0.0,1.3193321190608234,5.1011887107
129535,1.3193305562671944,,0.0,1.3193305562671944,5.113857749
129540,1.3193290503613992,,0.0,1.3193290503613992,5.1176787451
129545,1.3193275907393465,,0.0,1.3193275907393465,5.1106571077
129550,1.3193261630543227,,0.0,1.3193261630543227,5.1084611003
129555,1.3193247500902738,,0.0,1.3193247500902738,5.1011625787
129560,1.3193233357539307,,0.0,1.3193233357539307,5.0851454195
129565,1.3193218989618636,,0.0,1.3193218989618636,5.0712893044
129570,1.319320413390974,,0.0,1.319320413390974,5.0564434689
129575,1.3193188517201313,,0.0,1.3193188517201313,5.0644605371
129580,1.3193171942381998,,0.0,1.3193171942381998,5.0899106682
129585,1.3193154227310928,,0.0,1.3193154227310928,5.1233743973
129590,1.319313520856033,,0.0,1.319313520856033,5.1571617814
129595,1.3193114751395865,,0.0,1.3193114751395865,5.1892225072
129600,1.319309275351923,,0.0,1.319309275351923,5.2201625273
129605,1.319306914631572,,0.0,1.319306914631572,5.2410039028
129610,1.31930439010919,,0.0,1.31930439010919,5.252610931
129615,1.3193017037808425,,0.0,1.3193017037808425,5.2534883916
129620,1.3192988607614435,,0.0,1.3192988607614435,5.2395970688
129625,1.3192958676629567,,0.0,1.3192958676629567,5.2188594035
129630,1.3192927312220988,,0.0,1.3192927312220988,5.1892902212
129635,1.3192894684054173,,0.0,1.3192894684054173,5.1609482139
129640,1.3192860999220792,,0.0,1.3192860999220792,5.1433741142
129645,1.319282649475349,,0.0,1.319282649475349,5.1540719117
129650,1.319279141142753,,0.0,1.319279141142753,5.1591823349
129655,1.319275600498865,,0.0,1.319275600498865,5.1564191054
129660,1.319272052868752,,0.0,1.319272052868752,5.1490221011
129665,1.3192685230784642,,0.0,1.3192685230784642,5.149172271
129670,1.3192650352055273,,0.0,1.3192650352055273,5.1568551429
129675,1.319261612703698,,0.0,1.319261612703698,5.157807762
129680,1.3192582781534539,,0.0,1.3192582781534539,5.1566212447
129685,1.319255052887733,,0.0,1.319255052887733,5.1608281628
129690,1.319251956118654,,0.0,1.319251956118654,5.1781424435
129695,1.3192490045632563,,0.0,1.3192490045632563,5.192477367
129700,1.319246211944482,,0.0,1.319246211944482,5.1925895329
129705,1.3192435887416691,,0.0,1.3192435887416691,5.190066896
129710,1.319241141317273,,0.0,1.319241141317273,5.1999089159
129715,1.3192388721663737,,0.0,1.3192388721663737,5.2141521424
129720,1.3192367791681527,,0.0,1.3192367791681527,5.2185365092
129725,1.3192348568334336,,0.0,1.3192348568334336,5.2103899558
129730,1.3192330974274666,,0.0,1.3192330974274666,5.2038141954
129735,1.3192314881005873,,0.0,1.3192314881005873,5.2019570754
129740,1.3192300115119875,,0.0,1.3192300115119875,5.1968833926
129745,1.319228647825777,,0.0,1.319228647825777,5.1871618185
129750,1.3192273748357404,,0.0,1.3192273748357404,5.1730850581
129755,1.3192261690881215,,0.0,1.3192261690881215,5.1606692397
129760,1.3192250061311317,,0.0,1.3192250061311317,5.1564132419
129765,1.3192238613882292,,0.0,1.3192238613882292,5.1444533031
129770,1.3192227106571337,,0.0,1.3192227106571337,5.1247014592
129775,1.319221530608843,,0.0,1.319221530608843,5.1017038701
129780,1.319220299660912,,0.0,1.319220299660912,5.0776188313
129785,1.3192189997240065,,0.0,1.3192189997240065,5.0561214151
129790,1.319217612334532,,0.0,1.319217612334532,5.0288032481
129795,1.3192161211497113,,0.0,1.3192161211497113,5.0096745525
129800,1.3192145125713566,,0.0,1.3192145125713566,5.0082904114
129805,1.3192127752468514,,0.0,1.3192127752468514,5.0068974804
129810,1.3192109006929222,,0.0,1.3192109006929222,5.0006865003
129815,1.3192088827966226,,0.0,1.3192088827966226,5.0066686002
129820,1.3192067183143472,,0.0,1.3192067183143472,5.0176338296
129825,1.3192044056242944,,0.0,1.3192044056242944,5.0205444841
129830,1.319201945724496,,0.0,1.319201945724496,5.0165359765
129835,1.3191993412347862,,0.0,1.3191993412347862,5.0202683787
129840,1.3191965965215566,,0.0,1.3191965965215566,5.0316592769
129845,1.3191937168244754,,0.0,1.3191937168244754,5.0432855926
129850,1.319190708630752,,0.0,1.319190708630752,5.0575846055
129855,1.3191875791761192,,0.0,1.3191875791761192,5.0643010077
129860,1.3191843365695892,,0.0,1.3191843365695892,5.0701760992
129865,1.3191809892944346,,0.0,1.3191809892944346,5.0899411545
129870,1.3191775454596677,,0.0,1.3191775454596677,5.1178333269
129875,1.3191740125505291,,0.0,1.3191740125505291,5.1411308246
129880,1.3191703986760308,,0.0,1.3191703986760308,5.1662465704
129885,1.3191667121946915,,0.0,1.3191667121946915,5.1861877423
129890,1.3191629615897853,,0.0,1.3191629615897853,5.1994701046
129895,1.3191591557188476,,0.0,1.3191591557188476,5.1951644825
129900,1.3191553034394137,,0.0,1.3191553034394137,5.2028175003
129905,1.3191514137337734,,0.0,1.3191514137337734,5.2075168044
129910,1.3191474955842162,,0.0,1.3191474955842162,5.2036398499
129915,1.3191435577235235,,0.0,1.3191435577235235,5.1815823562
129920,1.319139608759723,,0.0,1.319139608759723,5.1542008999
129925,1.3191356569265795,,0.0,1.3191356569265795,5.1352692692
129930,1.3191317099588435,,0.0,1.3191317099588435,5.1196338037
129935,1.3191277753417552,,0.0,1.3191277753417552,5.1134021595
129940,1.3191238596872785,,0.0,1.3191238596872785,5.1149465937
129945,1.3191199692331141,,0.0,1.3191199692331141,5.1307845841
129950,1.3191161092189307,,0.0,1.3191161092189307,5.1645080172
129955,1.3191122843853818,,0.0,1.3191122843853818,5.1956305359
129960,1.3191084984750874,,0.0,1.3191084984750874,5.2206668341
129965,1.3191047543573904,,0.0,1.3191047543573904,5.2433170349
129970,1.3191010545273707,,0.0,1.3191010545273707,5.2514841048
129975,1.3190974004820775,,0.0,1.3190974004820775,5.2570121964
129980,1.319093793219542,,0.0,1.319093793219542,5.2645821995
129985,1.3190902328645189,,0.0,1.3190902328645189,5.2661860587
129990,1.3190867192922535,,0.0,1.3190867192922535,5.262979415
129995,1.3190832520037306,,0.0,1.3190832520037306,5.2537085855
130000,1.3190798297514092,,0.0,1.3190798297514092,5.239791354
130005,1.3190764509134876,,0.0,1.3190764509134876,5.220128211
130010,1.3190731148661952,,0.0,1.3190731148661952,5.2044631501
130015,1.3190698194887138,,0.0,1.3190698194887138,5.1916061521
130020,1.3190665631592413,,0.0,1.3190665631592413,5.2019964389
130025,1.3190633440064672,,0.0,1.3190633440064672,5.2232579907
130030,1.3190601604085894,,0.0,1.3190601604085894,5.2518611008
130035,1.3190570111180673,,0.0,1.3190570111180673,5.2892726661
130040,1.319053895136869,,0.0,1.319053895136869,5.3213413494
130045,1.3190508110927004,,0.0,1.3190508110927004,5.3450567972
130050,1.319047757862775,,0.0,1.319047757862775,5.3647426828
130055,1.3190447345738148,,0.0,1.3190447345738148,5.3745045332
130060,1.319041740726804,,0.0,1.319041740726804,5.37324661
130065,1.3190387754484638,,0.0,1.3190387754484638,5.3636204524
130070,1.3190358376160085,,0.0,1.3190358376160085,5.342059452
130075,1.3190329264809137,,0.0,1.3190329264809137,5.3129050145
130080,1.3190300411699016,,0.0,1.3190300411699016,5.285482138
130085,1.3190271806849398,,0.0,1.3190271806849398,5.2754621009
130090,1.3190243441527498,,0.0,1.3190243441527498,5.2812617727
130095,1.3190215303257922,,0.0,1.3190215303257922,5.2880178352
130100,1.319018737831772,,0.0,1.319018737831772,5.2962200665
130105,1.3190159649241333,,0.0,1.3190159649241333,5.2981366427
130110,1.3190132098563196,,0.0,1.3190132098563196,5.2951250555
130115,1.3190104703827588,,0.0,1.3190104703827588,5.3000302964
130120,1.3190077442578783,,0.0,1.3190077442578783,5.3007476291
130125,1.3190050288618436,,0.0,1.3190050288618436,5.2995133264
130130,1.3190023214500661,,0.0,1.3190023214500661,5.3079285734
130135,1.3189996192779576,,0.0,1.3189996192779576,5.3187998765
130140,1.3189969203494536,,0.0,1.3189969203494536,5.3209832486
130145,1.3189942217952118,,0.0,1.3189942217952118,5.3181334254
130150,1.3189915206211356,,0.0,1.3189915206211356,5.3196733556
130155,1.3189888139578823,,0.0,1.3189888139578823,5.3462190643
130160,1.3189860993103717,,0.0,1.3189860993103717,5.3712728804
130165,1.3189833745577852,,0.0,1.3189833745577852,5.3983730965
130170,1.3189806382030749,,0.0,1.3189806382030749,5.4202031783
130175,1.3189778889987003,,0.0,1.3189778889987003,5.4391621494
130180,1.3189751264456453,,0.0,1.3189751264456453,5.4526046774
130185,1.3189723506686641,,0.0,1.3189723506686641,5.4563180035
130190,1.3189695621667727,,0.0,1.3189695621667727,5.4488875636
130195,1.3189667624370194,,0.0,1.3189667624370194,5.4328463268
130200,1.3189639533507143,,0.0,1.3189639533507143,5.4124145986
130205,1.318961137278184,,0.0,1.318961137278184,5.398546409
130210,1.3189583170887713,,0.0,1.3189583170887713,5.3779881376
130215,1.318955496525096,,0.0,1.318955496525096,5.3522146644
130220,1.3189526797040418,,0.0,1.3189526797040418,5.3237508516
130225,1.318949870368229,,0.0,1.318949870368229,5.3116846958
130230,1.3189470720107697,,0.0,1.3189470720107697,5.2921181091
130235,1.3189442884990392,,0.0,1.3189442884990392,5.2727597655
130240,1.3189415232013957,,0.0,1.3189415232013957,5.2483556883
130245,1.3189387798604602,,0.0,1.3189387798604602,5.2198218691
130250,1.3189360614703287,,0.0,1.3189360614703287,5.2000446702
130255,1.3189333712746065,,0.0,1.3189333712746065,5.1959524152
130260,1.3189307117683733,,0.0,1.3189307117683733,5.2008294379
130265,1.318928085321956,,0.0,1.318928085321956,5.208426845
130270,1.3189254938066646,,0.0,1.3189254938066646,5.2178113235
130275,1.3189229385947936,,0.0,1.3189229385947936,5.2220494946
130280,1.3189204206843754,,0.0,1.3189204206843754,5.2185111922
130285,1.3189179404496714,,0.0,1.3189179404496714,5.2308003956
130290,1.3189154980154358,,0.0,1.3189154980154358,5.2372851669
130295,1.318913092633145,,0.0,1.318913092633145,5.2419286481
130300,1.318910723679028,,0.0,1.318910723679028,5.2479045291
130305,1.3189083896560376,,0.0,1.3189083896560376,5.2722118676
130310,1.3189060890671247,,0.0,1.3189060890671247,5.2986334729
130315,1.3189038196667173,,0.0,1.3189038196667173,5.3176203011
130320,1.3189015794587509,,0.0,1.3189015794587509,5.3309332892
130325,1.3188993658233912,,0.0,1.3188993658233912,5.3460577216
130330,1.3188971763903115,,0.0,1.3188971763903115,5.3619159046
130335,1.3188950097872179,,0.0,1.3188950097872179,5.3725954774
130340,1.3188928636437838,,0.0,1.3188928636437838,5.3644461582
130345,1.318890735090667,,0.0,1.318890735090667,5.35739393
130350,1.3188886230050805,,0.0,1.3188886230050805,5.3470073619
130355,1.318886525266207,,0.0,1.318886525266207,5.3343355658
130360,1.3188844392542114,,0.0,1.3188844392542114,5.315350279
130365,1.3188823625987673,,0.0,1.3188823625987673,5.2941081604
130370,1.3188802935533188,,0.0,1.3188802935533188,5.2760907086
130375,1.3188782306208169,,0.0,1.3188782306208169,5.2616351594
130380,1.3188761728032303,,0.0,1.3188761728032303,5.2546670043
130385,1.3188741196015423,,0.0,1.3188741196015423,5.2510451429
130390,1.318872071140507,,0.0,1.318872071140507,5.2570887131
130395,1.318870027669633,,0.0,1.318870027669633,5.2617696209
130400,1.3188679904364597,,0.0,1.3188679904364597,5.2802309937
130405,1.3188659609380358,,0.0,1.3188659609380358,5.2971429162
130410,1.3188639410456717,,0.0,1.3188639410456717,5.3201416619
130415,1.3188619332544476,,0.0,1.3188619332544476,5.3402504098
130420,1.318859940184198,,0.0,1.318859940184198,5.3488441579
130425,1.3188579650785277,,0.0,1.3188579650785277,5.3562066425
130430,1.3188560114305488,,0.0,1.3188560114305488,5.3626074706
130435,1.3188540826086206,,0.0,1.3188540826086206,5.3562334257
130440,1.3188521823553632,,0.0,1.3188521823553632,5.3445747001
130445,1.3188503144133972,,0.0,1.3188503144133972,5.3255994748
130450,1.3188484825253437,,0.0,1.3188484825253437,5.3084682129
130455,1.318846690309069,,0.0,1.318846690309069,5.2967130909
130460,1.3188449412576857,,0.0,1.3188449412576857,5.2923709158
130465,1.3188432382405366,,0.0,1.3188432382405366,5.3019578269
130470,1.3188415841269638,,0.0,1.3188415841269638,5.330366756
130475,1.3188399806635238,,0.0,1.3188399806635238,5.3589365889
130480,1.3188384293472648,,0.0,1.3188384293472648,5.3902158986
130485,1.3188369308019572,,0.0,1.3188369308019572,5.4215847852
130490,1.3188354850276003,,0.0,1.3188354850276003,5.449461477
130495,1.3188340909014087,,0.0,1.3188340909014087,5.4657944239
130500,1.3188327466768257,,0.0,1.3188327466768257,5.4726900484
130505,1.3188314498587708,,0.0,1.3188314498587708,5.4777278925
130510,1.3188301968293776,,0.0,1.3188301968293776,5.4672708829
130515,1.3188289833470093,,0.0,1.3188289833470093,5.4493845274
130520,1.318827804296751,,0.0,1.318827804296751,5.425638399
130525,1.3188266540646716,,0.0,1.3188266540646716,5.4015059015
130530,1.318825526537824,,0.0,1.318825526537824,5.3844649512
130535,1.318824414729983,,0.0,1.318824414729983,5.3736960835
130540,1.318823311779678,,0.0,1.318823311779678,5.3704120162
130545,1.318822210451175,,0.0,1.318822210451175,5.3656445568
130550,1.3188211036334951,,0.0,1.3188211036334951,5.3683829206
130555,1.3188199844651671,,0.0,1.3188199844651671,5.3704313906
130560,1.3188188462094739,,0.0,1.3188188462094739,5.3774437934
130565,1.3188176827534681,,0.0,1.3188176827534681,5.3797084789
130570,1.318816487984203,,0.0,1.318816487984203,5.3765663182
130575,1.3188152567867637,,0.0,1.3188152567867637,5.3846593402
130580,1.318813985044267,,0.0,1.318813985044267,5.4051940288
130585,1.3188126691388469,,0.0,1.3188126691388469,5.4120333304
130590,1.3188113067001765,,0.0,1.3188113067001765,5.4089848676
130595,1.3188098962312083,,0.0,1.3188098962312083,5.4088933384
130600,1.3188084376071874,,0.0,1.3188084376071874,5.4333379008
130605,1.3188069315766382,,0.0,1.3188069315766382,5.4645662257
130610,1.3188053801356252,,0.0,1.3188053801356252,5.4974431703
130615,1.318803786402999,,0.0,1.318803786402999,5.5232820277
130620,1.318802154246134,,0.0,1.318802154246134,5.5442543253
130625,1.3188004886551912,,0.0,1.3188004886551912,5.5598040492
130630,1.3187987952441016,,0.0,1.3187987952441016,5.5714745247
130635,1.3187970801258124,,0.0,1.3187970801258124,5.5697083533
130640,1.3187953500370404,,0.0,1.3187953500370404,5.5581091887
130645,1.3187936115897492,,0.0,1.3187936115897492,5.532721052
130650,1.3187918718949174,,0.0,1.3187918718949174,5.5000411605
130655,1.3187901375645088,,0.0,1.3187901375645088,5.4680123811
130660,1.3187884145867161,,0.0,1.3187884145867161,5.4362912268
130665,1.3187867087002243,,0.0,1.3187867087002243,5.413117446
130670,1.3187850246456865,,0.0,1.3187850246456865,5.3955062911
130675,1.3187833659162147,,0.0,1.3187833659162147,5.3703100851
130680,1.318781734882136,,0.0,1.318781734882136,5.3420094752
130685,1.3187801326662363,,0.0,1.3187801326662363,5.3248532804
130690,1.3187785583952372,,0.0,1.3187785583952372,5.303253926
130695,1.3187770103225829,,0.0,1.3187770103225829,5.2910977049
130700,1.3187754847056525,,0.0,1.3187754847056525,5.2885377223
130705,1.318773976304777,,0.0,1.318773976304777,5.2928464781
130710,1.3187724783832393,,0.0,1.3187724783832393,5.2991491019
130715,1.3187709824577658,,0.0,1.3187709824577658,5.3056694445
130720,1.3187694794213134,,0.0,1.3187694794213134,5.3117199193
130725,1.3187679585450358,,0.0,1.3187679585450358,5.3201273509
130730,1.318766408725825,,0.0,1.318766408725825,5.3341705679
130735,1.3187648179872953,,0.0,1.3187648179872953,5.335971761
130740,1.3187631747273223,,0.0,1.3187631747273223,5.3328791567
130745,1.3187614669695202,,0.0,1.3187614669695202,5.3125857737
130750,1.318759683610781,,0.0,1.318759683610781,5.318962673
130755,1.3187578155440611,,0.0,1.3187578155440611,5.3326128576
130760,1.318755853163301,,0.0,1.318755853163301,5.3432340234
130765,1.318753787735719,,0.0,1.318753787735719,5.3439864162
130770,1.3187516120255818,,0.0,1.3187516120255818,5.3365935583
130775,1.3187493200446965,,0.0,1.3187493200446965,5.3371920337
130780,1.3187469080504421,,0.0,1.3187469080504421,5.3395911429
130785,1.318744374421017,,0.0,1.318744374421017,5.3218282574
130790,1.3187417191564206,,0.0,1.3187417191564206,5.3079299401
130795,1.3187389443774717,,0.0,1.3187389443774717,5.2993747562
130800,1.3187360538267905,,0.0,1.3187360538267905,5.2856316005
130805,1.3187330526192922,,0.0,1.3187330526192922,5.2695743456
130810,1.3187299469926776,,0.0,1.3187299469926776,5.2602698288
130815,1.3187267446816966,,0.0,1.3187267446816966,5.2469115283
130820,1.3187234551676543,,0.0,1.3187234551676543,5.2293587411
130825,1.3187200893041506,,0.0,1.3187200893041506,5.2118747466
130830,1.318716658568556,,0.0,1.318716658568556,5.1982990041
130835,1.3187131751867642,,0.0,1.3187131751867642,5.1930532406
130840,1.3187096523827015,,0.0,1.3187096523827015,5.1991661639
130845,1.3187061036298022,,0.0,1.3187061036298022,5.2168074964
130850,1.3187025430252708,,0.0,1.3187025430252708,5.2325821439
130855,1.318698984167296,,0.0,1.318698984167296,5.2466379532
130860,1.3186954406540656,,0.0,1.3186954406540656,5.2469533014
130865,1.3186919255847522,,0.0,1.3186919255847522,5.2464502577
130870,1.3186884506862337,,0.0,1.3186884506862337,5.2515149102
130875,1.3186850269368644,,0.0,1.3186850269368644,5.2470791433
130880,1.3186816633189329,,0.0,1.3186816633189329,5.2332965711
130885,1.3186783675671896,,0.0,1.3186783675671896,5.2217964086
130890,1.318675144796549,,0.0,1.318675144796549,5.2052828853
130895,1.3186719986248776,,0.0,1.3186719986248776,5.1861926392
130900,1.3186689298006997,,0.0,1.3186689298006997,5.1730360702
130905,1.3186659370764746,,0.0,1.3186659370764746,5.1678227649
130910,1.3186630173333524,,0.0,1.3186630173333524,5.172580685
130915,1.318660164458386,,0.0,1.318660164458386,5.1956571915
130920,1.3186573705920717,,0.0,1.3186573705920717,5.2106501868
130925,1.3186546258788419,,0.0,1.3186546258788419,5.2379662559
130930,1.3186519192155886,,0.0,1.3186519192155886,5.2689604186
130935,1.3186492380021557,,0.0,1.3186492380021557,5.3009074149
130940,1.3186465693888791,,0.0,1.3186465693888791,5.3196540282
130945,1.3186438999023242,,0.0,1.3186438999023242,5.324969903
130950,1.318641216568073,,0.0,1.318641216568073,5.3201933008
130955,1.3186385069107234,,0.0,1.3186385069107234,5.3103787005
130960,1.318635759702413,,0.0,1.318635759702413,5.2952045634
130965,1.3186329655865905,,0.0,1.3186329655865905,5.2782992383
130970,1.3186301167037526,,0.0,1.3186301167037526,5.266884507
130975,1.3186272071904603,,0.0,1.3186272071904603,5.2587385276
130980,1.3186242335536007,,0.0,1.3186242335536007,5.2497098065
130985,1.318621194296126,,0.0,1.318621194296126,5.2354306674
130990,1.318618091039838,,0.0,1.318618091039838,5.2277223558
130995,1.3186149272778493,,0.0,1.3186149272778493,5.2281939585
131000,1.3186117092478615,,0.0,1.3186117092478615,5.2328088568
131005,1.3186084450588857,,0.0,1.3186084450588857,5.2380302903
131010,1.3186051445664895,,0.0,1.3186051445664895,5.2403458313
131015,1.3186018193727969,,0.0,1.3186018193727969,5.2509410989
131020,1.3185984820779644,,0.0,1.3185984820779644,5.2797009837
131025,1.31859514628018,,0.0,1.31859514628018,5.306418162
131030,1.3185918255776323,,0.0,1.3185918255776323,5.3209309756
131035,1.3185885338180177,,0.0,1.3185885338180177,5.3306839758
131040,1.3185852843500165,,0.0,1.3185852843500165,5.3459376663
131045,1.3185820896490306,,0.0,1.3185820896490306,5.3791073943
131050,1.3185789611924301,,0.0,1.3185789611924301,5.418256239
131055,1.3185759087110291,,0.0,1.3185759087110291,5.4555387996
131060,1.3185729408128544,,0.0,1.3185729408128544,5.4798889778
131065,1.3185700634860997,,0.0,1.3185700634860997,5.4921504989
131070,1.3185672812219091,,0.0,1.3185672812219091,5.50233972
131075,1.3185645958915937,,0.0,1.3185645958915937,5.5030251358
131080,1.318562007245645,,0.0,1.318562007245645,5.4987813402
131085,1.3185595124147205,,0.0,1.3185595124147205,5.4846611153
131090,1.3185571062839054,,0.0,1.3185571062839054,5.4628768258
131095,1.3185547813679581,,0.0,1.3185547813679581,5.4470344695
131100,1.3185525275618035,,0.0,1.3185525275618035,5.4312559868
131105,1.3185503327643011,,0.0,1.3185503327643011,5.4173244222
131110,1.3185481826287382,,0.0,1.3185481826287382,5.408803964
131115,1.3185460593152902,,0.0,1.3185460593152902,5.3914637084
131120,1.3185439409920028,,0.0,1.3185439409920028,5.360220557
131125,1.3185418045793824,,0.0,1.3185418045793824,5.3413520008
131130,1.318539626124657,,0.0,1.318539626124657,5.3294103464
131135,1.3185373814255457,,0.0,1.3185373814255457,5.319679829
131140,1.3185350452817366,,0.0,1.3185350452817366,5.3108325807
131145,1.3185325923681634,,0.0,1.3185325923681634,5.3077033361
131150,1.3185299986072998,,0.0,1.3185299986072998,5.3150055526
131155,1.3185272412939137,,0.0,1.3185272412939137,5.3195232313
131160,1.3185242992198216,,0.0,1.3185242992198216,5.3175328144
131165,1.3185211531729044,,0.0,1.3185211531729044,5.3202350831
131170,1.3185177854380905,,0.0,1.3185177854380905,5.3360722553
131175,1.3185141806706353,,0.0,1.3185141806706353,5.348040358
131180,1.318510325397105,,0.0,1.318510325397105,5.3521072669
131185,1.3185062082648833,,0.0,1.3185062082648833,5.3571161779
131190,1.3185018207906967,,0.0,1.3185018207906967,5.3632435673
131195,1.3184971564873362,,0.0,1.3184971564873362,5.369074292
131200,1.3184922112379187,,0.0,1.3184922112379187,5.3866424826
131205,1.3184869835453965,,0.0,1.3184869835453965,5.4007054041
131210,1.3184814739087851,,0.0,1.3184814739087851,5.4066292786
131215,1.31847568557169,,0.0,1.31847568557169,5.4129207995
131220,1.3184696235242708,,0.0,1.3184696235242708,5.4272623905
131225,1.3184632948775075,,0.0,1.3184632948775075,5.4300777076
131230,1.318456709112706,,0.0,1.318456709112706,5.4107376671
131235,1.3184498773329736,,0.0,1.3184498773329736,5.3996173841
131240,1.3184428122632206,,0.0,1.3184428122632206,5.3778688904
131245,1.318435528749176,,0.0,1.318435528749176,5.3666442446
131250,1.3184280430088622,,0.0,1.3184280430088622,5.3465868102
131255,1.3184203731316124,,0.0,1.3184203731316124,5.3209656777
131260,1.3184125384543002,,0.0,1.3184125384543002,5.296530536
131265,1.3184045599356011,,0.0,1.3184045599356011,5.2672760918
131270,1.3183964596569766,,0.0,1.3183964596569766,5.2416887964
131275,1.3183882611969375,,0.0,1.3183882611969375,5.2116834562
131280,1.3183799890072714,,0.0,1.3183799890072714,5.1952131404
131285,1.3183716685377989,,0.0,1.3183716685377989,5.1874676186
131290,1.3183633257373566,,0.0,1.3183633257373566,5.1901634123
131295,1.3183549870537967,,0.0,1.3183549870537967,5.1929063758
131300,1.3183466788102185,,0.0,1.3183466788102185,5.1897236233
131305,1.31833842732972,,0.0,1.31833842732972,5.1815174679
131310,1.3183302579373677,,0.0,1.3183302579373677,5.1624579808
131315,1.31832219508495,,0.0,1.31832219508495,5.1465914316
131320,1.3183142616024526,,0.0,1.3183142616024526,5.1410369259
131325,1.3183064786980592,,0.0,1.3183064786980592,5.1408335656
131330,1.3182988652096272,,0.0,1.3182988652096272,5.1364368111
131335,1.3182914377294415,,0.0,1.3182914377294415,5.137453303
131340,1.3182842103547066,,0.0,1.3182842103547066,5.1335156647
131345,1.3182771939390223,,0.0,1.3182771939390223,5.1314646274
131350,1.31827039721517,,0.0,1.31827039721517,5.1257094261
131355,1.3182638252980645,,0.0,1.3182638252980645,5.1335539398
131360,1.3182574811818029,,0.0,1.3182574811818029,5.150225239
131365,1.318251363119828,,0.0,1.318251363119828,5.1680405022
131370,1.3182454657477178,,0.0,1.3182454657477178,5.1920552514
131375,1.318239781081214,,0.0,1.318239781081214,5.2209100037
131380,1.318234300262782,,0.0,1.318234300262782,5.2502551662
131385,1.3182290134368535,,0.0,1.3182290134368535,5.2698796306
131390,1.3182239098745827,,0.0,1.3182239098745827,5.2824341536
131395,1.3182189784728617,,0.0,1.3182189784728617,5.2900008267
131400,1.3182142077543209,,0.0,1.3182142077543209,5.2855833504
131405,1.3182095862415895,,0.0,1.3182095862415895,5.2705613508
131410,1.3182051027068062,,0.0,1.3182051027068062,5.2450038065
131415,1.3182007455478468,,0.0,1.3182007455478468,5.2204420421
131420,1.3181965040358654,,0.0,1.3181965040358654,5.1990043343
131425,1.3181923673172624,,0.0,1.3181923673172624,5.1764739145
131430,1.3181883247879456,,0.0,1.3181883247879456,5.1484462357
131435,1.3181843664675934,,0.0,1.3181843664675934,5.1272695129
131440,1.3181804822511298,,0.0,1.3181804822511298,5.123234384
131445,1.3181766629067577,,0.0,1.3181766629067577,5.1370939311
131450,1.3181728989531711,,0.0,1.3181728989531711,5.1486273967
131455,1.3181691817823429,,0.0,1.3181691817823429,5.1607248889
131460,1.3181655029109989,,0.0,1.3181655029109989,5.179833689
131465,1.3181618542301283,,0.0,1.3181618542301283,5.2236188037
131470,1.318158228129736,,0.0,1.318158228129736,5.2608928751
131475,1.3181546177483499,,0.0,1.3181546177483499,5.2920570549
131480,1.3181510163492534,,0.0,1.3181510163492534,5.3127311553
131485,1.3181474183185158,,0.0,1.3181474183185158,5.3258924921
131490,1.3181438185412215,,0.0,1.3181438185412215,5.3447958992
131495,1.3181402129004884,,0.0,1.3181402129004884,5.3621436164
131500,1.3181365980279578,,0.0,1.3181365980279578,5.3794831203
131505,1.3181329718028112,,0.0,1.3181329718028112,5.3882313464
131510,1.3181293331022623,,0.0,1.3181293331022623,5.3881060679
131515,1.3181256819263114,,0.0,1.3181256819263114,5.3865253691
131520,1.3181220191482363,,0.0,1.3181220191482363,5.3797659871
131525,1.3181183467641018,,0.0,1.3181183467641018,5.3726173371
131530,1.318114668142266,,0.0,1.318114668142266,5.3666275457
131535,1.3181109871501038,,0.0,1.3181109871501038,5.3614849854
131540,1.3181073087777762,,0.0,1.3181073087777762,5.3605481471
131545,1.3181036383897058,,0.0,1.3181036383897058,5.3584891803
131550,1.318099982473102,,0.0,1.318099982473102,5.3490998809
131555,1.318096347515174,,0.0,1.318096347515174,5.3474800653
131560,1.3180927407516545,,0.0,1.3180927407516545,5.3398063505
131565,1.3180891695430312,,0.0,1.3180891695430312,5.3215807965
131570,1.3180856413745459,,0.0,1.3180856413745459,5.2926170558
131575,1.318082163856193,,0.0,1.318082163856193,5.2680286087
131580,1.318078744473214,,0.0,1.318078744473214,5.2484212505
131585,1.3180753905860965,,0.0,1.3180753905860965,5.2412823961
131590,1.3180721093058196,,0.0,1.3180721093058196,5.230460997
131595,1.3180689068700846,,0.0,1.3180689068700846,5.2218114439
131600,1.3180657893918382,,0.0,1.3180657893918382,5.2141140395
131605,1.3180627619859953,,0.0,1.3180627619859953,5.2154499837
131610,1.3180598295179629,,0.0,1.3180598295179629,5.2239474643
131615,1.3180569953560997,,0.0,1.3180569953560997,5.2402103349
131620,1.3180542621202396,,0.0,1.3180542621202396,5.2514644937
131625,1.318051633303496,,0.0,1.318051633303496,5.2531136755
131630,1.3180491109019326,,0.0,1.3180491109019326,5.2483723776
131635,1.3180466932937476,,0.0,1.3180466932937476,5.2585439854
131640,1.3180443769858279,,0.0,1.3180443769858279,5.2699813327
131645,1.3180421576117831,,0.0,1.3180421576117831,5.2759106024
131650,1.3180400290586662,,0.0,1.3180400290586662,5.279726471
131655,1.3180379842154977,,0.0,1.3180379842154977,5.284187845
131660,1.3180360147237584,,0.0,1.3180360147237584,5.2898501154
131665,1.3180341118506662,,0.0,1.3180341118506662,5.304281187
131670,1.3180322661149164,,0.0,1.3180322661149164,5.3231118468
131675,1.3180304664134004,,0.0,1.3180304664134004,5.3298596498
131680,1.3180287007697322,,0.0,1.3180287007697322,5.336175978
131685,1.318026957207526,,0.0,1.318026957207526,5.3278150327
131690,1.3180252236256413,,0.0,1.3180252236256413,5.3206510665
131695,1.3180234882972006,,0.0,1.3180234882972006,5.3130665068
131700,1.3180217398695875,,0.0,1.3180217398695875,5.2986421696
131705,1.3180199679882183,,0.0,1.3180199679882183,5.2884873358
131710,1.3180181631717873,,0.0,1.3180181631717873,5.2725020571
131715,1.3180163178102995,,0.0,1.3180163178102995,5.2519500519
131720,1.3180144255412996,,0.0,1.3180144255412996,5.2384638397
131725,1.3180124814993803,,0.0,1.3180124814993803,5.2222414745
131730,1.318010482316184,,0.0,1.318010482316184,5.2177421905
131735,1.3180084266194154,,0.0,1.3180084266194154,5.2148930196
131740,1.3180063140348133,,0.0,1.3180063140348133,5.2089516274
131745,1.3180041463089334,,0.0,1.3180041463089334,5.2023926298
131750,1.3180019264358727,,0.0,1.3180019264358727,5.2112242543
131755,1.3179996586572675,,0.0,1.3179996586572675,5.2266950023
131760,1.3179973485870489,,0.0,1.3179973485870489,5.2368735232
131765,1.3179950027124263,,0.0,1.3179950027124263,5.2435347948
131770,1.3179926283938868,,0.0,1.3179926283938868,5.241458233
131775,1.3179902334909332,,0.0,1.3179902334909332,5.2389545872
131780,1.31798782648684,,0.0,1.31798782648684,5.238554897
131785,1.31798541586488,,0.0,1.31798541586488,5.2285115544
131790,1.317983009609311,,0.0,1.317983009609311,5.2321187103
131795,1.317980615953898,,0.0,1.317980615953898,5.2403989973
131800,1.3179782422591284,,0.0,1.3179782422591284,5.2545887083
131805,1.3179758952617198,,0.0,1.3179758952617198,5.2798973297
131810,1.3179735813241265,,0.0,1.3179735813241265,5.3035850568
131815,1.317971305686018,,0.0,1.317971305686018,5.3264185571
131820,1.317969073088047,,0.0,1.317969073088047,5.3490276936
131825,1.317966887397588,,0.0,1.317966887397588,5.3819505357
131830,1.3179647517334918,,0.0,1.3179647517334918,5.4039215481
131835,1.3179626687155925,,0.0,1.3179626687155925,5.4119643166
131840,1.3179606400904469,,0.0,1.3179606400904469,5.4112380618
131845,1.317958667604611,,0.0,1.317958667604611,5.3980644314
131850,1.3179567521313629,,0.0,1.3179567521313629,5.3697881824
131855,1.3179548945439807,,0.0,1.3179548945439807,5.3321518721
131860,1.3179530952167269,,0.0,1.3179530952167269,5.3064469407
131865,1.3179513547733712,,0.0,1.3179513547733712,5.2788851767
131870,1.3179496734634217,,0.0,1.3179496734634217,5.2571720064
131875,1.3179480516611406,,0.0,1.3179480516611406,5.2460428835
131880,1.3179464901150517,,0.0,1.3179464901150517,5.2482958439
131885,1.3179449893241717,,0.0,1.3179449893241717,5.2599840457
131890,1.31794354991227,,0.0,1.31794354991227,5.2756984818
131895,1.3179421731268872,,0.0,1.3179421731268872,5.2922775838
131900,1.3179408598413018,,0.0,1.3179408598413018,5.3044861529
131905,1.3179396113030533,,0.0,1.3179396113030533,5.3208304637
131910,1.3179384290091902,,0.0,1.3179384290091902,5.3576705081
131915,1.317937314082499,,0.0,1.317937314082499,5.3749321619
131920,1.3179362681447817,,0.0,1.3179362681447817,5.379415358
131925,1.3179352925683325,,0.0,1.3179352925683325,5.3820679442
131930,1.3179343884759378,,0.0,1.3179343884759378,5.390525155
131935,1.3179335564913677,,0.0,1.3179335564913677,5.4068044876
131940,1.3179327971136379,,0.0,1.3179327971136379,5.4167999093
131945,1.3179321099684869,,0.0,1.3179321099684869,5.4306111147
131950,1.317931493933128,,0.0,1.317931493933128,5.4369476032
131955,1.3179309478847754,,0.0,1.3179309478847754,5.4369430234
131960,1.3179304695778564,,0.0,1.3179304695778564,5.4452456393
131965,1.3179300566420449,,0.0,1.3179300566420449,5.4452246324
131970,1.317929706083244,,0.0,1.317929706083244,5.4403204271
131975,1.3179294147826037,,0.0,1.3179294147826037,5.4270118533
131980,1.3179291787479948,,0.0,1.3179291787479948,5.4000572669
131985,1.3179289939872885,,0.0,1.3179289939872885,5.3959510769
131990,1.3179288562588487,,0.0,1.3179288562588487,5.4015467899
131995,1.317928760822022,,0.0,1.317928760822022,5.3918833424
132000,1.3179287030609101,,0.0,1.3179287030609101,5.3737040397
132005,1.3179286781101058,,0.0,1.3179286781101058,5.3441608992
132010,1.3179286811042024,,0.0,1.3179286811042024,5.3055245235
132015,1.3179287068035308,,0.0,1.3179287068035308,5.2720520583
132020,1.3179287499684222,,0.0,1.3179287499684222,5.2554587592
132025,1.3179288056087157,,0.0,1.3179288056087157,5.2451088666
132030,1.317928869857037,,0.0,1.317928869857037,5.2364875033
132035,1.3179289395945353,,0.0,1.3179289395945353,5.2312543758
132040,1.3179290123261298,,0.0,1.3179290123261298,5.2337687754
132045,1.3179290868042808,,0.0,1.3179290868042808,5.2275974075
132050,1.3179291625299718,,0.0,1.3179291625299718,5.2187496944
132055,1.3179292397527111,,0.0,1.3179292397527111,5.2078911993
132060,1.3179293197200392,,0.0,1.3179293197200392,5.2012198967
132065,1.317929404178512,,0.0,1.317929404178512,5.1974866544
132070,1.3179294956232095,,0.0,1.3179294956232095,5.1850720293
132075,1.3179295970482292,,0.0,1.3179295970482292,5.1727833877
132080,1.317929711697175,,0.0,1.317929711697175,5.1731585748
132085,1.3179298429384059,,0.0,1.3179298429384059,5.177315202
132090,1.317929994389788,,0.0,1.317929994389788,5.173666579
132095,1.3179301686711562,,0.0,1.3179301686711562,5.1621570614
132100,1.317930368402345,,0.0,1.317930368402345,5.1460539499
132105,1.31793059470614,,0.0,1.31793059470614,5.1448923817
132110,1.317930848580574,,0.0,1.317930848580574,5.1507107197
132115,1.317931129776139,,0.0,1.317931129776139,5.1633988554
132120,1.317931437419556,,0.0,1.317931437419556,5.1718941418
132125,1.3179317696395159,,0.0,1.3179317696395159,5.1727840305
132130,1.3179321241904454,,0.0,1.3179321241904454,5.1773149337
132135,1.3179324975792321,,0.0,1.3179324975792321,5.1821236531
132140,1.3179328861880093,,0.0,1.3179328861880093,5.1767507498
132145,1.3179332858998947,,0.0,1.3179332858998947,5.1602191925
132150,1.3179336920989893,,0.0,1.3179336920989893,5.1435554985
132155,1.317934100418902,,0.0,1.317934100418902,5.1351828331
132160,1.3179345068675044,,0.0,1.3179345068675044,5.1208172462
132165,1.3179349074526678,,0.0,1.3179349074526678,5.1031269713
132170,1.3179352994298037,,0.0,1.3179352994298037,5.0879665114
132175,1.317935680802848,,0.0,1.317935680802848,5.0696879587
132180,1.31793605094803,,0.0,1.31793605094803,5.051864669
132185,1.3179364107386284,,0.0,1.3179364107386284,5.0479372242
132190,1.3179367625449694,,0.0,1.3179367625449694,5.042802575
132195,1.3179371107334439,,0.0,1.3179371107334439,5.0447642823
132200,1.3179374612922445,,0.0,1.3179374612922445,5.0536602344
132205,1.317937822205629,,0.0,1.317937822205629,5.0594166855
132210,1.3179382033291653,,0.0,1.3179382033291653,5.0630701714
132215,1.3179386157659605,,0.0,1.3179386157659605,5.0758235435
132220,1.3179390723656799,,0.0,1.3179390723656799,5.0837588875
132225,1.317939586851265,,0.0,1.317939586851265,5.0823409984
132230,1.3179401735694287,,0.0,1.3179401735694287,5.0771601018
132235,1.3179408472411454,,0.0,1.3179408472411454,5.0703831155
132240,1.317941622712144,,0.0,1.317941622712144,5.0651800102
132245,1.3179425137053664,,0.0,1.3179425137053664,5.0679045408
132250,1.3179435333199851,,0.0,1.3179435333199851,5.0758555134
132255,1.3179446929086163,,0.0,1.3179446929086163,5.1055684932
132260,1.3179460018278113,,0.0,1.3179460018278113,5.145624863
132265,1.3179474674380571,,0.0,1.3179474674380571,5.1985727789
132270,1.3179490941057452,,0.0,1.3179490941057452,5.2483157283
132275,1.3179508832031692,,0.0,1.3179508832031692,5.2911578003
132280,1.3179528333580355,,0.0,1.3179528333580355,5.3211083546
132285,1.3179549395801826,,0.0,1.3179549395801826,5.3381569344
132290,1.3179571937605994,,0.0,1.3179571937605994,5.3391554448
132295,1.317959584421916,,0.0,1.317959584421916,5.3310795009
132300,1.3179620970926655,,0.0,1.3179620970926655,5.3104310756
132305,1.3179647143072852,,0.0,1.3179647143072852,5.2854299555
132310,1.3179674166041477,,0.0,1.3179674166041477,5.2737025665
132315,1.3179701821512992,,0.0,1.3179701821512992,5.2538876237
132320,1.3179729878692457,,0.0,1.3179729878692457,5.2384543709
132325,1.3179758094309528,,0.0,1.3179758094309528,5.2248209777
132330,1.3179786221351244,,0.0,1.3179786221351244,5.228097505
132335,1.3179814016547262,,0.0,1.3179814016547262,5.2433081108
132340,1.3179841240369863,,0.0,1.3179841240369863,5.2664181541
132345,1.3179867665766722,,0.0,1.3179867665766722,5.2997578717
132350,1.317989308315109,,0.0,1.317989308315109,5.3371140222
132355,1.3179917304144388,,0.0,1.3179917304144388,5.3855502844
132360,1.3179940164071313,,0.0,1.3179940164071313,5.4274501506
132365,1.3179961525702435,,0.0,1.3179961525702435,5.4448565036
132370,1.31799812817493,,0.0,1.31799812817493,5.4590249626
132375,1.3179999352369334,,0.0,1.3179999352369334,5.4649222314
132380,1.3180015690156006,,0.0,1.3180015690156006,5.4641751324
132385,1.3180030277643755,,0.0,1.3180030277643755,5.4659703608
132390,1.3180043123565361,,0.0,1.3180043123565361,5.4721591618
132395,1.3180054262851952,,0.0,1.3180054262851952,5.4665594706
132400,1.3180063747900217,,0.0,1.3180063747900217,5.448648451
132405,1.3180071652315026,,0.0,1.3180071652315026,5.4272426524
132410,1.318007806092912,,0.0,1.318007806092912,5.3985125329
132415,1.3180083071050628,,0.0,1.3180083071050628,5.3595813103
132420,1.3180086783730312,,0.0,1.3180086783730312,5.3240711977
132425,1.3180089302514006,,0.0,1.3180089302514006,5.2863907248
132430,1.3180090725957394,,0.0,1.3180090725957394,5.2618767889
132435,1.3180091150121067,,0.0,1.3180091150121067,5.2480862172
132440,1.3180090678550866,,0.0,1.3180090678550866,5.2248478895
132445,1.3180089402317225,,0.0,1.3180089402317225,5.2142848698
132450,1.3180087373816833,,0.0,1.3180087373816833,5.1970951401
132455,1.3180084635466058,,0.0,1.3180084635466058,5.1518017607
132460,1.3180081214710786,,0.0,1.3180081214710786,5.1434669176
132465,1.3180077125273957,,0.0,1.3180077125273957,5.1329275813
132470,1.3180072375888352,,0.0,1.3180072375888352,5.1201379556
132475,1.3180066969049056,,0.0,1.3180066969049056,5.1013885214
132480,1.3180060894775742,,0.0,1.3180060894775742,5.0840050889
132485,1.3180054140593012,,0.0,1.3180054140593012,5.0759091932
132490,1.3180046689035299,,0.0,1.3180046689035299,5.071186172
132495,1.3180038535112446,,0.0,1.3180038535112446,5.0772917238
132500,1.3180029663853967,,0.0,1.3180029663853967,5.0817198677
132505,1.3180020064032003,,0.0,1.3180020064032003,5.0798268897
132510,1.3180009729408853,,0.0,1.3180009729408853,5.0809032305
132515,1.3179998668717294,,0.0,1.3179998668717294,5.0799426837
132520,1.3179986901917973,,0.0,1.3179986901917973,5.0743837842
132525,1.317997446518956,,0.0,1.317997446518956,5.0622786608
132530,1.3179961407186116,,0.0,1.3179961407186116,5.04780724
132535,1.3179947799017435,,0.0,1.3179947799017435,5.0414140403
132540,1.3179933721773636,,0.0,1.3179933721773636,5.0283458937
132545,1.3179919276505472,,0.0,1.3179919276505472,5.0134348226
132550,1.3179904579234183,,0.0,1.3179904579234183,5.0031167617
132555,1.3179889755961334,,0.0,1.3179889755961334,5.0070378258
132560,1.3179874941421263,,0.0,1.3179874941421263,5.0135839215
132565,1.3179860279081101,,0.0,1.3179860279081101,5.0263624041
132570,1.3179845914903052,,0.0,1.3179845914903052,5.0308844544
132575,1.31798319973444,,0.0,1.31798319973444,5.0346398857
132580,1.317981867236735,,0.0,1.317981867236735,5.0201770351
132585,1.3179806079696406,,0.0,1.3179806079696406,5.0170199227
132590,1.3179794350323293,,0.0,1.3179794350323293,5.0148556037
132595,1.317978360401187,,0.0,1.317978360401187,5.0144612886
132600,1.3179773946803057,,0.0,1.3179773946803057,5.0209178287
132605,1.3179765467272206,,0.0,1.3179765467272206,5.033460926
132610,1.317975823652911,,0.0,1.317975823652911,5.0365955109
132615,1.3179752305722923,,0.0,1.3179752305722923,5.0306852773
132620,1.3179747707289686,,0.0,1.3179747707289686,5.0225872593
132625,1.3179744453704803,,0.0,1.3179744453704803,5.0180995953
132630,1.317974253498795,,0.0,1.317974253498795,5.0160553372
132635,1.3179741924940784,,0.0,1.3179741924940784,5.0238266141
132640,1.3179742581146938,,0.0,1.3179742581146938,5.0367222477
132645,1.3179744444972021,,0.0,1.3179744444972021,5.0565658733
132650,1.3179747444058703,,0.0,1.3179747444058703,5.0791104843
132655,1.3179751499811942,,0.0,1.3179751499811942,5.0893216692
132660,1.3179756522408854,,0.0,1.3179756522408854,5.0988076586
132665,1.3179762422026537,,0.0,1.3179762422026537,5.1111172025
132670,1.3179769103851935,,0.0,1.3179769103851935,5.1169933593
132675,1.3179776481804777,,0.0,1.3179776481804777,5.1221397516
132680,1.3179784467309699,,0.0,1.3179784467309699,5.1271387092
132685,1.3179792985514298,,0.0,1.3179792985514298,5.1372425264
132690,1.3179801970298934,,0.0,1.3179801970298934,5.1500018243
132695,1.3179811375504624,,0.0,1.3179811375504624,5.1493417779
132700,1.317982115996254,,0.0,1.317982115996254,5.174801319
132705,1.3179831294979256,,0.0,1.3179831294979256,5.2104502434
132710,1.3179841763089213,,0.0,1.3179841763089213,5.2504601877
132715,1.3179852563044867,,0.0,1.3179852563044867,5.2932625786
132720,1.3179863703578998,,0.0,1.3179863703578998,5.335752195
132725,1.3179875204652252,,0.0,1.3179875204652252,5.372043137
132730,1.3179887093710512,,0.0,1.3179887093710512,5.3972462232
132735,1.3179899411922607,,0.0,1.3179899411922607,5.4098640526
132740,1.3179912201704904,,0.0,1.3179912201704904,5.4182638724
132745,1.3179925511711472,,0.0,1.3179925511711472,5.4197940315
132750,1.3179939390596378,,0.0,1.3179939390596378,5.4093078466
132755,1.3179953885766151,,0.0,1.3179953885766151,5.4104890952
132760,1.3179969038389616,,0.0,1.3179969038389616,5.3997238271
132765,1.3179984890883145,,0.0,1.3179984890883145,5.3796609211
132770,1.318000147069262,,0.0,1.318000147069262,5.3686234229
132775,1.3180018809006546,,0.0,1.3180018809006546,5.3735187099
132780,1.3180036946993752,,0.0,1.3180036946993752,5.389311495
132785,1.3180055869683753,,0.0,1.3180055869683753,5.4039066816
132790,1.31800755384028,,0.0,1.31800755384028,5.4218570729
132795,1.318009590200175,,0.0,1.318009590200175,5.4561214684
132800,1.3180116900598673,,0.0,1.3180116900598673,5.4658641689
132805,1.318013846807393,,0.0,1.318013846807393,5.4919869587
132810,1.3180160524584956,,0.0,1.3180160524584956,5.5215663759
132815,1.3180182982803927,,0.0,1.3180182982803927,5.5348798891
132820,1.3180205745422715,,0.0,1.3180205745422715,5.5437952938
132825,1.3180228713885636,,0.0,1.3180228713885636,5.5514588639
132830,1.3180251784646855,,0.0,1.3180251784646855,5.5667839596
132835,1.3180274856655616,,0.0,1.3180274856655616,5.5746020444
132840,1.3180297831356238,,0.0,1.3180297831356238,5.5673467773
132845,1.318032061892583,,0.0,1.318032061892583,5.556252378
132850,1.3180343135779193,,0.0,1.3180343135779193,5.5370831698
132855,1.318036530831146,,0.0,1.318036530831146,5.5068330632
132860,1.3180387076640692,,0.0,1.3180387076640692,5.4848472174
132865,1.3180408389617746,,0.0,1.3180408389617746,5.4616431976
132870,1.3180429209816416,,0.0,1.3180429209816416,5.4341515307
132875,1.3180449509790815,,0.0,1.3180449509790815,5.4061325542
132880,1.318046926708522,,0.0,1.318046926708522,5.3801689589
132885,1.318048847795701,,0.0,1.318048847795701,5.3449445847
132890,1.3180507147396348,,0.0,1.3180507147396348,5.3287417856
132895,1.318052528413601,,0.0,1.318052528413601,5.3143099139
132900,1.3180542901898946,,0.0,1.3180542901898946,5.2988274567
132905,1.3180560019398253,,0.0,1.3180560019398253,5.2863367393
132910,1.3180576655347036,,0.0,1.3180576655347036,5.2735102118
132915,1.3180592829705942,,0.0,1.3180592829705942,5.2549043601
132920,1.318060856493069,,0.0,1.318060856493069,5.2407400891
132925,1.3180623878486843,,0.0,1.3180623878486843,5.2318959909
132930,1.318063879033505,,0.0,1.318063879033505,5.2185072884
132935,1.318065331669333,,0.0,1.318065331669333,5.2072259317
132940,1.3180667472532162,,0.0,1.3180667472532162,5.2034259061
132945,1.3180681271574495,,0.0,1.3180681271574495,5.2068134005
132950,1.3180694726295727,,0.0,1.3180694726295727,5.2039012965
132955,1.318070784917126,,0.0,1.318070784917126,5.1917787765
132960,1.3180720650181421,,0.0,1.3180720650181421,5.1779735866
132965,1.3180733143049148,,0.0,1.3180733143049148,5.1576670848
132970,1.3180745341497382,,0.0,1.3180745341497382,5.1344053083
132975,1.3180757260496607,,0.0,1.3180757260496607,5.1160422554
132980,1.318076891875993,,0.0,1.318076891875993,5.1088313969
132985,1.3180780337495528,,0.0,1.3180780337495528,5.0974713883
132990,1.3180791542901753,,0.0,1.3180791542901753,5.1022953218
132995,1.3180802596108068,,0.0,1.3180802596108068,5.1145164293
133000,1.3180813547016086,,0.0,1.3180813547016086,5.1223920676
133005,1.3180824428061853,,0.0,1.3180824428061853,5.1238905361
133010,1.3180835275424032,,0.0,1.3180835275424032,5.1209146856
133015,1.3180846132766537,,0.0,1.3180846132766537,5.1217030166
133020,1.318085705622867,,0.0,1.318085705622867,5.1200712232
133025,1.3180868109434984,,0.0,1.3180868109434984,5.1109022988
133030,1.3180879353514956,,0.0,1.3180879353514956,5.0836600312
133035,1.3180890850845586,,0.0,1.3180890850845586,5.079945373
133040,1.3180902663803895,,0.0,1.3180902663803895,5.0794993638
133045,1.318091485726197,,0.0,1.318091485726197,5.0897138333
133050,1.318092749234928,,0.0,1.318092749234928,5.0955126264
133055,1.3180940632690379,,0.0,1.3180940632690379,5.0951655686
133060,1.3180954339414734,,0.0,1.3180954339414734,5.0896279019
133065,1.318096867365182,,0.0,1.318096867365182,5.0805314903
133070,1.3180983696531103,,0.0,1.3180983696531103,5.0718530144
133075,1.3180999462944356,,0.0,1.3180999462944356,5.0689776918
133080,1.318101602528827,,0.0,1.318101602528827,5.0769944546
133085,1.3181033429721827,,0.0,1.3181033429721827,5.0852419952
133090,1.3181051718661398,,0.0,1.3181051718661398,5.0995635664
133095,1.3181070924543028,,0.0,1.3181070924543028,5.1079052797
133100,1.318109107980276,,0.0,1.318109107980276,5.1099848503
133105,1.3181112203153702,,0.0,1.3181112203153702,5.106636647
133110,1.3181134312061416,,0.0,1.3181134312061416,5.1002457613
133115,1.3181157415258682,,0.0,1.3181157415258682,5.0990293232
133120,1.318118151773566,,0.0,1.318118151773566,5.0994586042
133125,1.318120661450219,,0.0,1.318120661450219,5.1012777643
133130,1.318123269932057,,0.0,1.318123269932057,5.1016417282
133135,1.3181259758467865,,0.0,1.3181259758467865,5.1069249794
133140,1.318128777572604,,0.0,1.318128777572604,5.1111761664
133145,1.3181316744857403,,0.0,1.3181316744857403,5.1384934024
133150,1.318134666461441,,0.0,1.318134666461441,5.1718251971
133155,1.3181377503808556,,0.0,1.3181377503808556,5.2065645094
133160,1.3181409233746417,,0.0,1.3181409233746417,5.2372769248
133165,1.3181441820744406,,0.0,1.3181441820744406,5.2614954253
133170,1.3181475251079582,,0.0,1.3181475251079582,5.2792008442
133175,1.3181509508533922,,0.0,1.3181509508533922,5.2990443734
133180,1.3181544578136941,,0.0,1.3181544578136941,5.3174375162
133185,1.31815804461657,,0.0,1.31815804461657,5.3208560776
133190,1.3181617102639875,,0.0,1.3181617102639875,5.3211739855
133195,1.3181654533836524,,0.0,1.3181654533836524,5.3245362273
133200,1.3181692731022865,,0.0,1.3181692731022865,5.3165997754
133205,1.3181731682971038,,0.0,1.3181731682971038,5.3052242886
133210,1.3181771382195802,,0.0,1.3181771382195802,5.2961117582
133215,1.3181811827449612,,0.0,1.3181811827449612,5.2950912595
133220,1.3181853019980014,,0.0,1.3181853019980014,5.3042834777
133225,1.3181894968519787,,0.0,1.3181894968519787,5.2988494545
133230,1.3181937684296794,,0.0,1.3181937684296794,5.3141217042
133235,1.3181981186024134,,0.0,1.3181981186024134,5.333765488
133240,1.3182025496157534,,0.0,1.3182025496157534,5.3626238186
133245,1.318207063715272,,0.0,1.318207063715272,5.3933104261
133250,1.3182116637703116,,0.0,1.3182116637703116,5.4169636706
133255,1.3182163524007064,,0.0,1.3182163524007064,5.432447549
133260,1.3182211319767831,,0.0,1.3182211319767831,5.4393292539
133265,1.318226005492638,,0.0,1.318226005492638,5.4552617899
133270,1.3182309748195815,,0.0,1.3182309748195815,5.4668069317
133275,1.3182360420784318,,0.0,1.3182360420784318,5.4871935086
133280,1.3182412085167297,,0.0,1.3182412085167297,5.4996546947
133285,1.3182464746334908,,0.0,1.3182464746334908,5.4964744862
133290,1.3182518408029769,,0.0,1.3182518408029769,5.4777322417
133295,1.3182573069004346,,0.0,1.3182573069004346,5.4686538759
133300,1.3182628718030773,,0.0,1.3182628718030773,5.4516926315
133305,1.318268533889103,,0.0,1.318268533889103,5.4384844199
133310,1.318274290663431,,0.0,1.318274290663431,5.4268063599
133315,1.318280139256719,,0.0,1.318280139256719,5.418859666
133320,1.3182860763006081,,0.0,1.3182860763006081,5.3807981053
133325,1.318292097927724,,0.0,1.318292097927724,5.3602110828
133330,1.318298200270692,,0.0,1.318298200270692,5.3615649346
133335,1.3183043789631212,,0.0,1.3183043789631212,5.3533546955
133340,1.3183106295138667,,0.0,1.3183106295138667,5.3464201276
133345,1.31831694730703,,0.0,1.31831694730703,5.3414898647
133350,1.3183233281009743,,0.0,1.3183233281009743,5.3350962749
133355,1.3183297671550465,,0.0,1.3183297671550465,5.3272947862
133360,1.3183362597285944,,0.0,1.3183362597285944,5.3143086252
133365,1.3183428010809644,,0.0,1.3183428010809644,5.2986522769
133370,1.3183493864715041,,0.0,1.3183493864715041,5.2940446997
133375,1.3183560111595605,,0.0,1.3183560111595605,5.2908504891
133380,1.3183626704044809,,0.0,1.3183626704044809,5.2849242243
133385,1.3183693595903665,,0.0,1.3183693595903665,5.2747800175
133390,1.3183760737270567,,0.0,1.3183760737270567,5.2702509657
133395,1.318382808073898,,0.0,1.318382808073898,5.273885912
133400,1.3183895578902383,,0.0,1.3183895578902383,5.2788297487
133405,1.3183963183106702,,0.0,1.3183963183106702,5.2831987854
133410,1.3184030843450332,,0.0,1.3184030843450332,5.2814764866
133415,1.3184098511279205,,0.0,1.3184098511279205,5.2775842561
133420,1.3184166140434328,,0.0,1.3184166140434328,5.2655428363
133425,1.3184233686004259,,0.0,1.3184233686004259,5.2520493667
133430,1.3184301096839846,,0.0,1.3184301096839846,5.2366735959
133435,1.318436831804932,,0.0,1.318436831804932,5.2291771967
133440,1.3184435292245829,,0.0,1.3184435292245829,5.2382765269
133445,1.3184501962042527,,0.0,1.3184501962042527,5.2453591021
133450,1.3184568263814862,,0.0,1.3184568263814862,5.2476443695
133455,1.3184634132690742,,0.0,1.3184634132690742,5.2507389969
133460,1.3184699502550534,,0.0,1.3184699502550534,5.2526904956
133465,1.318476430353199,,0.0,1.318476430353199,5.2482526878
133470,1.3184828468267933,,0.0,1.3184828468267933,5.237453597
133475,1.3184891930638736,,0.0,1.3184891930638736,5.2275683599
133480,1.3184954625772305,,0.0,1.3184954625772305,5.2212048465
133485,1.3185016491291628,,0.0,1.3185016491291628,5.2242536917
133490,1.3185077473552482,,0.0,1.3185077473552482,5.2405935465
133495,1.3185137521405712,,0.0,1.3185137521405712,5.2612291488
133500,1.3185196594930033,,0.0,1.3185196594930033,5.2757360859
133505,1.3185254661689398,,0.0,1.3185254661689398,5.2865574986
133510,1.3185311700475628,,0.0,1.3185311700475628,5.2995634189
133515,1.3185367700060857,,0.0,1.3185367700060857,5.3090425321
133520,1.3185422659197545,,0.0,1.3185422659197545,5.313670032
133525,1.3185476592856176,,0.0,1.3185476592856176,5.3277727605
133530,1.318552952474001,,0.0,1.318552952474001,5.3378875232
133535,1.3185581487285098,,0.0,1.3185581487285098,5.3452738821
133540,1.318563252914551,,0.0,1.318563252914551,5.3506538846
133545,1.318568270396547,,0.0,1.318568270396547,5.3544255415
133550,1.3185732074121985,,0.0,1.3185732074121985,5.3524272594
133555,1.318578071072486,,0.0,1.318578071072486,5.342820795
133560,1.3185828691121577,,0.0,1.3185828691121577,5.3377742522
133565,1.3185876088917015,,0.0,1.3185876088917015,5.3299605262
133570,1.3185922983953744,,0.0,1.3185922983953744,5.324363211
133575,1.31859694548268,,0.0,1.31859694548268,5.327069321
133580,1.3186015578883676,,0.0,1.3186015578883676,5.3306580198
133585,1.3186061425986626,,0.0,1.3186061425986626,5.3263614425
133590,1.3186107067245438,,0.0,1.3186107067245438,5.3284604646
133595,1.3186152565037124,,0.0,1.3186152565037124,5.3332949265
133600,1.3186197980491159,,0.0,1.3186197980491159,5.3479826707
133605,1.3186243372241926,,0.0,1.3186243372241926,5.3692901778
133610,1.3186288795181202,,0.0,1.3186288795181202,5.3932462131
133615,1.3186334300458131,,0.0,1.3186334300458131,5.4151196841
133620,1.3186379934231705,,0.0,1.3186379934231705,5.4274993641
133625,1.3186425741413363,,0.0,1.3186425741413363,5.4372021982
133630,1.3186471760676863,,0.0,1.3186471760676863,5.4419037023
133635,1.3186518034438564,,0.0,1.3186518034438564,5.4382055546
133640,1.3186564600124677,,0.0,1.3186564600124677,5.4396440262
133645,1.3186611497656486,,0.0,1.3186611497656486,5.4360845844
133650,1.3186658761965122,,0.0,1.3186658761965122,5.4329690957
133655,1.3186706425486625,,0.0,1.3186706425486625,5.4195024417
133660,1.318675451566688,,0.0,1.318675451566688,5.4085689408
133665,1.318680306244686,,0.0,1.318680306244686,5.402826917
133670,1.3186852089529817,,0.0,1.3186852089529817,5.3948602706
133675,1.3186901618123945,,0.0,1.3186901618123945,5.4130498168
133680,1.3186951669437421,,0.0,1.3186951669437421,5.4279571463
133685,1.3187002254698112,,0.0,1.3187002254698112,5.4431131368
133690,1.3187053385133876,,0.0,1.3187053385133876,5.4599120861
133695,1.3187105063239795,,0.0,1.3187105063239795,5.4821914812
133700,1.318715729151095,,0.0,1.318715729151095,5.5059007749
133705,1.3187210058719476,,0.0,1.3187210058719476,5.5320797577
133710,1.3187263347399816,,0.0,1.3187263347399816,5.5400638026
133715,1.318731713010608,,0.0,1.318731713010608,5.5443527956
133720,1.3187371373154684,,0.0,1.3187371373154684,5.5568464879
133725,1.318742603787188,,0.0,1.318742603787188,5.5699611052
133730,1.318748107310852,,0.0,1.318748107310852,5.5654912638
133735,1.3187536420230217,,0.0,1.3187536420230217,5.5434677222
133740,1.3187592013117335,,0.0,1.3187592013117335,5.5187369108
133745,1.3187647780660083,,0.0,1.3187647780660083,5.4905530576
133750,1.3187703644263427,,0.0,1.3187703644263427,5.4601385949
133755,1.3187759521589715,,0.0,1.3187759521589715,5.4325145635
133760,1.318781532905375,,0.0,1.318781532905375,5.4026609336
133765,1.3187870971842477,,0.0,1.3187870971842477,5.3899693876
133770,1.318792636138054,,0.0,1.318792636138054,5.3806526533
133775,1.318798140410242,,0.0,1.318798140410242,5.3712955865
133780,1.318803601018523,,0.0,1.318803601018523,5.3494015525
133785,1.3188090091053604,,0.0,1.3188090091053604,5.314958703
133790,1.3188143563122354,,0.0,1.3188143563122354,5.3098305487
133795,1.3188196352786608,,0.0,1.3188196352786608,5.307510328
133800,1.3188248386441488,,0.0,1.3188248386441488,5.2947328692
133805,1.3188299595472284,,0.0,1.3188299595472284,5.2851461251
133810,1.318834991750199,,0.0,1.318834991750199,5.2703942592
133815,1.318839930013391,,0.0,1.318839930013391,5.2636697224
133820,1.318844769471398,,0.0,1.318844769471398,5.2662479037
133825,1.3188495065063532,,0.0,1.3188495065063532,5.2743182536
133830,1.31885413812416,,0.0,1.31885413812416,5.2800325926
133835,1.3188586619544924,,0.0,1.3188586619544924,5.2955092569
133840,1.3188630767498097,,0.0,1.3188630767498097,5.3085570679
133845,1.3188673816368341,,0.0,1.3188673816368341,5.3254530229
133850,1.3188715766155654,,0.0,1.3188715766155654,5.3313910698
133855,1.3188756619355115,,0.0,1.3188756619355115,5.3294059324
133860,1.3188796380956889,,0.0,1.3188796380956889,5.3226794539
133865,1.3188835059693755,,0.0,1.3188835059693755,5.3104819297
133870,1.3188872666793576,,0.0,1.3188872666793576,5.2953191276
133875,1.3188909214731752,,0.0,1.3188909214731752,5.2804001177
133880,1.3188944715983686,,0.0,1.3188944715983686,5.2691063057
133885,1.318897917678708,,0.0,1.318897917678708,5.2656735053
133890,1.3189012600884555,,0.0,1.3189012600884555,5.2773611336
133895,1.318904498328595,,0.0,1.318904498328595,5.2842082325
133900,1.31890763190011,,0.0,1.31890763190011,5.285873888
133905,1.318910659305953,,0.0,1.318910659305953,5.2876839362
133910,1.318913578550059,,0.0,1.318913578550059,5.2935010157
133915,1.318916387012594,,0.0,1.318916387012594,5.3043402001
133920,1.3189190813251992,,0.0,1.3189190813251992,5.3094029574
133925,1.3189216572462377,,0.0,1.3189216572462377,5.3182350843
133930,1.3189241099103028,,0.0,1.3189241099103028,5.3256941289
133935,1.3189264339529718,,0.0,1.3189264339529718,5.3428987517
133940,1.3189286230117891,,0.0,1.3189286230117891,5.3628978565
133945,1.3189306705995463,,0.0,1.3189306705995463,5.3871269844
133950,1.3189325693557554,,0.0,1.3189325693557554,5.4020335299
133955,1.3189343120446835,,0.0,1.3189343120446835,5.401376792
133960,1.3189358911810893,,0.0,1.3189358911810893,5.3989640298
133965,1.3189372997787476,,0.0,1.3189372997787476,5.3940923388
133970,1.3189385302276628,,0.0,1.3189385302276628,5.4107730995
133975,1.3189395751673478,,0.0,1.3189395751673478,5.4270599163
133980,1.3189404278610857,,0.0,1.3189404278610857,5.4412355319
133985,1.3189410818216671,,0.0,1.3189410818216671,5.4502652847
133990,1.318941531809423,,0.0,1.318941531809423,5.4538447222
133995,1.318941772958947,,0.0,1.318941772958947,5.4579720833
134000,1.3189418019018802,,0.0,1.3189418019018802,5.4638398021
134005,1.3189416162678957,,0.0,1.3189416162678957,5.4657772612
134010,1.3189412150589623,,0.0,1.3189412150589623,5.4669855843
134015,1.3189405987740954,,0.0,1.3189405987740954,5.4681046152
134020,1.3189397695341136,,0.0,1.3189397695341136,5.4648851767
134025,1.3189387308321296,,0.0,1.3189387308321296,5.4700056263
134030,1.3189374880325662,,0.0,1.3189374880325662,5.4741171003
134035,1.3189360479968943,,0.0,1.3189360479968943,5.4791122234
134040,1.318934419208388,,0.0,1.318934419208388,5.4900379262
134045,1.318932612271139,,0.0,1.318932612271139,5.5094069988
134050,1.3189306387872708,,0.0,1.3189306387872708,5.5319502916
134055,1.318928511481694,,0.0,1.318928511481694,5.549655732
134060,1.3189262440773508,,0.0,1.3189262440773508,5.5743025416
134065,1.3189238514199702,,0.0,1.3189238514199702,5.5959137295
134070,1.3189213489790503,,0.0,1.3189213489790503,5.6091054753
134075,1.3189187529726143,,0.0,1.3189187529726143,5.6096473911
134080,1.3189160799929467,,0.0,1.3189160799929467,5.6035070361
134085,1.318913346881841,,0.0,1.318913346881841,5.6007868697
134090,1.3189105704810897,,0.0,1.3189105704810897,5.607414827
134095,1.3189077672582235,,0.0,1.3189077672582235,5.6036695095
134100,1.318904953805528,,0.0,1.318904953805528,5.5940194163
134105,1.3189021458420092,,0.0,1.3189021458420092,5.5833031131
134110,1.3188993584629038,,0.0,1.3188993584629038,5.5765984171
134115,1.3188966058901705,,0.0,1.3188966058901705,5.5929348651
134120,1.3188939018467518,,0.0,1.3188939018467518,5.589556184
134125,1.3188912581842795,,0.0,1.3188912581842795,5.5963515242
134130,1.3188886858811077,,0.0,1.3188886858811077,5.6020417077
134135,1.3188861940442795,,0.0,1.3188861940442795,5.6129053287
134140,1.3188837912818232,,0.0,1.3188837912818232,5.6267243222
134145,1.318881484455209,,0.0,1.318881484455209,5.6419507027
134150,1.3188792791783688,,0.0,1.3188792791783688,5.6567522611
134155,1.318877180441463,,0.0,1.318877180441463,5.665181717
134160,1.3188751917376043,,0.0,1.3188751917376043,5.6696802901
134165,1.3188733176826912,,0.0,1.3188733176826912,5.683034299
134170,1.3188715633916392,,0.0,1.3188715633916392,5.6855278636
134175,1.3188699277416616,,0.0,1.3188699277416616,5.6722230038
134180,1.3188684092357104,,0.0,1.3188684092357104,5.6513493801
134185,1.3188670066262451,,0.0,1.3188670066262451,5.6243361076
134190,1.3188657182914636,,0.0,1.3188657182914636,5.5875205547
134195,1.31886454248481,,0.0,1.31886454248481,5.5573599848
134200,1.318863476087433,,0.0,1.318863476087433,5.5359832469
134205,1.3188625157309746,,0.0,1.3188625157309746,5.51898565
134210,1.3188616581718298,,0.0,1.3188616581718298,5.5036168546
134215,1.3188608989188542,,0.0,1.3188608989188542,5.5001938132
134220,1.318860234354181,,0.0,1.318860234354181,5.4924031292
134225,1.3188596607351895,,0.0,1.3188596607351895,5.4602000574
134230,1.3188591745687674,,0.0,1.3188591745687674,5.4460381327
134235,1.3188587726113097,,0.0,1.3188587726113097,5.423621446
134240,1.318858451494458,,0.0,1.318858451494458,5.4001268419
134245,1.3188582093469021,,0.0,1.3188582093469021,5.3883030864
134250,1.3188580430497912,,0.0,1.3188580430497912,5.3715358416
134255,1.318857949484275,,0.0,1.318857949484275,5.3480598262
134260,1.318857925781011,,0.0,1.318857925781011,5.3255971234
134265,1.3188579699439347,,0.0,1.3188579699439347,5.3157113857
134270,1.3188580797274736,,0.0,1.3188580797274736,5.3095715256
134275,1.3188582535098257,,0.0,1.3188582535098257,5.3032841695
134280,1.3188584897939426,,0.0,1.3188584897939426,5.2960143366
134285,1.3188587870827762,,0.0,1.3188587870827762,5.2934465323
134290,1.318859144128786,,0.0,1.318859144128786,5.2909313854
134295,1.318859559434924,,0.0,1.318859559434924,5.2865820038
134300,1.318860031878404,,0.0,1.318860031878404,5.2757641758
134305,1.3188605599621777,,0.0,1.3188605599621777,5.2640189757
134310,1.3188611428129664,,0.0,1.3188611428129664,5.2630826485
134315,1.3188617789337227,,0.0,1.3188617789337227,5.2535821067
134320,1.3188624672016602,,0.0,1.3188624672016602,5.233458836
134325,1.3188632062444843,,0.0,1.3188632062444843,5.232354548
134330,1.3188639953136712,,0.0,1.3188639953136712,5.2556914588
134335,1.3188648327874182,,0.0,1.3188648327874182,5.2757615717
134340,1.3188657177924477,,0.0,1.3188657177924477,5.2892439678
134345,1.3188666492059733,,0.0,1.3188666492059733,5.3034976345
134350,1.3188676256557004,,0.0,1.3188676256557004,5.30102044
134355,1.3188686456445813,,0.0,1.3188686456445813,5.2877081946
134360,1.3188697079250755,,0.0,1.3188697079250755,5.283587274
134365,1.3188708114991508,,0.0,1.3188708114991508,5.273602411
134370,1.3188719552440211,,0.0,1.3188719552440211,5.258662136
134375,1.3188731377873921,,0.0,1.3188731377873921,5.2423577706
134380,1.3188743581312317,,0.0,1.3188743581312317,5.2335546432
134385,1.3188756156517696,,0.0,1.3188756156517696,5.233486739
134390,1.3188769098499902,,0.0,1.3188769098499902,5.2299681021
134395,1.3188782402268766,,0.0,1.3188782402268766,5.2240628269
134400,1.3188796071566917,,0.0,1.3188796071566917,5.2152187896
134405,1.3188810108889428,,0.0,1.3188810108889428,5.204428768
134410,1.3188824516731388,,0.0,1.3188824516731388,5.2110858278
134415,1.318883930133049,,0.0,1.318883930133049,5.2257982693
134420,1.3188854473914602,,0.0,1.3188854473914602,5.2393320365
134425,1.31888700432165,,0.0,1.31888700432165,5.2598308004
134430,1.318888601796897,,0.0,1.318888601796897,5.2806527737
134435,1.3188902410647412,,0.0,1.3188902410647412,5.2928082115
134440,1.3188919231232148,,0.0,1.3188919231232148,5.3015224797
134445,1.318893649095104,,0.0,1.318893649095104,5.3033437237
134450,1.318895419853687,,0.0,1.318895419853687,5.2945785627
134455,1.3188972358979798,,0.0,1.3188972358979798,5.2796744236
134460,1.3188990977269985,,0.0,1.3188990977269985,5.2630013309
134465,1.3189010055902515,,0.0,1.3189010055902515,5.2476865924
134470,1.3189029593629842,,0.0,1.3189029593629842,5.2441107403
134475,1.3189049585461807,,0.0,1.3189049585461807,5.2405420369
134480,1.3189070023913172,,0.0,1.3189070023913172,5.253007875
134485,1.3189090900251148,,0.0,1.3189090900251148,5.265170659
134490,1.3189112203247881,,0.0,1.3189112203247881,5.2807848065
134495,1.3189133917932887,,0.0,1.3189133917932887,5.3006691839
134500,1.318915603058322,,0.0,1.318915603058322,5.3280564051
134505,1.31891785262284,,0.0,1.31891785262284,5.3536418128
134510,1.3189201389897944,,0.0,1.3189201389897944,5.3676186566
134515,1.3189224606621368,,0.0,1.3189224606621368,5.3664835453
134520,1.3189248165170815,,0.0,1.3189248165170815,5.3516440484
134525,1.3189272054318415,,0.0,1.3189272054318415,5.3310598739
134530,1.3189296265331392,,0.0,1.3189296265331392,5.3125207686
134535,1.3189320790724504,,0.0,1.3189320790724504,5.2907877647
134540,1.318934562800267,,0.0,1.318934562800267,5.2493756896
134545,1.318937077591835,,0.0,1.318937077591835,5.228275586
134550,1.3189396238214164,,0.0,1.3189396238214164,5.2116325984
134555,1.3189422018632735,,0.0,1.3189422018632735,5.2078168655
134560,1.3189448128401922,,0.0,1.3189448128401922,5.2186741106
134565,1.3189474577502045,,0.0,1.3189474577502045,5.2349966958
134570,1.3189501378408512,,0.0,1.3189501378408512,5.2462635526
134575,1.3189528546091802,,0.0,1.3189528546091802,5.2596549634
134580,1.31895560955224,,0.0,1.31895560955224,5.2727832536
134585,1.3189584044165863,,0.0,1.3189584044165863,5.2854542999
134590,1.318961240824022,,0.0,1.318961240824022,5.300591423
134595,1.3189641201468412,,0.0,1.3189641201468412,5.3172141926
134600,1.3189670441316002,,0.0,1.3189670441316002,5.3257702547
134605,1.3189700140258391,,0.0,1.3189700140258391,5.3346174437
134610,1.3189730312018522,,0.0,1.3189730312018522,5.346561684
134615,1.3189760967824256,,0.0,1.3189760967824256,5.3517657917
134620,1.3189792115160837,,0.0,1.3189792115160837,5.3417672665
134625,1.3189823759018422,,0.0,1.3189823759018422,5.3223004314
134630,1.3189855903139636,,0.0,1.3189855903139636,5.3009027976
134635,1.3189888546276933,,0.0,1.3189888546276933,5.2678903239
134640,1.318992168718278,,0.0,1.318992168718278,5.2235014718
134645,1.3189955319619469,,0.0,1.3189955319619469,5.1827573371
134650,1.3189989436101766,,0.0,1.3189989436101766,5.1717771072
134655,1.319002402664934,,0.0,1.319002402664934,5.1682860548
134660,1.3190059080034338,,0.0,1.3190059080034338,5.1636738947
134665,1.3190094581286274,,0.0,1.3190094581286274,5.1474550481
134670,1.3190130517929743,,0.0,1.3190130517929743,5.1471304383
134675,1.3190166870004105,,0.0,1.3190166870004105,5.15024489
134680,1.3190203621291336,,0.0,1.3190203621291336,5.1448832368
134685,1.3190240749335713,,0.0,1.3190240749335713,5.1288281402
134690,1.3190278231681511,,0.0,1.3190278231681511,5.1214341398
134695,1.3190316042130388,,0.0,1.3190316042130388,5.1120050738
134700,1.3190354154483994,,0.0,1.3190354154483994,5.1018720033
134705,1.319039253880137,,0.0,1.319039253880137,5.1009125476
134710,1.3190431166389085,,0.0,1.3190431166389085,5.106564221
134715,1.3190470006058639,,0.0,1.3190470006058639,5.114409021
134720,1.3190509029116604,,0.0,1.3190509029116604,5.1266538451
134725,1.3190548201879393,,0.0,1.3190548201879393,5.1359747327
134730,1.3190587493158508,,0.0,1.3190587493158508,5.1404431098
134735,1.3190626870517892,,0.0,1.3190626870517892,5.14764012
134740,1.3190666304016587,,0.0,1.3190666304016587,5.1508421233
134745,1.319070576246609,,0.0,1.319070576246609,5.1494598802
134750,1.3190745214677888,,0.0,1.3190745214677888,5.1445140846
134755,1.3190784629463481,,0.0,1.3190784629463481,5.1324221691
134760,1.3190823976881902,,0.0,1.3190823976881902,5.1305769505
134765,1.319086322200203,,0.0,1.319086322200203,5.1301203137
134770,1.3190902336130428,,0.0,1.3190902336130428,5.1323292372
134775,1.3190941286831062,,0.0,1.3190941286831062,5.1239467654
134780,1.3190980041667881,,0.0,1.3190980041667881,5.1221762738
134785,1.3191018573195001,,0.0,1.3191018573195001,5.122987969
134790,1.3191056851471457,,0.0,1.3191056851471457,5.1194602887
134795,1.3191094851546443,,0.0,1.3191094851546443,5.1094399976
134800,1.319113254722162,,0.0,1.319113254722162,5.097677959
134805,1.3191169918536338,,0.0,1.3191169918536338,5.089972562
134810,1.3191206946777498,,0.0,1.3191206946777498,5.0843700622
134815,1.3191243618222155,,0.0,1.3191243618222155,5.0718313264
134820,1.3191279925385069,,0.0,1.3191279925385069,5.0572722314
134825,1.319131586577116,,0.0,1.319131586577116,5.0444299311
134830,1.3191351441875507,,0.0,1.3191351441875507,5.0402890163
134835,1.3191386664925975,,0.0,1.3191386664925975,5.0322803245
134840,1.3191421552388123,,0.0,1.3191421552388123,5.0257920608
134845,1.3191456126717676,,0.0,1.3191456126717676,5.0210184432
134850,1.3191490424093304,,0.0,1.3191490424093304,5.0210807703
134855,1.3191524484436288,,0.0,1.3191524484436288,5.0260501592
134860,1.319155835515316,,0.0,1.319155835515316,5.0374331721
134865,1.319159209612585,,0.0,1.319159209612585,5.0414145014
134870,1.3191625768483826,,0.0,1.3191625768483826,5.0406119027
134875,1.3191659442089345,,0.0,1.3191659442089345,5.0423627396
134880,1.3191693193042355,,0.0,1.3191693193042355,5.0440074203
134885,1.3191727101185433,,0.0,1.3191727101185433,5.0378283377
134890,1.3191761250103775,,0.0,1.3191761250103775,5.0223633819
134895,1.319179572712519,,0.0,1.319179572712519,5.0188729001
134900,1.3191830622072582,,0.0,1.3191830622072582,5.0117909235
134905,1.3191866027263919,,0.0,1.3191866027263919,5.0078948
134910,1.319190203376964,,0.0,1.319190203376964,5.0013414793
134915,1.3191938728917563,,0.0,1.3191938728917563,4.9939322579
134920,1.319197620377812,,0.0,1.319197620377812,4.9968656423
134925,1.3192014540688966,,0.0,1.3192014540688966,5.0098886604
134930,1.3192053819492675,,0.0,1.3192053819492675,5.0224870554
134935,1.3192094113794122,,0.0,1.3192094113794122,5.0401449434
134940,1.3192135488465395,,0.0,1.3192135488465395,5.0557383701
134945,1.3192178000893344,,0.0,1.3192178000893344,5.0688732171
134950,1.319222170097958,,0.0,1.319222170097958,5.0717686112
134955,1.3192266624902769,,0.0,1.3192266624902769,5.0761826059
134960,1.3192312797613712,,0.0,1.3192312797613712,5.072540566
134965,1.3192360236577978,,0.0,1.3192360236577978,5.0579081759
134970,1.3192408943043101,,0.0,1.3192408943043101,5.0330977596
134975,1.3192458905781224,,0.0,1.3192458905781224,5.0082823953
134980,1.319251009984154,,0.0,1.319251009984154,4.9760294668
134985,1.3192562492788003,,0.0,1.3192562492788003,4.9581929932
134990,1.3192616024738684,,0.0,1.3192616024738684,4.9464042933
134995,1.3192670625831329,,0.0,1.3192670625831329,4.9306661116
135000,1.3192726208738124,,0.0,1.3192726208738124,4.9145646681
