FoamFile
{
    version     2.0;
    format      ascii;
    class       dictionary;
    object      blockMeshDict;
}
// Generated by aether.cfd - do not edit by hand. Regenerate from the run config.

scale 1;

vertices
(
    (0 0 -0.03)
    (-0.177078315041 9.86911932578e-17 -0.03)
    (0 0 0)
    (-0.177078315041 9.86911932578e-17 0)
    (0.00332498094957 0.058887765386 -0.03)
    (-0.173080914135 0.0754962754994 -0.03)
    (0.00332498094957 0.058887765386 0)
    (-0.173080914135 0.0754962754994 0)
    (0.0132571205088 0.117027041436 -0.03)
    (-0.161295383972 0.150213164092 -0.03)
    (0.0132571205088 0.117027041436 0)
    (-0.161295383972 0.150213164092 0)
    (0.029670186067 0.173678913008 -0.03)
    (-0.142279361323 0.223524852089 -0.03)
    (0.029670186067 0.173678913008 0)
    (-0.142279361323 0.223524852089 0)
    (0.0523557981918 0.228123262282 -0.03)
    (-0.116786402201 0.295060372734 -0.03)
    (0.0523557981918 0.228123262282 0)
    (-0.116786402201 0.295060372734 0)
    (0.0810256548079 0.279668026975 -0.03)
    (-0.0855877587762 0.364733617126 -0.03)
    (0.0810256548079 0.279668026975 0)
    (-0.0855877587762 0.364733617126 0)
    (0.115315092498 0.327658205443 -0.03)
    (-0.0493282122338 0.432718945436 -0.03)
    (0.115315092498 0.327658205443 0)
    (-0.0493282122338 0.432718945436 0)
    (0.154788313617 0.371483870916 -0.03)
    (-0.00843579825539 0.499403883739 -0.03)
    (0.154788313617 0.371483870916 0)
    (-0.00843579825539 0.499403883739 0)
    (0.198943940795 0.410587641881 -0.03)
    (0.0369249442538 0.565345375519 -0.03)
    (0.198943940795 0.410587641881 0)
    (0.0369249442538 0.565345375519 0)
    (0.247220432713 0.444472789322 -0.03)
    (0.0868785781217 0.631244470496 -0.03)
    (0.247220432713 0.444472789322 0)
    (0.0868785781217 0.631244470496 0)
    (0.299004181994 0.472708696177 -0.03)
    (0.141864825096 0.697944856051 -0.03)
    (0.299004181994 0.472708696177 0)
    (0.141864825096 0.697944856051 0)
    (0.35342510872 0.495496326588 -0.03)
    (0.202780185225 0.766563061627 -0.03)
    (0.35342510872 0.495496326588 0)
    (0.202780185225 0.766563061627 0)
    (0.408275339648 0.517267127942 -0.03)
    (0.271242834933 0.838698554657 -0.03)
    (0.408275339648 0.517267127942 0)
    (0.271242834933 0.838698554657 0)
    (0.463125570577 0.539037929295 -0.03)
    (0.347723301296 0.914518558685 -0.03)
    (0.463125570577 0.539037929295 0)
    (0.347723301296 0.914518558685 0)
    (0.517975801505 0.560808730649 -0.03)
    (0.432387698338 0.993928035105 -0.03)
    (0.517975801505 0.560808730649 0)
    (0.432387698338 0.993928035105 0)
    (0.572826032434 0.582579532002 -0.03)
    (0.525340205889 1.07684560064 -0.03)
    (0.572826032434 0.582579532002 0)
    (0.525340205889 1.07684560064 0)
    (0.628796434532 0.6 -0.03)
    (0.628796434532 1.16501035496 -0.03)
    (0.628796434532 0.6 0)
    (0.628796434532 1.16501035496 0)
);

blocks
(
    hex (0 4 5 1 2 6 7 3) (4 48 1) simpleGrading (1 4 1)
    hex (4 8 9 5 6 10 11 7) (4 48 1) simpleGrading (1 4 1)
    hex (8 12 13 9 10 14 15 11) (4 48 1) simpleGrading (1 4 1)
    hex (12 16 17 13 14 18 19 15) (4 48 1) simpleGrading (1 4 1)
    hex (16 20 21 17 18 22 23 19) (4 48 1) simpleGrading (1 4 1)
    hex (20 24 25 21 22 26 27 23) (4 48 1) simpleGrading (1 4 1)
    hex (24 28 29 25 26 30 31 27) (4 48 1) simpleGrading (1 4 1)
    hex (28 32 33 29 30 34 35 31) (4 48 1) simpleGrading (1 4 1)
    hex (32 36 37 33 34 38 39 35) (4 48 1) simpleGrading (1 4 1)
    hex (36 40 41 37 38 42 43 39) (4 48 1) simpleGrading (1 4 1)
    hex (40 44 45 41 42 46 47 43) (4 48 1) simpleGrading (1 4 1)
    hex (44 48 49 45 46 50 51 47) (4 48 1) simpleGrading (1 4 1)
    hex (48 52 53 49 50 54 55 51) (4 48 1) simpleGrading (1 4 1)
    hex (52 56 57 53 54 58 59 55) (4 48 1) simpleGrading (1 4 1)
    hex (56 60 61 57 58 62 63 59) (4 48 1) simpleGrading (1 4 1)
    hex (60 64 65 61 62 66 67 63) (4 48 1) simpleGrading (1 4 1)
);

edges
(
    polyLine 0 4 ((9.65322748206e-07 0.00100501025139 -0.03) (3.86128743048e-06 0.00201001679398 -0.03) (8.68788335977e-06 0.00301501591897 -0.03) (1.54450927244e-05 0.00402000391759 -0.03) (2.41328905882e-05 0.00502497708113 -0.03) (3.47512448903e-05 0.0060299317009 -0.03) (4.73001164458e-05 0.00703486406832 -0.03) (6.17794589452e-05 0.00803977047485 -0.03) (7.81892189552e-05 0.00904464721209 -0.03) (9.65293359186e-05 0.0100494905717 -0.03) (0.000116799742155 0.0110542968455 -0.03) (0.000139000362859 0.0120590623255 -0.03) (0.000163131116104 0.0130637833036 -0.03) (0.00018919191284 0.0140684560723 -0.03) (0.000217182656895 0.0150730769239 -0.03) (0.000247103244972 0.0160776421511 -0.03) (0.000278953566657 0.0170821480467 -0.03) (0.000312733504412 0.0180865909038 -0.03) (0.000348442933576 0.0190909670155 -0.03) (0.000386081722373 0.0200952726756 -0.03) (0.000425649731902 0.0210995041777 -0.03) (0.000467146816144 0.022103657816 -0.03) (0.000510572821963 0.0231077298848 -0.03) (0.000555927589103 0.0241117166787 -0.03) (0.00060321095019 0.0251156144927 -0.03) (0.000652422730734 0.0261194196222 -0.03) (0.000703562749128 0.0271231283627 -0.03) (0.000756630816648 0.0281267370102 -0.03) (0.000811626737457 0.0291302418612 -0.03) (0.000868550308603 0.0301336392124 -0.03) (0.000927401320018 0.0311369253608 -0.03) (0.000988179554526 0.0321400966042 -0.03) (0.00105088478783 0.0331431492404 -0.03) (0.00111551678854 0.0341460795678 -0.03) (0.00118207531813 0.0351488838854 -0.03) (0.00125056013099 0.0361515584925 -0.03) (0.00132097097437 0.0371540996889 -0.03) (0.00139330758846 0.0381565037748 -0.03) (0.00146756970629 0.0391587670512 -0.03) (0.00154375705382 0.0401608858192 -0.03) (0.00162186934989 0.0411628563809 -0.03) (0.00170190630625 0.0421646750386 -0.03) (0.00178386762753 0.0431663380952 -0.03) (0.00186775301127 0.0441678418544 -0.03) (0.00195356214791 0.0451691826203 -0.03) (0.00204129472078 0.0461703566975 -0.03) (0.00213095040612 0.0471713603915 -0.03) (0.00222252887307 0.0481721900081 -0.03) (0.00231602978368 0.0491728418542 -0.03) (0.00241145279291 0.0501733122368 -0.03) (0.00250879754861 0.051173597464 -0.03) (0.00260806369154 0.0521736938445 -0.03) (0.00270925085539 0.0531735976874 -0.03) (0.00281235866674 0.0541733053029 -0.03) (0.00291738674509 0.0551728130017 -0.03) (0.00302433470286 0.0561721170954 -0.03) (0.00313320214536 0.0571712138961 -0.03) (0.00324398867086 0.0581700997169 -0.03))
    polyLine 2 6 ((9.65322748206e-07 0.00100501025139 0) (3.86128743048e-06 0.00201001679398 0) (8.68788335977e-06 0.00301501591897 0) (1.54450927244e-05 0.00402000391759 0) (2.41328905882e-05 0.00502497708113 0) (3.47512448903e-05 0.0060299317009 0) (4.73001164458e-05 0.00703486406832 0) (6.17794589452e-05 0.00803977047485 0) (7.81892189552e-05 0.00904464721209 0) (9.65293359186e-05 0.0100494905717 0) (0.000116799742155 0.0110542968455 0) (0.000139000362859 0.0120590623255 0) (0.000163131116104 0.0130637833036 0) (0.00018919191284 0.0140684560723 0) (0.000217182656895 0.0150730769239 0) (0.000247103244972 0.0160776421511 0) (0.000278953566657 0.0170821480467 0) (0.000312733504412 0.0180865909038 0) (0.000348442933576 0.0190909670155 0) (0.000386081722373 0.0200952726756 0) (0.000425649731902 0.0210995041777 0) (0.000467146816144 0.022103657816 0) (0.000510572821963 0.0231077298848 0) (0.000555927589103 0.0241117166787 0) (0.00060321095019 0.0251156144927 0) (0.000652422730734 0.0261194196222 0) (0.000703562749128 0.0271231283627 0) (0.000756630816648 0.0281267370102 0) (0.000811626737457 0.0291302418612 0) (0.000868550308603 0.0301336392124 0) (0.000927401320018 0.0311369253608 0) (0.000988179554526 0.0321400966042 0) (0.00105088478783 0.0331431492404 0) (0.00111551678854 0.0341460795678 0) (0.00118207531813 0.0351488838854 0) (0.00125056013099 0.0361515584925 0) (0.00132097097437 0.0371540996889 0) (0.00139330758846 0.0381565037748 0) (0.00146756970629 0.0391587670512 0) (0.00154375705382 0.0401608858192 0) (0.00162186934989 0.0411628563809 0) (0.00170190630625 0.0421646750386 0) (0.00178386762753 0.0431663380952 0) (0.00186775301127 0.0441678418544 0) (0.00195356214791 0.0451691826203 0) (0.00204129472078 0.0461703566975 0) (0.00213095040612 0.0471713603915 0) (0.00222252887307 0.0481721900081 0) (0.00231602978368 0.0491728418542 0) (0.00241145279291 0.0501733122368 0) (0.00250879754861 0.051173597464 0) (0.00260806369154 0.0521736938445 0) (0.00270925085539 0.0531735976874 0) (0.00281235866674 0.0541733053029 0) (0.00291738674509 0.0551728130017 0) (0.00302433470286 0.0561721170954 0) (0.00313320214536 0.0571712138961 0) (0.00324398867086 0.0581700997169 0))
    polyLine 1 5 ((-0.177071340647 0.00315205679892 -0.03) (-0.177050418192 0.00630404637145 -0.03) (-0.177015549856 0.00945590151473 -0.03) (-0.176966739273 0.012607555073 -0.03) (-0.176903991525 0.0157589399609 -0.03) (-0.176827313143 0.0189099891874 -0.03) (-0.176736712102 0.0220606358785 -0.03) (-0.176632197814 0.025210813301 -0.03) (-0.176513781127 0.0283604548853 -0.03) (-0.176381474316 0.031509494249 -0.03) (-0.176235291077 0.0346578652193 -0.03) (-0.176075246518 0.0378055018557 -0.03) (-0.175901357152 0.0409523384731 -0.03) (-0.175713640889 0.0440983096638 -0.03) (-0.175512117022 0.0472433503197 -0.03) (-0.17529680622 0.0503873956543 -0.03) (-0.175067730513 0.0535303812247 -0.03) (-0.174824913285 0.0566722429525 -0.03) (-0.174568379254 0.0598129171457 -0.03) (-0.174298154466 0.0629523405189 -0.03) (-0.174014266273 0.0660904502146 -0.03) (-0.173716743325 0.0692271838232 -0.03) (-0.173405615549 0.0723624794028 -0.03))
    polyLine 3 7 ((-0.177071340647 0.00315205679892 0) (-0.177050418192 0.00630404637145 0) (-0.177015549856 0.00945590151473 0) (-0.176966739273 0.012607555073 0) (-0.176903991525 0.0157589399609 0) (-0.176827313143 0.0189099891874 0) (-0.176736712102 0.0220606358785 0) (-0.176632197814 0.025210813301 0) (-0.176513781127 0.0283604548853 0) (-0.176381474316 0.031509494249 0) (-0.176235291077 0.0346578652193 0) (-0.176075246518 0.0378055018557 0) (-0.175901357152 0.0409523384731 0) (-0.175713640889 0.0440983096638 0) (-0.175512117022 0.0472433503197 0) (-0.17529680622 0.0503873956543 0) (-0.175067730513 0.0535303812247 0) (-0.174824913285 0.0566722429525 0) (-0.174568379254 0.0598129171457 0) (-0.174298154466 0.0629523405189 0) (-0.174014266273 0.0660904502146 0) (-0.173716743325 0.0692271838232 0) (-0.173405615549 0.0723624794028 0))
    polyLine 4 8 ((0.0033566938705 0.0591687708716 -0.03) (0.00347131732838 0.0601672236748 -0.03) (0.00358785862149 0.0611654544418 -0.03) (0.00370631731976 0.0621634594889 -0.03) (0.00382669298604 0.0631612351332 -0.03) (0.0039489851761 0.0641587776924 -0.03) (0.00407319343866 0.0651560834854 -0.03) (0.00419931731533 0.0661531488318 -0.03) (0.00432735634069 0.0671499700521 -0.03) (0.00445731004223 0.0681465434677 -0.03) (0.00458917794038 0.069142865401 -0.03) (0.0047229595485 0.0701389321752 -0.03) (0.0048586543729 0.0711347401144 -0.03) (0.00499626191282 0.0721302855439 -0.03) (0.00513578166045 0.0731255647898 -0.03) (0.00527721310091 0.0741205741792 -0.03) (0.00542055571228 0.0751153100401 -0.03) (0.00556580896557 0.0761097687017 -0.03) (0.00571297232476 0.0771039464941 -0.03) (0.00586204524677 0.0780978397486 -0.03) (0.00601302718146 0.0790914447972 -0.03) (0.00616591757168 0.0800847579733 -0.03) (0.0063207158532 0.0810777756112 -0.03) (0.00647742145477 0.0820704940465 -0.03) (0.0066360337981 0.0830629096156 -0.03) (0.00679655229786 0.0840550186562 -0.03) (0.00695897636168 0.0850468175072 -0.03) (0.00712330539016 0.0860383025084 -0.03) (0.00728953877689 0.087029470001 -0.03) (0.0074576759084 0.0880203163273 -0.03) (0.00762771616422 0.0890108378306 -0.03) (0.00779965891685 0.0900010308558 -0.03) (0.00797350353175 0.0909908917486 -0.03) (0.0081492493674 0.0919804168562 -0.03) (0.00832689577523 0.0929696025269 -0.03) (0.00850644209967 0.0939584451102 -0.03) (0.00868788767813 0.0949469409571 -0.03) (0.00887123184103 0.0959350864196 -0.03) (0.00905647391177 0.0969228778513 -0.03) (0.00924361320675 0.0979103116068 -0.03) (0.00943264903536 0.0988973840422 -0.03) (0.00962358069999 0.099884091515 -0.03) (0.00981640749606 0.100870430384 -0.03) (0.010011128712 0.101856397009 -0.03) (0.0102077436291 0.102841987751 -0.03) (0.010406251522 0.103827198974 -0.03) (0.010606651658 0.104812027042 -0.03) (0.0108089432975 0.10579646832 -0.03) (0.0110131256942 0.106780519175 -0.03) (0.0112191980944 0.107764175976 -0.03) (0.0114271597377 0.108747435094 -0.03) (0.0116370098566 0.109730292899 -0.03) (0.0118487476768 0.110712745764 -0.03) (0.0120623724169 0.111694790065 -0.03) (0.0122778832885 0.112676422176 -0.03) (0.0124952794962 0.113657638475 -0.03) (0.012714560238 0.114638435342 -0.03) (0.0129357247045 0.115618809156 -0.03) (0.0131587720795 0.1165987563 -0.03))
    polyLine 6 10 ((0.0033566938705 0.0591687708716 0) (0.00347131732838 0.0601672236748 0) (0.00358785862149 0.0611654544418 0) (0.00370631731976 0.0621634594889 0) (0.00382669298604 0.0631612351332 0) (0.0039489851761 0.0641587776924 0) (0.00407319343866 0.0651560834854 0) (0.00419931731533 0.0661531488318 0) (0.00432735634069 0.0671499700521 0) (0.00445731004223 0.0681465434677 0) (0.00458917794038 0.069142865401 0) (0.0047229595485 0.0701389321752 0) (0.0048586543729 0.0711347401144 0) (0.00499626191282 0.0721302855439 0) (0.00513578166045 0.0731255647898 0) (0.00527721310091 0.0741205741792 0) (0.00542055571228 0.0751153100401 0) (0.00556580896557 0.0761097687017 0) (0.00571297232476 0.0771039464941 0) (0.00586204524677 0.0780978397486 0) (0.00601302718146 0.0790914447972 0) (0.00616591757168 0.0800847579733 0) (0.0063207158532 0.0810777756112 0) (0.00647742145477 0.0820704940465 0) (0.0066360337981 0.0830629096156 0) (0.00679655229786 0.0840550186562 0) (0.00695897636168 0.0850468175072 0) (0.00712330539016 0.0860383025084 0) (0.00728953877689 0.087029470001 0) (0.0074576759084 0.0880203163273 0) (0.00762771616422 0.0890108378306 0) (0.00779965891685 0.0900010308558 0) (0.00797350353175 0.0909908917486 0) (0.0081492493674 0.0919804168562 0) (0.00832689577523 0.0929696025269 0) (0.00850644209967 0.0939584451102 0) (0.00868788767813 0.0949469409571 0) (0.00887123184103 0.0959350864196 0) (0.00905647391177 0.0969228778513 0) (0.00924361320675 0.0979103116068 0) (0.00943264903536 0.0988973840422 0) (0.00962358069999 0.099884091515 0) (0.00981640749606 0.100870430384 0) (0.010011128712 0.101856397009 0) (0.0102077436291 0.102841987751 0) (0.010406251522 0.103827198974 0) (0.010606651658 0.104812027042 0) (0.0108089432975 0.10579646832 0) (0.0110131256942 0.106780519175 0) (0.0112191980944 0.107764175976 0) (0.0114271597377 0.108747435094 0) (0.0116370098566 0.109730292899 0) (0.0118487476768 0.110712745764 0) (0.0120623724169 0.111694790065 0) (0.0122778832885 0.112676422176 0) (0.0124952794962 0.113657638475 0) (0.012714560238 0.114638435342 0) (0.0129357247045 0.115618809156 0) (0.0131587720795 0.1165987563 0))
    polyLine 5 9 ((-0.172742180912 0.0786329640877 -0.03) (-0.17238990176 0.0817680271258 -0.03) (-0.172024111706 0.0849014044824 -0.03) (-0.171644846974 0.0880330365919 -0.03) (-0.171252144971 0.0911628644729 -0.03) (-0.170846044259 0.0942908297454 -0.03) (-0.170426584541 0.0974168746479 -0.03) (-0.169993806638 0.100540942054 -0.03) (-0.169547752468 0.103662975491 -0.03) (-0.169088465022 0.10678291915 -0.03) (-0.168615988347 0.109900717908 -0.03) (-0.168130367517 0.113016317338 -0.03) (-0.167631648614 0.116129663727 -0.03) (-0.167119878706 0.119240704088 -0.03) (-0.166595105817 0.122349386173 -0.03) (-0.166057378912 0.125455658489 -0.03) (-0.165506747863 0.128559470305 -0.03) (-0.164943263432 0.131660771674 -0.03) (-0.164366977244 0.134759513432 -0.03) (-0.16377794176 0.137855647221 -0.03) (-0.163176210252 0.140949125491 -0.03) (-0.162561836782 0.144039901517 -0.03) (-0.16193487617 0.147127929402 -0.03))
    polyLine 7 11 ((-0.172742180912 0.0786329640877 0) (-0.17238990176 0.0817680271258 0) (-0.172024111706 0.0849014044824 0) (-0.171644846974 0.0880330365919 0) (-0.171252144971 0.0911628644729 0) (-0.170846044259 0.0942908297454 0) (-0.170426584541 0.0974168746479 0) (-0.169993806638 0.100540942054 0) (-0.169547752468 0.103662975491 0) (-0.169088465022 0.10678291915 0) (-0.168615988347 0.109900717908 0) (-0.168130367517 0.113016317338 0) (-0.167631648614 0.116129663727 0) (-0.167119878706 0.119240704088 0) (-0.166595105817 0.122349386173 0) (-0.166057378912 0.125455658489 0) (-0.165506747863 0.128559470305 0) (-0.164943263432 0.131660771674 0) (-0.164366977244 0.134759513432 0) (-0.16377794176 0.137855647221 0) (-0.163176210252 0.140949125491 0) (-0.162561836782 0.144039901517 0) (-0.16193487617 0.147127929402 0))
    polyLine 8 12 ((0.01338370154 0.117578273158 -0.03) (0.0136105122559 0.118557356115 -0.03) (0.0138392033902 0.119536001558 -0.03) (0.0140697740989 0.120514205875 -0.03) (0.0143022235312 0.121491965456 -0.03) (0.0145365508293 0.122469276693 -0.03) (0.0147727551283 0.12344613598 -0.03) (0.0150108355567 0.124422539712 -0.03) (0.0152507912359 0.125398484285 -0.03) (0.0154926212803 0.126373966097 -0.03) (0.0157363247975 0.12734898155 -0.03) (0.0159819008882 0.128323527044 -0.03) (0.0162293486461 0.129297598985 -0.03) (0.0164786671581 0.130271193775 -0.03) (0.016729855504 0.131244307824 -0.03) (0.016982912757 0.13221693754 -0.03) (0.0172378379831 0.133189079333 -0.03) (0.0174946302416 0.134160729617 -0.03) (0.0177532885849 0.135131884805 -0.03) (0.0180138120585 0.136102541313 -0.03) (0.0182761997008 0.137072695559 -0.03) (0.0185404505437 0.138042343964 -0.03) (0.0188065636119 0.139011482949 -0.03) (0.0190745379235 0.139980108938 -0.03) (0.0193443724894 0.140948218355 -0.03) (0.019616066314 0.141915807629 -0.03) (0.0198896183945 0.142882873189 -0.03) (0.0201650277216 0.143849411465 -0.03) (0.0204422932788 0.144815418892 -0.03) (0.0207214140429 0.145780891903 -0.03) (0.021002388984 0.146745826937 -0.03) (0.0212852170651 0.147710220433 -0.03) (0.0215698972425 0.148674068831 -0.03) (0.0218564284656 0.149637368574 -0.03) (0.022144809677 0.150600116108 -0.03) (0.0224350398126 0.15156230788 -0.03) (0.0227271178013 0.152523940338 -0.03) (0.0230210425652 0.153485009935 -0.03) (0.0233168130196 0.154445513124 -0.03) (0.0236144280731 0.15540544636 -0.03) (0.0239138866274 0.1563648061 -0.03) (0.0242151875774 0.157323588805 -0.03) (0.0245183298111 0.158281790936 -0.03) (0.0248233122099 0.159239408957 -0.03) (0.0251301336483 0.160196439333 -0.03) (0.025438792994 0.161152878535 -0.03) (0.0257492891081 0.16210872303 -0.03) (0.0260616208445 0.163063969294 -0.03) (0.0263757870509 0.164018613799 -0.03) (0.0266917865677 0.164972653024 -0.03) (0.0270096182288 0.165926083448 -0.03) (0.0273292808614 0.166878901551 -0.03) (0.0276507732858 0.167831103819 -0.03) (0.0279740943155 0.168782686737 -0.03) (0.0282992427575 0.169733646792 -0.03) (0.0286262174117 0.170683980477 -0.03) (0.0289550170717 0.171633684284 -0.03) (0.0292856405239 0.172582754708 -0.03) (0.0296180865484 0.173531188248 -0.03))
    polyLine 10 14 ((0.01338370154 0.117578273158 0) (0.0136105122559 0.118557356115 0) (0.0138392033902 0.119536001558 0) (0.0140697740989 0.120514205875 0) (0.0143022235312 0.121491965456 0) (0.0145365508293 0.122469276693 0) (0.0147727551283 0.12344613598 0) (0.0150108355567 0.124422539712 0) (0.0152507912359 0.125398484285 0) (0.0154926212803 0.126373966097 0) (0.0157363247975 0.12734898155 0) (0.0159819008882 0.128323527044 0) (0.0162293486461 0.129297598985 0) (0.0164786671581 0.130271193775 0) (0.016729855504 0.131244307824 0) (0.016982912757 0.13221693754 0) (0.0172378379831 0.133189079333 0) (0.0174946302416 0.134160729617 0) (0.0177532885849 0.135131884805 0) (0.0180138120585 0.136102541313 0) (0.0182761997008 0.137072695559 0) (0.0185404505437 0.138042343964 0) (0.0188065636119 0.139011482949 0) (0.0190745379235 0.139980108938 0) (0.0193443724894 0.140948218355 0) (0.019616066314 0.141915807629 0) (0.0198896183945 0.142882873189 0) (0.0201650277216 0.143849411465 0) (0.0204422932788 0.144815418892 0) (0.0207214140429 0.145780891903 0) (0.021002388984 0.146745826937 0) (0.0212852170651 0.147710220433 0) (0.0215698972425 0.148674068831 0) (0.0218564284656 0.149637368574 0) (0.022144809677 0.150600116108 0) (0.0224350398126 0.15156230788 0) (0.0227271178013 0.152523940338 0) (0.0230210425652 0.153485009935 0) (0.0233168130196 0.154445513124 0) (0.0236144280731 0.15540544636 0) (0.0239138866274 0.1563648061 0) (0.0242151875774 0.157323588805 0) (0.0245183298111 0.158281790936 0) (0.0248233122099 0.159239408957 0) (0.0251301336483 0.160196439333 0) (0.025438792994 0.161152878535 0) (0.0257492891081 0.16210872303 0) (0.0260616208445 0.163063969294 0) (0.0263757870509 0.164018613799 0) (0.0266917865677 0.164972653024 0) (0.0270096182288 0.165926083448 0) (0.0273292808614 0.166878901551 0) (0.0276507732858 0.167831103819 0) (0.0279740943155 0.168782686737 0) (0.0282992427575 0.169733646792 0) (0.0286262174117 0.170683980477 0) (0.0289550170717 0.171633684284 0) (0.0292856405239 0.172582754708 0) (0.0296180865484 0.173531188248 0))
    polyLine 9 13 ((-0.160641539036 0.153304349317 -0.03) (-0.159975204951 0.156392637215 -0.03) (-0.159296439821 0.159477984945 -0.03) (-0.158605302387 0.162560350547 -0.03) (-0.157901852004 0.165639692954 -0.03) (-0.157186148611 0.168715971992 -0.03) (-0.156458252705 0.171789148391 -0.03) (-0.155718225318 0.174859183792 -0.03) (-0.154966127985 0.177926040744 -0.03) (-0.154202022721 0.180989682717 -0.03) (-0.153425971993 0.184050074103 -0.03) (-0.152638038696 0.187107180219 -0.03) (-0.151838286125 0.19016096731 -0.03) (-0.151026777949 0.193211402554 -0.03) (-0.150203578185 0.196258454063 -0.03) (-0.149368751172 0.199302090884 -0.03) (-0.148522361549 0.202342283003 -0.03) (-0.147664474223 0.205379001342 -0.03) (-0.14679515435 0.208412217764 -0.03) (-0.145914467307 0.211441905073 -0.03) (-0.145022478665 0.21446803701 -0.03) (-0.144119254171 0.217490588256 -0.03) (-0.143204859718 0.22050953443 -0.03))
    polyLine 11 15 ((-0.160641539036 0.153304349317 0) (-0.159975204951 0.156392637215 0) (-0.159296439821 0.159477984945 0) (-0.158605302387 0.162560350547 0) (-0.157901852004 0.165639692954 0) (-0.157186148611 0.168715971992 0) (-0.156458252705 0.171789148391 0) (-0.155718225318 0.174859183792 0) (-0.154966127985 0.177926040744 0) (-0.154202022721 0.180989682717 0) (-0.153425971993 0.184050074103 0) (-0.152638038696 0.187107180219 0) (-0.151838286125 0.19016096731 0) (-0.151026777949 0.193211402554 0) (-0.150203578185 0.196258454063 0) (-0.149368751172 0.199302090884 0) (-0.148522361549 0.202342283003 0) (-0.147664474223 0.205379001342 0) (-0.14679515435 0.208412217764 0) (-0.145914467307 0.211441905073 0) (-0.145022478665 0.21446803701 0) (-0.144119254171 0.217490588256 0) (-0.143204859718 0.22050953443 0))
    polyLine 12 16 ((0.0299523539182 0.174478981402 -0.03) (0.0302884413998 0.175426130673 -0.03) (0.030626347753 0.176372632566 -0.03) (0.0309660717307 0.177318483588 -0.03) (0.0313076120793 0.178263680249 -0.03) (0.0316509675384 0.17920821906 -0.03) (0.0319961368409 0.180152096536 -0.03) (0.0323431187129 0.181095309194 -0.03) (0.0326919118741 0.182037853553 -0.03) (0.0330425150373 0.182979726134 -0.03) (0.0333949269086 0.183920923462 -0.03) (0.0337491461876 0.184861442063 -0.03) (0.034105171567 0.185801278467 -0.03) (0.0344630017329 0.186740429206 -0.03) (0.034822635365 0.187678890813 -0.03) (0.035184071136 0.188616659825 -0.03) (0.0355473077121 0.189553732783 -0.03) (0.0359123437529 0.190490106226 -0.03) (0.0362791779113 0.191425776701 -0.03) (0.0366478088334 0.192360740754 -0.03) (0.037018235159 0.193294994935 -0.03) (0.0373904555211 0.194228535796 -0.03) (0.0377644685461 0.195161359892 -0.03) (0.0381402728537 0.196093463781 -0.03) (0.038517867057 0.197024844023 -0.03) (0.0388972497628 0.197955497181 -0.03) (0.0392784195708 0.19888541982 -0.03) (0.0396613750745 0.199814608509 -0.03) (0.0400461148607 0.200743059818 -0.03) (0.0404326375094 0.201670770322 -0.03) (0.0408209415945 0.202597736597 -0.03) (0.0412110256828 0.203523955222 -0.03) (0.0416028883348 0.204449422779 -0.03) (0.0419965281045 0.205374135853 -0.03) (0.0423919435392 0.206298091031 -0.03) (0.0427891331797 0.207221284904 -0.03) (0.0431880955601 0.208143714065 -0.03) (0.0435888292084 0.209065375109 -0.03) (0.0439913326455 0.209986264635 -0.03) (0.0443956043861 0.210906379246 -0.03) (0.0448016429384 0.211825715546 -0.03) (0.0452094468039 0.212744270141 -0.03) (0.0456190144777 0.213662039642 -0.03) (0.0460303444483 0.214579020663 -0.03) (0.0464434351979 0.215495209819 -0.03) (0.046858285202 0.21641060373 -0.03) (0.0472748929297 0.217325199016 -0.03) (0.0476932568435 0.218238992304 -0.03) (0.0481133753995 0.219151980221 -0.03) (0.0485352470475 0.220064159398 -0.03) (0.0489588702305 0.220975526467 -0.03) (0.0493842433852 0.221886078068 -0.03) (0.0498113649419 0.222795810838 -0.03) (0.0502402333243 0.223704721421 -0.03) (0.0506708469499 0.224612806462 -0.03) (0.0511032042295 0.225520062611 -0.03) (0.0515373035675 0.22642648652 -0.03) (0.051973143362 0.227332074843 -0.03))
    polyLine 14 18 ((0.0299523539182 0.174478981402 0) (0.0302884413998 0.175426130673 0) (0.030626347753 0.176372632566 0) (0.0309660717307 0.177318483588 0) (0.0313076120793 0.178263680249 0) (0.0316509675384 0.17920821906 0) (0.0319961368409 0.180152096536 0) (0.0323431187129 0.181095309194 0) (0.0326919118741 0.182037853553 0) (0.0330425150373 0.182979726134 0) (0.0333949269086 0.183920923462 0) (0.0337491461876 0.184861442063 0) (0.034105171567 0.185801278467 0) (0.0344630017329 0.186740429206 0) (0.034822635365 0.187678890813 0) (0.035184071136 0.188616659825 0) (0.0355473077121 0.189553732783 0) (0.0359123437529 0.190490106226 0) (0.0362791779113 0.191425776701 0) (0.0366478088334 0.192360740754 0) (0.037018235159 0.193294994935 0) (0.0373904555211 0.194228535796 0) (0.0377644685461 0.195161359892 0) (0.0381402728537 0.196093463781 0) (0.038517867057 0.197024844023 0) (0.0388972497628 0.197955497181 0) (0.0392784195708 0.19888541982 0) (0.0396613750745 0.199814608509 0) (0.0400461148607 0.200743059818 0) (0.0404326375094 0.201670770322 0) (0.0408209415945 0.202597736597 0) (0.0412110256828 0.203523955222 0) (0.0416028883348 0.204449422779 0) (0.0419965281045 0.205374135853 0) (0.0423919435392 0.206298091031 0) (0.0427891331797 0.207221284904 0) (0.0431880955601 0.208143714065 0) (0.0435888292084 0.209065375109 0) (0.0439913326455 0.209986264635 0) (0.0443956043861 0.210906379246 0) (0.0448016429384 0.211825715546 0) (0.0452094468039 0.212744270141 0) (0.0456190144777 0.213662039642 0) (0.0460303444483 0.214579020663 0) (0.0464434351979 0.215495209819 0) (0.046858285202 0.21641060373 0) (0.0472748929297 0.217325199016 0) (0.0476932568435 0.218238992304 0) (0.0481133753995 0.219151980221 0) (0.0485352470475 0.220064159398 0) (0.0489588702305 0.220975526467 0) (0.0493842433852 0.221886078068 0) (0.0498113649419 0.222795810838 0) (0.0502402333243 0.223704721421 0) (0.0506708469499 0.224612806462 0) (0.0511032042295 0.225520062611 0) (0.0515373035675 0.22642648652 0) (0.051973143362 0.227332074843 0))
    polyLine 13 17 ((-0.14133877766 0.226549450107 -0.03) (-0.140387128173 0.22957034381 -0.03) (-0.139424479967 0.232587512291 -0.03) (-0.138450900178 0.235600935591 -0.03) (-0.13746645595 0.238610594692 -0.03) (-0.136471214411 0.241616471511 -0.03) (-0.135465242654 0.244618548904 -0.03) (-0.13444860771 0.247616810656 -0.03) (-0.133421376532 0.250611241478 -0.03) (-0.132383615969 0.253601827005 -0.03) (-0.131335392746 0.256588553787 -0.03) (-0.130276773447 0.259571409288 -0.03) (-0.129207824489 0.262550381879 -0.03) (-0.128128612108 0.265525460832 -0.03) (-0.127039202332 0.268496636316 -0.03) (-0.125939660973 0.271463899388 -0.03) (-0.124830053596 0.274427241991 -0.03) (-0.12371044551 0.277386656943 -0.03) (-0.122580901745 0.280342137936 -0.03) (-0.121441487036 0.283293679521 -0.03) (-0.120292265807 0.286241277112 -0.03) (-0.119133302152 0.289184926969 -0.03) (-0.117964659821 0.292124626197 -0.03))
    polyLine 15 19 ((-0.14133877766 0.226549450107 0) (-0.140387128173 0.22957034381 0) (-0.139424479967 0.232587512291 0) (-0.138450900178 0.235600935591 0) (-0.13746645595 0.238610594692 0) (-0.136471214411 0.241616471511 0) (-0.135465242654 0.244618548904 0) (-0.13444860771 0.247616810656 0) (-0.133421376532 0.250611241478 0) (-0.132383615969 0.253601827005 0) (-0.131335392746 0.256588553787 0) (-0.130276773447 0.259571409288 0) (-0.129207824489 0.262550381879 0) (-0.128128612108 0.265525460832 0) (-0.127039202332 0.268496636316 0) (-0.125939660973 0.271463899388 0) (-0.124830053596 0.274427241991 0) (-0.12371044551 0.277386656943 0) (-0.122580901745 0.280342137936 0) (-0.121441487036 0.283293679521 0) (-0.120292265807 0.286241277112 0) (-0.119133302152 0.289184926969 0) (-0.117964659821 0.292124626197 0))
    polyLine 16 20 ((0.0524107220047 0.228236824238 -0.03) (0.0528500378807 0.229140731368 -0.03) (0.0532910893687 0.230043792895 -0.03) (0.0537338748413 0.230946005488 -0.03) (0.0541783926643 0.231847365817 -0.03) (0.0546246411973 0.232747870555 -0.03) (0.0550726187936 0.23364751638 -0.03) (0.0555223237999 0.234546299972 -0.03) (0.0559737545568 0.235444218013 -0.03) (0.0564269093983 0.236341267191 -0.03) (0.056881786652 0.237237444194 -0.03) (0.0573383846395 0.238132745716 -0.03) (0.0577967016756 0.239027168452 -0.03) (0.058256736069 0.239920709103 -0.03) (0.0587184861221 0.24081336437 -0.03) (0.0591819501309 0.241705130959 -0.03) (0.059647126385 0.24259600558 -0.03) (0.0601140131678 0.243485984944 -0.03) (0.0605826087563 0.244375065768 -0.03) (0.0610529114213 0.245263244771 -0.03) (0.0615249194272 0.246150518674 -0.03) (0.0619986310321 0.247036884204 -0.03) (0.0624740444878 0.24792233809 -0.03) (0.0629511580401 0.248806877063 -0.03) (0.0634299699281 0.24969049786 -0.03) (0.0639104783849 0.25057319722 -0.03) (0.0643926816372 0.251454971886 -0.03) (0.0648765779057 0.252335818603 -0.03) (0.0653621654045 0.25321573412 -0.03) (0.0658494423416 0.254094715192 -0.03) (0.066338406919 0.254972758573 -0.03) (0.0668290573321 0.255849861024 -0.03) (0.0673213917702 0.256726019308 -0.03) (0.0678154084166 0.257601230191 -0.03) (0.0683111054481 0.258475490444 -0.03) (0.0688084810355 0.259348796841 -0.03) (0.0693075333432 0.260221146158 -0.03) (0.0698082605296 0.261092535177 -0.03) (0.070310660747 0.261962960681 -0.03) (0.0708147321412 0.26283241946 -0.03) (0.0713204728521 0.263700908303 -0.03) (0.0718278810133 0.264568424006 -0.03) (0.0723369547523 0.265434963368 -0.03) (0.0728476921905 0.26630052319 -0.03) (0.0733600914432 0.267165100279 -0.03) (0.0738741506193 0.268028691445 -0.03) (0.0743898678219 0.268891293499 -0.03) (0.0749072411478 0.269752903259 -0.03) (0.0754262686877 0.270613517546 -0.03) (0.0759469485263 0.271473133182 -0.03) (0.076469278742 0.272331746997 -0.03) (0.0769932574074 0.273189355821 -0.03) (0.0775188825887 0.27404595649 -0.03) (0.0780461523462 0.274901545843 -0.03) (0.0785750647342 0.275756120721 -0.03) (0.0791056178007 0.276609677973 -0.03) (0.079637809588 0.277462214446 -0.03) (0.0801716381319 0.278313726996 -0.03) (0.0807071014626 0.27916421248 -0.03))
    polyLine 18 22 ((0.0524107220047 0.228236824238 0) (0.0528500378807 0.229140731368 0) (0.0532910893687 0.230043792895 0) (0.0537338748413 0.230946005488 0) (0.0541783926643 0.231847365817 0) (0.0546246411973 0.232747870555 0) (0.0550726187936 0.23364751638 0) (0.0555223237999 0.234546299972 0) (0.0559737545568 0.235444218013 0) (0.0564269093983 0.236341267191 0) (0.056881786652 0.237237444194 0) (0.0573383846395 0.238132745716 0) (0.0577967016756 0.239027168452 0) (0.058256736069 0.239920709103 0) (0.0587184861221 0.24081336437 0) (0.0591819501309 0.241705130959 0) (0.059647126385 0.24259600558 0) (0.0601140131678 0.243485984944 0) (0.0605826087563 0.244375065768 0) (0.0610529114213 0.245263244771 0) (0.0615249194272 0.246150518674 0) (0.0619986310321 0.247036884204 0) (0.0624740444878 0.24792233809 0) (0.0629511580401 0.248806877063 0) (0.0634299699281 0.24969049786 0) (0.0639104783849 0.25057319722 0) (0.0643926816372 0.251454971886 0) (0.0648765779057 0.252335818603 0) (0.0653621654045 0.25321573412 0) (0.0658494423416 0.254094715192 0) (0.066338406919 0.254972758573 0) (0.0668290573321 0.255849861024 0) (0.0673213917702 0.256726019308 0) (0.0678154084166 0.257601230191 0) (0.0683111054481 0.258475490444 0) (0.0688084810355 0.259348796841 0) (0.0693075333432 0.260221146158 0) (0.0698082605296 0.261092535177 0) (0.070310660747 0.261962960681 0) (0.0708147321412 0.26283241946 0) (0.0713204728521 0.263700908303 0) (0.0718278810133 0.264568424006 0) (0.0723369547523 0.265434963368 0) (0.0728476921905 0.26630052319 0) (0.0733600914432 0.267165100279 0) (0.0738741506193 0.268028691445 0) (0.0743898678219 0.268891293499 0) (0.0749072411478 0.269752903259 0) (0.0754262686877 0.270613517546 0) (0.0759469485263 0.271473133182 0) (0.076469278742 0.272331746997 0) (0.0769932574074 0.273189355821 0) (0.0775188825887 0.27404595649 0) (0.0780461523462 0.274901545843 0) (0.0785750647342 0.275756120721 0) (0.0791056178007 0.276609677973 0) (0.079637809588 0.277462214446 0) (0.0801716381319 0.278313726996 0) (0.0807071014626 0.27916421248 0))
    polyLine 17 21 ((-0.115591723172 0.298009040525 -0.03) (-0.114387445216 0.300953708296 -0.03) (-0.113173631623 0.303894376463 -0.03) (-0.111950345251 0.306831046262 -0.03) (-0.110717648514 0.309763719743 -0.03) (-0.109475603365 0.312692399767 -0.03) (-0.108224271285 0.315617089988 -0.03) (-0.106963713269 0.318537794853 -0.03) (-0.105693989811 0.321454519588 -0.03) (-0.104415160893 0.324367270193 -0.03) (-0.103127285976 0.32727605343 -0.03) (-0.101830423982 0.330180876817 -0.03) (-0.10052463329 0.333081748617 -0.03) (-0.0992099717163 0.335978677831 -0.03) (-0.0978864965133 0.338871674188 -0.03) (-0.0965542643525 0.341760748135 -0.03) (-0.0952133313172 0.344645910833 -0.03) (-0.0938637528931 0.347527174142 -0.03) (-0.0925055839584 0.350404550613 -0.03) (-0.0911388787753 0.353278053484 -0.03) (-0.0897636909815 0.356147696666 -0.03) (-0.088380073582 0.359013494737 -0.03) (-0.0869880789415 0.361875462929 -0.03))
    polyLine 19 23 ((-0.115591723172 0.298009040525 0) (-0.114387445216 0.300953708296 0) (-0.113173631623 0.303894376463 0) (-0.111950345251 0.306831046262 0) (-0.110717648514 0.309763719743 0) (-0.109475603365 0.312692399767 0) (-0.108224271285 0.315617089988 0) (-0.106963713269 0.318537794853 0) (-0.105693989811 0.321454519588 0) (-0.104415160893 0.324367270193 0) (-0.103127285976 0.32727605343 0) (-0.101830423982 0.330180876817 0) (-0.10052463329 0.333081748617 0) (-0.0992099717163 0.335978677831 0) (-0.0978864965133 0.338871674188 0) (-0.0965542643525 0.341760748135 0) (-0.0952133313172 0.344645910833 0) (-0.0938637528931 0.347527174142 0) (-0.0925055839584 0.350404550613 0) (-0.0911388787753 0.353278053484 0) (-0.0897636909815 0.356147696666 0) (-0.088380073582 0.359013494737 0) (-0.0869880789415 0.361875462929 0))
    polyLine 20 24 ((0.081244197604 0.28001366776 -0.03) (0.0817829245741 0.2808620897 -0.03) (0.0823232803847 0.281709475171 -0.03) (0.0828652630418 0.282555821044 -0.03) (0.0834088705453 0.283401124196 -0.03) (0.0839541008891 0.284245381508 -0.03) (0.0845009520611 0.285088589865 -0.03) (0.0850494220434 0.285930746155 -0.03) (0.0855995088117 0.286771847269 -0.03) (0.0861512103363 0.287611890104 -0.03) (0.0867045245811 0.28845087156 -0.03) (0.0872594495041 0.289288788541 -0.03) (0.0878159830576 0.290125637955 -0.03) (0.0883741231878 0.290961416713 -0.03) (0.088933867835 0.291796121731 -0.03) (0.0894952149334 0.292629749929 -0.03) (0.0900581624117 0.29346229823 -0.03) (0.0906227081922 0.294293763562 -0.03) (0.0911888501918 0.295124142858 -0.03) (0.091756586321 0.295953433051 -0.03) (0.0923259144848 0.296781631082 -0.03) (0.0928968325823 0.297608733895 -0.03) (0.0934693385064 0.298434738438 -0.03) (0.0940434301446 0.299259641661 -0.03) (0.0946191053782 0.300083440522 -0.03) (0.0951963620827 0.300906131979 -0.03) (0.095775198128 0.301727712998 -0.03) (0.0963556113779 0.302548180545 -0.03) (0.0969375996906 0.303367531594 -0.03) (0.0975211609183 0.304185763121 -0.03) (0.0981062929074 0.305002872105 -0.03) (0.0986929934988 0.305818855532 -0.03) (0.0992812605272 0.306633710391 -0.03) (0.0998710918217 0.307447433674 -0.03) (0.100462485206 0.308260022378 -0.03) (0.101055438497 0.309071473505 -0.03) (0.101649949507 0.309881784061 -0.03) (0.102246016042 0.310690951054 -0.03) (0.102843635902 0.311498971499 -0.03) (0.103442806882 0.312305842415 -0.03) (0.104043526771 0.313111560822 -0.03) (0.104645793352 0.313916123749 -0.03) (0.105249604402 0.314719528226 -0.03) (0.105854957693 0.315521771288 -0.03) (0.106461850991 0.316322849974 -0.03) (0.107070282057 0.317122761329 -0.03) (0.107680248645 0.3179215024 -0.03) (0.108291748504 0.31871907024 -0.03) (0.108904779378 0.319515461906 -0.03) (0.109519339004 0.320310674458 -0.03) (0.110135425114 0.321104704962 -0.03) (0.110753035436 0.321897550488 -0.03) (0.111372167689 0.32268920811 -0.03) (0.111992819588 0.323479674907 -0.03) (0.112614988845 0.324268947961 -0.03) (0.113238673162 0.325057024359 -0.03) (0.113863870237 0.325843901194 -0.03) (0.114490577765 0.326629575562 -0.03) (0.115118793431 0.327414044563 -0.03))
    polyLine 22 26 ((0.081244197604 0.28001366776 0) (0.0817829245741 0.2808620897 0) (0.0823232803847 0.281709475171 0) (0.0828652630418 0.282555821044 0) (0.0834088705453 0.283401124196 0) (0.0839541008891 0.284245381508 0) (0.0845009520611 0.285088589865 0) (0.0850494220434 0.285930746155 0) (0.0855995088117 0.286771847269 0) (0.0861512103363 0.287611890104 0) (0.0867045245811 0.28845087156 0) (0.0872594495041 0.289288788541 0) (0.0878159830576 0.290125637955 0) (0.0883741231878 0.290961416713 0) (0.088933867835 0.291796121731 0) (0.0894952149334 0.292629749929 0) (0.0900581624117 0.29346229823 0) (0.0906227081922 0.294293763562 0) (0.0911888501918 0.295124142858 0) (0.091756586321 0.295953433051 0) (0.0923259144848 0.296781631082 0) (0.0928968325823 0.297608733895 0) (0.0934693385064 0.298434738438 0) (0.0940434301446 0.299259641661 0) (0.0946191053782 0.300083440522 0) (0.0951963620827 0.300906131979 0) (0.095775198128 0.301727712998 0) (0.0963556113779 0.302548180545 0) (0.0969375996906 0.303367531594 0) (0.0975211609183 0.304185763121 0) (0.0981062929074 0.305002872105 0) (0.0986929934988 0.305818855532 0) (0.0992812605272 0.306633710391 0) (0.0998710918217 0.307447433674 0) (0.100462485206 0.308260022378 0) (0.101055438497 0.309071473505 0) (0.101649949507 0.309881784061 0) (0.102246016042 0.310690951054 0) (0.102843635902 0.311498971499 0) (0.103442806882 0.312305842415 0) (0.104043526771 0.313111560822 0) (0.104645793352 0.313916123749 0) (0.105249604402 0.314719528226 0) (0.105854957693 0.315521771288 0) (0.106461850991 0.316322849974 0) (0.107070282057 0.317122761329 0) (0.107680248645 0.3179215024 0) (0.108291748504 0.31871907024 0) (0.108904779378 0.319515461906 0) (0.109519339004 0.320310674458 0) (0.110135425114 0.321104704962 0) (0.110753035436 0.321897550488 0) (0.111372167689 0.32268920811 0) (0.111992819588 0.323479674907 0) (0.112614988845 0.324268947961 0) (0.113238673162 0.325057024359 0) (0.113863870237 0.325843901194 0) (0.114490577765 0.326629575562 0) (0.115118793431 0.327414044563 0))
    polyLine 21 25 ((-0.0841689248383 0.367608647869 -0.03) (-0.0827417475581 0.370479843422 -0.03) (-0.0813062777476 0.373347221954 -0.03) (-0.0798625655238 0.376210802265 -0.03) (-0.0784106603022 0.379070603776 -0.03) (-0.0769506107915 0.381926646522 -0.03) (-0.0754824649872 0.384778951142 -0.03) (-0.074006270167 0.387627538869 -0.03) (-0.072522072885 0.390472431522 -0.03) (-0.0710299189672 0.393313651501 -0.03) (-0.0695298535069 0.39615122177 -0.03) (-0.0680219208605 0.398985165857 -0.03) (-0.0665061646429 0.401815507841 -0.03) (-0.0649826277244 0.404642272345 -0.03) (-0.0634513522267 0.407465484527 -0.03) (-0.0619123795193 0.410285170073 -0.03) (-0.0603657502169 0.413101355186 -0.03) (-0.058811504176 0.415914066583 -0.03) (-0.0572496804925 0.418723331483 -0.03) (-0.0556803174989 0.4215291776 -0.03) (-0.0541034527621 0.424331633136 -0.03) (-0.0525191230813 0.427130726773 -0.03) (-0.0509273644859 0.429926487666 -0.03))
    polyLine 23 27 ((-0.0841689248383 0.367608647869 0) (-0.0827417475581 0.370479843422 0) (-0.0813062777476 0.373347221954 0) (-0.0798625655238 0.376210802265 0) (-0.0784106603022 0.379070603776 0) (-0.0769506107915 0.381926646522 0) (-0.0754824649872 0.384778951142 0) (-0.074006270167 0.387627538869 0) (-0.072522072885 0.390472431522 0) (-0.0710299189672 0.393313651501 0) (-0.0695298535069 0.39615122177 0) (-0.0680219208605 0.398985165857 0) (-0.0665061646429 0.401815507841 0) (-0.0649826277244 0.404642272345 0) (-0.0634513522267 0.407465484527 0) (-0.0619123795193 0.410285170073 0) (-0.0603657502169 0.413101355186 0) (-0.058811504176 0.415914066583 0) (-0.0572496804925 0.418723331483 0) (-0.0556803174989 0.4215291776 0) (-0.0541034527621 0.424331633136 0) (-0.0525191230813 0.427130726773 0) (-0.0509273644859 0.429926487666 0))
    polyLine 24 28 ((0.115748514918 0.328197305303 -0.03) (0.116379739902 0.32897935489 -0.03) (0.117012466053 0.329760190439 -0.03) (0.117646691037 0.330539809069 -0.03) (0.118282412512 0.331318207902 -0.03) (0.118919628134 0.332095384065 -0.03) (0.119558335549 0.332871334692 -0.03) (0.120198532402 0.333646056917 -0.03) (0.12084021633 0.334419547883 -0.03) (0.121483384965 0.335191804734 -0.03) (0.122128035933 0.335962824622 -0.03) (0.122774166855 0.3367326047 -0.03) (0.123421775347 0.337501142128 -0.03) (0.124070859019 0.33826843407 -0.03) (0.124721415476 0.339034477694 -0.03) (0.125373442316 0.339799270173 -0.03) (0.126026937135 0.340562808685 -0.03) (0.126681897519 0.341325090412 -0.03) (0.127338321053 0.342086112542 -0.03) (0.127996205313 0.342845872265 -0.03) (0.128655547873 0.343604366779 -0.03) (0.129316346298 0.344361593283 -0.03) (0.12997859815 0.345117548984 -0.03) (0.130642300985 0.345872231091 -0.03) (0.131307452355 0.346625636821 -0.03) (0.131974049803 0.347377763392 -0.03) (0.132642090872 0.348128608028 -0.03) (0.133311573094 0.34887816796 -0.03) (0.133982494 0.349626440421 -0.03) (0.134654851113 0.350373422649 -0.03) (0.135328641953 0.351119111888 -0.03) (0.136003864033 0.351863505387 -0.03) (0.13668051486 0.352606600397 -0.03) (0.137358591939 0.353348394177 -0.03) (0.138038092767 0.35408888399 -0.03) (0.138719014835 0.354828067102 -0.03) (0.139401355633 0.355565940786 -0.03) (0.14008511264 0.35630250232 -0.03) (0.140770283334 0.357037748984 -0.03) (0.141456865187 0.357771678065 -0.03) (0.142144855665 0.358504286855 -0.03) (0.142834252228 0.359235572651 -0.03) (0.143525052334 0.359965532754 -0.03) (0.144217253432 0.36069416447 -0.03) (0.144910852968 0.36142146511 -0.03) (0.145605848382 0.36214743199 -0.03) (0.146302237111 0.362872062431 -0.03) (0.147000016583 0.36359535376 -0.03) (0.147699184224 0.364317303306 -0.03) (0.148399737453 0.365037908405 -0.03) (0.149101673686 0.3657571664 -0.03) (0.149804990332 0.366475074634 -0.03) (0.150509684796 0.367191630459 -0.03) (0.151215754476 0.36790683123 -0.03) (0.151923196768 0.368620674308 -0.03) (0.152632009061 0.36933315706 -0.03) (0.153342188739 0.370044276855 -0.03) (0.154053733181 0.370754031069 -0.03) (0.154766639761 0.371462417083 -0.03))
    polyLine 26 30 ((0.115748514918 0.328197305303 0) (0.116379739902 0.32897935489 0) (0.117012466053 0.329760190439 0) (0.117646691037 0.330539809069 0) (0.118282412512 0.331318207902 0) (0.118919628134 0.332095384065 0) (0.119558335549 0.332871334692 0) (0.120198532402 0.333646056917 0) (0.12084021633 0.334419547883 0) (0.121483384965 0.335191804734 0) (0.122128035933 0.335962824622 0) (0.122774166855 0.3367326047 0) (0.123421775347 0.337501142128 0) (0.124070859019 0.33826843407 0) (0.124721415476 0.339034477694 0) (0.125373442316 0.339799270173 0) (0.126026937135 0.340562808685 0) (0.126681897519 0.341325090412 0) (0.127338321053 0.342086112542 0) (0.127996205313 0.342845872265 0) (0.128655547873 0.343604366779 0) (0.129316346298 0.344361593283 0) (0.12997859815 0.345117548984 0) (0.130642300985 0.345872231091 0) (0.131307452355 0.346625636821 0) (0.131974049803 0.347377763392 0) (0.132642090872 0.348128608028 0) (0.133311573094 0.34887816796 0) (0.133982494 0.349626440421 0) (0.134654851113 0.350373422649 0) (0.135328641953 0.351119111888 0) (0.136003864033 0.351863505387 0) (0.13668051486 0.352606600397 0) (0.137358591939 0.353348394177 0) (0.138038092767 0.35408888399 0) (0.138719014835 0.354828067102 0) (0.139401355633 0.355565940786 0) (0.14008511264 0.35630250232 0) (0.140770283334 0.357037748984 0) (0.141456865187 0.357771678065 0) (0.142144855665 0.358504286855 0) (0.142834252228 0.359235572651 0) (0.143525052334 0.359965532754 0) (0.144217253432 0.36069416447 0) (0.144910852968 0.36142146511 0) (0.145605848382 0.36214743199 0) (0.146302237111 0.362872062431 0) (0.147000016583 0.36359535376 0) (0.147699184224 0.364317303306 0) (0.148399737453 0.365037908405 0) (0.149101673686 0.3657571664 0) (0.149804990332 0.366475074634 0) (0.150509684796 0.367191630459 0) (0.151215754476 0.36790683123 0) (0.151923196768 0.368620674308 0) (0.152632009061 0.36933315706 0) (0.153342188739 0.370044276855 0) (0.154053733181 0.370754031069 0) (0.154766639761 0.371462417083 0))
    polyLine 25 29 ((-0.0477075910343 0.435532556525 -0.03) (-0.0460795157252 0.438342868298 -0.03) (-0.0444440201038 0.441149912554 -0.03) (-0.0428011371627 0.443953721546 -0.03) (-0.0411508990888 0.446754327971 -0.03) (-0.0394933372624 0.449551764966 -0.03) (-0.0378284822567 0.452346066096 -0.03) (-0.0361563638368 0.455137265354 -0.03) (-0.0344770109593 0.457925397148 -0.03) (-0.032790451772 0.460710496301 -0.03) (-0.0310967136138 0.463492598038 -0.03) (-0.0293958230144 0.466271737983 -0.03) (-0.0276878056942 0.469047952154 -0.03) (-0.0259726865644 0.471821276955 -0.03) (-0.0242504897273 0.474591749172 -0.03) (-0.0225212384766 0.477359405965 -0.03) (-0.0207849552973 0.480124284862 -0.03) (-0.0190416618666 0.482886423759 -0.03) (-0.0172913790542 0.485645860908 -0.03) (-0.0155341269228 0.488402634915 -0.03) (-0.0137699247288 0.491156784735 -0.03) (-0.011998790923 0.493908349665 -0.03) (-0.0102207431513 0.496657369343 -0.03))
    polyLine 27 31 ((-0.0477075910343 0.435532556525 0) (-0.0460795157252 0.438342868298 0) (-0.0444440201038 0.441149912554 0) (-0.0428011371627 0.443953721546 0) (-0.0411508990888 0.446754327971 0) (-0.0394933372624 0.449551764966 0) (-0.0378284822567 0.452346066096 0) (-0.0361563638368 0.455137265354 0) (-0.0344770109593 0.457925397148 0) (-0.032790451772 0.460710496301 0) (-0.0310967136138 0.463492598038 0) (-0.0293958230144 0.466271737983 0) (-0.0276878056942 0.469047952154 0) (-0.0259726865644 0.471821276955 0) (-0.0242504897273 0.474591749172 0) (-0.0225212384766 0.477359405965 0) (-0.0207849552973 0.480124284862 0) (-0.0190416618666 0.482886423759 0) (-0.0172913790542 0.485645860908 0) (-0.0155341269228 0.488402634915 0) (-0.0137699247288 0.491156784735 0) (-0.011998790923 0.493908349665 0) (-0.0102207431513 0.496657369343 0))
    polyLine 28 32 ((0.155480905849 0.372169432283 -0.03) (0.156196528808 0.37287507406 -0.03) (0.156913505999 0.373579339809 -0.03) (0.157631834774 0.374282226932 -0.03) (0.158351512483 0.374983732836 -0.03) (0.15907253647 0.37568385493 -0.03) (0.159794904075 0.376382590632 -0.03) (0.160518612632 0.377079937362 -0.03) (0.161243659469 0.377775892548 -0.03) (0.161970041911 0.378470453621 -0.03) (0.162697757279 0.379163618019 -0.03) (0.163426802885 0.379855383182 -0.03) (0.16415717604 0.380545746558 -0.03) (0.164888874049 0.3812347056 -0.03) (0.165621894211 0.381922257765 -0.03) (0.166356233821 0.382608400516 -0.03) (0.167091890169 0.38329313132 -0.03) (0.167828860541 0.383976447651 -0.03) (0.168567142216 0.384658346987 -0.03) (0.169306732471 0.385338826812 -0.03) (0.170047628576 0.386017884615 -0.03) (0.170789827797 0.386695517889 -0.03) (0.171533327394 0.387371724134 -0.03) (0.172278124625 0.388046500855 -0.03) (0.17302421674 0.388719845561 -0.03) (0.173771600986 0.389391755767 -0.03) (0.174520274606 0.390062228994 -0.03) (0.175270234836 0.390731262768 -0.03) (0.176021478909 0.39139885462 -0.03) (0.176774004052 0.392065002086 -0.03) (0.177527807488 0.392729702707 -0.03) (0.178282886436 0.393392954032 -0.03) (0.179039238109 0.394054753612 -0.03) (0.179796859717 0.394715099004 -0.03) (0.180555748462 0.395373987773 -0.03) (0.181315901544 0.396031417487 -0.03) (0.182077316159 0.396687385719 -0.03) (0.182839989497 0.397341890048 -0.03) (0.183603918742 0.39799492806 -0.03) (0.184369101077 0.398646497345 -0.03) (0.185135533676 0.399296595497 -0.03) (0.185903213712 0.399945220119 -0.03) (0.186672138352 0.400592368816 -0.03) (0.187442304757 0.4012380392 -0.03) (0.188213710087 0.401882228888 -0.03) (0.188986351494 0.402524935504 -0.03) (0.189760226127 0.403166156674 -0.03) (0.19053533113 0.403805890034 -0.03) (0.191311663642 0.404444133222 -0.03) (0.1920892208 0.405080883883 -0.03) (0.192867999732 0.405716139667 -0.03) (0.193647997567 0.40634989823 -0.03) (0.194429211424 0.406982157233 -0.03) (0.195211638421 0.407612914342 -0.03) (0.195995275671 0.408242167231 -0.03) (0.196780120282 0.408869913577 -0.03) (0.197566169357 0.409496151063 -0.03) (0.198353419995 0.410120877378 -0.03))
    polyLine 30 34 ((0.155480905849 0.372169432283 0) (0.156196528808 0.37287507406 0) (0.156913505999 0.373579339809 0) (0.157631834774 0.374282226932 0) (0.158351512483 0.374983732836 0) (0.15907253647 0.37568385493 0) (0.159794904075 0.376382590632 0) (0.160518612632 0.377079937362 0) (0.161243659469 0.377775892548 0) (0.161970041911 0.378470453621 0) (0.162697757279 0.379163618019 0) (0.163426802885 0.379855383182 0) (0.16415717604 0.380545746558 0) (0.164888874049 0.3812347056 0) (0.165621894211 0.381922257765 0) (0.166356233821 0.382608400516 0) (0.167091890169 0.38329313132 0) (0.167828860541 0.383976447651 0) (0.168567142216 0.384658346987 0) (0.169306732471 0.385338826812 0) (0.170047628576 0.386017884615 0) (0.170789827797 0.386695517889 0) (0.171533327394 0.387371724134 0) (0.172278124625 0.388046500855 0) (0.17302421674 0.388719845561 0) (0.173771600986 0.389391755767 0) (0.174520274606 0.390062228994 0) (0.175270234836 0.390731262768 0) (0.176021478909 0.39139885462 0) (0.176774004052 0.392065002086 0) (0.177527807488 0.392729702707 0) (0.178282886436 0.393392954032 0) (0.179039238109 0.394054753612 0) (0.179796859717 0.394715099004 0) (0.180555748462 0.395373987773 0) (0.181315901544 0.396031417487 0) (0.182077316159 0.396687385719 0) (0.182839989497 0.397341890048 0) (0.183603918742 0.39799492806 0) (0.184369101077 0.398646497345 0) (0.185135533676 0.399296595497 0) (0.185903213712 0.399945220119 0) (0.186672138352 0.400592368816 0) (0.187442304757 0.4012380392 0) (0.188213710087 0.401882228888 0) (0.188986351494 0.402524935504 0) (0.189760226127 0.403166156674 0) (0.19053533113 0.403805890034 0) (0.191311663642 0.404444133222 0) (0.1920892208 0.405080883883 0) (0.192867999732 0.405716139667 0) (0.193647997567 0.40634989823 0) (0.194429211424 0.406982157233 0) (0.195211638421 0.407612914342 0) (0.195995275671 0.408242167231 0) (0.196780120282 0.408869913577 0) (0.197566169357 0.409496151063 0) (0.198353419995 0.410120877378 0))
    polyLine 29 33 ((-0.00662547165846 0.502176198019 -0.03) (-0.00480813713151 0.504946038149 -0.03) (-0.00298380954713 0.507713446359 -0.03) (-0.00115250294387 0.51047846521 -0.03) (0.000685769472798 0.513241137586 -0.03) (0.0025309953294 0.516001506693 -0.03) (0.00438316308343 0.518759616057 -0.03) (0.00624226202222 0.521515509514 -0.03) (0.00810828226191 0.524269231212 -0.03) (0.00998121474629 0.527020825604 -0.03) (0.0118610512457 0.529770337446 -0.03) (0.0137477843561 0.532517811795 -0.03) (0.0156414074975 0.535263294001 -0.03) (0.0175419149136 0.53800682971 -0.03) (0.0194493016698 0.540748464857 -0.03) (0.021363563653 0.543488245666 -0.03) (0.0232846975699 0.546226218643 -0.03) (0.0252127009465 0.548962430578 -0.03) (0.0271475721265 0.551696928541 -0.03) (0.0290893102709 0.554429759879 -0.03) (0.0310379153566 0.557160972214 -0.03) (0.0329933881758 0.559890613443 -0.03) (0.0349557303349 0.562618731733 -0.03))
    polyLine 31 35 ((-0.00662547165846 0.502176198019 0) (-0.00480813713151 0.504946038149 0) (-0.00298380954713 0.507713446359 0) (-0.00115250294387 0.51047846521 0) (0.000685769472798 0.513241137586 0) (0.0025309953294 0.516001506693 0) (0.00438316308343 0.518759616057 0) (0.00624226202222 0.521515509514 0) (0.00810828226191 0.524269231212 0) (0.00998121474629 0.527020825604 0) (0.0118610512457 0.529770337446 0) (0.0137477843561 0.532517811795 0) (0.0156414074975 0.535263294001 0) (0.0175419149136 0.53800682971 0) (0.0194493016698 0.540748464857 0) (0.021363563653 0.543488245666 0) (0.0232846975699 0.546226218643 0) (0.0252127009465 0.548962430578 0) (0.0271475721265 0.551696928541 0) (0.0290893102709 0.554429759879 0) (0.0310379153566 0.557160972214 0) (0.0329933881758 0.559890613443 0) (0.0349557303349 0.562618731733 0))
    polyLine 32 36 ((0.199141869293 0.410744090217 -0.03) (0.199931514339 0.41136578728 -0.03) (0.20072235222 0.411985966273 -0.03) (0.201514380017 0.412604624908 -0.03) (0.202307594808 0.4132217609 -0.03) (0.203101993665 0.413837371973 -0.03) (0.203897573656 0.414451455855 -0.03) (0.204694331847 0.415064010279 -0.03) (0.205492265296 0.415675032986 -0.03) (0.206291371059 0.41628452172 -0.03) (0.207091646187 0.416892474232 -0.03) (0.207893087727 0.417498888278 -0.03) (0.20869569272 0.418103761622 -0.03) (0.209499458206 0.41870709203 -0.03) (0.210304381218 0.419308877276 -0.03) (0.211110458785 0.419909115139 -0.03) (0.211917687934 0.420507803404 -0.03) (0.212726065684 0.421104939862 -0.03) (0.213535589054 0.42170052231 -0.03) (0.214346255055 0.422294548549 -0.03) (0.215158060695 0.422887016387 -0.03) (0.21597100298 0.423477923637 -0.03) (0.216785078909 0.42406726812 -0.03) (0.217600285477 0.424655047661 -0.03) (0.218416619677 0.425241260089 -0.03) (0.219234078496 0.425825903242 -0.03) (0.220052658917 0.426408974963 -0.03) (0.220872357919 0.4269904731 -0.03) (0.221693172478 0.427570395506 -0.03) (0.222515099565 0.428148740042 -0.03) (0.223338136145 0.428725504573 -0.03) (0.224162279182 0.429300686971 -0.03) (0.224987525635 0.429874285113 -0.03) (0.225813872459 0.430446296883 -0.03) (0.226641316603 0.43101672017 -0.03) (0.227469855014 0.431585552868 -0.03) (0.228299484634 0.432152792879 -0.03) (0.229130202403 0.432718438109 -0.03) (0.229962005254 0.43328248647 -0.03) (0.230794890118 0.433844935882 -0.03) (0.231628853921 0.434405784269 -0.03) (0.232463893586 0.43496502956 -0.03) (0.23330000603 0.435522669692 -0.03) (0.234137188169 0.436078702608 -0.03) (0.234975436913 0.436633126255 -0.03) (0.235814749169 0.437185938587 -0.03) (0.236655121839 0.437737137565 -0.03) (0.237496551822 0.438286721153 -0.03) (0.238339036013 0.438834687325 -0.03) (0.239182571303 0.439381034057 -0.03) (0.240027154579 0.439925759334 -0.03) (0.240872782724 0.440468861146 -0.03) (0.241719452617 0.441010337488 -0.03) (0.242567161135 0.441550186362 -0.03) (0.243415905148 0.442088405775 -0.03) (0.244265681525 0.442624993742 -0.03) (0.245116487129 0.443159948283 -0.03) (0.245968318822 0.443693267423 -0.03) (0.246821173459 0.444224949194 -0.03))
    polyLine 34 38 ((0.199141869293 0.410744090217 0) (0.199931514339 0.41136578728 0) (0.20072235222 0.411985966273 0) (0.201514380017 0.412604624908 0) (0.202307594808 0.4132217609 0) (0.203101993665 0.413837371973 0) (0.203897573656 0.414451455855 0) (0.204694331847 0.415064010279 0) (0.205492265296 0.415675032986 0) (0.206291371059 0.41628452172 0) (0.207091646187 0.416892474232 0) (0.207893087727 0.417498888278 0) (0.20869569272 0.418103761622 0) (0.209499458206 0.41870709203 0) (0.210304381218 0.419308877276 0) (0.211110458785 0.419909115139 0) (0.211917687934 0.420507803404 0) (0.212726065684 0.421104939862 0) (0.213535589054 0.42170052231 0) (0.214346255055 0.422294548549 0) (0.215158060695 0.422887016387 0) (0.21597100298 0.423477923637 0) (0.216785078909 0.42406726812 0) (0.217600285477 0.424655047661 0) (0.218416619677 0.425241260089 0) (0.219234078496 0.425825903242 0) (0.220052658917 0.426408974963 0) (0.220872357919 0.4269904731 0) (0.221693172478 0.427570395506 0) (0.222515099565 0.428148740042 0) (0.223338136145 0.428725504573 0) (0.224162279182 0.429300686971 0) (0.224987525635 0.429874285113 0) (0.225813872459 0.430446296883 0) (0.226641316603 0.43101672017 0) (0.227469855014 0.431585552868 0) (0.228299484634 0.432152792879 0) (0.229130202403 0.432718438109 0) (0.229962005254 0.43328248647 0) (0.230794890118 0.433844935882 0) (0.231628853921 0.434405784269 0) (0.232463893586 0.43496502956 0) (0.23330000603 0.435522669692 0) (0.234137188169 0.436078702608 0) (0.234975436913 0.436633126255 0) (0.235814749169 0.437185938587 0) (0.236655121839 0.437737137565 0) (0.237496551822 0.438286721153 0) (0.238339036013 0.438834687325 0) (0.239182571303 0.439381034057 0) (0.240027154579 0.439925759334 0) (0.240872782724 0.440468861146 0) (0.241719452617 0.441010337488 0) (0.242567161135 0.441550186362 0) (0.243415905148 0.442088405775 0) (0.244265681525 0.442624993742 0) (0.245116487129 0.443159948283 0) (0.245968318822 0.443693267423 0) (0.246821173459 0.444224949194 0))
    polyLine 33 37 ((0.0389245447636 0.568102952914 -0.03) (0.0409311887429 0.570859121179 -0.03) (0.0429448812373 0.573613931332 -0.03) (0.0449656281424 0.576367434665 -0.03) (0.0469934362026 0.579119682746 -0.03) (0.049028313011 0.581870727417 -0.03) (0.0510702670087 0.584620620791 -0.03) (0.0531193074844 0.587369415257 -0.03) (0.055175444574 0.590117163473 -0.03) (0.0572386892603 0.592863918366 -0.03) (0.0593090533728 0.595609733137 -0.03) (0.0613865495875 0.598354661254 -0.03) (0.063471191427 0.601098756456 -0.03) (0.0655629932602 0.60384207275 -0.03) (0.0676619703027 0.606584664414 -0.03) (0.0697681386169 0.609326585995 -0.03) (0.0718815151121 0.61206789231 -0.03) (0.074002117545 0.614808638445 -0.03) (0.0761299645203 0.617548879757 -0.03) (0.078265075491 0.620288671874 -0.03) (0.0804074707592 0.623028070697 -0.03) (0.0825571714767 0.625767132399 -0.03) (0.0847141996462 0.628505913425 -0.03))
    polyLine 35 39 ((0.0389245447636 0.568102952914 0) (0.0409311887429 0.570859121179 0) (0.0429448812373 0.573613931332 0) (0.0449656281424 0.576367434665 0) (0.0469934362026 0.579119682746 0) (0.049028313011 0.581870727417 0) (0.0510702670087 0.584620620791 0) (0.0531193074844 0.587369415257 0) (0.055175444574 0.590117163473 0) (0.0572386892603 0.592863918366 0) (0.0593090533728 0.595609733137 0) (0.0613865495875 0.598354661254 0) (0.063471191427 0.601098756456 0) (0.0655629932602 0.60384207275 0) (0.0676619703027 0.606584664414 0) (0.0697681386169 0.609326585995 0) (0.0718815151121 0.61206789231 0) (0.074002117545 0.614808638445 0) (0.0761299645203 0.617548879757 0) (0.078265075491 0.620288671874 0) (0.0804074707592 0.623028070697 0) (0.0825571714767 0.625767132399 0) (0.0847141996462 0.628505913425 0))
    polyLine 36 40 ((0.247675047893 0.444754991634 -0.03) (0.248529938973 0.445283392787 -0.03) (0.249385843544 0.445810150703 -0.03) (0.250242758448 0.446335263438 -0.03) (0.251100680522 0.446858729055 -0.03) (0.251959606601 0.447380545621 -0.03) (0.252819533514 0.447900711211 -0.03) (0.253680458089 0.448419223905 -0.03) (0.254542377147 0.448936081791 -0.03) (0.255405287509 0.44945128296 -0.03) (0.25626918599 0.449964825511 -0.03) (0.257134069402 0.450476707549 -0.03) (0.257999934553 0.450986927185 -0.03) (0.258866778249 0.451495482536 -0.03) (0.259734597289 0.452002371726 -0.03) (0.260603388471 0.452507592884 -0.03) (0.26147314859 0.453011144145 -0.03) (0.262343874436 0.453513023652 -0.03) (0.263215562795 0.454013229552 -0.03) (0.26408821045 0.454511759998 -0.03) (0.264961814182 0.455008613153 -0.03) (0.265836370766 0.455503787181 -0.03) (0.266711876976 0.455997280256 -0.03) (0.267588329579 0.456489090556 -0.03) (0.268465725342 0.456979216267 -0.03) (0.269344061027 0.457467655579 -0.03) (0.270223333392 0.457954406691 -0.03) (0.271103539193 0.458439467806 -0.03) (0.271984675182 0.458922837134 -0.03) (0.272866738106 0.459404512891 -0.03) (0.273749724711 0.459884493299 -0.03) (0.274633631738 0.460362776588 -0.03) (0.275518455925 0.460839360993 -0.03) (0.276404194008 0.461314244754 -0.03) (0.277290842717 0.461787426119 -0.03) (0.27817839878 0.462258903342 -0.03) (0.279066858922 0.462728674683 -0.03) (0.279956219865 0.463196738409 -0.03) (0.280846478325 0.463663092792 -0.03) (0.281737631019 0.46412773611 -0.03) (0.282629674657 0.464590666651 -0.03) (0.283522605948 0.465051882704 -0.03) (0.284416421595 0.465511382569 -0.03) (0.285311118301 0.465969164549 -0.03) (0.286206692764 0.466425226955 -0.03) (0.28710314168 0.466879568104 -0.03) (0.288000461739 0.467332186319 -0.03) (0.28889864963 0.46778307993 -0.03) (0.28979770204 0.468232247274 -0.03) (0.290697615649 0.468679686691 -0.03) (0.291598387138 0.469125396533 -0.03) (0.292500013181 0.469569375152 -0.03) (0.293402490453 0.470011620912 -0.03) (0.294305815621 0.47045213218 -0.03) (0.295209985354 0.47089090733 -0.03) (0.296114996313 0.471327944744 -0.03) (0.297020845159 0.471763242808 -0.03) (0.29792752855 0.472196799916 -0.03) (0.29883504314 0.472628614468 -0.03))
    polyLine 38 42 ((0.247675047893 0.444754991634 0) (0.248529938973 0.445283392787 0) (0.249385843544 0.445810150703 0) (0.250242758448 0.446335263438 0) (0.251100680522 0.446858729055 0) (0.251959606601 0.447380545621 0) (0.252819533514 0.447900711211 0) (0.253680458089 0.448419223905 0) (0.254542377147 0.448936081791 0) (0.255405287509 0.44945128296 0) (0.25626918599 0.449964825511 0) (0.257134069402 0.450476707549 0) (0.257999934553 0.450986927185 0) (0.258866778249 0.451495482536 0) (0.259734597289 0.452002371726 0) (0.260603388471 0.452507592884 0) (0.26147314859 0.453011144145 0) (0.262343874436 0.453513023652 0) (0.263215562795 0.454013229552 0) (0.26408821045 0.454511759998 0) (0.264961814182 0.455008613153 0) (0.265836370766 0.455503787181 0) (0.266711876976 0.455997280256 0) (0.267588329579 0.456489090556 0) (0.268465725342 0.456979216267 0) (0.269344061027 0.457467655579 0) (0.270223333392 0.457954406691 0) (0.271103539193 0.458439467806 0) (0.271984675182 0.458922837134 0) (0.272866738106 0.459404512891 0) (0.273749724711 0.459884493299 0) (0.274633631738 0.460362776588 0) (0.275518455925 0.460839360993 0) (0.276404194008 0.461314244754 0) (0.277290842717 0.461787426119 0) (0.27817839878 0.462258903342 0) (0.279066858922 0.462728674683 0) (0.279956219865 0.463196738409 0) (0.280846478325 0.463663092792 0) (0.281737631019 0.46412773611 0) (0.282629674657 0.464590666651 0) (0.283522605948 0.465051882704 0) (0.284416421595 0.465511382569 0) (0.285311118301 0.465969164549 0) (0.286206692764 0.466425226955 0) (0.28710314168 0.466879568104 0) (0.288000461739 0.467332186319 0) (0.28889864963 0.46778307993 0) (0.28979770204 0.468232247274 0) (0.290697615649 0.468679686691 0) (0.291598387138 0.469125396533 0) (0.292500013181 0.469569375152 0) (0.293402490453 0.470011620912 0) (0.294305815621 0.47045213218 0) (0.295209985354 0.47089090733 0) (0.296114996313 0.471327944744 0) (0.297020845159 0.471763242808 0) (0.29792752855 0.472196799916 0) (0.29883504314 0.472628614468 0))
    polyLine 37 41 ((0.0890796397101 0.634019752328 -0.03) (0.0912883009154 0.636794922296 -0.03) (0.0935045882126 0.639570040313 -0.03) (0.0957285289805 0.642345166592 -0.03) (0.0979601515029 0.645120361639 -0.03) (0.100199484971 0.647895686262 -0.03) (0.102446559484 0.650671201567 -0.03) (0.104701406054 0.653446968966 -0.03) (0.106964056604 0.656223050172 -0.03) (0.109234543974 0.65899950721 -0.03) (0.11151290192 0.661776402413 -0.03) (0.113799165121 0.664553798425 -0.03) (0.116093369175 0.667331758208 -0.03) (0.118395550611 0.670110345039 -0.03) (0.120705746882 0.67288962252 -0.03) (0.123023996375 0.675669654574 -0.03) (0.125350338414 0.678450505451 -0.03) (0.127684813259 0.681232239734 -0.03) (0.130027462114 0.684014922338 -0.03) (0.132378327127 0.686798618516 -0.03) (0.134737451399 0.689583393862 -0.03) (0.137104878983 0.692369314315 -0.03) (0.13948065489 0.695156446165 -0.03))
    polyLine 39 43 ((0.0890796397101 0.634019752328 0) (0.0912883009154 0.636794922296 0) (0.0935045882126 0.639570040313 0) (0.0957285289805 0.642345166592 0) (0.0979601515029 0.645120361639 0) (0.100199484971 0.647895686262 0) (0.102446559484 0.650671201567 0) (0.104701406054 0.653446968966 0) (0.106964056604 0.656223050172 0) (0.109234543974 0.65899950721 0) (0.11151290192 0.661776402413 0) (0.113799165121 0.664553798425 0) (0.116093369175 0.667331758208 0) (0.118395550611 0.670110345039 0) (0.120705746882 0.67288962252 0) (0.123023996375 0.675669654574 0) (0.125350338414 0.678450505451 0) (0.127684813259 0.681232239734 0) (0.130027462114 0.684014922338 0) (0.132378327127 0.686798618516 0) (0.134737451399 0.689583393862 0) (0.137104878983 0.692369314315 0) (0.13948065489 0.695156446165 0))
    polyLine 40 44 ((0.299743385578 0.473058684871 -0.03) (0.300652552514 0.473487009537 -0.03) (0.301562540593 0.473913586886 -0.03) (0.302473346455 0.474338415343 -0.03) (0.303384966741 0.474761493341 -0.03) (0.304297398085 0.475182819319 -0.03) (0.30521063712 0.475602391721 -0.03) (0.306124680478 0.476020209 -0.03) (0.307039524783 0.476436269613 -0.03) (0.307955166661 0.476850572026 -0.03) (0.308871602732 0.477263114708 -0.03) (0.309788829614 0.477673896138 -0.03) (0.310706843923 0.478082914801 -0.03) (0.311625642271 0.478490169185 -0.03) (0.312545221267 0.478895657789 -0.03) (0.313465577517 0.479299379116 -0.03) (0.314386707625 0.479701331677 -0.03) (0.315308608192 0.480101513987 -0.03) (0.316231275816 0.480499924571 -0.03) (0.317154707092 0.480896561958 -0.03) (0.318078898611 0.481291424683 -0.03) (0.319003846964 0.481684511291 -0.03) (0.319929548738 0.48207582033 -0.03) (0.320856000515 0.482465350357 -0.03) (0.321783198878 0.482853099933 -0.03) (0.322711140403 0.483239067628 -0.03) (0.323639821668 0.483623252018 -0.03) (0.324569239245 0.484005651685 -0.03) (0.325499389704 0.484386265217 -0.03) (0.326430269613 0.484765091211 -0.03) (0.327361875535 0.485142128267 -0.03) (0.328294204034 0.485517374995 -0.03) (0.329227251669 0.485890830011 -0.03) (0.330161014997 0.486262491934 -0.03) (0.331094324829 0.486632935278 -0.03) (0.332027634661 0.487003378622 -0.03) (0.332960944493 0.487373821966 -0.03) (0.333894254325 0.48774426531 -0.03) (0.334827564157 0.488114708654 -0.03) (0.335760873989 0.488485151998 -0.03) (0.336694183822 0.488855595341 -0.03) (0.337627493654 0.489226038685 -0.03) (0.338560803486 0.489596482029 -0.03) (0.339494113318 0.489966925373 -0.03) (0.34042742315 0.490337368717 -0.03) (0.341360732982 0.490707812061 -0.03) (0.342294042814 0.491078255405 -0.03) (0.343227352646 0.491448698748 -0.03) (0.344160662478 0.491819142092 -0.03) (0.345093972311 0.492189585436 -0.03) (0.346027282143 0.49256002878 -0.03) (0.346960591975 0.492930472124 -0.03) (0.347893901807 0.493300915468 -0.03) (0.348827211639 0.493671358812 -0.03) (0.349760521471 0.494041802155 -0.03) (0.350693831303 0.494412245499 -0.03) (0.351627141135 0.494782688843 -0.03) (0.352560450968 0.495153132187 -0.03))
    polyLine 42 46 ((0.299743385578 0.473058684871 0) (0.300652552514 0.473487009537 0) (0.301562540593 0.473913586886 0) (0.302473346455 0.474338415343 0) (0.303384966741 0.474761493341 0) (0.304297398085 0.475182819319 0) (0.30521063712 0.475602391721 0) (0.306124680478 0.476020209 0) (0.307039524783 0.476436269613 0) (0.307955166661 0.476850572026 0) (0.308871602732 0.477263114708 0) (0.309788829614 0.477673896138 0) (0.310706843923 0.478082914801 0) (0.311625642271 0.478490169185 0) (0.312545221267 0.478895657789 0) (0.313465577517 0.479299379116 0) (0.314386707625 0.479701331677 0) (0.315308608192 0.480101513987 0) (0.316231275816 0.480499924571 0) (0.317154707092 0.480896561958 0) (0.318078898611 0.481291424683 0) (0.319003846964 0.481684511291 0) (0.319929548738 0.48207582033 0) (0.320856000515 0.482465350357 0) (0.321783198878 0.482853099933 0) (0.322711140403 0.483239067628 0) (0.323639821668 0.483623252018 0) (0.324569239245 0.484005651685 0) (0.325499389704 0.484386265217 0) (0.326430269613 0.484765091211 0) (0.327361875535 0.485142128267 0) (0.328294204034 0.485517374995 0) (0.329227251669 0.485890830011 0) (0.330161014997 0.486262491934 0) (0.331094324829 0.486632935278 0) (0.332027634661 0.487003378622 0) (0.332960944493 0.487373821966 0) (0.333894254325 0.48774426531 0) (0.334827564157 0.488114708654 0) (0.335760873989 0.488485151998 0) (0.336694183822 0.488855595341 0) (0.337627493654 0.489226038685 0) (0.338560803486 0.489596482029 0) (0.339494113318 0.489966925373 0) (0.34042742315 0.490337368717 0) (0.341360732982 0.490707812061 0) (0.342294042814 0.491078255405 0) (0.343227352646 0.491448698748 0) (0.344160662478 0.491819142092 0) (0.345093972311 0.492189585436 0) (0.346027282143 0.49256002878 0) (0.346960591975 0.492930472124 0) (0.347893901807 0.493300915468 0) (0.348827211639 0.493671358812 0) (0.349760521471 0.494041802155 0) (0.350693831303 0.494412245499 0) (0.351627141135 0.494782688843 0) (0.352560450968 0.495153132187 0))
    polyLine 41 45 ((0.144297250085 0.700780961386 -0.03) (0.14673844942 0.703618527586 -0.03) (0.149188474492 0.706457625818 -0.03) (0.151647377746 0.709298327643 -0.03) (0.154115212678 0.712140705024 -0.03) (0.156592033848 0.714984830329 -0.03) (0.15907789688 0.717830776338 -0.03) (0.161572858474 0.720678616248 -0.03) (0.164076976408 0.723528423677 -0.03) (0.166590309547 0.726380272672 -0.03) (0.169112917851 0.729234237715 -0.03) (0.171644862381 0.732090393727 -0.03) (0.174186205303 0.734948816074 -0.03) (0.176737009904 0.737809580578 -0.03) (0.179297340591 0.740672763517 -0.03) (0.181867262904 0.743538441636 -0.03) (0.184446843525 0.746406692152 -0.03) (0.187036150283 0.749277592762 -0.03) (0.189635252166 0.752151221648 -0.03) (0.192244219328 0.755027657489 -0.03) (0.194863123099 0.757906979462 -0.03) (0.197492035997 0.760789267253 -0.03) (0.200131031733 0.763674601066 -0.03))
    polyLine 43 47 ((0.144297250085 0.700780961386 0) (0.14673844942 0.703618527586 0) (0.149188474492 0.706457625818 0) (0.151647377746 0.709298327643 0) (0.154115212678 0.712140705024 0) (0.156592033848 0.714984830329 0) (0.15907789688 0.717830776338 0) (0.161572858474 0.720678616248 0) (0.164076976408 0.723528423677 0) (0.166590309547 0.726380272672 0) (0.169112917851 0.729234237715 0) (0.171644862381 0.732090393727 0) (0.174186205303 0.734948816074 0) (0.176737009904 0.737809580578 0) (0.179297340591 0.740672763517 0) (0.181867262904 0.743538441636 0) (0.184446843525 0.746406692152 0) (0.187036150283 0.749277592762 0) (0.189635252166 0.752151221648 0) (0.192244219328 0.755027657489 0) (0.194863123099 0.757906979462 0) (0.197492035997 0.760789267253 0) (0.200131031733 0.763674601066 0))
    polyLine 44 48 ((0.3534937608 0.495523575531 -0.03) (0.354427070632 0.495894018875 -0.03) (0.355360380464 0.496264462218 -0.03) (0.356293690296 0.496634905562 -0.03) (0.357227000128 0.497005348906 -0.03) (0.35816030996 0.49737579225 -0.03) (0.359093619792 0.497746235594 -0.03) (0.360026929624 0.498116678938 -0.03) (0.360960239457 0.498487122282 -0.03) (0.361893549289 0.498857565625 -0.03) (0.362826859121 0.499228008969 -0.03) (0.363760168953 0.499598452313 -0.03) (0.364693478785 0.499968895657 -0.03) (0.365626788617 0.500339339001 -0.03) (0.366560098449 0.500709782345 -0.03) (0.367493408281 0.501080225689 -0.03) (0.368426718114 0.501450669032 -0.03) (0.369360027946 0.501821112376 -0.03) (0.370293337778 0.50219155572 -0.03) (0.37122664761 0.502561999064 -0.03) (0.372159957442 0.502932442408 -0.03) (0.373093267274 0.503302885752 -0.03) (0.374026577106 0.503673329096 -0.03) (0.374959886938 0.504043772439 -0.03) (0.37589319677 0.504414215783 -0.03) (0.376826506603 0.504784659127 -0.03) (0.377759816435 0.505155102471 -0.03) (0.378693126267 0.505525545815 -0.03) (0.379626436099 0.505895989159 -0.03) (0.380559745931 0.506266432503 -0.03) (0.381493055763 0.506636875846 -0.03) (0.382426365595 0.50700731919 -0.03) (0.383359675427 0.507377762534 -0.03) (0.38429298526 0.507748205878 -0.03) (0.385226295092 0.508118649222 -0.03) (0.386159604924 0.508489092566 -0.03) (0.387092914756 0.50885953591 -0.03) (0.388026224588 0.509229979253 -0.03) (0.38895953442 0.509600422597 -0.03) (0.389892844252 0.509970865941 -0.03) (0.390826154084 0.510341309285 -0.03) (0.391759463916 0.510711752629 -0.03) (0.392692773749 0.511082195973 -0.03) (0.393626083581 0.511452639317 -0.03) (0.394559393413 0.51182308266 -0.03) (0.395492703245 0.512193526004 -0.03) (0.396426013077 0.512563969348 -0.03) (0.397359322909 0.512934412692 -0.03) (0.398292632741 0.513304856036 -0.03) (0.399225942573 0.51367529938 -0.03) (0.400159252406 0.514045742724 -0.03) (0.401092562238 0.514416186067 -0.03) (0.40202587207 0.514786629411 -0.03) (0.402959181902 0.515157072755 -0.03) (0.403892491734 0.515527516099 -0.03) (0.404825801566 0.515897959443 -0.03) (0.405759111398 0.516268402787 -0.03) (0.40669242123 0.51663884613 -0.03) (0.407625731062 0.517009289474 -0.03))
    polyLine 46 50 ((0.3534937608 0.495523575531 0) (0.354427070632 0.495894018875 0) (0.355360380464 0.496264462218 0) (0.356293690296 0.496634905562 0) (0.357227000128 0.497005348906 0) (0.35816030996 0.49737579225 0) (0.359093619792 0.497746235594 0) (0.360026929624 0.498116678938 0) (0.360960239457 0.498487122282 0) (0.361893549289 0.498857565625 0) (0.362826859121 0.499228008969 0) (0.363760168953 0.499598452313 0) (0.364693478785 0.499968895657 0) (0.365626788617 0.500339339001 0) (0.366560098449 0.500709782345 0) (0.367493408281 0.501080225689 0) (0.368426718114 0.501450669032 0) (0.369360027946 0.501821112376 0) (0.370293337778 0.50219155572 0) (0.37122664761 0.502561999064 0) (0.372159957442 0.502932442408 0) (0.373093267274 0.503302885752 0) (0.374026577106 0.503673329096 0) (0.374959886938 0.504043772439 0) (0.37589319677 0.504414215783 0) (0.376826506603 0.504784659127 0) (0.377759816435 0.505155102471 0) (0.378693126267 0.505525545815 0) (0.379626436099 0.505895989159 0) (0.380559745931 0.506266432503 0) (0.381493055763 0.506636875846 0) (0.382426365595 0.50700731919 0) (0.383359675427 0.507377762534 0) (0.38429298526 0.507748205878 0) (0.385226295092 0.508118649222 0) (0.386159604924 0.508489092566 0) (0.387092914756 0.50885953591 0) (0.388026224588 0.509229979253 0) (0.38895953442 0.509600422597 0) (0.389892844252 0.509970865941 0) (0.390826154084 0.510341309285 0) (0.391759463916 0.510711752629 0) (0.392692773749 0.511082195973 0) (0.393626083581 0.511452639317 0) (0.394559393413 0.51182308266 0) (0.395492703245 0.512193526004 0) (0.396426013077 0.512563969348 0) (0.397359322909 0.512934412692 0) (0.398292632741 0.513304856036 0) (0.399225942573 0.51367529938 0) (0.400159252406 0.514045742724 0) (0.401092562238 0.514416186067 0) (0.40202587207 0.514786629411 0) (0.402959181902 0.515157072755 0) (0.403892491734 0.515527516099 0) (0.404825801566 0.515897959443 0) (0.405759111398 0.516268402787 0) (0.40669242123 0.51663884613 0) (0.407625731062 0.517009289474 0))
    polyLine 45 49 ((0.205500938484 0.769521362696 -0.03) (0.208232485275 0.772483108825 -0.03) (0.2109749098 0.775448388204 -0.03) (0.213728297628 0.778417289635 -0.03) (0.216492735708 0.781389902539 -0.03) (0.219268312386 0.784366316971 -0.03) (0.222055117415 0.787346623622 -0.03) (0.22485324197 0.790330913838 -0.03) (0.227662778661 0.793319279625 -0.03) (0.230483821552 0.796311813661 -0.03) (0.233316466169 0.799308609309 -0.03) (0.23616080952 0.802309760623 -0.03) (0.239016950111 0.805315362368 -0.03) (0.241884987959 0.808325510022 -0.03) (0.24476502461 0.811340299796 -0.03) (0.247657163157 0.814359828639 -0.03) (0.250561508254 0.817384194257 -0.03) (0.253478166139 0.82041349512 -0.03) (0.256407244643 0.823447830479 -0.03) (0.25934885322 0.826487300376 -0.03) (0.262303102956 0.829532005658 -0.03) (0.265270106593 0.832582047991 -0.03) (0.268249978548 0.835637529875 -0.03))
    polyLine 47 51 ((0.205500938484 0.769521362696 0) (0.208232485275 0.772483108825 0) (0.2109749098 0.775448388204 0) (0.213728297628 0.778417289635 0) (0.216492735708 0.781389902539 0) (0.219268312386 0.784366316971 0) (0.222055117415 0.787346623622 0) (0.22485324197 0.790330913838 0) (0.227662778661 0.793319279625 0) (0.230483821552 0.796311813661 0) (0.233316466169 0.799308609309 0) (0.23616080952 0.802309760623 0) (0.239016950111 0.805315362368 0) (0.241884987959 0.808325510022 0) (0.24476502461 0.811340299796 0) (0.247657163157 0.814359828639 0) (0.250561508254 0.817384194257 0) (0.253478166139 0.82041349512 0) (0.256407244643 0.823447830479 0) (0.25934885322 0.826487300376 0) (0.262303102956 0.829532005658 0) (0.265270106593 0.832582047991 0) (0.268249978548 0.835637529875 0))
    polyLine 48 52 ((0.408559040895 0.517379732818 -0.03) (0.409492350727 0.517750176162 -0.03) (0.410425660559 0.518120619506 -0.03) (0.411358970391 0.51849106285 -0.03) (0.412292280223 0.518861506194 -0.03) (0.413225590055 0.519231949537 -0.03) (0.414158899887 0.519602392881 -0.03) (0.415092209719 0.519972836225 -0.03) (0.416025519551 0.520343279569 -0.03) (0.416958829384 0.520713722913 -0.03) (0.417892139216 0.521084166257 -0.03) (0.418825449048 0.521454609601 -0.03) (0.41975875888 0.521825052944 -0.03) (0.420692068712 0.522195496288 -0.03) (0.421625378544 0.522565939632 -0.03) (0.422558688376 0.522936382976 -0.03) (0.423491998208 0.52330682632 -0.03) (0.424425308041 0.523677269664 -0.03) (0.425358617873 0.524047713008 -0.03) (0.426291927705 0.524418156351 -0.03) (0.427225237537 0.524788599695 -0.03) (0.428158547369 0.525159043039 -0.03) (0.429091857201 0.525529486383 -0.03) (0.430025167033 0.525899929727 -0.03) (0.430958476865 0.526270373071 -0.03) (0.431891786697 0.526640816415 -0.03) (0.43282509653 0.527011259758 -0.03) (0.433758406362 0.527381703102 -0.03) (0.434691716194 0.527752146446 -0.03) (0.435625026026 0.52812258979 -0.03) (0.436558335858 0.528493033134 -0.03) (0.43749164569 0.528863476478 -0.03) (0.438424955522 0.529233919822 -0.03) (0.439358265354 0.529604363165 -0.03) (0.440291575187 0.529974806509 -0.03) (0.441224885019 0.530345249853 -0.03) (0.442158194851 0.530715693197 -0.03) (0.443091504683 0.531086136541 -0.03) (0.444024814515 0.531456579885 -0.03) (0.444958124347 0.531827023229 -0.03) (0.445891434179 0.532197466572 -0.03) (0.446824744011 0.532567909916 -0.03) (0.447758053843 0.53293835326 -0.03) (0.448691363676 0.533308796604 -0.03) (0.449624673508 0.533679239948 -0.03) (0.45055798334 0.534049683292 -0.03) (0.451491293172 0.534420126636 -0.03) (0.452424603004 0.534790569979 -0.03) (0.453357912836 0.535161013323 -0.03) (0.454291222668 0.535531456667 -0.03) (0.4552245325 0.535901900011 -0.03) (0.456157842333 0.536272343355 -0.03) (0.457091152165 0.536642786699 -0.03) (0.458024461997 0.537013230043 -0.03) (0.458957771829 0.537383673386 -0.03) (0.459891081661 0.53775411673 -0.03) (0.460824391493 0.538124560074 -0.03) (0.461757701325 0.538495003418 -0.03) (0.462691011157 0.538865446762 -0.03))
    polyLine 50 54 ((0.408559040895 0.517379732818 0) (0.409492350727 0.517750176162 0) (0.410425660559 0.518120619506 0) (0.411358970391 0.51849106285 0) (0.412292280223 0.518861506194 0) (0.413225590055 0.519231949537 0) (0.414158899887 0.519602392881 0) (0.415092209719 0.519972836225 0) (0.416025519551 0.520343279569 0) (0.416958829384 0.520713722913 0) (0.417892139216 0.521084166257 0) (0.418825449048 0.521454609601 0) (0.41975875888 0.521825052944 0) (0.420692068712 0.522195496288 0) (0.421625378544 0.522565939632 0) (0.422558688376 0.522936382976 0) (0.423491998208 0.52330682632 0) (0.424425308041 0.523677269664 0) (0.425358617873 0.524047713008 0) (0.426291927705 0.524418156351 0) (0.427225237537 0.524788599695 0) (0.428158547369 0.525159043039 0) (0.429091857201 0.525529486383 0) (0.430025167033 0.525899929727 0) (0.430958476865 0.526270373071 0) (0.431891786697 0.526640816415 0) (0.43282509653 0.527011259758 0) (0.433758406362 0.527381703102 0) (0.434691716194 0.527752146446 0) (0.435625026026 0.52812258979 0) (0.436558335858 0.528493033134 0) (0.43749164569 0.528863476478 0) (0.438424955522 0.529233919822 0) (0.439358265354 0.529604363165 0) (0.440291575187 0.529974806509 0) (0.441224885019 0.530345249853 0) (0.442158194851 0.530715693197 0) (0.443091504683 0.531086136541 0) (0.444024814515 0.531456579885 0) (0.444958124347 0.531827023229 0) (0.445891434179 0.532197466572 0) (0.446824744011 0.532567909916 0) (0.447758053843 0.53293835326 0) (0.448691363676 0.533308796604 0) (0.449624673508 0.533679239948 0) (0.45055798334 0.534049683292 0) (0.451491293172 0.534420126636 0) (0.452424603004 0.534790569979 0) (0.453357912836 0.535161013323 0) (0.454291222668 0.535531456667 0) (0.4552245325 0.535901900011 0) (0.456157842333 0.536272343355 0) (0.457091152165 0.536642786699 0) (0.458024461997 0.537013230043 0) (0.458957771829 0.537383673386 0) (0.459891081661 0.53775411673 0) (0.460824391493 0.538124560074 0) (0.461757701325 0.538495003418 0) (0.462691011157 0.538865446762 0))
    polyLine 49 53 ((0.274264617502 0.841781349665 -0.03) (0.277299761796 0.844869958008 -0.03) (0.280348391072 0.847964487343 -0.03) (0.283410630406 0.851065046254 -0.03) (0.286486606716 0.854171744267 -0.03) (0.289576448784 0.857284691861 -0.03) (0.29268028728 0.860404000492 -0.03) (0.295798254791 0.863529782604 -0.03) (0.298930485838 0.866662151648 -0.03) (0.302077116911 0.8698012221 -0.03) (0.30523828649 0.872947109478 -0.03) (0.308414135072 0.87609993036 -0.03) (0.311604805199 0.879259802402 -0.03) (0.31481044149 0.882426844358 -0.03) (0.318031190663 0.885601176097 -0.03) (0.32126720157 0.888782918624 -0.03) (0.324518625224 0.891972194101 -0.03) (0.32778561483 0.895169125864 -0.03) (0.331068325818 0.898373838446 -0.03) (0.334366915874 0.901586457596 -0.03) (0.337681544972 0.904807110303 -0.03) (0.341012375408 0.908035924815 -0.03) (0.344359571834 0.911273030664 -0.03))
    polyLine 51 55 ((0.274264617502 0.841781349665 0) (0.277299761796 0.844869958008 0) (0.280348391072 0.847964487343 0) (0.283410630406 0.851065046254 0) (0.286486606716 0.854171744267 0) (0.289576448784 0.857284691861 0) (0.29268028728 0.860404000492 0) (0.295798254791 0.863529782604 0) (0.298930485838 0.866662151648 0) (0.302077116911 0.8698012221 0) (0.30523828649 0.872947109478 0) (0.308414135072 0.87609993036 0) (0.311604805199 0.879259802402 0) (0.31481044149 0.882426844358 0) (0.318031190663 0.885601176097 0) (0.32126720157 0.888782918624 0) (0.324518625224 0.891972194101 0) (0.32778561483 0.895169125864 0) (0.331068325818 0.898373838446 0) (0.334366915874 0.901586457596 0) (0.337681544972 0.904807110303 0) (0.341012375408 0.908035924815 0) (0.344359571834 0.911273030664 0))
    polyLine 52 56 ((0.463624320989 0.539235890106 -0.03) (0.464557630822 0.539606333449 -0.03) (0.465490940654 0.539976776793 -0.03) (0.466424250486 0.540347220137 -0.03) (0.467357560318 0.540717663481 -0.03) (0.46829087015 0.541088106825 -0.03) (0.469224179982 0.541458550169 -0.03) (0.470157489814 0.541828993513 -0.03) (0.471090799646 0.542199436856 -0.03) (0.472024109479 0.5425698802 -0.03) (0.472957419311 0.542940323544 -0.03) (0.473890729143 0.543310766888 -0.03) (0.474824038975 0.543681210232 -0.03) (0.475757348807 0.544051653576 -0.03) (0.476690658639 0.54442209692 -0.03) (0.477623968471 0.544792540263 -0.03) (0.478557278303 0.545162983607 -0.03) (0.479490588135 0.545533426951 -0.03) (0.480423897968 0.545903870295 -0.03) (0.4813572078 0.546274313639 -0.03) (0.482290517632 0.546644756983 -0.03) (0.483223827464 0.547015200327 -0.03) (0.484157137296 0.54738564367 -0.03) (0.485090447128 0.547756087014 -0.03) (0.48602375696 0.548126530358 -0.03) (0.486957066792 0.548496973702 -0.03) (0.487890376625 0.548867417046 -0.03) (0.488823686457 0.54923786039 -0.03) (0.489756996289 0.549608303734 -0.03) (0.490690306121 0.549978747077 -0.03) (0.491623615953 0.550349190421 -0.03) (0.492556925785 0.550719633765 -0.03) (0.493490235617 0.551090077109 -0.03) (0.494423545449 0.551460520453 -0.03) (0.495356855281 0.551830963797 -0.03) (0.496290165114 0.552201407141 -0.03) (0.497223474946 0.552571850484 -0.03) (0.498156784778 0.552942293828 -0.03) (0.49909009461 0.553312737172 -0.03) (0.500023404442 0.553683180516 -0.03) (0.500956714274 0.55405362386 -0.03) (0.501890024106 0.554424067204 -0.03) (0.502823333938 0.554794510548 -0.03) (0.503756643771 0.555164953891 -0.03) (0.504689953603 0.555535397235 -0.03) (0.505623263435 0.555905840579 -0.03) (0.506556573267 0.556276283923 -0.03) (0.507489883099 0.556646727267 -0.03) (0.508423192931 0.557017170611 -0.03) (0.509356502763 0.557387613955 -0.03) (0.510289812595 0.557758057298 -0.03) (0.511223122427 0.558128500642 -0.03) (0.51215643226 0.558498943986 -0.03) (0.513089742092 0.55886938733 -0.03) (0.514023051924 0.559239830674 -0.03) (0.514956361756 0.559610274018 -0.03) (0.515889671588 0.559980717362 -0.03) (0.51682298142 0.560351160705 -0.03) (0.517756291252 0.560721604049 -0.03))
    polyLine 54 58 ((0.463624320989 0.539235890106 0) (0.464557630822 0.539606333449 0) (0.465490940654 0.539976776793 0) (0.466424250486 0.540347220137 0) (0.467357560318 0.540717663481 0) (0.46829087015 0.541088106825 0) (0.469224179982 0.541458550169 0) (0.470157489814 0.541828993513 0) (0.471090799646 0.542199436856 0) (0.472024109479 0.5425698802 0) (0.472957419311 0.542940323544 0) (0.473890729143 0.543310766888 0) (0.474824038975 0.543681210232 0) (0.475757348807 0.544051653576 0) (0.476690658639 0.54442209692 0) (0.477623968471 0.544792540263 0) (0.478557278303 0.545162983607 0) (0.479490588135 0.545533426951 0) (0.480423897968 0.545903870295 0) (0.4813572078 0.546274313639 0) (0.482290517632 0.546644756983 0) (0.483223827464 0.547015200327 0) (0.484157137296 0.54738564367 0) (0.485090447128 0.547756087014 0) (0.48602375696 0.548126530358 0) (0.486957066792 0.548496973702 0) (0.487890376625 0.548867417046 0) (0.488823686457 0.54923786039 0) (0.489756996289 0.549608303734 0) (0.490690306121 0.549978747077 0) (0.491623615953 0.550349190421 0) (0.492556925785 0.550719633765 0) (0.493490235617 0.551090077109 0) (0.494423545449 0.551460520453 0) (0.495356855281 0.551830963797 0) (0.496290165114 0.552201407141 0) (0.497223474946 0.552571850484 0) (0.498156784778 0.552942293828 0) (0.49909009461 0.553312737172 0) (0.500023404442 0.553683180516 0) (0.500956714274 0.55405362386 0) (0.501890024106 0.554424067204 0) (0.502823333938 0.554794510548 0) (0.503756643771 0.555164953891 0) (0.504689953603 0.555535397235 0) (0.505623263435 0.555905840579 0) (0.506556573267 0.556276283923 0) (0.507489883099 0.556646727267 0) (0.508423192931 0.557017170611 0) (0.509356502763 0.557387613955 0) (0.510289812595 0.557758057298 0) (0.511223122427 0.558128500642 0) (0.51215643226 0.558498943986 0) (0.513089742092 0.55886938733 0) (0.514023051924 0.559239830674 0) (0.514956361756 0.559610274018 0) (0.515889671588 0.559980717362 0) (0.51682298142 0.560351160705 0) (0.517756291252 0.560721604049 0))
    polyLine 53 57 ((0.351048159846 0.917719205634 -0.03) (0.354389341151 0.920928255685 -0.03) (0.357747011144 0.924145837168 -0.03) (0.361121338132 0.927372079724 -0.03) (0.364512492835 0.930607114326 -0.03) (0.367920648417 0.933851073303 -0.03) (0.371345980529 0.937104090362 -0.03) (0.374788667344 0.940366300616 -0.03) (0.378248889595 0.943637840606 -0.03) (0.381726830616 0.946918848327 -0.03) (0.385222676386 0.950209463253 -0.03) (0.388736615562 0.953509826364 -0.03) (0.39226883953 0.956820080173 -0.03) (0.395819542443 0.96014036875 -0.03) (0.399388921269 0.963470837756 -0.03) (0.402977175831 0.966811634467 -0.03) (0.406584508858 0.970162907801 -0.03) (0.410211126029 0.973524808352 -0.03) (0.413857236024 0.976897488418 -0.03) (0.417523050569 0.980281102033 -0.03) (0.421208784491 0.983675804994 -0.03) (0.424914655765 0.987081754897 -0.03) (0.428640885569 0.990499111171 -0.03))
    polyLine 55 59 ((0.351048159846 0.917719205634 0) (0.354389341151 0.920928255685 0) (0.357747011144 0.924145837168 0) (0.361121338132 0.927372079724 0) (0.364512492835 0.930607114326 0) (0.367920648417 0.933851073303 0) (0.371345980529 0.937104090362 0) (0.374788667344 0.940366300616 0) (0.378248889595 0.943637840606 0) (0.381726830616 0.946918848327 0) (0.385222676386 0.950209463253 0) (0.388736615562 0.953509826364 0) (0.39226883953 0.956820080173 0) (0.395819542443 0.96014036875 0) (0.399388921269 0.963470837756 0) (0.402977175831 0.966811634467 0) (0.406584508858 0.970162907801 0) (0.410211126029 0.973524808352 0) (0.413857236024 0.976897488418 0) (0.417523050569 0.980281102033 0) (0.421208784491 0.983675804994 0) (0.424914655765 0.987081754897 0) (0.428640885569 0.990499111171 0))
    polyLine 56 60 ((0.518689601084 0.561092047393 -0.03) (0.519622910917 0.561462490737 -0.03) (0.520556220749 0.561832934081 -0.03) (0.521489530581 0.562203377425 -0.03) (0.522422840413 0.562573820768 -0.03) (0.523356150245 0.562944264112 -0.03) (0.524289460077 0.563314707456 -0.03) (0.525222769909 0.5636851508 -0.03) (0.526156079741 0.564055594144 -0.03) (0.527089389573 0.564426037488 -0.03) (0.528022699406 0.564796480832 -0.03) (0.528956009238 0.565166924175 -0.03) (0.52988931907 0.565537367519 -0.03) (0.530822628902 0.565907810863 -0.03) (0.531755938734 0.566278254207 -0.03) (0.532689248566 0.566648697551 -0.03) (0.533622558398 0.567019140895 -0.03) (0.53455586823 0.567389584239 -0.03) (0.535489178063 0.567760027582 -0.03) (0.536422487895 0.568130470926 -0.03) (0.537355797727 0.56850091427 -0.03) (0.538289107559 0.568871357614 -0.03) (0.539222417391 0.569241800958 -0.03) (0.540155727223 0.569612244302 -0.03) (0.541089037055 0.569982687646 -0.03) (0.542022346887 0.570353130989 -0.03) (0.542955656719 0.570723574333 -0.03) (0.543888966552 0.571094017677 -0.03) (0.544822276384 0.571464461021 -0.03) (0.545755586216 0.571834904365 -0.03) (0.546688896048 0.572205347709 -0.03) (0.54762220588 0.572575791053 -0.03) (0.548555515712 0.572946234396 -0.03) (0.549488825544 0.57331667774 -0.03) (0.550422135376 0.573687121084 -0.03) (0.551355445208 0.574057564428 -0.03) (0.552288755041 0.574428007772 -0.03) (0.553222064873 0.574798451116 -0.03) (0.554155374705 0.57516889446 -0.03) (0.555088684537 0.575539337803 -0.03) (0.556021994369 0.575909781147 -0.03) (0.556955304201 0.576280224491 -0.03) (0.557888614033 0.576650667835 -0.03) (0.558821923865 0.577021111179 -0.03) (0.559755233698 0.577391554523 -0.03) (0.56068854353 0.577761997867 -0.03) (0.561621853362 0.57813244121 -0.03) (0.562555163194 0.578502884554 -0.03) (0.563488473026 0.578873327898 -0.03) (0.564421782858 0.579243771242 -0.03) (0.56535509269 0.579614214586 -0.03) (0.566288402522 0.57998465793 -0.03) (0.567221712354 0.580355101274 -0.03) (0.568155022187 0.580725544617 -0.03) (0.569088332019 0.581095987961 -0.03) (0.570021641851 0.581466431305 -0.03) (0.570954951683 0.581836874649 -0.03) (0.571888261515 0.582207317993 -0.03) (0.572821571347 0.582577761337 -0.03))
    polyLine 58 62 ((0.518689601084 0.561092047393 0) (0.519622910917 0.561462490737 0) (0.520556220749 0.561832934081 0) (0.521489530581 0.562203377425 0) (0.522422840413 0.562573820768 0) (0.523356150245 0.562944264112 0) (0.524289460077 0.563314707456 0) (0.525222769909 0.5636851508 0) (0.526156079741 0.564055594144 0) (0.527089389573 0.564426037488 0) (0.528022699406 0.564796480832 0) (0.528956009238 0.565166924175 0) (0.52988931907 0.565537367519 0) (0.530822628902 0.565907810863 0) (0.531755938734 0.566278254207 0) (0.532689248566 0.566648697551 0) (0.533622558398 0.567019140895 0) (0.53455586823 0.567389584239 0) (0.535489178063 0.567760027582 0) (0.536422487895 0.568130470926 0) (0.537355797727 0.56850091427 0) (0.538289107559 0.568871357614 0) (0.539222417391 0.569241800958 0) (0.540155727223 0.569612244302 0) (0.541089037055 0.569982687646 0) (0.542022346887 0.570353130989 0) (0.542955656719 0.570723574333 0) (0.543888966552 0.571094017677 0) (0.544822276384 0.571464461021 0) (0.545755586216 0.571834904365 0) (0.546688896048 0.572205347709 0) (0.54762220588 0.572575791053 0) (0.548555515712 0.572946234396 0) (0.549488825544 0.57331667774 0) (0.550422135376 0.573687121084 0) (0.551355445208 0.574057564428 0) (0.552288755041 0.574428007772 0) (0.553222064873 0.574798451116 0) (0.554155374705 0.57516889446 0) (0.555088684537 0.575539337803 0) (0.556021994369 0.575909781147 0) (0.556955304201 0.576280224491 0) (0.557888614033 0.576650667835 0) (0.558821923865 0.577021111179 0) (0.559755233698 0.577391554523 0) (0.56068854353 0.577761997867 0) (0.561621853362 0.57813244121 0) (0.562555163194 0.578502884554 0) (0.563488473026 0.578873327898 0) (0.564421782858 0.579243771242 0) (0.56535509269 0.579614214586 0) (0.566288402522 0.57998465793 0) (0.567221712354 0.580355101274 0) (0.568155022187 0.580725544617 0) (0.569088332019 0.581095987961 0) (0.570021641851 0.581466431305 0) (0.570954951683 0.581836874649 0) (0.571888261515 0.582207317993 0) (0.572821571347 0.582577761337 0))
    polyLine 57 61 ((0.436017118133 0.997242608756 -0.03) (0.439666060405 1.00056821825 -0.03) (0.443334734709 1.00390501289 -0.03) (0.447023353596 1.00725314372 -0.03) (0.450732132663 1.01061276353 -0.03) (0.454461290603 1.0139840269 -0.03) (0.458211049257 1.01736709023 -0.03) (0.461981633664 1.02076211175 -0.03) (0.46577327212 1.02416925158 -0.03) (0.46958619623 1.02758867178 -0.03) (0.473420640962 1.03102053632 -0.03) (0.477276844709 1.03446501118 -0.03) (0.481155049344 1.03792226436 -0.03) (0.485055500283 1.04139246591 -0.03) (0.48897844654 1.04487578797 -0.03) (0.492924140798 1.04837240483 -0.03) (0.496892839467 1.05188249293 -0.03) (0.50088480275 1.05540623093 -0.03) (0.504900294711 1.05894379974 -0.03) (0.508939583344 1.06249538256 -0.03) (0.513002940639 1.06606116493 -0.03) (0.517090642657 1.06964133477 -0.03) (0.521202969601 1.07323608241 -0.03))
    polyLine 59 63 ((0.436017118133 0.997242608756 0) (0.439666060405 1.00056821825 0) (0.443334734709 1.00390501289 0) (0.447023353596 1.00725314372 0) (0.450732132663 1.01061276353 0) (0.454461290603 1.0139840269 0) (0.458211049257 1.01736709023 0) (0.461981633664 1.02076211175 0) (0.46577327212 1.02416925158 0) (0.46958619623 1.02758867178 0) (0.473420640962 1.03102053632 0) (0.477276844709 1.03446501118 0) (0.481155049344 1.03792226436 0) (0.485055500283 1.04139246591 0) (0.48897844654 1.04487578797 0) (0.492924140798 1.04837240483 0) (0.496892839467 1.05188249293 0) (0.50088480275 1.05540623093 0) (0.504900294711 1.05894379974 0) (0.508939583344 1.06249538256 0) (0.513002940639 1.06606116493 0) (0.517090642657 1.06964133477 0) (0.521202969601 1.07323608241 0))
    polyLine 60 64 ((0.573754881179 0.582948204681 -0.03) (0.574688191011 0.583318648024 -0.03) (0.575621500844 0.583689091368 -0.03) (0.576554810676 0.584059534712 -0.03) (0.577488120508 0.584429978056 -0.03) (0.57842143034 0.5848004214 -0.03) (0.579354740172 0.585170864744 -0.03) (0.580288050004 0.585541308087 -0.03) (0.581221359836 0.585911751431 -0.03) (0.582154669668 0.586282194775 -0.03) (0.5830879795 0.586652638119 -0.03) (0.584021289333 0.587023081463 -0.03) (0.584954599165 0.587393524807 -0.03) (0.585887908997 0.587763968151 -0.03) (0.586821218829 0.588134411494 -0.03) (0.587754528661 0.588504854838 -0.03) (0.588687838493 0.588875298182 -0.03) (0.589621148325 0.589245741526 -0.03) (0.590554458157 0.58961618487 -0.03) (0.59148776799 0.589986628214 -0.03) (0.592421077822 0.590357071558 -0.03) (0.593354387654 0.590727514901 -0.03) (0.594287697486 0.591097958245 -0.03) (0.595221007318 0.591468401589 -0.03) (0.59615431715 0.591838844933 -0.03) (0.597087626982 0.592209288277 -0.03) (0.598020936814 0.592579731621 -0.03) (0.598954246646 0.592950174965 -0.03) (0.599887556479 0.593320618308 -0.03) (0.600820866311 0.593691061652 -0.03) (0.601754176143 0.594061504996 -0.03) (0.602687485975 0.59443194834 -0.03) (0.603620795807 0.594802391684 -0.03) (0.604554105639 0.595172835028 -0.03) (0.605487415471 0.595543278372 -0.03) (0.60641481074 0.595902950013 -0.03) (0.60734775332 0.596247977283 -0.03) (0.60828601198 0.596578274666 -0.03) (0.609229354171 0.596893760296 -0.03) (0.610177546087 0.597194355981 -0.03) (0.611130352715 0.597479987218 -0.03) (0.612087537902 0.597750583212 -0.03) (0.613048864408 0.598006076897 -0.03) (0.614014093967 0.598246404947 -0.03) (0.614982987347 0.598471507797 -0.03) (0.615955304405 0.598681329655 -0.03) (0.616930804152 0.598875818517 -0.03) (0.617909244809 0.599054926177 -0.03) (0.618890383869 0.599218608245 -0.03) (0.619873978155 0.599366824152 -0.03) (0.620859783882 0.599499537161 -0.03) (0.621847556717 0.59961671438 -0.03) (0.622837051839 0.599718326766 -0.03) (0.623828024001 0.599804349135 -0.03) (0.624820227589 0.599874760165 -0.03) (0.625813416685 0.599929542406 -0.03) (0.626807345125 0.59996868228 -0.03) (0.627801766564 0.599992170085 -0.03))
    polyLine 62 66 ((0.573754881179 0.582948204681 0) (0.574688191011 0.583318648024 0) (0.575621500844 0.583689091368 0) (0.576554810676 0.584059534712 0) (0.577488120508 0.584429978056 0) (0.57842143034 0.5848004214 0) (0.579354740172 0.585170864744 0) (0.580288050004 0.585541308087 0) (0.581221359836 0.585911751431 0) (0.582154669668 0.586282194775 0) (0.5830879795 0.586652638119 0) (0.584021289333 0.587023081463 0) (0.584954599165 0.587393524807 0) (0.585887908997 0.587763968151 0) (0.586821218829 0.588134411494 0) (0.587754528661 0.588504854838 0) (0.588687838493 0.588875298182 0) (0.589621148325 0.589245741526 0) (0.590554458157 0.58961618487 0) (0.59148776799 0.589986628214 0) (0.592421077822 0.590357071558 0) (0.593354387654 0.590727514901 0) (0.594287697486 0.591097958245 0) (0.595221007318 0.591468401589 0) (0.59615431715 0.591838844933 0) (0.597087626982 0.592209288277 0) (0.598020936814 0.592579731621 0) (0.598954246646 0.592950174965 0) (0.599887556479 0.593320618308 0) (0.600820866311 0.593691061652 0) (0.601754176143 0.594061504996 0) (0.602687485975 0.59443194834 0) (0.603620795807 0.594802391684 0) (0.604554105639 0.595172835028 0) (0.605487415471 0.595543278372 0) (0.60641481074 0.595902950013 0) (0.60734775332 0.596247977283 0) (0.60828601198 0.596578274666 0) (0.609229354171 0.596893760296 0) (0.610177546087 0.597194355981 0) (0.611130352715 0.597479987218 0) (0.612087537902 0.597750583212 0) (0.613048864408 0.598006076897 0) (0.614014093967 0.598246404947 0) (0.614982987347 0.598471507797 0) (0.615955304405 0.598681329655 0) (0.616930804152 0.598875818517 0) (0.617909244809 0.599054926177 0) (0.618890383869 0.599218608245 0) (0.619873978155 0.599366824152 0) (0.620859783882 0.599499537161 0) (0.621847556717 0.59961671438 0) (0.622837051839 0.599718326766 0) (0.623828024001 0.599804349135 0) (0.624820227589 0.599874760165 0) (0.625813416685 0.599929542406 0) (0.626807345125 0.59996868228 0) (0.627801766564 0.599992170085 0))
    polyLine 61 65 ((0.529353998179 1.08034077353 -0.03) (0.533391488866 1.08385004299 -0.03) (0.537452944605 1.0873735887 -0.03) (0.541538635963 1.09091159266 -0.03) (0.545648837489 1.09446423916 -0.03) (0.54978382779 1.09803171492 -0.03) (0.553943889595 1.10161420905 -0.03) (0.558129309837 1.10521191312 -0.03) (0.562340379722 1.10882502124 -0.03) (0.56657739481 1.11245373004 -0.03) (0.570840655093 1.11609823878 -0.03) (0.575130465074 1.11975874937 -0.03) (0.57944713385 1.1234354664 -0.03) (0.583790975199 1.12712859722 -0.03) (0.588162307661 1.130838352 -0.03) (0.59256145463 1.13456494374 -0.03) (0.596988744443 1.13830858836 -0.03) (0.601444510472 1.14206950474 -0.03) (0.605929091216 1.14584791478 -0.03) (0.610442830402 1.14964404346 -0.03) (0.614986077079 1.15345811888 -0.03) (0.61955918572 1.15729037234 -0.03) (0.624162516326 1.16114103841 -0.03))
    polyLine 63 67 ((0.529353998179 1.08034077353 0) (0.533391488866 1.08385004299 0) (0.537452944605 1.0873735887 0) (0.541538635963 1.09091159266 0) (0.545648837489 1.09446423916 0) (0.54978382779 1.09803171492 0) (0.553943889595 1.10161420905 0) (0.558129309837 1.10521191312 0) (0.562340379722 1.10882502124 0) (0.56657739481 1.11245373004 0) (0.570840655093 1.11609823878 0) (0.575130465074 1.11975874937 0) (0.57944713385 1.1234354664 0) (0.583790975199 1.12712859722 0) (0.588162307661 1.130838352 0) (0.59256145463 1.13456494374 0) (0.596988744443 1.13830858836 0) (0.601444510472 1.14206950474 0) (0.605929091216 1.14584791478 0) (0.610442830402 1.14964404346 0) (0.614986077079 1.15345811888 0) (0.61955918572 1.15729037234 0) (0.624162516326 1.16114103841 0))
);

boundary
(
    body_fore
    {
        type wall;
        faces
        (
            (0 2 6 4)
            (4 6 10 8)
            (8 10 14 12)
            (12 14 18 16)
            (16 18 22 20)
            (20 22 26 24)
            (24 26 30 28)
            (28 30 34 32)
            (32 34 38 36)
            (36 38 42 40)
            (40 42 46 44)
            (44 46 50 48)
            (48 50 54 52)
            (52 54 58 56)
            (56 58 62 60)
            (60 62 66 64)
        );
    }
    freestream
    {
        type patch;
        faces
        (
            (1 5 7 3)
            (5 9 11 7)
            (9 13 15 11)
            (13 17 19 15)
            (17 21 23 19)
            (21 25 27 23)
            (25 29 31 27)
            (29 33 35 31)
            (33 37 39 35)
            (37 41 43 39)
            (41 45 47 43)
            (45 49 51 47)
            (49 53 55 51)
            (53 57 59 55)
            (57 61 63 59)
            (61 65 67 63)
        );
    }
    outlet
    {
        type patch;
        faces
        (
            (64 66 67 65)
        );
    }
    axis
    {
        type patch;
        faces
        (
            (0 1 3 2)
        );
    }
    front
    {
        type patch;
        faces
        (
            (2 6 7 3)
            (6 10 11 7)
            (10 14 15 11)
            (14 18 19 15)
            (18 22 23 19)
            (22 26 27 23)
            (26 30 31 27)
            (30 34 35 31)
            (34 38 39 35)
            (38 42 43 39)
            (42 46 47 43)
            (46 50 51 47)
            (50 54 55 51)
            (54 58 59 55)
            (58 62 63 59)
            (62 66 67 63)
        );
    }
    back
    {
        type patch;
        faces
        (
            (0 1 5 4)
            (4 5 9 8)
            (8 9 13 12)
            (12 13 17 16)
            (16 17 21 20)
            (20 21 25 24)
            (24 25 29 28)
            (28 29 33 32)
            (32 33 37 36)
            (36 37 41 40)
            (40 41 45 44)
            (44 45 49 48)
            (48 49 53 52)
            (52 53 57 56)
            (56 57 61 60)
            (60 61 65 64)
        );
    }
);
