iteration,cd_fore,cd_aft,cd_viscous,cd_total,mean_abs_drho_dtau_kg_m3_s
55005,0.3532281532482253,,0.0,0.3532281532482253,1.1000431651
55010,0.3531631718310375,,0.0,0.3531631718310375,1.1012118944
55015,0.35309310584540987,,0.0,0.35309310584540987,1.1051698748
55020,0.35301838312256584,,0.0,0.35301838312256584,1.1116647886
55025,0.35293961829615933,,0.0,0.35293961829615933,1.116974234
55030,0.3528575317014627,,0.0,0.3528575317014627,1.1199238148
55035,0.35277311989852034,,0.0,0.35277311989852034,1.1242600753
55040,0.35268769909871167,,0.0,0.35268769909871167,1.1268982146
55045,0.35260205234435654,,0.0,0.35260205234435654,1.1291830227
55050,0.3525169549473922,,0.0,0.3525169549473922,1.1324979551
55055,0.3524334454847679,,0.0,0.3524334454847679,1.1343591253
55060,0.35235221530282007,,0.0,0.35235221530282007,1.131147375
55065,0.352273727701588,,0.0,0.352273727701588,1.126374292
55070,0.3521983831376449,,0.0,0.3521983831376449,1.1206955663
55075,0.3521264399194635,,0.0,0.3521264399194635,1.1179781733
55080,0.35205819007362793,,0.0,0.35205819007362793,1.1157362511
55085,0.3519938604414049,,0.0,0.3519938604414049,1.1122231619
55090,0.35193382185381183,,0.0,0.35193382185381183,1.1068793756
55095,0.3518783050855162,,0.0,0.3518783050855162,1.1042541195
55100,0.3518272365614615,,0.0,0.3518272365614615,1.0991797308
55105,0.3517806004116262,,0.0,0.3517806004116262,1.0935499434
55110,0.35173838183460066,,0.0,0.35173838183460066,1.0881961745
55115,0.3517005425422527,,0.0,0.3517005425422527,1.0838700954
55120,0.35166724046175896,,0.0,0.35166724046175896,1.0778123113
55125,0.35163821544299656,,0.0,0.35163821544299656,1.0730174487
55130,0.3516133894318341,,0.0,0.3516133894318341,1.0746431133
55135,0.35159270945241217,,0.0,0.35159270945241217,1.0790482301
55140,0.35157628322989054,,0.0,0.35157628322989054,1.080951227
55145,0.35156422733389703,,0.0,0.35156422733389703,1.0815037325
55150,0.3515565938308344,,0.0,0.3515565938308344,1.0802114561
55155,0.3515542230133292,,0.0,0.3515542230133292,1.073993216
55160,0.3515570438073313,,0.0,0.3515570438073313,1.0680232925
55165,0.351564837920468,,0.0,0.351564837920468,1.0616157218
55170,0.351577602851733,,0.0,0.351577602851733,1.0531693008
55175,0.35159520393330806,,0.0,0.35159520393330806,1.0475687043
55180,0.3516174223271464,,0.0,0.3516174223271464,1.0415331509
55185,0.3516439655291991,,0.0,0.3516439655291991,1.0363919052
55190,0.3516745358515132,,0.0,0.3516745358515132,1.0287878755
55195,0.35170885465925633,,0.0,0.35170885465925633,1.020111636
55200,0.3517464700205993,,0.0,0.3517464700205993,1.012008883
55205,0.3517870917960808,,0.0,0.3517870917960808,1.0067207968
55210,0.35183059609494594,,0.0,0.35183059609494594,1.001276792
55215,0.35187669577894093,,0.0,0.35187669577894093,0.99869589144
55220,0.3519250432309336,,0.0,0.3519250432309336,0.99827020932
55225,0.35197558081409824,,0.0,0.35197558081409824,0.99960344554
55230,0.352027979054966,,0.0,0.352027979054966,1.0025080456
55235,0.3520815350798356,,0.0,0.3520815350798356,1.0063991118
55240,0.35213542587575974,,0.0,0.35213542587575974,1.0134376204
55245,0.3521889853338288,,0.0,0.3521889853338288,1.0203677062
55250,0.35224196562705995,,0.0,0.35224196562705995,1.0256209636
55255,0.35229463802368544,,0.0,0.35229463802368544,1.0319905791
55260,0.3523472183378082,,0.0,0.3523472183378082,1.0345568311
55265,0.35239985105938004,,0.0,0.35239985105938004,1.0384723904
55270,0.35245249308014787,,0.0,0.35245249308014787,1.0452751377
55275,0.3525048808395259,,0.0,0.3525048808395259,1.0508777094
55280,0.3525568727350876,,0.0,0.3525568727350876,1.0560802806
55285,0.35260864454209945,,0.0,0.35260864454209945,1.0600171247
55290,0.352660470575474,,0.0,0.352660470575474,1.0624861607
55295,0.3527127013398689,,0.0,0.3527127013398689,1.0631388313
55300,0.3527654041805614,,0.0,0.3527654041805614,1.0616640588
55305,0.352818492494526,,0.0,0.352818492494526,1.0613783472
55310,0.3528723736274715,,0.0,0.3528723736274715,1.0604468609
55315,0.3529271613979185,,0.0,0.3529271613979185,1.0588715199
55320,0.35298249011328064,,0.0,0.35298249011328064,1.0538535953
55325,0.3530378688715042,,0.0,0.3530378688715042,1.0485870349
55330,0.35309277237033126,,0.0,0.35309277237033126,1.0412097451
55335,0.3531466050519647,,0.0,0.3531466050519647,1.0374186538
55340,0.353198906731255,,0.0,0.353198906731255,1.0318227572
55345,0.3532493068954944,,0.0,0.3532493068954944,1.0242934996
55350,0.35329732889836485,,0.0,0.35329732889836485,1.0178764709
55355,0.3533424683778517,,0.0,0.3533424683778517,1.0101424086
55360,0.35338419903129464,,0.0,0.35338419903129464,1.00350535
55365,0.353422032616801,,0.0,0.353422032616801,0.99902325539
55370,0.35345554228081344,,0.0,0.35345554228081344,0.99253797066
55375,0.3534842393721838,,0.0,0.3534842393721838,0.98527834238
55380,0.35350761036612005,,0.0,0.35350761036612005,0.97859016878
55385,0.3535253809931823,,0.0,0.3535253809931823,0.97508946294
55390,0.35353698716277954,,0.0,0.35353698716277954,0.98081681227
55395,0.3535419940863435,,0.0,0.3535419940863435,0.98798322047
55400,0.35354009318517604,,0.0,0.35354009318517604,0.9967326177
55405,0.353531038019216,,0.0,0.353531038019216,1.0013842603
55410,0.3535147170890575,,0.0,0.3535147170890575,1.0034071666
55415,0.35349110067819906,,0.0,0.35349110067819906,1.0035697048
55420,0.35346061591303496,,0.0,0.35346061591303496,1.0013327908
55425,0.35342405645379377,,0.0,0.35342405645379377,1.0023986006
55430,0.35338077676802615,,0.0,0.35338077676802615,1.0055400085
55435,0.35333116346582544,,0.0,0.35333116346582544,1.0082016555
55440,0.35327566722851744,,0.0,0.35327566722851744,1.0138991288
55445,0.35321472232173273,,0.0,0.35321472232173273,1.015146273
55450,0.3531487515519458,,0.0,0.3531487515519458,1.0136604561
55455,0.35307828711054995,,0.0,0.35307828711054995,1.0083998417
55460,0.35300395331691403,,0.0,0.35300395331691403,1.0066027019
55465,0.352926372921594,,0.0,0.352926372921594,1.0077117317
55470,0.35284654364419166,,0.0,0.35284654364419166,1.0101755417
55475,0.35276529588699085,,0.0,0.35276529588699085,1.0148327692
55480,0.3526837075609482,,0.0,0.3526837075609482,1.0160808804
55485,0.3526030117076171,,0.0,0.3526030117076171,1.0147730385
55490,0.3525241399290889,,0.0,0.3525241399290889,1.0164775378
55495,0.3524477572201884,,0.0,0.3524477572201884,1.0229924062
55500,0.3523738798374565,,0.0,0.3523738798374565,1.0322467875
55505,0.3523024246565398,,0.0,0.3523024246565398,1.0395212895
55510,0.35223346306979875,,0.0,0.35223346306979875,1.0450806071
55515,0.3521670430510803,,0.0,0.3521670430510803,1.0468501944
55520,0.352103372661368,,0.0,0.352103372661368,1.0481990768
55525,0.3520428242095465,,0.0,0.3520428242095465,1.0562863695
55530,0.35198563986123,,0.0,0.35198563986123,1.0613294732
55535,0.3519319546934923,,0.0,0.3519319546934923,1.0678741405
55540,0.35188174242303144,,0.0,0.35188174242303144,1.0733678645
55545,0.3518351139126334,,0.0,0.3518351139126334,1.0753704973
55550,0.35179219405345574,,0.0,0.35179219405345574,1.0744042128
55555,0.3517531833579903,,0.0,0.3517531833579903,1.0720721606
55560,0.3517182355699121,,0.0,0.3517182355699121,1.0704813068
55565,0.351687523190443,,0.0,0.351687523190443,1.0692616147
55570,0.3516613665757471,,0.0,0.3516613665757471,1.0684853268
55575,0.35164029514337436,,0.0,0.35164029514337436,1.0659338209
55580,0.3516245324378105,,0.0,0.3516245324378105,1.060960288
55585,0.35161408182404585,,0.0,0.35161408182404585,1.0558991087
55590,0.35160879806182654,,0.0,0.35160879806182654,1.0580355668
55595,0.35160851508433777,,0.0,0.35160851508433777,1.0585504428
55600,0.35161310404428475,,0.0,0.35161310404428475,1.0565079194
55605,0.3516225266535356,,0.0,0.3516225266535356,1.0524883077
55610,0.35163674119075866,,0.0,0.35163674119075866,1.0431819734
55615,0.3516554622684047,,0.0,0.3516554622684047,1.0347586403
55620,0.3516784544735764,,0.0,0.3516784544735764,1.02721217
55625,0.3517055393253732,,0.0,0.3517055393253732,1.0226486039
55630,0.35173646510888457,,0.0,0.35173646510888457,1.0186234584
55635,0.3517708710198543,,0.0,0.3517708710198543,1.0188123999
55640,0.35180853615122165,,0.0,0.35180853615122165,1.0215659366
55645,0.3518488779958947,,0.0,0.3518488779958947,1.0251882354
55650,0.3518913395570456,,0.0,0.3518913395570456,1.0296942824
55655,0.3519354529418779,,0.0,0.3519354529418779,1.0311378699
55660,0.35198070489843675,,0.0,0.35198070489843675,1.0337910675
55665,0.3520265403397533,,0.0,0.3520265403397533,1.0355917301
55670,0.352072558513681,,0.0,0.352072558513681,1.0383824306
55675,0.3521186913701134,,0.0,0.3521186913701134,1.0428933739
55680,0.35216557127711223,,0.0,0.35216557127711223,1.0449877804
55685,0.35221206123176413,,0.0,0.35221206123176413,1.0475567942
55690,0.35225764845957874,,0.0,0.35225764845957874,1.0552222385
55695,0.35230242911287823,,0.0,0.35230242911287823,1.0621503917
55700,0.3523465925860448,,0.0,0.3523465925860448,1.0683514318
55705,0.35239024787747814,,0.0,0.35239024787747814,1.0723690738
55710,0.3524335470710944,,0.0,0.3524335470710944,1.0742183225
55715,0.35247668720071335,,0.0,0.35247668720071335,1.072782217
55720,0.3525198992683665,,0.0,0.3525198992683665,1.0671127568
55725,0.3525634045903706,,0.0,0.3525634045903706,1.0632540851
55730,0.3526077908577211,,0.0,0.3526077908577211,1.063533067
55735,0.35265343547226097,,0.0,0.35265343547226097,1.0662037095
55740,0.3527005787579542,,0.0,0.3527005787579542,1.0674005735
55745,0.3527493294858362,,0.0,0.3527493294858362,1.0686152019
55750,0.3527997759414277,,0.0,0.3527997759414277,1.0695281223
55755,0.3528520936271579,,0.0,0.3528520936271579,1.067195286
55760,0.35290570897134843,,0.0,0.35290570897134843,1.0635848974
55765,0.35296001343370603,,0.0,0.35296001343370603,1.0626426244
55770,0.3530144035214231,,0.0,0.3530144035214231,1.0619542801
55775,0.35306833431071083,,0.0,0.35306833431071083,1.0601050884
55780,0.3531213550065611,,0.0,0.3531213550065611,1.0588702503
55785,0.3531732896290797,,0.0,0.3531732896290797,1.0592762362
55790,0.3532237220790362,,0.0,0.3532237220790362,1.0597730166
55795,0.35327200746060106,,0.0,0.35327200746060106,1.0640586106
55800,0.353317340108716,,0.0,0.353317340108716,1.0675305721
55805,0.3533589121528899,,0.0,0.3533589121528899,1.0681682832
55810,0.3533960809027261,,0.0,0.3533960809027261,1.0655012996
55815,0.35342838990184783,,0.0,0.35342838990184783,1.0596184108
55820,0.3534554451508253,,0.0,0.3534554451508253,1.0543122067
55825,0.35347685546954477,,0.0,0.35347685546954477,1.0477413613
55830,0.35349218666058496,,0.0,0.35349218666058496,1.0442342827
55835,0.3535014454084537,,0.0,0.3535014454084537,1.0448292012
55840,0.3535047875031037,,0.0,0.3535047875031037,1.0465753369
55845,0.3535020531302357,,0.0,0.3535020531302357,1.0465657171
55850,0.3534930065586426,,0.0,0.3534930065586426,1.0487705998
55855,0.3534774479124522,,0.0,0.3534774479124522,1.0469939762
55860,0.35345516321921183,,0.0,0.35345516321921183,1.0407081229
55865,0.35342609818434945,,0.0,0.35342609818434945,1.0390695726
55870,0.3533904204889658,,0.0,0.3533904204889658,1.0364270623
55875,0.3533484665184013,,0.0,0.3533484665184013,1.0300724964
55880,0.3533006365246015,,0.0,0.3533006365246015,1.0254106357
55885,0.3532473582933168,,0.0,0.3532473582933168,1.02383958
55890,0.35318908373364016,,0.0,0.35318908373364016,1.0263072985
55895,0.35312635645064777,,0.0,0.35312635645064777,1.026409601
55900,0.35305970099629563,,0.0,0.35305970099629563,1.0306998423
55905,0.3529895747591539,,0.0,0.3529895747591539,1.0360528749
55910,0.3529166565805275,,0.0,0.3529166565805275,1.0418363986
55915,0.3528413187238285,,0.0,0.3528413187238285,1.0476332312
55920,0.35276406079915956,,0.0,0.35276406079915956,1.0530158715
55925,0.35268592540781657,,0.0,0.35268592540781657,1.0588382674
55930,0.35260777587442005,,0.0,0.35260777587442005,1.0603302014
55935,0.3525300214090651,,0.0,0.3525300214090651,1.0631421637
55940,0.35245324022166,,0.0,0.35245324022166,1.0652867158
55945,0.3523777946625374,,0.0,0.3523777946625374,1.0673414821
55950,0.3523049923032367,,0.0,0.3523049923032367,1.0673144682
55955,0.3522346354051096,,0.0,0.3522346354051096,1.0688583903
55960,0.3521666952747932,,0.0,0.3521666952747932,1.0714656239
55965,0.35210152541815276,,0.0,0.35210152541815276,1.0779576595
55970,0.35203943686941985,,0.0,0.35203943686941985,1.0799911448
55975,0.35198065435537407,,0.0,0.35198065435537407,1.0774336814
55980,0.351925413789114,,0.0,0.351925413789114,1.0716833998
55985,0.3518739953060758,,0.0,0.3518739953060758,1.0660888389
55990,0.3518265763867575,,0.0,0.3518265763867575,1.0603160578
55995,0.35178364456822275,,0.0,0.35178364456822275,1.0508545625
56000,0.3517456487583565,,0.0,0.3517456487583565,1.0432099317
56005,0.35171284399158703,,0.0,0.35171284399158703,1.0371814654
56010,0.35168539183291797,,0.0,0.35168539183291797,1.033670525
56015,0.35166343802280425,,0.0,0.35166343802280425,1.0311461967
56020,0.3516473711039349,,0.0,0.3516473711039349,1.0319170261
56025,0.35163686517245935,,0.0,0.35163686517245935,1.0324425415
56030,0.3516315287072174,,0.0,0.3516315287072174,1.030247035
56035,0.3516310553576803,,0.0,0.3516310553576803,1.0262913579
56040,0.35163520259445097,,0.0,0.35163520259445097,1.0215999898
56045,0.35164388874830727,,0.0,0.35164388874830727,1.0168423347
56050,0.35165717823152826,,0.0,0.35165717823152826,1.0166355394
56055,0.3516749178461131,,0.0,0.3516749178461131,1.0183960229
56060,0.35169668269383647,,0.0,0.35169668269383647,1.0225187134
56065,0.3517220221161088,,0.0,0.3517220221161088,1.0281356403
56070,0.35175053131370065,,0.0,0.35175053131370065,1.0302271792
56075,0.3517818839962423,,0.0,0.3517818839962423,1.028498526
56080,0.351815757784028,,0.0,0.351815757784028,1.0265536179
56085,0.3518518126766268,,0.0,0.3518518126766268,1.0261717238
56090,0.3518896857780319,,0.0,0.3518896857780319,1.0253359736
56095,0.35192904263549857,,0.0,0.35192904263549857,1.0256098794
56100,0.3519697981466051,,0.0,0.3519697981466051,1.0280060583
56105,0.3520118878763361,,0.0,0.3520118878763361,1.031342898
56110,0.3520550717735643,,0.0,0.3520550717735643,1.0317375003
56115,0.35209904246462204,,0.0,0.35209904246462204,1.0341194727
56120,0.35214344694384525,,0.0,0.35214344694384525,1.0396627343
56125,0.3521879920023561,,0.0,0.3521879920023561,1.0450055029
56130,0.3522325146654928,,0.0,0.3522325146654928,1.0493259353
56135,0.3522768762865636,,0.0,0.3522768762865636,1.0515100462
56140,0.35232112524867104,,0.0,0.35232112524867104,1.0531937424
56145,0.3523654102480049,,0.0,0.3523654102480049,1.0537172244
56150,0.35240979144513357,,0.0,0.35240979144513357,1.0567253333
56155,0.3524544201054624,,0.0,0.3524544201054624,1.0573168442
56160,0.352499368348917,,0.0,0.352499368348917,1.0592922625
56165,0.3525446079141266,,0.0,0.3525446079141266,1.0604626604
56170,0.3525902099206146,,0.0,0.3525902099206146,1.061269021
56175,0.3526361546786406,,0.0,0.3526361546786406,1.0649405687
56180,0.3526822277837601,,0.0,0.3526822277837601,1.0712920931
56185,0.3527283156448165,,0.0,0.3527283156448165,1.0743514584
56190,0.35277431121874225,,0.0,0.35277431121874225,1.0772642572
56195,0.3528201050978823,,0.0,0.3528201050978823,1.0775619855
56200,0.35286562163816576,,0.0,0.35286562163816576,1.0748278927
56205,0.35291073146936036,,0.0,0.35291073146936036,1.0712839453
56210,0.35295597378567695,,0.0,0.35295597378567695,1.0663596659
56215,0.35300089383597016,,0.0,0.35300089383597016,1.0597995089
56220,0.353044938784177,,0.0,0.353044938784177,1.0516409171
56225,0.3530879461103641,,0.0,0.3530879461103641,1.0470817352
56230,0.35312971004992655,,0.0,0.35312971004992655,1.0455187046
56235,0.35316983335212626,,0.0,0.35316983335212626,1.0423590426
56240,0.3532078828426812,,0.0,0.3532078828426812,1.0366025338
56245,0.3532434741169307,,0.0,0.3532434741169307,1.0279470878
56250,0.35327618361809854,,0.0,0.35327618361809854,1.0226127921
56255,0.3533056674123526,,0.0,0.3533056674123526,1.0199796297
56260,0.35333184094294534,,0.0,0.35333184094294534,1.0144116491
56265,0.3533544675692127,,0.0,0.3533544675692127,1.0059971469
56270,0.35337323361949835,,0.0,0.35337323361949835,0.99809349991
56275,0.3533877810633896,,0.0,0.3533877810633896,0.99242051828
56280,0.35339811478921673,,0.0,0.35339811478921673,0.99041937648
56285,0.35340380569251684,,0.0,0.35340380569251684,0.98995327334
56290,0.3534042689925562,,0.0,0.3534042689925562,0.99183832214
56295,0.35339891233737303,,0.0,0.35339891233737303,0.99155539476
56300,0.35338732060540273,,0.0,0.35338732060540273,0.99039400146
56305,0.3533692199364613,,0.0,0.3533692199364613,0.99142752941
56310,0.35334468922592766,,0.0,0.35334468922592766,0.99165689823
56315,0.3533139976730197,,0.0,0.3533139976730197,0.99509221307
56320,0.35327737477916543,,0.0,0.35327737477916543,0.99727793373
56325,0.3532350299695336,,0.0,0.3532350299695336,1.0009027559
56330,0.3531871318574181,,0.0,0.3531871318574181,1.0081660363
56335,0.35313389020903396,,0.0,0.35313389020903396,1.0156225039
56340,0.35307567642380916,,0.0,0.35307567642380916,1.0235480472
56345,0.3530130305599383,,0.0,0.3530130305599383,1.0282966796
56350,0.35294658887341124,,0.0,0.35294658887341124,1.0288146578
56355,0.3528769586767542,,0.0,0.3528769586767542,1.027823312
56360,0.35280498264991805,,0.0,0.35280498264991805,1.0279325687
56365,0.3527318693700679,,0.0,0.3527318693700679,1.0296815041
56370,0.35265905427837185,,0.0,0.35265905427837185,1.029363324
56375,0.352587278673082,,0.0,0.352587278673082,1.0303970895
56380,0.3525167979296726,,0.0,0.3525167979296726,1.0277563133
56385,0.3524478131517827,,0.0,0.3524478131517827,1.0286030908
56390,0.35238040396235654,,0.0,0.35238040396235654,1.0320648264
56395,0.35231482344049003,,0.0,0.35231482344049003,1.0328318684
56400,0.35225129031054797,,0.0,0.35225129031054797,1.0310663988
56405,0.35218997486831927,,0.0,0.35218997486831927,1.0332247324
56410,0.3521311006582899,,0.0,0.3521311006582899,1.0342002273
56415,0.35207487460462217,,0.0,0.35207487460462217,1.0337420526
56420,0.35202159469084243,,0.0,0.35202159469084243,1.0303237569
56425,0.3519714724793429,,0.0,0.3519714724793429,1.0259414131
56430,0.3519248185268904,,0.0,0.3519248185268904,1.0218853728
56435,0.3518816950403313,,0.0,0.3518816950403313,1.0204433406
56440,0.35184205159028487,,0.0,0.35184205159028487,1.0173835658
56445,0.35180593856065906,,0.0,0.35180593856065906,1.0157713181
56450,0.3517734287079991,,0.0,0.3517734287079991,1.0153251468
56455,0.35174461613834934,,0.0,0.35174461613834934,1.0128816417
56460,0.3517196084404512,,0.0,0.3517196084404512,1.0092220216
56465,0.35169852113805694,,0.0,0.35169852113805694,1.0047956423
56470,0.35168204591854935,,0.0,0.35168204591854935,0.99869956613
56475,0.35167059171918635,,0.0,0.35167059171918635,0.99113694417
56480,0.3516635281499749,,0.0,0.3516635281499749,0.98444559557
56485,0.3516609225334559,,0.0,0.3516609225334559,0.97827027078
56490,0.3516628057684246,,0.0,0.3516628057684246,0.97122312415
56495,0.35166914268163874,,0.0,0.35166914268163874,0.96873771497
56500,0.3516797110473249,,0.0,0.3516797110473249,0.96554129885
56505,0.35169433124776156,,0.0,0.35169433124776156,0.96261645588
56510,0.3517129086994396,,0.0,0.3517129086994396,0.95761530209
56515,0.3517353050512408,,0.0,0.3517353050512408,0.95010600268
56520,0.3517613623759886,,0.0,0.3517613623759886,0.94674579273
56525,0.3517911279654376,,0.0,0.3517911279654376,0.94347438392
56530,0.3518245253570059,,0.0,0.3518245253570059,0.94213720251
56535,0.3518613901436372,,0.0,0.3518613901436372,0.94209741535
56540,0.35190156571686765,,0.0,0.35190156571686765,0.94065219083
56545,0.3519450762000391,,0.0,0.3519450762000391,0.93948585841
56550,0.3519912758106019,,0.0,0.3519912758106019,0.94111733907
56555,0.35203948200121443,,0.0,0.35203948200121443,0.9454157888
56560,0.3520890791378203,,0.0,0.3520890791378203,0.94913124729
56565,0.35213954814794074,,0.0,0.35213954814794074,0.95304219105
56570,0.35219041565930237,,0.0,0.35219041565930237,0.95755297735
56575,0.3522412842620122,,0.0,0.3522412842620122,0.96129934191
56580,0.35229200037155,,0.0,0.35229200037155,0.96636133138
56585,0.35234251899254,,0.0,0.35234251899254,0.96992533951
56590,0.35239283403162125,,0.0,0.35239283403162125,0.97612888371
56595,0.3524428330571948,,0.0,0.3524428330571948,0.98317948018
56600,0.3524924266469191,,0.0,0.3524924266469191,0.98817169411
56605,0.3525415314718131,,0.0,0.3525415314718131,0.99155312923
56610,0.35259026805764165,,0.0,0.35259026805764165,0.99294509231
56615,0.35263899013763395,,0.0,0.35263899013763395,0.99313192608
56620,0.35268792682669875,,0.0,0.35268792682669875,0.99175301654
56625,0.3527370331521965,,0.0,0.3527370331521965,0.98949872573
56630,0.35278618113081656,,0.0,0.35278618113081656,0.98668851693
56635,0.3528352165868918,,0.0,0.3528352165868918,0.98244700278
56640,0.35288395808378714,,0.0,0.35288395808378714,0.97654631581
56645,0.3529321306927067,,0.0,0.3529321306927067,0.9704680221
56650,0.3529793817262964,,0.0,0.3529793817262964,0.96513699926
56655,0.3530253981040469,,0.0,0.3530253981040469,0.96168943873
56660,0.35306998688469426,,0.0,0.35306998688469426,0.96052202381
56665,0.3531129516255659,,0.0,0.3531129516255659,0.95928367211
56670,0.35315413594556194,,0.0,0.35315413594556194,0.95622518455
56675,0.35319334522092355,,0.0,0.35319334522092355,0.95249645334
56680,0.3532302503647012,,0.0,0.3532302503647012,0.94964509516
56685,0.353264658003639,,0.0,0.353264658003639,0.9454309519
56690,0.35329623254817116,,0.0,0.35329623254817116,0.94273137983
56695,0.3533245011489619,,0.0,0.3533245011489619,0.9379790173
56700,0.3533489913659308,,0.0,0.3533489913659308,0.93713628949
56705,0.3533692814384787,,0.0,0.3533692814384787,0.93758865705
56710,0.35338502681889006,,0.0,0.35338502681889006,0.93563020474
56715,0.35339592458983554,,0.0,0.35339592458983554,0.93332931065
56720,0.3534016464146675,,0.0,0.3534016464146675,0.93119673567
56725,0.3534019245265624,,0.0,0.3534019245265624,0.92975455014
56730,0.3533967836172727,,0.0,0.3533967836172727,0.92713802329
56735,0.3533870055240883,,0.0,0.3533870055240883,0.92421858736
56740,0.35337176568798534,,0.0,0.35337176568798534,0.91961688599
56745,0.35335081503147797,,0.0,0.35335081503147797,0.91461238705
56750,0.35332414925738276,,0.0,0.35332414925738276,0.9108123429
56755,0.353291918130501,,0.0,0.353291918130501,0.90915162482
56760,0.3532541678285027,,0.0,0.3532541678285027,0.90610576542
56765,0.35321099716387117,,0.0,0.35321099716387117,0.90411029694
56770,0.35316264793843766,,0.0,0.35316264793843766,0.90218948745
56775,0.35310933430654645,,0.0,0.35310933430654645,0.90305604358
56780,0.3530516306129142,,0.0,0.3530516306129142,0.90361593565
56785,0.3529902972089134,,0.0,0.3529902972089134,0.90444634009
56790,0.3529260490185484,,0.0,0.3529260490185484,0.90742887137
56795,0.3528596093782991,,0.0,0.3528596093782991,0.91122825476
56800,0.35279168000230965,,0.0,0.35279168000230965,0.91418871095
56805,0.35272324749207223,,0.0,0.35272324749207223,0.91783810825
56810,0.3526551039162658,,0.0,0.3526551039162658,0.92109077053
56815,0.352587974271129,,0.0,0.352587974271129,0.92375470008
56820,0.3525221384419973,,0.0,0.3525221384419973,0.9255257589
56825,0.35245777140836265,,0.0,0.35245777140836265,0.92835302615
56830,0.3523951141990181,,0.0,0.3523951141990181,0.93071667426
56835,0.3523342281568259,,0.0,0.3523342281568259,0.92904156344
56840,0.35227555273132044,,0.0,0.35227555273132044,0.92986703025
56845,0.3522194308104583,,0.0,0.3522194308104583,0.93001401467
56850,0.35216602825642673,,0.0,0.35216602825642673,0.92890629071
56855,0.3521154186442822,,0.0,0.3521154186442822,0.93348672874
56860,0.352067609613462,,0.0,0.352067609613462,0.93509104256
56865,0.35202281438611704,,0.0,0.35202281438611704,0.93268998727
56870,0.351981404134311,,0.0,0.351981404134311,0.928059819
56875,0.3519437075357378,,0.0,0.3519437075357378,0.92276769936
56880,0.35190971933828435,,0.0,0.35190971933828435,0.91854425754
56885,0.35187934634536316,,0.0,0.35187934634536316,0.91223647714
56890,0.3518524725784937,,0.0,0.3518524725784937,0.90804406358
56895,0.3518290062507466,,0.0,0.3518290062507466,0.90329253771
56900,0.3518088440250909,,0.0,0.3518088440250909,0.89811873473
56905,0.3517918656713353,,0.0,0.3517918656713353,0.88976369761
56910,0.35177803692569426,,0.0,0.35177803692569426,0.88381407797
56915,0.3517674713338514,,0.0,0.3517674713338514,0.87952883966
56920,0.3517603601545755,,0.0,0.3517603601545755,0.87404641974
56925,0.35175687175106,,0.0,0.35175687175106,0.86705063433
56930,0.35175709511365444,,0.0,0.35175709511365444,0.8646509758
56935,0.35176109983854176,,0.0,0.35176109983854176,0.86086105901
56940,0.35176885593638346,,0.0,0.35176885593638346,0.85444393109
56945,0.35178032952991306,,0.0,0.35178032952991306,0.85031801553
56950,0.3517955481756721,,0.0,0.3517955481756721,0.84757108253
56955,0.3518142101840978,,0.0,0.3518142101840978,0.847728903
56960,0.35183601427488287,,0.0,0.35183601427488287,0.84761823723
56965,0.3518607088467987,,0.0,0.3518607088467987,0.84857970273
56970,0.35188799241491026,,0.0,0.35188799241491026,0.84762610822
56975,0.3519174818477966,,0.0,0.3519174818477966,0.85010877646
56980,0.35194895989896047,,0.0,0.35194895989896047,0.85268892545
56985,0.3519827956714513,,0.0,0.3519827956714513,0.85241493539
56990,0.35201904043589716,,0.0,0.35201904043589716,0.84984071775
56995,0.3520565705583999,,0.0,0.3520565705583999,0.84742958971
57000,0.3520950393085477,,0.0,0.3520950393085477,0.84702289452
57005,0.35213412139637335,,0.0,0.35213412139637335,0.84558144516
57010,0.35217366687518403,,0.0,0.35217366687518403,0.84593185051
57015,0.35221349774154403,,0.0,0.35221349774154403,0.84729456405
57020,0.35225338760891517,,0.0,0.35225338760891517,0.84734709121
57025,0.3522932382104882,,0.0,0.3522932382104882,0.84503757256
57030,0.3523330986569312,,0.0,0.3523330986569312,0.8428936679
57035,0.35237300262088295,,0.0,0.35237300262088295,0.84350764827
57040,0.3524132023174554,,0.0,0.3524132023174554,0.84683504445
57045,0.3524540585963774,,0.0,0.3524540585963774,0.8490739934
57050,0.3524958849928868,,0.0,0.3524958849928868,0.84999871823
57055,0.35253886458064093,,0.0,0.35253886458064093,0.85154576894
57060,0.35258313727957136,,0.0,0.35258313727957136,0.85429795701
57065,0.35262907405711386,,0.0,0.35262907405711386,0.85666208137
57070,0.35267638913919996,,0.0,0.35267638913919996,0.85940566599
57075,0.352724680477707,,0.0,0.352724680477707,0.86040171881
57080,0.35277359136093467,,0.0,0.35277359136093467,0.86122856008
57085,0.3528227598932787,,0.0,0.3528227598932787,0.86195666463
57090,0.35287184887088774,,0.0,0.35287184887088774,0.85976485047
57095,0.35292079035733726,,0.0,0.35292079035733726,0.85792894813
57100,0.3529694331781679,,0.0,0.3529694331781679,0.85665421781
57105,0.35301749226414014,,0.0,0.35301749226414014,0.85593260361
57110,0.3530644893773864,,0.0,0.3530644893773864,0.85504435473
57115,0.3531099352301387,,0.0,0.3531099352301387,0.85691853792
57120,0.3531533116593753,,0.0,0.3531533116593753,0.8565497686
57125,0.353194122283565,,0.0,0.353194122283565,0.85091588588
57130,0.3532319335419065,,0.0,0.3532319335419065,0.84445581899
57135,0.3532663607341658,,0.0,0.3532663607341658,0.83838647472
57140,0.3532972183084158,,0.0,0.3532972183084158,0.83048564738
57145,0.3533243660264152,,0.0,0.3533243660264152,0.82368233243
57150,0.35334737182796633,,0.0,0.35334737182796633,0.81845048158
57155,0.35336568519612094,,0.0,0.35336568519612094,0.81402354557
57160,0.3533788602469379,,0.0,0.3533788602469379,0.80898076666
57165,0.3533864645337003,,0.0,0.3533864645337003,0.80462363789
57170,0.3533881244515475,,0.0,0.3533881244515475,0.80225637569
57175,0.35338366779483105,,0.0,0.35338366779483105,0.80002107201
57180,0.35337309238085457,,0.0,0.35337309238085457,0.79558878618
57185,0.3533564941118395,,0.0,0.3533564941118395,0.79018596646
57190,0.353334053719592,,0.0,0.353334053719592,0.78419405725
57195,0.3533060027972905,,0.0,0.3533060027972905,0.78110144403
57200,0.35327266215582764,,0.0,0.35327266215582764,0.78174989069
57205,0.3532344077646518,,0.0,0.3532344077646518,0.78128121515
57210,0.3531915486117167,,0.0,0.3531915486117167,0.78310813485
57215,0.3531443446652537,,0.0,0.3531443446652537,0.78463017904
57220,0.35309327254884454,,0.0,0.35309327254884454,0.78982927633
57225,0.35303852215707276,,0.0,0.35303852215707276,0.79837728646
57230,0.352980305620741,,0.0,0.352980305620741,0.80920407885
57235,0.3529189521859538,,0.0,0.3529189521859538,0.81873201029
57240,0.3528548584895657,,0.0,0.3528548584895657,0.82536031305
57245,0.352788433264207,,0.0,0.352788433264207,0.83039678112
57250,0.3527201189833559,,0.0,0.3527201189833559,0.83200250189
57255,0.35265097284509006,,0.0,0.35265097284509006,0.83442658713
57260,0.35258249404350067,,0.0,0.35258249404350067,0.83440177333
57265,0.35251495566573354,,0.0,0.35251495566573354,0.83574706916
57270,0.3524482902073564,,0.0,0.3524482902073564,0.8381533038
57275,0.352382961582292,,0.0,0.352382961582292,0.84087195313
57280,0.35231917428190573,,0.0,0.35231917428190573,0.84040078147
57285,0.3522571975963614,,0.0,0.3522571975963614,0.83926378911
57290,0.35219734658423696,,0.0,0.35219734658423696,0.83773254738
57295,0.3521399732053209,,0.0,0.3521399732053209,0.83513912679
57300,0.3520854128672876,,0.0,0.3520854128672876,0.83351115762
57305,0.35203394586472825,,0.0,0.35203394586472825,0.83397811222
57310,0.3519860684427553,,0.0,0.3519860684427553,0.83495262482
57315,0.3519422157764562,,0.0,0.3519422157764562,0.83478105571
57320,0.35190274348618295,,0.0,0.35190274348618295,0.83396545017
57325,0.35186780672526863,,0.0,0.35186780672526863,0.83331145984
57330,0.3518378502408335,,0.0,0.3518378502408335,0.83419094122
57335,0.3518128007079218,,0.0,0.3518128007079218,0.83576354067
57340,0.351792278860304,,0.0,0.351792278860304,0.83904728748
57345,0.3517759363078096,,0.0,0.3517759363078096,0.84157143569
57350,0.3517635290431746,,0.0,0.3517635290431746,0.84105271333
57355,0.3517548477776487,,0.0,0.3517548477776487,0.84142443969
57360,0.35174980518064103,,0.0,0.35174980518064103,0.84383625302
57365,0.3517485739807377,,0.0,0.3517485739807377,0.8491083038
57370,0.35175119471697636,,0.0,0.35175119471697636,0.85487566775
57375,0.3517575793994098,,0.0,0.3517575793994098,0.85797543178
57380,0.35176749577550337,,0.0,0.35176749577550337,0.85928381257
57385,0.35178063206072346,,0.0,0.35178063206072346,0.85713102828
57390,0.35179672310293486,,0.0,0.35179672310293486,0.85490095111
57395,0.3518155313747533,,0.0,0.3518155313747533,0.85242796837
57400,0.3518369492647007,,0.0,0.3518369492647007,0.85098222519
57405,0.3518609717935011,,0.0,0.3518609717935011,0.84826642939
57410,0.35188791390605045,,0.0,0.35188791390605045,0.84335525032
57415,0.3519179486719811,,0.0,0.3519179486719811,0.84132174379
57420,0.3519508090747714,,0.0,0.3519508090747714,0.84364238502
57425,0.35198612994477263,,0.0,0.35198612994477263,0.84712107515
57430,0.35202355552521414,,0.0,0.35202355552521414,0.84873730715
57435,0.35206260910156856,,0.0,0.35206260910156856,0.85170434348
57440,0.3521028755977443,,0.0,0.3521028755977443,0.85346383093
57445,0.35214407510566925,,0.0,0.35214407510566925,0.85519192565
57450,0.35218594699775596,,0.0,0.35218594699775596,0.85794766758
57455,0.3522282747550725,,0.0,0.3522282747550725,0.86132546375
57460,0.35227087930557144,,0.0,0.35227087930557144,0.8648474947
57465,0.3523135632971235,,0.0,0.3523135632971235,0.86803171167
57470,0.35235622937237615,,0.0,0.35235622937237615,0.87177375848
57475,0.3523988181892722,,0.0,0.3523988181892722,0.88172779799
57480,0.352441264062293,,0.0,0.352441264062293,0.89313387639
57485,0.35248364879707916,,0.0,0.35248364879707916,0.90463180273
57490,0.3525258157169575,,0.0,0.3525258157169575,0.91308110454
57495,0.3525676444325817,,0.0,0.3525676444325817,0.92108400858
57500,0.352609127213569,,0.0,0.352609127213569,0.92902589087
57505,0.35265028543215443,,0.0,0.35265028543215443,0.93443664038
57510,0.3526910894400458,,0.0,0.3526910894400458,0.93667046349
57515,0.35273149610625354,,0.0,0.35273149610625354,0.93746603443
57520,0.35277190486421195,,0.0,0.35277190486421195,0.93795463762
57525,0.3528129528566311,,0.0,0.3528129528566311,0.93935536221
57530,0.3528537964031576,,0.0,0.3528537964031576,0.94170283474
57535,0.3528942904226927,,0.0,0.3528942904226927,0.94214151786
57540,0.35293433862649576,,0.0,0.35293433862649576,0.93789782172
57545,0.35297374700469114,,0.0,0.35297374700469114,0.93065218522
57550,0.3530122460624874,,0.0,0.3530122460624874,0.92105884939
57555,0.35304960402481456,,0.0,0.35304960402481456,0.91305346573
57560,0.35308566653411416,,0.0,0.35308566653411416,0.90684297204
57565,0.3531200584849219,,0.0,0.3531200584849219,0.90160340919
57570,0.35315264302672295,,0.0,0.35315264302672295,0.89714962713
57575,0.353183227513827,,0.0,0.353183227513827,0.89187951219
57580,0.35321156286874816,,0.0,0.35321156286874816,0.88927533456
57585,0.3532373538363305,,0.0,0.3532373538363305,0.88682190509
57590,0.35326058379625075,,0.0,0.35326058379625075,0.88697428698
57595,0.35328088237221983,,0.0,0.35328088237221983,0.88908169527
57600,0.35329750501467766,,0.0,0.35329750501467766,0.89039262343
57605,0.3533098113750787,,0.0,0.3533098113750787,0.88991330253
57610,0.35331728833788667,,0.0,0.35331728833788667,0.89036022313
57615,0.35331951248274357,,0.0,0.35331951248274357,0.89075956498
57620,0.353316268836794,,0.0,0.353316268836794,0.89378354572
57625,0.353307636932037,,0.0,0.353307636932037,0.90110042203
57630,0.3532936449388971,,0.0,0.3532936449388971,0.90787631258
57635,0.3532742778740735,,0.0,0.3532742778740735,0.91646929847
57640,0.35324947548605196,,0.0,0.35324947548605196,0.92230537255
57645,0.35321917836456584,,0.0,0.35321917836456584,0.92738194941
57650,0.35318346103960135,,0.0,0.35318346103960135,0.92981125821
57655,0.3531425650856257,,0.0,0.3531425650856257,0.92837358295
57660,0.35309678471191946,,0.0,0.35309678471191946,0.92943447302
57665,0.35304650343642247,,0.0,0.35304650343642247,0.93225878271
57670,0.35299233825737647,,0.0,0.35299233825737647,0.93230324356
57675,0.352935026721524,,0.0,0.352935026721524,0.93683708321
57680,0.35287509401744094,,0.0,0.35287509401744094,0.94515647923
57685,0.3528130027403375,,0.0,0.3528130027403375,0.95307343454
57690,0.3527491467759616,,0.0,0.3527491467759616,0.9582989454
57695,0.35268407211671354,,0.0,0.35268407211671354,0.95828200662
57700,0.3526186658467733,,0.0,0.3526186658467733,0.9568904344
57705,0.3525535719525136,,0.0,0.3525535719525136,0.95258592135
57710,0.35248922240318625,,0.0,0.35248922240318625,0.95061264835
57715,0.3524260922080871,,0.0,0.3524260922080871,0.94920772934
57720,0.35236459037268375,,0.0,0.35236459037268375,0.94737135589
57725,0.35230497797929183,,0.0,0.35230497797929183,0.94683494318
57730,0.35224761887884787,,0.0,0.35224761887884787,0.95281961007
57735,0.35219275548706647,,0.0,0.35219275548706647,0.95609455257
57740,0.35214052269913015,,0.0,0.35214052269913015,0.96103757773
57745,0.3520911869858866,,0.0,0.3520911869858866,0.96392299451
57750,0.3520448678044886,,0.0,0.3520448678044886,0.96378197746
57755,0.3520015384396424,,0.0,0.3520015384396424,0.9701103338
57760,0.3519613154155026,,0.0,0.3519613154155026,0.97344123914
57765,0.3519243056841909,,0.0,0.3519243056841909,0.97449914274
57770,0.35189048705496107,,0.0,0.35189048705496107,0.97185238406
57775,0.3518599323525678,,0.0,0.3518599323525678,0.97429365915
57780,0.3518334328953881,,0.0,0.3518334328953881,0.97492711621
57785,0.35181108274399325,,0.0,0.35181108274399325,0.97610933005
57790,0.3517924007729904,,0.0,0.3517924007729904,0.97587043577
57795,0.35177744791598625,,0.0,0.35177744791598625,0.97720654045
57800,0.3517662385196622,,0.0,0.3517662385196622,0.97466800521
57805,0.35175870689849953,,0.0,0.35175870689849953,0.96977714913
57810,0.351754852120305,,0.0,0.351754852120305,0.96158355016
57815,0.3517547363464521,,0.0,0.3517547363464521,0.95825276868
57820,0.35175822979745297,,0.0,0.35175822979745297,0.9570688348
57825,0.3517653536181786,,0.0,0.3517653536181786,0.95428071286
57830,0.35177627264767725,,0.0,0.35177627264767725,0.95062919919
57835,0.3517910486380667,,0.0,0.3517910486380667,0.95056277015
57840,0.3518096085372282,,0.0,0.3518096085372282,0.95064270888
57845,0.3518320295125727,,0.0,0.3518320295125727,0.94733139089
57850,0.35185844266230043,,0.0,0.35185844266230043,0.94651812074
57855,0.35188827748414975,,0.0,0.35188827748414975,0.94652180319
57860,0.35192097604909933,,0.0,0.35192097604909933,0.94637982283
57865,0.3519560436581133,,0.0,0.3519560436581133,0.94783576645
57870,0.35199302392302406,,0.0,0.35199302392302406,0.95090267048
57875,0.352031570931931,,0.0,0.352031570931931,0.95284909886
57880,0.35207162120474833,,0.0,0.35207162120474833,0.95968951953
57885,0.3521130188833138,,0.0,0.3521130188833138,0.97279950141
57890,0.3521555154130793,,0.0,0.3521555154130793,0.98450392655
57895,0.352198803215749,,0.0,0.352198803215749,0.9932717323
57900,0.3522424891331406,,0.0,0.3522424891331406,1.0005058985
57905,0.3522862566060724,,0.0,0.3522862566060724,1.0064760296
57910,0.3523298365035355,,0.0,0.3523298365035355,1.0145911263
57915,0.3523730797882939,,0.0,0.3523730797882939,1.0189588219
57920,0.35241593111990044,,0.0,0.35241593111990044,1.0236368753
57925,0.3524585932844888,,0.0,0.3524585932844888,1.0268618435
57930,0.35250136128711435,,0.0,0.35250136128711435,1.0281126676
57935,0.35254429324206776,,0.0,0.35254429324206776,1.0334629847
57940,0.352587313664433,,0.0,0.352587313664433,1.0383591525
57945,0.3526303412260343,,0.0,0.3526303412260343,1.0427722221
57950,0.3526731723222266,,0.0,0.3526731723222266,1.0508491508
57955,0.35271560207512526,,0.0,0.35271560207512526,1.0547701815
57960,0.3527575562275811,,0.0,0.3527575562275811,1.0556151319
57965,0.3527989817582617,,0.0,0.3527989817582617,1.0517087081
57970,0.3528398332397989,,0.0,0.3528398332397989,1.0435617058
57975,0.3528800511027713,,0.0,0.3528800511027713,1.0352668892
57980,0.3529195647733298,,0.0,0.3529195647733298,1.0308825284
57985,0.3529583379414109,,0.0,0.3529583379414109,1.029795567
57990,0.3529962734542901,,0.0,0.3529962734542901,1.0314149323
57995,0.35303314517552964,,0.0,0.35303314517552964,1.0342335035
58000,0.3530688177552187,,0.0,0.3530688177552187,1.0372112771
58005,0.3531031594358008,,0.0,0.3531031594358008,1.0388626116
58010,0.3531356414363457,,0.0,0.3531356414363457,1.0394815104
58015,0.35316584020007696,,0.0,0.35316584020007696,1.0373276841
58020,0.3531933590674036,,0.0,0.3531933590674036,1.035134278
58025,0.3532178295946324,,0.0,0.3532178295946324,1.0337591032
58030,0.353238903937267,,0.0,0.353238903937267,1.0312061884
58035,0.35325636505343777,,0.0,0.35325636505343777,1.0272959882
58040,0.35327084569772577,,0.0,0.35327084569772577,1.0235672894
58045,0.353281368158579,,0.0,0.353281368158579,1.0210605046
58050,0.35328745303857256,,0.0,0.35328745303857256,1.0235813151
58055,0.35328895825781503,,0.0,0.35328895825781503,1.0261818467
58060,0.35328570669959125,,0.0,0.35328570669959125,1.0269157536
58065,0.3532775107202233,,0.0,0.3532775107202233,1.0305706325
58070,0.35326427484948164,,0.0,0.35326427484948164,1.0305258928
58075,0.353246033510307,,0.0,0.353246033510307,1.0270823858
58080,0.35322282446789355,,0.0,0.35322282446789355,1.024171914
58085,0.35319477172667846,,0.0,0.35319477172667846,1.0226441802
58090,0.35316229281828676,,0.0,0.35316229281828676,1.0252741867
58095,0.35312581971197043,,0.0,0.35312581971197043,1.0271134675
58100,0.3530856783343164,,0.0,0.3530856783343164,1.0297206696
58105,0.353042224965033,,0.0,0.353042224965033,1.0338115011
58110,0.35299612696353316,,0.0,0.35299612696353316,1.0383053226
58115,0.3529475224080981,,0.0,0.3529475224080981,1.0429085164
58120,0.35289642000677696,,0.0,0.35289642000677696,1.0470723854
58125,0.35284289476702063,,0.0,0.35284289476702063,1.052789857
58130,0.3527872478781908,,0.0,0.3527872478781908,1.060590472
58135,0.3527296600720936,,0.0,0.3527296600720936,1.0640358263
58140,0.35267106783915053,,0.0,0.35267106783915053,1.0667919346
58145,0.35261239912088904,,0.0,0.35261239912088904,1.0765879121
58150,0.352554157688177,,0.0,0.352554157688177,1.0858634049
58155,0.35249656622151604,,0.0,0.35249656622151604,1.0916940766
58160,0.35243978467162407,,0.0,0.35243978467162407,1.0970351032
58165,0.3523840560453628,,0.0,0.3523840560453628,1.1017019729
58170,0.35232943206808864,,0.0,0.35232943206808864,1.1062956844
58175,0.352276116253501,,0.0,0.352276116253501,1.1116328171
58180,0.35222436538673246,,0.0,0.35222436538673246,1.1122351789
58185,0.3521746692102792,,0.0,0.3521746692102792,1.1154740863
58190,0.3521276626614185,,0.0,0.3521276626614185,1.1179779488
58195,0.3520835698303102,,0.0,0.3520835698303102,1.1201810407
58200,0.3520424659517696,,0.0,0.3520424659517696,1.1191524686
58205,0.35200437830950126,,0.0,0.35200437830950126,1.1203017409
58210,0.35196923332844854,,0.0,0.35196923332844854,1.1183670938
58215,0.35193701559331847,,0.0,0.35193701559331847,1.1170216638
58220,0.351907875551005,,0.0,0.351907875551005,1.1174002555
58225,0.3518820450220511,,0.0,0.3518820450220511,1.1136724548
58230,0.3518597161746822,,0.0,0.3518597161746822,1.1071699318
58235,0.35184101208114227,,0.0,0.35184101208114227,1.1010295056
58240,0.35182601218248427,,0.0,0.35182601218248427,1.0934591267
58245,0.3518148198839484,,0.0,0.3518148198839484,1.0882209274
58250,0.3518074638561608,,0.0,0.3518074638561608,1.0852662986
58255,0.35180388730354323,,0.0,0.35180388730354323,1.085275019
58260,0.35180418155829657,,0.0,0.35180418155829657,1.0874238637
58265,0.3518080154189843,,0.0,0.3518080154189843,1.0869745906
58270,0.3518151086592244,,0.0,0.3518151086592244,1.0907688044
58275,0.35182526260817515,,0.0,0.35182526260817515,1.0915172958
58280,0.3518382459454949,,0.0,0.3518382459454949,1.0882506946
58285,0.35185382623675754,,0.0,0.35185382623675754,1.0851954985
58290,0.3518718920507664,,0.0,0.3518718920507664,1.083927718
58295,0.3518928195843342,,0.0,0.3518928195843342,1.0798760254
58300,0.35191675207690964,,0.0,0.35191675207690964,1.0761999129
58305,0.3519427564257979,,0.0,0.3519427564257979,1.0737226746
58310,0.35197072379175415,,0.0,0.35197072379175415,1.0703300573
58315,0.3520005355588731,,0.0,0.3520005355588731,1.0689622657
58320,0.3520320914595406,,0.0,0.3520320914595406,1.0689032719
58325,0.35206518697965467,,0.0,0.35206518697965467,1.0717204666
58330,0.3520996058049113,,0.0,0.3520996058049113,1.0725449708
58335,0.35213523068359026,,0.0,0.35213523068359026,1.0725115669
58340,0.352171969760553,,0.0,0.352171969760553,1.0726223687
58345,0.3522097676498792,,0.0,0.3522097676498792,1.0712393274
58350,0.352248842984988,,0.0,0.352248842984988,1.0698089324
58355,0.3522892614059251,,0.0,0.3522892614059251,1.0692820789
58360,0.3523310247316042,,0.0,0.3523310247316042,1.0724249285
58365,0.3523741370091081,,0.0,0.3523741370091081,1.0802756773
58370,0.3524188921521438,,0.0,0.3524188921521438,1.0859731998
58375,0.3524650058645102,,0.0,0.3524650058645102,1.0881487875
58380,0.352512053247982,,0.0,0.352512053247982,1.0902487015
58385,0.3525596382568516,,0.0,0.3525596382568516,1.0926297453
58390,0.3526074261200644,,0.0,0.3526074261200644,1.0973810853
58395,0.3526551143068099,,0.0,0.3526551143068099,1.0984100866
58400,0.35270269458650405,,0.0,0.35270269458650405,1.0951461129
58405,0.35275018737645236,,0.0,0.35275018737645236,1.0953496714
58410,0.3527974826323798,,0.0,0.3527974826323798,1.0976582763
58415,0.35284433646070446,,0.0,0.35284433646070446,1.1016222414
58420,0.35289038805717016,,0.0,0.35289038805717016,1.1056846549
58425,0.3529352343505155,,0.0,0.3529352343505155,1.109487678
58430,0.35297857808477945,,0.0,0.35297857808477945,1.1113480834
58435,0.35302024698610446,,0.0,0.35302024698610446,1.1092012785
58440,0.3530601573389904,,0.0,0.3530601573389904,1.1058697731
58445,0.3530983694404242,,0.0,0.3530983694404242,1.0999306262
58450,0.35313490850509627,,0.0,0.35313490850509627,1.0954381591
58455,0.3531694392162779,,0.0,0.3531694392162779,1.0954298211
58460,0.35320142401678056,,0.0,0.35320142401678056,1.0952187747
58465,0.35323030154438356,,0.0,0.35323030154438356,1.0926232562
58470,0.35325556891493964,,0.0,0.35325556891493964,1.0864606463
58475,0.3532766786581808,,0.0,0.3532766786581808,1.0815297214
58480,0.3532931704525389,,0.0,0.3532931704525389,1.0766814133
58485,0.3533047968348139,,0.0,0.3533047968348139,1.0739737436
58490,0.353311421545638,,0.0,0.353311421545638,1.0711420644
58495,0.35331297842202775,,0.0,0.35331297842202775,1.0705084284
58500,0.35330946819154857,,0.0,0.35330946819154857,1.0714366243
58505,0.35330091816064146,,0.0,0.35330091816064146,1.0695517387
58510,0.35328744098826975,,0.0,0.35328744098826975,1.0672434997
58515,0.35326916286156673,,0.0,0.35326916286156673,1.0636568846
58520,0.35324625307591917,,0.0,0.35324625307591917,1.0625749765
58525,0.35321887192309115,,0.0,0.35321887192309115,1.0631737842
58530,0.3531869057437168,,0.0,0.3531869057437168,1.0671878177
58535,0.35315034944483803,,0.0,0.35315034944483803,1.0722350352
58540,0.3531093243025214,,0.0,0.3531093243025214,1.0798223638
58545,0.35306403999203634,,0.0,0.35306403999203634,1.0817240401
58550,0.35301477821763205,,0.0,0.35301477821763205,1.081941736
58555,0.35296193613910076,,0.0,0.35296193613910076,1.0832415795
58560,0.3529059392230782,,0.0,0.3529059392230782,1.0815636335
58565,0.35284730731508146,,0.0,0.35284730731508146,1.0790605185
58570,0.35278736096914615,,0.0,0.35278736096914615,1.0780673582
58575,0.35272611448648067,,0.0,0.35272611448648067,1.079445679
58580,0.35266371808661495,,0.0,0.35266371808661495,1.0820041626
58585,0.3526011451157081,,0.0,0.3526011451157081,1.0876405915
58590,0.3525391537424361,,0.0,0.3525391537424361,1.0895623999
58595,0.3524781012469099,,0.0,0.3524781012469099,1.0895502245
58600,0.35241829000078484,,0.0,0.35241829000078484,1.0884418712
58605,0.35236013655801984,,0.0,0.35236013655801984,1.0846746396
58610,0.3523040241409815,,0.0,0.3523040241409815,1.0824431835
58615,0.3522501132915345,,0.0,0.3522501132915345,1.0798693481
58620,0.3521989755123431,,0.0,0.3521989755123431,1.0770818159
58625,0.3521510804696444,,0.0,0.3521510804696444,1.0765412086
58630,0.35210687211478386,,0.0,0.35210687211478386,1.0793700237
58635,0.3520665906580435,,0.0,0.3520665906580435,1.083530248
58640,0.35203048308515855,,0.0,0.35203048308515855,1.0843943624
58645,0.35199877673759705,,0.0,0.35199877673759705,1.0810853014
58650,0.35197113106925354,,0.0,0.35197113106925354,1.0798318413
58655,0.35194713575594844,,0.0,0.35194713575594844,1.0806508969
58660,0.3519264561630456,,0.0,0.3519264561630456,1.0797135184
58665,0.351908845805011,,0.0,0.351908845805011,1.0778420191
58670,0.3518941219947064,,0.0,0.3518941219947064,1.0756587915
58675,0.3518823880236899,,0.0,0.3518823880236899,1.0761241381
58680,0.351873722332612,,0.0,0.351873722332612,1.0771329196
58685,0.351868113689681,,0.0,0.351868113689681,1.0761611861
58690,0.35186536728924656,,0.0,0.35186536728924656,1.0762684954
58695,0.35186531406328636,,0.0,0.35186531406328636,1.0772098882
58700,0.35186798572910677,,0.0,0.35186798572910677,1.0766772057
58705,0.3518734125716199,,0.0,0.3518734125716199,1.0753858757
58710,0.3518818248198191,,0.0,0.3518818248198191,1.0730073505
58715,0.35189329579866035,,0.0,0.35189329579866035,1.0696837588
58720,0.35190764054736334,,0.0,0.35190764054736334,1.0681317109
58725,0.35192460496369316,,0.0,0.35192460496369316,1.0683562066
58730,0.351943867941184,,0.0,0.351943867941184,1.0688694374
58735,0.3519651730130132,,0.0,0.3519651730130132,1.0656141466
58740,0.35198825877855505,,0.0,0.35198825877855505,1.0586729101
58745,0.3520128885971454,,0.0,0.3520128885971454,1.0546707307
58750,0.3520389906216958,,0.0,0.3520389906216958,1.0512423335
58755,0.35206655259727565,,0.0,0.35206655259727565,1.0511957557
58760,0.35209555524340036,,0.0,0.35209555524340036,1.0520291349
58765,0.35212593785382734,,0.0,0.35212593785382734,1.0532735207
58770,0.3521575543925281,,0.0,0.3521575543925281,1.0555643196
58775,0.3521903596822352,,0.0,0.3521903596822352,1.056799813
58780,0.3522243747996105,,0.0,0.3522243747996105,1.055269652
58785,0.352259338935175,,0.0,0.352259338935175,1.0568156605
58790,0.35229500380721757,,0.0,0.35229500380721757,1.0602826778
58795,0.35233112927366533,,0.0,0.35233112927366533,1.0649744415
58800,0.352367494995868,,0.0,0.352367494995868,1.0692363473
58805,0.3524039414323632,,0.0,0.3524039414323632,1.0743476095
58810,0.3524402865326325,,0.0,0.3524402865326325,1.0793865455
58815,0.3524764483318802,,0.0,0.3524764483318802,1.0813819179
58820,0.35251294417461704,,0.0,0.35251294417461704,1.0795198058
58825,0.35255005083128904,,0.0,0.35255005083128904,1.0767268599
58830,0.352587088755762,,0.0,0.352587088755762,1.0751874448
58835,0.35262398892026353,,0.0,0.35262398892026353,1.0745062093
58840,0.3526605736396679,,0.0,0.3526605736396679,1.0744138841
58845,0.35269672427533316,,0.0,0.35269672427533316,1.0745581674
58850,0.35273250760412617,,0.0,0.35273250760412617,1.0750215428
58855,0.3527677838880069,,0.0,0.3527677838880069,1.07486578
58860,0.35280272537809665,,0.0,0.35280272537809665,1.0744073756
58865,0.3528374999373875,,0.0,0.3528374999373875,1.0734350749
58870,0.3528722242719256,,0.0,0.3528722242719256,1.0689811788
58875,0.3529070112680385,,0.0,0.3529070112680385,1.0611024247
58880,0.35294186681445894,,0.0,0.35294186681445894,1.0548815925
58885,0.35297667468260574,,0.0,0.35297667468260574,1.0474348011
58890,0.35301148486986744,,0.0,0.35301148486986744,1.0406813234
58895,0.35304616739212835,,0.0,0.35304616739212835,1.0370905458
58900,0.3530800770125128,,0.0,0.3530800770125128,1.0356110794
58905,0.353112523498769,,0.0,0.353112523498769,1.0377865029
58910,0.3531429111566813,,0.0,0.3531429111566813,1.0386280808
58915,0.35317064424656136,,0.0,0.35317064424656136,1.0382628474
58920,0.3531953281096231,,0.0,0.3531953281096231,1.0332859683
58925,0.3532167757160721,,0.0,0.3532167757160721,1.028860474
58930,0.35323454295540774,,0.0,0.35323454295540774,1.0264477385
58935,0.35324800671329143,,0.0,0.35324800671329143,1.0230472053
58940,0.3532567441605122,,0.0,0.3532567441605122,1.0201906208
58945,0.35326051726948454,,0.0,0.35326051726948454,1.0152859996
58950,0.3532591696363721,,0.0,0.3532591696363721,1.0170312931
58955,0.35325261120221363,,0.0,0.35325261120221363,1.0176707265
58960,0.35324083646479526,,0.0,0.35324083646479526,1.0196534116
58965,0.3532240556450605,,0.0,0.3532240556450605,1.0223470183
58970,0.3532026847967669,,0.0,0.3532026847967669,1.0255771187
58975,0.35317695403522587,,0.0,0.35317695403522587,1.0304841717
58980,0.3531469054228152,,0.0,0.3531469054228152,1.0326386775
58985,0.3531126329291605,,0.0,0.3531126329291605,1.0329934592
58990,0.35307424600738985,,0.0,0.35307424600738985,1.0312862136
58995,0.35303186027220124,,0.0,0.35303186027220124,1.0299602477
59000,0.352985738511142,,0.0,0.352985738511142,1.0292972043
59005,0.35293638040252423,,0.0,0.35293638040252423,1.0248355885
59010,0.35288447360938424,,0.0,0.35288447360938424,1.0235556774
59015,0.35283010046030044,,0.0,0.35283010046030044,1.0207529466
59020,0.3527732899669453,,0.0,0.3527732899669453,1.0212399005
59025,0.3527147056462765,,0.0,0.3527147056462765,1.0246531729
59030,0.35265530395129285,,0.0,0.35265530395129285,1.0278228626
59035,0.3525956752104146,,0.0,0.3525956752104146,1.030480689
59040,0.3525363728963247,,0.0,0.3525363728963247,1.0337131344
59045,0.3524777978066427,,0.0,0.3524777978066427,1.0352790727
59050,0.3524201771009451,,0.0,0.3524201771009451,1.0360279607
59055,0.3523637538997757,,0.0,0.3523637538997757,1.0347189497
59060,0.35230866475807576,,0.0,0.35230866475807576,1.0316392176
59065,0.35225520136138305,,0.0,0.35225520136138305,1.0305375422
59070,0.35220371621516017,,0.0,0.35220371621516017,1.0313665091
59075,0.3521547328254877,,0.0,0.3521547328254877,1.0333140365
59080,0.3521093934473923,,0.0,0.3521093934473923,1.0364741481
59085,0.3520670574594915,,0.0,0.3520670574594915,1.0359913997
59090,0.3520276899386437,,0.0,0.3520276899386437,1.0299411854
59095,0.351991503856899,,0.0,0.351991503856899,1.0206787815
59100,0.35195864602332416,,0.0,0.35195864602332416,1.0131480273
59105,0.3519291656395332,,0.0,0.3519291656395332,1.0086919745
59110,0.35190304592604765,,0.0,0.35190304592604765,1.0035770624
59115,0.35188031932773955,,0.0,0.35188031932773955,0.99931714477
59120,0.3518610487335479,,0.0,0.3518610487335479,0.99817663377
59125,0.35184519867465675,,0.0,0.35184519867465675,0.99539255538
59130,0.35183301409052353,,0.0,0.35183301409052353,0.99320242834
59135,0.35182476909143306,,0.0,0.35182476909143306,0.99041664796
59140,0.35182056342206186,,0.0,0.35182056342206186,0.98611789326
59145,0.35182037120836346,,0.0,0.35182037120836346,0.98197692523
59150,0.3518244089920061,,0.0,0.3518244089920061,0.98029742408
59155,0.35183268488989194,,0.0,0.35183268488989194,0.97590920604
59160,0.3518448009919268,,0.0,0.3518448009919268,0.9703977703
59165,0.3518602613030987,,0.0,0.3518602613030987,0.96773225797
59170,0.35187868880808404,,0.0,0.35187868880808404,0.96831770644
59175,0.35189972129296854,,0.0,0.35189972129296854,0.96962643549
59180,0.351923162110452,,0.0,0.351923162110452,0.96976355393
59185,0.3519490855176834,,0.0,0.3519490855176834,0.97019999744
59190,0.3519774417446385,,0.0,0.3519774417446385,0.97132497756
59195,0.35200805065065816,,0.0,0.35200805065065816,0.97068860472
59200,0.3520406023838045,,0.0,0.3520406023838045,0.97065867812
59205,0.35207471483579567,,0.0,0.35207471483579567,0.97201783654
59210,0.3521100185170631,,0.0,0.3521100185170631,0.97000372691
59215,0.3521463128014327,,0.0,0.3521463128014327,0.97079025878
59220,0.3521834813466411,,0.0,0.3521834813466411,0.97357007624
59225,0.3522213527428147,,0.0,0.3522213527428147,0.97829590002
59230,0.35225990063844204,,0.0,0.35225990063844204,0.98198956084
59235,0.3522994381595056,,0.0,0.3522994381595056,0.98693314748
59240,0.35233990773738866,,0.0,0.35233990773738866,0.99186420451
59245,0.3523810153674386,,0.0,0.3523810153674386,0.99702919921
59250,0.3524224496289046,,0.0,0.3524224496289046,1.0007934804
59255,0.3524639719030542,,0.0,0.3524639719030542,1.0015037087
59260,0.3525052976663218,,0.0,0.3525052976663218,0.99752277989
59265,0.35254617545389755,,0.0,0.35254617545389755,0.99357764377
59270,0.35258654203579604,,0.0,0.35258654203579604,0.99370459229
59275,0.35262641084924184,,0.0,0.35262641084924184,0.99131875859
59280,0.35266581215641046,,0.0,0.35266581215641046,0.99179814784
59285,0.3527047598492549,,0.0,0.3527047598492549,0.99099985174
59290,0.35274324478773406,,0.0,0.35274324478773406,0.98938420959
59295,0.35278127986339836,,0.0,0.35278127986339836,0.9881428861
59300,0.35281885643640803,,0.0,0.35281885643640803,0.98943292421
59305,0.3528560150003279,,0.0,0.3528560150003279,0.99077440967
59310,0.3528924575261588,,0.0,0.3528924575261588,0.98893841791
59315,0.3529279003770557,,0.0,0.3529279003770557,0.98912365126
59320,0.35296211268740546,,0.0,0.35296211268740546,0.98773182176
59325,0.3529948855777135,,0.0,0.3529948855777135,0.98419957348
59330,0.3530260083268351,,0.0,0.3530260083268351,0.98237195107
59335,0.35305531605024926,,0.0,0.35305531605024926,0.97590264861
59340,0.35308264249924975,,0.0,0.35308264249924975,0.97140718753
59345,0.35310788786095076,,0.0,0.35310788786095076,0.96801525764
59350,0.35313171328772236,,0.0,0.35313171328772236,0.96651565234
59355,0.35315311912736697,,0.0,0.35315311912736697,0.96444261534
59360,0.3531715893768227,,0.0,0.3531715893768227,0.95733600411
59365,0.3531869018103161,,0.0,0.3531869018103161,0.94649823248
59370,0.35319880725941555,,0.0,0.35319880725941555,0.93657368026
59375,0.3532070173581006,,0.0,0.3532070173581006,0.93179751087
59380,0.3532112317355208,,0.0,0.3532112317355208,0.92508276796
59385,0.35321123194014864,,0.0,0.35321123194014864,0.92116429039
59390,0.35320689424038393,,0.0,0.35320689424038393,0.92003854411
59395,0.3531981194599607,,0.0,0.3531981194599607,0.91787942703
59400,0.35318491098660576,,0.0,0.35318491098660576,0.91614062113
59405,0.3531675316306029,,0.0,0.3531675316306029,0.91654085499
59410,0.3531462581851345,,0.0,0.3531462581851345,0.91520135762
59415,0.35312123277556484,,0.0,0.35312123277556484,0.91695078006
59420,0.3530926380662957,,0.0,0.3530926380662957,0.92108742128
59425,0.3530609780100862,,0.0,0.3530609780100862,0.92396750826
59430,0.353026274979574,,0.0,0.353026274979574,0.92307202386
59435,0.352988444599903,,0.0,0.352988444599903,0.92406225575
59440,0.3529474992396857,,0.0,0.3529474992396857,0.92652298203
59445,0.3529035922333417,,0.0,0.3529035922333417,0.92930223436
59450,0.3528569233203246,,0.0,0.3528569233203246,0.9312813445
59455,0.3528079088272289,,0.0,0.3528079088272289,0.93552392769
59460,0.3527572691575366,,0.0,0.3527572691575366,0.94060789755
59465,0.3527053164140909,,0.0,0.3527053164140909,0.94412948245
59470,0.35265271463678727,,0.0,0.35265271463678727,0.94622145782
59475,0.35260002466490875,,0.0,0.35260002466490875,0.94625642893
59480,0.35254750546628416,,0.0,0.35254750546628416,0.94880615661
59485,0.3524954279226266,,0.0,0.3524954279226266,0.94871335145
59490,0.35244406573496545,,0.0,0.35244406573496545,0.948532026
59495,0.3523938936170231,,0.0,0.3523938936170231,0.94978241809
59500,0.3523455062398761,,0.0,0.3523455062398761,0.95248862457
59505,0.352299096362897,,0.0,0.352299096362897,0.95331954975
59510,0.35225476502673836,,0.0,0.35225476502673836,0.95363037852
59515,0.3522125997438823,,0.0,0.3522125997438823,0.95516702347
59520,0.35217265533183856,,0.0,0.35217265533183856,0.95416537623
59525,0.3521349033018723,,0.0,0.3521349033018723,0.95013284461
59530,0.35209940433748976,,0.0,0.35209940433748976,0.94263132774
59535,0.35206628915037197,,0.0,0.35206628915037197,0.9364127873
59540,0.35203571293932495,,0.0,0.35203571293932495,0.93106720432
59545,0.35200783451824547,,0.0,0.35200783451824547,0.92869912785
59550,0.35198277934670136,,0.0,0.35198277934670136,0.92549239155
59555,0.35196068741283354,,0.0,0.35196068741283354,0.92195274804
59560,0.35194169281604964,,0.0,0.35194169281604964,0.91721209228
59565,0.3519258219988066,,0.0,0.3519258219988066,0.91450820664
59570,0.35191320296715156,,0.0,0.35191320296715156,0.91562227302
59575,0.3519038247621299,,0.0,0.3519038247621299,0.91611455459
59580,0.35189747641249625,,0.0,0.35189747641249625,0.91626147595
59585,0.35189401231421413,,0.0,0.35189401231421413,0.91419774826
59590,0.3518932920926238,,0.0,0.3518932920926238,0.9111973515
59595,0.35189516584650526,,0.0,0.35189516584650526,0.90905727023
59600,0.35189957450663817,,0.0,0.35189957450663817,0.90611913628
59605,0.35190670837686167,,0.0,0.35190670837686167,0.9012350086
59610,0.3519172451843962,,0.0,0.3519172451843962,0.89994050385
59615,0.3519301664740246,,0.0,0.3519301664740246,0.89925497647
59620,0.35194522450970966,,0.0,0.35194522450970966,0.89848159275
59625,0.35196227673409525,,0.0,0.35196227673409525,0.89525029406
59630,0.3519812954996941,,0.0,0.3519812954996941,0.88828159148
59635,0.3520021656920095,,0.0,0.3520021656920095,0.88269094487
59640,0.352024759009421,,0.0,0.352024759009421,0.876769557
59645,0.3520490281374375,,0.0,0.3520490281374375,0.87119462256
59650,0.35207495650120857,,0.0,0.35207495650120857,0.86787918963
59655,0.3521024006111848,,0.0,0.3521024006111848,0.86597334931
59660,0.3521314916337758,,0.0,0.3521314916337758,0.86652516594
59665,0.3521623595303606,,0.0,0.3521623595303606,0.867025628
59670,0.3521951100707674,,0.0,0.3521951100707674,0.86639936842
59675,0.35222971990469215,,0.0,0.35222971990469215,0.86865479152
59680,0.3522662119959196,,0.0,0.3522662119959196,0.87336219136
59685,0.3523046626251403,,0.0,0.3523046626251403,0.87938508137
59690,0.3523445620872808,,0.0,0.3523445620872808,0.88511199565
59695,0.3523854707054427,,0.0,0.3523854707054427,0.88717738958
59700,0.3524270984538467,,0.0,0.3524270984538467,0.8895335132
59705,0.3524691018533892,,0.0,0.3524691018533892,0.89249097106
59710,0.35251123246320404,,0.0,0.35251123246320404,0.89556477044
59715,0.3525536018736429,,0.0,0.3525536018736429,0.89966757949
59720,0.3525962280692141,,0.0,0.3525962280692141,0.90120300023
59725,0.3526390199450812,,0.0,0.3526390199450812,0.90138430514
59730,0.35268171116681485,,0.0,0.35268171116681485,0.90045587849
59735,0.3527239604152716,,0.0,0.3527239604152716,0.89855471627
59740,0.3527654709346918,,0.0,0.3527654709346918,0.89790775275
59745,0.35280607290675114,,0.0,0.35280607290675114,0.89532847577
59750,0.3528456801376797,,0.0,0.3528456801376797,0.89149304456
59755,0.3528842440624835,,0.0,0.3528842440624835,0.89259784028
59760,0.35292187765843563,,0.0,0.35292187765843563,0.89278425861
59765,0.3529586403585392,,0.0,0.3529586403585392,0.89326512316
59770,0.35299426744265094,,0.0,0.35299426744265094,0.89239200406
59775,0.3530284231393138,,0.0,0.3530284231393138,0.89045181382
59780,0.353060778293369,,0.0,0.353060778293369,0.88674924716
59785,0.3530908561902893,,0.0,0.3530908561902893,0.8851281545
59790,0.35311828108799026,,0.0,0.35311828108799026,0.88071090979
59795,0.35314279149490047,,0.0,0.35314279149490047,0.87293226559
59800,0.3531641639574799,,0.0,0.3531641639574799,0.861855265
59805,0.35318222254130704,,0.0,0.35318222254130704,0.85261381223
59810,0.3531968253938549,,0.0,0.3531968253938549,0.84515438467
59815,0.3532078933696438,,0.0,0.3532078933696438,0.84295152624
59820,0.353215375971084,,0.0,0.353215375971084,0.83932542503
59825,0.3532191666098365,,0.0,0.3532191666098365,0.83755389096
59830,0.3532191005832715,,0.0,0.3532191005832715,0.83574014818
59835,0.3532151848487338,,0.0,0.3532151848487338,0.83356926268
59840,0.35320712938044413,,0.0,0.35320712938044413,0.83509717665
59845,0.3531946955141972,,0.0,0.3531946955141972,0.83806126782
59850,0.3531777664757375,,0.0,0.3531777664757375,0.84123287388
59855,0.35315629688317,,0.0,0.35315629688317,0.8430122396
59860,0.3531302115471522,,0.0,0.3531302115471522,0.84551648808
59865,0.3530994958481657,,0.0,0.3530994958481657,0.84900936042
59870,0.35306439518039645,,0.0,0.35306439518039645,0.85451711686
59875,0.35302598886445924,,0.0,0.35302598886445924,0.85869632826
59880,0.352984111697523,,0.0,0.352984111697523,0.86258288757
59885,0.3529387334174122,,0.0,0.3529387334174122,0.86331856215
59890,0.3528902358368353,,0.0,0.3528902358368353,0.86336029139
59895,0.3528390129097494,,0.0,0.3528390129097494,0.86211226908
59900,0.352785499401986,,0.0,0.352785499401986,0.86006500641
59905,0.3527301619785749,,0.0,0.3527301619785749,0.85791020254
59910,0.3526733826568521,,0.0,0.3526733826568521,0.85491149435
59915,0.35261604877109837,,0.0,0.35261604877109837,0.85399728376
59920,0.3525588295451129,,0.0,0.3525588295451129,0.8515566771
59925,0.3525023768093334,,0.0,0.3525023768093334,0.84938556195
59930,0.35244722182295984,,0.0,0.35244722182295984,0.84796128894
59935,0.35239383216047865,,0.0,0.35239383216047865,0.84721025235
59940,0.3523426339706181,,0.0,0.3523426339706181,0.84604342223
59945,0.3522941589673068,,0.0,0.3522941589673068,0.84625529255
59950,0.3522486519081106,,0.0,0.3522486519081106,0.84883605705
59955,0.3522059582763163,,0.0,0.3522059582763163,0.85286665738
59960,0.35216595131637995,,0.0,0.35216595131637995,0.85477804755
59965,0.3521285817584784,,0.0,0.3521285817584784,0.8547820378
59970,0.352093883798188,,0.0,0.352093883798188,0.85581723837
59975,0.352061830515587,,0.0,0.352061830515587,0.85697078825
59980,0.3520326222412758,,0.0,0.3520326222412758,0.85856090596
59985,0.35200641810746114,,0.0,0.35200641810746114,0.85964912361
59990,0.3519832816624382,,0.0,0.3519832816624382,0.85789474206
59995,0.3519632058124437,,0.0,0.3519632058124437,0.85539343798
60000,0.35194603833714294,,0.0,0.35194603833714294,0.85391166168
60005,0.3519315868182096,,0.0,0.3519315868182096,0.85156012941
60010,0.35191969175965426,,0.0,0.35191969175965426,0.85130226104
60015,0.3519103417705303,,0.0,0.3519103417705303,0.85093573585
60020,0.35190365676271923,,0.0,0.35190365676271923,0.84832281267
60025,0.35189996655073585,,0.0,0.35189996655073585,0.84491709649
60030,0.35189953228510545,,0.0,0.35189953228510545,0.84142809491
60035,0.35190236260566765,,0.0,0.35190236260566765,0.83866056038
60040,0.35190831133997563,,0.0,0.35190831133997563,0.83654072404
60045,0.3519171885025001,,0.0,0.3519171885025001,0.83444196498
60050,0.35192871839140666,,0.0,0.35192871839140666,0.82797390831
60055,0.3519426684585872,,0.0,0.3519426684585872,0.82264726024
60060,0.35195893604910333,,0.0,0.35195893604910333,0.81900221015
60065,0.3519773902011734,,0.0,0.3519773902011734,0.81430815095
60070,0.3519979508598609,,0.0,0.3519979508598609,0.81026455917
60075,0.35202054508672914,,0.0,0.35202054508672914,0.80808833201
60080,0.3520450952369023,,0.0,0.3520450952369023,0.80679848955
60085,0.35207155449609073,,0.0,0.35207155449609073,0.80492356262
60090,0.35209980508963645,,0.0,0.35209980508963645,0.80482945597
60095,0.3521296357507208,,0.0,0.3521296357507208,0.80413225496
60100,0.3521609769286336,,0.0,0.3521609769286336,0.80577748892
60105,0.352193492215298,,0.0,0.352193492215298,0.80966140508
60110,0.3522268346074653,,0.0,0.3522268346074653,0.8142626343
60115,0.35226075657372596,,0.0,0.35226075657372596,0.81713270919
60120,0.3522950533271413,,0.0,0.3522950533271413,0.82334139554
60125,0.3523295326767491,,0.0,0.3523295326767491,0.83354956468
60130,0.35236397692132376,,0.0,0.35236397692132376,0.84264518073
60135,0.35239844167414974,,0.0,0.35239844167414974,0.85120438937
60140,0.3524337939431476,,0.0,0.3524337939431476,0.85792298794
60145,0.35246928501799224,,0.0,0.35246928501799224,0.86098262629
60150,0.3525046548167703,,0.0,0.3525046548167703,0.861763932
60155,0.35253982289802616,,0.0,0.35253982289802616,0.86131421781
60160,0.3525748280273567,,0.0,0.3525748280273567,0.85964394173
60165,0.3526096449673353,,0.0,0.3526096449673353,0.85878409609
60170,0.3526441992789213,,0.0,0.3526441992789213,0.86042247794
60175,0.3526784680892759,,0.0,0.3526784680892759,0.86042395615
60180,0.35271248277465916,,0.0,0.35271248277465916,0.85909240759
60185,0.3527462233042848,,0.0,0.3527462233042848,0.85634846628
60190,0.3527797035701056,,0.0,0.3527797035701056,0.85390440376
60195,0.3528131098288778,,0.0,0.3528131098288778,0.852439061
60200,0.35284656663071273,,0.0,0.35284656663071273,0.8507903639
60205,0.35288004016655306,,0.0,0.35288004016655306,0.84844514708
60210,0.3529135501943482,,0.0,0.3529135501943482,0.84704526504
60215,0.3529471405953897,,0.0,0.3529471405953897,0.84746992728
60220,0.352980276904642,,0.0,0.352980276904642,0.84650357358
60225,0.3530124117655196,,0.0,0.3530124117655196,0.84675048895
60230,0.35304297744960395,,0.0,0.35304297744960395,0.84884852605
60235,0.35307148901178353,,0.0,0.35307148901178353,0.85153665451
60240,0.35309748710815614,,0.0,0.35309748710815614,0.85419374825
60245,0.35312081463005646,,0.0,0.35312081463005646,0.85468600763
60250,0.3531413282243537,,0.0,0.3531413282243537,0.85245516614
60255,0.35315877992764644,,0.0,0.35315877992764644,0.85031451141
60260,0.35317286489000943,,0.0,0.35317286489000943,0.84941021591
60265,0.3531831782440039,,0.0,0.3531831782440039,0.85297357605
60270,0.35318934060971835,,0.0,0.35318934060971835,0.85907918337
60275,0.3531910852662045,,0.0,0.3531910852662045,0.8641527841
60280,0.35318829512089717,,0.0,0.35318829512089717,0.86547221091
60285,0.35318089891785465,,0.0,0.35318089891785465,0.86779851028
60290,0.35316891698343683,,0.0,0.35316891698343683,0.86844139871
60295,0.35315268345207845,,0.0,0.35315268345207845,0.86940111082
60300,0.35313254800992605,,0.0,0.35313254800992605,0.871613801
60305,0.35310850383605336,,0.0,0.35310850383605336,0.87495508276
60310,0.353080515052389,,0.0,0.353080515052389,0.87647225615
60315,0.3530486175370044,,0.0,0.3530486175370044,0.87556428374
60320,0.3530128266369834,,0.0,0.3530128266369834,0.87721170081
60325,0.35297333029157735,,0.0,0.35297333029157735,0.88020920251
60330,0.3529304449917587,,0.0,0.3529304449917587,0.88461064175
60335,0.35288455700657445,,0.0,0.35288455700657445,0.88551867834
60340,0.35283610073807353,,0.0,0.35283610073807353,0.88501836358
60345,0.35278566371809655,,0.0,0.35278566371809655,0.88224966672
60350,0.3527336465168989,,0.0,0.3527336465168989,0.88100507747
60355,0.35268058598684005,,0.0,0.35268058598684005,0.88398596054
60360,0.35262729136259624,,0.0,0.35262729136259624,0.88575777526
60365,0.3525742469071867,,0.0,0.3525742469071867,0.88748026389
60370,0.3525217300049405,,0.0,0.3525217300049405,0.88866425361
60375,0.352470093729731,,0.0,0.352470093729731,0.89561124618
60380,0.35241938003025364,,0.0,0.35241938003025364,0.90440577506
60385,0.3523697710024999,,0.0,0.3523697710024999,0.91387513318
60390,0.3523214856891443,,0.0,0.3523214856891443,0.91893616004
60395,0.3522745747241951,,0.0,0.3522745747241951,0.92289848818
60400,0.35222916881933347,,0.0,0.35222916881933347,0.92414865597
60405,0.3521856331214717,,0.0,0.3521856331214717,0.92437494846
60410,0.35214512805203635,,0.0,0.35214512805203635,0.92325178513
60415,0.35210731620254787,,0.0,0.35210731620254787,0.92450354059
60420,0.352072184567774,,0.0,0.352072184567774,0.92748696735
60425,0.35203983755335727,,0.0,0.35203983755335727,0.92663082993
60430,0.3520102767508472,,0.0,0.3520102767508472,0.92599430206
60435,0.35198349281557484,,0.0,0.35198349281557484,0.92452887674
60440,0.351959528992212,,0.0,0.351959528992212,0.91953295305
60445,0.3519384838431413,,0.0,0.3519384838431413,0.9114408175
60450,0.35192044072008,,0.0,0.35192044072008,0.90285631952
60455,0.351905451257439,,0.0,0.351905451257439,0.89594831579
60460,0.3518937877011166,,0.0,0.3518937877011166,0.89475396983
60465,0.35188564694851393,,0.0,0.35188564694851393,0.89352455909
60470,0.35188101931391574,,0.0,0.35188101931391574,0.89174875605
60475,0.35188000906654626,,0.0,0.35188000906654626,0.88966809332
60480,0.3518829467484858,,0.0,0.3518829467484858,0.8891123763
60485,0.3518894935188606,,0.0,0.3518894935188606,0.88683347462
60490,0.3518992124291427,,0.0,0.3518992124291427,0.88632102562
60495,0.35191171941571775,,0.0,0.35191171941571775,0.88649831314
60500,0.3519267450065308,,0.0,0.3519267450065308,0.88855147157
60505,0.3519440306657451,,0.0,0.3519440306657451,0.88945581974
60510,0.35196358260040334,,0.0,0.35196358260040334,0.89018357265
60515,0.3519854716117188,,0.0,0.3519854716117188,0.89332124979
60520,0.3520096338103499,,0.0,0.3520096338103499,0.89506396823
60525,0.3520359258886388,,0.0,0.3520359258886388,0.9019935169
60530,0.35206406502825155,,0.0,0.35206406502825155,0.91063340182
60535,0.3520937341925415,,0.0,0.3520937341925415,0.91544575769
60540,0.35212472718491167,,0.0,0.35212472718491167,0.92000513553
60545,0.3521569283679276,,0.0,0.3521569283679276,0.92188305916
60550,0.35219018649892075,,0.0,0.35219018649892075,0.92311293657
60555,0.3522243825299935,,0.0,0.3522243825299935,0.92685055065
60560,0.35225972690945345,,0.0,0.35225972690945345,0.93069916721
60565,0.35229637044797746,,0.0,0.35229637044797746,0.93702349254
60570,0.35233406672824075,,0.0,0.35233406672824075,0.94258591714
60575,0.3523724954395522,,0.0,0.3523724954395522,0.94607970935
60580,0.3524113006432497,,0.0,0.3524113006432497,0.95201955279
60585,0.3524500772900031,,0.0,0.3524500772900031,0.95700600157
60590,0.35248864212426373,,0.0,0.35248864212426373,0.95841637543
60595,0.3525268302615104,,0.0,0.3525268302615104,0.95885763381
60600,0.35256453272608007,,0.0,0.35256453272608007,0.95706603576
60605,0.35260173401173395,,0.0,0.35260173401173395,0.95319314275
60610,0.3526384335727979,,0.0,0.3526384335727979,0.94784523106
60615,0.35267465930685993,,0.0,0.35267465930685993,0.94222767109
60620,0.3527104625982301,,0.0,0.3527104625982301,0.93742609583
60625,0.35274582523503567,,0.0,0.35274582523503567,0.93572974531
60630,0.3527806249408076,,0.0,0.3527806249408076,0.93695392869
60635,0.35281491605559057,,0.0,0.35281491605559057,0.94089175855
60640,0.3528484846751412,,0.0,0.3528484846751412,0.94452882047
60645,0.352881048003862,,0.0,0.352881048003862,0.94838993554
60650,0.35291242153570107,,0.0,0.35291242153570107,0.94969878079
60655,0.35294245261833157,,0.0,0.35294245261833157,0.95008165227
60660,0.35297097370707137,,0.0,0.35297097370707137,0.94859799855
60665,0.35299777808238564,,0.0,0.35299777808238564,0.94694446266
60670,0.35302288907184187,,0.0,0.35302288907184187,0.94412119702
60675,0.35304702059904186,,0.0,0.35304702059904186,0.94078758863
60680,0.35306915914257164,,0.0,0.35306915914257164,0.93714093729
60685,0.35308890949797106,,0.0,0.35308890949797106,0.93423873539
60690,0.3531060742903742,,0.0,0.3531060742903742,0.93276833331
60695,0.35312039507489007,,0.0,0.35312039507489007,0.93439788103
60700,0.35313156843398774,,0.0,0.35313156843398774,0.93732091291
60705,0.3531393618195589,,0.0,0.3531393618195589,0.93637097037
60710,0.3531436272629795,,0.0,0.3531436272629795,0.93470755556
60715,0.3531442857779248,,0.0,0.3531442857779248,0.93034928529
60720,0.3531411941022095,,0.0,0.3531411941022095,0.92688079078
60725,0.35313450070465924,,0.0,0.35313450070465924,0.92550981286
60730,0.35312440043639715,,0.0,0.35312440043639715,0.92275593213
60735,0.3531109861302279,,0.0,0.3531109861302279,0.92134387902
60740,0.35309430471412334,,0.0,0.35309430471412334,0.92276027503
60745,0.35307477874445725,,0.0,0.35307477874445725,0.92631448246
60750,0.35305233194053914,,0.0,0.35305233194053914,0.92948163119
60755,0.3530267075854458,,0.0,0.3530267075854458,0.93414127125
60760,0.352997720672924,,0.0,0.352997720672924,0.93592319564
60765,0.3529653335969345,,0.0,0.3529653335969345,0.94039055124
60770,0.3529295815761924,,0.0,0.3529295815761924,0.94315798471
60775,0.3528907441095143,,0.0,0.3528907441095143,0.94358331741
60780,0.3528493105983502,,0.0,0.3528493105983502,0.94320606354
60785,0.35280569127593403,,0.0,0.35280569127593403,0.9527175974
60790,0.3527603513294281,,0.0,0.3527603513294281,0.96329657981
60795,0.3527133400968647,,0.0,0.3527133400968647,0.97072653973
60800,0.352664992099198,,0.0,0.352664992099198,0.97581836617
60805,0.3526159245392971,,0.0,0.3526159245392971,0.97837582531
60810,0.3525666062876244,,0.0,0.3525666062876244,0.9783551298
60815,0.35251726943755973,,0.0,0.35251726943755973,0.97862772857
60820,0.352468208107438,,0.0,0.352468208107438,0.97986784594
60825,0.3524198378735521,,0.0,0.3524198378735521,0.98132842025
60830,0.3523727817365584,,0.0,0.3523727817365584,0.98297793143
60835,0.3523274701651051,,0.0,0.3523274701651051,0.9839326521
60840,0.3522840551748995,,0.0,0.3522840551748995,0.98269160093
60845,0.3522426078627282,,0.0,0.3522426078627282,0.98441627634
60850,0.3522031110853301,,0.0,0.3522031110853301,0.98736275414
60855,0.3521655895799307,,0.0,0.3521655895799307,0.98801616406
60860,0.35213020518437077,,0.0,0.35213020518437077,0.98748849892
60865,0.3520971158030902,,0.0,0.3520971158030902,0.98581933888
60870,0.35206648411517727,,0.0,0.35206648411517727,0.98041268875
60875,0.3520384383767797,,0.0,0.3520384383767797,0.97407444362
60880,0.3520131429040081,,0.0,0.3520131429040081,0.96968946653
60885,0.3519907685155891,,0.0,0.3519907685155891,0.9662704755
60890,0.35197138912762554,,0.0,0.35197138912762554,0.96458404771
60895,0.35195496390550646,,0.0,0.35195496390550646,0.96230732101
60900,0.35194161935467516,,0.0,0.35194161935467516,0.96361894494
60905,0.35193118906727033,,0.0,0.35193118906727033,0.96458289232
60910,0.3519234414273771,,0.0,0.3519234414273771,0.96639974502
60915,0.3519182603428325,,0.0,0.3519182603428325,0.96707156879
60920,0.3519155772405926,,0.0,0.3519155772405926,0.96562615422
60925,0.3519153724991265,,0.0,0.3519153724991265,0.96430118827
60930,0.3519175810922718,,0.0,0.3519175810922718,0.96185354509
60935,0.3519226064550728,,0.0,0.3519226064550728,0.95979822164
60940,0.35193093046322427,,0.0,0.35193093046322427,0.9570771942
60945,0.3519416522315391,,0.0,0.3519416522315391,0.95259206682
60950,0.351954750001263,,0.0,0.351954750001263,0.9471313818
60955,0.3519701501063936,,0.0,0.3519701501063936,0.9473903864
60960,0.3519877503467211,,0.0,0.3519877503467211,0.94996411788
60965,0.3520074504318949,,0.0,0.3520074504318949,0.94940163178
60970,0.3520292005918907,,0.0,0.3520292005918907,0.94578934328
60975,0.3520530031912962,,0.0,0.3520530031912962,0.94250202929
60980,0.352078705282211,,0.0,0.352078705282211,0.94035534608
60985,0.35210640290327516,,0.0,0.35210640290327516,0.94047241959
60990,0.35213621255590705,,0.0,0.35213621255590705,0.94089043103
60995,0.3521681881026866,,0.0,0.3521681881026866,0.94059202289
61000,0.35220226128887966,,0.0,0.35220226128887966,0.94064198177
61005,0.35223843445633757,,0.0,0.35223843445633757,0.94117711497
61010,0.35227681651251425,,0.0,0.35227681651251425,0.94471570901
61015,0.3523168090575601,,0.0,0.3523168090575601,0.94953660827
61020,0.3523578410662756,,0.0,0.3523578410662756,0.95392207316
61025,0.35239942036336763,,0.0,0.35239942036336763,0.95877296346
61030,0.3524411921697315,,0.0,0.3524411921697315,0.96436929061
61035,0.35248290647568814,,0.0,0.35248290647568814,0.96661644912
61040,0.35252454024924357,,0.0,0.35252454024924357,0.96774601827
61045,0.35256603055598595,,0.0,0.35256603055598595,0.96738638223
61050,0.3526072924526486,,0.0,0.3526072924526486,0.97190561795
61055,0.3526481482768422,,0.0,0.3526481482768422,0.97811606031
61060,0.3526882923601302,,0.0,0.3526882923601302,0.98485585976
61065,0.352727443134682,,0.0,0.352727443134682,0.99037129818
61070,0.35276543851255626,,0.0,0.35276543851255626,0.99497495334
61075,0.3528022149454577,,0.0,0.3528022149454577,0.99817726339
61080,0.35283777727624405,,0.0,0.35283777727624405,0.99874270918
61085,0.35287227170009866,,0.0,0.35287227170009866,0.99602909056
61090,0.3529058275872538,,0.0,0.3529058275872538,0.9918857531
61095,0.35293827741576383,,0.0,0.35293827741576383,0.99157550177
61100,0.35296934680250663,,0.0,0.35296934680250663,0.99281904337
61105,0.3529987611597327,,0.0,0.3529987611597327,0.99162299048
61110,0.3530262078843973,,0.0,0.3530262078843973,0.9853780892
61115,0.3530514672289969,,0.0,0.3530514672289969,0.98117080901
61120,0.35307440168366067,,0.0,0.35307440168366067,0.97910362623
61125,0.3530948850157823,,0.0,0.3530948850157823,0.977382472
61130,0.35311279108370114,,0.0,0.35311279108370114,0.97448836776
61135,0.3531279780348901,,0.0,0.3531279780348901,0.9719772734
61140,0.35314029646833045,,0.0,0.35314029646833045,0.96938192704
61145,0.35314962856389154,,0.0,0.35314962856389154,0.96570997355
61150,0.3531558056855428,,0.0,0.3531558056855428,0.96188512485
61155,0.35315858985117154,,0.0,0.35315858985117154,0.95699817998
61160,0.35315788536318415,,0.0,0.35315788536318415,0.95597065065
61165,0.353153327597606,,0.0,0.353153327597606,0.95446485465
61170,0.353144630371113,,0.0,0.353144630371113,0.95538558274
61175,0.35313163461970765,,0.0,0.35313163461970765,0.95863280698
61180,0.35311429898584124,,0.0,0.35311429898584124,0.96173484158
61185,0.35309256785622933,,0.0,0.35309256785622933,0.96410423641
61190,0.3530664426632665,,0.0,0.3530664426632665,0.96568957742
61195,0.3530363007860592,,0.0,0.3530363007860592,0.96322806377
61200,0.35300317504924233,,0.0,0.35300317504924233,0.96079109264
61205,0.35296650379502176,,0.0,0.35296650379502176,0.95848969533
61210,0.3529265425125541,,0.0,0.3529265425125541,0.95554119779
61215,0.35288366485217276,,0.0,0.35288366485217276,0.95083500261
61220,0.3528382642448971,,0.0,0.3528382642448971,0.95014400695
61225,0.35279067871308983,,0.0,0.35279067871308983,0.95535824038
61230,0.35274137996926586,,0.0,0.35274137996926586,0.95956486484
61235,0.35269082801668356,,0.0,0.35269082801668356,0.96436915374
61240,0.3526392810956063,,0.0,0.3526392810956063,0.96588123017
61245,0.35258743398556996,,0.0,0.35258743398556996,0.96415987715
61250,0.352536225928103,,0.0,0.352536225928103,0.9631223564
61255,0.35248625650534887,,0.0,0.35248625650534887,0.96125116574
61260,0.3524379189664355,,0.0,0.3524379189664355,0.96036934705
61265,0.35239161667819796,,0.0,0.35239161667819796,0.96261214297
61270,0.35234794199259806,,0.0,0.35234794199259806,0.96393353386
61275,0.3523068609186872,,0.0,0.3523068609186872,0.96579460478
61280,0.35226825299890985,,0.0,0.35226825299890985,0.9666299737
61285,0.35223197933647354,,0.0,0.35223197933647354,0.96837192574
61290,0.35219798900179655,,0.0,0.35219798900179655,0.96915140398
61295,0.3521662736960854,,0.0,0.3521662736960854,0.97201997528
61300,0.35213688380324776,,0.0,0.35213688380324776,0.97317053052
61305,0.35211005630499387,,0.0,0.35211005630499387,0.97197128436
61310,0.35208592680133527,,0.0,0.35208592680133527,0.96914232458
61315,0.35206452284881357,,0.0,0.35206452284881357,0.9681037855
61320,0.35204577619269456,,0.0,0.35204577619269456,0.970620959
61325,0.35202952404020793,,0.0,0.35202952404020793,0.97263183993
61330,0.35201561937765896,,0.0,0.35201561937765896,0.9749019849
61335,0.35200399172214447,,0.0,0.35200399172214447,0.97612556427
61340,0.35199476678333297,,0.0,0.35199476678333297,0.97220993273
61345,0.35198819529846914,,0.0,0.35198819529846914,0.9668215625
61350,0.35198433210779906,,0.0,0.35198433210779906,0.96247385546
61355,0.35198300493746504,,0.0,0.35198300493746504,0.95979727808
61360,0.35198405240435476,,0.0,0.35198405240435476,0.96042330368
61365,0.3519873011887353,,0.0,0.3519873011887353,0.95815892732
61370,0.3519925762201691,,0.0,0.3519925762201691,0.95418789014
61375,0.35199971172741484,,0.0,0.35199971172741484,0.94776919104
61380,0.3520086485730429,,0.0,0.3520086485730429,0.94360108557
61385,0.3520193403520192,,0.0,0.3520193403520192,0.94336247946
61390,0.3520317183776176,,0.0,0.3520317183776176,0.94309100057
61395,0.35204571878323293,,0.0,0.35204571878323293,0.94179292856
61400,0.35206126590205816,,0.0,0.35206126590205816,0.94434800164
61405,0.35207839479365344,,0.0,0.35207839479365344,0.94437092986
61410,0.3520971372207983,,0.0,0.3520971372207983,0.94353606907
61415,0.3521175635299774,,0.0,0.3521175635299774,0.94414998095
61420,0.35213942705376555,,0.0,0.35213942705376555,0.94304583109
61425,0.3521625086358059,,0.0,0.3521625086358059,0.94206656314
61430,0.35218662049600225,,0.0,0.35218662049600225,0.94147072988
61435,0.3522116384252896,,0.0,0.3522116384252896,0.9416906931
61440,0.3522374587001179,,0.0,0.3522374587001179,0.94589806924
61445,0.352263973049653,,0.0,0.352263973049653,0.95281851771
61450,0.35229106958797,,0.0,0.35229106958797,0.9591871698
61455,0.35231872605611314,,0.0,0.35231872605611314,0.9638861382
61460,0.3523471603599361,,0.0,0.3523471603599361,0.9648333399
61465,0.35237711418420997,,0.0,0.35237711418420997,0.96326022509
61470,0.352407616797464,,0.0,0.352407616797464,0.96107146116
61475,0.3524386177248449,,0.0,0.3524386177248449,0.95957840304
61480,0.3524701347917063,,0.0,0.3524701347917063,0.95796493403
61485,0.35250212163848677,,0.0,0.35250212163848677,0.95843640014
61490,0.35253448597805587,,0.0,0.35253448597805587,0.9586008397
61495,0.352567123086461,,0.0,0.352567123086461,0.96038454014
61500,0.3525999736898541,,0.0,0.3525999736898541,0.96149569273
61505,0.35263303155845593,,0.0,0.35263303155845593,0.9617773479
61510,0.3526663156544412,,0.0,0.3526663156544412,0.96112421783
61515,0.35269972286814305,,0.0,0.35269972286814305,0.95895769755
61520,0.35273339114142455,,0.0,0.35273339114142455,0.95735719075
61525,0.35276741564894143,,0.0,0.35276741564894143,0.95444516363
61530,0.3528018020293261,,0.0,0.3528018020293261,0.95113712977
61535,0.35283666012222564,,0.0,0.35283666012222564,0.95021366806
61540,0.3528719574827682,,0.0,0.3528719574827682,0.94832546654
61545,0.3529071743563823,,0.0,0.3529071743563823,0.94851273809
61550,0.35294179192069003,,0.0,0.35294179192069003,0.94715378011
61555,0.3529753351891319,,0.0,0.3529753351891319,0.94456636748
61560,0.3530073793544283,,0.0,0.3530073793544283,0.94354452436
61565,0.3530374313773021,,0.0,0.3530374313773021,0.94228427164
61570,0.35306507077039345,,0.0,0.35306507077039345,0.93926314444
61575,0.35309013826507735,,0.0,0.35309013826507735,0.93521262512
61580,0.3531124457174746,,0.0,0.3531124457174746,0.93118830769
61585,0.35313171085492534,,0.0,0.35313171085492534,0.92709665599
61590,0.35314759208544894,,0.0,0.35314759208544894,0.92877586305
61595,0.35315969395448465,,0.0,0.35315969395448465,0.92989673532
61600,0.3531677545384689,,0.0,0.3531677545384689,0.92956393707
61605,0.35317187217242013,,0.0,0.35317187217242013,0.92923773768
61610,0.35317226116983746,,0.0,0.35317226116983746,0.92611891794
61615,0.35316884509087537,,0.0,0.35316884509087537,0.92404914498
61620,0.35316141969426895,,0.0,0.35316141969426895,0.92227124769
61625,0.3531498100459995,,0.0,0.3531498100459995,0.91862995911
61630,0.3531338494653685,,0.0,0.3531338494653685,0.91687231396
61635,0.3531134472113222,,0.0,0.3531134472113222,0.91618878327
61640,0.3530885869136378,,0.0,0.3530885869136378,0.91523113514
61645,0.35305925631738466,,0.0,0.35305925631738466,0.9096998278
61650,0.35302559679762513,,0.0,0.35302559679762513,0.90737848012
61655,0.3529879788443302,,0.0,0.3529879788443302,0.90749307172
61660,0.3529468483641777,,0.0,0.3529468483641777,0.90589403179
61665,0.3529026818443308,,0.0,0.3529026818443308,0.90752263546
61670,0.3528559548624959,,0.0,0.3528559548624959,0.90971477596
61675,0.35280727923301053,,0.0,0.35280727923301053,0.91188672964
61680,0.3527570808090297,,0.0,0.3527570808090297,0.91153526255
61685,0.35270575524974185,,0.0,0.35270575524974185,0.91267410956
61690,0.3526541426886188,,0.0,0.3526541426886188,0.91443295663
61695,0.3526026807790176,,0.0,0.3526026807790176,0.91523366879
61700,0.35255158804067505,,0.0,0.35255158804067505,0.91793143145
61705,0.3525010824249176,,0.0,0.3525010824249176,0.91869453656
61710,0.35245141203156516,,0.0,0.35245141203156516,0.92253138688
61715,0.3524027408584182,,0.0,0.3524027408584182,0.92620827708
61720,0.3523552809453339,,0.0,0.3523552809453339,0.92609188159
61725,0.3523095107802804,,0.0,0.3523095107802804,0.92492441092
61730,0.3522665408555049,,0.0,0.3522665408555049,0.91943573388
61735,0.3522257200681352,,0.0,0.3522257200681352,0.91366451885
61740,0.3521870460990565,,0.0,0.3521870460990565,0.90981557784
61745,0.3521506413156835,,0.0,0.3521506413156835,0.90628863776
61750,0.35211663954458705,,0.0,0.35211663954458705,0.90326762119
61755,0.35208504376423816,,0.0,0.35208504376423816,0.8997738743
61760,0.3520558879428489,,0.0,0.3520558879428489,0.89700835817
61765,0.3520292794872696,,0.0,0.3520292794872696,0.89312378344
61770,0.3520052732832191,,0.0,0.3520052732832191,0.88954267865
61775,0.3519839776924772,,0.0,0.3519839776924772,0.8881005405
61780,0.35196573694444944,,0.0,0.35196573694444944,0.8844156263
61785,0.35195081414499313,,0.0,0.35195081414499313,0.87989028111
61790,0.35193931535950973,,0.0,0.35193931535950973,0.87652018524
61795,0.3519312514787445,,0.0,0.3519312514787445,0.87258861979
61800,0.35192697209789825,,0.0,0.35192697209789825,0.87164410325
61805,0.35192630719401885,,0.0,0.35192630719401885,0.87263664406
61810,0.35192888582240683,,0.0,0.35192888582240683,0.87247787473
61815,0.35193446297539543,,0.0,0.35193446297539543,0.87217606121
61820,0.35194280114833687,,0.0,0.35194280114833687,0.87162874176
61825,0.3519536791158602,,0.0,0.3519536791158602,0.87135908293
61830,0.35196718382203707,,0.0,0.35196718382203707,0.87096548759
61835,0.35198338067954926,,0.0,0.35198338067954926,0.86731663224
61840,0.3520021956586117,,0.0,0.3520021956586117,0.86559217493
61845,0.35202334212117187,,0.0,0.35202334212117187,0.86565223285
61850,0.3520465668062426,,0.0,0.3520465668062426,0.86481764539
61855,0.3520716355514296,,0.0,0.3520716355514296,0.86584463217
61860,0.3520983163542988,,0.0,0.3520983163542988,0.86832621802
61865,0.35212648330055374,,0.0,0.35212648330055374,0.86957806825
61870,0.35215616469703787,,0.0,0.35215616469703787,0.87007762509
61875,0.35218748341136724,,0.0,0.35218748341136724,0.86943111557
61880,0.35222026751073054,,0.0,0.35222026751073054,0.87089095705
61885,0.35225412415525537,,0.0,0.35225412415525537,0.87156137675
61890,0.35228870818334296,,0.0,0.35228870818334296,0.87420574368
61895,0.35232367086377653,,0.0,0.35232367086377653,0.87358720688
61900,0.3523586232218752,,0.0,0.3523586232218752,0.87226354363
61905,0.3523932906244166,,0.0,0.3523932906244166,0.87136917195
61910,0.35242758635469296,,0.0,0.35242758635469296,0.87086161695
61915,0.3524614422943887,,0.0,0.3524614422943887,0.87127090239
61920,0.3524949572559871,,0.0,0.3524949572559871,0.87064261552
61925,0.3525281444493484,,0.0,0.3525281444493484,0.86847044664
61930,0.35256104693725293,,0.0,0.35256104693725293,0.86786272831
61935,0.3525937206058221,,0.0,0.3525937206058221,0.86755068046
61940,0.3526261686608913,,0.0,0.3526261686608913,0.86901583439
61945,0.352658413361416,,0.0,0.352658413361416,0.86992619529
61950,0.35269048717500473,,0.0,0.35269048717500473,0.8716955072
61955,0.3527221156730626,,0.0,0.3527221156730626,0.87264928445
61960,0.35275312524028335,,0.0,0.35275312524028335,0.87416182509
61965,0.35278337848047797,,0.0,0.35278337848047797,0.87358028059
61970,0.3528127318586244,,0.0,0.3528127318586244,0.87258027132
61975,0.35284113514996984,,0.0,0.35284113514996984,0.87393988678
61980,0.35286851039132855,,0.0,0.35286851039132855,0.87392180836
61985,0.3528955178710867,,0.0,0.3528955178710867,0.87516458829
61990,0.3529218176797585,,0.0,0.3529218176797585,0.87275145144
61995,0.3529467296345902,,0.0,0.3529467296345902,0.86874861447
62000,0.35297007186695456,,0.0,0.35297007186695456,0.8615130703
62005,0.35299176063861515,,0.0,0.35299176063861515,0.85371470176
62010,0.3530116046225939,,0.0,0.3530116046225939,0.84628885409
62015,0.35302932559331396,,0.0,0.35302932559331396,0.8381515001
62020,0.35304469657308996,,0.0,0.35304469657308996,0.83213372902
62025,0.3530575414228729,,0.0,0.3530575414228729,0.82534625629
62030,0.35306771731246933,,0.0,0.35306771731246933,0.81874874304
62035,0.35307502277445785,,0.0,0.35307502277445785,0.81248176903
62040,0.35307953943258785,,0.0,0.35307953943258785,0.81005779906
62045,0.3530813447953166,,0.0,0.3530813447953166,0.809932866
62050,0.353080495476331,,0.0,0.353080495476331,0.80978984311
62055,0.35307691762773746,,0.0,0.35307691762773746,0.81089490916
62060,0.353070824153377,,0.0,0.353070824153377,0.81290778138
62065,0.3530622090963074,,0.0,0.3530622090963074,0.81233339998
62070,0.3530506797758113,,0.0,0.3530506797758113,0.81098944189
62075,0.35303589314477707,,0.0,0.35303589314477707,0.81293201055
62080,0.35301765787622663,,0.0,0.35301765787622663,0.81652124041
62085,0.3529958811828282,,0.0,0.3529958811828282,0.81948777083
62090,0.35297060126176816,,0.0,0.35297060126176816,0.81987972523
62095,0.3529421662531162,,0.0,0.3529421662531162,0.81949822429
62100,0.35291086284039774,,0.0,0.35291086284039774,0.82036380399
62105,0.35287691090753487,,0.0,0.35287691090753487,0.82048202813
62110,0.352840452216109,,0.0,0.352840452216109,0.8231339527
62115,0.35280161447659386,,0.0,0.35280161447659386,0.82750035228
62120,0.3527606148900138,,0.0,0.3527606148900138,0.83385683066
62125,0.3527175543833393,,0.0,0.3527175543833393,0.83674890546
62130,0.3526727931469429,,0.0,0.3526727931469429,0.83757931754
62135,0.3526270761851132,,0.0,0.3526270761851132,0.83637762342
62140,0.3525811622122004,,0.0,0.3525811622122004,0.83441808124
62145,0.3525357531924492,,0.0,0.3525357531924492,0.83263045823
62150,0.3524912168647238,,0.0,0.3524912168647238,0.83305964061
62155,0.35244772015982306,,0.0,0.35244772015982306,0.83264582114
62160,0.35240538242121794,,0.0,0.35240538242121794,0.83215874578
62165,0.3523642618086719,,0.0,0.3523642618086719,0.82981474045
62170,0.3523244227799369,,0.0,0.3523244227799369,0.82719036841
62175,0.3522859971607787,,0.0,0.3522859971607787,0.82511088722
62180,0.35224919042022873,,0.0,0.35224919042022873,0.82401160721
62185,0.35221430915891677,,0.0,0.35221430915891677,0.82194852784
62190,0.35218159115432773,,0.0,0.35218159115432773,0.81792685695
62195,0.3521512283018501,,0.0,0.3521512283018501,0.81498972517
62200,0.35212341711236583,,0.0,0.35212341711236583,0.81152216207
62205,0.3520983033718027,,0.0,0.3520983033718027,0.80886173035
62210,0.35207590999847266,,0.0,0.35207590999847266,0.80958382657
62215,0.35205629826702867,,0.0,0.35205629826702867,0.80772034748
62220,0.3520393966032192,,0.0,0.3520393966032192,0.80584602146
62225,0.35202493178347993,,0.0,0.35202493178347993,0.8077408286
62230,0.3520127300560857,,0.0,0.3520127300560857,0.81210018761
62235,0.35200263342565086,,0.0,0.35200263342565086,0.8163688658
62240,0.351994528141864,,0.0,0.351994528141864,0.8175079581
62245,0.351988353521219,,0.0,0.351988353521219,0.81741972878
62250,0.35198401570777216,,0.0,0.35198401570777216,0.81529943065
62255,0.3519818100930979,,0.0,0.3519818100930979,0.81145644208
62260,0.3519825323837026,,0.0,0.3519825323837026,0.80812708078
62265,0.351985318368245,,0.0,0.351985318368245,0.80284961001
62270,0.3519900996783089,,0.0,0.3519900996783089,0.79975686842
62275,0.3519969180124895,,0.0,0.3519969180124895,0.79844410389
62280,0.3520057641170636,,0.0,0.3520057641170636,0.79531602633
62285,0.35201656030168255,,0.0,0.35201656030168255,0.79033064946
62290,0.3520292440184537,,0.0,0.3520292440184537,0.78265213241
62295,0.3520438655148663,,0.0,0.3520438655148663,0.77660070679
62300,0.35206047110500877,,0.0,0.35206047110500877,0.77338491006
62305,0.35207907158868074,,0.0,0.35207907158868074,0.77367839641
62310,0.35209989874095227,,0.0,0.35209989874095227,0.77355169972
62315,0.3521231052141502,,0.0,0.3521231052141502,0.77618354393
62320,0.35214876403765694,,0.0,0.35214876403765694,0.77927347186
62325,0.35217680627464576,,0.0,0.35217680627464576,0.78251610319
62330,0.3522074331424375,,0.0,0.3522074331424375,0.7871570795
62335,0.35224035350116856,,0.0,0.35224035350116856,0.79374827978
62340,0.352275043299084,,0.0,0.352275043299084,0.8005298975
62345,0.35231096245525273,,0.0,0.35231096245525273,0.80577029984
62350,0.35234767518070415,,0.0,0.35234767518070415,0.81024749733
62355,0.35238478211021323,,0.0,0.35238478211021323,0.8131462075
62360,0.3524220944405445,,0.0,0.3524220944405445,0.81422288749
62365,0.35245974452040146,,0.0,0.35245974452040146,0.81805264285
62370,0.35249762589786354,,0.0,0.35249762589786354,0.82417380012
62375,0.3525355836696984,,0.0,0.3525355836696984,0.83044162118
62380,0.35257335523024974,,0.0,0.35257335523024974,0.8353535578
62385,0.3526106634907618,,0.0,0.3526106634907618,0.83741502026
62390,0.35264731219045325,,0.0,0.35264731219045325,0.83532232971
62395,0.35268322950497194,,0.0,0.35268322950497194,0.83321889967
62400,0.35271838985584486,,0.0,0.35271838985584486,0.82991018865
62405,0.35275291017648236,,0.0,0.35275291017648236,0.82754999808
62410,0.3527869718807831,,0.0,0.3527869718807831,0.82507224861
62415,0.35282045999066897,,0.0,0.35282045999066897,0.82113553289
62420,0.35285310739867254,,0.0,0.35285310739867254,0.81844720319
62425,0.3528846835347542,,0.0,0.3528846835347542,0.81749680079
62430,0.3529148911884259,,0.0,0.3529148911884259,0.81707735525
62435,0.3529434235316938,,0.0,0.3529434235316938,0.81628779472
62440,0.3529701342329558,,0.0,0.3529701342329558,0.81346674181
62445,0.3529949606761102,,0.0,0.3529949606761102,0.81130068441
62450,0.35301785602413077,,0.0,0.35301785602413077,0.80727528134
62455,0.3530387008880738,,0.0,0.3530387008880738,0.80137093019
62460,0.3530573480041442,,0.0,0.3530573480041442,0.79587572601
62465,0.3530736910341033,,0.0,0.3530736910341033,0.79151243934
62470,0.3530875810998703,,0.0,0.3530875810998703,0.78920777733
62475,0.35309876550886826,,0.0,0.35309876550886826,0.78497568363
62480,0.3531069548264651,,0.0,0.3531069548264651,0.78814556253
62485,0.35311207838786596,,0.0,0.35311207838786596,0.79552761775
62490,0.3531138301381153,,0.0,0.3531138301381153,0.80208354506
62495,0.3531118877429805,,0.0,0.3531118877429805,0.80911205673
62500,0.35310606835616853,,0.0,0.35310606835616853,0.81289549012
62505,0.3530962104581484,,0.0,0.3530962104581484,0.8164933403
62510,0.3530821449581612,,0.0,0.3530821449581612,0.81562801008
62515,0.35306394813689773,,0.0,0.35306394813689773,0.81516700338
62520,0.3530425869288465,,0.0,0.3530425869288465,0.81553727071
62525,0.3530177200376001,,0.0,0.3530177200376001,0.81468331797
62530,0.35298925517602814,,0.0,0.35298925517602814,0.81489633359
62535,0.3529574505161846,,0.0,0.3529574505161846,0.81711025876
62540,0.3529225208945063,,0.0,0.3529225208945063,0.81817651387
62545,0.35288467978324484,,0.0,0.35288467978324484,0.81627471963
62550,0.3528442244610973,,0.0,0.3528442244610973,0.81405707464
62555,0.35280152109811513,,0.0,0.35280152109811513,0.8115481498
62560,0.3527569747891011,,0.0,0.3527569747891011,0.81047538545
62565,0.35271119716650173,,0.0,0.35271119716650173,0.81249374731
62570,0.3526645843669702,,0.0,0.3526645843669702,0.81654452241
62575,0.35261772758291093,,0.0,0.35261772758291093,0.81935296095
62580,0.3525713753200213,,0.0,0.3525713753200213,0.82261619
62585,0.35252618218258214,,0.0,0.35252618218258214,0.82456718276
62590,0.352482703894182,,0.0,0.352482703894182,0.82872868294
62595,0.35244079450973803,,0.0,0.35244079450973803,0.83478728545
62600,0.3524003209302449,,0.0,0.3524003209302449,0.84160214306
62605,0.35236122333618053,,0.0,0.35236122333618053,0.84639363168
62610,0.352323497407625,,0.0,0.352323497407625,0.84810566871
62615,0.3522872198799972,,0.0,0.3522872198799972,0.84944614656
62620,0.3522527438726432,,0.0,0.3522527438726432,0.85665436471
62625,0.3522203465652644,,0.0,0.3522203465652644,0.86613332028
62630,0.3521902172385612,,0.0,0.3521902172385612,0.87378484466
62635,0.35216241098288015,,0.0,0.35216241098288015,0.87925570302
62640,0.35213680481692317,,0.0,0.35213680481692317,0.88350040706
62645,0.3521133042935996,,0.0,0.3521133042935996,0.88548046891
62650,0.3520918598247767,,0.0,0.3520918598247767,0.88448669398
62655,0.3520725079024091,,0.0,0.3520725079024091,0.88054020884
62660,0.3520552847683511,,0.0,0.3520552847683511,0.87657629975
62665,0.3520402687268346,,0.0,0.3520402687268346,0.87430406804
62670,0.3520276906207363,,0.0,0.3520276906207363,0.87141102356
62675,0.3520176985323627,,0.0,0.3520176985323627,0.87119045709
62680,0.35201019640033737,,0.0,0.35201019640033737,0.87472574693
62685,0.3520050683143888,,0.0,0.3520050683143888,0.87765362828
62690,0.3520021585527735,,0.0,0.3520021585527735,0.88025294584
62695,0.3520013802623654,,0.0,0.3520013802623654,0.87979842322
62700,0.35200273764940215,,0.0,0.35200273764940215,0.87599342802
62705,0.3520062765732439,,0.0,0.3520062765732439,0.871992972
62710,0.35201198336930195,,0.0,0.35201198336930195,0.86808104126
62715,0.3520198112232865,,0.0,0.3520198112232865,0.86592868347
62720,0.35202975035853695,,0.0,0.35202975035853695,0.86581792129
62725,0.3520418059134842,,0.0,0.3520418059134842,0.86572376709
62730,0.35205590858751873,,0.0,0.35205590858751873,0.86526338632
62735,0.35207186996392437,,0.0,0.35207186996392437,0.86892685027
62740,0.35208966275899656,,0.0,0.35208966275899656,0.86957811178
62745,0.35210921753570734,,0.0,0.35210921753570734,0.87671607107
62750,0.3521302710290444,,0.0,0.3521302710290444,0.88379002734
62755,0.3521526702228981,,0.0,0.3521526702228981,0.88866266557
62760,0.35217632398969534,,0.0,0.35217632398969534,0.8961672037
62765,0.3522010527799239,,0.0,0.3522010527799239,0.90128543149
62770,0.3522266985981982,,0.0,0.3522266985981982,0.90537206522
62775,0.3522535814368994,,0.0,0.3522535814368994,0.90784921986
62780,0.3522822472656917,,0.0,0.3522822472656917,0.91396628657
62785,0.35231174060924236,,0.0,0.35231174060924236,0.92007723687
62790,0.35234189774258784,,0.0,0.35234189774258784,0.92455643218
62795,0.352372626947008,,0.0,0.352372626947008,0.93051191128
62800,0.35240373928284907,,0.0,0.35240373928284907,0.93335840094
62805,0.3524350607255489,,0.0,0.3524350607255489,0.93319725282
62810,0.35246655198657306,,0.0,0.35246655198657306,0.93193994228
62815,0.35249815106370297,,0.0,0.35249815106370297,0.9304148015
62820,0.3525297989331911,,0.0,0.3525297989331911,0.93239898335
62825,0.35256143404754736,,0.0,0.35256143404754736,0.93461872901
62830,0.35259326060256374,,0.0,0.35259326060256374,0.9350808785
62835,0.35262544145921987,,0.0,0.35262544145921987,0.93736033471
62840,0.3526580214764733,,0.0,0.3526580214764733,0.93922665252
62845,0.3526910455132815,,0.0,0.3526910455132815,0.93836149781
62850,0.3527247612829453,,0.0,0.3527247612829453,0.9372153581
62855,0.35275877533170874,,0.0,0.35275877533170874,0.93709489285
62860,0.3527925950522868,,0.0,0.3527925950522868,0.9387917733
62865,0.35282577738005405,,0.0,0.35282577738005405,0.93987147603
62870,0.352857986293453,,0.0,0.352857986293453,0.94350742611
62875,0.3528888972300818,,0.0,0.3528888972300818,0.94378234321
62880,0.3529184568048252,,0.0,0.3529184568048252,0.94061325048
62885,0.3529466560367972,,0.0,0.3529466560367972,0.94318651759
62890,0.35297335359640825,,0.0,0.35297335359640825,0.94935586274
62895,0.3529983550417908,,0.0,0.3529983550417908,0.95473358725
62900,0.35302126707834397,,0.0,0.35302126707834397,0.95760648473
62905,0.3530416839064358,,0.0,0.3530416839064358,0.96191428476
62910,0.35305934755863994,,0.0,0.35305934755863994,0.96482352418
62915,0.35307399263272043,,0.0,0.35307399263272043,0.96195151633
62920,0.3530853826244321,,0.0,0.3530853826244321,0.95935442569
62925,0.35309336688225296,,0.0,0.35309336688225296,0.95774700034
62930,0.3530980152979394,,0.0,0.3530980152979394,0.95490094971
62935,0.3530995987532046,,0.0,0.3530995987532046,0.95387136037
62940,0.3530980155253036,,0.0,0.3530980155253036,0.95626862415
62945,0.3530930617367542,,0.0,0.3530930617367542,0.9607751804
62950,0.3530845696382464,,0.0,0.3530845696382464,0.96858210618
62955,0.35307231504867465,,0.0,0.35307231504867465,0.97123912097
62960,0.353056193494187,,0.0,0.353056193494187,0.97111521936
62965,0.3530362537444052,,0.0,0.3530362537444052,0.96593197625
62970,0.3530126484516564,,0.0,0.3530126484516564,0.95682316455
62975,0.35298558504030403,,0.0,0.35298558504030403,0.94868406471
62980,0.3529552950353175,,0.0,0.3529552950353175,0.94635706101
62985,0.3529220517284705,,0.0,0.3529220517284705,0.94484207973
62990,0.352886204669491,,0.0,0.352886204669491,0.94698507349
62995,0.35284807530589113,,0.0,0.35284807530589113,0.95391405991
63000,0.3528079212413145,,0.0,0.3528079212413145,0.95946684726
63005,0.3527661393172435,,0.0,0.3527661393172435,0.96416551819
63010,0.35272312198703143,,0.0,0.35272312198703143,0.96937349567
63015,0.35267880743035096,,0.0,0.35267880743035096,0.97313733247
63020,0.35263356579612704,,0.0,0.35263356579612704,0.97893753958
63025,0.3525879723157968,,0.0,0.3525879723157968,0.98370943696
63030,0.3525424212388906,,0.0,0.3525424212388906,0.98686829656
63035,0.3524970995042575,,0.0,0.3524970995042575,0.99163636157
63040,0.3524523088696695,,0.0,0.3524523088696695,0.99593044538
63045,0.35240923726762174,,0.0,0.35240923726762174,1.001597014
63050,0.35236761195201477,,0.0,0.35236761195201477,1.0085260129
63055,0.35232735491419,,0.0,0.35232735491419,1.0116354979
63060,0.3522887355352567,,0.0,0.3522887355352567,1.0148547933
63065,0.3522519222011448,,0.0,0.3522519222011448,1.0181752445
63070,0.3522170416673983,,0.0,0.3522170416673983,1.0161662563
63075,0.35218426400244196,,0.0,0.35218426400244196,1.0133725978
63080,0.3521537815791293,,0.0,0.3521537815791293,1.0072801645
63085,0.3521256696777482,,0.0,0.3521256696777482,1.004060316
63090,0.35210007904076634,,0.0,0.35210007904076634,1.0041892099
63095,0.35207738884346745,,0.0,0.35207738884346745,1.004941252
63100,0.35205780428204586,,0.0,0.35205780428204586,1.0044392208
63105,0.35204139402049145,,0.0,0.35204139402049145,1.0035282784
63110,0.35202824382058207,,0.0,0.35202824382058207,1.0020225304
63115,0.3520186101718767,,0.0,0.3520186101718767,1.0012658973
63120,0.3520121272226341,,0.0,0.3520121272226341,1.001406888
63125,0.352008368346661,,0.0,0.352008368346661,1.0021137574
63130,0.3520069376574047,,0.0,0.3520069376574047,1.0032123178
63135,0.3520075465387441,,0.0,0.3520075465387441,1.0046810324
63140,0.35201002749146987,,0.0,0.35201002749146987,1.0083079762
63145,0.3520145267107654,,0.0,0.3520145267107654,1.0141360087
63150,0.35202111656665697,,0.0,0.35202111656665697,1.0208385304
63155,0.3520297596122601,,0.0,0.3520297596122601,1.0254538163
63160,0.3520402645433332,,0.0,0.3520402645433332,1.0300502282
63165,0.3520524214117699,,0.0,0.3520524214117699,1.0331973483
63170,0.3520661440238003,,0.0,0.3520661440238003,1.0371574201
63175,0.35208128381965326,,0.0,0.35208128381965326,1.040888672
63180,0.35209772295646163,,0.0,0.35209772295646163,1.0436924244
63185,0.3521154382430766,,0.0,0.3521154382430766,1.0450689121
63190,0.3521344332718525,,0.0,0.3521344332718525,1.0457716923
63195,0.3521549385900927,,0.0,0.3521549385900927,1.0449364326
63200,0.3521772009334318,,0.0,0.3521772009334318,1.0473228261
63205,0.35220113594974994,,0.0,0.35220113594974994,1.052982249
63210,0.3522265317128721,,0.0,0.3522265317128721,1.0600305483
63215,0.3522530967418884,,0.0,0.3522530967418884,1.065765191
63220,0.3522804802820407,,0.0,0.3522804802820407,1.0726352016
63225,0.3523084784558467,,0.0,0.3523084784558467,1.073205294
63230,0.35233702255384386,,0.0,0.35233702255384386,1.0712385299
63235,0.3523660323164681,,0.0,0.3523660323164681,1.066460883
63240,0.3523954623390879,,0.0,0.3523954623390879,1.06221958
63245,0.35242520976213704,,0.0,0.35242520976213704,1.0615328575
63250,0.35245533608763274,,0.0,0.35245533608763274,1.0636289354
63255,0.352485896246767,,0.0,0.352485896246767,1.0689047342
63260,0.35251677353349353,,0.0,0.35251677353349353,1.0747370133
63265,0.35254776336550125,,0.0,0.35254776336550125,1.0797540031
63270,0.3525789026667369,,0.0,0.3525789026667369,1.0847428359
63275,0.3526099159172577,,0.0,0.3526099159172577,1.0892958601
63280,0.35264054251221244,,0.0,0.35264054251221244,1.0894353011
63285,0.3526706229328753,,0.0,0.3526706229328753,1.0903335935
63290,0.3527000599355761,,0.0,0.3527000599355761,1.0915481827
63295,0.352728728720103,,0.0,0.352728728720103,1.0929169488
63300,0.35275647699791196,,0.0,0.35275647699791196,1.0900196832
63305,0.3527834542154945,,0.0,0.3527834542154945,1.0881670287
63310,0.3528103534926277,,0.0,0.3528103534926277,1.0871206757
63315,0.3528363326268256,,0.0,0.3528363326268256,1.0862723975
63320,0.3528612836428276,,0.0,0.3528612836428276,1.0872512604
63325,0.35288514267402865,,0.0,0.35288514267402865,1.0871319652
63330,0.35290780731559096,,0.0,0.35290780731559096,1.0879463067
63335,0.3529291357149876,,0.0,0.3529291357149876,1.0859229034
63340,0.3529490055957492,,0.0,0.3529490055957492,1.0792235573
63345,0.35296728917919307,,0.0,0.35296728917919307,1.0727851631
63350,0.35298386528019826,,0.0,0.35298386528019826,1.0679297327
63355,0.35299853825186667,,0.0,0.35299853825186667,1.0617480947
63360,0.3530114169561796,,0.0,0.3530114169561796,1.0570352842
63365,0.35302252826758584,,0.0,0.35302252826758584,1.0550703392
63370,0.3530317654158552,,0.0,0.3530317654158552,1.0565110956
63375,0.35303895605892044,,0.0,0.35303895605892044,1.0562750532
63380,0.3530442319998111,,0.0,0.3530442319998111,1.059948233
63385,0.35304733133770005,,0.0,0.35304733133770005,1.063274907
63390,0.3530477649667107,,0.0,0.3530477649667107,1.0660177164
63395,0.35304502595561293,,0.0,0.35304502595561293,1.0666434977
63400,0.3530387296041728,,0.0,0.3530387296041728,1.0647297891
63405,0.3530286143753461,,0.0,0.3530286143753461,1.0624929738
63410,0.35301470148221303,,0.0,0.35301470148221303,1.0680116191
63415,0.35299721508314263,,0.0,0.35299721508314263,1.0769546783
63420,0.35297628070591236,,0.0,0.35297628070591236,1.0835887747
63425,0.35295200291531964,,0.0,0.35295200291531964,1.0867456368
63430,0.3529243811884269,,0.0,0.3529243811884269,1.0905983879
63435,0.3528934474471684,,0.0,0.3528934474471684,1.0960516728
63440,0.3528593911086629,,0.0,0.3528593911086629,1.0996712961
63445,0.3528225966003071,,0.0,0.3528225966003071,1.0992424818
63450,0.3527834439386324,,0.0,0.3527834439386324,1.1017443242
63455,0.35274217569850846,,0.0,0.35274217569850846,1.1061229885
63460,0.35269897086103696,,0.0,0.35269897086103696,1.1055160347
63465,0.35265453207255526,,0.0,0.35265453207255526,1.1020339168
63470,0.35260975387478916,,0.0,0.35260975387478916,1.1018889512
63475,0.3525650166480528,,0.0,0.3525650166480528,1.1055563546
63480,0.35252048359437194,,0.0,0.35252048359437194,1.1084424455
63485,0.3524763149827743,,0.0,0.3524763149827743,1.1114829801
63490,0.3524326852470776,,0.0,0.3524326852470776,1.1135380113
63495,0.3523898645869023,,0.0,0.3523898645869023,1.1145059356
63500,0.3523482282668678,,0.0,0.3523482282668678,1.1138068957
63505,0.3523081736741306,,0.0,0.3523081736741306,1.1107055839
63510,0.35227002882702846,,0.0,0.35227002882702846,1.106990657
63515,0.3522340944601944,,0.0,0.3522340944601944,1.1037405187
63520,0.3522006351573532,,0.0,0.3522006351573532,1.1022146418
63525,0.3521698712798919,,0.0,0.3521698712798919,1.1028880202
63530,0.352141851210913,,0.0,0.352141851210913,1.1024480748
63535,0.35211652854538245,,0.0,0.35211652854538245,1.1072310839
63540,0.352093971674453,,0.0,0.352093971674453,1.1104221459
63545,0.3520739158325085,,0.0,0.3520739158325085,1.1086747692
63550,0.3520561812199362,,0.0,0.3520561812199362,1.1029422954
63555,0.3520406500848146,,0.0,0.3520406500848146,1.0985920049
63560,0.352027197308622,,0.0,0.352027197308622,1.0918118312
63565,0.35201575234024574,,0.0,0.35201575234024574,1.0872629227
63570,0.35200626627364545,,0.0,0.35200626627364545,1.0839065557
63575,0.3519988967176877,,0.0,0.3519988967176877,1.0798988801
63580,0.35199438278792816,,0.0,0.35199438278792816,1.0789830436
63585,0.35199196897585194,,0.0,0.35199196897585194,1.0784565224
63590,0.35199166155671113,,0.0,0.35199166155671113,1.0777846289
63595,0.351993578919047,,0.0,0.351993578919047,1.0751227818
63600,0.3519977115135629,,0.0,0.3519977115135629,1.0703340196
63605,0.3520040244853263,,0.0,0.3520040244853263,1.0630765875
63610,0.35201254238967133,,0.0,0.35201254238967133,1.0560635008
63615,0.3520231866267925,,0.0,0.3520231866267925,1.0496071341
63620,0.3520362099574758,,0.0,0.3520362099574758,1.0449570823
63625,0.3520519117976421,,0.0,0.3520519117976421,1.0421301921
63630,0.3520704496424758,,0.0,0.3520704496424758,1.0423155037
63635,0.3520918774227661,,0.0,0.3520918774227661,1.0445134336
63640,0.35211612033568984,,0.0,0.35211612033568984,1.0439250197
63645,0.35214330691023177,,0.0,0.35214330691023177,1.043093314
63650,0.35217328299346123,,0.0,0.35217328299346123,1.0440126136
63655,0.352205433815306,,0.0,0.352205433815306,1.0457471474
63660,0.35223913544291624,,0.0,0.35223913544291624,1.0470158839
63665,0.3522739922853127,,0.0,0.3522739922853127,1.0474837063
63670,0.3523097538326149,,0.0,0.3523097538326149,1.0478057842
63675,0.3523463525803906,,0.0,0.3523463525803906,1.0519348011
63680,0.3523836379453273,,0.0,0.3523836379453273,1.0559636655
63685,0.35242132979198865,,0.0,0.35242132979198865,1.0614880556
63690,0.3524589593181215,,0.0,0.3524589593181215,1.0656497602
63695,0.3524962479571027,,0.0,0.3524962479571027,1.0685683673
63700,0.35253296616203145,,0.0,0.35253296616203145,1.0700517709
63705,0.35256890162021365,,0.0,0.35256890162021365,1.0726074114
63710,0.3526039028843527,,0.0,0.3526039028843527,1.0729101264
63715,0.3526380302741721,,0.0,0.3526380302741721,1.0715943092
63720,0.35267144649149657,,0.0,0.35267144649149657,1.074764434
63725,0.35270412393431155,,0.0,0.35270412393431155,1.0793429828
63730,0.3527358552464627,,0.0,0.3527358552464627,1.0809480387
63735,0.352766485979446,,0.0,0.352766485979446,1.0784349768
63740,0.3527958863992463,,0.0,0.3527958863992463,1.0734172061
63745,0.3528239387766786,,0.0,0.3528239387766786,1.0703176887
63750,0.3528506081886012,,0.0,0.3528506081886012,1.0675456063
63755,0.3528759745990046,,0.0,0.3528759745990046,1.0671018758
63760,0.35290013049964736,,0.0,0.35290013049964736,1.065268672
63765,0.3529230946708126,,0.0,0.3529230946708126,1.0640912603
63770,0.3529447778720502,,0.0,0.3529447778720502,1.0644881791
63775,0.3529650822003336,,0.0,0.3529650822003336,1.0618600143
63780,0.35298391166249593,,0.0,0.35298391166249593,1.0556861743
63785,0.353001193524728,,0.0,0.353001193524728,1.0520489904
63790,0.3530167980302784,,0.0,0.3530167980302784,1.0483895089
63795,0.3530302817734756,,0.0,0.3530302817734756,1.0458747362
63800,0.35304129177139243,,0.0,0.35304129177139243,1.0468274801
63805,0.35304955407289884,,0.0,0.35304955407289884,1.0478512285
63810,0.35305478772404747,,0.0,0.35305478772404747,1.048753186
63815,0.35305669787893806,,0.0,0.35305669787893806,1.0474824045
63820,0.3530551772671389,,0.0,0.3530551772671389,1.0422493589
63825,0.3530506298238956,,0.0,0.3530506298238956,1.0385996164
63830,0.3530434216510501,,0.0,0.3530434216510501,1.033613212
63835,0.3530325448658207,,0.0,0.3530325448658207,1.0324468693
63840,0.35301803566458867,,0.0,0.35301803566458867,1.0295472952
63845,0.35300000206808757,,0.0,0.35300000206808757,1.0267908588
63850,0.3529786435656703,,0.0,0.3529786435656703,1.0263064248
63855,0.35295419011349327,,0.0,0.35295419011349327,1.0290341923
63860,0.35292675912243165,,0.0,0.35292675912243165,1.0303188608
63865,0.3528966651735986,,0.0,0.3528966651735986,1.0315080555
63870,0.35286441394772117,,0.0,0.35286441394772117,1.0282908883
63875,0.35283056903518933,,0.0,0.35283056903518933,1.0243270593
63880,0.35279555724408757,,0.0,0.35279555724408757,1.0217062777
63885,0.35275973824185086,,0.0,0.35275973824185086,1.0191194779
63890,0.3527235550021587,,0.0,0.3527235550021587,1.0171030083
63895,0.3526876507610818,,0.0,0.3526876507610818,1.0194675277
63900,0.35265191195019996,,0.0,0.35265191195019996,1.0262995159
63905,0.3526161359197979,,0.0,0.3526161359197979,1.0338269768
63910,0.3525804981040957,,0.0,0.3525804981040957,1.0390477686
63915,0.3525451886932504,,0.0,0.3525451886932504,1.0412055172
63920,0.3525102746687565,,0.0,0.3525102746687565,1.0418327008
63925,0.3524760614944228,,0.0,0.3524760614944228,1.0444756263
63930,0.35244280154451607,,0.0,0.35244280154451607,1.046991756
63935,0.3524106271450033,,0.0,0.3524106271450033,1.0455789225
63940,0.3523794694954763,,0.0,0.3523794694954763,1.0444966449
63945,0.35234919079049076,,0.0,0.35234919079049076,1.048450928
63950,0.352319869948162,,0.0,0.352319869948162,1.0509129818
63955,0.3522915673791591,,0.0,0.3522915673791591,1.0518574899
63960,0.35226442475411796,,0.0,0.35226442475411796,1.0530308286
63965,0.3522385853124872,,0.0,0.3522385853124872,1.0536122922
63970,0.3522142312184675,,0.0,0.3522142312184675,1.0549077952
63975,0.3521917849147506,,0.0,0.3521917849147506,1.0567774131
63980,0.35217148079109495,,0.0,0.35217148079109495,1.0560732827
63985,0.35215334365293516,,0.0,0.35215334365293516,1.0547496562
63990,0.3521372537248083,,0.0,0.3521372537248083,1.0546500554
63995,0.35212302763748365,,0.0,0.35212302763748365,1.0518033408
64000,0.35211053818068866,,0.0,0.35211053818068866,1.0462735679
64005,0.35209975988963266,,0.0,0.35209975988963266,1.0372768392
64010,0.35209071991160146,,0.0,0.35209071991160146,1.0298507498
64015,0.3520834500548473,,0.0,0.3520834500548473,1.0257013989
64020,0.3520779637338583,,0.0,0.3520779637338583,1.0225608707
64025,0.35207427970618127,,0.0,0.35207427970618127,1.023232289
64030,0.3520724596329885,,0.0,0.3520724596329885,1.0215240208
64035,0.35207251467786244,,0.0,0.35207251467786244,1.0209822553
64040,0.3520746439663732,,0.0,0.3520746439663732,1.0212553148
64045,0.35207869152667665,,0.0,0.35207869152667665,1.0196044779
64050,0.3520844445686139,,0.0,0.3520844445686139,1.0129663242
64055,0.3520917715165197,,0.0,0.3520917715165197,1.0103397797
64060,0.3521005843804471,,0.0,0.3521005843804471,1.0081968864
64065,0.3521107925557606,,0.0,0.3521107925557606,1.0077892835
64070,0.35212233306257557,,0.0,0.35212233306257557,1.0063325039
64075,0.35213529095784085,,0.0,0.35213529095784085,1.0068624967
64080,0.3521504161569119,,0.0,0.3521504161569119,1.0099056877
64085,0.3521674948692273,,0.0,0.3521674948692273,1.008850147
64090,0.35218578109009596,,0.0,0.35218578109009596,1.0036050462
64095,0.3522053231344113,,0.0,0.3522053231344113,0.997243756
64100,0.35222614098748684,,0.0,0.35222614098748684,0.99476607107
64105,0.3522482208483154,,0.0,0.3522482208483154,0.99456476621
64110,0.3522714442601466,,0.0,0.3522714442601466,0.99467585889
64115,0.3522957161620064,,0.0,0.3522957161620064,0.99356609226
64120,0.35232094231143213,,0.0,0.35232094231143213,0.99797399132
64125,0.3523470520436291,,0.0,0.3523470520436291,1.000486001
64130,0.3523738725618019,,0.0,0.3523738725618019,1.0037255116
64135,0.35240154487723013,,0.0,0.35240154487723013,1.0063884683
64140,0.3524303557643848,,0.0,0.3524303557643848,1.0050453377
64145,0.35246034210173993,,0.0,0.35246034210173993,1.0027878809
64150,0.35249147653738166,,0.0,0.35249147653738166,1.00255444
64155,0.3525239940976881,,0.0,0.3525239940976881,1.0014277591
64160,0.35255774303978926,,0.0,0.35255774303978926,0.99975636622
64165,0.35259232531717244,,0.0,0.35259232531717244,1.0006917854
64170,0.35262727344629696,,0.0,0.35262727344629696,1.0014834564
64175,0.3526621936778336,,0.0,0.3526621936778336,1.0046033471
64180,0.3526967684749345,,0.0,0.3526967684749345,1.0098846052
64185,0.3527306650218771,,0.0,0.3527306650218771,1.0112919362
64190,0.35276387379210145,,0.0,0.35276387379210145,1.0112897623
64195,0.3527964350972808,,0.0,0.3527964350972808,1.0108194492
64200,0.3528281714796538,,0.0,0.3528281714796538,1.01133654
64205,0.3528588684210933,,0.0,0.3528588684210933,1.0106841732
64210,0.35288820754350414,,0.0,0.35288820754350414,1.0074755705
64215,0.3529158626474621,,0.0,0.3529158626474621,1.0018865439
64220,0.35294159074884196,,0.0,0.35294159074884196,1.001481603
64225,0.3529653478526701,,0.0,0.3529653478526701,1.0019117934
64230,0.3529870246422371,,0.0,0.3529870246422371,0.999561055
64235,0.3530067538300291,,0.0,0.3530067538300291,0.99870851645
64240,0.353024668765152,,0.0,0.353024668765152,0.99732777318
64245,0.3530405381727369,,0.0,0.3530405381727369,0.99462104714
64250,0.35305397248695614,,0.0,0.35305397248695614,0.99282900382
64255,0.35306460967578696,,0.0,0.35306460967578696,0.98980272113
64260,0.3530721206295434,,0.0,0.3530721206295434,0.98382498365
64265,0.3530761125992989,,0.0,0.3530761125992989,0.97700565356
64270,0.3530763072230579,,0.0,0.3530763072230579,0.97390889149
64275,0.3530726604376376,,0.0,0.3530726604376376,0.96812975319
64280,0.3530652358140695,,0.0,0.3530652358140695,0.96527676966
64285,0.3530541433738922,,0.0,0.3530541433738922,0.96194775778
64290,0.3530394984817029,,0.0,0.3530394984817029,0.95873609388
64295,0.35302142420974564,,0.0,0.35302142420974564,0.9586398198
64300,0.3530001187968701,,0.0,0.3530001187968701,0.9604426018
64305,0.3529757711827302,,0.0,0.3529757711827302,0.96185013999
64310,0.35294871586554355,,0.0,0.35294871586554355,0.96126932473
64315,0.35291902344189546,,0.0,0.35291902344189546,0.96398402384
64320,0.3528867052572599,,0.0,0.3528867052572599,0.96519266843
64325,0.3528518983667791,,0.0,0.3528518983667791,0.96515774548
64330,0.352814847346128,,0.0,0.352814847346128,0.9655293936
64335,0.352775853657505,,0.0,0.352775853657505,0.96500789597
64340,0.3527351439148128,,0.0,0.3527351439148128,0.96517593747
64345,0.3526929710607287,,0.0,0.3526929710607287,0.96776770043
64350,0.35265010235849703,,0.0,0.35265010235849703,0.97070932002
64355,0.3526075277746002,,0.0,0.3526075277746002,0.97275226713
64360,0.3525648564927072,,0.0,0.3525648564927072,0.97111777883
64365,0.35252233886354356,,0.0,0.35252233886354356,0.96471798695
64370,0.35248024933844035,,0.0,0.35248024933844035,0.95996628777
64375,0.3524388254675185,,0.0,0.3524388254675185,0.95880892962
64380,0.3523982321807718,,0.0,0.3523982321807718,0.95595118258
64385,0.3523586753792237,,0.0,0.3523586753792237,0.95304416376
64390,0.3523204075508234,,0.0,0.3523204075508234,0.95314567611
64395,0.35228364680605195,,0.0,0.35228364680605195,0.95192106616
64400,0.3522486727801446,,0.0,0.3522486727801446,0.95165675809
64405,0.35221595668541483,,0.0,0.35221595668541483,0.9507980962
64410,0.3521858907933246,,0.0,0.3521858907933246,0.94866188055
64415,0.35215869817089485,,0.0,0.35215869817089485,0.94773083702
64420,0.35213448549741033,,0.0,0.35213448549741033,0.94674792424
64425,0.35211364920509775,,0.0,0.35211364920509775,0.94465040812
64430,0.3520961130360031,,0.0,0.3520961130360031,0.94156182372
64435,0.352081550836175,,0.0,0.352081550836175,0.9391250583
64440,0.3520696331548813,,0.0,0.3520696331548813,0.93766558713
64445,0.35206010907298607,,0.0,0.35206010907298607,0.93577597039
64450,0.352052751180812,,0.0,0.352052751180812,0.9336289615
64455,0.352047575211962,,0.0,0.352047575211962,0.9343575788
64460,0.35204472029059286,,0.0,0.35204472029059286,0.93711230229
64465,0.35204419069115145,,0.0,0.35204419069115145,0.93651569487
64470,0.35204585758907975,,0.0,0.35204585758907975,0.93556965013
64475,0.35204945633244367,,0.0,0.35204945633244367,0.93340905931
64480,0.35205479009205154,,0.0,0.35205479009205154,0.93185767732
64485,0.35206182960613014,,0.0,0.35206182960613014,0.92775275102
64490,0.3520704911364431,,0.0,0.3520704911364431,0.92606835509
64495,0.3520808302280655,,0.0,0.3520808302280655,0.92590893698
64500,0.35209312988122254,,0.0,0.35209312988122254,0.92632273951
64505,0.35210750764320803,,0.0,0.35210750764320803,0.9273205473
64510,0.3521237693449913,,0.0,0.3521237693449913,0.92745627679
64515,0.3521416780275985,,0.0,0.3521416780275985,0.92791970746
64520,0.352161015398657,,0.0,0.352161015398657,0.92917647218
64525,0.35218149300120066,,0.0,0.35218149300120066,0.92822282026
64530,0.35220291350583643,,0.0,0.35220291350583643,0.92375224743
64535,0.3522252444222196,,0.0,0.3522252444222196,0.9184830009
64540,0.3522484719493428,,0.0,0.3522484719493428,0.91594679269
64545,0.3522725969511902,,0.0,0.3522725969511902,0.91468433197
64550,0.3522976351386281,,0.0,0.3522976351386281,0.91453144339
64555,0.35232360110843863,,0.0,0.35232360110843863,0.91589059363
64560,0.3523505212348693,,0.0,0.3523505212348693,0.915085866
64565,0.35237827440100866,,0.0,0.35237827440100866,0.91524259912
64570,0.3524067693201285,,0.0,0.3524067693201285,0.91973292694
64575,0.352435873620789,,0.0,0.352435873620789,0.92416257608
64580,0.3524652082868614,,0.0,0.3524652082868614,0.92692721007
64585,0.3524945996803028,,0.0,0.3524945996803028,0.9307016843
64590,0.35252383487453576,,0.0,0.35252383487453576,0.93181318174
64595,0.35255268289026503,,0.0,0.35255268289026503,0.93162330607
64600,0.3525810440737598,,0.0,0.3525810440737598,0.93144308201
64605,0.35260883752883615,,0.0,0.35260883752883615,0.92974966869
64610,0.35263647958208877,,0.0,0.35263647958208877,0.92811045925
64615,0.3526643170321387,,0.0,0.3526643170321387,0.92913623905
64620,0.35269147220768393,,0.0,0.35269147220768393,0.93058082187
64625,0.3527178079171637,,0.0,0.3527178079171637,0.93007981824
64630,0.35274330967747797,,0.0,0.35274330967747797,0.92667986811
64635,0.3527679642105574,,0.0,0.3527679642105574,0.91967069915
64640,0.35279167947937196,,0.0,0.35279167947937196,0.9124718987
64645,0.35281434457566274,,0.0,0.35281434457566274,0.90749814476
64650,0.35283591634570377,,0.0,0.35283591634570377,0.90151255068
64655,0.352856416912032,,0.0,0.352856416912032,0.89574471747
64660,0.3528757514637744,,0.0,0.3528757514637744,0.89252794096
64665,0.3528939742727665,,0.0,0.3528939742727665,0.88956357347
64670,0.3529112344671898,,0.0,0.3529112344671898,0.88512175574
64675,0.35292764736616905,,0.0,0.35292764736616905,0.88173061043
64680,0.35294318629988286,,0.0,0.35294318629988286,0.87943126414
64685,0.3529577485451838,,0.0,0.3529577485451838,0.8795372251
64690,0.35297144971676975,,0.0,0.35297144971676975,0.87945414642
64695,0.3529838370643005,,0.0,0.3529838370643005,0.87927788928
64700,0.3529943726440683,,0.0,0.3529943726440683,0.87677200837
64705,0.35300257869567053,,0.0,0.35300257869567053,0.87485725876
64710,0.3530080890717924,,0.0,0.3530080890717924,0.87487642872
64715,0.35301058337079694,,0.0,0.35301058337079694,0.87375432718
64720,0.3530100324900661,,0.0,0.3530100324900661,0.87560075508
64725,0.353006485494795,,0.0,0.353006485494795,0.87610055674
64730,0.3529999053928279,,0.0,0.3529999053928279,0.87440582602
64735,0.35299019994250674,,0.0,0.35299019994250674,0.87296780393
64740,0.35297720264502486,,0.0,0.35297720264502486,0.86962126445
64745,0.3529607462058005,,0.0,0.3529607462058005,0.86793941417
64750,0.3529407857658762,,0.0,0.3529407857658762,0.86718132282
64755,0.352917464200918,,0.0,0.352917464200918,0.86627985938
64760,0.3528910653523987,,0.0,0.3528910653523987,0.86835476262
64765,0.3528620227811198,,0.0,0.3528620227811198,0.86991381509
64770,0.35283091287807566,,0.0,0.35283091287807566,0.87229527193
64775,0.352798170613726,,0.0,0.352798170613726,0.87373260904
64780,0.3527639885882883,,0.0,0.3527639885882883,0.87646533325
64785,0.3527284831440259,,0.0,0.3527284831440259,0.87855532879
64790,0.3526915714521591,,0.0,0.3526915714521591,0.87975337894
64795,0.3526533736746702,,0.0,0.3526533736746702,0.87832797106
64800,0.35261439055848276,,0.0,0.35261439055848276,0.87270311252
64805,0.3525750864949843,,0.0,0.3525750864949843,0.86802367054
64810,0.3525357714270584,,0.0,0.3525357714270584,0.86532323473
64815,0.35249675152334264,,0.0,0.35249675152334264,0.86296968308
64820,0.35245836748909737,,0.0,0.35245836748909737,0.86448279293
64825,0.35242100211469723,,0.0,0.35242100211469723,0.86445318279
64830,0.35238496891264354,,0.0,0.35238496891264354,0.86375684748
64835,0.35235045850508534,,0.0,0.35235045850508534,0.86227144133
64840,0.3523177470713218,,0.0,0.3523177470713218,0.8646494747
64845,0.35228698412605364,,0.0,0.35228698412605364,0.86744792429
64850,0.3522580924109243,,0.0,0.3522580924109243,0.86803796053
64855,0.3522310648776434,,0.0,0.3522310648776434,0.86888925799
64860,0.3522059111891896,,0.0,0.3522059111891896,0.8695933247
64865,0.3521826068357017,,0.0,0.3521826068357017,0.87019884303
64870,0.352161005985779,,0.0,0.352161005985779,0.86984819773
64875,0.35214104147603537,,0.0,0.35214104147603537,0.86871379764
64880,0.3521232034354865,,0.0,0.3521232034354865,0.86878131895
64885,0.35210784941708007,,0.0,0.35210784941708007,0.86901593995
64890,0.3520942211839309,,0.0,0.3520942211839309,0.86687482811
64895,0.3520822691933788,,0.0,0.3520822691933788,0.86208883189
64900,0.3520720287550847,,0.0,0.3520720287550847,0.85757109539
64905,0.35206347272176264,,0.0,0.35206347272176264,0.85302834554
64910,0.35205656930789675,,0.0,0.35205656930789675,0.8461499025
64915,0.35205134416016937,,0.0,0.35205134416016937,0.83744172194
64920,0.35204790659528995,,0.0,0.35204790659528995,0.83166240388
64925,0.3520462605466592,,0.0,0.3520462605466592,0.82664257266
64930,0.35204667976077936,,0.0,0.35204667976077936,0.82117778434
64935,0.35204944005316663,,0.0,0.35204944005316663,0.81591093494
64940,0.35205474432363715,,0.0,0.35205474432363715,0.81142895958
64945,0.352062729718279,,0.0,0.352062729718279,0.80890830755
64950,0.3520735113970617,,0.0,0.3520735113970617,0.80839209141
64955,0.3520873877755036,,0.0,0.3520873877755036,0.8105766248
64960,0.35210399879965054,,0.0,0.35210399879965054,0.81234718713
64965,0.3521229121364678,,0.0,0.3521229121364678,0.81278603622
64970,0.35214379497023296,,0.0,0.35214379497023296,0.81286865857
64975,0.3521663940854316,,0.0,0.3521663940854316,0.81279495441
64980,0.35219043405306655,,0.0,0.35219043405306655,0.81515935053
64985,0.3522159272417504,,0.0,0.3522159272417504,0.8176841977
64990,0.3522429105754299,,0.0,0.3522429105754299,0.82074553357
64995,0.3522712822176781,,0.0,0.3522712822176781,0.82248093834
65000,0.3523008685077155,,0.0,0.3523008685077155,0.82297505273
65005,0.3523313548416926,,0.0,0.3523313548416926,0.82416840683
65010,0.3523623015427107,,0.0,0.3523623015427107,0.82641277958
65015,0.3523934074896176,,0.0,0.3523934074896176,0.82801167909
65020,0.35242443069869056,,0.0,0.35242443069869056,0.83068820324
65025,0.35245531517012596,,0.0,0.35245531517012596,0.8352573532
65030,0.35248629502084505,,0.0,0.35248629502084505,0.83868454476
65035,0.35251757815267654,,0.0,0.35251757815267654,0.83836101459
65040,0.35254908310102573,,0.0,0.35254908310102573,0.83829612655
65045,0.3525806100809664,,0.0,0.3525806100809664,0.83836911479
65050,0.3526119670606914,,0.0,0.3526119670606914,0.8377064256
65055,0.352642916922072,,0.0,0.352642916922072,0.83558877908
65060,0.3526732204324923,,0.0,0.3526732204324923,0.83425629855
65065,0.3527027599764493,,0.0,0.3527027599764493,0.83028936331
65070,0.35273146047828274,,0.0,0.35273146047828274,0.82660505902
65075,0.3527592594583092,,0.0,0.3527592594583092,0.81939696306
65080,0.3527861166503282,,0.0,0.3527861166503282,0.81711088869
65085,0.3528119973812985,,0.0,0.3528119973812985,0.81698850951
65090,0.3528369204315033,,0.0,0.3528369204315033,0.81513314091
65095,0.3528608624279025,,0.0,0.3528608624279025,0.81313077256
65100,0.35288370434533506,,0.0,0.35288370434533506,0.81115719702
65105,0.3529052597451533,,0.0,0.3529052597451533,0.80828682208
65110,0.3529254876335913,,0.0,0.3529254876335913,0.80948384416
65115,0.3529440482375818,,0.0,0.3529440482375818,0.81145697031
65120,0.35296068111142875,,0.0,0.35296068111142875,0.81083597875
65125,0.35297514368026245,,0.0,0.35297514368026245,0.80949913085
65130,0.35298721626478863,,0.0,0.35298721626478863,0.81259587973
65135,0.3529965962432511,,0.0,0.3529965962432511,0.81656533709
65140,0.35300307309913304,,0.0,0.35300307309913304,0.81938326173
65145,0.353007022915565,,0.0,0.353007022915565,0.81978749025
65150,0.3530088103392581,,0.0,0.3530088103392581,0.82025343487
65155,0.35300759319046254,,0.0,0.35300759319046254,0.81889138947
65160,0.353003286594121,,0.0,0.353003286594121,0.81625439359
65165,0.35299589814419785,,0.0,0.35299589814419785,0.81390450302
65170,0.3529853892569876,,0.0,0.3529853892569876,0.81019341982
65175,0.3529717281924473,,0.0,0.3529717281924473,0.80793891615
65180,0.3529549785898178,,0.0,0.3529549785898178,0.80515777095
65185,0.3529352982853297,,0.0,0.3529352982853297,0.80298046042
65190,0.35291278877436405,,0.0,0.35291278877436405,0.80046964948
65195,0.35288774042374615,,0.0,0.35288774042374615,0.80023288198
65200,0.3528605663314991,,0.0,0.3528605663314991,0.80175952547
65205,0.35283162741556084,,0.0,0.35283162741556084,0.80347156111
65210,0.3528012622439684,,0.0,0.3528012622439684,0.80346416568
65215,0.3527698545847622,,0.0,0.3527698545847622,0.80336681616
65220,0.3527380120460422,,0.0,0.3527380120460422,0.80697316471
65225,0.35270561323805977,,0.0,0.35270561323805977,0.8110548667
65230,0.35267249864208894,,0.0,0.35267249864208894,0.81519622088
65235,0.35263846485811245,,0.0,0.35263846485811245,0.8203720407
65240,0.3526036526927822,,0.0,0.3526036526927822,0.82742673463
65245,0.3525683903235908,,0.0,0.3525683903235908,0.83191078416
65250,0.35253317281335683,,0.0,0.35253317281335683,0.83666825088
65255,0.3524983603297167,,0.0,0.3524983603297167,0.83890212147
65260,0.35246417230186394,,0.0,0.35246417230186394,0.84032899743
65265,0.3524307783434952,,0.0,0.3524307783434952,0.84286898179
65270,0.352398208125639,,0.0,0.352398208125639,0.84607371806
65275,0.3523664559414538,,0.0,0.3523664559414538,0.85201018467
65280,0.35233556835512886,,0.0,0.35233556835512886,0.85848298778
65285,0.3523057230517897,,0.0,0.3523057230517897,0.86089991343
65290,0.35227715617189925,,0.0,0.35227715617189925,0.86060230736
65295,0.3522501573319809,,0.0,0.3522501573319809,0.85774861992
65300,0.3522251733709057,,0.0,0.3522251733709057,0.8571963151
65305,0.3522025405148591,,0.0,0.3522025405148591,0.85861679974
65310,0.35218222440910985,,0.0,0.35218222440910985,0.85860113676
65315,0.3521641260138105,,0.0,0.3521641260138105,0.85578405405
65320,0.35214807880741766,,0.0,0.35214807880741766,0.850144683
65325,0.35213386733961133,,0.0,0.35213386733961133,0.84724764821
65330,0.35212141421561627,,0.0,0.35212141421561627,0.84620709758
65335,0.3521107106591742,,0.0,0.3521107106591742,0.84541026657
65340,0.35210175207752814,,0.0,0.35210175207752814,0.84263319973
65345,0.35209454570085985,,0.0,0.35209454570085985,0.83790749185
65350,0.3520890999189086,,0.0,0.3520890999189086,0.83244605537
65355,0.3520854811674946,,0.0,0.3520854811674946,0.82949381396
65360,0.35208372439249636,,0.0,0.35208372439249636,0.82833427119
65365,0.35208377122952245,,0.0,0.35208377122952245,0.82934524693
65370,0.3520855317105573,,0.0,0.3520855317105573,0.82899883593
65375,0.3520891368655918,,0.0,0.3520891368655918,0.83043243727
65380,0.352094367629215,,0.0,0.352094367629215,0.82937760312
65385,0.35210107394105206,,0.0,0.35210107394105206,0.83335010946
65390,0.3521091714489831,,0.0,0.3521091714489831,0.8432893076
65395,0.35211861577151543,,0.0,0.35211861577151543,0.85093376581
65400,0.3521293204420421,,0.0,0.3521293204420421,0.85509260444
65405,0.3521412214120668,,0.0,0.3521412214120668,0.85924332564
65410,0.35215505290881466,,0.0,0.35215505290881466,0.8612796644
65415,0.3521707896948592,,0.0,0.3521707896948592,0.860905059
65420,0.352187851013813,,0.0,0.352187851013813,0.85988771661
65425,0.3522062450280509,,0.0,0.3522062450280509,0.86200844947
65430,0.35222595145668606,,0.0,0.35222595145668606,0.86178020178
65435,0.35224685109266596,,0.0,0.35224685109266596,0.86164123082
65440,0.35226882343296223,,0.0,0.35226882343296223,0.86189021737
65445,0.35229180263290144,,0.0,0.35229180263290144,0.86227517246
65450,0.3523157326244707,,0.0,0.3523157326244707,0.86064326205
65455,0.35234055554347987,,0.0,0.35234055554347987,0.85908595973
65460,0.35236615197824894,,0.0,0.35236615197824894,0.85639994548
65465,0.3523926207185247,,0.0,0.3523926207185247,0.85369696104
65470,0.3524201056858484,,0.0,0.3524201056858484,0.85185503914
65475,0.35244862018102624,,0.0,0.35244862018102624,0.85179657213
65480,0.3524781624988266,,0.0,0.3524781624988266,0.85256591691
65485,0.3525089097559646,,0.0,0.3525089097559646,0.85272737654
65490,0.35254047566065705,,0.0,0.35254047566065705,0.85647668726
65495,0.3525723991637702,,0.0,0.3525723991637702,0.86031349822
65500,0.35260428074092404,,0.0,0.35260428074092404,0.8686513033
65505,0.3526358451450128,,0.0,0.3526358451450128,0.87765206018
65510,0.3526668346587106,,0.0,0.3526668346587106,0.88251957785
65515,0.35269726790314593,,0.0,0.35269726790314593,0.88394887165
65520,0.352727223091605,,0.0,0.352727223091605,0.88373022371
65525,0.35275663826734216,,0.0,0.35275663826734216,0.88584532548
65530,0.35278537171424884,,0.0,0.35278537171424884,0.8895980244
65535,0.35281316100856025,,0.0,0.35281316100856025,0.89510549876
65540,0.3528396954343546,,0.0,0.3528396954343546,0.89929530652
65545,0.3528647571085149,,0.0,0.3528647571085149,0.90245085309
65550,0.35288822696040717,,0.0,0.35288822696040717,0.90602908655
65555,0.35290994754032,,0.0,0.35290994754032,0.90549744818
65560,0.3529298174892909,,0.0,0.3529298174892909,0.90540404334
65565,0.35294807858641497,,0.0,0.35294807858641497,0.9030241766
65570,0.3529648538129903,,0.0,0.3529648538129903,0.90115091355
65575,0.3529798744927366,,0.0,0.3529798744927366,0.89977569112
65580,0.3529928094924265,,0.0,0.3529928094924265,0.89559481643
65585,0.3530033066931167,,0.0,0.3530033066931167,0.89408584372
65590,0.35301092910080617,,0.0,0.35301092910080617,0.89674246969
65595,0.353015369932974,,0.0,0.353015369932974,0.89757670622
65600,0.3530164852680788,,0.0,0.3530164852680788,0.89457762322
65605,0.35301421733287613,,0.0,0.35301421733287613,0.89159467107
65610,0.3530085854987963,,0.0,0.3530085854987963,0.88418140315
65615,0.35299964813023055,,0.0,0.35299964813023055,0.87706510767
65620,0.3529875185000255,,0.0,0.3529875185000255,0.87258269457
65625,0.3529723852067888,,0.0,0.3529723852067888,0.87000023562
65630,0.35295440817850177,,0.0,0.35295440817850177,0.86667853511
65635,0.3529336719491756,,0.0,0.3529336719491756,0.86698188503
65640,0.3529103834202363,,0.0,0.3529103834202363,0.8718131912
65645,0.352884690878618,,0.0,0.352884690878618,0.87822725715
65650,0.3528565601514808,,0.0,0.3528565601514808,0.8854934425
65655,0.35282609694044337,,0.0,0.35282609694044337,0.89055246107
65660,0.3527935418650432,,0.0,0.3527935418650432,0.89268432927
65665,0.3527591524152418,,0.0,0.3527591524152418,0.89716654078
65670,0.3527230554375288,,0.0,0.3527230554375288,0.90108251867
65675,0.35268554443635564,,0.0,0.35268554443635564,0.90488629223
65680,0.35264768106613853,,0.0,0.35264768106613853,0.90621251345
65685,0.3526092835946688,,0.0,0.3526092835946688,0.90619524671
65690,0.3525706408881682,,0.0,0.3525706408881682,0.91219841562
65695,0.35253212289093366,,0.0,0.35253212289093366,0.91660364774
65700,0.3524939136770252,,0.0,0.3524939136770252,0.92113032388
65705,0.3524561464136573,,0.0,0.3524561464136573,0.92601508962
65710,0.3524190331634234,,0.0,0.3524190331634234,0.9266265653
65715,0.352382831961959,,0.0,0.352382831961959,0.92370078456
65720,0.3523478157145189,,0.0,0.3523478157145189,0.91835384263
65725,0.35231417135995174,,0.0,0.35231417135995174,0.91490384685
65730,0.35228232907133245,,0.0,0.35228232907133245,0.91400991539
65735,0.35225271397425034,,0.0,0.35225271397425034,0.91584297582
65740,0.3522255750552456,,0.0,0.3522255750552456,0.91513512132
65745,0.352201090476909,,0.0,0.352201090476909,0.91775517124
65750,0.3521797066461194,,0.0,0.3521797066461194,0.91901883334
65755,0.3521612496292604,,0.0,0.3521612496292604,0.91719057807
65760,0.35214534641261824,,0.0,0.35214534641261824,0.91612288226
65765,0.3521316521756405,,0.0,0.3521316521756405,0.91770419018
65770,0.35211990419898903,,0.0,0.35211990419898903,0.91845494635
65775,0.3521098818257034,,0.0,0.3521098818257034,0.91797402163
65780,0.35210154185658477,,0.0,0.35210154185658477,0.91833130937
65785,0.3520950568155914,,0.0,0.3520950568155914,0.92042672464
65790,0.3520904587838127,,0.0,0.3520904587838127,0.92443089708
65795,0.35208772773046204,,0.0,0.35208772773046204,0.93142793879
65800,0.3520867353084462,,0.0,0.3520867353084462,0.93705991145
65805,0.35208727038736487,,0.0,0.35208727038736487,0.93826984271
65810,0.35208919993642207,,0.0,0.35208919993642207,0.93946660076
65815,0.35209251854434975,,0.0,0.35209251854434975,0.93829614382
65820,0.3520972640672879,,0.0,0.3520972640672879,0.93613598603
65825,0.35210350510101707,,0.0,0.35210350510101707,0.93541941943
65830,0.3521115821006968,,0.0,0.3521115821006968,0.93311115628
65835,0.3521217771116229,,0.0,0.3521217771116229,0.93383536779
65840,0.3521340150581349,,0.0,0.3521340150581349,0.9342046751
65845,0.3521481230524919,,0.0,0.3521481230524919,0.93439584408
65850,0.3521638424224383,,0.0,0.3521638424224383,0.93707710689
65855,0.3521808358277042,,0.0,0.3521808358277042,0.93852202541
65860,0.3521989081443293,,0.0,0.3521989081443293,0.94168529136
65865,0.35221799559665434,,0.0,0.35221799559665434,0.94317566317
65870,0.35223807785831934,,0.0,0.35223807785831934,0.94346902421
65875,0.3522591562480368,,0.0,0.3522591562480368,0.94094027238
65880,0.3522812209436729,,0.0,0.3522812209436729,0.93490541401
65885,0.35230430539050234,,0.0,0.35230430539050234,0.9280590257
65890,0.3523284433975822,,0.0,0.3523284433975822,0.92720000538
65895,0.3523535404950855,,0.0,0.3523535404950855,0.93020248236
65900,0.3523794424163996,,0.0,0.3523794424163996,0.93529238841
65905,0.3524061105323462,,0.0,0.3524061105323462,0.94325981677
65910,0.35243318749460517,,0.0,0.35243318749460517,0.95032695149
65915,0.3524604616271022,,0.0,0.3524604616271022,0.95484258036
65920,0.35248777095557804,,0.0,0.35248777095557804,0.95801605415
65925,0.3525149409780059,,0.0,0.3525149409780059,0.95969359504
65930,0.35254185542033156,,0.0,0.35254185542033156,0.96202273329
65935,0.35256841853948856,,0.0,0.35256841853948856,0.96365951852
65940,0.3525948701592397,,0.0,0.3525948701592397,0.96434789634
65945,0.352621954010634,,0.0,0.352621954010634,0.9652219815
65950,0.35264870315918306,,0.0,0.35264870315918306,0.96635246788
65955,0.3526749810499456,,0.0,0.3526749810499456,0.96703628988
65960,0.3527007850227605,,0.0,0.3527007850227605,0.96820999149
65965,0.3527260681723922,,0.0,0.3527260681723922,0.97291330152
65970,0.35275071508877076,,0.0,0.35275071508877076,0.97355430192
65975,0.3527746430340622,,0.0,0.3527746430340622,0.97337113105
65980,0.35279782533844517,,0.0,0.35279782533844517,0.97242187258
65985,0.35282024142545926,,0.0,0.35282024142545926,0.96937563564
65990,0.3528417584461998,,0.0,0.3528417584461998,0.96673188075
65995,0.3528625008598324,,0.0,0.3528625008598324,0.96417864141
66000,0.352882568933971,,0.0,0.352882568933971,0.96000866854
66005,0.3529019227434615,,0.0,0.3529019227434615,0.95663042285
66010,0.3529204461734046,,0.0,0.3529204461734046,0.9540802772
66015,0.3529383180457471,,0.0,0.3529383180457471,0.95181975428
66020,0.3529551890381254,,0.0,0.3529551890381254,0.95107473385
66025,0.35297045852252057,,0.0,0.35297045852252057,0.95259717543
66030,0.35298356306769774,,0.0,0.35298356306769774,0.95432685767
66035,0.35299406329233174,,0.0,0.35299406329233174,0.95475492771
66040,0.3530015812034329,,0.0,0.3530015812034329,0.95399940501
66045,0.35300595521326106,,0.0,0.35300595521326106,0.95322547276
66050,0.3530072350008949,,0.0,0.3530072350008949,0.9527590781
66055,0.35300541961140475,,0.0,0.35300541961140475,0.95604206124
66060,0.353000457910581,,0.0,0.353000457910581,0.96212462976
66065,0.3529921925623943,,0.0,0.3529921925623943,0.96896928486
66070,0.3529804654123039,,0.0,0.3529804654123039,0.97499915007
66075,0.3529652590442119,,0.0,0.3529652590442119,0.97993691241
66080,0.35294669316537175,,0.0,0.35294669316537175,0.9827167156
66085,0.3529249099693571,,0.0,0.3529249099693571,0.98656004796
66090,0.3529000960767068,,0.0,0.3529000960767068,0.98871421687
66095,0.35287261174600276,,0.0,0.35287261174600276,0.98858665087
66100,0.3528429598159195,,0.0,0.3528429598159195,0.99451832497
66105,0.3528115068430274,,0.0,0.3528115068430274,0.9977825492
66110,0.3527784241462545,,0.0,0.3527784241462545,1.000190156
66115,0.35274380210287193,,0.0,0.35274380210287193,1.0015607027
66120,0.3527076693152967,,0.0,0.3527076693152967,1.0040485183
66125,0.3526701708646277,,0.0,0.3526701708646277,1.0061893454
66130,0.3526318123633826,,0.0,0.3526318123633826,1.0098128757
66135,0.35259318809611895,,0.0,0.35259318809611895,1.0114953989
66140,0.3525547190958705,,0.0,0.3525547190958705,1.0112712056
66145,0.3525166859300655,,0.0,0.3525166859300655,1.0100218264
66150,0.352479385104363,,0.0,0.352479385104363,1.008575654
66155,0.3524431065081235,,0.0,0.3524431065081235,1.0052863981
66160,0.3524080283039376,,0.0,0.3524080283039376,1.0038287952
66165,0.35237421051595536,,0.0,0.35237421051595536,1.0025834106
66170,0.3523418132767859,,0.0,0.3523418132767859,1.0076028572
66175,0.3523109160274822,,0.0,0.3523109160274822,1.0109369562
66180,0.3522814029259822,,0.0,0.3522814029259822,1.0146724362
66185,0.35225327531373457,,0.0,0.35225327531373457,1.0200125798
66190,0.35222655247122403,,0.0,0.35222655247122403,1.0197889831
66195,0.3522011800129327,,0.0,0.3522011800129327,1.0174472081
66200,0.3521771461159221,,0.0,0.3521771461159221,1.0151660579
66205,0.3521546812138133,,0.0,0.3521546812138133,1.0106177211
66210,0.3521347568565883,,0.0,0.3521347568565883,1.0074169439
66215,0.35211672821662676,,0.0,0.35211672821662676,1.0026516192
66220,0.3521005817202859,,0.0,0.3521005817202859,0.99686946119
66225,0.352086365841614,,0.0,0.352086365841614,0.99531652799
66230,0.35207409401783557,,0.0,0.35207409401783557,0.99436511671
66235,0.35206377986806636,,0.0,0.35206377986806636,0.99558744888
66240,0.35205548473516884,,0.0,0.35205548473516884,0.99430826209
66245,0.3520493198684482,,0.0,0.3520493198684482,0.98922909158
66250,0.35204529233893117,,0.0,0.35204529233893117,0.98519512955
66255,0.35204362637319614,,0.0,0.35204362637319614,0.98125884509
66260,0.3520445551787076,,0.0,0.3520445551787076,0.97641738581
66265,0.3520482620110143,,0.0,0.3520482620110143,0.97298445513
66270,0.352054823810163,,0.0,0.352054823810163,0.97073006803
66275,0.3520644332445806,,0.0,0.3520644332445806,0.97227114275
66280,0.3520772244136748,,0.0,0.3520772244136748,0.97472013294
66285,0.3520927518882327,,0.0,0.3520927518882327,0.97541938311
66290,0.35211062037284857,,0.0,0.35211062037284857,0.97412166778
66295,0.3521304924590431,,0.0,0.3521304924590431,0.97525306559
66300,0.35215209076248666,,0.0,0.35215209076248666,0.97994633866
66305,0.35217514537913247,,0.0,0.35217514537913247,0.98099260128
66310,0.3521996230001245,,0.0,0.3521996230001245,0.97792063279
66315,0.3522255271950806,,0.0,0.3522255271950806,0.97681842698
66320,0.352252754354133,,0.0,0.352252754354133,0.9818657307
66325,0.35228114591348547,,0.0,0.35228114591348547,0.98892713012
66330,0.3523105216642697,,0.0,0.3523105216642697,0.99457020589
66335,0.35234057034488964,,0.0,0.35234057034488964,1.0011581624
66340,0.3523709384494803,,0.0,0.3523709384494803,1.006433449
66345,0.3524014150522694,,0.0,0.3524014150522694,1.0104627342
66350,0.3524318237868435,,0.0,0.3524318237868435,1.012052112
66355,0.3524622053286587,,0.0,0.3524622053286587,1.0090479773
66360,0.35249274004573844,,0.0,0.35249274004573844,1.0077415561
66365,0.3525233560000484,,0.0,0.3525233560000484,1.0102254868
66370,0.3525538152322123,,0.0,0.3525538152322123,1.0146005654
66375,0.35258388041947347,,0.0,0.35258388041947347,1.0159300367
66380,0.35261333088213515,,0.0,0.35261333088213515,1.0139638627
66385,0.3526419644934197,,0.0,0.3526419644934197,1.0137913228
66390,0.3526696662752488,,0.0,0.3526696662752488,1.0163899091
66395,0.35269635715035225,,0.0,0.35269635715035225,1.0163626791
66400,0.35272196258874383,,0.0,0.35272196258874383,1.0183810499
66405,0.35274643102422193,,0.0,0.35274643102422193,1.0217758991
66410,0.3527697434036663,,0.0,0.3527697434036663,1.0244055746
66415,0.35279191546067973,,0.0,0.35279191546067973,1.0251103871
66420,0.35281300401357707,,0.0,0.35281300401357707,1.0218726337
66425,0.3528329859394187,,0.0,0.3528329859394187,1.0172992969
66430,0.3528519092575245,,0.0,0.3528519092575245,1.0162913221
66435,0.3528696784749287,,0.0,0.3528696784749287,1.0138940239
66440,0.35288600984110424,,0.0,0.35288600984110424,1.0143884386
66445,0.3529006616224289,,0.0,0.3529006616224289,1.014318392
66450,0.3529134526323681,,0.0,0.3529134526323681,1.0192477545
66455,0.35292429351678967,,0.0,0.35292429351678967,1.0200373161
66460,0.35293313202739934,,0.0,0.35293313202739934,1.0171321715
66465,0.3529398776959802,,0.0,0.3529398776959802,1.0128207755
66470,0.35294437507362564,,0.0,0.35294437507362564,1.0085761584
66475,0.35294656006636654,,0.0,0.35294656006636654,1.0042050787
66480,0.35294681103097536,,0.0,0.35294681103097536,0.99942557406
66485,0.3529456110709137,,0.0,0.3529456110709137,0.9952035659
66490,0.3529422068148902,,0.0,0.3529422068148902,0.9932079492
66495,0.35293661115445535,,0.0,0.35293661115445535,0.99524613282
66500,0.352928835230455,,0.0,0.352928835230455,0.99767040682
66505,0.3529188585119016,,0.0,0.3529188585119016,0.9978125069
66510,0.35290662561287495,,0.0,0.35290662561287495,0.99740557256
66515,0.3528921388979627,,0.0,0.3528921388979627,0.9948931095
66520,0.3528754831058039,,0.0,0.3528754831058039,0.99190642645
66525,0.3528567704178971,,0.0,0.3528567704178971,0.98950428134
66530,0.35283613368314676,,0.0,0.35283613368314676,0.98722793183
66535,0.3528139449376006,,0.0,0.3528139449376006,0.98732885146
66540,0.3527904895460718,,0.0,0.3527904895460718,0.98814278994
66545,0.3527660146307138,,0.0,0.3527660146307138,0.99206958834
66550,0.35274093081128005,,0.0,0.35274093081128005,0.99689470714
66555,0.35271555751174116,,0.0,0.35271555751174116,0.99911251873
66560,0.35268967248358746,,0.0,0.35268967248358746,1.0001641615
66565,0.3526630487946064,,0.0,0.3526630487946064,1.003820852
66570,0.3526355369983065,,0.0,0.3526355369983065,1.0062023967
66575,0.3526073047075792,,0.0,0.3526073047075792,1.0083421123
66580,0.3525785333590597,,0.0,0.3525785333590597,1.0093494567
66585,0.3525494434732897,,0.0,0.3525494434732897,1.0122911404
66590,0.3525203803255503,,0.0,0.3525203803255503,1.0165482903
66595,0.352491577896344,,0.0,0.352491577896344,1.0214371093
66600,0.35246321598528374,,0.0,0.35246321598528374,1.023500249
66605,0.3524353369730573,,0.0,0.3524353369730573,1.0265818911
66610,0.35240805010816484,,0.0,0.35240805010816484,1.0279804232
66615,0.35238178592746383,,0.0,0.35238178592746383,1.0265277118
66620,0.3523569059855121,,0.0,0.3523569059855121,1.0248568473
66625,0.35233347910545443,,0.0,0.35233347910545443,1.022489928
66630,0.3523114870072087,,0.0,0.3523114870072087,1.0209084755
66635,0.3522908790567667,,0.0,0.3522908790567667,1.0193001046
66640,0.35227156451307434,,0.0,0.35227156451307434,1.0195554917
66645,0.35225342228195633,,0.0,0.35225342228195633,1.0187875022
66650,0.35223634122778963,,0.0,0.35223634122778963,1.0132271602
66655,0.35222016212742185,,0.0,0.35222016212742185,1.0079422418
66660,0.3522048826390017,,0.0,0.3522048826390017,1.0035150663
66665,0.35219061571706584,,0.0,0.35219061571706584,1.0006436699
66670,0.3521775002584069,,0.0,0.3521775002584069,1.0006855381
66675,0.35216565144573075,,0.0,0.35216565144573075,0.99836542273
66680,0.3521551428313575,,0.0,0.3521551428313575,0.99708414721
66685,0.3521461002841108,,0.0,0.3521461002841108,0.99442682917
66690,0.35213879309415436,,0.0,0.35213879309415436,0.98955753166
66695,0.3521332778297021,,0.0,0.3521332778297021,0.98536946317
66700,0.35212948041549635,,0.0,0.35212948041549635,0.98372766263
66705,0.35212738682316563,,0.0,0.35212738682316563,0.9839059767
66710,0.35212703481790436,,0.0,0.35212703481790436,0.98559039043
66715,0.35212843338059857,,0.0,0.35212843338059857,0.9873058365
66720,0.35213149827281054,,0.0,0.35213149827281054,0.98801475612
66725,0.352136069953078,,0.0,0.352136069953078,0.98561314009
66730,0.3521425124314923,,0.0,0.3521425124314923,0.98188814152
66735,0.35215147574231376,,0.0,0.35215147574231376,0.97626723973
66740,0.35216216788507276,,0.0,0.35216216788507276,0.97016585788
66745,0.3521744479849083,,0.0,0.3521744479849083,0.96696916406
66750,0.35218812848908804,,0.0,0.35218812848908804,0.96509304048
66755,0.3522029551362223,,0.0,0.3522029551362223,0.966254824
66760,0.352218917922286,,0.0,0.352218917922286,0.97018183018
66765,0.3522359406575343,,0.0,0.3522359406575343,0.97212351563
66770,0.35225391473008666,,0.0,0.35225391473008666,0.97043670194
66775,0.3522730871938877,,0.0,0.3522730871938877,0.9722816089
66780,0.3522935923529729,,0.0,0.3522935923529729,0.97162681651
66785,0.35231559568301035,,0.0,0.35231559568301035,0.97054133656
66790,0.3523391917220361,,0.0,0.3523391917220361,0.96593275955
66795,0.352364314375276,,0.0,0.352364314375276,0.962688258
66800,0.352390934221802,,0.0,0.352390934221802,0.95903912097
66805,0.35241936124997036,,0.0,0.35241936124997036,0.95973599525
66810,0.3524492362925474,,0.0,0.3524492362925474,0.96279797092
66815,0.35248010773601385,,0.0,0.35248010773601385,0.967870564
66820,0.35251162273386094,,0.0,0.35251162273386094,0.9727828966
66825,0.35254355790075775,,0.0,0.35254355790075775,0.97704888166
66830,0.35257570447089187,,0.0,0.35257570447089187,0.97672529739
66835,0.3526081261971862,,0.0,0.3526081261971862,0.97696229373
66840,0.35264081025629956,,0.0,0.35264081025629956,0.97630298932
66845,0.3526735763256814,,0.0,0.3526735763256814,0.97576182322
66850,0.35270605136888167,,0.0,0.35270605136888167,0.9736996169
66855,0.3527378564152443,,0.0,0.3527378564152443,0.97047102153
66860,0.35276874793497004,,0.0,0.35276874793497004,0.97079596053
66865,0.3527985052256256,,0.0,0.3527985052256256,0.97181823539
66870,0.3528269650624487,,0.0,0.3528269650624487,0.97243992937
66875,0.35285413478930305,,0.0,0.35285413478930305,0.97161128408
66880,0.35288003129934914,,0.0,0.35288003129934914,0.97034434771
66885,0.352904391623148,,0.0,0.352904391623148,0.96973408382
66890,0.3529268270588559,,0.0,0.3529268270588559,0.97106057302
66895,0.3529469983790798,,0.0,0.3529469983790798,0.96899232147
66900,0.35296463961317337,,0.0,0.35296463961317337,0.96589890662
66905,0.35297947076211883,,0.0,0.35297947076211883,0.96021255224
66910,0.35299123617760475,,0.0,0.35299123617760475,0.95546997779
66915,0.352999855054393,,0.0,0.352999855054393,0.94768458698
66920,0.3530053534938941,,0.0,0.3530053534938941,0.93830651408
66925,0.3530077881325314,,0.0,0.3530077881325314,0.93224353231
66930,0.3530072144471708,,0.0,0.3530072144471708,0.92767600867
66935,0.35300371533480124,,0.0,0.35300371533480124,0.92588894746
66940,0.352997419460826,,0.0,0.352997419460826,0.92636700323
66945,0.35298839885422506,,0.0,0.35298839885422506,0.92680751528
66950,0.3529767470753684,,0.0,0.3529767470753684,0.92650900964
66955,0.35296263332869715,,0.0,0.35296263332869715,0.92730975895
66960,0.3529459097365326,,0.0,0.3529459097365326,0.92756535351
66965,0.35292653578257366,,0.0,0.35292653578257366,0.92722837201
66970,0.3529045218118914,,0.0,0.3529045218118914,0.92698042443
66975,0.3528799102961195,,0.0,0.3528799102961195,0.92424690327
66980,0.3528528875374869,,0.0,0.3528528875374869,0.92405626562
66985,0.3528236734653885,,0.0,0.3528236734653885,0.92571505166
66990,0.35279320527507496,,0.0,0.35279320527507496,0.92804133286
66995,0.3527616091764162,,0.0,0.3527616091764162,0.93108081711
67000,0.35272844071786535,,0.0,0.35272844071786535,0.9297951165
67005,0.3526939228072884,,0.0,0.3526939228072884,0.92348740532
67010,0.35265826102739906,,0.0,0.35265826102739906,0.91535455634
67015,0.35262169156413287,,0.0,0.35262169156413287,0.91417470702
67020,0.3525846215585706,,0.0,0.3525846215585706,0.91365425846
67025,0.3525474294584306,,0.0,0.3525474294584306,0.91190073535
67030,0.3525103900333539,,0.0,0.3525103900333539,0.91216177072
67035,0.35247378389624145,,0.0,0.35247378389624145,0.91299872882
67040,0.35243781997206086,,0.0,0.35243781997206086,0.9109100072
67045,0.352402961970107,,0.0,0.352402961970107,0.91103246517
67050,0.352369703952796,,0.0,0.352369703952796,0.91100177794
67055,0.35233839008132417,,0.0,0.35233839008132417,0.9108640726
67060,0.35230923523760105,,0.0,0.35230923523760105,0.91125338467
67065,0.35228271534037936,,0.0,0.35228271534037936,0.91095364291
67070,0.35225900189047843,,0.0,0.35225900189047843,0.9102488373
67075,0.3522378521993465,,0.0,0.3522378521993465,0.90950566275
67080,0.3522189512084055,,0.0,0.3522189512084055,0.91023970629
67085,0.35220208062528285,,0.0,0.35220208062528285,0.91074362971
67090,0.3521870553527796,,0.0,0.3521870553527796,0.91161537043
67095,0.35217372176090295,,0.0,0.35217372176090295,0.91271017906
67100,0.35216219575992425,,0.0,0.35216219575992425,0.91444511658
67105,0.352152508794313,,0.0,0.352152508794313,0.91475998246
67110,0.3521445729650677,,0.0,0.3521445729650677,0.91195179895
67115,0.35213821838565484,,0.0,0.35213821838565484,0.91053170564
67120,0.35213324295203313,,0.0,0.35213324295203313,0.90943115176
67125,0.3521294681150929,,0.0,0.3521294681150929,0.90677405657
67130,0.35212684783358267,,0.0,0.35212684783358267,0.90402416563
67135,0.3521253804022709,,0.0,0.3521253804022709,0.90332874263
67140,0.3521250815547607,,0.0,0.3521250815547607,0.90343786426
67145,0.35212618558986447,,0.0,0.35212618558986447,0.90471872811
67150,0.35212918104504837,,0.0,0.35212918104504837,0.90464195428
67155,0.35213424408209804,,0.0,0.35213424408209804,0.90333954043
67160,0.35214127968551234,,0.0,0.35214127968551234,0.90254725208
67165,0.3521501312013545,,0.0,0.3521501312013545,0.90005411531
67170,0.35216058497548164,,0.0,0.35216058497548164,0.89460043668
67175,0.3521724628225667,,0.0,0.3521724628225667,0.88767446941
67180,0.35218565572147364,,0.0,0.35218565572147364,0.88376511053
67185,0.3522001181766252,,0.0,0.3522001181766252,0.87981979018
67190,0.352215828315585,,0.0,0.352215828315585,0.87701583175
67195,0.35223279518744827,,0.0,0.35223279518744827,0.87711268927
67200,0.352251029660224,,0.0,0.352251029660224,0.87582039341
67205,0.3522705242991027,,0.0,0.3522705242991027,0.87607135598
67210,0.3522912687135402,,0.0,0.3522912687135402,0.87761936618
67215,0.35231322754840283,,0.0,0.35231322754840283,0.87859661876
67220,0.35233638975379017,,0.0,0.35233638975379017,0.88001551796
67225,0.3523603576469722,,0.0,0.3523603576469722,0.88273953316
67230,0.3523848208530736,,0.0,0.3523848208530736,0.88700253668
67235,0.3524094872090917,,0.0,0.3524094872090917,0.88968416456
67240,0.352434115186032,,0.0,0.352434115186032,0.89061824561
67245,0.3524585300999764,,0.0,0.3524585300999764,0.89132039399
67250,0.35248266901651304,,0.0,0.35248266901651304,0.8887510391
67255,0.35250642582476777,,0.0,0.35250642582476777,0.89055284373
67260,0.35252975184606433,,0.0,0.35252975184606433,0.89363815934
67265,0.3525532812446418,,0.0,0.3525532812446418,0.894385147
67270,0.35257720864425907,,0.0,0.35257720864425907,0.89430168024
67275,0.35260087443862276,,0.0,0.35260087443862276,0.89002466216
67280,0.3526242896548967,,0.0,0.3526242896548967,0.88460953584
67285,0.3526474693218549,,0.0,0.3526474693218549,0.87999626016
67290,0.3526703918853708,,0.0,0.3526703918853708,0.87718688176
67295,0.35269295062068673,,0.0,0.35269295062068673,0.87452547274
67300,0.35271505037588324,,0.0,0.35271505037588324,0.8717164506
67305,0.3527366597519636,,0.0,0.3527366597519636,0.86829632336
67310,0.3527577612191478,,0.0,0.3527577612191478,0.86375553009
67315,0.35277821960941613,,0.0,0.35277821960941613,0.85976723171
67320,0.35279818282318376,,0.0,0.35279818282318376,0.85830652577
67325,0.35281778634677996,,0.0,0.35281778634677996,0.85702021908
67330,0.35283698523030155,,0.0,0.35283698523030155,0.85718320038
67335,0.35285567356750214,,0.0,0.35285567356750214,0.85782570132
67340,0.3528740202217763,,0.0,0.3528740202217763,0.85599686217
67345,0.35289171916090495,,0.0,0.35289171916090495,0.85284932085
67350,0.35290830556150854,,0.0,0.35290830556150854,0.85083944499
67355,0.3529232813822973,,0.0,0.3529232813822973,0.84940133678
67360,0.3529362244079436,,0.0,0.3529362244079436,0.84937870623
67365,0.35294676878670617,,0.0,0.35294676878670617,0.84985518321
67370,0.3529546976131339,,0.0,0.3529546976131339,0.84760917281
67375,0.3529600707749584,,0.0,0.3529600707749584,0.84567477091
67380,0.3529628505524581,,0.0,0.3529628505524581,0.84191282201
67385,0.35296297678506433,,0.0,0.35296297678506433,0.8392158855
67390,0.35296027069630337,,0.0,0.35296027069630337,0.83796777051
67395,0.3529545443241874,,0.0,0.3529545443241874,0.8380633784
67400,0.35294578589125053,,0.0,0.35294578589125053,0.83839572067
67405,0.3529339755258613,,0.0,0.3529339755258613,0.83936016705
67410,0.3529192356636439,,0.0,0.3529192356636439,0.84131324189
67415,0.35290196335070845,,0.0,0.35290196335070845,0.84172992863
67420,0.3528825152078095,,0.0,0.3528825152078095,0.83913205877
67425,0.35286095748887636,,0.0,0.35286095748887636,0.83906195007
67430,0.35283731945568203,,0.0,0.35283731945568203,0.84046345876
67435,0.35281175032735396,,0.0,0.35281175032735396,0.83953392579
67440,0.3527842841857863,,0.0,0.3527842841857863,0.83664945887
67445,0.35275497398410227,,0.0,0.35275497398410227,0.83214070653
67450,0.35272402330421054,,0.0,0.35272402330421054,0.82858491607
67455,0.3526915871857621,,0.0,0.3526915871857621,0.82610628374
67460,0.3526579703422637,,0.0,0.3526579703422637,0.82728058335
67465,0.3526236813192314,,0.0,0.3526236813192314,0.82731279598
67470,0.35258918919175525,,0.0,0.35258918919175525,0.82597305318
67475,0.3525548501258616,,0.0,0.3525548501258616,0.8248982927
67480,0.3525209135855553,,0.0,0.3525209135855553,0.82554216754
67485,0.35248756114389024,,0.0,0.35248756114389024,0.82954796733
67490,0.3524549668254283,,0.0,0.3524549668254283,0.83117680312
67495,0.3524233899390449,,0.0,0.3524233899390449,0.83248115166
67500,0.35239275572738926,,0.0,0.35239275572738926,0.83291305593
67505,0.35236307535404404,,0.0,0.35236307535404404,0.83438911728
67510,0.35233439381438525,,0.0,0.35233439381438525,0.83652692213
67515,0.3523067313665635,,0.0,0.3523067313665635,0.84042532024
67520,0.35228012436611505,,0.0,0.35228012436611505,0.84414868291
67525,0.35225519826922985,,0.0,0.35225519826922985,0.844232262
67530,0.3522323970045171,,0.0,0.3522323970045171,0.84221477744
67535,0.35221107699485965,,0.0,0.35221107699485965,0.83788033309
67540,0.3521912260080633,,0.0,0.3521912260080633,0.83365028469
67545,0.35217290893387215,,0.0,0.35217290893387215,0.83098400995
67550,0.3521561513734955,,0.0,0.3521561513734955,0.82655007901
67555,0.35214093459212287,,0.0,0.35214093459212287,0.82005080522
67560,0.35212732541209407,,0.0,0.35212732541209407,0.81363956765
67565,0.35211539493019567,,0.0,0.35211539493019567,0.80783231964
67570,0.3521051477164483,,0.0,0.3521051477164483,0.80062588222
67575,0.35209690189884674,,0.0,0.35209690189884674,0.79424950654
67580,0.35209091426252337,,0.0,0.35209091426252337,0.79239829411
67585,0.352087375088581,,0.0,0.352087375088581,0.79298756854
67590,0.3520864146339723,,0.0,0.3520864146339723,0.79361509724
67595,0.3520882845453987,,0.0,0.3520882845453987,0.79389440645
67600,0.3520931666460144,,0.0,0.3520931666460144,0.79479339964
67605,0.352100667436591,,0.0,0.352100667436591,0.79553673244
67610,0.3521104563977844,,0.0,0.3521104563977844,0.79480594114
67615,0.35212223761508255,,0.0,0.35212223761508255,0.79534490697
67620,0.35213575309832273,,0.0,0.35213575309832273,0.79675323212
67625,0.3521509317734547,,0.0,0.3521509317734547,0.79695963286
67630,0.35216792181373036,,0.0,0.35216792181373036,0.79602879457
67635,0.3521867205589886,,0.0,0.3521867205589886,0.79632084769
67640,0.3522072310838691,,0.0,0.3522072310838691,0.79654566157
67645,0.3522292141557558,,0.0,0.3522292141557558,0.79675086752
67650,0.3522523784301574,,0.0,0.3522523784301574,0.79715353018
67655,0.35227647114628774,,0.0,0.35227647114628774,0.79943398591
67660,0.3523013232588608,,0.0,0.3523013232588608,0.80240356784
67665,0.35232683120348146,,0.0,0.35232683120348146,0.8043959629
67670,0.3523529078541867,,0.0,0.3523529078541867,0.80632979982
67675,0.3523795549616808,,0.0,0.3523795549616808,0.80871361429
67680,0.3524068388708386,,0.0,0.3524068388708386,0.8100421082
67685,0.3524347566259255,,0.0,0.3524347566259255,0.81124915572
67690,0.3524630933677683,,0.0,0.3524630933677683,0.81196725929
67695,0.35249159908668787,,0.0,0.35249159908668787,0.81315199706
67700,0.35251994758326,,0.0,0.35251994758326,0.81105085454
67705,0.352547931751431,,0.0,0.352547931751431,0.8085903777
67710,0.35257546974008724,,0.0,0.35257546974008724,0.80599342437
67715,0.35260250636793633,,0.0,0.35260250636793633,0.80131825166
67720,0.3526289908872879,,0.0,0.3526289908872879,0.79977069012
67725,0.3526548900574951,,0.0,0.3526548900574951,0.80051403824
67730,0.35268024657755564,,0.0,0.35268024657755564,0.80041040599
67735,0.35270508588952404,,0.0,0.35270508588952404,0.79851679223
67740,0.3527293645441007,,0.0,0.3527293645441007,0.79665114327
67745,0.3527529503062644,,0.0,0.3527529503062644,0.79555861939
67750,0.3527757989536774,,0.0,0.3527757989536774,0.7958095227
67755,0.35279782358774076,,0.0,0.35279782358774076,0.7981772809
67760,0.352818726702393,,0.0,0.352818726702393,0.79801746137
67765,0.3528383326815226,,0.0,0.3528383326815226,0.79993123512
67770,0.35285648309775197,,0.0,0.35285648309775197,0.80686304474
67775,0.35287294829049815,,0.0,0.35287294829049815,0.81342970743
67780,0.3528875295207102,,0.0,0.3528875295207102,0.81818402691
67785,0.35290023977088397,,0.0,0.35290023977088397,0.81830929804
67790,0.352911890003664,,0.0,0.352911890003664,0.81688413107
67795,0.3529218033103408,,0.0,0.3529218033103408,0.81441943049
67800,0.35292964864863274,,0.0,0.35292964864863274,0.81095571584
67805,0.3529353012865372,,0.0,0.3529353012865372,0.80755350324
67810,0.35293860102323593,,0.0,0.35293860102323593,0.80347782758
67815,0.3529393867484536,,0.0,0.3529393867484536,0.80028152782
67820,0.3529375829772743,,0.0,0.3529375829772743,0.79913567639
67825,0.3529332044883713,,0.0,0.3529332044883713,0.7983396152
67830,0.3529262799296344,,0.0,0.3529262799296344,0.7969637063
67835,0.3529168500219926,,0.0,0.3529168500219926,0.79289449843
67840,0.3529052002666775,,0.0,0.3529052002666775,0.79121037921
67845,0.35289156912326647,,0.0,0.35289156912326647,0.79316126953
67850,0.35287615771813485,,0.0,0.35287615771813485,0.79487626629
67855,0.35285920205532695,,0.0,0.35285920205532695,0.79647816497
67860,0.3528411742793494,,0.0,0.3528411742793494,0.80092599315
67865,0.35282188642821466,,0.0,0.35282188642821466,0.80491152545
67870,0.35280112316528456,,0.0,0.35280112316528456,0.80792636827
67875,0.35277877949376957,,0.0,0.35277877949376957,0.81218618561
67880,0.3527548905869121,,0.0,0.3527548905869121,0.81672146371
67885,0.35272945048777,,0.0,0.35272945048777,0.8220900118
67890,0.352702589726133,,0.0,0.352702589726133,0.82694010958
67895,0.3526746529406622,,0.0,0.3526746529406622,0.82881610615
67900,0.3526457750038036,,0.0,0.3526457750038036,0.83154545378
67905,0.352616185780768,,0.0,0.352616185780768,0.83709512865
67910,0.3525862289098137,,0.0,0.3525862289098137,0.84237630215
67915,0.35255603990000683,,0.0,0.35255603990000683,0.84976318849
67920,0.3525256271865592,,0.0,0.3525256271865592,0.85781703028
67925,0.35249508023728526,,0.0,0.35249508023728526,0.8623319555
67930,0.35246463078178214,,0.0,0.35246463078178214,0.86222596059
67935,0.35243461586474656,,0.0,0.35243461586474656,0.86131817357
67940,0.35240554432726795,,0.0,0.35240554432726795,0.86144655022
67945,0.35237783781626336,,0.0,0.35237783781626336,0.86198470154
67950,0.35235160637600776,,0.0,0.35235160637600776,0.8650814272
67955,0.35232687117410866,,0.0,0.35232687117410866,0.86460541038
67960,0.3523036317331011,,0.0,0.3523036317331011,0.86218197113
67965,0.35228176857309573,,0.0,0.35228176857309573,0.86062689882
67970,0.3522612203284937,,0.0,0.3522612203284937,0.86140307941
67975,0.3522420675999057,,0.0,0.3522420675999057,0.86279626611
67980,0.352224374390355,,0.0,0.352224374390355,0.86476471571
67985,0.3522081887418981,,0.0,0.3522081887418981,0.86094034674
67990,0.3521935415760668,,0.0,0.3521935415760668,0.85574666309
67995,0.35218046804336717,,0.0,0.35218046804336717,0.85285436511
68000,0.35216904651624037,,0.0,0.35216904651624037,0.8525969782
68005,0.3521593040282904,,0.0,0.3521593040282904,0.85391330471
68010,0.35215116832317295,,0.0,0.35215116832317295,0.85440826227
68015,0.35214470231256356,,0.0,0.35214470231256356,0.85403191402
68020,0.35213985645380197,,0.0,0.35213985645380197,0.85448760226
68025,0.35213643232614705,,0.0,0.35213643232614705,0.86188100721
68030,0.3521343475328111,,0.0,0.3521343475328111,0.87087631033
68035,0.35213355782871986,,0.0,0.35213355782871986,0.87645359362
68040,0.35213405532433556,,0.0,0.35213405532433556,0.88073328362
68045,0.35213582308102487,,0.0,0.35213582308102487,0.88390062567
68050,0.3521392416155204,,0.0,0.3521392416155204,0.88491154048
68055,0.3521450427222504,,0.0,0.3521450427222504,0.88315792847
68060,0.3521523492755871,,0.0,0.3521523492755871,0.88169625437
68065,0.35216108601797885,,0.0,0.35216108601797885,0.88307629038
68070,0.35217129164681327,,0.0,0.35217129164681327,0.88399637325
68075,0.35218296450233166,,0.0,0.35218296450233166,0.8827774933
68080,0.352195997405048,,0.0,0.352195997405048,0.88181059639
68085,0.3522103096861426,,0.0,0.3522103096861426,0.88071788264
68090,0.35222589809430727,,0.0,0.35222589809430727,0.87737747464
68095,0.3522428003947365,,0.0,0.3522428003947365,0.87425278106
68100,0.35226092668762377,,0.0,0.35226092668762377,0.86969402191
68105,0.3522804358096023,,0.0,0.3522804358096023,0.86881543092
68110,0.3523014660435812,,0.0,0.3523014660435812,0.86946677156
68115,0.3523241074939947,,0.0,0.3523241074939947,0.86961835757
68120,0.3523482953165717,,0.0,0.3523482953165717,0.86919064445
68125,0.35237423661736605,,0.0,0.35237423661736605,0.87061267121
68130,0.3524016033325671,,0.0,0.3524016033325671,0.87355176603
68135,0.3524299139729992,,0.0,0.3524299139729992,0.87751497407
68140,0.35245875662293324,,0.0,0.35245875662293324,0.8835683143
68145,0.35248776761332423,,0.0,0.35248776761332423,0.88939420446
68150,0.3525166313626565,,0.0,0.3525166313626565,0.89509287123
68155,0.35254526501941386,,0.0,0.35254526501941386,0.89851943179
68160,0.35257380570694796,,0.0,0.35257380570694796,0.9014458997
68165,0.3526022606099678,,0.0,0.3526022606099678,0.90486240415
68170,0.35263054510351644,,0.0,0.35263054510351644,0.90984876973
68175,0.3526584687928091,,0.0,0.3526584687928091,0.91804884344
68180,0.35268575265649404,,0.0,0.35268575265649404,0.92356423402
68185,0.35271221487141713,,0.0,0.35271221487141713,0.92919569401
68190,0.352737763059502,,0.0,0.352737763059502,0.93275576758
68195,0.35276227369377644,,0.0,0.35276227369377644,0.93349508554
68200,0.3527858022056335,,0.0,0.3527858022056335,0.93351919771
68205,0.35280861756692694,,0.0,0.35280861756692694,0.93347491033
68210,0.3528307401949624,,0.0,0.3528307401949624,0.9354139933
68215,0.3528518789498761,,0.0,0.3528518789498761,0.93614682996
68220,0.3528717218425067,,0.0,0.3528717218425067,0.9343233582
68225,0.352889956133391,,0.0,0.352889956133391,0.9334148554
68230,0.3529061802291349,,0.0,0.3529061802291349,0.93612199589
68235,0.3529200689989259,,0.0,0.3529200689989259,0.93708161258
68240,0.35293148065844626,,0.0,0.35293148065844626,0.93511393166
68245,0.35294032605819126,,0.0,0.35294032605819126,0.92909907213
68250,0.3529465637951395,,0.0,0.3529465637951395,0.920617117
68255,0.3529501813415231,,0.0,0.3529501813415231,0.90887270199
68260,0.3529511954768205,,0.0,0.3529511954768205,0.90025348308
68265,0.35294970233061723,,0.0,0.35294970233061723,0.89492444953
68270,0.3529457770467829,,0.0,0.3529457770467829,0.89054339476
68275,0.35293941159936115,,0.0,0.35293941159936115,0.88920572805
68280,0.35293061683362437,,0.0,0.35293061683362437,0.89248726993
68285,0.35291954537916315,,0.0,0.35291954537916315,0.89779717916
68290,0.3529060288045748,,0.0,0.3529060288045748,0.90321893584
68295,0.3528900168168972,,0.0,0.3528900168168972,0.90688989442
68300,0.35287155309279417,,0.0,0.35287155309279417,0.90915665128
68305,0.35285072471275597,,0.0,0.35285072471275597,0.91281349955
68310,0.35282755525445053,,0.0,0.35282755525445053,0.91600962208
68315,0.3528021782716116,,0.0,0.3528021782716116,0.91858905333
68320,0.35277555012629214,,0.0,0.35277555012629214,0.91933316963
68325,0.3527478375901361,,0.0,0.3527478375901361,0.91956362268
68330,0.35271865789550544,,0.0,0.35271865789550544,0.92087523112
68335,0.3526882349051958,,0.0,0.3526882349051958,0.92569116198
68340,0.3526567340948751,,0.0,0.3526567340948751,0.93151372261
68345,0.35262417799633594,,0.0,0.35262417799633594,0.93981152381
68350,0.3525908104576877,,0.0,0.3525908104576877,0.94238376878
68355,0.3525570956202172,,0.0,0.3525570956202172,0.94147553182
68360,0.3525234550171594,,0.0,0.3525234550171594,0.93801545714
68365,0.3524901137390768,,0.0,0.3524901137390768,0.9356296973
68370,0.35245738329766574,,0.0,0.35245738329766574,0.93270994299
68375,0.3524257802416623,,0.0,0.3524257802416623,0.93217436553
68380,0.35239565705379255,,0.0,0.35239565705379255,0.93392045063
68385,0.35236723432280764,,0.0,0.35236723432280764,0.93620109281
68390,0.35234085709662416,,0.0,0.35234085709662416,0.93815876136
68395,0.3523168473684285,,0.0,0.3523168473684285,0.938288606
68400,0.35229495606073463,,0.0,0.35229495606073463,0.93874356723
68405,0.3522748732306591,,0.0,0.3522748732306591,0.94299752787
68410,0.35225635746288964,,0.0,0.35225635746288964,0.94655564469
68415,0.35223926917854126,,0.0,0.35223926917854126,0.94863173969
68420,0.3522235007433995,,0.0,0.3522235007433995,0.94839349644
68425,0.352209242006575,,0.0,0.352209242006575,0.94906739569
68430,0.3521965776839705,,0.0,0.3521965776839705,0.95458723702
68435,0.3521855235546616,,0.0,0.3521855235546616,0.96170664501
68440,0.35217597846431387,,0.0,0.35217597846431387,0.96749334745
68445,0.35216773619359387,,0.0,0.35216773619359387,0.96946666256
68450,0.3521606654851464,,0.0,0.3521606654851464,0.97069711168
68455,0.35215478305024045,,0.0,0.35215478305024045,0.97097068857
68460,0.35215010753274084,,0.0,0.35215010753274084,0.96882759536
68465,0.3521466440256057,,0.0,0.3521466440256057,0.96945640817
68470,0.35214442013084946,,0.0,0.35214442013084946,0.96956263591
68475,0.35214367221629905,,0.0,0.35214367221629905,0.96930985772
68480,0.35214470940632675,,0.0,0.35214470940632675,0.96792082543
68485,0.35214755084499855,,0.0,0.35214755084499855,0.96721199736
68490,0.35215209524156155,,0.0,0.35215209524156155,0.96890629655
68495,0.3521581407875477,,0.0,0.3521581407875477,0.97021229943
68500,0.35216548362821143,,0.0,0.35216548362821143,0.97295960158
68505,0.3521740518482549,,0.0,0.3521740518482549,0.97378998769
68510,0.35218388189416006,,0.0,0.35218388189416006,0.9737162693
68515,0.35219504397599316,,0.0,0.35219504397599316,0.97035346645
68520,0.3522075924110627,,0.0,0.3522075924110627,0.96446617046
68525,0.3522215515046022,,0.0,0.3522215515046022,0.95813512417
68530,0.3522369800984676,,0.0,0.3522369800984676,0.95664889749
68535,0.3522539143435675,,0.0,0.3522539143435675,0.95647561042
68540,0.3522722821654491,,0.0,0.3522722821654491,0.96161526329
68545,0.3522919063564515,,0.0,0.3522919063564515,0.96663281973
68550,0.3523127085896062,,0.0,0.3523127085896062,0.9721699905
68555,0.35233454164659095,,0.0,0.35233454164659095,0.97748354116
68560,0.35235707009699485,,0.0,0.35235707009699485,0.98270082276
68565,0.3523800517069946,,0.0,0.3523800517069946,0.98619752701
68570,0.3524033051081643,,0.0,0.3524033051081643,0.98887626062
68575,0.3524265704232183,,0.0,0.3524265704232183,0.99064151978
68580,0.35244968267668997,,0.0,0.35244968267668997,0.99211900559
68585,0.35247284856537736,,0.0,0.35247284856537736,0.99439419638
68590,0.3524967595265627,,0.0,0.3524967595265627,0.99550548454
68595,0.35252062801611456,,0.0,0.35252062801611456,0.99718494166
68600,0.35254444334791546,,0.0,0.35254444334791546,0.99972756279
68605,0.35256822211955235,,0.0,0.35256822211955235,1.0053624616
68610,0.3525918859358474,,0.0,0.3525918859358474,1.0083221225
68615,0.3526153655416641,,0.0,0.3526153655416641,1.0101079881
68620,0.35263866632553403,,0.0,0.35263866632553403,1.0092215692
68625,0.3526618248476212,,0.0,0.3526618248476212,1.00722374
68630,0.3526847927930323,,0.0,0.3526847927930323,1.0042227611
68635,0.352707647215496,,0.0,0.352707647215496,1.001840727
68640,0.352730627324892,,0.0,0.352730627324892,0.9992121463
68645,0.3527537759111635,,0.0,0.3527537759111635,0.99650589768
68650,0.35277702144553175,,0.0,0.35277702144553175,0.99357630073
68655,0.3528003147263829,,0.0,0.3528003147263829,0.99223618423
68660,0.3528237581812911,,0.0,0.3528237581812911,0.99294363373
68665,0.35284685438284985,,0.0,0.35284685438284985,0.99663652976
68670,0.35286900386259784,,0.0,0.35286900386259784,0.99905035864
68675,0.3528896409383945,,0.0,0.3528896409383945,0.99903586069
68680,0.3529083192260972,,0.0,0.3529083192260972,0.99853829619
68685,0.3529247273959009,,0.0,0.3529247273959009,0.99677043495
68690,0.35293884091520805,,0.0,0.35293884091520805,0.99394499877
68695,0.3529505608805895,,0.0,0.3529505608805895,0.99518454411
68700,0.35295974712201345,,0.0,0.35295974712201345,0.99934675123
68705,0.3529661473788949,,0.0,0.3529661473788949,1.0042964828
68710,0.35296943627032107,,0.0,0.35296943627032107,1.0085384374
68715,0.3529694131473815,,0.0,0.3529694131473815,1.0136563569
68720,0.35296606243562817,,0.0,0.35296606243562817,1.0170508265
68725,0.35295938072459804,,0.0,0.35295938072459804,1.0209831178
68730,0.3529493971169092,,0.0,0.3529493971169092,1.0225397234
68735,0.352936181004117,,0.0,0.352936181004117,1.0205148943
68740,0.3529198253781809,,0.0,0.3529198253781809,1.0245400063
68745,0.3529006138986824,,0.0,0.3529006138986824,1.030413309
68750,0.3528789813087167,,0.0,0.3528789813087167,1.0312624461
68755,0.35285517952782236,,0.0,0.35285517952782236,1.0304736207
68760,0.35282933688035634,,0.0,0.35282933688035634,1.0302768031
68765,0.3528016313470178,,0.0,0.3528016313470178,1.030852325
68770,0.3527722902920113,,0.0,0.3527722902920113,1.0339039203
68775,0.3527416386415212,,0.0,0.3527416386415212,1.036738163
68780,0.3527099939323955,,0.0,0.3527099939323955,1.0377188528
68785,0.3526776072201887,,0.0,0.3526776072201887,1.0380571022
68790,0.3526446266326799,,0.0,0.3526446266326799,1.0369620372
68795,0.3526114212501823,,0.0,0.3526114212501823,1.0343223562
68800,0.3525784312952683,,0.0,0.3525784312952683,1.0340329312
68805,0.35254585743958483,,0.0,0.35254585743958483,1.0338925875
68810,0.3525136919527489,,0.0,0.3525136919527489,1.0369929975
68815,0.35248198292228977,,0.0,0.35248198292228977,1.0402146686
68820,0.3524508608779972,,0.0,0.3524508608779972,1.0442014924
68825,0.3524202365112117,,0.0,0.3524202365112117,1.0495284904
68830,0.3523901432672077,,0.0,0.3523901432672077,1.0501409377
68835,0.35236066356550927,,0.0,0.35236066356550927,1.0477778527
68840,0.35233178112683944,,0.0,0.35233178112683944,1.0460673858
68845,0.35230349856588655,,0.0,0.35230349856588655,1.0443684244
68850,0.3522763684458766,,0.0,0.3522763684458766,1.0414529174
68855,0.35225122919504975,,0.0,0.35225122919504975,1.0380069512
68860,0.3522275510548098,,0.0,0.3522275510548098,1.0328876627
68865,0.35220549215696084,,0.0,0.35220549215696084,1.0309652579
68870,0.35218513944557467,,0.0,0.35218513944557467,1.0317948909
68875,0.3521665412810176,,0.0,0.3521665412810176,1.0332809038
68880,0.3521497626439791,,0.0,0.3521497626439791,1.032776594
68885,0.3521348999368821,,0.0,0.3521348999368821,1.0292532201
68890,0.352121950704193,,0.0,0.352121950704193,1.0243764972
68895,0.3521111897155529,,0.0,0.3521111897155529,1.0192424298
68900,0.352102907110423,,0.0,0.352102907110423,1.0125551416
68905,0.3520973296391245,,0.0,0.3520973296391245,1.0084452897
68910,0.35209451964492205,,0.0,0.35209451964492205,1.0068992692
68915,0.3520945830795351,,0.0,0.3520945830795351,1.0081514309
68920,0.3520977834808129,,0.0,0.3520977834808129,1.0092015603
68925,0.3521037572933926,,0.0,0.3521037572933926,1.0090606326
68930,0.35211206013393664,,0.0,0.35211206013393664,1.0072345869
68935,0.3521223401790752,,0.0,0.3521223401790752,1.0070801593
68940,0.3521342847120814,,0.0,0.3521342847120814,1.0099985262
68945,0.3521477062939051,,0.0,0.3521477062939051,1.0098600736
68950,0.3521627004629852,,0.0,0.3521627004629852,1.0068744388
68955,0.3521792924112754,,0.0,0.3521792924112754,1.0029240103
68960,0.3521973877598944,,0.0,0.3521973877598944,1.0013771109
68965,0.35221681202955185,,0.0,0.35221681202955185,1.0050931982
68970,0.35223729470231724,,0.0,0.35223729470231724,1.0098050984
68975,0.35225857931136806,,0.0,0.35225857931136806,1.0144988599
68980,0.3522804978345572,,0.0,0.3522804978345572,1.0204280815
68985,0.35230302203325053,,0.0,0.35230302203325053,1.0209747063
68990,0.35232615975151305,,0.0,0.35232615975151305,1.0205027673
68995,0.3523500241257728,,0.0,0.3523500241257728,1.0202286483
69000,0.35237478347375045,,0.0,0.35237478347375045,1.0183913229
69005,0.35240039696083486,,0.0,0.35240039696083486,1.02272149
69010,0.3524266074381108,,0.0,0.3524266074381108,1.028582428
69015,0.35245311089690057,,0.0,0.35245311089690057,1.0294095225
69020,0.35247951349692924,,0.0,0.35247951349692924,1.028430669
69025,0.3525055464254979,,0.0,0.3525055464254979,1.0281799126
69030,0.35253106785281596,,0.0,0.35253106785281596,1.0290586507
69035,0.3525559507959751,,0.0,0.3525559507959751,1.0293879347
69040,0.35258009962559106,,0.0,0.35258009962559106,1.0321301679
69045,0.3526035019275782,,0.0,0.3526035019275782,1.0357164788
69050,0.35262616611441217,,0.0,0.35262616611441217,1.0414682385
69055,0.35264815359716456,,0.0,0.35264815359716456,1.0432799864
69060,0.3526694648078273,,0.0,0.3526694648078273,1.0397359737
69065,0.35269012573412895,,0.0,0.35269012573412895,1.0345423754
69070,0.35271009108512,,0.0,0.35271009108512,1.0343918403
69075,0.3527291195136976,,0.0,0.3527291195136976,1.0353796394
69080,0.3527470775570736,,0.0,0.3527470775570736,1.0359294985
69085,0.3527638923222841,,0.0,0.3527638923222841,1.0373796028
69090,0.35277951851837963,,0.0,0.35277951851837963,1.0417143786
69095,0.35279389900873553,,0.0,0.35279389900873553,1.0450559329
69100,0.35280703972755756,,0.0,0.35280703972755756,1.0438418998
69105,0.3528190575855197,,0.0,0.3528190575855197,1.0412400469
69110,0.3528308610845099,,0.0,0.3528308610845099,1.0371864019
69115,0.35284170565223155,,0.0,0.35284170565223155,1.0315879701
69120,0.35285128011803446,,0.0,0.35285128011803446,1.0268392829
69125,0.35285954919499424,,0.0,0.35285954919499424,1.0218450541
69130,0.3528664688654007,,0.0,0.3528664688654007,1.0188171059
69135,0.3528719859260301,,0.0,0.3528719859260301,1.0166370935
69140,0.3528759536587614,,0.0,0.3528759536587614,1.0168486925
69145,0.35287823484929715,,0.0,0.35287823484929715,1.0173980232
69150,0.35287875176181593,,0.0,0.35287875176181593,1.015279757
69155,0.352877506738169,,0.0,0.352877506738169,1.0115667684
69160,0.3528744411411279,,0.0,0.3528744411411279,1.0072712695
69165,0.3528696848183901,,0.0,0.3528696848183901,1.0051338884
69170,0.35286345465266994,,0.0,0.35286345465266994,1.0022676174
69175,0.35285589538401996,,0.0,0.35285589538401996,1.0000262892
69180,0.3528471109178817,,0.0,0.3528471109178817,1.001331391
69185,0.3528374847949315,,0.0,0.3528374847949315,1.0039891003
69190,0.3528268635670679,,0.0,0.3528268635670679,1.0105059933
69195,0.3528149163056912,,0.0,0.3528149163056912,1.0130248609
69200,0.3528013741753662,,0.0,0.3528013741753662,1.0140066433
69205,0.3527861095110922,,0.0,0.3527861095110922,1.013989223
69210,0.3527690656537093,,0.0,0.3527690656537093,1.0174252938
69215,0.352750160479267,,0.0,0.352750160479267,1.0196747819
69220,0.3527296322881878,,0.0,0.3527296322881878,1.0202650244
69225,0.35270770855835837,,0.0,0.35270770855835837,1.0219385684
69230,0.352684518660011,,0.0,0.352684518660011,1.0269000304
69235,0.3526600967205127,,0.0,0.3526600967205127,1.0322391997
69240,0.35263463499903475,,0.0,0.35263463499903475,1.0348304975
69245,0.35260838896199725,,0.0,0.35260838896199725,1.0352109063
69250,0.35258165745691045,,0.0,0.35258165745691045,1.0372654302
69255,0.35255495782828516,,0.0,0.35255495782828516,1.0377797711
69260,0.35252867432162677,,0.0,0.35252867432162677,1.0404377776
69265,0.352502905772155,,0.0,0.352502905772155,1.0402198099
69270,0.35247768901287085,,0.0,0.35247768901287085,1.0380904232
69275,0.3524530223158065,,0.0,0.3524530223158065,1.0385757182
69280,0.35242890245239017,,0.0,0.35242890245239017,1.0400319688
69285,0.35240528495018353,,0.0,0.35240528495018353,1.0416638138
69290,0.35238209873513626,,0.0,0.35238209873513626,1.0374520542
69295,0.35235932313984214,,0.0,0.35235932313984214,1.0312031055
69300,0.3523371320524447,,0.0,0.3523371320524447,1.0274701742
69305,0.3523157331246719,,0.0,0.3523157331246719,1.0239560061
69310,0.352295346035818,,0.0,0.352295346035818,1.0244155925
69315,0.3522761240520933,,0.0,0.3522761240520933,1.0232127654
69320,0.352258169237289,,0.0,0.352258169237289,1.0235171182
69325,0.3522417327606418,,0.0,0.3522417327606418,1.0215737456
69330,0.35222697871089803,,0.0,0.35222697871089803,1.0182678107
69335,0.3522138023413687,,0.0,0.3522138023413687,1.0123975311
69340,0.3522021428093927,,0.0,0.3522021428093927,1.0106120046
69345,0.352191983290019,,0.0,0.352191983290019,1.0095945265
69350,0.3521833299448174,,0.0,0.3521833299448174,1.0114108985
69355,0.3521761714510506,,0.0,0.3521761714510506,1.0113166405
69360,0.3521703982419085,,0.0,0.3521703982419085,1.0124107909
69365,0.35216595806909684,,0.0,0.35216595806909684,1.0115840827
69370,0.35216335718175323,,0.0,0.35216335718175323,1.0071593693
69375,0.3521631222690572,,0.0,0.3521631222690572,1.0012312174
69380,0.35216448954643687,,0.0,0.35216448954643687,0.99419621645
69385,0.3521673572684108,,0.0,0.3521673572684108,0.98838677134
69390,0.3521716170731991,,0.0,0.3521716170731991,0.98424520315
69395,0.3521770401414664,,0.0,0.3521770401414664,0.98467557326
69400,0.3521836087615413,,0.0,0.3521836087615413,0.98531805902
69405,0.35219129464931664,,0.0,0.35219129464931664,0.98614638739
69410,0.35219995667983084,,0.0,0.35219995667983084,0.98589793719
69415,0.3522098171470665,,0.0,0.3522098171470665,0.98584310879
69420,0.3522211711924974,,0.0,0.3522211711924974,0.98498611101
69425,0.352234232174693,,0.0,0.352234232174693,0.9817856484
69430,0.35224919305765356,,0.0,0.35224919305765356,0.97688578212
69435,0.3522662108590986,,0.0,0.3522662108590986,0.97164642765
69440,0.3522853233442225,,0.0,0.3522853233442225,0.96758723777
69445,0.35230682408568603,,0.0,0.35230682408568603,0.96703300387
69450,0.35233048349111556,,0.0,0.35233048349111556,0.96838394996
69455,0.35235589394196537,,0.0,0.35235589394196537,0.97385710034
69460,0.35238265286717524,,0.0,0.35238265286717524,0.97988693335
69465,0.3524103652896491,,0.0,0.3524103652896491,0.98583308834
69470,0.3524387415019178,,0.0,0.3524387415019178,0.98849552252
69475,0.3524676860337519,,0.0,0.3524676860337519,0.9887295112
69480,0.35249722735114963,,0.0,0.35249722735114963,0.9892346285
69485,0.35252724729293416,,0.0,0.35252724729293416,0.99019757079
69490,0.3525574974182392,,0.0,0.3525574974182392,0.99013455023
69495,0.3525876388634546,,0.0,0.3525876388634546,0.98970252869
69500,0.3526174236424425,,0.0,0.3526174236424425,0.98874461614
69505,0.35264663394029505,,0.0,0.35264663394029505,0.99106388948
69510,0.3526751971368855,,0.0,0.3526751971368855,0.99194971484
69515,0.35270324392115837,,0.0,0.35270324392115837,0.99237437606
69520,0.35273076501665424,,0.0,0.35273076501665424,0.99272980836
69525,0.35275747255755385,,0.0,0.35275747255755385,0.99206707162
69530,0.35278303611545897,,0.0,0.35278303611545897,0.9958187111
69535,0.3528071420869224,,0.0,0.3528071420869224,0.99563398929
69540,0.3528295557638759,,0.0,0.3528295557638759,0.99399016575
69545,0.3528500284780892,,0.0,0.3528500284780892,0.98776653923
69550,0.3528683144715936,,0.0,0.3528683144715936,0.98373580061
69555,0.3528843392598759,,0.0,0.3528843392598759,0.98073050614
69560,0.35289814817935833,,0.0,0.35289814817935833,0.97297293957
69565,0.3529098147596246,,0.0,0.3529098147596246,0.96727542752
69570,0.35291938863428063,,0.0,0.35291938863428063,0.95998889962
69575,0.3529268969051395,,0.0,0.3529268969051395,0.95578996335
69580,0.3529324030295507,,0.0,0.3529324030295507,0.95275770828
69585,0.35293590605258457,,0.0,0.35293590605258457,0.95176161796
69590,0.35293733462735377,,0.0,0.35293733462735377,0.95102015946
69595,0.35293678856674404,,0.0,0.35293678856674404,0.95063038246
69600,0.3529340269101715,,0.0,0.3529340269101715,0.95146325252
69605,0.35292883775419764,,0.0,0.35292883775419764,0.95042828277
69610,0.3529211051430783,,0.0,0.3529211051430783,0.94800049808
69615,0.35291073910879767,,0.0,0.35291073910879767,0.94477050785
69620,0.352897720029825,,0.0,0.352897720029825,0.9423441734
69625,0.35288218177820374,,0.0,0.35288218177820374,0.94237804386
69630,0.3528645673730863,,0.0,0.3528645673730863,0.94236910694
69635,0.3528456134972314,,0.0,0.3528456134972314,0.94525032559
69640,0.3528245212155611,,0.0,0.3528245212155611,0.94467653254
69645,0.3528013170387416,,0.0,0.3528013170387416,0.93986739408
69650,0.35277627134828493,,0.0,0.35277627134828493,0.93192095302
69655,0.35274963970155676,,0.0,0.35274963970155676,0.92746006643
69660,0.35272160139796865,,0.0,0.35272160139796865,0.92539916787
69665,0.3526923055884388,,0.0,0.3526923055884388,0.92451325496
69670,0.35266192534259955,,0.0,0.35266192534259955,0.92364758682
69675,0.3526306704266659,,0.0,0.3526306704266659,0.92475337282
69680,0.35259866971066894,,0.0,0.35259866971066894,0.92498228063
69685,0.35256639884052426,,0.0,0.35256639884052426,0.92323312257
69690,0.35253456153118096,,0.0,0.35253456153118096,0.92321014997
69695,0.35250364170461185,,0.0,0.35250364170461185,0.92372325866
69700,0.3524738911212003,,0.0,0.3524738911212003,0.92469229286
69705,0.3524455831864022,,0.0,0.3524455831864022,0.92593863385
69710,0.35241921828335865,,0.0,0.35241921828335865,0.92532701829
69715,0.35239469114244293,,0.0,0.35239469114244293,0.92315251117
69720,0.3523717934298346,,0.0,0.3523717934298346,0.92282346146
69725,0.35235029819058483,,0.0,0.35235029819058483,0.92478248874
69730,0.35233007637277114,,0.0,0.35233007637277114,0.92690843358
69735,0.35231098623754853,,0.0,0.35231098623754853,0.92588647455
69740,0.3522931861895582,,0.0,0.3522931861895582,0.92943334199
69745,0.352276824015533,,0.0,0.352276824015533,0.93316638203
69750,0.35226191876859325,,0.0,0.35226191876859325,0.93239753647
69755,0.35224838818836995,,0.0,0.35224838818836995,0.92972563809
69760,0.3522360229633763,,0.0,0.3522360229633763,0.92860696945
69765,0.3522245950927882,,0.0,0.3522245950927882,0.92704896982
69770,0.35221399939792464,,0.0,0.35221399939792464,0.92457751839
69775,0.3522042154387438,,0.0,0.3522042154387438,0.92217324382
69780,0.35219533291042415,,0.0,0.35219533291042415,0.92088879806
69785,0.3521875122411484,,0.0,0.3521875122411484,0.91994065748
69790,0.3521811625273295,,0.0,0.3521811625273295,0.92103050814
69795,0.352176634591935,,0.0,0.352176634591935,0.92086073655
69800,0.3521739575375829,,0.0,0.3521739575375829,0.92204069183
69805,0.3521730343707037,,0.0,0.3521730343707037,0.92194551482
69810,0.35217370245768204,,0.0,0.35217370245768204,0.91876166005
69815,0.3521757963683226,,0.0,0.3521757963683226,0.91223066246
69820,0.3521792614670072,,0.0,0.3521792614670072,0.90297624212
69825,0.35218412812959343,,0.0,0.35218412812959343,0.89850652771
69830,0.3521904084063842,,0.0,0.3521904084063842,0.89435161398
69835,0.3521981245790717,,0.0,0.3521981245790717,0.89343637314
69840,0.3522072889707955,,0.0,0.3522072889707955,0.89069922597
69845,0.3522179040143528,,0.0,0.3522179040143528,0.88764143681
69850,0.352230001859042,,0.0,0.352230001859042,0.88571671325
69855,0.35224355146964936,,0.0,0.35224355146964936,0.88700210096
69860,0.35225851253450124,,0.0,0.35225851253450124,0.88740961098
69865,0.35227479790489813,,0.0,0.35227479790489813,0.88714331374
69870,0.35229202240314145,,0.0,0.35229202240314145,0.889290563
69875,0.35230992471955097,,0.0,0.35230992471955097,0.88987932523
69880,0.3523283242814755,,0.0,0.3523283242814755,0.8901761706
69885,0.3523470974482607,,0.0,0.3523470974482607,0.89017883273
69890,0.3523661213295542,,0.0,0.3523661213295542,0.88863224541
69895,0.35238526291729627,,0.0,0.35238526291729627,0.88650079277
69900,0.35240440862033046,,0.0,0.35240440862033046,0.89077002742
69905,0.35242375142539345,,0.0,0.35242375142539345,0.89300729689
69910,0.3524441029772222,,0.0,0.3524441029772222,0.89435131902
69915,0.3524646178220225,,0.0,0.3524646178220225,0.89316085592
69920,0.35248526522015405,,0.0,0.35248526522015405,0.88802061621
69925,0.35250603750944304,,0.0,0.35250603750944304,0.88210202058
69930,0.35252688821664613,,0.0,0.35252688821664613,0.87971269936
69935,0.3525477421751574,,0.0,0.3525477421751574,0.87814129232
69940,0.3525685504561999,,0.0,0.3525685504561999,0.87592492001
69945,0.352589315015106,,0.0,0.352589315015106,0.87428942654
69950,0.35261006411324614,,0.0,0.35261006411324614,0.87150412651
69955,0.3526307141715388,,0.0,0.3526307141715388,0.86762129906
69960,0.3526514228897963,,0.0,0.3526514228897963,0.86645822502
69965,0.35267240399037064,,0.0,0.35267240399037064,0.86558411348
69970,0.35269368982718813,,0.0,0.35269368982718813,0.86671769444
69975,0.352715194911308,,0.0,0.352715194911308,0.86786141789
69980,0.35273712973651056,,0.0,0.35273712973651056,0.86916216208
69985,0.3527592932901028,,0.0,0.3527592932901028,0.86738621917
69990,0.3527812481915647,,0.0,0.3527812481915647,0.86517210378
69995,0.35280250751771597,,0.0,0.35280250751771597,0.86427510819
70000,0.3528226769280805,,0.0,0.3528226769280805,0.86340307394
70005,0.35284142844979355,,0.0,0.35284142844979355,0.86527194062
70010,0.3528584333824246,,0.0,0.3528584333824246,0.86385965822
70015,0.3528737361074665,,0.0,0.3528737361074665,0.86105398658
70020,0.3528872658009694,,0.0,0.3528872658009694,0.85698809722
70025,0.35289888458928,,0.0,0.35289888458928,0.85260871353
70030,0.35290835849189534,,0.0,0.35290835849189534,0.84786229728
70035,0.352915372700338,,0.0,0.352915372700338,0.84548783782
70040,0.3529196723393349,,0.0,0.3529196723393349,0.84342920617
70045,0.35292115770968235,,0.0,0.35292115770968235,0.84409737362
70050,0.352919808189447,,0.0,0.352919808189447,0.84323158666
70055,0.35291567077481,,0.0,0.35291567077481,0.84575986943
70060,0.352908938293353,,0.0,0.352908938293353,0.84364920427
70065,0.35290004087267796,,0.0,0.35290004087267796,0.84150669865
70070,0.35288912075183115,,0.0,0.35288912075183115,0.84190788332
70075,0.3528762090797086,,0.0,0.3528762090797086,0.84210667683
70080,0.35286123485046933,,0.0,0.35286123485046933,0.83885784861
70085,0.3528440856097777,,0.0,0.3528440856097777,0.83261438313
70090,0.3528248327727304,,0.0,0.3528248327727304,0.82828839918
70095,0.35280366714336775,,0.0,0.35280366714336775,0.82551329395
70100,0.35278075040037554,,0.0,0.35278075040037554,0.82351581558
70105,0.35275625258944227,,0.0,0.35275625258944227,0.82508364468
70110,0.35273035471521097,,0.0,0.35273035471521097,0.8251391003
70115,0.352703295601042,,0.0,0.352703295601042,0.82488233378
70120,0.3526752714395075,,0.0,0.3526752714395075,0.82437448789
70125,0.3526464331322297,,0.0,0.3526464331322297,0.82757669483
70130,0.35261700565608906,,0.0,0.35261700565608906,0.83226817117
70135,0.3525874062698735,,0.0,0.3525874062698735,0.8339934991
70140,0.352557782828525,,0.0,0.352557782828525,0.83624099119
70145,0.35252809793063217,,0.0,0.35252809793063217,0.8391432238
70150,0.3524984227411908,,0.0,0.3524984227411908,0.84115024282
70155,0.3524688779905935,,0.0,0.3524688779905935,0.84364227278
70160,0.3524395073100311,,0.0,0.3524395073100311,0.84718762478
70165,0.3524104548484092,,0.0,0.3524104548484092,0.85138290719
70170,0.35238274763257565,,0.0,0.35238274763257565,0.85165360183
70175,0.3523562267804243,,0.0,0.3523562267804243,0.85097357633
70180,0.35233066674666436,,0.0,0.35233066674666436,0.84681082197
70185,0.3523062177508257,,0.0,0.3523062177508257,0.84419840068
70190,0.3522830184168638,,0.0,0.3522830184168638,0.84233334123
70195,0.35226111067073795,,0.0,0.35226111067073795,0.83653696069
70200,0.3522405461013861,,0.0,0.3522405461013861,0.82986763001
70205,0.352221468539404,,0.0,0.352221468539404,0.82296467668
70210,0.35220386136446824,,0.0,0.35220386136446824,0.81889910576
70215,0.35218794612025967,,0.0,0.35218794612025967,0.81303246042
70220,0.3521739940068013,,0.0,0.3521739940068013,0.80766199446
70225,0.3521622031947337,,0.0,0.3521622031947337,0.80729948607
70230,0.35215271201243886,,0.0,0.35215271201243886,0.80608378507
70235,0.35214567852351164,,0.0,0.35214567852351164,0.80570120569
70240,0.352141479697803,,0.0,0.352141479697803,0.80759728864
70245,0.35213982778317576,,0.0,0.35213982778317576,0.80929556699
70250,0.3521403628620945,,0.0,0.3521403628620945,0.80898461281
70255,0.3521428038441931,,0.0,0.3521428038441931,0.80905695776
70260,0.35214693914434303,,0.0,0.35214693914434303,0.80842841238
70265,0.3521526019226911,,0.0,0.3521526019226911,0.80855713832
70270,0.3521599523118464,,0.0,0.3521599523118464,0.8079220573
70275,0.35216908712348727,,0.0,0.35216908712348727,0.80765727126
70280,0.3521799601572073,,0.0,0.3521799601572073,0.80729399013
70285,0.35219241880615254,,0.0,0.35219241880615254,0.80582579651
70290,0.3522062025336811,,0.0,0.3522062025336811,0.80463092554
70295,0.35222105364520373,,0.0,0.35222105364520373,0.80534449891
70300,0.35223680605116914,,0.0,0.35223680605116914,0.8050127183
70305,0.35225341418779066,,0.0,0.35225341418779066,0.80656219917
70310,0.3522708340828312,,0.0,0.3522708340828312,0.80748408301
70315,0.3522891305350891,,0.0,0.3522891305350891,0.80917108797
70320,0.35230851715323425,,0.0,0.35230851715323425,0.81086969827
70325,0.3523290670121221,,0.0,0.3523290670121221,0.81148075854
70330,0.35235064937733496,,0.0,0.35235064937733496,0.81275289445
70335,0.3523730320190746,,0.0,0.3523730320190746,0.81231604021
70340,0.35239590015159994,,0.0,0.35239590015159994,0.81199991268
70345,0.3524190165203636,,0.0,0.3524190165203636,0.81014770628
70350,0.3524422650104665,,0.0,0.3524422650104665,0.80737235868
70355,0.35246557266073536,,0.0,0.35246557266073536,0.80378487757
70360,0.35248890829953783,,0.0,0.35248890829953783,0.79959673878
70365,0.35251220385403104,,0.0,0.35251220385403104,0.80085013508
70370,0.3525354540948383,,0.0,0.3525354540948383,0.80201328322
70375,0.35255864547105303,,0.0,0.35255864547105303,0.80178232068
70380,0.3525817440371995,,0.0,0.3525817440371995,0.80175705232
70385,0.3526046247202289,,0.0,0.3526046247202289,0.80158471815
70390,0.35262729675112797,,0.0,0.35262729675112797,0.80143090821
70395,0.35264962591680665,,0.0,0.35264962591680665,0.80583405445
70400,0.3526713445868601,,0.0,0.3526713445868601,0.80901540501
70405,0.35269231438743354,,0.0,0.35269231438743354,0.8098553395
70410,0.3527124383249572,,0.0,0.3527124383249572,0.81277850412
70415,0.3527315211845253,,0.0,0.3527315211845253,0.81955917778
70420,0.35274941461099435,,0.0,0.35274941461099435,0.8257920561
70425,0.3527663689323536,,0.0,0.3527663689323536,0.82891905055
70430,0.3527831033470542,,0.0,0.3527831033470542,0.82920358142
70435,0.35279868782181817,,0.0,0.35279868782181817,0.8296589088
70440,0.352813007469513,,0.0,0.352813007469513,0.82758764733
70445,0.352825987305424,,0.0,0.352825987305424,0.82435291277
70450,0.3528375042118345,,0.0,0.3528375042118345,0.81994406684
70455,0.35284738261810594,,0.0,0.35284738261810594,0.8153172193
70460,0.35285550340813154,,0.0,0.35285550340813154,0.81247654962
70465,0.35286182038150493,,0.0,0.35286182038150493,0.81010067969
70470,0.3528663535462762,,0.0,0.3528663535462762,0.80821612173
70475,0.35286900388533426,,0.0,0.35286900388533426,0.80454137342
70480,0.3528699066349079,,0.0,0.3528699066349079,0.79985018518
70485,0.3528692240420934,,0.0,0.3528692240420934,0.79880007109
70490,0.35286707567772585,,0.0,0.35286707567772585,0.80031948808
70495,0.3528635429836633,,0.0,0.3528635429836633,0.80028121279
70500,0.3528590028615474,,0.0,0.3528590028615474,0.80111690087
70505,0.35285329613369865,,0.0,0.35285329613369865,0.80396306726
70510,0.3528460797757418,,0.0,0.3528460797757418,0.80629696134
70515,0.3528370863846361,,0.0,0.3528370863846361,0.80966764922
70520,0.35282615519115257,,0.0,0.35282615519115257,0.81445377287
70525,0.3528131935443779,,0.0,0.3528131935443779,0.81837815585
70530,0.3527981807086967,,0.0,0.3527981807086967,0.82218087091
70535,0.3527814523646203,,0.0,0.3527814523646203,0.82583474557
70540,0.35276324694898986,,0.0,0.35276324694898986,0.82797852587
70545,0.3527436933318365,,0.0,0.3527436933318365,0.83003250538
70550,0.35272287720672896,,0.0,0.35272287720672896,0.83371801365
70555,0.35270074616621794,,0.0,0.35270074616621794,0.83812205234
70560,0.352677254487362,,0.0,0.352677254487362,0.84614352418
70565,0.352652436502156,,0.0,0.352652436502156,0.85196990538
70570,0.3526264903812405,,0.0,0.3526264903812405,0.8538201789
70575,0.352599826380586,,0.0,0.352599826380586,0.85400657911
70580,0.35257310951775406,,0.0,0.35257310951775406,0.85443965208
70585,0.35254680352477585,,0.0,0.35254680352477585,0.85623802496
70590,0.3525209812264061,,0.0,0.3525209812264061,0.85888371656
70595,0.3524956388711355,,0.0,0.3524956388711355,0.86187076691
70600,0.35247077902817947,,0.0,0.35247077902817947,0.86145421006
70605,0.3524462993381733,,0.0,0.3524462993381733,0.85925379171
70610,0.35242213216026597,,0.0,0.35242213216026597,0.85819415157
70615,0.35239839345020196,,0.0,0.35239839345020196,0.85816500692
70620,0.35237524156714956,,0.0,0.35237524156714956,0.85980707356
70625,0.3523528522636387,,0.0,0.3523528522636387,0.86039062994
70630,0.3523313991095032,,0.0,0.3523313991095032,0.85661320895
70635,0.35231104996773505,,0.0,0.35231104996773505,0.85233047133
70640,0.3522920135586739,,0.0,0.3522920135586739,0.85122780159
70645,0.35227443105275436,,0.0,0.35227443105275436,0.85233046375
70650,0.352258324708932,,0.0,0.352258324708932,0.85338003284
70655,0.3522437909751023,,0.0,0.3522437909751023,0.85470781043
70660,0.35223085020036154,,0.0,0.35223085020036154,0.85545638229
70665,0.3522192792040068,,0.0,0.3522192792040068,0.85499903088
70670,0.35220897362586817,,0.0,0.35220897362586817,0.86107674195
70675,0.3521998840369675,,0.0,0.3521998840369675,0.8698702307
70680,0.3521919904747279,,0.0,0.3521919904747279,0.87589643596
70685,0.35218523639367144,,0.0,0.35218523639367144,0.87906440343
70690,0.3521797389318364,,0.0,0.3521797389318364,0.88084367126
70695,0.35217647141264546,,0.0,0.35217647141264546,0.88064829074
70700,0.3521747919414767,,0.0,0.3521747919414767,0.87714445461
70705,0.35217442297484575,,0.0,0.35217442297484575,0.87616080126
70710,0.35217539402462644,,0.0,0.35217539402462644,0.87669333017
70715,0.3521777619546062,,0.0,0.3521777619546062,0.87491096971
70720,0.3521814783816823,,0.0,0.3521814783816823,0.87199098271
70725,0.35218647734749914,,0.0,0.35218647734749914,0.86988254378
70730,0.3521927468472267,,0.0,0.3521927468472267,0.86784344038
70735,0.35220033774223747,,0.0,0.35220033774223747,0.86387008161
70740,0.3522092394146231,,0.0,0.3522092394146231,0.85964340018
70745,0.3522195357845115,,0.0,0.3522195357845115,0.85507060937
70750,0.35223146024125845,,0.0,0.35223146024125845,0.8528244269
70755,0.3522451957675757,,0.0,0.3522451957675757,0.85141245823
70760,0.3522607868813744,,0.0,0.3522607868813744,0.85119825241
70765,0.35227840471969135,,0.0,0.35227840471969135,0.84882259815
70770,0.3522981452756936,,0.0,0.3522981452756936,0.84989504218
70775,0.3523195607555804,,0.0,0.3523195607555804,0.85264998767
70780,0.35234219886374013,,0.0,0.35234219886374013,0.85711181485
70785,0.3523656796745871,,0.0,0.3523656796745871,0.86272945544
70790,0.35238970902431366,,0.0,0.35238970902431366,0.86963912296
70795,0.3524139959776838,,0.0,0.3524139959776838,0.87537938917
70800,0.3524386314803793,,0.0,0.3524386314803793,0.8792933145
70805,0.352463685174056,,0.0,0.352463685174056,0.883169421
70810,0.3524890880536778,,0.0,0.3524890880536778,0.88766743015
70815,0.3525147196389529,,0.0,0.3525147196389529,0.89280105293
70820,0.3525403055240229,,0.0,0.3525403055240229,0.90102971962
70825,0.3525655904016226,,0.0,0.3525655904016226,0.90636241201
70830,0.35259045829327146,,0.0,0.35259045829327146,0.91292939965
70835,0.35261487177482137,,0.0,0.35261487177482137,0.91541757925
70840,0.3526388678611648,,0.0,0.3526388678611648,0.91726856013
70845,0.3526627300299918,,0.0,0.3526627300299918,0.91829278685
70850,0.3526865753738677,,0.0,0.3526865753738677,0.91987186893
70855,0.3527101607495123,,0.0,0.3527101607495123,0.92303904089
70860,0.3527331739858729,,0.0,0.3527331739858729,0.92496349488
70865,0.3527553301728649,,0.0,0.3527553301728649,0.92341689702
70870,0.3527763124329967,,0.0,0.3527763124329967,0.92393217772
70875,0.3527957593936017,,0.0,0.3527957593936017,0.9245426545
70880,0.3528134621979218,,0.0,0.3528134621979218,0.92528836475
70885,0.35282934499725843,,0.0,0.35282934499725843,0.92342342384
70890,0.35284338853386343,,0.0,0.35284338853386343,0.91832965035
70895,0.35285560788198345,,0.0,0.35285560788198345,0.91066967155
70900,0.3528660172064086,,0.0,0.3528660172064086,0.90074791642
70905,0.35287467168843123,,0.0,0.35287467168843123,0.89185182777
70910,0.3528816439254418,,0.0,0.3528816439254418,0.88523984514
70915,0.3528869366230743,,0.0,0.3528869366230743,0.87990858948
70920,0.3528904521511394,,0.0,0.3528904521511394,0.87638746871
70925,0.3528922527846927,,0.0,0.3528922527846927,0.87861700693
70930,0.3528921449458506,,0.0,0.3528921449458506,0.88328762922
70935,0.35288989017503536,,0.0,0.35288989017503536,0.888172293
70940,0.3528853666050335,,0.0,0.3528853666050335,0.89177548575
70945,0.35287852044147433,,0.0,0.35287852044147433,0.8929929917
70950,0.3528692945477332,,0.0,0.3528692945477332,0.89517832577
70955,0.35285760636786745,,0.0,0.35285760636786745,0.89707286169
70960,0.35284362417412485,,0.0,0.35284362417412485,0.89810285087
70965,0.3528283503925462,,0.0,0.3528283503925462,0.89830882945
70970,0.35281120017418854,,0.0,0.35281120017418854,0.89847419805
70975,0.3527920835055632,,0.0,0.3527920835055632,0.89841122481
70980,0.3527711931460429,,0.0,0.3527711931460429,0.90196239945
70985,0.352748664695639,,0.0,0.352748664695639,0.90646645538
70990,0.3527245926469148,,0.0,0.3527245926469148,0.91375784044
70995,0.35269912721940033,,0.0,0.35269912721940033,0.91683935101
71000,0.35267249020687697,,0.0,0.35267249020687697,0.91787802358
71005,0.35264496651942917,,0.0,0.35264496651942917,0.9149626544
71010,0.35261665801622055,,0.0,0.35261665801622055,0.91398588567
71015,0.3525879695874264,,0.0,0.3525879695874264,0.91000720144
71020,0.35255951466167007,,0.0,0.35255951466167007,0.90793338619
71025,0.35253175999492703,,0.0,0.35253175999492703,0.90863661276
71030,0.35250495928017644,,0.0,0.35250495928017644,0.91227824523
71035,0.352479521977614,,0.0,0.352479521977614,0.91619746621
71040,0.3524556232713593,,0.0,0.3524556232713593,0.91721903663
71045,0.3524330175853352,,0.0,0.3524330175853352,0.91845502125
71050,0.3524114306501018,,0.0,0.3524114306501018,0.92277190302
71055,0.3523906750493454,,0.0,0.3523906750493454,0.92754333662
71060,0.3523706090896938,,0.0,0.3523706090896938,0.93085541076
71065,0.3523512233355326,,0.0,0.3523512233355326,0.93013738245
71070,0.35233277918748757,,0.0,0.35233277918748757,0.93017682235
71075,0.35231541138158623,,0.0,0.35231541138158623,0.9367871747
71080,0.3522991906280962,,0.0,0.3522991906280962,0.94466516927
71085,0.352284061040896,,0.0,0.352284061040896,0.94968681639
71090,0.3522698738101138,,0.0,0.3522698738101138,0.95267815256
71095,0.35225654908544113,,0.0,0.35225654908544113,0.95423183998
71100,0.352244128997465,,0.0,0.352244128997465,0.95451506106
71105,0.3522326594055454,,0.0,0.3522326594055454,0.95230450935
71110,0.3522221767106915,,0.0,0.3522221767106915,0.95193140007
71115,0.35221273093302824,,0.0,0.35221273093302824,0.95127262388
71120,0.35220459613736765,,0.0,0.35220459613736765,0.95100831091
71125,0.35219808574526557,,0.0,0.35219808574526557,0.95023568727
71130,0.3521932195828805,,0.0,0.3521932195828805,0.9491593808
71135,0.3521899464250573,,0.0,0.3521899464250573,0.95052876976
71140,0.3521881448593107,,0.0,0.3521881448593107,0.95153009153
71145,0.35218766666691603,,0.0,0.35218766666691603,0.95262932733
71150,0.35218847421909727,,0.0,0.35218847421909727,0.95443755717
71155,0.3521906137389973,,0.0,0.3521906137389973,0.95456753497
71160,0.3521941655543894,,0.0,0.3521941655543894,0.9520005144
71165,0.3521991593590388,,0.0,0.3521991593590388,0.94559891584
71170,0.3522056055434896,,0.0,0.3522056055434896,0.93874133955
71175,0.35221354953510986,,0.0,0.35221354953510986,0.93663142703
71180,0.35222299897333675,,0.0,0.35222299897333675,0.93580127792
71185,0.35223386436761955,,0.0,0.35223386436761955,0.93705156106
71190,0.3522459754449055,,0.0,0.3522459754449055,0.94064700384
71195,0.3522592503995538,,0.0,0.3522592503995538,0.94477140281
71200,0.3522736455094281,,0.0,0.3522736455094281,0.94925176835
71205,0.3522888796386895,,0.0,0.3522888796386895,0.95260902362
71210,0.3523047975657957,,0.0,0.3523047975657957,0.95476180701
71215,0.3523213261249456,,0.0,0.3523213261249456,0.95744256469
71220,0.35233827417105273,,0.0,0.35233827417105273,0.95915567227
71225,0.3523554871874037,,0.0,0.3523554871874037,0.96133888962
71230,0.3523731293309541,,0.0,0.3523731293309541,0.96421690968
71235,0.35239208061485705,,0.0,0.35239208061485705,0.96489690819
71240,0.3524115703654054,,0.0,0.3524115703654054,0.96556052861
71245,0.3524315909886346,,0.0,0.3524315909886346,0.96761461903
71250,0.35245212488655525,,0.0,0.35245212488655525,0.97320386375
71255,0.3524730351631799,,0.0,0.3524730351631799,0.97710026597
71260,0.35249426297665243,,0.0,0.35249426297665243,0.97948488567
71265,0.35251580148331035,,0.0,0.35251580148331035,0.97989084582
71270,0.3525376972928155,,0.0,0.3525376972928155,0.97902774132
71275,0.352559880490675,,0.0,0.352559880490675,0.97756646734
71280,0.3525824708523517,,0.0,0.3525824708523517,0.97683955599
71285,0.35260565997766086,,0.0,0.35260565997766086,0.9749015553
71290,0.3526294454110689,,0.0,0.3526294454110689,0.97264803226
71295,0.3526537392763109,,0.0,0.3526537392763109,0.97085659579
71300,0.3526785614904911,,0.0,0.3526785614904911,0.97068934938
71305,0.35270396778057594,,0.0,0.35270396778057594,0.97204656843
71310,0.35272944728193467,,0.0,0.35272944728193467,0.97544975828
71315,0.35275441739652985,,0.0,0.35275441739652985,0.97866949102
71320,0.3527783900870966,,0.0,0.3527783900870966,0.97970658702
71325,0.3528009807216105,,0.0,0.3528009807216105,0.98028779692
71330,0.3528219163493439,,0.0,0.3528219163493439,0.97851719095
71335,0.3528412138861938,,0.0,0.3528412138861938,0.97710105213
71340,0.35285880519110807,,0.0,0.35285880519110807,0.97798633071
71345,0.35287456314476,,0.0,0.35287456314476,0.98231411232
71350,0.352888244467451,,0.0,0.352888244467451,0.98687824579
71355,0.3528995125692126,,0.0,0.3528995125692126,0.99093537017
71360,0.3529081144618947,,0.0,0.3529081144618947,0.99483021693
71365,0.3529139689310035,,0.0,0.3529139689310035,0.99839507639
71370,0.35291706249384164,,0.0,0.35291706249384164,1.001759611
71375,0.3529173493819948,,0.0,0.3529173493819948,1.0030994511
71380,0.3529148204781583,,0.0,0.3529148204781583,1.0007779801
71385,0.3529094807161355,,0.0,0.3529094807161355,1.0027999759
71390,0.352901497072198,,0.0,0.352901497072198,1.0075159814
71395,0.352891214889836,,0.0,0.352891214889836,1.0094388821
71400,0.3528788020093051,,0.0,0.3528788020093051,1.007516106
71405,0.35286425940827143,,0.0,0.35286425940827143,1.0066938946
71410,0.35284757662798155,,0.0,0.35284757662798155,1.0074918207
71415,0.35282886328071855,,0.0,0.35282886328071855,1.0101214098
71420,0.3528083524147918,,0.0,0.3528083524147918,1.0128303667
71425,0.3527862890606044,,0.0,0.3527862890606044,1.0133884534
71430,0.35276288680409007,,0.0,0.35276288680409007,1.0148097109
71435,0.3527383364492891,,0.0,0.3527383364492891,1.014219706
71440,0.3527128629503454,,0.0,0.3527128629503454,1.010737888
71445,0.35268664026361163,,0.0,0.35268664026361163,1.009692325
71450,0.35265974294181063,,0.0,0.35265974294181063,1.0104498092
71455,0.35263207774288197,,0.0,0.35263207774288197,1.0128230395
71460,0.3526037595766947,,0.0,0.3526037595766947,1.0174130684
71465,0.3525750482295887,,0.0,0.3525750482295887,1.0215829054
71470,0.3525460078637425,,0.0,0.3525460078637425,1.0286572133
71475,0.3525167479095477,,0.0,0.3525167479095477,1.0317416738
71480,0.35248732818652634,,0.0,0.35248732818652634,1.0302577605
71485,0.35245780221621237,,0.0,0.35245780221621237,1.0288744976
71490,0.3524282079911642,,0.0,0.3524282079911642,1.0288195697
71495,0.352399339967385,,0.0,0.352399339967385,1.0264951555
71500,0.3523718633443275,,0.0,0.3523718633443275,1.0242830108
71505,0.35234538571411134,,0.0,0.35234538571411134,1.0202433592
71510,0.35232008078298876,,0.0,0.35232008078298876,1.0175893399
71515,0.352296036654589,,0.0,0.352296036654589,1.0208140163
71520,0.35227331433072795,,0.0,0.35227331433072795,1.0244858523
71525,0.3522520319043735,,0.0,0.3522520319043735,1.0255703136
71530,0.3522323630590414,,0.0,0.3522323630590414,1.0238923787
71535,0.3522143398758208,,0.0,0.3522143398758208,1.0184287065
71540,0.35219823507807496,,0.0,0.35219823507807496,1.0144768778
71545,0.35218429412819907,,0.0,0.35218429412819907,1.0094675738
71550,0.3521726799099091,,0.0,0.3521726799099091,1.0060444597
71555,0.3521635086290498,,0.0,0.3521635086290498,1.0036350774
71560,0.35215705448685186,,0.0,0.35215705448685186,1.004635107
71565,0.35215345444751195,,0.0,0.35215345444751195,1.0067806504
71570,0.35215228240777463,,0.0,0.35215228240777463,1.0074520497
71575,0.35215318347485314,,0.0,0.35215318347485314,1.0076317778
71580,0.35215589188272894,,0.0,0.35215589188272894,1.0067498372
71585,0.3521601888843011,,0.0,0.3521601888843011,1.0108312383
71590,0.3521659105499781,,0.0,0.3521659105499781,1.0108849848
71595,0.35217316271779714,,0.0,0.35217316271779714,1.0078521311
71600,0.35218203003545145,,0.0,0.35218203003545145,1.0037026326
71605,0.3521924649156132,,0.0,0.3521924649156132,1.0022910855
71610,0.3522043584963012,,0.0,0.3522043584963012,1.0058984573
71615,0.3522174999654251,,0.0,0.3522174999654251,1.00976158
71620,0.3522315988424775,,0.0,0.3522315988424775,1.0138606332
71625,0.352246465846758,,0.0,0.352246465846758,1.0188187746
71630,0.35226201710361166,,0.0,0.35226201710361166,1.0183255424
71635,0.3522783174573097,,0.0,0.3522783174573097,1.0167244751
71640,0.3522955628503234,,0.0,0.3522955628503234,1.014447451
71645,0.3523138635315554,,0.0,0.3523138635315554,1.0115029338
71650,0.35233309460984835,,0.0,0.35233309460984835,1.0140143813
71655,0.35235305202582873,,0.0,0.35235305202582873,1.0188813216
71660,0.3523735016398388,,0.0,0.3523735016398388,1.018854862
71665,0.3523941750029625,,0.0,0.3523941750029625,1.0178505921
71670,0.3524148809019038,,0.0,0.3524148809019038,1.0166707592
71675,0.3524355449430951,,0.0,0.3524355449430951,1.0180248843
71680,0.35245607172451615,,0.0,0.35245607172451615,1.0185162709
71685,0.3524763601373053,,0.0,0.3524763601373053,1.0213581085
71690,0.35249639135570643,,0.0,0.35249639135570643,1.0255063145
71695,0.3525161826593991,,0.0,0.3525161826593991,1.0321758955
71700,0.35253575294234857,,0.0,0.35253575294234857,1.0350759344
71705,0.35255509451964484,,0.0,0.35255509451964484,1.0338011114
71710,0.3525742880146348,,0.0,0.3525742880146348,1.0287195053
71715,0.35259315462810803,,0.0,0.35259315462810803,1.0287043077
71720,0.35261151387835915,,0.0,0.35261151387835915,1.0308099801
71725,0.352629258358538,,0.0,0.352629258358538,1.0318982949
71730,0.35264633272819706,,0.0,0.35264633272819706,1.0344485526
71735,0.3526626929241537,,0.0,0.3526626929241537,1.0389929914
71740,0.35267826025565663,,0.0,0.35267826025565663,1.0436813848
71745,0.35269303206254476,,0.0,0.35269303206254476,1.0444858158
71750,0.3527071169112257,,0.0,0.3527071169112257,1.0430824105
71755,0.3527214658206936,,0.0,0.3527214658206936,1.0405149485
71760,0.3527354466729874,,0.0,0.3527354466729874,1.0351719091
71765,0.35274877485359596,,0.0,0.35274877485359596,1.0305965656
71770,0.3527614460198631,,0.0,0.3527614460198631,1.0264724769
71775,0.35277341588124167,,0.0,0.35277341588124167,1.0237771189
71780,0.35278463382645986,,0.0,0.35278463382645986,1.0222117806
71785,0.35279498621888816,,0.0,0.35279498621888816,1.0223745516
71790,0.35280431831444925,,0.0,0.35280431831444925,1.0216990895
71795,0.3528125287996534,,0.0,0.3528125287996534,1.020080787
71800,0.3528195618565887,,0.0,0.3528195618565887,1.0167527075
71805,0.35282536439571316,,0.0,0.35282536439571316,1.0112424428
71810,0.35282986800313787,,0.0,0.35282986800313787,1.0075855964
71815,0.35283326070905974,,0.0,0.35283326070905974,1.0045810713
71820,0.3528356362330039,,0.0,0.3528356362330039,1.0000559922
71825,0.3528370231773873,,0.0,0.3528370231773873,0.99970100777
71830,0.352837701995956,,0.0,0.352837701995956,1.0013835889
71835,0.35283745894362145,,0.0,0.35283745894362145,1.0059311699
71840,0.3528359132990234,,0.0,0.3528359132990234,1.0080958771
71845,0.3528327529138456,,0.0,0.3528327529138456,1.0085868077
71850,0.3528277485594971,,0.0,0.3528277485594971,1.0077084938
71855,0.35282074583294676,,0.0,0.35282074583294676,1.0109115197
71860,0.3528115983571197,,0.0,0.3528115983571197,1.0128973093
71865,0.35280035903966633,,0.0,0.35280035903966633,1.0122939258
71870,0.3527872613154153,,0.0,0.3527872613154153,1.0133122137
71875,0.3527724534713008,,0.0,0.3527724534713008,1.0163151155
71880,0.3527560240884168,,0.0,0.3527560240884168,1.0190463027
71885,0.3527380547905127,,0.0,0.3527380547905127,1.0220921744
71890,0.352718588867733,,0.0,0.352718588867733,1.0226748257
71895,0.3526979602726212,,0.0,0.3526979602726212,1.0239699605
71900,0.35267656902975847,,0.0,0.35267656902975847,1.0231551112
71905,0.35265454430474946,,0.0,0.35265454430474946,1.0250638082
71910,0.3526319985064567,,0.0,0.3526319985064567,1.0261293562
71915,0.35260907221416793,,0.0,0.35260907221416793,1.0248133976
71920,0.35258580357959657,,0.0,0.35258580357959657,1.024908738
71925,0.3525621577250736,,0.0,0.3525621577250736,1.0271411279
71930,0.3525381120505972,,0.0,0.3525381120505972,1.0300422306
71935,0.35251365839379234,,0.0,0.35251365839379234,1.0273616954
71940,0.3524887998240759,,0.0,0.3524887998240759,1.0211980892
71945,0.35246376175032007,,0.0,0.35246376175032007,1.0171153766
71950,0.35243883613089966,,0.0,0.35243883613089966,1.012615245
71955,0.35241431349179525,,0.0,0.35241431349179525,1.0129648038
71960,0.35239043906803763,,0.0,0.35239043906803763,1.0128021407
71965,0.35236740234495467,,0.0,0.35236740234495467,1.0129745019
71970,0.3523454769553666,,0.0,0.3523454769553666,1.0121266296
71975,0.3523250112439708,,0.0,0.3523250112439708,1.0100240186
71980,0.3523060067795804,,0.0,0.3523060067795804,1.0051938983
71985,0.35228841993100457,,0.0,0.35228841993100457,1.0033015089
71990,0.3522722379885842,,0.0,0.3522722379885842,1.0026831641
71995,0.35225746136157493,,0.0,0.35225746136157493,1.0041068122
72000,0.35224407165621263,,0.0,0.35224407165621263,1.0032649044
72005,0.35223196762721704,,0.0,0.35223196762721704,1.0039100384
72010,0.35222104805204435,,0.0,0.35222104805204435,1.0040137311
72015,0.3522116771908865,,0.0,0.3522116771908865,0.99993322313
72020,0.3522045857240871,,0.0,0.3522045857240871,0.99333978199
72025,0.3521989634165674,,0.0,0.3521989634165674,0.98571399651
72030,0.3521946902655003,,0.0,0.3521946902655003,0.97948470719
72035,0.35219170442782227,,0.0,0.35219170442782227,0.97496797854
72040,0.35218982614939315,,0.0,0.35218982614939315,0.97402409003
72045,0.3521890531110981,,0.0,0.3521890531110981,0.97377181694
72050,0.35218940948175215,,0.0,0.35218940948175215,0.97457659718
72055,0.3521907698017872,,0.0,0.3521907698017872,0.97411320343
72060,0.35219333906276995,,0.0,0.35219333906276995,0.97170916107
72065,0.35219742120516884,,0.0,0.35219742120516884,0.97096774694
72070,0.35220325507508077,,0.0,0.35220325507508077,0.96729622733
72075,0.35221104509566176,,0.0,0.35221104509566176,0.96107643203
72080,0.3522209748635069,,0.0,0.3522209748635069,0.95481583075
72085,0.35223307177600294,,0.0,0.35223307177600294,0.94994027947
72090,0.35224764159253186,,0.0,0.35224764159253186,0.94638224841
72095,0.35226461062435505,,0.0,0.35226461062435505,0.94611019559
72100,0.3522836215458889,,0.0,0.3522836215458889,0.94936353737
72105,0.3523043169178675,,0.0,0.3523043169178675,0.95508284526
72110,0.35232640546400873,,0.0,0.35232640546400873,0.96169074731
72115,0.3523495810156748,,0.0,0.3523495810156748,0.96524786085
72120,0.3523737633133017,,0.0,0.3523737633133017,0.96614689099
72125,0.35239898491544336,,0.0,0.35239898491544336,0.96684984998
72130,0.3524251468277252,,0.0,0.3524251468277252,0.96915926317
72135,0.35245201261411113,,0.0,0.35245201261411113,0.96970266226
72140,0.3524791842280884,,0.0,0.3524791842280884,0.96940583842
72145,0.35250639278874885,,0.0,0.35250639278874885,0.96777458481
72150,0.3525334310308838,,0.0,0.3525334310308838,0.97154633734
72155,0.3525602038025737,,0.0,0.3525602038025737,0.97392929316
72160,0.3525868692583591,,0.0,0.3525868692583591,0.97387445573
72165,0.35261348696766154,,0.0,0.35261348696766154,0.97455485016
72170,0.35263982406406286,,0.0,0.35263982406406286,0.97520696723
72175,0.352665592522589,,0.0,0.352665592522589,0.98011109093
72180,0.3526905176418081,,0.0,0.3526905176418081,0.98191042663
72185,0.3527144099136558,,0.0,0.3527144099136558,0.98183773744
72190,0.3527370852413358,,0.0,0.3527370852413358,0.97596770202
72195,0.35275836980491376,,0.0,0.35275836980491376,0.97169757911
72200,0.3527783010740106,,0.0,0.3527783010740106,0.97009093088
72205,0.3527970420005517,,0.0,0.3527970420005517,0.964218255
72210,0.3528140932245348,,0.0,0.3528140932245348,0.95882356694
72215,0.35282940397553303,,0.0,0.35282940397553303,0.95258228107
72220,0.3528429886911735,,0.0,0.3528429886911735,0.94868033444
72225,0.3528549065316221,,0.0,0.3528549065316221,0.94508940904
72230,0.3528651892823947,,0.0,0.3528651892823947,0.94373877015
72235,0.35287377432738926,,0.0,0.35287377432738926,0.9437814951
72240,0.35288074933824304,,0.0,0.35288074933824304,0.94287050477
72245,0.352885967051161,,0.0,0.352885967051161,0.94242188354
72250,0.3528891679299036,,0.0,0.3528891679299036,0.94148838474
72255,0.35289020270987076,,0.0,0.35289020270987076,0.93710303141
72260,0.3528889475685167,,0.0,0.3528889475685167,0.93392339238
72265,0.3528853247700199,,0.0,0.3528853247700199,0.92979502047
72270,0.35287938790412343,,0.0,0.35287938790412343,0.92898003528
72275,0.3528713318674233,,0.0,0.3528713318674233,0.92771593361
72280,0.35286205240667556,,0.0,0.35286205240667556,0.92873959849
72285,0.3528508082463646,,0.0,0.3528508082463646,0.92920732917
72290,0.3528374369347665,,0.0,0.3528374369347665,0.92507473249
72295,0.35282206097571434,,0.0,0.35282206097571434,0.91771525435
72300,0.35280489359135925,,0.0,0.35280489359135925,0.91032535009
72305,0.35278612051551966,,0.0,0.35278612051551966,0.90774240484
72310,0.35276582600936984,,0.0,0.35276582600936984,0.90583765058
72315,0.35274412455078663,,0.0,0.35274412455078663,0.90393534383
72320,0.3527212001683572,,0.0,0.3527212001683572,0.90305632349
72325,0.3526972208842284,,0.0,0.3526972208842284,0.90294098893
72330,0.35267239732859945,,0.0,0.35267239732859945,0.90219980571
72335,0.35264716265301604,,0.0,0.35264716265301604,0.90146760422
72340,0.35262189187199694,,0.0,0.35262189187199694,0.90165605922
72345,0.3525967055795162,,0.0,0.3525967055795162,0.90285093793
72350,0.3525718657446102,,0.0,0.3525718657446102,0.90601459507
72355,0.3525479873647154,,0.0,0.3525479873647154,0.90702498936
72360,0.3525251124567368,,0.0,0.3525251124567368,0.90578077126
72365,0.3525030679965148,,0.0,0.3525030679965148,0.90566141892
72370,0.35248158433010307,,0.0,0.35248158433010307,0.90717874426
72375,0.352460526835156,,0.0,0.352460526835156,0.91007047072
72380,0.35243979517585033,,0.0,0.35243979517585033,0.90972270973
72385,0.3524195345697034,,0.0,0.3524195345697034,0.91206131589
72390,0.3523999738587869,,0.0,0.3523999738587869,0.91647703514
72395,0.35238121792620836,,0.0,0.35238121792620836,0.91888872998
72400,0.35236329319168824,,0.0,0.35236329319168824,0.91696229319
72405,0.35234608554113256,,0.0,0.35234608554113256,0.9163936318
72410,0.3523294449823755,,0.0,0.3523294449823755,0.91550561878
72415,0.352313321222455,,0.0,0.352313321222455,0.9152849749
72420,0.352297736042862,,0.0,0.352297736042862,0.91267731225
72425,0.3522828552375743,,0.0,0.3522828552375743,0.91281204442
72430,0.3522688574921201,,0.0,0.3522688574921201,0.9122009986
72435,0.3522560275574291,,0.0,0.3522560275574291,0.91306021111
72440,0.3522448475138238,,0.0,0.3522448475138238,0.91354827709
72445,0.3522354678764076,,0.0,0.3522354678764076,0.91511920209
72450,0.3522278291212318,,0.0,0.3522278291212318,0.91624155724
72455,0.35222178669013526,,0.0,0.35222178669013526,0.91234166778
72460,0.35221716542173476,,0.0,0.35221716542173476,0.9060554878
72465,0.3522138588186371,,0.0,0.3522138588186371,0.89664574524
72470,0.35221186879070154,,0.0,0.35221186879070154,0.89166204239
72475,0.35221121229929764,,0.0,0.35221121229929764,0.88699797658
72480,0.3522119096253126,,0.0,0.3522119096253126,0.88556011532
72485,0.3522139868474206,,0.0,0.3522139868474206,0.88323261949
72490,0.352217459289969,,0.0,0.352217459289969,0.88019355247
72495,0.35222241719381053,,0.0,0.35222241719381053,0.87749733389
72500,0.35222885978590684,,0.0,0.35222885978590684,0.8777693087
72505,0.35223671080830393,,0.0,0.35223671080830393,0.87815952953
72510,0.3522459773775012,,0.0,0.3522459773775012,0.87669759745
72515,0.35225633995584593,,0.0,0.35225633995584593,0.87722413013
72520,0.3522674756406949,,0.0,0.3522674756406949,0.87830602116
72525,0.3522791648436996,,0.0,0.3522791648436996,0.8775191058
72530,0.3522912772396979,,0.0,0.3522912772396979,0.87587784235
72535,0.3523037370936734,,0.0,0.3523037370936734,0.87449414246
72540,0.3523164875418386,,0.0,0.3523164875418386,0.87037833091
72545,0.3523294906143713,,0.0,0.3523294906143713,0.87204380908
72550,0.3523427700708309,,0.0,0.3523427700708309,0.87453547854
72555,0.35235721347286214,,0.0,0.35235721347286214,0.8749928448
72560,0.3523725658769827,,0.0,0.3523725658769827,0.87570444576
72565,0.3523885004244122,,0.0,0.3523885004244122,0.87211020873
72570,0.35240503996525324,,0.0,0.35240503996525324,0.86702444341
72575,0.3524221740862253,,0.0,0.3524221740862253,0.8633062599
72580,0.3524398656814901,,0.0,0.3524398656814901,0.86222256694
72585,0.3524580295576804,,0.0,0.3524580295576804,0.86064319946
72590,0.35247663010956165,,0.0,0.35247663010956165,0.85918786522
72595,0.3524956722936735,,0.0,0.3524956722936735,0.85737577301
72600,0.3525150769190637,,0.0,0.3525150769190637,0.85434768297
72605,0.35253489025434775,,0.0,0.35253489025434775,0.85296016156
72610,0.3525553521232884,,0.0,0.3525553521232884,0.85356515596
72615,0.3525765309625114,,0.0,0.3525765309625114,0.8550328121
72620,0.3525983584718095,,0.0,0.3525983584718095,0.85772317101
72625,0.35262095135722893,,0.0,0.35262095135722893,0.85972559779
72630,0.3526443000240003,,0.0,0.3526443000240003,0.85937376377
72635,0.3526679476747005,,0.0,0.3526679476747005,0.85784348289
72640,0.3526914223239775,,0.0,0.3526914223239775,0.85686981081
72645,0.352714344978439,,0.0,0.352714344978439,0.85692778901
72650,0.3527364086964091,,0.0,0.3527364086964091,0.85862872557
72655,0.35275731644929115,,0.0,0.35275731644929115,0.85819525886
72660,0.3527770807875891,,0.0,0.3527770807875891,0.8564139356
72665,0.3527956910706583,,0.0,0.3527956910706583,0.85431849585
72670,0.35281302424899125,,0.0,0.35281302424899125,0.84913970024
72675,0.3528289007503394,,0.0,0.3528289007503394,0.84553948688
72680,0.35284302652457716,,0.0,0.35284302652457716,0.8424153013
72685,0.3528551057936109,,0.0,0.3528551057936109,0.84081254953
72690,0.3528649804711093,,0.0,0.3528649804711093,0.8403319549
72695,0.3528725996274907,,0.0,0.3528725996274907,0.83853281777
72700,0.35287789562190414,,0.0,0.35287789562190414,0.83830159344
72705,0.3528810825404846,,0.0,0.3528810825404846,0.83717927853
72710,0.35288254569734934,,0.0,0.35288254569734934,0.83311038416
72715,0.35288228131825244,,0.0,0.35288228131825244,0.8322662812
72720,0.3528801483919144,,0.0,0.3528801483919144,0.8321468184
72725,0.3528759872631908,,0.0,0.3528759872631908,0.82875250786
72730,0.35286959346345276,,0.0,0.35286959346345276,0.82324717904
72735,0.3528608709085873,,0.0,0.3528608709085873,0.81749782983
72740,0.3528498909909548,,0.0,0.3528498909909548,0.81312137708
72745,0.3528367392677052,,0.0,0.3528367392677052,0.81020341973
72750,0.3528215341501163,,0.0,0.3528215341501163,0.81090601039
72755,0.35280441635389415,,0.0,0.35280441635389415,0.81061310242
72760,0.3527855893472653,,0.0,0.3527855893472653,0.8098582214
72765,0.35276525878115267,,0.0,0.35276525878115267,0.80916457732
72770,0.35274359290506746,,0.0,0.35274359290506746,0.8105304119
72775,0.35272067227414733,,0.0,0.35272067227414733,0.81479531195
72780,0.3526967169996786,,0.0,0.3526967169996786,0.81739295094
72785,0.35267176939413963,,0.0,0.35267176939413963,0.81987011196
72790,0.35264569281164376,,0.0,0.35264569281164376,0.82236801186
72795,0.3526186354709156,,0.0,0.3526186354709156,0.8255686335
72800,0.35259082221241705,,0.0,0.35259082221241705,0.82936492036
72805,0.3525624427033674,,0.0,0.3525624427033674,0.83438293302
72810,0.3525337008439852,,0.0,0.3525337008439852,0.83943088364
72815,0.3525056129295277,,0.0,0.3525056129295277,0.84184354932
72820,0.3524780782831253,,0.0,0.3524780782831253,0.84101236366
72825,0.3524508949826279,,0.0,0.3524508949826279,0.83873467893
72830,0.3524242447375078,,0.0,0.3524242447375078,0.83579720283
72835,0.35239832164858625,,0.0,0.35239832164858625,0.83423680246
72840,0.35237321368307395,,0.0,0.35237321368307395,0.83008260264
72845,0.3523489966896695,,0.0,0.3523489966896695,0.82520265024
72850,0.3523258090422277,,0.0,0.3523258090422277,0.82019940007
72855,0.3523037381850216,,0.0,0.3523037381850216,0.81574125084
72860,0.35228294927540926,,0.0,0.35228294927540926,0.81098403212
72865,0.35226378047217194,,0.0,0.35226378047217194,0.80620118155
72870,0.352246479420401,,0.0,0.352246479420401,0.80509335668
72875,0.35223122055391415,,0.0,0.35223122055391415,0.80504807225
72880,0.3522181509318788,,0.0,0.3522181509318788,0.80578583894
72885,0.35220769643018623,,0.0,0.35220769643018623,0.80695278987
72890,0.35219959919509225,,0.0,0.35219959919509225,0.8088313751
72895,0.35219350647103365,,0.0,0.35219350647103365,0.80959913423
72900,0.3521891483994362,,0.0,0.3521891483994362,0.8091674188
72905,0.3521863414064413,,0.0,0.3521863414064413,0.80972475027
72910,0.35218489709806916,,0.0,0.35218489709806916,0.80929113194
72915,0.35218490948941833,,0.0,0.35218490948941833,0.80991943261
72920,0.35218655519700276,,0.0,0.35218655519700276,0.80859981248
72925,0.3521898668021129,,0.0,0.3521898668021129,0.80959290726
72930,0.3521947737308998,,0.0,0.3521947737308998,0.80936860966
72935,0.3522011150095067,,0.0,0.3522011150095067,0.80759239208
72940,0.35220867241377013,,0.0,0.35220867241377013,0.80674327187
72945,0.35221728292355564,,0.0,0.35221728292355564,0.80578326632
72950,0.35222691714067145,,0.0,0.35222691714067145,0.80707093251
72955,0.3522376029399692,,0.0,0.3522376029399692,0.8057412703
72960,0.35224947246552435,,0.0,0.35224947246552435,0.80447673041
72965,0.3522627293674549,,0.0,0.3522627293674549,0.80388048628
72970,0.3522773407916332,,0.0,0.3522773407916332,0.80415643848
72975,0.35229311165957194,,0.0,0.35229311165957194,0.80457959945
72980,0.35230984807507765,,0.0,0.35230984807507765,0.80334446803
72985,0.35232728759164905,,0.0,0.35232728759164905,0.80240510885
72990,0.3523452093704344,,0.0,0.3523452093704344,0.7996268357
72995,0.35236353608486787,,0.0,0.35236353608486787,0.79657430818
73000,0.35238222198927144,,0.0,0.35238222198927144,0.79384812428
73005,0.35240121262991825,,0.0,0.35240121262991825,0.78976050063
73010,0.35242047442511515,,0.0,0.35242047442511515,0.7907050393
73015,0.35243999373301005,,0.0,0.35243999373301005,0.79186405882
73020,0.3524597986558185,,0.0,0.3524597986558185,0.79230105705
73025,0.35247990049354155,,0.0,0.35247990049354155,0.79241085334
73030,0.3525001799936539,,0.0,0.3525001799936539,0.79285998335
73035,0.3525206779225574,,0.0,0.3525206779225574,0.79329192334
73040,0.35254122339331606,,0.0,0.35254122339331606,0.79713690072
73045,0.3525615278125453,,0.0,0.3525615278125453,0.80078768247
73050,0.3525814588997508,,0.0,0.3525814588997508,0.80289150885
73055,0.3526009630651896,,0.0,0.3526009630651896,0.80669937526
73060,0.3526199127575432,,0.0,0.3526199127575432,0.81516449652
73065,0.3526381749460154,,0.0,0.3526381749460154,0.82246791983
73070,0.3526559831563807,,0.0,0.3526559831563807,0.82815790903
73075,0.35267410601606847,,0.0,0.35267410601606847,0.82974593524
73080,0.3526916304076974,,0.0,0.3526916304076974,0.83111010554
73085,0.3527083770318558,,0.0,0.3527083770318558,0.83072910965
73090,0.3527242970961855,,0.0,0.3527242970961855,0.82884085672
73095,0.35273932239142514,,0.0,0.35273932239142514,0.82638378987
73100,0.3527533123155507,,0.0,0.3527533123155507,0.8230690297
73105,0.3527661384077867,,0.0,0.3527661384077867,0.81989307022
73110,0.3527777388705423,,0.0,0.3527777388705423,0.81752447376
73115,0.35278811229415963,,0.0,0.35278811229415963,0.8159671408
73120,0.35279719997320086,,0.0,0.35279719997320086,0.81292805054
73125,0.3528050140261783,,0.0,0.3528050140261783,0.80779848702
73130,0.35281173359334844,,0.0,0.35281173359334844,0.80408541431
73135,0.35281745278075566,,0.0,0.35281745278075566,0.80375070499
73140,0.35282221724313206,,0.0,0.35282221724313206,0.80405211803
73145,0.35282625707305254,,0.0,0.35282625707305254,0.80310915745
73150,0.3528296056021095,,0.0,0.3528296056021095,0.80607989181
73155,0.35283183686346603,,0.0,0.35283183686346603,0.80741486073
73160,0.3528325946456229,,0.0,0.3528325946456229,0.81022743561
73165,0.35283160899906035,,0.0,0.35283160899906035,0.81437991451
73170,0.35282871872255733,,0.0,0.35282871872255733,0.81721653307
73175,0.3528237462219339,,0.0,0.3528237462219339,0.82123391212
73180,0.3528168416939835,,0.0,0.3528168416939835,0.82569443037
73185,0.3528082121538141,,0.0,0.3528082121538141,0.82712663126
73190,0.35279796050646467,,0.0,0.35279796050646467,0.82880353887
73195,0.3527861654654229,,0.0,0.3527861654654229,0.83215250906
73200,0.3527727874920535,,0.0,0.3527727874920535,0.83806810763
73205,0.35275770899359005,,0.0,0.35275770899359005,0.8440036498
73210,0.3527409178060475,,0.0,0.3527409178060475,0.85012540357
73215,0.35272254279945703,,0.0,0.35272254279945703,0.85208076364
73220,0.3527028899150921,,0.0,0.3527028899150921,0.85240226148
73225,0.35268244844072055,,0.0,0.35268244844072055,0.85385681644
73230,0.352661515132102,,0.0,0.352661515132102,0.85560515307
73235,0.35264001727816385,,0.0,0.35264001727816385,0.85725489257
73240,0.3526180167447061,,0.0,0.3526180167447061,0.86026151901
73245,0.3525955957238888,,0.0,0.3525955957238888,0.8614943613
73250,0.35257279359519206,,0.0,0.35257279359519206,0.86017494525
73255,0.3525495402167587,,0.0,0.3525495402167587,0.86031474672
73260,0.35252586275861136,,0.0,0.35252586275861136,0.86065276913
73265,0.3525019281515488,,0.0,0.3525019281515488,0.86295875069
73270,0.35247796050846736,,0.0,0.35247796050846736,0.86472483776
73275,0.35245420326822063,,0.0,0.35245420326822063,0.8615624213
73280,0.3524308774742883,,0.0,0.3524308774742883,0.85717958262
73285,0.3524082384111989,,0.0,0.3524082384111989,0.85747851399
73290,0.35238652815362104,,0.0,0.35238652815362104,0.85856711504
73295,0.3523658944428146,,0.0,0.3523658944428146,0.85915645681
73300,0.35234641651520493,,0.0,0.35234641651520493,0.85952080083
73305,0.3523282998398235,,0.0,0.3523282998398235,0.85944927966
73310,0.35231140172289566,,0.0,0.35231140172289566,0.85978781499
73315,0.3522956348338305,,0.0,0.3522956348338305,0.86599446683
73320,0.3522809639766491,,0.0,0.3522809639766491,0.87444893939
73325,0.35226738328535506,,0.0,0.35226738328535506,0.87961963439
73330,0.3522548513341904,,0.0,0.3522548513341904,0.88304473047
73335,0.3522433122370335,,0.0,0.3522433122370335,0.88496709934
73340,0.3522333143963454,,0.0,0.3522333143963454,0.88489129324
73345,0.35222523716930143,,0.0,0.35222523716930143,0.88201417535
73350,0.35221834701076865,,0.0,0.35221834701076865,0.88034793805
73355,0.3522125970609847,,0.0,0.3522125970609847,0.88147532242
73360,0.35220803506643233,,0.0,0.35220803506643233,0.8807878491
73365,0.35220468967500135,,0.0,0.35220468967500135,0.87946574416
73370,0.3522025210524832,,0.0,0.3522025210524832,0.87830743685
73375,0.3522015312678921,,0.0,0.3522015312678921,0.87427163148
73380,0.3522018056055412,,0.0,0.3522018056055412,0.86813185552
73385,0.3522034535412948,,0.0,0.3522034535412948,0.86326169525
73390,0.35220647516609865,,0.0,0.35220647516609865,0.85864737014
73395,0.3522111374964744,,0.0,0.3522111374964744,0.85591386292
73400,0.35221765966604235,,0.0,0.35221765966604235,0.85499226158
73405,0.352226161382056,,0.0,0.352226161382056,0.85355554705
73410,0.35223666069723325,,0.0,0.35223666069723325,0.85154945666
73415,0.3522494675317211,,0.0,0.3522494675317211,0.85143099019
73420,0.35226430916215645,,0.0,0.35226430916215645,0.85138675178
73425,0.35228074468387394,,0.0,0.35228074468387394,0.85225009464
73430,0.3522983972407049,,0.0,0.3522983972407049,0.85495081895
73435,0.3523169549344336,,0.0,0.3523169549344336,0.85958304987
73440,0.35233614499622407,,0.0,0.35233614499622407,0.86478019216
73445,0.3523559097210412,,0.0,0.3523559097210412,0.86990790025
73450,0.35237635433303877,,0.0,0.35237635433303877,0.87392448727
73455,0.35239748008272004,,0.0,0.35239748008272004,0.87856154244
73460,0.3524192170101191,,0.0,0.3524192170101191,0.88293684084
73465,0.3524413776307131,,0.0,0.3524413776307131,0.89231731152
73470,0.3524637460167171,,0.0,0.3524637460167171,0.89888587505
73475,0.35248613804859835,,0.0,0.35248613804859835,0.90507146014
73480,0.35250848629013387,,0.0,0.35250848629013387,0.90832362647
73485,0.3525306976811547,,0.0,0.3525306976811547,0.91112301438
73490,0.35255282849430153,,0.0,0.35255282849430153,0.91304741164
73495,0.3525751709835227,,0.0,0.3525751709835227,0.91452799283
73500,0.35259776264117537,,0.0,0.35259776264117537,0.91813942441
73505,0.3526203537076812,,0.0,0.3526203537076812,0.92185373405
73510,0.35264268303251495,,0.0,0.35264268303251495,0.92304943272
73515,0.35266449956012197,,0.0,0.35266449956012197,0.92293213037
73520,0.3526854770910783,,0.0,0.3526854770910783,0.92528603398
73525,0.3527053462215381,,0.0,0.3527053462215381,0.92672360022
73530,0.3527239874261391,,0.0,0.3527239874261391,0.92698304006
73535,0.3527413553229861,,0.0,0.3527413553229861,0.9243164511
73540,0.3527574488434673,,0.0,0.3527574488434673,0.91752083948
73545,0.352772275672493,,0.0,0.352772275672493,0.9079753295
73550,0.3527858605927612,,0.0,0.3527858605927612,0.89916770956
73555,0.3527982812718843,,0.0,0.3527982812718843,0.89179038209
73560,0.3528095622651963,,0.0,0.3528095622651963,0.88713571817
73565,0.3528196161966335,,0.0,0.3528196161966335,0.88426864929
73570,0.3528283062156813,,0.0,0.3528283062156813,0.88456921683
73575,0.3528356798187219,,0.0,0.3528356798187219,0.88798604541
73580,0.3528414637139817,,0.0,0.3528414637139817,0.8914801874
73585,0.35284544495214665,,0.0,0.35284544495214665,0.89352010994
73590,0.3528474992332064,,0.0,0.3528474992332064,0.89363222202
73595,0.3528475287223437,,0.0,0.3528475287223437,0.89452588128
73600,0.3528453444571683,,0.0,0.3528453444571683,0.89497606156
73605,0.35284089437127736,,0.0,0.35284089437127736,0.89616241699
73610,0.352834760721662,,0.0,0.352834760721662,0.89557455404
73615,0.3528272757783704,,0.0,0.3528272757783704,0.89594452423
73620,0.35281780608199287,,0.0,0.35281780608199287,0.89536008662
73625,0.3528064542192583,,0.0,0.3528064542192583,0.89623847385
73630,0.352793286284941,,0.0,0.352793286284941,0.90132921643
73635,0.3527783338371925,,0.0,0.3527783338371925,0.90711401424
73640,0.35276167190620017,,0.0,0.35276167190620017,0.91107444449
73645,0.35274346417145486,,0.0,0.35274346417145486,0.91229710371
73650,0.3527239438176847,,0.0,0.3527239438176847,0.90983691143
73655,0.35270328618816393,,0.0,0.35270328618816393,0.90976612931
73660,0.3526817344943822,,0.0,0.3526817344943822,0.90706531302
73665,0.3526597571520734,,0.0,0.3526597571520734,0.90404308359
73670,0.35263764450532653,,0.0,0.35263764450532653,0.90290679152
73675,0.3526155715336333,,0.0,0.3526155715336333,0.90653557859
73680,0.35259374679817845,,0.0,0.35259374679817845,0.91016251048
73685,0.35257265851811814,,0.0,0.35257265851811814,0.91199892864
73690,0.3525521769821738,,0.0,0.3525521769821738,0.91428663031
73695,0.3525321106587395,,0.0,0.3525321106587395,0.91887162771
73700,0.35251227329105905,,0.0,0.35251227329105905,0.92372269476
73705,0.35249252295839606,,0.0,0.35249252295839606,0.9301547409
73710,0.35247280218307964,,0.0,0.35247280218307964,0.93111026659
73715,0.35245335763253516,,0.0,0.35245335763253516,0.92894884354
73720,0.35243440523454755,,0.0,0.35243440523454755,0.93469043899
73725,0.3524160403684007,,0.0,0.3524160403684007,0.9433765609
73730,0.3523982622155832,,0.0,0.3523982622155832,0.95052037243
73735,0.3523809567756831,,0.0,0.3523809567756831,0.95553767193
73740,0.35236406356982214,,0.0,0.35236406356982214,0.95965314587
73745,0.35234767765897396,,0.0,0.35234767765897396,0.9603200954
73750,0.35233190049304675,,0.0,0.35233190049304675,0.96002381813
73755,0.3523168022366339,,0.0,0.3523168022366339,0.9600669169
73760,0.3523024365476877,,0.0,0.3523024365476877,0.95997608672
73765,0.35228884571595015,,0.0,0.35228884571595015,0.95984765723
73770,0.3522761791651764,,0.0,0.3522761791651764,0.95996944116
73775,0.3522648029517356,,0.0,0.3522648029517356,0.95798159497
73780,0.35225484569555804,,0.0,0.35225484569555804,0.95924695761
73785,0.3522462303201786,,0.0,0.3522462303201786,0.96125882264
73790,0.3522388335487256,,0.0,0.3522388335487256,0.96270787343
73795,0.35223256625443083,,0.0,0.35223256625443083,0.96387612262
73800,0.35222744442099796,,0.0,0.35222744442099796,0.9647115993
73805,0.3522235658377712,,0.0,0.3522235658377712,0.96296111621
73810,0.3522210223144164,,0.0,0.3522210223144164,0.95743948042
73815,0.35221987942277005,,0.0,0.35221987942277005,0.95013626859
73820,0.3522202165129395,,0.0,0.3522202165129395,0.94814120701
73825,0.35222213176078826,,0.0,0.35222213176078826,0.94658723212
73830,0.3522256664783922,,0.0,0.3522256664783922,0.9469367171
73835,0.3522307073929048,,0.0,0.3522307073929048,0.95003617152
73840,0.35223706363207635,,0.0,0.35223706363207635,0.9518312486
73845,0.3522446831522404,,0.0,0.3522446831522404,0.95559705266
73850,0.35225347605359064,,0.0,0.35225347605359064,0.9582355441
73855,0.3522631551751369,,0.0,0.3522631551751369,0.96005678458
73860,0.3522735791645532,,0.0,0.3522735791645532,0.96204791536
73865,0.352284594460056,,0.0,0.352284594460056,0.96331946561
73870,0.35229600154955576,,0.0,0.35229600154955576,0.96466801889
73875,0.3523077326330469,,0.0,0.3523077326330469,0.96508730334
73880,0.3523204206924744,,0.0,0.3523204206924744,0.96496085775
73885,0.35233446597978374,,0.0,0.35233446597978374,0.96350048466
73890,0.3523493163864773,,0.0,0.3523493163864773,0.96455339208
73895,0.35236498555440743,,0.0,0.35236498555440743,0.97047112085
73900,0.3523814140733075,,0.0,0.3523814140733075,0.97473867578
73905,0.3523985241391467,,0.0,0.3523985241391467,0.97765780057
73910,0.35241632154971225,,0.0,0.35241632154971225,0.97887281202
73915,0.35243489067986045,,0.0,0.35243489067986045,0.97719746596
73920,0.35245423589498404,,0.0,0.35245423589498404,0.97672586507
73925,0.352474336163894,,0.0,0.352474336163894,0.97653644798
73930,0.3524953932950583,,0.0,0.3524953932950583,0.97573283121
73935,0.35251749161786033,,0.0,0.35251749161786033,0.9754259422
73940,0.3525405898429605,,0.0,0.3525405898429605,0.97442782706
73945,0.35256462796894533,,0.0,0.35256462796894533,0.97440662732
73950,0.3525898494801413,,0.0,0.3525898494801413,0.97606655938
73955,0.35261582027007293,,0.0,0.35261582027007293,0.98031276306
73960,0.35264195201112486,,0.0,0.35264195201112486,0.98391360141
73965,0.3526677118980205,,0.0,0.3526677118980205,0.98776141949
73970,0.3526927039759978,,0.0,0.3526927039759978,0.98888264605
73975,0.35271657342047935,,0.0,0.35271657342047935,0.98827555503
73980,0.3527392281489624,,0.0,0.3527392281489624,0.98691598805
73985,0.35276066516023946,,0.0,0.35276066516023946,0.98574118412
73990,0.3527807719317657,,0.0,0.3527807719317657,0.99029028642
73995,0.35279939151403084,,0.0,0.35279939151403084,0.99566896665
74000,0.3528162484325648,,0.0,0.3528162484325648,0.99965234016
74005,0.35283103967909246,,0.0,0.35283103967909246,1.0037654281
74010,0.35284356947029727,,0.0,0.35284356947029727,1.0079962073
74015,0.3528537525446026,,0.0,0.3528537525446026,1.0128875256
74020,0.35286156780261024,,0.0,0.35286156780261024,1.0139661233
74025,0.3528669867783219,,0.0,0.3528669867783219,1.0104422103
74030,0.3528700068115764,,0.0,0.3528700068115764,1.0075423981
74035,0.3528707389243146,,0.0,0.3528707389243146,1.0103982956
74040,0.3528694919908083,,0.0,0.3528694919908083,1.011851136
74045,0.3528664223012116,,0.0,0.3528664223012116,1.0104750012
74050,0.3528614730599463,,0.0,0.3528614730599463,1.0085338793
74055,0.35285450573400257,,0.0,0.35285450573400257,1.0082522941
74060,0.35284546373243,,0.0,0.35284546373243,1.0102297584
74065,0.35283443647757007,,0.0,0.35283443647757007,1.0116609416
74070,0.352821570687544,,0.0,0.352821570687544,1.0132015301
74075,0.3528070313378184,,0.0,0.3528070313378184,1.0141371746
74080,0.3527909717173401,,0.0,0.3527909717173401,1.012741462
74085,0.35277355207240013,,0.0,0.35277355207240013,1.0106648329
74090,0.3527549499744423,,0.0,0.3527549499744423,1.00856968
74095,0.35273527032931046,,0.0,0.35273527032931046,1.0082779286
74100,0.35271450938549526,,0.0,0.35271450938549526,1.0092392311
74105,0.35269270581764783,,0.0,0.35269270581764783,1.0131222369
74110,0.3526699904738679,,0.0,0.3526699904738679,1.0161160266
74115,0.3526462379173238,,0.0,0.3526462379173238,1.022355839
74120,0.35262143973554005,,0.0,0.35262143973554005,1.0278144769
74125,0.35259563780900305,,0.0,0.35259563780900305,1.0281072633
74130,0.35256900850412615,,0.0,0.35256900850412615,1.0264440317
74135,0.3525417085430555,,0.0,0.3525417085430555,1.0268768983
74140,0.3525141278326652,,0.0,0.3525141278326652,1.0252283228
74145,0.3524874413911637,,0.0,0.3524874413911637,1.0241737967
74150,0.3524612010609678,,0.0,0.3524612010609678,1.0209462105
74155,0.35243548548735565,,0.0,0.35243548548735565,1.0175203322
74160,0.3524104769027371,,0.0,0.3524104769027371,1.0200704416
74165,0.3523862843282482,,0.0,0.3523862843282482,1.0238297277
74170,0.35236298640916724,,0.0,0.35236298640916724,1.0271008512
74175,0.35234071567608904,,0.0,0.35234071567608904,1.0284343293
74180,0.3523196551799345,,0.0,0.3523196551799345,1.0250039285
74185,0.3522998757446534,,0.0,0.3522998757446534,1.0202623203
74190,0.35228166785075316,,0.0,0.35228166785075316,1.0137332085
74195,0.3522653240704921,,0.0,0.3522653240704921,1.0091285263
74200,0.35225105316968275,,0.0,0.35225105316968275,1.0073114292
74205,0.3522389949773107,,0.0,0.3522389949773107,1.0073134051
74210,0.35222948085396766,,0.0,0.35222948085396766,1.0093765039
74215,0.35222256106987904,,0.0,0.35222256106987904,1.0113883484
74220,0.3522178145238019,,0.0,0.3522178145238019,1.0109746322
74225,0.3522148792746594,,0.0,0.3522148792746594,1.0091951294
74230,0.35221346438721524,,0.0,0.35221346438721524,1.0118255276
74235,0.3522133272411272,,0.0,0.3522133272411272,1.0131104689
74240,0.3522142660961365,,0.0,0.3522142660961365,1.0125817145
74245,0.3522164169387738,,0.0,0.3522164169387738,1.008404858
74250,0.35221986496240665,,0.0,0.35221986496240665,1.0046178517
74255,0.35222458458856193,,0.0,0.35222458458856193,1.0063430156
74260,0.35223050121904426,,0.0,0.35223050121904426,1.0103292121
74265,0.3522374197526297,,0.0,0.3522374197526297,1.0138188523
74270,0.3522451601168684,,0.0,0.3522451601168684,1.0153048823
74275,0.3522536852059223,,0.0,0.3522536852059223,1.0160491513
74280,0.35226313086990346,,0.0,0.35226313086990346,1.0130982232
74285,0.3522737784038056,,0.0,0.3522737784038056,1.0106137437
74290,0.35228569624425415,,0.0,0.35228569624425415,1.0079382061
74295,0.35229871361799536,,0.0,0.35229871361799536,1.0061331262
74300,0.3523126271477482,,0.0,0.3523126271477482,1.008663958
74305,0.3523272399588482,,0.0,0.3523272399588482,1.0101732411
74310,0.3523423002681753,,0.0,0.3523423002681753,1.0086515578
74315,0.3523575252119229,,0.0,0.3523575252119229,1.0054076981
74320,0.3523727741880668,,0.0,0.3523727741880668,1.004103273
74325,0.3523880142515339,,0.0,0.3523880142515339,1.0044645504
74330,0.35240322825906323,,0.0,0.35240322825906323,1.005027602
74335,0.35241842130361284,,0.0,0.35241842130361284,1.0072165883
74340,0.3524336091869951,,0.0,0.3524336091869951,1.0125506365
74345,0.35244882130740146,,0.0,0.35244882130740146,1.0175888922
74350,0.35246412169059205,,0.0,0.35246412169059205,1.0181611568
74355,0.3524796849522758,,0.0,0.3524796849522758,1.0142370814
74360,0.3524953904757422,,0.0,0.3524953904757422,1.0125310295
74365,0.3525110866545398,,0.0,0.3525110866545398,1.0145896298
74370,0.3525266828158239,,0.0,0.3525266828158239,1.0159981631
74375,0.35254214335436,,0.0,0.35254214335436,1.019018033
74380,0.35255739942426717,,0.0,0.35255739942426717,1.0205629263
74385,0.35257236344485365,,0.0,0.35257236344485365,1.0277522639
74390,0.3525870284360386,,0.0,0.3525870284360386,1.0305655385
74395,0.3526017423332638,,0.0,0.3526017423332638,1.0309806006
74400,0.3526172436836747,,0.0,0.3526172436836747,1.0284231506
74405,0.3526325568674699,,0.0,0.3526325568674699,1.0250541582
74410,0.35264752513976716,,0.0,0.35264752513976716,1.0197842668
74415,0.35266214720459027,,0.0,0.35266214720459027,1.0157350962
74420,0.35267644857220304,,0.0,0.35267644857220304,1.0123345904
74425,0.35269037528907976,,0.0,0.35269037528907976,1.0112376456
74430,0.3527037548312621,,0.0,0.3527037548312621,1.0116756658
74435,0.35271644302710814,,0.0,0.35271644302710814,1.0109142628
74440,0.3527283690754045,,0.0,0.3527283690754045,1.0112222494
74445,0.35273937145662043,,0.0,0.35273937145662043,1.0074785566
74450,0.3527495816782118,,0.0,0.3527495816782118,1.0038917933
74455,0.35275918285930874,,0.0,0.35275918285930874,0.99990621079
74460,0.3527683058252746,,0.0,0.3527683058252746,0.99606100121
74465,0.3527770281755122,,0.0,0.3527770281755122,0.99030146098
74470,0.35278539599674585,,0.0,0.35278539599674585,0.98661606621
74475,0.3527936604127394,,0.0,0.3527936604127394,0.98580640414
74480,0.3528015305337296,,0.0,0.3528015305337296,0.9869136621
74485,0.3528085862361396,,0.0,0.3528085862361396,0.99134258065
74490,0.35281441940122243,,0.0,0.35281441940122243,0.99161581363
74495,0.3528186906424302,,0.0,0.3528186906424302,0.99093229442
74500,0.35282112944183247,,0.0,0.35282112944183247,0.99117659994
74505,0.35282147542194225,,0.0,0.35282147542194225,0.99035458686
74510,0.35281982287069535,,0.0,0.35281982287069535,0.99053590354
74515,0.35281626209715355,,0.0,0.35281626209715355,0.98913475474
74520,0.35281082345443826,,0.0,0.35281082345443826,0.98939568184
74525,0.35280348247816096,,0.0,0.35280348247816096,0.99166047066
74530,0.3527941465628813,,0.0,0.3527941465628813,0.99414130569
74535,0.35278282830457613,,0.0,0.35278282830457613,0.99641137622
74540,0.3527698492644398,,0.0,0.3527698492644398,0.99439508508
74545,0.3527556329992488,,0.0,0.3527556329992488,0.99314092455
74550,0.3527402893713866,,0.0,0.3527402893713866,0.9937346116
74555,0.35272377827380746,,0.0,0.35272377827380746,0.99628989903
74560,0.35270606103186036,,0.0,0.35270606103186036,0.99625095048
74565,0.3526870613875911,,0.0,0.3526870613875911,0.99674226236
74570,0.35266670335588257,,0.0,0.35266670335588257,0.99944851274
74575,0.35264512046773194,,0.0,0.35264512046773194,1.0027081663
74580,0.35262235692274063,,0.0,0.35262235692274063,1.0013743312
74585,0.35259855452796296,,0.0,0.35259855452796296,0.99619100798
74590,0.35257402581823427,,0.0,0.35257402581823427,0.99033106695
74595,0.35254908210062325,,0.0,0.35254908210062325,0.9869351383
74600,0.35252404982465463,,0.0,0.35252404982465463,0.98490238477
74605,0.3524992282925671,,0.0,0.3524992282925671,0.98720877151
74610,0.35247486881001566,,0.0,0.35247486881001566,0.98762440917
74615,0.35245122150036184,,0.0,0.35245122150036184,0.98766819658
74620,0.35242864907772076,,0.0,0.35242864907772076,0.98740983841
74625,0.35240724628475656,,0.0,0.35240724628475656,0.9853392239
74630,0.3523869243130108,,0.0,0.3523869243130108,0.98287141893
74635,0.35236764382847624,,0.0,0.35236764382847624,0.98212691701
74640,0.3523494018981546,,0.0,0.3523494018981546,0.98192118306
74645,0.3523321864035338,,0.0,0.3523321864035338,0.98194653206
74650,0.35231592265547274,,0.0,0.35231592265547274,0.98114124177
74655,0.3523005424674464,,0.0,0.3523005424674464,0.98335458572
74660,0.3522861784609953,,0.0,0.3522861784609953,0.98194708585
74665,0.3522736775677809,,0.0,0.3522736775677809,0.97823889657
74670,0.3522625925851495,,0.0,0.3522625925851495,0.96980257494
74675,0.3522525082551181,,0.0,0.3522525082551181,0.96266191468
74680,0.35224332653824186,,0.0,0.35224332653824186,0.95852611247
74685,0.3522350957039414,,0.0,0.3522350957039414,0.95549453642
74690,0.3522278463327021,,0.0,0.3522278463327021,0.95275162064
74695,0.3522215433649637,,0.0,0.3522215433649637,0.95198795366
74700,0.35221622272427044,,0.0,0.35221622272427044,0.9518730247
74705,0.3522118319804368,,0.0,0.3522118319804368,0.94980224268
74710,0.3522086878745361,,0.0,0.3522086878745361,0.94894394058
74715,0.35220714270740283,,0.0,0.35220714270740283,0.94745709678
74720,0.35220750035129633,,0.0,0.35220750035129633,0.94257346083
74725,0.3522100193420535,,0.0,0.3522100193420535,0.93734430274
74730,0.35221485692475807,,0.0,0.35221485692475807,0.93251236441
74735,0.3522221037722547,,0.0,0.3522221037722547,0.92752551027
74740,0.35223207398819184,,0.0,0.35223207398819184,0.9240772084
74745,0.35224447397717235,,0.0,0.35224447397717235,0.92438841123
74750,0.3522589195619,,0.0,0.3522589195619,0.9280003792
74755,0.3522750557131695,,0.0,0.3522750557131695,0.93272046805
74760,0.35229255811867993,,0.0,0.35229255811867993,0.93756366608
74765,0.35231112208766063,,0.0,0.35231112208766063,0.93921469543
74770,0.35233075612353304,,0.0,0.35233075612353304,0.93992199782
74775,0.3523514470164369,,0.0,0.3523514470164369,0.94062409935
74780,0.3523731110508721,,0.0,0.3523731110508721,0.94253145663
74785,0.35239549887651556,,0.0,0.35239549887651556,0.94356955155
74790,0.35241829227442684,,0.0,0.35241829227442684,0.94317823348
74795,0.35244128834479,,0.0,0.35244128834479,0.94395936131
74800,0.35246431990670546,,0.0,0.35246431990670546,0.94761943891
74805,0.35248737165856225,,0.0,0.35248737165856225,0.94807803728
74810,0.3525106223086251,,0.0,0.3525106223086251,0.94932085143
74815,0.35253415427641804,,0.0,0.35253415427641804,0.95135015704
74820,0.3525577573637341,,0.0,0.3525577573637341,0.9537251686
74825,0.352581121036543,,0.0,0.352581121036543,0.95767945714
74830,0.3526039899421066,,0.0,0.3526039899421066,0.95897554072
74835,0.35262617727799467,,0.0,0.35262617727799467,0.9579696433
74840,0.35264746011360465,,0.0,0.35264746011360465,0.95235697127
74845,0.35266764421169683,,0.0,0.35266764421169683,0.94808290355
74850,0.3526867068131143,,0.0,0.3526867068131143,0.94515471049
74855,0.35270470521363656,,0.0,0.35270470521363656,0.93953725697
74860,0.35272171151045284,,0.0,0.35272171151045284,0.93615916026
74865,0.3527377737456196,,0.0,0.3527377737456196,0.93238131712
74870,0.35275291320042623,,0.0,0.35275291320042623,0.93000311222
74875,0.35276717189177786,,0.0,0.35276717189177786,0.92750121855
74880,0.3527805408387883,,0.0,0.3527805408387883,0.92647266826
74885,0.35279290667766533,,0.0,0.35279290667766533,0.92641387091
74890,0.35280430699171184,,0.0,0.35280430699171184,0.92547530512
74895,0.35281443188351724,,0.0,0.35281443188351724,0.92598226847
74900,0.3528229777536594,,0.0,0.3528229777536594,0.92410052727
74905,0.35282975370715225,,0.0,0.35282975370715225,0.91979990569
74910,0.3528345722140001,,0.0,0.3528345722140001,0.91561000238
74915,0.3528373489448194,,0.0,0.3528373489448194,0.91141220098
74920,0.3528380805118835,,0.0,0.3528380805118835,0.90907040253
74925,0.3528369466238596,,0.0,0.3528369466238596,0.90858862688
74930,0.3528348044892713,,0.0,0.3528348044892713,0.90842858315
74935,0.3528308280939638,,0.0,0.3528308280939638,0.9088762465
74940,0.35282485739627373,,0.0,0.35282485739627373,0.90399439129
74945,0.3528170133084849,,0.0,0.3528170133084849,0.89497405593
74950,0.35280742124469255,,0.0,0.35280742124469255,0.88832021393
74955,0.3527961606686861,,0.0,0.3527961606686861,0.8864316191
74960,0.3527832550444514,,0.0,0.3527832550444514,0.88228598728
74965,0.3527687872235046,,0.0,0.3527687872235046,0.88029848101
74970,0.35275291981672463,,0.0,0.35275291981672463,0.87862991394
74975,0.3527357449748236,,0.0,0.3527357449748236,0.87742945719
74980,0.35271755497448626,,0.0,0.35271755497448626,0.87648784238
74985,0.35269877028033586,,0.0,0.35269877028033586,0.87542670289
74990,0.35267968958072765,,0.0,0.35267968958072765,0.87614905888
74995,0.3526604704163191,,0.0,0.3526604704163191,0.87880565189
75000,0.3526413332394425,,0.0,0.3526413332394425,0.8813957092
75005,0.35262267709701334,,0.0,0.35262267709701334,0.8822975136
75010,0.35260430061255554,,0.0,0.35260430061255554,0.88186396755
75015,0.35258591050898186,,0.0,0.35258591050898186,0.88203180288
75020,0.35256739419553834,,0.0,0.35256739419553834,0.8851570525
75025,0.3525486925802683,,0.0,0.3525486925802683,0.88702676399
75030,0.3525298184183034,,0.0,0.3525298184183034,0.88632883418
75035,0.3525110382714371,,0.0,0.3525110382714371,0.88797041994
75040,0.3524925200026614,,0.0,0.3524925200026614,0.89168795268
75045,0.3524743437123856,,0.0,0.3524743437123856,0.89320672442
75050,0.3524564998967859,,0.0,0.3524564998967859,0.89226770049
75055,0.35243885457013663,,0.0,0.35243885457013663,0.8908087605
75060,0.3524212850239768,,0.0,0.3524212850239768,0.89082413045
75065,0.352403783732551,,0.0,0.352403783732551,0.89115132623
75070,0.3523863843912346,,0.0,0.3523863843912346,0.89183950989
75075,0.35236924801935693,,0.0,0.35236924801935693,0.89187628663
75080,0.35235269242660305,,0.0,0.35235269242660305,0.89252614159
75085,0.35233712943775636,,0.0,0.35233712943775636,0.89269301892
75090,0.35232306441523403,,0.0,0.35232306441523403,0.89375954489
75095,0.35231061649787926,,0.0,0.35231061649787926,0.89599012432
75100,0.3522997278442384,,0.0,0.3522997278442384,0.89535637062
75105,0.35229025437361505,,0.0,0.35229025437361505,0.89006903549
75110,0.3522819799081237,,0.0,0.3522819799081237,0.88265064208
75115,0.3522748140704931,,0.0,0.3522748140704931,0.87434370918
75120,0.35226874778889145,,0.0,0.35226874778889145,0.86978052551
75125,0.35226376555708006,,0.0,0.35226376555708006,0.86661171205
75130,0.3522598709674134,,0.0,0.3522598709674134,0.86436043922
75135,0.3522570600864906,,0.0,0.3522570600864906,0.86173397714
75140,0.3522553610620002,,0.0,0.3522553610620002,0.85958369367
75145,0.35225485313036753,,0.0,0.35225485313036753,0.85709455572
75150,0.35225555707268086,,0.0,0.35225555707268086,0.85732756528
75155,0.3522574178213298,,0.0,0.3522574178213298,0.85771093852
75160,0.352260492080947,,0.0,0.352260492080947,0.85572614327
75165,0.3522645332977891,,0.0,0.3522645332977891,0.85607525599
75170,0.3522693136074506,,0.0,0.3522693136074506,0.85587047078
75175,0.35227472148778904,,0.0,0.35227472148778904,0.85489645481
75180,0.3522807269722024,,0.0,0.3522807269722024,0.85325574543
75185,0.35228721596933293,,0.0,0.35228721596933293,0.85093545024
75190,0.35229409125824673,,0.0,0.35229409125824673,0.84998618561
75195,0.35230148282305945,,0.0,0.35230148282305945,0.84978131905
75200,0.35231037289987066,,0.0,0.35231037289987066,0.8497788366
75205,0.35232020244557455,,0.0,0.35232020244557455,0.84950967125
75210,0.3523308120778638,,0.0,0.3523308120778638,0.84708254557
75215,0.3523422361969425,,0.0,0.3523422361969425,0.84327319232
75220,0.35235444940622906,,0.0,0.35235444940622906,0.83884389079
75225,0.3523673576224157,,0.0,0.3523673576224157,0.83479093489
75230,0.35238091307628305,,0.0,0.35238091307628305,0.83271270962
75235,0.35239512765897896,,0.0,0.35239512765897896,0.83033780196
75240,0.3524100688976723,,0.0,0.3524100688976723,0.82912682695
75245,0.35242569466177576,,0.0,0.35242569466177576,0.82685259925
75250,0.3524421746559317,,0.0,0.3524421746559317,0.82554009083
75255,0.3524596864970565,,0.0,0.3524596864970565,0.82613087135
75260,0.3524783310211749,,0.0,0.3524783310211749,0.82860984043
75265,0.3524980655747621,,0.0,0.3524980655747621,0.83205239337
75270,0.3525190529960613,,0.0,0.3525190529960613,0.83577255203
75275,0.35254121443516645,,0.0,0.35254121443516645,0.83698539345
75280,0.3525640836135671,,0.0,0.3525640836135671,0.83683463176
75285,0.3525872185579863,,0.0,0.3525872185579863,0.83643734603
75290,0.3526102638299633,,0.0,0.3526102638299633,0.83574314249
75295,0.35263292801679724,,0.0,0.35263292801679724,0.83797942651
75300,0.3526549406460306,,0.0,0.3526549406460306,0.83850419325
75305,0.3526763256591141,,0.0,0.3526763256591141,0.83819303003
75310,0.35269707584860244,,0.0,0.35269707584860244,0.83845862805
75315,0.35271706491368005,,0.0,0.35271706491368005,0.83611465607
75320,0.35273612656016784,,0.0,0.35273612656016784,0.83244938721
75325,0.3527539824488068,,0.0,0.3527539824488068,0.83120233883
75330,0.3527703405075399,,0.0,0.3527703405075399,0.82931836397
75335,0.35278501766270975,,0.0,0.35278501766270975,0.83015848455
75340,0.35279798292457526,,0.0,0.35279798292457526,0.83051199286
75345,0.3528092435915274,,0.0,0.3528092435915274,0.82854759674
75350,0.3528190703861244,,0.0,0.3528190703861244,0.82662856287
75355,0.35282770342770253,,0.0,0.35282770342770253,0.82221716576
75360,0.35283506079693894,,0.0,0.35283506079693894,0.81878083983
75365,0.35284099293366,,0.0,0.35284099293366,0.81653819116
75370,0.3528453015308065,,0.0,0.3528453015308065,0.81228792222
75375,0.3528476931521363,,0.0,0.3528476931521363,0.80791346982
75380,0.35284797058193856,,0.0,0.35284797058193856,0.80304632758
75385,0.3528461202465702,,0.0,0.3528461202465702,0.79807648649
75390,0.35284214198687625,,0.0,0.35284214198687625,0.79393210952
75395,0.35283607193102884,,0.0,0.35283607193102884,0.79210979242
75400,0.35282797960700163,,0.0,0.35282797960700163,0.79142392871
75405,0.3528179938393529,,0.0,0.3528179938393529,0.78976947496
75410,0.3528062813087809,,0.0,0.3528062813087809,0.78953507172
75415,0.35279294010020334,,0.0,0.35279294010020334,0.78971133313
75420,0.35277800784239616,,0.0,0.35277800784239616,0.79111016227
75425,0.35276173104362973,,0.0,0.35276173104362973,0.79578090169
75430,0.35274408692201076,,0.0,0.35274408692201076,0.79826957397
75435,0.3527250220924242,,0.0,0.3527250220924242,0.79824052039
75440,0.3527045658621157,,0.0,0.3527045658621157,0.80014760752
75445,0.3526828028105695,,0.0,0.3526828028105695,0.80512594355
75450,0.3526597819120353,,0.0,0.3526597819120353,0.81221512973
75455,0.352635588291671,,0.0,0.352635588291671,0.81693026028
75460,0.3526110826821455,,0.0,0.3526110826821455,0.81979718839
75465,0.3525865310086322,,0.0,0.3525865310086322,0.82068765053
75470,0.3525616048208013,,0.0,0.3525616048208013,0.81858928297
75475,0.35253650958768445,,0.0,0.35253650958768445,0.81601930539
75480,0.3525114875885778,,0.0,0.3525114875885778,0.81496919297
75485,0.3524866400460253,,0.0,0.3524866400460253,0.8134215557
75490,0.352462043058826,,0.0,0.352462043058826,0.81152686685
75495,0.35243783350023106,,0.0,0.35243783350023106,0.80791531049
75500,0.3524141785966127,,0.0,0.3524141785966127,0.80426330505
75505,0.3523911518093456,,0.0,0.3523911518093456,0.79934948688
75510,0.3523691239467106,,0.0,0.3523691239467106,0.79549203426
75515,0.35234841027191344,,0.0,0.35234841027191344,0.79469171852
75520,0.35232925176827457,,0.0,0.35232925176827457,0.79297672575
75525,0.35231181620784036,,0.0,0.35231181620784036,0.79373928811
75530,0.3522965641168068,,0.0,0.3522965641168068,0.79598090019
75535,0.3522834464299786,,0.0,0.3522834464299786,0.79910500694
75540,0.3522721630038696,,0.0,0.3522721630038696,0.80160313087
75545,0.3522624676257827,,0.0,0.3522624676257827,0.80272373913
75550,0.3522541818830269,,0.0,0.3522541818830269,0.80421262506
75555,0.3522471289317238,,0.0,0.3522471289317238,0.80520761816
75560,0.3522412153706582,,0.0,0.3522412153706582,0.80481513052
75565,0.35223663282238177,,0.0,0.35223663282238177,0.80565103505
75570,0.3522334803949511,,0.0,0.3522334803949511,0.80469245086
75575,0.35223171957287003,,0.0,0.35223171957287003,0.80421076409
75580,0.35223126093379686,,0.0,0.35223126093379686,0.80428938153
75585,0.35223188084230017,,0.0,0.35223188084230017,0.80272141656
75590,0.35223339547442073,,0.0,0.35223339547442073,0.80240700932
75595,0.35223574776174327,,0.0,0.35223574776174327,0.80370091045
75600,0.35223903810830026,,0.0,0.35223903810830026,0.80384325398
75605,0.35224353782779705,,0.0,0.35224353782779705,0.79982501809
75610,0.3522495217353474,,0.0,0.3522495217353474,0.7962737539
75615,0.3522569828281339,,0.0,0.3522569828281339,0.79404252746
75620,0.352265753061273,,0.0,0.352265753061273,0.79309921765
75625,0.3522756773496408,,0.0,0.3522756773496408,0.79182175494
75630,0.3522865710962399,,0.0,0.3522865710962399,0.79043402959
75635,0.3522981916807277,,0.0,0.3522981916807277,0.78688917816
75640,0.3523104152123491,,0.0,0.3523104152123491,0.78371981502
75645,0.3523232215011629,,0.0,0.3523232215011629,0.78316395485
75650,0.3523365774656773,,0.0,0.3523365774656773,0.78151468497
75655,0.35235045784572916,,0.0,0.35235045784572916,0.78046557913
75660,0.35236484704413407,,0.0,0.35236484704413407,0.78007808458
75665,0.3523797896242762,,0.0,0.3523797896242762,0.7802242908
75670,0.3523953151889748,,0.0,0.3523953151889748,0.78022910855
75675,0.3524113803798762,,0.0,0.3524113803798762,0.77993231892
75680,0.35242795375251085,,0.0,0.35242795375251085,0.78007113207
75685,0.35244505538313803,,0.0,0.35244505538313803,0.78222161554
75690,0.3524624249397438,,0.0,0.3524624249397438,0.78713886601
75695,0.35247990761004117,,0.0,0.35247990761004117,0.78903534842
75700,0.35249739830629495,,0.0,0.35249739830629495,0.79367407028
75705,0.3525148284554611,,0.0,0.3525148284554611,0.80284386402
75710,0.3525320823291596,,0.0,0.3525320823291596,0.81261309243
75715,0.3525490774396571,,0.0,0.3525490774396571,0.82053718555
75720,0.3525665238908367,,0.0,0.3525665238908367,0.82436583009
75725,0.3525842911301723,,0.0,0.3525842911301723,0.82560779888
75730,0.3526017577712933,,0.0,0.3526017577712933,0.82477792796
75735,0.35261880303833426,,0.0,0.35261880303833426,0.82298201066
75740,0.35263536665704454,,0.0,0.35263536665704454,0.82382907469
75745,0.3526513584320443,,0.0,0.3526513584320443,0.8213049394
75750,0.3526666295761982,,0.0,0.3526666295761982,0.8193336949
75755,0.35268107472893384,,0.0,0.35268107472893384,0.81769082055
75760,0.3526946594673107,,0.0,0.3526946594673107,0.81653837369
75765,0.3527074070961598,,0.0,0.3527074070961598,0.81391877553
75770,0.35271922482814916,,0.0,0.35271922482814916,0.80924181353
75775,0.35273025449306966,,0.0,0.35273025449306966,0.80485874719
75780,0.35274066393117687,,0.0,0.35274066393117687,0.80289018885
75785,0.35275054463382677,,0.0,0.35275054463382677,0.80258878159
75790,0.3527599454843232,,0.0,0.3527599454843232,0.80353043788
75795,0.35276918881689884,,0.0,0.35276918881689884,0.80308623089
75800,0.3527780575896841,,0.0,0.3527780575896841,0.8041982567
75805,0.35278612697266304,,0.0,0.35278612697266304,0.80427815553
75810,0.3527930278400499,,0.0,0.3527930278400499,0.80671493232
75815,0.3527984803974545,,0.0,0.3527984803974545,0.80976069157
75820,0.35280227201387304,,0.0,0.35280227201387304,0.81311760058
75825,0.3528042233216846,,0.0,0.3528042233216846,0.81722533661
75830,0.352804487132371,,0.0,0.352804487132371,0.81950715145
75835,0.35280315530107076,,0.0,0.35280315530107076,0.81975495168
75840,0.3528002702084717,,0.0,0.3528002702084717,0.82323841693
75845,0.3527958212139289,,0.0,0.3527958212139289,0.82881529228
75850,0.3527896558242706,,0.0,0.3527896558242706,0.83570674668
75855,0.35278161572580113,,0.0,0.35278161572580113,0.84101117907
75860,0.3527716569690199,,0.0,0.3527716569690199,0.84622702068
75865,0.3527598885977993,,0.0,0.3527598885977993,0.84688743863
75870,0.35274670790835005,,0.0,0.35274670790835005,0.84782713287
75875,0.35273258020151665,,0.0,0.35273258020151665,0.8479288132
75880,0.3527176083596014,,0.0,0.3527176083596014,0.84674324588
75885,0.3527017293572471,,0.0,0.3527017293572471,0.84819217991
75890,0.35268488269283865,,0.0,0.35268488269283865,0.85065480044
75895,0.3526670209609397,,0.0,0.3526670209609397,0.8496542552
75900,0.3526479931462455,,0.0,0.3526479931462455,0.85275884407
75905,0.3526277142600165,,0.0,0.3526277142600165,0.85474562183
75910,0.3526063643519662,,0.0,0.3526063643519662,0.85789796554
75915,0.3525841800627585,,0.0,0.3525841800627585,0.85878702239
75920,0.35256147231294294,,0.0,0.35256147231294294,0.85675573415
75925,0.3525385464753826,,0.0,0.3525385464753826,0.85296040845
75930,0.352515633824946,,0.0,0.352515633824946,0.85106129003
75935,0.3524930233415371,,0.0,0.3524930233415371,0.85286242596
75940,0.3524709790632065,,0.0,0.3524709790632065,0.85336115023
75945,0.3524496619410745,,0.0,0.3524496619410745,0.85275945435
75950,0.3524291745391336,,0.0,0.3524291745391336,0.85196478599
75955,0.3524097092302373,,0.0,0.3524097092302373,0.85526147405
75960,0.35239112261578176,,0.0,0.35239112261578176,0.86032969297
75965,0.35237334407644516,,0.0,0.35237334407644516,0.86624233561
75970,0.3523563547182621,,0.0,0.3523563547182621,0.87209304704
75975,0.35234016834223975,,0.0,0.35234016834223975,0.8762025725
75980,0.35232476189364786,,0.0,0.35232476189364786,0.8792136907
75985,0.352310105451357,,0.0,0.352310105451357,0.88125734097
75990,0.3522968023035473,,0.0,0.3522968023035473,0.87963170884
75995,0.3522851809232848,,0.0,0.3522851809232848,0.87949139867
76000,0.35227455116926354,,0.0,0.35227455116926354,0.88028285751
76005,0.3522648662726665,,0.0,0.3522648662726665,0.88091641577
76010,0.3522561692053284,,0.0,0.3522561692053284,0.88086188059
76015,0.35224845948978445,,0.0,0.35224845948978445,0.88011660039
76020,0.3522416960640592,,0.0,0.3522416960640592,0.87987834566
76025,0.3522359014144726,,0.0,0.3522359014144726,0.87453959038
76030,0.352231170579262,,0.0,0.352231170579262,0.86707925254
76035,0.35222758593247877,,0.0,0.35222758593247877,0.86104660792
76040,0.35222524453590165,,0.0,0.35222524453590165,0.86027866424
76045,0.3522244598110866,,0.0,0.3522244598110866,0.86155028023
76050,0.35222550286711074,,0.0,0.35222550286711074,0.86045750719
76055,0.3522285152609279,,0.0,0.3522285152609279,0.85792108216
76060,0.3522335777068306,,0.0,0.3522335777068306,0.85801950602
76065,0.3522410407549492,,0.0,0.3522410407549492,0.85758567625
76070,0.35225062708916366,,0.0,0.35225062708916366,0.85504411292
76075,0.3522618996700001,,0.0,0.3522618996700001,0.85508442935
76080,0.35227446847690236,,0.0,0.35227446847690236,0.8583576551
76085,0.35228802547684634,,0.0,0.35228802547684634,0.86226900658
76090,0.3523023073138739,,0.0,0.3523023073138739,0.86688789006
76095,0.35231734224935585,,0.0,0.35231734224935585,0.86972562991
76100,0.35233322327525163,,0.0,0.35233322327525163,0.8714489403
76105,0.3523499238808951,,0.0,0.3523499238808951,0.87508969902
76110,0.3523673609874059,,0.0,0.3523673609874059,0.88468334649
76115,0.35238532439657716,,0.0,0.35238532439657716,0.89255199995
76120,0.35240359747579475,,0.0,0.35240359747579475,0.89915158355
76125,0.3524220755920519,,0.0,0.3524220755920519,0.90502775016
76130,0.3524407039051025,,0.0,0.3524407039051025,0.90778554436
76135,0.3524594346684637,,0.0,0.3524594346684637,0.9093999977
76140,0.3524782647899821,,0.0,0.3524782647899821,0.90955584586
76145,0.35249739753325665,,0.0,0.35249739753325665,0.91331823653
76150,0.3525170090146,,0.0,0.3525170090146,0.91708473042
76155,0.35253693762353566,,0.0,0.35253693762353566,0.91917988264
76160,0.3525569429224175,,0.0,0.3525569429224175,0.92161629885
76165,0.3525768075510661,,0.0,0.3525768075510661,0.92481548931
76170,0.35259628336418863,,0.0,0.35259628336418863,0.92729972761
76175,0.35261519419999965,,0.0,0.35261519419999965,0.93064396638
76180,0.35263349217559764,,0.0,0.35263349217559764,0.93058754852
76185,0.35265117747287406,,0.0,0.35265117747287406,0.92694544837
76190,0.3526682530020906,,0.0,0.3526682530020906,0.9194298571
76195,0.3526846992553986,,0.0,0.3526846992553986,0.90957824841
76200,0.3527005082523144,,0.0,0.3527005082523144,0.90146900301
76205,0.3527156966586343,,0.0,0.3527156966586343,0.89873756889
76210,0.3527302138176135,,0.0,0.3527302138176135,0.89759558674
76215,0.35274389975579773,,0.0,0.35274389975579773,0.89989717355
76220,0.3527565308377556,,0.0,0.3527565308377556,0.90330252827
76225,0.3527681032665048,,0.0,0.3527681032665048,0.90651809732
76230,0.3527784288526935,,0.0,0.3527784288526935,0.90695868347
76235,0.35278724076169127,,0.0,0.35278724076169127,0.90827397842
76240,0.35279440189288286,,0.0,0.35279440189288286,0.90625787742
76245,0.35279979906436726,,0.0,0.35279979906436726,0.90750159514
76250,0.3528032277620427,,0.0,0.3528032277620427,0.90855856352
76255,0.3528046330092446,,0.0,0.3528046330092446,0.9083988609
76260,0.3528044867685883,,0.0,0.3528044867685883,0.90784058987
76265,0.35280328521697724,,0.0,0.35280328521697724,0.90909685265
76270,0.3528004746771007,,0.0,0.3528004746771007,0.9097566166
76275,0.3527960871618388,,0.0,0.3527960871618388,0.91497978558
76280,0.3527901278323589,,0.0,0.3527901278323589,0.92032776641
76285,0.3527825642437891,,0.0,0.3527825642437891,0.92291113302
76290,0.35277342950035756,,0.0,0.35277342950035756,0.92643824872
76295,0.3527628471517728,,0.0,0.3527628471517728,0.92510396857
76300,0.35275097751253554,,0.0,0.35275097751253554,0.92403301171
76305,0.3527379022291315,,0.0,0.3527379022291315,0.92237779217
76310,0.35272391819373883,,0.0,0.35272391819373883,0.91916155036
76315,0.352709370931739,,0.0,0.352709370931739,0.917971531
76320,0.3526944453584394,,0.0,0.3526944453584394,0.92072758272
76325,0.3526792496309921,,0.0,0.3526792496309921,0.92269686677
76330,0.35266414819148045,,0.0,0.35266414819148045,0.92347511485
76335,0.352649235873514,,0.0,0.352649235873514,0.92613790349
76340,0.35263421282918,,0.0,0.35263421282918,0.93037518509
76345,0.35261869356246983,,0.0,0.35261869356246983,0.93492957785
76350,0.35260250325304676,,0.0,0.35260250325304676,0.93904132136
76355,0.3525856248713319,,0.0,0.3525856248713319,0.94362108579
76360,0.3525681489537514,,0.0,0.3525681489537514,0.94316056519
76365,0.3525504274146208,,0.0,0.3525504274146208,0.94778369512
76370,0.352532652922367,,0.0,0.352532652922367,0.95737134871
76375,0.3525148900256877,,0.0,0.3525148900256877,0.96588910417
76380,0.3524971083714615,,0.0,0.3524971083714615,0.97237683348
76385,0.3524792105795997,,0.0,0.3524792105795997,0.97803084688
76390,0.3524612193183134,,0.0,0.3524612193183134,0.98092927046
76395,0.3524432822833899,,0.0,0.3524432822833899,0.98534957981
76400,0.35242549326256345,,0.0,0.35242549326256345,0.98741503084
76405,0.3524079798526257,,0.0,0.3524079798526257,0.98860405225
76410,0.3523908122181699,,0.0,0.3523908122181699,0.98912760873
76415,0.3523740154829408,,0.0,0.3523740154829408,0.99010437319
76420,0.35235776853709444,,0.0,0.35235776853709444,0.98891189086
76425,0.3523424906629601,,0.0,0.3523424906629601,0.99126098647
76430,0.3523283716641757,,0.0,0.3523283716641757,0.99550323288
76435,0.35231536552222625,,0.0,0.35231536552222625,0.99732852845
76440,0.3523033726743266,,0.0,0.3523033726743266,0.99931555729
76445,0.35229234187258507,,0.0,0.35229234187258507,1.0002450293
76450,0.3522823250924589,,0.0,0.3522823250924589,0.99901971149
76455,0.3522734199868737,,0.0,0.3522734199868737,0.99469771888
76460,0.35226570699728516,,0.0,0.35226570699728516,0.98734400446
76465,0.3522592410776214,,0.0,0.3522592410776214,0.98310043089
76470,0.35225409884961945,,0.0,0.35225409884961945,0.98093656439
76475,0.35225036084568023,,0.0,0.35225036084568023,0.98077952843
76480,0.35224803254528136,,0.0,0.35224803254528136,0.98290872681
76485,0.352247005973162,,0.0,0.352247005973162,0.98596898952
76490,0.3522471303868547,,0.0,0.3522471303868547,0.98858087245
76495,0.35224843782197574,,0.0,0.35224843782197574,0.99106204337
76500,0.35225084299421217,,0.0,0.35225084299421217,0.99225828841
76505,0.35225416271622445,,0.0,0.35225416271622445,0.99216191999
76510,0.35225831502321686,,0.0,0.35225831502321686,0.99384279471
76515,0.3522632123117615,,0.0,0.3522632123117615,0.99456770033
76520,0.3522686889925082,,0.0,0.3522686889925082,0.99372131451
76525,0.35227478562723114,,0.0,0.35227478562723114,0.99288546854
76530,0.3522822783918513,,0.0,0.3522822783918513,0.990597292
76535,0.35229133835519605,,0.0,0.35229133835519605,0.99082960458
76540,0.3523015082423775,,0.0,0.3523015082423775,0.99354248839
76545,0.352312796397662,,0.0,0.352312796397662,0.99632154883
76550,0.3523251388862352,,0.0,0.3523251388862352,0.99808521053
76555,0.35233846381553563,,0.0,0.35233846381553563,1.0001676265
76560,0.3523527679342553,,0.0,0.3523527679342553,0.99921434596
76565,0.35236806793092673,,0.0,0.35236806793092673,0.99644790431
76570,0.3523843899979062,,0.0,0.3523843899979062,0.99678732087
76575,0.3524016700866975,,0.0,0.3524016700866975,0.99648985441
76580,0.35242012003252976,,0.0,0.35242012003252976,0.99429551375
76585,0.35243987250241626,,0.0,0.35243987250241626,0.99500063808
76590,0.35246088122774144,,0.0,0.35246088122774144,0.99657613329
76595,0.3524830806139323,,0.0,0.3524830806139323,0.99972558802
76600,0.3525067331302264,,0.0,0.3525067331302264,1.0039495143
76605,0.3525314304077763,,0.0,0.3525314304077763,1.0074440442
76610,0.3525566118801359,,0.0,0.3525566118801359,1.0120431583
76615,0.3525817992867012,,0.0,0.3525817992867012,1.0148525155
76620,0.35260662484313515,,0.0,0.35260662484313515,1.0161759837
76625,0.35263074061399585,,0.0,0.35263074061399585,1.0144955676
76630,0.35265403791919336,,0.0,0.35265403791919336,1.0128621483
76635,0.3526765335609426,,0.0,0.3526765335609426,1.0171163293
76640,0.35269810726357936,,0.0,0.35269810726357936,1.0244937737
76645,0.352718600167734,,0.0,0.352718600167734,1.0283294498
76650,0.352737759489884,,0.0,0.352737759489884,1.0313755428
76655,0.3527552786521362,,0.0,0.3527552786521362,1.0350105068
76660,0.3527709242423983,,0.0,0.3527709242423983,1.0407274332
76665,0.3527845975846057,,0.0,0.3527845975846057,1.042769757
76670,0.3527962768063217,,0.0,0.3527962768063217,1.0397260045
76675,0.3528059491069418,,0.0,0.3528059491069418,1.0369434353
76680,0.3528136693039756,,0.0,0.3528136693039756,1.0374509186
76685,0.3528196842012671,,0.0,0.3528196842012671,1.0353108523
76690,0.3528242695915961,,0.0,0.3528242695915961,1.0331035336
76695,0.3528274496210412,,0.0,0.3528274496210412,1.0296263464
76700,0.3528290906676594,,0.0,0.3528290906676594,1.0286930648
76705,0.35282894824672173,,0.0,0.35282894824672173,1.0305661609
76710,0.3528268423994604,,0.0,0.3528268423994604,1.0317829581
76715,0.352822737520641,,0.0,0.352822737520641,1.0324752278
76720,0.35281666619155405,,0.0,0.35281666619155405,1.0327481206
76725,0.35280872024460164,,0.0,0.35280872024460164,1.0314292821
76730,0.3527990202282851,,0.0,0.3527990202282851,1.0285065447
76735,0.35278770779050356,,0.0,0.35278770779050356,1.0267717819
76740,0.3527749843986787,,0.0,0.3527749843986787,1.0235085032
76745,0.3527609992946743,,0.0,0.3527609992946743,1.0231807272
76750,0.35274580329439,,0.0,0.35274580329439,1.0255463928
76755,0.35272958879341554,,0.0,0.35272958879341554,1.0271937313
76760,0.35271235895211345,,0.0,0.35271235895211345,1.0327303039
76765,0.352694013525606,,0.0,0.352694013525606,1.0391764625
76770,0.35267458141188346,,0.0,0.35267458141188346,1.0410389972
76775,0.3526541342988796,,0.0,0.3526541342988796,1.0383968932
76780,0.3526327631322762,,0.0,0.3526327631322762,1.0378818971
76785,0.35261055619759374,,0.0,0.35261055619759374,1.0348480323
76790,0.3525876513002766,,0.0,0.3525876513002766,1.0337378267
76795,0.35256506901002904,,0.0,0.35256506901002904,1.0314944651
76800,0.35254250831938094,,0.0,0.35254250831938094,1.0293828521
76805,0.35251989460740035,,0.0,0.35251989460740035,1.0305027975
76810,0.3524974434153531,,0.0,0.3524974434153531,1.0350524601
76815,0.3524753406362127,,0.0,0.3524753406362127,1.037987479
76820,0.35245363290237747,,0.0,0.35245363290237747,1.0385983734
76825,0.3524324140925274,,0.0,0.3524324140925274,1.0366171272
76830,0.3524118831048686,,0.0,0.3524118831048686,1.0311894294
76835,0.3523921721744222,,0.0,0.3523921721744222,1.0253742871
76840,0.3523734713321904,,0.0,0.3523734713321904,1.0215352302
76845,0.35235615084078,,0.0,0.35235615084078,1.019041351
76850,0.3523404764662096,,0.0,0.3523404764662096,1.0187891272
76855,0.35232665388213846,,0.0,0.35232665388213846,1.0206541912
76860,0.35231473786060347,,0.0,0.35231473786060347,1.0236145831
76865,0.3523051125561644,,0.0,0.3523051125561644,1.0239587079
76870,0.3522975666110569,,0.0,0.3522975666110569,1.0232046158
76875,0.35229172876227144,,0.0,0.35229172876227144,1.0232553697
76880,0.35228724457174987,,0.0,0.35228724457174987,1.0247163874
76885,0.3522838540257879,,0.0,0.3522838540257879,1.0266997365
76890,0.35228131070706087,,0.0,0.35228131070706087,1.0231308286
76895,0.3522796776409262,,0.0,0.3522796776409262,1.0196277569
76900,0.35227907271572395,,0.0,0.35227907271572395,1.0210187169
76905,0.3522794857455377,,0.0,0.3522794857455377,1.0242845032
76910,0.3522808206689911,,0.0,0.3522808206689911,1.0271494722
76915,0.3522828875687642,,0.0,0.3522828875687642,1.0267920367
76920,0.3522855806068198,,0.0,0.3522855806068198,1.027294664
76925,0.35228900427974635,,0.0,0.35228900427974635,1.0245025021
76930,0.35229337556120405,,0.0,0.35229337556120405,1.0231342264
76935,0.3522988414648875,,0.0,0.3522988414648875,1.0207376734
76940,0.35230529624370516,,0.0,0.35230529624370516,1.0172534594
76945,0.3523125645543827,,0.0,0.3523125645543827,1.0167288224
76950,0.35232048114861636,,0.0,0.35232048114861636,1.0195116038
76955,0.3523288721609989,,0.0,0.3523288721609989,1.0204428095
76960,0.35233754781062887,,0.0,0.35233754781062887,1.0182541955
76965,0.352346288031693,,0.0,0.352346288031693,1.0130621978
76970,0.3523550481243886,,0.0,0.3523550481243886,1.0115927103
76975,0.3523638947973732,,0.0,0.3523638947973732,1.0103108921
76980,0.35237291549491984,,0.0,0.35237291549491984,1.0110851192
76985,0.3523822007761912,,0.0,0.3523822007761912,1.011984419
76990,0.35239180464018577,,0.0,0.35239180464018577,1.0138941026
76995,0.35240180116216135,,0.0,0.35240180116216135,1.0144653644
77000,0.35241239781195455,,0.0,0.35241239781195455,1.013862413
77005,0.35242366918776075,,0.0,0.35242366918776075,1.0119076059
77010,0.3524354695263885,,0.0,0.3524354695263885,1.0134767618
77015,0.35244770324392627,,0.0,0.35244770324392627,1.0143622247
77020,0.35246029696994535,,0.0,0.35246029696994535,1.0167128801
77025,0.3524732150082656,,0.0,0.3524732150082656,1.0195848315
77030,0.35248632867074736,,0.0,0.35248632867074736,1.0245025794
77035,0.35249948168997286,,0.0,0.35249948168997286,1.0295756398
77040,0.3525128111665574,,0.0,0.3525128111665574,1.0305618494
77045,0.35252713420197884,,0.0,0.35252713420197884,1.0293513847
77050,0.35254182590845784,,0.0,0.35254182590845784,1.0253891296
77055,0.35255649506040765,,0.0,0.35255649506040765,1.0200421091
77060,0.35257105707834435,,0.0,0.35257105707834435,1.0169158439
77065,0.35258531513307617,,0.0,0.35258531513307617,1.014215155
77070,0.3525991658420994,,0.0,0.3525991658420994,1.0135093773
77075,0.35261258480923485,,0.0,0.35261258480923485,1.0144208622
77080,0.3526254832032878,,0.0,0.3526254832032878,1.0151679366
77085,0.3526377782864244,,0.0,0.3526377782864244,1.0156689796
77090,0.35264972979951165,,0.0,0.35264972979951165,1.0154397239
77095,0.3526615213391447,,0.0,0.3526615213391447,1.0112007657
77100,0.35267330019185517,,0.0,0.35267330019185517,1.004670981
77105,0.3526852417463903,,0.0,0.3526852417463903,1.0002770915
77110,0.3526974520226786,,0.0,0.3526974520226786,0.99455889343
77115,0.35270992799677625,,0.0,0.35270992799677625,0.98914272762
77120,0.352722896464477,,0.0,0.352722896464477,0.98700271398
77125,0.35273606473984065,,0.0,0.35273606473984065,0.98728178979
77130,0.35274902254416024,,0.0,0.35274902254416024,0.99174238279
77135,0.35276129841502163,,0.0,0.35276129841502163,0.99402941159
77140,0.35277249682965456,,0.0,0.35277249682965456,0.9937357894
77145,0.3527822566882298,,0.0,0.3527822566882298,0.9908511614
77150,0.3527904884319872,,0.0,0.3527904884319872,0.98907893329
77155,0.3527972577237088,,0.0,0.3527972577237088,0.98993109449
77160,0.3528025212505139,,0.0,0.3528025212505139,0.98801641876
77165,0.3528061066930719,,0.0,0.3528061066930719,0.9846470044
77170,0.3528077381221843,,0.0,0.3528077381221843,0.98475338783
77175,0.35280723091811705,,0.0,0.35280723091811705,0.98762350741
77180,0.3528045774186966,,0.0,0.3528045774186966,0.98827041531
77185,0.35279986934264285,,0.0,0.35279986934264285,0.98861115946
77190,0.3527934129268029,,0.0,0.3527934129268029,0.98668454917
77195,0.35278548228146145,,0.0,0.35278548228146145,0.98674209006
77200,0.35277606176396137,,0.0,0.35277606176396137,0.98805929345
77205,0.35276505269823777,,0.0,0.35276505269823777,0.98840955403
77210,0.3527523499965555,,0.0,0.3527523499965555,0.99005976307
77215,0.35273791409754296,,0.0,0.35273791409754296,0.99276006949
77220,0.3527217297905349,,0.0,0.3527217297905349,0.99444071269
77225,0.3527037533079219,,0.0,0.3527037533079219,0.99374477235
77230,0.3526841172030353,,0.0,0.3526841172030353,0.98846863598
77235,0.3526630456569804,,0.0,0.3526630456569804,0.98187897528
77240,0.35264092318809986,,0.0,0.35264092318809986,0.97709605588
77245,0.35261813888475674,,0.0,0.35261813888475674,0.97493699381
77250,0.35259500948802414,,0.0,0.35259500948802414,0.97587732891
77255,0.35257185333052465,,0.0,0.35257185333052465,0.97862265794
77260,0.3525489818330091,,0.0,0.3525489818330091,0.97906160856
77265,0.35252660958181364,,0.0,0.35252660958181364,0.98012133843
77270,0.3525049566654881,,0.0,0.3525049566654881,0.98066600327
77275,0.3524838798673201,,0.0,0.3524838798673201,0.97887097173
77280,0.3524633251428383,,0.0,0.3524633251428383,0.97696553391
77285,0.3524432706650791,,0.0,0.3524432706650791,0.97621712431
77290,0.3524236869676415,,0.0,0.3524236869676415,0.97594065074
77295,0.3524045218704407,,0.0,0.3524045218704407,0.97483481387
77300,0.35238582330185086,,0.0,0.35238582330185086,0.97507435093
77305,0.3523677493709399,,0.0,0.3523677493709399,0.97783803667
77310,0.35235109607978743,,0.0,0.35235109607978743,0.97714992574
77315,0.35233560457424656,,0.0,0.35233560457424656,0.9723244706
77320,0.3523206846623157,,0.0,0.3523206846623157,0.96359499328
77325,0.35230642869933454,,0.0,0.35230642869933454,0.9581233776
77330,0.35229298629094963,,0.0,0.35229298629094963,0.955154432
77335,0.3522804405160413,,0.0,0.3522804405160413,0.95256961795
77340,0.3522688112917138,,0.0,0.3522688112917138,0.94725187178
77345,0.35225816864614207,,0.0,0.35225816864614207,0.94728262541
77350,0.3522486453372851,,0.0,0.3522486453372851,0.94617139074
77355,0.35224029763778353,,0.0,0.35224029763778353,0.94460212792
77360,0.3522332817468457,,0.0,0.3522332817468457,0.9426694605
77365,0.35222795981017646,,0.0,0.35222795981017646,0.9391934464
77370,0.35222464311210816,,0.0,0.35222464311210816,0.9347925398
77375,0.35222348894319727,,0.0,0.35222348894319727,0.93272343168
77380,0.352224575289366,,0.0,0.352224575289366,0.9291691635
77385,0.35222825870315966,,0.0,0.35222825870315966,0.92512104016
77390,0.352234453945738,,0.0,0.352234453945738,0.92322914614
77395,0.35224283454483996,,0.0,0.35224283454483996,0.92308729069
77400,0.3522529976110953,,0.0,0.3522529976110953,0.92426360765
77405,0.3522646076913568,,0.0,0.3522646076913568,0.92806797528
77410,0.35227737785199853,,0.0,0.35227737785199853,0.93148626018
77415,0.35229114861976746,,0.0,0.35229114861976746,0.93332965072
77420,0.3523060115542287,,0.0,0.3523060115542287,0.93501338236
77425,0.3523219172718771,,0.0,0.3523219172718771,0.93529407842
77430,0.3523387686199881,,0.0,0.3523387686199881,0.93619226505
77435,0.3523563312542762,,0.0,0.3523563312542762,0.93604375899
77440,0.3523742897296442,,0.0,0.3523742897296442,0.93501912327
77445,0.35239242500341755,,0.0,0.35239242500341755,0.9367827002
77450,0.35241066218182726,,0.0,0.35241066218182726,0.93946060366
77455,0.3524289767095394,,0.0,0.3524289767095394,0.93963464604
77460,0.35244762225679666,,0.0,0.35244762225679666,0.94189535336
77465,0.35246688589364367,,0.0,0.35246688589364367,0.94538812389
77470,0.3524867647780278,,0.0,0.3524867647780278,0.94817583195
77475,0.3525070254296476,,0.0,0.3525070254296476,0.95129744387
77480,0.35252742036256657,,0.0,0.35252742036256657,0.95159475395
77485,0.3525477070473878,,0.0,0.3525477070473878,0.94948219895
77490,0.35256759832312107,,0.0,0.35256759832312107,0.94440238746
77495,0.35258684954588254,,0.0,0.35258684954588254,0.94106355149
77500,0.3526053759542967,,0.0,0.3526053759542967,0.93850035115
77505,0.3526232010578224,,0.0,0.3526232010578224,0.93433554404
77510,0.3526403705566646,,0.0,0.3526403705566646,0.93257273118
77515,0.352656908869739,,0.0,0.352656908869739,0.93005901412
77520,0.3526728072889964,,0.0,0.3526728072889964,0.92942371299
77525,0.35268811958607127,,0.0,0.35268811958607127,0.92908907117
77530,0.35270282316096163,,0.0,0.35270282316096163,0.92890764793
77535,0.3527168379814676,,0.0,0.3527168379814676,0.9279412026
77540,0.3527301760296827,,0.0,0.3527301760296827,0.92823876628
77545,0.3527425269989407,,0.0,0.3527425269989407,0.92943641138
77550,0.35275362801074855,,0.0,0.35275362801074855,0.92785051117
77555,0.3527632881246473,,0.0,0.3527632881246473,0.92460388915
77560,0.35277137142231557,,0.0,0.35277137142231557,0.922498794
77565,0.3527777808419745,,0.0,0.3527777808419745,0.91771040688
77570,0.35278253295847456,,0.0,0.35278253295847456,0.91564300465
77575,0.35278572853963125,,0.0,0.35278572853963125,0.91560597209
77580,0.352788278656548,,0.0,0.352788278656548,0.91507223348
77585,0.35278952333914865,,0.0,0.35278952333914865,0.91410851976
77590,0.352789187590428,,0.0,0.352789187590428,0.90682285369
77595,0.35278735849087633,,0.0,0.35278735849087633,0.8981096925
77600,0.35278409458677623,,0.0,0.35278409458677623,0.89361123342
77605,0.3527793912853708,,0.0,0.3527793912853708,0.8901528859
77610,0.3527732492914891,,0.0,0.3527732492914891,0.88711660315
77615,0.3527657028689167,,0.0,0.3527657028689167,0.88366843569
77620,0.3527568601065964,,0.0,0.3527568601065964,0.88139148851
77625,0.3527467418538258,,0.0,0.3527467418538258,0.88072778712
77630,0.3527355901398004,,0.0,0.3527355901398004,0.87934432171
77635,0.35272377095268004,,0.0,0.35272377095268004,0.87869426266
77640,0.3527114974691429,,0.0,0.3527114974691429,0.87899426937
77645,0.3526988710254148,,0.0,0.3526988710254148,0.88151646191
77650,0.35268604809354126,,0.0,0.35268604809354126,0.88321902845
77655,0.3526734010278798,,0.0,0.3526734010278798,0.88344175652
77660,0.35266069296040237,,0.0,0.35266069296040237,0.88234354605
77665,0.35264764953072336,,0.0,0.35264764953072336,0.88256119815
77670,0.35263401531789557,,0.0,0.35263401531789557,0.88450165157
77675,0.35261964064806334,,0.0,0.35261964064806334,0.88525370544
77680,0.35260437250511695,,0.0,0.35260437250511695,0.88576265232
77685,0.35258850034642514,,0.0,0.35258850034642514,0.88793929609
77690,0.352572297054506,,0.0,0.352572297054506,0.89171292079
77695,0.352555906823738,,0.0,0.352555906823738,0.8922649748
77700,0.3525393728305835,,0.0,0.3525393728305835,0.89222634082
77705,0.35252265037524,,0.0,0.35252265037524,0.89161411091
77710,0.35250564794361516,,0.0,0.35250564794361516,0.89212746791
77715,0.35248843795120816,,0.0,0.35248843795120816,0.89238542427
77720,0.3524711366266002,,0.0,0.3524711366266002,0.89363810933
77725,0.35245382650299756,,0.0,0.35245382650299756,0.8946610967
77730,0.3524368558114156,,0.0,0.3524368558114156,0.89608791497
77735,0.3524207416235282,,0.0,0.3524207416235282,0.89613524892
77740,0.3524057772164225,,0.0,0.3524057772164225,0.89714338759
77745,0.352391949312029,,0.0,0.352391949312029,0.89965385033
77750,0.35237920216064483,,0.0,0.35237920216064483,0.89840817487
77755,0.35236734136587505,,0.0,0.35236734136587505,0.89273712735
77760,0.3523562139798196,,0.0,0.3523562139798196,0.88676534255
77765,0.3523458364636466,,0.0,0.3523458364636466,0.87941205422
77770,0.3523362394887874,,0.0,0.3523362394887874,0.8753202891
77775,0.35232746500393775,,0.0,0.35232746500393775,0.87310650092
77780,0.3523195563447149,,0.0,0.3523195563447149,0.87075960004
77785,0.35231255325438177,,0.0,0.35231255325438177,0.868498825
77790,0.35230653114964505,,0.0,0.35230653114964505,0.86510371637
77795,0.35230153823171606,,0.0,0.35230153823171606,0.8632885323
77800,0.3522975123392213,,0.0,0.3522975123392213,0.86484307256
77805,0.35229447925526153,,0.0,0.35229447925526153,0.8638070222
77810,0.3522923308681576,,0.0,0.3522923308681576,0.86339869314
77815,0.3522907985016291,,0.0,0.3522907985016291,0.86295792445
77820,0.3522897777955062,,0.0,0.3522897777955062,0.86202121206
77825,0.35228923821477626,,0.0,0.35228923821477626,0.86008416109
77830,0.3522891538626564,,0.0,0.3522891538626564,0.85860600823
77835,0.3522894856097671,,0.0,0.3522894856097671,0.85671040819
77840,0.35229044949757526,,0.0,0.35229044949757526,0.85498336657
77845,0.35229306541369276,,0.0,0.35229306541369276,0.85411596914
77850,0.35229670355927334,,0.0,0.35229670355927334,0.85365510954
77855,0.3523012147833989,,0.0,0.3523012147833989,0.85238147704
77860,0.35230668086897365,,0.0,0.35230668086897365,0.8478042518
77865,0.352313128326664,,0.0,0.352313128326664,0.84323683436
77870,0.35232048712829495,,0.0,0.35232048712829495,0.8376948493
77875,0.35232871450665953,,0.0,0.35232871450665953,0.831764872
77880,0.3523378465671935,,0.0,0.3523378465671935,0.82812423544
77885,0.35234791159400386,,0.0,0.35234791159400386,0.82477438748
77890,0.3523588469709888,,0.0,0.3523588469709888,0.82256154636
77895,0.3523708594404193,,0.0,0.3523708594404193,0.82235168012
77900,0.35238411897977456,,0.0,0.35238411897977456,0.82146637989
77905,0.3523987554822247,,0.0,0.3523987554822247,0.82277420606
77910,0.35241474921255656,,0.0,0.35241474921255656,0.82587879342
77915,0.3524323153027806,,0.0,0.3524323153027806,0.83044891076
77920,0.3524514387468592,,0.0,0.3524514387468592,0.83386276061
77925,0.3524716556081332,,0.0,0.3524716556081332,0.83522793766
77930,0.3524925431483374,,0.0,0.3524925431483374,0.83521030347
77935,0.3525137754408848,,0.0,0.3525137754408848,0.83560131018
77940,0.3525350651428938,,0.0,0.3525350651428938,0.83710124461
77945,0.35255620380686176,,0.0,0.35255620380686176,0.83807177941
77950,0.3525772824466798,,0.0,0.3525772824466798,0.83907662217
77955,0.35259829033075746,,0.0,0.35259829033075746,0.84115862196
77960,0.35261911477739494,,0.0,0.35261911477739494,0.84024160456
77965,0.3526395447016649,,0.0,0.3526395447016649,0.83724513525
77970,0.352659270160684,,0.0,0.352659270160684,0.8353781544
77975,0.35267801820372463,,0.0,0.35267801820372463,0.83552479868
77980,0.35269565414023224,,0.0,0.35269565414023224,0.83362303787
77985,0.35271217376396896,,0.0,0.35271217376396896,0.83326149412
77990,0.35272757277775135,,0.0,0.35272757277775135,0.83376039397
77995,0.35274198964638,,0.0,0.35274198964638,0.83300398288
78000,0.3527556062612184,,0.0,0.3527556062612184,0.83146848225
78005,0.3527683436359418,,0.0,0.3527683436359418,0.82904692999
78010,0.35278001537737547,,0.0,0.35278001537737547,0.82670677018
78015,0.35279036508690625,,0.0,0.35279036508690625,0.82374688842
78020,0.3527990662240636,,0.0,0.3527990662240636,0.8196094355
78025,0.3528059403988928,,0.0,0.3528059403988928,0.81505240078
78030,0.3528109637608888,,0.0,0.3528109637608888,0.8074308929
78035,0.3528141148241342,,0.0,0.3528141148241342,0.80195623743
78040,0.35281540729869065,,0.0,0.35281540729869065,0.79647415771
78045,0.3528148835879822,,0.0,0.3528148835879822,0.79455704541
78050,0.35281265685117336,,0.0,0.35281265685117336,0.79336463386
78055,0.3528088445218758,,0.0,0.3528088445218758,0.7920353156
78060,0.3528034923912402,,0.0,0.3528034923912402,0.79238187805
78065,0.35279659727616786,,0.0,0.35279659727616786,0.79162945354
78070,0.35278831965031404,,0.0,0.35278831965031404,0.79389510575
78075,0.3527785082255373,,0.0,0.3527785082255373,0.79699021464
78080,0.3527670962477071,,0.0,0.3527670962477071,0.79862153372
78085,0.3527541051572679,,0.0,0.3527541051572679,0.79896989051
78090,0.3527395791765576,,0.0,0.3527395791765576,0.80216107012
78095,0.3527234889301209,,0.0,0.3527234889301209,0.8060910354
78100,0.35270592891052116,,0.0,0.35270592891052116,0.81159317681
78105,0.35268765835504623,,0.0,0.35268765835504623,0.81426481837
78110,0.352668962196517,,0.0,0.352668962196517,0.8177601836
78115,0.3526493110855928,,0.0,0.3526493110855928,0.81716605815
78120,0.3526288238655433,,0.0,0.3526288238655433,0.81569193142
78125,0.35260759500619543,,0.0,0.35260759500619543,0.81342266114
78130,0.3525857681335171,,0.0,0.3525857681335171,0.81185105756
78135,0.3525634652966132,,0.0,0.3525634652966132,0.80913162795
78140,0.3525408539492203,,0.0,0.3525408539492203,0.80673944185
78145,0.3525181591364281,,0.0,0.3525181591364281,0.80278663301
78150,0.35249555215442796,,0.0,0.35249555215442796,0.80000835685
78155,0.35247326489197206,,0.0,0.35247326489197206,0.79535221723
78160,0.3524516712267582,,0.0,0.3524516712267582,0.79294075547
78165,0.35243106684593417,,0.0,0.35243106684593417,0.7920403337
78170,0.3524116846159181,,0.0,0.3524116846159181,0.7902531781
78175,0.3523938322059515,,0.0,0.3523938322059515,0.79123445713
78180,0.3523778446826623,,0.0,0.3523778446826623,0.7938415004
78185,0.35236343072429555,,0.0,0.35236343072429555,0.79768298302
78190,0.35235031299199454,,0.0,0.35235031299199454,0.80078910982
78195,0.35233829120063165,,0.0,0.35233829120063165,0.80160651663
78200,0.35232724559748047,,0.0,0.35232724559748047,0.80424974119
78205,0.3523170182098917,,0.0,0.3523170182098917,0.8050357402
78210,0.3523077224016577,,0.0,0.3523077224016577,0.80636208685
78215,0.352299571917867,,0.0,0.352299571917867,0.80797041853
78220,0.35229263906033664,,0.0,0.35229263906033664,0.80821492046
78225,0.35228692403369444,,0.0,0.35228692403369444,0.80728990403
78230,0.35228231883994326,,0.0,0.35228231883994326,0.80613018559
78235,0.3522786064144771,,0.0,0.3522786064144771,0.80467036137
78240,0.35227566413978056,,0.0,0.35227566413978056,0.8037949843
78245,0.35227349763174953,,0.0,0.35227349763174953,0.80378671537
78250,0.35227227409401984,,0.0,0.35227227409401984,0.80302825118
78255,0.3522723245234004,,0.0,0.3522723245234004,0.80027923515
78260,0.35227383119777383,,0.0,0.35227383119777383,0.79703419558
78265,0.35227668259499784,,0.0,0.35227668259499784,0.79480384828
78270,0.35228069607340706,,0.0,0.35228069607340706,0.7927837623
78275,0.35228572132252595,,0.0,0.35228572132252595,0.79159378109
78280,0.35229155696587855,,0.0,0.35229155696587855,0.78905819311
78285,0.3522980044235689,,0.0,0.3522980044235689,0.7844515208
78290,0.35230500501289574,,0.0,0.35230500501289574,0.78046113272
78295,0.35231257233023855,,0.0,0.35231257233023855,0.77866194392
78300,0.35232072276855636,,0.0,0.35232072276855636,0.7760533205
78305,0.35232949125099106,,0.0,0.35232949125099106,0.77399571345
78310,0.3523389150425357,,0.0,0.3523389150425357,0.77327319211
78315,0.352349085566337,,0.0,0.352349085566337,0.7723815908
78320,0.35236005895861683,,0.0,0.35236005895861683,0.77220561097
78325,0.3523717967720884,,0.0,0.3523717967720884,0.77088325352
78330,0.352384329473555,,0.0,0.352384329473555,0.77021423455
78335,0.352397582669449,,0.0,0.352397582669449,0.7731052015
78340,0.35241129370864144,,0.0,0.35241129370864144,0.77756095551
78345,0.3524253227621466,,0.0,0.3524253227621466,0.77900741676
78350,0.3524395636963538,,0.0,0.3524395636963538,0.78464829523
78355,0.3524539210182973,,0.0,0.3524539210182973,0.79410550272
78360,0.3524683221987958,,0.0,0.3524683221987958,0.80321017409
78365,0.35248272785836915,,0.0,0.35248272785836915,0.81053058352
78370,0.3524979290652937,,0.0,0.3524979290652937,0.81456176448
78375,0.35251357838432884,,0.0,0.35251357838432884,0.81600785781
78380,0.35252917002106526,,0.0,0.35252917002106526,0.81470549731
78385,0.35254459015698225,,0.0,0.35254459015698225,0.81348725001
78390,0.35255977776752745,,0.0,0.35255977776752745,0.81445098735
78395,0.352574674351891,,0.0,0.352574674351891,0.81201221904
78400,0.3525891620444692,,0.0,0.3525891620444692,0.8119077703
78405,0.352603166633586,,0.0,0.352603166633586,0.81056734771
78410,0.352616682321454,,0.0,0.352616682321454,0.80844507513
78415,0.35262973893825683,,0.0,0.35262973893825683,0.80578914076
78420,0.3526422579523983,,0.0,0.3526422579523983,0.80215789837
78425,0.35265443482888503,,0.0,0.35265443482888503,0.79833799065
78430,0.35266643329268055,,0.0,0.35266643329268055,0.79670868319
78435,0.3526783716186439,,0.0,0.3526783716186439,0.79614168412
78440,0.35269026410798376,,0.0,0.35269026410798376,0.79690502407
78445,0.35270240615227433,,0.0,0.35270240615227433,0.79783615299
78450,0.3527145798456622,,0.0,0.3527145798456622,0.7992728886
78455,0.35272634326034313,,0.0,0.35272634326034313,0.79927543856
78460,0.35273730487515725,,0.0,0.35273730487515725,0.8020880517
78465,0.3527471692757937,,0.0,0.3527471692757937,0.80519948512
78470,0.3527557015040836,,0.0,0.3527557015040836,0.80946505402
78475,0.35276274902138216,,0.0,0.35276274902138216,0.8125693481
78480,0.3527684463136165,,0.0,0.3527684463136165,0.81452630584
78485,0.3527728361025204,,0.0,0.3527728361025204,0.81423643772
78490,0.3527759227307503,,0.0,0.3527759227307503,0.81581276065
78495,0.3527776172989023,,0.0,0.3527776172989023,0.81999681157
78500,0.3527777088812038,,0.0,0.3527777088812038,0.82623507164
78505,0.35277600694645167,,0.0,0.35277600694645167,0.83192111923
78510,0.35277244210309056,,0.0,0.35277244210309056,0.83653384367
78515,0.3527670735340231,,0.0,0.3527670735340231,0.8379664406
78520,0.35276014174510445,,0.0,0.35276014174510445,0.83902443974
78525,0.3527520506261076,,0.0,0.3527520506261076,0.83906678117
78530,0.35274296460682497,,0.0,0.35274296460682497,0.83819816632
78535,0.35273279442407,,0.0,0.35273279442407,0.84035728653
78540,0.35272144578990716,,0.0,0.35272144578990716,0.84188713866
78545,0.3527088500630831,,0.0,0.3527088500630831,0.84007623529
78550,0.35269487573614194,,0.0,0.35269487573614194,0.84225151138
78555,0.35267942738432717,,0.0,0.35267942738432717,0.84358326534
78560,0.352662576513681,,0.0,0.352662576513681,0.84742687271
78565,0.35264447016063444,,0.0,0.35264447016063444,0.8484741964
78570,0.35262527950769706,,0.0,0.35262527950769706,0.84679622802
78575,0.35260530303859633,,0.0,0.35260530303859633,0.84311187216
78580,0.35258483537186847,,0.0,0.35258483537186847,0.83994531656
78585,0.3525642009789694,,0.0,0.3525642009789694,0.84161740226
78590,0.35254367187843344,,0.0,0.35254367187843344,0.841358393
78595,0.35252342186745844,,0.0,0.35252342186745844,0.84196472829
78600,0.35250350969695476,,0.0,0.35250350969695476,0.84161120235
78605,0.3524841434051694,,0.0,0.3524841434051694,0.84484835465
78610,0.3524652196550716,,0.0,0.3524652196550716,0.85090637525
78615,0.3524466992718088,,0.0,0.3524466992718088,0.85638136158
78620,0.35242859930769643,,0.0,0.35242859930769643,0.86250942683
78625,0.35241092787963657,,0.0,0.35241092787963657,0.867229529
78630,0.3523935917455689,,0.0,0.3523935917455689,0.87023616323
78635,0.3523766249873877,,0.0,0.3523766249873877,0.87304372373
78640,0.35236078913875934,,0.0,0.35236078913875934,0.87298470515
78645,0.3523461756000939,,0.0,0.3523461756000939,0.87249275922
78650,0.3523322684592752,,0.0,0.3523322684592752,0.87359270166
78655,0.35231913574367313,,0.0,0.35231913574367313,0.87570031562
78660,0.3523068165371945,,0.0,0.3523068165371945,0.87539443738
78665,0.35229528930844906,,0.0,0.35229528930844906,0.87547165597
78670,0.3522845687224281,,0.0,0.3522845687224281,0.8746036034
78675,0.3522747415413119,,0.0,0.3522747415413119,0.86889024033
78680,0.35226595009509254,,0.0,0.35226595009509254,0.86064339086
78685,0.3522582615244196,,0.0,0.3522582615244196,0.85398272991
78690,0.35225185690214533,,0.0,0.35225185690214533,0.8518207597
78695,0.35224706063151673,,0.0,0.35224706063151673,0.85409975291
78700,0.35224407802241037,,0.0,0.35224407802241037,0.85426536217
78705,0.3522429760335844,,0.0,0.3522429760335844,0.85145165211
78710,0.35224392323285997,,0.0,0.35224392323285997,0.85298490867
78715,0.3522471639230748,,0.0,0.3522471639230748,0.85293590323
78720,0.35225233366214553,,0.0,0.35225233366214553,0.85000247224
78725,0.35225902621844823,,0.0,0.35225902621844823,0.84984217717
78730,0.35226691880302186,,0.0,0.35226691880302186,0.85201802548
78735,0.3522757759347599,,0.0,0.3522757759347599,0.8559901711
78740,0.35228540883316334,,0.0,0.35228540883316334,0.85746578734
78745,0.352295937910315,,0.0,0.352295937910315,0.86005954296
78750,0.35230745361169524,,0.0,0.35230745361169524,0.86244362084
78755,0.352319922673921,,0.0,0.352319922673921,0.8647905316
78760,0.3523332400774663,,0.0,0.3523332400774663,0.87385575539
78765,0.3523471855291535,,0.0,0.3523471855291535,0.8810536019
78770,0.35236155369636957,,0.0,0.35236155369636957,0.8857075289
78775,0.35237622600868185,,0.0,0.35237622600868185,0.89085547023
78780,0.3523911706351017,,0.0,0.3523911706351017,0.89320779756
78785,0.3524063723194911,,0.0,0.3524063723194911,0.89499308232
78790,0.35242182096687946,,0.0,0.35242182096687946,0.89516559019
78795,0.35243759292616633,,0.0,0.35243759292616633,0.89924147584
78800,0.352453910832381,,0.0,0.352453910832381,0.90420690764
78805,0.3524708716563563,,0.0,0.3524708716563563,0.90586975001
78810,0.3524884178067396,,0.0,0.3524884178067396,0.90751146184
78815,0.35250641911752373,,0.0,0.35250641911752373,0.91194743166
78820,0.35252465590941434,,0.0,0.35252465590941434,0.91374275912
78825,0.352542854094863,,0.0,0.352542854094863,0.91694601938
78830,0.35256086879739873,,0.0,0.35256086879739873,0.91802172974
78835,0.35257856791841874,,0.0,0.35257856791841874,0.91547586249
78840,0.352595862876829,,0.0,0.352595862876829,0.90962230826
78845,0.3526126746180956,,0.0,0.3526126746180956,0.90060259092
78850,0.3526289613299413,,0.0,0.3526289613299413,0.89349140402
78855,0.35264473219788006,,0.0,0.35264473219788006,0.88956490132
78860,0.35265995584565163,,0.0,0.35265995584565163,0.88875630489
78865,0.35267449562736913,,0.0,0.35267449562736913,0.89177050139
78870,0.3526881685375845,,0.0,0.3526881685375845,0.89618378394
78875,0.35270100206462995,,0.0,0.35270100206462995,0.90094648122
78880,0.3527128836632244,,0.0,0.3527128836632244,0.90326580733
78885,0.35272358353636635,,0.0,0.35272358353636635,0.90416123547
78890,0.35273300969249877,,0.0,0.35273300969249877,0.90430376872
78895,0.35274106534267974,,0.0,0.35274106534267974,0.90580311086
78900,0.35274760326858706,,0.0,0.35274760326858706,0.90689186778
78905,0.3527525890245436,,0.0,0.3527525890245436,0.90712609097
78910,0.3527565439111973,,0.0,0.3527565439111973,0.90524738126
78915,0.35275988370946887,,0.0,0.35275988370946887,0.90544731587
78920,0.3527620456020066,,0.0,0.3527620456020066,0.90504625751
78925,0.352763028861245,,0.0,0.352763028861245,0.90830957766
78930,0.3527627831260129,,0.0,0.3527627831260129,0.91337255997
78935,0.3527612300238689,,0.0,0.3527612300238689,0.916219352
78940,0.3527583550262405,,0.0,0.3527583550262405,0.91852471857
78945,0.3527542196806177,,0.0,0.3527542196806177,0.91798457002
78950,0.35274894614978763,,0.0,0.35274894614978763,0.9165853797
78955,0.35274255491926504,,0.0,0.35274255491926504,0.91551138118
78960,0.3527352748311217,,0.0,0.3527352748311217,0.91192073062
78965,0.3527273804503709,,0.0,0.3527273804503709,0.91047457068
78970,0.35271899491746567,,0.0,0.35271899491746567,0.91157911088
78975,0.35271018330404136,,0.0,0.35271018330404136,0.91318216167
78980,0.3527013419286427,,0.0,0.3527013419286427,0.9137781531
78985,0.3526923827331134,,0.0,0.3526923827331134,0.91717164448
78990,0.35268296307959723,,0.0,0.35268296307959723,0.91994863719
78995,0.3526727350326523,,0.0,0.3526727350326523,0.92363589686
79000,0.352661490963287,,0.0,0.352661490963287,0.92744672139
79005,0.352649106844328,,0.0,0.352649106844328,0.93180798949
79010,0.3526355875186327,,0.0,0.3526355875186327,0.93151150331
79015,0.3526211571445704,,0.0,0.3526211571445704,0.9339171453
79020,0.35260601796260077,,0.0,0.35260601796260077,0.94228399514
79025,0.35259031541760544,,0.0,0.35259031541760544,0.95155801497
79030,0.35257407574741356,,0.0,0.35257407574741356,0.95941932598
79035,0.3525572308337096,,0.0,0.3525572308337096,0.96411859102
79040,0.35253980987005723,,0.0,0.35253980987005723,0.96713113836
79045,0.3525219337232677,,0.0,0.3525219337232677,0.97185591564
79050,0.35250376971065894,,0.0,0.35250376971065894,0.97413089577
79055,0.3524854565016592,,0.0,0.3524854565016592,0.97420781158
79060,0.35246712096549465,,0.0,0.35246712096549465,0.97565933602
79065,0.35244886098245515,,0.0,0.35244886098245515,0.97737395595
79070,0.3524310070718848,,0.0,0.3524310070718848,0.97714082925
79075,0.352413966033818,,0.0,0.352413966033818,0.97881374008
79080,0.35239785868959317,,0.0,0.35239785868959317,0.98279483303
79085,0.3523826081218998,,0.0,0.3523826081218998,0.98543537113
79090,0.3523680671124156,,0.0,0.3523680671124156,0.9866786558
79095,0.3523542048305544,,0.0,0.3523542048305544,0.98894506003
79100,0.35234109807994446,,0.0,0.35234109807994446,0.98844810694
79105,0.3523288663404752,,0.0,0.3523288663404752,0.98468678407
79110,0.35231761642785,,0.0,0.35231761642785,0.97938846862
79115,0.3523074253503246,,0.0,0.3523074253503246,0.97452968105
79120,0.3522984081541867,,0.0,0.3522984081541867,0.97134226046
79125,0.3522906542617778,,0.0,0.3522906542617778,0.97072053914
79130,0.3522841628318503,,0.0,0.3522841628318503,0.97194256529
79135,0.35227883293743395,,0.0,0.35227883293743395,0.97491607111
79140,0.35227457463324946,,0.0,0.35227457463324946,0.97816192765
79145,0.35227146911105417,,0.0,0.35227146911105417,0.98059425583
79150,0.35226927863883595,,0.0,0.35226927863883595,0.98192840761
79155,0.3522678799851961,,0.0,0.3522678799851961,0.98179676996
79160,0.35226721819620627,,0.0,0.35226721819620627,0.98310695121
79165,0.35226723790868275,,0.0,0.35226723790868275,0.98460709012
79170,0.352267866138716,,0.0,0.352267866138716,0.98292350094
79175,0.35226925522032293,,0.0,0.35226925522032293,0.98025526835
79180,0.35227248604293127,,0.0,0.35227248604293127,0.9773030898
79185,0.3522769731891875,,0.0,0.3522769731891875,0.9751893285
79190,0.3522826514965107,,0.0,0.3522826514965107,0.97741576397
79195,0.3522895441787861,,0.0,0.3522895441787861,0.98016144232
79200,0.3522975933263509,,0.0,0.3522975933263509,0.98085030686
79205,0.3523067415524798,,0.0,0.3523067415524798,0.9816897521
79210,0.35231698687910434,,0.0,0.35231698687910434,0.97986250824
79215,0.35232837821226476,,0.0,0.35232837821226476,0.97667103773
79220,0.3523408997274125,,0.0,0.3523408997274125,0.97536896658
79225,0.3523545448537221,,0.0,0.3523545448537221,0.97471221895
79230,0.3523695003936238,,0.0,0.3523695003936238,0.97294603086
79235,0.3523859037887792,,0.0,0.3523859037887792,0.97385776681
79240,0.3524037295289247,,0.0,0.3524037295289247,0.97538187555
79245,0.35242305403116925,,0.0,0.35242305403116925,0.97882041979
79250,0.35244402376353334,,0.0,0.35244402376353334,0.98201900858
79255,0.3524661489153115,,0.0,0.3524661489153115,0.98578073147
79260,0.3524889246242877,,0.0,0.3524889246242877,0.98981117126
79265,0.3525119400888175,,0.0,0.3525119400888175,0.994971658
79270,0.35253487033724346,,0.0,0.35253487033724346,0.99678026709
79275,0.35255738519126795,,0.0,0.35255738519126795,0.99455101551
79280,0.35257944395269836,,0.0,0.35257944395269836,0.99353751059
79285,0.35260103536700665,,0.0,0.35260103536700665,0.99829245801
79290,0.3526220573021921,,0.0,0.3526220573021921,1.0057260004
79295,0.35264237090693507,,0.0,0.35264237090693507,1.0112861823
79300,0.3526617239661237,,0.0,0.3526617239661237,1.0137830148
79305,0.35267983154693694,,0.0,0.35267983154693694,1.0178154771
79310,0.35269647574352125,,0.0,0.35269647574352125,1.0227754483
79315,0.3527115790928923,,0.0,0.3527115790928923,1.0258120145
79320,0.35272517424454974,,0.0,0.35272517424454974,1.0229959838
79325,0.3527373744486038,,0.0,0.3527373744486038,1.0177051993
79330,0.35274847466463694,,0.0,0.35274847466463694,1.0184659658
79335,0.35275865844377124,,0.0,0.35275865844377124,1.0186149292
79340,0.35276782840591814,,0.0,0.35276782840591814,1.0177262364
79345,0.3527758122772198,,0.0,0.3527758122772198,1.0143386584
79350,0.35278235252224194,,0.0,0.35278235252224194,1.0137426632
79355,0.35278718094216904,,0.0,0.35278718094216904,1.0133453594
79360,0.3527901817404118,,0.0,0.3527901817404118,1.0139479872
79365,0.35279136355680996,,0.0,0.35279136355680996,1.0134315769
79370,0.35279077329659886,,0.0,0.35279077329659886,1.011736564
79375,0.3527884949708521,,0.0,0.3527884949708521,1.0105488952
79380,0.3527846205711267,,0.0,0.3527846205711267,1.0073981069
79385,0.35277929874813957,,0.0,0.35277929874813957,1.0040344474
79390,0.3527726744693075,,0.0,0.3527726744693075,1.0007893413
79395,0.35276480871371,,0.0,0.35276480871371,0.99905658244
79400,0.352755857976129,,0.0,0.352755857976129,1.0006456536
79405,0.35274581022899815,,0.0,0.35274581022899815,1.0031420342
79410,0.35273454469645205,,0.0,0.35273454469645205,1.0058363787
79415,0.3527220455766784,,0.0,0.3527220455766784,1.0115149538
79420,0.35270833103607724,,0.0,0.35270833103607724,1.0151188011
79425,0.35269342556177335,,0.0,0.35269342556177335,1.0136761978
79430,0.3526774163706755,,0.0,0.3526774163706755,1.0125364075
79435,0.35266039656842546,,0.0,0.35266039656842546,1.0092592562
79440,0.3526432024460399,,0.0,0.3526432024460399,1.0062518216
79445,0.3526257848928507,,0.0,0.3526257848928507,1.0034497862
79450,0.35260767042290203,,0.0,0.35260767042290203,0.99980233497
79455,0.3525889886792634,,0.0,0.3525889886792634,0.99948892652
79460,0.352569851729751,,0.0,0.352569851729751,1.0030880734
79465,0.3525504275510393,,0.0,0.3525504275510393,1.006090654
79470,0.3525308124318687,,0.0,0.3525308124318687,1.0083238546
79475,0.35251114990726146,,0.0,0.35251114990726146,1.0073969085
79480,0.3524916516760283,,0.0,0.3524916516760283,1.0023776691
79485,0.35247245736252725,,0.0,0.35247245736252725,0.99780070167
79490,0.352453855241833,,0.0,0.352453855241833,0.9943836552
79495,0.3524362105290671,,0.0,0.3524362105290671,0.99192285473
79500,0.3524197981075527,,0.0,0.3524197981075527,0.99140471147
79505,0.35240481999038553,,0.0,0.35240481999038553,0.99273529188
79510,0.3523915092940842,,0.0,0.3523915092940842,0.99541273243
79515,0.3523801945144514,,0.0,0.3523801945144514,0.99664226889
79520,0.3523705252605116,,0.0,0.3523705252605116,0.99676985849
79525,0.35236215555215505,,0.0,0.35236215555215505,0.99610628748
79530,0.35235480586782875,,0.0,0.35235480586782875,0.9980239978
79535,0.3523482710340747,,0.0,0.3523482710340747,1.0006507733
79540,0.3523423603150617,,0.0,0.3523423603150617,0.99840316365
79545,0.35233723134239275,,0.0,0.35233723134239275,0.99390099309
79550,0.3523329726516891,,0.0,0.3523329726516891,0.99474620132
79555,0.3523295957930523,,0.0,0.3523295957930523,0.99820972104
79560,0.3523270017721077,,0.0,0.3523270017721077,1.0015441305
79565,0.35232504871359166,,0.0,0.35232504871359166,1.0003709078
79570,0.35232367536558773,,0.0,0.35232367536558773,1.0006891979
79575,0.3523230721228806,,0.0,0.3523230721228806,0.99760166569
79580,0.3523234927466588,,0.0,0.3523234927466588,0.99460892728
79585,0.35232495265221536,,0.0,0.35232495265221536,0.99268944965
79590,0.3523272834081477,,0.0,0.3523272834081477,0.98946497963
79595,0.3523302976890877,,0.0,0.3523302976890877,0.98826798919
79600,0.35233381412660963,,0.0,0.35233381412660963,0.99130194795
79605,0.3523376690866955,,0.0,0.3523376690866955,0.99265352888
79610,0.35234169545665517,,0.0,0.35234169545665517,0.99072632505
79615,0.3523457185753066,,0.0,0.3523457185753066,0.98447531296
79620,0.35234975776860733,,0.0,0.35234975776860733,0.98144248418
79625,0.3523539469313373,,0.0,0.3523539469313373,0.97932290922
79630,0.35235842298222037,,0.0,0.35235842298222037,0.97897405639
79635,0.3523633201116101,,0.0,0.3523633201116101,0.9791913132
79640,0.3523687428615675,,0.0,0.3523687428615675,0.98002590632
79645,0.35237480214035166,,0.0,0.35237480214035166,0.98070028239
79650,0.3523817374761518,,0.0,0.3523817374761518,0.98046420707
79655,0.3523895799496548,,0.0,0.3523895799496548,0.97826163843
79660,0.35239817445300026,,0.0,0.35239817445300026,0.97806554499
79665,0.35240738913768616,,0.0,0.35240738913768616,0.97767678492
79670,0.3524171282606459,,0.0,0.3524171282606459,0.97873356987
79675,0.35242732140718547,,0.0,0.35242732140718547,0.98129334912
79680,0.3524378258607938,,0.0,0.3524378258607938,0.98507341801
79685,0.3524484842854413,,0.0,0.3524484842854413,0.99010083322
79690,0.35245934629199743,,0.0,0.35245934629199743,0.99219546301
79695,0.3524712109064858,,0.0,0.3524712109064858,0.99196858358
79700,0.3524837117542273,,0.0,0.3524837117542273,0.98794690391
79705,0.35249632266898023,,0.0,0.35249632266898023,0.98340169187
79710,0.352508956934037,,0.0,0.352508956934037,0.97982949656
79715,0.3525215192837959,,0.0,0.3525215192837959,0.97814258291
79720,0.3525340373202713,,0.0,0.3525340373202713,0.97624573303
79725,0.3525464258955687,,0.0,0.3525464258955687,0.97753960499
79730,0.3525586242352363,,0.0,0.3525586242352363,0.97939857395
79735,0.3525705333903723,,0.0,0.3525705333903723,0.98008506514
79740,0.35258223789498794,,0.0,0.35258223789498794,0.97993356377
79745,0.35259400137787816,,0.0,0.35259400137787816,0.9768812604
79750,0.3526060155070674,,0.0,0.3526060155070674,0.97187843034
79755,0.35261844077894733,,0.0,0.35261844077894733,0.96803983312
79760,0.35263144119131884,,0.0,0.35263144119131884,0.9637948522
79765,0.3526450383665177,,0.0,0.3526450383665177,0.9581480268
79770,0.35265942040295023,,0.0,0.35265942040295023,0.95605653077
79775,0.3526745241388404,,0.0,0.3526745241388404,0.9548562623
79780,0.3526899085785773,,0.0,0.3526899085785773,0.95768262089
79785,0.35270508643519816,,0.0,0.35270508643519816,0.96034633004
79790,0.352719621965205,,0.0,0.352719621965205,0.96167098101
79795,0.3527331482709814,,0.0,0.3527331482709814,0.95990848065
79800,0.35274539547121647,,0.0,0.35274539547121647,0.95786659736
79805,0.35275641792869167,,0.0,0.35275641792869167,0.95594632129
79810,0.35276617392207543,,0.0,0.35276617392207543,0.95492233156
79815,0.3527745638203733,,0.0,0.3527745638203733,0.95128631651
79820,0.352781343275275,,0.0,0.352781343275275,0.94864104145
79825,0.3527862353571793,,0.0,0.3527862353571793,0.95102756842
79830,0.3527891287713083,,0.0,0.3527891287713083,0.95305920313
79835,0.352790048664143,,0.0,0.352790048664143,0.95194685776
79840,0.3527891980719178,,0.0,0.3527891980719178,0.95096833883
79845,0.35278690853711575,,0.0,0.35278690853711575,0.95025678373
79850,0.35278324372171405,,0.0,0.35278324372171405,0.94879652876
79855,0.352778096900955,,0.0,0.352778096900955,0.94866976361
79860,0.3527713422742246,,0.0,0.3527713422742246,0.95027535327
79865,0.3527628781869867,,0.0,0.3527628781869867,0.95140130246
79870,0.3527526607124773,,0.0,0.3527526607124773,0.9527084114
79875,0.35274059960984344,,0.0,0.35274059960984344,0.95133246967
79880,0.35272669233260623,,0.0,0.35272669233260623,0.94679410714
79885,0.3527111363920499,,0.0,0.3527111363920499,0.94013612261
79890,0.35269420085097397,,0.0,0.35269420085097397,0.93544234496
79895,0.3526761698236884,,0.0,0.3526761698236884,0.93331035966
79900,0.3526572862033726,,0.0,0.3526572862033726,0.93367380199
79905,0.3526377525033236,,0.0,0.3526377525033236,0.93647750467
79910,0.3526178640469064,,0.0,0.3526178640469064,0.93755303909
79915,0.3525978352840387,,0.0,0.3525978352840387,0.93775739425
79920,0.35257796949583275,,0.0,0.35257796949583275,0.93907362613
79925,0.3525582541317844,,0.0,0.3525582541317844,0.93946713036
79930,0.35253860374842566,,0.0,0.35253860374842566,0.9374497733
79935,0.3525189612546048,,0.0,0.3525189612546048,0.93735626204
79940,0.3524993222621927,,0.0,0.3524993222621927,0.93584973118
79945,0.35247966955971916,,0.0,0.35247966955971916,0.93593315327
79950,0.35246005139386816,,0.0,0.35246005139386816,0.93656786552
79955,0.35244061123145287,,0.0,0.35244061123145287,0.9379860067
79960,0.3524218371324743,,0.0,0.3524218371324743,0.93984763049
79965,0.3524043477549329,,0.0,0.3524043477549329,0.93728431091
79970,0.3523872214098167,,0.0,0.3523872214098167,0.92992715732
79975,0.3523704790146325,,0.0,0.3523704790146325,0.92216663465
79980,0.35235428033820665,,0.0,0.35235428033820665,0.92071452467
79985,0.352338732923808,,0.0,0.352338732923808,0.91883276644
79990,0.35232387558250616,,0.0,0.35232387558250616,0.91427220758
79995,0.3523097844813097,,0.0,0.3523097844813097,0.91311230385
80000,0.35229662075323015,,0.0,0.35229662075323015,0.9125961737
80005,0.352284555739932,,0.0,0.352284555739932,0.91008251536
80010,0.35227363320902466,,0.0,0.35227363320902466,0.90877177119
80015,0.3522642516162763,,0.0,0.3522642516162763,0.90699543869
80020,0.3522567616937087,,0.0,0.3522567616937087,0.90308829848
80025,0.3522513296672917,,0.0,0.3522513296672917,0.90124667804
80030,0.3522480397981995,,0.0,0.3522480397981995,0.89959872276
80035,0.3522471528049652,,0.0,0.3522471528049652,0.89723201158
80040,0.35224875945137935,,0.0,0.35224875945137935,0.89495913374
80045,0.35225253105974785,,0.0,0.35225253105974785,0.89472604239
80050,0.3522580558962331,,0.0,0.3522580558962331,0.89433246052
80055,0.3522649935056753,,0.0,0.3522649935056753,0.89503345409
80060,0.35227306691300064,,0.0,0.35227306691300064,0.89698190469
80065,0.3522821101196036,,0.0,0.3522821101196036,0.89919948829
80070,0.3522922536552738,,0.0,0.3522922536552738,0.901225897
80075,0.35230351170753754,,0.0,0.35230351170753754,0.90106931731
80080,0.3523157917391638,,0.0,0.3523157917391638,0.89975794092
80085,0.3523288946245823,,0.0,0.3523288946245823,0.90000374013
80090,0.35234252965592117,,0.0,0.35234252965592117,0.89806117602
80095,0.35235647704020406,,0.0,0.35235647704020406,0.89834180001
80100,0.3523706417391936,,0.0,0.3523706417391936,0.90139176234
80105,0.3523849402192809,,0.0,0.3523849402192809,0.90201492988
80110,0.35239954968812714,,0.0,0.35239954968812714,0.90376771031
80115,0.3524148878137756,,0.0,0.3524148878137756,0.90651051574
80120,0.35243110681656126,,0.0,0.35243110681656126,0.90907283074
80125,0.3524480130731277,,0.0,0.3524480130731277,0.91231748663
80130,0.3524654196673622,,0.0,0.3524654196673622,0.91344360894
80135,0.3524830983028674,,0.0,0.3524830983028674,0.91033040686
80140,0.35250079490014474,,0.0,0.35250079490014474,0.90683819435
80145,0.3525183061273862,,0.0,0.3525183061273862,0.90221852959
80150,0.3525355389926322,,0.0,0.3525355389926322,0.89967766596
80155,0.35255243499507294,,0.0,0.35255243499507294,0.89603777886
80160,0.35256895959808576,,0.0,0.35256895959808576,0.89475411908
80165,0.352585102433863,,0.0,0.352585102433863,0.89378458067
80170,0.35260081832513707,,0.0,0.35260081832513707,0.89252788922
80175,0.3526161195268388,,0.0,0.3526161195268388,0.89277383789
80180,0.3526309907146207,,0.0,0.3526309907146207,0.89309413265
80185,0.3526453220488356,,0.0,0.3526453220488356,0.89259183771
80190,0.35265914772505985,,0.0,0.35265914772505985,0.89138170619
80195,0.352672195542868,,0.0,0.352672195542868,0.89419845489
80200,0.3526842106042504,,0.0,0.3526842106042504,0.89382046344
80205,0.352695057331932,,0.0,0.352695057331932,0.89285761948
80210,0.3527046400283192,,0.0,0.3527046400283192,0.89015386441
80215,0.3527129287040733,,0.0,0.3527129287040733,0.88735890192
80220,0.35271992804289704,,0.0,0.35271992804289704,0.88519614725
80225,0.3527257427914793,,0.0,0.3527257427914793,0.88718205595
80230,0.35273130516579465,,0.0,0.35273130516579465,0.88612268799
80235,0.3527360138102589,,0.0,0.3527360138102589,0.88558292796
80240,0.3527395946373235,,0.0,0.3527395946373235,0.88090236247
80245,0.3527421113317022,,0.0,0.3527421113317022,0.87227048942
80250,0.35274358603866846,,0.0,0.35274358603866846,0.86455851058
80255,0.3527439529135487,,0.0,0.3527439529135487,0.86063499215
80260,0.3527431639597594,,0.0,0.3527431639597594,0.85680220325
80265,0.3527412380030566,,0.0,0.3527412380030566,0.85270530411
80270,0.35273823461286197,,0.0,0.35273823461286197,0.8491099296
80275,0.3527341305298173,,0.0,0.3527341305298173,0.84660409124
80280,0.35272910259780077,,0.0,0.35272910259780077,0.84450642452
80285,0.3527234119218649,,0.0,0.3527234119218649,0.84438361809
80290,0.35271726142456195,,0.0,0.35271726142456195,0.84451156254
80295,0.3527106971926162,,0.0,0.3527106971926162,0.84664688628
80300,0.3527038621471666,,0.0,0.3527038621471666,0.84866977368
80305,0.3526970967661092,,0.0,0.3526970967661092,0.8490718126
80310,0.35269011413855456,,0.0,0.35269011413855456,0.84885930125
80315,0.3526825544151762,,0.0,0.3526825544151762,0.84937362155
80320,0.3526741623796547,,0.0,0.3526741623796547,0.85082907907
80325,0.35266479692976493,,0.0,0.35266479692976493,0.85094877051
80330,0.35265432949104913,,0.0,0.35265432949104913,0.85247657644
80335,0.35264293865808993,,0.0,0.35264293865808993,0.85353091945
80340,0.35263082551178976,,0.0,0.35263082551178976,0.85391323837
80345,0.3526180646958168,,0.0,0.3526180646958168,0.85494718122
80350,0.35260465332264584,,0.0,0.35260465332264584,0.85462124153
80355,0.35259056926973964,,0.0,0.35259056926973964,0.85318252234
80360,0.35257573668839964,,0.0,0.35257573668839964,0.85475771258
80365,0.35256015903456184,,0.0,0.35256015903456184,0.85498793701
80370,0.35254393525712785,,0.0,0.35254393525712785,0.85787014722
80375,0.3525272972903227,,0.0,0.3525272972903227,0.85989227571
80380,0.35251062014866513,,0.0,0.35251062014866513,0.86116271325
80385,0.3524943997816943,,0.0,0.3524943997816943,0.86007536126
80390,0.35247890770774293,,0.0,0.35247890770774293,0.85942331868
80395,0.35246419351494424,,0.0,0.35246419351494424,0.86049962659
80400,0.352450246653599,,0.0,0.352450246653599,0.86014188776
80405,0.35243692036011326,,0.0,0.35243692036011326,0.85542775754
80410,0.35242403581254034,,0.0,0.35242403581254034,0.8496205425
80415,0.3524115803921668,,0.0,0.3524115803921668,0.84340537012
80420,0.35239959481992167,,0.0,0.35239959481992167,0.839765676
80425,0.3523881194756877,,0.0,0.3523881194756877,0.83651679724
80430,0.3523772159979007,,0.0,0.3523772159979007,0.83573489717
80435,0.3523669454565859,,0.0,0.3523669454565859,0.83424339893
80440,0.3523574193738857,,0.0,0.3523574193738857,0.83105560034
80445,0.35234870634558046,,0.0,0.35234870634558046,0.82797622223
80450,0.3523408011650299,,0.0,0.3523408011650299,0.82919797975
80455,0.3523338029857636,,0.0,0.3523338029857636,0.82941480238
80460,0.3523276708594884,,0.0,0.3523276708594884,0.82713931713
80465,0.3523221990215992,,0.0,0.3523221990215992,0.8271202301
80470,0.35231727342621116,,0.0,0.35231727342621116,0.82696624853
80475,0.3523128514425359,,0.0,0.3523128514425359,0.82683808642
80480,0.35230892884159914,,0.0,0.35230892884159914,0.82608289282
80485,0.35230543273043713,,0.0,0.35230543273043713,0.82647806053
80490,0.3523024463016121,,0.0,0.3523024463016121,0.82720489178
80495,0.3523009007479597,,0.0,0.3523009007479597,0.82581760374
80500,0.3523005032243847,,0.0,0.3523005032243847,0.82496032084
80505,0.3523009049087247,,0.0,0.3523009049087247,0.82139280415
80510,0.35230218467362207,,0.0,0.35230218467362207,0.81737140673
80515,0.35230441941365087,,0.0,0.35230441941365087,0.81394850395
80520,0.3523076017394744,,0.0,0.3523076017394744,0.80932491517
80525,0.3523116805396196,,0.0,0.3523116805396196,0.80315126868
80530,0.3523166649086545,,0.0,0.3523166649086545,0.7968802292
80535,0.3523226195089589,,0.0,0.3523226195089589,0.79180392491
80540,0.352329521422221,,0.0,0.352329521422221,0.7877897108
80545,0.3523374892870827,,0.0,0.3523374892870827,0.78545646544
80550,0.35234674560215434,,0.0,0.35234674560215434,0.78561743209
80555,0.35235741835074674,,0.0,0.35235741835074674,0.78598960972
80560,0.35236958917934563,,0.0,0.35236958917934563,0.78905374916
80565,0.3523834167426928,,0.0,0.3523834167426928,0.79324244108
80570,0.3523990453488489,,0.0,0.3523990453488489,0.79733427016
80575,0.3524160331609553,,0.0,0.3524160331609553,0.79947253977
80580,0.3524339704232431,,0.0,0.3524339704232431,0.79991374816
80585,0.3524525637222062,,0.0,0.3524525637222062,0.80094966971
80590,0.352471557773316,,0.0,0.352471557773316,0.80389483746
80595,0.35249067862544264,,0.0,0.35249067862544264,0.80495190819
80600,0.35250994996993623,,0.0,0.35250994996993623,0.80615444036
80605,0.35252942205428583,,0.0,0.35252942205428583,0.80754428267
80610,0.35254900586540555,,0.0,0.35254900586540555,0.80804249581
80615,0.3525685546169649,,0.0,0.3525685546169649,0.80776236879
80620,0.3525877959039106,,0.0,0.3525877959039106,0.80707489692
80625,0.35260643615358195,,0.0,0.35260643615358195,0.80749104851
80630,0.35262431396013016,,0.0,0.35262431396013016,0.80855409896
80635,0.35264141452214565,,0.0,0.35264141452214565,0.80964594214
80640,0.35265783160462616,,0.0,0.35265783160462616,0.81096576407
80645,0.35267379543656524,,0.0,0.35267379543656524,0.81024957413
80650,0.3526893702256141,,0.0,0.3526893702256141,0.80808835674
80655,0.35270436446290343,,0.0,0.35270436446290343,0.80477063387
80660,0.3527185577415734,,0.0,0.3527185577415734,0.80188597236
80665,0.35273172801774205,,0.0,0.35273172801774205,0.7993900571
80670,0.35274356698554815,,0.0,0.35274356698554815,0.79473271031
80675,0.35275384193772846,,0.0,0.35275384193772846,0.79166456601
80680,0.3527625040137155,,0.0,0.3527625040137155,0.78703634252
80685,0.35276953763906127,,0.0,0.35276953763906127,0.78072405867
80690,0.3527749497483739,,0.0,0.3527749497483739,0.77766479389
80695,0.3527787778794837,,0.0,0.3527787778794837,0.77548858719
80700,0.3527810998364213,,0.0,0.3527810998364213,0.77299180859
80705,0.35278204285219555,,0.0,0.35278204285219555,0.77036414027
80710,0.35278167358999113,,0.0,0.35278167358999113,0.76893513585
80715,0.3527799782488009,,0.0,0.3527799782488009,0.76564212642
80720,0.3527771094809517,,0.0,0.3527771094809517,0.7681856247
80725,0.3527729291854257,,0.0,0.3527729291854257,0.77213143645
80730,0.35276731410808776,,0.0,0.35276731410808776,0.77233360854
80735,0.3527602225730791,,0.0,0.3527602225730791,0.77427375038
80740,0.35275166087838833,,0.0,0.35275166087838833,0.77963572622
80745,0.3527416129266297,,0.0,0.3527416129266297,0.78702768084
80750,0.35273007337474444,,0.0,0.35273007337474444,0.79273775462
80755,0.3527174899255873,,0.0,0.3527174899255873,0.79413991458
80760,0.3527045956013536,,0.0,0.3527045956013536,0.79465915221
80765,0.35269059774221734,,0.0,0.35269059774221734,0.79319307948
80770,0.3526754701103493,,0.0,0.3526754701103493,0.79253011887
80775,0.35265930149147134,,0.0,0.35265930149147134,0.79066404391
80780,0.3526421965640631,,0.0,0.3526421965640631,0.78927707793
80785,0.352624195412434,,0.0,0.352624195412434,0.78925515521
80790,0.3526053569011764,,0.0,0.3526053569011764,0.78916930702
80795,0.3525858085361362,,0.0,0.3525858085361362,0.78842211442
80800,0.3525657521485176,,0.0,0.3525657521485176,0.78633456784
80805,0.35254535846610185,,0.0,0.35254535846610185,0.78286879011
80810,0.35252505966276854,,0.0,0.35252505966276854,0.78182443279
80815,0.35250520999468465,,0.0,0.35250520999468465,0.7817366277
80820,0.3524861179496027,,0.0,0.3524861179496027,0.78228849198
80825,0.35246801459776367,,0.0,0.35246801459776367,0.78243580484
80830,0.35245138733981257,,0.0,0.35245138733981257,0.78446740253
80835,0.35243609616487226,,0.0,0.35243609616487226,0.78650641966
80840,0.35242189265481305,,0.0,0.35242189265481305,0.78965180383
80845,0.3524085764335616,,0.0,0.3524085764335616,0.7929182199
80850,0.3523960208137832,,0.0,0.3523960208137832,0.7984215004
80855,0.3523840881491884,,0.0,0.3523840881491884,0.80299663121
80860,0.3523727923317303,,0.0,0.3523727923317303,0.80533173251
80865,0.35236236452259534,,0.0,0.35236236452259534,0.8053957872
80870,0.3523529056942268,,0.0,0.3523529056942268,0.80636877126
80875,0.35234445317982693,,0.0,0.35234445317982693,0.80694276739
80880,0.3523369366556474,,0.0,0.3523369366556474,0.80633913953
80885,0.3523301540631198,,0.0,0.3523301540631198,0.80981097532
80890,0.35232397760082473,,0.0,0.35232397760082473,0.81508194472
80895,0.35231840060699093,,0.0,0.35231840060699093,0.81684021087
80900,0.3523135815772055,,0.0,0.3523135815772055,0.81438468084
80905,0.3523098357292013,,0.0,0.3523098357292013,0.80967943989
80910,0.3523073892448889,,0.0,0.3523073892448889,0.80653385516
80915,0.3523061704363348,,0.0,0.3523061704363348,0.80647220722
80920,0.35230600557455016,,0.0,0.35230600557455016,0.80745110399
80925,0.3523067431895021,,0.0,0.3523067431895021,0.80727405382
80930,0.3523082026858031,,0.0,0.3523082026858031,0.80376645461
80935,0.3523101762525703,,0.0,0.3523101762525703,0.7998313715
80940,0.3523126016147481,,0.0,0.3523126016147481,0.79852796678
80945,0.35231551314980414,,0.0,0.35231551314980414,0.79814601572
80950,0.35231896362897036,,0.0,0.35231896362897036,0.79831417368
80955,0.35232303344822946,,0.0,0.35232303344822946,0.79467447446
80960,0.3523278091196611,,0.0,0.3523278091196611,0.79168634597
80965,0.3523334383845254,,0.0,0.3523334383845254,0.79020049666
80970,0.3523400341518863,,0.0,0.3523400341518863,0.78878865636
80975,0.35234761567949185,,0.0,0.35234761567949185,0.79063770709
80980,0.35235614613434096,,0.0,0.35235614613434096,0.79396937788
80985,0.35236569997821054,,0.0,0.35236569997821054,0.79555062494
80990,0.3523760169700323,,0.0,0.3523760169700323,0.79809031998
80995,0.35238690130375333,,0.0,0.35238690130375333,0.80568571803
81000,0.3523982404568288,,0.0,0.3523982404568288,0.8158289574
81005,0.3524099591944436,,0.0,0.3524099591944436,0.82359250151
81010,0.3524218762163811,,0.0,0.3524218762163811,0.83097639695
81015,0.3524338819103583,,0.0,0.3524338819103583,0.83836137452
81020,0.35244645483255266,,0.0,0.35244645483255266,0.84335921268
81025,0.35245993004959225,,0.0,0.35245993004959225,0.84314259204
81030,0.3524735465280121,,0.0,0.3524735465280121,0.84174230836
81035,0.35248719056297345,,0.0,0.35248719056297345,0.84125753604
81040,0.3525008222975314,,0.0,0.3525008222975314,0.84218582867
81045,0.35251437925200246,,0.0,0.35251437925200246,0.83889800136
81050,0.35252774931309755,,0.0,0.35252774931309755,0.84019035388
81055,0.3525408720019382,,0.0,0.3525408720019382,0.83913043467
81060,0.3525537471593695,,0.0,0.3525537471593695,0.83440923301
81065,0.3525664042517923,,0.0,0.3525664042517923,0.829306073
81070,0.3525787911900675,,0.0,0.3525787911900675,0.82331206939
81075,0.35259109816435197,,0.0,0.35259109816435197,0.81801688027
81080,0.3526035165925694,,0.0,0.3526035165925694,0.81286050928
81085,0.35261619060088906,,0.0,0.35261619060088906,0.81135227217
81090,0.352629115323717,,0.0,0.352629115323717,0.81068784981
81095,0.35264255338944556,,0.0,0.35264255338944556,0.81060860823
81100,0.3526563944582265,,0.0,0.3526563944582265,0.81241250542
81105,0.352670191213724,,0.0,0.352670191213724,0.81649188102
81110,0.35268352878447423,,0.0,0.35268352878447423,0.82250984334
81115,0.35269607908393025,,0.0,0.35269607908393025,0.82705591767
81120,0.35270759348933456,,0.0,0.35270759348933456,0.83142412519
81125,0.3527178834475524,,0.0,0.3527178834475524,0.83187303811
81130,0.35272707096221584,,0.0,0.35272707096221584,0.82975824552
81135,0.352735200596709,,0.0,0.352735200596709,0.83257012994
81140,0.3527422591639079,,0.0,0.3527422591639079,0.83511252039
81145,0.35274816474448983,,0.0,0.35274816474448983,0.83944760723
81150,0.35275270784507684,,0.0,0.35275270784507684,0.84444310727
81155,0.3527556941374833,,0.0,0.3527556941374833,0.85118259507
81160,0.3527570179883,,0.0,0.3527570179883,0.85623919831
81165,0.3527567067949134,,0.0,0.3527567067949134,0.85705567897
81170,0.3527548184897229,,0.0,0.3527548184897229,0.85613069316
81175,0.35275161019890716,,0.0,0.35275161019890716,0.85530822811
81180,0.3527473807017673,,0.0,0.3527473807017673,0.85338147712
81185,0.35274216919589224,,0.0,0.35274216919589224,0.85251440211
81190,0.35273592873057363,,0.0,0.35273592873057363,0.85176138755
81195,0.352728569406005,,0.0,0.352728569406005,0.85517434727
81200,0.35271993802418555,,0.0,0.35271993802418555,0.85951868668
81205,0.3527098875032114,,0.0,0.3527098875032114,0.86169378763
81210,0.3526984095442891,,0.0,0.3526984095442891,0.86027491547
81215,0.352685567763923,,0.0,0.352685567763923,0.85960843166
81220,0.3526714724564887,,0.0,0.3526714724564887,0.85572406768
81225,0.3526562646560022,,0.0,0.3526562646560022,0.85015054615
81230,0.3526401014938651,,0.0,0.3526401014938651,0.8472793971
81235,0.3526232016034965,,0.0,0.3526232016034965,0.84484164893
81240,0.35260577036298213,,0.0,0.35260577036298213,0.84102972892
81245,0.35258799689386733,,0.0,0.35258799689386733,0.84225538267
81250,0.3525699591366012,,0.0,0.3525699591366012,0.84800754797
81255,0.3525517860748971,,0.0,0.3525517860748971,0.85266585744
81260,0.35253366842184963,,0.0,0.35253366842184963,0.85716657332
81265,0.35251553785451534,,0.0,0.35251553785451534,0.85958280206
81270,0.35249739328154606,,0.0,0.35249739328154606,0.86271326398
81275,0.35247928820173907,,0.0,0.35247928820173907,0.8682567104
81280,0.35246118344024197,,0.0,0.35246118344024197,0.87275049826
81285,0.35244308388538514,,0.0,0.35244308388538514,0.87646777222
81290,0.3524253517056098,,0.0,0.3524253517056098,0.87589948432
81295,0.3524089248009956,,0.0,0.3524089248009956,0.87579262189
81300,0.3523930957278205,,0.0,0.3523930957278205,0.880550331
81305,0.35237791084564585,,0.0,0.35237791084564585,0.88330357002
81310,0.3523634272683596,,0.0,0.3523634272683596,0.88623402147
81315,0.3523496304446529,,0.0,0.3523496304446529,0.88906598254
81320,0.3523365363127563,,0.0,0.3523365363127563,0.88786682359
81325,0.3523242327261985,,0.0,0.3523242327261985,0.88330372589
81330,0.35231286663046474,,0.0,0.35231286663046474,0.87547938177
81335,0.35230252947143803,,0.0,0.35230252947143803,0.87238094541
81340,0.35229337799400107,,0.0,0.35229337799400107,0.87193334651
81345,0.35228576681810325,,0.0,0.35228576681810325,0.87373353327
81350,0.35227988192766385,,0.0,0.35227988192766385,0.87232615759
81355,0.35227579130458014,,0.0,0.35227579130458014,0.87211720682
81360,0.35227365549071665,,0.0,0.35227365549071665,0.87352803307
81365,0.3522737184933377,,0.0,0.3522737184933377,0.87159258586
81370,0.3522755949073803,,0.0,0.3522755949073803,0.87147165955
81375,0.35227885740182235,,0.0,0.35227885740182235,0.87240512204
81380,0.3522831643392102,,0.0,0.3522831643392102,0.87354660641
81385,0.3522882612535263,,0.0,0.3522882612535263,0.87695520174
81390,0.3522939802135693,,0.0,0.3522939802135693,0.87755722583
81395,0.3523004698927924,,0.0,0.3523004698927924,0.87778536119
81400,0.3523078448372817,,0.0,0.3523078448372817,0.88091878833
81405,0.35231609963576943,,0.0,0.35231609963576943,0.88851119653
81410,0.35232514757154776,,0.0,0.35232514757154776,0.89734254473
81415,0.35233478374399585,,0.0,0.35233478374399585,0.90117441906
81420,0.3523448340830786,,0.0,0.3523448340830786,0.90577294
81425,0.35235524411233277,,0.0,0.35235524411233277,0.90825363027
81430,0.3523660288605322,,0.0,0.3523660288605322,0.91080409973
81435,0.35237714255926267,,0.0,0.35237714255926267,0.91170847077
81440,0.35238856424554443,,0.0,0.35238856424554443,0.91248536763
81445,0.352400289895031,,0.0,0.352400289895031,0.91504567754
81450,0.3524125652884275,,0.0,0.3524125652884275,0.9176750849
81455,0.3524256517581504,,0.0,0.3524256517581504,0.91952662775
81460,0.35243954994081944,,0.0,0.35243954994081944,0.92363954149
81465,0.35245411800664406,,0.0,0.35245411800664406,0.92682196286
81470,0.35246911165278644,,0.0,0.35246911165278644,0.93312389837
81475,0.3524842648176546,,0.0,0.3524842648176546,0.93792894063
81480,0.35249943662638755,,0.0,0.35249943662638755,0.94045534765
81485,0.35251452856207555,,0.0,0.35251452856207555,0.93720326538
81490,0.35252946711787114,,0.0,0.35252946711787114,0.93101839172
81495,0.35254418965493617,,0.0,0.35254418965493617,0.91990797418
81500,0.35255866966260435,,0.0,0.35255866966260435,0.91568868571
81505,0.35257293258293015,,0.0,0.35257293258293015,0.91638596522
81510,0.3525869443794922,,0.0,0.3525869443794922,0.91923287752
81515,0.3526006064899079,,0.0,0.3526006064899079,0.92491441316
81520,0.35261376621637736,,0.0,0.35261376621637736,0.93121398688
81525,0.35262651193536715,,0.0,0.35262651193536715,0.93540779158
81530,0.35263868549233646,,0.0,0.35263868549233646,0.93827195026
81535,0.35265009092207755,,0.0,0.35265009092207755,0.9369219292
81540,0.3526606607428946,,0.0,0.3526606607428946,0.93628039526
81545,0.3526703150590061,,0.0,0.3526703150590061,0.9376767495
81550,0.35267890908488675,,0.0,0.35267890908488675,0.93939162152
81555,0.3526864176058463,,0.0,0.3526864176058463,0.94168235326
81560,0.3526934801291824,,0.0,0.3526934801291824,0.94233479564
81565,0.3527002406901186,,0.0,0.3527002406901186,0.94320407253
81570,0.3527062452423388,,0.0,0.3527062452423388,0.9468785468
81575,0.35271146825284266,,0.0,0.35271146825284266,0.94906417456
81580,0.3527158275976796,,0.0,0.3527158275976796,0.94923617374
81585,0.35271924081185274,,0.0,0.35271924081185274,0.95047969746
81590,0.35272169018369054,,0.0,0.35272169018369054,0.952115819
81595,0.35272322143613444,,0.0,0.35272322143613444,0.94996442174
81600,0.3527238679917225,,0.0,0.3527238679917225,0.94594146874
81605,0.3527235976784199,,0.0,0.3527235976784199,0.94408777731
81610,0.35272267471616847,,0.0,0.35272267471616847,0.94254399435
81615,0.3527212637621251,,0.0,0.3527212637621251,0.94148161109
81620,0.35271940926599177,,0.0,0.35271940926599177,0.94280897377
81625,0.3527171701378339,,0.0,0.3527171701378339,0.9439717786
81630,0.3527149194141015,,0.0,0.3527149194141015,0.94569887605
81635,0.3527123703657965,,0.0,0.3527123703657965,0.94899214976
81640,0.35270912499187906,,0.0,0.35270912499187906,0.95338974456
81645,0.3527048378124406,,0.0,0.3527048378124406,0.95667157214
81650,0.3526992948777647,,0.0,0.3526992948777647,0.9594504696
81655,0.35269232275443624,,0.0,0.35269232275443624,0.96082920956
81660,0.3526840306227462,,0.0,0.3526840306227462,0.96174948329
81665,0.3526745951901543,,0.0,0.3526745951901543,0.96749829906
81670,0.3526640789136074,,0.0,0.3526640789136074,0.97621343514
81675,0.3526525014601092,,0.0,0.3526525014601092,0.98399028837
81680,0.3526397366652627,,0.0,0.3526397366652627,0.98912021983
81685,0.3526256579326789,,0.0,0.3526256579326789,0.99498648895
81690,0.3526103492734313,,0.0,0.3526103492734313,1.0012770537
81695,0.3525940076303938,,0.0,0.3525940076303938,1.0075672916
81700,0.3525767742422101,,0.0,0.3525767742422101,1.0110034798
81705,0.35255878470889185,,0.0,0.35255878470889185,1.013579188
81710,0.3525402217403136,,0.0,0.3525402217403136,1.0180556597
81715,0.3525213930284532,,0.0,0.3525213930284532,1.0206518903
81720,0.3525028007526289,,0.0,0.3525028007526289,1.0211723909
81725,0.3524846844637667,,0.0,0.3524846844637667,1.0236875786
81730,0.3524670547343019,,0.0,0.3524670547343019,1.0264141978
81735,0.3524498321459179,,0.0,0.3524498321459179,1.0291280353
81740,0.35243302388332365,,0.0,0.35243302388332365,1.0320510452
81745,0.3524167449245973,,0.0,0.3524167449245973,1.0329858042
81750,0.3524011385546604,,0.0,0.3524011385546604,1.0309727018
81755,0.3523863391684943,,0.0,0.3523863391684943,1.0278301613
81760,0.35237243580192135,,0.0,0.35237243580192135,1.023534387
81765,0.35235953286058425,,0.0,0.35235953286058425,1.0197844059
81770,0.352347729520749,,0.0,0.352347729520749,1.0167638792
81775,0.3523370362639054,,0.0,0.3523370362639054,1.0149754778
81780,0.35232735275423,,0.0,0.35232735275423,1.0187277914
81785,0.3523186467742151,,0.0,0.3523186467742151,1.0199782696
81790,0.3523109464488127,,0.0,0.3523109464488127,1.0236206093
81795,0.352304016001343,,0.0,0.352304016001343,1.0288086719
81800,0.3522977663732469,,0.0,0.3522977663732469,1.028843664
81805,0.3522921573665332,,0.0,0.3522921573665332,1.0266138542
81810,0.3522871028101684,,0.0,0.3522871028101684,1.0261019582
81815,0.352282542111592,,0.0,0.352282542111592,1.0244093995
81820,0.3522787812575503,,0.0,0.3522787812575503,1.0229649421
81825,0.35227670208011014,,0.0,0.35227670208011014,1.0205307138
81830,0.35227562103152743,,0.0,0.35227562103152743,1.0184023843
81835,0.35227557057941045,,0.0,0.35227557057941045,1.0162764467
81840,0.3522765939229581,,0.0,0.3522765939229581,1.018518907
81845,0.3522786874925524,,0.0,0.3522786874925524,1.0197155646
81850,0.35228183037068644,,0.0,0.35228183037068644,1.0211027231
81855,0.35228606054991896,,0.0,0.35228606054991896,1.018592048
81860,0.352291480685188,,0.0,0.352291480685188,1.0146678137
81865,0.3522981759698612,,0.0,0.3522981759698612,1.0118778208
81870,0.35230615795403997,,0.0,0.35230615795403997,1.0092961872
81875,0.35231564886349775,,0.0,0.35231564886349775,1.0059762422
81880,0.35232679266524886,,0.0,0.35232679266524886,1.0044317962
81885,0.3523396664357585,,0.0,0.3523396664357585,1.0076612374
81890,0.3523543518897218,,0.0,0.3523543518897218,1.012707739
81895,0.352371093148085,,0.0,0.352371093148085,1.0158776898
81900,0.35238944487258095,,0.0,0.35238944487258095,1.0178951154
81905,0.3524089431265505,,0.0,0.3524089431265505,1.0210730436
81910,0.35242919711639914,,0.0,0.35242919711639914,1.0256561359
81915,0.3524498962398871,,0.0,0.3524498962398871,1.0272400832
81920,0.3524707533587608,,0.0,0.3524707533587608,1.0267452746
81925,0.3524916223233095,,0.0,0.3524916223233095,1.02538808
81930,0.352512539511806,,0.0,0.352512539511806,1.0276729023
81935,0.3525334238689114,,0.0,0.3525334238689114,1.0337088272
81940,0.3525541228787173,,0.0,0.3525541228787173,1.039998342
81945,0.352574468860123,,0.0,0.352574468860123,1.0443107453
81950,0.35259415187024506,,0.0,0.35259415187024506,1.0487254737
81955,0.3526128398436629,,0.0,0.3526128398436629,1.0505635916
81960,0.3526303825608467,,0.0,0.3526303825608467,1.0509740052
81965,0.35264677554272156,,0.0,0.35264677554272156,1.0484080619
81970,0.35266219861163683,,0.0,0.35266219861163683,1.0445449884
81975,0.3526768996627846,,0.0,0.3526768996627846,1.0454311514
81980,0.3526908691013953,,0.0,0.3526908691013953,1.0468305253
81985,0.3527039300835909,,0.0,0.3527039300835909,1.0458101311
81990,0.35271590392384305,,0.0,0.35271590392384305,1.0434205097
81995,0.35272660436539555,,0.0,0.35272660436539555,1.0400489689
82000,0.35273583023640026,,0.0,0.35273583023640026,1.0401473124
82005,0.3527434473010309,,0.0,0.3527434473010309,1.0404467199
82010,0.3527494254335305,,0.0,0.3527494254335305,1.0403935698
82015,0.35275379339547086,,0.0,0.35275379339547086,1.0397865751
82020,0.3527566132800161,,0.0,0.3527566132800161,1.0413973782
82025,0.3527579811258063,,0.0,0.3527579811258063,1.0394550448
82030,0.35275800331655266,,0.0,0.35275800331655266,1.0361635945
82035,0.3527568379158501,,0.0,0.3527568379158501,1.0326253263
82040,0.3527546130661642,,0.0,0.3527546130661642,1.0294654938
82045,0.3527515113864239,,0.0,0.3527515113864239,1.0298246102
82050,0.35274754613196246,,0.0,0.35274754613196246,1.0302954991
82055,0.3527425053538684,,0.0,0.3527425053538684,1.0306720409
82060,0.3527362693221518,,0.0,0.3527362693221518,1.0380764883
82065,0.35272878433338745,,0.0,0.35272878433338745,1.042041889
82070,0.35272004800025125,,0.0,0.35272004800025125,1.0402332211
82075,0.3527100869925644,,0.0,0.3527100869925644,1.0375039508
82080,0.352698961993833,,0.0,0.352698961993833,1.0353728379
82085,0.35268675549179046,,0.0,0.35268675549179046,1.0322328286
82090,0.35267353085284053,,0.0,0.35267353085284053,1.0298613149
82095,0.352659988040423,,0.0,0.352659988040423,1.0258277254
82100,0.35264639632196504,,0.0,0.35264639632196504,1.0242400927
82105,0.3526322527223737,,0.0,0.3526322527223737,1.0256066341
82110,0.35261770157244593,,0.0,0.35261770157244593,1.0296840551
82115,0.35260286546696085,,0.0,0.35260286546696085,1.0302764903
82120,0.35258783548801853,,0.0,0.35258783548801853,1.0285397745
82125,0.3525726183655997,,0.0,0.3525726183655997,1.0280234091
82130,0.3525572560938727,,0.0,0.3525572560938727,1.0238307849
82135,0.35254192372053855,,0.0,0.35254192372053855,1.0208832583
82140,0.3525267458411813,,0.0,0.3525267458411813,1.018566489
82145,0.35251186337613494,,0.0,0.35251186337613494,1.018411653
82150,0.35249764201798567,,0.0,0.35249764201798567,1.0185692325
82155,0.35248433855186606,,0.0,0.35248433855186606,1.0197848315
82160,0.352472094057265,,0.0,0.352472094057265,1.0244372491
82165,0.3524609818136655,,0.0,0.3524609818136655,1.0250477291
82170,0.35245133395469735,,0.0,0.35245133395469735,1.0235137912
82175,0.35244280384089455,,0.0,0.35244280384089455,1.0244565282
82180,0.35243507018389986,,0.0,0.35243507018389986,1.0254166142
82185,0.3524278475052181,,0.0,0.3524278475052181,1.0253467514
82190,0.352420946296785,,0.0,0.352420946296785,1.0264808361
82195,0.3524141634996296,,0.0,0.3524141634996296,1.0267548099
82200,0.352407611659033,,0.0,0.352407611659033,1.0285021556
82205,0.3524014717341656,,0.0,0.3524014717341656,1.0309177472
82210,0.35239582284777043,,0.0,0.35239582284777043,1.0328205079
82215,0.35239062264189625,,0.0,0.35239062264189625,1.0329363398
82220,0.3523858275535615,,0.0,0.3523858275535615,1.0331648325
82225,0.3523816066507886,,0.0,0.3523816066507886,1.0309338239
82230,0.3523782032814855,,0.0,0.3523782032814855,1.0307646515
82235,0.352375666101592,,0.0,0.352375666101592,1.0279296805
82240,0.3523738381843342,,0.0,0.3523738381843342,1.0261475625
82245,0.35237253809307695,,0.0,0.35237253809307695,1.0259955439
82250,0.352371600715935,,0.0,0.352371600715935,1.0272900574
82255,0.35237086428327685,,0.0,0.35237086428327685,1.0291063433
82260,0.352370223798313,,0.0,0.352370223798313,1.0255962451
82265,0.3523695851549992,,0.0,0.3523695851549992,1.019311152
82270,0.3523688780750599,,0.0,0.3523688780750599,1.0153616777
82275,0.35236821535387686,,0.0,0.35236821535387686,1.0114563467
82280,0.35236778995545043,,0.0,0.35236778995545043,1.0098181047
82285,0.3523677886140016,,0.0,0.3523677886140016,1.0092650749
82290,0.35236834540620177,,0.0,0.35236834540620177,1.0088363209
82295,0.3523695477308512,,0.0,0.3523695477308512,1.0101077607
82300,0.3523715407599943,,0.0,0.3523715407599943,1.0087593153
82305,0.35237459571639046,,0.0,0.35237459571639046,1.0043155869
82310,0.3523786820422908,,0.0,0.3523786820422908,1.0025337315
82315,0.3523836759833587,,0.0,0.3523836759833587,1.0020758823
82320,0.3523894736114164,,0.0,0.3523894736114164,1.003853075
82325,0.35239599716790593,,0.0,0.35239599716790593,1.005758531
82330,0.3524031549113709,,0.0,0.3524031549113709,1.0099641141
82335,0.35241074025869507,,0.0,0.35241074025869507,1.0114446348
82340,0.3524186118120798,,0.0,0.3524186118120798,1.010738335
82345,0.3524272887122129,,0.0,0.3524272887122129,1.0076750832
82350,0.3524370643271275,,0.0,0.3524370643271275,1.0043501825
82355,0.35244717523603436,,0.0,0.35244717523603436,1.0007829376
82360,0.3524574945014981,,0.0,0.3524574945014981,0.99968193183
82365,0.35246785482893717,,0.0,0.35246785482893717,0.999058622
82370,0.35247807737366843,,0.0,0.35247807737366843,0.9999658985
82375,0.3524881987413287,,0.0,0.3524881987413287,1.0018898175
82380,0.3524981226886502,,0.0,0.3524981226886502,1.002375924
82385,0.3525080364045826,,0.0,0.3525080364045826,1.001993616
82390,0.352518186170032,,0.0,0.352518186170032,1.0014548078
82395,0.3525287861620789,,0.0,0.3525287861620789,0.99792647318
82400,0.3525400382346642,,0.0,0.3525400382346642,0.99186578377
82405,0.3525520862638562,,0.0,0.3525520862638562,0.98610299933
82410,0.3525649746311478,,0.0,0.3525649746311478,0.98013535846
82415,0.35257878068584125,,0.0,0.35257878068584125,0.97618149119
82420,0.3525937290410341,,0.0,0.3525937290410341,0.97597787936
82425,0.35260943204075784,,0.0,0.35260943204075784,0.97887535229
82430,0.3526254406861816,,0.0,0.3526254406861816,0.98185166613
82435,0.3526413305792814,,0.0,0.3526413305792814,0.98468138289
82440,0.35265688895263464,,0.0,0.35265688895263464,0.9866347411
82445,0.3526720135832952,,0.0,0.3526720135832952,0.98467669277
82450,0.35268669785496465,,0.0,0.35268669785496465,0.98318177234
82455,0.3527005327621756,,0.0,0.3527005327621756,0.98300170072
82460,0.35271325258438246,,0.0,0.35271325258438246,0.98069774339
82465,0.352724664471267,,0.0,0.352724664471267,0.97701632556
82470,0.35273464473670196,,0.0,0.35273464473670196,0.97339551695
82475,0.3527431816486945,,0.0,0.3527431816486945,0.97531783474
82480,0.35275025517645814,,0.0,0.35275025517645814,0.97540502692
82485,0.35275590556345704,,0.0,0.35275590556345704,0.97454979899
82490,0.3527603494195688,,0.0,0.3527603494195688,0.9744813085
82495,0.3527638036957172,,0.0,0.3527638036957172,0.97582046728
82500,0.3527661884961209,,0.0,0.3527661884961209,0.97935907309
82505,0.35276730048897187,,0.0,0.35276730048897187,0.98046148035
82510,0.3527670124185249,,0.0,0.3527670124185249,0.97927715173
82515,0.35276519796122796,,0.0,0.35276519796122796,0.9768136925
82520,0.3527617143778336,,0.0,0.3527617143778336,0.97461514381
82525,0.35275653199731305,,0.0,0.35275653199731305,0.97234574116
82530,0.3527498252080112,,0.0,0.3527498252080112,0.96544138239
82535,0.35274195244959616,,0.0,0.35274195244959616,0.96223111245
82540,0.35273247090754356,,0.0,0.35273247090754356,0.95784099385
82545,0.3527212283842549,,0.0,0.3527212283842549,0.95546532266
82550,0.35270840031395034,,0.0,0.35270840031395034,0.95460506861
82555,0.3526941998733079,,0.0,0.3526941998733079,0.95539598804
82560,0.3526787782595236,,0.0,0.3526787782595236,0.95731407738
82565,0.3526623693621544,,0.0,0.3526623693621544,0.95894415944
82570,0.3526451705105933,,0.0,0.3526451705105933,0.96121593441
82575,0.3526270894859192,,0.0,0.3526270894859192,0.96034155907
82580,0.35260819972676993,,0.0,0.35260819972676993,0.9583237443
82585,0.3525886138921088,,0.0,0.3525886138921088,0.95768307341
82590,0.3525684511889883,,0.0,0.3525684511889883,0.95509379037
82595,0.3525479029216499,,0.0,0.3525479029216499,0.95465634724
82600,0.352527215757519,,0.0,0.352527215757519,0.95417541916
82605,0.35250729474254777,,0.0,0.35250729474254777,0.95675351627
82610,0.35248802246586103,,0.0,0.35248802246586103,0.95841903962
82615,0.3524689425392912,,0.0,0.3524689425392912,0.95554632421
82620,0.3524502711634602,,0.0,0.3524502711634602,0.94915738603
82625,0.3524321946860701,,0.0,0.3524321946860701,0.94212795178
82630,0.3524148442735305,,0.0,0.3524148442735305,0.93826658608
82635,0.35239820396487403,,0.0,0.35239820396487403,0.9354109562
82640,0.35238228417338135,,0.0,0.35238228417338135,0.93119207919
82645,0.35236715942903873,,0.0,0.35236715942903873,0.92924556954
82650,0.3523529453238076,,0.0,0.3523529453238076,0.92917220778
82655,0.3523396748482341,,0.0,0.3523396748482341,0.92766102489
82660,0.3523276464178364,,0.0,0.3523276464178364,0.92697821432
82665,0.3523171541054767,,0.0,0.3523171541054767,0.92439332191
82670,0.3523083113431564,,0.0,0.3523083113431564,0.92156450307
82675,0.352301228470724,,0.0,0.352301228470724,0.92208811314
82680,0.35229630983268057,,0.0,0.35229630983268057,0.92171942416
82685,0.35229344590768885,,0.0,0.35229344590768885,0.91850790408
82690,0.35229229062469336,,0.0,0.35229229062469336,0.91622115629
82695,0.3522924684689741,,0.0,0.3522924684689741,0.91519209289
82700,0.3522937544863871,,0.0,0.3522937544863871,0.91593208999
82705,0.35229594973325357,,0.0,0.35229594973325357,0.91617582295
82710,0.3522988915077489,,0.0,0.3522988915077489,0.91681433895
82715,0.35230275187910287,,0.0,0.35230275187910287,0.91939064723
82720,0.3523076504181506,,0.0,0.3523076504181506,0.91988440289
82725,0.3523134972023493,,0.0,0.3523134972023493,0.91907599673
82730,0.3523200741212176,,0.0,0.3523200741212176,0.91893606655
82735,0.35232719005240537,,0.0,0.35232719005240537,0.91846790556
82740,0.35233465898925687,,0.0,0.35233465898925687,0.91606673439
82745,0.35234236292975,,0.0,0.35234236292975,0.91347812744
82750,0.35235039516141803,,0.0,0.35235039516141803,0.91496430856
82755,0.35235881529915514,,0.0,0.35235881529915514,0.91556537557
82760,0.3523677317502141,,0.0,0.3523677317502141,0.91601463302
82765,0.3523776069506502,,0.0,0.3523776069506502,0.9181824245
82770,0.35238866292160914,,0.0,0.35238866292160914,0.9195863758
82775,0.3524008335001073,,0.0,0.3524008335001073,0.92142913712
82780,0.3524139415012204,,0.0,0.3524139415012204,0.92109481434
82785,0.35242774621446504,,0.0,0.35242774621446504,0.91769561079
82790,0.3524420466498846,,0.0,0.3524420466498846,0.91315602057
82795,0.35245666760062305,,0.0,0.35245666760062305,0.90879289166
82800,0.35247147862783645,,0.0,0.35247147862783645,0.90643253078
82805,0.35248640763433553,,0.0,0.35248640763433553,0.9049348158
82810,0.3525014265861139,,0.0,0.3525014265861139,0.90452583649
82815,0.35251647227592264,,0.0,0.35251647227592264,0.90416007607
82820,0.3525314729248825,,0.0,0.3525314729248825,0.90329577838
82825,0.3525464036138767,,0.0,0.3525464036138767,0.90435209826
82830,0.3525612042278095,,0.0,0.3525612042278095,0.90589151315
82835,0.35257580639826475,,0.0,0.35257580639826475,0.90654229252
82840,0.352590119202297,,0.0,0.352590119202297,0.90624064702
82845,0.3526037878608017,,0.0,0.3526037878608017,0.90903537227
82850,0.35261657916631445,,0.0,0.35261657916631445,0.90934715325
82855,0.3526283325314976,,0.0,0.3526283325314976,0.90875945488
82860,0.35263901196459757,,0.0,0.35263901196459757,0.90797371533
82865,0.3526486225358362,,0.0,0.3526486225358362,0.90333934283
82870,0.3526571252522523,,0.0,0.3526571252522523,0.90005197505
82875,0.3526645640860832,,0.0,0.3526645640860832,0.90053753519
82880,0.35267119955123416,,0.0,0.35267119955123416,0.90073340395
82885,0.3526780089272651,,0.0,0.3526780089272651,0.9001682108
82890,0.35268417481712466,,0.0,0.35268417481712466,0.89531870055
82895,0.35268967091477443,,0.0,0.35268967091477443,0.88738810621
82900,0.35269452020673553,,0.0,0.35269452020673553,0.87962518481
82905,0.35269871837308797,,0.0,0.35269871837308797,0.87630034475
82910,0.3527021752639247,,0.0,0.3527021752639247,0.87232461561
82915,0.3527047997061999,,0.0,0.3527047997061999,0.86879462776
82920,0.3527065698956863,,0.0,0.3527065698956863,0.86594143018
82925,0.3527075229382219,,0.0,0.3527075229382219,0.86195029276
82930,0.35270758150724096,,0.0,0.35270758150724096,0.85871566274
82935,0.3527069394079913,,0.0,0.3527069394079913,0.85717319078
82940,0.35270581031735215,,0.0,0.35270581031735215,0.85646073716
82945,0.35270428895525113,,0.0,0.35270428895525113,0.85853779882
82950,0.35270240394684155,,0.0,0.35270240394684155,0.86099967702
82955,0.3527004925869207,,0.0,0.3527004925869207,0.8613160643
82960,0.3526984862342352,,0.0,0.3526984862342352,0.8600739994
82965,0.35269602754046514,,0.0,0.35269602754046514,0.85998270929
82970,0.35269280372067424,,0.0,0.35269280372067424,0.85996657508
82975,0.35268859173057815,,0.0,0.35268859173057815,0.86025611045
82980,0.35268322370718475,,0.0,0.35268322370718475,0.86338309077
82985,0.3526766362613537,,0.0,0.3526766362613537,0.86336279014
82990,0.35266907135407155,,0.0,0.35266907135407155,0.86301692152
82995,0.35266066103846805,,0.0,0.35266066103846805,0.86316668358
83000,0.35265146818074583,,0.0,0.35265146818074583,0.86164582803
83005,0.3526414483084664,,0.0,0.3526414483084664,0.85944029195
83010,0.35263049467413593,,0.0,0.35263049467413593,0.86128103467
83015,0.35261861848680953,,0.0,0.35261861848680953,0.86079326343
83020,0.3526058726768741,,0.0,0.3526058726768741,0.86105754572
83025,0.3525924628270433,,0.0,0.3525924628270433,0.86302015755
83030,0.3525788595130109,,0.0,0.3525788595130109,0.86408985217
83035,0.35256537010844496,,0.0,0.35256537010844496,0.86257510244
83040,0.3525519796527808,,0.0,0.3525519796527808,0.86265463838
83045,0.35253866534138867,,0.0,0.35253866534138867,0.86426639716
83050,0.35252537031048103,,0.0,0.35252537031048103,0.86448460328
83055,0.35251192658338376,,0.0,0.35251192658338376,0.8614804291
83060,0.3524982328920801,,0.0,0.3524982328920801,0.85578710471
83065,0.35248439143678006,,0.0,0.35248439143678006,0.84990910287
83070,0.35247052069697044,,0.0,0.35247052069697044,0.84632163031
83075,0.3524567397432851,,0.0,0.3524567397432851,0.84393987533
83080,0.35244315743770527,,0.0,0.35244315743770527,0.84292798692
83085,0.3524298988078068,,0.0,0.3524298988078068,0.84227118638
83090,0.3524171134819727,,0.0,0.3524171134819727,0.83972617251
83095,0.3524048535948149,,0.0,0.3524048535948149,0.83852908173
83100,0.3523931315604191,,0.0,0.3523931315604191,0.84158011544
83105,0.3523821686951019,,0.0,0.3523821686951019,0.84358959055
83110,0.3523718365835606,,0.0,0.3523718365835606,0.84236689008
83115,0.3523620313430902,,0.0,0.3523620313430902,0.84133683354
83120,0.352352724871475,,0.0,0.352352724871475,0.84209937674
83125,0.3523438738785705,,0.0,0.3523438738785705,0.84191602938
83130,0.3523355009189058,,0.0,0.3523355009189058,0.84208883791
83135,0.3523277812448097,,0.0,0.3523277812448097,0.84221588957
83140,0.3523217091426844,,0.0,0.3523217091426844,0.84097589709
83145,0.3523166122511047,,0.0,0.3523166122511047,0.83988798518
83150,0.35231231761412035,,0.0,0.35231231761412035,0.83890513756
83155,0.3523088094526554,,0.0,0.3523088094526554,0.83512797
83160,0.352306156658064,,0.0,0.352306156658064,0.83274906213
83165,0.3523043413595195,,0.0,0.3523043413595195,0.82957016347
83170,0.352303309808124,,0.0,0.352303309808124,0.82376581846
83175,0.35230307835136393,,0.0,0.35230307835136393,0.81655416332
83180,0.3523037415500118,,0.0,0.3523037415500118,0.80995285884
83185,0.3523052500887717,,0.0,0.3523052500887717,0.80504130498
83190,0.3523078518855721,,0.0,0.3523078518855721,0.80142968686
83195,0.35231178480884373,,0.0,0.35231178480884373,0.79724718987
83200,0.3523172143569908,,0.0,0.3523172143569908,0.79616133099
83205,0.3523242409795191,,0.0,0.3523242409795191,0.79724595479
83210,0.35233308878932473,,0.0,0.35233308878932473,0.80031956952
83215,0.35234392971921913,,0.0,0.35234392971921913,0.80397114743
83220,0.3523563900961323,,0.0,0.3523563900961323,0.80707513409
83225,0.3523701087974984,,0.0,0.3523701087974984,0.80865786831
83230,0.35238479188687394,,0.0,0.35238479188687394,0.80983633581
83235,0.35240018508013277,,0.0,0.35240018508013277,0.81084464586
83240,0.3524161156259523,,0.0,0.3524161156259523,0.81240803471
83245,0.3524327109847056,,0.0,0.3524327109847056,0.81326942369
83250,0.3524499995087088,,0.0,0.3524499995087088,0.81670067431
83255,0.35246792694886286,,0.0,0.35246792694886286,0.81801808568
83260,0.3524862836298984,,0.0,0.3524862836298984,0.81652248613
83265,0.35250474421637545,,0.0,0.35250474421637545,0.81517706975
83270,0.3525230049724532,,0.0,0.3525230049724532,0.81494027026
83275,0.3525408860757824,,0.0,0.3525408860757824,0.81385472731
83280,0.35255834716921686,,0.0,0.35255834716921686,0.81228718306
83285,0.3525754405919963,,0.0,0.3525754405919963,0.81401602794
83290,0.3525923234073131,,0.0,0.3525923234073131,0.8168833762
83295,0.35260908394616086,,0.0,0.35260908394616086,0.81886366223
83300,0.3526255592338778,,0.0,0.3526255592338778,0.819285685
83305,0.35264150840082564,,0.0,0.35264150840082564,0.81723790474
83310,0.3526566982622764,,0.0,0.3526566982622764,0.81422937819
83315,0.3526708460908419,,0.0,0.3526708460908419,0.81219892028
83320,0.3526837745879156,,0.0,0.3526837745879156,0.80916899748
83325,0.3526954380760287,,0.0,0.3526954380760287,0.80344873179
83330,0.352705819934858,,0.0,0.352705819934858,0.79692534624
83335,0.3527149323283883,,0.0,0.3527149323283883,0.79002454323
83340,0.3527228146588363,,0.0,0.3527228146588363,0.78691890149
83345,0.35272956657993276,,0.0,0.35272956657993276,0.78680215408
83350,0.3527353050023516,,0.0,0.3527353050023516,0.78480843858
83355,0.35274008044641914,,0.0,0.35274008044641914,0.78304463815
83360,0.35274386556022136,,0.0,0.35274386556022136,0.78170704734
83365,0.35274679521620456,,0.0,0.35274679521620456,0.77873562385
83370,0.3527486978680764,,0.0,0.3527486978680764,0.78057844099
83375,0.352749393716224,,0.0,0.352749393716224,0.78285676347
83380,0.352748812277744,,0.0,0.352748812277744,0.78398511021
83385,0.3527469176973015,,0.0,0.3527469176973015,0.78473704091
83390,0.35274359179098286,,0.0,0.35274359179098286,0.78933430157
83395,0.35273876082457667,,0.0,0.35273876082457667,0.79407127362
83400,0.3527325956395461,,0.0,0.3527325956395461,0.79838624734
83405,0.35272604288949266,,0.0,0.35272604288949266,0.79989526728
83410,0.3527184890093744,,0.0,0.3527184890093744,0.80118285977
83415,0.352709725460743,,0.0,0.352709725460743,0.80050296608
83420,0.3526997789588923,,0.0,0.3526997789588923,0.79912895443
83425,0.3526886781971851,,0.0,0.3526886781971851,0.79670667105
83430,0.3526764062142517,,0.0,0.3526764062142517,0.79306173285
83435,0.3526629969555678,,0.0,0.3526629969555678,0.7923940456
83440,0.3526485615112837,,0.0,0.3526485615112837,0.79216824895
83445,0.352633272155257,,0.0,0.352633272155257,0.7904294527
83450,0.3526172284730094,,0.0,0.3526172284730094,0.78729552022
83455,0.35260070050500636,,0.0,0.35260070050500636,0.7841237306
83460,0.3525840000812543,,0.0,0.3525840000812543,0.78503487219
83465,0.35256741097501665,,0.0,0.35256741097501665,0.78582744675
83470,0.3525511847647857,,0.0,0.3525511847647857,0.7848831273
83475,0.35253574975924973,,0.0,0.35253574975924973,0.78449933964
83480,0.35252130935842596,,0.0,0.35252130935842596,0.7866285735
83485,0.35250758681460476,,0.0,0.35250758681460476,0.79036686095
83490,0.3524943606750511,,0.0,0.3524943606750511,0.79354076272
83495,0.3524814763548424,,0.0,0.3524814763548424,0.79537779542
83500,0.3524688508205711,,0.0,0.3524688508205711,0.80070308758
83505,0.3524563653881226,,0.0,0.3524563653881226,0.80502404112
83510,0.35244415458889655,,0.0,0.35244415458889655,0.80890332415
83515,0.35243243396415885,,0.0,0.35243243396415885,0.81124646639
83520,0.35242134043263335,,0.0,0.35242134043263335,0.81114024558
83525,0.352410920603982,,0.0,0.352410920603982,0.81260422695
83530,0.3524011250946995,,0.0,0.3524011250946995,0.81387379224
83535,0.3523917746281108,,0.0,0.3523917746281108,0.81487402404
83540,0.35238275745470926,,0.0,0.35238275745470926,0.8184196222
83545,0.3523740585457211,,0.0,0.3523740585457211,0.82047949908
83550,0.35236585740518567,,0.0,0.35236585740518567,0.82028128384
83555,0.3523585692001403,,0.0,0.3523585692001403,0.81750542556
83560,0.35235245667265946,,0.0,0.35235245667265946,0.81424832037
83565,0.3523474923798838,,0.0,0.3523474923798838,0.8146126584
83570,0.35234356504977166,,0.0,0.35234356504977166,0.81455360421
83575,0.3523405557481077,,0.0,0.3523405557481077,0.81453692699
83580,0.35233831320948666,,0.0,0.35233831320948666,0.8094655421
83585,0.3523366603626662,,0.0,0.3523366603626662,0.80364540525
83590,0.3523355301806789,,0.0,0.3523355301806789,0.80118276441
83595,0.3523349408299246,,0.0,0.3523349408299246,0.80151659967
83600,0.3523349304621169,,0.0,0.3523349304621169,0.80058466209
83605,0.3523355528034173,,0.0,0.3523355528034173,0.79684136167
83610,0.3523368595337093,,0.0,0.3523368595337093,0.79315445296
83615,0.35233894209887606,,0.0,0.35233894209887606,0.79143058057
83620,0.3523418863743776,,0.0,0.3523418863743776,0.79150220327
83625,0.35234570372842405,,0.0,0.35234570372842405,0.79295304802
83630,0.3523503585330447,,0.0,0.3523503585330447,0.79385245875
83635,0.35235591790615256,,0.0,0.35235591790615256,0.79670654327
83640,0.3523621548927989,,0.0,0.3523621548927989,0.7983615036
83645,0.35236891418049554,,0.0,0.35236891418049554,0.79992306481
83650,0.3523761087569616,,0.0,0.3523761087569616,0.80847036835
83655,0.3523836975829581,,0.0,0.3523836975829581,0.81772585421
83660,0.3523915913498256,,0.0,0.3523915913498256,0.82510642002
83665,0.3523997037046392,,0.0,0.3523997037046392,0.83041787893
83670,0.3524084746880802,,0.0,0.3524084746880802,0.83519857234
83675,0.3524184570680022,,0.0,0.3524184570680022,0.83809493723
83680,0.35242883378840045,,0.0,0.35242883378840045,0.83670885296
83685,0.35243950774202315,,0.0,0.35243950774202315,0.8374050097
83690,0.3524504215194086,,0.0,0.3524504215194086,0.83799853651
83695,0.3524615747340377,,0.0,0.3524615747340377,0.83730369042
83700,0.35247289642554236,,0.0,0.35247289642554236,0.83713062108
83705,0.35248429783093704,,0.0,0.35248429783093704,0.83580961064
83710,0.35249576562667945,,0.0,0.35249576562667945,0.83324278678
83715,0.3525073374870182,,0.0,0.3525073374870182,0.82844415144
83720,0.35251893501677567,,0.0,0.35251893501677567,0.82454532133
83725,0.35253074965661185,,0.0,0.35253074965661185,0.82028639197
83730,0.35254295963732674,,0.0,0.35254295963732674,0.81643021586
83735,0.3525556851209023,,0.0,0.3525556851209023,0.8136165865
83740,0.3525689170582431,,0.0,0.3525689170582431,0.81158322402
83745,0.352582952045954,,0.0,0.352582952045954,0.81119295276
83750,0.35259763422587276,,0.0,0.35259763422587276,0.8119779056
83755,0.3526125189645612,,0.0,0.3526125189645612,0.81508768574
83760,0.35262721155776056,,0.0,0.35262721155776056,0.82100602637
83765,0.35264139064890415,,0.0,0.35264139064890415,0.8283796483
83770,0.35265480211302086,,0.0,0.35265480211302086,0.83473716399
83775,0.35266733779295856,,0.0,0.35266733779295856,0.83744978383
83780,0.3526791400414456,,0.0,0.3526791400414456,0.83852960756
83785,0.35269022149993184,,0.0,0.35269022149993184,0.83702904912
83790,0.35270054956439034,,0.0,0.35270054956439034,0.8397388723
83795,0.35270997603883264,,0.0,0.35270997603883264,0.84407269062
83800,0.3527182682159955,,0.0,0.3527182682159955,0.84872310338
83805,0.35272525411759476,,0.0,0.35272525411759476,0.85374436824
83810,0.3527308834961411,,0.0,0.3527308834961411,0.85800479235
83815,0.35273511804076635,,0.0,0.35273511804076635,0.85994005218
83820,0.3527379547047899,,0.0,0.3527379547047899,0.86063672154
83825,0.3527395838602602,,0.0,0.3527395838602602,0.86148088357
83830,0.352740270363739,,0.0,0.352740270363739,0.85946638275
83835,0.3527399751995289,,0.0,0.3527399751995289,0.85991251636
83840,0.3527386169939809,,0.0,0.3527386169939809,0.85960116624
83845,0.352736063352919,,0.0,0.352736063352919,0.85788122984
83850,0.3527321536890055,,0.0,0.3527321536890055,0.85989143115
83855,0.352726755107863,,0.0,0.352726755107863,0.86401343706
83860,0.35271987358917006,,0.0,0.35271987358917006,0.86525025998
83865,0.3527115637458085,,0.0,0.3527115637458085,0.86274701232
83870,0.35270191531842987,,0.0,0.35270191531842987,0.85956440556
83875,0.3526910377374257,,0.0,0.3526910377374257,0.85319211273
83880,0.352679065056731,,0.0,0.352679065056731,0.84788577526
83885,0.3526662034729427,,0.0,0.3526662034729427,0.84513629109
83890,0.3526526293070013,,0.0,0.3526526293070013,0.84263008519
83895,0.3526384305261176,,0.0,0.3526384305261176,0.83975947188
83900,0.3526236172252622,,0.0,0.3526236172252622,0.84103189542
83905,0.35260823258089746,,0.0,0.35260823258089746,0.84618113421
83910,0.35259243752140734,,0.0,0.35259243752140734,0.85228471917
83915,0.35257613809990257,,0.0,0.35257613809990257,0.85701095031
83920,0.35255936382825687,,0.0,0.35255936382825687,0.86024357891
83925,0.35254218737207,,0.0,0.35254218737207,0.86252034892
83930,0.3525245712389846,,0.0,0.3525245712389846,0.86644840047
83935,0.3525065446225646,,0.0,0.3525065446225646,0.86905002727
83940,0.3524884659170053,,0.0,0.3524884659170053,0.87006113314
83945,0.35247130551273126,,0.0,0.35247130551273126,0.86933798473
83950,0.3524544480257867,,0.0,0.3524544480257867,0.86984300903
83955,0.35243795595859156,,0.0,0.35243795595859156,0.87463450414
83960,0.3524219262819789,,0.0,0.3524219262819789,0.8769049668
83965,0.3524063707734146,,0.0,0.3524063707734146,0.87990890106
83970,0.3523913255383342,,0.0,0.3523913255383342,0.88142764498
83975,0.3523768901167865,,0.0,0.3523768901167865,0.87955302993
83980,0.35236321679731564,,0.0,0.35236321679731564,0.87464981424
83985,0.3523504320626284,,0.0,0.3523504320626284,0.86912691022
83990,0.35233865982621626,,0.0,0.35233865982621626,0.86719447363
83995,0.3523282687818732,,0.0,0.3523282687818732,0.86714468424
84000,0.35231944059359843,,0.0,0.35231944059359843,0.86733711127
84005,0.3523122566805135,,0.0,0.3523122566805135,0.86625896925
84010,0.35230692853680157,,0.0,0.35230692853680157,0.86889261359
84015,0.35230367409105234,,0.0,0.35230367409105234,0.8703911593
84020,0.3523021312657705,,0.0,0.3523021312657705,0.86780257551
84025,0.35230190326494626,,0.0,0.35230190326494626,0.86829660944
84030,0.35230267734911663,,0.0,0.35230267734911663,0.86999708226
84035,0.35230422797299077,,0.0,0.35230422797299077,0.87248035466
84040,0.3523063967774003,,0.0,0.3523063967774003,0.87239081395
84045,0.3523093231820753,,0.0,0.3523093231820753,0.87268457536
84050,0.3523131237339071,,0.0,0.3523131237339071,0.87386196605
84055,0.35231778063027835,,0.0,0.35231778063027835,0.87856931099
84060,0.3523232100192706,,0.0,0.3523232100192706,0.88709151124
84065,0.35232920993326095,,0.0,0.35232920993326095,0.89361451704
84070,0.35233560245975953,,0.0,0.35233560245975953,0.89623126528
84075,0.35234234212592536,,0.0,0.35234234212592536,0.89979190983
84080,0.3523494733814605,,0.0,0.3523494733814605,0.89960239903
84085,0.3523569790603674,,0.0,0.3523569790603674,0.90196633509
84090,0.352364773059822,,0.0,0.352364773059822,0.90201887001
84095,0.35237296215005454,,0.0,0.35237296215005454,0.90141739512
84100,0.35238198839528784,,0.0,0.35238198839528784,0.90348351172
84105,0.35239211919856256,,0.0,0.35239211919856256,0.9056860857
84110,0.3524032645009174,,0.0,0.3524032645009174,0.9081696051
84115,0.3524151779305005,,0.0,0.3524151779305005,0.91177544315
84120,0.35242757462269997,,0.0,0.35242757462269997,0.91382773253
84125,0.3524402112523444,,0.0,0.3524402112523444,0.91919398058
84130,0.35245295883572064,,0.0,0.35245295883572064,0.9212642125
84135,0.35246573565813355,,0.0,0.35246573565813355,0.92148257053
84140,0.3524785160046916,,0.0,0.3524785160046916,0.91732527227
84145,0.3524912901442069,,0.0,0.3524912901442069,0.91122864564
84150,0.3525040509829162,,0.0,0.3525040509829162,0.90402080064
84155,0.3525168561576454,,0.0,0.3525168561576454,0.90209541912
84160,0.3525297209700054,,0.0,0.3525297209700054,0.9036068374
84165,0.3525425604994658,,0.0,0.3525425604994658,0.90769449659
84170,0.352555235235351,,0.0,0.352555235235351,0.91501646157
84175,0.3525678410344093,,0.0,0.3525678410344093,0.92162203649
84180,0.3525801681531623,,0.0,0.3525801681531623,0.92482626115
84185,0.3525919999135231,,0.0,0.3525919999135231,0.92667901584
84190,0.3526032730172972,,0.0,0.3526032730172972,0.9276568625
84195,0.352613898360453,,0.0,0.352613898360453,0.92812744426
84200,0.3526237495512291,,0.0,0.3526237495512291,0.93016229915
84205,0.3526328023980743,,0.0,0.3526328023980743,0.93146451294
84210,0.35264164634268846,,0.0,0.35264164634268846,0.93169693086
84215,0.35265050945410503,,0.0,0.35265050945410503,0.93220071278
84220,0.3526588797308721,,0.0,0.3526588797308721,0.93364182666
84225,0.35266673141262533,,0.0,0.35266673141262533,0.93663279392
84230,0.3526739755772244,,0.0,0.3526739755772244,0.93878265666
84235,0.35268050750071667,,0.0,0.35268050750071667,0.94044308923
84240,0.35268628466599594,,0.0,0.35268628466599594,0.94333725216
84245,0.3526913356300063,,0.0,0.3526913356300063,0.94275193855
84250,0.35269568892695546,,0.0,0.35269568892695546,0.94013294
84255,0.3526992885797762,,0.0,0.3526992885797762,0.9376094398
84260,0.3527023339186666,,0.0,0.3527023339186666,0.93507981851
84265,0.3527050109502823,,0.0,0.3527050109502823,0.9319319872
84270,0.3527073512100383,,0.0,0.3527073512100383,0.93048418728
84275,0.352709411220676,,0.0,0.352709411220676,0.93118981613
84280,0.3527115144987218,,0.0,0.3527115144987218,0.93157102373
84285,0.3527133569218159,,0.0,0.3527133569218159,0.93407660668
84290,0.3527145262559192,,0.0,0.3527145262559192,0.93764470825
84295,0.3527146733832959,,0.0,0.3527146733832959,0.94079824079
84300,0.3527135650510086,,0.0,0.3527135650510086,0.94223540756
84305,0.3527109924932449,,0.0,0.3527109924932449,0.9431920492
84310,0.35270698856413224,,0.0,0.35270698856413224,0.94292484431
84315,0.3527017002318925,,0.0,0.3527017002318925,0.94429452653
84320,0.3526951898625268,,0.0,0.3526951898625268,0.95166220246
84325,0.3526874713252517,,0.0,0.3526874713252517,0.95818860938
84330,0.3526784491271012,,0.0,0.3526784491271012,0.96370411111
84335,0.35266798291615215,,0.0,0.35266798291615215,0.96923752612
84340,0.35265604024753244,,0.0,0.35265604024753244,0.97307073031
84345,0.35264271388583746,,0.0,0.35264271388583746,0.97857184101
84350,0.35262808609143637,,0.0,0.35262808609143637,0.98404840042
84355,0.3526123035824504,,0.0,0.3526123035824504,0.98621548051
84360,0.3525955930409912,,0.0,0.3525955930409912,0.98766519515
84365,0.35257845266750354,,0.0,0.35257845266750354,0.99228914567
84370,0.3525613226390872,,0.0,0.3525613226390872,0.99408340908
84375,0.35254434230726306,,0.0,0.35254434230726306,0.99603155261
84380,0.3525274776583461,,0.0,0.3525274776583461,0.99797749504
84385,0.35251060812109875,,0.0,0.35251060812109875,1.0004713343
84390,0.35249371355105247,,0.0,0.35249371355105247,1.0018821927
84395,0.3524769072665268,,0.0,0.3524769072665268,1.0045907468
84400,0.35246033302990815,,0.0,0.35246033302990815,1.0043790818
84405,0.35244415065549584,,0.0,0.35244415065549584,1.0025522924
84410,0.35242849076402527,,0.0,0.35242849076402527,1.0005118495
84415,0.35241350236999597,,0.0,0.35241350236999597,0.99710174723
84420,0.35239931418428416,,0.0,0.35239931418428416,0.99315258291
84425,0.3523859627443175,,0.0,0.3523859627443175,0.99173055377
84430,0.35237339555170105,,0.0,0.35237339555170105,0.9915407918
84435,0.35236174179477586,,0.0,0.35236174179477586,0.99609261737
84440,0.35235086309968716,,0.0,0.35235086309968716,0.99854584694
84445,0.35234061740927985,,0.0,0.35234061740927985,1.0017796287
84450,0.3523309845108764,,0.0,0.3523309845108764,1.0064518277
84455,0.3523219377801284,,0.0,0.3523219377801284,1.0061621461
84460,0.35231338588483474,,0.0,0.35231338588483474,1.003113161
84465,0.35230537764009034,,0.0,0.35230537764009034,1.0030598974
84470,0.35229863672342143,,0.0,0.35229863672342143,1.0002014972
84475,0.35229323248091016,,0.0,0.35229323248091016,0.99664792767
84480,0.3522888006296284,,0.0,0.3522888006296284,0.9930768601
84485,0.35228537513778824,,0.0,0.35228537513778824,0.98885684256
84490,0.3522829847669615,,0.0,0.3522829847669615,0.98743076304
84495,0.3522816187855578,,0.0,0.3522816187855578,0.98769301583
84500,0.3522812399058476,,0.0,0.3522812399058476,0.989892995
84505,0.35228186706726905,,0.0,0.35228186706726905,0.99109781971
84510,0.35228358048391356,,0.0,0.35228358048391356,0.98832542493
84515,0.3522864073485399,,0.0,0.3522864073485399,0.98427090038
84520,0.3522904525215192,,0.0,0.3522904525215192,0.98153609992
84525,0.35229596446645406,,0.0,0.35229596446645406,0.97761633552
84530,0.35230309626766326,,0.0,0.35230309626766326,0.97395967877
84535,0.35231192547907697,,0.0,0.35231192547907697,0.97245656688
84540,0.35232273962546806,,0.0,0.35232273962546806,0.97570172508
84545,0.35233553338651424,,0.0,0.35233553338651424,0.97979115174
84550,0.352349907760773,,0.0,0.352349907760773,0.98152421345
84555,0.3523655092878523,,0.0,0.3523655092878523,0.98175674432
84560,0.35238203825625786,,0.0,0.35238203825625786,0.98443498798
84565,0.35239924047280907,,0.0,0.35239924047280907,0.98912416926
84570,0.35241680644935097,,0.0,0.35241680644935097,0.9912217104
84575,0.35243467698024467,,0.0,0.35243467698024467,0.98909027098
84580,0.35245286784456603,,0.0,0.35245286784456603,0.98721249378
84585,0.35247130778637326,,0.0,0.35247130778637326,0.99109650002
84590,0.35248987589338254,,0.0,0.35248987589338254,0.99696760731
84595,0.3525083782011911,,0.0,0.3525083782011911,1.0027487403
84600,0.3525265762956941,,0.0,0.3525265762956941,1.0075321656
84605,0.35254425029296954,,0.0,0.35254425029296954,1.0116006594
84610,0.35256134705800274,,0.0,0.35256134705800274,1.0112547638
84615,0.35257803593165327,,0.0,0.35257803593165327,1.0100915616
84620,0.3525944664740947,,0.0,0.3525944664740947,1.0063194088
84625,0.3526105283909516,,0.0,0.3526105283909516,1.0039936705
84630,0.3526260022530301,,0.0,0.3526260022530301,1.0058455258
84635,0.35264072813234887,,0.0,0.35264072813234887,1.0084589312
84640,0.3526545521260781,,0.0,0.3526545521260781,1.0079238673
84645,0.35266728263440256,,0.0,0.35266728263440256,1.0037680985
84650,0.35267875522752967,,0.0,0.35267875522752967,1.0021680471
84655,0.3526888988314091,,0.0,0.3526888988314091,1.0015800657
84660,0.3526977124001655,,0.0,0.3526977124001655,1.0016399837
84665,0.35270522528651777,,0.0,0.35270522528651777,1.0020161322
84670,0.3527114856916771,,0.0,0.3527114856916771,1.0035107931
84675,0.352716552798546,,0.0,0.352716552798546,1.0053231761
84680,0.35272050632101454,,0.0,0.35272050632101454,1.0052091039
84685,0.35272346885386163,,0.0,0.35272346885386163,1.0014655638
84690,0.3527255693808006,,0.0,0.3527255693808006,0.99643503353
84695,0.35272692187950694,,0.0,0.35272692187950694,0.99432138714
84700,0.35272733363608116,,0.0,0.35272733363608116,0.99354585347
84705,0.35272665590886065,,0.0,0.35272665590886065,0.99393734697
84710,0.35272478979441646,,0.0,0.35272478979441646,0.99429241209
84715,0.3527216690842923,,0.0,0.3527216690842923,1.001386305
84720,0.35271727211067955,,0.0,0.35271727211067955,1.0042054823
84725,0.3527116076498364,,0.0,0.3527116076498364,1.0017860664
84730,0.35270470912430085,,0.0,0.35270470912430085,0.99874197791
84735,0.35269663435279025,,0.0,0.35269663435279025,0.9964118958
84740,0.3526875672274731,,0.0,0.3526875672274731,0.99204288324
84745,0.35267849528203477,,0.0,0.35267849528203477,0.98920187156
84750,0.3526687502930785,,0.0,0.3526687502930785,0.98617320493
84755,0.35265825923122185,,0.0,0.35265825923122185,0.98377595676
84760,0.35264714187192775,,0.0,0.35264714187192775,0.98470140475
84765,0.3526355086687266,,0.0,0.3526355086687266,0.98756843779
84770,0.35262342989989415,,0.0,0.35262342989989415,0.98684291163
84775,0.35261092177649805,,0.0,0.35261092177649805,0.98601298212
84780,0.35259804052570604,,0.0,0.35259804052570604,0.98467540315
84785,0.3525849402095031,,0.0,0.3525849402095031,0.98156588323
84790,0.3525717285075764,,0.0,0.3525717285075764,0.97887909063
84795,0.35255850225434066,,0.0,0.35255850225434066,0.97606072409
84800,0.352545625346205,,0.0,0.352545625346205,0.97576141662
84805,0.3525333592747409,,0.0,0.3525333592747409,0.97654764305
84810,0.3525218703568639,,0.0,0.3525218703568639,0.97876633854
84815,0.3525113364368548,,0.0,0.3525113364368548,0.98274199301
84820,0.35250203633143723,,0.0,0.35250203633143723,0.98392631161
84825,0.3524936012331355,,0.0,0.3524936012331355,0.98276156913
84830,0.352485685616568,,0.0,0.352485685616568,0.98419416172
84835,0.3524780136434819,,0.0,0.3524780136434819,0.98503893667
84840,0.35247040699213184,,0.0,0.35247040699213184,0.98621648643
84845,0.35246268258886015,,0.0,0.35246268258886015,0.986290497
84850,0.3524549100753229,,0.0,0.3524549100753229,0.98731645743
84855,0.3524473217950005,,0.0,0.3524473217950005,0.99085894327
84860,0.3524400236314029,,0.0,0.3524400236314029,0.99334594624
84865,0.35243304332296316,,0.0,0.35243304332296316,0.99406337441
84870,0.3524262873547838,,0.0,0.3524262873547838,0.99515272065
84875,0.35241982107133735,,0.0,0.35241982107133735,0.99676849013
84880,0.35241397058110213,,0.0,0.35241397058110213,0.99381126242
84885,0.35240894042091647,,0.0,0.35240894042091647,0.99247149421
84890,0.35240466354107647,,0.0,0.35240466354107647,0.98952610463
84895,0.3524009962474049,,0.0,0.3524009962474049,0.9886323346
84900,0.3523977927994468,,0.0,0.3523977927994468,0.98883062744
84905,0.352394895724754,,0.0,0.352394895724754,0.9894233515
84910,0.35239216674041773,,0.0,0.35239216674041773,0.99084863246
84915,0.3523895042601111,,0.0,0.3523895042601111,0.98433205509
84920,0.35238676859126716,,0.0,0.35238676859126716,0.978757054
84925,0.3523840082079342,,0.0,0.3523840082079342,0.97574937998
84930,0.3523813811509707,,0.0,0.3523813811509707,0.97218428946
84935,0.35237906235439553,,0.0,0.35237906235439553,0.97212540817
84940,0.3523771932842167,,0.0,0.3523771932842167,0.9702494835
84945,0.3523758628171017,,0.0,0.3523758628171017,0.97024650652
84950,0.3523751820886737,,0.0,0.3523751820886737,0.97030490305
84955,0.35237535570398015,,0.0,0.35237535570398015,0.9690699293
84960,0.35237649852741726,,0.0,0.35237649852741726,0.96527785831
84965,0.3523784794835211,,0.0,0.3523784794835211,0.96425853438
84970,0.35238120251091526,,0.0,0.35238120251091526,0.96338566402
84975,0.35238460149208917,,0.0,0.35238460149208917,0.96520985907
84980,0.35238861469766136,,0.0,0.35238861469766136,0.96837266098
84985,0.35239311835055886,,0.0,0.35239311835055886,0.9708343538
84990,0.3523979383580104,,0.0,0.3523979383580104,0.97103761412
84995,0.3524031984970889,,0.0,0.3524031984970889,0.96881259262
85000,0.35240977193728484,,0.0,0.35240977193728484,0.96540730334
85005,0.3524169332958407,,0.0,0.3524169332958407,0.96141153249
85010,0.352424459710363,,0.0,0.352424459710363,0.95876065526
85015,0.35243221592188684,,0.0,0.35243221592188684,0.95851342473
85020,0.3524400920907649,,0.0,0.3524400920907649,0.95907485027
85025,0.3524480677996916,,0.0,0.3524480677996916,0.9611382474
85030,0.3524561391607392,,0.0,0.3524561391607392,0.96270130016
85035,0.3524642495147478,,0.0,0.3524642495147478,0.96261378086
85040,0.3524725094971393,,0.0,0.3524725094971393,0.96333211944
85045,0.35248122927816145,,0.0,0.35248122927816145,0.9628017775
85050,0.35249065147815667,,0.0,0.35249065147815667,0.95880455972
85055,0.3525010062351727,,0.0,0.3525010062351727,0.9546044619
85060,0.3525124027749735,,0.0,0.3525124027749735,0.95054618463
85065,0.3525248524202962,,0.0,0.3525248524202962,0.94469054136
85070,0.3525386475615078,,0.0,0.3525386475615078,0.94306528815
85075,0.3525536212678095,,0.0,0.3525536212678095,0.94426682632
85080,0.3525693738556662,,0.0,0.3525693738556662,0.94681344099
85085,0.35258549870693484,,0.0,0.35258549870693484,0.95038634843
85090,0.35260172171133053,,0.0,0.35260172171133053,0.9550625098
85095,0.3526177486823091,,0.0,0.3526177486823091,0.95607304099
85100,0.35263358584964993,,0.0,0.35263358584964993,0.95516673174
85105,0.35264925058397806,,0.0,0.35264925058397806,0.95431251685
85110,0.35266464057140157,,0.0,0.35266464057140157,0.95360549738
85115,0.35267945707809223,,0.0,0.35267945707809223,0.95078413216
85120,0.3526933900929574,,0.0,0.3526933900929574,0.94782891573
85125,0.3527062032254338,,0.0,0.3527062032254338,0.94648428061
85130,0.35271772138234747,,0.0,0.35271772138234747,0.94875594698
85135,0.3527277937757581,,0.0,0.3527277937757581,0.94954462412
85140,0.35273639002980794,,0.0,0.35273639002980794,0.94938845146
85145,0.35274371927409226,,0.0,0.35274371927409226,0.94957877087
85150,0.3527499372758275,,0.0,0.3527499372758275,0.94990191283
85155,0.3527549297617645,,0.0,0.3527549297617645,0.95302659039
85160,0.35275854658058264,,0.0,0.35275854658058264,0.95220703064
85165,0.35276070135662074,,0.0,0.35276070135662074,0.9512590007
85170,0.35276127611059316,,0.0,0.35276127611059316,0.94671281318
85175,0.3527601594113032,,0.0,0.3527601594113032,0.94237794708
85180,0.3527573329786688,,0.0,0.3527573329786688,0.939004045
85185,0.35275288794026316,,0.0,0.35275288794026316,0.93210590276
85190,0.35274695491682173,,0.0,0.35274695491682173,0.92936662969
85195,0.35273964681740844,,0.0,0.35273964681740844,0.92590752888
85200,0.3527310500404209,,0.0,0.3527310500404209,0.92489172973
85205,0.35272130109532746,,0.0,0.35272130109532746,0.9231806999
85210,0.35271053071654573,,0.0,0.35271053071654573,0.92370792361
85215,0.35269873794914597,,0.0,0.35269873794914597,0.92426398458
85220,0.3526860694885129,,0.0,0.3526860694885129,0.92563056514
85225,0.3526724889791102,,0.0,0.3526724889791102,0.9263824456
85230,0.3526578723482916,,0.0,0.3526578723482916,0.92571831517
85235,0.3526422066362974,,0.0,0.3526422066362974,0.92404182424
85240,0.35262548593165827,,0.0,0.35262548593165827,0.92228237513
85245,0.35260783007804636,,0.0,0.35260783007804636,0.92048588304
85250,0.35258941209962125,,0.0,0.35258941209962125,0.92155774507
85255,0.35257053998393423,,0.0,0.35257053998393423,0.92245288409
85260,0.35255225792383055,,0.0,0.35255225792383055,0.92464506078
85265,0.3525339263665395,,0.0,0.3525339263665395,0.92559671563
85270,0.3525154487277472,,0.0,0.3525154487277472,0.92140505352
85275,0.3524970289758813,,0.0,0.3524970289758813,0.91332234751
85280,0.35247883626990995,,0.0,0.35247883626990995,0.90726086402
85285,0.35246097726638137,,0.0,0.35246097726638137,0.90476350481
85290,0.3524434843419584,,0.0,0.3524434843419584,0.90213207814
85295,0.35242644946546153,,0.0,0.35242644946546153,0.89966755969
85300,0.35241002572120983,,0.0,0.35241002572120983,0.89940261893
85305,0.35239434427561267,,0.0,0.35239434427561267,0.89881123405
85310,0.3523795495049399,,0.0,0.3523795495049399,0.89679503615
85315,0.35236602867864086,,0.0,0.35236602867864086,0.89702529543
85320,0.3523540374677635,,0.0,0.3523540374677635,0.89465377739
85325,0.3523436808236245,,0.0,0.3523436808236245,0.89465299857
85330,0.3523351687170667,,0.0,0.3523351687170667,0.89459022844
85335,0.3523288349414786,,0.0,0.3523288349414786,0.8935435535
85340,0.3523244152769182,,0.0,0.3523244152769182,0.89093872625
85345,0.35232150469679174,,0.0,0.35232150469679174,0.8902381526
85350,0.35231979096183735,,0.0,0.35231979096183735,0.89074724627
85355,0.35231908142636464,,0.0,0.35231908142636464,0.89106273695
85360,0.3523191683022272,,0.0,0.3523191683022272,0.88932772606
85365,0.35232005040713105,,0.0,0.35232005040713105,0.89100856464
85370,0.35232186531915644,,0.0,0.35232186531915644,0.89284076407
85375,0.3523246031479603,,0.0,0.3523246031479603,0.89340993543
85380,0.3523280665868862,,0.0,0.3523280665868862,0.89157809209
85385,0.35233205973893555,,0.0,0.35233205973893555,0.89106153368
85390,0.35233634812340425,,0.0,0.35233634812340425,0.88972007904
85395,0.3523407596028533,,0.0,0.3523407596028533,0.887652578
85400,0.35234535588392774,,0.0,0.35234535588392774,0.88629868952
85405,0.35235024942096294,,0.0,0.35235024942096294,0.88712216653
85410,0.3523555042851919,,0.0,0.3523555042851919,0.88789066072
85415,0.3523613922223116,,0.0,0.3523613922223116,0.88906260643
85420,0.35236839397119585,,0.0,0.35236839397119585,0.88890406189
85425,0.352376644631655,,0.0,0.352376644631655,0.89082336982
85430,0.352386045186578,,0.0,0.352386045186578,0.89239507622
85435,0.3523963990796101,,0.0,0.3523963990796101,0.88911051165
85440,0.35240748481254336,,0.0,0.35240748481254336,0.88353014324
85445,0.3524190959386802,,0.0,0.3524190959386802,0.87747648423
85450,0.3524310819429173,,0.0,0.3524310819429173,0.87419951579
85455,0.3524433619745435,,0.0,0.3524433619745435,0.87088084903
85460,0.3524558492259057,,0.0,0.3524558492259057,0.87119474333
85465,0.35246848117184754,,0.0,0.35246848117184754,0.87136884689
85470,0.35248120192624766,,0.0,0.35248120192624766,0.86971793828
85475,0.3524939778619401,,0.0,0.3524939778619401,0.87057994109
85480,0.3525068104113195,,0.0,0.3525068104113195,0.87147530617
85485,0.3525196336842394,,0.0,0.3525196336842394,0.87267513463
85490,0.3525324735774826,,0.0,0.3525324735774826,0.87205949872
85495,0.3525450838556158,,0.0,0.3525450838556158,0.87245933091
85500,0.3525572286737496,,0.0,0.3525572286737496,0.87379227894
85505,0.3525687547429376,,0.0,0.3525687547429376,0.87470741683
85510,0.3525795685482824,,0.0,0.3525795685482824,0.87441680537
85515,0.3525896477398827,,0.0,0.3525896477398827,0.87394620608
85520,0.35259892947427246,,0.0,0.35259892947427246,0.86926084993
85525,0.3526074398755988,,0.0,0.3526074398755988,0.86962678251
85530,0.3526153140436718,,0.0,0.3526153140436718,0.87026643258
85535,0.3526235407626802,,0.0,0.3526235407626802,0.86960894337
85540,0.35263153538830877,,0.0,0.35263153538830877,0.86717412127
85545,0.35263904768351406,,0.0,0.35263904768351406,0.86056201054
85550,0.35264610800141744,,0.0,0.35264610800141744,0.85377905553
85555,0.3526527210711942,,0.0,0.3526527210711942,0.84764766075
85560,0.35265884273871606,,0.0,0.35265884273871606,0.84486300685
85565,0.3526643645739938,,0.0,0.3526643645739938,0.84074247672
85570,0.3526692265074046,,0.0,0.3526692265074046,0.83774343029
85575,0.3526734336319068,,0.0,0.3526734336319068,0.83406892156
85580,0.35267696621228717,,0.0,0.35267696621228717,0.82995192133
85585,0.35267983582138396,,0.0,0.35267983582138396,0.8279147826
85590,0.35268227218798925,,0.0,0.35268227218798925,0.82716707957
85595,0.352684430078917,,0.0,0.352684430078917,0.82733993259
85600,0.3526863755434685,,0.0,0.3526863755434685,0.82824640455
85605,0.35268822374161335,,0.0,0.35268822374161335,0.83011259424
85610,0.35269023023071727,,0.0,0.35269023023071727,0.82917423666
85615,0.3526920589210134,,0.0,0.3526920589210134,0.82850335432
85620,0.352693342914885,,0.0,0.352693342914885,0.82795427601
85625,0.3526937990756884,,0.0,0.3526937990756884,0.82865341072
85630,0.3526932307106502,,0.0,0.3526932307106502,0.83128619727
85635,0.35269143437428035,,0.0,0.35269143437428035,0.83155300289
85640,0.3526884918494832,,0.0,0.3526884918494832,0.83105510342
85645,0.3526845935765164,,0.0,0.3526845935765164,0.82983505971
85650,0.3526798008300329,,0.0,0.3526798008300329,0.82761611327
85655,0.3526741267744203,,0.0,0.3526741267744203,0.826763181
85660,0.35266744447224324,,0.0,0.35266744447224324,0.82635157217
85665,0.35265965147319117,,0.0,0.35265965147319117,0.82814650611
85670,0.3526508065963838,,0.0,0.3526508065963838,0.82925610943
85675,0.35264103561969895,,0.0,0.35264103561969895,0.82904203982
85680,0.3526306443934645,,0.0,0.3526306443934645,0.8302539519
85685,0.3526199364716297,,0.0,0.3526199364716297,0.82980367924
85690,0.35260896098759914,,0.0,0.35260896098759914,0.82803224784
85695,0.35259764409347927,,0.0,0.35259764409347927,0.82790171862
85700,0.35258595702769807,,0.0,0.35258595702769807,0.82897669244
85705,0.3525737997727422,,0.0,0.3525737997727422,0.82726271581
85710,0.3525610052613942,,0.0,0.3525610052613942,0.82365811824
85715,0.35254756010190247,,0.0,0.35254756010190247,0.81815869181
85720,0.35253359034498183,,0.0,0.35253359034498183,0.81392703342
85725,0.3525192342962779,,0.0,0.3525192342962779,0.81107335578
85730,0.35250465204292697,,0.0,0.35250465204292697,0.81103901255
85735,0.3524900101974181,,0.0,0.3524900101974181,0.80994476729
85740,0.3524755255060473,,0.0,0.3524755255060473,0.80789116606
85745,0.35246138918211056,,0.0,0.35246138918211056,0.8056856695
85750,0.3524476778928175,,0.0,0.3524476778928175,0.80689207432
85755,0.35243451625648864,,0.0,0.35243451625648864,0.80933723214
85760,0.35242203375703834,,0.0,0.35242203375703834,0.8103540332
85765,0.35241008067513807,,0.0,0.35241008067513807,0.81117868435
85770,0.35239859782788535,,0.0,0.35239859782788535,0.81113877135
85775,0.3523875430619567,,0.0,0.3523875430619567,0.81237589369
85780,0.35237687056346495,,0.0,0.35237687056346495,0.81431294568
85785,0.35236660552436394,,0.0,0.35236660552436394,0.81796414457
85790,0.3523570720295906,,0.0,0.3523570720295906,0.82040762799
85795,0.3523490771083886,,0.0,0.3523490771083886,0.82002010911
85800,0.3523417858566628,,0.0,0.3523417858566628,0.81758764217
85805,0.35233513258889465,,0.0,0.35233513258889465,0.8136045034
85810,0.35232912351212686,,0.0,0.35232912351212686,0.80981721682
85815,0.35232383090544,,0.0,0.35232383090544,0.80748750215
85820,0.35231923632959716,,0.0,0.35231923632959716,0.80300368222
85825,0.35231532220934525,,0.0,0.35231532220934525,0.79891001117
85830,0.35231215375273817,,0.0,0.35231215375273817,0.79306072094
85835,0.35230982470203737,,0.0,0.35230982470203737,0.787114232
85840,0.3523083691618736,,0.0,0.3523083691618736,0.78081624118
85845,0.3523080907998781,,0.0,0.3523080907998781,0.77607376553
85850,0.3523092156160702,,0.0,0.3523092156160702,0.77540409328
85855,0.35231190142394414,,0.0,0.35231190142394414,0.77645053833
85860,0.3523162373957409,,0.0,0.3523162373957409,0.77830342106
85865,0.35232258610915723,,0.0,0.35232258610915723,0.78034871586
85870,0.3523308833565419,,0.0,0.3523308833565419,0.78329518087
85875,0.35234075682901006,,0.0,0.35234075682901006,0.78506081067
85880,0.35235186959554726,,0.0,0.35235186959554726,0.78544448587
85885,0.35236395170663354,,0.0,0.35236395170663354,0.78728709567
85890,0.3523767435350839,,0.0,0.3523767435350839,0.79002820566
85895,0.35239016507143484,,0.0,0.35239016507143484,0.79186131462
85900,0.3524043502332027,,0.0,0.3524043502332027,0.7927328616
85905,0.35241928972119163,,0.0,0.35241928972119163,0.79410738096
85910,0.3524348620774435,,0.0,0.3524348620774435,0.79484235424
85915,0.35245083661823656,,0.0,0.35245083661823656,0.79403207856
85920,0.35246692536406954,,0.0,0.35246692536406954,0.79335665398
85925,0.3524828759406755,,0.0,0.3524828759406755,0.79415168321
85930,0.35249856950478475,,0.0,0.35249856950478475,0.79686958373
85935,0.3525140123543858,,0.0,0.3525140123543858,0.79644823148
85940,0.3525293759220887,,0.0,0.3525293759220887,0.79617567986
85945,0.35254488866344624,,0.0,0.35254488866344624,0.79589735163
85950,0.35256052399958276,,0.0,0.35256052399958276,0.79561570242
85955,0.35257606163732064,,0.0,0.35257606163732064,0.79613112739
85960,0.3525912811925365,,0.0,0.3525912811925365,0.7948359418
85965,0.3526059129203383,,0.0,0.3526059129203383,0.79463747095
85970,0.3526196956019915,,0.0,0.3526196956019915,0.79177680503
85975,0.35263251835197373,,0.0,0.35263251835197373,0.78691450198
85980,0.3526443464517709,,0.0,0.3526443464517709,0.7825086614
85985,0.35265517387623146,,0.0,0.35265517387623146,0.77636688906
85990,0.3526650348664048,,0.0,0.3526650348664048,0.77399785333
85995,0.3526739878776279,,0.0,0.3526739878776279,0.7735406823
86000,0.35268215941534387,,0.0,0.35268215941534387,0.77193118076
86005,0.3526896456318749,,0.0,0.3526896456318749,0.76980728958
86010,0.35269645687229234,,0.0,0.35269645687229234,0.76763507178
86015,0.35270257296939117,,0.0,0.35270257296939117,0.76594288721
86020,0.35270806995376136,,0.0,0.35270806995376136,0.76565004693
86025,0.3527126999074744,,0.0,0.3527126999074744,0.76807573938
86030,0.35271630406210636,,0.0,0.35271630406210636,0.76786680136
86035,0.3527188038633247,,0.0,0.3527188038633247,0.77126026932
86040,0.35272014224271403,,0.0,0.35272014224271403,0.77830439606
86045,0.35272016104573367,,0.0,0.35272016104573367,0.78526902817
86050,0.35271880465909944,,0.0,0.35271880465909944,0.7903354279
86055,0.3527165135327479,,0.0,0.3527165135327479,0.79062002769
86060,0.35271384364036834,,0.0,0.35271384364036834,0.79145355937
86065,0.3527099961150919,,0.0,0.3527099961150919,0.791252979
86070,0.3527049412631536,,0.0,0.3527049412631536,0.78968339797
86075,0.3526986832680548,,0.0,0.3526986832680548,0.78811244154
86080,0.3526911963466947,,0.0,0.3526911963466947,0.78522048266
86085,0.35268244823609274,,0.0,0.35268244823609274,0.78323311969
86090,0.3526724837952064,,0.0,0.3526724837952064,0.7820964274
86095,0.35266142691479063,,0.0,0.35266142691479063,0.78219432211
86100,0.35264941778761394,,0.0,0.35264941778761394,0.78111804451
86105,0.3526365560219343,,0.0,0.3526365560219343,0.77779184607
86110,0.3526232037179836,,0.0,0.3526232037179836,0.77503865992
86115,0.3526096613148216,,0.0,0.3526096613148216,0.77694704885
86120,0.35259620558289434,,0.0,0.35259620558289434,0.77869810964
86125,0.3525830062950532,,0.0,0.3525830062950532,0.77949139633
86130,0.3525704885314148,,0.0,0.3525704885314148,0.78398557655
86135,0.3525585789897596,,0.0,0.3525585789897596,0.78776732141
86140,0.35254701249521614,,0.0,0.35254701249521614,0.79039336147
86145,0.3525355696640634,,0.0,0.3525355696640634,0.79397517825
86150,0.3525241297886453,,0.0,0.3525241297886453,0.7965816286
86155,0.35251259407921504,,0.0,0.35251259407921504,0.80167565538
86160,0.3525009334104181,,0.0,0.3525009334104181,0.80586650178
86165,0.3524893806714089,,0.0,0.3524893806714089,0.80708316302
86170,0.3524780869911743,,0.0,0.3524780869911743,0.80866693338
86175,0.3524671435200237,,0.0,0.3524671435200237,0.81203703132
86180,0.35245656103502043,,0.0,0.35245656103502043,0.81569306045
86185,0.3524462167367578,,0.0,0.3524462167367578,0.82059283702
86190,0.3524359844153658,,0.0,0.3524359844153658,0.82675375722
86195,0.352425821485529,,0.0,0.352425821485529,0.82884015824
86200,0.3524157645983571,,0.0,0.3524157645983571,0.82873455006
86205,0.35240602108726815,,0.0,0.35240602108726815,0.82790119733
86210,0.35239700302714627,,0.0,0.35239700302714627,0.82731940759
86215,0.3523889641337071,,0.0,0.3523889641337071,0.82594151124
86220,0.35238188107938334,,0.0,0.35238188107938334,0.82656219739
86225,0.3523757120064249,,0.0,0.3523757120064249,0.82692700214
86230,0.35237036978886865,,0.0,0.35237036978886865,0.82458031952
86235,0.3523657250337459,,0.0,0.3523657250337459,0.82175109999
86240,0.3523616650820933,,0.0,0.3523616650820933,0.82199279306
86245,0.3523581771560426,,0.0,0.3523581771560426,0.82283752211
86250,0.3523552787626375,,0.0,0.3523552787626375,0.82431707835
86255,0.3523529924791436,,0.0,0.3523529924791436,0.82189129501
86260,0.3523513431564683,,0.0,0.3523513431564683,0.81646064911
86265,0.3523503613750973,,0.0,0.3523503613750973,0.81504129597
86270,0.35235012873604327,,0.0,0.35235012873604327,0.81443745074
86275,0.35235068771093986,,0.0,0.35235068771093986,0.81508742988
86280,0.3523519868927403,,0.0,0.3523519868927403,0.81638209671
86285,0.352353962164739,,0.0,0.352353962164739,0.8168031498
86290,0.3523566870792561,,0.0,0.3523566870792561,0.81648072819
86295,0.3523599507105192,,0.0,0.3523599507105192,0.82118682428
86300,0.35236363073658616,,0.0,0.35236363073658616,0.82977160578
86305,0.35236768700493865,,0.0,0.35236768700493865,0.83705528509
86310,0.35237208022704203,,0.0,0.35237208022704203,0.8424064372
86315,0.352376706224618,,0.0,0.352376706224618,0.84793482801
86320,0.35238159769263894,,0.0,0.35238159769263894,0.8515964305
86325,0.35238766672534744,,0.0,0.35238766672534744,0.85182407681
86330,0.35239458537261503,,0.0,0.35239458537261503,0.8519339143
86335,0.35240197100322207,,0.0,0.35240197100322207,0.85380416952
86340,0.3524098143179726,,0.0,0.3524098143179726,0.85648844112
86345,0.35241813830338764,,0.0,0.35241813830338764,0.85685226678
86350,0.3524268700210305,,0.0,0.3524268700210305,0.85769670553
86355,0.3524359248232078,,0.0,0.3524359248232078,0.85779314102
86360,0.35244528936364083,,0.0,0.35244528936364083,0.85402108892
86365,0.3524550329202026,,0.0,0.3524550329202026,0.85040362935
86370,0.35246511459007274,,0.0,0.35246511459007274,0.84613668165
86375,0.35247563384509073,,0.0,0.35247563384509073,0.84435370691
86380,0.35248680397561666,,0.0,0.35248680397561666,0.84323331513
86385,0.35249878070339424,,0.0,0.35249878070339424,0.84343853137
86390,0.35251156752983215,,0.0,0.35251156752983215,0.84219328636
86395,0.35252532877104087,,0.0,0.35252532877104087,0.84222551716
86400,0.3525401112413102,,0.0,0.3525401112413102,0.84308804121
86405,0.3525554577339614,,0.0,0.3525554577339614,0.84387758229
86410,0.3525709136570042,,0.0,0.3525709136570042,0.84724519119
86415,0.3525861151595023,,0.0,0.3525861151595023,0.8531425249
86420,0.3526008002496828,,0.0,0.3526008002496828,0.8588388348
86425,0.3526147956078129,,0.0,0.3526147956078129,0.8617532594
86430,0.3526282287852111,,0.0,0.3526282287852111,0.86266676059
86435,0.3526411548040149,,0.0,0.3526411548040149,0.86376006156
86440,0.35265354283363826,,0.0,0.35265354283363826,0.86507032484
86445,0.35266528805918285,,0.0,0.35266528805918285,0.87259469846
86450,0.3526761647989395,,0.0,0.3526761647989395,0.87720463216
86455,0.3526859812484652,,0.0,0.3526859812484652,0.88193806547
86460,0.35269464809910045,,0.0,0.35269464809910045,0.88665080018
86465,0.3527021333607019,,0.0,0.3527021333607019,0.88882535743
86470,0.35270838905942226,,0.0,0.35270838905942226,0.89025640726
86475,0.3527134451163908,,0.0,0.3527134451163908,0.89080241247
86480,0.3527175453115075,,0.0,0.3527175453115075,0.89245679939
86485,0.35272085784881096,,0.0,0.35272085784881096,0.89295716817
86490,0.35272339123172225,,0.0,0.35272339123172225,0.89229117612
86495,0.3527250432145587,,0.0,0.3527250432145587,0.89052855929
86500,0.3527256349071643,,0.0,0.3527256349071643,0.89364851825
86505,0.3527249652741094,,0.0,0.3527249652741094,0.89752912176
86510,0.3527229458707187,,0.0,0.3527229458707187,0.89924764513
86515,0.3527195765833098,,0.0,0.3527195765833098,0.89724830777
86520,0.3527148841953862,,0.0,0.3527148841953862,0.89214239061
86525,0.3527089173628876,,0.0,0.3527089173628876,0.88383112703
86530,0.35270173324517495,,0.0,0.35270173324517495,0.87550683774
86535,0.35269345498270144,,0.0,0.35269345498270144,0.86975841094
86540,0.3526842236776922,,0.0,0.3526842236776922,0.86613308846
86545,0.3526741259559092,,0.0,0.3526741259559092,0.86414725331
86550,0.3526631562696658,,0.0,0.3526631562696658,0.86427511235
86555,0.3526513063429051,,0.0,0.3526513063429051,0.87017388566
86560,0.3526387920124662,,0.0,0.3526387920124662,0.87585623681
86565,0.3526255140111375,,0.0,0.3526255140111375,0.88081589921
86570,0.3526114281847905,,0.0,0.3526114281847905,0.88342553192
86575,0.3525965651593836,,0.0,0.3525965651593836,0.88614704253
86580,0.3525809546514182,,0.0,0.3525809546514182,0.88932232016
86585,0.3525646042548588,,0.0,0.3525646042548588,0.8922111113
86590,0.35254771082163355,,0.0,0.35254771082163355,0.89477734108
86595,0.35253128696369973,,0.0,0.35253128696369973,0.89435939514
86600,0.35251509374401485,,0.0,0.35251509374401485,0.89445147816
86605,0.3524990057484838,,0.0,0.3524990057484838,0.896463432
86610,0.3524831107851622,,0.0,0.3524831107851622,0.90132060344
86615,0.3524674545542554,,0.0,0.3524674545542554,0.90662945326
86620,0.35245206081532243,,0.0,0.35245206081532243,0.91035816306
86625,0.35243702058225457,,0.0,0.35243702058225457,0.91139730732
86630,0.35242248948584964,,0.0,0.35242248948584964,0.90862482861
86635,0.35240865182753184,,0.0,0.35240865182753184,0.90611454372
86640,0.35239556060589705,,0.0,0.35239556060589705,0.90216722927
86645,0.35238354340729106,,0.0,0.35238354340729106,0.90011853824
86650,0.3523728389186558,,0.0,0.3523728389186558,0.89930885782
86655,0.35236355556998017,,0.0,0.35236355556998017,0.90088848745
86660,0.35235580606570044,,0.0,0.35235580606570044,0.90273192263
86665,0.3523499746058491,,0.0,0.3523499746058491,0.90366552149
86670,0.3523457863753124,,0.0,0.3523457863753124,0.90373788505
86675,0.3523428642450844,,0.0,0.3523428642450844,0.90556262394
86680,0.3523408717616154,,0.0,0.3523408717616154,0.90899712434
86685,0.3523395937019495,,0.0,0.3523395937019495,0.91321245093
86690,0.3523388434682842,,0.0,0.3523388434682842,0.91362816753
86695,0.3523386746048896,,0.0,0.3523386746048896,0.91201578364
86700,0.3523392494498076,,0.0,0.3523392494498076,0.91432516663
86705,0.3523405889432815,,0.0,0.3523405889432815,0.92176530432
86710,0.3523426540696138,,0.0,0.3523426540696138,0.92964349142
86715,0.35234527389639564,,0.0,0.35234527389639564,0.93560264836
86720,0.35234826664594554,,0.0,0.35234826664594554,0.93980127252
86725,0.35235159489411544,,0.0,0.35235159489411544,0.94127033028
86730,0.35235526557551367,,0.0,0.35235526557551367,0.94199911756
86735,0.3523592501331961,,0.0,0.3523592501331961,0.94318510819
86740,0.35236353196957576,,0.0,0.35236353196957576,0.94478839605
86745,0.35236807468364356,,0.0,0.35236807468364356,0.94435219838
86750,0.3523732098406189,,0.0,0.3523732098406189,0.94499380386
86755,0.35237930877172025,,0.0,0.35237930877172025,0.94474584831
86760,0.35238635858539735,,0.0,0.35238635858539735,0.94826353016
86765,0.35239416438505416,,0.0,0.35239416438505416,0.95064160631
86770,0.3524024650201654,,0.0,0.3524024650201654,0.95437142069
86775,0.3524110203031856,,0.0,0.3524110203031856,0.9586457709
86780,0.35241971327796806,,0.0,0.35241971327796806,0.96004660979
86785,0.3524285125227796,,0.0,0.3524285125227796,0.96041376946
86790,0.3524374391597549,,0.0,0.3524374391597549,0.95789492025
86795,0.35244652126837317,,0.0,0.35244652126837317,0.95167552589
86800,0.3524558010474308,,0.0,0.3524558010474308,0.94892542949
86805,0.35246538806373784,,0.0,0.35246538806373784,0.94758802221
86810,0.352475380993359,,0.0,0.352475380993359,0.9495507187
86815,0.3524857458680822,,0.0,0.3524857458680822,0.95454117725
86820,0.352496366186489,,0.0,0.352496366186489,0.95917525913
86825,0.3525073334854082,,0.0,0.3525073334854082,0.96447809255
86830,0.3525184601666347,,0.0,0.3525184601666347,0.96945477618
86835,0.35252952536858034,,0.0,0.35252952536858034,0.97330603628
86840,0.35254042259385177,,0.0,0.35254042259385177,0.97633803838
86845,0.3525510557355997,,0.0,0.3525510557355997,0.97666586158
86850,0.35256127841674945,,0.0,0.35256127841674945,0.97809549784
86855,0.3525710049437323,,0.0,0.3525710049437323,0.9783840302
86860,0.3525806153330795,,0.0,0.3525806153330795,0.97751906616
86865,0.35259058038784924,,0.0,0.35259058038784924,0.97662471685
86870,0.35260027417438666,,0.0,0.35260027417438666,0.97730203696
86875,0.35260969344138365,,0.0,0.35260969344138365,0.9808422299
86880,0.3526187859860189,,0.0,0.3526187859860189,0.98423556281
86885,0.3526274469706578,,0.0,0.3526274469706578,0.98486875958
86890,0.35263561448402736,,0.0,0.35263561448402736,0.98556072058
86895,0.35264332931526593,,0.0,0.35264332931526593,0.98265324826
86900,0.3526506399838948,,0.0,0.3526506399838948,0.97966742011
86905,0.35265747887179943,,0.0,0.35265747887179943,0.97690208182
86910,0.3526640405572661,,0.0,0.3526640405572661,0.97435468678
86915,0.3526705398994679,,0.0,0.3526705398994679,0.97352188282
86920,0.35267703503543185,,0.0,0.35267703503543185,0.9711832704
86925,0.3526835058206896,,0.0,0.3526835058206896,0.97062528613
86930,0.3526902667226721,,0.0,0.3526902667226721,0.97092555953
86935,0.35269710570152246,,0.0,0.35269710570152246,0.97301530303
86940,0.3527035689382886,,0.0,0.3527035689382886,0.97744454463
86945,0.35270923205768295,,0.0,0.35270923205768295,0.980437945
86950,0.35271378332064485,,0.0,0.35271378332064485,0.98186721357
86955,0.35271694334203996,,0.0,0.35271694334203996,0.98284114876
86960,0.3527186482097904,,0.0,0.3527186482097904,0.98240281237
86965,0.3527190174492583,,0.0,0.3527190174492583,0.98168476909
86970,0.35271805963207437,,0.0,0.35271805963207437,0.98752322017
86975,0.3527157423588394,,0.0,0.3527157423588394,0.99327242338
86980,0.3527119068838658,,0.0,0.3527119068838658,0.99826892531
86985,0.35270636756428075,,0.0,0.35270636756428075,1.0030638614
86990,0.35269908311074466,,0.0,0.35269908311074466,1.0075148862
86995,0.3526900956311083,,0.0,0.3526900956311083,1.0121242851
87000,0.35267943152235565,,0.0,0.35267943152235565,1.0163715211
87005,0.35266720360260506,,0.0,0.35266720360260506,1.0161230228
87010,0.3526537177449207,,0.0,0.3526537177449207,1.0152148831
87015,0.35263943179260104,,0.0,0.35263943179260104,1.0205490391
87020,0.3526245670392261,,0.0,0.3526245670392261,1.0244264724
87025,0.35260923580271303,,0.0,0.35260923580271303,1.0253810033
87030,0.35259343758286044,,0.0,0.35259343758286044,1.0255441786
87035,0.35257707227120927,,0.0,0.35257707227120927,1.0252067969
87040,0.35256016021685566,,0.0,0.35256016021685566,1.0263045351
87045,0.3525428550725291,,0.0,0.3525428550725291,1.0288132097
87050,0.3525253543495139,,0.0,0.3525253543495139,1.0297923186
87055,0.35250784153072295,,0.0,0.35250784153072295,1.0297410993
87060,0.35249049916687614,,0.0,0.35249049916687614,1.0273353125
87065,0.3524735369105062,,0.0,0.3524735369105062,1.0229461625
87070,0.3524571547966403,,0.0,0.3524571547966403,1.0201978019
87075,0.352441451660498,,0.0,0.352441451660498,1.0202574219
87080,0.35242646019705204,,0.0,0.35242646019705204,1.0208393394
87085,0.35241235090671913,,0.0,0.35241235090671913,1.0243570717
87090,0.35239893898787406,,0.0,0.35239893898787406,1.0259324975
87095,0.35238613210791336,,0.0,0.35238613210791336,1.0285230668
87100,0.35237388900023386,,0.0,0.35237388900023386,1.0335336323
87105,0.35236216776161283,,0.0,0.35236216776161283,1.0329373928
87110,0.3523509914013077,,0.0,0.3523509914013077,1.0303800205
87115,0.3523403763804868,,0.0,0.3523403763804868,1.0285063021
87120,0.35233108573342026,,0.0,0.35233108573342026,1.0247322751
87125,0.35232299204520784,,0.0,0.35232299204520784,1.020448698
87130,0.3523156671208434,,0.0,0.3523156671208434,1.0162701293
87135,0.35230917096174047,,0.0,0.35230917096174047,1.0108759921
87140,0.35230356481981573,,0.0,0.35230356481981573,1.0089325725
87145,0.35229886092726337,,0.0,0.35229886092726337,1.0106816221
87150,0.352295073266982,,0.0,0.352295073266982,1.0121661629
87155,0.3522922719580922,,0.0,0.3522922719580922,1.0126305496
87160,0.3522905369418483,,0.0,0.3522905369418483,1.0100733788
87165,0.3522898627160365,,0.0,0.3522898627160365,1.0056106992
87170,0.3522905426259534,,0.0,0.3522905426259534,1.0000980602
87175,0.3522928245895275,,0.0,0.3522928245895275,0.99501664287
87180,0.35229689966089967,,0.0,0.35229689966089967,0.99118191401
87185,0.3523027895760879,,0.0,0.3523027895760879,0.99053858044
87190,0.35231068502545054,,0.0,0.35231068502545054,0.99268786102
87195,0.3523206444188515,,0.0,0.3523206444188515,0.99411441415
87200,0.3523322318763747,,0.0,0.3523322318763747,0.99371342262
87205,0.3523450041742399,,0.0,0.3523450041742399,0.99282239322
87210,0.35235860016714493,,0.0,0.35235860016714493,0.99387581587
87215,0.35237270679731664,,0.0,0.35237270679731664,0.99797551987
87220,0.3523872003104185,,0.0,0.3523872003104185,0.99863839547
87225,0.35240220512014336,,0.0,0.35240220512014336,0.99759365959
87230,0.3524177193621046,,0.0,0.3524177193621046,0.99429934588
87235,0.3524336507719081,,0.0,0.3524336507719081,0.99339378169
87240,0.3524497863320307,,0.0,0.3524497863320307,0.99828349579
87245,0.35246583106015367,,0.0,0.35246583106015367,1.003015348
87250,0.35248161643392867,,0.0,0.35248161643392867,1.0081644036
87255,0.35249711553343394,,0.0,0.35249711553343394,1.0120234574
87260,0.3525124966536535,,0.0,0.3525124966536535,1.0095199959
87265,0.3525280220364607,,0.0,0.3525280220364607,1.0080575261
87270,0.3525437433617394,,0.0,0.3525437433617394,1.0063442144
87275,0.3525594714397348,,0.0,0.3525594714397348,1.0042043302
87280,0.35257496526439047,,0.0,0.35257496526439047,1.0084790836
87285,0.3525900022006774,,0.0,0.3525900022006774,1.0131290394
87290,0.3526043135495788,,0.0,0.3526043135495788,1.012725399
87295,0.35261761403722724,,0.0,0.35261761403722724,1.009154455
87300,0.35262974785093365,,0.0,0.35262974785093365,1.0057062336
87305,0.3526406926407966,,0.0,0.3526406926407966,1.0044410585
87310,0.35265050117804797,,0.0,0.35265050117804797,1.0024389702
87315,0.35265926122527075,,0.0,0.35265926122527075,1.0033494781
87320,0.35266706416013854,,0.0,0.35266706416013854,1.0052292928
87325,0.3526740117281329,,0.0,0.3526740117281329,1.0091496684
87330,0.3526802151103498,,0.0,0.3526802151103498,1.0097973586
87335,0.35268578491947467,,0.0,0.35268578491947467,1.0055390561
87340,0.3526907740858943,,0.0,0.3526907740858943,1.0003420852
87345,0.352694981460497,,0.0,0.352694981460497,0.99873773753
87350,0.3526982620303933,,0.0,0.3526982620303933,0.99819155112
87355,0.3527005233947704,,0.0,0.3527005233947704,0.99863760911
87360,0.3527016870447686,,0.0,0.3527016870447686,0.99996613065
87365,0.3527016701061354,,0.0,0.3527016701061354,1.0034790995
87370,0.3527004623247451,,0.0,0.3527004623247451,1.006558799
87375,0.35269813827605684,,0.0,0.35269813827605684,1.0056120785
87380,0.35269526009532953,,0.0,0.35269526009532953,1.0019537884
87385,0.35269214547856603,,0.0,0.35269214547856603,0.99827130203
87390,0.3526879825991381,,0.0,0.3526879825991381,0.99357686571
87395,0.352682804242964,,0.0,0.352682804242964,0.98971399816
87400,0.3526767086995893,,0.0,0.3526767086995893,0.98604692677
87405,0.35266979180302604,,0.0,0.35266979180302604,0.98411376234
87410,0.35266211439593553,,0.0,0.35266211439593553,0.98292826023
87415,0.3526537031254024,,0.0,0.3526537031254024,0.9842969424
87420,0.3526446367958599,,0.0,0.3526446367958599,0.98513143584
87425,0.35263506107955384,,0.0,0.35263506107955384,0.98396787027
87430,0.35262508538413934,,0.0,0.35262508538413934,0.98109007191
87435,0.35261484208105626,,0.0,0.35261484208105626,0.97707048458
87440,0.35260468053814115,,0.0,0.35260468053814115,0.97549673133
87445,0.3525949020584375,,0.0,0.3525949020584375,0.9723180791
87450,0.35258570169769654,,0.0,0.35258570169769654,0.96955606827
87455,0.35257719909496243,,0.0,0.35257719909496243,0.97051136776
87460,0.352569700578028,,0.0,0.352569700578028,0.97328622221
87465,0.3525629011150763,,0.0,0.3525629011150763,0.97889430009
87470,0.35255643364933603,,0.0,0.35255643364933603,0.98088073467
87475,0.3525499835542209,,0.0,0.3525499835542209,0.98193667763
87480,0.35254333083212686,,0.0,0.35254333083212686,0.98179356463
87485,0.35253628124581393,,0.0,0.35253628124581393,0.98418110547
87490,0.35252880105443435,,0.0,0.35252880105443435,0.98509620124
87495,0.3525210545968349,,0.0,0.3525210545968349,0.98498597067
87500,0.3525131324094419,,0.0,0.3525131324094419,0.98606397832
87505,0.35250509272022795,,0.0,0.35250509272022795,0.98800310552
87510,0.3524968701165117,,0.0,0.3524968701165117,0.99191494673
87515,0.3524883469145807,,0.0,0.3524883469145807,0.99359161085
87520,0.35247950087821583,,0.0,0.35247950087821583,0.9936646948
87525,0.35247048975270223,,0.0,0.35247048975270223,0.99371480316
87530,0.35246173536684816,,0.0,0.35246173536684816,0.99323274975
87535,0.3524536198289357,,0.0,0.3524536198289357,0.99514231966
87540,0.35244620309490554,,0.0,0.35244620309490554,0.99400888604
87545,0.3524394026542878,,0.0,0.3524394026542878,0.99196054104
87550,0.3524330761770907,,0.0,0.3524330761770907,0.99297864897
87555,0.35242709436129094,,0.0,0.35242709436129094,0.99485230203
87560,0.35242133447569124,,0.0,0.35242133447569124,0.99432672985
87565,0.35241560514784054,,0.0,0.35241560514784054,0.98947423294
87570,0.35240986968115634,,0.0,0.35240986968115634,0.98200748483
87575,0.35240424998832504,,0.0,0.35240424998832504,0.97860192759
87580,0.3523989060200644,,0.0,0.3523989060200644,0.97566302352
87585,0.3523939918610958,,0.0,0.3523939918610958,0.97576518208
87590,0.3523896156913077,,0.0,0.3523896156913077,0.97550023203
87595,0.3523858725489376,,0.0,0.3523858725489376,0.9752618692
87600,0.3523828827551223,,0.0,0.3523828827551223,0.97475557679
87605,0.3523808471861366,,0.0,0.3523808471861366,0.97340805862
87610,0.35237962908241144,,0.0,0.35237962908241144,0.96873561229
87615,0.35237906994835994,,0.0,0.35237906994835994,0.96676541819
87620,0.3523790769057046,,0.0,0.3523790769057046,0.96709754535
87625,0.35237959359085913,,0.0,0.35237959359085913,0.96885016417
87630,0.3523805603207199,,0.0,0.3523805603207199,0.96888275585
87635,0.3523818585703271,,0.0,0.3523818585703271,0.97027461566
87640,0.3523834079664345,,0.0,0.3523834079664345,0.97108193713
87645,0.3523854014730424,,0.0,0.3523854014730424,0.96975398132
87650,0.3523887089628605,,0.0,0.3523887089628605,0.96593325408
87655,0.3523926287217447,,0.0,0.3523926287217447,0.95996372989
87660,0.35239688186476176,,0.0,0.35239688186476176,0.95558699549
87665,0.3524014755311478,,0.0,0.3524014755311478,0.9548554404
87670,0.35240641256295535,,0.0,0.35240641256295535,0.95602977648
87675,0.35241169002718614,,0.0,0.35241169002718614,0.95495350234
87680,0.3524172817542204,,0.0,0.3524172817542204,0.95655438551
87685,0.35242316064224466,,0.0,0.35242316064224466,0.95733762768
87690,0.35242928533371043,,0.0,0.35242928533371043,0.95822894305
87695,0.3524359788904156,,0.0,0.3524359788904156,0.96040365585
87700,0.35244352201620704,,0.0,0.35244352201620704,0.95941158526
87705,0.3524521485324325,,0.0,0.3524521485324325,0.955478752
87710,0.35246197712320676,,0.0,0.35246197712320676,0.95170551687
87715,0.3524730362772645,,0.0,0.3524730362772645,0.9483149457
87720,0.35248556033889133,,0.0,0.35248556033889133,0.94515221705
87725,0.3524995146350461,,0.0,0.3524995146350461,0.9450864859
87730,0.3525145607568469,,0.0,0.3525145607568469,0.94706481625
87735,0.3525303066147231,,0.0,0.3525303066147231,0.95094812608
87740,0.3525463757844981,,0.0,0.3525463757844981,0.95563409057
87745,0.35256246052872103,,0.0,0.35256246052872103,0.9596107484
87750,0.35257839546266967,,0.0,0.35257839546266967,0.95969575654
87755,0.35259428642438123,,0.0,0.35259428642438123,0.95887860788
87760,0.35261011170057416,,0.0,0.35261011170057416,0.95805699004
87765,0.35262571466004794,,0.0,0.35262571466004794,0.95720040476
87770,0.35264080725509206,,0.0,0.35264080725509206,0.95717811026
87775,0.3526551491844789,,0.0,0.3526551491844789,0.9535379705
87780,0.3526685459836044,,0.0,0.3526685459836044,0.95466837579
87785,0.3526808231959145,,0.0,0.3526808231959145,0.95668794468
87790,0.3526918910580213,,0.0,0.3526918910580213,0.9561990422
87795,0.35270191684177005,,0.0,0.35270191684177005,0.95766942262
87800,0.3527111357326937,,0.0,0.3527111357326937,0.95800623993
87805,0.3527194907760591,,0.0,0.3527194907760591,0.96062657348
87810,0.3527267922137012,,0.0,0.3527267922137012,0.96093267761
87815,0.35273290892468334,,0.0,0.35273290892468334,0.95901259629
87820,0.3527376781617081,,0.0,0.3527376781617081,0.95358775396
87825,0.35274092173944827,,0.0,0.35274092173944827,0.94837076034
87830,0.352742556647233,,0.0,0.352742556647233,0.94574078832
87835,0.3527426388848657,,0.0,0.3527426388848657,0.93913961198
87840,0.35274128063384497,,0.0,0.35274128063384497,0.93472444714
87845,0.352738585958767,,0.0,0.352738585958767,0.93097679795
87850,0.35273462948056383,,0.0,0.35273462948056383,0.9282872994
87855,0.3527294999849573,,0.0,0.3527294999849573,0.92644724216
87860,0.35272330878946173,,0.0,0.35272330878946173,0.92620120826
87865,0.35271607913069897,,0.0,0.35271607913069897,0.92717121022
87870,0.35270788608432924,,0.0,0.35270788608432924,0.92679971205
87875,0.3526987666425086,,0.0,0.3526987666425086,0.92807161771
87880,0.3526885005575322,,0.0,0.3526885005575322,0.92856465897
87885,0.35267699285937193,,0.0,0.35267699285937193,0.9260577939
87890,0.3526642335440028,,0.0,0.3526642335440028,0.92362661352
87895,0.35265024784885146,,0.0,0.35265024784885146,0.92039229864
87900,0.3526351711238288,,0.0,0.3526351711238288,0.92227678621
87905,0.3526191544979214,,0.0,0.3526191544979214,0.92360301737
87910,0.35260317184022627,,0.0,0.35260317184022627,0.92469751519
87915,0.3525868962010173,,0.0,0.3525868962010173,0.92639541316
87920,0.3525700750013998,,0.0,0.3525700750013998,0.92399398663
87925,0.3525529249876699,,0.0,0.3525529249876699,0.91656642949
87930,0.35253564023791245,,0.0,0.35253564023791245,0.9094701093
87935,0.35251833145575856,,0.0,0.35251833145575856,0.90625562438
87940,0.35250107187521856,,0.0,0.35250107187521856,0.90374542249
87945,0.35248394437054487,,0.0,0.35248394437054487,0.90140761252
87950,0.3524671186009069,,0.0,0.3524671186009069,0.90103579467
87955,0.3524507085667167,,0.0,0.3524507085667167,0.90134180619
87960,0.3524349381307699,,0.0,0.3524349381307699,0.89982675169
87965,0.3524202159120148,,0.0,0.3524202159120148,0.89968151112
87970,0.3524068180442775,,0.0,0.3524068180442775,0.89919072004
87975,0.35239485539034415,,0.0,0.35239485539034415,0.89890957928
87980,0.35238448062527816,,0.0,0.35238448062527816,0.89984996939
87985,0.352376054917118,,0.0,0.352376054917118,0.89896020813
87990,0.3523693510380779,,0.0,0.3523693510380779,0.89632897925
87995,0.35236399599718055,,0.0,0.35236399599718055,0.8945142936
88000,0.35235967212115943,,0.0,0.35235967212115943,0.89522407547
88005,0.35235617698766347,,0.0,0.35235617698766347,0.89638847822
88010,0.35235333120633533,,0.0,0.35235333120633533,0.89444104534
88015,0.35235124554901537,,0.0,0.35235124554901537,0.89461875053
88020,0.35235001680464545,,0.0,0.35235001680464545,0.89640725322
88025,0.35234963151326465,,0.0,0.35234963151326465,0.89738948672
88030,0.35234997847104055,,0.0,0.35234997847104055,0.89548437189
88035,0.352350821833084,,0.0,0.352350821833084,0.89420726772
88040,0.3523519423066198,,0.0,0.3523519423066198,0.891978242
88045,0.35235321588721086,,0.0,0.35235321588721086,0.89046964475
88050,0.3523547528692327,,0.0,0.3523547528692327,0.88889951541
88055,0.35235670088026333,,0.0,0.35235670088026333,0.88971170981
88060,0.35235913481407155,,0.0,0.35235913481407155,0.88915047958
88065,0.3523623555644457,,0.0,0.3523623555644457,0.89100188037
88070,0.35236671290847765,,0.0,0.35236671290847765,0.89242473837
88075,0.3523722021397285,,0.0,0.3523722021397285,0.89266503096
88080,0.35237868133746175,,0.0,0.35237868133746175,0.89445602356
88085,0.3523859485340547,,0.0,0.3523859485340547,0.89237373148
88090,0.35239372973290456,,0.0,0.35239372973290456,0.8879798731
88095,0.3524018537742382,,0.0,0.3524018537742382,0.88007977101
88100,0.3524102704105666,,0.0,0.3524102704105666,0.87480718394
88105,0.3524189427861521,,0.0,0.3524189427861521,0.87193436229
88110,0.3524278579184987,,0.0,0.3524278579184987,0.87083188731
88115,0.3524370084864789,,0.0,0.3524370084864789,0.87087082412
88120,0.3524464014929103,,0.0,0.3524464014929103,0.87013964729
88125,0.35245607199735324,,0.0,0.35245607199735324,0.86881276294
88130,0.3524659996279748,,0.0,0.3524659996279748,0.8693434229
88135,0.352476174312541,,0.0,0.352476174312541,0.87202199116
88140,0.35248659973435187,,0.0,0.35248659973435187,0.87224174146
88145,0.35249702176843606,,0.0,0.35249702176843606,0.87389572187
88150,0.3525072606151807,,0.0,0.3525072606151807,0.87475956093
88155,0.35251722021320947,,0.0,0.35251722021320947,0.8754981901
88160,0.3525268778488384,,0.0,0.3525268778488384,0.87537347847
88165,0.3525361816830288,,0.0,0.3525361816830288,0.87463299667
88170,0.35254507226004134,,0.0,0.35254507226004134,0.87098225839
88175,0.35255360585251644,,0.0,0.35255360585251644,0.87064924795
88180,0.35256265226495465,,0.0,0.35256265226495465,0.87210915827
88185,0.3525718430536626,,0.0,0.3525718430536626,0.87232189066
88190,0.3525807408608568,,0.0,0.3525807408608568,0.87115394431
88195,0.35258933961591293,,0.0,0.35258933961591293,0.86540249775
88200,0.3525976338166172,,0.0,0.3525976338166172,0.85852447346
88205,0.35260557457966574,,0.0,0.35260557457966574,0.85122280242
88210,0.3526130616374443,,0.0,0.3526130616374443,0.84801835029
88215,0.35262004533361074,,0.0,0.35262004533361074,0.84434749626
88220,0.3526265412880859,,0.0,0.3526265412880859,0.84182931813
88225,0.35263259856606505,,0.0,0.35263259856606505,0.83788772282
88230,0.3526381716947073,,0.0,0.3526381716947073,0.83467912258
88235,0.3526434801714156,,0.0,0.3526434801714156,0.83194930885
88240,0.35264870784288566,,0.0,0.35264870784288566,0.83110529007
88245,0.352653987876332,,0.0,0.352653987876332,0.83100537046
88250,0.35265932363674485,,0.0,0.35265932363674485,0.83288218787
88255,0.3526650401639908,,0.0,0.3526650401639908,0.83499188428
88260,0.35267090338662144,,0.0,0.35267090338662144,0.83476347883
88265,0.35267652389796394,,0.0,0.35267652389796394,0.83317330561
88270,0.35268158247867515,,0.0,0.35268158247867515,0.83277985976
88275,0.3526858475355766,,0.0,0.3526858475355766,0.83271511988
88280,0.35268912890124754,,0.0,0.35268912890124754,0.83525317517
88285,0.3526912895205457,,0.0,0.3526912895205457,0.83592544443
88290,0.3526924976884551,,0.0,0.3526924976884551,0.83487627576
88295,0.3526928210003538,,0.0,0.3526928210003538,0.83410243264
88300,0.35269225625040646,,0.0,0.35269225625040646,0.83166856236
88305,0.35269073522935174,,0.0,0.35269073522935174,0.82975480526
88310,0.3526880624494467,,0.0,0.3526880624494467,0.82941665333
88315,0.3526841110414653,,0.0,0.3526841110414653,0.82830400333
88320,0.3526789278651701,,0.0,0.3526789278651701,0.8302640702
88325,0.35267270538436,,0.0,0.35267270538436,0.83013554288
88330,0.35266578896526163,,0.0,0.35266578896526163,0.83000064213
88335,0.35265844591997014,,0.0,0.35265844591997014,0.82991297683
88340,0.352650624636811,,0.0,0.352650624636811,0.82786909701
88345,0.3526422175497792,,0.0,0.3526422175497792,0.8281290737
88350,0.3526331160242579,,0.0,0.3526331160242579,0.82924138574
88355,0.35262314423950775,,0.0,0.35262314423950775,0.82687615851
88360,0.35261216107056703,,0.0,0.35261216107056703,0.82393792087
88365,0.3526002066472179,,0.0,0.3526002066472179,0.81785874085
88370,0.3525874200026714,,0.0,0.3525874200026714,0.81458983032
88375,0.3525739492419702,,0.0,0.3525739492419702,0.8103295164
88380,0.352559965661306,,0.0,0.352559965661306,0.81067350337
88385,0.35254564248946596,,0.0,0.35254564248946596,0.8105610782
88390,0.3525311881512165,,0.0,0.3525311881512165,0.80983572125
88395,0.35251679154073845,,0.0,0.35251679154073845,0.80809853242
88400,0.3525025440129693,,0.0,0.3525025440129693,0.80876607723
88405,0.35248864062366,,0.0,0.35248864062366,0.81129997186
88410,0.3524751148408213,,0.0,0.3524751148408213,0.81327821382
88415,0.35246187171716153,,0.0,0.35246187171716153,0.81472719962
88420,0.3524488896076085,,0.0,0.3524488896076085,0.81531970773
88425,0.35243614584395094,,0.0,0.35243614584395094,0.81620256536
88430,0.35242363110425645,,0.0,0.35242363110425645,0.81820725511
88435,0.3524113774696144,,0.0,0.3524113774696144,0.82083120506
88440,0.3523996181702255,,0.0,0.3523996181702255,0.823873254
88445,0.3523892888780003,,0.0,0.3523892888780003,0.82475623373
88450,0.352379601912389,,0.0,0.352379601912389,0.82358435602
88455,0.3523704459331407,,0.0,0.3523704459331407,0.82046784452
88460,0.35236180773039516,,0.0,0.35236180773039516,0.81625774475
88465,0.35235377045124183,,0.0,0.35235377045124183,0.81367511911
88470,0.35234634237173784,,0.0,0.35234634237173784,0.81041221952
88475,0.35233950732628827,,0.0,0.35233950732628827,0.80458545119
88480,0.35233331563059145,,0.0,0.35233331563059145,0.79786346516
88485,0.352327855729323,,0.0,0.352327855729323,0.79208095868
88490,0.35232315092731387,,0.0,0.35232315092731387,0.78774504464
88495,0.3523195088483326,,0.0,0.3523195088483326,0.78177156495
88500,0.35231717652358724,,0.0,0.35231717652358724,0.77950785797
88505,0.3523163305923283,,0.0,0.3523163305923283,0.77903031469
88510,0.3523170752328342,,0.0,0.3523170752328342,0.77832260254
88515,0.35231971320327954,,0.0,0.35231971320327954,0.78063835071
88520,0.3523243226260049,,0.0,0.3523243226260049,0.78295593419
88525,0.35233051775490115,,0.0,0.35233051775490115,0.78480452686
88530,0.3523379621364186,,0.0,0.3523379621364186,0.78394143797
88535,0.35234639232365356,,0.0,0.35234639232365356,0.78513074884
88540,0.3523555772691015,,0.0,0.3523555772691015,0.78603053599
88545,0.35236539553754087,,0.0,0.35236539553754087,0.78831197106
88550,0.35237601444628963,,0.0,0.35237601444628963,0.78947863414
88555,0.35238746728146736,,0.0,0.35238746728146736,0.79097878065
88560,0.35239968651590536,,0.0,0.35239968651590536,0.78973579364
88565,0.3524125007852027,,0.0,0.3524125007852027,0.78923169856
88570,0.3524256325458751,,0.0,0.3524256325458751,0.78911722888
88575,0.3524388319019255,,0.0,0.3524388319019255,0.79053471282
88580,0.3524519906052561,,0.0,0.3524519906052561,0.79267790082
88585,0.3524651200240772,,0.0,0.3524651200240772,0.79482173982
88590,0.3524784028682635,,0.0,0.3524784028682635,0.79454901612
88595,0.35249207830222146,,0.0,0.35249207830222146,0.79394092093
88600,0.35250613020582916,,0.0,0.35250613020582916,0.7938848825
88605,0.35252033644425884,,0.0,0.35252033644425884,0.79389556918
88610,0.3525344866146756,,0.0,0.3525344866146756,0.79360297425
88615,0.35254834878285474,,0.0,0.35254834878285474,0.79358901025
88620,0.3525616607523956,,0.0,0.3525616607523956,0.79229175606
88625,0.35257429949652713,,0.0,0.35257429949652713,0.78802921347
88630,0.35258622490820374,,0.0,0.35258622490820374,0.78418099384
88635,0.3525974302801814,,0.0,0.3525974302801814,0.7776020667
88640,0.3526079280492821,,0.0,0.3526079280492821,0.77446948183
88645,0.3526177872660146,,0.0,0.3526177872660146,0.7750739864
88650,0.35262714389417327,,0.0,0.35262714389417327,0.77347061943
88655,0.3526361029078113,,0.0,0.3526361029078113,0.77252721315
88660,0.35264468301900265,,0.0,0.35264468301900265,0.77115158342
88665,0.3526528213615448,,0.0,0.3526528213615448,0.76935838921
88670,0.352660618475889,,0.0,0.352660618475889,0.76885693201
88675,0.3526678546827408,,0.0,0.3526678546827408,0.77153455279
88680,0.35267433447162105,,0.0,0.35267433447162105,0.77319991584
88685,0.35267994311455203,,0.0,0.35267994311455203,0.77363439469
88690,0.3526845858916063,,0.0,0.3526845858916063,0.77956945833
88695,0.3526880995780213,,0.0,0.3526880995780213,0.78671037308
88700,0.3526903693321376,,0.0,0.3526903693321376,0.79267022799
88705,0.35269168733969414,,0.0,0.35269168733969414,0.79434272535
88710,0.35269279251161895,,0.0,0.35269279251161895,0.79602423115
88715,0.35269282095488097,,0.0,0.35269282095488097,0.79571458898
88720,0.35269170316424275,,0.0,0.35269170316424275,0.7939032937
88725,0.3526894387531853,,0.0,0.3526894387531853,0.79126159913
88730,0.35268600346194795,,0.0,0.35268600346194795,0.78778663592
88735,0.3526813497259391,,0.0,0.3526813497259391,0.78536739234
88740,0.3526755038284608,,0.0,0.3526755038284608,0.78468791287
88745,0.35266856908380756,,0.0,0.35266856908380756,0.78296660242
88750,0.3526606947565796,,0.0,0.3526606947565796,0.78208855097
88755,0.3526519317536222,,0.0,0.3526519317536222,0.7793876649
88760,0.3526425990669142,,0.0,0.3526425990669142,0.77604073156
88765,0.352632988677567,,0.0,0.352632988677567,0.77653102168
88770,0.35262335134556155,,0.0,0.35262335134556155,0.77890815946
88775,0.3526138061415317,,0.0,0.3526138061415317,0.77853559712
88780,0.3526047306946846,,0.0,0.3526047306946846,0.7818163281
88785,0.3525961991939602,,0.0,0.3525961991939602,0.78500161438
88790,0.35258787518580864,,0.0,0.35258787518580864,0.78826587776
88795,0.35257941880621735,,0.0,0.35257941880621735,0.79142440645
88800,0.35257061169460435,,0.0,0.35257061169460435,0.79479974455
88805,0.3525613658837589,,0.0,0.3525613658837589,0.80034095431
88810,0.35255164613222933,,0.0,0.35255164613222933,0.80531047336
88815,0.35254170099456394,,0.0,0.35254170099456394,0.80789197831
88820,0.35253171249854476,,0.0,0.35253171249854476,0.80846455032
88825,0.3525217584254661,,0.0,0.3525217584254661,0.810044762
88830,0.3525118405487688,,0.0,0.3525118405487688,0.81282218076
88835,0.3525018196988233,,0.0,0.3525018196988233,0.81881148826
88840,0.3524915736218969,,0.0,0.3524915736218969,0.8263493316
88845,0.3524810621882076,,0.0,0.3524810621882076,0.83042968623
88850,0.35247034992371645,,0.0,0.35247034992371645,0.83128679581
88855,0.3524595822733052,,0.0,0.3524595822733052,0.83065959104
88860,0.352449025639612,,0.0,0.352449025639612,0.8302514351
88865,0.3524390862087881,,0.0,0.3524390862087881,0.82995916683
88870,0.35243003629494124,,0.0,0.35243003629494124,0.8311935464
88875,0.3524218419071226,,0.0,0.3524218419071226,0.83279677787
88880,0.3524143836563887,,0.0,0.3524143836563887,0.83074919204
88885,0.352407498204295,,0.0,0.352407498204295,0.82855249019
88890,0.3524010122538449,,0.0,0.3524010122538449,0.8289128774
88895,0.3523948842655981,,0.0,0.3523948842655981,0.82956167358
88900,0.35238912790414356,,0.0,0.35238912790414356,0.83122822558
88905,0.35238377734232107,,0.0,0.35238377734232107,0.82991640847
88910,0.3523788836233944,,0.0,0.3523788836233944,0.82475272571
88915,0.3523745013602456,,0.0,0.3523745013602456,0.82061897014
88920,0.35237074773638566,,0.0,0.35237074773638566,0.8211478454
88925,0.3523677170852229,,0.0,0.3523677170852229,0.82150089993
88930,0.3523654151135988,,0.0,0.3523654151135988,0.82139959152
88935,0.35236375180802504,,0.0,0.35236375180802504,0.82232699064
88940,0.35236282145643694,,0.0,0.35236282145643694,0.82194520205
88945,0.3523625357960505,,0.0,0.3523625357960505,0.82282691615
88950,0.35236271620954673,,0.0,0.35236271620954673,0.82872805577
88955,0.35236329894400265,,0.0,0.35236329894400265,0.83782578381
88960,0.35236426797024184,,0.0,0.35236426797024184,0.84380733274
88965,0.3523655059455985,,0.0,0.3523655059455985,0.84751413554
88970,0.3523669418414951,,0.0,0.3523669418414951,0.85184255057
88975,0.3523690291813102,,0.0,0.3523690291813102,0.85150924592
88980,0.3523723838037278,,0.0,0.3523723838037278,0.85146246999
88985,0.3523762286915794,,0.0,0.3523762286915794,0.85189735593
88990,0.352380602883299,,0.0,0.352380602883299,0.85517394576
88995,0.35238552747828455,,0.0,0.35238552747828455,0.85500424205
89000,0.3523909339262285,,0.0,0.3523909339262285,0.8549623134
89005,0.35239676474946,,0.0,0.35239676474946,0.85399471522
89010,0.3524030343628697,,0.0,0.3524030343628697,0.85145649804
89015,0.3524098184332647,,0.0,0.3524098184332647,0.84634449691
89020,0.35241715915944133,,0.0,0.35241715915944133,0.84295544713
89025,0.35242508346132145,,0.0,0.35242508346132145,0.84006207766
89030,0.35243388629848743,,0.0,0.35243388629848743,0.83919604201
89035,0.35244374440113535,,0.0,0.35244374440113535,0.84019672505
89040,0.3524546695467311,,0.0,0.3524546695467311,0.83983031031
89045,0.35246671236928284,,0.0,0.35246671236928284,0.83889107751
89050,0.3524801346559357,,0.0,0.3524801346559357,0.84030894891
89055,0.35249455523060086,,0.0,0.35249455523060086,0.84075305598
89060,0.352509518364467,,0.0,0.352509518364467,0.84360241334
89065,0.3525246215092102,,0.0,0.3525246215092102,0.84846384321
89070,0.3525395842565572,,0.0,0.3525395842565572,0.85487545724
89075,0.35255416257650735,,0.0,0.35255416257650735,0.85798592355
89080,0.352568401691801,,0.0,0.352568401691801,0.85960344763
89085,0.35258236785636715,,0.0,0.35258236785636715,0.86251792443
89090,0.3525960329679903,,0.0,0.3525960329679903,0.86442565191
89095,0.35260930044235633,,0.0,0.35260930044235633,0.86964734896
89100,0.3526219542152618,,0.0,0.3526219542152618,0.87632593335
89105,0.352633769014253,,0.0,0.352633769014253,0.88012459007
89110,0.35264462849706646,,0.0,0.35264462849706646,0.88507938769
89115,0.3526545175212462,,0.0,0.3526545175212462,0.88687926191
89120,0.35266338652139567,,0.0,0.35266338652139567,0.88880617268
89125,0.35267117608724824,,0.0,0.35267117608724824,0.88992675452
89130,0.35267801502062573,,0.0,0.35267801502062573,0.89107505548
89135,0.3526843649845452,,0.0,0.3526843649845452,0.89214511702
89140,0.3526903156969218,,0.0,0.3526903156969218,0.893673838
89145,0.35269569661186556,,0.0,0.35269569661186556,0.89118164895
89150,0.35270031469716717,,0.0,0.35270031469716717,0.8908916742
89155,0.35270391660089356,,0.0,0.35270391660089356,0.89397270315
89160,0.35270630558479865,,0.0,0.35270630558479865,0.89600502768
89165,0.35270741489475194,,0.0,0.35270741489475194,0.89450075811
89170,0.3527072345267286,,0.0,0.3527072345267286,0.88960440253
89175,0.3527058005179549,,0.0,0.3527058005179549,0.88325408521
89180,0.35270316097869664,,0.0,0.35270316097869664,0.87483983915
89185,0.35269939196227995,,0.0,0.35269939196227995,0.86755562996
89190,0.3526946290232437,,0.0,0.3526946290232437,0.86194631836
89195,0.3526889668360426,,0.0,0.3526889668360426,0.85929577362
89200,0.35268240201295,,0.0,0.35268240201295,0.85928847033
89205,0.352674900335653,,0.0,0.352674900335653,0.86292575824
89210,0.35266664778807094,,0.0,0.35266664778807094,0.86900284894
89215,0.35265749881164016,,0.0,0.35265749881164016,0.87523062146
89220,0.35264738237778315,,0.0,0.35264738237778315,0.8789320506
89225,0.3526363416174895,,0.0,0.3526363416174895,0.88087671549
89230,0.3526243982895136,,0.0,0.3526243982895136,0.8833851377
89235,0.3526114901415362,,0.0,0.3526114901415362,0.884979693
89240,0.3525976706496183,,0.0,0.3525976706496183,0.88769599978
89245,0.35258376114421186,,0.0,0.35258376114421186,0.88754253077
89250,0.35256984875128,,0.0,0.35256984875128,0.88770750222
89255,0.35255564962934993,,0.0,0.35255564962934993,0.8881242746
89260,0.3525412931031812,,0.0,0.3525412931031812,0.89212522402
89265,0.35252684656352384,,0.0,0.35252684656352384,0.89662100964
89270,0.3525123290862348,,0.0,0.3525123290862348,0.90267343774
89275,0.3524978157697107,,0.0,0.3524978157697107,0.90456521297
89280,0.352483426912352,,0.0,0.352483426912352,0.90487941023
89285,0.35246934060854024,,0.0,0.35246934060854024,0.90168599524
89290,0.3524556414150229,,0.0,0.3524556414150229,0.90042390385
89295,0.3524426092626084,,0.0,0.3524426092626084,0.89660445058
89300,0.3524305862889517,,0.0,0.3524305862889517,0.89351761592
89305,0.3524197364009076,,0.0,0.3524197364009076,0.89398607597
89310,0.35241014688359434,,0.0,0.35241014688359434,0.89720197443
89315,0.35240223167628243,,0.0,0.35240223167628243,0.8996737953
89320,0.3523958747777547,,0.0,0.3523958747777547,0.90075311865
89325,0.35239071677067685,,0.0,0.35239071677067685,0.90113930153
89330,0.3523863983059239,,0.0,0.3523863983059239,0.9044113742
89335,0.3523826791732137,,0.0,0.3523826791732137,0.9082451975
89340,0.35237936177031626,,0.0,0.35237936177031626,0.91072534587
89345,0.35237639850990377,,0.0,0.35237639850990377,0.9093711178
89350,0.35237399063203323,,0.0,0.35237399063203323,0.90814567674
89355,0.35237220673248537,,0.0,0.35237220673248537,0.91553253863
89360,0.35237103958107846,,0.0,0.35237103958107846,0.92383882602
89365,0.352370382407582,,0.0,0.352370382407582,0.92842125429
89370,0.3523700475228453,,0.0,0.3523700475228453,0.93279713183
89375,0.35236993670553207,,0.0,0.35236993670553207,0.93519555163
89380,0.3523700845150014,,0.0,0.3523700845150014,0.93485203779
89385,0.35237048492610173,,0.0,0.35237048492610173,0.93375223237
89390,0.3523711464877274,,0.0,0.3523711464877274,0.93463881686
89395,0.3523721067377083,,0.0,0.3523721067377083,0.93440534245
89400,0.35237374194106647,,0.0,0.35237374194106647,0.93553546598
89405,0.3523763809346507,,0.0,0.3523763809346507,0.93641296351
89410,0.3523799792914955,,0.0,0.3523799792914955,0.9362470958
89415,0.3523843770154102,,0.0,0.3523843770154102,0.93816138544
89420,0.35238930013252845,,0.0,0.35238930013252845,0.94100252644
89425,0.35239449654142035,,0.0,0.35239449654142035,0.94323832619
89430,0.35239984969519483,,0.0,0.35239984969519483,0.94497982271
89435,0.3524053379942524,,0.0,0.3524053379942524,0.94517606709
89440,0.3524110031144518,,0.0,0.3524110031144518,0.94362352805
89445,0.3524169038749126,,0.0,0.3524169038749126,0.93885447352
89450,0.3524231082802684,,0.0,0.3524231082802684,0.93455289029
89455,0.3524297501116171,,0.0,0.3524297501116171,0.93274628111
89460,0.35243692877258886,,0.0,0.35243692877258886,0.93278707154
89465,0.35244463860181496,,0.0,0.35244463860181496,0.9349986925
89470,0.3524528236904375,,0.0,0.3524528236904375,0.93982155394
89475,0.3524616204797157,,0.0,0.3524616204797157,0.94431908732
89480,0.3524708248420667,,0.0,0.3524708248420667,0.94958407434
89485,0.3524802623436729,,0.0,0.3524802623436729,0.95461776792
89490,0.35248985036038244,,0.0,0.35248985036038244,0.95731063494
89495,0.3524995162038591,,0.0,0.3524995162038591,0.95999733118
89500,0.3525090931934047,,0.0,0.3525090931934047,0.96106310207
89505,0.3525185314453128,,0.0,0.3525185314453128,0.96107209505
89510,0.3525284114431336,,0.0,0.3525284114431336,0.96010262703
89515,0.3525388111273165,,0.0,0.3525388111273165,0.95926521074
89520,0.3525491726825223,,0.0,0.3525491726825223,0.95771696522
89525,0.352559472963075,,0.0,0.352559472963075,0.95816020345
89530,0.3525696189542786,,0.0,0.3525696189542786,0.96263198955
89535,0.3525794692128615,,0.0,0.3525794692128615,0.96519458104
89540,0.35258896091809405,,0.0,0.35258896091809405,0.96576267275
89545,0.35259810759814636,,0.0,0.35259810759814636,0.96453258664
89550,0.35260696948179626,,0.0,0.35260696948179626,0.96232592177
89555,0.35261547765495327,,0.0,0.35261547765495327,0.96007991708
89560,0.3526238043687388,,0.0,0.3526238043687388,0.9590637249
89565,0.3526321823531524,,0.0,0.3526321823531524,0.95712314088
89570,0.35264071542268993,,0.0,0.35264071542268993,0.95528662569
89575,0.35264939721115346,,0.0,0.35264939721115346,0.9530062695
89580,0.35265851715317537,,0.0,0.35265851715317537,0.95161036686
89585,0.3526679704111209,,0.0,0.3526679704111209,0.95318918135
89590,0.35267730541694375,,0.0,0.35267730541694375,0.9559935283
89595,0.35268608599515416,,0.0,0.35268608599515416,0.95885691921
89600,0.35269397857972773,,0.0,0.35269397857972773,0.96068123566
89605,0.35270069048472424,,0.0,0.35270069048472424,0.96177471254
89610,0.35270608858840197,,0.0,0.35270608858840197,0.96093060172
89615,0.3527102739314133,,0.0,0.3527102739314133,0.95931324207
89620,0.35271327497975663,,0.0,0.35271327497975663,0.95959290463
89625,0.35271505947045145,,0.0,0.35271505947045145,0.96547454749
89630,0.3527154769111307,,0.0,0.3527154769111307,0.9709035845
89635,0.35271430739513604,,0.0,0.35271430739513604,0.97573283921
89640,0.35271142989650134,,0.0,0.35271142989650134,0.98056267672
89645,0.3527068596486284,,0.0,0.3527068596486284,0.9836396812
89650,0.35270062002455727,,0.0,0.35270062002455727,0.98828603593
89655,0.3526927857361657,,0.0,0.3526927857361657,0.98991525971
89660,0.3526836606329764,,0.0,0.3526836606329764,0.98824419453
89665,0.3526736391009383,,0.0,0.3526736391009383,0.98996391488
89670,0.3526628287970022,,0.0,0.3526628287970022,0.99601473571
89675,0.3526511961394752,,0.0,0.3526511961394752,0.99839646443
89680,0.35263867007704336,,0.0,0.35263867007704336,0.99669850295
89685,0.3526251270827344,,0.0,0.3526251270827344,0.99532370947
89690,0.3526106368664135,,0.0,0.3526106368664135,0.99477043329
89695,0.3525954368190463,,0.0,0.3525954368190463,0.99754961463
89700,0.3525797845442766,,0.0,0.3525797845442766,0.99910383445
89705,0.35256392329906655,,0.0,0.35256392329906655,0.99959235243
89710,0.35254804686592767,,0.0,0.35254804686592767,0.99908308888
89715,0.3525323541658024,,0.0,0.3525323541658024,0.99825091329
89720,0.35251702695363574,,0.0,0.35251702695363574,0.99427855236
89725,0.3525021271179641,,0.0,0.3525021271179641,0.99246665643
89730,0.35248763642417835,,0.0,0.35248763642417835,0.99295283635
89735,0.35247370456887056,,0.0,0.35247370456887056,0.99353862058
89740,0.3524601590053461,,0.0,0.3524601590053461,0.99704031781
89745,0.35244689089436027,,0.0,0.35244689089436027,0.9983674879
89750,0.3524338610383243,,0.0,0.3524338610383243,1.0027396821
89755,0.3524210569776797,,0.0,0.3524210569776797,1.006015427
89760,0.352408463433552,,0.0,0.352408463433552,1.0055080019
89765,0.3523960667413525,,0.0,0.3523960667413525,1.0015216832
89770,0.35238448496793445,,0.0,0.35238448496793445,0.99878010782
89775,0.3523739220589892,,0.0,0.3523739220589892,0.99482404381
89780,0.3523638165613504,,0.0,0.3523638165613504,0.99049171781
89785,0.35235425482794297,,0.0,0.35235425482794297,0.9855996759
89790,0.3523453180505241,,0.0,0.3523453180505241,0.98188978148
89795,0.35233706923171504,,0.0,0.35233706923171504,0.98241182016
89800,0.3523295335179967,,0.0,0.3523295335179967,0.98491562747
89805,0.3523227907142048,,0.0,0.3523227907142048,0.98637997657
89810,0.3523169737601897,,0.0,0.3523169737601897,0.98551596223
89815,0.3523120814509212,,0.0,0.3523120814509212,0.98112870399
89820,0.3523084119290804,,0.0,0.3523084119290804,0.97611679082
89825,0.3523062407600832,,0.0,0.3523062407600832,0.97109476033
89830,0.3523057589071248,,0.0,0.3523057589071248,0.96723562014
89835,0.3523070808480821,,0.0,0.3523070808480821,0.96413465406
89840,0.3523104369711035,,0.0,0.3523104369711035,0.96453429664
89845,0.35231601737540025,,0.0,0.35231601737540025,0.96584384108
89850,0.35232336740077286,,0.0,0.35232336740077286,0.96652821985
89855,0.3523320736308884,,0.0,0.3523320736308884,0.96717080581
89860,0.3523418006125997,,0.0,0.3523418006125997,0.96658826864
89865,0.35235226366318634,,0.0,0.35235226366318634,0.96835973343
89870,0.35236324628645294,,0.0,0.35236324628645294,0.96999037129
89875,0.35237485118281053,,0.0,0.35237485118281053,0.97150296021
89880,0.3523870894476325,,0.0,0.3523870894476325,0.9692988593
89885,0.3523998969187401,,0.0,0.3523998969187401,0.96601998361
89890,0.3524131458629235,,0.0,0.3524131458629235,0.96688569584
89895,0.3524265642843848,,0.0,0.3524265642843848,0.97168137719
89900,0.35243994466781475,,0.0,0.35243994466781475,0.97644032954
89905,0.3524531812888582,,0.0,0.3524531812888582,0.98091454536
89910,0.35246634363001617,,0.0,0.35246634363001617,0.98298989599
89915,0.3524796775174663,,0.0,0.3524796775174663,0.98057751588
89920,0.35249333962788193,,0.0,0.35249333962788193,0.97961210132
89925,0.35250725843248437,,0.0,0.35250725843248437,0.97784061196
89930,0.3525212579968522,,0.0,0.3525212579968522,0.97816121093
89935,0.35253517157207787,,0.0,0.35253517157207787,0.98298706017
89940,0.3525488001690098,,0.0,0.3525488001690098,0.98428400911
89945,0.35256192051599916,,0.0,0.35256192051599916,0.98346197303
89950,0.35257440283355806,,0.0,0.35257440283355806,0.97993028042
89955,0.3525861979428091,,0.0,0.3525861979428091,0.97862843221
89960,0.3525972784691021,,0.0,0.3525972784691021,0.9780929057
89965,0.35260764243436843,,0.0,0.35260764243436843,0.97727704944
89970,0.3526173157808639,,0.0,0.3526173157808639,0.97895998464
89975,0.35262631840295633,,0.0,0.35262631840295633,0.98377211886
89980,0.3526347396320416,,0.0,0.3526347396320416,0.98717759404
89985,0.3526426389465957,,0.0,0.3526426389465957,0.98698358478
89990,0.3526501204566877,,0.0,0.3526501204566877,0.98365174845
89995,0.3526569512731631,,0.0,0.3526569512731631,0.97965879013
90000,0.35266290912477566,,0.0,0.35266290912477566,0.9792679039
90005,0.3526678231473257,,0.0,0.3526678231473257,0.97785106266
90010,0.35267166537501615,,0.0,0.35267166537501615,0.97938682262
90015,0.35267436471106023,,0.0,0.35267436471106023,0.98020020821
90020,0.35267587015766694,,0.0,0.35267587015766694,0.98548423144
90025,0.3526761851935086,,0.0,0.3526761851935086,0.98752025802
90030,0.3526753664550085,,0.0,0.3526753664550085,0.98713714196
90035,0.35267384786675077,,0.0,0.35267384786675077,0.98400026307
90040,0.3526723767521389,,0.0,0.3526723767521389,0.97936172927
90045,0.35267010488353556,,0.0,0.35267010488353556,0.974776706
90050,0.3526671072911281,,0.0,0.3526671072911281,0.9704202715
90055,0.3526634783537978,,0.0,0.3526634783537978,0.96709005064
90060,0.3526593049019344,,0.0,0.3526593049019344,0.96532442579
90065,0.3526546332041534,,0.0,0.3526546332041534,0.96437494653
90070,0.3526494551208163,,0.0,0.3526494551208163,0.96558088048
90075,0.352643803142268,,0.0,0.352643803142268,0.96607436645
90080,0.3526377701467859,,0.0,0.3526377701467859,0.9653363434
90085,0.3526314574705959,,0.0,0.3526314574705959,0.96237512949
90090,0.35262489608070274,,0.0,0.35262489608070274,0.95930330508
90095,0.3526183705006718,,0.0,0.3526183705006718,0.95744472247
90100,0.3526120948621107,,0.0,0.3526120948621107,0.95410661668
90105,0.35260621149501153,,0.0,0.35260621149501153,0.95261947902
90110,0.3526009491732367,,0.0,0.3526009491732367,0.95234668249
90115,0.3525964801479075,,0.0,0.3525964801479075,0.95552143934
90120,0.35259240450812485,,0.0,0.35259240450812485,0.95958292649
90125,0.35258834507940995,,0.0,0.35258834507940995,0.96083309771
90130,0.3525839591784339,,0.0,0.3525839591784339,0.96157504288
90135,0.3525790345379755,,0.0,0.3525790345379755,0.96242480545
90140,0.35257339083548417,,0.0,0.35257339083548417,0.964566725
90145,0.35256701961301157,,0.0,0.35256701961301157,0.96516350656
90150,0.3525600998516594,,0.0,0.3525600998516594,0.96506116884
90155,0.35255277217618813,,0.0,0.35255277217618813,0.96642981936
90160,0.3525450932457574,,0.0,0.3525450932457574,0.96941956944
90165,0.3525370294332015,,0.0,0.3525370294332015,0.97371904018
90170,0.35252848545018217,,0.0,0.35252848545018217,0.97504013286
90175,0.35251945090615544,,0.0,0.35251945090615544,0.97500407695
90180,0.35251022069249444,,0.0,0.35251022069249444,0.97626301545
90185,0.3525012855975707,,0.0,0.3525012855975707,0.97588693402
90190,0.3524928758276413,,0.0,0.3524928758276413,0.97730454634
90195,0.35248498294749425,,0.0,0.35248498294749425,0.97568660538
90200,0.35247751903539165,,0.0,0.35247751903539165,0.97341267973
90205,0.3524703375778402,,0.0,0.3524703375778402,0.97390459269
90210,0.35246330056476777,,0.0,0.35246330056476777,0.97559230567
90215,0.3524562759430446,,0.0,0.3524562759430446,0.97492875513
90220,0.3524490682931367,,0.0,0.3524490682931367,0.96818617283
90225,0.3524416601762099,,0.0,0.3524416601762099,0.96372645535
90230,0.3524341768926771,,0.0,0.3524341768926771,0.96110926512
90235,0.35242678043953396,,0.0,0.35242678043953396,0.95866214191
90240,0.35241962305985175,,0.0,0.35241962305985175,0.95997291175
90245,0.3524128102051485,,0.0,0.3524128102051485,0.95895627731
90250,0.3524064512148701,,0.0,0.3524064512148701,0.9584263083
90255,0.35240068041578854,,0.0,0.35240068041578854,0.9573011585
90260,0.35239571478156406,,0.0,0.35239571478156406,0.95499958344
90265,0.35239143983431975,,0.0,0.35239143983431975,0.95139195241
90270,0.35238772997806916,,0.0,0.35238772997806916,0.94969548567
90275,0.3523845367842366,,0.0,0.3523845367842366,0.94982012317
90280,0.35238184479205636,,0.0,0.35238184479205636,0.95098463173
90285,0.35237962021520747,,0.0,0.35237962021520747,0.95037255625
90290,0.35237775025830825,,0.0,0.35237775025830825,0.95193399612
90295,0.3523761951553593,,0.0,0.3523761951553593,0.95084619698
90300,0.35237538048667844,,0.0,0.35237538048667844,0.94971059371
90305,0.35237595655936316,,0.0,0.35237595655936316,0.94417236812
90310,0.35237705379627726,,0.0,0.35237705379627726,0.93736366782
90315,0.35237858241129644,,0.0,0.35237858241129644,0.93414013229
90320,0.35238054447343486,,0.0,0.35238054447343486,0.93317027941
90325,0.35238293593560976,,0.0,0.35238293593560976,0.9329439414
90330,0.3523857449066732,,0.0,0.3523857449066732,0.93326506696
90335,0.3523889704316956,,0.0,0.3523889704316956,0.93395322845
90340,0.3523925541462856,,0.0,0.3523925541462856,0.93449645373
90345,0.3523966258981404,,0.0,0.3523966258981404,0.93472166352
90350,0.35240150317863506,,0.0,0.35240150317863506,0.9362116778
90355,0.3524074485706892,,0.0,0.3524074485706892,0.93437344465
90360,0.3524146649059096,,0.0,0.3524146649059096,0.93070431319
90365,0.3524232450625738,,0.0,0.3524232450625738,0.92721059587
90370,0.352433262979521,,0.0,0.352433262979521,0.92382881735
90375,0.35244501388917077,,0.0,0.35244501388917077,0.92199954623
90380,0.3524582126995471,,0.0,0.3524582126995471,0.92349494028
90385,0.3524725070188695,,0.0,0.3524725070188695,0.92531876422
90390,0.35248755125354736,,0.0,0.35248755125354736,0.92968491219
90395,0.352503023933332,,0.0,0.352503023933332,0.93464599928
90400,0.35251865390367326,,0.0,0.35251865390367326,0.93718062227
90405,0.3525344857734281,,0.0,0.3525344857734281,0.93662390635
90410,0.35255055992247913,,0.0,0.35255055992247913,0.93561970273
90415,0.35256679172586947,,0.0,0.35256679172586947,0.93581799149
90420,0.35258289195359477,,0.0,0.35258289195359477,0.93544185643
90425,0.3525985630086478,,0.0,0.3525985630086478,0.9340594508
90430,0.3526136030598243,,0.0,0.3526136030598243,0.93208589985
90435,0.3526278484958428,,0.0,0.3526278484958428,0.93483073704
90440,0.3526411757442582,,0.0,0.3526411757442582,0.93584542734
90445,0.3526536403046727,,0.0,0.3526536403046727,0.93766448447
90450,0.35266547986362573,,0.0,0.35266547986362573,0.93815907002
90455,0.35267672768450037,,0.0,0.35267672768450037,0.93913939207
90460,0.35268719660108344,,0.0,0.35268719660108344,0.94116971241
90465,0.3526967093375049,,0.0,0.3526967093375049,0.94013185633
90470,0.3527051203124646,,0.0,0.3527051203124646,0.93850233146
90475,0.35271223119616696,,0.0,0.35271223119616696,0.93213237922
90480,0.3527178537765237,,0.0,0.3527178537765237,0.92791391739
90485,0.3527219391929672,,0.0,0.3527219391929672,0.92346379248
90490,0.35272455283544263,,0.0,0.35272455283544263,0.91595110313
90495,0.35272578860536646,,0.0,0.35272578860536646,0.91118770252
90500,0.35272571341602404,,0.0,0.35272571341602404,0.90805050977
90505,0.3527243857227524,,0.0,0.3527243857227524,0.90553184941
90510,0.35272190233722966,,0.0,0.35272190233722966,0.90363891047
90515,0.3527183286721375,,0.0,0.3527183286721375,0.90416943092
90520,0.35271367466329157,,0.0,0.35271367466329157,0.90449971128
90525,0.3527081308646317,,0.0,0.3527081308646317,0.90475752507
90530,0.3527015321642726,,0.0,0.3527015321642726,0.90553946496
90535,0.3526937685179393,,0.0,0.3526937685179393,0.90503597518
90540,0.35268478542643206,,0.0,0.35268478542643206,0.90329625009
90545,0.3526745579478976,,0.0,0.3526745579478976,0.90012850074
90550,0.3526631715940132,,0.0,0.3526631715940132,0.89835505169
90555,0.35265075257464884,,0.0,0.35265075257464884,0.89980629285
90560,0.3526378878304981,,0.0,0.3526378878304981,0.9010310833
90565,0.3526250654215622,,0.0,0.3526250654215622,0.90325273915
90570,0.3526115178117599,,0.0,0.3526115178117599,0.90365989177
90575,0.3525973020695065,,0.0,0.3525973020695065,0.89842227472
90580,0.35258259183284496,,0.0,0.35258259183284496,0.8898031067
90585,0.3525675315917271,,0.0,0.3525675315917271,0.8836141898
90590,0.3525521972403244,,0.0,0.3525521972403244,0.88212952746
90595,0.3525366784738155,,0.0,0.3525366784738155,0.87929646049
90600,0.3525211041622314,,0.0,0.3525211041622314,0.87772862531
90605,0.35250564371464094,,0.0,0.35250564371464094,0.87781812648
90610,0.3524903715473482,,0.0,0.3524903715473482,0.87687152911
90615,0.3524756101310042,,0.0,0.3524756101310042,0.87523531692
90620,0.35246170114853537,,0.0,0.35246170114853537,0.87517491752
90625,0.35244886325609726,,0.0,0.35244886325609726,0.87534600696
90630,0.3524371922422289,,0.0,0.3524371922422289,0.87660576047
90635,0.35242702396933334,,0.0,0.35242702396933334,0.87771938997
90640,0.3524185153869207,,0.0,0.3524185153869207,0.87758599392
90645,0.35241138053903115,,0.0,0.35241138053903115,0.87537509129
90650,0.3524052516413276,,0.0,0.3524052516413276,0.87573631626
90655,0.3523998734320178,,0.0,0.3523998734320178,0.87737267223
90660,0.3523950600863374,,0.0,0.3523950600863374,0.87788419518
90665,0.3523907176119244,,0.0,0.3523907176119244,0.87691212508
90670,0.352387004845412,,0.0,0.352387004845412,0.87765986968
90675,0.3523839846530026,,0.0,0.3523839846530026,0.87971267414
90680,0.352381626408738,,0.0,0.352381626408738,0.87973528752
90685,0.3523797900790046,,0.0,0.3523797900790046,0.87794019364
90690,0.35237824591227385,,0.0,0.35237824591227385,0.87639611699
90695,0.3523768092888118,,0.0,0.3523768092888118,0.87478578398
90700,0.3523754523110306,,0.0,0.3523754523110306,0.87269183074
90705,0.35237429825580185,,0.0,0.35237429825580185,0.87163276847
90710,0.3523734087615613,,0.0,0.3523734087615613,0.871909708
90715,0.3523729423011595,,0.0,0.3523729423011595,0.87258805911
90720,0.35237337529355045,,0.0,0.35237337529355045,0.8737717538
90725,0.3523749637735646,,0.0,0.3523749637735646,0.8739593829
90730,0.3523776312104108,,0.0,0.3523776312104108,0.87452549361
90735,0.35238121267409517,,0.0,0.35238121267409517,0.87507374412
90740,0.35238550112677325,,0.0,0.35238550112677325,0.87103125397
90745,0.3523902657255682,,0.0,0.3523902657255682,0.86525889659
90750,0.3523953739171488,,0.0,0.3523953739171488,0.85780951896
90755,0.3524007949618747,,0.0,0.3524007949618747,0.85354680762
90760,0.35240652131125433,,0.0,0.35240652131125433,0.85101700473
90765,0.3524125712453696,,0.0,0.3524125712453696,0.84955932055
90770,0.3524189652497355,,0.0,0.3524189652497355,0.84872713763
90775,0.3524257378609746,,0.0,0.3524257378609746,0.84829564409
90780,0.3524329421686286,,0.0,0.3524329421686286,0.84641190496
90785,0.3524405743529789,,0.0,0.3524405743529789,0.8476949565
90790,0.3524487294522629,,0.0,0.3524487294522629,0.84956166044
90795,0.3524572590203916,,0.0,0.3524572590203916,0.84976887494
90800,0.3524659013839021,,0.0,0.3524659013839021,0.85079191619
90805,0.3524745002526404,,0.0,0.3524745002526404,0.85212586059
90810,0.3524829789593965,,0.0,0.3524829789593965,0.85344943826
90815,0.35249131422207614,,0.0,0.35249131422207614,0.85432941932
90820,0.352499422916326,,0.0,0.352499422916326,0.85172933047
90825,0.3525072637528067,,0.0,0.3525072637528067,0.85069669018
90830,0.3525149141262933,,0.0,0.3525149141262933,0.85204542688
90835,0.3525233111183545,,0.0,0.3525233111183545,0.85280017243
90840,0.35253188656857964,,0.0,0.35253188656857964,0.85325377665
90845,0.3525403247135617,,0.0,0.3525403247135617,0.8498478142
90850,0.3525486544285547,,0.0,0.3525486544285547,0.8441793784
90855,0.35255687189384005,,0.0,0.35255687189384005,0.83831841136
90860,0.35256493397842803,,0.0,0.35256493397842803,0.83272019798
90865,0.3525727332527322,,0.0,0.3525727332527322,0.82963858571
90870,0.3525802199012552,,0.0,0.3525802199012552,0.82650363579
90875,0.3525874336445237,,0.0,0.3525874336445237,0.82359376272
90880,0.35259443077791464,,0.0,0.35259443077791464,0.81998892772
90885,0.3526011846998161,,0.0,0.3526011846998161,0.81742130664
90890,0.3526079306867068,,0.0,0.3526079306867068,0.81623186069
90895,0.35261486570419714,,0.0,0.35261486570419714,0.81603569428
90900,0.3526220915659777,,0.0,0.3526220915659777,0.81726611785
90905,0.3526296095452881,,0.0,0.3526296095452881,0.81855991398
90910,0.35263772665201354,,0.0,0.35263772665201354,0.81923951799
90915,0.35264617025373657,,0.0,0.35264617025373657,0.81853287705
90920,0.35265452270515,,0.0,0.35265452270515,0.81702246306
90925,0.35266243306960443,,0.0,0.35266243306960443,0.81653033864
90930,0.3526696409014036,,0.0,0.3526696409014036,0.8180714528
90935,0.35267591697195666,,0.0,0.35267591697195666,0.81998173639
90940,0.35268114657602245,,0.0,0.35268114657602245,0.81892929235
90945,0.3526854688150212,,0.0,0.3526854688150212,0.81789668069
90950,0.3526889106316113,,0.0,0.3526889106316113,0.81559785999
90955,0.35269147109359933,,0.0,0.35269147109359933,0.81214424726
90960,0.3526930386561067,,0.0,0.3526930386561067,0.81105712778
90965,0.3526933989601614,,0.0,0.3526933989601614,0.81037465429
90970,0.35269246008241567,,0.0,0.35269246008241567,0.81299788936
90975,0.35269027934138547,,0.0,0.35269027934138547,0.81465286104
90980,0.35268702764674315,,0.0,0.35268702764674315,0.81215429186
90985,0.35268306578000835,,0.0,0.35268306578000835,0.81195108573
90990,0.3526785848862677,,0.0,0.3526785848862677,0.81003476271
90995,0.352673468145793,,0.0,0.352673468145793,0.80885460229
91000,0.3526675903491168,,0.0,0.3526675903491168,0.80834243676
91005,0.35266084277067666,,0.0,0.35266084277067666,0.80745582306
91010,0.35265303528852476,,0.0,0.35265303528852476,0.80562465233
91015,0.352644015773272,,0.0,0.352644015773272,0.80094736927
91020,0.35263378831747394,,0.0,0.35263378831747394,0.79616957175
91025,0.3526224829734556,,0.0,0.3526224829734556,0.79269701492
91030,0.35261028217825463,,0.0,0.35261028217825463,0.79132743909
91035,0.3525973846481856,,0.0,0.3525973846481856,0.79186203943
91040,0.3525839978530851,,0.0,0.3525839978530851,0.79089499039
91045,0.35257037362154586,,0.0,0.35257037362154586,0.79033844238
91050,0.3525566963232014,,0.0,0.3525566963232014,0.78822959279
91055,0.3525430226626842,,0.0,0.3525430226626842,0.78962383296
91060,0.35252951390942444,,0.0,0.35252951390942444,0.79270125649
91065,0.35251623026946344,,0.0,0.35251623026946344,0.79454975013
91070,0.35250305646914964,,0.0,0.35250305646914964,0.79487026488
91075,0.35248994107869996,,0.0,0.35248994107869996,0.79524159729
91080,0.35247686581803234,,0.0,0.35247686581803234,0.79814298899
91085,0.3524638289591788,,0.0,0.3524638289591788,0.80306241211
91090,0.35245083143433276,,0.0,0.35245083143433276,0.80792757178
91095,0.352438284772704,,0.0,0.352438284772704,0.80985505576
91100,0.35242687374980347,,0.0,0.35242687374980347,0.80978595678
91105,0.3524157786267285,,0.0,0.3524157786267285,0.80733027199
91110,0.3524049854887899,,0.0,0.3524049854887899,0.80390312911
91115,0.35239451570822283,,0.0,0.35239451570822283,0.80192713877
91120,0.352384458661896,,0.0,0.352384458661896,0.79957546015
91125,0.3523748249449814,,0.0,0.3523748249449814,0.79502190906
91130,0.3523656460701577,,0.0,0.3523656460701577,0.79010121068
91135,0.3523570444048398,,0.0,0.3523570444048398,0.78561798847
91140,0.3523490734250885,,0.0,0.3523490734250885,0.77947302284
91145,0.35234190310838304,,0.0,0.35234190310838304,0.77415999141
91150,0.3523358651790977,,0.0,0.3523358651790977,0.76976067186
91155,0.3523311998929873,,0.0,0.3523311998929873,0.76755766358
91160,0.35232808518527814,,0.0,0.35232808518527814,0.76831828857
91165,0.35232664542419007,,0.0,0.35232664542419007,0.76973774006
91170,0.3523272850679064,,0.0,0.3523272850679064,0.7718627673
91175,0.3523297628602697,,0.0,0.3523297628602697,0.77323854333
91180,0.35233372768273913,,0.0,0.35233372768273913,0.77382707086
91185,0.35233885633709816,,0.0,0.35233885633709816,0.77425849987
91190,0.3523448994048145,,0.0,0.3523448994048145,0.77654182498
91195,0.3523516221550836,,0.0,0.3523516221550836,0.77870747374
91200,0.3523590880225183,,0.0,0.3523590880225183,0.78035742098
91205,0.3523674178739299,,0.0,0.3523674178739299,0.78023806873
91210,0.3523766020918124,,0.0,0.3523766020918124,0.77939104893
91215,0.35238651817233246,,0.0,0.35238651817233246,0.77995508215
91220,0.3523969393879055,,0.0,0.3523969393879055,0.78015208621
91225,0.35240763143971876,,0.0,0.35240763143971876,0.7807722487
91230,0.3524184332402336,,0.0,0.3524184332402336,0.78395291049
91235,0.35242932607737587,,0.0,0.35242932607737587,0.78635723421
91240,0.3524402963092933,,0.0,0.3524402963092933,0.78446948975
91245,0.3524514201257308,,0.0,0.3524514201257308,0.78382438428
91250,0.3524629325985394,,0.0,0.3524629325985394,0.78117677634
91255,0.3524749405206858,,0.0,0.3524749405206858,0.78068783935
91260,0.35248732930061094,,0.0,0.35248732930061094,0.78194739624
91265,0.3524999126815588,,0.0,0.3524999126815588,0.78363521309
91270,0.35251245324982683,,0.0,0.35251245324982683,0.78278963976
91275,0.352524758041415,,0.0,0.352524758041415,0.77957808588
91280,0.3525367651223138,,0.0,0.3525367651223138,0.77679022368
91285,0.35254841865187475,,0.0,0.35254841865187475,0.77345674734
91290,0.35255968334317334,,0.0,0.35255968334317334,0.77057362638
91295,0.35257055198876425,,0.0,0.35257055198876425,0.76980548268
91300,0.3525810542142033,,0.0,0.3525810542142033,0.76833868638
91305,0.352591277759337,,0.0,0.352591277759337,0.7667928313
91310,0.35260124747507293,,0.0,0.35260124747507293,0.76490482508
91315,0.3526108942426929,,0.0,0.3526108942426929,0.76392332855
91320,0.3526201216597742,,0.0,0.3526201216597742,0.76307021789
91325,0.35262901787541895,,0.0,0.35262901787541895,0.76459674267
91330,0.3526373812857871,,0.0,0.3526373812857871,0.76560557971
91335,0.35264502076852833,,0.0,0.35264502076852833,0.76622675882
91340,0.3526518384433527,,0.0,0.3526518384433527,0.7726875425
91345,0.35265773245109666,,0.0,0.35265773245109666,0.78167599193
91350,0.35266252972212775,,0.0,0.35266252972212775,0.78859279015
91355,0.35266618937636207,,0.0,0.35266618937636207,0.79245497796
91360,0.3526691859001577,,0.0,0.3526691859001577,0.79378390036
91365,0.35267199807705646,,0.0,0.35267199807705646,0.79478444688
91370,0.35267388710981246,,0.0,0.35267388710981246,0.79340255409
91375,0.35267484992900894,,0.0,0.35267484992900894,0.79188286786
91380,0.35267486720868846,,0.0,0.35267486720868846,0.78881095089
91385,0.35267386976192366,,0.0,0.35267386976192366,0.78508219025
91390,0.35267182309756473,,0.0,0.35267182309756473,0.78283066496
91395,0.35266876827758703,,0.0,0.35266876827758703,0.78204237827
91400,0.35266481245874004,,0.0,0.35266481245874004,0.78125992371
91405,0.35266002037161287,,0.0,0.35266002037161287,0.77890288382
91410,0.3526545127011251,,0.0,0.3526545127011251,0.77372450285
91415,0.3526485779042428,,0.0,0.3526485779042428,0.77249237708
91420,0.35264246883269795,,0.0,0.35264246883269795,0.77430529506
91425,0.35263633109052683,,0.0,0.35263633109052683,0.77531473234
91430,0.35263031487452307,,0.0,0.35263031487452307,0.7781149635
91435,0.352624760844474,,0.0,0.352624760844474,0.78184926358
91440,0.35261938738707604,,0.0,0.35261938738707604,0.78440269954
91445,0.3526138564344937,,0.0,0.3526138564344937,0.78714198769
91450,0.35260789994706637,,0.0,0.35260789994706637,0.79127125801
91455,0.3526013697288056,,0.0,0.3526013697288056,0.79457177863
91460,0.35259411747004094,,0.0,0.35259411747004094,0.80058559652
91465,0.35258620671906743,,0.0,0.35258620671906743,0.80371279618
91470,0.3525778799825454,,0.0,0.3525778799825454,0.80375550013
91475,0.3525692629246709,,0.0,0.3525692629246709,0.80598863512
91480,0.3525604207307611,,0.0,0.3525604207307611,0.81103904127
91485,0.3525513054497054,,0.0,0.3525513054497054,0.81790875469
91490,0.35254179412294206,,0.0,0.35254179412294206,0.82568105563
91495,0.3525318091055952,,0.0,0.3525318091055952,0.83204395724
91500,0.3525213542628563,,0.0,0.3525213542628563,0.83398120281
91505,0.35251053645590147,,0.0,0.35251053645590147,0.83471674078
91510,0.3524994762559684,,0.0,0.3524994762559684,0.8346138786
91515,0.35248850513733054,,0.0,0.35248850513733054,0.83427021786
91520,0.3524781448553643,,0.0,0.3524781448553643,0.83488653952
91525,0.35246849865615487,,0.0,0.35246849865615487,0.83698936897
91530,0.35245946308898923,,0.0,0.35245946308898923,0.83621798605
91535,0.3524509444570788,,0.0,0.3524509444570788,0.83579511039
91540,0.35244275534410974,,0.0,0.35244275534410974,0.83703727829
91545,0.3524347516011766,,0.0,0.3524347516011766,0.83893493855
91550,0.3524269307727459,,0.0,0.3524269307727459,0.84064149481
91555,0.35241931591354797,,0.0,0.35241931591354797,0.84133817353
91560,0.35241195897630356,,0.0,0.35241195897630356,0.83712473428
91565,0.3524049185300317,,0.0,0.3524049185300317,0.83193205169
91570,0.3523982737656848,,0.0,0.3523982737656848,0.8318265429
91575,0.35239215598609086,,0.0,0.35239215598609086,0.83259828537
91580,0.35238665081660925,,0.0,0.35238665081660925,0.83147813443
91585,0.35238174050009574,,0.0,0.35238174050009574,0.83196951112
91590,0.35237740589248423,,0.0,0.35237740589248423,0.83090636884
91595,0.3523737710664211,,0.0,0.3523737710664211,0.83391914419
91600,0.3523706491285302,,0.0,0.3523706491285302,0.83950611628
91605,0.35236795361220474,,0.0,0.35236795361220474,0.84747751898
91610,0.35236566485044096,,0.0,0.35236566485044096,0.85244954823
91615,0.35236377811406344,,0.0,0.35236377811406344,0.8567651932
91620,0.35236223226483765,,0.0,0.35236223226483765,0.86018233745
91625,0.3523610908510586,,0.0,0.3523610908510586,0.8625753267
91630,0.3523612982526859,,0.0,0.3523612982526859,0.8608189741
91635,0.3523624177030828,,0.0,0.3523624177030828,0.86092269932
91640,0.3523641329613773,,0.0,0.3523641329613773,0.86328227465
91645,0.35236649670785564,,0.0,0.35236649670785564,0.86500270593
91650,0.35236950657793015,,0.0,0.35236950657793015,0.86554746671
91655,0.3523730782649538,,0.0,0.3523730782649538,0.86657584077
91660,0.35237716913813816,,0.0,0.35237716913813816,0.86309283545
91665,0.35238180482142917,,0.0,0.35238180482142917,0.85736963786
91670,0.3523870651196626,,0.0,0.3523870651196626,0.85231365733
91675,0.35239290130868933,,0.0,0.35239290130868933,0.84931154995
91680,0.3523995151969773,,0.0,0.3523995151969773,0.84953175492
91685,0.35240715313364196,,0.0,0.35240715313364196,0.85089137748
91690,0.3524159016534995,,0.0,0.3524159016534995,0.85140795798
91695,0.3524257491609756,,0.0,0.3524257491609756,0.85113988596
91700,0.35243700869110667,,0.0,0.35243700869110667,0.85237786579
91705,0.3524496175141089,,0.0,0.3524496175141089,0.85169162375
91710,0.3524631415689796,,0.0,0.3524631415689796,0.85330466177
91715,0.3524771450667482,,0.0,0.3524771450667482,0.85699550017
91720,0.3524913000800226,,0.0,0.3524913000800226,0.86125886721
91725,0.3525053583953009,,0.0,0.3525053583953009,0.86663688291
91730,0.3525192182898379,,0.0,0.3525192182898379,0.86902327934
91735,0.35253302122964175,,0.0,0.35253302122964175,0.87128956387
91740,0.35254680147849804,,0.0,0.35254680147849804,0.87274646298
91745,0.35256049028147124,,0.0,0.35256049028147124,0.87846252213
91750,0.3525739087711418,,0.0,0.3525739087711418,0.88750085957
91755,0.352586795114892,,0.0,0.352586795114892,0.89275174528
91760,0.3525989744014393,,0.0,0.3525989744014393,0.89813033292
91765,0.3526104066146837,,0.0,0.3526104066146837,0.90067040839
91770,0.35262100219586506,,0.0,0.35262100219586506,0.90295687564
91775,0.35263069652807655,,0.0,0.35263069652807655,0.90341722146
91780,0.3526396332145497,,0.0,0.3526396332145497,0.90404067308
91785,0.3526482228295648,,0.0,0.3526482228295648,0.90705589286
91790,0.35265652623851934,,0.0,0.35265652623851934,0.90974764225
91795,0.35266436384642835,,0.0,0.35266436384642835,0.90945692942
91800,0.35267157029130586,,0.0,0.35267157029130586,0.90906689809
91805,0.3526778945403338,,0.0,0.3526778945403338,0.91237123652
91810,0.35268308808443677,,0.0,0.35268308808443677,0.91521417614
91815,0.35268705734050826,,0.0,0.35268705734050826,0.91611891087
91820,0.3526897905310824,,0.0,0.3526897905310824,0.91231776795
91825,0.3526913309917766,,0.0,0.3526913309917766,0.90490002043
91830,0.35269174020187166,,0.0,0.35269174020187166,0.89477253737
91835,0.3526910828919567,,0.0,0.3526910828919567,0.8858130703
91840,0.3526894884550004,,0.0,0.3526894884550004,0.87991281213
91845,0.35268706397954297,,0.0,0.35268706397954297,0.87750988459
91850,0.3526838252901332,,0.0,0.3526838252901332,0.87735663762
91855,0.35267972877831655,,0.0,0.35267972877831655,0.88118474165
91860,0.3526749470362606,,0.0,0.3526749470362606,0.88683882339
91865,0.3526693068806509,,0.0,0.3526693068806509,0.89182930636
91870,0.3526626865579559,,0.0,0.3526626865579559,0.89506770916
91875,0.3526550629679726,,0.0,0.3526550629679726,0.89680072039
91880,0.3526464721479272,,0.0,0.3526464721479272,0.89932492734
91885,0.3526368739225649,,0.0,0.3526368739225649,0.90147313116
91890,0.3526262924607006,,0.0,0.3526262924607006,0.90385884482
91895,0.35261533887184293,,0.0,0.35261533887184293,0.90395356824
91900,0.35260441752322946,,0.0,0.35260441752322946,0.90388562185
91905,0.3525929332435822,,0.0,0.3525929332435822,0.90426819365
91910,0.3525809521049391,,0.0,0.3525809521049391,0.90823276934
91915,0.35256857105539685,,0.0,0.35256857105539685,0.91376844274
91920,0.35255582149395204,,0.0,0.35255582149395204,0.91958413173
91925,0.3525427565101465,,0.0,0.3525427565101465,0.92261885479
91930,0.35252949158225955,,0.0,0.35252949158225955,0.92297086501
91935,0.35251620746483375,,0.0,0.35251620746483375,0.92015757904
91940,0.3525030298448013,,0.0,0.3525030298448013,0.91870298604
91945,0.3524901101467223,,0.0,0.3524901101467223,0.91608336915
91950,0.3524778358901469,,0.0,0.3524778358901469,0.91334763811
91955,0.3524664101113095,,0.0,0.3524664101113095,0.91394888141
91960,0.3524559588836615,,0.0,0.3524559588836615,0.91672100081
91965,0.3524467261689942,,0.0,0.3524467261689942,0.91822764711
91970,0.3524390061538517,,0.0,0.3524390061538517,0.91926661839
91975,0.3524324896001797,,0.0,0.3524324896001797,0.92050301515
91980,0.3524268128616695,,0.0,0.3524268128616695,0.92369410295
91985,0.35242168034211896,,0.0,0.35242168034211896,0.92790662086
91990,0.3524168904149517,,0.0,0.3524168904149517,0.9325752682
91995,0.35241228440268935,,0.0,0.35241228440268935,0.93276651267
92000,0.35240801548059647,,0.0,0.35240801548059647,0.93070670303
92005,0.352404196830574,,0.0,0.352404196830574,0.93866609856
92010,0.3524008396616773,,0.0,0.3524008396616773,0.94765888485
92015,0.3523978875421107,,0.0,0.3523978875421107,0.95378602994
92020,0.3523951595354404,,0.0,0.3523951595354404,0.95771259171
92025,0.35239252192877785,,0.0,0.35239252192877785,0.96008164309
92030,0.35238997674566436,,0.0,0.35238997674566436,0.96083188645
92035,0.35238757361970574,,0.0,0.35238757361970574,0.96092069165
92040,0.3523853142561336,,0.0,0.3523853142561336,0.9625172346
92045,0.35238324094469,,0.0,0.35238324094469,0.96275846574
92050,0.35238154830913376,,0.0,0.35238154830913376,0.96227133275
92055,0.35238065879215685,,0.0,0.35238065879215685,0.96196512072
92060,0.3523807238865286,,0.0,0.3523807238865286,0.96162425767
92065,0.35238165580692965,,0.0,0.35238165580692965,0.96439167078
92070,0.352383237215917,,0.0,0.352383237215917,0.96731721523
92075,0.35238518927403045,,0.0,0.35238518927403045,0.96925611786
92080,0.35238734132169813,,0.0,0.35238734132169813,0.97044053389
92085,0.3523896695766242,,0.0,0.3523896695766242,0.97104633024
92090,0.3523922294474653,,0.0,0.3523922294474653,0.96847288593
92095,0.352395106786945,,0.0,0.352395106786945,0.96313140055
92100,0.3523983864019116,,0.0,0.3523983864019116,0.95737924463
92105,0.3524021951843276,,0.0,0.3524021951843276,0.95611884888
92110,0.35240667362253486,,0.0,0.35240667362253486,0.95399389503
92115,0.3524118811722728,,0.0,0.3524118811722728,0.957340349
92120,0.3524177660854486,,0.0,0.3524177660854486,0.96169236735
92125,0.35242437017433936,,0.0,0.35242437017433936,0.96483531249
92130,0.3524316528544346,,0.0,0.3524316528544346,0.96983832736
92135,0.35243936416152805,,0.0,0.35243936416152805,0.97480979691
92140,0.3524473828650258,,0.0,0.3524473828650258,0.97715878247
92145,0.35245566758464275,,0.0,0.35245566758464275,0.97944075127
92150,0.3524641120503498,,0.0,0.3524641120503498,0.98074385204
92155,0.35247255703899444,,0.0,0.35247255703899444,0.9819205184
92160,0.3524810774443457,,0.0,0.3524810774443457,0.98053412572
92165,0.3524904964612421,,0.0,0.3524904964612421,0.9789330714
92170,0.35250019463590865,,0.0,0.35250019463590865,0.97797889655
92175,0.35251000963030343,,0.0,0.35251000963030343,0.97888297383
92180,0.35251993005347987,,0.0,0.35251993005347987,0.98342793945
92185,0.3525298811026145,,0.0,0.3525298811026145,0.98690070887
92190,0.3525397723776999,,0.0,0.3525397723776999,0.98860630111
92195,0.35254959617108944,,0.0,0.35254959617108944,0.98763610587
92200,0.3525593774701092,,0.0,0.3525593774701092,0.98378912431
92205,0.3525691126141953,,0.0,0.3525691126141953,0.981307113
92210,0.3525788053548574,,0.0,0.3525788053548574,0.9799938044
92215,0.35258871024905863,,0.0,0.35258871024905863,0.97815417602
92220,0.3525990284459107,,0.0,0.3525990284459107,0.97738639709
92225,0.3526097837959185,,0.0,0.3526097837959185,0.97534016046
92230,0.35262094014817363,,0.0,0.35262094014817363,0.97316733337
92235,0.35263277256789066,,0.0,0.35263277256789066,0.97495511017
92240,0.3526450020337179,,0.0,0.3526450020337179,0.97809893891
92245,0.3526571427592961,,0.0,0.3526571427592961,0.98088911815
92250,0.3526687312399582,,0.0,0.3526687312399582,0.98336094276
92255,0.3526794280664198,,0.0,0.3526794280664198,0.98433048537
92260,0.35268892993483225,,0.0,0.35268892993483225,0.98393870203
92265,0.35269721826954004,,0.0,0.35269721826954004,0.98135873453
92270,0.3527043447504269,,0.0,0.3527043447504269,0.98050618611
92275,0.35271029619036887,,0.0,0.35271029619036887,0.98579813493
92280,0.35271498307607874,,0.0,0.35271498307607874,0.99094741803
92285,0.35271817615622914,,0.0,0.35271817615622914,0.99374592611
92290,0.3527196635273816,,0.0,0.3527196635273816,0.99817199061
92295,0.35271937095512335,,0.0,0.35271937095512335,1.0009481185
92300,0.352717311126377,,0.0,0.352717311126377,1.0057033619
92305,0.35271352132887207,,0.0,0.35271352132887207,1.0072022668
92310,0.3527080766610054,,0.0,0.3527080766610054,1.0048900675
92315,0.35270120914794734,,0.0,0.35270120914794734,1.0047836434
92320,0.3526932628599487,,0.0,0.3526932628599487,1.009796228
92325,0.35268435582176777,,0.0,0.35268435582176777,1.0117836612
92330,0.35267449605936113,,0.0,0.35267449605936113,1.0103533415
92335,0.3526636542654828,,0.0,0.3526636542654828,1.0086540644
92340,0.3526517997459651,,0.0,0.3526517997459651,1.0077558804
92345,0.3526390398849219,,0.0,0.3526390398849219,1.0094298098
92350,0.3526255779686882,,0.0,0.3526255779686882,1.0112531471
92355,0.3526115978439599,,0.0,0.3526115978439599,1.0119150982
92360,0.35259731375602665,,0.0,0.35259731375602665,1.0119636344
92365,0.3525828991610401,,0.0,0.3525828991610401,1.0097497864
92370,0.3525685433851732,,0.0,0.3525685433851732,1.007605243
92375,0.3525544052877956,,0.0,0.3525544052877956,1.0056977051
92380,0.352540526976758,,0.0,0.352540526976758,1.0051665928
92385,0.3525268484733832,,0.0,0.3525268484733832,1.0055302648
92390,0.35251346765796127,,0.0,0.35251346765796127,1.0081036912
92395,0.35250020043369584,,0.0,0.35250020043369584,1.0093984101
92400,0.3524868989911177,,0.0,0.3524868989911177,1.0132119647
92405,0.3524735087173449,,0.0,0.3524735087173449,1.0178438953
92410,0.35246003782022517,,0.0,0.35246003782022517,1.0159414966
92415,0.3524465158343687,,0.0,0.3524465158343687,1.0137767372
92420,0.35243294462416197,,0.0,0.35243294462416197,1.01262514
92425,0.35241981438682973,,0.0,0.35241981438682973,1.008035025
92430,0.35240768846266124,,0.0,0.35240768846266124,1.0043069024
92435,0.3523959242067327,,0.0,0.3523959242067327,0.99983161292
92440,0.3523846377794162,,0.0,0.3523846377794162,0.99559570994
92445,0.35237394525013804,,0.0,0.35237394525013804,0.99672504697
92450,0.3523639244911383,,0.0,0.3523639244911383,0.99864655623
92455,0.3523546376183175,,0.0,0.3523546376183175,0.99980881545
92460,0.3523461705526086,,0.0,0.3523461705526086,0.99929235443
92465,0.3523386176046835,,0.0,0.3523386176046835,0.99522296432
92470,0.35233201560754346,,0.0,0.35233201560754346,0.99026913942
92475,0.35232670331111654,,0.0,0.35232670331111654,0.98359309332
92480,0.35232297776673577,,0.0,0.35232297776673577,0.97786774558
92485,0.3523210368494683,,0.0,0.3523210368494683,0.97474199995
92490,0.35232091652833136,,0.0,0.35232091652833136,0.97426644788
92495,0.35232279144177026,,0.0,0.35232279144177026,0.97536341824
92500,0.35232676569985416,,0.0,0.35232676569985416,0.97615350271
92505,0.35233240046693226,,0.0,0.35233240046693226,0.97591794037
92510,0.3523392835544383,,0.0,0.3523392835544383,0.97487144205
92515,0.3523470437903085,,0.0,0.3523470437903085,0.97599659032
92520,0.352355372232062,,0.0,0.352355372232062,0.97851477032
92525,0.3523642050130937,,0.0,0.3523642050130937,0.97930043204
92530,0.3523736721402557,,0.0,0.3523736721402557,0.97700899939
92535,0.3523837696574109,,0.0,0.3523837696574109,0.97299234874
92540,0.35239441823718837,,0.0,0.35239441823718837,0.97296366753
92545,0.3524054188449635,,0.0,0.3524054188449635,0.97778227323
92550,0.3524165309294081,,0.0,0.3524165309294081,0.98197006916
92555,0.35242759840499577,,0.0,0.35242759840499577,0.98572364473
92560,0.35243862465945314,,0.0,0.35243862465945314,0.98806234048
92565,0.35244968131250465,,0.0,0.35244968131250465,0.98567861293
92570,0.3524609768798622,,0.0,0.3524609768798622,0.98450249042
92575,0.35247274031727965,,0.0,0.35247274031727965,0.98382508984
92580,0.3524849412034263,,0.0,0.3524849412034263,0.98260011631
92585,0.3524973654066946,,0.0,0.3524973654066946,0.98624741201
92590,0.3525098356057414,,0.0,0.3525098356057414,0.98977176577
92595,0.3525220952427985,,0.0,0.3525220952427985,0.99014454199
92600,0.35253386918444213,,0.0,0.35253386918444213,0.98645688755
92605,0.3525450346767383,,0.0,0.3525450346767383,0.98398830371
92610,0.3525555677782363,,0.0,0.3525555677782363,0.98416781393
92615,0.35256548815593985,,0.0,0.35256548815593985,0.9831752736
92620,0.3525748423285652,,0.0,0.3525748423285652,0.98487962755
92625,0.35258367579168953,,0.0,0.35258367579168953,0.98721997679
92630,0.3525920725563864,,0.0,0.3525920725563864,0.99021868532
92635,0.35260009344258053,,0.0,0.35260009344258053,0.9914620889
92640,0.3526077880611414,,0.0,0.3526077880611414,0.98805644315
92645,0.3526151922901403,,0.0,0.3526151922901403,0.98438858565
92650,0.35262203270138515,,0.0,0.35262203270138515,0.98367009405
92655,0.3526281616445615,,0.0,0.3526281616445615,0.9830207809
92660,0.35263350113374736,,0.0,0.35263350113374736,0.98402559871
92665,0.3526379895077703,,0.0,0.3526379895077703,0.98511599954
92670,0.3526415607173291,,0.0,0.3526415607173291,0.98922320117
92675,0.35264425311876496,,0.0,0.35264425311876496,0.99179636954
92680,0.35264619023905014,,0.0,0.35264619023905014,0.99235339996
92685,0.3526482332883182,,0.0,0.3526482332883182,0.98947486281
92690,0.3526499341317222,,0.0,0.3526499341317222,0.98514576036
92695,0.35265085029578386,,0.0,0.35265085029578386,0.98036599712
92700,0.3526510639953996,,0.0,0.3526510639953996,0.97733613316
92705,0.3526506389834923,,0.0,0.3526506389834923,0.972238882
92710,0.35264961061519573,,0.0,0.35264961061519573,0.9692415927
92715,0.3526479566997635,,0.0,0.3526479566997635,0.96834841312
92720,0.3526456998371976,,0.0,0.3526456998371976,0.97069797755
92725,0.35264293156432674,,0.0,0.35264293156432674,0.9717386797
92730,0.3526397807284455,,0.0,0.3526397807284455,0.96982859621
92735,0.35263625460520853,,0.0,0.35263625460520853,0.96651273554
92740,0.3526326317839753,,0.0,0.3526326317839753,0.96283625127
92745,0.3526292145681922,,0.0,0.3526292145681922,0.9613956615
92750,0.352626171889463,,0.0,0.352626171889463,0.95698644085
92755,0.35262356959246133,,0.0,0.35262356959246133,0.95514645421
92760,0.35262174858707535,,0.0,0.35262174858707535,0.95402977883
92765,0.35262053293888357,,0.0,0.35262053293888357,0.95711623437
92770,0.35261951989493434,,0.0,0.35261951989493434,0.96144535793
92775,0.3526183309165638,,0.0,0.3526183309165638,0.96391104559
92780,0.35261667847899897,,0.0,0.35261667847899897,0.96421212072
92785,0.35261432178081087,,0.0,0.35261432178081087,0.96487548758
92790,0.3526111397505608,,0.0,0.3526111397505608,0.96527594903
92795,0.35260728169832173,,0.0,0.35260728169832173,0.96686547142
92800,0.35260276608606705,,0.0,0.35260276608606705,0.96782736758
92805,0.35259762576792436,,0.0,0.35259762576792436,0.96708592793
92810,0.3525918172036484,,0.0,0.3525918172036484,0.96944511642
92815,0.35258520306525987,,0.0,0.35258520306525987,0.97442672418
92820,0.3525777241243833,,0.0,0.3525777241243833,0.97706957261
92825,0.35256945952649843,,0.0,0.35256945952649843,0.97740843292
92830,0.35256059675612816,,0.0,0.35256059675612816,0.97749479603
92835,0.3525515377931859,,0.0,0.3525515377931859,0.97740476774
92840,0.35254267199887174,,0.0,0.35254267199887174,0.97970127807
92845,0.3525340383206738,,0.0,0.3525340383206738,0.97865789185
92850,0.35252553840083733,,0.0,0.35252553840083733,0.97798503278
92855,0.3525170802023324,,0.0,0.3525170802023324,0.97837699749
92860,0.3525085547722322,,0.0,0.3525085547722322,0.97958410077
92865,0.352499829579942,,0.0,0.352499829579942,0.97865811273
92870,0.35249077389104433,,0.0,0.35249077389104433,0.9728351713
92875,0.35248145023069527,,0.0,0.35248145023069527,0.96668321368
92880,0.35247198833290994,,0.0,0.35247198833290994,0.96376922669
92885,0.35246254205504546,,0.0,0.35246254205504546,0.96165288749
92890,0.35245324415506074,,0.0,0.35245324415506074,0.96273692392
92895,0.3524441916719983,,0.0,0.3524441916719983,0.96352276004
92900,0.3524355141579818,,0.0,0.3524355141579818,0.96236377823
92905,0.352427395573389,,0.0,0.352427395573389,0.9626968749
92910,0.3524199711999215,,0.0,0.3524199711999215,0.96118172469
92915,0.35241307901784735,,0.0,0.35241307901784735,0.95685628912
92920,0.35240662298852654,,0.0,0.35240662298852654,0.95438096949
92925,0.3524005740775501,,0.0,0.3524005740775501,0.95405785402
92930,0.35239492732837846,,0.0,0.35239492732837846,0.95469968129
92935,0.3523896451122358,,0.0,0.3523896451122358,0.95393732699
92940,0.35238466065225516,,0.0,0.35238466065225516,0.95476259121
92945,0.352380052161723,,0.0,0.352380052161723,0.95480188517
92950,0.3523764553964277,,0.0,0.3523764553964277,0.95318871646
92955,0.3523740873527658,,0.0,0.3523740873527658,0.94747687057
92960,0.3523721526652776,,0.0,0.3523721526652776,0.93957557889
92965,0.35237066186092564,,0.0,0.35237066186092564,0.93452669392
92970,0.35236970863649864,,0.0,0.35236970863649864,0.93349082976
92975,0.35236931957087203,,0.0,0.35236931957087203,0.93310828442
92980,0.35236945298818717,,0.0,0.35236945298818717,0.93095859351
92985,0.35237009401882513,,0.0,0.35237009401882513,0.93109211787
92990,0.3523712382064474,,0.0,0.3523712382064474,0.93223136268
92995,0.3523728757971297,,0.0,0.3523728757971297,0.93284048757
93000,0.3523753534303381,,0.0,0.3523753534303381,0.93403623778
93005,0.3523789230483475,,0.0,0.3523789230483475,0.93157398004
93010,0.35238381817693215,,0.0,0.35238381817693215,0.92802068445
93015,0.35239019067264427,,0.0,0.35239019067264427,0.92423428258
93020,0.35239808434856607,,0.0,0.35239808434856607,0.92202610512
93025,0.3524078159230342,,0.0,0.3524078159230342,0.92037049627
93030,0.3524192156459338,,0.0,0.3524192156459338,0.92097139582
93035,0.3524319363775975,,0.0,0.3524319363775975,0.92236787451
93040,0.35244558818841465,,0.0,0.35244558818841465,0.92519018578
93045,0.35245982914535834,,0.0,0.35245982914535834,0.93042692374
93050,0.35247436151500283,,0.0,0.35247436151500283,0.93414658701
93055,0.3524891075160537,,0.0,0.3524891075160537,0.93403409595
93060,0.35250416762075304,,0.0,0.35250416762075304,0.93358001098
93065,0.3525195097934844,,0.0,0.3525195097934844,0.93446799902
93070,0.3525349832690438,,0.0,0.3525349832690438,0.93428143007
93075,0.35255029702124957,,0.0,0.35255029702124957,0.93513482267
93080,0.352565243352901,,0.0,0.352565243352901,0.93256990357
93085,0.3525796792519135,,0.0,0.3525796792519135,0.93271040146
93090,0.3525934763711937,,0.0,0.3525934763711937,0.93448813888
93095,0.35260668102483006,,0.0,0.35260668102483006,0.93666086439
93100,0.352619570869989,,0.0,0.352619570869989,0.93803934289
93105,0.352632190333636,,0.0,0.352632190333636,0.93819528879
93110,0.35264434486022145,,0.0,0.35264434486022145,0.9393909345
93115,0.35265579969620414,,0.0,0.35265579969620414,0.93965784284
93120,0.3526663715860355,,0.0,0.3526663715860355,0.93807579883
93125,0.3526758338930764,,0.0,0.3526758338930764,0.9330612487
93130,0.3526839568885347,,0.0,0.3526839568885347,0.92815439161
93135,0.3526906695210967,,0.0,0.3526906695210967,0.92488426087
93140,0.35269602456199406,,0.0,0.35269602456199406,0.91810651772
93145,0.3527001173677742,,0.0,0.3527001173677742,0.91327608588
93150,0.3527030311764723,,0.0,0.3527030311764723,0.91044052417
93155,0.35270481603094983,,0.0,0.35270481603094983,0.90685652425
93160,0.35270556235395084,,0.0,0.35270556235395084,0.90449722746
93165,0.3527053393324027,,0.0,0.3527053393324027,0.90419964796
93170,0.3527041668152005,,0.0,0.3527041668152005,0.9048664194
93175,0.3527022197590996,,0.0,0.3527022197590996,0.90457439777
93180,0.35269932400311926,,0.0,0.35269932400311926,0.90560033659
93185,0.3526953529508706,,0.0,0.3526953529508706,0.90617274698
93190,0.3526902302761902,,0.0,0.3526902302761902,0.90395425844
93195,0.35268390896016044,,0.0,0.35268390896016044,0.90205053334
93200,0.3526763607186744,,0.0,0.3526763607186744,0.89894859638
93205,0.3526677084875574,,0.0,0.3526677084875574,0.89882760417
93210,0.3526582565483243,,0.0,0.3526582565483243,0.89938319924
93215,0.3526488757286142,,0.0,0.3526488757286142,0.90121771368
93220,0.3526387093883143,,0.0,0.3526387093883143,0.90297333285
93225,0.3526276691964312,,0.0,0.3526276691964312,0.8992098012
93230,0.3526158929356727,,0.0,0.3526158929356727,0.88999357986
93235,0.352603500563393,,0.0,0.352603500563393,0.88171655504
93240,0.35259051809005726,,0.0,0.35259051809005726,0.880186734
93245,0.3525769702074179,,0.0,0.3525769702074179,0.8775783396
93250,0.3525630122961723,,0.0,0.3525630122961723,0.87529341433
93255,0.35254883377343915,,0.0,0.35254883377343915,0.87384700053
93260,0.35253453811266794,,0.0,0.35253453811266794,0.87330761755
93265,0.3525203820307818,,0.0,0.3525203820307818,0.87175237062
93270,0.35250674938676707,,0.0,0.35250674938676707,0.87171604148
93275,0.35249393689091046,,0.0,0.35249393689091046,0.87153564289
93280,0.35248207850620134,,0.0,0.35248207850620134,0.87325436438
93285,0.35247131890448286,,0.0,0.35247131890448286,0.87440185996
93290,0.3524620197085222,,0.0,0.3524620197085222,0.87493994442
93295,0.3524539779730305,,0.0,0.3524539779730305,0.87396098766
93300,0.3524468835959693,,0.0,0.3524468835959693,0.87298913787
93305,0.3524404530541758,,0.0,0.3524404530541758,0.87466903614
93310,0.3524345102086008,,0.0,0.3524345102086008,0.8756224758
93315,0.3524288741910196,,0.0,0.3524288741910196,0.87449921866
93320,0.35242365957025484,,0.0,0.35242365957025484,0.87498866446
93325,0.35241898894108564,,0.0,0.35241898894108564,0.87777321987
93330,0.3524148713071344,,0.0,0.3524148713071344,0.87903680224
93335,0.35241123145632225,,0.0,0.35241123145632225,0.87736297653
93340,0.3524078494137816,,0.0,0.3524078494137816,0.87489718172
93345,0.35240451859639615,,0.0,0.35240451859639615,0.87382219967
93350,0.3524011529922874,,0.0,0.3524011529922874,0.87265283643
93355,0.3523978116479393,,0.0,0.3523978116479393,0.8712231812
93360,0.3523946180903241,,0.0,0.3523946180903241,0.870849921
93365,0.35239181641765155,,0.0,0.35239181641765155,0.87091071348
93370,0.3523898573112478,,0.0,0.3523898573112478,0.8722633578
93375,0.35238892886951906,,0.0,0.35238892886951906,0.87354954598
93380,0.3523889523335049,,0.0,0.3523889523335049,0.87308300363
93385,0.35238980115228924,,0.0,0.35238980115228924,0.87472535503
93390,0.35239128852344176,,0.0,0.35239128852344176,0.87224514548
93395,0.3523931722813482,,0.0,0.3523931722813482,0.86718670436
93400,0.3523953250793177,,0.0,0.3523953250793177,0.85889196448
93405,0.3523977280915942,,0.0,0.3523977280915942,0.85303823775
93410,0.3524003927091242,,0.0,0.3524003927091242,0.84987795523
93415,0.35240336113070425,,0.0,0.35240336113070425,0.84720138786
93420,0.3524066829217308,,0.0,0.3524066829217308,0.84627462702
93425,0.35241043308965486,,0.0,0.35241043308965486,0.84543948483
93430,0.3524146952362945,,0.0,0.3524146952362945,0.84249463186
93435,0.3524194747274447,,0.0,0.3524194747274447,0.84199729658
93440,0.3524248334743787,,0.0,0.3524248334743787,0.84408713838
93445,0.3524307429201521,,0.0,0.3524307429201521,0.84357149059
93450,0.3524369463933147,,0.0,0.3524369463933147,0.8441481818
93455,0.3524432930604532,,0.0,0.3524432930604532,0.84525523552
93460,0.3524496877241753,,0.0,0.3524496877241753,0.84547979946
93465,0.35245606906435495,,0.0,0.35245606906435495,0.84610650002
93470,0.3524624062276697,,0.0,0.3524624062276697,0.84498737056
93475,0.3524686329147176,,0.0,0.3524686329147176,0.84389948163
93480,0.35247485075729784,,0.0,0.35247485075729784,0.84511337563
93485,0.3524819847412034,,0.0,0.3524819847412034,0.84595989408
93490,0.3524894209376095,,0.0,0.3524894209376095,0.84707802207
93495,0.3524968438559461,,0.0,0.3524968438559461,0.84566674716
93500,0.3525042816211652,,0.0,0.3525042816211652,0.84081090773
93505,0.35251173930348856,,0.0,0.35251173930348856,0.83567461301
93510,0.3525191591978812,,0.0,0.3525191591978812,0.830509824
93515,0.3525264686160069,,0.0,0.3525264686160069,0.8263609416
93520,0.3525336531884479,,0.0,0.3525336531884479,0.82306833188
93525,0.35254076254881017,,0.0,0.35254076254881017,0.82012725143
93530,0.35254784885444207,,0.0,0.35254784885444207,0.81735199023
93535,0.3525549322043393,,0.0,0.3525549322043393,0.81419522427
93540,0.35256223450596547,,0.0,0.35256223450596547,0.8121356679
93545,0.35256997782593885,,0.0,0.35256997782593885,0.81220946194
93550,0.35257825856668223,,0.0,0.35257825856668223,0.81318366509
93555,0.35258707068030776,,0.0,0.35258707068030776,0.81521031663
93560,0.3525967062388724,,0.0,0.3525967062388724,0.81634040025
93565,0.3526069495646919,,0.0,0.3526069495646919,0.81670445597
93570,0.3526173767372071,,0.0,0.3526173767372071,0.81495886606
93575,0.35262761096845846,,0.0,0.35262761096845846,0.81438375775
93580,0.3526373795578191,,0.0,0.3526373795578191,0.81573003154
93585,0.3526464477972209,,0.0,0.3526464477972209,0.81781933639
93590,0.3526547153735769,,0.0,0.3526547153735769,0.8178168663
93595,0.3526623050180845,,0.0,0.3526623050180845,0.81723164782
93600,0.35266920381645706,,0.0,0.35266920381645706,0.81522316227
93605,0.35267535929303606,,0.0,0.35267535929303606,0.81074931956
93610,0.35268061779509224,,0.0,0.35268061779509224,0.80802554307
93615,0.3526847358837719,,0.0,0.3526847358837719,0.80622764927
93620,0.35268752000392783,,0.0,0.35268752000392783,0.80593417596
93625,0.3526889228638055,,0.0,0.3526889228638055,0.80950173569
93630,0.3526890247229691,,0.0,0.3526890247229691,0.80936787162
93635,0.3526880643820424,,0.0,0.3526880643820424,0.80750900344
93640,0.352686407965604,,0.0,0.352686407965604,0.80622496544
93645,0.3526841461919713,,0.0,0.3526841461919713,0.80375184283
93650,0.3526811731321615,,0.0,0.3526811731321615,0.80270325615
93655,0.35267740195578495,,0.0,0.35267740195578495,0.8020450438
93660,0.3526726814883821,,0.0,0.3526726814883821,0.79937643117
93665,0.35266684918728325,,0.0,0.35266684918728325,0.79592138757
93670,0.3526598923428293,,0.0,0.3526598923428293,0.79060342208
93675,0.352651869228466,,0.0,0.352651869228466,0.78594671435
93680,0.35264286908464343,,0.0,0.35264286908464343,0.78371492142
93685,0.3526329977039259,,0.0,0.3526329977039259,0.7837617454
93690,0.3526223658581539,,0.0,0.3526223658581539,0.78339655579
93695,0.35261120095700466,,0.0,0.35261120095700466,0.78264973898
93700,0.35259968132222363,,0.0,0.35259968132222363,0.78178833538
93705,0.35258788659949175,,0.0,0.35258788659949175,0.78157817984
93710,0.35257588547553503,,0.0,0.35257588547553503,0.7847659596
93715,0.35256387184654714,,0.0,0.35256387184654714,0.78762571764
93720,0.3525516942879678,,0.0,0.3525516942879678,0.78799352661
93725,0.3525392528504928,,0.0,0.3525392528504928,0.78801964123
93730,0.35252653257355754,,0.0,0.35252653257355754,0.7910779418
93735,0.35251352256641666,,0.0,0.35251352256641666,0.79603215264
93740,0.35250016503308923,,0.0,0.35250016503308923,0.80154515307
93745,0.35248657645225734,,0.0,0.35248657645225734,0.80456580034
93750,0.3524737083658528,,0.0,0.3524737083658528,0.80563961383
93755,0.3524612658825025,,0.0,0.3524612658825025,0.80326733091
93760,0.3524489836681799,,0.0,0.3524489836681799,0.8005579997
93765,0.3524369084007561,,0.0,0.3524369084007561,0.79787380827
93770,0.35242514109814727,,0.0,0.35242514109814727,0.79576322979
93775,0.3524136951293685,,0.0,0.3524136951293685,0.79220194434
93780,0.35240259041152416,,0.0,0.35240259041152416,0.78683326616
93785,0.35239192343798253,,0.0,0.35239192343798253,0.78299243521
93790,0.3523817899518102,,0.0,0.3523817899518102,0.77789471056
93795,0.35237227273631394,,0.0,0.35237227273631394,0.77229246811
93800,0.3523637092681824,,0.0,0.3523637092681824,0.76853471931
93805,0.352356356605385,,0.0,0.352356356605385,0.76589575545
93810,0.35235041182721416,,0.0,0.35235041182721416,0.76527707801
93815,0.35234600282603495,,0.0,0.35234600282603495,0.76621987564
93820,0.35234350723105445,,0.0,0.35234350723105445,0.76833675865
93825,0.35234289434810506,,0.0,0.35234289434810506,0.7702310278
93830,0.3523437838423456,,0.0,0.3523437838423456,0.77122605494
93835,0.35234583430368666,,0.0,0.35234583430368666,0.77166412383
93840,0.35234880286168524,,0.0,0.35234880286168524,0.77371000055
93845,0.352352464812298,,0.0,0.352352464812298,0.77488576533
93850,0.35235679446336987,,0.0,0.35235679446336987,0.77613161869
93855,0.3523619598143115,,0.0,0.3523619598143115,0.77626950751
93860,0.35236799456049794,,0.0,0.35236799456049794,0.77584904493
93865,0.35237482549065546,,0.0,0.35237482549065546,0.77546480686
93870,0.3523822718275051,,0.0,0.3523822718275051,0.77566497236
93875,0.3523900955661976,,0.0,0.3523900955661976,0.77629399647
93880,0.35239811588398123,,0.0,0.35239811588398123,0.77916090406
93885,0.3524062486561004,,0.0,0.3524062486561004,0.78195898854
93890,0.35241451880167185,,0.0,0.35241451880167185,0.78044878923
93895,0.3524229651090289,,0.0,0.3524229651090289,0.77863834141
93900,0.3524317676051486,,0.0,0.3524317676051486,0.77634268422
93905,0.3524411531085612,,0.0,0.3524411531085612,0.77436364894
93910,0.35245111820880376,,0.0,0.35245111820880376,0.77465359169
93915,0.352461540515725,,0.0,0.352461540515725,0.77643824864
93920,0.3524722312942988,,0.0,0.3524722312942988,0.7760268198
93925,0.3524830045151331,,0.0,0.3524830045151331,0.77297643485
93930,0.3524937654128275,,0.0,0.3524937654128275,0.77095798682
93935,0.35250445982922857,,0.0,0.35250445982922857,0.76911800738
93940,0.35251503738042855,,0.0,0.35251503738042855,0.76663421002
93945,0.35252546246119304,,0.0,0.35252546246119304,0.76556994434
93950,0.3525357142676974,,0.0,0.3525357142676974,0.76422839141
93955,0.35254584288827573,,0.0,0.35254584288827573,0.76290504974
93960,0.3525558805631724,,0.0,0.3525558805631724,0.76133268906
93965,0.3525657888678367,,0.0,0.3525657888678367,0.75985473542
93970,0.3525754439569865,,0.0,0.3525754439569865,0.75945698478
93975,0.3525848289829343,,0.0,0.3525848289829343,0.76089195288
93980,0.352593901110264,,0.0,0.352593901110264,0.76294904213
93985,0.35260239834720286,,0.0,0.35260239834720286,0.76320032281
93990,0.3526102144009853,,0.0,0.3526102144009853,0.76866112569
93995,0.35261729306717987,,0.0,0.35261729306717987,0.77775267956
94000,0.3526234873548286,,0.0,0.3526234873548286,0.78555583987
94005,0.3526287080234812,,0.0,0.3526287080234812,0.79084432579
94010,0.3526331763439813,,0.0,0.3526331763439813,0.7927935138
94015,0.35263780347837825,,0.0,0.35263780347837825,0.79361484049
94020,0.3526418150014553,,0.0,0.3526418150014553,0.79172985833
94025,0.3526451433405709,,0.0,0.3526451433405709,0.79043993743
94030,0.3526477952939148,,0.0,0.3526477952939148,0.78866935992
94035,0.3526497104735543,,0.0,0.3526497104735543,0.78449110146
94040,0.3526508171460829,,0.0,0.3526508171460829,0.78307748268
94045,0.35265111083242573,,0.0,0.35265111083242573,0.78195175397
94050,0.352650651784097,,0.0,0.352650651784097,0.77993712429
94055,0.35264951432645514,,0.0,0.35264951432645514,0.77760654561
94060,0.35264770512127136,,0.0,0.35264770512127136,0.77314961594
94065,0.3526454789983459,,0.0,0.3526454789983459,0.77094020245
94070,0.3526430467470327,,0.0,0.3526430467470327,0.77109381658
94075,0.35264056252026243,,0.0,0.35264056252026243,0.77284363215
94080,0.3526381103291085,,0.0,0.3526381103291085,0.77484448326
94085,0.3526360564118315,,0.0,0.3526360564118315,0.77805271808
94090,0.35263415762515116,,0.0,0.35263415762515116,0.77987703828
94095,0.35263205346038495,,0.0,0.35263205346038495,0.78194682058
94100,0.35262945377807164,,0.0,0.35262945377807164,0.78671688659
94105,0.35262618430354853,,0.0,0.35262618430354853,0.78969625401
94110,0.35262209315752713,,0.0,0.35262209315752713,0.79500424371
94115,0.3526172158770325,,0.0,0.3526172158770325,0.79863578657
94120,0.3526117765522246,,0.0,0.3526117765522246,0.79916065757
94125,0.35260587265413773,,0.0,0.35260587265413773,0.8008500485
94130,0.3525995207803589,,0.0,0.3525995207803589,0.80546357211
94135,0.35259264246750116,,0.0,0.35259264246750116,0.81250750349
94140,0.3525851187586128,,0.0,0.3525851187586128,0.81981636519
94145,0.35257687848869784,,0.0,0.35257687848869784,0.82696422062
94150,0.35256796678955077,,0.0,0.35256796678955077,0.83126350746
94155,0.35255850054910914,,0.0,0.35255850054910914,0.83087534222
94160,0.3525485680074206,,0.0,0.3525485680074206,0.83065521393
94165,0.3525385021848355,,0.0,0.3525385021848355,0.83069223704
94170,0.352528735118815,,0.0,0.352528735118815,0.83143891616
94175,0.35251930111861757,,0.0,0.35251930111861757,0.83482833823
94180,0.35251009680173945,,0.0,0.35251009680173945,0.83534372285
94185,0.35250102003617995,,0.0,0.35250102003617995,0.8338735613
94190,0.35249189140884546,,0.0,0.35249189140884546,0.83539599579
94195,0.35248259696479667,,0.0,0.35248259696479667,0.83766833188
94200,0.352473187610879,,0.0,0.352473187610879,0.83942128896
94205,0.3524637416513244,,0.0,0.3524637416513244,0.8408378856
94210,0.352454365788154,,0.0,0.352454365788154,0.8377081258
94215,0.3524451631992438,,0.0,0.3524451631992438,0.83271630257
94220,0.35243624306488475,,0.0,0.35243624306488475,0.83103133448
94225,0.3524277626074242,,0.0,0.3524277626074242,0.83183846018
94230,0.35241982780131786,,0.0,0.35241982780131786,0.83163884148
94235,0.3524124373960625,,0.0,0.3524124373960625,0.83140156326
94240,0.3524056111496076,,0.0,0.3524056111496076,0.8309024404
94245,0.3523994536722236,,0.0,0.3523994536722236,0.83392786329
94250,0.35239376999910516,,0.0,0.35239376999910516,0.83935154936
94255,0.3523884780972474,,0.0,0.3523884780972474,0.84700051656
94260,0.35238356950870175,,0.0,0.35238356950870175,0.85205879776
94265,0.35237904505197953,,0.0,0.35237904505197953,0.85580691453
94270,0.3523748335620847,,0.0,0.3523748335620847,0.85945609365
94275,0.3523710190728272,,0.0,0.3523710190728272,0.86093558522
94280,0.35236855003398576,,0.0,0.35236855003398576,0.85974663901
94285,0.3523669535280152,,0.0,0.3523669535280152,0.85981058336
94290,0.3523659328673652,,0.0,0.3523659328673652,0.86180193407
94295,0.35236552813634486,,0.0,0.35236552813634486,0.86246208299
94300,0.35236575368163564,,0.0,0.35236575368163564,0.86297275912
94305,0.3523665359736538,,0.0,0.3523665359736538,0.86340362346
94310,0.3523678288574658,,0.0,0.3523678288574658,0.86063679056
94315,0.3523696550922285,,0.0,0.3523696550922285,0.85527880186
94320,0.3523720932095381,,0.0,0.3523720932095381,0.85055279859
94325,0.35237512858987635,,0.0,0.35237512858987635,0.84719491356
94330,0.35237891445398056,,0.0,0.35237891445398056,0.84648777575
94335,0.3523837071322547,,0.0,0.3523837071322547,0.84794366619
94340,0.35238966421082896,,0.0,0.35238966421082896,0.84737015437
94345,0.3523968231365877,,0.0,0.3523968231365877,0.84737398548
94350,0.35240545076689783,,0.0,0.35240545076689783,0.84839289139
94355,0.3524155380299274,,0.0,0.3524155380299274,0.84815644808
94360,0.3524266816270507,,0.0,0.3524266816270507,0.84865037128
94365,0.3524384823521976,,0.0,0.3524384823521976,0.85136536748
94370,0.3524506584329096,,0.0,0.3524506584329096,0.85535982991
94375,0.352462984005586,,0.0,0.352462984005586,0.8612236134
94380,0.3524752941857057,,0.0,0.3524752941857057,0.8645138934
94385,0.3524877285294175,,0.0,0.3524877285294175,0.86689734712
94390,0.35250035085785353,,0.0,0.35250035085785353,0.86903985834
94395,0.3525131157663821,,0.0,0.3525131157663821,0.87386468385
94400,0.35252588920106837,,0.0,0.35252588920106837,0.88336709833
94405,0.35253843099710314,,0.0,0.35253843099710314,0.89008998407
94410,0.35255054664440955,,0.0,0.35255054664440955,0.89547362314
94415,0.3525621696844307,,0.0,0.3525621696844307,0.89986822214
94420,0.35257322913406197,,0.0,0.35257322913406197,0.90129292994
94425,0.3525836818850502,,0.0,0.3525836818850502,0.90179888006
94430,0.35259375864385356,,0.0,0.35259375864385356,0.90138290236
94435,0.352603781221767,,0.0,0.352603781221767,0.90524946722
94440,0.35261371912925066,,0.0,0.35261371912925066,0.90776928899
94445,0.35262338329023224,,0.0,0.35262338329023224,0.90871045043
94450,0.35263258265057074,,0.0,0.35263258265057074,0.90874645347
94455,0.3526410498526982,,0.0,0.3526410498526982,0.91186485574
94460,0.352648511559368,,0.0,0.352648511559368,0.9151920266
94465,0.35265486425165793,,0.0,0.35265486425165793,0.91656020907
94470,0.35266010447363205,,0.0,0.35266010447363205,0.9142175163
94475,0.35266428417801116,,0.0,0.35266428417801116,0.90726460536
94480,0.3526674799637956,,0.0,0.3526674799637956,0.89782182426
94485,0.352669765678879,,0.0,0.352669765678879,0.88917175865
94490,0.35267127219409744,,0.0,0.35267127219409744,0.88212580359
94495,0.35267211480583904,,0.0,0.35267211480583904,0.87913193583
94500,0.35267231759197293,,0.0,0.35267231759197293,0.87749193797
94505,0.3526718374669825,,0.0,0.3526718374669825,0.88101097941
94510,0.3526708253779629,,0.0,0.3526708253779629,0.88668698642
94515,0.35266908229028976,,0.0,0.35266908229028976,0.8916302911
94520,0.3526664512544527,,0.0,0.3526664512544527,0.89457081754
94525,0.35266287404247887,,0.0,0.35266287404247887,0.89542599282
94530,0.35265834865356344,,0.0,0.35265834865356344,0.8983757952
94535,0.352652818883275,,0.0,0.352652818883275,0.90044646527
94540,0.3526462526732607,,0.0,0.3526462526732607,0.90260572487
94545,0.3526391095720505,,0.0,0.3526391095720505,0.90231636185
94550,0.3526320241758754,,0.0,0.3526320241758754,0.90275709036
94555,0.3526241706069993,,0.0,0.3526241706069993,0.90353672768
94560,0.3526156339451074,,0.0,0.3526156339451074,0.90638887207
94565,0.3526064636191778,,0.0,0.3526064636191778,0.91103773595
94570,0.3525966577648241,,0.0,0.3525966577648241,0.91644036371
94575,0.35258619423677257,,0.0,0.35258619423677257,0.92094673871
94580,0.3525751276706417,,0.0,0.3525751276706417,0.92201284109
94585,0.35256363522861955,,0.0,0.35256363522861955,0.91966678722
94590,0.352551900120782,,0.0,0.352551900120782,0.91867164509
94595,0.3525400506260133,,0.0,0.3525400506260133,0.91580789764
94600,0.3525284739000806,,0.0,0.3525284739000806,0.91348554949
94605,0.3525174850697712,,0.0,0.3525174850697712,0.91358033911
94610,0.3525072337862046,,0.0,0.3525072337862046,0.91641767501
94615,0.3524978920958741,,0.0,0.3524978920958741,0.91816964406
94620,0.35248983960605557,,0.0,0.35248983960605557,0.91825215166
94625,0.3524827844265832,,0.0,0.3524827844265832,0.9192149904
94630,0.35247635186124826,,0.0,0.35247635186124826,0.92222865348
94635,0.3524702509748147,,0.0,0.3524702509748147,0.92679150625
94640,0.3524642955105263,,0.0,0.3524642955105263,0.93215726604
94645,0.35245831135287536,,0.0,0.35245831135287536,0.93316098984
94650,0.35245240979663983,,0.0,0.35245240979663983,0.93137799349
94655,0.35244672512311886,,0.0,0.35244672512311886,0.93753284903
94660,0.3524413005997206,,0.0,0.3524413005997206,0.94665886418
94665,0.35243611230773075,,0.0,0.35243611230773075,0.9537418385
94670,0.35243100061474136,,0.0,0.35243100061474136,0.95874541407
94675,0.3524258106402564,,0.0,0.3524258106402564,0.96147696601
94680,0.3524205016860833,,0.0,0.3524205016860833,0.96204599863
94685,0.352415126909973,,0.0,0.352415126909973,0.9637607156
94690,0.35240975338436575,,0.0,0.35240975338436575,0.96504589031
94695,0.3524044617326086,,0.0,0.3524044617326086,0.9657250559
94700,0.35239951265049824,,0.0,0.35239951265049824,0.96467245691
94705,0.3523952956356532,,0.0,0.3523952956356532,0.96495951093
94710,0.3523918731222841,,0.0,0.3523918731222841,0.96383994816
94715,0.3523891446154126,,0.0,0.3523891446154126,0.96603035843
94720,0.3523869870427948,,0.0,0.3523869870427948,0.96895149715
94725,0.35238522274204137,,0.0,0.35238522274204137,0.97017580628
94730,0.35238376713366826,,0.0,0.35238376713366826,0.9715312686
94735,0.35238267176114063,,0.0,0.35238267176114063,0.97306489931
94740,0.3523820478737637,,0.0,0.3523820478737637,0.97102837854
94745,0.3523820117001188,,0.0,0.3523820117001188,0.96613104137
94750,0.35238265332190366,,0.0,0.35238265332190366,0.95945531918
94755,0.352384056704719,,0.0,0.352384056704719,0.95793903746
94760,0.35238633089243726,,0.0,0.35238633089243726,0.9558565389
94765,0.35238951601484053,,0.0,0.35238951601484053,0.95810471948
94770,0.35239353567755605,,0.0,0.35239353567755605,0.96127144201
94775,0.35239829743429846,,0.0,0.35239829743429846,0.96478782571
94780,0.35240384171042316,,0.0,0.35240384171042316,0.96861248252
94785,0.35240989394091693,,0.0,0.35240989394091693,0.97254529626
94790,0.3524162888547397,,0.0,0.3524162888547397,0.97450375833
94795,0.3524229282760278,,0.0,0.3524229282760278,0.97507700036
94800,0.3524297189172483,,0.0,0.3524297189172483,0.9765380655
94805,0.35243647954639373,,0.0,0.35243647954639373,0.97841202093
94810,0.3524431788554133,,0.0,0.3524431788554133,0.97789011467
94815,0.3524504756548257,,0.0,0.3524504756548257,0.97626080435
94820,0.3524584060045936,,0.0,0.3524584060045936,0.97459097197
94825,0.3524665292274162,,0.0,0.3524665292274162,0.97579770089
94830,0.3524748699241003,,0.0,0.3524748699241003,0.98032689127
94835,0.3524834281401188,,0.0,0.3524834281401188,0.98443983637
94840,0.3524921371213412,,0.0,0.3524921371213412,0.98611648338
94845,0.3525009875003623,,0.0,0.3525009875003623,0.98660121816
94850,0.35251003520877644,,0.0,0.35251003520877644,0.98349620984
94855,0.35251933956590453,,0.0,0.35251933956590453,0.98036415368
94860,0.3525288439353233,,0.0,0.3525288439353233,0.97904108506
94865,0.35253874498706944,,0.0,0.35253874498706944,0.97712968809
94870,0.35254929134390056,,0.0,0.35254929134390056,0.97621133948
94875,0.3525605280921384,,0.0,0.3525605280921384,0.97491135985
94880,0.35257241776216214,,0.0,0.35257241776216214,0.97310836248
94885,0.3525850630771192,,0.0,0.3525850630771192,0.97504148511
94890,0.35259851310220497,,0.0,0.35259851310220497,0.97767242637
94895,0.3526123255230961,,0.0,0.3526123255230961,0.98092377131
94900,0.35262597046751426,,0.0,0.35262597046751426,0.98365993415
94905,0.35263902064991015,,0.0,0.35263902064991015,0.9849239604
94910,0.35265113891190497,,0.0,0.35265113891190497,0.98545987776
94915,0.3526621421343685,,0.0,0.3526621421343685,0.9834195095
94920,0.3526721179207286,,0.0,0.3526721179207286,0.9814525876
94925,0.3526810547890931,,0.0,0.3526810547890931,0.98646146949
94930,0.3526889061298001,,0.0,0.3526889061298001,0.99201175713
94935,0.3526954973498769,,0.0,0.3526954973498769,0.99528619651
94940,0.3527005970152998,,0.0,0.3527005970152998,0.99855843299
94945,0.3527040665475864,,0.0,0.3527040665475864,1.0016803088
94950,0.35270587895860545,,0.0,0.35270587895860545,1.0064408225
94955,0.3527060701036921,,0.0,0.3527060701036921,1.0077196014
94960,0.35270470939713794,,0.0,0.35270470939713794,1.0055868086
94965,0.35270184722285064,,0.0,0.35270184722285064,1.0050378342
94970,0.35269766806414565,,0.0,0.35269766806414565,1.0082858866
94975,0.35269245905927676,,0.0,0.35269245905927676,1.0109576909
94980,0.3526863157012099,,0.0,0.3526863157012099,1.0092868501
94985,0.35267922136962154,,0.0,0.35267922136962154,1.0080904937
94990,0.35267112006470824,,0.0,0.35267112006470824,1.0076132021
94995,0.35266199700779677,,0.0,0.35266199700779677,1.0089423668
95000,0.35265196763169365,,0.0,0.35265196763169365,1.0112599932
