FoamFile
{
    version     2.0;
    format      ascii;
    class       dictionary;
    object      blockMeshDict;
}
// Generated by aether.cfd - do not edit by hand. Regenerate from the run config.

scale 1;

vertices
(
    (0 0 -0.03)
    (-0.186558922239 1.03729473884e-16 -0.03)
    (0 0 0)
    (-0.186558922239 1.03729473884e-16 0)
    (0.00398755291654 0.0594877280297 -0.03)
    (-0.182613657627 0.0763971065011 -0.03)
    (0.00398755291654 0.0594877280297 0)
    (-0.182613657627 0.0763971065011 0)
    (0.0158788444031 0.117911074333 -0.03)
    (-0.170986878803 0.152093980955 -0.03)
    (0.0158788444031 0.117911074333 0)
    (-0.170986878803 0.152093980955 0)
    (0.0354611102054 0.174224704278 -0.03)
    (-0.152238368971 0.226548107337 -0.03)
    (0.0354611102054 0.174224704278 0)
    (-0.152238368971 0.226548107337 0)
    (0.0623839759907 0.227421031193 -0.03)
    (-0.127112760945 0.299478416906 -0.03)
    (0.0623839759907 0.227421031193 0)
    (-0.127112760945 0.299478416906 0)
    (0.0961657263954 0.276548244523 -0.03)
    (-0.0963512538445 0.370897176673 -0.03)
    (0.0961657263954 0.276548244523 0)
    (-0.0963512538445 0.370897176673 0)
    (0.136201924081 0.320727340012 -0.03)
    (-0.060540859833 0.441090215904 -0.03)
    (0.136201924081 0.320727340012 0)
    (-0.060540859833 0.441090215904 0)
    (0.181776224579 0.359167847211 -0.03)
    (-0.0200180968377 0.510580040477 -0.03)
    (0.181776224579 0.359167847211 0)
    (-0.0200180968377 0.510580040477 0)
    (0.232073193431 0.39118197289 -0.03)
    (0.0251886935347 0.580100363401 -0.03)
    (0.232073193431 0.39118197289 0)
    (0.0251886935347 0.580100363401 0)
    (0.285309940668 0.418117239857 -0.03)
    (0.0760013792857 0.651400774726 -0.03)
    (0.285309940668 0.418117239857 0)
    (0.0760013792857 0.651400774726 0)
    (0.33868240754 0.444788976635 -0.03)
    (0.134442997674 0.727109515162 -0.03)
    (0.33868240754 0.444788976635 0)
    (0.134442997674 0.727109515162 0)
    (0.392054874412 0.471460713414 -0.03)
    (0.200872590365 0.807281825603 -0.03)
    (0.392054874412 0.471460713414 0)
    (0.200872590365 0.807281825603 0)
    (0.445427341284 0.498132450192 -0.03)
    (0.275468989458 0.891854708598 -0.03)
    (0.445427341284 0.498132450192 0)
    (0.275468989458 0.891854708598 0)
    (0.498799808157 0.52480418697 -0.03)
    (0.358341567719 0.980789441481 -0.03)
    (0.498799808157 0.52480418697 0)
    (0.358341567719 0.980789441481 0)
    (0.552172275029 0.551475923749 -0.03)
    (0.449556771966 1.07408181338 -0.03)
    (0.552172275029 0.551475923749 0)
    (0.449556771966 1.07408181338 0)
    (0.605544741901 0.578147660527 -0.03)
    (0.549163399582 1.17176796892 -0.03)
    (0.605544741901 0.578147660527 0)
    (0.549163399582 1.17176796892 0)
    (0.660456510752 0.6 -0.03)
    (0.660456510752 1.27694073047 -0.03)
    (0.660456510752 0.6 0)
    (0.660456510752 1.27694073047 0)
);

blocks
(
    hex (0 4 5 1 2 6 7 3) (4 48 1) simpleGrading (1 4 1)
    hex (4 8 9 5 6 10 11 7) (4 48 1) simpleGrading (1 4 1)
    hex (8 12 13 9 10 14 15 11) (4 48 1) simpleGrading (1 4 1)
    hex (12 16 17 13 14 18 19 15) (4 48 1) simpleGrading (1 4 1)
    hex (16 20 21 17 18 22 23 19) (4 48 1) simpleGrading (1 4 1)
    hex (20 24 25 21 22 26 27 23) (4 48 1) simpleGrading (1 4 1)
    hex (24 28 29 25 26 30 31 27) (4 48 1) simpleGrading (1 4 1)
    hex (28 32 33 29 30 34 35 31) (4 48 1) simpleGrading (1 4 1)
    hex (32 36 37 33 34 38 39 35) (4 48 1) simpleGrading (1 4 1)
    hex (36 40 41 37 38 42 43 39) (4 48 1) simpleGrading (1 4 1)
    hex (40 44 45 41 42 46 47 43) (4 48 1) simpleGrading (1 4 1)
    hex (44 48 49 45 46 50 51 47) (4 48 1) simpleGrading (1 4 1)
    hex (48 52 53 49 50 54 55 51) (4 48 1) simpleGrading (1 4 1)
    hex (52 56 57 53 54 58 59 55) (4 48 1) simpleGrading (1 4 1)
    hex (56 60 61 57 58 62 63 59) (4 48 1) simpleGrading (1 4 1)
    hex (60 64 65 61 62 66 67 63) (4 48 1) simpleGrading (1 4 1)
);

edges
(
    polyLine 0 4 ((1.14756944962e-06 0.0010114336814 -0.03) (4.59027188943e-06 0.0020228621547 -0.03) (1.03280895921e-05 0.0030342802118 -0.03) (1.83609930123e-05 0.00404568264469 -0.03) (2.86889407867e-05 0.00505706424542 -0.03) (4.13118797344e-05 0.00606841980614 -0.03) (5.62297448568e-05 0.00707974411915 -0.03) (7.34424593384e-05 0.00809103197691 -0.03) (9.29499345469e-05 0.00910227817206 -0.03) (0.000114752070034 0.0101134774975 -0.03) (0.000138848753535 0.0111246247462 -0.03) (0.00016523986097 0.0121357147117 -0.03) (0.000193925256447 0.0131467421875 -0.03) (0.000224904792256 0.0141577019677 -0.03) (0.000258178308877 0.0151685888465 -0.03) (0.000293745634977 0.0161793976188 -0.03) (0.000331606587412 0.0171901230796 -0.03) (0.000371760971226 0.0182007600244 -0.03) (0.000414208579656 0.0192113032493 -0.03) (0.000458949194128 0.0202217475507 -0.03) (0.000505982584263 0.0212320877256 -0.03) (0.000555308507875 0.0222423185715 -0.03) (0.000606926710973 0.0232524348865 -0.03) (0.000660836927763 0.0242624314694 -0.03) (0.000717038880649 0.0252723031193 -0.03) (0.000775532280234 0.0262820446362 -0.03) (0.000836316825322 0.0272916508207 -0.03) (0.000899392202918 0.0283011164742 -0.03) (0.000964758088234 0.0293104363986 -0.03) (0.00103241414468 0.0303196053968 -0.03) (0.00110236002389 0.0313286182722 -0.03) (0.00117459536569 0.0323374698292 -0.03) (0.00124911979812 0.0333461548731 -0.03) (0.00132593293745 0.0343546682099 -0.03) (0.00140503438813 0.0353630046465 -0.03) (0.00148642374286 0.0363711589906 -0.03) (0.00157010058255 0.0373791260513 -0.03) (0.00165606447633 0.038386900638 -0.03) (0.00174431498154 0.0393944775617 -0.03) (0.00183485164377 0.040401851634 -0.03) (0.00192767399681 0.0414090176678 -0.03) (0.00202278156272 0.0424159704769 -0.03) (0.00212017385174 0.0434227048762 -0.03) (0.0022198503624 0.0444292156819 -0.03) (0.00232181058143 0.0454354977113 -0.03) (0.00242605398382 0.0464415457826 -0.03) (0.00253258003278 0.0474473547156 -0.03) (0.0026413881798 0.0484529193311 -0.03) (0.0027524778646 0.0494582344512 -0.03) (0.00286584851514 0.0504632948993 -0.03) (0.00298149954767 0.0514680955002 -0.03) (0.00309943036665 0.0524726310798 -0.03) (0.00321964036484 0.0534768964656 -0.03) (0.00334212892326 0.0544808864864 -0.03) (0.00346689541117 0.0554845959724 -0.03) (0.00359393918612 0.0564880197553 -0.03) (0.00372325959395 0.0574911526681 -0.03) (0.00385485596874 0.0584939895457 -0.03))
    polyLine 2 6 ((1.14756944962e-06 0.0010114336814 0) (4.59027188943e-06 0.0020228621547 0) (1.03280895921e-05 0.0030342802118 0) (1.83609930123e-05 0.00404568264469 0) (2.86889407867e-05 0.00505706424542 0) (4.13118797344e-05 0.00606841980614 0) (5.62297448568e-05 0.00707974411915 0) (7.34424593384e-05 0.00809103197691 0) (9.29499345469e-05 0.00910227817206 0) (0.000114752070034 0.0101134774975 0) (0.000138848753535 0.0111246247462 0) (0.00016523986097 0.0121357147117 0) (0.000193925256447 0.0131467421875 0) (0.000224904792256 0.0141577019677 0) (0.000258178308877 0.0151685888465 0) (0.000293745634977 0.0161793976188 0) (0.000331606587412 0.0171901230796 0) (0.000371760971226 0.0182007600244 0) (0.000414208579656 0.0192113032493 0) (0.000458949194128 0.0202217475507 0) (0.000505982584263 0.0212320877256 0) (0.000555308507875 0.0222423185715 0) (0.000606926710973 0.0232524348865 0) (0.000660836927763 0.0242624314694 0) (0.000717038880649 0.0252723031193 0) (0.000775532280234 0.0262820446362 0) (0.000836316825322 0.0272916508207 0) (0.000899392202918 0.0283011164742 0) (0.000964758088234 0.0293104363986 0) (0.00103241414468 0.0303196053968 0) (0.00110236002389 0.0313286182722 0) (0.00117459536569 0.0323374698292 0) (0.00124911979812 0.0333461548731 0) (0.00132593293745 0.0343546682099 0) (0.00140503438813 0.0353630046465 0) (0.00148642374286 0.0363711589906 0) (0.00157010058255 0.0373791260513 0) (0.00165606447633 0.038386900638 0) (0.00174431498154 0.0393944775617 0) (0.00183485164377 0.040401851634 0) (0.00192767399681 0.0414090176678 0) (0.00202278156272 0.0424159704769 0) (0.00212017385174 0.0434227048762 0) (0.0022198503624 0.0444292156819 0) (0.00232181058143 0.0454354977113 0) (0.00242605398382 0.0464415457826 0) (0.00253258003278 0.0474473547156 0) (0.0026413881798 0.0484529193311 0) (0.0027524778646 0.0494582344512 0) (0.00286584851514 0.0504632948993 0) (0.00298149954767 0.0514680955002 0) (0.00309943036665 0.0524726310798 0) (0.00321964036484 0.0534768964656 0) (0.00334212892326 0.0544808864864 0) (0.00346689541117 0.0554845959724 0) (0.00359393918612 0.0564880197553 0) (0.00372325959395 0.0574911526681 0) (0.00385485596874 0.0584939895457 0))
    polyLine 1 5 ((-0.186552036533 0.0031893872482 -0.03) (-0.18653138018 0.00637870937688 -0.03) (-0.186496955477 0.00956790129089 -0.03) (-0.186448766252 0.0127568979439 -0.03) (-0.186386817861 0.0159456343626 -0.03) (-0.186311117183 0.0191340456711 -0.03) (-0.186221672619 0.0223220671151 -0.03) (-0.186118494084 0.0255096340859 -0.03) (-0.186001593003 0.0286966821446 -0.03) (-0.185870982306 0.0318831470456 -0.03) (-0.185726676415 0.0350689647607 -0.03) (-0.18556869124 0.0382540715024 -0.03) (-0.185397044169 0.0414384037471 -0.03) (-0.185211754054 0.0446218982586 -0.03) (-0.185012841207 0.0478044921108 -0.03) (-0.18480032738 0.0509861227104 -0.03) (-0.184574235758 0.054166727819 -0.03) (-0.184334590945 0.0573462455759 -0.03) (-0.184081418945 0.0605246145193 -0.03) (-0.183814747153 0.0637017736082 -0.03) (-0.183534604335 0.0668776622435 -0.03) (-0.183241020614 0.0700522202888 -0.03) (-0.182934027451 0.0732253880912 -0.03))
    polyLine 3 7 ((-0.186552036533 0.0031893872482 0) (-0.18653138018 0.00637870937688 0) (-0.186496955477 0.00956790129089 0) (-0.186448766252 0.0127568979439 0) (-0.186386817861 0.0159456343626 0) (-0.186311117183 0.0191340456711 0) (-0.186221672619 0.0223220671151 0) (-0.186118494084 0.0255096340859 0) (-0.186001593003 0.0286966821446 0) (-0.185870982306 0.0318831470456 0) (-0.185726676415 0.0350689647607 0) (-0.18556869124 0.0382540715024 0) (-0.185397044169 0.0414384037471 0) (-0.185211754054 0.0446218982586 0) (-0.185012841207 0.0478044921108 0) (-0.18480032738 0.0509861227104 0) (-0.184574235758 0.054166727819 0) (-0.184334590945 0.0573462455759 0) (-0.184081418945 0.0605246145193 0) (-0.183814747153 0.0637017736082 0) (-0.183534604335 0.0668776622435 0) (-0.183241020614 0.0700522202888 0) (-0.182934027451 0.0732253880912 0))
    polyLine 4 8 ((0.00398872763288 0.059496525224 -0.03) (0.00412487389703 0.0604987545409 -0.03) (0.00426329406014 0.0615006723355 -0.03) (0.00440398740946 0.0625022734488 -0.03) (0.00454695322051 0.0635035527234 -0.03) (0.00469219075715 0.0645045050034 -0.03) (0.00483969927149 0.0655051251346 -0.03) (0.004989478004 0.0665054079646 -0.03) (0.00514152618342 0.0675053483428 -0.03) (0.00529584302682 0.0685049411202 -0.03) (0.00545242773959 0.0695041811497 -0.03) (0.00561127951544 0.0705030632859 -0.03) (0.00577239753639 0.0715015823854 -0.03) (0.00593578097283 0.0724997333066 -0.03) (0.00610142898345 0.0734975109098 -0.03) (0.00626934071528 0.0744949100571 -0.03) (0.00643951530371 0.0754919256128 -0.03) (0.00661195187248 0.0764885524429 -0.03) (0.00678664953367 0.0774847854157 -0.03) (0.00696360738771 0.0784806194012 -0.03) (0.00714282452341 0.0794760492717 -0.03) (0.00732430001794 0.0804710699014 -0.03) (0.00750803293685 0.0814656761669 -0.03) (0.00769402233404 0.0824598629466 -0.03) (0.00788226725181 0.0834536251212 -0.03) (0.00807276672085 0.0844469575737 -0.03) (0.00826551976023 0.0854398551891 -0.03) (0.00846052537742 0.0864323128547 -0.03) (0.00865778256829 0.0874243254602 -0.03) (0.00885729031712 0.0884158878974 -0.03) (0.00905904759659 0.0894069950606 -0.03) (0.00926305336782 0.0903976418464 -0.03) (0.00946930658032 0.0913878231536 -0.03) (0.00967780617205 0.0923775338835 -0.03) (0.0098885510694 0.0933667689401 -0.03) (0.0101015401872 0.0943555232293 -0.03) (0.0103167724287 0.0953437916599 -0.03) (0.0105342466856 0.0963315691432 -0.03) (0.0107539618382 0.0973188505927 -0.03) (0.010975916755 0.0983056309247 -0.03) (0.0112001102931 0.0992919050581 -0.03) (0.0114265412981 0.100277667914 -0.03) (0.0116552086042 0.101262914418 -0.03) (0.0118861110337 0.102247639494 -0.03) (0.0121192473978 0.103231838074 -0.03) (0.0123546164959 0.104215505089 -0.03) (0.0125922171162 0.105198635474 -0.03) (0.012832048035 0.106181224167 -0.03) (0.0130741080176 0.107163266108 -0.03) (0.0133183958174 0.10814475624 -0.03) (0.0135649101766 0.10912568951 -0.03) (0.0138136498259 0.110106060866 -0.03) (0.0140646134843 0.11108586526 -0.03) (0.0143177998596 0.112065097647 -0.03) (0.0145732076481 0.113043752985 -0.03) (0.0148308355347 0.114021826234 -0.03) (0.0150906821928 0.114999312358 -0.03) (0.0153527462843 0.115976206324 -0.03) (0.0156170264599 0.116952503102 -0.03))
    polyLine 6 10 ((0.00398872763288 0.059496525224 0) (0.00412487389703 0.0604987545409 0) (0.00426329406014 0.0615006723355 0) (0.00440398740946 0.0625022734488 0) (0.00454695322051 0.0635035527234 0) (0.00469219075715 0.0645045050034 0) (0.00483969927149 0.0655051251346 0) (0.004989478004 0.0665054079646 0) (0.00514152618342 0.0675053483428 0) (0.00529584302682 0.0685049411202 0) (0.00545242773959 0.0695041811497 0) (0.00561127951544 0.0705030632859 0) (0.00577239753639 0.0715015823854 0) (0.00593578097283 0.0724997333066 0) (0.00610142898345 0.0734975109098 0) (0.00626934071528 0.0744949100571 0) (0.00643951530371 0.0754919256128 0) (0.00661195187248 0.0764885524429 0) (0.00678664953367 0.0774847854157 0) (0.00696360738771 0.0784806194012 0) (0.00714282452341 0.0794760492717 0) (0.00732430001794 0.0804710699014 0) (0.00750803293685 0.0814656761669 0) (0.00769402233404 0.0824598629466 0) (0.00788226725181 0.0834536251212 0) (0.00807276672085 0.0844469575737 0) (0.00826551976023 0.0854398551891 0) (0.00846052537742 0.0864323128547 0) (0.00865778256829 0.0874243254602 0) (0.00885729031712 0.0884158878974 0) (0.00905904759659 0.0894069950606 0) (0.00926305336782 0.0903976418464 0) (0.00946930658032 0.0913878231536 0) (0.00967780617205 0.0923775338835 0) (0.0098885510694 0.0933667689401 0) (0.0101015401872 0.0943555232293 0) (0.0103167724287 0.0953437916599 0) (0.0105342466856 0.0963315691432 0) (0.0107539618382 0.0973188505927 0) (0.010975916755 0.0983056309247 0) (0.0112001102931 0.0992919050581 0) (0.0114265412981 0.100277667914 0) (0.0116552086042 0.101262914418 0) (0.0118861110337 0.102247639494 0) (0.0121192473978 0.103231838074 0) (0.0123546164959 0.104215505089 0) (0.0125922171162 0.105198635474 0) (0.012832048035 0.106181224167 0) (0.0130741080176 0.107163266108 0) (0.0133183958174 0.10814475624 0) (0.0135649101766 0.10912568951 0) (0.0138136498259 0.110106060866 0) (0.0140646134843 0.11108586526 0) (0.0143177998596 0.112065097647 0) (0.0145732076481 0.113043752985 0) (0.0148308355347 0.114021826234 0) (0.0150906821928 0.114999312358 0) (0.0153527462843 0.115976206324 0) (0.0156170264599 0.116952503102 0))
    polyLine 5 9 ((-0.182279246788 0.0795738202603 -0.03) (-0.181931474148 0.0827489613646 -0.03) (-0.181570376564 0.0859224719392 -0.03) (-0.18119599215 0.0890942946942 -0.03) (-0.180808360248 0.0922643729432 -0.03) (-0.18040752141 0.0954326506214 -0.03) (-0.179993517377 0.0985990723025 -0.03) (-0.17956639105 0.101763583216 -0.03) (-0.179126186474 0.104926129265 -0.03) (-0.178672948809 0.10808665704 -0.03) (-0.178206724308 0.111245113835 -0.03) (-0.177727560292 0.114401447664 -0.03) (-0.177235505122 0.117555607276 -0.03) (-0.176730608177 0.120707542165 -0.03) (-0.176212919829 0.12385720259 -0.03) (-0.17568249141 0.127004539583 -0.03) (-0.175139375195 0.130149504962 -0.03) (-0.174583624368 0.133292051347 -0.03) (-0.174015292995 0.136432132166 -0.03) (-0.173434436004 0.139569701673 -0.03) (-0.172841109148 0.142704714951 -0.03) (-0.172235368984 0.145837127928 -0.03) (-0.171617272844 0.148966897383 -0.03))
    polyLine 7 11 ((-0.182279246788 0.0795738202603 0) (-0.181931474148 0.0827489613646 0) (-0.181570376564 0.0859224719392 0) (-0.18119599215 0.0890942946942 0) (-0.180808360248 0.0922643729432 0) (-0.18040752141 0.0954326506214 0) (-0.179993517377 0.0985990723025 0) (-0.17956639105 0.101763583216 0) (-0.179126186474 0.104926129265 0) (-0.178672948809 0.10808665704 0) (-0.178206724308 0.111245113835 0) (-0.177727560292 0.114401447664 0) (-0.177235505122 0.117555607276 0) (-0.176730608177 0.120707542165 0) (-0.176212919829 0.12385720259 0) (-0.17568249141 0.127004539583 0) (-0.175139375195 0.130149504962 0) (-0.174583624368 0.133292051347 0) (-0.174015292995 0.136432132166 0) (-0.173434436004 0.139569701673 0) (-0.172841109148 0.142704714951 0) (-0.172235368984 0.145837127928 0) (-0.171617272844 0.148966897383 0))
    polyLine 8 12 ((0.0158835213586 0.117928197664 -0.03) (0.0161522296083 0.118903284985 -0.03) (0.0164231498253 0.119877760047 -0.03) (0.0166962806145 0.120851617829 -0.03) (0.0169716205697 0.121824853319 -0.03) (0.0172491682728 0.122797461504 -0.03) (0.0175289222949 0.123769437376 -0.03) (0.0178108811954 0.12474077593 -0.03) (0.0180950435224 0.125711472165 -0.03) (0.0183814078127 0.126681521082 -0.03) (0.0186699725917 0.127650917687 -0.03) (0.0189607363736 0.128619656987 -0.03) (0.0192536976611 0.129587733995 -0.03) (0.0195488549458 0.130555143725 -0.03) (0.0198462067077 0.131521881197 -0.03) (0.0201457514158 0.132487941431 -0.03) (0.0204474875276 0.133453319454 -0.03) (0.0207514134895 0.134418010295 -0.03) (0.0210575277363 0.135382008986 -0.03) (0.021365828692 0.136345310564 -0.03) (0.0216763147689 0.137307910068 -0.03) (0.0219889843683 0.138269802541 -0.03) (0.0223038358802 0.139230983031 -0.03) (0.0226208676833 0.140191446588 -0.03) (0.0229400781453 0.141151188267 -0.03) (0.0232614656223 0.142110203125 -0.03) (0.0235850284594 0.143068486225 -0.03) (0.0239107649907 0.144026032632 -0.03) (0.0242386735388 0.144982837415 -0.03) (0.0245687524152 0.145938895647 -0.03) (0.0249009999202 0.146894202407 -0.03) (0.0252354143431 0.147848752773 -0.03) (0.0255719939619 0.148802541832 -0.03) (0.0259107370434 0.149755564672 -0.03) (0.0262516418433 0.150707816386 -0.03) (0.0265947066064 0.15165929207 -0.03) (0.026939929566 0.152609986825 -0.03) (0.0272873089445 0.153559895755 -0.03) (0.0276368429532 0.15450901397 -0.03) (0.0279885297922 0.155457336582 -0.03) (0.0283423676507 0.156404858707 -0.03) (0.0286983547066 0.157351575468 -0.03) (0.0290564891268 0.158297481989 -0.03) (0.0294167690674 0.159242573399 -0.03) (0.029779192673 0.160186844832 -0.03) (0.0301437580775 0.161130291425 -0.03) (0.0305104634037 0.162072908321 -0.03) (0.0308793067633 0.163014690666 -0.03) (0.0312502862571 0.16395563361 -0.03) (0.0316233999747 0.164895732308 -0.03) (0.0319986459949 0.16583498192 -0.03) (0.0323760223856 0.166773377608 -0.03) (0.0327555272035 0.167710914542 -0.03) (0.0331371584944 0.168647587893 -0.03) (0.0335209142933 0.169583392838 -0.03) (0.033906792624 0.170518324559 -0.03) (0.0342947914997 0.171452378241 -0.03) (0.0346849089224 0.172385549075 -0.03) (0.0350771428833 0.173317832256 -0.03))
    polyLine 10 14 ((0.0158835213586 0.117928197664 0) (0.0161522296083 0.118903284985 0) (0.0164231498253 0.119877760047 0) (0.0166962806145 0.120851617829 0) (0.0169716205697 0.121824853319 0) (0.0172491682728 0.122797461504 0) (0.0175289222949 0.123769437376 0) (0.0178108811954 0.12474077593 0) (0.0180950435224 0.125711472165 0) (0.0183814078127 0.126681521082 0) (0.0186699725917 0.127650917687 0) (0.0189607363736 0.128619656987 0) (0.0192536976611 0.129587733995 0) (0.0195488549458 0.130555143725 0) (0.0198462067077 0.131521881197 0) (0.0201457514158 0.132487941431 0) (0.0204474875276 0.133453319454 0) (0.0207514134895 0.134418010295 0) (0.0210575277363 0.135382008986 0) (0.021365828692 0.136345310564 0) (0.0216763147689 0.137307910068 0) (0.0219889843683 0.138269802541 0) (0.0223038358802 0.139230983031 0) (0.0226208676833 0.140191446588 0) (0.0229400781453 0.141151188267 0) (0.0232614656223 0.142110203125 0) (0.0235850284594 0.143068486225 0) (0.0239107649907 0.144026032632 0) (0.0242386735388 0.144982837415 0) (0.0245687524152 0.145938895647 0) (0.0249009999202 0.146894202407 0) (0.0252354143431 0.147848752773 0) (0.0255719939619 0.148802541832 0) (0.0259107370434 0.149755564672 0) (0.0262516418433 0.150707816386 0) (0.0265947066064 0.15165929207 0) (0.026939929566 0.152609986825 0) (0.0272873089445 0.153559895755 0) (0.0276368429532 0.15450901397 0) (0.0279885297922 0.155457336582 0) (0.0283423676507 0.156404858707 0) (0.0286983547066 0.157351575468 0) (0.0290564891268 0.158297481989 0) (0.0294167690674 0.159242573399 0) (0.029779192673 0.160186844832 0) (0.0301437580775 0.161130291425 0) (0.0305104634037 0.162072908321 0) (0.0308793067633 0.163014690666 0) (0.0312502862571 0.16395563361 0) (0.0316233999747 0.164895732308 0) (0.0319986459949 0.16583498192 0) (0.0323760223856 0.166773377608 0) (0.0327555272035 0.167710914542 0) (0.0331371584944 0.168647587893 0) (0.0335209142933 0.169583392838 0) (0.033906792624 0.170518324559 0) (0.0342947914997 0.171452378241 0) (0.0346849089224 0.172385549075 0) (0.0350771428833 0.173317832256 0))
    polyLine 9 13 ((-0.170341549396 0.155231316343 -0.03) (-0.169683939172 0.158365860524 -0.03) (-0.169014109035 0.161497573279 -0.03) (-0.168332120535 0.164626415297 -0.03) (-0.167638035835 0.167752348179 -0.03) (-0.166931917686 0.170875334448 -0.03) (-0.166213829396 0.17399533755 -0.03) (-0.165483834803 0.177112321864 -0.03) (-0.164741998244 0.180226252702 -0.03) (-0.163988384531 0.183337096317 -0.03) (-0.163223058918 0.186444819904 -0.03) (-0.162446087075 0.189549391602 -0.03) (-0.161657535058 0.192650780503 -0.03) (-0.160857469285 0.195748956645 -0.03) (-0.160045956505 0.198843891023 -0.03) (-0.15922306377 0.201935555582 -0.03) (-0.158388858411 0.205023923225 -0.03) (-0.157543408008 0.208108967809 -0.03) (-0.156686780364 0.211190664145 -0.03) (-0.15581904348 0.214268988002 -0.03) (-0.154940265526 0.2173439161 -0.03) (-0.154050514818 0.220415426113 -0.03) (-0.153149859791 0.223483496667 -0.03))
    polyLine 11 15 ((-0.170341549396 0.155231316343 0) (-0.169683939172 0.158365860524 0) (-0.169014109035 0.161497573279 0) (-0.168332120535 0.164626415297 0) (-0.167638035835 0.167752348179 0) (-0.166931917686 0.170875334448 0) (-0.166213829396 0.17399533755 0) (-0.165483834803 0.177112321864 0) (-0.164741998244 0.180226252702 0) (-0.163988384531 0.183337096317 0) (-0.163223058918 0.186444819904 0) (-0.162446087075 0.189549391602 0) (-0.161657535058 0.192650780503 0) (-0.160857469285 0.195748956645 0) (-0.160045956505 0.198843891023 0) (-0.15922306377 0.201935555582 0) (-0.158388858411 0.205023923225 0) (-0.157543408008 0.208108967809 0) (-0.156686780364 0.211190664145 0) (-0.15581904348 0.214268988002 0) (-0.154940265526 0.2173439161 0) (-0.154050514818 0.220415426113 0) (-0.153149859791 0.223483496667 0))
    polyLine 12 16 ((0.0354714913627 0.174249222983 -0.03) (0.03586795233 0.175179716459 -0.03) (0.0362665237438 0.176109307895 -0.03) (0.0366672035517 0.177037992502 -0.03) (0.0370699896905 0.1779657655 -0.03) (0.0374748800862 0.17889262211 -0.03) (0.0378818726539 0.179818557561 -0.03) (0.0382909652979 0.180743567084 -0.03) (0.0387021559116 0.181667645916 -0.03) (0.0391154423779 0.182590789299 -0.03) (0.0395308225685 0.183512992479 -0.03) (0.0399482943445 0.184434250709 -0.03) (0.0403678555564 0.185354559243 -0.03) (0.0407895040437 0.186273913343 -0.03) (0.0412132376352 0.187192308276 -0.03) (0.0416390541491 0.188109739312 -0.03) (0.0420669513926 0.189026201726 -0.03) (0.0424969271625 0.189941690801 -0.03) (0.0429289792447 0.190856201822 -0.03) (0.0433631054145 0.19176973008 -0.03) (0.0437993034364 0.19268227087 -0.03) (0.0442375710644 0.193593819495 -0.03) (0.0446779060417 0.19450437126 -0.03) (0.045120306101 0.195413921476 -0.03) (0.0455647689642 0.196322465461 -0.03) (0.0460112923427 0.197229998535 -0.03) (0.0464598739371 0.198136516027 -0.03) (0.0469105114378 0.199042013267 -0.03) (0.0473632025242 0.199946485593 -0.03) (0.0478179448653 0.200849928348 -0.03) (0.0482747361196 0.20175233688 -0.03) (0.0487335739348 0.202653706543 -0.03) (0.0491944559485 0.203554032694 -0.03) (0.0496573797873 0.204453310698 -0.03) (0.0501223430676 0.205351535924 -0.03) (0.0505893433951 0.206248703747 -0.03) (0.0510583783652 0.207144809547 -0.03) (0.0515294455628 0.208039848711 -0.03) (0.052002542562 0.208933816629 -0.03) (0.052477666927 0.209826708697 -0.03) (0.0529548162111 0.21071852032 -0.03) (0.0534339879574 0.211609246903 -0.03) (0.0539151796986 0.212498883861 -0.03) (0.0543983889568 0.213387426613 -0.03) (0.0548836132439 0.214274870583 -0.03) (0.0553708500614 0.215161211201 -0.03) (0.0558600969003 0.216046443905 -0.03) (0.0563513512415 0.216930564135 -0.03) (0.0568446105554 0.217813567339 -0.03) (0.057339872302 0.21869544897 -0.03) (0.0578371339311 0.219576204487 -0.03) (0.0583363928822 0.220455829355 -0.03) (0.0588376465845 0.221334319045 -0.03) (0.059340892457 0.222211669032 -0.03) (0.0598461279082 0.2230878748 -0.03) (0.0603533503367 0.223962931836 -0.03) (0.0608625571306 0.224836835635 -0.03) (0.0613737456679 0.225709581697 -0.03) (0.0618869133164 0.226581165527 -0.03))
    polyLine 14 18 ((0.0354714913627 0.174249222983 0) (0.03586795233 0.175179716459 0) (0.0362665237438 0.176109307895 0) (0.0366672035517 0.177037992502 0) (0.0370699896905 0.1779657655 0) (0.0374748800862 0.17889262211 0) (0.0378818726539 0.179818557561 0) (0.0382909652979 0.180743567084 0) (0.0387021559116 0.181667645916 0) (0.0391154423779 0.182590789299 0) (0.0395308225685 0.183512992479 0) (0.0399482943445 0.184434250709 0) (0.0403678555564 0.185354559243 0) (0.0407895040437 0.186273913343 0) (0.0412132376352 0.187192308276 0) (0.0416390541491 0.188109739312 0) (0.0420669513926 0.189026201726 0) (0.0424969271625 0.189941690801 0) (0.0429289792447 0.190856201822 0) (0.0433631054145 0.19176973008 0) (0.0437993034364 0.19268227087 0) (0.0442375710644 0.193593819495 0) (0.0446779060417 0.19450437126 0) (0.045120306101 0.195413921476 0) (0.0455647689642 0.196322465461 0) (0.0460112923427 0.197229998535 0) (0.0464598739371 0.198136516027 0) (0.0469105114378 0.199042013267 0) (0.0473632025242 0.199946485593 0) (0.0478179448653 0.200849928348 0) (0.0482747361196 0.20175233688 0) (0.0487335739348 0.202653706543 0) (0.0491944559485 0.203554032694 0) (0.0496573797873 0.204453310698 0) (0.0501223430676 0.205351535924 0) (0.0505893433951 0.206248703747 0) (0.0510583783652 0.207144809547 0) (0.0515294455628 0.208039848711 0) (0.052002542562 0.208933816629 0) (0.052477666927 0.209826708697 0) (0.0529548162111 0.21071852032 0) (0.0534339879574 0.211609246903 0) (0.0539151796986 0.212498883861 0) (0.0543983889568 0.213387426613 0) (0.0548836132439 0.214274870583 0) (0.0553708500614 0.215161211201 0) (0.0558600969003 0.216046443905 0) (0.0563513512415 0.216930564135 0) (0.0568446105554 0.217813567339 0) (0.057339872302 0.21869544897 0) (0.0578371339311 0.219576204487 0) (0.0583363928822 0.220455829355 0) (0.0588376465845 0.221334319045 0) (0.059340892457 0.222211669032 0) (0.0598461279082 0.2230878748 0) (0.0603533503367 0.223962931836 0) (0.0608625571306 0.224836835635 0) (0.0613737456679 0.225709581697 0) (0.0618869133164 0.226581165527 0))
    polyLine 13 17 ((-0.151310208612 0.229628704425 -0.03) (-0.150371213565 0.232705758848 -0.03) (-0.149421453811 0.235779252688 -0.03) (-0.148460999325 0.238849168985 -0.03) (-0.147489920053 0.24191549174 -0.03) (-0.146508285888 0.244978205908 -0.03) (-0.14551616665 0.248037297393 -0.03) (-0.144513632056 0.251092753046 -0.03) (-0.143500751703 0.254144560658 -0.03) (-0.142477595042 0.257192708953 -0.03) (-0.141444231362 0.260237187588 -0.03) (-0.14040072976 0.26327798714 -0.03) (-0.139347159127 0.266315099107 -0.03) (-0.138283588126 0.269348515897 -0.03) (-0.137210085169 0.272378230823 -0.03) (-0.1361267184 0.275404238096 -0.03) (-0.135033555677 0.278426532819 -0.03) (-0.133930664548 0.281445110978 -0.03) (-0.13281811224 0.284459969438 -0.03) (-0.131695965636 0.287471105932 -0.03) (-0.130564291257 0.290478519054 -0.03) (-0.129423155249 0.293482208254 -0.03) (-0.128272623364 0.296482173827 -0.03))
    polyLine 15 19 ((-0.151310208612 0.229628704425 0) (-0.150371213565 0.232705758848 0) (-0.149421453811 0.235779252688 0) (-0.148460999325 0.238849168985 0) (-0.147489920053 0.24191549174 0) (-0.146508285888 0.244978205908 0) (-0.14551616665 0.248037297393 0) (-0.144513632056 0.251092753046 0) (-0.143500751703 0.254144560658 0) (-0.142477595042 0.257192708953 0) (-0.141444231362 0.260237187588 0) (-0.14040072976 0.26327798714 0) (-0.139347159127 0.266315099107 0) (-0.138283588126 0.269348515897 0) (-0.137210085169 0.272378230823 0) (-0.1361267184 0.275404238096 0) (-0.135033555677 0.278426532819 0) (-0.133930664548 0.281445110978 0) (-0.13281811224 0.284459969438 0) (-0.131695965636 0.287471105932 0) (-0.130564291257 0.290478519054 0) (-0.129423155249 0.293482208254 0) (-0.128272623364 0.296482173827 0))
    polyLine 16 20 ((0.0624020574336 0.227451582638 -0.03) (0.0629191753669 0.228320828548 -0.03) (0.0634382644537 0.229188898781 -0.03) (0.0639593220209 0.230055788867 -0.03) (0.0644823453856 0.230921494341 -0.03) (0.0650073318545 0.231786010747 -0.03) (0.0655342787244 0.232649333633 -0.03) (0.066063183282 0.233511458553 -0.03) (0.0665940428036 0.234372381068 -0.03) (0.067126854556 0.235232096745 -0.03) (0.0676616157954 0.236090601157 -0.03) (0.0681983237682 0.236947889884 -0.03) (0.0687369757109 0.23780395851 -0.03) (0.0692775688497 0.238658802629 -0.03) (0.0698201004011 0.239512417838 -0.03) (0.0703645675714 0.240364799741 -0.03) (0.0709109675571 0.24121594395 -0.03) (0.0714592975445 0.242065846082 -0.03) (0.0720095547102 0.24291450176 -0.03) (0.0725617362209 0.243761906615 -0.03) (0.0731158392331 0.244608056283 -0.03) (0.0736718608937 0.245452946407 -0.03) (0.0742297983397 0.246296572637 -0.03) (0.0747896486979 0.247138930628 -0.03) (0.0753514090858 0.247980016043 -0.03) (0.0759150766105 0.248819824551 -0.03) (0.0764806483697 0.249658351828 -0.03) (0.0770481214512 0.250495593556 -0.03) (0.0776174929327 0.251331545423 -0.03) (0.0781887598826 0.252166203126 -0.03) (0.0787619193593 0.252999562366 -0.03) (0.0793369684113 0.253831618852 -0.03) (0.0799139040777 0.2546623683 -0.03) (0.0804927233876 0.255491806433 -0.03) (0.0810734233607 0.256319928978 -0.03) (0.0816560010066 0.257146731672 -0.03) (0.0822404533257 0.257972210258 -0.03) (0.0828267773084 0.258796360485 -0.03) (0.0834149699356 0.259619178109 -0.03) (0.0840050281786 0.260440658893 -0.03) (0.0845969489989 0.261260798607 -0.03) (0.0851907293488 0.262079593029 -0.03) (0.0857863661706 0.262897037941 -0.03) (0.0863838563973 0.263713129136 -0.03) (0.0869831969523 0.26452786241 -0.03) (0.0875843847494 0.265341233569 -0.03) (0.088187416693 0.266153238423 -0.03) (0.0887922896779 0.266963872793 -0.03) (0.0893990005895 0.267773132503 -0.03) (0.0900075463037 0.268581013387 -0.03) (0.090617923687 0.269387511284 -0.03) (0.0912301295963 0.270192622043 -0.03) (0.0918441608793 0.270996341516 -0.03) (0.0924600143742 0.271798665567 -0.03) (0.0930776869098 0.272599590062 -0.03) (0.0936971753056 0.273399110879 -0.03) (0.0943184763716 0.2741972239 -0.03) (0.0949415869088 0.274993925015 -0.03) (0.0955665037084 0.275789210123 -0.03))
    polyLine 18 22 ((0.0624020574336 0.227451582638 0) (0.0629191753669 0.228320828548 0) (0.0634382644537 0.229188898781 0) (0.0639593220209 0.230055788867 0) (0.0644823453856 0.230921494341 0) (0.0650073318545 0.231786010747 0) (0.0655342787244 0.232649333633 0) (0.066063183282 0.233511458553 0) (0.0665940428036 0.234372381068 0) (0.067126854556 0.235232096745 0) (0.0676616157954 0.236090601157 0) (0.0681983237682 0.236947889884 0) (0.0687369757109 0.23780395851 0) (0.0692775688497 0.238658802629 0) (0.0698201004011 0.239512417838 0) (0.0703645675714 0.240364799741 0) (0.0709109675571 0.24121594395 0) (0.0714592975445 0.242065846082 0) (0.0720095547102 0.24291450176 0) (0.0725617362209 0.243761906615 0) (0.0731158392331 0.244608056283 0) (0.0736718608937 0.245452946407 0) (0.0742297983397 0.246296572637 0) (0.0747896486979 0.247138930628 0) (0.0753514090858 0.247980016043 0) (0.0759150766105 0.248819824551 0) (0.0764806483697 0.249658351828 0) (0.0770481214512 0.250495593556 0) (0.0776174929327 0.251331545423 0) (0.0781887598826 0.252166203126 0) (0.0787619193593 0.252999562366 0) (0.0793369684113 0.253831618852 0) (0.0799139040777 0.2546623683 0) (0.0804927233876 0.255491806433 0) (0.0810734233607 0.256319928978 0) (0.0816560010066 0.257146731672 0) (0.0822404533257 0.257972210258 0) (0.0828267773084 0.258796360485 0) (0.0834149699356 0.259619178109 0) (0.0840050281786 0.260440658893 0) (0.0845969489989 0.261260798607 0) (0.0851907293488 0.262079593029 0) (0.0857863661706 0.262897037941 0) (0.0863838563973 0.263713129136 0) (0.0869831969523 0.26452786241 0) (0.0875843847494 0.265341233569 0) (0.088187416693 0.266153238423 0) (0.0887922896779 0.266963872793 0) (0.0893990005895 0.267773132503 0) (0.0900075463037 0.268581013387 0) (0.090617923687 0.269387511284 0) (0.0912301295963 0.270192622043 0) (0.0918441608793 0.270996341516 0) (0.0924600143742 0.271798665567 0) (0.0930776869098 0.272599590062 0) (0.0936971753056 0.273399110879 0) (0.0943184763716 0.2741972239 0) (0.0949415869088 0.274993925015 0) (0.0955665037084 0.275789210123 0))
    polyLine 17 21 ((-0.125933390142 0.302497036776 -0.03) (-0.124744657484 0.305511873762 -0.03) (-0.123546628676 0.308522931568 -0.03) (-0.122339368939 0.311530214731 -0.03) (-0.12112294299 0.314533728613 -0.03) (-0.119897415035 0.317533479388 -0.03) (-0.118662848748 0.320529474038 -0.03) (-0.117419307263 0.323521720343 -0.03) (-0.11616685316 0.326510226867 -0.03) (-0.114905548453 0.329495002955 -0.03) (-0.113635454574 0.33247605872 -0.03) (-0.11235663237 0.335453405034 -0.03) (-0.111069142083 0.338427053519 -0.03) (-0.109773043347 0.341397016538 -0.03) (-0.108468395171 0.344363307185 -0.03) (-0.107155255934 0.347325939276 -0.03) (-0.105833683375 0.35028492734 -0.03) (-0.104503734582 0.353240286608 -0.03) (-0.103165465984 0.356192033005 -0.03) (-0.101818933344 0.35914018314 -0.03) (-0.10046419175 0.362084754298 -0.03) (-0.0991012956074 0.365025764427 -0.03) (-0.0977302986324 0.367963232134 -0.03))
    polyLine 19 23 ((-0.125933390142 0.302497036776 0) (-0.124744657484 0.305511873762 0) (-0.123546628676 0.308522931568 0) (-0.122339368939 0.311530214731 0) (-0.12112294299 0.314533728613 0) (-0.119897415035 0.317533479388 0) (-0.118662848748 0.320529474038 0) (-0.117419307263 0.323521720343 0) (-0.11616685316 0.326510226867 0) (-0.114905548453 0.329495002955 0) (-0.113635454574 0.33247605872 0) (-0.11235663237 0.335453405034 0) (-0.111069142083 0.338427053519 0) (-0.109773043347 0.341397016538 0) (-0.108468395171 0.344363307185 0) (-0.107155255934 0.347325939276 0) (-0.105833683375 0.35028492734 0) (-0.104503734582 0.353240286608 0) (-0.103165465984 0.356192033005 0) (-0.101818933344 0.35914018314 0) (-0.10046419175 0.362084754298 0) (-0.0991012956074 0.365025764427 0) (-0.0977302986324 0.367963232134 0))
    polyLine 20 24 ((0.0961932235528 0.276583075127 -0.03) (0.0968217432147 0.277375515941 -0.03) (0.0974520594578 0.278166528484 -0.03) (0.0980841690363 0.278956108682 -0.03) (0.0987180686955 0.27974425247 -0.03) (0.0993537551713 0.28053095579 -0.03) (0.0999912251903 0.28131621459 -0.03) (0.10063047547 0.282100024828 -0.03) (0.101271502719 0.282882382467 -0.03) (0.101914303636 0.283663283478 -0.03) (0.102558874912 0.284442723841 -0.03) (0.103205213226 0.285220699542 -0.03) (0.103853315253 0.285997206575 -0.03) (0.104503177653 0.286772240942 -0.03) (0.10515479708 0.287545798652 -0.03) (0.10580817018 0.288317875721 -0.03) (0.106463293588 0.289088468175 -0.03) (0.107120163931 0.289857572044 -0.03) (0.107778777825 0.290625183369 -0.03) (0.108439131881 0.291391298198 -0.03) (0.109101222697 0.292155912584 -0.03) (0.109765046864 0.292919022592 -0.03) (0.110430600965 0.293680624291 -0.03) (0.111097881571 0.29444071376 -0.03) (0.111766885247 0.295199287085 -0.03) (0.112437608549 0.295956340361 -0.03) (0.113110048022 0.296711869688 -0.03) (0.113784200204 0.297465871176 -0.03) (0.114460061623 0.298218340943 -0.03) (0.1151376288 0.298969275115 -0.03) (0.115816898245 0.299718669824 -0.03) (0.11649786646 0.300466521211 -0.03) (0.11718052994 0.301212825427 -0.03) (0.117864885169 0.301957578627 -0.03) (0.118550928623 0.302700776977 -0.03) (0.11923865677 0.303442416651 -0.03) (0.119928066068 0.304182493828 -0.03) (0.120619152967 0.3049210047 -0.03) (0.121311913909 0.305657945461 -0.03) (0.122006345326 0.306393312319 -0.03) (0.122702443644 0.307127101486 -0.03) (0.123400205276 0.307859309184 -0.03) (0.124099626631 0.308589931642 -0.03) (0.124800704107 0.309318965099 -0.03) (0.125503434094 0.3100464058 -0.03) (0.126207812974 0.310772250001 -0.03) (0.126913837119 0.311496493962 -0.03) (0.127621502894 0.312219133955 -0.03) (0.128330806654 0.31294016626 -0.03) (0.129041744749 0.313659587162 -0.03) (0.129754313516 0.314377392958 -0.03) (0.130468509287 0.315093579951 -0.03) (0.131184328384 0.315808144454 -0.03) (0.131901767122 0.316521082787 -0.03) (0.132620821805 0.317232391279 -0.03) (0.133341488732 0.317942066268 -0.03) (0.134063764191 0.318650104099 -0.03) (0.134787644463 0.319356501126 -0.03) (0.135513125822 0.320061253712 -0.03))
    polyLine 22 26 ((0.0961932235528 0.276583075127 0) (0.0968217432147 0.277375515941 0) (0.0974520594578 0.278166528484 0) (0.0980841690363 0.278956108682 0) (0.0987180686955 0.27974425247 0) (0.0993537551713 0.28053095579 0) (0.0999912251903 0.28131621459 0) (0.10063047547 0.282100024828 0) (0.101271502719 0.282882382467 0) (0.101914303636 0.283663283478 0) (0.102558874912 0.284442723841 0) (0.103205213226 0.285220699542 0) (0.103853315253 0.285997206575 0) (0.104503177653 0.286772240942 0) (0.10515479708 0.287545798652 0) (0.10580817018 0.288317875721 0) (0.106463293588 0.289088468175 0) (0.107120163931 0.289857572044 0) (0.107778777825 0.290625183369 0) (0.108439131881 0.291391298198 0) (0.109101222697 0.292155912584 0) (0.109765046864 0.292919022592 0) (0.110430600965 0.293680624291 0) (0.111097881571 0.29444071376 0) (0.111766885247 0.295199287085 0) (0.112437608549 0.295956340361 0) (0.113110048022 0.296711869688 0) (0.113784200204 0.297465871176 0) (0.114460061623 0.298218340943 0) (0.1151376288 0.298969275115 0) (0.115816898245 0.299718669824 0) (0.11649786646 0.300466521211 0) (0.11718052994 0.301212825427 0) (0.117864885169 0.301957578627 0) (0.118550928623 0.302700776977 0) (0.11923865677 0.303442416651 0) (0.119928066068 0.304182493828 0) (0.120619152967 0.3049210047 0) (0.121311913909 0.305657945461 0) (0.122006345326 0.306393312319 0) (0.122702443644 0.307127101486 0) (0.123400205276 0.307859309184 0) (0.124099626631 0.308589931642 0) (0.124800704107 0.309318965099 0) (0.125503434094 0.3100464058 0) (0.126207812974 0.310772250001 0) (0.126913837119 0.311496493962 0) (0.127621502894 0.312219133955 0) (0.128330806654 0.31294016626 0) (0.129041744749 0.313659587162 0) (0.129754313516 0.314377392958 0) (0.130468509287 0.315093579951 0) (0.131184328384 0.315808144454 0) (0.131901767122 0.316521082787 0) (0.132620821805 0.317232391279 0) (0.133341488732 0.317942066268 0) (0.134063764191 0.318650104099 0) (0.134787644463 0.319356501126 0) (0.135513125822 0.320061253712 0))
    polyLine 21 25 ((-0.0949484835556 0.373860735061 -0.03) (-0.0935375892966 0.376820731722 -0.03) (-0.0921186236935 0.379777188533 -0.03) (-0.0906916386185 0.382730128008 -0.03) (-0.0892566851844 0.385679573291 -0.03) (-0.0878138137393 0.388625548145 -0.03) (-0.0863630738617 0.391568076944 -0.03) (-0.084904514356 0.394507184665 -0.03) (-0.0834381832482 0.397442896875 -0.03) (-0.0819641277815 0.400375239726 -0.03) (-0.0804823944128 0.403304239944 -0.03) (-0.0789930288094 0.406229924821 -0.03) (-0.0774960758454 0.409152322204 -0.03) (-0.0759915795988 0.412071460491 -0.03) (-0.074479583349 0.41498736862 -0.03) (-0.072960129574 0.417900076057 -0.03) (-0.0714332599484 0.420809612796 -0.03) (-0.0698990153413 0.423716009343 -0.03) (-0.0683574358142 0.426619296713 -0.03) (-0.0668085606197 0.429519506417 -0.03) (-0.0652524282002 0.432416670463 -0.03) (-0.0636890761862 0.435310821337 -0.03) (-0.0621185413957 0.438201992007 -0.03))
    polyLine 23 27 ((-0.0949484835556 0.373860735061 0) (-0.0935375892966 0.376820731722 0) (-0.0921186236935 0.379777188533 0) (-0.0906916386185 0.382730128008 0) (-0.0892566851844 0.385679573291 0) (-0.0878138137393 0.388625548145 0) (-0.0863630738617 0.391568076944 0) (-0.084904514356 0.394507184665 0) (-0.0834381832482 0.397442896875 0) (-0.0819641277815 0.400375239726 0) (-0.0804823944128 0.403304239944 0) (-0.0789930288094 0.406229924821 0) (-0.0774960758454 0.409152322204 0) (-0.0759915795988 0.412071460491 0) (-0.074479583349 0.41498736862 0) (-0.072960129574 0.417900076057 0) (-0.0714332599484 0.420809612796 0) (-0.0698990153413 0.423716009343 0) (-0.0683574358142 0.426619296713 0) (-0.0668085606197 0.429519506417 0) (-0.0652524282002 0.432416670463 0) (-0.0636890761862 0.435310821337 0) (-0.0621185413957 0.438201992007 0))
    polyLine 24 28 ((0.13624020453 0.320764358228 -0.03) (0.136968876845 0.321465811054 -0.03) (0.137699139014 0.322165608577 -0.03) (0.138430987277 0.322863747194 -0.03) (0.139164417865 0.323560223311 -0.03) (0.139899427002 0.32425503334 -0.03) (0.140636010904 0.324948173705 -0.03) (0.141374165776 0.325639640835 -0.03) (0.142113887819 0.326329431172 -0.03) (0.142855173224 0.327017541161 -0.03) (0.143598018172 0.327703967262 -0.03) (0.14434241884 0.328388705938 -0.03) (0.145088371394 0.329071753664 -0.03) (0.145835871993 0.329753106923 -0.03) (0.146584916788 0.330432762206 -0.03) (0.147335501922 0.331110716014 -0.03) (0.14808762353 0.331786964855 -0.03) (0.148841277739 0.332461505248 -0.03) (0.149596460669 0.333134333719 -0.03) (0.15035316843 0.333805446804 -0.03) (0.151111397127 0.334474841047 -0.03) (0.151871142855 0.335142513001 -0.03) (0.152632401701 0.335808459227 -0.03) (0.153395169747 0.336472676298 -0.03) (0.154159443065 0.337135160792 -0.03) (0.154925217718 0.337795909299 -0.03) (0.155692489764 0.338454918416 -0.03) (0.156461255252 0.33911218475 -0.03) (0.157231510223 0.339767704916 -0.03) (0.158003250712 0.340421475538 -0.03) (0.158776472744 0.341073493251 -0.03) (0.159551172337 0.341723754697 -0.03) (0.160327345504 0.342372256528 -0.03) (0.161104988246 0.343018995404 -0.03) (0.16188409656 0.343663967996 -0.03) (0.162664666434 0.344307170981 -0.03) (0.163446693849 0.344948601049 -0.03) (0.164230174777 0.345588254896 -0.03) (0.165015105185 0.346226129228 -0.03) (0.165801481031 0.346862220761 -0.03) (0.166589298265 0.347496526219 -0.03) (0.16737855283 0.348129042337 -0.03) (0.168169240664 0.348759765858 -0.03) (0.168961357693 0.349388693533 -0.03) (0.16975489984 0.350015822124 -0.03) (0.170549863018 0.350641148402 -0.03) (0.171346243135 0.351264669146 -0.03) (0.172144036088 0.351886381148 -0.03) (0.17294323777 0.352506281204 -0.03) (0.173743844067 0.353124366123 -0.03) (0.174545850854 0.353740632722 -0.03) (0.175349254004 0.354355077828 -0.03) (0.176154049377 0.354967698278 -0.03) (0.176960232832 0.355578490916 -0.03) (0.177767800216 0.356187452597 -0.03) (0.178576747371 0.356794580186 -0.03) (0.179387070131 0.357399870556 -0.03) (0.180198764325 0.358003320592 -0.03) (0.181011825772 0.358604927184 -0.03))
    polyLine 26 30 ((0.13624020453 0.320764358228 0) (0.136968876845 0.321465811054 0) (0.137699139014 0.322165608577 0) (0.138430987277 0.322863747194 0) (0.139164417865 0.323560223311 0) (0.139899427002 0.32425503334 0) (0.140636010904 0.324948173705 0) (0.141374165776 0.325639640835 0) (0.142113887819 0.326329431172 0) (0.142855173224 0.327017541161 0) (0.143598018172 0.327703967262 0) (0.14434241884 0.328388705938 0) (0.145088371394 0.329071753664 0) (0.145835871993 0.329753106923 0) (0.146584916788 0.330432762206 0) (0.147335501922 0.331110716014 0) (0.14808762353 0.331786964855 0) (0.148841277739 0.332461505248 0) (0.149596460669 0.333134333719 0) (0.15035316843 0.333805446804 0) (0.151111397127 0.334474841047 0) (0.151871142855 0.335142513001 0) (0.152632401701 0.335808459227 0) (0.153395169747 0.336472676298 0) (0.154159443065 0.337135160792 0) (0.154925217718 0.337795909299 0) (0.155692489764 0.338454918416 0) (0.156461255252 0.33911218475 0) (0.157231510223 0.339767704916 0) (0.158003250712 0.340421475538 0) (0.158776472744 0.341073493251 0) (0.159551172337 0.341723754697 0) (0.160327345504 0.342372256528 0) (0.161104988246 0.343018995404 0) (0.16188409656 0.343663967996 0) (0.162664666434 0.344307170981 0) (0.163446693849 0.344948601049 0) (0.164230174777 0.345588254896 0) (0.165015105185 0.346226129228 0) (0.165801481031 0.346862220761 0) (0.166589298265 0.347496526219 0) (0.16737855283 0.348129042337 0) (0.168169240664 0.348759765858 0) (0.168961357693 0.349388693533 0) (0.16975489984 0.350015822124 0) (0.170549863018 0.350641148402 0) (0.171346243135 0.351264669146 0) (0.172144036088 0.351886381148 0) (0.17294323777 0.352506281204 0) (0.173743844067 0.353124366123 0) (0.174545850854 0.353740632722 0) (0.175349254004 0.354355077828 0) (0.176154049377 0.354967698278 0) (0.176960232832 0.355578490916 0) (0.177767800216 0.356187452597 0) (0.178576747371 0.356794580186 0) (0.179387070131 0.357399870556 0) (0.180198764325 0.358003320592 0) (0.181011825772 0.358604927184 0))
    polyLine 25 29 ((-0.0589335480705 0.444016411291 -0.03) (-0.0573189575049 0.446939646461 -0.03) (-0.055697123126 0.449859957723 -0.03) (-0.0540680790612 0.452777381853 -0.03) (-0.0524318585754 0.455691956085 -0.03) (-0.0507884940709 0.458603718103 -0.03) (-0.0491380170875 0.461512706038 -0.03) (-0.0474804583033 0.46441895846 -0.03) (-0.0458158475347 0.467322514367 -0.03) (-0.0441442137375 0.470223413186 -0.03) (-0.0424655850071 0.473121694759 -0.03) (-0.0407799885798 0.476017399344 -0.03) (-0.0390874508332 0.478910567602 -0.03) (-0.0373879972878 0.481801240598 -0.03) (-0.0356816526078 0.484689459789 -0.03) (-0.0339684406022 0.487575267023 -0.03) (-0.0322483842265 0.490458704531 -0.03) (-0.0305215055835 0.493339814925 -0.03) (-0.0287878259251 0.496218641186 -0.03) (-0.0270473656537 0.499095226668 -0.03) (-0.0253001443236 0.501969615087 -0.03) (-0.0235461806427 0.504841850516 -0.03) (-0.0217854924741 0.507711977387 -0.03))
    polyLine 27 31 ((-0.0589335480705 0.444016411291 0) (-0.0573189575049 0.446939646461 0) (-0.055697123126 0.449859957723 0) (-0.0540680790612 0.452777381853 0) (-0.0524318585754 0.455691956085 0) (-0.0507884940709 0.458603718103 0) (-0.0491380170875 0.461512706038 0) (-0.0474804583033 0.46441895846 0) (-0.0458158475347 0.467322514367 0) (-0.0441442137375 0.470223413186 0) (-0.0424655850071 0.473121694759 0) (-0.0407799885798 0.476017399344 0) (-0.0390874508332 0.478910567602 0) (-0.0373879972878 0.481801240598 0) (-0.0356816526078 0.484689459789 0) (-0.0339684406022 0.487575267023 0) (-0.0322483842265 0.490458704531 0) (-0.0305215055835 0.493339814925 0) (-0.0287878259251 0.496218641186 0) (-0.0270473656537 0.499095226668 0) (-0.0253001443236 0.501969615087 0) (-0.0235461806427 0.504841850516 0) (-0.0217854924741 0.507711977387 0))
    polyLine 28 32 ((0.181826250285 0.359204687236 -0.03) (0.182642033672 0.35980259766 -0.03) (0.183459171732 0.360398655376 -0.03) (0.184277660256 0.360992857315 -0.03) (0.18509749503 0.361585200418 -0.03) (0.185918671833 0.362175681634 -0.03) (0.186741186437 0.362764297923 -0.03) (0.187565034605 0.363351046255 -0.03) (0.188390212096 0.363935923607 -0.03) (0.189216714661 0.364518926968 -0.03) (0.190044538044 0.365100053336 -0.03) (0.190873677982 0.365679299718 -0.03) (0.191704130206 0.366256663133 -0.03) (0.19253589044 0.366832140607 -0.03) (0.1933689544 0.367405729176 -0.03) (0.194203317797 0.367977425888 -0.03) (0.195038976335 0.368547227798 -0.03) (0.195875925711 0.369115131972 -0.03) (0.196714161615 0.369681135487 -0.03) (0.19755367973 0.370245235427 -0.03) (0.198394475735 0.370807428888 -0.03) (0.199236545299 0.371367712975 -0.03) (0.200079884086 0.371926084803 -0.03) (0.200924487754 0.372482541497 -0.03) (0.201770351955 0.373037080191 -0.03) (0.202617472331 0.373589698031 -0.03) (0.203465844522 0.37414039217 -0.03) (0.204315464158 0.374689159773 -0.03) (0.205166326866 0.375235998014 -0.03) (0.206018428263 0.375780904077 -0.03) (0.206871763962 0.376323875157 -0.03) (0.207726329569 0.376864908457 -0.03) (0.208582120684 0.377404001192 -0.03) (0.209439132899 0.377941150586 -0.03) (0.210297361803 0.378476353873 -0.03) (0.211156802975 0.379009608297 -0.03) (0.21201745199 0.379540911111 -0.03) (0.212879304417 0.380070259582 -0.03) (0.213742355818 0.380597650981 -0.03) (0.214606601748 0.381123082595 -0.03) (0.215472037758 0.381646551717 -0.03) (0.216338659391 0.382168055652 -0.03) (0.217206462185 0.382687591714 -0.03) (0.21807544167 0.383205157229 -0.03) (0.218945593374 0.383720749531 -0.03) (0.219816912814 0.384234365965 -0.03) (0.220689395505 0.384746003887 -0.03) (0.221563036953 0.385255660662 -0.03) (0.222437832661 0.385763333666 -0.03) (0.223313778123 0.386269020285 -0.03) (0.224190868829 0.386772717914 -0.03) (0.225069100264 0.38727442396 -0.03) (0.225948467903 0.38777413584 -0.03) (0.226828967221 0.38827185098 -0.03) (0.227710593682 0.388767566818 -0.03) (0.228593342747 0.389261280802 -0.03) (0.22947720987 0.389752990388 -0.03) (0.2303621905 0.390242693045 -0.03) (0.231248280081 0.390730386251 -0.03))
    polyLine 30 34 ((0.181826250285 0.359204687236 0) (0.182642033672 0.35980259766 0) (0.183459171732 0.360398655376 0) (0.184277660256 0.360992857315 0) (0.18509749503 0.361585200418 0) (0.185918671833 0.362175681634 0) (0.186741186437 0.362764297923 0) (0.187565034605 0.363351046255 0) (0.188390212096 0.363935923607 0) (0.189216714661 0.364518926968 0) (0.190044538044 0.365100053336 0) (0.190873677982 0.365679299718 0) (0.191704130206 0.366256663133 0) (0.19253589044 0.366832140607 0) (0.1933689544 0.367405729176 0) (0.194203317797 0.367977425888 0) (0.195038976335 0.368547227798 0) (0.195875925711 0.369115131972 0) (0.196714161615 0.369681135487 0) (0.19755367973 0.370245235427 0) (0.198394475735 0.370807428888 0) (0.199236545299 0.371367712975 0) (0.200079884086 0.371926084803 0) (0.200924487754 0.372482541497 0) (0.201770351955 0.373037080191 0) (0.202617472331 0.373589698031 0) (0.203465844522 0.37414039217 0) (0.204315464158 0.374689159773 0) (0.205166326866 0.375235998014 0) (0.206018428263 0.375780904077 0) (0.206871763962 0.376323875157 0) (0.207726329569 0.376864908457 0) (0.208582120684 0.377404001192 0) (0.209439132899 0.377941150586 0) (0.210297361803 0.378476353873 0) (0.211156802975 0.379009608297 0) (0.21201745199 0.379540911111 0) (0.212879304417 0.380070259582 0) (0.213742355818 0.380597650981 0) (0.214606601748 0.381123082595 0) (0.215472037758 0.381646551717 0) (0.216338659391 0.382168055652 0) (0.217206462185 0.382687591714 0) (0.21807544167 0.383205157229 0) (0.218945593374 0.383720749531 0) (0.219816912814 0.384234365965 0) (0.220689395505 0.384746003887 0) (0.221563036953 0.385255660662 0) (0.222437832661 0.385763333666 0) (0.223313778123 0.386269020285 0) (0.224190868829 0.386772717914 0) (0.225069100264 0.38727442396 0) (0.225948467903 0.38777413584 0) (0.226828967221 0.38827185098 0) (0.227710593682 0.388767566818 0) (0.228593342747 0.389261280802 0) (0.22947720987 0.389752990388 0) (0.2303621905 0.390242693045 0) (0.231248280081 0.390730386251 0))
    polyLine 29 33 ((-0.0182130554497 0.513495978742 -0.03) (-0.0164011038328 0.516409875319 -0.03) (-0.0145822572357 0.519321778458 -0.03) (-0.012756530011 0.522231736766 -0.03) (-0.0109239356176 0.525139799204 -0.03) (-0.009084486622 0.528046015082 -0.03) (-0.007238194701 0.530950434058 -0.03) (-0.00538507064318 0.533853106131 -0.03) (-0.00352512435103 0.536754081641 -0.03) (-0.00165836484296 0.539653411263 -0.03) (0.000215199744861 0.542551146007 -0.03) (0.00209556215645 0.545447337212 -0.03) (0.00398271601415 0.548342036545 -0.03) (0.00587665581675 0.551235295997 -0.03) (0.00777737693753 0.554127167884 -0.03) (0.00968487562248 0.557017704841 -0.03) (0.0115991489886 0.559906959821 -0.03) (0.0135201950218 0.562794986094 -0.03) (0.0154480125757 0.565681837244 -0.03) (0.0173826013693 0.568567567167 -0.03) (0.0193239619859 0.571452230073 -0.03) (0.0212720958713 0.574335880478 -0.03) (0.0232270053321 0.577218573209 -0.03))
    polyLine 31 35 ((-0.0182130554497 0.513495978742 0) (-0.0164011038328 0.516409875319 0) (-0.0145822572357 0.519321778458 0) (-0.012756530011 0.522231736766 0) (-0.0109239356176 0.525139799204 0) (-0.009084486622 0.528046015082 0) (-0.007238194701 0.530950434058 0) (-0.00538507064318 0.533853106131 0) (-0.00352512435103 0.536754081641 0) (-0.00165836484296 0.539653411263 0) (0.000215199744861 0.542551146007 0) (0.00209556215645 0.545447337212 0) (0.00398271601415 0.548342036545 0) (0.00587665581675 0.551235295997 0) (0.00777737693753 0.554127167884 0) (0.00968487562248 0.557017704841 0) (0.0115991489886 0.559906959821 0) (0.0135201950218 0.562794986094 0) (0.0154480125757 0.565681837244 0) (0.0173826013693 0.568567567167 0) (0.0193239619859 0.571452230073 0) (0.0212720958713 0.574335880478 0) (0.0232270053321 0.577218573209 0))
    polyLine 32 36 ((0.23213547405 0.391216067496 -0.03) (0.233023767837 0.391699734277 -0.03) (0.23391315687 0.392181384106 -0.03) (0.234803636568 0.392661014501 -0.03) (0.235695202347 0.393138622993 -0.03) (0.236587849614 0.393614207122 -0.03) (0.237481573775 0.39408776444 -0.03) (0.238376370227 0.394559292508 -0.03) (0.239272234362 0.395028788898 -0.03) (0.240169161567 0.395496251193 -0.03) (0.241067147224 0.395961676986 -0.03) (0.241966186709 0.396425063879 -0.03) (0.242866275393 0.396886409488 -0.03) (0.24376740864 0.397345711436 -0.03) (0.244669581811 0.397802967358 -0.03) (0.245572790261 0.398258174899 -0.03) (0.246477029337 0.398711331717 -0.03) (0.247382080904 0.399163611676 -0.03) (0.248287132471 0.399615891636 -0.03) (0.249192184037 0.400068171595 -0.03) (0.250097235604 0.400520451555 -0.03) (0.251002287171 0.400972731515 -0.03) (0.251907338738 0.401425011474 -0.03) (0.252812390304 0.401877291434 -0.03) (0.253717441871 0.402329571393 -0.03) (0.254622493438 0.402781851353 -0.03) (0.255527545005 0.403234131312 -0.03) (0.256432596571 0.403686411272 -0.03) (0.257337648138 0.404138691232 -0.03) (0.258242699705 0.404590971191 -0.03) (0.259147751272 0.405043251151 -0.03) (0.260052802838 0.40549553111 -0.03) (0.260957854405 0.40594781107 -0.03) (0.261862905972 0.406400091029 -0.03) (0.262767957539 0.406852370989 -0.03) (0.263673009105 0.407304650949 -0.03) (0.264578060672 0.407756930908 -0.03) (0.265483112239 0.408209210868 -0.03) (0.266388163806 0.408661490827 -0.03) (0.267293215372 0.409113770787 -0.03) (0.268198266939 0.409566050746 -0.03) (0.269103318506 0.410018330706 -0.03) (0.270008370073 0.410470610666 -0.03) (0.270913421639 0.410922890625 -0.03) (0.271818473206 0.411375170585 -0.03) (0.272723524773 0.411827450544 -0.03) (0.27362857634 0.412279730504 -0.03) (0.274533627906 0.412732010463 -0.03) (0.275438679473 0.413184290423 -0.03) (0.27634373104 0.413636570383 -0.03) (0.277248782607 0.414088850342 -0.03) (0.278153834173 0.414541130302 -0.03) (0.27905888574 0.414993410261 -0.03) (0.279963937307 0.415445690221 -0.03) (0.280868988874 0.41589797018 -0.03) (0.28177404044 0.41635025014 -0.03) (0.282679092007 0.4168025301 -0.03) (0.283584143574 0.417254810059 -0.03) (0.284489195141 0.417707090019 -0.03))
    polyLine 34 38 ((0.23213547405 0.391216067496 0) (0.233023767837 0.391699734277 0) (0.23391315687 0.392181384106 0) (0.234803636568 0.392661014501 0) (0.235695202347 0.393138622993 0) (0.236587849614 0.393614207122 0) (0.237481573775 0.39408776444 0) (0.238376370227 0.394559292508 0) (0.239272234362 0.395028788898 0) (0.240169161567 0.395496251193 0) (0.241067147224 0.395961676986 0) (0.241966186709 0.396425063879 0) (0.242866275393 0.396886409488 0) (0.24376740864 0.397345711436 0) (0.244669581811 0.397802967358 0) (0.245572790261 0.398258174899 0) (0.246477029337 0.398711331717 0) (0.247382080904 0.399163611676 0) (0.248287132471 0.399615891636 0) (0.249192184037 0.400068171595 0) (0.250097235604 0.400520451555 0) (0.251002287171 0.400972731515 0) (0.251907338738 0.401425011474 0) (0.252812390304 0.401877291434 0) (0.253717441871 0.402329571393 0) (0.254622493438 0.402781851353 0) (0.255527545005 0.403234131312 0) (0.256432596571 0.403686411272 0) (0.257337648138 0.404138691232 0) (0.258242699705 0.404590971191 0) (0.259147751272 0.405043251151 0) (0.260052802838 0.40549553111 0) (0.260957854405 0.40594781107 0) (0.261862905972 0.406400091029 0) (0.262767957539 0.406852370989 0) (0.263673009105 0.407304650949 0) (0.264578060672 0.407756930908 0) (0.265483112239 0.408209210868 0) (0.266388163806 0.408661490827 0) (0.267293215372 0.409113770787 0) (0.268198266939 0.409566050746 0) (0.269103318506 0.410018330706 0) (0.270008370073 0.410470610666 0) (0.270913421639 0.410922890625 0) (0.271818473206 0.411375170585 0) (0.272723524773 0.411827450544 0) (0.27362857634 0.412279730504 0) (0.274533627906 0.412732010463 0) (0.275438679473 0.413184290423 0) (0.27634373104 0.413636570383 0) (0.277248782607 0.414088850342 0) (0.278153834173 0.414541130302 0) (0.27905888574 0.414993410261 0) (0.279963937307 0.415445690221 0) (0.280868988874 0.41589797018 0) (0.28177404044 0.41635025014 0) (0.282679092007 0.4168025301 0) (0.283584143574 0.417254810059 0) (0.284489195141 0.417707090019 0))
    polyLine 33 37 ((0.0272216730238 0.583075536098 -0.03) (0.0292618916984 0.586049866773 -0.03) (0.0313093559226 0.589023417176 -0.03) (0.0333640730326 0.591996249404 -0.03) (0.0354260513345 0.594968425899 -0.03) (0.0374953001037 0.59794000945 -0.03) (0.0395718295833 0.60091106319 -0.03) (0.0416556509832 0.603881650598 -0.03) (0.0437467764795 0.606851835498 -0.03) (0.0458452192132 0.60982168206 -0.03) (0.0479509932898 0.612791254801 -0.03) (0.0500641137783 0.615760618585 -0.03) (0.0521845967113 0.618729838625 -0.03) (0.054312459084 0.621698980482 -0.03) (0.0564477188544 0.624668110066 -0.03) (0.058590394943 0.62763729364 -0.03) (0.0607405072326 0.630606597821 -0.03) (0.0628980765688 0.633576089578 -0.03) (0.0650631247597 0.636545836238 -0.03) (0.0672356745771 0.639515905487 -0.03) (0.0694157497561 0.642486365369 -0.03) (0.0716033749963 0.645457284293 -0.03) (0.0737985759626 0.648428731032 -0.03))
    polyLine 35 39 ((0.0272216730238 0.583075536098 0) (0.0292618916984 0.586049866773 0) (0.0313093559226 0.589023417176 0) (0.0333640730326 0.591996249404 0) (0.0354260513345 0.594968425899 0) (0.0374953001037 0.59794000945 0) (0.0395718295833 0.60091106319 0) (0.0416556509832 0.603881650598 0) (0.0437467764795 0.606851835498 0) (0.0458452192132 0.60982168206 0) (0.0479509932898 0.612791254801 0) (0.0500641137783 0.615760618585 0) (0.0521845967113 0.618729838625 0) (0.054312459084 0.621698980482 0) (0.0564477188544 0.624668110066 0) (0.058590394943 0.62763729364 0) (0.0607405072326 0.630606597821 0) (0.0628980765688 0.633576089578 0) (0.0650631247597 0.636545836238 0) (0.0672356745771 0.639515905487 0) (0.0694157497561 0.642486365369 0) (0.0716033749963 0.645457284293 0) (0.0737985759626 0.648428731032 0))
    polyLine 36 40 ((0.285394246707 0.418159369978 -0.03) (0.286299298274 0.418611649938 -0.03) (0.287204349841 0.419063929897 -0.03) (0.288109401408 0.419516209857 -0.03) (0.289014452974 0.419968489817 -0.03) (0.289919504541 0.420420769776 -0.03) (0.290824556108 0.420873049736 -0.03) (0.291729607675 0.421325329695 -0.03) (0.292634659241 0.421777609655 -0.03) (0.293539710808 0.422229889614 -0.03) (0.294444762375 0.422682169574 -0.03) (0.295349813942 0.423134449534 -0.03) (0.296254865509 0.423586729493 -0.03) (0.297159917075 0.424039009453 -0.03) (0.298064968642 0.424491289412 -0.03) (0.298970020209 0.424943569372 -0.03) (0.299875071776 0.425395849331 -0.03) (0.300780123342 0.425848129291 -0.03) (0.301685174909 0.426300409251 -0.03) (0.302590226476 0.42675268921 -0.03) (0.303495278043 0.42720496917 -0.03) (0.304400329609 0.427657249129 -0.03) (0.305305381176 0.428109529089 -0.03) (0.306210432743 0.428561809048 -0.03) (0.30711548431 0.429014089008 -0.03) (0.308020535876 0.429466368968 -0.03) (0.308925587443 0.429918648927 -0.03) (0.30983063901 0.430370928887 -0.03) (0.310735690577 0.430823208846 -0.03) (0.311640742143 0.431275488806 -0.03) (0.31254579371 0.431727768765 -0.03) (0.313450845277 0.432180048725 -0.03) (0.314355896844 0.432632328685 -0.03) (0.31526094841 0.433084608644 -0.03) (0.316165999977 0.433536888604 -0.03) (0.317071051544 0.433989168563 -0.03) (0.317976103111 0.434441448523 -0.03) (0.318881154677 0.434893728482 -0.03) (0.319786206244 0.435346008442 -0.03) (0.320691257811 0.435798288402 -0.03) (0.321596309378 0.436250568361 -0.03) (0.322501360944 0.436702848321 -0.03) (0.323406412511 0.43715512828 -0.03) (0.324311464078 0.43760740824 -0.03) (0.325216515645 0.438059688199 -0.03) (0.326121567211 0.438511968159 -0.03) (0.327026618778 0.438964248119 -0.03) (0.327931670345 0.439416528078 -0.03) (0.328836721912 0.439868808038 -0.03) (0.329741773478 0.440321087997 -0.03) (0.330646825045 0.440773367957 -0.03) (0.331551876612 0.441225647916 -0.03) (0.332456928179 0.441677927876 -0.03) (0.333361979745 0.442130207836 -0.03) (0.334267031312 0.442582487795 -0.03) (0.335172082879 0.443034767755 -0.03) (0.336077134446 0.443487047714 -0.03) (0.336982186012 0.443939327674 -0.03) (0.337887237579 0.444391607633 -0.03))
    polyLine 38 42 ((0.285394246707 0.418159369978 0) (0.286299298274 0.418611649938 0) (0.287204349841 0.419063929897 0) (0.288109401408 0.419516209857 0) (0.289014452974 0.419968489817 0) (0.289919504541 0.420420769776 0) (0.290824556108 0.420873049736 0) (0.291729607675 0.421325329695 0) (0.292634659241 0.421777609655 0) (0.293539710808 0.422229889614 0) (0.294444762375 0.422682169574 0) (0.295349813942 0.423134449534 0) (0.296254865509 0.423586729493 0) (0.297159917075 0.424039009453 0) (0.298064968642 0.424491289412 0) (0.298970020209 0.424943569372 0) (0.299875071776 0.425395849331 0) (0.300780123342 0.425848129291 0) (0.301685174909 0.426300409251 0) (0.302590226476 0.42675268921 0) (0.303495278043 0.42720496917 0) (0.304400329609 0.427657249129 0) (0.305305381176 0.428109529089 0) (0.306210432743 0.428561809048 0) (0.30711548431 0.429014089008 0) (0.308020535876 0.429466368968 0) (0.308925587443 0.429918648927 0) (0.30983063901 0.430370928887 0) (0.310735690577 0.430823208846 0) (0.311640742143 0.431275488806 0) (0.31254579371 0.431727768765 0) (0.313450845277 0.432180048725 0) (0.314355896844 0.432632328685 0) (0.31526094841 0.433084608644 0) (0.316165999977 0.433536888604 0) (0.317071051544 0.433989168563 0) (0.317976103111 0.434441448523 0) (0.318881154677 0.434893728482 0) (0.319786206244 0.435346008442 0) (0.320691257811 0.435798288402 0) (0.321596309378 0.436250568361 0) (0.322501360944 0.436702848321 0) (0.323406412511 0.43715512828 0) (0.324311464078 0.43760740824 0) (0.325216515645 0.438059688199 0) (0.326121567211 0.438511968159 0) (0.327026618778 0.438964248119 0) (0.327931670345 0.439416528078 0) (0.328836721912 0.439868808038 0) (0.329741773478 0.440321087997 0) (0.330646825045 0.440773367957 0) (0.331551876612 0.441225647916 0) (0.332456928179 0.441677927876 0) (0.333361979745 0.442130207836 0) (0.334267031312 0.442582487795 0) (0.335172082879 0.443034767755 0) (0.336077134446 0.443487047714 0) (0.336982186012 0.443939327674 0) (0.337887237579 0.444391607633 0))
    polyLine 37 41 ((0.0783348200526 0.654538631364 -0.03) (0.0806767955989 0.65767731277 -0.03) (0.0830273407566 0.660816901614 -0.03) (0.0853864915635 0.663957481035 -0.03) (0.0877542852658 0.66709913465 -0.03) (0.0901307603203 0.670241946555 -0.03) (0.0925159563974 0.67338600133 -0.03) (0.0949099143836 0.676531384048 -0.03) (0.097312676385 0.679678180274 -0.03) (0.0997242857305 0.682826476078 -0.03) (0.102144786976 0.685976358033 -0.03) (0.104574225906 0.689127913226 -0.03) (0.107012649541 0.692281229262 -0.03) (0.109460106139 0.69543639427 -0.03) (0.111916645204 0.698593496912 -0.03) (0.114382317484 0.701752626386 -0.03) (0.116857174983 0.704913872437 -0.03) (0.119341270964 0.708077325358 -0.03) (0.121834659952 0.711243076005 -0.03) (0.124337397743 0.7144112158 -0.03) (0.12684954141 0.717581836738 -0.03) (0.129371149308 0.720755031398 -0.03) (0.131902281083 0.72393089295 -0.03))
    polyLine 39 43 ((0.0783348200526 0.654538631364 0) (0.0806767955989 0.65767731277 0) (0.0830273407566 0.660816901614 0) (0.0853864915635 0.663957481035 0) (0.0877542852658 0.66709913465 0) (0.0901307603203 0.670241946555 0) (0.0925159563974 0.67338600133 0) (0.0949099143836 0.676531384048 0) (0.097312676385 0.679678180274 0) (0.0997242857305 0.682826476078 0) (0.102144786976 0.685976358033 0) (0.104574225906 0.689127913226 0) (0.107012649541 0.692281229262 0) (0.109460106139 0.69543639427 0) (0.111916645204 0.698593496912 0) (0.114382317484 0.701752626386 0) (0.116857174983 0.704913872437 0) (0.119341270964 0.708077325358 0) (0.121834659952 0.711243076005 0) (0.124337397743 0.7144112158 0) (0.12684954141 0.717581836738 0) (0.129371149308 0.720755031398 0) (0.131902281083 0.72393089295 0))
    polyLine 40 44 ((0.338792289146 0.444843887593 -0.03) (0.339697340713 0.445296167553 -0.03) (0.340602392279 0.445748447512 -0.03) (0.341507443846 0.446200727472 -0.03) (0.342412495413 0.446653007431 -0.03) (0.34331754698 0.447105287391 -0.03) (0.344222598546 0.44755756735 -0.03) (0.345127650113 0.44800984731 -0.03) (0.34603270168 0.44846212727 -0.03) (0.346937753247 0.448914407229 -0.03) (0.347842804813 0.449366687189 -0.03) (0.34874785638 0.449818967148 -0.03) (0.349652907947 0.450271247108 -0.03) (0.350557959514 0.450723527067 -0.03) (0.35146301108 0.451175807027 -0.03) (0.352368062647 0.451628086987 -0.03) (0.353273114214 0.452080366946 -0.03) (0.354178165781 0.452532646906 -0.03) (0.355083217347 0.452984926865 -0.03) (0.355988268914 0.453437206825 -0.03) (0.356893320481 0.453889486785 -0.03) (0.357798372048 0.454341766744 -0.03) (0.358703423614 0.454794046704 -0.03) (0.359608475181 0.455246326663 -0.03) (0.360513526748 0.455698606623 -0.03) (0.361418578315 0.456150886582 -0.03) (0.362323629881 0.456603166542 -0.03) (0.363228681448 0.457055446502 -0.03) (0.364133733015 0.457507726461 -0.03) (0.365038784582 0.457960006421 -0.03) (0.365943836148 0.45841228638 -0.03) (0.366848887715 0.45886456634 -0.03) (0.367753939282 0.459316846299 -0.03) (0.368658990849 0.459769126259 -0.03) (0.369564042415 0.460221406219 -0.03) (0.370469093982 0.460673686178 -0.03) (0.371374145549 0.461125966138 -0.03) (0.372279197116 0.461578246097 -0.03) (0.373184248683 0.462030526057 -0.03) (0.374089300249 0.462482806016 -0.03) (0.374994351816 0.462935085976 -0.03) (0.375899403383 0.463387365936 -0.03) (0.37680445495 0.463839645895 -0.03) (0.377709506516 0.464291925855 -0.03) (0.378614558083 0.464744205814 -0.03) (0.37951960965 0.465196485774 -0.03) (0.380424661217 0.465648765733 -0.03) (0.381329712783 0.466101045693 -0.03) (0.38223476435 0.466553325653 -0.03) (0.383139815917 0.467005605612 -0.03) (0.384044867484 0.467457885572 -0.03) (0.38494991905 0.467910165531 -0.03) (0.385854970617 0.468362445491 -0.03) (0.386760022184 0.46881472545 -0.03) (0.387665073751 0.46926700541 -0.03) (0.388570125317 0.46971928537 -0.03) (0.389475176884 0.470171565329 -0.03) (0.390380228451 0.470623845289 -0.03) (0.391285280018 0.471076125248 -0.03))
    polyLine 42 46 ((0.338792289146 0.444843887593 0) (0.339697340713 0.445296167553 0) (0.340602392279 0.445748447512 0) (0.341507443846 0.446200727472 0) (0.342412495413 0.446653007431 0) (0.34331754698 0.447105287391 0) (0.344222598546 0.44755756735 0) (0.345127650113 0.44800984731 0) (0.34603270168 0.44846212727 0) (0.346937753247 0.448914407229 0) (0.347842804813 0.449366687189 0) (0.34874785638 0.449818967148 0) (0.349652907947 0.450271247108 0) (0.350557959514 0.450723527067 0) (0.35146301108 0.451175807027 0) (0.352368062647 0.451628086987 0) (0.353273114214 0.452080366946 0) (0.354178165781 0.452532646906 0) (0.355083217347 0.452984926865 0) (0.355988268914 0.453437206825 0) (0.356893320481 0.453889486785 0) (0.357798372048 0.454341766744 0) (0.358703423614 0.454794046704 0) (0.359608475181 0.455246326663 0) (0.360513526748 0.455698606623 0) (0.361418578315 0.456150886582 0) (0.362323629881 0.456603166542 0) (0.363228681448 0.457055446502 0) (0.364133733015 0.457507726461 0) (0.365038784582 0.457960006421 0) (0.365943836148 0.45841228638 0) (0.366848887715 0.45886456634 0) (0.367753939282 0.459316846299 0) (0.368658990849 0.459769126259 0) (0.369564042415 0.460221406219 0) (0.370469093982 0.460673686178 0) (0.371374145549 0.461125966138 0) (0.372279197116 0.461578246097 0) (0.373184248683 0.462030526057 0) (0.374089300249 0.462482806016 0) (0.374994351816 0.462935085976 0) (0.375899403383 0.463387365936 0) (0.37680445495 0.463839645895 0) (0.377709506516 0.464291925855 0) (0.378614558083 0.464744205814 0) (0.37951960965 0.465196485774 0) (0.380424661217 0.465648765733 0) (0.381329712783 0.466101045693 0) (0.38223476435 0.466553325653 0) (0.383139815917 0.467005605612 0) (0.384044867484 0.467457885572 0) (0.38494991905 0.467910165531 0) (0.385854970617 0.468362445491 0) (0.386760022184 0.46881472545 0) (0.387665073751 0.46926700541 0) (0.388570125317 0.46971928537 0) (0.389475176884 0.470171565329 0) (0.390380228451 0.470623845289 0) (0.391285280018 0.471076125248 0))
    polyLine 41 45 ((0.13708432551 0.730404297618 -0.03) (0.139736070069 0.73370224751 -0.03) (0.142398303484 0.737003471075 -0.03) (0.145071099413 0.740308075279 -0.03) (0.147754533052 0.743616167832 -0.03) (0.150448681147 0.746927857201 -0.03) (0.153153622 0.750243252615 -0.03) (0.155869435486 0.753562464085 -0.03) (0.158596203061 0.756885602413 -0.03) (0.161334007773 0.760212779205 -0.03) (0.164082934281 0.763544106885 -0.03) (0.166843068859 0.766879698706 -0.03) (0.169614499417 0.770219668768 -0.03) (0.172397315511 0.773564132031 -0.03) (0.175191608356 0.776913204326 -0.03) (0.177997470846 0.780267002372 -0.03) (0.180814997562 0.783625643794 -0.03) (0.183644284795 0.786989247134 -0.03) (0.186485430555 0.790357931868 -0.03) (0.189338534593 0.793731818423 -0.03) (0.192203698416 0.797111028194 -0.03) (0.195081025303 0.800495683559 -0.03) (0.197970620326 0.803885907896 -0.03))
    polyLine 43 47 ((0.13708432551 0.730404297618 0) (0.139736070069 0.73370224751 0) (0.142398303484 0.737003471075 0) (0.145071099413 0.740308075279 0) (0.147754533052 0.743616167832 0) (0.150448681147 0.746927857201 0) (0.153153622 0.750243252615 0) (0.155869435486 0.753562464085 0) (0.158596203061 0.756885602413 0) (0.161334007773 0.760212779205 0) (0.164082934281 0.763544106885 0) (0.166843068859 0.766879698706 0) (0.169614499417 0.770219668768 0) (0.172397315511 0.773564132031 0) (0.175191608356 0.776913204326 0) (0.177997470846 0.780267002372 0) (0.180814997562 0.783625643794 0) (0.183644284795 0.786989247134 0) (0.186485430555 0.790357931868 0) (0.189338534593 0.793731818423 0) (0.192203698416 0.797111028194 0) (0.195081025303 0.800495683559 0) (0.197970620326 0.803885907896 0))
    polyLine 44 48 ((0.392190331584 0.471528405208 -0.03) (0.393095383151 0.471980685167 -0.03) (0.394000434718 0.472432965127 -0.03) (0.394905486285 0.472885245087 -0.03) (0.395810537851 0.473337525046 -0.03) (0.396715589418 0.473789805006 -0.03) (0.397620640985 0.474242084965 -0.03) (0.398525692552 0.474694364925 -0.03) (0.399430744118 0.475146644884 -0.03) (0.400335795685 0.475598924844 -0.03) (0.401240847252 0.476051204804 -0.03) (0.402145898819 0.476503484763 -0.03) (0.403050950385 0.476955764723 -0.03) (0.403956001952 0.477408044682 -0.03) (0.404861053519 0.477860324642 -0.03) (0.405766105086 0.478312604601 -0.03) (0.406671156652 0.478764884561 -0.03) (0.407576208219 0.479217164521 -0.03) (0.408481259786 0.47966944448 -0.03) (0.409386311353 0.48012172444 -0.03) (0.410291362919 0.480574004399 -0.03) (0.411196414486 0.481026284359 -0.03) (0.412101466053 0.481478564318 -0.03) (0.41300651762 0.481930844278 -0.03) (0.413911569186 0.482383124238 -0.03) (0.414816620753 0.482835404197 -0.03) (0.41572167232 0.483287684157 -0.03) (0.416626723887 0.483739964116 -0.03) (0.417531775453 0.484192244076 -0.03) (0.41843682702 0.484644524035 -0.03) (0.419341878587 0.485096803995 -0.03) (0.420246930154 0.485549083955 -0.03) (0.42115198172 0.486001363914 -0.03) (0.422057033287 0.486453643874 -0.03) (0.422962084854 0.486905923833 -0.03) (0.423867136421 0.487358203793 -0.03) (0.424772187987 0.487810483752 -0.03) (0.425677239554 0.488262763712 -0.03) (0.426582291121 0.488715043672 -0.03) (0.427487342688 0.489167323631 -0.03) (0.428392394254 0.489619603591 -0.03) (0.429297445821 0.49007188355 -0.03) (0.430202497388 0.49052416351 -0.03) (0.431107548955 0.490976443469 -0.03) (0.432012600521 0.491428723429 -0.03) (0.432917652088 0.491881003389 -0.03) (0.433822703655 0.492333283348 -0.03) (0.434727755222 0.492785563308 -0.03) (0.435632806788 0.493237843267 -0.03) (0.436537858355 0.493690123227 -0.03) (0.437442909922 0.494142403186 -0.03) (0.438347961489 0.494594683146 -0.03) (0.439253013055 0.495046963106 -0.03) (0.440158064622 0.495499243065 -0.03) (0.441063116189 0.495951523025 -0.03) (0.441968167756 0.496403802984 -0.03) (0.442873219322 0.496856082944 -0.03) (0.443778270889 0.497308362903 -0.03) (0.444683322456 0.497760642863 -0.03))
    polyLine 46 50 ((0.392190331584 0.471528405208 0) (0.393095383151 0.471980685167 0) (0.394000434718 0.472432965127 0) (0.394905486285 0.472885245087 0) (0.395810537851 0.473337525046 0) (0.396715589418 0.473789805006 0) (0.397620640985 0.474242084965 0) (0.398525692552 0.474694364925 0) (0.399430744118 0.475146644884 0) (0.400335795685 0.475598924844 0) (0.401240847252 0.476051204804 0) (0.402145898819 0.476503484763 0) (0.403050950385 0.476955764723 0) (0.403956001952 0.477408044682 0) (0.404861053519 0.477860324642 0) (0.405766105086 0.478312604601 0) (0.406671156652 0.478764884561 0) (0.407576208219 0.479217164521 0) (0.408481259786 0.47966944448 0) (0.409386311353 0.48012172444 0) (0.410291362919 0.480574004399 0) (0.411196414486 0.481026284359 0) (0.412101466053 0.481478564318 0) (0.41300651762 0.481930844278 0) (0.413911569186 0.482383124238 0) (0.414816620753 0.482835404197 0) (0.41572167232 0.483287684157 0) (0.416626723887 0.483739964116 0) (0.417531775453 0.484192244076 0) (0.41843682702 0.484644524035 0) (0.419341878587 0.485096803995 0) (0.420246930154 0.485549083955 0) (0.42115198172 0.486001363914 0) (0.422057033287 0.486453643874 0) (0.422962084854 0.486905923833 0) (0.423867136421 0.487358203793 0) (0.424772187987 0.487810483752 0) (0.425677239554 0.488262763712 0) (0.426582291121 0.488715043672 0) (0.427487342688 0.489167323631 0) (0.428392394254 0.489619603591 0) (0.429297445821 0.49007188355 0) (0.430202497388 0.49052416351 0) (0.431107548955 0.490976443469 0) (0.432012600521 0.491428723429 0) (0.432917652088 0.491881003389 0) (0.433822703655 0.492333283348 0) (0.434727755222 0.492785563308 0) (0.435632806788 0.493237843267 0) (0.436537858355 0.493690123227 0) (0.437442909922 0.494142403186 0) (0.438347961489 0.494594683146 0) (0.439253013055 0.495046963106 0) (0.440158064622 0.495499243065 0) (0.441063116189 0.495951523025 0) (0.441968167756 0.496403802984 0) (0.442873219322 0.496856082944 0) (0.443778270889 0.497308362903 0) (0.444683322456 0.497760642863 0))
    polyLine 45 49 ((0.203821718118 0.810723980852 -0.03) (0.206783742314 0.814172224935 -0.03) (0.209758779465 0.81762669003 -0.03) (0.212746948065 0.821087509462 -0.03) (0.215748368614 0.824554817722 -0.03) (0.218763163635 0.828028750487 -0.03) (0.221791457703 0.831509444643 -0.03) (0.224833377469 0.834997038308 -0.03) (0.227889051681 0.83849167085 -0.03) (0.230958611213 0.841993482917 -0.03) (0.234042189093 0.845502616452 -0.03) (0.237139920524 0.849019214722 -0.03) (0.240251942917 0.852543422343 -0.03) (0.243378395917 0.856075385302 -0.03) (0.246519421434 0.859615250981 -0.03) (0.249675163669 0.863163168187 -0.03) (0.252845769149 0.866719287178 -0.03) (0.256031386756 0.870283759684 -0.03) (0.259232167759 0.873856738942 -0.03) (0.262448265847 0.877438379719 -0.03) (0.265679837163 0.881028838344 -0.03) (0.26892704034 0.884628272733 -0.03) (0.272190036533 0.888236842422 -0.03))
    polyLine 47 51 ((0.203821718118 0.810723980852 0) (0.206783742314 0.814172224935 0) (0.209758779465 0.81762669003 0) (0.212746948065 0.821087509462 0) (0.215748368614 0.824554817722 0) (0.218763163635 0.828028750487 0) (0.221791457703 0.831509444643 0) (0.224833377469 0.834997038308 0) (0.227889051681 0.83849167085 0) (0.230958611213 0.841993482917 0) (0.234042189093 0.845502616452 0) (0.237139920524 0.849019214722 0) (0.240251942917 0.852543422343 0) (0.243378395917 0.856075385302 0) (0.246519421434 0.859615250981 0) (0.249675163669 0.863163168187 0) (0.252845769149 0.866719287178 0) (0.256031386756 0.870283759684 0) (0.259232167759 0.873856738942 0) (0.262448265847 0.877438379719 0) (0.265679837163 0.881028838344 0) (0.26892704034 0.884628272733 0) (0.272190036533 0.888236842422 0))
    polyLine 48 52 ((0.445588374023 0.498212922823 -0.03) (0.44649342559 0.498665202782 -0.03) (0.447398477156 0.499117482742 -0.03) (0.448303528723 0.499569762701 -0.03) (0.44920858029 0.500022042661 -0.03) (0.450113631857 0.50047432262 -0.03) (0.451018683423 0.50092660258 -0.03) (0.45192373499 0.50137888254 -0.03) (0.452828786557 0.501831162499 -0.03) (0.453733838124 0.502283442459 -0.03) (0.45463888969 0.502735722418 -0.03) (0.455543941257 0.503188002378 -0.03) (0.456448992824 0.503640282337 -0.03) (0.457354044391 0.504092562297 -0.03) (0.458259095957 0.504544842257 -0.03) (0.459164147524 0.504997122216 -0.03) (0.460069199091 0.505449402176 -0.03) (0.460974250658 0.505901682135 -0.03) (0.461879302224 0.506353962095 -0.03) (0.462784353791 0.506806242054 -0.03) (0.463689405358 0.507258522014 -0.03) (0.464594456925 0.507710801974 -0.03) (0.465499508491 0.508163081933 -0.03) (0.466404560058 0.508615361893 -0.03) (0.467309611625 0.509067641852 -0.03) (0.468214663192 0.509519921812 -0.03) (0.469119714758 0.509972201771 -0.03) (0.470024766325 0.510424481731 -0.03) (0.470929817892 0.510876761691 -0.03) (0.471834869459 0.51132904165 -0.03) (0.472739921025 0.51178132161 -0.03) (0.473644972592 0.512233601569 -0.03) (0.474550024159 0.512685881529 -0.03) (0.475455075726 0.513138161488 -0.03) (0.476360127292 0.513590441448 -0.03) (0.477265178859 0.514042721408 -0.03) (0.478170230426 0.514495001367 -0.03) (0.479075281993 0.514947281327 -0.03) (0.479980333559 0.515399561286 -0.03) (0.480885385126 0.515851841246 -0.03) (0.481790436693 0.516304121206 -0.03) (0.48269548826 0.516756401165 -0.03) (0.483600539826 0.517208681125 -0.03) (0.484505591393 0.517660961084 -0.03) (0.48541064296 0.518113241044 -0.03) (0.486315694527 0.518565521003 -0.03) (0.487220746093 0.519017800963 -0.03) (0.48812579766 0.519470080923 -0.03) (0.489030849227 0.519922360882 -0.03) (0.489935900794 0.520374640842 -0.03) (0.49084095236 0.520826920801 -0.03) (0.491746003927 0.521279200761 -0.03) (0.492651055494 0.52173148072 -0.03) (0.493556107061 0.52218376068 -0.03) (0.494461158627 0.52263604064 -0.03) (0.495366210194 0.523088320599 -0.03) (0.496271261761 0.523540600559 -0.03) (0.497176313328 0.523992880518 -0.03) (0.498081364894 0.524445160478 -0.03))
    polyLine 50 54 ((0.445588374023 0.498212922823 0) (0.44649342559 0.498665202782 0) (0.447398477156 0.499117482742 0) (0.448303528723 0.499569762701 0) (0.44920858029 0.500022042661 0) (0.450113631857 0.50047432262 0) (0.451018683423 0.50092660258 0) (0.45192373499 0.50137888254 0) (0.452828786557 0.501831162499 0) (0.453733838124 0.502283442459 0) (0.45463888969 0.502735722418 0) (0.455543941257 0.503188002378 0) (0.456448992824 0.503640282337 0) (0.457354044391 0.504092562297 0) (0.458259095957 0.504544842257 0) (0.459164147524 0.504997122216 0) (0.460069199091 0.505449402176 0) (0.460974250658 0.505901682135 0) (0.461879302224 0.506353962095 0) (0.462784353791 0.506806242054 0) (0.463689405358 0.507258522014 0) (0.464594456925 0.507710801974 0) (0.465499508491 0.508163081933 0) (0.466404560058 0.508615361893 0) (0.467309611625 0.509067641852 0) (0.468214663192 0.509519921812 0) (0.469119714758 0.509972201771 0) (0.470024766325 0.510424481731 0) (0.470929817892 0.510876761691 0) (0.471834869459 0.51132904165 0) (0.472739921025 0.51178132161 0) (0.473644972592 0.512233601569 0) (0.474550024159 0.512685881529 0) (0.475455075726 0.513138161488 0) (0.476360127292 0.513590441448 0) (0.477265178859 0.514042721408 0) (0.478170230426 0.514495001367 0) (0.479075281993 0.514947281327 0) (0.479980333559 0.515399561286 0) (0.480885385126 0.515851841246 0) (0.481790436693 0.516304121206 0) (0.48269548826 0.516756401165 0) (0.483600539826 0.517208681125 0) (0.484505591393 0.517660961084 0) (0.48541064296 0.518113241044 0) (0.486315694527 0.518565521003 0) (0.487220746093 0.519017800963 0) (0.48812579766 0.519470080923 0) (0.489030849227 0.519922360882 0) (0.489935900794 0.520374640842 0) (0.49084095236 0.520826920801 0) (0.491746003927 0.521279200761 0) (0.492651055494 0.52173148072 0) (0.493556107061 0.52218376068 0) (0.494461158627 0.52263604064 0) (0.495366210194 0.523088320599 0) (0.496271261761 0.523540600559 0) (0.497176313328 0.523992880518 0) (0.498081364894 0.524445160478 0))
    polyLine 49 53 ((0.278724026424 0.895438007617 -0.03) (0.281994960787 0.899030696704 -0.03) (0.285281957957 0.902632936176 -0.03) (0.288585185927 0.906244888041 -0.03) (0.291904815315 0.90986671603 -0.03) (0.295241019397 0.913498585633 -0.03) (0.298593974155 0.917140664125 -0.03) (0.301963858311 0.920793120606 -0.03) (0.305350853373 0.924456126033 -0.03) (0.308755143679 0.928129853253 -0.03) (0.312176916438 0.931814477042 -0.03) (0.315616361777 0.935510174141 -0.03) (0.319073672788 0.939217123292 -0.03) (0.322549045575 0.942935505275 -0.03) (0.326042679301 0.94666550295 -0.03) (0.329554776239 0.950407301295 -0.03) (0.333085541822 0.954161087448 -0.03) (0.336635184697 0.957927050744 -0.03) (0.340203916775 0.961705382764 -0.03) (0.343791953289 0.965496277372 -0.03) (0.347399512847 0.969299930763 -0.03) (0.351026817491 0.973116541507 -0.03) (0.354674092754 0.976946310593 -0.03))
    polyLine 51 55 ((0.278724026424 0.895438007617 0) (0.281994960787 0.899030696704 0) (0.285281957957 0.902632936176 0) (0.288585185927 0.906244888041 0) (0.291904815315 0.90986671603 0) (0.295241019397 0.913498585633 0) (0.298593974155 0.917140664125 0) (0.301963858311 0.920793120606 0) (0.305350853373 0.924456126033 0) (0.308755143679 0.928129853253 0) (0.312176916438 0.931814477042 0) (0.315616361777 0.935510174141 0) (0.319073672788 0.939217123292 0) (0.322549045575 0.942935505275 0) (0.326042679301 0.94666550295 0) (0.329554776239 0.950407301295 0) (0.333085541822 0.954161087448 0) (0.336635184697 0.957927050744 0) (0.340203916775 0.961705382764 0) (0.343791953289 0.965496277372 0) (0.347399512847 0.969299930763 0) (0.351026817491 0.973116541507 0) (0.354674092754 0.976946310593 0))
    polyLine 52 56 ((0.498986416461 0.524897440437 -0.03) (0.499891468028 0.525349720397 -0.03) (0.500796519595 0.525802000357 -0.03) (0.501701571161 0.526254280316 -0.03) (0.502606622728 0.526706560276 -0.03) (0.503511674295 0.527158840235 -0.03) (0.504416725862 0.527611120195 -0.03) (0.505321777428 0.528063400154 -0.03) (0.506226828995 0.528515680114 -0.03) (0.507131880562 0.528967960074 -0.03) (0.508036932129 0.529420240033 -0.03) (0.508941983695 0.529872519993 -0.03) (0.509847035262 0.530324799952 -0.03) (0.510752086829 0.530777079912 -0.03) (0.511657138396 0.531229359871 -0.03) (0.512562189962 0.531681639831 -0.03) (0.513467241529 0.532133919791 -0.03) (0.514372293096 0.53258619975 -0.03) (0.515277344663 0.53303847971 -0.03) (0.516182396229 0.533490759669 -0.03) (0.517087447796 0.533943039629 -0.03) (0.517992499363 0.534395319588 -0.03) (0.51889755093 0.534847599548 -0.03) (0.519802602497 0.535299879508 -0.03) (0.520707654063 0.535752159467 -0.03) (0.52161270563 0.536204439427 -0.03) (0.522517757197 0.536656719386 -0.03) (0.523422808764 0.537108999346 -0.03) (0.52432786033 0.537561279305 -0.03) (0.525232911897 0.538013559265 -0.03) (0.526137963464 0.538465839225 -0.03) (0.527043015031 0.538918119184 -0.03) (0.527948066597 0.539370399144 -0.03) (0.528853118164 0.539822679103 -0.03) (0.529758169731 0.540274959063 -0.03) (0.530663221298 0.540727239022 -0.03) (0.531568272864 0.541179518982 -0.03) (0.532473324431 0.541631798942 -0.03) (0.533378375998 0.542084078901 -0.03) (0.534283427565 0.542536358861 -0.03) (0.535188479131 0.54298863882 -0.03) (0.536093530698 0.54344091878 -0.03) (0.536998582265 0.543893198739 -0.03) (0.537903633832 0.544345478699 -0.03) (0.538808685398 0.544797758659 -0.03) (0.539713736965 0.545250038618 -0.03) (0.540618788532 0.545702318578 -0.03) (0.541523840099 0.546154598537 -0.03) (0.542428891665 0.546606878497 -0.03) (0.543333943232 0.547059158456 -0.03) (0.544238994799 0.547511438416 -0.03) (0.545144046366 0.547963718376 -0.03) (0.546049097932 0.548415998335 -0.03) (0.546954149499 0.548868278295 -0.03) (0.547859201066 0.549320558254 -0.03) (0.548764252633 0.549772838214 -0.03) (0.549669304199 0.550225118173 -0.03) (0.550574355766 0.550677398133 -0.03) (0.551479407333 0.551129678093 -0.03))
    polyLine 54 58 ((0.498986416461 0.524897440437 0) (0.499891468028 0.525349720397 0) (0.500796519595 0.525802000357 0) (0.501701571161 0.526254280316 0) (0.502606622728 0.526706560276 0) (0.503511674295 0.527158840235 0) (0.504416725862 0.527611120195 0) (0.505321777428 0.528063400154 0) (0.506226828995 0.528515680114 0) (0.507131880562 0.528967960074 0) (0.508036932129 0.529420240033 0) (0.508941983695 0.529872519993 0) (0.509847035262 0.530324799952 0) (0.510752086829 0.530777079912 0) (0.511657138396 0.531229359871 0) (0.512562189962 0.531681639831 0) (0.513467241529 0.532133919791 0) (0.514372293096 0.53258619975 0) (0.515277344663 0.53303847971 0) (0.516182396229 0.533490759669 0) (0.517087447796 0.533943039629 0) (0.517992499363 0.534395319588 0) (0.51889755093 0.534847599548 0) (0.519802602497 0.535299879508 0) (0.520707654063 0.535752159467 0) (0.52161270563 0.536204439427 0) (0.522517757197 0.536656719386 0) (0.523422808764 0.537108999346 0) (0.52432786033 0.537561279305 0) (0.525232911897 0.538013559265 0) (0.526137963464 0.538465839225 0) (0.527043015031 0.538918119184 0) (0.527948066597 0.539370399144 0) (0.528853118164 0.539822679103 0) (0.529758169731 0.540274959063 0) (0.530663221298 0.540727239022 0) (0.531568272864 0.541179518982 0) (0.532473324431 0.541631798942 0) (0.533378375998 0.542084078901 0) (0.534283427565 0.542536358861 0) (0.535188479131 0.54298863882 0) (0.536093530698 0.54344091878 0) (0.536998582265 0.543893198739 0) (0.537903633832 0.544345478699 0) (0.538808685398 0.544797758659 0) (0.539713736965 0.545250038618 0) (0.540618788532 0.545702318578 0) (0.541523840099 0.546154598537 0) (0.542428891665 0.546606878497 0) (0.543333943232 0.547059158456 0) (0.544238994799 0.547511438416 0) (0.545144046366 0.547963718376 0) (0.546049097932 0.548415998335 0) (0.546954149499 0.548868278295 0) (0.547859201066 0.549320558254 0) (0.548764252633 0.549772838214 0) (0.549669304199 0.550225118173 0) (0.550574355766 0.550677398133 0) (0.551479407333 0.551129678093 0))
    polyLine 53 57 ((0.361901056188 0.984511974814 -0.03) (0.365479795057 0.988247337425 -0.03) (0.369078000105 0.9919957191 -0.03) (0.372695890408 0.995757311938 -0.03) (0.3763336884 0.999532310394 -0.03) (0.379991619927 1.00332091132 -0.03) (0.383669914306 1.00712331402 -0.03) (0.387368804388 1.01093972028 -0.03) (0.391088526618 1.01477033445 -0.03) (0.394829321097 1.01861536344 -0.03) (0.398591431648 1.02247501681 -0.03) (0.402375105881 1.02634950682 -0.03) (0.406180595263 1.03023904847 -0.03) (0.410008155181 1.03414385954 -0.03) (0.413858045021 1.03806416067 -0.03) (0.417730528233 1.04200017541 -0.03) (0.421625872411 1.04595213027 -0.03) (0.425544349363 1.04992025476 -0.03) (0.429486235195 1.0539047815 -0.03) (0.433451810383 1.05790594623 -0.03) (0.437441359862 1.0619239879 -0.03) (0.441455173103 1.06595914872 -0.03) (0.445493544202 1.07001167423 -0.03))
    polyLine 55 59 ((0.361901056188 0.984511974814 0) (0.365479795057 0.988247337425 0) (0.369078000105 0.9919957191 0) (0.372695890408 0.995757311938 0) (0.3763336884 0.999532310394 0) (0.379991619927 1.00332091132 0) (0.383669914306 1.00712331402 0) (0.387368804388 1.01093972028 0) (0.391088526618 1.01477033445 0) (0.394829321097 1.01861536344 0) (0.398591431648 1.02247501681 0) (0.402375105881 1.02634950682 0) (0.406180595263 1.03023904847 0) (0.410008155181 1.03414385954 0) (0.413858045021 1.03806416067 0) (0.417730528233 1.04200017541 0) (0.421625872411 1.04595213027 0) (0.425544349363 1.04992025476 0) (0.429486235195 1.0539047815 0) (0.433451810383 1.05790594623 0) (0.437441359862 1.0619239879 0) (0.441455173103 1.06595914872 0) (0.445493544202 1.07001167423 0))
    polyLine 56 60 ((0.5523844589 0.551581958052 -0.03) (0.553289510466 0.552034238012 -0.03) (0.554194562033 0.552486517971 -0.03) (0.5550996136 0.552938797931 -0.03) (0.556004665167 0.55339107789 -0.03) (0.556909716733 0.55384335785 -0.03) (0.5578147683 0.55429563781 -0.03) (0.558719819867 0.554747917769 -0.03) (0.559624871434 0.555200197729 -0.03) (0.560529923 0.555652477688 -0.03) (0.561434974567 0.556104757648 -0.03) (0.562340026134 0.556557037607 -0.03) (0.563245077701 0.557009317567 -0.03) (0.564150129267 0.557461597527 -0.03) (0.565055180834 0.557913877486 -0.03) (0.565960232401 0.558366157446 -0.03) (0.566865283968 0.558818437405 -0.03) (0.567770335534 0.559270717365 -0.03) (0.568675387101 0.559722997324 -0.03) (0.569580438668 0.560175277284 -0.03) (0.570485490235 0.560627557244 -0.03) (0.571390541801 0.561079837203 -0.03) (0.572295593368 0.561532117163 -0.03) (0.573200644935 0.561984397122 -0.03) (0.574105696502 0.562436677082 -0.03) (0.575010748068 0.562888957041 -0.03) (0.575915799635 0.563341237001 -0.03) (0.576820851202 0.563793516961 -0.03) (0.577725902769 0.56424579692 -0.03) (0.578630954335 0.56469807688 -0.03) (0.579536005902 0.565150356839 -0.03) (0.580441057469 0.565602636799 -0.03) (0.581346109036 0.566054916758 -0.03) (0.582251160602 0.566507196718 -0.03) (0.583156212169 0.566959476678 -0.03) (0.584061263736 0.567411756637 -0.03) (0.584966315303 0.567864036597 -0.03) (0.585871366869 0.568316316556 -0.03) (0.586776418436 0.568768596516 -0.03) (0.587681470003 0.569220876475 -0.03) (0.58858652157 0.569673156435 -0.03) (0.589491573136 0.570125436395 -0.03) (0.590396624703 0.570577716354 -0.03) (0.59130167627 0.571029996314 -0.03) (0.592206727837 0.571482276273 -0.03) (0.593111779403 0.571934556233 -0.03) (0.59401683097 0.572386836192 -0.03) (0.594921882537 0.572839116152 -0.03) (0.595826934104 0.573291396112 -0.03) (0.596731985671 0.573743676071 -0.03) (0.597637037237 0.574195956031 -0.03) (0.598542088804 0.57464823599 -0.03) (0.599447140371 0.57510051595 -0.03) (0.600352191938 0.575552795909 -0.03) (0.601257243504 0.576005075869 -0.03) (0.602162295071 0.576457355829 -0.03) (0.603067346638 0.576909635788 -0.03) (0.603972398205 0.577361915748 -0.03) (0.604877449771 0.577814195707 -0.03))
    polyLine 58 62 ((0.5523844589 0.551581958052 0) (0.553289510466 0.552034238012 0) (0.554194562033 0.552486517971 0) (0.5550996136 0.552938797931 0) (0.556004665167 0.55339107789 0) (0.556909716733 0.55384335785 0) (0.5578147683 0.55429563781 0) (0.558719819867 0.554747917769 0) (0.559624871434 0.555200197729 0) (0.560529923 0.555652477688 0) (0.561434974567 0.556104757648 0) (0.562340026134 0.556557037607 0) (0.563245077701 0.557009317567 0) (0.564150129267 0.557461597527 0) (0.565055180834 0.557913877486 0) (0.565960232401 0.558366157446 0) (0.566865283968 0.558818437405 0) (0.567770335534 0.559270717365 0) (0.568675387101 0.559722997324 0) (0.569580438668 0.560175277284 0) (0.570485490235 0.560627557244 0) (0.571390541801 0.561079837203 0) (0.572295593368 0.561532117163 0) (0.573200644935 0.561984397122 0) (0.574105696502 0.562436677082 0) (0.575010748068 0.562888957041 0) (0.575915799635 0.563341237001 0) (0.576820851202 0.563793516961 0) (0.577725902769 0.56424579692 0) (0.578630954335 0.56469807688 0) (0.579536005902 0.565150356839 0) (0.580441057469 0.565602636799 0) (0.581346109036 0.566054916758 0) (0.582251160602 0.566507196718 0) (0.583156212169 0.566959476678 0) (0.584061263736 0.567411756637 0) (0.584966315303 0.567864036597 0) (0.585871366869 0.568316316556 0) (0.586776418436 0.568768596516 0) (0.587681470003 0.569220876475 0) (0.58858652157 0.569673156435 0) (0.589491573136 0.570125436395 0) (0.590396624703 0.570577716354 0) (0.59130167627 0.571029996314 0) (0.592206727837 0.571482276273 0) (0.593111779403 0.571934556233 0) (0.59401683097 0.572386836192 0) (0.594921882537 0.572839116152 0) (0.595826934104 0.573291396112 0) (0.596731985671 0.573743676071 0) (0.597637037237 0.574195956031 0) (0.598542088804 0.57464823599 0) (0.599447140371 0.57510051595 0) (0.600352191938 0.575552795909 0) (0.601257243504 0.576005075869 0) (0.602162295071 0.576457355829 0) (0.603067346638 0.576909635788 0) (0.603972398205 0.577361915748 0) (0.604877449771 0.577814195707 0))
    polyLine 57 61 ((0.453421209434 1.07794607809 -0.03) (0.457308394374 1.08182652669 -0.03) (0.461218591309 1.08572337823 -0.03) (0.465152068816 1.08963685467 -0.03) (0.469109099593 1.09356718098 -0.03) (0.47308996054 1.09751458516 -0.03) (0.477094932834 1.10147929833 -0.03) (0.481124302009 1.10546155476 -0.03) (0.485178358037 1.10946159193 -0.03) (0.489257395408 1.11347965065 -0.03) (0.493361713221 1.11751597503 -0.03) (0.497491615266 1.12157081262 -0.03) (0.501647410113 1.12564441446 -0.03) (0.505829411204 1.12973703512 -0.03) (0.510037936948 1.13384893282 -0.03) (0.514273310812 1.13798036944 -0.03) (0.518535861423 1.14213161064 -0.03) (0.522825922664 1.14630292592 -0.03) (0.527143833778 1.1504945887 -0.03) (0.531489939475 1.15470687639 -0.03) (0.535864590033 1.15894007049 -0.03) (0.540268141415 1.16319445662 -0.03) (0.544700955376 1.1674703247 -0.03))
    polyLine 59 63 ((0.453421209434 1.07794607809 0) (0.457308394374 1.08182652669 0) (0.461218591309 1.08572337823 0) (0.465152068816 1.08963685467 0) (0.469109099593 1.09356718098 0) (0.47308996054 1.09751458516 0) (0.477094932834 1.10147929833 0) (0.481124302009 1.10546155476 0) (0.485178358037 1.10946159193 0) (0.489257395408 1.11347965065 0) (0.493361713221 1.11751597503 0) (0.497491615266 1.12157081262 0) (0.501647410113 1.12564441446 0) (0.505829411204 1.12973703512 0) (0.510037936948 1.13384893282 0) (0.514273310812 1.13798036944 0) (0.518535861423 1.14213161064 0) (0.522825922664 1.14630292592 0) (0.527143833778 1.1504945887 0) (0.531489939475 1.15470687639 0) (0.535864590033 1.15894007049 0) (0.540268141415 1.16319445662 0) (0.544700955376 1.1674703247 0))
    polyLine 60 64 ((0.605782501338 0.578266475667 -0.03) (0.606687552905 0.578718755626 -0.03) (0.607592604472 0.579171035586 -0.03) (0.608497656038 0.579623315546 -0.03) (0.609402707605 0.580075595505 -0.03) (0.610307759172 0.580527875465 -0.03) (0.611212810739 0.580980155424 -0.03) (0.612117862305 0.581432435384 -0.03) (0.613022913872 0.581884715344 -0.03) (0.613927965439 0.582336995303 -0.03) (0.614833017006 0.582789275263 -0.03) (0.615738068572 0.583241555222 -0.03) (0.616643120139 0.583693835182 -0.03) (0.617548171706 0.584146115141 -0.03) (0.618453223273 0.584598395101 -0.03) (0.619358274839 0.585050675061 -0.03) (0.620263326406 0.58550295502 -0.03) (0.621168377973 0.58595523498 -0.03) (0.62207342954 0.586407514939 -0.03) (0.622978481106 0.586859794899 -0.03) (0.623883532673 0.587312074858 -0.03) (0.62478858424 0.587764354818 -0.03) (0.625693635807 0.588216634778 -0.03) (0.626598687373 0.588668914737 -0.03) (0.62750373894 0.589121194697 -0.03) (0.628408790507 0.589573474656 -0.03) (0.629313842074 0.590025754616 -0.03) (0.63021889364 0.590478034575 -0.03) (0.631123945207 0.590930314535 -0.03) (0.632028996774 0.591382594495 -0.03) (0.632934048341 0.591834874454 -0.03) (0.633839099907 0.592287154414 -0.03) (0.634744151474 0.592739434373 -0.03) (0.635649203041 0.593191714333 -0.03) (0.636554254608 0.593643994292 -0.03) (0.637459306174 0.594096274252 -0.03) (0.638364357741 0.594548554212 -0.03) (0.639269409308 0.595000834171 -0.03) (0.640167142119 0.595437701525 -0.03) (0.641073877696 0.5958555626 -0.03) (0.641989213703 0.596254231985 -0.03) (0.64291274399 0.596633532782 -0.03) (0.643844058769 0.596993296688 -0.03) (0.644782744797 0.59733336407 -0.03) (0.645728385564 0.597653584033 -0.03) (0.646680561471 0.597953814491 -0.03) (0.647638850019 0.598233922224 -0.03) (0.648602826 0.598493782945 -0.03) (0.649572061678 0.598733281348 -0.03) (0.650546126986 0.598952311164 -0.03) (0.651524589714 0.599150775205 -0.03) (0.652507015699 0.599328585408 -0.03) (0.653492969021 0.599485662876 -0.03) (0.654482012195 0.599621937911 -0.03) (0.655473706364 0.599737350046 -0.03) (0.656467611494 0.599831848069 -0.03) (0.657463286573 0.59990539005 -0.03) (0.6584602898 0.599957943358 -0.03) (0.659458178787 0.599989484673 -0.03))
    polyLine 62 66 ((0.605782501338 0.578266475667 0) (0.606687552905 0.578718755626 0) (0.607592604472 0.579171035586 0) (0.608497656038 0.579623315546 0) (0.609402707605 0.580075595505 0) (0.610307759172 0.580527875465 0) (0.611212810739 0.580980155424 0) (0.612117862305 0.581432435384 0) (0.613022913872 0.581884715344 0) (0.613927965439 0.582336995303 0) (0.614833017006 0.582789275263 0) (0.615738068572 0.583241555222 0) (0.616643120139 0.583693835182 0) (0.617548171706 0.584146115141 0) (0.618453223273 0.584598395101 0) (0.619358274839 0.585050675061 0) (0.620263326406 0.58550295502 0) (0.621168377973 0.58595523498 0) (0.62207342954 0.586407514939 0) (0.622978481106 0.586859794899 0) (0.623883532673 0.587312074858 0) (0.62478858424 0.587764354818 0) (0.625693635807 0.588216634778 0) (0.626598687373 0.588668914737 0) (0.62750373894 0.589121194697 0) (0.628408790507 0.589573474656 0) (0.629313842074 0.590025754616 0) (0.63021889364 0.590478034575 0) (0.631123945207 0.590930314535 0) (0.632028996774 0.591382594495 0) (0.632934048341 0.591834874454 0) (0.633839099907 0.592287154414 0) (0.634744151474 0.592739434373 0) (0.635649203041 0.593191714333 0) (0.636554254608 0.593643994292 0) (0.637459306174 0.594096274252 0) (0.638364357741 0.594548554212 0) (0.639269409308 0.595000834171 0) (0.640167142119 0.595437701525 0) (0.641073877696 0.5958555626 0) (0.641989213703 0.596254231985 0) (0.64291274399 0.596633532782 0) (0.643844058769 0.596993296688 0) (0.644782744797 0.59733336407 0) (0.645728385564 0.597653584033 0) (0.646680561471 0.597953814491 0) (0.647638850019 0.598233922224 0) (0.648602826 0.598493782945 0) (0.649572061678 0.598733281348 0) (0.650546126986 0.598952311164 0) (0.651524589714 0.599150775205 0) (0.652507015699 0.599328585408 0) (0.653492969021 0.599485662876 0) (0.654482012195 0.599621937911 0) (0.655473706364 0.599737350046 0) (0.656467611494 0.599831848069 0) (0.657463286573 0.59990539005 0) (0.6584602898 0.599957943358 0) (0.659458178787 0.599989484673 0))
    polyLine 61 65 ((0.553451503533 1.17589134802 -0.03) (0.557767282636 1.18003510916 -0.03) (0.562111072452 1.18419951979 -0.03) (0.56648321385 1.18838485127 -0.03) (0.570884053104 1.19259137896 -0.03) (0.575313942004 1.1968193822 -0.03) (0.579773237959 1.20106914452 -0.03) (0.584262304112 1.20534095362 -0.03) (0.588781509448 1.2096351015 -0.03) (0.593331228913 1.21395188455 -0.03) (0.597911843532 1.21829160361 -0.03) (0.602523740528 1.2226545641 -0.03) (0.607167313452 1.22704107606 -0.03) (0.611842962302 1.2314514543 -0.03) (0.616551093662 1.23588601846 -0.03) (0.621292120828 1.24034509311 -0.03) (0.626066463952 1.24482900787 -0.03) (0.630874550176 1.24933809752 -0.03) (0.63571681378 1.25387270206 -0.03) (0.640593696328 1.25843316688 -0.03) (0.645505646819 1.26301984283 -0.03) (0.650453121843 1.26763308634 -0.03) (0.655436585737 1.27227325956 -0.03))
    polyLine 63 67 ((0.553451503533 1.17589134802 0) (0.557767282636 1.18003510916 0) (0.562111072452 1.18419951979 0) (0.56648321385 1.18838485127 0) (0.570884053104 1.19259137896 0) (0.575313942004 1.1968193822 0) (0.579773237959 1.20106914452 0) (0.584262304112 1.20534095362 0) (0.588781509448 1.2096351015 0) (0.593331228913 1.21395188455 0) (0.597911843532 1.21829160361 0) (0.602523740528 1.2226545641 0) (0.607167313452 1.22704107606 0) (0.611842962302 1.2314514543 0) (0.616551093662 1.23588601846 0) (0.621292120828 1.24034509311 0) (0.626066463952 1.24482900787 0) (0.630874550176 1.24933809752 0) (0.63571681378 1.25387270206 0) (0.640593696328 1.25843316688 0) (0.645505646819 1.26301984283 0) (0.650453121843 1.26763308634 0) (0.655436585737 1.27227325956 0))
);

boundary
(
    body_fore
    {
        type wall;
        faces
        (
            (0 2 6 4)
            (4 6 10 8)
            (8 10 14 12)
            (12 14 18 16)
            (16 18 22 20)
            (20 22 26 24)
            (24 26 30 28)
            (28 30 34 32)
            (32 34 38 36)
            (36 38 42 40)
            (40 42 46 44)
            (44 46 50 48)
            (48 50 54 52)
            (52 54 58 56)
            (56 58 62 60)
            (60 62 66 64)
        );
    }
    freestream
    {
        type patch;
        faces
        (
            (1 5 7 3)
            (5 9 11 7)
            (9 13 15 11)
            (13 17 19 15)
            (17 21 23 19)
            (21 25 27 23)
            (25 29 31 27)
            (29 33 35 31)
            (33 37 39 35)
            (37 41 43 39)
            (41 45 47 43)
            (45 49 51 47)
            (49 53 55 51)
            (53 57 59 55)
            (57 61 63 59)
            (61 65 67 63)
        );
    }
    outlet
    {
        type patch;
        faces
        (
            (64 66 67 65)
        );
    }
    axis
    {
        type patch;
        faces
        (
            (0 1 3 2)
        );
    }
    front
    {
        type patch;
        faces
        (
            (2 6 7 3)
            (6 10 11 7)
            (10 14 15 11)
            (14 18 19 15)
            (18 22 23 19)
            (22 26 27 23)
            (26 30 31 27)
            (30 34 35 31)
            (34 38 39 35)
            (38 42 43 39)
            (42 46 47 43)
            (46 50 51 47)
            (50 54 55 51)
            (54 58 59 55)
            (58 62 63 59)
            (62 66 67 63)
        );
    }
    back
    {
        type patch;
        faces
        (
            (0 1 5 4)
            (4 5 9 8)
            (8 9 13 12)
            (12 13 17 16)
            (16 17 21 20)
            (20 21 25 24)
            (24 25 29 28)
            (28 29 33 32)
            (32 33 37 36)
            (36 37 41 40)
            (40 41 45 44)
            (44 45 49 48)
            (48 49 53 52)
            (52 53 57 56)
            (56 57 61 60)
            (60 61 65 64)
        );
    }
);
